OpCode	ImagePtPair	FilenameLeft	FrameLeft	FilenameRight	FrameRight	Time	Period	PeriodTime	Length	Precision	RMS	Range	Direction	HorzDir	VertDir	MidX	MidY	MidZ	Family	Genus	Species	Code	Number	Stage	Activity	Comment	Attribute9	Attribute10
131	0	TasFracture_20150430_282_283_282_131.avi	3977	TasFracture_20150430_282_283_283_131.avi	3848	2.65133	NA	-1	69.04404	0.41224	0.68913	771.79356	3.43473	0.74094	11.11957	41.68645	-20.00761	-770.40718	Unknown	Unknown	spp	NA	1	NA	NA	Diode	NA	NA
142	0	TasFracture_20150430_282_283_282_142.avi	5264	TasFracture_20150430_282_283_283_142.avi	4608	3.50933	NA	-1	70.39929	0.38757	1.07373	736.64473	3.19921	1.65089	53.22595	11.83802	-39.36925	-735.49669	Unknown	Unknown	spp	NA	1	NA	NA	Diode	NA	NA
142	1	TasFracture_20150430_282_283_282_142.avi	34019	TasFracture_20150430_282_283_283_142.avi	33363	22.67933	Bottom time	19.018	285.69995	5.6495	4.94275	2782.10248	19.14096	29.95576	1.32919	-766.79711	-494.15653	-2628.29332	Moridae	Pseudophycis	barbata	37224003	1	AD	Attracted	NA	NA	NA
142	2	TasFracture_20150430_282_283_282_142.avi	56231	TasFracture_20150430_282_283_283_142.avi	55575	37.48733	Bottom time	33.826	480.44795	1.24144	3.77513	1148.23912	15.6018	36.14986	8.92591	-202.97112	-232.74859	-1105.93123	Moridae	Pseudophycis	bachus	37224006	1	AD	Feeding	NA	NA	NA
145	0	TasFracture_20150430_282_283_282_145.avi	4245	TasFracture_20150430_282_283_283_145.avi	4795	2.83	NA	-1	68.40096	0.39641	1.44545	742.40565	3.00468	6.15892	38.50644	8.74048	-37.92076	-741.38503	Unknown	Unknown	spp	NA	1	NA	NA	Diode	NA	NA
145	1	TasFracture_20150430_282_283_282_145.avi	45316	TasFracture_20150430_282_283_283_145.avi	45866	30.21067	Bottom time	27.08533	302.19002	1.62192	4.67817	1640.40879	4.85013	18.7755	5.32504	-130.93905	45.73374	-1634.53492	Moridae	Pseudophycis	bachus	37224006	1	AD	Attracted	NA	NA	NA
145	2	TasFracture_20150430_282_283_282_145.avi	45316	TasFracture_20150430_282_283_283_145.avi	45866	30.21067	Bottom time	27.08533	310.007	5.03909	2.25803	3412.11219	5.29028	15.30155	9.27595	-179.2965	258.51021	-3397.57779	Moridae	Pseudophycis	bachus	37224006	1	AD	Attracted	NA	NA	NA
145	3	TasFracture_20150430_282_283_282_145.avi	45326	TasFracture_20150430_282_283_283_145.avi	45876	30.21733	Bottom time	27.092	327.42976	1.39793	3.52355	1367.76995	16.39868	25.69636	2.19802	-336.51535	-189.3874	-1312.12975	Moridae	Pseudophycis	barbata	37224003	1	AD	Feeding	NA	NA	NA
145	4	TasFracture_20150430_282_283_282_145.avi	69985	TasFracture_20150430_282_283_283_145.avi	70535	46.65667	Bottom time	43.53133	160.06104	6.4069	8.54485	2232.32945	3.68225	55.40304	2.64833	115.48021	-84.96138	-2227.72096	Sebastidae	Helicolenus	percoides	37287001	1	AD	Attracted	NA	NA	NA
145	5	TasFracture_20150430_282_283_282_145.avi	69985	TasFracture_20150430_282_283_283_145.avi	70535	46.65667	Bottom time	43.53133	235.79162	8.25037	12.87223	2643.35351	21.71302	83.27546	10.42734	-975.93545	62.41676	-2455.80373	Sebastidae	Helicolenus	percoides	37287001	1	AD	Attracted	NA	NA	NA
74	0	TasFracture_20150430_282_283_282_74.avi	4110	TasFracture_20150430_282_283_283_74.avi	4242	2.74	NA	-1	46.71388	0.38623	2.06042	734.91467	4.59556	0.68787	1.05582	14.31504	-57.11602	-732.55199	Unknown	Unknown	spp	NA	1	NA	NA	Diode	NA	NA
74	1	TasFracture_20150430_282_283_282_74.avi	25431	TasFracture_20150430_282_283_283_74.avi	25563	16.954	Bottom time	13.66933	293.61818	4.60551	13.30819	1783.25445	13.85436	75.71803	4.71625	128.2868	-407.28248	-1731.37515	Sebastidae	Helicolenus	percoides	37287001	1	AD	Attracted	NA	NA	NA
74	2	TasFracture_20150430_282_283_282_74.avi	72207	TasFracture_20150430_282_283_283_74.avi	72339	48.138	Bottom time	44.85333	144.7101	1.734	2.94733	1754.08015	17.28886	17.02941	8.247	401.84934	-332.06062	-1674.82836	Moridae	Pseudophycis	bachus	37224006	1	J	Attracted	NA	NA	NA
83	0	TasFracture_20150430_282_283_282_83.avi	5676	TasFracture_20150430_282_283_283_83.avi	5765	3.784	Bottom time	0.01933	47.28529	0.38574	0.81899	732.72357	4.48307	2.04579	5.14842	11.69235	-56.06682	-730.48178	Unknown	Unknown	spp	NA	1	NA	NA	Diode	NA	NA
83	1	TasFracture_20150430_282_283_282_83.avi	23256	TasFracture_20150430_282_283_283_83.avi	23345	15.504	Bottom time	11.73933	177.11551	0.98259	0.81736	1644.46597	12.17796	1.79949	0.60561	-212.71182	-274.02926	-1607.46072	Sebastidae	Helicolenus	percoides	37287001	1	AD	Attracted	NA	NA	NA
83	2	TasFracture_20150430_282_283_282_83.avi	23296	TasFracture_20150430_282_283_283_83.avi	23385	15.53067	Bottom time	11.766	200.61109	2.06434	0.75826	1577.40715	14.73648	32.46843	12.32448	-263.68278	-302.44629	-1525.5199	Sebastidae	Helicolenus	percoides	37287001	1	AD	Attracted	NA	NA	NA
83	3	TasFracture_20150430_282_283_282_83.avi	23296	TasFracture_20150430_282_283_283_83.avi	23385	15.53067	Bottom time	11.766	188.37374	2.03223	0.86131	1505.57291	18.35089	38.00832	12.72183	355.70098	-313.30551	-1429.00884	Sebastidae	Helicolenus	percoides	37287001	1	AD	Attracted	NA	NA	NA
83	4	TasFracture_20150430_282_283_282_83.avi	23368	TasFracture_20150430_282_283_283_83.avi	23457	15.57867	Bottom time	11.814	275.87077	1.73784	1.40306	1818.43503	19.66261	11.29085	0.70748	-573.55895	-213.10391	-1712.40264	Sebastidae	Helicolenus	percoides	37287001	1	AD	Attracted	NA	NA	NA
83	5	TasFracture_20150430_282_283_282_83.avi	23698	TasFracture_20150430_282_283_283_83.avi	23787	15.79867	Bottom time	12.034	223.07501	2.96354	3.03955	1924.13376	18.61769	32.13218	8.34551	562.40644	-247.06866	-1823.44367	Sebastidae	Helicolenus	percoides	37287001	1	AD	Attracted	NA	NA	NA
94	0	TasFracture_20150430_282_283_282_94.avi	5297	TasFracture_20150430_282_283_283_94.avi	6206	3.53133	NA	-1	68.8076	0.38383	0.12362	730.03542	3.14676	1.57452	52.71452	11.16646	-38.4872	-728.93467	Unknown	Unknown	spp	NA	1	NA	NA	Diode	NA	NA
94	1	TasFracture_20150430_282_283_282_94.avi	8255	TasFracture_20150430_282_283_283_94.avi	9164	5.50333	Bottom time	1.38467	153.89196	0.90899	1.85463	1331.38565	15.03487	10.9508	6.02349	-225.43087	-261.65181	-1285.80986	Moridae	Pseudophycis	bachus	37224006	1	J	Attracted	NA	NA	NA
94	2	TasFracture_20150430_282_283_282_94.avi	45334	TasFracture_20150430_282_283_283_94.avi	46243	30.22267	Bottom time	26.104	143.53995	6.61843	0.47478	2725.72529	16.69726	37.91408	9.87358	-693.8334	363.18743	-2610.79844	Cheilodactylidae	Nemadactylus	macropterus	37377003	1	AD	Passing	NA	NA	NA
94	3	TasFracture_20150430_282_283_282_94.avi	45334	TasFracture_20150430_282_283_283_94.avi	46243	30.22267	Bottom time	26.104	97.40677	7.54425	3.00286	3121.15422	12.62734	30.01908	0.32083	-553.73564	398.65611	-3045.66147	Cheilodactylidae	Nemadactylus	macropterus	37377003	1	AD	Passing	NA	NA	NA
94	4	TasFracture_20150430_282_283_282_94.avi	45364	TasFracture_20150430_282_283_283_94.avi	46273	30.24267	Bottom time	26.124	103.23833	3.98107	3.75398	3376.73465	17.23564	0.22415	29.55217	-913.58853	407.95052	-3225.09989	Cheilodactylidae	Nemadactylus	macropterus	37377003	1	AD	Passing	NA	NA	NA
94	5	TasFracture_20150430_282_283_282_94.avi	45379	TasFracture_20150430_282_283_283_94.avi	46288	30.25267	Bottom time	26.134	117.8135	8.037	4.5011	3140.66478	7.66063	32.21547	12.37946	417.06144	36.6282	-3112.63448	Cheilodactylidae	Nemadactylus	macropterus	37377003	1	AD	Passing	NA	NA	NA
94	6	TasFracture_20150430_282_283_282_94.avi	69440	TasFracture_20150430_282_283_283_94.avi	70349	46.29333	Bottom time	42.17467	178.87637	9.97864	9.13687	3035.56254	23.04967	78.04395	17.99214	1178.42179	-154.52941	-2793.22084	Sebastidae	Helicolenus	percoides	37287001	1	AD	Attracted	NA	NA	NA
94	7	TasFracture_20150430_282_283_282_94.avi	69810	TasFracture_20150430_282_283_283_94.avi	70719	46.54	Bottom time	42.42133	265.42929	3.65093	0.71255	1693.95976	18.33504	73.32323	18.1796	442.70394	-296.59401	-1607.96296	Sebastidae	Helicolenus	percoides	37287001	1	AD	Attracted	NA	NA	NA
94	8	TasFracture_20150430_282_283_282_94.avi	70160	TasFracture_20150430_282_283_283_94.avi	71069	46.77333	Bottom time	42.65467	178.02657	0.84084	2.44685	1515.72506	11.9523	1.53455	23.18158	41.5095	-311.14597	-1482.86467	Sebastidae	Helicolenus	percoides	37287001	1	AD	Attracted	NA	NA	NA
95	0	TasFracture_20150430_282_283_282_95.avi	6700	TasFracture_20150430_282_283_283_95.avi	5884	4.46667	NA	-1	48.28713	0.40046	0.37134	747.89348	4.81299	5.19905	1.39461	18.91316	-59.83307	-745.2563	Unknown	Unknown	spp	NA	1	NA	NA	Diode	NA	NA
95	1	TasFracture_20150430_282_283_282_95.avi	84583	TasFracture_20150430_282_283_283_95.avi	83767	56.38867	Bottom time	51.34533	591.54483	3.70903	12.00829	1464.70379	1.3249	83.5254	8.77182	-4.2766	33.59538	-1464.31222	Moridae	Pseudophycis	sp	NA	1	AD	Passing	NA	NA	NA
95	2	TasFracture_20150430_282_283_282_95.avi	84605	TasFracture_20150430_282_283_283_95.avi	83789	56.40333	Bottom time	51.36	481.99678	3.5237	8.28546	1442.57902	4.21315	88.11474	4.99126	97.91983	-40.54507	-1438.68066	Moridae	Pseudophycis	sp	NA	1	AD	Passing	NA	NA	NA
130	0	TasFracture_20150430_284_285_284_130.avi	11176	TasFracture_20150430_284_285_285_130.avi	10400	7.45067	NA	-1	68.89326	0.37532	5.43944	715.02532	9.73621	2.09545	41.46407	-1.23875	-120.91327	-704.72666	Unknown	Unknown	spp	NA	1	NA	NA	Diode	NA	NA
130	1	TasFracture_20150430_284_285_284_130.avi	48941	TasFracture_20150430_284_285_285_130.avi	48165	32.62733	Bottom time	24.43	383.69454	1.70675	7.81133	1299.03487	18.93157	45.36034	0.20424	365.12531	-210.49863	-1228.76581	Moridae	Pseudophycis	bachus	37224006	1	AD	Feeding	NA	NA	NA
130	2	TasFracture_20150430_284_285_284_130.avi	49411	TasFracture_20150430_284_285_285_130.avi	48635	32.94067	Bottom time	24.74333	243.93748	1.67977	6.97152	1350.77661	18.03661	42.48405	21.01893	335.79221	-249.32527	-1284.3979	Moridae	Pseudophycis	bachus	37224006	1	AD	Feeding	NA	NA	NA
130	3	TasFracture_20150430_284_285_284_130.avi	84743	TasFracture_20150430_284_285_285_130.avi	83967	56.49533	Bottom time	48.298	99.27972	16.54132	6.32953	4550.90606	10.31954	32.87351	9.71048	-772.88433	-259.35408	-4477.29061	Cheilodactylidae	Nemadactylus	macropterus	37377003	1	AD	Passing	NA	NA	NA
144	0	TasFracture_20150430_284_285_284_144.avi	5892	TasFracture_20150430_284_285_285_144.avi	6528	3.928	NA	-1	69.72481	0.386	4.4974	741.94204	11.21494	5.4656	11.94863	-11.24057	-143.86192	-727.77427	Unknown	Unknown	spp	NA	1	NA	NA	Diode	NA	NA
144	1	TasFracture_20150430_284_285_284_144.avi	11218	TasFracture_20150430_284_285_285_144.avi	11854	7.47867	Bottom time	3.03533	43.91843	6.13862	9.34479	2744.90396	12.01965	37.6781	26.20764	98.36023	-563.09201	-2684.72539	Sebastidae	Helicolenus	percoides	37287001	1	J	Passing	NA	NA	NA
144	2	TasFracture_20150430_284_285_284_144.avi	18574	TasFracture_20150430_284_285_285_144.avi	19210	12.38267	Bottom time	7.93933	135.98787	3.69969	4.83318	2585.96445	24.16328	19.43873	11.34267	-954.84738	-456.90442	-2359.38911	Moridae	Pseudophycis	bachus	37224006	1	J	Attracted	NA	NA	NA
144	3	TasFracture_20150430_284_285_284_144.avi	34582	TasFracture_20150430_284_285_285_144.avi	35218	23.05467	Bottom time	18.61133	308.51317	1.95587	2.15417	2121.61943	21.10346	3.55226	1.85403	-643.25174	-412.02394	-1979.32627	Scyliorhinidae	Cephaloscyllium	laticeps	37015001	1	F	Passing	NA	NA	NA
144	4	TasFracture_20150430_284_285_284_144.avi	65609	TasFracture_20150430_284_285_285_144.avi	66245	43.73933	Bottom time	39.296	107.40075	1.46562	6.76177	2463.04236	13.5525	0.84707	8.51599	-221.74073	-532.88659	-2394.46039	Cheilodactylidae	Nemadactylus	macropterus	37377003	1	AD	Passing	NA	NA	NA
146	0	TasFracture_20150430_284_285_284_146.avi	5587	TasFracture_20150430_284_285_285_146.avi	6100	3.72467	NA	-1	69.63537	0.38177	5.04664	739.405	10.67515	3.01974	14.17687	-1.95768	-136.95365	-726.6083	Unknown	Unknown	spp	NA	1	NA	NA	Diode	NA	NA
75	0	TasFracture_20150430_284_285_284_75.avi	5786	TasFracture_20150430_284_285_285_75.avi	5661	3.85733	Bottom time	0.01133	67.91322	0.38892	6.14609	742.37582	10.6329	6.15384	12.22197	-1.01026	-136.97626	-729.62891	Unknown	Unknown	spp	NA	1	NA	NA	Diode	NA	NA
75	1	TasFracture_20150430_284_285_284_75.avi	84683	TasFracture_20150430_284_285_285_75.avi	84558	56.45533	Bottom time	52.60933	147.66245	3.97867	13.94243	2078.07964	22.35707	75.52742	36.76483	782.32939	-113.04569	-1921.87314	Sebastidae	Helicolenus	percoides	37287001	1	AD	Attracted	NA	NA	NA
89	0	TasFracture_20150430_284_285_284_89.avi	6533	TasFracture_20150430_284_285_285_89.avi	7705	4.35533	NA	-1	68.44634	0.39521	5.02759	739.15134	10.59795	8.96407	11.70758	-5.18681	-135.84285	-726.54285	Unknown	Unknown	spp	NA	1	NA	NA	Diode	NA	NA
89	1	TasFracture_20150430_284_285_284_89.avi	33100	TasFracture_20150430_284_285_285_89.avi	34272	22.06667	Bottom time	17.268	160.13683	1.69526	12.80378	1803.20908	20.18642	9.54405	0.15925	609.55711	-125.00929	-1692.44668	Moridae	Pseudophycis	bachus	37224006	1	AD	Passing	NA	NA	NA
89	2	TasFracture_20150430_284_285_284_89.avi	52263	TasFracture_20150430_284_285_285_89.avi	53435	34.842	Bottom time	30.04333	132.89083	1.76166	8.814	1472.60191	18.80454	32.98806	8.59764	451.70843	-145.87697	-1393.99992	Cheilodactylidae	Nemadactylus	macropterus	37377003	1	AD	Passing	NA	NA	NA
96	0	TasFracture_20150430_284_285_284_96.avi	5332	TasFracture_20150430_284_285_285_96.avi	5907	3.55467	Bottom time	0.01667	69.62465	0.38659	3.85257	742.03585	10.88806	5.36188	11.00919	-12.98765	-139.56072	-728.67779	Unknown	Unknown	spp	NA	1	NA	NA	Diode	NA	NA
96	1	TasFracture_20150430_284_285_284_96.avi	7147	TasFracture_20150430_284_285_285_96.avi	7722	4.76467	Bottom time	1.22667	142.94267	2.57912	4.02514	2141.42731	15.80155	17.61483	5.68056	-523.75024	-256.35803	-2060.50411	Moridae	Pseudophycis	bachus	37224006	1	J	Passing	NA	NA	NA
96	2	TasFracture_20150430_284_285_284_96.avi	15518	TasFracture_20150430_284_285_285_96.avi	16093	10.34533	Bottom time	6.80733	121.58948	5.42478	14.25811	2245.95068	21.35606	60.73976	6.92176	746.97465	-333.12925	-2091.73331	Sebastidae	Helicolenus	percoides	37287001	1	AD	Attracted	NA	NA	NA
96	3	TasFracture_20150430_284_285_284_96.avi	15518	TasFracture_20150430_284_285_285_96.avi	16093	10.34533	Bottom time	6.80733	250.31844	3.32644	11.53025	2387.99773	6.9038	21.44958	4.85246	68.14111	-278.83867	-2370.68323	Sebastidae	Helicolenus	percoides	37287001	1	AD	Attracted	NA	NA	NA
96	4	TasFracture_20150430_284_285_284_96.avi	15548	TasFracture_20150430_284_285_285_96.avi	16123	10.36533	Bottom time	6.82733	196.62105	4.609	6.35946	2196.57795	17.15202	41.87751	2.55305	-600.4983	-242.96368	-2098.88664	Sebastidae	Helicolenus	percoides	37287001	1	AD	Attracted	NA	NA	NA
96	5	TasFracture_20150430_284_285_284_96.avi	15618	TasFracture_20150430_284_285_285_96.avi	16193	10.412	Bottom time	6.874	282.17214	1.1848	11.66645	2057.93174	5.86208	3.56442	6.41853	4.88912	-210.12817	-2047.17007	Sebastidae	Helicolenus	percoides	37287001	1	AD	Attracted	NA	NA	NA
96	6	TasFracture_20150430_284_285_284_96.avi	16518	TasFracture_20150430_284_285_285_96.avi	17093	11.012	Bottom time	7.474	245.80074	3.82598	1.99423	1984.89667	23.43313	55.25182	12.359	-750.06101	-245.93277	-1821.19202	Sebastidae	Helicolenus	percoides	37287001	1	AD	Attracted	NA	NA	NA
96	7	TasFracture_20150430_284_285_284_96.avi	19276	TasFracture_20150430_284_285_285_96.avi	19851	12.85067	Bottom time	9.31267	143.01506	3.37393	2.19051	2782.14493	21.5612	0.08572	20.26916	-1010.65495	-154.68285	-2587.46598	Sebastidae	Helicolenus	percoides	37287001	1	AD	Attracted	NA	NA	NA
96	8	TasFracture_20150430_284_285_284_96.avi	23695	TasFracture_20150430_284_285_285_96.avi	24270	15.79667	Bottom time	12.25867	255.12796	23.41956	8.18055	5504.40985	16.07306	33.33727	12.70968	-1450.81912	466.47429	-5289.2394	Cheilodactylidae	Nemadactylus	macropterus	37377003	1	AD	Passing	NA	NA	NA
96	9	TasFracture_20150430_284_285_284_96.avi	23765	TasFracture_20150430_284_285_285_96.avi	24340	15.84333	Bottom time	12.30533	128.50309	15.08039	5.00091	5850.699	13.7426	13.81375	15.4994	-1358.43076	294.06484	-5683.20953	Cheilodactylidae	Nemadactylus	macropterus	37377003	1	AD	Passing	NA	NA	NA
96	10	TasFracture_20150430_284_285_284_96.avi	35305	TasFracture_20150430_284_285_285_96.avi	35880	23.53667	Bottom time	19.99867	390.63539	0.99937	25.66041	1436.65594	13.54506	11.19023	3.94821	-87.50421	-324.90201	-1396.69681	Moridae	Pseudophycis	bachus	37224006	1	AD	Attracted	NA	NA	NA
129	0	TasFracture_20150430_286_287_286_129.avi	5300	TasFracture_20150430_286_287_287_129.avi	4328	3.53333	Bottom time	0.03667	46.1432	0.35922	2.34659	697.19234	8.22471	1.62508	0.00242	8.02783	-99.4138	-690.02146	Unknown	Unknown	spp	NA	1	NA	NA	Diode	NA	NA
137	0	TasFracture_20150430_286_287_286_137.avi	11601	TasFracture_20150430_286_287_287_137.avi	10750	7.734	NA	-1	47.58417	0.36207	2.367	701.69011	8.16224	2.23777	0.95456	-8.31178	-99.27618	-694.58201	Unknown	Unknown	spp	NA	1	NA	NA	Diode	NA	NA
137	1	TasFracture_20150430_286_287_286_137.avi	52688	TasFracture_20150430_286_287_287_137.avi	51837	35.12533	Bottom time	27.28267	256.02589	6.63404	8.06631	2460.36771	23.34277	80.53251	0.89357	912.05445	-344.29001	-2258.98879	Moridae	Pseudophycis	bachus	37224006	1	AD	Passing	NA	NA	NA
143	0	TasFracture_20150430_286_287_286_143.avi	6895	TasFracture_20150430_286_287_287_143.avi	5318	4.59667	NA	-1	46.33929	0.36227	1.83921	698.14171	8.14968	4.14588	0.42112	3.76411	-98.89669	-691.09125	Unknown	Unknown	spp	NA	1	NA	NA	diode	NA	NA
143	1	TasFracture_20150430_286_287_286_143.avi	43978	TasFracture_20150430_286_287_287_143.avi	42401	29.31867	Bottom time	24.69667	193.8568	6.44693	8.96524	2278.41107	20.9579	87.68942	6.68981	-661.1886	-476.41044	-2127.67943	Sebastidae	Helicolenus	percoides	37287001	1	AD	Passing	NA	NA	NA
143	2	TasFracture_20150430_286_287_286_143.avi	58739	TasFracture_20150430_286_287_287_143.avi	57162	39.15933	Bottom time	34.53733	465.65066	15.53862	8.03752	3566.10962	17.97619	72.05569	1.16051	1089.53756	-155.50431	-3392.0295	Scyliorhinidae	Cephaloscyllium	laticeps	37015001	1	AD	Passing	NA	NA	NA
81	0	TasFracture_20150430_286_287_286_81.avi	5895	TasFracture_20150430_286_287_287_81.avi	5224	3.93	Bottom time	0	69.76482	0.36004	4.10688	690.11953	6.66313	1.53646	38.94112	-7.13037	-79.75763	-685.45812	Unknown	Unknown	spp	NA	1	NA	NA	Diode	NA	NA
81	1	TasFracture_20150430_286_287_286_81.avi	31787	TasFracture_20150430_286_287_287_81.avi	31116	21.19133	Bottom time	17.26133	342.35058	0.6664	23.72041	1058.63072	6.79204	14.23444	36.23897	35.43981	-120.07934	-1051.2012	Moridae	Pseudophycis	bachus	37224006	1	AD	Feeding	NA	NA	NA
85	0	TasFracture_20150430_286_287_286_85.avi	7830	TasFracture_20150430_286_287_287_85.avi	7778	5.22	NA	-1	46.72977	0.35892	4.53713	697.80136	8.17338	0.48521	5.15569	-3.09692	-99.15736	-690.71337	Unknown	Unknown	spp	NA	1	NA	NA	Diode	NA	NA
85	1	TasFracture_20150430_286_287_286_85.avi	92341	TasFracture_20150430_286_287_287_85.avi	92289	61.56067	Bottom time	56.184	315.92998	1.99155	5.14232	1387.58136	6.45307	78.61054	49.52869	-96.31856	-122.64956	-1378.79	Moridae	Pseudophycis	bachus	37224006	1	AD	Feeding	NA	NA	NA
98	0	TasFracture_20150430_286_287_286_98.avi	5701	TasFracture_20150430_286_287_287_98.avi	5682	3.80067	NA	-1	46.19081	0.35501	1.3684	690.81336	8.11198	0.32839	0.82274	7.69872	-97.17501	-683.90119	Unknown	Unknown	spp	NA	1	NA	NA	Diode	NA	NA
98	1	TasFracture_20150430_286_287_286_98.avi	12664	TasFracture_20150430_286_287_287_98.avi	12645	8.44267	Bottom time	4.614	166.35184	1.14798	2.20478	1403.74756	16.24035	19.40483	24.52783	213.35601	-329.54526	-1347.73378	Sebastidae	Helicolenus	percoides	37287001	1	AD	Attracted	NA	NA	NA
98	2	TasFracture_20150430_286_287_286_98.avi	12844	TasFracture_20150430_286_287_287_98.avi	12825	8.56267	Bottom time	4.734	193.19505	1.03453	3.09484	1621.25751	14.79973	7.04279	10.18013	203.64982	-360.604	-1567.47166	Sebastidae	Helicolenus	percoides	37287001	1	AD	Attracted	NA	NA	NA
98	3	TasFracture_20150430_286_287_286_98.avi	13394	TasFracture_20150430_286_287_287_98.avi	13375	8.92933	Bottom time	5.10067	220.29355	2.84752	2.61551	1676.84408	15.65966	44.64201	8.42641	236.48956	-385.92212	-1614.60301	Sebastidae	Helicolenus	percoides	37287001	1	AD	Attracted	NA	NA	NA
98	4	TasFracture_20150430_286_287_286_98.avi	63329	TasFracture_20150430_286_287_287_98.avi	63310	42.21933	Bottom time	38.39067	111.93887	3.2707	3.28165	2259.73297	9.35943	23.31253	7.28126	354.02116	-98.59517	-2229.65045	Moridae	Pseudophycis	bachus	37224006	1	J	Attracted	NA	NA	NA
98	5	TasFracture_20150430_286_287_286_98.avi	77866	TasFracture_20150430_286_287_287_98.avi	77847	51.91067	Bottom time	48.082	383.72332	2.06312	8.77148	1621.14734	20.06265	42.48714	32.7379	541.76011	-125.607	-1522.77298	Moridae	Pseudophycis	barbata	37224003	1	AD	Attracted	NA	NA	NA
93	0	TasFracture_20150430_286_287_287_93.avi	4748	TasFracture_20150430_286_287_286_93.avi	5323	3.16533	NA	-1	68.687	0.36094	1.43382	687.60216	6.61418	2.72762	53.38193	-2.7525	-79.15227	-683.02567	Unknown	Unknown	spp	NA	1	NA	NA	Diode	NA	NA
93	1	TasFracture_20150430_286_287_287_93.avi	11719	TasFracture_20150430_286_287_286_93.avi	12294	7.81267	Bottom time	4.632	278.75611	2.02801	1.65251	1999.17743	20.15005	12.7841	6.27661	-685.18859	-69.22181	-1876.81521	Sebastidae	Helicolenus	percoides	37287001	1	AD	Attracted	NA	NA	NA
93	2	TasFracture_20150430_286_287_287_93.avi	14436	TasFracture_20150430_286_287_286_93.avi	15011	9.624	Bottom time	6.44333	234.12109	7.81948	1.76761	2518.75915	5.51763	57.55811	14.00552	-109.27856	-216.1278	-2507.08887	Sebastidae	Helicolenus	percoides	37287001	1	AD	Attracted	NA	NA	NA
138	0	TasFracture_20150430_404_405_404_138.avi	3711	TasFracture_20150430_404_405_405_138.avi	4209	2.474	NA	-1	46.98938	0.36912	0.15763	735.36992	3.9626	2.34574	6.01796	9.1824	-49.98147	-733.61192	Unknown	Unknown	spp	NA	1	NA	NA	Diode	NA	NA
138	1	TasFracture_20150430_404_405_404_138.avi	43466	TasFracture_20150430_404_405_405_138.avi	43964	28.97733	Bottom time	26.44933	77.79989	2.29392	1.627	1586.47632	11.34918	36.69387	0.54212	-310.53291	-32.21268	-1555.45453	Moridae	Pseudophycis	bachus	37224006	1	J	Attracted	NA	NA	NA
149	0	TasFracture_20150430_404_405_404_149.avi	5771	TasFracture_20150430_404_405_405_149.avi	5024	3.84733	NA	-1	46.65878	0.37176	1.25316	742.7614	4.27248	0.93963	2.14363	10.69752	-54.29166	-740.69729	Unknown	Unknown	spp	NA	1	NA	NA	diode	NA	NA
149	1	TasFracture_20150430_404_405_404_149.avi	13909	TasFracture_20150430_404_405_405_149.avi	13162	9.27267	Bottom time	5.286	133.061	2.21535	1.26712	1474.2092	4.33924	41.71179	8.43846	76.29184	-81.36925	-1469.98346	Moridae	Pseudophycis	bachus	37224006	1	J	Feeding	NA	NA	NA
149	2	TasFracture_20150430_404_405_404_149.avi	26264	TasFracture_20150430_404_405_405_149.avi	25517	17.50933	Bottom time	13.52267	127.93821	3.0241	4.37816	2695.36044	8.68183	15.6306	14.20058	50.08802	403.76269	-2664.47646	Sebastidae	Helicolenus	percoides	37287001	1	AD	Attracted	NA	NA	NA
149	3	TasFracture_20150430_404_405_404_149.avi	26264	TasFracture_20150430_404_405_405_149.avi	25517	17.50933	Bottom time	13.52267	306.53615	5.68793	10.7666	2351.56932	25.59465	85.61065	19.09721	-892.98004	484.35745	-2120.81653	Sebastidae	Helicolenus	percoides	37287001	1	AD	Attracted	NA	NA	NA
149	4	TasFracture_20150430_404_405_404_149.avi	75641	TasFracture_20150430_404_405_405_149.avi	74894	50.42733	Bottom time	46.44067	410.18717	3.16948	7.02819	1664.55289	8.95118	84.29485	41.06733	-201.01531	163.30928	-1644.28077	Scyliorhinidae	Cephaloscyllium	laticeps	37015001	1	F	Attracted	NA	NA	NA
149	5	TasFracture_20150430_404_405_404_149.avi	75641	TasFracture_20150430_404_405_405_149.avi	74894	50.42733	Bottom time	46.44067	343.90188	3.62329	1.20286	1634.50277	12.21855	84.54333	21.35985	325.96147	115.82496	-1597.47708	Scyliorhinidae	Cephaloscyllium	laticeps	37015001	1	F	Attracted	NA	NA	NA
80	0	TasFracture_20150430_404_405_404_80.avi	5124	TasFracture_20150430_404_405_405_80.avi	4417	3.416	NA	-1	48.32179	0.37131	0.93044	742.29881	4.40562	0.65946	2.84174	9.85211	-56.16347	-740.10548	Unknown	Unknown	spp	NA	1	NA	NA	Diode	NA	NA
80	1	TasFracture_20150430_404_405_404_80.avi	9528	TasFracture_20150430_404_405_405_80.avi	8821	6.352	Bottom time	0.83333	141.18407	15.16599	2.70995	5913.68025	13.42122	13.33345	2.88387	1367.95355	-113.01199	-5752.17745	Moridae	Pseudophycis	bachus	37224006	1	AD	Passing	NA	NA	NA
80	2	TasFracture_20150430_404_405_404_80.avi	55228	TasFracture_20150430_404_405_405_80.avi	54521	36.81867	Bottom time	31.3	106.26457	17.16541	4.88934	7102.752	12.80817	7.06422	1.89265	1569.06141	-131.85514	-6926.01952	Cheilodactylidae	Nemadactylus	macropterus	37377003	1	AD	Passing	NA	NA	NA
80	3	TasFracture_20150430_404_405_404_80.avi	95305	TasFracture_20150430_404_405_405_80.avi	94598	63.53667	Bottom time	58.018	42.4837	16.82758	1.1201	3965.19399	7.32888	48.10585	2.17933	-495.48809	-101.70261	-3932.79945	Sebastidae	Helicolenus	percoides	37287001	1	AD	Passing	NA	NA	NA
80	4	TasFracture_20150430_404_405_404_80.avi	100601	TasFracture_20150430_404_405_405_80.avi	99894	67.06733	Bottom time	61.54867	232.37165	1.56265	5.69614	1350.94305	14.20076	34.17896	1.19408	-162.62139	-288.77201	-1309.66108	Sebastidae	Helicolenus	percoides	37287001	1	AD	Feeding	NA	NA	NA
80	5	TasFracture_20150430_404_405_404_80.avi	101271	TasFracture_20150430_404_405_405_80.avi	100564	67.514	Bottom time	61.99533	128.0658	2.08935	2.11404	1376.06464	16.03504	58.16748	22.48874	-280.43893	-256.57904	-1322.52603	Sebastidae	Helicolenus	percoides	37287001	1	AD	Passing	NA	NA	NA
101	0	TasFracture_20150430_404_405_405_101.avi	6684	TasFracture_20150430_404_405_404_101.avi	6652	4.456	NA	-1	48.94046	0.37509	1.17484	743.16357	4.54546	3.85021	1.81416	-12.31411	-57.59399	-740.82615	Unknown	Unknown	spp	NA	1	NA	NA	Diode	NA	NA
101	1	TasFracture_20150430_404_405_405_101.avi	24974	TasFracture_20150430_404_405_404_101.avi	24942	16.64933	Bottom time	11.934	230.17928	7.38601	14.28424	5187.16343	11.82595	1.54804	8.5071	-1002.84159	352.69284	-5077.06421	Sebastidae	Helicolenus	percoides	37287001	1	AD	Passing	NA	NA	NA
101	2	TasFracture_20150430_404_405_405_101.avi	88180	TasFracture_20150430_404_405_404_101.avi	88148	58.78667	Bottom time	54.07133	378.46049	1.12814	5.70207	1048.63704	8.50717	39.98183	15.91807	75.05188	-135.76442	-1037.09927	Moridae	Pseudophycis	bachus	37224006	1	AD	Feeding	NA	NA	NA
101	3	TasFracture_20150430_404_405_405_101.avi	88180	TasFracture_20150430_404_405_404_101.avi	88148	58.78667	Bottom time	54.07133	263.55549	1.47345	6.60734	1458.19465	5.56321	25.06436	14.67006	-92.48602	-106.91031	-1451.32634	Moridae	Pseudophycis	bachus	37224006	1	AD	Feeding	NA	NA	NA
101	4	TasFracture_20150430_404_405_405_101.avi	88180	TasFracture_20150430_404_405_404_101.avi	88148	58.78667	Bottom time	54.07133	273.75217	1.69095	2.70152	1931.40539	0.92466	14.96592	13.4274	29.99996	8.45453	-1931.15387	Moridae	Pseudophycis	bachus	37224006	1	AD	Attracted	NA	NA	NA
101	5	TasFracture_20150430_404_405_405_101.avi	88180	TasFracture_20150430_404_405_404_101.avi	88148	58.78667	Bottom time	54.07133	284.0598	1.67878	2.16228	1133.87558	5.04532	55.59002	1.12347	97.60889	-20.39712	-1129.48231	Moridae	Pseudophycis	bachus	37224006	1	AD	Attracted	NA	NA	NA
101	6	TasFracture_20150430_404_405_405_101.avi	97523	TasFracture_20150430_404_405_404_101.avi	97491	65.01533	Bottom time	60.3	127.77266	4.7086	1.90006	2937.95815	6.19682	20.61741	6.90119	-314.32274	42.14571	-2920.79151	Cheilodactylidae	Nemadactylus	macropterus	37377003	1	AD	Passing	NA	NA	NA
136	0	TasFracture_20150430_404_405_405_136.avi	7983	TasFracture_20150430_404_405_404_136.avi	6892	5.322	NA	-1	48.09832	0.37059	1.74284	738.1356	4.13088	2.33524	3.27121	-11.99783	-51.8003	-736.218	Unknown	Unknown	spp	NA	1	NA	NA	Diode	NA	NA
136	1	TasFracture_20150430_404_405_405_136.avi	58932	TasFracture_20150430_404_405_404_136.avi	57841	39.288	Bottom time	33.874	136.35681	2.42335	2.46093	2329.99898	14.7182	10.5402	0.5817	-577.32832	130.85327	-2253.54491	Sebastidae	Helicolenus	percoides	37287001	1	AD	Attracted	NA	NA	NA
136	2	TasFracture_20150430_404_405_405_136.avi	58932	TasFracture_20150430_404_405_404_136.avi	57841	39.288	Bottom time	33.874	133.62727	13.49541	7.87555	4171.63055	8.56998	34.67422	18.93317	254.82877	567.01378	-4125.05262	Sebastidae	Helicolenus	percoides	37287001	1	AD	Attracted	NA	NA	NA
136	3	TasFracture_20150430_404_405_405_136.avi	97961	TasFracture_20150430_404_405_404_136.avi	96870	65.30733	Bottom time	59.89333	345.07223	5.7138	14.77279	2077.36601	14.07066	89.30719	19.59519	505.0445	-1.11875	-2015.03805	Moridae	Pseudophycis	bachus	37224006	1	AD	Attracted	NA	NA	NA
148	0	TasFracture_20150430_404_405_405_148.avi	5237	TasFracture_20150430_404_405_404_148.avi	5694	3.49133	Bottom time	0.15267	49.55274	0.37075	3.35385	735.48286	4.49454	3.67859	2.40507	-12.72283	-56.21368	-733.2211	Unknown	Unknown	spp	NA	1	NA	NA	diode	NA	NA
148	1	TasFracture_20150430_404_405_405_148.avi	38948	TasFracture_20150430_404_405_404_148.avi	39405	25.96533	Bottom time	22.62667	206.48776	7.86665	7.23643	2651.07339	21.83902	72.58716	9.93046	964.46963	-205.88239	-2460.81305	Sebastidae	Helicolenus	percoides	37287001	1	AD	Passing	NA	NA	NA
148	2	TasFracture_20150430_404_405_405_148.avi	108870	TasFracture_20150430_404_405_404_148.avi	109327	72.58	Bottom time	69.24133	409.35594	7.08603	3.62741	2787.97522	20.03344	46.13175	14.73583	953.67821	-51.5921	-2619.28272	Scyliorhinidae	Cephaloscyllium	laticeps	37015001	1	AD	Attracted	NA	NA	NA
99	0	TasFracture_20150430_404_405_405_99.avi	7131	TasFracture_20150430_404_405_404_99.avi	6434	4.754	NA	-1	47.25663	0.37033	1.70552	734.13559	4.45792	3.93932	1.8646	-8.82626	-56.37534	-731.9146	Unknown	Unknown	spp	NA	1	NA	NA	Diode	NA	NA
132	0	TasFracture_20150430_4046_407_406_132.avi	5040	TasFracture_20150430_4046_407_407_132.avi	5842	3.36	NA	-1	46.52167	0.3534	6.39318	710.03625	5.7358	0.59103	0.41075	-15.28342	-69.29666	-706.48133	Unknown	Unknown	spp	NA	1	NA	NA	Diode	NA	NA
132	1	TasFracture_20150430_4046_407_406_132.avi	27747	TasFracture_20150430_4046_407_407_132.avi	28549	18.498	Bottom time	15.134	78.01036	0.92198	0.75495	1812.45188	8.64146	3.45468	1.10006	-36.35111	269.88521	-1791.87677	Sebastidae	Helicolenus	percoides	37287001	1	AD	Passing	NA	NA	NA
135	0	TasFracture_20150430_4046_407_406_135.avi	14999	TasFracture_20150430_4046_407_407_135.avi	12932	9.99933	Bottom time	3.54333	117.33401	1.62732	1.53296	1348.0726	17.51941	40.11086	10.40319	257.03933	-314.02482	-1285.54228	Moridae	Pseudophycis	bachus	37224006	1	J	Feeding	NA	NA	NA
135	1	TasFracture_20150430_4046_407_406_135.avi	14999	TasFracture_20150430_4046_407_407_135.avi	12932	9.99933	Bottom time	3.54333	156.98505	4.48127	0.6477	2223.0729	20.38839	49.88077	20.30846	767.2263	105.74151	-2083.80317	Moridae	Pseudophycis	bachus	37224006	1	J	Attracted	NA	NA	NA
135	2	TasFracture_20150430_4046_407_406_135.avi	55428	TasFracture_20150430_4046_407_407_135.avi	53361	36.952	Bottom time	30.496	689.97923	7.24947	7.95421	3740.75256	12.96813	19.24012	14.39871	782.41602	304.16423	-3645.34484	Scyliorhinidae	Cephaloscyllium	laticeps	37015001	1	M	Passing	NA	NA	NA
135	3	TasFracture_20150430_4046_407_406_135.avi	91395	TasFracture_20150430_4046_407_407_135.avi	89328	60.93	Bottom time	54.474	106.66337	4.46795	6.11612	3448.9662	5.52851	13.06729	5.33506	-332.03522	-12.67164	-3432.92294	Sebastidae	Helicolenus	percoides	37287001	1	AD	Attracted	NA	NA	NA
147	0	TasFracture_20150430_4046_407_406_147.avi	4505	TasFracture_20150430_4046_407_407_147.avi	4951	3.00333	NA	-1	45.33385	0.35677	5.33822	716.08302	6.13708	2.19089	3.69506	-11.87783	-75.62758	-711.97913	Unknown	Unknown	spp	NA	1	NA	NA	diode	NA	NA
147	1	TasFracture_20150430_4046_407_406_147.avi	5715	TasFracture_20150430_4046_407_407_147.avi	6161	3.81	Bottom time	0.60933	135.20908	3.48279	2.93042	1616.78481	10.8536	69.42491	9.99127	184.23663	-242.36572	-1587.86298	Moridae	Pseudophycis	bachus	37224006	1	J	Passing	NA	NA	NA
147	2	TasFracture_20150430_4046_407_406_147.avi	79400	TasFracture_20150430_4046_407_407_147.avi	79846	52.93333	Bottom time	49.73267	105.4273	4.45716	17.93181	2287.41991	9.07556	37.881	22.16364	-341.6783	-115.9321	-2258.78408	Sebastidae	Helicolenus	percoides	37287001	1	AD	Attracted	NA	NA	NA
147	3	TasFracture_20150430_4046_407_406_147.avi	79400	TasFracture_20150430_4046_407_407_147.avi	79846	52.93333	Bottom time	49.73267	60.75347	2.36431	2.95416	1716.888	2.71497	32.51249	17.82983	81.31918	-0.92554	-1714.96086	Sebastidae	Helicolenus	percoides	37287001	1	AD	Attracted	NA	NA	NA
147	4	TasFracture_20150430_4046_407_406_147.avi	79410	TasFracture_20150430_4046_407_407_147.avi	79856	52.94	Bottom time	49.73933	157.94143	1.98076	2.4554	1396.23327	14.51868	46.65591	14.93817	177.84697	-301.48169	-1351.64589	Sebastidae	Helicolenus	percoides	37287001	1	AD	Attracted	NA	NA	NA
147	5	TasFracture_20150430_4046_407_406_147.avi	79410	TasFracture_20150430_4046_407_407_147.avi	79856	52.94	Bottom time	49.73933	175.68101	0.89466	1.19947	1491.66757	12.1097	8.81583	11.10136	-102.83428	-295.54898	-1458.47456	Sebastidae	Helicolenus	percoides	37287001	1	AD	Attracted	NA	NA	NA
147	6	TasFracture_20150430_4046_407_406_147.avi	79660	TasFracture_20150430_4046_407_407_147.avi	80106	53.10667	Bottom time	49.906	265.90591	6.39868	8.60981	2104.8377	8.92824	86.90714	6.15321	272.09467	-180.76125	-2079.33441	Sebastidae	Helicolenus	percoides	37287001	1	AD	Attracted	NA	NA	NA
147	7	TasFracture_20150430_4046_407_406_147.avi	79660	TasFracture_20150430_4046_407_407_147.avi	80106	53.10667	Bottom time	49.906	161.71801	3.3386	33.09352	1999.23076	12.5332	34.8101	14.30612	-401.52367	-164.3143	-1951.58991	Sebastidae	Helicolenus	percoides	37287001	1	AD	Attracted	NA	NA	NA
77	0	TasFracture_20150430_4046_407_406_77.avi	6434	TasFracture_20150430_4046_407_407_77.avi	5877	4.28933	NA	-1	49.48926	0.35958	0.42742	722.24753	5.82191	0.83077	0.87178	-10.02875	-72.57278	-718.52217	Unknown	Unknown	spp	NA	1	NA	NA	Diode	NA	NA
77	1	TasFracture_20150430_4046_407_406_77.avi	7241	TasFracture_20150430_4046_407_407_77.avi	6684	4.82733	Bottom time	0.27333	140.50515	2.47128	1.26663	2282.58297	21.81571	5.38035	12.76583	-838.84233	-126.04385	-2119.11338	Moridae	Pseudophycis	bachus	37224006	1	J	Attracted	NA	NA	NA
77	2	TasFracture_20150430_4046_407_406_77.avi	35323	TasFracture_20150430_4046_407_407_77.avi	34766	23.54867	Bottom time	18.99467	212.57009	3.5474	0.36639	1655.60234	15.04879	72.86677	17.5982	-290.40454	316.9345	-1598.82358	Cheilodactylidae	Nemadactylus	macropterus	37377003	1	AD	Passing	NA	NA	NA
77	3	TasFracture_20150430_4046_407_406_77.avi	35323	TasFracture_20150430_4046_407_407_77.avi	34766	23.54867	Bottom time	18.99467	156.7569	4.2978	3.47022	1888.52634	11.11346	57.408	9.65098	74.37456	356.33937	-1853.11155	Cheilodactylidae	Nemadactylus	macropterus	37377003	1	AD	Passing	NA	NA	NA
77	4	TasFracture_20150430_4046_407_406_77.avi	35443	TasFracture_20150430_4046_407_407_77.avi	34886	23.62867	Bottom time	19.07467	158.95482	2.25233	2.99016	1977.53794	16.34092	21.31426	4.21153	-316.25058	457.76569	-1897.65446	Cheilodactylidae	Nemadactylus	macropterus	37377003	1	AD	Passing	NA	NA	NA
77	5	TasFracture_20150430_4046_407_406_77.avi	35443	TasFracture_20150430_4046_407_407_77.avi	34886	23.62867	Bottom time	19.07467	124.16633	3.76779	4.93213	1996.99684	13.30947	42.2086	12.56729	-18.63133	459.35207	-1943.35918	Cheilodactylidae	Nemadactylus	macropterus	37377003	1	AD	Passing	NA	NA	NA
77	6	TasFracture_20150430_4046_407_406_77.avi	35443	TasFracture_20150430_4046_407_407_77.avi	34886	23.62867	Bottom time	19.07467	119.9045	1.70989	6.47484	2106.96761	18.64451	7.81205	5.11751	456.87115	494.96441	-1996.39462	Cheilodactylidae	Nemadactylus	macropterus	37377003	1	AD	Passing	NA	NA	NA
77	7	TasFracture_20150430_4046_407_406_77.avi	38006	TasFracture_20150430_4046_407_407_77.avi	37449	25.33733	Bottom time	20.78333	413.57446	3.32016	1.96281	2151.76338	21.65831	30.89822	16.10652	-727.38428	318.73294	-1999.85176	Moridae	Pseudophycis	bachus	37224006	1	AD	Attracted	NA	NA	NA
91	0	TasFracture_20150430_4046_407_406_91.avi	6005	TasFracture_20150430_4046_407_407_91.avi	5085	4.00333	Bottom time	0.12533	50.80925	0.36587	1.6642	733.06256	6.04691	2.13744	0.37039	-9.81611	-76.59641	-728.98378	Unknown	Unknown	spp	NA	1	NA	NA	Diode	NA	NA
91	1	TasFracture_20150430_4046_407_406_91.avi	17364	TasFracture_20150430_4046_407_407_91.avi	16444	11.576	Bottom time	7.698	147.33735	6.05269	7.11151	3882.59822	20.79488	10.05451	17.12594	1124.92932	-796.59143	-3629.67561	Moridae	Pseudophycis	bachus	37224006	1	J	Passing	NA	NA	NA
91	2	TasFracture_20150430_4046_407_406_91.avi	24348	TasFracture_20150430_4046_407_407_91.avi	23428	16.232	Bottom time	12.354	107.23074	3.05572	0.96714	2721.70599	13.02438	15.4649	8.12354	190.36612	-583.0903	-2651.68813	Cheilodactylidae	Nemadactylus	macropterus	37377003	1	J	Attracted	NA	NA	NA
91	3	TasFracture_20150430_4046_407_406_91.avi	26455	TasFracture_20150430_4046_407_407_91.avi	25535	17.63667	Bottom time	13.75867	218.48052	2.64557	2.02681	2943.21321	14.20134	9.90596	3.02422	259.35358	-673.87263	-2853.2675	Sebastidae	Helicolenus	percoides	37287001	1	AD	Attracted	NA	NA	NA
92	0	TasFracture_20150430_4046_407_406_92.avi	7094	TasFracture_20150430_4046_407_407_92.avi	7105	4.72933	NA	-1	68.9071	0.36673	0.14048	727.2571	4.43915	5.34278	38.62684	-9.11511	-55.54704	-725.07539	Unknown	Unknown	spp	NA	1	NA	NA	Didoe	NA	NA
92	1	TasFracture_20150430_4046_407_406_92.avi	11984	TasFracture_20150430_4046_407_407_92.avi	11995	7.98933	Bottom time	2.66867	123.56154	4.33895	5.65489	3859.10919	7.52889	10.07526	6.91063	269.37647	-427.91605	-3825.8395	Moridae	Pseudophycis	bachus	37224006	1	J	Attracted	NA	NA	NA
92	2	TasFracture_20150430_4046_407_406_92.avi	12014	TasFracture_20150430_4046_407_407_92.avi	12025	8.00933	Bottom time	2.68867	134.88422	4.20106	0.38199	1869.11078	13.43414	59.40591	8.29026	78.15466	-427.15503	-1817.96742	Moridae	Pseudophycis	bachus	37224006	1	J	Attracted	NA	NA	NA
92	3	TasFracture_20150430_4046_407_406_92.avi	12034	TasFracture_20150430_4046_407_407_92.avi	12045	8.02267	Bottom time	2.702	84.93969	7.68786	1.717	3999.68645	8.35346	18.94093	3.61004	-247.90224	-525.53677	-3957.25249	Moridae	Pseudophycis	bachus	37224006	1	J	Attracted	NA	NA	NA
92	4	TasFracture_20150430_4046_407_406_92.avi	12742	TasFracture_20150430_4046_407_407_92.avi	12753	8.49467	Bottom time	3.174	135.42485	7.68518	1.38993	3894.20091	9.00294	20.78737	15.2233	-225.45489	-566.14426	-3846.22562	Sebastidae	Helicolenus	percoides	37287001	1	AD	Attracted	NA	NA	NA
92	5	TasFracture_20150430_4046_407_406_92.avi	12932	TasFracture_20150430_4046_407_407_92.avi	12943	8.62133	Bottom time	3.30067	152.79869	5.09158	1.97211	2335.83026	11.94189	40.42845	3.45331	-251.96332	-412.45748	-2285.27817	Sebastidae	Helicolenus	percoides	37287001	1	AD	Attracted	NA	NA	NA
92	6	TasFracture_20150430_4046_407_406_92.avi	13122	TasFracture_20150430_4046_407_407_92.avi	13133	8.748	Bottom time	3.42733	239.88275	6.61385	4.04141	2404.45875	23.98448	87.97521	6.66591	-904.566	-370.19521	-2196.84723	Sebastidae	Helicolenus	percoides	37287001	1	AD	Attracted	NA	NA	NA
92	7	TasFracture_20150430_4046_407_406_92.avi	14072	TasFracture_20150430_4046_407_407_92.avi	14083	9.38133	Bottom time	4.06067	264.85646	5.28136	7.59701	2405.56749	12.88782	40.32787	6.43429	64.11084	-532.70084	-2344.96792	Sebastidae	Helicolenus	percoides	37287001	1	AD	Attracted	NA	NA	NA
92	8	TasFracture_20150430_4046_407_406_92.avi	22456	TasFracture_20150430_4046_407_407_92.avi	22467	14.97067	Bottom time	9.65	92.52834	11.70919	2.29307	4122.13855	11.48985	30.53133	22.04206	-683.99524	-454.27554	-4039.53097	Cheilodactylidae	Nemadactylus	macropterus	37377003	1	J	Passing	NA	NA	NA
92	9	TasFracture_20150430_4046_407_406_92.avi	22546	TasFracture_20150430_4046_407_407_92.avi	22557	15.03067	Bottom time	9.71	121.33296	5.75864	0.66271	4008.11247	11.71149	10.81257	13.06007	-690.16584	-430.7966	-3924.67208	Cheilodactylidae	Nemadactylus	macropterus	37377003	1	J	Passing	NA	NA	NA
180	0	TasFracture_20150501_282_283_282_180.avi	9138	TasFracture_20150501_282_283_283_180.avi	8726	6.092	NA	-1	48.00654	0.38712	1.12347	733.64478	4.65174	2.81258	5.41147	13.78013	-57.88005	-731.22819	Unknown	Unknown	spp	NA	1	NA	NA	Diode	NA	NA
182	0	TasFracture_20150501_282_283_282_182.avi	4164	TasFracture_20150501_282_283_283_182.avi	4422	2.776	Bottom time	0.03733	49.39359	0.38871	0.86749	736.6591	3.32286	0.71425	0.27882	14.11439	-40.29823	-735.4206	Unknown	Unknown	spp	NA	1	NA	NA	Diode	NA	NA
182	1	TasFracture_20150501_282_283_282_182.avi	19643	TasFracture_20150501_282_283_283_182.avi	19901	13.09533	Bottom time	10.35667	323.91566	0.95602	5.17034	1127.89698	11.09747	24.99063	22.24216	-35.6517	214.1486	-1106.80663	Moridae	Pseudophycis	bachus	37224006	1	AD	Feeding	NA	NA	NA
69	0	TasFracture_20150501_282_283_282_69.avi	5473	TasFracture_20150501_282_283_283_69.avi	5692	3.64867	NA	-1	48.51467	0.3878	1.55588	735.48658	4.58854	2.10528	0.41113	16.94971	-56.34437	-733.12927	Unknown	Unknown	spp	NA	1	NA	NA	Diode	NA	NA
69	1	TasFracture_20150501_282_283_282_69.avi	21296	TasFracture_20150501_282_283_283_69.avi	21515	14.19733	Bottom time	9.91467	150.22115	3.60885	0.85965	2579.50667	13.40445	18.58348	6.08833	-443.31287	-401.33034	-2509.23541	Moridae	Pseudophycis	bachus	37224006	1	J	Attracted	NA	NA	NA
69	2	TasFracture_20150501_282_283_282_69.avi	67426	TasFracture_20150501_282_283_283_69.avi	67645	44.95067	Bottom time	40.668	141.594	12.66738	3.67425	3746.44489	12.51433	37.10185	7.60183	811.67489	-13.89618	-3657.43627	Cheilodactylidae	Nemadactylus	macropterus	37377003	1	AD	Passing	NA	NA	NA
87	0	TasFracture_20150501_282_283_282_87.avi	5881	TasFracture_20150501_282_283_283_87.avi	5991	3.92067	NA	-1	48.26348	0.389	1.19233	737.87409	4.13842	0.63828	1.70117	19.22565	-49.65785	-735.95016	Unknown	Unknown	spp	NA	1	NA	NA	Diode	NA	NA
87	1	TasFracture_20150501_282_283_282_87.avi	14040	TasFracture_20150501_282_283_283_87.avi	14150	9.36	Bottom time	1.81867	165.98653	2.78138	2.37632	2399.59977	19.45211	7.5245	5.05874	-797.59818	49.16631	-2262.63096	Moridae	Pseudophycis	bachus	37224006	1	AD	Attracted	NA	NA	NA
87	2	TasFracture_20150501_282_283_282_87.avi	14250	TasFracture_20150501_282_283_283_87.avi	14360	9.5	Bottom time	1.95867	209.24942	1.0443	2.80937	1159.95906	7.82184	25.93252	18.8134	29.71158	-155.04136	-1149.16684	Sebastidae	Helicolenus	percoides	37287001	1	AD	Attracted	NA	NA	NA
87	3	TasFracture_20150501_282_283_282_87.avi	14250	TasFracture_20150501_282_283_283_87.avi	14360	9.5	Bottom time	1.95867	116.87197	1.66653	3.90665	1567.62591	19.75633	29.2879	33.36224	528.04499	-44.18142	-1475.35334	Sebastidae	Helicolenus	percoides	37287001	1	AD	Attracted	NA	NA	NA
87	4	TasFracture_20150501_282_283_282_87.avi	14270	TasFracture_20150501_282_283_283_87.avi	14380	9.51333	Bottom time	1.972	182.31252	1.61293	0.97503	1322.76239	19.27445	37.97609	3.34263	407.57274	-156.6356	-1248.61928	Sebastidae	Helicolenus	percoides	37287001	1	AD	Chase conspecific	NA	NA	NA
87	5	TasFracture_20150501_282_283_282_87.avi	46666	TasFracture_20150501_282_283_283_87.avi	46776	31.11067	Bottom time	23.56933	168.72609	0.79581	0.69146	1220.80119	8.66943	11.95199	13.80662	73.2666	-168.80082	-1206.85286	Moridae	Pseudophycis	bachus	37224006	1	AD	Feeding	NA	NA	NA
87	6	TasFracture_20150501_282_283_282_87.avi	46696	TasFracture_20150501_282_283_283_87.avi	46806	31.13067	Bottom time	23.58933	160.15626	6.80353	2.15461	2546.28895	8.90926	42.72876	1.95609	-390.39897	55.63985	-2515.56758	Moridae	Pseudophycis	bachus	37224006	1	AD	Passing	NA	NA	NA
87	7	TasFracture_20150501_282_283_282_87.avi	46736	TasFracture_20150501_282_283_283_87.avi	46846	31.15733	Bottom time	23.616	167.57486	1.03545	3.62617	1326.80732	5.63832	15.85369	6.66635	-130.1408	-7.50255	-1320.3881	Moridae	Pseudophycis	bachus	37224006	1	AD	Passing	NA	NA	NA
87	8	TasFracture_20150501_282_283_282_87.avi	54742	TasFracture_20150501_282_283_283_87.avi	54852	36.49467	Bottom time	28.95333	114.54251	6.51493	4.10966	5163.45871	4.89505	8.50615	6.59017	-99.77549	429.1566	-5144.62586	Cheilodactylidae	Nemadactylus	macropterus	37377003	1	AD	Passing	NA	NA	NA
87	9	TasFracture_20150501_282_283_282_87.avi	54742	TasFracture_20150501_282_283_283_87.avi	54852	36.49467	Bottom time	28.95333	137.69283	6.61679	1.26151	5015.23656	4.98452	9.2069	1.03698	78.67112	428.59653	-4996.26997	Cheilodactylidae	Nemadactylus	macropterus	37377003	1	AD	Passing	NA	NA	NA
87	10	TasFracture_20150501_282_283_282_87.avi	54742	TasFracture_20150501_282_283_283_87.avi	54852	36.49467	Bottom time	28.95333	129.75235	8.66587	2.43219	4444.88993	5.90172	16.35528	5.98561	58.63366	453.25725	-4421.33085	Cheilodactylidae	Nemadactylus	macropterus	37377003	1	AD	Passing	NA	NA	NA
87	11	TasFracture_20150501_282_283_282_87.avi	54742	TasFracture_20150501_282_283_283_87.avi	54852	36.49467	Bottom time	28.95333	104.96595	8.83681	1.54817	4563.78455	6.47018	15.65431	2.91988	179.55858	481.91042	-4534.71615	Cheilodactylidae	Nemadactylus	macropterus	37377003	1	AD	Passing	NA	NA	NA
87	12	TasFracture_20150501_282_283_282_87.avi	54742	TasFracture_20150501_282_283_283_87.avi	54852	36.49467	Bottom time	28.95333	129.83572	19.18162	2.43795	4647.79536	5.71883	35.60811	2.44094	280.38823	368.61802	-4624.66268	Cheilodactylidae	Nemadactylus	macropterus	37377003	1	AD	Passing	NA	NA	NA
87	13	TasFracture_20150501_282_283_282_87.avi	54743	TasFracture_20150501_282_283_283_87.avi	54853	36.49533	Bottom time	28.954	119.63059	3.40814	3.43022	5219.89281	6.51318	0.3898	4.10393	283.01565	520.08284	-5186.20256	Cheilodactylidae	Nemadactylus	macropterus	37377003	1	AD	Passing	NA	NA	NA
87	14	TasFracture_20150501_282_283_282_87.avi	54743	TasFracture_20150501_282_283_283_87.avi	54853	36.49533	Bottom time	28.954	131.69002	17.53568	4.35566	4167.63128	8.72743	42.01013	3.59292	425.10971	468.16201	-4119.37575	Cheilodactylidae	Nemadactylus	macropterus	37377003	1	AD	Passing	NA	NA	NA
87	15	TasFracture_20150501_282_283_282_87.avi	54743	TasFracture_20150501_282_283_283_87.avi	54853	36.49533	Bottom time	28.954	138.85075	8.29345	2.94297	4558.26764	9.86794	12.90848	5.5371	652.18429	430.00932	-4490.82972	Cheilodactylidae	Nemadactylus	macropterus	37377003	1	AD	Passing	NA	NA	NA
87	16	TasFracture_20150501_282_283_282_87.avi	54743	TasFracture_20150501_282_283_283_87.avi	54853	36.49533	Bottom time	28.954	122.92733	6.63611	3.84695	4287.77401	11.56957	9.93879	5.77244	720.75811	469.05686	-4200.65463	Cheilodactylidae	Nemadactylus	macropterus	37377003	1	AD	Passing	NA	NA	NA
87	17	TasFracture_20150501_282_283_282_87.avi	54743	TasFracture_20150501_282_283_283_87.avi	54853	36.49533	Bottom time	28.954	143.98314	5.23037	3.73205	4427.02325	12.31516	0.75397	0.3078	759.8258	560.57528	-4325.15375	Cheilodactylidae	Nemadactylus	macropterus	37377003	1	AD	Passing	NA	NA	NA
87	18	TasFracture_20150501_282_283_282_87.avi	54743	TasFracture_20150501_282_283_283_87.avi	54853	36.49533	Bottom time	28.954	127.02863	7.84797	6.73481	4616.27028	14.61592	6.88806	1.27404	1054.77967	494.30931	-4466.88364	Cheilodactylidae	Nemadactylus	macropterus	37377003	1	AD	Passing	NA	NA	NA
87	19	TasFracture_20150501_282_283_282_87.avi	54743	TasFracture_20150501_282_283_283_87.avi	54853	36.49533	Bottom time	28.954	109.19241	18.89758	2.35556	4228.47071	15.52428	48.78258	9.13561	1014.46087	501.6937	-4074.20386	Cheilodactylidae	Nemadactylus	macropterus	37377003	1	AD	Passing	NA	NA	NA
87	20	TasFracture_20150501_282_283_282_87.avi	54743	TasFracture_20150501_282_283_283_87.avi	54853	36.49533	Bottom time	28.954	119.05443	18.45078	7.03211	4659.32787	20.38125	39.30596	3.84623	1518.16771	572.94359	-4367.63536	Cheilodactylidae	Nemadactylus	macropterus	37377003	1	AD	Passing	NA	NA	NA
87	21	TasFracture_20150501_282_283_282_87.avi	54743	TasFracture_20150501_282_283_283_87.avi	54853	36.49533	Bottom time	28.954	101.95635	8.06744	7.11632	4429.25199	18.37112	6.38503	9.88477	1302.44459	502.36615	-4203.51514	Cheilodactylidae	Nemadactylus	macropterus	37377003	1	AD	Passing	NA	NA	NA
87	22	TasFracture_20150501_282_283_282_87.avi	54743	TasFracture_20150501_282_283_283_87.avi	54853	36.49533	Bottom time	28.954	101.58252	13.65923	6.74394	4951.63195	17.28915	18.96547	7.24326	1374.59754	525.4282	-4727.9029	Cheilodactylidae	Nemadactylus	macropterus	37377003	1	AD	Passing	NA	NA	NA
87	23	TasFracture_20150501_282_283_282_87.avi	54743	TasFracture_20150501_282_283_283_87.avi	54853	36.49533	Bottom time	28.954	104.27262	19.15602	4.16878	5380.97743	16.79256	25.15065	3.16787	1473.68965	495.00886	-5151.51658	Cheilodactylidae	Nemadactylus	macropterus	37377003	1	AD	Passing	NA	NA	NA
87	24	TasFracture_20150501_282_283_282_87.avi	54743	TasFracture_20150501_282_283_283_87.avi	54853	36.49533	Bottom time	28.954	130.93713	32.18419	4.15874	5563.42756	17.94403	50.6434	3.8012	1623.17668	550.61448	-5292.81092	Cheilodactylidae	Nemadactylus	macropterus	37377003	1	AD	Passing	NA	NA	NA
87	25	TasFracture_20150501_282_283_282_87.avi	54743	TasFracture_20150501_282_283_283_87.avi	54853	36.49533	Bottom time	28.954	167.8016	15.8158	4.93924	3662.00309	19.75473	66.45823	2.61133	1222.87491	191.23059	-3446.48726	Cheilodactylidae	Nemadactylus	macropterus	37377003	1	AD	Passing	NA	NA	NA
87	26	TasFracture_20150501_282_283_282_87.avi	54743	TasFracture_20150501_282_283_283_87.avi	54853	36.49533	Bottom time	28.954	109.43531	12.81	8.23402	3990.21357	20.45187	35.98323	7.09305	1358.02692	315.79903	-3738.69472	Cheilodactylidae	Nemadactylus	macropterus	37377003	1	AD	Passing	NA	NA	NA
87	27	TasFracture_20150501_282_283_282_87.avi	54743	TasFracture_20150501_282_283_283_87.avi	54853	36.49533	Bottom time	28.954	148.7607	5.3932	39.46816	2220.14461	24.75007	80.94447	3.36229	926.00485	80.3893	-2016.20799	Cheilodactylidae	Nemadactylus	macropterus	37377003	1	AD	Passing	NA	NA	NA
87	28	TasFracture_20150501_282_283_282_87.avi	54743	TasFracture_20150501_282_283_283_87.avi	54853	36.49533	Bottom time	28.954	45.84501	2.11088	8.13712	1808.02478	18.66527	20.18192	1.70896	551.03713	176.57926	-1712.93066	Cheilodactylidae	Nemadactylus	macropterus	37377003	1	AD	Passing	NA	NA	NA
87	29	TasFracture_20150501_282_283_282_87.avi	54746	TasFracture_20150501_282_283_283_87.avi	54856	36.49733	Bottom time	28.956	39.49997	1.72351	0.77675	1858.24829	21.81399	2.8122	10.44522	674.71235	146.88169	-1725.1886	Cheilodactylidae	Nemadactylus	macropterus	37377003	1	AD	Passing	NA	NA	NA
90	0	TasFracture_20150501_282_283_282_90.avi	5865	TasFracture_20150501_282_283_283_90.avi	4949	3.91	NA	-1	46.87794	0.38784	2.09694	737.52337	4.62348	0.32097	2.47226	16.71205	-57.05253	-735.12342	Unknown	Unknown	spp	NA	1	NA	NA	Diode	NA	NA
90	1	TasFracture_20150501_282_283_282_90.avi	9330	TasFracture_20150501_282_283_283_90.avi	8414	6.22	Bottom time	2.24333	141.79782	1.86449	2.07304	1246.16541	18.4864	59.35092	4.54349	358.88349	-165.32753	-1181.86195	Sebastidae	Helicolenus	percoides	37287001	1	AD	Attracted	NA	NA	NA
90	2	TasFracture_20150501_282_283_282_90.avi	9330	TasFracture_20150501_282_283_283_90.avi	8414	6.22	Bottom time	2.24333	95.41911	0.99766	11.24833	1630.97798	6.79346	5.97433	26.0294	-190.53274	30.31576	-1619.52691	Sebastidae	Helicolenus	percoides	37287001	1	AD	Attracted	NA	NA	NA
90	3	TasFracture_20150501_282_283_282_90.avi	10123	TasFracture_20150501_282_283_283_90.avi	9207	6.74867	Bottom time	2.772	151.34457	0.65021	2.32824	1093.82585	14.22675	7.71896	42.19137	-174.7374	-204.27985	-1060.27901	Sebastidae	Helicolenus	percoides	37287001	1	AD	Attracted	NA	NA	NA
90	4	TasFracture_20150501_282_283_282_90.avi	10786	TasFracture_20150501_282_283_283_90.avi	9870	7.19067	Bottom time	3.214	279.27654	1.34474	104.076	993.9752	15.46976	69.89241	10.34666	-207.64316	-164.84664	-957.96483	Sebastidae	Helicolenus	percoides	37287001	1	AD	Attracted	NA	NA	NA
90	5	TasFracture_20150501_282_283_282_90.avi	14571	TasFracture_20150501_282_283_283_90.avi	13655	9.714	Bottom time	5.73733	139.54956	1.04308	0.47426	1211.89516	14.00352	20.88244	1.97431	-293.25545	0.63172	-1175.8787	Moridae	Pseudophycis	bachus	37224006	1	AD	Feeding	NA	NA	NA
90	6	TasFracture_20150501_282_283_282_90.avi	14611	TasFracture_20150501_282_283_283_90.avi	13695	9.74067	Bottom time	5.764	296.93008	1.90054	5.35929	1177.64825	7.15145	56.25509	1.9477	84.04266	-120.12844	-1168.48679	Moridae	Pseudophycis	bachus	37224006	1	AD	Feeding	NA	NA	NA
90	7	TasFracture_20150501_282_283_282_90.avi	14618	TasFracture_20150501_282_283_283_90.avi	13702	9.74533	Bottom time	5.76867	155.68447	0.68315	1.03424	987.32281	14.10416	17.43465	19.1051	216.09596	-105.7785	-957.55928	Moridae	Pseudophycis	barbata	37224003	1	AD	Feeding	NA	NA	NA
90	8	TasFracture_20150501_282_283_282_90.avi	64227	TasFracture_20150501_282_283_283_90.avi	63311	42.818	Bottom time	38.84133	114.80431	3.27951	3.49447	2591.85221	13.79832	18.66651	21.53823	-17.01104	617.93547	-2517.05468	Cheilodactylidae	Nemadactylus	macropterus	37377003	1	AD	Passing	NA	NA	NA
90	9	TasFracture_20150501_282_283_282_90.avi	64227	TasFracture_20150501_282_283_283_90.avi	63311	42.818	Bottom time	38.84133	115.33877	2.3077	1.25459	2612.06803	13.93959	8.90594	17.63844	320.75347	541.35473	-2535.14332	Cheilodactylidae	Nemadactylus	macropterus	37377003	1	AD	Passing	NA	NA	NA
90	10	TasFracture_20150501_282_283_282_90.avi	64227	TasFracture_20150501_282_283_283_90.avi	63311	42.818	Bottom time	38.84133	137.11404	2.11635	3.12854	2035.80174	10.85756	16.57577	5.1772	205.98728	323.45951	-1999.35788	Cheilodactylidae	Nemadactylus	macropterus	37377003	1	AD	Passing	NA	NA	NA
90	11	TasFracture_20150501_282_283_282_90.avi	64227	TasFracture_20150501_282_283_283_90.avi	63311	42.818	Bottom time	38.84133	133.67547	2.43162	1.75996	1642.69026	7.61717	33.60581	2.49157	57.78221	209.93741	-1628.19495	Cheilodactylidae	Nemadactylus	macropterus	37377003	1	AD	Passing	NA	NA	NA
90	12	TasFracture_20150501_282_283_282_90.avi	64227	TasFracture_20150501_282_283_283_90.avi	63311	42.818	Bottom time	38.84133	121.4814	3.15013	3.13599	1673.10123	10.52861	46.60456	8.49628	255.78565	167.4464	-1644.93256	Cheilodactylidae	Nemadactylus	macropterus	37377003	1	AD	Passing	NA	NA	NA
90	13	TasFracture_20150501_282_283_282_90.avi	64227	TasFracture_20150501_282_283_283_90.avi	63311	42.818	Bottom time	38.84133	118.70292	5.00435	4.08587	2004.34745	13.77386	56.73279	0.67675	398.60879	262.3852	-1946.70843	Cheilodactylidae	Nemadactylus	macropterus	37377003	1	AD	Passing	NA	NA	NA
90	14	TasFracture_20150501_282_283_282_90.avi	64227	TasFracture_20150501_282_283_283_90.avi	63311	42.818	Bottom time	38.84133	152.81663	3.38482	11.28285	1819.03656	11.98937	41.11952	5.06565	337.46623	170.00402	-1779.3564	Cheilodactylidae	Nemadactylus	macropterus	37377003	1	AD	Passing	NA	NA	NA
90	15	TasFracture_20150501_282_283_282_90.avi	64227	TasFracture_20150501_282_283_283_90.avi	63311	42.818	Bottom time	38.84133	133.70213	2.66105	9.09809	1648.48312	16.8598	44.88096	21.80686	462.23885	122.16912	-1577.62687	Cheilodactylidae	Nemadactylus	macropterus	37377003	1	AD	Passing	NA	NA	NA
90	16	TasFracture_20150501_282_283_282_90.avi	64227	TasFracture_20150501_282_283_283_90.avi	63311	42.818	Bottom time	38.84133	134.11788	1.58055	3.02523	1447.94959	21.16984	27.07314	0.86884	503.76202	140.18543	-1350.23327	Cheilodactylidae	Nemadactylus	macropterus	37377003	1	AD	Passing	NA	NA	NA
90	17	TasFracture_20150501_282_283_282_90.avi	64227	TasFracture_20150501_282_283_283_90.avi	63311	42.818	Bottom time	38.84133	120.75116	1.16102	3.12676	1551.93919	13.04788	7.28725	3.86269	348.23431	38.66097	-1511.87084	Cheilodactylidae	Nemadactylus	macropterus	37377003	1	AD	Passing	NA	NA	NA
90	18	TasFracture_20150501_282_283_282_90.avi	64232	TasFracture_20150501_282_283_283_90.avi	63316	42.82133	Bottom time	38.84467	111.70937	2.00268	2.47419	1566.26179	18.33046	30.41323	1.22139	492.00804	23.83058	-1486.7872	Cheilodactylidae	Nemadactylus	macropterus	37377003	1	AD	Passing	NA	NA	NA
179	0	TasFracture_20150501_284_285_284_179.avi	4006	TasFracture_20150501_284_285_285_179.avi	4757	2.67067	Bottom time	0	33.15065	0.37162	4.88551	743.59345	13.60106	1.26656	1.28581	-8.80304	-174.6418	-722.74059	Unknown	Unknown	spp	NA	1	NA	NA	diode bar	NA	NA
179	1	TasFracture_20150501_284_285_284_179.avi	28266	TasFracture_20150501_284_285_285_179.avi	29017	18.844	Bottom time	16.17333	499.07626	10.16529	0.80504	3285.92547	19.76603	45.02947	4.01143	-920.68374	-622.24027	-3092.32351	Scyliorhinidae	Cephaloscyllium	laticeps	37015001	1	F	Passing	NA	NA	NA
179	2	TasFracture_20150501_284_285_284_179.avi	38071	TasFracture_20150501_284_285_285_179.avi	38822	25.38067	Bottom time	22.71	370.22518	21.85348	24.56472	4617.00264	21.21728	56.96877	0.2753	1567.05027	-579.93723	-4304.0376	Moridae	Pseudophycis	bachus	37224006	1	AD	Attracted	NA	NA	NA
179	3	TasFracture_20150501_284_285_284_179.avi	38096	TasFracture_20150501_284_285_285_179.avi	38847	25.39733	Bottom time	22.72667	445.03101	26.2877	2.54378	4772.48326	19.0382	63.38755	2.06591	-1397.15071	-686.67674	-4511.43451	Moridae	Pseudophycis	bachus	37224006	1	AD	Attracted	NA	NA	NA
179	4	TasFracture_20150501_284_285_284_179.avi	38126	TasFracture_20150501_284_285_285_179.avi	38877	25.41733	Bottom time	22.74667	433.43655	4.92749	10.11332	2220.89697	11.80592	42.76579	12.89209	-302.80925	-338.78637	-2173.91668	Moridae	Pseudophycis	bachus	37224006	1	AD	Attracted	NA	NA	NA
179	5	TasFracture_20150501_284_285_284_179.avi	57747	TasFracture_20150501_284_285_285_179.avi	58498	38.498	Bottom time	35.82733	513.49418	5.70681	10.99191	4043.90862	5.95528	12.08148	10.87513	-271.65116	319.74976	-4022.08436	Latridae	Latris	lineata	37378001	1	AD	Passing	NA	NA	NA
179	6	TasFracture_20150501_284_285_284_179.avi	72275	TasFracture_20150501_284_285_285_179.avi	73026	48.18333	Bottom time	45.51267	399.5135	16.92599	2.4037	3698.90731	19.21703	74.11346	1.15837	-1216.8571	-39.1161	-3492.79888	Cheilodactylidae	Nemadactylus	macropterus	37377003	1	AD	Passing	NA	NA	NA
184	0	TasFracture_20150501_284_285_284_184.avi	5004	TasFracture_20150501_284_285_285_184.avi	4992	3.336	Bottom time	0.07533	82.71695	0.41737	10.98647	783.03648	8.88842	3.11884	5.57557	-64.91874	-102.09573	-773.63309	Unknown	Unknown	spp	NA	1	NA	NA	Diode	NA	NA
67	0	TasFracture_20150501_284_285_284_67.avi	4503	TasFracture_20150501_284_285_285_67.avi	4850	3.002	NA	-1	69.64178	0.37909	5.19226	709.40654	8.75177	8.15178	52.84622	-0.67922	-107.93682	-701.14679	Unknown	Unknown	spp	NA	1	NA	NA	Diode	NA	NA
67	1	TasFracture_20150501_284_285_284_67.avi	38823	TasFracture_20150501_284_285_285_67.avi	39170	25.882	Bottom time	22.62467	376.78101	0.65691	8.73551	1155.84221	3.16595	0.29719	22.23539	42.59994	47.54104	-1154.07812	Moridae	Pseudophycis	bachus	37224006	1	AD	Attracted	NA	NA	NA
79	0	TasFracture_20150501_284_285_284_79.avi	6608	TasFracture_20150501_284_285_285_79.avi	5662	4.40533	NA	-1	46.84021	0.38076	4.62679	747.16121	11.84313	0.16198	11.37424	-13.98101	-152.7033	-731.25653	Unknown	Unknown	spp	NA	1	NA	NA	Diode	NA	NA
178	0	TasFracture_20150501_286_287_286_178.avi	3767	TasFracture_20150501_286_287_287_178.avi	4003	2.51133	NA	-1	67.31537	0.37461	2.10413	717.49434	7.52413	2.5566	10.65164	5.52235	-93.7889	-711.31657	Unknown	Unknown	spp	NA	1	NA	NA	Diode	NA	NA
186	0	TasFracture_20150501_286_287_286_186.avi	4420	TasFracture_20150501_286_287_287_186.avi	4380	2.94667	Bottom time	0.00267	67.44765	0.37342	1.64266	715.72876	7.50231	2.78552	9.84363	-7.60836	-93.13976	-709.60182	Unknown	Unknown	spp	NA	1	NA	NA	diode	NA	NA
186	1	TasFracture_20150501_286_287_286_186.avi	28367	TasFracture_20150501_286_287_287_186.avi	28327	18.91133	Bottom time	15.96733	269.7231	0.97888	5.85521	1750.05349	8.37721	1.60608	5.97829	96.82559	-235.86372	-1731.38105	Moridae	Pseudophycis	bachus	37224006	1	AD	Attracted	NA	NA	NA
186	2	TasFracture_20150501_286_287_286_186.avi	28385	TasFracture_20150501_286_287_287_186.avi	28345	18.92333	Bottom time	15.97933	356.00645	0.78087	4.96256	1212.56161	11.21339	7.76974	16.61785	-185.50209	-145.56845	-1189.4135	Moridae	Pseudophycis	bachus	37224006	1	AD	Feeding	NA	NA	NA
186	3	TasFracture_20150501_286_287_286_186.avi	28397	TasFracture_20150501_286_287_287_186.avi	28357	18.93133	Bottom time	15.98733	311.9337	4.37642	4.08811	2223.84859	6.54304	35.28129	9.14504	-211.16321	-140.08891	-2209.36366	Moridae	Pseudophycis	bachus	37224006	1	AD	Feeding	NA	NA	NA
186	4	TasFracture_20150501_286_287_286_186.avi	30131	TasFracture_20150501_286_287_287_186.avi	30091	20.08733	Bottom time	17.14333	375.8958	1.11007	3.08202	1541.52343	4.86591	10.80401	5.51502	73.10968	-108.41005	-1535.96769	Cheilodactylidae	Nemadactylus	macropterus	37377003	1	AD	Attracted	NA	NA	NA
186	5	TasFracture_20150501_286_287_286_186.avi	30921	TasFracture_20150501_286_287_287_186.avi	30881	20.614	Bottom time	17.67	417.90675	3.7679	5.11697	1886.95372	18.96306	53.8951	11.72186	586.30177	179.56041	-1784.54549	Cheilodactylidae	Nemadactylus	macropterus	37377003	1	AD	Attracted	NA	NA	NA
186	6	TasFracture_20150501_286_287_286_186.avi	67679	TasFracture_20150501_286_287_287_186.avi	67639	45.11933	Bottom time	42.17533	488.27706	4.88003	9.53431	2200.32505	18.72159	50.01288	10.79252	618.65347	340.64647	-2083.90455	Latridae	Latris	lineata	37378001	1	AD	Passing	NA	NA	NA
76	0	TasFracture_20150501_286_287_286_76.avi	5365	TasFracture_20150501_286_287_287_76.avi	4575	3.57667	NA	-1	67.69812	0.376	3.19962	721.3737	7.60592	1.92153	11.16315	-5.21711	-95.33758	-715.02696	Unknown	Unknown	spp	NA	1	NA	NA	Diode	NA	NA
76	1	TasFracture_20150501_286_287_286_76.avi	81007	TasFracture_20150501_286_287_287_76.avi	80217	54.00467	Bottom time	49.71667	106.87767	0.93465	6.8639	1340.43244	18.89867	2.12661	4.94903	-390.92932	-188.86261	-1268.17361	Cheilodactylidae	Nemadactylus	macropterus	37377003	1	AD	Passing	NA	NA	NA
76	2	TasFracture_20150501_286_287_286_76.avi	81138	TasFracture_20150501_286_287_287_76.avi	80348	54.092	Bottom time	49.804	116.93812	1.1072	2.14227	1708.76301	7.69631	9.30932	24.89751	-33.29629	-226.40625	-1693.37019	Sebastidae	Helicolenus	percoides	37287001	1	AD	Passing	NA	NA	NA
88	0	TasFracture_20150501_286_287_286_88.avi	6370	TasFracture_20150501_286_287_287_88.avi	6545	4.24667	NA	-1	69.64125	0.37574	1.54566	719.05013	7.05311	2.09595	9.4748	-2.16775	-88.26512	-713.6089	Unknown	Unknown	spp	NA	1	NA	NA	Diode	NA	NA
88	1	TasFracture_20150501_286_287_286_88.avi	33191	TasFracture_20150501_286_287_287_88.avi	33366	22.12733	Bottom time	16.17133	181.20463	21.38611	8.88748	4885.31231	14.7064	39.82558	10.10194	-1240.2142	0.93886	-4725.26658	Moridae	Pseudophycis	bachus	37224006	1	AD	Passing	NA	NA	NA
88	2	TasFracture_20150501_286_287_286_88.avi	33191	TasFracture_20150501_286_287_287_88.avi	33366	22.12733	Bottom time	16.17133	115.83374	12.96997	8.6572	4777.32818	14.07129	20.14431	3.9276	-1158.3172	-86.01914	-4633.97955	Moridae	Pseudophycis	bachus	37224006	1	AD	Passing	NA	NA	NA
88	3	TasFracture_20150501_286_287_286_88.avi	56593	TasFracture_20150501_286_287_287_88.avi	56768	37.72867	Bottom time	31.77267	120.23113	40.17835	18.3814	7312.44632	6.18436	30.81377	1.01625	741.76587	265.21925	-7269.89087	Cheilodactylidae	Nemadactylus	macropterus	37377003	1	AD	Passing	NA	NA	NA
88	4	TasFracture_20150501_286_287_286_88.avi	56593	TasFracture_20150501_286_287_287_88.avi	56768	37.72867	Bottom time	31.77267	102.08511	37.3505	15.20279	7795.1882	5.86808	24.57437	4.07322	765.69227	221.06913	-7754.34091	Cheilodactylidae	Nemadactylus	macropterus	37377003	1	AD	Passing	NA	NA	NA
88	5	TasFracture_20150501_286_287_286_88.avi	56593	TasFracture_20150501_286_287_287_88.avi	56768	37.72867	Bottom time	31.77267	147.92056	52.74261	18.89615	6910.8824	6.8722	50.47959	8.13147	793.67676	232.11734	-6861.23125	Cheilodactylidae	Nemadactylus	macropterus	37377003	1	AD	Passing	NA	NA	NA
88	6	TasFracture_20150501_286_287_286_88.avi	56593	TasFracture_20150501_286_287_287_88.avi	56768	37.72867	Bottom time	31.77267	112.93138	56.99916	12.43038	7413.86427	6.56394	45.72208	1.34618	817.77572	222.45988	-7365.26563	Cheilodactylidae	Nemadactylus	macropterus	37377003	1	AD	Passing	NA	NA	NA
88	7	TasFracture_20150501_286_287_286_88.avi	56593	TasFracture_20150501_286_287_287_88.avi	56768	37.72867	Bottom time	31.77267	103.33718	29.02882	15.71288	6841.26847	11.37016	24.58708	6.60781	1331.18317	216.87187	-6707.00173	Cheilodactylidae	Nemadactylus	macropterus	37377003	1	AD	Passing	NA	NA	NA
88	8	TasFracture_20150501_286_287_286_88.avi	56593	TasFracture_20150501_286_287_287_88.avi	56768	37.72867	Bottom time	31.77267	130.74014	64.69855	15.22909	7362.80318	8.84772	57.08221	1.02159	1103.41638	254.84858	-7275.19039	Cheilodactylidae	Nemadactylus	macropterus	37377003	1	AD	Passing	NA	NA	NA
88	9	TasFracture_20150501_286_287_286_88.avi	56593	TasFracture_20150501_286_287_287_88.avi	56768	37.72867	Bottom time	31.77267	238.52503	64.02118	17.24339	6820.74556	9.55734	77.82928	3.17629	1106.56739	240.86782	-6726.07324	Cheilodactylidae	Nemadactylus	macropterus	37377003	1	AD	Passing	NA	NA	NA
88	10	TasFracture_20150501_286_287_286_88.avi	56593	TasFracture_20150501_286_287_287_88.avi	56768	37.72867	Bottom time	31.77267	161.93605	29.82615	23.2492	6843.66665	15.13433	25.64748	2.66875	1767.70285	260.2985	-6606.3034	Cheilodactylidae	Nemadactylus	macropterus	37377003	1	AD	Passing	NA	NA	NA
88	11	TasFracture_20150501_286_287_286_88.avi	56673	TasFracture_20150501_286_287_287_88.avi	56848	37.782	Bottom time	31.826	57.09326	31.90701	13.96284	7158.05259	4.4247	25.05541	6.34956	516.72954	194.8202	-7136.71861	Cheilodactylidae	Nemadactylus	macropterus	37377003	1	AD	Passing	NA	NA	NA
88	12	TasFracture_20150501_286_287_286_88.avi	56673	TasFracture_20150501_286_287_287_88.avi	56848	37.782	Bottom time	31.826	122.39835	33.71561	13.64908	7077.4424	8.06707	27.17217	4.2306	957.57387	263.6001	-7007.40738	Cheilodactylidae	Nemadactylus	macropterus	37377003	1	AD	Passing	NA	NA	NA
88	13	TasFracture_20150501_286_287_286_88.avi	56673	TasFracture_20150501_286_287_287_88.avi	56848	37.782	Bottom time	31.826	142.97487	57.69661	18.53903	7203.65069	12.3456	54.0214	1.56933	1511.59642	295.44275	-7037.07135	Cheilodactylidae	Nemadactylus	macropterus	37377003	1	AD	Passing	NA	NA	NA
97	0	TasFracture_20150501_286_287_286_97.avi	5672	TasFracture_20150501_286_287_287_97.avi	5732	3.78133	NA	-1	69.20136	0.38009	3.17709	723.79252	7.58277	4.09374	10.7851	-2.89026	-95.46667	-717.46315	Unknown	Unknown	spp	NA	1	NA	NA	Diode	NA	NA
97	1	TasFracture_20150501_286_287_286_97.avi	13932	TasFracture_20150501_286_287_287_97.avi	13992	9.288	Bottom time	5.14533	78.16422	20.21603	15.67136	4157.70122	19.38191	79.10386	8.67031	1373.78196	-128.60381	-3922.07389	Sebastidae	Helicolenus	percoides	37287001	1	AD	Passing	NA	NA	NA
185	0	TasFracture_20150501_404_405_404_185.avi	4347	TasFracture_20150501_404_405_405_185.avi	4261	2.898	NA	-1	48.80572	0.36664	2.23638	733.50839	4.45555	0.56916	0.864	8.60012	-56.33037	-731.29165	Unknown	Unknown	spp	NA	1	NA	NA	diode	NA	NA
187	0	TasFracture_20150501_404_405_404_187.avi	7272	TasFracture_20150501_404_405_405_187.avi	7436	4.848	NA	-1	48.42246	0.37374	0.15562	741.13428	4.48473	3.71055	3.69728	10.99363	-56.89953	-738.86507	Unknown	Unknown	spp	NA	1	NA	NA	Diode	NA	NA
187	1	TasFracture_20150501_404_405_404_187.avi	17179	TasFracture_20150501_404_405_405_187.avi	17343	11.45267	Bottom time	6.578	336.59586	1.10566	2.82141	965.657	7.06488	84.87959	43.96466	92.83324	-74.08174	-958.32528	Moridae	Pseudophycis	bachus	37224006	1	AD	Feeding	NA	NA	NA
187	2	TasFracture_20150501_404_405_404_187.avi	43941	TasFracture_20150501_404_405_405_187.avi	44105	29.294	Bottom time	24.41933	242.39993	1.92686	3.77496	1785.64577	18.91385	19.37877	7.76456	-578.57083	16.64221	-1689.23345	Sebastidae	Helicolenus	percoides	37287001	1	AD	Attracted	NA	NA	NA
187	3	TasFracture_20150501_404_405_404_187.avi	44664	TasFracture_20150501_404_405_405_187.avi	44828	29.776	Bottom time	24.90133	229.06207	2.28183	10.31059	1714.86159	17.86847	32.36534	14.66481	-526.15637	4.55065	-1632.14247	Sebastidae	Helicolenus	percoides	37287001	1	AD	Attracted	NA	NA	NA
68	0	TasFracture_20150501_404_405_404_68.avi	4846	TasFracture_20150501_404_405_405_68.avi	4631	3.23067	NA	-1	49.37998	0.36945	2.27292	738.781	4.60267	0.78169	5.9273	13.12119	-57.81342	-736.39854	Unknown	Unknown	spp	NA	1	NA	NA	Diode	NA	NA
68	1	TasFracture_20150501_404_405_404_68.avi	33189	TasFracture_20150501_404_405_405_68.avi	32974	22.126	Bottom time	18.63267	357.76137	6.19738	9.15558	4974.54017	15.82765	0.5467	13.54522	868.55775	-1042.33184	-4785.93791	Moridae	Pseudophycis	bachus	37224006	1	AD	Passing	NA	NA	NA
68	2	TasFracture_20150501_404_405_404_68.avi	50857	TasFracture_20150501_404_405_405_68.avi	50642	33.90467	Bottom time	30.41133	318.41371	8.0951	2.21978	2672.16612	12.47894	59.12334	20.88387	274.00248	-508.24935	-2609.03756	Cheilodactylidae	Nemadactylus	macropterus	37377003	1	AD	Passing	NA	NA	NA
68	3	TasFracture_20150501_404_405_404_68.avi	50877	TasFracture_20150501_404_405_405_68.avi	50662	33.918	Bottom time	30.42467	363.39019	1.71325	10.53791	2065.59404	12.13658	13.78349	38.77108	-202.00818	-384.43271	-2019.42639	Cheilodactylidae	Nemadactylus	macropterus	37377003	1	AD	Passing	NA	NA	NA
68	4	TasFracture_20150501_404_405_404_68.avi	50897	TasFracture_20150501_404_405_405_68.avi	50682	33.93133	Bottom time	30.438	289.03258	2.39227	1.70181	1711.53998	20.39924	35.63171	3.96594	-565.95741	-188.65959	-1604.2035	Cheilodactylidae	Nemadactylus	macropterus	37377003	1	AD	Passing	NA	NA	NA
68	5	TasFracture_20150501_404_405_404_68.avi	50917	TasFracture_20150501_404_405_405_68.avi	50702	33.94467	Bottom time	30.45133	260.55978	12.09807	1.79433	3474.82765	17.38781	50.58258	11.82476	-819.31749	-637.97579	-3316.04176	Cheilodactylidae	Nemadactylus	macropterus	37377003	1	AD	Passing	NA	NA	NA
68	6	TasFracture_20150501_404_405_404_68.avi	50927	TasFracture_20150501_404_405_405_68.avi	50712	33.95133	Bottom time	30.458	323.34551	3.95248	4.07108	2810.94004	9.371	18.46737	4.11473	-305.49067	-340.82393	-2773.4272	Cheilodactylidae	Nemadactylus	macropterus	37377003	1	AD	Passing	NA	NA	NA
68	7	TasFracture_20150501_404_405_404_68.avi	50937	TasFracture_20150501_404_405_405_68.avi	50722	33.958	Bottom time	30.46467	280.69519	4.80452	1.50976	2309.40683	3.1953	37.38085	9.73239	-55.99562	-115.9083	-2305.81649	Cheilodactylidae	Nemadactylus	macropterus	37377003	1	AD	Passing	NA	NA	NA
68	8	TasFracture_20150501_404_405_404_68.avi	50937	TasFracture_20150501_404_405_405_68.avi	50722	33.958	Bottom time	30.46467	379.16448	17.41271	4.0617	3934.10319	16.08837	58.93278	8.13811	1090.05703	-18.67756	-3780.02576	Cheilodactylidae	Nemadactylus	macropterus	37377003	1	AD	Passing	NA	NA	NA
68	9	TasFracture_20150501_404_405_404_68.avi	50947	TasFracture_20150501_404_405_405_68.avi	50732	33.96467	Bottom time	30.47133	246.83811	27.30394	2.47397	4649.84463	12.11255	71.17329	13.86625	808.67506	-545.90691	-4546.32658	Cheilodactylidae	Nemadactylus	macropterus	37377003	1	AD	Passing	NA	NA	NA
68	10	TasFracture_20150501_404_405_404_68.avi	50977	TasFracture_20150501_404_405_405_68.avi	50762	33.98467	Bottom time	30.49133	213.27814	4.83612	2.65392	4302.8177	14.20222	1.04643	17.41684	775.28343	-716.50834	-4171.30574	Cheilodactylidae	Nemadactylus	macropterus	37377003	1	AD	Passing	NA	NA	NA
68	11	TasFracture_20150501_404_405_404_68.avi	115108	TasFracture_20150501_404_405_405_68.avi	114893	76.73867	Bottom time	73.24533	647.92038	9.33673	3.98259	3630.56643	16.38592	28.71644	2.62812	1023.79675	28.85226	-3483.10499	Latridae	Latris	lineata	37378001	1	AD	Passing	NA	NA	NA
68	12	TasFracture_20150501_404_405_404_68.avi	115128	TasFracture_20150501_404_405_405_68.avi	114913	76.752	Bottom time	73.25867	577.96839	3.06106	5.60365	2871.55815	13.10256	10.27112	1.41782	430.24377	-488.51703	-2796.79953	Latridae	Latris	lineata	37378001	1	AD	Passing	NA	NA	NA
68	13	TasFracture_20150501_404_405_404_68.avi	115211	TasFracture_20150501_404_405_405_68.avi	114996	76.80733	Bottom time	73.314	504.40673	2.26622	9.11074	2361.29721	18.34881	10.33912	30.05238	602.24173	-435.72666	-2241.24334	Latridae	Latris	lineata	37378001	1	AD	Passing	NA	NA	NA
68	14	TasFracture_20150501_404_405_404_68.avi	115224	TasFracture_20150501_404_405_405_68.avi	115009	76.816	Bottom time	73.32267	625.89821	4.71804	3.53701	3552.31284	16.08627	11.17795	5.52292	-648.92183	-740.08627	-3413.22418	Latridae	Latris	lineata	37378001	1	AD	Passing	NA	NA	NA
68	15	TasFracture_20150501_404_405_404_68.avi	115244	TasFracture_20150501_404_405_405_68.avi	115029	76.82933	Bottom time	73.336	519.21566	2.09126	4.89128	1870.95181	9.12283	21.36375	8.62398	-104.25422	-277.71856	-1847.28561	Latridae	Latris	lineata	37378001	1	AD	Passing	NA	NA	NA
68	16	TasFracture_20150501_404_405_404_68.avi	115334	TasFracture_20150501_404_405_405_68.avi	115119	76.88933	Bottom time	73.396	501.13027	6.46878	5.90653	2153.07806	15.33992	81.03539	0.50698	-417.38753	-387.57723	-2076.37103	Latridae	Latris	lineata	37378001	1	AD	Passing	NA	NA	NA
82	0	TasFracture_20150501_404_405_404_82.avi	5113	TasFracture_20150501_404_405_405_82.avi	5582	3.40867	NA	-1	70.50969	0.36021	0.62793	723.75535	3.45683	0.7366	46.63824	13.49322	-41.50149	-722.43849	Unknown	Unknown	spp	NA	1	NA	NA	Diode	NA	NA
82	1	TasFracture_20150501_404_405_404_82.avi	35552	TasFracture_20150501_404_405_405_82.avi	36021	23.70133	Bottom time	19.938	174.57665	1.89116	6.81948	1230.1153	13.55313	60.54938	5.79191	-273.31505	-91.65467	-1195.86034	Sebastidae	Helicolenus	percoides	37287001	1	AD	Attracted	NA	NA	NA
82	2	TasFracture_20150501_404_405_404_82.avi	88422	TasFracture_20150501_404_405_405_82.avi	88891	58.948	Bottom time	55.18467	277.5949	8.171	6.71152	2431.58633	13.46423	82.65624	1.98001	-566.04445	11.75075	-2364.75531	Cheilodactylidae	Nemadactylus	macropterus	37377003	1	AD	Passing	NA	NA	NA
100	0	TasFracture_20150501_406_407_406_100.avi	4559	TasFracture_20150501_406_407_407_100.avi	3904	3.03933	NA	-1	47.26843	0.3749	0.60017	733.71553	6.00092	6.71565	0.1884	-6.71553	-76.4113	-729.69494	Unknown	Unknown	spp	NA	1	NA	NA	Diode	NA	NA
100	1	TasFracture_20150501_406_407_406_100.avi	43470	TasFracture_20150501_406_407_407_100.avi	42815	28.98	Bottom time	25.82667	611.1995	1.09878	3.82147	1639.20856	11.16257	10.25575	44.38137	316.00355	-29.09545	-1608.19773	Latridae	Latris	lineata	37378001	1	AD	Attracted	NA	NA	NA
100	2	TasFracture_20150501_406_407_406_100.avi	43630	TasFracture_20150501_406_407_407_100.avi	42975	29.08667	Bottom time	25.93333	572.55405	4.99376	3.44555	2126.27188	11.61943	50.41985	13.41919	419.29834	87.11629	-2082.6982	Latridae	Latris	lineata	37378001	1	AD	Attracted	NA	NA	NA
100	3	TasFracture_20150501_406_407_406_100.avi	85025	TasFracture_20150501_406_407_407_100.avi	84370	56.68333	Bottom time	53.53	134.32606	2.83298	2.0176	2019.39165	3.77535	33.83075	36.85041	106.61244	-79.45925	-2015.00935	Sebastidae	Helicolenus	percoides	37287001	1	AD	Passing	NA	NA	NA
100	4	TasFracture_20150501_406_407_406_100.avi	89333	TasFracture_20150501_406_407_407_100.avi	88678	59.55533	Bottom time	56.402	194.77788	2.61111	1.54755	1655.15118	5.78361	41.76513	21.13425	119.9929	-115.85066	-1646.72577	Cheilodactylidae	Nemadactylus	macropterus	37377003	1	AD	Attracted	NA	NA	NA
100	5	TasFracture_20150501_406_407_406_100.avi	89373	TasFracture_20150501_406_407_407_100.avi	88718	59.582	Bottom time	56.42867	284.21306	0.82146	1.41692	948.67199	5.24705	37.83426	34.31063	-50.15342	70.79048	-944.69672	Cheilodactylidae	Nemadactylus	macropterus	37377003	1	AD	Attracted	NA	NA	NA
100	6	TasFracture_20150501_406_407_406_100.avi	89393	TasFracture_20150501_406_407_407_100.avi	88738	59.59533	Bottom time	56.442	173.52274	1.31756	1.77577	1163.02416	14.56264	43.29355	15.21326	280.30763	-83.32009	-1125.66007	Cheilodactylidae	Nemadactylus	macropterus	37377003	1	AD	Attracted	NA	NA	NA
100	7	TasFracture_20150501_406_407_406_100.avi	89403	TasFracture_20150501_406_407_407_100.avi	88748	59.602	Bottom time	56.44867	204.89231	0.44209	2.59201	779.09257	3.5855	13.97333	18.2044	12.89215	46.98629	-777.56756	Cheilodactylidae	Nemadactylus	macropterus	37377003	1	AD	Attracted	NA	NA	NA
100	8	TasFracture_20150501_406_407_406_100.avi	89423	TasFracture_20150501_406_407_407_100.avi	88768	59.61533	Bottom time	56.462	218.80615	1.47511	6.57612	1176.53572	13.39988	45.71811	12.47247	-271.82336	-21.30923	-1144.50613	Cheilodactylidae	Nemadactylus	macropterus	37377003	1	AD	Attracted	NA	NA	NA
181	0	TasFracture_20150501_406_407_406_181.avi	6433	TasFracture_20150501_406_407_407_181.avi	6652	4.28867	NA	-1	47.38336	0.3621	0.60691	722.56698	6.1025	3.60636	1.19114	-12.72178	-75.75351	-718.47241	Unknown	Unknown	spp	NA	1	NA	NA	diode	NA	NA
181	1	TasFracture_20150501_406_407_406_181.avi	32679	TasFracture_20150501_406_407_407_181.avi	32898	21.786	Bottom time	17.45933	338.4153	1.21553	1.43026	1095.10084	12.06282	64.82793	45.92106	-189.14709	-128.83951	-1070.91998	Moridae	Pseudophycis	bachus	37224006	1	AD	Attracted	NA	NA	NA
181	2	TasFracture_20150501_406_407_406_181.avi	48092	TasFracture_20150501_406_407_407_181.avi	48311	32.06133	Bottom time	27.73467	201.32602	0.55254	4.98245	1001.93207	15.81907	5.0021	46.79874	-209.43628	-175.31382	-963.9862	Sebastidae	Helicolenus	percoides	37287001	1	AD	Attracted	NA	NA	NA
183	0	TasFracture_20150501_406_407_406_183.avi	5608	TasFracture_20150501_406_407_407_183.avi	5910	3.73867	NA	-1	49.5489	0.36969	1.48508	735.05419	5.32705	3.62277	3.66563	-10.58356	-67.41725	-731.87947	Unknown	Unknown	spp	NA	1	NA	NA	Diode	NA	NA
183	1	TasFracture_20150501_406_407_406_183.avi	11235	TasFracture_20150501_406_407_407_183.avi	11537	7.49	Bottom time	3.53867	136.62934	1.52391	5.68983	1496.35092	15.06422	22.41304	2.84764	-388.90288	0.9429	-1444.92898	Moridae	Pseudophycis	bachus	37224006	1	J	Attracted	NA	NA	NA
183	2	TasFracture_20150501_406_407_406_183.avi	45558	TasFracture_20150501_406_407_407_183.avi	45860	30.372	Bottom time	26.42067	259.16016	2.57942	2.58198	2477.75041	19.50641	4.57632	25.41173	-826.00799	47.1296	-2335.53778	Sebastidae	Helicolenus	percoides	37287001	1	AD	Attracted	NA	NA	NA
183	3	TasFracture_20150501_406_407_406_183.avi	96790	TasFracture_20150501_406_407_407_183.avi	97092	64.52667	Bottom time	60.57533	375.33229	1.43272	1.65093	1246.91446	9.82565	33.58307	0.07086	-212.1271	16.74276	-1228.62421	Moridae	Pseudophycis	bachus	37224006	1	AD	Feeding	NA	NA	NA
78	0	TasFracture_20150501_406_407_406_78.avi	4856	TasFracture_20150501_406_407_407_78.avi	4568	3.23733	NA	-1	50.65845	0.36466	0.95741	730.40083	5.94252	2.2112	2.21325	-9.79242	-74.98212	-726.47585	Unknown	Unknown	spp	NA	1	NA	NA	Diode	NA	NA
78	1	TasFracture_20150501_406_407_406_78.avi	10477	TasFracture_20150501_406_407_407_78.avi	10189	6.98467	Bottom time	3.59067	184.58983	1.26488	15.42998	1713.38943	10.26555	14.19106	37.56268	281.3323	-118.68959	-1685.96211	Sebastidae	Helicolenus	percoides	37287001	1	AD	Attracted	NA	NA	NA
78	2	TasFracture_20150501_406_407_406_78.avi	10493	TasFracture_20150501_406_407_407_78.avi	10205	6.99533	Bottom time	3.60133	139.96225	2.18335	5.22962	1843.0283	6.84624	23.38576	1.38767	-171.75552	-136.9947	-1829.88683	Sebastidae	Helicolenus	percoides	37287001	1	AD	Attracted	NA	NA	NA
78	3	TasFracture_20150501_406_407_406_78.avi	10542	TasFracture_20150501_406_407_407_78.avi	10254	7.028	Bottom time	3.634	90.94973	2.10973	5.57705	2099.74712	8.02801	37.51943	61.83308	-289.44721	-47.04098	-2079.16941	Sebastidae	Helicolenus	percoides	37287001	1	AD	Attracted	NA	NA	NA
78	4	TasFracture_20150501_406_407_406_78.avi	10542	TasFracture_20150501_406_407_407_78.avi	10254	7.028	Bottom time	3.634	106.47107	2.08677	3.05539	2019.94947	6.05677	17.51768	5.85586	209.38178	-39.80833	-2008.6738	Sebastidae	Helicolenus	percoides	37287001	1	AD	Attracted	NA	NA	NA
78	5	TasFracture_20150501_406_407_406_78.avi	10544	TasFracture_20150501_406_407_407_78.avi	10256	7.02933	Bottom time	3.63533	65.80332	1.55618	4.79846	1972.83916	4.9343	23.95082	57.90366	167.28452	28.47473	-1965.52778	Sebastidae	Helicolenus	percoides	37287001	1	AD	Attracted	NA	NA	NA
78	6	TasFracture_20150501_406_407_406_78.avi	10550	TasFracture_20150501_406_407_407_78.avi	10262	7.03333	Bottom time	3.63933	251.11553	3.74193	13.85241	1710.54152	17.53935	76.89773	2.0936	514.14898	37.16066	-1631.01876	Sebastidae	Helicolenus	percoides	37287001	1	AD	Passing	NA	NA	NA
78	7	TasFracture_20150501_406_407_406_78.avi	10555	TasFracture_20150501_406_407_407_78.avi	10267	7.03667	Bottom time	3.64267	122.3093	1.88874	5.9835	1911.5576	17.12253	21.75483	37.89198	545.92825	136.74397	-1826.8322	Sebastidae	Helicolenus	percoides	37287001	1	AD	Attracted	NA	NA	NA
78	8	TasFracture_20150501_406_407_406_78.avi	27897	TasFracture_20150501_406_407_407_78.avi	27609	18.598	Bottom time	15.204	114.50065	1.64431	1.10129	2048.73595	8.86509	12.61721	5.75498	-42.96891	312.78986	-2024.26163	Cheilodactylidae	Nemadactylus	macropterus	37377003	1	AD	Passing	NA	NA	NA
78	9	TasFracture_20150501_406_407_406_78.avi	27897	TasFracture_20150501_406_407_407_78.avi	27609	18.598	Bottom time	15.204	123.80153	1.41637	2.0471	1734.40496	9.82407	14.52617	8.13583	191.00125	226.03785	-1708.9722	Cheilodactylidae	Nemadactylus	macropterus	37377003	1	AD	Passing	NA	NA	NA
78	10	TasFracture_20150501_406_407_406_78.avi	27927	TasFracture_20150501_406_407_407_78.avi	27639	18.618	Bottom time	15.224	130.35653	1.96287	0.12363	1775.92273	8.0639	22.5655	9.88664	-173.20266	179.06016	-1758.36283	Cheilodactylidae	Nemadactylus	macropterus	37377003	1	AD	Passing	NA	NA	NA
78	11	TasFracture_20150501_406_407_406_78.avi	27927	TasFracture_20150501_406_407_407_78.avi	27639	18.618	Bottom time	15.224	132.29998	4.69783	0.36986	2740.12343	19.10599	24.10129	8.16777	-750.95178	490.38698	-2589.18297	Cheilodactylidae	Nemadactylus	macropterus	37377003	1	AD	Passing	NA	NA	NA
78	12	TasFracture_20150501_406_407_406_78.avi	63691	TasFracture_20150501_406_407_407_78.avi	63403	42.46067	Bottom time	39.06667	165.3922	6.57052	1.26789	2760.23768	22.77057	42.32466	0.87909	-996.67882	384.65082	-2545.11043	Moridae	Pseudophycis	bachus	37224006	1	AD	Passing	NA	NA	NA
78	13	TasFracture_20150501_406_407_406_78.avi	63691	TasFracture_20150501_406_407_407_78.avi	63403	42.46067	Bottom time	39.06667	128.58239	7.8568	0.68954	2965.40894	19.51481	41.49756	3.46915	-894.81355	424.95857	-2795.06155	Moridae	Pseudophycis	bachus	37224006	1	AD	Passing	NA	NA	NA
78	14	TasFracture_20150501_406_407_406_78.avi	63701	TasFracture_20150501_406_407_407_78.avi	63413	42.46733	Bottom time	39.07333	131.71138	2.85745	4.71711	1737.42064	16.07244	42.57524	7.42982	466.76631	116.18545	-1669.50911	Moridae	Pseudophycis	bachus	37224006	1	AD	Passing	NA	NA	NA
78	15	TasFracture_20150501_406_407_406_78.avi	63701	TasFracture_20150501_406_407_407_78.avi	63413	42.46733	Bottom time	39.07333	150.17404	2.13652	4.58142	2661.94057	16.69062	2.18476	10.09166	501.05485	577.43732	-2549.79171	Moridae	Pseudophycis	bachus	37224006	1	AD	Passing	NA	NA	NA
84	0	TasFracture_20150501_406_407_406_84.avi	5716	TasFracture_20150501_406_407_407_84.avi	6208	3.81067	NA	-1	46.34185	0.36516	0.95945	731.67211	5.92817	2.22423	2.3692	-8.14636	-75.1279	-727.75924	Unknown	Unknown	spp	NA	1	NA	NA	Diode	NA	NA
84	1	TasFracture_20150501_406_407_406_84.avi	96509	TasFracture_20150501_406_407_407_84.avi	97001	64.33933	Bottom time	59.79667	99.64604	1.34856	2.9877	1897.81015	15.47664	7.93223	0.48646	322.25095	-390.66301	-1828.99428	Cheilodactylidae	Nemadactylus	macropterus	37377003	1	AD	Attracted	NA	NA	NA
84	2	TasFracture_20150501_406_407_406_84.avi	96589	TasFracture_20150501_406_407_407_84.avi	97081	64.39267	Bottom time	59.85	103.77578	1.11923	1.50254	1876.36332	15.00375	1.42775	8.55618	-274.23961	-400.93985	-1812.39598	Cheilodactylidae	Nemadactylus	macropterus	37377003	1	AD	Attracted	NA	NA	NA
84	3	TasFracture_20150501_406_407_406_84.avi	97004	TasFracture_20150501_406_407_407_84.avi	97496	64.66933	Bottom time	60.12667	134.3333	1.21	1.60589	1786.20289	15.30557	8.01305	12.10101	-269.001	-387.23245	-1722.84946	Moridae	Pseudophycis	bachus	37224006	1	J	Passing	NA	NA	NA
84	4	TasFracture_20150501_406_407_406_84.avi	97064	TasFracture_20150501_406_407_407_84.avi	97556	64.70933	Bottom time	60.16667	147.6057	2.49479	4.56413	1993.38085	18.89625	24.56147	2.69535	497.10677	-411.87646	-1885.95065	Moridae	Pseudophycis	bachus	37224006	1	J	Passing	NA	NA	NA
5	0	TasFracture_20150502_282_283_282_05.avi	57438	TasFracture_20150502_282_283_283_05.avi	57916	38.292	Bottom time	29.97733	325.98091	7.87438	18.41612	2830.5375	5.36201	39.74874	8.1608	4.22737	-264.47459	-2818.15149	Sebastidae	Helicolenus	percoides	37287001	1	AD	Attracted	NA	NA	NA
8	0	TasFracture_20150502_282_283_282_08.avi	4225	TasFracture_20150502_282_283_283_08.avi	4063	2.81667	NA	-1	49.46126	0.38963	0.14959	740.19682	4.67985	0.33617	2.395	19.14108	-57.27752	-737.72911	Unknown	Unknown	spp	NA	1	NA	NA	Diode	NA	NA
8	1	TasFracture_20150502_282_283_282_08.avi	22752	TasFracture_20150502_282_283_283_08.avi	22590	15.168	Bottom time	11.56867	258.40425	1.98762	5.72328	2494.76374	8.13088	9.82593	42.71934	316.36028	-156.25872	-2469.6853	Moridae	Pseudophycis	bachus	37224006	1	AD	Attracted	NA	NA	NA
8	2	TasFracture_20150502_282_283_282_08.avi	22822	TasFracture_20150502_282_283_283_08.avi	22660	15.21467	Bottom time	11.61533	360.38949	1.7787	1.64422	1474.18492	21.23194	34.16984	8.9415	450.15372	-287.01244	-1374.12032	Moridae	Pseudophycis	bachus	37224006	1	AD	Attracted	NA	NA	NA
8	3	TasFracture_20150502_282_283_282_08.avi	22882	TasFracture_20150502_282_283_283_08.avi	22720	15.25467	Bottom time	11.65533	400.96103	7.75298	7.89763	4823.49457	15.37014	4.70594	24.16661	1149.06495	560.51095	-4650.97592	Moridae	Pseudophycis	bachus	37224006	1	AD	Attracted	NA	NA	NA
8	4	TasFracture_20150502_282_283_282_08.avi	26356	TasFracture_20150502_282_283_283_08.avi	26194	17.57067	Bottom time	13.97133	613.03838	8.06051	4.26729	3675.22075	7.45287	22.75085	17.04319	-443.17482	-175.65129	-3644.1721	Latridae	Latris	lineata	37378001	1	AD	Passing	NA	NA	NA
8	5	TasFracture_20150502_282_283_282_08.avi	69959	TasFracture_20150502_282_283_283_08.avi	69797	46.63933	Bottom time	43.04	570.69287	4.4895	14.94399	6000.19542	5.20787	0.08202	13.56028	263.23823	476.79373	-5975.42622	Cheilodactylidae	Nemadactylus	macropterus	37377003	1	AD	Passing	NA	NA	NA
8	6	TasFracture_20150502_282_283_282_08.avi	69959	TasFracture_20150502_282_283_283_08.avi	69797	46.63933	Bottom time	43.04	542.41143	9.43382	12.48814	4830.28488	10.2703	13.95039	15.46218	639.60125	576.69699	-4752.89205	Cheilodactylidae	Nemadactylus	macropterus	37377003	1	AD	Passing	NA	NA	NA
8	7	TasFracture_20150502_282_283_282_08.avi	116484	TasFracture_20150502_282_283_283_08.avi	116322	77.656	Bottom time	74.05667	118.44666	18.56365	9.9486	4526.1311	20.91255	46.55872	14.03905	1606.65258	169.50517	-4227.97803	Sebastidae	Helicolenus	percoides	37287001	1	AD	Passing	NA	NA	NA
11	0	TasFracture_20150502_282_283_282_11.avi	3535	TasFracture_20150502_282_283_283_11.avi	3619	2.35667	Bottom	0	48.62889	0.38985	2.45326	767.85804	4.27646	4.48247	4.63759	-14.53251	-55.38348	-765.72022	Unknown	Unknown	spp	NA	1	NA	NA	diode	NA	NA
11	1	TasFracture_20150502_282_283_282_11.avi	22525	TasFracture_20150502_282_283_283_11.avi	22609	15.01667	Bottom	12.66	346.56766	0.9322	15.6489	1220.11418	12.07666	49.45575	64.06053	-252.97321	34.18566	-1193.11128	Moridae	Pseudophycis	bachus	37224006	1	AD	Feeding	NA	NA	NA
11	2	TasFracture_20150502_282_283_282_11.avi	56277	TasFracture_20150502_282_283_283_11.avi	56361	37.518	Bottom	35.16133	284.95972	1.08893	14.45104	1169.1466	7.17719	35.58965	37.61321	56.13812	-134.85294	-1159.98576	Moridae	Pseudophycis	bachus	37224006	1	AD	Feeding	NA	NA	NA
11	3	TasFracture_20150502_282_283_282_11.avi	56277	TasFracture_20150502_282_283_283_11.avi	56361	37.518	Bottom	35.16133	347.98161	1.21259	12.75174	1445.59285	5.18534	18.13909	8.04643	-43.00866	123.36748	-1439.67684	Moridae	Pseudophycis	bachus	37224006	1	AD	Feeding	NA	NA	NA
11	4	TasFracture_20150502_282_283_282_11.avi	56277	TasFracture_20150502_282_283_283_11.avi	56361	37.518	Bottom	35.16133	316.21413	0.69044	9.94879	1153.21452	7.55984	14.71492	45.33691	146.05414	-41.07019	-1143.19078	Moridae	Pseudophycis	bachus	37224006	1	AD	Feeding	NA	NA	NA
11	5	TasFracture_20150502_282_283_282_11.avi	58097	TasFracture_20150502_282_283_283_11.avi	58181	38.73133	Bottom	36.37467	340.32368	2.64993	14.80018	1878.83062	12.14191	34.46294	29.50507	200.3211	-340.64634	-1836.80049	Cheilodactylidae	Nemadactylus	macropterus	37377003	1	AD	Attracted	NA	NA	NA
11	6	TasFracture_20150502_282_283_282_11.avi	90114	TasFracture_20150502_282_283_283_11.avi	90198	60.076	Bottom	57.71933	394.079	5.02172	19.58438	1946.90603	18.30455	82.26508	5.13463	-484.79582	-372.63549	-1848.3936	Scyliorhinidae	Cephaloscyllium	laticeps	37015001	1	J	Attracted	NA	NA	NA
17	0	TasFracture_20150502_282_283_282_17.avi	33585	TasFracture_20150502_282_283_283_17.avi	33804	22.39	Bottom time	19.916	326.1662	2.80285	2.01495	1530.54591	19.06869	66.54011	22.11873	409.28938	-287.25222	-1446.56114	Sebastidae	Helicolenus	percoides	37287001	1	AD	Attracted	NA	NA	NA
17	1	TasFracture_20150502_282_283_282_17.avi	42833	TasFracture_20150502_282_283_283_17.avi	43052	28.55533	Bottom time	26.08133	743.0007	2.19984	34.35678	1447.94752	19.8985	56.28349	31.42488	475.60347	129.10881	-1361.50074	Latridae	Latris	lineata	37378001	1	AD	Feeding	NA	NA	NA
17	2	TasFracture_20150502_282_283_282_17.avi	78991	TasFracture_20150502_282_283_283_17.avi	79210	52.66067	Bottom time	50.18667	431.9457	0.96123	1.8764	1397.73426	8.22984	10.44874	16.42367	-12.4873	-199.68768	-1383.34015	Moridae	Pseudophycis	bachus	37224006	1	AD	Feeding	NA	NA	NA
17	3	TasFracture_20150502_282_283_282_17.avi	79006	TasFracture_20150502_282_283_283_17.avi	79225	52.67067	Bottom time	50.19667	404.27491	1.22451	2.5352	1332.74911	7.49155	20.72496	10.29953	162.00403	-62.83753	-1321.37289	Moridae	Pseudophycis	bachus	37224006	1	AD	Feeding	NA	NA	NA
13	0	TasFracture_20150502_284_285_284_13.avi	3899	TasFracture_20150502_284_285_285_13.avi	3192	2.59933	NA	-1	79.85473	0.38641	7.60861	742.99901	9.73152	2.63907	4.5293	-27.28278	-122.59106	-732.30773	Unknown	Unknown	spp	NA	1	AD	Passing	diode	NA	NA
13	1	TasFracture_20150502_284_285_284_13.avi	11574	TasFracture_20150502_284_285_285_13.avi	10867	7.716	NA	-1	135.11284	0.96353	13.93951	1172.91333	7.19644	22.10656	15.57886	69.35162	-129.53606	-1163.67368	Sebastidae	Helicolenus	percoides	37287001	1	AD	Attracted	NA	NA	NA
13	2	TasFracture_20150502_284_285_284_13.avi	11574	TasFracture_20150502_284_285_285_13.avi	10867	7.716	NA	-1	194.65509	0.63842	7.4009	1095.96668	9.13146	7.13295	4.78349	99.8185	-142.43575	-1082.07731	Sebastidae	Helicolenus	percoides	37287001	1	AD	Attracted	NA	NA	NA
13	3	TasFracture_20150502_284_285_284_13.avi	25757	TasFracture_20150502_284_285_285_13.avi	25050	17.17133	NA	-1	453.69633	2.64507	13.59334	1682.85536	12.76255	37.72045	8.5729	354.85805	-110.82525	-1641.27868	Moridae	Pseudophycis	bachus	37224006	1	AD	Attracted	NA	NA	NA
14	0	TasFracture_20150502_284_285_284_14.avi	4250	TasFracture_20150502_284_285_285_14.avi	4969	2.83333	NA	-1	82.44875	0.38519	6.72974	749.66885	11.12882	0.5107	12.00903	-5.30767	-144.6003	-735.57187	Unknown	Unknown	spp	NA	1	NA	NA	diode	NA	NA
X2	0	TasFracture_20150502_284_285_284_X2.avi	11320	TasFracture_20150502_284_285_285_X2.avi	12024	7.54667	Bottom time	3.56333	311.45807	1.32579	10.43647	1071.44139	15.79432	50.79322	11.62726	124.89783	-263.53109	-1030.98912	Moridae	Pseudophycis	barbata	37224003	1	AD	Feeding	NA	NA	NA
X2	1	TasFracture_20150502_284_285_284_X2.avi	44854	TasFracture_20150502_284_285_285_X2.avi	45558	29.90267	Bottom time	25.91933	288.37597	7.18215	16.76157	2490.81546	22.40934	76.66285	8.12907	817.51207	-483.03371	-2302.71886	Sebastidae	Helicolenus	percoides	37287001	1	AD	Attracted	NA	NA	NA
X2	2	TasFracture_20150502_284_285_284_X2.avi	46515	TasFracture_20150502_284_285_285_X2.avi	47219	31.01	Bottom time	27.02667	264.23459	2.27883	18.30299	2299.92251	24.71015	2.54187	0.73268	833.98472	-478.35278	-2089.32804	Sebastidae	Helicolenus	percoides	37287001	1	AD	Attracted	NA	NA	NA
X2	3	TasFracture_20150502_284_285_284_X2.avi	67531	TasFracture_20150502_284_285_285_X2.avi	68235	45.02067	Bottom time	41.03733	389.1316	1.28731	8.73975	2171.7912	12.90967	1.84201	10.34395	107.83249	-473.07587	-2116.89593	Moridae	Pseudophycis	bachus	37224006	1	AD	Attracted	NA	NA	NA
15	0	TasFracture_20150502_286_287_286_15.avi	4402	TasFracture_20150502_286_287_287_15.avi	4461	2.93467	Bottom time	0	33.69225	0.36512	1.09137	713.90832	9.94846	1.99539	0.35336	1.9508	-123.32102	-703.17367	Unknown	Unknown	spp	NA	1	NA	NA	Diode bar	NA	NA
15	1	TasFracture_20150502_286_287_286_15.avi	41653	TasFracture_20150502_286_287_287_15.avi	41712	27.76867	Bottom time	24.834	584.43138	54.4567	44.48893	7000.63005	18.40222	63.32263	0.61562	1694.82431	1418.33269	-6642.64436	Cheilodactylidae	Nemadactylus	macropterus	37377003	1	AD	Passing	NA	NA	NA
15	2	TasFracture_20150502_286_287_286_15.avi	43507	TasFracture_20150502_286_287_287_15.avi	43566	29.00467	Bottom time	26.07	347.58533	16.57131	7.79743	5390.07527	6.11841	22.83677	9.04029	-282.61618	500.17055	-5359.37206	Moridae	Pseudophycis	bachus	37224006	1	AD	Passing	NA	NA	NA
15	3	TasFracture_20150502_286_287_286_15.avi	60660	TasFracture_20150502_286_287_287_15.avi	60719	40.44	Bottom time	37.50533	198.17606	3.39723	7.59901	1940.89728	20.23724	43.12714	10.94796	-656.20833	-141.88351	-1821.08263	Sebastidae	Helicolenus	percoides	37287001	1	AD	Attracted	NA	NA	NA
15	4	TasFracture_20150502_286_287_286_15.avi	60660	TasFracture_20150502_286_287_287_15.avi	60719	40.44	Bottom time	37.50533	246.46088	5.13956	8.43937	3131.03516	10.76119	21.75626	27.71366	443.36034	381.05792	-3075.97263	Sebastidae	Helicolenus	percoides	37287001	1	AD	Attracted	NA	NA	NA
16	0	TasFracture_20150502_286_287_286_16.avi	3252	TasFracture_20150502_286_287_287_16.avi	3903	2.168	NA	-1	35.13007	0.36949	2.71731	720.06219	9.9534	2.8273	1.55605	-11.38374	-123.93898	-709.2243	Unknown	Unknown	spp	NA	1	AD	Passing	diode	NA	NA
16	1	TasFracture_20150502_286_287_286_16.avi	5823	TasFracture_20150502_286_287_287_16.avi	6474	3.882	Bottom time	1.66867	246.46651	1.32777	4.64226	1552.21366	20.63828	14.59117	8.07832	492.84112	-237.55086	-1452.59921	Sebastidae	Helicolenus	percoides	37287001	1	AD	Attracted	NA	NA	NA
X1	0	TasFracture_20150502_286_287_287_X1.avi	3535	TasFracture_20150502_286_287_286_X1.avi	4066	2.35667	NA	-1	206.28586	1.44064	7.66128	2174.78003	7.29432	10.01563	14.95335	-8.24672	276.00052	2157.17961	Unknown	Unknown	spp	NA	1	AD	Passing	diode	NA	NA
9	0	TasFracture_20150502_404_405_404_09.avi	6679	TasFracture_20150502_404_405_405_09.avi	5579	4.45267	NA	-1	47.33378	0.36779	2.25219	723.46637	4.8292	5.70065	5.44848	12.50402	-59.60819	-720.89812	Unknown	Unknown	spp	NA	1	NA	NA	Diode	NA	NA
9	1	TasFracture_20150502_404_405_404_09.avi	10801	TasFracture_20150502_404_405_405_09.avi	9701	7.20067	Bottom time	2.53733	234.01333	2.09132	6.04906	1335.89066	13.34846	53.26588	1.51663	128.84009	-280.22052	-1299.8002	Sebastidae	Helicolenus	percoides	37287001	1	AD	Attracted	NA	NA	NA
9	2	TasFracture_20150502_404_405_404_09.avi	10801	TasFracture_20150502_404_405_405_09.avi	9701	7.20067	Bottom time	2.53733	199.83129	3.01174	10.30937	1708.51552	12.75353	57.99177	32.77696	377.14403	4.22314	-1666.36425	Sebastidae	Helicolenus	percoides	37287001	1	AD	Attracted	NA	NA	NA
9	3	TasFracture_20150502_404_405_404_09.avi	10801	TasFracture_20150502_404_405_405_09.avi	9701	7.20067	Bottom time	2.53733	258.99655	2.92613	8.02428	1526.95096	18.6444	73.05395	2.0296	487.52771	-24.76962	-1446.81804	Sebastidae	Helicolenus	percoides	37287001	1	AD	Attracted	NA	NA	NA
9	4	TasFracture_20150502_404_405_404_09.avi	10801	TasFracture_20150502_404_405_405_09.avi	9701	7.20067	Bottom time	2.53733	144.93374	7.02663	6.049	3017.16973	2.68622	34.24328	22.63956	-57.06533	129.37713	-3013.85439	Sebastidae	Helicolenus	percoides	37287001	1	AD	Attracted	NA	NA	NA
9	5	TasFracture_20150502_404_405_404_09.avi	10801	TasFracture_20150502_404_405_405_09.avi	9701	7.20067	Bottom time	2.53733	139.92692	10.35388	5.89094	2782.68862	12.60623	79.72023	13.22039	448.99636	408.95003	-2715.60639	Sebastidae	Helicolenus	percoides	37287001	1	AD	Attracted	NA	NA	NA
9	6	TasFracture_20150502_404_405_404_09.avi	10801	TasFracture_20150502_404_405_405_09.avi	9701	7.20067	Bottom time	2.53733	158.89992	6.65958	5.327	2823.5762	9.48004	35.62936	10.70826	249.20426	392.64827	-2785.01475	Sebastidae	Helicolenus	percoides	37287001	1	AD	Attracted	NA	NA	NA
9	7	TasFracture_20150502_404_405_404_09.avi	68766	TasFracture_20150502_404_405_405_09.avi	67666	45.844	Bottom time	41.18067	400.05291	6.02361	4.89005	2384.31575	10.6551	48.66798	14.74518	266.84595	350.91813	-2343.20534	Moridae	Pseudophycis	barbata	37224003	1	AD	Attracted	NA	NA	NA
9	8	TasFracture_20150502_404_405_404_09.avi	68776	TasFracture_20150502_404_405_405_09.avi	67676	45.85067	Bottom time	41.18733	379.12504	1.2371	1.59822	1161.6439	12.31536	36.20717	14.59938	-19.06638	-247.03495	-1134.91266	Moridae	Pseudophycis	barbata	37224003	1	AD	Attracted	NA	NA	NA
9	9	TasFracture_20150502_404_405_404_09.avi	81314	TasFracture_20150502_404_405_405_09.avi	80214	54.20933	Bottom time	49.546	727.75536	8.36483	5.36283	3395.77792	13.45159	33.69243	26.62911	-769.74456	177.47243	-3302.62086	Scyliorhinidae	Cephaloscyllium	laticeps	37015001	1	AD	Passing	NA	NA	NA
12	0	TasFracture_20150502_404_405_404_12.avi	6361	TasFracture_20150502_404_405_405_12.avi	5795	4.24067	NA	-1	48.39956	0.36011	0.66309	719.82606	4.76088	2.13481	1.60439	10.8623	-58.74801	-717.34248	Unknown	Unknown	spp	NA	1	NA	NA	Diode	NA	NA
12	1	TasFracture_20150502_404_405_404_12.avi	36302	TasFracture_20150502_404_405_405_12.avi	35736	24.20133	Bottom time	18.216	294.56914	9.4685	8.27067	3640.78424	14.67859	29.12691	5.61782	920.7034	58.53344	-3521.95811	Sebastidae	Helicolenus	percoides	37287001	1	AD	Attracted	NA	NA	NA
12	2	TasFracture_20150502_404_405_404_12.avi	82615	TasFracture_20150502_404_405_405_12.avi	82049	55.07667	Bottom time	49.09133	305.14048	2.00136	10.76098	1870.47113	13.21183	20.8877	5.60833	191.68244	-382.11745	-1820.96303	Moridae	Pseudophycis	bachus	37224006	1	AD	Feeding	NA	NA	NA
37	0	TasFracture_20150502_404_405_404_37.avi	5726	TasFracture_20150502_404_405_405_37.avi	5326	3.81733	NA	-1	47.83822	0.37143	0.68215	736.19582	4.57344	4.04433	11.59934	13.68084	-57.08542	-733.85174	Unknown	Unknown	spp	NA	1	NA	NA	Diode	NA	NA
37	1	TasFracture_20150502_404_405_404_37.avi	25973	TasFracture_20150502_404_405_405_37.avi	25573	17.31533	Bottom time	12.79267	274.34992	0.61538	2.85712	961.20805	14.40964	17.95823	1.49706	59.45484	-231.69266	-930.96968	Sebastidae	Helicolenus	percoides	37287001	1	AD	Attracted	NA	NA	NA
2	0	TasFracture_20150502_404_405_405_02.avi	48067	TasFracture_20150502_404_405_404_02.avi	46882	32.04467	bottom time	25.70067	312.82602	1.03148	6.79422	1278.46018	7.98902	53.80852	66.8641	-66.13689	-164.91732	-1266.05238	Moridae	Pseudophycis	bachus	37224006	1	AD	Feeding	NA	NA	NA
2	1	TasFracture_20150502_404_405_405_02.avi	48132	TasFracture_20150502_404_405_404_02.avi	46947	32.088	bottom time	25.744	276.82338	1.14787	2.02636	1233.97086	3.3565	27.64009	22.16778	-47.60915	-54.34167	-1231.85406	Moridae	Pseudophycis	bachus	37224006	1	AD	Feeding	NA	NA	NA
2	2	TasFracture_20150502_404_405_405_02.avi	74751	TasFracture_20150502_404_405_404_02.avi	73566	49.834	bottom time	43.49	224.25478	8.83234	3.14051	8016.38706	13.1309	3.11753	1.44381	-596.23073	-1720.76808	-7806.78728	Cheilodactylidae	Nemadactylus	macropterus	37377003	1	AD	Passing	NA	NA	NA
2	3	TasFracture_20150502_404_405_405_02.avi	102137	TasFracture_20150502_404_405_404_02.avi	100952	68.09133	bottom time	61.74733	245.32331	1.50604	1.68337	1673.18361	10.56034	15.95745	1.00135	-306.2175	16.20239	-1644.84398	Sebastidae	Helicolenus	percoides	37287001	1	AD	Passing	NA	NA	NA
2	4	TasFracture_20150502_404_405_405_02.avi	102157	TasFracture_20150502_404_405_404_02.avi	100972	68.10467	bottom time	61.76067	157.26936	3.79179	6.20403	2910.0221	11.46796	18.55254	30.07314	-308.7187	489.3226	-2851.92651	Sebastidae	Helicolenus	percoides	37287001	1	AD	Passing	NA	NA	NA
1	0	TasFracture_20150502_406_407_406_01.avi	26534	TasFracture_20150502_406_407_407_01.avi	25797	17.68933	Bottom time	14.99467	291.59927	3.03361	0.22026	2662.34663	18.39565	1.41949	7.01691	-839.71673	-27.75373	-2526.30068	Sebastidae	Helicolenus	percoides	37287001	1	AD	Attracted	NA	NA	NA
1	1	TasFracture_20150502_406_407_406_01.avi	26534	TasFracture_20150502_406_407_407_01.avi	25797	17.68933	Bottom time	14.99467	337.04394	22.50722	13.45101	4308.3345	1.55565	60.60415	17.36319	-13.11202	116.22513	-4306.74656	Sebastidae	Helicolenus	percoides	37287001	1	AD	Passing	NA	NA	NA
1	2	TasFracture_20150502_406_407_406_01.avi	40744	TasFracture_20150502_406_407_407_01.avi	40007	27.16267	Bottom time	24.468	389.74377	8.67672	3.43747	4652.97384	9.7245	15.13804	1.68504	416.6006	666.43981	-4586.11681	Cheilodactylidae	Nemadactylus	macropterus	37377003	1	AD	Passing	NA	NA	NA
1	3	TasFracture_20150502_406_407_406_01.avi	40784	TasFracture_20150502_406_407_407_01.avi	40047	27.18933	Bottom time	24.49467	373.46518	36.12342	4.1504	5495.33017	19.92947	88.59717	9.67238	1575.40209	1013.32195	-5166.23078	Cheilodactylidae	Nemadactylus	macropterus	37377003	1	AD	Passing	NA	NA	NA
1	4	TasFracture_20150502_406_407_406_01.avi	58882	TasFracture_20150502_406_407_407_01.avi	58145	39.25467	Bottom time	36.56	288.88277	6.08663	0.89792	2222.00663	3.83847	56.20694	6.8751	-129.8689	-72.5295	-2217.0221	Moridae	Pseudophycis	bachus	37224006	1	AD	Attracted	NA	NA	NA
1	5	TasFracture_20150502_406_407_406_01.avi	58902	TasFracture_20150502_406_407_407_01.avi	58165	39.268	Bottom time	36.57333	376.11799	2.78127	11.43174	1595.37708	15.90693	50.86405	4.26597	286.44542	-330.36334	-1534.28717	Moridae	Pseudophycis	bachus	37224006	1	AD	Attracted	NA	NA	NA
10	0	TasFracture_20150502_406_407_406_10.avi	3970	TasFracture_20150502_406_407_407_10.avi	4707	2.64667	NA	-1	56.26339	0.42129	6.11389	605.43498	6.6485	0.51681	1.51994	3.70909	-69.99785	-601.3635	Unknown	Unknown	spp	NA	1	NA	NA	diode	NA	NA
10	1	TasFracture_20150502_406_407_406_10.avi	19027	TasFracture_20150502_406_407_407_10.avi	19764	12.68467	Bottom Start	10.01733	328.54039	1.52188	6.41236	919.98278	9.29835	58.32679	12.82453	113.5425	95.93701	-907.89455	Sebastidae	Helicolenus	percoides	37287001	1	AD	Attracted	NA	NA	NA
10	2	TasFracture_20150502_406_407_406_10.avi	40961	TasFracture_20150502_406_407_407_10.avi	41698	27.30733	Bottom Start	24.64	355.66767	1.97004	9.28888	1208.07227	20.80801	53.54227	28.69205	-346.78104	-252.8141	-1129.277	Moridae	Pseudophycis	bachus	37224006	1	AD	Passing	NA	NA	NA
10	3	TasFracture_20150502_406_407_406_10.avi	51049	TasFracture_20150502_406_407_407_10.avi	51786	34.03267	Bottom Start	31.36533	610.63867	1.37413	5.63868	1324.03047	17.47872	11.8895	17.05846	-286.73582	275.54992	-1262.89806	Latridae	Latris	lineata	37378001	1	AD	Passing	NA	NA	NA
10	4	TasFracture_20150502_406_407_406_10.avi	51129	TasFracture_20150502_406_407_407_10.avi	51866	34.086	Bottom Start	31.41867	935.56007	9.70663	5.81903	3098.31462	21.27703	32.00538	1.48003	-850.85591	734.92583	-2887.12344	Latridae	Latris	lineata	37378001	1	AD	Passing	NA	NA	NA
38	0	TasFracture_20150502_406_407_406_38.avi	5395	TasFracture_20150502_406_407_407_38.avi	5225	3.59667	NA	-1	48.55124	0.36269	3.61447	724.02851	6.20013	3.63095	1.14807	-10.56684	-77.47902	-719.79346	Unknown	Unknown	spp	NA	1	NA	NA	Diode	NA	NA
38	1	TasFracture_20150502_406_407_406_38.avi	38567	TasFracture_20150502_406_407_407_38.avi	38431	25.71133	Bottom time	20.984	202.58739	1.42112	3.12905	1910.99804	15.4504	5.40937	34.63988	-508.71878	-19.64178	-1841.93727	Sebastidae	Helicolenus	percoides	37287001	1	AD	Attracted	NA	NA	NA
38	2	TasFracture_20150502_406_407_406_38.avi	39209	TasFracture_20150502_406_407_407_38.avi	39073	26.13933	Bottom time	21.412	230.79734	1.61362	6.83606	1257.28613	17.42146	48.06436	18.12925	-262.63186	-269.67275	-1199.61224	Sebastidae	Helicolenus	percoides	37287001	1	AD	Attracted	NA	NA	NA
19	0	TasFracture_20150502_406_407_407_19.avi	4631	TasFracture_20150502_406_407_406_19.avi	4285	3.08733	NA	-1	49.25691	0.37454	1.13782	748.73636	5.78518	2.45825	3.29655	5.72738	-75.25416	-744.92291	Unknown	Unknown	spp	NA	1	AD	Passing	diode	NA	NA
19	1	TasFracture_20150502_406_407_407_19.avi	41820	TasFracture_20150502_406_407_406_19.avi	41474	27.88	Bottom time	24.72333	274.99741	4.03014	1.30238	2289.50003	16.94651	33.20619	6.52986	-418.21239	520.0405	-2190.08372	Sebastidae	Helicolenus	percoides	37287001	1	AD	Attracted	NA	NA	NA
19	2	TasFracture_20150502_406_407_407_19.avi	41830	TasFracture_20150502_406_407_406_19.avi	41484	27.88667	Bottom time	24.73	317.83945	1.41111	6.28656	2305.82977	13.12921	5.80615	7.03051	-58.58468	520.47734	-2245.55608	Sebastidae	Helicolenus	percoides	37287001	1	AD	Attracted	NA	NA	NA
19	3	TasFracture_20150502_406_407_407_19.avi	42180	TasFracture_20150502_406_407_406_19.avi	41834	28.12	Bottom time	24.96333	210.07731	1.3363	1.71074	1702.09098	12.71993	12.31032	22.62091	337.59723	162.74205	-1660.31829	Sebastidae	Helicolenus	percoides	37287001	1	AD	Attracted	NA	NA	NA
19	4	TasFracture_20150502_406_407_407_19.avi	46059	TasFracture_20150502_406_407_406_19.avi	45713	30.706	Bottom time	27.54933	285.38308	0.75262	13.77889	1231.60161	15.45538	9.76696	9.80826	171.60584	-279.7699	-1187.06477	Moridae	Pseudophycis	bachus	37224006	1	AD	Feeding	NA	NA	NA
19	5	TasFracture_20150502_406_407_407_19.avi	46149	TasFracture_20150502_406_407_406_19.avi	45803	30.766	Bottom time	27.60933	333.8385	0.87488	12.33792	1271.89157	10.73566	12.46066	11.16238	180.02094	-154.03319	-1249.62971	Moridae	Pseudophycis	bachus	37224006	1	AD	Attracted	NA	NA	NA
19	6	TasFracture_20150502_406_407_407_19.avi	52507	TasFracture_20150502_406_407_406_19.avi	52161	35.00467	Bottom time	31.848	773.52539	25.66654	12.14718	5191.14668	13.01274	44.22334	11.07289	15.75628	1168.77236	-5057.83815	Scyliorhinidae	Cephaloscyllium	laticeps	37015001	1	AD	Passing	NA	NA	NA
19	7	TasFracture_20150502_406_407_407_19.avi	61691	TasFracture_20150502_406_407_406_19.avi	61345	41.12733	Bottom time	37.97067	377.2504	9.39789	0.44979	3109.89826	22.6431	60.41432	24.47821	1043.45426	587.09404	-2870.19006	Cheilodactylidae	Nemadactylus	macropterus	37377003	1	AD	Passing	NA	NA	NA
19	8	TasFracture_20150502_406_407_407_19.avi	71307	TasFracture_20150502_406_407_406_19.avi	70961	47.538	Bottom time	44.38133	538.58001	1.69012	3.95942	1640.59916	9.31757	21.57649	8.79973	-139.72527	225.90415	-1618.95329	Latridae	Latris	lineata	37378001	1	AD	Attracted	NA	NA	NA
19	9	TasFracture_20150502_406_407_407_19.avi	71327	TasFracture_20150502_406_407_406_19.avi	70981	47.55133	Bottom time	44.39467	531.85757	2.58764	3.40485	1354.77093	5.51564	70.22721	23.00113	-103.01594	79.65072	-1348.49833	Latridae	Latris	lineata	37378001	1	AD	Attracted	NA	NA	NA
166	0	TF_20150429_282_283_282_166.avi	6458	TF_20150429_282_283_283_166.avi	7341	4.30533	NA	-1	48.12412	0.39317	0.6532	745.69257	4.34322	1.15375	1.15983	16.11174	-54.12478	-743.55116	Unknown	Unknown	spp	NA	1	AD	NA	Diode	NA	NA
166	1	TF_20150429_282_283_282_166.avi	56724	TF_20150429_282_283_283_166.avi	57607	37.816	Start	33.488	125.149	1.5207	3.28928	1440.18099	17.58112	25.14395	3.87485	-417.13924	123.4218	-1372.91049	Cheilodactylidae	Nemadactylus	macropterus	37377003	1	AD	Passing	NA	NA	NA
166	2	TF_20150429_282_283_282_166.avi	56724	TF_20150429_282_283_283_166.avi	57607	37.816	Start	33.488	114.76254	2.33543	4.13344	2146.85575	7.66346	16.7559	13.09535	221.42703	181.47553	-2127.68097	Cheilodactylidae	Nemadactylus	macropterus	37377003	1	AD	Passing	NA	NA	NA
166	3	TF_20150429_282_283_282_166.avi	56734	TF_20150429_282_283_283_166.avi	57617	37.82267	Start	33.49467	112.42422	3.08079	3.59785	1777.84304	17.38204	42.80438	10.90986	-457.28343	270.14068	-1696.65605	Cheilodactylidae	Nemadactylus	macropterus	37377003	1	AD	Passing	NA	NA	NA
166	4	TF_20150429_282_283_282_166.avi	59532	TF_20150429_282_283_283_166.avi	60415	39.688	Start	35.36	565.50426	1.78045	8.35923	2069.3354	21.67608	1.82804	13.19903	634.52983	426.10818	-1923.00617	Latridae	Latris	lineata	37378001	1	AD	Attracted	NA	NA	NA
166	5	TF_20150429_282_283_282_166.avi	80591	TF_20150429_282_283_283_166.avi	81474	53.72733	Start	49.39933	153.22141	1.78264	2.92102	1737.15055	18.24751	16.17545	2.04517	-527.274	133.61904	-1649.79396	Moridae	Pseudophycis	bachus	37224006	1	AD	Passing	NA	NA	NA
166	6	TF_20150429_282_283_282_166.avi	91819	TF_20150429_282_283_283_166.avi	92702	61.21267	Start	56.88467	173.66357	1.35598	15.73168	1045.91522	10.57706	58.82429	25.21769	-105.23695	-160.57317	-1028.14401	Sebastidae	Helicolenus	percoides	37287001	1	AD	Attracted	NA	NA	NA
166	7	TF_20150429_282_283_282_166.avi	91819	TF_20150429_282_283_283_166.avi	92702	61.21267	Start	56.88467	156.34721	1.10881	1.87209	1986.70301	1.96742	3.69465	7.0462	-19.49092	65.36185	-1985.53186	Sebastidae	Helicolenus	percoides	37287001	1	AD	Attracted	NA	NA	NA
166	8	TF_20150429_282_283_282_166.avi	91849	TF_20150429_282_283_283_166.avi	92732	61.23267	Start	56.90467	156.28014	2.60615	11.17405	1557.13621	6.73918	48.1527	26.83953	-110.33376	145.65918	-1546.37739	Sebastidae	Helicolenus	percoides	37287001	1	AD	Attracted	NA	NA	NA
166	9	TF_20150429_282_283_282_166.avi	91849	TF_20150429_282_283_283_166.avi	92732	61.23267	Start	56.90467	290.10157	1.8446	18.89417	1151.45214	15.6243	68.45694	6.72979	272.72589	-147.62844	-1108.90417	Sebastidae	Helicolenus	percoides	37287001	1	AD	Feeding	NA	NA	NA
52	0	TF_20150429_282_283_282_52.avi	7272	TF_20150429_282_283_283_52.avi	7082	4.848	NA	-1	46.25326	0.39574	1.84185	742.95684	4.08817	3.67758	0.12994	24.68421	-46.86304	-741.0664	Unknown	Unknown	spp	NA	1	NA	NA	Diode	NA	NA
52	1	TF_20150429_282_283_282_52.avi	9419	TF_20150429_282_283_283_52.avi	9229	6.27933	Start	1.378	226.29245	2.12231	4.67451	1501.13979	19.42454	44.65808	17.78891	-451.92252	212.116	-1415.69541	Sebastidae	Helicolenus	percoides	37287001	1	AD	Attracted	NA	NA	NA
52	2	TF_20150429_282_283_282_52.avi	9419	TF_20150429_282_283_283_52.avi	9229	6.27933	Start	1.378	190.88707	1.96044	4.44376	1621.66438	15.56226	30.60146	26.02487	-183.08606	394.66977	-1562.21337	Sebastidae	Helicolenus	percoides	37287001	1	AD	Attracted	NA	NA	NA
52	3	TF_20150429_282_283_282_52.avi	11848	TF_20150429_282_283_283_52.avi	11658	7.89867	Start	2.99733	135.50128	1.96677	6.60964	1288.65765	13.45744	83.45522	38.47489	289.24167	79.24326	-1253.27503	Moridae	Pseudophycis	bachus	37224006	1	J	Attracted	NA	NA	NA
52	4	TF_20150429_282_283_282_52.avi	86804	TF_20150429_282_283_283_52.avi	86614	57.86933	Start	52.968	217.56379	1.02096	0.56913	1038.3607	3.83741	36.44644	29.20358	-43.49312	54.19952	-1036.03268	Cheilodactylidae	Nemadactylus	macropterus	37377003	1	AD	Attracted	NA	NA	NA
52	5	TF_20150429_282_283_282_52.avi	86804	TF_20150429_282_283_283_52.avi	86614	57.86933	Start	52.968	129.43246	0.66637	3.52586	1028.2867	15.67829	32.39078	62.00079	-209.02123	183.10453	-990.02848	Cheilodactylidae	Nemadactylus	macropterus	37377003	1	AD	Attracted	NA	NA	NA
52	6	TF_20150429_282_283_282_52.avi	86805	TF_20150429_282_283_283_52.avi	86615	57.87	Start	52.96867	152.23303	1.09654	2.86835	1332.61067	17.28613	71.74337	70.30246	312.74437	242.8758	-1272.42033	Cheilodactylidae	Nemadactylus	macropterus	37377003	1	AD	Attracted	NA	NA	NA
52	7	TF_20150429_282_283_282_52.avi	86828	TF_20150429_282_283_283_52.avi	86638	57.88533	Start	52.984	121.7606	0.99002	2.82571	1131.90723	16.97525	60.19226	58.99149	-232.2882	235.05877	-1082.59112	Cheilodactylidae	Nemadactylus	macropterus	37377003	1	AD	Attracted	NA	NA	NA
40	0	TF_20150429_282_284_282_40.avi	9883	TF_20150429_282_284_284_40.avi	8868	6.58867	NA	-1	49.081	0.38585	3.49582	735.31111	4.83945	0.43057	4.44772	10.8279	-61.08149	-732.68972	Unknown	Unknown	spp	NA	1	NA	NA	Diode	NA	NA
40	1	TF_20150429_282_284_282_40.avi	57869	TF_20150429_282_284_284_40.avi	56854	38.57933	Start	31.968	148.76822	3.61368	6.17633	1819.07284	13.03674	46.48173	3.80173	126.20111	-390.45008	-1772.18735	Moridae	Pseudophycis	bachus	37224006	1	J	Attracted	NA	NA	NA
40	2	TF_20150429_282_284_282_40.avi	84338	TF_20150429_282_284_284_40.avi	83323	56.22533	Start	49.614	121.44023	6.08507	14.83595	2662.64456	9.05554	33.86175	11.3526	-407.6494	97.20455	-2629.45798	Cheilodactylidae	Nemadactylus	macropterus	37377003	1	AD	Passing	NA	NA	NA
40	3	TF_20150429_282_284_282_40.avi	84338	TF_20150429_282_284_284_40.avi	83323	56.22533	Start	49.614	84.52853	4.62591	17.23766	2999.08397	10.98491	16.76096	9.01106	-558.32851	121.88175	-2944.13294	Cheilodactylidae	Nemadactylus	macropterus	37377003	1	AD	Passing	NA	NA	NA
40	4	TF_20150429_282_284_282_40.avi	84338	TF_20150429_282_284_284_40.avi	83323	56.22533	Start	49.614	126.54356	8.1301	16.8671	2585.46714	11.67333	55.23657	8.59716	-520.9834	-47.245	-2531.99221	Cheilodactylidae	Nemadactylus	macropterus	37377003	1	AD	Passing	NA	NA	NA
40	5	TF_20150429_282_284_282_40.avi	84338	TF_20150429_282_284_284_40.avi	83323	56.22533	Start	49.614	93.94873	7.72309	20.61678	2293.26338	10.59957	79.21935	5.31789	-421.70674	-10.2749	-2254.13282	Cheilodactylidae	Nemadactylus	macropterus	37377003	1	AD	Passing	NA	NA	NA
40	6	TF_20150429_282_284_282_40.avi	84338	TF_20150429_282_284_284_40.avi	83323	56.22533	Start	49.614	101.81803	6.05402	14.54219	2126.17903	5.41569	65.91072	19.75055	-195.91781	43.41622	-2116.6881	Cheilodactylidae	Nemadactylus	macropterus	37377003	1	AD	Passing	NA	NA	NA
40	7	TF_20150429_282_284_282_40.avi	84338	TF_20150429_282_284_284_40.avi	83323	56.22533	Start	49.614	123.9192	5.21968	11.06658	2292.78187	5.28027	41.77389	18.96061	-205.00724	-49.92763	-2283.05233	Cheilodactylidae	Nemadactylus	macropterus	37377003	1	AD	Passing	NA	NA	NA
40	8	TF_20150429_282_284_282_40.avi	84338	TF_20150429_282_284_284_40.avi	83323	56.22533	Start	49.614	123.12457	3.16361	12.49383	2512.26768	3.12441	17.3532	8.05019	-125.31639	-55.1848	-2508.5333	Cheilodactylidae	Nemadactylus	macropterus	37377003	1	AD	Passing	NA	NA	NA
40	9	TF_20150429_282_284_282_40.avi	84338	TF_20150429_282_284_284_40.avi	83323	56.22533	Start	49.614	173.48671	6.03248	28.88348	2001.50422	5.05572	74.86543	2.21232	-100.81004	-144.73372	-1993.71729	Cheilodactylidae	Nemadactylus	macropterus	37377003	1	AD	Passing	NA	NA	NA
40	10	TF_20150429_282_284_282_40.avi	84338	TF_20150429_282_284_284_40.avi	83323	56.22533	Start	49.614	149.145	1.55379	9.10009	1798.81925	5.60128	15.01947	15.77803	14.33707	-174.9878	-1790.23027	Cheilodactylidae	Nemadactylus	macropterus	37377003	1	AD	Passing	NA	NA	NA
40	11	TF_20150429_282_284_282_40.avi	84338	TF_20150429_282_284_284_40.avi	83323	56.22533	Start	49.614	142.29247	1.2558	8.14713	2025.88859	5.64626	5.50112	16.19969	130.2801	-150.84928	-2016.05957	Cheilodactylidae	Nemadactylus	macropterus	37377003	1	AD	Passing	NA	NA	NA
40	12	TF_20150429_282_284_282_40.avi	84338	TF_20150429_282_284_284_40.avi	83323	56.22533	Start	49.614	151.36922	3.77061	8.83364	2147.41943	4.7036	31.05822	10.62201	155.96617	-81.74645	-2140.18744	Cheilodactylidae	Nemadactylus	macropterus	37377003	1	AD	Passing	NA	NA	NA
40	13	TF_20150429_282_284_282_40.avi	84338	TF_20150429_282_284_284_40.avi	83323	56.22533	Start	49.614	117.87772	5.85152	9.18012	3068.66431	7.39775	22.76479	8.87177	391.13141	-55.93781	-3043.1214	Cheilodactylidae	Nemadactylus	macropterus	37377003	1	AD	Passing	NA	NA	NA
40	14	TF_20150429_282_284_282_40.avi	84338	TF_20150429_282_284_284_40.avi	83323	56.22533	Start	49.614	116.73655	3.90432	13.23908	3214.41991	2.59206	13.0534	11.03041	126.06647	-72.38714	-3211.13107	Cheilodactylidae	Nemadactylus	macropterus	37377003	1	AD	Passing	NA	NA	NA
40	15	TF_20150429_282_284_282_40.avi	84338	TF_20150429_282_284_284_40.avi	83323	56.22533	Start	49.614	134.81342	5.93885	8.00709	2484.7038	19.92888	45.31535	5.72173	798.27451	-282.89776	-2335.91088	Cheilodactylidae	Nemadactylus	macropterus	37377003	1	AD	Passing	NA	NA	NA
40	16	TF_20150429_282_284_282_40.avi	84338	TF_20150429_282_284_284_40.avi	83323	56.22533	Start	49.614	334.30366	3.79023	39.14405	2169.60688	25.44057	43.95469	9.25935	856.35735	-367.81971	-1959.22299	Cheilodactylidae	Nemadactylus	macropterus	37377003	1	AD	Passing	NA	NA	NA
40	17	TF_20150429_282_284_282_40.avi	84338	TF_20150429_282_284_284_40.avi	83323	56.22533	Start	49.614	170.71344	4.04047	18.481	2268.30672	23.56729	38.21539	11.42506	845.93202	-326.98161	-2079.10977	Cheilodactylidae	Nemadactylus	macropterus	37377003	1	AD	Passing	NA	NA	NA
40	18	TF_20150429_282_284_282_40.avi	84342	TF_20150429_282_284_284_40.avi	83327	56.228	Start	49.61667	134.65411	8.48163	4.12785	2780.74293	16.57239	50.58568	1.03264	788.3261	-87.26669	-2665.23127	Cheilodactylidae	Nemadactylus	macropterus	37377003	1	AD	Passing	NA	NA	NA
40	19	TF_20150429_282_284_282_40.avi	84348	TF_20150429_282_284_284_40.avi	83333	56.232	Start	49.62067	119.33937	4.6647	1.06898	2079.84519	22.50054	61.23443	3.06846	766.74175	-213.60796	-1921.51886	Cheilodactylidae	Nemadactylus	macropterus	37377003	1	AD	Passing	NA	NA	NA
40	20	TF_20150429_282_284_282_40.avi	84371	TF_20150429_282_284_284_40.avi	83356	56.24733	Start	49.636	93.9235	4.62115	1.70252	2557.99523	22.38602	29.76405	6.235	920.95051	-317.66956	-2365.22215	Cheilodactylidae	Nemadactylus	macropterus	37377003	1	AD	Passing	NA	NA	NA
40	21	TF_20150429_282_284_282_40.avi	84371	TF_20150429_282_284_284_40.avi	83356	56.24733	Start	49.636	128.9156	2.57201	6.89654	1713.02574	9.29403	33.17719	0.68654	99.70293	-258.06508	-1690.53806	Cheilodactylidae	Nemadactylus	macropterus	37377003	1	AD	Passing	NA	NA	NA
40	22	TF_20150429_282_284_282_40.avi	93228	TF_20150429_282_284_284_40.avi	92213	62.152	Start	55.54067	120.12178	3.14743	1.56096	1756.81812	20.42516	48.61743	1.75706	437.31639	-429.70548	-1646.36493	Sebastidae	Helicolenus	percoides	37287001	1	AD	Passing	NA	NA	NA
40	23	TF_20150429_282_284_282_40.avi	93228	TF_20150429_282_284_284_40.avi	92213	62.152	Start	55.54067	150.42395	2.14543	0.25656	1875.21545	23.06709	21.54485	5.49407	637.24749	-365.7013	-1725.28583	Sebastidae	Helicolenus	percoides	37287001	1	AD	Attracted	NA	NA	NA
40	24	TF_20150429_282_284_282_40.avi	93228	TF_20150429_282_284_284_40.avi	92213	62.152	Start	55.54067	202.88477	2.08651	2.98198	1775.51021	25.17623	28.38553	4.14751	646.53471	-390.49277	-1606.84311	Sebastidae	Helicolenus	percoides	37287001	1	AD	Attracted	NA	NA	NA
40	25	TF_20150429_282_284_282_40.avi	93228	TF_20150429_282_284_284_40.avi	92213	62.152	Start	55.54067	104.12816	4.35286	1.24504	2988.16705	21.39265	18.40238	33.61235	1037.85845	-332.94681	-2782.29017	Sebastidae	Helicolenus	percoides	37287001	1	AD	Attracted	NA	NA	NA
41	0	TF_20150429_284_285_284_41.avi	9552	TF_20150429_284_285_285_41.avi	9127	6.368	NA	-1	46.88639	0.38371	17.50706	740.59091	11.44219	5.9926	0.95397	4.72033	-146.84196	-725.87193	Unknown	Unknown	spp	NA	1	NA	NA	Diode	NA	NA
41	1	TF_20150429_284_285_284_41.avi	15385	TF_20150429_284_285_285_41.avi	14960	10.25667	Start	3.86733	54.03738	3.0822	29.79519	1566.28128	15.06308	61.31597	5.24105	136.57341	-383.45324	-1512.46433	Sebastidae	Helicolenus	percoides	37287001	1	J	Passing	NA	NA	NA
41	2	TF_20150429_284_285_284_41.avi	117184	TF_20150429_284_285_285_41.avi	116759	78.12267	Start	71.73333	122.46543	1.70039	49.93574	2579.77433	7.6727	0.69571	5.94616	305.25487	-159.54796	-2556.67744	Cheilodactylidae	Nemadactylus	macropterus	37377003	1	AD	Passing	NA	NA	NA
41	3	TF_20150429_284_285_284_41.avi	117184	TF_20150429_284_285_285_41.avi	116759	78.12267	Start	71.73333	138.38834	1.84131	45.08866	2391.24131	10.33927	3.87876	5.67362	394.38015	-169.27115	-2352.41292	Cheilodactylidae	Nemadactylus	macropterus	37377003	1	AD	Passing	NA	NA	NA
41	4	TF_20150429_284_285_284_41.avi	117184	TF_20150429_284_285_285_41.avi	116759	78.12267	Start	71.73333	164.79509	6.40241	55.78175	2682.09284	15.70051	38.46737	9.10364	717.22978	-111.1974	-2582.02219	Cheilodactylidae	Nemadactylus	macropterus	37377003	1	AD	Passing	NA	NA	NA
41	5	TF_20150429_284_285_284_41.avi	117184	TF_20150429_284_285_285_41.avi	116759	78.12267	Start	71.73333	126.29945	5.87008	63.54382	2972.46359	19.49293	25.3091	2.66009	991.88091	2.02455	-2802.08993	Cheilodactylidae	Nemadactylus	macropterus	37377003	1	AD	Passing	NA	NA	NA
41	6	TF_20150429_284_285_284_41.avi	117184	TF_20150429_284_285_285_41.avi	116759	78.12267	Start	71.73333	135.30257	3.43331	58.72506	2704.36116	21.52832	6.10176	2.25719	984.54535	-124.57307	-2515.69499	Cheilodactylidae	Nemadactylus	macropterus	37377003	1	AD	Passing	NA	NA	NA
41	7	TF_20150429_284_285_284_41.avi	117184	TF_20150429_284_285_285_41.avi	116759	78.12267	Start	71.73333	114.04181	3.80006	54.16239	2508.00901	22.54366	22.3809	9.78079	940.26063	-201.16371	-2316.36619	Cheilodactylidae	Nemadactylus	macropterus	37377003	1	AD	Passing	NA	NA	NA
41	8	TF_20150429_284_285_284_41.avi	117184	TF_20150429_284_285_285_41.avi	116759	78.12267	Start	71.73333	217.6069	3.82855	35.57104	1772.58435	11.86806	88.20448	35.31796	203.43135	-302.50684	-1734.69322	Sebastidae	Helicolenus	percoides	37287001	1	AD	Passing	NA	NA	NA
41	9	TF_20150429_284_285_284_41.avi	117184	TF_20150429_284_285_285_41.avi	116759	78.12267	Start	71.73333	152.21862	4.03753	35.16706	1808.82786	13.54646	75.33974	28.11869	354.08935	-232.66461	-1758.50679	Sebastidae	Helicolenus	percoides	37287001	1	AD	Passing	NA	NA	NA
41	10	TF_20150429_284_285_284_41.avi	117184	TF_20150429_284_285_285_41.avi	116759	78.12267	Start	71.73333	190.65857	4.36285	43.84383	1881.06362	18.92401	84.54747	18.51707	577.68596	-196.07621	-1779.3913	Sebastidae	Helicolenus	percoides	37287001	1	AD	Passing	NA	NA	NA
41	11	TF_20150429_284_285_284_41.avi	117184	TF_20150429_284_285_285_41.avi	116759	78.12267	Start	71.73333	232.64266	2.74816	50.80573	1843.74575	24.05588	41.02334	6.76192	710.14394	-246.0491	-1683.61332	Sebastidae	Helicolenus	percoides	37287001	1	AD	Passing	NA	NA	NA
41	12	TF_20150429_284_285_284_41.avi	117284	TF_20150429_284_285_285_41.avi	116859	78.18933	Start	71.8	157.26414	11.91737	68.78611	3286.03847	22.92481	85.73013	12.22995	1279.98688	0.48363	-3026.49668	Cheilodactylidae	Nemadactylus	macropterus	37377003	1	AD	Passing	NA	NA	NA
160	0	TF_20150429_286_287_286_160.avi	5374	TF_20150429_286_287_287_160.avi	6175	178.514	NA	-1	46.7752	0.36418	2.75611	704.71242	7.9759	0.78214	3.63781	9.29238	-97.34099	-697.89539	Sebastidae	Unknown	spp	37287949	1	NA	NA	Diode	NA	NA
160	1	TF_20150429_286_287_286_160.avi	49421	TF_20150429_286_287_287_160.avi	50222	207.87867	Start	29.31867	309.33134	0.89828	8.06123	911.74058	5.67365	40.61015	19.07944	-14.80064	-88.91314	-907.2741	Moridae	Pseudophycis	barbata	37224003	1	AD	Feeding	NA	NA	NA
160	2	TF_20150429_286_287_286_160.avi	89023	TF_20150429_286_287_287_160.avi	89824	234.28	Start	55.72	173.8149	2.05537	2.37476	1290.43924	4.64049	52.85296	12.60969	99.97086	-30.08924	-1286.20912	Moridae	Pseudophycis	bachus	37224006	1	J	Attracted	NA	NA	NA
160	3	TF_20150429_286_287_286_160.avi	89023	TF_20150429_286_287_287_160.avi	89824	234.28	Start	55.72	94.99726	7.63988	10.16485	2699.65866	19.30648	57.45165	11.90728	796.98084	401.86116	-2547.83949	Moridae	Pseudophycis	bachus	37224006	1	J	Attracted	NA	NA	NA
160	4	TF_20150429_286_287_286_160.avi	91022	TF_20150429_286_287_287_160.avi	91823	235.61267	Start	57.05267	258.24104	0.67991	1.69522	788.59174	9.63202	40.01243	5.97682	-103.87307	-81.36567	-777.47472	Sebastidae	Helicolenus	percoides	37287001	1	AD	Attracted	NA	NA	NA
160	5	TF_20150429_286_287_286_160.avi	91022	TF_20150429_286_287_287_160.avi	91823	235.61267	Start	57.05267	220.07485	0.85084	3.13478	1470.02481	3.0658	5.45533	4.20706	-33.71565	-71.02465	-1467.92088	Sebastidae	Helicolenus	percoides	37287001	1	AD	Attracted	NA	NA	NA
160	6	TF_20150429_286_287_286_160.avi	91022	TF_20150429_286_287_287_160.avi	91823	235.61267	Start	57.05267	236.68207	2.23752	5.22104	1649.52921	20.75283	37.64204	12.95713	-584.45572	6.30047	-1542.50395	Sebastidae	Helicolenus	percoides	37287001	1	AD	Attracted	NA	NA	NA
160	7	TF_20150429_286_287_286_160.avi	91152	TF_20150429_286_287_287_160.avi	91953	235.69933	Start	57.13933	151.78877	2.22194	2.38439	1368.97907	9.49595	56.47643	22.66698	181.10945	-134.93765	-1350.22031	Sebastidae	Helicolenus	percoides	37287001	1	AD	Attracted	NA	NA	NA
160	8	TF_20150429_286_287_286_160.avi	91562	TF_20150429_286_287_287_160.avi	92363	235.97267	Start	57.41267	208.03554	6.33629	9.82987	2524.83475	23.53953	77.10959	20.11876	962.57657	300.43686	-2314.72991	Sebastidae	Helicolenus	percoides	37287001	1	AD	Attracted	NA	NA	NA
164	0	TF_20150429_286_287_286_164.avi	5438	TF_20150429_286_287_287_164.avi	6373	251.55667	Start	0.02267	49.99141	0.37601	3.12382	718.75893	6.2802	0.7453	3.07181	12.26978	-77.6624	-714.44552	Unknown	Unknown	spp	NA	1	NA	NA	Diode	NA	NA
164	1	TF_20150429_286_287_286_164.avi	85663	TF_20150429_286_287_287_164.avi	86598	305.04	Start	53.506	308.91405	0.64659	2.89328	1170.98687	13.72289	2.15281	9.86731	45.35953	-274.0605	-1137.56038	Moridae	Pseudophycis	bachus	37224006	1	AD	Feeding	NA	NA	NA
164	2	TF_20150429_286_287_286_164.avi	87753	TF_20150429_286_287_287_164.avi	88688	306.43333	Start	54.89933	115.70742	2.692	52.29247	2190.74279	20.92444	18.87089	9.91812	756.53851	-199.47416	-2046.26819	Cheilodactylidae	Nemadactylus	macropterus	37377003	1	J	Passing	NA	NA	NA
164	3	TF_20150429_286_287_286_164.avi	87783	TF_20150429_286_287_287_164.avi	88718	306.45333	Start	54.91933	92.93739	2.13188	53.17599	2143.01209	23.08307	9.41629	12.21715	808.81979	-227.48188	-1971.43687	Cheilodactylidae	Nemadactylus	macropterus	37377003	1	J	Passing	NA	NA	NA
164	4	TF_20150429_286_287_286_164.avi	87843	TF_20150429_286_287_287_164.avi	88778	306.49333	Start	54.95933	83.42091	2.60491	19.53077	2037.82864	21.65444	25.36554	14.80874	718.77373	-220.97539	-1894.01156	Cheilodactylidae	Nemadactylus	macropterus	37377003	1	J	Passing	NA	NA	NA
164	5	TF_20150429_286_287_286_164.avi	87933	TF_20150429_286_287_287_164.avi	88868	306.55333	Start	55.01933	126.97276	8.47081	8.85125	2881.97943	20.43359	59.08813	17.7504	825.66167	-575.01498	-2700.63808	Cheilodactylidae	Nemadactylus	macropterus	37377003	1	J	Passing	NA	NA	NA
50	0	TF_20150429_286_287_286_50.avi	8103	TF_20150429_286_287_287_50.avi	7922	337.02933	NA	-1	67.61705	0.38188	3.18717	722.80593	7.40793	5.28975	11.10623	-1.94245	-93.17323	-716.7729	Unknown	Unknown	spp	NA	1	NA	NA	diode	NA	NA
50	1	TF_20150429_286_287_286_50.avi	12987	TF_20150429_286_287_287_50.avi	12806	340.28533	Start	3.234	168.45724	2.07886	1.17919	1727.51142	18.85875	28.39132	16.59203	406.73908	-382.57988	-1634.77572	Sebastidae	Helicolenus	percoides	37287001	1	J	Attracted	NA	NA	NA
50	2	TF_20150429_286_287_286_50.avi	21411	TF_20150429_286_287_287_50.avi	21230	345.90133	Start	8.85	777.59998	9.15997	7.59323	2551.14904	5.85805	65.0813	8.74826	-147.60768	214.49988	-2537.82647	Latridae	Latris	lineata	37378001	1	AD	Passing	NA	NA	NA
50	3	TF_20150429_286_287_286_50.avi	23898	TF_20150429_286_287_287_50.avi	23717	347.55933	Start	10.508	467.06638	2.40569	11.11039	1352.23073	19.0561	69.32391	2.46767	-386.841	-212.77188	-1278.12759	Moridae	Pseudophycis	barbata	37224003	1	AD	Attracted	NA	NA	NA
50	4	TF_20150429_286_287_286_50.avi	83075	TF_20150429_286_287_287_50.avi	82894	387.01067	Start	49.95933	234.91654	2.35686	1.6339	2364.26364	11.94589	10.9836	16.689	489.03578	-18.18713	-2313.06199	Cheilodactylidae	Nemadactylus	macropterus	37377003	1	AD	Passing	NA	NA	NA
50	5	TF_20150429_286_287_286_50.avi	83118	TF_20150429_286_287_287_50.avi	82937	387.03933	Start	49.988	243.29811	1.73358	6.32772	1547.56711	18.20274	26.49085	5.98967	-439.72019	-200.8739	-1470.12238	Cheilodactylidae	Nemadactylus	macropterus	37377003	1	AD	Passing	NA	NA	NA
50	6	TF_20150429_286_287_286_50.avi	83128	TF_20150429_286_287_287_50.avi	82947	387.046	Start	49.99467	262.47701	1.89502	1.36399	1611.97069	6.9611	25.94797	0.12383	1.13456	-195.36007	-1600.08833	Cheilodactylidae	Nemadactylus	macropterus	37377003	1	AD	Passing	NA	NA	NA
161	0	TF_20150429_404_405_404_161.avi	19684	TF_20150429_404_405_405_161.avi	1413	639.86733	Start	8.00667	421.03398	2.35247	1.82047	2078.42595	6.05929	25.39124	40.08295	2.42584	219.38015	-2066.81419	Unknown	Unknown	spp	NA	1	F	Attracted	sharks spp	NA	NA
165	0	TF_20150429_404_405_404_165.avi	4707	TF_20150429_404_405_405_165.avi	4658	1882.61933	Start	0.172	49.03841	0.36411	1.46484	727.58449	4.64647	1.94493	10.1143	11.75513	-57.75552	-725.19329	Unknown	Unknown	spp	NA	1	NA	NA	Diode	NA	NA
165	1	TF_20150429_404_405_404_165.avi	21951	TF_20150429_404_405_405_165.avi	21902	1894.11533	Start	11.668	327.02369	1.47851	3.22595	1920.23129	18.91521	4.30657	3.2813	478.591	-398.03325	-1816.53748	Moridae	Pseudophycis	bachus	37224006	1	AD	Attracted	NA	NA	NA
165	2	TF_20150429_404_405_404_165.avi	31278	TF_20150429_404_405_405_165.avi	31229	1900.33333	Start	17.886	209.37255	1.60394	6.54412	2013.36649	14.52303	7.58367	13.10602	422.78415	-275.98483	-1949.03323	Sebastidae	Helicolenus	percoides	37287001	1	AD	Attracted	NA	NA	NA
165	3	TF_20150429_404_405_404_165.avi	31278	TF_20150429_404_405_405_165.avi	31229	1900.33333	Start	17.886	205.88992	1.5841	5.65281	1941.17044	17.99748	7.01509	6.689	490.1876	-345.60706	-1846.18919	Sebastidae	Helicolenus	percoides	37287001	1	AD	Attracted	NA	NA	NA
165	4	TF_20150429_404_405_404_165.avi	31308	TF_20150429_404_405_405_165.avi	31259	1900.35333	Start	17.906	168.80594	2.74671	11.47987	3626.99731	7.30728	4.13525	10.57539	332.91687	-319.34737	-3597.53987	Sebastidae	Helicolenus	percoides	37287001	1	AD	Attracted	NA	NA	NA
165	5	TF_20150429_404_405_404_165.avi	31498	TF_20150429_404_405_405_165.avi	31449	1900.48	Start	18.03267	286.46459	1.13678	2.34073	1400.66142	17.47474	17.70056	5.94616	-319.61495	-273.40276	-1336.02007	Sebastidae	Helicolenus	percoides	37287001	1	AD	Attracted	NA	NA	NA
165	6	TF_20150429_404_405_404_165.avi	56963	TF_20150429_404_405_405_165.avi	56914	1917.45667	Start	35.00933	200.89371	10.90355	5.65909	5946.19249	10.33564	8.40534	18.24758	1066.68023	17.95387	-5849.70735	Cheilodactylidae	Nemadactylus	macropterus	37377003	1	AD	Passing	NA	NA	NA
165	7	TF_20150429_404_405_404_165.avi	56983	TF_20150429_404_405_405_165.avi	56934	1917.47	Start	35.02267	296.9612	25.76153	4.48228	6254.88868	4.88469	27.46089	9.88506	382.48467	370.64456	-6232.17141	Cheilodactylidae	Nemadactylus	macropterus	37377003	1	AD	Passing	NA	NA	NA
165	8	TF_20150429_404_405_404_165.avi	56983	TF_20150429_404_405_405_165.avi	56934	1917.47	Start	35.02267	332.21992	22.1749	4.1892	4500.41506	11.14868	52.8388	11.35851	869.75786	27.13132	-4415.48648	Cheilodactylidae	Nemadactylus	macropterus	37377003	1	AD	Passing	NA	NA	NA
165	9	TF_20150429_404_405_404_165.avi	80779	TF_20150429_404_405_405_165.avi	80730	1933.334	Start	50.88667	686.00562	11.11181	14.32998	7725.27435	5.64283	4.73832	19.76856	750.14958	-119.45509	-7687.83909	Latridae	Latris	lineata	37378001	1	AD	Passing	NA	NA	NA
165	10	TF_20150429_404_405_404_165.avi	80779	TF_20150429_404_405_405_165.avi	80730	1933.334	Start	50.88667	515.02098	11.35849	0.83534	7434.52525	2.76647	8.75366	30.17226	-164.28692	319.01105	-7425.86072	Latridae	Latris	lineata	37378001	1	AD	Passing	NA	NA	NA
49	0	TF_20150429_404_405_404_49.avi	4161	TF_20150429_404_405_405_49.avi	5231	779.542	NA	-1	69.69902	0.39948	1.81295	733.75947	2.89559	22.80654	55.24873	8.66961	-36.03846	-732.82264	Unknown	Unknown	spp	NA	1	NA	NA	Diode	NA	NA
49	1	TF_20150429_404_405_404_49.avi	45680	TF_20150429_404_405_405_49.avi	46750	807.22133	Start	27.67333	216.27685	2.41795	10.75189	1643.81122	17.89223	46.30493	27.29871	493.251	108.41072	-1564.31004	Sebastidae	Helicolenus	percoides	37287001	1	AD	Attracted	NA	NA	NA
49	2	TF_20150429_404_405_404_49.avi	56552	TF_20150429_404_405_405_49.avi	57622	814.46933	Start	34.92133	344.06864	3.2174	3.20815	1729.50021	3.53603	48.21999	20.22099	104.03779	-23.54664	-1726.2076	Moridae	Pseudophycis	bachus	37224006	1	AD	Attracted	NA	NA	NA
49	3	TF_20150429_404_405_404_49.avi	56552	TF_20150429_404_405_405_49.avi	57622	814.46933	Start	34.92133	333.2058	2.54912	2.20263	1512.22349	17.1255	78.95502	35.38773	378.03975	235.32145	-1445.17461	Moridae	Pseudophycis	bachus	37224006	1	AD	Attracted	NA	NA	NA
42	0	TF_20150429_406_407_406_42.avi	6513	TF_20150429_406_407_407_42.avi	7473	2501.78133	NA	-1	48.62714	0.36114	6.03494	723.59825	5.07708	0.63743	0.24528	-11.6203	-62.97231	-720.75924	Unknown	Unknown	spp	NA	1	NA	NA	Diode	NA	NA
42	1	TF_20150429_406_407_406_42.avi	13458	TF_20150429_406_407_407_42.avi	14418	2506.41133	Start	4.62533	165.47215	1.98069	8.78295	1548.68114	12.8126	40.42458	34.37023	-263.63791	-220.10502	-1510.1199	Sebastidae	Helicolenus	percoides	37287001	1	AD	Attracted	NA	NA	NA
42	2	TF_20150429_406_407_406_42.avi	13458	TF_20150429_406_407_407_42.avi	14418	2506.41133	Start	4.62533	149.34234	2.53791	5.4471	1701.98479	17.41539	71.91183	49.2174	-449.41216	-239.82506	-1623.96578	Sebastidae	Helicolenus	percoides	37287001	1	AD	Attracted	NA	NA	NA
42	3	TF_20150429_406_407_406_42.avi	25605	TF_20150429_406_407_407_42.avi	26565	2514.50933	Start	12.72333	97.23242	2.08294	4.24654	3423.34096	7.67063	2.88961	2.98283	213.99958	403.73207	-3392.70805	Cheilodactylidae	Nemadactylus	macropterus	37377003	1	AD	Passing	NA	NA	NA
42	4	TF_20150429_406_407_406_42.avi	25605	TF_20150429_406_407_407_42.avi	26565	2514.50933	Start	12.72333	132.17638	5.62776	5.10839	3468.8339	8.29042	22.07918	36.55904	341.2953	365.63793	-3432.58431	Cheilodactylidae	Nemadactylus	macropterus	37377003	1	AD	Passing	NA	NA	NA
42	5	TF_20150429_406_407_406_42.avi	25675	TF_20150429_406_407_407_42.avi	26635	2514.556	Start	12.77	247.37046	3.00678	3.18714	2319.1112	14.89352	18.57003	4.54555	580.29446	136.20932	-2241.20104	Cheilodactylidae	Nemadactylus	macropterus	37377003	1	AD	Passing	NA	NA	NA
42	6	TF_20150429_406_407_406_42.avi	101130	TF_20150429_406_407_407_42.avi	102090	2564.85933	Start	63.07333	743.0395	2.38408	4.36731	2679.1456	10.50363	3.85883	0.7672	-388.88879	295.46976	-2634.25213	Latridae	Latris	lineata	37378001	1	AD	Passing	NA	NA	NA
55	0	TF_20150429_406_407_406_55.avi	4346	TF_20150429_406_407_407_55.avi	5657	2619.58467	NA	-1	47.56249	0.3676	12.87584	719.93166	4.91492	6.41745	0.69047	-8.23764	-61.12853	-717.28449	Unknown	Unknown	spp	NA	1	NA	NA	diode	NA	NA
55	1	TF_20150429_406_407_406_55.avi	62383	TF_20150429_406_407_407_55.avi	63694	2658.276	Start	38.66267	152.69964	3.47874	2.13804	2195.63428	13.11686	31.32756	18.50845	121.77172	-483.16395	-2138.34846	Sebastidae	Helicolenus	percoides	37287001	1	AD	Attracted	NA	NA	NA
55	2	TF_20150429_406_407_406_55.avi	64073	TF_20150429_406_407_407_55.avi	65384	2659.40267	Start	39.78933	369.05874	5.46042	14.94113	2051.22798	10.39752	71.30647	20.73793	46.59092	-367.25518	-2017.54533	Scyliorhinidae	Cephaloscyllium	laticeps	37015001	1	F	Passing	NA	NA	NA
55	3	TF_20150429_406_407_406_55.avi	81251	TF_20150429_406_407_407_55.avi	82562	2670.85467	Start	51.24133	266.89916	1.21305	1.81676	2090.76089	5.43924	2.09769	15.32599	-197.83979	11.66617	-2081.34678	Moridae	Pseudophycis	bachus	37224006	1	AD	Attracted	NA	NA	NA
55	4	TF_20150429_406_407_406_55.avi	81251	TF_20150429_406_407_407_55.avi	82562	2670.85467	Start	51.24133	317.11499	0.56062	0.93672	1052.47507	11.54457	3.46257	18.18158	-16.43641	-209.9897	-1031.18279	Moridae	Pseudophycis	bachus	37224006	1	AD	Attracted	NA	NA	NA
55	5	TF_20150429_406_407_406_55.avi	90123	TF_20150429_406_407_407_55.avi	91434	2676.76933	Start	57.156	222.42512	8.63648	14.39703	3128.28136	17.66913	43.59855	16.05403	668.49414	-674.28207	-2980.70521	Cheilodactylidae	Nemadactylus	macropterus	37377003	1	AD	Passing	NA	NA	NA
55	6	TF_20150429_406_407_406_55.avi	90143	TF_20150429_406_407_407_55.avi	91454	2676.78267	Start	57.16933	140.17906	5.90348	2.90622	3111.56845	10.5135	27.08384	24.97609	177.15248	-539.41422	-3059.33122	Cheilodactylidae	Nemadactylus	macropterus	37377003	1	AD	Passing	NA	NA	NA
