Sample,Family,Genus,Species,Count,Length,Code,Filename,Frame,Time (mins),Precision (mm),RMS (mm),Range (mm),Direction (deg),Comment,Stage,Activity
ARSO01_2012,Labridae,Austrolabrus,maculatus,1,142.616,37384025,ARSO01_L.avi,8063,5.3753,2.022,2.544,1268.799,36.647,NA,AD,Passing
ARSO01_2012,Monacanthidae,Acanthaluteres,brownii,1,307.611,37465001,ARSO01_L.avi,10872,7.248,28.019,14.87,3609.773,24.945,NA,AD,Passing
ARSO01_2012,Plesiopidae,Trachinops,noarlungae,1,44.636,37316017,ARSO01_L.avi,13722,9.148,5.516,4.459,1794.288,31.94,NA,AD,Passing
ARSO01_2012,Plesiopidae,Trachinops,noarlungae,1,42.255,37316017,ARSO01_L.avi,13722,9.148,5.56,4.666,1648.725,31.074,NA,AD,Passing
ARSO01_2012,Plesiopidae,Trachinops,noarlungae,1,60.992,37316017,ARSO01_L.avi,13722,9.148,5.955,4.638,1677.133,29.685,NA,AD,Passing
ARSO01_2012,Plesiopidae,Trachinops,noarlungae,1,39.305,37316017,ARSO01_L.avi,13722,9.148,4.854,4.141,1658.223,34.654,NA,AD,Passing
ARSO01_2012,Monacanthidae,Meuschenia,galii,1,273.291,37465040,ARSO01_L.avi,20957,13.9713,8.638,4.108,2032.093,29.14,NA,AD,Passing
ARSO01_2012,Scyliorhinidae,Asymbolus,vincenti,1,308.651,37015003,ARSO01_L.avi,22652,15.1013,2.613,1.836,1162.696,16.577,NA,AD,Passing
ARSO01_2012,Monacanthidae,Scobinichthys,granulatus,1,161.839,37465007,ARSO01_L.avi,23223,15.482,1.309,0.991,909.41,29.039,NA,AD,Passing
ARSO01_2012,Labridae,Siphonognathus,beddomei,1,117.187,37385006,ARSO01_L.avi,26019,17.346,5.187,3.911,1502.801,28.074,NA,AD,Passing
ARSO01_2012,Labridae,Notolabrus,parilus,1,283.604,99379455,ARSO01_L.avi,28676,19.1173,4.133,5.681,1765.499,30.968,NA,AD,Passing
ARSO01_2012,Arripidae,Arripis,georgianus,1,121.973,37344001,ARSO01_L.avi,31565,21.0433,8.692,6.603,2985.759,22.701,NA,AD,Passing
ARSO01_2012,Arripidae,Arripis,georgianus,1,139.881,37344001,ARSO01_L.avi,31565,21.0433,5.666,6.862,2810.761,24.148,NA,AD,Passing
ARSO01_2012,Scyliorhinidae,Asymbolus,vincenti,1,360.106,37015003,ARSO01_L.avi,39699,26.466,2.355,5.466,1216.529,30.248,NA,AD,Passing
ARSO01_2012,Monacanthidae,Meuschenia,hippocrepis,1,104.389,37465004,ARSO01_L.avi,92614,61.7427,1.141,3.884,1081.655,14.643,NA,AD,Passing
ARSO02_2012,Mullidae,Upeneichthys,vlamingii,1,154.38,37355029,ARSO02_L.avi,5234,3.4893,2.345,1.2,1517.191,23.575,NA,AD,Passing
ARSO02_2012,Mullidae,Upeneichthys,vlamingii,1,158.169,37355029,ARSO02_L.avi,5263,3.5087,2.478,0.715,1449.817,22.58,NA,AD,Passing
ARSO02_2012,Labridae,Austrolabrus,maculatus,1,147.329,37384025,ARSO02_L.avi,11230,7.4867,3.927,0.285,1333.554,24.647,NA,AD,Passing
ARSO02_2012,Gerreidae,Parequula,melbournensis,1,124.926,37349001,ARSO02_L.avi,16400,10.9333,9.036,1.345,2082.628,25.913,NA,AD,Passing
ARSO02_2012,Sillaginidae,Sillaginodes,punctatus,1,331.589,37330001,ARSO02_L.avi,23087,15.3913,14.687,3.59,3229.378,2.256,NA,AD,Passing
ARSO02_2012,Sillaginidae,Sillaginodes,punctatus,1,319.6,37330001,ARSO02_L.avi,23087,15.3913,8.124,0.469,2482.066,29.2,NA,AD,Passing
ARSO02_2012,Sillaginidae,Sillaginodes,punctatus,1,364.793,37330001,ARSO02_L.avi,23123,15.4153,11.102,2.474,2290.931,27.878,NA,AD,Passing
ARSO02_2012,Monacanthidae,Scobinichthys,granulatus,1,171.775,37465007,ARSO02_L.avi,27269,18.1793,3.48,4.513,1324.882,2.956,NA,AD,Passing
ARSO02_2012,Monacanthidae,Scobinichthys,granulatus,1,178.137,37465007,ARSO02_L.avi,27313,18.2087,2.599,3.503,1344.783,11.694,NA,AD,Passing
ARSO02_2012,Monacanthidae,Acanthaluteres,brownii,1,284.077,37465001,ARSO02_L.avi,30274,20.1827,2.276,1.771,1885.035,6.34,NA,AD,Passing
ARSO02_2012,Monacanthidae,Acanthaluteres,brownii,1,310.356,37465001,ARSO02_L.avi,30292,20.1947,2.629,0.824,1405.473,28.347,NA,AD,Passing
ARSO02_2012,Monacanthidae,Meuschenia,hippocrepis,1,275.002,37465004,ARSO02_L.avi,31032,20.688,1.499,0.176,1382.328,9.832,NA,AD,Passing
ARSO02_2012,Arripidae,Arripis,georgianus,1,151.31,37344001,ARSO02_L.avi,39180,26.12,9.208,6.429,2274.137,27.703,NA,AD,Passing
ARSO02_2012,Arripidae,Arripis,georgianus,1,107.176,37344001,ARSO02_L.avi,39180,26.12,6.655,12.03,2329.739,35.064,NA,AD,Passing
ARSO02_2012,Plesiopidae,Trachinops,noarlungae,1,57.241,37316017,ARSO02_L.avi,44412,29.608,2.122,2.194,1174.926,20.891,NA,AD,Passing
ARSO02_2012,Plesiopidae,Trachinops,noarlungae,1,61.79,37316017,ARSO02_L.avi,44412,29.608,1.717,1.348,1236.99,23.99,NA,AD,Passing
ARSO02_2012,Plesiopidae,Trachinops,noarlungae,1,54.477,37316017,ARSO02_L.avi,44412,29.608,3.18,0.221,1192.084,18.853,NA,AD,Passing
ARSO02_2012,Cheilodactylidae,Cheilodactylus,nigripes,1,267.678,37377001,ARSO02_L.avi,46690,31.1267,3.499,0.497,1350.992,31.506,NA,AD,Passing
ARSO02_2012,Carangidae,Trachurus,novaezelandiae,1,167.845,37337003,ARSO02_L.avi,51311,34.2073,6.781,5.918,1857.578,35.611,NA,AD,Passing
ARSO02_2012,Carangidae,Trachurus,novaezelandiae,1,174.899,37337003,ARSO02_L.avi,51311,34.2073,6.446,1.333,1653.038,21.449,NA,AD,Passing
ARSO02_2012,Carangidae,Trachurus,novaezelandiae,1,151.805,37337003,ARSO02_L.avi,51311,34.2073,2.981,3.182,1970.072,22.824,NA,AD,Passing
ARSO02_2012,Carangidae,Trachurus,novaezelandiae,1,156.264,37337003,ARSO02_L.avi,51311,34.2073,5.522,1.636,2104.353,36.217,NA,AD,Passing
ARSO02_2012,Carangidae,Trachurus,novaezelandiae,1,161.951,37337003,ARSO02_L.avi,51311,34.2073,7.909,1.351,2138.297,15.844,NA,AD,Passing
ARSO02_2012,Carangidae,Trachurus,novaezelandiae,1,150.94,37337003,ARSO02_L.avi,51311,34.2073,6.861,2.083,1769.947,24.972,NA,AD,Passing
ARSO02_2012,Carangidae,Trachurus,novaezelandiae,1,153.446,37337003,ARSO02_L.avi,51311,34.2073,7.541,0.578,2020.811,19.139,NA,AD,Passing
ARSO02_2012,Carangidae,Trachurus,novaezelandiae,1,127.183,37337003,ARSO02_L.avi,51311,34.2073,4.048,4.322,1835.766,21.172,NA,AD,Passing
ARSO02_2012,Carangidae,Trachurus,novaezelandiae,1,163.796,37337003,ARSO02_L.avi,51311,34.2073,8.608,1.918,1932.546,26.521,NA,AD,Passing
ARSO02_2012,Labridae,Notolabrus,parilus,1,345.118,99379455,ARSO02_L.avi,52579,35.0527,13.732,2.591,2564.301,32.349,NA,AD,Passing
ARSO02_2012,Labridae,Notolabrus,parilus,1,384.519,99379455,ARSO02_L.avi,52585,35.0567,7.425,20.366,1962.998,29.155,NA,AD,Passing
ARSO02_2012,Carangidae,Pseudocaranx,sp,1,200.418,37337924,ARSO02_L.avi,79768,53.1787,3.825,1.967,1363.82,23.863,NA,AD,Passing
ARSO02_2012,Carangidae,Pseudocaranx,sp,1,212.765,37337924,ARSO02_L.avi,79768,53.1787,4.317,0.131,1486.531,22.31,NA,AD,Passing
ARSO02_2012,Carangidae,Pseudocaranx,sp,1,261.529,37337924,ARSO02_L.avi,79768,53.1787,5.478,1.577,1727.59,12.655,NA,AD,Passing
ARSO02_2012,Carangidae,Pseudocaranx,sp,1,231.157,37337924,ARSO02_L.avi,79768,53.1787,6.045,2.082,1544.521,13.163,NA,AD,Passing
ARSO02_2012,Carangidae,Pseudocaranx,sp,1,218.324,37337924,ARSO02_L.avi,79768,53.1787,3.328,0.669,1533.225,12.119,NA,AD,Passing
ARSO02_2012,Carangidae,Pseudocaranx,sp,1,234.784,37337924,ARSO02_L.avi,79768,53.1787,6.888,0.744,2008.429,2.832,NA,AD,Passing
ARSO02_2012,Dinolestidae,Dinolestes,lewini,1,203.278,37327002,ARSO02_L.avi,85752,57.168,1.363,3.331,1017.702,36.138,NA,AD,Passing
ARSO02_2012,Sparidae,Chrysophrys,auratus,1,247.161,37353001,ARSO02_L.avi,91536,61.024,8.224,2.696,3662.216,3.892,NA,AD,Passing
ARSO02_2012,Sparidae,Chrysophrys,auratus,1,228.907,37353001,ARSO02_L.avi,91550,61.0333,2.864,0.157,2491.831,3.941,NA,AD,Passing
ARSO02_2012,Sparidae,Chrysophrys,auratus,1,257.611,37353001,ARSO02_L.avi,91566,61.044,6.334,1.359,2266.513,29.343,NA,AD,Passing
ARSO03_2012,Labridae,Austrolabrus,maculatus,1,150.997,37384025,ARSO03_L.avi,5853,3.902,3.887,3.919,1314.456,27.745,NA,AD,Passing
ARSO03_2012,Mullidae,Upeneichthys,vlamingii,1,185.853,37355029,ARSO03_L.avi,9595,6.3967,7.172,2.058,2100.918,25.099,NA,AD,Passing
ARSO03_2012,Monacanthidae,Scobinichthys,granulatus,1,184.684,37465007,ARSO03_L.avi,12503,8.3353,6.6,5.822,1761.924,31.779,NA,AD,Passing
ARSO03_2012,Gerreidae,Parequula,melbournensis,1,143.562,37349001,ARSO03_L.avi,14652,9.768,6.82,0.599,2014.755,20.579,NA,AD,Passing
ARSO03_2012,Labridae,Notolabrus,parilus,1,337.477,99379455,ARSO03_L.avi,26186,17.4573,7.884,5.685,2242.561,25.852,NA,M,Passing
ARSO03_2012,Monacanthidae,Eubalichthys,mosaicus,1,186.155,37465003,ARSO03_L.avi,33635,22.4233,5.696,6.587,1471.564,32.917,NA,AD,Passing
ARSO03_2012,Monacanthidae,Acanthaluteres,brownii,1,242.729,37465001,ARSO03_L.avi,34060,22.7067,3.225,3.116,1336.853,33.99,NA,AD,Passing
ARSO03_2012,Monacanthidae,Acanthaluteres,brownii,1,171.658,37465001,ARSO03_L.avi,34171,22.7807,10.648,6.007,2585.086,29.344,NA,AD,Passing
ARSO03_2012,Carangidae,Trachurus,novaezelandiae,1,158.342,37337003,ARSO03_L.avi,58343,38.8953,3.44,2.14,2052.38,19.72,NA,AD,Passing
ARSO03_2012,Carangidae,Trachurus,novaezelandiae,1,140.801,37337003,ARSO03_L.avi,58343,38.8953,1.986,5.96,1888.973,16.443,NA,AD,Passing
ARSO03_2012,Carangidae,Trachurus,novaezelandiae,1,150.142,37337003,ARSO03_L.avi,58343,38.8953,3,9.102,1824.169,26.805,NA,AD,Passing
ARSO03_2012,Carangidae,Trachurus,novaezelandiae,1,153.557,37337003,ARSO03_L.avi,58343,38.8953,4.253,10.224,1838.669,31.871,NA,AD,Passing
ARSO03_2012,Plesiopidae,Trachinops,noarlungae,1,44.87,37316017,ARSO03_L.avi,69420,46.28,2.273,2.706,1100.693,25.523,NA,AD,Passing
ARSO03_2012,Plesiopidae,Trachinops,noarlungae,1,72.778,37316017,ARSO03_L.avi,69420,46.28,4.312,7.275,1346.316,28.667,NA,AD,Passing
ARSO03_2012,Plesiopidae,Trachinops,noarlungae,1,42.684,37316017,ARSO03_L.avi,69601,46.4007,0.985,1.754,988.351,11.618,NA,AD,Passing
ARSO03_2012,Plesiopidae,Trachinops,noarlungae,1,53.282,37316017,ARSO03_L.avi,69601,46.4007,1.083,1.895,912.46,10.786,NA,AD,Passing
ARSO03_2012,Plesiopidae,Trachinops,noarlungae,1,44.727,37316017,ARSO03_L.avi,69601,46.4007,0.638,2.102,653.74,19.185,NA,AD,Passing
ARSO03_2012,Plesiopidae,Trachinops,noarlungae,1,41.129,37316017,ARSO03_L.avi,69601,46.4007,0.829,1.79,673.283,20.53,NA,AD,Passing
ARSO03_2012,Plesiopidae,Trachinops,noarlungae,1,42.004,37316017,ARSO03_L.avi,69601,46.4007,0.69,5.791,586.013,29.908,NA,AD,Passing
ARSO04_2012,Diodontidae,Diodon,nicthemerus,1,177.242,37469001,ARSO04_L.avi,3749,2.4993,5.76,4.696,2232.417,20.689,NA,AD,Passing
ARSO04_2012,Monacanthidae,Acanthaluteres,vittiger,1,46.481,37465002,ARSO04_L.avi,8264,5.5093,1.126,2.4,861.421,20.504,NA,AD,Passing
ARSO04_2012,Monacanthidae,Acanthaluteres,vittiger,1,39.843,37465002,ARSO04_L.avi,8264,5.5093,1.15,0.797,907.867,25.799,NA,AD,Passing
ARSO04_2012,Labridae,Austrolabrus,maculatus,1,146.98,37384025,ARSO04_L.avi,8885,5.9233,7.906,1.702,2284.922,22.049,NA,AD,Passing
ARSO04_2012,Gerreidae,Parequula,melbournensis,1,89.948,37349001,ARSO04_L.avi,11256,7.504,3.702,1.62,1514.063,24.777,NA,AD,Passing
ARSO04_2012,Arripidae,Arripis,georgianus,1,125.023,37344001,ARSO04_L.avi,17823,11.882,8.668,11.831,2535.64,15.51,NA,AD,Passing
ARSO04_2012,Arripidae,Arripis,georgianus,1,133.338,37344001,ARSO04_L.avi,17823,11.882,5.465,1.359,2105.245,11.71,NA,AD,Passing
ARSO04_2012,Arripidae,Arripis,georgianus,1,146.709,37344001,ARSO04_L.avi,17823,11.882,9.855,1.274,2026.699,13.408,NA,AD,Passing
ARSO04_2012,Arripidae,Arripis,georgianus,1,136.97,37344001,ARSO04_L.avi,17823,11.882,9.623,1.965,2201.647,24.806,NA,AD,Passing
ARSO04_2012,Arripidae,Arripis,georgianus,1,129.948,37344001,ARSO04_L.avi,17823,11.882,8.411,4.686,2498.929,2.632,NA,AD,Passing
ARSO04_2012,Arripidae,Arripis,georgianus,1,150.222,37344001,ARSO04_L.avi,17823,11.882,16.316,7.335,2746.97,5.833,NA,AD,Passing
ARSO04_2012,Arripidae,Arripis,georgianus,1,138.412,37344001,ARSO04_L.avi,17823,11.882,12.871,4.347,2274.623,8.622,NA,AD,Passing
ARSO04_2012,Carangidae,Pseudocaranx,sp,1,226.367,37337924,ARSO04_L.avi,49332,32.888,2.225,0.49,1288.517,31.61,NA,AD,Passing
ARSO04_2012,Heterodontidae,Heterodontus,portusjacksoni,1,254.764,37007001,ARSO04_L.avi,62730,41.82,3.711,1.407,1580.289,28.886,NA,AD,Passing
ARSO04_2012,Carangidae,Trachurus,novaezelandiae,1,119.471,37337003,ARSO04_L.avi,74427,49.618,15.842,7.971,3133.748,30.796,NA,AD,Passing
ARSO04_2012,Carangidae,Trachurus,novaezelandiae,1,140.247,37337003,ARSO04_L.avi,74427,49.618,14.515,5.589,2906.377,28.838,NA,AD,Passing
ARSO04_2012,Carangidae,Trachurus,novaezelandiae,1,215.871,37337003,ARSO04_L.avi,74427,49.618,17.568,3.651,2831.39,25.438,NA,AD,Passing
ARSO04_2012,Carangidae,Trachurus,novaezelandiae,1,203.253,37337003,ARSO04_L.avi,74427,49.618,7.35,0.114,2714.222,22.471,NA,AD,Passing
ARSO04_2012,Carangidae,Trachurus,novaezelandiae,1,168.607,37337003,ARSO04_L.avi,74427,49.618,7.81,3.748,2817.197,18.648,NA,AD,Passing
ARSO04_2012,Monacanthidae,Thamnaconus,degeni,1,168.559,37465037,ARSO04_L.avi,76018,50.6787,2.094,0.665,952.028,7.757,NA,AD,Passing
CACI01_2012,Labridae,Pictilabrus,laticlavius,1,237.351,37384020,CACI01_L.avi,19865,13.2433,1.801,0.247,931.071,9.569,Landed on reef behind a boulder with algae blocking view,AD,Passing
CACI01_2012,Cheilodactylidae,Cheilodactylus,nigripes,1,232.709,37377001,CACI01_L.avi,21200,14.1333,4.433,0.608,1901.645,22.967,Landed on reef behind a boulder with algae blocking view,AD,Passing
CACI01_2012,Monacanthidae,Eubalichthys,mosaicus,1,160.456,37465003,CACI01_L.avi,25103,16.7353,2.26,0.574,1507.073,18.687,Landed on reef behind a boulder with algae blocking view,AD,Passing
CACI01_2012,Monacanthidae,Meuschenia,hippocrepis,1,111.065,37465004,CACI01_L.avi,43209,28.806,2.586,0.083,1519.691,12.744,Landed on reef behind a boulder with algae blocking view,AD,Passing
CACI01_2012,Monacanthidae,Meuschenia,hippocrepis,1,121.729,37465004,CACI01_L.avi,43209,28.806,1.361,0.995,1430.081,14.237,Landed on reef behind a boulder with algae blocking view,AD,Passing
CACI01_2012,Labridae,Notolabrus,parilus,1,325.663,99379455,CACI01_L.avi,58188,38.792,1.275,0.191,1022.505,30.98,Landed on reef behind a boulder with algae blocking view,F,Chase conspecific
CACI01_2012,Labridae,Notolabrus,parilus,1,293.986,99379455,CACI01_L.avi,58188,38.792,0.748,0.612,714.217,27.464,Landed on reef behind a boulder with algae blocking view,F,Chase conspecific
CACI01_2012,Scorpididae,Scorpis,aequipinnis,1,236.568,37361004,CACI01_L.avi,59499,39.666,1.722,2.597,1133.063,34.176,Landed on reef behind a boulder with algae blocking view,AD,Passing
CACI01_2012,Scorpididae,Scorpis,aequipinnis,1,187.457,37361004,CACI01_L.avi,59499,39.666,1.739,0.815,1081.522,24.596,Landed on reef behind a boulder with algae blocking view,AD,Passing
CACI01_2012,Scorpididae,Scorpis,aequipinnis,1,246.297,37361004,CACI01_L.avi,59546,39.6973,1.993,1.735,1655.501,12.298,Landed on reef behind a boulder with algae blocking view,AD,Passing
CACI01_2012,Scorpididae,Scorpis,aequipinnis,1,252.853,37361004,CACI01_L.avi,59559,39.706,4.307,0.969,1437.839,23.663,Landed on reef behind a boulder with algae blocking view,AD,Passing
CACI01_2012,Scorpididae,Scorpis,aequipinnis,1,278.064,37361004,CACI01_L.avi,59566,39.7107,1.849,0.728,1307.201,31.482,Landed on reef behind a boulder with algae blocking view,AD,Passing
CACI01_2012,Carangidae,Pseudocaranx,sp,1,280.443,37337924,CACI01_L.avi,68113,45.4087,3.69,3.523,1361.122,18.972,Landed on reef behind a boulder with algae blocking view,AD,Passing
CACI01_2012,Arripidae,Arripis,truttaceus,1,266.892,37344004,CACI01_L.avi,83056,55.3707,5.04,2.539,1671.693,22.365,Landed on reef behind a boulder with algae blocking view,AD,Passing
CACI01_2012,Arripidae,Arripis,truttaceus,1,259.618,37344004,CACI01_L.avi,83056,55.3707,3.073,1.26,1727.461,20.007,Landed on reef behind a boulder with algae blocking view,AD,Passing
CACI01_2012,Arripidae,Arripis,truttaceus,1,255.421,37344004,CACI01_L.avi,83056,55.3707,1.33,0.476,1137.058,27.45,Landed on reef behind a boulder with algae blocking view,AD,Passing
CACI01_2012,Arripidae,Arripis,truttaceus,1,276.551,37344004,CACI01_L.avi,83056,55.3707,2.375,0.929,1748.52,13.967,Landed on reef behind a boulder with algae blocking view,AD,Passing
CACI01_2012,Arripidae,Arripis,truttaceus,1,232.804,37344004,CACI01_L.avi,83056,55.3707,1.821,0.453,1744.785,18.928,Landed on reef behind a boulder with algae blocking view,AD,Passing
CACI01_2012,Arripidae,Arripis,truttaceus,1,251.082,37344004,CACI01_L.avi,83056,55.3707,1.901,2.493,1826.131,16.236,Landed on reef behind a boulder with algae blocking view,AD,Passing
CACI01_2012,Arripidae,Arripis,truttaceus,1,245.915,37344004,CACI01_L.avi,83056,55.3707,2.485,1.978,1486.527,25.632,Landed on reef behind a boulder with algae blocking view,AD,Passing
CACI01_2012,Arripidae,Arripis,truttaceus,1,259.045,37344004,CACI01_L.avi,83056,55.3707,4.339,0.629,1783.217,21.936,Landed on reef behind a boulder with algae blocking view,AD,Passing
CACI01_2012,Arripidae,Arripis,truttaceus,1,258.375,37344004,CACI01_L.avi,83056,55.3707,3.651,2.992,1703.09,23.283,Landed on reef behind a boulder with algae blocking view,AD,Passing
CACI01_2012,Arripidae,Arripis,truttaceus,1,223.721,37344004,CACI01_L.avi,83056,55.3707,5.872,2.042,1711.194,25.148,Landed on reef behind a boulder with algae blocking view,AD,Passing
CACI01_2012,Kyphosidae,Kyphosus,sydneyanus,1,390.359,37361001,CACI01_L.avi,85282,56.8547,1.618,1.223,1425.598,11.974,Landed on reef behind a boulder with algae blocking view,AD,Passing
CACI01_2012,Kyphosidae,Kyphosus,sydneyanus,1,331.452,37361001,CACI01_L.avi,85282,56.8547,2.729,0.979,1558.004,29.073,Landed on reef behind a boulder with algae blocking view,AD,Passing
CACI01_2012,Kyphosidae,Kyphosus,sydneyanus,1,379.956,37361001,CACI01_L.avi,85322,56.8813,0.875,2.03,842.005,17.518,Landed on reef behind a boulder with algae blocking view,AD,Passing
CACI01_2012,Kyphosidae,Kyphosus,sydneyanus,1,356.661,37361001,CACI01_L.avi,85342,56.8947,2.439,0.516,1153.758,30.163,Landed on reef behind a boulder with algae blocking view,AD,Passing
CACI01_2012,Cheilodactylidae,Dactylophora,nigricans,1,549.603,37377005,CACI01_L.avi,87427,58.2847,3.444,7.226,2391.976,9.966,Landed on reef behind a boulder with algae blocking view,AD,Passing
CACI02_2012,Enoplosidae,Enoplosus,armatus,1,161.031,37366001,CACI02_L.avi,4155,2.77,2.649,0.366,1575.633,28.794,"landed behind rocky reef, facing slightly upward",AD,Passing
CACI02_2012,Labridae,Olisthops,cyanomelas,1,368.103,37385001,CACI02_L.avi,11543,7.6953,2.877,2.828,1605.386,9.046,"landed behind rocky reef, facing slightly upward",AD,Passing
CACI02_2012,Labridae,Notolabrus,parilus,1,339.237,99379455,CACI02_L.avi,17455,11.6367,1.311,1.426,1018.548,22.179,"landed behind rocky reef, facing slightly upward",AD,Passing
CACI02_2012,Arripidae,Arripis,truttaceus,1,261.246,37344004,CACI02_L.avi,25042,16.6947,4.011,6.68,2650.826,7.741,"landed behind rocky reef, facing slightly upward",AD,Passing
CACI02_2012,Arripidae,Arripis,truttaceus,1,269.281,37344004,CACI02_L.avi,25042,16.6947,5.943,6.812,2835.534,11.67,"landed behind rocky reef, facing slightly upward",AD,Passing
CACI02_2012,Arripidae,Arripis,truttaceus,1,278.849,37344004,CACI02_L.avi,25042,16.6947,6.889,4.974,2804.72,20.232,"landed behind rocky reef, facing slightly upward",AD,Passing
CACI02_2012,Arripidae,Arripis,truttaceus,1,296.189,37344004,CACI02_L.avi,25042,16.6947,3.302,4.645,2782.97,14.245,"landed behind rocky reef, facing slightly upward",AD,Passing
CACI02_2012,Arripidae,Arripis,truttaceus,1,250.253,37344004,CACI02_L.avi,25042,16.6947,3.998,3.992,2768.277,18.089,"landed behind rocky reef, facing slightly upward",AD,Passing
CACI02_2012,Arripidae,Arripis,truttaceus,1,250.161,37344004,CACI02_L.avi,25042,16.6947,11.185,6.111,2864.343,26.32,"landed behind rocky reef, facing slightly upward",AD,Passing
CACI02_2012,Labridae,Notolabrus,tetricus,1,421.605,37384003,CACI02_L.avi,26884,17.9227,3.71,5.609,1929.056,6.188,"landed behind rocky reef, facing slightly upward",AD,Passing
CACI02_2012,Pomacentridae,Parma,victoriae,1,175.008,37372006,CACI02_L.avi,30792,20.528,3.968,0.528,1342.752,23.591,"landed behind rocky reef, facing slightly upward",AD,Passing
CACI02_2012,Labridae,Pictilabrus,laticlavius,1,264.175,37384020,CACI02_L.avi,31757,21.1713,7.11,6.472,2343.91,36.044,"landed behind rocky reef, facing slightly upward",AD,Passing
CACI02_2012,Labridae,Pictilabrus,laticlavius,1,231.97,37384020,CACI02_L.avi,31763,21.1753,3.213,3.418,1729.17,23.544,"landed behind rocky reef, facing slightly upward",AD,Passing
CACI02_2012,Monacanthidae,Meuschenia,hippocrepis,1,314.283,37465004,CACI02_L.avi,31802,21.2013,1.415,0.685,928.941,19.013,"landed behind rocky reef, facing slightly upward",AD,Passing
CACI02_2012,Monacanthidae,Meuschenia,hippocrepis,1,299.859,37465004,CACI02_L.avi,31802,21.2013,2.239,3.123,1361.93,11.186,"landed behind rocky reef, facing slightly upward",AD,Passing
CACI02_2012,Monacanthidae,Monacanthidae,sp,1,123.205,37465903,CACI02_L.avi,42010,28.0067,2.097,4.708,1346.65,29.544,"landed behind rocky reef, facing slightly upward",AD,Passing
CACI02_2012,Monacanthidae,Monacanthidae,sp,1,123.572,37465903,CACI02_L.avi,42010,28.0067,3.386,2.979,1669.579,34.644,"landed behind rocky reef, facing slightly upward",AD,Passing
CACI02_2012,Kyphosidae,Kyphosus,sydneyanus,1,371.268,37361001,CACI02_L.avi,43349,28.8993,1.095,7.932,1007.322,19.472,"landed behind rocky reef, facing slightly upward",AD,Passing
CACI02_2012,Kyphosidae,Kyphosus,sydneyanus,1,373.002,37361001,CACI02_L.avi,43349,28.8993,2.922,3.325,1471.179,23.914,"landed behind rocky reef, facing slightly upward",AD,Passing
CACI02_2012,Kyphosidae,Kyphosus,sydneyanus,1,415.438,37361001,CACI02_L.avi,43364,28.909300000000002,3.24,3.926,1331.163,27.248,"landed behind rocky reef, facing slightly upward",AD,Passing
CACI02_2012,Cheilodactylidae,Cheilodactylus,nigripes,1,248.465,37377001,CACI02_L.avi,66617,44.4113,3.797,0.581,1708.537,25.818,"landed behind rocky reef, facing slightly upward",AD,Passing
CACI02_2012,Arripidae,Arripis,truttaceus,1,277.127,37344004,CACI02_L.avi,86484,57.656,3.491,5.19,1288.641,31.037,"landed behind rocky reef, facing slightly upward",AD,Passing
CACI02_2012,Arripidae,Arripis,truttaceus,1,267.912,37344004,CACI02_L.avi,86484,57.656,1.83,4.047,1529.313,20.074,"landed behind rocky reef, facing slightly upward",AD,Passing
CACI02_2012,Arripidae,Arripis,truttaceus,1,246.087,37344004,CACI02_L.avi,86484,57.656,2.124,5.26,1347.187,20.525,"landed behind rocky reef, facing slightly upward",AD,Passing
CACI02_2012,Scorpididae,Scorpis,aequipinnis,1,175.832,37361004,CACI02_L.avi,87687,58.458,1.981,3.361,1364.037,17.133,"landed behind rocky reef, facing slightly upward",AD,Passing
CACI02_2012,Scorpididae,Scorpis,aequipinnis,1,198.849,37361004,CACI02_L.avi,87692,58.4613,0.703,3.731,729.905,8.855,"landed behind rocky reef, facing slightly upward",AD,Passing
CACI02_2012,Scorpididae,Scorpis,aequipinnis,1,166.302,37361004,CACI02_L.avi,87692,58.4613,2.024,1.799,1246.144,12.751,"landed behind rocky reef, facing slightly upward",AD,Passing
CACI02_2012,Scorpididae,Scorpis,aequipinnis,1,141.792,37361004,CACI02_L.avi,87692,58.4613,2.077,0.666,1133.089,23.099,"landed behind rocky reef, facing slightly upward",AD,Passing
CACI02_2012,Scorpididae,Scorpis,aequipinnis,1,192.489,37361004,CACI02_L.avi,87732,58.488,1.46,1.218,987.427,27.386,"landed behind rocky reef, facing slightly upward",AD,Passing
CACI03_2012,Kyphosidae,Kyphosus,sydneyanus,1,347.295,37361001,CACI03_L.avi,7902,5.268,17.455,16.253,3040.513,28.299,NA,AD,Passing
CACI03_2012,Cheilodactylidae,Cheilodactylus,nigripes,1,198.786,37377001,CACI03_L.avi,13375,8.9167,2.301,0.218,1476.398,29.415,NA,AD,Passing
CACI03_2012,Labridae,Austrolabrus,maculatus,1,150.269,37384025,CACI03_L.avi,13887,9.258,1.685,6.55,1442.921,20.673,NA,AD,Passing
CACI03_2012,Mullidae,Upeneichthys,vlamingii,1,134.934,37355029,CACI03_L.avi,22087,14.7247,13.393,1.575,2598.553,24.032,NA,AD,Passing
CACI03_2012,Labridae,Notolabrus,parilus,1,337.298,99379455,CACI03_L.avi,34646,23.0973,3.23,2.412,1568.301,21.644,NA,M,Passing
CACI03_2012,Labridae,Notolabrus,tetricus,1,400.189,37384003,CACI03_L.avi,40717,27.1447,8.151,8.807,1947.528,17.231,NA,M,Passing
CACI03_2012,Carangidae,Pseudocaranx,sp,1,176.057,37337924,CACI03_L.avi,47336,31.5573,8.407,3.586,2845.543,16.288,NA,AD,Passing
CACI03_2012,Carangidae,Pseudocaranx,sp,1,217.942,37337924,CACI03_L.avi,47336,31.5573,11.46,4.335,2625.492,25.721,NA,AD,Passing
CACI03_2012,Labridae,Notolabrus,parilus,1,272.428,99379455,CACI03_L.avi,47906,31.9373,5.914,0.916,1783.722,23.016,NA,F,Passing
CACI03_2012,Labridae,Pictilabrus,laticlavius,1,184.665,37384020,CACI03_L.avi,53684,35.7893,3.351,0.692,1601.776,32.667,NA,F,Passing
CACI03_2012,Labridae,Pictilabrus,laticlavius,1,214.966,37384020,CACI03_L.avi,53684,35.7893,1.771,2.033,1567.87,25.601,NA,F,Passing
CACI03_2012,Arripidae,Arripis,georgianus,1,137.464,37344001,CACI03_L.avi,58070,38.7133,5.941,4.278,2127.352,26.075,NA,AD,Passing
CACI03_2012,Arripidae,Arripis,georgianus,1,140.031,37344001,CACI03_L.avi,58070,38.7133,2.187,0.896,1832.431,24.836,NA,AD,Passing
CACI03_2012,Monacanthidae,Meuschenia,hippocrepis,1,303.13,37465004,CACI03_L.avi,67673,45.1153,2.092,1.465,1075.532,13.931,NA,AD,Passing
CACI03_2012,Monacanthidae,Meuschenia,hippocrepis,1,340.369,37465004,CACI03_L.avi,67793,45.1953,1.731,0.859,1313.349,14.212,NA,AD,Passing
CACI03_2012,Monacanthidae,Meuschenia,hippocrepis,1,303.972,37465004,CACI03_L.avi,67823,45.2153,1.604,1.008,1355.944,9.237,NA,AD,Passing
CACI03_2012,Scorpididae,Scorpis,aequipinnis,1,184.318,37361004,CACI03_L.avi,87907,58.6047,3.073,1.626,1328.695,3.032,NA,AD,Passing
CACI03_2012,Scorpididae,Scorpis,aequipinnis,1,185.469,37361004,CACI03_L.avi,87909,58.606,5.238,0.971,1558.432,19.565,NA,AD,Passing
CACI03_2012,Scorpididae,Scorpis,aequipinnis,1,185.845,37361004,CACI03_L.avi,87909,58.606,2.215,0.429,1027.012,11.757,NA,AD,Passing
CACI03_2012,Scorpididae,Scorpis,aequipinnis,1,267.147,37361004,CACI03_L.avi,87917,58.6113,1.423,3.185,1286.68,17.276,NA,AD,Passing
CACI03_2012,Scorpididae,Scorpis,aequipinnis,1,187.583,37361004,CACI03_L.avi,88076,58.7173,0.98,0.313,793.46,9.83,NA,AD,Passing
CACI03_2012,Arripidae,Arripis,truttaceus,1,262.125,37344004,CACI03_L.avi,91257,60.838,4.64,2.922,2473.37,25.886,NA,AD,Passing
CACI03_2012,Arripidae,Arripis,truttaceus,1,285.164,37344004,CACI03_L.avi,91257,60.838,5.342,6.811,2825.167,23.224,NA,AD,Passing
CACI03_2012,Arripidae,Arripis,truttaceus,1,272.114,37344004,CACI03_L.avi,91257,60.838,3.861,4.83,2531.472,24.93,NA,AD,Passing
CACI03_2012,Arripidae,Arripis,truttaceus,1,229.907,37344004,CACI03_L.avi,91257,60.838,8.034,9.382,2594.132,31.251,NA,AD,Passing
CACI03_2012,Arripidae,Arripis,truttaceus,1,225.21,37344004,CACI03_L.avi,91257,60.838,9.53,5.752,2698.213,32.466,NA,AD,Passing
CACI03_2012,Labridae,Notolabrus,tetricus,1,304.117,37384003,CACI03_L.avi,92817,61.878,9.025,0.932,2156.935,14.401,NA,AD,Passing
CACI04_2012,Cheilodactylidae,Cheilodactylus,nigripes,1,258.531,37377001,CACI04_L.avi,3453,2.302,8.146,1.816,2141.385,35.024,NA,AD,Passing
CACI04_2012,Monacanthidae,Acanthaluteres,brownii,1,210.28,37465001,CACI04_L.avi,7362,4.908,0.879,2.473,784.626,19.733,NA,AD,Passing
CACI04_2012,Labridae,Notolabrus,tetricus,1,475.754,37384003,CACI04_L.avi,15620,10.4133,6.864,3.01,2063.762,28.467,NA,AD,Passing
CACI04_2012,Labridae,Pictilabrus,laticlavius,1,254.736,37384020,CACI04_L.avi,35636,23.7573,2.468,11.704,1426.524,31.223,NA,F,Chase other
CACI04_2012,Arripidae,Arripis,truttaceus,1,309.898,37344004,CACI04_L.avi,38377,25.5847,16.581,10.25,3025.132,25.011,NA,AD,Passing
CACI04_2012,Labridae,Notolabrus,parilus,1,342.311,99379455,CACI04_L.avi,42557,28.3713,5.153,4.174,1392.061,27.496,NA,AD,Passing
CACI04_2012,Labridae,Notolabrus,parilus,1,504.869,99379455,CACI04_L.avi,42581,28.3873,4.961,6.07,1292.065,28.898,NA,AD,Passing
CACI04_2012,Monacanthidae,Meuschenia,hippocrepis,1,447.721,37465004,CACI04_L.avi,58712,39.1413,7.634,7.852,2156.231,27.701,NA,AD,Passing
CACI04_2012,Monacanthidae,Meuschenia,hippocrepis,1,326.76,37465004,CACI04_L.avi,58712,39.1413,2.03,17.139,902.594,22.369,NA,AD,Passing
CACI04_2012,Monacanthidae,Meuschenia,hippocrepis,1,243.971,37465004,CACI04_L.avi,58712,39.1413,2.37,2.629,1295.033,6.026,NA,AD,Passing
CACI04_2012,Monacanthidae,Meuschenia,hippocrepis,1,279.632,37465004,CACI04_L.avi,58712,39.1413,4.375,7.485,1526.189,4.467,NA,AD,Passing
CACI04_2012,Scorpididae,Tilodon,sexfasciatus,1,156.465,37361003,CACI04_L.avi,61711,41.1407,1.869,8.299,1089.768,24.383,NA,AD,Passing
CACI04_2012,Pomacentridae,Parma,victoriae,1,172.36,37372006,CACI04_L.avi,64527,43.018,9.213,0.83,2386.331,23.714,NA,AD,Passing
CACI04_2012,Cheilodactylidae,Dactylophora,nigricans,1,636.074,37377005,CACI04_L.avi,65915,43.9433,11.214,17.034,2019.892,35.036,NA,AD,Passing
CACI04_2012,Arripidae,Arripis,georgianus,1,153.632,37344001,CACI04_L.avi,70553,47.0353,3.232,10.004,1546.466,17.736,NA,AD,Passing
CACI04_2012,Arripidae,Arripis,georgianus,1,138.464,37344001,CACI04_L.avi,70558,47.0387,1.958,13.365,1037.794,25.764,NA,AD,Passing
CACI04_2012,Arripidae,Arripis,georgianus,1,186.031,37344001,CACI04_L.avi,70571,47.0473,2.144,12.837,1508.14,22.667,NA,AD,Passing
CACI04_2012,Kyphosidae,Girella,zebra,1,201.519,37361008,CACI04_L.avi,72689,48.4593,3.406,4.79,2419.866,10.659,NA,AD,Passing
CACI04_2012,Scorpididae,Scorpis,aequipinnis,1,237.978,37361004,CACI04_L.avi,89647,59.7647,5.639,6.301,2202.516,17.503,NA,AD,Passing
CACI04_2012,Scorpididae,Scorpis,aequipinnis,1,209.778,37361004,CACI04_L.avi,89664,59.776,3.249,4.689,1421.131,14.751,NA,AD,Passing
CACI04_2012,Scorpididae,Scorpis,aequipinnis,1,183.897,37361004,CACI04_L.avi,89664,59.776,5.024,8.887,2041.474,4.216,NA,AD,Passing
CACI04_2012,Scorpididae,Scorpis,aequipinnis,1,161.239,37361004,CACI04_L.avi,89664,59.776,4.526,7.241,1607.494,5.203,NA,AD,Passing
CACI04_2012,Scorpididae,Scorpis,aequipinnis,1,242.328,37361004,CACI04_L.avi,89703,59.802,2.478,6.156,1296.767,25.193,NA,AD,Passing
CACI04_2012,Scorpididae,Scorpis,aequipinnis,1,186.259,37361004,CACI04_L.avi,89706,59.804,1.395,9.812,961.155,10.163,NA,AD,Passing
CACI04_2012,Kyphosidae,Kyphosus,sydneyanus,1,361.758,37361001,CACI04_L.avi,92777,61.8513,3.923,16.999,2338.461,14.745,NA,AD,Passing
CACI04_2012,Kyphosidae,Kyphosus,sydneyanus,1,336.447,37361001,CACI04_L.avi,92793,61.862,3.471,8.124,1507.06,29.508,NA,AD,Passing
CANI01_2012,Cheilodactylidae,Dactylophora,nigricans,1,585.282,37377005,CANI01_L.avi,9941,6.6273,4.989,0.98,2221.735,28.585,NA,AD,Passing
CANI01_2012,Mullidae,Upeneichthys,vlamingii,1,200.804,37355029,CANI01_L.avi,17632,11.7547,2.267,5.812,1219.184,32.201,NA,AD,Passing
CANI01_2012,Neosebastidae,Neosebastes,scorpaenoides,1,351.442,37287005,CANI01_L.avi,23412,15.608,0.924,0.689,911.298,19.021,NA,AD,Passing
CANI01_2012,Sparidae,Chrysophrys,auratus,1,146.024,37353001,CANI01_L.avi,26393,17.5953,4.7,4.193,1777.719,35.14,NA,AD,Passing
CANI01_2012,Labridae,Notolabrus,parilus,1,346.41,99379455,CANI01_L.avi,34290,22.86,1.624,17.352,1172.382,26.748,NA,AD,Passing
CANI01_2012,Labridae,Notolabrus,parilus,1,175.04,99379455,CANI01_L.avi,34306,22.8707,1.837,3.394,1133.649,22.866,NA,AD,Passing
CANI01_2012,Labridae,Notolabrus,parilus,1,245.742,99379455,CANI01_L.avi,34312,22.8747,3.03,1.656,1845.301,23.329,NA,AD,Passing
CANI01_2012,Arripidae,Arripis,georgianus,1,150.564,37344001,CANI01_L.avi,36753,24.502,7.53,3.081,2467.06,20.77,NA,AD,Passing
CANI01_2012,Scorpididae,Scorpis,aequipinnis,1,249.371,37361004,CANI01_L.avi,42366,28.244,1.298,4.568,987.114,26.208,NA,AD,Passing
CANI01_2012,Sillaginidae,Sillaginodes,punctatus,1,378.811,37330001,CANI01_L.avi,44727,29.818,1.441,0.928,1121.902,7.069,NA,AD,Passing
CANI01_2012,Carangidae,Pseudocaranx,sp,1,160.589,37337924,CANI01_L.avi,70460,46.9733,5.367,3.005,1908.362,27.65,NA,AD,Passing
CANI01_2012,Carangidae,Pseudocaranx,sp,1,182.77,37337924,CANI01_L.avi,70460,46.9733,4.63,1.117,2077.312,33.345,NA,AD,Passing
CANI01_2012,Carangidae,Pseudocaranx,sp,1,169.245,37337924,CANI01_L.avi,70522,47.0147,3.642,4.163,1640.672,29.84,NA,AD,Passing
CANI02_2012,Pentacerotidae,Pentaceropsis,recurvirostris,1,259.116,37367003,CANI02_L.avi,7052,4.7013,3.139,2.867,1985.729,11.832,NA,AD,Passing
CANI02_2012,Sphyraenidae,Sphyraena,novaehollandiae,1,399.548,37382002,CANI02_L.avi,10310,6.8733,8.376,6.916,2663.519,31.145,NA,AD,Passing
CANI02_2012,Labridae,Austrolabrus,maculatus,1,119.077,37384025,CANI02_L.avi,13838,9.2253,0.875,1.218,798.664,25.053,NA,AD,Passing
CANI02_2012,Labridae,Pictilabrus,laticlavius,1,240.537,37384020,CANI02_L.avi,16503,11.002,2.389,0.18,1212.37,31.32,NA,AD,Passing
CANI02_2012,Monacanthidae,Scobinichthys,granulatus,1,224.3,37465007,CANI02_L.avi,22721,15.1473,2.278,0.884,1095.615,4.528,NA,AD,Feeding
CANI02_2012,Cheilodactylidae,Cheilodactylus,nigripes,1,264.674,37377001,CANI02_L.avi,34246,22.8307,3.734,0.876,1597.345,8.19,NA,AD,Passing
CANI02_2012,Platycephalidae,Platycephalus,speculator,1,264.552,37296037,CANI02_L.avi,40509,27.006,1.605,10.903,758.291,18.928,NA,AD,Passing
CANI02_2012,Labridae,Notolabrus,parilus,1,260.414,99379455,CANI02_L.avi,45567,30.378,2.628,5.615,1392.565,19.426,NA,AD,Passing
CANI02_2012,Labridae,Notolabrus,parilus,1,316.186,99379455,CANI02_L.avi,45582,30.388,3.96,2.273,1315.153,24.942,NA,AD,Passing
CANI02_2012,Ostraciidae,Aracana,ornata,1,162.534,37466001,CANI02_L.avi,50199,33.466,3.176,2.434,1863.176,9.041,NA,AD,Passing
CANI02_2012,Carangidae,Pseudocaranx,sp,1,167.077,37337924,CANI02_L.avi,50507,33.6713,1.55,2.648,1484.32,16.134,NA,AD,Passing
CANI02_2012,Carangidae,Pseudocaranx,sp,1,156.397,37337924,CANI02_L.avi,50507,33.6713,2.164,2.896,1539.511,14.239,NA,AD,Passing
CANI02_2012,Carangidae,Pseudocaranx,sp,1,196.154,37337924,CANI02_L.avi,50507,33.6713,3.09,1.301,1352.489,20.689,NA,AD,Passing
CANI02_2012,Labridae,Notolabrus,parilus,1,396.898,99379455,CANI02_L.avi,52654,35.1027,1.065,3.78,901.522,32.978,NA,M,Passing
CANI02_2012,Mullidae,Upeneichthys,vlamingii,1,180.57,37355029,CANI02_L.avi,67128,44.752,6.53,3.145,1737.488,23.722,NA,AD,Passing
CANI02_2012,Arripidae,Arripis,georgianus,1,128.539,37344001,CANI02_L.avi,84364,56.2427,3.167,1.721,2067.294,21.761,NA,AD,Passing
CANI02_2012,Arripidae,Arripis,georgianus,1,166.603,37344001,CANI02_L.avi,84364,56.2427,2.654,2.215,1895.843,22.591,NA,AD,Passing
CANI02_2012,Arripidae,Arripis,georgianus,1,122.222,37344001,CANI02_L.avi,84364,56.2427,2.892,3.663,1734.243,25.63,NA,AD,Passing
CANI02_2012,Arripidae,Arripis,georgianus,1,145.971,37344001,CANI02_L.avi,84364,56.2427,3.401,0.534,2246.706,21.329,NA,AD,Passing
CANI02_2012,Scorpididae,Scorpis,aequipinnis,1,209.263,37361004,CANI02_L.avi,94093,62.7287,1.177,1.829,1052.062,14.381,NA,AD,Passing
CANI02_2012,Scorpididae,Scorpis,aequipinnis,1,259.282,37361004,CANI02_L.avi,94171,62.7807,1.949,2.01,1243.097,2.043,NA,AD,Passing
CANI02_2012,Scorpididae,Scorpis,aequipinnis,1,298.857,37361004,CANI02_L.avi,94199,62.7993,2.064,0.441,1539.95,8.09,NA,AD,Passing
CANI03_2012,Labridae,Notolabrus,parilus,1,319.315,99379455,CANI03_L.avi,5959,3.9727,6.17,2.563,1585.664,27.488,NA,AD,Passing
CANI03_2012,Labridae,Pictilabrus,laticlavius,1,228.096,37384020,CANI03_L.avi,7372,4.9147,4.23,3.083,2205.061,19.751,NA,M,Attracted
CANI03_2012,Kyphosidae,Kyphosus,sydneyanus,1,427.271,37361001,CANI03_L.avi,9665,6.4433,4.774,0.917,1959.857,5.661,NA,AD,Passing
CANI03_2012,Scorpididae,Scorpis,aequipinnis,1,219.808,37361004,CANI03_L.avi,9812,6.5413,3.085,4.666,1289.852,20.586,NA,AD,Passing
CANI03_2012,Scorpididae,Scorpis,aequipinnis,1,236.6,37361004,CANI03_L.avi,9825,6.55,1.162,0.173,1067.541,10.994,NA,AD,Passing
CANI03_2012,Scorpididae,Scorpis,aequipinnis,1,157.197,37361004,CANI03_L.avi,9825,6.55,3.751,3.209,1575.464,27.045,NA,AD,Passing
CANI03_2012,Scorpididae,Scorpis,aequipinnis,1,160.846,37361004,CANI03_L.avi,9825,6.55,4.506,3.426,1543.792,9.135,NA,AD,Passing
CANI03_2012,Scorpididae,Tilodon,sexfasciatus,1,159.304,37361003,CANI03_L.avi,14014,9.3427,2.275,0.297,1179.211,17.56,NA,AD,Passing
CANI03_2012,Mullidae,Upeneichthys,vlamingii,1,198.303,37355029,CANI03_L.avi,20320,13.5467,7.374,0.725,1936.931,22.237,NA,AD,Passing
CANI03_2012,Arripidae,Arripis,truttaceus,1,273.998,37344004,CANI03_L.avi,20767,13.8447,2.009,0.874,1838.374,13.969,NA,AD,Passing
CANI03_2012,Arripidae,Arripis,truttaceus,1,288.81,37344004,CANI03_L.avi,20767,13.8447,3.854,4.495,1677.286,27.87,NA,AD,Passing
CANI03_2012,Arripidae,Arripis,truttaceus,1,247.136,37344004,CANI03_L.avi,20767,13.8447,3.966,1.43,1707.306,21.062,NA,AD,Passing
CANI03_2012,Arripidae,Arripis,truttaceus,1,257.911,37344004,CANI03_L.avi,20767,13.8447,3.254,4.119,1889.526,25.273,NA,AD,Passing
CANI03_2012,Arripidae,Arripis,truttaceus,1,279.714,37344004,CANI03_L.avi,20767,13.8447,2.296,6.316,1616.823,15.551,NA,AD,Passing
CANI03_2012,Arripidae,Arripis,truttaceus,1,343.931,37344004,CANI03_L.avi,20767,13.8447,5.426,5.174,1938.08,36.361,NA,AD,Passing
CANI03_2012,Arripidae,Arripis,truttaceus,1,297.374,37344004,CANI03_L.avi,20767,13.8447,5.919,7.277,1949.999,27.617,NA,AD,Passing
CANI03_2012,Arripidae,Arripis,truttaceus,1,254.931,37344004,CANI03_L.avi,20767,13.8447,3.149,1.479,1432.097,29.671,NA,AD,Passing
CANI03_2012,Arripidae,Arripis,truttaceus,1,248.509,37344004,CANI03_L.avi,20767,13.8447,5.692,3.669,1822.466,29.283,NA,AD,Passing
CANI03_2012,Arripidae,Arripis,truttaceus,1,257.16,37344004,CANI03_L.avi,20767,13.8447,5.647,4.172,1694.777,18.666,NA,AD,Passing
CANI03_2012,Monacanthidae,Meuschenia,hippocrepis,1,324.759,37465004,CANI03_L.avi,24050,16.0333,1.583,3.972,1253.893,9.595,NA,AD,Passing
CANI03_2012,Cheilodactylidae,Dactylophora,nigricans,1,492.954,37377005,CANI03_L.avi,29344,19.5627,8.884,1.609,1972.935,33.836,NA,AD,Passing
CANI03_2012,Labridae,Notolabrus,parilus,1,260.925,99379455,CANI03_L.avi,41011,27.3407,0.843,3.765,780.807,20.054,NA,F,Feeding
CANI03_2012,Labridae,Notolabrus,parilus,1,237.998,99379455,CANI03_L.avi,41157,27.438,0.983,4.793,931.569,13.467,NA,F,Feeding
CANI03_2012,Carangidae,Pseudocaranx,sp,1,280.256,37337924,CANI03_L.avi,55314,36.876,2.484,2.228,1172.906,15.307,NA,AD,Passing
CANI03_2012,Carangidae,Pseudocaranx,sp,1,270.928,37337924,CANI03_L.avi,55325,36.8833,2.984,5.394,1971.926,14.407,NA,AD,Passing
CANI03_2012,Carangidae,Pseudocaranx,sp,1,232.743,37337924,CANI03_L.avi,55335,36.89,2.541,12.326,1229.03,29.973,NA,AD,Passing
CANI03_2012,Carangidae,Pseudocaranx,sp,1,238.884,37337924,CANI03_L.avi,55344,36.896,3.221,13.323,1396.764,14.462,NA,AD,Passing
CANI03_2012,Carangidae,Pseudocaranx,sp,1,232.927,37337924,CANI03_L.avi,55357,36.9047,1.499,7.651,1131.844,17.545,NA,AD,Passing
CANI04_2012,Cheilodactylidae,Dactylophora,nigricans,1,653.206,37377005,CANI04_L.avi,10671,7.114,2.102,3.049,1642.993,10.34,View partially obscured in left cam,AD,Passing
CANI04_2012,Labridae,Notolabrus,parilus,1,318.655,99379455,CANI04_L.avi,16905,11.27,5.484,1.413,1466.036,23.845,View partially obscured in left cam,F,Passing
CANI04_2012,Labridae,Notolabrus,parilus,1,381.609,99379455,CANI04_L.avi,19474,12.9827,5.364,2.704,2079.982,19.959,View partially obscured in left cam,AD,Passing
CANI04_2012,Labridae,Pictilabrus,laticlavius,1,199.503,37384020,CANI04_L.avi,21629,14.4193,16.593,1.382,2706.131,18.791,View partially obscured in left cam,M,Passing
CANI04_2012,Labridae,Notolabrus,tetricus,1,290.412,37384003,CANI04_L.avi,31696,21.1307,6.272,0.55,1586.494,23.669,View partially obscured in left cam,AD,Passing
CANI04_2012,Carangidae,Pseudocaranx,sp,1,209.737,37337924,CANI04_L.avi,35095,23.3967,2.268,1.561,1967.515,12.682,View partially obscured in left cam,AD,Attracted
CANI04_2012,Carangidae,Pseudocaranx,sp,1,254.498,37337924,CANI04_L.avi,35095,23.3967,5.427,0.957,1872.14,21.888,View partially obscured in left cam,AD,Attracted
CANI04_2012,Carangidae,Pseudocaranx,sp,1,209.627,37337924,CANI04_L.avi,35095,23.3967,3.059,2.958,1375.153,24.028,View partially obscured in left cam,AD,Attracted
CANI04_2012,Carangidae,Pseudocaranx,sp,1,276.549,37337924,CANI04_L.avi,35096,23.3973,5.791,0.948,1516.254,22.176,View partially obscured in left cam,AD,Attracted
CANI04_2012,Carangidae,Pseudocaranx,sp,1,273.561,37337924,CANI04_L.avi,35660,23.7733,3.666,3.039,1860.571,23.713,View partially obscured in left cam,AD,Passing
CANI04_2012,Arripidae,Arripis,truttaceus,1,247.428,37344004,CANI04_L.avi,49598,33.0653,2.824,0.203,1802.869,21.3,View partially obscured in left cam,AD,Passing
CANI04_2012,Arripidae,Arripis,truttaceus,1,283.767,37344004,CANI04_L.avi,49598,33.0653,5.221,15.991,1658.996,30.028,View partially obscured in left cam,AD,Passing
CANI04_2012,Arripidae,Arripis,truttaceus,1,248.277,37344004,CANI04_L.avi,49598,33.0653,2.804,2.673,1782.06,23.768,View partially obscured in left cam,AD,Passing
CANI04_2012,Arripidae,Arripis,truttaceus,1,272.294,37344004,CANI04_L.avi,49598,33.0653,2.747,7.995,1905.749,26.767,View partially obscured in left cam,AD,Passing
CANI04_2012,Arripidae,Arripis,truttaceus,1,269.948,37344004,CANI04_L.avi,49598,33.0653,3.632,12.434,1606.138,29.319,View partially obscured in left cam,AD,Passing
CANI04_2012,Arripidae,Arripis,truttaceus,1,299.162,37344004,CANI04_L.avi,49598,33.0653,5.945,10.985,1613.545,29.545,View partially obscured in left cam,AD,Passing
CANI04_2012,Arripidae,Arripis,truttaceus,1,286.345,37344004,CANI04_L.avi,49660,33.1067,5.778,11.174,1733.729,29.795,View partially obscured in left cam,AD,Passing
CANI04_2012,Arripidae,Arripis,truttaceus,1,307.302,37344004,CANI04_L.avi,49660,33.1067,6.911,12.037,1721.532,29.008,View partially obscured in left cam,AD,Passing
CANI04_2012,Arripidae,Arripis,truttaceus,1,254.453,37344004,CANI04_L.avi,49660,33.1067,3.746,1.967,2022.576,18.26,View partially obscured in left cam,AD,Passing
CANI04_2012,Arripidae,Arripis,truttaceus,1,268.805,37344004,CANI04_L.avi,49660,33.1067,5.153,3.747,1880.217,21.854,View partially obscured in left cam,AD,Passing
CANI04_2012,Sillaginidae,Sillaginodes,punctatus,1,437.663,37330001,CANI04_L.avi,57373,38.2487,2.792,3.438,1535.24,19.753,View partially obscured in left cam,AD,Feeding
CANI04_2012,Monacanthidae,Meuschenia,hippocrepis,1,303.586,37465004,CANI04_L.avi,66061,44.0407,5.06,3.9,1373.867,18.25,View partially obscured in left cam,AD,Passing
CANI04_2012,Monacanthidae,Meuschenia,hippocrepis,1,283.51,37465004,CANI04_L.avi,66078,44.052,3.588,2.22,2010.891,20.274,View partially obscured in left cam,AD,Passing
CANI04_2012,Monacanthidae,Meuschenia,hippocrepis,1,297.67,37465004,CANI04_L.avi,66112,44.0747,10.053,3.405,2069.132,28.025,View partially obscured in left cam,AD,Passing
CANI04_2012,Monacanthidae,Meuschenia,hippocrepis,1,387.359,37465004,CANI04_L.avi,66112,44.0747,2.01,12.195,974.499,24.444,View partially obscured in left cam,AD,Passing
CANI04_2012,Monacanthidae,Meuschenia,hippocrepis,1,243.459,37465004,CANI04_L.avi,66112,44.0747,2.39,1.175,1263.891,17.213,View partially obscured in left cam,AD,Passing
CANI04_2012,Monacanthidae,Meuschenia,hippocrepis,1,258.363,37465004,CANI04_L.avi,66112,44.0747,1.462,7.097,1367.811,7.836,View partially obscured in left cam,AD,Passing
CANI04_2012,Kyphosidae,Kyphosus,sydneyanus,1,279.356,37361001,CANI04_L.avi,74264,49.5093,2.3,2.935,1510.024,22.295,View partially obscured in left cam,AD,Passing
CANI04_2012,Kyphosidae,Kyphosus,sydneyanus,1,369.521,37361001,CANI04_L.avi,74269,49.5127,4.461,11.87,1759.079,26.504,View partially obscured in left cam,AD,Passing
CANI04_2012,Kyphosidae,Kyphosus,sydneyanus,1,346.042,37361001,CANI04_L.avi,74272,49.5147,3.126,1.139,1491.574,20.467,View partially obscured in left cam,AD,Passing
CANI04_2012,Kyphosidae,Kyphosus,sydneyanus,1,326.135,37361001,CANI04_L.avi,74279,49.5193,2.988,2.381,1896.014,17.211,View partially obscured in left cam,AD,Passing
CANI04_2012,Kyphosidae,Kyphosus,sydneyanus,1,393.893,37361001,CANI04_L.avi,74283,49.522,2.175,3.099,1047.755,4.443,View partially obscured in left cam,AD,Passing
CANI04_2012,Scorpididae,Scorpis,aequipinnis,1,280.733,37361004,CANI04_L.avi,88007,58.6713,1.94,1.723,1035.635,11.255,View partially obscured in left cam,AD,Passing
CANI04_2012,Scorpididae,Scorpis,aequipinnis,1,162.121,37361004,CANI04_L.avi,88007,58.6713,2.206,3.434,1383.012,23.168,View partially obscured in left cam,AD,Passing
CANI04_2012,Scorpididae,Scorpis,aequipinnis,1,161.869,37361004,CANI04_L.avi,88007,58.6713,1.381,4.08,1275.348,15.851,View partially obscured in left cam,AD,Passing
CANO01_2012,Labridae,Austrolabrus,maculatus,1,156.67,37384025,CANO01_L.avi,22976,15.3173,4.818,0.462,2086.028,20.56,NA,AD,Passing
CANO01_2012,Arripidae,Arripis,georgianus,1,152.355,37344001,CANO01_L.avi,28327,18.8847,6.879,20.128,2268.44,33.006,NA,AD,Passing
CANO01_2012,Labridae,Pictilabrus,laticlavius,1,243.233,37384020,CANO01_L.avi,40867,27.2447,1.298,5.108,1018.38,23.89,NA,AD,Passing
CANO01_2012,Kyphosidae,Girella,zebra,1,233.481,37361008,CANO01_L.avi,44323,29.5487,8.679,5.21,3031.981,24.1,NA,AD,Passing
CANO01_2012,Labridae,Notolabrus,parilus,1,321.992,99379455,CANO01_L.avi,87073,58.0487,0.965,4.819,821.211,20.688,NA,AD,Passing
CANO01_2012,Dasyatidae,Bathytoshia,brevicaudata,1,787.809,37035001,CANO01_L.avi,87438,58.292,2.062,15.565,1431.615,5.555,NA,AD,Passing
CANO02_2012,Cheilodactylidae,Dactylophora,nigricans,1,575.503,37377005,CANO02_L.avi,5183,3.4553,4.944,0.74,1694.899,23.056,NA,AD,Passing
CANO02_2012,Cheilodactylidae,Dactylophora,nigricans,1,428.57,37377005,CANO02_L.avi,5198,3.4653,4.409,2.607,1713.452,27.032,NA,AD,Passing
CANO02_2012,Cheilodactylidae,Dactylophora,nigricans,1,453.055,37377005,CANO02_L.avi,5270,3.5133,2.036,2.812,1703.747,9.659,NA,AD,Passing
CANO02_2012,Mullidae,Upeneichthys,vlamingii,1,180.831,37355029,CANO02_L.avi,6724,4.4827,5.984,0.619,1653.42,30.554,NA,AD,Passing
CANO02_2012,Labridae,Pictilabrus,laticlavius,1,205.739,37384020,CANO02_L.avi,15266,10.1773,2.692,2.819,1300.883,13.581,NA,AD,Passing
CANO02_2012,Labridae,Pictilabrus,laticlavius,1,223.053,37384020,CANO02_L.avi,15460,10.3067,2.339,5.1,1563.032,13.942,NA,AD,Passing
CANO02_2012,Labridae,Pictilabrus,laticlavius,1,219.963,37384020,CANO02_L.avi,15506,10.3373,1.072,3.264,909.481,19.773,NA,AD,Passing
CANO02_2012,Labridae,Notolabrus,parilus,1,205.789,99379455,CANO02_L.avi,15866,10.5773,2.854,3.197,1839.159,17.157,NA,AD,Passing
CANO02_2012,Carangidae,Pseudocaranx,sp,1,208.907,37337924,CANO02_L.avi,24246,16.164,2.215,0.556,1342.703,21.425,NA,AD,Passing
CANO02_2012,Carangidae,Pseudocaranx,sp,1,246.633,37337924,CANO02_L.avi,24246,16.164,2.736,0.738,1399.68,20.192,NA,AD,Passing
CANO02_2012,Carangidae,Pseudocaranx,sp,1,206.119,37337924,CANO02_L.avi,24246,16.164,2.429,1.434,1256.563,20.024,NA,AD,Passing
CANO02_2012,Carangidae,Pseudocaranx,sp,1,219.337,37337924,CANO02_L.avi,24246,16.164,3.138,1.769,1385.92,22.49,NA,AD,Passing
CANO02_2012,Carangidae,Pseudocaranx,sp,1,218.954,37337924,CANO02_L.avi,24246,16.164,5.028,1.823,1644.624,10.271,NA,AD,Passing
CANO02_2012,Carangidae,Pseudocaranx,sp,1,221.095,37337924,CANO02_L.avi,24246,16.164,2.44,2.754,1350.253,9.951,NA,AD,Passing
CANO02_2012,Carangidae,Pseudocaranx,sp,1,215.123,37337924,CANO02_L.avi,24246,16.164,1.599,3.199,1554.624,10.864,NA,AD,Passing
CANO02_2012,Carangidae,Pseudocaranx,sp,1,212.24,37337924,CANO02_L.avi,24246,16.164,1.997,2.658,1755.8,11.216,NA,AD,Passing
CANO02_2012,Carangidae,Pseudocaranx,sp,1,186.058,37337924,CANO02_L.avi,24246,16.164,3.159,1.483,1477.885,25.174,NA,AD,Passing
CANO02_2012,Carangidae,Pseudocaranx,sp,1,193.464,37337924,CANO02_L.avi,24256,16.1707,4.052,1.746,1497.356,28.497,NA,AD,Passing
CANO02_2012,Cheilodactylidae,Cheilodactylus,nigripes,1,262.256,37377001,CANO02_L.avi,29268,19.512,6.018,1.479,1727.386,6.202,NA,AD,Passing
CANO02_2012,Pomacentridae,Parma,victoriae,1,139.303,37372006,CANO02_L.avi,29361,19.574,5.573,5.354,2152.391,32.939,NA,AD,Passing
CANO02_2012,Pomacentridae,Parma,victoriae,1,166.518,37372006,CANO02_L.avi,29361,19.574,9.167,5.481,3093.152,13.276,NA,AD,Passing
CANO02_2012,Kyphosidae,Kyphosus,sydneyanus,1,420.648,37361001,CANO02_L.avi,35708,23.8053,20.654,8.905,3654.71,29.335,NA,AD,Passing
CANO02_2012,Labridae,Heteroscarus,acroptilus,1,205.175,37385010,CANO02_L.avi,43732,29.1547,2.796,9.986,2310.531,10.51,NA,AD,Passing
CANO02_2012,Labridae,Olisthops,cyanomelas,1,298.797,99378082,CANO02_L.avi,82872,55.248,4.628,4.222,3902.343,5.814,NA,AD,Passing
CANO03_2012,Monacanthidae,Monacanthidae,sp,1,200.224,37465903,CANO03_L.avi,52405,34.9367,4.894,0.449,2426.008,23.4,facing up,AD,Passing
CANO03_2012,Monacanthidae,Monacanthidae,sp,1,215.961,37465903,CANO03_L.avi,52405,34.9367,6.542,0.426,2855.774,25.267,facing up,AD,Passing
CANO03_2012,Monacanthidae,Monacanthidae,sp,1,186.68,37465903,CANO03_L.avi,52405,34.9367,8.418,0.464,2639.328,33.224,facing up,AD,Passing
CANO03_2012,Kyphosidae,Kyphosus,sydneyanus,1,298.561,37361001,CANO03_L.avi,52723,35.1487,7.853,1.226,2244.247,31.98,facing up,AD,Passing
CANO03_2012,Cheilodactylidae,Dactylophora,nigricans,1,375.828,37377005,CANO03_L.avi,85363,56.9087,2.881,0.399,2344.911,23.684,facing up,AD,Passing
CANO04_2012,Cheilodactylidae,Dactylophora,nigricans,1,412.922,37377005,CANO04_L.avi,12312,8.208,3.079,3.031,1474.034,23.63,NA,AD,Passing
CANO04_2012,Labridae,Austrolabrus,maculatus,1,151.14,37384025,CANO04_L.avi,16870,11.2467,3.7,1.238,1810.61,25.529,NA,AD,Passing
CANO04_2012,Monacanthidae,Meuschenia,hippocrepis,1,103.59,37465004,CANO04_L.avi,24285,16.19,2.485,0.728,1544.369,5.065,NA,AD,Passing
CANO04_2012,Monacanthidae,Meuschenia,hippocrepis,1,138.307,37465004,CANO04_L.avi,24308,16.2053,2.178,2.015,1956.219,6.43,NA,AD,Passing
CANO04_2012,Monacanthidae,Meuschenia,hippocrepis,1,274.308,37465004,CANO04_L.avi,24387,16.258,1.51,0.697,1273.905,7.378,NA,AD,Passing
CANO04_2012,Labridae,Pictilabrus,laticlavius,1,197.97,37384020,CANO04_L.avi,25453,16.9687,3.466,0.953,1538.729,31.719,NA,M,Passing
CANO04_2012,Pomacentridae,Parma,victoriae,1,118.679,37372006,CANO04_L.avi,25930,17.2867,3.808,0.112,1636.565,13.557,NA,AD,Passing
CANO04_2012,Chaetodontidae,Chelmonops,curiosus,1,158.717,37365066,CANO04_L.avi,28488,18.992,3.601,0.435,1596.498,19.474,NA,AD,Passing
CANO04_2012,Scorpididae,Tilodon,sexfasciatus,1,143.192,37361003,CANO04_L.avi,33368,22.2453,1.354,0.56,1025.856,25.452,NA,AD,Passing
CANO04_2012,Scorpididae,Tilodon,sexfasciatus,1,215.815,37361003,CANO04_L.avi,33368,22.2453,3.23,1.101,1686.493,27.311,NA,AD,Passing
CANO04_2012,Carangidae,Pseudocaranx,sp,1,242.084,37337924,CANO04_L.avi,37740,25.16,1.87,3.692,1137.569,22.351,NA,AD,Passing
CANO04_2012,Carangidae,Pseudocaranx,sp,1,236.768,37337924,CANO04_L.avi,37968,25.312,1.562,1.694,1034.68,18.502,NA,AD,Passing
CANO04_2012,Kyphosidae,Girella,zebra,1,229.546,37361008,CANO04_L.avi,39500,26.3333,6.432,2.532,2138.327,23.129,NA,AD,Feeding
CANO04_2012,Kyphosidae,Girella,zebra,1,267.877,37361008,CANO04_L.avi,39520,26.3467,10,2.925,2376.855,24.322,NA,AD,Feeding
CANO04_2012,Labridae,Notolabrus,parilus,1,284.15,99379455,CANO04_L.avi,41390,27.5933,3.401,2.005,1575.669,21.893,NA,F,Passing
CANO04_2012,Cheilodactylidae,Cheilodactylus,nigripes,1,262.564,37377001,CANO04_L.avi,44209,29.4727,2.899,6.604,1377.801,18.688,NA,AD,Passing
CANO04_2012,Labridae,Heteroscarus,acroptilus,1,208.835,37385010,CANO04_L.avi,47723,31.8153,0.484,1.391,491.081,6.994,NA,AD,Passing
CANO04_2012,Kyphosidae,Kyphosus,sydneyanus,1,283.972,37361001,CANO04_L.avi,58284,38.856,5.377,9.975,2409.44,27.877,NA,AD,Passing
CANO04_2012,Kyphosidae,Kyphosus,sydneyanus,1,239.585,37361001,CANO04_L.avi,58284,38.856,5.026,8.935,2419.771,30.414,NA,AD,Passing
CANO04_2012,Kyphosidae,Kyphosus,sydneyanus,1,285.512,37361001,CANO04_L.avi,58284,38.856,5.942,7.788,2611.434,24.169,NA,AD,Passing
CANO04_2012,Kyphosidae,Kyphosus,sydneyanus,1,305.404,37361001,CANO04_L.avi,58284,38.856,6.255,2.556,2379.598,20.841,NA,AD,Passing
CANO04_2012,Kyphosidae,Kyphosus,sydneyanus,1,305.739,37361001,CANO04_L.avi,58284,38.856,6.728,3.074,2175.113,20.196,NA,AD,Passing
CANO04_2012,Kyphosidae,Kyphosus,sydneyanus,1,297.863,37361001,CANO04_L.avi,58284,38.856,2.327,1.138,2073.086,4.805,NA,AD,Passing
CANO04_2012,Kyphosidae,Kyphosus,sydneyanus,1,283.21,37361001,CANO04_L.avi,58284,38.856,4.16,1.802,1750.981,12.899,NA,AD,Passing
CANO04_2012,Kyphosidae,Kyphosus,sydneyanus,1,197.091,37361001,CANO04_L.avi,58284,38.856,2.321,2.681,1697.624,25.085,NA,AD,Passing
CANO04_2012,Kyphosidae,Kyphosus,sydneyanus,1,282.168,37361001,CANO04_L.avi,58284,38.856,9.766,2.914,2792.709,17.631,NA,AD,Passing
CANO04_2012,Kyphosidae,Kyphosus,sydneyanus,1,268.607,37361001,CANO04_L.avi,58288,38.8587,4.995,1.986,2060.477,9.146,NA,AD,Passing
CANO04_2012,Scorpididae,Scorpis,aequipinnis,1,161.756,37361004,CANO04_L.avi,66772,44.5147,2.452,2.219,1500.641,22.527,NA,AD,Passing
CANO04_2012,Scorpididae,Scorpis,aequipinnis,1,185.408,37361004,CANO04_L.avi,66815,44.5433,1.523,0.732,1643.63,3.512,NA,AD,Passing
CANO04_2012,Monacanthidae,Eubalichthys,mosaicus,1,341.759,37465003,CANO04_L.avi,73472,48.9813,7.163,9.916,2566.159,23.165,NA,AD,Passing
CANO04_2012,Mullidae,Upeneichthys,vlamingii,1,181.91,37355029,CANO04_L.avi,85177,56.7847,8.539,11.557,3784.751,23.96,NA,AD,Passing
CASI01_2012,Labridae,Notolabrus,parilus,1,263.283,99379455,CASI01_L.avi,11923,7.9487,2.041,6.718,904.802,27.005,visibility inhibited by dense macroalgae,AD,Passing
CASI01_2012,Labridae,Pictilabrus,laticlavius,1,231.477,37384020,CASI01_L.avi,12657,8.438,2.029,1.425,1145.8,14.833,visibility inhibited by dense macroalgae,AD,Passing
CASI01_2012,Labridae,Notolabrus,parilus,1,405.68,99379455,CASI01_L.avi,13847,9.2313,4.206,10.541,1352.752,24.788,visibility inhibited by dense macroalgae,M,Passing
CASI01_2012,Neosebastidae,Neosebastes,scorpaenoides,1,312.73,37287005,CASI01_L.avi,18992,12.6613,0.892,3.788,725.033,16.185,visibility inhibited by dense macroalgae,AD,Passing
CASI01_2012,Carangidae,Pseudocaranx,sp,1,175.224,37337924,CASI01_L.avi,26310,17.54,1.018,8.128,984.625,26.445,visibility inhibited by dense macroalgae,AD,Passing
CASI01_2012,Sparidae,Chrysophrys,auratus,1,207.485,37353001,CASI01_L.avi,28654,19.1027,2.536,3.748,1107.335,31.38,visibility inhibited by dense macroalgae,AD,Passing
CASI01_2012,Monacanthidae,Meuschenia,hippocrepis,1,253.033,37465004,CASI01_L.avi,61716,41.144,2.932,11.636,1196.215,21.96,visibility inhibited by dense macroalgae,AD,Passing
CASI01_2012,Monacanthidae,Meuschenia,freycineti,1,217.345,37465036,CASI01_L.avi,74465,49.6433,2.533,4.191,1037.851,21.541,visibility inhibited by dense macroalgae,AD,Passing
CASI01_2012,Sparidae,Chrysophrys,auratus,1,182.69,37353001,CASI01_L.avi,84863,56.5753,0.734,3.179,667.989,23.488,visibility inhibited by dense macroalgae,AD,Passing
CASI01_2012,Sparidae,Chrysophrys,auratus,1,187.961,37353001,CASI01_L.avi,84885,56.59,0.967,0.602,762.811,11.36,visibility inhibited by dense macroalgae,AD,Passing
CASI01_2012,Sparidae,Chrysophrys,auratus,1,192.453,37353001,CASI01_L.avi,84932,56.6213,1.175,0.9,685.017,16.813,visibility inhibited by dense macroalgae,AD,Passing
CASI01_2012,Sparidae,Chrysophrys,auratus,1,171.135,37353001,CASI01_L.avi,85117,56.7447,1.585,1.072,1155.722,21.521,visibility inhibited by dense macroalgae,AD,Passing
CASI01_2012,Cheilodactylidae,Dactylophora,nigricans,1,269.668,37377005,CASI01_L.avi,85335,56.89,3.454,2.267,2013.428,17.805,visibility inhibited by dense macroalgae,AD,Passing
CASI02_2012,Monacanthidae,Meuschenia,galii,1,181.15,37465040,CASI02_L.avi,11132,7.4213,1.351,5.216,855.486,22.012,vision obstructed by macroalgae,AD,Passing
CASI02_2012,Neosebastidae,Neosebastes,scorpaenoides,1,323.302,37287005,CASI02_L.avi,15278,10.1853,1.02,3.878,966.847,20.01,vision obstructed by macroalgae,AD,Passing
CASI02_2012,Monacanthidae,Monacanthidae,sp,1,121.489,37465903,CASI02_L.avi,15788,10.5253,3.36,1.261,1884.139,28.561,vision obstructed by macroalgae,AD,Passing
CASI02_2012,Monacanthidae,Monacanthidae,sp,1,127.619,37465903,CASI02_L.avi,15886,10.5907,5.611,0.948,1690.714,27.829,vision obstructed by macroalgae,AD,Passing
CASI02_2012,Labridae,Notolabrus,parilus,1,263.073,99379455,CASI02_L.avi,16624,11.0827,1.79,6.929,1263.749,32.016,vision obstructed by macroalgae,M,Passing
CASI02_2012,Labridae,Notolabrus,parilus,1,271.82,99379455,CASI02_L.avi,16723,11.1487,3.022,5.021,1239.013,21.077,vision obstructed by macroalgae,M,Passing
CASI02_2012,Monacanthidae,Meuschenia,freycineti,1,185.126,37465036,CASI02_L.avi,17891,11.9273,1.769,4.37,1283.929,22.939,vision obstructed by macroalgae,AD,Passing
CASI02_2012,Sillaginidae,Sillaginodes,punctatus,1,348.64,37330001,CASI02_L.avi,20419,13.6127,3.036,4.001,1762.625,17.859,vision obstructed by macroalgae,AD,Passing
CASI02_2012,Carangidae,Pseudocaranx,sp,1,185.554,37337924,CASI02_L.avi,26757,17.838,5.434,2.322,1588.151,26.061,vision obstructed by macroalgae,AD,Passing
CASI02_2012,Carangidae,Pseudocaranx,sp,1,174,37337924,CASI02_L.avi,26757,17.838,2.51,0.64,1243.29,31.469,vision obstructed by macroalgae,AD,Passing
CASI02_2012,Carangidae,Pseudocaranx,sp,1,200.76,37337924,CASI02_L.avi,26757,17.838,7.042,1.596,1856.716,20.963,vision obstructed by macroalgae,AD,Passing
CASI02_2012,Carangidae,Pseudocaranx,sp,1,181.619,37337924,CASI02_L.avi,26757,17.838,5.679,2.031,1646.497,25.379,vision obstructed by macroalgae,AD,Passing
CASI02_2012,Carangidae,Pseudocaranx,sp,1,200.507,37337924,CASI02_L.avi,26779,17.8527,3.716,0.175,1410.682,27.17,vision obstructed by macroalgae,AD,Passing
CASI02_2012,Carangidae,Pseudocaranx,sp,1,191.966,37337924,CASI02_L.avi,26779,17.8527,5.581,0.299,1626.393,27.564,vision obstructed by macroalgae,AD,Passing
CASI02_2012,Carangidae,Pseudocaranx,sp,1,175.756,37337924,CASI02_L.avi,26779,17.8527,2.609,2.445,1249.107,29.476,vision obstructed by macroalgae,AD,Passing
CASI02_2012,Carangidae,Pseudocaranx,sp,1,180.117,37337924,CASI02_L.avi,26836,17.8907,2.343,0.532,1038.261,22.742,vision obstructed by macroalgae,AD,Passing
CASI02_2012,Carangidae,Pseudocaranx,sp,1,163.171,37337924,CASI02_L.avi,26836,17.8907,2.26,3.427,1158.274,34.012,vision obstructed by macroalgae,AD,Passing
CASI02_2012,Scorpididae,Tilodon,sexfasciatus,1,123.252,37361003,CASI02_L.avi,34435,22.9567,2.521,1.946,1153.278,22.232,vision obstructed by macroalgae,AD,Passing
CASI02_2012,Monacanthidae,Meuschenia,hippocrepis,1,282.621,37465004,CASI02_L.avi,37935,25.29,3.211,0.808,1607.047,18.017,vision obstructed by macroalgae,AD,Passing
CASI02_2012,Monacanthidae,Meuschenia,hippocrepis,1,256.982,37465004,CASI02_L.avi,37935,25.29,2.684,1.037,1105.22,25.56,vision obstructed by macroalgae,AD,Passing
CASI02_2012,Labridae,Siphonognathus,caninis,1,79.242,37385011,CASI02_L.avi,38433,25.622,1.823,4.894,1249.917,34.369,vision obstructed by macroalgae,AD,Passing
CASI02_2012,Labridae,Pictilabrus,laticlavius,1,234.526,37384020,CASI02_L.avi,43420,28.9467,0.599,3.034,571.415,15.927,vision obstructed by macroalgae,M,Passing
CASI02_2012,Monacanthidae,Scobinichthys,granulatus,1,167.031,37465007,CASI02_L.avi,45289,30.1927,1.265,5.502,988.856,28.094,vision obstructed by macroalgae,AD,Passing
CASI02_2012,Sparidae,Chrysophrys,auratus,1,174.57,37353001,CASI02_L.avi,46819,31.2127,1.975,2.491,1373.116,32.028,vision obstructed by macroalgae,AD,Passing
CASI02_2012,Sparidae,Chrysophrys,auratus,1,176.361,37353001,CASI02_L.avi,46871,31.2473,2.776,7.104,1642.485,36.864,vision obstructed by macroalgae,AD,Passing
CASI02_2012,Gerreidae,Parequula,melbournensis,1,148.504,37349001,CASI02_L.avi,52490,34.9933,2.79,3.122,1161.183,25.578,vision obstructed by macroalgae,AD,Passing
CASI02_2012,Loliginidae,Sepioteuthis,australis,1,252.335,23617005,CASI02_L.avi,57457,38.3047,2.35,5.901,1348.036,35.543,vision obstructed by macroalgae,AD,Passing
CASI02_2012,Labridae,Notolabrus,tetricus,1,399.766,37384003,CASI02_L.avi,93014,62.0093,0.625,3.306,589.476,16.815,vision obstructed by macroalgae,AD,Passing
CASI03_2012,Labridae,Austrolabrus,maculatus,1,128.571,37384025,CASI03_L.avi,6879,4.586,2.64,9.257,1298.555,36.452,not great vis,AD,Passing
CASI03_2012,Labridae,Pictilabrus,laticlavius,1,235.62,37384020,CASI03_L.avi,8110,5.4067,1.706,13.594,1155.155,34.565,not great vis,AD,Passing
CASI03_2012,Gerreidae,Parequula,melbournensis,1,111.448,37349001,CASI03_L.avi,12313,8.2087,3.135,13.951,1548.162,3.729,not great vis,AD,Passing
CASI03_2012,Gerreidae,Parequula,melbournensis,1,112.996,37349001,CASI03_L.avi,12313,8.2087,2.916,4.163,1254.093,22.628,not great vis,AD,Passing
CASI03_2012,Platycephalidae,Platycephalus,speculator,1,319.024,37296037,CASI03_L.avi,15848,10.5653,3.425,4.194,1373.495,35.74,not great vis,AD,Passing
CASI03_2012,Labridae,Notolabrus,parilus,1,383.655,99379455,CASI03_L.avi,19910,13.2733,1.535,27.12,1111.695,18.876,not great vis,M,Feeding
CASI03_2012,Sillaginidae,Sillaginodes,punctatus,1,314.342,37330001,CASI03_L.avi,31364,20.909300000000002,5.039,11.677,1483.045,24.802,not great vis,AD,Passing
CASI03_2012,Sillaginidae,Sillaginodes,punctatus,1,351.177,37330001,CASI03_L.avi,31377,20.918,1.143,18.36,1096.17,6.347,not great vis,AD,Passing
CASI03_2012,Monacanthidae,Scobinichthys,granulatus,1,180.642,37465007,CASI03_L.avi,36310,24.2067,2.849,11.257,1158.548,34.406,not great vis,AD,Feeding
CASI03_2012,Monacanthidae,Thamnaconus,degeni,1,114.424,37465037,CASI03_L.avi,37011,24.674,1.312,9.612,973.608,11.721,not great vis,AD,Passing
CASI03_2012,Sparidae,Chrysophrys,auratus,1,191.309,37353001,CASI03_L.avi,44852,29.9013,1.502,4.541,1085.632,21.595,not great vis,AD,Passing
CASI03_2012,Sparidae,Chrysophrys,auratus,1,160.066,37353001,CASI03_L.avi,45031,30.0207,4.174,27.402,1519.83,16.505,not great vis,AD,Passing
CASI03_2012,Sparidae,Chrysophrys,auratus,1,161.719,37353001,CASI03_L.avi,45031,30.0207,2.697,14.316,1265.704,5.587,not great vis,AD,Passing
CASI03_2012,Sparidae,Chrysophrys,auratus,1,210.084,37353001,CASI03_L.avi,45031,30.0207,4.835,5.207,1441.678,26.626,not great vis,AD,Passing
CASI03_2012,Sparidae,Chrysophrys,auratus,1,149.821,37353001,CASI03_L.avi,45031,30.0207,2.924,5.79,1243.135,31.629,not great vis,AD,Passing
CASI03_2012,Arripidae,Arripis,georgianus,1,149.544,37344001,CASI03_L.avi,58033,38.6887,1.985,11.944,1130.978,34.936,not great vis,AD,Passing
CASI03_2012,Arripidae,Arripis,georgianus,1,182.833,37344001,CASI03_L.avi,58033,38.6887,9.207,29.747,2492.573,33.372,not great vis,AD,Passing
CASI03_2012,Arripidae,Arripis,georgianus,1,158.671,37344001,CASI03_L.avi,58033,38.6887,3.725,3.019,1396.685,24.567,not great vis,AD,Passing
CASI03_2012,Monacanthidae,Meuschenia,freycineti,1,169.381,37465036,CASI03_L.avi,74096,49.3973,1.776,3.197,1108.019,30.323,not great vis,AD,Passing
CASI03_2012,Arripidae,Arripis,truttaceus,1,277.575,37344004,CASI03_L.avi,90764,60.5093,5.933,15.36,1698.591,18.384,not great vis,AD,Passing
CASI03_2012,Arripidae,Arripis,truttaceus,1,292.918,37344004,CASI03_L.avi,90764,60.5093,3.602,13.299,1677.249,21.972,not great vis,AD,Passing
CASI03_2012,Arripidae,Arripis,truttaceus,1,293.103,37344004,CASI03_L.avi,90764,60.5093,2.165,21.105,1660.526,23.064,not great vis,AD,Passing
CASI03_2012,Arripidae,Arripis,truttaceus,1,308.195,37344004,CASI03_L.avi,90764,60.5093,2.828,24.438,2058.116,13.029,not great vis,AD,Passing
CASI03_2012,Arripidae,Arripis,truttaceus,1,338.14,37344004,CASI03_L.avi,90764,60.5093,3.802,11.326,1799.774,28.128,not great vis,AD,Passing
CASI03_2012,Arripidae,Arripis,truttaceus,1,280.444,37344004,CASI03_L.avi,90764,60.5093,3.013,20.5,2100.842,8.655,not great vis,AD,Passing
CASI03_2012,Arripidae,Arripis,truttaceus,1,284.739,37344004,CASI03_L.avi,90764,60.5093,5.859,11.403,1889.3,27.141,not great vis,AD,Passing
CASI03_2012,Arripidae,Arripis,truttaceus,1,282.963,37344004,CASI03_L.avi,90764,60.5093,5.401,8.219,1816.528,16.018,not great vis,AD,Passing
CASI03_2012,Arripidae,Arripis,truttaceus,1,290.37,37344004,CASI03_L.avi,90764,60.5093,3.575,33.178,2015.929,15.057,not great vis,AD,Passing
CASI04_2012,Arripidae,Arripis,truttaceus,1,270.35,37344004,CASI04_L.avi,11922,7.948,8.87,6.676,2320.702,32.169,Facing up 100%,AD,Passing
CASI04_2012,Arripidae,Arripis,truttaceus,1,193.462,37344004,CASI04_L.avi,11930,7.9533,8.524,7.65,2363.642,38.231,Facing up 100%,AD,Passing
CASI04_2012,Labridae,Pictilabrus,laticlavius,1,233.115,37384020,CASI04_L.avi,25160,16.7733,4.533,4.066,1731.34,37.647,Facing up 100%,AD,Passing
CASI04_2012,Carangidae,Trachurus,novaezelandiae,1,249.215,37337003,CASI04_L.avi,32981,21.9873,6.738,3.001,1808.038,32.231,Facing up 100%,AD,Passing
CASI04_2012,Sillaginidae,Sillaginodes,punctatus,1,390.79,37330001,CASI04_L.avi,37326,24.884,6.407,4.693,1924.138,31.467,Facing up 100%,AD,Passing
CASI04_2012,Carangidae,Pseudocaranx,sp,1,193.954,37337924,CASI04_L.avi,44948,29.9653,1.762,3.651,1047.152,18.147,Facing up 100%,AD,Passing
CASI04_2012,Carangidae,Pseudocaranx,sp,1,191.559,37337924,CASI04_L.avi,44948,29.9653,3.261,4.802,1608.955,25.044,Facing up 100%,AD,Passing
CASI04_2012,Carangidae,Pseudocaranx,sp,1,184.102,37337924,CASI04_L.avi,44948,29.9653,2.652,2.021,1056.835,15.088,Facing up 100%,AD,Passing
CASI04_2012,Carangidae,Pseudocaranx,sp,1,198.059,37337924,CASI04_L.avi,44948,29.9653,1.798,1.599,936.274,23.844,Facing up 100%,AD,Passing
CASI04_2012,Carangidae,Pseudocaranx,sp,1,169.14,37337924,CASI04_L.avi,44948,29.9653,1.706,1.404,1066.703,21.337,Facing up 100%,AD,Passing
CASI04_2012,Carangidae,Pseudocaranx,sp,1,180.148,37337924,CASI04_L.avi,44948,29.9653,2.62,5.011,1704.813,18.935,Facing up 100%,AD,Passing
CASI04_2012,Carangidae,Pseudocaranx,sp,1,189.448,37337924,CASI04_L.avi,44948,29.9653,1.119,1.847,1159.702,22.494,Facing up 100%,AD,Passing
CASI04_2012,Carangidae,Pseudocaranx,sp,1,194.269,37337924,CASI04_L.avi,44948,29.9653,1.562,2.082,945.551,12.615,Facing up 100%,AD,Passing
CASI04_2012,Carangidae,Pseudocaranx,sp,1,191.675,37337924,CASI04_L.avi,44948,29.9653,1.943,2.686,1093.167,18.356,Facing up 100%,AD,Passing
CASI04_2012,Carangidae,Pseudocaranx,sp,1,208.625,37337924,CASI04_L.avi,44948,29.9653,3.246,2.841,1516.914,34.952,Facing up 100%,AD,Passing
CASI04_2012,Sparidae,Chrysophrys,auratus,1,194.368,37353001,CASI04_L.avi,50602,33.7347,1.176,0.742,848.19,9.184,Facing up 100%,AD,Passing
CASI04_2012,Sparidae,Chrysophrys,auratus,1,220.766,37353001,CASI04_L.avi,50602,33.7347,1.896,4.12,1690.31,20.349,Facing up 100%,AD,Passing
CASI04_2012,Sparidae,Chrysophrys,auratus,1,206.462,37353001,CASI04_L.avi,50602,33.7347,3.292,0.706,1443.61,20.607,Facing up 100%,AD,Passing
CASI04_2012,Sparidae,Chrysophrys,auratus,1,183.497,37353001,CASI04_L.avi,50602,33.7347,6.086,4.579,1684.28,21.029,Facing up 100%,AD,Passing
CASI04_2012,Sparidae,Chrysophrys,auratus,1,193.884,37353001,CASI04_L.avi,50700,33.8,4.754,2.611,1834.737,31.193,Facing up 100%,AD,Passing
CASI04_2012,Arripidae,Arripis,georgianus,1,178.895,37344001,CASI04_L.avi,66331,44.2207,1.932,2.581,1606.593,20.513,Facing up 100%,AD,Passing
CASI04_2012,Arripidae,Arripis,georgianus,1,146.729,37344001,CASI04_L.avi,66436,44.2907,6.523,3.629,2006.358,33.847,Facing up 100%,AD,Passing
CASI04_2012,Arripidae,Arripis,georgianus,1,153.028,37344001,CASI04_L.avi,66460,44.3067,5.978,5.136,1853.859,30.277,Facing up 100%,AD,Passing
CASO01_2012,Cheilodactylidae,Dactylophora,nigricans,1,521.343,37377005,CASO01_L.avi,3433,2.2887,6.945,1.334,1965.149,5.06,NA,AD,Passing
CASO01_2012,Cheilodactylidae,Dactylophora,nigricans,1,378.565,37377005,CASO01_L.avi,3594,2.396,3.472,1.071,2707.74,3.087,NA,AD,Passing
CASO01_2012,Scorpididae,Scorpis,aequipinnis,1,158.167,37361004,CASO01_L.avi,6061,4.0407,3.365,3.43,1755.39,20.702,NA,AD,Passing
CASO01_2012,Scorpididae,Tilodon,sexfasciatus,1,203.409,37361003,CASO01_L.avi,9834,6.556,5.063,0.714,1625.877,5.619,NA,AD,Passing
CASO01_2012,Labridae,Pictilabrus,laticlavius,1,219.635,37384020,CASO01_L.avi,12056,8.0373,3.539,1.647,1690.973,8.63,NA,M,Passing
CASO01_2012,Labridae,Pictilabrus,laticlavius,1,196.498,37384020,CASO01_L.avi,12306,8.204,2.145,1.332,2040.477,7.886,NA,M,Passing
CASO01_2012,Labridae,Heteroscarus,acroptilus,1,193.921,37385010,CASO01_L.avi,12969,8.646,2.451,2.652,1299.213,14.243,NA,AD,Passing
CASO01_2012,Labridae,Austrolabrus,maculatus,1,152.765,37384025,CASO01_L.avi,16493,10.9953,2.387,0.685,1667.097,20.615,NA,AD,Passing
CASO01_2012,Labridae,Notolabrus,tetricus,1,390.457,37384003,CASO01_L.avi,23212,15.4747,4.113,2.602,2047.151,8.233,NA,AD,Passing
CASO01_2012,Monacanthidae,Meuschenia,hippocrepis,1,192.079,37465004,CASO01_L.avi,28540,19.0267,2.829,1.623,1357.94,14.429,NA,AD,Passing
CASO01_2012,Monacanthidae,Meuschenia,hippocrepis,1,194.164,37465004,CASO01_L.avi,28656,19.104,1.544,1.147,1232.995,7.281,NA,AD,Passing
CASO01_2012,Monacanthidae,Meuschenia,hippocrepis,1,229.582,37465004,CASO01_L.avi,28722,19.148,4.274,5.575,1529.533,27.367,NA,AD,Passing
CASO01_2012,Monacanthidae,Meuschenia,hippocrepis,1,156.521,37465004,CASO01_L.avi,28722,19.148,8.44,1.923,2340.806,30.732,NA,AD,Passing
CASO01_2012,Monacanthidae,Meuschenia,hippocrepis,1,155.326,37465004,CASO01_L.avi,28722,19.148,3.786,0.542,1490.454,3.957,NA,AD,Passing
CASO01_2012,Monacanthidae,Meuschenia,hippocrepis,1,102.289,37465004,CASO01_L.avi,28722,19.148,4.884,0.955,1441.555,10.435,NA,AD,Passing
CASO01_2012,Monacanthidae,Meuschenia,hippocrepis,1,181.89,37465004,CASO01_L.avi,28722,19.148,5.077,0.949,1624.665,13.069,NA,AD,Passing
CASO01_2012,Carangidae,Trachurus,novaezelandiae,1,201.326,37337003,CASO01_L.avi,46143,30.762,14.541,2.948,3274.22,30.721,NA,AD,Passing
CASO01_2012,Monacanthidae,Scobinichthys,granulatus,1,114.126,37465007,CASO01_L.avi,51206,34.1373,4.564,3.515,2076.212,36.719,NA,AD,Passing
CASO01_2012,Carangidae,Pseudocaranx,sp,1,174.373,37337924,CASO01_L.avi,52336,34.8907,1.965,0.442,1272.376,9.483,NA,AD,Passing
CASO01_2012,Carangidae,Pseudocaranx,sp,1,143.646,37337924,CASO01_L.avi,52384,34.9227,1.872,0.875,1305.396,21.762,NA,AD,Passing
CASO01_2012,Carangidae,Pseudocaranx,sp,1,176.023,37337924,CASO01_L.avi,52485,34.99,5.13,4.176,1869.341,33.155,NA,AD,Passing
CASO01_2012,Dinolestidae,Dinolestes,lewini,1,249.994,37327002,CASO01_L.avi,59381,39.5873,16.56,9.636,3211.596,27.744,NA,AD,Passing
CASO01_2012,Dinolestidae,Dinolestes,lewini,1,306.335,37327002,CASO01_L.avi,59402,39.6013,16.435,7.383,3069.679,27.373,NA,AD,Passing
CASO01_2012,Arripidae,Arripis,georgianus,1,123.517,37344001,CASO01_L.avi,68054,45.3693,4.061,0.392,1716.535,7.847,NA,AD,Passing
CASO01_2012,Arripidae,Arripis,georgianus,1,115.053,37344001,CASO01_L.avi,68054,45.3693,3.187,0.493,1441.537,3.009,NA,AD,Passing
CASO01_2012,Arripidae,Arripis,georgianus,1,135.643,37344001,CASO01_L.avi,68054,45.3693,2.389,2.325,1462.619,29.044,NA,AD,Passing
CASO01_2012,Arripidae,Arripis,georgianus,1,131.21,37344001,CASO01_L.avi,68054,45.3693,3.204,1.952,1702.57,16.102,NA,AD,Passing
CASO01_2012,Arripidae,Arripis,georgianus,1,168.603,37344001,CASO01_L.avi,68054,45.3693,5.163,1.38,1520.688,14.953,NA,AD,Passing
CASO01_2012,Arripidae,Arripis,georgianus,1,128.209,37344001,CASO01_L.avi,68054,45.3693,2.131,0.924,1666.633,22.639,NA,AD,Passing
CASO01_2012,Arripidae,Arripis,georgianus,1,117.927,37344001,CASO01_L.avi,68054,45.3693,2.338,0.565,1433.762,18.981,NA,AD,Passing
CASO01_2012,Arripidae,Arripis,georgianus,1,133.564,37344001,CASO01_L.avi,68054,45.3693,3.83,2.13,1515.649,25.439,NA,AD,Passing
CASO01_2012,Arripidae,Arripis,georgianus,1,133.747,37344001,CASO01_L.avi,68054,45.3693,4.481,4.302,2078.563,20.319,NA,AD,Passing
CASO01_2012,Arripidae,Arripis,georgianus,1,128.864,37344001,CASO01_L.avi,68054,45.3693,2.376,2.078,1617.683,7.551,NA,AD,Passing
CASO01_2012,Cheilodactylidae,Cheilodactylus,nigripes,1,265.2,37377001,CASO01_L.avi,81438,54.292,4.545,3.942,2124.887,25.548,NA,AD,Passing
CASO02_2012,Cheilodactylidae,Cheilodactylus,nigripes,1,303.756,37377001,CASO02_L.avi,5402,3.6013,2.667,12.924,1420.891,33.475,not good calibration? RH side always out,AD,Passing
CASO02_2012,Labridae,Pictilabrus,laticlavius,1,193.563,37384020,CASO02_L.avi,13098,8.732,1.175,6.969,1085.343,19.138,not good calibration? RH side always out,AD,Passing
CASO02_2012,Labridae,Pictilabrus,laticlavius,1,269.607,37384020,CASO02_L.avi,13102,8.7347,1.426,6.221,1187.454,18.993,not good calibration? RH side always out,AD,Passing
CASO02_2012,Sillaginidae,Sillaginodes,punctatus,1,308.793,37330001,CASO02_L.avi,32046,21.364,6.17,15.183,1969.127,31.99,not good calibration? RH side always out,AD,Passing
CASO02_2012,Carangidae,Pseudocaranx,sp,1,113.871,37337924,CASO02_L.avi,42983,28.6553,7.722,4.195,1798.171,18.276,not good calibration? RH side always out,AD,Passing
CASO02_2012,Carangidae,Pseudocaranx,sp,1,123.694,37337924,CASO02_L.avi,42983,28.6553,7.424,8.173,2034.401,12.745,not good calibration? RH side always out,AD,Passing
CASO03_2012,Labridae,Pictilabrus,laticlavius,1,196.269,37384020,CASO03_L.avi,5588,3.7253,7.875,3.456,2988.281,24.659,Facing upward poor vis,AD,Passing
CASO03_2012,Labridae,Pictilabrus,laticlavius,1,218.604,37384020,CASO03_L.avi,5588,3.7253,11.185,2.592,3422.478,28.311,Facing upward poor vis,AD,Passing
CASO03_2012,Monacanthidae,Meuschenia,hippocrepis,1,199.18,37465004,CASO03_L.avi,12374,8.2493,2.826,7.312,1913.32,18.69,Facing upward poor vis,AD,Passing
CASO03_2012,Mullidae,Upeneichthys,vlamingii,1,128.448,37355029,CASO03_L.avi,14317,9.5447,6.629,8.445,1969.615,34.471,Facing upward poor vis,AD,Passing
CASO03_2012,Monacanthidae,Scobinichthys,granulatus,1,177.392,37465007,CASO03_L.avi,15498,10.332,3.14,4.862,1720.726,25.869,Facing upward poor vis,AD,Passing
CASO03_2012,Monacanthidae,Scobinichthys,granulatus,1,203.4,37465007,CASO03_L.avi,15498,10.332,1.523,2.778,1586.468,7.968,Facing upward poor vis,AD,Passing
CASO03_2012,Monacanthidae,Scobinichthys,granulatus,1,176.174,37465007,CASO03_L.avi,15638,10.4253,3.098,4.336,1813.227,26.76,Facing upward poor vis,AD,Passing
CASO03_2012,Labridae,Notolabrus,parilus,1,345.286,99379455,CASO03_L.avi,20801,13.8673,3.715,10.142,1807.908,26.638,Facing upward poor vis,AD,Passing
CASO03_2012,Arripidae,Arripis,georgianus,1,137.728,37344001,CASO03_L.avi,23641,15.7607,3.793,0.881,1420.661,29.544,Facing upward poor vis,AD,Passing
CASO03_2012,Arripidae,Arripis,georgianus,1,132.058,37344001,CASO03_L.avi,23641,15.7607,4.144,0.79,1604.779,38.027,Facing upward poor vis,AD,Passing
CASO03_2012,Arripidae,Arripis,georgianus,1,158.157,37344001,CASO03_L.avi,23641,15.7607,6.419,0.647,1725.31,21.547,Facing upward poor vis,AD,Passing
CASO03_2012,Arripidae,Arripis,georgianus,1,109.147,37344001,CASO03_L.avi,23641,15.7607,2.592,3.075,1452.601,27.394,Facing upward poor vis,AD,Passing
CASO03_2012,Arripidae,Arripis,georgianus,1,165.831,37344001,CASO03_L.avi,23641,15.7607,3.185,2.294,2161.165,10.523,Facing upward poor vis,AD,Passing
CASO03_2012,Arripidae,Arripis,georgianus,1,140.241,37344001,CASO03_L.avi,23641,15.7607,3.514,1.742,1896.487,10.046,Facing upward poor vis,AD,Passing
CASO03_2012,Arripidae,Arripis,georgianus,1,145.342,37344001,CASO03_L.avi,23641,15.7607,6.528,0.923,1786.883,13.199,Facing upward poor vis,AD,Passing
CASO03_2012,Arripidae,Arripis,georgianus,1,153.728,37344001,CASO03_L.avi,23641,15.7607,3.279,4.772,2091.539,19.507,Facing upward poor vis,AD,Passing
CASO03_2012,Arripidae,Arripis,georgianus,1,137.567,37344001,CASO03_L.avi,23641,15.7607,4.271,1.835,2145.108,24.054,Facing upward poor vis,AD,Passing
CASO03_2012,Arripidae,Arripis,georgianus,1,160.47,37344001,CASO03_L.avi,23641,15.7607,5.237,7.564,2211.348,27.25,Facing upward poor vis,AD,Passing
CASO03_2012,Monacanthidae,Meuschenia,freycineti,1,264.814,37465036,CASO03_L.avi,32915,21.9433,1.688,2.532,1468.61,21.862,Facing upward poor vis,AD,Passing
CASO03_2012,Carangidae,Trachurus,novaezelandiae,1,201.552,37337003,CASO03_L.avi,40685,27.1233,4.766,1.437,1801.808,34.869,Facing upward poor vis,AD,Passing
CASO03_2012,Monacanthidae,Acanthaluteres,brownii,1,235.042,37465001,CASO03_L.avi,54585,36.39,3.41,4.172,2066.808,13.54,Facing upward poor vis,AD,Passing
CASO03_2012,Monacanthidae,Acanthaluteres,brownii,1,208.664,37465001,CASO03_L.avi,54605,36.4033,6.301,7.038,2178.108,34.38,Facing upward poor vis,AD,Passing
CASO03_2012,Monacanthidae,Monacanthidae,sp,1,251.899,37465903,CASO03_L.avi,71562,47.708,7.891,4.781,2562.235,14.662,Facing upward poor vis,AD,Passing
CASO03_2012,Monacanthidae,Monacanthidae,sp,1,207.227,37465903,CASO03_L.avi,71562,47.708,9.284,9.817,3087.469,19.365,Facing upward poor vis,AD,Passing
CASO03_2012,Carangidae,Pseudocaranx,sp,1,201.308,37337924,CASO03_L.avi,82143,54.762,5.739,3.508,1554.473,27.016,Facing upward poor vis,AD,Passing
CASO03_2012,Carangidae,Pseudocaranx,sp,1,190.311,37337924,CASO03_L.avi,82143,54.762,5.349,5.139,2038.05,13.266,Facing upward poor vis,AD,Passing
CASO03_2012,Carangidae,Pseudocaranx,sp,1,180.088,37337924,CASO03_L.avi,82143,54.762,5.535,4.115,1905.992,14.835,Facing upward poor vis,AD,Passing
CASO03_2012,Carangidae,Pseudocaranx,sp,1,204.801,37337924,CASO03_L.avi,82143,54.762,6.322,5.093,1808.59,17.107,Facing upward poor vis,AD,Passing
CASO03_2012,Carangidae,Pseudocaranx,sp,1,196.826,37337924,CASO03_L.avi,82143,54.762,2.343,5.338,1843.852,15.38,Facing upward poor vis,AD,Passing
CASO04_2012,Labridae,Notolabrus,tetricus,1,421.713,37384003,CASO04_L.avi,21377,14.2513,6.702,2.271,1780.034,25.47,BRUV was 10 mins facing up then fell down,AD,Passing
CASO04_2012,Labridae,Pictilabrus,laticlavius,1,202.492,37384020,CASO04_L.avi,23671,15.7807,4.102,4.917,1552.082,11.723,BRUV was 10 mins facing up then fell down,AD,Passing
CASO04_2012,Labridae,Pictilabrus,laticlavius,1,240.747,37384020,CASO04_L.avi,23695,15.7967,2.866,3.965,1424.757,10.777,BRUV was 10 mins facing up then fell down,M,Passing
CASO04_2012,Pentacerotidae,Pentaceropsis,recurvirostris,1,362.877,37367003,CASO04_L.avi,24899,16.5993,9.798,10.881,2102.809,29.783,BRUV was 10 mins facing up then fell down,AD,Passing
CASO04_2012,Monacanthidae,Meuschenia,freycineti,1,271.655,37465036,CASO04_L.avi,29148,19.432,1.622,4.179,917.154,20.267,BRUV was 10 mins facing up then fell down,AD,Passing
CASO04_2012,Sparidae,Chrysophrys,auratus,1,354.635,37353001,CASO04_L.avi,35858,23.9053,5.271,6.107,1869.746,25.445,BRUV was 10 mins facing up then fell down,J,Passing
CASO04_2012,Labridae,Notolabrus,parilus,1,293.005,99379455,CASO04_L.avi,37059,24.706,2.454,2.437,1266.96,26.121,BRUV was 10 mins facing up then fell down,AD,Passing
CASO04_2012,Labridae,Notolabrus,parilus,1,359.053,99379455,CASO04_L.avi,38276,25.5173,6.268,0.459,1579.129,23.207,BRUV was 10 mins facing up then fell down,M,Passing
CASO04_2012,Monacanthidae,Meuschenia,hippocrepis,1,310.099,37465004,CASO04_L.avi,43140,28.76,2.297,1.594,1061.517,14.514,BRUV was 10 mins facing up then fell down,AD,Passing
CASO04_2012,Monacanthidae,Meuschenia,hippocrepis,1,246.456,37465004,CASO04_L.avi,43233,28.822,7.081,1.66,1839.373,28.985,BRUV was 10 mins facing up then fell down,AD,Passing
CASO04_2012,Scorpididae,Tilodon,sexfasciatus,1,144.965,37361003,CASO04_L.avi,46511,31.0073,2.37,1.272,1291.295,15.6,BRUV was 10 mins facing up then fell down,AD,Passing
CASO04_2012,Arripidae,Arripis,georgianus,1,135.697,37344001,CASO04_L.avi,51880,34.5867,5.345,1.928,2090.489,15.785,BRUV was 10 mins facing up then fell down,AD,Passing
CASO04_2012,Arripidae,Arripis,georgianus,1,148.937,37344001,CASO04_L.avi,51880,34.5867,9.12,1.903,2256.158,16.705,BRUV was 10 mins facing up then fell down,AD,Passing
CASO04_2012,Arripidae,Arripis,georgianus,1,133.265,37344001,CASO04_L.avi,51880,34.5867,2.16,0.499,2075.934,14.508,BRUV was 10 mins facing up then fell down,AD,Passing
CASO04_2012,Arripidae,Arripis,georgianus,1,153.016,37344001,CASO04_L.avi,51880,34.5867,4.06,7.133,1812.861,22.219,BRUV was 10 mins facing up then fell down,AD,Passing
CASO04_2012,Arripidae,Arripis,georgianus,1,149.249,37344001,CASO04_L.avi,51880,34.5867,2.88,5.522,1960.331,24.276,BRUV was 10 mins facing up then fell down,AD,Passing
CASO04_2012,Arripidae,Arripis,georgianus,1,147.773,37344001,CASO04_L.avi,51880,34.5867,5.234,16.726,1874.616,31.383,BRUV was 10 mins facing up then fell down,AD,Passing
CASO04_2012,Arripidae,Arripis,georgianus,1,175.651,37344001,CASO04_L.avi,51880,34.5867,7.388,7.488,1791.571,28.562,BRUV was 10 mins facing up then fell down,AD,Passing
CASO04_2012,Cheilodactylidae,Cheilodactylus,nigripes,1,320.642,37377001,CASO04_L.avi,58153,38.7687,5.287,3.583,1813.309,18.915,BRUV was 10 mins facing up then fell down,AD,Passing
CASO04_2012,Carangidae,Pseudocaranx,sp,1,192.174,37337924,CASO04_L.avi,63655,42.4367,3.391,1.92,1271.511,10.448,BRUV was 10 mins facing up then fell down,AD,Passing
CASO04_2012,Carangidae,Pseudocaranx,sp,1,218.612,37337924,CASO04_L.avi,63655,42.4367,2.907,3.334,1361.185,13.769,BRUV was 10 mins facing up then fell down,AD,Passing
CASO04_2012,Carangidae,Pseudocaranx,sp,1,225.114,37337924,CASO04_L.avi,63655,42.4367,2.601,0.88,1153.668,18.232,BRUV was 10 mins facing up then fell down,AD,Passing
CASO04_2012,Carangidae,Pseudocaranx,sp,1,202.39,37337924,CASO04_L.avi,63655,42.4367,2.627,6.009,1173.306,26.452,BRUV was 10 mins facing up then fell down,AD,Passing
CASO04_2012,Carangidae,Pseudocaranx,sp,1,203.396,37337924,CASO04_L.avi,63673,42.4487,1.361,2.047,1136.573,21.518,BRUV was 10 mins facing up then fell down,AD,Passing
CASO04_2012,Cheilodactylidae,Dactylophora,nigricans,1,546.351,37377005,CASO04_L.avi,78352,52.2347,4.112,17.992,1661.447,28.953,BRUV was 10 mins facing up then fell down,AD,Passing
PIEI01_2105,Labridae,Notolabrus,parilus,1,364.387,99379455,PIEI01_L.avi,10745,7.1633,3.474,32.091,1355.23,32.85,R Cam  obscured,AD,Passing
PIEI01_2105,Labridae,Pictilabrus,laticlavius,1,197.565,37384020,PIEI01_L.avi,23314,15.5427,1.156,1.474,891.933,19.477,R Cam  obscured,AD,Passing
PIEI01_2105,Carangidae,Pseudocaranx,sp,1,221.751,37337924,PIEI01_L.avi,29669,19.7793,2.816,2.853,1675.361,18.851,R Cam  obscured,AD,Passing
PIEI01_2105,Monacanthidae,Meuschenia,galii,1,221.76,37465040,PIEI01_L.avi,56206,37.4707,1.316,0.478,1041.419,12.394,R Cam  obscured,AD,Passing
PIEI02_2105,Labridae,Notolabrus,tetricus,1,252.524,37384003,PIEI02_L.avi,8398,5.5987,1.912,1.04,1631.136,11.558,NA,F,Passing
PIEI02_2105,Lamnidae,Carcharodon,carcharias,1,2267.608,37010003,PIEI02_L.avi,18579,12.386,5.832,3.71,1940.383,5.374,NA,M,Attracted
PIEI02_2105,Labridae,Notolabrus,parilus,1,266.418,99379455,PIEI02_L.avi,41590,27.7267,2.788,0.087,1551.192,27.701,NA,AD,Passing
PIEI02_2105,Labridae,Notolabrus,parilus,1,335.718,99379455,PIEI02_L.avi,41608,27.7387,5.468,2.156,1708.321,28.806,NA,AD,Passing
PIEI02_2105,Enoplosidae,Enoplosus,armatus,1,204.153,37366001,PIEI02_L.avi,57212,38.1413,2.168,2.565,1688.366,17.604,NA,AD,Passing
PIEI02_2105,Enoplosidae,Enoplosus,armatus,1,217.102,37366001,PIEI02_L.avi,57220,38.1467,7.27,3.45,1868.546,14.256,NA,AD,Passing
PIEI02_2105,Labridae,Siphonognathus,beddomei,1,89.456,37385006,PIEI02_L.avi,67251,44.834,3.815,6.312,1747.722,39.457,NA,AD,Passing
PIEI02_2105,Monacanthidae,Meuschenia,galii,1,169.945,37465040,PIEI02_L.avi,88747,59.1647,2.089,1.133,1014.521,17.81,NA,AD,Passing
PIEI03_2105,Monacanthidae,Meuschenia,hippocrepis,1,168.873,37465004,PIEI03_L.avi,4509,3.006,2.088,0.213,989.719,33.88,NA,AD,Passing
PIEI03_2105,Monacanthidae,Meuschenia,hippocrepis,1,308.834,37465004,PIEI03_L.avi,4509,3.006,1.471,13.93,1037.362,8.836,NA,AD,Passing
PIEI03_2105,Monacanthidae,Meuschenia,hippocrepis,1,323.752,37465004,PIEI03_L.avi,4527,3.018,2.36,2.634,965.244,19.74,NA,AD,Passing
PIEI03_2105,Monacanthidae,Meuschenia,hippocrepis,1,356.749,37465004,PIEI03_L.avi,4559,3.0393,1.857,4.79,1079.512,14.024,NA,AD,Passing
PIEI03_2105,Monacanthidae,Meuschenia,hippocrepis,1,380.039,37465004,PIEI03_L.avi,4596,3.064,2.086,1.406,1102.516,16.669,NA,AD,Passing
PIEI03_2105,Labridae,Notolabrus,tetricus,1,295.244,37384003,PIEI03_L.avi,8710,5.8067,1.485,4.324,803.933,23.527,NA,F,Attracted
PIEI03_2105,Serranidae,Caesioperca,rasor,1,196.151,99378025,PIEI03_L.avi,12585,8.39,3.378,3.626,1675.646,20.172,NA,AD,Passing
PIEI03_2105,Labridae,Notolabrus,parilus,1,420.945,99379455,PIEI03_L.avi,14642,9.7613,4.278,4.027,1295.853,35.297,NA,AD,Passing
PIEI03_2105,Carangidae,Pseudocaranx,sp,1,311.854,37337924,PIEI03_L.avi,14796,9.864,2.437,5.152,1315.436,36.11,NA,AD,Feeding
PIEI03_2105,Carangidae,Pseudocaranx,sp,1,225.818,37337924,PIEI03_L.avi,14796,9.864,2.193,2.634,1370.325,18.221,NA,AD,Feeding
PIEI03_2105,Carangidae,Pseudocaranx,sp,1,264.707,37337924,PIEI03_L.avi,14796,9.864,6.313,4.142,2005.183,23.397,NA,AD,Feeding
PIEI03_2105,Carangidae,Pseudocaranx,sp,1,232.296,37337924,PIEI03_L.avi,14796,9.864,2.733,2.92,1424.591,22.707,NA,AD,Feeding
PIEI03_2105,Carangidae,Pseudocaranx,sp,1,230.216,37337924,PIEI03_L.avi,14796,9.864,1.362,5.856,1049.328,24.908,NA,AD,Feeding
PIEI03_2105,Carangidae,Pseudocaranx,sp,1,242.636,37337924,PIEI03_L.avi,14796,9.864,1.388,2.277,1165.302,22.395,NA,AD,Feeding
PIEI03_2105,Carangidae,Pseudocaranx,sp,1,260.048,37337924,PIEI03_L.avi,14811,9.874,1.953,1.318,1095.882,23.977,NA,AD,Feeding
PIEI03_2105,Labridae,Achoerodus,gouldii,1,389.468,37384002,PIEI03_L.avi,16615,11.0767,8.015,3.568,1936.639,30.185,NA,AD,Passing
PIEI03_2105,Labridae,Heteroscarus,acroptilus,1,142.338,37385010,PIEI03_L.avi,20076,13.384,3.891,2.601,1398.887,34.503,NA,AD,Passing
PIEI03_2105,Labridae,Pictilabrus,laticlavius,1,235.544,37384020,PIEI03_L.avi,23984,15.9893,2.176,2.429,787.479,30.785,NA,AD,Passing
PIEI03_2105,Labridae,Ophthalmolepis,lineolatus,1,203.617,37384040,PIEI03_L.avi,27238,18.1587,1.381,0.548,1332.256,25.127,NA,AD,Attracted
PIEI03_2105,Labridae,Ophthalmolepis,lineolatus,1,247.412,37384040,PIEI03_L.avi,27263,18.1753,1.654,0.568,1499.833,21.949,NA,AD,Attracted
PIEI03_2105,Monacanthidae,Meuschenia,flavolineata,1,297.445,37465035,PIEI03_L.avi,28570,19.0467,1.229,1.497,890.943,34.64,NA,AD,Attracted
PIEI03_2105,Monacanthidae,Meuschenia,galii,1,274.908,37465040,PIEI03_L.avi,32066,21.3773,4.284,15.232,1413.928,39.599,NA,AD,Passing
PIEI03_2105,Serranidae,Othos,dentex,1,491.349,37311005,PIEI03_L.avi,33919,22.6127,3.563,17.379,1308.143,30.205,NA,AD,Passing
PIEI03_2105,Labridae,Olisthops,cyanomelas,1,407.314,37385001,PIEI03_L.avi,69013,46.0087,5.207,17.814,1614.046,37.32,NA,AD,Passing
PIEI04_2105,Monacanthidae,Meuschenia,flavolineata,1,251.106,37465035,PIEI04_L.avi,6842,4.5613,2.484,7.589,1441.341,20.173,NA,AD,Passing
PIEI04_2105,Labridae,Heteroscarus,acroptilus,1,196.263,37385010,PIEI04_L.avi,7045,4.6967,1.132,5.966,1144.007,22.445,NA,AD,Passing
PIEI04_2105,Monacanthidae,Meuschenia,galii,1,246.812,37465040,PIEI04_L.avi,8280,5.52,1.678,11.111,815.807,26.003,NA,AD,Passing
PIEI04_2105,Labridae,Pictilabrus,laticlavius,1,166.027,37384020,PIEI04_L.avi,12699,8.466,2.361,6.774,1303,21.996,NA,AD,Passing
PIEI04_2105,Carangidae,Pseudocaranx,sp,1,244.376,37337924,PIEI04_L.avi,13275,8.85,1.893,7.009,1035.374,21.302,NA,AD,Attracted
PIEI04_2105,Carangidae,Pseudocaranx,sp,1,237.752,37337924,PIEI04_L.avi,13280,8.8533,2.693,1.947,1150.537,17.392,NA,AD,Attracted
PIEI04_2105,Carangidae,Pseudocaranx,sp,1,225.494,37337924,PIEI04_L.avi,13326,8.884,1.066,9.678,882.114,31.427,NA,AD,Passing
PIEI04_2105,Labridae,Notolabrus,parilus,1,354.152,99379455,PIEI04_L.avi,13633,9.0887,1.489,16.081,1245.647,23.051,NA,AD,Passing
PIEI04_2105,Labridae,Notolabrus,tetricus,1,313.703,37384003,PIEI04_L.avi,18339,12.226,1.355,27.857,1038.322,32.286,NA,AD,Passing
PIEI04_2105,Labridae,Notolabrus,tetricus,1,320.308,37384003,PIEI04_L.avi,18339,12.226,2.054,15.279,1361.056,24.054,NA,AD,Passing
PIEI04_2105,Monacanthidae,Meuschenia,hippocrepis,1,280.564,37465004,PIEI04_L.avi,53204,35.4693,0.818,5.556,784.353,23.582,NA,AD,Passing
PIEI04_2105,Monacanthidae,Meuschenia,hippocrepis,1,294.972,37465004,PIEI04_L.avi,53235,35.49,2.331,54.288,1073.344,29.854,NA,AD,Passing
PIEI04_2105,Monacanthidae,Acanthaluteres,brownii,1,367.182,37465001,PIEI04_L.avi,56431,37.6207,2.236,3.116,1136.433,20.768,NA,AD,Passing
PIEI04_2105,Monacanthidae,Meuschenia,freycineti,1,331.744,37465036,PIEI04_L.avi,89282,59.5213,2.842,17.903,1258.932,32.347,NA,AD,Passing
PIEI04_2105,Serranidae,Othos,dentex,1,495.921,37311005,PIEI04_L.avi,92714,61.8093,0.876,1.525,730.175,3.222,NA,AD,Attracted
PIEO01_2105,Labridae,Notolabrus,tetricus,1,338.471,37384003,PIEO01_L.avi,6003,4.002,2.775,5.224,1122.712,28.539,L Cam obscured,AD,Passing
PIEO01_2105,Labridae,Siphonognathus,beddomei,1,105.346,37385006,PIEO01_L.avi,15241,10.1607,1.661,5.537,1475.722,15.688,L Cam obscured,AD,Passing
PIEO01_2105,Carangidae,Pseudocaranx,sp,1,315.065,37337924,PIEO01_L.avi,17239,11.4927,1.594,1.244,901.033,17.661,L Cam obscured,AD,Attracted
PIEO01_2105,Carangidae,Pseudocaranx,sp,1,248.429,37337924,PIEO01_L.avi,17240,11.4933,1.376,1.722,1189.07,24.456,L Cam obscured,AD,Attracted
PIEO01_2105,Dinolestidae,Dinolestes,lewini,1,299.13,37327002,PIEO01_L.avi,24038,16.0253,9.729,2.999,2322.17,13.863,L Cam obscured,AD,Passing
PIEO01_2105,Myliobatidae,Myliobatis,tenuicaudatus,1,504.282,37039001,PIEO01_L.avi,66878,44.5853,10.259,4.122,2292.597,31.029,L Cam obscured,AD,Passing
PIEO01_2105,Serranidae,Caesioperca,rasor,1,253.02,99378025,PIEO01_L.avi,67702,45.1347,3.755,4.655,1801.411,27.311,L Cam obscured,AD,Passing
PIEO02_2105,Labridae,Notolabrus,tetricus,1,417.219,37384003,PIEO02_L.avi,5124,3.416,3.33,0.751,2083.503,30.838,NA,M,Attracted
PIEO02_2105,Enoplosidae,Enoplosus,armatus,1,230.147,37366001,PIEO02_L.avi,5132,3.4213,8.915,34.043,2291.876,37.133,NA,AD,Passing
PIEO02_2105,Dinolestidae,Dinolestes,lewini,1,193.752,37327002,PIEO02_L.avi,16817,11.2113,5.477,6.905,2227.919,35.956,NA,AD,Passing
PIEO02_2105,Dinolestidae,Dinolestes,lewini,1,235.402,37327002,PIEO02_L.avi,16817,11.2113,5.221,11.065,2139.961,32.691,NA,AD,Passing
PIEO02_2105,Dinolestidae,Dinolestes,lewini,1,158.627,37327002,PIEO02_L.avi,16817,11.2113,6.254,2.973,2374.965,30.043,NA,AD,Passing
PIEO02_2105,Dinolestidae,Dinolestes,lewini,1,138.435,37327002,PIEO02_L.avi,16818,11.212,7.62,7.973,2273.949,37.526,NA,AD,Passing
PIEO02_2105,Labridae,Notolabrus,tetricus,1,297.464,37384003,PIEO02_L.avi,17767,11.8447,2.24,6.392,1134.622,29.078,NA,AD,Passing
PIEO02_2105,Labridae,Notolabrus,tetricus,1,292.72,37384003,PIEO02_L.avi,17780,11.8533,1.101,3.892,973.455,21.058,NA,AD,Passing
PIEO02_2105,Monacanthidae,Meuschenia,hippocrepis,1,260.103,37465004,PIEO02_L.avi,18911,12.6073,1.29,2.768,830.626,21.805,NA,AD,Attracted
PIEO02_2105,Loliginidae,Sepioteuthis,australis,1,480.962,23617005,PIEO02_L.avi,33156,22.104,8.507,7.699,2502.723,31.143,NA,AD,Passing
PIEO02_2105,Cheilodactylidae,Nemadactylus,valenciennesi,1,723.405,37377004,PIEO02_L.avi,57439,38.2927,9.379,7.238,1988,23.534,NA,AD,Passing
PIEO02_2105,Monacanthidae,Meuschenia,hippocrepis,1,270.513,37465004,PIEO02_L.avi,58875,39.25,1.805,4.249,1223.157,26.563,NA,AD,Passing
PIEO02_2105,Carangidae,Pseudocaranx,sp,1,245.919,37337924,PIEO02_L.avi,66833,44.5553,4.678,2.718,1452.216,24.668,NA,AD,Passing
PIEO02_2105,Carangidae,Pseudocaranx,sp,1,256.615,37337924,PIEO02_L.avi,66833,44.5553,3.603,10.749,1840.023,30.804,NA,AD,Passing
PIEO02_2105,Carangidae,Pseudocaranx,sp,1,226.61,37337924,PIEO02_L.avi,66833,44.5553,2.056,3.22,1251.803,19.419,NA,AD,Passing
PIEO02_2105,Carangidae,Pseudocaranx,sp,1,288.92,37337924,PIEO02_L.avi,66869,44.5793,2.683,9.144,1489.924,30.738,NA,AD,Passing
PIEO02_2105,Carangidae,Seriola,lalandi,1,1076.515,37337006,PIEO02_L.avi,74148,49.432,21.903,6.146,3325.683,10.653,NA,AD,Passing
PIEO02_2105,Carangidae,Seriola,lalandi,1,1082.959,37337006,PIEO02_L.avi,74153,49.4353,14.01,4.34,4169.489,19.326,NA,AD,Passing
PIEO02_2105,Carangidae,Seriola,lalandi,1,850.731,37337006,PIEO02_L.avi,74164,49.4427,11.187,38.753,3100.996,33.575,NA,AD,Passing
PIEO02_2105,Carangidae,Seriola,lalandi,1,1010.077,37337006,PIEO02_L.avi,74231,49.4873,17.182,16.593,3403.463,27.912,NA,AD,Passing
PIEO02_2105,Labridae,Ophthalmolepis,lineolatus,1,304.132,37384040,PIEO02_L.avi,77018,51.3453,3.33,3.399,1544.537,23.535,NA,AD,Passing
PIEO02_2105,Labridae,Ophthalmolepis,lineolatus,1,298.322,37384040,PIEO02_L.avi,77018,51.3453,5.726,0.357,1722.242,22.449,NA,AD,Passing
PIEO02_2105,Serranidae,Caesioperca,rasor,1,248.108,99378025,PIEO02_L.avi,86358,57.572,1.98,1.958,1292.971,25.992,NA,AD,Passing
PIEO04_2105,Labridae,Olisthops,cyanomelas,1,314.132,37385001,PIEO04_L.avi,6005,4.0033,4.564,1.766,2146.296,18.026,NA,AD,Passing
PIEO04_2105,Monacanthidae,Meuschenia,flavolineata,1,189.845,37465035,PIEO04_L.avi,10162,6.7747,1.542,7.362,1179.984,30.415,NA,AD,Passing
PIEO04_2105,Monacanthidae,Meuschenia,flavolineata,1,241.442,37465035,PIEO04_L.avi,10176,6.784,3.227,2.094,1247.795,28.338,NA,AD,Passing
PIEO04_2105,Labridae,Pictilabrus,laticlavius,1,197.929,37384020,PIEO04_L.avi,14877,9.918,0.658,3.716,570.964,13.928,NA,AD,Passing
PIEO04_2105,Labridae,Siphonognathus,beddomei,1,95.755,37385006,PIEO04_L.avi,15848,10.5653,4.948,0.951,1524.477,17.083,NA,AD,Passing
PIEO04_2105,Dinolestidae,Dinolestes,lewini,1,296.53,37327002,PIEO04_L.avi,24086,16.0573,3.157,2.432,1818.085,16.547,NA,AD,Passing
PIEO04_2105,Dinolestidae,Dinolestes,lewini,1,258.182,37327002,PIEO04_L.avi,24086,16.0573,3.232,16.564,1885.418,23.822,NA,AD,Passing
PIEO04_2105,Dinolestidae,Dinolestes,lewini,1,243.244,37327002,PIEO04_L.avi,24086,16.0573,4.692,11.867,2289.772,28.533,NA,AD,Passing
PIEO04_2105,Labridae,Notolabrus,tetricus,1,379.425,37384003,PIEO04_L.avi,33034,22.0227,3.962,1.844,1700.751,7.214,NA,AD,Passing
PIEO04_2105,Labridae,Notolabrus,parilus,1,372.524,99379455,PIEO04_L.avi,34194,22.796,1.064,1.343,910.979,20.161,NA,AD,Passing
PIEO04_2105,Dasyatidae,Bathytoshia,brevicaudata,1,1638.232,37035001,PIEO04_L.avi,48626,32.4173,13.557,10.404,4622.928,1.163,NA,AD,Passing
PIEO04_2105,Monacanthidae,Meuschenia,hippocrepis,1,320.742,37465004,PIEO04_L.avi,62040,41.36,1.087,6.785,975.226,12.457,NA,AD,Passing
PIEO04_2105,Monacanthidae,Meuschenia,hippocrepis,1,271.475,37465004,PIEO04_L.avi,62040,41.36,1.843,5.839,926.627,22.018,NA,AD,Passing
PIEO04_2105,Monacanthidae,Meuschenia,hippocrepis,1,301.357,37465004,PIEO04_L.avi,62040,41.36,2.374,1.012,1197.244,19.547,NA,AD,Passing
PIEO04_2105,Enoplosidae,Enoplosus,armatus,1,195.705,37366001,PIEO04_L.avi,67995,45.33,3.285,7.477,1353.535,35.52,NA,AD,Passing
PIEO04_2105,Carangidae,Pseudocaranx,sp,1,202.764,37337924,PIEO04_L.avi,83813,55.8753,2.035,16.715,1546.117,22.779,NA,AD,Passing
PIEO04_2105,Carangidae,Pseudocaranx,sp,1,116.677,37337924,PIEO04_L.avi,83813,55.8753,1.434,26.646,1186.947,34.116,NA,AD,Passing
PIEO04_2105,Carangidae,Pseudocaranx,sp,1,254.947,37337924,PIEO04_L.avi,83813,55.8753,2.096,18.851,1372.033,26.553,NA,AD,Passing
PIEO04_2105,Carangidae,Pseudocaranx,sp,1,223.299,37337924,PIEO04_L.avi,83813,55.8753,2.741,12.694,1371.438,18.811,NA,AD,Passing
PIEO04_2105,Carangidae,Pseudocaranx,sp,1,234.966,37337924,PIEO04_L.avi,83813,55.8753,2.459,0.762,1255.082,9.753,NA,AD,Passing
PIEO04_2105,Carangidae,Pseudocaranx,sp,1,215.336,37337924,PIEO04_L.avi,83813,55.8753,3.158,1.549,1602.321,8.615,NA,AD,Passing
PIEO04_2105,Carangidae,Pseudocaranx,sp,1,252.039,37337924,PIEO04_L.avi,83813,55.8753,3.172,5.136,1246.41,26.33,NA,AD,Passing
PIEO04_2105,Carangidae,Pseudocaranx,sp,1,223.924,37337924,PIEO04_L.avi,83813,55.8753,2.427,7.771,1247.421,24.262,NA,AD,Passing
PIEO04_2105,Carangidae,Pseudocaranx,sp,1,138,37337924,PIEO04_L.avi,83813,55.8753,2.419,21.603,1349.582,33.616,NA,AD,Passing
PIEO04_2105,Carangidae,Pseudocaranx,sp,1,245.908,37337924,PIEO04_L.avi,83813,55.8753,1.102,4.176,1079.832,15.889,NA,AD,Passing
PIEO04_2105,Carangidae,Pseudocaranx,sp,1,281.543,37337924,PIEO04_L.avi,83813,55.8753,14.141,6.713,3380.9,21.562,NA,AD,Passing
PINI01_2105,Labridae,Austrolabrus,maculatus,1,88.237,37384025,PINI01_L.avi,10850,7.2333,1.594,0.73,1159.001,34.759,NA,AD,Passing
PINI01_2105,Pinguipedidae,Parapercis,ramsayi,1,133.799,37390002,PINI01_L.avi,12327,8.218,2.96,1.735,1665.908,31.07,NA,AD,Passing
PINI01_2105,Mullidae,Upeneichthys,vlamingii,1,152.966,37355029,PINI01_L.avi,13417,8.9447,2.869,1.204,1168.186,26.21,NA,AD,Passing
PINI01_2105,Mullidae,Upeneichthys,vlamingii,1,123.225,37355029,PINI01_L.avi,13418,8.9453,2.238,2.653,1248.342,28.066,NA,AD,Passing
PINI01_2105,Gerreidae,Parequula,melbournensis,1,91.206,37349001,PINI01_L.avi,17706,11.804,2.061,1.494,1057.889,33.351,NA,AD,Passing
PINI01_2105,Gerreidae,Parequula,melbournensis,1,122.012,37349001,PINI01_L.avi,17715,11.81,1.305,0.62,1100.768,18.806,NA,AD,Passing
PINI01_2105,Monacanthidae,Acanthaluteres,vittiger,1,128.488,37465002,PINI01_L.avi,18777,12.518,0.852,0.825,761.189,26.217,NA,J,Attracted
PINI02_2105,Monacanthidae,Thamnaconus,degeni,1,248.88,37465037,PINI02_L.avi,13391,8.9273,3.634,39.727,1716.833,27.837,Problem with L video unable to obtain full Max N,AD,Passing
PINI02_2105,Carangidae,Pseudocaranx,sp,1,316.016,37337924,PINI02_L.avi,21506,14.3373,2.658,3.875,1352.532,18.291,Problem with L video unable to obtain full Max N,AD,Passing
PINI03_2105,Monacanthidae,Acanthaluteres,vittiger,1,112.403,37465002,PINI03_L.avi,8809,5.8727,1.694,2.874,1178.497,26.377,Bad vis - milky,J,Passing
PINI03_2105,Triakidae,Mustelus,antarcticus,1,1253.31,37017001,PINI03_L.avi,15622,10.4147,8.757,9.958,1850.101,11.285,Bad vis - milky,AD,Passing
PINI03_2105,Sphyraenidae,Sphyraena,novaehollandiae,1,392.808,37382002,PINI03_L.avi,33314,22.2093,5.213,52.935,1694.209,31.728,Bad vis - milky,AD,Passing
PINI03_2105,Labridae,Notolabrus,parilus,1,312.001,99379455,PINI03_L.avi,42459,28.306,4.706,0.622,1518.143,32.54,Bad vis - milky,AD,Passing
PINI03_2105,Gerreidae,Parequula,melbournensis,1,115.923,37349001,PINI03_L.avi,47384,31.5893,1.583,1.977,1074.578,21.104,Bad vis - milky,AD,Passing
PINI03_2105,Gerreidae,Parequula,melbournensis,1,114.93,37349001,PINI03_L.avi,47384,31.5893,1.152,1.337,962.469,13.224,Bad vis - milky,AD,Passing
PINI04_2105,Mullidae,Upeneichthys,vlamingii,1,116.379,37355029,PINI04_L.avi,9878,6.5853,3.427,0.413,1638.744,32.144,NA,AD,Passing
PINI04_2105,Mullidae,Upeneichthys,vlamingii,1,146.382,37355029,PINI04_L.avi,9879,6.586,4.071,8.324,1846.628,35.898,NA,AD,Passing
PINI04_2105,Gerreidae,Parequula,melbournensis,1,102.128,37349001,PINI04_L.avi,11737,7.8247,4.197,5.896,1408.496,28.953,NA,AD,Passing
PINI04_2105,Monacanthidae,Acanthaluteres,vittiger,1,146.053,37465002,PINI04_L.avi,11946,7.964,1.751,0.536,1029.308,6.561,NA,AD,Passing
PINI04_2105,Triakidae,Mustelus,antarcticus,1,1159.769,37017001,PINI04_L.avi,16444,10.9627,8.704,2.662,2243.277,24.578,NA,AD,Passing
PINI04_2105,Carangidae,Trachurus,novaezelandiae,1,217.382,37337003,PINI04_L.avi,67507,45.0047,3.627,3.061,1709.226,33.773,NA,AD,Passing
PINI04_2105,Carangidae,Trachurus,novaezelandiae,1,182.994,37337003,PINI04_L.avi,67511,45.0073,2.001,1.914,1210.011,25.666,NA,AD,Passing
PINI04_2105,Carangidae,Pseudocaranx,sp,1,215.284,37337924,PINI04_L.avi,67554,45.036,1.562,0.598,1170.089,21.721,NA,AD,Passing
PINI04_2105,Dasyatidae,Bathytoshia,brevicaudata,1,688.031,37035001,PINI04_L.avi,71319,47.546,1.948,1.357,1360.592,12.115,NA,AD,Passing
PINO01_2105,Monacanthidae,Scobinichthys,granulatus,1,109.401,37465007,PINO01_L.avi,36114,24.076,1.133,10.603,1037.666,25.25,Really bad vis,AD,Passing
PINO01_2105,Carangidae,Trachurus,novaezelandiae,1,179.628,37337003,PINO01_L.avi,57417,38.278,2.989,2.263,1147.698,36.269,Really bad vis,AD,Passing
PINO01_2105,Monacanthidae,Thamnaconus,degeni,1,141.58,37465037,PINO01_L.avi,94970,63.3133,1.262,3.24,1315.319,15.094,Really bad vis,AD,Passing
PINO01_2105,Monacanthidae,Thamnaconus,degeni,1,135.839,37465037,PINO01_L.avi,94970,63.3133,1.417,2.905,1358.09,8.067,Really bad vis,AD,Passing
PINO01_2105,Monacanthidae,Thamnaconus,degeni,1,177.333,37465037,PINO01_L.avi,94976,63.3173,2.39,2.613,1346.503,12.736,Really bad vis,AD,Passing
PINO02_2105,Labridae,Notolabrus,tetricus,1,397.029,37384003,PINO02_L.avi,14656,9.7707,0.682,0.285,594.039,17.946,Poor vis,AD,Passing
PINO02_2105,Serranidae,Caesioperca,rasor,1,207.717,99378025,PINO02_L.avi,61512,41.008,1.318,0.296,837.675,20.951,Poor vis,AD,Passing
PINO02_2105,Serranidae,Caesioperca,rasor,1,244.304,99378025,PINO02_L.avi,61532,41.0213,1.936,1.418,859.94,19.422,Poor vis,AD,Passing
PINO02_2105,Serranidae,Caesioperca,rasor,1,240.185,99378025,PINO02_L.avi,61532,41.0213,1.929,10.202,1215.453,29.668,Poor vis,AD,Passing
PINO03_2105,Carangidae,Trachurus,novaezelandiae,1,179.281,37337003,PINO03_L.avi,78069,52.046,3.439,2.957,1702.552,22.401,Poor vis,AD,Passing
PINO03_2105,Carangidae,Trachurus,novaezelandiae,1,189.793,37337003,PINO03_L.avi,78070,52.0467,3.644,1.788,1693.052,30.233,Poor vis,AD,Passing
PINO03_2105,Carangidae,Trachurus,novaezelandiae,1,182.803,37337003,PINO03_L.avi,78070,52.0467,4.219,2.118,1671.861,19.945,Poor vis,AD,Passing
PINO03_2105,Monacanthidae,Thamnaconus,degeni,1,148.234,37465037,PINO03_L.avi,85215,56.81,1.693,2.314,832.397,26.655,Poor vis,AD,Passing
PINO03_2105,Monacanthidae,Thamnaconus,degeni,1,192.344,37465037,PINO03_L.avi,85215,56.81,5.634,3.819,2142.498,13.226,Poor vis,AD,Passing
PINO04_2105,Pinguipedidae,Parapercis,ramsayi,1,126.439,37390002,PINO04_L.avi,15522,10.348,2.216,4.917,1273.352,23.651,Poor Vis,AD,Passing
PINO04_2105,Pinguipedidae,Parapercis,ramsayi,1,63.66,37390002,PINO04_L.avi,15522,10.348,1.265,5.001,1199.221,17.619,Poor Vis,AD,Passing
PINO04_2105,Majidae,Leptomithrax,gaimardii,1,39.947,28880010,PINO04_L.avi,31810,21.2067,2.755,10.1,1180.169,29.604,Poor Vis,AD,Passing
PINO04_2105,Monacanthidae,Thamnaconus,degeni,1,183.347,37465037,PINO04_L.avi,38213,25.4753,1.118,3.142,885.58,14.192,Poor Vis,AD,Passing
PINO04_2105,Monacanthidae,Thamnaconus,degeni,1,158.041,37465037,PINO04_L.avi,38223,25.482,0.568,1.726,537.209,21.9,Poor Vis,AD,Passing
PINO04_2105,Monacanthidae,Thamnaconus,degeni,1,88.345,37465037,PINO04_L.avi,38223,25.482,1.726,1.825,1100.386,12.336,Poor Vis,AD,Passing
PINO04_2105,Otariidae,Neophoca,cinerea,1,1502.489,41131005,PINO04_L.avi,47044,31.3627,3.421,3.103,1308.893,8.281,Poor Vis,AD,Passing
PIWI01_2105,Cheilodactylidae,Cheilodactylus,nigripes,1,227.706,37377001,PIWI01_L.avi,5005,3.3367,4.91,56.808,2197.576,30.883,L Cam Obscured,AD,Passing
PIWI01_2105,Labridae,Notolabrus,tetricus,1,335.846,37384003,PIWI01_L.avi,9703,6.4687,0.936,7.6,908.932,27.418,L Cam Obscured,AD,Passing
PIWI01_2105,Monacanthidae,Meuschenia,hippocrepis,1,188.002,37465004,PIWI01_L.avi,11763,7.842,2.131,25.146,1499.325,28.614,L Cam Obscured,AD,Passing
PIWI01_2105,Cheilodactylidae,Nemadactylus,valenciennesi,1,490.746,37377004,PIWI01_L.avi,12004,8.0027,2.027,46.584,1559.115,32.985,L Cam Obscured,AD,Passing
PIWI02_2105,Cheilodactylidae,Dactylophora,nigricans,1,633.255,37377005,PIWI02_L.avi,1768,1.1787,5.223,4.22,1505.664,29.692,NA,AD,Passing
PIWI02_2105,Kyphosidae,Girella,zebra,1,306.975,37361008,PIWI02_L.avi,3610,2.4067,4.262,9.041,2672.687,11.495,NA,AD,Passing
PIWI02_2105,Scaridae,Heteroscarus,acroptilus,1,221.792,37385010,PIWI02_L.avi,6922,4.6147,3.633,0.834,1606.415,29.167,NA,AD,Passing
PIWI02_2105,Monacanthidae,Meuschenia,galii,1,289.796,37465040,PIWI02_L.avi,15306,10.204,4.58,1.779,2036.01,22.112,NA,AD,Passing
PIWI02_2105,Labridae,Pictilabrus,laticlavius,1,227.198,37384020,PIWI02_L.avi,16166,10.7773,3.036,3.422,1513.371,33.941,NA,AD,Passing
PIWI02_2105,Monacanthidae,Meuschenia,hippocrepis,1,181.605,37465004,PIWI02_L.avi,16166,10.7773,3.026,2.02,1152.47,25.478,NA,AD,Passing
PIWI02_2105,Monacanthidae,Meuschenia,hippocrepis,1,174.768,37465004,PIWI02_L.avi,16181,10.7873,4.775,3.592,1641.622,26.595,NA,AD,Passing
PIWI02_2105,Scorpididae,Scorpis,aequipinnis,1,255.845,37361004,PIWI02_L.avi,24581,16.3873,2.44,5.796,1127.17,24.485,NA,AD,Passing
PIWI02_2105,Carangidae,Seriola,lalandi,1,340.477,37337006,PIWI02_L.avi,31119,20.746,1.936,2.078,1853.861,7.329,NA,AD,Passing
PIWI02_2105,Carangidae,Seriola,lalandi,1,368.253,37337006,PIWI02_L.avi,31119,20.746,6.111,1.689,1953.517,24.488,NA,AD,Passing
PIWI02_2105,Carangidae,Seriola,lalandi,1,391.642,37337006,PIWI02_L.avi,31119,20.746,8.081,4.118,1941.64,24.783,NA,AD,Passing
PIWI02_2105,Carangidae,Seriola,lalandi,1,359.432,37337006,PIWI02_L.avi,31119,20.746,2.047,1.93,1988.748,5.03,NA,AD,Passing
PIWI02_2105,Carangidae,Pseudocaranx,sp,1,245.961,37337924,PIWI02_L.avi,49200,32.8,1.896,2.49,1078.003,31.329,NA,AD,Passing
PIWI02_2105,Carangidae,Pseudocaranx,sp,1,219.771,37337924,PIWI02_L.avi,49200,32.8,2.762,1.654,1332.896,29.027,NA,AD,Passing
PIWI02_2105,Carangidae,Pseudocaranx,sp,1,252.253,37337924,PIWI02_L.avi,49200,32.8,3.156,2.829,1327.437,26.847,NA,AD,Passing
PIWI02_2105,Cheilodactylidae,Cheilodactylus,nigripes,1,318.67,37377001,PIWI02_L.avi,71348,47.5653,5.266,1.805,1928.962,18.295,NA,AD,Passing
PIWI02_2105,Monacanthidae,Meuschenia,flavolineata,1,230.422,37465035,PIWI02_L.avi,73143,48.762,1.533,1.577,1344.534,17.168,NA,AD,Passing
PIWI02_2105,Labridae,Notolabrus,tetricus,1,230.912,37384003,PIWI02_L.avi,90078,60.052,1.918,3.701,1727.755,4.61,NA,AD,Passing
PIWI02_2105,Labridae,Notolabrus,tetricus,1,243.41,37384003,PIWI02_L.avi,90078,60.052,2.962,1.429,1749.855,21.24,NA,AD,Passing
PIWI02_2105,Labridae,Notolabrus,tetricus,1,498.579,37384003,PIWI02_L.avi,90086,60.0573,4.622,0.798,1775.472,34.786,NA,AD,Passing
PIWI02_2105,Labridae,Notolabrus,tetricus,1,300.453,37384003,PIWI02_L.avi,90116,60.0773,5.708,1.591,1772.636,28.564,NA,AD,Passing
PIWO01_2105,Lamnidae,Carcharodon,carcharias,1,3074.01,37010003,PIWO01_L.avi,21679,14.4527,68.16,8.399,4967.198,21.12,NA,AD,Passing
PIWO01_2105,Labridae,Notolabrus,parilus,1,334.076,99379455,PIWO01_L.avi,27529,18.3527,0.755,0.882,677.16,12.889,NA,AD,Passing
PIWO01_2105,Labridae,Pictilabrus,laticlavius,1,231.592,37384020,PIWO01_L.avi,35444,23.6293,1.865,0.47,834.87,20.971,NA,AD,Passing
PIWO01_2105,Monacanthidae,Acanthaluteres,vittiger,1,216.646,37465002,PIWO01_L.avi,35444,23.6293,1.164,1.49,1154.461,7.411,NA,AD,Passing
PIWO01_2105,Labridae,Pictilabrus,laticlavius,1,198.328,37384020,PIWO01_L.avi,35469,23.646,3.356,1.572,1276.671,34.637,NA,AD,Passing
PIWO01_2105,Monacanthidae,Meuschenia,flavolineata,1,175.016,37465035,PIWO01_L.avi,77112,51.408,5.621,3.176,1640.257,34.088,NA,AD,Attracted
PIWO01_2105,Monacanthidae,Meuschenia,flavolineata,1,274.281,37465035,PIWO01_L.avi,77112,51.408,4.925,0.694,1466.255,31.052,NA,AD,Attracted
PIWO01_2105,Labridae,Siphonognathus,beddomei,1,79.498,37385006,PIWO01_L.avi,86310,57.54,1.664,2.184,1032.292,34.39,NA,AD,Passing
PIWO01_2105,Monacanthidae,Meuschenia,galii,1,258.258,37465040,PIWO01_L.avi,93107,62.0713,3.815,1.934,2140.724,19.667,NA,AD,Passing
PIWO01_2105,Monacanthidae,Meuschenia,galii,1,186.131,37465040,PIWO01_L.avi,93107,62.0713,1.407,1.331,1282.585,15.391,NA,AD,Passing
PIWO02_2105,Cheilodactylidae,Dactylophora,nigricans,1,731.85,37377005,PIWO02_L.avi,4559,3.0393,10.764,6.431,3064.537,13.049,NA,AD,Passing
PIWO02_2105,Cheilodactylidae,Cheilodactylus,nigripes,1,312.746,37377001,PIWO02_L.avi,4765,3.1767,2.894,1.627,1952.97,22.196,NA,AD,Passing
PIWO02_2105,Cheilodactylidae,Cheilodactylus,nigripes,1,396.32,37377001,PIWO02_L.avi,4780,3.1867,4.188,19.195,1239.939,32.924,NA,AD,Passing
PIWO02_2105,Monacanthidae,Meuschenia,flavolineata,1,246.974,37465035,PIWO02_L.avi,11728,7.8187,3.387,1.557,1363.461,27.917,NA,AD,Passing
PIWO02_2105,Sphyraenidae,Sphyraena,novaehollandiae,1,410.58,37382002,PIWO02_L.avi,13902,9.268,9.624,2.509,2338.451,23.934,NA,AD,Passing
PIWO02_2105,Labridae,Pictilabrus,laticlavius,1,247.559,37384020,PIWO02_L.avi,21302,14.2013,2.697,1.643,780.88,26.738,NA,AD,Passing
PIWO02_2105,Cheilodactylidae,Nemadactylus,valenciennesi,1,641.752,37377004,PIWO02_L.avi,21613,14.4087,8.346,8.954,1897.024,27.827,NA,AD,Passing
PIWO02_2105,Monacanthidae,Meuschenia,galii,1,232.55,37465040,PIWO02_L.avi,29855,19.9033,2.398,3.873,1502.141,10.752,NA,AD,Passing
PIWO02_2105,Carangidae,Pseudocaranx,sp,1,277.353,37337924,PIWO02_L.avi,32815,21.8767,3.716,0.996,1205.474,17.276,NA,AD,Passing
PIWO02_2105,Carangidae,Pseudocaranx,sp,1,254.736,37337924,PIWO02_L.avi,32815,21.8767,4.361,1.072,1351.72,18.419,NA,AD,Passing
PIWO02_2105,Monacanthidae,Meuschenia,hippocrepis,1,336.378,37465004,PIWO02_L.avi,33531,22.354,1.441,10.027,1148.575,26.468,NA,AD,Passing
PIWO02_2105,Monacanthidae,Meuschenia,hippocrepis,1,229.954,37465004,PIWO02_L.avi,33531,22.354,1.718,2.074,1712.07,8.43,NA,AD,Passing
PIWO02_2105,Labridae,Notolabrus,parilus,1,390.787,99379455,PIWO02_L.avi,39607,26.4047,4.395,1.803,1354.423,27.033,NA,AD,Passing
PIWO02_2105,Serranidae,Othos,dentex,1,470.494,37311005,PIWO02_L.avi,44701,29.8007,2.819,4.345,1622.998,24.117,NA,AD,Passing
PIWO02_2105,Labridae,Notolabrus,tetricus,1,432.856,37384003,PIWO02_L.avi,50517,33.678,6,4.312,1536.609,23.053,NA,AD,Passing
PIWO02_2105,Lamnidae,Carcharodon,carcharias,1,3763.535,37010003,PIWO02_L.avi,55209,36.806,25.201,25.803,3596.605,13.449,NA,AD,Passing
PIWO02_2105,Carangidae,Trachurus,novaezelandiae,1,218.817,37337003,PIWO02_L.avi,71836,47.8907,3.407,4.291,1513.904,26.466,NA,AD,Passing
PIWO02_2105,Carangidae,Trachurus,novaezelandiae,1,225.942,37337003,PIWO02_L.avi,71836,47.8907,3.432,1.871,2006.638,15.019,NA,AD,Passing
PIWO02_2105,Carangidae,Trachurus,novaezelandiae,1,200.605,37337003,PIWO02_L.avi,71836,47.8907,1.682,3.684,1738.431,22.928,NA,AD,Passing
PIWO02_2105,Carangidae,Trachurus,novaezelandiae,1,220.797,37337003,PIWO02_L.avi,71836,47.8907,2.431,4.505,1807.393,19.171,NA,AD,Passing
PIWO02_2105,Carangidae,Trachurus,novaezelandiae,1,223.534,37337003,PIWO02_L.avi,71836,47.8907,1.781,8.179,1755.759,18.113,NA,AD,Passing
PIWO02_2105,Carangidae,Trachurus,novaezelandiae,1,214.699,37337003,PIWO02_L.avi,71836,47.8907,3.451,1.035,2208.683,16.691,NA,AD,Passing
PIWO02_2105,Carangidae,Trachurus,novaezelandiae,1,236.176,37337003,PIWO02_L.avi,71836,47.8907,2.582,5.429,2074.006,8.575,NA,AD,Passing
PIWO02_2105,Carangidae,Trachurus,novaezelandiae,1,228.022,37337003,PIWO02_L.avi,71836,47.8907,8.914,3.419,2046.434,25.342,NA,AD,Passing
PIWO02_2105,Carangidae,Trachurus,novaezelandiae,1,227.552,37337003,PIWO02_L.avi,71836,47.8907,7.336,4.871,2213.478,26.237,NA,AD,Passing
PIWO02_2105,Carangidae,Trachurus,novaezelandiae,1,228.496,37337003,PIWO02_L.avi,71836,47.8907,2.599,4.18,2188.679,5.788,NA,AD,Passing
PIWO02_2105,Pomacentridae,Parma,victoriae,1,179.066,37372006,PIWO02_L.avi,97080,64.72,5.909,1.205,1875.608,11.483,NA,AD,Passing
PIWO03_2105,Labridae,Olisthops,cyanomelas,1,373.53,37385001,PIWO03_L.avi,3647,2.4313,10.627,5.413,3019.767,26.013,NA,AD,Passing
PIWO03_2105,Monacanthidae,Meuschenia,galii,1,228.076,37465040,PIWO03_L.avi,6570,4.38,1.642,1.443,1203.998,16.898,NA,AD,Passing
PIWO03_2105,Labridae,Pictilabrus,laticlavius,1,165.3,37384020,PIWO03_L.avi,11702,7.8013,1.94,10.042,1277.355,36.405,NA,AD,Passing
PIWO03_2105,Monacanthidae,Meuschenia,hippocrepis,1,202.78,37465004,PIWO03_L.avi,22603,15.0687,3.621,2.724,1255.726,16.456,NA,AD,Passing
PIWO03_2105,Monacanthidae,Meuschenia,hippocrepis,1,233.566,37465004,PIWO03_L.avi,22638,15.092,1.388,0.825,1260.088,17.539,NA,AD,Passing
PIWO03_2105,Cheilodactylidae,Nemadactylus,valenciennesi,1,404.674,37377004,PIWO03_L.avi,32314,21.5427,7.353,0.264,1899.14,33.998,NA,AD,Passing
PIWO03_2105,Sphyraenidae,Sphyraena,novaehollandiae,1,436.574,37382002,PIWO03_L.avi,39820,26.5467,15.73,1.434,2796.148,30.381,NA,AD,Passing
PIWO03_2105,Labridae,Notolabrus,parilus,1,308.133,99379455,PIWO03_L.avi,42012,28.008,1.132,2.797,946.45,14.427,NA,AD,Passing
PIWO03_2105,Labridae,Notolabrus,tetricus,1,252.352,37384003,PIWO03_L.avi,55166,36.7773,1.823,0.415,1032.09,30.13,NA,AD,Passing
PIWO03_2105,Labridae,Notolabrus,tetricus,1,340.615,37384003,PIWO03_L.avi,55194,36.796,1.781,3.311,919.328,25.46,NA,AD,Passing
PIWO03_2105,Labridae,Notolabrus,tetricus,1,229.687,37384003,PIWO03_L.avi,55196,36.7973,2.251,8.841,1526.408,31.485,NA,AD,Passing
PIWO03_2105,Carangidae,Pseudocaranx,sp,1,271.916,37337924,PIWO03_L.avi,62782,41.8547,5.634,2.02,1684.104,23.614,NA,AD,Passing
PIWO03_2105,Carangidae,Pseudocaranx,sp,1,256.988,37337924,PIWO03_L.avi,62782,41.8547,3.123,3.523,1473.446,15.674,NA,AD,Passing
PIWO03_2105,Monacanthidae,Meuschenia,flavolineata,1,224.656,37465035,PIWO03_L.avi,66723,44.482,5.491,1.633,2529.648,18.632,NA,AD,Passing
PIWO03_2105,Labridae,Achoerodus,gouldii,1,587.584,37384002,PIWO03_L.avi,69115,46.0767,4.577,1.526,1616.056,29.254,NA,AD,Passing
PIWO04_2105,Cheilodactylidae,Cheilodactylus,nigripes,1,560.765,37377001,PIWO04_L.avi,5536,3.6907,5.462,19.702,2139.772,32.778,Facing slightly upwards,AD,Passing
PIWO04_2105,Monacanthidae,Meuschenia,flavolineata,1,267.609,37465035,PIWO04_L.avi,5548,3.6987,5.136,50.517,2442.193,36.291,Facing slightly upwards,AD,Passing
PIWO04_2105,Cheilodactylidae,Cheilodactylus,nigripes,1,435.71,37377001,PIWO04_L.avi,5607,3.738,2.74,17.045,1479.636,29.547,Facing slightly upwards,AD,Passing
PIWO04_2105,Labridae,Austrolabrus,maculatus,1,122.342,37384025,PIWO04_L.avi,12662,8.4413,0.944,6.808,912.474,34.062,Facing slightly upwards,AD,Passing
PIWO04_2105,Labridae,Pictilabrus,laticlavius,1,193.901,37384020,PIWO04_L.avi,16729,11.1527,1.977,4.423,1562.143,15.27,Facing slightly upwards,AD,Passing
PIWO04_2105,Labridae,Pictilabrus,laticlavius,1,199.71,37384020,PIWO04_L.avi,16752,11.168,1.236,3.665,1060.833,21.717,Facing slightly upwards,AD,Passing
PIWO04_2105,Labridae,Notolabrus,tetricus,1,247.321,37384003,PIWO04_L.avi,17939,11.9593,5.738,1.013,1554.581,18.678,Facing slightly upwards,AD,Passing
PIWO04_2105,Labridae,Notolabrus,tetricus,1,221.737,37384003,PIWO04_L.avi,17969,11.9793,2.81,2.188,1527.492,22.231,Facing slightly upwards,AD,Passing
PIWO04_2105,Monacanthidae,Meuschenia,galii,1,228.262,37465040,PIWO04_L.avi,29563,19.7087,1.772,5.494,1008.397,32.218,Facing slightly upwards,AD,Passing
PIWO04_2105,Monacanthidae,Meuschenia,hippocrepis,1,672.856,37465004,PIWO04_L.avi,33345,22.23,2.977,23.135,1565.173,34.36,Facing slightly upwards,AD,Passing
PIWO04_2105,Monacanthidae,Meuschenia,hippocrepis,1,259.01,37465004,PIWO04_L.avi,33345,22.23,2.084,4.141,1509.437,15.534,Facing slightly upwards,AD,Passing
PIWO04_2105,Carangidae,Pseudocaranx,sp,1,243.243,37337924,PIWO04_L.avi,88138,58.7587,1.664,1.497,1339.623,12.837,Facing slightly upwards,AD,Passing
PIWO04_2105,Carangidae,Pseudocaranx,sp,1,249.806,37337924,PIWO04_L.avi,88138,58.7587,2.729,1.195,1206.568,23.947,Facing slightly upwards,AD,Passing
PIWO04_2105,Carangidae,Pseudocaranx,sp,1,241.792,37337924,PIWO04_L.avi,88138,58.7587,2.337,13.38,1122.812,33.125,Facing slightly upwards,AD,Passing
PIWO04_2105,Carangidae,Pseudocaranx,sp,1,206.301,37337924,PIWO04_L.avi,88138,58.7587,2.621,8.427,1278.049,33.515,Facing slightly upwards,AD,Passing
PIWO04_2105,Carangidae,Pseudocaranx,sp,1,217.899,37337924,PIWO04_L.avi,88138,58.7587,2.62,4.283,1314.575,18.2,Facing slightly upwards,AD,Passing
PIWO04_2105,Carangidae,Pseudocaranx,sp,1,273.871,37337924,PIWO04_L.avi,88138,58.7587,2.04,6.522,1138.64,25.756,Facing slightly upwards,AD,Passing
PIWO04_2105,Carangidae,Pseudocaranx,sp,1,223.396,37337924,PIWO04_L.avi,88138,58.7587,1.806,4.078,1101.377,13.808,Facing slightly upwards,AD,Passing
PIWO04_2105,Carangidae,Pseudocaranx,sp,1,171.765,37337924,PIWO04_L.avi,88138,58.7587,1.428,26.594,1149.959,27.969,Facing slightly upwards,AD,Passing
RHCI01_2101,Scorpididae,Tilodon,sexfasciatus,1,203.15,37361003,RHCI01_L.avi,6407,4.2713,3.33,31.605,1839.99,11.096,NA,AD,Attracted
RHCI01_2101,Scorpididae,Scorpis,aequipinnis,1,297.714,37361004,RHCI01_L.avi,7607,5.0713,1.785,49.989,1339.23,30.77,NA,AD,Passing
RHCI01_2101,Pomacentridae,Parma,victoriae,1,179.42,37372006,RHCI01_L.avi,8751,5.834,2.327,32.717,1647.508,19.678,NA,AD,Passing
RHCI01_2101,Labridae,Notolabrus,parilus,1,297.616,99379455,RHCI01_L.avi,9129,6.086,2.503,36.128,1846.303,31.556,NA,AD,Passing
RHCI01_2101,Labridae,Notolabrus,tetricus,1,148.346,37384003,RHCI01_L.avi,9157,6.1047,3.505,29.898,1720.509,10.032,NA,AD,Passing
RHCI01_2101,Labridae,Notolabrus,tetricus,1,111.469,37384003,RHCI01_L.avi,9157,6.1047,9.118,26.294,2520.254,29.927,NA,AD,Passing
RHCI01_2101,Labridae,Notolabrus,tetricus,1,229.139,37384003,RHCI01_L.avi,9157,6.1047,3.564,29.581,1898.935,27.536,NA,AD,Passing
RHCI01_2101,Kyphosidae,Kyphosus,sydneyanus,1,391.344,37361001,RHCI01_L.avi,11761,7.8407,3.912,29.612,2101.141,26.75,NA,AD,Passing
RHCI01_2101,Kyphosidae,Kyphosus,sydneyanus,1,365.826,37361001,RHCI01_L.avi,11761,7.8407,4.538,17.876,2314.799,27.744,NA,AD,Passing
RHCI01_2101,Kyphosidae,Kyphosus,sydneyanus,1,328.164,37361001,RHCI01_L.avi,11761,7.8407,10.621,25.726,2417.084,21.697,NA,AD,Passing
RHCI01_2101,Kyphosidae,Kyphosus,sydneyanus,1,343.409,37361001,RHCI01_L.avi,11761,7.8407,10.788,16.686,2459.312,5.825,NA,AD,Passing
RHCI01_2101,Kyphosidae,Kyphosus,sydneyanus,1,444.488,37361001,RHCI01_L.avi,11761,7.8407,5.575,21.254,2246.742,12.722,NA,AD,Passing
RHCI01_2101,Kyphosidae,Kyphosus,sydneyanus,1,260.291,37361001,RHCI01_L.avi,11761,7.8407,9.018,8.772,2786.667,17.737,NA,AD,Passing
RHCI01_2101,Kyphosidae,Kyphosus,sydneyanus,1,268.972,37361001,RHCI01_L.avi,11761,7.8407,14.78,14.306,3165.023,15.845,NA,AD,Passing
RHCI01_2101,Labridae,Austrolabrus,maculatus,1,137.794,37384025,RHCI01_L.avi,13950,9.3,1.679,44.16,1170.471,24.145,measure,AD,Passing
RHCI01_2101,Cheilodactylidae,Dactylophora,nigricans,1,430.461,37377005,RHCI01_L.avi,23179,15.4527,3.486,20.737,2037.717,19.72,NA,AD,Passing
RHCI01_2101,Cheilodactylidae,Cheilodactylus,nigripes,1,306.933,37377001,RHCI01_L.avi,27745,18.4967,1.892,30.315,1700.431,10.457,NA,AD,Passing
RHCI01_2101,Monacanthidae,Meuschenia,hippocrepis,1,268.523,37465004,RHCI01_L.avi,37116,24.744,7.69,14.737,2443.783,33.612,NA,AD,Passing
RHCI01_2101,Monacanthidae,Meuschenia,hippocrepis,1,328.737,37465004,RHCI01_L.avi,37116,24.744,3.734,6.188,3216.736,5.868,NA,AD,Passing
RHCI01_2101,Mullidae,Upeneichthys,vlamingii,1,86.348,37355029,RHCI01_L.avi,42302,28.2013,3.375,47.263,1545.023,31.147,NA,AD,Passing
RHCI01_2101,Chaetodontidae,Chelmonops,curiosus,1,128.397,37365066,RHCI01_L.avi,50447,33.6313,3.531,34.299,1885.071,29.762,NA,AD,Passing
RHCI01_2101,Monacanthidae,Monacanthidae,sp,1,145.345,37465903,RHCI01_L.avi,64219,42.8127,1.789,35.858,1407.563,19.678,NA,AD,Passing
RHCI01_2101,Labridae,Dotalabrus,aurantiacus,1,75.472,37384018,RHCI01_L.avi,69590,46.3933,2.288,44.428,1655.223,33.53,NA,AD,Passing
RHCI01_2101,Monacanthidae,Eubalichthys,mosaicus,1,307.548,37465003,RHCI01_L.avi,72028,48.0187,2.039,41.842,1399.411,27.78,NA,AD,Passing
RHCI01_2101,Carangidae,Pseudocaranx,sp,1,297.914,37337924,RHCI01_L.avi,86083,57.3887,3.835,37.745,1415.074,21.52,NA,AD,Passing
RHCI01_2101,Carangidae,Pseudocaranx,sp,1,267.634,37337924,RHCI01_L.avi,86083,57.3887,5.743,32.393,1752.007,14.482,NA,AD,Passing
RHCI01_2101,Carangidae,Pseudocaranx,sp,1,243.207,37337924,RHCI01_L.avi,86083,57.3887,7.658,19.627,2164.109,16.522,NA,AD,Passing
RHCI01_2101,Carangidae,Pseudocaranx,sp,1,257.33,37337924,RHCI01_L.avi,86083,57.3887,5.661,26.906,2015.989,9.478,NA,AD,Passing
RHCI02_2101,Cheilodactylidae,Cheilodactylus,nigripes,1,313.996,37377001,RHCI02_L.avi,15382,10.2547,4.861,16.088,2177.843,30.018,NA,AD,Passing
RHCI02_2101,Arripidae,Arripis,georgianus,1,101.46,37344001,RHCI02_L.avi,19603,13.0687,6.298,62.861,2634.297,20.797,NA,AD,Passing
RHCI02_2101,Monacanthidae,Meuschenia,hippocrepis,1,287.879,37465004,RHCI02_L.avi,25122,16.748,6.079,7.184,1642.68,17.378,NA,AD,Passing
RHCI02_2101,Labridae,Notolabrus,tetricus,1,230.419,37384003,RHCI02_L.avi,25392,16.928,6.46,24.15,2264.417,30.927,NA,AD,Passing
RHCI02_2101,Labridae,Notolabrus,tetricus,1,245.571,37384003,RHCI02_L.avi,25392,16.928,2.986,5.48,2151.795,26.772,NA,AD,Passing
RHCI02_2101,Pentacerotidae,Pentaceropsis,recurvirostris,1,293.266,37367003,RHCI02_L.avi,50427,33.618,11.183,5.571,2234.188,26.643,NA,AD,Passing
RHCI02_2101,Kyphosidae,Girella,zebra,1,257.317,37361008,RHCI02_L.avi,56587,37.7247,7.846,25.225,2330.885,31.928,NA,AD,Passing
RHCI02_2101,Scorpididae,Scorpis,aequipinnis,1,253.419,37361004,RHCI02_L.avi,73215,48.81,2.95,1.381,1811.316,23.469,NA,AD,Passing
RHCI02_2101,Sillaginidae,Sillaginodes,punctatus,1,378.602,37330001,RHCI02_L.avi,84772,56.5147,3.062,4.081,1528.217,27.726,NA,AD,Passing
RHCI02_2101,Loliginidae,Sepioteuthis,australis,1,338.467,23617005,RHCI02_L.avi,86720,57.8133,9.648,3.201,2111.22,33.779,measure,AD,Attracted
RHCI02_2101,Carangidae,Pseudocaranx,sp,1,270.972,37337924,RHCI02_L.avi,87508,58.3387,4.954,1.206,1498.539,20.214,NA,AD,Passing
RHCI02_2101,Carangidae,Pseudocaranx,sp,1,266.297,37337924,RHCI02_L.avi,87508,58.3387,3.349,2.539,1598.423,15.633,NA,AD,Passing
RHCI02_2101,Carangidae,Pseudocaranx,sp,1,248.774,37337924,RHCI02_L.avi,87508,58.3387,3.27,1.42,1466.138,23.308,NA,AD,Passing
RHCI02_2101,Sparidae,Chrysophrys,auratus,1,390.194,37353001,RHCI02_L.avi,90944,60.6293,1.428,1.342,1179.648,17.795,NA,AD,Passing
RHCI03_2101,Kyphosidae,Girella,zebra,1,150.525,37361008,RHCI03_L.avi,12029,8.0193,5.474,14.196,2113.683,38.393,m,AD,Passing
RHCI03_2101,Labridae,Pictilabrus,laticlavius,1,194.056,37384020,RHCI03_L.avi,13536,9.024,2.364,0.356,1186.153,20.57,m,AD,Passing
RHCI03_2101,Arripidae,Arripis,georgianus,1,131.727,37344001,RHCI03_L.avi,16999,11.3327,8.657,12.138,2670.76,31.07,NA,AD,Passing
RHCI03_2101,Scorpididae,Scorpis,aequipinnis,1,254.165,37361004,RHCI03_L.avi,26832,17.888,5.054,11.289,1699.548,4.67,NA,AD,Passing
RHCI03_2101,Scorpididae,Scorpis,aequipinnis,1,318.866,37361004,RHCI03_L.avi,26833,17.8887,1.658,113.946,1261.345,19.877,NA,AD,Passing
RHCI03_2101,Labridae,Notolabrus,parilus,1,327.956,99379455,RHCI03_L.avi,32840,21.8933,6.858,1.149,1870.258,29.164,m,AD,Attracted
RHCI03_2101,Scorpididae,Tilodon,sexfasciatus,1,141.24,37361003,RHCI03_L.avi,40675,27.1167,2.362,1.716,1355.003,31.021,NA,AD,Passing
RHCI03_2101,Carangidae,Pseudocaranx,sp,1,211.902,37337924,RHCI03_L.avi,49156,32.7707,2.236,4.933,1233.452,27.732,NA,AD,Passing
RHCI03_2101,Carangidae,Pseudocaranx,sp,1,214.668,37337924,RHCI03_L.avi,49156,32.7707,3.034,1.142,1503.898,25.64,NA,AD,Passing
RHCI03_2101,Carangidae,Pseudocaranx,sp,1,283.719,37337924,RHCI03_L.avi,49156,32.7707,2.901,2.414,1430.571,13.305,NA,AD,Passing
RHCI03_2101,Labridae,Austrolabrus,maculatus,1,129.579,37384025,RHCI03_L.avi,55932,37.288,3.563,1.149,1300.607,24.524,NA,AD,Passing
RHCI03_2101,Sparidae,Chrysophrys,auratus,1,213.407,37353001,RHCI03_L.avi,63337,42.2247,8.553,1.352,2601.36,34.747,m,AD,Passing
RHCI03_2101,Monacanthidae,Meuschenia,hippocrepis,1,235.822,37465004,RHCI03_L.avi,78043,52.0287,1.522,4.614,813.273,20.729,NA,AD,Passing
RHCI03_2101,Cheilodactylidae,Cheilodactylus,nigripes,1,222.572,37377001,RHCI03_L.avi,85269,56.846,2.755,4.999,1730.766,35.613,m,AD,Passing
RHCI04_2101,Pomacentridae,Parma,victoriae,1,131.404,37372006,RHCI04_L.avi,8229,5.486,2.618,0.554,1753.05,9.464,NA,AD,Passing
RHCI04_2101,Kyphosidae,Girella,zebra,1,202.167,37361008,RHCI04_L.avi,9441,6.294,4.932,3.33,1905.914,7,NA,AD,Passing
RHCI04_2101,Kyphosidae,Girella,zebra,1,224.38,37361008,RHCI04_L.avi,9441,6.294,11.852,1.022,2305.342,13.598,NA,AD,Passing
RHCI04_2101,Cheilodactylidae,Cheilodactylus,nigripes,1,236.818,37377001,RHCI04_L.avi,11041,7.3607,1.747,2.05,1342.182,20.931,NA,AD,Passing
RHCI04_2101,Labridae,Achoerodus,gouldii,1,393.107,37384002,RHCI04_L.avi,12391,8.2607,7.231,1.648,1774.494,17.75,NA,AD,Passing
RHCI04_2101,Monacanthidae,Eubalichthys,mosaicus,1,227.839,37465003,RHCI04_L.avi,16264,10.8427,2.449,4.299,1883.91,13.12,NA,AD,Passing
RHCI04_2101,Monacanthidae,Eubalichthys,mosaicus,1,222.392,37465003,RHCI04_L.avi,16264,10.8427,2.408,1.545,1669.399,14.908,NA,AD,Passing
RHCI04_2101,Monacanthidae,Meuschenia,freycineti,1,308.365,37465036,RHCI04_L.avi,26418,17.612,2.563,4.146,1203.702,14.991,NA,AD,Passing
RHCI04_2101,Labridae,Notolabrus,tetricus,1,180.541,37384003,RHCI04_L.avi,34371,22.914,8.278,3.093,1854.622,26.627,NA,AD,Passing
RHCI04_2101,Labridae,Notolabrus,tetricus,1,366.157,37384003,RHCI04_L.avi,34435,22.9567,4.799,1.462,1655.825,3.605,NA,AD,Passing
RHCI04_2101,Scorpididae,Scorpis,aequipinnis,1,263.799,37361004,RHCI04_L.avi,49563,33.042,4.774,2.152,1684.902,17.868,NA,AD,Passing
RHCI04_2101,Scorpididae,Scorpis,aequipinnis,1,272.981,37361004,RHCI04_L.avi,49563,33.042,7.559,1.6,3401.598,21.514,NA,AD,Passing
RHCI04_2101,Scorpididae,Scorpis,aequipinnis,1,231.479,37361004,RHCI04_L.avi,49563,33.042,8.762,7.746,3450.804,19.871,NA,AD,Passing
RHCI04_2101,Monacanthidae,Meuschenia,galii,1,277.105,37465040,RHCI04_L.avi,60056,40.0373,6.114,1.547,1909.421,7.175,NA,AD,Passing
RHCI04_2101,Carangidae,Pseudocaranx,sp,1,300.547,37337924,RHCI04_L.avi,75930,50.62,2.002,0.734,1285.606,36.387,NA,AD,Passing
RHCI04_2101,Carangidae,Pseudocaranx,sp,1,276.642,37337924,RHCI04_L.avi,75930,50.62,2.332,2.69,1409.531,28.722,NA,AD,Passing
RHCI04_2101,Carangidae,Pseudocaranx,sp,1,255.963,37337924,RHCI04_L.avi,75930,50.62,5.682,0.487,1871.862,11.765,NA,AD,Passing
RHCI04_2101,Carangidae,Pseudocaranx,sp,1,284.687,37337924,RHCI04_L.avi,75930,50.62,1.729,4.386,1607.572,6.479,NA,AD,Passing
RHCI04_2101,Carangidae,Pseudocaranx,sp,1,346.506,37337924,RHCI04_L.avi,75930,50.62,3.45,2.212,2123.157,2.811,NA,AD,Passing
RHCI04_2101,Carangidae,Pseudocaranx,sp,1,289.294,37337924,RHCI04_L.avi,75930,50.62,3.335,2.494,1515.047,26.093,NA,AD,Passing
RHCI04_2101,Scorpididae,Tilodon,sexfasciatus,1,205.878,37361003,RHCI04_L.avi,80302,53.5347,2.69,1.413,1686.643,6.706,NA,AD,Passing
RHCI04_2101,Monacanthidae,Meuschenia,hippocrepis,1,397.146,37465004,RHCI04_L.avi,94543,63.0287,4.415,1.598,1816.112,11.883,NA,AD,Passing
RHCI04_2101,Monacanthidae,Meuschenia,hippocrepis,1,303.826,37465004,RHCI04_L.avi,94543,63.0287,2.754,5.776,2121.931,15.973,NA,AD,Passing
RHCI04_2101,Monacanthidae,Meuschenia,hippocrepis,1,283.384,37465004,RHCI04_L.avi,94543,63.0287,4.381,1.054,2684.539,17.501,NA,AD,Passing
RHCO01_2101,Gerreidae,Parequula,melbournensis,1,110.508,37349001,RHCO01_L.avi,8665,5.7767,3.642,1.549,1301.824,26.666,NA,AD,Passing
RHCO01_2101,Gerreidae,Parequula,melbournensis,1,111.693,37349001,RHCO01_L.avi,8665,5.7767,1.962,1.201,1004.442,28.631,NA,AD,Passing
RHCO01_2101,Mullidae,Upeneichthys,vlamingii,1,209.248,37355029,RHCO01_L.avi,8751,5.834,4.992,3.72,2132.988,25.139,NA,AD,Passing
RHCO01_2101,Mullidae,Upeneichthys,vlamingii,1,168.642,37355029,RHCO01_L.avi,8751,5.834,4.496,0.729,1831.597,35.644,NA,AD,Passing
RHCO01_2101,Monacanthidae,Acanthaluteres,vittiger,1,153.727,37465002,RHCO01_L.avi,8983,5.9887,1.045,1.708,951.231,26.107,NA,AD,Passing
RHCO01_2101,Monacanthidae,Acanthaluteres,vittiger,1,174.177,37465002,RHCO01_L.avi,8983,5.9887,1.931,3.705,1769.385,1.723,NA,AD,Passing
RHCO01_2101,Monacanthidae,Acanthaluteres,vittiger,1,146.58,37465002,RHCO01_L.avi,8983,5.9887,4.617,5.203,2214.294,10.17,NA,AD,Passing
RHCO01_2101,Labridae,Pictilabrus,laticlavius,1,174.094,37384020,RHCO01_L.avi,11510,7.6733,6.891,2.339,2208.166,26.546,NA,AD,Passing
RHCO01_2101,Arripidae,Arripis,georgianus,1,133.199,37344001,RHCO01_L.avi,17784,11.856,10.726,4.592,2704.9,32.547,NA,AD,Passing
RHCO01_2101,Labridae,Notolabrus,tetricus,1,135.183,37384003,RHCO01_L.avi,19122,12.748,6.941,4.973,2767.949,12.298,NA,AD,Passing
RHCO01_2101,Monacanthidae,Scobinichthys,granulatus,1,191.41,37465007,RHCO01_L.avi,33928,22.6187,1.149,3.282,886.207,14.615,NA,AD,Passing
RHCO01_2101,Sillaginidae,Sillaginodes,punctatus,1,352.615,37330001,RHCO01_L.avi,42993,28.662,5.367,2.324,1816.272,23.883,measure,AD,Attracted
RHCO01_2101,Monacanthidae,Acanthaluteres,brownii,1,265.45,37465001,RHCO01_L.avi,43804,29.2027,8.863,9.92,3134.278,15.085,NA,AD,Passing
RHCO01_2101,Monacanthidae,Acanthaluteres,brownii,1,179.683,37465001,RHCO01_L.avi,43804,29.2027,5.796,5.54,2818.405,8.309,NA,AD,Passing
RHCO01_2101,Labridae,Notolabrus,parilus,1,312.626,99379455,RHCO01_L.avi,50925,33.95,8.427,11.669,1869.116,22.061,NA,AD,Passing
RHCO01_2101,Carangidae,Pseudocaranx,sp,1,212.008,37337924,RHCO01_L.avi,74810,49.8733,4.386,7.038,1517.227,16.212,NA,AD,Passing
RHCO01_2101,Carangidae,Pseudocaranx,sp,1,217.207,37337924,RHCO01_L.avi,74810,49.8733,5.543,5.516,1535.334,21.194,NA,AD,Passing
RHCO01_2101,Carangidae,Pseudocaranx,sp,1,210.314,37337924,RHCO01_L.avi,74810,49.8733,4.238,6.745,1369.798,14.29,NA,AD,Passing
RHCO01_2101,Carangidae,Pseudocaranx,sp,1,227.422,37337924,RHCO01_L.avi,74810,49.8733,6.909,3.913,1708.533,9.12,NA,AD,Passing
RHCO01_2101,Carangidae,Pseudocaranx,sp,1,202.035,37337924,RHCO01_L.avi,74810,49.8733,2.724,3.594,1419.649,36.064,NA,AD,Passing
RHCO01_2101,Carangidae,Pseudocaranx,sp,1,194.893,37337924,RHCO01_L.avi,74810,49.8733,4.08,4.012,1588.245,28.68,NA,AD,Passing
RHCO02_2101,Labridae,Notolabrus,tetricus,1,219.493,37384003,RHCO02_L.avi,8217,5.478,2.692,0.962,1158.323,26.123,NA,AD,Passing
RHCO02_2101,Loliginidae,Sepioteuthis,australis,1,218.633,23617005,RHCO02_L.avi,9234,6.156,25.693,1.781,4304.394,22.468,NA,AD,Passing
RHCO02_2101,Arripidae,Arripis,georgianus,1,186.644,37344001,RHCO02_L.avi,9309,6.206,6.353,0.648,2706.573,25.494,NA,AD,Passing
RHCO02_2101,Labridae,Pictilabrus,laticlavius,1,188.751,37384020,RHCO02_L.avi,21645,14.43,2.593,1.467,1234.373,33.647,NA,AD,Passing
RHCO02_2101,Cheilodactylidae,Cheilodactylus,nigripes,1,298.037,37377001,RHCO02_L.avi,24995,16.6633,3.44,3.177,1528.834,26.099,NA,AD,Passing
RHCO02_2101,Labridae,Notolabrus,parilus,1,370.121,99379455,RHCO02_L.avi,41056,27.3707,4.226,0.677,1521.731,27.675,NA,AD,Passing
RHCO02_2101,Monacanthidae,Meuschenia,freycineti,1,301.245,37465036,RHCO02_L.avi,64786,43.1907,1.233,1.364,1292.457,18.782,NA,AD,Passing
RHCO02_2101,Monacanthidae,Meuschenia,freycineti,1,325.155,37465036,RHCO02_L.avi,64786,43.1907,1.93,0.207,1337.556,5.98,NA,AD,Passing
RHCO02_2101,Monacanthidae,Meuschenia,freycineti,1,230.512,37465036,RHCO02_L.avi,64786,43.1907,3.951,0.725,1402.781,4.949,NA,AD,Passing
RHCO02_2101,Carangidae,Pseudocaranx,sp,1,210.365,37337924,RHCO02_L.avi,85204,56.8027,1.307,0.754,1091.163,27.277,NA,AD,Passing
RHCO02_2101,Carangidae,Pseudocaranx,sp,1,273.525,37337924,RHCO02_L.avi,85204,56.8027,1.347,2.173,1132.445,13.302,NA,AD,Passing
RHCO02_2101,Carangidae,Pseudocaranx,sp,1,261.414,37337924,RHCO02_L.avi,85204,56.8027,1.328,7.434,1128.127,20.226,NA,AD,Passing
RHCO02_2101,Carangidae,Pseudocaranx,sp,1,213.622,37337924,RHCO02_L.avi,85204,56.8027,1.276,1.675,1136.655,21.543,NA,AD,Passing
RHCO03_2101,Labridae,Pictilabrus,laticlavius,1,147.14,37384020,RHCO03_L.avi,9487,6.3247,0.957,13.631,909.081,19.973,measure,AD,Passing
RHCO03_2101,Carangidae,Pseudocaranx,sp,1,221.41,37337924,RHCO03_L.avi,31185,20.79,3.423,37.878,1946.307,19.202,NA,AD,Passing
RHCO03_2101,Carangidae,Pseudocaranx,sp,1,280.586,37337924,RHCO03_L.avi,31185,20.79,4.38,45.68,1664.815,16.55,NA,AD,Passing
RHCO03_2101,Arripidae,Arripis,georgianus,1,153.347,37344001,RHCO03_L.avi,32067,21.378,7.708,36.935,2268.245,12.333,NA,AD,Passing
RHCO03_2101,Arripidae,Arripis,georgianus,1,149.482,37344001,RHCO03_L.avi,32067,21.378,9.387,19.447,2290.96,12.632,NA,AD,Passing
RHCO03_2101,Labridae,Notolabrus,parilus,1,347.726,99379455,RHCO03_L.avi,33543,22.362,9.877,64.968,2425.216,16.49,NA,AD,Passing
RHCO03_2101,Kyphosidae,Girella,zebra,1,289.113,37361008,RHCO03_L.avi,33873,22.582,8.51,43.368,2099.019,20.16,NA,AD,Passing
RHCO03_2101,Labridae,Notolabrus,tetricus,1,293.298,37384003,RHCO03_L.avi,42135,28.09,2.454,50.825,1405.573,25.904,NA,AD,Passing
RHCO03_2101,Monacanthidae,Meuschenia,freycineti,1,366.743,37465036,RHCO03_L.avi,45759,30.506,1.408,28.466,1188.503,18.912,NA,AD,Passing
RHCO03_2101,Scorpididae,Tilodon,sexfasciatus,1,199.964,37361003,RHCO03_L.avi,54262,36.1747,1.944,24.127,923.381,32.072,measure,AD,Attracted
RHCO03_2101,Scorpididae,Scorpis,aequipinnis,1,119.284,37361004,RHCO03_L.avi,75712,50.4747,4.403,17.763,1589.111,13.916,NA,AD,Passing
RHCO03_2101,Scorpididae,Scorpis,aequipinnis,1,218.868,37361004,RHCO03_L.avi,75712,50.4747,4.739,21.221,1504.179,11.315,NA,AD,Passing
RHCO03_2101,Monacanthidae,Meuschenia,hippocrepis,1,257.913,37465004,RHCO03_L.avi,85860,57.24,1.628,19.672,1193.283,6.629,NA,AD,Passing
RHCO04_2101,Monacanthidae,Acanthaluteres,brownii,1,259.95,37465001,RHCO04_L.avi,17724,11.816,5.149,1.12,1741.929,23.165,NA,AD,Passing
RHCO04_2101,Monacanthidae,Acanthaluteres,brownii,1,258.419,37465001,RHCO04_L.avi,17724,11.816,2.986,2.712,2268.374,8.884,NA,AD,Passing
RHCO04_2101,Monacanthidae,Acanthaluteres,brownii,1,271.599,37465001,RHCO04_L.avi,17724,11.816,2.913,4.716,1900.288,24.072,NA,AD,Passing
RHCO04_2101,Monacanthidae,Meuschenia,hippocrepis,1,126.482,37465004,RHCO04_L.avi,19228,12.8187,3.455,5.768,1610.515,25.642,NA,AD,Passing
RHCO04_2101,Labridae,Pictilabrus,laticlavius,1,171.289,37384020,RHCO04_L.avi,20886,13.924,5.638,1.604,2211.103,30.918,NA,AD,Passing
RHCO04_2101,Cheilodactylidae,Cheilodactylus,nigripes,1,195.414,37377001,RHCO04_L.avi,36622,24.4147,3.765,4.384,2168.575,21.946,NA,AD,Passing
RHCO04_2101,Labridae,Notolabrus,tetricus,1,183.197,37384003,RHCO04_L.avi,37651,25.1007,1.792,2.429,1908.374,3.362,NA,AD,Passing
RHCO04_2101,Labridae,Notolabrus,tetricus,1,211.803,37384003,RHCO04_L.avi,37651,25.1007,3.801,2.75,1611.939,20.906,NA,AD,Passing
RHCO04_2101,Arripidae,Arripis,georgianus,1,123.388,37344001,RHCO04_L.avi,40760,27.1733,13.471,1.574,3285.567,18.437,NA,AD,Passing
RHCO04_2101,Pomacentridae,Parma,victoriae,1,100.095,37372006,RHCO04_L.avi,53278,35.5187,4.481,2.161,1878.442,15.516,NA,AD,Passing
RHCO04_2101,Kyphosidae,Girella,zebra,1,135.723,37361008,RHCO04_L.avi,71240,47.4933,7.901,4.622,2572.349,17.019,NA,AD,Passing
RHCO04_2101,Kyphosidae,Girella,zebra,1,311.228,37361008,RHCO04_L.avi,71240,47.4933,19.06,5.45,2810.528,16.759,NA,AD,Passing
RHCO04_2101,Kyphosidae,Girella,zebra,1,125.642,37361008,RHCO04_L.avi,71240,47.4933,3.594,3.372,2638.087,11.726,NA,AD,Passing
RHCO04_2101,Sillaginidae,Sillaginodes,punctatus,1,302.625,37330001,RHCO04_L.avi,92256,61.504,3.509,6.441,2301.522,2.579,NA,AD,Passing
RHEI01_2101,Cheilodactylidae,Cheilodactylus,nigripes,1,180.932,37377001,RHEI01_L.avi,7579,5.0527,7.214,10.895,2399.809,31.602,Right camera obscured by weed not many measurents,AD,Passing
RHEI01_2101,Scorpididae,Tilodon,sexfasciatus,1,142.988,37361003,RHEI01_L.avi,8122,5.4147,3.774,29.973,2127.204,31.986,Right camera obscured by weed not many measurents,AD,Passing
RHEI01_2101,Labridae,Austrolabrus,maculatus,1,105.448,37384025,RHEI01_L.avi,8891,5.9273,5.586,21.277,2780.139,21.896,Right camera obscured by weed not many measurents,AD,Passing
RHEI01_2101,Urolophidae,Urolophus,gigas,1,217.257,37038003,RHEI01_L.avi,10422,6.948,10.91,13.855,3180.128,12.928,Right camera obscured by weed not many measurents,AD,Passing
RHEI01_2101,Labridae,Notolabrus,tetricus,1,255.972,37384003,RHEI01_L.avi,20060,13.3733,13.662,3.299,3440.089,19.741,Right camera obscured by weed not many measurents,AD,Passing
RHEI01_2101,Kyphosidae,Kyphosus,sydneyanus,1,420.851,37361001,RHEI01_L.avi,30912,20.608,3.375,9.601,3052.952,17.651,Right camera obscured by weed not many measurents,AD,Passing
RHEI01_2101,Mullidae,Upeneichthys,vlamingii,1,193.206,37355029,RHEI01_L.avi,50374,33.5827,3.544,12.992,2667.21,10.36,Right camera obscured by weed not many measurents,AD,Passing
RHEI01_2101,Scorpididae,Scorpis,aequipinnis,1,178.265,37361004,RHEI01_L.avi,86357,57.5713,4.101,18.194,2413.901,24.817,Right camera obscured by weed not many measurents,AD,Passing
RHEI02_2101,Carangidae,Pseudocaranx,sp,1,250.79,37337924,RHEI02_L.avi,18920,12.6133,2.991,1.171,1827.225,15.977,NA,AD,Passing
RHEI02_2101,Carangidae,Pseudocaranx,sp,1,240.5,37337924,RHEI02_L.avi,18920,12.6133,3.815,4.557,1901.965,21.51,NA,AD,Passing
RHEI02_2101,Carangidae,Pseudocaranx,sp,1,205.636,37337924,RHEI02_L.avi,18920,12.6133,4.187,0.426,1974.004,24.692,NA,AD,Passing
RHEI02_2101,Gerreidae,Parequula,melbournensis,1,83.886,37349001,RHEI02_L.avi,21915,14.61,4.247,0.818,1252.45,16.656,NA,AD,Passing
RHEI02_2101,Gerreidae,Parequula,melbournensis,1,92.929,37349001,RHEI02_L.avi,21915,14.61,1.251,1.905,807.382,20.074,NA,AD,Passing
RHEI02_2101,Labridae,Notolabrus,tetricus,1,296.205,37384003,RHEI02_L.avi,30362,20.2413,4.281,4.45,1807.79,27.359,NA,AD,Passing
RHEI02_2101,Monacanthidae,Monacanthidae,sp,1,127.436,37465903,RHEI02_L.avi,36862,24.5747,3.173,4.586,1441.366,32.533,NA,AD,Passing
RHEI02_2101,Mullidae,Upeneichthys,vlamingii,1,178.113,37355029,RHEI02_L.avi,47407,31.6047,6.175,3.398,2592.104,11.99,NA,AD,Passing
RHEI02_2101,Scorpididae,Scorpis,aequipinnis,1,185.693,37361004,RHEI02_L.avi,63098,42.0653,1.011,6.053,922.219,12.777,NA,AD,Passing
RHEI02_2101,Arripidae,Arripis,georgianus,1,137.584,37344001,RHEI02_L.avi,65505,43.67,5.733,3.945,3378.304,20.365,NA,AD,Passing
RHEI02_2101,Arripidae,Arripis,georgianus,1,140.683,37344001,RHEI02_L.avi,65505,43.67,16.199,2.424,3627.925,17.724,NA,AD,Passing
RHEI02_2101,Labridae,Notolabrus,parilus,1,299.047,99379455,RHEI02_L.avi,93635,62.4233,7.481,6.092,2356.995,24.232,measure,AD,Passing
RHEI03_2101,Labridae,Notolabrus,parilus,1,332.974,99379455,RHEI03_L.avi,12521,8.3473,0.76,3.426,715.847,16.624,measure,M,Attracted
RHEI03_2101,Labridae,Pictilabrus,laticlavius,1,162.101,37384020,RHEI03_L.avi,13533,9.022,0.581,0.526,606.365,13.531,measure,F,Attracted
RHEI03_2101,Arripidae,Arripis,georgianus,1,123.242,37344001,RHEI03_L.avi,16848,11.232,5.576,2.746,1859.82,27.337,NA,AD,Passing
RHEI03_2101,Scorpididae,Scorpis,aequipinnis,1,182.064,37361004,RHEI03_L.avi,17836,11.8907,1.502,2.659,943.504,21.041,measure,AD,Attracted
RHEI03_2101,Monacanthidae,Meuschenia,flavolineata,1,160.914,37465035,RHEI03_L.avi,30599,20.3993,0.761,1.135,799.777,24.571,NA,AD,Passing
RHEI03_2101,Kyphosidae,Kyphosus,sydneyanus,1,357.941,37361001,RHEI03_L.avi,32437,21.6247,2.812,4.711,1423.297,29.241,NA,AD,Passing
RHEI03_2101,Monacanthidae,Acanthaluteres,brownii,1,217.693,37465001,RHEI03_L.avi,40126,26.7507,3.899,1.249,1618.725,23.875,NA,AD,Passing
RHEI03_2101,Monacanthidae,Meuschenia,hippocrepis,1,156.461,37465004,RHEI03_L.avi,43539,29.026,1.987,1.755,1326.838,22.552,NA,AD,Passing
RHEI03_2101,Labridae,Notolabrus,tetricus,1,230.195,37384003,RHEI03_L.avi,46852,31.2347,3.122,0.993,1789.626,16.997,NA,AD,Passing
RHEI03_2101,Carangidae,Pseudocaranx,sp,1,316.787,37337924,RHEI03_L.avi,49968,33.312,0.835,7.005,802.595,22.924,NA,AD,Passing
RHEI03_2101,Scorpididae,Tilodon,sexfasciatus,1,145.361,37361003,RHEI03_L.avi,59500,39.6667,0.864,3.97,958.552,22.241,measure,AD,Attracted
RHEI03_2101,Monacanthidae,Eubalichthys,mosaicus,1,266.821,37465003,RHEI03_L.avi,73915,49.2767,2.809,3.245,1746.214,21.461,NA,AD,Passing
RHEI03_2101,Cheilodactylidae,Cheilodactylus,nigripes,1,241.024,37377001,RHEI03_L.avi,77647,51.7647,0.639,6.447,663.189,22.635,measure,AD,Attracted
RHEI04_2101,Scorpididae,Tilodon,sexfasciatus,1,151.358,37361003,RHEI04_L.avi,14662,9.7747,3.716,1.695,1770.098,24.073,NA,AD,Passing
RHEI04_2101,Monacanthidae,Meuschenia,hippocrepis,1,157.881,37465004,RHEI04_L.avi,26038,17.3587,2.378,1.907,956.893,15.562,NA,AD,Passing
RHEI04_2101,Monacanthidae,Meuschenia,hippocrepis,1,137.002,37465004,RHEI04_L.avi,26038,17.3587,1.761,1.508,1267.277,13.736,NA,AD,Passing
RHEI04_2101,Carangidae,Pseudocaranx,sp,1,199.066,37337924,RHEI04_L.avi,26275,17.5167,2.924,2.631,1559.096,35.253,NA,AD,Passing
RHEI04_2101,Scorpididae,Scorpis,aequipinnis,1,160.29,37361004,RHEI04_L.avi,29298,19.532,2.712,3.337,1434.929,19.233,NA,AD,Passing
RHEI04_2101,Scorpididae,Scorpis,aequipinnis,1,172.8,37361004,RHEI04_L.avi,29298,19.532,1.375,5.039,886.9,4.61,NA,AD,Passing
RHEI04_2101,Scorpididae,Scorpis,aequipinnis,1,239.708,37361004,RHEI04_L.avi,29298,19.532,2.468,2.383,1341.747,28.681,NA,AD,Passing
RHEI04_2101,Arripidae,Arripis,georgianus,1,174.868,37344001,RHEI04_L.avi,29746,19.8307,5.748,2.827,1702.046,33.296,NA,AD,Passing
RHEI04_2101,Arripidae,Arripis,georgianus,1,138.739,37344001,RHEI04_L.avi,29746,19.8307,4.943,9.308,2025.352,19.122,NA,AD,Passing
RHEI04_2101,Arripidae,Arripis,georgianus,1,146.521,37344001,RHEI04_L.avi,29746,19.8307,4.529,2.206,1805.26,23.216,NA,AD,Passing
RHEI04_2101,Arripidae,Arripis,georgianus,1,141.293,37344001,RHEI04_L.avi,29746,19.8307,4.3,1.035,2198.887,17.37,NA,AD,Passing
RHEI04_2101,Arripidae,Arripis,georgianus,1,180.907,37344001,RHEI04_L.avi,29746,19.8307,8.279,5.546,2033.809,25.327,NA,AD,Passing
RHEI04_2101,Arripidae,Arripis,georgianus,1,158.021,37344001,RHEI04_L.avi,29746,19.8307,6.044,4.281,1940.566,19.224,NA,AD,Passing
RHEI04_2101,Kyphosidae,Kyphosus,sydneyanus,1,425.636,37361001,RHEI04_L.avi,93052,62.0347,13.66,4.494,2619.892,26.601,NA,AD,Passing
RHEI04_2101,Kyphosidae,Kyphosus,sydneyanus,1,327.64,37361001,RHEI04_L.avi,93052,62.0347,14.214,3.9,2644.84,23.705,NA,AD,Passing
RHEI04_2101,Kyphosidae,Kyphosus,sydneyanus,1,408.083,37361001,RHEI04_L.avi,93052,62.0347,17.993,2.92,2880.436,14.904,NA,AD,Passing
RHEI04_2101,Kyphosidae,Kyphosus,sydneyanus,1,338.345,37361001,RHEI04_L.avi,93052,62.0347,11.196,4.214,2407.833,26.547,NA,AD,Passing
RHEI04_2101,Kyphosidae,Kyphosus,sydneyanus,1,341.832,37361001,RHEI04_L.avi,93052,62.0347,8.836,6.334,2111.395,30.472,NA,AD,Passing
RHNI01_2101,Scorpididae,Tilodon,sexfasciatus,1,155.581,37361003,RHNI01_L.avi,13090,8.7267,1.704,1.08,984.361,12.095,NA,AD,Passing
RHNI01_2101,Labridae,Pictilabrus,laticlavius,1,208.489,37384020,RHNI01_L.avi,20106,13.404,0.909,1.729,873.628,21.757,measure,M,Attracted
RHNI01_2101,Scorpididae,Scorpis,aequipinnis,1,223.977,37361004,RHNI01_L.avi,40544,27.0293,3.896,4.904,1562.333,34.938,NA,AD,Passing
RHNI01_2101,Kyphosidae,Kyphosus,sydneyanus,1,383.932,37361001,RHNI01_L.avi,42192,28.128,3.724,0.548,1732.23,21.33,NA,AD,Passing
RHNI01_2101,Labridae,Notolabrus,parilus,1,234.574,99379455,RHNI01_L.avi,48248,32.1653,1.201,4.556,829.41,30.49,measure,AD,Attracted
RHNI01_2101,Loliginidae,Sepioteuthis,australis,1,189.728,23617005,RHNI01_L.avi,50965,33.9767,15.445,4.504,3018.001,28.459,NA,AD,Passing
RHNI01_2101,Labridae,Notolabrus,tetricus,1,239.723,37384003,RHNI01_L.avi,53208,35.472,2.282,2.37,1157.336,31.048,measure,F,Attracted
RHNI01_2101,Labridae,Notolabrus,tetricus,1,203.375,37384003,RHNI01_L.avi,53208,35.472,0.489,3.296,402.279,16.97,measure,F,Attracted
RHNI01_2101,Monacanthidae,Meuschenia,hippocrepis,1,139.76,37465004,RHNI01_L.avi,60950,40.6333,1.386,0.169,669.284,11.846,NA,AD,Passing
RHNI01_2101,Carangidae,Pseudocaranx,sp,1,222.569,37337924,RHNI01_L.avi,81691,54.4607,10.657,1.679,2152.419,24.497,NA,AD,Passing
RHNI01_2101,Carangidae,Pseudocaranx,sp,1,222.962,37337924,RHNI01_L.avi,81691,54.4607,14.867,2.911,2460.934,15.918,NA,AD,Passing
RHNI02_2101,Labridae,Pictilabrus,laticlavius,1,145.143,37384020,RHNI02_L.avi,5799,3.866,4.789,4.135,2088.452,34.737,NA,AD,Passing
RHNI02_2101,Labridae,Austrolabrus,maculatus,1,135.147,37384025,RHNI02_L.avi,7796,5.1973,3.563,1.613,1999.483,9.679,NA,AD,Passing
RHNI02_2101,Scorpididae,Scorpis,aequipinnis,1,215.931,37361004,RHNI02_L.avi,21345,14.23,6.506,6.445,2187.122,35.647,measure,AD,Attracted
RHNI02_2101,Scorpididae,Scorpis,aequipinnis,1,302.315,37361004,RHNI02_L.avi,21345,14.23,1.754,15.409,1286.929,29.817,measure,AD,Attracted
RHNI02_2101,Scorpididae,Scorpis,aequipinnis,1,284.103,37361004,RHNI02_L.avi,21345,14.23,7.988,3.701,2632.089,12.624,measure,AD,Attracted
RHNI02_2101,Monacanthidae,Meuschenia,hippocrepis,1,227.084,37465004,RHNI02_L.avi,23014,15.3427,1.001,4.5,895.328,26.477,NA,AD,Passing
RHNI02_2101,Monacanthidae,Meuschenia,galii,1,221.591,37465040,RHNI02_L.avi,23335,15.5567,1.81,0.144,1354.826,23.445,NA,AD,Passing
RHNI02_2101,Kyphosidae,Girella,zebra,1,225.102,37361008,RHNI02_L.avi,31181,20.7873,5.051,1.034,1906.859,20.761,NA,AD,Passing
RHNI02_2101,Kyphosidae,Girella,zebra,1,210.18,37361008,RHNI02_L.avi,31181,20.7873,3.995,0.179,1640.706,23.546,NA,AD,Passing
RHNI02_2101,Kyphosidae,Girella,zebra,1,187.594,37361008,RHNI02_L.avi,31181,20.7873,3.693,1.349,1912.533,29.045,NA,AD,Passing
RHNI02_2101,Kyphosidae,Girella,zebra,1,181.373,37361008,RHNI02_L.avi,31181,20.7873,4.279,1.531,1695.347,35.162,NA,AD,Passing
RHNI02_2101,Monacanthidae,Acanthaluteres,brownii,1,252.42,37465001,RHNI02_L.avi,35014,23.3427,4.367,1.488,1767.785,22.181,NA,AD,Passing
RHNI02_2101,Scorpididae,Tilodon,sexfasciatus,1,164.626,37361003,RHNI02_L.avi,36183,24.122,2.538,3.835,1383.16,33.579,NA,AD,Passing
RHNI02_2101,Labridae,Notolabrus,parilus,1,285.28,99379455,RHNI02_L.avi,39005,26.0033,5.391,1.835,1883.105,22.542,NA,AD,Passing
RHNI02_2101,Monacanthidae,Meuschenia,freycineti,1,180.129,37465036,RHNI02_L.avi,43839,29.226,6.801,0.504,1847.38,27.3,NA,AD,Passing
RHNI02_2101,Kyphosidae,Kyphosus,sydneyanus,1,438.548,37361001,RHNI02_L.avi,44508,29.672,5.974,6.692,2325.44,24.885,measure,AD,Passing
RHNI02_2101,Sillaginidae,Sillaginodes,punctatus,1,394.273,37330001,RHNI02_L.avi,46291,30.8607,1.723,2.873,1159.827,14.185,measure,AD,Attracted
RHNI02_2101,Chaetodontidae,Chelmonops,curiosus,1,119.399,37365066,RHNI02_L.avi,47409,31.606,1.669,5.15,984.205,28.854,NA,AD,Passing
RHNI02_2101,Carangidae,Pseudocaranx,sp,1,211.236,37337924,RHNI02_L.avi,59814,39.876,2.494,0.631,1681.217,9.299,measure,AD,Attracted
RHNI02_2101,Sparidae,Chrysophrys,auratus,1,267.082,37353001,RHNI02_L.avi,64027,42.6847,5.07,2.656,2244.769,25.523,measure,AD,Feeding
RHNI02_2101,Cheilodactylidae,Dactylophora,nigricans,1,557.234,37377005,RHNI02_L.avi,77096,51.3973,3.471,2.905,2082.376,14.346,measure,AD,Passing
RHNI02_2101,Arripidae,Arripis,georgianus,1,169.7,37344001,RHNI02_L.avi,89457,59.638,7.929,4.158,2894.008,24.586,NA,AD,Passing
RHNI02_2101,Arripidae,Arripis,georgianus,1,177.561,37344001,RHNI02_L.avi,89457,59.638,11.623,5.613,2411.846,28.986,NA,AD,Passing
RHNI03_2101,Labridae,Notolabrus,tetricus,1,308.382,37384003,RHNI03_L.avi,16687,11.1247,10.935,1.748,2195.654,34.941,NA,AD,Passing
RHNI03_2101,Labridae,Pictilabrus,laticlavius,1,203.709,37384020,RHNI03_L.avi,17512,11.6747,0.903,0.269,768.988,21.236,measure,M,Attracted
RHNI03_2101,Labridae,Notolabrus,parilus,1,386.986,99379455,RHNI03_L.avi,24520,16.3467,4.744,8.645,1993.463,19.881,measure,AD,Attracted
RHNI03_2101,Monacanthidae,Acanthaluteres,brownii,1,269.108,37465001,RHNI03_L.avi,28326,18.884,14.402,5.787,2646.75,31.128,NA,AD,Passing
RHNI03_2101,Scorpididae,Tilodon,sexfasciatus,1,173.795,37361003,RHNI03_L.avi,29208,19.472,3.099,8.437,1058.818,31.393,measure,AD,Passing
RHNI03_2101,Cheilodactylidae,Dactylophora,nigricans,1,756.878,37377005,RHNI03_L.avi,29565,19.71,3.256,7.026,2128.542,3.975,NA,AD,Passing
RHNI03_2101,Monacanthidae,Meuschenia,hippocrepis,1,208.234,37465004,RHNI03_L.avi,29624,19.7493,2.273,6.506,925.226,26.306,NA,AD,Passing
RHNI03_2101,Monacanthidae,Meuschenia,hippocrepis,1,137.255,37465004,RHNI03_L.avi,29624,19.7493,1.979,1.765,945.606,32.617,NA,AD,Passing
RHNI03_2101,Sparidae,Chrysophrys,auratus,1,281.988,37353001,RHNI03_L.avi,31740,21.16,3.745,2.247,2207.46,1.987,measure,AD,Feeding
RHNI03_2101,Sparidae,Chrysophrys,auratus,1,269.093,37353001,RHNI03_L.avi,31740,21.16,5.957,5.514,2159.495,26.029,measure,AD,Feeding
RHNI03_2101,Kyphosidae,Girella,zebra,1,246.599,37361008,RHNI03_L.avi,31949,21.2993,2.14,2.375,1208.66,27.821,measure,AD,Passing
RHNI03_2101,Kyphosidae,Kyphosus,sydneyanus,1,468.825,37361001,RHNI03_L.avi,37781,25.1873,6.981,1.903,1871.004,31.318,NA,AD,Passing
RHNI03_2101,Scorpididae,Scorpis,aequipinnis,1,246.107,37361004,RHNI03_L.avi,74765,49.8433,2.925,4.256,1560.971,21.449,NA,AD,Passing
RHNI03_2101,Scorpididae,Scorpis,aequipinnis,1,227.065,37361004,RHNI03_L.avi,74765,49.8433,10.581,5.394,2999.169,5.787,NA,AD,Passing
RHNI03_2101,Scorpididae,Scorpis,aequipinnis,1,266.352,37361004,RHNI03_L.avi,74765,49.8433,19.808,4.646,3113.586,19.54,NA,AD,Passing
RHNI03_2101,Carangidae,Pseudocaranx,sp,1,305.574,37337924,RHNI03_L.avi,84827,56.5513,3.12,37.758,1053.974,32.551,measure,AD,Feeding
RHNI03_2101,Carangidae,Pseudocaranx,sp,1,233.258,37337924,RHNI03_L.avi,84827,56.5513,3.649,4.607,1221.483,22.025,measure,AD,Feeding
RHNI03_2101,Carangidae,Pseudocaranx,sp,1,208.716,37337924,RHNI03_L.avi,84827,56.5513,2.955,1.348,1737.602,2.698,measure,AD,Feeding
RHNI03_2101,Carangidae,Pseudocaranx,sp,1,184.076,37337924,RHNI03_L.avi,84827,56.5513,5.604,1.831,1700.257,5.164,measure,AD,Feeding
RHNI04_2101,Labridae,Pictilabrus,laticlavius,1,153.66,37384020,RHNI04_L.avi,15375,10.25,6.496,30.692,1941.516,16.583,NA,AD,Passing
RHNI04_2101,Cheilodactylidae,Cheilodactylus,nigripes,1,219.473,37377001,RHNI04_L.avi,18787,12.5247,5.465,31.934,2189.526,18.866,NA,AD,Passing
RHNI04_2101,Monacanthidae,Meuschenia,hippocrepis,1,337.402,37465004,RHNI04_L.avi,20822,13.8813,2.884,30.345,1707.347,17.013,NA,AD,Passing
RHNI04_2101,Mullidae,Upeneichthys,vlamingii,1,190.906,37355029,RHNI04_L.avi,21657,14.438,2.092,38.27,1371.605,22.485,NA,AD,Passing
RHNI04_2101,Mullidae,Upeneichthys,vlamingii,1,167.034,37355029,RHNI04_L.avi,21657,14.438,1.986,36.612,1475.917,27.727,NA,AD,Passing
RHNI04_2101,Mullidae,Upeneichthys,vlamingii,1,201.832,37355029,RHNI04_L.avi,21657,14.438,3.866,27.434,1922.96,12.376,NA,AD,Passing
RHNI04_2101,Labridae,Notolabrus,tetricus,1,286.458,37384003,RHNI04_L.avi,53071,35.3807,2.057,31.723,1543.303,11.557,NA,AD,Passing
RHNI04_2101,Labridae,Notolabrus,tetricus,1,141.773,37384003,RHNI04_L.avi,53071,35.3807,3.544,37.13,1350.705,16.468,NA,AD,Passing
RHNI04_2101,Kyphosidae,Girella,zebra,1,229.98,37361008,RHNI04_L.avi,58168,38.7787,5.31,15.408,2211.035,25.782,NA,AD,Passing
RHNI04_2101,Arripidae,Arripis,georgianus,1,140.991,37344001,RHNI04_L.avi,68074,45.3827,7.689,17.076,2800.939,24.234,NA,AD,Passing
RHNI04_2101,Arripidae,Arripis,georgianus,1,130.773,37344001,RHNI04_L.avi,68074,45.3827,5.301,25.565,2781.008,24.774,NA,AD,Passing
RHNI04_2101,Arripidae,Arripis,georgianus,1,137.132,37344001,RHNI04_L.avi,68074,45.3827,5.29,13.416,2769.515,17.055,NA,AD,Passing
RHNI04_2101,Arripidae,Arripis,georgianus,1,161.653,37344001,RHNI04_L.avi,68074,45.3827,5.979,24.608,1998.585,13.083,NA,AD,Passing
RHNI04_2101,Cheilodactylidae,Dactylophora,nigricans,1,271.72,37377005,RHNI04_L.avi,74653,49.7687,2.629,41.161,1174.387,24.837,NA,AD,Passing
RHNO01_2101,Mullidae,Upeneichthys,vlamingii,1,146.363,37355029,RHNO01_L.avi,16365,10.91,4.112,0.823,1759.449,31.175,NA,AD,Passing
RHNO01_2101,Scorpididae,Scorpis,aequipinnis,1,283.908,37361004,RHNO01_L.avi,16844,11.2293,4.084,6.021,1555.992,32.626,NA,AD,Passing
RHNO01_2101,Scorpididae,Scorpis,aequipinnis,1,162.135,37361004,RHNO01_L.avi,16844,11.2293,4.19,2.722,1642.682,13.996,NA,AD,Passing
RHNO01_2101,Scorpididae,Scorpis,aequipinnis,1,208.469,37361004,RHNO01_L.avi,16844,11.2293,2.588,2.383,1393.293,23.898,NA,AD,Passing
RHNO01_2101,Sillaginidae,Sillaginodes,punctatus,1,407.354,37330001,RHNO01_L.avi,28741,19.1607,3.238,1.401,1782.282,9.835,measure,AD,Passing
RHNO01_2101,Labridae,Notolabrus,parilus,1,274.894,99379455,RHNO01_L.avi,44004,29.336,6.063,1.24,1784.9,25.525,NA,AD,Passing
RHNO01_2101,Carangidae,Pseudocaranx,sp,1,216.681,37337924,RHNO01_L.avi,47521,31.6807,1.421,3.978,1235.536,5.084,NA,AD,Passing
RHNO01_2101,Carangidae,Pseudocaranx,sp,1,245.33,37337924,RHNO01_L.avi,47521,31.6807,2.347,2.649,1807.765,5.918,NA,AD,Passing
RHNO01_2101,Carangidae,Pseudocaranx,sp,1,226.333,37337924,RHNO01_L.avi,47521,31.6807,5.402,2.477,1758.66,6.682,NA,AD,Passing
RHNO01_2101,Carangidae,Pseudocaranx,sp,1,256.297,37337924,RHNO01_L.avi,47521,31.6807,6.778,0.461,1746.24,7.646,NA,AD,Passing
RHNO01_2101,Carangidae,Pseudocaranx,sp,1,219.899,37337924,RHNO01_L.avi,47521,31.6807,3.489,1.938,1657.864,19.886,NA,AD,Passing
RHNO01_2101,Arripidae,Arripis,georgianus,1,168.244,37344001,RHNO01_L.avi,57043,38.0287,4.226,2.071,2049.898,17.151,NA,AD,Passing
RHNO01_2101,Arripidae,Arripis,georgianus,1,216.383,37344001,RHNO01_L.avi,57043,38.0287,4.976,1.746,2208.686,18.897,NA,AD,Passing
RHNO01_2101,Arripidae,Arripis,georgianus,1,263.131,37344001,RHNO01_L.avi,57043,38.0287,14.136,3.554,2409.345,31.027,NA,AD,Passing
RHNO02_2101,Labridae,Pictilabrus,laticlavius,1,151.709,37384020,RHNO02_L.avi,7037,4.6913,4.025,3.454,1703.434,27.138,NA,AD,Passing
RHNO02_2101,Carangidae,Seriola,lalandi,1,1480.115,37337006,RHNO02_L.avi,9895,6.5967,18.583,10.504,4551.804,9.93,NA,AD,Passing
RHNO02_2101,Cheilodactylidae,Dactylophora,nigricans,1,722.44,37377005,RHNO02_L.avi,11243,7.4953,9.365,4.238,3112.638,14.43,NA,AD,Passing
RHNO02_2101,Labridae,Notolabrus,tetricus,1,349.086,37384003,RHNO02_L.avi,11947,7.9647,7.523,2.906,1795.432,27.48,NA,AD,Passing
RHNO02_2101,Cheilodactylidae,Cheilodactylus,nigripes,1,258.246,37377001,RHNO02_L.avi,15867,10.578,6.293,0.926,2208.912,26.887,NA,AD,Passing
RHNO02_2101,Scorpididae,Scorpis,aequipinnis,1,178.314,37361004,RHNO02_L.avi,18015,12.01,1.198,3.244,1055.292,2.717,NA,AD,Passing
RHNO02_2101,Scorpididae,Scorpis,aequipinnis,1,234.756,37361004,RHNO02_L.avi,18015,12.01,3.108,3.274,1926.09,15.218,NA,AD,Passing
RHNO02_2101,Scorpididae,Scorpis,aequipinnis,1,206.096,37361004,RHNO02_L.avi,18015,12.01,4.671,4.345,1883.399,21.449,NA,AD,Passing
RHNO02_2101,Mullidae,Upeneichthys,vlamingii,1,224.291,37355029,RHNO02_L.avi,31982,21.3213,18.103,4.319,4654.857,23.504,NA,AD,Passing
RHNO02_2101,Labridae,Notolabrus,parilus,1,369.733,99379455,RHNO02_L.avi,33107,22.0713,17.574,3.797,4069.618,14.424,NA,AD,Passing
RHNO02_2101,Kyphosidae,Girella,zebra,1,236.853,37361008,RHNO02_L.avi,36925,24.6167,3.637,4.563,1731.345,24.004,NA,AD,Passing
RHNO02_2101,Ostraciidae,Aracana,aurita,1,170.084,37466003,RHNO02_L.avi,43402,28.9347,1.492,6.073,1119.898,17.704,NA,AD,Passing
RHNO02_2101,Carangidae,Pseudocaranx,sp,1,261.622,37337924,RHNO02_L.avi,87686,58.4573,2.653,5.911,1287.616,27.324,NA,AD,Passing
RHNO02_2101,Carangidae,Pseudocaranx,sp,1,235.052,37337924,RHNO02_L.avi,87686,58.4573,2.976,6.432,1283.409,21.442,NA,AD,Passing
RHNO02_2101,Carangidae,Pseudocaranx,sp,1,157.782,37337924,RHNO02_L.avi,87686,58.4573,3.258,5.192,1495.914,35.109,NA,AD,Passing
RHNO02_2101,Carangidae,Pseudocaranx,sp,1,255.411,37337924,RHNO02_L.avi,87686,58.4573,4.116,3.189,2001.783,20.789,NA,AD,Passing
RHNO03_2101,Kyphosidae,Kyphosus,sydneyanus,1,406.238,37361001,RHNO03_L.avi,15019,10.0127,4.814,5.569,2106.776,15.178,NA,AD,Attracted
RHNO03_2101,Labridae,Notolabrus,tetricus,1,255.612,37384003,RHNO03_L.avi,26055,17.37,4.906,3.283,1629.531,21.402,NA,AD,Passing
RHNO03_2101,Pomacentridae,Parma,victoriae,1,213.48,37372006,RHNO03_L.avi,26351,17.5673,4.462,3.882,1518.093,33.651,NA,AD,Passing
RHNO03_2101,Monacanthidae,Meuschenia,hippocrepis,1,141.705,37465004,RHNO03_L.avi,28312,18.8747,4.008,1.838,1597.308,6.797,NA,AD,Passing
RHNO03_2101,Monacanthidae,Meuschenia,hippocrepis,1,168.393,37465004,RHNO03_L.avi,28312,18.8747,1.913,2.818,1503.177,6.63,NA,AD,Passing
RHNO03_2101,Arripidae,Arripis,georgianus,1,143.113,37344001,RHNO03_L.avi,37202,24.8013,3.101,2.586,2049.259,13.457,NA,AD,Passing
RHNO03_2101,Arripidae,Arripis,georgianus,1,108.199,37344001,RHNO03_L.avi,37202,24.8013,2.391,2.726,1974.626,13.991,NA,AD,Passing
RHNO03_2101,Arripidae,Arripis,georgianus,1,156.144,37344001,RHNO03_L.avi,37202,24.8013,8.789,10.376,2027.933,30.165,NA,AD,Passing
RHNO03_2101,Carangidae,Pseudocaranx,sp,1,248.557,37337924,RHNO03_L.avi,41807,27.8713,2.135,3.041,1372.166,15.51,NA,AD,Passing
RHNO03_2101,Carangidae,Pseudocaranx,sp,1,257.765,37337924,RHNO03_L.avi,41807,27.8713,3.412,1.462,1419.472,20.142,NA,AD,Passing
RHNO03_2101,Carangidae,Pseudocaranx,sp,1,236.958,37337924,RHNO03_L.avi,41807,27.8713,4.188,4.66,1308.305,18.412,NA,AD,Passing
RHNO03_2101,Carangidae,Pseudocaranx,sp,1,249.818,37337924,RHNO03_L.avi,41807,27.8713,2.147,3.495,1740.382,14.467,NA,AD,Passing
RHNO03_2101,Carangidae,Pseudocaranx,sp,1,238.844,37337924,RHNO03_L.avi,41807,27.8713,2.043,4.385,1849.468,5.919,NA,AD,Passing
RHNO03_2101,Carangidae,Pseudocaranx,sp,1,251.365,37337924,RHNO03_L.avi,41807,27.8713,5.113,10.425,1564.79,7.038,NA,AD,Passing
RHNO03_2101,Scorpididae,Scorpis,aequipinnis,1,223.403,37361004,RHNO03_L.avi,43926,29.284,2.537,0.421,1522.241,10.938,NA,AD,Passing
RHNO03_2101,Scorpididae,Scorpis,aequipinnis,1,269.786,37361004,RHNO03_L.avi,43936,29.2907,4.018,10.175,1942.563,23.838,NA,AD,Passing
RHNO03_2101,Labridae,Notolabrus,parilus,1,218.533,99379455,RHNO03_L.avi,53104,35.4027,8.433,4.656,2204.07,21.707,NA,AD,Passing
RHNO03_2101,Monacanthidae,Meuschenia,galii,1,221.417,37465040,RHNO03_L.avi,55994,37.3293,4.701,2.357,2261.792,7.841,NA,AD,Passing
RHNO03_2101,Kyphosidae,Girella,zebra,1,270.813,37361008,RHNO03_L.avi,66627,44.418,3.877,1.643,2064.754,16.215,NA,AD,Passing
RHNO03_2101,Kyphosidae,Girella,zebra,1,285.082,37361008,RHNO03_L.avi,66629,44.4193,6.435,1.628,2646.061,7.453,NA,AD,Passing
RHNO03_2101,Kyphosidae,Girella,zebra,1,229.823,37361008,RHNO03_L.avi,66629,44.4193,3.449,2.149,2400.327,3.231,NA,AD,Passing
RHNO03_2101,Cheilodactylidae,Cheilodactylus,nigripes,1,170.471,37377001,RHNO03_L.avi,85389,56.926,2.997,3.362,1513.508,24.806,NA,AD,Attracted
RHNO04_2101,Labridae,Notolabrus,parilus,1,256.574,99379455,RHNO04_L.avi,7339,4.8927,3.976,0.902,1953.277,17.511,NA,AD,Passing
RHNO04_2101,Labridae,Pictilabrus,laticlavius,1,187.124,37384020,RHNO04_L.avi,7994,5.3293,2.49,2.558,1688.18,14.444,NA,AD,Passing
RHNO04_2101,Scorpididae,Tilodon,sexfasciatus,1,171.156,37361003,RHNO04_L.avi,37466,24.9773,1.711,2.026,1144.308,35.339,NA,AD,Passing
RHNO04_2101,Scorpididae,Scorpis,aequipinnis,1,283.412,37361004,RHNO04_L.avi,37724,25.1493,1.315,2.531,1055.29,22.802,NA,AD,Passing
RHNO04_2101,Scorpididae,Scorpis,aequipinnis,1,194.303,37361004,RHNO04_L.avi,37724,25.1493,1.188,1.862,1061.169,14.729,NA,AD,Passing
RHNO04_2101,Labridae,Achoerodus,gouldii,1,448.109,37384002,RHNO04_L.avi,37930,25.2867,2.908,0.148,1570.563,32.945,NA,AD,Passing
RHNO04_2101,Kyphosidae,Kyphosus,sydneyanus,1,356.688,37361001,RHNO04_L.avi,49047,32.698,7.455,1.748,2302.638,25.437,NA,AD,Passing
RHNO04_2101,Monacanthidae,Meuschenia,freycineti,1,206.21,37465036,RHNO04_L.avi,64540,43.0267,2.186,0.748,1055.987,19.017,NA,AD,Passing
RHNO04_2101,Arripidae,Arripis,georgianus,1,142.455,37344001,RHNO04_L.avi,78761,52.5073,3.574,0.93,1722.986,33.393,NA,AD,Passing
RHNO04_2101,Labridae,Notolabrus,tetricus,1,237.982,37384003,RHNO04_L.avi,84816,56.544,1.5,4.858,1222.099,18.033,NA,AD,Passing
RHNO04_2101,Labridae,Notolabrus,tetricus,1,267.405,37384003,RHNO04_L.avi,84816,56.544,2.228,1.09,1116.841,27.99,NA,AD,Passing
RHNO04_2101,Carangidae,Pseudocaranx,sp,1,235.429,37337924,RHNO04_L.avi,85295,56.8633,1.837,2.44,1149.741,33.716,NA,AD,Passing
RHNO04_2101,Carangidae,Pseudocaranx,sp,1,286.017,37337924,RHNO04_L.avi,85295,56.8633,1.348,1.665,957.324,23.777,NA,AD,Passing
RHNO04_2101,Carangidae,Pseudocaranx,sp,1,226.604,37337924,RHNO04_L.avi,85295,56.8633,1.354,0.817,1064.261,25.394,NA,AD,Passing
RHNO04_2101,Carangidae,Pseudocaranx,sp,1,229.302,37337924,RHNO04_L.avi,85295,56.8633,2.144,0.972,1314.586,18.687,NA,AD,Passing
RHNO04_2101,Carangidae,Pseudocaranx,sp,1,232.004,37337924,RHNO04_L.avi,85295,56.8633,2.949,1.415,1108.1,15.524,NA,AD,Passing
RHNO04_2101,Carangidae,Pseudocaranx,sp,1,239.372,37337924,RHNO04_L.avi,85295,56.8633,1.634,2.007,1317.572,12.49,NA,AD,Passing
RHNO04_2101,Carangidae,Pseudocaranx,sp,1,211.485,37337924,RHNO04_L.avi,85295,56.8633,3.72,0.626,1401.658,17.984,NA,AD,Passing
RHNO04_2101,Carangidae,Pseudocaranx,sp,1,215.356,37337924,RHNO04_L.avi,85295,56.8633,2.519,1.594,979.999,22.284,NA,AD,Passing
RHNO04_2101,Carangidae,Pseudocaranx,sp,1,255.746,37337924,RHNO04_L.avi,85295,56.8633,1.518,1.406,1351.217,5.12,NA,AD,Passing
RHSO01_2101,Sphyraenidae,Sphyraena,novaehollandiae,1,742.278,37382002,RHSO01_L.avi,10904,7.2693,8.32,39.814,1820.312,32.84,NA,AD,Passing
RHSO01_2101,Labridae,Pictilabrus,laticlavius,1,192.676,37384020,RHSO01_L.avi,11904,7.936,3.575,30.458,1584.992,10.7,NA,AD,Passing
RHSO01_2101,Labridae,Notolabrus,tetricus,1,217.976,37384003,RHSO01_L.avi,15729,10.486,4.01,19.97,1861.315,9.844,NA,AD,Passing
RHSO01_2101,Labridae,Notolabrus,parilus,1,451.196,99379455,RHSO01_L.avi,25433,16.9553,5.284,3.038,2277.792,21.159,NA,AD,Passing
RHSO01_2101,Monacanthidae,Meuschenia,hippocrepis,1,168.584,37465004,RHSO01_L.avi,28926,19.284,4.796,9.298,1479.886,7.579,NA,AD,Passing
RHSO01_2101,Labridae,Austrolabrus,maculatus,1,107.351,37384025,RHSO01_L.avi,46525,31.0167,2.598,20.079,2614.595,5.307,NA,AD,Passing
RHSO01_2101,Loliginidae,Sepioteuthis,australis,1,184.917,23617005,RHSO01_L.avi,76611,51.074,9.097,84.471,2155.27,24.579,measure,AD,Attracted
RHSO01_2101,Carangidae,Pseudocaranx,sp,1,294.695,37337924,RHSO01_L.avi,83632,55.7547,4.41,25.916,2150.576,12.292,NA,AD,Passing
RHSO01_2101,Carangidae,Pseudocaranx,sp,1,272.274,37337924,RHSO01_L.avi,83632,55.7547,4.716,15.304,1796.278,5.227,NA,AD,Passing
RHSO01_2101,Carangidae,Pseudocaranx,sp,1,313.214,37337924,RHSO01_L.avi,83632,55.7547,4.533,12.963,1991.578,12.15,NA,AD,Passing
RHSO01_2101,Carangidae,Pseudocaranx,sp,1,249.204,37337924,RHSO01_L.avi,83632,55.7547,4.601,14.67,1550.393,16.121,NA,AD,Passing
RHSO01_2101,Carangidae,Pseudocaranx,sp,1,291.427,37337924,RHSO01_L.avi,83632,55.7547,5.496,2.372,1822.859,0.953,NA,AD,Passing
RHSO02_2101,Labridae,Notolabrus,parilus,1,152.081,99379455,RHSO02_L.avi,6425,4.2833,3.601,3.366,1571.25,32.68,NA,AD,Passing
RHSO02_2101,Labridae,Austrolabrus,maculatus,1,93.554,37384025,RHSO02_L.avi,6950,4.6333,8.799,10.514,2361.947,31.259,NA,AD,Passing
RHSO02_2101,Mullidae,Upeneichthys,vlamingii,1,93.668,37355029,RHSO02_L.avi,7393,4.9287,2.761,3.108,1837.099,15.223,NA,AD,Passing
RHSO02_2101,Mullidae,Upeneichthys,vlamingii,1,119.168,37355029,RHSO02_L.avi,7393,4.9287,4.998,4.721,2138.982,10.661,NA,AD,Passing
RHSO02_2101,Labridae,Pictilabrus,laticlavius,1,210.278,37384020,RHSO02_L.avi,15172,10.1147,6,2.376,2248.092,27.587,NA,AD,Passing
RHSO02_2101,Carangidae,Pseudocaranx,sp,1,210.115,37337924,RHSO02_L.avi,15573,10.382,1.648,2.783,1623.965,24.564,NA,AD,Passing
RHSO02_2101,Carangidae,Pseudocaranx,sp,1,200.569,37337924,RHSO02_L.avi,15573,10.382,2.22,3.105,1458.22,26.7,NA,AD,Passing
RHSO02_2101,Carangidae,Pseudocaranx,sp,1,206.37,37337924,RHSO02_L.avi,15573,10.382,2.637,2.333,1530.394,21.874,NA,AD,Passing
RHSO02_2101,Carangidae,Pseudocaranx,sp,1,226.501,37337924,RHSO02_L.avi,15573,10.382,1.958,1.092,1293.653,26.042,NA,AD,Passing
RHSO02_2101,Carangidae,Pseudocaranx,sp,1,208.79,37337924,RHSO02_L.avi,15573,10.382,2.303,3.392,1345.507,24.089,NA,AD,Passing
RHSO02_2101,Carangidae,Pseudocaranx,sp,1,192.636,37337924,RHSO02_L.avi,15573,10.382,3.556,1.906,1402.109,25.819,NA,AD,Passing
RHSO02_2101,Carangidae,Pseudocaranx,sp,1,197.109,37337924,RHSO02_L.avi,15573,10.382,2.695,3.033,1537.866,22.931,NA,AD,Passing
RHSO02_2101,Carangidae,Pseudocaranx,sp,1,194.808,37337924,RHSO02_L.avi,15573,10.382,4.077,2.475,1547.789,25.776,NA,AD,Passing
RHSO02_2101,Labridae,Notolabrus,tetricus,1,207.652,37384003,RHSO02_L.avi,22724,15.1493,3.708,3.998,1420.232,23.448,NA,AD,Passing
RHSO02_2101,Gerreidae,Parequula,melbournensis,1,119.491,37349001,RHSO02_L.avi,92633,61.7553,3.195,2.316,1372.423,18.463,NA,AD,Passing
RHSO04_2101,Labridae,Pictilabrus,laticlavius,1,112.239,37384020,RHSO04_L.avi,23771,13.2061,3.339,49.371,1927.846,20.037,NA,F,Attracted
RHSO04_2101,Labridae,Notolabrus,tetricus,1,197.501,37384003,RHSO04_L.avi,93102,51.7233,3.119,48.07,1689.813,23.367,NA,F,Attracted
SGCI01_2101,Scorpididae,Scorpis,aequipinnis,1,114.178,37361004,SGCI01_L.avi,6517,4.3447,8.34,12.513,2787.056,30.649,NA,AD,Passing
SGCI01_2101,Labridae,Olisthops,cyanomelas,1,367.72,37385001,SGCI01_L.avi,14832,9.888,2.202,33.67,1566.377,16.616,NA,AD,Passing
SGCI01_2101,Labridae,Haletta,semifasciata,1,249.739,37385009,SGCI01_L.avi,16000,10.6667,3.367,28.33,1939.885,7.507,NA,AD,Passing
SGCI01_2101,Labridae,Pictilabrus,laticlavius,1,126.085,37384020,SGCI01_L.avi,18776,12.5173,2.519,29.749,1775.071,31.448,NA,AD,Passing
SGCI01_2101,Labridae,Heteroscarus,acroptilus,1,157.104,37385010,SGCI01_L.avi,28157,18.7713,3.236,33.089,1770.722,33.094,NA,AD,Passing
SGCI01_2101,Mullidae,Upeneichthys,vlamingii,1,162.888,37355029,SGCI01_L.avi,31160,20.7733,2.513,26.581,2025.564,11.023,measure,AD,Attracted
SGCI01_2101,Arripidae,Arripis,georgianus,1,143.214,37344001,SGCI01_L.avi,60513,40.342,9.991,16.777,2853.498,18.78,NA,AD,Passing
SGCI01_2101,Arripidae,Arripis,georgianus,1,106.944,37344001,SGCI01_L.avi,60513,40.342,6.341,11.23,2992.069,10.815,NA,AD,Passing
SGCI01_2101,Arripidae,Arripis,georgianus,1,93.963,37344001,SGCI01_L.avi,60513,40.342,7.009,14.713,2842.129,20.494,NA,AD,Passing
SGCI01_2101,Labridae,Achoerodus,gouldii,1,566.089,37384002,SGCI01_L.avi,65657,43.7713,3.095,25.198,2046.366,6.922,NA,AD,Passing
SGCI01_2101,Labridae,Notolabrus,tetricus,1,280.364,37384003,SGCI01_L.avi,71611,47.7407,3.361,35.81,2059.353,28.338,NA,AD,Passing
SGCI01_2101,Labridae,Notolabrus,tetricus,1,210.502,37384003,SGCI01_L.avi,71611,47.7407,9.457,26.175,2124.99,9.067,NA,AD,Passing
SGCI01_2101,Labridae,Notolabrus,tetricus,1,185.506,37384003,SGCI01_L.avi,71611,47.7407,7.25,28.804,1822.653,18.984,NA,AD,Passing
SGCI02_2101,Labridae,Pictilabrus,laticlavius,1,178.973,37384020,SGCI02_L.avi,6729,4.486,0.815,1.861,772.02,22.577,NA,AD,Passing
SGCI02_2101,Labridae,Achoerodus,gouldii,1,588.854,37384002,SGCI02_L.avi,6786,4.524,4.94,7.524,1926.173,28.895,NA,AD,Passing
SGCI02_2101,Labridae,Achoerodus,gouldii,1,470.358,37384002,SGCI02_L.avi,6786,4.524,4.419,4.081,1906.431,19.875,NA,AD,Passing
SGCI02_2101,Kyphosidae,Kyphosus,sydneyanus,1,415.184,37361001,SGCI02_L.avi,16892,11.2613,4.382,0.689,1763.771,21.393,NA,AD,Passing
SGCI02_2101,Kyphosidae,Girella,zebra,1,267.364,37361008,SGCI02_L.avi,18447,12.298,5.528,1.566,1802.164,13.405,NA,AD,Passing
SGCI02_2101,Kyphosidae,Girella,zebra,1,303.117,37361008,SGCI02_L.avi,18447,12.298,9.332,2.484,2119.787,16.896,NA,AD,Passing
SGCI02_2101,Labridae,Notolabrus,parilus,1,311.664,99379455,SGCI02_L.avi,22089,14.726,1.895,2.031,1020.878,25.766,NA,AD,Passing
SGCI02_2101,Scorpididae,Scorpis,aequipinnis,1,260.031,37361004,SGCI02_L.avi,22414,14.9427,7.175,12.468,1803.164,28.9,NA,AD,Passing
SGCI02_2101,Scorpididae,Scorpis,aequipinnis,1,177.496,37361004,SGCI02_L.avi,22414,14.9427,5.149,0.969,1848.711,18.159,NA,AD,Passing
SGCI02_2101,Scorpididae,Scorpis,aequipinnis,1,187.052,37361004,SGCI02_L.avi,22414,14.9427,5.935,2.703,1815.461,15.529,NA,AD,Passing
SGCI02_2101,Scorpididae,Scorpis,aequipinnis,1,217.643,37361004,SGCI02_L.avi,22414,14.9427,9.908,1.272,2239.683,23.005,NA,AD,Passing
SGCI02_2101,Scorpididae,Tilodon,sexfasciatus,1,219.934,37361003,SGCI02_L.avi,24992,16.6613,1.125,2.882,777.503,24.865,NA,AD,Passing
SGCI02_2101,Monacanthidae,Meuschenia,hippocrepis,1,312.4,37465004,SGCI02_L.avi,25647,17.098,1.897,3.947,1187.817,11.712,NA,AD,Passing
SGCI02_2101,Monacanthidae,Meuschenia,hippocrepis,1,306.151,37465004,SGCI02_L.avi,25647,17.098,1.826,9.189,823.495,11.287,NA,AD,Passing
SGCI02_2101,Labridae,Notolabrus,tetricus,1,208.488,37384003,SGCI02_L.avi,28854,19.236,2.447,11.515,1300.687,30.098,NA,AD,Passing
SGCI02_2101,Labridae,Notolabrus,tetricus,1,238.936,37384003,SGCI02_L.avi,28854,19.236,0.961,1.056,883.561,13.25,NA,AD,Passing
SGCI02_2101,Labridae,Notolabrus,tetricus,1,270.648,37384003,SGCI02_L.avi,28854,19.236,1.44,0.373,977.762,19.49,NA,AD,Passing
SGCI02_2101,Labridae,Notolabrus,tetricus,1,228.606,37384003,SGCI02_L.avi,28854,19.236,5.553,19.242,1571.721,37.144,NA,AD,Passing
SGCI02_2101,Serranidae,Othos,dentex,1,431.729,37311005,SGCI02_L.avi,42698,28.4653,1.427,1.168,986.722,14.226,NA,AD,Passing
SGCI02_2101,Pomacentridae,Parma,victoriae,1,183.899,37372006,SGCI02_L.avi,92761,61.8407,1.786,7.04,1179.861,25.284,measure,AD,Attracted
SGCI03_2101,Scorpididae,Tilodon,sexfasciatus,1,216.406,37361003,SGCI03_L.avi,8329,5.5527,1.59,4.369,1541.727,5.757,NA,AD,Passing
SGCI03_2101,Scorpididae,Tilodon,sexfasciatus,1,174.487,37361003,SGCI03_L.avi,8329,5.5527,3.314,1.849,1453.442,24.062,NA,AD,Passing
SGCI03_2101,Labridae,Austrolabrus,maculatus,1,154.784,37384025,SGCI03_L.avi,11628,7.752,4.442,1.844,1754.447,7.052,NA,AD,Passing
SGCI03_2101,Labridae,Austrolabrus,maculatus,1,145.797,37384025,SGCI03_L.avi,11628,7.752,6.999,4.604,1696.193,17.122,NA,AD,Passing
SGCI03_2101,Labridae,Notolabrus,tetricus,1,218.554,37384003,SGCI03_L.avi,14118,9.412,1.12,6.424,987.648,24.49,NA,AD,Passing
SGCI03_2101,Labridae,Notolabrus,tetricus,1,249.057,37384003,SGCI03_L.avi,14118,9.412,12.962,4.017,2690.946,16.121,NA,AD,Passing
SGCI03_2101,Serranidae,Caesioperca,rasor,1,160.722,99378025,SGCI03_L.avi,16965,11.31,1.102,2.015,1088.627,12.894,NA,AD,Passing
SGCI03_2101,Serranidae,Caesioperca,rasor,1,174.111,99378025,SGCI03_L.avi,16965,11.31,1.508,6.602,1370.054,19.057,NA,AD,Passing
SGCI03_2101,Serranidae,Caesioperca,rasor,1,152.529,99378025,SGCI03_L.avi,16965,11.31,0.861,1.508,892.032,9.353,NA,AD,Passing
SGCI03_2101,Serranidae,Caesioperca,rasor,1,149.342,99378025,SGCI03_L.avi,16965,11.31,1.845,2.686,1187.765,23.158,NA,AD,Passing
SGCI03_2101,Serranidae,Caesioperca,rasor,1,167.516,99378025,SGCI03_L.avi,16965,11.31,4.966,4.432,1971.905,28.058,NA,AD,Passing
SGCI03_2101,Scorpididae,Scorpis,aequipinnis,1,241.904,37361004,SGCI03_L.avi,22388,14.9253,2.692,4.75,1807.598,16.024,NA,AD,Passing
SGCI03_2101,Scorpididae,Scorpis,aequipinnis,1,210.559,37361004,SGCI03_L.avi,22388,14.9253,6.576,9.088,2067.625,25.627,NA,AD,Passing
SGCI03_2101,Labridae,Ophthalmolepis,lineolatus,1,240.373,37384040,SGCI03_L.avi,23213,15.4753,1.483,0.604,1304.65,12.289,NA,AD,Passing
SGCI03_2101,Labridae,Ophthalmolepis,lineolatus,1,320.138,37384040,SGCI03_L.avi,23213,15.4753,9.288,5.179,2764.261,17.545,NA,AD,Passing
SGCI03_2101,Kyphosidae,Kyphosus,sydneyanus,1,441.994,37361001,SGCI03_L.avi,26587,17.7247,6.585,15.393,1737.044,30.199,NA,AD,Passing
SGCI03_2101,Labridae,Achoerodus,gouldii,1,557.608,37384002,SGCI03_L.avi,35232,23.488,4.781,7.001,1498.238,24.629,NA,AD,Passing
SGCI03_2101,Labridae,Achoerodus,gouldii,1,340.256,37384002,SGCI03_L.avi,35232,23.488,5.189,2.597,1685.015,6.315,NA,AD,Passing
SGCI03_2101,Monacanthidae,Meuschenia,freycineti,1,450.109,37465036,SGCI03_L.avi,40006,26.6707,7.292,5.156,1778.665,33.223,measure,AD,Attracted
SGCI03_2101,Kyphosidae,Girella,zebra,1,275.459,37361008,SGCI03_L.avi,53121,35.414,4.276,2.401,1703.231,35.637,NA,AD,Passing
SGCI03_2101,Monacanthidae,Meuschenia,flavolineata,1,291.309,37465035,SGCI03_L.avi,57938,38.6253,3.262,4.302,1537.483,31.438,NA,AD,Passing
SGCI03_2101,Monacanthidae,Meuschenia,hippocrepis,1,322.226,37465004,SGCI03_L.avi,61079,40.7193,3.679,1.038,1434.822,14.909,NA,AD,Passing
SGCI03_2101,Monacanthidae,Meuschenia,hippocrepis,1,326.739,37465004,SGCI03_L.avi,61079,40.7193,7.121,2.751,1735.531,29.615,NA,AD,Passing
SGCI03_2101,Serranidae,Othos,dentex,1,446.217,37311005,SGCI03_L.avi,72858,48.572,4.221,7.685,1248.647,4.901,NA,AD,Passing
SGCI03_2101,Carangidae,Pseudocaranx,sp,1,256.559,37337924,SGCI03_L.avi,83298,55.532,10.631,3.719,2249.262,36.715,NA,AD,Passing
SGCI03_2101,Chaetodontidae,Chelmonops,curiosus,1,185.613,37365066,SGCI03_L.avi,94217,62.8113,6.313,3.984,1844.441,19.051,measure,AD,Passing
SGCI04_2101,Scorpididae,Scorpis,aequipinnis,1,223.171,37361004,SGCI04_L.avi,57430,38.2867,2.974,4.818,1347.202,22.767,Landed Facing Up,AD,Passing
SGCI04_2101,Scorpididae,Scorpis,aequipinnis,1,218.315,37361004,SGCI04_L.avi,57430,38.2867,1.514,7.55,1440.461,16.266,Landed Facing Up,AD,Passing
SGCI04_2101,Scorpididae,Scorpis,aequipinnis,1,227.435,37361004,SGCI04_L.avi,57430,38.2867,3.831,2.508,1704.692,20.518,Landed Facing Up,AD,Passing
SGCI04_2101,Scorpididae,Scorpis,aequipinnis,1,187.937,37361004,SGCI04_L.avi,57430,38.2867,4.37,2.924,1561.021,12.783,Landed Facing Up,AD,Passing
SGCI04_2101,Scorpididae,Scorpis,aequipinnis,1,227.193,37361004,SGCI04_L.avi,57430,38.2867,2.233,5.861,1376.573,16.329,Landed Facing Up,AD,Passing
SGCI04_2101,Scorpididae,Scorpis,aequipinnis,1,176.246,37361004,SGCI04_L.avi,57430,38.2867,2.784,6.247,1746.553,16.146,Landed Facing Up,AD,Passing
SGCI04_2101,Monacanthidae,Meuschenia,hippocrepis,1,339.822,37465004,SGCI04_L.avi,81464,54.3093,2.142,8.327,1252.316,32.345,Landed Facing Up,AD,Passing
SGCI04_2101,Monacanthidae,Meuschenia,hippocrepis,1,334.723,37465004,SGCI04_L.avi,81464,54.3093,1.16,4.093,1152.247,6.421,Landed Facing Up,AD,Passing
SGCI04_2101,Monacanthidae,Meuschenia,hippocrepis,1,405.112,37465004,SGCI04_L.avi,81464,54.3093,5.956,3.551,2372.412,35.545,Landed Facing Up,AD,Passing
SGCI04_2101,Labridae,Notolabrus,tetricus,1,227.247,37384003,SGCI04_L.avi,85639,57.0927,5.413,3.346,1735.835,26.689,Landed Facing Up,AD,Passing
SGCI04_2101,Labridae,Notolabrus,tetricus,1,243.343,37384003,SGCI04_L.avi,85639,57.0927,2.654,2.865,1488.481,23.504,Landed Facing Up,AD,Passing
SGCI04_2101,Labridae,Notolabrus,tetricus,1,206.957,37384003,SGCI04_L.avi,85639,57.0927,3.615,8.067,1406.764,24.226,Landed Facing Up,AD,Passing
SGCI04_2101,Labridae,Notolabrus,tetricus,1,218.246,37384003,SGCI04_L.avi,85639,57.0927,2.014,2.283,1193.088,12.323,Landed Facing Up,AD,Passing
SGCO01_2101,Labridae,Notolabrus,parilus,1,401.014,99379455,SCO01_L.avi,14701,9.8007,0.643,7.323,652.791,22.991,NA,AD,Passing
SGCO01_2101,Monacanthidae,Meuschenia,hippocrepis,1,341.97,37465004,SCO01_L.avi,14902,9.9347,1.589,1.46,1238.116,24.725,measure,AD,Passing
SGCO01_2101,Scorpididae,Scorpis,aequipinnis,1,235.025,37361004,SCO01_L.avi,19844,13.2293,1.953,2.777,1258.576,16.883,NA,AD,Passing
SGCO01_2101,Scorpididae,Scorpis,aequipinnis,1,177.941,37361004,SCO01_L.avi,19855,13.2367,1.505,4.269,1025.749,19.829,NA,AD,Passing
SGCO01_2101,Labridae,Notolabrus,tetricus,1,204.182,37384003,SCO01_L.avi,23097,15.398,0.629,2.236,646.213,13.019,measure,AD,Passing
SGCO01_2101,Labridae,Notolabrus,tetricus,1,329.74,37384003,SCO01_L.avi,50691,33.794,1.121,7.61,919.145,19.702,NA,AD,Passing
SGCO02_2101,Labridae,Neoodax,balteatus,1,87.182,37385005,SCO02_L.avi,7310,4.8733,6.039,1.697,2019.293,10.045,NA,AD,Passing
SGCO02_2101,Labridae,Notolabrus,parilus,1,163.804,99379455,SCO02_L.avi,11531,7.6873,7.889,0.978,1910.877,28.937,NA,AD,Passing
SGCO02_2101,Sillaginidae,Sillaginodes,punctatus,1,366.85,37330001,SCO02_L.avi,14810,9.8733,7.823,2.994,3304.512,0.858,NA,AD,Attracted
SGCO02_2101,Scorpididae,Scorpis,aequipinnis,1,224.76,37361004,SCO02_L.avi,20294,13.5293,7.058,4.496,1807.303,26.278,NA,AD,Passing
SGCO02_2101,Scorpididae,Scorpis,aequipinnis,1,194.64,37361004,SCO02_L.avi,20294,13.5293,1.804,5.464,870.059,28.69,NA,AD,Passing
SGCO02_2101,Carangidae,Pseudocaranx,sp,1,109.914,37337924,SCO02_L.avi,23996,15.9973,3.546,6.807,1290.669,33.863,NA,AD,Passing
SGCO02_2101,Carangidae,Pseudocaranx,sp,1,283.926,37337924,SCO02_L.avi,23996,15.9973,3.614,0.254,1246.313,29.893,NA,AD,Passing
SGCO02_2101,Labridae,Achoerodus,gouldii,1,574.972,37384002,SCO02_L.avi,25097,16.7313,4.782,9.908,2361.189,8.644,measure,AD,Passing
SGCO02_2101,Labridae,Notolabrus,tetricus,1,263.11,37384003,SCO02_L.avi,29521,19.6807,3.993,1.443,2029.633,12.341,NA,AD,Passing
SGCO02_2101,Labridae,Notolabrus,tetricus,1,231.634,37384003,SCO02_L.avi,29521,19.6807,0.757,1.224,754.75,15.99,NA,AD,Passing
SGCO02_2101,Labridae,Notolabrus,tetricus,1,197.479,37384003,SCO02_L.avi,29521,19.6807,5.727,1.633,1727.101,24.063,NA,AD,Passing
SGCO02_2101,Cheilodactylidae,Dactylophora,nigricans,1,696.663,37377005,SCO02_L.avi,43023,28.682,7.496,3.96,2250.578,19.862,NA,AD,Passing
SGCO02_2101,Kyphosidae,Kyphosus,sydneyanus,1,259.333,37361001,SCO02_L.avi,53406,35.604,3.161,1.813,1390.4,35.323,NA,AD,Passing
SGCO02_2101,Kyphosidae,Kyphosus,sydneyanus,1,229.937,37361001,SCO02_L.avi,53406,35.604,4.963,2.51,1818.455,23.673,NA,AD,Passing
SGCO02_2101,Mullidae,Upeneichthys,vlamingii,1,217.565,37355029,SCO02_L.avi,61843,41.2287,18.99,1.225,3068.137,28.867,NA,AD,Passing
SGCO02_2101,Sparidae,Chrysophrys,auratus,1,198.153,37353001,SCO02_L.avi,65126,43.4173,4.57,4.639,1834.229,31.515,NA,AD,Passing
SGCO02_2101,Sparidae,Chrysophrys,auratus,1,195.962,37353001,SCO02_L.avi,65126,43.4173,11.452,4.085,2360.769,28.421,NA,AD,Passing
SGCO02_2101,Sparidae,Chrysophrys,auratus,1,191.053,37353001,SCO02_L.avi,65126,43.4173,4.733,1.527,2018.062,33.054,NA,AD,Passing
SGCO02_2101,Cheilodactylidae,Cheilodactylus,nigripes,1,365.75,37377001,SCO02_L.avi,92458,61.6387,8.519,0.336,2076.651,32.083,NA,AD,Passing
SGCO03_2101,Pomacentridae,Parma,victoriae,1,196.568,37372006,SCO03_L.avi,5038,3.3587,6.269,4.533,2345.76,22.982,NA,AD,Passing
SGCO03_2101,Serranidae,Caesioperca,rasor,1,157.995,99378025,SCO03_L.avi,5548,3.6987,1.64,1.071,1242.476,11.945,NA,AD,Passing
SGCO03_2101,Serranidae,Caesioperca,rasor,1,175.198,99378025,SCO03_L.avi,5548,3.6987,2.002,1.457,1840.562,6.386,NA,AD,Passing
SGCO03_2101,Kyphosidae,Girella,zebra,1,239.034,37361008,SCO03_L.avi,5691,3.794,8.943,2.504,2059.15,31.128,NA,AD,Passing
SGCO03_2101,Monacanthidae,Meuschenia,freycineti,1,375.038,37465036,SCO03_L.avi,9565,6.3767,14.346,3.819,2757.016,25.227,NA,AD,Passing
SGCO03_2101,Labridae,Notolabrus,tetricus,1,277.113,37384003,SCO03_L.avi,9633,6.422,4.253,2.122,1854.455,24.977,NA,AD,Passing
SGCO03_2101,Labridae,Notolabrus,tetricus,1,201.477,37384003,SCO03_L.avi,9633,6.422,1.852,2.304,1685.883,16.006,NA,AD,Passing
SGCO03_2101,Labridae,Notolabrus,tetricus,1,193.714,37384003,SCO03_L.avi,9633,6.422,1.81,1.827,1758.545,15.246,NA,AD,Passing
SGCO03_2101,Labridae,Notolabrus,tetricus,1,348.665,37384003,SCO03_L.avi,9633,6.422,3.768,1.499,1298.932,30.641,NA,AD,Passing
SGCO03_2101,Moridae,Pseudophycis,barbata,1,442.134,37224003,SCO03_L.avi,10102,6.7347,3.573,4.477,1732.654,23.826,NA,AD,Passing
SGCO03_2101,Monacanthidae,Meuschenia,hippocrepis,1,360.567,37465004,SCO03_L.avi,18856,12.5707,4.27,7.273,1663.799,26.663,NA,AD,Passing
SGCO03_2101,Monacanthidae,Meuschenia,hippocrepis,1,352.398,37465004,SCO03_L.avi,18856,12.5707,4.871,3.349,1471.144,19.625,NA,AD,Passing
SGCO03_2101,Scorpididae,Scorpis,aequipinnis,1,276.511,37361004,SCO03_L.avi,19843,13.2287,7.202,0.727,2405.03,22.808,NA,AD,Passing
SGCO03_2101,Scorpididae,Scorpis,aequipinnis,1,140.635,37361004,SCO03_L.avi,19843,13.2287,11.816,1.554,2842.163,28.72,NA,AD,Passing
SGCO03_2101,Scorpididae,Scorpis,aequipinnis,1,269.019,37361004,SCO03_L.avi,19843,13.2287,2.774,2.371,2355.22,6.278,NA,AD,Passing
SGCO03_2101,Scorpididae,Scorpis,aequipinnis,1,236.665,37361004,SCO03_L.avi,19843,13.2287,4.544,4.524,2531.794,13.756,NA,AD,Passing
SGCO03_2101,Scorpididae,Scorpis,aequipinnis,1,240.608,37361004,SCO03_L.avi,19843,13.2287,3.536,2.986,2284.904,8.461,NA,AD,Passing
SGCO03_2101,Labridae,Austrolabrus,maculatus,1,152.613,37384025,SCO03_L.avi,20976,13.984,12.446,2.801,3031.387,5.539,NA,AD,Passing
SGCO03_2101,Serranidae,Othos,dentex,1,489.914,37311005,SCO03_L.avi,44312,29.5413,2.127,5.264,1452.029,19.184,measure,AD,Attracted
SGCO03_2101,Sparidae,Chrysophrys,auratus,1,254.791,37353001,SCO03_L.avi,60682,40.4547,8.375,3.855,2098.331,34.43,NA,AD,Passing
SGCO03_2101,Chaetodontidae,Chelmonops,curiosus,1,201.671,37365066,SCO03_L.avi,63981,42.654,3.905,1.942,2848.11,8.767,NA,AD,Passing
SGCO03_2101,Kyphosidae,Kyphosus,sydneyanus,1,420.915,37361001,SCO03_L.avi,81639,54.426,2.834,2.86,1868.719,0.105,NA,AD,Passing
SGCO03_2101,Scorpididae,Tilodon,sexfasciatus,1,201.8,37361003,SCO03_L.avi,90933,60.622,6.968,1.852,1883.618,11.805,NA,AD,Passing
SGCO03_2101,Scorpididae,Tilodon,sexfasciatus,1,189.078,37361003,SCO03_L.avi,90933,60.622,5.542,0.761,1648.115,30.173,NA,AD,Passing
SGCO03_2101,Labridae,Notolabrus,parilus,1,354.607,99379455,SCO03_L.avi,91787,61.1913,2.581,1.496,2347.917,6.202,NA,AD,Passing
SGCO04_2101,Cheilodactylidae,Dactylophora,nigricans,1,667.232,37377005,SCO04_L.avi,4264,2.8427,11.192,0.906,1952.228,34.809,NA,AD,Passing
SGCO04_2101,Labridae,Achoerodus,gouldii,1,404.345,37384002,SCO04_L.avi,6372,4.248,2.632,2.823,2002.893,4.407,NA,AD,Attracted
SGCO04_2101,Sparidae,Chrysophrys,auratus,1,222.236,37353001,SCO04_L.avi,13050,8.7,1.426,12.072,895.027,24.96,NA,AD,Passing
SGCO04_2101,Serranidae,Othos,dentex,1,436.23,37311005,SCO04_L.avi,17437,11.6247,3.267,0.93,1155.5,4.157,measure,AD,Attracted
SGCO04_2101,Labridae,Pictilabrus,laticlavius,1,212.844,37384020,SCO04_L.avi,23769,15.846,0.639,0.729,616.424,12.458,measure,AD,Passing
SGCO04_2101,Monacanthidae,Meuschenia,hippocrepis,1,309.397,37465004,SCO04_L.avi,38503,25.6687,1.913,9.335,1321.254,12.097,NA,AD,Passing
SGCO04_2101,Labridae,Notolabrus,tetricus,1,290.922,37384003,SCO04_L.avi,40464,26.976,1.189,9.021,808.792,24.692,NA,AD,Passing
SGCO04_2101,Labridae,Notolabrus,tetricus,1,211.338,37384003,SCO04_L.avi,40464,26.976,2.997,1.698,1230.539,3.612,NA,AD,Passing
SGCO04_2101,Labridae,Notolabrus,tetricus,1,148.416,37384003,SCO04_L.avi,40464,26.976,1.323,0.736,1177.662,21.683,NA,AD,Passing
SGCO04_2101,Carangidae,Pseudocaranx,sp,1,234.294,37337924,SCO04_L.avi,41006,27.3373,5.439,0.582,2722.854,19.037,NA,AD,Passing
SGCO04_2101,Arripidae,Arripis,truttaceus,1,358.928,37344004,SCO04_L.avi,57836,38.5573,8.097,1.618,2309.743,5.331,NA,AD,Passing
SGCO04_2101,Monacanthidae,Meuschenia,freycineti,1,313.781,37465036,SCO04_L.avi,70256,46.8373,0.983,14.935,756.354,21.504,NA,AD,Passing
SGCO04_2101,Scorpididae,Scorpis,aequipinnis,1,251.87,37361004,SCO04_L.avi,70463,46.9753,3.284,7.877,1294.274,31.371,NA,AD,Passing
SGCO04_2101,Scorpididae,Scorpis,aequipinnis,1,161.344,37361004,SCO04_L.avi,70463,46.9753,2.382,5.444,1356.438,34.718,NA,AD,Passing
SGCO04_2101,Scorpididae,Scorpis,aequipinnis,1,170.295,37361004,SCO04_L.avi,70463,46.9753,7.013,4.713,2187.793,21.086,NA,AD,Passing
SGCO04_2101,Arripidae,Arripis,georgianus,1,153.321,37344001,SCO04_L.avi,84412,56.2747,5.265,9.049,2156.62,33.783,NA,AD,Passing
SGEI01_2101,Labridae,Achoerodus,gouldii,1,556.656,37384002,SGEI01_L.avi,8199,5.466,5.368,1.783,1626.895,15.08,NA,AD,Passing
SGEI01_2101,Kyphosidae,Kyphosus,sydneyanus,1,173.096,37361001,SGEI01_L.avi,10180,6.7867,2.127,2.76,1092.993,17.842,NA,AD,Passing
SGEI01_2101,Kyphosidae,Kyphosus,sydneyanus,1,168.298,37361001,SGEI01_L.avi,10180,6.7867,1.949,11.926,1288.666,2.451,NA,AD,Passing
SGEI01_2101,Kyphosidae,Kyphosus,sydneyanus,1,136.822,37361001,SGEI01_L.avi,10180,6.7867,1.365,17.337,978.731,22.387,NA,AD,Passing
SGEI01_2101,Monacanthidae,Meuschenia,hippocrepis,1,426.509,37465004,SGEI01_L.avi,10764,7.176,3.322,2.838,1141.97,21.749,NA,AD,Passing
SGEI01_2101,Gerreidae,Parequula,melbournensis,1,83.564,37349001,SGEI01_L.avi,12678,8.452,4.189,7.17,1320.102,20.747,NA,AD,Passing
SGEI01_2101,Mullidae,Upeneichthys,vlamingii,1,93.98,37355029,SGEI01_L.avi,23160,15.44,21.216,4.213,3260.223,23.066,NA,AD,Passing
SGEI01_2101,Labridae,Pictilabrus,laticlavius,1,134.968,37384020,SGEI01_L.avi,33223,22.1487,2.108,36.766,1390.667,19.209,NA,AD,Passing
SGEI01_2101,Cheilodactylidae,Dactylophora,nigricans,1,204.881,37377005,SGEI01_L.avi,49493,32.9953,1.558,41.893,1110.882,27.683,NA,AD,Passing
SGEI01_2101,Scorpididae,Scorpis,aequipinnis,1,331.423,37361004,SGEI01_L.avi,79968,53.312,1.693,1.507,1434.655,12.428,NA,AD,Passing
SGEI02_2101,Cheilodactylidae,Cheilodactylus,nigripes,1,354.491,37377001,SGEI02_L.avi,11039,7.3593,2.622,5.305,1136.7,17.339,measure,AD,Passing
SGEI02_2101,Labridae,Achoerodus,gouldii,1,531.172,37384002,SGEI02_L.avi,12935,8.6233,9.009,14.53,2328.333,35.555,NA,AD,Passing
SGEI02_2101,Kyphosidae,Girella,zebra,1,319.506,37361008,SGEI02_L.avi,14977,9.9847,9.208,2.6,2835.749,32.055,NA,AD,Passing
SGEI02_2101,Kyphosidae,Girella,zebra,1,276.526,37361008,SGEI02_L.avi,14977,9.9847,14.564,4.241,2754.566,26.52,NA,AD,Passing
SGEI02_2101,Kyphosidae,Girella,zebra,1,269.741,37361008,SGEI02_L.avi,14977,9.9847,9.244,1.083,2050.595,35.648,NA,AD,Passing
SGEI02_2101,Kyphosidae,Girella,zebra,1,239.342,37361008,SGEI02_L.avi,14977,9.9847,6.193,4.069,1972.001,34.19,NA,AD,Passing
SGEI02_2101,Kyphosidae,Girella,zebra,1,268.615,37361008,SGEI02_L.avi,14977,9.9847,7.017,1.378,2224.948,10.434,NA,AD,Passing
SGEI02_2101,Kyphosidae,Girella,zebra,1,265.94,37361008,SGEI02_L.avi,14977,9.9847,10.093,6.925,2855.295,28.662,NA,AD,Passing
SGEI02_2101,Kyphosidae,Girella,zebra,1,283.172,37361008,SGEI02_L.avi,14977,9.9847,10.922,5.861,3054.489,29.14,NA,AD,Passing
SGEI02_2101,Scorpididae,Scorpis,aequipinnis,1,201.803,37361004,SGEI02_L.avi,23847,15.898,2.349,1.603,1791.155,7.294,NA,AD,Passing
SGEI02_2101,Scorpididae,Scorpis,aequipinnis,1,214.965,37361004,SGEI02_L.avi,23847,15.898,4.481,1.866,1667.698,6.486,NA,AD,Passing
SGEI02_2101,Scorpididae,Scorpis,aequipinnis,1,201.834,37361004,SGEI02_L.avi,23847,15.898,6.668,3.811,1910.937,7.159,NA,AD,Passing
SGEI02_2101,Scorpididae,Scorpis,aequipinnis,1,177.912,37361004,SGEI02_L.avi,23847,15.898,4.77,4.707,2270.773,24.142,NA,AD,Passing
SGEI02_2101,Scorpididae,Scorpis,aequipinnis,1,177.818,37361004,SGEI02_L.avi,23849,15.8993,10.816,2.472,2722.277,17.28,NA,AD,Passing
SGEI02_2101,Kyphosidae,Kyphosus,sydneyanus,1,422.717,37361001,SGEI02_L.avi,24901,16.6007,3.959,3.264,1459.37,20.843,measure,AD,Passing
SGEI02_2101,Kyphosidae,Kyphosus,sydneyanus,1,363.907,37361001,SGEI02_L.avi,24901,16.6007,6.365,2.499,1807.456,11.365,measure,AD,Passing
SGEI02_2101,Labridae,Notolabrus,parilus,1,344.953,99379455,SGEI02_L.avi,37921,25.2807,14.955,8.651,3095.166,31.57,NA,AD,Passing
SGEI02_2101,Labridae,Notolabrus,tetricus,1,409.763,37384003,SGEI02_L.avi,49981,33.3207,4.457,5.103,1961.181,20.29,NA,AD,Passing
SGEI02_2101,Labridae,Notolabrus,tetricus,1,273.492,37384003,SGEI02_L.avi,49981,33.3207,4.128,2.031,1521.726,34.352,NA,AD,Passing
SGEI02_2101,Palinuridae,Jasus,edwardsii,1,135.193,28820001,SGEI02_L.avi,84042,56.028,5.001,1.147,1604.49,8.04,NA,AD,Passing
SGEI02_2101,Monacanthidae,Meuschenia,hippocrepis,1,367.137,37465004,SGEI02_L.avi,86660,57.7733,2.652,1.697,1626.92,19.046,NA,AD,Passing
SGEI02_2101,Monacanthidae,Meuschenia,hippocrepis,1,332.2,37465004,SGEI02_L.avi,86660,57.7733,4.471,2.663,1941.664,4.532,NA,AD,Passing
SGEI02_2101,Serranidae,Othos,dentex,1,518.188,37311005,SGEI02_L.avi,90484,60.3227,3.995,2.696,2691.064,4.115,measure,AD,Passing
SGEI03_2101,Kyphosidae,Kyphosus,sydneyanus,1,343.188,37361001,SGEI03_L.avi,7265,4.8433,0.997,23.786,887.824,34.116,landed on back,AD,Passing
SGEI03_2101,Monacanthidae,Meuschenia,hippocrepis,1,379.36,37465004,SGEI03_L.avi,14980,9.9867,3.229,10.165,1558.978,22.924,landed on back,AD,Passing
SGEI03_2101,Scorpididae,Scorpis,aequipinnis,1,174.627,37361004,SGEI03_L.avi,17699,11.7993,1.654,5.025,899.805,21.485,landed on back,AD,Passing
SGEI03_2101,Scorpididae,Scorpis,aequipinnis,1,231.93,37361004,SGEI03_L.avi,17699,11.7993,1.39,3.963,1169.763,14.128,landed on back,AD,Passing
SGEI03_2101,Scorpididae,Scorpis,aequipinnis,1,202.827,37361004,SGEI03_L.avi,17699,11.7993,4.971,0.838,1620.246,18.36,landed on back,AD,Passing
SGEI03_2101,Kyphosidae,Girella,zebra,1,324.51,37361008,SGEI03_L.avi,38390,25.5933,3.473,1.359,2250.9,15.775,landed on back,AD,Passing
SGEI03_2101,Kyphosidae,Girella,zebra,1,305.881,37361008,SGEI03_L.avi,38390,25.5933,7.635,4.806,2176.876,16.543,landed on back,AD,Passing
SGEI03_2101,Dinolestidae,Dinolestes,lewini,1,270.628,37327002,SGEI03_L.avi,38961,25.974,7.68,0.874,1818.491,30.966,landed on back,AD,Passing
SGEI03_2101,Monacanthidae,Meuschenia,flavolineata,1,336.546,37465035,SGEI03_L.avi,51284,34.1893,10.354,2.668,3222.374,22.546,landed on back,AD,Passing
SGEI04_2101,Labridae,Achoerodus,gouldii,1,300.46,37384002,SGEI04_L.avi,6701,4.4673,5.177,28.96,1993.654,24.482,NA,AD,Passing
SGEI04_2101,Arripidae,Arripis,georgianus,1,191.093,37344001,SGEI04_L.avi,11731,7.8207,15.488,3.192,3732.829,20.169,NA,AD,Passing
SGEI04_2101,Scorpididae,Tilodon,sexfasciatus,1,195.908,37361003,SGEI04_L.avi,29712,19.808,1.834,37.424,1724.966,35.936,NA,AD,Passing
SGEI04_2101,Labridae,Notolabrus,tetricus,1,284.172,37384003,SGEI04_L.avi,31345,20.8967,1.723,36.848,1217.81,21.68,NA,AD,Passing
SGEI04_2101,Labridae,Notolabrus,tetricus,1,151.106,37384003,SGEI04_L.avi,31345,20.8967,2.575,38.703,1308.467,26.417,NA,AD,Passing
SGEI04_2101,Scorpididae,Scorpis,aequipinnis,1,301.394,37361004,SGEI04_L.avi,33159,22.106,1.945,34.423,1223.143,25.085,NA,AD,Passing
SGEI04_2101,Monacanthidae,Meuschenia,galii,1,318.191,37465040,SGEI04_L.avi,45404,30.2693,2.429,37.516,1540.375,18.478,NA,AD,Passing
SGEI04_2101,Monacanthidae,Meuschenia,hippocrepis,1,324.669,37465004,SGEI04_L.avi,49684,33.1227,5.418,31.119,1658.953,10.163,NA,AD,Passing
SGEI04_2101,Monacanthidae,Meuschenia,hippocrepis,1,397.556,37465004,SGEI04_L.avi,49684,33.1227,3.177,26.536,1962.623,22.389,NA,AD,Passing
SGEI04_2101,Monacanthidae,Meuschenia,hippocrepis,1,301.836,37465004,SGEI04_L.avi,49684,33.1227,6.557,22.889,2036.644,20.528,NA,AD,Passing
SGEI04_2101,Monacanthidae,Meuschenia,hippocrepis,1,339.455,37465004,SGEI04_L.avi,49684,33.1227,4.751,22.079,2268.824,15.642,NA,AD,Passing
SGEI04_2101,Monacanthidae,Meuschenia,hippocrepis,1,270.982,37465004,SGEI04_L.avi,49684,33.1227,9.864,16.011,2774.74,24.428,NA,AD,Passing
SGEI04_2101,Kyphosidae,Girella,zebra,1,208.968,37361008,SGEI04_L.avi,53526,35.684,13.344,11.462,3012.042,32.468,NA,AD,Passing
SGEI04_2101,Kyphosidae,Kyphosus,sydneyanus,1,372.754,37361001,SGEI04_L.avi,55802,37.2013,2.854,30.927,1372.919,22.406,NA,AD,Passing
SGEI04_2101,Monacanthidae,Meuschenia,flavolineata,1,302.499,37465035,SGEI04_L.avi,75200,50.1333,2.816,36.426,1550.595,26.396,NA,AD,Passing
SGEI04_2101,Dinolestidae,Dinolestes,lewini,1,175.574,37327002,SGEI04_L.avi,81813,54.542,11.652,28.5,3013.971,30.859,NA,AD,Passing
SGEI04_2101,Dinolestidae,Dinolestes,lewini,1,230.022,37327002,SGEI04_L.avi,81813,54.542,15.087,8.858,3172.843,9.337,NA,AD,Passing
SGEO01_2101,Pomacentridae,Parma,victoriae,1,214.061,37372006,SGEO01_L.avi,11586,7.724,4.63,7.323,1370.077,32.52,NA,AD,Passing
SGEO01_2101,Labridae,Notolabrus,tetricus,1,206.192,37384003,SGEO01_L.avi,17403,11.602,0.982,3.929,824.608,19.833,NA,AD,Passing
SGEO01_2101,Kyphosidae,Kyphosus,sydneyanus,1,520.198,37361001,SGEO01_L.avi,41434,27.6227,9.598,23.726,1925.995,32.563,NA,AD,Passing
SGEO01_2101,Monacanthidae,Meuschenia,hippocrepis,1,241.326,37465004,SGEO01_L.avi,58939,39.2927,7.393,12.719,2148.47,32.739,NA,AD,Passing
SGEO01_2101,Labridae,Achoerodus,gouldii,1,305.513,37384002,SGEO01_L.avi,79489,52.9927,3.295,5.014,1183.782,28.903,m,F,Attracted
SGEO01_2101,Scorpididae,Scorpis,aequipinnis,1,209.805,37361004,SGEO01_L.avi,80414,53.6093,9.418,14.039,2181.922,17.63,NA,AD,Passing
SGEO01_2101,Scorpididae,Scorpis,aequipinnis,1,171.37,37361004,SGEO01_L.avi,80414,53.6093,4.491,4.19,2104.938,9.605,NA,AD,Passing
SGEO01_2101,Scorpididae,Scorpis,aequipinnis,1,162.482,37361004,SGEO01_L.avi,80414,53.6093,6.797,2.695,2060.198,12.99,NA,AD,Passing
SGEO01_2101,Scorpididae,Scorpis,aequipinnis,1,234.41,37361004,SGEO01_L.avi,80414,53.6093,5.688,8.15,1593.162,12.089,NA,AD,Passing
SGEO02_2101,Kyphosidae,Girella,zebra,1,282.473,37361008,SGEO02_L.avi,5494,3.6627,15.877,8.674,2789.208,28.682,NA,AD,Passing
SGEO02_2101,Labridae,Dotalabrus,aurantiacus,1,74.723,37384018,SGEO02_L.avi,5532,3.688,2.233,3.097,1650.963,36.199,NA,AD,Passing
SGEO02_2101,Scorpididae,Tilodon,sexfasciatus,1,215.332,37361003,SGEO02_L.avi,5968,3.9787,3.213,2.457,1296.832,30.17,NA,AD,Passing
SGEO02_2101,Labridae,Pictilabrus,laticlavius,1,192.793,37384020,SGEO02_L.avi,9649,6.4327,7.32,6.353,2568.371,27.577,NA,AD,Passing
SGEO02_2101,Cheilodactylidae,Cheilodactylus,nigripes,1,284.247,37377001,SGEO02_L.avi,11533,7.6887,1.108,1.95,954.336,23.174,NA,AD,Passing
SGEO02_2101,Kyphosidae,Kyphosus,sydneyanus,1,393.316,37361001,SGEO02_L.avi,12571,8.3807,2.575,2.14,1496.58,23.286,NA,AD,Passing
SGEO02_2101,Labridae,Notolabrus,tetricus,1,273.752,37384003,SGEO02_L.avi,13935,9.29,1.188,2.45,1159.242,7.064,NA,AD,Passing
SGEO02_2101,Labridae,Notolabrus,tetricus,1,198.915,37384003,SGEO02_L.avi,13935,9.29,2.34,2.8,1727.746,15.569,NA,AD,Passing
SGEO02_2101,Labridae,Notolabrus,tetricus,1,222.601,37384003,SGEO02_L.avi,13935,9.29,6.477,2.099,1690.471,20.118,NA,AD,Passing
SGEO02_2101,Monacanthidae,Meuschenia,hippocrepis,1,96.251,37465004,SGEO02_L.avi,16098,10.732,2.42,4.098,1371.601,15.567,NA,AD,Passing
SGEO02_2101,Monacanthidae,Meuschenia,hippocrepis,1,122.76,37465004,SGEO02_L.avi,16098,10.732,2.05,1.587,1257.596,13.761,NA,AD,Passing
SGEO02_2101,Monacanthidae,Meuschenia,hippocrepis,1,134.814,37465004,SGEO02_L.avi,16098,10.732,1.105,1.572,1149.186,8.783,NA,AD,Passing
SGEO02_2101,Monacanthidae,Meuschenia,hippocrepis,1,280.161,37465004,SGEO02_L.avi,16098,10.732,2.488,0.692,1217.06,10.753,NA,AD,Passing
SGEO02_2101,Labridae,Achoerodus,gouldii,1,356.774,37384002,SGEO02_L.avi,16586,11.0573,3.482,0.78,1953.126,24.41,NA,AD,Passing
SGEO02_2101,Scorpididae,Scorpis,aequipinnis,1,140.154,37361004,SGEO02_L.avi,53417,35.6113,1.779,0.68,1108.732,32.847,m,AD,Attracted
SGEO02_2101,Scorpididae,Scorpis,aequipinnis,1,212.374,37361004,SGEO02_L.avi,53417,35.6113,1.15,1.767,807.583,21.666,m,AD,Attracted
SGEO02_2101,Scorpididae,Scorpis,aequipinnis,1,267.685,37361004,SGEO02_L.avi,53417,35.6113,2.779,13.968,1276.454,18.982,m,AD,Attracted
SGEO02_2101,Scorpididae,Scorpis,aequipinnis,1,150.413,37361004,SGEO02_L.avi,53417,35.6113,1.884,1.701,1081.156,16.7,m,AD,Attracted
SGEO02_2101,Scorpididae,Scorpis,aequipinnis,1,154.933,37361004,SGEO02_L.avi,53417,35.6113,2.477,1.119,1371.189,27.013,m,AD,Attracted
SGEO02_2101,Arripidae,Arripis,georgianus,1,127.889,37344001,SGEO02_L.avi,57901,38.6007,1.41,26.235,1322.469,28.575,NA,AD,Passing
SGEO03_2101,Monacanthidae,Meuschenia,flavolineata,1,306.322,37465035,SGEO03_L.avi,6791,4.5273,2.168,1.158,1616.37,18.678,NA,AD,Passing
SGEO03_2101,Kyphosidae,Kyphosus,sydneyanus,1,338.565,37361001,SGEO03_L.avi,7410,4.94,3.193,1.073,1733.207,17.806,m,AD,Passing
SGEO03_2101,Kyphosidae,Kyphosus,sydneyanus,1,458.159,37361001,SGEO03_L.avi,7410,4.94,7.999,0.826,2060.239,13.609,m,AD,Passing
SGEO03_2101,Kyphosidae,Kyphosus,sydneyanus,1,466.761,37361001,SGEO03_L.avi,7410,4.94,4.842,0.35,1777.835,20.883,m,AD,Passing
SGEO03_2101,Kyphosidae,Kyphosus,sydneyanus,1,333.443,37361001,SGEO03_L.avi,7410,4.94,4.096,3.834,1667.746,28.515,m,AD,Passing
SGEO03_2101,Labridae,Pictilabrus,laticlavius,1,167.559,37384020,SGEO03_L.avi,8879,5.9193,2.609,0.519,1771.474,10.064,NA,AD,Passing
SGEO03_2101,Labridae,Achoerodus,gouldii,1,357.437,37384002,SGEO03_L.avi,13779,9.186,4.987,2.588,1677.54,14.148,NA,AD,Passing
SGEO03_2101,Pomacentridae,Parma,victoriae,1,174.853,37372006,SGEO03_L.avi,16632,11.088,3.859,0.452,1785.045,11.761,m,AD,Passing
SGEO03_2101,Enoplosidae,Enoplosus,armatus,1,198.806,37366001,SGEO03_L.avi,19841,13.2273,6.174,7.268,2509.291,32.771,NA,AD,Passing
SGEO03_2101,Kyphosidae,Girella,zebra,1,224.691,37361008,SGEO03_L.avi,24952,16.6347,3.779,1.374,2059.023,22.804,NA,AD,Passing
SGEO03_2101,Kyphosidae,Girella,zebra,1,227.407,37361008,SGEO03_L.avi,24952,16.6347,4.717,5.094,1926.049,31.672,NA,AD,Passing
SGEO03_2101,Labridae,Notolabrus,tetricus,1,226.934,37384003,SGEO03_L.avi,37175,24.7833,1.053,0.74,1008.025,11.792,NA,AD,Passing
SGEO03_2101,Labridae,Notolabrus,tetricus,1,215.287,37384003,SGEO03_L.avi,37175,24.7833,5.182,1.671,1892.751,19.265,NA,AD,Passing
SGEO03_2101,Labridae,Notolabrus,tetricus,1,214.248,37384003,SGEO03_L.avi,37175,24.7833,1.413,1.122,909.464,27.966,NA,AD,Passing
SGEO03_2101,Monacanthidae,Meuschenia,hippocrepis,1,399.567,37465004,SGEO03_L.avi,49641,33.094,1.393,1.175,1179.36,18.816,NA,AD,Passing
SGEO03_2101,Monacanthidae,Meuschenia,hippocrepis,1,210.509,37465004,SGEO03_L.avi,49641,33.094,2.085,1.37,1096.166,24.558,NA,AD,Passing
SGEO03_2101,Monacanthidae,Meuschenia,hippocrepis,1,225.191,37465004,SGEO03_L.avi,49641,33.094,1.803,0.397,1029.207,16.352,NA,AD,Passing
SGEO03_2101,Scorpididae,Scorpis,aequipinnis,1,160.423,37361004,SGEO03_L.avi,49931,33.2873,3.957,0.814,2115.262,28.298,NA,AD,Passing
SGEO03_2101,Scorpididae,Scorpis,aequipinnis,1,175.711,37361004,SGEO03_L.avi,49931,33.2873,1.262,0.308,896.861,16.625,NA,AD,Passing
SGEO03_2101,Scorpididae,Scorpis,aequipinnis,1,177.209,37361004,SGEO03_L.avi,49931,33.2873,3.449,1.3,1205.375,24.561,NA,AD,Passing
SGEO03_2101,Scorpididae,Scorpis,aequipinnis,1,270.937,37361004,SGEO03_L.avi,49931,33.2873,3.747,1.714,1303.146,21.621,NA,AD,Passing
SGEO03_2101,Scorpididae,Scorpis,aequipinnis,1,164.593,37361004,SGEO03_L.avi,49931,33.2873,1.83,1.7,1245.05,30.819,NA,AD,Passing
SGEO04_2101,Labridae,Achoerodus,gouldii,1,410.856,37384002,SGEO04_L.avi,7754,5.1693,10.537,2.617,2709.849,28.174,NA,AD,Passing
SGEO04_2101,Cheilodactylidae,Cheilodactylus,nigripes,1,234.72,37377001,SGEO04_L.avi,8572,5.7147,3.348,1.112,1639.043,29.849,NA,AD,Passing
SGEO04_2101,Kyphosidae,Girella,zebra,1,263.089,37361008,SGEO04_L.avi,9933,6.622,16.586,1.93,2950.252,16.342,NA,AD,Passing
SGEO04_2101,Chaetodontidae,Chelmonops,curiosus,1,149.717,37365066,SGEO04_L.avi,10658,7.1053,3.363,5.808,1566.355,34.807,NA,AD,Passing
SGEO04_2101,Labridae,Notolabrus,tetricus,1,118.324,37384003,SGEO04_L.avi,11743,7.8287,4.891,0.368,2435.758,16.596,NA,AD,Passing
SGEO04_2101,Labridae,Notolabrus,tetricus,1,174.892,37384003,SGEO04_L.avi,11743,7.8287,1.841,1.755,1759.466,18.403,NA,AD,Passing
SGEO04_2101,Labridae,Notolabrus,tetricus,1,215.747,37384003,SGEO04_L.avi,11743,7.8287,3.625,1.221,1530.451,24.444,NA,AD,Passing
SGEO04_2101,Pomacentridae,Parma,victoriae,1,135.233,37372006,SGEO04_L.avi,35607,23.738,3.25,0.962,1907.438,23.613,NA,AD,Passing
SGEO04_2101,Scorpididae,Scorpis,aequipinnis,1,175.643,37361004,SGEO04_L.avi,36039,24.026,0.955,0.37,856.149,19.367,NA,AD,Passing
SGEO04_2101,Scorpididae,Scorpis,aequipinnis,1,207.276,37361004,SGEO04_L.avi,36039,24.026,4.092,1.872,1400.066,16.375,NA,AD,Passing
SGEO04_2101,Scorpididae,Scorpis,aequipinnis,1,204.161,37361004,SGEO04_L.avi,36039,24.026,2.876,1.35,1391.808,20.927,NA,AD,Passing
SGEO04_2101,Scorpididae,Scorpis,aequipinnis,1,226.881,37361004,SGEO04_L.avi,36039,24.026,3.338,3.241,1475.867,16.253,NA,AD,Passing
SGEO04_2101,Scorpididae,Scorpis,aequipinnis,1,177.005,37361004,SGEO04_L.avi,36039,24.026,1.462,1.694,1143.652,15.955,NA,AD,Passing
SGEO04_2101,Labridae,Notolabrus,parilus,1,335.536,99379455,SGEO04_L.avi,36336,24.224,1.844,8.046,950.002,22.914,NA,AD,Passing
SGEO04_2101,Monacanthidae,Meuschenia,hippocrepis,1,311.994,37465004,SGEO04_L.avi,70502,47.0013,1.171,2.424,1116.783,16.405,NA,AD,Passing
SGEO04_2101,Monacanthidae,Meuschenia,hippocrepis,1,371.394,37465004,SGEO04_L.avi,70502,47.0013,1.717,1.333,1201.463,15.955,NA,AD,Passing
SGWI01_2101,Kyphosidae,Girella,zebra,1,319.153,37361008,SGWI01_L.avi,3803,2.5353,2.747,2.086,1853.731,25.03,NA,AD,Passing
SGWI01_2101,Kyphosidae,Girella,zebra,1,329.703,37361008,SGWI01_L.avi,3803,2.5353,5.401,3.188,1982.016,13.815,NA,AD,Passing
SGWI01_2101,Pomacentridae,Parma,victoriae,1,205.056,37372006,SGWI01_L.avi,3903,2.602,2.707,5.392,1514.347,18.875,NA,AD,Passing
SGWI01_2101,Kyphosidae,Kyphosus,sydneyanus,1,308.16,37361001,SGWI01_L.avi,5102,3.4013,3.304,2.266,1648.036,24.744,NA,AD,Passing
SGWI01_2101,Labridae,Achoerodus,gouldii,1,298.221,37384002,SGWI01_L.avi,6357,4.238,5.509,1.803,2139.819,25.121,NA,AD,Attracted
SGWI01_2101,Cheilodactylidae,Cheilodactylus,nigripes,1,279.23,37377001,SGWI01_L.avi,13006,8.6707,2.045,2.309,990.348,25.892,m,AD,Passing
SGWI01_2101,Serranidae,Othos,dentex,1,468.848,37311005,SGWI01_L.avi,19257,12.838,1.244,2.613,946.334,21.05,NA,AD,Passing
SGWI01_2101,Labridae,Notolabrus,parilus,1,295.654,99379455,SGWI01_L.avi,19712,13.1413,7.642,2.218,2088.9,24.573,m,M,Attracted
SGWI01_2101,Scorpididae,Scorpis,aequipinnis,1,223.644,37361004,SGWI01_L.avi,24089,16.0593,2.827,1.223,1360.053,23.331,NA,AD,Passing
SGWI01_2101,Scorpididae,Scorpis,aequipinnis,1,186.527,37361004,SGWI01_L.avi,24089,16.0593,1.049,1.482,819.759,19.963,NA,AD,Passing
SGWI01_2101,Scorpididae,Scorpis,aequipinnis,1,277.139,37361004,SGWI01_L.avi,24089,16.0593,1.56,0.182,1134.204,18.751,NA,AD,Passing
SGWI01_2101,Scorpididae,Scorpis,aequipinnis,1,300.325,37361004,SGWI01_L.avi,24089,16.0593,2.149,2.031,1704.67,16.483,NA,AD,Passing
SGWI01_2101,Scorpididae,Scorpis,aequipinnis,1,199.188,37361004,SGWI01_L.avi,24089,16.0593,2.787,1.323,1669.843,23.875,NA,AD,Passing
SGWI01_2101,Scorpididae,Scorpis,aequipinnis,1,262.526,37361004,SGWI01_L.avi,24089,16.0593,3.522,0.729,1668.279,28.329,NA,AD,Passing
SGWI01_2101,Monacanthidae,Meuschenia,hippocrepis,1,371.756,37465004,SGWI01_L.avi,24359,16.2393,0.951,3.861,862.304,17.37,m,AD,Feeding
SGWI01_2101,Labridae,Pictilabrus,laticlavius,1,157.851,37384020,SGWI01_L.avi,29153,19.4353,1.011,1,944.684,18.648,m,M,Passing
SGWI01_2101,Labridae,Notolabrus,tetricus,1,307.825,37384003,SGWI01_L.avi,36317,24.2113,5.416,1.56,1507.773,24.041,NA,AD,Passing
SGWI01_2101,Labridae,Notolabrus,tetricus,1,181.459,37384003,SGWI01_L.avi,36317,24.2113,0.963,3.209,846.425,25.804,NA,AD,Passing
SGWI01_2101,Labridae,Notolabrus,tetricus,1,261.578,37384003,SGWI01_L.avi,36317,24.2113,10.419,2.51,2683.759,24.146,NA,AD,Passing
SGWI02_2101,Kyphosidae,Kyphosus,sydneyanus,1,375.029,37361001,SGWI02_L.avi,4112,2.7413,5.259,5.797,1753.161,23.797,NA,AD,Passing
SGWI02_2101,Scorpididae,Tilodon,sexfasciatus,1,173.343,37361003,SGWI02_L.avi,4545,3.03,2.793,8.38,1129.165,35.487,NA,AD,Passing
SGWI02_2101,Ostraciidae,Anoplocapros,lenticularis,1,140.242,37466010,SGWI02_L.avi,4832,3.2213,2.12,1.56,2371.09,4.238,NA,AD,Passing
SGWI02_2101,Dinolestidae,Dinolestes,lewini,1,205.975,37327002,SGWI02_L.avi,6186,4.124,4.936,3.273,2115.562,14.662,NA,AD,Passing
SGWI02_2101,Dinolestidae,Dinolestes,lewini,1,206.24,37327002,SGWI02_L.avi,6186,4.124,11.601,5.503,2475.965,22.724,NA,AD,Passing
SGWI02_2101,Dinolestidae,Dinolestes,lewini,1,212.092,37327002,SGWI02_L.avi,6186,4.124,9.908,3.443,2641.923,24.416,NA,AD,Passing
SGWI02_2101,Dinolestidae,Dinolestes,lewini,1,192.006,37327002,SGWI02_L.avi,6186,4.124,10.269,0.727,2437.613,21.356,NA,AD,Passing
SGWI02_2101,Dinolestidae,Dinolestes,lewini,1,213.245,37327002,SGWI02_L.avi,6186,4.124,4.304,1.692,2149.143,19.307,NA,AD,Passing
SGWI02_2101,Dinolestidae,Dinolestes,lewini,1,215.582,37327002,SGWI02_L.avi,6186,4.124,3.311,1.428,2387.803,17.1,NA,AD,Passing
SGWI02_2101,Cheilodactylidae,Cheilodactylus,nigripes,1,312.243,37377001,SGWI02_L.avi,6827,4.5513,6.747,14.787,2344.753,30.12,NA,AD,Passing
SGWI02_2101,Monacanthidae,Meuschenia,hippocrepis,1,318.106,37465004,SGWI02_L.avi,8305,5.5367,1.377,4.741,1123.425,8.137,NA,AD,Passing
SGWI02_2101,Monacanthidae,Meuschenia,hippocrepis,1,363.622,37465004,SGWI02_L.avi,8311,5.5407,4.532,3.018,2346.091,13.808,NA,AD,Passing
SGWI02_2101,Monacanthidae,Meuschenia,flavolineata,1,327.998,37465035,SGWI02_L.avi,8711,5.8073,3.158,0.098,1336.175,15.513,NA,AD,Passing
SGWI02_2101,Pomacentridae,Parma,victoriae,1,206.956,37372006,SGWI02_L.avi,12925,8.6167,4.098,1.22,1904.108,29.124,NA,AD,Passing
SGWI02_2101,Plesiopidae,Paraplesiops,meleagris,1,264.417,37316009,SGWI02_L.avi,13637,9.0913,1.792,0.808,1367.848,19.093,NA,AD,Passing
SGWI02_2101,Serranidae,Othos,dentex,1,491.599,37311005,SGWI02_L.avi,32343,21.562,4.91,0.825,1910.105,10.744,NA,AD,Passing
SGWI02_2101,Scorpididae,Scorpis,aequipinnis,1,244.697,37361004,SGWI02_L.avi,33073,22.0487,2.754,12.407,1428.248,31.69,NA,AD,Passing
SGWI02_2101,Scorpididae,Scorpis,aequipinnis,1,180.154,37361004,SGWI02_L.avi,33073,22.0487,8.785,13.915,2090.127,18.647,NA,AD,Passing
SGWI02_2101,Scorpididae,Scorpis,aequipinnis,1,212.77,37361004,SGWI02_L.avi,33073,22.0487,4.305,6.859,2249.727,21.135,NA,AD,Passing
SGWI02_2101,Scorpididae,Scorpis,aequipinnis,1,344.271,37361004,SGWI02_L.avi,33073,22.0487,8.343,5.024,2295.369,19.066,NA,AD,Passing
SGWI02_2101,Labridae,Achoerodus,gouldii,1,470.241,37384002,SGWI02_L.avi,39354,26.236,3.954,1.259,1964.356,20.814,measure,AD,Passing
SGWI02_2101,Arripidae,Arripis,georgianus,1,146.937,37344001,SGWI02_L.avi,77497,51.6647,2.599,10.518,2316.954,16.818,NA,AD,Passing
SGWI02_2101,Arripidae,Arripis,georgianus,1,131.55,37344001,SGWI02_L.avi,77497,51.6647,3.599,7.857,2452.482,14.2,NA,AD,Passing
SGWI02_2101,Arripidae,Arripis,georgianus,1,166.513,37344001,SGWI02_L.avi,77497,51.6647,14.082,8.25,2541.893,19.226,NA,AD,Passing
SGWI02_2101,Arripidae,Arripis,georgianus,1,134.324,37344001,SGWI02_L.avi,77497,51.6647,4.273,3.413,2170.445,15.5,NA,AD,Passing
SGWI02_2101,Kyphosidae,Girella,zebra,1,373.461,37361008,SGWI02_L.avi,78564,52.376,3.143,3.148,1418.495,22.134,NA,AD,Passing
SGWI02_2101,Kyphosidae,Girella,zebra,1,281.313,37361008,SGWI02_L.avi,78564,52.376,4.653,2.279,1380.995,30.848,NA,AD,Passing
SGWI02_2101,Kyphosidae,Girella,zebra,1,246.781,37361008,SGWI02_L.avi,78564,52.376,2.086,4.425,1172.686,21.455,NA,AD,Passing
SGWI02_2101,Kyphosidae,Girella,zebra,1,215.985,37361008,SGWI02_L.avi,78564,52.376,3.065,3.305,1467.13,16.937,NA,AD,Passing
SGWI02_2101,Labridae,Notolabrus,tetricus,1,262.754,37384003,SGWI02_L.avi,80745,53.83,1.727,5.31,962.336,21.223,NA,AD,Passing
SGWI02_2101,Labridae,Notolabrus,tetricus,1,219.301,37384003,SGWI02_L.avi,80745,53.83,3.758,3.969,1854.084,22.232,NA,AD,Passing
SGWI02_2101,Labridae,Notolabrus,tetricus,1,263.202,37384003,SGWI02_L.avi,80745,53.83,4.146,1.012,1941.427,22.032,NA,AD,Passing
SGWI03_2101,Labridae,Achoerodus,gouldii,1,385.685,37384002,SGWI03_L.avi,3084,2.056,3.785,4.13,1915.174,17.476,NA,AD,Passing
SGWI03_2101,Pomacentridae,Parma,victoriae,1,284.415,37372006,SGWI03_L.avi,3405,2.27,7.203,1.759,1915.771,36.879,NA,AD,Passing
SGWI03_2101,Cheilodactylidae,Cheilodactylus,nigripes,1,330.303,37377001,SGWI03_L.avi,3946,2.6307,2.066,10.848,1072.738,32.388,NA,AD,Passing
SGWI03_2101,Labridae,Austrolabrus,maculatus,1,136.346,37384025,SGWI03_L.avi,4723,3.1487,2.132,3.445,1359.433,22.68,NA,AD,Passing
SGWI03_2101,Serranidae,Othos,dentex,1,561.919,37311005,SGWI03_L.avi,16461,10.974,1.932,10.075,1141.511,12.739,NA,AD,Passing
SGWI03_2101,Scorpididae,Tilodon,sexfasciatus,1,199.782,37361003,SGWI03_L.avi,17322,11.548,3.191,5.154,1515.54,26.001,NA,AD,Passing
SGWI03_2101,Scorpididae,Tilodon,sexfasciatus,1,182.83,37361003,SGWI03_L.avi,17322,11.548,3.583,2.363,1273.334,32.55,NA,AD,Passing
SGWI03_2101,Cheilodactylidae,Nemadactylus,valenciennesi,1,404.015,37377004,SGWI03_L.avi,30232,20.1547,6.099,1.597,1861.223,31.803,NA,AD,Passing
SGWI03_2101,Scorpididae,Scorpis,aequipinnis,1,241.536,37361004,SGWI03_L.avi,35841,23.894,0.591,3.816,554.587,9.842,NA,AD,Passing
SGWI03_2101,Scorpididae,Scorpis,aequipinnis,1,244.914,37361004,SGWI03_L.avi,35841,23.894,1.022,1.942,848.478,19.909,NA,AD,Passing
SGWI03_2101,Scorpididae,Scorpis,aequipinnis,1,235.618,37361004,SGWI03_L.avi,35841,23.894,1.212,1.297,949.269,11.59,NA,AD,Passing
SGWI03_2101,Scorpididae,Scorpis,aequipinnis,1,228.558,37361004,SGWI03_L.avi,35841,23.894,5.294,11.317,1596.522,28.465,NA,AD,Passing
SGWI03_2101,Scorpididae,Scorpis,aequipinnis,1,280.15,37361004,SGWI03_L.avi,35841,23.894,6.607,5.521,1821.971,21.629,NA,AD,Passing
SGWI03_2101,Kyphosidae,Kyphosus,sydneyanus,1,389.948,37361001,SGWI03_L.avi,40249,26.8327,1.01,5.22,909.252,20.203,NA,AD,Passing
SGWI03_2101,Kyphosidae,Kyphosus,sydneyanus,1,361.186,37361001,SGWI03_L.avi,40249,26.8327,1.332,2.996,988.336,27.09,NA,AD,Passing
SGWI03_2101,Kyphosidae,Kyphosus,sydneyanus,1,351.11,37361001,SGWI03_L.avi,40249,26.8327,2.875,3.638,1205.412,19.463,NA,AD,Passing
SGWI03_2101,Kyphosidae,Kyphosus,sydneyanus,1,286.456,37361001,SGWI03_L.avi,40249,26.8327,1.976,4.859,1272.073,22.693,NA,AD,Passing
SGWI03_2101,Kyphosidae,Kyphosus,sydneyanus,1,392.643,37361001,SGWI03_L.avi,40249,26.8327,1.307,6.676,1167.76,25.122,NA,AD,Passing
SGWI03_2101,Serranidae,Caesioperca,rasor,1,241.937,99378025,SGWI03_L.avi,48383,32.2553,15.494,6.411,3007.646,28.436,NA,AD,Passing
SGWI03_2101,Labridae,Notolabrus,parilus,1,347.222,99379455,SGWI03_L.avi,53340,35.56,2.508,12.477,1242.574,27.788,NA,AD,Passing
SGWI03_2101,Labridae,Notolabrus,tetricus,1,240.043,37384003,SGWI03_L.avi,65949,43.966,6.348,20.58,2217.485,33.474,NA,AD,Passing
SGWI03_2101,Labridae,Notolabrus,tetricus,1,409.643,37384003,SGWI03_L.avi,65949,43.966,7.917,4.55,2041.63,30.876,NA,AD,Passing
SGWI03_2101,Labridae,Notolabrus,tetricus,1,216.909,37384003,SGWI03_L.avi,65951,43.9673,1.731,1.614,1413.426,19.945,NA,AD,Passing
SGWI03_2101,Monacanthidae,Meuschenia,hippocrepis,1,358.594,37465004,SGWI03_L.avi,71747,47.8313,1.377,2.156,1140.618,22.49,NA,AD,Passing
SGWI04_2101,Cheilodactylidae,Dactylophora,nigricans,1,330.415,37377005,SGWI04_L.avi,4566,3.044,5.654,24.591,2327.4,13.207,NA,AD,Passing
SGWI04_2101,Kyphosidae,Girella,zebra,1,322.639,37361008,SGWI04_L.avi,6617,4.4113,5.411,29.861,1779.476,10.373,NA,AD,Passing
SGWI04_2101,Kyphosidae,Girella,zebra,1,254.147,37361008,SGWI04_L.avi,6617,4.4113,2.326,30.212,1737.112,16.415,NA,AD,Passing
SGWI04_2101,Kyphosidae,Girella,zebra,1,245.558,37361008,SGWI04_L.avi,6617,4.4113,2.775,28.502,2027.441,33.923,NA,AD,Passing
SGWI04_2101,Cheilodactylidae,Cheilodactylus,nigripes,1,363.812,37377001,SGWI04_L.avi,7664,5.1093,2.433,27.066,1846.855,18.11,NA,AD,Passing
SGWI04_2101,Sillaginidae,Sillaginodes,punctatus,1,382.486,37330001,SGWI04_L.avi,8685,5.79,4.211,31.014,1988.617,13.821,NA,AD,Passing
SGWI04_2101,Sillaginidae,Sillaginodes,punctatus,1,321.612,37330001,SGWI04_L.avi,8687,5.7913,3.681,32.446,1797.426,25.569,NA,AD,Passing
SGWI04_2101,Labridae,Olisthops,cyanomelas,1,337.269,37385001,SGWI04_L.avi,10519,7.0127,2.97,33.348,1720.933,29.509,NA,AD,Passing
SGWI04_2101,Monacanthidae,Acanthaluteres,brownii,1,213.973,37465001,SGWI04_L.avi,15988,10.6587,3.115,31.502,1963.574,35.49,NA,AD,Passing
SGWI04_2101,Labridae,Notolabrus,tetricus,1,186.179,37384003,SGWI04_L.avi,16710,11.14,1.641,44.516,1096.616,27.873,NA,AD,Passing
SGWI04_2101,Labridae,Notolabrus,tetricus,1,275.73,37384003,SGWI04_L.avi,16717,11.1447,1.591,36.855,1312.454,6.842,NA,AD,Passing
SGWI04_2101,Labridae,Notolabrus,parilus,1,248.687,99379455,SGWI04_L.avi,18990,12.66,1.164,38.827,1088.64,19.212,NA,AD,Passing
SGWI04_2101,Scorpididae,Scorpis,aequipinnis,1,287.551,37361004,SGWI04_L.avi,21522,14.348,2.781,24.233,2154.524,17.182,NA,AD,Passing
SGWI04_2101,Scorpididae,Scorpis,aequipinnis,1,211.165,37361004,SGWI04_L.avi,21522,14.348,2.506,25.941,1802.138,22.219,NA,AD,Passing
SGWI04_2101,Scorpididae,Scorpis,aequipinnis,1,214.83,37361004,SGWI04_L.avi,21522,14.348,1.848,39.897,1222.668,21.837,NA,AD,Passing
SGWI04_2101,Scorpididae,Scorpis,aequipinnis,1,129.234,37361004,SGWI04_L.avi,21522,14.348,1.868,44.757,1074.024,26.575,NA,AD,Passing
SGWI04_2101,Labridae,Pictilabrus,laticlavius,1,110.988,37384020,SGWI04_L.avi,47247,31.498,8.055,5.781,3069.244,27.36,NA,AD,Passing
SGWI04_2101,Sphyraenidae,Sphyraena,novaehollandiae,1,440.374,37382002,SGWI04_L.avi,86077,57.3847,17.729,15.595,3217.446,25.492,NA,AD,Passing
SGWO01_2101,Scorpididae,Tilodon,sexfasciatus,1,197.419,37361003,SGWO01_L.avi,2844,1.896,3.197,0.922,1318.477,36.044,NA,AD,Passing
SGWO01_2101,Scorpididae,Tilodon,sexfasciatus,1,161.84,37361003,SGWO01_L.avi,2892,1.928,6.434,3.556,1956.391,28.342,NA,AD,Passing
SGWO01_2101,Kyphosidae,Kyphosus,sydneyanus,1,341.086,37361001,SGWO01_L.avi,2951,1.9673,5.333,2.777,2006.627,35.326,NA,AD,Passing
SGWO01_2101,Labridae,Austrolabrus,maculatus,1,85.355,37384025,SGWO01_L.avi,4858,3.2387,6.795,2.918,1790.538,14.733,NA,AD,Passing
SGWO01_2101,Octopodidae,Macroctopus,maorum,1,838.42,23659003,SGWO01_L.avi,7293,4.862,3.908,16.034,1992.027,7.858,NA,AD,Passing
SGWO01_2101,Sphyraenidae,Sphyraena,novaehollandiae,1,540.445,37382002,SGWO01_L.avi,11028,7.352,8.043,1.985,2006.19,27.123,NA,AD,Passing
SGWO01_2101,Pomacentridae,Parma,victoriae,1,183.661,37372006,SGWO01_L.avi,11421,7.614,9.77,3.112,2237.04,29.609,NA,AD,Passing
SGWO01_2101,Labridae,Pictilabrus,laticlavius,1,184.443,37384020,SGWO01_L.avi,15641,10.4273,3.657,0.183,1262.448,29.969,NA,AD,Passing
SGWO01_2101,Labridae,Pictilabrus,laticlavius,1,195.959,37384020,SGWO01_L.avi,15650,10.4333,1.396,1.286,1047.055,11.763,NA,AD,Passing
SGWO01_2101,Labridae,Pictilabrus,laticlavius,1,214.332,37384020,SGWO01_L.avi,15664,10.4427,7.22,3.49,1879.046,34.8,NA,AD,Passing
SGWO01_2101,Labridae,Pictilabrus,laticlavius,1,183.434,37384020,SGWO01_L.avi,15667,10.4447,3.827,1.486,1375.52,36.532,NA,AD,Passing
SGWO01_2101,Labridae,Notolabrus,tetricus,1,220.284,37384003,SGWO01_L.avi,16496,10.9973,5.16,1.107,1864.608,30.131,NA,AD,Passing
SGWO01_2101,Labridae,Notolabrus,tetricus,1,128.041,37384003,SGWO01_L.avi,16517,11.0113,3.217,1.895,1219.005,29.864,NA,AD,Passing
SGWO01_2101,Labridae,Notolabrus,parilus,1,252.153,99379455,SGWO01_L.avi,21002,14.0013,7.591,5.388,1996.968,24.929,NA,AD,Passing
SGWO01_2101,Kyphosidae,Girella,zebra,1,248.23,37361008,SGWO01_L.avi,23249,15.4993,5.899,6.745,1605.647,20.187,NA,AD,Passing
SGWO01_2101,Mullidae,Upeneichthys,vlamingii,1,181.769,37355029,SGWO01_L.avi,23272,15.5147,8.627,1.063,2105.838,26.843,NA,AD,Passing
SGWO01_2101,Labridae,Achoerodus,gouldii,1,334.33,37384002,SGWO01_L.avi,23333,15.5553,2.303,4.374,1713.994,18.711,NA,AD,Passing
SGWO01_2101,Kyphosidae,Girella,zebra,1,280.075,37361008,SGWO01_L.avi,23399,15.5993,3.956,3.184,1713.599,36.239,NA,AD,Passing
SGWO01_2101,Monacanthidae,Acanthaluteres,brownii,1,314.026,37465001,SGWO01_L.avi,23494,15.6627,10.274,4.897,3040.516,27.319,NA,AD,Passing
SGWO01_2101,Arripidae,Arripis,truttaceus,1,391.582,37344004,SGWO01_L.avi,36480,24.32,8.036,7.076,2183.866,13.969,NA,AD,Passing
SGWO01_2101,Scorpididae,Scorpis,aequipinnis,1,171.377,37361004,SGWO01_L.avi,41974,27.9827,3.284,3.724,1837.456,14.395,NA,AD,Passing
SGWO01_2101,Scorpididae,Scorpis,aequipinnis,1,153.786,37361004,SGWO01_L.avi,42005,28.0033,2.438,2.547,1822.422,10.505,NA,AD,Passing
SGWO01_2101,Scorpididae,Scorpis,aequipinnis,1,164.159,37361004,SGWO01_L.avi,42008,28.0053,1.642,4.577,1122.714,10.917,NA,AD,Passing
SGWO01_2101,Scorpididae,Scorpis,aequipinnis,1,142.417,37361004,SGWO01_L.avi,42035,28.0233,0.9,7.171,880.123,18.085,NA,AD,Passing
SGWO01_2101,Monacanthidae,Meuschenia,freycineti,1,284.515,37465036,SGWO01_L.avi,46262,30.8413,0.977,2.384,633.737,27.319,NA,AD,Passing
SGWO01_2101,Labridae,Notolabrus,tetricus,1,195.511,37384003,SGWO01_L.avi,62042,41.3613,1.615,1.912,874.547,11.66,NA,F,Feeding
SGWO01_2101,Labridae,Notolabrus,tetricus,1,226.897,37384003,SGWO01_L.avi,62042,41.3613,4.833,1.856,1540.562,34.437,NA,F,Feeding
SGWO01_2101,Trachyleberididae,Actinocythereis,tetrica,1,212.621,27167001,SGWO01_L.avi,62071,41.3807,0.996,4.083,802.69,23.23,NA,F,Feeding
SGWO01_2101,Monacanthidae,Meuschenia,hippocrepis,1,143.613,37465004,SGWO01_L.avi,69048,46.032,2.343,1.744,1267.581,19.682,NA,AD,Passing
SGWO01_2101,Monacanthidae,Meuschenia,hippocrepis,1,158.785,37465004,SGWO01_L.avi,69132,46.088,1.613,1.182,899.641,18.592,NA,AD,Passing
SGWO01_2101,Monacanthidae,Meuschenia,hippocrepis,1,224.435,37465004,SGWO01_L.avi,69132,46.088,2.595,5.79,1220.477,11.079,NA,AD,Passing
SGWO01_2101,Monacanthidae,Meuschenia,hippocrepis,1,149.013,37465004,SGWO01_L.avi,69132,46.088,1.03,2.79,1074.257,8.145,NA,AD,Passing
SGWO01_2101,Monacanthidae,Meuschenia,hippocrepis,1,142.15,37465004,SGWO01_L.avi,69166,46.1107,1.724,4.637,1068.108,29.299,NA,AD,Passing
SGWO01_2101,Monacanthidae,Meuschenia,hippocrepis,1,211.95,37465004,SGWO01_L.avi,69176,46.1173,1.809,3.322,1302.298,15.281,NA,AD,Passing
SGWO01_2101,Monacanthidae,Meuschenia,hippocrepis,1,137.716,37465004,SGWO01_L.avi,69176,46.1173,1.696,0.637,1105.464,10.599,NA,AD,Passing
SGWO01_2101,Cheilodactylidae,Dactylophora,nigricans,1,466.015,37377005,SGWO01_L.avi,75219,50.146,13.737,13.459,3018,7.729,measure?,AD,Passing
SGWO01_2101,Labridae,Olisthops,cyanomelas,1,360.864,37385001,SGWO01_L.avi,75517,50.3447,7.264,10.712,2193.043,34.142,measure?,AD,Passing
SGWO01_2101,Labridae,Olisthops,cyanomelas,1,297.194,37385001,SGWO01_L.avi,75537,50.358,5.311,6.384,1992.441,36.476,measure?,AD,Passing
SGWO01_2101,Sillaginidae,Sillaginodes,punctatus,1,335.667,37330001,SGWO01_L.avi,82903,55.2687,8.588,2.496,2252.093,23.249,NA,AD,Passing
SGWO01_2101,Monacanthidae,Acanthaluteres,brownii,1,260.107,37465001,SGWO01_L.avi,84932,56.6213,10.666,2.628,2214.32,19.194,NA,AD,Passing
SGWO01_2101,Monacanthidae,Acanthaluteres,brownii,1,262.623,37465001,SGWO01_L.avi,84932,56.6213,17.395,8.557,2756.586,17.72,NA,AD,Passing
SGWO02_2101,Scorpididae,Tilodon,sexfasciatus,1,210.27,37361003,SGWO02_L.avi,7518,5.012,3.32,2.719,1534.1,27.393,facing up,AD,Passing
SGWO02_2101,Labridae,Achoerodus,gouldii,1,334.895,37384002,SGWO02_L.avi,15324,10.216,8.283,4.323,2836.666,22.889,facing up,AD,Passing
SGWO02_2101,Monacanthidae,Meuschenia,hippocrepis,1,150.233,37465004,SGWO02_L.avi,19477,12.9847,2.371,2.145,1260.069,25.793,facing up,AD,Passing
SGWO02_2101,Monacanthidae,Meuschenia,hippocrepis,1,155.391,37465004,SGWO02_L.avi,19602,13.068,1.368,1.396,970.659,19.187,facing up,AD,Passing
SGWO02_2101,Monacanthidae,Meuschenia,freycineti,1,202.283,37465036,SGWO02_L.avi,21511,14.3407,1.057,1.121,801.974,34.686,facing up,AD,Passing
SGWO02_2101,Cheilodactylidae,Dactylophora,nigricans,1,520.784,37377005,SGWO02_L.avi,24206,16.1373,7.074,6.275,2458.363,25.174,facing up,AD,Passing
SGWO02_2101,Labridae,Pictilabrus,laticlavius,1,199.769,37384020,SGWO02_L.avi,49524,33.016,4.761,7.579,1884.382,36.404,facing up,AD,Passing
SGWO02_2101,Labridae,Notolabrus,tetricus,1,202.199,37384003,SGWO02_L.avi,49740,33.16,2.269,2.525,1452.255,23.802,facing up,AD,Passing
SGWO02_2101,Labridae,Notolabrus,tetricus,1,195.976,37384003,SGWO02_L.avi,49744,33.1627,4.505,5.867,2094.102,24.604,facing up,AD,Passing
SGWO02_2101,Labridae,Notolabrus,tetricus,1,255.648,37384003,SGWO02_L.avi,49751,33.1673,2.561,2.731,1639.448,5.921,facing up,AD,Passing
SGWO02_2101,Labridae,Pictilabrus,laticlavius,1,223.839,37384020,SGWO02_L.avi,49890,33.26,5.883,3.465,1727.414,23.362,facing up,AD,Passing
SGWO02_2101,Sillaginidae,Sillaginodes,punctatus,1,469.501,37330001,SGWO02_L.avi,54258,36.172,10.794,8.15,2203.577,30.936,facing up,AD,Passing
SGWO02_2101,Arripidae,Arripis,truttaceus,1,541.861,37344004,SGWO02_L.avi,60562,40.3747,28.445,4.972,3955.952,11.196,facing up,AD,Passing
SGWO02_2101,Arripidae,Arripis,truttaceus,1,503.464,37344004,SGWO02_L.avi,60562,40.3747,20.672,7.122,3742.292,15.59,facing up,AD,Passing
SGWO02_2101,Arripidae,Arripis,truttaceus,1,517.637,37344004,SGWO02_L.avi,60562,40.3747,35.388,6.368,4827.22,17.065,facing up,AD,Passing
SGWO02_2101,Arripidae,Arripis,truttaceus,1,446.901,37344004,SGWO02_L.avi,60562,40.3747,21.022,5.568,4125.589,19.444,facing up,AD,Passing
SGWO02_2101,Arripidae,Arripis,truttaceus,1,483.155,37344004,SGWO02_L.avi,60587,40.3913,12.072,11.605,4697.391,16.922,facing up,AD,Passing
SGWO02_2101,Arripidae,Arripis,truttaceus,1,553.667,37344004,SGWO02_L.avi,60587,40.3913,49.655,3.278,6023.744,16.586,facing up,AD,Passing
SGWO02_2101,Arripidae,Arripis,truttaceus,1,547.619,37344004,SGWO02_L.avi,60587,40.3913,34.501,3.002,4282.254,1.666,facing up,AD,Passing
SGWO02_2101,Cheilodactylidae,Cheilodactylus,nigripes,1,293.389,37377001,SGWO02_L.avi,61575,41.05,2.009,2.196,1138.18,32.671,facing up,AD,Passing
SGWO02_2101,Scorpididae,Scorpis,aequipinnis,1,253.101,37361004,SGWO02_L.avi,61630,41.0867,1.681,0.907,1627.7,12.475,facing up,AD,Passing
SGWO02_2101,Scorpididae,Scorpis,aequipinnis,1,239.812,37361004,SGWO02_L.avi,61630,41.0867,1.273,0.455,1179.054,23.883,facing up,AD,Passing
SGWO02_2101,Kyphosidae,Kyphosus,sydneyanus,1,397.603,37361001,SGWO02_L.avi,72817,48.5447,8.939,1.882,2739.092,17.689,facing up,AD,Passing
SGWO02_2101,Kyphosidae,Girella,zebra,1,265.464,37361008,SGWO02_L.avi,76559,51.0393,4.966,2.869,2408.714,26.013,facing up,AD,Passing
SGWO02_2101,Kyphosidae,Girella,zebra,1,218.819,37361008,SGWO02_L.avi,76559,51.0393,7.996,3.687,2396.672,24.744,facing up,AD,Passing
SGWO02_2101,Kyphosidae,Girella,zebra,1,225.207,37361008,SGWO02_L.avi,76559,51.0393,5.543,5.5,2390.166,29.668,facing up,AD,Passing
SGWO02_2101,Kyphosidae,Girella,zebra,1,232.397,37361008,SGWO02_L.avi,76559,51.0393,5.687,3.114,2278.452,20.124,facing up,AD,Passing
SGWO02_2101,Kyphosidae,Girella,zebra,1,189.862,37361008,SGWO02_L.avi,76559,51.0393,4.58,6.961,2823.874,18.458,facing up,AD,Passing
SGWO02_2101,Kyphosidae,Girella,zebra,1,204.785,37361008,SGWO02_L.avi,76559,51.0393,2.478,3.503,2023.526,21.858,facing up,AD,Passing
SGWO02_2101,Kyphosidae,Girella,zebra,1,218.313,37361008,SGWO02_L.avi,76559,51.0393,9.511,1.941,2178.786,19.494,facing up,AD,Passing
SGWO02_2101,Kyphosidae,Girella,zebra,1,210.548,37361008,SGWO02_L.avi,76559,51.0393,11.058,4.607,2484.626,16.268,facing up,AD,Passing
SGWO02_2101,Kyphosidae,Girella,zebra,1,218.315,37361008,SGWO02_L.avi,76559,51.0393,8.018,3.719,2586.615,32.118,facing up,AD,Passing
SGWO02_2101,Kyphosidae,Girella,zebra,1,225.885,37361008,SGWO02_L.avi,76559,51.0393,7.483,3.493,2154.548,21.883,facing up,AD,Passing
SGWO03_2101,Labridae,Notolabrus,tetricus,1,178.936,37384003,SGWO03_L.avi,33930,22.62,1.928,0.66,892.882,30.022,facing up,AD,Passing
SGWO03_2101,Labridae,Notolabrus,tetricus,1,211.917,37384003,SGWO03_L.avi,33975,22.65,4.176,0.532,1558.566,22.335,facing up,AD,Passing
SGWO03_2101,Labridae,Notolabrus,tetricus,1,212.595,37384003,SGWO03_L.avi,33975,22.65,2.523,0.28,1492.616,17.686,facing up,AD,Passing
SGWO03_2101,Labridae,Notolabrus,tetricus,1,192.012,37384003,SGWO03_L.avi,33975,22.65,3.231,0.507,1567.603,23.275,facing up,AD,Passing
SGWO03_2101,Labridae,Pictilabrus,laticlavius,1,168.256,37384020,SGWO03_L.avi,38113,25.4087,0.715,0.829,773.89,25.81,facing up,AD,Passing
SGWO03_2101,Scorpididae,Scorpis,aequipinnis,1,150.746,37361004,SGWO03_L.avi,48391,32.2607,2.04,0.746,1449.468,23.05,facing up,AD,Passing
SGWO03_2101,Scorpididae,Scorpis,aequipinnis,1,143.623,37361004,SGWO03_L.avi,48391,32.2607,1.744,3.596,1321.445,14.156,facing up,AD,Passing
SGWO03_2101,Scorpididae,Scorpis,aequipinnis,1,180.702,37361004,SGWO03_L.avi,48405,32.27,1.995,0.33,1366.439,22.981,facing up,AD,Passing
SGWO03_2101,Scorpididae,Scorpis,aequipinnis,1,245.707,37361004,SGWO03_L.avi,48474,32.316,2.098,1.338,1153.151,29.883,facing up,AD,Passing
SGWO03_2101,Kyphosidae,Kyphosus,sydneyanus,1,391.845,37361001,SGWO03_L.avi,52637,35.0913,35.149,1.943,5176.171,28.342,facing up,AD,Passing
SGWO03_2101,Monacanthidae,Meuschenia,hippocrepis,1,152.022,37465004,SGWO03_L.avi,64472,42.9813,1.119,1.35,886.284,26.582,facing up,AD,Passing
SGWO03_2101,Kyphosidae,Girella,zebra,1,234.805,37361008,SGWO03_L.avi,70066,46.7107,3.784,0.988,1818.208,31.886,facing up,AD,Passing
SGWO03_2101,Arripidae,Arripis,truttaceus,1,566.392,37344004,SGWO03_L.avi,70269,46.846,7.427,5.626,3608.51,8.003,facing up,AD,Passing
SGWO03_2101,Arripidae,Arripis,truttaceus,1,547.515,37344004,SGWO03_L.avi,70269,46.846,12.614,2.656,3685.988,3.662,facing up,AD,Passing
SGWO03_2101,Arripidae,Arripis,truttaceus,1,536.65,37344004,SGWO03_L.avi,70269,46.846,5.916,2.341,3666.203,2.47,facing up,AD,Passing
SGWO03_2101,Arripidae,Arripis,truttaceus,1,521.406,37344004,SGWO03_L.avi,70269,46.846,11.488,5.162,3544.966,18.116,facing up,AD,Passing
SGWO03_2101,Arripidae,Arripis,truttaceus,1,563.14,37344004,SGWO03_L.avi,70269,46.846,21.891,3.907,4593.959,13.685,facing up,AD,Passing
SGWO03_2101,Arripidae,Arripis,truttaceus,1,502.25,37344004,SGWO03_L.avi,70297,46.8647,12.72,1.232,3675.237,15.796,facing up,AD,Passing
SGWO03_2101,Arripidae,Arripis,truttaceus,1,524.231,37344004,SGWO03_L.avi,70297,46.8647,17.918,5.582,3610.415,8.064,facing up,AD,Passing
SGWO03_2101,Arripidae,Arripis,truttaceus,1,567.876,37344004,SGWO03_L.avi,70297,46.8647,22.738,9.604,3796.874,2.957,facing up,AD,Passing
SGWO03_2101,Arripidae,Arripis,truttaceus,1,533.585,37344004,SGWO03_L.avi,70297,46.8647,14.35,4.437,3799.561,10.669,facing up,AD,Passing
SGWO03_2101,Arripidae,Arripis,truttaceus,1,519.874,37344004,SGWO03_L.avi,70297,46.8647,9.443,2.272,3569.918,10.112,facing up,AD,Passing
SGWO03_2101,Labridae,Notolabrus,tetricus,1,412.222,37384003,SGWO03_L.avi,72755,48.5033,28.57,1.662,4044.982,24.813,facing up,M,Passing
SGWO03_2101,Monacanthidae,Meuschenia,hippocrepis,1,145.719,37465004,SGWO03_L.avi,91403,60.9353,1.69,0.241,1051.727,24.885,facing up,AD,Passing
SGWO04_2101,Labridae,Achoerodus,gouldii,1,350.219,37384002,SGWO04_L.avi,9471,6.314,4.198,2.719,1961.349,24.284,measure,AD,Attracted
SGWO04_2101,Cheilodactylidae,Cheilodactylus,nigripes,1,271.131,37377001,SGWO04_L.avi,12485,8.3233,2.408,1.242,1410.299,30.317,NA,AD,Passing
SGWO04_2101,Pomacentridae,Parma,victoriae,1,184.859,37372006,SGWO04_L.avi,15851,10.5673,2.726,3.859,1483.01,31.414,NA,AD,Passing
SGWO04_2101,Labridae,Notolabrus,tetricus,1,151.964,37384003,SGWO04_L.avi,20863,13.9087,3.511,0.707,1683.701,34.836,NA,AD,Passing
SGWO04_2101,Labridae,Notolabrus,tetricus,1,206.693,37384003,SGWO04_L.avi,20882,13.9213,0.947,0.346,871.336,17.092,NA,AD,Passing
SGWO04_2101,Kyphosidae,Girella,zebra,1,168.366,37361008,SGWO04_L.avi,24704,16.4693,2.69,1.039,1439.38,31.429,NA,AD,Attracted
SGWO04_2101,Kyphosidae,Girella,zebra,1,126.224,37361008,SGWO04_L.avi,24704,16.4693,2.932,4.269,1334.116,31.957,NA,AD,Attracted
SGWO04_2101,Kyphosidae,Girella,zebra,1,137.329,37361008,SGWO04_L.avi,24704,16.4693,2.269,0.638,1418.373,30.181,NA,AD,Attracted
SGWO04_2101,Kyphosidae,Girella,zebra,1,153.242,37361008,SGWO04_L.avi,24711,16.474,2.461,1.331,1452.33,21.18,NA,AD,Attracted
SGWO04_2101,Labridae,Notolabrus,tetricus,1,334.397,37384003,SGWO04_L.avi,24879,16.586,2.836,3.715,1372.372,28.581,measure,M,Passing
SGWO04_2101,Arripidae,Arripis,georgianus,1,169.241,37344001,SGWO04_L.avi,27555,18.37,10.105,0.774,2743.666,4.029,NA,AD,Passing
SGWO04_2101,Labridae,Notolabrus,parilus,1,113.265,99379455,SGWO04_L.avi,35129,23.4193,1.768,1.583,1243.013,33.473,NA,AD,Passing
SGWO04_2101,Labridae,Pictilabrus,laticlavius,1,176.854,37384020,SGWO04_L.avi,40942,27.2947,2.13,0.157,939.512,18.945,measure,AD,Passing
SGWO04_2101,Monacanthidae,Meuschenia,hippocrepis,1,304.559,37465004,SGWO04_L.avi,56829,37.886,2.482,0.128,1314.927,5.586,NA,AD,Passing
SGWO04_2101,Monacanthidae,Meuschenia,hippocrepis,1,223.939,37465004,SGWO04_L.avi,56829,37.886,3.383,1.084,1685.242,25.695,NA,AD,Passing
SGWO04_2101,Monacanthidae,Meuschenia,hippocrepis,1,126.255,37465004,SGWO04_L.avi,56829,37.886,2.195,1.395,1436.528,22.772,NA,AD,Passing
SGWO04_2101,Monacanthidae,Meuschenia,hippocrepis,1,143.996,37465004,SGWO04_L.avi,56853,37.902,2.316,0.463,1005.629,19.641,NA,AD,Passing
SGWO04_2101,Monacanthidae,Meuschenia,hippocrepis,1,163.539,37465004,SGWO04_L.avi,56853,37.902,1.871,1.058,917.611,19.246,NA,AD,Passing
SGWO04_2101,Monacanthidae,Meuschenia,hippocrepis,1,105.913,37465004,SGWO04_L.avi,56853,37.902,2.602,0.601,1059.245,12.061,NA,AD,Passing
SGWO04_2101,Monacanthidae,Meuschenia,hippocrepis,1,138.149,37465004,SGWO04_L.avi,56892,37.928,2.139,0.555,864.347,9.989,NA,AD,Passing
SGWO04_2101,Scorpididae,Scorpis,aequipinnis,1,152.789,37361004,SGWO04_L.avi,58938,39.292,3.054,2.177,1327.922,27.22,mesure if required,AD,Passing
SGWO04_2101,Scorpididae,Scorpis,aequipinnis,1,144.777,37361004,SGWO04_L.avi,58938,39.292,3.857,0.187,1507.088,18.854,mesure if required,AD,Passing
SGWO04_2101,Scorpididae,Scorpis,aequipinnis,1,157.926,37361004,SGWO04_L.avi,58938,39.292,1.287,0.491,1321.182,7.235,mesure if required,AD,Passing
SGWO04_2101,Scorpididae,Scorpis,aequipinnis,1,154.477,37361004,SGWO04_L.avi,58938,39.292,1.569,2.683,1011.135,4.976,mesure if required,AD,Passing
SGWO04_2101,Scorpididae,Scorpis,aequipinnis,1,172.909,37361004,SGWO04_L.avi,58938,39.292,3.016,0.57,1604.116,10.038,mesure if required,AD,Passing
SGWO04_2101,Labridae,Olisthops,cyanomelas,1,298.795,37385001,SGWO04_L.avi,64873,43.2487,12.719,1.781,2533.588,27.52,measure,AD,Passing
SGWO04_2101,Loliginidae,Sepioteuthis,australis,1,215.501,23617005,SGWO04_L.avi,65699,43.7993,8.288,3.235,3124.135,21.091,NA,AD,Passing
SGWO04_2101,Monacanthidae,Meuschenia,flavolineata,1,117.672,37465035,SGWO04_L.avi,79047,52.698,2.428,4.652,1248.775,26.97,NA,AD,Passing
SGWO04_2101,Monacanthidae,Meuschenia,flavolineata,1,114.182,37465035,SGWO04_L.avi,79120,52.7467,3.483,4.089,1460.525,32.895,NA,AD,Passing
