campaignid,opcode,level_1,level_2,level_3,level_4,level_5,family,genus,species,caab_code,count
2020-10_south-west_stereo-BRUVs,FH10,Physical,Consolidated,Rock,Turf mat,Open,NA,NA,NA,82001002,12
2020-10_south-west_stereo-BRUVs,FH10,Biota,Macroalgae,Erect course branching,Brown,Open,NA,NA,NA,80300904,6
2020-10_south-west_stereo-BRUVs,FH10,Biota,Macroalgae,Erect fine branching,Red,Open,NA,NA,NA,80300910,7
2020-10_south-west_stereo-BRUVs,FH10,Biota,Open Water,NA,NA,Open,NA,NA,NA,1,6
2020-10_south-west_stereo-BRUVs,FH10,Biota,Seagrasses,Strap-like leaves,Thalassodendrum sp.,Open,Cymodoceaceae,Thalassodendron,spp,63618905,5
2020-10_south-west_stereo-BRUVs,FH10,Biota,Sponges,Massive forms,NA,Open,NA,NA,NA,10000903,1
2020-10_south-west_stereo-BRUVs,FH10,Physical,Unconsolidated,Sand,mud (coarse sand),Open,NA,NA,NA,82001014,1
2020-10_south-west_stereo-BRUVs,FH10,Biota,Unknown,NA,NA,Limited,NA,NA,NA,1,2
2020-10_south-west_stereo-BRUVs,FH102,Biota,Open Water,NA,NA,Open,NA,NA,NA,1,3
2020-10_south-west_stereo-BRUVs,FH102,Physical,Unconsolidated,Sand,mud (coarse sand),Open,NA,NA,NA,82001014,35
2020-10_south-west_stereo-BRUVs,FH102,Biota,Unknown,NA,NA,Limited,NA,NA,NA,1,2
2020-10_south-west_stereo-BRUVs,FH106,Physical,Consolidated,Rock,No biota,Open,NA,NA,NA,82001002,4
2020-10_south-west_stereo-BRUVs,FH106,Physical,Consolidated,Rock,Turf mat,Open,NA,NA,NA,82001002,2
2020-10_south-west_stereo-BRUVs,FH106,Biota,Macroalgae,Erect course branching,Brown,Open,NA,NA,NA,80300904,4
2020-10_south-west_stereo-BRUVs,FH106,Biota,Macroalgae,Erect fine branching,Red,Open,NA,NA,NA,80300910,11
2020-10_south-west_stereo-BRUVs,FH106,Biota,Macroalgae,Filamentous and filiform,NA,Open,NA,NA,NA,80300930,1
2020-10_south-west_stereo-BRUVs,FH106,Biota,Macroalgae,Large canopy-forming,Ecklonia radiata,Open,Lessoniaceae,Ecklonia,radiata,54079009,3
2020-10_south-west_stereo-BRUVs,FH106,Biota,Open Water,NA,NA,Open,NA,NA,NA,1,5
2020-10_south-west_stereo-BRUVs,FH106,Physical,Unconsolidated,Sand,mud (coarse sand),Open,NA,NA,NA,82001014,6
2020-10_south-west_stereo-BRUVs,FH106,Biota,Unknown,NA,NA,Limited,NA,NA,NA,1,3
2020-10_south-west_stereo-BRUVs,FH106,Biota,Unknown,NA,NA,Open,NA,NA,NA,1,1
2020-10_south-west_stereo-BRUVs,FH108,Biota,Ascidians,NA,NA,Open,NA,NA,NA,35000000,1
2020-10_south-west_stereo-BRUVs,FH108,Physical,Consolidated,Rock,Turf mat,Open,NA,NA,NA,82001002,2
2020-10_south-west_stereo-BRUVs,FH108,Biota,Macroalgae,Erect course branching,Brown,Open,NA,NA,NA,80300904,1
2020-10_south-west_stereo-BRUVs,FH108,Biota,Macroalgae,Erect course branching,Green,Open,NA,NA,NA,80300905,4
2020-10_south-west_stereo-BRUVs,FH108,Biota,Macroalgae,Erect fine branching,Red,Open,NA,NA,NA,80300910,9
2020-10_south-west_stereo-BRUVs,FH108,Biota,Macroalgae,Filamentous and filiform,NA,Open,NA,NA,NA,80300930,1
2020-10_south-west_stereo-BRUVs,FH108,Biota,Open Water,NA,NA,Open,NA,NA,NA,1,1
2020-10_south-west_stereo-BRUVs,FH108,Physical,Unconsolidated,Sand,mud (coarse sand),Open,NA,NA,NA,82001014,14
2020-10_south-west_stereo-BRUVs,FH108,Biota,Unknown,NA,NA,Limited,NA,NA,NA,1,3
2020-10_south-west_stereo-BRUVs,FH108,Biota,Unknown,NA,NA,Open,NA,NA,NA,1,4
2020-10_south-west_stereo-BRUVs,FH109,Physical,Consolidated,Cobbles,Turf mat,NA,NA,NA,NA,82001004,4
2020-10_south-west_stereo-BRUVs,FH109,Biota,Macroalgae,Erect fine branching,Red,Open,NA,NA,NA,80300910,1
2020-10_south-west_stereo-BRUVs,FH109,Biota,Macroalgae,Large canopy-forming,Ecklonia radiata,Open,Lessoniaceae,Ecklonia,radiata,54079009,1
2020-10_south-west_stereo-BRUVs,FH109,Biota,Macroalgae,Small mixed,NA,Open,NA,NA,NA,80300000,8
2020-10_south-west_stereo-BRUVs,FH109,Biota,Open Water,NA,NA,Open,NA,NA,NA,1,1
2020-10_south-west_stereo-BRUVs,FH109,Biota,Seagrasses,Strap-like leaves,Thalassodendrum sp.,Open,Cymodoceaceae,Thalassodendron,spp,63618905,7
2020-10_south-west_stereo-BRUVs,FH109,Biota,Sponges,Erect forms,NA,Open,NA,NA,NA,10000912,1
2020-10_south-west_stereo-BRUVs,FH109,Biota,Sponges,Massive forms,NA,Open,NA,NA,NA,10000903,8
2020-10_south-west_stereo-BRUVs,FH109,Biota,Sponges,Small mixed,NA,Open,NA,NA,NA,10000000,2
2020-10_south-west_stereo-BRUVs,FH109,Physical,Unconsolidated,Sand,mud (coarse sand),Open,NA,NA,NA,82001014,4
2020-10_south-west_stereo-BRUVs,FH109,Biota,Unknown,NA,NA,Limited,NA,NA,NA,1,3
2020-10_south-west_stereo-BRUVs,FH11,Biota,Bryozoa,NA,NA,Open,NA,NA,NA,20000000,1
2020-10_south-west_stereo-BRUVs,FH11,Physical,Consolidated,Rock,Turf mat,Open,NA,NA,NA,82001002,2
2020-10_south-west_stereo-BRUVs,FH11,Biota,Macroalgae,Large canopy-forming,Ecklonia radiata,Open,Lessoniaceae,Ecklonia,radiata,54079009,1
2020-10_south-west_stereo-BRUVs,FH11,Biota,Open Water,NA,NA,Open,NA,NA,NA,1,4
2020-10_south-west_stereo-BRUVs,FH11,Biota,Sponges,Massive forms,NA,Open,NA,NA,NA,10000903,6
2020-10_south-west_stereo-BRUVs,FH11,Physical,Unconsolidated,Sand,mud (coarse sand),Open,NA,NA,NA,82001014,18
2020-10_south-west_stereo-BRUVs,FH11,Biota,Unknown,NA,NA,Limited,NA,NA,NA,1,3
2020-10_south-west_stereo-BRUVs,FH11,Biota,Unknown,NA,NA,Open,NA,NA,NA,1,5
2020-10_south-west_stereo-BRUVs,FH110,Physical,Consolidated,Rock,Veneer,Open,NA,NA,NA,82001002,5
2020-10_south-west_stereo-BRUVs,FH110,Biota,Macroalgae,Erect course branching,Brown,Open,NA,NA,NA,80300904,2
2020-10_south-west_stereo-BRUVs,FH110,Biota,Macroalgae,Small mixed,NA,Open,NA,NA,NA,80300000,1
2020-10_south-west_stereo-BRUVs,FH110,Biota,Open Water,NA,NA,Open,NA,NA,NA,1,11
2020-10_south-west_stereo-BRUVs,FH110,Biota,Seagrasses,Strap-like leaves,Thalassodendrum sp.,Open,Cymodoceaceae,Thalassodendron,spp,63618905,1
2020-10_south-west_stereo-BRUVs,FH110,Biota,Sponges,Crusts,NA,Open,NA,NA,NA,10000901,2
2020-10_south-west_stereo-BRUVs,FH110,Biota,Sponges,Massive forms,NA,Open,NA,NA,NA,10000903,1
2020-10_south-west_stereo-BRUVs,FH110,Biota,Sponges,Small mixed,NA,Open,NA,NA,NA,10000000,2
2020-10_south-west_stereo-BRUVs,FH110,Physical,Unconsolidated,Sand,mud (coarse sand),Open,NA,NA,NA,82001014,12
2020-10_south-west_stereo-BRUVs,FH110,Biota,Unknown,NA,NA,Limited,NA,NA,NA,1,2
2020-10_south-west_stereo-BRUVs,FH110,Biota,Unknown,NA,NA,Open,NA,NA,NA,1,1
2020-10_south-west_stereo-BRUVs,FH111,Physical,Consolidated,Rock,Turf mat,Open,NA,NA,NA,82001002,2
2020-10_south-west_stereo-BRUVs,FH111,Biota,Macroalgae,Erect fine branching,Red,Open,NA,NA,NA,80300910,8
2020-10_south-west_stereo-BRUVs,FH111,Biota,Macroalgae,Filamentous and filiform,NA,Open,NA,NA,NA,80300930,2
2020-10_south-west_stereo-BRUVs,FH111,Biota,Macroalgae,Small mixed,NA,Open,NA,NA,NA,80300000,1
2020-10_south-west_stereo-BRUVs,FH111,Biota,Open Water,NA,NA,Open,NA,NA,NA,1,2
2020-10_south-west_stereo-BRUVs,FH111,Biota,Seagrasses,Strap-like leaves,Thalassodendrum sp.,Open,Cymodoceaceae,Thalassodendron,spp,63618905,3
2020-10_south-west_stereo-BRUVs,FH111,Physical,Unconsolidated,Sand,mud (coarse sand),Open,NA,NA,NA,82001014,21
2020-10_south-west_stereo-BRUVs,FH111,Biota,Unknown,NA,NA,Limited,NA,NA,NA,1,1
2020-10_south-west_stereo-BRUVs,FH113,Physical,Consolidated,Cobbles,No biota,Open,NA,NA,NA,82001004,1
2020-10_south-west_stereo-BRUVs,FH113,Physical,Consolidated,Rock,No biota,Open,NA,NA,NA,82001002,2
2020-10_south-west_stereo-BRUVs,FH113,Physical,Consolidated,Rock,Turf mat,Open,NA,NA,NA,82001002,5
2020-10_south-west_stereo-BRUVs,FH113,Biota,Macroalgae,Erect course branching,Brown,Open,NA,NA,NA,80300904,2
2020-10_south-west_stereo-BRUVs,FH113,Biota,Macroalgae,Erect fine branching,Red,Open,NA,NA,NA,80300910,2
2020-10_south-west_stereo-BRUVs,FH113,Biota,Macroalgae,Large canopy-forming,Ecklonia radiata,Open,Lessoniaceae,Ecklonia,radiata,54079009,5
2020-10_south-west_stereo-BRUVs,FH113,Biota,Open Water,NA,NA,Open,NA,NA,NA,1,3
2020-10_south-west_stereo-BRUVs,FH113,Biota,Seagrasses,Strap-like leaves,Thalassodendrum sp.,Open,Cymodoceaceae,Thalassodendron,spp,63618905,12
2020-10_south-west_stereo-BRUVs,FH113,Biota,Sponges,Erect forms,NA,Open,NA,NA,NA,10000912,1
2020-10_south-west_stereo-BRUVs,FH113,Biota,Sponges,Massive forms,NA,Open,NA,NA,NA,10000903,2
2020-10_south-west_stereo-BRUVs,FH113,Physical,Unconsolidated,Sand,mud (coarse sand),Open,NA,NA,NA,82001014,1
2020-10_south-west_stereo-BRUVs,FH113,Biota,Unknown,NA,NA,Limited,NA,NA,NA,1,1
2020-10_south-west_stereo-BRUVs,FH113,Biota,Unknown,NA,NA,Open,NA,NA,NA,1,3
2020-10_south-west_stereo-BRUVs,FH12,Physical,Consolidated,Rock,No biota,Open,NA,NA,NA,82001002,2
2020-10_south-west_stereo-BRUVs,FH12,Biota,Macroalgae,Erect course branching,Green,Open,NA,NA,NA,80300905,2
2020-10_south-west_stereo-BRUVs,FH12,Biota,Macroalgae,Erect fine branching,Red,Open,NA,NA,NA,80300910,10
2020-10_south-west_stereo-BRUVs,FH12,Biota,Macroalgae,Small mixed,NA,Open,NA,NA,NA,80300000,6
2020-10_south-west_stereo-BRUVs,FH12,Biota,Seagrasses,Strap-like leaves,Thalassodendrum sp.,Open,Cymodoceaceae,Thalassodendron,spp,63618905,4
2020-10_south-west_stereo-BRUVs,FH12,Biota,Sponges,Massive forms,NA,Open,NA,NA,NA,10000903,1
2020-10_south-west_stereo-BRUVs,FH12,Biota,Sponges,Small mixed,NA,Open,NA,NA,NA,10000000,1
2020-10_south-west_stereo-BRUVs,FH12,Physical,Unconsolidated,Sand,mud (coarse sand),Open,NA,NA,NA,82001014,4
2020-10_south-west_stereo-BRUVs,FH12,Biota,Unknown,NA,NA,Limited,NA,NA,NA,1,3
2020-10_south-west_stereo-BRUVs,FH12,Biota,Unknown,NA,NA,Open,NA,NA,NA,1,7
2020-10_south-west_stereo-BRUVs,FH14,Physical,Consolidated,Rock,No biota,Open,NA,NA,NA,82001002,1
2020-10_south-west_stereo-BRUVs,FH14,Physical,Consolidated,Rock,Turf mat,Open,NA,NA,NA,82001002,6
2020-10_south-west_stereo-BRUVs,FH14,Biota,Macroalgae,Erect course branching,Brown,Open,NA,NA,NA,80300904,9
2020-10_south-west_stereo-BRUVs,FH14,Biota,Macroalgae,Erect fine branching,Red,Open,NA,NA,NA,80300910,5
2020-10_south-west_stereo-BRUVs,FH14,Biota,Macroalgae,Large canopy-forming,Ecklonia radiata,Open,Lessoniaceae,Ecklonia,radiata,54079009,1
2020-10_south-west_stereo-BRUVs,FH14,Biota,Open Water,NA,NA,Open,NA,NA,NA,1,3
2020-10_south-west_stereo-BRUVs,FH14,Biota,Sponges,Crusts,NA,Open,NA,NA,NA,10000901,1
2020-10_south-west_stereo-BRUVs,FH14,Physical,Unconsolidated,Sand,mud (coarse sand),Open,NA,NA,NA,82001014,11
2020-10_south-west_stereo-BRUVs,FH14,Biota,Unknown,NA,NA,Limited,NA,NA,NA,1,3
2020-10_south-west_stereo-BRUVs,FH15,Biota,Open Water,NA,NA,Open,NA,NA,NA,1,5
2020-10_south-west_stereo-BRUVs,FH15,Physical,Unconsolidated,Sand,mud (coarse sand),Open,NA,NA,NA,82001014,33
2020-10_south-west_stereo-BRUVs,FH15,Biota,Unknown,NA,NA,Limited,NA,NA,NA,1,2
2020-10_south-west_stereo-BRUVs,FH16,Physical,Consolidated,Rock,No biota,Open,NA,NA,NA,82001002,1
2020-10_south-west_stereo-BRUVs,FH16,Physical,Consolidated,Rock,Turf mat,Open,NA,NA,NA,82001002,4
2020-10_south-west_stereo-BRUVs,FH16,Biota,Macroalgae,Erect course branching,Brown,Open,NA,NA,NA,80300904,8
2020-10_south-west_stereo-BRUVs,FH16,Biota,Macroalgae,Erect course branching,Green,Open,NA,NA,NA,80300905,1
2020-10_south-west_stereo-BRUVs,FH16,Biota,Macroalgae,Erect fine branching,Red,Open,NA,NA,NA,80300910,3
2020-10_south-west_stereo-BRUVs,FH16,Biota,Open Water,NA,NA,Open,NA,NA,NA,1,2
2020-10_south-west_stereo-BRUVs,FH16,Biota,Seagrasses,Strap-like leaves,Thalassodendrum sp.,Open,Cymodoceaceae,Thalassodendron,spp,63618905,8
2020-10_south-west_stereo-BRUVs,FH16,Biota,Sponges,Small mixed,NA,Open,NA,NA,NA,10000000,1
2020-10_south-west_stereo-BRUVs,FH16,Physical,Unconsolidated,Sand,mud (coarse sand),Open,NA,NA,NA,82001014,8
2020-10_south-west_stereo-BRUVs,FH16,Biota,Unknown,NA,NA,Limited,NA,NA,NA,1,4
2020-10_south-west_stereo-BRUVs,FH17,Physical,Consolidated,Rock,Veneer,Open,NA,NA,NA,82001002,1
2020-10_south-west_stereo-BRUVs,FH17,Biota,Macroalgae,Erect course branching,Brown,Open,NA,NA,NA,80300904,9
2020-10_south-west_stereo-BRUVs,FH17,Biota,Macroalgae,Erect fine branching,Red,Open,NA,NA,NA,80300910,7
2020-10_south-west_stereo-BRUVs,FH17,Biota,Macroalgae,Large canopy-forming,Ecklonia radiata,Open,Lessoniaceae,Ecklonia,radiata,54079009,1
2020-10_south-west_stereo-BRUVs,FH17,Biota,Open Water,NA,NA,Open,NA,NA,NA,1,2
2020-10_south-west_stereo-BRUVs,FH17,Biota,Sponges,Erect forms,NA,Open,NA,NA,NA,10000912,3
2020-10_south-west_stereo-BRUVs,FH17,Biota,Sponges,Massive forms,NA,Open,NA,NA,NA,10000903,1
2020-10_south-west_stereo-BRUVs,FH17,Physical,Unconsolidated,Sand,mud (coarse sand),Open,NA,NA,NA,82001014,13
2020-10_south-west_stereo-BRUVs,FH17,Biota,Unknown,NA,NA,Limited,NA,NA,NA,1,2
2020-10_south-west_stereo-BRUVs,FH17,Biota,Unknown,NA,NA,Open,NA,NA,NA,1,1
2020-10_south-west_stereo-BRUVs,FH18,Physical,Consolidated,Cobbles,No biota,Open,NA,NA,NA,82001004,1
2020-10_south-west_stereo-BRUVs,FH18,Physical,Consolidated,Cobbles,Turf mat,Open,NA,NA,NA,82001004,1
2020-10_south-west_stereo-BRUVs,FH18,Physical,Consolidated,Rock,No biota,Open,NA,NA,NA,82001002,1
2020-10_south-west_stereo-BRUVs,FH18,Biota,Macroalgae,Erect course branching,Brown,Open,NA,NA,NA,80300904,2
2020-10_south-west_stereo-BRUVs,FH18,Biota,Macroalgae,Erect fine branching,Red,Open,NA,NA,NA,80300910,7
2020-10_south-west_stereo-BRUVs,FH18,Biota,Open Water,NA,NA,Open,NA,NA,NA,1,15
2020-10_south-west_stereo-BRUVs,FH18,Physical,Unconsolidated,Sand,mud (coarse sand),Open,NA,NA,NA,82001014,10
2020-10_south-west_stereo-BRUVs,FH18,Biota,Unknown,NA,NA,Limited,NA,NA,NA,1,2
2020-10_south-west_stereo-BRUVs,FH18,Biota,Unknown,NA,NA,Open,NA,NA,NA,1,1
2020-10_south-west_stereo-BRUVs,FH2,Physical,Consolidated,Rock,Turf mat,Open,NA,NA,NA,82001002,4
2020-10_south-west_stereo-BRUVs,FH2,Biota,Macroalgae,Erect fine branching,Brown,Open,NA,NA,NA,80300908,1
2020-10_south-west_stereo-BRUVs,FH2,Biota,Macroalgae,Erect fine branching,Red,Open,NA,NA,NA,80300910,1
2020-10_south-west_stereo-BRUVs,FH2,Biota,Macroalgae,Filamentous and filiform,NA,Open,NA,NA,NA,80300930,1
2020-10_south-west_stereo-BRUVs,FH2,Biota,Open Water,NA,NA,Open,NA,NA,NA,1,14
2020-10_south-west_stereo-BRUVs,FH2,Biota,Seagrasses,Strap-like leaves,Thalassodendrum sp.,Open,Cymodoceaceae,Thalassodendron,spp,63618905,7
2020-10_south-west_stereo-BRUVs,FH2,Biota,Sponges,Massive forms,NA,Open,NA,NA,NA,10000903,1
2020-10_south-west_stereo-BRUVs,FH2,Physical,Unconsolidated,Sand,mud (coarse sand),Open,NA,NA,NA,82001014,6
2020-10_south-west_stereo-BRUVs,FH2,Biota,Unknown,NA,NA,Limited,NA,NA,NA,1,5
2020-10_south-west_stereo-BRUVs,FH20,Physical,Consolidated,Rock,Turf mat,Open,NA,NA,NA,82001002,8
2020-10_south-west_stereo-BRUVs,FH20,Biota,Macroalgae,Erect course branching,Brown,Open,NA,NA,NA,80300904,1
2020-10_south-west_stereo-BRUVs,FH20,Biota,Macroalgae,Small mixed,NA,Open,NA,NA,NA,80300000,8
2020-10_south-west_stereo-BRUVs,FH20,Biota,Open Water,NA,NA,Open,NA,NA,NA,1,10
2020-10_south-west_stereo-BRUVs,FH20,Biota,Seagrasses,Strap-like leaves,Thalassodendrum sp.,Open,Cymodoceaceae,Thalassodendron,spp,63618905,1
2020-10_south-west_stereo-BRUVs,FH20,Physical,Unconsolidated,Sand,mud (coarse sand),Open,NA,NA,NA,82001014,12
2020-10_south-west_stereo-BRUVs,FH21,Physical,Consolidated,Rock,No biota,Open,NA,NA,NA,82001002,2
2020-10_south-west_stereo-BRUVs,FH21,Physical,Consolidated,Rock,Turf mat,Open,NA,NA,NA,82001002,8
2020-10_south-west_stereo-BRUVs,FH21,Biota,Macroalgae,Erect course branching,Brown,Open,NA,NA,NA,80300904,2
2020-10_south-west_stereo-BRUVs,FH21,Biota,Macroalgae,Erect fine branching,Red,Open,NA,NA,NA,80300910,13
2020-10_south-west_stereo-BRUVs,FH21,Biota,Macroalgae,Large canopy-forming,Ecklonia radiata,Open,Lessoniaceae,Ecklonia,radiata,54079009,1
2020-10_south-west_stereo-BRUVs,FH21,Biota,Open Water,NA,NA,Open,NA,NA,NA,1,1
2020-10_south-west_stereo-BRUVs,FH21,Biota,Seagrasses,Strap-like leaves,Thalassodendrum sp.,Open,Cymodoceaceae,Thalassodendron,spp,63618905,5
2020-10_south-west_stereo-BRUVs,FH21,Biota,Sponges,Hollow forms,NA,Open,NA,NA,NA,10000909,1
2020-10_south-west_stereo-BRUVs,FH21,Biota,Sponges,Massive forms,NA,Open,NA,NA,NA,10000903,1
2020-10_south-west_stereo-BRUVs,FH21,Biota,Sponges,Small mixed,NA,Open,NA,NA,NA,10000000,2
2020-10_south-west_stereo-BRUVs,FH21,Physical,Unconsolidated,Sand,mud (coarse sand),Open,NA,NA,NA,82001014,2
2020-10_south-west_stereo-BRUVs,FH21,Biota,Unknown,NA,NA,Limited,NA,NA,NA,1,1
2020-10_south-west_stereo-BRUVs,FH21,Biota,Unknown,NA,NA,Open,NA,NA,NA,1,1
2020-10_south-west_stereo-BRUVs,FH23,Physical,Consolidated,Rock,Turf mat,Open,NA,NA,NA,82001002,8
2020-10_south-west_stereo-BRUVs,FH23,Biota,Macroalgae,Large canopy-forming,Ecklonia radiata,Open,Lessoniaceae,Ecklonia,radiata,54079009,2
2020-10_south-west_stereo-BRUVs,FH23,Biota,Open Water,NA,NA,Open,NA,NA,NA,1,3
2020-10_south-west_stereo-BRUVs,FH23,Biota,Seagrasses,Strap-like leaves,Thalassodendrum sp.,Open,Cymodoceaceae,Thalassodendron,spp,63618905,10
2020-10_south-west_stereo-BRUVs,FH23,Physical,Unconsolidated,Sand,mud (coarse sand),Open,NA,NA,NA,82001014,9
2020-10_south-west_stereo-BRUVs,FH23,Biota,Unknown,NA,NA,Limited,NA,NA,NA,1,7
2020-10_south-west_stereo-BRUVs,FH23,Biota,Unknown,NA,NA,Open,NA,NA,NA,1,1
2020-10_south-west_stereo-BRUVs,FH24,Physical,Consolidated,Rock,Turf mat,Open,NA,NA,NA,82001002,1
2020-10_south-west_stereo-BRUVs,FH24,Biota,Macroalgae,Erect course branching,Brown,Open,NA,NA,NA,80300904,4
2020-10_south-west_stereo-BRUVs,FH24,Biota,Macroalgae,Erect fine branching,Red,Open,NA,NA,NA,80300910,7
2020-10_south-west_stereo-BRUVs,FH24,Biota,Open Water,NA,NA,Open,NA,NA,NA,1,2
2020-10_south-west_stereo-BRUVs,FH24,Biota,Sponges,Crusts,NA,Open,NA,NA,NA,10000901,1
2020-10_south-west_stereo-BRUVs,FH24,Physical,Unconsolidated,Sand,mud (coarse sand),Open,NA,NA,NA,82001014,22
2020-10_south-west_stereo-BRUVs,FH24,Biota,Unknown,NA,NA,Limited,NA,NA,NA,1,1
2020-10_south-west_stereo-BRUVs,FH24,Biota,Unknown,NA,NA,Open,NA,NA,NA,1,2
2020-10_south-west_stereo-BRUVs,FH25,Biota,Bryozoa,NA,NA,Open,NA,NA,NA,20000000,3
2020-10_south-west_stereo-BRUVs,FH25,Physical,Consolidated,Cobbles,Veneer,Open,NA,NA,NA,82001004,2
2020-10_south-west_stereo-BRUVs,FH25,Physical,Consolidated,Rock,No biota,Open,NA,NA,NA,82001002,2
2020-10_south-west_stereo-BRUVs,FH25,Physical,Consolidated,Rock,Turf mat,Open,NA,NA,NA,82001002,2
2020-10_south-west_stereo-BRUVs,FH25,Biota,Macroalgae,Erect course branching,Brown,Open,NA,NA,NA,80300904,1
2020-10_south-west_stereo-BRUVs,FH25,Biota,Macroalgae,Erect fine branching,Green,NA,NA,NA,NA,80300909,2
2020-10_south-west_stereo-BRUVs,FH25,Biota,Macroalgae,Erect fine branching,Red,Open,NA,NA,NA,80300910,3
2020-10_south-west_stereo-BRUVs,FH25,Biota,Macroalgae,Large canopy-forming,Ecklonia radiata,Open,Lessoniaceae,Ecklonia,radiata,54079009,1
2020-10_south-west_stereo-BRUVs,FH25,Biota,Open Water,NA,NA,Open,NA,NA,NA,1,5
2020-10_south-west_stereo-BRUVs,FH25,Biota,Seagrasses,Strap-like leaves,Thalassodendrum sp.,Open,Cymodoceaceae,Thalassodendron,spp,63618905,5
2020-10_south-west_stereo-BRUVs,FH25,Biota,Sponges,Small mixed,NA,Open,NA,NA,NA,10000000,3
2020-10_south-west_stereo-BRUVs,FH25,Physical,Unconsolidated,Sand,mud (coarse sand),Open,NA,NA,NA,82001014,8
2020-10_south-west_stereo-BRUVs,FH25,Biota,Unknown,NA,NA,Limited,NA,NA,NA,1,1
2020-10_south-west_stereo-BRUVs,FH25,Biota,Unknown,NA,NA,Open,NA,NA,NA,1,2
2020-10_south-west_stereo-BRUVs,FH26,Physical,Consolidated,Rock,Turf mat,Open,NA,NA,NA,82001002,7
2020-10_south-west_stereo-BRUVs,FH26,Biota,Macroalgae,Erect fine branching,Red,Open,NA,NA,NA,80300910,5
2020-10_south-west_stereo-BRUVs,FH26,Biota,Sponges,Massive forms,NA,Open,NA,NA,NA,10000903,2
2020-10_south-west_stereo-BRUVs,FH26,Biota,Unknown,NA,NA,Limited,NA,NA,NA,1,6
2020-10_south-west_stereo-BRUVs,FH27,Physical,Consolidated,Rock,No biota,Open,NA,NA,NA,82001002,7
2020-10_south-west_stereo-BRUVs,FH27,Physical,Consolidated,Rock,Turf mat,Open,NA,NA,NA,82001002,2
2020-10_south-west_stereo-BRUVs,FH27,Biota,Macroalgae,Erect course branching,Brown,Open,NA,NA,NA,80300904,1
2020-10_south-west_stereo-BRUVs,FH27,Biota,Macroalgae,Erect fine branching,Red,Open,NA,NA,NA,80300910,3
2020-10_south-west_stereo-BRUVs,FH27,Biota,Macroalgae,Large canopy-forming,Ecklonia radiata,Open,Lessoniaceae,Ecklonia,radiata,54079009,1
2020-10_south-west_stereo-BRUVs,FH27,Biota,Open Water,NA,NA,Open,NA,NA,NA,1,6
2020-10_south-west_stereo-BRUVs,FH27,Biota,Seagrasses,Strap-like leaves,Thalassodendrum sp.,Open,Cymodoceaceae,Thalassodendron,spp,63618905,1
2020-10_south-west_stereo-BRUVs,FH27,Biota,Sponges,Massive forms,NA,Open,NA,NA,NA,10000903,5
2020-10_south-west_stereo-BRUVs,FH27,Physical,Unconsolidated,Sand,mud (coarse sand),Open,NA,NA,NA,82001014,3
2020-10_south-west_stereo-BRUVs,FH27,Biota,Unknown,NA,NA,Limited,NA,NA,NA,1,4
2020-10_south-west_stereo-BRUVs,FH27,Biota,Unknown,NA,NA,Open,NA,NA,NA,1,7
2020-10_south-west_stereo-BRUVs,FH28,Physical,Consolidated,Rock,Turf mat,Open,NA,NA,NA,82001002,1
2020-10_south-west_stereo-BRUVs,FH28,Biota,Open Water,NA,NA,Open,NA,NA,NA,1,5
2020-10_south-west_stereo-BRUVs,FH28,Physical,Unconsolidated,Sand,mud (coarse sand),Open,NA,NA,NA,82001014,31
2020-10_south-west_stereo-BRUVs,FH28,Biota,Unknown,NA,NA,Limited,NA,NA,NA,1,3
2020-10_south-west_stereo-BRUVs,FH30,Biota,Macroalgae,Erect course branching,Brown,Open,NA,NA,NA,80300904,4
2020-10_south-west_stereo-BRUVs,FH30,Biota,Macroalgae,Erect fine branching,Red,Open,NA,NA,NA,80300910,25
2020-10_south-west_stereo-BRUVs,FH30,Biota,Open Water,NA,NA,Open,NA,NA,NA,1,6
2020-10_south-west_stereo-BRUVs,FH30,Physical,Unconsolidated,Sand,mud (coarse sand),Open,NA,NA,NA,82001014,2
2020-10_south-west_stereo-BRUVs,FH30,Biota,Unknown,NA,NA,Limited,NA,NA,NA,1,3
2020-10_south-west_stereo-BRUVs,FH31,Physical,Consolidated,Rock,No biota,Open,NA,NA,NA,82001002,4
2020-10_south-west_stereo-BRUVs,FH31,Biota,Macroalgae,Erect course branching,Brown,Open,NA,NA,NA,80300904,8
2020-10_south-west_stereo-BRUVs,FH31,Biota,Macroalgae,Erect fine branching,Red,Open,NA,NA,NA,80300910,9
2020-10_south-west_stereo-BRUVs,FH31,Biota,Macroalgae,Large canopy-forming,Ecklonia radiata,Open,Lessoniaceae,Ecklonia,radiata,54079009,6
2020-10_south-west_stereo-BRUVs,FH31,Biota,Macroalgae,Large canopy-forming,Scytothalia dorycarpa,Open,Seirococcaceae,Scytothalia,dorycarpa,54102005,4
2020-10_south-west_stereo-BRUVs,FH31,Biota,Open Water,NA,NA,Open,NA,NA,NA,1,1
2020-10_south-west_stereo-BRUVs,FH31,Physical,Unconsolidated,Sand,mud (coarse sand),Open,NA,NA,NA,82001014,6
2020-10_south-west_stereo-BRUVs,FH31,Biota,Unknown,NA,NA,Open,NA,NA,NA,1,2
2020-10_south-west_stereo-BRUVs,FH32,Biota,Open Water,NA,NA,Facing Up,NA,NA,NA,1,20
2020-10_south-west_stereo-BRUVs,FH32,Biota,Sponges,Erect forms,NA,Open,NA,NA,NA,10000912,2
2020-10_south-west_stereo-BRUVs,FH32,Biota,Sponges,Massive forms,NA,Open,NA,NA,NA,10000903,2
2020-10_south-west_stereo-BRUVs,FH32,Physical,Unconsolidated,Sand,mud (coarse sand),Open,NA,NA,NA,82001014,16
2020-10_south-west_stereo-BRUVs,FH33,Physical,Consolidated,Rock,Turf mat,Open,NA,NA,NA,82001002,7
2020-10_south-west_stereo-BRUVs,FH33,Biota,Macroalgae,Erect course branching,Brown,Open,NA,NA,NA,80300904,7
2020-10_south-west_stereo-BRUVs,FH33,Biota,Macroalgae,Erect fine branching,Red,Open,NA,NA,NA,80300910,1
2020-10_south-west_stereo-BRUVs,FH33,Biota,Macroalgae,Small mixed,NA,Open,NA,NA,NA,80300000,1
2020-10_south-west_stereo-BRUVs,FH33,Biota,Open Water,NA,NA,Open,NA,NA,NA,1,1
2020-10_south-west_stereo-BRUVs,FH33,Biota,Seagrasses,Strap-like leaves,Thalassodendrum sp.,Open,Cymodoceaceae,Thalassodendron,spp,63618905,5
2020-10_south-west_stereo-BRUVs,FH33,Biota,Sponges,Erect forms,NA,Open,NA,NA,NA,10000912,2
2020-10_south-west_stereo-BRUVs,FH33,Biota,Sponges,Massive forms,NA,Open,NA,NA,NA,10000903,3
2020-10_south-west_stereo-BRUVs,FH33,Physical,Unconsolidated,Sand,mud (coarse sand),Open,NA,NA,NA,82001014,6
2020-10_south-west_stereo-BRUVs,FH33,Biota,Unknown,NA,NA,Limited,NA,NA,NA,1,2
2020-10_south-west_stereo-BRUVs,FH33,Biota,Unknown,NA,NA,Open,NA,NA,NA,1,5
2020-10_south-west_stereo-BRUVs,FH34,Biota,Ascidians,NA,NA,Open,NA,NA,NA,35000000,1
2020-10_south-west_stereo-BRUVs,FH34,Physical,Consolidated,Rock,No biota,Open,NA,NA,NA,82001002,2
2020-10_south-west_stereo-BRUVs,FH34,Physical,Consolidated,Rock,Turf mat,Open,NA,NA,NA,82001002,12
2020-10_south-west_stereo-BRUVs,FH34,Biota,Hydroids,NA,NA,NA,NA,NA,NA,11001000,1
2020-10_south-west_stereo-BRUVs,FH34,Biota,Macroalgae,Erect course branching,Brown,Open,NA,NA,NA,80300904,4
2020-10_south-west_stereo-BRUVs,FH34,Biota,Macroalgae,Erect course branching,Green,Open,NA,NA,NA,80300905,1
2020-10_south-west_stereo-BRUVs,FH34,Biota,Macroalgae,Erect fine branching,Red,Open,NA,NA,NA,80300910,1
2020-10_south-west_stereo-BRUVs,FH34,Biota,Open Water,NA,NA,Open,NA,NA,NA,1,7
2020-10_south-west_stereo-BRUVs,FH34,Biota,Seagrasses,Strap-like leaves,Thalassodendrum sp.,Open,Cymodoceaceae,Thalassodendron,spp,63618905,2
2020-10_south-west_stereo-BRUVs,FH34,Biota,Sponges,Massive forms,NA,Open,NA,NA,NA,10000903,2
2020-10_south-west_stereo-BRUVs,FH34,Physical,Unconsolidated,Sand,mud (coarse sand),Open,NA,NA,NA,82001014,5
2020-10_south-west_stereo-BRUVs,FH34,Biota,Unknown,NA,NA,Limited,NA,NA,NA,1,2
2020-10_south-west_stereo-BRUVs,FH35,Physical,Consolidated,Rock,No biota,Open,NA,NA,NA,82001002,2
2020-10_south-west_stereo-BRUVs,FH35,Biota,Open Water,NA,NA,Open,NA,NA,NA,1,18
2020-10_south-west_stereo-BRUVs,FH35,Physical,Unconsolidated,Sand,mud (coarse sand),Open,NA,NA,NA,82001014,18
2020-10_south-west_stereo-BRUVs,FH35,Biota,Unknown,NA,NA,Limited,NA,NA,NA,1,1
2020-10_south-west_stereo-BRUVs,FH35,Biota,Unknown,NA,NA,Open,NA,NA,NA,1,1
2020-10_south-west_stereo-BRUVs,FH36,Biota,Macroalgae,Erect fine branching,Green,Open,NA,NA,NA,80300909,1
2020-10_south-west_stereo-BRUVs,FH36,Biota,Macroalgae,Erect fine branching,Red,Open,NA,NA,NA,80300910,3
2020-10_south-west_stereo-BRUVs,FH36,Biota,Open Water,NA,NA,Open,NA,NA,NA,1,12
2020-10_south-west_stereo-BRUVs,FH36,Biota,Sponges,Erect forms,NA,Open,NA,NA,NA,10000912,1
2020-10_south-west_stereo-BRUVs,FH36,Physical,Unconsolidated,Sand,mud (coarse sand),Open,NA,NA,NA,82001014,4
2020-10_south-west_stereo-BRUVs,FH36,Biota,Unknown,NA,NA,Limited,NA,NA,NA,1,15
2020-10_south-west_stereo-BRUVs,FH36,Biota,Unknown,NA,NA,Open,NA,NA,NA,1,4
2020-10_south-west_stereo-BRUVs,FH37,Physical,Consolidated,Rock,No biota,Open,NA,NA,NA,82001002,3
2020-10_south-west_stereo-BRUVs,FH37,Physical,Consolidated,Rock,Turf mat,Open,NA,NA,NA,82001002,9
2020-10_south-west_stereo-BRUVs,FH37,Biota,Macroalgae,Erect course branching,Brown,Open,NA,NA,NA,80300904,4
2020-10_south-west_stereo-BRUVs,FH37,Biota,Macroalgae,Erect fine branching,Green,Open,NA,NA,NA,80300909,1
2020-10_south-west_stereo-BRUVs,FH37,Biota,Macroalgae,Large canopy-forming,Ecklonia radiata,Open,Lessoniaceae,Ecklonia,radiata,54079009,1
2020-10_south-west_stereo-BRUVs,FH37,Biota,Open Water,NA,NA,Open,NA,NA,NA,1,4
2020-10_south-west_stereo-BRUVs,FH37,Biota,Seagrasses,Strap-like leaves,Thalassodendrum sp.,Open,Cymodoceaceae,Thalassodendron,spp,63618905,1
2020-10_south-west_stereo-BRUVs,FH37,Biota,Sponges,Massive forms,NA,Open,NA,NA,NA,10000903,2
2020-10_south-west_stereo-BRUVs,FH37,Physical,Unconsolidated,Sand,mud (coarse sand),Open,NA,NA,NA,82001014,4
2020-10_south-west_stereo-BRUVs,FH37,Biota,Unknown,NA,NA,Limited,NA,NA,NA,1,5
2020-10_south-west_stereo-BRUVs,FH37,Biota,Unknown,NA,NA,Open,NA,NA,NA,1,6
2020-10_south-west_stereo-BRUVs,FH39,Biota,Bryozoa,NA,NA,Open,NA,NA,NA,20000000,1
2020-10_south-west_stereo-BRUVs,FH39,Physical,Consolidated,Rock,No biota,Open,NA,NA,NA,82001002,1
2020-10_south-west_stereo-BRUVs,FH39,Physical,Consolidated,Rock,Veneer,Open,NA,NA,NA,82001002,1
2020-10_south-west_stereo-BRUVs,FH39,Biota,Macroalgae,Erect course branching,Brown,Open,NA,NA,NA,80300904,1
2020-10_south-west_stereo-BRUVs,FH39,Biota,Macroalgae,Erect fine branching,Red,Open,NA,NA,NA,80300910,12
2020-10_south-west_stereo-BRUVs,FH39,Biota,Open Water,NA,NA,Open,NA,NA,NA,1,9
2020-10_south-west_stereo-BRUVs,FH39,Biota,Sponges,Erect forms,NA,Open,NA,NA,NA,10000912,4
2020-10_south-west_stereo-BRUVs,FH39,Biota,Sponges,Small mixed,NA,Open,NA,NA,NA,10000000,2
2020-10_south-west_stereo-BRUVs,FH39,Biota,True anemones,NA,NA,Open,NA,NA,NA,11229000,1
2020-10_south-west_stereo-BRUVs,FH39,Physical,Unconsolidated,Sand,mud (coarse sand),Open,NA,NA,NA,82001014,6
2020-10_south-west_stereo-BRUVs,FH39,Biota,Unknown,NA,NA,Open,NA,NA,NA,1,2
2020-10_south-west_stereo-BRUVs,FH40,Physical,Consolidated,Rock,No biota,Open,NA,NA,NA,82001002,1
2020-10_south-west_stereo-BRUVs,FH40,Biota,Macroalgae,Erect fine branching,Red,Open,NA,NA,NA,80300910,14
2020-10_south-west_stereo-BRUVs,FH40,Biota,Macroalgae,Small mixed,NA,Open,NA,NA,NA,80300000,3
2020-10_south-west_stereo-BRUVs,FH40,Biota,Open Water,NA,NA,Open,NA,NA,NA,1,6
2020-10_south-west_stereo-BRUVs,FH40,Biota,Sponges,Crusts,NA,Open,NA,NA,NA,10000901,1
2020-10_south-west_stereo-BRUVs,FH40,Biota,Sponges,Massive forms,NA,Open,NA,NA,NA,10000903,1
2020-10_south-west_stereo-BRUVs,FH40,Physical,Unconsolidated,Sand,mud (coarse sand),Open,NA,NA,NA,82001014,9
2020-10_south-west_stereo-BRUVs,FH40,Biota,Unknown,NA,NA,Limited,NA,NA,NA,1,4
2020-10_south-west_stereo-BRUVs,FH40,Biota,Unknown,NA,NA,Open,NA,NA,NA,1,1
2020-10_south-west_stereo-BRUVs,FH41,Biota,Bryozoa,NA,NA,Open,NA,NA,NA,20000000,1
2020-10_south-west_stereo-BRUVs,FH41,Physical,Consolidated,Cobbles,Turf mat,Open,NA,NA,NA,82001004,2
2020-10_south-west_stereo-BRUVs,FH41,Physical,Consolidated,Cobbles,Veneer,Open,NA,NA,NA,82001004,1
2020-10_south-west_stereo-BRUVs,FH41,Physical,Consolidated,Rock,Turf mat,NA,NA,NA,NA,82001002,4
2020-10_south-west_stereo-BRUVs,FH41,Biota,Macroalgae,Erect fine branching,Red,Open,NA,NA,NA,80300910,11
2020-10_south-west_stereo-BRUVs,FH41,Biota,Open Water,NA,NA,Open,NA,NA,NA,1,2
2020-10_south-west_stereo-BRUVs,FH41,Biota,Seagrasses,Strap-like leaves,Thalassodendrum sp.,Open,Cymodoceaceae,Thalassodendron,spp,63618905,14
2020-10_south-west_stereo-BRUVs,FH41,Biota,Sponges,Massive forms,NA,Open,NA,NA,NA,10000903,2
2020-10_south-west_stereo-BRUVs,FH41,Biota,Unknown,NA,NA,Limited,NA,NA,NA,1,2
2020-10_south-west_stereo-BRUVs,FH41,Biota,Unknown,NA,NA,Open,NA,NA,NA,1,1
2020-10_south-west_stereo-BRUVs,FH42,Physical,Consolidated,Rock,Turf mat,Open,NA,NA,NA,82001002,2
2020-10_south-west_stereo-BRUVs,FH42,Biota,Macroalgae,Erect course branching,Brown,Open,NA,NA,NA,80300904,1
2020-10_south-west_stereo-BRUVs,FH42,Biota,Macroalgae,Erect fine branching,Red,Open,NA,NA,NA,80300910,7
2020-10_south-west_stereo-BRUVs,FH42,Biota,Macroalgae,Large canopy-forming,Ecklonia radiata,Open,Lessoniaceae,Ecklonia,radiata,54079009,15
2020-10_south-west_stereo-BRUVs,FH42,Biota,Macroalgae,Small mixed,NA,Open,NA,NA,NA,80300000,2
2020-10_south-west_stereo-BRUVs,FH42,Biota,Open Water,NA,NA,Open,NA,NA,NA,1,3
2020-10_south-west_stereo-BRUVs,FH42,Biota,Seagrasses,Strap-like leaves,Thalassodendrum sp.,Open,Cymodoceaceae,Thalassodendron,spp,63618905,6
2020-10_south-west_stereo-BRUVs,FH42,Biota,Sponges,Massive forms,NA,Open,NA,NA,NA,10000903,1
2020-10_south-west_stereo-BRUVs,FH42,Physical,Unconsolidated,Sand,mud (coarse sand),Open,NA,NA,NA,82001014,1
2020-10_south-west_stereo-BRUVs,FH42,Biota,Unknown,NA,NA,Limited,NA,NA,NA,1,1
2020-10_south-west_stereo-BRUVs,FH42,Biota,Unknown,NA,NA,Open,NA,NA,NA,1,1
2020-10_south-west_stereo-BRUVs,FH44,Physical,Consolidated,Rock,Turf mat,Open,NA,NA,NA,82001002,1
2020-10_south-west_stereo-BRUVs,FH44,Physical,Consolidated,Rock,Turf mat,NA,NA,NA,NA,82001002,2
2020-10_south-west_stereo-BRUVs,FH44,Biota,Macroalgae,Articulated calcareous,NA,Open,NA,NA,NA,80300911,1
2020-10_south-west_stereo-BRUVs,FH44,Biota,Macroalgae,Erect course branching,Brown,Open,NA,NA,NA,80300904,1
2020-10_south-west_stereo-BRUVs,FH44,Biota,Macroalgae,Filamentous and filiform,NA,Open,NA,NA,NA,80300930,4
2020-10_south-west_stereo-BRUVs,FH44,Biota,Open Water,NA,NA,Open,NA,NA,NA,1,7
2020-10_south-west_stereo-BRUVs,FH44,Biota,Seagrasses,Strap-like leaves,Thalassodendrum sp.,Open,Cymodoceaceae,Thalassodendron,spp,63618905,10
2020-10_south-west_stereo-BRUVs,FH44,Biota,Sponges,Massive forms,NA,Open,NA,NA,NA,10000903,1
2020-10_south-west_stereo-BRUVs,FH44,Biota,Sponges,Small mixed,NA,Open,NA,NA,NA,10000000,1
2020-10_south-west_stereo-BRUVs,FH44,Physical,Unconsolidated,Sand,mud (coarse sand),Open,NA,NA,NA,82001014,10
2020-10_south-west_stereo-BRUVs,FH44,Biota,Unknown,NA,NA,Limited,NA,NA,NA,1,2
2020-10_south-west_stereo-BRUVs,FH45,Physical,Consolidated,Rock,Turf mat,Open,NA,NA,NA,82001002,1
2020-10_south-west_stereo-BRUVs,FH45,Biota,Macroalgae,Erect course branching,Brown,Open,NA,NA,NA,80300904,7
2020-10_south-west_stereo-BRUVs,FH45,Biota,Macroalgae,Large canopy-forming,Ecklonia radiata,Open,Lessoniaceae,Ecklonia,radiata,54079009,9
2020-10_south-west_stereo-BRUVs,FH45,Biota,Open Water,NA,NA,Open,NA,NA,NA,1,13
2020-10_south-west_stereo-BRUVs,FH45,Biota,Seagrasses,Strap-like leaves,Thalassodendrum sp.,Open,Cymodoceaceae,Thalassodendron,spp,63618905,4
2020-10_south-west_stereo-BRUVs,FH45,Physical,Unconsolidated,Sand,mud (coarse sand),Open,NA,NA,NA,82001014,5
2020-10_south-west_stereo-BRUVs,FH45,Biota,Unknown,NA,NA,Limited,NA,NA,NA,1,1
2020-10_south-west_stereo-BRUVs,FH46,Biota,Macroalgae,Small mixed,NA,Open,NA,NA,NA,80300000,5
2020-10_south-west_stereo-BRUVs,FH46,Biota,Open Water,NA,NA,Open,NA,NA,NA,1,7
2020-10_south-west_stereo-BRUVs,FH46,Biota,Sponges,Erect forms,NA,Open,NA,NA,NA,10000912,1
2020-10_south-west_stereo-BRUVs,FH46,Physical,Unconsolidated,Sand,mud (coarse sand),Open,NA,NA,NA,82001014,24
2020-10_south-west_stereo-BRUVs,FH46,Biota,Unknown,NA,NA,Limited,NA,NA,NA,1,3
2020-10_south-west_stereo-BRUVs,FH47,Physical,Consolidated,Rock,Turf mat,Open,NA,NA,NA,82001002,6
2020-10_south-west_stereo-BRUVs,FH47,Physical,Consolidated,Rock,Turf mat,NA,NA,NA,NA,82001002,3
2020-10_south-west_stereo-BRUVs,FH47,Biota,Macroalgae,Erect course branching,Brown,Open,NA,NA,NA,80300904,9
2020-10_south-west_stereo-BRUVs,FH47,Biota,Macroalgae,Erect fine branching,Green,Open,NA,NA,NA,80300909,1
2020-10_south-west_stereo-BRUVs,FH47,Biota,Macroalgae,Erect fine branching,Red,Open,NA,NA,NA,80300910,4
2020-10_south-west_stereo-BRUVs,FH47,Biota,Macroalgae,Large canopy-forming,Ecklonia radiata,Open,Lessoniaceae,Ecklonia,radiata,54079009,3
2020-10_south-west_stereo-BRUVs,FH47,Biota,Open Water,NA,NA,Open,NA,NA,NA,1,2
2020-10_south-west_stereo-BRUVs,FH47,Biota,Seagrasses,Strap-like leaves,Thalassodendrum sp.,Open,Cymodoceaceae,Thalassodendron,spp,63618905,5
2020-10_south-west_stereo-BRUVs,FH47,Physical,Unconsolidated,Sand,mud (coarse sand),Open,NA,NA,NA,82001014,1
2020-10_south-west_stereo-BRUVs,FH47,Biota,Unknown,NA,NA,Limited,NA,NA,NA,1,3
2020-10_south-west_stereo-BRUVs,FH47,Biota,Unknown,NA,NA,Open,NA,NA,NA,1,3
2020-10_south-west_stereo-BRUVs,FH48,Biota,Ascidians,NA,NA,Open,NA,NA,NA,35000000,2
2020-10_south-west_stereo-BRUVs,FH48,Biota,Bryozoa,NA,NA,Open,NA,NA,NA,20000000,1
2020-10_south-west_stereo-BRUVs,FH48,Physical,Consolidated,Cobbles,Veneer,Open,NA,NA,NA,82001004,1
2020-10_south-west_stereo-BRUVs,FH48,Biota,Invertebrate Complex,Complex 1,NA,Open,NA,NA,NA,99900044,3
2020-10_south-west_stereo-BRUVs,FH48,Biota,Macroalgae,Erect course branching,Brown,Open,NA,NA,NA,80300904,2
2020-10_south-west_stereo-BRUVs,FH48,Biota,Seagrasses,Strap-like leaves,Thalassodendrum sp.,Open,Cymodoceaceae,Thalassodendron,spp,63618905,3
2020-10_south-west_stereo-BRUVs,FH48,Biota,Sponges,Erect forms,NA,Open,NA,NA,NA,10000912,1
2020-10_south-west_stereo-BRUVs,FH48,Biota,Sponges,Massive forms,NA,Open,NA,NA,NA,10000903,1
2020-10_south-west_stereo-BRUVs,FH48,Biota,Sponges,Small mixed,NA,Open,NA,NA,NA,10000000,3
2020-10_south-west_stereo-BRUVs,FH48,Biota,Unknown,NA,NA,Limited,NA,NA,NA,1,3
2020-10_south-west_stereo-BRUVs,FH49,Biota,Bryozoa,NA,NA,Open,NA,NA,NA,20000000,1
2020-10_south-west_stereo-BRUVs,FH49,Physical,Consolidated,Rock,Turf mat,Open,NA,NA,NA,82001002,4
2020-10_south-west_stereo-BRUVs,FH49,Physical,Consolidated,Rock,Turf mat,NA,NA,NA,NA,82001002,1
2020-10_south-west_stereo-BRUVs,FH49,Biota,Macroalgae,Erect course branching,Brown,Open,NA,NA,NA,80300904,6
2020-10_south-west_stereo-BRUVs,FH49,Biota,Macroalgae,Small mixed,NA,Open,NA,NA,NA,80300000,6
2020-10_south-west_stereo-BRUVs,FH49,Biota,Open Water,NA,NA,Open,NA,NA,NA,1,1
2020-10_south-west_stereo-BRUVs,FH49,Biota,Sponges,Erect forms,NA,Open,NA,NA,NA,10000912,6
2020-10_south-west_stereo-BRUVs,FH49,Biota,Sponges,Massive forms,NA,Open,NA,NA,NA,10000903,4
2020-10_south-west_stereo-BRUVs,FH49,Physical,Unconsolidated,Sand,mud (coarse sand),Open,NA,NA,NA,82001014,3
2020-10_south-west_stereo-BRUVs,FH49,Biota,Unknown,NA,NA,Limited,NA,NA,NA,1,1
2020-10_south-west_stereo-BRUVs,FH49,Biota,Unknown,NA,NA,Open,NA,NA,NA,1,7
2020-10_south-west_stereo-BRUVs,FH5,Physical,Consolidated,Rock,Turf mat,Open,NA,NA,NA,82001002,8
2020-10_south-west_stereo-BRUVs,FH5,Biota,Macroalgae,Erect fine branching,Red,Open,NA,NA,NA,80300910,2
2020-10_south-west_stereo-BRUVs,FH5,Biota,Open Water,NA,NA,Open,NA,NA,NA,1,11
2020-10_south-west_stereo-BRUVs,FH5,Biota,Seagrasses,Strap-like leaves,Thalassodendrum sp.,Open,Cymodoceaceae,Thalassodendron,spp,63618905,10
2020-10_south-west_stereo-BRUVs,FH5,Biota,Sponges,Massive forms,NA,Open,NA,NA,NA,10000903,2
2020-10_south-west_stereo-BRUVs,FH5,Physical,Unconsolidated,Sand,mud (coarse sand),Open,NA,NA,NA,82001014,2
2020-10_south-west_stereo-BRUVs,FH5,Biota,Unknown,NA,NA,Limited,NA,NA,NA,1,5
2020-10_south-west_stereo-BRUVs,FH50,Biota,Open Water,NA,NA,Open,NA,NA,NA,1,13
2020-10_south-west_stereo-BRUVs,FH50,Physical,Unconsolidated,Sand,mud (coarse sand),Open,NA,NA,NA,82001014,26
2020-10_south-west_stereo-BRUVs,FH50,Biota,Unknown,NA,NA,Limited,NA,NA,NA,1,1
2020-10_south-west_stereo-BRUVs,FH51,Physical,Consolidated,Rock,Turf mat,Open,NA,NA,NA,82001002,4
2020-10_south-west_stereo-BRUVs,FH51,Biota,Macroalgae,Erect fine branching,Green,Open,NA,NA,NA,80300909,4
2020-10_south-west_stereo-BRUVs,FH51,Biota,Macroalgae,Erect fine branching,Red,Open,NA,NA,NA,80300910,2
2020-10_south-west_stereo-BRUVs,FH51,Biota,Macroalgae,Filamentous and filiform,NA,Open,NA,NA,NA,80300930,1
2020-10_south-west_stereo-BRUVs,FH51,Biota,Macroalgae,Large canopy-forming,Ecklonia radiata,Open,Lessoniaceae,Ecklonia,radiata,54079009,1
2020-10_south-west_stereo-BRUVs,FH51,Biota,Seagrasses,Strap-like leaves,Thalassodendrum sp.,Open,Cymodoceaceae,Thalassodendron,spp,63618905,18
2020-10_south-west_stereo-BRUVs,FH51,Biota,Sponges,Erect forms,NA,Open,NA,NA,NA,10000912,1
2020-10_south-west_stereo-BRUVs,FH51,Biota,Sponges,Massive forms,NA,Open,NA,NA,NA,10000903,1
2020-10_south-west_stereo-BRUVs,FH51,Physical,Unconsolidated,Sand,mud (coarse sand),Open,NA,NA,NA,82001014,4
2020-10_south-west_stereo-BRUVs,FH51,Biota,Unknown,NA,NA,Limited,NA,NA,NA,1,2
2020-10_south-west_stereo-BRUVs,FH51,Biota,Unknown,NA,NA,Open,NA,NA,NA,1,2
2020-10_south-west_stereo-BRUVs,FH52,Physical,Consolidated,Rock,No biota,Open,NA,NA,NA,82001002,1
2020-10_south-west_stereo-BRUVs,FH52,Physical,Consolidated,Rock,Turf mat,Open,NA,NA,NA,82001002,8
2020-10_south-west_stereo-BRUVs,FH52,Physical,Consolidated,Rock,Turf mat,NA,NA,NA,NA,82001002,8
2020-10_south-west_stereo-BRUVs,FH52,Biota,Invertebrate Complex,Complex 1,NA,Open,NA,NA,NA,99900044,1
2020-10_south-west_stereo-BRUVs,FH52,Biota,Macroalgae,Large canopy-forming,Ecklonia radiata,Open,Lessoniaceae,Ecklonia,radiata,54079009,1
2020-10_south-west_stereo-BRUVs,FH52,Biota,Open Water,NA,NA,Open,NA,NA,NA,1,1
2020-10_south-west_stereo-BRUVs,FH52,Biota,Seagrasses,Strap-like leaves,Thalassodendrum sp.,Open,Cymodoceaceae,Thalassodendron,spp,63618905,8
2020-10_south-west_stereo-BRUVs,FH52,Biota,Sponges,Massive forms,NA,Open,NA,NA,NA,10000903,1
2020-10_south-west_stereo-BRUVs,FH52,Physical,Unconsolidated,Sand,mud (coarse sand),Open,NA,NA,NA,82001014,7
2020-10_south-west_stereo-BRUVs,FH52,Biota,Unknown,NA,NA,Limited,NA,NA,NA,1,4
2020-10_south-west_stereo-BRUVs,FH54,Biota,Macroalgae,Erect course branching,Brown,Open,NA,NA,NA,80300904,19
2020-10_south-west_stereo-BRUVs,FH54,Biota,Macroalgae,Erect fine branching,Red,Open,NA,NA,NA,80300910,4
2020-10_south-west_stereo-BRUVs,FH54,Biota,Macroalgae,Small mixed,NA,Open,NA,NA,NA,80300000,1
2020-10_south-west_stereo-BRUVs,FH54,Biota,Open Water,NA,NA,Open,NA,NA,NA,1,1
2020-10_south-west_stereo-BRUVs,FH54,Biota,Sponges,Erect forms,NA,Open,NA,NA,NA,10000912,3
2020-10_south-west_stereo-BRUVs,FH54,Physical,Unconsolidated,Sand,mud (coarse sand),Open,NA,NA,NA,82001014,9
2020-10_south-west_stereo-BRUVs,FH54,Biota,Unknown,NA,NA,Limited,NA,NA,NA,1,1
2020-10_south-west_stereo-BRUVs,FH54,Biota,Unknown,NA,NA,Open,NA,NA,NA,1,2
2020-10_south-west_stereo-BRUVs,FH55,Biota,Macroalgae,Erect fine branching,Red,Open,NA,NA,NA,80300910,1
2020-10_south-west_stereo-BRUVs,FH55,Biota,Open Water,NA,NA,Open,NA,NA,NA,1,1
2020-10_south-west_stereo-BRUVs,FH55,Biota,Sponges,Erect forms,NA,Open,NA,NA,NA,10000912,1
2020-10_south-west_stereo-BRUVs,FH55,Physical,Unconsolidated,Sand,mud (coarse sand),Open,NA,NA,NA,82001014,31
2020-10_south-west_stereo-BRUVs,FH55,Biota,Unknown,NA,NA,Limited,NA,NA,NA,1,1
2020-10_south-west_stereo-BRUVs,FH55,Biota,Unknown,NA,NA,Open,NA,NA,NA,1,5
2020-10_south-west_stereo-BRUVs,FH56,Physical,Consolidated,Rock,Turf mat,Open,NA,NA,NA,82001002,5
2020-10_south-west_stereo-BRUVs,FH56,Physical,Consolidated,Rock,Turf mat,NA,NA,NA,NA,82001002,6
2020-10_south-west_stereo-BRUVs,FH56,Biota,Hydroids,NA,NA,Open,NA,NA,NA,11001000,1
2020-10_south-west_stereo-BRUVs,FH56,Biota,Macroalgae,Erect fine branching,Green,Open,NA,NA,NA,80300909,3
2020-10_south-west_stereo-BRUVs,FH56,Biota,Macroalgae,Erect fine branching,Red,Open,NA,NA,NA,80300910,2
2020-10_south-west_stereo-BRUVs,FH56,Biota,Open Water,NA,NA,Open,NA,NA,NA,1,9
2020-10_south-west_stereo-BRUVs,FH56,Biota,Seagrasses,Strap-like leaves,Thalassodendrum sp.,Open,Cymodoceaceae,Thalassodendron,spp,63618905,5
2020-10_south-west_stereo-BRUVs,FH56,Biota,Sponges,Massive forms,NA,Open,NA,NA,NA,10000903,1
2020-10_south-west_stereo-BRUVs,FH56,Biota,Sponges,Small mixed,NA,Open,NA,NA,NA,10000000,2
2020-10_south-west_stereo-BRUVs,FH56,Physical,Unconsolidated,Sand,mud (coarse sand),Open,NA,NA,NA,82001014,4
2020-10_south-west_stereo-BRUVs,FH56,Biota,Unknown,NA,NA,Limited,NA,NA,NA,1,1
2020-10_south-west_stereo-BRUVs,FH56,Biota,Unknown,NA,NA,Open,NA,NA,NA,1,1
2020-10_south-west_stereo-BRUVs,FH57,Biota,Bryozoa,NA,NA,Open,NA,NA,NA,20000000,2
2020-10_south-west_stereo-BRUVs,FH57,Physical,Consolidated,Cobbles,No biota,Open,NA,NA,NA,82001004,1
2020-10_south-west_stereo-BRUVs,FH57,Physical,Consolidated,Cobbles,Turf mat,Open,NA,NA,NA,82001004,1
2020-10_south-west_stereo-BRUVs,FH57,Physical,Consolidated,Rock,Turf mat,Open,NA,NA,NA,82001002,1
2020-10_south-west_stereo-BRUVs,FH57,Physical,Consolidated,Rock,Turf mat,NA,NA,NA,NA,82001002,3
2020-10_south-west_stereo-BRUVs,FH57,Biota,Macroalgae,Erect fine branching,Red,Open,NA,NA,NA,80300910,2
2020-10_south-west_stereo-BRUVs,FH57,Biota,Macroalgae,Filamentous and filiform,NA,Open,NA,NA,NA,80300930,1
2020-10_south-west_stereo-BRUVs,FH57,Biota,Macroalgae,Large canopy-forming,Ecklonia radiata,Open,Lessoniaceae,Ecklonia,radiata,54079009,1
2020-10_south-west_stereo-BRUVs,FH57,Biota,Macroalgae,Small mixed,NA,Open,NA,NA,NA,80300000,1
2020-10_south-west_stereo-BRUVs,FH57,Biota,Open Water,NA,NA,Open,NA,NA,NA,1,2
2020-10_south-west_stereo-BRUVs,FH57,Biota,Seagrasses,Strap-like leaves,Thalassodendrum sp.,Open,Cymodoceaceae,Thalassodendron,spp,63618905,1
2020-10_south-west_stereo-BRUVs,FH57,Biota,Sponges,Crusts,NA,Open,NA,NA,NA,10000901,5
2020-10_south-west_stereo-BRUVs,FH57,Biota,Sponges,Massive forms,NA,Open,NA,NA,NA,10000903,3
2020-10_south-west_stereo-BRUVs,FH57,Physical,Unconsolidated,Sand,mud (coarse sand),Open,NA,NA,NA,82001014,13
2020-10_south-west_stereo-BRUVs,FH57,Biota,Unknown,NA,NA,Limited,NA,NA,NA,1,3
2020-10_south-west_stereo-BRUVs,FH58,Physical,Consolidated,Rock,No biota,Open,NA,NA,NA,82001002,1
2020-10_south-west_stereo-BRUVs,FH58,Physical,Consolidated,Rock,Turf mat,Open,NA,NA,NA,82001002,2
2020-10_south-west_stereo-BRUVs,FH58,Physical,Consolidated,Rock,Turf mat,NA,NA,NA,NA,82001002,1
2020-10_south-west_stereo-BRUVs,FH58,Biota,Macroalgae,Erect course branching,Brown,Open,NA,NA,NA,80300904,6
2020-10_south-west_stereo-BRUVs,FH58,Biota,Macroalgae,Erect fine branching,Red,Open,NA,NA,NA,80300910,5
2020-10_south-west_stereo-BRUVs,FH58,Biota,Open Water,NA,NA,Open,NA,NA,NA,1,4
2020-10_south-west_stereo-BRUVs,FH58,Biota,Seagrasses,Strap-like leaves,Thalassodendrum sp.,Open,Cymodoceaceae,Thalassodendron,spp,63618905,3
2020-10_south-west_stereo-BRUVs,FH58,Physical,Unconsolidated,Sand,mud (coarse sand),Open,NA,NA,NA,82001014,14
2020-10_south-west_stereo-BRUVs,FH58,Biota,Unknown,NA,NA,Limited,NA,NA,NA,1,2
2020-10_south-west_stereo-BRUVs,FH58,Biota,Unknown,NA,NA,Open,NA,NA,NA,1,2
2020-10_south-west_stereo-BRUVs,FH59,Physical,Consolidated,Rock,No biota,Open,NA,NA,NA,82001002,2
2020-10_south-west_stereo-BRUVs,FH59,Biota,Macroalgae,Erect course branching,Brown,Open,NA,NA,NA,80300904,5
2020-10_south-west_stereo-BRUVs,FH59,Biota,Macroalgae,Erect fine branching,Red,Open,NA,NA,NA,80300910,3
2020-10_south-west_stereo-BRUVs,FH59,Physical,Unconsolidated,Sand,mud (coarse sand),Open,NA,NA,NA,82001014,6
2020-10_south-west_stereo-BRUVs,FH59,Biota,Unknown,NA,NA,Limited,NA,NA,NA,1,4
2020-10_south-west_stereo-BRUVs,FH6,Biota,Macroalgae,Erect fine branching,Red,Open,NA,NA,NA,80300910,6
2020-10_south-west_stereo-BRUVs,FH6,Biota,Macroalgae,Large canopy-forming,Ecklonia radiata,Open,Lessoniaceae,Ecklonia,radiata,54079009,1
2020-10_south-west_stereo-BRUVs,FH6,Biota,Open Water,NA,NA,Open,NA,NA,NA,1,4
2020-10_south-west_stereo-BRUVs,FH6,Biota,Seagrasses,Strap-like leaves,Thalassodendrum sp.,Open,Cymodoceaceae,Thalassodendron,spp,63618905,3
2020-10_south-west_stereo-BRUVs,FH6,Physical,Unconsolidated,Sand,mud (coarse sand),Open,NA,NA,NA,82001014,1
2020-10_south-west_stereo-BRUVs,FH6,Biota,Unknown,NA,NA,Limited,NA,NA,NA,1,2
2020-10_south-west_stereo-BRUVs,FH6,Biota,Unknown,NA,NA,Open,NA,NA,NA,1,3
2020-10_south-west_stereo-BRUVs,FH60,Physical,Consolidated,Rock,No biota,Open,NA,NA,NA,82001002,3
2020-10_south-west_stereo-BRUVs,FH60,Physical,Consolidated,Rock,Turf mat,Open,NA,NA,NA,82001002,3
2020-10_south-west_stereo-BRUVs,FH60,Physical,Consolidated,Rock,Turf mat,NA,NA,NA,NA,82001002,2
2020-10_south-west_stereo-BRUVs,FH60,Biota,Macroalgae,Erect fine branching,Red,Open,NA,NA,NA,80300910,6
2020-10_south-west_stereo-BRUVs,FH60,Biota,Open Water,NA,NA,Open,NA,NA,NA,1,2
2020-10_south-west_stereo-BRUVs,FH60,Biota,Seagrasses,Strap-like leaves,Thalassodendrum sp.,Open,Cymodoceaceae,Thalassodendron,spp,63618905,1
2020-10_south-west_stereo-BRUVs,FH60,Biota,Sponges,Crusts,NA,Open,NA,NA,NA,10000901,1
2020-10_south-west_stereo-BRUVs,FH60,Biota,Sponges,Erect forms,NA,Open,NA,NA,NA,10000912,4
2020-10_south-west_stereo-BRUVs,FH60,Biota,Sponges,Massive forms,NA,Open,NA,NA,NA,10000903,3
2020-10_south-west_stereo-BRUVs,FH60,Physical,Unconsolidated,Sand,mud (coarse sand),Open,NA,NA,NA,82001014,6
2020-10_south-west_stereo-BRUVs,FH60,Biota,Unknown,NA,NA,Limited,NA,NA,NA,1,2
2020-10_south-west_stereo-BRUVs,FH60,Biota,Unknown,NA,NA,Open,NA,NA,NA,1,7
2020-10_south-west_stereo-BRUVs,FH61,Biota,Macroalgae,Erect course branching,Brown,Open,NA,NA,NA,80300904,7
2020-10_south-west_stereo-BRUVs,FH61,Biota,Macroalgae,Large canopy-forming,Ecklonia radiata,Open,Lessoniaceae,Ecklonia,radiata,54079009,5
2020-10_south-west_stereo-BRUVs,FH61,Biota,Open Water,NA,NA,Open,NA,NA,NA,1,6
2020-10_south-west_stereo-BRUVs,FH61,Biota,Seagrasses,Strap-like leaves,Thalassodendrum sp.,Open,Cymodoceaceae,Thalassodendron,spp,63618905,11
2020-10_south-west_stereo-BRUVs,FH61,Biota,Sponges,Erect forms,NA,Open,NA,NA,NA,10000912,1
2020-10_south-west_stereo-BRUVs,FH61,Biota,Sponges,Massive forms,NA,Open,NA,NA,NA,10000903,5
2020-10_south-west_stereo-BRUVs,FH61,Biota,Stony corals,Branching,Live,Open,NA,NA,NA,11290912,1
2020-10_south-west_stereo-BRUVs,FH61,Biota,Unknown,NA,NA,Limited,NA,NA,NA,1,3
2020-10_south-west_stereo-BRUVs,FH61,Biota,Unknown,NA,NA,Open,NA,NA,NA,1,1
2020-10_south-west_stereo-BRUVs,FH62,Biota,Bryozoa,NA,NA,Open,NA,NA,NA,20000000,1
2020-10_south-west_stereo-BRUVs,FH62,Physical,Consolidated,Rock,No biota,Open,NA,NA,NA,82001002,1
2020-10_south-west_stereo-BRUVs,FH62,Physical,Consolidated,Rock,Turf mat,Open,NA,NA,NA,82001002,6
2020-10_south-west_stereo-BRUVs,FH62,Biota,Macroalgae,Erect course branching,Green,Open,NA,NA,NA,80300905,1
2020-10_south-west_stereo-BRUVs,FH62,Biota,Macroalgae,Erect course branching,Red,Open,NA,NA,NA,80300906,2
2020-10_south-west_stereo-BRUVs,FH62,Biota,Macroalgae,Erect fine branching,Green,Open,NA,NA,NA,80300909,1
2020-10_south-west_stereo-BRUVs,FH62,Biota,Macroalgae,Erect fine branching,Red,Open,NA,NA,NA,80300910,3
2020-10_south-west_stereo-BRUVs,FH62,Biota,Macroalgae,Filamentous and filiform,NA,Open,NA,NA,NA,80300930,2
2020-10_south-west_stereo-BRUVs,FH62,Biota,Open Water,NA,NA,Open,NA,NA,NA,1,2
2020-10_south-west_stereo-BRUVs,FH62,Biota,Seagrasses,Strap-like leaves,Thalassodendrum sp.,Open,Cymodoceaceae,Thalassodendron,spp,63618905,2
2020-10_south-west_stereo-BRUVs,FH62,Biota,Sponges,Massive forms,NA,Open,NA,NA,NA,10000903,3
2020-10_south-west_stereo-BRUVs,FH62,Biota,Sponges,Small mixed,NA,Open,NA,NA,NA,10000000,1
2020-10_south-west_stereo-BRUVs,FH62,Physical,Unconsolidated,Sand,mud (coarse sand),Open,NA,NA,NA,82001014,9
2020-10_south-west_stereo-BRUVs,FH62,Biota,Unknown,NA,NA,Limited,NA,NA,NA,1,2
2020-10_south-west_stereo-BRUVs,FH62,Biota,Unknown,NA,NA,Open,NA,NA,NA,1,4
2020-10_south-west_stereo-BRUVs,FH63,Physical,Consolidated,Rock,No biota,Open,NA,NA,NA,82001002,1
2020-10_south-west_stereo-BRUVs,FH63,Biota,Macroalgae,Erect course branching,Brown,Open,NA,NA,NA,80300904,12
2020-10_south-west_stereo-BRUVs,FH63,Biota,Macroalgae,Erect fine branching,Red,Open,NA,NA,NA,80300910,4
2020-10_south-west_stereo-BRUVs,FH63,Biota,Macroalgae,Large canopy-forming,Ecklonia radiata,Open,Lessoniaceae,Ecklonia,radiata,54079009,1
2020-10_south-west_stereo-BRUVs,FH63,Biota,Macroalgae,Large canopy-forming,Scytothalia dorycarpa,Open,Seirococcaceae,Scytothalia,dorycarpa,54102005,7
2020-10_south-west_stereo-BRUVs,FH63,Physical,Unconsolidated,Sand,mud (coarse sand),Open,NA,NA,NA,82001014,9
2020-10_south-west_stereo-BRUVs,FH63,Biota,Unknown,NA,NA,Limited,NA,NA,NA,1,5
2020-10_south-west_stereo-BRUVs,FH63,Biota,Unknown,NA,NA,Open,NA,NA,NA,1,1
2020-10_south-west_stereo-BRUVs,FH64,Biota,Open Water,NA,NA,Open,NA,NA,NA,1,3
2020-10_south-west_stereo-BRUVs,FH64,Physical,Unconsolidated,Sand,mud (coarse sand),Open,NA,NA,NA,82001014,35
2020-10_south-west_stereo-BRUVs,FH64,Biota,Unknown,NA,NA,Limited,NA,NA,NA,1,2
2020-10_south-west_stereo-BRUVs,FH65,Physical,Consolidated,Rock,Turf mat,Open,NA,NA,NA,82001002,2
2020-10_south-west_stereo-BRUVs,FH65,Physical,Consolidated,Rock,Veneer,Open,NA,NA,NA,82001002,1
2020-10_south-west_stereo-BRUVs,FH65,Biota,Macroalgae,Erect course branching,Brown,Open,NA,NA,NA,80300904,5
2020-10_south-west_stereo-BRUVs,FH65,Biota,Macroalgae,Erect fine branching,Red,Open,NA,NA,NA,80300910,3
2020-10_south-west_stereo-BRUVs,FH65,Biota,Macroalgae,Large canopy-forming,Ecklonia radiata,Open,Lessoniaceae,Ecklonia,radiata,54079009,3
2020-10_south-west_stereo-BRUVs,FH65,Biota,Sponges,Massive forms,NA,Open,NA,NA,NA,10000903,1
2020-10_south-west_stereo-BRUVs,FH65,Physical,Unconsolidated,Sand,mud (coarse sand),Open,NA,NA,NA,82001014,4
2020-10_south-west_stereo-BRUVs,FH65,Biota,Unknown,NA,NA,Limited,NA,NA,NA,1,1
2020-10_south-west_stereo-BRUVs,FH66,Physical,Consolidated,Rock,Turf mat,Open,NA,NA,NA,82001002,1
2020-10_south-west_stereo-BRUVs,FH66,Biota,Macroalgae,Erect course branching,Brown,Open,NA,NA,NA,80300904,3
2020-10_south-west_stereo-BRUVs,FH66,Biota,Macroalgae,Erect fine branching,Red,Open,NA,NA,NA,80300910,2
2020-10_south-west_stereo-BRUVs,FH66,Biota,Macroalgae,Large canopy-forming,Ecklonia radiata,Open,Lessoniaceae,Ecklonia,radiata,54079009,2
2020-10_south-west_stereo-BRUVs,FH66,Biota,Open Water,NA,NA,Open,NA,NA,NA,1,7
2020-10_south-west_stereo-BRUVs,FH66,Biota,Seagrasses,Strap-like leaves,Thalassodendrum sp.,Open,Cymodoceaceae,Thalassodendron,spp,63618905,16
2020-10_south-west_stereo-BRUVs,FH66,Biota,Sponges,Massive forms,NA,Open,NA,NA,NA,10000903,3
2020-10_south-west_stereo-BRUVs,FH66,Biota,Unknown,NA,NA,Limited,NA,NA,NA,1,4
2020-10_south-west_stereo-BRUVs,FH66,Biota,Unknown,NA,NA,Open,NA,NA,NA,1,2
2020-10_south-west_stereo-BRUVs,FH67,Biota,Macroalgae,Erect fine branching,Red,Open,NA,NA,NA,80300910,2
2020-10_south-west_stereo-BRUVs,FH67,Biota,Open Water,NA,NA,Open,NA,NA,NA,1,10
2020-10_south-west_stereo-BRUVs,FH67,Physical,Unconsolidated,Sand,mud (coarse sand),Open,NA,NA,NA,82001014,25
2020-10_south-west_stereo-BRUVs,FH67,Biota,Unknown,NA,NA,Limited,NA,NA,NA,1,3
2020-10_south-west_stereo-BRUVs,FH68,Physical,Consolidated,Rock,Turf mat,Open,NA,NA,NA,82001002,8
2020-10_south-west_stereo-BRUVs,FH68,Physical,Consolidated,Rock,Turf mat,NA,NA,NA,NA,82001002,2
2020-10_south-west_stereo-BRUVs,FH68,Biota,Macroalgae,Erect course branching,Brown,Open,NA,NA,NA,80300904,6
2020-10_south-west_stereo-BRUVs,FH68,Biota,Macroalgae,Erect fine branching,Red,Open,NA,NA,NA,80300910,5
2020-10_south-west_stereo-BRUVs,FH68,Biota,Macroalgae,Large canopy-forming,Ecklonia radiata,Open,Lessoniaceae,Ecklonia,radiata,54079009,4
2020-10_south-west_stereo-BRUVs,FH68,Biota,Open Water,NA,NA,Open,NA,NA,NA,1,5
2020-10_south-west_stereo-BRUVs,FH68,Biota,Seagrasses,Strap-like leaves,Thalassodendrum sp.,Open,Cymodoceaceae,Thalassodendron,spp,63618905,4
2020-10_south-west_stereo-BRUVs,FH68,Physical,Unconsolidated,Sand,mud (coarse sand),Open,NA,NA,NA,82001014,2
2020-10_south-west_stereo-BRUVs,FH68,Biota,Unknown,NA,NA,Limited,NA,NA,NA,1,3
2020-10_south-west_stereo-BRUVs,FH68,Biota,Unknown,NA,NA,Open,NA,NA,NA,1,1
2020-10_south-west_stereo-BRUVs,FH69,Physical,Consolidated,Rock,Turf mat,Open,NA,NA,NA,82001002,8
2020-10_south-west_stereo-BRUVs,FH69,Biota,Macroalgae,Erect course branching,Brown,Open,NA,NA,NA,80300904,2
2020-10_south-west_stereo-BRUVs,FH69,Biota,Macroalgae,Erect fine branching,Red,Open,NA,NA,NA,80300910,3
2020-10_south-west_stereo-BRUVs,FH69,Biota,Macroalgae,Sheet-like membranous,NA,Open,NA,NA,NA,80300922,1
2020-10_south-west_stereo-BRUVs,FH69,Biota,Open Water,NA,NA,Open,NA,NA,NA,1,11
2020-10_south-west_stereo-BRUVs,FH69,Biota,Seagrasses,Strap-like leaves,Thalassodendrum sp.,Open,Cymodoceaceae,Thalassodendron,spp,63618905,4
2020-10_south-west_stereo-BRUVs,FH69,Biota,Sponges,Erect forms,NA,Open,NA,NA,NA,10000912,3
2020-10_south-west_stereo-BRUVs,FH69,Biota,Sponges,Massive forms,NA,Open,NA,NA,NA,10000903,1
2020-10_south-west_stereo-BRUVs,FH69,Biota,Sponges,Small mixed,NA,Open,NA,NA,NA,10000000,1
2020-10_south-west_stereo-BRUVs,FH69,Biota,Unknown,NA,NA,Limited,NA,NA,NA,1,4
2020-10_south-west_stereo-BRUVs,FH69,Biota,Unknown,NA,NA,Open,NA,NA,NA,1,2
2020-10_south-west_stereo-BRUVs,FH7,Physical,Consolidated,Rock,Turf mat,Open,NA,NA,NA,82001002,6
2020-10_south-west_stereo-BRUVs,FH7,Biota,Hydroids,NA,NA,Open,NA,NA,NA,11001000,1
2020-10_south-west_stereo-BRUVs,FH7,Biota,Invertebrate Complex,Complex 1,NA,Open,NA,NA,NA,99900044,1
2020-10_south-west_stereo-BRUVs,FH7,Biota,Macroalgae,Erect course branching,Brown,Open,NA,NA,NA,80300904,6
2020-10_south-west_stereo-BRUVs,FH7,Biota,Macroalgae,Erect course branching,Green,Open,NA,NA,NA,80300905,1
2020-10_south-west_stereo-BRUVs,FH7,Biota,Macroalgae,Erect fine branching,Red,Open,NA,NA,NA,80300910,5
2020-10_south-west_stereo-BRUVs,FH7,Biota,Open Water,NA,NA,Open,NA,NA,NA,1,7
2020-10_south-west_stereo-BRUVs,FH7,Biota,Seagrasses,Strap-like leaves,Thalassodendrum sp.,Open,Cymodoceaceae,Thalassodendron,spp,63618905,4
2020-10_south-west_stereo-BRUVs,FH7,Biota,Sponges,Erect forms,NA,Open,NA,NA,NA,10000912,1
2020-10_south-west_stereo-BRUVs,FH7,Biota,Sponges,Massive forms,NA,Open,NA,NA,NA,10000903,2
2020-10_south-west_stereo-BRUVs,FH7,Biota,Sponges,Small mixed,NA,Open,NA,NA,NA,10000000,1
2020-10_south-west_stereo-BRUVs,FH7,Biota,Stony corals,Massive,Live,Open,NA,NA,NA,11290906,1
2020-10_south-west_stereo-BRUVs,FH7,Biota,Unknown,NA,NA,Limited,NA,NA,NA,1,3
2020-10_south-west_stereo-BRUVs,FH7,Biota,Unknown,NA,NA,Open,NA,NA,NA,1,1
2020-10_south-west_stereo-BRUVs,FH70,Physical,Consolidated,Rock,Turf mat,Open,NA,NA,NA,82001002,2
2020-10_south-west_stereo-BRUVs,FH70,Biota,Macroalgae,Erect course branching,Brown,Open,NA,NA,NA,80300904,4
2020-10_south-west_stereo-BRUVs,FH70,Biota,Macroalgae,Erect fine branching,Red,Open,NA,NA,NA,80300910,1
2020-10_south-west_stereo-BRUVs,FH70,Biota,Open Water,NA,NA,Open,NA,NA,NA,1,3
2020-10_south-west_stereo-BRUVs,FH70,Biota,Sponges,Erect forms,NA,Open,NA,NA,NA,10000912,7
2020-10_south-west_stereo-BRUVs,FH70,Physical,Unconsolidated,Sand,mud (coarse sand),Open,NA,NA,NA,82001014,12
2020-10_south-west_stereo-BRUVs,FH70,Biota,Unknown,NA,NA,Limited,NA,NA,NA,1,3
2020-10_south-west_stereo-BRUVs,FH70,Biota,Unknown,NA,NA,Open,NA,NA,NA,1,8
2020-10_south-west_stereo-BRUVs,FH71,Biota,Bryozoa,NA,NA,Open,NA,NA,NA,20000000,1
2020-10_south-west_stereo-BRUVs,FH71,Biota,Invertebrate Complex,Complex 1,NA,Open,NA,NA,NA,99900044,1
2020-10_south-west_stereo-BRUVs,FH71,Biota,Macroalgae,Erect course branching,Brown,Open,NA,NA,NA,80300904,1
2020-10_south-west_stereo-BRUVs,FH71,Biota,Macroalgae,Erect course branching,Red,Open,NA,NA,NA,80300906,2
2020-10_south-west_stereo-BRUVs,FH71,Biota,Macroalgae,Erect fine branching,Red,Open,NA,NA,NA,80300910,5
2020-10_south-west_stereo-BRUVs,FH71,Biota,Macroalgae,Large canopy-forming,Ecklonia radiata,Open,Lessoniaceae,Ecklonia,radiata,54079009,14
2020-10_south-west_stereo-BRUVs,FH71,Biota,Open Water,NA,NA,Open,NA,NA,NA,1,1
2020-10_south-west_stereo-BRUVs,FH71,Biota,Seagrasses,Strap-like leaves,Thalassodendrum sp.,Open,Cymodoceaceae,Thalassodendron,spp,63618905,7
2020-10_south-west_stereo-BRUVs,FH71,Biota,Sponges,Erect forms,NA,Open,NA,NA,NA,10000912,3
2020-10_south-west_stereo-BRUVs,FH71,Biota,Sponges,Massive forms,NA,Open,NA,NA,NA,10000903,1
2020-10_south-west_stereo-BRUVs,FH71,Physical,Unconsolidated,Sand,mud (coarse sand),Open,NA,NA,NA,82001014,2
2020-10_south-west_stereo-BRUVs,FH71,Biota,Unknown,NA,NA,Open,NA,NA,NA,1,2
2020-10_south-west_stereo-BRUVs,FH72,Biota,Macroalgae,Erect fine branching,Green,Open,NA,NA,NA,80300909,1
2020-10_south-west_stereo-BRUVs,FH72,Biota,Macroalgae,Erect fine branching,Red,Open,NA,NA,NA,80300910,1
2020-10_south-west_stereo-BRUVs,FH72,Biota,Open Water,NA,NA,Open,NA,NA,NA,1,3
2020-10_south-west_stereo-BRUVs,FH72,Biota,Sponges,Crusts,NA,Open,NA,NA,NA,10000901,1
2020-10_south-west_stereo-BRUVs,FH72,Biota,Sponges,Erect forms,NA,Open,NA,NA,NA,10000912,3
2020-10_south-west_stereo-BRUVs,FH72,Biota,Sponges,Massive forms,NA,Open,NA,NA,NA,10000903,16
2020-10_south-west_stereo-BRUVs,FH72,Biota,Sponges,Small mixed,NA,Open,NA,NA,NA,10000000,5
2020-10_south-west_stereo-BRUVs,FH72,Biota,Unknown,NA,NA,Limited,NA,NA,NA,1,2
2020-10_south-west_stereo-BRUVs,FH72,Biota,Unknown,NA,NA,Open,NA,NA,NA,1,8
2020-10_south-west_stereo-BRUVs,FH74,Biota,Bryozoa,NA,NA,Open,NA,NA,NA,20000000,1
2020-10_south-west_stereo-BRUVs,FH74,Physical,Consolidated,Rock,Turf mat,Open,NA,NA,NA,82001002,5
2020-10_south-west_stereo-BRUVs,FH74,Physical,Consolidated,Rock,Veneer,Open,NA,NA,NA,82001002,1
2020-10_south-west_stereo-BRUVs,FH74,Biota,Macroalgae,Erect course branching,Brown,Open,NA,NA,NA,80300904,2
2020-10_south-west_stereo-BRUVs,FH74,Biota,Macroalgae,Erect fine branching,Red,Open,NA,NA,NA,80300910,1
2020-10_south-west_stereo-BRUVs,FH74,Biota,Open Water,NA,NA,Open,NA,NA,NA,1,1
2020-10_south-west_stereo-BRUVs,FH74,Biota,Seagrasses,Strap-like leaves,Thalassodendrum sp.,Open,Cymodoceaceae,Thalassodendron,spp,63618905,14
2020-10_south-west_stereo-BRUVs,FH74,Biota,Sponges,Small mixed,NA,Open,NA,NA,NA,10000000,1
2020-10_south-west_stereo-BRUVs,FH74,Physical,Unconsolidated,Sand,mud (coarse sand),Open,NA,NA,NA,82001014,8
2020-10_south-west_stereo-BRUVs,FH74,Biota,Unknown,NA,NA,Limited,NA,NA,NA,1,3
2020-10_south-west_stereo-BRUVs,FH74,Biota,Unknown,NA,NA,Open,NA,NA,NA,1,3
2020-10_south-west_stereo-BRUVs,FH77,Physical,Consolidated,Boulder,Turf mat,Open,NA,NA,NA,82001003,1
2020-10_south-west_stereo-BRUVs,FH77,Physical,Consolidated,Rock,Turf mat,Open,NA,NA,NA,82001002,4
2020-10_south-west_stereo-BRUVs,FH77,Biota,Macroalgae,Erect course branching,Brown,Open,NA,NA,NA,80300904,18
2020-10_south-west_stereo-BRUVs,FH77,Biota,Macroalgae,Erect fine branching,Red,Open,NA,NA,NA,80300910,1
2020-10_south-west_stereo-BRUVs,FH77,Biota,Macroalgae,Small mixed,NA,Open,NA,NA,NA,80300000,2
2020-10_south-west_stereo-BRUVs,FH77,Biota,Open Water,NA,NA,Open,NA,NA,NA,1,2
2020-10_south-west_stereo-BRUVs,FH77,Biota,Seagrasses,Strap-like leaves,Thalassodendrum sp.,Open,Cymodoceaceae,Thalassodendron,spp,63618905,1
2020-10_south-west_stereo-BRUVs,FH77,Biota,Sponges,Massive forms,NA,Open,NA,NA,NA,10000903,1
2020-10_south-west_stereo-BRUVs,FH77,Physical,Unconsolidated,Sand,mud (coarse sand),Open,NA,NA,NA,82001014,2
2020-10_south-west_stereo-BRUVs,FH77,Biota,Unknown,NA,NA,Limited,NA,NA,NA,1,4
2020-10_south-west_stereo-BRUVs,FH77,Biota,Unknown,NA,NA,Open,NA,NA,NA,1,4
2020-10_south-west_stereo-BRUVs,FH78,Physical,Consolidated,Rock,No biota,Open,NA,NA,NA,82001002,3
2020-10_south-west_stereo-BRUVs,FH78,Biota,Open Water,NA,NA,Open,NA,NA,NA,1,9
2020-10_south-west_stereo-BRUVs,FH78,Physical,Unconsolidated,Sand,mud (coarse sand),Open,NA,NA,NA,82001014,23
2020-10_south-west_stereo-BRUVs,FH78,Biota,Unknown,NA,NA,Limited,NA,NA,NA,1,5
2020-10_south-west_stereo-BRUVs,FH79,Physical,Consolidated,Rock,Turf mat,Open,NA,NA,NA,82001002,7
2020-10_south-west_stereo-BRUVs,FH79,Biota,Macroalgae,Erect course branching,Brown,Open,NA,NA,NA,80300904,3
2020-10_south-west_stereo-BRUVs,FH79,Biota,Macroalgae,Erect fine branching,Red,Open,NA,NA,NA,80300910,3
2020-10_south-west_stereo-BRUVs,FH79,Biota,Macroalgae,Large canopy-forming,Ecklonia radiata,Open,Lessoniaceae,Ecklonia,radiata,54079009,6
2020-10_south-west_stereo-BRUVs,FH79,Biota,Open Water,NA,NA,Open,NA,NA,NA,1,3
2020-10_south-west_stereo-BRUVs,FH79,Biota,Seagrasses,Strap-like leaves,Thalassodendrum sp.,Open,Cymodoceaceae,Thalassodendron,spp,63618905,11
2020-10_south-west_stereo-BRUVs,FH79,Biota,Sponges,Massive forms,NA,Open,NA,NA,NA,10000903,3
2020-10_south-west_stereo-BRUVs,FH79,Biota,Sponges,Small mixed,NA,Open,NA,NA,NA,10000000,2
2020-10_south-west_stereo-BRUVs,FH79,Biota,Unknown,NA,NA,Limited,NA,NA,NA,1,2
2020-10_south-west_stereo-BRUVs,FH8,Physical,Consolidated,Rock,Turf mat,Open,NA,NA,NA,82001002,5
2020-10_south-west_stereo-BRUVs,FH8,Biota,Macroalgae,Articulated calcareous,NA,Open,NA,NA,NA,80300911,1
2020-10_south-west_stereo-BRUVs,FH8,Biota,Macroalgae,Erect course branching,Brown,Open,NA,NA,NA,80300904,3
2020-10_south-west_stereo-BRUVs,FH8,Biota,Macroalgae,Erect fine branching,Red,Open,NA,NA,NA,80300910,3
2020-10_south-west_stereo-BRUVs,FH8,Biota,Macroalgae,Filamentous and filiform,NA,Open,NA,NA,NA,80300930,1
2020-10_south-west_stereo-BRUVs,FH8,Biota,Macroalgae,Large canopy-forming,Ecklonia radiata,Open,Lessoniaceae,Ecklonia,radiata,54079009,3
2020-10_south-west_stereo-BRUVs,FH8,Biota,Open Water,NA,NA,Open,NA,NA,NA,1,4
2020-10_south-west_stereo-BRUVs,FH8,Biota,Seagrasses,Strap-like leaves,Thalassodendrum sp.,Open,Cymodoceaceae,Thalassodendron,spp,63618905,10
2020-10_south-west_stereo-BRUVs,FH8,Biota,Sponges,Hollow forms,NA,Open,NA,NA,NA,10000909,1
2020-10_south-west_stereo-BRUVs,FH8,Biota,Sponges,Massive forms,NA,Open,NA,NA,NA,10000903,1
2020-10_south-west_stereo-BRUVs,FH8,Biota,Sponges,Small mixed,NA,Open,NA,NA,NA,10000000,1
2020-10_south-west_stereo-BRUVs,FH8,Physical,Unconsolidated,Sand,mud (coarse sand),Open,NA,NA,NA,82001014,1
2020-10_south-west_stereo-BRUVs,FH8,Biota,Unknown,NA,NA,Limited,NA,NA,NA,1,3
2020-10_south-west_stereo-BRUVs,FH8,Biota,Unknown,NA,NA,Open,NA,NA,NA,1,3
2020-10_south-west_stereo-BRUVs,FH82,Biota,Bryozoa,NA,NA,Open,NA,NA,NA,20000000,3
2020-10_south-west_stereo-BRUVs,FH82,Physical,Consolidated,Rock,Turf mat,NA,NA,NA,NA,82001002,1
2020-10_south-west_stereo-BRUVs,FH82,Biota,Invertebrate Complex,Complex 1,NA,Open,NA,NA,NA,99900044,4
2020-10_south-west_stereo-BRUVs,FH82,Biota,Macroalgae,Erect fine branching,Red,Open,NA,NA,NA,80300910,4
2020-10_south-west_stereo-BRUVs,FH82,Biota,Macroalgae,Filamentous and filiform,NA,Open,NA,NA,NA,80300930,1
2020-10_south-west_stereo-BRUVs,FH82,Biota,Open Water,NA,NA,Open,NA,NA,NA,1,3
2020-10_south-west_stereo-BRUVs,FH82,Biota,Sponges,Erect forms,NA,Open,NA,NA,NA,10000912,1
2020-10_south-west_stereo-BRUVs,FH82,Biota,Sponges,Small mixed,NA,Open,NA,NA,NA,10000000,1
2020-10_south-west_stereo-BRUVs,FH82,Physical,Unconsolidated,Sand,mud (coarse sand),Open,NA,NA,NA,82001014,17
2020-10_south-west_stereo-BRUVs,FH82,Biota,Unknown,NA,NA,Limited,NA,NA,NA,1,4
2020-10_south-west_stereo-BRUVs,FH82,Biota,Unknown,NA,NA,Open,NA,NA,NA,1,1
2020-10_south-west_stereo-BRUVs,FH83,Physical,Consolidated,Rock,Turf mat,Open,NA,NA,NA,82001002,2
2020-10_south-west_stereo-BRUVs,FH83,Biota,Invertebrate Complex,Complex 1,NA,Open,NA,NA,NA,99900044,1
2020-10_south-west_stereo-BRUVs,FH83,Biota,Macroalgae,Erect course branching,Brown,Open,NA,NA,NA,80300904,13
2020-10_south-west_stereo-BRUVs,FH83,Biota,Macroalgae,Erect fine branching,Red,Open,NA,NA,NA,80300910,3
2020-10_south-west_stereo-BRUVs,FH83,Biota,Open Water,NA,NA,Open,NA,NA,NA,1,2
2020-10_south-west_stereo-BRUVs,FH83,Biota,Sponges,Small mixed,NA,Open,NA,NA,NA,10000000,1
2020-10_south-west_stereo-BRUVs,FH83,Physical,Unconsolidated,Sand,mud (coarse sand),Open,NA,NA,NA,82001014,15
2020-10_south-west_stereo-BRUVs,FH83,Biota,Unknown,NA,NA,Limited,NA,NA,NA,1,2
2020-10_south-west_stereo-BRUVs,FH83,Biota,Unknown,NA,NA,Open,NA,NA,NA,1,1
2020-10_south-west_stereo-BRUVs,FH84,Physical,Consolidated,Rock,No biota,Open,NA,NA,NA,82001002,1
2020-10_south-west_stereo-BRUVs,FH84,Physical,Consolidated,Rock,Turf mat,Open,NA,NA,NA,82001002,7
2020-10_south-west_stereo-BRUVs,FH84,Biota,Macroalgae,Erect course branching,Brown,Open,NA,NA,NA,80300904,5
2020-10_south-west_stereo-BRUVs,FH84,Biota,Macroalgae,Erect fine branching,Red,Open,NA,NA,NA,80300910,1
2020-10_south-west_stereo-BRUVs,FH84,Biota,Macroalgae,Large canopy-forming,Ecklonia radiata,Open,Lessoniaceae,Ecklonia,radiata,54079009,2
2020-10_south-west_stereo-BRUVs,FH84,Biota,Open Water,NA,NA,Open,NA,NA,NA,1,7
2020-10_south-west_stereo-BRUVs,FH84,Biota,Seagrasses,Strap-like leaves,Thalassodendrum sp.,Open,Cymodoceaceae,Thalassodendron,spp,63618905,4
2020-10_south-west_stereo-BRUVs,FH84,Biota,Sponges,Small mixed,NA,Open,NA,NA,NA,10000000,1
2020-10_south-west_stereo-BRUVs,FH84,Physical,Unconsolidated,Sand,mud (coarse sand),Open,NA,NA,NA,82001014,7
2020-10_south-west_stereo-BRUVs,FH84,Biota,Unknown,NA,NA,Limited,NA,NA,NA,1,3
2020-10_south-west_stereo-BRUVs,FH84,Biota,Unknown,NA,NA,Open,NA,NA,NA,1,2
2020-10_south-west_stereo-BRUVs,FH85,Biota,Macroalgae,Erect course branching,Brown,Open,NA,NA,NA,80300904,8
2020-10_south-west_stereo-BRUVs,FH85,Biota,Open Water,NA,NA,Open,NA,NA,NA,1,7
2020-10_south-west_stereo-BRUVs,FH85,Biota,Sponges,Massive forms,NA,Open,NA,NA,NA,10000903,1
2020-10_south-west_stereo-BRUVs,FH85,Physical,Unconsolidated,Sand,mud (coarse sand),Open,NA,NA,NA,82001014,9
2020-10_south-west_stereo-BRUVs,FH85,Biota,Unknown,NA,NA,Limited,NA,NA,NA,1,2
2020-10_south-west_stereo-BRUVs,FH85,Biota,Unknown,NA,NA,Open,NA,NA,NA,1,13
2020-10_south-west_stereo-BRUVs,FH87,Physical,Consolidated,Cobbles,Veneer,Open,NA,NA,NA,82001004,1
2020-10_south-west_stereo-BRUVs,FH87,Physical,Consolidated,Rock,Turf mat,Open,NA,NA,NA,82001002,2
2020-10_south-west_stereo-BRUVs,FH87,Physical,Consolidated,Rock,Turf mat,NA,NA,NA,NA,82001002,5
2020-10_south-west_stereo-BRUVs,FH87,Biota,Macroalgae,Erect course branching,Brown,Open,NA,NA,NA,80300904,1
2020-10_south-west_stereo-BRUVs,FH87,Biota,Macroalgae,Erect fine branching,Red,Open,NA,NA,NA,80300910,1
2020-10_south-west_stereo-BRUVs,FH87,Biota,Open Water,NA,NA,Open,NA,NA,NA,1,12
2020-10_south-west_stereo-BRUVs,FH87,Biota,Seagrasses,Strap-like leaves,Thalassodendrum sp.,Open,Cymodoceaceae,Thalassodendron,spp,63618905,7
2020-10_south-west_stereo-BRUVs,FH87,Physical,Unconsolidated,Sand,mud (coarse sand),Open,NA,NA,NA,82001014,8
2020-10_south-west_stereo-BRUVs,FH87,Biota,Unknown,NA,NA,Limited,NA,NA,NA,1,3
2020-10_south-west_stereo-BRUVs,FH89,Biota,Macroalgae,Large canopy-forming,Ecklonia radiata,Open,Lessoniaceae,Ecklonia,radiata,54079009,10
2020-10_south-west_stereo-BRUVs,FH89,Biota,Open Water,NA,NA,Open,NA,NA,NA,1,8
2020-10_south-west_stereo-BRUVs,FH89,Biota,Unknown,NA,NA,Limited,NA,NA,NA,1,2
2020-10_south-west_stereo-BRUVs,FH9,Physical,Consolidated,Rock,Turf mat,Open,NA,NA,NA,82001002,2
2020-10_south-west_stereo-BRUVs,FH9,Physical,Consolidated,Rock,Veneer,Open,NA,NA,NA,82001002,2
2020-10_south-west_stereo-BRUVs,FH9,Biota,Macroalgae,Erect course branching,Brown,Open,NA,NA,NA,80300904,4
2020-10_south-west_stereo-BRUVs,FH9,Biota,Macroalgae,Erect fine branching,Red,Open,NA,NA,NA,80300910,6
2020-10_south-west_stereo-BRUVs,FH9,Biota,Macroalgae,Laminate,NA,Open,NA,NA,NA,80300918,1
2020-10_south-west_stereo-BRUVs,FH9,Biota,Open Water,NA,NA,Open,NA,NA,NA,1,13
2020-10_south-west_stereo-BRUVs,FH9,Biota,Sponges,Massive forms,NA,Open,NA,NA,NA,10000903,1
2020-10_south-west_stereo-BRUVs,FH9,Biota,Sponges,Small mixed,NA,Open,NA,NA,NA,10000000,1
2020-10_south-west_stereo-BRUVs,FH9,Physical,Unconsolidated,Sand,mud (coarse sand),Open,NA,NA,NA,82001014,6
2020-10_south-west_stereo-BRUVs,FH9,Biota,Unknown,NA,NA,Limited,NA,NA,NA,1,4
2020-10_south-west_stereo-BRUVs,FH92,Biota,Ascidians,NA,NA,Open,NA,NA,NA,35000000,2
2020-10_south-west_stereo-BRUVs,FH92,Physical,Consolidated,Rock,No biota,Open,NA,NA,NA,82001002,1
2020-10_south-west_stereo-BRUVs,FH92,Physical,Consolidated,Rock,Turf mat,Open,NA,NA,NA,82001002,5
2020-10_south-west_stereo-BRUVs,FH92,Biota,Macroalgae,Erect course branching,Brown,Open,NA,NA,NA,80300904,7
2020-10_south-west_stereo-BRUVs,FH92,Biota,Macroalgae,Large canopy-forming,Ecklonia radiata,Open,Lessoniaceae,Ecklonia,radiata,54079009,6
2020-10_south-west_stereo-BRUVs,FH92,Biota,Open Water,NA,NA,Open,NA,NA,NA,1,6
2020-10_south-west_stereo-BRUVs,FH92,Biota,Seagrasses,Strap-like leaves,Thalassodendrum sp.,Open,Cymodoceaceae,Thalassodendron,spp,63618905,6
2020-10_south-west_stereo-BRUVs,FH92,Physical,Unconsolidated,Sand,mud (coarse sand),Open,NA,NA,NA,82001014,5
2020-10_south-west_stereo-BRUVs,FH92,Biota,Unknown,NA,NA,Open,NA,NA,NA,1,2
2020-10_south-west_stereo-BRUVs,FH93,Physical,Consolidated,Rock,Turf mat,Open,NA,NA,NA,82001002,4
2020-10_south-west_stereo-BRUVs,FH93,Biota,Seagrasses,Strap-like leaves,Thalassodendrum sp.,Open,Cymodoceaceae,Thalassodendron,spp,63618905,24
2020-10_south-west_stereo-BRUVs,FH93,Biota,Sponges,Crusts,NA,Open,NA,NA,NA,10000901,2
2020-10_south-west_stereo-BRUVs,FH93,Biota,Sponges,Erect forms,NA,Open,NA,NA,NA,10000912,3
2020-10_south-west_stereo-BRUVs,FH93,Biota,Sponges,Small mixed,NA,Open,NA,NA,NA,10000000,4
2020-10_south-west_stereo-BRUVs,FH93,Biota,Unknown,NA,NA,Limited,NA,NA,NA,1,2
2020-10_south-west_stereo-BRUVs,FH93,Biota,Unknown,NA,NA,Open,NA,NA,NA,1,1
2020-10_south-west_stereo-BRUVs,FH94,Physical,Consolidated,Rock,Turf mat,Open,NA,NA,NA,82001002,3
2020-10_south-west_stereo-BRUVs,FH94,Biota,Invertebrate Complex,Complex 1,NA,Open,NA,NA,NA,99900044,2
2020-10_south-west_stereo-BRUVs,FH94,Biota,Macroalgae,Erect course branching,Green,Open,NA,NA,NA,80300905,2
2020-10_south-west_stereo-BRUVs,FH94,Biota,Macroalgae,Erect fine branching,Red,Open,NA,NA,NA,80300910,1
2020-10_south-west_stereo-BRUVs,FH94,Biota,Sponges,Crusts,NA,Open,NA,NA,NA,10000901,2
2020-10_south-west_stereo-BRUVs,FH94,Biota,Sponges,Massive forms,NA,Open,NA,NA,NA,10000903,7
2020-10_south-west_stereo-BRUVs,FH94,Physical,Unconsolidated,Sand,mud (coarse sand),Open,NA,NA,NA,82001014,17
2020-10_south-west_stereo-BRUVs,FH94,Biota,Unknown,NA,NA,Open,NA,NA,NA,1,6
2020-10_south-west_stereo-BRUVs,FH95,Physical,Consolidated,Rock,Turf mat,Open,NA,NA,NA,82001002,1
2020-10_south-west_stereo-BRUVs,FH95,Biota,Macroalgae,Erect course branching,Brown,Open,NA,NA,NA,80300904,11
2020-10_south-west_stereo-BRUVs,FH95,Biota,Macroalgae,Erect fine branching,Red,Open,NA,NA,NA,80300910,5
2020-10_south-west_stereo-BRUVs,FH95,Biota,Open Water,NA,NA,Open,NA,NA,NA,1,7
2020-10_south-west_stereo-BRUVs,FH95,Biota,Sponges,Massive forms,NA,Open,NA,NA,NA,10000903,5
2020-10_south-west_stereo-BRUVs,FH95,Physical,Unconsolidated,Sand,mud (coarse sand),Open,NA,NA,NA,82001014,7
2020-10_south-west_stereo-BRUVs,FH95,Biota,Unknown,NA,NA,Limited,NA,NA,NA,1,2
2020-10_south-west_stereo-BRUVs,FH95,Biota,Unknown,NA,NA,Open,NA,NA,NA,1,2
2020-10_south-west_stereo-BRUVs,FH96,Physical,Consolidated,Rock,Turf mat,Open,NA,NA,NA,82001002,2
2020-10_south-west_stereo-BRUVs,FH96,Physical,Consolidated,Rock,Veneer,Open,NA,NA,NA,82001002,5
2020-10_south-west_stereo-BRUVs,FH96,Biota,Macroalgae,Erect course branching,Brown,Open,NA,NA,NA,80300904,2
2020-10_south-west_stereo-BRUVs,FH96,Biota,Macroalgae,Erect fine branching,Red,Open,NA,NA,NA,80300910,1
2020-10_south-west_stereo-BRUVs,FH96,Biota,Macroalgae,Laminate,NA,Open,NA,NA,NA,80300918,1
2020-10_south-west_stereo-BRUVs,FH96,Biota,Macroalgae,Large canopy-forming,Ecklonia radiata,Open,Lessoniaceae,Ecklonia,radiata,54079009,3
2020-10_south-west_stereo-BRUVs,FH96,Biota,Open Water,NA,NA,Open,NA,NA,NA,1,7
2020-10_south-west_stereo-BRUVs,FH96,Biota,Seagrasses,Strap-like leaves,Thalassodendrum sp.,Open,Cymodoceaceae,Thalassodendron,spp,63618905,6
2020-10_south-west_stereo-BRUVs,FH96,Biota,Sponges,Massive forms,NA,Open,NA,NA,NA,10000903,3
2020-10_south-west_stereo-BRUVs,FH96,Physical,Unconsolidated,Sand,mud (coarse sand),Open,NA,NA,NA,82001014,7
2020-10_south-west_stereo-BRUVs,FH96,Biota,Unknown,NA,NA,Limited,NA,NA,NA,1,2
2020-10_south-west_stereo-BRUVs,FH96,Biota,Unknown,NA,NA,Open,NA,NA,NA,1,1
2020-10_south-west_stereo-BRUVs,FH99,Physical,Consolidated,Rock,Turf mat,Open,NA,NA,NA,82001002,2
2020-10_south-west_stereo-BRUVs,FH99,Biota,Macroalgae,Erect course branching,Brown,Open,NA,NA,NA,80300904,16
2020-10_south-west_stereo-BRUVs,FH99,Biota,Macroalgae,Erect fine branching,Green,Open,NA,NA,NA,80300909,1
2020-10_south-west_stereo-BRUVs,FH99,Biota,Macroalgae,Erect fine branching,Red,Open,NA,NA,NA,80300910,6
2020-10_south-west_stereo-BRUVs,FH99,Biota,Open Water,NA,NA,Open,NA,NA,NA,1,1
2020-10_south-west_stereo-BRUVs,FH99,Biota,Sponges,Massive forms,NA,Open,NA,NA,NA,10000903,1
2020-10_south-west_stereo-BRUVs,FH99,Biota,Sponges,Small mixed,NA,Open,NA,NA,NA,10000000,2
2020-10_south-west_stereo-BRUVs,FH99,Physical,Unconsolidated,Sand,mud (coarse sand),Open,NA,NA,NA,82001014,5
2020-10_south-west_stereo-BRUVs,FH99,Biota,Unknown,NA,NA,Limited,NA,NA,NA,1,3
2020-10_south-west_stereo-BRUVs,FH99,Biota,Unknown,NA,NA,Open,NA,NA,NA,1,3
2020-10_south-west_stereo-BRUVs,FHA,Physical,Consolidated,Rock,No biota,Open,NA,NA,NA,82001002,1
2020-10_south-west_stereo-BRUVs,FHA,Physical,Consolidated,Rock,Turf mat,Open,NA,NA,NA,82001002,3
2020-10_south-west_stereo-BRUVs,FHA,Biota,Macroalgae,Erect course branching,Green,Open,NA,NA,NA,80300905,2
2020-10_south-west_stereo-BRUVs,FHA,Biota,Macroalgae,Erect fine branching,Red,Open,NA,NA,NA,80300910,1
2020-10_south-west_stereo-BRUVs,FHA,Biota,Sponges,Massive forms,NA,Open,NA,NA,NA,10000903,1
2020-10_south-west_stereo-BRUVs,FHA,Physical,Unconsolidated,Sand,mud (coarse sand),Open,NA,NA,NA,82001014,26
2020-10_south-west_stereo-BRUVs,FHA,Biota,Unknown,NA,NA,Limited,NA,NA,NA,1,2
2020-10_south-west_stereo-BRUVs,FHA,Biota,Unknown,NA,NA,Open,NA,NA,NA,1,4
2020-10_south-west_stereo-BRUVs,FHB,Biota,Bryozoa,NA,NA,Open,NA,NA,NA,20000000,2
2020-10_south-west_stereo-BRUVs,FHB,Physical,Consolidated,Rock,Turf mat,Open,NA,NA,NA,82001002,3
2020-10_south-west_stereo-BRUVs,FHB,Biota,Macroalgae,Erect course branching,Brown,Open,NA,NA,NA,80300904,6
2020-10_south-west_stereo-BRUVs,FHB,Biota,Macroalgae,Erect fine branching,Red,Open,NA,NA,NA,80300910,9
2020-10_south-west_stereo-BRUVs,FHB,Biota,Macroalgae,Filamentous and filiform,NA,Open,NA,NA,NA,80300930,1
2020-10_south-west_stereo-BRUVs,FHB,Biota,Sponges,Erect forms,NA,Open,NA,NA,NA,10000912,1
2020-10_south-west_stereo-BRUVs,FHB,Biota,Sponges,Massive forms,NA,Open,NA,NA,NA,10000903,3
2020-10_south-west_stereo-BRUVs,FHB,Physical,Unconsolidated,Sand,mud (coarse sand),Open,NA,NA,NA,82001014,12
2020-10_south-west_stereo-BRUVs,FHB,Biota,Unknown,NA,NA,Limited,NA,NA,NA,1,1
2020-10_south-west_stereo-BRUVs,FHB,Biota,Unknown,NA,NA,Open,NA,NA,NA,1,2
2020-10_south-west_stereo-BRUVs,FHC,Biota,Macroalgae,Erect fine branching,Red,Open,NA,NA,NA,80300910,3
2020-10_south-west_stereo-BRUVs,FHC,Biota,Macroalgae,Large canopy-forming,Ecklonia radiata,Open,Lessoniaceae,Ecklonia,radiata,54079009,30
2020-10_south-west_stereo-BRUVs,FHC,Biota,Macroalgae,Large canopy-forming,Scytothalia dorycarpa,Open,Seirococcaceae,Scytothalia,dorycarpa,54102005,5
2020-10_south-west_stereo-BRUVs,FHC,Biota,Open Water,NA,NA,Open,NA,NA,NA,1,2
2020-10_south-west_stereo-BRUVs,FHC01,Physical,Consolidated,Rock,Turf mat,Open,NA,NA,NA,82001002,7
2020-10_south-west_stereo-BRUVs,FHC01,Biota,Macroalgae,Erect course branching,Brown,Open,NA,NA,NA,80300904,4
2020-10_south-west_stereo-BRUVs,FHC01,Biota,Macroalgae,Erect fine branching,Green,Open,NA,NA,NA,80300909,1
2020-10_south-west_stereo-BRUVs,FHC01,Biota,Macroalgae,Erect fine branching,Red,Open,NA,NA,NA,80300910,9
2020-10_south-west_stereo-BRUVs,FHC01,Biota,Macroalgae,Large canopy-forming,Ecklonia radiata,Open,Lessoniaceae,Ecklonia,radiata,54079009,3
2020-10_south-west_stereo-BRUVs,FHC01,Biota,Open Water,NA,NA,Open,NA,NA,NA,1,3
2020-10_south-west_stereo-BRUVs,FHC01,Biota,Sponges,Massive forms,NA,Open,NA,NA,NA,10000903,3
2020-10_south-west_stereo-BRUVs,FHC01,Physical,Unconsolidated,Sand,mud (coarse sand),Open,NA,NA,NA,82001014,3
2020-10_south-west_stereo-BRUVs,FHC01,Biota,Unknown,NA,NA,Open,NA,NA,NA,1,7
2020-10_south-west_stereo-BRUVs,FHC02,Physical,Consolidated,Rock,Turf mat,Open,NA,NA,NA,82001002,14
2020-10_south-west_stereo-BRUVs,FHC02,Biota,Macroalgae,Encrusting,Red,Open,NA,NA,NA,80300929,1
2020-10_south-west_stereo-BRUVs,FHC02,Biota,Macroalgae,Large canopy-forming,Ecklonia radiata,Open,Lessoniaceae,Ecklonia,radiata,54079009,3
2020-10_south-west_stereo-BRUVs,FHC02,Biota,Open Water,NA,NA,Open,NA,NA,NA,1,16
2020-10_south-west_stereo-BRUVs,FHC02,Biota,Seagrasses,Strap-like leaves,Thalassodendrum sp.,Open,Cymodoceaceae,Thalassodendron,spp,63618905,6
2020-10_south-west_stereo-BRUVs,FHC03,Biota,Macroalgae,Erect fine branching,Red,Open,NA,NA,NA,80300910,1
2020-10_south-west_stereo-BRUVs,FHC03,Biota,Macroalgae,Small mixed,NA,Open,NA,NA,NA,80300000,1
2020-10_south-west_stereo-BRUVs,FHC03,Biota,Open Water,NA,NA,Open,NA,NA,NA,1,13
2020-10_south-west_stereo-BRUVs,FHC03,Biota,Seagrasses,Strap-like leaves,Thalassodendrum sp.,Open,Cymodoceaceae,Thalassodendron,spp,63618905,15
2020-10_south-west_stereo-BRUVs,FHC03,Biota,Sponges,Massive forms,NA,Open,NA,NA,NA,10000903,1
2020-10_south-west_stereo-BRUVs,FHC03,Biota,Sponges,Small mixed,NA,Open,NA,NA,NA,10000000,3
2020-10_south-west_stereo-BRUVs,FHC03,Biota,Unknown,NA,NA,Limited,NA,NA,NA,1,4
2020-10_south-west_stereo-BRUVs,FHC03,Biota,Unknown,NA,NA,Open,NA,NA,NA,1,2
2020-10_south-west_stereo-BRUVs,FHD,Biota,Macroalgae,Erect fine branching,Red,Open,NA,NA,NA,80300910,1
2020-10_south-west_stereo-BRUVs,FHD,Biota,Open Water,NA,NA,Open,NA,NA,NA,1,7
2020-10_south-west_stereo-BRUVs,FHD,Physical,Unconsolidated,Sand,mud (coarse sand),Open,NA,NA,NA,82001014,32
2020-10_south-west_stereo-BRUVs,FHE,Biota,Open Water,NA,NA,Open,NA,NA,NA,1,4
2020-10_south-west_stereo-BRUVs,FHE,Physical,Unconsolidated,Sand,mud (coarse sand),Open,NA,NA,NA,82001014,34
2020-10_south-west_stereo-BRUVs,FHE,Biota,Unknown,NA,NA,Limited,NA,NA,NA,1,2
2020-10_south-west_stereo-BRUVs,IO1,Physical,Consolidated,Rock,Turf mat,Open,NA,NA,NA,82001002,5
2020-10_south-west_stereo-BRUVs,IO1,Physical,Unconsolidated,Sand,mud (coarse sand),Open,NA,NA,NA,82001014,27
2020-10_south-west_stereo-BRUVs,IO1,Biota,Unknown,NA,NA,Limited,NA,NA,NA,1,1
2020-10_south-west_stereo-BRUVs,IO1,Biota,Unknown,NA,NA,Open,NA,NA,NA,1,7
2020-10_south-west_stereo-BRUVs,IO100,Biota,Bryozoa,NA,NA,Open,NA,NA,NA,20000000,1
2020-10_south-west_stereo-BRUVs,IO100,Physical,Consolidated,Rock,No biota,Open,NA,NA,NA,82001002,1
2020-10_south-west_stereo-BRUVs,IO100,Physical,Consolidated,Rock,Turf mat,Open,NA,NA,NA,82001002,4
2020-10_south-west_stereo-BRUVs,IO100,Physical,Consolidated,Rock,Turf mat,NA,NA,NA,NA,82001002,2
2020-10_south-west_stereo-BRUVs,IO100,Biota,Macroalgae,Encrusting,Red,Open,NA,NA,NA,80300929,1
2020-10_south-west_stereo-BRUVs,IO100,Biota,Macroalgae,Erect fine branching,Green,Open,NA,NA,NA,80300909,2
2020-10_south-west_stereo-BRUVs,IO100,Biota,Macroalgae,Erect fine branching,Red,Open,NA,NA,NA,80300910,12
2020-10_south-west_stereo-BRUVs,IO100,Biota,Macroalgae,Large canopy-forming,Ecklonia radiata,Open,Lessoniaceae,Ecklonia,radiata,54079009,2
2020-10_south-west_stereo-BRUVs,IO100,Biota,Open Water,NA,NA,Open,NA,NA,NA,1,1
2020-10_south-west_stereo-BRUVs,IO100,Biota,Sponges,Small mixed,NA,Open,NA,NA,NA,10000000,3
2020-10_south-west_stereo-BRUVs,IO100,Physical,Unconsolidated,Sand,mud (coarse sand),Open,NA,NA,NA,82001014,6
2020-10_south-west_stereo-BRUVs,IO100,Biota,Unknown,NA,NA,Limited,NA,NA,NA,1,2
2020-10_south-west_stereo-BRUVs,IO100,Biota,Unknown,NA,NA,Open,NA,NA,NA,1,3
2020-10_south-west_stereo-BRUVs,IO101,Physical,Consolidated,Rock,Turf mat,Open,NA,NA,NA,82001002,2
2020-10_south-west_stereo-BRUVs,IO101,Physical,Consolidated,Rock,Turf mat,NA,NA,NA,NA,82001002,1
2020-10_south-west_stereo-BRUVs,IO101,Biota,Macroalgae,Erect fine branching,Green,Open,NA,NA,NA,80300909,3
2020-10_south-west_stereo-BRUVs,IO101,Biota,Macroalgae,Erect fine branching,Red,Open,NA,NA,NA,80300910,15
2020-10_south-west_stereo-BRUVs,IO101,Biota,Open Water,NA,NA,Open,NA,NA,NA,1,3
2020-10_south-west_stereo-BRUVs,IO101,Biota,Sponges,Small mixed,NA,Open,NA,NA,NA,10000000,2
2020-10_south-west_stereo-BRUVs,IO101,Physical,Unconsolidated,Sand,mud (coarse sand),Open,NA,NA,NA,82001014,3
2020-10_south-west_stereo-BRUVs,IO101,Biota,Unknown,NA,NA,Limited,NA,NA,NA,1,5
2020-10_south-west_stereo-BRUVs,IO101,Biota,Unknown,NA,NA,Open,NA,NA,NA,1,6
2020-10_south-west_stereo-BRUVs,IO102,Physical,Consolidated,Rock,Turf mat,Open,NA,NA,NA,82001002,3
2020-10_south-west_stereo-BRUVs,IO102,Physical,Consolidated,Rock,Turf mat,NA,NA,NA,NA,82001002,1
2020-10_south-west_stereo-BRUVs,IO102,Physical,Consolidated,Rock,Veneer,Open,NA,NA,NA,82001002,1
2020-10_south-west_stereo-BRUVs,IO102,Biota,Invertebrate Complex,Complex 1,NA,Open,NA,NA,NA,99900044,1
2020-10_south-west_stereo-BRUVs,IO102,Biota,Macroalgae,Erect fine branching,Red,Open,NA,NA,NA,80300910,8
2020-10_south-west_stereo-BRUVs,IO102,Biota,Macroalgae,Small mixed,NA,Open,NA,NA,NA,80300000,1
2020-10_south-west_stereo-BRUVs,IO102,Biota,Open Water,NA,NA,Open,NA,NA,NA,1,2
2020-10_south-west_stereo-BRUVs,IO102,Biota,Seagrasses,Strap-like leaves,Thalassodendrum sp.,Open,Cymodoceaceae,Thalassodendron,spp,63618905,16
2020-10_south-west_stereo-BRUVs,IO102,Biota,Sponges,Massive forms,NA,Open,NA,NA,NA,10000903,3
2020-10_south-west_stereo-BRUVs,IO102,Biota,Sponges,Small mixed,NA,Open,NA,NA,NA,10000000,1
2020-10_south-west_stereo-BRUVs,IO102,Biota,Stony corals,Tabulate,Live,Open,NA,NA,NA,11290911,2
2020-10_south-west_stereo-BRUVs,IO102,Biota,Unknown,NA,NA,Limited,NA,NA,NA,1,1
2020-10_south-west_stereo-BRUVs,IO105,Biota,Hydroids,NA,NA,Open,NA,NA,NA,11001000,1
2020-10_south-west_stereo-BRUVs,IO105,Biota,Invertebrate Complex,Complex 1,NA,Open,NA,NA,NA,99900044,1
2020-10_south-west_stereo-BRUVs,IO105,Biota,Open Water,NA,NA,Open,NA,NA,NA,1,1
2020-10_south-west_stereo-BRUVs,IO105,Biota,Sponges,Erect forms,NA,Open,NA,NA,NA,10000912,1
2020-10_south-west_stereo-BRUVs,IO105,Biota,Sponges,Massive forms,NA,Open,NA,NA,NA,10000903,1
2020-10_south-west_stereo-BRUVs,IO105,Physical,Unconsolidated,Sand,mud (coarse sand),Open,NA,NA,NA,82001014,34
2020-10_south-west_stereo-BRUVs,IO105,Biota,Unknown,NA,NA,Limited,NA,NA,NA,1,1
2020-10_south-west_stereo-BRUVs,IO107,Biota,Open Water,NA,NA,Open,NA,NA,NA,1,2
2020-10_south-west_stereo-BRUVs,IO107,Physical,Unconsolidated,Sand,mud (coarse sand),Open,NA,NA,NA,82001014,35
2020-10_south-west_stereo-BRUVs,IO107,Biota,Unknown,NA,NA,Limited,NA,NA,NA,1,3
2020-10_south-west_stereo-BRUVs,IO108,Biota,Bryozoa,NA,NA,Open,NA,NA,NA,20000000,1
2020-10_south-west_stereo-BRUVs,IO108,Biota,Open Water,NA,NA,Open,NA,NA,NA,1,6
2020-10_south-west_stereo-BRUVs,IO108,Physical,Unconsolidated,Sand,mud (coarse sand),Open,NA,NA,NA,82001014,32
2020-10_south-west_stereo-BRUVs,IO108,Biota,Unknown,NA,NA,Limited,NA,NA,NA,1,1
2020-10_south-west_stereo-BRUVs,IO109,Biota,Open Water,NA,NA,Open,NA,NA,NA,1,4
2020-10_south-west_stereo-BRUVs,IO109,Physical,Unconsolidated,Sand,mud (coarse sand),Open,NA,NA,NA,82001014,33
2020-10_south-west_stereo-BRUVs,IO109,Biota,Unknown,NA,NA,Limited,NA,NA,NA,1,2
2020-10_south-west_stereo-BRUVs,IO109,Biota,Unknown,NA,NA,Open,NA,NA,NA,1,1
2020-10_south-west_stereo-BRUVs,IO110,Biota,Open Water,NA,NA,Open,NA,NA,NA,1,2
2020-10_south-west_stereo-BRUVs,IO110,Physical,Unconsolidated,Sand,mud (coarse sand),Open,NA,NA,NA,82001014,34
2020-10_south-west_stereo-BRUVs,IO110,Biota,Unknown,NA,NA,Limited,NA,NA,NA,1,4
2020-10_south-west_stereo-BRUVs,IO113,Biota,Open Water,NA,NA,Open,NA,NA,NA,1,4
2020-10_south-west_stereo-BRUVs,IO113,Physical,Unconsolidated,Sand,mud (coarse sand),Open,NA,NA,NA,82001014,33
2020-10_south-west_stereo-BRUVs,IO113,Biota,Unknown,NA,NA,Limited,NA,NA,NA,1,3
2020-10_south-west_stereo-BRUVs,IO115,Biota,Invertebrate Complex,Complex 1,NA,Open,NA,NA,NA,99900044,1
2020-10_south-west_stereo-BRUVs,IO115,Biota,Open Water,NA,NA,Open,NA,NA,NA,1,9
2020-10_south-west_stereo-BRUVs,IO115,Physical,Unconsolidated,Sand,mud (coarse sand),Open,NA,NA,NA,82001014,29
2020-10_south-west_stereo-BRUVs,IO115,Biota,Unknown,NA,NA,Limited,NA,NA,NA,1,1
2020-10_south-west_stereo-BRUVs,IO117,Biota,Open Water,NA,NA,Open,NA,NA,NA,1,3
2020-10_south-west_stereo-BRUVs,IO117,Physical,Unconsolidated,Sand,mud (coarse sand),Open,NA,NA,NA,82001014,34
2020-10_south-west_stereo-BRUVs,IO117,Biota,Unknown,NA,NA,Limited,NA,NA,NA,1,3
2020-10_south-west_stereo-BRUVs,IO119,Biota,Bryozoa,NA,NA,Open,NA,NA,NA,20000000,1
2020-10_south-west_stereo-BRUVs,IO119,Physical,Consolidated,Rock,No biota,Open,NA,NA,NA,82001002,1
2020-10_south-west_stereo-BRUVs,IO119,Physical,Consolidated,Rock,Turf mat,Open,NA,NA,NA,82001002,3
2020-10_south-west_stereo-BRUVs,IO119,Biota,Macroalgae,Erect course branching,Brown,Open,NA,NA,NA,80300904,1
2020-10_south-west_stereo-BRUVs,IO119,Biota,Macroalgae,Erect fine branching,Green,Open,NA,NA,NA,80300909,7
2020-10_south-west_stereo-BRUVs,IO119,Biota,Macroalgae,Erect fine branching,Red,Open,NA,NA,NA,80300910,13
2020-10_south-west_stereo-BRUVs,IO119,Biota,Open Water,NA,NA,Open,NA,NA,NA,1,4
2020-10_south-west_stereo-BRUVs,IO119,Biota,Sponges,Massive forms,NA,Open,NA,NA,NA,10000903,4
2020-10_south-west_stereo-BRUVs,IO119,Biota,Sponges,Small mixed,NA,Open,NA,NA,NA,10000000,1
2020-10_south-west_stereo-BRUVs,IO119,Physical,Unconsolidated,Sand,mud (coarse sand),Open,NA,NA,NA,82001014,1
2020-10_south-west_stereo-BRUVs,IO119,Biota,Unknown,NA,NA,Limited,NA,NA,NA,1,1
2020-10_south-west_stereo-BRUVs,IO119,Biota,Unknown,NA,NA,Open,NA,NA,NA,1,3
2020-10_south-west_stereo-BRUVs,IO122,Physical,Consolidated,Rock,Turf mat,Open,NA,NA,NA,82001002,2
2020-10_south-west_stereo-BRUVs,IO122,Physical,Consolidated,Rock,Turf mat,NA,NA,NA,NA,82001002,1
2020-10_south-west_stereo-BRUVs,IO122,Biota,Macroalgae,Erect course branching,Red,Open,NA,NA,NA,80300906,1
2020-10_south-west_stereo-BRUVs,IO122,Biota,Macroalgae,Erect fine branching,Green,Open,NA,NA,NA,80300909,5
2020-10_south-west_stereo-BRUVs,IO122,Biota,Macroalgae,Erect fine branching,Red,Open,NA,NA,NA,80300910,8
2020-10_south-west_stereo-BRUVs,IO122,Biota,Macroalgae,Filamentous and filiform,NA,Open,NA,NA,NA,80300930,1
2020-10_south-west_stereo-BRUVs,IO122,Biota,Macroalgae,Large canopy-forming,Ecklonia radiata,Open,Lessoniaceae,Ecklonia,radiata,54079009,8
2020-10_south-west_stereo-BRUVs,IO122,Biota,Open Water,NA,NA,Open,NA,NA,NA,1,7
2020-10_south-west_stereo-BRUVs,IO122,Physical,Unconsolidated,Sand,mud (coarse sand),Open,NA,NA,NA,82001014,5
2020-10_south-west_stereo-BRUVs,IO122,Biota,Unknown,NA,NA,Limited,NA,NA,NA,1,2
2020-10_south-west_stereo-BRUVs,IO123,Physical,Consolidated,Rock,Turf mat,Open,NA,NA,NA,82001002,13
2020-10_south-west_stereo-BRUVs,IO123,Physical,Consolidated,Rock,Turf mat,NA,NA,NA,NA,82001002,4
2020-10_south-west_stereo-BRUVs,IO123,Biota,Macroalgae,Erect course branching,Green,Open,NA,NA,NA,80300905,1
2020-10_south-west_stereo-BRUVs,IO123,Biota,Macroalgae,Erect fine branching,Red,Open,NA,NA,NA,80300910,8
2020-10_south-west_stereo-BRUVs,IO123,Biota,Macroalgae,Large canopy-forming,Ecklonia radiata,Open,Lessoniaceae,Ecklonia,radiata,54079009,5
2020-10_south-west_stereo-BRUVs,IO123,Biota,Sponges,Small mixed,NA,Open,NA,NA,NA,10000000,1
2020-10_south-west_stereo-BRUVs,IO123,Physical,Unconsolidated,Sand,mud (coarse sand),Open,NA,NA,NA,82001014,2
2020-10_south-west_stereo-BRUVs,IO123,Biota,Unknown,NA,NA,Limited,NA,NA,NA,1,2
2020-10_south-west_stereo-BRUVs,IO123,Biota,Unknown,NA,NA,Open,NA,NA,NA,1,4
2020-10_south-west_stereo-BRUVs,IO125,Physical,Consolidated,Rock,Turf mat,Open,NA,NA,NA,82001002,15
2020-10_south-west_stereo-BRUVs,IO125,Biota,Macroalgae,Erect course branching,Brown,Open,NA,NA,NA,80300904,1
2020-10_south-west_stereo-BRUVs,IO125,Biota,Macroalgae,Erect fine branching,Red,Open,NA,NA,NA,80300910,2
2020-10_south-west_stereo-BRUVs,IO125,Biota,Macroalgae,Filamentous and filiform,NA,Open,NA,NA,NA,80300930,3
2020-10_south-west_stereo-BRUVs,IO125,Biota,Macroalgae,Large canopy-forming,Ecklonia radiata,Open,Lessoniaceae,Ecklonia,radiata,54079009,5
2020-10_south-west_stereo-BRUVs,IO125,Biota,Open Water,NA,NA,Open,NA,NA,NA,1,5
2020-10_south-west_stereo-BRUVs,IO125,Physical,Unconsolidated,Sand,mud (coarse sand),Open,NA,NA,NA,82001014,4
2020-10_south-west_stereo-BRUVs,IO125,Biota,Unknown,NA,NA,Limited,NA,NA,NA,1,2
2020-10_south-west_stereo-BRUVs,IO125,Biota,Unknown,NA,NA,Open,NA,NA,NA,1,3
2020-10_south-west_stereo-BRUVs,IO126,Biota,Bryozoa,NA,NA,Open,NA,NA,NA,20000000,1
2020-10_south-west_stereo-BRUVs,IO126,Physical,Consolidated,Rock,Turf mat,Open,NA,NA,NA,82001002,5
2020-10_south-west_stereo-BRUVs,IO126,Physical,Consolidated,Rock,Turf mat,NA,NA,NA,NA,82001002,5
2020-10_south-west_stereo-BRUVs,IO126,Biota,Macroalgae,Erect course branching,Green,Open,NA,NA,NA,80300905,4
2020-10_south-west_stereo-BRUVs,IO126,Biota,Macroalgae,Erect fine branching,Red,Open,NA,NA,NA,80300910,6
2020-10_south-west_stereo-BRUVs,IO126,Biota,Macroalgae,Filamentous and filiform,NA,Open,NA,NA,NA,80300930,1
2020-10_south-west_stereo-BRUVs,IO126,Biota,Macroalgae,Large canopy-forming,Ecklonia radiata,Open,Lessoniaceae,Ecklonia,radiata,54079009,8
2020-10_south-west_stereo-BRUVs,IO126,Biota,Open Water,NA,NA,Open,NA,NA,NA,1,1
2020-10_south-west_stereo-BRUVs,IO126,Biota,Seagrasses,Strap-like leaves,Thalassodendrum sp.,Open,Cymodoceaceae,Thalassodendron,spp,63618905,4
2020-10_south-west_stereo-BRUVs,IO126,Biota,Sponges,Small mixed,NA,Open,NA,NA,NA,10000000,2
2020-10_south-west_stereo-BRUVs,IO126,Biota,Unknown,NA,NA,Limited,NA,NA,NA,1,1
2020-10_south-west_stereo-BRUVs,IO126,Biota,Unknown,NA,NA,Open,NA,NA,NA,1,2
2020-10_south-west_stereo-BRUVs,IO130,Physical,Consolidated,Rock,Turf mat,Open,NA,NA,NA,82001002,3
2020-10_south-west_stereo-BRUVs,IO130,Biota,Macroalgae,Erect course branching,Brown,Open,NA,NA,NA,80300904,1
2020-10_south-west_stereo-BRUVs,IO130,Biota,Macroalgae,Erect fine branching,Red,Open,NA,NA,NA,80300910,3
2020-10_south-west_stereo-BRUVs,IO130,Biota,Open Water,NA,NA,Open,NA,NA,NA,1,6
2020-10_south-west_stereo-BRUVs,IO130,Biota,Seagrasses,Strap-like leaves,Thalassodendrum sp.,Open,Cymodoceaceae,Thalassodendron,spp,63618905,2
2020-10_south-west_stereo-BRUVs,IO130,Biota,Unknown,NA,NA,Limited,NA,NA,NA,1,3
2020-10_south-west_stereo-BRUVs,IO130,Biota,Unknown,NA,NA,Open,NA,NA,NA,1,2
2020-10_south-west_stereo-BRUVs,IO132,Biota,Hydroids,NA,NA,Open,NA,NA,NA,11001000,1
2020-10_south-west_stereo-BRUVs,IO132,Biota,Macroalgae,Erect fine branching,Green,Open,NA,NA,NA,80300909,8
2020-10_south-west_stereo-BRUVs,IO132,Biota,Macroalgae,Erect fine branching,Red,Open,NA,NA,NA,80300910,3
2020-10_south-west_stereo-BRUVs,IO132,Biota,Open Water,NA,NA,Open,NA,NA,NA,1,9
2020-10_south-west_stereo-BRUVs,IO132,Biota,Seagrasses,Strap-like leaves,Thalassodendrum sp.,Open,Cymodoceaceae,Thalassodendron,spp,63618905,7
2020-10_south-west_stereo-BRUVs,IO132,Biota,Sponges,Erect forms,NA,Open,NA,NA,NA,10000912,5
2020-10_south-west_stereo-BRUVs,IO132,Physical,Unconsolidated,Sand,mud (coarse sand),Open,NA,NA,NA,82001014,2
2020-10_south-west_stereo-BRUVs,IO132,Biota,Unknown,NA,NA,Limited,NA,NA,NA,1,2
2020-10_south-west_stereo-BRUVs,IO132,Biota,Unknown,NA,NA,Open,NA,NA,NA,1,3
2020-10_south-west_stereo-BRUVs,IO133,Biota,Bryozoa,NA,NA,Open,NA,NA,NA,20000000,1
2020-10_south-west_stereo-BRUVs,IO133,Physical,Consolidated,Rock,Turf mat,Open,NA,NA,NA,82001002,1
2020-10_south-west_stereo-BRUVs,IO133,Biota,Macroalgae,Erect fine branching,Green,Open,NA,NA,NA,80300909,1
2020-10_south-west_stereo-BRUVs,IO133,Biota,Macroalgae,Erect fine branching,Red,Open,NA,NA,NA,80300910,5
2020-10_south-west_stereo-BRUVs,IO133,Biota,Macroalgae,Large canopy-forming,Ecklonia radiata,Open,Lessoniaceae,Ecklonia,radiata,54079009,9
2020-10_south-west_stereo-BRUVs,IO133,Biota,Open Water,NA,NA,Open,NA,NA,NA,1,5
2020-10_south-west_stereo-BRUVs,IO133,Biota,Seagrasses,Strap-like leaves,Thalassodendrum sp.,Open,Cymodoceaceae,Thalassodendron,spp,63618905,15
2020-10_south-west_stereo-BRUVs,IO133,Biota,Sponges,Massive forms,NA,Open,NA,NA,NA,10000903,1
2020-10_south-west_stereo-BRUVs,IO133,Biota,Unknown,NA,NA,Open,NA,NA,NA,1,2
2020-10_south-west_stereo-BRUVs,IO134,Physical,Consolidated,Rock,Turf mat,Open,NA,NA,NA,82001002,1
2020-10_south-west_stereo-BRUVs,IO134,Physical,Consolidated,Rock,Turf mat,NA,NA,NA,NA,82001002,1
2020-10_south-west_stereo-BRUVs,IO134,Biota,Macroalgae,Erect course branching,Brown,Open,NA,NA,NA,80300904,1
2020-10_south-west_stereo-BRUVs,IO134,Biota,Macroalgae,Erect fine branching,Red,Open,NA,NA,NA,80300910,12
2020-10_south-west_stereo-BRUVs,IO134,Biota,Macroalgae,Laminate,NA,Open,NA,NA,NA,80300918,4
2020-10_south-west_stereo-BRUVs,IO134,Biota,Macroalgae,Large canopy-forming,Ecklonia radiata,Open,Lessoniaceae,Ecklonia,radiata,54079009,2
2020-10_south-west_stereo-BRUVs,IO134,Biota,Open Water,NA,NA,Open,NA,NA,NA,1,7
2020-10_south-west_stereo-BRUVs,IO134,Biota,Seagrasses,Strap-like leaves,Thalassodendrum sp.,Open,Cymodoceaceae,Thalassodendron,spp,63618905,4
2020-10_south-west_stereo-BRUVs,IO134,Biota,Sponges,Erect forms,NA,Open,NA,NA,NA,10000912,1
2020-10_south-west_stereo-BRUVs,IO134,Biota,Sponges,Massive forms,NA,Open,NA,NA,NA,10000903,1
2020-10_south-west_stereo-BRUVs,IO134,Biota,Sponges,Small mixed,NA,Open,NA,NA,NA,10000000,1
2020-10_south-west_stereo-BRUVs,IO134,Physical,Unconsolidated,Sand,mud (coarse sand),Open,NA,NA,NA,82001014,3
2020-10_south-west_stereo-BRUVs,IO134,Biota,Unknown,NA,NA,Limited,NA,NA,NA,1,2
2020-10_south-west_stereo-BRUVs,IO145,Physical,Consolidated,Rock,Turf mat,Open,NA,NA,NA,82001002,2
2020-10_south-west_stereo-BRUVs,IO145,Physical,Consolidated,Rock,Turf mat,NA,NA,NA,NA,82001002,1
2020-10_south-west_stereo-BRUVs,IO145,Biota,Macroalgae,Erect course branching,Brown,Open,NA,NA,NA,80300904,13
2020-10_south-west_stereo-BRUVs,IO145,Biota,Macroalgae,Erect course branching,Red,Open,NA,NA,NA,80300906,1
2020-10_south-west_stereo-BRUVs,IO145,Biota,Macroalgae,Erect fine branching,Green,Open,NA,NA,NA,80300909,5
2020-10_south-west_stereo-BRUVs,IO145,Biota,Macroalgae,Erect fine branching,Red,Open,NA,NA,NA,80300910,3
2020-10_south-west_stereo-BRUVs,IO145,Biota,Macroalgae,Laminate,NA,Open,NA,NA,NA,80300918,1
2020-10_south-west_stereo-BRUVs,IO145,Biota,Macroalgae,Large canopy-forming,Ecklonia radiata,Open,Lessoniaceae,Ecklonia,radiata,54079009,2
2020-10_south-west_stereo-BRUVs,IO145,Biota,Open Water,NA,NA,Open,NA,NA,NA,1,3
2020-10_south-west_stereo-BRUVs,IO145,Biota,Seagrasses,Strap-like leaves,Thalassodendrum sp.,Open,Cymodoceaceae,Thalassodendron,spp,63618905,1
2020-10_south-west_stereo-BRUVs,IO145,Biota,Sponges,Erect forms,NA,Open,NA,NA,NA,10000912,2
2020-10_south-west_stereo-BRUVs,IO145,Physical,Unconsolidated,Sand,mud (coarse sand),Open,NA,NA,NA,82001014,1
2020-10_south-west_stereo-BRUVs,IO145,Biota,Unknown,NA,NA,Limited,NA,NA,NA,1,3
2020-10_south-west_stereo-BRUVs,IO145,Biota,Unknown,NA,NA,Open,NA,NA,NA,1,2
2020-10_south-west_stereo-BRUVs,IO146,Physical,Consolidated,Cobbles,Turf mat,Open,NA,NA,NA,82001004,12
2020-10_south-west_stereo-BRUVs,IO146,Physical,Consolidated,Rock,Turf mat,Open,NA,NA,NA,82001002,5
2020-10_south-west_stereo-BRUVs,IO146,Physical,Consolidated,Rock,Turf mat,NA,NA,NA,NA,82001002,1
2020-10_south-west_stereo-BRUVs,IO146,Biota,Hydroids,NA,NA,Open,NA,NA,NA,11001000,1
2020-10_south-west_stereo-BRUVs,IO146,Biota,Macroalgae,Erect fine branching,Red,Open,NA,NA,NA,80300910,3
2020-10_south-west_stereo-BRUVs,IO146,Biota,Macroalgae,Large canopy-forming,Ecklonia radiata,Open,Lessoniaceae,Ecklonia,radiata,54079009,1
2020-10_south-west_stereo-BRUVs,IO146,Biota,Open Water,NA,NA,Open,NA,NA,NA,1,1
2020-10_south-west_stereo-BRUVs,IO146,Biota,Seagrasses,Strap-like leaves,Thalassodendrum sp.,Open,Cymodoceaceae,Thalassodendron,spp,63618905,1
2020-10_south-west_stereo-BRUVs,IO146,Biota,Sponges,Massive forms,NA,Open,NA,NA,NA,10000903,1
2020-10_south-west_stereo-BRUVs,IO146,Physical,Unconsolidated,Sand,mud (coarse sand),Open,NA,NA,NA,82001014,8
2020-10_south-west_stereo-BRUVs,IO146,Biota,Unknown,NA,NA,Limited,NA,NA,NA,1,5
2020-10_south-west_stereo-BRUVs,IO146,Biota,Unknown,NA,NA,Open,NA,NA,NA,1,1
2020-10_south-west_stereo-BRUVs,IO147,Biota,Bryozoa,NA,NA,Open,NA,NA,NA,20000000,1
2020-10_south-west_stereo-BRUVs,IO147,Physical,Consolidated,Rock,Turf mat,Open,NA,NA,NA,82001002,2
2020-10_south-west_stereo-BRUVs,IO147,Physical,Consolidated,Rock,Turf mat,NA,NA,NA,NA,82001002,1
2020-10_south-west_stereo-BRUVs,IO147,Biota,Macroalgae,Erect course branching,Brown,Open,NA,NA,NA,80300904,10
2020-10_south-west_stereo-BRUVs,IO147,Biota,Macroalgae,Erect fine branching,Green,Open,NA,NA,NA,80300909,10
2020-10_south-west_stereo-BRUVs,IO147,Biota,Macroalgae,Filamentous and filiform,NA,Open,NA,NA,NA,80300930,2
2020-10_south-west_stereo-BRUVs,IO147,Biota,Macroalgae,Large canopy-forming,Ecklonia radiata,Open,Lessoniaceae,Ecklonia,radiata,54079009,3
2020-10_south-west_stereo-BRUVs,IO147,Biota,Open Water,NA,NA,Open,NA,NA,NA,1,2
2020-10_south-west_stereo-BRUVs,IO147,Biota,Seagrasses,Strap-like leaves,Thalassodendrum sp.,Open,Cymodoceaceae,Thalassodendron,spp,63618905,1
2020-10_south-west_stereo-BRUVs,IO147,Biota,Sponges,Massive forms,NA,Open,NA,NA,NA,10000903,2
2020-10_south-west_stereo-BRUVs,IO147,Biota,Sponges,Small mixed,NA,Open,NA,NA,NA,10000000,2
2020-10_south-west_stereo-BRUVs,IO147,Physical,Unconsolidated,Sand,mud (coarse sand),Open,NA,NA,NA,82001014,1
2020-10_south-west_stereo-BRUVs,IO147,Biota,Unknown,NA,NA,Open,NA,NA,NA,1,3
2020-10_south-west_stereo-BRUVs,IO148,Biota,Invertebrate Complex,Complex 1,NA,Open,NA,NA,NA,99900044,1
2020-10_south-west_stereo-BRUVs,IO148,Biota,Open Water,NA,NA,Open,NA,NA,NA,1,2
2020-10_south-west_stereo-BRUVs,IO148,Physical,Unconsolidated,Sand,mud (coarse sand),Open,NA,NA,NA,82001014,35
2020-10_south-west_stereo-BRUVs,IO148,Biota,Unknown,NA,NA,Limited,NA,NA,NA,1,2
2020-10_south-west_stereo-BRUVs,IO15,Physical,Consolidated,Rock,Turf mat,Open,NA,NA,NA,82001002,4
2020-10_south-west_stereo-BRUVs,IO15,Biota,Macroalgae,Erect fine branching,Green,Open,NA,NA,NA,80300909,2
2020-10_south-west_stereo-BRUVs,IO15,Biota,Macroalgae,Erect fine branching,Red,Open,NA,NA,NA,80300910,8
2020-10_south-west_stereo-BRUVs,IO15,Biota,Macroalgae,Large canopy-forming,Ecklonia radiata,Open,Lessoniaceae,Ecklonia,radiata,54079009,2
2020-10_south-west_stereo-BRUVs,IO15,Biota,Open Water,NA,NA,Open,NA,NA,NA,1,2
2020-10_south-west_stereo-BRUVs,IO15,Biota,Seagrasses,Strap-like leaves,Thalassodendrum sp.,Open,Cymodoceaceae,Thalassodendron,spp,63618905,16
2020-10_south-west_stereo-BRUVs,IO15,Physical,Unconsolidated,Sand,mud (coarse sand),Open,NA,NA,NA,82001014,1
2020-10_south-west_stereo-BRUVs,IO15,Biota,Unknown,NA,NA,Limited,NA,NA,NA,1,1
2020-10_south-west_stereo-BRUVs,IO15,Biota,Unknown,NA,NA,Open,NA,NA,NA,1,4
2020-10_south-west_stereo-BRUVs,IO152,Physical,Consolidated,Cobbles,Turf mat,Open,NA,NA,NA,82001004,9
2020-10_south-west_stereo-BRUVs,IO152,Physical,Consolidated,Rock,Turf mat,Open,NA,NA,NA,82001002,1
2020-10_south-west_stereo-BRUVs,IO152,Physical,Consolidated,Rock,Turf mat,NA,NA,NA,NA,82001002,7
2020-10_south-west_stereo-BRUVs,IO152,Biota,Macroalgae,Erect course branching,Brown,Open,NA,NA,NA,80300904,1
2020-10_south-west_stereo-BRUVs,IO152,Biota,Macroalgae,Erect fine branching,Red,Open,NA,NA,NA,80300910,1
2020-10_south-west_stereo-BRUVs,IO152,Biota,Open Water,NA,NA,Open,NA,NA,NA,1,1
2020-10_south-west_stereo-BRUVs,IO152,Biota,Seagrasses,Strap-like leaves,Thalassodendrum sp.,Open,Cymodoceaceae,Thalassodendron,spp,63618905,2
2020-10_south-west_stereo-BRUVs,IO152,Biota,Sponges,Erect forms,NA,Open,NA,NA,NA,10000912,2
2020-10_south-west_stereo-BRUVs,IO152,Biota,Sponges,Massive forms,NA,Open,NA,NA,NA,10000903,3
2020-10_south-west_stereo-BRUVs,IO152,Physical,Unconsolidated,Sand,mud (coarse sand),Open,NA,NA,NA,82001014,5
2020-10_south-west_stereo-BRUVs,IO152,Biota,Unknown,NA,NA,Limited,NA,NA,NA,1,4
2020-10_south-west_stereo-BRUVs,IO152,Biota,Unknown,NA,NA,Open,NA,NA,NA,1,4
2020-10_south-west_stereo-BRUVs,IO153,Biota,Bryozoa,NA,NA,Open,NA,NA,NA,20000000,3
2020-10_south-west_stereo-BRUVs,IO153,Physical,Consolidated,Rock,Turf mat,Open,NA,NA,NA,82001002,4
2020-10_south-west_stereo-BRUVs,IO153,Physical,Consolidated,Rock,Turf mat,NA,NA,NA,NA,82001002,2
2020-10_south-west_stereo-BRUVs,IO153,Physical,Consolidated,Rock,Veneer,Open,NA,NA,NA,82001002,3
2020-10_south-west_stereo-BRUVs,IO153,Biota,Macroalgae,Erect fine branching,Red,Open,NA,NA,NA,80300910,12
2020-10_south-west_stereo-BRUVs,IO153,Biota,Open Water,NA,NA,Open,NA,NA,NA,1,6
2020-10_south-west_stereo-BRUVs,IO153,Biota,Sponges,Massive forms,NA,Open,NA,NA,NA,10000903,2
2020-10_south-west_stereo-BRUVs,IO153,Physical,Unconsolidated,Sand,mud (coarse sand),Open,NA,NA,NA,82001014,7
2020-10_south-west_stereo-BRUVs,IO153,Biota,Unknown,NA,NA,Limited,NA,NA,NA,1,1
2020-10_south-west_stereo-BRUVs,IO155,Physical,Consolidated,Rock,Turf mat,Open,NA,NA,NA,82001002,4
2020-10_south-west_stereo-BRUVs,IO155,Biota,Macroalgae,Erect course branching,Brown,Open,NA,NA,NA,80300904,1
2020-10_south-west_stereo-BRUVs,IO155,Biota,Macroalgae,Erect fine branching,Red,Open,NA,NA,NA,80300910,15
2020-10_south-west_stereo-BRUVs,IO155,Biota,Macroalgae,Large canopy-forming,Ecklonia radiata,Open,Lessoniaceae,Ecklonia,radiata,54079009,3
2020-10_south-west_stereo-BRUVs,IO155,Biota,Open Water,NA,NA,Open,NA,NA,NA,1,8
2020-10_south-west_stereo-BRUVs,IO155,Biota,Sponges,Erect forms,NA,Open,NA,NA,NA,10000912,1
2020-10_south-west_stereo-BRUVs,IO155,Biota,Sponges,Small mixed,NA,Open,NA,NA,NA,10000000,1
2020-10_south-west_stereo-BRUVs,IO155,Physical,Unconsolidated,Sand,mud (coarse sand),Open,NA,NA,NA,82001014,4
2020-10_south-west_stereo-BRUVs,IO155,Biota,Unknown,NA,NA,Limited,NA,NA,NA,1,2
2020-10_south-west_stereo-BRUVs,IO155,Biota,Unknown,NA,NA,Open,NA,NA,NA,1,1
2020-10_south-west_stereo-BRUVs,IO157,Biota,Bryozoa,NA,NA,Open,NA,NA,NA,20000000,2
2020-10_south-west_stereo-BRUVs,IO157,Physical,Consolidated,Rock,No biota,Open,NA,NA,NA,82001002,1
2020-10_south-west_stereo-BRUVs,IO157,Physical,Consolidated,Rock,Turf mat,Open,NA,NA,NA,82001002,1
2020-10_south-west_stereo-BRUVs,IO157,Biota,Macroalgae,Erect fine branching,Red,Open,NA,NA,NA,80300910,3
2020-10_south-west_stereo-BRUVs,IO157,Biota,Macroalgae,Large canopy-forming,Ecklonia radiata,Open,Lessoniaceae,Ecklonia,radiata,54079009,8
2020-10_south-west_stereo-BRUVs,IO157,Biota,Open Water,NA,NA,Open,NA,NA,NA,1,6
2020-10_south-west_stereo-BRUVs,IO157,Biota,Sponges,Crusts,NA,Open,NA,NA,NA,10000901,2
2020-10_south-west_stereo-BRUVs,IO157,Biota,Sponges,Erect forms,NA,Open,NA,NA,NA,10000912,2
2020-10_south-west_stereo-BRUVs,IO157,Biota,Sponges,Hollow forms,NA,Open,NA,NA,NA,10000909,2
2020-10_south-west_stereo-BRUVs,IO157,Biota,Sponges,Massive forms,NA,Open,NA,NA,NA,10000903,1
2020-10_south-west_stereo-BRUVs,IO157,Biota,Sponges,Small mixed,NA,Open,NA,NA,NA,10000000,5
2020-10_south-west_stereo-BRUVs,IO157,Biota,True anemones,NA,NA,Open,NA,NA,NA,11229000,2
2020-10_south-west_stereo-BRUVs,IO157,Physical,Unconsolidated,Sand,mud (coarse sand),Open,NA,NA,NA,82001014,2
2020-10_south-west_stereo-BRUVs,IO157,Biota,Unknown,NA,NA,Limited,NA,NA,NA,1,1
2020-10_south-west_stereo-BRUVs,IO157,Biota,Unknown,NA,NA,Open,NA,NA,NA,1,1
2020-10_south-west_stereo-BRUVs,IO158,Physical,Consolidated,Rock,Turf mat,NA,NA,NA,NA,82001002,5
2020-10_south-west_stereo-BRUVs,IO158,Biota,Seagrasses,Strap-like leaves,Thalassodendrum sp.,Open,Cymodoceaceae,Thalassodendron,spp,63618905,1
2020-10_south-west_stereo-BRUVs,IO158,Physical,Unconsolidated,Sand,mud (coarse sand),Open,NA,NA,NA,82001014,9
2020-10_south-west_stereo-BRUVs,IO158,Biota,Unknown,NA,NA,Limited,NA,NA,NA,1,1
2020-10_south-west_stereo-BRUVs,IO158,Biota,Unknown,NA,NA,Open,NA,NA,NA,1,4
2020-10_south-west_stereo-BRUVs,IO16,Physical,Consolidated,Rock,No biota,Open,NA,NA,NA,82001002,1
2020-10_south-west_stereo-BRUVs,IO16,Physical,Consolidated,Rock,Turf mat,Open,NA,NA,NA,82001002,4
2020-10_south-west_stereo-BRUVs,IO16,Physical,Consolidated,Rock,Veneer,Open,NA,NA,NA,82001002,1
2020-10_south-west_stereo-BRUVs,IO16,Biota,Macroalgae,Erect course branching,Brown,Open,NA,NA,NA,80300904,6
2020-10_south-west_stereo-BRUVs,IO16,Biota,Macroalgae,Erect fine branching,Red,Open,NA,NA,NA,80300910,4
2020-10_south-west_stereo-BRUVs,IO16,Biota,Open Water,NA,NA,Open,NA,NA,NA,1,4
2020-10_south-west_stereo-BRUVs,IO16,Physical,Unconsolidated,Sand,mud (coarse sand),Open,NA,NA,NA,82001014,17
2020-10_south-west_stereo-BRUVs,IO16,Biota,Unknown,NA,NA,Limited,NA,NA,NA,1,3
2020-10_south-west_stereo-BRUVs,IO164,Biota,Ascidians,NA,NA,Open,NA,NA,NA,35000000,1
2020-10_south-west_stereo-BRUVs,IO164,Biota,Bryozoa,NA,NA,Open,NA,NA,NA,20000000,2
2020-10_south-west_stereo-BRUVs,IO164,Physical,Consolidated,Rock,No biota,Open,NA,NA,NA,82001002,2
2020-10_south-west_stereo-BRUVs,IO164,Physical,Consolidated,Rock,Turf mat,Open,NA,NA,NA,82001002,1
2020-10_south-west_stereo-BRUVs,IO164,Physical,Consolidated,Rock,Turf mat,NA,NA,NA,NA,82001002,1
2020-10_south-west_stereo-BRUVs,IO164,Biota,Macroalgae,Erect fine branching,Red,Open,NA,NA,NA,80300910,4
2020-10_south-west_stereo-BRUVs,IO164,Biota,Macroalgae,Filamentous and filiform,NA,Open,NA,NA,NA,80300930,3
2020-10_south-west_stereo-BRUVs,IO164,Biota,Macroalgae,Small mixed,NA,Open,NA,NA,NA,80300000,2
2020-10_south-west_stereo-BRUVs,IO164,Biota,Open Water,NA,NA,Open,NA,NA,NA,1,10
2020-10_south-west_stereo-BRUVs,IO164,Biota,Sponges,Crusts,NA,Open,NA,NA,NA,10000901,2
2020-10_south-west_stereo-BRUVs,IO164,Biota,Sponges,Massive forms,NA,Open,NA,NA,NA,10000903,1
2020-10_south-west_stereo-BRUVs,IO164,Physical,Unconsolidated,Sand,mud (coarse sand),Open,NA,NA,NA,82001014,5
2020-10_south-west_stereo-BRUVs,IO164,Biota,Unknown,NA,NA,Limited,NA,NA,NA,1,1
2020-10_south-west_stereo-BRUVs,IO164,Biota,Unknown,NA,NA,Open,NA,NA,NA,1,5
2020-10_south-west_stereo-BRUVs,IO165,Biota,Bryozoa,NA,NA,Open,NA,NA,NA,20000000,1
2020-10_south-west_stereo-BRUVs,IO165,Physical,Consolidated,Rock,Turf mat,Open,NA,NA,NA,82001002,6
2020-10_south-west_stereo-BRUVs,IO165,Physical,Consolidated,Rock,Turf mat,NA,NA,NA,NA,82001002,1
2020-10_south-west_stereo-BRUVs,IO165,Biota,Hydroids,NA,NA,Open,NA,NA,NA,11001000,1
2020-10_south-west_stereo-BRUVs,IO165,Biota,Invertebrate Complex,Complex 1,NA,Open,NA,NA,NA,99900044,2
2020-10_south-west_stereo-BRUVs,IO165,Biota,Macroalgae,Erect fine branching,Red,Open,NA,NA,NA,80300910,12
2020-10_south-west_stereo-BRUVs,IO165,Biota,Open Water,NA,NA,Open,NA,NA,NA,1,6
2020-10_south-west_stereo-BRUVs,IO165,Biota,Sponges,Erect forms,NA,Open,NA,NA,NA,10000912,2
2020-10_south-west_stereo-BRUVs,IO165,Biota,Sponges,Massive forms,NA,Open,NA,NA,NA,10000903,2
2020-10_south-west_stereo-BRUVs,IO165,Biota,Unknown,NA,NA,Open,NA,NA,NA,1,7
2020-10_south-west_stereo-BRUVs,IO17,Physical,Consolidated,Rock,Turf mat,Open,NA,NA,NA,82001002,4
2020-10_south-west_stereo-BRUVs,IO17,Biota,Macroalgae,Erect course branching,Brown,Open,NA,NA,NA,80300904,1
2020-10_south-west_stereo-BRUVs,IO17,Biota,Macroalgae,Erect fine branching,Red,Open,NA,NA,NA,80300910,6
2020-10_south-west_stereo-BRUVs,IO17,Biota,Macroalgae,Filamentous and filiform,NA,Open,NA,NA,NA,80300930,1
2020-10_south-west_stereo-BRUVs,IO17,Biota,Macroalgae,Laminate,NA,Open,NA,NA,NA,80300918,3
2020-10_south-west_stereo-BRUVs,IO17,Biota,Macroalgae,Small mixed,NA,Open,NA,NA,NA,80300000,1
2020-10_south-west_stereo-BRUVs,IO17,Biota,Open Water,NA,NA,Open,NA,NA,NA,1,12
2020-10_south-west_stereo-BRUVs,IO17,Biota,Sponges,Small mixed,NA,Open,NA,NA,NA,10000000,1
2020-10_south-west_stereo-BRUVs,IO17,Physical,Unconsolidated,Sand,mud (coarse sand),Open,NA,NA,NA,82001014,3
2020-10_south-west_stereo-BRUVs,IO17,Biota,Unknown,NA,NA,Limited,NA,NA,NA,1,7
2020-10_south-west_stereo-BRUVs,IO17,Biota,Unknown,NA,NA,Open,NA,NA,NA,1,1
2020-10_south-west_stereo-BRUVs,IO180,Biota,Open Water,NA,NA,Open,NA,NA,NA,1,2
2020-10_south-west_stereo-BRUVs,IO180,Physical,Unconsolidated,Sand,mud (coarse sand),Open,NA,NA,NA,82001014,36
2020-10_south-west_stereo-BRUVs,IO180,Biota,Unknown,NA,NA,Limited,NA,NA,NA,1,2
2020-10_south-west_stereo-BRUVs,IO184,Physical,Consolidated,Rock,Turf mat,Open,NA,NA,NA,82001002,1
2020-10_south-west_stereo-BRUVs,IO184,Biota,Macroalgae,Erect course branching,Brown,Open,NA,NA,NA,80300904,1
2020-10_south-west_stereo-BRUVs,IO184,Biota,Macroalgae,Erect fine branching,Red,Open,NA,NA,NA,80300910,11
2020-10_south-west_stereo-BRUVs,IO184,Biota,Macroalgae,Laminate,NA,Open,NA,NA,NA,80300918,1
2020-10_south-west_stereo-BRUVs,IO184,Biota,Macroalgae,Small mixed,NA,Open,NA,NA,NA,80300000,1
2020-10_south-west_stereo-BRUVs,IO184,Biota,Open Water,NA,NA,Open,NA,NA,NA,1,3
2020-10_south-west_stereo-BRUVs,IO184,Biota,Sponges,Crusts,NA,Open,NA,NA,NA,10000901,1
2020-10_south-west_stereo-BRUVs,IO184,Biota,Sponges,Erect forms,NA,Open,NA,NA,NA,10000912,3
2020-10_south-west_stereo-BRUVs,IO184,Biota,Sponges,Massive forms,NA,Open,NA,NA,NA,10000903,7
2020-10_south-west_stereo-BRUVs,IO184,Biota,Sponges,Small mixed,NA,Open,NA,NA,NA,10000000,1
2020-10_south-west_stereo-BRUVs,IO184,Physical,Unconsolidated,Sand,mud (coarse sand),Open,NA,NA,NA,82001014,7
2020-10_south-west_stereo-BRUVs,IO184,Biota,Unknown,NA,NA,Limited,NA,NA,NA,1,3
2020-10_south-west_stereo-BRUVs,IO189,Biota,Bryozoa,NA,NA,Open,NA,NA,NA,20000000,1
2020-10_south-west_stereo-BRUVs,IO189,Biota,Invertebrate Complex,Complex 1,NA,Open,NA,NA,NA,99900044,2
2020-10_south-west_stereo-BRUVs,IO189,Physical,Unconsolidated,Sand,mud (coarse sand),Open,NA,NA,NA,82001014,30
2020-10_south-west_stereo-BRUVs,IO189,Biota,Unknown,NA,NA,Limited,NA,NA,NA,1,6
2020-10_south-west_stereo-BRUVs,IO191,Biota,Hydroids,NA,NA,Open,NA,NA,NA,11001000,1
2020-10_south-west_stereo-BRUVs,IO191,Biota,Invertebrate Complex,Complex 1,NA,Open,NA,NA,NA,99900044,1
2020-10_south-west_stereo-BRUVs,IO191,Biota,Open Water,NA,NA,Open,NA,NA,NA,1,2
2020-10_south-west_stereo-BRUVs,IO191,Biota,Sponges,Erect forms,NA,Open,NA,NA,NA,10000912,1
2020-10_south-west_stereo-BRUVs,IO191,Biota,Sponges,Massive forms,NA,Open,NA,NA,NA,10000903,2
2020-10_south-west_stereo-BRUVs,IO191,Physical,Unconsolidated,Sand,mud (coarse sand),Open,NA,NA,NA,82001014,32
2020-10_south-west_stereo-BRUVs,IO191,Biota,Unknown,NA,NA,Limited,NA,NA,NA,1,1
2020-10_south-west_stereo-BRUVs,IO192,Biota,Invertebrate Complex,Complex 1,NA,Open,NA,NA,NA,99900044,1
2020-10_south-west_stereo-BRUVs,IO192,Biota,Open Water,NA,NA,Open,NA,NA,NA,1,5
2020-10_south-west_stereo-BRUVs,IO192,Biota,Sponges,Massive forms,NA,Open,NA,NA,NA,10000903,1
2020-10_south-west_stereo-BRUVs,IO192,Physical,Unconsolidated,Sand,mud (coarse sand),Open,NA,NA,NA,82001014,30
2020-10_south-west_stereo-BRUVs,IO192,Biota,Unknown,NA,NA,Limited,NA,NA,NA,1,3
2020-10_south-west_stereo-BRUVs,IO194,Biota,Invertebrate Complex,Complex 1,NA,Open,NA,NA,NA,99900044,1
2020-10_south-west_stereo-BRUVs,IO194,Biota,Open Water,NA,NA,Open,NA,NA,NA,1,5
2020-10_south-west_stereo-BRUVs,IO194,Physical,Unconsolidated,Sand,mud (coarse sand),Open,NA,NA,NA,82001014,33
2020-10_south-west_stereo-BRUVs,IO194,Biota,Unknown,NA,NA,Limited,NA,NA,NA,1,1
2020-10_south-west_stereo-BRUVs,IO195,Physical,Consolidated,Rock,Turf mat,Open,NA,NA,NA,82001002,5
2020-10_south-west_stereo-BRUVs,IO195,Physical,Consolidated,Rock,Veneer,Open,NA,NA,NA,82001002,1
2020-10_south-west_stereo-BRUVs,IO195,Biota,Macroalgae,Erect course branching,Brown,Open,NA,NA,NA,80300904,2
2020-10_south-west_stereo-BRUVs,IO195,Biota,Macroalgae,Erect fine branching,Red,Open,NA,NA,NA,80300910,7
2020-10_south-west_stereo-BRUVs,IO195,Biota,Macroalgae,Large canopy-forming,Ecklonia radiata,Open,Lessoniaceae,Ecklonia,radiata,54079009,1
2020-10_south-west_stereo-BRUVs,IO195,Biota,Macroalgae,Small mixed,NA,Open,NA,NA,NA,80300000,1
2020-10_south-west_stereo-BRUVs,IO195,Biota,Seagrasses,Strap-like leaves,Thalassodendrum sp.,Open,Cymodoceaceae,Thalassodendron,spp,63618905,7
2020-10_south-west_stereo-BRUVs,IO195,Physical,Unconsolidated,Sand,mud (coarse sand),Open,NA,NA,NA,82001014,12
2020-10_south-west_stereo-BRUVs,IO195,Biota,Unknown,NA,NA,Limited,NA,NA,NA,1,2
2020-10_south-west_stereo-BRUVs,IO195,Biota,Unknown,NA,NA,Open,NA,NA,NA,1,2
2020-10_south-west_stereo-BRUVs,IO199,Physical,Consolidated,Rock,No biota,Open,NA,NA,NA,82001002,4
2020-10_south-west_stereo-BRUVs,IO199,Physical,Consolidated,Rock,Turf mat,Open,NA,NA,NA,82001002,2
2020-10_south-west_stereo-BRUVs,IO199,Biota,Macroalgae,Erect course branching,Brown,Open,NA,NA,NA,80300904,1
2020-10_south-west_stereo-BRUVs,IO199,Biota,Macroalgae,Erect fine branching,Green,Open,NA,NA,NA,80300909,2
2020-10_south-west_stereo-BRUVs,IO199,Biota,Macroalgae,Erect fine branching,Red,Open,NA,NA,NA,80300910,10
2020-10_south-west_stereo-BRUVs,IO199,Biota,Macroalgae,Filamentous and filiform,NA,Open,NA,NA,NA,80300930,1
2020-10_south-west_stereo-BRUVs,IO199,Biota,Macroalgae,Laminate,NA,Open,NA,NA,NA,80300918,2
2020-10_south-west_stereo-BRUVs,IO199,Biota,Macroalgae,Large canopy-forming,Ecklonia radiata,Open,Lessoniaceae,Ecklonia,radiata,54079009,4
2020-10_south-west_stereo-BRUVs,IO199,Biota,Macroalgae,Small mixed,NA,Open,NA,NA,NA,80300000,1
2020-10_south-west_stereo-BRUVs,IO199,Biota,Open Water,NA,NA,Open,NA,NA,NA,1,2
2020-10_south-west_stereo-BRUVs,IO199,Biota,Seagrasses,Strap-like leaves,Thalassodendrum sp.,Open,Cymodoceaceae,Thalassodendron,spp,63618905,5
2020-10_south-west_stereo-BRUVs,IO199,Biota,Sponges,Massive forms,NA,Open,NA,NA,NA,10000903,1
2020-10_south-west_stereo-BRUVs,IO199,Biota,Stony corals,Sub-massive,Live,Open,NA,NA,NA,11290905,2
2020-10_south-west_stereo-BRUVs,IO199,Physical,Unconsolidated,Sand,mud (coarse sand),Open,NA,NA,NA,82001014,1
2020-10_south-west_stereo-BRUVs,IO199,Biota,Unknown,NA,NA,Limited,NA,NA,NA,1,1
2020-10_south-west_stereo-BRUVs,IO199,Biota,Unknown,NA,NA,Open,NA,NA,NA,1,1
2020-10_south-west_stereo-BRUVs,IO201,Biota,Bryozoa,NA,NA,Open,NA,NA,NA,20000000,1
2020-10_south-west_stereo-BRUVs,IO201,Physical,Consolidated,Rock,Turf mat,Open,NA,NA,NA,82001002,10
2020-10_south-west_stereo-BRUVs,IO201,Physical,Consolidated,Rock,Turf mat,NA,NA,NA,NA,82001002,5
2020-10_south-west_stereo-BRUVs,IO201,Biota,Macroalgae,Erect course branching,Brown,Open,NA,NA,NA,80300904,3
2020-10_south-west_stereo-BRUVs,IO201,Biota,Macroalgae,Erect fine branching,Red,Open,NA,NA,NA,80300910,3
2020-10_south-west_stereo-BRUVs,IO201,Biota,Macroalgae,Large canopy-forming,Ecklonia radiata,Open,Lessoniaceae,Ecklonia,radiata,54079009,3
2020-10_south-west_stereo-BRUVs,IO201,Biota,Open Water,NA,NA,Open,NA,NA,NA,1,1
2020-10_south-west_stereo-BRUVs,IO201,Biota,Seagrasses,Strap-like leaves,Thalassodendrum sp.,Open,Cymodoceaceae,Thalassodendron,spp,63618905,1
2020-10_south-west_stereo-BRUVs,IO201,Biota,Sponges,Massive forms,NA,Open,NA,NA,NA,10000903,1
2020-10_south-west_stereo-BRUVs,IO201,Physical,Unconsolidated,Sand,mud (coarse sand),Open,NA,NA,NA,82001014,5
2020-10_south-west_stereo-BRUVs,IO201,Biota,Unknown,NA,NA,Limited,NA,NA,NA,1,4
2020-10_south-west_stereo-BRUVs,IO201,Biota,Unknown,NA,NA,Open,NA,NA,NA,1,3
2020-10_south-west_stereo-BRUVs,IO204,Physical,Consolidated,Rock,Turf mat,Open,NA,NA,NA,82001002,1
2020-10_south-west_stereo-BRUVs,IO204,Biota,Invertebrate Complex,Complex 1,NA,Open,NA,NA,NA,99900044,2
2020-10_south-west_stereo-BRUVs,IO204,Biota,Macroalgae,Erect fine branching,Red,Open,NA,NA,NA,80300910,2
2020-10_south-west_stereo-BRUVs,IO204,Biota,Open Water,NA,NA,Open,NA,NA,NA,1,4
2020-10_south-west_stereo-BRUVs,IO204,Biota,Sponges,Erect forms,NA,Open,NA,NA,NA,10000912,2
2020-10_south-west_stereo-BRUVs,IO204,Biota,Sponges,Hollow forms,NA,Open,NA,NA,NA,10000909,2
2020-10_south-west_stereo-BRUVs,IO204,Biota,Sponges,Massive forms,NA,Open,NA,NA,NA,10000903,4
2020-10_south-west_stereo-BRUVs,IO204,Physical,Unconsolidated,Pebble,gravel (gravel 2-10mm),Open,NA,NA,NA,82001011,1
2020-10_south-west_stereo-BRUVs,IO204,Physical,Unconsolidated,Sand,mud (coarse sand),Open,NA,NA,NA,82001014,18
2020-10_south-west_stereo-BRUVs,IO204,Biota,Unknown,NA,NA,Limited,NA,NA,NA,1,2
2020-10_south-west_stereo-BRUVs,IO204,Biota,Unknown,NA,NA,Open,NA,NA,NA,1,2
2020-10_south-west_stereo-BRUVs,IO206,Physical,Consolidated,Cobbles,Turf mat,Open,NA,NA,NA,82001004,3
2020-10_south-west_stereo-BRUVs,IO206,Physical,Consolidated,Rock,Turf mat,Open,NA,NA,NA,82001002,4
2020-10_south-west_stereo-BRUVs,IO206,Biota,Invertebrate Complex,Complex 1,NA,Open,NA,NA,NA,99900044,1
2020-10_south-west_stereo-BRUVs,IO206,Biota,Open Water,NA,NA,Open,NA,NA,NA,1,5
2020-10_south-west_stereo-BRUVs,IO206,Biota,Sponges,Erect forms,NA,Open,NA,NA,NA,10000912,1
2020-10_south-west_stereo-BRUVs,IO206,Biota,Sponges,Massive forms,NA,Open,NA,NA,NA,10000903,3
2020-10_south-west_stereo-BRUVs,IO206,Physical,Unconsolidated,Sand,mud (coarse sand),Open,NA,NA,NA,82001014,19
2020-10_south-west_stereo-BRUVs,IO206,Biota,Unknown,NA,NA,Limited,NA,NA,NA,1,1
2020-10_south-west_stereo-BRUVs,IO206,Biota,Unknown,NA,NA,Open,NA,NA,NA,1,3
2020-10_south-west_stereo-BRUVs,IO207,Physical,Consolidated,Rock,Turf mat,Open,NA,NA,NA,82001002,7
2020-10_south-west_stereo-BRUVs,IO207,Biota,Invertebrate Complex,Complex 1,NA,Open,NA,NA,NA,99900044,1
2020-10_south-west_stereo-BRUVs,IO207,Biota,Macroalgae,Erect course branching,Green,Open,NA,NA,NA,80300905,2
2020-10_south-west_stereo-BRUVs,IO207,Biota,Macroalgae,Erect fine branching,Red,Open,NA,NA,NA,80300910,5
2020-10_south-west_stereo-BRUVs,IO207,Biota,Open Water,NA,NA,Open,NA,NA,NA,1,8
2020-10_south-west_stereo-BRUVs,IO207,Biota,Sponges,Hollow forms,NA,Open,NA,NA,NA,10000909,2
2020-10_south-west_stereo-BRUVs,IO207,Physical,Unconsolidated,Sand,mud (coarse sand),Open,NA,NA,NA,82001014,13
2020-10_south-west_stereo-BRUVs,IO207,Biota,Unknown,NA,NA,Limited,NA,NA,NA,1,2
2020-10_south-west_stereo-BRUVs,IO210,Physical,Consolidated,Rock,Turf mat,Open,NA,NA,NA,82001002,3
2020-10_south-west_stereo-BRUVs,IO210,Physical,Consolidated,Rock,Veneer,Open,NA,NA,NA,82001002,2
2020-10_south-west_stereo-BRUVs,IO210,Biota,Macroalgae,Erect course branching,Brown,Open,NA,NA,NA,80300904,4
2020-10_south-west_stereo-BRUVs,IO210,Biota,Macroalgae,Erect course branching,Red,Open,NA,NA,NA,80300906,3
2020-10_south-west_stereo-BRUVs,IO210,Biota,Macroalgae,Erect fine branching,Red,Open,NA,NA,NA,80300910,6
2020-10_south-west_stereo-BRUVs,IO210,Biota,Macroalgae,Large canopy-forming,Ecklonia radiata,Open,Lessoniaceae,Ecklonia,radiata,54079009,3
2020-10_south-west_stereo-BRUVs,IO210,Biota,Open Water,NA,NA,Open,NA,NA,NA,1,9
2020-10_south-west_stereo-BRUVs,IO210,Biota,Seagrasses,Strap-like leaves,Thalassodendrum sp.,Open,Cymodoceaceae,Thalassodendron,spp,63618905,1
2020-10_south-west_stereo-BRUVs,IO210,Biota,Sponges,Crusts,NA,Open,NA,NA,NA,10000901,4
2020-10_south-west_stereo-BRUVs,IO210,Physical,Unconsolidated,Sand,mud (coarse sand),Open,NA,NA,NA,82001014,3
2020-10_south-west_stereo-BRUVs,IO210,Biota,Unknown,NA,NA,Limited,NA,NA,NA,1,2
2020-10_south-west_stereo-BRUVs,IO211,Biota,Macroalgae,Erect course branching,Green,Open,NA,NA,NA,80300905,3
2020-10_south-west_stereo-BRUVs,IO211,Biota,Macroalgae,Erect fine branching,Red,Open,NA,NA,NA,80300910,6
2020-10_south-west_stereo-BRUVs,IO211,Biota,Open Water,NA,NA,Open,NA,NA,NA,1,1
2020-10_south-west_stereo-BRUVs,IO211,Biota,Seagrasses,Strap-like leaves,Thalassodendrum sp.,Open,Cymodoceaceae,Thalassodendron,spp,63618905,17
2020-10_south-west_stereo-BRUVs,IO211,Biota,Sponges,Erect forms,NA,Open,NA,NA,NA,10000912,2
2020-10_south-west_stereo-BRUVs,IO211,Biota,Sponges,Small mixed,NA,Open,NA,NA,NA,10000000,3
2020-10_south-west_stereo-BRUVs,IO211,Biota,Unknown,NA,NA,Limited,NA,NA,NA,1,5
2020-10_south-west_stereo-BRUVs,IO211,Biota,Unknown,NA,NA,Open,NA,NA,NA,1,3
2020-10_south-west_stereo-BRUVs,IO215,Biota,Open Water,NA,NA,Open,NA,NA,NA,1,2
2020-10_south-west_stereo-BRUVs,IO215,Physical,Unconsolidated,Sand,mud (coarse sand),Open,NA,NA,NA,82001014,35
2020-10_south-west_stereo-BRUVs,IO215,Biota,Unknown,NA,NA,Limited,NA,NA,NA,1,3
2020-10_south-west_stereo-BRUVs,IO216,Physical,Consolidated,Rock,No biota,Open,NA,NA,NA,82001002,1
2020-10_south-west_stereo-BRUVs,IO216,Physical,Consolidated,Rock,Turf mat,NA,NA,NA,NA,82001002,5
2020-10_south-west_stereo-BRUVs,IO216,Biota,Macroalgae,Erect course branching,Brown,Open,NA,NA,NA,80300904,6
2020-10_south-west_stereo-BRUVs,IO216,Biota,Macroalgae,Erect fine branching,Red,Open,NA,NA,NA,80300910,9
2020-10_south-west_stereo-BRUVs,IO216,Biota,Open Water,NA,NA,Open,NA,NA,NA,1,1
2020-10_south-west_stereo-BRUVs,IO216,Biota,Sponges,Massive forms,NA,Open,NA,NA,NA,10000903,3
2020-10_south-west_stereo-BRUVs,IO216,Physical,Unconsolidated,Sand,mud (coarse sand),Open,NA,NA,NA,82001014,11
2020-10_south-west_stereo-BRUVs,IO216,Biota,Unknown,NA,NA,Limited,NA,NA,NA,1,1
2020-10_south-west_stereo-BRUVs,IO216,Biota,Unknown,NA,NA,Open,NA,NA,NA,1,3
2020-10_south-west_stereo-BRUVs,IO217,Physical,Consolidated,Rock,No biota,Open,NA,NA,NA,82001002,4
2020-10_south-west_stereo-BRUVs,IO217,Biota,Macroalgae,Erect course branching,Brown,Open,NA,NA,NA,80300904,4
2020-10_south-west_stereo-BRUVs,IO217,Biota,Sponges,Crusts,NA,Open,NA,NA,NA,10000901,1
2020-10_south-west_stereo-BRUVs,IO217,Physical,Unconsolidated,Sand,mud (coarse sand),Open,NA,NA,NA,82001014,28
2020-10_south-west_stereo-BRUVs,IO217,Biota,Unknown,NA,NA,Limited,NA,NA,NA,1,1
2020-10_south-west_stereo-BRUVs,IO217,Biota,Unknown,NA,NA,Open,NA,NA,NA,1,2
2020-10_south-west_stereo-BRUVs,IO218,Physical,Consolidated,Rock,No biota,Open,NA,NA,NA,82001002,2
2020-10_south-west_stereo-BRUVs,IO218,Physical,Consolidated,Rock,Veneer,Open,NA,NA,NA,82001002,1
2020-10_south-west_stereo-BRUVs,IO218,Biota,Macroalgae,Erect fine branching,Red,Open,NA,NA,NA,80300910,1
2020-10_south-west_stereo-BRUVs,IO218,Biota,Open Water,NA,NA,Open,NA,NA,NA,1,8
2020-10_south-west_stereo-BRUVs,IO218,Physical,Unconsolidated,Sand,mud (coarse sand),Open,NA,NA,NA,82001014,24
2020-10_south-west_stereo-BRUVs,IO218,Biota,Unknown,NA,NA,Limited,NA,NA,NA,1,4
2020-10_south-west_stereo-BRUVs,IO220,Physical,Consolidated,Rock,No biota,Open,NA,NA,NA,82001002,1
2020-10_south-west_stereo-BRUVs,IO220,Physical,Consolidated,Rock,Turf mat,Open,NA,NA,NA,82001002,2
2020-10_south-west_stereo-BRUVs,IO220,Physical,Consolidated,Rock,Veneer,Open,NA,NA,NA,82001002,1
2020-10_south-west_stereo-BRUVs,IO220,Biota,Macroalgae,Erect course branching,Brown,Open,NA,NA,NA,80300904,13
2020-10_south-west_stereo-BRUVs,IO220,Biota,Macroalgae,Erect fine branching,Green,Open,NA,NA,NA,80300909,1
2020-10_south-west_stereo-BRUVs,IO220,Biota,Macroalgae,Erect fine branching,Red,Open,NA,NA,NA,80300910,4
2020-10_south-west_stereo-BRUVs,IO220,Biota,Macroalgae,Filamentous and filiform,NA,Open,NA,NA,NA,80300930,1
2020-10_south-west_stereo-BRUVs,IO220,Biota,Macroalgae,Laminate,NA,Open,NA,NA,NA,80300918,1
2020-10_south-west_stereo-BRUVs,IO220,Biota,Macroalgae,Large canopy-forming,Ecklonia radiata,Open,Lessoniaceae,Ecklonia,radiata,54079009,5
2020-10_south-west_stereo-BRUVs,IO220,Biota,Open Water,NA,NA,Open,NA,NA,NA,1,5
2020-10_south-west_stereo-BRUVs,IO220,Physical,Unconsolidated,Sand,mud (coarse sand),Open,NA,NA,NA,82001014,1
2020-10_south-west_stereo-BRUVs,IO220,Biota,Unknown,NA,NA,Limited,NA,NA,NA,1,3
2020-10_south-west_stereo-BRUVs,IO220,Biota,Unknown,NA,NA,Open,NA,NA,NA,1,2
2020-10_south-west_stereo-BRUVs,IO222,Physical,Consolidated,Rock,Turf mat,Open,NA,NA,NA,82001002,2
2020-10_south-west_stereo-BRUVs,IO222,Physical,Consolidated,Rock,Turf mat,NA,NA,NA,NA,82001002,4
2020-10_south-west_stereo-BRUVs,IO222,Biota,Macroalgae,Erect course branching,Brown,Open,NA,NA,NA,80300904,3
2020-10_south-west_stereo-BRUVs,IO222,Biota,Macroalgae,Erect fine branching,Red,Open,NA,NA,NA,80300910,8
2020-10_south-west_stereo-BRUVs,IO222,Biota,Macroalgae,Large canopy-forming,Ecklonia radiata,Open,Lessoniaceae,Ecklonia,radiata,54079009,2
2020-10_south-west_stereo-BRUVs,IO222,Biota,Open Water,NA,NA,Open,NA,NA,NA,1,3
2020-10_south-west_stereo-BRUVs,IO222,Physical,Unconsolidated,Sand,mud (coarse sand),Open,NA,NA,NA,82001014,9
2020-10_south-west_stereo-BRUVs,IO222,Biota,Unknown,NA,NA,Limited,NA,NA,NA,1,1
2020-10_south-west_stereo-BRUVs,IO222,Biota,Unknown,NA,NA,Open,NA,NA,NA,1,8
2020-10_south-west_stereo-BRUVs,IO223,Physical,Consolidated,Rock,Turf mat,Open,NA,NA,NA,82001002,3
2020-10_south-west_stereo-BRUVs,IO223,Biota,Macroalgae,Erect fine branching,Red,Open,NA,NA,NA,80300910,2
2020-10_south-west_stereo-BRUVs,IO223,Biota,Macroalgae,Large canopy-forming,Ecklonia radiata,Open,Lessoniaceae,Ecklonia,radiata,54079009,1
2020-10_south-west_stereo-BRUVs,IO223,Biota,Macroalgae,Small mixed,NA,Open,NA,NA,NA,80300000,2
2020-10_south-west_stereo-BRUVs,IO223,Biota,Open Water,NA,NA,Open,NA,NA,NA,1,10
2020-10_south-west_stereo-BRUVs,IO223,Biota,Sponges,Erect forms,NA,Open,NA,NA,NA,10000912,1
2020-10_south-west_stereo-BRUVs,IO223,Physical,Unconsolidated,Sand,mud (coarse sand),Open,NA,NA,NA,82001014,17
2020-10_south-west_stereo-BRUVs,IO223,Biota,Unknown,NA,NA,Limited,NA,NA,NA,1,3
2020-10_south-west_stereo-BRUVs,IO223,Biota,Unknown,NA,NA,Open,NA,NA,NA,1,1
2020-10_south-west_stereo-BRUVs,IO224,Physical,Consolidated,Rock,Turf mat,Open,NA,NA,NA,82001002,11
2020-10_south-west_stereo-BRUVs,IO224,Physical,Consolidated,Rock,Turf mat,NA,NA,NA,NA,82001002,5
2020-10_south-west_stereo-BRUVs,IO224,Biota,Macroalgae,Erect course branching,Brown,Open,NA,NA,NA,80300904,2
2020-10_south-west_stereo-BRUVs,IO224,Biota,Macroalgae,Erect fine branching,Red,Open,NA,NA,NA,80300910,7
2020-10_south-west_stereo-BRUVs,IO224,Biota,Macroalgae,Large canopy-forming,Ecklonia radiata,Open,Lessoniaceae,Ecklonia,radiata,54079009,1
2020-10_south-west_stereo-BRUVs,IO224,Biota,Open Water,NA,NA,Open,NA,NA,NA,1,7
2020-10_south-west_stereo-BRUVs,IO224,Biota,Seagrasses,Strap-like leaves,Thalassodendrum sp.,Open,Cymodoceaceae,Thalassodendron,spp,63618905,1
2020-10_south-west_stereo-BRUVs,IO224,Biota,Sponges,Massive forms,NA,Open,NA,NA,NA,10000903,1
2020-10_south-west_stereo-BRUVs,IO224,Physical,Unconsolidated,Sand,mud (coarse sand),Open,NA,NA,NA,82001014,2
2020-10_south-west_stereo-BRUVs,IO224,Biota,Unknown,NA,NA,Limited,NA,NA,NA,1,1
2020-10_south-west_stereo-BRUVs,IO224,Biota,Unknown,NA,NA,Open,NA,NA,NA,1,2
2020-10_south-west_stereo-BRUVs,IO225,Physical,Consolidated,Rock,Turf mat,Open,NA,NA,NA,82001002,5
2020-10_south-west_stereo-BRUVs,IO225,Biota,Macroalgae,Erect course branching,Brown,Open,NA,NA,NA,80300904,8
2020-10_south-west_stereo-BRUVs,IO225,Biota,Macroalgae,Erect fine branching,Red,Open,NA,NA,NA,80300910,17
2020-10_south-west_stereo-BRUVs,IO225,Biota,Open Water,NA,NA,Open,NA,NA,NA,1,2
2020-10_south-west_stereo-BRUVs,IO225,Biota,Sponges,Massive forms,NA,Open,NA,NA,NA,10000903,1
2020-10_south-west_stereo-BRUVs,IO225,Physical,Unconsolidated,Sand,mud (coarse sand),Open,NA,NA,NA,82001014,4
2020-10_south-west_stereo-BRUVs,IO225,Biota,Unknown,NA,NA,Limited,NA,NA,NA,1,3
2020-10_south-west_stereo-BRUVs,IO226,Physical,Consolidated,Rock,Turf mat,Open,NA,NA,NA,82001002,7
2020-10_south-west_stereo-BRUVs,IO226,Biota,Macroalgae,Erect course branching,Brown,Open,NA,NA,NA,80300904,5
2020-10_south-west_stereo-BRUVs,IO226,Biota,Macroalgae,Erect course branching,Red,Open,NA,NA,NA,80300906,3
2020-10_south-west_stereo-BRUVs,IO226,Biota,Macroalgae,Laminate,NA,Open,NA,NA,NA,80300918,1
2020-10_south-west_stereo-BRUVs,IO226,Biota,Macroalgae,Large canopy-forming,Ecklonia radiata,Open,Lessoniaceae,Ecklonia,radiata,54079009,6
2020-10_south-west_stereo-BRUVs,IO226,Biota,Sponges,Massive forms,NA,Open,NA,NA,NA,10000903,1
2020-10_south-west_stereo-BRUVs,IO226,Physical,Unconsolidated,Sand,mud (coarse sand),Open,NA,NA,NA,82001014,8
2020-10_south-west_stereo-BRUVs,IO226,Biota,Unknown,NA,NA,Limited,NA,NA,NA,1,2
2020-10_south-west_stereo-BRUVs,IO226,Biota,Unknown,NA,NA,Open,NA,NA,NA,1,7
2020-10_south-west_stereo-BRUVs,IO227,Physical,Consolidated,Rock,Turf mat,Open,NA,NA,NA,82001002,4
2020-10_south-west_stereo-BRUVs,IO227,Biota,Macroalgae,Erect course branching,Green,Open,NA,NA,NA,80300905,2
2020-10_south-west_stereo-BRUVs,IO227,Biota,Macroalgae,Erect course branching,Red,Open,NA,NA,NA,80300906,2
2020-10_south-west_stereo-BRUVs,IO227,Biota,Macroalgae,Large canopy-forming,Ecklonia radiata,Open,Lessoniaceae,Ecklonia,radiata,54079009,7
2020-10_south-west_stereo-BRUVs,IO227,Biota,Open Water,NA,NA,Open,NA,NA,NA,1,6
2020-10_south-west_stereo-BRUVs,IO227,Biota,Sponges,Small mixed,NA,Open,NA,NA,NA,10000000,2
2020-10_south-west_stereo-BRUVs,IO227,Physical,Unconsolidated,Sand,mud (coarse sand),Open,NA,NA,NA,82001014,12
2020-10_south-west_stereo-BRUVs,IO227,Biota,Unknown,NA,NA,Limited,NA,NA,NA,1,3
2020-10_south-west_stereo-BRUVs,IO227,Biota,Unknown,NA,NA,Open,NA,NA,NA,1,2
2020-10_south-west_stereo-BRUVs,IO228,Biota,Bryozoa,NA,NA,Open,NA,NA,NA,20000000,3
2020-10_south-west_stereo-BRUVs,IO228,Physical,Consolidated,Rock,Turf mat,Open,NA,NA,NA,82001002,11
2020-10_south-west_stereo-BRUVs,IO228,Physical,Consolidated,Rock,Veneer,Open,NA,NA,NA,82001002,1
2020-10_south-west_stereo-BRUVs,IO228,Biota,Macroalgae,Erect course branching,Brown,Open,NA,NA,NA,80300904,1
2020-10_south-west_stereo-BRUVs,IO228,Biota,Macroalgae,Erect fine branching,Red,Open,NA,NA,NA,80300910,5
2020-10_south-west_stereo-BRUVs,IO228,Biota,Macroalgae,Filamentous and filiform,NA,Open,NA,NA,NA,80300930,2
2020-10_south-west_stereo-BRUVs,IO228,Biota,Open Water,NA,NA,Open,NA,NA,NA,1,1
2020-10_south-west_stereo-BRUVs,IO228,Biota,Seagrasses,Strap-like leaves,Thalassodendrum sp.,Open,Cymodoceaceae,Thalassodendron,spp,63618905,1
2020-10_south-west_stereo-BRUVs,IO228,Biota,Sponges,Erect forms,NA,Open,NA,NA,NA,10000912,3
2020-10_south-west_stereo-BRUVs,IO228,Biota,Sponges,Massive forms,NA,Open,NA,NA,NA,10000903,4
2020-10_south-west_stereo-BRUVs,IO228,Biota,Sponges,Small mixed,NA,Open,NA,NA,NA,10000000,1
2020-10_south-west_stereo-BRUVs,IO228,Biota,Stony corals,Foliose / plate,Live,Open,NA,NA,NA,11290907,2
2020-10_south-west_stereo-BRUVs,IO228,Physical,Unconsolidated,Sand,mud (coarse sand),Open,NA,NA,NA,82001014,1
2020-10_south-west_stereo-BRUVs,IO228,Biota,Unknown,NA,NA,Limited,NA,NA,NA,1,2
2020-10_south-west_stereo-BRUVs,IO228,Biota,Unknown,NA,NA,Open,NA,NA,NA,1,2
2020-10_south-west_stereo-BRUVs,IO229,Physical,Consolidated,Rock,Turf mat,Open,NA,NA,NA,82001002,7
2020-10_south-west_stereo-BRUVs,IO229,Biota,Macroalgae,Erect fine branching,Red,Open,NA,NA,NA,80300910,4
2020-10_south-west_stereo-BRUVs,IO229,Biota,Macroalgae,Large canopy-forming,Ecklonia radiata,Open,Lessoniaceae,Ecklonia,radiata,54079009,13
2020-10_south-west_stereo-BRUVs,IO229,Biota,Open Water,NA,NA,Open,NA,NA,NA,1,1
2020-10_south-west_stereo-BRUVs,IO229,Biota,Sponges,Massive forms,NA,Open,NA,NA,NA,10000903,3
2020-10_south-west_stereo-BRUVs,IO229,Physical,Unconsolidated,Sand,mud (coarse sand),Open,NA,NA,NA,82001014,7
2020-10_south-west_stereo-BRUVs,IO229,Biota,Unknown,NA,NA,Limited,NA,NA,NA,1,3
2020-10_south-west_stereo-BRUVs,IO229,Biota,Unknown,NA,NA,Open,NA,NA,NA,1,2
2020-10_south-west_stereo-BRUVs,IO235,Physical,Consolidated,Rock,No biota,Open,NA,NA,NA,82001002,1
2020-10_south-west_stereo-BRUVs,IO235,Physical,Consolidated,Rock,Turf mat,Open,NA,NA,NA,82001002,6
2020-10_south-west_stereo-BRUVs,IO235,Biota,Macroalgae,Erect course branching,Brown,Open,NA,NA,NA,80300904,3
2020-10_south-west_stereo-BRUVs,IO235,Biota,Macroalgae,Erect course branching,Green,Open,NA,NA,NA,80300905,2
2020-10_south-west_stereo-BRUVs,IO235,Biota,Sponges,Erect forms,NA,Open,NA,NA,NA,10000912,2
2020-10_south-west_stereo-BRUVs,IO235,Biota,Sponges,Massive forms,NA,Open,NA,NA,NA,10000903,3
2020-10_south-west_stereo-BRUVs,IO235,Physical,Unconsolidated,Sand,mud (coarse sand),Open,NA,NA,NA,82001014,17
2020-10_south-west_stereo-BRUVs,IO235,Biota,Unknown,NA,NA,Open,NA,NA,NA,1,6
2020-10_south-west_stereo-BRUVs,IO236,Physical,Consolidated,Rock,No biota,Open,NA,NA,NA,82001002,2
2020-10_south-west_stereo-BRUVs,IO236,Physical,Consolidated,Rock,Turf mat,Open,NA,NA,NA,82001002,10
2020-10_south-west_stereo-BRUVs,IO236,Biota,Hydroids,NA,NA,Open,NA,NA,NA,11001000,1
2020-10_south-west_stereo-BRUVs,IO236,Biota,Macroalgae,Erect course branching,Brown,Open,NA,NA,NA,80300904,5
2020-10_south-west_stereo-BRUVs,IO236,Biota,Macroalgae,Erect course branching,Green,Open,NA,NA,NA,80300905,1
2020-10_south-west_stereo-BRUVs,IO236,Biota,Macroalgae,Erect course branching,Red,Open,NA,NA,NA,80300906,1
2020-10_south-west_stereo-BRUVs,IO236,Biota,Macroalgae,Erect fine branching,Green,Open,NA,NA,NA,80300909,1
2020-10_south-west_stereo-BRUVs,IO236,Biota,Macroalgae,Erect fine branching,Red,Open,NA,NA,NA,80300910,1
2020-10_south-west_stereo-BRUVs,IO236,Biota,Macroalgae,Laminate,NA,Open,NA,NA,NA,80300918,1
2020-10_south-west_stereo-BRUVs,IO236,Biota,Open Water,NA,NA,Open,NA,NA,NA,1,4
2020-10_south-west_stereo-BRUVs,IO236,Biota,Sponges,Hollow forms,NA,Open,NA,NA,NA,10000909,1
2020-10_south-west_stereo-BRUVs,IO236,Biota,Sponges,Massive forms,NA,Open,NA,NA,NA,10000903,3
2020-10_south-west_stereo-BRUVs,IO236,Biota,Sponges,Small mixed,NA,Open,NA,NA,NA,10000000,1
2020-10_south-west_stereo-BRUVs,IO236,Physical,Unconsolidated,Sand,mud (coarse sand),Open,NA,NA,NA,82001014,5
2020-10_south-west_stereo-BRUVs,IO236,Biota,Unknown,NA,NA,Open,NA,NA,NA,1,3
2020-10_south-west_stereo-BRUVs,IO237,Biota,Open Water,NA,NA,Open,NA,NA,NA,1,9
2020-10_south-west_stereo-BRUVs,IO237,Physical,Unconsolidated,Sand,mud (coarse sand),Open,NA,NA,NA,82001014,11
2020-10_south-west_stereo-BRUVs,IO239,Biota,Open Water,NA,NA,Open,NA,NA,NA,1,6
2020-10_south-west_stereo-BRUVs,IO239,Physical,Unconsolidated,Sand,mud (coarse sand),Open,NA,NA,NA,82001014,33
2020-10_south-west_stereo-BRUVs,IO239,Biota,Unknown,NA,NA,Limited,NA,NA,NA,1,1
2020-10_south-west_stereo-BRUVs,IO241,Physical,Consolidated,Rock,Turf mat,Open,NA,NA,NA,82001002,7
2020-10_south-west_stereo-BRUVs,IO241,Biota,Macroalgae,Large canopy-forming,Ecklonia radiata,Limited,Lessoniaceae,Ecklonia,radiata,54079009,17
2020-10_south-west_stereo-BRUVs,IO241,Biota,Macroalgae,Large canopy-forming,Ecklonia radiata,Open,Lessoniaceae,Ecklonia,radiata,54079009,2
2020-10_south-west_stereo-BRUVs,IO241,Biota,Open Water,NA,NA,Open,NA,NA,NA,1,7
2020-10_south-west_stereo-BRUVs,IO241,Biota,Sponges,Small mixed,NA,Open,NA,NA,NA,10000000,2
2020-10_south-west_stereo-BRUVs,IO241,Biota,Unknown,NA,NA,Limited,NA,NA,NA,1,4
2020-10_south-west_stereo-BRUVs,IO241,Biota,Unknown,NA,NA,Open,NA,NA,NA,1,1
2020-10_south-west_stereo-BRUVs,IO244,Physical,Consolidated,Rock,No biota,NA,NA,NA,NA,82001002,1
2020-10_south-west_stereo-BRUVs,IO244,Physical,Consolidated,Rock,Turf mat,NA,NA,NA,NA,82001002,4
2020-10_south-west_stereo-BRUVs,IO244,Biota,Macroalgae,Erect course branching,Brown,Open,NA,NA,NA,80300904,9
2020-10_south-west_stereo-BRUVs,IO244,Biota,Macroalgae,Erect course branching,Green,Open,NA,NA,NA,80300905,1
2020-10_south-west_stereo-BRUVs,IO244,Biota,Macroalgae,Filamentous and filiform,NA,Open,NA,NA,NA,80300930,1
2020-10_south-west_stereo-BRUVs,IO244,Biota,Macroalgae,Laminate,NA,Open,NA,NA,NA,80300918,1
2020-10_south-west_stereo-BRUVs,IO244,Biota,Open Water,NA,NA,Open,NA,NA,NA,1,11
2020-10_south-west_stereo-BRUVs,IO244,Biota,Sponges,Massive forms,NA,Open,NA,NA,NA,10000903,1
2020-10_south-west_stereo-BRUVs,IO244,Biota,Sponges,Small mixed,NA,Open,NA,NA,NA,10000000,1
2020-10_south-west_stereo-BRUVs,IO244,Physical,Unconsolidated,Pebble,gravel (pebble 10-64mm),Open,NA,NA,NA,82001012,1
2020-10_south-west_stereo-BRUVs,IO244,Physical,Unconsolidated,Sand,mud (coarse sand),Open,NA,NA,NA,82001014,3
2020-10_south-west_stereo-BRUVs,IO244,Biota,Unknown,NA,NA,Limited,NA,NA,NA,1,3
2020-10_south-west_stereo-BRUVs,IO244,Biota,Unknown,NA,NA,Open,NA,NA,NA,1,3
2020-10_south-west_stereo-BRUVs,IO245,Biota,Bryozoa,NA,NA,Open,NA,NA,NA,20000000,2
2020-10_south-west_stereo-BRUVs,IO245,Physical,Consolidated,Rock,No biota,Open,NA,NA,NA,82001002,1
2020-10_south-west_stereo-BRUVs,IO245,Physical,Consolidated,Rock,Turf mat,Open,NA,NA,NA,82001002,5
2020-10_south-west_stereo-BRUVs,IO245,Biota,Macroalgae,Erect course branching,Brown,Open,NA,NA,NA,80300904,2
2020-10_south-west_stereo-BRUVs,IO245,Biota,Macroalgae,Erect fine branching,Red,Open,NA,NA,NA,80300910,5
2020-10_south-west_stereo-BRUVs,IO245,Biota,Open Water,NA,NA,Facing Up,NA,NA,NA,1,20
2020-10_south-west_stereo-BRUVs,IO245,Biota,Seagrasses,Strap-like leaves,Thalassodendrum sp.,Open,Cymodoceaceae,Thalassodendron,spp,63618905,2
2020-10_south-west_stereo-BRUVs,IO245,Biota,Sponges,Crusts,NA,Open,NA,NA,NA,10000901,1
2020-10_south-west_stereo-BRUVs,IO245,Biota,Sponges,Hollow forms,NA,Open,NA,NA,NA,10000909,2
2020-10_south-west_stereo-BRUVs,IO253,Biota,Sponges,Massive forms,NA,Open,NA,NA,NA,10000903,1
2020-10_south-west_stereo-BRUVs,IO253,Physical,Unconsolidated,Sand,mud (coarse sand),Open,NA,NA,NA,82001014,16
2020-10_south-west_stereo-BRUVs,IO253,Biota,Unknown,NA,NA,Limited,NA,NA,NA,1,3
2020-10_south-west_stereo-BRUVs,IO254,Biota,Bryozoa,NA,NA,Open,NA,NA,NA,20000000,1
2020-10_south-west_stereo-BRUVs,IO254,Biota,Hydroids,NA,NA,Open,NA,NA,NA,11001000,2
2020-10_south-west_stereo-BRUVs,IO254,Biota,Invertebrate Complex,Complex 1,NA,Open,NA,NA,NA,99900044,1
2020-10_south-west_stereo-BRUVs,IO254,Biota,Open Water,NA,NA,Open,NA,NA,NA,1,2
2020-10_south-west_stereo-BRUVs,IO254,Biota,Sponges,Massive forms,NA,Open,NA,NA,NA,10000903,1
2020-10_south-west_stereo-BRUVs,IO254,Physical,Unconsolidated,Sand,mud (coarse sand),Open,NA,NA,NA,82001014,30
2020-10_south-west_stereo-BRUVs,IO254,Biota,Unknown,NA,NA,Limited,NA,NA,NA,1,2
2020-10_south-west_stereo-BRUVs,IO254,Biota,Unknown,NA,NA,Open,NA,NA,NA,1,1
2020-10_south-west_stereo-BRUVs,IO258,Biota,Ascidians,NA,NA,Open,NA,NA,NA,35000000,2
2020-10_south-west_stereo-BRUVs,IO258,Physical,Consolidated,Rock,No biota,Open,NA,NA,NA,82001002,1
2020-10_south-west_stereo-BRUVs,IO258,Physical,Consolidated,Rock,Turf mat,Open,NA,NA,NA,82001002,9
2020-10_south-west_stereo-BRUVs,IO258,Biota,Macroalgae,Articulated calcareous,NA,Open,NA,NA,NA,80300911,1
2020-10_south-west_stereo-BRUVs,IO258,Biota,Macroalgae,Erect course branching,Green,Open,NA,NA,NA,80300905,3
2020-10_south-west_stereo-BRUVs,IO258,Biota,Macroalgae,Erect fine branching,Red,Open,NA,NA,NA,80300910,3
2020-10_south-west_stereo-BRUVs,IO258,Biota,Macroalgae,Laminate,NA,Open,NA,NA,NA,80300918,1
2020-10_south-west_stereo-BRUVs,IO258,Biota,Open Water,NA,NA,Facing Up,NA,NA,NA,1,19
2020-10_south-west_stereo-BRUVs,IO258,Biota,Unknown,NA,NA,Facing Up,NA,NA,NA,1,1
2020-10_south-west_stereo-BRUVs,IO259,Physical,Consolidated,Rock,No biota,Open,NA,NA,NA,82001002,1
2020-10_south-west_stereo-BRUVs,IO259,Physical,Consolidated,Rock,Turf mat,Open,NA,NA,NA,82001002,4
2020-10_south-west_stereo-BRUVs,IO259,Physical,Consolidated,Rock,Turf mat,NA,NA,NA,NA,82001002,3
2020-10_south-west_stereo-BRUVs,IO259,Physical,Consolidated,Rock,Veneer,Open,NA,NA,NA,82001002,1
2020-10_south-west_stereo-BRUVs,IO259,Biota,Invertebrate Complex,Complex 1,NA,Open,NA,NA,NA,99900044,1
2020-10_south-west_stereo-BRUVs,IO259,Biota,Macroalgae,Erect fine branching,Red,Open,NA,NA,NA,80300910,3
2020-10_south-west_stereo-BRUVs,IO259,Biota,Macroalgae,Filamentous and filiform,NA,Open,NA,NA,NA,80300930,4
2020-10_south-west_stereo-BRUVs,IO259,Biota,Open Water,NA,NA,Open,NA,NA,NA,1,6
2020-10_south-west_stereo-BRUVs,IO259,Biota,Sponges,Erect forms,NA,Open,NA,NA,NA,10000912,2
2020-10_south-west_stereo-BRUVs,IO259,Biota,Sponges,Massive forms,NA,Open,NA,NA,NA,10000903,3
2020-10_south-west_stereo-BRUVs,IO259,Biota,Sponges,Small mixed,NA,Open,NA,NA,NA,10000000,7
2020-10_south-west_stereo-BRUVs,IO259,Physical,Unconsolidated,Sand,mud (coarse sand),Open,NA,NA,NA,82001014,2
2020-10_south-west_stereo-BRUVs,IO259,Biota,Unknown,NA,NA,Limited,NA,NA,NA,1,2
2020-10_south-west_stereo-BRUVs,IO259,Biota,Unknown,NA,NA,Open,NA,NA,NA,1,1
2020-10_south-west_stereo-BRUVs,IO260,Physical,Consolidated,Rock,Turf mat,Open,NA,NA,NA,82001002,6
2020-10_south-west_stereo-BRUVs,IO260,Physical,Consolidated,Rock,Turf mat,NA,NA,NA,NA,82001002,2
2020-10_south-west_stereo-BRUVs,IO260,Biota,Hydroids,NA,NA,Open,NA,NA,NA,11001000,1
2020-10_south-west_stereo-BRUVs,IO260,Biota,Macroalgae,Erect course branching,Green,Open,NA,NA,NA,80300905,3
2020-10_south-west_stereo-BRUVs,IO260,Biota,Macroalgae,Erect fine branching,Red,Open,NA,NA,NA,80300910,8
2020-10_south-west_stereo-BRUVs,IO260,Biota,Open Water,NA,NA,Open,NA,NA,NA,1,2
2020-10_south-west_stereo-BRUVs,IO260,Biota,Sponges,Erect forms,NA,Open,NA,NA,NA,10000912,1
2020-10_south-west_stereo-BRUVs,IO260,Biota,Sponges,Massive forms,NA,Open,NA,NA,NA,10000903,7
2020-10_south-west_stereo-BRUVs,IO260,Biota,Sponges,Small mixed,NA,Open,NA,NA,NA,10000000,1
2020-10_south-west_stereo-BRUVs,IO260,Physical,Unconsolidated,Sand,mud (coarse sand),Open,NA,NA,NA,82001014,3
2020-10_south-west_stereo-BRUVs,IO260,Biota,Unknown,NA,NA,Limited,NA,NA,NA,1,2
2020-10_south-west_stereo-BRUVs,IO260,Biota,Unknown,NA,NA,Open,NA,NA,NA,1,4
2020-10_south-west_stereo-BRUVs,IO261,Biota,Bryozoa,NA,NA,Open,NA,NA,NA,20000000,2
2020-10_south-west_stereo-BRUVs,IO261,Physical,Consolidated,Rock,Turf mat,Open,NA,NA,NA,82001002,6
2020-10_south-west_stereo-BRUVs,IO261,Biota,Invertebrate Complex,Complex 1,NA,Open,NA,NA,NA,99900044,3
2020-10_south-west_stereo-BRUVs,IO261,Biota,Macroalgae,Erect course branching,Brown,Open,NA,NA,NA,80300904,1
2020-10_south-west_stereo-BRUVs,IO261,Biota,Open Water,NA,NA,Open,NA,NA,NA,1,14
2020-10_south-west_stereo-BRUVs,IO261,Biota,Sponges,Erect forms,NA,Open,NA,NA,NA,10000912,4
2020-10_south-west_stereo-BRUVs,IO261,Biota,Sponges,Massive forms,NA,Open,NA,NA,NA,10000903,4
2020-10_south-west_stereo-BRUVs,IO261,Physical,Unconsolidated,Sand,mud (coarse sand),Open,NA,NA,NA,82001014,2
2020-10_south-west_stereo-BRUVs,IO261,Biota,Unknown,NA,NA,Limited,NA,NA,NA,1,3
2020-10_south-west_stereo-BRUVs,IO261,Biota,Unknown,NA,NA,Open,NA,NA,NA,1,1
2020-10_south-west_stereo-BRUVs,IO262,Physical,Consolidated,Cobbles,Veneer,Open,NA,NA,NA,82001004,1
2020-10_south-west_stereo-BRUVs,IO262,Physical,Consolidated,Rock,Turf mat,Open,NA,NA,NA,82001002,1
2020-10_south-west_stereo-BRUVs,IO262,Biota,Macroalgae,Erect fine branching,Green,Open,NA,NA,NA,80300909,3
2020-10_south-west_stereo-BRUVs,IO262,Biota,Macroalgae,Erect fine branching,Red,Open,NA,NA,NA,80300910,21
2020-10_south-west_stereo-BRUVs,IO262,Biota,Macroalgae,Large canopy-forming,Ecklonia radiata,Open,Lessoniaceae,Ecklonia,radiata,54079009,3
2020-10_south-west_stereo-BRUVs,IO262,Biota,Open Water,NA,NA,Open,NA,NA,NA,1,1
2020-10_south-west_stereo-BRUVs,IO262,Physical,Unconsolidated,Sand,mud (coarse sand),Open,NA,NA,NA,82001014,6
2020-10_south-west_stereo-BRUVs,IO262,Biota,Unknown,NA,NA,Limited,NA,NA,NA,1,3
2020-10_south-west_stereo-BRUVs,IO262,Biota,Unknown,NA,NA,Open,NA,NA,NA,1,1
2020-10_south-west_stereo-BRUVs,IO263,Biota,Ascidians,NA,NA,Open,NA,NA,NA,35000000,1
2020-10_south-west_stereo-BRUVs,IO263,Physical,Consolidated,Rock,Turf mat,Open,NA,NA,NA,82001002,3
2020-10_south-west_stereo-BRUVs,IO263,Biota,Macroalgae,Erect fine branching,Green,Open,NA,NA,NA,80300909,2
2020-10_south-west_stereo-BRUVs,IO263,Biota,Macroalgae,Erect fine branching,Red,Open,NA,NA,NA,80300910,13
2020-10_south-west_stereo-BRUVs,IO263,Biota,Open Water,NA,NA,Open,NA,NA,NA,1,2
2020-10_south-west_stereo-BRUVs,IO263,Biota,Seagrasses,Strap-like leaves,Thalassodendrum sp.,Open,Cymodoceaceae,Thalassodendron,spp,63618905,12
2020-10_south-west_stereo-BRUVs,IO263,Biota,Sponges,Erect forms,NA,Open,NA,NA,NA,10000912,1
2020-10_south-west_stereo-BRUVs,IO263,Biota,Sponges,Massive forms,NA,Open,NA,NA,NA,10000903,1
2020-10_south-west_stereo-BRUVs,IO263,Physical,Unconsolidated,Sand,mud (coarse sand),Open,NA,NA,NA,82001014,2
2020-10_south-west_stereo-BRUVs,IO263,Biota,Unknown,NA,NA,Limited,NA,NA,NA,1,3
2020-10_south-west_stereo-BRUVs,IO264,Physical,Consolidated,Rock,No biota,Open,NA,NA,NA,82001002,1
2020-10_south-west_stereo-BRUVs,IO264,Physical,Consolidated,Rock,Turf mat,Open,NA,NA,NA,82001002,3
2020-10_south-west_stereo-BRUVs,IO264,Physical,Consolidated,Rock,Turf mat,NA,NA,NA,NA,82001002,7
2020-10_south-west_stereo-BRUVs,IO264,Biota,Hydroids,NA,NA,Open,NA,NA,NA,11001000,1
2020-10_south-west_stereo-BRUVs,IO264,Biota,Open Water,NA,NA,Open,NA,NA,NA,1,1
2020-10_south-west_stereo-BRUVs,IO264,Biota,Sponges,Massive forms,NA,Open,NA,NA,NA,10000903,2
2020-10_south-west_stereo-BRUVs,IO264,Physical,Unconsolidated,Pebble / gravel (gravel 2-10mm),NA,Open,NA,NA,NA,82001011,1
2020-10_south-west_stereo-BRUVs,IO264,Physical,Unconsolidated,Sand,mud (coarse sand),Open,NA,NA,NA,82001014,16
2020-10_south-west_stereo-BRUVs,IO264,Biota,Unknown,NA,NA,Limited,NA,NA,NA,1,4
2020-10_south-west_stereo-BRUVs,IO264,Biota,Unknown,NA,NA,Open,NA,NA,NA,1,4
2020-10_south-west_stereo-BRUVs,IO266,Biota,Macroalgae,Erect fine branching,Red,Open,NA,NA,NA,80300910,1
2020-10_south-west_stereo-BRUVs,IO266,Biota,Open Water,NA,NA,Open,NA,NA,NA,1,9
2020-10_south-west_stereo-BRUVs,IO266,Physical,Unconsolidated,Sand,mud (coarse sand),Open,NA,NA,NA,82001014,26
2020-10_south-west_stereo-BRUVs,IO266,Biota,Unknown,NA,NA,Limited,NA,NA,NA,1,1
2020-10_south-west_stereo-BRUVs,IO266,Biota,Unknown,NA,NA,Open,NA,NA,NA,1,3
2020-10_south-west_stereo-BRUVs,IO267,Biota,Bryozoa,NA,NA,Open,NA,NA,NA,20000000,3
2020-10_south-west_stereo-BRUVs,IO267,Physical,Consolidated,Rock,Turf mat,Open,NA,NA,NA,82001002,3
2020-10_south-west_stereo-BRUVs,IO267,Biota,Invertebrate Complex,Complex 1,NA,Open,NA,NA,NA,99900044,5
2020-10_south-west_stereo-BRUVs,IO267,Biota,Macroalgae,Erect course branching,Red,Open,NA,NA,NA,80300906,1
2020-10_south-west_stereo-BRUVs,IO267,Biota,Open Water,NA,NA,Open,NA,NA,NA,1,4
2020-10_south-west_stereo-BRUVs,IO267,Physical,Unconsolidated,Sand,mud (coarse sand),Open,NA,NA,NA,82001014,19
2020-10_south-west_stereo-BRUVs,IO267,Biota,Unknown,NA,NA,Limited,NA,NA,NA,1,1
2020-10_south-west_stereo-BRUVs,IO267,Biota,Unknown,NA,NA,Open,NA,NA,NA,1,4
2020-10_south-west_stereo-BRUVs,IO269,Physical,Consolidated,Rock,Turf mat,Open,NA,NA,NA,82001002,5
2020-10_south-west_stereo-BRUVs,IO269,Biota,Macroalgae,Erect course branching,Brown,Open,NA,NA,NA,80300904,1
2020-10_south-west_stereo-BRUVs,IO269,Biota,Macroalgae,Erect fine branching,Red,Open,NA,NA,NA,80300910,4
2020-10_south-west_stereo-BRUVs,IO269,Biota,Macroalgae,Large canopy-forming,Ecklonia radiata,Open,Lessoniaceae,Ecklonia,radiata,54079009,11
2020-10_south-west_stereo-BRUVs,IO269,Biota,Open Water,NA,NA,Open,NA,NA,NA,1,3
2020-10_south-west_stereo-BRUVs,IO269,Biota,Sponges,Erect forms,NA,Open,NA,NA,NA,10000912,1
2020-10_south-west_stereo-BRUVs,IO269,Biota,Sponges,Massive forms,NA,Open,NA,NA,NA,10000903,5
2020-10_south-west_stereo-BRUVs,IO269,Physical,Unconsolidated,Sand,mud (coarse sand),Open,NA,NA,NA,82001014,1
2020-10_south-west_stereo-BRUVs,IO269,Biota,Unknown,NA,NA,Limited,NA,NA,NA,1,4
2020-10_south-west_stereo-BRUVs,IO269,Biota,Unknown,NA,NA,Open,NA,NA,NA,1,5
2020-10_south-west_stereo-BRUVs,IO272,Biota,Bryozoa,NA,NA,Open,NA,NA,NA,20000000,1
2020-10_south-west_stereo-BRUVs,IO272,Physical,Consolidated,Rock,Turf mat,Open,NA,NA,NA,82001002,6
2020-10_south-west_stereo-BRUVs,IO272,Biota,Macroalgae,Erect course branching,Red,Open,NA,NA,NA,80300906,1
2020-10_south-west_stereo-BRUVs,IO272,Biota,Macroalgae,Erect fine branching,Green,Open,NA,NA,NA,80300909,2
2020-10_south-west_stereo-BRUVs,IO272,Biota,Macroalgae,Erect fine branching,Red,Open,NA,NA,NA,80300910,7
2020-10_south-west_stereo-BRUVs,IO272,Biota,Macroalgae,Large canopy-forming,Ecklonia radiata,Open,Lessoniaceae,Ecklonia,radiata,54079009,4
2020-10_south-west_stereo-BRUVs,IO272,Biota,Macroalgae,Small mixed,NA,Open,NA,NA,NA,80300000,1
2020-10_south-west_stereo-BRUVs,IO272,Biota,Open Water,NA,NA,Open,NA,NA,NA,1,8
2020-10_south-west_stereo-BRUVs,IO272,Biota,Sponges,Erect forms,NA,Open,NA,NA,NA,10000912,1
2020-10_south-west_stereo-BRUVs,IO272,Biota,Sponges,Massive forms,NA,Open,NA,NA,NA,10000903,1
2020-10_south-west_stereo-BRUVs,IO272,Physical,Unconsolidated,Sand,mud (coarse sand),Open,NA,NA,NA,82001014,3
2020-10_south-west_stereo-BRUVs,IO272,Biota,Unknown,NA,NA,Limited,NA,NA,NA,1,1
2020-10_south-west_stereo-BRUVs,IO272,Biota,Unknown,NA,NA,Open,NA,NA,NA,1,4
2020-10_south-west_stereo-BRUVs,IO273,Biota,Bryozoa,NA,NA,Open,NA,NA,NA,20000000,1
2020-10_south-west_stereo-BRUVs,IO273,Physical,Consolidated,Cobbles,No biota,Open,NA,NA,NA,82001004,1
2020-10_south-west_stereo-BRUVs,IO273,Physical,Consolidated,Rock,Turf mat,Open,NA,NA,NA,82001002,13
2020-10_south-west_stereo-BRUVs,IO273,Biota,Hydroids,NA,NA,Open,NA,NA,NA,11001000,1
2020-10_south-west_stereo-BRUVs,IO273,Biota,Invertebrate Complex,Complex 1,NA,Open,NA,NA,NA,99900044,1
2020-10_south-west_stereo-BRUVs,IO273,Biota,Macroalgae,Erect fine branching,Green,Open,NA,NA,NA,80300909,4
2020-10_south-west_stereo-BRUVs,IO273,Biota,Macroalgae,Erect fine branching,Red,Open,NA,NA,NA,80300910,12
2020-10_south-west_stereo-BRUVs,IO273,Biota,Open Water,NA,NA,Open,NA,NA,NA,1,1
2020-10_south-west_stereo-BRUVs,IO273,Biota,Seagrasses,Strap-like leaves,Thalassodendrum sp.,Open,Cymodoceaceae,Thalassodendron,spp,63618905,2
2020-10_south-west_stereo-BRUVs,IO273,Physical,Unconsolidated,Sand,mud (coarse sand),Open,NA,NA,NA,82001014,2
2020-10_south-west_stereo-BRUVs,IO273,Biota,Unknown,NA,NA,Limited,NA,NA,NA,1,1
2020-10_south-west_stereo-BRUVs,IO273,Biota,Unknown,NA,NA,Open,NA,NA,NA,1,1
2020-10_south-west_stereo-BRUVs,IO275,Biota,Open Water,NA,NA,Open,NA,NA,NA,1,3
2020-10_south-west_stereo-BRUVs,IO275,Physical,Unconsolidated,Sand,mud (coarse sand),Open,NA,NA,NA,82001014,33
2020-10_south-west_stereo-BRUVs,IO275,Biota,Unknown,NA,NA,Limited,NA,NA,NA,1,1
2020-10_south-west_stereo-BRUVs,IO275,Biota,Unknown,NA,NA,Open,NA,NA,NA,1,3
2020-10_south-west_stereo-BRUVs,IO276,Biota,Invertebrate Complex,Complex 1,NA,Open,NA,NA,NA,99900044,1
2020-10_south-west_stereo-BRUVs,IO276,Biota,Open Water,NA,NA,Open,NA,NA,NA,1,6
2020-10_south-west_stereo-BRUVs,IO276,Biota,Sponges,Erect forms,NA,Open,NA,NA,NA,10000912,1
2020-10_south-west_stereo-BRUVs,IO276,Biota,Sponges,Massive forms,NA,Open,NA,NA,NA,10000903,1
2020-10_south-west_stereo-BRUVs,IO276,Physical,Unconsolidated,Sand,mud (coarse sand),Open,NA,NA,NA,82001014,29
2020-10_south-west_stereo-BRUVs,IO276,Biota,Unknown,NA,NA,Limited,NA,NA,NA,1,2
2020-10_south-west_stereo-BRUVs,IO277,Biota,Hydroids,NA,NA,Open,NA,NA,NA,11001000,1
2020-10_south-west_stereo-BRUVs,IO277,Biota,Invertebrate Complex,Complex 1,NA,Open,NA,NA,NA,99900044,1
2020-10_south-west_stereo-BRUVs,IO277,Biota,Octocoral/Black,Fan (2D),NA,Open,NA,NA,NA,11168912,6
2020-10_south-west_stereo-BRUVs,IO277,Biota,Sponges,Erect forms,NA,Open,NA,NA,NA,10000912,1
2020-10_south-west_stereo-BRUVs,IO277,Physical,Unconsolidated,Sand,mud (coarse sand),Open,NA,NA,NA,82001014,28
2020-10_south-west_stereo-BRUVs,IO277,Biota,Unknown,NA,NA,Limited,NA,NA,NA,1,3
2020-10_south-west_stereo-BRUVs,IO278,Biota,Bryozoa,NA,NA,Open,NA,NA,NA,20000000,1
2020-10_south-west_stereo-BRUVs,IO278,Biota,Invertebrate Complex,Complex 1,NA,Open,NA,NA,NA,99900044,1
2020-10_south-west_stereo-BRUVs,IO278,Biota,Open Water,NA,NA,Open,NA,NA,NA,1,1
2020-10_south-west_stereo-BRUVs,IO278,Biota,Sponges,Massive forms,NA,Open,NA,NA,NA,10000903,1
2020-10_south-west_stereo-BRUVs,IO278,Physical,Unconsolidated,Sand,mud (coarse sand),Open,NA,NA,NA,82001014,35
2020-10_south-west_stereo-BRUVs,IO278,Biota,Unknown,NA,NA,Limited,NA,NA,NA,1,1
2020-10_south-west_stereo-BRUVs,IO280,Biota,Bryozoa,NA,NA,Open,NA,NA,NA,20000000,1
2020-10_south-west_stereo-BRUVs,IO280,Biota,Open Water,NA,NA,Open,NA,NA,NA,1,7
2020-10_south-west_stereo-BRUVs,IO280,Biota,Sponges,Massive forms,NA,Open,NA,NA,NA,10000903,1
2020-10_south-west_stereo-BRUVs,IO280,Physical,Unconsolidated,Sand,mud (coarse sand),Open,NA,NA,NA,82001014,28
2020-10_south-west_stereo-BRUVs,IO280,Biota,Unknown,NA,NA,Limited,NA,NA,NA,1,1
2020-10_south-west_stereo-BRUVs,IO280,Biota,Unknown,NA,NA,Open,NA,NA,NA,1,2
2020-10_south-west_stereo-BRUVs,IO290,Biota,Hydroids,NA,NA,Open,NA,NA,NA,11001000,2
2020-10_south-west_stereo-BRUVs,IO290,Biota,Invertebrate Complex,Complex 1,NA,Open,NA,NA,NA,99900044,1
2020-10_south-west_stereo-BRUVs,IO290,Biota,Open Water,NA,NA,Open,NA,NA,NA,1,1
2020-10_south-west_stereo-BRUVs,IO290,Biota,Sponges,Massive forms,NA,Open,NA,NA,NA,10000903,3
2020-10_south-west_stereo-BRUVs,IO290,Physical,Unconsolidated,Sand,mud (coarse sand),Open,NA,NA,NA,82001014,31
2020-10_south-west_stereo-BRUVs,IO290,Biota,Unknown,NA,NA,Limited,NA,NA,NA,1,2
2020-10_south-west_stereo-BRUVs,IO290,Biota,Unknown,NA,NA,Open,NA,NA,NA,1,1
2020-10_south-west_stereo-BRUVs,IO291,Biota,Open Water,NA,NA,Open,NA,NA,NA,1,8
2020-10_south-west_stereo-BRUVs,IO291,Physical,Unconsolidated,Sand,mud (coarse sand),Open,NA,NA,NA,82001014,30
2020-10_south-west_stereo-BRUVs,IO291,Biota,Unknown,NA,NA,Limited,NA,NA,NA,1,2
2020-10_south-west_stereo-BRUVs,IO293,Biota,Hydroids,NA,NA,Open,NA,NA,NA,11001000,1
2020-10_south-west_stereo-BRUVs,IO293,Biota,Invertebrate Complex,Complex 1,NA,Open,NA,NA,NA,99900044,3
2020-10_south-west_stereo-BRUVs,IO293,Biota,Octocoral/Black,Fan (2D),NA,Open,NA,NA,NA,11168912,1
2020-10_south-west_stereo-BRUVs,IO293,Biota,Octocoral/Black,Whip,NA,Open,NA,NA,NA,11168917,1
2020-10_south-west_stereo-BRUVs,IO293,Biota,Open Water,NA,NA,Open,NA,NA,NA,1,8
2020-10_south-west_stereo-BRUVs,IO293,Biota,Sponges,Erect forms,NA,Open,NA,NA,NA,10000912,1
2020-10_south-west_stereo-BRUVs,IO293,Physical,Unconsolidated,Sand,mud (coarse sand),Open,NA,NA,NA,82001014,20
2020-10_south-west_stereo-BRUVs,IO293,Biota,Unknown,NA,NA,Limited,NA,NA,NA,1,2
2020-10_south-west_stereo-BRUVs,IO293,Biota,Unknown,NA,NA,Open,NA,NA,NA,1,3
2020-10_south-west_stereo-BRUVs,IO294,Biota,Bryozoa,NA,NA,Open,NA,NA,NA,20000000,3
2020-10_south-west_stereo-BRUVs,IO294,Biota,Invertebrate Complex,Complex 1,NA,Open,NA,NA,NA,99900044,5
2020-10_south-west_stereo-BRUVs,IO294,Biota,Open Water,NA,NA,Open,NA,NA,NA,1,2
2020-10_south-west_stereo-BRUVs,IO294,Biota,Sponges,Erect forms,NA,Open,NA,NA,NA,10000912,1
2020-10_south-west_stereo-BRUVs,IO294,Biota,Sponges,Massive forms,NA,Open,NA,NA,NA,10000903,1
2020-10_south-west_stereo-BRUVs,IO294,Physical,Unconsolidated,Pebble / gravel (gravel 2-10mm),NA,Open,NA,NA,NA,82001011,4
2020-10_south-west_stereo-BRUVs,IO294,Physical,Unconsolidated,Sand,mud (coarse sand),Open,NA,NA,NA,82001014,23
2020-10_south-west_stereo-BRUVs,IO294,Biota,Unknown,NA,NA,Limited,NA,NA,NA,1,1
2020-10_south-west_stereo-BRUVs,IO294,Biota,Unknown,NA,NA,Open,NA,NA,NA,1,1
2020-10_south-west_stereo-BRUVs,IO295,Biota,Open Water,NA,NA,Open,NA,NA,NA,1,5
2020-10_south-west_stereo-BRUVs,IO295,Physical,Unconsolidated,Sand,mud (coarse sand),Open,NA,NA,NA,82001014,32
2020-10_south-west_stereo-BRUVs,IO295,Biota,Unknown,NA,NA,Limited,NA,NA,NA,1,3
2020-10_south-west_stereo-BRUVs,IO297,Biota,Open Water,NA,NA,Open,NA,NA,NA,1,13
2020-10_south-west_stereo-BRUVs,IO297,Physical,Unconsolidated,Sand,mud (coarse sand),Open,NA,NA,NA,82001014,26
2020-10_south-west_stereo-BRUVs,IO297,Biota,Unknown,NA,NA,Limited,NA,NA,NA,1,1
2020-10_south-west_stereo-BRUVs,IO298,Biota,Open Water,NA,NA,Open,NA,NA,NA,1,2
2020-10_south-west_stereo-BRUVs,IO298,Biota,Sponges,Erect forms,NA,Open,NA,NA,NA,10000912,1
2020-10_south-west_stereo-BRUVs,IO298,Physical,Unconsolidated,Sand,mud (coarse sand),Open,NA,NA,NA,82001014,36
2020-10_south-west_stereo-BRUVs,IO298,Biota,Unknown,NA,NA,Limited,NA,NA,NA,1,1
2020-10_south-west_stereo-BRUVs,IO299,Biota,Invertebrate Complex,Complex 1,NA,Open,NA,NA,NA,99900044,1
2020-10_south-west_stereo-BRUVs,IO299,Biota,Open Water,NA,NA,Open,NA,NA,NA,1,3
2020-10_south-west_stereo-BRUVs,IO299,Physical,Unconsolidated,Sand,mud (coarse sand),Open,NA,NA,NA,82001014,33
2020-10_south-west_stereo-BRUVs,IO299,Biota,Unknown,NA,NA,Limited,NA,NA,NA,1,1
2020-10_south-west_stereo-BRUVs,IO299,Biota,Unknown,NA,NA,Open,NA,NA,NA,1,2
2020-10_south-west_stereo-BRUVs,IO3,Physical,Consolidated,Rock,Turf mat,Open,NA,NA,NA,82001002,17
2020-10_south-west_stereo-BRUVs,IO3,Biota,Invertebrate Complex,Complex 1,NA,Open,NA,NA,NA,99900044,2
2020-10_south-west_stereo-BRUVs,IO3,Biota,Macroalgae,Erect fine branching,Red,Open,NA,NA,NA,80300910,3
2020-10_south-west_stereo-BRUVs,IO3,Biota,Open Water,NA,NA,Open,NA,NA,NA,1,1
2020-10_south-west_stereo-BRUVs,IO3,Biota,Sponges,Erect forms,NA,Open,NA,NA,NA,10000912,2
2020-10_south-west_stereo-BRUVs,IO3,Biota,Sponges,Massive forms,NA,Open,NA,NA,NA,10000903,7
2020-10_south-west_stereo-BRUVs,IO3,Biota,Sponges,Small mixed,NA,Open,NA,NA,NA,10000000,2
2020-10_south-west_stereo-BRUVs,IO3,Physical,Unconsolidated,Sand,mud (coarse sand),Open,NA,NA,NA,82001014,3
2020-10_south-west_stereo-BRUVs,IO3,Biota,Unknown,NA,NA,Open,NA,NA,NA,1,3
2020-10_south-west_stereo-BRUVs,IO300,Biota,Bryozoa,NA,NA,Open,NA,NA,NA,20000000,1
2020-10_south-west_stereo-BRUVs,IO300,Biota,Open Water,NA,NA,Open,NA,NA,NA,1,5
2020-10_south-west_stereo-BRUVs,IO300,Biota,Sponges,Massive forms,NA,Open,NA,NA,NA,10000903,2
2020-10_south-west_stereo-BRUVs,IO300,Physical,Unconsolidated,Sand,mud (coarse sand),Open,NA,NA,NA,82001014,28
2020-10_south-west_stereo-BRUVs,IO300,Biota,Unknown,NA,NA,Limited,NA,NA,NA,1,4
2020-10_south-west_stereo-BRUVs,IO302,Biota,Open Water,NA,NA,Open,NA,NA,NA,1,3
2020-10_south-west_stereo-BRUVs,IO302,Physical,Unconsolidated,Sand,mud (coarse sand),Open,NA,NA,NA,82001014,31
2020-10_south-west_stereo-BRUVs,IO302,Biota,Unknown,NA,NA,Limited,NA,NA,NA,1,6
2020-10_south-west_stereo-BRUVs,IO306,Biota,Open Water,NA,NA,Open,NA,NA,NA,1,2
2020-10_south-west_stereo-BRUVs,IO306,Physical,Unconsolidated,Sand,mud (coarse sand),Open,NA,NA,NA,82001014,36
2020-10_south-west_stereo-BRUVs,IO306,Biota,Unknown,NA,NA,Limited,NA,NA,NA,1,1
2020-10_south-west_stereo-BRUVs,IO306,Biota,Unknown,NA,NA,NA,NA,NA,NA,1,1
2020-10_south-west_stereo-BRUVs,IO307,Biota,Invertebrate Complex,Complex 1,NA,Open,NA,NA,NA,99900044,3
2020-10_south-west_stereo-BRUVs,IO307,Biota,Open Water,NA,NA,Open,NA,NA,NA,1,1
2020-10_south-west_stereo-BRUVs,IO307,Biota,Sponges,Massive forms,NA,Open,NA,NA,NA,10000903,1
2020-10_south-west_stereo-BRUVs,IO307,Physical,Unconsolidated,Sand,mud (coarse sand),Open,NA,NA,NA,82001014,30
2020-10_south-west_stereo-BRUVs,IO307,Biota,Unknown,NA,NA,Limited,NA,NA,NA,1,2
2020-10_south-west_stereo-BRUVs,IO307,Biota,Unknown,NA,NA,Open,NA,NA,NA,1,3
2020-10_south-west_stereo-BRUVs,IO308,Biota,Invertebrate Complex,Complex 1,NA,Open,NA,NA,NA,99900044,2
2020-10_south-west_stereo-BRUVs,IO308,Biota,Open Water,NA,NA,Open,NA,NA,NA,1,2
2020-10_south-west_stereo-BRUVs,IO308,Biota,Sponges,Massive forms,NA,Open,NA,NA,NA,10000903,1
2020-10_south-west_stereo-BRUVs,IO308,Physical,Unconsolidated,Sand,mud (coarse sand),Open,NA,NA,NA,82001014,32
2020-10_south-west_stereo-BRUVs,IO308,Biota,Unknown,NA,NA,Limited,NA,NA,NA,1,3
2020-10_south-west_stereo-BRUVs,IO310,Physical,Consolidated,Rock,No biota,Open,NA,NA,NA,82001002,1
2020-10_south-west_stereo-BRUVs,IO310,Physical,Consolidated,Rock,Turf mat,Open,NA,NA,NA,82001002,2
2020-10_south-west_stereo-BRUVs,IO310,Physical,Consolidated,Rock,Veneer,Open,NA,NA,NA,82001002,1
2020-10_south-west_stereo-BRUVs,IO310,Biota,Invertebrate Complex,Complex 1,NA,Open,NA,NA,NA,99900044,2
2020-10_south-west_stereo-BRUVs,IO310,Biota,Macroalgae,Erect course branching,Green,Open,NA,NA,NA,80300905,1
2020-10_south-west_stereo-BRUVs,IO310,Biota,Open Water,NA,NA,Open,NA,NA,NA,1,3
2020-10_south-west_stereo-BRUVs,IO310,Biota,Sponges,Massive forms,NA,Open,NA,NA,NA,10000903,5
2020-10_south-west_stereo-BRUVs,IO310,Physical,Unconsolidated,Sand,mud (coarse sand),Open,NA,NA,NA,82001014,24
2020-10_south-west_stereo-BRUVs,IO310,Biota,Unknown,NA,NA,Open,NA,NA,NA,1,1
2020-10_south-west_stereo-BRUVs,IO311,Physical,Consolidated,Rock,Turf mat,Open,NA,NA,NA,82001002,9
2020-10_south-west_stereo-BRUVs,IO311,Biota,Hydroids,NA,NA,Open,NA,NA,NA,11001000,5
2020-10_south-west_stereo-BRUVs,IO311,Biota,Invertebrate Complex,Complex 1,NA,Open,NA,NA,NA,99900044,9
2020-10_south-west_stereo-BRUVs,IO311,Biota,Macroalgae,Erect course branching,Green,Open,NA,NA,NA,80300905,2
2020-10_south-west_stereo-BRUVs,IO311,Biota,Octocoral/Black,Fan (2D),NA,Open,NA,NA,NA,11168912,1
2020-10_south-west_stereo-BRUVs,IO311,Biota,Open Water,NA,NA,Open,NA,NA,NA,1,9
2020-10_south-west_stereo-BRUVs,IO311,Biota,Sponges,Hollow forms,NA,Open,NA,NA,NA,10000909,1
2020-10_south-west_stereo-BRUVs,IO311,Biota,Sponges,Small mixed,NA,Open,NA,NA,NA,10000000,3
2020-10_south-west_stereo-BRUVs,IO311,Biota,Unknown,NA,NA,Limited,NA,NA,NA,1,1
2020-10_south-west_stereo-BRUVs,IO312,Biota,Bryozoa,NA,NA,Open,NA,NA,NA,20000000,4
2020-10_south-west_stereo-BRUVs,IO312,Physical,Consolidated,Rock,Turf mat,Open,NA,NA,NA,82001002,3
2020-10_south-west_stereo-BRUVs,IO312,Biota,Hydroids,NA,NA,Open,NA,NA,NA,11001000,2
2020-10_south-west_stereo-BRUVs,IO312,Biota,Invertebrate Complex,Complex 1,NA,Open,NA,NA,NA,99900044,1
2020-10_south-west_stereo-BRUVs,IO312,Biota,Macroalgae,Erect course branching,Green,Open,NA,NA,NA,80300905,1
2020-10_south-west_stereo-BRUVs,IO312,Biota,Macroalgae,Erect fine branching,Red,Open,NA,NA,NA,80300910,1
2020-10_south-west_stereo-BRUVs,IO312,Biota,Macroalgae,Large canopy-forming,Ecklonia radiata,Open,Lessoniaceae,Ecklonia,radiata,54079009,1
2020-10_south-west_stereo-BRUVs,IO312,Biota,Open Water,NA,NA,Open,NA,NA,NA,1,7
2020-10_south-west_stereo-BRUVs,IO312,Biota,Sponges,Erect forms,NA,Open,NA,NA,NA,10000912,2
2020-10_south-west_stereo-BRUVs,IO312,Biota,Sponges,Massive forms,NA,Open,NA,NA,NA,10000903,2
2020-10_south-west_stereo-BRUVs,IO312,Physical,Unconsolidated,Sand,mud (coarse sand),Open,NA,NA,NA,82001014,10
2020-10_south-west_stereo-BRUVs,IO312,Biota,Unknown,NA,NA,Limited,NA,NA,NA,1,3
2020-10_south-west_stereo-BRUVs,IO312,Biota,Unknown,NA,NA,Open,NA,NA,NA,1,3
2020-10_south-west_stereo-BRUVs,IO313,Biota,Open Water,NA,NA,Open,NA,NA,NA,1,1
2020-10_south-west_stereo-BRUVs,IO313,Physical,Unconsolidated,Sand,mud (coarse sand),Open,NA,NA,NA,82001014,37
2020-10_south-west_stereo-BRUVs,IO313,Biota,Unknown,NA,NA,Limited,NA,NA,NA,1,2
2020-10_south-west_stereo-BRUVs,IO319,Biota,Hydroids,NA,NA,Open,NA,NA,NA,11001000,1
2020-10_south-west_stereo-BRUVs,IO319,Biota,Invertebrate Complex,Complex 1,NA,Open,NA,NA,NA,99900044,3
2020-10_south-west_stereo-BRUVs,IO319,Biota,Open Water,NA,NA,Open,NA,NA,NA,1,1
2020-10_south-west_stereo-BRUVs,IO319,Biota,Sponges,Massive forms,NA,Open,NA,NA,NA,10000903,1
2020-10_south-west_stereo-BRUVs,IO319,Physical,Unconsolidated,Sand,mud (coarse sand),Open,NA,NA,NA,82001014,33
2020-10_south-west_stereo-BRUVs,IO319,Biota,Unknown,NA,NA,Limited,NA,NA,NA,1,1
2020-10_south-west_stereo-BRUVs,IO323,Biota,Invertebrate Complex,Complex 1,NA,Open,NA,NA,NA,99900044,1
2020-10_south-west_stereo-BRUVs,IO323,Biota,Open Water,NA,NA,Open,NA,NA,NA,1,2
2020-10_south-west_stereo-BRUVs,IO323,Biota,Sponges,Erect forms,NA,Open,NA,NA,NA,10000912,1
2020-10_south-west_stereo-BRUVs,IO323,Biota,Sponges,Massive forms,NA,Open,NA,NA,NA,10000903,2
2020-10_south-west_stereo-BRUVs,IO323,Physical,Unconsolidated,Sand,mud (coarse sand),Open,NA,NA,NA,82001014,31
2020-10_south-west_stereo-BRUVs,IO323,Biota,Unknown,NA,NA,Limited,NA,NA,NA,1,2
2020-10_south-west_stereo-BRUVs,IO323,Biota,Unknown,NA,NA,Open,NA,NA,NA,1,1
2020-10_south-west_stereo-BRUVs,IO324,Biota,Invertebrate Complex,Complex 1,NA,Open,NA,NA,NA,99900044,2
2020-10_south-west_stereo-BRUVs,IO324,Biota,Open Water,NA,NA,Open,NA,NA,NA,1,5
2020-10_south-west_stereo-BRUVs,IO324,Physical,Unconsolidated,Sand,mud (coarse sand),Open,NA,NA,NA,82001014,32
2020-10_south-west_stereo-BRUVs,IO324,Biota,Unknown,NA,NA,Limited,NA,NA,NA,1,1
2020-10_south-west_stereo-BRUVs,IO325,Biota,Bryozoa,NA,NA,Open,NA,NA,NA,20000000,2
2020-10_south-west_stereo-BRUVs,IO325,Physical,Consolidated,Rock,No biota,Open,NA,NA,NA,82001002,1
2020-10_south-west_stereo-BRUVs,IO325,Physical,Consolidated,Rock,Turf mat,Open,NA,NA,NA,82001002,2
2020-10_south-west_stereo-BRUVs,IO325,Physical,Consolidated,Rock,Veneer,Open,NA,NA,NA,82001002,3
2020-10_south-west_stereo-BRUVs,IO325,Biota,Invertebrate Complex,Complex 1,NA,Open,NA,NA,NA,99900044,4
2020-10_south-west_stereo-BRUVs,IO325,Biota,Sponges,Erect forms,NA,Open,NA,NA,NA,10000912,3
2020-10_south-west_stereo-BRUVs,IO325,Physical,Unconsolidated,Pebble,gravel (gravel 2-10mm),Open,NA,NA,NA,82001011,1
2020-10_south-west_stereo-BRUVs,IO325,Physical,Unconsolidated,Sand,mud (coarse sand),Open,NA,NA,NA,82001014,17
2020-10_south-west_stereo-BRUVs,IO325,Biota,Unknown,NA,NA,Limited,NA,NA,NA,1,2
2020-10_south-west_stereo-BRUVs,IO325,Biota,Unknown,NA,NA,Open,NA,NA,NA,1,5
2020-10_south-west_stereo-BRUVs,IO326,Biota,Bryozoa,NA,NA,Open,NA,NA,NA,20000000,3
2020-10_south-west_stereo-BRUVs,IO326,Biota,Hydroids,NA,NA,Open,NA,NA,NA,11001000,1
2020-10_south-west_stereo-BRUVs,IO326,Biota,Invertebrate Complex,Complex 1,NA,Open,NA,NA,NA,99900044,2
2020-10_south-west_stereo-BRUVs,IO326,Biota,Open Water,NA,NA,Open,NA,NA,NA,1,1
2020-10_south-west_stereo-BRUVs,IO326,Biota,Sponges,Erect forms,NA,Open,NA,NA,NA,10000912,4
2020-10_south-west_stereo-BRUVs,IO326,Biota,Sponges,Massive forms,NA,Open,NA,NA,NA,10000903,1
2020-10_south-west_stereo-BRUVs,IO326,Physical,Unconsolidated,Sand,mud (coarse sand),Open,NA,NA,NA,82001014,26
2020-10_south-west_stereo-BRUVs,IO326,Biota,Unknown,NA,NA,Limited,NA,NA,NA,1,2
2020-10_south-west_stereo-BRUVs,IO327,Biota,Ascidians,NA,NA,Open,NA,NA,NA,35000000,1
2020-10_south-west_stereo-BRUVs,IO327,Biota,Bryozoa,NA,NA,Open,NA,NA,NA,20000000,1
2020-10_south-west_stereo-BRUVs,IO327,Physical,Consolidated,Rock,Turf mat,Open,NA,NA,NA,82001002,4
2020-10_south-west_stereo-BRUVs,IO327,Biota,Hydroids,NA,NA,Open,NA,NA,NA,11001000,4
2020-10_south-west_stereo-BRUVs,IO327,Biota,Invertebrate Complex,Complex 1,NA,Open,NA,NA,NA,99900044,10
2020-10_south-west_stereo-BRUVs,IO327,Biota,Octocoral/Black,Fan (2D),NA,Open,NA,NA,NA,11168912,4
2020-10_south-west_stereo-BRUVs,IO327,Biota,Open Water,NA,NA,Open,NA,NA,NA,1,5
2020-10_south-west_stereo-BRUVs,IO327,Biota,Sponges,Erect forms,NA,Open,NA,NA,NA,10000912,1
2020-10_south-west_stereo-BRUVs,IO327,Biota,Sponges,Massive forms,NA,Open,NA,NA,NA,10000903,3
2020-10_south-west_stereo-BRUVs,IO327,Biota,Sponges,Small mixed,NA,Open,NA,NA,NA,10000000,2
2020-10_south-west_stereo-BRUVs,IO327,Biota,Unknown,NA,NA,Open,NA,NA,NA,1,5
2020-10_south-west_stereo-BRUVs,IO328,Physical,Consolidated,Rock,Turf mat,Open,NA,NA,NA,82001002,8
2020-10_south-west_stereo-BRUVs,IO328,Biota,Macroalgae,Erect course branching,Brown,Open,NA,NA,NA,80300904,2
2020-10_south-west_stereo-BRUVs,IO328,Biota,Macroalgae,Erect fine branching,Red,Open,NA,NA,NA,80300910,7
2020-10_south-west_stereo-BRUVs,IO328,Biota,Macroalgae,Large canopy-forming,Ecklonia radiata,Open,Lessoniaceae,Ecklonia,radiata,54079009,15
2020-10_south-west_stereo-BRUVs,IO328,Biota,Macroalgae,Large canopy-forming,Scytothalia dorycarpa,Open,Seirococcaceae,Scytothalia,dorycarpa,54102005,1
2020-10_south-west_stereo-BRUVs,IO328,Biota,Seagrasses,Strap-like leaves,Thalassodendrum sp.,Open,Cymodoceaceae,Thalassodendron,spp,63618905,3
2020-10_south-west_stereo-BRUVs,IO328,Physical,Unconsolidated,Sand,mud (coarse sand),Open,NA,NA,NA,82001014,3
2020-10_south-west_stereo-BRUVs,IO328,Biota,Unknown,NA,NA,Open,NA,NA,NA,1,1
2020-10_south-west_stereo-BRUVs,IO329,Biota,Open Water,NA,NA,Open,NA,NA,NA,1,4
2020-10_south-west_stereo-BRUVs,IO329,Physical,Unconsolidated,Sand,mud (coarse sand),Open,NA,NA,NA,82001014,35
2020-10_south-west_stereo-BRUVs,IO329,Biota,Unknown,NA,NA,Limited,NA,NA,NA,1,1
2020-10_south-west_stereo-BRUVs,IO330,Biota,Bryozoa,NA,NA,Open,NA,NA,NA,20000000,1
2020-10_south-west_stereo-BRUVs,IO330,Biota,Hydroids,NA,NA,Open,NA,NA,NA,11001000,16
2020-10_south-west_stereo-BRUVs,IO330,Biota,Invertebrate Complex,Complex 1,NA,Open,NA,NA,NA,99900044,5
2020-10_south-west_stereo-BRUVs,IO330,Biota,Octocoral/Black,Fan (2D),NA,Open,NA,NA,NA,11168912,3
2020-10_south-west_stereo-BRUVs,IO330,Biota,Sponges,Massive forms,NA,Open,NA,NA,NA,10000903,2
2020-10_south-west_stereo-BRUVs,IO330,Physical,Unconsolidated,Sand,mud (coarse sand),Open,NA,NA,NA,82001014,10
2020-10_south-west_stereo-BRUVs,IO330,Biota,Unknown,NA,NA,Limited,NA,NA,NA,1,3
2020-10_south-west_stereo-BRUVs,IO331,Biota,Open Water,NA,NA,Open,NA,NA,NA,1,4
2020-10_south-west_stereo-BRUVs,IO331,Physical,Unconsolidated,Sand,mud (coarse sand),Open,NA,NA,NA,82001014,34
2020-10_south-west_stereo-BRUVs,IO331,Biota,Unknown,NA,NA,Limited,NA,NA,NA,1,2
2020-10_south-west_stereo-BRUVs,IO332,Biota,Open Water,NA,NA,Open,NA,NA,NA,1,2
2020-10_south-west_stereo-BRUVs,IO332,Physical,Unconsolidated,Sand,mud (coarse sand),Open,NA,NA,NA,82001014,35
2020-10_south-west_stereo-BRUVs,IO332,Biota,Unknown,NA,NA,Limited,NA,NA,NA,1,3
2020-10_south-west_stereo-BRUVs,IO333,Biota,Hydroids,NA,NA,Open,NA,NA,NA,11001000,2
2020-10_south-west_stereo-BRUVs,IO333,Biota,Invertebrate Complex,Complex 1,NA,Open,NA,NA,NA,99900044,1
2020-10_south-west_stereo-BRUVs,IO333,Biota,Open Water,NA,NA,Open,NA,NA,NA,1,1
2020-10_south-west_stereo-BRUVs,IO333,Biota,Sponges,Massive forms,NA,Open,NA,NA,NA,10000903,1
2020-10_south-west_stereo-BRUVs,IO333,Physical,Unconsolidated,Sand,mud (coarse sand),Open,NA,NA,NA,82001014,30
2020-10_south-west_stereo-BRUVs,IO333,Biota,Unknown,NA,NA,Limited,NA,NA,NA,1,2
2020-10_south-west_stereo-BRUVs,IO333,Biota,Unknown,NA,NA,Open,NA,NA,NA,1,3
2020-10_south-west_stereo-BRUVs,IO334,Biota,Open Water,NA,NA,Open,NA,NA,NA,1,3
2020-10_south-west_stereo-BRUVs,IO334,Physical,Unconsolidated,Sand,mud (coarse sand),Open,NA,NA,NA,82001014,35
2020-10_south-west_stereo-BRUVs,IO334,Biota,Unknown,NA,NA,Limited,NA,NA,NA,1,2
2020-10_south-west_stereo-BRUVs,IO335,Biota,Bryozoa,NA,NA,Open,NA,NA,NA,20000000,1
2020-10_south-west_stereo-BRUVs,IO335,Physical,Consolidated,Rock,Turf mat,Open,NA,NA,NA,82001002,11
2020-10_south-west_stereo-BRUVs,IO335,Physical,Consolidated,Rock,Veneer,Open,NA,NA,NA,82001002,1
2020-10_south-west_stereo-BRUVs,IO335,Biota,Macroalgae,Erect course branching,Green,Open,NA,NA,NA,80300905,2
2020-10_south-west_stereo-BRUVs,IO335,Biota,Macroalgae,Erect fine branching,Green,Open,NA,NA,NA,80300909,1
2020-10_south-west_stereo-BRUVs,IO335,Biota,Macroalgae,Large canopy-forming,Ecklonia radiata,Open,Lessoniaceae,Ecklonia,radiata,54079009,4
2020-10_south-west_stereo-BRUVs,IO335,Biota,Open Water,NA,NA,Open,NA,NA,NA,1,10
2020-10_south-west_stereo-BRUVs,IO335,Biota,Seagrasses,Strap-like leaves,Thalassodendrum sp.,Open,Cymodoceaceae,Thalassodendron,spp,63618905,1
2020-10_south-west_stereo-BRUVs,IO335,Biota,Sponges,Erect forms,NA,Open,NA,NA,NA,10000912,2
2020-10_south-west_stereo-BRUVs,IO335,Biota,Sponges,Massive forms,NA,Open,NA,NA,NA,10000903,2
2020-10_south-west_stereo-BRUVs,IO335,Biota,Sponges,Small mixed,NA,Open,NA,NA,NA,10000000,2
2020-10_south-west_stereo-BRUVs,IO335,Biota,Unknown,NA,NA,Limited,NA,NA,NA,1,3
2020-10_south-west_stereo-BRUVs,IO336,Physical,Consolidated,Rock,No biota,Open,NA,NA,NA,82001002,1
2020-10_south-west_stereo-BRUVs,IO336,Physical,Consolidated,Rock,Turf mat,Open,NA,NA,NA,82001002,6
2020-10_south-west_stereo-BRUVs,IO336,Biota,Invertebrate Complex,Complex 1,NA,Open,NA,NA,NA,99900044,2
2020-10_south-west_stereo-BRUVs,IO336,Biota,Macroalgae,Erect course branching,Brown,Open,NA,NA,NA,80300904,6
2020-10_south-west_stereo-BRUVs,IO336,Biota,Macroalgae,Erect course branching,Red,Open,NA,NA,NA,80300906,1
2020-10_south-west_stereo-BRUVs,IO336,Biota,Macroalgae,Erect fine branching,Red,Open,NA,NA,NA,80300910,10
2020-10_south-west_stereo-BRUVs,IO336,Biota,Macroalgae,Large canopy-forming,Ecklonia radiata,Open,Lessoniaceae,Ecklonia,radiata,54079009,1
2020-10_south-west_stereo-BRUVs,IO336,Biota,Open Water,NA,NA,Open,NA,NA,NA,1,3
2020-10_south-west_stereo-BRUVs,IO336,Biota,Seagrasses,Strap-like leaves,Thalassodendrum sp.,Open,Cymodoceaceae,Thalassodendron,spp,63618905,1
2020-10_south-west_stereo-BRUVs,IO336,Biota,Sponges,Crusts,NA,Open,NA,NA,NA,10000901,1
2020-10_south-west_stereo-BRUVs,IO336,Biota,Sponges,Massive forms,NA,Open,NA,NA,NA,10000903,2
2020-10_south-west_stereo-BRUVs,IO336,Physical,Unconsolidated,Sand,mud (coarse sand),Open,NA,NA,NA,82001014,2
2020-10_south-west_stereo-BRUVs,IO336,Biota,Unknown,NA,NA,Limited,NA,NA,NA,1,1
2020-10_south-west_stereo-BRUVs,IO336,Biota,Unknown,NA,NA,Open,NA,NA,NA,1,3
2020-10_south-west_stereo-BRUVs,IO337,Biota,Ascidians,NA,NA,Open,NA,NA,NA,35000000,1
2020-10_south-west_stereo-BRUVs,IO337,Physical,Consolidated,Rock,Turf mat,Open,NA,NA,NA,82001002,4
2020-10_south-west_stereo-BRUVs,IO337,Biota,Macroalgae,Encrusting,Red,Open,NA,NA,NA,80300929,1
2020-10_south-west_stereo-BRUVs,IO337,Biota,Macroalgae,Large canopy-forming,Ecklonia radiata,Open,Lessoniaceae,Ecklonia,radiata,54079009,30
2020-10_south-west_stereo-BRUVs,IO337,Biota,Unknown,NA,NA,Limited,NA,NA,NA,1,3
2020-10_south-west_stereo-BRUVs,IO337,Biota,Unknown,NA,NA,Open,NA,NA,NA,1,1
2020-10_south-west_stereo-BRUVs,IO338,Biota,Ascidians,NA,NA,Open,NA,NA,NA,35000000,1
2020-10_south-west_stereo-BRUVs,IO338,Physical,Consolidated,Rock,No biota,Open,NA,NA,NA,82001002,1
2020-10_south-west_stereo-BRUVs,IO338,Biota,Macroalgae,Erect course branching,Brown,NA,NA,NA,NA,80300904,3
2020-10_south-west_stereo-BRUVs,IO338,Biota,Open Water,NA,NA,Open,NA,NA,NA,1,2
2020-10_south-west_stereo-BRUVs,IO338,Biota,Sponges,Massive forms,NA,Open,NA,NA,NA,10000903,1
2020-10_south-west_stereo-BRUVs,IO338,Physical,Unconsolidated,Sand,mud (coarse sand),Open,NA,NA,NA,82001014,26
2020-10_south-west_stereo-BRUVs,IO338,Biota,Unknown,NA,NA,Limited,NA,NA,NA,1,5
2020-10_south-west_stereo-BRUVs,IO338,Biota,Unknown,NA,NA,Open,NA,NA,NA,1,1
2020-10_south-west_stereo-BRUVs,IO339,Biota,Bryozoa,NA,NA,Open,NA,NA,NA,20000000,2
2020-10_south-west_stereo-BRUVs,IO339,Physical,Consolidated,Rock,No biota,Open,NA,NA,NA,82001002,1
2020-10_south-west_stereo-BRUVs,IO339,Physical,Consolidated,Rock,Turf mat,Open,NA,NA,NA,82001002,5
2020-10_south-west_stereo-BRUVs,IO339,Biota,Invertebrate Complex,Complex 1,NA,Open,NA,NA,NA,99900044,1
2020-10_south-west_stereo-BRUVs,IO339,Biota,Macroalgae,Articulated calcareous,NA,Open,NA,NA,NA,80300911,1
2020-10_south-west_stereo-BRUVs,IO339,Biota,Macroalgae,Erect course branching,Brown,Open,NA,NA,NA,80300904,4
2020-10_south-west_stereo-BRUVs,IO339,Biota,Macroalgae,Erect fine branching,Green,Open,NA,NA,NA,80300909,2
2020-10_south-west_stereo-BRUVs,IO339,Biota,Macroalgae,Erect fine branching,Red,Open,NA,NA,NA,80300910,7
2020-10_south-west_stereo-BRUVs,IO339,Biota,Macroalgae,Large canopy-forming,Ecklonia radiata,Open,Lessoniaceae,Ecklonia,radiata,54079009,5
2020-10_south-west_stereo-BRUVs,IO339,Biota,Open Water,NA,NA,Open,NA,NA,NA,1,1
2020-10_south-west_stereo-BRUVs,IO339,Biota,Seagrasses,Strap-like leaves,Thalassodendrum sp.,Open,Cymodoceaceae,Thalassodendron,spp,63618905,1
2020-10_south-west_stereo-BRUVs,IO339,Biota,Sponges,Massive forms,NA,Open,NA,NA,NA,10000903,3
2020-10_south-west_stereo-BRUVs,IO339,Biota,Sponges,Small mixed,NA,Open,NA,NA,NA,10000000,6
2020-10_south-west_stereo-BRUVs,IO339,Biota,Unknown,NA,NA,Limited,NA,NA,NA,1,1
2020-10_south-west_stereo-BRUVs,IO34,Physical,Consolidated,Rock,No biota,Open,NA,NA,NA,82001002,1
2020-10_south-west_stereo-BRUVs,IO34,Physical,Consolidated,Rock,Turf mat,Open,NA,NA,NA,82001002,5
2020-10_south-west_stereo-BRUVs,IO34,Biota,Invertebrate Complex,Complex 1,NA,Open,NA,NA,NA,99900044,1
2020-10_south-west_stereo-BRUVs,IO34,Biota,Macroalgae,Erect course branching,Brown,Open,NA,NA,NA,80300904,3
2020-10_south-west_stereo-BRUVs,IO34,Biota,Macroalgae,Erect fine branching,Red,Open,NA,NA,NA,80300910,4
2020-10_south-west_stereo-BRUVs,IO34,Biota,Macroalgae,Filamentous and filiform,NA,Open,NA,NA,NA,80300930,1
2020-10_south-west_stereo-BRUVs,IO34,Biota,Macroalgae,Large canopy-forming,Ecklonia radiata,Open,Lessoniaceae,Ecklonia,radiata,54079009,4
2020-10_south-west_stereo-BRUVs,IO34,Biota,Macroalgae,Small mixed,NA,Open,NA,NA,NA,80300000,1
2020-10_south-west_stereo-BRUVs,IO34,Biota,Open Water,NA,NA,Open,NA,NA,NA,1,9
2020-10_south-west_stereo-BRUVs,IO34,Biota,Seagrasses,Strap-like leaves,Thalassodendrum sp.,Open,Cymodoceaceae,Thalassodendron,spp,63618905,4
2020-10_south-west_stereo-BRUVs,IO34,Biota,Unknown,NA,NA,Limited,NA,NA,NA,1,1
2020-10_south-west_stereo-BRUVs,IO34,Biota,Unknown,NA,NA,Open,NA,NA,NA,1,6
2020-10_south-west_stereo-BRUVs,IO343,Biota,Sponges,Massive forms,NA,Open,NA,NA,NA,10000903,2
2020-10_south-west_stereo-BRUVs,IO343,Physical,Unconsolidated,Sand,mud (coarse sand),Open,NA,NA,NA,82001014,35
2020-10_south-west_stereo-BRUVs,IO343,Biota,Unknown,NA,NA,Limited,NA,NA,NA,1,3
2020-10_south-west_stereo-BRUVs,IO344,Biota,Bryozoa,NA,NA,Open,NA,NA,NA,20000000,1
2020-10_south-west_stereo-BRUVs,IO344,Biota,Invertebrate Complex,Complex 1,NA,Open,NA,NA,NA,99900044,2
2020-10_south-west_stereo-BRUVs,IO344,Biota,Open Water,NA,NA,Open,NA,NA,NA,1,1
2020-10_south-west_stereo-BRUVs,IO344,Physical,Unconsolidated,Pebble,gravel (gravel 2-10mm),Open,NA,NA,NA,82001011,10
2020-10_south-west_stereo-BRUVs,IO344,Physical,Unconsolidated,Sand,mud (coarse sand),Open,NA,NA,NA,82001014,20
2020-10_south-west_stereo-BRUVs,IO344,Biota,Unknown,NA,NA,Limited,NA,NA,NA,1,4
2020-10_south-west_stereo-BRUVs,IO344,Biota,Unknown,NA,NA,Open,NA,NA,NA,1,2
2020-10_south-west_stereo-BRUVs,IO349,Biota,Invertebrate Complex,Complex 1,NA,Open,NA,NA,NA,99900044,4
2020-10_south-west_stereo-BRUVs,IO349,Biota,Open Water,NA,NA,Open,NA,NA,NA,1,3
2020-10_south-west_stereo-BRUVs,IO349,Biota,Sponges,Erect forms,NA,Open,NA,NA,NA,10000912,1
2020-10_south-west_stereo-BRUVs,IO349,Physical,Unconsolidated,Sand,mud (coarse sand),Open,NA,NA,NA,82001014,31
2020-10_south-west_stereo-BRUVs,IO349,Biota,Unknown,NA,NA,Limited,NA,NA,NA,1,1
2020-10_south-west_stereo-BRUVs,IO350,Biota,Invertebrate Complex,Complex 1,NA,Open,NA,NA,NA,99900044,3
2020-10_south-west_stereo-BRUVs,IO350,Biota,Open Water,NA,NA,Open,NA,NA,NA,1,1
2020-10_south-west_stereo-BRUVs,IO350,Physical,Unconsolidated,Sand,mud (coarse sand),Open,NA,NA,NA,82001014,33
2020-10_south-west_stereo-BRUVs,IO350,Biota,Unknown,NA,NA,Limited,NA,NA,NA,1,1
2020-10_south-west_stereo-BRUVs,IO350,Biota,Unknown,NA,NA,Open,NA,NA,NA,1,2
2020-10_south-west_stereo-BRUVs,IO351,Biota,Bryozoa,NA,NA,Open,NA,NA,NA,20000000,1
2020-10_south-west_stereo-BRUVs,IO351,Biota,Open Water,NA,NA,Open,NA,NA,NA,1,1
2020-10_south-west_stereo-BRUVs,IO351,Physical,Unconsolidated,Sand,mud (coarse sand),Open,NA,NA,NA,82001014,31
2020-10_south-west_stereo-BRUVs,IO351,Biota,Unknown,NA,NA,Limited,NA,NA,NA,1,5
2020-10_south-west_stereo-BRUVs,IO351,Biota,Unknown,NA,NA,Open,NA,NA,NA,1,2
2020-10_south-west_stereo-BRUVs,IO352,Biota,Bryozoa,NA,NA,Open,NA,NA,NA,20000000,3
2020-10_south-west_stereo-BRUVs,IO352,Biota,Hydroids,NA,NA,Open,NA,NA,NA,11001000,3
2020-10_south-west_stereo-BRUVs,IO352,Biota,Invertebrate Complex,Complex 1,NA,Open,NA,NA,NA,99900044,2
2020-10_south-west_stereo-BRUVs,IO352,Biota,Sponges,Crusts,NA,Open,NA,NA,NA,10000901,2
2020-10_south-west_stereo-BRUVs,IO352,Biota,Sponges,Erect forms,NA,Open,NA,NA,NA,10000912,2
2020-10_south-west_stereo-BRUVs,IO352,Biota,Sponges,Massive forms,NA,Open,NA,NA,NA,10000903,2
2020-10_south-west_stereo-BRUVs,IO352,Biota,Sponges,Small mixed,NA,Open,NA,NA,NA,10000000,3
2020-10_south-west_stereo-BRUVs,IO352,Physical,Unconsolidated,Sand,mud (coarse sand),Open,NA,NA,NA,82001014,23
2020-10_south-west_stereo-BRUVs,IO353,Physical,Consolidated,Rock,No biota,Open,NA,NA,NA,82001002,3
2020-10_south-west_stereo-BRUVs,IO353,Biota,Macroalgae,Erect course branching,Brown,NA,NA,NA,NA,80300904,1
2020-10_south-west_stereo-BRUVs,IO353,Biota,Macroalgae,Erect fine branching,Red,Open,NA,NA,NA,80300910,1
2020-10_south-west_stereo-BRUVs,IO353,Biota,Macroalgae,Large canopy-forming,Ecklonia radiata,Open,Lessoniaceae,Ecklonia,radiata,54079009,16
2020-10_south-west_stereo-BRUVs,IO353,Biota,Macroalgae,Large canopy-forming,Scytothalia dorycarpa,Open,Seirococcaceae,Scytothalia,dorycarpa,54102005,14
2020-10_south-west_stereo-BRUVs,IO353,Biota,Open Water,NA,NA,Open,NA,NA,NA,1,3
2020-10_south-west_stereo-BRUVs,IO353,Physical,Unconsolidated,Sand,mud (coarse sand),Open,NA,NA,NA,82001014,1
2020-10_south-west_stereo-BRUVs,IO353,Biota,Unknown,NA,NA,Open,NA,NA,NA,1,1
2020-10_south-west_stereo-BRUVs,IO354,Physical,Consolidated,Rock,Turf mat,Open,NA,NA,NA,82001002,4
2020-10_south-west_stereo-BRUVs,IO354,Physical,Consolidated,Rock,Turf mat,NA,NA,NA,NA,82001002,1
2020-10_south-west_stereo-BRUVs,IO354,Biota,Macroalgae,Articulated calcareous,NA,Open,NA,NA,NA,80300911,2
2020-10_south-west_stereo-BRUVs,IO354,Biota,Macroalgae,Erect fine branching,Green,Open,NA,NA,NA,80300909,1
2020-10_south-west_stereo-BRUVs,IO354,Biota,Macroalgae,Erect fine branching,Red,Open,NA,NA,NA,80300910,3
2020-10_south-west_stereo-BRUVs,IO354,Biota,Macroalgae,Large canopy-forming,Ecklonia radiata,Open,Lessoniaceae,Ecklonia,radiata,54079009,12
2020-10_south-west_stereo-BRUVs,IO354,Biota,Seagrasses,Strap-like leaves,Thalassodendrum sp.,Open,Cymodoceaceae,Thalassodendron,spp,63618905,15
2020-10_south-west_stereo-BRUVs,IO354,Biota,Unknown,NA,NA,Limited,NA,NA,NA,1,1
2020-10_south-west_stereo-BRUVs,IO354,Biota,Unknown,NA,NA,Open,NA,NA,NA,1,1
2020-10_south-west_stereo-BRUVs,IO355,Physical,Consolidated,Rock,No biota,Open,NA,NA,NA,82001002,2
2020-10_south-west_stereo-BRUVs,IO355,Biota,Macroalgae,Erect fine branching,Red,Open,NA,NA,NA,80300910,1
2020-10_south-west_stereo-BRUVs,IO355,Biota,Macroalgae,Filamentous and filiform,NA,Open,NA,NA,NA,80300930,1
2020-10_south-west_stereo-BRUVs,IO355,Biota,Open Water,NA,NA,Open,NA,NA,NA,1,18
2020-10_south-west_stereo-BRUVs,IO355,Physical,Unconsolidated,Pebble,gravel (pebble 10-64mm),Open,NA,NA,NA,82001012,1
2020-10_south-west_stereo-BRUVs,IO355,Physical,Unconsolidated,Sand,mud (coarse sand),Open,NA,NA,NA,82001014,14
2020-10_south-west_stereo-BRUVs,IO355,Biota,Unknown,NA,NA,Limited,NA,NA,NA,1,3
2020-10_south-west_stereo-BRUVs,IO356,Physical,Consolidated,Rock,Turf mat,Open,NA,NA,NA,82001002,13
2020-10_south-west_stereo-BRUVs,IO356,Biota,Macroalgae,Erect course branching,Brown,Open,NA,NA,NA,80300904,1
2020-10_south-west_stereo-BRUVs,IO356,Biota,Macroalgae,Erect course branching,Green,Open,NA,NA,NA,80300905,1
2020-10_south-west_stereo-BRUVs,IO356,Biota,Macroalgae,Erect fine branching,Red,Open,NA,NA,NA,80300910,4
2020-10_south-west_stereo-BRUVs,IO356,Biota,Open Water,NA,NA,Open,NA,NA,NA,1,3
2020-10_south-west_stereo-BRUVs,IO356,Biota,Sponges,Erect forms,NA,Open,NA,NA,NA,10000912,2
2020-10_south-west_stereo-BRUVs,IO356,Biota,Sponges,Massive forms,NA,Open,NA,NA,NA,10000903,1
2020-10_south-west_stereo-BRUVs,IO356,Physical,Unconsolidated,Sand,mud (coarse sand),Open,NA,NA,NA,82001014,12
2020-10_south-west_stereo-BRUVs,IO356,Biota,Unknown,NA,NA,Limited,NA,NA,NA,1,1
2020-10_south-west_stereo-BRUVs,IO356,Biota,Unknown,NA,NA,Open,NA,NA,NA,1,2
2020-10_south-west_stereo-BRUVs,IO357,Biota,Bryozoa,NA,NA,Open,NA,NA,NA,20000000,1
2020-10_south-west_stereo-BRUVs,IO357,Physical,Consolidated,Rock,Turf mat,Open,NA,NA,NA,82001002,7
2020-10_south-west_stereo-BRUVs,IO357,Biota,Macroalgae,Erect fine branching,Green,Open,NA,NA,NA,80300909,1
2020-10_south-west_stereo-BRUVs,IO357,Biota,Macroalgae,Erect fine branching,Red,Open,NA,NA,NA,80300910,2
2020-10_south-west_stereo-BRUVs,IO357,Biota,Macroalgae,Large canopy-forming,Ecklonia radiata,Open,Lessoniaceae,Ecklonia,radiata,54079009,2
2020-10_south-west_stereo-BRUVs,IO357,Biota,Open Water,NA,NA,Open,NA,NA,NA,1,5
2020-10_south-west_stereo-BRUVs,IO357,Biota,Sponges,Massive forms,NA,Open,NA,NA,NA,10000903,10
2020-10_south-west_stereo-BRUVs,IO357,Physical,Unconsolidated,Sand,mud (coarse sand),Open,NA,NA,NA,82001014,8
2020-10_south-west_stereo-BRUVs,IO357,Biota,Unknown,NA,NA,Limited,NA,NA,NA,1,1
2020-10_south-west_stereo-BRUVs,IO357,Biota,Unknown,NA,NA,Open,NA,NA,NA,1,3
2020-10_south-west_stereo-BRUVs,IO36,Biota,Open Water,NA,NA,Open,NA,NA,NA,1,7
2020-10_south-west_stereo-BRUVs,IO36,Physical,Unconsolidated,Sand,mud (coarse sand),Open,NA,NA,NA,82001014,29
2020-10_south-west_stereo-BRUVs,IO36,Biota,Unknown,NA,NA,Limited,NA,NA,NA,1,3
2020-10_south-west_stereo-BRUVs,IO36,Biota,Unknown,NA,NA,Open,NA,NA,NA,1,1
2020-10_south-west_stereo-BRUVs,IO361,Biota,Bryozoa,NA,NA,Open,NA,NA,NA,20000000,1
2020-10_south-west_stereo-BRUVs,IO361,Biota,Hydroids,NA,NA,Open,NA,NA,NA,11001000,3
2020-10_south-west_stereo-BRUVs,IO361,Biota,Invertebrate Complex,Complex 1,NA,Open,NA,NA,NA,99900044,3
2020-10_south-west_stereo-BRUVs,IO361,Biota,Open Water,NA,NA,Open,NA,NA,NA,1,7
2020-10_south-west_stereo-BRUVs,IO361,Biota,Sponges,Erect forms,NA,Open,NA,NA,NA,10000912,2
2020-10_south-west_stereo-BRUVs,IO361,Physical,Unconsolidated,Sand,mud (coarse sand),Open,NA,NA,NA,82001014,20
2020-10_south-west_stereo-BRUVs,IO361,Biota,Unknown,NA,NA,Limited,NA,NA,NA,1,1
2020-10_south-west_stereo-BRUVs,IO361,Biota,Unknown,NA,NA,Open,NA,NA,NA,1,3
2020-10_south-west_stereo-BRUVs,IO363,Biota,Bryozoa,NA,NA,Open,NA,NA,NA,20000000,2
2020-10_south-west_stereo-BRUVs,IO363,Physical,Consolidated,Rock,Turf mat,Open,NA,NA,NA,82001002,2
2020-10_south-west_stereo-BRUVs,IO363,Biota,Invertebrate Complex,Complex 1,NA,Open,NA,NA,NA,99900044,7
2020-10_south-west_stereo-BRUVs,IO363,Biota,Macroalgae,Erect course branching,Green,Open,NA,NA,NA,80300905,1
2020-10_south-west_stereo-BRUVs,IO363,Biota,Octocoral/Black,Fan (2D),NA,Open,NA,NA,NA,11168912,6
2020-10_south-west_stereo-BRUVs,IO363,Biota,Sponges,Erect forms,NA,Open,NA,NA,NA,10000912,5
2020-10_south-west_stereo-BRUVs,IO363,Biota,Sponges,Hollow forms,NA,Open,NA,NA,NA,10000909,1
2020-10_south-west_stereo-BRUVs,IO363,Biota,Sponges,Massive forms,NA,Open,NA,NA,NA,10000903,9
2020-10_south-west_stereo-BRUVs,IO363,Biota,Sponges,Small mixed,NA,Open,NA,NA,NA,10000000,2
2020-10_south-west_stereo-BRUVs,IO363,Biota,Unknown,NA,NA,Limited,NA,NA,NA,1,3
2020-10_south-west_stereo-BRUVs,IO363,Biota,Unknown,NA,NA,Open,NA,NA,NA,1,2
2020-10_south-west_stereo-BRUVs,IO364,Biota,Invertebrate Complex,Complex 1,NA,Open,NA,NA,NA,99900044,2
2020-10_south-west_stereo-BRUVs,IO364,Biota,Open Water,NA,NA,Open,NA,NA,NA,1,4
2020-10_south-west_stereo-BRUVs,IO364,Biota,Sponges,Massive forms,NA,Open,NA,NA,NA,10000903,2
2020-10_south-west_stereo-BRUVs,IO364,Biota,Sponges,Small mixed,NA,Open,NA,NA,NA,10000000,1
2020-10_south-west_stereo-BRUVs,IO364,Physical,Unconsolidated,Sand,mud (coarse sand),Open,NA,NA,NA,82001014,29
2020-10_south-west_stereo-BRUVs,IO364,Biota,Unknown,NA,NA,Limited,NA,NA,NA,1,2
2020-10_south-west_stereo-BRUVs,IO365,Biota,Bryozoa,NA,NA,Open,NA,NA,NA,20000000,2
2020-10_south-west_stereo-BRUVs,IO365,Physical,Consolidated,Rock,Turf mat,Open,NA,NA,NA,82001002,4
2020-10_south-west_stereo-BRUVs,IO365,Biota,Hydroids,NA,NA,Open,NA,NA,NA,11001000,4
2020-10_south-west_stereo-BRUVs,IO365,Biota,Invertebrate Complex,Complex 1,NA,Open,NA,NA,NA,99900044,12
2020-10_south-west_stereo-BRUVs,IO365,Biota,Macroalgae,Erect course branching,Brown,Open,NA,NA,NA,80300904,1
2020-10_south-west_stereo-BRUVs,IO365,Biota,Macroalgae,Erect course branching,Green,Open,NA,NA,NA,80300905,1
2020-10_south-west_stereo-BRUVs,IO365,Biota,Open Water,NA,NA,Open,NA,NA,NA,1,3
2020-10_south-west_stereo-BRUVs,IO365,Biota,Sponges,Erect forms,NA,Open,NA,NA,NA,10000912,7
2020-10_south-west_stereo-BRUVs,IO365,Biota,Sponges,Massive forms,NA,Open,NA,NA,NA,10000903,3
2020-10_south-west_stereo-BRUVs,IO365,Biota,Unknown,NA,NA,Open,NA,NA,NA,1,3
2020-10_south-west_stereo-BRUVs,IO369,Biota,Invertebrate Complex,Complex 1,NA,Open,NA,NA,NA,99900044,6
2020-10_south-west_stereo-BRUVs,IO369,Biota,Open Water,NA,NA,Open,NA,NA,NA,1,5
2020-10_south-west_stereo-BRUVs,IO369,Biota,Sponges,Massive forms,NA,Open,NA,NA,NA,10000903,3
2020-10_south-west_stereo-BRUVs,IO369,Physical,Unconsolidated,Sand,mud (coarse sand),Open,NA,NA,NA,82001014,22
2020-10_south-west_stereo-BRUVs,IO369,Biota,Unknown,NA,NA,Limited,NA,NA,NA,1,3
2020-10_south-west_stereo-BRUVs,IO369,Biota,Unknown,NA,NA,Open,NA,NA,NA,1,1
2020-10_south-west_stereo-BRUVs,IO37,Biota,Bryozoa,NA,NA,Open,NA,NA,NA,20000000,3
2020-10_south-west_stereo-BRUVs,IO37,Biota,Invertebrate Complex,Complex 1,NA,Open,NA,NA,NA,99900044,4
2020-10_south-west_stereo-BRUVs,IO37,Biota,Open Water,NA,NA,Open,NA,NA,NA,1,1
2020-10_south-west_stereo-BRUVs,IO37,Biota,Sponges,Erect forms,NA,Open,NA,NA,NA,10000912,1
2020-10_south-west_stereo-BRUVs,IO37,Biota,Sponges,Massive forms,NA,Open,NA,NA,NA,10000903,1
2020-10_south-west_stereo-BRUVs,IO37,Physical,Unconsolidated,Sand,mud (coarse sand),Open,NA,NA,NA,82001014,27
2020-10_south-west_stereo-BRUVs,IO37,Biota,Unknown,NA,NA,Limited,NA,NA,NA,1,3
2020-10_south-west_stereo-BRUVs,IO370,Biota,Invertebrate Complex,Complex 1,NA,Open,NA,NA,NA,99900044,1
2020-10_south-west_stereo-BRUVs,IO370,Biota,Open Water,NA,NA,Open,NA,NA,NA,1,2
2020-10_south-west_stereo-BRUVs,IO370,Biota,Sponges,Hollow forms,NA,Open,NA,NA,NA,10000909,1
2020-10_south-west_stereo-BRUVs,IO370,Biota,Sponges,Massive forms,NA,Open,NA,NA,NA,10000903,1
2020-10_south-west_stereo-BRUVs,IO370,Physical,Unconsolidated,Sand,mud (coarse sand),Open,NA,NA,NA,82001014,31
2020-10_south-west_stereo-BRUVs,IO370,Biota,Unknown,NA,NA,Limited,NA,NA,NA,1,4
2020-10_south-west_stereo-BRUVs,IO372,Biota,Bryozoa,NA,NA,Open,NA,NA,NA,20000000,2
2020-10_south-west_stereo-BRUVs,IO372,Biota,Hydroids,NA,NA,Open,NA,NA,NA,11001000,1
2020-10_south-west_stereo-BRUVs,IO372,Biota,Invertebrate Complex,Complex 1,NA,Open,NA,NA,NA,99900044,2
2020-10_south-west_stereo-BRUVs,IO372,Biota,Open Water,NA,NA,Open,NA,NA,NA,1,7
2020-10_south-west_stereo-BRUVs,IO372,Biota,Sponges,Hollow forms,NA,Open,NA,NA,NA,10000909,1
2020-10_south-west_stereo-BRUVs,IO372,Biota,Sponges,Massive forms,NA,Open,NA,NA,NA,10000903,1
2020-10_south-west_stereo-BRUVs,IO372,Physical,Unconsolidated,Sand,mud (coarse sand),Open,NA,NA,NA,82001014,25
2020-10_south-west_stereo-BRUVs,IO372,Biota,Unknown,NA,NA,Limited,NA,NA,NA,1,1
2020-10_south-west_stereo-BRUVs,IO374,Biota,Bryozoa,NA,NA,Open,NA,NA,NA,20000000,2
2020-10_south-west_stereo-BRUVs,IO374,Physical,Consolidated,Rock,Turf mat,Open,NA,NA,NA,82001002,4
2020-10_south-west_stereo-BRUVs,IO374,Biota,Hydroids,NA,NA,Open,NA,NA,NA,11001000,4
2020-10_south-west_stereo-BRUVs,IO374,Biota,Invertebrate Complex,Complex 1,NA,Open,NA,NA,NA,99900044,9
2020-10_south-west_stereo-BRUVs,IO374,Biota,Octocoral/Black,Fan (2D),NA,Open,NA,NA,NA,11168912,3
2020-10_south-west_stereo-BRUVs,IO374,Biota,Open Water,NA,NA,Open,NA,NA,NA,1,5
2020-10_south-west_stereo-BRUVs,IO374,Biota,Sponges,Erect forms,NA,Open,NA,NA,NA,10000912,1
2020-10_south-west_stereo-BRUVs,IO374,Biota,Sponges,Massive forms,NA,Open,NA,NA,NA,10000903,1
2020-10_south-west_stereo-BRUVs,IO374,Biota,Sponges,Small mixed,NA,Open,NA,NA,NA,10000000,1
2020-10_south-west_stereo-BRUVs,IO374,Physical,Unconsolidated,Sand,mud (coarse sand),Open,NA,NA,NA,82001014,1
2020-10_south-west_stereo-BRUVs,IO374,Biota,Unknown,NA,NA,Limited,NA,NA,NA,1,7
2020-10_south-west_stereo-BRUVs,IO374,Biota,Unknown,NA,NA,Open,NA,NA,NA,1,2
2020-10_south-west_stereo-BRUVs,IO377,Physical,Unconsolidated,Sand,mud (coarse sand),Open,NA,NA,NA,82001014,37
2020-10_south-west_stereo-BRUVs,IO377,Biota,Unknown,NA,NA,Limited,NA,NA,NA,1,3
2020-10_south-west_stereo-BRUVs,IO378,Biota,Invertebrate Complex,Complex 1,NA,Open,NA,NA,NA,99900044,4
2020-10_south-west_stereo-BRUVs,IO378,Biota,Open Water,NA,NA,Open,NA,NA,NA,1,1
2020-10_south-west_stereo-BRUVs,IO378,Biota,Sponges,Hollow forms,NA,Open,NA,NA,NA,10000909,1
2020-10_south-west_stereo-BRUVs,IO378,Physical,Unconsolidated,Sand,mud (coarse sand),Open,NA,NA,NA,82001014,31
2020-10_south-west_stereo-BRUVs,IO378,Biota,Unknown,NA,NA,Limited,NA,NA,NA,1,3
2020-10_south-west_stereo-BRUVs,IO379,Biota,Invertebrate Complex,Complex 1,NA,Open,NA,NA,NA,99900044,1
2020-10_south-west_stereo-BRUVs,IO379,Biota,Open Water,NA,NA,Open,NA,NA,NA,1,6
2020-10_south-west_stereo-BRUVs,IO379,Physical,Unconsolidated,Sand,mud (coarse sand),Open,NA,NA,NA,82001014,28
2020-10_south-west_stereo-BRUVs,IO379,Biota,Unknown,NA,NA,Limited,NA,NA,NA,1,3
2020-10_south-west_stereo-BRUVs,IO379,Biota,Unknown,NA,NA,Open,NA,NA,NA,1,2
2020-10_south-west_stereo-BRUVs,IO4,Biota,Bryozoa,NA,NA,Open,NA,NA,NA,20000000,2
2020-10_south-west_stereo-BRUVs,IO4,Physical,Consolidated,Rock,Turf mat,Open,NA,NA,NA,82001002,9
2020-10_south-west_stereo-BRUVs,IO4,Biota,Invertebrate Complex,Complex 1,NA,Open,NA,NA,NA,99900044,4
2020-10_south-west_stereo-BRUVs,IO4,Biota,Octocoral/Black,Fan (2D),NA,Open,NA,NA,NA,11168912,2
2020-10_south-west_stereo-BRUVs,IO4,Biota,Open Water,NA,NA,Open,NA,NA,NA,1,15
2020-10_south-west_stereo-BRUVs,IO4,Biota,Sponges,Erect forms,NA,Open,NA,NA,NA,10000912,2
2020-10_south-west_stereo-BRUVs,IO4,Biota,Sponges,Small mixed,NA,Open,NA,NA,NA,10000000,2
2020-10_south-west_stereo-BRUVs,IO4,Physical,Unconsolidated,Sand,mud (coarse sand),Open,NA,NA,NA,82001014,1
2020-10_south-west_stereo-BRUVs,IO4,Biota,Unknown,NA,NA,Limited,NA,NA,NA,1,1
2020-10_south-west_stereo-BRUVs,IO4,Biota,Unknown,NA,NA,Open,NA,NA,NA,1,2
2020-10_south-west_stereo-BRUVs,IO40,Biota,Open Water,NA,NA,Open,NA,NA,NA,1,3
2020-10_south-west_stereo-BRUVs,IO40,Physical,Unconsolidated,Sand,mud (coarse sand),Open,NA,NA,NA,82001014,32
2020-10_south-west_stereo-BRUVs,IO40,Biota,Unknown,NA,NA,Limited,NA,NA,NA,1,4
2020-10_south-west_stereo-BRUVs,IO40,Biota,Unknown,NA,NA,NA,NA,NA,NA,1,1
2020-10_south-west_stereo-BRUVs,IO46,Physical,Unconsolidated,Sand,mud (coarse sand),Open,NA,NA,NA,82001014,38
2020-10_south-west_stereo-BRUVs,IO46,Biota,Unknown,NA,NA,Limited,NA,NA,NA,1,2
2020-10_south-west_stereo-BRUVs,IO47,Biota,Invertebrate Complex,Complex 1,NA,Open,NA,NA,NA,99900044,2
2020-10_south-west_stereo-BRUVs,IO47,Biota,Open Water,NA,NA,Open,NA,NA,NA,1,14
2020-10_south-west_stereo-BRUVs,IO47,Biota,Sponges,Massive forms,NA,Open,NA,NA,NA,10000903,1
2020-10_south-west_stereo-BRUVs,IO47,Physical,Unconsolidated,Sand,mud (coarse sand),Open,NA,NA,NA,82001014,23
2020-10_south-west_stereo-BRUVs,IO49,Biota,Open Water,NA,NA,Open,NA,NA,NA,1,5
2020-10_south-west_stereo-BRUVs,IO49,Physical,Unconsolidated,Sand,mud (coarse sand),Open,NA,NA,NA,82001014,34
2020-10_south-west_stereo-BRUVs,IO49,Biota,Unknown,NA,NA,Limited,NA,NA,NA,1,1
2020-10_south-west_stereo-BRUVs,IO5,Biota,Hydroids,NA,NA,Open,NA,NA,NA,11001000,1
2020-10_south-west_stereo-BRUVs,IO5,Biota,Open Water,NA,NA,Open,NA,NA,NA,1,9
2020-10_south-west_stereo-BRUVs,IO5,Physical,Unconsolidated,Pebble / gravel (gravel 2-10mm),NA,Open,NA,NA,NA,82001011,3
2020-10_south-west_stereo-BRUVs,IO5,Physical,Unconsolidated,Sand,mud (coarse sand),Open,NA,NA,NA,82001014,25
2020-10_south-west_stereo-BRUVs,IO5,Biota,Unknown,NA,NA,Limited,NA,NA,NA,1,2
2020-10_south-west_stereo-BRUVs,IO58,Biota,Bryozoa,NA,NA,Open,NA,NA,NA,20000000,5
2020-10_south-west_stereo-BRUVs,IO58,Biota,Hydroids,NA,NA,Open,NA,NA,NA,11001000,5
2020-10_south-west_stereo-BRUVs,IO58,Biota,Invertebrate Complex,Complex 1,NA,Open,NA,NA,NA,99900044,1
2020-10_south-west_stereo-BRUVs,IO58,Biota,Octocoral/Black,Fan (2D),NA,Open,NA,NA,NA,11168912,3
2020-10_south-west_stereo-BRUVs,IO58,Biota,Open Water,NA,NA,Open,NA,NA,NA,1,4
2020-10_south-west_stereo-BRUVs,IO58,Biota,Sponges,Massive forms,NA,Open,NA,NA,NA,10000903,1
2020-10_south-west_stereo-BRUVs,IO58,Physical,Unconsolidated,Sand,mud (coarse sand),Open,NA,NA,NA,82001014,14
2020-10_south-west_stereo-BRUVs,IO58,Biota,Unknown,NA,NA,Limited,NA,NA,NA,1,6
2020-10_south-west_stereo-BRUVs,IO58,Biota,Unknown,NA,NA,Open,NA,NA,NA,1,1
2020-10_south-west_stereo-BRUVs,IO59,Biota,Hydroids,NA,NA,Open,NA,NA,NA,11001000,2
2020-10_south-west_stereo-BRUVs,IO59,Physical,Unconsolidated,Pebble,gravel (gravel 2-10mm),Open,NA,NA,NA,82001011,1
2020-10_south-west_stereo-BRUVs,IO59,Physical,Unconsolidated,Pebble,gravel (pebble 10-64mm),Open,NA,NA,NA,82001012,1
2020-10_south-west_stereo-BRUVs,IO59,Physical,Unconsolidated,Sand,mud (coarse sand),Open,NA,NA,NA,82001014,34
2020-10_south-west_stereo-BRUVs,IO59,Biota,Unknown,NA,NA,Limited,NA,NA,NA,1,1
2020-10_south-west_stereo-BRUVs,IO62,Biota,Open Water,NA,NA,Open,NA,NA,NA,1,3
2020-10_south-west_stereo-BRUVs,IO62,Physical,Unconsolidated,Sand,mud (coarse sand),Open,NA,NA,NA,82001014,36
2020-10_south-west_stereo-BRUVs,IO62,Biota,Unknown,NA,NA,Limited,NA,NA,NA,1,1
2020-10_south-west_stereo-BRUVs,IO64,Physical,Consolidated,Rock,Turf mat,Open,NA,NA,NA,82001002,9
2020-10_south-west_stereo-BRUVs,IO64,Biota,Macroalgae,Erect fine branching,Red,Open,NA,NA,NA,80300910,14
2020-10_south-west_stereo-BRUVs,IO64,Biota,Open Water,NA,NA,Open,NA,NA,NA,1,3
2020-10_south-west_stereo-BRUVs,IO64,Biota,Sponges,Massive forms,NA,Open,NA,NA,NA,10000903,1
2020-10_south-west_stereo-BRUVs,IO64,Physical,Unconsolidated,Sand,mud (coarse sand),Open,NA,NA,NA,82001014,6
2020-10_south-west_stereo-BRUVs,IO64,Biota,Unknown,NA,NA,Limited,NA,NA,NA,1,2
2020-10_south-west_stereo-BRUVs,IO64,Biota,Unknown,NA,NA,Open,NA,NA,NA,1,5
2020-10_south-west_stereo-BRUVs,IO65,Physical,Consolidated,Rock,No biota,Open,NA,NA,NA,82001002,4
2020-10_south-west_stereo-BRUVs,IO65,Physical,Consolidated,Rock,Turf mat,Open,NA,NA,NA,82001002,13
2020-10_south-west_stereo-BRUVs,IO65,Biota,Macroalgae,Erect fine branching,Red,Open,NA,NA,NA,80300910,3
2020-10_south-west_stereo-BRUVs,IO65,Biota,Open Water,NA,NA,Open,NA,NA,NA,1,3
2020-10_south-west_stereo-BRUVs,IO65,Physical,Unconsolidated,Sand,mud (coarse sand),Open,NA,NA,NA,82001014,13
2020-10_south-west_stereo-BRUVs,IO65,Biota,Unknown,NA,NA,Limited,NA,NA,NA,1,3
2020-10_south-west_stereo-BRUVs,IO65,Biota,Unknown,NA,NA,Open,NA,NA,NA,1,1
2020-10_south-west_stereo-BRUVs,IO66,Biota,Bryozoa,NA,NA,Open,NA,NA,NA,20000000,2
2020-10_south-west_stereo-BRUVs,IO66,Physical,Consolidated,Rock,Turf mat,Open,NA,NA,NA,82001002,5
2020-10_south-west_stereo-BRUVs,IO66,Physical,Consolidated,Rock,Turf mat,NA,NA,NA,NA,82001002,1
2020-10_south-west_stereo-BRUVs,IO66,Biota,Invertebrate Complex,Complex 1,NA,Open,NA,NA,NA,99900044,2
2020-10_south-west_stereo-BRUVs,IO66,Biota,Macroalgae,Erect course branching,Brown,Open,NA,NA,NA,80300904,1
2020-10_south-west_stereo-BRUVs,IO66,Biota,Macroalgae,Erect course branching,Green,Open,NA,NA,NA,80300905,3
2020-10_south-west_stereo-BRUVs,IO66,Biota,Macroalgae,Erect fine branching,Green,Open,NA,NA,NA,80300909,1
2020-10_south-west_stereo-BRUVs,IO66,Biota,Macroalgae,Erect fine branching,Red,Open,NA,NA,NA,80300910,6
2020-10_south-west_stereo-BRUVs,IO66,Biota,Macroalgae,Large canopy-forming,Ecklonia radiata,Open,Lessoniaceae,Ecklonia,radiata,54079009,1
2020-10_south-west_stereo-BRUVs,IO66,Biota,Seagrasses,Strap-like leaves,Thalassodendrum sp.,Open,Cymodoceaceae,Thalassodendron,spp,63618905,6
2020-10_south-west_stereo-BRUVs,IO66,Biota,Sponges,Massive forms,NA,Open,NA,NA,NA,10000903,4
2020-10_south-west_stereo-BRUVs,IO66,Physical,Unconsolidated,Sand,mud (coarse sand),Open,NA,NA,NA,82001014,6
2020-10_south-west_stereo-BRUVs,IO66,Biota,Unknown,NA,NA,Limited,NA,NA,NA,1,1
2020-10_south-west_stereo-BRUVs,IO66,Biota,Unknown,NA,NA,Open,NA,NA,NA,1,1
2020-10_south-west_stereo-BRUVs,IO71,Biota,Invertebrate Complex,Complex 1,NA,Open,NA,NA,NA,99900044,1
2020-10_south-west_stereo-BRUVs,IO71,Biota,Open Water,NA,NA,Open,NA,NA,NA,1,2
2020-10_south-west_stereo-BRUVs,IO71,Physical,Unconsolidated,Sand,mud (coarse sand),Open,NA,NA,NA,82001014,36
2020-10_south-west_stereo-BRUVs,IO71,Biota,Unknown,NA,NA,Limited,NA,NA,NA,1,1
2020-10_south-west_stereo-BRUVs,IO72,Physical,Consolidated,Rock,Turf mat,Open,NA,NA,NA,82001002,1
2020-10_south-west_stereo-BRUVs,IO72,Biota,Macroalgae,Erect course branching,Brown,Open,NA,NA,NA,80300904,1
2020-10_south-west_stereo-BRUVs,IO72,Biota,Macroalgae,Erect fine branching,Green,NA,NA,NA,NA,80300909,13
2020-10_south-west_stereo-BRUVs,IO72,Biota,Macroalgae,Erect fine branching,Red,Open,NA,NA,NA,80300910,12
2020-10_south-west_stereo-BRUVs,IO72,Biota,Macroalgae,Filamentous and filiform,NA,Open,NA,NA,NA,80300930,1
2020-10_south-west_stereo-BRUVs,IO72,Biota,Macroalgae,Large canopy-forming,Ecklonia radiata,Open,Lessoniaceae,Ecklonia,radiata,54079009,1
2020-10_south-west_stereo-BRUVs,IO72,Biota,Open Water,NA,NA,Open,NA,NA,NA,1,3
2020-10_south-west_stereo-BRUVs,IO72,Biota,Seagrasses,Strap-like leaves,Thalassodendrum sp.,Open,Cymodoceaceae,Thalassodendron,spp,63618905,1
2020-10_south-west_stereo-BRUVs,IO72,Biota,Sponges,Erect forms,NA,Open,NA,NA,NA,10000912,1
2020-10_south-west_stereo-BRUVs,IO72,Biota,Unknown,NA,NA,Limited,NA,NA,NA,1,2
2020-10_south-west_stereo-BRUVs,IO72,Biota,Unknown,NA,NA,Open,NA,NA,NA,1,4
2020-10_south-west_stereo-BRUVs,IO73,Physical,Consolidated,Rock,Turf mat,Open,NA,NA,NA,82001002,2
2020-10_south-west_stereo-BRUVs,IO73,Physical,Consolidated,Rock,Turf mat,NA,NA,NA,NA,82001002,4
2020-10_south-west_stereo-BRUVs,IO73,Biota,Macroalgae,Erect course branching,Brown,Open,NA,NA,NA,80300904,1
2020-10_south-west_stereo-BRUVs,IO73,Biota,Macroalgae,Erect fine branching,Green,Open,NA,NA,NA,80300909,3
2020-10_south-west_stereo-BRUVs,IO73,Biota,Macroalgae,Erect fine branching,Green,NA,NA,NA,NA,80300909,2
2020-10_south-west_stereo-BRUVs,IO73,Biota,Macroalgae,Erect fine branching,Red,Open,NA,NA,NA,80300910,10
2020-10_south-west_stereo-BRUVs,IO73,Biota,Open Water,NA,NA,Open,NA,NA,NA,1,5
2020-10_south-west_stereo-BRUVs,IO73,Biota,Seagrasses,Strap-like leaves,Thalassodendrum sp.,Open,Cymodoceaceae,Thalassodendron,spp,63618905,11
2020-10_south-west_stereo-BRUVs,IO73,Physical,Unconsolidated,Sand,mud (coarse sand),Open,NA,NA,NA,82001014,1
2020-10_south-west_stereo-BRUVs,IO73,Biota,Unknown,NA,NA,Open,NA,NA,NA,1,1
2020-10_south-west_stereo-BRUVs,IO74,Physical,Consolidated,Cobbles,Turf mat,Open,NA,NA,NA,82001004,3
2020-10_south-west_stereo-BRUVs,IO74,Physical,Consolidated,Rock,Turf mat,Open,NA,NA,NA,82001002,5
2020-10_south-west_stereo-BRUVs,IO74,Physical,Consolidated,Rock,Turf mat,NA,NA,NA,NA,82001002,1
2020-10_south-west_stereo-BRUVs,IO74,Biota,Macroalgae,Erect fine branching,Red,Open,NA,NA,NA,80300910,5
2020-10_south-west_stereo-BRUVs,IO74,Biota,Open Water,NA,NA,Open,NA,NA,NA,1,6
2020-10_south-west_stereo-BRUVs,IO74,Biota,Seagrasses,Strap-like leaves,Thalassodendrum sp.,Open,Cymodoceaceae,Thalassodendron,spp,63618905,15
2020-10_south-west_stereo-BRUVs,IO74,Biota,Sponges,Small mixed,NA,Open,NA,NA,NA,10000000,3
2020-10_south-west_stereo-BRUVs,IO74,Biota,Unknown,NA,NA,Open,NA,NA,NA,1,2
2020-10_south-west_stereo-BRUVs,IO75,Physical,Consolidated,Rock,Turf mat,Open,NA,NA,NA,82001002,2
2020-10_south-west_stereo-BRUVs,IO75,Physical,Consolidated,Rock,Turf mat,NA,NA,NA,NA,82001002,4
2020-10_south-west_stereo-BRUVs,IO75,Biota,Macroalgae,Erect fine branching,Red,Open,NA,NA,NA,80300910,5
2020-10_south-west_stereo-BRUVs,IO75,Biota,Macroalgae,Filamentous and filiform,NA,Open,NA,NA,NA,80300930,5
2020-10_south-west_stereo-BRUVs,IO75,Biota,Macroalgae,Small mixed,NA,Open,NA,NA,NA,80300000,1
2020-10_south-west_stereo-BRUVs,IO75,Biota,Open Water,NA,NA,Open,NA,NA,NA,1,5
2020-10_south-west_stereo-BRUVs,IO75,Biota,Seagrasses,Strap-like leaves,Thalassodendrum sp.,Open,Cymodoceaceae,Thalassodendron,spp,63618905,9
2020-10_south-west_stereo-BRUVs,IO75,Biota,Sponges,Small mixed,NA,Open,NA,NA,NA,10000000,1
2020-10_south-west_stereo-BRUVs,IO75,Biota,Stony corals,Encrusting,Live,Open,NA,NA,NA,11290908,1
2020-10_south-west_stereo-BRUVs,IO75,Physical,Unconsolidated,Sand,mud (coarse sand),Open,NA,NA,NA,82001014,2
2020-10_south-west_stereo-BRUVs,IO75,Biota,Unknown,NA,NA,Limited,NA,NA,NA,1,3
2020-10_south-west_stereo-BRUVs,IO75,Biota,Unknown,NA,NA,Open,NA,NA,NA,1,2
2020-10_south-west_stereo-BRUVs,IO80,Physical,Consolidated,Rock,Turf mat,Open,NA,NA,NA,82001002,4
2020-10_south-west_stereo-BRUVs,IO80,Biota,Macroalgae,Erect course branching,Brown,Open,NA,NA,NA,80300904,2
2020-10_south-west_stereo-BRUVs,IO80,Biota,Macroalgae,Erect fine branching,Red,Open,NA,NA,NA,80300910,13
2020-10_south-west_stereo-BRUVs,IO80,Biota,Open Water,NA,NA,Open,NA,NA,NA,1,3
2020-10_south-west_stereo-BRUVs,IO80,Biota,Seagrasses,Strap-like leaves,Thalassodendrum sp.,Open,Cymodoceaceae,Thalassodendron,spp,63618905,9
2020-10_south-west_stereo-BRUVs,IO80,Biota,Sponges,Erect forms,NA,Open,NA,NA,NA,10000912,2
2020-10_south-west_stereo-BRUVs,IO80,Biota,Sponges,Small mixed,NA,Open,NA,NA,NA,10000000,1
2020-10_south-west_stereo-BRUVs,IO80,Physical,Unconsolidated,Sand,mud (coarse sand),Open,NA,NA,NA,82001014,1
2020-10_south-west_stereo-BRUVs,IO80,Biota,Unknown,NA,NA,Limited,NA,NA,NA,1,5
2020-10_south-west_stereo-BRUVs,IO81,Physical,Consolidated,Rock,Turf mat,Open,NA,NA,NA,82001002,1
2020-10_south-west_stereo-BRUVs,IO81,Physical,Consolidated,Rock,Turf mat,NA,NA,NA,NA,82001002,1
2020-10_south-west_stereo-BRUVs,IO81,Biota,Macroalgae,Erect course branching,Brown,Open,NA,NA,NA,80300904,4
2020-10_south-west_stereo-BRUVs,IO81,Biota,Macroalgae,Erect fine branching,Red,Open,NA,NA,NA,80300910,5
2020-10_south-west_stereo-BRUVs,IO81,Biota,Macroalgae,Large canopy-forming,Ecklonia radiata,Open,Lessoniaceae,Ecklonia,radiata,54079009,1
2020-10_south-west_stereo-BRUVs,IO81,Biota,Seagrasses,Strap-like leaves,Thalassodendrum sp.,Open,Cymodoceaceae,Thalassodendron,spp,63618905,2
2020-10_south-west_stereo-BRUVs,IO81,Biota,Sponges,Massive forms,NA,Open,NA,NA,NA,10000903,1
2020-10_south-west_stereo-BRUVs,IO81,Physical,Unconsolidated,Sand,mud (coarse sand),Open,NA,NA,NA,82001014,5
2020-10_south-west_stereo-BRUVs,IO91,Physical,Consolidated,Rock,Turf mat,Open,NA,NA,NA,82001002,2
2020-10_south-west_stereo-BRUVs,IO91,Biota,Macroalgae,Erect course branching,Brown,Open,NA,NA,NA,80300904,2
2020-10_south-west_stereo-BRUVs,IO91,Biota,Macroalgae,Erect course branching,Red,Open,NA,NA,NA,80300906,4
2020-10_south-west_stereo-BRUVs,IO91,Biota,Macroalgae,Erect fine branching,Green,Open,NA,NA,NA,80300909,1
2020-10_south-west_stereo-BRUVs,IO91,Biota,Macroalgae,Erect fine branching,Red,Open,NA,NA,NA,80300910,9
2020-10_south-west_stereo-BRUVs,IO91,Biota,Open Water,NA,NA,Open,NA,NA,NA,1,7
2020-10_south-west_stereo-BRUVs,IO91,Physical,Unconsolidated,Sand,mud (coarse sand),Open,NA,NA,NA,82001014,5
2020-10_south-west_stereo-BRUVs,IO91,Biota,Unknown,NA,NA,Limited,NA,NA,NA,1,4
2020-10_south-west_stereo-BRUVs,IO91,Biota,Unknown,NA,NA,Open,NA,NA,NA,1,6
2020-10_south-west_stereo-BRUVs,IO92,Physical,Consolidated,Rock,No biota,Open,NA,NA,NA,82001002,1
2020-10_south-west_stereo-BRUVs,IO92,Physical,Consolidated,Rock,Turf mat,Open,NA,NA,NA,82001002,12
2020-10_south-west_stereo-BRUVs,IO92,Biota,Invertebrate Complex,Complex 1,NA,Open,NA,NA,NA,99900044,1
2020-10_south-west_stereo-BRUVs,IO92,Biota,Macroalgae,Erect fine branching,Red,Open,NA,NA,NA,80300910,14
2020-10_south-west_stereo-BRUVs,IO92,Biota,Macroalgae,Large canopy-forming,Ecklonia radiata,Open,Lessoniaceae,Ecklonia,radiata,54079009,1
2020-10_south-west_stereo-BRUVs,IO92,Biota,Open Water,NA,NA,Open,NA,NA,NA,1,3
2020-10_south-west_stereo-BRUVs,IO92,Biota,Seagrasses,Strap-like leaves,Thalassodendrum sp.,Open,Cymodoceaceae,Thalassodendron,spp,63618905,4
2020-10_south-west_stereo-BRUVs,IO92,Physical,Unconsolidated,Sand,mud (coarse sand),Open,NA,NA,NA,82001014,1
2020-10_south-west_stereo-BRUVs,IO92,Biota,Unknown,NA,NA,Limited,NA,NA,NA,1,1
2020-10_south-west_stereo-BRUVs,IO92,Biota,Unknown,NA,NA,Open,NA,NA,NA,1,2
2020-10_south-west_stereo-BRUVs,IO95,Biota,Open Water,NA,NA,Open,NA,NA,NA,1,2
2020-10_south-west_stereo-BRUVs,IO95,Physical,Unconsolidated,Sand,mud (coarse sand),Open,NA,NA,NA,82001014,35
2020-10_south-west_stereo-BRUVs,IO95,Biota,Unknown,NA,NA,Limited,NA,NA,NA,1,2
2020-10_south-west_stereo-BRUVs,IO95,Biota,Unknown,NA,NA,Open,NA,NA,NA,1,1
2020-10_south-west_stereo-BRUVs,IO96,Biota,Open Water,NA,NA,Open,NA,NA,NA,1,3
2020-10_south-west_stereo-BRUVs,IO96,Physical,Unconsolidated,Sand,mud (coarse sand),Open,NA,NA,NA,82001014,36
2020-10_south-west_stereo-BRUVs,IO96,Biota,Unknown,NA,NA,Limited,NA,NA,NA,1,1
2020-10_south-west_stereo-BRUVs,IO98,Biota,Open Water,NA,NA,Open,NA,NA,NA,1,5
2020-10_south-west_stereo-BRUVs,IO98,Biota,Sponges,Erect forms,NA,Open,NA,NA,NA,10000912,1
2020-10_south-west_stereo-BRUVs,IO98,Physical,Unconsolidated,Sand,mud (coarse sand),Open,NA,NA,NA,82001014,30
2020-10_south-west_stereo-BRUVs,IO98,Biota,Unknown,NA,NA,Limited,NA,NA,NA,1,3
2020-10_south-west_stereo-BRUVs,IO98,Biota,Unknown,NA,NA,Open,NA,NA,NA,1,1
2020-10_south-west_stereo-BRUVs,IOC04,Biota,Invertebrate Complex,Complex 1,NA,Open,NA,NA,NA,99900044,1
2020-10_south-west_stereo-BRUVs,IOC04,Biota,Open Water,NA,NA,Open,NA,NA,NA,1,5
2020-10_south-west_stereo-BRUVs,IOC04,Physical,Unconsolidated,Sand,mud (coarse sand),Open,NA,NA,NA,82001014,33
2020-10_south-west_stereo-BRUVs,IOC04,Biota,Unknown,NA,NA,Limited,NA,NA,NA,1,1
2020-10_south-west_stereo-BRUVs,IOC05,Physical,Consolidated,Rock,Turf mat,Open,NA,NA,NA,82001002,2
2020-10_south-west_stereo-BRUVs,IOC05,Biota,Macroalgae,Erect course branching,Brown,Open,NA,NA,NA,80300904,4
2020-10_south-west_stereo-BRUVs,IOC05,Biota,Macroalgae,Erect fine branching,Red,Open,NA,NA,NA,80300910,7
2020-10_south-west_stereo-BRUVs,IOC05,Biota,Macroalgae,Small mixed,NA,Open,NA,NA,NA,80300000,2
2020-10_south-west_stereo-BRUVs,IOC05,Biota,Open Water,NA,NA,Open,NA,NA,NA,1,11
2020-10_south-west_stereo-BRUVs,IOC05,Biota,Sponges,Small mixed,NA,Open,NA,NA,NA,10000000,1
2020-10_south-west_stereo-BRUVs,IOC05,Physical,Unconsolidated,Sand,mud (coarse sand),Open,NA,NA,NA,82001014,2
2020-10_south-west_stereo-BRUVs,IOC05,Biota,Unknown,NA,NA,Limited,NA,NA,NA,1,10
2020-10_south-west_stereo-BRUVs,IOC05,Biota,Unknown,NA,NA,Open,NA,NA,NA,1,1
2020-10_south-west_stereo-BRUVs,IOC06,Physical,Consolidated,Rock,Turf mat,Open,NA,NA,NA,82001002,6
2020-10_south-west_stereo-BRUVs,IOC06,Physical,Consolidated,Rock,Turf mat,NA,NA,NA,NA,82001002,2
2020-10_south-west_stereo-BRUVs,IOC06,Biota,Macroalgae,Erect fine branching,Red,Open,NA,NA,NA,80300910,7
2020-10_south-west_stereo-BRUVs,IOC06,Biota,Seagrasses,Strap-like leaves,Thalassodendrum sp.,Open,Cymodoceaceae,Thalassodendron,spp,63618905,17
2020-10_south-west_stereo-BRUVs,IOC06,Biota,Sponges,Small mixed,NA,Open,NA,NA,NA,10000000,1
2020-10_south-west_stereo-BRUVs,IOC06,Physical,Unconsolidated,Sand,mud (coarse sand),Open,NA,NA,NA,82001014,1
2020-10_south-west_stereo-BRUVs,IOC06,Biota,Unknown,NA,NA,Limited,NA,NA,NA,1,6
2020-10_south-west_stereo-BRUVs,IOCP11-1,Biota,Open Water,NA,NA,Open,NA,NA,NA,1,5
2020-10_south-west_stereo-BRUVs,IOCP11-1,Biota,Sponges,Massive forms,NA,Open,NA,NA,NA,10000903,1
2020-10_south-west_stereo-BRUVs,IOCP11-1,Physical,Unconsolidated,Sand,mud (coarse sand),Open,NA,NA,NA,82001014,31
2020-10_south-west_stereo-BRUVs,IOCP11-1,Biota,Unknown,NA,NA,Limited,NA,NA,NA,1,3
2020-10_south-west_stereo-BRUVs,IOCP11-2,Physical,Consolidated,Rock,Veneer,Open,NA,NA,NA,82001002,2
2020-10_south-west_stereo-BRUVs,IOCP11-2,Biota,Crinoids,NA,NA,Open,NA,NA,NA,25001000,1
2020-10_south-west_stereo-BRUVs,IOCP11-2,Biota,Hydroids,NA,NA,Open,NA,NA,NA,11001000,4
2020-10_south-west_stereo-BRUVs,IOCP11-2,Biota,Invertebrate Complex,Complex 1,NA,Open,NA,NA,NA,99900044,8
2020-10_south-west_stereo-BRUVs,IOCP11-2,Biota,Octocoral/Black,Fan (2D),NA,Open,NA,NA,NA,11168912,2
2020-10_south-west_stereo-BRUVs,IOCP11-2,Biota,Open Water,NA,NA,Open,NA,NA,NA,1,3
2020-10_south-west_stereo-BRUVs,IOCP11-2,Biota,Sponges,Erect forms,NA,Open,NA,NA,NA,10000912,7
2020-10_south-west_stereo-BRUVs,IOCP11-2,Biota,Sponges,Massive forms,NA,Open,NA,NA,NA,10000903,9
2020-10_south-west_stereo-BRUVs,IOCP11-2,Physical,Unconsolidated,Sand,mud (coarse sand),Open,NA,NA,NA,82001014,2
2020-10_south-west_stereo-BRUVs,IOCP11-2,Biota,Unknown,NA,NA,Limited,NA,NA,NA,1,1
2020-10_south-west_stereo-BRUVs,IOCP11-2,Biota,Unknown,NA,NA,Open,NA,NA,NA,1,1
2020-10_south-west_stereo-BRUVs,IOCP2311,Biota,Hydroids,NA,NA,NA,NA,NA,NA,11001000,1
2020-10_south-west_stereo-BRUVs,IOCP2311,Physical,Unconsolidated,Sand,mud (coarse sand),Open,NA,NA,NA,82001014,17
2020-10_south-west_stereo-BRUVs,IOCP2311,Biota,Unknown,NA,NA,Limited,NA,NA,NA,1,2
2020-10_south-west_stereo-BRUVs,IOREDO344,Biota,Invertebrate Complex,Complex 1,NA,Open,NA,NA,NA,99900044,1
2020-10_south-west_stereo-BRUVs,IOREDO344,Biota,Open Water,NA,NA,Open,NA,NA,NA,1,2
2020-10_south-west_stereo-BRUVs,IOREDO344,Physical,Unconsolidated,Sand,mud (coarse sand),Open,NA,NA,NA,82001014,13
2020-10_south-west_stereo-BRUVs,IOREDO344,Biota,Unknown,NA,NA,Limited,NA,NA,NA,1,4
