campaignid,opcode,level_1,level_2,level_3,level_4,level_5,level_6,level_7,level_8,family,genus,species,caab_code,count
2021-03_Geographe_BOSS,1,Biota,Macroalgae,Filamentous / filiform,NA,NA,NA,NA,NA,NA,NA,NA,80300930,4
2021-03_Geographe_BOSS,1,Biota,Macroalgae,NA,NA,NA,NA,NA,NA,NA,NA,NA,80300000,19
2021-03_Geographe_BOSS,1,Biota,Seagrasses,Strap-like leaves,NA,NA,NA,NA,NA,NA,NA,NA,63600903,61
2021-03_Geographe_BOSS,1,Physical,Substrate,Unconsolidated (soft),Sand / mud (<2mm),Coarse sand (with shell fragments),NA,NA,NA,NA,NA,NA,82001014,6
2021-03_Geographe_BOSS,10,Biota,Macroalgae,Filamentous / filiform,NA,NA,NA,NA,NA,NA,NA,NA,80300930,6
2021-03_Geographe_BOSS,10,Biota,Seagrasses,Strap-like leaves,NA,NA,NA,NA,NA,NA,NA,NA,63600903,96
2021-03_Geographe_BOSS,100,Biota,Seagrasses,Strap-like leaves,NA,NA,NA,NA,NA,NA,NA,NA,63600903,1
2021-03_Geographe_BOSS,100,Physical,Substrate,Unconsolidated (soft),Sand / mud (<2mm),Coarse sand (with shell fragments),NA,NA,NA,NA,NA,NA,82001014,104
2021-03_Geographe_BOSS,101,Biota,Macroalgae,Erect coarse branching,Brown,NA,NA,NA,NA,NA,NA,NA,80300904,3
2021-03_Geographe_BOSS,101,Biota,Macroalgae,Filamentous / filiform,NA,NA,NA,NA,NA,NA,NA,NA,80300930,1
2021-03_Geographe_BOSS,101,Biota,Macroalgae,NA,NA,NA,NA,NA,NA,NA,NA,NA,80300000,4
2021-03_Geographe_BOSS,101,Biota,Seagrasses,Elliptical leaves,NA,NA,NA,NA,NA,NA,NA,NA,63600902,1
2021-03_Geographe_BOSS,101,Biota,Seagrasses,Strap-like leaves,NA,NA,NA,NA,NA,NA,NA,NA,63600903,40
2021-03_Geographe_BOSS,101,Biota,Sponges,Massive forms,NA,NA,NA,NA,NA,NA,NA,NA,10000903,1
2021-03_Geographe_BOSS,101,Physical,Substrate,Unconsolidated (soft),Sand / mud (<2mm),Coarse sand (with shell fragments),NA,NA,NA,NA,NA,NA,82001014,55
2021-03_Geographe_BOSS,103,Biota,Macroalgae,Erect coarse branching,Brown,NA,NA,NA,NA,NA,NA,NA,80300904,2
2021-03_Geographe_BOSS,103,Biota,Seagrasses,Strap-like leaves,NA,NA,NA,NA,NA,NA,NA,NA,63600903,103
2021-03_Geographe_BOSS,104,Biota,Macroalgae,Erect coarse branching,Brown,NA,NA,NA,NA,NA,NA,NA,80300904,16
2021-03_Geographe_BOSS,104,Biota,Macroalgae,Erect coarse branching,Red,NA,NA,NA,NA,NA,NA,NA,80300906,1
2021-03_Geographe_BOSS,104,Biota,Macroalgae,Filamentous / filiform,Brown,NA,NA,NA,NA,NA,NA,NA,80300931,13
2021-03_Geographe_BOSS,104,Biota,Macroalgae,Filamentous / filiform,NA,NA,NA,NA,NA,NA,NA,NA,80300930,24
2021-03_Geographe_BOSS,104,Biota,Macroalgae,NA,NA,NA,NA,NA,NA,NA,NA,NA,80300000,1
2021-03_Geographe_BOSS,104,Biota,Seagrasses,Strap-like leaves,NA,NA,NA,NA,NA,NA,NA,NA,63600903,32
2021-03_Geographe_BOSS,104,Biota,Sponges,Erect forms,NA,NA,NA,NA,NA,NA,NA,NA,10000912,1
2021-03_Geographe_BOSS,104,Physical,Substrate,Unconsolidated (soft),Sand / mud (<2mm),Coarse sand (with shell fragments),NA,NA,NA,NA,NA,NA,82001014,11
2021-03_Geographe_BOSS,106,Biota,Macroalgae,Erect fine branching,Brown,NA,NA,NA,NA,NA,NA,NA,80300908,1
2021-03_Geographe_BOSS,106,Biota,Macroalgae,Filamentous / filiform,Brown,NA,NA,NA,NA,NA,NA,NA,80300931,6
2021-03_Geographe_BOSS,106,Biota,Macroalgae,Filamentous / filiform,NA,NA,NA,NA,NA,NA,NA,NA,80300930,29
2021-03_Geographe_BOSS,106,Biota,Seagrasses,Strap-like leaves,NA,NA,NA,NA,NA,NA,NA,NA,63600903,27
2021-03_Geographe_BOSS,106,Physical,Substrate,Unconsolidated (soft),Sand / mud (<2mm),Coarse sand (with shell fragments),NA,NA,NA,NA,NA,NA,82001014,40
2021-03_Geographe_BOSS,108,Biota,Macroalgae,Erect coarse branching,Brown,NA,NA,NA,NA,NA,NA,NA,80300904,5
2021-03_Geographe_BOSS,108,Biota,Macroalgae,Filamentous / filiform,Brown,NA,NA,NA,NA,NA,NA,NA,80300931,2
2021-03_Geographe_BOSS,108,Biota,Macroalgae,Filamentous / filiform,NA,NA,NA,NA,NA,NA,NA,NA,80300930,16
2021-03_Geographe_BOSS,108,Biota,Macroalgae,NA,NA,NA,NA,NA,NA,NA,NA,NA,80300000,2
2021-03_Geographe_BOSS,108,Biota,Seagrasses,Strap-like leaves,NA,NA,NA,NA,NA,NA,NA,NA,63600903,64
2021-03_Geographe_BOSS,108,Physical,Substrate,Unconsolidated (soft),Sand / mud (<2mm),Coarse sand (with shell fragments),NA,NA,NA,NA,NA,NA,82001014,5
2021-03_Geographe_BOSS,11,Biota,Macroalgae,Erect coarse branching,Brown,NA,NA,NA,NA,NA,NA,NA,80300904,5
2021-03_Geographe_BOSS,11,Biota,Macroalgae,Filamentous / filiform,Brown,NA,NA,NA,NA,NA,NA,NA,80300931,3
2021-03_Geographe_BOSS,11,Biota,Macroalgae,Filamentous / filiform,NA,NA,NA,NA,NA,NA,NA,NA,80300930,20
2021-03_Geographe_BOSS,11,Biota,Seagrasses,Strap-like leaves,NA,NA,NA,NA,NA,NA,NA,NA,63600903,74
2021-03_Geographe_BOSS,110,Biota,Macroalgae,Erect coarse branching,Brown,NA,NA,NA,NA,NA,NA,NA,80300904,7
2021-03_Geographe_BOSS,110,Biota,Macroalgae,Filamentous / filiform,Brown,NA,NA,NA,NA,NA,NA,NA,80300931,4
2021-03_Geographe_BOSS,110,Biota,Macroalgae,Filamentous / filiform,NA,NA,NA,NA,NA,NA,NA,NA,80300930,37
2021-03_Geographe_BOSS,110,Biota,Seagrasses,Strap-like leaves,NA,NA,NA,NA,NA,NA,NA,NA,63600903,44
2021-03_Geographe_BOSS,110,Biota,Sponges,Erect forms,NA,NA,NA,NA,NA,NA,NA,NA,10000912,1
2021-03_Geographe_BOSS,110,Physical,Substrate,Unconsolidated (soft),Sand / mud (<2mm),Coarse sand (with shell fragments),NA,NA,NA,NA,NA,NA,82001014,5
2021-03_Geographe_BOSS,111,Biota,Macroalgae,Filamentous / filiform,NA,NA,NA,NA,NA,NA,NA,NA,80300930,6
2021-03_Geographe_BOSS,111,Biota,Macroalgae,NA,NA,NA,NA,NA,NA,NA,NA,NA,80300000,2
2021-03_Geographe_BOSS,111,Biota,Seagrasses,Elliptical leaves,NA,NA,NA,NA,NA,NA,NA,NA,63600902,1
2021-03_Geographe_BOSS,111,Biota,Seagrasses,Strap-like leaves,NA,NA,NA,NA,NA,NA,NA,NA,63600903,59
2021-03_Geographe_BOSS,111,Physical,Substrate,Unconsolidated (soft),Sand / mud (<2mm),Coarse sand (with shell fragments),NA,NA,NA,NA,NA,NA,82001014,37
2021-03_Geographe_BOSS,112,Biota,Macroalgae,Filamentous / filiform,Brown,NA,NA,NA,NA,NA,NA,NA,80300931,1
2021-03_Geographe_BOSS,112,Biota,Macroalgae,Filamentous / filiform,Red,NA,NA,NA,NA,NA,NA,NA,80300933,4
2021-03_Geographe_BOSS,112,Biota,Macroalgae,Filamentous / filiform,NA,NA,NA,NA,NA,NA,NA,NA,80300930,16
2021-03_Geographe_BOSS,112,Biota,Macroalgae,NA,NA,NA,NA,NA,NA,NA,NA,NA,80300000,3
2021-03_Geographe_BOSS,112,Biota,Seagrasses,Strap-like leaves,NA,NA,NA,NA,NA,NA,NA,NA,63600903,62
2021-03_Geographe_BOSS,112,Biota,Sponges,Erect forms,NA,NA,NA,NA,NA,NA,NA,NA,10000912,1
2021-03_Geographe_BOSS,112,Biota,Sponges,Massive forms,NA,NA,NA,NA,NA,NA,NA,NA,10000903,4
2021-03_Geographe_BOSS,112,Physical,Substrate,Consolidated (hard),Rock,NA,NA,NA,NA,NA,NA,NA,82001002,4
2021-03_Geographe_BOSS,112,Physical,Substrate,Unconsolidated (soft),Sand / mud (<2mm),Coarse sand (with shell fragments),NA,NA,NA,NA,NA,NA,82001014,2
2021-03_Geographe_BOSS,113,Biota,Macroalgae,Erect coarse branching,Brown,NA,NA,NA,NA,NA,NA,NA,80300904,4
2021-03_Geographe_BOSS,113,Biota,Macroalgae,Filamentous / filiform,Brown,NA,NA,NA,NA,NA,NA,NA,80300931,1
2021-03_Geographe_BOSS,113,Biota,Macroalgae,Filamentous / filiform,NA,NA,NA,NA,NA,NA,NA,NA,80300930,28
2021-03_Geographe_BOSS,113,Biota,Seagrasses,Strap-like leaves,NA,NA,NA,NA,NA,NA,NA,NA,63600903,57
2021-03_Geographe_BOSS,113,Biota,Sponges,Erect forms,NA,NA,NA,NA,NA,NA,NA,NA,10000912,1
2021-03_Geographe_BOSS,113,Biota,Sponges,NA,NA,NA,NA,NA,NA,NA,NA,NA,10000000,1
2021-03_Geographe_BOSS,113,Physical,Substrate,Unconsolidated (soft),Sand / mud (<2mm),Coarse sand (with shell fragments),NA,NA,NA,NA,NA,NA,82001014,3
2021-03_Geographe_BOSS,115,Biota,Macroalgae,Filamentous / filiform,NA,NA,NA,NA,NA,NA,NA,NA,80300930,2
2021-03_Geographe_BOSS,115,Biota,Seagrasses,Strap-like leaves,NA,NA,NA,NA,NA,NA,NA,NA,63600903,13
2021-03_Geographe_BOSS,115,Physical,Substrate,Unconsolidated (soft),Sand / mud (<2mm),Coarse sand (with shell fragments),NA,NA,NA,NA,NA,NA,82001014,89
2021-03_Geographe_BOSS,116,Biota,Macroalgae,Erect coarse branching,Brown,NA,NA,NA,NA,NA,NA,NA,80300904,2
2021-03_Geographe_BOSS,116,Biota,Macroalgae,Filamentous / filiform,NA,NA,NA,NA,NA,NA,NA,NA,80300930,2
2021-03_Geographe_BOSS,116,Biota,Macroalgae,NA,NA,NA,NA,NA,NA,NA,NA,NA,80300000,2
2021-03_Geographe_BOSS,116,Biota,Seagrasses,Strap-like leaves,NA,NA,NA,NA,NA,NA,NA,NA,63600903,52
2021-03_Geographe_BOSS,116,Physical,Substrate,Unconsolidated (soft),Sand / mud (<2mm),Coarse sand (with shell fragments),NA,NA,NA,NA,NA,NA,82001014,47
2021-03_Geographe_BOSS,118,Biota,Seagrasses,Strap-like leaves,NA,NA,NA,NA,NA,NA,NA,NA,63600903,3
2021-03_Geographe_BOSS,118,Physical,Substrate,Unconsolidated (soft),Sand / mud (<2mm),Coarse sand (with shell fragments),NA,NA,NA,NA,NA,NA,82001014,102
2021-03_Geographe_BOSS,119,Biota,Macroalgae,Erect coarse branching,Brown,NA,NA,NA,NA,NA,NA,NA,80300904,24
2021-03_Geographe_BOSS,119,Biota,Macroalgae,Erect fine branching,Green,NA,NA,NA,NA,NA,NA,NA,80300909,1
2021-03_Geographe_BOSS,119,Biota,Macroalgae,Filamentous / filiform,NA,NA,NA,NA,NA,NA,NA,NA,80300930,27
2021-03_Geographe_BOSS,119,Biota,Seagrasses,Strap-like leaves,NA,NA,NA,NA,NA,NA,NA,NA,63600903,27
2021-03_Geographe_BOSS,119,Physical,Substrate,Unconsolidated (soft),Sand / mud (<2mm),Coarse sand (with shell fragments),NA,NA,NA,NA,NA,NA,82001014,20
2021-03_Geographe_BOSS,12,Biota,Macroalgae,Filamentous / filiform,NA,NA,NA,NA,NA,NA,NA,NA,80300930,2
2021-03_Geographe_BOSS,12,Biota,Macroalgae,NA,NA,NA,NA,NA,NA,NA,NA,NA,80300000,1
2021-03_Geographe_BOSS,12,Biota,Seagrasses,Strap-like leaves,NA,NA,NA,NA,NA,NA,NA,NA,63600903,91
2021-03_Geographe_BOSS,12,Physical,Substrate,Unconsolidated (soft),Sand / mud (<2mm),Coarse sand (with shell fragments),NA,NA,NA,NA,NA,NA,82001014,1
2021-03_Geographe_BOSS,120,Biota,Macroalgae,Erect coarse branching,Brown,NA,NA,NA,NA,NA,NA,NA,80300904,1
2021-03_Geographe_BOSS,120,Biota,Macroalgae,Filamentous / filiform,NA,NA,NA,NA,NA,NA,NA,NA,80300930,16
2021-03_Geographe_BOSS,120,Biota,Seagrasses,Strap-like leaves,NA,NA,NA,NA,NA,NA,NA,NA,63600903,73
2021-03_Geographe_BOSS,120,Physical,Substrate,Consolidated (hard),Rock,NA,NA,NA,NA,NA,NA,NA,82001002,1
2021-03_Geographe_BOSS,120,Physical,Substrate,Unconsolidated (soft),Sand / mud (<2mm),Coarse sand (with shell fragments),NA,NA,NA,NA,NA,NA,82001014,14
2021-03_Geographe_BOSS,122,Biota,Macroalgae,Erect coarse branching,Brown,NA,NA,NA,NA,NA,NA,NA,80300904,2
2021-03_Geographe_BOSS,122,Biota,Macroalgae,Erect fine branching,Brown,NA,NA,NA,NA,NA,NA,NA,80300908,4
2021-03_Geographe_BOSS,122,Biota,Macroalgae,Filamentous / filiform,Brown,NA,NA,NA,NA,NA,NA,NA,80300931,2
2021-03_Geographe_BOSS,122,Biota,Macroalgae,Filamentous / filiform,NA,NA,NA,NA,NA,NA,NA,NA,80300930,18
2021-03_Geographe_BOSS,122,Biota,Macroalgae,NA,NA,NA,NA,NA,NA,NA,NA,NA,80300000,1
2021-03_Geographe_BOSS,122,Biota,Seagrasses,Strap-like leaves,NA,NA,NA,NA,NA,NA,NA,NA,63600903,67
2021-03_Geographe_BOSS,122,Physical,Substrate,Consolidated (hard),Rock,NA,NA,NA,NA,NA,NA,NA,82001002,1
2021-03_Geographe_BOSS,122,Physical,Substrate,Unconsolidated (soft),Sand / mud (<2mm),Coarse sand (with shell fragments),NA,NA,NA,NA,NA,NA,82001014,2
2021-03_Geographe_BOSS,123,Biota,Seagrasses,Strap-like leaves,NA,NA,NA,NA,NA,NA,NA,NA,63600903,11
2021-03_Geographe_BOSS,123,Physical,Substrate,Unconsolidated (soft),Sand / mud (<2mm),Coarse sand (with shell fragments),NA,NA,NA,NA,NA,NA,82001014,92
2021-03_Geographe_BOSS,125,Biota,Macroalgae,Erect coarse branching,Brown,NA,NA,NA,NA,NA,NA,NA,80300904,1
2021-03_Geographe_BOSS,125,Biota,Macroalgae,Filamentous / filiform,NA,NA,NA,NA,NA,NA,NA,NA,80300930,14
2021-03_Geographe_BOSS,125,Biota,Macroalgae,NA,NA,NA,NA,NA,NA,NA,NA,NA,80300000,1
2021-03_Geographe_BOSS,125,Biota,Seagrasses,Elliptical leaves,NA,NA,NA,NA,NA,NA,NA,NA,63600902,9
2021-03_Geographe_BOSS,125,Biota,Seagrasses,Strap-like leaves,NA,NA,NA,NA,NA,NA,NA,NA,63600903,44
2021-03_Geographe_BOSS,125,Biota,Sponges,Erect forms,NA,NA,NA,NA,NA,NA,NA,NA,10000912,2
2021-03_Geographe_BOSS,125,Physical,Substrate,Unconsolidated (soft),Sand / mud (<2mm),Coarse sand (with shell fragments),NA,NA,NA,NA,NA,NA,82001014,27
2021-03_Geographe_BOSS,127,Biota,Macroalgae,Filamentous / filiform,Brown,NA,NA,NA,NA,NA,NA,NA,80300931,4
2021-03_Geographe_BOSS,127,Biota,Macroalgae,Filamentous / filiform,NA,NA,NA,NA,NA,NA,NA,NA,80300930,22
2021-03_Geographe_BOSS,127,Biota,Seagrasses,Elliptical leaves,NA,NA,NA,NA,NA,NA,NA,NA,63600902,3
2021-03_Geographe_BOSS,127,Biota,Seagrasses,Strap-like leaves,NA,NA,NA,NA,NA,NA,NA,NA,63600903,51
2021-03_Geographe_BOSS,127,Physical,Substrate,Unconsolidated (soft),Sand / mud (<2mm),Coarse sand (with shell fragments),NA,NA,NA,NA,NA,NA,82001014,13
2021-03_Geographe_BOSS,128,Biota,Macroalgae,Erect coarse branching,Brown,NA,NA,NA,NA,NA,NA,NA,80300904,2
2021-03_Geographe_BOSS,128,Biota,Macroalgae,Filamentous / filiform,Brown,NA,NA,NA,NA,NA,NA,NA,80300931,1
2021-03_Geographe_BOSS,128,Biota,Macroalgae,Filamentous / filiform,NA,NA,NA,NA,NA,NA,NA,NA,80300930,19
2021-03_Geographe_BOSS,128,Biota,Macroalgae,Laminate,NA,NA,NA,NA,NA,NA,NA,NA,80300918,1
2021-03_Geographe_BOSS,128,Biota,Seagrasses,Strap-like leaves,NA,NA,NA,NA,NA,NA,NA,NA,63600903,70
2021-03_Geographe_BOSS,128,Physical,Substrate,Consolidated (hard),Rock,NA,NA,NA,NA,NA,NA,NA,82001002,5
2021-03_Geographe_BOSS,128,Physical,Substrate,Unconsolidated (soft),Sand / mud (<2mm),Coarse sand (with shell fragments),NA,NA,NA,NA,NA,NA,82001014,6
2021-03_Geographe_BOSS,129,Biota,Seagrasses,Strap-like leaves,NA,NA,NA,NA,NA,NA,NA,NA,63600903,5
2021-03_Geographe_BOSS,129,Physical,Substrate,Unconsolidated (soft),Pebble / gravel,Biologenic,NA,NA,NA,NA,NA,NA,82001007,3
2021-03_Geographe_BOSS,129,Physical,Substrate,Unconsolidated (soft),Sand / mud (<2mm),Coarse sand (with shell fragments),NA,NA,NA,NA,NA,NA,82001014,97
2021-03_Geographe_BOSS,13,Biota,Macroalgae,NA,NA,NA,NA,NA,NA,NA,NA,NA,80300000,12
2021-03_Geographe_BOSS,13,Biota,Seagrasses,Elliptical leaves,NA,NA,NA,NA,NA,NA,NA,NA,63600902,2
2021-03_Geographe_BOSS,13,Biota,Seagrasses,Strap-like leaves,NA,NA,NA,NA,NA,NA,NA,NA,63600903,60
2021-03_Geographe_BOSS,13,Physical,Substrate,Unconsolidated (soft),Pebble / gravel,Biologenic,NA,NA,NA,NA,NA,NA,82001007,2
2021-03_Geographe_BOSS,13,Physical,Substrate,Unconsolidated (soft),Sand / mud (<2mm),Coarse sand (with shell fragments),NA,NA,NA,NA,NA,NA,82001014,19
2021-03_Geographe_BOSS,130,Biota,Macroalgae,Filamentous / filiform,NA,NA,NA,NA,NA,NA,NA,NA,80300930,8
2021-03_Geographe_BOSS,130,Biota,Macroalgae,NA,NA,NA,NA,NA,NA,NA,NA,NA,80300000,13
2021-03_Geographe_BOSS,130,Biota,Seagrasses,Strap-like leaves,NA,NA,NA,NA,NA,NA,NA,NA,63600903,80
2021-03_Geographe_BOSS,130,Physical,Substrate,Unconsolidated (soft),Sand / mud (<2mm),Coarse sand (with shell fragments),NA,NA,NA,NA,NA,NA,82001014,3
2021-03_Geographe_BOSS,131,Biota,Macroalgae,Erect coarse branching,Brown,NA,NA,NA,NA,NA,NA,NA,80300904,9
2021-03_Geographe_BOSS,131,Biota,Macroalgae,Erect fine branching,Brown,NA,NA,NA,NA,NA,NA,NA,80300908,7
2021-03_Geographe_BOSS,131,Biota,Macroalgae,Erect fine branching,Green,NA,NA,NA,NA,NA,NA,NA,80300909,3
2021-03_Geographe_BOSS,131,Biota,Macroalgae,Filamentous / filiform,Brown,NA,NA,NA,NA,NA,NA,NA,80300931,2
2021-03_Geographe_BOSS,131,Biota,Macroalgae,Filamentous / filiform,Red,NA,NA,NA,NA,NA,NA,NA,80300933,2
2021-03_Geographe_BOSS,131,Biota,Macroalgae,Filamentous / filiform,NA,NA,NA,NA,NA,NA,NA,NA,80300930,32
2021-03_Geographe_BOSS,131,Biota,Macroalgae,Laminate,Green,NA,NA,NA,NA,NA,NA,NA,80300920,1
2021-03_Geographe_BOSS,131,Biota,Macroalgae,NA,NA,NA,NA,NA,NA,NA,NA,NA,80300000,2
2021-03_Geographe_BOSS,131,Biota,Seagrasses,Strap-like leaves,NA,NA,NA,NA,NA,NA,NA,NA,63600903,21
2021-03_Geographe_BOSS,131,Physical,Substrate,Consolidated (hard),Rock,NA,NA,NA,NA,NA,NA,NA,82001002,10
2021-03_Geographe_BOSS,131,Physical,Substrate,Unconsolidated (soft),Sand / mud (<2mm),Coarse sand (with shell fragments),NA,NA,NA,NA,NA,NA,82001014,1
2021-03_Geographe_BOSS,133,Biota,Macroalgae,Filamentous / filiform,NA,NA,NA,NA,NA,NA,NA,NA,80300930,8
2021-03_Geographe_BOSS,133,Biota,Macroalgae,NA,NA,NA,NA,NA,NA,NA,NA,NA,80300000,1
2021-03_Geographe_BOSS,133,Biota,Seagrasses,Strap-like leaves,NA,NA,NA,NA,NA,NA,NA,NA,63600903,21
2021-03_Geographe_BOSS,133,Physical,Substrate,Unconsolidated (soft),Sand / mud (<2mm),Coarse sand (with shell fragments),NA,NA,NA,NA,NA,NA,82001014,69
2021-03_Geographe_BOSS,134,Biota,Macroalgae,Erect coarse branching,Brown,NA,NA,NA,NA,NA,NA,NA,80300904,8
2021-03_Geographe_BOSS,134,Biota,Macroalgae,Erect fine branching,Brown,NA,NA,NA,NA,NA,NA,NA,80300908,2
2021-03_Geographe_BOSS,134,Biota,Macroalgae,Filamentous / filiform,Brown,NA,NA,NA,NA,NA,NA,NA,80300931,10
2021-03_Geographe_BOSS,134,Biota,Macroalgae,Filamentous / filiform,NA,NA,NA,NA,NA,NA,NA,NA,80300930,24
2021-03_Geographe_BOSS,134,Biota,Seagrasses,Strap-like leaves,NA,NA,NA,NA,NA,NA,NA,NA,63600903,56
2021-03_Geographe_BOSS,134,Biota,Sponges,Massive forms,Simple,NA,NA,NA,NA,NA,NA,NA,10000904,1
2021-03_Geographe_BOSS,134,Physical,Substrate,Unconsolidated (soft),Sand / mud (<2mm),Coarse sand (with shell fragments),NA,NA,NA,NA,NA,NA,82001014,1
2021-03_Geographe_BOSS,136,Biota,Macroalgae,Erect coarse branching,Brown,NA,NA,NA,NA,NA,NA,NA,80300904,11
2021-03_Geographe_BOSS,136,Biota,Macroalgae,Erect coarse branching,Red,NA,NA,NA,NA,NA,NA,NA,80300906,2
2021-03_Geographe_BOSS,136,Biota,Macroalgae,Filamentous / filiform,Brown,NA,NA,NA,NA,NA,NA,NA,80300931,5
2021-03_Geographe_BOSS,136,Biota,Macroalgae,Filamentous / filiform,NA,NA,NA,NA,NA,NA,NA,NA,80300930,21
2021-03_Geographe_BOSS,136,Biota,Macroalgae,NA,NA,NA,NA,NA,NA,NA,NA,NA,80300000,6
2021-03_Geographe_BOSS,136,Biota,Seagrasses,Elliptical leaves,NA,NA,NA,NA,NA,NA,NA,NA,63600902,1
2021-03_Geographe_BOSS,136,Biota,Seagrasses,Strap-like leaves,NA,NA,NA,NA,NA,NA,NA,NA,63600903,32
2021-03_Geographe_BOSS,136,Biota,Sponges,Erect forms,NA,NA,NA,NA,NA,NA,NA,NA,10000912,1
2021-03_Geographe_BOSS,136,Physical,Substrate,Consolidated (hard),Rock,NA,NA,NA,NA,NA,NA,NA,82001002,1
2021-03_Geographe_BOSS,136,Physical,Substrate,Unconsolidated (soft),Sand / mud (<2mm),Coarse sand (with shell fragments),NA,NA,NA,NA,NA,NA,82001014,11
2021-03_Geographe_BOSS,137,Biota,Macroalgae,Erect coarse branching,Brown,NA,NA,NA,NA,NA,NA,NA,80300904,1
2021-03_Geographe_BOSS,137,Biota,Macroalgae,Filamentous / filiform,NA,NA,NA,NA,NA,NA,NA,NA,80300930,1
2021-03_Geographe_BOSS,137,Biota,Macroalgae,NA,NA,NA,NA,NA,NA,NA,NA,NA,80300000,2
2021-03_Geographe_BOSS,137,Biota,Seagrasses,Elliptical leaves,NA,NA,NA,NA,NA,NA,NA,NA,63600902,5
2021-03_Geographe_BOSS,137,Biota,Seagrasses,Strap-like leaves,NA,NA,NA,NA,NA,NA,NA,NA,63600903,56
2021-03_Geographe_BOSS,137,Physical,Substrate,Unconsolidated (soft),Sand / mud (<2mm),Coarse sand (with shell fragments),NA,NA,NA,NA,NA,NA,82001014,36
2021-03_Geographe_BOSS,14,Biota,Seagrasses,Strap-like leaves,NA,NA,NA,NA,NA,NA,NA,NA,63600903,100
2021-03_Geographe_BOSS,140,Biota,Macroalgae,Erect coarse branching,Brown,NA,NA,NA,NA,NA,NA,NA,80300904,3
2021-03_Geographe_BOSS,140,Biota,Macroalgae,Filamentous / filiform,NA,NA,NA,NA,NA,NA,NA,NA,80300930,14
2021-03_Geographe_BOSS,140,Biota,Macroalgae,Globose / saccate,NA,NA,NA,NA,NA,NA,NA,NA,80300914,4
2021-03_Geographe_BOSS,140,Biota,Macroalgae,Laminate,NA,NA,NA,NA,NA,NA,NA,NA,80300918,5
2021-03_Geographe_BOSS,140,Biota,Seagrasses,Strap-like leaves,NA,NA,NA,NA,NA,NA,NA,NA,63600903,76
2021-03_Geographe_BOSS,140,Physical,Substrate,Unconsolidated (soft),Sand / mud (<2mm),Coarse sand (with shell fragments),NA,NA,NA,NA,NA,NA,82001014,3
2021-03_Geographe_BOSS,141,Biota,Macroalgae,Filamentous / filiform,NA,NA,NA,NA,NA,NA,NA,NA,80300930,1
2021-03_Geographe_BOSS,141,Biota,Macroalgae,NA,NA,NA,NA,NA,NA,NA,NA,NA,80300000,3
2021-03_Geographe_BOSS,141,Biota,Seagrasses,Strap-like leaves,NA,NA,NA,NA,NA,NA,NA,NA,63600903,84
2021-03_Geographe_BOSS,141,Physical,Substrate,Unconsolidated (soft),Sand / mud (<2mm),Coarse sand (with shell fragments),NA,NA,NA,NA,NA,NA,82001014,10
2021-03_Geographe_BOSS,142,Biota,Macroalgae,Erect coarse branching,Brown,NA,NA,NA,NA,NA,NA,NA,80300904,5
2021-03_Geographe_BOSS,142,Biota,Macroalgae,Erect coarse branching,Red,NA,NA,NA,NA,NA,NA,NA,80300906,1
2021-03_Geographe_BOSS,142,Biota,Macroalgae,Filamentous / filiform,Brown,NA,NA,NA,NA,NA,NA,NA,80300931,2
2021-03_Geographe_BOSS,142,Biota,Macroalgae,Filamentous / filiform,NA,NA,NA,NA,NA,NA,NA,NA,80300930,14
2021-03_Geographe_BOSS,142,Biota,Seagrasses,Strap-like leaves,NA,NA,NA,NA,NA,NA,NA,NA,63600903,76
2021-03_Geographe_BOSS,144,Biota,Macroalgae,Filamentous / filiform,NA,NA,NA,NA,NA,NA,NA,NA,80300930,3
2021-03_Geographe_BOSS,144,Physical,Substrate,Unconsolidated (soft),Sand / mud (<2mm),Coarse sand (with shell fragments),NA,NA,NA,NA,NA,NA,82001014,100
2021-03_Geographe_BOSS,146,Biota,Macroalgae,Filamentous / filiform,NA,NA,NA,NA,NA,NA,NA,NA,80300930,7
2021-03_Geographe_BOSS,146,Biota,Seagrasses,Strap-like leaves,NA,NA,NA,NA,NA,NA,NA,NA,63600903,94
2021-03_Geographe_BOSS,147,Biota,Macroalgae,Filamentous / filiform,NA,NA,NA,NA,NA,NA,NA,NA,80300930,2
2021-03_Geographe_BOSS,147,Biota,Seagrasses,Strap-like leaves,NA,NA,NA,NA,NA,NA,NA,NA,63600903,9
2021-03_Geographe_BOSS,147,Physical,Substrate,Unconsolidated (soft),Sand / mud (<2mm),Coarse sand (with shell fragments),NA,NA,NA,NA,NA,NA,82001014,92
2021-03_Geographe_BOSS,148,Biota,Macroalgae,Erect coarse branching,Brown,NA,NA,NA,NA,NA,NA,NA,80300904,3
2021-03_Geographe_BOSS,148,Biota,Macroalgae,Erect fine branching,Green,NA,NA,NA,NA,NA,NA,NA,80300909,6
2021-03_Geographe_BOSS,148,Biota,Macroalgae,Filamentous / filiform,Brown,NA,NA,NA,NA,NA,NA,NA,80300931,1
2021-03_Geographe_BOSS,148,Biota,Macroalgae,Filamentous / filiform,Red,NA,NA,NA,NA,NA,NA,NA,80300933,2
2021-03_Geographe_BOSS,148,Biota,Macroalgae,Filamentous / filiform,NA,NA,NA,NA,NA,NA,NA,NA,80300930,25
2021-03_Geographe_BOSS,148,Biota,Macroalgae,Laminate,Green,NA,NA,NA,NA,NA,NA,NA,80300920,2
2021-03_Geographe_BOSS,148,Biota,Macroalgae,NA,NA,NA,NA,NA,NA,NA,NA,NA,80300000,2
2021-03_Geographe_BOSS,148,Biota,Seagrasses,Strap-like leaves,NA,NA,NA,NA,NA,NA,NA,NA,63600903,54
2021-03_Geographe_BOSS,148,Physical,Substrate,Consolidated (hard),Rock,NA,NA,NA,NA,NA,NA,NA,82001002,3
2021-03_Geographe_BOSS,15,Biota,Macroalgae,NA,NA,NA,NA,NA,NA,NA,NA,NA,80300000,3
2021-03_Geographe_BOSS,15,Biota,Seagrasses,Strap-like leaves,NA,NA,NA,NA,NA,NA,NA,NA,63600903,77
2021-03_Geographe_BOSS,15,Physical,Substrate,Unconsolidated (soft),Sand / mud (<2mm),Coarse sand (with shell fragments),NA,NA,NA,NA,NA,NA,82001014,17
2021-03_Geographe_BOSS,150,Biota,Macroalgae,Erect coarse branching,Brown,NA,NA,NA,NA,NA,NA,NA,80300904,2
2021-03_Geographe_BOSS,150,Biota,Macroalgae,Filamentous / filiform,NA,NA,NA,NA,NA,NA,NA,NA,80300930,21
2021-03_Geographe_BOSS,150,Biota,Macroalgae,NA,NA,NA,NA,NA,NA,NA,NA,NA,80300000,7
2021-03_Geographe_BOSS,150,Biota,Seagrasses,Strap-like leaves,NA,NA,NA,NA,NA,NA,NA,NA,63600903,8
2021-03_Geographe_BOSS,150,Physical,Substrate,Unconsolidated (soft),Pebble / gravel,Biologenic,NA,NA,NA,NA,NA,NA,82001007,1
2021-03_Geographe_BOSS,150,Physical,Substrate,Unconsolidated (soft),Sand / mud (<2mm),Coarse sand (with shell fragments),NA,NA,NA,NA,NA,NA,82001014,37
2021-03_Geographe_BOSS,151,Biota,Macroalgae,Erect coarse branching,Brown,NA,NA,NA,NA,NA,NA,NA,80300904,3
2021-03_Geographe_BOSS,151,Biota,Macroalgae,Filamentous / filiform,Brown,NA,NA,NA,NA,NA,NA,NA,80300931,2
2021-03_Geographe_BOSS,151,Biota,Macroalgae,Filamentous / filiform,NA,NA,NA,NA,NA,NA,NA,NA,80300930,5
2021-03_Geographe_BOSS,151,Biota,Macroalgae,NA,NA,NA,NA,NA,NA,NA,NA,NA,80300000,1
2021-03_Geographe_BOSS,151,Biota,Seagrasses,Strap-like leaves,NA,NA,NA,NA,NA,NA,NA,NA,63600903,69
2021-03_Geographe_BOSS,151,Physical,Substrate,Unconsolidated (soft),Sand / mud (<2mm),Coarse sand (with shell fragments),NA,NA,NA,NA,NA,NA,82001014,2
2021-03_Geographe_BOSS,152,Biota,Macroalgae,Filamentous / filiform,NA,NA,NA,NA,NA,NA,NA,NA,80300930,1
2021-03_Geographe_BOSS,152,Biota,Seagrasses,Strap-like leaves,NA,NA,NA,NA,NA,NA,NA,NA,63600903,15
2021-03_Geographe_BOSS,152,Physical,Substrate,Unconsolidated (soft),Sand / mud (<2mm),Coarse sand (with shell fragments),NA,NA,NA,NA,NA,NA,82001014,85
2021-03_Geographe_BOSS,154,Biota,Macroalgae,Erect fine branching,Brown,NA,NA,NA,NA,NA,NA,NA,80300908,4
2021-03_Geographe_BOSS,154,Biota,Macroalgae,Erect fine branching,Red,NA,NA,NA,NA,NA,NA,NA,80300910,3
2021-03_Geographe_BOSS,154,Biota,Macroalgae,Filamentous / filiform,Brown,NA,NA,NA,NA,NA,NA,NA,80300931,2
2021-03_Geographe_BOSS,154,Biota,Macroalgae,Filamentous / filiform,Red,NA,NA,NA,NA,NA,NA,NA,80300933,2
2021-03_Geographe_BOSS,154,Biota,Macroalgae,Filamentous / filiform,NA,NA,NA,NA,NA,NA,NA,NA,80300930,27
2021-03_Geographe_BOSS,154,Biota,Macroalgae,NA,NA,NA,NA,NA,NA,NA,NA,NA,80300000,1
2021-03_Geographe_BOSS,154,Biota,Seagrasses,Strap-like leaves,NA,NA,NA,NA,NA,NA,NA,NA,63600903,20
2021-03_Geographe_BOSS,154,Physical,Substrate,Consolidated (hard),Rock,NA,NA,NA,NA,NA,NA,NA,82001002,22
2021-03_Geographe_BOSS,154,Physical,Substrate,Unconsolidated (soft),Pebble / gravel,Biologenic,NA,NA,NA,NA,NA,NA,82001007,1
2021-03_Geographe_BOSS,154,Physical,Substrate,Unconsolidated (soft),Sand / mud (<2mm),Coarse sand (with shell fragments),NA,NA,NA,NA,NA,NA,82001014,18
2021-03_Geographe_BOSS,158,Biota,Macroalgae,Erect coarse branching,Red,NA,NA,NA,NA,NA,NA,NA,80300906,1
2021-03_Geographe_BOSS,158,Biota,Macroalgae,Filamentous / filiform,Brown,NA,NA,NA,NA,NA,NA,NA,80300931,5
2021-03_Geographe_BOSS,158,Biota,Macroalgae,Filamentous / filiform,NA,NA,NA,NA,NA,NA,NA,NA,80300930,3
2021-03_Geographe_BOSS,158,Biota,Seagrasses,Strap-like leaves,NA,NA,NA,NA,NA,NA,NA,NA,63600903,90
2021-03_Geographe_BOSS,158,Physical,Substrate,Consolidated (hard),Rock,NA,NA,NA,NA,NA,NA,NA,82001002,1
2021-03_Geographe_BOSS,158,Physical,Substrate,Unconsolidated (soft),Sand / mud (<2mm),Coarse sand (with shell fragments),NA,NA,NA,NA,NA,NA,82001014,5
2021-03_Geographe_BOSS,16,Biota,Seagrasses,Strap-like leaves,NA,NA,NA,NA,NA,NA,NA,NA,63600903,67
2021-03_Geographe_BOSS,16,Physical,Substrate,Unconsolidated (soft),Sand / mud (<2mm),Coarse sand (with shell fragments),NA,NA,NA,NA,NA,NA,82001014,31
2021-03_Geographe_BOSS,160,Biota,Macroalgae,Erect coarse branching,Brown,NA,NA,NA,NA,NA,NA,NA,80300904,5
2021-03_Geographe_BOSS,160,Biota,Macroalgae,Erect coarse branching,Red,NA,NA,NA,NA,NA,NA,NA,80300906,1
2021-03_Geographe_BOSS,160,Biota,Macroalgae,Erect fine branching,Brown,NA,NA,NA,NA,NA,NA,NA,80300908,2
2021-03_Geographe_BOSS,160,Biota,Macroalgae,Filamentous / filiform,Brown,NA,NA,NA,NA,NA,NA,NA,80300931,4
2021-03_Geographe_BOSS,160,Biota,Macroalgae,Filamentous / filiform,NA,NA,NA,NA,NA,NA,NA,NA,80300930,45
2021-03_Geographe_BOSS,160,Biota,Seagrasses,Strap-like leaves,NA,NA,NA,NA,NA,NA,NA,NA,63600903,18
2021-03_Geographe_BOSS,160,Biota,Sponges,Erect forms,NA,NA,NA,NA,NA,NA,NA,NA,10000912,5
2021-03_Geographe_BOSS,160,Physical,Substrate,Consolidated (hard),Rock,NA,NA,NA,NA,NA,NA,NA,82001002,12
2021-03_Geographe_BOSS,160,Physical,Substrate,Unconsolidated (soft),Pebble / gravel,Gravel (2-10mm),NA,NA,NA,NA,NA,NA,82001011,1
2021-03_Geographe_BOSS,160,Physical,Substrate,Unconsolidated (soft),Sand / mud (<2mm),Coarse sand (with shell fragments),NA,NA,NA,NA,NA,NA,82001014,7
2021-03_Geographe_BOSS,161,Biota,Macroalgae,Erect coarse branching,Brown,NA,NA,NA,NA,NA,NA,NA,80300904,1
2021-03_Geographe_BOSS,161,Biota,Macroalgae,Filamentous / filiform,NA,NA,NA,NA,NA,NA,NA,NA,80300930,8
2021-03_Geographe_BOSS,161,Biota,Macroalgae,NA,NA,NA,NA,NA,NA,NA,NA,NA,80300000,1
2021-03_Geographe_BOSS,161,Biota,Seagrasses,Strap-like leaves,NA,NA,NA,NA,NA,NA,NA,NA,63600903,22
2021-03_Geographe_BOSS,161,Physical,Substrate,Unconsolidated (soft),Sand / mud (<2mm),Coarse sand (with shell fragments),NA,NA,NA,NA,NA,NA,82001014,57
2021-03_Geographe_BOSS,164,Biota,Macroalgae,Filamentous / filiform,NA,NA,NA,NA,NA,NA,NA,NA,80300930,1
2021-03_Geographe_BOSS,164,Physical,Substrate,Unconsolidated (soft),Sand / mud (<2mm),Coarse sand (with shell fragments),NA,NA,NA,NA,NA,NA,82001014,104
2021-03_Geographe_BOSS,165,Physical,Substrate,Unconsolidated (soft),Sand / mud (<2mm),Coarse sand (with shell fragments),NA,NA,NA,NA,NA,NA,82001014,91
2021-03_Geographe_BOSS,166,Biota,Macroalgae,Erect coarse branching,Brown,NA,NA,NA,NA,NA,NA,NA,80300904,6
2021-03_Geographe_BOSS,166,Biota,Macroalgae,Filamentous / filiform,Brown,NA,NA,NA,NA,NA,NA,NA,80300931,1
2021-03_Geographe_BOSS,166,Biota,Macroalgae,Filamentous / filiform,NA,NA,NA,NA,NA,NA,NA,NA,80300930,9
2021-03_Geographe_BOSS,166,Biota,Seagrasses,Strap-like leaves,NA,NA,NA,NA,NA,NA,NA,NA,63600903,62
2021-03_Geographe_BOSS,166,Physical,Substrate,Unconsolidated (soft),Sand / mud (<2mm),Coarse sand (with shell fragments),NA,NA,NA,NA,NA,NA,82001014,9
2021-03_Geographe_BOSS,167,Biota,Macroalgae,Filamentous / filiform,NA,NA,NA,NA,NA,NA,NA,NA,80300930,9
2021-03_Geographe_BOSS,167,Biota,Macroalgae,Laminate,Green,NA,NA,NA,NA,NA,NA,NA,80300920,2
2021-03_Geographe_BOSS,167,Biota,Macroalgae,NA,NA,NA,NA,NA,NA,NA,NA,NA,80300000,6
2021-03_Geographe_BOSS,167,Biota,Seagrasses,Strap-like leaves,NA,NA,NA,NA,NA,NA,NA,NA,63600903,52
2021-03_Geographe_BOSS,167,Physical,Substrate,Consolidated (hard),Rock,NA,NA,NA,NA,NA,NA,NA,82001002,11
2021-03_Geographe_BOSS,167,Physical,Substrate,Unconsolidated (soft),Sand / mud (<2mm),Coarse sand (with shell fragments),NA,NA,NA,NA,NA,NA,82001014,13
2021-03_Geographe_BOSS,17,Biota,Seagrasses,Strap-like leaves,NA,NA,NA,NA,NA,NA,NA,NA,63600903,72
2021-03_Geographe_BOSS,17,Physical,Substrate,Unconsolidated (soft),Sand / mud (<2mm),Coarse sand (with shell fragments),NA,NA,NA,NA,NA,NA,82001014,29
2021-03_Geographe_BOSS,170,Biota,Macroalgae,Filamentous / filiform,Brown,NA,NA,NA,NA,NA,NA,NA,80300931,2
2021-03_Geographe_BOSS,170,Biota,Macroalgae,Filamentous / filiform,NA,NA,NA,NA,NA,NA,NA,NA,80300930,15
2021-03_Geographe_BOSS,170,Biota,Macroalgae,NA,NA,NA,NA,NA,NA,NA,NA,NA,80300000,3
2021-03_Geographe_BOSS,170,Biota,Seagrasses,Strap-like leaves,NA,NA,NA,NA,NA,NA,NA,NA,63600903,57
2021-03_Geographe_BOSS,170,Physical,Substrate,Unconsolidated (soft),Sand / mud (<2mm),Coarse sand (with shell fragments),NA,NA,NA,NA,NA,NA,82001014,26
2021-03_Geographe_BOSS,171,Biota,Macroalgae,Erect coarse branching,Brown,NA,NA,NA,NA,NA,NA,NA,80300904,11
2021-03_Geographe_BOSS,171,Biota,Macroalgae,Erect fine branching,Brown,NA,NA,NA,NA,NA,NA,NA,80300908,7
2021-03_Geographe_BOSS,171,Biota,Macroalgae,Erect fine branching,Green,NA,NA,NA,NA,NA,NA,NA,80300909,4
2021-03_Geographe_BOSS,171,Biota,Macroalgae,Filamentous / filiform,Brown,NA,NA,NA,NA,NA,NA,NA,80300931,7
2021-03_Geographe_BOSS,171,Biota,Macroalgae,Filamentous / filiform,NA,NA,NA,NA,NA,NA,NA,NA,80300930,13
2021-03_Geographe_BOSS,171,Biota,Macroalgae,NA,NA,NA,NA,NA,NA,NA,NA,NA,80300000,1
2021-03_Geographe_BOSS,171,Biota,Seagrasses,Strap-like leaves,NA,NA,NA,NA,NA,NA,NA,NA,63600903,44
2021-03_Geographe_BOSS,171,Physical,Substrate,Consolidated (hard),Rock,NA,NA,NA,NA,NA,NA,NA,82001002,3
2021-03_Geographe_BOSS,171,Physical,Substrate,Unconsolidated (soft),Sand / mud (<2mm),Coarse sand (with shell fragments),NA,NA,NA,NA,NA,NA,82001014,1
2021-03_Geographe_BOSS,174,Biota,Macroalgae,Filamentous / filiform,Red,NA,NA,NA,NA,NA,NA,NA,80300933,4
2021-03_Geographe_BOSS,174,Biota,Macroalgae,Filamentous / filiform,NA,NA,NA,NA,NA,NA,NA,NA,80300930,17
2021-03_Geographe_BOSS,174,Biota,Seagrasses,Strap-like leaves,NA,NA,NA,NA,NA,NA,NA,NA,63600903,10
2021-03_Geographe_BOSS,174,Physical,Substrate,Unconsolidated (soft),Sand / mud (<2mm),Coarse sand (with shell fragments),NA,NA,NA,NA,NA,NA,82001014,70
2021-03_Geographe_BOSS,175,Biota,Macroalgae,Erect coarse branching,Brown,NA,NA,NA,NA,NA,NA,NA,80300904,2
2021-03_Geographe_BOSS,175,Biota,Macroalgae,Filamentous / filiform,Red,NA,NA,NA,NA,NA,NA,NA,80300933,4
2021-03_Geographe_BOSS,175,Biota,Macroalgae,Filamentous / filiform,NA,NA,NA,NA,NA,NA,NA,NA,80300930,14
2021-03_Geographe_BOSS,175,Biota,Macroalgae,Globose / saccate,Brown,NA,NA,NA,NA,NA,NA,NA,80300915,3
2021-03_Geographe_BOSS,175,Biota,Macroalgae,NA,NA,NA,NA,NA,NA,NA,NA,NA,80300000,2
2021-03_Geographe_BOSS,175,Biota,Seagrasses,Elliptical leaves,NA,NA,NA,NA,NA,NA,NA,NA,63600902,1
2021-03_Geographe_BOSS,175,Biota,Seagrasses,Strap-like leaves,NA,NA,NA,NA,NA,NA,NA,NA,63600903,59
2021-03_Geographe_BOSS,175,Physical,Substrate,Unconsolidated (soft),Pebble / gravel,Gravel (2-10mm),NA,NA,NA,NA,NA,NA,82001011,2
2021-03_Geographe_BOSS,175,Physical,Substrate,Unconsolidated (soft),Sand / mud (<2mm),Coarse sand (with shell fragments),NA,NA,NA,NA,NA,NA,82001014,13
2021-03_Geographe_BOSS,177,Biota,Seagrasses,Elliptical leaves,NA,NA,NA,NA,NA,NA,NA,NA,63600902,1
2021-03_Geographe_BOSS,177,Biota,Seagrasses,Strap-like leaves,NA,NA,NA,NA,NA,NA,NA,NA,63600903,44
2021-03_Geographe_BOSS,177,Physical,Substrate,Unconsolidated (soft),Sand / mud (<2mm),Coarse sand (with shell fragments),NA,NA,NA,NA,NA,NA,82001014,51
2021-03_Geographe_BOSS,18,Biota,Macroalgae,Filamentous / filiform,NA,NA,NA,NA,NA,NA,NA,NA,80300930,10
2021-03_Geographe_BOSS,18,Biota,Seagrasses,Strap-like leaves,NA,NA,NA,NA,NA,NA,NA,NA,63600903,89
2021-03_Geographe_BOSS,180,Biota,Macroalgae,Filamentous / filiform,NA,NA,NA,NA,NA,NA,NA,NA,80300930,2
2021-03_Geographe_BOSS,180,Biota,Seagrasses,Strap-like leaves,NA,NA,NA,NA,NA,NA,NA,NA,63600903,95
2021-03_Geographe_BOSS,180,Physical,Substrate,Unconsolidated (soft),Sand / mud (<2mm),Coarse sand (with shell fragments),NA,NA,NA,NA,NA,NA,82001014,2
2021-03_Geographe_BOSS,181,Biota,Macroalgae,Erect coarse branching,Brown,NA,NA,NA,NA,NA,NA,NA,80300904,25
2021-03_Geographe_BOSS,181,Biota,Macroalgae,Erect coarse branching,Red,NA,NA,NA,NA,NA,NA,NA,80300906,1
2021-03_Geographe_BOSS,181,Biota,Macroalgae,Erect fine branching,Brown,NA,NA,NA,NA,NA,NA,NA,80300908,7
2021-03_Geographe_BOSS,181,Biota,Macroalgae,Erect fine branching,Green,NA,NA,NA,NA,NA,NA,NA,80300909,1
2021-03_Geographe_BOSS,181,Biota,Macroalgae,Filamentous / filiform,Brown,NA,NA,NA,NA,NA,NA,NA,80300931,2
2021-03_Geographe_BOSS,181,Biota,Macroalgae,Filamentous / filiform,NA,NA,NA,NA,NA,NA,NA,NA,80300930,23
2021-03_Geographe_BOSS,181,Biota,Macroalgae,NA,NA,NA,NA,NA,NA,NA,NA,NA,80300000,1
2021-03_Geographe_BOSS,181,Biota,Seagrasses,Strap-like leaves,NA,NA,NA,NA,NA,NA,NA,NA,63600903,7
2021-03_Geographe_BOSS,181,Biota,Sponges,NA,NA,NA,NA,NA,NA,NA,NA,NA,10000000,2
2021-03_Geographe_BOSS,181,Physical,Substrate,Consolidated (hard),Rock,NA,NA,NA,NA,NA,NA,NA,82001002,20
2021-03_Geographe_BOSS,181,Physical,Substrate,Unconsolidated (soft),Sand / mud (<2mm),Coarse sand (with shell fragments),NA,NA,NA,NA,NA,NA,82001014,3
2021-03_Geographe_BOSS,183,Biota,Macroalgae,Erect coarse branching,Brown,NA,NA,NA,NA,NA,NA,NA,80300904,23
2021-03_Geographe_BOSS,183,Biota,Macroalgae,Erect fine branching,Brown,NA,NA,NA,NA,NA,NA,NA,80300908,1
2021-03_Geographe_BOSS,183,Biota,Macroalgae,Filamentous / filiform,Brown,NA,NA,NA,NA,NA,NA,NA,80300931,5
2021-03_Geographe_BOSS,183,Biota,Macroalgae,Filamentous / filiform,NA,NA,NA,NA,NA,NA,NA,NA,80300930,21
2021-03_Geographe_BOSS,183,Biota,Seagrasses,Strap-like leaves,NA,NA,NA,NA,NA,NA,NA,NA,63600903,47
2021-03_Geographe_BOSS,183,Biota,Sponges,Erect forms,NA,NA,NA,NA,NA,NA,NA,NA,10000912,1
2021-03_Geographe_BOSS,184,Biota,Seagrasses,Strap-like leaves,NA,NA,NA,NA,NA,NA,NA,NA,63600903,2
2021-03_Geographe_BOSS,184,Physical,Substrate,Unconsolidated (soft),Sand / mud (<2mm),Coarse sand (with shell fragments),NA,NA,NA,NA,NA,NA,82001014,87
2021-03_Geographe_BOSS,185,Biota,Macroalgae,Erect coarse branching,Brown,NA,NA,NA,NA,NA,NA,NA,80300904,3
2021-03_Geographe_BOSS,185,Biota,Macroalgae,Filamentous / filiform,NA,NA,NA,NA,NA,NA,NA,NA,80300930,14
2021-03_Geographe_BOSS,185,Biota,Macroalgae,NA,NA,NA,NA,NA,NA,NA,NA,NA,80300000,1
2021-03_Geographe_BOSS,185,Biota,Seagrasses,Elliptical leaves,NA,NA,NA,NA,NA,NA,NA,NA,63600902,3
2021-03_Geographe_BOSS,185,Biota,Seagrasses,Strap-like leaves,NA,NA,NA,NA,NA,NA,NA,NA,63600903,41
2021-03_Geographe_BOSS,185,Physical,Substrate,Consolidated (hard),Rock,NA,NA,NA,NA,NA,NA,NA,82001002,1
2021-03_Geographe_BOSS,185,Physical,Substrate,Unconsolidated (soft),Pebble / gravel,Biologenic,NA,NA,NA,NA,NA,NA,82001007,1
2021-03_Geographe_BOSS,185,Physical,Substrate,Unconsolidated (soft),Sand / mud (<2mm),Coarse sand (with shell fragments),NA,NA,NA,NA,NA,NA,82001014,36
2021-03_Geographe_BOSS,186,Biota,Macroalgae,Erect coarse branching,Brown,NA,NA,NA,NA,NA,NA,NA,80300904,4
2021-03_Geographe_BOSS,186,Biota,Macroalgae,Filamentous / filiform,Red,NA,NA,NA,NA,NA,NA,NA,80300933,2
2021-03_Geographe_BOSS,186,Biota,Macroalgae,Filamentous / filiform,NA,NA,NA,NA,NA,NA,NA,NA,80300930,13
2021-03_Geographe_BOSS,186,Biota,Seagrasses,Strap-like leaves,NA,NA,NA,NA,NA,NA,NA,NA,63600903,18
2021-03_Geographe_BOSS,186,Physical,Substrate,Unconsolidated (soft),Sand / mud (<2mm),Coarse sand (with shell fragments),NA,NA,NA,NA,NA,NA,82001014,66
2021-03_Geographe_BOSS,187,Biota,Macroalgae,Articulated calcareous,Red,NA,NA,NA,NA,NA,NA,NA,80300913,1
2021-03_Geographe_BOSS,187,Biota,Macroalgae,Erect coarse branching,Brown,NA,NA,NA,NA,NA,NA,NA,80300904,16
2021-03_Geographe_BOSS,187,Biota,Macroalgae,Erect fine branching,Brown,NA,NA,NA,NA,NA,NA,NA,80300908,14
2021-03_Geographe_BOSS,187,Biota,Macroalgae,Erect fine branching,Green,NA,NA,NA,NA,NA,NA,NA,80300909,4
2021-03_Geographe_BOSS,187,Biota,Macroalgae,Filamentous / filiform,Brown,NA,NA,NA,NA,NA,NA,NA,80300931,2
2021-03_Geographe_BOSS,187,Biota,Macroalgae,Filamentous / filiform,NA,NA,NA,NA,NA,NA,NA,NA,80300930,7
2021-03_Geographe_BOSS,187,Biota,Macroalgae,Laminate,Brown,NA,NA,NA,NA,NA,NA,NA,80300919,1
2021-03_Geographe_BOSS,187,Biota,Macroalgae,NA,NA,NA,NA,NA,NA,NA,NA,NA,80300000,2
2021-03_Geographe_BOSS,187,Biota,Seagrasses,Strap-like leaves,NA,NA,NA,NA,NA,NA,NA,NA,63600903,39
2021-03_Geographe_BOSS,187,Physical,Substrate,Consolidated (hard),Rock,NA,NA,NA,NA,NA,NA,NA,82001002,6
2021-03_Geographe_BOSS,187,Physical,Substrate,Unconsolidated (soft),Sand / mud (<2mm),Coarse sand (with shell fragments),NA,NA,NA,NA,NA,NA,82001014,1
2021-03_Geographe_BOSS,189,Biota,Macroalgae,Erect coarse branching,Brown,NA,NA,NA,NA,NA,NA,NA,80300904,3
2021-03_Geographe_BOSS,189,Biota,Macroalgae,Filamentous / filiform,Brown,NA,NA,NA,NA,NA,NA,NA,80300931,1
2021-03_Geographe_BOSS,189,Biota,Macroalgae,Filamentous / filiform,NA,NA,NA,NA,NA,NA,NA,NA,80300930,9
2021-03_Geographe_BOSS,189,Biota,Seagrasses,Strap-like leaves,NA,NA,NA,NA,NA,NA,NA,NA,63600903,70
2021-03_Geographe_BOSS,189,Biota,Sponges,Erect forms,NA,NA,NA,NA,NA,NA,NA,NA,10000912,1
2021-03_Geographe_BOSS,189,Physical,Substrate,Consolidated (hard),Rock,NA,NA,NA,NA,NA,NA,NA,82001002,4
2021-03_Geographe_BOSS,189,Physical,Substrate,Unconsolidated (soft),Sand / mud (<2mm),Coarse sand (with shell fragments),NA,NA,NA,NA,NA,NA,82001014,6
2021-03_Geographe_BOSS,19,Biota,Seagrasses,Strap-like leaves,NA,NA,NA,NA,NA,NA,NA,NA,63600903,100
2021-03_Geographe_BOSS,190,Biota,Seagrasses,Strap-like leaves,NA,NA,NA,NA,NA,NA,NA,NA,63600903,92
2021-03_Geographe_BOSS,190,Physical,Substrate,Consolidated (hard),Rock,NA,NA,NA,NA,NA,NA,NA,82001002,1
2021-03_Geographe_BOSS,190,Physical,Substrate,Unconsolidated (soft),Sand / mud (<2mm),Coarse sand (with shell fragments),NA,NA,NA,NA,NA,NA,82001014,2
2021-03_Geographe_BOSS,191,Biota,Macroalgae,Erect coarse branching,Brown,NA,NA,NA,NA,NA,NA,NA,80300904,3
2021-03_Geographe_BOSS,191,Biota,Macroalgae,Filamentous / filiform,Brown,NA,NA,NA,NA,NA,NA,NA,80300931,2
2021-03_Geographe_BOSS,191,Biota,Macroalgae,Filamentous / filiform,NA,NA,NA,NA,NA,NA,NA,NA,80300930,4
2021-03_Geographe_BOSS,191,Biota,Seagrasses,Strap-like leaves,NA,NA,NA,NA,NA,NA,NA,NA,63600903,73
2021-03_Geographe_BOSS,191,Physical,Substrate,Unconsolidated (soft),Sand / mud (<2mm),Coarse sand (with shell fragments),NA,NA,NA,NA,NA,NA,82001014,14
2021-03_Geographe_BOSS,194,Biota,Macroalgae,Erect coarse branching,Brown,NA,NA,NA,NA,NA,NA,NA,80300904,5
2021-03_Geographe_BOSS,194,Biota,Macroalgae,Filamentous / filiform,Brown,NA,NA,NA,NA,NA,NA,NA,80300931,6
2021-03_Geographe_BOSS,194,Biota,Macroalgae,Filamentous / filiform,NA,NA,NA,NA,NA,NA,NA,NA,80300930,3
2021-03_Geographe_BOSS,194,Biota,Macroalgae,NA,NA,NA,NA,NA,NA,NA,NA,NA,80300000,4
2021-03_Geographe_BOSS,194,Biota,Seagrasses,Strap-like leaves,NA,NA,NA,NA,NA,NA,NA,NA,63600903,70
2021-03_Geographe_BOSS,194,Physical,Substrate,Consolidated (hard),Rock,NA,NA,NA,NA,NA,NA,NA,82001002,1
2021-03_Geographe_BOSS,194,Physical,Substrate,Unconsolidated (soft),Sand / mud (<2mm),Coarse sand (with shell fragments),NA,NA,NA,NA,NA,NA,82001014,11
2021-03_Geographe_BOSS,195,Biota,Macroalgae,Erect coarse branching,Brown,NA,NA,NA,NA,NA,NA,NA,80300904,12
2021-03_Geographe_BOSS,195,Biota,Macroalgae,Filamentous / filiform,Red,NA,NA,NA,NA,NA,NA,NA,80300933,1
2021-03_Geographe_BOSS,195,Biota,Macroalgae,Filamentous / filiform,NA,NA,NA,NA,NA,NA,NA,NA,80300930,2
2021-03_Geographe_BOSS,195,Biota,Seagrasses,Strap-like leaves,NA,NA,NA,NA,NA,NA,NA,NA,63600903,72
2021-03_Geographe_BOSS,195,Physical,Substrate,Consolidated (hard),Rock,NA,NA,NA,NA,NA,NA,NA,82001002,4
2021-03_Geographe_BOSS,195,Physical,Substrate,Unconsolidated (soft),Sand / mud (<2mm),Coarse sand (with shell fragments),NA,NA,NA,NA,NA,NA,82001014,4
2021-03_Geographe_BOSS,196,Biota,Macroalgae,Erect coarse branching,Brown,NA,NA,NA,NA,NA,NA,NA,80300904,1
2021-03_Geographe_BOSS,196,Biota,Macroalgae,NA,NA,NA,NA,NA,NA,NA,NA,NA,80300000,1
2021-03_Geographe_BOSS,196,Biota,Seagrasses,Strap-like leaves,NA,NA,NA,NA,NA,NA,NA,NA,63600903,54
2021-03_Geographe_BOSS,196,Physical,Substrate,Unconsolidated (soft),Pebble / gravel,Biologenic,NA,NA,NA,NA,NA,NA,82001007,1
2021-03_Geographe_BOSS,196,Physical,Substrate,Unconsolidated (soft),Sand / mud (<2mm),Coarse sand (with shell fragments),NA,NA,NA,NA,NA,NA,82001014,39
2021-03_Geographe_BOSS,198,Biota,Macroalgae,Erect coarse branching,Brown,NA,NA,NA,NA,NA,NA,NA,80300904,7
2021-03_Geographe_BOSS,198,Biota,Macroalgae,Filamentous / filiform,NA,NA,NA,NA,NA,NA,NA,NA,80300930,22
2021-03_Geographe_BOSS,198,Physical,Substrate,Unconsolidated (soft),Sand / mud (<2mm),Coarse sand (with shell fragments),NA,NA,NA,NA,NA,NA,82001014,76
2021-03_Geographe_BOSS,2,Biota,Macroalgae,Erect coarse branching,Brown,NA,NA,NA,NA,NA,NA,NA,80300904,1
2021-03_Geographe_BOSS,2,Biota,Macroalgae,NA,NA,NA,NA,NA,NA,NA,NA,NA,80300000,7
2021-03_Geographe_BOSS,2,Biota,Seagrasses,Strap-like leaves,NA,NA,NA,NA,NA,NA,NA,NA,63600903,86
2021-03_Geographe_BOSS,2,Physical,Substrate,Unconsolidated (soft),Sand / mud (<2mm),Coarse sand (with shell fragments),NA,NA,NA,NA,NA,NA,82001014,6
2021-03_Geographe_BOSS,20,Biota,Seagrasses,Strap-like leaves,NA,NA,NA,NA,NA,NA,NA,NA,63600903,92
2021-03_Geographe_BOSS,20,Physical,Substrate,Unconsolidated (soft),Sand / mud (<2mm),Coarse sand (with shell fragments),NA,NA,NA,NA,NA,NA,82001014,8
2021-03_Geographe_BOSS,200,Biota,Seagrasses,Strap-like leaves,NA,NA,NA,NA,NA,NA,NA,NA,63600903,4
2021-03_Geographe_BOSS,200,Physical,Substrate,Unconsolidated (soft),Sand / mud (<2mm),Coarse sand (with shell fragments),NA,NA,NA,NA,NA,NA,82001014,91
2021-03_Geographe_BOSS,202,Biota,Macroalgae,Filamentous / filiform,Brown,NA,NA,NA,NA,NA,NA,NA,80300931,11
2021-03_Geographe_BOSS,202,Biota,Macroalgae,Filamentous / filiform,NA,NA,NA,NA,NA,NA,NA,NA,80300930,12
2021-03_Geographe_BOSS,202,Biota,Macroalgae,NA,NA,NA,NA,NA,NA,NA,NA,NA,80300000,2
2021-03_Geographe_BOSS,202,Biota,Seagrasses,Strap-like leaves,NA,NA,NA,NA,NA,NA,NA,NA,63600903,25
2021-03_Geographe_BOSS,202,Physical,Substrate,Unconsolidated (soft),Sand / mud (<2mm),Coarse sand (with shell fragments),NA,NA,NA,NA,NA,NA,82001014,29
2021-03_Geographe_BOSS,203,Biota,Macroalgae,Erect coarse branching,Brown,NA,NA,NA,NA,NA,NA,NA,80300904,4
2021-03_Geographe_BOSS,203,Biota,Macroalgae,Filamentous / filiform,NA,NA,NA,NA,NA,NA,NA,NA,80300930,13
2021-03_Geographe_BOSS,203,Biota,Macroalgae,Laminate,NA,NA,NA,NA,NA,NA,NA,NA,80300918,2
2021-03_Geographe_BOSS,203,Biota,Macroalgae,NA,NA,NA,NA,NA,NA,NA,NA,NA,80300000,4
2021-03_Geographe_BOSS,203,Biota,Seagrasses,Elliptical leaves,NA,NA,NA,NA,NA,NA,NA,NA,63600902,1
2021-03_Geographe_BOSS,203,Biota,Seagrasses,Strap-like leaves,NA,NA,NA,NA,NA,NA,NA,NA,63600903,61
2021-03_Geographe_BOSS,203,Physical,Substrate,Unconsolidated (soft),Sand / mud (<2mm),Coarse sand (with shell fragments),NA,NA,NA,NA,NA,NA,82001014,13
2021-03_Geographe_BOSS,205,Biota,Macroalgae,Erect coarse branching,Brown,NA,NA,NA,NA,NA,NA,NA,80300904,5
2021-03_Geographe_BOSS,205,Biota,Macroalgae,Erect fine branching,Brown,NA,NA,NA,NA,NA,NA,NA,80300908,4
2021-03_Geographe_BOSS,205,Biota,Macroalgae,Filamentous / filiform,NA,NA,NA,NA,NA,NA,NA,NA,80300930,2
2021-03_Geographe_BOSS,205,Biota,Seagrasses,Strap-like leaves,NA,NA,NA,NA,NA,NA,NA,NA,63600903,58
2021-03_Geographe_BOSS,205,Physical,Substrate,Consolidated (hard),Rock,NA,NA,NA,NA,NA,NA,NA,82001002,4
2021-03_Geographe_BOSS,205,Physical,Substrate,Unconsolidated (soft),Sand / mud (<2mm),Coarse sand (with shell fragments),NA,NA,NA,NA,NA,NA,82001014,23
2021-03_Geographe_BOSS,206,Biota,Macroalgae,Erect coarse branching,Brown,NA,NA,NA,NA,NA,NA,NA,80300904,2
2021-03_Geographe_BOSS,206,Biota,Macroalgae,Filamentous / filiform,Brown,NA,NA,NA,NA,NA,NA,NA,80300931,2
2021-03_Geographe_BOSS,206,Biota,Macroalgae,Filamentous / filiform,NA,NA,NA,NA,NA,NA,NA,NA,80300930,3
2021-03_Geographe_BOSS,206,Biota,Macroalgae,NA,NA,NA,NA,NA,NA,NA,NA,NA,80300000,11
2021-03_Geographe_BOSS,206,Biota,Seagrasses,Strap-like leaves,NA,NA,NA,NA,NA,NA,NA,NA,63600903,71
2021-03_Geographe_BOSS,206,Biota,Sponges,NA,NA,NA,NA,NA,NA,NA,NA,NA,10000000,1
2021-03_Geographe_BOSS,206,Physical,Substrate,Consolidated (hard),Rock,NA,NA,NA,NA,NA,NA,NA,82001002,1
2021-03_Geographe_BOSS,206,Physical,Substrate,Unconsolidated (soft),Sand / mud (<2mm),Coarse sand (with shell fragments),NA,NA,NA,NA,NA,NA,82001014,9
2021-03_Geographe_BOSS,208,Biota,Macroalgae,Filamentous / filiform,NA,NA,NA,NA,NA,NA,NA,NA,80300930,2
2021-03_Geographe_BOSS,208,Physical,Substrate,Unconsolidated (soft),Sand / mud (<2mm),Coarse sand (with shell fragments),NA,NA,NA,NA,NA,NA,82001014,102
2021-03_Geographe_BOSS,209,Biota,Macroalgae,Erect coarse branching,Brown,NA,NA,NA,NA,NA,NA,NA,80300904,6
2021-03_Geographe_BOSS,209,Biota,Macroalgae,Erect fine branching,Brown,NA,NA,NA,NA,NA,NA,NA,80300908,6
2021-03_Geographe_BOSS,209,Biota,Macroalgae,Filamentous / filiform,Brown,NA,NA,NA,NA,NA,NA,NA,80300931,1
2021-03_Geographe_BOSS,209,Biota,Macroalgae,Filamentous / filiform,NA,NA,NA,NA,NA,NA,NA,NA,80300930,23
2021-03_Geographe_BOSS,209,Biota,Macroalgae,Globose / saccate,NA,NA,NA,NA,NA,NA,NA,NA,80300914,3
2021-03_Geographe_BOSS,209,Biota,Seagrasses,Strap-like leaves,NA,NA,NA,NA,NA,NA,NA,NA,63600903,51
2021-03_Geographe_BOSS,209,Biota,Sponges,Erect forms,NA,NA,NA,NA,NA,NA,NA,NA,10000912,1
2021-03_Geographe_BOSS,209,Physical,Substrate,Consolidated (hard),Rock,NA,NA,NA,NA,NA,NA,NA,82001002,6
2021-03_Geographe_BOSS,209,Physical,Substrate,Unconsolidated (soft),Sand / mud (<2mm),Coarse sand (with shell fragments),NA,NA,NA,NA,NA,NA,82001014,6
2021-03_Geographe_BOSS,21,Biota,Macroalgae,Filamentous / filiform,Red,NA,NA,NA,NA,NA,NA,NA,80300933,3
2021-03_Geographe_BOSS,21,Biota,Macroalgae,Filamentous / filiform,NA,NA,NA,NA,NA,NA,NA,NA,80300930,5
2021-03_Geographe_BOSS,21,Biota,Macroalgae,NA,NA,NA,NA,NA,NA,NA,NA,NA,80300000,1
2021-03_Geographe_BOSS,21,Biota,Seagrasses,Strap-like leaves,NA,NA,NA,NA,NA,NA,NA,NA,63600903,75
2021-03_Geographe_BOSS,21,Physical,Substrate,Unconsolidated (soft),Pebble / gravel,Gravel (2-10mm),NA,NA,NA,NA,NA,NA,82001011,1
2021-03_Geographe_BOSS,21,Physical,Substrate,Unconsolidated (soft),Sand / mud (<2mm),Coarse sand (with shell fragments),NA,NA,NA,NA,NA,NA,82001014,13
2021-03_Geographe_BOSS,210,Biota,Macroalgae,Filamentous / filiform,NA,NA,NA,NA,NA,NA,NA,NA,80300930,2
2021-03_Geographe_BOSS,210,Biota,Macroalgae,NA,NA,NA,NA,NA,NA,NA,NA,NA,80300000,2
2021-03_Geographe_BOSS,210,Biota,Seagrasses,Strap-like leaves,NA,NA,NA,NA,NA,NA,NA,NA,63600903,41
2021-03_Geographe_BOSS,210,Physical,Substrate,Unconsolidated (soft),Sand / mud (<2mm),Coarse sand (with shell fragments),NA,NA,NA,NA,NA,NA,82001014,41
2021-03_Geographe_BOSS,212,Biota,Macroalgae,Erect coarse branching,Brown,NA,NA,NA,NA,NA,NA,NA,80300904,10
2021-03_Geographe_BOSS,212,Biota,Macroalgae,Filamentous / filiform,Brown,NA,NA,NA,NA,NA,NA,NA,80300931,3
2021-03_Geographe_BOSS,212,Biota,Macroalgae,Filamentous / filiform,NA,NA,NA,NA,NA,NA,NA,NA,80300930,17
2021-03_Geographe_BOSS,212,Biota,Seagrasses,Strap-like leaves,NA,NA,NA,NA,NA,NA,NA,NA,63600903,30
2021-03_Geographe_BOSS,212,Physical,Substrate,Unconsolidated (soft),Pebble / gravel,Biologenic,NA,NA,NA,NA,NA,NA,82001007,1
2021-03_Geographe_BOSS,212,Physical,Substrate,Unconsolidated (soft),Pebble / gravel,Gravel (2-10mm),NA,NA,NA,NA,NA,NA,82001011,2
2021-03_Geographe_BOSS,212,Physical,Substrate,Unconsolidated (soft),Sand / mud (<2mm),Coarse sand (with shell fragments),NA,NA,NA,NA,NA,NA,82001014,28
2021-03_Geographe_BOSS,213,Biota,Macroalgae,Erect coarse branching,Brown,NA,NA,NA,NA,NA,NA,NA,80300904,3
2021-03_Geographe_BOSS,213,Biota,Macroalgae,Erect coarse branching,Red,NA,NA,NA,NA,NA,NA,NA,80300906,1
2021-03_Geographe_BOSS,213,Biota,Macroalgae,Filamentous / filiform,Brown,NA,NA,NA,NA,NA,NA,NA,80300931,3
2021-03_Geographe_BOSS,213,Biota,Macroalgae,Filamentous / filiform,NA,NA,NA,NA,NA,NA,NA,NA,80300930,5
2021-03_Geographe_BOSS,213,Biota,Macroalgae,Laminate,Green,NA,NA,NA,NA,NA,NA,NA,80300920,1
2021-03_Geographe_BOSS,213,Biota,Macroalgae,NA,NA,NA,NA,NA,NA,NA,NA,NA,80300000,6
2021-03_Geographe_BOSS,213,Biota,Seagrasses,Elliptical leaves,NA,NA,NA,NA,NA,NA,NA,NA,63600902,1
2021-03_Geographe_BOSS,213,Biota,Seagrasses,Strap-like leaves,NA,NA,NA,NA,NA,NA,NA,NA,63600903,56
2021-03_Geographe_BOSS,213,Physical,Substrate,Unconsolidated (soft),Pebble / gravel,Gravel (2-10mm),NA,NA,NA,NA,NA,NA,82001011,6
2021-03_Geographe_BOSS,213,Physical,Substrate,Unconsolidated (soft),Sand / mud (<2mm),Coarse sand (with shell fragments),NA,NA,NA,NA,NA,NA,82001014,12
2021-03_Geographe_BOSS,215,Biota,Macroalgae,Erect coarse branching,Brown,NA,NA,NA,NA,NA,NA,NA,80300904,5
2021-03_Geographe_BOSS,215,Biota,Macroalgae,Erect fine branching,Green,NA,NA,NA,NA,NA,NA,NA,80300909,4
2021-03_Geographe_BOSS,215,Biota,Macroalgae,Filamentous / filiform,Brown,NA,NA,NA,NA,NA,NA,NA,80300931,2
2021-03_Geographe_BOSS,215,Biota,Macroalgae,Filamentous / filiform,NA,NA,NA,NA,NA,NA,NA,NA,80300930,7
2021-03_Geographe_BOSS,215,Biota,Macroalgae,NA,NA,NA,NA,NA,NA,NA,NA,NA,80300000,5
2021-03_Geographe_BOSS,215,Biota,Seagrasses,Strap-like leaves,NA,NA,NA,NA,NA,NA,NA,NA,63600903,63
2021-03_Geographe_BOSS,215,Biota,Sponges,Erect forms,NA,NA,NA,NA,NA,NA,NA,NA,10000912,1
2021-03_Geographe_BOSS,215,Biota,Sponges,NA,NA,NA,NA,NA,NA,NA,NA,NA,10000000,1
2021-03_Geographe_BOSS,215,Physical,Substrate,Unconsolidated (soft),Sand / mud (<2mm),Coarse sand (with shell fragments),NA,NA,NA,NA,NA,NA,82001014,4
2021-03_Geographe_BOSS,217,Biota,Seagrasses,Strap-like leaves,NA,NA,NA,NA,NA,NA,NA,NA,63600903,25
2021-03_Geographe_BOSS,217,Physical,Substrate,Unconsolidated (soft),Sand / mud (<2mm),Coarse sand (with shell fragments),NA,NA,NA,NA,NA,NA,82001014,78
2021-03_Geographe_BOSS,219,Biota,Macroalgae,Erect coarse branching,Brown,NA,NA,NA,NA,NA,NA,NA,80300904,2
2021-03_Geographe_BOSS,219,Biota,Macroalgae,Filamentous / filiform,NA,NA,NA,NA,NA,NA,NA,NA,80300930,2
2021-03_Geographe_BOSS,219,Biota,Macroalgae,NA,NA,NA,NA,NA,NA,NA,NA,NA,80300000,1
2021-03_Geographe_BOSS,219,Physical,Substrate,Unconsolidated (soft),Pebble / gravel,Biologenic,NA,NA,NA,NA,NA,NA,82001007,1
2021-03_Geographe_BOSS,219,Physical,Substrate,Unconsolidated (soft),Sand / mud (<2mm),Coarse sand (with shell fragments),NA,NA,NA,NA,NA,NA,82001014,98
2021-03_Geographe_BOSS,22,Biota,Macroalgae,Erect coarse branching,Brown,NA,NA,NA,NA,NA,NA,NA,80300904,4
2021-03_Geographe_BOSS,22,Biota,Macroalgae,Erect fine branching,Brown,NA,NA,NA,NA,NA,NA,NA,80300908,4
2021-03_Geographe_BOSS,22,Biota,Macroalgae,Erect fine branching,Green,NA,NA,NA,NA,NA,NA,NA,80300909,1
2021-03_Geographe_BOSS,22,Biota,Macroalgae,Filamentous / filiform,Brown,NA,NA,NA,NA,NA,NA,NA,80300931,1
2021-03_Geographe_BOSS,22,Biota,Macroalgae,Filamentous / filiform,NA,NA,NA,NA,NA,NA,NA,NA,80300930,20
2021-03_Geographe_BOSS,22,Biota,Macroalgae,Globose / saccate,Brown,NA,NA,NA,NA,NA,NA,NA,80300915,3
2021-03_Geographe_BOSS,22,Biota,Macroalgae,NA,NA,NA,NA,NA,NA,NA,NA,NA,80300000,8
2021-03_Geographe_BOSS,22,Biota,Seagrasses,Strap-like leaves,NA,NA,NA,NA,NA,NA,NA,NA,63600903,21
2021-03_Geographe_BOSS,22,Biota,Sponges,Crusts,NA,NA,NA,NA,NA,NA,NA,NA,10000901,2
2021-03_Geographe_BOSS,22,Physical,Substrate,Consolidated (hard),Rock,NA,NA,NA,NA,NA,NA,NA,82001002,21
2021-03_Geographe_BOSS,22,Physical,Substrate,Unconsolidated (soft),Sand / mud (<2mm),Coarse sand (with shell fragments),NA,NA,NA,NA,NA,NA,82001014,8
2021-03_Geographe_BOSS,221,Biota,Macroalgae,Erect coarse branching,Brown,NA,NA,NA,NA,NA,NA,NA,80300904,7
2021-03_Geographe_BOSS,221,Biota,Macroalgae,Filamentous / filiform,Red,NA,NA,NA,NA,NA,NA,NA,80300933,6
2021-03_Geographe_BOSS,221,Biota,Macroalgae,Filamentous / filiform,NA,NA,NA,NA,NA,NA,NA,NA,80300930,23
2021-03_Geographe_BOSS,221,Biota,Seagrasses,Strap-like leaves,NA,NA,NA,NA,NA,NA,NA,NA,63600903,53
2021-03_Geographe_BOSS,221,Physical,Substrate,Unconsolidated (soft),Sand / mud (<2mm),Coarse sand (with shell fragments),NA,NA,NA,NA,NA,NA,82001014,10
2021-03_Geographe_BOSS,223,Biota,Seagrasses,Strap-like leaves,NA,NA,NA,NA,NA,NA,NA,NA,63600903,96
2021-03_Geographe_BOSS,223,Physical,Substrate,Unconsolidated (soft),Sand / mud (<2mm),Coarse sand (with shell fragments),NA,NA,NA,NA,NA,NA,82001014,1
2021-03_Geographe_BOSS,224,Biota,Macroalgae,Filamentous / filiform,NA,NA,NA,NA,NA,NA,NA,NA,80300930,2
2021-03_Geographe_BOSS,224,Biota,Seagrasses,Strap-like leaves,NA,NA,NA,NA,NA,NA,NA,NA,63600903,91
2021-03_Geographe_BOSS,224,Physical,Substrate,Unconsolidated (soft),Sand / mud (<2mm),Coarse sand (with shell fragments),NA,NA,NA,NA,NA,NA,82001014,8
2021-03_Geographe_BOSS,225,Biota,Macroalgae,Erect coarse branching,Brown,NA,NA,NA,NA,NA,NA,NA,80300904,12
2021-03_Geographe_BOSS,225,Biota,Macroalgae,Filamentous / filiform,Brown,NA,NA,NA,NA,NA,NA,NA,80300931,10
2021-03_Geographe_BOSS,225,Biota,Macroalgae,Filamentous / filiform,NA,NA,NA,NA,NA,NA,NA,NA,80300930,9
2021-03_Geographe_BOSS,225,Biota,Macroalgae,Globose / saccate,Brown,NA,NA,NA,NA,NA,NA,NA,80300915,1
2021-03_Geographe_BOSS,225,Biota,Macroalgae,Globose / saccate,NA,NA,NA,NA,NA,NA,NA,NA,80300914,3
2021-03_Geographe_BOSS,225,Biota,Macroalgae,NA,NA,NA,NA,NA,NA,NA,NA,NA,80300000,6
2021-03_Geographe_BOSS,225,Biota,Seagrasses,Strap-like leaves,NA,NA,NA,NA,NA,NA,NA,NA,63600903,42
2021-03_Geographe_BOSS,225,Biota,Sponges,Erect forms,NA,NA,NA,NA,NA,NA,NA,NA,10000912,1
2021-03_Geographe_BOSS,225,Biota,Sponges,Massive forms,NA,NA,NA,NA,NA,NA,NA,NA,10000903,1
2021-03_Geographe_BOSS,225,Physical,Substrate,Consolidated (hard),Rock,NA,NA,NA,NA,NA,NA,NA,82001002,20
2021-03_Geographe_BOSS,226,Biota,Macroalgae,Erect coarse branching,Brown,NA,NA,NA,NA,NA,NA,NA,80300904,39
2021-03_Geographe_BOSS,226,Biota,Macroalgae,Erect fine branching,Brown,NA,NA,NA,NA,NA,NA,NA,80300908,23
2021-03_Geographe_BOSS,226,Biota,Macroalgae,Erect fine branching,Green,NA,NA,NA,NA,NA,NA,NA,80300909,5
2021-03_Geographe_BOSS,226,Biota,Macroalgae,Filamentous / filiform,Brown,NA,NA,NA,NA,NA,NA,NA,80300931,7
2021-03_Geographe_BOSS,226,Biota,Macroalgae,Filamentous / filiform,Red,NA,NA,NA,NA,NA,NA,NA,80300933,4
2021-03_Geographe_BOSS,226,Biota,Macroalgae,Filamentous / filiform,NA,NA,NA,NA,NA,NA,NA,NA,80300930,6
2021-03_Geographe_BOSS,226,Biota,Macroalgae,Sheet-like / membraneous,NA,NA,NA,NA,NA,NA,NA,NA,80300922,1
2021-03_Geographe_BOSS,226,Biota,Macroalgae,NA,NA,NA,NA,NA,NA,NA,NA,NA,80300000,1
2021-03_Geographe_BOSS,226,Biota,Seagrasses,Strap-like leaves,NA,NA,NA,NA,NA,NA,NA,NA,63600903,9
2021-03_Geographe_BOSS,226,Biota,Sponges,Massive forms,NA,NA,NA,NA,NA,NA,NA,NA,10000903,1
2021-03_Geographe_BOSS,226,Physical,Substrate,Consolidated (hard),Rock,NA,NA,NA,NA,NA,NA,NA,82001002,1
2021-03_Geographe_BOSS,227,Biota,Macroalgae,Erect coarse branching,Brown,NA,NA,NA,NA,NA,NA,NA,80300904,3
2021-03_Geographe_BOSS,227,Biota,Macroalgae,Filamentous / filiform,Red,NA,NA,NA,NA,NA,NA,NA,80300933,2
2021-03_Geographe_BOSS,227,Biota,Macroalgae,Filamentous / filiform,NA,NA,NA,NA,NA,NA,NA,NA,80300930,7
2021-03_Geographe_BOSS,227,Biota,Seagrasses,Strap-like leaves,NA,NA,NA,NA,NA,NA,NA,NA,63600903,70
2021-03_Geographe_BOSS,227,Physical,Substrate,Unconsolidated (soft),Sand / mud (<2mm),Coarse sand (with shell fragments),NA,NA,NA,NA,NA,NA,82001014,18
2021-03_Geographe_BOSS,23,Biota,Macroalgae,Erect coarse branching,Brown,NA,NA,NA,NA,NA,NA,NA,80300904,8
2021-03_Geographe_BOSS,23,Biota,Macroalgae,Erect fine branching,Brown,NA,NA,NA,NA,NA,NA,NA,80300908,10
2021-03_Geographe_BOSS,23,Biota,Macroalgae,Filamentous / filiform,Brown,NA,NA,NA,NA,NA,NA,NA,80300931,1
2021-03_Geographe_BOSS,23,Biota,Macroalgae,Filamentous / filiform,NA,NA,NA,NA,NA,NA,NA,NA,80300930,29
2021-03_Geographe_BOSS,23,Biota,Macroalgae,Laminate,Brown,NA,NA,NA,NA,NA,NA,NA,80300919,1
2021-03_Geographe_BOSS,23,Biota,Seagrasses,Strap-like leaves,NA,NA,NA,NA,NA,NA,NA,NA,63600903,22
2021-03_Geographe_BOSS,23,Physical,Substrate,Consolidated (hard),Rock,NA,NA,NA,NA,NA,NA,NA,82001002,29
2021-03_Geographe_BOSS,230,Biota,Macroalgae,Filamentous / filiform,NA,NA,NA,NA,NA,NA,NA,NA,80300930,20
2021-03_Geographe_BOSS,230,Biota,Seagrasses,Strap-like leaves,NA,NA,NA,NA,NA,NA,NA,NA,63600903,66
2021-03_Geographe_BOSS,230,Physical,Substrate,Consolidated (hard),Boulders,NA,NA,NA,NA,NA,NA,NA,82001003,1
2021-03_Geographe_BOSS,230,Physical,Substrate,Unconsolidated (soft),Sand / mud (<2mm),Coarse sand (with shell fragments),NA,NA,NA,NA,NA,NA,82001014,11
2021-03_Geographe_BOSS,231,Biota,Macroalgae,Erect coarse branching,Brown,NA,NA,NA,NA,NA,NA,NA,80300904,12
2021-03_Geographe_BOSS,231,Biota,Macroalgae,Filamentous / filiform,Brown,NA,NA,NA,NA,NA,NA,NA,80300931,2
2021-03_Geographe_BOSS,231,Biota,Macroalgae,Filamentous / filiform,NA,NA,NA,NA,NA,NA,NA,NA,80300930,11
2021-03_Geographe_BOSS,231,Biota,Seagrasses,Strap-like leaves,NA,NA,NA,NA,NA,NA,NA,NA,63600903,56
2021-03_Geographe_BOSS,231,Physical,Substrate,Unconsolidated (soft),Sand / mud (<2mm),Coarse sand (with shell fragments),NA,NA,NA,NA,NA,NA,82001014,14
2021-03_Geographe_BOSS,232,Biota,Macroalgae,Filamentous / filiform,Red,NA,NA,NA,NA,NA,NA,NA,80300933,1
2021-03_Geographe_BOSS,232,Biota,Macroalgae,Filamentous / filiform,NA,NA,NA,NA,NA,NA,NA,NA,80300930,2
2021-03_Geographe_BOSS,232,Biota,Macroalgae,NA,NA,NA,NA,NA,NA,NA,NA,NA,80300000,7
2021-03_Geographe_BOSS,232,Biota,Seagrasses,Strap-like leaves,NA,NA,NA,NA,NA,NA,NA,NA,63600903,89
2021-03_Geographe_BOSS,232,Biota,Sponges,Massive forms,NA,NA,NA,NA,NA,NA,NA,NA,10000903,1
2021-03_Geographe_BOSS,232,Physical,Substrate,Consolidated (hard),Rock,NA,NA,NA,NA,NA,NA,NA,82001002,3
2021-03_Geographe_BOSS,232,Physical,Substrate,Unconsolidated (soft),Sand / mud (<2mm),Coarse sand (with shell fragments),NA,NA,NA,NA,NA,NA,82001014,2
2021-03_Geographe_BOSS,234,Biota,Macroalgae,Filamentous / filiform,NA,NA,NA,NA,NA,NA,NA,NA,80300930,2
2021-03_Geographe_BOSS,234,Biota,Seagrasses,Strap-like leaves,NA,NA,NA,NA,NA,NA,NA,NA,63600903,54
2021-03_Geographe_BOSS,234,Physical,Substrate,Unconsolidated (soft),Sand / mud (<2mm),Coarse sand (with shell fragments),NA,NA,NA,NA,NA,NA,82001014,46
2021-03_Geographe_BOSS,235,Biota,Macroalgae,Erect coarse branching,Brown,NA,NA,NA,NA,NA,NA,NA,80300904,16
2021-03_Geographe_BOSS,235,Biota,Macroalgae,Erect fine branching,Brown,NA,NA,NA,NA,NA,NA,NA,80300908,1
2021-03_Geographe_BOSS,235,Biota,Macroalgae,Erect fine branching,Green,NA,NA,NA,NA,NA,NA,NA,80300909,2
2021-03_Geographe_BOSS,235,Biota,Macroalgae,Filamentous / filiform,Brown,NA,NA,NA,NA,NA,NA,NA,80300931,2
2021-03_Geographe_BOSS,235,Biota,Macroalgae,Filamentous / filiform,NA,NA,NA,NA,NA,NA,NA,NA,80300930,42
2021-03_Geographe_BOSS,235,Biota,Macroalgae,Laminate,Brown,NA,NA,NA,NA,NA,NA,NA,80300919,1
2021-03_Geographe_BOSS,235,Biota,Macroalgae,Laminate,Green,NA,NA,NA,NA,NA,NA,NA,80300920,1
2021-03_Geographe_BOSS,235,Biota,Macroalgae,Laminate,NA,NA,NA,NA,NA,NA,NA,NA,80300918,1
2021-03_Geographe_BOSS,235,Biota,Macroalgae,Sheet-like / membraneous,NA,NA,NA,NA,NA,NA,NA,NA,80300922,1
2021-03_Geographe_BOSS,235,Biota,Macroalgae,NA,NA,NA,NA,NA,NA,NA,NA,NA,80300000,5
2021-03_Geographe_BOSS,235,Biota,Seagrasses,Strap-like leaves,NA,NA,NA,NA,NA,NA,NA,NA,63600903,10
2021-03_Geographe_BOSS,235,Physical,Substrate,Consolidated (hard),Rock,NA,NA,NA,NA,NA,NA,NA,82001002,7
2021-03_Geographe_BOSS,235,Physical,Substrate,Unconsolidated (soft),Sand / mud (<2mm),Coarse sand (with shell fragments),NA,NA,NA,NA,NA,NA,82001014,8
2021-03_Geographe_BOSS,236,Physical,Substrate,Unconsolidated (soft),Sand / mud (<2mm),Coarse sand (with shell fragments),NA,NA,NA,NA,NA,NA,82001014,103
2021-03_Geographe_BOSS,237,Physical,Substrate,Unconsolidated (soft),Sand / mud (<2mm),Coarse sand (with shell fragments),NA,NA,NA,NA,NA,NA,82001014,105
2021-03_Geographe_BOSS,238,Biota,Seagrasses,Elliptical leaves,NA,NA,NA,NA,NA,NA,NA,NA,63600902,5
2021-03_Geographe_BOSS,238,Physical,Substrate,Unconsolidated (soft),Sand / mud (<2mm),Coarse sand (with shell fragments),NA,NA,NA,NA,NA,NA,82001014,98
2021-03_Geographe_BOSS,239,Biota,Macroalgae,Filamentous / filiform,Brown,NA,NA,NA,NA,NA,NA,NA,80300931,6
2021-03_Geographe_BOSS,239,Biota,Macroalgae,Filamentous / filiform,NA,NA,NA,NA,NA,NA,NA,NA,80300930,3
2021-03_Geographe_BOSS,239,Biota,Seagrasses,Strap-like leaves,NA,NA,NA,NA,NA,NA,NA,NA,63600903,78
2021-03_Geographe_BOSS,239,Physical,Substrate,Consolidated (hard),Rock,NA,NA,NA,NA,NA,NA,NA,82001002,1
2021-03_Geographe_BOSS,239,Physical,Substrate,Unconsolidated (soft),Sand / mud (<2mm),Coarse sand (with shell fragments),NA,NA,NA,NA,NA,NA,82001014,15
2021-03_Geographe_BOSS,24,Biota,Macroalgae,Erect coarse branching,Brown,NA,NA,NA,NA,NA,NA,NA,80300904,2
2021-03_Geographe_BOSS,24,Biota,Macroalgae,Filamentous / filiform,NA,NA,NA,NA,NA,NA,NA,NA,80300930,11
2021-03_Geographe_BOSS,24,Biota,Macroalgae,Laminate,NA,NA,NA,NA,NA,NA,NA,NA,80300918,1
2021-03_Geographe_BOSS,24,Biota,Macroalgae,NA,NA,NA,NA,NA,NA,NA,NA,NA,80300000,13
2021-03_Geographe_BOSS,24,Biota,Seagrasses,Strap-like leaves,NA,NA,NA,NA,NA,NA,NA,NA,63600903,56
2021-03_Geographe_BOSS,24,Physical,Substrate,Unconsolidated (soft),Sand / mud (<2mm),Coarse sand (with shell fragments),NA,NA,NA,NA,NA,NA,82001014,7
2021-03_Geographe_BOSS,240,Biota,Macroalgae,Erect coarse branching,Brown,NA,NA,NA,NA,NA,NA,NA,80300904,6
2021-03_Geographe_BOSS,240,Biota,Macroalgae,Erect coarse branching,Red,NA,NA,NA,NA,NA,NA,NA,80300906,1
2021-03_Geographe_BOSS,240,Biota,Macroalgae,Erect fine branching,Green,NA,NA,NA,NA,NA,NA,NA,80300909,3
2021-03_Geographe_BOSS,240,Biota,Macroalgae,Filamentous / filiform,Brown,NA,NA,NA,NA,NA,NA,NA,80300931,1
2021-03_Geographe_BOSS,240,Biota,Macroalgae,Filamentous / filiform,Red,NA,NA,NA,NA,NA,NA,NA,80300933,6
2021-03_Geographe_BOSS,240,Biota,Macroalgae,Filamentous / filiform,NA,NA,NA,NA,NA,NA,NA,NA,80300930,30
2021-03_Geographe_BOSS,240,Biota,Macroalgae,Laminate,Brown,NA,NA,NA,NA,NA,NA,NA,80300919,1
2021-03_Geographe_BOSS,240,Biota,Macroalgae,NA,NA,NA,NA,NA,NA,NA,NA,NA,80300000,7
2021-03_Geographe_BOSS,240,Biota,Seagrasses,Elliptical leaves,NA,NA,NA,NA,NA,NA,NA,NA,63600902,2
2021-03_Geographe_BOSS,240,Biota,Seagrasses,Strap-like leaves,NA,NA,NA,NA,NA,NA,NA,NA,63600903,23
2021-03_Geographe_BOSS,240,Physical,Substrate,Unconsolidated (soft),Sand / mud (<2mm),Coarse sand (with shell fragments),NA,NA,NA,NA,NA,NA,82001014,5
2021-03_Geographe_BOSS,241,Biota,Macroalgae,Erect coarse branching,Brown,NA,NA,NA,NA,NA,NA,NA,80300904,9
2021-03_Geographe_BOSS,241,Biota,Macroalgae,Filamentous / filiform,Brown,NA,NA,NA,NA,NA,NA,NA,80300931,1
2021-03_Geographe_BOSS,241,Biota,Macroalgae,Filamentous / filiform,NA,NA,NA,NA,NA,NA,NA,NA,80300930,25
2021-03_Geographe_BOSS,241,Biota,Macroalgae,Globose / saccate,NA,NA,NA,NA,NA,NA,NA,NA,80300914,1
2021-03_Geographe_BOSS,241,Biota,Macroalgae,NA,NA,NA,NA,NA,NA,NA,NA,NA,80300000,2
2021-03_Geographe_BOSS,241,Biota,Seagrasses,Strap-like leaves,NA,NA,NA,NA,NA,NA,NA,NA,63600903,59
2021-03_Geographe_BOSS,241,Biota,Sponges,Erect forms,NA,NA,NA,NA,NA,NA,NA,NA,10000912,2
2021-03_Geographe_BOSS,241,Physical,Substrate,Unconsolidated (soft),Sand / mud (<2mm),Coarse sand (with shell fragments),NA,NA,NA,NA,NA,NA,82001014,1
2021-03_Geographe_BOSS,242,Biota,Macroalgae,Filamentous / filiform,NA,NA,NA,NA,NA,NA,NA,NA,80300930,2
2021-03_Geographe_BOSS,242,Biota,Macroalgae,NA,NA,NA,NA,NA,NA,NA,NA,NA,80300000,1
2021-03_Geographe_BOSS,242,Biota,Seagrasses,Strap-like leaves,NA,NA,NA,NA,NA,NA,NA,NA,63600903,43
2021-03_Geographe_BOSS,242,Physical,Substrate,Unconsolidated (soft),Sand / mud (<2mm),Coarse sand (with shell fragments),NA,NA,NA,NA,NA,NA,82001014,48
2021-03_Geographe_BOSS,244,Biota,Macroalgae,Filamentous / filiform,NA,NA,NA,NA,NA,NA,NA,NA,80300930,8
2021-03_Geographe_BOSS,244,Biota,Seagrasses,Strap-like leaves,NA,NA,NA,NA,NA,NA,NA,NA,63600903,91
2021-03_Geographe_BOSS,244,Physical,Substrate,Unconsolidated (soft),Sand / mud (<2mm),Coarse sand (with shell fragments),NA,NA,NA,NA,NA,NA,82001014,4
2021-03_Geographe_BOSS,245,Biota,Macroalgae,Erect coarse branching,Brown,NA,NA,NA,NA,NA,NA,NA,80300904,8
2021-03_Geographe_BOSS,245,Biota,Macroalgae,Erect coarse branching,Red,NA,NA,NA,NA,NA,NA,NA,80300906,4
2021-03_Geographe_BOSS,245,Biota,Macroalgae,Filamentous / filiform,NA,NA,NA,NA,NA,NA,NA,NA,80300930,34
2021-03_Geographe_BOSS,245,Biota,Macroalgae,NA,NA,NA,NA,NA,NA,NA,NA,NA,80300000,10
2021-03_Geographe_BOSS,245,Biota,Seagrasses,Strap-like leaves,NA,NA,NA,NA,NA,NA,NA,NA,63600903,36
2021-03_Geographe_BOSS,245,Biota,Sponges,Erect forms,NA,NA,NA,NA,NA,NA,NA,NA,10000912,1
2021-03_Geographe_BOSS,245,Biota,Sponges,Massive forms,NA,NA,NA,NA,NA,NA,NA,NA,10000903,2
2021-03_Geographe_BOSS,245,Physical,Substrate,Consolidated (hard),Rock,NA,NA,NA,NA,NA,NA,NA,82001002,2
2021-03_Geographe_BOSS,245,Physical,Substrate,Unconsolidated (soft),Sand / mud (<2mm),Coarse sand (with shell fragments),NA,NA,NA,NA,NA,NA,82001014,4
2021-03_Geographe_BOSS,247,Biota,Macroalgae,Filamentous / filiform,NA,NA,NA,NA,NA,NA,NA,NA,80300930,17
2021-03_Geographe_BOSS,247,Biota,Macroalgae,NA,NA,NA,NA,NA,NA,NA,NA,NA,80300000,1
2021-03_Geographe_BOSS,247,Biota,Seagrasses,Elliptical leaves,NA,NA,NA,NA,NA,NA,NA,NA,63600902,8
2021-03_Geographe_BOSS,247,Biota,Seagrasses,Strap-like leaves,NA,NA,NA,NA,NA,NA,NA,NA,63600903,47
2021-03_Geographe_BOSS,247,Physical,Substrate,Consolidated (hard),Boulders,NA,NA,NA,NA,NA,NA,NA,82001003,1
2021-03_Geographe_BOSS,247,Physical,Substrate,Unconsolidated (soft),Sand / mud (<2mm),Coarse sand (with shell fragments),NA,NA,NA,NA,NA,NA,82001014,29
2021-03_Geographe_BOSS,248,Biota,Macroalgae,Erect coarse branching,Brown,NA,NA,NA,NA,NA,NA,NA,80300904,4
2021-03_Geographe_BOSS,248,Biota,Macroalgae,Erect fine branching,Brown,NA,NA,NA,NA,NA,NA,NA,80300908,1
2021-03_Geographe_BOSS,248,Biota,Macroalgae,Filamentous / filiform,Brown,NA,NA,NA,NA,NA,NA,NA,80300931,4
2021-03_Geographe_BOSS,248,Biota,Macroalgae,Filamentous / filiform,NA,NA,NA,NA,NA,NA,NA,NA,80300930,34
2021-03_Geographe_BOSS,248,Biota,Seagrasses,Strap-like leaves,NA,NA,NA,NA,NA,NA,NA,NA,63600903,52
2021-03_Geographe_BOSS,248,Physical,Substrate,Consolidated (hard),Rock,NA,NA,NA,NA,NA,NA,NA,82001002,2
2021-03_Geographe_BOSS,248,Physical,Substrate,Unconsolidated (soft),Sand / mud (<2mm),Coarse sand (with shell fragments),NA,NA,NA,NA,NA,NA,82001014,4
2021-03_Geographe_BOSS,25,Biota,Macroalgae,Filamentous / filiform,NA,NA,NA,NA,NA,NA,NA,NA,80300930,17
2021-03_Geographe_BOSS,25,Biota,Macroalgae,Laminate,NA,NA,NA,NA,NA,NA,NA,NA,80300918,1
2021-03_Geographe_BOSS,25,Biota,Macroalgae,NA,NA,NA,NA,NA,NA,NA,NA,NA,80300000,4
2021-03_Geographe_BOSS,25,Biota,Seagrasses,Strap-like leaves,NA,NA,NA,NA,NA,NA,NA,NA,63600903,63
2021-03_Geographe_BOSS,25,Physical,Substrate,Unconsolidated (soft),Sand / mud (<2mm),Coarse sand (with shell fragments),NA,NA,NA,NA,NA,NA,82001014,19
2021-03_Geographe_BOSS,26,Biota,Macroalgae,Filamentous / filiform,NA,NA,NA,NA,NA,NA,NA,NA,80300930,13
2021-03_Geographe_BOSS,26,Biota,Macroalgae,NA,NA,NA,NA,NA,NA,NA,NA,NA,80300000,2
2021-03_Geographe_BOSS,26,Biota,Seagrasses,Strap-like leaves,NA,NA,NA,NA,NA,NA,NA,NA,63600903,62
2021-03_Geographe_BOSS,26,Physical,Substrate,Unconsolidated (soft),Pebble / gravel,Gravel (2-10mm),NA,NA,NA,NA,NA,NA,82001011,1
2021-03_Geographe_BOSS,26,Physical,Substrate,Unconsolidated (soft),Sand / mud (<2mm),Coarse sand (with shell fragments),NA,NA,NA,NA,NA,NA,82001014,12
2021-03_Geographe_BOSS,27,Biota,Macroalgae,Filamentous / filiform,NA,NA,NA,NA,NA,NA,NA,NA,80300930,4
2021-03_Geographe_BOSS,27,Biota,Seagrasses,Strap-like leaves,NA,NA,NA,NA,NA,NA,NA,NA,63600903,93
2021-03_Geographe_BOSS,27,Physical,Substrate,Consolidated (hard),Rock,NA,NA,NA,NA,NA,NA,NA,82001002,2
2021-03_Geographe_BOSS,28,Biota,Macroalgae,Filamentous / filiform,NA,NA,NA,NA,NA,NA,NA,NA,80300930,9
2021-03_Geographe_BOSS,28,Biota,Seagrasses,Strap-like leaves,NA,NA,NA,NA,NA,NA,NA,NA,63600903,61
2021-03_Geographe_BOSS,28,Physical,Substrate,Unconsolidated (soft),Sand / mud (<2mm),Coarse sand (with shell fragments),NA,NA,NA,NA,NA,NA,82001014,19
2021-03_Geographe_BOSS,29,Biota,Macroalgae,Filamentous / filiform,NA,NA,NA,NA,NA,NA,NA,NA,80300930,5
2021-03_Geographe_BOSS,29,Biota,Seagrasses,Strap-like leaves,NA,NA,NA,NA,NA,NA,NA,NA,63600903,91
2021-03_Geographe_BOSS,3,Biota,Macroalgae,Filamentous / filiform,NA,NA,NA,NA,NA,NA,NA,NA,80300930,2
2021-03_Geographe_BOSS,3,Biota,Macroalgae,NA,NA,NA,NA,NA,NA,NA,NA,NA,80300000,2
2021-03_Geographe_BOSS,3,Biota,Seagrasses,Strap-like leaves,NA,NA,NA,NA,NA,NA,NA,NA,63600903,69
2021-03_Geographe_BOSS,3,Physical,Substrate,Unconsolidated (soft),Sand / mud (<2mm),Coarse sand (with shell fragments),NA,NA,NA,NA,NA,NA,82001014,22
2021-03_Geographe_BOSS,30,Biota,Macroalgae,Erect coarse branching,Brown,NA,NA,NA,NA,NA,NA,NA,80300904,4
2021-03_Geographe_BOSS,30,Biota,Macroalgae,Filamentous / filiform,NA,NA,NA,NA,NA,NA,NA,NA,80300930,8
2021-03_Geographe_BOSS,30,Biota,Seagrasses,Strap-like leaves,NA,NA,NA,NA,NA,NA,NA,NA,63600903,83
2021-03_Geographe_BOSS,30,Physical,Substrate,Unconsolidated (soft),Sand / mud (<2mm),Coarse sand (with shell fragments),NA,NA,NA,NA,NA,NA,82001014,1
2021-03_Geographe_BOSS,31,Biota,Macroalgae,Filamentous / filiform,NA,NA,NA,NA,NA,NA,NA,NA,80300930,21
2021-03_Geographe_BOSS,31,Biota,Macroalgae,NA,NA,NA,NA,NA,NA,NA,NA,NA,80300000,2
2021-03_Geographe_BOSS,31,Biota,Seagrasses,Strap-like leaves,NA,NA,NA,NA,NA,NA,NA,NA,63600903,53
2021-03_Geographe_BOSS,31,Physical,Substrate,Unconsolidated (soft),Sand / mud (<2mm),Coarse sand (with shell fragments),NA,NA,NA,NA,NA,NA,82001014,7
2021-03_Geographe_BOSS,32,Biota,Macroalgae,Erect coarse branching,Brown,NA,NA,NA,NA,NA,NA,NA,80300904,1
2021-03_Geographe_BOSS,32,Biota,Macroalgae,Filamentous / filiform,NA,NA,NA,NA,NA,NA,NA,NA,80300930,22
2021-03_Geographe_BOSS,32,Biota,Macroalgae,Laminate,NA,NA,NA,NA,NA,NA,NA,NA,80300918,1
2021-03_Geographe_BOSS,32,Biota,Macroalgae,NA,NA,NA,NA,NA,NA,NA,NA,NA,80300000,5
2021-03_Geographe_BOSS,32,Biota,Seagrasses,Strap-like leaves,NA,NA,NA,NA,NA,NA,NA,NA,63600903,55
2021-03_Geographe_BOSS,32,Physical,Substrate,Consolidated (hard),Rock,NA,NA,NA,NA,NA,NA,NA,82001002,17
2021-03_Geographe_BOSS,32,Physical,Substrate,Unconsolidated (soft),Sand / mud (<2mm),Coarse sand (with shell fragments),NA,NA,NA,NA,NA,NA,82001014,1
2021-03_Geographe_BOSS,33,Biota,Macroalgae,NA,NA,NA,NA,NA,NA,NA,NA,NA,80300000,1
2021-03_Geographe_BOSS,33,Biota,Seagrasses,Strap-like leaves,NA,NA,NA,NA,NA,NA,NA,NA,63600903,98
2021-03_Geographe_BOSS,33,Physical,Substrate,Unconsolidated (soft),Sand / mud (<2mm),Coarse sand (with shell fragments),NA,NA,NA,NA,NA,NA,82001014,2
2021-03_Geographe_BOSS,34,Biota,Macroalgae,Filamentous / filiform,NA,NA,NA,NA,NA,NA,NA,NA,80300930,6
2021-03_Geographe_BOSS,34,Biota,Macroalgae,NA,NA,NA,NA,NA,NA,NA,NA,NA,80300000,2
2021-03_Geographe_BOSS,34,Biota,Seagrasses,Strap-like leaves,NA,NA,NA,NA,NA,NA,NA,NA,63600903,80
2021-03_Geographe_BOSS,34,Physical,Substrate,Unconsolidated (soft),Sand / mud (<2mm),Coarse sand (with shell fragments),NA,NA,NA,NA,NA,NA,82001014,8
2021-03_Geographe_BOSS,35,Biota,Seagrasses,Strap-like leaves,NA,NA,NA,NA,NA,NA,NA,NA,63600903,82
2021-03_Geographe_BOSS,35,Physical,Substrate,Unconsolidated (soft),Sand / mud (<2mm),Coarse sand (with shell fragments),NA,NA,NA,NA,NA,NA,82001014,18
2021-03_Geographe_BOSS,36,Biota,Macroalgae,Erect coarse branching,Brown,NA,NA,NA,NA,NA,NA,NA,80300904,1
2021-03_Geographe_BOSS,36,Biota,Macroalgae,Filamentous / filiform,Brown,NA,NA,NA,NA,NA,NA,NA,80300931,9
2021-03_Geographe_BOSS,36,Biota,Macroalgae,Filamentous / filiform,NA,NA,NA,NA,NA,NA,NA,NA,80300930,6
2021-03_Geographe_BOSS,36,Biota,Macroalgae,Globose / saccate,NA,NA,NA,NA,NA,NA,NA,NA,80300914,1
2021-03_Geographe_BOSS,36,Biota,Macroalgae,NA,NA,NA,NA,NA,NA,NA,NA,NA,80300000,4
2021-03_Geographe_BOSS,36,Biota,Seagrasses,Elliptical leaves,NA,NA,NA,NA,NA,NA,NA,NA,63600902,5
2021-03_Geographe_BOSS,36,Biota,Seagrasses,Strap-like leaves,NA,NA,NA,NA,NA,NA,NA,NA,63600903,59
2021-03_Geographe_BOSS,36,Physical,Substrate,Consolidated (hard),Rock,NA,NA,NA,NA,NA,NA,NA,82001002,2
2021-03_Geographe_BOSS,36,Physical,Substrate,Unconsolidated (soft),Sand / mud (<2mm),Coarse sand (with shell fragments),NA,NA,NA,NA,NA,NA,82001014,8
2021-03_Geographe_BOSS,37,Biota,Macroalgae,Filamentous / filiform,NA,NA,NA,NA,NA,NA,NA,NA,80300930,8
2021-03_Geographe_BOSS,37,Biota,Seagrasses,Strap-like leaves,NA,NA,NA,NA,NA,NA,NA,NA,63600903,78
2021-03_Geographe_BOSS,37,Physical,Substrate,Consolidated (hard),Rock,NA,NA,NA,NA,NA,NA,NA,82001002,13
2021-03_Geographe_BOSS,37,Physical,Substrate,Unconsolidated (soft),Sand / mud (<2mm),Coarse sand (with shell fragments),NA,NA,NA,NA,NA,NA,82001014,2
2021-03_Geographe_BOSS,38,Biota,Macroalgae,Erect coarse branching,Brown,NA,NA,NA,NA,NA,NA,NA,80300904,1
2021-03_Geographe_BOSS,38,Biota,Macroalgae,Filamentous / filiform,NA,NA,NA,NA,NA,NA,NA,NA,80300930,2
2021-03_Geographe_BOSS,38,Biota,Seagrasses,Strap-like leaves,NA,NA,NA,NA,NA,NA,NA,NA,63600903,91
2021-03_Geographe_BOSS,38,Physical,Substrate,Unconsolidated (soft),Sand / mud (<2mm),Coarse sand (with shell fragments),NA,NA,NA,NA,NA,NA,82001014,1
2021-03_Geographe_BOSS,39,Biota,Macroalgae,Filamentous / filiform,NA,NA,NA,NA,NA,NA,NA,NA,80300930,7
2021-03_Geographe_BOSS,39,Biota,Seagrasses,Strap-like leaves,NA,NA,NA,NA,NA,NA,NA,NA,63600903,95
2021-03_Geographe_BOSS,39,Physical,Substrate,Unconsolidated (soft),Sand / mud (<2mm),Coarse sand (with shell fragments),NA,NA,NA,NA,NA,NA,82001014,2
2021-03_Geographe_BOSS,4,Biota,Macroalgae,Erect coarse branching,Brown,NA,NA,NA,NA,NA,NA,NA,80300904,1
2021-03_Geographe_BOSS,4,Biota,Macroalgae,Filamentous / filiform,NA,NA,NA,NA,NA,NA,NA,NA,80300930,9
2021-03_Geographe_BOSS,4,Biota,Seagrasses,Strap-like leaves,NA,NA,NA,NA,NA,NA,NA,NA,63600903,86
2021-03_Geographe_BOSS,40,Biota,Ascidians,NA,NA,NA,NA,NA,NA,NA,NA,NA,35000000,1
2021-03_Geographe_BOSS,40,Biota,Macroalgae,Filamentous / filiform,NA,NA,NA,NA,NA,NA,NA,NA,80300930,5
2021-03_Geographe_BOSS,40,Biota,Seagrasses,Strap-like leaves,NA,NA,NA,NA,NA,NA,NA,NA,63600903,95
2021-03_Geographe_BOSS,41,Biota,Macroalgae,NA,NA,NA,NA,NA,NA,NA,NA,NA,80300000,3
2021-03_Geographe_BOSS,41,Biota,Seagrasses,Strap-like leaves,NA,NA,NA,NA,NA,NA,NA,NA,63600903,99
2021-03_Geographe_BOSS,41,Physical,Substrate,Unconsolidated (soft),Sand / mud (<2mm),Coarse sand (with shell fragments),NA,NA,NA,NA,NA,NA,82001014,1
2021-03_Geographe_BOSS,42,Biota,Macroalgae,Filamentous / filiform,NA,NA,NA,NA,NA,NA,NA,NA,80300930,9
2021-03_Geographe_BOSS,42,Biota,Macroalgae,NA,NA,NA,NA,NA,NA,NA,NA,NA,80300000,23
2021-03_Geographe_BOSS,42,Biota,Seagrasses,Strap-like leaves,NA,NA,NA,NA,NA,NA,NA,NA,63600903,55
2021-03_Geographe_BOSS,42,Physical,Substrate,Unconsolidated (soft),Sand / mud (<2mm),Coarse sand (with shell fragments),NA,NA,NA,NA,NA,NA,82001014,13
2021-03_Geographe_BOSS,43,Biota,Macroalgae,Erect coarse branching,Brown,NA,NA,NA,NA,NA,NA,NA,80300904,1
2021-03_Geographe_BOSS,43,Biota,Macroalgae,Filamentous / filiform,NA,NA,NA,NA,NA,NA,NA,NA,80300930,13
2021-03_Geographe_BOSS,43,Biota,Macroalgae,NA,NA,NA,NA,NA,NA,NA,NA,NA,80300000,3
2021-03_Geographe_BOSS,43,Biota,Seagrasses,Strap-like leaves,NA,NA,NA,NA,NA,NA,NA,NA,63600903,56
2021-03_Geographe_BOSS,43,Physical,Substrate,Consolidated (hard),Rock,NA,NA,NA,NA,NA,NA,NA,82001002,2
2021-03_Geographe_BOSS,43,Physical,Substrate,Unconsolidated (soft),Sand / mud (<2mm),Coarse sand (with shell fragments),NA,NA,NA,NA,NA,NA,82001014,13
2021-03_Geographe_BOSS,44,Biota,Macroalgae,Filamentous / filiform,NA,NA,NA,NA,NA,NA,NA,NA,80300930,4
2021-03_Geographe_BOSS,44,Biota,Seagrasses,Strap-like leaves,NA,NA,NA,NA,NA,NA,NA,NA,63600903,56
2021-03_Geographe_BOSS,44,Physical,Substrate,Consolidated (hard),Rock,NA,NA,NA,NA,NA,NA,NA,82001002,2
2021-03_Geographe_BOSS,44,Physical,Substrate,Unconsolidated (soft),Sand / mud (<2mm),Coarse sand (with shell fragments),NA,NA,NA,NA,NA,NA,82001014,35
2021-03_Geographe_BOSS,45,Biota,Macroalgae,Globose / saccate,Brown,NA,NA,NA,NA,NA,NA,NA,80300915,3
2021-03_Geographe_BOSS,45,Biota,Macroalgae,NA,NA,NA,NA,NA,NA,NA,NA,NA,80300000,4
2021-03_Geographe_BOSS,45,Biota,Seagrasses,Strap-like leaves,NA,NA,NA,NA,NA,NA,NA,NA,63600903,66
2021-03_Geographe_BOSS,45,Physical,Substrate,Unconsolidated (soft),Pebble / gravel,Gravel (2-10mm),NA,NA,NA,NA,NA,NA,82001011,8
2021-03_Geographe_BOSS,45,Physical,Substrate,Unconsolidated (soft),Sand / mud (<2mm),Coarse sand (with shell fragments),NA,NA,NA,NA,NA,NA,82001014,20
2021-03_Geographe_BOSS,46,Physical,Substrate,Unconsolidated (soft),Sand / mud (<2mm),Coarse sand (with shell fragments),NA,NA,NA,NA,NA,NA,82001014,94
2021-03_Geographe_BOSS,47,Biota,Macroalgae,Erect coarse branching,Brown,NA,NA,NA,NA,NA,NA,NA,80300904,1
2021-03_Geographe_BOSS,47,Biota,Macroalgae,Filamentous / filiform,Brown,NA,NA,NA,NA,NA,NA,NA,80300931,4
2021-03_Geographe_BOSS,47,Biota,Macroalgae,Filamentous / filiform,NA,NA,NA,NA,NA,NA,NA,NA,80300930,32
2021-03_Geographe_BOSS,47,Biota,Macroalgae,Globose / saccate,Brown,NA,NA,NA,NA,NA,NA,NA,80300915,1
2021-03_Geographe_BOSS,47,Biota,Macroalgae,Laminate,Brown,NA,NA,NA,NA,NA,NA,NA,80300919,2
2021-03_Geographe_BOSS,47,Biota,Macroalgae,Laminate,Green,NA,NA,NA,NA,NA,NA,NA,80300920,1
2021-03_Geographe_BOSS,47,Biota,Macroalgae,Laminate,NA,NA,NA,NA,NA,NA,NA,NA,80300918,2
2021-03_Geographe_BOSS,47,Biota,Macroalgae,NA,NA,NA,NA,NA,NA,NA,NA,NA,80300000,4
2021-03_Geographe_BOSS,47,Biota,Seagrasses,Strap-like leaves,NA,NA,NA,NA,NA,NA,NA,NA,63600903,30
2021-03_Geographe_BOSS,47,Biota,Sponges,Crusts,Encrusting,NA,NA,NA,NA,NA,NA,NA,10000902,1
2021-03_Geographe_BOSS,47,Biota,Sponges,Erect forms,NA,NA,NA,NA,NA,NA,NA,NA,10000912,1
2021-03_Geographe_BOSS,47,Physical,Substrate,Consolidated (hard),Rock,NA,NA,NA,NA,NA,NA,NA,82001002,22
2021-03_Geographe_BOSS,48,Biota,Seagrasses,Strap-like leaves,NA,NA,NA,NA,NA,NA,NA,NA,63600903,93
2021-03_Geographe_BOSS,48,Physical,Substrate,Unconsolidated (soft),Sand / mud (<2mm),Coarse sand (with shell fragments),NA,NA,NA,NA,NA,NA,82001014,2
2021-03_Geographe_BOSS,49,Biota,Macroalgae,Erect coarse branching,Brown,NA,NA,NA,NA,NA,NA,NA,80300904,1
2021-03_Geographe_BOSS,49,Biota,Macroalgae,Filamentous / filiform,NA,NA,NA,NA,NA,NA,NA,NA,80300930,8
2021-03_Geographe_BOSS,49,Biota,Macroalgae,Laminate,NA,NA,NA,NA,NA,NA,NA,NA,80300918,1
2021-03_Geographe_BOSS,49,Biota,Seagrasses,Strap-like leaves,NA,NA,NA,NA,NA,NA,NA,NA,63600903,64
2021-03_Geographe_BOSS,49,Physical,Substrate,Unconsolidated (soft),Sand / mud (<2mm),Coarse sand (with shell fragments),NA,NA,NA,NA,NA,NA,82001014,21
2021-03_Geographe_BOSS,5,Biota,Macroalgae,Erect coarse branching,Brown,NA,NA,NA,NA,NA,NA,NA,80300904,3
2021-03_Geographe_BOSS,5,Biota,Macroalgae,Filamentous / filiform,Brown,NA,NA,NA,NA,NA,NA,NA,80300931,2
2021-03_Geographe_BOSS,5,Biota,Macroalgae,Filamentous / filiform,NA,NA,NA,NA,NA,NA,NA,NA,80300930,9
2021-03_Geographe_BOSS,5,Biota,Macroalgae,Globose / saccate,Brown,NA,NA,NA,NA,NA,NA,NA,80300915,1
2021-03_Geographe_BOSS,5,Biota,Macroalgae,NA,NA,NA,NA,NA,NA,NA,NA,NA,80300000,2
2021-03_Geographe_BOSS,5,Biota,Seagrasses,Strap-like leaves,NA,NA,NA,NA,NA,NA,NA,NA,63600903,71
2021-03_Geographe_BOSS,5,Physical,Substrate,Unconsolidated (soft),Sand / mud (<2mm),Coarse sand (with shell fragments),NA,NA,NA,NA,NA,NA,82001014,9
2021-03_Geographe_BOSS,50,Biota,Macroalgae,Filamentous / filiform,NA,NA,NA,NA,NA,NA,NA,NA,80300930,6
2021-03_Geographe_BOSS,50,Biota,Seagrasses,Strap-like leaves,NA,NA,NA,NA,NA,NA,NA,NA,63600903,93
2021-03_Geographe_BOSS,51,Biota,Macroalgae,Filamentous / filiform,Brown,NA,NA,NA,NA,NA,NA,NA,80300931,5
2021-03_Geographe_BOSS,51,Biota,Macroalgae,Filamentous / filiform,NA,NA,NA,NA,NA,NA,NA,NA,80300930,1
2021-03_Geographe_BOSS,51,Biota,Seagrasses,Strap-like leaves,NA,NA,NA,NA,NA,NA,NA,NA,63600903,20
2021-03_Geographe_BOSS,51,Physical,Substrate,Unconsolidated (soft),Sand / mud (<2mm),Coarse sand (with shell fragments),NA,NA,NA,NA,NA,NA,82001014,78
2021-03_Geographe_BOSS,52,Biota,Seagrasses,Strap-like leaves,NA,NA,NA,NA,NA,NA,NA,NA,63600903,4
2021-03_Geographe_BOSS,52,Physical,Substrate,Unconsolidated (soft),Sand / mud (<2mm),Coarse sand (with shell fragments),NA,NA,NA,NA,NA,NA,82001014,97
2021-03_Geographe_BOSS,53,Biota,Macroalgae,Filamentous / filiform,Brown,NA,NA,NA,NA,NA,NA,NA,80300931,1
2021-03_Geographe_BOSS,53,Biota,Macroalgae,Filamentous / filiform,NA,NA,NA,NA,NA,NA,NA,NA,80300930,7
2021-03_Geographe_BOSS,53,Biota,Macroalgae,NA,NA,NA,NA,NA,NA,NA,NA,NA,80300000,15
2021-03_Geographe_BOSS,53,Biota,Seagrasses,Elliptical leaves,NA,NA,NA,NA,NA,NA,NA,NA,63600902,2
2021-03_Geographe_BOSS,53,Biota,Seagrasses,Strap-like leaves,NA,NA,NA,NA,NA,NA,NA,NA,63600903,58
2021-03_Geographe_BOSS,53,Physical,Substrate,Unconsolidated (soft),Sand / mud (<2mm),Coarse sand (with shell fragments),NA,NA,NA,NA,NA,NA,82001014,20
2021-03_Geographe_BOSS,54,Biota,Macroalgae,Filamentous / filiform,Brown,NA,NA,NA,NA,NA,NA,NA,80300931,2
2021-03_Geographe_BOSS,54,Biota,Macroalgae,Filamentous / filiform,NA,NA,NA,NA,NA,NA,NA,NA,80300930,1
2021-03_Geographe_BOSS,54,Biota,Seagrasses,Strap-like leaves,NA,NA,NA,NA,NA,NA,NA,NA,63600903,9
2021-03_Geographe_BOSS,54,Physical,Substrate,Unconsolidated (soft),Pebble / gravel,Biologenic,NA,NA,NA,NA,NA,NA,82001007,1
2021-03_Geographe_BOSS,54,Physical,Substrate,Unconsolidated (soft),Sand / mud (<2mm),Coarse sand (with shell fragments),NA,NA,NA,NA,NA,NA,82001014,89
2021-03_Geographe_BOSS,55,Biota,Macroalgae,Laminate,Green,NA,NA,NA,NA,NA,NA,NA,80300920,1
2021-03_Geographe_BOSS,55,Biota,Macroalgae,NA,NA,NA,NA,NA,NA,NA,NA,NA,80300000,11
2021-03_Geographe_BOSS,55,Biota,Seagrasses,Strap-like leaves,NA,NA,NA,NA,NA,NA,NA,NA,63600903,77
2021-03_Geographe_BOSS,55,Physical,Substrate,Consolidated (hard),Rock,NA,NA,NA,NA,NA,NA,NA,82001002,13
2021-03_Geographe_BOSS,55,Physical,Substrate,Unconsolidated (soft),Sand / mud (<2mm),Coarse sand (with shell fragments),NA,NA,NA,NA,NA,NA,82001014,2
2021-03_Geographe_BOSS,56,Biota,Macroalgae,Filamentous / filiform,Brown,NA,NA,NA,NA,NA,NA,NA,80300931,4
2021-03_Geographe_BOSS,56,Biota,Macroalgae,Filamentous / filiform,NA,NA,NA,NA,NA,NA,NA,NA,80300930,32
2021-03_Geographe_BOSS,56,Biota,Seagrasses,Strap-like leaves,NA,NA,NA,NA,NA,NA,NA,NA,63600903,27
2021-03_Geographe_BOSS,56,Physical,Substrate,Consolidated (hard),Cobbles,NA,NA,NA,NA,NA,NA,NA,82001004,3
2021-03_Geographe_BOSS,56,Physical,Substrate,Unconsolidated (soft),Sand / mud (<2mm),Coarse sand (with shell fragments),NA,NA,NA,NA,NA,NA,82001014,38
2021-03_Geographe_BOSS,57,Biota,Seagrasses,Strap-like leaves,NA,NA,NA,NA,NA,NA,NA,NA,63600903,1
2021-03_Geographe_BOSS,57,Physical,Substrate,Consolidated (hard),Rock,NA,NA,NA,NA,NA,NA,NA,82001002,1
2021-03_Geographe_BOSS,57,Physical,Substrate,Unconsolidated (soft),Sand / mud (<2mm),Coarse sand (with shell fragments),NA,NA,NA,NA,NA,NA,82001014,101
2021-03_Geographe_BOSS,58,Physical,Substrate,Unconsolidated (soft),Pebble / gravel,Biologenic,NA,NA,NA,NA,NA,NA,82001007,1
2021-03_Geographe_BOSS,58,Physical,Substrate,Unconsolidated (soft),Sand / mud (<2mm),Coarse sand (with shell fragments),NA,NA,NA,NA,NA,NA,82001014,102
2021-03_Geographe_BOSS,59,Biota,Cnidaria,Corals,Stony corals,Massive,NA,NA,NA,NA,NA,NA,11290906,3
2021-03_Geographe_BOSS,59,Biota,Macroalgae,Filamentous / filiform,Brown,NA,NA,NA,NA,NA,NA,NA,80300931,8
2021-03_Geographe_BOSS,59,Biota,Macroalgae,Filamentous / filiform,Red,NA,NA,NA,NA,NA,NA,NA,80300933,1
2021-03_Geographe_BOSS,59,Biota,Macroalgae,Filamentous / filiform,NA,NA,NA,NA,NA,NA,NA,NA,80300930,23
2021-03_Geographe_BOSS,59,Biota,Macroalgae,Globose / saccate,Brown,NA,NA,NA,NA,NA,NA,NA,80300915,1
2021-03_Geographe_BOSS,59,Biota,Macroalgae,Sheet-like / membraneous,NA,NA,NA,NA,NA,NA,NA,NA,80300922,1
2021-03_Geographe_BOSS,59,Biota,Seagrasses,Strap-like leaves,NA,NA,NA,NA,NA,NA,NA,NA,63600903,27
2021-03_Geographe_BOSS,59,Biota,Sponges,Erect forms,NA,NA,NA,NA,NA,NA,NA,NA,10000912,2
2021-03_Geographe_BOSS,59,Biota,Sponges,Massive forms,NA,NA,NA,NA,NA,NA,NA,NA,10000903,2
2021-03_Geographe_BOSS,59,Physical,Substrate,Consolidated (hard),Rock,NA,NA,NA,NA,NA,NA,NA,82001002,29
2021-03_Geographe_BOSS,59,Physical,Substrate,Unconsolidated (soft),Pebble / gravel,Biologenic,NA,NA,NA,NA,NA,NA,82001007,2
2021-03_Geographe_BOSS,6,Biota,Macroalgae,Erect coarse branching,Brown,NA,NA,NA,NA,NA,NA,NA,80300904,6
2021-03_Geographe_BOSS,6,Biota,Macroalgae,Erect fine branching,Brown,NA,NA,NA,NA,NA,NA,NA,80300908,10
2021-03_Geographe_BOSS,6,Biota,Macroalgae,Erect fine branching,Red,NA,NA,NA,NA,NA,NA,NA,80300910,8
2021-03_Geographe_BOSS,6,Biota,Macroalgae,Filamentous / filiform,Brown,NA,NA,NA,NA,NA,NA,NA,80300931,3
2021-03_Geographe_BOSS,6,Biota,Macroalgae,Filamentous / filiform,NA,NA,NA,NA,NA,NA,NA,NA,80300930,28
2021-03_Geographe_BOSS,6,Biota,Seagrasses,Strap-like leaves,NA,NA,NA,NA,NA,NA,NA,NA,63600903,19
2021-03_Geographe_BOSS,6,Physical,Substrate,Consolidated (hard),Rock,NA,NA,NA,NA,NA,NA,NA,82001002,13
2021-03_Geographe_BOSS,6,Physical,Substrate,Unconsolidated (soft),Sand / mud (<2mm),Coarse sand (with shell fragments),NA,NA,NA,NA,NA,NA,82001014,5
2021-03_Geographe_BOSS,60,Biota,Molluscs,Bivalves,NA,NA,NA,NA,NA,NA,NA,NA,23199000,1
2021-03_Geographe_BOSS,60,Physical,Substrate,Unconsolidated (soft),Sand / mud (<2mm),Coarse sand (with shell fragments),NA,NA,NA,NA,NA,NA,82001014,99
2021-03_Geographe_BOSS,61,Physical,Substrate,Unconsolidated (soft),Sand / mud (<2mm),Coarse sand (with shell fragments),NA,NA,NA,NA,NA,NA,82001014,96
2021-03_Geographe_BOSS,62,Biota,Seagrasses,Strap-like leaves,NA,NA,NA,NA,NA,NA,NA,NA,63600903,2
2021-03_Geographe_BOSS,62,Physical,Substrate,Unconsolidated (soft),Sand / mud (<2mm),Coarse sand (with shell fragments),NA,NA,NA,NA,NA,NA,82001014,100
2021-03_Geographe_BOSS,63,Biota,Macroalgae,Filamentous / filiform,NA,NA,NA,NA,NA,NA,NA,NA,80300930,14
2021-03_Geographe_BOSS,63,Biota,Seagrasses,Strap-like leaves,NA,NA,NA,NA,NA,NA,NA,NA,63600903,55
2021-03_Geographe_BOSS,63,Physical,Substrate,Unconsolidated (soft),Sand / mud (<2mm),Coarse sand (with shell fragments),NA,NA,NA,NA,NA,NA,82001014,9
2021-03_Geographe_BOSS,64,Biota,Seagrasses,Strap-like leaves,NA,NA,NA,NA,NA,NA,NA,NA,63600903,1
2021-03_Geographe_BOSS,64,Physical,Substrate,Unconsolidated (soft),Sand / mud (<2mm),Coarse sand (with shell fragments),NA,NA,NA,NA,NA,NA,82001014,103
2021-03_Geographe_BOSS,65,Biota,Macroalgae,Filamentous / filiform,Red,NA,NA,NA,NA,NA,NA,NA,80300933,1
2021-03_Geographe_BOSS,65,Biota,Macroalgae,Filamentous / filiform,NA,NA,NA,NA,NA,NA,NA,NA,80300930,4
2021-03_Geographe_BOSS,65,Biota,Macroalgae,NA,NA,NA,NA,NA,NA,NA,NA,NA,80300000,2
2021-03_Geographe_BOSS,65,Biota,Seagrasses,Strap-like leaves,NA,NA,NA,NA,NA,NA,NA,NA,63600903,21
2021-03_Geographe_BOSS,65,Physical,Substrate,Unconsolidated (soft),Sand / mud (<2mm),Coarse sand (with shell fragments),NA,NA,NA,NA,NA,NA,82001014,76
2021-03_Geographe_BOSS,66,Biota,Macroalgae,Filamentous / filiform,NA,NA,NA,NA,NA,NA,NA,NA,80300930,2
2021-03_Geographe_BOSS,66,Biota,Macroalgae,NA,NA,NA,NA,NA,NA,NA,NA,NA,80300000,1
2021-03_Geographe_BOSS,66,Biota,Seagrasses,Strap-like leaves,NA,NA,NA,NA,NA,NA,NA,NA,63600903,19
2021-03_Geographe_BOSS,66,Physical,Substrate,Unconsolidated (soft),Sand / mud (<2mm),Coarse sand (with shell fragments),NA,NA,NA,NA,NA,NA,82001014,81
2021-03_Geographe_BOSS,67,Physical,Substrate,Unconsolidated (soft),Sand / mud (<2mm),Coarse sand (with shell fragments),NA,NA,NA,NA,NA,NA,82001014,104
2021-03_Geographe_BOSS,68,Biota,Macroalgae,Filamentous / filiform,NA,NA,NA,NA,NA,NA,NA,NA,80300930,2
2021-03_Geographe_BOSS,68,Biota,Macroalgae,NA,NA,NA,NA,NA,NA,NA,NA,NA,80300000,3
2021-03_Geographe_BOSS,68,Biota,Seagrasses,Strap-like leaves,NA,NA,NA,NA,NA,NA,NA,NA,63600903,89
2021-03_Geographe_BOSS,68,Physical,Substrate,Consolidated (hard),Rock,NA,NA,NA,NA,NA,NA,NA,82001002,9
2021-03_Geographe_BOSS,68,Physical,Substrate,Unconsolidated (soft),Sand / mud (<2mm),Coarse sand (with shell fragments),NA,NA,NA,NA,NA,NA,82001014,1
2021-03_Geographe_BOSS,69,Physical,Substrate,Unconsolidated (soft),Sand / mud (<2mm),Coarse sand (with shell fragments),NA,NA,NA,NA,NA,NA,82001014,103
2021-03_Geographe_BOSS,7,Biota,Macroalgae,NA,NA,NA,NA,NA,NA,NA,NA,NA,80300000,1
2021-03_Geographe_BOSS,7,Biota,Seagrasses,Strap-like leaves,NA,NA,NA,NA,NA,NA,NA,NA,63600903,69
2021-03_Geographe_BOSS,7,Physical,Substrate,Unconsolidated (soft),Sand / mud (<2mm),Coarse sand (with shell fragments),NA,NA,NA,NA,NA,NA,82001014,33
2021-03_Geographe_BOSS,70,Physical,Substrate,Unconsolidated (soft),Sand / mud (<2mm),Coarse sand (with shell fragments),NA,NA,NA,NA,NA,NA,82001014,105
2021-03_Geographe_BOSS,71,Biota,Macroalgae,Filamentous / filiform,Brown,NA,NA,NA,NA,NA,NA,NA,80300931,11
2021-03_Geographe_BOSS,71,Biota,Macroalgae,Filamentous / filiform,NA,NA,NA,NA,NA,NA,NA,NA,80300930,18
2021-03_Geographe_BOSS,71,Biota,Macroalgae,NA,NA,NA,NA,NA,NA,NA,NA,NA,80300000,6
2021-03_Geographe_BOSS,71,Biota,Seagrasses,Strap-like leaves,NA,NA,NA,NA,NA,NA,NA,NA,63600903,37
2021-03_Geographe_BOSS,71,Physical,Substrate,Consolidated (hard),Rock,NA,NA,NA,NA,NA,NA,NA,82001002,22
2021-03_Geographe_BOSS,71,Physical,Substrate,Unconsolidated (soft),Sand / mud (<2mm),Coarse sand (with shell fragments),NA,NA,NA,NA,NA,NA,82001014,4
2021-03_Geographe_BOSS,72,Physical,Substrate,Unconsolidated (soft),Sand / mud (<2mm),Coarse sand (with shell fragments),NA,NA,NA,NA,NA,NA,82001014,102
2021-03_Geographe_BOSS,73,Physical,Substrate,Unconsolidated (soft),Sand / mud (<2mm),Coarse sand (with shell fragments),NA,NA,NA,NA,NA,NA,82001014,104
2021-03_Geographe_BOSS,74,Biota,Seagrasses,Strap-like leaves,NA,NA,NA,NA,NA,NA,NA,NA,63600903,14
2021-03_Geographe_BOSS,74,Physical,Substrate,Consolidated (hard),Rock,NA,NA,NA,NA,NA,NA,NA,82001002,1
2021-03_Geographe_BOSS,74,Physical,Substrate,Unconsolidated (soft),Sand / mud (<2mm),Coarse sand (with shell fragments),NA,NA,NA,NA,NA,NA,82001014,89
2021-03_Geographe_BOSS,75,Physical,Substrate,Unconsolidated (soft),Pebble / gravel,Biologenic,NA,NA,NA,NA,NA,NA,82001007,1
2021-03_Geographe_BOSS,75,Physical,Substrate,Unconsolidated (soft),Sand / mud (<2mm),Coarse sand (with shell fragments),NA,NA,NA,NA,NA,NA,82001014,102
2021-03_Geographe_BOSS,76,Biota,Seagrasses,Strap-like leaves,NA,NA,NA,NA,NA,NA,NA,NA,63600903,3
2021-03_Geographe_BOSS,76,Physical,Substrate,Unconsolidated (soft),Sand / mud (<2mm),Coarse sand (with shell fragments),NA,NA,NA,NA,NA,NA,82001014,102
2021-03_Geographe_BOSS,77,Biota,Macroalgae,Filamentous / filiform,Red,NA,NA,NA,NA,NA,NA,NA,80300933,2
2021-03_Geographe_BOSS,77,Biota,Macroalgae,Filamentous / filiform,NA,NA,NA,NA,NA,NA,NA,NA,80300930,10
2021-03_Geographe_BOSS,77,Biota,Macroalgae,NA,NA,NA,NA,NA,NA,NA,NA,NA,80300000,1
2021-03_Geographe_BOSS,77,Biota,Seagrasses,Strap-like leaves,NA,NA,NA,NA,NA,NA,NA,NA,63600903,23
2021-03_Geographe_BOSS,77,Physical,Substrate,Unconsolidated (soft),Pebble / gravel,Gravel (2-10mm),NA,NA,NA,NA,NA,NA,82001011,1
2021-03_Geographe_BOSS,77,Physical,Substrate,Unconsolidated (soft),Pebble / gravel,Pebble (10-64mm),NA,NA,NA,NA,NA,NA,82001012,4
2021-03_Geographe_BOSS,77,Physical,Substrate,Unconsolidated (soft),Sand / mud (<2mm),Coarse sand (with shell fragments),NA,NA,NA,NA,NA,NA,82001014,59
2021-03_Geographe_BOSS,78,Biota,Macroalgae,Filamentous / filiform,Brown,NA,NA,NA,NA,NA,NA,NA,80300931,10
2021-03_Geographe_BOSS,78,Biota,Macroalgae,Filamentous / filiform,NA,NA,NA,NA,NA,NA,NA,NA,80300930,26
2021-03_Geographe_BOSS,78,Biota,Seagrasses,Strap-like leaves,NA,NA,NA,NA,NA,NA,NA,NA,63600903,5
2021-03_Geographe_BOSS,78,Physical,Substrate,Consolidated (hard),Rock,NA,NA,NA,NA,NA,NA,NA,82001002,3
2021-03_Geographe_BOSS,78,Physical,Substrate,Unconsolidated (soft),Pebble / gravel,Biologenic,NA,NA,NA,NA,NA,NA,82001007,3
2021-03_Geographe_BOSS,78,Physical,Substrate,Unconsolidated (soft),Sand / mud (<2mm),Coarse sand (with shell fragments),NA,NA,NA,NA,NA,NA,82001014,57
2021-03_Geographe_BOSS,79,Physical,Substrate,Unconsolidated (soft),Pebble / gravel,Biologenic,NA,NA,NA,NA,NA,NA,82001007,3
2021-03_Geographe_BOSS,79,Physical,Substrate,Unconsolidated (soft),Sand / mud (<2mm),Coarse sand (with shell fragments),NA,NA,NA,NA,NA,NA,82001014,102
2021-03_Geographe_BOSS,8,Biota,Macroalgae,NA,NA,NA,NA,NA,NA,NA,NA,NA,80300000,2
2021-03_Geographe_BOSS,8,Biota,Seagrasses,Strap-like leaves,NA,NA,NA,NA,NA,NA,NA,NA,63600903,71
2021-03_Geographe_BOSS,8,Physical,Substrate,Unconsolidated (soft),Sand / mud (<2mm),Coarse sand (with shell fragments),NA,NA,NA,NA,NA,NA,82001014,30
2021-03_Geographe_BOSS,80,Biota,Macroalgae,Filamentous / filiform,NA,NA,NA,NA,NA,NA,NA,NA,80300930,3
2021-03_Geographe_BOSS,80,Biota,Seagrasses,Strap-like leaves,NA,NA,NA,NA,NA,NA,NA,NA,63600903,37
2021-03_Geographe_BOSS,80,Physical,Substrate,Unconsolidated (soft),Sand / mud (<2mm),Coarse sand (with shell fragments),NA,NA,NA,NA,NA,NA,82001014,60
2021-03_Geographe_BOSS,81,Biota,Macroalgae,Erect coarse branching,Brown,NA,NA,NA,NA,NA,NA,NA,80300904,1
2021-03_Geographe_BOSS,81,Biota,Macroalgae,Filamentous / filiform,NA,NA,NA,NA,NA,NA,NA,NA,80300930,6
2021-03_Geographe_BOSS,81,Biota,Macroalgae,NA,NA,NA,NA,NA,NA,NA,NA,NA,80300000,1
2021-03_Geographe_BOSS,81,Biota,Seagrasses,Strap-like leaves,NA,NA,NA,NA,NA,NA,NA,NA,63600903,40
2021-03_Geographe_BOSS,81,Physical,Substrate,Unconsolidated (soft),Pebble / gravel,Biologenic,NA,NA,NA,NA,NA,NA,82001007,1
2021-03_Geographe_BOSS,81,Physical,Substrate,Unconsolidated (soft),Sand / mud (<2mm),Coarse sand (with shell fragments),NA,NA,NA,NA,NA,NA,82001014,53
2021-03_Geographe_BOSS,82,Biota,Seagrasses,Strap-like leaves,NA,NA,NA,NA,NA,NA,NA,NA,63600903,2
2021-03_Geographe_BOSS,82,Physical,Substrate,Unconsolidated (soft),Sand / mud (<2mm),Coarse sand (with shell fragments),NA,NA,NA,NA,NA,NA,82001014,100
2021-03_Geographe_BOSS,83,Biota,Macroalgae,Filamentous / filiform,Brown,NA,NA,NA,NA,NA,NA,NA,80300931,1
2021-03_Geographe_BOSS,83,Biota,Macroalgae,Filamentous / filiform,NA,NA,NA,NA,NA,NA,NA,NA,80300930,12
2021-03_Geographe_BOSS,83,Biota,Macroalgae,NA,NA,NA,NA,NA,NA,NA,NA,NA,80300000,2
2021-03_Geographe_BOSS,83,Biota,Seagrasses,Strap-like leaves,NA,NA,NA,NA,NA,NA,NA,NA,63600903,81
2021-03_Geographe_BOSS,83,Physical,Substrate,Unconsolidated (soft),Sand / mud (<2mm),Coarse sand (with shell fragments),NA,NA,NA,NA,NA,NA,82001014,6
2021-03_Geographe_BOSS,84,Biota,Seagrasses,Strap-like leaves,NA,NA,NA,NA,NA,NA,NA,NA,63600903,43
2021-03_Geographe_BOSS,84,Physical,Substrate,Unconsolidated (soft),Pebble / gravel,Biologenic,NA,NA,NA,NA,NA,NA,82001007,1
2021-03_Geographe_BOSS,84,Physical,Substrate,Unconsolidated (soft),Sand / mud (<2mm),Coarse sand (with shell fragments),NA,NA,NA,NA,NA,NA,82001014,61
2021-03_Geographe_BOSS,85,Biota,Macroalgae,Erect coarse branching,Brown,NA,NA,NA,NA,NA,NA,NA,80300904,1
2021-03_Geographe_BOSS,85,Biota,Macroalgae,Filamentous / filiform,Brown,NA,NA,NA,NA,NA,NA,NA,80300931,1
2021-03_Geographe_BOSS,85,Biota,Macroalgae,Filamentous / filiform,NA,NA,NA,NA,NA,NA,NA,NA,80300930,7
2021-03_Geographe_BOSS,85,Biota,Seagrasses,Strap-like leaves,NA,NA,NA,NA,NA,NA,NA,NA,63600903,67
2021-03_Geographe_BOSS,85,Physical,Substrate,Unconsolidated (soft),Sand / mud (<2mm),Coarse sand (with shell fragments),NA,NA,NA,NA,NA,NA,82001014,25
2021-03_Geographe_BOSS,86,Biota,Cnidaria,Corals,Stony corals,Massive,NA,NA,NA,NA,NA,NA,11290906,1
2021-03_Geographe_BOSS,86,Biota,Macroalgae,Erect coarse branching,Brown,NA,NA,NA,NA,NA,NA,NA,80300904,3
2021-03_Geographe_BOSS,86,Biota,Macroalgae,Erect coarse branching,Red,NA,NA,NA,NA,NA,NA,NA,80300906,1
2021-03_Geographe_BOSS,86,Biota,Macroalgae,Filamentous / filiform,Brown,NA,NA,NA,NA,NA,NA,NA,80300931,5
2021-03_Geographe_BOSS,86,Biota,Macroalgae,Filamentous / filiform,NA,NA,NA,NA,NA,NA,NA,NA,80300930,12
2021-03_Geographe_BOSS,86,Biota,Macroalgae,Laminate,NA,NA,NA,NA,NA,NA,NA,NA,80300918,1
2021-03_Geographe_BOSS,86,Biota,Macroalgae,Sheet-like / membraneous,NA,NA,NA,NA,NA,NA,NA,NA,80300922,1
2021-03_Geographe_BOSS,86,Biota,Seagrasses,Strap-like leaves,NA,NA,NA,NA,NA,NA,NA,NA,63600903,51
2021-03_Geographe_BOSS,86,Biota,Sponges,Massive forms,NA,NA,NA,NA,NA,NA,NA,NA,10000903,1
2021-03_Geographe_BOSS,86,Physical,Substrate,Consolidated (hard),Rock,NA,NA,NA,NA,NA,NA,NA,82001002,27
2021-03_Geographe_BOSS,86,Physical,Substrate,Unconsolidated (soft),Sand / mud (<2mm),Coarse sand (with shell fragments),NA,NA,NA,NA,NA,NA,82001014,1
2021-03_Geographe_BOSS,87,Biota,Macroalgae,Filamentous / filiform,Brown,NA,NA,NA,NA,NA,NA,NA,80300931,2
2021-03_Geographe_BOSS,87,Biota,Macroalgae,Filamentous / filiform,NA,NA,NA,NA,NA,NA,NA,NA,80300930,13
2021-03_Geographe_BOSS,87,Biota,Macroalgae,NA,NA,NA,NA,NA,NA,NA,NA,NA,80300000,1
2021-03_Geographe_BOSS,87,Biota,Seagrasses,Strap-like leaves,NA,NA,NA,NA,NA,NA,NA,NA,63600903,45
2021-03_Geographe_BOSS,87,Physical,Substrate,Consolidated (hard),Cobbles,NA,NA,NA,NA,NA,NA,NA,82001004,1
2021-03_Geographe_BOSS,87,Physical,Substrate,Unconsolidated (soft),Sand / mud (<2mm),Coarse sand (with shell fragments),NA,NA,NA,NA,NA,NA,82001014,42
2021-03_Geographe_BOSS,88,Biota,Macroalgae,Filamentous / filiform,NA,NA,NA,NA,NA,NA,NA,NA,80300930,8
2021-03_Geographe_BOSS,88,Biota,Molluscs,Bivalves,NA,NA,NA,NA,NA,NA,NA,NA,23199000,1
2021-03_Geographe_BOSS,88,Biota,Seagrasses,Strap-like leaves,NA,NA,NA,NA,NA,NA,NA,NA,63600903,22
2021-03_Geographe_BOSS,88,Physical,Substrate,Consolidated (hard),Boulders,NA,NA,NA,NA,NA,NA,NA,82001003,1
2021-03_Geographe_BOSS,88,Physical,Substrate,Consolidated (hard),Rock,NA,NA,NA,NA,NA,NA,NA,82001002,1
2021-03_Geographe_BOSS,88,Physical,Substrate,Unconsolidated (soft),Pebble / gravel,Biologenic,NA,NA,NA,NA,NA,NA,82001007,1
2021-03_Geographe_BOSS,88,Physical,Substrate,Unconsolidated (soft),Sand / mud (<2mm),Coarse sand (with shell fragments),NA,NA,NA,NA,NA,NA,82001014,64
2021-03_Geographe_BOSS,89,Biota,Ascidians,Unstalked,Solitary,NA,NA,NA,NA,NA,NA,NA,35000902,1
2021-03_Geographe_BOSS,89,Biota,Macroalgae,Filamentous / filiform,Brown,NA,NA,NA,NA,NA,NA,NA,80300931,2
2021-03_Geographe_BOSS,89,Biota,Macroalgae,Filamentous / filiform,NA,NA,NA,NA,NA,NA,NA,NA,80300930,9
2021-03_Geographe_BOSS,89,Biota,Macroalgae,NA,NA,NA,NA,NA,NA,NA,NA,NA,80300000,2
2021-03_Geographe_BOSS,89,Biota,Seagrasses,Elliptical leaves,NA,NA,NA,NA,NA,NA,NA,NA,63600902,8
2021-03_Geographe_BOSS,89,Biota,Seagrasses,Strap-like leaves,NA,NA,NA,NA,NA,NA,NA,NA,63600903,48
2021-03_Geographe_BOSS,89,Biota,Sponges,Massive forms,NA,NA,NA,NA,NA,NA,NA,NA,10000903,2
2021-03_Geographe_BOSS,89,Physical,Substrate,Consolidated (hard),Rock,NA,NA,NA,NA,NA,NA,NA,82001002,6
2021-03_Geographe_BOSS,89,Physical,Substrate,Unconsolidated (soft),Sand / mud (<2mm),Coarse sand (with shell fragments),NA,NA,NA,NA,NA,NA,82001014,27
2021-03_Geographe_BOSS,9,Biota,Macroalgae,NA,NA,NA,NA,NA,NA,NA,NA,NA,80300000,4
2021-03_Geographe_BOSS,9,Biota,Seagrasses,Strap-like leaves,NA,NA,NA,NA,NA,NA,NA,NA,63600903,60
2021-03_Geographe_BOSS,9,Physical,Substrate,Unconsolidated (soft),Sand / mud (<2mm),Coarse sand (with shell fragments),NA,NA,NA,NA,NA,NA,82001014,19
2021-03_Geographe_BOSS,90,Biota,Macroalgae,Filamentous / filiform,Red,NA,NA,NA,NA,NA,NA,NA,80300933,1
2021-03_Geographe_BOSS,90,Biota,Macroalgae,Filamentous / filiform,NA,NA,NA,NA,NA,NA,NA,NA,80300930,1
2021-03_Geographe_BOSS,90,Biota,Macroalgae,NA,NA,NA,NA,NA,NA,NA,NA,NA,80300000,1
2021-03_Geographe_BOSS,90,Biota,Seagrasses,Strap-like leaves,NA,NA,NA,NA,NA,NA,NA,NA,63600903,3
2021-03_Geographe_BOSS,90,Physical,Substrate,Unconsolidated (soft),Sand / mud (<2mm),Coarse sand (with shell fragments),NA,NA,NA,NA,NA,NA,82001014,98
2021-03_Geographe_BOSS,91,Biota,Seagrasses,Strap-like leaves,NA,NA,NA,NA,NA,NA,NA,NA,63600903,1
2021-03_Geographe_BOSS,91,Physical,Substrate,Consolidated (hard),Cobbles,NA,NA,NA,NA,NA,NA,NA,82001004,2
2021-03_Geographe_BOSS,91,Physical,Substrate,Unconsolidated (soft),Sand / mud (<2mm),Coarse sand (with shell fragments),NA,NA,NA,NA,NA,NA,82001014,101
2021-03_Geographe_BOSS,92,Physical,Substrate,Unconsolidated (soft),Pebble / gravel,Biologenic,NA,NA,NA,NA,NA,NA,82001007,3
2021-03_Geographe_BOSS,92,Physical,Substrate,Unconsolidated (soft),Sand / mud (<2mm),Coarse sand (with shell fragments),NA,NA,NA,NA,NA,NA,82001014,99
2021-03_Geographe_BOSS,93,Biota,Macroalgae,Filamentous / filiform,Brown,NA,NA,NA,NA,NA,NA,NA,80300931,1
2021-03_Geographe_BOSS,93,Biota,Macroalgae,Filamentous / filiform,NA,NA,NA,NA,NA,NA,NA,NA,80300930,1
2021-03_Geographe_BOSS,93,Biota,Macroalgae,NA,NA,NA,NA,NA,NA,NA,NA,NA,80300000,2
2021-03_Geographe_BOSS,93,Biota,Seagrasses,Strap-like leaves,NA,NA,NA,NA,NA,NA,NA,NA,63600903,50
2021-03_Geographe_BOSS,93,Physical,Substrate,Unconsolidated (soft),Sand / mud (<2mm),Coarse sand (with shell fragments),NA,NA,NA,NA,NA,NA,82001014,49
2021-03_Geographe_BOSS,94,Biota,Macroalgae,Filamentous / filiform,NA,NA,NA,NA,NA,NA,NA,NA,80300930,12
2021-03_Geographe_BOSS,94,Biota,Macroalgae,NA,NA,NA,NA,NA,NA,NA,NA,NA,80300000,1
2021-03_Geographe_BOSS,94,Biota,Seagrasses,Strap-like leaves,NA,NA,NA,NA,NA,NA,NA,NA,63600903,77
2021-03_Geographe_BOSS,94,Biota,Sponges,Erect forms,NA,NA,NA,NA,NA,NA,NA,NA,10000912,1
2021-03_Geographe_BOSS,94,Physical,Substrate,Consolidated (hard),Rock,NA,NA,NA,NA,NA,NA,NA,82001002,6
2021-03_Geographe_BOSS,94,Physical,Substrate,Unconsolidated (soft),Sand / mud (<2mm),Coarse sand (with shell fragments),NA,NA,NA,NA,NA,NA,82001014,1
2021-03_Geographe_BOSS,95,Biota,Macroalgae,NA,NA,NA,NA,NA,NA,NA,NA,NA,80300000,1
2021-03_Geographe_BOSS,95,Physical,Substrate,Unconsolidated (soft),Pebble / gravel,Biologenic,NA,NA,NA,NA,NA,NA,82001007,1
2021-03_Geographe_BOSS,95,Physical,Substrate,Unconsolidated (soft),Sand / mud (<2mm),Coarse sand (with shell fragments),NA,NA,NA,NA,NA,NA,82001014,102
2021-03_Geographe_BOSS,96,Physical,Substrate,Unconsolidated (soft),Sand / mud (<2mm),Coarse sand (with shell fragments),NA,NA,NA,NA,NA,NA,82001014,100
2021-03_Geographe_BOSS,97,Biota,Macroalgae,Erect coarse branching,Brown,NA,NA,NA,NA,NA,NA,NA,80300904,2
2021-03_Geographe_BOSS,97,Biota,Macroalgae,Filamentous / filiform,NA,NA,NA,NA,NA,NA,NA,NA,80300930,14
2021-03_Geographe_BOSS,97,Biota,Seagrasses,Strap-like leaves,NA,NA,NA,NA,NA,NA,NA,NA,63600903,30
2021-03_Geographe_BOSS,97,Physical,Substrate,Consolidated (hard),Rock,NA,NA,NA,NA,NA,NA,NA,82001002,2
2021-03_Geographe_BOSS,97,Physical,Substrate,Unconsolidated (soft),Sand / mud (<2mm),Coarse sand (with shell fragments),NA,NA,NA,NA,NA,NA,82001014,55
2021-03_Geographe_BOSS,98,Biota,Macroalgae,Filamentous / filiform,NA,NA,NA,NA,NA,NA,NA,NA,80300930,1
2021-03_Geographe_BOSS,98,Physical,Substrate,Unconsolidated (soft),Sand / mud (<2mm),Coarse sand (with shell fragments),NA,NA,NA,NA,NA,NA,82001014,103
2021-03_Geographe_BOSS,99,Biota,Macroalgae,Filamentous / filiform,NA,NA,NA,NA,NA,NA,NA,NA,80300930,2
2021-03_Geographe_BOSS,99,Biota,Seagrasses,Strap-like leaves,NA,NA,NA,NA,NA,NA,NA,NA,63600903,6
2021-03_Geographe_BOSS,99,Physical,Substrate,Unconsolidated (soft),Sand / mud (<2mm),Coarse sand (with shell fragments),NA,NA,NA,NA,NA,NA,82001014,97
