Sample,Family,Genus,Species,Count,Length
20_RB018,Carangidae,Atule,mate,1,209.524
20_RB018,Carangidae,Atule,mate,1,229.198
20_RB018,Carangidae,Atule,mate,1,233.083
20_RB018,Carangidae,Atule,mate,1,220.232
20_RB018,Carangidae,Atule,mate,1,223.583
20_RB018,Carangidae,Atule,mate,1,207.879
20_RB018,Carangidae,Atule,mate,1,212.778
20_RB018,Carangidae,Atule,mate,1,220.822
20_RB018,Carangidae,Atule,mate,1,212.879
20_RB018,Carangidae,Atule,mate,1,214.411
20_RB018,Carangidae,Atule,mate,1,216.129
20_RB018,Carangidae,Atule,mate,1,213.112
20_RB018,Carangidae,Atule,mate,1,226.015
20_RB018,Carangidae,Atule,mate,1,248.381
20_RB018,Carangidae,Atule,mate,1,224.275
20_RB018,Carcharhinidae,Carcharhinus,coatesi,1,580.414
20_RB018,Carcharhinidae,Carcharhinus,coatesi,1,611.996
20_RB018,Dasyatidae,Himantura,spp,1,1234.66
20_RB018,Echeneidae,Echeneis,naucrates,1,335.08
20_RB018,Labridae,Choerodon,cauteroma,1,240.95
20_RB018,Labridae,Choerodon,cauteroma,1,193.575
20_RB018,Labridae,Choerodon,cephalotes,1,178.425
20_RB018,Labridae,Anampses,lennardi,1,209.187
20_RB018,Labridae,Macropharyngodon,negrosensis,1,30.849
20_RB018,Labridae,Choerodon,vitta,1,102.283
20_RB018,Lethrinidae,Lethrinus,genivittatus,1,73.557
20_RB018,Lethrinidae,Lethrinus,genivittatus,1,54.753
20_RB018,Lethrinidae,Lethrinus,punctulatus,1,261.109
20_RB018,Lethrinidae,Lethrinus,punctulatus,1,226.852
20_RB018,Lethrinidae,Lethrinus,punctulatus,1,253.389
20_RB018,Lethrinidae,Lethrinus,punctulatus,1,226.466
20_RB018,Lethrinidae,Lethrinus,punctulatus,1,237.168
20_RB018,Mullidae,Upeneus,tragula,1,73.467
20_RB018,Mullidae,Upeneus,tragula,1,63.746
20_RB018,Mullidae,Upeneus,tragula,1,66.923
20_RB018,Nemipteridae,Scolopsis,monogramma,1,177.675
20_RB018,Nemipteridae,Pentapodus,porosus,1,210.899
20_RB018,Nemipteridae,Pentapodus,porosus,1,200.354
20_RB018,Nemipteridae,Pentapodus,porosus,1,106.01
20_RB018,Nemipteridae,Pentapodus,porosus,1,84.71
20_RB018,Nemipteridae,Pentapodus,porosus,1,136.42
20_RB018,Nemipteridae,Pentapodus,porosus,1,195.552
20_RB018,Nemipteridae,Pentapodus,porosus,1,176.602
20_RB018,Pomacanthidae,Chaetodontoplus,duboulayi,1,220.034
20_RB018,Rachycentridae,Rachycentron,canadum,1,687.699
20_RB018,Rachycentridae,Rachycentron,canadum,1,626.144
20_RB018,Rachycentridae,Rachycentron,canadum,1,512.244
20_RB018,Scombridae,Scomberomorus,spp,1,433.765
20_RB018,Scombridae,Scomberomorus,spp,1,459.317
20_RB018,Serranidae,Epinephelus,bilobatus,1,253.556
20_RB018,Serranidae,Epinephelus,bilobatus,1,242.078
20_RB018,Serranidae,Epinephelus,bilobatus,1,226.899
20_RB018,Serranidae,Epinephelus,bilobatus,1,263.976
20_RB018,Serranidae,Plectropomus,spp,1,289.678
20_RB018,Siganidae,Siganus,canaliculatus,1,64.317
20_RB018,Siganidae,Siganus,canaliculatus,1,68.656
20_RB018,Siganidae,Siganus,canaliculatus,1,67.413
20_RB018,Siganidae,Siganus,canaliculatus,1,78.006
20_RB018,Siganidae,Siganus,canaliculatus,1,69.222
20_RB018,Siganidae,Siganus,canaliculatus,1,64.72
20_RB018,Siganidae,Siganus,canaliculatus,1,61.833
20_RB018,Siganidae,Siganus,canaliculatus,1,67.45
20_RB018,Siganidae,Siganus,canaliculatus,1,57.779
20_RB018,Sphyrnidae,Sphyrna,mokarran,1,1968.578
20_RB01A,Balistidae,Abalistes,stellatus,1,247.659
20_RB01A,Carangidae,Turrum,fulvoguttatum,1,262.423
20_RB01A,Carangidae,Turrum,gymnostethus,1,412.879
20_RB01A,Carangidae,Turrum,gymnostethus,1,418.079
20_RB01A,Carangidae,Gnathanodon,speciosus,1,675.992
20_RB01A,Carangidae,Gnathanodon,speciosus,1,644.337
20_RB01A,Carangidae,Gnathanodon,speciosus,1,664.177
20_RB01A,Carcharhinidae,Galeocerdo,cuvier,1,1052.665
20_RB01A,Echeneidae,Echeneis,naucrates,1,160.675
20_RB01A,Labridae,Choerodon,cephalotes,1,95.595
20_RB01A,Labridae,Choerodon,vitta,1,98.581
20_RB01A,Mullidae,Upeneus,tragula,1,70.216
20_RB01A,Nemipteridae,Pentapodus,porosus,1,150.869
20_RB01A,Nemipteridae,Pentapodus,porosus,1,115.436
20_RB01A,Nemipteridae,Pentapodus,porosus,1,143.782
20_RB01A,Nemipteridae,Pentapodus,porosus,1,144.609
20_RB01A,Nemipteridae,Pentapodus,porosus,1,104.874
20_RB01A,Nemipteridae,Pentapodus,porosus,1,142.058
20_RB01A,Nemipteridae,Pentapodus,porosus,1,128.716
20_RB01A,Nemipteridae,Pentapodus,porosus,1,180.955
20_RB01A,Scombridae,Scomberomorus,spp,1,603.916
20_RB01A,Scombridae,Scomberomorus,spp,1,616.108
20_RB01A,Scombridae,Scomberomorus,spp,1,539.651
20_RB01A,Serranidae,Epinephelus,bilobatus,1,269.439
20_RB01A,Serranidae,Epinephelus,bilobatus,1,235.259
20_RB01A,Serranidae,Epinephelus,bilobatus,1,243.17
20_RB01A,Siganidae,Siganus,canaliculatus,1,68.302
20_RB01A,Siganidae,Siganus,canaliculatus,1,63.765
20_RB01A,Siganidae,Siganus,canaliculatus,1,71.739
20_RB01A,Siganidae,Siganus,canaliculatus,1,74.026
20_RB01A,Siganidae,Siganus,canaliculatus,1,66.88
20_RB08A,Carangidae,Scomberoides,commersonnianus,1,870.817
20_RB08A,Carangidae,Turrum,fulvoguttatum,1,268.286
20_RB08A,Carangidae,Selaroides,leptolepis,1,153.902
20_RB08A,Carangidae,Selaroides,leptolepis,1,173.791
20_RB08A,Labridae,Choerodon,cauteroma,1,207.554
20_RB08A,Labridae,Choerodon,cauteroma,1,246.163
20_RB08A,Labridae,Choerodon,cephalotes,1,253.274
20_RB08A,Labridae,Choerodon,cephalotes,1,223.837
20_RB08A,Labridae,Choerodon,cyanodus,1,338.041
20_RB08A,Labridae,Anampses,lennardi,1,223.387
20_RB08A,Lethrinidae,Lethrinus,punctulatus,1,203.381
20_RB08A,Lethrinidae,Lethrinus,punctulatus,1,207.209
20_RB08A,Lethrinidae,Lethrinus,punctulatus,1,207.117
20_RB08A,Lethrinidae,Lethrinus,punctulatus,1,204.045
20_RB08A,Lethrinidae,Lethrinus,punctulatus,1,220.482
20_RB08A,Lethrinidae,Lethrinus,punctulatus,1,213.742
20_RB08A,Lethrinidae,Lethrinus,punctulatus,1,199.528
20_RB08A,Lethrinidae,Lethrinus,punctulatus,1,177.917
20_RB08A,Lethrinidae,Lethrinus,punctulatus,1,206.24
20_RB08A,Lutjanidae,Symphorus,nematophorus,1,821.428
20_RB08A,Mullidae,Parupeneus,indicus,1,235.926
20_RB08A,Mullidae,Parupeneus,indicus,1,238.685
20_RB08A,Mullidae,Upeneus,tragula,1,190.696
20_RB08A,Mullidae,Upeneus,tragula,1,171.041
20_RB08A,Nemipteridae,Scolopsis,monogramma,1,194.289
20_RB08A,Nemipteridae,Pentapodus,porosus,1,197.691
20_RB08A,Nemipteridae,Pentapodus,porosus,1,188.426
20_RB08A,Nemipteridae,Pentapodus,porosus,1,183.819
20_RB08A,Pomacanthidae,Chaetodontoplus,duboulayi,1,147.226
20_RB08A,Pomacanthidae,Chaetodontoplus,duboulayi,1,129.463
20_RB08A,Pomacanthidae,Chaetodontoplus,duboulayi,1,127.618
20_RB08A,Scombridae,Scomberomorus,spp,1,464.795
20_RB08A,Serranidae,Epinephelus,bilobatus,1,256.683
20_RB08A,Siganidae,Siganus,canaliculatus,1,223.664
20_RB08A,Siganidae,Siganus,canaliculatus,1,211.267
20_RB08A,Siganidae,Siganus,canaliculatus,1,202.099
20_RB08A,Siganidae,Siganus,canaliculatus,1,230.972
20_RB08A,Siganidae,Siganus,canaliculatus,1,199.451
20_RB1,Balistidae,Abalistes,stellatus,1,169.524
20_RB1,Carangidae,Selaroides,leptolepis,1,120.843
20_RB1,Carangidae,Selaroides,leptolepis,1,139.097
20_RB1,Carangidae,Selaroides,leptolepis,1,116.051
20_RB1,Carangidae,Selaroides,leptolepis,1,129.105
20_RB1,Carangidae,Selaroides,leptolepis,1,131.067
20_RB1,Carangidae,Selaroides,leptolepis,1,128.244
20_RB1,Carangidae,Selaroides,leptolepis,1,93.386
20_RB1,Carangidae,Selaroides,leptolepis,1,114.997
20_RB1,Carangidae,Selaroides,leptolepis,1,138.96
20_RB1,Carangidae,Selaroides,leptolepis,1,117.245
20_RB1,Clupeidae,Amblygaster,sirm,1,138.776
20_RB1,Clupeidae,Amblygaster,sirm,1,146.289
20_RB1,Clupeidae,Amblygaster,sirm,1,144.873
20_RB1,Clupeidae,Amblygaster,sirm,1,146.75
20_RB1,Clupeidae,Amblygaster,sirm,1,144.043
20_RB1,Clupeidae,Amblygaster,sirm,1,126.565
20_RB1,Clupeidae,Amblygaster,sirm,1,142.648
20_RB1,Clupeidae,Amblygaster,sirm,1,141.159
20_RB1,Clupeidae,Amblygaster,sirm,1,146.749
20_RB1,Clupeidae,Amblygaster,sirm,1,152.601
20_RB1,Labridae,Choerodon,cephalotes,1,229.826
20_RB1,Labridae,Macropharyngodon,negrosensis,1,43.568
20_RB1,Labridae,Macropharyngodon,negrosensis,1,45.449
20_RB1,Labridae,Macropharyngodon,negrosensis,1,50.609
20_RB1,Labridae,Macropharyngodon,negrosensis,1,51.183
20_RB1,Labridae,Choerodon,vitta,1,109.125
20_RB1,Mullidae,Upeneus,tragula,1,111.091
20_RB1,Nemipteridae,Pentapodus,porosus,1,150.595
20_RB1,Nemipteridae,Pentapodus,porosus,1,154.391
20_RB1,Nemipteridae,Pentapodus,porosus,1,160.107
20_RB1,Nemipteridae,Pentapodus,porosus,1,158.092
20_RB1,Nemipteridae,Pentapodus,porosus,1,195.723
20_RB1,Ostraciidae,Ostracion,nasus,1,286.814
20_RB1,Pomacanthidae,Chaetodontoplus,duboulayi,1,221.918
20_RB1,Scombridae,Scomberomorus,spp,1,484.991
20_RB1,Scombridae,Scomberomorus,spp,1,646.931
20_RB1,Scombridae,Scomberomorus,spp,1,474.063
20_RB1,Scombridae,Scomberomorus,spp,1,509.369
20_RB1,Siganidae,Siganus,canaliculatus,1,65.114
20_RB1,Siganidae,Siganus,canaliculatus,1,64.321
20_RB1,Siganidae,Siganus,canaliculatus,1,69.568
20_RB1,Siganidae,Siganus,canaliculatus,1,64.665
20_RB10,Carangidae,Gnathanodon,speciosus,1,350.189
20_RB10,Carangidae,Gnathanodon,speciosus,1,315.664
20_RB10,Carangidae,Gnathanodon,speciosus,1,350.575
20_RB10,Carangidae,Gnathanodon,speciosus,1,344.471
20_RB10,Carangidae,Gnathanodon,speciosus,1,315.658
20_RB10,Carangidae,Gnathanodon,speciosus,1,381.568
20_RB10,Chaetodontidae,Chaetodon,aureofasciatus,1,131.446
20_RB10,Chaetodontidae,Chaetodon,aureofasciatus,1,171.385
20_RB10,Chaetodontidae,Chaetodon,aureofasciatus,1,140.174
20_RB10,Chaetodontidae,Chaetodon,aureofasciatus,1,149.131
20_RB10,Chaetodontidae,Coradion,chrysozonus,1,101.578
20_RB10,Glaucosomatidae,Glaucosoma,magnificum,1,242.646
20_RB10,Glaucosomatidae,Glaucosoma,magnificum,1,241.026
20_RB10,Haemulidae,Plectorhinchus,vittatus,1,250.168
20_RB10,Labridae,Choerodon,cauteroma,1,262.527
20_RB10,Labridae,Choerodon,cauteroma,1,287.137
20_RB10,Labridae,Choerodon,cephalotes,1,288.788
20_RB10,Labridae,Choerodon,cephalotes,1,263.078
20_RB10,Labridae,Choerodon,cyanodus,1,332.191
20_RB10,Labridae,Anampses,lennardi,1,236.395
20_RB10,Labridae,Choerodon,schoenleinii,1,482.247
20_RB10,Lethrinidae,Lethrinus,olivaceus,1,322.592
20_RB10,Lethrinidae,Lethrinus,punctulatus,1,332.653
20_RB10,Lethrinidae,Lethrinus,punctulatus,1,254.789
20_RB10,Lutjanidae,Lutjanus,carponotatus,1,351.647
20_RB10,Lutjanidae,Lutjanus,carponotatus,1,250.865
20_RB10,Lutjanidae,Lutjanus,lemniscatus,1,321.125
20_RB10,Nemipteridae,Scolopsis,monogramma,1,310.924
20_RB10,Pomacanthidae,Chaetodontoplus,duboulayi,1,167.468
20_RB10,Pomacanthidae,Chaetodontoplus,duboulayi,1,210.582
20_RB10,Scombridae,Scomberomorus,spp,1,706.234
20_RB10,Serranidae,Epinephelus,bilobatus,1,266.714
20_RB10,Serranidae,Epinephelus,bilobatus,1,288.564
20_RB10,Serranidae,Plectropomus,spp,1,362.7
20_RB10,Siganidae,Siganus,canaliculatus,1,221.671
20_RB10,Siganidae,Siganus,canaliculatus,1,247.309
20_RB10,Siganidae,Siganus,canaliculatus,1,260.035
20_RB10,Sphyraenidae,Sphyraena,jello,1,1095.472
20_RB101,Carangidae,Turrum,fulvoguttatum,1,290.198
20_RB101,Carangidae,Turrum,fulvoguttatum,1,243.072
20_RB101,Carangidae,Atule,mate,1,307.487
20_RB101,Carangidae,Atule,mate,1,234.743
20_RB101,Carangidae,Atule,mate,1,200.371
20_RB101,Carangidae,Atule,mate,1,278.356
20_RB101,Carangidae,Atule,mate,1,280.745
20_RB101,Carangidae,Atule,mate,1,267.433
20_RB101,Carcharhinidae,Carcharhinus,coatesi,1,669.497
20_RB101,Labridae,Choerodon,cauteroma,1,245.198
20_RB101,Labridae,Choerodon,cauteroma,1,243.908
20_RB101,Labridae,Choerodon,cephalotes,1,295.284
20_RB101,Lethrinidae,Lethrinus,punctulatus,1,264.619
20_RB101,Lethrinidae,Lethrinus,punctulatus,1,223.809
20_RB101,Lethrinidae,Lethrinus,punctulatus,1,254.588
20_RB101,Nemipteridae,Pentapodus,porosus,1,88.284
20_RB101,Nemipteridae,Pentapodus,porosus,1,94.304
20_RB101,Scombridae,Scomberomorus,spp,1,457.867
20_RB101,Serranidae,Epinephelus,bilobatus,1,266.224
20_RB101,Serranidae,Epinephelus,bilobatus,1,277.705
20_RB102,Carangidae,Scomberoides,commersonnianus,1,691.168
20_RB102,Carangidae,Scomberoides,commersonnianus,1,715.087
20_RB102,Carangidae,Turrum,fulvoguttatum,1,235.846
20_RB102,Carangidae,Turrum,gymnostethus,1,258.511
20_RB102,Carangidae,Turrum,gymnostethus,1,284.083
20_RB102,Carangidae,Atule,mate,1,260.841
20_RB102,Carangidae,Atule,mate,1,239.808
20_RB102,Carangidae,Atule,mate,1,228.125
20_RB102,Carangidae,Atule,mate,1,221.716
20_RB102,Carangidae,Atule,mate,1,238.595
20_RB102,Carangidae,Atule,mate,1,255.32
20_RB102,Carangidae,Atule,mate,1,228.289
20_RB102,Carangidae,Atule,mate,1,268.65
20_RB102,Carangidae,Atule,mate,1,237.368
20_RB102,Carangidae,Atule,mate,1,228.983
20_RB102,Carangidae,Atule,mate,1,217.482
20_RB102,Carangidae,Atule,mate,1,237.205
20_RB102,Carangidae,Atule,mate,1,225.7
20_RB102,Carangidae,Atule,mate,1,220.61
20_RB102,Carangidae,Atule,mate,1,304.041
20_RB102,Carangidae,Atule,mate,1,242.445
20_RB102,Carangidae,Atule,mate,1,248.84
20_RB102,Carangidae,Atule,mate,1,239.657
20_RB102,Carangidae,Atule,mate,1,262.905
20_RB102,Carangidae,Atule,mate,1,214.22
20_RB102,Carangidae,Atule,mate,1,233.894
20_RB102,Carangidae,Atule,mate,1,258.185
20_RB102,Carangidae,Atule,mate,1,245.652
20_RB102,Carangidae,Atule,mate,1,234.417
20_RB102,Carangidae,Atule,mate,1,246.938
20_RB102,Carangidae,Atule,mate,1,298.161
20_RB102,Carangidae,Atule,mate,1,215.21
20_RB102,Carangidae,Atule,mate,1,186.026
20_RB102,Carangidae,Atule,mate,1,226.22
20_RB102,Carangidae,Atule,mate,1,257.879
20_RB102,Carangidae,Atule,mate,1,218.271
20_RB102,Carangidae,Atule,mate,1,251.698
20_RB102,Carangidae,Atule,mate,1,180.214
20_RB102,Carangidae,Atule,mate,1,220.138
20_RB102,Carangidae,Gnathanodon,speciosus,1,281.517
20_RB102,Carangidae,Gnathanodon,speciosus,1,250.42
20_RB102,Carangidae,Gnathanodon,speciosus,1,289.441
20_RB102,Carangidae,Gnathanodon,speciosus,1,274.558
20_RB102,Carangidae,Gnathanodon,speciosus,1,277.518
20_RB102,Carangidae,Gnathanodon,speciosus,1,302.268
20_RB102,Carangidae,Gnathanodon,speciosus,1,269.611
20_RB102,Carangidae,Gnathanodon,speciosus,1,278.546
20_RB102,Carangidae,Gnathanodon,speciosus,1,275.529
20_RB102,Carangidae,Gnathanodon,speciosus,1,267.213
20_RB102,Carangidae,Gnathanodon,speciosus,1,285.264
20_RB102,Carangidae,Gnathanodon,speciosus,1,270.461
20_RB102,Carangidae,Gnathanodon,speciosus,1,300.796
20_RB102,Carangidae,Gnathanodon,speciosus,1,274.709
20_RB102,Carangidae,Gnathanodon,speciosus,1,288.389
20_RB102,Carcharhinidae,Carcharhinus,coatesi,1,666.934
20_RB102,Echeneidae,Echeneis,naucrates,1,254.484
20_RB102,Labridae,Choerodon,cauteroma,1,207.213
20_RB102,Labridae,Choerodon,cauteroma,1,235.901
20_RB102,Labridae,Choerodon,cauteroma,1,257.597
20_RB102,Labridae,Choerodon,cauteroma,1,284.477
20_RB102,Labridae,Choerodon,cephalotes,1,313.412
20_RB102,Labridae,Choerodon,cephalotes,1,300.991
20_RB102,Lethrinidae,Lethrinus,genivittatus,1,66.839
20_RB102,Lethrinidae,Lethrinus,genivittatus,1,48.793
20_RB102,Lethrinidae,Lethrinus,nebulosus,1,90.939
20_RB102,Lethrinidae,Lethrinus,punctulatus,1,268.671
20_RB102,Lethrinidae,Lethrinus,punctulatus,1,280.592
20_RB102,Lethrinidae,Lethrinus,punctulatus,1,278.893
20_RB102,Lethrinidae,Lethrinus,punctulatus,1,265.012
20_RB102,Lethrinidae,Lethrinus,punctulatus,1,239.711
20_RB102,Lethrinidae,Lethrinus,punctulatus,1,255.872
20_RB102,Mullidae,Upeneus,tragula,1,74.467
20_RB102,Mullidae,Upeneus,tragula,1,68.538
20_RB102,Mullidae,Upeneus,tragula,1,55.235
20_RB102,Mullidae,Upeneus,tragula,1,58.545
20_RB102,Nemipteridae,Scolopsis,monogramma,1,188.006
20_RB102,Nemipteridae,Scolopsis,monogramma,1,240.447
20_RB102,Nemipteridae,Pentapodus,porosus,1,74.184
20_RB102,Nemipteridae,Pentapodus,porosus,1,76.658
20_RB102,Nemipteridae,Pentapodus,porosus,1,81.738
20_RB102,Nemipteridae,Pentapodus,porosus,1,71.244
20_RB102,Nemipteridae,Pentapodus,porosus,1,78.212
20_RB102,Pomacanthidae,Chaetodontoplus,duboulayi,1,136.472
20_RB102,Scombridae,Scomberomorus,spp,1,491.193
20_RB102,Serranidae,Epinephelus,bilobatus,1,246.652
20_RB102,Serranidae,Epinephelus,bilobatus,1,205.42
20_RB102,Siganidae,Siganus,canaliculatus,1,61.082
20_RB102,Siganidae,Siganus,canaliculatus,1,72.915
20_RB102,Siganidae,Siganus,canaliculatus,1,71.592
20_RB102,Sphyrnidae,Sphyrna,mokarran,1,2020.83
20_RB102,Stegostomatidae,Stegostoma,tigrinum,1,1136.712
20_RB104,Carangidae,Scomberoides,commersonnianus,1,743.109
20_RB104,Carangidae,Atule,mate,1,135.114
20_RB104,Carangidae,Atule,mate,1,163.658
20_RB104,Carangidae,Atule,mate,1,140.623
20_RB104,Carangidae,Atule,mate,1,159.594
20_RB104,Carangidae,Gnathanodon,speciosus,1,45.341
20_RB104,Carangidae,Gnathanodon,speciosus,1,40.273
20_RB104,Carangidae,Gnathanodon,speciosus,1,25.088
20_RB104,Carcharhinidae,Rhizoprionodon,acutus,1,726.731
20_RB104,Carcharhinidae,Galeocerdo,cuvier,1,923.488
20_RB104,Echeneidae,Echeneis,naucrates,1,379.574
20_RB104,Echeneidae,Echeneis,naucrates,1,546.106
20_RB104,Echeneidae,Echeneis,naucrates,1,550.09
20_RB104,Hemiscylliidae,Chiloscyllium,punctatum,1,738.446
20_RB104,Labridae,Choerodon,cauteroma,1,175.223
20_RB104,Labridae,Choerodon,cauteroma,1,148.912
20_RB104,Labridae,Choerodon,cauteroma,1,222.562
20_RB104,Labridae,Choerodon,cephalotes,1,163.58
20_RB104,Labridae,Choerodon,cephalotes,1,179.443
20_RB104,Labridae,Choerodon,vitta,1,128.327
20_RB104,Lethrinidae,Lethrinus,lentjan,1,180.984
20_RB104,Lethrinidae,Lethrinus,punctulatus,1,194.159
20_RB104,Lethrinidae,Lethrinus,punctulatus,1,196.594
20_RB104,Lethrinidae,Lethrinus,punctulatus,1,172.328
20_RB104,Lutjanidae,Lutjanus,carponotatus,1,202.688
20_RB104,Mullidae,Upeneus,tragula,1,164.207
20_RB104,Nemipteridae,Scolopsis,monogramma,1,198.539
20_RB104,Nemipteridae,Pentapodus,porosus,1,183.443
20_RB104,Nemipteridae,Pentapodus,porosus,1,137.751
20_RB104,Nemipteridae,Pentapodus,porosus,1,167.458
20_RB104,Nemipteridae,Pentapodus,porosus,1,163.064
20_RB104,Nemipteridae,Pentapodus,porosus,1,151.745
20_RB104,Nemipteridae,Pentapodus,porosus,1,181.428
20_RB104,Nemipteridae,Pentapodus,porosus,1,172.639
20_RB104,Pomacanthidae,Chaetodontoplus,duboulayi,1,143.262
20_RB104,Pomacanthidae,Chaetodontoplus,duboulayi,1,99.287
20_RB104,Pomacentridae,Amphiprion,clarkii,1,67.487
20_RB104,Pomacentridae,Amphiprion,clarkii,1,89.579
20_RB104,Pseudochromidae,Labracinus,cyclophthalmus,1,187.586
20_RB104,Scombridae,Scomberomorus,spp,1,629.159
20_RB104,Scombridae,Scomberomorus,spp,1,454.569
20_RB104,Scombridae,Scomberomorus,spp,1,416.894
20_RB104,Scombridae,Scomberomorus,spp,1,466.104
20_RB104,Scombridae,Scomberomorus,spp,1,416.831
20_RB104,Serranidae,Epinephelus,bilobatus,1,254.091
20_RB104,Serranidae,Epinephelus,bilobatus,1,259.372
20_RB104,Serranidae,Epinephelus,bilobatus,1,183.424
20_RB104,Serranidae,Epinephelus,coioides,1,429.317
20_RB104,Serranidae,Epinephelus,quoyanus,1,227.397
20_RB104,Siganidae,Siganus,canaliculatus,1,64.761
20_RB104,Siganidae,Siganus,canaliculatus,1,71.761
20_RB109,Ariidae,Netuma,thalassina,1,549.447
20_RB109,Ariidae,Netuma,thalassina,1,464.534
20_RB109,Carangidae,Scomberoides,commersonnianus,1,621.269
20_RB109,Carangidae,Atule,mate,1,217.036
20_RB109,Carangidae,Atule,mate,1,207.966
20_RB109,Carangidae,Atule,mate,1,233.884
20_RB109,Carangidae,Atule,mate,1,248.564
20_RB109,Carangidae,Atule,mate,1,202.3
20_RB109,Carangidae,Atule,mate,1,232.629
20_RB109,Carangidae,Atule,mate,1,244.701
20_RB109,Carangidae,Caranx,papuensis,1,860.757
20_RB109,Carangidae,Gnathanodon,speciosus,1,614.775
20_RB109,Labridae,Choerodon,cauteroma,1,244.877
20_RB109,Labridae,Choerodon,cephalotes,1,63.514
20_RB109,Labridae,Coris,pictoides,1,30.652
20_RB109,Labridae,Coris,pictoides,1,33.095
20_RB109,Lethrinidae,Lethrinus,genivittatus,1,51.762
20_RB109,Lethrinidae,Lethrinus,genivittatus,1,49.075
20_RB109,Lethrinidae,Lethrinus,genivittatus,1,44.959
20_RB109,Lethrinidae,Lethrinus,punctulatus,1,259.15
20_RB109,Lethrinidae,Lethrinus,punctulatus,1,277.459
20_RB109,Lethrinidae,Lethrinus,punctulatus,1,349.454
20_RB109,Lethrinidae,Lethrinus,punctulatus,1,250.747
20_RB109,Lethrinidae,Lethrinus,punctulatus,1,266.083
20_RB109,Lethrinidae,Lethrinus,punctulatus,1,280.933
20_RB109,Lutjanidae,Symphorus,nematophorus,1,551.282
20_RB109,Mullidae,Upeneus,tragula,1,40.344
20_RB109,Nemipteridae,Pentapodus,porosus,1,71.618
20_RB109,Nemipteridae,Pentapodus,porosus,1,69.093
20_RB109,Nemipteridae,Pentapodus,porosus,1,87.66
20_RB109,Nemipteridae,Pentapodus,porosus,1,53.691
20_RB109,Pomacanthidae,Chaetodontoplus,duboulayi,1,180.926
20_RB109,Scombridae,Scomberomorus,spp,1,399.367
20_RB109,Scombridae,Scomberomorus,spp,1,542.995
20_RB109,Scombridae,Scomberomorus,spp,1,417.836
20_RB109,Serranidae,Epinephelus,bilobatus,1,295.043
20_RB109,Serranidae,Epinephelus,bilobatus,1,298.663
20_RB109,Serranidae,Epinephelus,bilobatus,1,324.838
20_RB109,Serranidae,Epinephelus,bilobatus,1,294.442
20_RB109,Serranidae,Plectropomus,spp,1,364.212
20_RB109,Serranidae,Plectropomus,spp,1,400.405
20_RB109,Siganidae,Siganus,canaliculatus,1,224.777
20_RB10A,Carangidae,Atule,mate,1,204.134
20_RB10A,Carangidae,Atule,mate,1,214.527
20_RB10A,Carangidae,Atule,mate,1,214.372
20_RB10A,Carcharhinidae,Carcharhinus,coatesi,1,626.587
20_RB10A,Carcharhinidae,Carcharhinus,coatesi,1,642.619
20_RB10A,Glaucosomatidae,Glaucosoma,magnificum,1,197.091
20_RB10A,Labridae,Choerodon,cauteroma,1,174.642
20_RB10A,Labridae,Choerodon,cauteroma,1,269.441
20_RB10A,Labridae,Choerodon,cauteroma,1,253.605
20_RB10A,Labridae,Choerodon,cauteroma,1,218.314
20_RB10A,Labridae,Choerodon,cephalotes,1,191.927
20_RB10A,Labridae,Anampses,lennardi,1,217.276
20_RB10A,Labridae,Choerodon,vitta,1,200.202
20_RB10A,Lethrinidae,Lethrinus,genivittatus,1,50.369
20_RB10A,Lethrinidae,Lethrinus,laticaudis,1,244.707
20_RB10A,Lethrinidae,Lethrinus,punctulatus,1,220.159
20_RB10A,Lethrinidae,Lethrinus,punctulatus,1,193.638
20_RB10A,Lethrinidae,Lethrinus,punctulatus,1,211.492
20_RB10A,Lethrinidae,Lethrinus,punctulatus,1,203.966
20_RB10A,Lethrinidae,Lethrinus,punctulatus,1,224.139
20_RB10A,Lethrinidae,Lethrinus,punctulatus,1,215.619
20_RB10A,Lethrinidae,Lethrinus,punctulatus,1,207.387
20_RB10A,Lethrinidae,Lethrinus,punctulatus,1,226.136
20_RB10A,Lethrinidae,Lethrinus,punctulatus,1,213.507
20_RB10A,Lutjanidae,Lutjanus,carponotatus,1,308.888
20_RB10A,Lutjanidae,Lutjanus,carponotatus,1,287.873
20_RB10A,Monacanthidae,Monacanthus,chinensis,1,198.543
20_RB10A,Mullidae,Upeneus,tragula,1,176.838
20_RB10A,Mullidae,Upeneus,tragula,1,183.232
20_RB10A,Mullidae,Upeneus,tragula,1,190.228
20_RB10A,Mullidae,Upeneus,tragula,1,172.263
20_RB10A,Nemipteridae,Scolopsis,monogramma,1,154.605
20_RB10A,Nemipteridae,Scolopsis,monogramma,1,180.772
20_RB10A,Nemipteridae,Scolopsis,monogramma,1,197.245
20_RB10A,Nemipteridae,Pentapodus,porosus,1,177.373
20_RB10A,Nemipteridae,Pentapodus,porosus,1,209.459
20_RB10A,Nemipteridae,Pentapodus,porosus,1,177.958
20_RB10A,Nemipteridae,Pentapodus,porosus,1,206.865
20_RB10A,Nemipteridae,Pentapodus,porosus,1,185.04
20_RB10A,Pomacanthidae,Chaetodontoplus,duboulayi,1,159.068
20_RB10A,Scombridae,Scomberomorus,spp,1,571.291
20_RB10A,Scombridae,Scomberomorus,spp,1,501.558
20_RB10A,Scombridae,Scomberomorus,spp,1,418.942
20_RB10A,Scombridae,Scomberomorus,spp,1,450.323
20_RB10A,Serranidae,Epinephelus,bilobatus,1,225.766
20_RB10A,Serranidae,Epinephelus,bilobatus,1,202.527
20_RB10A,Serranidae,Epinephelus,bilobatus,1,222.11
20_RB10A,Serranidae,Epinephelus,bilobatus,1,257.351
20_RB10A,Serranidae,Epinephelus,quoyanus,1,284.951
20_RB10A,Serranidae,Epinephelus,quoyanus,1,198.238
20_RB10A,Siganidae,Siganus,canaliculatus,1,233.74
20_RB111,Carangidae,Scomberoides,commersonnianus,1,708.146
20_RB111,Carangidae,Turrum,fulvoguttatum,1,349.311
20_RB111,Carangidae,Selaroides,leptolepis,1,159.32
20_RB111,Carangidae,Atule,mate,1,222.694
20_RB111,Carangidae,Atule,mate,1,207.641
20_RB111,Carangidae,Atule,mate,1,222.257
20_RB111,Carcharhinidae,Carcharhinus,coatesi,1,704.774
20_RB111,Echeneidae,Echeneis,naucrates,1,190.677
20_RB111,Elopidae,Elops,hawaiensis,1,799.839
20_RB111,Elopidae,Elops,hawaiensis,1,813.466
20_RB111,Labridae,Choerodon,cauteroma,1,176.806
20_RB111,Labridae,Choerodon,cephalotes,1,275.932
20_RB111,Labridae,Choerodon,cephalotes,1,247.6
20_RB111,Labridae,Macropharyngodon,negrosensis,1,42.045
20_RB111,Labridae,Coris,pictoides,1,47.624
20_RB111,Labridae,Choerodon,vitta,1,91.042
20_RB111,Lethrinidae,Lethrinus,genivittatus,1,57.016
20_RB111,Lethrinidae,Lethrinus,punctulatus,1,260.504
20_RB111,Lethrinidae,Lethrinus,punctulatus,1,285.104
20_RB111,Lethrinidae,Lethrinus,punctulatus,1,252.784
20_RB111,Lethrinidae,Lethrinus,punctulatus,1,266.173
20_RB111,Lethrinidae,Lethrinus,punctulatus,1,259.954
20_RB111,Mullidae,Upeneus,tragula,1,64.095
20_RB111,Nemipteridae,Scolopsis,monogramma,1,195.11
20_RB111,Nemipteridae,Pentapodus,porosus,1,85.89
20_RB111,Nemipteridae,Pentapodus,porosus,1,86.12
20_RB111,Nemipteridae,Pentapodus,porosus,1,86.372
20_RB111,Nemipteridae,Pentapodus,porosus,1,87.658
20_RB111,Nemipteridae,Pentapodus,porosus,1,92.529
20_RB111,Nemipteridae,Pentapodus,porosus,1,101.265
20_RB111,Pomacanthidae,Chaetodontoplus,duboulayi,1,150.801
20_RB111,Pomacanthidae,Chaetodontoplus,duboulayi,1,144.281
20_RB111,Scombridae,Scomberomorus,spp,1,476.756
20_RB111,Serranidae,Epinephelus,bilobatus,1,263.39
20_RB111,Serranidae,Epinephelus,bilobatus,1,242.935
20_RB111,Serranidae,Epinephelus,bilobatus,1,230.727
20_RB111,Sphyrnidae,Sphyrna,mokarran,1,1874.095
20_RB113,Ariidae,Netuma,thalassina,1,494.863
20_RB113,Ariidae,Netuma,thalassina,1,551.163
20_RB113,Balistidae,Abalistes,stellatus,1,216.681
20_RB113,Carangidae,Atropus,hedlandensis,1,181.374
20_RB113,Carangidae,Atropus,hedlandensis,1,199.739
20_RB113,Carangidae,Atule,mate,1,255.89
20_RB113,Carangidae,Atule,mate,1,218.059
20_RB113,Carangidae,Atule,mate,1,253.23
20_RB113,Carangidae,Atule,mate,1,257.343
20_RB113,Carangidae,Atule,mate,1,242.211
20_RB113,Chaetodontidae,Chaetodon,aureofasciatus,1,140.424
20_RB113,Chaetodontidae,Chaetodon,aureofasciatus,1,129.536
20_RB113,Chaetodontidae,Chelmon,marginalis,1,155.613
20_RB113,Chaetodontidae,Chelmon,marginalis,1,148.734
20_RB113,Labridae,Choerodon,cauteroma,1,262.718
20_RB113,Labridae,Choerodon,cauteroma,1,270.294
20_RB113,Labridae,Choerodon,cephalotes,1,294.418
20_RB113,Labridae,Choerodon,cephalotes,1,416.288
20_RB113,Labridae,Choerodon,schoenleinii,1,285.734
20_RB113,Labridae,Choerodon,schoenleinii,1,486.197
20_RB113,Nemipteridae,Scolopsis,monogramma,1,300.548
20_RB113,Nemipteridae,Pentapodus,porosus,1,58.879
20_RB113,Nemipteridae,Pentapodus,porosus,1,73.342
20_RB113,Nemipteridae,Pentapodus,porosus,1,62.383
20_RB113,Pomacanthidae,Chaetodontoplus,duboulayi,1,201.62
20_RB113,Scombridae,Scomberomorus,spp,1,396.807
20_RB113,Scombridae,Scomberomorus,spp,1,462.65
20_RB113,Serranidae,Epinephelus,bilobatus,1,272.412
20_RB113,Serranidae,Epinephelus,bilobatus,1,290.138
20_RB113,Serranidae,Epinephelus,bilobatus,1,269.791
20_RB113,Serranidae,Epinephelus,bilobatus,1,314.644
20_RB113,Serranidae,Plectropomus,spp,1,295.744
20_RB113,Serranidae,Plectropomus,spp,1,396.519
20_RB113,Sphyrnidae,Sphyrna,mokarran,1,2112.867
20_RB116,Carangidae,Scomberoides,commersonnianus,1,645.452
20_RB116,Carcharhinidae,Galeocerdo,cuvier,1,2428.829
20_RB116,Echeneidae,Echeneis,naucrates,1,310.533
20_RB116,Echeneidae,Echeneis,naucrates,1,165.31
20_RB116,Labridae,Choerodon,cauteroma,1,198.338
20_RB116,Labridae,Choerodon,cauteroma,1,171.343
20_RB116,Labridae,Anampses,lennardi,1,197.826
20_RB116,Labridae,Anampses,lennardi,1,151.782
20_RB116,Labridae,Choerodon,vitta,1,127.259
20_RB116,Lethrinidae,Lethrinus,punctulatus,1,191.637
20_RB116,Lethrinidae,Lethrinus,punctulatus,1,204.367
20_RB116,Lethrinidae,Lethrinus,punctulatus,1,206.2
20_RB116,Lethrinidae,Lethrinus,punctulatus,1,200.134
20_RB116,Mullidae,Parupeneus,indicus,1,168.619
20_RB116,Mullidae,Parupeneus,indicus,1,185.934
20_RB116,Nemipteridae,Scolopsis,monogramma,1,192.894
20_RB116,Nemipteridae,Pentapodus,porosus,1,183.625
20_RB116,Nemipteridae,Pentapodus,porosus,1,174.134
20_RB116,Nemipteridae,Pentapodus,porosus,1,179.51
20_RB116,Nemipteridae,Pentapodus,porosus,1,151.099
20_RB116,Nemipteridae,Pentapodus,porosus,1,176.621
20_RB116,Nemipteridae,Pentapodus,porosus,1,180.374
20_RB116,Pomacanthidae,Chaetodontoplus,duboulayi,1,108.109
20_RB116,Scaridae,Scarus,ghobban,1,190.113
20_RB116,Scombridae,Scomberomorus,spp,1,423.092
20_RB116,Scombridae,Scomberomorus,spp,1,476.566
20_RB116,Scombridae,Scomberomorus,spp,1,433.841
20_RB116,Scombridae,Scomberomorus,spp,1,545.177
20_RB116,Serranidae,Epinephelus,bilobatus,1,279.737
20_RB116,Serranidae,Epinephelus,bilobatus,1,192.008
20_RB116,Serranidae,Plectropomus,spp,1,360.65
20_RB116,Siganidae,Siganus,canaliculatus,1,210.939
20_RB116,Siganidae,Siganus,canaliculatus,1,221.475
20_RB116,Siganidae,Siganus,canaliculatus,1,211.731
20_RB116,Siganidae,Siganus,canaliculatus,1,210.114
20_RB116,Siganidae,Siganus,canaliculatus,1,228.159
20_RB116,Siganidae,Siganus,canaliculatus,1,206.098
20_RB118,Balistidae,Abalistes,stellatus,1,329.718
20_RB118,Carangidae,Scomberoides,commersonnianus,1,688.809
20_RB118,Carangidae,Scomberoides,commersonnianus,1,755.07
20_RB118,Carangidae,Turrum,gymnostethus,1,204.356
20_RB118,Echeneidae,Echeneis,naucrates,1,480.454
20_RB118,Hemiscylliidae,Chiloscyllium,punctatum,1,607.832
20_RB118,Labridae,Choerodon,cauteroma,1,235.047
20_RB118,Labridae,Choerodon,cauteroma,1,207.693
20_RB118,Labridae,Choerodon,cauteroma,1,224.807
20_RB118,Labridae,Choerodon,cephalotes,1,232.496
20_RB118,Labridae,Choerodon,cephalotes,1,185.28
20_RB118,Labridae,Choerodon,cephalotes,1,189.864
20_RB118,Labridae,Anampses,lennardi,1,295.487
20_RB118,Labridae,Choerodon,schoenleinii,1,553.58
20_RB118,Lethrinidae,Lethrinus,punctulatus,1,257.712
20_RB118,Lethrinidae,Lethrinus,punctulatus,1,207.522
20_RB118,Lethrinidae,Lethrinus,punctulatus,1,212.695
20_RB118,Lethrinidae,Lethrinus,punctulatus,1,263.198
20_RB118,Lethrinidae,Lethrinus,punctulatus,1,225.016
20_RB118,Lethrinidae,Lethrinus,punctulatus,1,237.931
20_RB118,Lethrinidae,Lethrinus,punctulatus,1,217.723
20_RB118,Lethrinidae,Lethrinus,punctulatus,1,251.804
20_RB118,Lethrinidae,Lethrinus,punctulatus,1,239.026
20_RB118,Lethrinidae,Lethrinus,punctulatus,1,208.746
20_RB118,Mullidae,Upeneus,tragula,1,203.91
20_RB118,Nemipteridae,Scolopsis,monogramma,1,247.558
20_RB118,Pomacanthidae,Chaetodontoplus,duboulayi,1,226.065
20_RB118,Scombridae,Scomberomorus,spp,1,549.3
20_RB118,Scombridae,Scomberomorus,spp,1,406.492
20_RB118,Serranidae,Epinephelus,bilobatus,1,269.252
20_RB118,Serranidae,Epinephelus,quoyanus,1,278.977
20_RB118,Serranidae,Plectropomus,spp,1,379.949
20_RB118,Siganidae,Siganus,canaliculatus,1,264.408
20_RB118,Siganidae,Siganus,canaliculatus,1,350.52
20_RB118,Siganidae,Siganus,canaliculatus,1,240.708
20_RB118,Siganidae,Siganus,canaliculatus,1,312.667
20_RB118,Siganidae,Siganus,canaliculatus,1,206.746
20_RB118,Siganidae,Siganus,canaliculatus,1,354.313
20_RB118,Siganidae,Siganus,canaliculatus,1,250.261
20_RB118,Sphyraenidae,Sphyraena,jello,1,977.246
20_RB125,Carangidae,Selaroides,leptolepis,1,149.966
20_RB125,Carangidae,Gnathanodon,speciosus,1,222.929
20_RB125,Carangidae,Gnathanodon,speciosus,1,239.326
20_RB125,Echeneidae,Echeneis,naucrates,1,548.066
20_RB125,Echeneidae,Echeneis,naucrates,1,595.546
20_RB125,Labridae,Choerodon,cauteroma,1,324.066
20_RB125,Labridae,Choerodon,cauteroma,1,258.539
20_RB125,Labridae,Choerodon,cephalotes,1,292.081
20_RB125,Labridae,Anampses,lennardi,1,242.156
20_RB125,Lethrinidae,Lethrinus,punctulatus,1,241.869
20_RB125,Lethrinidae,Lethrinus,punctulatus,1,198.191
20_RB125,Lethrinidae,Lethrinus,punctulatus,1,216.37
20_RB125,Lethrinidae,Lethrinus,punctulatus,1,207.305
20_RB125,Lethrinidae,Lethrinus,punctulatus,1,198.611
20_RB125,Lethrinidae,Lethrinus,punctulatus,1,192.657
20_RB125,Lethrinidae,Lethrinus,punctulatus,1,200.35
20_RB125,Lethrinidae,Lethrinus,punctulatus,1,226.266
20_RB125,Lethrinidae,Lethrinus,punctulatus,1,200.46
20_RB125,Lethrinidae,Lethrinus,punctulatus,1,210.035
20_RB125,Mullidae,Parupeneus,indicus,1,234.567
20_RB125,Mullidae,Upeneus,tragula,1,64.996
20_RB125,Nemipteridae,Pentapodus,porosus,1,215.907
20_RB125,Pomacanthidae,Chaetodontoplus,duboulayi,1,159.82
20_RB125,Scombridae,Scomberomorus,spp,1,469.971
20_RB125,Serranidae,Epinephelus,bilobatus,1,256.159
20_RB125,Serranidae,Epinephelus,bilobatus,1,248.72
20_RB125,Serranidae,Epinephelus,bilobatus,1,308.703
20_RB125,Serranidae,Plectropomus,spp,1,489.669
20_RB125,Siganidae,Siganus,canaliculatus,1,212.15
20_RB125,Siganidae,Siganus,canaliculatus,1,227.138
20_RB125,Siganidae,Siganus,canaliculatus,1,212.249
20_RB125,Siganidae,Siganus,canaliculatus,1,224.183
20_RB125,Siganidae,Siganus,canaliculatus,1,243.028
20_RB129,Carangidae,Turrum,fulvoguttatum,1,250.703
20_RB129,Carangidae,Turrum,fulvoguttatum,1,246.775
20_RB129,Carangidae,Atule,mate,1,246.787
20_RB129,Carangidae,Atule,mate,1,233.613
20_RB129,Carangidae,Atule,mate,1,259.957
20_RB129,Carangidae,Atule,mate,1,237.963
20_RB129,Carcharhinidae,Carcharhinus,sorrah,1,582.402
20_RB129,Echeneidae,Echeneis,naucrates,1,364.485
20_RB129,Ephippidae,Platax,batavianus,1,235.615
20_RB129,Ginglymostomatidae,Nebrius,ferrugineus,1,2471.982
20_RB129,Hemiscylliidae,Chiloscyllium,punctatum,1,701.89
20_RB129,Labridae,Choerodon,cauteroma,1,315.749
20_RB129,Labridae,Choerodon,cauteroma,1,231.124
20_RB129,Labridae,Choerodon,cephalotes,1,341.304
20_RB129,Labridae,Choerodon,schoenleinii,1,458.114
20_RB129,Labridae,Choerodon,vitta,1,109.037
20_RB129,Labridae,Choerodon,vitta,1,107.997
20_RB129,Lethrinidae,Lethrinus,genivittatus,1,71.23
20_RB129,Lethrinidae,Lethrinus,genivittatus,1,71.445
20_RB129,Lethrinidae,Lethrinus,laticaudis,1,243.54
20_RB129,Lethrinidae,Lethrinus,laticaudis,1,279.943
20_RB129,Lethrinidae,Lethrinus,punctulatus,1,315.273
20_RB129,Lethrinidae,Lethrinus,punctulatus,1,265.898
20_RB129,Lethrinidae,Lethrinus,punctulatus,1,331.284
20_RB129,Lethrinidae,Lethrinus,punctulatus,1,286.358
20_RB129,Lutjanidae,Lutjanus,carponotatus,1,299.872
20_RB129,Lutjanidae,Lutjanus,carponotatus,1,296.854
20_RB129,Nemipteridae,Scolopsis,monogramma,1,297.748
20_RB129,Nemipteridae,Pentapodus,porosus,1,94.526
20_RB129,Nemipteridae,Pentapodus,porosus,1,85.511
20_RB129,Nemipteridae,Pentapodus,porosus,1,79.425
20_RB129,Pomacanthidae,Chaetodontoplus,duboulayi,1,216.796
20_RB129,Pomacanthidae,Chaetodontoplus,duboulayi,1,206.652
20_RB129,Scombridae,Scomberomorus,spp,1,516.735
20_RB129,Serranidae,Epinephelus,bilobatus,1,284.869
20_RB129,Serranidae,Epinephelus,bilobatus,1,286.161
20_RB129,Serranidae,Epinephelus,bilobatus,1,247.204
20_RB129,Serranidae,Epinephelus,bilobatus,1,296.133
20_RB129,Siganidae,Siganus,canaliculatus,1,207.764
20_RB129,Siganidae,Siganus,canaliculatus,1,154.273
20_RB129,Siganidae,Siganus,canaliculatus,1,241.965
20_RB129,Siganidae,Siganus,canaliculatus,1,256.111
20_RB13,Carangidae,Atropus,hedlandensis,1,242.314
20_RB13,Carangidae,Selaroides,leptolepis,1,158.895
20_RB13,Carangidae,Selaroides,leptolepis,1,168.917
20_RB13,Carangidae,Selaroides,leptolepis,1,165.799
20_RB13,Carangidae,Selaroides,leptolepis,1,153.467
20_RB13,Carangidae,Gnathanodon,speciosus,1,56.744
20_RB13,Carcharhinidae,Galeocerdo,cuvier,1,998.967
20_RB13,Chaetodontidae,Heniochus,acuminatus,1,193.335
20_RB13,Chaetodontidae,Chaetodon,aureofasciatus,1,135.675
20_RB13,Chaetodontidae,Chaetodon,aureofasciatus,1,137.966
20_RB13,Chaetodontidae,Chaetodon,aureofasciatus,1,133.938
20_RB13,Chaetodontidae,Coradion,chrysozonus,1,170.063
20_RB13,Chaetodontidae,Coradion,chrysozonus,1,148.841
20_RB13,Chaetodontidae,Chelmon,marginalis,1,173.12
20_RB13,Chaetodontidae,Chelmon,marginalis,1,161.624
20_RB13,Labridae,Choerodon,cauteroma,1,254.227
20_RB13,Labridae,Choerodon,cauteroma,1,218.587
20_RB13,Labridae,Choerodon,cauteroma,1,245.049
20_RB13,Labridae,Choerodon,cephalotes,1,278.61
20_RB13,Labridae,Coris,pictoides,1,33.507
20_RB13,Labridae,Choerodon,schoenleinii,1,537.798
20_RB13,Lethrinidae,Lethrinus,lentjan,1,286.343
20_RB13,Lethrinidae,Lethrinus,olivaceus,1,391.313
20_RB13,Lethrinidae,Lethrinus,olivaceus,1,281.538
20_RB13,Lethrinidae,Lethrinus,punctulatus,1,277.833
20_RB13,Lethrinidae,Lethrinus,punctulatus,1,260.885
20_RB13,Lethrinidae,Lethrinus,punctulatus,1,265.119
20_RB13,Lethrinidae,Lethrinus,punctulatus,1,276.219
20_RB13,Lethrinidae,Lethrinus,punctulatus,1,266.6
20_RB13,Lethrinidae,Lethrinus,punctulatus,1,396.705
20_RB13,Lethrinidae,Lethrinus,punctulatus,1,286.19
20_RB13,Lethrinidae,Lethrinus,punctulatus,1,313.573
20_RB13,Lethrinidae,Lethrinus,punctulatus,1,266.322
20_RB13,Lutjanidae,Lutjanus,carponotatus,1,278.853
20_RB13,Lutjanidae,Lutjanus,carponotatus,1,259.354
20_RB13,Lutjanidae,Lutjanus,carponotatus,1,268.836
20_RB13,Nemipteridae,Scolopsis,monogramma,1,264.675
20_RB13,Pomacanthidae,Chaetodontoplus,duboulayi,1,212.443
20_RB13,Pomacanthidae,Chaetodontoplus,duboulayi,1,144.654
20_RB13,Scaridae,Scarus,ghobban,1,319.595
20_RB13,Scombridae,Scomberomorus,spp,1,878.884
20_RB13,Serranidae,Epinephelus,bilobatus,1,289.387
20_RB13,Serranidae,Epinephelus,bilobatus,1,239.572
20_RB13,Serranidae,Epinephelus,bilobatus,1,249.782
20_RB13,Serranidae,Epinephelus,bilobatus,1,251.829
20_RB13,Serranidae,Plectropomus,spp,1,310.802
20_RB13,Serranidae,Plectropomus,spp,1,470.91
20_RB13,Serranidae,Plectropomus,spp,1,438.548
20_RB13,Siganidae,Siganus,canaliculatus,1,240.073
20_RB13,Siganidae,Siganus,canaliculatus,1,245.992
20_RB13,Siganidae,Siganus,canaliculatus,1,238.115
20_RB134,Carangidae,Turrum,gymnostethus,1,184.18
20_RB134,Carangidae,Turrum,gymnostethus,1,180.753
20_RB134,Carangidae,Turrum,gymnostethus,1,176.156
20_RB134,Carangidae,Turrum,gymnostethus,1,188.607
20_RB134,Carangidae,Turrum,gymnostethus,1,223.823
20_RB134,Carangidae,Turrum,gymnostethus,1,186.766
20_RB134,Carangidae,Atule,mate,1,235.277
20_RB134,Carangidae,Atule,mate,1,232.284
20_RB134,Carangidae,Atule,mate,1,214.466
20_RB134,Carangidae,Atule,mate,1,232.525
20_RB134,Carangidae,Gnathanodon,speciosus,1,54.772
20_RB134,Carangidae,Gnathanodon,speciosus,1,43.432
20_RB134,Carangidae,Gnathanodon,speciosus,1,44.619
20_RB134,Carangidae,Gnathanodon,speciosus,1,39.762
20_RB134,Carangidae,Gnathanodon,speciosus,1,56.452
20_RB134,Echeneidae,Echeneis,naucrates,1,381.413
20_RB134,Labridae,Choerodon,cauteroma,1,240.821
20_RB134,Labridae,Choerodon,cauteroma,1,245.447
20_RB134,Labridae,Choerodon,cauteroma,1,178.898
20_RB134,Labridae,Choerodon,cephalotes,1,298.202
20_RB134,Labridae,Choerodon,schoenleinii,1,356.882
20_RB134,Lethrinidae,Lethrinus,punctulatus,1,223.078
20_RB134,Lethrinidae,Lethrinus,punctulatus,1,236.596
20_RB134,Lethrinidae,Lethrinus,punctulatus,1,267.194
20_RB134,Lethrinidae,Lethrinus,punctulatus,1,205.522
20_RB134,Lethrinidae,Lethrinus,punctulatus,1,265.699
20_RB134,Lethrinidae,Lethrinus,punctulatus,1,263.581
20_RB134,Lethrinidae,Lethrinus,punctulatus,1,206.38
20_RB134,Lethrinidae,Lethrinus,punctulatus,1,257.264
20_RB134,Lethrinidae,Lethrinus,punctulatus,1,223.23
20_RB134,Lutjanidae,Lutjanus,carponotatus,1,294.562
20_RB134,Lutjanidae,Lutjanus,carponotatus,1,303.527
20_RB134,Nemipteridae,Scolopsis,monogramma,1,261.169
20_RB134,Scombridae,Scomberomorus,spp,1,438.682
20_RB134,Scombridae,Scomberomorus,spp,1,562.322
20_RB134,Serranidae,Epinephelus,bilobatus,1,300.168
20_RB134,Serranidae,Plectropomus,spp,1,399.61
20_RB134,Stegostomatidae,Stegostoma,tigrinum,1,1106.993
20_RB137,Carangidae,Gnathanodon,speciosus,1,260.717
20_RB137,Carangidae,Gnathanodon,speciosus,1,278.129
20_RB137,Carangidae,Gnathanodon,speciosus,1,245.951
20_RB137,Carangidae,Gnathanodon,speciosus,1,257.248
20_RB137,Carangidae,Gnathanodon,speciosus,1,265.578
20_RB137,Carangidae,Gnathanodon,speciosus,1,241.593
20_RB137,Carangidae,Gnathanodon,speciosus,1,253.536
20_RB137,Carcharhinidae,Galeocerdo,cuvier,1,1351.401
20_RB137,Labridae,Choerodon,cauteroma,1,252.924
20_RB137,Labridae,Choerodon,cauteroma,1,399.528
20_RB137,Labridae,Choerodon,cauteroma,1,279.28
20_RB137,Labridae,Pteragogus,enneacanthus,1,53.889
20_RB137,Labridae,Choerodon,schoenleinii,1,346.369
20_RB137,Lethrinidae,Lethrinus,genivittatus,1,67.317
20_RB137,Lethrinidae,Lethrinus,genivittatus,1,47.535
20_RB137,Lethrinidae,Lethrinus,genivittatus,1,69.442
20_RB137,Lethrinidae,Lethrinus,laticaudis,1,244.896
20_RB137,Lethrinidae,Lethrinus,punctulatus,1,291.697
20_RB137,Lutjanidae,Lutjanus,carponotatus,1,310.558
20_RB137,Mullidae,Upeneus,tragula,1,64.039
20_RB137,Nemipteridae,Pentapodus,porosus,1,77.313
20_RB137,Nemipteridae,Pentapodus,porosus,1,69.238
20_RB137,Nemipteridae,Pentapodus,porosus,1,78.96
20_RB137,Nemipteridae,Pentapodus,porosus,1,76.887
20_RB137,Nemipteridae,Pentapodus,porosus,1,60.167
20_RB137,Pomacanthidae,Chaetodontoplus,duboulayi,1,231.138
20_RB137,Scombridae,Scomberomorus,spp,1,455.455
20_RB137,Serranidae,Epinephelus,bilobatus,1,292.88
20_RB137,Serranidae,Plectropomus,spp,1,432.953
20_RB141,Carangidae,Scomberoides,commersonnianus,1,789.63
20_RB141,Carangidae,Scomberoides,commersonnianus,1,676.767
20_RB141,Carangidae,Turrum,fulvoguttatum,1,234.728
20_RB141,Carangidae,Turrum,fulvoguttatum,1,232.357
20_RB141,Carangidae,Atule,mate,1,205.502
20_RB141,Carangidae,Atule,mate,1,207.62
20_RB141,Carangidae,Atule,mate,1,222.314
20_RB141,Chaetodontidae,Chelmon,marginalis,1,155.241
20_RB141,Chaetodontidae,Chelmon,marginalis,1,156.08
20_RB141,Labridae,Choerodon,cauteroma,1,268.852
20_RB141,Labridae,Choerodon,cauteroma,1,263.855
20_RB141,Labridae,Choerodon,cephalotes,1,289.954
20_RB141,Labridae,Choerodon,schoenleinii,1,544.209
20_RB141,Lethrinidae,Lethrinus,laticaudis,1,344.787
20_RB141,Lethrinidae,Lethrinus,punctulatus,1,238.369
20_RB141,Lethrinidae,Lethrinus,punctulatus,1,224.546
20_RB141,Lethrinidae,Lethrinus,punctulatus,1,245.137
20_RB141,Lethrinidae,Lethrinus,punctulatus,1,268.823
20_RB141,Lethrinidae,Lethrinus,punctulatus,1,241.589
20_RB141,Lethrinidae,Lethrinus,punctulatus,1,244.375
20_RB141,Lutjanidae,Lutjanus,carponotatus,1,283.043
20_RB141,Lutjanidae,Lutjanus,carponotatus,1,314.276
20_RB141,Pomacanthidae,Chaetodontoplus,duboulayi,1,163.879
20_RB141,Scombridae,Scomberomorus,spp,1,629.29
20_RB141,Scombridae,Scomberomorus,spp,1,613.167
20_RB141,Serranidae,Epinephelus,bilobatus,1,271.948
20_RB141,Serranidae,Epinephelus,bilobatus,1,272.496
20_RB141,Serranidae,Plectropomus,spp,1,535.77
20_RB141,Serranidae,Plectropomus,spp,1,319.074
20_RB145,Carangidae,Turrum,fulvoguttatum,1,316.959
20_RB145,Carangidae,Turrum,fulvoguttatum,1,227.4
20_RB145,Carangidae,Gnathanodon,speciosus,1,46.39
20_RB145,Carangidae,Gnathanodon,speciosus,1,37.761
20_RB145,Carangidae,Gnathanodon,speciosus,1,33.643
20_RB145,Carangidae,Gnathanodon,speciosus,1,33.12
20_RB145,Carangidae,Gnathanodon,speciosus,1,33.235
20_RB145,Carangidae,Gnathanodon,speciosus,1,29.219
20_RB145,Carangidae,Gnathanodon,speciosus,1,27.388
20_RB145,Carangidae,Gnathanodon,speciosus,1,26.398
20_RB145,Chaetodontidae,Chelmon,muelleri,1,162.596
20_RB145,Echeneidae,Echeneis,naucrates,1,318.189
20_RB145,Haemulidae,Diagramma,pictum,1,309.245
20_RB145,Labridae,Choerodon,cauteroma,1,333.402
20_RB145,Labridae,Choerodon,cauteroma,1,345.083
20_RB145,Lethrinidae,Lethrinus,lentjan,1,266.942
20_RB145,Lutjanidae,Lutjanus,carponotatus,1,278.243
20_RB145,Lutjanidae,Lutjanus,carponotatus,1,275.355
20_RB145,Mullidae,Upeneus,tragula,1,223.16
20_RB145,Nemipteridae,Pentapodus,porosus,1,37.768
20_RB145,Pomacanthidae,Chaetodontoplus,duboulayi,1,224.402
20_RB145,Serranidae,Epinephelus,bilobatus,1,248.881
20_RB145,Siganidae,Siganus,canaliculatus,1,251.521
20_RB145,Siganidae,Siganus,canaliculatus,1,229.979
20_RB146,Carangidae,Scomberoides,commersonnianus,1,663.823
20_RB146,Carangidae,Atule,mate,1,224.201
20_RB146,Carangidae,Atule,mate,1,229.377
20_RB146,Carangidae,Atule,mate,1,222.695
20_RB146,Carangidae,Atule,mate,1,211.669
20_RB146,Carangidae,Atule,mate,1,216.338
20_RB146,Carangidae,Atule,mate,1,184.301
20_RB146,Carangidae,Atule,mate,1,301.597
20_RB146,Carangidae,Atule,mate,1,246.15
20_RB146,Carangidae,Atule,mate,1,231.419
20_RB146,Carangidae,Atule,mate,1,199.938
20_RB146,Carangidae,Atule,mate,1,210.27
20_RB146,Carangidae,Atule,mate,1,337.519
20_RB146,Carangidae,Atule,mate,1,231.226
20_RB146,Carangidae,Atule,mate,1,212.747
20_RB146,Carangidae,Atule,mate,1,211.357
20_RB146,Carangidae,Atule,mate,1,209.778
20_RB146,Carangidae,Atule,mate,1,248.016
20_RB146,Carangidae,Atule,mate,1,220.161
20_RB146,Carangidae,Atule,mate,1,244.549
20_RB146,Carangidae,Atule,mate,1,207.088
20_RB146,Carangidae,Atule,mate,1,216.976
20_RB146,Carangidae,Atule,mate,1,231.831
20_RB146,Carangidae,Atule,mate,1,204.34
20_RB146,Carangidae,Atule,mate,1,216.851
20_RB146,Carangidae,Atule,mate,1,189.831
20_RB146,Carangidae,Atule,mate,1,200.347
20_RB146,Carangidae,Atule,mate,1,168.405
20_RB146,Carangidae,Atule,mate,1,248.476
20_RB146,Carangidae,Atule,mate,1,215.626
20_RB146,Carangidae,Atule,mate,1,223.034
20_RB146,Carangidae,Atule,mate,1,263.373
20_RB146,Carcharhinidae,Galeocerdo,cuvier,1,1986.368
20_RB146,Echeneidae,Echeneis,naucrates,1,172.571
20_RB146,Labridae,Choerodon,cauteroma,1,198.539
20_RB146,Labridae,Choerodon,cauteroma,1,213.111
20_RB146,Labridae,Choerodon,cephalotes,1,192.577
20_RB146,Labridae,Choerodon,cephalotes,1,250.956
20_RB146,Labridae,Choerodon,vitta,1,112.425
20_RB146,Lethrinidae,Lethrinus,genivittatus,1,44.236
20_RB146,Lethrinidae,Lethrinus,punctulatus,1,185.751
20_RB146,Lethrinidae,Lethrinus,punctulatus,1,196.694
20_RB146,Monacanthidae,Monacanthus,chinensis,1,264.569
20_RB146,Nemipteridae,Scolopsis,monogramma,1,192.03
20_RB146,Nemipteridae,Scolopsis,monogramma,1,188.35
20_RB146,Nemipteridae,Pentapodus,porosus,1,147.974
20_RB146,Nemipteridae,Pentapodus,porosus,1,159.574
20_RB146,Nemipteridae,Pentapodus,porosus,1,170.147
20_RB146,Nemipteridae,Pentapodus,porosus,1,174.849
20_RB146,Nemipteridae,Pentapodus,porosus,1,183.596
20_RB146,Nemipteridae,Pentapodus,porosus,1,195.157
20_RB146,Nemipteridae,Pentapodus,porosus,1,168.258
20_RB146,Nemipteridae,Pentapodus,porosus,1,177.664
20_RB146,Rachycentridae,Rachycentron,canadum,1,726.641
20_RB146,Scaridae,Scarus,ghobban,1,275.001
20_RB146,Scombridae,Scomberomorus,spp,1,474.476
20_RB146,Serranidae,Epinephelus,bilobatus,1,306.511
20_RB146,Siganidae,Siganus,canaliculatus,1,70.901
20_RB146,Siganidae,Siganus,canaliculatus,1,59.004
20_RB146,Siganidae,Siganus,canaliculatus,1,59.396
20_RB146,Siganidae,Siganus,canaliculatus,1,58.793
20_RB146,Siganidae,Siganus,canaliculatus,1,64.21
20_RB146,Siganidae,Siganus,canaliculatus,1,66.523
20_RB146,Siganidae,Siganus,canaliculatus,1,68.532
20_RB146,Siganidae,Siganus,canaliculatus,1,67.545
20_RB146,Siganidae,Siganus,canaliculatus,1,75.558
20_RB146,Siganidae,Siganus,canaliculatus,1,68.615
20_RB146,Siganidae,Siganus,canaliculatus,1,60.474
20_RB146,Siganidae,Siganus,canaliculatus,1,70.585
20_RB146,Sphyraenidae,Sphyraena,jello,1,1039.393
20_RB149,Carangidae,Scomberoides,commersonnianus,1,608.021
20_RB149,Carangidae,Turrum,fulvoguttatum,1,252.339
20_RB149,Carangidae,Atule,mate,1,242.488
20_RB149,Carangidae,Atule,mate,1,213.546
20_RB149,Carangidae,Atule,mate,1,255.3
20_RB149,Carangidae,Gnathanodon,speciosus,1,52.618
20_RB149,Echeneidae,Echeneis,naucrates,1,214.152
20_RB149,Ginglymostomatidae,Nebrius,ferrugineus,1,2105.826
20_RB149,Labridae,Choerodon,cauteroma,1,224.964
20_RB149,Labridae,Choerodon,cauteroma,1,266.547
20_RB149,Labridae,Choerodon,cephalotes,1,353.465
20_RB149,Labridae,Anampses,lennardi,1,162.214
20_RB149,Labridae,Choerodon,schoenleinii,1,341.234
20_RB149,Lethrinidae,Lethrinus,genivittatus,1,75.242
20_RB149,Lethrinidae,Lethrinus,genivittatus,1,43.218
20_RB149,Lethrinidae,Lethrinus,genivittatus,1,86.053
20_RB149,Lethrinidae,Lethrinus,punctulatus,1,212.312
20_RB149,Lethrinidae,Lethrinus,punctulatus,1,258.421
20_RB149,Lethrinidae,Lethrinus,punctulatus,1,211.714
20_RB149,Lethrinidae,Lethrinus,punctulatus,1,228.422
20_RB149,Lethrinidae,Lethrinus,punctulatus,1,218.849
20_RB149,Lutjanidae,Lutjanus,carponotatus,1,324.579
20_RB149,Mullidae,Upeneus,tragula,1,194.658
20_RB149,Nemipteridae,Scolopsis,monogramma,1,300.023
20_RB149,Nemipteridae,Scolopsis,monogramma,1,384.14
20_RB149,Nemipteridae,Pentapodus,porosus,1,72.829
20_RB149,Nemipteridae,Pentapodus,porosus,1,79.57
20_RB149,Pomacanthidae,Chaetodontoplus,duboulayi,1,200.176
20_RB149,Pomacanthidae,Chaetodontoplus,duboulayi,1,151.126
20_RB149,Scombridae,Scomberomorus,spp,1,460.725
20_RB149,Scombridae,Scomberomorus,spp,1,504.09
20_RB149,Serranidae,Epinephelus,bilobatus,1,287.746
20_RB149,Serranidae,Epinephelus,bilobatus,1,305.3
20_RB149,Serranidae,Plectropomus,spp,1,467.884
20_RB149,Siganidae,Siganus,canaliculatus,1,191.81
20_RB149,Siganidae,Siganus,canaliculatus,1,199.712
20_RB149,Siganidae,Siganus,canaliculatus,1,232.786
20_RB151,Carangidae,Atule,mate,1,277.393
20_RB151,Carangidae,Atule,mate,1,235.209
20_RB151,Carangidae,Gnathanodon,speciosus,1,63.171
20_RB151,Carangidae,Gnathanodon,speciosus,1,63.776
20_RB151,Carangidae,Gnathanodon,speciosus,1,68.804
20_RB151,Carangidae,Gnathanodon,speciosus,1,155.325
20_RB151,Carangidae,Gnathanodon,speciosus,1,56.085
20_RB151,Carangidae,Gnathanodon,speciosus,1,212.194
20_RB151,Carangidae,Gnathanodon,speciosus,1,228.409
20_RB151,Carangidae,Gnathanodon,speciosus,1,66.617
20_RB151,Carangidae,Gnathanodon,speciosus,1,69.533
20_RB151,Carangidae,Gnathanodon,speciosus,1,129.197
20_RB151,Carangidae,Gnathanodon,speciosus,1,65.104
20_RB151,Carangidae,Gnathanodon,speciosus,1,63.164
20_RB151,Carangidae,Gnathanodon,speciosus,1,181.478
20_RB151,Carangidae,Gnathanodon,speciosus,1,63.122
20_RB151,Carangidae,Gnathanodon,speciosus,1,67.825
20_RB151,Carangidae,Gnathanodon,speciosus,1,62.483
20_RB151,Carangidae,Gnathanodon,speciosus,1,71.871
20_RB151,Carangidae,Gnathanodon,speciosus,1,154.868
20_RB151,Carangidae,Gnathanodon,speciosus,1,59.241
20_RB151,Carangidae,Gnathanodon,speciosus,1,59.43
20_RB151,Carangidae,Gnathanodon,speciosus,1,45.467
20_RB151,Carangidae,Gnathanodon,speciosus,1,67.032
20_RB151,Carcharhinidae,Negaprion,acutidens,1,2019.063
20_RB151,Carcharhinidae,Galeocerdo,cuvier,1,1304.911
20_RB151,Echeneidae,Echeneis,naucrates,1,195.036
20_RB151,Labridae,Choerodon,cauteroma,1,224.75
20_RB151,Labridae,Choerodon,cauteroma,1,255.524
20_RB151,Labridae,Choerodon,cauteroma,1,271.305
20_RB151,Labridae,Choerodon,cephalotes,1,257.334
20_RB151,Labridae,Choerodon,cephalotes,1,225.27
20_RB151,Labridae,Anampses,lennardi,1,227.116
20_RB151,Labridae,Anampses,lennardi,1,214.673
20_RB151,Labridae,Anampses,lennardi,1,292.183
20_RB151,Labridae,Choerodon,schoenleinii,1,587.772
20_RB151,Lethrinidae,Lethrinus,punctulatus,1,278.834
20_RB151,Lethrinidae,Lethrinus,punctulatus,1,265.085
20_RB151,Lethrinidae,Lethrinus,punctulatus,1,265.556
20_RB151,Lethrinidae,Lethrinus,punctulatus,1,272.44
20_RB151,Lethrinidae,Lethrinus,punctulatus,1,269.022
20_RB151,Lethrinidae,Lethrinus,punctulatus,1,276.783
20_RB151,Lethrinidae,Lethrinus,punctulatus,1,281.419
20_RB151,Lethrinidae,Lethrinus,punctulatus,1,268.657
20_RB151,Lethrinidae,Lethrinus,punctulatus,1,245.302
20_RB151,Lethrinidae,Lethrinus,punctulatus,1,259.356
20_RB151,Monacanthidae,Monacanthus,chinensis,1,300.051
20_RB151,Monacanthidae,Pseudomonacanthus,peroni,1,272.621
20_RB151,Nemipteridae,Pentapodus,porosus,1,86.067
20_RB151,Pomacanthidae,Chaetodontoplus,duboulayi,1,212.123
20_RB151,Pomacanthidae,Chaetodontoplus,duboulayi,1,162.931
20_RB151,Scombridae,Scomberomorus,spp,1,773.815
20_RB151,Serranidae,Epinephelus,bilobatus,1,250.601
20_RB151,Serranidae,Epinephelus,bilobatus,1,253.402
20_RB151,Serranidae,Epinephelus,bilobatus,1,251.043
20_RB151,Serranidae,Epinephelus,lanceolatus,1,1855.044
20_RB151,Serranidae,Epinephelus,quoyanus,1,372.627
20_RB151,Siganidae,Siganus,canaliculatus,1,219.533
20_RB151,Siganidae,Siganus,canaliculatus,1,298.541
20_RB151,Siganidae,Siganus,canaliculatus,1,250.542
20_RB151,Siganidae,Siganus,canaliculatus,1,272.038
20_RB151,Siganidae,Siganus,canaliculatus,1,232.641
20_RB151,Siganidae,Siganus,canaliculatus,1,271.538
20_RB154,Carangidae,Selaroides,leptolepis,1,138.335
20_RB154,Carangidae,Selaroides,leptolepis,1,145.914
20_RB154,Carangidae,Selaroides,leptolepis,1,151.383
20_RB154,Carangidae,Selaroides,leptolepis,1,152.783
20_RB154,Carangidae,Selaroides,leptolepis,1,136.655
20_RB154,Carcharhinidae,Carcharhinus,coatesi,1,665.799
20_RB154,Carcharhinidae,Carcharhinus,coatesi,1,684.542
20_RB154,Carcharhinidae,Carcharhinus,coatesi,1,725.906
20_RB154,Echeneidae,Echeneis,naucrates,1,636.146
20_RB154,Echeneidae,Echeneis,naucrates,1,769.996
20_RB154,Labridae,Choerodon,cauteroma,1,187.419
20_RB154,Labridae,Choerodon,cauteroma,1,221.047
20_RB154,Labridae,Choerodon,cephalotes,1,179.825
20_RB154,Labridae,Choerodon,cephalotes,1,189.191
20_RB154,Labridae,Anampses,lennardi,1,171.07
20_RB154,Labridae,Anampses,lennardi,1,175.135
20_RB154,Labridae,Choerodon,vitta,1,174.869
20_RB154,Labridae,Choerodon,vitta,1,216.224
20_RB154,Lethrinidae,Lethrinus,laticaudis,1,278.169
20_RB154,Lethrinidae,Lethrinus,punctulatus,1,226.521
20_RB154,Lethrinidae,Lethrinus,punctulatus,1,218.879
20_RB154,Monacanthidae,Monacanthus,chinensis,1,200.491
20_RB154,Nemipteridae,Scolopsis,monogramma,1,183.659
20_RB154,Nemipteridae,Pentapodus,porosus,1,186.055
20_RB154,Nemipteridae,Pentapodus,porosus,1,168.552
20_RB154,Nemipteridae,Pentapodus,porosus,1,210.349
20_RB154,Nemipteridae,Pentapodus,porosus,1,202.126
20_RB154,Nemipteridae,Pentapodus,porosus,1,134.271
20_RB154,Nemipteridae,Pentapodus,porosus,1,168.863
20_RB154,Nemipteridae,Pentapodus,porosus,1,200.507
20_RB154,Nemipteridae,Pentapodus,porosus,1,192.23
20_RB154,Pomacanthidae,Chaetodontoplus,duboulayi,1,133.741
20_RB154,Scombridae,Scomberomorus,spp,1,447.114
20_RB154,Serranidae,Epinephelus,bilobatus,1,290.023
20_RB154,Serranidae,Plectropomus,spp,1,258.64
20_RB165,Carangidae,Turrum,fulvoguttatum,1,232.903
20_RB165,Carangidae,Turrum,fulvoguttatum,1,270.486
20_RB165,Carangidae,Turrum,fulvoguttatum,1,241.29
20_RB165,Carangidae,Turrum,fulvoguttatum,1,218.531
20_RB165,Carangidae,Turrum,fulvoguttatum,1,289.463
20_RB165,Carangidae,Turrum,fulvoguttatum,1,255.348
20_RB165,Carangidae,Turrum,fulvoguttatum,1,230.722
20_RB165,Carangidae,Turrum,fulvoguttatum,1,291.379
20_RB165,Carangidae,Turrum,gymnostethus,1,259.553
20_RB165,Carangidae,Atule,mate,1,190.729
20_RB165,Carangidae,Atule,mate,1,213.621
20_RB165,Carangidae,Atule,mate,1,205.872
20_RB165,Carangidae,Atule,mate,1,203.041
20_RB165,Carangidae,Atule,mate,1,224.002
20_RB165,Carangidae,Atule,mate,1,149.937
20_RB165,Carangidae,Atule,mate,1,184.075
20_RB165,Carangidae,Atule,mate,1,180.805
20_RB165,Carangidae,Atule,mate,1,245.919
20_RB165,Carangidae,Atule,mate,1,175.279
20_RB165,Carangidae,Gnathanodon,speciosus,1,289.18
20_RB165,Carcharhinidae,Galeocerdo,cuvier,1,1999.81
20_RB165,Chaetodontidae,Chelmon,marginalis,1,138.436
20_RB165,Chaetodontidae,Chelmon,marginalis,1,168.875
20_RB165,Echeneidae,Echeneis,naucrates,1,215.978
20_RB165,Elopidae,Elops,hawaiensis,1,1035.595
20_RB165,Labridae,Choerodon,cauteroma,1,272.605
20_RB165,Labridae,Choerodon,cephalotes,1,60.304
20_RB165,Labridae,Choerodon,cephalotes,1,79.879
20_RB165,Lethrinidae,Lethrinus,genivittatus,1,42.109
20_RB165,Lethrinidae,Lethrinus,genivittatus,1,51.129
20_RB165,Lethrinidae,Lethrinus,genivittatus,1,38.934
20_RB165,Lethrinidae,Lethrinus,laticaudis,1,255.448
20_RB165,Lethrinidae,Lethrinus,punctulatus,1,261.066
20_RB165,Lethrinidae,Lethrinus,punctulatus,1,262.672
20_RB165,Lethrinidae,Lethrinus,punctulatus,1,307.278
20_RB165,Mullidae,Upeneus,tragula,1,64.052
20_RB165,Nemipteridae,Scolopsis,monogramma,1,255.579
20_RB165,Nemipteridae,Pentapodus,porosus,1,82.895
20_RB165,Nemipteridae,Pentapodus,porosus,1,71.561
20_RB165,Nemipteridae,Pentapodus,porosus,1,64.504
20_RB165,Nemipteridae,Pentapodus,porosus,1,61.039
20_RB165,Nemipteridae,Pentapodus,porosus,1,77.76
20_RB165,Pomacanthidae,Chaetodontoplus,duboulayi,1,198.84
20_RB165,Scombridae,Scomberomorus,spp,1,419.537
20_RB165,Serranidae,Epinephelus,bilobatus,1,288.044
20_RB165,Serranidae,Epinephelus,bilobatus,1,292.728
20_RB165,Serranidae,Epinephelus,bilobatus,1,262.775
20_RB169,Acanthuridae,Acanthurus,grammoptilus,1,207.882
20_RB169,Acanthuridae,Acanthurus,grammoptilus,1,282.997
20_RB169,Acanthuridae,Acanthurus,grammoptilus,1,265.995
20_RB169,Acanthuridae,Acanthurus,grammoptilus,1,276.226
20_RB169,Acanthuridae,Acanthurus,grammoptilus,1,252.751
20_RB169,Acanthuridae,Acanthurus,grammoptilus,1,215.168
20_RB169,Carangidae,Turrum,gymnostethus,1,334.637
20_RB169,Carangidae,Turrum,gymnostethus,1,258.26
20_RB169,Carangidae,Turrum,gymnostethus,1,350.517
20_RB169,Carangidae,Turrum,gymnostethus,1,354.214
20_RB169,Carangidae,Atropus,hedlandensis,1,212.671
20_RB169,Carangidae,Atropus,hedlandensis,1,209.548
20_RB169,Carangidae,Gnathanodon,speciosus,1,354.745
20_RB169,Carangidae,Gnathanodon,speciosus,1,361.089
20_RB169,Carangidae,Gnathanodon,speciosus,1,341.827
20_RB169,Carangidae,Gnathanodon,speciosus,1,318.166
20_RB169,Carangidae,Gnathanodon,speciosus,1,295.93
20_RB169,Carangidae,Gnathanodon,speciosus,1,327.241
20_RB169,Carangidae,Gnathanodon,speciosus,1,331.751
20_RB169,Carangidae,Gnathanodon,speciosus,1,291.986
20_RB169,Carangidae,Gnathanodon,speciosus,1,341.729
20_RB169,Chaetodontidae,Chelmon,marginalis,1,163.614
20_RB169,Chaetodontidae,Chelmon,marginalis,1,183.187
20_RB169,Hemigaleidae,Hemigaleus,australiensis,1,757.883
20_RB169,Labridae,Choerodon,cauteroma,1,275.533
20_RB169,Labridae,Choerodon,cauteroma,1,273.655
20_RB169,Labridae,Choerodon,cyanodus,1,599.778
20_RB169,Labridae,Choerodon,schoenleinii,1,657.762
20_RB169,Labridae,Choerodon,schoenleinii,1,498.149
20_RB169,Labridae,Choerodon,schoenleinii,1,409.234
20_RB169,Labridae,Choerodon,vitta,1,71.613
20_RB169,Lethrinidae,Lethrinus,genivittatus,1,53.741
20_RB169,Lethrinidae,Lethrinus,laticaudis,1,375.177
20_RB169,Lethrinidae,Lethrinus,lentjan,1,280.757
20_RB169,Lutjanidae,Lutjanus,carponotatus,1,318.637
20_RB169,Lutjanidae,Lutjanus,lemniscatus,1,334.787
20_RB169,Nemipteridae,Scolopsis,monogramma,1,282.177
20_RB169,Nemipteridae,Scolopsis,monogramma,1,286.203
20_RB169,Pomacanthidae,Chaetodontoplus,duboulayi,1,227.399
20_RB169,Scaridae,Scarus,ghobban,1,399.398
20_RB169,Scaridae,Scarus,ghobban,1,338.049
20_RB169,Scaridae,Scarus,ghobban,1,319.782
20_RB169,Scaridae,Scarus,ghobban,1,337.971
20_RB169,Scombridae,Scomberomorus,spp,1,438.14
20_RB169,Scombridae,Scomberomorus,spp,1,531.419
20_RB169,Serranidae,Plectropomus,spp,1,329.639
20_RB169,Serranidae,Plectropomus,spp,1,309.384
20_RB169,Serranidae,Plectropomus,spp,1,398.019
20_RB169,Serranidae,Plectropomus,spp,1,372.319
20_RB169,Serranidae,Plectropomus,spp,1,339.832
20_RB169,Serranidae,Plectropomus,spp,1,542.753
20_RB169,Sphyraenidae,Sphyraena,jello,1,970.509
20_RB173,Ariidae,Netuma,thalassina,1,559.788
20_RB173,Carangidae,Atropus,hedlandensis,1,199.297
20_RB173,Chaetodontidae,Chelmon,marginalis,1,143.751
20_RB173,Haemulidae,Diagramma,pictum,1,335.175
20_RB173,Haemulidae,Diagramma,pictum,1,323.124
20_RB173,Haemulidae,Diagramma,pictum,1,311.902
20_RB173,Haemulidae,Diagramma,pictum,1,324.525
20_RB173,Hemiscylliidae,Chiloscyllium,punctatum,1,603.342
20_RB173,Labridae,Choerodon,cauteroma,1,203.136
20_RB173,Labridae,Choerodon,cauteroma,1,267.559
20_RB173,Labridae,Choerodon,cauteroma,1,281.105
20_RB173,Labridae,Choerodon,cauteroma,1,299.9
20_RB173,Labridae,Choerodon,cephalotes,1,234.538
20_RB173,Labridae,Choerodon,schoenleinii,1,376.106
20_RB173,Labridae,Choerodon,schoenleinii,1,344.726
20_RB173,Lethrinidae,Lethrinus,laticaudis,1,267.633
20_RB173,Lethrinidae,Lethrinus,laticaudis,1,268.817
20_RB173,Lethrinidae,Lethrinus,laticaudis,1,245.584
20_RB173,Lethrinidae,Lethrinus,punctulatus,1,251.213
20_RB173,Lutjanidae,Lutjanus,carponotatus,1,258.159
20_RB173,Lutjanidae,Lutjanus,carponotatus,1,301.817
20_RB173,Nemipteridae,Scolopsis,monogramma,1,293.301
20_RB173,Nemipteridae,Scolopsis,monogramma,1,322.971
20_RB173,Pomacanthidae,Chaetodontoplus,duboulayi,1,184.914
20_RB173,Scombridae,Scomberomorus,spp,1,624.211
20_RB173,Serranidae,Epinephelus,bilobatus,1,300.958
20_RB173,Serranidae,Epinephelus,bilobatus,1,299.724
20_RB173,Serranidae,Plectropomus,spp,1,314.493
20_RB173,Serranidae,Plectropomus,spp,1,447.297
20_RB174,Carcharhinidae,Galeocerdo,cuvier,1,1048.087
20_RB174,Chaetodontidae,Chelmon,marginalis,1,157.356
20_RB174,Chaetodontidae,Chelmon,marginalis,1,153.331
20_RB174,Haemulidae,Diagramma,pictum,1,368.514
20_RB174,Labridae,Choerodon,cauteroma,1,224.685
20_RB174,Labridae,Choerodon,cauteroma,1,312.195
20_RB174,Labridae,Choerodon,cauteroma,1,267.274
20_RB174,Labridae,Choerodon,cephalotes,1,272.399
20_RB174,Labridae,Choerodon,schoenleinii,1,549.831
20_RB174,Lethrinidae,Lethrinus,punctulatus,1,271.519
20_RB174,Lethrinidae,Lethrinus,punctulatus,1,256.872
20_RB174,Lethrinidae,Lethrinus,punctulatus,1,277.799
20_RB174,Lethrinidae,Lethrinus,punctulatus,1,266.933
20_RB174,Lutjanidae,Lutjanus,carponotatus,1,329.315
20_RB174,Lutjanidae,Lutjanus,carponotatus,1,285.709
20_RB174,Nemipteridae,Pentapodus,porosus,1,57.28
20_RB174,Nemipteridae,Pentapodus,porosus,1,25.203
20_RB174,Pomacanthidae,Chaetodontoplus,duboulayi,1,153.202
20_RB174,Pomacanthidae,Chaetodontoplus,duboulayi,1,217.253
20_RB174,Scombridae,Scomberomorus,spp,1,409.893
20_RB174,Scombridae,Scomberomorus,spp,1,539.933
20_RB174,Scombridae,Scomberomorus,spp,1,432.268
20_RB174,Serranidae,Epinephelus,bilobatus,1,302.849
20_RB174,Serranidae,Epinephelus,bilobatus,1,296.737
20_RB174,Serranidae,Epinephelus,bilobatus,1,293.364
20_RB174,Siganidae,Siganus,canaliculatus,1,271.751
20_RB182,Balistidae,Abalistes,stellatus,1,268.131
20_RB182,Carangidae,Atropus,hedlandensis,1,207.954
20_RB182,Carangidae,Atropus,hedlandensis,1,205.055
20_RB182,Carangidae,Atropus,hedlandensis,1,185.131
20_RB182,Carangidae,Selaroides,leptolepis,1,172.428
20_RB182,Carangidae,Selaroides,leptolepis,1,149.043
20_RB182,Carangidae,Selaroides,leptolepis,1,158.69
20_RB182,Labridae,Choerodon,cephalotes,1,207.55
20_RB182,Labridae,Choerodon,cephalotes,1,182.173
20_RB182,Labridae,Choerodon,cephalotes,1,215.029
20_RB182,Labridae,Choerodon,cephalotes,1,229.448
20_RB182,Lethrinidae,Lethrinus,genivittatus,1,223.398
20_RB182,Mullidae,Upeneus,tragula,1,187.118
20_RB182,Mullidae,Upeneus,tragula,1,148.801
20_RB182,Mullidae,Upeneus,tragula,1,131.537
20_RB182,Nemipteridae,Pentapodus,porosus,1,171.819
20_RB182,Nemipteridae,Pentapodus,porosus,1,211.62
20_RB182,Nemipteridae,Pentapodus,porosus,1,190.703
20_RB182,Nemipteridae,Pentapodus,porosus,1,181.655
20_RB182,Nemipteridae,Pentapodus,porosus,1,174.96
20_RB182,Nemipteridae,Pentapodus,porosus,1,166.971
20_RB182,Nemipteridae,Pentapodus,porosus,1,190.046
20_RB182,Nemipteridae,Pentapodus,porosus,1,173.514
20_RB182,Platycephalidae,Platycephalus,westraliae,1,343.541
20_RB182,Pomacanthidae,Chaetodontoplus,duboulayi,1,128.451
20_RB182,Scombridae,Scomberomorus,spp,1,533.281
20_RB182,Scombridae,Scomberomorus,spp,1,419.413
20_RB182,Scombridae,Scomberomorus,spp,1,420.216
20_RB182,Scombridae,Scomberomorus,spp,1,422.448
20_RB182,Scombridae,Scomberomorus,spp,1,516.713
20_RB182,Serranidae,Epinephelus,bilobatus,1,224.622
20_RB182,Serranidae,Epinephelus,bilobatus,1,233.971
20_RB185,Acanthuridae,Acanthurus,grammoptilus,1,262.696
20_RB185,Acanthuridae,Acanthurus,grammoptilus,1,206.761
20_RB185,Acanthuridae,Acanthurus,grammoptilus,1,223.43
20_RB185,Acanthuridae,Acanthurus,grammoptilus,1,222.711
20_RB185,Acanthuridae,Acanthurus,grammoptilus,1,292.08
20_RB185,Caesionidae,Caesio,cuning,1,278.961
20_RB185,Caesionidae,Caesio,cuning,1,228.67
20_RB185,Caesionidae,Caesio,cuning,1,220.33
20_RB185,Caesionidae,Caesio,cuning,1,269.346
20_RB185,Carangidae,Turrum,fulvoguttatum,1,264.035
20_RB185,Carangidae,Turrum,fulvoguttatum,1,245.564
20_RB185,Carangidae,Turrum,fulvoguttatum,1,293.403
20_RB185,Carangidae,Atropus,hedlandensis,1,237.888
20_RB185,Carangidae,Atropus,hedlandensis,1,219.939
20_RB185,Carangidae,Gnathanodon,speciosus,1,41.198
20_RB185,Carangidae,Gnathanodon,speciosus,1,32.683
20_RB185,Carangidae,Gnathanodon,speciosus,1,34.772
20_RB185,Carangidae,Gnathanodon,speciosus,1,34.347
20_RB185,Carangidae,Gnathanodon,speciosus,1,45.126
20_RB185,Carangidae,Gnathanodon,speciosus,1,43.019
20_RB185,Carangidae,Gnathanodon,speciosus,1,46.025
20_RB185,Chaetodontidae,Chaetodon,aureofasciatus,1,140.702
20_RB185,Chaetodontidae,Chaetodon,aureofasciatus,1,108.902
20_RB185,Chaetodontidae,Chelmon,marginalis,1,151.856
20_RB185,Chaetodontidae,Chelmon,marginalis,1,137.185
20_RB185,Haemulidae,Plectorhinchus,multivittatus,1,331.731
20_RB185,Labridae,Choerodon,cauteroma,1,372.118
20_RB185,Labridae,Choerodon,cauteroma,1,225.985
20_RB185,Labridae,Choerodon,cephalotes,1,365.86
20_RB185,Labridae,Choerodon,cyanodus,1,313.082
20_RB185,Labridae,Choerodon,cyanodus,1,330.437
20_RB185,Labridae,Anampses,lennardi,1,188.772
20_RB185,Labridae,Choerodon,schoenleinii,1,304.38
20_RB185,Labridae,Choerodon,vitta,1,113.944
20_RB185,Labridae,Choerodon,vitta,1,97.095
20_RB185,Lethrinidae,Lethrinus,olivaceus,1,265.458
20_RB185,Lethrinidae,Lethrinus,olivaceus,1,348.995
20_RB185,Lethrinidae,Lethrinus,olivaceus,1,332.333
20_RB185,Lethrinidae,Lethrinus,olivaceus,1,305.507
20_RB185,Lethrinidae,Lethrinus,punctulatus,1,271.501
20_RB185,Lethrinidae,Lethrinus,punctulatus,1,258.737
20_RB185,Lethrinidae,Lethrinus,punctulatus,1,275.818
20_RB185,Lethrinidae,Lethrinus,punctulatus,1,270.037
20_RB185,Lethrinidae,Lethrinus,punctulatus,1,275.649
20_RB185,Lethrinidae,Lethrinus,punctulatus,1,277.261
20_RB185,Lethrinidae,Lethrinus,punctulatus,1,278.378
20_RB185,Lutjanidae,Lutjanus,carponotatus,1,294.185
20_RB185,Lutjanidae,Lutjanus,rivulatus,1,417.775
20_RB185,Mullidae,Parupeneus,indicus,1,328.095
20_RB185,Nemipteridae,Scolopsis,monogramma,1,213.929
20_RB185,Pomacanthidae,Chaetodontoplus,duboulayi,1,179.144
20_RB185,Pomacanthidae,Chaetodontoplus,duboulayi,1,166.576
20_RB185,Pomacentridae,Abudefduf,bengalensis,1,152.489
20_RB185,Rachycentridae,Rachycentron,canadum,1,596.103
20_RB185,Scaridae,Scarus,ghobban,1,289.934
20_RB185,Scaridae,Scarus,ghobban,1,321.548
20_RB185,Scombridae,Scomberomorus,spp,1,480.864
20_RB185,Serranidae,Epinephelus,bilobatus,1,308.277
20_RB185,Serranidae,Epinephelus,bilobatus,1,256.271
20_RB185,Serranidae,Epinephelus,bilobatus,1,234.237
20_RB185,Serranidae,Epinephelus,bilobatus,1,291.046
20_RB185,Serranidae,Epinephelus,bilobatus,1,293.314
20_RB185,Serranidae,Plectropomus,spp,1,382.383
20_RB185,Serranidae,Plectropomus,spp,1,240.074
20_RB185,Siganidae,Siganus,canaliculatus,1,232.278
20_RB185,Siganidae,Siganus,canaliculatus,1,240.167
20_RB185,Siganidae,Siganus,canaliculatus,1,286.044
20_RB185,Siganidae,Siganus,canaliculatus,1,222.99
20_RB185,Siganidae,Siganus,canaliculatus,1,254.169
20_RB185,Siganidae,Siganus,canaliculatus,1,253.102
20_RB185,Siganidae,Siganus,canaliculatus,1,239.725
20_RB185,Siganidae,Siganus,canaliculatus,1,240.043
20_RB185,Siganidae,Siganus,canaliculatus,1,282.818
20_RB185,Siganidae,Siganus,canaliculatus,1,215.276
20_RB185,Stegostomatidae,Stegostoma,tigrinum,1,1328.601
20_RB185,Zanclidae,Zanclus,cornutus,1,167.943
20_RB185,Zanclidae,Zanclus,cornutus,1,97.968
20_RB189,Carangidae,Atropus,hedlandensis,1,212.711
20_RB189,Carangidae,Atule,mate,1,200.302
20_RB189,Carcharhinidae,Carcharhinus,coatesi,1,578.282
20_RB189,Chaetodontidae,Chaetodon,aureofasciatus,1,117.144
20_RB189,Chaetodontidae,Chelmon,muelleri,1,142.835
20_RB189,Labridae,Choerodon,cauteroma,1,311.933
20_RB189,Labridae,Choerodon,cauteroma,1,289.178
20_RB189,Labridae,Choerodon,cauteroma,1,241.807
20_RB189,Labridae,Choerodon,cephalotes,1,254.697
20_RB189,Labridae,Choerodon,cyanodus,1,362.093
20_RB189,Labridae,Anampses,lennardi,1,278.478
20_RB189,Labridae,Choerodon,schoenleinii,1,545.907
20_RB189,Lethrinidae,Lethrinus,punctulatus,1,263.069
20_RB189,Lethrinidae,Lethrinus,punctulatus,1,236.368
20_RB189,Lethrinidae,Lethrinus,punctulatus,1,238.053
20_RB189,Lethrinidae,Lethrinus,punctulatus,1,271.913
20_RB189,Lethrinidae,Lethrinus,punctulatus,1,223.097
20_RB189,Lethrinidae,Lethrinus,punctulatus,1,230.893
20_RB189,Lutjanidae,Lutjanus,carponotatus,1,258.401
20_RB189,Lutjanidae,Lutjanus,carponotatus,1,255.6
20_RB189,Mullidae,Upeneus,tragula,1,233.309
20_RB189,Mullidae,Upeneus,tragula,1,163.862
20_RB189,Nemipteridae,Scolopsis,monogramma,1,234.254
20_RB189,Pomacanthidae,Chaetodontoplus,duboulayi,1,207.715
20_RB189,Scombridae,Scomberomorus,spp,1,476.207
20_RB189,Serranidae,Epinephelus,bilobatus,1,269.107
20_RB189,Serranidae,Epinephelus,quoyanus,1,313.64
20_RB189,Siganidae,Siganus,canaliculatus,1,208.464
20_RB189,Siganidae,Siganus,canaliculatus,1,239.381
20_RB189,Siganidae,Siganus,canaliculatus,1,261.377
20_RB189,Siganidae,Siganus,canaliculatus,1,241.379
20_RB189,Siganidae,Siganus,canaliculatus,1,235.562
20_RB189,Siganidae,Siganus,canaliculatus,1,236.991
20_RB189,Siganidae,Siganus,canaliculatus,1,256.436
20_RB189,Siganidae,Siganus,canaliculatus,1,221.518
20_RB189,Siganidae,Siganus,canaliculatus,1,210.45
20_RB189,Siganidae,Siganus,canaliculatus,1,211.522
20_RB189,Sphyraenidae,Sphyraena,jello,1,908.364
20_RB190,Balistidae,Abalistes,stellatus,1,203.508
20_RB190,Carangidae,Atule,mate,1,221.415
20_RB190,Carangidae,Atule,mate,1,216.064
20_RB190,Carangidae,Atule,mate,1,206.285
20_RB190,Carangidae,Atule,mate,1,241.016
20_RB190,Carangidae,Atule,mate,1,229.502
20_RB190,Carangidae,Atule,mate,1,340.166
20_RB190,Carangidae,Atule,mate,1,216.306
20_RB190,Carangidae,Atule,mate,1,234.19
20_RB190,Carangidae,Atule,mate,1,224.743
20_RB190,Carangidae,Atule,mate,1,222.704
20_RB190,Carangidae,Atule,mate,1,205.706
20_RB190,Carangidae,Atule,mate,1,255.216
20_RB190,Carangidae,Atule,mate,1,208.205
20_RB190,Carangidae,Atule,mate,1,224.7
20_RB190,Carangidae,Atule,mate,1,226.252
20_RB190,Carangidae,Atule,mate,1,219.312
20_RB190,Carangidae,Atule,mate,1,248.352
20_RB190,Carangidae,Atule,mate,1,176.531
20_RB190,Carangidae,Atule,mate,1,202.381
20_RB190,Carangidae,Atule,mate,1,227.235
20_RB190,Carangidae,Atule,mate,1,214.228
20_RB190,Carangidae,Atule,mate,1,205.278
20_RB190,Carangidae,Atule,mate,1,248.54
20_RB190,Carangidae,Atule,mate,1,213.039
20_RB190,Carangidae,Atule,mate,1,244.673
20_RB190,Carangidae,Atule,mate,1,212.905
20_RB190,Carangidae,Atule,mate,1,277.722
20_RB190,Carangidae,Atule,mate,1,232.194
20_RB190,Carangidae,Atule,mate,1,189.755
20_RB190,Carangidae,Atule,mate,1,196.448
20_RB190,Carangidae,Atule,mate,1,220.348
20_RB190,Carangidae,Atule,mate,1,196.2
20_RB190,Carangidae,Atule,mate,1,198.003
20_RB190,Carcharhinidae,Carcharhinus,coatesi,1,606.884
20_RB190,Labridae,Choerodon,cauteroma,1,297.282
20_RB190,Labridae,Choerodon,cephalotes,1,214.04
20_RB190,Lethrinidae,Lethrinus,punctulatus,1,208.772
20_RB190,Lethrinidae,Lethrinus,punctulatus,1,237.666
20_RB190,Lethrinidae,Lethrinus,punctulatus,1,219.14
20_RB190,Lethrinidae,Lethrinus,punctulatus,1,215.059
20_RB190,Lethrinidae,Lethrinus,punctulatus,1,209.386
20_RB190,Lethrinidae,Lethrinus,punctulatus,1,222.597
20_RB190,Lethrinidae,Lethrinus,punctulatus,1,223.773
20_RB190,Mullidae,Parupeneus,indicus,1,191.707
20_RB190,Mullidae,Upeneus,tragula,1,213.266
20_RB190,Mullidae,Upeneus,tragula,1,178.326
20_RB190,Mullidae,Upeneus,tragula,1,207.881
20_RB190,Nemipteridae,Scolopsis,monogramma,1,202.977
20_RB190,Nemipteridae,Scolopsis,monogramma,1,207.419
20_RB190,Nemipteridae,Pentapodus,porosus,1,188.784
20_RB190,Nemipteridae,Pentapodus,porosus,1,209.88
20_RB190,Nemipteridae,Pentapodus,porosus,1,178.672
20_RB190,Nemipteridae,Pentapodus,porosus,1,192.743
20_RB190,Pomacanthidae,Chaetodontoplus,duboulayi,1,151.413
20_RB190,Scombridae,Scomberomorus,spp,1,467.986
20_RB190,Scombridae,Scomberomorus,spp,1,447.752
20_RB190,Serranidae,Epinephelus,bilobatus,1,257.873
20_RB190,Serranidae,Epinephelus,bilobatus,1,209.218
20_RB190,Serranidae,Plectropomus,spp,1,294.264
20_RB190,Sphyraenidae,Sphyraena,putnamae,1,584.32
20_RB190,Tetraodontidae,Feroxodon,multistriatus,1,430.541
20_RB193,Carangidae,Selaroides,leptolepis,1,122.073
20_RB193,Carangidae,Selaroides,leptolepis,1,124.21
20_RB193,Carangidae,Selaroides,leptolepis,1,67.242
20_RB193,Carangidae,Selaroides,leptolepis,1,144.013
20_RB193,Carangidae,Selaroides,leptolepis,1,127.558
20_RB193,Carangidae,Selaroides,leptolepis,1,123.059
20_RB193,Carangidae,Selaroides,leptolepis,1,105.365
20_RB193,Carangidae,Selaroides,leptolepis,1,117.941
20_RB193,Carangidae,Selaroides,leptolepis,1,166.504
20_RB193,Carangidae,Selaroides,leptolepis,1,131.93
20_RB193,Carangidae,Selaroides,leptolepis,1,141.265
20_RB193,Carangidae,Selaroides,leptolepis,1,126.038
20_RB193,Carangidae,Selaroides,leptolepis,1,132.666
20_RB193,Carangidae,Selaroides,leptolepis,1,144.594
20_RB193,Carangidae,Selaroides,leptolepis,1,125.444
20_RB193,Carangidae,Selaroides,leptolepis,1,124.637
20_RB193,Carangidae,Caranx,papuensis,1,637.15
20_RB193,Carangidae,Caranx,papuensis,1,810.031
20_RB193,Carangidae,Caranx,papuensis,1,844.325
20_RB193,Carangidae,Gnathanodon,speciosus,1,950.534
20_RB193,Chaetodontidae,Chelmon,muelleri,1,127.946
20_RB193,Glaucosomatidae,Glaucosoma,magnificum,1,168.172
20_RB193,Labridae,Choerodon,cephalotes,1,160.925
20_RB193,Labridae,Choerodon,cephalotes,1,160.552
20_RB193,Labridae,Anampses,lennardi,1,140.998
20_RB193,Labridae,Choerodon,vitta,1,180.778
20_RB193,Labridae,Choerodon,vitta,1,150.906
20_RB193,Lethrinidae,Lethrinus,genivittatus,1,196.395
20_RB193,Lethrinidae,Lethrinus,genivittatus,1,190.297
20_RB193,Lethrinidae,Lethrinus,genivittatus,1,198.041
20_RB193,Lethrinidae,Lethrinus,genivittatus,1,165.612
20_RB193,Mullidae,Upeneus,tragula,1,110.521
20_RB193,Mullidae,Upeneus,tragula,1,130.032
20_RB193,Nemipteridae,Pentapodus,porosus,1,194.586
20_RB193,Nemipteridae,Pentapodus,porosus,1,216.225
20_RB193,Nemipteridae,Pentapodus,porosus,1,153.17
20_RB193,Nemipteridae,Pentapodus,porosus,1,178.485
20_RB193,Nemipteridae,Pentapodus,porosus,1,143.62
20_RB193,Nemipteridae,Pentapodus,porosus,1,196.837
20_RB193,Pomacanthidae,Chaetodontoplus,duboulayi,1,109.183
20_RB193,Scombridae,Cybiosarda,elegans,1,422.222
20_RB193,Scombridae,Cybiosarda,elegans,1,431.882
20_RB193,Scombridae,Scomberomorus,spp,1,561.512
20_RB193,Scombridae,Scomberomorus,spp,1,454.808
20_RB193,Serranidae,Epinephelus,bilobatus,1,154.758
20_RB199,Carangidae,Turrum,fulvoguttatum,1,246.834
20_RB199,Carangidae,Turrum,gymnostethus,1,244.827
20_RB199,Carangidae,Turrum,gymnostethus,1,255.403
20_RB199,Carangidae,Atule,mate,1,256.327
20_RB199,Carangidae,Gnathanodon,speciosus,1,628.811
20_RB199,Carangidae,Gnathanodon,speciosus,1,271.62
20_RB199,Carangidae,Gnathanodon,speciosus,1,477.334
20_RB199,Carangidae,Gnathanodon,speciosus,1,254.633
20_RB199,Carangidae,Gnathanodon,speciosus,1,455.227
20_RB199,Carangidae,Gnathanodon,speciosus,1,478.026
20_RB199,Carangidae,Gnathanodon,speciosus,1,478.149
20_RB199,Carangidae,Gnathanodon,speciosus,1,474.471
20_RB199,Carangidae,Gnathanodon,speciosus,1,415.109
20_RB199,Carangidae,Gnathanodon,speciosus,1,512.692
20_RB199,Carangidae,Gnathanodon,speciosus,1,355.822
20_RB199,Carangidae,Gnathanodon,speciosus,1,516.86
20_RB199,Carangidae,Gnathanodon,speciosus,1,473.271
20_RB199,Carangidae,Gnathanodon,speciosus,1,278.755
20_RB199,Carangidae,Gnathanodon,speciosus,1,533.235
20_RB199,Carangidae,Gnathanodon,speciosus,1,261.033
20_RB199,Carangidae,Gnathanodon,speciosus,1,371.378
20_RB199,Carangidae,Gnathanodon,speciosus,1,390.041
20_RB199,Carangidae,Gnathanodon,speciosus,1,249.158
20_RB199,Carangidae,Gnathanodon,speciosus,1,500.727
20_RB199,Carangidae,Gnathanodon,speciosus,1,496.328
20_RB199,Carangidae,Gnathanodon,speciosus,1,238.109
20_RB199,Carangidae,Gnathanodon,speciosus,1,490.043
20_RB199,Carangidae,Gnathanodon,speciosus,1,460.984
20_RB199,Carangidae,Gnathanodon,speciosus,1,492.377
20_RB199,Carangidae,Gnathanodon,speciosus,1,500.761
20_RB199,Carangidae,Gnathanodon,speciosus,1,543.724
20_RB199,Carcharhinidae,Carcharhinus,coatesi,1,641.56
20_RB199,Elopidae,Elops,hawaiensis,1,901.21
20_RB199,Labridae,Choerodon,cauteroma,1,209.53
20_RB199,Labridae,Choerodon,cauteroma,1,271.048
20_RB199,Labridae,Choerodon,cephalotes,1,217.011
20_RB199,Labridae,Choerodon,cephalotes,1,212.72
20_RB199,Labridae,Choerodon,cephalotes,1,234.864
20_RB199,Labridae,Choerodon,vitta,1,165.668
20_RB199,Lethrinidae,Lethrinus,laticaudis,1,260.325
20_RB199,Lethrinidae,Lethrinus,punctulatus,1,242.178
20_RB199,Lethrinidae,Lethrinus,punctulatus,1,287.291
20_RB199,Lethrinidae,Lethrinus,punctulatus,1,238.987
20_RB199,Mullidae,Upeneus,tragula,1,205.816
20_RB199,Mullidae,Upeneus,tragula,1,221.091
20_RB199,Nemipteridae,Scolopsis,monogramma,1,216.239
20_RB199,Nemipteridae,Pentapodus,porosus,1,207.114
20_RB199,Nemipteridae,Pentapodus,porosus,1,202.56
20_RB199,Pomacanthidae,Chaetodontoplus,duboulayi,1,170.343
20_RB199,Pomacanthidae,Chaetodontoplus,duboulayi,1,196.796
20_RB199,Scombridae,Scomberomorus,spp,1,554.717
20_RB199,Scombridae,Scomberomorus,spp,1,514.928
20_RB199,Serranidae,Epinephelus,bilobatus,1,276.699
20_RB199,Serranidae,Epinephelus,bilobatus,1,289.736
20_RB199,Serranidae,Epinephelus,bilobatus,1,234.765
20_RB199,Serranidae,Epinephelus,coioides,1,587.081
20_RB2,Acanthuridae,Acanthurus,grammoptilus,1,235.448
20_RB2,Acanthuridae,Acanthurus,grammoptilus,1,198.626
20_RB2,Acanthuridae,Acanthurus,grammoptilus,1,196.472
20_RB2,Balistidae,Abalistes,stellatus,1,350.623
20_RB2,Carangidae,Turrum,fulvoguttatum,1,583.599
20_RB2,Carangidae,Atule,mate,1,248.056
20_RB2,Carangidae,Atule,mate,1,230.158
20_RB2,Carangidae,Atule,mate,1,213.635
20_RB2,Carangidae,Atule,mate,1,234.945
20_RB2,Carangidae,Atule,mate,1,184.799
20_RB2,Carangidae,Atule,mate,1,202.015
20_RB2,Carangidae,Atule,mate,1,218.745
20_RB2,Carangidae,Atule,mate,1,237.725
20_RB2,Carangidae,Atule,mate,1,230.614
20_RB2,Carangidae,Atule,mate,1,169.944
20_RB2,Carangidae,Atule,mate,1,181.659
20_RB2,Carangidae,Atule,mate,1,213.061
20_RB2,Carangidae,Atule,mate,1,277.151
20_RB2,Carangidae,Atule,mate,1,330.078
20_RB2,Carangidae,Atule,mate,1,271.816
20_RB2,Carangidae,Atule,mate,1,313.57
20_RB2,Carangidae,Atule,mate,1,243.756
20_RB2,Carangidae,Atule,mate,1,246.442
20_RB2,Carangidae,Atule,mate,1,254.116
20_RB2,Carangidae,Atule,mate,1,273.872
20_RB2,Carangidae,Atule,mate,1,291.185
20_RB2,Carangidae,Atule,mate,1,266.724
20_RB2,Carangidae,Atule,mate,1,267.909
20_RB2,Carangidae,Atule,mate,1,237.422
20_RB2,Carangidae,Atule,mate,1,270.371
20_RB2,Carangidae,Gnathanodon,speciosus,1,559.838
20_RB2,Carangidae,Gnathanodon,speciosus,1,428.129
20_RB2,Carangidae,Gnathanodon,speciosus,1,772.778
20_RB2,Carangidae,Gnathanodon,speciosus,1,638.827
20_RB2,Carangidae,Gnathanodon,speciosus,1,753.105
20_RB2,Carangidae,Gnathanodon,speciosus,1,600.819
20_RB2,Carangidae,Gnathanodon,speciosus,1,944.332
20_RB2,Carangidae,Gnathanodon,speciosus,1,716.751
20_RB2,Carangidae,Gnathanodon,speciosus,1,844.79
20_RB2,Carangidae,Gnathanodon,speciosus,1,723.466
20_RB2,Carangidae,Gnathanodon,speciosus,1,484.034
20_RB2,Chaetodontidae,Heniochus,acuminatus,1,143.08
20_RB2,Chaetodontidae,Heniochus,acuminatus,1,150.736
20_RB2,Echeneidae,Echeneis,naucrates,1,357.642
20_RB2,Haemulidae,Plectorhinchus,flavomaculatus,1,451.634
20_RB2,Haemulidae,Plectorhinchus,gibbosus,1,505.807
20_RB2,Haemulidae,Diagramma,pictum,1,871.533
20_RB2,Haemulidae,Diagramma,pictum,1,593.866
20_RB2,Hemigaleidae,Hemigaleus,australiensis,1,1007.987
20_RB2,Labridae,Choerodon,cauteroma,1,262.121
20_RB2,Labridae,Choerodon,cauteroma,1,314.043
20_RB2,Labridae,Choerodon,cephalotes,1,551.91
20_RB2,Labridae,Anampses,lennardi,1,301.217
20_RB2,Labridae,Choerodon,schoenleinii,1,644.099
20_RB2,Labridae,Choerodon,vitta,1,236.711
20_RB2,Labridae,Choerodon,vitta,1,145.466
20_RB2,Lethrinidae,Lethrinus,lentjan,1,413.469
20_RB2,Lethrinidae,Lethrinus,olivaceus,1,682.427
20_RB2,Lethrinidae,Lethrinus,olivaceus,1,498.486
20_RB2,Lethrinidae,Lethrinus,punctulatus,1,395.857
20_RB2,Lethrinidae,Lethrinus,punctulatus,1,322.705
20_RB2,Lethrinidae,Lethrinus,punctulatus,1,356.395
20_RB2,Lethrinidae,Lethrinus,punctulatus,1,496.691
20_RB2,Lethrinidae,Lethrinus,punctulatus,1,460.505
20_RB2,Lethrinidae,Lethrinus,punctulatus,1,297.347
20_RB2,Lethrinidae,Lethrinus,punctulatus,1,405.278
20_RB2,Lutjanidae,Lutjanus,carponotatus,1,366.799
20_RB2,Lutjanidae,Lutjanus,carponotatus,1,291.923
20_RB2,Lutjanidae,Symphorus,nematophorus,1,498.052
20_RB2,Mullidae,Parupeneus,indicus,1,295.278
20_RB2,Nemipteridae,Scolopsis,monogramma,1,345.858
20_RB2,Pomacanthidae,Chaetodontoplus,duboulayi,1,141.636
20_RB2,Pomacanthidae,Chaetodontoplus,duboulayi,1,146.582
20_RB2,Pomacanthidae,Pomacanthus,sexstriatus,1,272.084
20_RB2,Pomacanthidae,Pomacanthus,sexstriatus,1,297.618
20_RB2,Scaridae,Scarus,ghobban,1,315.224
20_RB2,Scaridae,Scarus,ghobban,1,322.41
20_RB2,Scombridae,Scomberomorus,spp,1,342.092
20_RB2,Serranidae,Chromileptes,altivelis,1,437.169
20_RB2,Serranidae,Epinephelus,bilobatus,1,304.975
20_RB2,Serranidae,Epinephelus,bilobatus,1,261.955
20_RB2,Serranidae,Epinephelus,bilobatus,1,247.253
20_RB2,Serranidae,Epinephelus,bilobatus,1,235.147
20_RB2,Serranidae,Epinephelus,bilobatus,1,229.184
20_RB2,Serranidae,Plectropomus,spp,1,264.72
20_RB2,Serranidae,Plectropomus,spp,1,234.635
20_RB2,Sphyrnidae,Sphyrna,mokarran,1,2190.303
20_RB200,Carangidae,Turrum,gymnostethus,1,239.132
20_RB200,Carcharhinidae,Carcharhinus,coatesi,1,711.499
20_RB200,Haemulidae,Diagramma,pictum,1,332.465
20_RB200,Labridae,Choerodon,cauteroma,1,365.976
20_RB200,Labridae,Choerodon,cauteroma,1,224.412
20_RB200,Labridae,Choerodon,cauteroma,1,246.891
20_RB200,Labridae,Choerodon,cauteroma,1,198.582
20_RB200,Labridae,Choerodon,cephalotes,1,295.699
20_RB200,Labridae,Anampses,lennardi,1,220.461
20_RB200,Labridae,Anampses,lennardi,1,228.182
20_RB200,Labridae,Choerodon,schoenleinii,1,503.261
20_RB200,Lethrinidae,Lethrinus,laticaudis,1,338.304
20_RB200,Lethrinidae,Lethrinus,punctulatus,1,288.452
20_RB200,Lethrinidae,Lethrinus,punctulatus,1,269.209
20_RB200,Lethrinidae,Lethrinus,punctulatus,1,291.794
20_RB200,Lethrinidae,Lethrinus,punctulatus,1,253.852
20_RB200,Lethrinidae,Lethrinus,punctulatus,1,219.311
20_RB200,Lutjanidae,Lutjanus,carponotatus,1,286.548
20_RB200,Lutjanidae,Lutjanus,carponotatus,1,297.62
20_RB200,Monacanthidae,Monacanthus,chinensis,1,201.322
20_RB200,Nemipteridae,Scolopsis,monogramma,1,225.438
20_RB200,Nemipteridae,Scolopsis,monogramma,1,230.587
20_RB200,Pomacanthidae,Chaetodontoplus,duboulayi,1,156.768
20_RB200,Scombridae,Scomberomorus,spp,1,416.25
20_RB200,Scombridae,Scomberomorus,spp,1,442.508
20_RB200,Serranidae,Epinephelus,bilobatus,1,238.646
20_RB200,Serranidae,Epinephelus,bilobatus,1,253.723
20_RB200,Serranidae,Epinephelus,quoyanus,1,246.293
20_RB200,Serranidae,Plectropomus,spp,1,387.074
20_RB200,Siganidae,Siganus,canaliculatus,1,235.544
20_RB200,Tetraodontidae,Feroxodon,multistriatus,1,379.245
20_RB22,Balistidae,Abalistes,stellatus,1,248.64
20_RB22,Carangidae,Turrum,fulvoguttatum,1,262.242
20_RB22,Carangidae,Turrum,fulvoguttatum,1,236.697
20_RB22,Carangidae,Turrum,fulvoguttatum,1,252.533
20_RB22,Carangidae,Turrum,gymnostethus,1,258.185
20_RB22,Carangidae,Turrum,gymnostethus,1,243.479
20_RB22,Carangidae,Turrum,gymnostethus,1,242.719
20_RB22,Carangidae,Turrum,gymnostethus,1,259.367
20_RB22,Carangidae,Turrum,gymnostethus,1,251.444
20_RB22,Carangidae,Turrum,gymnostethus,1,230.629
20_RB22,Carangidae,Atule,mate,1,230.985
20_RB22,Carangidae,Atule,mate,1,234.62
20_RB22,Carangidae,Gnathanodon,speciosus,1,26.96
20_RB22,Hemigaleidae,Hemipristis,elongata,1,1527.209
20_RB22,Labridae,Choerodon,cauteroma,1,391.932
20_RB22,Labridae,Choerodon,cauteroma,1,260.542
20_RB22,Labridae,Choerodon,cauteroma,1,253.168
20_RB22,Labridae,Choerodon,cephalotes,1,52.2
20_RB22,Labridae,Choerodon,cephalotes,1,71.469
20_RB22,Labridae,Choerodon,cephalotes,1,201.163
20_RB22,Labridae,Macropharyngodon,negrosensis,1,33.943
20_RB22,Labridae,Choerodon,schoenleinii,1,298.38
20_RB22,Lethrinidae,Lethrinus,genivittatus,1,44.382
20_RB22,Lethrinidae,Lethrinus,laticaudis,1,245.404
20_RB22,Lethrinidae,Lethrinus,punctulatus,1,228.676
20_RB22,Lethrinidae,Lethrinus,punctulatus,1,254.88
20_RB22,Lethrinidae,Lethrinus,punctulatus,1,255.362
20_RB22,Lethrinidae,Lethrinus,punctulatus,1,249.085
20_RB22,Nemipteridae,Scolopsis,monogramma,1,229.798
20_RB22,Nemipteridae,Pentapodus,porosus,1,86.293
20_RB22,Pomacanthidae,Chaetodontoplus,duboulayi,1,142.029
20_RB22,Scombridae,Scomberomorus,spp,1,484.475
20_RB22,Scombridae,Scomberomorus,spp,1,467.163
20_RB22,Scombridae,Scomberomorus,spp,1,474.714
20_RB22,Serranidae,Epinephelus,bilobatus,1,297.097
20_RB22,Serranidae,Plectropomus,spp,1,413.064
20_RB24,Carangidae,Turrum,fulvoguttatum,1,387.115
20_RB24,Carangidae,Turrum,fulvoguttatum,1,381.59
20_RB24,Carangidae,Gnathanodon,speciosus,1,30.953
20_RB24,Chaetodontidae,Chelmon,marginalis,1,127.537
20_RB24,Echeneidae,Echeneis,naucrates,1,316.956
20_RB24,Labridae,Choerodon,cauteroma,1,364.312
20_RB24,Labridae,Choerodon,cauteroma,1,205.702
20_RB24,Labridae,Choerodon,cauteroma,1,330.481
20_RB24,Labridae,Choerodon,cauteroma,1,231.527
20_RB24,Labridae,Choerodon,cauteroma,1,176.096
20_RB24,Labridae,Choerodon,cephalotes,1,210.808
20_RB24,Labridae,Choerodon,cephalotes,1,242.964
20_RB24,Labridae,Anampses,lennardi,1,194.815
20_RB24,Labridae,Anampses,lennardi,1,181.988
20_RB24,Labridae,Choerodon,schoenleinii,1,437.756
20_RB24,Labridae,Choerodon,vitta,1,67.549
20_RB24,Lethrinidae,Lethrinus,laticaudis,1,374.015
20_RB24,Lethrinidae,Lethrinus,punctulatus,1,272.614
20_RB24,Lethrinidae,Lethrinus,punctulatus,1,254.893
20_RB24,Lethrinidae,Lethrinus,punctulatus,1,228.86
20_RB24,Lethrinidae,Lethrinus,punctulatus,1,255.691
20_RB24,Lethrinidae,Lethrinus,punctulatus,1,247.337
20_RB24,Lethrinidae,Lethrinus,punctulatus,1,229.887
20_RB24,Lethrinidae,Lethrinus,punctulatus,1,260.177
20_RB24,Lutjanidae,Lutjanus,carponotatus,1,305.078
20_RB24,Nemipteridae,Scolopsis,monogramma,1,256.291
20_RB24,Nemipteridae,Pentapodus,porosus,1,51.375
20_RB24,Nemipteridae,Pentapodus,porosus,1,60.472
20_RB24,Pomacanthidae,Chaetodontoplus,duboulayi,1,157.569
20_RB24,Scombridae,Scomberomorus,spp,1,595.197
20_RB24,Scombridae,Scomberomorus,spp,1,598.879
20_RB24,Serranidae,Epinephelus,bilobatus,1,249.371
20_RB24,Serranidae,Epinephelus,bilobatus,1,298.988
20_RB24,Serranidae,Plectropomus,spp,1,432.249
20_RB24,Siganidae,Siganus,canaliculatus,1,238.078
20_RB24,Siganidae,Siganus,canaliculatus,1,207.506
20_RB24,Siganidae,Siganus,canaliculatus,1,237.322
20_RB24,Siganidae,Siganus,canaliculatus,1,254.878
20_RB24,Siganidae,Siganus,canaliculatus,1,222.623
20_RB24,Siganidae,Siganus,canaliculatus,1,216.854
20_RB24,Siganidae,Siganus,canaliculatus,1,228.659
20_RB24,Siganidae,Siganus,canaliculatus,1,226.523
20_RB24,Sphyraenidae,Sphyraena,jello,1,804.187
20_RB24,Stegostomatidae,Stegostoma,tigrinum,1,1265.571
20_RB25,Carangidae,Scomberoides,commersonnianus,1,647.826
20_RB25,Carangidae,Turrum,gymnostethus,1,331.152
20_RB25,Carangidae,Turrum,gymnostethus,1,342.082
20_RB25,Carangidae,Turrum,gymnostethus,1,325.089
20_RB25,Carangidae,Turrum,gymnostethus,1,356.623
20_RB25,Carangidae,Turrum,gymnostethus,1,369.339
20_RB25,Carangidae,Turrum,gymnostethus,1,304.425
20_RB25,Carangidae,Gnathanodon,speciosus,1,47.331
20_RB25,Carangidae,Gnathanodon,speciosus,1,31.113
20_RB25,Carangidae,Gnathanodon,speciosus,1,29.425
20_RB25,Carangidae,Gnathanodon,speciosus,1,28.055
20_RB25,Carangidae,Gnathanodon,speciosus,1,32.429
20_RB25,Carcharhinidae,Carcharhinus,coatesi,1,608.097
20_RB25,Echeneidae,Echeneis,naucrates,1,297.858
20_RB25,Hemiramphidae,Hyporhamphus,spp,1,78.497
20_RB25,Hemiramphidae,Hyporhamphus,spp,1,69.387
20_RB25,Hemiramphidae,Hyporhamphus,spp,1,72.019
20_RB25,Hemiramphidae,Hyporhamphus,spp,1,79.835
20_RB25,Hemiramphidae,Hyporhamphus,spp,1,85.822
20_RB25,Hemiramphidae,Hyporhamphus,spp,1,66.058
20_RB25,Labridae,Choerodon,cauteroma,1,268.611
20_RB25,Labridae,Choerodon,cauteroma,1,248.086
20_RB25,Labridae,Choerodon,cephalotes,1,275.501
20_RB25,Labridae,Choerodon,cyanodus,1,301.545
20_RB25,Labridae,Choerodon,schoenleinii,1,419.916
20_RB25,Lethrinidae,Lethrinus,genivittatus,1,50.025
20_RB25,Lethrinidae,Lethrinus,laticaudis,1,336.277
20_RB25,Lethrinidae,Lethrinus,punctulatus,1,298.148
20_RB25,Lethrinidae,Lethrinus,punctulatus,1,254.892
20_RB25,Lethrinidae,Lethrinus,punctulatus,1,273.573
20_RB25,Lethrinidae,Lethrinus,punctulatus,1,273.316
20_RB25,Lutjanidae,Lutjanus,carponotatus,1,299.247
20_RB25,Lutjanidae,Lutjanus,carponotatus,1,319.799
20_RB25,Mullidae,Parupeneus,indicus,1,284.714
20_RB25,Mullidae,Upeneus,tragula,1,58.767
20_RB25,Nemipteridae,Scolopsis,monogramma,1,308.336
20_RB25,Nemipteridae,Pentapodus,porosus,1,86.305
20_RB25,Nemipteridae,Pentapodus,porosus,1,90.045
20_RB25,Nemipteridae,Pentapodus,porosus,1,90.426
20_RB25,Nemipteridae,Pentapodus,porosus,1,72.212
20_RB25,Nemipteridae,Pentapodus,porosus,1,84.608
20_RB25,Nemipteridae,Pentapodus,porosus,1,80.634
20_RB25,Pomacanthidae,Chaetodontoplus,duboulayi,1,261.847
20_RB25,Pomacanthidae,Chaetodontoplus,duboulayi,1,158.516
20_RB25,Scombridae,Scomberomorus,spp,1,434.57
20_RB25,Serranidae,Epinephelus,bilobatus,1,303.873
20_RB25,Serranidae,Epinephelus,bilobatus,1,241.091
20_RB25,Serranidae,Epinephelus,bilobatus,1,275.248
20_RB25,Serranidae,Plectropomus,spp,1,426.074
20_RB25,Serranidae,Plectropomus,spp,1,562.945
20_RB25,Siganidae,Siganus,canaliculatus,1,210.139
20_RB25,Siganidae,Siganus,canaliculatus,1,259.558
20_RB25,Siganidae,Siganus,canaliculatus,1,259.015
20_RB25,Siganidae,Siganus,canaliculatus,1,264.528
20_RB25,Siganidae,Siganus,canaliculatus,1,244.531
20_RB25,Stegostomatidae,Stegostoma,tigrinum,1,1239.484
20_RB29,Carangidae,Scomberoides,commersonnianus,1,586.322
20_RB29,Carangidae,Atule,mate,1,231.881
20_RB29,Carangidae,Atule,mate,1,234.898
20_RB29,Carangidae,Atule,mate,1,218.896
20_RB29,Carcharhinidae,Carcharhinus,coatesi,1,664.247
20_RB29,Chaetodontidae,Chelmon,marginalis,1,183.985
20_RB29,Chaetodontidae,Chelmon,marginalis,1,163.384
20_RB29,Haemulidae,Diagramma,pictum,1,322.811
20_RB29,Haemulidae,Diagramma,pictum,1,315.893
20_RB29,Haemulidae,Diagramma,pictum,1,326.573
20_RB29,Labridae,Choerodon,cauteroma,1,261.615
20_RB29,Labridae,Choerodon,cauteroma,1,202.584
20_RB29,Labridae,Choerodon,cauteroma,1,395.066
20_RB29,Labridae,Anampses,lennardi,1,245.887
20_RB29,Labridae,Choerodon,schoenleinii,1,383.862
20_RB29,Lethrinidae,Lethrinus,punctulatus,1,248.558
20_RB29,Lethrinidae,Lethrinus,punctulatus,1,250.56
20_RB29,Lethrinidae,Lethrinus,punctulatus,1,217.556
20_RB29,Lethrinidae,Lethrinus,punctulatus,1,252.165
20_RB29,Lethrinidae,Lethrinus,punctulatus,1,266.104
20_RB29,Lethrinidae,Lethrinus,punctulatus,1,259.607
20_RB29,Lethrinidae,Lethrinus,punctulatus,1,276.38
20_RB29,Lethrinidae,Lethrinus,punctulatus,1,253.72
20_RB29,Lethrinidae,Lethrinus,punctulatus,1,263.192
20_RB29,Lethrinidae,Lethrinus,punctulatus,1,269.335
20_RB29,Lutjanidae,Lutjanus,carponotatus,1,283.904
20_RB29,Lutjanidae,Lutjanus,carponotatus,1,277.071
20_RB29,Nemipteridae,Scolopsis,monogramma,1,271.78
20_RB29,Pomacanthidae,Chaetodontoplus,duboulayi,1,178.62
20_RB29,Pomacanthidae,Chaetodontoplus,duboulayi,1,206.666
20_RB29,Scaridae,Scarus,ghobban,1,343.166
20_RB29,Scombridae,Scomberomorus,spp,1,449.156
20_RB29,Scombridae,Scomberomorus,spp,1,427.279
20_RB29,Scombridae,Scomberomorus,spp,1,462.079
20_RB29,Serranidae,Epinephelus,bilobatus,1,231.509
20_RB29,Serranidae,Epinephelus,bilobatus,1,283.024
20_RB29,Serranidae,Epinephelus,bilobatus,1,274.32
20_RB29,Serranidae,Epinephelus,bilobatus,1,352.675
20_RB29,Siganidae,Siganus,canaliculatus,1,248.463
20_RB29,Siganidae,Siganus,canaliculatus,1,236.347
20_RB29,Siganidae,Siganus,canaliculatus,1,232.432
20_RB29,Siganidae,Siganus,canaliculatus,1,268.128
20_RB3,Carangidae,Scomberoides,commersonnianus,1,700.009
20_RB3,Carangidae,Atule,mate,1,195.752
20_RB3,Carangidae,Atule,mate,1,218.922
20_RB3,Carangidae,Atule,mate,1,209.454
20_RB3,Carangidae,Atule,mate,1,195.162
20_RB3,Carcharhinidae,Rhizoprionodon,acutus,1,752.196
20_RB3,Labridae,Choerodon,cauteroma,1,366.631
20_RB3,Labridae,Choerodon,cauteroma,1,259.295
20_RB3,Labridae,Choerodon,cephalotes,1,211.224
20_RB3,Lethrinidae,Lethrinus,genivittatus,1,38.027
20_RB3,Lethrinidae,Lethrinus,punctulatus,1,257.673
20_RB3,Lethrinidae,Lethrinus,punctulatus,1,261.085
20_RB3,Lethrinidae,Lethrinus,punctulatus,1,259.788
20_RB3,Lutjanidae,Lutjanus,carponotatus,1,305.547
20_RB3,Lutjanidae,Lutjanus,carponotatus,1,291.158
20_RB3,Lutjanidae,Lutjanus,carponotatus,1,270.088
20_RB3,Lutjanidae,Lutjanus,carponotatus,1,256.353
20_RB3,Lutjanidae,Symphorus,nematophorus,1,588.735
20_RB3,Nemipteridae,Scolopsis,monogramma,1,299.99
20_RB3,Nemipteridae,Scolopsis,monogramma,1,224.633
20_RB3,Nemipteridae,Pentapodus,porosus,1,60.546
20_RB3,Nemipteridae,Pentapodus,porosus,1,66.418
20_RB3,Nemipteridae,Pentapodus,porosus,1,63.778
20_RB3,Ostraciidae,Ostracion,nasus,1,251.762
20_RB3,Scombridae,Scomberomorus,spp,1,559.96
20_RB3,Scombridae,Scomberomorus,spp,1,535.684
20_RB3,Scombridae,Scomberomorus,spp,1,440.625
20_RB3,Siganidae,Siganus,canaliculatus,1,197.267
20_RB3,Siganidae,Siganus,canaliculatus,1,220.925
20_RB3,Siganidae,Siganus,canaliculatus,1,234.276
20_RB3,Sphyraenidae,Sphyraena,jello,1,957.579
20_RB36,Carangidae,Atule,mate,1,242.604
20_RB36,Carangidae,Atule,mate,1,156.867
20_RB36,Carangidae,Gnathanodon,speciosus,1,258.569
20_RB36,Carangidae,Gnathanodon,speciosus,1,267.959
20_RB36,Carangidae,Gnathanodon,speciosus,1,259.826
20_RB36,Carangidae,Gnathanodon,speciosus,1,246.193
20_RB36,Carcharhinidae,Carcharhinus,coatesi,1,657.549
20_RB36,Carcharhinidae,Carcharhinus,sorrah,1,556.454
20_RB36,Echeneidae,Echeneis,naucrates,1,258.383
20_RB36,Echeneidae,Echeneis,naucrates,1,192.06
20_RB36,Hemigaleidae,Hemigaleus,australiensis,1,605.556
20_RB36,Labridae,Choerodon,cauteroma,1,235.715
20_RB36,Labridae,Choerodon,cauteroma,1,147.906
20_RB36,Labridae,Choerodon,cauteroma,1,233.388
20_RB36,Labridae,Choerodon,cauteroma,1,208.085
20_RB36,Labridae,Choerodon,cauteroma,1,257.658
20_RB36,Labridae,Choerodon,cauteroma,1,286.554
20_RB36,Labridae,Choerodon,cephalotes,1,261.804
20_RB36,Labridae,Choerodon,cyanodus,1,259.419
20_RB36,Labridae,Anampses,lennardi,1,166.835
20_RB36,Labridae,Anampses,lennardi,1,188.727
20_RB36,Lethrinidae,Lethrinus,punctulatus,1,302.906
20_RB36,Lethrinidae,Lethrinus,punctulatus,1,245.351
20_RB36,Lethrinidae,Lethrinus,punctulatus,1,260.769
20_RB36,Lethrinidae,Lethrinus,punctulatus,1,245.141
20_RB36,Lethrinidae,Lethrinus,punctulatus,1,246.648
20_RB36,Lutjanidae,Lutjanus,carponotatus,1,285.794
20_RB36,Lutjanidae,Lutjanus,carponotatus,1,307.356
20_RB36,Mullidae,Parupeneus,indicus,1,221.68
20_RB36,Mullidae,Parupeneus,indicus,1,214.207
20_RB36,Mullidae,Parupeneus,indicus,1,240.186
20_RB36,Mullidae,Parupeneus,indicus,1,213.851
20_RB36,Mullidae,Parupeneus,indicus,1,198.193
20_RB36,Nemipteridae,Scolopsis,monogramma,1,210.435
20_RB36,Nemipteridae,Scolopsis,monogramma,1,255.977
20_RB36,Nemipteridae,Scolopsis,monogramma,1,229.133
20_RB36,Pomacanthidae,Chaetodontoplus,duboulayi,1,149.949
20_RB36,Scombridae,Scomberomorus,spp,1,1162.832
20_RB36,Serranidae,Epinephelus,bilobatus,1,252.758
20_RB36,Serranidae,Epinephelus,bilobatus,1,258.933
20_RB36,Serranidae,Epinephelus,bilobatus,1,260.189
20_RB36,Serranidae,Epinephelus,bilobatus,1,235.544
20_RB36,Serranidae,Plectropomus,spp,1,479.989
20_RB36,Serranidae,Plectropomus,spp,1,278.848
20_RB36,Siganidae,Siganus,canaliculatus,1,218.864
20_RB36,Siganidae,Siganus,canaliculatus,1,259.161
20_RB36,Sphyrnidae,Sphyrna,mokarran,1,1924.666
20_RB38,Carangidae,Atule,mate,1,174.658
20_RB38,Labridae,Choerodon,cauteroma,1,230.718
20_RB38,Labridae,Choerodon,cauteroma,1,243.414
20_RB38,Labridae,Choerodon,cephalotes,1,251.741
20_RB38,Labridae,Choerodon,cephalotes,1,262.129
20_RB38,Labridae,Choerodon,schoenleinii,1,441.292
20_RB38,Labridae,Choerodon,vitta,1,81.987
20_RB38,Labridae,Choerodon,vitta,1,85.489
20_RB38,Lethrinidae,Lethrinus,punctulatus,1,254.753
20_RB38,Lethrinidae,Lethrinus,punctulatus,1,221.628
20_RB38,Lethrinidae,Lethrinus,punctulatus,1,228.031
20_RB38,Lethrinidae,Lethrinus,punctulatus,1,232.731
20_RB38,Lethrinidae,Lethrinus,punctulatus,1,210.856
20_RB38,Lutjanidae,Lutjanus,carponotatus,1,279.381
20_RB38,Mullidae,Upeneus,tragula,1,203.29
20_RB38,Mullidae,Upeneus,tragula,1,176.619
20_RB38,Mullidae,Upeneus,tragula,1,233.393
20_RB38,Mullidae,Upeneus,tragula,1,179.316
20_RB38,Mullidae,Upeneus,tragula,1,185.691
20_RB38,Mullidae,Upeneus,tragula,1,198.256
20_RB38,Scombridae,Scomberomorus,spp,1,549.266
20_RB38,Scombridae,Scomberomorus,spp,1,494.087
20_RB38,Scombridae,Scomberomorus,spp,1,450.78
20_RB38,Serranidae,Epinephelus,bilobatus,1,242.742
20_RB38,Serranidae,Epinephelus,bilobatus,1,282.088
20_RB38,Serranidae,Epinephelus,quoyanus,1,243.108
20_RB38,Siganidae,Siganus,canaliculatus,1,226.174
20_RB4,Carangidae,Selaroides,leptolepis,1,120.476
20_RB4,Carangidae,Selaroides,leptolepis,1,124.587
20_RB4,Carangidae,Selaroides,leptolepis,1,161.102
20_RB4,Carangidae,Selaroides,leptolepis,1,151.01
20_RB4,Carangidae,Selaroides,leptolepis,1,122.428
20_RB4,Carangidae,Selaroides,leptolepis,1,162.018
20_RB4,Carangidae,Selaroides,leptolepis,1,130.646
20_RB4,Carangidae,Selaroides,leptolepis,1,133.449
20_RB4,Carangidae,Selaroides,leptolepis,1,147.914
20_RB4,Carangidae,Selaroides,leptolepis,1,155.693
20_RB4,Carangidae,Selaroides,leptolepis,1,136.535
20_RB4,Carcharhinidae,Galeocerdo,cuvier,1,1884.738
20_RB4,Labridae,Choerodon,cauteroma,1,170.77
20_RB4,Labridae,Choerodon,cephalotes,1,298.389
20_RB4,Labridae,Choerodon,vitta,1,51.068
20_RB4,Lethrinidae,Lethrinus,punctulatus,1,216.867
20_RB4,Lethrinidae,Lethrinus,punctulatus,1,192.993
20_RB4,Lethrinidae,Lethrinus,punctulatus,1,227.624
20_RB4,Mullidae,Upeneus,tragula,1,203.101
20_RB4,Mullidae,Upeneus,tragula,1,178.593
20_RB4,Mullidae,Upeneus,tragula,1,164.648
20_RB4,Nemipteridae,Scolopsis,monogramma,1,197.304
20_RB4,Nemipteridae,Scolopsis,monogramma,1,165.732
20_RB4,Nemipteridae,Scolopsis,monogramma,1,149.414
20_RB4,Nemipteridae,Scolopsis,monogramma,1,211.08
20_RB4,Nemipteridae,Scolopsis,monogramma,1,200.346
20_RB4,Nemipteridae,Scolopsis,monogramma,1,208.601
20_RB4,Nemipteridae,Pentapodus,porosus,1,193.522
20_RB4,Nemipteridae,Pentapodus,porosus,1,129.784
20_RB4,Nemipteridae,Pentapodus,porosus,1,211.058
20_RB4,Nemipteridae,Pentapodus,porosus,1,143.764
20_RB4,Nemipteridae,Pentapodus,porosus,1,180.097
20_RB4,Nemipteridae,Pentapodus,porosus,1,182.878
20_RB4,Nemipteridae,Pentapodus,porosus,1,199.207
20_RB4,Pomacanthidae,Chaetodontoplus,duboulayi,1,185.889
20_RB4,Pomacanthidae,Chaetodontoplus,duboulayi,1,161.785
20_RB4,Pomacanthidae,Chaetodontoplus,personifer,1,184.108
20_RB4,Scombridae,Scomberomorus,spp,1,504.253
20_RB4,Scombridae,Scomberomorus,spp,1,506.326
20_RB4,Scombridae,Scomberomorus,spp,1,531.187
20_RB4,Scombridae,Scomberomorus,spp,1,521.913
20_RB4,Serranidae,Epinephelus,bilobatus,1,234.853
20_RB4,Serranidae,Epinephelus,bilobatus,1,235.674
20_RB4,Serranidae,Epinephelus,bilobatus,1,271.091
20_RB4,Serranidae,Plectropomus,spp,1,493.62
20_RB42,Carangidae,Turrum,fulvoguttatum,1,251.284
20_RB42,Carangidae,Turrum,fulvoguttatum,1,233.663
20_RB42,Carangidae,Turrum,fulvoguttatum,1,247.382
20_RB42,Carangidae,Turrum,fulvoguttatum,1,260.706
20_RB42,Carangidae,Turrum,fulvoguttatum,1,236.847
20_RB42,Carangidae,Gnathanodon,speciosus,1,277.196
20_RB42,Carangidae,Gnathanodon,speciosus,1,269.136
20_RB42,Elopidae,Elops,hawaiensis,1,887.302
20_RB42,Hemigaleidae,Hemigaleus,australiensis,1,805.997
20_RB42,Labridae,Choerodon,cauteroma,1,253.763
20_RB42,Labridae,Choerodon,cauteroma,1,318.991
20_RB42,Labridae,Choerodon,cauteroma,1,225.356
20_RB42,Labridae,Choerodon,cephalotes,1,254.754
20_RB42,Labridae,Choerodon,cephalotes,1,314.252
20_RB42,Labridae,Choerodon,cephalotes,1,187.855
20_RB42,Labridae,Choerodon,schoenleinii,1,466.712
20_RB42,Lethrinidae,Lethrinus,punctulatus,1,220.881
20_RB42,Lethrinidae,Lethrinus,punctulatus,1,224.829
20_RB42,Lethrinidae,Lethrinus,punctulatus,1,208.673
20_RB42,Lethrinidae,Lethrinus,punctulatus,1,242.063
20_RB42,Lethrinidae,Lethrinus,punctulatus,1,203.02
20_RB42,Lutjanidae,Lutjanus,sebae,1,458.1
20_RB42,Mullidae,Upeneus,tragula,1,212.121
20_RB42,Nemipteridae,Scolopsis,monogramma,1,204.929
20_RB42,Nemipteridae,Pentapodus,porosus,1,77.264
20_RB42,Nemipteridae,Pentapodus,porosus,1,66.359
20_RB42,Nemipteridae,Pentapodus,porosus,1,73.127
20_RB42,Nemipteridae,Pentapodus,porosus,1,83.419
20_RB42,Nemipteridae,Pentapodus,porosus,1,96.528
20_RB42,Pomacanthidae,Chaetodontoplus,duboulayi,1,166.438
20_RB42,Scombridae,Scomberomorus,spp,1,529.37
20_RB42,Scombridae,Scomberomorus,spp,1,442.637
20_RB42,Serranidae,Epinephelus,bilobatus,1,316.599
20_RB42,Serranidae,Epinephelus,bilobatus,1,278.7
20_RB42,Serranidae,Epinephelus,bilobatus,1,248.642
20_RB42,Siganidae,Siganus,canaliculatus,1,243.229
20_RB42,Siganidae,Siganus,canaliculatus,1,266.501
20_RB42,Siganidae,Siganus,canaliculatus,1,221.537
20_RB42,Siganidae,Siganus,canaliculatus,1,228.937
20_RB42,Siganidae,Siganus,canaliculatus,1,206.539
20_RB42,Siganidae,Siganus,canaliculatus,1,247.341
20_RB42,Siganidae,Siganus,canaliculatus,1,231.998
20_RB42,Siganidae,Siganus,canaliculatus,1,230.963
20_RB42,Siganidae,Siganus,canaliculatus,1,213.723
20_RB42,Sphyraenidae,Sphyraena,jello,1,1099.658
20_RB42,Tetraodontidae,Feroxodon,multistriatus,1,465.764
20_RB45,Balistidae,Abalistes,stellatus,1,265.672
20_RB45,Carangidae,Atropus,hedlandensis,1,173.509
20_RB45,Carangidae,Atropus,hedlandensis,1,145.836
20_RB45,Carangidae,Selaroides,leptolepis,1,176.859
20_RB45,Carangidae,Selaroides,leptolepis,1,159.595
20_RB45,Carangidae,Atule,mate,1,278.572
20_RB45,Labridae,Choerodon,cauteroma,1,268.657
20_RB45,Labridae,Choerodon,cauteroma,1,211.656
20_RB45,Labridae,Choerodon,cauteroma,1,236.979
20_RB45,Labridae,Choerodon,cephalotes,1,280.614
20_RB45,Lethrinidae,Lethrinus,genivittatus,1,49.718
20_RB45,Lethrinidae,Lethrinus,punctulatus,1,261.722
20_RB45,Lethrinidae,Lethrinus,punctulatus,1,236.186
20_RB45,Lethrinidae,Lethrinus,punctulatus,1,259.484
20_RB45,Lethrinidae,Lethrinus,punctulatus,1,267.712
20_RB45,Lethrinidae,Lethrinus,punctulatus,1,236.911
20_RB45,Lethrinidae,Lethrinus,punctulatus,1,259.095
20_RB45,Lethrinidae,Lethrinus,punctulatus,1,263.403
20_RB45,Lethrinidae,Lethrinus,punctulatus,1,274.882
20_RB45,Lutjanidae,Lutjanus,carponotatus,1,299.694
20_RB45,Lutjanidae,Symphorus,nematophorus,1,693.11
20_RB45,Mullidae,Upeneus,tragula,1,231.336
20_RB45,Mullidae,Upeneus,tragula,1,238.177
20_RB45,Nemipteridae,Scolopsis,monogramma,1,285.162
20_RB45,Nemipteridae,Pentapodus,porosus,1,78.781
20_RB45,Pomacanthidae,Chaetodontoplus,duboulayi,1,165.129
20_RB45,Pomacanthidae,Chaetodontoplus,duboulayi,1,224.568
20_RB45,Scombridae,Scomberomorus,spp,1,410.181
20_RB45,Serranidae,Epinephelus,bilobatus,1,302.377
20_RB45,Serranidae,Epinephelus,bilobatus,1,258.049
20_RB45,Serranidae,Epinephelus,bilobatus,1,274.313
20_RB45,Serranidae,Plectropomus,spp,1,245.562
20_RB45,Serranidae,Plectropomus,spp,1,329.888
20_RB45,Siganidae,Siganus,canaliculatus,1,228.331
20_RB45,Siganidae,Siganus,canaliculatus,1,217.181
20_RB45,Siganidae,Siganus,canaliculatus,1,243.688
20_RB45,Siganidae,Siganus,canaliculatus,1,259.285
20_RB45,Siganidae,Siganus,canaliculatus,1,239.812
20_RB45,Siganidae,Siganus,canaliculatus,1,240.234
20_RB45,Siganidae,Siganus,canaliculatus,1,236.785
20_RB45,Siganidae,Siganus,canaliculatus,1,221.053
20_RB45,Siganidae,Siganus,canaliculatus,1,216.842
20_RB45,Siganidae,Siganus,canaliculatus,1,224.013
20_RB45,Siganidae,Siganus,canaliculatus,1,226.019
20_RB45,Siganidae,Siganus,canaliculatus,1,236.529
20_RB45,Siganidae,Siganus,canaliculatus,1,224.437
20_RB45,Siganidae,Siganus,canaliculatus,1,207.581
20_RB45,Siganidae,Siganus,canaliculatus,1,238.537
20_RB5,Ariidae,Netuma,thalassina,1,471.147
20_RB5,Ariidae,Netuma,thalassina,1,470.896
20_RB5,Balistidae,Abalistes,stellatus,1,234.375
20_RB5,Carangidae,Atule,mate,1,275
20_RB5,Carangidae,Atule,mate,1,177.139
20_RB5,Labridae,Choerodon,cauteroma,1,354.664
20_RB5,Labridae,Choerodon,cauteroma,1,227.557
20_RB5,Labridae,Choerodon,cephalotes,1,352.501
20_RB5,Lethrinidae,Lethrinus,punctulatus,1,276.27
20_RB5,Lethrinidae,Lethrinus,punctulatus,1,264.723
20_RB5,Lethrinidae,Lethrinus,punctulatus,1,259.856
20_RB5,Lethrinidae,Lethrinus,punctulatus,1,250.765
20_RB5,Mullidae,Upeneus,tragula,1,205.744
20_RB5,Mullidae,Upeneus,tragula,1,160.203
20_RB5,Nemipteridae,Scolopsis,monogramma,1,273.561
20_RB5,Nemipteridae,Scolopsis,monogramma,1,264.079
20_RB5,Pomacanthidae,Chaetodontoplus,duboulayi,1,156.168
20_RB5,Pomacanthidae,Chaetodontoplus,duboulayi,1,246.473
20_RB5,Scombridae,Scomberomorus,spp,1,449.967
20_RB5,Scombridae,Scomberomorus,spp,1,437.628
20_RB5,Scombridae,Scomberomorus,spp,1,511.281
20_RB5,Scombridae,Scomberomorus,spp,1,400.391
20_RB5,Serranidae,Epinephelus,bilobatus,1,288.272
20_RB5,Serranidae,Epinephelus,bilobatus,1,297.449
20_RB5,Serranidae,Epinephelus,bilobatus,1,232.283
20_RB5,Serranidae,Epinephelus,bilobatus,1,292.986
20_RB5,Serranidae,Epinephelus,bilobatus,1,238.207
20_RB5,Serranidae,Epinephelus,coioides,1,648.844
20_RB5,Serranidae,Plectropomus,spp,1,426.508
20_RB53,Carangidae,Turrum,gymnostethus,1,327.699
20_RB53,Carangidae,Turrum,gymnostethus,1,287.299
20_RB53,Carangidae,Turrum,gymnostethus,1,360.604
20_RB53,Carangidae,Turrum,gymnostethus,1,312.099
20_RB53,Carangidae,Turrum,gymnostethus,1,331.419
20_RB53,Carangidae,Turrum,gymnostethus,1,326.955
20_RB53,Carangidae,Turrum,gymnostethus,1,369.245
20_RB53,Carangidae,Turrum,gymnostethus,1,343.002
20_RB53,Carangidae,Gnathanodon,speciosus,1,352.072
20_RB53,Carangidae,Gnathanodon,speciosus,1,363.452
20_RB53,Carangidae,Gnathanodon,speciosus,1,343.299
20_RB53,Carangidae,Gnathanodon,speciosus,1,346.32
20_RB53,Carangidae,Gnathanodon,speciosus,1,333.185
20_RB53,Carangidae,Gnathanodon,speciosus,1,335.46
20_RB53,Carangidae,Gnathanodon,speciosus,1,339.629
20_RB53,Carangidae,Gnathanodon,speciosus,1,705.841
20_RB53,Carangidae,Gnathanodon,speciosus,1,337.722
20_RB53,Carangidae,Gnathanodon,speciosus,1,341.372
20_RB53,Carangidae,Gnathanodon,speciosus,1,373.819
20_RB53,Carangidae,Gnathanodon,speciosus,1,346.967
20_RB53,Carangidae,Gnathanodon,speciosus,1,350.92
20_RB53,Carangidae,Gnathanodon,speciosus,1,318.702
20_RB53,Carangidae,Gnathanodon,speciosus,1,345.968
20_RB53,Carangidae,Gnathanodon,speciosus,1,334.969
20_RB53,Carangidae,Gnathanodon,speciosus,1,356.314
20_RB53,Carangidae,Gnathanodon,speciosus,1,323.976
20_RB53,Carangidae,Gnathanodon,speciosus,1,580.103
20_RB53,Carangidae,Gnathanodon,speciosus,1,337.103
20_RB53,Carangidae,Gnathanodon,speciosus,1,347.196
20_RB53,Labridae,Choerodon,cauteroma,1,251.89
20_RB53,Labridae,Choerodon,cephalotes,1,63.818
20_RB53,Labridae,Macropharyngodon,negrosensis,1,44.551
20_RB53,Labridae,Choerodon,schoenleinii,1,805.607
20_RB53,Lethrinidae,Lethrinus,punctulatus,1,275.729
20_RB53,Nemipteridae,Scolopsis,monogramma,1,353.93
20_RB53,Nemipteridae,Pentapodus,porosus,1,72.709
20_RB53,Scombridae,Scomberomorus,spp,1,648.369
20_RB54,Balistidae,Abalistes,stellatus,1,241.509
20_RB54,Carangidae,Turrum,gymnostethus,1,247.653
20_RB54,Carangidae,Turrum,gymnostethus,1,242.287
20_RB54,Carangidae,Turrum,gymnostethus,1,229.001
20_RB54,Carangidae,Turrum,gymnostethus,1,241.435
20_RB54,Carcharhinidae,Carcharhinus,coatesi,1,723.237
20_RB54,Labridae,Choerodon,cauteroma,1,280.566
20_RB54,Labridae,Choerodon,cauteroma,1,283.049
20_RB54,Labridae,Choerodon,cauteroma,1,241.04
20_RB54,Labridae,Choerodon,cephalotes,1,240.173
20_RB54,Labridae,Choerodon,cephalotes,1,309.79
20_RB54,Labridae,Choerodon,cephalotes,1,275.305
20_RB54,Labridae,Anampses,lennardi,1,243.675
20_RB54,Labridae,Coris,pictoides,1,49.919
20_RB54,Labridae,Choerodon,vitta,1,72.031
20_RB54,Lethrinidae,Lethrinus,genivittatus,1,63.244
20_RB54,Lethrinidae,Lethrinus,genivittatus,1,58.327
20_RB54,Lethrinidae,Lethrinus,punctulatus,1,202.129
20_RB54,Lethrinidae,Lethrinus,punctulatus,1,220.016
20_RB54,Lethrinidae,Lethrinus,punctulatus,1,226.977
20_RB54,Lethrinidae,Lethrinus,punctulatus,1,184.524
20_RB54,Lethrinidae,Lethrinus,punctulatus,1,190.887
20_RB54,Lethrinidae,Lethrinus,punctulatus,1,216.311
20_RB54,Lethrinidae,Lethrinus,punctulatus,1,220.597
20_RB54,Lethrinidae,Lethrinus,punctulatus,1,200.149
20_RB54,Lethrinidae,Lethrinus,punctulatus,1,238.165
20_RB54,Monacanthidae,Monacanthus,chinensis,1,169.307
20_RB54,Nemipteridae,Scolopsis,monogramma,1,196.705
20_RB54,Nemipteridae,Scolopsis,monogramma,1,194.052
20_RB54,Nemipteridae,Pentapodus,porosus,1,207.428
20_RB54,Nemipteridae,Pentapodus,porosus,1,178.43
20_RB54,Nemipteridae,Pentapodus,porosus,1,159.782
20_RB54,Nemipteridae,Pentapodus,porosus,1,174.472
20_RB54,Nemipteridae,Pentapodus,porosus,1,173.349
20_RB54,Pomacanthidae,Chaetodontoplus,duboulayi,1,157.007
20_RB54,Scombridae,Scomberomorus,spp,1,560.831
20_RB54,Scombridae,Scomberomorus,spp,1,564.897
20_RB54,Serranidae,Epinephelus,bilobatus,1,280.167
20_RB54,Serranidae,Epinephelus,bilobatus,1,280.644
20_RB54,Serranidae,Epinephelus,quoyanus,1,247.321
20_RB54,Siganidae,Siganus,canaliculatus,1,243.756
20_RB54,Siganidae,Siganus,canaliculatus,1,221.774
20_RB54,Siganidae,Siganus,canaliculatus,1,217.374
20_RB54,Siganidae,Siganus,canaliculatus,1,221.457
20_RB54,Siganidae,Siganus,canaliculatus,1,204.714
20_RB54,Siganidae,Siganus,canaliculatus,1,246.818
20_RB54,Siganidae,Siganus,canaliculatus,1,239.417
20_RB54,Siganidae,Siganus,canaliculatus,1,242.953
20_RB54,Siganidae,Siganus,canaliculatus,1,214.018
20_RB54,Siganidae,Siganus,canaliculatus,1,221.701
20_RB57,Balistidae,Abalistes,stellatus,1,278
20_RB57,Carangidae,Turrum,fulvoguttatum,1,398.448
20_RB57,Carangidae,Turrum,fulvoguttatum,1,351.793
20_RB57,Carangidae,Turrum,fulvoguttatum,1,379.243
20_RB57,Carangidae,Turrum,fulvoguttatum,1,337.599
20_RB57,Carangidae,Atule,mate,1,241.638
20_RB57,Chaetodontidae,Chelmon,marginalis,1,169.842
20_RB57,Echeneidae,Echeneis,naucrates,1,612.138
20_RB57,Hemigaleidae,Hemigaleus,australiensis,1,745.38
20_RB57,Labridae,Choerodon,cauteroma,1,296.55
20_RB57,Labridae,Choerodon,cephalotes,1,241.186
20_RB57,Labridae,Choerodon,cyanodus,1,284.209
20_RB57,Labridae,Anampses,lennardi,1,323.857
20_RB57,Labridae,Choerodon,schoenleinii,1,316.583
20_RB57,Lethrinidae,Lethrinus,olivaceus,1,281.059
20_RB57,Lethrinidae,Lethrinus,punctulatus,1,268.127
20_RB57,Lethrinidae,Lethrinus,punctulatus,1,228.741
20_RB57,Lethrinidae,Lethrinus,punctulatus,1,269.055
20_RB57,Lethrinidae,Lethrinus,punctulatus,1,223.417
20_RB57,Lutjanidae,Lutjanus,carponotatus,1,295.732
20_RB57,Lutjanidae,Lutjanus,lemniscatus,1,269.845
20_RB57,Lutjanidae,Symphorus,nematophorus,1,622.87
20_RB57,Mullidae,Parupeneus,indicus,1,312.348
20_RB57,Nemipteridae,Pentapodus,emeryii,1,253.561
20_RB57,Nemipteridae,Scolopsis,monogramma,1,253.385
20_RB57,Pomacanthidae,Chaetodontoplus,duboulayi,1,212.577
20_RB57,Pomacanthidae,Chaetodontoplus,duboulayi,1,146.86
20_RB57,Scaridae,Scarus,ghobban,1,280.784
20_RB57,Scaridae,Scarus,ghobban,1,293.062
20_RB57,Scombridae,Scomberomorus,spp,1,382.072
20_RB57,Serranidae,Epinephelus,bilobatus,1,259.427
20_RB57,Serranidae,Epinephelus,bilobatus,1,249.675
20_RB57,Serranidae,Epinephelus,bilobatus,1,270.168
20_RB57,Serranidae,Epinephelus,bilobatus,1,235.174
20_RB57,Serranidae,Epinephelus,coioides,1,515.28
20_RB57,Siganidae,Siganus,canaliculatus,1,218.757
20_RB57,Sphyraenidae,Sphyraena,jello,1,938.209
20_RB6,Ariidae,Netuma,thalassina,1,515.291
20_RB6,Carangidae,Atule,mate,1,202.787
20_RB6,Carangidae,Atule,mate,1,227.893
20_RB6,Carangidae,Atule,mate,1,196.577
20_RB6,Carangidae,Atule,mate,1,239.034
20_RB6,Carangidae,Atule,mate,1,217.76
20_RB6,Carangidae,Atule,mate,1,222.624
20_RB6,Carangidae,Atule,mate,1,209.768
20_RB6,Carangidae,Atule,mate,1,201.504
20_RB6,Carangidae,Atule,mate,1,213.3
20_RB6,Carangidae,Atule,mate,1,256.817
20_RB6,Carangidae,Atule,mate,1,210.33
20_RB6,Carangidae,Atule,mate,1,233.902
20_RB6,Carangidae,Atule,mate,1,170.924
20_RB6,Carangidae,Atule,mate,1,148.433
20_RB6,Carangidae,Atule,mate,1,178.563
20_RB6,Carangidae,Atule,mate,1,213.203
20_RB6,Carangidae,Atule,mate,1,183.901
20_RB6,Carangidae,Atule,mate,1,232.512
20_RB6,Carangidae,Atule,mate,1,259.379
20_RB6,Carangidae,Atule,mate,1,246.17
20_RB6,Carangidae,Atule,mate,1,233.499
20_RB6,Carangidae,Atule,mate,1,231.146
20_RB6,Carangidae,Atule,mate,1,205.124
20_RB6,Carangidae,Atule,mate,1,214.407
20_RB6,Carangidae,Atule,mate,1,315.526
20_RB6,Carangidae,Atule,mate,1,215.803
20_RB6,Carangidae,Atule,mate,1,249.201
20_RB6,Carangidae,Atule,mate,1,224.29
20_RB6,Carangidae,Atule,mate,1,211.177
20_RB6,Carangidae,Atule,mate,1,175.784
20_RB6,Carangidae,Atule,mate,1,227.237
20_RB6,Carangidae,Atule,mate,1,192.766
20_RB6,Carangidae,Atule,mate,1,267.139
20_RB6,Carangidae,Atule,mate,1,192.491
20_RB6,Carangidae,Atule,mate,1,219.709
20_RB6,Carangidae,Atule,mate,1,208.928
20_RB6,Carangidae,Atule,mate,1,217.808
20_RB6,Carangidae,Atule,mate,1,238.227
20_RB6,Carangidae,Atule,mate,1,195.677
20_RB6,Carangidae,Atule,mate,1,246.566
20_RB6,Carangidae,Atule,mate,1,247.119
20_RB6,Carangidae,Atule,mate,1,251.905
20_RB6,Carangidae,Atule,mate,1,244.684
20_RB6,Carangidae,Atule,mate,1,228.084
20_RB6,Carangidae,Atule,mate,1,241.339
20_RB6,Carangidae,Atule,mate,1,166.283
20_RB6,Carangidae,Atule,mate,1,198.437
20_RB6,Carangidae,Atule,mate,1,217.157
20_RB6,Carangidae,Atule,mate,1,180.924
20_RB6,Carangidae,Gnathanodon,speciosus,1,201.197
20_RB6,Carangidae,Gnathanodon,speciosus,1,223.693
20_RB6,Carangidae,Gnathanodon,speciosus,1,231.134
20_RB6,Carangidae,Gnathanodon,speciosus,1,185.753
20_RB6,Carangidae,Gnathanodon,speciosus,1,260.486
20_RB6,Carcharhinidae,Negaprion,acutidens,1,1765.845
20_RB6,Carcharhinidae,Carcharhinus,amboinensis,1,1926.413
20_RB6,Carcharhinidae,Carcharhinus,coatesi,1,605.268
20_RB6,Chaetodontidae,Chaetodon,aureofasciatus,1,110.729
20_RB6,Echeneidae,Echeneis,naucrates,1,228.658
20_RB6,Haemulidae,Diagramma,pictum,1,385.532
20_RB6,Hemiscylliidae,Chiloscyllium,punctatum,1,611.799
20_RB6,Labridae,Choerodon,cauteroma,1,219.632
20_RB6,Labridae,Choerodon,cauteroma,1,262.331
20_RB6,Labridae,Choerodon,cauteroma,1,245.164
20_RB6,Labridae,Choerodon,cauteroma,1,252.723
20_RB6,Labridae,Choerodon,cephalotes,1,51.005
20_RB6,Labridae,Choerodon,cephalotes,1,317.489
20_RB6,Labridae,Choerodon,schoenleinii,1,333.466
20_RB6,Lethrinidae,Lethrinus,genivittatus,1,50.128
20_RB6,Lethrinidae,Lethrinus,lentjan,1,275.698
20_RB6,Lethrinidae,Lethrinus,punctulatus,1,256.673
20_RB6,Lethrinidae,Lethrinus,punctulatus,1,279.869
20_RB6,Lethrinidae,Lethrinus,punctulatus,1,267.874
20_RB6,Lethrinidae,Lethrinus,punctulatus,1,288.046
20_RB6,Lethrinidae,Lethrinus,punctulatus,1,265.188
20_RB6,Lethrinidae,Lethrinus,punctulatus,1,326.677
20_RB6,Lethrinidae,Lethrinus,punctulatus,1,243.441
20_RB6,Lethrinidae,Lethrinus,punctulatus,1,265.273
20_RB6,Lutjanidae,Lutjanus,carponotatus,1,299.976
20_RB6,Lutjanidae,Lutjanus,carponotatus,1,286.555
20_RB6,Nemipteridae,Scolopsis,monogramma,1,242.575
20_RB6,Nemipteridae,Scolopsis,monogramma,1,243.246
20_RB6,Nemipteridae,Pentapodus,porosus,1,63.553
20_RB6,Nemipteridae,Pentapodus,porosus,1,88.879
20_RB6,Nemipteridae,Pentapodus,porosus,1,63.999
20_RB6,Scombridae,Scomberomorus,spp,1,561.849
20_RB6,Scombridae,Scomberomorus,spp,1,663.246
20_RB6,Scombridae,Scomberomorus,spp,1,536.047
20_RB6,Scombridae,Scomberomorus,spp,1,448.185
20_RB6,Serranidae,Epinephelus,bilobatus,1,258.488
20_RB6,Serranidae,Epinephelus,bilobatus,1,289.548
20_RB6,Serranidae,Epinephelus,bilobatus,1,317.224
20_RB6,Serranidae,Epinephelus,coioides,1,602.645
20_RB6,Serranidae,Plectropomus,spp,1,419.776
20_RB6,Sphyrnidae,Sphyrna,mokarran,1,1951.127
20_RB61,Ariidae,Netuma,thalassina,1,571.206
20_RB61,Carangidae,Scomberoides,commersonnianus,1,631.781
20_RB61,Carangidae,Atropus,hedlandensis,1,208.2
20_RB61,Carangidae,Caranx,papuensis,1,797.271
20_RB61,Carangidae,Gnathanodon,speciosus,1,35.577
20_RB61,Chaetodontidae,Chelmon,marginalis,1,151.748
20_RB61,Hemigaleidae,Hemigaleus,australiensis,1,765.791
20_RB61,Labridae,Choerodon,cauteroma,1,311.422
20_RB61,Labridae,Choerodon,cauteroma,1,240.717
20_RB61,Labridae,Coris,pictoides,1,91.612
20_RB61,Labridae,Choerodon,schoenleinii,1,306.912
20_RB61,Labridae,Choerodon,vitta,1,68.164
20_RB61,Labridae,Choerodon,vitta,1,84.877
20_RB61,Lethrinidae,Lethrinus,punctulatus,1,281.225
20_RB61,Lethrinidae,Lethrinus,punctulatus,1,280.731
20_RB61,Lethrinidae,Lethrinus,punctulatus,1,267.42
20_RB61,Lethrinidae,Lethrinus,punctulatus,1,292.9
20_RB61,Lethrinidae,Lethrinus,punctulatus,1,230.211
20_RB61,Lutjanidae,Lutjanus,carponotatus,1,309.231
20_RB61,Nemipteridae,Scolopsis,monogramma,1,287.889
20_RB61,Nemipteridae,Pentapodus,porosus,1,69.504
20_RB61,Nemipteridae,Pentapodus,porosus,1,53.834
20_RB61,Nemipteridae,Pentapodus,porosus,1,75.429
20_RB61,Nemipteridae,Pentapodus,porosus,1,61.603
20_RB61,Pomacanthidae,Chaetodontoplus,duboulayi,1,165.132
20_RB61,Scombridae,Scomberomorus,spp,1,624.468
20_RB61,Scombridae,Scomberomorus,spp,1,481.183
20_RB61,Serranidae,Epinephelus,bilobatus,1,244.541
20_RB61,Serranidae,Epinephelus,bilobatus,1,271.732
20_RB61,Serranidae,Epinephelus,multinotatus,1,459.443
20_RB61,Siganidae,Siganus,canaliculatus,1,239.066
20_RB61,Siganidae,Siganus,canaliculatus,1,254.424
20_RB61,Siganidae,Siganus,canaliculatus,1,198.158
20_RB61,Stegostomatidae,Stegostoma,tigrinum,1,1127.945
20_RB66,Acanthuridae,Acanthurus,grammoptilus,1,207.38
20_RB66,Acanthuridae,Acanthurus,grammoptilus,1,167.41
20_RB66,Carangidae,Turrum,fulvoguttatum,1,261.98
20_RB66,Carangidae,Turrum,fulvoguttatum,1,251.626
20_RB66,Carangidae,Turrum,fulvoguttatum,1,262.547
20_RB66,Carangidae,Turrum,fulvoguttatum,1,241.578
20_RB66,Carangidae,Atule,mate,1,224.666
20_RB66,Chaetodontidae,Chaetodon,aureofasciatus,1,151.55
20_RB66,Chaetodontidae,Coradion,chrysozonus,1,172.006
20_RB66,Chaetodontidae,Chelmon,marginalis,1,167.625
20_RB66,Echeneidae,Echeneis,naucrates,1,372.754
20_RB66,Echeneidae,Echeneis,naucrates,1,231.862
20_RB66,Ginglymostomatidae,Nebrius,ferrugineus,1,2336.986
20_RB66,Glaucosomatidae,Glaucosoma,magnificum,1,285.538
20_RB66,Glaucosomatidae,Glaucosoma,magnificum,1,243.904
20_RB66,Haemulidae,Plectorhinchus,multivittatus,1,297.875
20_RB66,Haemulidae,Plectorhinchus,multivittatus,1,329.438
20_RB66,Haemulidae,Diagramma,pictum,1,319.647
20_RB66,Labridae,Choerodon,cauteroma,1,223.204
20_RB66,Labridae,Choerodon,cauteroma,1,297.134
20_RB66,Labridae,Choerodon,cauteroma,1,234.321
20_RB66,Labridae,Choerodon,cauteroma,1,221.779
20_RB66,Labridae,Choerodon,cephalotes,1,295.309
20_RB66,Labridae,Choerodon,cyanodus,1,298.191
20_RB66,Labridae,Choerodon,cyanodus,1,308.569
20_RB66,Labridae,Anampses,lennardi,1,331.432
20_RB66,Labridae,Choerodon,schoenleinii,1,273.767
20_RB66,Labridae,Choerodon,schoenleinii,1,460.489
20_RB66,Lethrinidae,Lethrinus,olivaceus,1,291.625
20_RB66,Lethrinidae,Lethrinus,olivaceus,1,271.199
20_RB66,Lethrinidae,Lethrinus,punctulatus,1,300.394
20_RB66,Lethrinidae,Lethrinus,punctulatus,1,284.057
20_RB66,Lethrinidae,Lethrinus,punctulatus,1,278.979
20_RB66,Lethrinidae,Lethrinus,punctulatus,1,305.104
20_RB66,Lethrinidae,Lethrinus,punctulatus,1,289.356
20_RB66,Lethrinidae,Lethrinus,punctulatus,1,253.554
20_RB66,Lutjanidae,Lutjanus,carponotatus,1,304.276
20_RB66,Lutjanidae,Lutjanus,carponotatus,1,321.042
20_RB66,Lutjanidae,Lutjanus,lemniscatus,1,303.795
20_RB66,Lutjanidae,Lutjanus,rivulatus,1,337.353
20_RB66,Nemipteridae,Scolopsis,monogramma,1,255.208
20_RB66,Nemipteridae,Pentapodus,porosus,1,62.822
20_RB66,Scombridae,Scomberomorus,spp,1,920.462
20_RB66,Serranidae,Epinephelus,bilobatus,1,278.195
20_RB66,Serranidae,Epinephelus,bilobatus,1,240.664
20_RB66,Serranidae,Epinephelus,bilobatus,1,213.156
20_RB66,Serranidae,Epinephelus,quoyanus,1,279.165
20_RB66,Serranidae,Plectropomus,spp,1,460.753
20_RB68,Ariidae,Netuma,thalassina,1,539.116
20_RB68,Balistidae,Abalistes,stellatus,1,253.581
20_RB68,Carangidae,Turrum,fulvoguttatum,1,381.158
20_RB68,Chaetodontidae,Chaetodon,aureofasciatus,1,124.642
20_RB68,Chaetodontidae,Coradion,chrysozonus,1,166.324
20_RB68,Labridae,Choerodon,cauteroma,1,265.909
20_RB68,Labridae,Choerodon,cauteroma,1,230.953
20_RB68,Labridae,Choerodon,cephalotes,1,276.031
20_RB68,Labridae,Choerodon,cyanodus,1,247.785
20_RB68,Labridae,Choerodon,cyanodus,1,266.307
20_RB68,Labridae,Anampses,lennardi,1,245.542
20_RB68,Labridae,Anampses,lennardi,1,232.708
20_RB68,Labridae,Anampses,lennardi,1,245.842
20_RB68,Labridae,Choerodon,schoenleinii,1,323.686
20_RB68,Lethrinidae,Lethrinus,punctulatus,1,299.341
20_RB68,Lethrinidae,Lethrinus,punctulatus,1,257.942
20_RB68,Lethrinidae,Lethrinus,punctulatus,1,210.249
20_RB68,Lethrinidae,Lethrinus,punctulatus,1,279.997
20_RB68,Lethrinidae,Lethrinus,punctulatus,1,247.672
20_RB68,Lutjanidae,Lutjanus,carponotatus,1,242.728
20_RB68,Lutjanidae,Lutjanus,carponotatus,1,250.264
20_RB68,Lutjanidae,Lutjanus,carponotatus,1,300.689
20_RB68,Monacanthidae,Monacanthus,chinensis,1,279.863
20_RB68,Mullidae,Parupeneus,indicus,1,275.366
20_RB68,Mullidae,Parupeneus,indicus,1,319.893
20_RB68,Nemipteridae,Scolopsis,monogramma,1,267.222
20_RB68,Nemipteridae,Scolopsis,monogramma,1,252.712
20_RB68,Nemipteridae,Scolopsis,monogramma,1,239.76
20_RB68,Pomacanthidae,Chaetodontoplus,duboulayi,1,156.753
20_RB68,Scaridae,Scarus,ghobban,1,271.656
20_RB68,Scaridae,Scarus,ghobban,1,249.287
20_RB68,Scaridae,Scarus,ghobban,1,213.118
20_RB68,Serranidae,Epinephelus,bilobatus,1,260.845
20_RB68,Serranidae,Epinephelus,bilobatus,1,279.731
20_RB68,Serranidae,Epinephelus,bilobatus,1,222.971
20_RB68,Serranidae,Epinephelus,fuscoguttatus,1,261.768
20_RB68,Serranidae,Plectropomus,spp,1,346.578
20_RB68,Serranidae,Plectropomus,spp,1,297.502
20_RB68,Siganidae,Siganus,canaliculatus,1,237.086
20_RB68,Siganidae,Siganus,canaliculatus,1,231.508
20_RB7,Carangidae,Selaroides,leptolepis,1,120.686
20_RB7,Carangidae,Selaroides,leptolepis,1,142.92
20_RB7,Carangidae,Selaroides,leptolepis,1,152.367
20_RB7,Carangidae,Selaroides,leptolepis,1,165.154
20_RB7,Carangidae,Selaroides,leptolepis,1,147.988
20_RB7,Ephippidae,Platax,batavianus,1,499.312
20_RB7,Haemulidae,Diagramma,pictum,1,671.968
20_RB7,Labridae,Choerodon,cauteroma,1,260.881
20_RB7,Labridae,Choerodon,cauteroma,1,307.362
20_RB7,Labridae,Choerodon,cauteroma,1,221.407
20_RB7,Labridae,Choerodon,cephalotes,1,72.726
20_RB7,Labridae,Choerodon,cephalotes,1,65.684
20_RB7,Labridae,Choerodon,cephalotes,1,353.83
20_RB7,Labridae,Choerodon,cephalotes,1,263.292
20_RB7,Labridae,Anampses,lennardi,1,257.71
20_RB7,Labridae,Choerodon,schoenleinii,1,602.586
20_RB7,Labridae,Choerodon,vitta,1,98.544
20_RB7,Lethrinidae,Lethrinus,genivittatus,1,41.77
20_RB7,Lethrinidae,Lethrinus,genivittatus,1,55.713
20_RB7,Lethrinidae,Lethrinus,genivittatus,1,40.662
20_RB7,Lethrinidae,Lethrinus,punctulatus,1,268.018
20_RB7,Lethrinidae,Lethrinus,punctulatus,1,295.699
20_RB7,Lethrinidae,Lethrinus,punctulatus,1,257.548
20_RB7,Lutjanidae,Lutjanus,carponotatus,1,333.527
20_RB7,Nemipteridae,Pentapodus,porosus,1,70.737
20_RB7,Nemipteridae,Pentapodus,porosus,1,46.53
20_RB7,Nemipteridae,Pentapodus,porosus,1,74.901
20_RB7,Nemipteridae,Pentapodus,porosus,1,44.474
20_RB7,Nemipteridae,Pentapodus,porosus,1,49.321
20_RB7,Nemipteridae,Pentapodus,porosus,1,66.802
20_RB7,Nemipteridae,Pentapodus,porosus,1,85.194
20_RB7,Pomacanthidae,Chaetodontoplus,duboulayi,1,217.032
20_RB7,Pomacentridae,Neopomacentrus,aktites,1,33.475
20_RB7,Pomacentridae,Neopomacentrus,aktites,1,34.192
20_RB7,Pomacentridae,Neopomacentrus,aktites,1,25.633
20_RB7,Pomacentridae,Neopomacentrus,aktites,1,24.261
20_RB7,Pomacentridae,Neopomacentrus,aktites,1,29.085
20_RB7,Pomacentridae,Neopomacentrus,aktites,1,28.006
20_RB7,Scombridae,Scomberomorus,spp,1,424.813
20_RB7,Serranidae,Epinephelus,bilobatus,1,273.666
20_RB7,Serranidae,Epinephelus,bilobatus,1,211.992
20_RB7,Serranidae,Epinephelus,coioides,1,355.11
20_RB7,Serranidae,Plectropomus,spp,1,309.212
20_RB7,Serranidae,Plectropomus,spp,1,357.955
20_RB7,Serranidae,Plectropomus,spp,1,266.568
20_RB7,Siganidae,Siganus,canaliculatus,1,222.301
20_RB7,Siganidae,Siganus,canaliculatus,1,233.412
20_RB7,Siganidae,Siganus,canaliculatus,1,250.89
20_RB7,Siganidae,Siganus,canaliculatus,1,235.78
20_RB7,Siganidae,Siganus,canaliculatus,1,233.938
20_RB7,Siganidae,Siganus,canaliculatus,1,223.925
20_RB7,Siganidae,Siganus,canaliculatus,1,231.581
20_RB7,Sphyraenidae,Sphyraena,jello,1,962.348
20_RB77,Carangidae,Gnathanodon,speciosus,1,30.971
20_RB77,Carcharhinidae,Galeocerdo,cuvier,1,1647.136
20_RB77,Hemiscylliidae,Chiloscyllium,punctatum,1,795.146
20_RB77,Labridae,Choerodon,cauteroma,1,252.028
20_RB77,Labridae,Choerodon,cauteroma,1,295.528
20_RB77,Labridae,Choerodon,cauteroma,1,242.354
20_RB77,Labridae,Choerodon,cephalotes,1,313.365
20_RB77,Lethrinidae,Lethrinus,genivittatus,1,67.968
20_RB77,Lethrinidae,Lethrinus,punctulatus,1,294.528
20_RB77,Lethrinidae,Lethrinus,punctulatus,1,234.141
20_RB77,Lethrinidae,Lethrinus,punctulatus,1,294.72
20_RB77,Lethrinidae,Lethrinus,punctulatus,1,284.051
20_RB77,Lutjanidae,Lutjanus,carponotatus,1,354.778
20_RB77,Lutjanidae,Lutjanus,carponotatus,1,248.2
20_RB77,Mullidae,Upeneus,tragula,1,70.183
20_RB77,Nemipteridae,Scolopsis,monogramma,1,291.501
20_RB77,Nemipteridae,Pentapodus,porosus,1,62.183
20_RB77,Nemipteridae,Pentapodus,porosus,1,70.679
20_RB77,Nemipteridae,Pentapodus,porosus,1,61.639
20_RB77,Nemipteridae,Pentapodus,porosus,1,56.547
20_RB77,Pomacanthidae,Chaetodontoplus,duboulayi,1,249.222
20_RB77,Scombridae,Scomberomorus,spp,1,442.106
20_RB77,Serranidae,Epinephelus,bilobatus,1,253.703
20_RB77,Siganidae,Siganus,canaliculatus,1,65.9
20_RB77,Siganidae,Siganus,canaliculatus,1,50.27
20_RB8,Carangidae,Turrum,fulvoguttatum,1,259.607
20_RB8,Carangidae,Turrum,fulvoguttatum,1,258.424
20_RB8,Carangidae,Turrum,fulvoguttatum,1,238.938
20_RB8,Carangidae,Turrum,fulvoguttatum,1,272.901
20_RB8,Carangidae,Atule,mate,1,219.481
20_RB8,Carangidae,Atule,mate,1,222.516
20_RB8,Carangidae,Atule,mate,1,215.925
20_RB8,Carangidae,Atule,mate,1,225.21
20_RB8,Carangidae,Atule,mate,1,219.795
20_RB8,Carangidae,Atule,mate,1,214.008
20_RB8,Carangidae,Atule,mate,1,234.199
20_RB8,Carangidae,Atule,mate,1,216.027
20_RB8,Carangidae,Atule,mate,1,218.666
20_RB8,Carangidae,Atule,mate,1,212.285
20_RB8,Carangidae,Atule,mate,1,214.876
20_RB8,Carangidae,Atule,mate,1,264.76
20_RB8,Carangidae,Atule,mate,1,226.835
20_RB8,Carangidae,Atule,mate,1,233.024
20_RB8,Carangidae,Atule,mate,1,203.71
20_RB8,Carangidae,Atule,mate,1,212.571
20_RB8,Carangidae,Atule,mate,1,235.554
20_RB8,Carangidae,Atule,mate,1,218.639
20_RB8,Carangidae,Atule,mate,1,221.292
20_RB8,Carangidae,Atule,mate,1,238.746
20_RB8,Carangidae,Atule,mate,1,218.559
20_RB8,Carangidae,Atule,mate,1,252.143
20_RB8,Labridae,Choerodon,cauteroma,1,227.56
20_RB8,Labridae,Choerodon,cephalotes,1,298.086
20_RB8,Labridae,Choerodon,schoenleinii,1,533.958
20_RB8,Lethrinidae,Lethrinus,genivittatus,1,34.619
20_RB8,Lethrinidae,Lethrinus,genivittatus,1,51.845
20_RB8,Lethrinidae,Lethrinus,genivittatus,1,37.426
20_RB8,Lethrinidae,Lethrinus,microdon,1,329.792
20_RB8,Lethrinidae,Lethrinus,microdon,1,306.755
20_RB8,Lethrinidae,Lethrinus,microdon,1,294.47
20_RB8,Lethrinidae,Lethrinus,punctulatus,1,287.813
20_RB8,Lethrinidae,Lethrinus,punctulatus,1,245.834
20_RB8,Lethrinidae,Lethrinus,punctulatus,1,255.184
20_RB8,Lethrinidae,Lethrinus,punctulatus,1,319.323
20_RB8,Lethrinidae,Lethrinus,punctulatus,1,231.501
20_RB8,Lethrinidae,Lethrinus,punctulatus,1,296.43
20_RB8,Lethrinidae,Lethrinus,punctulatus,1,315.454
20_RB8,Lethrinidae,Lethrinus,punctulatus,1,266.135
20_RB8,Lutjanidae,Lutjanus,carponotatus,1,335.462
20_RB8,Lutjanidae,Lutjanus,lemniscatus,1,302.607
20_RB8,Lutjanidae,Symphorus,nematophorus,1,400.62
20_RB8,Pomacanthidae,Chaetodontoplus,duboulayi,1,158.193
20_RB8,Pomacanthidae,Chaetodontoplus,duboulayi,1,164.708
20_RB8,Scombridae,Scomberomorus,spp,1,425.014
20_RB8,Serranidae,Epinephelus,bilobatus,1,307.562
20_RB8,Serranidae,Epinephelus,bilobatus,1,262.326
20_RB8,Serranidae,Epinephelus,bilobatus,1,280.281
20_RB8,Serranidae,Epinephelus,bilobatus,1,281.44
20_RB8,Serranidae,Epinephelus,bilobatus,1,277.21
20_RB8,Serranidae,Plectropomus,spp,1,467.272
20_RB8,Serranidae,Plectropomus,spp,1,400.85
20_RB8,Serranidae,Plectropomus,spp,1,353.594
20_RB8,Siganidae,Siganus,canaliculatus,1,226.517
20_RB8,Siganidae,Siganus,canaliculatus,1,200.364
20_RB8,Siganidae,Siganus,canaliculatus,1,185.313
20_RB84,Ariidae,Netuma,thalassina,1,480.685
20_RB84,Ariidae,Netuma,thalassina,1,481.563
20_RB84,Carangidae,Turrum,fulvoguttatum,1,628.1
20_RB84,Carangidae,Turrum,fulvoguttatum,1,562.669
20_RB84,Carangidae,Turrum,fulvoguttatum,1,399.77
20_RB84,Carangidae,Turrum,fulvoguttatum,1,586.287
20_RB84,Carangidae,Turrum,fulvoguttatum,1,383.644
20_RB84,Carangidae,Turrum,fulvoguttatum,1,393.899
20_RB84,Carangidae,Turrum,fulvoguttatum,1,724.381
20_RB84,Carangidae,Turrum,fulvoguttatum,1,410.766
20_RB84,Carangidae,Turrum,fulvoguttatum,1,366.866
20_RB84,Carangidae,Turrum,gymnostethus,1,266.636
20_RB84,Carangidae,Gnathanodon,speciosus,1,314.407
20_RB84,Carangidae,Gnathanodon,speciosus,1,325.617
20_RB84,Carangidae,Gnathanodon,speciosus,1,368.101
20_RB84,Carangidae,Gnathanodon,speciosus,1,338.785
20_RB84,Carangidae,Gnathanodon,speciosus,1,752.112
20_RB84,Labridae,Choerodon,cauteroma,1,270.68
20_RB84,Labridae,Choerodon,cauteroma,1,221.577
20_RB84,Labridae,Choerodon,cephalotes,1,254.411
20_RB84,Labridae,Choerodon,cyanodus,1,351.424
20_RB84,Labridae,Choerodon,schoenleinii,1,581.628
20_RB84,Lethrinidae,Lethrinus,olivaceus,1,429.177
20_RB84,Lethrinidae,Lethrinus,punctulatus,1,283.598
20_RB84,Lethrinidae,Lethrinus,punctulatus,1,257.382
20_RB84,Lethrinidae,Lethrinus,punctulatus,1,263.754
20_RB84,Lethrinidae,Lethrinus,punctulatus,1,330.837
20_RB84,Lutjanidae,Lutjanus,carponotatus,1,243.959
20_RB84,Pomacanthidae,Chaetodontoplus,duboulayi,1,203.291
20_RB84,Pomacanthidae,Chaetodontoplus,duboulayi,1,196.154
20_RB84,Pomacanthidae,Chaetodontoplus,duboulayi,1,159.719
20_RB84,Pomacentridae,Neopomacentrus,aktites,1,49.627
20_RB84,Serranidae,Epinephelus,bilobatus,1,285.621
20_RB84,Serranidae,Epinephelus,bilobatus,1,250.955
20_RB84,Siganidae,Siganus,canaliculatus,1,247.794
20_RB84,Sphyraenidae,Sphyraena,jello,1,549.133
20_RB86,Carangidae,Selaroides,leptolepis,1,137.348
20_RB86,Carangidae,Selaroides,leptolepis,1,141.835
20_RB86,Carangidae,Selaroides,leptolepis,1,143.957
20_RB86,Carangidae,Selaroides,leptolepis,1,143.804
20_RB86,Carcharhinidae,Carcharhinus,amblyrhynchos,1,518.012
20_RB86,Echeneidae,Echeneis,naucrates,1,443.441
20_RB86,Labridae,Choerodon,cauteroma,1,293.793
20_RB86,Labridae,Choerodon,cauteroma,1,263.801
20_RB86,Labridae,Choerodon,cauteroma,1,211.7
20_RB86,Labridae,Choerodon,cauteroma,1,251.449
20_RB86,Labridae,Choerodon,cephalotes,1,238.878
20_RB86,Labridae,Choerodon,schoenleinii,1,380.554
20_RB86,Lethrinidae,Lethrinus,punctulatus,1,264.925
20_RB86,Lethrinidae,Lethrinus,punctulatus,1,237.104
20_RB86,Lethrinidae,Lethrinus,punctulatus,1,230.319
20_RB86,Lethrinidae,Lethrinus,punctulatus,1,256.188
20_RB86,Lutjanidae,Lutjanus,carponotatus,1,284.015
20_RB86,Nemipteridae,Scolopsis,monogramma,1,184.11
20_RB86,Nemipteridae,Pentapodus,porosus,1,69.717
20_RB86,Pomacanthidae,Chaetodontoplus,duboulayi,1,144.975
20_RB86,Pomacanthidae,Chaetodontoplus,duboulayi,1,159.074
20_RB86,Scombridae,Scomberomorus,spp,1,461.974
20_RB86,Scombridae,Scomberomorus,spp,1,461.436
20_RB86,Scombridae,Scomberomorus,spp,1,465.766
20_RB86,Serranidae,Epinephelus,bilobatus,1,270.903
20_RB86,Serranidae,Epinephelus,bilobatus,1,245.152
20_RB86,Sphyraenidae,Sphyraena,jello,1,918.511
20_RB9,Balistidae,Abalistes,stellatus,1,285.335
20_RB9,Carcharhinidae,Galeocerdo,cuvier,1,1509.479
20_RB9,Chaetodontidae,Chelmon,marginalis,1,173.035
20_RB9,Echeneidae,Echeneis,naucrates,1,226.089
20_RB9,Echeneidae,Echeneis,naucrates,1,262.934
20_RB9,Labridae,Choerodon,cauteroma,1,281.563
20_RB9,Labridae,Choerodon,cauteroma,1,302.395
20_RB9,Labridae,Choerodon,cephalotes,1,319.278
20_RB9,Labridae,Choerodon,schoenleinii,1,497.361
20_RB9,Lethrinidae,Lethrinus,punctulatus,1,286.986
20_RB9,Lethrinidae,Lethrinus,punctulatus,1,264.109
20_RB9,Lethrinidae,Lethrinus,punctulatus,1,287.783
20_RB9,Lethrinidae,Lethrinus,punctulatus,1,254.273
20_RB9,Lutjanidae,Symphorus,nematophorus,1,588.246
20_RB9,Nemipteridae,Scolopsis,monogramma,1,235.257
20_RB9,Pomacanthidae,Chaetodontoplus,duboulayi,1,232.227
20_RB9,Pomacanthidae,Chaetodontoplus,duboulayi,1,177.184
20_RB9,Scaridae,Scarus,ghobban,1,398.223
20_RB9,Scombridae,Scomberomorus,spp,1,561.516
20_RB9,Serranidae,Epinephelus,bilobatus,1,300.481
20_RB9,Serranidae,Epinephelus,bilobatus,1,251.961
20_RB9,Serranidae,Epinephelus,bilobatus,1,265.042
20_RB9,Serranidae,Epinephelus,bilobatus,1,260.103
20_RB9,Serranidae,Plectropomus,spp,1,324.985
20_RB93,Labridae,Choerodon,cauteroma,1,229.652
20_RB93,Labridae,Choerodon,cephalotes,1,234.191
20_RB93,Labridae,Coris,pictoides,1,29.906
20_RB93,Labridae,Coris,pictoides,1,44.375
20_RB93,Labridae,Coris,pictoides,1,27.591
20_RB93,Labridae,Choerodon,vitta,1,76.011
20_RB93,Labridae,Choerodon,vitta,1,77.713
20_RB93,Lethrinidae,Lethrinus,punctulatus,1,218.127
20_RB93,Lethrinidae,Lethrinus,punctulatus,1,267.665
20_RB93,Lethrinidae,Lethrinus,punctulatus,1,262.172
20_RB93,Lethrinidae,Lethrinus,punctulatus,1,284.669
20_RB93,Lethrinidae,Lethrinus,punctulatus,1,299.828
20_RB93,Lethrinidae,Lethrinus,punctulatus,1,261.448
20_RB93,Lutjanidae,Lutjanus,carponotatus,1,280.739
20_RB93,Nemipteridae,Scolopsis,monogramma,1,284.226
20_RB93,Nemipteridae,Pentapodus,porosus,1,52.026
20_RB93,Pomacanthidae,Chaetodontoplus,duboulayi,1,152.292
20_RB93,Scombridae,Scomberomorus,spp,1,630.451
20_RB93,Scombridae,Scomberomorus,spp,1,585.555
20_RB93,Serranidae,Epinephelus,bilobatus,1,243.037
20_RB93,Serranidae,Epinephelus,bilobatus,1,291.771
20_RB93,Serranidae,Epinephelus,quoyanus,1,324.603
20_RB93,Serranidae,Epinephelus,quoyanus,1,258.093
20_RB93,Serranidae,Plectropomus,spp,1,331.348
20_RB93,Siganidae,Siganus,canaliculatus,1,223.483
20_RB93,Siganidae,Siganus,canaliculatus,1,226.033
20_RB95,Carangidae,Turrum,gymnostethus,1,258.492
20_RB95,Carangidae,Turrum,gymnostethus,1,258.547
20_RB95,Carangidae,Atule,mate,1,208.126
20_RB95,Carangidae,Gnathanodon,speciosus,1,252.577
20_RB95,Carangidae,Gnathanodon,speciosus,1,262.814
20_RB95,Carangidae,Gnathanodon,speciosus,1,430.927
20_RB95,Carangidae,Gnathanodon,speciosus,1,262.447
20_RB95,Carangidae,Gnathanodon,speciosus,1,259.588
20_RB95,Carangidae,Gnathanodon,speciosus,1,252.361
20_RB95,Carangidae,Gnathanodon,speciosus,1,238.811
20_RB95,Carangidae,Gnathanodon,speciosus,1,266.108
20_RB95,Carangidae,Gnathanodon,speciosus,1,348.301
20_RB95,Carangidae,Gnathanodon,speciosus,1,290.002
20_RB95,Carangidae,Gnathanodon,speciosus,1,337.2
20_RB95,Carcharhinidae,Carcharhinus,coatesi,1,639.366
20_RB95,Diodontidae,Diodon,hystrix,1,298.075
20_RB95,Echeneidae,Echeneis,naucrates,1,332.665
20_RB95,Echeneidae,Echeneis,naucrates,1,275.741
20_RB95,Echeneidae,Echeneis,naucrates,1,202.85
20_RB95,Ephippidae,Platax,teira,1,210.274
20_RB95,Labridae,Choerodon,cauteroma,1,218.379
20_RB95,Labridae,Choerodon,cauteroma,1,277.068
20_RB95,Labridae,Choerodon,cephalotes,1,229.12
20_RB95,Labridae,Choerodon,cyanodus,1,317.93
20_RB95,Labridae,Choerodon,schoenleinii,1,511.496
20_RB95,Labridae,Choerodon,schoenleinii,1,371.038
20_RB95,Labridae,Choerodon,vitta,1,216.011
20_RB95,Lethrinidae,Lethrinus,laticaudis,1,335.375
20_RB95,Lethrinidae,Lethrinus,olivaceus,1,351.474
20_RB95,Lethrinidae,Lethrinus,punctulatus,1,207.002
20_RB95,Lethrinidae,Lethrinus,punctulatus,1,243.513
20_RB95,Lethrinidae,Lethrinus,punctulatus,1,265.496
20_RB95,Lethrinidae,Lethrinus,punctulatus,1,255.795
20_RB95,Lethrinidae,Lethrinus,punctulatus,1,249.695
20_RB95,Lethrinidae,Lethrinus,punctulatus,1,255.909
20_RB95,Lethrinidae,Lethrinus,punctulatus,1,250.364
20_RB95,Lutjanidae,Lutjanus,carponotatus,1,280.499
20_RB95,Pomacanthidae,Chaetodontoplus,duboulayi,1,225.384
20_RB95,Pomacanthidae,Chaetodontoplus,duboulayi,1,164.709
20_RB95,Pomacanthidae,Chaetodontoplus,duboulayi,1,161.74
20_RB95,Scaridae,Scarus,ghobban,1,287.416
20_RB95,Serranidae,Epinephelus,bilobatus,1,214.631
20_RB95,Serranidae,Epinephelus,bilobatus,1,249.68
20_RB95,Serranidae,Plectropomus,spp,1,352.55
20_RB95,Siganidae,Siganus,canaliculatus,1,218.122
20_RB95,Siganidae,Siganus,canaliculatus,1,246.117
20_RB95,Siganidae,Siganus,canaliculatus,1,209.851
20_RB95,Siganidae,Siganus,canaliculatus,1,225.509
20_RB95,Sphyraenidae,Sphyraena,jello,1,937.024
20_RB98,Balistidae,Abalistes,stellatus,1,246.125
20_RB98,Carangidae,Atule,mate,1,212.61
20_RB98,Carangidae,Atule,mate,1,206.74
20_RB98,Carangidae,Atule,mate,1,191.483
20_RB98,Carangidae,Atule,mate,1,197.617
20_RB98,Carangidae,Atule,mate,1,215.148
20_RB98,Carangidae,Atule,mate,1,202.434
20_RB98,Carangidae,Atule,mate,1,215.087
20_RB98,Carangidae,Atule,mate,1,221.081
20_RB98,Carangidae,Atule,mate,1,199.029
20_RB98,Carangidae,Atule,mate,1,210.371
20_RB98,Carangidae,Atule,mate,1,217.193
20_RB98,Carangidae,Atule,mate,1,257.264
20_RB98,Carangidae,Atule,mate,1,227.09
20_RB98,Carangidae,Atule,mate,1,188.315
20_RB98,Carangidae,Atule,mate,1,201.332
20_RB98,Carangidae,Atule,mate,1,231.065
20_RB98,Carangidae,Atule,mate,1,225.402
20_RB98,Carangidae,Atule,mate,1,204.945
20_RB98,Carangidae,Atule,mate,1,209.115
20_RB98,Carangidae,Atule,mate,1,187.056
20_RB98,Carangidae,Atule,mate,1,197.751
20_RB98,Carangidae,Atule,mate,1,199.34
20_RB98,Carangidae,Atule,mate,1,203.512
20_RB98,Carangidae,Atule,mate,1,214.903
20_RB98,Carangidae,Atule,mate,1,204.167
20_RB98,Carangidae,Atule,mate,1,238.49
20_RB98,Carangidae,Atule,mate,1,212.721
20_RB98,Carangidae,Atule,mate,1,194.43
20_RB98,Carangidae,Atule,mate,1,199.182
20_RB98,Carangidae,Atule,mate,1,191.166
20_RB98,Carangidae,Atule,mate,1,226.115
20_RB98,Carangidae,Atule,mate,1,233.768
20_RB98,Carcharhinidae,Carcharhinus,coatesi,1,678.201
20_RB98,Dasyatidae,Neotrygon,australiae,1,129.592
20_RB98,Echeneidae,Echeneis,naucrates,1,174.731
20_RB98,Echeneidae,Echeneis,naucrates,1,172.329
20_RB98,Elopidae,Elops,hawaiensis,1,981.495
20_RB98,Elopidae,Elops,hawaiensis,1,912.442
20_RB98,Labridae,Choerodon,cauteroma,1,164.144
20_RB98,Labridae,Choerodon,cauteroma,1,207.637
20_RB98,Labridae,Choerodon,cauteroma,1,205.183
20_RB98,Labridae,Choerodon,cauteroma,1,266.656
20_RB98,Labridae,Choerodon,cauteroma,1,240.183
20_RB98,Labridae,Choerodon,cephalotes,1,199.572
20_RB98,Labridae,Choerodon,cephalotes,1,308.156
20_RB98,Labridae,Choerodon,schoenleinii,1,257.391
20_RB98,Lethrinidae,Lethrinus,laticaudis,1,249.624
20_RB98,Lethrinidae,Lethrinus,punctulatus,1,212.761
20_RB98,Lethrinidae,Lethrinus,punctulatus,1,202.633
20_RB98,Lethrinidae,Lethrinus,punctulatus,1,219.611
20_RB98,Lethrinidae,Lethrinus,punctulatus,1,268.844
20_RB98,Lethrinidae,Lethrinus,punctulatus,1,219.178
20_RB98,Lethrinidae,Lethrinus,punctulatus,1,238.97
20_RB98,Lutjanidae,Lutjanus,carponotatus,1,279.643
20_RB98,Nemipteridae,Scolopsis,monogramma,1,199.722
20_RB98,Nemipteridae,Scolopsis,monogramma,1,220.96
20_RB98,Nemipteridae,Pentapodus,porosus,1,67.352
20_RB98,Nemipteridae,Pentapodus,porosus,1,93.531
20_RB98,Nemipteridae,Pentapodus,porosus,1,71.462
20_RB98,Nemipteridae,Pentapodus,porosus,1,92.589
20_RB98,Nemipteridae,Pentapodus,porosus,1,80.117
20_RB98,Pomacanthidae,Chaetodontoplus,duboulayi,1,133.99
20_RB98,Pomacanthidae,Chaetodontoplus,duboulayi,1,144.628
20_RB98,Scaridae,Scarus,ghobban,1,266.586
20_RB98,Scombridae,Scomberomorus,spp,1,535.554
20_RB98,Serranidae,Epinephelus,bilobatus,1,272.261
20_RB98,Serranidae,Epinephelus,bilobatus,1,254.708
20_RB98,Siganidae,Siganus,canaliculatus,1,208.754
20_RB98,Siganidae,Siganus,canaliculatus,1,221.523
20_RB98,Siganidae,Siganus,canaliculatus,1,215.578
20_RB98,Siganidae,Siganus,canaliculatus,1,209.168
20_RB98,Siganidae,Siganus,canaliculatus,1,251.685
20_RB98,Siganidae,Siganus,canaliculatus,1,210.314
20_RB98,Siganidae,Siganus,canaliculatus,1,224.42
20_RB98,Sphyrnidae,Sphyrna,mokarran,1,2030.838
