OpCode	ImagePtPair	Index	Lx	Ly	Rx	Ry
E107	0	0	1513.03253	217.61194	844.15530	213.58209
E107	0	1	1587.57608	648.80597	858.25813	672.98507
E107	1	0	1219.55963	214.36215	1470.63303	210.05220
E107	1	1	1156.58716	212.15987	1414.26606	209.61175
E107	2	0	1246.42202	185.73246	1496.61468	178.77977
E107	2	1	1319.52294	191.45840	1572.35780	177.45840
E107	3	0	1027.55963	291.36868	1165.14679	302.86134
E107	3	1	1278.27523	363.90865	1392.14679	371.20228
E107	4	0	1607.79817	183.94617	1735.66055	158.00326
E107	4	1	1408.45872	177.19250	1548.05505	162.45677
E107	5	0	386.66972	81.33768	335.63303	143.27243
E107	5	1	614.07339	76.34584	597.21101	118.31321
E107	6	0	149.01835	195.43067	443.82569	257.25122
E107	6	1	319.58716	183.97879	602.77982	236.31321
E107	7	0	173.29358	475.63785	278.75229	510.12887
E107	7	1	395.42202	358.16803	502.49541	389.99511
E107	8	0	1036.61468	148.75693	1102.63303	160.30506
E107	8	1	828.44954	139.30506	918.46789	164.40783
E107	9	0	1456.02752	502.13540	1841.61468	503.15987
E107	9	1	1489.49541	496.84992	1880.36697	498.31485
E107	10	0	858.45872	498.24959	1220.31193	513.21697
E107	10	1	911.59633	467.71126	1270.22018	480.03589
E107	11	0	192.00000	237.89723	69.57798	303.24307
E107	11	1	323.66972	194.29201	191.55963	255.67374
E107	12	0	896.09174	538.25449	1258.06422	549.64927
E107	12	1	930.00000	509.62480	1291.09174	523.22186
E107	13	0	505.09174	504.41599	534.79817	529.08320
E107	13	1	242.09174	357.78956	343.69725	398.21044
E107	14	0	1191.11927	681.18597	1199.77064	698.02610
E107	14	1	942.42202	632.10604	975.82569	647.07504
E107	15	0	1585.56881	668.92170	1328.20183	688.19413
E107	15	1	1759.51376	552.64111	1481.00917	565.74715
E107	16	0	1041.78899	324.60522	1184.33945	337.45514
E107	16	1	1240.54128	304.93148	1360.19266	306.91680
E107	17	0	1816.28440	392.96411	1860.11009	381.47145
E107	17	1	1494.87156	361.83850	1526.58716	357.13051
E107	18	0	1734.69725	551.74225	1880.68807	555.61501
E107	18	1	1459.66055	571.02773	1557.22936	583.14519
E107	19	0	927.47706	648.67700	970.07339	663.16150
E107	19	1	1183.35780	580.01142	1248.20183	593.83687
E107	20	0	309.03670	293.81892	438.35780	343.32953
E107	20	1	619.86239	359.88418	772.48624	386.90049
E107	21	0	1611.30275	784.58891	1405.09174	809.67210
E107	21	1	1808.14679	753.31648	1558.77982	781.48287
E107	22	0	465.22018	220.29690	625.31193	264.25612
E107	22	1	654.86239	169.63785	758.88991	201.12398
E107	23	0	764.37615	293.42251	1008.34862	311.19413
E107	23	1	575.01835	295.18434	822.83486	322.55139
E107	24	0	880.00917	476.23165	1254.50459	489.95759
E107	24	1	912.59633	471.38662	1286.21101	486.43393
E107	25	0	1152.92661	304.40131	1561.10092	301.28059
E107	25	1	1189.47706	308.80587	1601.61468	303.92333
E107	26	0	1118.96330	314.77814	1435.68807	317.95759
E107	26	1	1172.24771	308.17129	1493.37615	307.82708
E107	27	0	1200.87156	321.38499	1526.40367	322.80261
E107	27	1	1257.67890	318.30179	1592.01835	314.43393
E107	28	0	1362.95413	408.66069	1745.61468	403.42251
E107	28	1	1413.15596	408.66069	1806.38532	403.86297
E107	29	0	1295.79817	182.82708	1801.54128	144.91028
E107	29	1	1219.17431	180.62480	1705.10092	151.95759
E107	30	0	1232.68807	662.45677	1372.33028	676.55139
E107	30	1	1294.77982	630.74388	1432.22018	642.63622
E107	31	0	1018.94495	669.18108	1077.96330	685.32463
E107	31	1	1090.72477	650.24144	1154.14679	664.62316
E107	32	0	1584.35780	747.43393	1691.98165	775.67210
E107	32	1	1512.57798	733.77977	1623.72477	756.29201
E107	33	0	1188.58716	616.32953	1272.26606	631.24307
E107	33	1	1323.77982	607.52039	1404.37615	620.67210
E107	34	0	828.61468	814.61175	793.14679	828.51876
E107	34	1	977.89908	810.20718	934.47706	823.86134
E107	35	0	1009.55963	372.48124	1195.49541	385.31485
E107	35	1	1068.12844	350.45840	1252.30275	362.41109
E107	36	0	188.47706	502.33768	387.49541	528.46982
E107	36	1	302.09174	442.87602	475.12844	476.05546
E107	37	0	610.45121	824.10448	556.05456	834.17910
E107	37	1	765.58237	761.64179	719.24449	775.74627
E107	38	0	1380.07339	748.89560	1341.34862	770.04078
E107	38	1	1528.47706	737.00326	1485.78899	758.14845
E107	39	0	1629.84404	823.27896	1575.92661	849.85155
E107	39	1	1746.98165	827.24307	1693.94495	863.06525
E107	40	0	1684.35780	761.62480	1638.44037	788.98206
E107	40	1	1571.62385	749.29201	1526.14679	772.24470
E107	41	0	1422.60550	913.14845	1249.17431	941.58891
E107	41	1	1314.71560	922.83850	1155.37615	945.11256
E107	42	0	1366.35780	638.38662	1231.15596	654.57586
E107	42	1	1501.55046	631.33931	1360.18349	648.40946
E107	43	0	1646.53211	735.43230	1506.33028	756.68352
E107	43	1	1791.41284	700.19576	1641.96330	721.44698
E107	44	0	16.29358	665.31321	268.31193	681.75693
E107	44	1	241.32110	725.21533	434.33028	735.49266
E107	45	0	780.95413	881.18271	593.83486	889.15987
E107	45	1	1270.52294	797.40946	1101.28440	816.79119
E107	46	0	787.79817	318.79119	972.69725	340.52692
E107	46	1	961.30275	289.28059	1148.40367	301.76672
E107	47	0	906.26606	262.70636	1159.63303	275.13377
E107	47	1	982.88991	252.57586	1237.13761	261.92007
E107	48	0	1000.06422	303.22838	1232.29358	315.21533
E107	48	1	1080.65138	273.27732	1306.27523	282.18108
E107	49	0	414.81651	464.80261	543.41284	497.42251
E107	49	1	295.03670	436.61338	430.13761	470.89886
E107	50	0	880.32110	510.84992	1092.06422	527.52855
E107	50	1	985.12844	468.12561	1201.27523	481.72104
E107	51	0	1213.74312	460.48124	1433.69725	467.63622
E107	51	1	1325.59633	387.80587	1560.52294	388.79445
E107	52	0	1270.53211	83.68679	1527.44954	66.50897
E107	52	1	1375.33945	144.46982	1636.22018	123.76835
E107	53	0	1398.54128	210.69494	1707.74312	190.43230
E107	53	1	1469.44037	175.45840	1801.10092	143.74388
E107	54	0	1438.61468	269.27569	1740.33028	252.53670
E107	54	1	1511.71560	226.99184	1838.09174	198.80098
E107	55	0	1431.54128	436.74225	1679.55963	436.80261
E107	55	1	1520.05505	365.82871	1773.79817	357.96085
E107	56	0	1458.84404	474.62153	1725.35780	475.12235
E107	56	1	1570.25688	414.27896	1849.98165	406.41109
E107	57	0	1037.77064	523.36378	1250.40367	534.77977
E107	57	1	1182.21101	478.43719	1386.91743	486.76998
E107	58	0	782.43119	525.19576	1002.67890	541.77814
E107	58	1	899.56881	454.28222	1109.24771	473.50734
E107	59	0	749.84404	485.55465	924.29358	503.01794
E107	59	1	886.35780	421.68842	1056.40367	436.94943
E107	60	0	356.22936	84.56770	581.50459	148.87439
E107	60	1	488.77982	135.66069	699.96330	182.34910
E107	61	0	521.83486	308.92333	616.95413	343.75693
E107	61	1	697.98165	371.90865	787.81651	400.13540
E107	62	0	331.15596	314.20881	439.48624	357.85155
E107	62	1	478.67890	452.95269	601.10092	482.06036
E107	63	0	1365.29358	288.60033	1700.69725	264.91028
E107	63	1	1444.55963	319.43230	1797.57798	294.42088
E107	64	0	1200.15596	362.59706	1440.90826	354.72920
E107	64	1	1270.61468	348.06199	1517.97248	337.99184
E107	65	0	339.95413	812.73409	252.22936	820.90701
E107	65	1	88.66055	697.72594	88.66055	712.32137
E107	66	0	432.85321	201.28874	660.20183	243.08646
E107	66	1	513.44037	104.38825	721.41284	145.74551
E107	67	0	826.09174	733.98206	780.90826	746.25612
E107	67	1	1122.01835	842.77488	1112.94495	857.69168
E107	68	0	1136.46789	509.28059	1415.39450	522.33931
E107	68	1	914.41284	505.80261	1193.71560	522.49429
E107	69	0	925.88073	346.14682	875.60550	364.75367
E107	69	1	1332.98165	290.89886	1268.41284	293.84013
E107	70	0	232.51376	440.55139	470.70642	479.37357
E107	70	1	387.08257	398.26754	607.66055	432.24470
E107	71	0	1285.13761	619.82382	1379.72477	638.92985
E107	71	1	1458.20183	510.59054	1578.77064	518.24470
E107	72	0	915.62385	815.55302	984.97248	832.00489
E107	72	1	989.60550	815.55302	1049.70642	832.88581
E107	73	0	1678.92661	693.55302	1890.49541	712.92333
E107	73	1	1616.39450	700.60033	1815.63303	724.37520
E107	74	0	448.41284	893.31485	311.24771	895.95922
E107	74	1	385.88073	915.33768	248.27523	915.77977
E107	75	0	381.97248	769.63622	474.11927	782.57749
E107	75	1	446.70642	788.57586	522.11927	799.75530
E107	76	0	664.30275	774.96900	709.80734	788.92333
E107	76	1	601.33028	737.97064	653.88073	752.36542
E107	77	0	1423.03670	684.00326	1077.71560	694.26754
E107	77	1	964.81651	625.95922	521.30275	637.45840
E107	78	0	1024.88073	736.89886	706.26606	771.20718
E107	78	1	1629.64220	575.20718	1317.98165	600.45677
E107	79	0	1533.56881	467.76672	1595.05505	469.87276
E107	79	1	1583.77064	437.37520	1674.76147	435.95759
E107	80	0	1708.18349	240.43393	1740.33028	220.80261
E107	80	1	1632.88073	193.74551	1676.91743	172.79282
E107	81	0	1646.09174	877.22023	1537.45872	908.88744
E107	81	1	1819.59633	906.29038	1711.40367	945.88581
E107	82	0	229.23853	988.16966	10.12844	1000.27732
E107	82	1	392.17431	976.27732	184.07339	981.33768
E107	83	0	417.40367	1039.03752	350.34862	1039.91843
E107	83	1	540.26606	1019.65742	445.46789	1025.38336
E107	84	0	506.73726	494.27586	513.63101	524.20690
E107	84	1	664.55492	496.34483	658.35463	521.44828
E107	85	0	737.09174	625.46982	912.54128	644.80261
E107	85	1	795.66055	617.10114	968.90826	634.67210
E107	86	0	994.45872	263.43393	1065.59633	279.77977
E107	86	1	832.40367	297.34910	885.04587	318.53997
E107	87	0	1563.03670	288.53997	1865.83486	263.39641
E107	87	1	1345.79817	284.77977	1613.94495	275.28874
E107	88	0	139.59633	363.95759	506.67890	408.59869
E107	88	1	350.09174	301.85318	679.74312	337.68515
E107	89	0	626.88991	510.69494	920.39450	531.63622
E107	89	1	813.01835	552.77814	1095.66055	569.07504
E107	90	0	1078.86239	284.69494	1353.29358	288.00489
E107	90	1	1269.54128	286.89723	1558.94495	280.07667
E107	91	0	1330.76147	326.14845	1582.72477	319.27732
E107	91	1	1558.87156	275.49592	1846.45872	253.31485
E107	92	0	1263.77064	480.94617	1538.20183	486.87113
E107	92	1	1461.93578	442.18597	1759.26606	439.30179
E107	93	0	953.22018	437.68352	1253.39450	450.20718
E107	93	1	1136.41284	451.33768	1435.70642	457.69494
E107	94	0	445.22018	477.81403	767.95413	499.69657
E107	94	1	627.09174	471.20718	930.44954	492.64927
E107	95	0	1066.74312	494.19413	1303.48624	504.62480
E107	95	1	1276.79817	491.55139	1516.62385	498.45840
E107	96	0	173.94495	632.62153	353.51376	649.89723
E107	96	1	301.65138	589.45677	462.72477	605.85155
E107	97	0	582.07339	105.26917	840.13761	144.46982
E107	97	1	1168.94495	11.01142	1483.48624	0.88091
E107	98	0	527.90826	1010.40783	426.99083	1012.16966
E107	98	1	663.54128	1017.45514	544.12844	1014.81240
E107	99	0	847.80734	805.62969	839.77982	818.29201
E107	99	1	1010.81651	804.48287	978.49541	823.13703
E107	100	0	1268.28440	500.56607	1647.78899	505.61175
E107	100	1	1104.90826	508.05383	1458.43119	517.06362
E107	101	0	929.13761	786.57586	820.73394	802.14845
E107	101	1	1081.06422	797.58728	971.77982	814.92170
E107	102	0	1066.85321	371.60033	1378.47706	377.77977
E107	102	1	1298.31193	301.18434	1629.04587	292.77162
E107	103	0	1416.21101	574.81566	1468.68807	591.58891
E107	103	1	1549.64220	577.01794	1620.17431	590.70799
E107	104	0	902.84404	544.01631	997.35780	562.66069
E107	104	1	1023.50459	518.46982	1107.44954	534.03100
E107	105	0	1382.13761	582.98206	1463.13761	594.24307
E107	105	1	1327.09174	596.19576	1377.26606	611.42088
E107	106	0	1049.22018	298.72920	1334.81651	305.00489
E107	106	1	1124.96330	271.42088	1400.43119	277.25612
E107	107	0	909.24771	557.58728	1227.52294	571.57586
E107	107	1	945.35780	497.24470	1247.33945	507.70962
E107	108	0	814.91743	624.52855	659.82569	647.33931
E107	108	1	1326.80734	650.62480	1240.68807	667.93148
E107	109	0	1072.37615	641.50408	911.64220	658.25612
E107	109	1	1703.33945	518.76672	1589.99083	528.15987
E107	110	0	708.50459	483.87439	969.98165	505.20718
E107	110	1	919.44037	447.31648	1180.91743	459.39967
E107	111	0	982.39450	342.13540	1311.50459	351.15824
E107	111	1	1144.88991	324.51713	1481.92661	326.49266
E107	112	0	1237.03670	423.82708	1538.36697	428.82382
E107	112	1	1425.07339	388.59054	1742.69725	382.57586
E107	113	0	736.63303	351.88581	972.26606	374.10114
E107	113	1	982.35780	359.81403	1217.11009	368.37520
E107	114	0	656.55046	346.80261	885.67890	373.17129
E107	114	1	914.60550	342.83850	1132.72477	358.63622
E107	115	0	1121.18349	328.92170	1440.89908	330.97227
E107	115	1	1303.93578	359.75367	1636.42202	357.39967
E107	116	0	1104.03670	458.26754	1366.95413	465.77814
E107	116	1	1310.56881	497.90865	1599.90826	504.53834
E112	0	0	1017.41868	219.62687	459.34942	237.76119
E112	0	1	1015.40399	626.64179	481.51102	612.53731
E112	1	0	1053.68311	668.95522	856.24344	666.94030
E112	1	1	1019.43337	951.04478	821.99370	953.05970
E112	2	0	1256.98165	683.50245	1410.88991	690.80098
E112	2	1	1441.49541	644.30179	1650.00917	654.24307
E112	3	0	1331.58716	832.88907	1481.37615	857.93475
E112	3	1	1505.09174	823.19902	1746.47706	875.11256
E112	4	0	628.66055	888.67047	724.06422	875.99347
E112	4	1	393.06422	845.06525	543.07339	824.90049
E112	5	0	1535.04587	924.51876	1778.27523	991.46819
E112	5	1	1377.39450	1003.80098	1538.82569	1058.85808
E112	6	0	460.75229	721.68352	280.09174	721.18597
E112	6	1	552.78899	790.39478	384.01835	778.00489
E112	7	0	1181.89908	696.04078	1215.39450	703.37357
E112	7	1	1218.00917	658.16150	1269.55963	665.93475
E112	8	0	1481.82569	738.90865	1521.52294	754.28059
E112	8	1	1545.67890	696.18434	1596.30275	706.31485
E112	9	0	921.59633	946.10114	965.93578	950.20718
E112	9	1	988.09174	972.96900	1024.06422	982.80098
E112	10	0	614.09174	940.45840	697.19266	924.98206
E112	10	1	674.86239	968.64763	755.32110	954.93312
E112	11	0	231.19266	657.70799	361.17431	661.54160
E112	11	1	324.55046	675.76672	420.62385	677.83850
E112	12	0	973.74312	881.12561	1103.41284	893.57749
E112	12	1	929.26606	848.97227	1051.00917	857.46003
E112	13	0	1012.93578	859.10277	1208.66055	878.60196
E112	13	1	978.58716	845.44861	1167.26606	859.66232
E112	14	0	514.45872	759.53018	718.00000	757.84992
E112	14	1	579.63303	744.99511	779.21101	746.83850
E112	15	0	310.77064	733.14845	377.36697	726.88581
E112	15	1	402.80734	720.37520	465.44037	714.11256
E112	16	0	961.95413	802.53018	1173.08257	818.00816
E112	16	1	907.78899	805.17292	1114.95413	815.80587
E112	17	0	893.69725	840.40946	1177.48624	857.64927
E112	17	1	848.77982	849.21860	1132.56881	863.37520
E112	18	0	859.78899	873.88418	1130.80734	887.15987
E112	18	1	818.83486	885.33605	1092.49541	899.05220
E112	19	0	763.34862	818.38662	999.33945	826.94290
E112	19	1	710.94495	813.98206	951.33945	817.69331
E112	20	0	1291.52294	804.14845	1520.45872	833.50571
E112	20	1	1248.36697	798.86297	1455.72477	826.01794
E112	21	0	1272.94495	1002.65579	1222.84404	1025.38336
E112	21	1	1326.66972	916.32626	1269.52294	936.41109
E112	22	0	550.33945	954.17129	672.29358	933.99347
E112	22	1	614.33945	918.33931	722.05505	907.12561
E112	23	0	713.86239	931.11256	918.01835	929.58891
E112	23	1	745.56881	967.23002	951.04587	965.70636
E112	24	0	419.13761	978.82545	393.67890	943.18434
E112	24	1	499.72477	1032.56117	482.19266	995.15824
E112	25	0	1057.00000	1043.38173	942.34862	1045.64437
E112	25	1	989.18349	946.48124	880.69725	943.89886
E112	26	0	362.40367	994.99184	228.03670	953.82382
E112	26	1	529.30275	976.05220	365.43119	945.01468
E112	27	0	642.76147	1056.65579	568.00917	1023.62153
E112	27	1	572.74312	974.73083	520.88991	940.81566
E112	28	0	1122.04587	812.62480	1182.90826	826.56444
E112	28	1	1054.22936	800.29201	1114.21101	808.94617
E112	29	0	885.39450	842.27896	1138.70642	855.79119
E112	29	1	916.66055	855.05220	1167.77064	871.20718
E112	30	0	952.33028	846.24307	1062.52294	856.67210
E112	30	1	1001.21101	877.07504	1118.44954	890.58728
E112	31	0	371.00000	818.05220	613.17431	803.55465
E112	31	1	408.43119	877.95432	643.11927	857.73083
E112	32	0	715.79817	871.01794	803.13761	864.84992
E112	32	1	777.44954	897.44535	850.69725	894.36052
E112	33	0	1477.77982	1015.69331	1306.44037	1036.83524
E112	33	1	1552.20183	970.76672	1374.25688	1004.24144
E112	34	0	525.78899	950.94617	613.57798	928.70799
E112	34	1	748.62385	1055.33442	787.96330	1039.91843
E112	35	0	741.92661	698.62480	914.29358	704.70799
E112	35	1	874.91743	715.36215	1045.52294	722.76672
E112	36	0	746.37615	697.42251	1024.44037	711.75530
E112	36	1	677.67890	659.54323	961.90826	672.55465
E112	37	0	238.75229	865.37520	672.64220	839.67210
E112	37	1	323.30275	857.00653	730.33028	840.55302
E112	38	0	530.23853	843.24307	891.94495	841.87439
E112	38	1	603.77982	852.49266	956.67890	856.84992
E112	39	0	1161.77064	509.82708	1399.88073	509.21860
E112	39	1	1265.25688	506.74388	1524.06422	504.81403
E112	40	0	854.36697	1008.64600	1172.76147	1028.90701
E112	40	1	984.71560	993.67047	1312.79817	1028.90701
E112	41	0	1118.61468	639.52529	1335.77064	649.41599
E112	41	1	1445.36697	510.03100	1740.02752	496.13703
E112	42	0	465.90826	974.29038	791.40367	955.79119
E112	42	1	209.61468	816.60685	599.40367	798.10767
E112	43	0	991.98165	936.41109	1262.00917	961.07667
E112	43	1	1250.03670	811.32137	1562.33945	844.79608
E112	44	0	770.56881	1041.23980	988.07339	1039.47798
E112	44	1	1110.53211	1004.24144	1320.11009	1040.35889
E12	0	0	1653.37055	200.99256	873.57990	184.91315
E12	0	1	1680.16748	669.97519	897.69714	712.85360
E12	1	0	803.57798	660.17129	805.84404	653.94617
E12	1	1	725.19266	647.83850	719.09174	641.61338
E12	2	0	215.45872	727.39478	203.49541	701.52855
E12	2	1	284.59633	754.26264	238.72477	730.59869
E12	3	0	296.92661	636.22023	356.74312	619.16313
E12	3	1	359.01835	652.07667	394.61468	636.78140
E12	4	0	371.14679	478.90049	546.35780	475.31485
E12	4	1	431.47706	525.14845	599.64220	514.95595
E12	5	0	479.96330	742.19576	245.74312	728.62153
E12	5	1	620.44037	739.11256	365.96330	724.21697
E12	6	0	299.34862	821.48124	144.00000	792.93475
E12	6	1	409.88073	826.32626	218.42202	799.10114
E12	7	0	779.66055	1015.25285	601.35780	998.51550
E12	7	1	917.93578	1024.06199	744.47706	1018.33605
E12	8	0	684.70829	798.91791	473.43232	787.56343
E12	8	1	796.01994	823.60075	550.99790	813.75746
E12	9	0	861.35780	724.73573	791.55963	719.88744
E12	9	1	942.82569	774.94780	873.02752	776.26591
E12	10	0	339.41284	904.33768	162.49541	869.82708
E12	10	1	475.04587	895.96900	303.85321	866.30343
E12	11	0	487.17431	815.46982	325.49541	794.17129
E12	11	1	617.96330	853.78956	447.47706	834.69331
E12	12	0	669.92661	725.17618	566.81651	714.44861
E12	12	1	772.35780	739.84992	667.13761	733.32463
E12	13	0	502.87723	813.85075	335.67156	793.85075
E12	13	1	631.31375	857.17164	457.56034	839.69030
E12	14	0	678.26338	723.63806	570.88667	713.75746
E12	14	1	784.53830	743.28358	675.34418	735.30970
E12	15	0	914.81112	887.49627	851.30745	882.70896
E12	15	1	998.92445	903.61567	933.40609	906.38433
E12	16	0	555.98165	780.67210	255.89908	766.22186
E12	16	1	404.44037	754.43393	139.20183	732.30669
E12	17	0	303.38532	588.85971	104.80734	582.38662
E12	17	1	455.75229	597.22838	228.55046	590.75530
E12	18	0	668.05505	666.46819	396.92661	656.24470
E12	18	1	804.12844	658.53997	507.89908	656.24470
E12	19	0	333.56881	690.35073	219.60550	667.70799
E12	19	1	456.87156	710.61175	337.18349	694.13540
E12	20	0	948.20183	949.62480	915.58716	948.46982
E12	20	1	1035.83486	973.84992	990.00917	981.06362
E12	21	0	448.69725	621.05220	428.80734	609.79119
E12	21	1	550.42202	640.87276	528.77064	632.25449
E12	22	0	125.94495	262.70799	323.96330	279.15987
E12	22	1	209.17431	242.44698	390.45872	255.81566
E12	23	0	350.63303	48.89070	809.28440	62.54486
E12	23	1	424.61468	67.83034	874.45872	76.19902
E12	24	0	1445.66055	597.56117	1454.41284	610.59706
E12	24	1	1316.19266	543.82545	1335.07339	549.37357
E12	25	0	1255.38532	717.57586	1276.99083	729.37520
E12	25	1	1126.79817	696.87439	1149.28440	702.50734
E12	26	0	392.77982	616.76672	383.62385	608.09788
E12	26	1	767.30275	651.55302	757.72477	645.27896
E12	27	0	1552.24771	785.75530	1642.26606	818.79119
E12	27	1	1410.88991	757.56607	1484.17431	778.26917
E12	28	0	1283.37615	627.47145	1458.03670	633.63622
E12	28	1	1390.38532	678.12398	1577.37615	693.53834
E12	29	0	341.24771	729.67210	133.50459	711.56444
E12	29	1	460.14679	714.25612	268.69725	695.70799
E12	30	0	809.58716	624.44372	932.06422	620.18108
E12	30	1	748.37615	592.73083	876.13761	586.70636
E12	31	0	324.21101	448.28874	731.85321	436.30179
E12	31	1	166.11927	389.70799	596.66055	373.31648
E12	32	0	413.98165	98.66232	116.25688	132.13703
E12	32	1	494.12844	127.29201	220.62385	159.44535
E12	33	0	277.78899	258.99184	162.05505	274.66069
E12	33	1	365.42202	265.59869	248.80734	279.94617
E12	34	0	1011.33945	207.06362	681.57798	219.04241
E12	34	1	1090.60550	197.81403	733.54128	262.20718
E12	35	0	731.81651	632.55139	300.42202	642.06525
E12	35	1	617.76147	640.92007	202.66055	642.50571
E12	36	0	900.39450	702.20718	679.87156	702.66069
E12	36	1	975.25688	677.54160	758.25688	675.35237
E12	37	0	1238.50459	355.84013	864.52294	363.51713
E12	37	1	1142.94495	358.48287	782.17431	367.04078
E12	38	0	1319.09174	258.21860	1032.34862	240.83850
E12	38	1	1226.61468	216.81566	943.39450	209.56607
E12	39	0	971.34862	796.99184	690.10092	804.98042
E12	39	1	1069.55046	773.64763	778.17431	790.88581
E12	40	0	751.56881	803.31485	401.49541	800.97064
E12	40	1	853.29358	801.55302	496.17431	797.44698
E12	41	0	911.17209	291.15672	1030.42288	285.91045
E12	41	1	439.73452	188.39552	561.39349	201.49254
E12	42	0	583.07135	64.47761	796.27072	70.52239
E12	42	1	991.43022	210.18657	1220.36306	197.46269
E12	43	0	1323.39450	71.35400	1732.40367	20.70147
E12	43	1	1193.04587	81.04405	1566.38532	44.92659
E12	44	0	1091.58716	512.70636	998.23853	514.57423
E12	44	1	989.42202	470.86297	906.64220	466.12398
E12	45	0	1164.79817	594.63458	887.53211	592.86134
E12	45	1	1076.28440	497.73409	781.84404	501.24633
E12	46	0	836.69725	105.26917	1185.83486	90.29364
E12	46	1	799.26606	37.43883	1135.63303	23.78467
E12	47	0	983.53211	189.39641	1400.30275	160.76672
E12	47	1	940.37615	113.63785	1345.25688	90.73409
E12	48	0	928.92661	100.86460	1340.41284	76.19902
E12	48	1	890.17431	41.40294	1294.61468	20.26101
E12	49	0	884.15596	109.67374	1281.65138	94.25775
E12	49	1	844.52294	58.14029	1228.36697	40.96248
E12	50	0	784.84404	90.73409	1188.28440	76.19902
E12	50	1	753.57798	56.37847	1146.88991	43.16476
E12	51	0	823.15596	76.19902	1242.44954	57.69984
E12	51	1	787.04587	35.67700	1197.09174	18.93964
E12	52	0	434.16579	419.02985	218.59391	424.95522
E12	52	1	1190.14376	709.23881	1053.47429	721.25373
E12	53	0	764.28440	731.80261	663.88991	720.50245
E12	53	1	322.00917	454.27896	285.69725	454.66069
E12	54	0	1071.37615	760.24307	874.92661	763.09788
E12	54	1	522.19266	502.34258	406.72477	491.52039
E12	55	0	734.95413	561.85155	906.83486	560.85155
E12	55	1	840.20183	595.32626	998.43119	592.12398
E12	56	0	470.25688	369.39478	679.69725	367.49266
E12	56	1	576.60550	344.68352	774.81651	343.70799
E12	57	0	581.58972	47.85448	988.54250	47.35075
E12	57	1	1410.36936	231.87313	1877.18783	192.39179
E121	0	0	1248.73692	686.05459	771.75157	700.79404
E121	0	1	1335.82694	830.76923	881.61898	874.98759
E121	1	0	910.46789	547.35237	717.85321	563.36378
E121	1	1	938.65138	586.99347	747.79817	600.80261
E121	2	0	926.95413	731.31648	461.44037	749.23165
E121	2	1	982.44037	711.49592	520.00917	728.08972
E121	3	0	128.58716	469.09951	240.44037	473.75530
E121	3	1	321.02752	469.98042	407.77982	479.92170
E121	4	0	686.99083	460.08646	336.31193	473.15661
E121	4	1	1127.29358	372.79119	790.78899	395.49266
E121	5	0	809.13761	381.79119	732.28440	397.30343
E121	5	1	1030.96330	440.95759	965.28440	456.31485
E121	6	0	329.39450	425.78140	391.46789	434.87602
E121	6	1	402.93578	400.23491	462.80734	410.65090
E121	7	0	509.50459	507.26591	560.12844	514.15824
E121	7	1	575.11927	501.98042	627.06422	510.19413
E121	8	0	1312.25688	303.07341	1322.03670	317.56444
E121	8	1	1583.96330	276.64600	1587.57798	288.05383
E121	9	0	1288.00000	372.67210	1296.72477	390.00653
E121	9	1	1488.36697	393.81403	1476.39450	412.46982
E121	10	0	1506.06422	436.21044	1487.59633	454.67210
E121	10	1	1801.11009	471.88744	1768.11009	499.59869
E121	11	0	188.47706	266.56444	279.33945	288.45677
E121	11	1	367.26606	274.93312	433.46789	293.30179
E121	12	0	320.11927	481.24307	436.55046	487.94617
E121	12	1	394.54128	475.51713	506.56881	482.22023
E121	13	0	1528.48624	663.83850	1149.78899	692.96574
E121	13	1	1129.00000	607.12398	872.47706	627.33768
E121	14	0	450.49541	539.12398	352.95413	545.00489
E121	14	1	664.51376	569.07504	573.57798	576.71778
E121	15	0	727.95413	137.86297	785.21101	157.68352
E121	15	1	902.77982	75.31811	951.22936	87.65090
E121	16	0	461.40367	199.57586	516.68807	219.89723
E121	16	1	384.33945	183.27896	465.60550	206.68352
E121	17	0	606.76147	176.08809	563.65138	197.07504
E121	17	1	246.72477	125.76835	245.70642	157.43393
E121	18	0	377.65138	223.75530	456.22018	246.30343
E121	18	1	597.83486	262.51550	655.70642	279.77814
E121	19	0	930.27523	473.01631	732.79817	488.18108
E121	19	1	427.57798	390.24470	226.86239	400.43230
E121	20	0	1296.10063	584.32836	1008.26816	605.06832
E121	20	1	1741.55136	441.94030	1513.74302	466.88199
E121	21	0	1096.50459	397.47961	1138.05505	411.64763
E121	21	1	1224.65138	393.07504	1269.72477	408.12398
E121	22	0	232.80734	397.88581	331.39450	407.86297
E121	22	1	355.66972	410.65905	438.84404	420.19576
E121	23	0	1551.72477	354.62316	1486.12844	375.81566
E121	23	1	1727.43119	378.84829	1671.96330	399.15987
E121	24	0	1667.66972	509.92007	1675.59633	537.04078
E121	24	1	1829.72477	487.89723	1847.33945	514.13703
E121	25	0	539.45872	472.47961	523.58716	480.99184
E121	25	1	679.05505	444.29038	671.11009	455.44535
E121	26	0	1114.14679	391.51387	756.07339	413.70473
E121	26	1	1490.35780	232.36215	1096.38532	259.91028
E121	27	0	802.09174	533.59869	547.09174	545.24144
E121	27	1	504.94495	574.01631	141.35780	580.13377
E121	28	0	1258.20183	292.57912	1080.00000	312.43393
E121	28	1	1440.07339	320.76835	1268.03670	344.14682
E121	29	0	1200.69725	513.93148	723.13761	540.89560
E121	29	1	831.68807	525.86460	288.93578	543.53834
E121	30	0	1664.14679	302.88418	1736.36697	312.87439
E121	30	1	1789.65138	269.40946	1866.71560	275.43556
E121	31	0	930.10092	309.63622	852.11009	325.74225
E121	31	1	763.23853	274.94617	686.53211	290.94617
E121	32	0	579.95413	293.01631	434.65138	310.29038
E121	32	1	382.92661	269.95595	252.77982	285.62480
E121	33	0	1465.03670	206.57423	973.92661	238.76509
E121	33	1	1797.51376	51.09299	1283.69725	109.18597
E121	34	0	1130.05505	577.78956	800.56881	600.65742
E121	34	1	497.08257	488.82708	262.24771	496.15824
E121	35	0	842.32110	216.80261	713.22936	235.31485
E121	35	1	1021.55046	253.80098	884.09174	272.75367
E130	0	0	1157.89814	781.64029	763.65400	781.64029
E130	0	1	1271.20453	826.70504	661.21261	831.36691
E130	1	0	1210.67098	823.59712	689.15117	832.92086
E130	1	1	1362.78092	902.84892	540.14551	916.83453
E130	2	0	486.16514	440.62316	374.14679	439.92170
E130	2	1	1006.03670	369.44698	848.06422	369.30179
E130	3	0	919.10092	0.88091	724.07339	9.24959
E130	3	1	1249.43119	71.35400	1188.27523	54.17618
E130	4	0	1294.67890	822.77325	620.03670	835.10604
E130	4	1	1877.72477	149.75530	1307.00917	176.18271
E130	5	0	1091.01835	417.96085	955.72477	417.86623
E130	5	1	1346.43119	161.61501	1285.11927	143.90212
E130	6	0	1364.43119	418.91191	1156.44037	418.82708
E130	6	1	1078.01835	634.43883	731.04587	639.93638
E130	7	0	1574.75229	609.62969	1015.11927	636.43883
E130	7	1	920.33028	202.61011	559.25688	216.70473
E130	8	0	302.97248	949.62480	125.94495	909.10277
E130	8	1	991.92661	1029.78793	732.77064	1027.14519
E130	9	0	1150.47706	608.79608	1304.47706	607.36705
E130	9	1	869.52294	610.55791	1004.14679	604.72431
E130	10	0	709.47706	760.46330	653.42202	747.34421
E130	10	1	882.10092	728.75041	819.00000	724.44046
E130	11	0	990.22936	1044.76346	731.84404	1038.59706
E130	11	1	1043.95413	971.64763	838.41284	976.93312
E130	12	0	702.67890	91.61501	943.49541	87.21044
E130	12	1	918.01835	44.48613	1171.16514	27.30832
E130	13	0	1213.29358	147.99347	943.73394	146.62480
E130	13	1	1683.08257	229.14682	1525.53211	199.52039
E130	14	0	618.20183	376.78956	509.52294	379.81240
E130	14	1	1066.31193	206.91028	981.06422	203.63622
E130	15	0	118.89908	557.48124	219.60550	544.07504
E130	15	1	496.17431	499.78793	568.37615	494.30343
E130	16	0	609.98165	318.12561	408.25688	325.20881
E130	16	1	1137.90826	348.95759	936.12844	351.05057
E130	17	0	128.82569	305.47961	180.38532	319.23002
E130	17	1	497.94495	79.28222	500.22018	100.86460
E130	18	0	1195.83486	95.57912	1168.58716	83.68679
E130	18	1	1607.94495	54.17618	1616.91743	14.53507
E130	19	0	660.46789	410.18108	737.11927	405.84829
E130	19	1	893.42202	269.23491	996.49541	264.90212
E130	20	0	696.26606	86.32953	862.35780	88.09135
E130	20	1	983.38532	22.02284	1132.30275	6.60685
E130	21	0	1043.90826	521.31485	1243.98165	513.98206
E130	21	1	850.58716	555.67047	1054.18349	547.89723
E130	22	0	1157.00917	396.52855	1403.73394	386.33768
E130	22	1	1345.04587	354.24470	1618.19266	333.48287
E130	23	0	1266.87156	550.92007	1494.38532	548.24307
E130	23	1	1429.36697	495.42251	1695.63303	491.86460
E130	24	0	690.01835	656.88581	929.35780	642.64763
E130	24	1	889.50459	628.25612	1128.84404	623.26754
E130	25	0	781.50459	753.49429	1013.78899	743.45840
E130	25	1	718.53211	760.98206	946.85321	747.42251
E130	26	0	657.66055	921.55302	711.16514	899.73246
E130	26	1	693.77064	897.76835	755.20183	879.91191
E130	27	0	385.76147	486.79772	235.15596	489.27243
E130	27	1	999.63303	543.17618	796.18349	544.76998
E130	28	0	376.95413	550.55791	293.28440	542.29527
E130	28	1	722.20183	389.35073	615.63303	394.30179
E130	29	0	686.15596	671.67863	908.45872	659.74878
E130	29	1	815.62385	664.63132	1037.92661	655.34421
E130	30	0	487.04587	573.60522	491.44954	565.72594
E130	30	1	255.41284	523.39315	248.36697	516.39478
E130	31	0	210.93578	616.64763	594.17431	595.31321
E130	31	1	140.03670	577.00653	533.84404	556.99347
E130	32	0	389.55046	547.83850	768.21101	531.64600
E130	32	1	445.47706	538.14845	817.09174	522.39641
E130	33	0	431.00917	742.53997	351.38532	718.01631
E130	33	1	222.17431	749.29038	131.66972	718.64763
E130	34	0	837.57798	491.51713	1181.86239	477.12398
E130	34	1	1029.13761	444.82871	1378.26606	434.84013
E130	35	0	918.53211	636.93801	1090.33028	632.20228
E130	35	1	1183.63303	643.98532	1378.33028	648.05873
E130	36	0	271.77020	332.46269	386.82057	333.86567
E130	36	1	863.08185	361.67910	1003.29801	357.60448
E130	37	0	338.20183	372.65579	752.87156	365.13214
E130	37	1	50.20183	429.91517	510.66972	423.27243
E130	38	0	149.72477	547.91354	409.38532	532.10604
E130	38	1	687.85321	492.41599	907.00000	486.29853
E130	39	0	886.21101	159.44535	950.83486	155.04078
E130	39	1	579.00000	256.34584	748.26606	257.22675
E130	40	0	199.04587	441.96411	465.55046	438.15334
E130	40	1	589.21101	476.31974	817.84404	468.10440
E130	41	0	59.88991	901.49266	147.56881	848.64763
E130	41	1	609.59633	832.18271	621.95413	811.60033
E130	42	0	800.53211	659.81403	745.12844	654.00653
E130	42	1	1246.95413	641.18271	1265.84404	645.38499
E130	43	0	560.33945	955.79119	93.35780	935.53018
E130	43	1	1591.26606	598.14682	1480.41284	614.44698
E133	0	0	1233.99860	694.09429	840.08374	668.63524
E133	0	1	1259.45569	883.02730	856.16190	856.22829
E133	1	0	1262.13538	734.29280	748.97418	718.21340
E133	1	1	1392.10049	779.85112	675.28262	730.27295
E133	2	0	600.02752	748.36215	451.44037	703.87439
E133	2	1	358.70642	700.35237	225.09174	653.66232
E133	3	0	1432.59633	854.02610	1116.66055	824.95759
E133	3	1	1246.32110	777.82708	977.06422	755.36542
E133	4	0	1500.62385	613.75367	1211.94495	606.52855
E133	4	1	1132.53211	654.68352	879.13761	637.84992
E133	5	0	650.31193	789.56444	434.72477	741.31485
E133	5	1	302.24771	777.63785	42.71560	724.76835
E133	6	0	910.67890	717.86297	660.04587	683.42251
E133	6	1	1214.11927	683.61338	893.00000	663.60196
E133	7	0	1294.67890	601.77814	1016.36697	592.56444
E133	7	1	943.70642	603.09951	681.83486	584.36215
E133	8	0	1285.87156	651.87602	956.25688	641.46003
E133	8	1	1679.53211	640.64763	1214.31193	633.53181
E133	9	0	465.64220	838.37520	70.45872	789.61338
E133	9	1	949.55046	822.84829	613.54128	776.94780
E133	10	0	966.00000	506.18434	667.59633	495.62480
E133	10	1	1262.80734	588.54976	924.77064	585.91843
E133	11	0	989.22936	576.27732	888.55963	559.58891
E133	11	1	1219.98165	563.50408	1084.96330	556.50571
E133	12	0	550.18349	696.09951	224.91743	658.30343
E133	12	1	846.55046	704.46819	582.93578	671.07667
E133	13	0	810.80734	751.63785	593.91743	714.68352
E133	13	1	473.61468	793.32626	212.14679	743.60848
E133	14	0	1084.47706	829.95759	794.55963	803.32626
E133	14	1	1428.07339	843.74388	1038.52294	820.50408
E133	15	0	724.27523	865.52855	309.48624	820.63622
E133	15	1	1137.64220	876.19413	753.49541	836.36542
E133	16	0	912.56881	722.50408	599.88073	689.14845
E133	16	1	584.30275	706.67374	227.85321	673.03915
E133	17	0	438.11927	637.75530	185.36697	599.68515
E133	17	1	830.27523	629.61175	562.15596	605.24307
E133	18	0	1710.82569	650.08972	1361.44037	645.24470
E133	18	1	563.03670	454.30343	408.88073	440.60033
E133	19	0	1822.23853	692.17129	1815.96330	700.82382
E133	19	1	1380.00000	623.85318	1389.12844	622.18434
E133	20	0	1401.47706	589.14682	1004.88991	581.50571
E133	20	1	1012.67890	489.01794	623.88073	483.48124
E133	21	0	1278.02752	715.04078	761.77064	694.34095
E133	21	1	983.70642	559.98206	631.66055	547.63622
E133	22	0	1338.10092	712.13866	844.22936	692.36215
E133	22	1	1328.55963	250.62643	766.92661	267.98042
E133	23	0	1243.53211	393.13540	1043.44037	395.39804
E133	23	1	933.44037	497.58891	747.87156	486.07830
E133	24	0	1305.91743	733.37194	771.35780	714.64927
E133	24	1	899.53211	537.13540	491.44954	521.69494
E133	25	0	1189.40367	509.37520	911.84404	501.00489
E133	25	1	1253.69725	504.08972	960.28440	499.68352
E133	26	0	1141.84404	465.32953	887.18349	462.68515
E133	26	1	1199.09174	467.97227	927.69725	462.68515
E133	27	0	1152.41284	489.99511	913.16514	482.94617
E133	27	1	1223.75229	480.74551	967.77064	478.98206
E133	28	0	1054.82569	560.76672	827.66972	547.69331
E133	28	1	1104.14679	555.04078	872.14679	543.72920
E133	29	0	1193.10092	533.89886	935.55963	526.99184
E133	29	1	1247.70642	525.08972	981.35780	522.14682
E133	30	0	539.33028	504.19413	289.80734	483.57586
E133	30	1	621.23853	496.70636	386.24771	482.69494
E133	31	0	532.28440	525.77651	280.55963	503.83687
E133	31	1	587.77064	517.84829	349.69725	497.67047
E133	32	0	523.91743	540.31158	285.84404	516.16966
E133	32	1	576.32110	528.41925	343.53211	506.47961
E133	33	0	581.16514	550.00163	351.01835	530.70473
E133	33	1	630.92661	546.91843	406.50459	526.30016
E133	34	0	576.32110	531.50245	337.80734	511.32463
E133	34	1	630.92661	507.27732	403.42202	489.74225
E136	0	0	1153.60782	706.15385	703.41940	700.79404
E136	0	1	1183.08444	987.54342	771.75157	979.50372
E136	1	0	1384.79817	168.25612	1391.76147	120.48287
E136	1	1	1072.13761	123.32953	1121.81651	99.34095
E136	2	0	1024.48624	419.53507	995.25688	400.84502
E136	2	1	587.64220	426.58238	551.36697	418.46330
E136	3	0	810.15596	304.98042	847.67890	286.89886
E136	3	1	464.51376	419.21860	517.98165	406.83850
E136	4	0	1313.16514	196.44372	1258.54128	162.08809
E136	4	1	852.34862	221.10930	756.76147	212.30016
E136	5	0	246.60550	436.62969	202.56881	440.20228
E136	5	1	783.85321	429.58238	700.18349	413.77488
E136	6	0	1293.79817	112.75693	1231.13761	66.94943
E136	6	1	880.73394	56.37847	852.70642	33.47471
E136	7	0	680.90136	585.24627	671.76180	569.20149
E136	7	1	908.56139	555.02239	870.20881	539.98507
E136	8	0	1114.93578	171.77814	1219.17431	147.11256
E136	8	1	502.82569	9.69005	688.68807	7.92822
E136	9	0	645.44954	456.58401	483.67890	452.27243
E136	9	1	771.39450	462.75041	630.76147	445.22512
E136	10	0	537.11927	518.24796	471.34862	505.12724
E136	10	1	600.53211	494.46330	562.94495	478.69984
E136	11	0	398.09174	413.36705	145.32110	411.65416
E136	11	1	598.01835	422.17618	352.29358	416.05873
E136	12	0	332.91743	481.79608	126.82569	471.65416
E136	12	1	509.94495	512.62806	315.30275	506.89070
E136	13	0	449.17431	236.02121	217.54128	235.56933
E136	13	1	634.12844	302.08972	406.01835	298.11419
E136	14	0	427.15596	692.79608	417.46789	669.05873
E136	14	1	225.46789	545.68352	244.84404	538.68352
E136	15	0	701.83486	575.51060	608.88073	561.41599
E136	15	1	1073.50459	489.18108	914.49541	475.96737
E136	16	0	472.07339	152.39804	361.10092	167.37357
E136	16	1	1155.94495	182.34910	970.13761	157.68352
E136	17	0	1687.48624	590.21207	1324.62385	560.26101
E136	17	1	873.68807	449.26591	601.50459	436.63132
E136	18	0	1363.37615	671.25612	1215.29358	654.60522
E136	18	1	1632.88073	341.39152	1636.40367	287.17781
E136	19	0	955.32110	527.60359	891.30275	505.64437
E136	19	1	1443.24771	370.80098	1405.65138	329.58238
E136	20	0	1062.16514	331.22349	946.36697	305.67700
E136	20	1	1499.00917	261.63132	1421.96330	205.25285
E136	21	0	893.93578	234.32300	842.44037	220.22838
E136	21	1	1278.96330	140.94617	1260.93578	94.25775
E136	22	0	764.47706	283.65416	653.11009	266.03589
E136	22	1	1194.27523	218.46656	1114.61468	184.99184
E136	23	0	118.01835	366.46003	42.27523	369.98369
E136	23	1	743.03670	549.67863	779.81651	540.86949
E136	24	0	773.14679	612.51223	819.21101	593.53507
E136	24	1	169.10092	493.62969	246.60550	483.15498
E140	0	0	702.52220	615.92417	456.98046	615.92417
E140	0	1	579.75133	663.69668	170.51510	658.57820
E140	1	0	430.51376	947.71126	287.90826	941.30506
E140	1	1	476.01835	969.14682	327.54128	960.39152
E140	2	0	683.21101	924.61501	566.78899	923.04405
E140	2	1	763.06422	939.29690	640.47706	936.55139
E140	3	0	1123.60550	903.77325	935.90826	912.76509
E140	3	1	1222.83486	904.06688	1040.12844	911.29690
E140	4	0	1173.80734	870.29853	1050.11009	879.29038
E140	4	1	1105.99083	882.63132	985.22936	889.86134
E140	5	0	928.84404	922.62316	920.34862	924.80424
E140	5	1	883.04587	929.08320	877.49541	930.06688
E140	6	0	1374.41284	886.20228	1359.76147	906.89233
E140	6	1	1319.51376	902.35237	1303.77064	921.05057
E140	7	0	687.08257	995.67700	612.27523	987.74878
E140	7	1	736.40367	996.26427	657.48624	991.85971
E140	8	0	721.52294	1003.06688	648.05505	997.89070
E140	8	1	677.48624	998.66232	610.47706	987.90701
E140	9	0	590.07339	984.67537	432.81651	977.91680
E140	9	1	653.19266	984.38173	497.40367	978.21044
E140	10	0	406.44037	982.17781	319.90826	961.41762
E140	10	1	458.40367	952.81403	361.59633	941.15661
E140	11	0	391.36697	990.87602	338.08257	974.20228
E140	11	1	431.88073	985.59054	373.01835	973.02773
E140	12	0	835.33028	488.80424	613.39450	493.69984
E140	12	1	555.07339	437.45514	223.66972	449.62969
E140	13	0	1459.92661	946.10767	1320.83486	961.14682
E140	13	1	1405.90826	934.65579	1278.55963	952.33768
E140	14	0	1516.58716	958.73409	1420.06422	977.88418
E140	14	1	1472.55046	974.00326	1376.32110	995.50245
E140	15	0	754.47706	693.89886	806.03670	693.20718
E140	15	1	847.83486	687.73246	902.91743	690.12398
E140	16	0	293.67890	720.20718	402.48624	710.08972
E140	16	1	365.01835	726.81403	470.30275	724.62480
E140	17	0	611.85321	973.12887	584.40367	962.50408
E140	17	1	678.78899	963.14519	648.99083	955.45677
E140	18	0	1308.00917	1042.70799	883.76147	1049.16803
E140	18	1	1389.91743	1061.79445	959.21101	1070.60359
E140	19	0	439.59633	969.16313	464.91743	950.80587
E140	19	1	374.12844	972.98042	402.97248	953.74225
E140	20	0	1038.51376	323.91517	923.39450	326.20881
E140	20	1	1205.97248	124.41762	1069.93578	122.21044
E140	21	0	432.37615	923.35237	349.60550	911.88418
E140	21	1	297.92661	786.25612	184.00000	774.37684
E140	22	0	1074.39450	798.88418	1097.73394	807.49429
E140	22	1	1210.32110	802.11419	1236.00917	813.95432
E140	23	0	1009.98165	814.44861	1031.64220	823.78956
E140	23	1	1127.70642	831.18597	1161.99083	841.11419
E140	24	0	935.70642	852.32790	963.94495	856.69168
E140	24	1	1048.14679	844.69331	1081.66972	854.04894
E140	25	0	1326.88073	808.47961	1307.69725	826.45840
E140	25	1	1179.84404	842.45351	1164.72477	856.70310
E140	26	0	1138.05505	821.59054	1170.96330	832.94780
E140	26	1	1021.79817	802.21044	1046.50459	809.06688
E140	27	0	1024.24771	878.37684	983.98165	886.09951
E140	27	1	859.79817	883.79772	815.52294	883.01142
E140	28	0	725.72477	910.34421	748.39450	904.61501
E140	28	1	592.73394	891.55139	626.26606	882.88581
E140	29	0	411.85321	877.16150	456.27523	865.39315
E140	29	1	561.28440	885.38336	596.60550	875.37684
E140	30	0	1206.00917	824.67700	1242.44037	837.54323
E140	30	1	1108.24771	790.61501	1130.86239	800.74225
E140	31	0	921.71560	873.52039	935.88991	875.49592
E140	31	1	791.36697	887.02773	797.90826	886.06688
E140	32	0	691.03670	904.59869	709.87156	901.52529
E140	32	1	556.87156	880.81403	584.51376	870.69331
E140	33	0	591.09174	876.25775	614.66972	868.39152
E140	33	1	734.35780	899.74878	750.59633	895.99347
E140	34	0	485.07339	945.32953	511.24771	932.36705
E140	34	1	374.98165	929.76672	404.09174	911.51876
E140	35	0	532.11927	874.07504	521.70642	864.17945
E140	35	1	717.36697	889.05057	696.09174	884.73409
E140	36	0	568.52294	922.81892	581.00917	911.45514
E140	36	1	402.13761	889.81240	422.33945	874.54323
E140	37	0	772.98165	881.95432	757.11009	880.12235
E140	37	1	916.24771	840.25775	900.96330	844.29853
E140	38	0	1134.66055	834.57586	1157.56881	845.88418
E140	38	1	997.85321	845.44046	1016.65138	847.93964
E140	39	0	1102.66055	881.26427	1127.62385	890.81077
E140	39	1	970.55046	859.24144	995.22018	864.08972
E140	40	0	1296.37615	768.24470	1309.89908	782.97879
E140	40	1	1159.86239	810.23491	1174.16514	820.82871
E140	41	0	1391.79817	523.74062	1163.22018	530.68515
E140	41	1	1050.71560	540.17781	794.58716	544.89070
E140	42	0	522.29358	816.22512	533.78899	810.78793
E140	42	1	680.82569	803.30506	692.32110	802.56607
E140	43	0	872.02752	1007.04241	609.36697	1009.04241
E140	43	1	961.27523	999.11419	719.45872	1003.16966
E140	44	0	860.87156	973.56770	596.15596	973.51223
E140	44	1	954.52294	968.28222	696.85321	974.68679
E140	45	0	1248.16514	871.63295	1088.65138	883.91843
E140	45	1	1324.20183	871.63295	1167.62385	884.21207
E140	46	0	1355.90826	909.21860	1173.49541	919.74225
E140	46	1	1280.16514	888.37031	1102.44954	898.89396
E140	47	0	1152.16514	930.06688	913.24771	937.40131
E140	47	1	1232.89908	909.80587	1005.13761	920.07667
E140	48	0	1415.16514	895.59706	1337.75229	914.30343
E140	48	1	1290.10092	863.29690	1216.21101	877.30506
E140	49	0	623.88991	907.73899	498.74312	902.10604
E140	49	1	672.62385	886.30343	538.66972	882.43230
E140	50	0	1064.47706	573.91680	991.64220	583.30506
E140	50	1	789.39450	550.13214	699.64220	557.12235
E140	51	0	306.25688	453.65416	266.16514	463.20881
E140	51	1	566.00917	501.66232	519.19266	508.65416
E140	52	0	241.54128	1024.79608	211.30275	993.37684
E140	52	1	457.22018	996.36868	433.01835	978.76509
E140	53	0	400.53211	1005.51060	178.41284	1001.59869
E140	53	1	510.91743	989.06688	287.62385	986.91680
E140	54	0	854.48624	573.01142	864.57798	578.55139
E140	54	1	693.89908	563.02773	703.00917	567.19413
E140	55	0	326.93578	685.92333	123.30275	690.63948
E140	55	1	395.63303	692.67700	217.83486	695.04405
E140	56	0	130.88991	652.16313	74.28440	653.19250
E140	56	1	176.10092	640.12398	129.77064	641.15334
E140	57	0	1103.50459	721.13051	991.66972	729.30506
E140	57	1	1217.41284	727.88418	1104.69725	746.62969
E140	58	0	725.39450	970.93148	238.07339	984.52692
E140	58	1	623.81651	983.26427	111.83486	1009.77977
E140	59	0	809.11647	883.75000	601.56873	886.16045
E140	59	1	1131.88458	832.90299	847.48374	842.41418
E140	60	0	1031.87156	732.17618	953.79817	741.09135
E140	60	1	1383.16514	615.74388	1265.75229	620.49592
E140	61	0	281.17431	741.83687	239.80734	735.75530
E140	61	1	659.05505	642.76509	584.51376	645.41599
E140	62	0	976.85321	832.22512	848.13761	837.89886
E140	62	1	487.81651	807.90865	276.21101	809.67210
E140	63	0	1584.56881	980.45677	1189.51376	990.64600
E140	63	1	702.14679	918.65416	349.47706	920.61011
E140	64	0	1156.90661	761.38806	1262.72298	773.11940
E140	64	1	1239.00525	766.92910	1352.37671	781.17910
E140	65	0	1065.00917	731.75530	1120.73394	740.76835
E140	65	1	1168.49541	765.23002	1227.30275	774.24307
E140	66	0	1176.02752	608.39967	1294.82569	616.62153
E140	66	1	1081.49541	618.67700	1192.95413	624.54976
E165	0	0	1133.51012	653.89578	769.07188	653.89578
E165	0	1	1254.09630	694.09429	659.20447	706.15385
E165	1	0	352.13761	522.94617	369.87156	529.05383
E165	1	1	553.82569	515.01794	557.46789	519.36378
E165	2	0	1096.59633	844.42088	691.74312	853.24144
E165	2	1	1650.17431	785.16803	1189.33945	798.52855
E165	3	0	958.52294	566.33768	984.21101	575.10114
E165	3	1	798.93578	563.55628	833.57798	567.43393
E165	4	0	987.27523	599.07504	964.60550	603.65416
E165	4	1	1041.88073	589.67863	1017.74312	596.31321
E165	5	0	1678.21101	998.82708	946.55963	991.37520
E165	5	1	1557.25688	932.46493	871.40367	938.52039
E165	6	0	946.25688	619.12235	1008.71560	623.24959
E165	6	1	992.34862	620.00326	1055.29358	624.03589
E165	7	0	265.80734	622.50408	394.58716	620.29690
E165	7	1	212.08257	625.44046	347.90826	622.64600
E165	8	0	623.27523	607.56444	480.30275	610.82708
E165	8	1	911.71560	563.07830	767.86239	566.78140
E165	9	0	1104.39450	595.85155	800.62385	601.88744
E165	9	1	1374.33945	661.38662	1119.90826	667.75367
E165	10	0	901.43119	533.84992	994.14679	538.94454
E165	10	1	981.57798	532.96900	1071.21101	538.06362
E165	11	0	1037.50459	147.99347	118.01835	137.42251
E165	11	1	1572.29358	123.32790	816.11927	135.45840
E165	12	0	1037.50459	494.06199	488.41284	502.67374
E165	12	1	1490.29358	301.66069	1032.44037	306.42414
E165	13	0	1130.77982	746.63458	796.39450	750.55302
E165	13	1	785.77982	729.95595	415.56881	729.57423
E165	14	0	815.67890	824.36052	497.75229	833.81566
E165	14	1	447.18349	778.99347	84.66972	786.62316
E165	15	0	1275.61468	606.82708	1131.41284	611.99184
E165	15	1	1070.75229	603.25449	941.17431	608.67047
E165	16	0	1253.76147	694.08809	890.61468	701.37357
E165	16	1	1483.62385	633.54160	1178.61468	641.91191
E165	17	0	337.50459	435.62480	47.55963	437.96900
E165	17	1	700.08257	363.29201	483.35780	374.38662
E165	18	0	896.58716	762.75530	666.70642	765.98206
E165	18	1	487.45872	862.77814	189.35780	880.79119
E165	19	0	272.44954	199.22023	232.50459	226.54486
E165	19	1	629.14679	228.29038	594.92661	247.24633
E165	20	0	963.57798	508.45514	919.29358	512.50571
E165	20	1	1277.55963	477.18271	1230.63303	471.98369
E165	21	0	784.25688	722.92007	479.00000	727.69657
E165	21	1	1550.07339	716.74225	1247.03670	726.87113
E165	22	0	1229.41284	371.01794	996.93578	377.81729
E165	22	1	1412.16514	440.61011	1174.84404	442.12398
E165	23	0	1273.00000	426.32790	1286.54128	425.97064
E165	23	1	1158.50459	461.12398	1170.72477	464.29038
E165	24	0	1255.59633	667.26754	1089.16514	675.63785
E165	24	1	1478.86239	668.58891	1356.73394	675.48287
E165	25	0	452.39450	462.43393	434.80734	472.95922
E165	25	1	687.11009	405.61501	659.39450	415.41109
E165	26	0	1344.18349	521.50408	1368.37615	525.56444
E165	26	1	1202.82569	503.44535	1226.57798	503.98206
E165	27	0	888.12844	424.70799	628.27523	432.35073
E165	27	1	1263.78899	397.15824	971.76147	403.28059
E165	28	0	962.71560	425.92333	790.45872	437.46982
E165	28	1	1213.72477	441.77977	1048.07339	442.75530
E165	29	0	875.70642	479.47961	732.45872	486.95595
E165	29	1	1128.47706	402.84013	950.88073	407.23328
E165	30	0	1024.41284	304.11093	880.77982	312.43393
E165	30	1	900.66972	208.97227	763.64220	218.17618
E166	0	0	1189.90558	676.03053	798.62779	671.08397
E166	0	1	1293.73391	725.49618	661.95540	720.54962
E166	1	0	1161.64689	515.88089	659.20447	493.10174
E166	1	1	1396.12003	738.31266	552.01675	718.21340
E166	2	0	1344.28440	144.36542	1194.27523	152.89070
E166	2	1	1221.86239	283.10930	1042.34862	284.58728
E166	3	0	844.56881	178.13703	606.54128	174.36215
E166	3	1	1062.55046	83.87928	806.46789	84.50897
E166	4	0	1495.40367	229.48124	1392.42202	241.89886
E166	4	1	1446.96330	252.82545	1352.34862	267.88581
E166	5	0	1613.50459	720.50408	1256.44954	740.02773
E166	5	1	1750.89908	686.14845	1371.82569	710.07667
E166	6	0	1875.52294	810.26754	1343.76147	818.33931
E166	6	1	1746.49541	821.71941	1250.84404	823.18434
E166	7	0	1188.52294	155.60685	872.17431	156.29690
E166	7	1	1130.39450	154.72594	824.61468	155.70962
E166	8	0	1200.95413	26.72104	889.17431	31.33279
E166	8	1	1140.18349	21.14192	833.34862	22.02284
E166	9	0	1424.01835	85.44861	1149.82569	95.13866
E166	9	1	1460.12844	129.49429	1189.16514	141.82708
E166	10	0	1557.75229	76.93312	1407.07339	91.02773
E166	10	1	1612.35780	79.28222	1455.80734	95.72594
E166	11	0	1695.07339	405.65579	1203.21101	421.59869
E166	11	1	1760.24771	402.71941	1273.96330	420.42414
E166	12	0	299.94495	168.08320	285.30275	167.09951
E166	12	1	336.34862	162.21044	318.47706	161.22675
E166	13	0	420.88991	403.23328	64.58716	370.12235
E166	13	1	474.61468	385.32137	145.02752	356.61501
E166	14	0	433.98165	531.58238	93.65138	500.29853
E166	14	1	488.88073	518.95595	169.68807	491.78303
E166	15	0	1597.96330	700.06199	1298.75229	717.22186
E166	15	1	1701.44954	702.26427	1371.41284	724.26917
E166	16	0	833.94495	259.23002	454.31193	245.76509
E166	16	1	673.21101	216.94617	268.91743	194.67210
E166	17	0	798.42202	294.90865	435.44037	284.88418
E166	17	1	689.65138	316.05057	330.63303	299.85971
E166	18	0	659.70642	366.26264	291.88073	345.22675
E166	18	1	555.56881	352.17292	181.78899	327.16803
E166	19	0	747.56881	423.08646	399.57798	406.11093
E166	19	1	649.36697	386.08809	304.89908	366.02936
E166	20	0	658.58716	292.26754	333.66055	273.67374
E166	20	1	563.02752	279.93475	241.18349	258.69821
E166	21	0	992.69725	246.56444	641.01835	244.01958
E166	21	1	892.29358	246.56444	553.38532	237.41272
E166	22	0	805.12844	311.61175	342.97248	292.76509
E166	22	1	1024.87156	205.90212	631.41284	199.38825
E166	23	0	908.73394	159.58891	577.73394	152.83850
E166	23	1	1135.37615	147.11256	837.17431	147.11256
E166	24	0	1441.31193	300.00489	750.89908	298.04078
E166	24	1	1776.44037	221.75693	1139.35780	241.32790
E166	25	0	1432.51376	178.92170	944.74312	182.29201
E166	25	1	1774.23853	137.97064	1278.10092	166.87602
E166	26	0	396.94495	56.37847	265.02752	46.68842
E166	26	1	584.98165	44.04568	475.96330	43.60522
E166	27	0	1108.03670	266.87276	112.29358	219.55302
E166	27	1	1769.72477	11.45188	645.66972	35.67700
E166	28	0	1296.70642	372.48287	621.05505	363.82545
E166	28	1	1765.43119	276.06688	1044.64220	291.10277
E166	29	0	1383.10092	451.23165	788.65138	448.68679
E166	29	1	1818.71560	455.84013	1200.41284	469.23002
E166	30	0	1458.00000	281.83850	1218.53211	292.67210
E166	30	1	1579.54128	323.24144	1328.62385	339.36052
E166	31	0	1753.98165	575.82871	1269.39450	593.15987
E166	31	1	1889.61468	652.46819	1345.57798	669.79935
E166	32	0	1286.41284	250.26754	1074.18349	257.07830
E166	32	1	1203.18349	259.51713	1001.08257	265.44698
E166	33	0	588.64220	508.51060	289.09174	482.63622
E166	33	1	637.37615	463.58401	358.66972	444.46330
E166	34	0	1703.93578	654.36215	1319.86239	677.32790
E166	34	1	1602.06422	660.52855	1235.60550	677.62153
E166	35	0	1696.20183	661.26427	1264.08257	682.86134
E166	35	1	1811.05505	705.40620	1345.11009	721.03426
E166	36	0	1762.93578	717.21697	1444.84404	742.79772
E166	36	1	1702.16514	715.74878	1392.58716	739.27406
E166	37	0	1428.41284	185.18271	1352.46789	196.88418
E166	37	1	1688.66972	117.35237	1633.42202	128.17292
E166	38	0	836.24771	202.07504	524.55046	192.43230
E166	38	1	1147.14679	141.29201	854.82569	140.45840
E166	39	0	1738.67786	660.89552	1069.80063	662.91045
E166	39	1	1108.07975	916.79104	507.70199	838.20896
E166	40	0	745.43547	717.31343	205.49843	691.11940
E166	40	1	1500.94439	955.07463	747.45016	938.95522
E166	41	0	851.83486	217.27896	483.42202	207.85155
E166	41	1	1118.69725	220.36215	855.04587	220.38662
E166	42	0	314.86239	121.58238	354.11927	126.95595
E166	42	1	402.93578	126.57423	429.27523	132.82871
E166	43	0	356.77982	91.90865	375.57798	104.55139
E166	43	1	409.62385	69.00489	415.50459	81.94127
E166	44	0	952.51376	210.44698	941.49541	214.35237
E166	44	1	1231.70642	256.69494	1220.24771	266.76672
E166	45	0	233.33028	205.12235	269.56881	200.27406
E166	45	1	449.63303	251.51713	468.32110	245.78793
E166	46	0	1614.17431	618.51550	1303.47706	638.58728
E166	46	1	1556.48624	494.74715	1274.41284	515.69984
E166	47	0	1825.76147	784.66069	1491.69725	813.22023
E166	47	1	1644.33028	770.56607	1349.01835	797.80424
E166	48	0	1568.46789	436.47308	1237.97248	448.42577
E166	48	1	1409.33945	331.40783	1115.64220	339.09135
E166	49	0	897.89908	120.16150	686.88991	119.23328
E166	49	1	1199.87156	195.00653	1007.54128	195.04405
E166	50	0	771.19266	94.25775	629.48624	91.32137
E166	50	1	1051.15596	74.05383	922.01835	76.05220
E166	51	0	1040.21101	264.51876	913.68807	268.18434
E166	51	1	1351.55046	279.49429	1209.17431	288.44535
E166	52	0	1042.17431	46.68842	859.00917	47.12887
E166	52	1	1341.62385	31.71289	1158.45872	35.67700
E166	53	0	1164.59633	130.81566	1037.35780	135.22023
E166	53	1	1438.06422	138.30343	1279.55963	151.95759
E166	54	0	559.00000	212.40946	419.10092	199.96737
E166	54	1	813.09174	138.85318	691.43119	129.49429
E166	55	0	248.36697	119.36378	116.69725	93.81729
E166	55	1	559.32110	102.18597	455.33945	99.10277
E166	56	0	775.02752	120.24470	711.40367	123.32790
E166	56	1	983.32110	90.29364	931.14679	92.49592
E166	57	0	784.89908	219.83850	829.65138	226.52855
E166	57	1	629.44954	209.70799	686.09174	215.07667
E166	58	0	1672.95413	546.08972	1224.85321	565.89886
E166	58	1	1778.20183	598.94454	1301.03670	622.71778
E166	59	0	666.64220	226.58564	560.57798	215.38336
E166	59	1	977.48624	5.72594	864.43119	5.28548
E166	60	0	579.37615	132.13703	639.54128	134.33931
E166	60	1	687.26606	67.83034	746.55046	74.87765
E166	61	0	319.17431	231.43393	353.48624	231.63458
E166	61	1	437.63303	210.73246	478.55046	211.37357
E166	62	0	254.60550	216.70636	253.44037	210.10114
E166	62	1	455.36697	293.25449	454.24771	288.50245
E166	63	0	293.21101	177.06362	348.66972	177.50408
E166	63	1	412.11009	92.93638	451.71560	98.66232
E166	64	0	241.26606	191.39641	328.98165	198.14682
E166	64	1	360.16514	148.23165	428.50459	154.10114
E166	65	0	470.85321	309.17129	515.37615	305.17781
E166	65	1	583.88073	261.89560	625.17431	261.71941
E168	0	0	934.81637	560.14925	485.54040	564.17910
E168	0	1	1448.56243	537.98507	904.59601	544.02985
E168	1	0	1017.39979	141.54851	1187.55404	176.58582
E168	1	1	1214.33578	116.86567	1403.62959	127.72388
E168	2	0	1571.45855	842.68284	1754.79538	862.81343
E168	2	1	1679.24449	857.29104	1912.94858	894.04478
E168	3	0	513.74607	477.53731	491.58447	501.71642
E168	3	1	1023.46275	681.04478	842.14061	664.92537
E168	4	0	873.98741	772.69403	1000.18993	748.88060
E168	4	1	987.81742	779.24254	1110.99790	761.47388
E168	5	0	555.88772	424.19776	983.07555	451.63433
E168	5	1	616.83211	434.27239	1033.94648	457.67910
E168	6	0	1335.78489	947.80970	1434.50577	943.48881
E168	6	1	1404.28437	1000.19776	1488.90241	999.40299
E168	7	0	564.19727	556.20149	968.49843	559.16791
E168	7	1	634.20776	559.22388	1025.91710	563.19776
E168	8	0	272.47744	644.01866	647.25918	632.43284
E168	8	1	329.39244	655.60448	697.12277	643.51493
E168	9	0	511.73137	576.26866	574.18678	578.28358
E168	9	1	987.19832	699.17910	979.13956	699.17910
E168	10	0	642.65268	689.35075	872.93599	673.54478
E168	10	1	703.09339	714.03358	922.29591	697.22015
E168	11	0	680.93179	730.15299	892.07555	711.82836
E168	11	1	744.39454	733.67910	948.99056	713.84328
E168	12	0	953.15320	713.27985	1202.23820	702.30224
E168	12	1	1074.53830	786.32090	1309.52046	776.85448
E168	13	0	1009.56453	633.69030	1257.13851	630.26866
E168	13	1	1121.37985	723.35448	1368.45016	713.38433
E168	14	0	958.47324	659.91418	1268.45121	651.14552
E168	14	1	1083.88772	692.65672	1390.33998	686.40672
E168	15	0	960.11647	659.36940	1272.38090	648.88806
E168	15	1	1088.55299	689.59328	1408.37251	681.63060
E168	16	0	426.24554	1072.94776	346.52676	997.38806
E168	16	1	754.13641	1055.82090	648.73033	1059.85075
E168	17	0	1304.16894	584.32836	1702.41343	583.96642
E168	17	1	1355.03987	622.10821	1779.47534	620.73881
E168	18	0	748.89612	311.06343	934.60546	350.97761
E168	18	1	1161.30325	456.41791	1309.22350	459.80224
E168	19	0	639.79224	652.13433	727.74082	640.82836
E168	19	1	896.53725	529.92537	965.03673	540.00000
E168	20	0	240.73347	507.93284	542.70094	534.45896
E168	20	1	752.88038	530.98507	914.53515	546.41418
E168	21	0	174.27072	510.61940	667.64533	533.53358
E168	21	1	349.04512	507.59701	795.57817	521.94776
E168	22	0	821.99370	527.91045	995.10493	529.96269
E168	22	1	1217.79119	719.94403	1275.56453	713.17910
E168	23	0	461.63903	398.97761	812.93704	434.89179
E168	23	1	940.86044	407.01493	1208.81427	413.05970
E168	24	0	383.57188	358.53731	864.51731	400.19403
E168	24	1	502.43861	384.22761	951.65268	417.82463
E168	25	0	526.80693	397.38433	806.15740	434.97015
E168	25	1	636.10388	396.37687	874.65687	427.41418
E168	26	0	638.11857	509.71642	936.10493	520.10075
E168	26	1	742.88248	511.73134	1018.70724	520.10075
E168	27	0	227.25289	188.98507	705.95383	289.43284
E168	27	1	393.46485	235.83209	817.26548	306.55970
E168	28	0	80.58762	531.94030	322.35047	548.05970
E168	28	1	519.79014	596.41791	656.78909	594.40299
E168	29	0	149.08709	610.52239	493.20567	599.19776
E168	29	1	493.59916	523.88060	721.87303	538.75000
E168	30	0	1031.72718	751.52239	1047.41868	740.33582
E168	30	1	1507.35887	669.38060	1525.62434	667.04104
E168	31	0	287.36936	484.29104	777.87408	506.23134
E168	31	1	471.71354	523.07836	901.77754	530.91418
E168	32	0	459.99475	461.90299	919.09444	485.07463
E168	32	1	550.15215	477.51866	991.11962	497.66791
E168	33	0	932.06086	616.29851	1298.95488	611.37687
E168	33	1	1054.45331	641.48507	1422.85834	638.57836
E168	34	0	455.32004	409.02985	413.01154	453.35821
E168	34	1	1055.69780	668.95522	787.74397	656.86567
E168	35	0	166.61700	811.19403	235.71878	761.64179
E168	35	1	566.12802	810.00000	636.64218	771.71642
E168	36	0	1171.89612	656.45896	1380.89192	656.42910
E168	36	1	1440.85729	704.31343	1666.66946	706.91045
E168	37	0	446.43966	317.06716	600.38825	377.36567
E168	37	1	511.41343	313.54104	653.27387	372.32836
E168	38	0	350.23820	274.25000	550.52466	345.12687
E168	38	1	403.12382	269.71642	598.37356	339.58582
E168	39	0	415.21196	281.30224	591.82581	349.15672
E168	39	1	464.06821	282.30970	647.22980	338.57836
E168	40	0	410.17524	303.97015	591.32214	368.80224
E168	40	1	451.47639	297.42164	641.68940	359.23134
E168	41	0	304.10493	455.90299	746.64218	486.08582
E168	41	1	584.74502	521.93657	954.59077	528.47015
E168	42	0	165.20462	298.20896	489.56978	376.79104
E168	42	1	928.77230	453.35821	1132.25603	463.43284
E19	0	0	1061.67488	656.05263	863.05419	648.94737
E19	0	1	1149.16256	693.94737	801.57635	684.47368
E19	1	0	1296.49541	618.06525	1446.13761	627.32626
E19	1	1	927.54128	574.02936	1049.31193	576.92170
E195	0	0	1077.23657	655.23573	775.77111	639.15633
E195	0	1	1246.05722	722.23325	624.36846	696.77419
E195	1	0	1104.03350	700.79404	620.34892	727.59305
E195	1	1	1255.43615	750.37221	714.13817	688.73449
E195	2	0	1007.60550	451.65416	1256.40367	433.40131
E195	2	1	1062.88991	460.83850	1311.59633	439.86134
E195	3	0	447.96330	359.60033	733.35780	363.74878
E195	3	1	607.66972	374.86949	879.55963	368.15334
E195	4	0	332.34862	502.51060	202.69725	498.15498
E195	4	1	822.03670	491.93964	673.88991	480.53670
E195	5	0	718.99083	679.57423	514.79817	669.34258
E195	5	1	1214.52294	601.55954	1015.66972	583.10604
E195	6	0	966.33028	720.42088	791.41284	705.93312
E195	6	1	1384.28440	661.05220	1223.67890	642.41109
E195	7	0	545.22018	426.84339	313.95413	415.53834
E195	7	1	1023.45872	425.08157	779.86239	405.84829
E195	8	0	1070.13761	548.40946	904.04587	531.81892
E195	8	1	695.05505	569.43719	485.07339	544.79772
E195	9	0	88.07339	320.49592	336.01835	339.46493
E195	9	1	163.81651	311.68679	395.90826	329.77488
E195	10	0	373.37615	453.49592	623.93578	451.01142
E195	10	1	144.38532	524.84992	423.00000	526.66884
E195	11	0	876.70642	441.46330	720.11927	426.98858
E195	11	1	435.08257	473.27406	144.44037	469.01142
E195	12	0	185.83486	156.80261	378.71560	188.51550
E195	12	1	381.35780	132.13703	583.04587	151.51713
E195	13	0	453.46789	968.12398	185.83486	935.53018
E195	13	1	571.48624	957.55302	308.25688	925.84013
E195	14	0	617.63303	1020.09788	269.50459	976.05220
E195	14	1	704.82569	956.67210	348.77064	928.48287
E195	15	0	1711.26606	815.72594	1503.41284	806.46166
E195	15	1	1869.79817	771.68026	1652.25688	762.41599
E195	16	0	1108.24771	813.96411	902.26606	795.75041
E195	16	1	979.66055	815.72594	795.69725	799.27406
E195	17	0	1357.19266	906.46003	1059.94495	891.48450
E195	17	1	1435.57798	911.74551	1117.19266	902.93638
E195	18	0	1052.59633	435.20555	1023.39450	419.84502
E195	18	1	1448.48624	479.48613	1463.76147	451.55791
E195	19	0	1758.82569	717.70310	1430.30275	694.48777
E195	19	1	1085.94495	701.84666	805.44954	692.48613
E195	20	0	727.89908	472.98695	511.51376	456.84339
E195	20	1	1341.49541	407.51223	1249.26606	376.51060
E195	21	0	1336.52294	218.46656	1449.03670	176.18271
E195	21	1	863.56881	155.92170	994.57798	143.58891
E195	22	0	396.46789	112.75693	604.97248	136.54160
E195	22	1	812.17431	186.75367	963.43119	177.06362
E195	23	0	307.37615	340.89233	353.17431	350.29690
E195	23	1	1046.61468	221.99021	1026.11927	204.37194
E208	0	0	349.65138	192.92007	577.26606	203.96737
E208	0	1	413.06422	179.70636	637.53211	190.91028
E208	1	0	940.86239	394.22023	721.54128	397.00326
E208	1	1	1066.80734	388.93475	830.31193	395.24144
E208	2	0	828.56881	352.37684	887.11927	360.88581
E208	2	1	903.43119	355.01958	969.90826	352.95759
E208	3	0	580.66972	382.81403	361.35780	393.38662
E208	3	1	655.53211	375.76672	463.96330	382.37520
E208	4	0	140.50459	584.39641	9.68807	572.71941
E208	4	1	224.61468	551.80261	122.42202	538.36378
E208	5	0	725.12844	538.82708	491.25688	543.29038
E208	5	1	637.49541	531.33931	447.66055	531.83850
E208	6	0	1511.02752	146.23165	1459.81651	129.93475
E208	6	1	1411.94495	166.05220	1367.33945	152.39804
E208	7	0	1736.56881	321.53997	1631.05505	319.77977
E208	7	1	1631.76147	299.07667	1528.00917	287.62643
E208	8	0	1709.94495	68.27080	1766.66055	18.49918
E208	8	1	1642.12844	75.31811	1715.57798	24.22512
E208	9	0	343.83486	412.27896	165.56881	418.74225
E208	9	1	480.34862	385.41109	277.86239	390.99347
E208	10	0	651.76147	746.77814	494.29358	734.01631
E208	10	1	771.54128	702.73246	611.43119	695.25612
E208	11	0	712.53211	670.13866	430.44037	664.86460
E208	11	1	854.77064	605.39152	559.46789	604.96248
E208	12	0	618.24771	590.67210	511.37615	587.39804
E208	12	1	711.16514	550.59054	595.48624	549.95922
E208	13	0	656.38532	176.31485	680.52294	185.86297
E208	13	1	733.00917	169.26754	758.90826	174.85155
E208	14	0	234.76147	253.99347	310.21101	268.00326
E208	14	1	137.00000	212.59054	227.42202	235.40946
E208	15	0	420.51376	125.97064	401.36697	148.63948
E208	15	1	513.87156	122.88744	498.24771	142.47308
E208	16	0	895.78899	142.50571	988.35780	140.06525
E208	16	1	979.45872	149.99347	1079.95413	144.02936
E208	17	0	989.00000	320.76672	966.28440	318.80261
E208	17	1	1072.22936	326.93312	1051.00917	325.06525
E208	18	0	1061.58716	113.63785	1136.29358	101.74551
E208	18	1	1147.89908	101.30506	1227.00917	87.65090
E208	19	0	592.64220	281.69657	469.91743	291.33931
E208	19	1	704.49541	294.91028	554.90826	304.55302
E208	20	0	499.58716	470.37520	314.86239	472.23165
E208	20	1	614.08257	480.94617	392.36697	482.36215
E208	21	0	1074.25688	327.40946	1017.38532	320.39804
E208	21	1	1166.29358	310.23165	1112.06422	305.42251
E208	22	0	1699.52294	179.84992	1588.63303	162.63622
E208	22	1	1600.44037	159.58891	1501.00000	142.81566
E208	23	0	631.32110	156.79282	612.07339	168.73083
E208	23	1	732.16514	164.72104	694.86239	174.89723
E208	24	0	1400.55963	231.44698	1327.65138	220.56281
E208	24	1	1490.39450	215.59054	1429.37615	202.06362
E208	25	0	1680.88073	453.87276	1601.39450	458.23165
E208	25	1	1773.79817	382.07830	1716.77064	378.06852
E208	26	0	1333.69725	659.57586	1243.39450	674.36378
E208	26	1	1223.60550	666.62316	1120.53211	675.24470
E208	27	0	1241.72477	132.13703	1490.14679	106.59054
E208	27	1	1487.44954	164.29038	1756.62385	126.70962
E208	28	0	442.34862	310.76672	694.62385	313.17129
E208	28	1	658.56881	287.42251	883.98165	286.30343
E208	29	0	1468.29358	577.93148	1508.79817	588.20555
E208	29	1	1394.31193	531.24307	1431.73394	536.23165
E208	30	0	609.32110	363.14682	837.63303	360.14682
E208	30	1	825.98165	275.05546	1047.68807	268.09135
E208	31	0	597.31193	329.27732	803.55963	335.81403
E208	31	1	361.05505	373.26754	586.91743	372.24307
E208	32	0	582.47706	277.19576	377.00000	293.24307
E208	32	1	1008.00000	170.89723	768.07339	179.07667
E208	33	0	545.44954	870.31485	207.85321	847.56444
E208	33	1	419.50459	824.06688	32.58716	804.39967
E208	34	0	569.33945	983.09951	177.46789	956.75530
E208	34	1	401.55963	938.61338	66.49541	912.26917
E208	35	0	1281.65138	600.99347	1087.31193	616.40783
E208	35	1	1156.58716	588.22023	920.41284	596.58728
E208	36	0	973.98165	432.00489	1058.20183	433.95759
E208	36	1	1073.94495	401.61338	1151.11927	399.16150
E208	37	0	1172.60550	264.65579	1258.93578	253.12398
E208	37	1	1307.16514	200.12561	1428.03670	181.32953
E208	38	0	1080.95413	234.32463	1181.52294	224.43067
E208	38	1	1206.45872	82.36705	1296.45872	62.34258
E208	39	0	1016.03670	285.57586	1030.15596	282.67374
E208	39	1	1243.70642	228.31648	1290.58716	213.67210
E208	40	0	770.82569	118.04241	875.43119	119.80424
E208	40	1	984.40367	60.78303	1096.93578	48.45024
E208	41	0	728.86239	158.56444	781.21101	165.76835
E208	41	1	912.68807	297.04894	929.17431	295.26264
E208	42	0	967.70642	359.11093	1015.94495	359.12561
E208	42	1	617.28440	327.34910	666.40367	330.83034
E208	43	0	1367.25688	622.81566	1234.20183	637.55139
E208	43	1	1549.56881	592.42414	1402.42202	604.07667
E208	44	0	1313.49541	428.75367	1159.63303	432.19902
E208	44	1	1439.88073	362.68515	1309.66972	360.59869
E208	45	0	200.99083	540.55302	163.34862	532.42088
E208	45	1	444.07339	483.29364	417.44037	481.76835
E208	46	0	760.95413	538.55791	598.23853	541.15498
E208	46	1	273.90826	624.00653	181.65138	612.50897
E208	47	0	548.55963	205.30179	657.59633	213.80424
E208	47	1	255.42202	345.17129	369.42202	353.45677
E208	48	0	215.82569	631.49103	227.65138	610.18434
E208	48	1	517.47706	528.86460	543.01835	524.79119
E208	49	0	1158.00917	267.46819	1111.46789	262.95269
E208	49	1	1441.80734	160.85155	1408.62385	144.91028
E208	50	0	1100.82569	463.18434	1135.77982	463.26917
E208	50	1	1206.95413	471.55302	1239.70642	471.19739
E208	51	0	762.16514	312.49103	992.48624	308.62969
E208	51	1	969.57798	187.40131	1184.76147	176.17292
E208	52	0	1233.39450	733.42088	1078.02752	745.61175
E208	52	1	1339.08257	695.10114	1193.40367	706.41109
E208	53	0	818.19266	785.39641	616.89908	778.30179
E208	53	1	921.23853	774.82545	728.31193	773.45677
E208	54	0	1154.17431	501.30343	1174.67890	502.71941
E208	54	1	1221.11009	499.54160	1235.00917	500.07667
E208	55	0	646.81651	133.05546	828.15596	136.54160
E208	55	1	402.85321	163.88744	606.21101	173.98042
E208	56	0	1583.42202	251.98042	1424.08257	247.64600
E208	56	1	1095.71560	231.72104	1020.66972	230.21044
E208	57	0	778.38532	156.68515	1109.46789	148.55791
E208	57	1	872.33028	139.06688	1206.05505	125.36052
E208	58	0	1133.98165	852.59869	1001.08257	860.14356
E208	58	1	1377.06422	716.93801	1296.88991	732.99184
E208	59	0	882.85321	655.91191	724.78899	656.99184
E208	59	1	973.12844	662.07830	805.37615	666.24144
E208	60	0	1231.10092	147.99347	1473.49541	122.88744
E208	60	1	1009.15596	121.12561	1244.94495	103.06688
E208	61	0	1132.89908	85.88907	1403.47706	61.22349
E208	61	1	1347.79817	142.70799	1616.17431	109.23328
E208	62	0	1206.62385	310.52692	1271.24771	304.45677
E208	62	1	781.11927	428.13540	801.10092	428.23328
E208	63	0	1054.47706	618.70799	901.13761	621.26591
E208	63	1	1753.54128	541.95759	1516.17431	560.56607
E208	64	0	619.69725	191.20718	836.61468	191.63622
E208	64	1	294.15596	158.22023	559.18349	173.18434
E208	65	0	704.46789	730.49266	583.34862	723.19576
E208	65	1	1179.57798	364.94617	907.10092	370.62480
E208	66	0	485.45872	526.40783	518.40367	520.37357
E208	66	1	904.05505	301.08809	856.64220	302.69657
E208	67	0	887.77982	771.68026	573.47706	762.94780
E208	67	1	1646.81651	578.18434	1241.92661	595.89886
E208	68	0	1082.37615	249.06525	1142.84404	240.83850
E208	68	1	732.58716	117.60196	800.06422	121.56607
E208	69	0	182.10092	359.75530	351.44037	366.32626
E208	69	1	568.14679	382.42088	633.71560	384.48124
E208	70	0	535.98165	652.68515	451.36697	640.14845
E208	70	1	896.33028	695.55302	719.03670	693.88581
E208	71	0	573.30275	462.08972	568.87156	461.07667
E208	71	1	1126.49541	500.92170	1046.66972	502.38499
E208	72	0	520.46789	219.93475	540.35780	233.11093
E208	72	1	968.55046	99.98369	912.36697	99.98369
E208	73	0	1126.89908	496.17129	1050.72477	502.29038
E208	73	1	1756.18349	444.02936	1706.38532	437.77977
E208	74	0	665.94495	261.30016	797.46789	261.52692
E208	74	1	1019.28440	69.15171	1146.66972	54.61664
E208	75	0	744.57798	726.57912	624.08257	718.25285
E208	75	1	1128.66972	504.44698	900.82569	510.41109
E208	76	0	584.99083	662.06362	548.81651	652.88418
E208	76	1	1003.39450	447.25612	849.38532	449.72104
E208	77	0	1036.56881	320.36215	944.31193	320.50408
E208	77	1	1603.07339	385.01631	1336.33028	387.07830
E208	78	0	644.91743	312.77814	756.25688	311.83850
E208	78	1	397.86239	447.76672	441.59633	450.78793
E208	79	0	938.16514	413.31321	731.00917	419.80261
E208	79	1	1574.73394	113.67537	1215.37615	108.35237
E208	80	0	1018.77064	475.35073	1004.80734	474.93148
E208	80	1	1540.39450	512.44535	1436.82569	516.96900
E208	81	0	1302.56881	761.48124	1237.59633	777.51550
E208	81	1	1371.66972	724.43230	1322.14679	745.80261
E208	82	0	1577.90826	697.51876	1552.84404	723.20881
E208	82	1	1500.84404	728.79119	1459.92661	749.19576
E208	83	0	575.13761	445.05220	679.11009	440.90865
E208	83	1	623.57798	437.56444	718.74312	435.18271
E208	84	0	1190.05505	323.87439	1276.59633	316.19576
E208	84	1	1242.89908	301.85155	1333.40367	293.29201
E208	85	0	1108.97248	572.21697	920.30275	577.30179
E208	85	1	1193.96330	537.86134	1008.37615	545.58891
E208	86	0	1710.29358	158.50571	1843.81651	121.56607
E208	86	1	1582.14679	162.02936	1699.37615	131.69657
E208	87	0	504.29358	504.48287	452.60550	499.77977
E208	87	1	374.38532	518.13703	331.94495	512.35073
E213	0	0	310.90826	863.90865	295.83486	846.34910
E213	0	1	348.77982	832.19576	337.66972	818.60033
E213	1	0	1502.09174	820.20718	1245.08257	857.29201
E213	1	1	1388.47706	806.55302	1143.35780	840.11419
E213	2	0	1243.37753	678.01489	766.39218	706.15385
E213	2	1	1428.27634	740.99256	609.63015	771.81141
E213	3	0	129.90826	621.50408	264.95413	616.70799
E213	3	1	195.96330	608.73083	318.67890	605.25612
E213	4	0	529.68807	1020.09788	200.14679	1028.02610
E213	4	1	600.58716	953.58891	297.46789	965.48124
E213	5	0	1104.77982	732.45677	1008.85321	755.61338
E213	5	1	892.52294	740.38499	782.75229	753.75367
E213	6	0	547.45872	853.49266	249.53211	860.77814
E213	6	1	648.74312	821.77977	353.89908	825.54160
E213	7	0	419.55963	908.83850	104.80734	908.98042
E213	7	1	454.34862	872.28059	182.75229	870.22023
E213	8	0	888.64220	541.65905	966.16514	553.35237
E213	8	1	813.77982	498.78793	894.53211	509.89396
E213	9	0	1162.44954	457.68352	998.61468	478.97879
E213	9	1	1307.07339	307.57586	1063.78899	331.86623
E213	10	0	1245.35780	498.59706	1010.86239	524.63622
E213	10	1	1536.25688	425.58891	1201.98165	453.28222
E213	11	0	1388.31193	581.53018	1148.39450	613.97064
E213	11	1	1742.53211	524.94454	1372.98165	561.99674
E213	12	0	1351.44954	781.99511	1078.35780	814.81403
E213	12	1	1756.18349	677.00326	1439.09174	707.78793
E213	13	0	1199.31193	659.51387	1017.68807	684.64763
E213	13	1	1494.77064	547.06525	1262.09174	573.65253
E213	14	0	1330.33945	459.07504	1179.27523	482.45677
E213	14	1	1613.49541	337.94943	1405.18349	361.33116
E213	15	0	1199.42202	720.94454	930.88991	743.65905
E213	15	1	1586.31193	579.81403	1269.15596	611.01631
E213	16	0	1054.11009	682.67210	1072.95413	705.58401
E213	16	1	928.60550	651.39967	952.29358	668.58564
E213	17	0	1123.58716	838.86134	855.19266	853.19576
E213	17	1	1183.03670	791.73246	906.71560	815.75693
E213	18	0	975.13761	910.45840	713.37615	924.11256
E213	18	1	922.29358	915.74388	667.13761	934.68352
E213	19	0	780.49541	923.23165	531.50459	932.48124
E213	19	1	841.26606	917.94617	601.96330	928.95759
E213	20	0	1128.04587	782.67210	898.89908	804.68352
E213	20	1	1187.05505	791.92170	943.81651	816.57586
E213	21	0	665.22018	364.40946	496.26606	373.95759
E213	21	1	920.63303	382.02773	807.16514	399.50408
E213	22	0	1340.83486	331.38499	1298.55963	350.01631
E213	22	1	1498.48624	265.31648	1431.55046	277.78140
E213	23	0	489.16514	511.14845	544.23853	519.01631
E213	23	1	702.74312	480.31648	743.72477	493.02936
E213	24	0	688.00917	501.63622	728.49541	513.62316
E213	24	1	883.53211	474.76835	917.85321	489.83850
E213	25	0	255.98165	520.38662	365.98165	522.77814
E213	25	1	362.55046	491.75693	452.73394	497.67210
E213	26	0	727.35780	502.51713	802.32110	515.98042
E213	26	1	807.50459	485.33931	879.38532	497.04078
E213	27	0	393.26606	521.75530	523.36697	526.98206
E213	27	1	469.44954	502.37520	591.18349	509.80424
E213	28	0	1467.98165	231.92170	1489.83486	246.01468
E213	28	1	1567.94495	172.01958	1577.90826	179.50571
E213	29	0	1497.45872	238.46819	1503.16514	254.05546
E213	29	1	1621.64220	186.93475	1624.70642	195.03426
E213	30	0	819.08257	717.70636	811.86239	731.08972
E213	30	1	872.36697	716.38499	864.26606	731.08972
E213	31	0	802.64220	696.16966	789.44954	707.45514
E213	31	1	841.39450	697.63785	837.59633	714.50245
E213	32	0	752.14679	655.35400	758.33028	666.63948
E213	32	1	720.44037	654.76672	723.98165	662.52855
E213	33	0	709.28440	681.48777	708.71560	686.01958
E213	33	1	675.81651	674.14682	677.00917	680.73409
E213	34	0	792.66055	699.10604	787.10092	711.27243
E213	34	1	824.95413	698.81240	821.15596	713.32790
E213	35	0	881.01835	464.15987	779.27523	485.30343
E213	35	1	446.61468	453.43719	297.63303	464.35073
E213	36	0	1215.56881	90.73409	986.53211	121.12561
E213	36	1	689.13761	1.32137	337.23853	25.10604
E213	37	0	1103.98165	303.23328	824.30275	328.79119
E213	37	1	539.11927	290.51876	81.90826	317.18271
E213	38	0	144.88073	941.18271	81.02752	911.95759
E213	38	1	182.31193	907.26754	126.82569	883.32790
E213	39	0	172.18349	953.58891	121.10092	923.77977
E213	39	1	185.39450	930.68515	146.20183	903.07830
E213	40	0	443.18349	222.24307	522.05505	243.26917
E213	40	1	537.86239	247.34910	603.08257	270.13703
E213	41	0	787.27523	124.64927	848.50459	141.82708
E213	41	1	693.47706	100.86460	759.11009	119.36378
E213	42	0	919.66055	380.71941	978.38532	397.53997
E213	42	1	836.87156	354.73246	896.91743	367.58891
E213	43	0	1655.10092	504.04078	1682.20183	532.52855
E213	43	1	1693.41284	485.10114	1725.35780	510.50571
E213	44	0	1446.94495	633.13377	1175.72477	656.43067
E213	44	1	1501.11009	580.27896	1243.10092	609.30179
E213	45	0	1506.30275	512.31158	1531.77064	538.20718
E213	45	1	1581.60550	473.99184	1604.43119	498.56607
E213	46	0	1674.71560	249.88418	1667.66972	260.30179
E213	46	1	1768.51376	179.41109	1752.66055	188.50734
E213	47	0	1283.14679	321.39804	1362.45872	336.26754
E213	47	1	1425.82569	323.60033	1511.30275	338.46982
E213	48	0	1061.05505	334.20718	1060.80734	351.68189
E213	48	1	1239.40367	272.54323	1246.20183	286.05383
E213	49	0	1682.58716	778.12072	1333.35780	813.69494
E213	49	1	988.42202	968.83687	620.45872	983.53997
E213	50	0	1518.64220	890.77977	1084.37615	922.24307
E213	50	1	1337.51376	670.34910	1162.56881	695.83687
E213	51	0	620.89908	508.73083	629.48624	521.62480
E213	51	1	687.83486	506.52855	691.13761	521.18434
E213	52	0	1400.15596	592.08646	1299.54128	617.87276
E213	52	1	1701.38532	519.93312	1557.59633	545.19739
E231	0	0	1299.02828	434.78710	890.43478	243.55670
E231	0	1	1740.39159	255.01935	354.78261	396.64948
E231	1	0	1225.23568	564.38710	557.91304	720.92784
E231	1	1	1397.88252	739.97419	741.56522	573.40206
E231	2	0	1548.04587	240.40783	1603.04587	250.88581
E231	2	1	1611.16514	249.21697	1664.40367	262.33768
E231	3	0	624.53211	546.96900	401.24771	529.96900
E231	3	1	725.81651	507.32790	515.74312	495.17292
E231	4	0	842.64220	510.19576	685.08257	502.37357
E231	4	1	783.63303	465.70962	612.42202	458.76835
E231	5	0	1195.12844	390.50408	1149.54128	400.05220
E231	5	1	1254.13761	368.48124	1211.63303	380.23165
E231	6	0	1305.48624	357.37520	1261.65138	367.87439
E231	6	1	1363.17431	360.89886	1322.86239	374.48124
E231	7	0	907.62385	393.37194	810.36697	396.02610
E231	7	1	958.70642	359.45677	861.00917	361.67047
E231	8	0	1065.60550	326.63458	919.86239	331.71778
E231	8	1	837.55963	254.67047	674.57798	247.59054
E231	9	0	1255.92661	347.89396	985.01835	358.65416
E231	9	1	1530.71560	319.70473	1253.64220	332.22675
E231	10	0	1432.95413	435.10440	1140.02752	445.86460
E231	10	1	1734.16514	398.98695	1378.70642	416.79445
E231	11	0	1213.11927	449.08809	1057.29358	455.10114
E231	11	1	1056.34862	445.12398	880.26606	448.05383
E231	12	0	1429.35780	102.18597	1491.01835	106.59054
E231	12	1	1331.87156	103.50734	1384.87156	108.35237
E231	13	0	1087.83486	512.30343	697.34862	501.01794
E231	13	1	1554.43119	568.20718	1125.14679	579.99347
E231	14	0	656.22936	474.41762	208.92661	445.49592
E231	14	1	735.49541	438.88744	275.86239	415.25122
E231	15	0	599.51376	597.43393	18.05505	565.70799
E231	15	1	689.34862	588.62480	181.87156	559.98206
E231	16	0	603.00917	555.67374	165.57798	528.02936
E231	16	1	702.09174	547.74551	279.19266	521.42251
E231	17	0	580.97248	745.56444	25.54128	715.57586
E231	17	1	668.16514	752.61175	172.18349	724.38499
E231	18	0	891.51376	348.66069	855.55046	353.64600
E231	18	1	1061.05505	321.35237	1020.24771	325.89723
E231	19	0	499.16514	267.69494	302.49541	254.77814
E231	19	1	396.55963	208.23328	164.66055	185.62643
E231	20	0	541.18349	532.17129	296.47706	510.31321
E231	20	1	651.71560	487.68515	402.16514	471.11256
E231	21	0	467.23853	43.60522	417.17431	49.77162
E231	21	1	686.54128	108.79282	623.70642	113.63785
E231	22	0	1168.43119	347.63458	1017.70642	353.94454
E231	22	1	1348.54128	308.43393	1229.08257	318.26754
E231	23	0	950.77064	47.56933	625.40367	43.16476
E231	23	1	613.34862	47.56933	225.46789	17.17781
E231	24	0	1191.19266	326.84339	948.35780	332.51876
E231	24	1	1386.42202	210.56281	1111.25688	216.52692
E231	25	0	1080.81651	429.23491	807.27523	427.80424
E231	25	1	1329.90826	457.51223	1013.20183	463.43230
E231	26	0	1406.08257	158.12398	1294.47706	167.37357
E231	26	1	912.61468	181.02773	765.55963	179.25612
E231	27	0	1785.24771	126.41109	1603.58716	151.94617
E231	27	1	1235.28440	112.75693	1067.11927	112.75693
E231	28	0	499.66055	176.73246	592.85321	184.33605
E231	28	1	600.94495	159.11419	686.21101	166.42414
E231	29	0	884.67890	353.87439	757.09174	351.83687
E231	29	1	775.02752	364.88581	624.98165	359.76509
E231	30	0	1687.48624	166.67374	1604.16514	182.55302
E231	30	1	1597.21101	201.91028	1494.95413	214.26591
E231	31	0	238.61468	257.21697	307.77982	254.71615
E231	31	1	416.52294	158.55465	480.84404	161.33931
E231	32	0	1412.06422	181.05220	1155.02752	185.01305
E231	32	1	1191.75229	290.83687	910.88991	291.41599
E231	33	0	1554.38532	268.50897	1265.97248	279.81240
E231	33	1	1272.29358	286.90049	983.70642	289.75530
E231	34	0	1077.42202	329.50245	891.64220	332.82871
E231	34	1	886.14679	321.37847	701.33945	319.20065
E231	35	0	557.26606	89.41272	366.02752	78.84176
E231	35	1	827.49541	141.59054	612.63303	136.10114
E231	36	0	1313.53211	588.94454	842.80734	584.94454
E231	36	1	1801.10092	328.59217	1112.27523	339.77977
E231	37	0	821.55963	272.63622	676.83486	271.07667
E231	37	1	1099.83486	178.23165	908.19266	181.56444
E236	0	0	999.63611	264.95641	330.52484	291.85554
E236	0	1	1451.08467	270.33624	753.75787	273.02615
E236	1	0	1193.11407	692.65255	556.24913	763.93524
E236	1	1	1361.06368	758.55542	714.79356	692.65255
E236	2	0	792.04587	654.33768	544.24771	659.82545
E236	2	1	1340.64220	490.79119	1223.67890	491.23491
E236	3	0	1705.05505	569.72920	1526.88991	577.12398
E236	3	1	1106.53211	401.44535	1075.72477	405.95922
E236	4	0	528.69725	626.50571	545.27523	627.61011
E236	4	1	609.72477	619.89886	632.02752	621.88418
E236	5	0	608.40367	523.70799	610.15596	530.02447
E236	5	1	1471.69725	433.57586	1535.26606	431.86460
E236	6	0	467.62385	418.20718	295.44954	429.70473
E236	6	1	512.54128	418.64763	343.44954	430.14519
E236	7	0	535.88073	414.24307	352.69725	425.74062
E236	7	1	573.75229	419.08809	396.29358	430.14519
E236	8	0	570.66972	393.98206	392.33028	405.47961
E236	8	1	614.70642	404.11256	444.73394	415.16966
E236	9	0	519.14679	403.23165	351.81651	414.28874
E236	9	1	473.78899	400.58891	295.88991	411.20555
E236	10	0	368.48624	275.71941	201.08257	289.97064
E236	10	1	432.33945	288.49266	271.98165	304.94617
E236	11	0	437.62385	335.18108	255.24771	349.87276
E236	11	1	375.09174	320.20555	190.95413	334.89723
E236	12	0	953.91743	390.29201	535.93578	398.77814
E236	12	1	1572.11009	435.27732	1219.89908	440.81729
E236	13	0	1013.86239	489.80424	689.99083	500.89723
E236	13	1	607.88991	508.01794	236.55046	516.86297
E236	14	0	1072.94495	629.27732	777.57798	636.51876
E236	14	1	760.43119	672.75530	402.18349	684.62480
E236	15	0	728.49541	706.84992	487.63303	704.89886
E236	15	1	1021.40367	690.42251	841.11009	695.99184
E236	16	0	633.24771	670.00816	338.35780	673.92170
E236	16	1	892.63303	704.17292	678.49541	704.50408
E236	17	0	1194.11927	527.32463	961.44954	533.94617
E236	17	1	1486.56881	485.88744	1250.33028	489.46003
E236	18	0	769.66972	760.72920	374.53211	769.15987
E236	18	1	1090.14679	704.80261	804.04587	716.15824
E236	19	0	1289.83486	475.40946	1000.94495	485.00489
E236	19	1	1703.74312	460.93475	1342.60550	466.64927
E236	20	0	597.11927	371.66069	220.26606	386.33768
E236	20	1	1005.33945	446.68515	722.77982	455.21044
E236	21	0	1027.68807	677.87276	755.47706	683.86134
E236	21	1	1243.02752	638.67210	1021.45872	644.66069
E236	22	0	1047.35780	580.74388	734.69725	587.63458
E236	22	1	1343.33945	583.57586	1061.35780	588.31158
E236	23	0	1394.44037	644.94290	1162.09174	660.41925
E236	23	1	1723.59633	545.58891	1427.63303	552.06688
E236	24	0	695.00000	720.74062	295.84404	723.50571
E236	24	1	985.14679	682.93475	688.79817	689.07830
E236	25	0	1136.27523	660.11582	816.29358	665.45840
E236	25	1	1482.08257	678.65905	1189.87156	688.74225
E236	26	0	1271.19266	588.32790	1008.57798	596.11256
E236	26	1	1678.88991	558.69494	1332.88073	566.55302
E236	27	0	1004.84404	535.46982	767.77982	540.30343
E236	27	1	1376.11009	513.68352	1150.15596	521.75693
E236	28	0	1011.45872	548.24307	709.87156	554.97553
E236	28	1	1314.80734	519.94290	1084.34862	528.42251
E236	29	0	921.59633	577.05057	722.81651	582.69657
E236	29	1	1219.28440	557.67047	985.27523	566.84013
E236	30	0	1024.99083	419.76998	711.03670	428.02773
E236	30	1	1388.29358	432.98369	1105.07339	435.29201
E236	31	0	1220.93578	596.60033	954.21101	606.12561
E236	31	1	1599.77064	562.90865	1348.41284	569.57259
E236	32	0	737.98165	479.76672	519.55963	488.32463
E236	32	1	1014.09174	519.40783	811.08257	524.00163
E236	33	0	918.15596	658.63622	702.13761	661.98206
E236	33	1	1135.25688	651.14845	928.72477	658.36378
E236	34	0	1392.42202	343.17292	1417.69725	338.13866
E236	34	1	1314.03670	388.98042	1336.22936	387.02936
E236	35	0	1742.09174	708.46982	1743.85321	724.24307
E236	35	1	1374.61468	694.02936	1314.13761	706.17129
E243	0	0	1533.47368	303.51288	840.15769	300.28037
E243	0	1	1515.78947	639.90632	812.40473	653.55140
E243	1	0	1321.00000	18.49918	992.10092	26.42741
E243	1	1	1658.18349	87.65090	1291.55963	94.69821
E243	2	0	1361.48624	569.38499	1051.40367	575.84992
E243	2	1	1449.11927	542.95759	1135.07339	555.14845
E243	3	0	1535.31193	407.08809	1420.96330	408.86134
E243	3	1	1469.25688	384.18434	1356.66972	385.51713
E243	4	0	1868.47706	385.98042	1814.75229	381.25612
E243	4	1	1826.20183	373.64763	1772.91743	368.04241
E243	5	0	1880.36697	418.49592	1786.56881	416.14845
E243	5	1	1831.04587	403.52039	1743.85321	401.61338
E243	6	0	887.11009	99.98369	927.41284	110.11419
E243	6	1	777.01835	52.85481	817.32110	66.50897
E243	7	0	1254.23853	31.71289	1226.32110	24.66558
E243	7	1	1098.34862	31.71289	1067.34862	27.74878
E243	8	0	434.97248	125.53018	437.78899	154.15987
E243	8	1	591.74312	155.92170	597.64220	174.86134
E243	9	0	735.74312	96.90049	703.84404	116.72104
E243	9	1	551.22936	32.59380	521.09174	61.22349
E243	10	0	504.23853	166.29038	543.67890	190.27732
E243	10	1	658.80734	140.74388	694.72477	157.24307
E243	11	0	214.45872	229.71615	184.07339	258.35237
E243	11	1	396.77064	249.97716	367.70642	272.44698
E243	12	0	1012.73394	394.86134	907.45872	397.79119
E243	12	1	1147.92661	367.99347	1039.56881	374.00653
E243	13	0	1259.03670	350.86460	1103.09174	352.37520
E243	13	1	1093.01835	415.17129	952.04587	422.40783
E243	14	0	190.33945	287.95432	286.86239	317.82382
E243	14	1	351.51376	270.77651	431.30275	295.80098
E243	15	0	590.39450	442.77977	514.49541	454.89886
E243	15	1	625.18349	451.14845	550.16514	459.74388
E243	16	0	1434.00917	560.91028	957.12844	568.25449
E243	16	1	1114.39450	661.35073	669.30275	667.34910
E243	17	0	1409.66972	533.30179	1105.24771	533.25449
E243	17	1	1736.93578	458.72104	1413.08257	460.47145
E243	18	0	346.12844	210.82708	383.49541	240.30343
E243	18	1	428.47706	207.74388	452.63303	231.05383
E243	19	0	1700.77982	208.63458	1361.09174	207.99347
E243	19	1	1153.46789	221.16476	814.20183	233.82382
E243	20	0	677.67890	150.19576	216.22018	162.08809
E243	20	1	1579.31193	157.68352	1096.35780	166.67374
E243	21	0	1059.93578	632.11256	648.48624	641.01631
E243	21	1	766.21101	692.26591	145.32110	696.98042
E243	22	0	630.93578	497.73083	267.31193	507.56444
E243	22	1	1033.73394	543.49429	666.03670	551.71941
E243	23	0	1015.86239	481.72920	784.39450	486.67047
E243	23	1	1261.14679	427.11256	1045.97248	431.61338
E243	24	0	855.55046	458.43230	417.89908	467.58891
E243	24	1	1416.16514	374.92170	875.85321	386.32790
E243	25	0	968.77064	489.35889	628.65138	504.46656
E243	25	1	1334.03670	344.92170	1035.97248	354.77977
E243	26	0	1139.35780	470.85971	867.56881	477.89560
E243	26	1	1471.54128	348.10114	1211.99083	347.19576
E243	27	0	1295.27523	458.53018	1055.03670	463.62480
E243	27	1	1034.11927	505.21860	792.13761	517.80098
E243	28	0	1244.54128	448.43230	921.97248	452.25449
E243	28	1	1576.90826	324.91028	1299.67890	322.32790
E243	29	0	1331.84404	400.96737	1091.36697	405.61011
E243	29	1	1743.85321	400.82545	1544.46789	395.19576
E243	30	0	922.82569	500.02773	569.99083	511.04078
E243	30	1	1291.34862	458.37520	1073.50459	464.14356
E243	31	0	398.84404	631.43556	246.60550	630.91028
E243	31	1	900.39450	578.46982	763.22936	581.12398
E243	32	0	1608.39450	581.76835	1305.08257	595.12561
E243	32	1	1686.77982	591.01794	1394.91743	599.97064
E243	33	0	743.33028	629.18434	501.70642	633.58891
E243	33	1	1511.80734	580.05220	1233.13761	586.50408
E243	34	0	359.31193	280.12398	254.52294	298.68515
E243	34	1	564.08257	309.63458	492.66972	325.09951
E243	35	0	909.28440	60.34258	781.44954	71.35400
E243	35	1	1039.19266	81.48450	948.78899	85.00816
E243	36	0	876.77982	139.67374	805.81651	153.36378
E243	36	1	973.22018	168.30343	924.00917	174.03263
E243	37	0	639.06422	675.38499	477.39450	677.55465
E243	37	1	539.54128	651.60033	377.87156	652.88907
E243	38	0	1493.54128	114.95922	1435.26606	96.46003
E243	38	1	1568.40367	115.84013	1550.64220	92.93638
E243	39	0	586.97248	663.92007	427.75229	668.74062
E243	39	1	496.69725	623.83850	347.16514	624.69494
E243	40	0	935.84404	313.84829	895.11927	321.77651
E243	40	1	1032.28440	309.00326	1015.77982	312.08646
E243	41	0	1414.65138	85.44861	1243.75229	80.16313
E243	41	1	1207.11009	28.62969	1066.97248	28.18923
E243	42	0	1443.91743	85.44861	1269.67890	81.48450
E243	42	1	1230.77982	29.51060	1089.12844	26.42741
E243	43	0	366.00000	662.21860	280.40367	663.87276
E243	43	1	420.60550	650.32626	325.76147	650.65905
E243	44	0	1306.48624	314.62643	1113.35780	319.92333
E243	44	1	1331.58716	336.20881	1141.98165	339.30343
E243	45	0	1385.31193	371.00489	1127.44954	377.62316
E243	45	1	1424.94495	397.87276	1166.64220	397.88418
E243	46	0	1591.60550	386.42088	1288.97248	392.74388
E243	46	1	1647.53211	414.16966	1341.37615	419.61175
E243	47	0	203.91743	369.83687	346.33945	390.73083
E243	47	1	338.22936	371.15824	459.07339	389.40946
E243	48	0	1344.46789	406.09788	1440.47706	405.48124
E243	48	1	1516.21101	403.89560	1634.23853	395.79119
E243	49	0	682.72477	441.94454	731.41284	451.12561
E243	49	1	821.44037	423.00489	865.28440	427.34095
E243	50	0	415.94495	523.95595	495.00917	539.02773
E243	50	1	235.83486	505.45677	335.15596	511.71941
E243	51	0	1614.21101	185.24307	1337.99083	187.44698
E243	51	1	1187.95413	146.23165	902.22936	155.92170
E243	52	0	1396.92661	340.85971	1150.70642	341.60033
E243	52	1	982.02752	273.19739	746.71560	280.81566
E243	53	0	1504.65138	385.93312	1418.18349	385.06362
E243	53	1	1176.91743	360.84829	1083.77064	362.16150
E268	0	0	1146.36872	760.69565	827.26257	774.11180
E268	0	1	1309.94413	783.50311	643.57542	803.62733
E268	1	0	1202.68156	796.91925	525.58659	880.09938
E268	1	1	1414.52514	864.00000	773.63128	799.60248
E268	2	0	909.66055	800.03100	870.17431	816.52855
E268	2	1	533.93578	667.90865	531.45872	683.64763
E268	3	0	766.32110	778.56444	622.10092	793.93638
E268	3	1	260.69725	686.35237	228.15596	704.00653
E268	4	0	1060.23853	551.32626	1010.90826	559.48124
E268	4	1	567.20183	612.72920	545.62385	630.36378
E268	5	0	640.45872	836.83850	528.24771	844.82708
E268	5	1	354.76147	656.34258	172.62385	674.39804
E268	6	0	641.87156	695.00326	565.89908	713.74225
E268	6	1	548.95413	660.20718	466.81651	681.58891
E268	7	0	891.72477	742.74225	674.49541	757.26591
E268	7	1	409.56881	381.08972	309.91743	420.49266
E268	8	0	928.89908	405.70962	1308.32110	412.57749
E268	8	1	1098.44037	427.73246	1485.78899	432.39804
E268	9	0	869.19266	399.06199	1349.56881	407.87439
E268	9	1	852.89908	392.45514	1329.31193	401.70799
E268	10	0	861.70642	351.49266	1343.84404	366.03100
E268	10	1	844.09174	346.64763	1327.55046	355.46003
E268	11	0	208.94495	902.12235	208.29358	900.62316
E268	11	1	314.19266	875.69494	320.14679	875.51713
E268	12	0	1056.14679	758.44535	987.65138	780.32626
E268	12	1	966.31193	733.77977	905.30275	752.13703
E268	13	0	1505.55046	700.19576	1676.03670	721.54160
E268	13	1	1436.41284	698.87439	1598.97248	718.01794
E268	14	0	955.62385	523.41109	1022.07339	538.29201
E268	14	1	1034.44954	570.09951	1105.30275	581.89723
E268	15	0	1373.42202	151.07667	1477.46789	140.22023
E268	15	1	1053.59633	126.41109	1141.40367	135.22023
E268	16	0	1050.30275	200.98206	1073.74312	213.67047
E268	16	1	605.44037	177.98369	643.91743	215.59054
E268	17	0	1349.59633	216.88418	1492.51376	207.10114
E268	17	1	1598.02752	298.81403	1777.32110	274.01631
E268	18	0	1412.19266	305.23328	1467.91743	300.83850
E268	18	1	1116.93578	318.06362	1143.75229	323.39967
E268	19	0	1134.81651	468.64600	1149.55963	478.50571
E268	19	1	737.16514	520.17945	752.58716	537.81566
E268	20	0	890.63303	310.12398	875.42202	331.95759
E268	20	1	449.46789	248.66069	440.19266	290.91028
E268	21	0	837.51376	100.42414	943.07339	122.88744
E268	21	1	494.99083	11.01142	631.02752	62.54486
E268	22	0	1041.88073	451.59054	1020.11009	467.62480
E268	22	1	706.63303	451.81566	659.09174	473.93475
E268	23	0	608.21101	92.05546	612.26606	130.81566
E268	23	1	271.05505	36.11746	296.76147	104.82871
E268	24	0	1080.15596	278.22023	1098.26606	289.38662
E268	24	1	769.07339	361.02610	776.70642	382.07667
E268	25	0	1426.95413	212.14845	1542.77064	197.70799
E268	25	1	1098.32110	109.23328	1208.74312	115.84013
E268	26	0	873.43119	502.18434	897.42202	523.23328
E268	26	1	603.08257	428.24144	642.44954	454.02936
E268	27	0	850.89908	424.55465	925.54128	445.20881
E268	27	1	1103.22936	527.18108	1169.94495	543.87113
E268	28	0	1027.60550	200.06525	1110.35780	211.08809
E268	28	1	725.95413	209.31485	763.66972	237.30016
E268	29	0	724.36697	292.76835	793.99083	317.70962
E268	29	1	430.37615	367.64600	490.47706	406.11093
E268	30	0	569.97248	229.78303	677.19266	263.84339
E268	30	1	260.77982	398.85971	394.47706	436.50245
E268	31	0	917.28440	298.71778	1041.35780	315.32626
E268	31	1	608.71560	195.72104	723.02752	232.95922
E268	32	0	751.66972	329.37520	808.01835	355.40620
E268	32	1	332.47706	311.70636	425.81651	351.08972
E268	33	0	676.82569	133.45840	757.38532	170.44535
E268	33	1	270.32110	102.18597	356.59633	149.91028
E268	34	0	841.19266	182.82708	847.29358	207.17292
E268	34	1	385.41284	176.18271	381.33028	225.02773
E268	35	0	1099.47706	395.83687	1194.29358	407.15008
E268	35	1	739.87156	316.53997	821.74312	338.87928
E268	36	0	331.83486	467.87439	415.58716	497.67210
E268	36	1	743.77982	429.93475	808.48624	451.62316
E268	37	0	1503.32110	477.51550	1702.45872	478.60033
E268	37	1	1046.31193	412.26754	1202.17431	421.87439
E268	38	0	486.12844	474.81403	672.11927	497.38499
E268	38	1	940.19266	472.04078	1086.33945	486.22023
E268	39	0	1349.65138	483.58728	1724.03670	485.00489
E268	39	1	1159.85321	506.93148	1503.85321	514.95595
E268	40	0	534.23853	351.04078	842.51376	376.35237
E268	40	1	306.56881	422.39478	624.97248	450.78956
E268	41	0	66.93578	584.36542	215.92661	605.69657
E268	41	1	186.71560	572.03263	315.88991	597.76835
E268	42	0	1325.86239	494.36215	1667.07339	496.07667
E268	42	1	1364.17431	489.95759	1708.90826	492.11256
E268	43	0	273.00917	632.02936	459.89908	645.92170
E268	43	1	320.12844	624.10114	511.42202	642.83850
E268	44	0	368.17431	760.88581	381.46789	772.05383
E268	44	1	460.65138	796.12235	466.89908	800.24307
E268	45	0	1333.51376	565.85155	1586.91743	575.68515
E268	45	1	1383.27523	582.14845	1634.47706	594.62480
E268	46	0	826.74312	424.71941	983.41284	443.29038
E268	46	1	872.10092	427.36215	1029.21101	443.29038
E268	47	0	959.43119	810.60033	941.86239	824.66069
E268	47	1	1012.71560	780.64927	1007.47706	796.47145
E268	48	0	373.81651	1014.81240	336.66055	1006.44372
E268	48	1	463.65138	1001.15824	421.65138	997.19413
E268	49	0	626.23853	439.58891	840.79817	463.17292
E268	49	1	663.22936	437.82708	875.58716	458.76835
E268	50	0	1513.43119	304.31648	1897.10092	281.53997
E268	50	1	1352.69725	316.20881	1710.38532	301.80098
E268	51	0	1049.91743	864.11256	949.80734	881.12561
E268	51	1	1107.16514	851.33931	1040.08257	868.35237
E268	52	0	945.55046	912.56281	850.28440	924.73083
E268	52	1	1035.82569	897.58728	975.78899	912.39804
E268	53	0	635.58716	1002.03915	425.92661	1006.00326
E268	53	1	739.51376	923.63785	572.12844	929.80424
E268	54	0	719.37615	936.98042	478.73394	940.81566
E268	54	1	856.77064	972.65742	628.01835	978.25449
E268	55	0	485.70642	911.87439	154.56881	914.31321
E268	55	1	587.87156	899.54160	313.10092	900.65905
E268	56	0	586.33945	1079.55954	323.81651	1074.71452
E268	56	1	732.54128	1060.61990	505.68807	1061.06036
E268	57	0	702.47706	398.13540	1014.28440	415.11256
E268	57	1	904.60550	406.50408	1223.89908	419.07667
E268	58	0	312.26606	367.39478	719.29358	401.50408
E268	58	1	716.09174	183.61175	1069.94495	203.00489
E268	59	0	861.76147	380.70473	1231.03670	392.26591
E268	59	1	1095.59633	315.07667	1476.76147	315.18597
E268	60	0	1899.30275	607.94290	1806.82569	617.93801
E268	60	1	25.10092	27.74878	241.44954	121.90049
E270	0	0	1109.45692	751.54639	851.63531	761.69884
E270	0	1	1315.22085	790.51546	646.02026	804.78764
E270	1	0	1152.55612	761.28866	816.90304	768.64865
E270	1	1	1422.27371	865.67010	529.31983	888.18533
E270	2	0	522.86239	422.56444	923.74312	449.99511
E270	2	1	609.92661	428.65416	1007.70642	451.75693
E270	3	0	1255.40367	588.67047	1413.55963	601.14682
E270	3	1	1362.41284	527.00653	1515.72477	537.72104
E270	4	0	984.38532	484.51713	1227.46789	496.45840
E270	4	1	1074.22018	467.33931	1315.10092	478.84013
E270	5	0	1281.03670	604.71941	941.77064	621.99184
E270	5	1	1800.22018	365.18434	1513.68807	360.29038
E270	6	0	803.29358	476.96411	745.69725	496.77488
E270	6	1	1336.82569	451.73409	1229.70642	461.32790
E270	7	0	437.57798	453.80424	465.56881	485.03589
E270	7	1	852.44037	451.01958	844.19266	470.38662
E270	8	0	1279.65138	548.44861	1297.13761	559.86786
E270	8	1	974.66055	550.60522	963.35780	568.02121
E270	9	0	601.13761	381.75693	843.80734	409.25775
E270	9	1	445.33945	340.36868	712.87156	372.55302
E270	10	0	701.65138	524.52692	594.51376	549.52692
E270	10	1	252.03670	530.05220	179.00000	555.55139
E270	11	0	1106.99083	415.81077	1423.85321	422.22512
E270	11	1	1268.45872	431.07993	1587.08257	433.38336
E270	12	0	1499.01835	556.09951	1501.35780	566.61338
E270	12	1	1800.67890	655.14519	1781.43119	671.77814
E270	13	0	1154.91743	639.96411	1029.21101	655.49429
E270	13	1	1427.43119	617.70799	1311.03670	630.22512
E270	14	0	1272.93578	154.99347	1073.40367	161.31648
E270	14	1	1372.89908	128.56607	1157.51376	130.92496
E270	15	0	997.33028	321.63295	855.29358	345.03915
E270	15	1	1095.97248	288.59869	927.51376	306.27896
E270	16	0	1095.53211	265.25449	934.55963	283.37520
E270	16	1	1177.00000	243.67210	1000.17431	257.38825
E270	17	0	1160.70642	221.64927	989.16514	235.80587
E270	17	1	1239.97248	194.78140	1058.30275	204.97390
E270	18	0	1151.45872	306.21697	960.98165	320.37357
E270	18	1	1243.93578	273.62316	1042.00917	286.89886
E270	19	0	786.22936	87.21044	1009.89908	112.75693
E270	19	1	1149.97248	56.81892	1402.70642	49.77162
E270	20	0	39.19266	63.42577	371.65138	147.55302
E270	20	1	1482.23853	101.74551	1891.81651	53.29527
E270	21	0	721.67890	691.04078	548.68807	705.71615
E270	21	1	1346.46789	532.42251	1215.12844	537.01958
E270	22	0	836.20183	824.51713	683.00000	836.80424
E270	22	1	1370.50459	725.79119	1253.82569	746.24144
E270	23	0	1052.36697	386.00653	883.53211	405.97064
E270	23	1	1725.35780	484.26754	1526.69725	490.38825
E270	24	0	549.76147	426.86134	271.22018	459.10114
E270	24	1	1274.50459	388.53181	1051.48624	402.28059
E270	25	0	571.09174	495.39315	849.75229	517.86949
E270	25	1	826.77064	500.73409	1090.58716	514.83687
E270	26	0	1386.20183	448.85155	1712.14679	448.43067
E270	26	1	1478.09174	426.82871	1814.31193	419.94780
E270	27	0	753.83486	567.69331	976.37615	585.75041
E270	27	1	806.38532	573.85971	1027.16514	596.02773
E270	28	0	831.63303	570.04241	1048.59633	587.80587
E270	28	1	870.67890	558.59054	1081.18349	577.82219
E270	29	0	1153.50459	619.41599	1223.63303	635.12887
E270	29	1	1198.71560	609.13866	1276.18349	623.97064
E270	30	0	1507.67890	652.54976	1533.85321	665.19413
E270	30	1	1753.54128	598.58401	1888.58716	614.72594
E270	31	0	728.19266	598.56607	715.95413	619.12398
E270	31	1	1171.34862	527.40783	1167.27523	538.87765
E270	32	0	571.32110	474.70962	797.78899	501.04241
E270	32	1	819.00000	468.67047	1040.68807	499.32790
E270	33	0	575.15596	490.41599	456.78899	548.85971
E270	33	1	815.59633	476.32137	736.09174	513.11419
E270	34	0	652.12844	561.27406	629.03670	581.74225
E270	34	1	1066.28440	645.78956	1039.83486	662.44046
E270	35	0	739.32110	335.42251	696.80734	364.03752
E270	35	1	1174.50459	422.03589	1137.25688	433.20228
E270	36	0	889.39450	472.49592	830.64220	515.11419
E270	36	1	1107.55046	456.59869	1066.09174	495.14682
E270	37	0	175.79817	506.27080	240.97248	541.75856
E270	37	1	609.05505	479.78140	616.22018	502.39967
E270	38	0	609.49541	475.87602	697.82569	498.64600
E270	38	1	1010.52294	514.05873	1060.54128	529.90701
E270	39	0	1020.71560	416.35889	1027.51376	434.04241
E270	39	1	1454.72477	361.79119	1489.98165	361.69657
E270	40	0	319.10092	597.62969	456.70642	620.59054
E270	40	1	655.72477	566.50408	776.15596	588.39315
E270	41	0	1249.16514	326.50408	1258.36697	333.02936
E270	41	1	1671.09174	295.86949	1724.55963	274.18760
E270	42	0	1049.20183	579.98532	1024.71560	595.63785
E270	42	1	1482.88991	496.00489	1474.88991	509.63948
E270	43	0	748.81651	418.36215	1050.01835	439.06688
E270	43	1	566.02752	488.01794	865.31193	513.02773
E270	44	0	1168.00917	508.95432	1160.29358	523.99511
E270	44	1	1580.28440	378.02610	1618.70642	376.96737
E270	45	0	223.46789	513.62153	535.08257	543.70799
E270	45	1	473.30275	477.50408	759.96330	500.24959
E270	46	0	655.06422	534.32137	676.09174	555.06036
E270	46	1	1055.65138	578.81240	1098.48624	593.78303
E270	47	0	1099.98165	616.39804	1084.39450	631.07504
E270	47	1	703.59633	585.55954	688.33945	600.47961
E270	48	0	1086.34862	487.18434	1043.00917	504.57096
E270	48	1	1491.91743	601.99674	1475.34862	617.37847
E270	49	0	701.60550	376.67047	995.52294	398.05057
E270	49	1	913.68807	373.20228	1208.59633	389.10767
E270	50	0	500.26606	444.78793	813.17431	473.08320
E270	50	1	702.18349	440.53507	1009.57798	461.33768
E270	51	0	353.03670	479.63132	688.16514	508.31321
E270	51	1	546.49541	473.23980	865.77982	500.97227
E276	0	0	1208.81427	683.05970	819.97901	664.92537
E276	0	1	1351.85729	723.35821	684.99475	701.19403
E276	1	0	1753.54128	813.29201	1272.28440	798.32790
E276	1	1	1879.48624	825.62480	1361.67890	808.89886
E276	2	0	1854.82569	815.46982	1257.79817	799.20718
E276	2	1	1824.44037	727.37847	1303.15596	722.12724
E276	3	0	401.27523	588.21697	108.77064	560.48124
E276	3	1	515.77064	489.11419	218.86239	474.15171
E276	4	0	1515.36697	547.01794	1375.20183	553.82708
E276	4	1	1881.68807	505.11256	1713.90826	522.49266
E276	5	0	873.26606	792.56444	629.80734	755.75530
E276	5	1	779.46789	833.96737	535.56881	790.55139
E276	6	0	1145.66422	541.17910	516.59811	540.15672
E276	6	1	1802.14061	430.43284	1153.40609	448.30224
E276	7	0	996.21101	499.25122	771.03670	493.76672
E276	7	1	711.93578	453.43556	453.53211	444.87602
E276	8	0	1162.54128	742.34910	863.63303	721.88418
E276	8	1	1496.19266	657.33931	1169.99083	654.09951
E276	9	0	922.03670	897.19576	547.89908	855.88254
E276	9	1	1183.64220	688.66395	873.96330	673.95759
E276	10	0	801.54128	569.86460	801.24771	553.65905
E276	10	1	970.64220	561.49592	946.56881	551.45677
E276	11	0	519.31193	566.62316	228.99083	542.45840
E276	11	1	1266.49541	556.73736	844.06422	553.18597
E276	12	0	1512.25688	323.19250	1353.35780	340.32626
E276	12	1	1016.82569	235.00816	850.27523	252.10440
E276	13	0	817.66055	326.68352	722.94495	334.20718
E276	13	1	1121.58716	305.14519	1037.72477	314.05546
E276	14	0	974.55963	618.45840	251.04587	601.84013
E276	14	1	1255.97248	438.95759	876.95413	443.54486
E276	15	0	382.26606	789.07504	314.77064	735.82708
E276	15	1	59.00917	533.55139	51.52294	505.56607
E276	16	0	279.02752	714.52692	65.17431	673.04078
E276	16	1	734.41284	638.63622	564.01835	603.74388
E276	17	0	1331.75229	50.21207	1116.73394	88.53181
E276	17	1	1810.78899	125.62643	1481.29358	176.22349
E276	18	0	1157.92661	578.08483	1189.30275	574.12398
E276	18	1	1310.29358	537.12235	1338.14679	538.88744
E285	0	0	1150.38825	670.97015	783.71459	666.94030
E285	0	1	1287.38720	719.32836	666.86254	717.31343
E285	1	0	311.96330	485.52529	93.35780	457.59869
E285	1	1	361.72477	482.88254	172.18349	455.39641
E285	2	0	210.93578	409.62316	119.33945	386.24470
E285	2	1	249.24771	407.42088	167.77982	384.48287
E285	3	0	449.20183	361.21860	335.62385	349.76672
E285	3	1	516.57798	354.61175	401.23853	343.60033
E285	4	0	285.22936	445.64600	86.75229	415.10114
E285	4	1	340.27523	445.64600	168.22018	422.14845
E285	5	0	528.75229	322.75856	359.33945	309.39152
E285	5	1	579.83486	324.07993	423.63303	314.23654
E285	6	0	366.69725	337.69657	229.66972	321.04078
E285	6	1	413.81651	334.61338	286.91743	320.15987
E285	7	0	1133.66055	453.51876	1233.67890	467.79608
E285	7	1	1227.01835	416.52039	1332.32110	433.14682
E285	8	0	871.96330	608.06525	813.38532	607.76509
E285	8	1	943.00917	610.12072	883.25688	612.46330
E285	9	0	1245.26606	612.70962	1151.88991	626.52692
E285	9	1	1314.84404	599.49592	1204.44037	615.66232
E285	10	0	676.83486	608.10440	583.26606	596.06688
E285	10	1	755.22018	576.97879	659.00917	570.81403
E285	11	0	581.24771	640.18434	613.85321	630.94454
E285	11	1	444.73394	595.25775	491.87156	581.17292
E285	12	0	855.43119	912.91028	431.55963	893.51713
E285	12	1	950.99083	904.10114	551.77982	888.67210
E285	13	0	950.99083	892.20881	580.84404	878.10114
E285	13	1	1055.79817	878.11419	691.81651	871.49429
E285	14	0	471.33945	684.05383	451.26606	663.77977
E285	14	1	499.08257	686.25612	479.44954	663.77977
E285	15	0	1516.62385	705.77977	1362.66972	736.18108
E285	15	1	1687.48624	622.09299	1492.13761	655.13703
E285	16	0	1296.34862	721.20718	1186.08257	740.12235
E285	16	1	1450.91743	699.18434	1352.98165	723.82545
E285	17	0	1580.61468	573.00489	1652.60550	610.20718
E285	17	1	1451.14679	531.16150	1509.92661	560.87602
E285	18	0	1300.38532	583.31648	1347.11009	606.21860
E285	18	1	1372.60550	580.23328	1421.97248	605.77814
E285	19	0	1307.61468	478.98206	1304.94495	496.83850
E285	19	1	1223.94495	465.76835	1218.19266	480.54160
E285	20	0	269.90826	594.48287	243.89908	567.32626
E285	20	1	458.82569	566.29364	424.00917	548.82708
E285	21	0	896.50459	94.25775	399.92661	77.96085
E285	21	1	1546.83486	449.32626	882.73394	447.70473
E285	22	0	363.19266	173.68515	309.07339	168.89886
E285	22	1	641.88991	200.93475	579.45872	201.24633
E285	23	0	824.77982	554.15987	601.08257	540.70799
E285	23	1	1416.53211	500.76672	1225.00000	518.04405
E285	24	0	1187.45872	424.31321	1073.96330	434.11256
E285	24	1	898.24771	363.38825	730.32110	360.73083
E285	25	0	832.11009	604.95759	701.32110	597.89723
E285	25	1	484.20183	537.23165	301.17431	513.49592
E285	26	0	693.81651	502.87602	639.11009	499.38336
E285	26	1	428.55963	465.07830	341.92661	449.95759
E285	27	0	996.45872	397.38662	831.26606	397.43556
E285	27	1	584.01835	241.57912	340.82569	221.75856
E285	28	0	448.62385	612.82382	303.77064	588.12398
E285	28	1	313.43119	561.73083	97.76147	531.79119
E285	29	0	1222.82569	687.84339	1261.19266	710.24959
E285	29	1	1293.28440	658.47961	1338.99083	684.11582
E285	30	0	1052.89908	681.47961	1085.36697	692.89233
E285	30	1	1146.55046	690.28874	1178.13761	707.57423
E285	31	0	255.92661	631.95595	319.79817	603.55139
E285	31	1	103.26606	618.44861	193.26606	584.75856
E285	32	0	1012.88073	701.18434	1043.16514	709.60033
E285	32	1	1032.25688	687.53018	1062.10092	699.46982
E285	33	0	1006.22936	696.27896	1039.64220	705.53018
E285	33	1	1033.09174	690.11256	1066.50459	701.56607
E285	34	0	689.77064	690.40946	575.65138	677.25449
E285	34	1	955.75229	667.50571	831.06422	669.32626
E285	35	0	873.83486	445.56607	588.37615	432.58891
E285	35	1	1424.36697	411.10277	1104.38532	422.60196
E29	0	0	1545.75056	150.59761	820.19417	103.26693
E29	0	1	1524.24197	605.25896	808.72293	588.04781
E29	1	0	1274.33945	274.94617	1395.43119	241.48124
E29	1	1	1321.89908	273.62480	1443.43119	237.51713
E29	2	0	1155.90826	64.74715	1360.21101	24.22512
E29	2	1	1118.47706	71.35400	1322.33945	35.23654
E29	3	0	1295.88073	125.97064	1554.80734	76.63948
E29	3	1	1269.89908	139.62480	1525.74312	93.81729
E29	4	0	1568.75229	131.69657	1783.48624	59.02121
E29	4	1	1618.51376	110.11419	1851.74312	26.42741
E29	5	0	251.33945	516.33931	486.13761	515.94617
E29	5	1	307.70642	502.24470	533.69725	503.61338
E29	6	0	1276.22936	91.61501	1411.16514	45.80750
E29	6	1	1333.03670	87.65090	1471.49541	36.99837
E29	7	0	88.07339	372.00489	304.98165	388.18434
E29	7	1	161.61468	387.86134	363.55046	400.51713
E29	8	0	1278.27523	473.11093	1436.32110	451.57586
E29	8	1	1217.50459	449.76672	1362.33945	426.02936
E29	9	0	928.44954	412.80261	1072.44954	398.22186
E29	9	1	853.58716	430.86134	1004.63303	419.36378
E29	10	0	88.16514	625.36215	212.25688	616.95759
E29	10	1	207.06422	619.63622	313.10092	610.79119
E29	11	0	77.06422	634.07667	178.34862	623.01794
E29	11	1	187.59633	632.31485	271.70642	619.93475
E29	12	0	34.33945	706.11419	98.64220	686.01794
E29	12	1	147.51376	736.06525	188.03670	715.52855
E29	13	0	456.98165	546.53018	545.44037	541.05383
E29	13	1	547.69725	557.98206	627.34862	551.62480
E29	14	0	1016.29358	797.90701	884.05505	784.39152
E29	14	1	898.27523	783.22512	776.01835	765.01142
E29	15	0	1519.70642	789.63622	1412.15596	781.02610
E29	15	1	1412.84404	714.75856	1299.12844	709.08483
E29	16	0	547.20183	667.87602	440.29358	652.70962
E29	16	1	344.33945	685.49429	280.00917	670.40783
E29	17	0	522.23853	893.79608	349.92661	865.74715
E29	17	1	647.30275	905.24796	476.16514	879.84176
E29	18	0	197.67890	550.75856	374.94495	551.44698
E29	18	1	276.06422	541.94943	448.33945	539.40783
E29	19	0	160.10092	531.96574	369.95413	532.94780
E29	19	1	217.64220	524.91843	423.38532	523.84502
E29	20	0	1301.44954	634.82708	1298.31193	622.52855
E29	20	1	1365.30275	646.71941	1359.08257	624.73083
E29	21	0	1291.88991	173.21697	1247.39450	135.91680
E29	21	1	992.32110	208.07504	963.58716	192.34584
E29	22	0	1790.53211	541.98695	965.44037	507.04405
E29	22	1	1021.23853	102.85318	47.55963	89.55954
E29	23	0	462.65138	517.90538	667.53211	514.27896
E29	23	1	238.06422	468.43230	478.12844	470.83197
E29	24	0	826.88991	780.55302	808.06422	762.80261
E29	24	1	930.37615	736.50734	898.33945	721.39967
E29	25	0	779.22936	802.29038	770.90826	784.29201
E29	25	1	876.55046	760.00653	850.17431	746.85318
E29	26	0	1536.47706	722.57912	1328.15596	714.97064
E29	26	1	1676.51376	752.53018	1443.53211	743.60033
E29	27	0	935.61468	749.55954	1089.62385	739.77325
E29	27	1	991.10092	739.28222	1138.94495	731.25775
E29	28	0	860.56881	734.46982	1000.69725	724.43393
E29	28	1	890.95413	736.23165	1031.96330	725.75530
E29	29	0	1238.22018	676.38662	1289.03670	665.46330
E29	29	1	1316.01835	666.69657	1368.88991	652.54323
E29	30	0	1197.09174	617.02773	1312.48624	606.69331
E29	30	1	1139.84404	627.89233	1247.89908	619.90701
E29	31	0	826.10092	845.69494	688.70642	827.84992
E29	31	1	888.19266	844.37357	762.24771	828.73083
E29	32	0	827.86239	833.80261	696.19266	812.87439
E29	32	1	884.22936	826.75530	764.44954	804.06525
E29	33	0	1107.22936	914.04405	535.92661	941.76509
E29	33	1	293.14679	553.06688	148.24771	582.62480
E29	34	0	1625.84404	71.16476	1793.05505	0.29364
E29	34	1	1144.71560	231.49429	1297.24771	197.64600
E29	35	0	829.89908	717.94617	744.33028	707.01794
E29	35	1	333.20183	522.16313	422.47706	527.01958
E29	36	0	1112.17431	328.96411	962.60550	316.86786
E29	36	1	484.58716	308.33605	409.76147	315.77325
E29	37	0	487.54128	630.68352	751.53211	622.36052
E29	37	1	530.11009	629.21533	789.40367	621.18597
E29	38	0	620.51376	807.74062	533.67890	788.21697
E29	38	1	161.67890	724.44698	108.91743	704.83687
E29	39	0	54.89908	538.18434	368.01835	539.01142
E29	39	1	341.30275	543.46982	617.82569	542.24144
E29	40	0	1236.03670	512.52529	1107.96330	492.21533
E29	40	1	1139.74312	489.32790	988.73394	468.81892
E29	41	0	1384.68807	677.61338	1249.30275	662.38336
E29	41	1	1506.52294	661.46330	1359.68807	646.23328
E29	42	0	336.44037	556.57912	656.97248	560.24633
E29	42	1	479.11927	596.22023	789.96330	598.12561
E29	43	0	279.19266	526.91354	597.71560	530.15334
E29	43	1	435.08257	568.31648	733.34862	561.86623
E29	44	0	1205.62385	236.36052	1583.00000	197.04405
E29	44	1	1327.45872	224.32137	1733.60550	172.67210
E29	45	0	260.69725	449.79772	623.40367	458.20065
E29	45	1	414.82569	474.46330	757.27523	476.69984
E298	0	0	1229.88991	715.67863	780.65138	709.04405
E298	0	1	625.59633	230.73736	243.07339	208.85155
E298	1	0	1494.86239	637.87113	1552.95413	668.90865
E298	1	1	1559.44954	626.41925	1628.40367	663.03589
E298	2	0	1801.39450	695.73573	1908.55046	763.66232
E298	2	1	1744.14679	691.62480	1840.73394	748.68679
E298	3	0	1416.89908	635.76509	1362.27523	661.90865
E298	3	1	1325.88991	627.54323	1278.31193	647.52039
E298	4	0	542.00917	770.34421	271.09174	741.08972
E298	4	1	663.25688	768.28874	407.60550	741.08972
E298	5	0	1487.08257	673.01142	1383.62385	698.55954
E298	5	1	1588.95413	692.68515	1465.53211	724.69331
E298	6	0	1524.80734	667.97227	1539.70642	703.75856
E298	6	1	1582.05505	672.37684	1598.71560	711.68679
E298	7	0	1133.98165	598.16966	1200.11009	615.26591
E298	7	1	1169.50459	601.39967	1237.68807	618.49592
E298	8	0	1211.20183	481.16966	838.11009	481.40783
E298	8	1	1621.52294	580.66232	1078.54128	586.38499
E298	9	0	1255.58716	627.39967	1222.20183	646.08972
E298	9	1	1306.96330	613.59869	1279.74312	634.05057
E298	10	0	876.35780	513.75530	528.99083	499.32790
E298	10	1	807.36697	526.08809	460.74312	509.20392
E298	11	0	1104.58716	537.34421	719.50459	531.86949
E298	11	1	982.16514	534.40783	599.13761	523.35400
E298	12	0	1460.15596	570.58238	1057.36697	578.69331
E298	12	1	1398.79817	551.49592	1008.92661	559.90049
E298	13	0	1695.77064	562.50408	1244.89908	578.83687
E298	13	1	1591.25688	546.35400	1162.40367	556.22675
E298	14	0	874.51376	758.01142	458.36697	736.62806
E298	14	1	750.33028	743.03589	335.94495	718.12887
E298	15	0	419.51376	673.70962	147.68807	641.87602
E298	15	1	520.21101	658.14682	275.10092	632.47961
E298	16	0	672.72477	377.70147	488.49541	368.14519
E298	16	1	1003.34862	436.12235	866.09174	438.38989
E298	17	0	1108.61468	552.13866	704.00917	545.32953
E298	17	1	1621.39450	484.40294	1200.81651	497.26591
E298	18	0	907.15596	377.03100	42.27523	327.69984
E298	18	1	1765.57798	161.56607	856.32110	182.03426
E298	19	0	990.86239	570.77325	577.71560	558.82871
E298	19	1	1336.44954	590.64437	988.80734	596.99511
E37	0	0	1237.77778	740.00000	721.38728	695.55556
E37	0	1	1266.66667	904.44444	794.63584	848.88889
E37	1	0	1511.33945	330.55791	1149.72477	338.98695
E37	1	1	1832.80734	321.74878	1481.76147	351.31974
E37	2	0	1492.69725	424.55302	957.17431	432.27732
E37	2	1	1108.50459	162.71126	501.67890	186.99347
E37	3	0	673.02752	241.37031	271.26606	244.01305
E37	3	1	1139.36697	351.60685	636.77064	356.76998
E37	4	0	816.38532	294.98858	391.73394	300.39152
E37	4	1	1240.01835	292.34584	836.50459	306.55791
E37	5	0	812.86239	114.40131	571.40367	139.18434
E37	5	1	1136.09174	180.46982	878.77982	204.37194
E37	6	0	1076.39450	214.94290	659.33945	239.08483
E37	6	1	1463.03670	367.34095	1019.55963	382.67374
E37	7	0	1085.20183	148.87439	905.94495	175.65905
E37	7	1	1405.78899	198.20555	1164.92661	221.99021
E37	8	0	1069.92661	175.30179	679.21101	197.32463
E37	8	1	1625.66972	118.04241	1152.16514	161.20718
E37	9	0	1575.83486	177.06362	1349.18349	206.42088
E37	9	1	1769.15596	150.63622	1509.91743	190.56444
E37	10	0	1042.78899	170.89723	618.27523	199.08646
E37	10	1	1766.75229	410.50571	1205.63303	429.67863
E37	11	0	1133.72477	22.90375	799.68807	58.14029
E37	11	1	1916.47706	272.20228	1335.17431	313.60522
E39	0	0	1081.16505	662.62948	782.91262	649.72112
E39	0	1	1237.46079	722.86853	622.31516	708.52590
E39	1	0	1582.67890	150.63622	1184.79817	104.82871
E39	1	1	1740.33028	77.52039	1336.28440	12.33279
E39	2	0	1097.39450	496.83524	283.59633	477.00816
E39	2	1	1714.78899	412.44046	967.91743	374.75041
E39	3	0	715.71560	157.68352	347.88991	161.20718
E39	3	1	562.46789	84.56770	205.21101	101.30506
E42	0	0	1023.46275	227.68657	417.04092	310.29851
E42	0	1	1021.44806	711.26866	469.42288	687.08955
E42	1	0	723.90871	459.42537	690.18783	482.33582
E42	1	1	823.63589	428.19403	768.76076	445.05970
E42	2	0	424.09234	194.44030	546.28332	278.05970
E42	2	1	480.50367	188.39552	600.67996	272.01493
E42	3	0	896.76705	348.70896	889.82162	382.41791
E42	3	1	945.11962	356.76866	950.26233	381.41045
E42	4	0	374.33578	504.20522	493.88772	527.59701
E42	4	1	433.76915	508.73881	553.82476	529.10821
E42	5	0	1076.74502	268.24627	1050.09444	295.64552
E42	5	1	1157.83631	237.01493	1126.14900	257.36194
E42	6	0	1729.10808	224.05224	1669.67471	201.20896
E42	6	1	1872.15110	197.35448	1836.89402	156.37687
E42	7	0	1675.71878	181.23507	1560.88143	171.48881
E42	7	1	1801.63694	175.19030	1696.36936	150.33209
E42	8	0	535.90766	243.80597	670.89192	306.26866
E42	8	1	739.39140	181.34328	840.12592	239.77612
E42	9	0	1816.74711	393.36567	1774.43861	371.15672
E42	9	1	1740.18888	396.38806	1715.00525	378.71269
E42	10	0	1540.23085	376.74254	1458.63589	371.15672
E42	10	1	1617.79643	361.63060	1528.14271	353.02239
E42	11	0	1036.30115	295.87687	857.71878	329.79104
E42	11	1	1113.86674	306.45522	939.31375	330.79851
E42	12	0	1404.70094	415.47388	1237.01994	413.05970
E42	12	1	1503.92445	420.00746	1337.75446	415.07463
E42	13	0	1493.25918	401.18657	1203.77545	404.78731
E42	13	1	1574.85414	332.67910	1279.32634	339.80597
E42	14	0	1107.39559	41.80970	1234.48374	77.30597
E42	14	1	1286.70304	101.75373	1371.48269	113.07090
E42	15	0	1259.45016	127.30970	1127.59077	153.75373
E42	15	1	1304.27702	130.83582	1176.95068	152.74627
E42	16	0	1640.75866	455.55970	1472.73872	445.29851
E42	16	1	1759.62539	477.22015	1591.60546	465.44776
E42	17	0	372.17524	207.42910	605.26338	293.05224
E42	17	1	411.96537	195.84328	637.49843	278.44403
E42	18	0	499.60441	237.14925	715.56768	301.11194
E42	18	1	540.40189	214.98507	740.75131	280.96269
E42	19	0	1760.83945	394.42164	1506.38405	389.14179
E42	19	1	1617.29276	373.76866	1429.32214	368.48881
E42	20	0	1639.45435	371.49627	1450.92130	364.73881
E42	20	1	1782.49738	393.15672	1528.48688	387.40672
E42	21	0	1330.50997	121.11567	1458.63589	112.83582
E42	21	1	1579.32424	131.19030	1787.03043	78.58209
E42	22	0	1315.17838	126.43657	1122.18258	153.13433
E42	22	1	1408.35782	98.73134	1220.90241	114.85075
E42	23	0	1423.46800	190.41045	1242.82581	231.92164
E42	23	1	1512.11438	144.57090	1327.94648	156.36194
E42	24	0	1291.50577	153.63806	1187.92550	184.57090
E42	24	1	1378.64113	140.03731	1253.40294	153.84328
E42	25	0	462.24974	357.21642	427.75656	403.30597
E42	25	1	589.67891	371.82463	549.64533	412.87687
E42	26	0	732.37985	264.80970	719.84785	323.69030
E42	26	1	820.52256	254.73507	795.39874	305.05224
E42	27	0	431.01679	514.43657	388.85939	535.45149
E42	27	1	531.75131	489.25000	481.03148	515.30224
E42	28	0	340.39874	346.90672	408.84050	404.46269
E42	28	1	426.52676	285.45149	461.72613	357.11194
E42	29	0	673.75866	102.74627	750.88143	183.72388
E42	29	1	605.76285	127.42910	685.40399	208.40672
E42	30	0	189.44806	357.92910	325.27807	419.25000
E42	30	1	305.29276	348.35821	417.95383	410.18284
E42	31	0	374.73242	48.35821	185.35152	169.25373
E42	31	1	533.89297	110.82090	356.60021	211.56716
E42	32	0	423.66842	329.65672	433.15845	392.91045
E42	32	1	541.02413	332.67910	547.99580	374.77612
E42	33	0	217.58657	185.59328	290.75551	349.49627
E42	33	1	311.77335	160.40672	372.35047	320.27985
E42	34	0	177.29276	165.22388	80.58762	278.05970
E42	34	1	360.62959	163.20896	245.79224	265.97015
E42	35	0	534.79224	83.11567	454.82581	189.60821
E42	35	1	641.57083	82.61194	554.55299	182.05224
E42	36	0	642.50577	198.71642	538.54984	270.10075
E42	36	1	758.35047	222.39179	621.15215	282.19030
E42	37	0	643.38825	179.63806	622.44281	256.22015
E42	37	1	753.18888	200.29104	691.94963	268.81343
E42	38	0	352.57083	213.58209	211.54250	296.19403
E42	38	1	509.71668	265.97015	298.17419	350.59701
E42	39	0	571.10178	159.68284	311.71878	251.07463
E42	39	1	662.26653	108.80597	416.98636	208.25746
E42	40	0	294.22246	91.17537	317.15635	211.04478
E42	40	1	422.65897	107.29478	402.78069	218.09701
E42	41	0	663.70514	233.90299	620.23715	295.46642
E42	41	1	767.96537	239.44403	686.72193	300.50373
E42	42	0	641.06925	171.85821	658.07345	247.19776
E42	42	1	759.43232	173.36940	765.35572	235.61194
E42	43	0	903.48269	293.76119	909.90976	327.79478
E42	43	1	997.66946	282.17537	1005.60756	316.20896
E42	44	0	857.64848	163.79851	794.56873	223.52239
E42	44	1	952.33893	163.29478	894.29591	214.45522
E42	45	0	823.66002	198.42164	884.81427	243.01493
E42	45	1	910.29171	230.15672	951.80273	274.24627
E42	46	0	226.16789	191.47388	504.66107	299.73134
E42	46	1	282.57922	204.57090	543.44386	295.70149
E42	47	0	1422.33998	44.32836	1550.39454	24.17910
E42	47	1	1280.80797	88.65672	1390.73033	97.22015
E42	48	0	1147.52781	108.28731	1223.34837	133.99254
E42	48	1	1316.76180	92.67164	1420.28437	94.70149
E42	49	0	639.49843	370.18284	705.30010	403.90299
E42	49	1	814.27282	336.43284	855.89822	367.63433
E42	50	0	940.29696	543.42164	833.75236	544.91791
E42	50	1	1268.18783	474.41045	1104.22455	484.97388
E42	51	0	805.51312	268.48507	802.18258	314.61940
E42	51	1	907.75866	279.56716	901.90976	317.64179
E42	52	0	1893.80902	433.20896	1313.57817	578.28358
E42	52	1	1865.60336	578.28358	1412.29801	445.29851
E42	53	0	1716.78804	192.11194	1613.32529	194.57090
E42	53	1	1799.39035	234.92910	1645.56034	216.23134
E42	54	0	1519.07660	342.53731	1369.98951	338.50746
E42	54	1	1660.10493	374.77612	1488.85624	360.67164
E42	55	0	1643.98741	368.73134	1579.51731	370.74627
E42	55	1	1787.03043	405.00000	1708.45750	409.02985
E42	56	0	1341.78384	241.79104	1237.01994	259.92537
E42	56	1	1438.48898	288.13433	1319.62225	290.14925
E42	57	0	1592.87933	291.63060	1480.79748	286.11940
E42	57	1	1696.93075	355.34701	1559.37041	344.55224
E42	58	0	1736.66317	336.49254	1625.85519	316.34328
E42	58	1	1851.50052	380.82090	1716.51626	362.68657
E42	59	0	1531.16474	312.31343	1454.60651	310.29851
E42	59	1	1631.89927	356.64179	1533.17943	346.56716
E42	60	0	1090.70094	308.42910	1080.70094	328.53358
E42	60	1	1536.67471	193.59328	1547.84470	181.26866
E42	61	0	963.02204	30.22388	853.16055	88.15299
E42	61	1	1788.03778	33.24627	1529.15005	4.02985
E42	62	0	1696.87303	287.29851	1474.74187	283.29851
E42	62	1	1817.75446	363.86567	1545.25603	368.93284
E42	63	0	315.60231	70.01866	573.96222	180.09701
E42	63	1	611.25813	45.33582	775.93494	137.78358
E42	64	0	368.08709	120.39179	603.09444	226.32090
E42	64	1	588.69570	77.57463	797.51207	168.39179
E42	65	0	626.47324	71.24627	855.02833	153.04478
E42	65	1	709.07555	89.88433	927.05352	158.58582
E42	66	0	1150.83316	380.79104	1072.43652	395.41418
E42	66	1	1249.04932	367.19030	1160.07555	379.79851
E42	67	0	1227.27072	75.05597	1382.04617	84.12313
E42	67	1	1323.47219	98.22761	1485.29906	89.66418
E42	68	0	565.06716	406.89552	549.69360	445.05970
E42	68	1	661.77230	356.52239	643.37671	404.25746
E42	69	0	191.39559	556.08955	188.40714	570.63806
E42	69	1	352.06716	520.32463	310.79958	552.00000
E42	70	0	1877.69150	517.83582	1376.03358	499.70149
E42	70	1	606.42183	28.20896	477.48164	143.05970
E42	71	0	365.02099	716.67537	99.22350	693.35448
E42	71	1	748.46905	663.57090	341.13956	647.24627
E42	72	0	1133.74921	359.76119	1111.13221	371.17537
E42	72	1	1469.69885	409.12687	1388.15215	408.45149
E42	73	0	1174.56453	483.58209	759.53830	495.67164
E42	73	1	1047.63903	6.04478	870.34627	50.37313
E42	74	0	376.06191	327.09701	683.36306	383.70896
E42	74	1	661.64428	221.81716	897.42392	276.91791
E42	75	0	36.05142	251.77239	521.47009	334.97761
E42	75	1	363.94229	180.24254	714.88038	265.96642
E42	76	0	148.58342	201.49254	618.77440	310.51493
E42	76	1	407.97482	124.92537	780.95698	223.87313
E42	77	0	187.30010	435.11567	516.95068	476.77985
E42	77	1	329.83945	322.78358	625.24029	387.11567
E42	78	0	237.73347	604.47761	199.45435	612.53731
E42	78	1	197.43966	169.25373	231.68940	288.13433
E42	79	0	550.01049	691.11940	386.82057	683.05970
E42	79	1	1140.31480	118.88060	1009.35992	163.20896
E46	0	0	1060.40367	384.07830	785.55046	434.96411
E46	0	1	1662.82569	232.56117	1510.45872	244.01305
E46	1	0	1152.22018	2.64274	1111.48624	52.85481
E46	1	1	1693.65138	527.51387	1625.83486	509.16803
E46	2	0	818.90826	701.39315	340.84404	694.10440
E46	2	1	1351.48624	413.67537	1158.14679	429.62969
E49	0	0	1601.67891	278.05970	501.65792	276.04478
E49	0	1	1218.88772	239.77612	946.90451	292.16418
E49	1	0	1669.87156	746.40946	1208.00000	774.54160
E49	1	1	1790.97248	656.11582	1304.44037	690.41436
E49	2	0	1663.70642	475.20555	1304.74312	507.13540
E49	2	1	1769.83486	396.80424	1363.31193	431.37684
E49	3	0	1445.60550	524.73246	1194.95413	548.52855
E49	3	1	1525.31193	480.68679	1261.00917	506.68515
E49	4	0	1402.44954	363.14682	1115.44037	385.51713
E49	4	1	1254.92661	410.27569	949.42202	429.56281
E49	5	0	891.06422	824.21697	533.88073	836.26591
E49	5	1	1025.37615	665.21207	641.33028	681.66558
E49	6	0	677.03670	956.02610	494.88073	954.39641
E49	6	1	752.77982	897.44535	577.66972	898.89886
E49	7	0	866.55963	560.92333	736.65138	576.18434
E49	7	1	824.28440	620.38499	688.21101	630.80098
E49	8	0	1539.79817	258.99347	1205.24771	284.44372
E49	8	1	1662.22018	210.54323	1305.21101	244.36215
E49	9	0	50.20183	506.08646	127.00917	508.68352
E49	9	1	96.00000	471.29038	167.96330	476.08972
E49	10	0	212.25688	433.85155	242.82569	441.73409
E49	10	1	263.33945	414.91191	291.26606	423.23491
E49	11	0	261.57798	414.03100	274.97248	418.83034
E49	11	1	290.20183	382.31811	307.11927	393.72431
E49	12	0	317.33028	473.25122	337.49541	474.95759
E49	12	1	351.23853	445.06199	374.48624	448.53018
E49	13	0	360.11927	545.88254	311.35780	548.97879
E49	13	1	410.32110	516.37194	362.88073	521.23002
E49	14	0	310.35780	485.09951	316.20183	492.60033
E49	14	1	338.54128	463.51713	347.02752	468.81566
E49	15	0	342.53211	438.75367	387.93578	449.52855
E49	15	1	305.98165	464.74062	354.46789	470.23002
E49	16	0	285.41284	435.51713	313.98165	441.20881
E49	16	1	321.52294	422.74388	350.53211	431.07830
E49	17	0	1622.51376	145.35073	1260.31193	178.18434
E49	17	1	1498.77064	173.09951	1166.07339	197.56444
E49	18	0	1401.88991	110.99511	1144.49541	131.93638
E49	18	1	1507.57798	91.61501	1232.56881	116.07993
E49	19	0	1478.44954	393.33605	1141.88991	419.94617
E49	19	1	1398.30275	380.56281	1086.84404	404.97064
E49	20	0	937.89908	453.43556	714.90826	463.91028
E49	20	1	851.58716	462.68515	638.72477	478.88581
E49	21	0	739.68807	555.17129	554.32110	566.88581
E49	21	1	811.90826	537.99347	615.97248	547.06525
E49	22	0	580.20183	558.21044	451.59633	565.20881
E49	22	1	645.37615	535.74715	518.09174	543.62643
E49	23	0	552.95413	651.70799	360.46789	655.99184
E49	23	1	616.80734	612.94780	416.83486	622.51713
E49	24	0	1106.40367	217.25775	878.63303	238.13540
E49	24	1	1180.82569	190.38989	954.81651	210.38662
E49	25	0	1041.22936	347.63295	793.76147	363.12561
E49	25	1	1124.89908	307.55139	861.13761	330.09135
E49	26	0	738.47706	529.38499	547.99083	537.61338
E49	26	1	809.81651	502.07667	609.20183	513.38825
E49	27	0	936.16514	265.39804	766.48624	282.52855
E49	27	1	872.75229	290.94454	703.07339	312.92007
E49	28	0	981.52294	198.44861	858.96330	218.66232
E49	28	1	941.44954	225.31648	807.88073	242.44698
E49	29	0	1103.13761	200.59869	889.78899	220.86460
E49	29	1	1173.59633	173.29038	962.00917	193.55628
E49	30	0	267.22018	888.77814	192.04587	870.84829
E49	30	1	386.20183	833.91028	309.18349	823.71941
E49	31	0	857.93578	561.01468	664.27523	572.86297
E49	31	1	934.11927	571.14519	752.78899	586.07667
E49	32	0	439.35780	332.11256	134.09174	345.94290
E49	32	1	742.09174	159.00489	464.80734	179.89070
E49	33	0	1090.07339	243.18271	863.33028	266.29038
E49	33	1	1303.65138	159.05546	1071.18349	175.99674
E49	34	0	370.25688	499.67047	256.47706	505.75367
E49	34	1	451.28440	464.87439	331.77982	470.95759
E49	35	0	425.30275	486.22838	346.46789	495.04078
E49	35	1	527.46789	447.02773	434.54128	458.48287
E49	36	0	348.72477	415.25449	294.11009	420.60033
E49	36	1	444.28440	355.35237	392.75229	367.30506
E49	37	0	1112.77982	463.12398	846.73394	485.06362
E49	37	1	1245.77982	448.08972	972.88073	472.29201
E49	38	0	1252.71560	345.52692	554.23853	368.70799
E49	38	1	1435.02752	260.51876	685.90826	296.91354
E49	39	0	141.79817	308.18434	195.84404	323.09951
E49	39	1	249.68807	276.91191	285.23853	294.91028
E49	40	0	535.57798	129.93475	566.02752	152.94617
E49	40	1	476.12844	151.07667	515.38532	174.08809
E49	41	0	1464.19266	412.02936	1109.25688	439.62480
E49	41	1	1597.18349	401.45840	1200.41284	431.69657
E49	42	0	443.69725	194.68189	358.45872	216.70473
E49	42	1	770.44954	3.52365	646.45872	17.61827
E49	43	0	1368.66055	357.65090	865.75229	384.51713
E49	43	1	879.46789	408.20555	537.29358	424.70473
E49	44	0	797.27523	209.65742	607.78899	230.79935
E49	44	1	343.69725	326.81892	190.23853	342.79445
E49	45	0	1063.12844	575.74388	658.96330	589.99511
E49	45	1	796.33945	434.77814	561.33028	450.29853
E49	46	0	1150.18349	317.48287	854.34862	340.72268
E49	46	1	790.54128	404.43393	515.70642	422.64763
E49	47	0	1324.23853	45.80750	986.42202	68.71126
E49	47	1	739.79817	371.44046	346.12844	390.36868
E49	48	0	994.11927	611.15171	581.19266	633.65416
E49	48	1	1686.60550	75.75856	1237.37615	111.87602
E49	49	0	1067.34862	184.99184	795.71560	205.25285
E49	49	1	498.49541	380.98695	141.79817	385.43883
E49	50	0	557.26606	374.51060	228.99083	377.05873
E49	50	1	1295.44954	389.24959	920.36697	412.29527
E49	51	0	1222.45872	736.44372	697.04587	763.02936
E49	51	1	811.62385	395.00489	476.94495	415.60033
E79	0	0	431.25688	702.98042	464.67890	693.98206
E79	0	1	931.18349	755.54160	744.08257	761.42088
E79	1	0	257.56881	256.53997	352.95413	319.05383
E79	1	1	367.66055	278.56281	453.35780	331.38662
E79	2	0	289.31193	290.30506	396.46789	348.15987
E79	2	1	373.86239	301.75693	476.17431	350.80261
E79	3	0	592.55046	300.04405	669.99083	332.49429
E79	3	1	1230.62385	585.76672	1413.25688	586.94943
E79	4	0	740.66972	463.50571	596.16514	474.33768
E79	4	1	668.44954	462.62480	549.92661	475.65905
E79	5	0	737.58716	511.95595	590.44037	517.50245
E79	5	1	641.14679	518.56281	510.29358	527.19250
E79	6	0	787.34862	515.47961	643.28440	521.90701
E79	6	1	707.20183	498.30179	589.11927	506.93148
E79	7	0	800.55963	412.85318	682.03670	423.24470
E79	7	1	705.44037	393.91354	604.09174	410.91191
E79	8	0	826.98165	353.39152	726.95413	366.86623
E79	8	1	746.83486	349.42741	654.29358	365.98532
E79	9	0	910.21101	346.78467	804.01835	354.53344
E79	9	1	836.22936	328.72594	730.47706	343.08157
E79	10	0	816.70642	456.08809	681.25688	463.26754
E79	10	1	750.65138	438.46982	627.97248	451.81566
E79	11	0	824.77064	289.10277	851.32110	302.69821
E79	11	1	762.23853	271.92496	772.05505	292.56770
E79	12	0	754.75229	301.87602	806.40367	322.95922
E79	12	1	697.06422	290.42414	739.02752	315.91191
E79	13	0	771.48624	322.13703	835.90826	337.93475
E79	13	1	704.11009	312.88744	757.52294	336.17292
E79	14	0	61.65138	545.10767	342.29358	566.92985
E79	14	1	174.38532	555.63295	407.02752	574.85808
E79	15	0	1435.64220	658.20881	1414.09174	655.96737
E79	15	1	1342.72477	630.01958	1307.52294	624.25449
E79	16	0	774.15596	579.86297	880.06422	584.35073
E79	16	1	1062.67890	582.94617	1113.89908	582.58891
E79	17	0	769.74312	598.30016	805.26606	604.85155
E79	17	1	343.77064	579.51713	399.77064	592.32626
E89	0	0	1498.10526	263.04450	817.45072	282.61682
E89	0	1	1561.26316	584.26230	840.15769	590.46729
E89	1	0	1710.35780	627.76672	1691.44954	637.46982
E89	1	1	1672.04587	624.24307	1651.37615	635.26754
E89	2	0	1621.84404	648.46819	1604.69725	657.73083
E89	2	1	1587.93578	644.94454	1574.31193	651.56444
E89	3	0	1463.64220	577.90049	1477.87156	582.41272
E89	3	1	1435.89908	581.42414	1447.92661	585.49592
E89	4	0	1754.42202	662.37357	1748.69725	677.57586
E89	4	1	1706.42202	663.69494	1702.45872	674.93312
E89	5	0	1420.69725	567.22186	1376.35780	569.76509
E89	5	1	1392.07339	558.85318	1352.57798	562.71778
E89	6	0	1550.00000	589.58891	1558.12844	595.75530
E89	6	1	1530.18349	582.98206	1535.66972	589.14845
E89	7	0	1406.22936	611.75367	1411.90826	612.88744
E89	7	1	1380.68807	601.62316	1388.12844	601.87602
E89	8	0	351.70642	735.08320	336.54128	686.36052
E89	8	1	408.61468	748.24796	375.37615	691.59869
E89	9	0	1446.40367	653.78956	1406.34862	654.49266
E89	9	1	1417.77982	645.86134	1376.40367	645.68352
E89	10	0	1684.84404	657.71778	1619.02752	668.43393
E89	10	1	1719.19266	647.58728	1657.77982	659.62480
E89	11	0	429.09174	689.14682	447.80734	649.06525
E89	11	1	387.69725	659.63622	407.29358	622.19739
E89	12	0	253.56881	393.49429	262.95413	386.98206
E89	12	1	295.40367	414.19576	300.38532	404.60033
E89	13	0	984.77064	561.55465	823.85321	550.87439
E89	13	1	946.01835	553.18597	791.70642	542.50571
E89	14	0	1237.96330	880.61175	815.97248	848.06362
E89	14	1	1322.07339	845.81566	878.50459	822.95759
E89	15	0	449.50459	685.22023	430.77064	645.62480
E89	15	1	518.20183	690.50571	483.17431	653.11256
E89	16	0	417.78899	621.70799	474.72477	589.69657
E89	16	1	453.45872	625.67210	505.99083	593.66069
E89	17	0	575.88073	653.86134	568.52294	623.17129
E89	17	1	539.77064	640.64763	539.01835	609.51713
E89	18	0	633.12844	633.15987	622.24771	606.43393
E89	18	1	602.74312	624.35073	600.22936	596.30343
E89	19	0	261.13761	655.55302	296.36697	613.27896
E89	19	1	215.33945	651.14845	262.01835	610.19576
E89	20	0	1039.25688	601.93475	1026.98165	592.81403
E89	20	1	1069.20183	611.18434	1056.04587	598.98042
E89	21	0	617.17431	0.88091	417.28440	22.90375
E89	21	1	264.64220	3.08320	74.42202	11.89233
E89	22	0	1541.67890	361.32626	1224.25688	378.91028
E89	22	1	1196.89908	365.25449	926.47706	371.20718
E89	23	0	900.68807	161.14845	647.91743	184.10114
E89	23	1	588.76147	172.36215	376.72477	190.23165
E89	24	0	475.98165	87.21044	275.00000	109.67374
E89	24	1	813.06422	137.86297	607.91743	162.08809
E89	25	0	1810.34862	655.86134	1540.04587	662.64763
E89	25	1	1881.24771	635.60033	1592.44954	644.58891
E89	26	0	1791.41284	700.34747	1489.84404	702.72920
E89	26	1	1869.79817	705.19250	1540.92661	708.45514
E89	27	0	1863.63303	770.12398	1584.02752	768.82545
E89	27	1	1786.12844	747.22023	1530.30275	747.24307
E89	28	0	400.72477	885.73899	140.03670	826.46982
E89	28	1	322.77982	860.63295	51.08257	805.76835
E89	29	0	325.92661	766.17292	209.00000	712.57912
E89	29	1	388.89908	767.05383	265.36697	717.42414
E89	30	0	1744.73394	562.81403	1773.35780	578.95759
E89	30	1	1857.02752	559.29038	1901.06422	577.19576
E89	31	0	1655.77982	361.12072	1606.01835	377.52855
E89	31	1	1885.65138	289.76672	1815.63303	314.10277
E89	32	0	1523.22936	351.43067	1457.61468	367.39804
E89	32	1	1707.30275	306.94454	1624.07339	329.07830
E89	33	0	1655.33945	420.99184	1572.55046	438.88581
E89	33	1	1894.01835	389.27896	1776.88073	412.89886
E89	34	0	1633.60550	507.80261	1551.85321	517.72757
E89	34	1	1861.27523	474.76835	1755.30275	493.94290
E89	35	0	1413.62385	450.88418	1373.24771	459.75530
E89	35	1	1591.53211	426.21860	1534.42202	440.81566
E89	36	0	1285.03670	392.74388	1241.13761	402.49592
E89	36	1	1439.16514	352.66232	1374.12844	366.37847
E89	37	0	1278.87156	449.56281	1260.95413	454.02936
E89	37	1	1400.41284	438.55139	1376.77064	448.30343
E89	38	0	1127.69725	519.61338	1119.60550	517.60033
E89	38	1	1255.84404	528.86297	1237.18349	530.37357
E89	39	0	900.50459	498.06199	932.00917	492.05383
E89	39	1	1006.19266	503.34747	1026.24771	499.10114
E89	40	0	1034.37615	424.50571	1017.00000	426.86623
E89	40	1	922.96330	433.75530	921.88073	433.91354
E89	41	0	309.45872	459.35073	334.96330	444.48287
E89	41	1	125.38532	441.29201	149.72477	427.83850
E89	42	0	293.28440	390.38662	348.77064	385.11419
E89	42	1	165.57798	344.13866	221.06422	344.15171
E89	43	0	685.12844	487.36215	706.40367	476.63622
E89	43	1	799.18349	464.89886	799.32110	459.01794
E89	44	0	500.29358	386.08809	557.11927	382.06362
E89	44	1	411.33945	364.06525	464.20183	363.56444
E89	45	0	273.90826	199.96737	157.65138	216.70473
E89	45	1	527.55963	346.19902	435.08257	344.43719
E89	46	0	534.98165	355.72757	491.44954	357.65090
E89	46	1	711.12844	396.24959	664.07339	392.88744
E89	47	0	1037.88073	401.53507	1028.72477	403.53507
E89	47	1	905.77064	378.63132	915.99083	386.79772
E89	48	0	564.16514	430.20228	568.07339	425.55791
E89	48	1	394.22936	364.25612	409.45872	361.32626
E89	49	0	688.67890	290.45677	658.73394	297.94454
E89	49	1	534.11009	231.43556	501.96330	245.53018
E89	50	0	862.56881	438.02773	840.33945	434.35073
E89	50	1	750.71560	413.36215	729.80734	412.76835
E89	51	0	839.66972	390.89886	835.05505	392.06688
E89	51	1	730.89908	348.17455	728.92661	351.10440
E89	52	0	789.91743	506.39804	837.70642	499.18434
E89	52	1	882.39450	552.64600	922.69725	539.26591
E89	53	0	1493.44954	485.53997	1386.63303	492.77814
E89	53	1	1679.28440	440.17292	1535.91743	454.45840
E89	54	0	285.73394	487.93475	59.44954	465.47308
E89	54	1	551.20183	607.58891	378.71560	580.43230
E89	55	0	537.32110	328.77814	370.69725	332.59054
E89	55	1	691.36697	430.10114	564.89908	423.76509
E89	56	0	892.99083	317.12887	722.44954	325.05710
E89	56	1	693.06422	140.94617	486.41284	164.73083
E89	57	0	1106.12844	304.79608	945.27523	314.48613
E89	57	1	877.13761	178.82545	716.28440	199.96737
E89	58	0	1299.00917	264.27406	1168.10092	281.89233
E89	58	1	1128.14679	155.04078	990.19266	180.58728
E89	59	0	885.94495	483.62153	849.27523	477.45514
E89	59	1	724.77064	420.19576	690.74312	419.31485
E89	60	0	775.91743	691.03589	654.85321	669.01142
E89	60	1	575.11009	656.68026	444.35780	627.60848
E89	61	0	652.88991	443.53997	577.38532	436.11256
E89	61	1	474.10092	355.88907	380.54128	355.50897
E89	62	0	937.52294	533.10930	856.15596	524.35073
E89	62	1	778.99083	449.42251	688.37615	445.06852
E89	63	0	1238.33028	431.78793	1163.88991	435.76346
E89	63	1	1092.56881	353.38662	1010.20183	360.88581
E89	64	0	1361.19266	258.24796	1280.14679	275.43719
E89	64	1	1475.59633	314.00489	1408.73394	329.17292
E89	65	0	1215.93578	578.09951	1164.66972	578.48940
E89	65	1	1083.38532	520.39967	1035.20183	517.26591
E89	66	0	935.40367	641.12398	872.20183	623.22023
E89	66	1	747.80734	602.36378	697.37615	582.69821
E89	67	0	669.42202	674.89723	649.81651	645.24307
E89	67	1	517.49541	595.61501	512.04587	569.12561
E89	68	0	1023.32110	551.94617	943.20183	544.62480
E89	68	1	859.06422	474.42577	774.98165	467.98532
E89	69	0	761.81651	482.07341	688.45872	473.44209
E89	69	1	605.04587	392.22023	514.95413	391.51713
E89	70	0	727.23853	678.06199	700.14679	647.60033
E89	70	1	572.66972	618.60033	555.70642	591.22186
E89	71	0	689.24771	706.81403	594.66972	668.91843
E89	71	1	255.85321	569.60848	250.74312	539.42414
E89	72	0	154.56881	539.61175	303.16514	514.15987
E89	72	1	265.10092	511.42251	395.20183	489.05383
E89	73	0	1193.35780	718.25449	1053.77064	703.72104
E89	73	1	1458.89908	711.64763	1286.72477	708.56607
E89	74	0	777.89908	807.77814	653.25688	769.45677
E89	74	1	847.47706	798.96900	715.34862	762.40946
E89	75	0	960.08257	904.08809	710.71560	864.31485
E89	75	1	882.13761	894.83850	628.80734	853.74388
E89	76	0	425.80734	674.53507	499.52294	636.89233
E89	76	1	463.38532	655.15498	532.11009	618.39315
E89	77	0	1053.20183	743.73409	983.76147	722.13866
E89	77	1	1101.93578	731.40131	1028.09174	713.03589
E89	78	0	781.57798	682.18434	688.95413	653.74388
E89	78	1	730.49541	690.99347	638.31193	661.23165
E89	79	0	706.81651	922.14682	370.76147	868.56607
E89	79	1	807.23853	951.08809	465.10092	901.68352
E89	80	0	318.38532	807.46982	219.25688	753.25612
E89	80	1	412.18349	797.33931	300.72477	744.00653
E89	81	0	1111.28440	906.62153	750.98165	870.17129
E89	81	1	1042.58716	852.00489	695.49541	817.75693
E89	82	0	947.81651	628.71778	963.61468	616.32790
E89	82	1	907.30275	619.90865	928.38532	603.40783
E89	83	0	526.73394	585.56444	222.82569	559.33768
E89	83	1	469.48624	575.43393	139.59633	545.24307
E89	84	0	1443.44037	346.74388	1420.53211	363.08809
E89	84	1	1632.35780	326.04241	1579.94495	344.58891
E93	0	0	1188.70799	628.20717	808.72293	642.54980
E93	0	1	1309.15609	672.66932	683.97311	698.48606
E93	1	0	859.25688	855.65416	656.59633	864.46330
E93	1	1	906.81651	869.74878	709.73394	881.49429
E93	2	0	495.86239	818.99511	293.81651	815.22512
E93	2	1	561.91743	807.83687	363.10092	807.59054
E93	3	0	1209.70642	583.50408	1133.01835	603.55139
E93	3	1	1170.66055	551.49755	1098.08257	569.78303
E93	4	0	527.76147	440.52692	634.41284	446.37684
E93	4	1	472.27523	435.24144	584.50459	441.97227
E93	5	0	1220.59633	515.36868	1158.98165	531.23980
E93	5	1	1243.49541	507.44046	1180.70642	525.36705
E93	6	0	1049.87156	535.82871	967.24771	551.20881
E93	6	1	1071.00917	523.20228	991.02752	538.87602
E93	7	0	1133.83486	536.41599	1088.20183	553.85155
E93	7	1	1151.15596	523.49592	1104.93578	540.34421
E93	8	0	1002.73394	748.02610	820.07339	763.94780
E93	8	1	726.49541	712.20881	519.22018	720.82055
E93	9	0	1865.98165	423.17781	1429.41284	459.81403
E93	9	1	1776.14679	451.07341	1364.23853	481.83687
E93	10	0	1465.05505	682.75204	1511.83486	715.01142
E93	10	1	1516.72477	671.30016	1565.55963	704.73409
E93	11	0	1579.88073	742.51060	1618.23853	780.14682
E93	11	1	1668.83486	734.87602	1719.52294	778.97227
E93	12	0	800.08257	711.86134	657.59633	718.23328
E93	12	1	844.11927	687.19576	706.91743	696.21044
E93	13	0	533.09174	437.63948	452.11009	447.40131
E93	13	1	572.43119	457.31321	490.56881	466.78140
E93	14	0	1889.76147	669.74225	1423.00917	702.02773
E93	14	1	1818.12844	640.67210	1361.06422	674.42577
E93	15	0	1575.36697	715.00326	1130.24771	748.42414
E93	15	1	1661.09174	683.29038	1197.77064	716.41762
E93	16	0	993.65138	841.66232	669.74312	854.72594
E93	16	1	893.54128	822.28222	568.75229	830.94127
E93	17	0	208.27523	617.59869	138.44954	613.46330
E93	17	1	276.97248	625.82055	219.47706	622.27243
E93	18	0	1350.72477	92.20228	1073.06422	113.55954
E93	18	1	1300.81651	92.20228	1034.01835	112.97227
E93	19	0	1011.25688	322.25775	926.59633	337.32953
E93	19	1	1034.15596	330.77325	947.73394	345.84502
E93	20	0	1189.98165	458.70147	1107.05505	476.62153
E93	20	1	1173.54128	453.12235	1094.13761	469.86786
E93	21	0	1416.75229	487.13866	1319.88991	508.86134
E93	21	1	1438.18349	496.82871	1342.45872	519.86134
E93	22	0	598.83486	102.11582	560.98165	122.74878
E93	22	1	622.61468	115.91680	585.34862	137.13703
E93	23	0	550.68807	62.47471	544.24771	83.10767
E93	23	1	569.47706	44.85644	563.62385	68.42577
E93	24	0	935.11009	124.53507	875.49541	140.53507
E93	24	1	960.35780	127.17781	899.86239	143.17781
E93	25	0	1810.78899	179.77325	1460.22018	217.51060
E93	25	1	1741.50459	160.68679	1413.24771	192.84502
E93	26	0	735.70642	769.32300	272.07339	781.05383
E93	26	1	1244.17431	738.70799	885.37615	762.55139
E93	27	0	909.72477	530.38499	813.38532	545.02610
E93	27	1	961.68807	526.56770	866.52294	541.20881
E93	28	0	725.98165	620.30506	662.44037	627.09788
E93	28	1	767.96330	620.01142	701.48624	628.56607
E93	29	0	400.43119	306.69168	436.90826	321.02284
E93	29	1	520.93578	345.62969	558.74312	357.72757
E93	30	0	520.34862	390.26264	554.92661	398.24959
E93	30	1	621.09174	414.45514	659.73394	421.44698
E93	31	0	760.41284	556.03589	531.96330	566.75856
E93	31	1	504.99083	488.78793	277.60550	498.08320
E93	32	0	524.20183	410.73409	140.05505	419.35237
E93	32	1	838.33945	657.89233	484.62385	668.86134
E93	33	0	222.76147	501.47961	349.62385	503.97879
E93	33	1	375.48624	515.07341	479.67890	518.95432
E93	34	0	851.91743	649.26591	611.85321	655.98695
E93	34	1	1024.99083	506.74715	815.69725	520.01794
E93	35	0	135.30275	574.77977	255.60550	569.20228
E93	35	1	236.00000	558.33605	341.91743	554.81403
E93	36	0	859.94495	622.08809	928.19266	631.49266
E93	36	1	816.78899	593.01794	889.00000	602.42251
E93	37	0	488.04587	557.80587	591.28440	559.11419
E93	37	1	545.88073	565.73409	643.83486	568.51060
E93	38	0	566.43119	583.93964	666.44037	587.59706
E93	38	1	615.45872	588.63785	714.00000	593.46982
E93	39	0	1238.05505	567.92333	1228.98165	587.56607
E93	39	1	1104.47706	514.77488	1099.04587	528.91517
E93	40	0	414.34862	516.82871	388.21101	519.25449
E93	40	1	590.05505	444.59380	561.71560	452.74551
E93	41	0	1428.16514	786.76835	1110.82569	816.77814
E93	41	1	1765.87156	683.78956	1532.96330	719.43393
E93	42	0	794.30275	595.81403	719.94495	604.72104
E93	42	1	1118.45872	558.15824	1044.49541	575.65090
E93	43	0	1406.87156	860.86297	827.22936	886.67210
E93	43	1	651.90826	664.43393	172.62385	676.31485
E93	44	0	1284.14679	626.49103	1173.49541	648.84992
E93	44	1	952.55046	648.75367	848.50459	660.30179
E93	45	0	176.58716	638.23165	192.88073	630.83850
E93	45	1	537.94495	614.74388	536.43119	618.84992
E93	46	0	964.22936	1017.16150	582.37615	1030.96248
E93	46	1	906.98165	1053.57259	502.22936	1058.85808
E93	47	0	636.81651	1017.45514	311.18349	1024.79608
E93	47	1	706.68807	1040.35889	382.52294	1051.81077
E93	48	0	1749.13761	674.77977	1581.79817	711.77814
E93	48	1	759.65138	210.29201	780.22018	227.38662
M03	0	0	1398.95413	858.27896	374.46789	870.61175
M03	0	1	1542.32110	886.12235	251.16514	906.72920
M03	1	0	546.90826	200.84829	745.98165	204.37194
M03	1	1	785.58716	246.65579	963.52294	247.53670
M03	2	0	1032.88073	270.44046	1111.48624	262.51223
M03	2	1	1377.24771	339.15171	1497.24771	329.46166
M03	3	0	25.68730	427.70522	463.03148	418.51119
M03	3	1	126.42183	408.56343	534.04932	403.39925
M03	4	0	680.57293	524.88806	739.96222	521.04478
M03	4	1	1025.58867	530.93284	1091.03778	528.66045
M03	5	0	1206.79958	515.82090	1158.44701	521.86567
M03	5	1	1639.95803	529.92537	1597.64953	542.01493
M03	6	0	852.21101	386.81566	1161.94495	377.48287
M03	6	1	1027.03670	407.51713	1353.06422	399.94617
M03	7	0	1075.91743	404.87439	1444.66055	389.37520
M03	7	1	1240.81651	379.78956	1629.48624	361.33931
M03	8	0	815.59633	186.31321	873.38532	185.58891
M03	8	1	1233.49541	236.86134	1286.65138	222.54323
M03	9	0	1067.35152	485.51866	1509.58342	478.66045
M03	9	1	1135.85100	492.57090	1579.59391	485.20896
M03	10	0	874.47324	387.45149	1275.54669	376.16791
M03	10	1	1072.41658	392.99254	1481.04512	382.21269
M03	11	0	1740.33028	865.93801	1203.80734	896.76998
M03	11	1	898.27523	470.77162	711.02752	474.10277
M03	12	0	678.08257	312.72431	752.92661	310.96248
M03	12	1	1302.41284	224.63295	1402.02752	207.01468
M03	13	0	935.02099	484.27612	1169.33368	476.82463
M03	13	1	1190.88667	444.48134	1449.87933	436.02239
M03	14	0	1031.52151	828.13433	854.22875	830.14925
M03	14	1	1694.35467	759.62687	1476.76810	793.88060
M03	15	0	163.18993	187.38806	477.48164	199.47761
M03	15	1	493.59916	241.79104	781.69990	251.86567
M03	16	0	96.70514	787.83582	153.11647	777.76119
M03	16	1	1051.66842	777.76119	1029.50682	787.83582
M03	17	0	1017.41868	449.32836	1160.46170	447.31343
M03	17	1	1533.17943	521.86567	1666.14900	544.02985
M03	18	0	225.64533	243.80597	215.57188	261.94030
M03	18	1	914.66946	290.14925	940.86044	288.13433
M03	19	0	219.60126	820.07463	187.36621	781.79104
M03	19	1	938.84575	425.14925	795.80273	421.11940
M03	20	0	902.58132	427.16418	1029.50682	421.11940
M03	20	1	1378.04827	455.37313	1509.00315	455.37313
M03	21	0	161.17524	257.91045	139.01364	272.01493
M03	21	1	874.37566	276.04478	904.59601	286.11940
M03	22	0	477.48164	677.01493	300.18888	642.76119
M03	22	1	1605.70829	570.22388	1331.71039	600.44776
M03	23	0	163.18993	654.85075	322.35047	628.65672
M03	23	1	570.15740	620.59701	765.58237	598.43284
M03	24	0	1110.09444	550.07463	1186.65268	556.11940
M03	24	1	1502.95908	487.61194	1710.47219	493.65672
M03	25	0	334.47324	510.64552	754.43652	496.08209
M03	25	1	477.51626	530.79478	885.89507	514.21642
M03	26	0	220.78909	274.61940	421.07030	276.04478
M03	26	1	688.24449	369.98507	880.50157	366.47388
M03	27	0	586.27492	344.55224	674.92130	342.53731
M03	27	1	1192.69675	471.49254	1243.06401	455.37313
M03	28	0	944.07240	567.43657	1149.51417	562.08955
M03	28	1	1223.10703	594.63806	1434.59286	607.92910
M03	29	0	954.96327	737.46269	755.50892	745.52239
M03	29	1	1740.69255	666.94030	1559.37041	697.16418
M06	0	0	1756.18349	609.46982	1490.34862	633.19739
M06	0	1	1206.76147	616.51550	992.11009	622.63458
M06	1	0	473.66972	599.18108	295.48624	571.00489
M06	1	1	960.80734	525.86297	732.46789	516.95759
M06	2	0	1683.96330	845.67700	1305.24771	854.48613
M06	2	1	964.86239	783.29201	618.19266	780.07667
M06	3	0	1220.29358	874.88744	871.39450	877.51713
M06	3	1	1708.62385	676.66232	1299.44037	695.31485
M06	4	0	1358.28440	832.92333	1028.73394	837.86297
M06	4	1	1820.03670	706.11256	1454.17431	725.26591
M06	5	0	894.73394	604.31648	731.22936	598.69494
M06	5	1	600.55046	547.75204	420.68807	531.94617
M06	6	0	1478.61468	557.37520	1067.55046	562.32790
M06	6	1	724.11927	468.99511	441.77064	459.49429
M06	7	0	1371.81651	653.45840	1007.92661	656.88744
M06	7	1	709.54128	688.05220	464.02752	662.26754
M06	8	0	1092.47706	49.77162	1071.77982	52.85481
M06	8	1	734.89908	109.67374	726.37615	111.34095
M06	9	0	643.27523	559.39804	601.77064	546.52855
M06	9	1	879.75229	575.69494	840.00917	570.31321
M06	10	0	906.57798	648.80098	894.18349	646.31485
M06	10	1	1120.15596	615.76672	1104.23853	626.05383
M06	11	0	1588.29358	233.52692	1455.14679	250.71778
M06	11	1	1264.71560	71.99837	1147.77064	77.61827
M06	12	0	1405.83486	340.66069	1065.61468	344.98206
M06	12	1	950.73394	407.04078	722.12844	404.00326
M06	13	0	1140.07339	516.02936	1029.38532	517.21860
M06	13	1	1442.33945	425.05220	1272.02752	430.88907
M06	14	0	1095.24771	348.95595	805.59633	343.07830
M06	14	1	1413.03670	512.11256	1187.15596	517.60033
M06	15	0	552.59633	356.33605	597.70642	353.14682
M06	15	1	728.69725	411.60033	765.04587	411.72757
M06	16	0	1661.20183	338.13377	1650.56881	353.69657
M06	16	1	1386.31193	405.62643	1371.48624	422.07667
M06	17	0	1647.33945	515.49429	1269.93578	530.67210
M06	17	1	1016.49541	523.01631	591.81651	508.68352
M06	18	0	1127.68807	643.42251	768.82569	638.39804
M06	18	1	585.53211	605.64600	206.88991	577.94617
M06	19	0	395.51376	491.84992	357.01835	470.17129
M06	19	1	679.56881	444.54323	644.13761	435.81566
M06	20	0	929.66055	298.37357	961.33028	301.07667
M06	20	1	767.16514	284.27896	784.30275	283.01794
M06	21	0	1701.62385	624.82708	1764.55046	664.92170
M06	21	1	1512.70642	606.32790	1567.26606	638.93475
M06	22	0	1447.78899	348.88418	1487.49541	366.57749
M06	22	1	1298.50459	304.39804	1315.75229	315.48450
M06	23	0	1464.50459	558.55302	1428.73394	581.70799
M06	23	1	1765.71560	530.36378	1729.32110	563.26754
M06	24	0	566.66972	665.72920	495.93578	642.68515
M06	24	1	838.37615	662.20555	772.92661	657.66069
M06	25	0	692.24771	579.07667	729.88991	572.02936
M06	25	1	536.35780	553.97064	589.01835	542.39641
M06	26	0	849.89908	397.06525	803.47706	396.17292
M06	26	1	652.61468	449.47961	632.17431	442.86134
M06	27	0	1040.19266	629.29038	984.26606	634.22023
M06	27	1	1285.51376	617.88581	1207.09174	633.77977
M06	28	0	377.66055	513.88418	374.08257	497.38662
M06	28	1	655.99083	579.25285	631.69725	569.62153
M06	29	0	1640.69725	546.62480	1348.65138	565.23165
M06	29	1	672.11927	193.02936	147.96330	151.94780
M07	0	0	1398.55046	703.60685	612.48624	697.77162
M07	0	1	1279.65138	680.70310	709.36697	673.98695
M07	1	0	1125.87093	322.53358	1537.05037	321.30224
M07	1	1	1219.55404	340.16418	1640.80693	334.90299
M07	2	0	1498.92970	783.80597	1595.63484	769.70149
M07	2	1	1198.74082	799.92537	1289.40189	783.80597
M07	3	0	699.09759	749.55224	775.65582	717.31343
M07	3	1	207.51312	797.91045	352.57083	747.53731
M07	4	0	835.31899	866.64925	947.21196	828.13433
M07	4	1	981.88772	834.91418	1119.46800	811.51119
M07	5	0	767.59706	1019.55224	64.47009	967.16418
M07	5	1	971.08080	249.85075	826.02308	296.19403
M07	6	0	96.70514	405.00000	346.52676	465.44776
M07	6	1	489.56978	130.97015	560.08395	225.67164
M08	0	0	1550.09174	703.24796	452.99083	675.17945
M08	0	1	1557.13761	794.86297	449.46789	765.91354
M08	1	0	1521.09129	370.74627	1378.04827	380.82090
M08	1	1	1893.80902	310.29851	1684.28122	326.41791
M08	2	0	840.12592	177.31343	463.37880	165.22388
M08	2	1	1170.53515	175.29851	832.06716	167.23881
M08	3	0	451.29066	302.23881	278.02728	282.08955
M08	3	1	703.12697	334.47761	541.95173	332.46269
M08	4	0	640.67156	556.11940	12.08814	501.71642
M08	4	1	1075.84470	463.43284	572.17209	455.37313
M08	5	0	433.15845	310.29851	302.20357	302.23881
M08	5	1	674.92130	390.89552	519.79014	374.77612
M08	6	0	51.37461	490.83582	179.10913	458.91045
M08	6	1	229.67471	482.27239	328.19622	459.91791
M08	7	0	168.66422	416.00746	279.32529	400.53358
M08	7	1	270.40609	402.40672	376.03043	387.43657
M08	8	0	264.87723	169.35448	207.38930	156.94030
M08	8	1	508.15110	164.31716	450.15950	160.97015
M08	9	0	370.70304	173.28358	233.70409	153.13433
M08	9	1	666.86254	189.40299	552.02518	179.32836
M08	10	0	90.66107	203.50746	32.23505	185.37313
M08	10	1	346.52676	233.73134	318.32109	229.70149
M08	11	0	747.45016	195.44776	672.90661	187.38806
M08	11	1	928.77230	193.43284	860.27282	177.31343
M08	12	0	783.48793	252.38060	738.14586	250.48507
M08	12	1	975.89087	182.36194	930.04512	184.49627
M08	13	0	530.94019	543.69776	496.52361	525.56716
M08	13	1	707.22560	549.74254	669.28332	540.67910
M08	14	0	262.89612	526.03731	365.62749	506.17164
M08	14	1	391.83631	553.74254	475.93179	536.89925
M08	15	0	590.25708	433.19403	494.31899	417.42910
M08	15	1	854.18153	471.98134	758.74711	463.26866
M08	16	0	218.80378	459.02985	345.00525	438.49254
M08	16	1	312.48688	403.11567	420.55614	393.15672
M08	17	0	698.79643	544.64925	325.48059	515.39925
M08	17	1	1068.44596	547.60821	694.58972	539.62687
M08	18	0	146.84470	280.60075	209.34103	274.23134
M08	18	1	393.64428	313.84701	442.03778	307.98134
M08	19	0	676.93599	679.02985	378.76180	648.80597
M08	19	1	1089.94753	656.86567	819.97901	648.80597
M08	20	0	415.02623	378.80597	88.64638	326.41791
M08	20	1	725.28856	517.83582	473.45226	501.71642
M08	21	0	556.05456	626.64179	60.44071	606.49254
M08	21	1	910.64008	592.38806	564.11333	580.29851
M08	22	0	866.31689	652.83582	445.24659	630.67164
M08	22	1	1220.90241	783.80597	821.99370	777.76119
M08	23	0	888.47849	461.41791	505.68730	437.23881
M08	23	1	1367.97482	261.94030	954.96327	253.88060
M08	24	0	1267.87723	577.46642	1083.51417	585.39179
M08	24	1	1533.31270	610.20896	1330.31375	627.20149
M08	25	0	1095.88877	499.47388	1086.95488	505.56343
M08	25	1	1279.39874	507.48881	1274.61910	522.42537
M08	26	0	205.14586	514.33582	289.54250	490.11194
M08	26	1	354.23295	508.79478	428.05247	490.11194
M08	27	0	1154.90661	482.62687	1043.28227	495.27985
M08	27	1	1390.62539	512.34701	1235.18153	520.46642
M08	28	0	1722.56034	30.22388	537.92235	40.29851
M08	28	1	1476.76810	92.68657	276.01259	60.44776
M08	29	0	1543.25289	217.61194	753.49423	209.55224
M08	29	1	1392.15110	282.08955	634.62749	267.98507
M08	30	0	981.15425	235.74627	80.58762	239.77612
M08	30	1	1154.41763	223.65672	273.99790	241.79104
M08	31	0	981.15425	372.76119	181.32214	368.73134
M08	31	1	1104.05037	413.05970	322.35047	411.04478
M08	32	0	1235.00525	292.16418	354.58552	274.02985
M08	32	1	1357.90136	334.47761	487.55509	322.38806
M08	33	0	1239.03463	108.80597	108.79328	48.35821
M08	33	1	1442.51836	82.61194	344.51207	74.55224
M08	34	0	1196.72613	338.50746	314.29171	314.32836
M08	34	1	1081.88877	294.17910	211.54250	265.97015
M08	35	0	854.22875	161.19403	60.44071	100.74627
M08	35	1	952.94858	217.61194	245.79224	191.41791
M08	36	0	914.66946	282.08955	163.18993	241.79104
M08	36	1	1021.44806	255.89552	278.02728	227.68657
M08	37	0	918.69885	141.04478	215.57188	100.74627
M08	37	1	1007.34523	161.19403	328.39454	122.91045
M08	38	0	858.25813	298.20896	187.36621	270.00000
M08	38	1	932.80168	320.37313	292.13012	298.20896
M08	39	0	868.33158	340.52239	120.88143	302.23881
M08	39	1	967.05142	354.62687	233.70409	312.31343
M08	40	0	1268.98426	321.95149	800.24239	321.15299
M08	40	1	1349.06821	349.15299	873.27492	346.33955
M08	41	0	1397.42078	444.86194	965.95068	441.54478
M08	41	1	1452.82476	462.99627	1022.36201	464.71642
M08	42	0	1267.47324	448.38806	817.87093	440.53731
M08	42	1	1351.08290	456.95149	897.95488	455.14552
M08	43	0	1352.59391	400.02985	916.59077	397.72015
M08	43	1	1454.83945	402.54851	1017.82896	404.77239
M08	44	0	1387.34732	341.59701	921.12382	339.28731
M08	44	1	1482.54145	365.27239	1017.82896	370.01493
M08	45	0	1410.01259	321.95149	934.72298	321.15299
M08	45	1	1479.51941	347.64179	1021.85834	350.87313
M08	46	0	1439.72928	318.92910	974.00944	322.16045
M08	46	1	1520.82057	342.10075	1055.10073	346.84328
M08	47	0	848.18468	622.61194	580.23085	602.46269
M08	47	1	1237.01994	632.68657	993.24239	648.80597
M08	48	0	1414.31270	163.20896	1043.60965	171.26866
M08	48	1	1893.80902	203.50746	1523.10598	235.74627
M08	49	0	763.56768	139.02985	437.18783	132.98507
M08	49	1	1114.12382	203.50746	874.37566	193.43284
M08	50	0	668.87723	491.64179	404.95278	477.53731
M08	50	1	1081.88877	421.11940	828.03778	411.04478
M08	51	0	1122.18258	413.05970	878.40504	396.94030
M08	51	1	1577.50262	390.89552	1273.28437	396.94030
M08	52	0	961.00735	215.59701	469.42288	205.52239
M08	52	1	1351.85729	286.11940	991.22770	290.14925
M08	53	0	1202.77020	122.91045	785.72928	110.82090
M08	53	1	1686.29591	205.52239	1273.28437	203.50746
M08	54	0	755.50892	507.76119	413.01154	467.46269
M08	54	1	1245.07870	487.61194	890.49318	481.56716
M08	55	0	594.33368	308.28358	116.85205	282.08955
M08	55	1	942.87513	340.52239	640.67156	324.40299
M08	56	0	1128.22665	267.98507	763.56768	239.77612
M08	56	1	1593.62015	388.88060	1208.81427	392.91045
M08	57	0	1180.60860	167.23881	674.92130	157.16418
M08	57	1	1728.60441	517.83582	1176.57922	544.02985
M08	58	0	821.99370	529.92537	566.12802	525.89552
M08	58	1	1335.73977	675.00000	880.41973	648.80597
M08	59	0	1093.97692	439.25373	838.11123	435.22388
M08	59	1	1502.95908	652.83582	1134.27072	650.82090
M08	60	0	832.06716	340.52239	86.63169	304.25373
M08	60	1	1549.29696	384.85075	757.52361	374.77612
M08	61	0	793.78804	638.73134	451.29066	616.56716
M08	61	1	1168.52046	572.23881	914.66946	568.20896
M08	62	0	1271.26967	515.82090	1235.00525	527.91045
M08	62	1	1486.84155	540.00000	1422.37146	540.00000
M08	63	0	828.03778	413.05970	644.70094	388.88060
M08	63	1	1245.07870	384.85075	993.24239	372.76119
M08	64	0	944.88982	267.98507	687.00944	263.95522
M08	64	1	1341.78384	227.68657	1057.71249	221.64179
M08	65	0	844.15530	177.31343	477.48164	159.17910
M08	65	1	1351.85729	50.37313	896.53725	42.31343
M08	66	0	904.59601	525.89552	640.67156	503.73134
M08	66	1	415.02623	523.88060	102.74921	493.65672
M08	67	0	428.90031	641.60075	195.42497	610.52239
M08	67	1	932.99161	616.84328	740.67366	607.30224
M08	68	0	295.67576	592.75746	161.17524	564.73881
M08	68	1	712.51626	665.85821	597.09759	637.83955
M08	69	0	1039.58027	677.01493	604.39874	647.54104
M08	69	1	1650.53515	743.19030	1121.63064	728.33209
M08	70	0	437.60860	541.80224	535.84050	522.21642
M08	70	1	547.91291	545.83209	637.07870	532.79478
M08	71	0	753.09129	530.61567	616.60965	518.45149
M08	71	1	1087.52991	516.00746	907.73242	511.39925
M08	72	0	785.39979	439.08582	808.31480	422.31716
M08	72	1	919.88038	370.07463	944.30640	368.41791
M08	73	0	852.45855	398.99254	745.74187	393.24627
M08	73	1	1151.64008	311.34328	1054.49318	313.15299
M08	74	0	393.78909	464.35075	492.03568	452.13806
M08	74	1	514.16684	456.29104	597.30325	444.58209
M08	75	0	1563.78489	194.92537	650.74502	38.28358
M08	75	1	783.71459	34.25373	1422.37146	205.52239
M08	76	0	755.50892	34.25373	628.58342	44.32836
M08	76	1	1587.57608	76.56716	1402.22455	94.70149
M08	77	0	959.80797	510.30224	903.76390	510.16045
M08	77	1	1255.46380	479.07090	1194.38300	488.50000
M08	78	0	784.25918	590.87313	410.66002	568.68284
M08	78	1	1445.53830	368.41791	1064.57188	370.19776
M08	79	0	824.00839	711.26866	402.93809	677.01493
M08	79	1	1359.91605	699.17910	997.27177	703.20896
M08	80	0	1825.30955	428.36194	1409.61910	444.34701
M08	80	1	1045.04302	570.82836	762.02099	561.69776
M104	0	0	914.44037	276.04078	713.30275	302.61501
M104	0	1	1290.67890	127.17945	1155.91743	130.38662
M104	1	0	848.11927	137.88418	592.51376	174.44698
M104	1	1	1352.74312	117.74878	1173.09174	115.18923
M104	2	0	980.58716	590.04241	1244.99083	609.54323
M104	2	1	1250.00917	579.18597	1529.44954	592.99347
M104	3	0	697.88073	708.79772	690.00000	728.13051
M104	3	1	1018.46789	739.62969	955.10092	755.43883
M104	4	0	988.89908	788.13051	871.81651	807.79772
M104	4	1	1183.54128	751.13214	1049.72477	770.79935
M104	5	0	1060.23853	855.96085	935.22936	873.86623
M104	5	1	1192.34862	835.69984	1075.26606	858.89070
M104	6	0	1834.56881	767.60522	1662.82569	793.70310
M104	6	1	1661.94495	814.29364	1499.88991	848.31974
M104	7	0	644.81651	1060.61990	450.05505	1061.50082
M104	7	1	798.94495	1005.12235	611.22936	1018.33605
M104	8	0	976.44954	1003.36052	422.19266	1010.40783
M104	8	1	1140.26606	939.93475	532.28440	955.79119
M104	9	0	779.33945	1012.16966	523.01835	1019.21697
M104	9	1	930.82569	944.33931	698.28440	960.19576
M104	10	0	1235.43119	580.46330	975.47706	596.79772
M104	10	1	1708.81651	609.14682	1309.12844	627.20228
M104	11	0	1311.79817	600.11256	1824.88073	616.36215
M104	11	1	1214.47706	588.66069	1701.13761	601.82708
M104	12	0	344.65138	417.00326	620.86239	453.01142
M104	12	1	545.45872	389.98858	803.76147	422.17945
M104	13	0	952.52294	408.92496	1237.43119	425.59706
M104	13	1	1124.55963	360.76835	1428.68807	367.43230
M104	14	0	233.00917	649.80424	474.90826	674.42414
M104	14	1	555.54128	609.28222	771.10092	629.01958
M104	15	0	1072.63303	635.75530	1419.73394	655.08972
M104	15	1	1234.68807	569.68679	1587.36697	583.73573
M104	16	0	667.14679	572.40946	408.96330	606.67210
M104	16	1	565.86239	486.52039	306.79817	527.38989
M104	17	0	529.30275	371.30179	57.68807	413.01631
M104	17	1	669.33945	346.63622	202.56881	384.82708
M104	18	0	1864.07339	579.39804	1607.86239	592.86134
M104	18	1	1747.37615	529.18597	1507.01835	542.64927
M104	19	0	1721.83486	591.73083	1440.08257	597.70636
M104	19	1	1580.91743	587.76672	1313.31193	602.86297
M104	20	0	1059.61468	667.45677	773.55046	691.25449
M104	20	1	986.51376	569.67537	687.23853	592.15171
M104	21	0	1417.03670	427.59054	1121.09174	439.53997
M104	21	1	1551.78899	426.26917	1236.46789	431.61175
M104	22	0	1539.04587	546.32300	1208.37615	564.71941
M104	22	1	1420.58716	548.52529	1085.95413	563.39804
M104	23	0	1150.23853	359.90865	799.70642	388.58564
M104	23	1	1064.89908	269.41109	739.81651	305.77977
M104	24	0	1382.22018	643.29201	1212.31193	659.02936
M104	24	1	1273.88991	660.02936	1112.78899	678.40946
M104	25	0	936.70642	631.30343	922.60550	658.98042
M104	25	1	851.71560	589.90049	838.93578	615.81566
M104	26	0	976.33945	607.07830	934.93578	631.67210
M104	26	1	888.70642	568.75856	849.06422	593.79282
M104	27	0	1582.37615	386.46982	1238.26606	402.69657
M104	27	1	1654.15596	287.80750	1303.44037	296.54649
M104	28	0	942.76147	689.04241	737.42202	707.38662
M104	28	1	1062.15596	680.18434	840.46789	700.33931
M104	29	0	1204.42202	594.13866	912.19266	613.17129
M104	29	1	1074.95413	635.54160	788.88991	652.81240
M104	30	0	1264.62385	482.03100	1081.29358	496.45024
M104	30	1	1175.22936	520.79119	986.17431	539.17455
M104	31	0	1707.30275	358.67210	1460.14679	358.79119
M104	31	1	1606.45872	386.42088	1385.28440	386.09951
M104	32	0	1818.71560	500.55302	1601.25688	497.88744
M104	32	1	1688.36697	544.15824	1466.50459	551.18271
M104	33	0	723.06422	594.97227	528.28440	622.76672
M104	33	1	812.01835	637.25612	611.95413	657.12235
M104	34	0	1244.45872	694.22023	1000.74312	713.66069
M104	34	1	1127.76147	716.24307	881.40367	735.68352
M104	35	0	882.00917	589.50571	707.56881	612.49429
M104	35	1	768.83486	586.42251	619.49541	612.49429
M104	36	0	1483.55963	230.98042	993.55963	237.14519
M104	36	1	1618.31193	184.29201	1122.58716	188.25449
M104	37	0	1071.89908	649.36215	749.32110	667.42251
M104	37	1	938.02752	657.73083	612.36697	678.43393
M104	38	0	1694.53211	395.88744	1575.66972	395.35073
M104	38	1	1817.39450	386.63785	1705.13761	379.93475
M104	39	0	1301.22018	366.32626	1033.66972	378.66069
M104	39	1	1182.32110	404.64600	930.62385	417.42088
M104	40	0	976.51376	451.37357	639.58716	473.99511
M104	40	1	865.98165	480.88418	516.72477	506.58891
M104	41	0	783.82569	734.21860	665.40367	750.70799
M104	41	1	906.68807	739.50408	765.80734	757.75530
M104	42	0	1019.72477	721.75693	1058.94495	741.18597
M104	42	1	1089.00917	703.84502	1128.22936	723.56770
M104	43	0	1107.47706	607.73409	1262.27523	624.10604
M104	43	1	1168.54128	612.43230	1321.87156	625.86786
M104	44	0	1402.19266	661.98206	1223.13761	680.63458
M104	44	1	1298.26606	658.01794	1125.37615	675.78956
M104	45	0	1143.93578	703.71941	930.95413	723.40946
M104	45	1	1054.98165	743.80098	834.07339	762.61011
M104	46	0	1278.68807	739.83687	1081.55963	758.20555
M104	46	1	1184.88991	771.10930	981.15596	789.91843
M104	47	0	1709.50459	671.02936	1528.13761	690.90701
M104	47	1	1599.85321	677.63622	1409.67890	697.51387
M104	48	0	490.99083	653.26917	201.24771	676.61175
M104	48	1	368.56881	662.07830	96.44037	688.06362
M104	49	0	802.90826	565.74225	635.56881	591.58891
M104	49	1	713.95413	566.18271	574.35780	590.70799
M104	50	0	1292.73394	717.00326	1384.12844	738.78793
M104	50	1	1385.50459	703.49592	1477.48624	723.81240
M104	51	0	559.60550	731.80424	730.67890	743.43230
M104	51	1	480.04587	707.13866	656.99083	726.69494
M104	52	0	411.04587	740.99511	604.68807	752.82871
M104	52	1	482.97248	731.30506	663.11009	744.01958
M104	53	0	1691.11009	624.07341	1715.96330	640.46330
M104	53	1	1769.49541	601.16966	1792.29358	614.91680
M104	54	0	1049.73394	1020.43883	680.14679	1042.70799
M104	54	1	966.65138	989.01958	563.30275	1000.42414
M104	55	0	698.90826	891.05057	904.90826	899.95595
M104	55	1	649.88073	881.94780	853.53211	891.73409
M104	56	0	834.82569	765.70147	991.20183	786.20228
M104	56	1	893.24771	746.90865	1046.68807	768.58401
M104	57	0	1469.00000	584.44046	1547.11927	599.70962
M104	57	1	1559.42202	560.65579	1645.17431	570.93312
M104	58	0	1280.05505	739.52692	1378.10092	763.01142
M104	58	1	1344.64220	723.37684	1444.15596	745.39315
M104	59	0	1181.74312	771.48613	973.48624	792.32137
M104	59	1	1308.56881	734.19413	1079.46789	755.32300
M104	60	0	965.23853	250.74062	985.80734	269.28711
M104	60	1	609.66055	250.69331	675.90826	284.03263
M104	61	0	796.69725	192.54160	718.29358	224.99837
M104	61	1	356.73394	155.11419	331.55046	209.34584
M104	62	0	614.87156	290.00489	626.68807	325.18597
M104	62	1	169.97248	312.25612	252.78899	361.45514
M104	63	0	1136.54128	68.71126	1160.83486	77.52039
M104	63	1	774.67890	54.02936	757.00917	88.67863
M104	64	0	712.23853	310.89886	775.69725	344.56607
M104	64	1	342.32110	217.03589	454.68807	277.62316
M104	65	0	800.59633	230.24307	711.79817	260.48777
M104	65	1	680.81651	315.39804	586.36697	347.77977
M104	66	0	494.62385	469.56607	505.23853	503.43230
M104	66	1	596.49541	485.71615	585.67890	512.53507
M104	67	0	1069.15596	813.90701	1112.23853	832.76346
M104	67	1	1363.02752	754.31485	1441.37615	775.09951
M104	68	0	993.50459	758.50082	1084.27523	777.15171
M104	68	1	1225.27523	656.02610	1347.20183	674.83687
M104	69	0	544.46789	686.29038	444.35780	686.19576
M104	69	1	1242.99083	444.73083	1303.04587	453.54160
M104	70	0	1371.98165	781.05220	1599.41284	806.60033
M104	70	1	1102.91743	804.83687	1297.37615	836.35073
M104	71	0	1532.72477	1009.82055	1263.31193	1048.28711
M104	71	1	1674.52294	997.48777	1385.73394	1033.31158
M104	72	0	978.79817	903.22512	627.79817	916.25775
M104	72	1	906.53211	1017.61338	504.57798	1031.36542
M104	73	0	856.08257	564.51713	641.88073	587.39967
M104	73	1	428.45872	355.90701	370.66055	397.32137
M104	74	0	683.00917	984.37357	526.98165	994.12724
M104	74	1	1083.20183	849.45677	956.16514	867.35237
M104	75	0	1152.49541	796.14682	971.67890	817.84502
M104	75	1	1629.32110	640.60522	1425.28440	652.02936
M104	76	0	814.34862	690.96411	734.14679	706.05220
M104	76	1	1322.41284	571.12398	1184.72477	588.72431
M104	77	0	919.85321	559.70147	1201.76147	578.21044
M104	77	1	1127.41284	585.29690	1422.00917	599.70962
M104	78	0	1011.22018	714.02610	943.99083	731.93964
M104	78	1	1451.51376	625.13703	1390.00917	642.28222
M104	79	0	701.99083	891.30506	603.81651	900.45677
M104	79	1	1152.70642	826.49592	1089.75229	846.69657
M104	80	0	759.36697	106.59054	872.84404	140.35889
M104	80	1	633.95413	46.39478	803.26606	86.62316
M104	81	0	902.46789	274.13703	1151.06422	292.30179
M104	81	1	1176.61468	196.23165	1404.81651	193.02773
M104	82	0	1788.77064	724.18434	1516.47706	747.97064
M104	82	1	707.20183	794.91028	670.96330	802.39967
M105	0	0	1529.15005	296.19403	1069.80063	221.64179
M105	0	1	1517.06191	624.62687	1069.80063	608.50746
M105	1	0	899.88991	449.61175	1239.60550	454.42251
M105	1	1	806.09174	451.37357	1142.72477	462.35073
M105	2	0	947.44954	449.17129	1297.29358	456.62480
M105	2	1	1020.99083	472.95595	1377.44037	474.68352
M105	3	0	755.44954	500.70473	1075.34862	516.52692
M105	3	1	846.16514	498.50245	1170.46789	508.59869
M105	4	0	975.92661	431.94290	1256.46789	432.71941
M105	4	1	1035.37615	397.58728	1333.97248	395.72104
M105	5	0	175.26606	355.12561	555.33945	412.32790
M105	5	1	313.98165	391.24307	660.14679	436.55302
M105	6	0	913.43119	428.91028	1216.64220	433.26754
M105	6	1	1071.52294	411.29201	1383.98165	407.28059
M105	7	0	960.39450	369.05220	1219.66972	371.07504
M105	7	1	1098.66972	374.33768	1360.14679	363.58728
M105	8	0	291.41284	327.25612	654.55963	381.19576
M105	8	1	126.71560	278.80587	543.14679	357.41109
M105	9	0	1208.82569	423.71778	1198.65138	414.16803
M105	9	1	1510.91743	394.20718	1600.73394	356.24307
M105	10	0	1252.67890	418.30179	1421.94495	404.25449
M105	10	1	1498.40367	408.61175	1779.08257	369.73246
M105	11	0	1012.97248	690.86134	957.96330	693.20718
M105	11	1	1311.42202	584.01794	1333.78899	578.51876
M105	12	0	1370.93578	233.64600	1709.94495	166.58891
M105	12	1	1210.20183	223.51550	1472.14679	189.49266
M105	13	0	510.19266	126.85155	828.48624	182.00489
M105	13	1	411.11009	52.41436	734.68807	134.87602
M105	14	0	660.25688	110.55465	932.52294	150.19576
M105	14	1	526.38532	22.02284	800.41284	91.17455
M105	15	0	1200.78899	552.64763	1235.19266	549.74225
M105	15	1	1439.92661	478.49266	1551.56881	454.31648
M105	16	0	871.86239	255.94454	739.81651	272.44535
M105	16	1	1175.52294	96.46003	1096.40367	73.11582
M105	17	0	576.97248	167.51876	674.54128	216.60033
M105	17	1	776.01835	237.99184	892.52294	260.64600
M105	18	0	1238.77982	494.98206	1583.09174	486.43556
M105	18	1	1195.98165	524.58891	1513.79817	523.95759
M105	19	0	1269.73394	820.05383	1071.61468	825.11419
M105	19	1	1896.22018	930.18271	1828.40367	969.00489
M105	20	0	759.08257	397.83524	705.00917	413.00489
M105	20	1	676.49541	60.34258	511.61468	112.31648
M105	21	0	876.69725	595.07667	1048.50459	604.08972
M105	21	1	1077.94495	586.70799	1255.47706	593.95922
M105	22	0	847.00917	525.68515	976.19266	534.82708
M105	22	1	1119.63303	514.55465	1223.67890	511.92333
M105	23	0	451.36697	455.30179	390.20183	480.64600
M105	23	1	804.54128	458.82545	782.62385	469.39152
M105	24	0	890.17431	506.33768	942.59633	511.58891
M105	24	1	1176.41284	488.27896	1247.33028	487.80424
M105	25	0	999.62385	547.19576	1035.74312	549.34910
M105	25	1	1286.74312	537.50571	1325.11927	534.54160
M105	26	0	409.02752	641.08646	386.55963	643.81240
M105	26	1	741.06422	560.92333	742.81651	568.93475
M105	27	0	1158.42202	622.08972	1209.93578	624.74225
M105	27	1	1481.92661	605.99184	1561.11009	606.19576
M105	28	0	1093.77982	630.99347	1130.51376	635.60033
M105	28	1	1354.91743	602.36378	1444.05505	601.68515
M105	29	0	1167.72477	515.98206	1204.33028	514.21860
M105	29	1	1512.09174	489.99511	1566.75229	468.41109
M105	30	0	256.87303	353.76119	650.29906	406.83582
M105	30	1	550.01049	379.95522	871.91501	405.82836
M105	31	0	416.09174	193.45840	821.67890	255.17292
M105	31	1	494.91743	217.24307	883.77064	267.06525
M105	32	0	714.10092	214.49266	950.07339	240.87439
M105	32	1	994.61468	240.03915	1220.01835	236.91028
M105	33	0	872.36697	239.07667	1077.17431	251.01794
M105	33	1	1099.15596	244.36215	1320.25688	229.43556
M105	34	0	1046.71560	590.89396	1154.64220	596.82055
M105	34	1	1621.83486	630.53507	1786.12844	635.58075
M105	35	0	225.03670	540.77162	445.76147	565.58238
M105	35	1	824.81651	540.77162	967.15596	552.36868
M105	36	0	862.90826	430.46330	1056.67890	442.65416
M105	36	1	1248.66972	400.51223	1497.92661	378.34747
M105	37	0	554.22936	410.58401	783.62385	437.98695
M105	37	1	962.88991	406.17945	1149.12844	412.44046
M105	38	0	768.22018	331.48777	887.62385	354.46166
M105	38	1	1440.22018	178.20881	1699.66055	97.23491
M105	39	0	879.71560	432.10114	1176.25688	441.54160
M105	39	1	1132.48624	415.36378	1442.23853	411.15008
M105	40	0	1043.71560	433.37357	987.40367	432.77814
M105	40	1	1165.69725	398.57749	1111.58716	387.41109
M105	41	0	1273.76147	620.70636	1619.01835	635.44698
M105	41	1	1301.94495	548.03100	1667.45872	551.31974
M105	42	0	1096.62385	599.18434	1281.15596	604.18434
M105	42	1	896.67890	606.17129	1069.65138	614.19576
M105	43	0	1164.98165	654.51223	1133.26606	658.44046
M105	43	1	1592.13761	673.01142	1521.66972	671.65416
M105	44	0	782.57798	473.58401	911.67890	488.93964
M105	44	1	1114.61468	477.98858	1252.52294	476.60685
M109	0	0	1478.78279	74.55224	723.27387	74.55224
M109	0	1	1529.15005	429.17910	783.71459	443.28358
M109	1	0	600.33945	133.01794	649.00000	139.62480
M109	1	1	706.46789	76.63948	745.88073	85.44861
M109	2	0	1141.43119	580.08972	1212.90826	593.64927
M109	2	1	1173.00917	579.74388	1244.32110	595.66069
M109	3	0	801.05505	567.75530	896.44037	568.64927
M109	3	1	820.87156	570.39804	917.13761	571.73246
M109	4	0	808.45872	321.69494	890.80734	326.97064
M109	4	1	752.53211	287.33931	837.52294	292.61501
M109	5	0	215.17431	722.89723	181.87156	683.20718
M109	5	1	281.22936	708.36215	243.08257	673.95759
M109	6	0	1895.77982	867.42251	1392.95413	863.22023
M109	6	1	1787.00917	870.50571	1309.28440	875.99347
M109	7	0	888.25688	494.54160	467.55963	477.94617
M109	7	1	537.16514	318.60196	84.99083	282.95922
M109	8	0	1463.83486	638.49429	1510.28440	668.53018
M109	8	1	1488.05505	640.25612	1537.58716	671.61338
M109	9	0	1677.35780	664.27896	1736.79817	709.40946
M109	9	1	1700.25688	648.42251	1768.50459	695.31485
M109	10	0	1029.87156	753.77814	623.34862	739.30343
M109	10	1	804.84404	712.81566	272.04587	689.93475
M109	11	0	211.31193	102.18597	384.86239	125.38825
M109	11	1	348.70642	174.42088	495.39450	186.61175
M109	12	0	857.08257	532.23165	498.28440	517.29038
M109	12	1	1289.16514	505.36378	899.00000	506.57749
M109	13	0	1623.08257	565.81403	966.88991	566.57586
M109	13	1	1019.33945	223.90049	249.44037	194.24633
M109	14	0	1402.91743	572.99184	1045.91743	579.74388
M109	14	1	1092.44954	562.57749	621.00000	552.63785
M109	15	0	1089.36697	662.11093	804.77982	657.82708
M109	15	1	623.58716	599.12398	244.25688	568.35073
M109	16	0	1393.20183	657.70799	1149.66972	673.07667
M109	16	1	1027.69725	628.19739	711.97248	622.77814
M109	17	0	709.44037	611.62480	117.13761	581.86297
M109	17	1	1149.77064	651.69657	773.78899	650.52855
M109	18	0	885.52294	298.98042	732.44954	295.22023
M109	18	1	1147.98165	243.92333	1031.03670	248.51713
M109	19	0	1371.25688	622.51550	1343.07339	644.66069
M109	19	1	1269.97248	606.21860	1237.82569	623.07830
M109	20	0	1276.84404	659.65253	1055.69725	671.79608
M109	20	1	1059.30275	668.46166	835.51376	664.74878
M109	21	0	1062.29358	712.15171	769.77064	705.38662
M109	21	1	1315.06422	715.67537	1039.27523	726.52855
M109	22	0	1015.56881	707.08972	729.09174	698.68515
M109	22	1	1308.41284	723.38662	1025.45872	731.27896
M109	23	0	994.82569	568.96411	884.90826	570.58401
M109	23	1	1260.80734	573.36868	1149.12844	588.20228
M109	24	0	1676.95413	691.48124	1191.98165	703.07667
M109	24	1	778.78899	639.95922	401.78899	618.37357
M109	25	0	875.44954	441.22675	520.32110	421.34584
M109	25	1	1399.48624	402.46656	1152.68807	410.77488
M109	26	0	405.38532	449.17129	409.53211	435.57586
M109	26	1	634.37615	391.03100	607.69725	386.68515
M109	27	0	608.06422	471.22512	457.62385	456.34584
M109	27	1	1087.18349	377.84829	926.17431	380.58728
M109	28	0	1293.95413	708.67537	973.42202	715.15334
M109	28	1	1608.37615	611.77488	1270.22936	622.65742
M109	29	0	695.77064	499.03589	804.10092	496.27406
M109	29	1	1236.54128	426.80098	1347.51376	443.41925
M109	30	0	1099.15596	836.86786	769.20183	833.62969
M109	30	1	1696.29358	787.44046	1338.52294	799.44046
M110	0	0	1148.37356	114.85075	705.14166	157.16418
M110	0	1	1269.25498	261.94030	775.65582	312.31343
M110	1	0	562.50472	801.16418	564.11333	832.16418
M110	1	1	1749.75866	429.96269	1893.80902	432.18657
M113	0	0	1069.57068	261.45251	357.86387	305.69832
M113	0	1	1105.75916	631.50838	392.04188	645.58659
M113	1	0	1086.15596	491.45677	1106.36697	501.63622
M113	1	1	1242.48624	473.83850	1263.13761	488.42251
M113	2	0	1033.74312	417.50571	1070.89908	430.05220
M113	2	1	884.89908	431.15987	923.37615	442.82545
M113	3	0	1143.99083	318.79119	874.61468	336.42088
M113	3	1	1613.24771	320.35237	1324.60550	343.12561
M113	4	0	871.47706	690.35073	399.78899	707.63622
M113	4	1	1214.79817	622.46982	879.94495	642.01794
M113	5	0	830.23853	447.23165	661.22018	457.58891
M113	5	1	1175.93578	504.82708	990.30275	524.29201
M113	6	0	1420.00000	586.94617	1085.01835	609.65742
M113	6	1	934.80734	626.83850	486.88991	640.05220
M113	7	0	805.87156	201.00489	729.50459	219.87276
M113	7	1	1041.90826	77.67700	950.12844	88.17618
M113	8	0	874.42202	442.86134	482.11009	458.63622
M113	8	1	1266.43119	412.32790	986.77064	430.58891
M113	9	0	1194.94495	115.84013	973.77982	131.25612
M113	9	1	1574.27523	206.61175	1285.97248	227.31648
M113	10	0	425.29358	502.13540	370.68807	506.93148
M113	10	1	635.34862	426.81729	597.91743	438.22023
M113	11	0	1222.45872	472.74225	504.63303	490.78793
M113	11	1	1821.35780	159.13703	1151.97248	210.65742
M113	12	0	1311.83486	563.94617	1077.35780	588.57749
M113	12	1	1824.00000	501.73246	1422.13761	533.11256
M113	13	0	1333.36697	606.04078	1284.45872	625.95759
M113	13	1	1515.23853	572.56607	1462.36697	597.76835
M113	14	0	1152.11009	562.51550	790.78899	581.94454
M113	14	1	1408.89908	435.22023	1105.31193	460.43393
M113	15	0	636.38532	661.92170	159.85321	672.26754
M113	15	1	1055.31193	646.17129	722.14679	659.95595
M113	16	0	711.78899	802.69657	277.06422	811.79119
M113	16	1	910.83486	742.79445	608.60550	768.80424
M113	17	0	1225.43119	586.83850	1053.24771	604.31485
M113	17	1	1497.20183	554.58891	1327.71560	572.89886
M113	18	0	941.80734	407.23165	739.20183	422.36215
M113	18	1	1258.70642	488.27896	1058.14679	502.26591
M113	19	0	453.96330	444.84502	95.11927	452.17781
M113	19	1	1599.41284	254.58401	1262.93578	283.58564
M113	20	0	1130.21101	485.96900	1138.02752	500.11256
M113	20	1	877.44037	453.81566	869.84404	466.63785
M113	21	0	1271.79817	287.71941	1031.37615	305.85971
M113	21	1	1566.13761	236.03100	1367.51376	253.75530
M113	22	0	755.14679	485.43230	222.91743	500.47961
M113	22	1	1768.51376	214.50734	936.23853	259.54160
M113	23	0	1368.38532	542.83850	1383.77982	563.34910
M113	23	1	1527.35780	505.40946	1557.34862	527.81566
M113	24	0	908.02752	691.62316	629.92661	708.45840
M113	24	1	1396.85321	666.13703	1209.98165	695.14845
M113	25	0	1284.11009	117.16150	1108.21101	124.20881
M113	25	1	1576.51376	143.58891	1427.91743	155.92170
M113	26	0	797.45872	497.44372	468.52294	509.86134
M113	26	1	1121.29358	497.27896	864.19266	512.39967
M113	27	0	1292.91743	637.27080	1146.45872	655.53181
M113	27	1	1679.55963	580.89233	1582.42202	609.72431
M113	28	0	478.68807	762.55302	283.75229	759.50571
M113	28	1	1066.83486	706.42577	853.61468	723.10114
M116	0	0	385.47706	700.79119	432.48624	680.63622
M116	0	1	468.70642	704.75530	495.45872	687.24307
M116	1	0	1496.58716	823.86297	1414.88073	849.33931
M116	1	1	1403.22936	812.41109	1329.88991	833.04241
M116	2	0	1431.11009	984.42088	1051.53211	1008.64600
M116	2	1	1532.83486	1008.64600	1110.10092	1039.91843
M116	3	0	1473.27523	987.50408	1100.00917	1020.53834
M116	3	1	1580.28440	1006.44372	1198.65138	1039.91843
M116	4	0	1459.62385	1010.40783	1055.97248	1039.03752
M116	4	1	1566.63303	1043.00163	1118.50459	1076.91680
M116	5	0	692.48624	593.31485	124.41284	595.69494
M116	5	1	1790.44037	674.00489	1058.51376	711.45840
M119	0	0	1535.19412	727.38806	429.12907	679.02985
M119	0	1	1619.81112	967.16418	378.76180	938.95522
M119	1	0	1414.31270	318.35821	384.80588	223.65672
M119	1	1	1241.04932	527.91045	427.11438	477.53731
M119	2	0	1427.52361	436.55597	1354.27492	425.50000
M119	2	1	1506.60021	395.75373	1443.92865	382.17910
M119	3	0	1505.59286	424.97015	1449.46905	420.96642
M119	3	1	1597.26128	422.95522	1549.69990	413.41045
M119	4	0	1106.95383	639.37687	1112.69570	638.10448
M119	4	1	1158.83211	634.33955	1174.14376	633.06716
M119	5	0	940.23820	644.91791	904.17524	636.59328
M119	5	1	1020.32214	622.25000	993.82896	618.45896
M119	6	0	880.80483	677.66045	904.67891	665.30597
M119	6	1	954.34103	650.45896	972.67471	644.14925
M119	7	0	276.83316	757.96269	200.46170	727.35821
M119	7	1	382.10073	761.48881	289.10808	733.40299
M119	8	0	385.12277	786.67537	247.30325	753.55224
M119	8	1	493.41238	788.69030	344.51207	764.63433
M119	9	0	1097.41028	599.50746	997.27072	594.26866
M119	9	1	1184.04197	582.88433	1094.98321	577.14179
M119	10	0	1064.83316	531.68284	1059.23715	526.66045
M119	10	1	1135.85100	529.16418	1130.25498	521.62313
M119	11	0	33.24239	648.76119	45.33054	625.89925
M119	11	1	181.32214	651.78358	158.65687	631.94403
M119	12	0	142.03568	641.70896	151.10178	618.22015
M119	12	1	254.85834	656.31716	254.85834	637.36194
M119	13	0	447.79958	489.85821	333.25918	477.91791
M119	13	1	594.87198	493.88806	467.73977	486.98507
M119	14	0	429.96537	471.19403	525.66422	469.57836
M119	14	1	536.24029	473.71269	618.84365	472.60075
M119	15	0	500.46905	453.51866	640.42917	456.82090
M119	15	1	666.17733	487.26866	798.07870	489.56343
M119	16	0	828.34418	485.10448	966.55824	484.67164
M119	16	1	958.79538	495.68284	1091.97272	496.76119
M119	17	0	1009.83316	566.51866	1026.95803	562.19030
M119	17	1	1086.39140	573.06716	1105.53095	570.75373
M119	18	0	105.77125	373.70522	304.03148	387.64552
M119	18	1	159.16055	391.83955	348.35467	399.23134
M119	19	0	194.72298	427.82836	367.22980	431.54851
M119	19	1	237.53515	440.42164	410.54565	443.13433
M119	20	0	263.72613	427.82836	431.19622	433.56343
M119	20	1	304.01994	442.43657	471.99370	443.13433
M119	21	0	960.43966	528.98507	1084.21511	530.02239
M119	21	1	1001.23715	523.94776	1125.51626	524.98507
M119	22	0	134.98426	393.01119	296.74082	400.30224
M119	22	1	198.95068	403.58955	353.15215	409.87313
M119	23	0	202.98006	392.00373	354.66317	398.28731
M119	23	1	268.45750	398.04851	413.59286	402.82090
M119	24	0	187.28541	400.17910	318.16789	406.05970
M119	24	1	270.39140	406.72761	392.71144	412.60821
M119	25	0	46.84155	369.54104	208.43966	377.20149
M119	25	1	148.07975	371.05224	286.50892	380.72761
M119	26	0	1599.22246	513.65299	1745.22560	513.10448
M119	26	1	1671.75131	522.21642	1832.36097	521.16418
M119	27	0	1089.17104	525.74254	1197.77335	523.04478
M119	27	1	1046.86254	525.74254	1154.45750	528.08209
M119	28	0	1042.32949	514.66045	1157.47954	512.46642
M119	28	1	1001.02833	518.18657	1116.17838	517.50373
M119	29	0	1037.29276	544.88433	1133.80693	548.73507
M119	29	1	996.99895	541.35821	1093.51312	534.63060
M119	30	0	1160.28437	546.78358	1183.00525	538.52612
M119	30	1	1119.99056	546.27985	1148.75551	530.97015
M119	31	0	1779.97901	541.86194	1818.76180	519.13806
M119	31	1	1698.88772	542.86940	1740.18888	519.13806
M119	32	0	1682.77020	515.16418	1673.20042	528.20522
M119	32	1	1613.26338	517.17910	1608.73033	529.21269
M119	33	0	988.69360	642.23881	947.21196	629.92537
M119	33	1	1104.53830	633.17164	1070.61175	630.93284
M119	34	0	902.23400	910.91791	477.25289	879.74627
M119	34	1	1087.08185	942.65299	633.89507	917.52612
M119	35	0	922.53095	439.93284	742.21826	424.75746
M119	35	1	1358.70409	386.51866	1243.20776	367.89552
M119	36	0	320.31584	909.23507	65.98111	858.47388
M119	36	1	473.43232	904.70149	228.66737	858.97761
M119	37	0	1137.66002	574.72388	1060.38825	568.63806
M119	37	1	1231.84680	522.83955	1164.14481	511.21269
M119	38	0	841.23400	668.08955	834.99475	661.88806
M119	38	1	915.27387	674.13433	906.01259	665.41418
M119	39	0	391.61280	693.93284	207.44701	663.85448
M119	39	1	1235.35887	401.24627	946.90451	374.77612
M119	40	0	743.93284	565.84701	877.61280	564.60821
M119	40	1	876.39874	554.26119	1009.57503	550.00000
M119	41	0	1007.75971	862.04478	669.85205	840.94403
M119	41	1	1134.18153	835.34701	822.96852	814.24627
M119	42	0	899.28541	570.77985	864.30115	557.99627
M119	42	1	1021.17419	560.70522	978.13116	541.87687
M119	43	0	977.46170	641.54104	971.62749	629.21642
M119	43	1	1067.61910	641.54104	1063.29591	636.77239
M119	44	0	365.67156	772.77612	79.07660	729.87313
M119	44	1	500.65582	756.65672	245.28856	721.81343
M119	45	0	683.00210	673.02239	680.57608	653.97015
M119	45	1	739.91710	658.91791	731.44701	648.42910
M119	46	0	1379.63484	223.71269	1196.61910	204.50000
M119	46	1	410.88772	321.27239	260.44701	314.23507
M119	47	0	1144.50682	724.18284	851.08709	705.94403
M119	47	1	1279.99475	697.48507	942.25184	676.72761
M119	48	0	777.91396	96.74254	653.67156	92.18284
M119	48	1	1265.57922	389.61567	1144.59391	370.83209
M119	49	0	606.93599	477.16418	181.32214	431.19403
M119	49	1	1458.04302	561.71269	1182.62329	540.00000
M119	50	0	483.52571	300.22388	302.20357	300.22388
M119	50	1	1241.04932	394.92537	1116.13851	378.80597
M119	51	0	51.37461	794.85448	7.05142	754.18657
M119	51	1	215.57188	739.94776	151.10178	706.33209
M119	52	0	541.35047	661.14179	546.07870	644.85821
M119	52	1	442.63064	636.96269	446.85519	617.15299
M119	53	0	397.30010	754.83582	376.84470	730.99627
M119	53	1	472.85100	723.10075	438.29276	702.28358
M119	54	0	458.86988	698.34701	393.65687	675.73881
M119	54	1	569.67786	747.71269	499.93179	727.11940
M119	55	0	50.36726	540.39925	66.98846	529.10448
M119	55	1	200.46170	536.36940	200.46170	523.56343
M119	56	0	524.91081	474.92910	301.21931	455.37313
M119	56	1	1187.80273	601.47761	994.36201	584.44403
M119	57	0	372.69780	754.85448	332.44386	726.40299
M119	57	1	565.60441	764.92910	491.10073	741.51493
M123	0	0	1517.06191	257.91045	870.34627	255.89552
M123	0	1	1492.88562	675.00000	916.68416	658.88060
M123	1	0	145.32110	921.55139	317.08257	834.24470
M123	1	1	230.75229	895.12398	395.90826	823.23328
M123	2	0	660.39450	347.12398	933.91743	382.18271
M123	2	1	525.38532	172.37684	808.41284	249.16476
M123	3	0	1156.86239	695.31485	1194.51376	684.05383
M123	3	1	1465.55963	692.67210	1435.83486	691.10114
M123	4	0	656.55046	682.96900	145.32110	681.10114
M123	4	1	1668.11009	344.99511	911.96330	369.39967
M123	5	0	211.91743	233.08972	706.93578	318.10114
M123	5	1	413.60550	297.83687	848.73394	353.77814
M123	6	0	565.96330	771.26591	755.80734	740.19413
M123	6	1	952.82569	796.07667	1064.50459	775.87113
M123	7	0	704.42202	740.48287	796.58716	721.15824
M123	7	1	64.73394	790.63785	271.78899	740.97064
M123	8	0	1106.96330	296.07504	1315.56881	309.20718
M123	8	1	918.92661	254.23165	1152.63303	286.74388
M123	9	0	962.41284	587.18108	1220.18349	583.61338
M123	9	1	765.12844	503.49429	1034.34862	510.93801
M123	10	0	1369.15596	79.72268	1547.81651	72.23491
M123	10	1	1264.34862	175.30179	1475.15596	177.94454
M123	11	0	654.42202	721.73083	929.10092	701.33768
M123	11	1	818.67890	671.51876	1073.98165	661.25612
M123	12	0	347.86239	683.50408	684.64220	664.56444
M123	12	1	583.01835	705.08646	867.39450	685.26591
M123	13	0	213.23853	562.33931	724.31193	567.08972
M123	13	1	365.60550	585.68352	824.71560	584.70799
M123	14	0	810.39450	361.70636	844.01835	395.92170
M123	14	1	202.92661	144.02936	255.50459	267.54323
M123	15	0	879.81651	408.35073	981.05505	430.82708
M123	15	1	362.11009	275.84176	479.84404	353.83034
M123	16	0	707.43119	1012.16966	95.55963	969.88581
M123	16	1	1305.83486	960.19576	746.25688	917.80261
M123	17	0	741.50459	998.51550	256.96330	946.32626
M123	17	1	1416.48624	901.00653	927.89908	880.03263
M123	18	0	1086.77064	725.36215	883.27523	718.21860
M123	18	1	1647.94495	539.71941	1354.34862	541.77977
M123	19	0	1129.63303	740.14682	949.40367	726.13540
M123	19	1	1737.38532	768.80261	1399.55046	760.14682
M123	20	0	1672.07339	516.62480	1031.39450	522.63622
M123	20	1	768.06422	278.75530	415.56881	346.50734
M123	21	0	1507.98165	154.63785	1410.66972	162.96900
M123	21	1	1570.78899	149.31485	1442.81651	151.07667
M123	22	0	1662.82569	170.01631	1592.10092	157.68352
M123	22	1	1742.53211	162.96900	1643.62385	145.35073
M123	23	0	1531.15596	70.91354	1434.51376	75.31811
M123	23	1	1591.92661	56.37847	1472.38532	55.05710
M123	24	0	1600.29358	55.49755	1497.92661	52.85481
M123	24	1	1660.18349	31.71289	1521.70642	25.10604
M123	25	0	1550.09174	179.26591	1503.21101	175.74225
M123	25	1	1613.06422	170.89723	1556.49541	168.25449
M123	26	0	1600.29358	188.95595	1481.19266	188.95595
M123	26	1	1683.08257	187.63458	1543.28440	182.34910
M123	27	0	1599.85321	130.76835	1545.06422	119.36378
M123	27	1	1657.54128	125.92333	1590.86239	112.31648
M123	28	0	1719.19266	89.85318	1622.75229	73.55628
M123	28	1	1811.22936	73.11582	1672.07339	53.73573
M123	29	0	1744.73394	114.51876	1665.46789	90.73409
M123	29	1	1680.00000	118.48287	1622.75229	103.50734
M123	30	0	1552.29358	117.16150	1451.00917	119.36378
M123	30	1	1643.00917	101.30506	1506.49541	95.13866
M123	31	0	1434.64220	88.97227	1400.71560	95.13866
M123	31	1	1487.48624	87.21044	1442.99083	95.13866
M123	32	0	1488.80734	63.42577	1429.33945	71.35400
M123	32	1	1540.77064	59.90212	1460.16514	58.14029
M123	33	0	1191.36697	547.99347	1170.69725	550.48124
M123	33	1	620.42202	475.91028	746.85321	497.24470
M13	0	0	501.65792	604.47761	1353.87198	620.59701
M13	0	1	497.62854	677.01493	1349.84260	699.17910
M13	1	0	1420.35677	578.28358	1353.87198	594.40299
M13	1	1	1785.01574	596.41791	1724.57503	632.68657
M13	2	0	1214.85834	423.13433	1136.28541	445.29851
M13	2	1	1597.64953	380.82090	1519.07660	421.11940
M132	0	0	1222.91710	604.47761	410.99685	572.23881
M132	0	1	1591.60546	497.68657	894.52256	487.61194
M132	1	0	1311.60550	291.79119	945.00000	294.13703
M132	1	1	967.30275	247.04078	682.70642	242.89886
M132	2	0	749.77064	222.13703	529.43119	217.62480
M132	2	1	477.62385	220.37520	277.87156	208.58891
M132	3	0	1079.30275	287.18108	753.33945	286.04078
M132	3	1	812.44037	109.67700	555.32110	103.50734
M132	4	0	1639.57798	7.48777	1224.72477	31.27243
M132	4	1	1277.73394	108.78140	999.13761	111.10277
M132	5	0	327.60550	232.69494	143.70642	212.20718
M132	5	1	631.01835	111.56933	455.48624	106.05710
M132	6	0	232.51376	67.83034	156.33028	63.42577
M132	6	1	508.18349	73.11582	450.93578	76.19902
M132	7	0	518.72477	355.30179	307.30275	341.22023
M132	7	1	815.93578	404.19739	654.26606	400.10114
M132	8	0	795.65138	445.74225	241.32110	415.53997
M132	8	1	1154.86239	383.94780	791.82569	379.00653
M132	9	0	1060.90826	546.37520	792.12844	544.45840
M132	9	1	1501.73394	506.44698	1194.24771	511.51713
M132	10	0	1252.59633	470.50571	844.78899	467.81566
M132	10	1	1742.97248	535.75530	1285.49541	551.46819
M132	11	0	839.68807	836.66069	305.11009	810.15661
M132	11	1	1086.19266	641.50571	755.94495	639.85155
M132	12	0	747.46789	787.07667	353.57798	762.58891
M132	12	1	1210.64220	701.42251	786.10092	694.76672
M132	13	0	1004.55046	579.12561	690.05505	568.20718
M132	13	1	612.52294	503.64600	351.77064	483.54160
M132	14	0	1179.18349	487.14519	899.66055	487.94290
M132	14	1	1534.55963	336.06852	1222.00917	347.87765
M132	15	0	1121.58716	734.02773	746.42202	726.71941
M132	15	1	1344.58716	558.85318	1073.09174	565.96085
M132	16	0	1133.86239	451.23002	850.77982	450.73083
M132	16	1	1460.28440	354.29364	1151.55046	363.52039
M132	17	0	1172.39450	244.94617	818.62385	240.64927
M132	17	1	1578.23853	300.99347	1218.88073	310.38662
M132	18	0	1380.03670	575.06362	1106.06422	583.80261
M132	18	1	1714.34862	523.91191	1427.19266	543.69494
M132	19	0	915.64220	539.42088	431.85321	522.25449
M132	19	1	1302.85321	426.04241	916.54128	423.88744
M132	20	0	110.37615	403.02936	51.52294	380.55465
M132	20	1	463.11009	407.87439	372.11009	392.44698
M132	21	0	852.99083	141.38662	580.00917	135.66069
M132	21	1	1344.99083	76.19902	1044.93578	81.04405
M132	22	0	733.45872	422.07667	530.94495	412.80261
M132	22	1	1026.42202	392.89723	873.99083	394.30343
M132	23	0	995.93578	378.46982	542.97248	367.77814
M132	23	1	1335.57798	384.02936	1064.82569	389.70962
M132	24	0	334.16514	501.43230	238.22018	478.55302
M132	24	1	706.00000	483.76672	602.41284	473.94617
M132	25	0	601.63303	551.59706	532.39450	537.81240
M132	25	1	863.65138	509.75367	806.74312	509.18271
M132	26	0	536.08257	315.96900	283.27523	299.76672
M132	26	1	804.70642	263.99511	602.98165	261.44698
M132	27	0	1560.75229	147.99347	1458.59633	161.20718
M132	27	1	1355.98165	70.91354	1265.27523	74.87765
M132	28	0	933.23853	155.46982	724.79817	153.71941
M132	28	1	1066.22936	91.16313	911.51376	95.57912
M132	29	0	828.11009	307.38989	836.13761	310.62316
M132	29	1	937.76147	283.16476	953.71560	288.15987
M132	30	0	953.13761	316.58891	964.94495	322.08646
M132	30	1	1074.67890	282.67374	1086.48624	290.37357
M132	31	0	1069.39450	311.30343	1088.24771	318.56281
M132	31	1	1175.96330	281.35237	1200.10092	290.37357
M132	32	0	945.21101	369.88418	937.20183	374.94127
M132	32	1	1076.81651	336.37357	1069.75229	344.10930
M132	33	0	1034.10092	378.65742	1040.28440	384.51713
M132	33	1	1154.76147	362.80098	1160.94495	372.18434
M132	34	0	588.86239	107.03100	398.69725	101.30506
M132	34	1	818.29358	211.85971	659.23853	211.85971
M132	35	0	850.67890	96.46003	588.77982	92.49592
M132	35	1	973.10092	124.64927	790.02752	125.53018
M132	36	0	1256.51376	117.16150	1044.98165	119.11582
M132	36	1	1399.63303	200.84829	1239.15596	208.43393
M132	37	0	1478.12844	95.13866	1321.80734	102.62643
M132	37	1	1702.27523	100.86460	1574.57798	110.11419
M132	38	0	467.13761	109.67374	401.62385	111.87602
M132	38	1	682.47706	60.34258	593.62385	62.10440
M132	39	0	603.21101	39.64111	572.92661	45.36705
M132	39	1	742.36697	20.70147	721.33028	28.62969
M132	40	0	1107.51376	165.06525	998.98165	169.97064
M132	40	1	1326.81651	84.02121	1219.16514	89.36705
M132	41	0	1322.28440	151.51713	1216.77982	160.32626
M132	41	1	1561.40367	80.60359	1452.37615	91.61501
M132	42	0	1193.43119	58.14029	1069.69725	63.42577
M132	42	1	1431.22936	16.29690	1301.77064	21.58238
M132	43	0	628.65138	255.01305	572.11927	253.46819
M132	43	1	831.92661	185.29201	762.35780	186.95922
M132	44	0	680.86239	352.66884	612.81651	344.69494
M132	44	1	857.00917	291.00489	799.53211	294.04241
M132	45	0	847.96330	476.88581	790.54128	474.53018
M132	45	1	994.56881	411.06525	920.88991	412.86623
M132	46	0	840.82569	158.31648	822.49541	163.31485
M132	46	1	1004.64220	152.15008	970.01835	157.58891
M132	47	0	624.94495	488.61175	660.58716	484.45677
M132	47	1	506.04587	466.58891	543.00917	459.35073
M132	48	0	205.39450	500.08809	301.57798	482.66069
M132	48	1	312.40367	498.76672	395.37615	484.42251
M132	49	0	504.67890	529.73083	515.20183	516.52855
M132	49	1	320.16514	511.67210	351.82569	492.74388
M132	50	0	1073.85321	631.81566	719.66972	615.38662
M132	50	1	1512.75229	633.39641	1185.80734	648.81403
M132	51	0	124.18349	555.32626	277.81651	531.73246
M132	51	1	234.27523	567.65905	366.77064	548.02936
M132	52	0	976.49541	647.52855	679.37615	639.81566
M132	52	1	1483.76147	667.65905	1224.18349	686.79119
M132	53	0	582.97248	565.81077	617.44037	555.48124
M132	53	1	871.67890	532.67210	901.03670	533.01794
M132	54	0	252.09174	605.05220	335.52294	579.74388
M132	54	1	388.16514	565.41109	454.42202	548.91191
M132	55	0	1074.49541	605.20881	613.66055	594.67210
M132	55	1	1812.99083	379.38662	1233.81651	395.33768
M132	56	0	765.02752	509.34095	613.69725	503.06852
M132	56	1	1105.87156	611.08646	932.52294	612.74225
M132	57	0	393.62385	419.08809	160.73394	393.82708
M132	57	1	660.92661	441.99184	474.66972	429.30343
M132	58	0	367.27523	477.16150	199.51376	454.50571
M132	58	1	575.56881	489.49429	400.32110	472.12398
M132	59	0	515.23853	595.20392	358.89908	573.34910
M132	59	1	702.73394	513.29201	568.59633	505.94617
M132	60	0	945.91743	490.96900	831.91743	490.42251
M132	60	1	1102.24771	464.10114	982.96330	467.07830
M132	61	0	1201.57798	443.70636	1138.45872	454.06525
M132	61	1	1349.54128	411.99347	1277.61468	427.19739
M132	62	0	778.74312	406.89886	669.83486	400.38499
M132	62	1	928.90826	360.65090	808.99083	360.30343
M132	63	0	636.55963	484.41925	501.35780	473.61338
M132	63	1	814.20183	475.65742	667.81651	469.20881
M132	64	0	491.82569	356.68352	288.26606	338.08809
M132	64	1	721.33028	359.60033	515.11927	350.11256
M132	65	0	971.77982	494.05383	704.99083	487.36215
M132	65	1	1235.79817	477.75530	948.28440	477.42251
M132	66	0	1059.21101	424.90049	914.81651	428.09135
M132	66	1	1240.64220	388.34258	1098.44954	395.93801
M132	67	0	1296.35780	531.72920	1142.55963	544.46493
M132	67	1	1489.67890	472.26754	1310.33945	488.96737
M132	68	0	899.78899	554.60033	913.54128	556.60196
M132	68	1	931.93578	562.08809	947.88991	566.73246
M132	69	0	1117.44037	411.55139	1195.12844	425.62480
M132	69	1	1135.93578	389.08809	1216.26606	403.60196
M132	70	0	267.27523	601.73246	365.32110	579.01794
M132	70	1	316.59633	608.33931	408.47706	586.94617
M132	71	0	504.64220	812.62643	32.58716	788.18434
M132	71	1	593.15596	829.36378	168.22018	799.19576
M132	72	0	499.79817	830.24470	42.71560	807.12398
M132	72	1	579.94495	831.56607	146.64220	804.48124
M132	73	0	490.32110	785.56607	77.94495	760.14845
M132	73	1	555.93578	754.29364	179.66972	724.03100
M132	74	0	1150.33945	249.74225	1234.00917	259.46982
M132	74	1	894.92661	207.45840	980.35780	215.42414
M132	75	0	442.02752	532.29038	555.36697	521.76672
M132	75	1	472.41284	517.75530	581.78899	509.43393
M132	76	0	620.57798	610.48287	291.91743	584.45840
M132	76	1	909.16514	647.43393	629.72477	636.02936
M132	77	0	682.89908	297.83850	460.05505	287.32953
M132	77	1	971.02752	551.57423	757.72477	547.94127
M132	78	0	729.97248	242.69657	658.70642	242.45677
M132	78	1	525.64220	192.48450	478.15596	191.80424
M132	79	0	476.03670	295.09951	322.95413	279.74388
M132	79	1	775.04587	297.74225	628.01835	295.51060
M132	80	0	1000.80734	301.36378	988.02752	307.08972
M132	80	1	1149.65138	321.18434	1142.15596	329.99347
M132	81	0	1409.66972	331.91028	1384.33945	345.43719
M132	81	1	1606.07339	322.22023	1597.47706	339.71126
M132	82	0	1230.98165	279.34910	1044.58716	284.38499
M132	82	1	1428.26606	244.55302	1276.66055	253.99347
M132	83	0	541.33945	407.77814	444.86239	396.13540
M132	83	1	327.76147	335.10277	204.42202	316.85318
M132	84	0	608.83486	257.17292	640.33028	259.13540
M132	84	1	489.93578	241.31648	528.91743	244.15987
M132	85	0	1346.19266	154.54160	1029.77982	163.10114
M132	85	1	1658.23853	159.88581	1283.87156	175.87439
M132	86	0	992.42202	181.20881	724.45872	184.74551
M132	86	1	1223.25688	301.56281	942.49541	310.70473
M132	87	0	812.07339	121.56607	680.65138	126.41109
M132	87	1	964.44037	220.66884	817.60550	228.15661
M132	88	0	735.88991	191.15824	703.99083	197.32463
M132	88	1	636.36697	133.45840	599.18349	144.02936
M132	89	0	1396.40367	397.28874	1150.79817	404.00653
M132	89	1	1570.38532	380.46003	1345.88073	396.95922
M132	90	0	1306.55046	276.26591	1197.52294	288.65905
M132	90	1	1175.76147	227.37520	1056.60550	235.80424
M132	91	0	1360.83486	361.92007	1138.48624	365.32463
M132	91	1	1574.83486	239.80261	1338.85321	249.92496
M132	92	0	1222.87156	309.01468	1210.22018	317.81403
M132	92	1	1321.07339	256.15987	1299.61468	264.51876
M132	93	0	991.69725	529.43393	905.16514	530.61175
M132	93	1	783.55046	457.79119	703.98165	454.69657
M132	94	0	1213.87156	406.78956	1171.22018	418.73083
M132	94	1	1486.87156	398.97064	1461.42202	417.84992
M137	0	0	1545.26758	163.20896	846.16999	104.77612
M137	0	1	1617.79643	594.40299	862.28751	570.22388
M137	1	0	1026.49541	530.48450	1221.62385	518.61175
M137	1	1	1250.64220	528.28222	1427.71560	516.40946
M137	2	0	1661.50459	784.57749	1409.89908	773.80424
M137	2	1	1728.44037	816.73083	1487.84404	807.71941
M137	3	0	1718.31193	825.98042	1337.23853	883.91843
M137	3	1	1750.45872	851.08646	1402.41284	882.15661
M137	4	0	825.33945	360.54160	1040.35780	349.44535
M137	4	1	1001.48624	334.11419	1216.50459	317.29201
M137	5	0	1383.19266	316.79935	1620.11927	277.47961
M137	5	1	1239.63303	223.42251	1469.51376	188.06688
M137	6	0	1302.55963	806.61338	1145.21101	795.88581
M137	6	1	1694.09174	858.86297	1537.00000	860.33605
M137	7	0	1865.83486	718.22023	1454.99083	698.97879
M137	7	1	1349.18349	603.78793	1032.44954	585.14845
M137	8	0	961.79817	149.31811	1307.57798	127.91354
M137	8	1	1107.11927	163.41272	1466.11009	132.31811
M137	9	0	1051.63303	269.56281	1476.67890	243.31321
M137	9	1	1150.71560	281.45514	1588.09174	250.36052
M137	10	0	436.58716	282.42251	861.79817	290.80587
M137	10	1	522.89908	304.44535	940.62385	310.18597
M137	11	0	392.99083	309.29038	807.63303	323.84013
M137	11	1	493.39450	309.29038	897.46789	316.35237
M137	12	0	840.77064	399.49266	1145.11009	388.67210
M137	12	1	878.64220	399.49266	1182.98165	389.55302
M137	13	0	1021.32110	374.82708	1331.82569	359.16150
M137	13	1	1057.43119	368.22023	1373.22018	346.82871
M137	14	0	729.44037	716.01794	532.89908	692.31485
M137	14	1	1331.46789	674.16150	1153.07339	658.74551
M137	15	0	1021.77982	445.91028	739.14679	428.12398
M137	15	1	505.46789	454.32626	93.79817	457.60196
M137	16	0	656.27523	440.18434	460.08257	443.29038
M137	16	1	1169.17431	560.62480	1017.28440	547.14682
M137	17	0	952.84404	760.14682	730.24771	747.03100
M137	17	1	1487.94495	709.14845	1284.78899	689.73246
M137	18	0	782.12844	675.71778	559.37615	656.41109
M137	18	1	1313.15596	706.67047	1136.88073	698.67047
M137	19	0	970.73394	398.23165	789.38532	383.79119
M137	19	1	1587.20183	440.85155	1386.77064	420.05383
M137	20	0	1182.69725	346.15987	802.28440	333.14682
M137	20	1	1746.93578	145.77977	1336.65138	97.78140
M137	21	0	494.97248	325.93801	298.62385	330.06362
M137	21	1	1503.85321	347.32626	1407.18349	315.51713
M137	22	0	936.66055	471.82545	670.57798	462.87276
M137	22	1	1532.59633	441.88744	1201.71560	426.47145
M137	23	0	735.87156	424.30179	489.73394	414.19413
M137	23	1	1318.87156	369.99347	994.63303	349.32790
M137	24	0	1318.73394	505.12235	1355.15596	484.51713
M137	24	1	1714.34862	434.11419	1798.89908	390.63948
M137	25	0	784.67890	438.88744	547.34862	422.99511
M137	25	1	1467.39450	623.61175	1141.11009	606.13703
M137	26	0	649.71560	418.19576	400.37615	415.94617
M137	26	1	1307.29358	573.57749	1018.59633	555.98042
M137	27	0	1144.89908	99.10277	1058.55963	77.07993
M137	27	1	1659.19266	188.61175	1524.50459	143.58891
M137	28	0	701.06422	440.45677	304.73394	437.56444
M137	28	1	1513.10092	377.03100	911.88991	340.51876
M137	29	0	815.01835	281.36215	889.75229	273.57586
M137	29	1	1163.69725	236.66069	1261.59633	209.22023
M137	30	0	955.39450	847.91028	769.24771	824.99347
M137	30	1	1010.88073	816.63785	808.00000	800.76835
M137	31	0	990.20183	784.14845	873.03670	767.73083
M137	31	1	890.67890	743.18597	778.79817	725.00653
M137	32	0	1137.87156	249.73246	1517.49541	218.50571
M137	32	1	1318.42202	257.22023	1730.63303	215.42251
M137	33	0	1081.37615	268.81403	1447.34862	244.55302
M137	33	1	1242.99083	279.82545	1644.63303	246.31485
M137	34	0	1103.52294	311.08157	1120.59633	288.72594
M137	34	1	547.77982	176.30179	505.84404	195.34910
M137	35	0	1031.79817	157.68352	1228.62385	125.97064
M137	35	1	1371.76147	234.32300	1595.00917	190.27732
M137	36	0	1868.03670	310.37520	1629.25688	274.99347
M137	36	1	934.53211	136.92496	620.86239	111.87602
M137	37	0	530.18349	83.68679	540.68807	104.82871
M137	37	1	1237.35780	356.22512	1239.12844	317.15334
M141	0	0	1075.84470	779.77612	586.27492	826.11940
M141	0	1	1277.31375	812.01493	781.69990	779.77612
M141	1	0	407.13761	278.12398	837.44954	275.37520
M141	1	1	280.31193	280.32626	719.43119	282.86297
M141	2	0	1315.14679	585.49429	1135.34862	594.43230
M141	2	1	715.98165	504.93475	544.27523	506.23002
M141	3	0	1006.92661	598.44698	1014.03670	599.91028
M141	3	1	614.33945	621.63622	646.01835	613.31321
M141	4	0	448.08257	724.29038	436.79817	706.23165
M141	4	1	910.87156	728.44535	830.76147	725.30343
M141	5	0	807.89908	644.14682	912.03670	641.46819
M141	5	1	308.24771	620.42251	454.30275	602.76835
M141	6	0	1563.22936	995.87276	1136.71560	1025.38336
M141	6	1	445.45872	455.98369	204.44037	459.05546
M141	7	0	722.44954	417.29690	651.55963	419.84502
M141	7	1	1233.27523	440.20065	1169.43119	437.46330
M141	8	0	1009.82569	455.55791	1038.38532	451.84339
M141	8	1	1587.58716	448.51060	1551.85321	443.91517
M141	9	0	1317.07339	613.92333	1637.43119	616.02936
M141	9	1	887.62385	619.06525	1131.55046	615.23328
M141	10	0	332.33028	575.79119	636.00000	564.42251
M141	10	1	754.85321	577.55302	1058.49541	569.76672
M141	11	0	443.56881	472.23002	588.25688	465.82708
M141	11	1	1144.30275	460.33605	1231.41284	456.94617
M141	12	0	947.24771	297.50408	762.25688	301.45677
M141	12	1	1027.83486	281.20718	842.40367	284.27896
M141	13	0	940.64220	266.23165	766.22018	270.62480
M141	13	1	1034.00000	255.22023	850.33028	256.08972
M141	14	0	785.73394	242.35237	633.54128	250.32790
M141	14	1	882.61468	219.88907	720.29358	225.22186
M141	15	0	697.66055	316.34910	537.98165	323.44372
M141	15	1	769.00000	314.14682	622.97248	311.11093
M141	16	0	775.60550	292.56444	612.84404	297.45677
M141	16	1	858.39450	285.95759	699.59633	289.96900
M141	17	0	914.76147	252.04241	747.59633	258.25612
M141	17	1	973.33028	243.23328	813.21101	249.00653
M141	18	0	338.47706	218.46656	649.12844	227.27569
M141	18	1	914.47706	69.59217	1208.39450	53.73573
M141	19	0	129.46789	492.36868	434.77982	483.10440
M141	19	1	886.01835	306.49592	1218.38532	289.46656
M16	0	0	1091.08257	65.18760	1040.92661	119.80424
M16	0	1	612.47706	29.95106	612.88991	141.82708
M16	1	0	1542.74312	168.25449	1469.94495	174.42088
M16	1	1	972.02752	206.13377	901.63303	256.34584
M16	2	0	707.50577	615.37687	837.91396	610.94776
M16	2	1	1108.47639	697.83955	1174.87723	680.77612
M16	3	0	1380.06296	763.65672	1359.91605	753.58209
M16	3	1	1803.14795	840.22388	1789.04512	848.28358
M16	4	0	1046.03882	470.76119	1062.03882	477.16418
M16	4	1	1534.39559	569.85075	1619.30745	559.63060
M16	5	0	217.58657	233.73134	110.80797	326.41791
M16	5	1	967.05142	324.40299	902.58132	340.52239
M16	6	0	699.09759	407.01493	795.80273	441.26866
M16	6	1	1708.45750	568.20896	1589.59077	566.19403
M16	7	0	10.07345	803.95522	312.27702	747.53731
M16	7	1	824.00839	862.38806	805.87618	826.11940
M16	8	0	205.49843	392.91045	197.43966	441.26866
M16	8	1	882.43442	443.28358	830.05247	463.43284
M16	9	0	1267.34418	590.13433	1405.60546	585.12687
M16	9	1	1607.72298	628.71269	1862.07765	628.04478
M16	10	0	1560.66055	978.69494	1381.78899	961.07667
M16	10	1	665.71560	744.12724	627.00917	725.03100
M16	11	0	1232.53200	194.88060	1403.87093	203.20522
M16	11	1	1520.63274	194.37687	1753.41973	162.40299
M163	0	0	1173.31794	588.36940	716.45435	531.33209
M163	0	1	1170.79958	664.93657	715.44701	610.41791
M163	1	0	1043.33788	411.26493	651.09444	351.54104
M163	1	1	1806.67366	393.76493	1220.95803	326.60821
M163	2	0	106.77859	895.20149	353.45435	795.69776
M163	2	1	482.00944	780.18657	712.47219	715.01493
M163	3	0	84.61700	1009.47761	10.07345	828.13433
M163	3	1	1001.30115	985.29851	958.99265	942.98507
M163	4	0	265.93914	904.70149	368.68835	793.88060
M163	4	1	936.83106	1011.49254	1001.30115	959.10448
M163	5	0	128.94019	1039.70149	340.48269	908.73134
M163	5	1	771.62644	880.52239	973.09549	836.19403
M163	6	0	131.18363	902.53358	358.44386	798.57463
M163	6	1	424.32109	937.29104	627.90871	860.53358
M163	7	0	402.39664	825.28358	580.77545	754.07090
M163	7	1	753.96013	938.62313	945.93809	897.13060
M163	8	0	725.28856	763.65672	485.54040	683.05970
M163	8	1	1249.10808	830.14925	1045.62434	807.98507
M163	9	0	605.57188	885.25746	781.75236	819.67164
M163	9	1	746.60021	920.01493	919.75866	868.53358
M163	10	0	288.43652	785.51866	488.87093	702.58582
M163	10	1	445.58237	795.59328	629.89927	721.22388
M163	11	0	361.95488	764.11194	556.29696	686.05224
M163	11	1	499.45750	759.57836	686.24449	691.59328
M163	12	0	199.44701	966.78731	280.13851	855.25746
M163	12	1	867.46905	926.69776	971.57922	875.24627
M163	13	0	225.64533	834.17910	296.15950	743.50746
M163	13	1	942.87513	945.00000	854.22875	886.56716
M163	14	0	397.04617	746.39179	624.98006	679.38060
M163	14	1	593.98216	859.73134	799.25079	805.81716
M163	15	0	1696.36936	675.15672	1452.44806	671.97388
M163	15	1	1906.40084	649.46642	1681.11542	647.79478
M163	16	0	1531.64218	670.72761	1246.45855	652.48881
M163	16	1	1737.14061	599.70149	1431.81007	581.96642
M163	17	0	368.36726	853.09328	362.07240	752.08209
M163	17	1	665.03043	785.59328	664.77964	715.81343
M163	18	0	326.35992	923.84328	386.26443	825.06343
M163	18	1	705.62539	1014.51493	748.90871	955.02612
M163	19	0	656.78909	884.55224	697.08290	812.01493
M163	19	1	993.24239	1055.82090	977.12487	1009.47761
M163	20	0	10.07345	898.65672	104.76390	783.80597
M163	20	1	346.52676	1003.43284	413.01154	898.65672
M163	21	0	410.99685	892.61194	439.20252	793.88060
M163	21	1	755.50892	999.40299	771.62644	938.95522
M163	22	0	574.18678	775.74627	634.62749	709.25373
M163	22	1	840.12592	832.16418	920.71354	785.82090
M163	23	0	556.05456	689.10448	664.84785	642.76119
M163	23	1	219.60126	580.29851	330.40923	501.71642
M163	24	0	199.45435	584.32836	245.79224	491.64179
M163	24	1	477.48164	658.88060	564.11333	582.31343
M163	25	0	340.48269	628.65672	332.42392	535.97015
M163	25	1	618.50997	691.11940	652.75971	648.80597
M163	26	0	4.02938	554.10448	147.07240	463.43284
M163	26	1	290.11542	590.37313	398.90871	517.83582
M163	27	0	525.75236	1002.55224	540.81952	913.66045
M163	27	1	774.56663	930.51866	774.01994	874.36940
M163	28	0	403.50577	903.67537	489.86254	815.00373
M163	28	1	612.02623	828.61940	668.16264	755.56343
M163	29	0	418.47009	654.69776	562.96957	583.64179
M163	29	1	593.24449	733.27985	707.52361	668.77239
M163	30	0	1039.58027	727.38806	874.37566	677.01493
M163	30	1	1261.19622	1047.76119	1015.40399	1007.46269
M163	31	0	417.04092	920.82090	360.62959	812.01493
M163	31	1	799.83211	828.13433	751.47954	767.68657
M163	32	0	413.01154	1045.74627	410.99685	918.80597
M163	32	1	697.08290	983.28358	729.31794	890.59701
M164	0	0	955.45024	185.05618	206.25592	236.62921
M164	0	1	1134.40758	685.61798	318.48341	700.78652
M164	1	0	173.94495	748.11419	592.02752	757.56444
M164	1	1	154.56881	747.67374	572.21101	756.68352
M164	2	0	398.94495	679.25449	820.58716	696.07830
M164	2	1	369.00000	678.37357	788.88073	694.75693
M164	3	0	623.82569	873.39804	591.82569	875.94617
M164	3	1	269.72477	827.98206	164.28440	834.93638
M164	4	0	888.39450	870.48124	951.57798	883.03915
M164	4	1	1169.04587	693.94617	1280.77982	714.98206
M164	5	0	1039.62385	708.92333	1209.42202	724.21697
M164	5	1	726.96330	660.91354	924.35780	675.43067
M164	6	0	1648.50459	695.09951	1882.12844	720.17292
M164	6	1	1334.28440	694.31648	1545.68807	713.12561
M164	7	0	1483.08257	101.30506	1034.83486	105.26917
M164	7	1	655.48624	18.93964	84.11009	81.04405
M164	8	0	583.75229	649.93312	889.03670	663.54160
M164	8	1	790.72477	635.83850	1086.76147	651.20881
M164	9	0	1326.55046	769.75530	1271.35780	791.08646
M164	9	1	1731.52294	719.67374	1798.04587	747.65742
M164	10	0	414.93578	742.28874	558.86239	754.48124
M164	10	1	789.24771	751.09788	889.86239	765.77977
M164	11	0	266.61468	573.93475	541.56881	600.00489
M164	11	1	75.93578	551.91191	412.10092	577.54160
M164	12	0	1474.93578	209.15824	1487.50459	196.11582
M164	12	1	1153.77982	215.63785	1189.36697	219.50571
M164	13	0	800.48624	429.39967	1114.10092	444.86460
M164	13	1	664.41284	426.31648	993.00000	445.74551
M164	14	0	855.53211	493.70636	1023.38532	512.25449
M164	14	1	628.30275	495.46819	812.44954	520.18271
M164	15	0	1225.08257	151.95759	1402.86239	145.35073
M164	15	1	1005.77982	159.88581	1172.11009	168.25449
M164	16	0	951.61468	101.30506	1286.60550	102.18597
M164	16	1	840.20183	93.81729	1175.63303	105.70962
M164	17	0	1034.29358	576.13703	1277.27523	590.42251
M164	17	1	1216.16514	569.08972	1471.03670	582.05383
M164	18	0	813.76147	294.13703	1143.18349	310.27896
M164	18	1	671.52294	289.29201	1000.50459	311.15987
M164	19	0	503.76147	433.91028	825.14679	461.41109
M164	19	1	326.29358	435.67210	663.09174	466.69657
M164	20	0	814.44037	626.92333	1163.88991	644.94617
M164	20	1	672.20183	631.32790	1020.33028	649.35073
M164	21	0	810.83486	224.30343	1179.99083	239.81403
M164	21	1	693.69725	229.58891	1064.17431	251.70636
M164	22	0	572.22936	537.61175	757.45872	560.61175
M164	22	1	815.18349	514.56607	991.29358	531.54160
M164	23	0	806.54128	629.32626	985.17431	647.35073
M164	23	1	1011.31193	576.47145	1172.77064	591.41272
M164	24	0	909.16514	235.99021	1069.54128	249.53834
M164	24	1	1105.56881	154.94617	1247.00917	158.80424
M164	25	0	1232.86239	521.37684	1407.49541	531.19576
M164	25	1	1464.05505	538.11419	1658.94495	546.61175
M164	26	0	1234.62385	625.76509	1418.06422	639.54812
M164	26	1	1001.31193	633.63622	1184.41284	650.43393
M164	27	0	1118.75229	476.08646	1342.89908	486.03915
M164	27	1	1292.25688	408.69657	1527.41284	408.51876
M164	28	0	1404.77064	436.58238	1605.57798	437.05710
M164	28	1	1624.95413	371.39478	1832.80734	359.53670
M164	29	0	1321.66055	608.59054	1521.93578	620.80261
M164	29	1	1537.44037	549.12887	1720.54128	557.81729
M164	30	0	344.94495	510.30179	529.66972	536.92170
M164	30	1	537.82569	485.19576	678.07339	510.49429
M164	31	0	564.80734	552.96900	759.04587	574.08809
M164	31	1	721.13761	449.02121	916.69725	465.73573
M164	32	0	1090.27523	497.47961	1362.12844	508.55302
M164	32	1	948.91743	479.86134	1201.83486	495.33931
M164	33	0	1252.91743	676.32626	1026.90826	698.73083
M164	33	1	1345.83486	644.17292	1110.13761	660.85155
M164	34	0	1437.43119	621.26917	1164.74312	636.18597
M164	34	1	1551.04587	586.47308	1276.15596	597.42577
M164	35	0	1033.81651	802.87439	816.08257	820.00653
M164	35	1	1135.54128	792.30343	910.76147	809.87602
M164	36	0	1088.34862	739.50571	863.37615	758.93475
M164	36	1	1176.86239	722.76835	940.00000	740.43556
M164	37	0	1054.04587	750.51713	905.77982	767.84013
M164	37	1	1151.36697	761.52855	983.28440	781.05383
M164	38	0	416.21101	661.14845	893.10092	679.49429
M164	38	1	297.31193	672.15987	788.29358	686.54160
M164	39	0	817.65138	731.87439	1254.14679	747.03915
M164	39	1	929.50459	704.56607	1365.55963	722.81403
M164	40	0	900.88991	740.95432	1173.09174	757.46819
M164	40	1	1159.82569	712.32463	1442.22018	729.01631
M164	41	0	1079.40367	594.24144	1528.88991	607.83850
M164	41	1	968.43119	590.27732	1409.11009	603.87439
M164	42	0	1260.66972	624.82545	1200.49541	641.65905
M164	42	1	595.11009	449.12724	428.03670	474.51550
M164	43	0	1457.15596	320.59869	1739.47706	308.32626
M164	43	1	1056.18349	199.03915	1272.06422	200.10114
M164	44	0	656.19266	254.57423	781.78899	284.48124
M164	44	1	1271.33028	152.83850	1369.47706	146.37520
M164	45	0	693.93578	420.20718	885.89908	440.31321
M164	45	1	133.21101	503.88744	358.01835	540.55139
M165	0	0	1128.22665	540.00000	824.00839	513.80597
M165	0	1	1063.75656	701.19403	755.50892	666.94030
M165	1	0	1126.21196	540.00000	824.00839	511.79104
M165	1	1	1043.60965	713.28358	771.62644	715.29851
M165	2	0	981.30010	421.45896	1130.38825	422.30224
M165	2	1	1082.03463	435.56343	1227.59706	434.89552
M165	3	0	839.76810	497.52239	1005.98111	501.89179
M165	3	1	921.86674	505.07836	1080.52466	504.91418
M165	4	0	842.79014	485.93657	959.13956	470.15672
M165	4	1	990.36621	495.00373	1119.81112	498.36567
M165	5	0	1007.99475	502.55970	1161.61595	505.92164
M165	5	1	1093.61910	509.10821	1259.83211	502.89925
M165	6	0	840.77545	509.61194	1002.95908	515.49254
M165	6	1	934.96222	513.13806	1094.62749	512.47015
M165	7	0	1063.36842	376.86184	1217.07660	378.44403
M165	7	1	1152.04617	381.22015	1312.27072	381.46642
M165	8	0	1267.89087	415.97761	1436.67786	421.76493
M165	8	1	1368.62539	416.98507	1553.02623	413.20149
M165	9	0	1237.16684	471.89179	1416.02728	470.12313
M165	9	1	1338.40504	477.93657	1521.79853	480.70149
M165	10	0	1500.70829	507.02985	1723.56768	511.48881
M165	10	1	1621.58972	507.02985	1872.15110	511.99254
M165	11	0	127.76390	360.20896	321.29276	371.48134
M165	11	1	290.45016	369.27612	455.26967	379.54104
M165	12	0	302.03463	428.21269	468.36516	430.41791
M165	12	1	414.85729	422.67164	572.62539	430.41791
M165	13	0	29.21301	242.49627	234.59811	275.00746
M165	13	1	188.87723	264.66045	370.58972	282.05970
M165	14	0	673.86254	400.48881	802.67156	405.64552
M165	14	1	801.79538	404.51866	927.07870	404.63806
M165	15	0	532.33054	358.17537	632.07555	362.99254
M165	15	1	650.69360	374.29478	756.48269	374.57836
M165	16	0	319.14271	432.08209	462.85519	437.08955
M165	16	1	486.36201	430.57090	613.95698	432.05224
M165	17	0	131.96222	358.65299	311.67471	376.38433
M165	17	1	284.57503	366.20896	447.16264	378.90299
M165	18	0	844.22246	517.50373	994.22980	518.64552
M165	18	1	718.80797	522.54104	873.85205	519.14925
M165	19	0	657.74921	350.44403	741.83001	355.54478
M165	19	1	845.61910	352.96269	927.68520	355.04104
M165	20	0	886.92025	360.01493	990.14061	359.07090
M165	20	1	989.66946	358.00000	1102.20776	356.09328
M165	21	0	728.61595	471.57836	806.21196	474.80970
M165	21	1	909.93809	470.06716	984.51207	467.75746
M165	22	0	633.92550	432.28731	756.34837	434.00746
M165	22	1	770.42078	436.82090	880.75551	431.48881
M165	23	0	475.78489	414.23881	581.60546	421.60821
M165	23	1	648.54460	400.13433	746.81007	408.51119
M165	24	0	302.52151	335.65672	409.34837	345.27612
M165	24	1	500.46485	334.64925	593.69255	337.21642
M165	25	0	12.08814	293.86194	177.73033	318.88806
M165	25	1	247.80693	286.30597	372.65163	301.76119
M165	26	0	1179.79014	241.44403	1160.89297	228.82090
M165	26	1	1435.15215	262.09701	1443.45331	247.96269
M165	27	0	582.68625	262.97015	596.97692	269.48134
M165	27	1	837.04092	240.30224	841.76180	240.76866
M165	28	0	874.48793	212.95522	946.48793	211.81343
M165	28	1	1046.74397	190.79104	1120.75866	181.08582
M165	29	0	1169.76076	276.93284	1220.05771	269.77612
M165	29	1	1345.03882	327.30597	1393.32109	313.60075
M165	30	0	558.96957	370.56343	636.67891	379.23134
M165	30	1	749.35782	388.19403	805.91291	388.29851
M165	31	0	676.57608	465.39925	778.05037	467.25373
M165	31	1	807.53095	467.91791	893.39140	461.71269
M165	32	0	532.56453	338.19030	608.56139	343.80597
M165	32	1	732.52256	359.34701	804.99370	360.93284
M165	33	0	969.28227	475.25000	1007.28227	468.86940
M165	33	1	1178.30640	476.76119	1211.77335	468.86940
M165	34	0	827.02833	339.86940	893.36306	339.75000
M165	34	1	1031.01574	385.70896	1102.89087	384.07836
M165	35	0	1056.80378	376.68284	1124.03148	373.42164
M165	35	1	1221.00105	376.17910	1301.32424	367.88060
M165	36	0	1202.65373	636.07836	1075.59182	628.78358
M165	36	1	1564.29066	686.45149	1399.95698	687.72015
M165	37	0	425.49213	162.15299	339.70199	174.36194
M165	37	1	785.61805	225.11940	691.76915	217.68284
M165	38	0	443.96642	289.35821	366.96222	296.87313
M165	38	1	757.25079	377.00746	683.11962	368.62313
M165	39	0	517.77545	860.37313	233.70409	892.61194
M165	39	1	1351.85729	844.25373	1112.10913	787.83582
M165	40	0	300.18888	443.28358	243.77754	429.17910
M165	40	1	842.14061	487.61194	735.36201	471.49254
M165	41	0	1903.88248	552.08955	1831.35362	556.11940
M165	41	1	1404.23924	503.73134	1303.50472	489.62687
M165	42	0	604.96642	473.14925	672.52886	472.08209
M165	42	1	951.99685	490.77985	974.73242	488.70522
M165	43	0	266.94648	396.88060	159.16055	394.85075
M165	43	1	668.87723	479.49254	564.11333	466.38060
M165	44	0	572.99790	463.87313	616.56348	454.97015
M165	44	1	828.86359	471.93284	860.34103	465.04478
M165	45	0	976.51312	371.75373	998.80063	366.84328
M165	45	1	1183.01889	368.73134	1219.40923	356.76866
M165	46	0	989.32634	503.11940	1001.61280	494.63060
M165	46	1	1220.00839	493.54851	1242.36831	483.54851
M165	47	0	724.23400	410.87687	754.82581	406.91045
M165	47	1	927.21406	435.55970	961.83526	426.55597
M165	48	0	745.66842	212.39179	754.52886	209.72761
M165	48	1	969.80273	207.85821	975.64113	198.64552
M165	49	0	1298.85624	215.03358	1278.58762	195.05597
M165	49	1	1579.90556	253.31716	1557.62225	224.27239
M165	50	0	1133.72403	485.96269	1060.14271	475.84328
M165	50	1	1417.79538	516.18657	1305.93494	503.54851
M165	51	0	113.86359	432.43284	37.77545	419.35075
M165	51	1	454.34627	356.36940	398.90871	354.87313
M165	52	0	206.50577	94.70149	376.47639	122.91045
M165	52	1	880.41973	73.54478	1019.16264	70.52239
M165	53	0	223.63064	276.04478	247.80693	290.14925
M165	53	1	1108.07975	570.22388	975.11018	564.17910
M169	0	0	1807.77251	51.57303	1016.11374	45.50562
M169	0	1	1829.00474	561.23596	1000.94787	570.33708
M169	1	0	1057.05505	577.66069	800.52294	598.89886
M169	1	1	1399.52294	566.19413	1257.64220	577.85155
M169	2	0	272.11927	642.29201	313.88991	666.62316
M169	2	1	1020.61468	576.31485	1011.77982	592.92170
M169	3	0	56.91501	888.69776	201.54669	883.66045
M169	3	1	175.27807	873.08209	312.85834	870.56343
M169	4	0	287.94495	774.69657	261.15596	788.48940
M169	4	1	628.62385	725.26754	672.87156	740.56607
M169	5	0	1493.25688	326.51550	1697.02752	318.09951
M169	5	1	1146.24771	252.51876	1315.22936	259.51876
M169	6	0	1459.21101	628.74388	1673.53211	648.67210
M169	6	1	1147.84404	642.63622	1317.71560	665.40946
M169	7	0	1487.88991	475.07504	1790.06422	481.12398
M169	7	1	1222.79817	557.10114	1485.51376	573.63622
M169	8	0	620.03670	986.62316	303.26606	998.07504
M169	8	1	1055.11927	781.11256	916.44037	800.24470
M169	9	0	500.98165	601.06036	667.53211	621.68026
M169	9	1	822.44954	620.44046	1013.66055	643.70310
M169	10	0	1005.64220	659.20065	1146.65138	680.70147
M169	10	1	765.20183	747.29201	843.67890	759.98369
M169	11	0	1139.48624	818.07993	1173.11009	839.51060
M169	11	1	1501.46789	696.51387	1602.90826	723.23002
M169	12	0	989.11857	124.42164	1281.07450	140.80597
M169	12	1	796.21196	212.57463	1096.73033	238.02612
M169	13	0	1220.39559	563.64552	1334.55194	584.30970
M169	13	1	569.30430	418.20896	705.41763	446.92537
M169	14	0	795.39559	419.07463	1043.81427	446.52612
M169	14	1	424.80797	303.65672	618.93599	348.20896
M169	15	0	762.54250	737.59328	885.73452	761.56343
M169	15	1	1137.52676	737.50000	1293.34313	757.90299
M169	16	0	848.75971	697.56343	1034.24449	713.93284
M169	16	1	1264.79538	726.73507	1446.16264	749.90672
M169	17	0	1404.32949	209.93657	1426.72928	203.99627
M169	17	1	1560.97167	207.41791	1698.38405	188.42164
M169	18	0	250.78909	209.72761	660.84050	259.40672
M169	18	1	442.18468	235.41791	836.62225	280.05970
M169	19	0	812.38532	225.20555	685.94495	262.26754
M169	19	1	1166.58716	193.54160	1124.73394	208.98206
M169	20	0	1414.70642	694.32300	1285.09174	715.87276
M169	20	1	1727.57798	542.55139	1738.88991	554.94617
M169	21	0	175.59811	328.07090	331.74816	377.86940
M169	21	1	536.80693	179.20896	709.28541	219.32463
M169	22	0	834.59391	566.35075	947.54879	589.71642
M169	22	1	457.99475	333.42164	634.47639	370.05970
M169	23	0	853.58657	531.97761	930.42497	556.21642
M169	23	1	437.07870	477.42910	592.78909	503.97761
M169	24	0	1584.67366	202.63060	1764.36516	185.74254
M169	24	1	1250.55719	265.16418	1459.49423	263.78731
M169	25	0	669.81651	550.77814	767.09174	580.00489
M169	25	1	912.01835	541.96900	1084.01835	562.42251
M169	26	0	513.10178	118.37687	595.83736	170.83582
M169	26	1	818.83106	172.77985	949.49423	196.10821
M169	27	0	665.93599	695.04104	782.13851	713.78731
M169	27	1	1216.20672	641.48134	1338.79224	661.35448
M169	28	0	1156.92130	322.86194	1435.50892	329.49627
M169	28	1	825.35467	287.57090	1089.81112	311.06716
M169	29	0	1430.26758	443.47015	1383.87303	452.73507
M169	29	1	1026.17104	493.31343	1101.76285	520.55597
M169	30	0	1142.59391	24.17910	1265.81427	30.72761
M169	30	1	891.61595	169.22388	1071.90031	189.40299
M169	31	0	1326.00000	394.45677	1612.22018	401.06525
M169	31	1	1055.17431	369.35073	1350.70642	390.29364
M169	32	0	1374.99475	1037.68657	1183.27072	1068.91791
M169	32	1	1795.59286	744.55597	1680.52361	774.67910
M169	33	0	204.69045	886.26866	222.11962	891.12313
M169	33	1	717.66737	741.86194	720.49423	761.74254
M169	34	0	91.16474	583.09701	268.21301	605.98881
M169	34	1	461.22665	451.08955	620.53095	488.08209
M169	35	0	1103.92865	837.23881	909.87723	848.23881
M169	35	1	524.54984	529.10821	352.41343	563.14179
M172	0	0	1184.63799	757.61194	695.06821	783.80597
M172	0	1	1192.69675	1067.91045	717.22980	1067.91045
M172	1	0	1232.73767	991.34328	1242.76285	1031.13806
M172	1	1	1286.12697	992.85448	1303.20357	1030.13060
M172	2	0	1457.61490	1000.41045	1475.33263	1046.75373
M172	2	1	1335.72613	995.87687	1352.94019	1031.64179
M172	3	0	443.41658	620.97761	827.43861	646.69776
M172	3	1	280.73033	594.27985	676.33683	622.01493
M172	4	0	1438.87723	759.36940	1578.98741	790.80970
M172	4	1	1571.84680	809.23881	1743.68835	847.22761
M172	5	0	1441.91396	706.20149	1401.18888	730.29104
M172	5	1	914.79643	528.14179	821.45750	559.85075
M172	6	0	1645.12697	748.26119	1604.65582	780.57090
M172	6	1	1063.54879	578.08955	1011.79958	599.24627
M172	7	0	594.87408	804.05224	334.74397	820.26119
M172	7	1	1337.39874	809.72761	1136.71144	834.86940
M172	8	0	982.38090	382.69776	1387.10073	402.02985
M172	8	1	1138.51941	340.88806	1546.76495	351.15299
M172	9	0	998.51312	916.59328	798.24449	938.99254
M172	9	1	1742.20357	831.63060	1504.42812	866.27985
M172	10	0	1455.49541	317.29690	1580.91743	314.46330
M172	10	1	1527.67890	296.54160	1735.04587	287.86297
M172	11	0	1597.93179	676.65299	1817.75446	700.95522
M172	11	1	1311.53515	617.98507	1447.55509	639.50000
M172	12	0	561.96330	109.23328	912.91743	153.27896
M172	12	1	952.36697	69.15171	1272.72477	85.88907
M172	13	0	1296.28440	143.14845	1579.15596	138.49429
M172	13	1	1577.61468	72.23491	1864.07339	33.91517
M172	14	0	905.68835	595.82463	686.42812	623.70522
M172	14	1	1337.89927	264.61567	1065.92760	276.26493
M172	15	0	632.56139	221.16418	323.01049	265.11940
M172	15	1	1142.24029	335.80970	871.43547	362.96269
M172	16	0	432.09174	847.45677	233.46789	862.43067
M172	16	1	952.11927	818.19413	778.73394	838.39804
M172	17	0	1171.47706	675.10114	983.22936	705.67374
M172	17	1	723.88073	610.15824	513.88073	635.93475
M172	18	0	963.81651	236.38499	763.86239	267.22023
M172	18	1	1490.72477	151.95759	1257.08257	156.36215
M172	19	0	774.51376	455.29201	505.77064	490.48124
M172	19	1	1170.11927	419.67210	982.13761	443.49429
M172	20	0	560.49541	435.07667	314.55046	471.68352
M172	20	1	1026.14679	457.09951	833.00917	483.39804
M172	21	0	930.60651	392.22761	845.82686	419.56343
M172	21	1	1378.87513	458.21642	1271.93389	474.47015
M172	22	0	1737.87513	285.17910	1561.45750	283.11940
M172	22	1	1307.23505	215.66418	1096.34732	229.63806
M172	23	0	1599.38532	72.67537	1526.88991	63.86623
M172	23	1	1711.23853	77.07993	1631.69725	57.25938
M172	24	0	1596.30275	96.46003	1534.81651	89.41272
M172	24	1	1695.38532	94.25775	1625.97248	77.96085
M172	25	0	1558.43119	112.31648	1485.05505	99.10277
M172	25	1	1627.56881	101.74551	1550.22936	91.17455
M178	0	0	748.79817	781.30179	359.55046	744.06525
M178	0	1	1518.50459	701.81566	1078.24771	692.32790
M178	1	0	1142.40367	424.36378	1188.61468	424.61338
M178	1	1	983.43119	460.04078	1048.13761	455.44535
M178	2	0	1342.52294	550.69657	1062.04587	549.46819
M178	2	1	808.33028	518.52692	560.60550	506.54160
M178	3	0	1615.26606	886.19902	1151.10092	857.12887
M178	3	1	1141.43119	735.56281	801.44954	710.89723
M178	4	0	1105.80734	526.91191	829.61468	516.89396
M178	4	1	1436.96330	454.67700	1141.39450	459.63458
M178	5	0	934.41284	664.39152	529.00917	638.60848
M178	5	1	634.96330	393.95106	255.41284	389.36378
M178	6	0	1666.99790	1025.59701	1216.86884	988.82463
M178	6	1	1527.48059	961.11940	1106.06086	932.40672
M178	7	0	1144.15320	848.59328	806.90661	815.08955
M178	7	1	1516.51207	805.19776	1119.20042	779.35821
M178	8	0	1720.99083	719.68352	1464.11009	712.29038
M178	8	1	1477.02752	689.73246	1283.11927	687.18434
M178	9	0	1520.00000	500.75204	1163.80734	503.44372
M178	9	1	1471.11927	505.15661	1126.81651	505.64600
M178	10	0	1627.88991	432.04078	1255.40367	443.10114
M178	10	1	1512.51376	441.73083	1182.30275	450.58891
M178	11	0	1533.65138	458.02773	1175.25688	467.32626
M178	11	1	1597.94495	453.18271	1216.65138	460.27896
M178	12	0	1549.94495	480.05057	1184.50459	487.14682
M178	12	1	1610.71560	473.44372	1240.87156	476.57586
M178	13	0	681.56881	457.19576	454.90826	447.25449
M178	13	1	732.21101	459.83850	497.62385	451.65905
M178	14	0	725.60550	481.42088	489.25688	470.15824
M178	14	1	772.28440	484.50408	534.61468	475.00326
M178	15	0	794.77982	747.65905	607.46789	714.15824
M178	15	1	1003.90826	714.99347	841.74312	691.25449
M178	16	0	1446.05505	613.62316	1322.41284	607.74225
M178	16	1	1254.93578	583.23165	1151.11009	576.46982
M178	17	0	1588.51376	667.84992	1291.63303	669.06199
M178	17	1	1250.78899	642.16150	1042.27523	630.35073
M178	18	0	1682.20183	715.30179	1391.88991	717.38662
M178	18	1	1372.38532	687.81566	1170.29358	676.81566
M178	19	0	1416.47324	761.38806	1119.27492	748.73507
M178	19	1	1726.23190	757.35821	1373.62959	747.22388
M178	20	0	1743.46789	755.26754	1293.07339	745.38499
M178	20	1	1293.55046	675.32790	936.22018	661.63785
M178	21	0	490.62385	722.57749	216.46789	686.40946
M178	21	1	1000.11009	676.64927	749.89908	656.19739
M178	22	0	1138.88991	626.60033	1018.50459	612.83850
M178	22	1	1442.30275	545.99674	1331.16514	546.32953
M178	23	0	568.95413	542.39152	616.52294	524.13051
M178	23	1	277.43119	501.86949	368.15596	483.60848
M178	24	0	1092.27523	548.67210	1120.33945	536.67210
M178	24	1	830.25688	512.11419	876.81651	501.43556
M178	25	0	609.49541	686.19576	601.02752	654.92170
M178	25	1	287.14679	646.55465	271.63303	607.79282
M178	26	0	202.92661	534.92333	370.33028	510.35237
M178	26	1	475.07339	556.50571	591.39450	535.01794
M178	27	0	695.94495	564.27896	808.37615	545.73083
M178	27	1	459.46789	526.53997	612.52294	507.55302
M178	28	0	1402.03148	540.23134	1387.96222	537.16418
M178	28	1	1573.78384	515.54851	1533.52361	521.04478
M178	29	0	905.39450	660.68515	616.51376	639.54323
M178	29	1	1495.48624	625.44861	1169.61468	620.16313
M178	30	0	1127.33945	1006.00326	641.17431	977.81403
M178	30	1	1710.38532	965.48124	1169.61468	932.00653
M178	31	0	1610.54250	600.91791	1154.19622	601.25746
M178	31	1	954.88458	609.65672	596.91815	588.66418
M178	32	0	1077.85624	634.50373	926.34103	618.08955
M178	32	1	1376.03043	647.09701	1206.88667	640.25373
M178	33	0	1023.35887	249.95149	846.75656	265.57836
M178	33	1	1478.97167	167.53358	1225.49108	196.86940
M178	34	0	992.16514	88.53181	1027.48624	114.51876
M178	34	1	864.45872	104.38825	914.31193	129.49429
M18	0	0	1321.94495	766.24959	617.69725	774.86949
M18	0	1	1238.27523	738.06036	700.48624	749.32300
M18	1	0	733.66842	651.45522	717.96537	657.44030
M18	1	1	1037.88667	687.22015	1037.56558	693.13433
M18	2	0	1117.94753	659.58582	1197.79224	665.90299
M18	2	1	1287.68520	635.40672	1403.79433	644.74627
M18	3	0	797.71249	563.53731	886.86359	568.77985
M18	3	1	1067.68101	568.07090	1159.35047	566.76493
M18	4	0	438.85519	405.25000	534.73347	434.86194
M18	4	1	728.18573	471.75373	800.55299	484.08209
M18	5	0	989.56558	645.92910	1074.43547	667.79851
M18	5	1	1249.46065	635.85448	1332.09444	646.16791
M18	6	0	536.73033	647.05224	593.36201	647.02239
M18	6	1	754.31689	624.88806	798.86044	629.89552
M18	7	0	171.75236	518.72015	312.51626	539.45149
M18	7	1	535.56139	509.39925	618.28122	523.15299
M18	8	0	1213.92235	627.54478	1341.33788	634.96269
M18	8	1	1476.33578	681.94776	1650.08919	706.49254
M18	9	0	1195.27072	579.85075	1250.55824	582.84328
M18	9	1	1417.89402	566.75373	1532.11123	562.19030
M18	10	0	1043.18993	668.67164	1134.27072	683.05970
M18	10	1	1315.67681	694.36194	1388.12172	701.19403
M18	11	0	973.09549	505.74627	1007.28122	512.22015
M18	11	1	1247.09339	505.74627	1269.25498	501.71642
M18	12	0	577.05771	605.10821	568.14271	614.55224
M18	12	1	841.98951	541.13433	852.21406	546.04478
M18	13	0	847.30745	592.91791	889.61595	601.33209
M18	13	1	1062.37566	624.14925	1095.61805	633.57090
M18	14	0	1365.12697	643.15672	1396.81847	651.51493
M18	14	1	1731.12277	652.62313	1773.93494	667.61567
M18	15	0	145.56139	656.01493	591.88458	645.89552
M18	15	1	270.97587	661.05224	684.56034	655.97015
M18	16	0	264.43652	460.17164	583.66107	480.82090
M18	16	1	519.79853	474.77985	799.23295	487.87313
M18	17	0	1197.68625	635.61567	1581.02833	641.88433
M18	17	1	1338.71459	641.15672	1760.33578	650.44776
M18	18	0	501.69360	535.99254	824.68311	545.17910
M18	18	1	614.01259	518.36194	923.90661	525.53358
M18	19	0	181.04302	620.20896	644.21931	619.95522
M18	19	1	294.87303	624.23881	719.26653	621.46642
M18	20	0	1124.53515	443.76866	1461.81847	431.01493
M18	20	1	1252.46800	449.81343	1611.91291	432.52612
M18	21	0	190.89192	620.06343	638.23400	617.52612
M18	21	1	266.94648	612.50746	695.65268	614.00000
M18	22	0	1108.46170	480.32090	1394.38510	471.37313
M18	22	1	1251.00105	414.83582	1574.69990	397.32463
M18	23	0	500.97272	516.13060	575.39559	532.78358
M18	23	1	933.86674	571.04851	1000.78069	575.90672
M18	24	0	332.42392	691.11940	225.64533	691.11940
M18	24	1	1440.50367	614.55224	1434.45960	622.61194
M18	25	0	752.88143	382.89179	902.13536	393.98507
M18	25	1	1587.81007	134.95522	1891.79433	34.25373
M18	26	0	1027.49213	866.41791	858.25813	878.50746
M18	26	1	1720.54565	606.49254	1521.09129	626.64179
M18	27	0	397.77754	263.26866	305.41133	314.54851
M18	27	1	1101.66317	281.57090	901.73347	284.51866
M18	28	0	692.92818	719.57377	606.91160	716.27869
M18	28	1	1152.24862	648.70492	1138.50829	653.47541
M18	29	0	915.94019	604.65299	967.05142	610.52239
M18	29	1	1319.40294	558.79478	1404.23924	552.08955
M18	30	0	898.09392	602.29508	952.44199	607.55738
M18	30	1	1312.06630	559.78689	1394.69061	561.04918
M18	31	0	651.82873	562.31148	790.68508	571.08197
M18	31	1	990.82873	532.39344	1143.20442	537.95082
M18	32	0	1184.54669	585.13806	1128.61280	587.17164
M18	32	1	1550.91396	551.46642	1494.88877	552.70896
M18	33	0	648.27912	525.55224	889.36306	532.32463
M18	33	1	958.03778	554.26493	1201.64008	551.97015
M181	0	0	1166.50577	640.74627	819.97901	662.91045
M181	0	1	1232.99056	822.08955	884.44911	852.31343
M181	1	0	395.48164	489.33582	467.48898	494.38806
M181	1	1	423.68730	488.66418	494.68730	494.05224
M181	2	0	251.21196	386.19403	14.43861	384.85075
M181	2	1	330.79224	406.00746	95.02623	406.00746
M181	3	0	298.55719	431.52985	16.11752	435.55970
M181	3	1	365.17209	445.00000	104.42812	445.63433
M181	4	0	279.60126	385.15672	260.90241	394.04478
M181	4	1	305.79224	390.69776	287.59706	396.56343
M181	5	0	1188.13536	530.33955	1015.05771	552.36940
M181	5	1	1456.08919	559.55597	1254.30220	586.11940
M181	6	0	1192.79853	625.51119	926.18783	638.93284
M181	6	1	856.84890	639.61567	526.77545	650.01493
M181	7	0	1150.39450	662.71941	1003.21101	681.06362
M181	7	1	957.60550	478.99347	830.31193	495.73246
M181	8	0	1334.09654	484.11194	1319.89087	505.63806
M181	8	1	1156.80378	481.08955	1136.05037	498.58582
M181	9	0	1033.22350	577.38806	786.08185	596.26866
M181	9	1	707.75551	494.54104	427.22246	512.63060
M181	10	0	1037.41343	777.71269	636.92130	793.65299
M181	10	1	692.76705	558.47015	297.26443	568.88433
M181	11	0	1397.05666	703.87313	1057.33998	732.30597
M181	11	1	944.91396	605.52612	586.91710	625.27612
M181	12	0	1624.89087	728.85448	1210.81427	762.11194
M181	12	1	1147.39559	651.05224	844.65687	672.57836
M181	13	0	1180.57503	739.11940	865.45016	761.73881
M181	13	1	801.66737	605.79104	486.05037	615.73507
M181	14	0	1056.26606	536.52692	935.20183	554.54160
M181	14	1	791.16514	495.56444	684.44037	507.07667
M181	15	0	176.94439	367.52612	276.56558	382.41418
M181	15	1	331.57188	336.79851	410.03882	351.68657
M181	16	0	446.40923	401.77985	510.77335	411.63060
M181	16	1	560.23924	396.23881	626.11438	406.08955
M181	17	0	1494.79643	668.94030	1168.70829	700.39179
M181	17	1	1585.96118	699.16418	1249.79958	729.10448
M181	18	0	689.80378	734.64552	248.75971	745.59328
M181	18	1	788.52361	711.47388	335.39140	723.93284
M181	19	0	560.06086	757.56343	213.93599	760.17164
M181	19	1	508.68625	785.77239	104.63903	798.45522
M181	20	0	462.52781	753.93284	23.67261	762.64552
M181	20	1	539.08604	743.35448	150.09444	756.09701
M181	21	0	308.86239	533.55302	332.84404	533.89723
M181	21	1	546.66055	517.25612	554.34862	523.32626
M181	22	0	747.10598	566.86940	632.06086	577.74627
M181	22	1	1132.91920	534.12687	1002.24449	552.35448
M181	23	0	55.40399	378.94776	88.52151	388.11940
M181	23	1	355.08919	354.26493	379.14061	369.98507
M181	24	0	653.28856	413.94776	762.96852	425.62313
M181	24	1	521.32634	440.64552	633.02099	446.77985
M181	25	0	1339.93179	673.77985	841.08290	699.85448
M181	25	1	1083.05352	415.41418	841.33683	434.61194
M181	26	0	740.05037	584.69776	624.86254	592.87687
M181	26	1	879.56768	572.60821	774.45331	585.82463
M181	27	0	1270.10178	326.51493	1189.60126	340.97761
M181	27	1	1511.36097	268.58582	1438.72193	283.45149
M181	28	0	854.66632	481.69776	759.78489	492.95522
M181	28	1	674.85519	451.97761	601.12802	461.72388
M181	29	0	797.24764	390.52239	733.59391	412.86194
M181	29	1	962.81427	409.26493	917.93809	426.96642
M181	30	0	1301.33028	620.57586	797.28440	657.18271
M181	30	1	712.96330	449.75530	216.05505	469.67047
M184	0	0	1216.33945	697.64763	666.22936	680.92170
M184	0	1	1302.65138	726.71778	581.23853	703.82545
M184	1	0	859.54250	515.12313	1194.62329	526.27985
M184	1	1	901.34732	484.39552	1237.43547	496.05597
M184	2	0	138.00630	460.52612	642.79643	500.30224
M184	2	1	199.95803	473.11940	681.57922	512.89552
M184	3	0	219.10178	269.54851	630.26338	333.82090
M184	3	1	412.00839	346.61940	766.75866	388.22388
M184	4	0	1329.94753	426.83209	1347.68311	408.29851
M184	4	1	1520.83945	315.50746	1646.36097	263.22388
M184	5	0	65.47744	477.22388	549.84050	515.47388
M184	5	1	169.73767	510.47015	614.81427	540.15672
M184	6	0	398.33683	506.06716	514.89612	527.28358
M184	6	1	613.90871	495.99254	756.65897	515.69776
M184	7	0	842.75551	429.26493	962.88772	439.75373
M184	7	1	976.15635	568.81343	1105.03882	581.69030
M184	8	0	494.32844	555.83209	711.69990	571.48134
M184	8	1	300.41448	556.33582	537.42917	577.52612
M184	9	0	776.73242	339.07836	979.88772	359.85075
M184	9	1	403.65268	427.35075	645.05352	458.48134
M184	10	0	917.38825	361.64925	459.34942	364.70149
M184	10	1	1436.31060	171.63433	1041.59496	139.02985
M184	11	0	692.60336	279.89552	894.28437	294.99254
M184	11	1	569.70724	292.48881	801.10493	316.14925
M184	12	0	623.73033	144.92537	919.71563	189.39925
M184	12	1	741.58972	183.71269	1028.00525	217.10448
M184	13	0	1739.18153	775.44403	1555.46170	772.43657
M184	13	1	1832.36097	813.72761	1631.01259	809.71269
M184	14	0	1294.25688	370.55954	1431.19266	349.72268
M184	14	1	1465.11927	343.25122	1641.00917	295.98695
M184	15	0	294.14481	187.38806	368.68835	261.94030
M184	15	1	622.53935	223.65672	682.98006	261.94030
M184	16	0	938.60860	169.45896	1028.98846	184.21269
M184	16	1	1191.45226	228.39552	1277.80273	199.32463
M184	17	0	787.34103	78.58209	926.60965	112.33209
M184	17	1	970.67786	120.39179	1105.91710	117.87313
M184	18	0	1210.23820	349.09701	1522.64638	326.62313
M184	18	1	1410.19622	348.08955	1769.94963	302.94776
M184	19	0	871.22980	122.24254	1161.03568	123.32463
M184	19	1	1027.87198	96.04851	1325.73662	87.55970
M184	20	0	292.35572	161.19403	449.27597	201.49254
M184	20	1	648.51731	140.04851	731.51626	145.07463
M184	21	0	543.39664	86.64179	775.50157	141.48881
M184	21	1	732.77754	63.47015	906.45645	108.24254
M184	22	0	632.18993	909.34701	809.95803	912.33955
M184	22	1	829.62959	925.46642	990.27282	934.00000
M184	23	0	463.37880	967.16418	328.39454	930.89552
M184	23	1	1071.81532	1053.80597	836.09654	1043.73134
M184	24	0	543.96642	979.25373	386.82057	906.71642
M184	24	1	1158.44701	1055.82090	898.55194	1049.77612
M184	25	0	301.55824	917.79851	446.57608	887.34701
M184	25	1	548.86149	940.97015	643.51207	926.63806
M184	26	0	399.41763	889.92537	590.04302	865.52612
M184	26	1	645.71354	932.74254	814.68101	922.95149
M184	27	0	860.27282	1017.53731	896.31165	1015.52239
M184	27	1	1166.50577	1045.74627	1158.22141	1069.42164
M184	28	0	183.33683	1039.70149	382.79119	971.19403
M184	28	1	550.01049	1031.64179	691.03882	995.37313
M189	0	0	903.33945	599.21697	778.43119	612.25449
M189	0	1	670.38532	519.93475	606.95413	531.58891
M189	1	0	1192.41284	542.86134	1091.27523	571.23002
M189	1	1	1349.62385	496.17292	1252.44954	518.81566
M189	2	0	1362.14679	431.35073	1234.36697	454.15987
M189	2	1	1558.99083	364.40131	1421.08257	388.97227
M189	3	0	1406.97248	560.51387	1231.76147	589.47961
M189	3	1	1607.33945	477.26754	1423.76147	504.91191
M189	4	0	574.66972	298.73409	335.21101	315.08972
M189	4	1	378.26606	389.02773	122.95413	398.33605
M189	5	0	623.06422	435.48287	497.26606	447.50408
M189	5	1	770.58716	446.93475	658.00000	465.56281
M189	6	0	1036.61468	506.64600	1023.05505	524.49266
M189	6	1	678.11927	349.62480	675.42202	364.64763
M189	7	0	1279.62385	210.20881	1287.09174	221.00653
M189	7	1	1107.88073	263.50408	1118.87156	277.38499
M189	8	0	1690.56881	208.38662	1761.02752	216.56444
M189	8	1	445.59633	3.08320	357.59633	3.08320
M189	9	0	1351.80734	186.45677	989.03670	204.76835
M189	9	1	1822.23853	51.09299	1411.30275	93.81729
M189	10	0	1070.91743	226.04241	825.57798	246.74388
M189	10	1	1379.61468	244.10114	1160.80734	262.55302
M189	11	0	1329.79817	294.87439	1113.85321	321.62316
M189	11	1	1630.65138	325.11256	1424.10092	348.39804
M189	12	0	1243.29358	172.26754	1284.57798	177.94617
M189	12	1	1382.44954	173.14845	1421.53211	181.46982
M189	13	0	1425.38532	142.70799	1358.76147	155.33931
M189	13	1	1209.60550	113.19739	1138.57798	126.70962
M189	14	0	712.44037	572.84992	542.78899	578.29201
M189	14	1	1044.67890	553.46982	889.68807	569.92170
M189	15	0	1233.93578	607.01631	960.98165	629.63458
M189	15	1	826.59633	562.08972	555.40367	578.10114
M189	16	0	447.08257	533.84829	337.22936	543.10114
M189	16	1	680.03670	510.50408	616.99083	522.57749
M189	17	0	903.22018	479.61175	548.73394	496.59054
M189	17	1	1374.79817	452.07830	1025.55963	476.10277
M189	18	0	925.40367	265.64763	885.33945	288.55465
M189	18	1	664.55046	339.69657	622.00000	351.98042
M189	19	0	955.38532	227.86297	739.47706	245.10114
M189	19	1	1338.47706	201.53181	1051.62385	223.17129
M189	20	0	297.98165	554.21860	231.63303	557.51060
M189	20	1	471.67890	474.04078	410.68807	484.61338
M189	21	0	596.44954	462.20555	601.29358	472.75530
M189	21	1	743.53211	440.18271	734.72477	453.37520
M189	22	0	1143.23853	424.22023	1141.30275	439.79119
M189	22	1	1380.59633	394.70962	1395.39450	409.39967
M189	23	0	1709.50459	177.26754	1520.14679	198.30343
M189	23	1	1229.44954	184.98042	1068.63303	201.00489
M189	24	0	892.70642	504.62316	628.78899	522.13540
M189	24	1	1280.48624	451.08809	1040.41284	474.13703
M189	25	0	935.51376	636.16966	650.24771	652.93475
M189	25	1	1237.47706	560.82708	1000.41284	582.50571
M189	26	0	578.51376	630.02936	319.96330	636.27896
M189	26	1	917.13761	595.21860	697.64220	611.56607
M189	27	0	1391.96330	477.61175	1358.85321	500.76672
M189	27	1	1758.78899	479.81403	1726.55963	505.17129
M189	28	0	542.92661	473.70310	277.07339	484.66069
M189	28	1	1014.44037	281.70962	916.53211	297.12724
M189	29	0	351.46789	239.28059	384.28440	260.69494
M189	29	1	699.35780	198.31811	742.30275	215.32790
M189	30	0	1235.68807	323.92170	1227.01835	338.85971
M189	30	1	1563.76147	192.22512	1561.69725	204.07993
M189	31	0	1204.36697	309.88254	1008.60550	329.20555
M189	31	1	1636.72477	208.93312	1402.22936	232.31485
M189	32	0	720.77064	495.48287	461.53211	513.62480
M189	32	1	413.37615	512.45840	292.87156	509.66069
M189	33	0	764.63303	527.73246	638.55963	542.20881
M189	33	1	1114.28440	571.33768	958.70642	594.62316
M195	0	0	1269.25498	701.19403	747.45016	689.10448
M195	0	1	1275.29906	918.80597	765.58237	900.67164
M195	1	0	205.88073	423.76835	351.56881	415.98206
M195	1	1	243.31193	429.05383	380.19266	420.82708
M195	2	0	844.40367	637.84992	656.02752	617.69494
M195	2	1	909.57798	636.52855	724.28440	615.49266
M195	3	0	707.44954	707.00163	472.39450	674.51387
M195	3	1	800.80734	709.20392	565.31193	678.47798
M195	4	0	313.87156	720.25449	212.61468	671.02773
M195	4	1	392.25688	714.96900	277.78899	669.70636
M195	5	0	38.31193	633.57749	58.92661	589.98369
M195	5	1	130.78899	632.25612	140.39450	589.98369
M195	6	0	1101.65138	522.92333	1038.42202	517.73409
M195	6	1	1134.67890	521.16150	1074.53211	516.41272
M195	7	0	812.47706	550.67210	705.93578	536.44698
M195	7	1	846.82569	560.80261	749.09174	546.57749
M195	8	0	219.30275	543.38662	267.32110	515.87439
M195	8	1	259.37615	540.74388	308.71560	514.55302
M195	9	0	474.27523	546.38662	433.55963	525.32790
M195	9	1	518.75229	551.23165	481.55963	529.29201
M195	10	0	577.32110	550.79119	583.28440	531.49429
M195	10	1	613.87156	542.42251	620.27523	526.20881
M195	11	0	1141.11009	773.89886	885.08257	750.17292
M195	11	1	1202.76147	769.93475	948.93578	747.08972
M195	12	0	172.76147	662.95759	285.35780	615.62643
M195	12	1	219.00000	655.91028	321.46789	612.98369
M195	13	0	523.62385	626.93312	456.18349	595.32626
M195	13	1	575.14679	619.88581	504.62385	591.80261
M195	14	0	427.18349	580.24470	442.09174	555.24470
M195	14	1	469.89908	574.95922	476.44037	548.63785
M195	15	0	561.05505	625.17129	606.34862	595.76672
M195	15	1	534.63303	635.74225	580.36697	605.01631
M195	16	0	289.89908	736.51387	319.03670	687.52692
M195	16	1	321.60550	734.75204	347.22018	684.88418
M195	17	0	758.68807	636.91028	730.14679	616.11256
M195	17	1	787.75229	634.70799	758.77064	612.14845
M195	18	0	551.44037	623.25612	462.77064	593.26754
M195	18	1	624.54128	619.73246	531.46789	594.14845
M195	19	0	334.97248	551.06525	303.91743	524.70799
M195	19	1	396.62385	556.35073	357.64220	532.19576
M195	20	0	262.31193	495.12724	319.08257	476.18434
M195	20	1	314.27523	499.97227	365.32110	482.35073
M195	21	0	671.40367	560.18434	705.62385	540.98206
M195	21	1	707.07339	554.01794	734.68807	537.01794
M195	22	0	328.52294	450.83850	439.72477	440.42088
M195	22	1	365.95413	458.76672	471.43119	447.90865
M195	23	0	288.44954	387.85318	423.43119	387.12561
M195	23	1	324.11927	399.30506	449.85321	394.61338
M195	24	0	1399.02752	479.95922	1407.29358	482.31485
M195	24	1	1367.76147	488.76835	1377.34862	489.80261
M195	25	0	1281.88991	590.07341	1257.12844	585.82219
M195	25	1	1242.25688	579.06199	1222.33945	573.48940
M195	26	0	1732.40367	482.07667	1744.29358	492.24470
M195	26	1	1696.29358	478.99347	1706.42202	491.80424
M195	27	0	1830.60550	600.21860	1802.26606	614.88418
M195	27	1	1795.37615	604.18271	1763.95413	616.20555
M195	28	0	415.54128	783.73083	367.60550	735.18271
M195	28	1	451.21101	769.19576	394.46789	718.00489
M195	29	0	295.87156	915.93312	75.30275	855.20718
M195	29	1	359.72477	867.92333	164.25688	810.28059
M195	30	0	1536.53211	591.83687	1356.45872	591.88581
M195	30	1	1791.50459	481.28222	1582.80734	495.86623
M195	31	0	388.80734	855.82545	220.62385	798.52855
M195	31	1	262.42202	847.89723	111.41284	787.95759
M195	32	0	447.81651	854.94454	265.10092	794.56444
M195	32	1	501.54128	823.23165	331.15596	769.89886
M195	33	0	257.17431	955.05220	70.01835	889.66069
M195	33	1	298.56881	927.30343	118.01835	863.67374
M195	34	0	351.17431	932.62316	133.43119	869.15987
M195	34	1	454.22018	893.86297	230.75229	835.24470
M195	35	0	356.58716	889.83850	166.39450	827.55302
M195	35	1	481.21101	846.67374	295.42202	794.07830
M195	36	0	334.00917	649.00653	445.44954	611.80261
M195	36	1	399.18349	668.82708	495.65138	629.42088
M195	37	0	1881.24771	728.67047	1699.91743	734.47145
M195	37	1	1807.26606	712.81403	1639.58716	715.09135
M195	38	0	630.20183	512.30179	516.90826	498.80098
M195	38	1	980.56881	481.81566	845.19266	478.63622
M195	39	0	684.30275	144.91028	487.55046	166.24307
M195	39	1	1133.25688	160.22023	952.44037	185.43230
M195	40	0	974.64220	163.40946	752.31193	188.95595
M195	40	1	1334.86239	165.17129	1110.77064	189.83687
M195	41	0	1490.00917	558.69494	1480.45872	560.75693
M195	41	1	1590.41284	573.23002	1586.58716	580.57749
M195	42	0	1014.93578	700.74062	721.85321	676.64763
M195	42	1	506.07339	702.83524	84.11009	675.13540
M195	43	0	1044.60550	131.69657	917.49541	157.44698
M195	43	1	1334.36697	159.88581	1159.69725	185.63622
M195	44	0	303.53211	334.74388	375.74312	340.13703
M195	44	1	580.52294	375.70636	607.37615	374.49266
M195	45	0	1019.46789	819.43556	606.59633	785.50571
M195	45	1	1627.33028	701.22023	1226.21101	694.37357
M195	46	0	952.77982	535.30179	806.10092	524.93312
M195	46	1	1290.44954	506.73083	1116.66972	508.93475
M195	47	0	425.31193	837.49103	89.39450	786.04078
M195	47	1	943.77064	798.26591	640.82569	765.09951
M195	48	0	645.50459	773.27896	248.45872	732.60033
M195	48	1	1187.37615	758.88418	856.50459	737.78793
M195	49	0	736.11009	723.35073	528.52294	690.89886
M195	49	1	983.83486	705.57586	796.26606	680.76835
M195	50	0	875.05505	561.09625	688.01835	547.24144
M195	50	1	1609.22018	592.12398	1379.43119	595.42088
M195	51	0	1216.24771	751.18271	819.01835	729.81403
M195	51	1	1581.18349	635.89886	1226.88073	631.37520
M195	52	0	895.88991	613.31648	674.57798	594.71615
M195	52	1	1188.29358	547.24796	977.55046	542.30179
M195	53	0	890.02752	779.49429	341.75229	749.08809
M195	53	1	1671.12844	685.45840	1103.52294	674.79119
M195	54	0	1616.14679	162.92333	1484.58716	191.11093
M195	54	1	1702.01835	143.10277	1560.33028	175.25449
M195	55	0	1634.64220	185.82708	1505.72477	213.13377
M195	55	1	1741.21101	173.93475	1592.03670	203.88418
M195	56	0	805.09174	323.50571	484.29358	332.10114
M195	56	1	1133.16514	339.36215	850.28440	346.33931
M195	57	0	1177.39450	361.76835	945.40367	369.68352
M195	57	1	1412.99083	375.42251	1194.48624	388.23165
M195	58	0	761.04587	711.59706	410.72477	681.84992
M195	58	1	1136.60550	709.69657	845.43119	689.52692
M195	59	0	1012.83486	653.75367	795.67890	634.62153
M195	59	1	1258.55963	603.10114	1079.71560	599.38499
M195	60	0	589.61468	382.92170	464.13761	378.69331
M195	60	1	1639.65138	458.61664	1348.55963	470.15987
M199	0	0	1184.63799	709.25373	719.24449	675.00000
M199	0	1	1162.47639	963.13433	713.20042	949.02985
M199	1	0	583.43119	482.16966	975.70642	478.96737
M199	1	1	675.02752	413.89886	1064.66055	405.85155
M199	2	0	722.69725	608.29038	773.78899	594.19576
M199	2	1	791.83486	612.25449	859.66055	599.04078
M199	3	0	1252.43119	421.41925	1388.37615	396.91028
M199	3	1	1329.05505	422.74062	1472.48624	392.06525
M199	4	0	56.36697	507.46819	125.50459	510.11256
M199	4	1	167.33945	495.57586	242.20183	495.13703
M199	5	0	1016.52294	512.16803	1106.31193	493.41925
M199	5	1	1376.55963	423.90865	1556.84404	389.56607
M199	6	0	552.22018	918.67374	408.43119	890.88581
M199	6	1	620.03670	924.39967	482.85321	901.89723
M199	7	0	1412.22936	979.65905	1195.95413	969.44535
M199	7	1	1557.99083	1036.03752	1339.51376	1038.59706
M199	8	0	579.50459	343.25612	521.86239	354.41925
M199	8	1	878.81651	383.98042	909.11009	379.67210
M199	9	0	400.74312	952.05057	174.73394	914.13377
M199	9	1	605.51376	817.71126	492.67890	780.23491
M199	10	0	963.88073	586.85155	995.01835	570.25449
M199	10	1	1687.09174	449.46166	1783.04587	401.40783
M199	11	0	845.42202	786.00163	880.01835	766.94454
M199	11	1	1331.66055	692.84992	1344.23853	678.36215
M199	12	0	756.55046	622.03915	837.89908	611.13703
M199	12	1	1029.57798	589.00489	1132.50459	583.38825
M199	13	0	1140.55046	834.36378	991.43119	821.63622
M199	13	1	606.57798	839.38499	516.51376	802.24470
M199	14	0	1418.92661	598.33931	1273.98165	605.11256
M199	14	1	998.48624	618.22023	911.54128	612.99347
M20	0	0	1125.82569	706.86786	826.83486	695.91680
M20	0	1	1263.22018	913.88254	1002.10092	919.66884
M20	1	0	286.09024	51.88433	370.31165	149.02985
M20	1	1	942.35152	128.45149	999.95068	130.35821
M20	2	0	1839.60921	148.73449	1499.28821	79.05707
M20	2	1	1282.23308	372.50620	819.98604	361.78660
M20	3	0	1344.05304	351.33499	1580.01396	316.55087
M20	3	1	1543.02024	332.24069	1854.68248	268.98263
M20	4	0	938.76705	466.24627	1104.74502	470.15299
M20	4	1	1077.78069	507.55224	1228.64848	515.99254
M20	5	0	593.64969	384.63027	833.91137	409.03970
M20	5	1	809.69993	382.95533	1048.95673	399.99504
M20	6	0	1347.88555	740.99256	404.63364	711.51365
M20	6	1	1669.44871	821.38958	679.30216	793.25062
M20	7	0	269.08793	475.39206	614.32729	507.19603
M20	7	1	379.29030	495.49132	703.09211	524.28040
M20	8	0	1000.86532	297.46898	1034.36148	294.78908
M20	8	1	1575.65946	380.54591	1567.62038	344.36725
M20	9	0	622.09421	390.34988	614.98953	412.70471
M20	9	1	1155.80321	405.60546	1125.47104	393.94541
M20	10	0	296.45848	567.01489	270.64201	583.95533
M20	10	1	649.51500	562.00248	654.75436	570.84615
M20	11	0	281.68940	364.09328	679.22665	413.35448
M20	11	1	409.62225	399.35448	773.91710	438.03731
M20	12	0	403.27387	801.36194	173.26338	787.83582
M20	12	1	1551.31165	423.13433	1434.44701	384.58209
M20	13	0	604.44701	566.99254	854.91815	588.00000
M20	13	1	841.67681	587.14179	1066.96432	597.57090
M20	14	0	418.54710	511.96278	725.92603	537.08189
M20	14	1	730.39637	505.93300	993.89532	515.97767
M20	15	0	589.42917	284.96526	717.32170	320.13896
M20	15	1	995.48779	324.17370	1044.13817	323.60050
M20	16	0	503.72924	562.90323	667.67760	581.11911
M20	16	1	170.44243	529.73945	411.09700	550.63524
M20	17	0	593.55199	77.71712	523.87997	127.29529
M20	17	1	1343.86602	202.33251	1160.30705	163.47395
M20	18	0	1055.11647	405.86940	1326.43652	399.01119
M20	18	1	1429.08290	355.46642	1752.78069	303.33209
M20	19	0	719.49108	156.40672	821.99370	185.37313
M20	19	1	1423.22980	72.53731	1476.76810	20.14925
M20	20	0	586.16684	191.22015	375.70094	231.10821
M20	20	1	1468.14900	652.52239	1342.95383	646.79104
M20	21	0	112.82267	447.94776	203.98741	480.20149
M20	21	1	860.94648	628.39925	844.41658	628.07463
M20	22	0	277.11654	484.33251	644.68876	517.15136
M20	22	1	422.15492	539.27047	755.22610	556.00993
M20	23	0	1103.06490	442.64020	1500.20935	440.24069
M20	23	1	1201.20865	456.70968	1623.47523	448.95037
M20	24	0	962.81298	688.43424	1067.85764	687.39454
M20	24	1	1246.40475	600.32506	1333.14724	585.55831
M20	25	0	690.02094	716.87345	774.43126	716.87345
M20	25	1	1021.81717	720.92556	1061.15841	724.91315
M20	26	0	308.52198	614.06452	414.04536	614.21340
M20	26	1	667.75925	601.01985	734.52198	623.65012
M20	27	0	893.67760	757.07196	795.86881	754.39206
M20	27	1	1341.18632	754.39206	1275.53385	758.41191
M20	28	0	1033.02163	730.27295	1057.13887	740.99256
M20	28	1	416.69225	810.66998	471.62596	775.83127
M20	29	0	924.18214	641.13896	1080.63712	651.82134
M20	29	1	994.85904	637.11911	1142.27006	643.78164
M20	30	0	836.08723	638.79404	980.14864	644.45161
M20	30	1	901.06978	654.20347	1044.46127	662.20596
M20	31	0	1184.47592	754.15136	1294.57851	760.57568
M20	31	1	1246.77879	781.28536	1362.57572	801.44417
M20	32	0	367.69574	537.39206	655.93301	563.10422
M20	32	1	464.49965	562.51613	721.58548	583.87345
M20	33	0	846.16999	505.74627	864.30220	519.85075
M20	33	1	1543.25289	513.80597	1438.48898	501.71642
M20	34	0	533.89297	439.25373	687.00944	467.46269
M20	34	1	1176.57922	519.85075	1303.50472	509.77612
M20	35	0	423.08499	568.20896	429.12907	586.34328
M20	35	1	1176.57922	691.11940	1120.16789	683.05970
M20	36	0	425.09969	582.31343	465.39349	600.44776
M20	36	1	1138.30010	594.40299	1118.15320	590.37313
M20	37	0	879.00944	220.79104	1073.69360	223.71269
M20	37	1	1441.21511	284.69403	1728.60441	223.75373
M20	38	0	1065.17795	76.37717	1242.03768	80.39702
M20	38	1	1382.72156	218.41191	1631.93301	174.19355
M20	39	0	570.46057	455.39950	703.04536	474.85856
M20	39	1	667.59944	474.49380	779.41661	488.92804
M20	40	0	168.48569	527.88089	400.76902	553.29032
M20	40	1	328.26239	559.36973	501.59246	579.75434
M20	41	0	1009.84470	274.38433	1133.17209	273.02239
M20	41	1	1297.44176	280.93284	1441.92340	253.37687
M20	42	0	457.59811	356.33955	622.00210	403.98881
M20	42	1	788.44701	423.33955	884.25603	433.35448
M20	43	0	1199.02099	565.93657	1333.44386	565.95149
M20	43	1	1473.52256	527.14925	1662.34208	512.55597
M20	44	0	1088.09211	490.84367	1398.83810	494.15136
M20	44	1	1266.29170	473.42432	1616.89812	467.68734
M20	45	0	674.69853	505.11663	892.08234	520.35980
M20	45	1	861.94208	487.36228	1051.85904	493.89578
M20	46	0	486.09002	419.41687	880.65736	450.58809
M20	46	1	595.28751	422.76675	969.08723	446.56824
M20	47	0	1192.98186	417.37221	1510.39498	408.02481
M20	47	1	1312.22819	408.99752	1643.03978	388.26055
M20	48	0	1293.80530	383.20347	1641.69993	359.78660
M20	48	1	1158.81577	372.14888	1484.60293	358.44665
M20	49	0	1139.51989	444.08685	1461.00419	444.14640
M20	49	1	1273.83950	457.82134	1640.87858	446.15633
M20	50	0	952.63084	186.25310	1164.32659	174.19355
M20	50	1	1180.40475	180.89330	1405.49895	159.45409
M20	51	0	1311.70970	120.59553	1378.70202	89.77667
M20	51	1	1689.54641	155.43424	1877.12491	62.97767
M20	52	0	1195.14306	277.36973	1432.29588	263.97022
M20	52	1	1424.25680	293.44913	1737.78088	247.89082
M20	53	0	578.81368	310.86849	852.14236	340.34739
M20	53	1	779.79065	284.06948	1029.00209	302.82878
M20	54	0	793.18911	227.79156	1010.24424	243.87097
M20	54	1	995.50593	159.45409	1185.76413	152.75434
M20	55	0	542.85276	51.92308	690.59874	116.57568
M20	55	1	844.98814	57.95285	971.96650	69.67742
M20	56	0	1081.25611	230.47146	1286.25262	217.07196
M20	56	1	1329.12770	229.13151	1560.92114	184.91315
M20	57	0	116.85205	294.17910	22.16159	374.77612
M20	57	1	697.08290	336.49254	642.68625	362.68657
M20	58	0	602.39244	392.91045	644.70094	421.11940
M20	58	1	922.72823	306.26866	973.09549	304.25373
M20	59	0	638.65687	94.70149	656.78909	139.02985
M20	59	1	1021.44806	72.53731	1033.53620	74.55224
M20	60	0	428.75087	586.89826	582.83322	605.65757
M20	60	1	769.07188	605.65757	846.78297	608.33747
M20	61	0	471.62596	99.15633	507.80181	159.45409
M20	61	1	899.03699	48.23821	893.67760	68.33747
M20	62	0	286.72715	58.95782	379.17655	159.45409
M20	62	1	775.77111	22.77916	746.29449	58.95782
M20	63	0	596.34837	558.13433	636.64218	572.23881
M20	63	1	908.62539	556.11940	950.93389	556.11940
M20	64	0	182.21912	136.67494	101.82833	218.41191
M20	64	1	763.71249	202.33251	686.00140	238.51117
M20	65	0	527.89951	158.11414	612.30984	218.41191
M20	65	1	959.33008	170.17370	1010.24424	186.25310
M20	66	0	632.93599	66.99627	680.96537	137.01493
M20	66	1	926.97272	261.80597	952.39559	275.58209
M201	0	0	1118.15320	783.80597	801.84680	775.74627
M201	0	1	1406.25393	691.11940	511.73137	705.22388
M201	1	0	779.15596	532.66069	1007.28440	526.45840
M201	1	1	579.22936	539.26754	840.38532	522.05383
M201	2	0	391.33028	410.62643	737.65138	403.81566
M201	2	1	555.58716	435.29201	893.10092	425.39804
M201	3	0	793.87156	556.26754	888.13761	551.76835
M201	3	1	996.00000	573.88581	1073.97248	569.82708
M201	4	0	203.92661	27.74878	591.94495	55.49755
M201	4	1	300.80734	32.15334	661.96330	54.17618
M201	5	0	1030.36697	238.48124	1400.50459	213.36215
M201	5	1	940.53211	240.68352	1314.19266	220.84992
M201	6	0	1290.15596	699.26591	1223.54128	710.57749
M201	6	1	964.79817	626.10114	949.77982	625.86297
M201	7	0	487.44954	263.54160	794.94495	260.22023
M201	7	1	655.66972	290.84992	964.92661	283.12398
M201	8	0	609.58716	495.90865	707.57798	490.67047
M201	8	1	894.87156	485.68515	980.60550	481.42088
M201	9	0	927.52294	443.65742	1252.73394	433.51550
M201	9	1	1072.40367	357.76835	1400.25688	340.57912
M201	10	0	632.02752	376.75367	349.03670	381.00653
M201	10	1	1078.22936	381.58728	867.07339	382.92170
M201	11	0	1906.78899	178.33931	1063.80734	184.19576
M201	11	1	992.43119	0.00000	217.54128	0.00000
M201	12	0	1340.90826	322.45677	1487.55963	304.56444
M201	12	1	1610.85321	314.52855	1824.44037	288.26754
M201	13	0	745.54128	614.06362	363.70642	613.27896
M201	13	1	1358.61468	488.12724	949.28440	491.12724
M201	14	0	374.16514	607.60196	22.89908	594.14845
M201	14	1	940.68807	651.49266	717.75229	649.93475
M201	15	0	1340.47706	801.63132	968.55046	822.09951
M201	15	1	1748.25688	646.06525	1589.31193	666.98369
M201	16	0	1230.93578	732.50571	989.00917	744.35073
M201	16	1	1586.45872	592.55954	1501.10092	605.00653
M201	17	0	964.41284	197.32463	711.80734	204.37194
M201	17	1	1396.85321	152.39804	1227.03670	140.06525
M201	18	0	1587.08257	137.42251	553.87156	144.46982
M201	18	1	1778.20183	76.63948	755.55963	89.85318
M201	19	0	1345.76147	248.41762	379.59633	261.63132
M201	19	1	1498.12844	183.23002	553.98165	206.13377
M201	20	0	1555.37615	196.44372	449.17431	208.77651
M201	20	1	1779.08257	126.85155	665.83486	139.18434
M201	21	0	1262.97248	429.88581	181.43119	431.64763
M201	21	1	1476.99083	323.29527	376.07339	319.77162
M201	22	0	1181.94495	406.98206	283.59633	407.86297
M201	22	1	1380.99083	345.31811	434.20183	352.36542
M201	23	0	1619.66972	159.44535	663.72477	170.01631
M201	23	1	1784.36697	112.75693	858.36697	127.73246
M201	24	0	1257.92661	191.15824	54.60550	192.03915
M201	24	1	1653.37615	32.59380	380.47706	38.76020
M201	25	0	832.09174	701.65416	449.79817	695.48777
M201	25	1	1117.54128	588.32626	1081.83486	589.22675
M201	26	0	578.52294	707.09951	496.58716	693.59869
M201	26	1	1116.05505	601.44535	1123.62385	601.10277
M201	27	0	1093.11009	422.50571	992.19266	422.10114
M201	27	1	483.03670	314.92333	233.67890	320.30179
M201	28	0	96.44037	340.61011	255.02752	348.55302
M201	28	1	623.17431	376.73083	699.77982	367.39804
M201	29	0	1176.65138	772.79282	1048.93578	783.41599
M201	29	1	1747.36697	628.32300	1609.98165	648.44046
M201	30	0	845.77064	472.44209	794.70642	467.89396
M201	30	1	1185.73394	511.20228	1169.89908	505.77325
M201	31	0	700.29358	797.32137	564.04587	775.69984
M201	31	1	1282.37615	697.48777	1098.65138	706.98858
M201	32	0	859.98165	129.49429	1304.29358	110.11419
M201	32	1	610.73394	68.27080	1036.55046	64.74715
M201	33	0	721.42202	387.45514	739.09174	387.94617
M201	33	1	1045.97248	242.54486	1204.76147	232.69657
M201	34	0	901.14679	264.67210	996.76147	260.15987
M201	34	1	336.40367	126.75693	521.11009	147.80424
M201	35	0	1001.16514	49.77162	1202.42202	33.03426
M201	35	1	1512.97248	196.92170	1832.36697	153.89886
M21	0	0	1464.86239	754.87113	424.30275	763.98206
M21	0	1	1526.07339	754.43067	490.35780	764.42251
M21	1	0	670.80391	606.00993	533.68179	608.72705
M21	1	1	913.31612	653.91315	730.30426	657.30025
M21	2	0	610.69086	506.34988	620.43894	513.98015
M21	2	1	636.48290	508.69479	648.24075	515.32010
M21	3	0	1198.05094	475.13648	920.40754	482.51613
M21	3	1	1663.46825	567.21092	1288.21144	572.34988
M21	4	0	580.31472	496.69479	512.90161	504.25062
M21	4	1	754.49477	483.96526	661.62456	492.19107
M21	5	0	631.54152	738.03226	388.06978	740.95285
M21	5	1	569.57362	745.73697	306.00419	748.65757
M21	6	0	1206.21144	753.11663	933.32868	759.95037
M21	6	1	1159.31682	773.21588	894.13817	781.38958
M21	7	0	1360.57851	543.45906	1354.93789	549.27543
M21	7	1	1428.24075	552.50372	1431.30914	557.65012
M21	8	0	780.39986	515.69975	800.71528	521.34491
M21	8	1	828.63433	501.96526	845.93510	507.94541
M21	9	0	277.99651	523.53846	391.01396	526.63275
M21	9	1	398.24773	519.85360	497.86671	529.31266
M21	10	0	775.17237	596.01985	402.76902	605.16625
M21	10	1	1221.32170	585.60546	861.34822	594.32010
M21	11	0	140.68388	433.02481	194.34892	448.28040
M21	11	1	267.96930	402.87593	320.29449	419.80645
M21	12	0	91.44452	495.08189	61.29798	504.23077
M21	12	1	359.74878	467.61290	335.63154	479.10670
M21	13	0	128.62526	617.68734	51.24913	619.13151
M21	13	1	382.86113	569.44913	282.37264	575.24814
M21	14	0	397.28541	566.08582	485.31584	570.62313
M21	14	1	548.89087	569.61194	625.84050	568.10448
M21	15	0	528.06001	568.68486	509.32938	574.39454
M21	15	1	670.75366	583.75931	632.93022	588.12903
M21	16	0	836.07955	408.20596	881.23866	413.94045
M21	16	1	1043.08583	401.17122	1085.90021	404.56079
M21	17	0	1400.17934	524.36973	1524.06769	525.66005
M21	17	1	1513.73133	525.03970	1653.02791	525.66005
M21	18	0	322.30984	623.48883	288.29518	626.55335
M21	18	1	512.23308	563.86104	480.56315	568.60050
M21	19	0	583.95743	515.99504	287.35590	524.29032
M21	19	1	979.18702	537.07940	692.84997	544.01985
M21	20	0	788.48011	272.73449	612.15562	284.85608
M21	20	1	1064.76413	292.66501	919.73971	297.39702
M21	21	0	485.71110	565.86104	265.39986	573.59553
M21	21	1	602.61270	583.95037	411.10816	587.66501
M21	22	0	790.07676	740.74938	487.63433	738.45409
M21	22	1	905.63852	667.38710	582.76343	675.81141
M21	23	0	435.40963	698.58065	219.83043	699.15385
M21	23	1	524.84438	693.89082	315.96441	698.14888
M21	24	0	601.64689	605.28040	547.39986	607.65012
M21	24	1	837.45987	598.24566	778.18842	602.96030
M21	25	0	1526.85519	369.91045	1576.49528	359.40672
M21	25	1	1688.03043	343.71642	1748.24764	329.18284
M21	26	0	1664.62385	524.26591	1375.05505	529.99184
M21	26	1	1124.83486	488.07667	894.05505	496.99347
M21	27	0	1183.91137	458.69975	1221.18283	461.39950
M21	27	1	1413.02512	432.90571	1447.61689	432.59057
M21	28	0	1420.64689	630.97022	1257.59316	640.44913
M21	28	1	1522.47523	609.53102	1368.13050	618.33995
M21	29	0	1063.58618	352.82878	528.54013	365.19851
M21	29	1	1137.27774	331.38958	600.89184	343.08933
M21	30	0	1065.93091	293.53598	594.19260	301.88586
M21	30	1	1129.23866	290.18610	670.56385	300.54591
M21	31	0	1128.56874	258.36228	669.89393	268.38710
M21	31	1	1202.59525	250.32258	748.27495	260.34739
M21	32	0	1198.24075	239.26799	721.14306	250.29777
M21	32	1	1273.60712	222.18362	799.18911	232.87841
M21	33	0	1284.32589	260.37221	772.39218	267.71712
M21	33	1	1366.39149	255.68238	854.12282	263.36228
M21	34	0	1248.81996	273.10174	712.76902	280.78164
M21	34	1	1328.20586	276.11663	794.83461	285.13648
M21	35	0	1187.18702	289.85112	677.59805	299.54094
M21	35	1	1262.55338	291.52605	762.67830	299.54094
M21	36	0	1065.26099	335.07444	607.92603	345.43424
M21	36	1	1127.56385	325.69479	676.59316	336.05459
M21	37	0	1188.86183	336.74938	679.27285	349.11911
M21	37	1	1280.97627	340.43424	767.36776	347.77916
M21	38	0	1217.33357	315.64516	749.61479	323.66005
M21	38	1	1293.03489	309.61538	827.32589	315.95533
M21	39	0	1276.62177	321.00496	836.03489	329.01985
M21	39	1	1358.68737	326.36476	913.41103	331.02978
M21	40	0	1340.26448	323.34988	831.34543	334.37965
M21	40	1	1395.19819	354.16873	898.67271	356.15385
M21	41	0	1172.78367	377.28288	728.17725	387.64268
M21	41	1	1233.07676	393.36228	796.84438	395.68238
M21	42	0	1122.20447	366.89826	687.98186	375.58313
M21	42	1	1163.06978	365.22333	738.89602	373.57320
M21	43	0	672.95534	391.36973	67.32729	401.07196
M21	43	1	744.97209	381.99007	202.98674	387.33747
M21	44	0	639.45918	413.47891	34.16609	421.84119
M21	44	1	715.83043	407.44913	167.81577	422.51117
M21	45	0	794.88137	315.32754	241.17237	348.47891
M21	45	1	867.90300	296.56824	327.59246	338.42928
M21	46	0	755.02094	351.84119	200.64201	377.62283
M21	46	1	830.05234	329.73201	308.16469	362.21340
M21	47	0	791.86671	370.26551	277.34822	382.31266
M21	47	1	868.23796	349.49628	369.12770	364.89330
M21	48	0	853.83461	390.69975	335.29658	403.41687
M21	48	1	916.47244	368.92556	421.04676	382.31266
M21	49	0	726.88416	432.57320	178.53454	439.59553
M21	49	1	804.59525	408.78908	288.73692	417.48635
M21	50	0	751.00140	394.04963	214.71040	400.73697
M21	50	1	834.40684	357.53598	303.81019	377.62283
M21	51	0	689.36846	488.18114	74.36148	500.89826
M21	51	1	750.33147	478.80149	192.60293	489.17370
M21	52	0	836.06420	467.64268	623.02861	475.68238
M21	52	1	1359.94417	266.65012	1228.63922	270.66998
M21	53	0	1127.36357	563.30521	1195.66155	570.57568
M21	53	1	1169.23378	549.57072	1239.54152	554.83127
M21	54	0	1041.49337	689.53846	796.13398	697.20596
M21	54	1	1255.19888	665.08437	1044.67551	675.43176
M21	55	0	362.98674	570.03722	373.92114	573.94045
M21	55	1	536.83182	553.95782	536.04257	558.19603
M21	56	0	912.77948	309.64764	856.39846	315.75931
M21	56	1	1091.98395	289.88337	1013.49546	294.99007
M21	57	0	1121.12561	289.21340	1158.19888	287.62035
M21	57	1	1251.76064	278.15881	1297.54292	274.55583
M21	58	0	1149.49826	330.98759	983.83810	333.66501
M21	58	1	1400.71947	314.90819	1239.41382	314.90571
M21	59	0	846.86462	494.71464	937.59316	501.03474
M21	59	1	926.58548	479.97519	1016.64410	483.61538
M226	0	0	844.15530	223.65672	485.54040	245.82090
M226	0	1	902.58132	443.28358	521.80483	451.34328
M226	1	0	762.65138	859.45840	484.29358	859.31485
M226	1	1	812.85321	870.91028	544.62385	871.20718
M226	2	0	639.86239	643.70473	621.40367	641.52855
M226	2	1	773.73394	610.23002	760.55963	612.01794
M226	3	0	1055.79817	665.14682	800.08257	670.05220
M226	3	1	1267.17431	601.28059	981.51376	604.86460
M226	4	0	566.64218	366.87313	653.34837	380.01493
M226	4	1	695.07870	375.94030	774.73347	383.54104
M226	5	0	286.53211	781.35073	302.77064	769.26754
M226	5	1	332.77064	765.05383	348.12844	756.49429
M226	6	0	620.44037	590.66069	630.80734	593.44535
M226	6	1	870.56881	562.91191	875.65138	565.69657
M226	7	0	1005.77982	615.27080	657.91743	618.79445
M226	7	1	1593.22936	498.99021	1218.06422	499.87113
M226	8	0	1050.50459	595.58238	809.89908	601.46493
M226	8	1	1578.27523	696.36705	1257.93578	706.62806
M226	9	0	173.50459	484.00979	232.51376	492.60685
M226	9	1	347.88991	436.44046	401.61468	448.56117
M226	10	0	866.92661	572.72431	588.05505	580.96248
M226	10	1	1359.25688	498.72757	1046.91743	501.68026
M226	11	0	810.02752	604.90865	514.79817	607.70799
M226	11	1	1600.69725	504.08972	1212.26606	505.95759
M226	12	0	836.25688	323.84829	491.39450	338.95432
M226	12	1	1449.55963	137.01794	1109.73394	130.37520
M226	13	0	1594.37615	368.08972	1375.39450	366.56444
M226	13	1	1078.21101	305.33768	843.92661	308.66069
M226	14	0	767.45872	510.83850	541.29358	520.38499
M226	14	1	1310.32110	479.37357	1053.11927	481.42251
M226	15	0	1102.05505	352.12398	735.89908	358.98206
M226	15	1	1805.06422	254.43556	1449.21101	253.01958
M226	16	0	618.12844	556.06362	320.02752	561.68352
M226	16	1	1395.62385	419.86297	1080.46789	420.94454
M226	17	0	1632.81651	436.01468	1414.45872	435.31485
M226	17	1	1442.86239	559.96900	1131.90826	563.35889
M226	18	0	973.16514	639.26427	629.80734	643.68189
M226	18	1	1365.42202	472.67047	1039.50459	476.88744
M226	19	0	981.23853	259.56444	775.87156	265.14682
M226	19	1	1556.60550	266.07667	1309.18349	262.62643
M226	20	0	1038.45872	285.41109	948.46789	286.74225
M226	20	1	1379.74312	245.76998	1292.14679	237.11256
M226	21	0	1871.55963	501.24144	1655.56881	501.06362
M226	21	1	1292.84404	360.43393	1091.47706	360.79119
M226	22	0	528.65138	607.05220	616.41284	607.05220
M226	22	1	625.09174	583.70799	701.40367	585.46982
M226	23	0	749.22936	617.47798	731.77982	621.93312
M226	23	1	913.04587	584.44372	892.07339	587.57749
M226	24	0	1299.64220	394.21860	1243.57798	390.69494
M226	24	1	1466.54128	358.10114	1407.83486	352.37520
M226	25	0	1025.60550	112.94780	509.02752	127.97064
M226	25	1	563.54128	407.32626	355.34862	417.64927
M226	26	0	930.55963	366.40783	704.56881	374.14845
M226	26	1	1794.49541	311.74388	1473.80734	310.13377
M226	27	0	1131.41284	272.36378	1147.90826	268.29364
M226	27	1	638.26606	235.00816	619.07339	248.81403
M226	28	0	814.07339	581.31485	495.59633	588.62480
M226	28	1	1149.19266	554.88744	858.01835	556.91191
M226	29	0	611.83486	644.49429	306.33028	652.95759
M226	29	1	961.48624	603.53181	680.20183	610.23328
M226	30	0	843.91743	585.92170	601.93578	593.00489
M226	30	1	1105.05505	571.82708	915.03670	573.62480
M228	0	0	1432.44491	705.22388	481.51102	723.35821
M228	0	1	1432.44491	793.88060	479.49633	812.01493
M228	1	0	1044.97248	640.24307	1166.44037	638.42088
M228	1	1	1097.37615	620.86297	1228.09174	620.80261
M228	2	0	1056.50459	497.24307	1307.30275	492.18434
M228	2	1	1081.16514	480.50571	1340.33028	471.04241
M228	3	0	895.90826	238.00653	801.05505	245.51550
M228	3	1	1229.59633	122.00653	1206.49541	106.15008
M228	4	0	716.00000	821.19576	520.97248	808.75693
M228	4	1	785.13761	819.43393	593.63303	810.95922
M228	5	0	1365.10092	1035.95432	954.49541	1058.85808
M228	5	1	1487.52294	986.18271	1110.82569	1020.09788
M228	6	0	618.88991	93.81729	498.45872	108.79282
M228	6	1	1143.77982	245.54160	1028.15596	243.82708
M228	7	0	924.29358	37.87928	792.00917	41.84339
M228	7	1	1423.48624	110.94780	1221.24771	97.34095
M228	8	0	1180.64220	621.94454	1249.68807	623.94454
M228	8	1	1048.97248	555.43556	1117.13761	552.15008
M228	9	0	1657.38532	811.73083	1290.50459	832.30179
M228	9	1	1293.32110	773.50571	1076.04587	789.57749
M228	10	0	1354.95413	563.36378	1568.77064	568.69657
M228	10	1	1416.16514	590.67210	1630.86239	595.56444
M228	11	0	736.62385	295.01631	1129.50459	282.82708
M228	11	1	871.81651	292.37357	1264.25688	278.42251
M228	12	0	1692.51376	824.86134	1384.58716	860.49103
M228	12	1	1164.55046	680.37357	921.88991	654.19576
M228	13	0	279.96330	120.80424	230.63303	152.42251
M228	13	1	988.95413	341.91354	974.85321	339.17618
M245	0	0	1173.56828	614.11765	789.96700	574.87280
M245	0	1	1228.54626	626.82353	735.04950	583.32681
M245	1	0	844.14537	684.05882	660.50825	659.05479
M245	1	1	1479.25110	337.47059	1307.06271	268.22505
M245	2	0	585.06608	183.52941	460.67327	183.69667
M245	2	1	944.97797	145.11765	799.06601	119.41292
M245	3	0	476.25551	62.47059	318.99670	88.76712
M245	3	1	904.08811	110.64706	692.46865	95.40900
M245	4	0	1433.70925	260.76471	1215.36304	199.56947
M245	4	1	1887.75330	237.47059	1695.57756	137.79256
M245	5	0	981.94273	145.05882	637.80198	119.60078
M245	5	1	427.85022	232.88235	117.22772	246.90215
M245	6	0	876.33921	178.58824	537.51485	162.49119
M245	6	1	1420.87225	118.29412	1118.51155	49.13894
M245	7	0	1151.03524	245.17647	924.86799	207.10176
M245	7	1	1587.23789	219.82353	1388.08911	144.24658
M245	8	0	1015.49780	310.70588	690.74257	284.96673
M245	8	1	1447.87665	207.00000	1168.34323	139.15068
M245	9	0	344.31278	9.00000	75.51155	52.83757
M245	9	1	1151.86784	140.29412	820.19802	103.03327
M245	10	0	1388.84141	77.82353	1108.91089	14.79452
M245	10	1	1805.81498	118.58824	1491.22112	8.45401
M245	11	0	898.67841	175.76471	568.18482	152.17221
M245	11	1	1315.24229	152.47059	1022.31023	97.22114
M245	12	0	1414.62555	59.29412	1222.97030	2.11350
M245	12	1	1127.04846	144.00000	920.92409	105.67515
M245	13	0	1698.92952	410.52941	1341.48845	339.39530
M245	13	1	1672.49780	475.64706	1281.81848	410.19765
M245	14	0	1713.83260	211.23529	1439.49175	123.60078
M245	14	1	1839.11894	272.64706	1574.14521	174.85323
M245	15	0	1693.21586	193.29412	1505.62376	81.42270
M245	15	1	1823.78855	177.94118	1637.63696	73.49706
M245	16	0	1755.06608	160.94118	1541.91419	61.29159
M245	16	1	1909.42731	220.23529	1700.33003	101.44814
M245	17	0	878.21145	447.00000	475.77888	427.52642
M245	17	1	1776.74009	81.52941	1410.00000	0.52838
M245	18	0	202.99559	69.88235	215.44554	109.90215
M245	18	1	463.08370	27.52941	447.78878	48.61057
M245	19	0	1216.71366	224.35294	993.92079	177.03718
M245	19	1	1553.62555	116.47059	1358.93399	39.62818
M245	20	0	395.41850	196.94118	297.32673	225.80431
M245	20	1	666.07930	76.23529	546.56766	79.97260
M245	21	0	114.13656	236.70588	62.83828	275.20744
M245	21	1	391.18943	144.00000	288.84488	164.24853
M245	22	0	355.18502	73.05882	258.69967	100.39139
M245	22	1	621.65639	36.52941	485.46865	50.19569
M245	23	0	651.29956	585.70588	40.13201	591.78082
M245	23	1	1224.10132	61.41176	872.34323	10.56751
M245	24	0	1296.73568	170.58824	1092.01320	114.12916
M245	24	1	1562.11013	89.05882	1383.09901	4.22701
M245	25	0	1603.64758	217.76471	1413.57756	140.01957
M245	25	1	1740.56388	243.70588	1545.59076	154.81409
M245	26	0	1650.16740	90.70588	1460.57426	0.52838
M245	26	1	1738.97797	125.64706	1568.82508	26.94716
M268	0	0	1087.93284	328.43284	499.64323	340.52239
M268	0	1	1091.96222	632.68657	394.87933	606.49254
M268	1	0	907.77064	623.45840	837.35780	605.80261
M268	1	1	718.41284	634.02936	668.25688	609.76672
M268	2	0	1558.89908	567.22023	1383.16514	571.39478
M268	2	1	1363.37615	542.11419	1229.03670	542.32463
M268	3	0	408.75229	382.86297	404.03670	381.04241
M268	3	1	585.33945	419.86134	565.65138	415.39804
M268	4	0	858.75229	584.11093	567.68807	566.64927
M268	4	1	474.11927	582.43393	211.81651	553.82708
M268	5	0	1103.35780	706.25612	1110.12844	689.08809
M268	5	1	973.88991	672.78140	995.19266	653.41109
M268	6	0	1024.86239	708.43393	943.22936	688.40946
M268	6	1	1054.80734	740.14682	962.60550	718.80098
M268	7	0	232.00917	675.76835	259.23853	632.55302
M268	7	1	298.50459	687.66069	319.12844	644.44535
M268	8	0	686.22936	579.70799	507.12844	560.12398
M268	8	1	530.77982	621.11093	362.68807	592.71778
M268	9	0	1052.41284	553.37520	931.78899	545.14845
M268	9	1	1140.04587	557.33931	1024.70642	551.31485
M268	10	0	209.37615	674.70473	44.03670	631.08809
M268	10	1	364.82569	594.98206	208.73394	564.13866
M268	11	0	866.57798	652.32626	712.62385	628.53997
M268	11	1	772.33945	667.74225	613.98165	640.43230
M268	12	0	393.18349	627.42414	460.99083	594.87602
M268	12	1	457.47706	643.28059	518.67890	610.29201
M268	13	0	1808.58716	698.04078	1572.43119	700.10114
M268	13	1	1688.36697	682.62480	1478.19266	685.56607
M268	14	0	1742.53211	639.26754	1471.11927	641.37520
M268	14	1	1610.42202	639.70799	1369.39450	637.41109
M268	15	0	1419.82569	455.44535	1145.39450	461.07667
M268	15	1	1692.33028	396.37357	1411.31193	417.31485
M268	16	0	1626.75229	304.50571	1281.30275	329.86134
M268	16	1	1350.47706	304.41109	1004.42202	321.71941
M268	17	0	471.14679	283.66232	228.55963	288.15008
M268	17	1	738.88991	381.44372	531.09174	383.28874
M268	18	0	1209.34862	490.38662	1059.00000	491.23002
M268	18	1	1011.62385	461.31648	899.14679	454.23165
M268	19	0	1040.64220	404.98042	904.90826	408.40946
M268	19	1	1268.31193	327.46003	1107.47706	341.90049
M268	20	0	1488.44037	475.69331	1320.97248	481.33768
M268	20	1	1794.93578	496.83524	1576.19266	507.02936
M268	21	0	1452.75229	525.58728	1313.85321	529.68515
M268	21	1	1241.81651	554.65742	1138.14679	552.14845
M268	22	0	153.24771	492.29201	238.63303	472.91191
M268	22	1	332.91743	615.17945	379.55046	580.82382
M268	23	0	1134.16514	455.98206	1008.43119	457.05220
M268	23	1	1336.29358	448.05383	1170.04587	454.84992
M268	24	0	1346.06422	348.55302	1228.99083	359.46819
M268	24	1	1600.06422	349.05220	1448.14679	364.88581
M268	25	0	1183.74312	532.12235	1084.11009	529.08809
M268	25	1	1377.06422	474.86297	1268.62385	480.63785
M268	26	0	1510.98165	298.43393	1330.29358	316.77977
M268	26	1	1271.86239	328.38499	1118.47706	341.44535
M268	27	0	1303.36697	384.52855	1170.00000	392.97879
M268	27	1	1070.85321	410.07504	967.34862	413.10114
M268	28	0	647.69725	173.98042	620.18349	195.56281
M268	28	1	456.57798	44.48613	439.19266	84.12724
M268	29	0	724.41284	582.69494	710.77982	562.66069
M268	29	1	856.96330	580.49266	844.21101	566.62480
M268	30	0	955.78899	289.72104	797.58716	303.27896
M268	30	1	688.48624	335.08809	571.55046	340.18271
M268	31	0	1435.84404	544.84992	1340.86239	548.87439
M268	31	1	1283.03670	539.56444	1188.00917	538.11256
M268	32	0	379.77064	408.88581	364.42202	401.74225
M268	32	1	599.95413	447.64600	567.87156	440.50245
M268	33	0	692.23853	676.30343	669.14679	643.68352
M268	33	1	652.60550	682.46982	629.95413	653.81403
M268	34	0	1413.60550	670.39804	1304.11927	666.04078
M268	34	1	1218.52294	642.64927	1131.05505	633.44698
M268	35	0	980.08257	364.10930	597.85321	369.50408
M268	35	1	1360.20183	410.12398	996.22018	420.55465
M268	36	0	966.54128	589.87276	746.40367	576.33605
M268	36	1	1332.33945	589.82708	1066.99083	587.34747
M268	37	0	1179.64220	309.94617	970.68807	319.24307
M268	37	1	1479.53211	270.30506	1230.76147	291.25449
M268	38	0	235.58716	542.95922	121.09174	516.92333
M268	38	1	511.69725	612.55139	395.44037	589.15824
M268	39	0	876.26606	255.23165	428.41284	268.29038
M268	39	1	1355.12844	206.61011	898.72477	232.36378
M268	40	0	769.01835	671.08809	620.03670	644.44535
M268	40	1	1029.55963	648.11256	853.87156	629.91028
M268	41	0	1485.92661	552.06525	1373.65138	554.59217
M268	41	1	1304.93578	538.85155	1211.40367	535.51713
M268	42	0	513.70642	419.48124	497.30275	416.42088
M268	42	1	736.97248	443.26591	706.03670	438.44372
M268	43	0	285.40367	456.26754	340.26606	444.67210
M268	43	1	612.59633	521.89560	616.32110	508.40783
M268	44	0	1094.51376	390.68352	801.16514	392.26917
M268	44	1	1151.76147	382.31485	859.29358	388.30506
M268	45	0	1030.84404	394.26754	708.83486	395.82708
M268	45	1	1073.11927	388.54160	753.31193	392.74388
M268	46	0	1001.77982	376.64927	690.33945	382.17292
M268	46	1	1048.89908	371.36378	747.14679	375.12561
M268	47	0	953.77982	426.42088	646.30275	427.98042
M268	47	1	988.56881	421.13540	687.25688	421.81403
M268	48	0	975.79817	390.30343	672.28440	392.74388
M268	48	1	1024.67890	378.85155	731.73394	384.37520
M268	49	0	905.18349	646.03752	896.48624	627.74388
M268	49	1	613.39450	627.22349	626.96330	600.41272
M268	50	0	952.53211	680.00489	826.77064	658.98532
M268	50	1	1407.15596	653.64927	1288.72477	645.00489
M268	51	0	1157.77982	456.87439	968.63303	458.08972
M268	51	1	1489.37615	459.51713	1261.33028	469.27896
M268	52	0	592.27523	672.14682	660.05505	640.00489
M268	52	1	705.00917	654.52855	758.69725	628.99347
M268	53	0	593.15596	625.01794	616.89908	597.28059
M268	53	1	400.00000	597.13703	464.09174	568.65090
M268	54	0	1017.96330	595.45677	967.59633	582.11256
M268	54	1	590.57798	498.20881	577.21101	484.66232
M268	55	0	641.88073	651.09951	656.03670	622.81566
M268	55	1	247.15596	526.44698	297.68807	500.66069
M268	56	0	664.86239	559.99511	476.42202	539.86460
M268	56	1	1424.84404	555.57586	1175.84404	558.06688
M268	57	0	1083.19266	629.86297	654.72477	614.19576
M268	57	1	1796.95413	579.36215	1436.62385	583.75693
M268	58	0	1333.88991	593.30343	1237.35780	591.41109
M268	58	1	1121.97248	589.77977	1033.90826	581.28059
M268	59	0	1263.01835	880.01631	834.20183	847.60033
M268	59	1	1438.50459	685.10440	1088.50459	671.45677
M268	60	0	802.71560	722.80424	357.66055	695.61175
M268	60	1	1151.88991	616.56444	747.90826	602.74388
M268	61	0	1334.80734	555.09951	975.95413	548.19576
M268	61	1	1096.12844	455.11582	700.72477	454.37847
M268	62	0	596.01835	709.61175	81.50459	675.86623
M268	62	1	966.40367	499.39967	557.72477	492.19739
M268	63	0	1739.49541	580.46003	1523.11009	588.20065
M268	63	1	1557.18349	570.76998	1386.59633	574.98695
M268	64	0	1521.69725	471.05383	1367.47706	483.10114
M268	64	1	1345.55046	477.22023	1207.18349	482.22023
M268	65	0	1589.69725	616.60033	1424.32110	617.92170
M268	65	1	1426.76147	580.48287	1266.66972	580.92333
M268	66	0	1530.61468	551.57586	1406.77982	556.80261
M268	66	1	1381.77064	524.26754	1283.91743	528.61338
M268	67	0	1670.79817	654.28059	1509.83486	663.33931
M268	67	1	1918.23853	638.87439	1713.02752	648.37357
M268	68	0	458.62385	601.71941	589.79817	574.27896
M268	68	1	559.90826	575.73246	673.02752	553.57749
M268	69	0	1272.57798	599.87113	806.73394	593.94617
M268	69	1	704.91743	615.18108	351.85321	592.56607
M268	70	0	229.82569	661.69494	278.67890	620.46982
M268	70	1	468.50459	655.08809	489.61468	617.82708
M268	71	0	494.75229	611.91028	522.52294	583.76672
M268	71	1	710.53211	618.07667	707.47706	595.21860
M268	72	0	1274.40367	712.43393	1188.53211	698.98042
M268	72	1	1207.02752	704.94617	1125.55963	692.37357
M268	73	0	1188.07339	729.70636	1060.67890	711.54160
M268	73	1	1115.41284	708.12398	992.42202	688.63785
M268	74	0	939.14679	692.15661	387.89908	667.26754
M268	74	1	1219.46789	653.65905	778.85321	641.41109
M268	75	0	728.96330	379.29201	527.58716	380.32790
M268	75	1	1049.91743	362.94617	825.17431	369.29201
M268	76	0	1449.65138	72.23491	1033.58716	114.72268
M268	76	1	1063.11927	92.05546	759.67890	123.09135
M268	77	0	447.66972	162.08809	364.98165	184.99184
M268	77	1	636.95413	122.00653	493.98165	150.19576
M268	78	0	1342.82569	27.74878	1211.62385	65.62806
M268	78	1	1162.27523	97.78140	1081.27523	126.85155
M27	0	0	1160.46170	852.31343	819.97901	818.05970
M27	0	1	1251.12277	832.16418	743.42078	822.08955
M27	1	0	607.18678	304.29478	372.60965	299.59701
M27	1	1	966.30535	421.16045	735.25393	406.89179
M27	2	0	805.06821	644.90672	795.65268	621.60448
M27	2	1	1168.72613	755.51866	1067.59391	751.88806
M27	3	0	724.09759	633.98507	654.10178	621.70522
M27	3	1	1287.52046	445.88806	1127.45435	429.64925
M27	4	0	767.69360	538.75373	841.62015	532.12687
M27	4	1	1190.62329	692.20896	1245.14900	692.00746
M27	5	0	1289.38510	866.64925	1058.58447	861.38060
M27	5	1	1883.73557	756.58955	1793.07450	736.22761
M27	6	0	785.26653	693.13060	761.43232	680.37687
M27	6	1	1434.45960	626.64179	1359.91605	606.49254
M27	7	0	639.34837	780.51119	519.18993	759.90672
M27	7	1	1311.83211	669.85448	1159.79538	663.94403
M27	8	0	620.87828	790.52612	494.34732	765.83209
M27	8	1	1187.05352	691.26119	1097.73662	681.55970
M27	9	0	1218.88772	265.97015	1021.44806	245.82090
M27	9	1	1702.41343	356.64179	1468.70934	328.43284
M27	10	0	1173.07030	714.20896	1087.75971	709.67164
M27	10	1	1352.37775	745.44030	1271.43232	743.58955
M27	11	0	198.80063	508.91045	394.63903	505.90299
M27	11	1	294.49843	520.32836	470.18993	515.64179
M27	12	0	667.57922	713.65299	801.64953	706.03358
M27	12	1	703.33998	704.58582	835.39559	698.98134
M27	13	0	814.46065	664.21269	893.55299	651.77985
M27	13	1	869.36097	660.18284	953.49003	654.29851
M27	14	0	656.30745	598.22388	782.74502	594.85821
M27	14	1	711.20776	620.89179	827.57188	610.47388
M27	15	0	948.10178	644.12313	1062.42183	643.52612
M27	15	1	987.38825	633.04104	1101.20462	631.94030
M27	16	0	1043.79958	651.67910	1155.09759	648.05970
M27	16	1	1079.56034	653.69403	1188.33998	652.59328
M27	17	0	253.62015	703.93284	229.98006	676.17910
M27	17	1	659.66002	671.12687	605.78174	654.87687
M27	18	0	1056.61595	683.42910	1160.22665	685.13060
M27	18	1	1091.87303	701.56343	1192.46170	703.26493
M27	19	0	1034.83631	518.88433	1214.20462	517.46269
M27	19	1	1137.58552	521.90672	1317.96118	517.46269
M27	20	0	724.13116	583.27239	773.41448	573.70522
M27	20	1	877.75131	599.89552	909.90976	593.85448
M27	21	0	556.00630	641.02239	738.24554	636.57836
M27	21	1	637.09759	657.64552	820.84785	650.68284
M27	22	0	720.46905	660.89552	902.82581	654.13806
M27	22	1	788.96852	667.94776	969.81427	661.19030
M27	23	0	178.89612	816.38060	85.12067	774.97015
M27	23	1	536.37671	735.98881	414.78489	710.00746
M27	24	0	1277.32949	641.36194	1360.75971	642.90299
M27	24	1	1331.22246	644.38433	1405.08290	648.44403
M27	25	0	1505.07975	899.16045	1299.90346	903.19030
M27	25	1	1677.83945	983.78731	1469.64113	1001.41791
M284	0	0	201.24771	652.93475	409.04587	658.70799
M284	0	1	308.25688	671.87439	493.59633	670.60033
M284	1	0	305.46789	722.55302	378.25688	712.88581
M284	1	1	233.68807	738.84992	326.29358	726.53997
M284	2	0	944.70642	821.95759	867.71560	824.41109
M284	2	1	986.10092	809.62480	914.39450	813.39967
M284	3	0	866.70642	580.35073	1112.44037	593.36215
M284	3	1	1007.62385	573.30343	1255.11927	580.14845
M284	4	0	473.89908	393.08646	786.70642	427.40946
M284	4	1	601.16514	355.64763	899.44037	383.80424
M284	5	0	1252.08257	475.00489	1254.06422	463.50571
M284	5	1	1673.33028	568.77977	1766.75229	558.67374
M284	6	0	376.98165	510.93312	633.67890	536.67210
M284	6	1	477.38532	499.48124	715.58716	523.45840
M284	7	0	1327.67890	504.43393	1452.55046	487.94617
M284	7	1	1427.64220	564.33605	1574.97248	560.62153
M284	8	0	824.22018	462.30179	953.50459	470.45514
M284	8	1	761.24771	431.46982	899.33945	447.99184
M284	9	0	596.67890	539.13703	898.03670	557.57749
M284	9	1	741.55963	529.88744	1027.50459	544.80424
M284	10	0	451.10092	481.27896	657.14679	504.91028
M284	10	1	687.57798	470.26754	856.63303	487.73246
M284	11	0	707.13761	426.67210	879.65138	446.52855
M284	11	1	1039.61468	388.79282	1242.07339	385.74551
M284	12	0	1651.75229	664.33931	1616.71560	657.32626
M284	12	1	995.63303	491.42251	909.46789	491.55465
M284	13	0	381.62385	786.59054	204.33028	771.68026
M284	13	1	1075.78899	452.41109	1053.35780	449.26591
M284	14	0	692.44037	443.01794	545.79817	456.41762
M284	14	1	1222.64220	295.99347	1330.92661	278.08157
M284	15	0	871.85321	193.35400	1135.84404	211.12561
M284	15	1	1166.89908	263.38662	1447.18349	241.95759
M284	16	0	1601.17431	151.51713	1834.12844	48.00979
M284	16	1	1312.75229	76.63948	1430.24771	24.22512
M284	17	0	600.80734	349.68515	738.60550	377.23328
M284	17	1	846.09174	436.01468	970.23853	444.18271
M284	18	0	1529.63303	648.48124	1586.16514	649.40783
M284	18	1	1239.47706	489.75530	1238.94495	478.69821
M284	19	0	1559.42202	541.76672	1744.77982	536.54160
M284	19	1	1435.23853	540.44535	1594.61468	532.13703
M284	20	0	581.88073	560.76672	920.61468	581.17129
M284	20	1	526.39450	549.75530	868.65138	568.83850
M284	21	0	1208.52294	434.73083	1563.60550	424.69821
M284	21	1	1116.04587	438.69494	1441.18349	433.06688
M29	0	0	1398.08257	776.06362	446.30275	783.30506
M29	0	1	1521.38532	807.77651	319.47706	819.42251
M29	1	0	1212.85519	600.65299	979.13956	614.55224
M29	1	1	1584.27387	491.38806	1334.34313	491.62687
M29	2	0	117.35572	975.33582	21.15425	971.72388
M29	2	1	272.48688	888.19030	185.35152	886.08955
M29	3	0	402.13887	797.05211	502.47104	807.37965
M29	3	1	485.87927	791.69231	579.84717	801.68486
M29	4	0	590.62644	977.23881	526.40189	977.74254
M29	4	1	463.70094	974.72015	413.07555	975.72761
M29	5	0	998.84717	991.89826	822.96720	1006.63772
M29	5	1	847.77948	941.31514	696.01675	954.71464
M29	6	0	1288.44871	992.23325	975.83043	1011.32754
M29	6	1	1441.19121	987.54342	1101.44103	1010.99256
M29	7	0	1677.17446	703.77419	1298.31124	711.51365
M29	7	1	1499.64480	657.21092	1160.44382	671.50620
M29	8	0	1693.23098	776.75434	1708.30426	797.49380
M29	8	1	1814.15213	750.62531	1839.60921	773.70968
M29	9	0	1305.69574	768.28536	1523.99651	794.27543
M29	9	1	1370.67830	741.15136	1596.68318	762.11663
M29	10	0	319.04536	524.84615	599.82275	532.58809
M29	10	1	536.62945	374.64020	772.99791	407.63772
M29	11	0	1449.90091	757.81638	1059.79135	772.64268
M29	11	1	1645.85345	779.59057	1207.84438	793.07692
M29	12	0	1271.54641	965.76923	1020.18004	986.53846
M29	12	1	1365.00070	923.89578	1159.18911	942.99007
M29	13	0	1455.24449	601.30224	1691.83631	606.11940
M29	13	1	1511.65582	578.13060	1761.84680	579.42164
M29	14	0	1528.73767	655.66418	1601.95068	665.17537
M29	14	1	1631.48688	667.75373	1721.82476	679.27985
M29	15	0	987.91815	960.16418	999.18258	972.70522
M29	15	1	1276.52256	898.70896	1412.62225	930.41418
M29	16	0	1373.91835	991.89826	1547.59316	1031.42680
M29	16	1	1491.15492	947.34491	1683.25262	987.54342
M29	17	0	1433.48779	966.43921	1223.95743	989.88834
M29	17	1	1594.60433	1018.02730	1378.37474	1047.50620
M29	18	0	1670.38730	1040.80645	1916.31542	1049.51613
M29	18	1	1530.37334	1070.95533	1783.00070	1065.59553
M29	19	0	1187.10398	596.27792	1574.31961	611.01737
M29	19	1	1487.22959	568.13896	1910.62107	564.11911
M29	20	0	706.09909	510.52109	707.43894	537.32010
M29	20	1	1136.18981	440.84367	1042.40056	444.86352
M29	21	0	444.79833	565.70471	860.36567	588.43424
M29	21	1	471.26029	547.28040	884.48290	567.66501
M29	22	0	1418.36846	446.05955	1532.44941	449.47146
M29	22	1	1691.69714	500.66253	1866.74110	495.36476
M29	23	0	1247.75994	648.51365	1606.14096	661.22829
M29	23	1	1435.67341	569.79156	1827.55059	573.79653
M29	24	0	1255.37334	742.84615	1375.14585	757.18859
M29	24	1	1469.74878	639.00000	1583.82694	648.31762
M29	25	0	1211.89393	659.82630	1484.00140	683.82134
M29	25	1	1382.05443	650.44665	1691.34264	664.05707
M29	26	0	1748.75131	872.46269	1897.83841	892.61194
M29	26	1	1216.87303	862.38806	1341.78384	884.55224
M29	27	0	868.22052	493.10174	852.14236	519.90074
M29	27	1	1629.25331	273.34988	1495.26867	246.55087
M29	28	0	989.53515	709.56343	1323.10073	722.55224
M29	28	1	1039.39874	689.41418	1364.90556	706.93657
M29	29	0	1199.56663	716.61567	1395.62959	730.61194
M29	29	1	1243.38615	689.91791	1452.04092	702.90672
M29	30	0	922.04302	617.88433	1241.50577	629.86567
M29	30	1	959.81847	610.83209	1283.81427	624.32463
M29	31	0	1028.54250	645.89552	1345.18993	659.78358
M29	31	1	1076.39140	642.36940	1391.02413	657.76866
M29	32	0	1616.28541	685.32463	1664.13431	743.69776
M29	32	1	1688.81427	708.49627	1725.58237	729.08955
M29	33	0	1458.83945	638.22761	1769.40189	650.58209
M29	33	1	1501.65163	668.95522	1817.25079	680.30224
M29	34	0	1332.43232	572.20896	1712.99056	578.84328
M29	34	1	1372.72613	574.22388	1760.33578	584.88806
M29	35	0	1010.76285	709.27985	1258.79224	727.33955
M29	35	1	1062.64113	719.35448	1324.26967	736.91045
M29	36	0	1713.99790	841.46642	1606.25603	838.51493
M29	36	1	1797.10388	791.09328	1670.72613	810.30597
M29	37	0	1656.17838	752.34701	1553.87408	773.53358
M29	37	1	1712.58972	751.84328	1651.58657	773.53358
M29	38	0	1433.83736	994.76119	1287.53200	1062.87313
M29	38	1	1529.03148	963.52985	1380.71144	1034.16045
M29	39	0	1468.25289	636.78358	1741.19622	648.99627
M29	39	1	1536.24869	627.21269	1819.76915	638.92164
M29	40	0	1476.81532	701.26119	1772.92760	717.00000
M29	40	1	1543.80378	684.63806	1847.47114	700.88060
M29	41	0	1516.10178	734.00373	1772.42392	750.75000
M29	41	1	1588.12697	719.39552	1846.96747	736.14179
M29	42	0	1611.29591	757.67910	1712.48688	818.75373
M29	42	1	1683.32109	756.67164	1793.07450	785.50746
M29	43	0	746.90031	1004.55224	889.60126	1015.01866
M29	43	1	828.49528	995.48507	961.12277	1010.48507
M29	44	0	295.15215	1072.94776	493.50577	1055.31716
M29	44	1	383.79853	1055.82090	562.50892	1042.72388
M29	45	0	1384.68311	639.32090	1702.41343	649.92910
M29	45	1	1427.49528	616.65299	1760.33578	625.24627
M29	46	0	783.86988	1020.55970	895.94334	1030.13060
M29	46	1	856.39874	1008.47015	969.98321	1025.59701
M29	47	0	1464.66422	1031.13806	1365.24869	1060.85821
M29	47	1	1587.56034	974.21642	1499.72928	1005.95149
M29	48	0	928.51361	72.35732	1101.35380	85.75682
M29	48	1	1737.78088	404.66501	1885.16399	383.22581
M29	49	0	850.50244	518.37469	1136.40684	535.91067
M29	49	1	1286.50035	387.98015	1589.39498	381.93052
M29	50	0	278.65268	1063.37687	572.19307	1048.76866
M29	50	1	315.42078	1058.33955	603.42078	1047.76119
M29	51	0	846.78297	980.84367	648.48569	994.24318
M29	51	1	623.02861	941.98511	507.80181	947.34491
M29	52	0	272.32380	875.95533	639.44592	877.31514
M29	52	1	152.07258	885.33499	537.95255	887.02978
M29	53	0	260.60014	948.98263	595.23098	945.98759
M29	53	1	195.28262	965.06203	537.28262	957.71216
M29	54	0	980.78856	442.44913	944.59177	452.90323
M29	54	1	1378.35799	134.65012	1249.21144	128.87593
M29	55	0	1393.71878	678.43657	1695.86569	697.25000
M29	55	1	1436.53095	667.35448	1751.77335	684.65672
M29	56	0	636.42708	542.67990	225.09421	569.47891
M29	56	1	1409.51849	286.74938	970.04885	305.50868
M29	57	0	1736.15950	649.04104	1753.78804	660.41418
M29	57	1	1826.31689	627.88433	1874.66946	635.22761
M29	58	0	478.52896	101.50124	860.18911	143.95037
M29	58	1	309.03838	118.58561	709.45639	166.05955
M29	59	0	252.51710	247.81638	213.03559	302.82878
M29	59	1	563.47313	326.13151	605.16818	359.26551
M29	60	0	1014.78925	583.44665	1327.45220	597.05955
M29	60	1	1222.46546	516.44913	1545.17725	522.02233
M29	61	0	843.16260	215.91563	1112.94348	228.29280
M29	61	1	1043.80461	237.68983	1338.03768	239.68238
M29	62	0	949.95115	2.67990	1091.97488	5.35980
M29	62	1	1799.41382	312.20844	1887.84368	280.04963
M29	63	0	1018.28332	570.81886	1239.35799	585.55831
M29	63	1	1463.11235	635.13648	1664.08932	640.49628
M29	64	0	483.68458	305.50868	20.09770	343.02730
M29	64	1	1295.63154	170.17370	758.35311	187.59305
M29	65	0	991.75971	604.11940	1270.24449	615.06716
M29	65	1	1044.14166	607.14179	1316.58237	622.62313
M29	66	0	1337.33788	524.39552	1684.78489	534.24627
M29	66	1	1553.41343	454.88060	1916.47429	445.08582
M29	67	0	907.88458	869.51119	1114.33998	885.97015
M29	67	1	959.25918	831.73134	1172.26233	855.24254
M29	68	0	951.47954	588.60448	1291.41658	592.38806
M29	68	1	723.81952	576.51493	1049.65373	590.37313
M293	0	0	220.70642	258.63622	297.60550	287.87439
M293	0	1	336.96330	277.57586	410.33945	299.76672
M293	1	0	813.27523	55.49755	834.32110	68.27080
M293	1	1	856.50459	86.08157	889.82569	94.78303
M293	2	0	955.33945	261.03915	949.40367	265.34910
M293	2	1	1135.88991	265.44372	1134.79817	265.34910
M293	3	0	506.92661	569.43393	492.57798	570.69657
M293	3	1	694.52294	543.44698	670.04587	546.03100
M293	4	0	392.25688	498.06362	477.44954	503.89723
M293	4	1	467.55963	419.22186	536.89908	426.81729
M293	5	0	1306.93578	95.57912	1020.95413	91.61501
M293	5	1	1751.33945	157.71941	1337.72477	167.85155
M293	6	0	1690.12844	317.96900	1239.33028	329.45514
M293	6	1	1337.78899	278.75530	1031.37615	277.93312
M293	7	0	1218.05505	159.88744	1259.64220	151.95759
M293	7	1	1112.80734	150.63785	1145.14679	146.23165
M293	8	0	1017.79817	458.96574	990.88991	462.05546
M293	8	1	1123.92661	437.22349	1095.25688	441.64437
M293	9	0	685.76147	436.54160	628.72477	445.40946
M293	9	1	726.27523	427.73246	668.79817	436.15987
M293	10	0	757.10092	463.40946	662.63303	474.03915
M293	10	1	803.77982	464.29038	706.66972	472.27732
M293	11	0	915.19266	428.17292	829.09174	436.60033
M293	11	1	954.38532	423.76835	867.84404	429.11256
M293	12	0	584.26606	452.22023	507.95413	460.05383
M293	12	1	630.94495	444.73246	554.63303	454.32790
M293	13	0	800.92661	474.68352	753.23853	479.87439
M293	13	1	831.31193	468.07667	780.54128	473.26754
M293	14	0	890.79817	432.58891	803.44037	439.79445
M293	14	1	927.34862	427.74388	841.31193	434.06852
M293	15	0	950.68807	472.23002	863.33028	477.23328
M293	15	1	998.68807	466.06362	911.33028	471.94780
M293	16	0	1427.84404	361.80587	1291.50459	361.42414
M293	16	1	1468.35780	351.67537	1335.10092	350.41272
M293	17	0	1453.82569	399.24470	1264.20183	394.89886
M293	17	1	1497.86239	395.72104	1305.59633	392.25612
M293	18	0	1358.88991	489.50571	1329.77982	493.65905
M293	18	1	1382.66972	480.69657	1357.96330	482.64763
M293	19	0	1279.48624	384.73246	1250.10092	380.36378
M293	19	1	1311.19266	375.48287	1282.68807	371.55465
M293	20	0	722.24771	470.91028	628.81651	478.69494
M293	20	1	768.04587	464.74388	674.61468	472.08809
M293	21	0	655.31193	445.36378	599.31193	450.94617
M293	21	1	695.82569	433.47145	641.14679	441.69657
M293	22	0	165.57798	399.63622	154.12844	415.74388
M293	22	1	108.77064	393.46982	105.24771	410.89886
M293	23	0	1312.10092	503.36215	1085.44954	508.00653
M293	23	1	1377.27523	493.67210	1144.01835	496.99511
M293	24	0	1474.44954	542.02773	1301.22936	548.46982
M293	24	1	1521.12844	543.34910	1355.83486	550.23165
M293	25	0	483.08257	459.07667	414.69725	470.02936
M293	25	1	432.00000	459.51713	363.61468	469.58891
M293	26	0	267.28440	458.95595	197.28440	473.36378
M293	26	1	224.56881	469.96737	149.72477	481.29201
M293	27	0	541.71560	587.18597	314.62385	593.85155
M293	27	1	606.88991	598.19739	373.19266	602.22023
M293	28	0	1506.44037	334.86297	779.66055	349.96900
M293	28	1	1347.02752	354.24307	657.67890	366.26591
M293	29	0	510.93578	168.25449	471.51376	192.22186
M293	29	1	685.76147	225.51387	642.37615	243.31485
M293	30	0	1798.45872	353.55139	1659.68807	351.39804
M293	30	1	1600.73394	391.87113	1509.96330	388.83687
M293	31	0	1484.10092	71.66069	1390.52294	58.79282
M293	31	1	1444.68807	83.64111	1351.55046	72.99184
M293	32	0	1452.17431	70.10767	1351.11009	62.34258
M293	32	1	1411.44037	85.85971	1315.00000	78.09462
M293	33	0	1543.77064	33.50082	1451.51376	18.85808
M293	33	1	1479.91743	52.58075	1392.06422	40.37847
M293	34	0	936.54128	190.04241	857.25688	199.68515
M293	34	1	802.22936	221.75530	741.44037	234.04078
M293	35	0	573.58716	173.29038	333.70642	184.99184
M293	35	1	751.93578	75.06852	563.57798	92.05546
M293	36	0	868.66055	68.27080	395.81651	82.80587
M293	36	1	1099.41284	63.42577	752.08257	72.23491
M293	37	0	1442.94495	149.31485	1077.36697	151.20881
M293	37	1	1128.67890	192.63622	865.55046	197.01631
M293	38	0	789.64220	433.02936	405.10092	450.70636
M293	38	1	533.78899	356.83034	240.84404	374.94780
M293	39	0	879.40367	622.71615	576.93578	628.94454
M293	39	1	1130.85321	512.16150	829.70642	517.06852
M293	40	0	575.06422	698.05220	169.10092	704.99347
M293	40	1	689.55963	679.55302	304.73394	686.49429
M293	41	0	507.24771	665.01794	177.02752	669.75693
M293	41	1	589.59633	612.16313	256.73394	619.98532
M293	42	0	343.30275	573.92170	208.73394	579.66069
M293	42	1	423.00917	553.22023	283.15596	562.04241
M293	43	0	1036.85321	523.81403	488.47706	535.12398
M293	43	1	1155.75229	481.53018	612.22018	489.31648
M293	44	0	1213.93578	576.32626	960.44037	587.05220
M293	44	1	1274.26606	549.89886	1004.47706	559.74388
M293	45	0	830.62385	614.80261	628.27523	617.04078
M293	45	1	886.55046	569.43556	687.28440	576.95922
M293	46	0	893.15596	619.20718	700.49541	626.73083
M293	46	1	844.27523	623.17129	665.26606	624.96900
M293	47	0	1242.59633	400.13703	959.00917	408.36215
M293	47	1	1321.86239	410.26754	1039.15596	416.73083
M293	48	0	509.95413	228.85155	112.73394	240.67374
M293	48	1	567.64220	311.65742	221.50459	325.68189
M293	49	0	1450.42202	485.35073	942.53211	496.26754
M293	49	1	1328.00000	469.49429	828.47706	475.12561
M293	50	0	412.55963	478.55302	110.09174	493.17129
M293	50	1	505.91743	440.23328	226.78899	452.64927
M293	51	0	1499.74312	424.75530	1015.02752	431.20881
M293	51	1	1362.34862	437.08809	902.73394	444.42251
M293	52	0	1407.70642	489.06199	1029.55963	487.14682
M293	52	1	1324.91743	501.83524	926.51376	505.20555
M293	53	0	1325.17431	343.41109	851.66055	348.35237
M293	53	1	1440.99083	336.80424	925.20183	343.94780
M293	54	0	1471.16514	444.27732	1046.98165	450.80261
M293	54	1	1585.22018	406.83850	1147.82569	415.56607
M293	55	0	1479.97248	422.69494	1011.75229	424.81566
M293	55	1	1579.93578	356.18597	1098.50459	359.62806
M293	56	0	1465.08257	197.76509	845.19266	204.76509
M293	56	1	1327.68807	135.66069	717.04587	143.54160
M293	57	0	1262.51376	110.11419	717.04587	122.39967
M293	57	1	1122.03670	117.16150	576.27523	131.25612
M293	58	0	1309.50459	231.81403	969.49541	239.71941
M293	58	1	1219.66972	212.43393	888.90826	217.25612
M293	59	0	1544.40367	406.66069	449.51376	424.35073
M293	59	1	1302.27523	463.22023	200.67890	476.69657
M293	60	0	524.05505	371.35073	479.54128	382.92007
M293	60	1	728.82569	307.48450	660.09174	317.29201
M293	61	0	989.88073	31.71289	799.89908	41.40294
M293	61	1	1227.23853	92.05546	1070.93578	91.61501
M293	62	0	715.13761	48.00979	629.52294	66.06852
M293	62	1	931.35780	101.30506	839.13761	108.35237
M293	63	0	1095.60550	361.81403	598.53211	372.58728
M293	63	1	1242.51376	209.84013	900.60550	211.07667
M293	64	0	877.53211	464.19250	341.17431	474.19413
M293	64	1	1231.58716	334.69821	829.88073	339.25449
M293	65	0	802.78899	329.81403	508.38532	343.25612
M293	65	1	1087.17431	245.93475	763.35780	252.96248
M293	66	0	1031.59633	308.26917	692.65138	320.69494
M293	66	1	706.64220	308.26591	334.50459	321.08972
M293	67	0	639.49541	398.56444	301.84404	410.62480
M293	67	1	823.12844	287.12887	584.94495	295.19739
M293	68	0	679.47706	327.26917	54.60550	336.50897
M293	68	1	1226.84404	118.48287	733.76147	125.53018
M293	69	0	1400.46789	326.23002	1179.11009	332.45677
M293	69	1	1154.77064	165.69657	946.86239	165.32790
M293	70	0	610.98165	242.39641	150.60550	258.60033
M293	70	1	1022.90826	130.81566	642.69725	139.04241
M293	71	0	1390.53211	81.48450	1185.55046	74.43719
M293	71	1	1116.18349	86.76998	900.36697	96.90049
M293	72	0	1350.36697	458.62480	897.08257	484.06525
M293	72	1	985.88991	483.93475	597.93578	510.24307
M293	73	0	1759.70642	78.40131	1380.50459	107.03100
M293	73	1	1157.71560	247.38499	839.81651	271.45514
M293	74	0	848.21101	246.11093	903.16514	255.61175
M293	74	1	608.65138	224.08809	672.85321	236.67210
M293	75	0	636.42202	169.92170	613.56881	191.50571
M293	75	1	850.44037	157.58891	810.41284	170.80424
M293	76	0	1094.68807	194.23165	1140.77064	198.85155
M293	76	1	1353.18349	110.54486	1418.64220	97.98695
M293	77	0	1568.88991	116.28059	1207.31193	133.89886
M293	77	1	1069.60550	34.35563	789.35780	58.58075
M293	78	0	959.84404	275.58564	756.00917	286.11419
M293	78	1	588.28440	240.87276	363.00917	261.29038
M293	79	0	1659.39450	158.26754	1716.11009	126.41109
M293	79	1	1539.17431	149.01794	1594.56881	122.88744
M293	80	0	1187.66972	310.23165	606.80734	326.56607
M293	80	1	1646.56881	287.73246	1220.71560	281.36378
M293	81	0	1727.55963	91.61501	1458.45872	84.12724
M293	81	1	1331.18349	77.96085	1175.58716	66.50897
M293	82	0	861.75229	311.80261	901.81651	310.70636
M293	82	1	742.85321	290.66069	793.48624	293.08809
M293	83	0	1731.52294	475.26591	1571.00000	470.65742
M293	83	1	1425.46789	419.76835	1352.57798	412.51713
M293	84	0	967.08257	505.17292	824.91743	515.55465
M293	84	1	1170.97248	519.26754	1034.16514	531.93475
M293	85	0	463.49541	396.65742	211.30275	408.07504
M293	85	1	592.52294	329.26754	387.00917	339.36378
M293	86	0	575.72477	549.37520	33.46789	569.22023
M293	86	1	686.25688	562.14845	177.90826	580.23165
M293	87	0	1026.12844	44.48613	927.66972	50.65253
M293	87	1	1158.67890	33.47471	1047.44954	27.74878
M293	88	0	732.36697	151.51713	655.10092	173.93312
M293	88	1	807.66972	50.65253	735.68807	76.15171
M293	89	0	1074.62385	151.70799	1052.11009	154.55302
M293	89	1	953.96330	138.49429	925.72477	147.06525
M293	90	0	1233.88991	189.79282	1119.58716	189.05220
M293	90	1	1377.55963	136.54160	1271.95413	130.47145
M293	91	0	819.73394	113.63785	656.24771	127.73246
M293	91	1	988.83486	108.79282	845.16514	119.36378
M293	92	0	790.45872	186.75367	588.54128	198.20555
M293	92	1	1287.82569	110.99511	1123.59633	104.82871
M293	93	0	747.51376	317.66069	281.39450	323.25612
M293	93	1	1585.38532	78.84176	1278.85321	62.10440
M293	94	0	603.67890	205.83687	150.16514	231.91843
M293	94	1	1112.11927	23.78467	709.48624	44.92659
M293	95	0	962.03670	194.62316	506.00000	200.40783
M293	95	1	1493.68807	151.07667	1121.03670	144.28059
M293	96	0	430.79817	33.03426	455.77982	52.41436
M293	96	1	399.53211	27.74878	421.43119	44.48613
M293	97	0	514.46789	66.06852	584.66972	97.34095
M293	97	1	469.55046	60.34258	544.15596	91.61501
M293	98	0	809.98165	145.54160	863.00000	155.91028
M293	98	1	774.75229	139.37520	831.73394	150.18434
M293	99	0	808.22018	136.73246	858.59633	144.89886
M293	99	1	776.51376	127.48287	824.68807	139.61338
M34	0	0	910.56881	511.19250	840.20183	500.81566
M34	0	1	1055.00917	502.38336	980.67890	493.76835
M34	1	0	965.22936	777.02773	622.19266	758.63785
M34	1	1	1192.45872	723.73246	906.22936	719.43719
M34	2	0	1143.74312	873.56444	800.47706	863.26754
M34	2	1	1407.04587	764.60196	1075.76147	766.89560
M34	3	0	1360.33945	781.94617	1058.66972	779.81566
M34	3	1	1099.56881	824.80098	784.66055	811.96574
M34	4	0	983.16894	803.95522	572.17209	785.82090
M34	4	1	1805.16264	630.67164	1293.43127	642.76119
M34	5	0	719.24449	685.07463	527.84890	664.92537
M34	5	1	1905.89717	255.89552	1736.66317	261.94030
M34	6	0	904.59601	376.79104	4.02938	368.73134
M34	6	1	1907.91186	398.95522	1067.78594	421.11940
M34	7	0	745.43547	683.05970	366.67366	658.88060
M34	7	1	1118.15320	797.91045	687.00944	787.83582
M34	8	0	1308.85100	651.20522	1069.80063	648.80597
M34	8	1	1639.45435	658.90299	1379.20042	662.29851
M34	9	0	1331.71039	650.82090	1138.30010	644.77612
M34	9	1	1678.23715	707.23881	1448.56243	719.32836
M34	10	0	1198.74082	687.08955	854.22875	675.00000
M34	10	1	1617.79643	552.08955	1158.44701	560.14925
M34	11	0	1719.63303	669.67210	1548.88073	675.76835
M34	11	1	1171.39450	661.00653	1005.00917	653.42251
M40	0	0	1527.55963	653.42251	462.96330	683.16150
M40	0	1	1533.72477	743.27569	460.32110	770.81240
M40	1	0	1353.35467	465.50000	1376.02099	480.77985
M40	1	1	1462.65163	463.98881	1505.96852	480.77985
M40	2	0	850.15215	170.67537	938.88458	179.80224
M40	2	1	910.08919	174.70522	1003.35467	185.34328
M40	3	0	1072.47744	180.11194	1148.81532	183.16418
M40	3	1	1159.61280	174.06716	1241.49108	180.14179
M40	4	0	1293.67891	457.75746	1006.68940	476.97015
M40	4	1	1683.77754	386.07463	1358.21091	411.20149
M40	5	0	1114.62749	475.20896	766.52781	493.44403
M40	5	1	1476.71144	388.44403	1139.75236	414.14925
M40	6	0	1175.03882	556.84328	869.99790	572.64925
M40	6	1	1473.83631	494.27239	1186.39979	517.74254
M40	7	0	939.55404	553.16791	718.33683	566.97761
M40	7	1	1337.37041	452.39179	1143.06296	469.26866
M40	8	0	213.96222	469.87687	238.46275	475.60821
M40	8	1	327.79224	469.37313	346.75236	476.61567
M40	9	0	1089.09759	475.00000	828.93704	490.01119
M40	9	1	1432.60546	426.31343	1153.53830	447.01119
M40	10	0	1185.49843	493.99254	920.71354	511.79104
M40	10	1	1549.80063	526.11194	1216.87303	546.04478
M40	11	0	904.94648	543.29851	596.34837	560.14925
M40	11	1	1254.95803	421.19030	912.93494	436.77239
M40	12	0	339.18573	338.93657	443.16474	352.84701
M40	12	1	520.50787	325.83955	595.77754	343.77985
M40	13	0	1194.27807	287.16791	1158.10598	298.26119
M40	13	1	1468.77964	268.02612	1405.40923	276.09701
M40	14	0	568.74082	526.82836	385.32949	535.01493
M40	14	1	870.90661	670.56343	634.23295	683.19030
M40	15	0	1045.89192	192.05224	668.87723	215.59701
M40	15	1	1760.83945	223.99254	1319.62225	259.92537
M40	16	0	1372.83736	328.71269	1154.41763	344.55224
M40	16	1	1849.98951	197.14552	1555.34103	219.62687
M40	17	0	1241.30115	618.29851	922.83001	636.82836
M40	17	1	1757.31375	568.00000	1328.85100	597.32090
M40	18	0	642.68625	276.04478	228.40294	284.53358
M40	18	1	1172.54984	374.77612	858.25813	396.94030
M40	19	0	682.76810	724.15299	376.19307	720.13806
M40	19	1	1255.07870	663.23134	847.08290	686.46642
M40	20	0	1485.01679	500.88433	1559.13851	517.16418
M40	20	1	1576.18153	500.38060	1647.28122	518.67537
M40	21	0	1023.78489	465.25373	817.01049	482.27239
M40	21	1	1498.71144	299.94030	1306.71563	327.17164
M40	22	0	635.74502	429.51866	289.51312	441.23507
M40	22	1	1147.77754	455.97388	812.03043	479.42910
M40	23	0	1266.08604	505.97761	1075.84470	513.80597
M40	23	1	1654.56453	444.45149	1515.04722	469.47761
M40	24	0	1220.63169	198.69030	1171.43652	206.45149
M40	24	1	1459.37251	140.76119	1416.72508	147.51493
M40	25	0	431.48059	159.68284	481.51731	177.42910
M40	25	1	590.64113	132.98507	628.58972	152.24254
M40	26	0	1172.55929	371.95522	934.71144	392.99254
M40	26	1	1722.56034	438.39179	1462.75551	464.83582
M40	27	0	922.64953	250.48134	887.71563	264.70896
M40	27	1	1319.67891	167.13060	1303.07555	174.68657
M40	28	0	769.95068	233.30970	740.17104	247.58209
M40	28	1	1278.08604	389.29104	1281.63799	401.85821
M40	29	0	980.82162	477.72388	958.01259	493.22015
M40	29	1	1225.13431	499.23507	1210.04197	515.76119
M40	30	0	733.34732	139.02985	98.71983	130.97015
M40	30	1	1903.88248	554.10448	1279.32844	566.19403
M40	31	0	1295.54984	194.14179	1155.94334	209.13433
M40	31	1	1342.39140	175.00000	1196.23715	187.97761
M40	32	0	1303.10493	182.55597	1165.00944	198.05224
M40	32	1	1343.39874	171.97761	1195.22980	180.92537
M50	0	0	1575.51376	746.19576	446.15596	727.95759
M50	0	1	1650.37615	751.04078	507.36697	731.92170
M50	1	0	292.64218	693.45896	28.70934	656.16418
M50	1	1	413.01994	671.29478	177.79643	637.52612
M50	2	0	1422.04302	569.61194	1217.56873	570.75000
M50	2	1	1616.96432	459.79851	1381.26233	474.53731
M50	3	0	1743.21091	400.65672	1653.05352	417.41045
M50	3	1	1806.67366	386.55224	1709.46485	405.32090
M50	4	0	1658.59391	429.87313	1602.68625	446.62687
M50	4	1	1696.36936	434.91045	1637.43966	452.67164
M50	5	0	1343.34103	449.19403	1342.94019	451.10075
M50	5	1	1375.07240	455.23881	1370.13851	461.67910
M50	6	0	1425.43966	515.68657	1375.17524	523.63806
M50	6	1	1463.71878	507.12313	1407.91396	515.07463
M50	7	0	1510.05666	498.05597	1490.51626	506.00746
M50	7	1	1547.83211	492.01119	1526.78069	499.96269
M50	8	0	1743.71459	483.44403	1729.10808	496.86567
M50	8	1	1775.44596	479.91791	1759.32844	496.86567
M50	9	0	1319.16369	504.89552	1288.86988	507.29851
M50	9	1	1349.38405	501.36940	1325.13431	503.77239
M50	10	0	1517.23715	487.82836	1140.94753	496.63060
M50	10	1	1612.93494	495.88806	1208.43966	505.69776
M50	11	0	1507.43232	495.22015	1497.21511	503.27985
M50	11	1	1564.34732	509.32463	1552.11542	518.39179
M50	12	0	1873.66212	642.76119	1299.47534	646.79104
M50	12	1	1762.85414	749.55224	1156.43232	741.49254
M50	13	0	823.64428	586.23507	878.31375	568.69776
M50	13	1	869.47849	596.81343	923.14061	582.29851
M50	14	0	699.23715	571.12313	751.38825	555.60075
M50	14	1	750.10808	593.28731	793.69675	574.23881
M50	15	0	745.28437	576.91791	795.92865	562.24627
M50	15	1	792.12592	604.62313	829.67471	587.93657
M50	16	0	618.86254	624.77239	713.83001	597.50746
M50	16	1	670.74082	631.32090	762.68625	608.08582
M50	17	0	635.48374	602.60821	724.40714	576.35075
M50	17	1	684.33998	615.70522	764.70094	592.97388
M50	18	0	447.59496	637.45149	207.41448	608.67910
M50	18	1	663.16684	688.83209	431.04512	649.48134
M50	19	0	1506.98846	270.60448	1232.18573	301.05224
M50	19	1	1857.04092	388.98134	1507.07555	414.71269
M50	20	0	1497.83631	205.97761	1318.12382	230.18657
M50	20	1	1740.18888	153.13433	1521.10388	187.36940
M50	21	0	1412.96222	538.61940	1068.30115	537.71269
M50	21	1	1465.34418	532.07090	1099.02518	534.69030
M50	22	0	1696.02623	473.63806	1395.18468	485.32463
M50	22	1	1749.91920	471.11940	1449.07765	487.84328
M50	23	0	1633.57083	536.10075	1412.81322	544.76493
M50	23	1	1691.99685	547.18284	1464.69150	554.83955
M50	24	0	1406.67261	625.70522	1281.75656	623.49627
M50	24	1	1459.05456	649.88433	1334.13851	648.17910
M50	25	0	1599.07555	596.99254	1443.43547	601.33209
M50	25	1	1638.36201	604.04478	1487.75866	608.38433
M50	26	0	654.75236	514.02612	348.10493	494.30224
M50	26	1	720.73347	506.97388	425.67051	493.29478
M50	27	0	1621.82581	56.41791	1460.65058	92.68657
M50	27	1	1787.03043	22.16418	1613.76705	60.44776
M50	28	0	348.54145	122.91045	112.82267	128.95522
M50	28	1	1091.96222	98.73134	880.41973	122.91045
M50	29	0	829.37041	411.63060	789.19307	408.31343
M50	29	1	1187.35887	350.08955	1117.20042	361.10075
M50	30	0	1129.14481	546.98881	1121.56034	544.32090
M50	30	1	1157.85414	550.01119	1148.25498	545.83209
M50	31	0	1186.05981	641.18657	1138.68520	632.47388
M50	31	1	1228.87198	639.17164	1176.96432	630.45896
M50	32	0	240.35887	593.29104	207.87723	558.33955
M50	32	1	308.35467	596.81716	274.36201	567.91045
M50	33	0	163.80063	633.08582	178.16055	588.56343
M50	33	1	227.26338	631.57463	237.59391	598.63806
M50	34	0	874.49108	597.41045	827.97587	581.30224
M50	34	1	919.82162	597.91418	868.26967	584.32463
M50	35	0	987.31375	621.58955	974.54460	605.98507
M50	35	1	1019.54879	617.55970	1002.75026	604.47388
M50	36	0	1117.14586	522.06716	1132.64113	518.00746
M50	36	1	1143.84050	523.57836	1156.81742	523.04478
M50	37	0	1138.80378	549.26866	1130.12277	545.20896
M50	37	1	1169.52781	552.79478	1158.32844	547.72761
M50	38	0	813.97692	592.48881	818.60860	572.75373
M50	38	1	854.77440	595.51119	853.86569	577.28731
M50	39	0	878.44701	612.63806	823.14166	594.91791
M50	39	1	923.77754	611.12687	869.47954	596.93284
M50	40	0	918.23715	618.17910	897.18153	597.43657
M50	40	1	946.94648	612.13433	926.89822	596.42910
M50	41	0	924.28122	632.78731	926.39454	616.07463
M50	41	1	952.48688	624.22388	953.08919	610.02985
M50	42	0	1233.31480	613.15672	1197.86254	609.03731
M50	42	1	1269.57922	618.19403	1233.11962	613.57090
M50	43	0	1118.98111	621.21642	1067.91501	611.55597
M50	43	1	1151.21616	621.21642	1101.66107	614.57836
M50	44	0	1147.69045	607.11194	1023.69675	605.91045
M50	44	1	1176.39979	608.62313	1051.39874	609.94030
M50	45	0	1349.15950	628.26866	1053.91710	627.06716
M50	45	1	1375.35047	628.26866	1083.13012	627.06716
M50	46	0	1591.43022	640.90672	1367.83945	646.16791
M50	46	1	1550.63274	637.88433	1341.64848	644.15299
M50	47	0	1286.70829	598.08955	1276.67471	593.27612
M50	47	1	1255.98426	598.08955	1245.44701	592.26866
M50	48	0	1311.89192	578.44403	1314.95383	573.12687
M50	48	1	1338.58657	576.42910	1340.13746	577.15672
M50	49	0	1201.58762	553.25746	1239.90661	550.96269
M50	49	1	1221.73452	558.29478	1258.03882	559.02239
M50	50	0	1743.71459	609.82090	1746.48583	623.60448
M50	50	1	1711.98321	609.31716	1713.24344	619.57463
M50	51	0	1195.80693	519.71642	1172.70724	514.58955
M50	51	1	1230.05666	513.16791	1200.91291	511.06343
M50	52	0	996.35257	556.99254	996.42183	546.82836
M50	52	1	1025.56558	546.41418	1022.61280	535.74627
M50	53	0	1277.90556	568.57836	1236.67366	568.99254
M50	53	1	1313.66632	570.08955	1269.91605	567.98507
M50	54	0	1140.90661	579.66045	1109.24449	571.51119
M50	54	1	1172.13431	573.11194	1135.93914	571.51119
M50	55	0	1488.85624	709.25373	1102.03568	695.14925
M50	55	1	1091.96222	566.19403	797.81742	556.11940
M50	56	0	1178.38510	407.72015	1232.29171	408.86567
M50	56	1	1255.44701	349.28731	1298.27282	357.48507
M50	57	0	1629.88458	999.40299	932.80168	945.00000
M50	57	1	1359.91605	1045.74627	545.98111	1013.50746
M50	58	0	833.09759	656.73134	429.89192	630.57836
M50	58	1	1055.21721	624.49254	687.77230	608.91791
M50	59	0	1216.86988	606.37313	1004.91081	599.74627
M50	59	1	1357.89822	650.19776	1133.34732	646.08955
M50	60	0	988.50262	758.02239	787.20462	733.38433
M50	60	1	1186.94963	752.48134	928.73662	731.36940
M50	61	0	1065.77125	396.94030	908.62539	392.91045
M50	61	1	1230.97587	372.76119	1079.87408	382.83582
M50	62	0	1042.73452	340.47761	931.26023	348.52239
M50	62	1	1212.47219	268.44403	1089.41343	282.53358
M50	63	0	1323.20462	641.17164	1154.66737	638.38433
M50	63	1	1489.41658	597.85075	1284.11123	600.60448
M50	64	0	1043.60965	519.85075	697.08290	515.82090
M50	64	1	1333.72508	578.28358	952.94858	576.26866
M50	65	0	602.39244	542.01493	465.39349	517.83582
M50	65	1	832.06716	533.95522	668.87723	509.77612
M50	66	0	924.74292	348.58209	517.77545	360.67164
M50	66	1	1337.75446	477.53731	894.52256	485.59701
M50	67	0	1434.45960	566.19403	987.19832	562.16418
M50	67	1	1787.03043	519.85075	1206.79958	533.95522
M50	68	0	743.42078	546.04478	642.68625	523.88060
M50	68	1	946.90451	568.20896	779.68520	560.14925
M50	69	0	727.30325	787.83582	370.70304	741.49254
M50	69	1	1208.81427	820.07463	753.49423	797.91045
M50	70	0	669.30325	585.47761	418.32214	564.02985
M50	70	1	945.77754	577.95522	703.90451	565.54104
M50	71	0	1336.89297	409.08209	1044.03987	416.11940
M50	71	1	1471.37356	416.63806	1138.73033	429.72015
M50	72	0	1242.84050	399.44030	1030.31794	406.05970
M50	72	1	1358.68520	355.61567	1132.05981	368.27985
M50	73	0	1488.06821	669.83955	1390.40609	669.98881
M50	73	1	1520.80693	685.45522	1421.63379	687.61940
M50	74	0	1207.69990	311.67537	1058.54145	324.07463
M50	74	1	1252.02308	318.22388	1103.87198	331.12687
M50	75	0	1113.51312	380.68657	975.43547	388.55224
M50	75	1	1167.40609	384.71642	1025.29906	393.58955
M50	76	0	1121.57188	520.22015	866.13851	519.52239
M50	76	1	1162.36936	521.22761	919.52781	525.56716
M50	77	0	538.61910	388.11940	481.36097	387.44776
M50	77	1	592.26023	388.62687	528.45435	386.43284
M50	78	0	589.62434	447.94030	564.96118	440.46269
M50	78	1	622.36306	429.16418	596.94439	423.97015
M50	79	0	1460.47324	398.80224	1310.11228	410.31343
M50	79	1	1418.66842	401.82463	1270.32214	413.33582
M50	80	0	1733.96747	513.65299	1510.57398	527.17910
M50	80	1	1680.07450	510.63060	1464.73977	524.15672
M50	81	0	259.32214	428.08209	123.39979	414.86194
M50	81	1	327.31794	421.53358	182.83316	412.34328
M50	82	0	251.26338	397.35448	208.52046	387.15672
M50	82	1	308.68206	387.78358	259.89507	382.11940
M50	83	0	227.59077	339.42537	209.02413	337.28731
M50	83	1	277.95803	338.41791	248.81427	338.79851
M50	84	0	1073.02413	652.56343	823.09759	635.52985
M50	84	1	1131.95383	693.86940	874.97587	675.82836
M50	85	0	583.21616	272.21642	248.83421	279.14925
M50	85	1	931.25393	284.30597	598.88667	292.24627
M50	86	0	599.64953	592.59328	87.63903	571.39179
M50	86	1	980.29276	618.81343	493.59286	600.65299
M50	87	0	1005.33054	372.76119	648.73033	376.79104
M50	87	1	1394.16579	400.97015	961.00735	415.07463
M50	88	0	900.56663	465.44776	606.42183	461.41791
M50	88	1	1156.43232	550.07463	826.02308	546.04478
M50	89	0	1378.04827	608.50746	952.94858	604.47761
M50	89	1	1819.26548	668.95522	1289.40189	668.95522
M50	90	0	656.78909	350.59701	384.80588	342.53731
M50	90	1	936.83106	459.40299	624.55404	453.35821
M50	91	0	1795.59286	613.15299	1769.30220	624.93284
M50	91	1	1736.66317	643.88060	1708.86149	654.14925
M50	92	0	1774.43861	608.11567	1751.67366	623.42164
M50	92	1	1728.60441	634.30970	1704.32844	644.57836
M50	93	0	1624.34418	641.86567	1589.49108	647.09701
M50	93	1	1665.14166	664.53358	1637.33998	673.29104
M50	94	0	1644.49108	630.78358	1623.23715	639.54104
M50	94	1	1680.75551	657.48134	1658.49423	670.26866
M50	95	0	1602.18258	660.00000	1577.40294	665.73507
M50	95	1	1637.94334	678.63806	1612.66002	687.39552
M50	96	0	1516.05456	615.67164	1505.37775	621.40672
M50	96	1	1558.36306	617.68657	1549.70094	623.42164
M50	97	0	1718.02728	596.02612	1711.88353	607.30224
M50	97	1	1760.33578	584.44030	1753.18468	596.72388
M50	98	0	1750.76600	601.06343	1740.59286	616.87313
M50	98	1	1783.50472	580.41045	1776.35362	595.21269
M50	99	0	1812.71773	586.95896	1822.18783	603.77612
M50	99	1	1855.52991	589.47761	1859.96327	604.78358
M50	100	0	1551.10913	595.14179	1516.60231	600.40299
M50	100	1	1608.02413	600.68284	1563.44386	608.46269
M50	101	0	1724.87618	608.23881	1738.21826	625.58955
M50	101	1	1771.71773	610.25373	1785.56348	626.09328
M50	102	0	1688.10808	596.65299	1695.40609	611.98881
M50	102	1	1736.96432	603.70522	1752.32109	620.55224
M50	103	0	1768.19203	617.80970	1792.61490	631.63433
M50	103	1	1809.49318	614.78731	1839.45645	632.64179
M50	104	0	1589.38825	623.35075	1541.28227	625.08582
M50	104	1	1648.31794	623.35075	1589.13116	634.15299
M50	105	0	1642.27387	607.23134	1603.23400	613.50000
M50	105	1	1697.17419	600.68284	1658.63799	618.53731
M50	106	0	1612.55719	589.09701	1609.78174	594.86194
M50	106	1	1654.36201	585.06716	1659.64533	597.88433
M50	107	0	1642.77754	572.97761	1635.46905	583.27612
M50	107	1	1680.55299	570.45896	1670.72613	583.77985
M50	108	0	1802.44176	567.94030	1791.60756	584.28358
M50	108	1	1867.41553	567.43657	1860.10703	587.80970
M50	109	0	499.60860	578.22388	347.25918	555.28731
M50	109	1	611.42392	614.99627	450.00839	591.05224
M50	110	0	1253.07555	608.79851	908.14586	603.89552
M50	110	1	1414.25079	617.86567	1028.52361	614.47388
M50	111	0	912.65477	292.16418	574.18678	292.16418
M50	111	1	1154.41763	139.02985	733.34732	169.25373
M50	112	0	381.82162	186.25746	159.66422	196.54104
M50	112	1	587.82371	139.91418	319.32844	155.73881
M50	113	0	1353.87198	435.22388	1037.56558	441.26866
M50	113	1	1627.86988	421.11940	1202.77020	443.28358
M50	114	0	498.94019	452.22761	435.17314	437.23881
M50	114	1	655.58237	485.97761	556.05456	477.53731
M50	115	0	1118.15320	457.38806	817.96432	451.34328
M50	115	1	1422.37146	326.41791	1053.68311	342.53731
M50	116	0	1469.64533	462.89552	1079.93179	471.87313
M50	116	1	1875.67681	406.80597	1344.71878	431.30970
M50	117	0	802.56873	427.14552	469.42288	417.08955
M50	117	1	1090.66946	396.92164	705.14166	398.95522
M50	118	0	1309.63484	337.89552	1168.23505	351.52612
M50	118	1	1582.62539	307.16791	1384.31060	325.33209
M50	119	0	1404.23924	310.29851	1025.47744	328.43284
M50	119	1	1670.17838	191.41791	1261.19622	231.71642
M50	120	0	1112.10913	231.71642	699.09759	243.80597
M50	120	1	1390.13641	122.91045	826.02308	157.16418
M50	121	0	750.76285	292.20522	711.99475	303.41791
M50	121	1	921.50787	329.48134	858.56348	337.16791
M50	122	0	925.18573	275.58209	835.06925	289.34328
M50	122	1	1135.21721	272.05597	1023.44281	286.82463
M50	123	0	1498.69780	633.92910	1377.26338	638.76866
M50	123	1	1685.56034	662.13806	1557.57817	672.01493
M50	124	0	654.77440	435.22388	330.40923	429.17910
M50	124	1	1676.22246	517.83582	1172.54984	523.88060
M50	125	0	324.36516	705.22388	181.32214	660.89552
M50	125	1	624.55404	697.16418	457.33473	670.97015
M50	126	0	705.14166	433.20896	366.67366	425.14925
M50	126	1	1700.39874	511.79104	1162.47639	527.91045
M50	127	0	630.59811	60.44776	32.23505	64.47761
M50	127	1	987.19832	203.50746	674.92130	225.67164
M50	128	0	1561.38510	195.44776	918.69885	233.73134
M50	128	1	1682.26653	181.34328	1011.37461	229.70149
M50	129	0	1553.32634	159.17910	882.43442	193.43284
M50	129	1	1641.97272	145.07463	983.16894	189.40299
M50	130	0	1623.84050	84.62687	908.62539	137.01493
M50	130	1	1720.54565	96.71642	1007.34523	157.16418
M50	131	0	1746.73662	137.01493	1015.40399	195.44776
M50	131	1	1887.76495	137.01493	1136.28541	207.53731
M50	132	0	1708.45750	203.50746	1037.56558	245.82090
M50	132	1	1843.44176	213.58209	1128.22665	270.00000
M50	133	0	1631.89927	267.98507	981.15425	286.11940
M50	133	1	1722.56034	276.04478	1069.80063	298.20896
M50	134	0	1793.07450	64.47761	1053.68311	114.85075
M50	134	1	1891.79433	60.44776	1146.35887	139.02985
M50	135	0	1712.48688	251.86567	1027.49213	276.04478
M50	135	1	1815.23610	270.00000	1126.21196	304.25373
M50	136	0	671.42078	575.15672	720.39559	557.52612
M50	136	1	740.42392	600.34328	773.28122	576.16418
M50	137	0	668.39874	548.45896	711.32949	532.33955
M50	137	1	732.86884	568.10448	768.74816	549.97015
M50	138	0	677.96852	537.88060	712.33683	517.73134
M50	138	1	725.31375	556.01493	758.17104	538.88806
M50	139	0	585.29276	578.17910	644.84470	558.02985
M50	139	1	646.74082	596.81716	694.20462	575.15672
M50	140	0	580.25603	603.86940	638.80063	578.17910
M50	140	1	636.16369	614.95149	681.10913	591.27612
M50	141	0	402.93809	390.89552	72.52886	378.80597
M50	141	1	1065.77125	441.26866	715.21511	429.17910
M50	142	0	616.96537	322.48507	550.07975	328.73881
M50	142	1	1109.61595	128.65672	997.27177	159.17910
M50	143	0	870.34627	695.14925	682.98006	670.97015
M50	143	1	598.36306	701.19403	406.96747	660.89552
M50	144	0	394.87933	322.38806	225.64533	328.43284
M50	144	1	640.67156	290.14925	413.01154	296.19403
M50	145	0	491.58447	94.70149	100.73452	86.64179
M50	145	1	1037.56558	50.37313	638.65687	76.56716
M50	146	0	943.37356	496.98507	900.45855	490.34701
M50	146	1	1093.97167	501.01493	1053.07135	498.91045
M50	147	0	296.12382	477.22388	406.42497	461.84328
M50	147	1	418.01259	485.28358	498.59706	475.44403
M50	148	0	1380.56768	835.03731	1091.41343	819.22761
M50	148	1	1446.54879	865.26119	1145.81007	846.93284
M53	0	0	452.69725	756.32137	1495.48624	779.88907
M53	0	1	519.63303	755.44046	1571.22936	786.93638
M53	1	0	1323.10493	726.95149	1346.86254	704.43284
M53	1	1	1469.67366	763.72388	1484.36516	735.16045
M53	2	0	1711.98321	827.09701	1754.79538	784.52612
M53	2	1	1558.86674	742.47015	1627.86988	714.00373
M53	3	0	221.61595	441.56343	395.80378	465.31343
M53	3	1	502.58762	467.35448	609.68940	482.89552
M53	4	0	1580.43337	715.59701	1468.44806	679.38806
M53	4	1	1685.70094	726.76119	1560.62015	686.49254
M53	5	0	1774.43861	774.37313	1639.34523	722.47761
M53	5	1	1872.40294	781.98507	1718.42183	722.47761
M53	6	0	1448.29696	723.56343	1374.65268	697.78358
M53	6	1	1505.71563	724.57090	1427.03463	696.27239
M53	7	0	521.97167	442.14925	810.48793	457.80597
M53	7	1	919.22141	457.43284	1222.24344	457.49254
M53	8	0	865.72718	533.56716	1234.29696	538.34328
M53	8	1	1273.52676	618.52239	1734.17209	608.56716
M53	9	0	1001.74502	108.30224	1224.95803	111.14552
M53	9	1	1273.22455	164.72015	1441.53725	159.50373
M53	10	0	314.71144	328.45896	452.34732	348.79851
M53	10	1	556.03148	422.84701	719.49108	434.42164
M53	11	0	531.87828	409.02985	1083.90346	407.01493
M53	11	1	1067.78594	666.94030	1770.91291	664.92537
M53	12	0	271.98321	368.73134	886.46380	382.83582
M53	12	1	819.97901	515.82090	1311.56348	525.89552
M53	13	0	302.20357	328.43284	789.75866	358.65672
M53	13	1	509.71668	616.56716	1120.16789	638.73134
M53	14	0	358.61490	469.47761	755.50892	491.64179
M53	14	1	757.52361	431.19403	1210.82896	431.19403
M53	15	0	402.93809	451.34328	803.86149	467.46269
M53	15	1	807.89087	435.22388	1261.19622	451.34328
M53	16	0	598.81427	624.82836	956.54250	640.41418
M53	16	1	998.00630	556.66045	1419.76285	551.27239
M53	17	0	935.67471	672.37687	880.49108	673.48881
M53	17	1	1009.21091	671.36940	954.02728	669.96269
M53	18	0	1266.17209	740.05224	1391.86674	724.64179
M53	18	1	1467.64113	768.26119	1600.89087	740.76119
M53	19	0	969.52046	730.19776	1066.09864	729.97388
M53	19	1	1165.95278	732.21269	1244.39874	720.90672
M53	20	0	1235.69675	708.38806	1428.35467	693.07090
M53	20	1	1502.04197	760.77985	1741.69990	739.17537
M53	21	0	969.06611	636.71642	1317.60756	634.70149
M53	21	1	1384.09234	805.97015	1875.67681	803.95522
M53	22	0	807.89087	830.14925	1114.12382	838.20896
M53	22	1	1220.90241	807.98507	1591.60546	801.94030
M53	23	0	419.05561	957.08955	987.19832	991.34328
M53	23	1	1345.81322	818.05970	1789.04512	844.25373
M53	24	0	1384.28227	639.73507	1537.20881	619.63060
M53	24	1	1629.57083	614.04478	1777.46065	606.02985
M53	25	0	687.92550	575.49627	934.81637	588.35821
M53	25	1	1049.65373	592.38806	1337.75446	592.38806
M53	26	0	1170.53515	471.49254	1420.35677	459.40299
M53	26	1	1567.42917	574.25373	1909.92655	548.05970
M53	27	0	679.71878	441.00000	885.98741	450.49627
M53	27	1	1006.83631	533.14925	1229.83316	532.55970
M53	28	0	276.01259	618.05970	451.40294	643.11194
M53	28	1	756.96852	584.79851	903.98321	590.08955
M53	29	0	861.16055	585.03731	1049.96537	591.48134
M53	29	1	1362.56453	522.42164	1580.33683	519.33209
M53	30	0	159.16055	697.16418	598.36306	723.35821
M53	30	1	576.20147	872.46269	1132.25603	900.67164
M53	31	0	79.58027	283.88060	246.25603	315.43657
M53	31	1	961.75866	202.70149	1120.54984	211.66418
M53	32	0	268.19307	600.11567	240.05037	631.37687
M53	32	1	399.14795	582.48507	410.79538	612.23507
M53	33	0	1202.29276	486.61567	1087.02833	475.10448
M53	33	1	1272.80693	483.08955	1152.50577	474.60075
M53	34	0	1318.64113	490.64552	1201.36201	480.64552
M53	34	1	1391.67366	497.19403	1269.86149	478.63060
M53	35	0	1411.82057	515.32836	1292.02308	499.78731
M53	35	1	1475.28332	514.32090	1350.44911	497.77239
M53	36	0	1514.71668	251.10448	1434.61910	244.22388
M53	36	1	1662.79643	248.82090	1566.58132	240.92537
M53	37	0	1360.86884	319.08955	1258.47744	311.83582
M53	37	1	1453.29276	310.46269	1344.60546	303.46269
M53	38	0	1188.16684	290.77612	1111.01784	281.74627
M53	38	1	1288.90136	296.35821	1217.79643	284.79104
M53	39	0	1053.26023	331.35821	1000.80483	330.49254
M53	39	1	1149.20986	325.52239	1110.35362	321.35821
M53	40	0	1038.37251	388.61194	936.40189	385.94030
M53	40	1	1110.39769	382.26866	1006.41238	377.05970
M53	41	0	928.99580	347.95522	830.58972	344.79104
M53	41	1	994.47324	348.20896	893.04512	342.25373
M61	0	0	1467.30275	820.82055	369.02752	832.46330
M61	0	1	1548.33028	815.53507	450.93578	828.05873
M61	1	0	160.16789	85.61940	385.41763	168.12313
M61	1	1	238.23715	98.71642	451.39874	174.16791
M61	2	0	166.21196	95.69403	383.40294	179.70896
M61	2	1	215.57188	103.75373	430.24449	178.70149
M61	3	0	125.41448	106.77612	343.10913	192.30224
M61	3	1	175.78174	112.82090	394.48374	191.29478
M61	4	0	187.36621	115.84328	415.13431	191.29478
M61	4	1	240.25184	123.90299	460.96852	198.85075
M61	5	0	196.43232	130.45149	398.00944	204.89552
M61	5	1	247.80693	139.51866	452.90976	212.45149
M61	6	0	133.97692	142.03731	355.70094	218.49627
M61	6	1	195.42497	146.06716	405.56453	222.52612
M61	7	0	204.99475	165.20896	411.60860	232.09701
M61	7	1	254.85834	170.75000	455.93179	241.16418
M61	8	0	138.00630	132.46642	359.73033	209.93284
M61	8	1	189.38090	135.48881	406.06821	213.45896
M61	9	0	89.65373	124.40672	324.97692	206.91045
M61	9	1	139.51731	129.94776	374.84050	205.39925
M61	10	0	113.32634	122.89552	346.63484	197.84328
M61	10	1	171.75236	123.39925	390.95803	196.33209
M61	11	0	838.11123	137.01493	954.96327	147.08955
M61	11	1	1625.85519	137.01493	1817.25079	62.46269
M61	12	0	320.33578	104.77612	453.30535	169.25373
M61	12	1	1104.05037	304.25373	1279.32844	294.17910
M61	13	0	471.43757	135.00000	828.03778	179.32836
M61	13	1	914.66946	211.56716	1253.13746	203.50746
M61	14	0	203.48374	602.46269	90.66107	624.62687
M61	14	1	1527.13536	249.85075	1228.96118	239.77612
M61	15	0	255.86569	161.19403	78.57293	235.74627
M61	15	1	779.68520	314.32836	608.43652	330.44776
M61	16	0	1299.47534	421.11940	1190.68206	409.02985
M61	16	1	1837.39769	362.68657	1736.66317	316.34328
M61	17	0	1215.76285	191.39925	1688.94648	145.42537
M61	17	1	1298.86884	198.45149	1802.77650	138.87687
M61	18	0	346.01364	294.53358	725.90661	334.07090
M61	18	1	479.48688	301.58582	843.76600	331.04851
M61	19	0	1042.27072	295.30224	1432.74502	279.85075
M61	19	1	1172.21826	325.52612	1584.35047	300.00000
M61	20	0	497.03148	278.58582	765.63484	314.10448
M61	20	1	755.38825	243.05970	1002.86464	265.74627
M61	21	0	997.27177	386.86567	1114.12382	386.86567
M61	21	1	1388.12172	352.61194	1488.85624	332.46269
M61	22	0	899.46905	309.77612	1124.44386	314.32463
M61	22	1	1067.19203	347.05224	1289.64848	342.02985
M61	23	0	658.54250	242.37687	1002.11647	265.05970
M61	23	1	777.40923	227.26493	1108.89507	237.85821
M61	24	0	1387.32214	74.98134	1546.27492	32.74254
M61	24	1	1648.22455	121.82836	1799.62225	52.38806
M61	25	0	1408.52046	198.39552	1705.93914	146.54104
M61	25	1	1566.16999	174.72015	1870.13641	105.73881
M61	26	0	1155.36201	263.94030	1183.70094	260.11194
M61	26	1	1502.95908	274.02985	1507.76285	244.55597
M61	27	0	895.32319	470.49627	890.49318	485.59701
M61	27	1	1237.31689	488.63060	1168.52046	489.62687
M61	28	0	538.52466	338.65299	568.35467	372.00000
M61	28	1	817.55929	387.01119	852.21406	396.94030
M61	29	0	1111.74312	616.44046	903.92661	623.91517
M61	29	1	1569.72477	613.79772	1397.13761	618.62969
M61	30	0	1130.72613	337.30224	1588.07975	313.09701
M61	30	1	1222.39454	335.79104	1705.43547	308.05970
M61	31	0	62.45540	233.73134	52.38195	316.34328
M61	31	1	701.11228	225.67164	610.45121	261.94030
M61	32	0	1138.30010	243.80597	1172.54984	229.70149
M61	32	1	1581.53200	286.11940	1567.42917	257.91045
M61	33	0	837.60231	415.79478	1165.26443	418.62313
M61	33	1	1114.11857	391.11194	1456.89087	378.32463
M61	34	0	1184.63799	550.07463	1056.24449	550.90299
M61	34	1	1662.11962	481.56716	1406.25393	483.58209
M61	35	0	890.49318	433.20896	741.40609	455.37313
M61	35	1	1359.91605	332.46269	1232.99056	324.40299
M61	36	0	767.59706	267.98507	648.73033	294.17910
M61	36	1	1265.22560	217.61194	1057.71249	213.58209
M61	37	0	552.02518	479.55224	439.20252	497.68657
M61	37	1	1029.50682	396.94030	878.40504	417.08955
M61	38	0	1299.00210	476.74627	1183.06821	475.42910
M61	38	1	1736.66317	430.65672	1679.24449	404.74254
M61	39	0	595.39559	411.54851	718.28961	433.81343
M61	39	1	856.80168	392.91045	914.72193	406.10821
M61	40	0	81.09129	167.19030	336.27072	245.83209
M61	40	1	456.40609	273.83209	678.20776	312.16418
M61	41	0	1227.06086	421.42910	1586.56873	408.39179
M61	41	1	1368.59286	452.66045	1757.31375	432.06716
M61	42	0	1274.25918	334.79851	1744.21826	291.92537
M61	42	1	1371.97167	322.20522	1870.13641	276.81343
M61	43	0	857.17209	484.21642	1044.28646	490.05224
M61	43	1	1165.92340	474.14179	1357.06716	473.42910
M61	44	0	217.58657	529.92537	24.17629	560.14925
M61	44	1	703.12697	602.46269	560.08395	604.47761
M61	45	0	771.52294	562.02284	611.22936	577.87928
M61	45	1	1514.92661	415.26754	1531.13761	396.01631
M61	46	0	906.61070	445.29851	888.47849	459.40299
M61	46	1	1787.03043	721.34328	1698.38405	693.13433
M61	47	0	1108.07975	455.37313	969.06611	453.35821
M61	47	1	1797.10388	372.76119	1599.66422	348.58209
M61	48	0	876.65268	135.22015	1176.26758	136.41791
M61	48	1	1241.91081	198.52612	1565.77020	162.43657
M61	49	0	114.83736	181.34328	384.80588	251.86567
M61	49	1	773.64113	330.44776	963.02204	346.56716
M61	50	0	1363.67576	441.41418	1357.94334	436.05224
M61	50	1	1699.62539	433.85821	1732.63379	398.95522
M61	51	0	184.51376	616.01794	43.15596	645.38662
M61	51	1	975.55046	501.24307	931.49541	512.55302
M61	52	0	209.52781	400.97015	497.62854	449.32836
M61	52	1	741.40609	419.10448	961.00735	427.16418
M67	0	0	1548.94495	798.53018	314.99083	818.57586
M67	0	1	1642.30275	798.97064	410.55046	818.57586
M67	1	0	844.19727	802.60075	1015.35887	823.55597
M67	1	1	915.71878	793.02985	1082.85100	814.48881
M67	2	0	1362.58342	848.38433	1584.03882	885.18284
M67	2	1	1415.46905	889.18657	1643.47219	928.50373
M67	3	0	1073.45435	787.93657	1266.05352	814.11194
M67	3	1	1123.82162	780.88433	1323.97587	806.05224
M67	4	0	884.04302	859.77612	967.05142	876.49254
M67	4	1	1142.93075	848.19030	1239.03463	868.43284
M67	5	0	880.08814	602.74254	1150.68625	623.97015
M67	5	1	1027.66422	617.35075	1308.83945	633.03731
M67	6	0	953.62434	507.53731	1217.17104	525.23881
M67	6	1	1067.45435	497.96642	1341.07450	516.67537
M67	7	0	847.04302	751.83209	891.61280	770.85075
M67	7	1	1010.23295	764.42537	1039.18888	784.95522
M67	8	0	733.06191	737.39925	918.52046	758.82090
M67	8	1	945.10808	698.61194	1113.94544	725.57463
M67	9	0	758.88073	804.98532	762.66055	819.01631
M67	9	1	1121.58716	789.56607	1119.82569	811.58728
M67	10	0	120.88143	476.63060	412.30745	515.62313
M67	10	1	364.74187	493.43284	632.33683	525.00000
M67	11	0	1067.78594	890.59701	1095.99161	914.77612
M67	11	1	1337.75446	874.47761	1398.19517	898.65672
M67	12	0	292.54984	770.18657	272.24449	779.91791
M67	12	1	615.39244	699.32463	606.99475	718.10821
M67	13	0	843.72193	841.23134	974.93284	861.22761
M67	13	1	1071.33998	818.93284	1235.00525	836.19403
M67	14	0	866.31689	765.67164	777.67051	773.73134
M67	14	1	1176.57922	636.71642	1142.32949	652.83582
M67	15	0	1176.17943	638.26866	1293.43127	652.83582
M67	15	1	1480.90136	566.23507	1613.76705	584.32836
M67	16	0	517.53200	689.33582	689.64218	709.69403
M67	16	1	771.88667	663.64552	906.22141	683.50000
M67	17	0	434.09759	394.78731	236.58657	436.31716
M67	17	1	989.41343	454.94030	805.87618	477.53731
M67	18	0	922.72823	1049.77612	711.18573	1057.83582
M67	18	1	1521.09129	910.74627	1331.71039	938.95522
M67	19	0	864.30220	296.19403	787.74397	328.43284
M67	19	1	1506.98846	380.82090	1488.85624	390.89552
M67	20	0	787.18993	750.33209	1107.54669	771.07463
M67	20	1	941.81742	715.57463	1264.69255	738.33209
M67	21	0	903.73452	683.54851	1204.25184	706.59701
M67	21	1	1064.40609	669.44403	1373.48583	692.49254
M67	22	0	1078.00525	693.62313	1370.88143	718.33209
M67	22	1	1261.84575	683.54851	1561.77335	706.24254
M67	23	0	316.27072	596.55970	729.13431	616.74254
M67	23	1	395.34732	557.77239	805.69255	581.48134
M67	24	0	254.76285	153.88433	512.95068	214.64552
M67	24	1	624.72403	380.70149	855.60441	404.74627
M67	25	0	960.09759	700.18284	1340.21511	724.49627
M67	25	1	1113.71773	814.52985	1515.06401	849.12687
M67	26	0	614.11647	779.91791	909.23085	793.36194
M67	26	1	872.50052	768.83582	1140.41658	789.33209
M67	27	0	276.32949	605.37687	559.26338	630.05970
M67	27	1	365.98321	645.17164	640.35467	663.80970
M67	28	0	665.91743	866.74225	1070.21101	884.13540
M67	28	1	1122.19266	796.45677	1513.44954	832.20718
M67	29	0	713.88772	822.91791	1115.42497	840.30970
M67	29	1	738.06401	821.40672	1138.09024	841.82090
M67	30	0	712.88038	840.04478	1117.43966	860.45896
M67	30	1	732.52361	840.54851	1134.56453	857.94030
M67	31	0	1161.61280	607.88433	1496.11333	627.91045
M67	31	1	1315.73662	661.27985	1674.41343	685.33582
M67	32	0	1148.69675	359.41045	1263.21091	378.80597
M67	32	1	1509.31480	336.97761	1765.87618	334.32463
M67	33	0	1135.86674	636.06343	1595.63484	662.44776
M67	33	1	1371.58552	690.46642	1861.57398	714.83582
M67	34	0	38.27912	572.23881	6.04407	612.53731
M67	34	1	372.71773	711.26866	392.86464	729.40299
M69	0	0	1288.40367	772.32137	659.73394	788.03263
M69	0	1	1457.61468	420.53344	892.30275	430.20065
M69	1	0	880.18349	332.25612	919.60550	351.19576
M69	1	1	1215.30275	352.95759	1297.24771	357.55302
M69	2	0	59.44954	281.00653	257.36697	344.30016
M69	2	1	391.92661	287.17292	588.08257	325.80098
M69	3	0	607.20183	434.12235	1014.44037	453.76509
M69	3	1	658.57798	415.03589	1063.17431	432.62316
M69	4	0	301.17431	20.70147	615.95413	87.21044
M69	4	1	477.32110	37.87928	772.28440	85.44861
M69	5	0	725.67890	531.73246	69.13761	558.23165
M69	5	1	1470.32110	480.45677	1082.28440	494.77977
M69	6	0	1066.05505	586.17781	913.45872	600.39315
M69	6	1	247.48624	354.44046	120.66055	393.22349
M69	7	0	1769.39450	507.62806	1723.59633	508.27406
M69	7	1	1041.02752	491.77162	884.89908	512.86949
M69	8	0	516.23853	697.12235	720.38532	708.76672
M69	8	1	743.46789	677.30179	917.22936	689.82708
M69	9	0	384.09174	329.01631	775.66055	362.37684
M69	9	1	512.57798	331.11419	896.90826	360.02773
M69	10	0	778.98165	276.42251	1142.98165	293.64763
M69	10	1	918.13761	311.21860	1288.74312	319.63458
M69	11	0	1020.79817	475.36378	1396.91743	484.42251
M69	11	1	1111.51376	483.29201	1484.99083	489.70799
M69	12	0	1330.37615	490.77977	1713.54128	494.11256
M69	12	1	1432.54128	482.41109	1821.43119	481.77977
M69	13	0	737.03670	644.03100	838.51376	658.13051
M69	13	1	1128.96330	605.27080	1207.54128	620.25122
M69	14	0	676.22018	706.00816	951.60550	713.39152
M69	14	1	894.64220	563.30016	1147.12844	578.61175
M69	15	0	345.67890	597.27896	718.58716	614.14845
M69	15	1	491.00000	601.24307	836.16514	616.79119
M69	16	0	1267.27523	151.07667	1233.79817	151.02936
M69	16	1	1538.11927	29.95106	1354.01835	16.24959
M69	17	0	1276.93578	545.77977	1633.74312	551.17129
M69	17	1	1372.49541	527.28059	1720.49541	530.46982
M69	18	0	658.29358	382.56281	788.23853	410.76835
M69	18	1	330.16514	382.36215	446.44037	420.68189
M69	19	0	795.66972	400.28222	1179.91743	417.23328
M69	19	1	735.77982	479.12398	1106.95413	497.08809
M69	20	0	709.76147	402.43230	1037.86239	423.71941
M69	20	1	874.01835	386.13540	1207.40367	400.37520
M69	21	0	1095.95413	350.64763	1303.93578	357.94454
M69	21	1	1346.96330	409.66884	1535.38532	411.24144
M69	22	0	1044.56881	319.93638	1107.35780	331.82708
M69	22	1	1471.31193	297.26754	1494.81651	292.51876
M69	23	0	1287.72477	616.81403	1430.85321	632.11256
M69	23	1	1628.60550	648.61338	1768.17431	662.94454
M69	24	0	1310.94495	498.84829	1482.16514	505.56444
M69	24	1	1039.20183	424.65742	1235.55963	439.49592
M69	25	0	1243.11009	463.92007	1658.12844	465.18434
M69	25	1	1363.33028	450.26591	1788.47706	446.68515
M69	26	0	1373.45872	421.19576	1654.60550	417.61501
M69	26	1	1572.06422	416.79119	1861.13761	408.80587
M69	27	0	832.36697	764.63295	790.84404	780.82055
M69	27	1	1381.94495	772.56117	1276.12844	787.86786
M69	28	0	1038.51376	711.21860	1308.55963	726.33931
M69	28	1	1063.61468	717.82545	1336.30275	736.46982
M69	29	0	1059.22018	693.29364	1232.20183	709.78140
M69	29	1	1102.81651	749.67210	1273.15596	768.80261
M69	30	0	121.54128	938.99347	137.83486	926.70799
M69	30	1	53.28440	912.12561	70.01835	901.60196
M69	31	0	643.49541	839.49429	691.70642	850.29038
M69	31	1	609.14679	869.44535	653.39450	878.47961
M69	32	0	600.33945	924.63622	589.68807	931.14845
M69	32	1	654.50459	890.28059	661.46789	899.87602
M69	33	0	1077.12844	565.94290	1217.60550	579.34747
M69	33	1	1439.99083	523.21860	1625.82569	529.57586
M69	34	0	1503.89908	663.38662	1726.67890	682.10277
M69	34	1	1535.60550	675.71941	1771.15596	694.43556
M69	35	0	1521.74312	703.18434	1749.57798	721.08809
M69	35	1	1567.98165	692.17292	1789.65138	712.71941
M69	36	0	1907.66972	560.84339	1625.83486	565.91680
M69	36	1	449.15596	192.03915	150.60550	249.65742
M69	37	0	1795.37615	717.81240	1198.26606	704.25285
M69	37	1	1182.66972	104.38989	421.41284	138.30343
M69	38	0	779.97248	119.80424	727.66055	161.80261
M69	38	1	1032.44037	208.27732	1064.55046	224.05546
M69	39	0	1741.21101	610.60033	1061.71560	610.63622
M69	39	1	849.22936	233.58891	84.55046	274.69657
M69	40	0	704.21101	661.04078	500.55046	673.85971
M69	40	1	1430.35780	682.09951	1213.60550	702.21860
M69	41	0	584.52294	503.19413	720.17431	530.94127
M69	41	1	930.67890	539.65416	1100.07339	555.85318
M69	42	0	812.34862	592.20228	781.20183	612.32790
M69	42	1	1315.00917	643.12235	1226.10092	662.27896
M69	43	0	368.46789	393.01958	441.81651	432.90049
M69	43	1	690.35780	461.72104	800.98165	490.02773
M69	44	0	86.31193	495.15661	48.44037	531.22512
M69	44	1	452.69725	520.70310	472.07339	544.43883
M69	45	0	816.50459	616.62969	705.01835	633.72431
M69	45	1	1409.99083	580.91680	1304.39450	593.86786
M69	46	0	936.49843	611.60075	1080.18573	626.72388
M69	46	1	1346.62644	713.71269	1465.76285	742.49627
M69	47	0	223.25688	599.63622	317.48624	615.90865
M69	47	1	412.61468	563.07830	511.24771	580.67210
M69	48	0	240.77064	670.10114	114.49541	682.24470
M69	48	1	534.86239	682.97716	370.78899	695.45840
M70	0	0	1396.19517	96.71642	743.00420	79.32090
M70	0	1	1524.12802	389.88806	887.05456	373.50000
M70	1	0	1333.33945	182.54160	1307.59633	171.51876
M70	1	1	1468.53211	208.08809	1427.37615	198.38662
M70	2	0	1022.33028	88.38499	840.44954	96.01958
M70	2	1	1312.47706	133.96574	1094.71560	133.31158
M70	3	0	799.57798	185.24959	482.64220	200.84829
M70	3	1	435.65138	166.25775	170.04587	186.20228
M70	4	0	1324.17431	345.38173	1070.28440	345.88418
M70	4	1	1751.92661	314.76672	1454.26606	315.89396
M70	5	0	970.09174	245.59054	902.86239	253.43230
M70	5	1	752.03670	167.78956	679.74312	187.36378
M70	6	0	1349.08257	204.53507	1349.89908	198.07504
M70	6	1	1202.58716	195.72594	1206.92661	192.78956
M70	7	0	828.84404	194.45514	763.24771	207.82219
M70	7	1	625.39450	120.75204	562.01835	144.09788
M70	8	0	1498.90826	366.63948	1171.37615	368.22186
M70	8	1	1201.64220	274.10114	953.36697	274.15987
M70	9	0	1172.96330	247.52855	1065.38532	246.78956
M70	9	1	1390.06422	141.37847	1283.80734	131.83034
M70	10	0	1201.57798	133.19413	949.68807	142.29038
M70	10	1	934.35780	143.98695	750.02752	155.25775
M70	11	0	1410.93578	274.91028	1114.81651	277.91680
M70	11	1	1064.25688	294.83687	818.81651	303.46493
M70	12	0	787.39450	269.30343	624.39450	283.18597
M70	12	1	544.03670	252.45351	417.71560	271.14682
M70	13	0	989.02752	71.35400	854.79817	81.04405
M70	13	1	727.21101	45.22023	605.79817	64.01305
M70	14	0	794.20183	183.44046	676.58716	197.94127
M70	14	1	558.97248	171.90049	452.20183	194.01958
M70	15	0	1327.30275	543.92170	1154.85321	548.32790
M70	15	1	1668.92661	554.15987	1466.78899	559.25612
M70	16	0	844.24771	237.80261	856.87156	248.97064
M70	16	1	964.90826	238.24307	981.05505	242.80424
M70	17	0	871.11009	229.43393	850.70642	236.63785
M70	17	1	719.62385	203.00653	694.37615	218.57912
M70	18	0	1151.80734	218.45677	1143.34862	220.51713
M70	18	1	1266.30275	274.83524	1273.25688	271.61011
M70	19	0	1258.81651	218.01631	1236.26606	216.55302
M70	19	1	1114.37615	155.47145	1076.85321	157.09135
M70	20	0	1513.89908	230.25285	1484.91743	219.94617
M70	20	1	1322.33945	191.93312	1283.66972	186.47145
M70	21	0	1201.00000	480.63622	1058.19266	490.18271
M70	21	1	1415.01835	429.10277	1302.59633	430.28059
M70	22	0	619.91743	73.99674	553.65138	98.66232
M70	22	1	825.12844	122.44698	762.82569	139.62480
M70	23	0	555.04587	266.80261	357.08257	286.21697
M70	23	1	803.41284	162.85481	562.83486	178.60685
M70	24	0	330.72477	551.22023	223.26606	561.25612
M70	24	1	461.51376	530.51876	375.63303	538.35237
M70	25	0	1564.91081	670.98134	1337.23820	683.69403
M70	25	1	1793.07450	698.68657	1537.19622	705.85821
M70	26	0	284.96330	453.87439	319.07339	468.12561
M70	26	1	338.68807	415.55465	367.95413	434.65090
M70	27	0	806.37615	583.37520	666.03670	590.70636
M70	27	1	859.22018	595.26754	715.35780	602.59869
M70	28	0	1198.56881	442.36378	1132.55963	447.02936
M70	28	1	1391.44954	477.60033	1327.64220	482.70636
M70	29	0	1311.27523	526.62153	1207.41284	531.51876
M70	29	1	1189.44037	447.92659	1063.55963	452.82382
M70	30	0	767.72477	607.62316	411.04587	613.82871
M70	30	1	994.63303	562.93964	703.31193	572.34584
M70	31	0	369.69725	303.28059	266.40367	323.11093
M70	31	1	574.90826	312.97064	492.75229	329.71778
M70	32	0	1281.61468	426.46819	1213.12844	428.67210
M70	32	1	1058.78899	411.05220	1001.70642	415.66069
M70	33	0	1311.77064	572.60033	1109.23853	576.76672
M70	33	1	873.65138	542.15987	661.94495	554.35073
M70	34	0	694.44954	481.77651	465.04587	489.41109
M70	34	1	996.54128	371.22186	702.77064	378.91028
M70	35	0	1764.11009	423.81403	1209.49541	433.86297
M70	35	1	1247.74312	282.81566	852.41284	290.83850
M70	36	0	961.12844	623.44698	604.57798	632.55302
M70	36	1	516.17431	498.22023	130.78899	513.05383
M70	37	0	1137.88991	450.73083	707.14679	458.12398
M70	37	1	864.19266	301.95759	529.32110	319.38825
M70	38	0	862.89908	462.59054	296.18349	473.01794
M70	38	1	1542.63303	486.23165	827.33945	495.52692
M70	39	0	1101.72477	415.20392	1015.42202	420.39641
M70	39	1	1311.33945	369.39641	1237.36697	369.74388
M70	40	0	780.03670	280.08809	572.23853	296.66884
M70	40	1	444.41284	198.55628	241.95413	224.35073
M70	41	0	849.49541	479.75530	767.09174	488.53018
M70	41	1	692.28440	437.03100	623.97248	444.92496
M70	42	0	220.75229	565.70636	96.88073	574.70799
M70	42	1	444.45872	560.86134	352.73394	566.33931
M70	43	0	1413.51376	582.04078	1306.49541	591.41109
M70	43	1	1242.65138	563.10114	1162.05505	573.79282
M70	44	0	1324.81651	576.26591	1155.80734	585.91028
M70	44	1	1138.01835	581.13703	962.48624	583.26754
M70	45	0	1805.50459	763.48287	1452.74312	769.74388
M70	45	1	1464.80734	702.24470	1230.79817	712.92496
M70	46	0	1173.27523	668.44535	896.01835	677.68352
M70	46	1	1616.84404	651.89886	1320.62385	660.75530
M70	47	0	612.13761	638.98042	314.76147	647.25285
M70	47	1	879.23853	532.46982	670.00000	539.76672
M70	48	0	1526.40367	677.24307	1204.14679	685.51713
M70	48	1	1102.34862	647.74062	796.05505	657.48124
M70	49	0	1653.32110	621.93475	1384.38532	629.81403
M70	49	1	1518.56881	577.44861	1284.86239	583.12561
M70	50	0	320.00000	406.73083	224.14679	421.24470
M70	50	1	494.82569	448.13377	428.47706	458.24307
M70	51	0	127.62385	452.36378	175.70642	469.23328
M70	51	1	328.87156	476.58891	362.42202	489.49429
M70	52	0	912.92661	299.36215	942.83486	307.14845
M70	52	1	1193.44037	266.76835	1226.87156	262.66232
M70	53	0	921.64220	440.23165	661.49541	452.80424
M70	53	1	1618.86239	264.82545	1394.17431	261.57912
M70	54	0	844.61468	333.02936	919.50459	338.42088
M70	54	1	1010.63303	295.59054	1084.64220	297.89886
M70	55	0	1557.44037	472.38499	1089.30275	480.55302
M70	55	1	780.19266	311.94780	360.83486	326.42414
M70	56	0	1210.68807	672.06525	749.84404	681.53997
M70	56	1	867.51376	380.95759	699.93578	389.04241
M70	57	0	1443.36697	663.52855	974.39450	673.22023
M70	57	1	616.48624	409.71941	289.74312	420.98369
M70	58	0	952.18349	450.30179	1044.24771	454.27896
M70	58	1	868.95413	441.93312	950.88991	444.58891
M70	59	0	905.06422	430.92170	999.77064	437.10114
M70	59	1	822.71560	430.48124	916.54128	435.33931
M70	60	0	63.41284	151.51713	183.19266	202.50408
M70	60	1	497.51376	118.92333	620.30275	145.98206
M70	61	0	894.93578	165.61175	925.44954	173.48124
M70	61	1	750.49541	124.64927	785.41284	141.76835
M70	62	0	1367.99083	670.30343	981.88991	678.95759
M70	62	1	812.11009	497.82708	501.93578	506.54160
M71	0	0	1071.15789	637.37705	885.57162	630.84112
M71	0	1	1081.26316	809.36768	913.32457	784.76636
M71	1	0	1293.43127	505.74627	725.28856	469.47761
M71	1	1	1319.62225	574.25373	725.28856	537.98507
M71	2	0	1008.78069	577.86567	1200.64848	578.76866
M71	2	1	1040.00839	540.08582	1233.38720	537.96642
M71	3	0	723.74187	527.42910	912.60860	546.17537
M71	3	1	772.59811	538.00746	948.36936	550.70896
M71	4	0	768.06506	522.89552	940.81427	533.58209
M71	4	1	799.29276	537.00000	973.04932	546.17537
M71	5	0	701.07660	502.74627	909.08290	522.50000
M71	5	1	741.37041	502.24254	955.42078	517.96642
M71	6	0	909.09339	572.76493	1075.79853	578.41418
M71	6	1	958.95698	573.77239	1131.70619	580.42910
M71	7	0	897.46590	560.57836	1065.75551	570.30597
M71	7	1	963.95068	551.00746	1141.30640	552.67537
M71	8	0	843.06925	522.29478	1005.81847	529.50373
M71	8	1	890.91815	552.01493	1065.75551	552.67537
M71	9	0	983.47639	595.42164	1122.55299	600.20896
M71	9	1	1042.40609	598.94776	1180.97901	600.71269
M71	10	0	988.63064	579.85075	1110.28437	582.13433
M71	10	1	1057.63379	584.88806	1178.78384	581.63060
M71	11	0	789.67996	627.70522	882.62434	636.03358
M71	11	1	857.67576	627.20149	966.23400	628.47761
M71	12	0	411.89192	495.29851	595.35047	532.46642
M71	12	1	440.60126	497.81716	625.57083	528.94030
M71	13	0	205.31270	438.82836	472.28856	492.08209
M71	13	1	251.98636	417.33582	509.56034	469.24627
M71	14	0	353.39244	417.00000	609.28751	463.87313
M71	14	1	314.77754	446.55224	578.05981	492.08209
M71	15	0	876.19307	616.53358	957.39140	622.41418
M71	15	1	808.70094	619.55597	896.44701	627.95522
M71	16	0	915.74502	636.88806	972.24554	648.13433
M71	16	1	854.29696	638.90299	920.36726	647.12687
M71	17	0	1054.25498	653.00746	1108.23715	652.66791
M71	17	1	970.14166	650.99254	1032.18258	654.68284
M71	18	0	1012.45016	677.18657	1042.75971	683.39552
M71	18	1	963.59391	669.63060	1004.48059	673.32090
M71	19	0	1354.33998	718.17910	1047.85205	672.11940
M71	19	1	1442.31480	730.26866	1111.98636	662.71642
M71	20	0	1398.98321	717.63433	1469.77754	704.09701
M71	20	1	1464.46065	729.22015	1541.29906	717.69776
M71	21	0	1325.95068	720.65672	1384.15320	715.68284
M71	21	1	1278.60546	715.11567	1337.31165	710.14179
M71	22	0	1348.11228	678.34328	1464.59286	672.20896
M71	22	1	1301.77440	683.88433	1407.17419	678.75746
M71	23	0	506.35257	431.19403	709.28122	465.70896
M71	23	1	685.32424	474.85075	881.53725	497.61194
M71	24	0	1486.87198	611.72388	1722.96957	598.35075
M71	24	1	1583.24134	621.12687	1827.39769	600.36567
M71	25	0	398.90871	420.20896	491.94648	463.14925
M71	25	1	714.20776	493.75373	775.01049	512.51493
M71	26	0	1397.18783	462.70149	1399.20252	435.96269
M71	26	1	1812.21406	546.32090	1854.52256	500.44030
M71	27	0	1176.57922	262.21642	1158.44701	244.54478
M71	27	1	1463.67261	352.88806	1469.71668	315.06716
M71	28	0	1108.07975	520.12687	1183.63064	513.53731
M71	28	1	1391.14376	540.27612	1479.79014	522.60448
M71	29	0	1279.32844	410.71642	1299.47534	396.94030
M71	29	1	1545.26758	461.08955	1605.70829	423.13433
M71	30	0	1109.08709	319.03731	1170.53515	308.28358
M71	30	1	1315.59286	346.23881	1394.41553	321.06716
M71	31	0	404.95278	128.95522	363.09339	198.47015
M71	31	1	754.50157	203.50746	708.61280	235.74627
M77	0	0	1114.12382	844.25373	842.14061	876.49254
M77	0	1	1210.82896	832.16418	755.50892	858.35821
M77	1	0	1406.54984	891.34701	1526.33683	983.28358
M77	1	1	1512.32109	899.91045	1636.64113	991.84701
M77	2	0	1657.58657	654.66791	1647.51312	728.18657
M77	2	1	1762.35047	651.64552	1755.80273	739.77239
M77	3	0	1221.65687	912.17910	988.59077	963.38060
M77	3	1	1370.74397	928.80224	1144.72928	989.07090
M77	4	0	1502.72298	936.50373	1365.96222	1016.02612
M77	4	1	1629.64848	951.11194	1486.33998	1047.25746
M77	5	0	1560.64533	861.95149	1642.98216	958.60075
M77	5	1	1616.55299	900.73881	1693.85310	1014.01119
M77	6	0	955.24134	770.36194	987.59811	805.13433
M77	6	1	1053.45750	728.04851	1087.82896	776.42164
M77	7	0	1047.91710	744.16791	1088.83631	813.69776
M77	7	1	1141.60021	722.50746	1179.49738	784.48134
M77	8	0	899.53830	603.39552	995.78909	654.59328
M77	8	1	966.52676	592.31343	1059.25184	639.98507
M77	9	0	763.44386	705.16418	834.16369	738.98507
M77	9	1	856.11962	691.05970	926.83945	732.43657
M77	10	0	1207.35887	883.54478	1175.91396	948.52612
M77	10	1	1359.46800	881.02612	1307.87618	947.51866
M77	11	0	903.62644	894.81716	892.96537	928.42910
M77	11	1	1021.48583	884.23881	1024.42392	926.41418
M77	12	0	1543.19727	898.15299	1558.21931	989.83209
M77	12	1	1650.47954	889.08582	1690.68520	992.35075
M77	13	0	1442.10178	878.38433	1488.01364	967.66791
M77	13	1	1600.75866	871.83582	1636.09339	974.72015
M77	14	0	986.68940	612.07463	1143.79328	663.15672
M77	14	1	1133.76180	563.21269	1283.31060	623.36194
M77	15	0	1736.66317	721.34328	1879.70619	814.02985
M77	15	1	1575.48793	769.70149	1688.31060	874.47761
M77	16	0	1185.73033	588.88806	1334.30010	660.34701
M77	16	1	1263.79958	619.11194	1423.95383	694.09701
M77	17	0	308.24764	711.26866	80.58762	695.14925
M77	17	1	1351.85729	846.26866	1110.09444	894.62687
M77	18	0	188.43652	675.57463	318.13431	677.86940
M77	18	1	352.63379	726.95522	458.15530	733.27985
M77	19	0	1309.66737	593.86567	1431.33788	661.00746
M77	19	1	1443.14061	616.53358	1571.86254	691.23134
M77	20	0	403.54984	545.02239	256.35887	556.44030
M77	20	1	1384.31480	727.19403	1233.83316	780.72015
M77	21	0	287.09339	654.67164	530.96537	672.65672
M77	21	1	438.69885	668.77612	674.51207	700.86567
M77	22	0	229.50262	691.17537	457.39773	712.00568
M77	22	1	372.54565	699.73881	590.75866	721.17537
M77	23	0	1532.41028	628.84328	1698.88772	713.87313
M77	23	1	1626.59706	629.34701	1797.60756	717.90299
M77	24	0	1495.18258	923.45149	1503.73347	1006.95896
M77	24	1	1645.78069	892.72388	1678.00420	1003.43284
M77	25	0	928.32634	806.42537	827.85834	802.90299
M77	25	1	1032.08290	812.47015	940.68101	840.17910
M77	26	0	1587.10493	891.48134	1578.00630	975.22388
M77	26	1	1734.17733	909.61567	1739.68520	1048.26493
M77	27	0	1287.95068	493.86194	1353.91396	580.10448
M77	27	1	1372.56768	472.70522	1446.08604	544.84328
M77	28	0	345.18573	970.69030	259.12697	948.02239
M77	28	1	425.26967	923.33955	373.96432	917.79851
M77	29	0	882.87408	859.98507	928.76810	902.68657
M77	29	1	930.72298	849.91045	976.61700	898.15299
M77	30	0	1043.63484	855.27612	1077.35152	914.00000
M77	30	1	1124.72613	853.26119	1164.48688	919.54104
M77	31	0	461.30010	867.86567	372.19412	871.57090
M77	31	1	638.59286	870.88806	538.40609	880.13433
M77	32	0	963.33263	796.18657	1035.18993	848.32463
M77	32	1	1001.10808	832.45522	1076.49108	879.05224
M77	33	0	269.46485	879.91045	175.78174	858.94776
M77	33	1	536.87723	840.54851	428.58552	845.85075
M77	34	0	1112.34313	616.80224	1191.00944	672.46642
M77	34	1	1168.25079	620.83209	1263.53830	680.52612
M77	35	0	1431.70829	363.94030	1671.68940	429.33582
M77	35	1	1531.43547	376.02985	1779.47534	440.41791
M77	36	0	1854.52256	725.32463	1900.35677	833.09701
M77	36	1	1756.81007	727.84328	1779.47534	830.07463
M77	37	0	1237.88038	524.97015	1352.02099	598.19030
M77	37	1	1353.72508	568.29104	1468.87303	660.65299
M77	38	0	1095.21511	491.31343	1185.25918	548.44403
M77	38	1	1199.97901	513.47761	1285.49003	580.17910
M77	39	0	114.38195	628.20522	337.12802	645.12687
M77	39	1	275.05352	641.80597	473.62329	670.81716
M78	0	0	1500.94439	261.94030	836.09654	265.97015
M78	0	1	1492.88562	594.40299	821.99370	622.61194
M78	1	0	1786.69725	724.46330	1489.27523	766.33605
M78	1	1	1733.55963	679.83034	1440.83486	718.76672
M78	2	0	1787.59633	593.04894	1801.95413	635.55954
M78	2	1	1668.99083	595.98532	1667.20183	634.97227
M78	3	0	1578.24771	450.95432	1697.52294	475.09135
M78	3	1	1484.88991	470.33442	1593.88991	496.52692
M78	4	0	1493.74312	441.42414	1593.13761	465.20881
M78	4	1	1395.98165	410.59217	1484.51376	430.85318
M78	5	0	1378.80734	440.28874	1408.06422	464.72594
M78	5	1	1247.57798	440.87602	1277.71560	463.25775
M78	6	0	1636.12844	513.45351	1597.48624	546.31321
M78	6	1	1517.52294	482.62153	1496.49541	512.54486
M78	7	0	1484.78899	545.03426	1239.65138	575.97227
M78	7	1	1264.85321	555.66069	1078.18349	579.20228
M78	8	0	790.01835	319.83524	517.38532	339.17945
M78	8	1	1066.01835	336.97064	813.58716	361.74225
M78	9	0	1422.08257	514.89233	1126.55963	546.78140
M78	9	1	1164.61468	485.32953	921.14679	508.82055
M78	10	0	1603.44954	362.07341	1438.31193	392.17781
M78	10	1	1369.23853	323.95595	1233.65138	350.63948
M78	11	0	1279.59633	399.97227	1075.20183	422.72757
M78	11	1	1498.60550	423.75693	1249.58716	457.67047
M78	12	0	1626.70642	178.26591	1341.18349	213.84502
M78	12	1	1330.95413	214.38499	1113.84404	238.83850
M78	13	0	1685.96330	419.69494	1339.92661	455.55954
M78	13	1	1400.20183	484.48777	1162.43119	509.35237
M78	14	0	337.59633	440.73083	282.44954	452.14519
M78	14	1	541.63303	358.51223	469.51376	373.05873
M78	15	0	1621.55963	334.72594	1515.49541	362.32790
M78	15	1	1462.14679	329.44046	1390.43119	348.82055
M78	16	0	1567.67890	177.53507	1259.50459	204.44046
M78	16	1	1257.96330	100.40131	993.42202	126.68679
M78	17	0	973.96330	335.07341	699.53211	356.74878
M78	17	1	674.44037	371.83524	409.16514	388.50245
M78	18	0	1747.37615	319.18271	1539.00917	352.57423
M78	18	1	1544.80734	233.29364	1395.44954	251.26917
M78	19	0	996.70642	326.54976	1026.37615	343.29690
M78	19	1	911.27523	312.16150	930.37615	328.61501
M78	20	0	1138.47706	325.37520	880.54128	347.00326
M78	20	1	898.11009	196.11419	595.70642	220.24144
M78	21	0	509.55963	156.22675	244.68807	179.24144
M78	21	1	797.91743	217.37847	520.18349	240.16150
M78	22	0	965.99083	376.31974	673.05505	399.42414
M78	22	1	667.97248	226.80587	374.31193	247.90049
M78	23	0	925.51376	199.17129	747.66055	220.25122
M78	23	1	1160.61468	207.68515	953.16514	229.35400
M78	24	0	1346.84404	497.70799	1118.05505	523.83687
M78	24	1	1124.99083	498.29690	938.47706	525.55139
M78	25	0	900.03670	143.12235	913.71560	162.00163
M78	25	1	785.54128	155.16150	805.09174	175.21533
M78	26	0	320.35780	455.57423	392.44037	462.81240
M78	26	1	446.30275	442.94780	508.99083	453.70962
M78	27	0	1400.50459	603.20881	1099.70642	636.24959
M78	27	1	1191.54128	616.78140	862.58716	643.31158
M78	28	0	1443.49541	246.00163	1358.81651	261.36052
M78	28	1	1691.53211	266.59054	1613.30275	287.68515
M78	29	0	1195.88073	423.35237	1084.11009	444.50571
M78	29	1	1431.70642	467.98858	1301.35780	494.13051
M78	30	0	1396.77982	398.24959	1306.97248	420.42414
M78	30	1	1592.30275	424.67700	1497.21101	452.72431
M78	31	0	1700.22936	331.54160	1592.58716	358.45677
M78	31	1	1420.83486	309.38499	1317.99083	328.26427
M78	32	0	1406.44037	240.51060	1345.26606	257.97879
M78	32	1	1645.00917	241.74878	1592.78899	259.46330
M78	33	0	1420.00917	597.97879	1183.12844	628.12887
M78	33	1	1260.36697	573.56607	1039.49541	601.40783
M78	34	0	669.73394	166.51876	564.46789	187.56933
M78	34	1	914.24771	174.15334	794.71560	193.24144
M78	35	0	994.75229	336.52692	852.09174	357.15498
M78	35	1	716.69725	285.10604	582.46789	303.12235
M78	36	0	969.26606	546.45677	862.98165	563.52692
M78	36	1	749.91743	543.36705	655.71560	555.59869
M78	37	0	1392.55963	504.16150	1224.59633	531.31321
M78	37	1	1114.71560	507.78793	968.73394	532.05220
M78	38	0	1065.24771	159.85808	887.18349	180.37684
M78	38	1	818.93578	74.11582	672.73394	97.65579
M78	39	0	1095.59633	312.06688	962.64220	331.20065
M78	39	1	820.58716	283.59054	687.96330	300.91680
M78	40	0	1202.07339	190.10604	1010.60550	211.50245
M78	40	1	929.59633	112.88418	754.43119	133.72594
M78	41	0	1003.75229	296.05057	799.53211	319.80424
M78	41	1	1342.23853	267.63785	1092.71560	292.62806
M78	42	0	1231.17431	172.92170	1068.92661	192.93964
M78	42	1	984.34862	114.22512	849.62385	134.50571
M78	43	0	735.62385	299.06036	580.41284	315.54486
M78	43	1	433.94495	287.89233	281.62385	304.32137
M78	44	0	748.32110	382.64600	620.99083	398.28874
M78	44	1	554.79817	303.70310	462.45872	321.06199
M78	45	0	1301.31193	89.26591	1097.72477	112.56933
M78	45	1	998.62385	85.44861	813.92661	106.17129
M78	46	0	1534.83486	497.49429	1632.86239	522.56607
M78	46	1	1423.56881	461.96411	1510.73394	482.63132
M78	47	0	1135.03670	320.71778	1040.69725	339.26427
M78	47	1	941.84404	265.21860	861.90826	284.94127
M78	48	0	1149.68807	277.67047	1002.82569	295.51223
M78	48	1	944.10092	324.39315	834.62385	340.35073
M78	49	0	1285.40367	407.26591	1190.47706	426.68679
M78	49	1	1116.88991	385.53670	1054.84404	403.48940
M78	50	0	849.76147	718.66884	495.35780	734.58238
M78	50	1	785.76147	690.77325	446.62385	700.52039
M78	51	0	1384.75229	641.06036	1053.05505	670.57586
M78	51	1	1216.82569	574.97064	927.59633	598.55791
M78	52	0	1493.23853	580.13051	1370.82569	614.56770
M78	52	1	1352.32110	627.40620	1254.79817	652.90865
M78	53	0	1356.86239	509.20065	1241.43119	535.33605
M78	53	1	1259.98165	473.37684	1144.84404	496.57586
M78	54	0	1493.34862	507.23165	1443.70642	533.86786
M78	54	1	1420.54128	475.22512	1372.07339	500.09951
M78	55	0	552.97248	398.30506	483.31193	411.46330
M78	55	1	584.97248	411.81240	508.85321	423.20881
M78	56	0	1179.15596	500.45514	981.00000	521.48777
M78	56	1	831.82569	451.95759	694.28440	470.74062
M78	57	0	1177.34862	190.23980	1152.56881	203.81240
M78	57	1	1392.37615	203.16150	1364.23853	218.20065
M78	58	0	948.99083	560.04241	815.19266	577.55302
M78	58	1	814.23853	504.54486	691.00917	518.97227
M78	59	0	724.59633	511.32463	569.36697	526.84992
M78	59	1	592.48624	485.77814	453.55046	495.57749
M78	60	0	1619.96330	642.01958	1287.20183	676.89233
M78	60	1	1703.04587	675.78793	1342.98165	706.84339
M78	61	0	1802.86239	700.31321	1324.73394	733.79772
M78	61	1	1861.87156	764.91354	1357.61468	796.34258
M78	62	0	1590.60550	840.39152	948.33945	866.64763
M78	62	1	977.02752	915.01794	374.72477	938.05383
M78	63	0	975.26606	915.01794	374.28440	937.61338
M78	63	1	1080.95413	829.12887	589.62385	844.23654
M78	64	0	1660.88073	922.58891	956.38532	950.87113
M78	64	1	1146.71560	977.81403	357.57798	1007.76509
M78	65	0	1143.19266	981.33768	359.25688	1006.44372
M78	65	1	959.86239	937.13703	347.36697	955.79119
M78	66	0	1609.62385	144.25612	1570.25688	153.06688
M78	66	1	1318.61468	192.58891	1270.02752	206.79772
M78	67	0	1321.97248	475.22512	937.99083	503.17781
M78	67	1	908.13761	444.20065	542.73394	465.51060
M78	68	0	1271.10092	673.00326	747.51376	700.36052
M78	68	1	859.11009	373.58238	466.44954	395.66232
M78	69	0	748.33945	672.28874	365.44954	683.93148
M78	69	1	478.22018	465.35889	35.52294	471.71941
M78	70	0	1176.33028	617.86134	715.84404	638.55139
M78	70	1	788.08257	489.93312	190.44037	502.11419
M78	71	0	1133.64220	609.77977	671.06422	632.93148
M78	71	1	713.72477	412.02121	209.02752	426.99511
M78	72	0	1694.53211	288.93964	1146.71560	327.69984
M78	72	1	1154.65138	190.31321	656.39450	218.92496
M78	73	0	504.99083	541.13540	345.36697	552.82545
M78	73	1	325.76147	522.19576	175.38532	524.63622
M78	74	0	1712.81651	695.73083	1241.89908	729.44861
M78	74	1	1367.35780	655.98858	1008.33945	683.96411
M78	75	0	950.55963	711.43230	485.76147	728.11419
M78	75	1	1697.87156	449.78140	1250.44954	487.33768
M78	76	0	628.77064	445.34584	698.11927	456.83524
M78	76	1	491.08257	456.21044	559.47706	462.94780
M78	77	0	1459.30275	547.62153	1116.47706	578.86134
M78	77	1	959.92661	514.10604	678.46789	531.58238
M78	78	0	1263.42202	626.38336	1102.42202	652.22512
M78	78	1	1165.07339	595.25775	1009.65138	615.52039
M78	79	0	1116.04587	561.86134	1064.03670	583.11582
M78	79	1	1180.63303	579.77325	1126.27523	601.02773
M78	80	0	1120.54128	539.00326	1115.29358	559.11419
M78	80	1	1223.00000	554.56607	1223.62385	577.31974
M79	0	0	1432.44491	108.80597	751.47954	96.71642
M79	0	1	1543.25289	439.25373	832.06716	435.22388
M79	1	0	1175.05505	634.42251	911.34862	638.14845
M79	1	1	1241.55046	678.02773	967.71560	685.71778
M79	2	0	1260.04587	622.97064	1035.88073	631.71778
M79	2	1	1314.65138	656.00489	1081.23853	666.95432
M79	3	0	815.02752	690.46819	598.77064	676.95759
M79	3	1	934.80734	682.98042	708.86239	677.39804
M79	4	0	741.57798	615.91028	604.79817	604.67210
M79	4	1	892.62385	611.06525	754.96330	606.87439
M79	5	0	1021.34862	728.73246	670.38532	721.44535
M79	5	1	1202.33945	717.28059	847.85321	717.48124
M79	6	0	1158.92661	613.17292	1084.24771	622.48287
M79	6	1	1202.08257	616.69657	1120.35780	630.41109
M79	7	0	834.61468	680.33768	634.25688	668.33931
M79	7	1	868.96330	656.99347	682.69725	648.51876
M79	8	0	1083.45872	719.53997	830.99083	716.60033
M79	8	1	1001.55046	691.35073	762.73394	687.53018
M79	9	0	509.98165	741.20881	241.38532	710.53181
M79	9	1	566.78899	743.41109	304.35780	715.81729
M79	10	0	1086.38532	623.60033	780.29358	621.70799
M79	10	1	736.98165	610.77977	437.33028	590.17129
M79	11	0	1066.85321	709.50408	864.11927	707.94454
M79	11	1	1201.60550	626.25775	997.99083	633.94780
M79	12	0	939.11927	571.42088	951.93578	575.38662
M79	12	1	1154.45872	569.65905	1154.50459	584.63622
M79	13	0	1423.06422	560.21044	1459.90826	590.64600
M79	13	1	1531.10092	490.61827	1582.62385	527.22023
M79	14	0	1164.63303	592.59869	1208.02752	612.66884
M79	14	1	1251.53211	561.76672	1299.91743	583.89233
M79	15	0	581.39450	558.02936	616.44037	547.98042
M79	15	1	425.50459	538.20881	464.51376	523.31485
M79	16	0	657.32110	558.19413	688.09174	552.72594
M79	16	1	727.77982	572.28874	753.26606	567.11419
M79	17	0	1356.68807	593.70636	1295.32110	614.70799
M79	17	1	1632.25688	597.32626	1560.42202	630.56444
M79	18	0	1002.77064	591.19576	665.24771	579.31485
M79	18	1	1563.25688	585.77814	1225.02752	603.10277
M79	19	0	897.51376	449.52692	763.32110	450.15987
M79	19	1	1128.70642	428.38499	972.93578	433.86297
M79	20	0	1278.20183	578.82545	1190.55046	593.66069
M79	20	1	1427.92661	567.81403	1318.69725	587.49429
M79	21	0	1200.40367	321.79119	945.87156	324.36378
M79	21	1	1520.55046	305.05383	1236.51376	312.47145
M79	22	0	896.11927	532.68515	642.40367	522.94454
M79	22	1	1205.25688	513.30506	944.49541	517.65905
M79	23	0	1115.95413	514.64437	901.96330	516.76346
M79	23	1	1369.16514	492.18108	1141.08257	502.66884
M79	24	0	1035.80734	349.47308	807.72477	348.50897
M79	24	1	1337.89908	312.91517	1119.50459	319.87928
M79	25	0	1349.28440	725.87276	675.54128	729.13540
M79	25	1	1853.06422	96.90049	761.15596	107.03100
M79	26	0	1302.35780	168.87602	1016.57798	176.48124
M79	26	1	899.94495	159.34421	628.55963	153.27896
M79	27	0	842.06422	174.86134	580.22018	169.24307
M79	27	1	1189.51376	147.11256	932.64220	149.31485
M79	28	0	1613.42202	681.45677	1206.57798	700.88581
M79	28	1	1133.11927	564.43393	820.13761	564.05220
M79	29	0	1533.52294	439.98042	1277.19266	454.23165
M79	29	1	1335.35780	410.46982	996.82569	415.05220
M79	30	0	463.76147	374.59869	203.00917	351.10114
M79	30	1	1113.03670	366.13540	843.68807	364.84992
M79	31	0	1362.96330	451.38662	1324.05505	467.13703
M79	31	1	1033.56881	470.76672	981.00917	475.06525
M79	32	0	1052.00000	548.63622	1002.29358	556.49429
M79	32	1	1408.69725	543.79119	1370.88073	563.54160
M79	33	0	1517.88073	465.67047	1559.33945	489.65905
M79	33	1	1727.93578	442.32626	1791.85321	470.27896
M79	34	0	1143.36697	520.37357	1182.33028	534.09951
M79	34	1	1227.91743	461.79282	1259.39450	477.72104
M79	35	0	1266.11009	217.04078	1171.75229	224.98206
M79	35	1	1552.70642	124.64927	1425.55963	137.86297
M79	36	0	1351.85321	410.61011	1313.55963	429.49429
M79	36	1	1558.38532	420.74062	1502.03670	441.38662
M79	37	0	1238.03670	381.74225	1128.88073	392.80098
M79	37	1	1486.40367	313.91191	1327.04587	325.85155
M79	38	0	1366.37615	481.86297	1230.61468	496.39804
M79	38	1	1731.88073	481.42251	1533.14679	507.40946
M79	39	0	1008.42202	252.74715	825.55046	255.24144
M79	39	1	1351.86239	102.77325	1096.55963	106.84502
M79	40	0	1240.84404	246.85971	989.42202	249.01631
M79	40	1	1558.78899	146.43556	1192.87156	154.75856
M79	41	0	1057.04587	184.11093	897.17431	185.38499
M79	41	1	1292.20183	76.63948	1072.44037	80.99674
M79	42	0	1296.31193	674.02773	1003.63303	681.44535
M79	42	1	984.09174	655.52855	702.97248	648.46982
M79	43	0	208.73394	413.89723	230.89908	397.63622
M79	43	1	426.71560	419.62316	424.22018	409.96900
M79	44	0	1618.75229	270.00489	1277.36697	283.06525
M79	44	1	818.37615	303.56770	387.40367	286.98369
M79	45	0	1652.33945	343.74388	1577.90826	363.81566
M79	45	1	1185.60550	336.60033	1092.53211	343.56607
M79	46	0	1543.76147	419.11582	1592.27523	439.12235
M79	46	1	1446.58716	417.64763	1477.48624	437.06688
M79	47	0	1535.14679	292.73409	1552.68807	307.47145
M79	47	1	1678.70642	273.06036	1721.49541	286.62316
M79	48	0	1248.09174	421.70147	1267.68807	436.90865
M79	48	1	1170.88073	420.23328	1182.55046	431.91680
M79	49	0	1628.46789	456.25122	1712.96330	485.60685
M79	49	1	1539.22018	459.48124	1603.45872	485.60685
M79	50	0	929.42202	429.39152	939.97248	429.95595
M79	50	1	824.02752	398.55954	833.69725	398.53670
M79	51	0	577.97248	469.01142	584.41284	460.20228
M79	51	1	693.05505	481.93148	698.02752	477.23328
M79	52	0	397.99083	437.15661	439.57798	426.19250
M79	52	1	490.17431	440.97390	532.34862	432.94617
M79	53	0	639.05505	486.46982	348.19266	467.08972
M79	53	1	1241.36697	434.09951	974.91743	437.67210
M79	54	0	640.66055	421.91028	251.13761	398.18434
M79	54	1	1788.33028	379.84013	1273.10092	394.61338
M79	55	0	1154.46789	533.61338	784.64220	527.08809
M79	55	1	1502.54128	490.86297	1132.39450	497.39804
M83	0	0	1615.78174	40.29851	789.75866	90.67164
M83	0	1	1650.03148	463.43284	846.16999	461.41791
M83	1	0	1503.62385	301.87276	1515.33028	315.13540
M83	1	1	1625.60550	260.02936	1629.82569	276.37520
M83	2	0	825.70642	531.25612	715.17431	520.53018
M83	2	1	1041.35780	548.29038	913.82569	537.80261
M83	3	0	1714.28571	1022.75618	933.33333	954.50704
M83	3	1	674.28571	1026.57244	49.52381	1019.15493
M83	4	0	1185.15596	485.68189	729.93578	483.29038
M83	4	1	1752.66055	277.93475	1138.80734	315.17292
M83	5	0	644.33028	617.39641	247.48624	591.53997
M83	5	1	1175.40367	537.23002	732.58716	536.60196
M83	6	0	587.00000	545.05383	564.27523	526.11256
M83	6	1	797.05505	561.35073	750.11009	546.37357
M83	7	0	1796.69725	428.71941	1474.30275	448.57586
M83	7	1	1148.66055	443.59054	900.99083	443.06525
M83	8	0	1236.44954	331.31321	932.12844	345.71941
M83	8	1	647.34862	259.23328	315.33028	268.18597
M83	9	0	1138.99083	225.23165	824.79817	245.18434
M83	9	1	1623.08257	252.10114	1191.45872	279.25612
M83	10	0	613.37615	274.49266	474.13761	286.83850
M83	10	1	1158.63303	370.92170	1010.22936	380.37520
M83	11	0	1374.60550	604.23002	1229.48624	602.26754
M83	11	1	1735.26606	595.42088	1529.37615	602.70799
M83	12	0	1387.06422	556.80261	1196.55963	564.18271
M83	12	1	1821.79817	511.81566	1540.93578	528.46982
M83	13	0	1183.62385	673.42088	839.78899	659.42088
M83	13	1	1621.74312	607.58728	1160.37615	609.64927
M83	14	0	1774.67890	229.13866	1630.67890	254.57749
M83	14	1	1464.55046	325.61175	1340.78899	341.47145
M83	15	0	1386.97248	415.26754	1163.43119	425.09951
M83	15	1	1773.35780	361.36215	1524.34862	385.61175
M83	16	0	342.33945	135.81566	355.43119	164.24307
M83	16	1	545.34862	98.81729	527.17431	131.20881
M83	17	0	930.94495	581.02610	733.80734	566.10114
M83	17	1	596.69725	538.77814	484.37615	522.60196
M83	18	0	1076.21101	503.75367	994.47706	499.83687
M83	18	1	870.55963	474.24307	808.64220	472.08809
M83	19	0	1054.50459	530.32790	764.23853	523.66069
M83	19	1	1554.37615	583.13703	1150.73394	581.17292
M83	20	0	970.49541	543.73083	582.27523	531.89723
M83	20	1	1546.96330	315.76672	1049.40367	338.51876
M83	21	0	968.33028	549.31648	601.66972	536.62316
M83	21	1	1627.09174	525.66232	1259.37615	534.29201
M83	22	0	1493.44954	342.13540	1444.80734	356.19576
M83	22	1	1271.50459	314.82708	1251.04587	328.44698
M83	23	0	424.99083	680.77814	85.87156	644.83850
M83	23	1	1390.80734	544.08972	1030.61468	544.70799
M83	24	0	272.19266	431.80261	284.95413	422.25449
M83	24	1	657.93578	521.80261	595.93578	508.83850
M87	0	0	1668.16369	219.62687	872.36097	215.59701
M87	0	1	1660.10493	697.16418	832.06716	733.43284
M87	1	0	899.38532	107.47145	1118.55046	97.78140
M87	1	1	1190.46789	96.01958	1429.88991	69.59217
M87	2	0	577.33028	638.87276	470.50459	628.66069
M87	2	1	941.95413	531.40131	856.20183	528.17292
M87	3	0	1479.73394	489.39804	1327.70642	495.87602
M87	3	1	1141.91743	615.18434	996.26606	621.45840
M87	4	0	1458.03670	771.41109	1291.15596	793.19739
M87	4	1	1097.54128	699.26754	906.24771	705.00653
M87	5	0	555.50459	724.92170	449.35780	709.85155
M87	5	1	815.30275	664.04241	745.38532	661.48287
M87	6	0	1273.91743	462.16150	1177.34862	464.01958
M87	6	1	1653.13761	482.70473	1539.33028	490.44698
M87	7	0	640.64220	768.66884	424.59633	754.13703
M87	7	1	970.03670	712.73083	805.74312	712.57749
M87	8	0	979.23853	621.89723	868.96330	613.32626
M87	8	1	1336.40367	657.27896	1238.98165	666.02936
M87	9	0	749.70642	531.75530	620.84404	531.00326
M87	9	1	1084.00917	492.62643	990.75229	494.00489
M87	10	0	1034.99083	701.38662	927.93578	703.98206
M87	10	1	1411.60550	642.45840	1336.29358	653.94617
M92	0	0	298.80734	732.45840	138.63303	684.64600
M92	0	1	349.44954	735.98206	196.32110	686.84829
M92	1	0	388.80734	772.74388	143.11927	725.49429
M92	1	1	468.07339	769.22023	234.71560	722.85155
M92	2	0	85.43119	717.33768	33.02752	666.10114
M92	2	1	165.57798	729.67047	104.36697	678.43393
M92	3	0	120.36697	600.17781	292.54128	562.65416
M92	3	1	166.45872	578.74225	327.18349	545.91680
M92	4	0	783.46789	542.91028	549.21101	525.97064
M92	4	1	1108.52294	587.03915	876.68807	570.20881
M92	5	0	253.66055	550.49429	239.55046	522.06525
M92	5	1	481.33028	564.58891	416.13761	538.80261
M92	6	0	162.49541	528.65905	293.91743	512.56607
M92	6	1	313.10092	595.60848	415.89908	568.50408
M92	7	0	1632.88073	657.71778	1290.22018	654.87439
M92	7	1	683.06422	449.96900	460.34862	437.73409
M92	8	0	849.28440	453.38825	650.99083	448.54160
M92	8	1	1098.09174	452.94780	864.56881	451.62480
M92	9	0	1330.44037	561.29038	1069.32110	551.11093
M92	9	1	1636.05505	502.70962	1343.04587	506.18434
M92	10	0	560.91743	467.18271	226.49541	452.00489
M92	10	1	884.78899	453.79119	609.54128	451.56933
M92	11	0	1354.07339	228.33768	323.32110	249.49429
M92	11	1	1197.30275	208.51713	130.00000	213.81729
M92	12	0	1394.58716	132.75856	422.84404	162.72431
M92	12	1	1250.14679	157.42414	288.09174	179.90212
M92	13	0	1569.90826	139.62480	505.63303	182.54486
M92	13	1	1395.52294	166.05220	346.66055	194.87765
M92	14	0	1361.15596	92.05546	379.65138	125.53018
M92	14	1	1241.81651	98.66232	183.24771	109.23328
M92	15	0	1618.04587	154.15987	541.74312	203.92496
M92	15	1	1507.51376	214.06199	395.98165	251.05383
M92	16	0	1684.66972	147.55302	820.02752	192.91028
M92	16	1	1556.08257	106.59054	705.09174	146.66232
M92	17	0	1159.47706	606.24144	927.66055	593.40946
M92	17	1	810.26606	545.58891	608.11927	528.90049
M92	18	0	473.77064	566.74388	458.64220	543.52855
M92	18	1	294.34862	580.88581	315.96330	551.89723
M92	19	0	634.45872	593.83850	522.51376	572.31485
M92	19	1	832.18349	545.38825	722.00000	529.59054
M92	20	0	229.20183	267.22023	147.08257	274.00489
M92	20	1	505.75229	357.51387	402.05505	355.92985
M92	21	0	1343.57798	513.27896	938.28440	512.17292
M92	21	1	858.82569	539.57586	511.11927	524.93148
M92	22	0	335.79817	661.79119	173.45872	624.62480
M92	22	1	639.65138	643.73246	473.78899	613.61338
M92	23	0	1567.57798	840.15987	1080.16514	813.74062
M92	23	1	1133.09174	590.71941	806.89908	582.11093
M92	24	0	1791.85321	816.08809	1244.45872	789.08483
M92	24	1	1341.21101	584.00489	961.59633	578.57749
M92	25	0	1753.98165	716.85155	1172.18349	707.06525
M92	25	1	1261.60550	649.06525	868.55963	633.29201
M92	26	0	1740.33028	803.89886	1206.99083	789.57749
M92	26	1	1268.22936	699.64927	857.82569	684.64927
M92	27	0	44.47706	478.48287	136.95413	459.11093
M92	27	1	181.87156	519.00489	264.22018	494.34747
M92	28	0	524.88073	599.21697	349.72477	570.10114
M92	28	1	817.28440	608.04078	638.16514	585.07667
M92	29	0	1055.47706	465.18108	831.88991	462.00489
M92	29	1	905.75229	351.54323	635.92661	356.29527
M92	30	0	605.88073	592.58728	199.04587	566.57749
M92	30	1	807.56881	571.88581	528.30275	554.49266
N1	0	0	1013.38930	239.77612	973.09549	300.22388
N1	0	1	997.27177	642.76119	965.03673	654.85075
N1	1	0	194.41763	662.26866	349.08604	651.61940
N1	1	1	482.51836	684.43284	615.02518	666.73134
N1	2	0	595.33473	634.46269	804.28332	633.27612
N1	2	1	709.16474	554.87313	920.12802	558.72388
N1	3	0	1239.38510	296.66418	1555.82581	284.10448
N1	3	1	1055.04092	252.33582	1367.45226	261.94030
N1	4	0	1465.68730	198.47015	1487.84890	228.69403
N1	4	1	1649.02413	112.83582	1668.16369	174.29104
N1	5	0	1155.48164	709.94776	1456.62120	695.14925
N1	5	1	1415.37671	694.83582	1740.69255	703.20896
N1	6	0	800.56978	729.73881	1123.91605	705.94776
N1	6	1	1032.25918	734.77612	1343.51731	715.01493
N1	7	0	458.15845	407.78358	776.07765	443.81343
N1	7	1	627.39244	545.80597	938.26023	547.58209
N1	8	0	529.96013	168.24627	851.17419	240.64925
N1	8	1	742.50997	256.90299	1002.27597	298.07463
N1	9	0	1501.95173	607.24627	1883.73557	609.06716
N1	9	1	1458.63589	615.30597	1818.25813	615.11194
N1	10	0	334.43861	624.97761	773.08499	618.81343
N1	10	1	469.42288	625.98507	858.70934	614.78358
N1	11	0	840.13641	561.88060	1113.46800	561.00746
N1	11	1	1033.54669	547.77612	1284.71668	552.94776
N1	12	0	1054.69045	308.67910	1235.90871	329.79104
N1	12	1	1268.24764	197.85821	1404.13536	205.87313
N1	13	0	981.89402	677.41045	1281.81322	672.52239
N1	13	1	1154.15005	717.70896	1464.14271	710.80597
N1	14	0	1077.34942	112.83582	1047.63903	167.23881
N1	14	1	1406.75131	341.52985	1424.38615	352.61194
N1	15	0	95.69780	213.58209	376.74711	320.37313
N1	15	1	602.39244	179.32836	709.17104	255.89552
N1	16	0	211.54250	533.95522	98.71983	560.14925
N1	16	1	890.49318	701.19403	719.24449	691.11940
N1	17	0	1353.51836	198.47015	1643.98741	177.31343
N1	17	1	1127.87303	199.47761	1404.23924	213.58209
N1	18	0	1176.57922	300.22388	1444.53305	301.06716
N1	18	1	977.12487	346.56716	1232.99056	364.53731
N1	19	0	715.21511	344.55224	1001.30115	366.71642
N1	19	1	523.81952	354.62687	807.89087	400.97015
N1	20	0	1573.47324	812.01493	1468.70934	805.97015
N1	20	1	874.37566	614.55224	824.00839	608.50746
N1	21	0	1136.28541	165.22388	1394.16579	165.22388
N1	21	1	910.64008	203.50746	1174.56453	243.80597
N1	22	0	727.30325	233.73134	1035.55089	284.10448
N1	22	1	483.52571	340.52239	842.14061	378.80597
N1	23	0	734.18783	360.91791	1024.96642	387.70896
N1	23	1	536.74816	368.97761	876.88667	405.84328
N1	24	0	473.45226	325.68657	805.08499	372.25373
N1	24	1	194.41763	312.58955	632.82896	385.35075
N1	25	0	1496.85519	694.83582	1887.76495	697.16418
N1	25	1	1231.92340	637.41045	1521.09129	628.65672
N1	26	0	602.39244	971.19403	521.80483	874.47761
N1	26	1	872.36097	421.11940	965.03673	435.22388
N1	27	0	32.23505	491.64179	197.43966	523.88060
N1	27	1	958.99265	612.53731	987.19832	602.46269
N1	28	0	186.35887	437.84328	545.98111	473.50746
N1	28	1	563.10598	558.73881	693.05352	560.14925
N1	29	0	58.42602	763.65672	358.61490	713.28358
N1	29	1	406.96747	805.97015	624.55404	763.65672
N1	30	0	303.21091	531.44776	648.11647	546.69403
N1	30	1	565.12067	493.16418	854.62225	510.42537
N1	31	0	687.71773	542.93284	919.35047	542.41045
N1	31	1	944.59077	559.05224	1130.89297	558.52985
N1	32	0	253.85100	132.98507	531.87828	245.82090
N1	32	1	1009.35992	604.47761	969.06611	600.44776
N2	0	0	1124.39746	659.77444	792.73495	663.83459
N2	0	1	1248.20296	704.43609	662.97782	712.55639
N2	1	0	1187.31501	659.77444	725.82893	676.01504
N2	1	1	1363.89006	734.88722	561.60507	740.97744
N2	2	0	537.49108	286.93284	356.46065	307.59701
N2	2	1	826.59916	331.26119	599.23085	334.79851
N2	3	0	642.96013	834.17910	445.06296	834.17910
N2	3	1	736.64323	855.33582	534.71668	861.38060
N2	4	0	561.26128	906.71642	381.78384	902.68657
N2	4	1	626.73872	912.76119	463.37880	908.73134
N2	5	0	264.93179	496.91045	262.91710	509.43284
N2	5	1	519.79014	456.61194	475.46695	473.16418
N2	6	0	674.92130	483.58209	425.09969	489.62687
N2	6	1	1255.15215	594.40299	973.09549	594.40299
N2	7	0	620.52466	586.34328	328.39454	588.35821
N2	7	1	1085.91815	552.08955	813.93494	546.04478
N2	8	0	633.76076	770.70896	690.79853	764.66418
N2	8	1	762.70094	789.85075	816.71668	787.83582
N2	9	0	1570.45121	504.57463	1557.35572	507.76119
N2	9	1	1764.86884	425.99254	1778.97167	419.10448
N2	10	0	701.92340	616.85821	331.99056	628.79851
N2	10	1	998.08290	634.99254	717.80378	646.93284
N2	11	0	1776.95698	161.19403	1249.10808	165.22388
N2	11	1	1148.37356	336.49254	803.86149	330.44776
N2	12	0	805.44491	837.20149	811.37880	836.19403
N2	12	1	844.73137	842.23881	847.64323	843.24627
N2	13	0	715.45960	834.17910	733.56243	835.18657
N2	13	1	762.80483	843.24627	780.90766	839.21642
N2	14	0	491.58447	867.42537	545.42392	856.34328
N2	14	1	513.74607	876.49254	568.59286	864.40299
N2	15	0	1019.43337	685.07463	743.42078	699.17910
N2	15	1	447.26128	660.89552	30.22036	685.07463
N2	16	0	765.58237	803.95522	550.01049	803.95522
N2	16	1	1118.15320	791.86567	898.55194	785.82090
N2	17	0	938.69570	253.88060	941.79119	260.72388
N2	17	1	1078.71668	318.35821	1104.98111	321.17164
N2	18	0	920.71354	769.70149	572.17209	781.79104
N2	18	1	1428.41553	842.23881	1033.53620	850.29851
N2	19	0	1237.67261	871.45522	948.75446	886.56716
N2	19	1	1640.61070	679.02985	1333.56034	682.05224
N2	20	0	577.15845	777.84328	598.76915	776.21642
N2	20	1	798.77440	740.56716	821.39244	745.99254
N2	21	0	1239.03463	642.76119	1057.71249	666.94030
N2	21	1	1825.30955	693.13433	1702.41343	701.19403
N3	0	0	1150.78224	657.74436	750.15839	641.50376
N3	0	1	1211.67019	676.01504	691.36220	661.80451
N3	1	0	1081.88877	16.11940	1071.81532	6.04478
N3	1	1	1440.50367	98.73134	1513.03253	26.19403
N3	2	0	773.63694	130.97015	1012.52676	154.14179
N3	2	1	944.88562	194.44030	1189.81952	196.45522
N3	3	0	696.51312	323.39552	743.91605	350.23881
N3	3	1	1029.94439	333.47015	1086.41343	338.14925
N3	4	0	796.24029	218.61940	934.30430	242.44030
N3	4	1	1043.03987	249.85075	1182.11123	248.48507
N3	5	0	1659.09759	594.61940	1878.69885	595.03731
N3	5	1	1410.28332	620.81343	1519.07660	615.18657
N3	6	0	304.21826	196.45522	381.29171	267.05970
N3	6	1	743.42078	321.38060	735.87723	343.62687
N3	7	0	233.70409	898.65672	34.24974	880.52239
N3	7	1	396.89402	820.07463	237.73347	797.91045
N3	8	0	1063.69570	279.06716	1217.88038	275.03731
N3	8	1	1234.94439	426.15672	1428.41553	420.11194
N3	9	0	1442.51836	778.20149	1307.10703	792.87313
N3	9	1	1536.20147	735.88806	1370.56978	742.50000
N3	10	0	1332.71773	618.01493	1361.50367	624.62687
N3	10	1	1375.02623	660.32836	1406.83421	661.90299
N3	11	0	521.59286	101.75373	782.27597	162.20149
N3	11	1	722.05456	89.66418	958.56139	120.89552
N3	12	0	1071.40084	516.03731	1057.08499	514.83582
N3	12	1	1844.44911	175.29851	1899.85310	50.37313
N3	13	0	1589.59077	185.37313	1793.07450	90.67164
N3	13	1	1128.22665	177.31343	1267.24029	161.19403
N3	14	0	779.68520	324.40299	940.86044	342.53731
N3	14	1	320.33578	278.05970	519.79014	328.43284
N3	15	0	414.93179	429.76866	598.41658	463.19403
N3	15	1	725.19412	455.96269	881.48059	478.30597
N3	16	0	422.20462	382.08955	498.76285	415.75373
N3	16	1	803.98846	488.88060	852.34103	500.38060
N3	17	0	1116.13851	683.05970	1011.37461	683.05970
N3	17	1	1772.92760	423.13433	1533.17943	360.67164
N3	18	0	226.65268	126.94030	473.19517	225.67164
N3	18	1	516.76810	215.59701	730.06821	267.98507
N3	19	0	1065.68807	905.57912	819.08257	896.76998
N3	19	1	1234.78899	628.97227	1235.55963	632.55302
N3	20	0	436.18048	647.94030	284.07135	653.97015
N3	20	1	1895.82371	352.61194	1434.45960	304.25373
N3	21	0	1384.09234	68.50746	1480.79748	8.05970
N3	21	1	678.95068	8.05970	664.84785	42.31343
N3	22	0	845.02518	245.82090	1017.41868	253.88060
N3	22	1	1237.84890	211.56716	1357.90136	177.31343
N3	23	0	163.18993	229.70149	322.35047	306.26866
N3	23	1	775.65582	261.94030	813.93494	288.13433
N3	24	0	1030.52571	280.78358	1036.40609	285.64179
N3	24	1	522.58552	235.74627	604.25498	281.61194
N3	25	0	241.76285	22.16418	356.60021	122.91045
N3	25	1	846.16999	332.46269	920.71354	348.58209
N3	26	0	883.44176	309.11194	1248.88458	311.30597
N3	26	1	741.40609	286.94776	1097.78279	310.29851
N3	27	0	1472.73872	465.25373	1757.81742	441.57463
N3	27	1	1091.96222	411.85821	1255.15215	406.31343
N3	28	0	1521.37041	467.91791	1845.45645	442.06716
N3	28	1	1121.45435	420.56716	1300.48269	417.88806
N3	29	0	1190.96118	312.76866	1574.48059	292.96269
N3	29	1	1048.92550	293.62687	1378.04827	291.95522
N3	30	0	692.27492	305.08209	944.82686	327.85075
N3	30	1	420.29171	254.70896	733.28437	306.69403
N3	31	0	1740.69255	251.86567	1658.09024	185.37313
N3	31	1	940.86044	457.38806	900.56663	463.43284
N3	32	0	148.07975	495.79851	285.93179	526.70896
N3	32	1	538.92970	542.14179	624.39979	558.94776
N3	33	0	725.13431	560.58955	664.84785	569.58209
N3	33	1	465.23924	633.12687	355.59286	639.09701
N4	0	0	1184.63799	646.79104	781.69990	670.97015
N4	0	1	1182.62329	868.43284	771.62644	890.59701
N4	1	0	1163.98216	162.20149	1166.50577	177.31343
N4	1	1	1387.61280	66.49254	1402.22455	58.43284
N4	2	0	324.36516	173.28358	28.20567	179.32836
N4	2	1	896.53725	54.40299	594.33368	68.50746
N4	3	0	979.13956	350.59701	636.64218	376.79104
N4	3	1	1774.94229	330.44776	1355.88667	360.67164
N4	4	0	1081.88877	560.14925	793.78804	584.32836
N4	4	1	1553.32634	578.28358	1291.41658	594.40299
N4	5	0	958.99265	231.71642	838.11123	251.86567
N4	5	1	1414.31270	155.14925	1243.06401	177.31343
N4	6	0	813.26128	340.08955	454.91710	361.63433
N4	6	1	1530.15740	319.27612	1174.07660	349.11194
N4	7	0	1053.68311	618.58209	713.20042	632.68657
N4	7	1	1696.36936	576.26866	1367.97482	604.47761
N4	8	0	1371.49633	352.94776	1237.01994	370.74627
N4	8	1	1808.68416	252.20149	1726.58972	274.02985
N4	9	0	1009.35992	515.82090	789.75866	533.95522
N4	9	1	1603.69360	527.91045	1319.62225	548.05970
N4	10	0	634.05561	472.85075	354.58552	486.65672
N4	10	1	1146.84155	475.76866	881.32004	497.90299
N4	11	0	967.65687	470.55224	687.47639	488.30597
N4	11	1	1439.86988	538.03731	1181.83631	564.01493
N4	12	0	903.54145	498.35075	823.41028	512.61940
N4	12	1	1251.07555	390.55224	1190.08395	405.82836
N4	13	0	606.42183	265.97015	155.13116	272.01493
N4	13	1	1237.01994	445.29851	862.28751	467.46269
N4	14	0	796.73242	415.38060	470.57083	434.32836
N4	14	1	1296.37566	466.76119	1015.40399	491.64179
N4	15	0	1049.66632	531.86567	984.61490	552.91791
N4	15	1	1291.42917	557.05224	1233.42917	587.17164
N4	16	0	860.28227	471.14925	897.81952	487.22388
N4	16	1	732.34942	464.09701	762.83526	475.13433
N4	17	0	670.89192	481.56716	177.29276	511.79104
N4	17	1	1384.09234	707.23881	880.41973	731.41791
N4	18	0	1026.21721	579.14179	700.88562	604.85821
N4	18	1	1614.77440	506.85075	1230.57712	538.05224
N4	19	0	1432.44491	795.89552	975.11018	824.10448
N4	19	1	811.92025	540.00000	338.46800	554.10448
N4	20	0	830.16684	174.29104	762.86569	188.39552
N4	20	1	1203.89192	112.83582	1124.50262	133.99254
N4	21	0	1061.51522	297.34328	905.37880	314.08955
N4	21	1	573.96013	328.57463	406.96747	340.52239
N4	22	0	807.89087	455.37313	372.71773	475.52239
N4	22	1	1281.34313	616.56716	894.52256	626.64179
N4	23	0	819.63484	345.91045	544.86254	366.15299
N4	23	1	907.77754	338.85821	611.34732	359.10075
N4	24	0	715.21511	648.80597	122.89612	666.94030
N4	24	1	1448.56243	767.68657	971.08080	799.92537
N4	25	0	617.11438	421.23134	640.09969	431.69403
N4	25	1	700.72403	450.44776	712.62854	459.90299
N4	26	0	627.48269	536.87313	497.63694	550.88806
N4	26	1	745.34208	556.01493	635.64323	566.00000
N4	27	0	1458.73872	273.02239	1137.68730	306.25373
N4	27	1	1723.56768	428.88060	1376.03358	457.38806
N4	28	0	1445.54040	303.24627	1501.95173	316.05970
N4	28	1	1640.96537	261.94030	1721.55299	263.67164
N4	29	0	1384.51836	499.02985	1311.62225	521.19403
N4	29	1	1564.83316	468.80597	1492.94439	493.99254
N4	30	0	561.15740	454.59701	271.47324	466.33582
N4	30	1	969.33263	407.70896	690.29591	429.38060
N4	31	0	830.04827	692.61194	376.74711	707.23881
N4	31	1	958.98846	662.38806	513.74607	675.00000
N4	32	0	646.09969	710.74627	100.73452	727.13433
N4	32	1	786.12067	696.64179	285.07870	711.01493
N4	33	0	1571.45855	598.43284	1116.13851	630.67164
N4	33	1	672.90661	664.92537	26.19098	679.02985
N4	34	0	1799.11857	691.11940	1349.84260	713.28358
N4	34	1	715.21511	634.70149	324.36516	650.82090
N5	0	0	1083.90346	693.13433	749.46485	670.97015
N5	0	1	1120.16789	979.25373	785.72928	951.04478
N5	1	0	952.36516	581.97015	636.64218	568.20896
N5	1	1	896.45750	571.39179	576.20147	548.05970
N5	2	0	815.25184	500.54104	474.22980	488.83582
N5	2	1	910.44596	503.05970	568.41658	490.34701
N5	3	0	782.00944	610.85821	470.20042	584.54478
N5	3	1	878.71459	579.12313	552.80273	553.31343
N5	4	0	863.02413	535.44776	481.18993	515.71642
N5	4	1	1015.63694	500.18657	650.42392	479.44776
N5	5	0	840.35887	421.60448	484.81112	411.51866
N5	5	1	936.56034	424.12313	612.74397	416.55597
N5	6	0	523.81952	471.49254	392.86464	481.56716
N5	6	1	1353.87198	564.17910	1104.05037	533.95522
N5	7	0	161.67891	412.56716	403.00315	422.43284
N5	7	1	636.27702	283.75746	815.21931	278.41418
N5	8	0	763.56768	614.55224	517.77545	588.35821
N5	8	1	1658.09024	286.11940	1273.28437	263.95522
N5	9	0	944.88982	826.11940	594.33368	822.08955
N5	9	1	1633.91396	763.65672	1291.41658	737.46269
N5	10	0	738.72088	781.32463	841.70724	766.97388
N5	10	1	442.05771	810.54104	587.71878	798.43657
N5	11	0	975.86254	448.42164	724.78279	435.24627
N5	11	1	1564.98741	373.20522	1230.97587	330.44776
N5	12	0	1865.60336	580.29851	1410.28332	560.14925
N5	12	1	1019.43337	558.13433	620.52466	535.97015
N5	13	0	979.13956	475.52239	797.81742	447.31343
N5	13	1	396.89402	475.52239	179.30745	473.50746
N5	14	0	372.71773	141.04478	26.19098	179.32836
N5	14	1	1158.44701	34.25373	725.28856	54.40299
N5	15	0	1023.46275	626.64179	733.34732	630.67164
N5	15	1	1712.48688	487.61194	1279.32844	497.68657
N5	16	0	783.71459	707.23881	592.31899	703.20896
N5	16	1	1605.70829	681.04478	1307.53410	660.89552
N5	17	0	1170.53515	104.77612	870.34627	58.43284
N5	17	1	1831.35362	219.62687	1559.37041	173.28358
N5	18	0	1045.62434	874.47761	950.93389	848.28358
N5	18	1	1738.67786	840.22388	1529.15005	836.19403
N5	19	0	1140.31480	366.71642	1251.12277	324.40299
N5	19	1	1660.10493	310.29851	1833.36831	251.86567
N5	20	0	940.86044	366.71642	596.34837	366.71642
N5	20	1	1625.85519	340.52239	1353.87198	308.28358
N5	21	0	841.71878	455.91791	909.94019	433.50373
N5	21	1	1479.03463	488.57090	1574.09339	464.51119
N5	22	0	997.27177	600.44776	940.86044	588.35821
N5	22	1	251.83631	529.92537	227.66002	533.95522
N5	23	0	1315.59286	360.67164	1186.65268	340.52239
N5	23	1	485.54040	366.71642	421.07030	378.80597
E_006	0	0	978.85310	217.20670	366.50432	197.59777
E_006	0	1	659.10448	90.50279	93.51139	111.62011
E_006	1	0	1812.91438	663.68715	1782.74941	610.89385
E_006	1	1	1567.06991	672.73743	1503.72349	633.51955
E_006	2	0	1392.11312	763.24022	1012.03456	731.56425
E_006	2	1	1886.81854	704.41341	1773.69992	651.62011
E_006	3	0	315.22388	414.80447	297.12490	428.37989
E_006	3	1	274.50118	396.70391	244.33621	416.31285
E_006	4	0	858.19324	176.48045	636.48075	174.97207
E_006	4	1	1502.21524	420.83799	1447.91830	352.96089
E_006	5	0	687.76119	392.17877	509.78790	398.21229
E_006	5	1	1761.63394	336.36872	1607.79262	263.96648
E_006	6	0	1061.80676	110.11173	1019.57581	79.94413
E_006	6	1	1512.77298	114.63687	1482.60801	45.25140
E_006	7	0	1800.84839	681.78771	1624.38335	628.99441
E_006	7	1	1634.94108	659.16201	1470.54203	609.38547
E_006	8	0	725.46740	461.56425	641.00550	449.49721
E_006	8	1	1573.10291	386.14525	1413.22859	330.33520
E_124	0	0	644.02200	784.35754	591.23331	811.50838
E_124	0	1	432.86724	724.02235	342.37235	734.58101
E_124	1	0	1039.18303	660.67039	714.90966	699.88827
E_124	1	1	1583.66064	402.73743	1588.18539	446.48045
E_124	2	0	1624.38335	847.70950	1224.69756	963.85475
E_124	2	1	1360.43991	799.44134	1002.98507	886.92737
E_124	3	0	1033.15004	309.21788	873.27573	312.23464
E_124	3	1	1188.49961	294.13408	1063.31500	295.64246
E_124	4	0	493.19717	437.43017	371.02907	437.43017
E_124	4	1	656.08798	484.18994	538.44462	490.22346
E_124	5	0	1630.41634	289.60894	1561.03692	294.13408
E_124	5	1	1840.06284	215.69832	1797.83189	206.64804
E_124	6	0	1637.95758	506.81564	1535.39670	547.54190
E_124	6	1	1796.32364	410.27933	1687.72977	452.51397
E_124	7	0	945.80911	586.56145	953.08955	621.39385
E_124	7	1	1010.28672	586.18436	1023.60016	622.90223
E_124	8	0	659.10448	473.63128	417.78476	473.63128
E_124	8	1	1630.41634	119.16201	1199.05734	67.87709
E_124	9	0	1034.65829	639.55307	1039.18303	681.78771
E_124	9	1	1627.39984	499.27374	1743.53496	561.11732
E_124	10	0	1060.29851	485.69832	1152.30165	509.83240
E_124	10	1	939.63865	452.51397	1024.10055	473.63128
E_124	11	0	1283.15475	748.31285	1316.10605	836.50838
E_124	11	1	1360.45247	759.24860	1386.99372	850.83799
E_124	12	0	725.46740	438.93855	788.81383	452.51397
E_124	12	1	595.75805	455.53073	648.54674	466.08939
E_124	13	0	743.56638	306.20112	832.55302	301.67598
E_124	13	1	856.68500	346.92737	974.32836	357.48603
E_124	14	0	1463.00079	645.58659	1165.87588	695.36313
E_124	14	1	494.70542	926.14525	36.19796	944.24581
E_191	0	0	1656.05656	241.34078	1227.71406	165.92179
E_191	0	1	1815.93087	248.88268	1369.48940	164.41341
E_191	1	0	1732.97722	289.60894	1393.62137	232.29050
E_191	1	1	1837.04635	217.20670	1496.18225	153.85475
E_191	2	0	524.87038	389.16201	260.92694	340.89385
E_191	2	1	407.22702	366.53631	107.08562	315.25140
E_191	3	0	704.35192	158.37989	472.08170	117.65363
E_191	3	1	276.00943	426.87151	3.01650	355.97765
E_191	4	0	562.57659	330.33520	369.52082	291.11732
E_191	4	1	657.59623	291.11732	470.57345	260.94972
E_191	5	0	850.65200	282.06704	805.40456	260.94972
E_191	5	1	653.07148	298.65922	630.44776	271.50838
E_191	6	0	892.88295	196.08939	763.17361	162.90503
E_191	6	1	745.07463	223.24022	669.66222	194.58101
E_191	7	0	529.39513	408.77095	426.83425	371.06145
E_191	7	1	294.10841	422.34637	162.89081	384.63687
E_191	8	0	650.60016	388.42179	514.64965	347.50279
E_191	8	1	597.81147	449.51117	465.63158	409.34637
E_191	9	0	599.69678	435.93575	456.58209	392.37709
E_191	9	1	550.67871	509.09218	406.05577	459.12291
E_191	10	0	533.91987	828.10056	242.82797	757.20670
E_191	10	1	419.29301	838.65922	116.13511	767.76536
E_191	11	0	279.02592	150.83799	242.82797	138.77095
E_191	11	1	449.45797	134.24581	390.63629	113.12849
E_191	12	0	542.96936	279.05028	518.83739	257.93296
E_191	12	1	651.56324	266.98324	642.51375	244.35754
E_191	13	0	416.27651	488.71508	238.30322	432.90503
E_191	13	1	331.81461	538.49162	150.82482	484.18994
E_191	14	0	345.38885	188.54749	478.11469	185.53073
E_191	14	1	461.52396	162.90503	579.16732	159.88827
E_191	15	0	562.57659	155.36313	627.43126	146.31285
E_191	15	1	668.15397	134.24581	731.50039	122.17877
E_191	16	0	132.72584	159.88827	128.20110	155.36313
E_191	16	1	318.24038	138.77095	289.58366	126.70391
E_191	17	0	493.19717	185.53073	392.14454	161.39665
E_191	17	1	616.87353	174.97207	538.44462	155.36313
E_191	18	0	820.48704	728.54749	577.65907	680.27933
E_191	18	1	713.40141	763.24022	469.06520	705.92179
E_191	19	0	607.82404	300.16760	597.26630	277.54190
E_191	19	1	737.53339	289.60894	746.58288	256.42458
E_191	20	0	806.91280	233.79888	568.60958	199.10615
E_191	20	1	660.61273	232.29050	449.45797	197.59777
E_191	21	0	702.84368	475.13966	494.70542	440.44693
E_191	21	1	752.61587	375.58659	553.52710	342.40223
E_191	22	0	668.15397	319.77654	702.84368	297.15084
E_191	22	1	417.78476	313.74302	490.18068	295.64246
E_191	23	0	1015.05106	209.66480	832.55302	167.43017
E_191	23	1	920.03142	153.85475	726.97565	117.65363
E_191	24	0	608.28672	430.70670	400.76277	395.36313
E_191	24	1	570.95758	394.88268	379.27023	356.14525
E_191	25	0	539.95287	300.16760	558.05185	283.57542
E_191	25	1	666.64572	247.37430	689.26944	224.74860
E_191	26	0	228.33307	360.88827	196.44933	334.45810
E_191	26	1	297.33543	365.79050	263.94344	341.62291
E_191	27	0	320.33621	319.40782	257.53339	292.97765
E_191	27	1	378.40377	360.51117	312.20738	328.42458
E_191	28	0	385.94501	310.73464	328.79811	284.68156
E_191	28	1	450.79969	330.34358	389.12804	302.02793
E_191	29	0	944.16339	107.09497	900.42419	81.45251
E_191	29	1	407.22702	37.70950	423.81775	33.18436
M183	0	0	1120.16789	574.25373	844.15530	610.52239
M183	0	1	1019.43337	699.17910	727.30325	735.44776
M183	1	0	1407.40609	739.45896	1454.47219	838.90299
M183	1	1	1454.24764	764.14179	1506.85414	866.60821
M183	2	0	68.49948	544.33582	155.63484	533.32836
M183	2	1	120.88143	511.59328	203.98741	496.05224
M183	3	0	29.71668	520.15672	114.33368	506.12687
M183	3	1	83.10598	494.97015	165.70829	484.97015
M183	4	0	563.45855	683.15672	494.48478	702.51119
M183	4	1	679.30325	668.54851	629.46905	696.97015
M183	5	0	538.46065	707.30597	605.15215	734.97015
M183	5	1	400.45435	697.73507	459.59077	706.76119
M183	6	0	54.39664	576.72761	79.07660	563.39179
M183	6	1	190.38825	593.85448	212.54984	588.07463
M183	7	0	804.10913	544.67537	759.30010	563.64552
M183	7	1	929.52361	504.37687	891.26233	523.34701
M183	8	0	433.15845	171.26866	2.01469	179.32836
M183	8	1	1154.41763	812.01493	868.33158	864.40299
M183	9	0	1048.08290	536.95896	1124.21196	573.45149
M183	9	1	1134.21091	533.43284	1213.86569	572.94776
M183	10	0	1488.09864	497.75373	1701.40609	552.83955
M183	10	1	1577.75236	501.27985	1816.24344	564.42537
M183	11	0	1421.99895	846.19403	1315.21931	954.06716
M183	11	1	1582.16684	835.61567	1469.84680	954.57090
M183	12	0	269.52781	739.47761	194.67891	743.10448
M183	12	1	383.35782	736.95896	303.47219	744.11194
M183	13	0	897.97272	565.64179	896.53725	594.40299
M183	13	1	998.20357	593.34701	1003.31584	630.67164
M183	14	0	622.10178	828.99254	53.89297	838.69403
M183	14	1	726.86569	875.33582	203.98741	895.61567
M183	15	0	1063.84050	552.27612	944.10178	587.00746
M183	15	1	1201.34313	488.80597	1097.72193	519.50746
M183	16	0	981.21196	587.20149	974.17524	620.74254
M183	16	1	1063.81427	540.85821	1062.31794	572.88806
M183	17	0	1438.48898	407.01493	1494.22350	434.09701
M183	17	1	1682.26653	362.68657	1723.39454	395.30970
M183	18	0	775.65582	429.17910	766.67576	447.89925
M183	18	1	997.27177	421.11940	994.33578	436.31343
M183	19	0	1187.84785	502.48507	1208.81427	540.00000
M183	19	1	1421.04827	406.27239	1438.48898	439.25373
M183	20	0	1211.71563	474.63060	1231.60860	518.06716
M183	20	1	1472.11438	401.08582	1487.90976	432.07836
M183	21	0	1428.41553	388.88060	1426.40084	417.08955
M183	21	1	1803.14795	398.95522	1847.47114	445.29851
M183	22	0	627.28541	324.07463	503.75551	319.27612
M183	22	1	999.28646	229.70149	896.53725	231.71642
M183	23	0	735.35887	505.65299	602.31480	520.79851
M183	23	1	1069.80063	485.59701	981.15425	515.82090
M183	24	0	141.02833	562.16418	8.05876	570.22388
M183	24	1	487.55509	489.62687	386.82057	505.74627
M183	25	0	1398.72613	241.42910	1390.13641	237.76119
M183	25	1	1097.95908	277.00373	1072.39140	288.85821
M183	26	0	924.71249	477.74254	828.03778	499.70149
M183	26	1	1285.34208	464.64552	1194.71144	489.62687
M183	27	0	834.54984	253.34328	713.20042	257.91045
M183	27	1	1220.90241	187.38806	1116.13851	179.32836
M183	28	0	292.86254	520.03731	167.21931	517.83582
M183	28	1	644.70094	463.43284	533.89297	477.53731
M183	29	0	358.61490	495.67164	243.77754	491.64179
M183	29	1	709.17104	471.49254	588.28961	483.58209
M183	30	0	370.17524	482.46642	251.83631	491.64179
M183	30	1	719.24449	473.50746	606.42183	483.58209
M183	31	0	1015.40399	463.43284	914.66946	489.62687
M183	31	1	1378.04827	469.47761	1301.49003	495.67164
M183	32	0	545.98111	427.16418	427.11438	445.29851
M183	32	1	862.28751	427.16418	789.75866	433.20896
M183	33	0	999.28646	477.53731	942.87513	493.65672
M183	33	1	1309.54879	525.89552	1247.09339	566.19403
M183	34	0	1019.43337	255.89552	1003.31584	253.88060
M183	34	1	1249.10808	282.08955	1277.31375	284.10448
M183	35	0	1146.32949	239.82836	1141.32109	240.17164
M183	35	1	1388.09234	279.62313	1421.02413	282.77985
M183	36	0	979.13956	193.43284	836.09654	169.25373
M183	36	1	574.18678	147.08955	358.61490	147.08955
M183	37	0	733.34732	463.43284	628.58342	483.58209
M183	37	1	366.67366	548.05970	211.54250	548.05970
M183	38	0	1034.20147	311.30597	966.17524	322.17537
M183	38	1	1395.33473	277.05224	1380.06296	288.13433
M183	39	0	1120.49003	389.08209	1124.57922	409.97388
M183	39	1	879.23085	431.89925	822.71144	457.16418
M183	40	0	886.09024	430.06716	832.89192	452.24627
M183	40	1	1131.60126	382.96642	1132.25603	400.97015
M183	41	0	736.24449	609.28731	649.12382	637.61567
M183	41	1	799.70724	596.19030	724.17104	631.06716
M183	42	0	740.77754	642.02985	671.78909	668.84701
M183	42	1	801.21826	645.05224	740.28856	677.41045
M183	43	0	442.17524	362.63806	437.10598	360.25373
M183	43	1	754.22770	295.44776	809.75551	290.29478
M183	44	0	1553.26967	787.77612	1543.53515	909.73881
M183	44	1	1669.61805	814.97761	1685.06716	958.09701
M183	45	0	1421.77859	370.12313	1542.21931	404.37687
M183	45	1	1593.53095	359.54478	1731.09654	393.79851
M183	46	0	1413.81112	464.30224	1613.26338	507.88806
M183	46	1	1530.66317	472.36194	1755.80273	525.01493
M183	47	0	1314.64218	465.41791	1350.18258	511.13433
M183	47	1	1528.19937	457.86194	1568.77650	507.60821
M183	48	0	519.19307	794.30970	497.99161	805.87687
M183	48	1	587.18888	775.16791	567.49843	766.58582
M183	49	0	779.84470	806.38060	706.42497	849.45149
M183	49	1	854.89192	784.21642	767.87303	839.88060
M183	50	0	359.39559	689.75373	401.98426	687.21642
M183	50	1	401.20042	710.91045	455.87723	716.93657
M183	51	0	722.26338	355.67537	460.43547	369.75000
M183	51	1	1165.82581	373.57090	959.00210	397.20149
M183	52	0	674.42497	509.66791	716.14166	521.84701
M183	52	1	771.13012	496.06716	817.88353	516.80970
M04	0	0	274.14900	421.88433	399.77754	428.46642
M04	0	1	299.83631	420.87687	424.96118	423.93284
M04	1	0	654.66737	411.69030	771.23715	412.89552
M04	1	1	733.24029	397.58582	838.22560	395.26493
M04	2	0	653.46170	336.51866	697.75971	334.93284
M04	2	1	801.03778	362.20896	840.80273	358.10448
M04	3	0	657.99475	407.04104	704.81112	404.44776
M04	3	1	814.13326	430.71642	837.27702	426.10821
M04	4	0	69.50682	356.10448	232.65687	372.47388
M04	4	1	228.16369	380.28358	354.04197	401.69030
M04	5	0	811.11123	515.43284	911.15635	512.48507
M04	5	1	628.27807	418.21269	742.92970	415.26493
M04	6	0	326.37985	612.53731	338.46800	598.43284
M04	6	1	406.96747	614.55224	410.99685	600.44776
M04	7	0	693.28122	582.51866	726.33263	577.03731
M04	7	1	626.29276	582.01493	662.36621	573.00746
M04	8	0	275.09759	474.45149	370.16369	474.18657
M04	8	1	365.75866	473.44403	443.69990	469.14925
M04	9	0	1676.22246	789.85075	1609.50157	796.08209
M04	9	1	1789.04512	814.02985	1711.74711	826.30597
M04	10	0	752.42392	600.72761	780.26863	590.84701
M04	10	1	519.22350	534.23507	588.36936	529.89552
M04	11	0	661.28541	324.90299	795.64953	328.10075
M04	11	1	761.01259	357.64552	889.33263	357.31716
M04	12	0	1031.52151	523.88060	932.80168	505.74627
M04	12	1	932.80168	540.00000	826.02308	519.85075
M04	13	0	660.81847	519.85075	676.93599	509.77612
M04	13	1	741.40609	523.88060	755.50892	511.79104
M04	14	0	1515.25498	542.61567	1614.62644	540.75000
M04	14	1	1390.34418	508.36194	1475.61280	503.97761
M04	15	0	1506.98846	364.70149	1496.91501	344.55224
M04	15	1	1611.75236	348.58209	1611.75236	322.38806
M04	16	0	1583.32529	519.93284	1736.15950	515.14925
M04	16	1	1611.53095	515.90299	1768.89822	510.11194
M04	17	0	1164.01364	823.58582	974.02413	812.26493
M04	17	1	1291.44281	878.49254	1080.80273	874.22388
M04	18	0	1702.41343	814.02985	1500.94439	822.08955
M04	18	1	1871.64743	828.13433	1676.22246	832.16418
M04	19	0	699.09759	630.67164	624.55404	618.58209
M04	19	1	624.55404	638.73134	533.89297	626.64179
M04	20	0	1335.73977	618.58209	1232.99056	604.47761
M04	20	1	1400.20986	606.49254	1307.53410	594.40299
M04	21	0	991.22770	832.16418	763.56768	797.91045
M04	21	1	912.65477	791.86567	678.95068	767.68657
M04	22	0	1871.64743	288.13433	1504.97377	257.91045
M04	22	1	785.72928	48.35821	181.32214	32.23881
M04	23	0	979.13956	648.80597	805.87618	626.64179
M04	23	1	316.30640	394.92537	205.49843	402.98507
M04	24	0	729.31794	263.95522	580.23085	249.85075
M04	24	1	1114.12382	243.80597	956.97796	221.64179
M04	25	0	398.90871	76.56716	265.93914	102.76119
M04	25	1	797.81742	96.71642	684.99475	86.64179
M04	26	0	642.68625	251.86567	666.86254	249.85075
M04	26	1	846.16999	247.83582	840.12592	245.82090
M04	27	0	958.99265	187.38806	787.74397	189.40299
M04	27	1	1285.37251	189.40299	1144.34418	159.17910
M04	28	0	1329.69570	326.41791	1184.63799	286.11940
M04	28	1	1803.14795	261.94030	1646.00210	235.74627
M04	29	0	475.46695	36.26866	231.68940	46.34328
M04	29	1	854.22875	82.61194	678.95068	78.58209
M04	30	0	1281.34313	330.44776	1124.19727	302.23881
M04	30	1	1625.85519	459.40299	1531.16474	439.25373
M04	31	0	398.90871	449.32836	491.58447	447.31343
M04	31	1	342.49738	429.17910	447.26128	425.14925
M04	32	0	767.59706	779.77612	583.70619	754.21269
M04	32	1	697.08290	787.83582	507.65163	759.25000
M09	0	0	497.78489	564.16418	641.92445	545.59328
M09	0	1	462.52781	561.14179	607.67471	541.56343
M09	1	0	1594.62749	631.04104	1758.45331	637.95522
M09	1	1	1710.47219	628.01866	1890.91920	636.94776
M09	2	0	802.07450	514.85448	909.68835	498.26119
M09	2	1	548.72718	485.63806	660.37041	468.03731
M09	3	0	1314.70409	694.58582	1140.31480	666.94030
M09	3	1	741.40609	666.94030	558.06925	624.62687
M09	4	0	366.67366	892.61194	60.44071	795.89552
M09	4	1	761.55299	705.22388	562.09864	660.89552
M09	5	0	1069.80063	753.58209	910.64008	719.32836
M09	5	1	705.14166	729.40299	543.96642	683.05970
M09	6	0	366.67366	435.22388	429.12907	411.04478
M09	6	1	1071.81532	362.68657	1102.03568	336.49254
M09	7	0	1154.41763	461.41791	1081.22246	431.41418
M09	7	1	1694.35467	272.01493	1460.65058	219.62687
M09	8	0	344.51207	419.10448	380.77650	400.97015
M09	8	1	78.57293	261.94030	68.49948	247.83582
M09	9	0	269.75551	420.55597	469.33998	411.76493
M09	9	1	185.13851	367.16045	399.83316	361.89552
M09	10	0	667.44701	476.67537	796.93599	459.02985
M09	10	1	765.66317	480.20149	896.15950	465.07463
M09	11	0	227.15635	486.11194	423.71459	470.15672
M09	11	1	172.25603	428.18284	382.91710	412.73134
M09	12	0	1048.58237	665.73507	1016.37671	647.57090
M09	12	1	963.96537	667.24627	933.27072	644.54851
M09	13	0	1584.12277	663.88806	1725.07870	671.09701
M09	13	1	1548.86569	668.42164	1688.31060	674.62313
M11	0	0	1398.35887	722.85075	1614.89297	732.12687
M11	0	1	1326.16579	707.06716	1531.28332	712.64925
M11	1	0	678.30535	615.02239	861.36411	597.00746
M11	1	1	737.73872	615.69403	916.76810	602.04478
M11	2	0	954.96327	757.61194	695.06821	709.25373
M11	2	1	1748.75131	920.82090	1527.13536	918.80597
M11	3	0	701.11228	701.19403	566.12802	652.83582
M11	3	1	1089.94753	666.94030	969.06611	632.68657
M11	4	0	1118.15320	497.68657	946.90451	455.37313
M11	4	1	1571.45855	421.11940	1426.40084	382.83582
M11	5	0	1329.69570	596.41791	1194.71144	576.26866
M11	5	1	1776.95698	576.26866	1650.03148	548.05970
M11	6	0	1075.84470	783.80597	977.12487	751.56716
M11	6	1	1398.19517	777.76119	1321.63694	765.67164
M11	7	0	487.55509	360.67164	239.74816	318.35821
M11	7	1	985.18363	443.28358	785.72928	394.92537
M11	8	0	749.46485	693.13433	626.56873	654.85075
M11	8	1	1089.94753	757.61194	973.09549	731.41791
M11	9	0	1279.32844	785.82090	1142.32949	769.70149
M11	9	1	1742.70724	797.91045	1583.54669	787.83582
M11	10	0	1652.04617	272.01493	1569.44386	225.67164
M11	10	1	1271.26967	225.67164	1190.68206	189.40299
M11	11	0	1458.63589	358.65672	1295.44596	322.38806
M11	11	1	1204.78489	386.86567	1126.21196	350.59701
M11	12	0	1458.63589	598.43284	1426.40084	578.28358
M11	12	1	1243.06401	527.91045	1156.43232	503.73134
M11	13	0	1611.75236	511.79104	1581.53200	483.58209
M11	13	1	1424.38615	439.25373	1305.51941	409.02985
M11	14	0	1569.44386	419.10448	1452.59182	384.85075
M11	14	1	1182.62329	356.64179	1055.69780	326.41791
M11	15	0	1087.93284	479.55224	965.03673	447.31343
M11	15	1	729.31794	396.94030	644.70094	360.67164
M11	16	0	739.39140	352.61194	672.90661	320.37313
M11	16	1	356.60021	372.76119	326.37985	344.55224
M11	17	0	1811.20672	151.11940	1577.50262	88.65672
M11	17	1	1279.32844	267.98507	1126.21196	217.61194
M11	18	0	1224.93179	467.46269	1124.19727	433.20896
M11	18	1	922.72823	517.83582	884.44911	487.61194
M11	19	0	1418.34208	634.70149	1265.22560	608.50746
M11	19	1	1053.68311	604.47761	958.99265	572.23881
M11	20	0	757.52361	785.82090	533.89297	735.44776
M11	20	1	1666.14900	554.10448	1361.93075	517.83582
M11	21	0	1218.88772	483.58209	523.81952	398.95522
M11	21	1	1696.36936	255.89552	1470.72403	197.46269
M15	0	0	1476.37356	856.07463	1601.06716	871.29851
M15	0	1	1416.26863	874.88060	1526.18783	886.07463
M15	1	0	1371.96222	661.46269	1614.94019	655.73881
M15	1	1	1461.61595	634.93284	1714.33158	641.63433
M15	2	0	1529.51626	933.35821	1527.38195	951.71642
M15	2	1	1608.42497	938.73134	1622.07240	969.85075
M15	3	0	1596.27492	666.55970	1856.20147	685.09701
M15	3	1	1454.91081	622.90299	1699.72718	624.31343
M15	4	0	1555.34103	644.77612	1575.48793	636.71642
M15	4	1	1756.81007	566.19403	1791.05981	558.13433
M15	5	0	1257.14900	591.60448	1544.98951	582.41791
M15	5	1	1386.08919	596.64179	1683.33158	594.50746
M15	6	0	1429.83211	835.76866	1518.69780	843.23881
M15	6	1	1518.14271	820.99254	1605.66527	833.16418
M15	7	0	1177.39349	796.29851	1287.13851	778.60448
M15	7	1	1255.63064	827.19403	1351.60860	813.52985
M15	8	0	1063.54774	556.05970	1360.31060	524.70896
M15	8	1	1159.58132	569.49254	1471.45435	555.26866
M15	9	0	1389.34732	920.50746	1426.50157	922.85075
M15	9	1	1456.50367	864.42537	1522.53515	873.82090
M15	10	0	1573.60860	690.92537	1771.77545	704.97015
M15	10	1	1476.23190	626.11194	1680.77859	629.74627
M15	11	0	1611.97167	656.97015	1843.44176	666.54478
M15	11	1	1514.93075	627.41791	1739.68520	626.24627
M15	12	0	1502.22875	663.55224	1726.98321	664.41045
M15	12	1	1437.08709	630.97761	1672.58657	635.52985
M15	13	0	550.01049	612.53731	733.34732	554.10448
M15	13	1	852.21406	574.25373	1029.50682	529.92537
M15	14	0	360.62959	626.64179	545.98111	556.11940
M15	14	1	654.77440	594.40299	842.14061	542.01493
M15	15	0	1237.01994	624.62687	1343.79853	596.41791
M15	15	1	1625.51836	537.52985	1756.81007	521.86567
M15	16	0	604.40714	658.88060	719.24449	598.43284
M15	16	1	981.15425	628.65672	1091.96222	586.34328
M15	17	0	349.08709	355.01493	644.14166	298.15672
M15	17	1	499.85310	422.51493	780.80483	373.71642
M15	18	0	486.62539	824.14179	616.89717	750.24627
M15	18	1	244.19098	812.05224	400.65373	717.33582
M15	19	0	1646.00210	566.19403	1559.37041	544.02985
M15	19	1	1015.40399	644.77612	1061.74187	612.53731
M15	20	0	1302.11647	636.39552	1470.21721	619.98507
M15	20	1	1360.54250	643.44776	1529.31480	637.44776
M15	21	0	973.09549	691.11940	1045.62434	646.79104
M15	21	1	1529.15005	425.14925	1656.07555	400.97015
M15	22	0	904.59601	701.19403	971.08080	650.82090
M15	22	1	1452.59182	439.25373	1589.59077	419.10448
M15	23	0	1161.37880	615.11940	1297.43127	587.14925
M15	23	1	1212.41763	582.20896	1343.43337	555.24627
M15	24	0	884.06191	664.47015	1045.46170	622.93284
M15	24	1	817.91291	657.41791	984.34942	614.53731
M15	25	0	1359.76600	629.44776	1613.66527	624.76119
M15	25	1	1315.10703	606.27612	1570.68520	598.90299
M15	26	0	1388.36621	673.58209	1608.39559	666.16418
M15	26	1	1335.64848	644.36567	1559.37146	634.93284
M15	27	0	1030.11857	554.79851	1259.83945	521.57463
M15	27	1	941.47219	543.38060	1185.29591	508.81343
M15	28	0	1176.75131	616.73134	1432.32739	598.96269
M15	28	1	1268.41973	613.03731	1527.35362	601.64925
M15	29	0	1387.61490	612.71642	1664.80588	611.17910
M15	29	1	1607.55194	608.35075	1895.48793	617.55970
M15	30	0	1362.67261	554.29104	1667.24869	547.67910
M15	30	1	1311.29801	548.91791	1605.80063	539.28358
M15	31	0	1363.34418	600.29851	1653.48164	595.36567
M15	31	1	1418.41238	605.33582	1713.25079	605.44030
M24	0	0	412.35467	802.47015	305.22980	816.69030
M24	0	1	369.03882	794.91418	267.45435	809.13433
M24	1	0	430.99056	727.91791	341.99790	737.60448
M24	1	1	387.67471	721.87313	298.68206	732.56716
M24	2	0	360.98006	721.87313	267.45435	731.05597
M24	2	1	330.25603	716.83582	242.27072	721.48507
M24	3	0	324.20776	686.08209	309.77754	690.92537
M24	3	1	291.46905	700.18657	274.52046	704.52612
M24	4	0	475.94648	787.48881	410.42497	803.76119
M24	4	1	437.16369	777.91791	377.18258	795.70149
M24	5	0	1470.06086	421.86940	1630.62644	466.06716
M24	5	1	1422.71563	420.86194	1579.25184	462.03731
M24	6	0	1586.91291	350.33955	1764.09969	382.44776
M24	6	1	1551.65582	381.57090	1713.73242	419.22015
M24	7	0	523.33683	832.80970	450.25918	860.05970
M24	7	1	478.50997	833.31343	403.41763	857.54104
M24	8	0	678.76600	773.82836	595.75236	807.98507
M24	8	1	622.85834	799.51866	528.26023	832.16418
M24	9	0	336.02728	700.98507	307.86569	712.42164
M24	9	1	280.62329	724.15672	240.37356	729.54851
M24	10	0	574.62644	704.46642	492.20986	724.00746
M24	10	1	522.74816	699.93284	455.94544	718.97015
M24	11	0	414.25918	377.58582	340.34418	369.13060
M24	11	1	459.08604	363.98507	387.68940	359.55970
M24	12	0	418.79224	443.57463	357.97272	442.17164
M24	12	1	466.64113	431.48507	399.27387	428.57090
M24	13	0	471.17419	445.58955	392.22246	447.71269
M24	13	1	532.62225	451.63433	445.10808	459.29851
M24	14	0	735.31375	601.58582	625.85100	624.87313
M24	14	1	665.30325	616.69776	543.24869	634.94776
M24	15	0	96.70514	853.55597	47.84890	848.00000
M24	15	1	140.02099	851.54104	86.12802	844.97761
M24	16	0	429.89192	764.14179	381.57188	779.11940
M24	16	1	518.03463	749.53358	485.32844	772.06716
M24	17	0	736.89507	159.05970	650.48688	144.98507
M24	17	1	674.94334	183.23881	581.98741	168.15672
M24	18	0	1326.80693	596.39925	1362.00525	666.48881
M24	18	1	1280.97272	613.02239	1308.11228	674.54851
M24	19	0	346.51626	934.62313	200.46170	946.63806
M24	19	1	262.90661	940.16418	129.44386	943.61567
M24	20	0	239.73767	831.35821	172.25603	825.23881
M24	20	1	305.71878	804.15672	220.60860	809.62313
M24	21	0	481.50052	827.32836	410.85519	848.45522
M24	21	1	544.45960	808.18657	477.84365	835.86194
M24	22	0	686.44281	279.19403	561.14166	274.30970
M24	22	1	649.17104	294.80970	518.83316	294.45896
M24	23	0	563.20042	493.00000	605.03463	499.20896
M24	23	1	496.71563	474.86567	540.56453	481.57836
M24	24	0	465.58972	874.90299	341.94229	898.19403
M24	24	1	386.51312	873.39179	283.01259	888.62313
M24	25	0	382.48374	786.75000	338.92025	801.47761
M24	25	1	335.13851	789.77239	285.53095	798.95896
M24	26	0	232.54250	718.05224	217.84785	714.55597
M24	26	1	317.66317	690.34701	304.98321	692.89552
M24	27	0	369.06401	785.94776	248.31060	800.98507
M24	27	1	297.03882	851.93657	149.59077	859.41791
M24	28	0	1327.84050	508.26119	1463.50997	554.20149
M24	28	1	1468.86884	464.94030	1638.28437	511.88806
M24	29	0	415.52991	747.58955	338.46800	763.10448
M24	29	1	177.29276	752.62687	59.93704	754.03731
M24	30	0	584.06086	836.10448	537.95803	864.60821
M24	30	1	659.10808	822.50373	638.69255	864.60821
M24	31	0	651.68940	816.50000	596.38405	846.97761
M24	31	1	715.15215	757.56343	678.48269	802.64925
M24	32	0	756.11228	798.66045	758.35152	843.55597
M24	32	1	824.10808	787.57836	824.83631	831.97015
M24	33	0	961.71144	463.54851	1090.65268	485.07463
M24	33	1	1049.35047	430.80597	1194.91291	452.83582
M24	34	0	541.00944	836.63806	505.66422	865.61567
M24	34	1	643.75866	803.39179	616.47219	836.39925
M24	35	0	545.42812	760.55597	524.27387	781.65299
M24	35	1	500.09759	742.92537	468.86988	762.51119
M24	36	0	518.75971	685.11194	448.89612	693.54851
M24	36	1	641.65582	668.48881	581.36201	691.53358
M24	37	0	477.48164	693.13433	396.89402	670.97015
M24	37	1	850.19937	552.08955	850.19937	566.19403
M24	38	0	362.64428	402.98507	449.27597	396.94030
M24	38	1	973.09549	354.62687	1029.50682	374.77612
M24	39	0	958.99265	568.20896	824.00839	630.67164
M24	39	1	378.76180	519.85075	108.79328	535.97015
M24	40	0	1396.18048	590.37313	1192.69675	656.86567
M24	40	1	717.22980	638.73134	364.65897	687.08955
M30	0	0	294.14481	576.26866	334.43861	572.23881
M30	0	1	197.43966	600.44776	241.76285	592.38806
M30	1	0	1586.55299	632.30597	1454.98426	629.29851
M30	1	1	1684.93704	615.17910	1540.60860	606.12687
M30	2	0	1567.47429	499.68657	1746.73662	498.14179
M30	2	1	1623.88562	496.32836	1819.26548	493.77612
M30	3	0	847.26128	432.26866	937.99370	428.28358
M30	3	1	930.87093	437.64179	1026.97587	435.67164
M30	4	0	1255.25184	471.02985	1411.30325	465.68657
M30	4	1	1397.95908	477.07463	1565.09129	477.10448
M30	5	0	632.72193	517.26119	690.24659	514.11194
M30	5	1	676.37356	520.95522	725.16789	515.79104
M30	6	0	1529.45960	484.39552	1742.51836	483.58209
M30	6	1	1622.80693	481.03731	1864.74292	477.53731
M30	7	0	1344.61385	704.11194	1201.07450	707.10448
M30	7	1	1295.58972	687.32090	1154.06506	681.58209
M30	8	0	1353.34418	579.08209	1222.84155	574.25373
M30	8	1	1286.52361	552.88806	1153.33473	541.67910
M30	9	0	1552.90346	436.63433	1718.56243	432.86567
M30	9	1	1632.81952	447.71642	1815.60336	436.89552
M30	10	0	622.53935	356.64179	717.02308	354.24627
M30	10	1	535.90766	342.53731	644.49423	340.47761
M30	11	0	503.43022	504.16418	592.69255	505.30597
M30	11	1	614.90976	501.47761	694.43442	495.56716
M30	12	0	352.59077	362.88060	453.53200	374.04478
M30	12	1	168.91815	339.03731	270.86674	352.55224
M30	13	0	1833.36831	691.11940	1269.25498	683.05970
M30	13	1	950.93389	427.16418	761.55299	419.10448
M35	0	0	1653.55719	682.43657	1541.67156	779.96269
M35	0	1	1769.40189	693.01493	1663.05666	803.13433
M35	1	0	382.43966	511.73134	460.02413	514.37687
M35	1	1	493.75131	533.89552	562.26967	546.61567
M35	2	0	1369.28122	259.94776	1278.66002	265.54851
M35	2	1	1410.07870	250.88060	1327.51626	255.47388
M35	3	0	1359.09759	702.40299	1191.64218	778.09701
M35	3	1	1456.81007	680.74254	1320.07870	761.97761
M35	4	0	1665.27387	331.63060	1662.29591	355.09701
M35	4	1	1624.98006	326.08955	1619.98741	343.51119
M35	5	0	1534.31899	375.95896	1389.24869	404.14925
M35	5	1	1586.19727	357.82463	1444.65268	385.00746
M35	6	0	1654.56453	192.05224	1695.36201	187.91791
M35	6	1	1715.50892	182.48134	1781.99370	176.83582
M35	7	0	1648.23715	320.01493	1614.43232	334.94776
M35	7	1	1700.61910	280.72388	1697.53830	295.65672
M35	8	0	1122.47954	422.00746	1106.15215	462.18657
M35	8	1	1092.25918	395.30970	1080.46485	429.44403
M35	9	0	1551.16369	349.49627	1440.63799	368.91791
M35	9	1	1632.75866	340.93284	1562.02308	365.39179
M35	10	0	1271.22246	467.56343	1105.49843	504.14179
M35	10	1	1318.06401	447.41418	1154.85834	481.97761
M35	11	0	1351.85729	318.35821	1418.34208	334.47761
M35	11	1	1601.67891	282.08955	1722.56034	304.25373
M35	12	0	576.20147	544.02985	427.11438	546.04478
M35	12	1	1365.96013	497.68657	1287.38720	560.14925
M35	13	0	1583.54669	330.44776	1857.54460	354.62687
M35	13	1	1283.35782	270.00000	1509.00315	278.05970
M35	14	0	1275.29906	533.95522	1061.74187	598.43284
M35	14	1	213.55719	165.22388	68.49948	139.02985
M35	15	0	959.36201	493.99254	1040.01994	520.00746
M35	15	1	902.44701	495.00000	978.57188	520.00746
M35	16	0	736.86884	465.11940	649.62644	475.66791
M35	16	1	594.32949	432.88060	509.10178	437.38433
M35	17	0	200.92865	502.00746	253.57188	495.08955
M35	17	1	268.92445	497.97761	323.58237	496.09701
M35	18	0	625.32319	467.64925	625.07975	474.23134
M35	18	1	919.46800	421.30597	937.86044	441.48881
M35	19	0	987.19832	652.83582	799.83211	668.95522
M35	19	1	386.82057	745.52239	147.07240	751.56716
M35	20	0	1499.16789	695.83955	1379.70514	780.64925
M35	20	1	1682.50472	664.60821	1635.06716	756.97388
M35	21	0	742.00525	540.03731	665.32844	554.50373
M35	21	1	658.89927	560.69030	587.76285	572.13433
M35	22	0	1179.98741	618.22388	1088.76285	665.12687
M35	22	1	1226.32529	569.86567	1128.55299	615.76119
M35	23	0	1102.57922	508.08209	1063.93284	540.91418
M35	23	1	1219.43127	480.88060	1183.80693	515.72761
M35	24	0	1192.74082	376.04478	1285.29906	391.45149
M35	24	1	1131.79643	400.22388	1212.77020	420.66791
M35	25	0	1113.64848	493.02985	1201.72928	527.57836
M35	25	1	1078.39140	483.45896	1168.48688	515.48881
M35	26	0	1030.03882	485.47388	1094.44701	515.48881
M35	26	1	996.79643	493.53358	1051.13116	523.04478
M35	27	0	260.39874	341.39179	353.63064	329.45149
M35	27	1	323.35782	343.91045	412.56034	331.97015
M36	0	0	1573.35467	444.70522	1476.35467	397.24627
M36	0	1	1621.70724	412.97015	1544.35047	356.44403
M36	1	0	1862.58132	496.82463	1788.24344	430.63060
M36	1	1	1765.37251	433.85821	1664.84365	371.19030
M36	2	0	631.22980	299.08209	839.39874	328.53358
M36	2	1	665.98321	295.55597	869.11542	321.98507
M36	3	0	1282.36201	422.17910	1505.40609	397.09701
M36	3	1	1256.17104	409.58582	1476.69675	387.52612
M36	4	0	1519.46170	427.33955	1455.41028	381.46642
M36	4	1	1637.82476	443.96269	1560.17419	395.06716
M36	5	0	356.14481	644.10448	166.71563	658.96269
M36	5	1	262.46170	640.57836	90.15740	658.96269
M36	6	0	1061.08604	447.29478	1022.46485	442.58582
M36	6	1	948.26338	419.58955	935.32949	422.43657
M36	7	0	975.46170	532.92910	934.32214	538.29478
M36	7	1	887.82267	479.53358	876.90346	488.92910
M36	8	0	880.25603	425.63806	801.42812	429.60821
M36	8	1	997.10808	405.99254	937.41973	402.91045
M36	9	0	1527.19307	434.31716	1407.04197	398.25373
M36	9	1	1443.07975	360.26866	1357.17838	320.67910
M36	10	0	648.82476	667.36940	540.77335	672.51866
M36	10	1	506.78909	697.08955	445.07555	705.76493
M36	11	0	685.30010	644.32463	615.35152	651.91045
M36	11	1	889.28751	645.83582	825.88667	646.36940
M36	12	0	864.07870	414.91045	1053.78489	425.47388
M36	12	1	742.18993	445.63806	934.91815	465.26866
M36	13	0	1171.20042	399.64552	1145.22980	386.28731
M36	13	1	1221.06401	404.17910	1197.10808	384.27239
M36	14	0	1719.53830	445.30970	1705.43547	390.38806
M36	14	1	1628.87723	433.72388	1615.27807	386.35821
M36	15	0	1319.62225	368.73134	1144.34418	336.49254
M36	15	1	578.21616	132.98507	441.21721	181.34328
M36	16	0	1245.07870	263.95522	1190.68206	241.79104
M36	16	1	1611.75236	294.17910	1609.73767	237.76119
M36	17	0	1293.43127	215.59701	1325.66632	185.37313
M36	17	1	1627.86988	288.13433	1684.28122	211.56716
M36	18	0	511.73137	217.61194	511.73137	270.00000
M36	18	1	265.93914	197.46269	336.45331	280.07463
M36	19	0	616.49528	137.01493	572.17209	185.37313
M36	19	1	1025.47744	106.79104	967.05142	104.77612
M36	20	0	588.28961	308.28358	560.08395	342.53731
M36	20	1	950.93389	314.32836	900.56663	324.40299
M36	21	0	1178.59391	267.98507	1146.35887	251.86567
M36	21	1	1504.97377	169.25373	1414.31270	114.85075
M36	22	0	1482.81217	342.53731	1476.76810	300.22388
M36	22	1	1857.54460	304.25373	1831.35362	223.65672
M36	23	0	1349.88772	417.12687	1387.76600	393.63060
M36	23	1	1218.42917	337.53731	1260.33683	319.07836
M36	24	0	1448.56243	455.37313	1470.72403	421.11940
M36	24	1	1734.64848	419.10448	1756.81007	362.68657
M36	25	0	1040.18153	335.80597	984.57503	334.05970
M36	25	1	910.73767	322.20522	871.24869	332.04478
M36	26	0	882.53200	347.89552	857.64953	361.76493
M36	26	1	802.95173	324.22015	799.72718	341.61567
M36	27	0	1695.50892	367.46642	1744.85414	307.57090
M36	27	1	1533.32634	353.36194	1553.45855	307.57090
M36	28	0	559.35152	245.90299	779.22246	287.89552
M36	28	1	614.25184	241.36940	830.59706	279.83582
M36	29	0	509.48793	294.76493	730.86988	337.26119
M36	29	1	559.85519	284.69030	776.70409	324.16418
M43	0	0	1087.41343	481.51866	1344.76285	476.00746
M43	0	1	1044.09759	482.02239	1294.39559	481.04478
M43	1	0	1059.72718	515.82090	1087.93284	513.80597
M43	1	1	777.67051	479.55224	787.74397	493.65672
M43	2	0	874.37566	278.05970	834.08185	286.11940
M43	2	1	1517.06191	239.77612	1577.50262	183.35821
M43	3	0	431.14376	578.28358	318.32109	594.40299
M43	3	1	1281.34313	572.23881	1202.77020	562.16418
M43	4	0	862.28751	705.22388	775.65582	703.20896
M43	4	1	1474.75341	711.26866	1408.26863	697.16418
M43	5	0	904.59601	586.34328	985.18363	592.38806
M43	5	1	505.68730	471.49254	560.08395	509.77612
M57	0	0	1070.71563	157.19030	1083.37985	150.00746
M57	0	1	1033.44386	163.73881	1049.13012	150.51119
M57	1	0	1257.78489	106.79104	1276.82162	85.13060
M57	1	1	1225.54984	104.27239	1245.09024	84.12313
M57	2	0	612.35887	355.58582	579.43547	354.85821
M57	2	1	530.26023	373.21642	503.38090	375.00746
M57	3	0	518.22560	321.28731	530.88038	324.54478
M57	3	1	432.60126	352.01493	454.82581	352.75373
M57	4	0	616.94544	226.08209	640.17733	226.31716
M57	4	1	559.02308	266.38060	580.24029	270.14179
M57	5	0	426.55719	243.71269	460.86988	255.02985
M57	5	1	355.53935	258.82463	390.35572	268.63060
M57	6	0	1515.64218	213.17537	1540.39244	187.81343
M57	6	1	1620.40609	264.05224	1661.77754	241.71269
M57	7	0	1755.89402	359.76119	1779.63694	332.88806
M57	7	1	1653.64848	303.34328	1661.27387	276.47015
M57	8	0	383.58237	368.32463	354.30640	371.19030
M57	8	1	277.81112	392.50373	248.53515	392.85075
M57	9	0	1296.47954	395.58582	1267.62749	382.74254
M57	9	1	1227.98006	413.72015	1196.10598	399.86940
M57	10	0	1379.58552	362.33955	1347.20776	350.00000
M57	10	1	1315.11542	370.39925	1270.64953	357.05224
M57	11	0	1520.04302	272.95896	1493.36306	248.15672
M57	11	1	1593.07555	281.01866	1559.34418	251.17910
M57	12	0	1628.83631	392.34328	1548.28961	371.75000
M57	12	1	1713.95698	395.86940	1627.86988	370.74254
M57	13	0	1613.94648	243.11940	1639.37985	216.74627
M57	13	1	1703.09654	251.17910	1735.58132	222.28731
M57	14	0	1146.35887	451.34328	1039.58027	451.34328
M57	14	1	775.65582	392.91045	697.08290	384.85075
M57	15	0	1126.21196	332.46269	1031.52151	318.35821
M57	15	1	801.84680	267.98507	725.28856	259.92537
M57	16	0	1359.91605	203.50746	1239.03463	181.34328
M57	16	1	997.27177	102.76119	896.53725	98.73134
M57	17	0	801.84680	235.74627	695.06821	225.67164
M57	17	1	336.45331	167.23881	251.83631	177.31343
M57	18	0	791.77335	368.73134	697.08290	362.68657
M57	18	1	465.39349	453.35821	396.89402	447.31343
M57	19	0	642.68625	328.43284	535.90766	324.40299
M57	19	1	255.86569	400.97015	167.21931	396.94030
M57	20	0	670.89192	320.37313	612.46590	308.28358
M57	20	1	304.21826	298.20896	259.89507	312.31343
M57	21	0	1301.49003	169.25373	1261.19622	143.05970
M57	21	1	977.12487	203.50746	924.74292	197.46269
M57	22	0	1249.59706	84.12313	1412.50472	61.45522
M57	22	1	1128.21196	133.48881	1272.48374	123.41418
M57	23	0	1031.18993	408.04478	980.73767	394.17910
M57	23	1	1201.43127	360.19030	1162.56348	345.31716
M57	24	0	1260.29276	352.48881	1233.21196	334.78358
M57	24	1	1380.16684	403.36567	1337.47219	388.68284
M57	25	0	568.14271	88.65672	689.02413	98.73134
M57	25	1	415.02623	44.32836	539.93704	70.52239
M57	26	0	284.07135	139.02985	447.26128	161.19403
M57	26	1	24.17629	135.00000	229.67471	175.29851
M57	27	0	787.74397	507.76119	701.11228	493.65672
M57	27	1	695.06821	507.76119	618.50997	497.68657
M57	28	0	1305.23715	83.10075	1478.52676	55.41045
M57	28	1	1264.94334	93.17537	1427.15215	67.50000
M57	29	0	818.25918	112.83582	841.48688	110.82090
M57	29	1	748.24869	140.54104	766.43966	142.05224
M57	30	0	694.51312	271.55224	694.74816	274.05224
M57	30	1	761.50157	233.26866	760.72928	227.70896
M57	31	0	667.31480	222.18657	696.25918	219.64925
M57	31	1	620.97692	263.99627	636.82581	262.97015
M57	32	0	459.52046	183.00000	510.90766	195.97388
M57	32	1	535.57503	202.64552	578.39979	210.07836
M57	33	0	826.02308	378.80597	735.36201	374.77612
M57	33	1	149.08709	362.68657	116.85205	362.68657
M57	34	0	1073.41343	242.69030	1013.10073	226.17164
M57	34	1	1019.52046	219.51866	959.20776	206.02239
M57	35	0	948.91920	22.16418	1005.33054	4.02985
M57	35	1	58.42602	94.70149	225.64533	124.92537
M57	36	0	1799.62225	228.51119	1800.12592	186.92537
M57	36	1	1656.57922	249.16418	1627.36621	214.12687
M59	0	0	1881.72088	548.05970	1785.01574	622.61194
M59	0	1	701.11228	276.04478	433.15845	259.92537
M59	1	0	1355.88667	719.32836	1265.22560	797.91045
M59	1	1	179.30745	415.07463	12.08814	405.00000
M59	2	0	942.87513	529.92537	1108.07975	572.23881
M59	2	1	1281.34313	491.64179	1488.85624	535.97015
M59	3	0	783.71459	731.41791	668.87723	763.65672
M59	3	1	1680.25184	407.01493	1744.72193	447.31343
M59	4	0	1198.74082	586.34328	1087.93284	636.71642
M59	4	1	1001.30115	558.13433	950.93389	592.38806
M59	5	0	819.97901	590.37313	715.21511	612.53731
M59	5	1	580.23085	550.07463	513.74607	558.13433
M59	6	0	979.13956	419.10448	799.83211	435.22388
M59	6	1	614.48059	523.88060	447.26128	544.02985
M59	7	0	1202.77020	634.70149	1079.87408	703.20896
M59	7	1	813.93494	658.88060	644.70094	691.11940
M59	8	0	1911.94124	523.71269	1881.72088	598.43284
M59	8	1	1459.13956	408.35821	1293.43127	433.20896
M59	9	0	1231.09444	501.87687	1275.40399	534.07090
M59	9	1	1410.40189	403.64925	1466.29591	432.82090
M59	10	0	1621.82581	429.17910	1339.76915	479.55224
M59	10	1	987.19832	503.73134	884.44911	548.05970
M59	11	0	1265.22560	560.14925	1065.77125	614.55224
M59	11	1	584.26023	608.50746	330.40923	612.53731
M68	0	0	936.83106	701.19403	1009.35992	737.46269
M68	0	1	854.22875	713.28358	918.69885	743.50746
M68	1	0	165.20462	642.76119	245.79224	660.89552
M68	1	1	304.21826	596.41791	388.83526	632.68657
M68	2	0	185.35152	755.59701	282.05666	769.70149
M68	2	1	68.49948	765.67164	191.39559	777.76119
M68	3	0	1458.63589	701.19403	1585.56139	751.56716
M68	3	1	1400.20986	646.79104	1537.20881	687.08955
M68	4	0	1297.46065	685.07463	1412.29801	723.35821
M68	4	1	1164.49108	658.88060	1289.40189	703.20896
M68	5	0	803.86149	298.20896	840.12592	334.47761
M68	5	1	1009.35992	282.08955	1045.62434	314.32836
M68	6	0	1504.97377	245.82090	1557.35572	272.01493
M68	6	1	1678.23715	231.71642	1748.75131	239.77612
M68	7	0	419.05561	697.16418	541.95173	721.34328
M68	7	1	576.20147	679.02985	695.06821	709.25373
M68	8	0	733.34732	805.97015	650.74502	842.23881
M68	8	1	654.77440	820.07463	566.12802	856.34328
M68	9	0	376.74711	797.91045	328.39454	822.08955
M68	9	1	485.54040	779.77612	445.24659	803.95522
M68	10	0	280.04197	745.52239	292.13012	769.70149
M68	10	1	364.65897	709.25373	376.74711	737.46269
M68	11	0	318.32109	707.23881	358.61490	735.44776
M68	11	1	421.07030	719.32836	455.32004	743.50746
M68	12	0	523.81952	481.56716	463.37880	523.88060
M68	12	1	848.18468	449.32836	799.83211	497.68657
M68	13	0	1025.47744	336.49254	908.62539	380.82090
M68	13	1	1484.82686	344.55224	1359.91605	380.82090
M68	14	0	985.18363	521.86567	874.37566	566.19403
M68	14	1	1365.96013	419.10448	1265.22560	463.43284
M68	15	0	1224.93179	654.85075	1124.19727	707.23881
M68	15	1	1583.54669	624.62687	1460.65058	679.02985
M68	16	0	425.09969	735.44776	358.61490	769.70149
M68	16	1	795.80273	670.97015	729.31794	711.26866
M68	17	0	868.33158	695.14925	767.59706	735.44776
M68	17	1	378.76180	600.44776	394.87933	638.73134
M68	18	0	467.40818	769.70149	308.24764	797.91045
M68	18	1	572.17209	846.26866	419.05561	888.58209
M68	19	0	396.89402	769.70149	225.64533	799.92537
M68	19	1	479.49633	775.74627	318.32109	801.94030
M68	20	0	513.74607	729.40299	485.54040	761.64179
M68	20	1	425.09969	759.62687	400.92340	791.86567
M72	0	0	1479.11228	478.46642	1360.34418	440.51119
M72	0	1	1587.90556	478.97015	1462.58972	432.95522
M72	1	0	1429.64113	94.70149	1679.29171	25.18657
M72	1	1	1355.09759	66.99627	1590.64533	5.03731
M72	2	0	1755.80273	268.79478	1708.67786	182.36194
M72	2	1	1657.58657	248.14179	1612.47639	174.80597
M72	3	0	1507.22246	183.45896	1672.19307	116.36194
M72	3	1	1560.61175	196.05224	1725.07870	126.94030
M72	4	0	1570.18153	229.80224	1747.74397	159.17910
M72	4	1	1645.22875	230.80970	1837.90136	149.10448
M72	5	0	1202.39559	293.25373	1238.24869	274.42537
M72	5	1	1369.11123	294.76493	1459.86464	260.82463
M72	6	0	1173.18258	233.30970	1225.15320	213.47388
M72	6	1	1316.72928	249.93284	1400.43127	225.05970
M72	7	0	1841.42707	552.08955	1833.36831	493.65672
M72	7	1	1688.31060	529.92537	1658.09024	471.49254
M72	8	0	1776.95698	548.05970	1549.29696	499.70149
M72	8	1	1585.56139	465.44776	1357.90136	425.14925
M72	9	0	1312.74397	98.73134	1504.66212	47.35075
M72	9	1	1014.06611	24.68284	1169.21616	17.63060
M72	10	0	1628.37356	443.66791	1790.05247	388.66791
M72	10	1	1703.42078	414.95522	1876.18048	353.91045
M72	11	0	1333.15950	206.55597	1517.65163	164.02239
M72	11	1	1096.43337	113.86940	1256.74921	104.07836
M72	12	0	1191.40609	143.54851	1376.25079	114.85075
M72	12	1	958.70934	16.10448	1127.43652	17.12687
M72	13	0	1501.34313	209.54851	1728.29066	143.48881
M72	13	1	1214.75341	109.30597	1384.78594	83.54478
M72	14	0	1569.78804	259.29851	1831.35362	189.40299
M72	14	1	1351.69780	162.58209	1553.32634	116.86567
M72	15	0	804.07555	88.65672	936.39664	111.82836
M72	15	1	1046.34208	80.09328	1195.78804	75.05597
M72	16	0	1210.82896	318.35821	1192.69675	306.26866
M72	16	1	1490.87093	239.77612	1573.47324	191.41791
M81	0	0	361.58657	938.45149	483.43232	887.49627
M81	0	1	457.78804	935.93284	568.55299	892.02985
M81	1	0	1509.40609	807.01493	1603.00210	813.48134
M81	1	1	1563.80273	825.65299	1674.01994	839.17164
M81	2	0	1350.31375	850.29851	1441.19622	851.48134
M81	2	1	1178.05771	892.10821	1253.32634	885.73507
M81	3	0	481.51102	953.05970	517.77545	908.73134
M81	3	1	267.95383	1003.43284	330.40923	936.94030
M81	4	0	1146.35887	955.07463	1017.41868	930.89552
M81	4	1	1509.00315	1019.55224	1420.35677	1025.59701
M81	5	0	1464.67996	1041.71642	1333.72508	1041.71642
M81	5	1	1110.09444	953.05970	1077.85939	945.00000
M81	6	0	1058.08290	988.82463	1124.68520	983.78731
M81	6	1	1170.40189	999.90672	1242.04092	1001.41791
M81	7	0	1548.80693	918.80597	1649.39454	938.16418
M81	7	1	1462.17524	937.94776	1539.59391	951.76493
M81	8	0	1710.47219	878.50746	1881.72088	904.70149
M81	8	1	1513.03253	864.40299	1646.00210	880.52239
M81	9	0	511.73137	1035.67164	576.20147	991.34328
M81	9	1	733.34732	1001.41791	789.75866	971.19403
M81	10	0	1652.04617	787.83582	1742.70724	793.88060
M81	10	1	1372.00420	884.55224	1424.38615	878.50746
M81	11	0	1208.81427	878.50746	906.61070	848.28358
M81	11	1	1565.41448	890.59701	1261.19622	874.47761
M81	12	0	1444.53305	1023.58209	870.34627	975.22388
M81	12	1	1676.22246	1039.70149	1226.94648	1013.50746
M81	13	0	1712.48688	810.00000	1795.08919	824.10448
M81	13	1	1593.62015	826.11940	1650.03148	830.14925
M81	14	0	475.37251	979.25373	514.74397	931.54104
M81	14	1	305.63484	1021.56716	363.64218	961.76493
M81	15	0	771.66737	935.93284	715.89087	893.61940
M81	15	1	600.92235	1024.58955	566.80378	970.69030
M81	16	0	497.93179	958.60075	449.59286	902.47388
M81	16	1	316.60965	985.29851	281.86988	915.57090
M81	17	0	368.46065	956.58582	390.32109	900.57836
M81	17	1	198.21931	985.80224	236.19727	914.68284
M81	18	0	858.25813	932.91045	846.16999	908.73134
M81	18	1	668.87723	995.37313	674.92130	951.04478
M81	19	0	844.99790	743.04478	680.20042	703.59328
M81	19	1	768.43966	719.36940	598.60546	674.37687
M81	20	0	1349.46905	951.26119	1186.65268	934.92537
M81	20	1	1431.56768	955.29104	1265.22560	942.98507
M81	21	0	1303.50472	993.35821	1144.34418	987.31343
M81	21	1	817.96432	957.08955	813.93494	928.88060
M81	22	0	1672.19307	858.35821	1807.17733	880.52239
M81	22	1	1398.19517	957.08955	1517.06191	971.19403
M81	23	0	1783.00105	900.67164	1559.37041	886.56716
M81	23	1	1688.31060	828.13433	1466.69465	818.05970
M81	24	0	1452.59182	860.37313	1255.15215	844.25373
M81	24	1	1559.37041	814.02985	1333.72508	795.89552
M81	25	0	1390.52466	902.10448	1500.13116	915.05224
M81	25	1	1503.85100	884.97761	1624.03463	904.47388
M81	26	0	1644.45016	788.63060	1408.68520	762.06716
M81	26	1	1549.75971	767.47388	1295.35887	748.46642
M81	27	0	722.58552	859.25746	627.35047	813.69776
M81	27	1	507.51731	786.21642	441.99895	737.13060
M81	28	0	348.54145	884.55224	147.07240	812.01493
M81	28	1	789.75866	884.55224	648.73033	828.13433
M84	0	0	589.49961	534.77374	554.48233	544.39385
M84	0	1	661.89552	511.01676	630.64886	530.44134
M84	1	0	539.95758	515.75140	492.63001	522.62291
M84	1	1	620.27180	545.54190	572.19010	557.69274
M84	2	0	614.61587	487.46927	768.20346	500.09777
M84	2	1	696.06127	487.09218	847.00943	501.22905
M84	3	0	1288.87667	524.00000	1398.71249	571.57542
M84	3	1	1359.38727	530.03352	1477.51846	584.39665
M84	4	0	1633.89395	468.52514	1817.81618	522.62570
M84	4	1	1574.69521	470.03352	1752.20738	523.00279
M84	5	0	1013.54281	731.56425	797.51610	784.50279
M84	5	1	1099.51296	719.49721	841.25530	777.71508
M84	6	0	1338.45090	460.89944	1398.38178	499.27933
M84	6	1	1402.17439	439.78212	1474.17125	474.76816
M84	7	0	1413.48625	466.93296	1488.49961	508.70670
M84	7	1	1481.35742	456.75140	1569.94501	498.52514
M84	8	0	886.64493	590.80168	887.92537	610.49162
M84	8	1	983.17282	594.57263	965.97722	632.36313
M84	9	0	389.12804	383.12849	170.43205	372.56983
M84	9	1	212.66300	324.30168	6.03299	309.21788
M84	10	0	375.55381	328.82682	371.02907	325.81006
M84	10	1	253.38570	339.38547	257.91045	328.82682
M84	11	0	318.24038	377.09497	337.84760	374.07821
M84	11	1	520.34564	405.75419	542.96936	407.26257
M84	12	0	662.50118	430.70670	737.23802	437.01676
M84	12	1	589.35114	411.85196	653.15318	415.52235
M84	13	0	853.66850	796.42458	155.34957	803.96648
M84	13	1	758.64886	546.03352	371.02907	552.06704
M84	14	0	469.06520	321.28492	331.81461	309.21788
M84	14	1	364.99607	270.00000	217.18775	259.44134
M84	15	0	1349.05813	652.14804	1124.18775	709.54190
M84	15	1	1299.28594	651.77095	1063.10369	714.06704
M84	16	0	1571.59466	612.40223	1556.51218	689.32961
M84	16	1	1282.01100	638.04469	1227.71406	704.41341
M84	17	0	1094.98822	285.08380	1012.03456	280.55866
M84	17	1	630.44776	19.60894	411.75177	3.01676
M84	18	0	1034.65829	680.27933	745.07463	716.48045
M84	18	1	1395.12962	503.79888	1343.84918	559.60894
M84	19	0	1082.92223	585.25140	687.76119	606.36872
M84	19	1	1544.44619	579.21788	1446.41005	644.07821
M84	20	0	580.68185	445.41341	590.82954	443.72346
M84	20	1	501.87588	417.88547	517.67950	415.06425
M84	21	0	615.79654	355.59218	748.48468	351.79050
M84	21	1	536.61351	324.67039	671.18696	315.58939
M84	22	0	1750.32207	472.19553	1889.83504	531.19553
M84	22	1	1601.00550	494.06704	1714.87824	560.23184
M84	23	0	864.49961	435.47765	908.13983	441.42737
M84	23	1	808.31736	419.63966	852.71170	430.86872
M84	24	0	911.25530	430.95251	979.02749	440.29609
M84	24	1	860.35192	425.29609	915.30401	438.03352
M84	25	0	950.46976	446.41341	1007.68421	458.77374
M84	25	1	899.94344	440.00279	957.53496	453.87151
M85	0	0	524.52361	619.09701	623.00944	613.55597
M85	0	1	571.86884	621.61567	660.28122	615.06716
M85	1	0	691.96852	684.16418	748.30325	674.02985
M85	1	1	628.00210	682.65299	690.88458	673.02239
M85	2	0	914.66946	465.44776	956.97796	451.34328
M85	2	1	312.27702	400.97015	386.82057	402.98507
M85	3	0	1559.37041	501.71642	1291.41658	485.59701
M85	3	1	1672.19307	515.82090	1418.34208	499.70149
M85	4	0	1459.54145	511.10821	1622.74711	507.04478
M85	4	1	1203.17209	518.66418	1337.66842	507.54851
M85	5	0	929.61490	698.09701	908.60441	686.62313
M85	5	1	850.53830	702.12687	838.09024	691.15672
M85	6	0	1717.52361	718.08209	1331.56453	710.20149
M85	6	1	1852.50787	702.97015	1454.96432	690.05224
M85	7	0	1389.47219	511.71269	1468.35467	507.29851
M85	7	1	1237.86674	443.20522	1279.98111	440.80597
M85	8	0	656.78909	314.32836	531.87828	306.26866
M85	8	1	1045.62434	356.64179	940.86044	344.55224
M85	9	0	273.38405	617.97015	362.45750	603.05224
M85	9	1	198.33683	624.51866	300.00210	610.10448
M85	10	0	824.89507	550.69030	904.94648	543.10448
M85	10	1	785.60860	542.63060	851.05352	533.02985
M85	11	0	693.69990	605.55597	712.64533	595.39179
M85	11	1	588.43232	602.02985	598.81532	586.82836
M85	12	0	1610.14166	456.94030	1738.67786	441.26866
M85	12	1	1432.84890	384.40299	1488.85624	368.73134
M85	13	0	1228.96118	465.44776	1343.10073	455.04478
M85	13	1	1065.77125	384.85075	1148.68311	376.96642
M85	14	0	1157.81007	479.99254	1291.01259	473.99254
M85	14	1	948.78594	468.91045	1063.35257	461.90299
M95	0	0	1440.57922	843.06716	1327.46170	804.54104
M95	0	1	1552.39454	848.10448	1438.26967	811.08955
M95	1	0	1726.67786	793.63806	1694.02623	747.51866
M95	1	1	1658.17838	798.67537	1627.03778	756.58582
M95	2	0	1553.28122	747.87313	1545.42812	711.01493
M95	2	1	1474.20462	750.39179	1480.95803	712.02239
M95	3	0	1765.37251	805.76119	1746.73662	756.08209
M95	3	1	1675.21511	801.73134	1643.48374	756.08209
M95	4	0	1724.57503	556.11940	1506.98846	513.80597
M95	4	1	910.64008	668.95522	620.52466	648.80597
M95	5	0	1003.22246	809.10448	905.64218	780.55597
M95	5	1	1063.15950	825.72761	956.00944	794.66045
M95	6	0	1474.14481	824.96269	1379.29171	791.93284
M95	6	1	1387.51312	831.00746	1298.20042	789.41418
M95	7	0	1475.15215	847.12687	1353.10073	810.06716
M95	7	1	1392.54984	841.08209	1287.62329	803.51866
M95	8	0	753.49423	719.32836	650.74502	705.22388
M95	8	1	1130.24134	727.38806	991.22770	697.16418
M95	9	0	748.45435	758.95522	665.43232	738.55597
M95	9	1	866.81742	762.98507	790.34313	746.61567
M95	10	0	1462.66527	810.00000	1392.04932	771.97761
M95	10	1	1384.09234	830.14925	1308.94334	797.16418
M95	11	0	1710.47219	822.08955	1657.78069	782.70522
M95	11	1	1603.69360	826.11940	1545.46170	781.69776
M95	12	0	1070.07870	689.45896	1098.73977	660.74627
M95	12	1	913.94019	677.36940	938.57188	653.19030
M95	13	0	1845.96013	856.59328	1758.82476	814.02985
M95	13	1	1703.92445	845.51119	1609.73767	805.97015
M98	0	0	1255.15215	785.82090	811.92025	858.35821
M98	0	1	370.70304	485.59701	209.52781	540.00000
M98	1	0	246.22665	721.58955	144.05037	755.33955
M98	1	1	367.10808	653.58582	282.05666	689.35075
M98	2	0	1357.90136	155.14925	1458.63589	171.26866
M98	2	1	358.61490	88.65672	459.34942	153.13433
M98	3	0	1001.06401	647.73507	876.39035	693.13433
M98	3	1	860.03568	653.77985	737.37671	699.17910
M98	4	0	981.15425	400.97015	876.39035	441.26866
M98	4	1	388.83526	270.00000	280.04197	332.46269
M102	0	0	1715.00525	549.87687	1748.75131	623.76493
M102	0	1	1661.61595	553.40299	1685.79224	624.26866
M102	1	0	1780.98636	508.57090	1807.17733	574.90299
M102	1	1	1721.04932	519.14925	1745.72928	584.47388
M102	2	0	1628.40189	713.68284	1546.78069	814.60075
M102	2	1	1516.58657	734.83955	1402.22665	828.20149
M102	3	0	447.05037	730.15672	188.05037	734.80970
M102	3	1	567.93179	689.85821	322.02728	702.06716
M102	4	0	831.54669	435.45896	906.99056	453.20896
M102	4	1	728.79748	399.19030	805.75236	404.34701
M102	5	0	1104.05037	342.53731	1053.68311	358.65672
M102	5	1	699.09759	257.91045	674.92130	257.91045
M102	6	0	672.90661	515.82090	717.22980	529.92537
M102	6	1	451.29066	519.85075	483.52571	519.85075
M102	7	0	438.45750	460.89552	451.89192	462.56716
M102	7	1	490.33578	454.34701	503.26653	459.04104
M102	8	0	1470.42497	534.21642	1478.96222	596.45896
M102	8	1	1542.95383	534.21642	1562.06821	582.85821
M102	9	0	1615.78174	374.77612	1823.29486	398.95522
M102	9	1	1293.43127	352.61194	1424.38615	370.74627
M102	10	0	1029.50682	791.86567	757.52361	844.25373
M102	10	1	1450.57712	272.01493	1380.06296	282.08955
M102	11	0	885.24449	247.28731	872.52151	240.64925
M102	11	1	1277.43232	315.03731	1356.58237	324.39925
M102	12	0	1450.62329	354.22015	1615.20776	378.95149
M102	12	1	1329.74187	350.19030	1488.28227	370.38806
M102	13	0	1470.26653	297.29851	1655.50157	311.45149
M102	13	1	1364.99895	300.32090	1546.20462	311.45149
M102	14	0	1214.91291	237.69776	1294.07870	231.81343
M102	14	1	1055.24869	242.23134	1127.86674	239.87313
M102	15	0	1335.24764	355.02239	1490.08185	376.62313
M102	15	1	1207.31480	356.02985	1349.55719	375.11194
M102	16	0	1706.32844	365.18657	1835.88667	401.49627
M102	16	1	1569.32949	366.19403	1697.88038	400.48881
M102	17	0	1372.31375	311.69030	1489.62959	319.20149
M102	17	1	1215.16789	321.76493	1325.93599	330.78731
M102	18	0	1236.32214	361.05597	1310.82581	380.15299
M102	18	1	1113.92970	367.10075	1197.49948	383.67910
M102	19	0	1208.18993	433.22015	1100.44806	457.29478
M102	19	1	1469.09234	530.94403	1438.91605	593.30224
M102	20	0	1224.93179	378.80597	1255.15215	400.97015
M102	20	1	1134.27072	394.92537	1186.65268	411.04478
M102	21	0	1029.50682	427.16418	602.39244	449.32836
M102	21	1	745.43547	437.23881	477.48164	441.26866
M102	22	0	1337.75446	370.74627	1321.63694	392.91045
M102	22	1	1237.01994	384.85075	1249.10808	402.98507
M102	23	0	677.96852	388.31343	730.92445	387.55597
M102	23	1	568.16789	330.38433	608.53200	321.56716
M112	0	0	703.12697	535.97015	483.52571	537.98507
M112	0	1	1045.62434	447.31343	918.69885	471.49254
M112	1	0	1210.82896	489.62687	1174.56453	519.85075
M112	1	1	1513.03253	525.89552	1575.48793	588.35821
M112	2	0	813.93494	586.34328	562.09864	610.52239
M112	2	1	1098.00630	578.28358	932.80168	624.62687
M112	3	0	1204.78489	693.13433	1154.41763	755.59701
M112	3	1	1597.64953	594.40299	1583.54669	670.97015
M112	4	0	1446.54774	687.08955	1478.78279	759.62687
M112	4	1	1770.91291	662.91045	1881.72088	781.79104
M112	5	0	946.90451	832.16418	866.31689	884.55224
M112	5	1	1313.57817	814.02985	1277.31375	904.70149
M112	6	0	513.74607	576.26866	300.18888	576.26866
M112	6	1	834.08185	592.38806	713.20042	622.61194
M112	7	0	1404.23924	793.88060	1468.70934	886.56716
M112	7	1	1662.11962	747.53731	1736.66317	870.44776
M112	8	0	1305.51941	318.35821	1152.40294	322.38806
M112	8	1	791.77335	278.05970	537.92235	274.02985
M112	9	0	850.19937	677.01493	884.44911	709.25373
M112	9	1	1083.90346	642.76119	1170.53515	699.17910
M112	10	0	1214.31165	360.07463	1347.48478	375.95522
M112	10	1	1558.82371	349.49627	1742.36411	382.00000
M112	11	0	1293.43127	560.14925	689.02413	614.55224
M112	11	1	495.61385	402.98507	34.24974	396.94030
M125	0	0	1222.91710	120.89552	1255.15215	100.74627
M125	0	1	1488.85624	104.77612	1535.19412	66.49254
M125	1	0	491.36936	512.52612	503.13431	501.44403
M125	1	1	588.07450	510.00746	587.24764	501.94776
M125	2	0	901.50892	179.02985	816.75866	169.97761
M125	2	1	781.13116	157.87313	714.00944	154.36194
M125	3	0	1103.98531	106.99627	994.30325	86.13806
M125	3	1	999.22141	98.43284	904.14586	83.61940
M125	4	0	1059.13012	298.82836	973.03463	289.31716
M125	4	1	954.86988	312.93284	891.94334	303.92537
M125	5	0	1156.84260	343.66045	1065.71039	331.63060
M125	5	1	1021.35467	366.32836	928.71144	350.26866
M125	6	0	967.50577	350.66791	866.24134	332.35448
M125	6	1	866.26758	345.63060	755.43337	333.86567
M125	7	0	1190.12907	380.89179	1112.53725	375.17164
M125	7	1	1071.76600	367.79478	982.58972	355.02239
M125	8	0	1617.29276	361.92537	1593.63484	334.84328
M125	8	1	1752.78069	343.28731	1746.24764	317.71642
M125	9	0	1694.35467	430.43284	1641.98741	414.43284
M125	9	1	1842.43442	381.57090	1804.67366	354.48881
M125	10	0	478.51312	525.04478	570.44701	522.12687
M125	10	1	572.19622	514.97015	656.07135	514.06716
M125	11	0	235.71878	577.18657	303.58657	567.57090
M125	11	1	323.86149	552.00000	385.18153	540.87313
M125	12	0	106.27492	577.69030	278.90661	571.09701
M125	12	1	34.75341	553.51119	206.37775	542.38433
M125	13	0	513.74607	556.11940	616.49528	546.04478
M125	13	1	267.95383	544.02985	392.86464	537.98507
M125	14	0	882.56139	542.87313	1027.40294	538.35448
M125	14	1	839.74921	526.75373	985.09444	522.73881
M125	15	0	1008.98321	569.57090	1154.83211	570.59328
M125	15	1	979.26653	552.94776	1123.60441	552.45896
M125	16	0	1239.03463	548.05970	1315.59286	544.02985
M125	16	1	874.37566	556.11940	918.69885	546.04478
M125	17	0	1867.61805	646.79104	1702.41343	650.82090
M125	17	1	634.62749	856.34328	318.32109	814.02985
M125	18	0	518.86569	535.60821	695.55299	534.51119
M125	18	1	451.87723	537.62313	636.62329	536.52612
M130	0	0	1551.59706	286.50373	1751.77335	257.48881
M130	0	1	1502.23715	268.87313	1698.88772	243.88806
M130	1	0	682.44281	425.94776	443.79958	385.40672
M130	1	1	631.06821	430.48134	372.78174	384.90299
M130	2	0	1600.40609	338.48881	1799.11857	314.87313
M130	2	1	1703.15530	381.30597	1913.45226	358.69776
M130	3	0	467.98006	284.72388	317.88458	251.41418
M130	3	1	553.60441	307.39179	400.99056	273.07463
M130	4	0	1380.01679	358.29851	1455.00944	335.51119
M130	4	1	1449.01994	391.54478	1529.04932	369.26119
M130	5	0	1216.61595	459.11940	1071.42812	423.39552
M130	5	1	1118.39979	377.01119	986.81112	344.30970
M130	6	0	590.30430	130.97015	314.29171	92.68657
M130	6	1	425.09969	90.67164	141.02833	58.43284
M130	7	0	1093.00944	81.60448	1235.34418	56.92164
M130	7	1	1208.35047	96.71642	1364.28437	73.54478
M130	8	0	1867.61805	668.95522	1601.67891	648.80597
M130	8	1	1424.38615	362.68657	1212.84365	310.29851
M130	9	0	1251.12277	396.94030	1061.74187	356.64179
M130	9	1	892.50787	195.44776	729.31794	167.23881
M130	10	0	1652.04617	306.26866	1380.06296	241.79104
M130	10	1	1168.52046	64.47761	958.99265	16.11940
M130	11	0	1603.66317	242.35075	1773.43127	204.20149
M130	11	1	1490.33683	183.41418	1642.47639	141.23507
M130	12	0	1460.73662	402.85075	1541.84680	380.80597
M130	12	1	1414.90241	403.85821	1493.99790	385.33955
M130	13	0	887.80693	242.33209	803.51312	215.66418
M130	13	1	979.47534	328.97388	866.97587	294.75000
M130	14	0	1478.23610	441.74254	1580.90976	424.71642
M130	14	1	1499.39035	466.42537	1598.53830	453.93284
M130	15	0	1533.47954	360.13433	1643.69255	331.95896
M130	15	1	1444.32949	317.82090	1531.37356	291.66045
M130	16	0	1468.00210	278.52985	1574.68940	249.34701
M130	16	1	1389.93284	243.77239	1474.45855	214.58955
M130	17	0	1446.83211	202.67537	1568.88248	170.76493
M130	17	1	1381.85834	165.90299	1476.71039	132.48134
M130	18	0	1308.82581	207.71269	1407.20357	179.32836
M130	18	1	1225.71983	166.40672	1311.00210	140.03731
M130	19	0	1269.03568	191.08955	1308.48374	159.17910
M130	19	1	1136.56978	128.62687	1151.33788	100.74627
M130	20	0	1192.99056	82.10821	1273.73033	47.85448
M130	20	1	1091.75236	39.79478	1156.87828	11.58582
M130	21	0	877.21511	110.31716	837.94648	85.63433
M130	21	1	816.27072	33.75000	763.40294	11.58582
M130	22	0	1271.10493	210.85075	1394.18153	183.26493
M130	22	1	1339.10073	244.09701	1468.22141	217.51866
M130	23	0	1277.31375	106.79104	1432.44491	76.56716
M130	23	1	1676.22246	241.79104	1879.70619	203.50746
M130	24	0	1464.67996	74.55224	1492.88562	26.19403
M130	24	1	1843.44176	219.62687	1865.60336	169.25373
M131	0	0	256.40220	612.40223	283.55067	610.89385
M131	0	1	39.21445	601.84358	72.39592	609.38547
M131	1	0	1081.41398	573.18436	849.14375	547.54190
M131	1	1	630.44776	574.69274	410.24352	567.15084
M131	2	0	1156.82639	558.10056	975.83661	518.88268
M131	2	1	808.42105	460.05587	597.26630	447.98883
M131	3	0	907.96544	371.06145	633.46426	352.96089
M131	3	1	463.03221	336.36872	149.31658	346.92737
M131	4	0	876.29222	760.22346	558.05185	736.08939
M131	4	1	209.64650	446.48045	92.00314	464.58101
M131	5	0	877.80047	717.98883	651.56324	693.85475
M131	5	1	1809.89788	877.87709	1411.72035	826.59218
M131	6	0	1315.19246	479.66480	1143.25216	428.37989
M131	6	1	613.85703	378.60335	363.48782	387.65363
M134	0	0	1456.62120	445.29851	1230.97587	394.92537
M134	0	1	1525.12067	445.29851	1323.65163	400.97015
M134	1	0	745.43547	638.73134	844.15530	614.55224
M134	1	1	846.16999	640.74627	936.83106	624.62687
M134	2	0	130.95488	525.41045	249.28751	496.02239
M134	2	1	33.91396	517.35075	163.99895	486.28358
M134	3	0	831.62329	581.40299	865.53830	555.73881
M134	3	1	889.71354	577.37313	917.24869	552.71642
M134	4	0	964.42288	728.52239	900.57712	696.78358
M134	4	1	910.36201	733.89552	840.13641	702.15672
M134	5	0	604.09234	270.75373	606.10703	248.37313
M134	5	1	953.95488	274.32090	939.30745	241.71642
M134	6	0	1460.65058	455.37313	1164.49108	407.01493
M134	6	1	1648.01679	467.46269	1281.34313	409.02985
M134	7	0	1331.71039	447.31343	1265.22560	409.02985
M134	7	1	1450.57712	429.17910	1376.03358	394.92537
M134	8	0	757.52361	519.85075	676.93599	487.61194
M134	8	1	1049.65373	392.91045	910.64008	354.62687
M134	9	0	1291.15110	393.95522	1411.31794	373.79104
M134	9	1	1424.79224	446.00746	1545.63064	428.86567
M134	10	0	1095.99161	425.14925	1164.49108	411.04478
M134	10	1	622.53935	316.34328	695.06821	304.25373
M134	11	0	910.64008	465.44776	948.91920	435.22388
M134	11	1	507.70199	366.71642	554.03987	342.53731
M134	12	0	429.12907	636.71642	227.66002	576.26866
M134	12	1	320.33578	616.56716	108.79328	554.10448
M134	13	0	1367.77335	357.94030	1239.76076	320.71642
M134	13	1	1307.66842	395.88806	1197.11647	364.70896
M134	14	0	959.45960	642.30597	945.72193	618.88806
M134	14	1	1000.76076	657.08209	978.29276	635.00746
M143	0	0	943.20986	669.67910	1018.39559	700.98507
M143	0	1	1021.44701	671.02239	1086.89507	701.48881
M143	1	0	1218.88772	854.32836	826.02308	906.71642
M143	1	1	348.54145	531.94030	163.18993	576.26866
M143	2	0	573.11542	788.72015	572.98321	809.75746
M143	2	1	514.68940	742.88060	521.60860	764.92537
M143	3	0	671.96852	749.90299	676.66317	773.29478
M143	3	1	599.94334	768.03731	610.17838	791.42910
M143	4	0	833.14376	745.36940	832.29801	766.74627
M143	4	1	716.29171	737.30970	710.91291	761.70896
M143	5	0	612.99370	439.22388	719.75866	470.23134
M143	5	1	481.03148	449.80224	596.35887	481.31343
M143	6	0	910.64008	642.76119	920.71354	666.94030
M143	6	1	668.87723	596.41791	672.90661	622.61194
M143	7	0	687.00944	642.76119	757.52361	668.95522
M143	7	1	842.14061	636.71642	920.71354	664.92537
M143	8	0	882.43442	644.77612	783.71459	668.95522
M143	8	1	1110.09444	590.37313	1053.68311	624.62687
M146	0	0	858.25813	576.26866	888.47849	580.29851
M146	0	1	558.06925	523.88060	660.81847	548.05970
M146	1	0	326.37985	265.97015	560.08395	328.43284
M146	1	1	177.29276	259.92537	425.09969	334.47761
M146	2	0	1523.10598	872.46269	1426.40084	860.37313
M146	2	1	312.27702	443.28358	284.07135	489.62687
M146	3	0	926.75761	529.92537	1087.93284	546.04478
M146	3	1	676.93599	501.71642	850.19937	527.91045
M154	0	0	634.62749	320.37313	350.55614	328.43284
M154	0	1	1083.90346	382.83582	840.12592	350.59701
M154	1	0	1339.76915	578.28358	1174.56453	533.95522
M154	1	1	1672.19307	507.76119	1502.95908	431.19403
M154	2	0	636.64218	550.07463	459.34942	540.00000
M154	2	1	985.18363	586.34328	832.06716	554.10448
M154	3	0	545.98111	818.05970	376.74711	801.94030
M154	3	1	928.77230	753.58209	785.72928	715.29851
M154	4	0	1787.03043	963.13433	1535.19412	916.79104
M154	4	1	1440.50367	848.28358	1232.99056	812.01493
M154	5	0	866.31689	415.07463	600.37775	398.95522
M154	5	1	1198.74082	425.14925	1001.30115	388.88060
M154	6	0	674.92130	531.94030	404.95278	521.86567
M154	6	1	1049.65373	562.16418	830.05247	537.98507
M154	7	0	743.42078	755.59701	539.93704	743.50746
M154	7	1	1098.00630	727.38806	936.83106	695.14925
M154	8	0	1164.49108	308.28358	1093.97692	265.97015
M154	8	1	769.61175	344.55224	717.22980	332.46269
M154	9	0	965.03673	1059.85075	429.12907	1027.61194
M154	9	1	421.07030	834.17910	223.63064	818.05970
M154	10	0	1037.56558	687.08955	916.68416	658.88060
M154	10	1	1708.45750	646.79104	1569.44386	598.43284
M154	11	0	1325.66632	979.25373	521.80483	924.85075
M154	11	1	693.05352	439.25373	344.51207	439.25373
M157	0	0	1509.00315	255.89552	1317.60756	193.43284
M157	0	1	1263.21091	265.97015	1075.84470	213.58209
M157	1	0	995.25708	469.47761	862.28751	445.29851
M157	1	1	1166.50577	316.34328	1021.44806	282.08955
M157	2	0	1146.35887	318.35821	954.96327	286.11940
M157	2	1	946.90451	265.97015	741.40609	245.82090
M157	3	0	995.25708	372.76119	824.00839	356.64179
M157	3	1	799.83211	354.62687	626.56873	336.49254
M157	4	0	469.42288	106.79104	324.36516	132.98507
M157	4	1	209.52781	52.38806	96.70514	106.79104
M157	5	0	699.09759	562.16418	556.05456	550.07463
M157	5	1	489.56978	495.67164	378.76180	503.73134
M157	6	0	1549.38510	445.50000	1452.35992	383.50000
M157	6	1	1805.25079	323.09328	1726.86149	237.92164
M157	7	0	1742.70724	203.50746	1577.50262	116.86567
M157	7	1	1446.54774	167.23881	1291.41658	106.79104
M157	8	0	1545.26758	346.56716	1380.06296	282.08955
M157	8	1	1313.57817	270.00000	1154.41763	221.64179
M157	9	0	509.71668	417.08955	404.95278	421.11940
M157	9	1	265.93914	259.92537	130.95488	300.22388
M157	10	0	1903.88248	270.00000	1839.41238	183.35821
M157	10	1	1698.38405	288.13433	1633.91396	217.61194
M157	11	0	1813.22141	330.44776	1706.44281	255.89552
M157	11	1	1553.32634	372.76119	1424.38615	310.29851
M157	12	0	1418.34208	396.94030	1287.38720	318.35821
M157	12	1	1241.04932	380.82090	1150.38825	336.49254
M157	13	0	187.36621	531.94030	124.91081	548.05970
M157	13	1	437.18783	429.17910	342.49738	435.22388
M157	14	0	161.17524	358.65672	100.73452	388.88060
M157	14	1	372.71773	396.94030	316.30640	409.02985
M157	15	0	255.86569	306.26866	265.93914	342.53731
M157	15	1	479.49633	312.31343	459.34942	322.38806
M157	16	0	1357.90136	759.62687	1299.47534	725.37313
M157	16	1	1033.53620	771.71642	956.97796	755.59701
M157	17	0	902.58132	568.20896	793.78804	542.01493
M157	17	1	485.54040	529.92537	417.04092	535.97015
M157	18	0	1436.47429	372.76119	1404.23924	312.31343
M157	18	1	1184.63799	398.95522	1144.34418	366.71642
M157	19	0	864.30220	826.11940	785.72928	807.98507
M157	19	1	529.86359	844.25373	469.42288	826.11940
M157	20	0	1228.96118	336.49254	1190.68206	306.26866
M157	20	1	1323.65163	141.04478	1303.50472	92.68657
M157	21	0	1283.35782	398.95522	1305.51941	354.62687
M157	21	1	1343.79853	368.73134	1365.96013	318.35821
M157	22	0	1467.58657	602.02985	1419.66002	557.08209
M157	22	1	1549.68520	588.42910	1495.71459	537.94030
M157	23	0	1747.24029	551.58582	1719.53830	491.04478
M157	23	1	1860.06296	550.57836	1826.82057	483.48881
M157	24	0	622.53935	517.83582	165.20462	519.85075
M157	24	1	1396.18048	314.32836	1069.80063	274.02985
M157	25	0	1716.51626	642.76119	1617.79643	600.44776
M157	25	1	828.03778	550.07463	725.28856	511.79104
M157	26	0	1875.67681	556.11940	1823.29486	487.61194
M157	26	1	1122.18258	499.70149	1075.84470	475.52239
M157	27	0	1019.43337	437.23881	900.56663	415.07463
M157	27	1	406.96747	292.16418	356.60021	320.37313
M157	28	0	1069.80063	394.92537	1023.46275	378.80597
M157	28	1	1809.19203	529.92537	1730.61910	459.40299
M157	29	0	451.29066	840.22388	82.60231	812.01493
M157	29	1	684.99475	693.13433	362.64428	672.98507
M157	30	0	1709.46485	379.45149	1676.91710	298.91791
M157	30	1	1655.06821	400.10448	1614.46170	328.13433
M157	31	0	1652.04617	203.50746	1684.28122	126.94030
M157	31	1	1460.65058	235.74627	1474.75341	169.25373
M157	32	0	1511.01784	537.98507	1299.47534	489.62687
M157	32	1	1670.17838	548.05970	1474.75341	485.59701
M157	33	0	1450.57712	596.41791	1239.03463	548.05970
M157	33	1	1587.57608	584.32836	1372.00420	529.92537
M157	34	0	1785.01574	381.20149	1747.80273	303.26866
M157	34	1	1673.70409	355.51119	1625.41028	280.60075
M157	35	0	550.01049	882.53731	469.42288	860.37313
M157	35	1	433.15845	949.02985	340.48269	926.86567
M157	36	0	1527.13536	805.97015	1392.15110	767.68657
M157	36	1	1605.70829	793.88060	1462.66527	761.64179
M157	37	0	1615.78174	785.82090	1490.87093	743.50746
M157	37	1	1688.31060	785.82090	1549.29696	745.52239
M157	38	0	838.11123	229.70149	749.46485	219.62687
M157	38	1	1174.56453	177.31343	1089.94753	145.07463
M157	39	0	876.39035	413.05970	821.99370	407.01493
M157	39	1	1146.35887	400.97015	1069.80063	372.76119
M157	40	0	948.91920	489.62687	888.47849	471.49254
M157	40	1	1186.65268	497.68657	1114.12382	469.47761
M157	41	0	584.26023	223.65672	523.81952	233.73134
M157	41	1	809.90556	290.14925	737.37671	282.08955
M157	42	0	296.15950	302.23881	249.82162	332.46269
M157	42	1	695.06821	298.20896	612.46590	302.23881
M157	43	0	308.24764	445.29851	290.11542	463.43284
M157	43	1	594.33368	421.11940	554.03987	419.10448
M157	44	0	588.28961	467.46269	556.05456	471.49254
M157	44	1	773.64113	479.55224	721.25918	469.47761
M158	0	0	1652.99685	934.50000	1743.71459	940.28358
M158	0	1	1727.20462	949.27612	1823.29486	957.74627
M158	1	0	1694.63379	857.26119	1817.42917	853.52985
M158	1	1	1608.67366	856.25373	1728.78279	853.19403
M158	2	0	754.93284	470.92537	906.28541	485.14179
M158	2	1	874.80693	490.40299	1025.28751	496.95522
M158	3	0	619.84470	434.35821	778.36411	462.71642
M158	3	1	739.38300	451.48507	894.20881	469.09701
M158	4	0	112.82267	346.00000	370.21196	410.86567
M158	4	1	216.57922	373.87313	455.16474	429.33582
M158	5	0	69.17104	410.14179	311.11438	468.29104
M158	5	1	185.01574	429.95522	403.45435	479.70896
M158	6	0	802.65792	626.42537	971.96432	630.96269
M158	6	1	885.93179	623.06716	1063.63274	631.29851
M158	7	0	736.17314	567.32090	905.47954	575.88806
M158	7	1	832.20672	552.54478	995.80483	563.46269
M158	8	0	187.60231	365.34328	395.47219	420.80597
M158	8	1	341.05456	385.49254	523.40504	432.89552
M158	9	0	1588.65582	811.61940	1750.30010	807.29851
M158	9	1	1533.92340	804.90299	1688.18048	801.58955
M158	10	0	1160.46170	463.43284	1257.16684	451.34328
M158	10	1	1337.75446	455.37313	1434.45960	433.20896
M158	11	0	1402.22455	431.19403	1480.79748	392.91045
M158	11	1	1613.76705	382.83582	1714.50157	326.41791
M158	12	0	1579.51731	316.34328	1674.20776	261.94030
M158	12	1	1758.82476	278.05970	1885.75026	183.35821
M158	13	0	1537.20881	491.64179	1678.23715	459.40299
M158	13	1	1712.48688	447.31343	1873.66212	394.92537
M158	14	0	1424.16474	726.91045	1609.15740	714.85821
M158	14	1	1223.03148	743.70149	1384.51941	743.73881
M158	15	0	1593.27282	731.02985	1811.89297	720.38806
M158	15	1	1532.83211	724.98507	1741.71459	714.00746
M158	16	0	1377.91501	782.88806	1502.78489	778.05224
M158	16	1	1296.32004	778.52239	1416.82476	775.36567
M158	17	0	187.37146	851.69403	206.23715	845.00746
M158	17	1	290.12067	817.44030	286.48898	816.79851
M158	18	0	894.37146	871.94030	976.30220	874.10448
M158	18	1	949.43966	862.20149	1037.07870	862.35075
M158	19	0	662.03987	786.19403	601.75761	783.17910
M158	19	1	591.18993	740.52239	545.34627	741.87313
M158	20	0	374.48898	780.00746	408.06716	779.94776
M158	20	1	305.31794	789.07463	358.70724	802.44776
M158	21	0	220.93494	749.56716	360.53305	763.36567
M158	21	1	281.37566	768.03731	407.87828	778.47761
M158	22	0	1631.16999	728.46269	1864.59601	713.01493
M158	22	1	1570.72928	726.44776	1793.74607	715.70149
M158	23	0	1833.36831	783.80597	1887.15215	773.32090
M158	23	1	1716.51626	751.56716	1758.21196	730.67164
M158	24	0	556.13536	657.77612	731.45645	674.14179
M158	24	1	501.06716	662.81343	677.73137	681.19403
M158	25	0	859.26233	678.09701	1045.43232	684.20896
M158	25	1	801.50787	677.42537	990.69990	686.22388
M158	26	0	879.40504	658.86567	1061.59391	667.21642
M158	26	1	822.65792	660.54478	1007.53305	667.55224
M158	27	0	762.21721	665.24627	982.34942	676.61940
M158	27	1	711.17838	658.52985	935.33998	671.91791
M158	28	0	1138.25393	884.61194	1182.06506	883.90299
M158	28	1	1236.63799	877.89552	1285.48583	876.85075
M158	29	0	1259.13536	858.75373	1296.23085	857.37313
M158	29	1	1310.84575	844.31343	1342.23295	839.91045
M158	30	0	461.98741	820.56716	542.74921	824.57463
M158	30	1	559.02833	819.22388	624.00839	820.54478
M158	31	0	528.80797	801.42537	632.40294	808.11940
M158	31	1	612.75341	811.83582	709.63274	817.52239
M158	32	0	1648.19412	714.63433	1704.50577	697.42537
M158	32	1	1550.14586	687.43284	1602.09234	668.20896
M158	33	0	576.66317	754.13433	721.00315	762.81343
M158	33	1	492.38195	741.03731	643.77335	753.74627
M158	34	0	490.68940	726.35821	652.24344	740.67910
M158	34	1	395.66317	713.59701	570.64848	729.59701
M158	35	0	801.72403	756.29104	945.22141	762.32836
M158	35	1	718.78594	738.49254	858.25393	749.23134
M158	36	0	923.08709	667.82836	1131.98951	673.06716
M158	36	1	970.76810	654.39552	1178.66317	658.62687
M158	37	0	113.15845	576.00746	378.46485	616.55224
M158	37	1	239.74816	611.60448	485.57922	643.41791
M158	38	0	624.55404	747.53731	642.68625	753.58209
M158	38	1	181.32214	695.14925	259.89507	715.29851
M158	39	0	1877.69150	868.43284	1823.29486	868.43284
M158	39	1	1386.10703	799.92537	1361.93075	791.86567
M158	40	0	807.89087	787.83582	717.22980	783.80597
M158	40	1	261.90976	753.58209	201.46905	763.65672
M158	41	0	556.05456	558.13433	650.74502	580.29851
M158	41	1	1051.66842	463.43284	1130.24134	465.44776
M158	42	0	461.36411	630.67164	439.20252	650.82090
M158	42	1	580.23085	634.70149	654.77440	658.88060
M158	43	0	1502.95908	975.22388	1313.57817	969.17910
M158	43	1	606.42183	880.52239	455.32004	890.59701
M158	44	0	1035.55089	695.14925	1057.71249	697.16418
M158	44	1	1365.96013	576.26866	1462.66527	562.16418
M158	45	0	425.09969	834.17910	485.54040	840.22388
M158	45	1	278.02728	646.79104	439.20252	675.00000
M158	46	0	1400.32739	643.75373	1423.68311	623.84328
M158	46	1	1473.19203	630.99254	1484.79538	609.73881
M177b	0	0	1450.93179	777.37313	1492.88562	739.47761
M177b	0	1	1302.85205	732.03731	1313.57817	699.17910
M177b	1	0	735.36201	807.98507	638.65687	791.86567
M177b	1	1	533.89297	775.74627	463.37880	767.68657
M177b	2	0	586.27492	940.97015	421.07030	916.79104
M177b	2	1	753.49423	721.34328	628.58342	715.29851
M177b	3	0	1466.69465	912.76119	1245.07870	882.53731
M177b	3	1	1170.53515	864.40299	1001.30115	836.19403
M177b	4	0	1051.66842	656.86567	1055.69780	634.70149
M177b	4	1	1511.01784	658.88060	1553.32634	622.61194
M177b	5	0	1504.97377	844.25373	1196.72613	810.00000
M177b	5	1	90.66107	330.44776	52.38195	380.82090
M177b	6	0	832.06716	278.05970	801.84680	263.95522
M177b	6	1	169.23400	163.20896	110.80797	199.47761
M177b	7	0	288.10073	495.67164	60.44071	499.70149
M177b	7	1	1891.79433	147.08955	1494.90031	46.34328
M177b	8	0	525.83421	711.26866	336.45331	691.11940
M177b	8	1	267.95383	402.98507	276.01259	429.17910
M177b	9	0	241.76285	697.16418	191.39559	689.10448
M177b	9	1	1758.82476	425.14925	1355.88667	336.49254
M179	0	0	1437.74816	604.48881	1707.95383	593.20149
M179	0	1	1476.02728	602.97761	1751.26967	588.66791
M179	1	0	1463.96852	373.48507	1732.13012	338.66791
M179	1	1	1556.14061	361.39552	1845.45645	306.42910
M179	2	0	1134.54984	389.00746	1355.20462	383.14179
M179	2	1	1225.21091	373.89552	1447.37671	360.47388
M179	3	0	1706.44281	508.08209	1680.75551	466.05224
M179	3	1	1811.20672	500.02239	1791.56348	450.94030
M179	4	0	705.43232	464.51119	946.58657	491.91791
M179	4	1	777.45750	477.60821	1018.61175	492.92537
M179	5	0	830.05247	18.13433	761.55299	52.38806
M179	5	1	1418.34208	114.85075	1269.25498	74.55224
M179	6	0	1817.25079	612.53731	1778.97167	574.25373
M179	6	1	1400.20986	493.65672	1281.34313	467.46269
M179	7	0	1641.97272	650.82090	1641.97272	632.68657
M179	7	1	1305.51941	548.05970	1299.47534	544.02985
M179	8	0	1041.59496	382.83582	995.25708	388.88060
M179	8	1	687.00944	398.95522	632.61280	427.16418
M179	9	0	934.81637	505.74627	902.58132	511.79104
M179	9	1	594.33368	449.32836	574.18678	475.52239
M179	10	0	948.91920	588.35821	930.78699	598.43284
M179	10	1	604.40714	564.17910	580.23085	574.25373
M179	11	0	1355.88667	675.00000	1345.81322	679.02985
M179	11	1	1013.38930	590.37313	971.08080	592.38806
M179	12	0	415.02623	431.19403	433.15845	469.47761
M179	12	1	34.24974	328.43284	58.42602	413.05970
M179	13	0	1376.03358	350.59701	1311.56348	314.32836
M179	13	1	1085.91815	221.64179	1005.33054	219.62687
M179	14	0	1196.72613	467.46269	1152.40294	453.35821
M179	14	1	783.71459	388.88060	743.42078	398.95522
M179	15	0	477.48164	338.50746	614.48059	386.86567
M179	15	1	644.70094	342.53731	749.46485	376.79104
M179	16	0	614.48059	469.47761	713.20042	501.71642
M179	16	1	249.82162	398.95522	354.58552	457.38806
M179	17	0	711.18573	332.46269	779.68520	360.67164
M179	17	1	193.41028	155.14925	280.04197	237.76119
M179	18	0	1539.22350	971.19403	1257.16684	947.01493
M179	18	1	457.33473	1049.77612	86.63169	1055.82090
M185	0	0	1403.26338	449.08955	1545.35677	436.72388
M185	0	1	1447.58657	433.30597	1593.03778	417.58209
M185	1	0	1248.60860	396.60448	1287.15530	373.79851
M185	1	1	1182.45960	380.82090	1221.34208	354.99254
M185	2	0	1377.81532	567.43284	1443.02833	557.23881
M185	2	1	1444.63589	542.91791	1515.55719	527.68657
M185	3	0	1616.89087	391.02239	1667.43232	362.88060
M185	3	1	1529.58762	375.23881	1575.76390	345.41791
M185	4	0	1721.31899	369.52985	1854.85834	339.64925
M185	4	1	1649.12592	364.15672	1776.62120	337.97015
M185	5	0	993.24239	537.98507	1070.82162	526.49254
M185	5	1	838.11123	507.76119	921.06296	488.54478
M185	6	0	1234.68520	558.70896	1264.62539	540.81343
M185	6	1	1128.91396	546.28358	1159.86149	526.03731
M185	7	0	1411.28856	420.26866	1523.17733	402.01493
M185	7	1	1477.43757	423.62687	1589.32634	403.69403
M185	8	0	1649.74397	576.36567	1781.99370	570.97761
M185	8	1	1708.16999	583.41791	1855.86569	582.39552
M185	9	0	844.80483	524.05224	880.38300	505.77612
M185	9	1	783.02099	512.97015	823.63589	488.98507
M185	10	0	1731.67261	566.59701	1906.56873	564.51493
M185	10	1	1673.24659	518.91045	1837.39769	515.82090
M185	11	0	596.00420	404.08955	630.97482	382.13433
M185	11	1	755.50052	389.31343	783.41973	365.67910
M185	12	0	886.46380	590.37313	906.61070	564.17910
M185	12	1	749.46485	574.25373	797.81742	554.10448
M185	13	0	249.82162	495.67164	298.17419	471.49254
M185	13	1	16.11752	411.04478	88.64638	390.89552
M185	14	0	878.40504	533.95522	900.56663	511.79104
M185	14	1	755.50892	477.53731	755.50892	455.37313
M185	15	0	1621.41763	629.81343	1743.89087	632.50000
M185	15	1	1533.44281	636.19403	1630.73242	633.17164
M185	16	0	1683.25813	474.25373	1851.50052	461.88806
M185	16	1	1562.71249	483.32090	1714.83736	471.29104
M185	17	0	807.15320	492.40299	894.34208	475.32090
M185	17	1	909.56663	524.97761	990.37566	505.88060
M185	18	0	435.39559	486.32090	524.68940	464.64925
M185	18	1	311.49213	445.01493	422.27597	424.35075
M185	19	0	213.33263	384.64179	362.43022	369.63433
M185	19	1	324.81217	373.22388	452.08395	355.19403
M185	20	0	259.98846	472.52985	347.54040	447.45522
M185	20	1	125.67576	453.72388	228.00210	429.32090
M185	21	0	238.76076	394.36567	346.18468	375.02239
M185	21	1	161.19517	365.82090	287.75866	348.82836
M185	22	0	253.53515	383.28358	358.60860	367.63433
M185	22	1	312.29696	348.02239	414.68416	332.70896
M185	23	0	226.31689	453.93284	347.32424	433.36567
M185	23	1	94.69045	448.22388	235.84470	428.66418
M185	24	0	214.90031	505.98507	324.82686	481.38806
M185	24	1	149.42288	489.52985	261.69990	465.26866
M185	25	0	212.54984	523.86567	351.38090	493.45522
M185	25	1	131.96222	501.36567	275.83001	474.64925
M185	26	0	572.66527	525.99254	630.47324	501.16418
M185	26	1	397.38720	535.05970	478.69990	509.22388
M185	27	0	1022.99370	559.22388	1084.56034	542.08209
M185	27	1	972.62644	550.49254	1038.89402	532.67910
M185	28	0	263.17314	379.41791	429.07765	367.29104
M185	28	1	367.60126	341.47015	514.03043	332.02985
M185	29	0	781.69990	586.34328	743.14166	555.88060
M185	29	1	991.22770	519.85075	953.67681	495.76866
M185	30	0	622.10913	508.02239	719.66107	484.31343
M185	30	1	760.11542	510.37313	844.90766	490.02239
M185	31	0	360.86884	701.56716	308.21196	651.54478
M185	31	1	279.60965	714.32836	239.71249	666.99254
M185	32	0	448.48164	340.16418	558.72193	328.86567
M185	32	1	545.52256	308.26119	643.67471	291.58955
M185	33	0	337.33788	396.24627	451.94334	378.90299
M185	33	1	465.94229	375.42537	565.43757	360.09701
M185	34	0	949.13326	373.00746	1045.70724	353.00746
M185	34	1	918.57712	372.67164	1010.45016	354.68657
M185	35	0	1247.67786	374.49254	1380.91081	358.76119
M185	35	1	1348.41238	377.85075	1490.71144	359.76866
M185	36	0	448.83211	394.42537	635.45435	384.71642
M185	36	1	411.56034	391.40299	602.88353	378.67164
M185	37	0	189.38090	553.23881	239.50577	518.69403
M185	37	1	115.50892	538.12687	179.06506	503.58209
M185	38	0	180.65058	574.15672	239.74816	538.00746
M185	38	1	56.07555	593.97015	125.91815	552.78358
M185	39	0	979.13956	626.64179	934.81637	602.46269
M185	39	1	775.65582	564.17910	751.47954	535.97015
M185	40	0	368.68835	552.08955	433.15845	519.85075
M185	40	1	191.39559	519.85075	284.07135	491.64179
M185	41	0	993.24239	709.25373	958.99265	685.07463
M185	41	1	817.96432	660.89552	807.89087	630.67164
M185	42	0	1100.02099	697.16418	1051.66842	679.02985
M185	42	1	908.62539	652.83582	866.31689	626.64179
M185	43	0	936.83106	826.11940	610.45121	769.70149
M185	43	1	1873.66212	582.31343	1692.33998	562.16418
M185	44	0	507.70199	550.07463	433.15845	517.83582
M185	44	1	1198.74082	330.44776	1037.56558	290.14925
M185	45	0	1116.13851	783.80597	739.39140	733.43284
M185	45	1	215.57188	461.41791	114.83736	425.14925
M185	46	0	991.86359	748.14925	904.22455	718.64925
M185	46	1	879.37671	710.20149	822.96537	676.67164
M185	47	0	924.44491	689.64179	912.27072	669.58209
M185	47	1	869.04092	688.97015	869.29066	663.20149
M185	48	0	925.87618	631.84328	988.04302	613.94030
M185	48	1	987.32424	635.53731	1059.22875	622.00000
M185	49	0	1596.22141	647.50000	1683.08395	649.49254
M185	49	1	1468.96013	609.21642	1542.72718	602.47761
M185	50	0	576.36936	423.90299	717.69255	406.67910
M185	50	1	646.88353	424.57463	779.14061	409.02985
M185	51	0	766.67051	386.39552	874.85414	369.09701
M185	51	1	821.73872	359.52985	927.57188	342.23134
M185	52	0	1257.16684	415.07463	1212.84365	378.80597
M185	52	1	1468.70934	290.14925	1398.19517	247.83582
M185	53	0	906.61070	562.16418	870.34627	535.97015
M185	53	1	1128.22665	540.00000	1043.60965	513.80597
M185	54	0	1541.23820	499.70149	1607.72298	491.64179
M185	54	1	1702.41343	491.64179	1770.91291	479.55224
M185	55	0	1428.13641	398.38060	1509.03568	372.56716
M185	55	1	1575.88038	394.01493	1649.39244	368.87313
M185	56	0	1040.08709	432.60448	1107.24659	411.87313
M185	56	1	1105.90031	409.76866	1181.11857	389.03731
M185	57	0	1428.43022	530.47761	1521.45960	518.46269
M185	57	1	1487.86359	515.36567	1588.61595	502.34328
M185	58	0	1484.72298	374.76866	1606.84680	352.27612
M185	58	1	1548.18573	364.69403	1683.40504	337.83582
M185	59	0	994.16999	381.50746	1093.00839	366.04478
M185	59	1	914.58972	354.64179	1016.45016	335.82090
M185	60	0	693.05352	421.11940	676.93599	392.91045
M185	60	1	1253.13746	402.98507	1228.96118	376.79104
M186	0	0	613.78005	263.57542	570.23802	250.62291
M186	0	1	556.08955	273.37989	508.39984	260.42737
M186	1	0	84.46190	556.90223	107.08562	543.31285
M186	1	1	24.13197	533.89944	49.01807	518.80168
M186	2	0	377.02357	589.21788	395.04006	588.37989
M186	2	1	415.10683	558.29609	441.79576	561.22905
M186	3	0	204.74470	548.82123	248.48390	536.47765
M186	3	1	143.28358	519.78492	182.87510	504.04749
M186	4	0	637.98900	678.77095	542.96936	695.36313
M186	4	1	564.08484	678.77095	467.55695	692.34637
M186	5	0	305.15397	494.65363	351.25216	493.65363
M186	5	1	417.51846	518.78771	459.84603	520.80447
M186	6	0	680.64886	572.68994	621.35350	583.50838
M186	6	1	635.40141	551.19553	566.30244	558.62011
M186	7	0	558.48075	599.46369	464.11862	603.11732
M186	7	1	497.01964	568.54190	403.41163	567.67039
M186	8	0	292.30401	579.63966	294.45169	572.21229
M186	8	1	228.58052	572.85196	228.84289	572.21229
M186	9	0	475.82875	460.23184	516.27180	458.68715
M186	9	1	454.71328	464.37989	495.53339	464.34358
M186	10	0	1250.33778	619.94413	1123.64493	657.65363
M186	10	1	565.59309	467.59777	392.14454	478.15642
M186	11	0	689.26944	627.48603	636.48075	648.60335
M186	11	1	1028.62529	583.74302	1007.50982	607.87709
M186	12	0	545.67793	522.53911	611.94187	532.49441
M186	12	1	643.33700	508.20950	709.22388	525.70670
M186	13	0	506.07463	709.31006	406.22231	723.54190
M186	13	1	428.39984	717.22905	331.94108	725.80447
M186	14	0	470.61115	335.28771	472.51375	324.48883
M186	14	1	705.14375	367.34078	705.53810	373.51117
M186	15	0	963.77062	595.81006	990.91909	622.96089
M186	15	1	742.05813	555.08380	739.04163	570.16760
M186	16	0	609.33229	561.11732	600.28280	559.60894
M186	16	1	380.07855	511.34078	352.93009	500.78212
M186	17	0	1505.23174	760.22346	1472.05027	852.23464
M186	17	1	900.42419	781.34078	797.86332	849.21788
M186	18	0	618.38178	72.40223	603.29929	57.31844
M186	18	1	1070.85625	137.26257	1122.13668	126.70391
M186	19	0	630.44776	274.52514	521.85389	270.00000
M186	19	1	974.32836	324.30168	1018.06756	324.30168
M186	20	0	900.42419	600.33520	972.82011	625.97765
M186	20	1	666.64572	601.84358	675.69521	610.89385
M186	21	0	152.33307	436.31285	171.94030	420.42737
M186	21	1	127.44698	421.60615	146.30008	407.22905
M188	0	0	787.74397	495.67164	711.18573	485.59701
M188	0	1	449.27597	453.35821	364.65897	443.28358
M188	1	0	529.86359	580.29851	419.05561	560.14925
M188	1	1	173.26338	592.38806	98.71983	596.41791
M188	2	0	1664.13431	785.82090	1480.79748	733.43284
M188	2	1	1297.46065	795.89552	1106.06506	745.52239
M188	3	0	1845.45645	658.88060	1629.88458	586.34328
M188	3	1	1361.93075	552.08955	1172.54984	503.73134
M188	4	0	1623.84050	449.32836	1422.37146	384.85075
M188	4	1	1255.15215	465.44776	1013.38930	421.11940
M188	5	0	1772.92760	326.41791	1555.34103	243.80597
M188	5	1	1349.84260	318.35821	1138.30010	253.88060
M188	6	0	1730.61910	439.25373	1563.39979	360.67164
M188	6	1	1341.78384	449.32836	1170.53515	402.98507
M188	7	0	1734.64848	618.58209	1555.34103	546.04478
M188	7	1	1353.87198	544.02985	1154.41763	491.64179
M188	8	0	1708.45750	801.94030	1539.22350	755.59701
M188	8	1	1380.06296	791.86567	1204.78489	749.55224
M188	9	0	1857.54460	535.97015	1654.06086	461.41791
M188	9	1	1392.15110	584.32836	1198.74082	531.94030
M188	10	0	161.17524	566.19403	185.35152	574.25373
M188	10	1	1073.83001	419.10448	1041.59496	380.82090
M188	11	0	1156.93179	771.74254	1073.01259	735.26866
M188	11	1	1079.36621	747.05970	1012.57188	713.10448
M188	12	0	1778.97167	843.92537	1667.14481	797.94776
M188	12	1	1686.29591	860.04478	1575.98006	815.57836
M188	13	0	1023.03148	750.98507	943.50577	719.53358
M188	13	1	1076.42078	732.34701	1007.97587	702.40672
M188	14	0	1625.85519	689.10448	1573.47324	632.68657
M188	14	1	1337.75446	578.28358	1323.65163	531.94030
M188	15	0	1190.68206	876.49254	763.56768	826.11940
M188	15	1	215.57188	606.49254	24.17629	604.47761
M188	16	0	1120.16789	503.73134	1071.81532	467.46269
M188	16	1	1323.65163	503.73134	1307.53410	449.32836
M188	17	0	1126.21196	550.07463	1055.69780	507.76119
M188	17	1	1436.47429	415.07463	1341.78384	348.58209
M188	18	0	1321.63694	668.95522	1259.18153	644.77612
M188	18	1	918.69885	693.13433	793.78804	662.91045
M193	0	0	1104.98006	701.94776	1345.14900	686.55597
M193	0	1	1162.90241	719.07463	1411.13012	712.75000
M193	1	0	1785.01574	527.91045	1742.70724	509.77612
M193	1	1	880.41973	584.32836	757.52361	531.94030
M193	2	0	693.78909	716.02239	959.96537	671.49627
M193	2	1	774.88038	705.94776	1042.06401	669.48134
M193	3	0	1651.54250	600.85821	1643.98741	592.38806
M193	3	1	1730.61910	597.83582	1742.70724	596.41791
M193	4	0	1137.30745	823.04851	1043.56453	792.27985
M193	4	1	1209.83631	830.60448	1121.63379	805.37687
M193	5	0	782.13851	572.69776	896.14900	524.98507
M193	5	1	818.40294	562.11940	938.45750	517.42910
M193	6	0	1567.33893	1000.91418	1420.68206	1025.09328
M193	6	1	1653.97062	976.73507	1514.86884	1004.94403
M193	7	0	1537.11857	856.34328	1421.18573	866.92164
M193	7	1	1587.48583	860.87687	1469.03463	870.44776
M193	8	0	1501.87723	807.07463	1350.67261	805.48881
M193	8	1	1556.77754	835.28358	1393.48478	839.23881
M193	9	0	1635.35047	768.79104	1538.03882	782.31716
M193	9	1	1698.30955	798.00746	1613.08604	817.57836
M193	10	0	847.14166	566.60821	940.16369	521.50373
M193	10	1	911.10808	582.22388	1001.61175	546.18657
M193	11	0	761.26653	721.53358	974.73662	677.50373
M193	11	1	673.12382	736.64552	879.54250	689.08955
M193	12	0	850.19937	437.23881	987.19832	384.85075
M193	12	1	487.55509	437.23881	624.55404	374.77612
M193	13	0	940.86044	584.32836	1049.65373	546.04478
M193	13	1	626.56873	507.76119	739.39140	449.32836
M193	14	0	1011.37461	727.38806	1168.52046	703.20896
M193	14	1	701.11228	701.19403	854.22875	660.89552
M193	15	0	1148.37356	602.46269	1347.82791	584.32836
M193	15	1	930.78699	592.38806	1098.00630	556.11940
M193	16	0	1245.07870	707.23881	1436.47429	695.14925
M193	16	1	1029.50682	713.28358	1172.54984	695.14925
M193	17	0	1017.41868	628.65672	1160.46170	600.44776
M193	17	1	723.27387	644.77612	854.22875	592.38806
M193	18	0	1417.80693	796.14179	1553.78909	806.96269
M193	18	1	1456.58972	796.14179	1602.64533	810.99254
M193	19	0	797.84365	729.51866	1051.09024	692.54104
M193	19	1	862.81742	738.58582	1115.56034	707.65299
M193	20	0	499.64323	519.85075	672.90661	461.41791
M193	20	1	147.07240	463.43284	346.52676	392.91045
M193	21	0	255.52781	768.58582	425.21196	683.44403
M193	21	1	323.01994	768.58582	482.63064	685.45896
M193	22	0	1550.67471	821.91045	1684.28122	854.32836
M193	22	1	1641.83945	844.57836	1801.13326	882.53731
M193	23	0	1258.65897	771.47761	1429.94334	766.00746
M193	23	1	1333.70619	785.58209	1498.44281	790.18657
M193	24	0	946.90451	997.38806	701.11228	932.91045
M193	24	1	1805.16264	866.41791	1686.29591	904.70149
M202	0	0	981.15425	531.94030	729.31794	580.29851
M202	0	1	185.35152	316.34328	68.49948	302.23881
M202	1	0	209.52781	213.58209	300.18888	203.50746
M202	1	1	350.55614	278.05970	437.18783	278.05970
M202	2	0	697.08290	521.86567	652.75971	537.98507
M202	2	1	1136.28541	932.91045	1031.52151	1027.61194
M202	3	0	967.05142	801.94030	874.37566	844.25373
M202	3	1	106.77859	566.19403	58.42602	548.05970
M202	4	0	979.13956	594.40299	703.12697	608.50746
M202	4	1	288.10073	356.64179	185.35152	332.46269
M202	5	0	719.24449	552.08955	429.12907	556.11940
M202	5	1	457.33473	364.70149	193.41028	348.58209
M202	6	0	350.55614	199.47761	171.24869	187.38806
M202	6	1	670.89192	340.52239	483.52571	336.49254
M202	7	0	419.05561	535.97015	368.68835	533.95522
M202	7	1	314.29171	445.29851	290.11542	437.23881
M202	8	0	616.49528	523.88060	598.36306	533.95522
M202	8	1	505.68730	477.53731	499.64323	481.56716
M202	9	0	396.89402	227.68657	132.96957	235.74627
M202	9	1	471.43757	308.28358	229.67471	312.31343
M202	10	0	558.06925	316.34328	495.61385	310.29851
M202	10	1	384.80588	292.16418	312.27702	278.05970
M202	11	0	570.15740	449.32836	491.58447	469.47761
M202	11	1	761.55299	602.46269	693.05352	628.65672
M211	0	0	115.31584	274.77985	202.98006	327.63060
M211	0	1	156.11333	254.63060	237.22980	311.00746
M211	1	0	88.14271	590.54851	254.85834	616.10448
M211	1	1	16.62120	574.93284	180.31480	602.50373
M211	2	0	327.14586	490.42164	456.35152	525.94776
M211	2	1	460.11542	507.04478	585.29171	537.53358
M211	3	0	979.13956	578.28358	840.12592	622.61194
M211	3	1	1680.25184	318.35821	1490.87093	344.55224
M211	4	0	668.87723	717.31343	465.39349	747.53731
M211	4	1	1353.87198	566.19403	1144.34418	622.61194
M211	5	0	218.09024	800.11194	268.96118	817.03731
M211	5	1	146.06506	781.97761	200.46170	798.39925
M211	6	0	618.60860	752.61567	688.04197	784.08209
M211	6	1	560.68625	740.52612	627.60126	768.46642
M211	7	0	551.60441	775.82836	613.37671	806.21642
M211	7	1	484.61595	751.14552	552.43232	776.49627
M217	0	0	658.93179	705.53358	736.56768	693.93284
M217	0	1	609.57188	701.00000	687.71144	685.36940
M217	1	0	608.38405	656.53358	687.36201	645.33209
M217	1	1	557.51312	667.61567	640.52046	657.42164
M217	2	0	995.72613	660.51866	1037.72613	633.38060
M217	2	1	956.94334	658.00000	1005.99475	630.86194
M217	3	0	951.90661	646.91791	991.89192	622.29851
M217	3	1	903.55404	642.38433	949.07975	617.26119
M217	4	0	754.11228	592.69776	758.92865	574.13433
M217	4	1	832.68520	570.53358	824.90976	549.45149
M217	5	0	993.20776	761.08955	1030.61595	731.02985
M217	5	1	1061.70724	742.95522	1098.61175	714.40672
M217	6	0	811.92025	721.34328	701.11228	695.14925
M217	6	1	1134.27072	741.49254	1043.60965	707.23881
M217	7	0	602.48688	702.88060	618.84365	689.02985
M217	7	1	536.00210	695.82836	553.86988	682.98507
M217	8	0	554.89507	679.50373	632.39874	668.08955
M217	8	1	496.97272	677.99254	573.46905	669.60075
M217	9	0	387.59706	860.20896	260.39874	841.60075
M217	9	1	291.89927	832.50373	160.67156	815.91045
M217	10	0	1582.42497	861.91045	1586.83631	825.98507
M217	10	1	1681.64848	898.68284	1678.50472	856.71269
M217	11	0	914.66946	816.04478	356.60021	775.74627
M217	11	1	856.24344	517.83582	382.79119	489.62687
M217	12	0	726.63379	871.64552	596.08919	839.98507
M217	12	1	641.51312	878.19403	522.04932	854.59328
M217	13	0	583.92865	892.50373	450.33683	865.23134
M217	13	1	743.59286	902.57836	601.94229	875.80970
M217	14	0	611.59706	806.32090	588.47219	786.15672
M217	14	1	541.08290	747.38433	518.46170	731.25000
M_218	0	0	1589.59077	884.55224	1496.91501	846.26866
M_218	0	1	1660.10493	900.67164	1563.39979	864.40299
M_218	1	0	511.49108	949.00000	326.89297	919.41791
M_218	1	1	445.34208	945.64179	258.39349	917.06716
M_218	2	0	659.10388	783.16418	626.19937	762.67164
M_218	2	1	582.20986	734.13433	548.29801	720.35821
M_218	3	0	169.90556	446.05224	150.09444	462.63433
M_218	3	1	96.03358	459.48507	84.28122	478.08209
M_218	4	0	338.73347	670.08209	93.01154	661.29104
M_218	4	1	252.10178	607.61940	1.67891	608.56716
M_218	5	0	1007.96957	748.60448	1063.67786	718.28358
M_218	5	1	1070.42497	752.63433	1129.82686	723.99254
M_218	6	0	1332.32004	782.00746	1427.96222	743.38060
M_218	6	1	1379.32949	771.26119	1481.01574	734.64925
M_218	7	0	1534.97692	802.75373	1652.51836	760.50746
M_218	7	1	1581.31480	796.37313	1705.90766	755.13433
M_218	8	0	514.16264	951.99254	366.46170	921.40299
M_218	8	1	452.04302	946.95522	327.17524	916.36567
M_218	9	0	803.86149	533.95522	592.31899	513.80597
M_218	9	1	1243.06401	650.82090	1075.84470	618.58209
M_218	10	0	799.83211	723.35821	699.09759	711.26866
M_218	10	1	624.55404	558.13433	564.11333	550.07463
M_218	11	0	1605.11123	275.71642	1468.37356	202.34328
M_218	11	1	1536.61175	298.21642	1405.58237	234.58209
M_218	12	0	699.09759	535.97015	370.70304	515.82090
M_218	12	1	1609.73767	415.07463	1309.54879	346.56716
M_218	13	0	979.13956	537.98507	521.80483	509.77612
M_218	13	1	1490.87093	763.65672	1299.47534	719.32836
M_218	14	0	668.87723	203.50746	497.62854	203.50746
M_218	14	1	973.09549	211.56716	854.22875	179.32836
M_218	15	0	151.10178	439.25373	28.20567	459.40299
M_218	15	1	326.37985	425.14925	211.54250	423.13433
M_218	16	0	1915.97062	481.56716	1724.57503	407.01493
M_218	16	1	1410.28332	427.16418	1212.84365	368.73134
M_218	17	0	1454.60651	286.11940	1232.99056	217.61194
M_218	17	1	1073.83001	86.64179	803.86149	54.40299
M_218	18	0	1065.77125	544.02985	926.75761	511.79104
M_218	18	1	737.37671	471.49254	552.02518	459.40299
M_218	19	0	854.22875	360.67164	654.77440	338.50746
M_218	19	1	556.05456	157.16418	267.95383	173.28358
M_218	20	0	882.43442	126.94030	676.93599	118.88060
M_218	20	1	439.20252	6.04478	221.61595	22.16418
M_222	0	0	1687.04302	748.43284	1679.61175	695.36567
M_222	0	1	1753.86359	703.43284	1757.51312	638.61194
M_222	1	0	1739.01364	707.72388	1835.38300	646.41045
M_222	1	1	1779.30745	704.70149	1880.04197	641.03731
M_222	2	0	1143.02833	858.01493	967.89612	814.81343
M_222	2	1	1186.34418	850.62687	1014.90556	807.42537
M_222	3	0	1566.30535	582.38060	1537.72193	519.11940
M_222	3	1	1644.54250	583.05224	1618.98111	515.08955
M_222	4	0	1291.41658	580.29851	1297.46065	540.00000
M_222	4	1	1130.24134	562.16418	1132.25603	521.86567
M_222	5	0	819.97901	769.70149	586.27492	727.38806
M_222	5	1	1247.09339	743.50746	1033.53620	707.23881
M_222	6	0	654.77440	675.00000	624.55404	640.74627
M_222	6	1	441.21721	652.83582	400.92340	638.73134
M_224	0	0	819.66317	980.26119	715.50892	937.44403
M_224	0	1	757.71144	990.83955	641.97272	946.51119
M_224	1	0	1458.63589	822.08955	1357.90136	822.08955
M_224	1	1	507.70199	580.29851	261.90976	535.97015
M_224	2	0	1340.37356	900.60821	1314.85519	903.09701
M_224	2	1	1448.15950	891.54104	1400.98321	893.02239
M_224	3	0	1434.05666	960.55224	1323.92130	963.04104
M_224	3	1	1533.28017	980.19776	1410.55299	984.70149
M_224	4	0	1176.88772	800.98507	1308.34732	801.48881
M_224	4	1	1127.52781	794.43657	1253.44701	792.42164
M_224	5	0	662.41763	846.26866	699.00525	814.14179
M_224	5	1	1124.78909	865.41045	1167.42078	858.47015
M_224	6	0	1428.41553	896.64179	1343.79853	904.70149
M_224	6	1	1045.62434	832.16418	956.97796	801.94030
M_224	7	0	1603.69360	928.88060	1519.07660	938.95522
M_224	7	1	1327.68101	822.08955	1279.32844	826.11940
M_224	8	0	1070.09234	679.08209	1164.82791	669.96269
M_224	8	1	1224.21616	705.27612	1306.86359	696.15672
M_224	9	0	982.27387	828.99254	927.16684	803.56343
M_224	9	1	916.29276	862.23881	846.07555	830.26119
M_224	10	0	1732.63379	994.36567	1606.89087	1006.95896
M_224	10	1	1578.00630	1026.10075	1447.73033	1029.12313
M_224	11	0	527.84890	711.26866	596.34837	677.01493
M_224	11	1	642.68625	741.49254	699.09759	709.25373
M_224	12	0	725.28856	862.38806	753.49423	826.11940
M_224	12	1	824.00839	850.29851	846.16999	822.08955
M_224	13	0	1216.87303	828.13433	1251.12277	832.16418
M_224	13	1	1309.54879	807.98507	1351.85729	803.95522
M_233	0	0	1269.94501	641.06145	1352.89866	635.02793
M_233	0	1	1729.96072	835.64246	1843.07934	829.60894
M_233	1	0	1342.34093	776.81564	1423.78633	793.40782
M_233	1	1	844.61901	487.20670	876.29222	508.32402
M_233	2	0	1429.81932	555.08380	1413.22859	547.54190
M_233	2	1	659.10448	176.48045	438.90024	220.22346
M_233	3	0	1165.87588	1045.30726	892.88295	1027.20670
M_233	3	1	613.85703	366.53631	574.64258	393.68715
M_233	4	0	1105.54595	849.21788	1063.31500	843.18436
M_233	4	1	1610.80911	844.69274	1660.58130	841.67598
M_233	5	0	996.95208	653.12849	811.43755	659.16201
M_233	5	1	144.79183	12.06704	113.11862	108.60335
M_233	6	0	1223.18932	330.33520	1015.05106	298.65922
M_233	6	1	1793.30715	108.60335	1788.78240	3.01676
M_233	7	0	1221.68107	447.98883	1469.03378	432.90503
M_233	7	1	1315.19246	467.59777	1570.08641	454.02235
M_233	8	0	459.49882	355.11453	687.44933	404.05028
M_233	8	1	537.55067	353.60615	755.32050	392.73743
M_233	9	0	843.11076	764.74860	591.23331	760.22346
M_233	9	1	601.79104	561.11732	218.69599	567.15084
M_233	10	0	250.36921	455.53073	199.08877	506.81564
M_233	10	1	656.08798	556.59218	616.87353	562.62570
M_233	11	0	628.93951	660.67039	594.24980	677.26257
M_233	11	1	847.63551	669.72067	825.01178	677.26257
M_233	12	0	705.86017	683.29609	541.46112	686.31285
M_233	12	1	437.39199	553.57542	146.30008	559.60894
M_233	13	0	1576.11940	570.16760	1763.14218	541.50838
M_233	13	1	1452.44305	506.81564	1610.80911	487.20670
M_233	14	0	1758.61744	1016.64804	1796.32364	1028.71508
M_233	14	1	1443.39356	761.73184	1461.49254	751.17318
M_233	15	0	1615.33386	366.53631	1793.30715	312.23464
M_233	15	1	1429.81932	263.96648	1556.51218	214.18994
M_233	16	0	1342.34093	671.22905	1244.30479	653.12849
M_233	16	1	726.97565	613.91061	505.26316	625.97765
M_233	17	0	1321.33700	187.14246	1378.33700	153.85475
M_233	17	1	1241.77690	129.06983	1301.79340	104.45531
M_233	18	0	1544.79654	268.49721	1698.18932	214.75698
M_233	18	1	1462.97408	227.01676	1600.90731	173.65363
M_233	19	0	1333.26787	714.45531	1287.85860	708.06425
M_233	19	1	1462.22310	745.00000	1419.45326	735.96927
M_233	20	0	1459.20660	803.07263	1427.37156	794.04190
M_233	20	1	1549.32443	788.36592	1545.76905	778.95810
M_239	0	0	602.39244	590.37313	507.70199	618.58209
M_239	0	1	318.32109	517.83582	201.46905	554.10448
M_239	1	0	1778.97167	578.28358	1561.38510	636.71642
M_239	1	1	243.77754	310.29851	120.88143	370.74627
M_239	2	0	1263.21091	588.35821	1130.24134	630.67164
M_239	2	1	890.49318	701.19403	765.58237	735.44776
M_239	3	0	564.11333	942.98507	400.92340	957.08955
M_239	3	1	910.64008	894.62687	775.65582	932.91045
M_239	4	0	1128.22665	894.62687	993.24239	934.92537
M_239	4	1	1450.57712	902.68657	1279.32844	969.17910
M_239	5	0	1434.45960	703.20896	1311.56348	759.62687
M_239	5	1	1766.88353	648.80597	1603.69360	711.26866
M_239	6	0	626.56873	894.62687	519.79014	914.77612
M_239	6	1	308.24764	940.97015	225.64533	945.00000
M_239	7	0	1476.76810	810.00000	1494.90031	864.40299
M_239	7	1	1194.71144	797.91045	1186.65268	844.25373
M_239	8	0	664.84785	685.07463	570.15740	703.20896
M_239	8	1	284.07135	769.70149	239.74816	781.79104
M_239	9	0	991.22770	467.46269	753.49423	509.77612
M_239	9	1	417.04092	485.59701	132.96957	527.91045
M_239	10	0	1654.06086	807.98507	1682.26653	860.37313
M_239	10	1	1365.96013	777.76119	1367.97482	834.17910
M_239	11	0	1448.56243	864.40299	1434.45960	918.80597
M_239	11	1	1652.04617	818.05970	1696.36936	882.53731
M_239	12	0	1863.58867	824.10448	1823.29486	900.67164
M_239	12	1	1428.41553	820.07463	1386.10703	876.49254
M_239	13	0	1670.17838	636.71642	1601.67891	699.17910
M_239	13	1	1303.50472	670.97015	1245.07870	711.26866
M_239	14	0	606.42183	596.41791	791.77335	636.71642
M_239	14	1	1065.77125	475.52239	1243.06401	497.68657
M_240	0	0	953.18048	346.97761	1159.14376	351.06716
M_240	0	1	1038.80483	356.04478	1244.76810	355.09701
M_240	1	0	894.66527	487.93284	1005.60651	490.76119
M_240	1	1	951.07660	461.73881	1058.99580	468.59701
M_240	2	0	484.88877	406.29851	597.96222	440.38806
M_240	2	1	547.00839	391.52239	660.75341	423.26119
M_240	3	0	1339.76915	832.16418	1059.72718	814.02985
M_240	3	1	509.71668	278.05970	344.51207	322.38806
M_240	4	0	979.13956	257.91045	1120.16789	261.94030
M_240	4	1	1382.07765	197.46269	1515.04722	155.14925
M_240	5	0	1496.91501	544.02985	1428.41553	507.76119
M_240	5	1	588.28961	243.80597	344.51207	282.08955
M_240	6	0	1166.50577	407.01493	1235.00525	396.94030
M_240	6	1	983.16894	370.74627	1021.44806	370.74627
M_240	7	0	854.22875	352.61194	882.43442	362.68657
M_240	7	1	614.48059	270.00000	622.53935	306.26866
M_240	8	0	214.79014	423.42537	284.23820	474.40299
M_240	8	1	135.54565	395.88806	203.31480	454.58955
M_240	9	0	1470.72403	423.13433	1527.13536	384.85075
M_240	9	1	1855.52991	421.11940	1913.95593	356.64179
M_240	10	0	1674.20776	322.38806	1587.57608	249.85075
M_240	10	1	1196.72613	215.59701	1142.32949	199.47761
M_240	11	0	1069.80063	366.71642	1019.43337	362.68657
M_240	11	1	660.81847	336.49254	612.46590	364.70149
M_240	12	0	872.36097	316.34328	856.24344	330.44776
M_240	12	1	473.45226	265.97015	457.33473	314.32836
M_240	13	0	427.11438	586.34328	147.07240	612.53731
M_240	13	1	1126.21196	437.23881	1009.35992	427.16418
M_240	14	0	1343.79853	735.44776	1110.09444	681.04478
M_240	14	1	237.73347	509.77612	173.26338	544.02985
M_241	0	0	1492.88562	668.95522	1579.51731	681.04478
M_241	0	1	1283.35782	681.04478	1369.98951	691.11940
M_241	1	0	1454.60651	761.64179	1504.97377	765.67164
M_241	1	1	1232.99056	743.50746	1257.16684	747.53731
M_241	2	0	1269.25498	797.91045	1317.60756	803.95522
M_241	2	1	1073.83001	820.07463	1085.91815	818.05970
M_241	3	0	1478.78279	850.29851	1472.73872	866.41791
M_241	3	1	1176.57922	858.35821	1180.60860	866.41791
M_241	4	0	1527.13536	679.02985	1517.06191	693.13433
M_241	4	1	1249.10808	739.47761	1235.00525	747.53731
M_241	5	0	1009.35992	765.67164	1007.34523	761.64179
M_241	5	1	735.36201	812.01493	735.36201	807.98507
M_241	6	0	900.56663	918.80597	878.40504	920.82090
M_241	6	1	598.36306	1013.50746	576.20147	985.29851
M_241	7	0	1465.55719	924.63806	1492.94334	947.51866
M_241	7	1	1531.53830	912.04478	1568.49423	938.45149
M_241	8	0	621.93914	967.16418	727.31060	953.56343
M_241	8	1	578.62329	963.63806	692.05352	948.52612
M_241	9	0	1066.77754	943.99254	1148.19307	951.57090
M_241	9	1	1033.03148	947.51866	1113.94334	953.08209
M_241	10	0	1293.72613	924.13433	1380.47954	943.99254
M_241	10	1	1253.43232	930.68284	1345.22246	947.51866
M_241	11	0	523.85834	967.66791	643.58237	949.18657
M_241	11	1	452.84050	967.66791	581.12697	946.16418
M_241	12	0	1013.85834	938.08955	1088.09339	944.14925
M_241	12	1	977.59391	932.54851	1047.29591	936.59328
M_241	13	0	1277.16369	806.00746	1402.74082	820.09701
M_241	13	1	1320.47954	789.38433	1443.03463	799.94776
M_241	14	0	1188.66737	1009.47761	1005.33054	1009.47761
M_241	14	1	1559.37041	878.50746	1488.85624	902.68657
M_241	15	0	1128.22665	832.16418	1206.79958	844.25373
M_241	15	1	564.11333	779.77612	656.78909	749.55224
M_241	16	0	1770.91291	985.29851	1525.12067	1007.46269
M_241	16	1	1291.41658	842.23881	1168.52046	840.22388
M_250	0	0	1273.28437	822.08955	858.25813	882.53731
M_250	0	1	598.36306	654.85075	421.07030	693.13433
M_250	1	0	328.39454	572.23881	308.24764	610.52239
M_250	1	1	539.93704	517.83582	543.96642	556.11940
M_250	2	0	447.26128	572.23881	233.70409	628.65672
M_250	2	1	761.55299	562.16418	606.42183	610.52239
M_250	3	0	977.12487	666.94030	884.44911	715.29851
M_250	3	1	1116.13851	616.56716	1065.77125	668.95522
M_250	4	0	1408.26863	717.31343	1311.56348	771.71642
M_250	4	1	1583.54669	683.05970	1553.32634	739.47761
M_250	5	0	1579.51731	729.40299	1557.35572	785.82090
M_250	5	1	1829.33893	715.29851	1853.51522	775.74627
M_250	6	0	638.65687	816.04478	463.37880	856.34328
M_250	6	1	868.33158	763.65672	757.52361	803.95522
M_250	7	0	479.49633	1003.43284	76.55824	1025.59701
M_250	7	1	560.08395	844.25373	360.62959	860.37313
M_255	0	0	699.00525	427.70522	844.78489	445.88806
M_255	0	1	659.21511	414.60821	801.97272	437.82836
M_255	1	0	732.75131	439.79478	928.39454	455.96269
M_255	1	1	762.46800	447.85448	958.61490	463.01493
M_255	2	0	795.43966	523.48881	954.20042	536.12687
M_255	2	1	855.88038	530.54104	1001.54565	540.66045
M_255	3	0	367.51312	403.52612	603.79328	446.43657
M_255	3	1	396.72613	405.54104	622.93284	447.94776
M_255	4	0	104.76390	521.94776	200.82581	568.01493
M_255	4	1	202.98006	530.00746	284.93914	568.01493
M_255	5	0	55.90766	523.93284	189.38090	569.08209
M_255	5	1	110.80797	530.98507	242.77020	574.11940
M_255	6	0	710.48688	647.58582	790.07870	659.12687
M_255	6	1	663.14166	640.02985	749.78489	652.57836
M_255	7	0	223.63064	681.04478	195.42497	701.19403
M_255	7	1	126.92550	705.22388	114.83736	719.32836
M_255	8	0	1112.10913	614.55224	1130.24134	602.46269
M_255	8	1	1488.85624	566.19403	1500.94439	537.98507
M_255	9	0	370.33578	696.61567	475.90241	713.60821
M_255	9	1	281.68940	688.55597	398.33683	706.55597
M_255	10	0	478.60126	610.05597	573.68940	633.10075
M_255	10	1	524.43547	622.14552	618.51626	642.67164
M_255	11	0	405.77754	530.66045	568.90976	563.23881
M_255	11	1	530.18468	491.87313	680.72508	523.44403
M_255	12	0	692.42812	396.10821	891.80693	419.38433
M_255	12	1	599.24869	390.56716	792.58342	417.36940
M_255	13	0	223.12697	666.99627	68.49948	679.02985
M_255	13	1	345.01574	664.98134	179.30745	672.98507
M_255	14	0	298.17419	606.78358	365.52781	636.00000
M_255	14	1	343.50472	629.45149	411.86569	653.63060
M_255	15	0	1053.28122	697.70522	1125.50157	699.20149
M_255	15	1	1007.44701	678.05970	1090.24449	680.56343
M_255	16	0	94.69045	320.37313	116.85205	388.88060
M_255	16	1	16.11752	312.31343	48.35257	386.86567
M_255	17	0	383.01679	443.56343	480.39140	484.03731
M_255	17	1	325.59811	444.57090	419.95068	484.03731
M_255	18	0	1549.52046	410.34701	1779.97901	363.57090
M_255	18	1	1577.72613	406.31716	1817.25079	357.02239
M_255	19	0	1192.69675	447.31343	1339.76915	431.19403
M_255	19	1	940.86044	388.88060	1025.47744	396.94030
M_255	20	0	1265.22560	654.85075	1363.94544	654.85075
M_255	20	1	1690.32529	634.70149	1795.08919	608.50746
M_255	21	0	890.91710	665.85821	1000.98321	674.95522
M_255	21	1	787.66422	663.84328	892.69360	678.98507
M257	0	0	1335.73977	302.23881	570.15740	314.32836
M257	0	1	1343.79853	384.85075	582.24554	396.94030
M257	1	0	439.20252	46.34328	189.38090	26.19403
M257	1	1	1235.00525	689.10448	860.27282	737.46269
M257	2	0	1369.98951	838.20896	963.02204	928.88060
M257	2	1	545.98111	10.07463	159.16055	0.00000
M257	3	0	707.15635	265.97015	437.18783	261.94030
M257	3	1	1746.73662	556.11940	1658.09024	622.61194
M257	4	0	503.67261	922.83582	217.58657	940.97015
M257	4	1	1436.47429	705.22388	1220.90241	777.76119
M257	5	0	791.77335	455.37313	695.06821	469.47761
M257	5	1	1303.50472	435.22388	1251.12277	465.44776
M257	6	0	515.76076	521.86567	217.58657	511.79104
M257	6	1	1533.17943	221.64179	1390.13641	173.28358
M257	7	0	338.46800	102.76119	163.18993	74.55224
M257	7	1	1406.25393	324.40299	1218.88772	328.43284
M269	0	0	163.69360	869.97015	400.86988	774.43657
M269	0	1	235.21511	884.07463	466.85100	792.57090
M269	1	0	433.15845	999.40299	541.95173	906.71642
M269	1	1	541.95173	989.32836	662.83316	914.77612
M269	2	0	197.43966	953.05970	402.93809	842.23881
M269	2	1	408.98216	975.22388	588.28961	902.68657
M269	3	0	523.81952	1039.70149	376.74711	949.02985
M269	3	1	1541.23820	810.00000	1625.85519	830.14925
M269	4	0	1158.44701	227.68657	755.50892	159.17910
M269	4	1	1805.16264	580.29851	1785.01574	596.41791
M269	5	0	1087.93284	828.13433	1265.22560	812.01493
M269	5	1	1430.43022	801.94030	1676.22246	820.07463
M269	6	0	1744.72193	719.32836	1873.66212	763.65672
M269	6	1	1408.26863	727.38806	1543.25289	731.41791
M269	7	0	1005.33054	761.64179	1188.66737	733.43284
M269	7	1	552.02518	685.07463	737.37671	624.62687
M269	8	0	1170.53515	616.56716	1428.41553	604.47761
M269	8	1	721.25918	550.07463	958.99265	513.80597
M269	9	0	342.49738	707.23881	265.93914	624.62687
M269	9	1	1567.42917	519.85075	1577.50262	499.70149
M269	10	0	830.05247	701.19403	848.18468	654.85075
M269	10	1	296.15950	699.17910	481.51102	626.64179
M_273	0	0	385.55299	612.02985	539.83945	603.49627
M_273	0	1	263.66422	617.06716	434.57188	610.04478
M_273	1	0	302.20357	489.62687	497.62854	491.64179
M_273	1	1	143.04302	473.50746	356.60021	473.50746
M_273	2	0	1049.65373	568.20896	1206.79958	574.25373
M_273	2	1	940.86044	572.23881	1091.96222	570.22388
M_273	3	0	1023.46275	705.22388	1065.77125	697.16418
M_273	3	1	1529.15005	753.58209	1557.35572	773.73134
M_273	4	0	485.54040	666.94030	479.49633	642.76119
M_273	4	1	175.27807	668.95522	151.10178	642.76119
M_273	5	0	993.24239	195.44776	928.77230	189.40299
M_273	5	1	1071.81532	280.07463	1043.60965	282.08955
M283	0	0	149.08709	56.92164	228.60126	63.97388
M283	0	1	78.06925	44.32836	168.16055	53.39552
M283	1	0	138.00630	337.14179	147.57608	314.89925
M283	1	1	75.55089	294.32463	77.56558	274.60075
M283	2	0	837.45435	418.09701	787.66737	386.71269
M283	2	1	879.76285	403.48881	838.03463	373.61567
M283	3	0	378.82896	569.06716	58.42602	505.65299
M283	3	1	323.92865	539.34701	33.74607	476.43657
M283	4	0	531.45435	510.69030	505.75236	477.72761
M283	4	1	577.79224	498.60075	548.06086	464.63060
M283	5	0	1190.68206	614.55224	884.44911	576.26866
M283	5	1	616.49528	338.50746	529.86359	312.31343
M283	6	0	1712.48688	677.01493	1414.31270	642.76119
M283	6	1	963.02204	20.14925	821.99370	6.04478
M283	7	0	699.09759	566.19403	574.18678	519.85075
M283	7	1	249.82162	328.43284	255.86569	308.28358
M283	8	0	299.40609	360.47388	309.49423	334.62313
M283	8	1	240.98006	359.97015	255.60126	331.09701
M283	9	0	353.93914	321.66045	388.14481	300.16418
M283	9	1	303.06821	308.05970	338.28122	289.08209
M283	10	0	1716.51626	642.76119	1490.87093	614.55224
M283	10	1	1563.39979	564.17910	1440.50367	521.86567
M283	11	0	1083.90346	550.07463	900.56663	499.70149
M283	11	1	803.86149	519.85075	721.25918	479.55224
M283	12	0	1754.79538	709.25373	1476.76810	699.17910
M283	12	1	1325.66632	576.26866	1168.52046	548.05970
M283	13	0	1311.56348	618.58209	1432.44491	608.50746
M283	13	1	1571.45855	666.94030	1690.32529	668.95522
M283	14	0	743.42078	435.22388	872.36097	421.11940
M283	14	1	971.08080	413.05970	1098.00630	396.94030
M283	15	0	880.41973	461.41791	1015.40399	449.32836
M283	15	1	1041.59496	465.44776	1168.52046	451.34328
M_286	0	0	822.71144	518.91045	851.57188	544.47388
M_286	0	1	861.49423	524.95522	890.85834	551.52612
M_286	1	0	1849.48583	695.14925	1905.89717	822.08955
M_286	1	1	1748.75131	705.22388	1793.07450	824.10448
M_286	2	0	799.83211	568.20896	757.52361	594.40299
M_286	2	1	890.49318	552.08955	868.33158	588.35821
M_286	3	0	396.89402	554.10448	368.68835	556.11940
M_286	3	1	481.51102	558.13433	459.34942	566.19403
M_286	4	0	790.50577	549.43657	844.16369	577.51119
M_286	4	1	826.77020	564.54851	879.92445	600.17910
M_286	5	0	512.61595	559.12687	464.68940	567.02239
M_286	5	1	572.55299	558.11940	526.64113	573.06716
M_286	6	0	1426.40084	447.31343	1297.46065	479.55224
M_286	6	1	751.47954	270.00000	515.76076	263.95522
M_286	7	0	1251.12277	467.46269	1091.96222	507.76119
M_286	7	1	463.37880	257.91045	98.71983	243.80597
M_286	8	0	719.40294	674.59328	543.08290	698.67537
M_286	8	1	765.23715	662.00000	582.87303	682.55597
M_286	9	0	1391.27807	341.98507	1622.83316	363.58582
M_286	9	1	1527.26967	326.36940	1798.61490	356.53358
M_286	10	0	795.80273	507.76119	652.75971	527.91045
M_286	10	1	1102.03568	499.70149	1043.60965	548.05970
M_286	11	0	1791.05981	699.62313	1806.16999	815.49627
M_286	11	1	1726.58972	680.48134	1734.64848	787.79104
M_286	12	0	1434.45960	94.70149	1367.97482	78.58209
M_286	12	1	1104.05037	68.50746	1005.33054	62.46269
M_286	13	0	719.24449	155.14925	515.76076	128.95522
M_286	13	1	435.17314	80.59701	171.24869	46.34328
M_286	14	0	723.27387	215.59701	570.15740	201.49254
M_286	14	1	360.62959	177.31343	139.01364	163.20896
M_286	15	0	1275.29906	636.71642	1247.09339	705.22388
M_286	15	1	1400.20986	642.76119	1386.10703	715.29851
M_286	16	0	1533.17943	723.35821	1287.38720	797.91045
M_286	16	1	1406.25393	725.37313	1162.47639	795.89552
M_286	17	0	1678.23715	636.71642	1648.01679	757.61194
M_286	17	1	1805.16264	687.08955	1799.11857	820.07463
M_286	18	0	1639.95803	719.32836	1426.40084	775.74627
M_286	18	1	1488.85624	672.98507	1257.16684	737.46269
M_286	19	0	1581.53200	654.85075	1341.78384	709.25373
M_286	19	1	1444.53305	626.64179	1226.94648	681.04478
M_286	20	0	1384.09234	336.49254	1337.75446	342.53731
M_286	20	1	1889.77964	286.11940	1849.48583	296.19403
M291	0	0	86.63169	660.89552	48.35257	677.01493
M291	0	1	513.74607	648.80597	469.42288	685.07463
M291	1	0	674.92130	475.52239	616.49528	503.73134
M291	1	1	956.97796	437.23881	916.68416	469.47761
M291	2	0	725.28856	650.82090	658.80378	668.95522
M291	2	1	995.25708	576.26866	971.08080	604.47761
M291	3	0	1009.35992	626.64179	989.21301	664.92537
M291	3	1	1293.43127	574.25373	1265.22560	604.47761
M291	4	0	614.48059	459.40299	578.21616	493.65672
M291	4	1	1019.43337	405.00000	969.06611	441.26866
M291	5	0	763.56768	552.08955	678.95068	594.40299
M291	5	1	1212.84365	515.82090	1146.35887	542.01493
M291	6	0	1295.44596	433.20896	1216.87303	465.44776
M291	6	1	1718.53095	398.95522	1672.19307	423.13433
M291	7	0	1337.75446	544.02985	1230.97587	578.28358
M291	7	1	1696.36936	491.64179	1595.63484	525.89552
M291	8	0	346.52676	362.68657	284.07135	415.07463
M291	8	1	693.05352	415.07463	642.68625	453.35821
M291	9	0	1249.10808	272.01493	1239.03463	294.17910
M291	9	1	997.27177	203.50746	961.00735	225.67164
M291	10	0	1317.60756	477.53731	1333.72508	507.76119
M291	10	1	1093.97692	398.95522	1065.77125	431.19403
M291	11	0	717.22980	624.62687	727.30325	652.83582
M291	11	1	487.55509	658.88060	471.43757	672.98507
M291	12	0	697.08290	527.91045	650.74502	560.14925
M291	12	1	217.58657	479.55224	183.33683	515.82090
M291	13	0	1025.22350	630.08955	1061.31165	664.07463
M291	13	1	810.65897	614.97761	828.61490	645.94030
M291	14	0	1445.54040	426.56716	1419.33368	455.26866
M291	14	1	1146.35887	465.85821	1137.27702	500.60448
M291	15	0	1462.66527	497.68657	1450.57712	533.95522
M291	15	1	1079.87408	479.55224	1071.81532	509.77612
M291	16	0	1517.06191	485.59701	1555.34103	521.86567
M291	16	1	1162.47639	471.49254	1184.63799	499.70149
M291	17	0	1490.87093	675.00000	1432.44491	723.35821
M291	17	1	950.93389	634.70149	842.14061	679.02985
M294	0	0	1279.32844	578.28358	646.71563	618.58209
M294	0	1	1363.94544	584.32836	709.17104	618.58209
M294	1	0	507.70199	386.86567	398.90871	360.67164
M294	1	1	1361.93075	763.65672	1150.38825	884.55224
M294	2	0	535.90766	1011.49254	276.01259	1019.55224
M294	2	1	1458.63589	666.94030	1426.40084	749.55224
M294	3	0	1712.48688	384.85075	1716.51626	411.04478
M294	3	1	666.86254	354.62687	495.61385	374.77612
M294	4	0	1180.60860	743.50746	924.74292	795.89552
M294	4	1	253.85100	201.49254	8.05876	209.55224
M294	5	0	914.66946	296.19403	811.92025	312.31343
M294	5	1	1648.01679	850.29851	1623.84050	959.10448
M294	6	0	483.52571	213.58209	598.36306	197.46269
M294	6	1	727.30325	235.74627	864.30220	243.80597
M294	7	0	1493.13746	799.75746	1589.72613	895.39179
M294	7	1	1072.74502	613.24254	1132.32949	641.86567
M294	8	0	1104.05037	201.49254	1154.41763	255.89552
M294	8	1	612.46590	32.23881	634.62749	54.40299
M294	9	0	1909.92655	308.28358	1913.95593	396.94030
M294	9	1	858.25813	4.02985	642.68625	6.04478
M_296	0	0	1434.45960	588.35821	1623.84050	564.17910
M_296	0	1	1257.16684	580.29851	1432.44491	564.17910
M_296	1	0	703.63379	750.73881	683.35677	752.60448
M_296	1	1	781.87093	758.79851	761.59391	758.98507
M_296	2	0	1433.69990	1011.19403	1206.79958	993.35821
M_296	2	1	1522.01049	1025.29851	1311.56348	1017.53731
M_296	3	0	1023.46275	596.41791	1214.85834	596.41791
M_296	3	1	1118.15320	608.50746	1297.46065	604.47761
M_296	4	0	341.96432	690.16418	507.54984	709.36567
M_296	4	1	249.96013	693.52239	428.64113	714.06716
M_296	5	0	422.95908	750.35821	463.28541	759.39552
M_296	5	1	320.88143	740.95522	381.69045	751.33582
M_296	6	0	1468.95908	588.20149	1757.87828	568.39552
M_296	6	1	1359.49423	561.67164	1645.39140	546.23134
M_296	7	0	531.22665	440.34328	757.05247	471.58955
M_296	7	1	434.85729	400.71642	670.42078	439.35075
M_296	8	0	436.93075	518.76866	637.59706	551.52985
M_296	8	1	548.74607	510.37313	740.68206	536.75373
M_296	9	0	931.43966	621.97015	1119.18993	629.08209
M_296	9	1	827.01154	616.59701	1006.36726	627.40299
M_296	10	0	1219.35677	749.79104	1229.78069	742.16418
M_296	10	1	1274.76076	779.00746	1288.87828	774.40299
M_296	11	0	955.72193	745.08955	983.88143	747.77612
M_296	11	1	1006.08919	738.70896	1040.62854	740.38806
M_296	12	0	31.89927	525.35821	314.69255	579.12687
M_296	12	1	81.93075	525.69403	352.97167	573.08209
M_296	13	0	565.42288	681.90299	585.68520	694.95522
M_296	13	1	671.52991	731.60448	674.66737	736.93284
M_296	14	0	1107.53830	769.80597	1081.33263	766.31343
M_296	14	1	1232.44911	803.38806	1205.57188	796.53731
M_296	15	0	965.83421	768.58209	996.92025	770.87313
M_296	15	1	853.68311	738.02239	896.18573	741.99254
M_296	16	0	978.92970	720.55970	975.43022	718.48507
M_296	16	1	1037.69150	743.73134	1017.73872	743.00000
M_296	17	0	1159.14376	574.67164	1239.06506	575.09701
M_296	17	1	1206.15320	570.30597	1288.76076	558.97761
M_296	18	0	991.91291	710.26119	903.43757	707.23881
M_296	18	1	948.59706	707.91045	885.30535	707.57463
M_296	19	0	1382.07765	461.41791	1333.72508	433.20896
M_296	19	1	1744.72193	409.02985	1762.85414	344.55224
M_296	20	0	1055.69780	517.83582	1093.97692	509.77612
M_296	20	1	864.30220	417.08955	858.25813	429.17910
M_296	21	0	547.99580	471.49254	519.79014	491.64179
M_296	21	1	84.61700	415.07463	116.85205	481.56716
M_296	22	0	576.20147	687.08955	521.80483	691.11940
M_296	22	1	991.22770	576.26866	934.81637	576.26866
M_296	23	0	475.46695	558.13433	541.95173	586.34328
M_296	23	1	165.20462	491.64179	231.68940	546.04478
M_298	0	0	280.49843	448.81343	402.85414	444.98507
M_298	0	1	243.22665	436.05224	374.98426	433.56716
M_298	1	0	498.68940	518.75373	586.69465	514.98507
M_298	1	1	429.85414	535.20896	520.20986	528.08209
M_298	2	0	664.02099	658.65672	664.76600	646.10448
M_298	2	1	706.66527	663.69403	705.05981	652.82090
M_298	3	0	542.13221	608.61940	567.05352	601.44030
M_298	3	1	615.33263	610.29851	619.09969	596.06716
M_298	4	0	1581.15110	575.47761	1695.81532	578.05970
M_298	4	1	1655.69465	569.43284	1785.13326	577.05224
M_298	5	0	1481.80797	317.67910	1655.47954	297.66418
M_298	5	1	1619.81427	299.20896	1810.94648	282.55224
M_298	6	0	1560.23190	429.59701	1758.82476	422.16418
M_298	6	1	1636.45435	428.25373	1849.15005	423.50746
M_298	7	0	770.66946	559.34328	830.35152	554.26119
M_298	7	1	620.57503	534.82836	680.25708	528.06716
M_298	8	0	1143.20252	493.76119	1274.64113	491.01493
M_298	8	1	1200.62120	493.08955	1337.43232	491.35075
M_298	9	0	800.18993	509.50000	894.35677	503.02985
M_298	9	1	762.91815	485.99254	856.74921	482.20896
M_298	10	0	187.88353	334.42537	303.38825	342.50746
M_298	10	1	121.39874	340.47015	243.95488	348.55224
M_298	11	0	511.52046	493.07463	612.89822	491.76119
M_298	11	1	470.21931	478.29851	572.94019	473.62687
M_298	12	0	860.95488	525.04478	948.07240	522.59701
M_298	12	1	901.24869	505.56716	985.00839	501.77612
M_298	13	0	885.80273	533.77612	962.17524	529.31343
M_298	13	1	935.49843	538.14179	1006.49843	531.32836
M_298	14	0	1310.21721	499.05970	1456.62120	487.61194
M_298	14	1	1403.90031	540.36567	1557.35572	535.97015
M_298	15	0	587.97692	456.29851	692.25603	453.62687
M_298	15	1	652.44701	473.76119	749.00315	467.39552
M_298	16	0	1082.74397	521.54478	1093.77125	517.68657
M_298	16	1	1136.80483	498.03731	1147.16055	492.83582
M_298	17	0	1472.31794	561.94030	1619.34732	564.53731
M_298	17	1	1506.90346	549.17910	1656.95488	552.11194
M_298	18	0	1562.97901	554.21642	1707.65792	557.14925
M_298	18	1	1608.98111	544.14179	1764.06925	545.39552
M_298	19	0	52.38195	523.88060	88.64638	511.79104
M_298	19	1	356.60021	445.29851	449.27597	453.35821
M_298	20	0	1394.16579	531.94030	1367.97482	527.91045
M_298	20	1	251.83631	203.50746	128.94019	231.71642
M_298	21	0	330.70934	788.60448	261.14061	751.93284
M_298	21	1	235.34732	805.05970	170.14376	769.73134
M_298	22	0	532.63274	820.27612	431.60651	791.14925
M_298	22	1	414.10178	815.91045	336.91605	780.73881
M_298	23	0	527.26023	727.58955	417.83945	699.47015
M_298	23	1	455.06716	785.01493	332.21511	753.53731
M_298	24	0	639.87303	752.82090	575.21931	727.96269
M_298	24	1	573.05247	798.49254	500.00420	763.89552
M_298	25	0	780.62854	911.44776	604.16789	884.82090
M_298	25	1	716.49423	903.05224	561.85939	876.76119
M_298	26	0	407.07765	905.11194	221.23924	862.70149
M_298	26	1	477.92760	903.43284	270.59916	865.05224
M_298	27	0	567.33473	538.59701	620.92550	524.50746
M_298	27	1	510.58762	538.59701	575.93075	532.23134
M_298	28	0	655.64533	511.05970	696.81217	501.33582
M_298	28	1	602.25603	503.00000	648.12382	497.64179
M_298	29	0	760.46905	664.41045	707.97167	647.95522
M_298	29	1	699.69255	670.11940	640.14376	651.64925
M_298	30	0	1137.91815	633.66418	1021.44491	623.49254
M_298	30	1	1178.88353	620.90299	1075.16999	612.74627
M_298	31	0	592.13641	638.02985	641.42288	632.11940
M_298	31	1	641.16055	610.82836	688.09654	601.89552
M_298	32	0	1587.34208	529.70149	1796.09654	531.48507
M_298	32	1	1678.00315	510.55970	1898.17419	513.01493
