OpCode	ImagePtPair	Index	Lx	Ly	Rx	Ry
APO_001	0	0	1530.82249	644.92105	1191.37278	655.00000
APO_001	0	1	1787.86391	660.55263	1409.36095	674.89474
APO_001	1	0	984.71006	629.42105	769.59172	640.63158
APO_001	1	1	1120.33136	584.65789	920.83432	595.15789
APO_001	2	0	941.05917	465.31579	770.89941	475.68421
APO_001	2	1	1059.63905	505.10526	886.63905	510.50000
APO_001	3	0	1330.37870	768.65789	1045.38462	784.26316
APO_001	3	1	1477.36095	787.13158	1192.36686	802.73684
APO_001	4	0	804.28994	264.71053	88.04734	251.34211
APO_001	4	1	1024.40828	324.39474	437.39645	323.10526
APO_001	5	0	1398.94083	374.89474	1028.74556	390.63158
APO_001	5	1	1173.85207	340.78947	851.23077	350.13158
APO_001	6	0	1120.72781	491.81579	573.43787	500.15789
APO_001	6	1	1340.13609	554.34211	827.89349	565.97368
APO_001	7	0	588.60947	55.42105	151.95266	51.15789
APO_001	7	1	837.13018	152.05263	435.26627	152.05263
APO_001	8	0	951.39645	394.13158	815.63905	404.52632
APO_001	8	1	789.50296	298.21053	645.93491	316.42105
APO_001	9	0	1002.11243	343.05263	792.21893	347.68421
APO_001	9	1	1318.79882	313.92105	1109.61538	319.97368
APO_001	10	0	1354.79290	636.55263	1035.13609	650.65789
APO_001	10	1	1069.13018	374.07895	772.34320	394.73684
APO_001	11	0	1031.55621	512.76316	852.82249	524.44737
APO_001	11	1	744.81065	328.13158	581.63314	336.52632
APO_001	12	0	1368.21893	558.97368	1197.77515	565.42105
APO_001	12	1	1045.85207	451.68421	909.49112	467.36842
APO_001	13	0	1313.83432	130.36842	1056.55030	136.60526
APO_001	13	1	1636.20118	141.73684	1386.01775	146.55263
APO_001	14	0	1147.94675	609.21053	718.57988	619.57895
APO_001	14	1	1476.76331	379.55263	1056.28994	396.39474
APO_001	15	0	1331.31361	687.21053	859.28402	700.81579
APO_001	15	1	1829.11243	562.55263	1277.92899	581.60526
APO_001	16	0	1326.27219	692.00000	951.15976	711.02632
APO_001	16	1	1730.41420	551.50000	1348.84615	567.39474
APO_001	17	0	1518.01775	320.92105	1410.60355	333.81579
APO_001	17	1	1723.22485	340.81579	1656.28402	340.21053
APO_001	18	0	1105.06509	313.21053	951.50888	324.34211
APO_001	18	1	1308.85207	262.05263	1141.09467	266.78947
APO_001	19	0	934.43787	542.84211	471.47929	551.36842
APO_001	19	1	1533.00592	358.05263	1191.14793	367.57895
APO_001	20	0	801.53846	213.55263	436.36686	217.86842
APO_001	20	1	895.97633	207.15789	562.04734	219.28947
APO_001	21	0	630.53254	372.31579	93.72781	363.78947
APO_001	21	1	1718.34320	73.89474	1607.57396	59.68421
APO_001	22	0	948.63905	500.21053	746.98225	505.89474
APO_001	22	1	1895.14793	222.73684	1817.75148	210.31579
APO_001	23	0	770.24852	502.94737	146.27219	509.84211
APO_001	23	1	998.88757	402.05263	511.59763	411.84211
APO_001	24	0	1284.14793	652.10526	901.76331	664.97368
APO_001	24	1	1490.25444	484.31579	1065.07101	501.15789
APO_001	25	0	847.38462	85.26316	644.10651	96.15789
APO_001	25	1	1047.24852	72.47368	844.34320	85.50000
APO_001	26	0	1504.44379	325.23684	1387.09467	329.57895
APO_001	26	1	1669.88757	301.78947	1572.42012	304.00000
APO_001	27	0	1033.12426	335.86842	769.63314	342.39474
APO_001	27	1	1305.78698	336.57895	1083.47929	348.07895
APO_002	0	0	889.47337	617.73684	718.28994	610.42105
APO_002	0	1	704.85799	582.21053	537.93491	579.15789
APO_002	1	0	1404.46154	327.50000	949.92899	316.10526
APO_002	1	1	698.08284	562.86842	91.59763	549.57895
APO_002	2	0	992.23077	669.65789	510.56805	658.55263
APO_002	2	1	623.40828	606.47368	102.24852	592.42105
APO_002	3	0	892.39645	625.18421	384.61538	613.21053
APO_002	3	1	648.84615	570.47368	27.69231	558.97368
APO_002	4	0	469.70414	298.39474	392.43195	305.71053
APO_002	4	1	213.37278	248.65789	155.98225	269.47368
APO_002	5	0	960.98817	534.81579	686.49704	525.57895
APO_002	5	1	575.40237	449.39474	248.24852	441.07895
APO_002	6	0	993.80473	505.00000	807.19527	497.94737
APO_002	6	1	662.65680	510.44737	459.97633	510.02632
APO_002	7	0	1249.15976	976.97368	416.88757	962.05263
APO_002	7	1	881.92308	947.81579	24.85207	974.65789
APO_002	8	0	972.61538	95.65789	733.20118	85.26316
APO_002	8	1	797.23077	73.63158	537.22485	66.07895
APO_002	9	0	964.72781	726.15789	448.36686	717.81579
APO_002	9	1	606.60947	605.86842	167.57396	612.31579
APO_002	10	0	984.50296	575.42105	623.97633	564.84211
APO_002	10	1	796.33728	479.50000	358.41420	468.21053
APO_002	11	0	915.62722	624.44737	595.57396	614.57895
APO_002	11	1	738.11243	522.13158	370.48521	510.13158
APO_002	12	0	904.26627	674.89474	528.11834	667.15789
APO_002	12	1	715.39053	611.65789	243.38462	601.78947
APO_002	13	0	685.69822	446.86842	347.03550	441.18421
APO_002	13	1	493.98225	335.31579	168.21893	328.21053
APO_002	14	0	1103.65089	614.39474	790.82249	602.50000
APO_002	14	1	954.77515	463.84211	635.51479	458.18421
APO_002	15	0	729.84024	358.05263	391.24260	348.94737
APO_002	15	1	435.16568	289.13158	41.89349	281.89474
APO_002	16	0	712.84615	501.21053	418.65680	489.55263
APO_002	16	1	343.27219	450.42105	8.52071	444.81579
APO_002	17	0	1407.25444	222.89474	1222.55621	208.47368
APO_002	17	1	1591.15976	258.42105	1463.97633	235.47368
APO_002	18	0	1658.56805	691.68421	880.22485	663.31579
APO_002	18	1	1185.64497	564.34211	456.83432	547.05263
APO_002	19	0	1138.56213	597.78947	827.05325	586.68421
APO_002	19	1	310.29586	109.65789	156.21302	126.34211
APO_002	20	0	1056.31953	463.18421	802.17751	454.15789
APO_002	20	1	757.38462	360.15789	486.20118	346.86842
APO_002	21	0	1406.55621	321.44737	1307.73373	308.76316
APO_002	21	1	1185.01775	302.26316	1072.70414	291.71053
APO_003	0	0	691.16474	576.73134	412.12802	575.20149
APO_003	0	1	514.20776	589.15672	242.89402	585.61194
APO_003	1	0	616.95593	788.91045	229.30010	790.11194
APO_003	1	1	414.47954	769.09701	15.78174	770.79851
APO_003	2	0	688.21406	669.03731	430.14586	668.02985
APO_003	2	1	579.08499	653.25373	339.82057	653.25373
APO_003	3	0	1101.42078	484.56716	1064.20776	489.67164
APO_003	3	1	1236.06925	467.44030	1200.87093	468.51493
APO_003	4	0	1547.03148	670.56343	1080.40189	666.45896
APO_003	4	1	1354.62854	714.38806	892.53200	709.77985
APO_003	5	0	1333.82476	566.25000	1074.53410	568.51866
APO_003	5	1	1210.92865	574.81343	963.72613	577.58582
APO_003	6	0	1063.79538	647.17537	861.98426	647.60448
APO_003	6	1	964.06821	649.69403	775.85624	652.13806
APO_003	7	0	1056.06401	540.93284	896.10073	543.05970
APO_003	7	1	971.95068	522.79851	821.55719	525.93284
APO_003	8	0	877.30640	309.40672	769.56034	314.94776
APO_003	8	1	785.13431	274.64925	688.97272	279.18284
APO_003	9	0	663.25498	703.27612	199.45435	703.59328
APO_003	9	1	522.73033	669.52612	42.30850	663.79851
APO_003	10	0	625.47954	762.21269	272.99056	760.01119
APO_003	10	1	510.13851	771.78358	158.15320	763.03358
APO_003	11	0	1099.73662	578.88806	813.82896	582.11940
APO_003	11	1	931.50997	547.65672	681.86674	546.85821
APO_003	12	0	1627.86988	546.04478	1312.65582	549.98507
APO_003	12	1	1348.95068	541.05970	1097.58762	543.94030
APO_003	13	0	919.56768	726.72015	585.85414	723.78731
APO_003	13	1	782.56873	655.19030	461.95068	653.76866
APO_003	14	0	936.69255	714.63060	660.90136	710.69030
APO_003	14	1	760.91081	640.58209	486.12697	638.65672
APO_003	15	0	840.12592	648.80597	552.78804	646.90672
APO_003	15	1	670.89192	572.23881	420.32214	573.86567
APO_003	16	0	1402.69990	769.51866	1090.85100	769.50373
APO_003	16	1	1173.02518	765.48881	912.55089	770.00746
APO_003	17	0	1264.07135	616.94776	1136.29486	622.32463
APO_003	17	1	1118.00630	633.57090	1002.31794	636.93284
APO_003	18	0	952.36516	725.59328	680.09654	725.22388
APO_003	18	1	703.55089	700.91045	445.38510	701.04478
APO_003	19	0	1137.97167	567.04851	1015.94648	569.72015
APO_003	19	1	916.85939	470.33209	800.37461	470.48507
APO_003	20	0	969.01574	711.72761	701.17733	709.35075
APO_003	20	1	634.07345	587.80970	322.93599	583.52612
APO_003	21	0	345.78174	635.51119	159.09444	626.54851
APO_003	21	1	550.77650	638.02985	345.95698	630.57836
APO_003	22	0	884.05981	509.57836	779.36936	508.55597
APO_003	22	1	680.07240	494.97015	595.02518	486.89552
APO_003	23	0	655.61490	600.25000	451.40189	593.77612
APO_003	23	1	432.99161	612.84328	258.49528	599.82090
APO_003	24	0	807.47219	512.69030	620.28437	511.16418
APO_003	24	1	523.32214	506.97015	332.18363	500.08209
APO_003	25	0	950.26548	643.73507	658.80378	642.76119
APO_003	25	1	655.11333	561.12313	370.70304	560.14925
APO_004	0	0	1761.16999	793.01866	1220.75131	789.42910
APO_004	0	1	1397.01469	904.84701	932.14690	892.19030
APO_004	1	0	955.92130	486.95522	813.75236	473.87313
APO_004	1	1	1073.78069	472.34701	939.16684	461.27985
APO_004	2	0	931.74502	508.11194	816.77440	491.00000
APO_004	2	1	1012.83631	511.63806	894.33998	499.56343
APO_004	3	0	929.04932	623.31716	738.23295	604.96269
APO_004	3	1	832.84785	614.75373	628.93599	594.38433
APO_004	4	0	838.89192	690.81716	584.10913	667.92910
APO_004	4	1	912.93179	683.76493	637.49843	659.86940
APO_004	5	0	1360.30430	568.24627	1082.46590	565.82090
APO_004	5	1	1660.99685	488.65672	1361.50052	487.23881
APO_004	6	0	1059.29066	371.86567	804.67051	359.14179
APO_004	6	1	827.09759	375.89552	607.23085	352.59328
APO_004	7	0	1325.07240	356.34328	1085.73767	343.15672
APO_004	7	1	1498.83945	222.35075	1250.94229	219.74254
APO_004	8	0	759.53830	209.55224	475.46695	177.31343
APO_004	8	1	959.00525	186.45149	708.64848	166.36194
APO_004	9	0	1293.13012	450.60075	1006.52676	442.58582
APO_004	9	1	1106.26758	456.64552	853.41028	449.13433
APO_004	10	0	971.90661	85.63433	527.84890	60.44776
APO_004	10	1	1098.32844	123.91791	729.31794	106.79104
APO_004	11	0	632.61280	137.01493	114.83736	82.61194
APO_004	11	1	819.97901	143.05970	404.95278	102.76119
APO_004	12	0	1075.84470	155.14925	284.07135	100.74627
APO_004	12	1	1293.43127	145.07463	648.73033	128.95522
APO_004	13	0	878.40504	280.07463	302.20357	243.80597
APO_004	13	1	1063.75656	282.08955	600.37775	259.92537
APO_004	14	0	1029.50682	511.79104	552.02518	493.65672
APO_004	14	1	815.94963	501.71642	314.29171	475.52239
APO_004	15	0	1305.51941	267.98507	1142.32949	261.94030
APO_004	15	1	583.85100	29.21642	495.90241	16.11940
APO_004	16	0	956.36516	185.32463	855.51207	167.91791
APO_004	16	1	669.77545	250.80970	564.89297	231.89179
APO_004	17	0	619.67156	22.16418	477.32949	0.50373
APO_004	17	1	813.58552	76.06343	687.36097	60.44776
APO_004	18	0	1102.03568	374.77612	662.83316	360.67164
APO_004	18	1	1471.70409	286.08955	1094.22246	288.53358
APO_004	19	0	1456.62120	310.29851	1206.07555	306.35075
APO_004	19	1	1684.28122	233.73134	1480.51626	198.12687
APO_004	20	0	1097.30745	329.69030	861.02413	315.49627
APO_004	20	1	1716.72508	102.50746	1551.13746	95.10075
APO_005	0	0	427.01994	732.92537	186.35887	745.78358
APO_005	0	1	318.73033	765.16418	79.58027	783.05970
APO_005	1	0	1296.74711	664.01493	843.29171	679.45896
APO_005	1	1	953.24239	632.78358	441.50577	645.86567
APO_005	2	0	1238.40923	631.60075	1035.07030	654.18284
APO_005	2	1	871.71983	643.55597	680.98846	662.74627
APO_005	3	0	1577.31375	237.65672	928.36936	256.92537
APO_005	3	1	1287.70199	291.55597	597.22980	295.52612
APO_005	4	0	1102.83316	532.48134	893.94334	549.13433
APO_005	4	1	1423.14481	575.61567	1196.53515	595.85075
APO_005	5	0	763.39874	533.80597	609.71878	553.89552
APO_005	5	1	620.85939	522.72388	465.16474	540.79851
APO_005	6	0	950.93389	640.74627	574.18678	646.79104
APO_005	6	1	709.17104	564.17910	318.32109	580.29851
APO_005	7	0	1053.68311	679.02985	701.11228	699.17910
APO_005	7	1	828.03778	537.98507	489.56978	554.10448
APO_005	8	0	1353.87198	727.38806	993.24239	741.49254
APO_005	8	1	1100.02099	693.13433	763.56768	709.25373
APO_005	9	0	886.46380	723.35821	552.02518	737.46269
APO_005	9	1	689.02413	517.83582	378.76180	529.92537
APO_005	10	0	834.08185	693.13433	475.46695	709.25373
APO_005	10	1	455.32004	578.28358	10.07345	588.35821
APO_005	11	0	1774.94229	632.68657	1299.47534	652.83582
APO_005	11	1	1424.38615	628.65672	1005.33054	652.83582
APO_005	12	0	1496.88772	476.88060	1190.59286	497.51866
APO_005	12	1	1295.41868	511.63806	1014.30745	529.25373
APO_005	13	0	1132.25603	521.86567	693.05352	533.95522
APO_005	13	1	918.69885	548.05970	384.80588	560.14925
APO_005	14	0	930.78699	884.55224	425.09969	904.70149
APO_005	14	1	676.93599	924.85075	86.63169	963.13433
APO_005	15	0	1148.37356	691.11940	761.55299	705.22388
APO_005	15	1	944.88982	610.52239	588.28961	630.67164
APO_005	16	0	1593.33578	589.02239	1425.18888	612.66791
APO_005	16	1	1430.14586	570.38433	1249.40714	590.50373
APO_005	17	0	600.37775	380.82090	382.79119	396.94030
APO_005	17	1	229.67471	328.43284	4.02938	354.62687
APO_005	18	0	919.74711	546.33582	736.01994	566.65299
APO_005	18	1	649.27492	512.08209	467.05876	529.88060
APO_005	19	0	656.78909	908.73134	114.83736	951.04478
APO_005	19	1	1130.24134	918.80597	669.76285	922.51866
APO_005	20	0	989.21301	531.94030	620.52466	548.05970
APO_005	20	1	594.33368	455.37313	92.67576	465.44776
APO_005	21	0	1480.79748	761.64179	965.03673	769.70149
APO_005	21	1	1158.44701	725.37313	517.77545	737.46269
APO_006	0	0	753.65163	522.69030	622.38720	540.70522
APO_006	0	1	536.06506	426.47761	436.02833	446.00373
APO_006	1	0	1100.02099	590.37313	824.00839	602.46269
APO_006	1	1	1291.41658	521.86567	999.28646	535.97015
APO_006	2	0	763.56768	187.38806	443.23190	203.50746
APO_006	2	1	950.93389	159.17910	634.62749	177.31343
APO_006	3	0	1075.84470	251.86567	844.15530	265.97015
APO_006	3	1	1214.85834	261.94030	999.28646	280.07463
APO_006	4	0	838.11123	409.02985	620.52466	429.17910
APO_006	4	1	1009.35992	407.01493	791.77335	425.14925
APO_006	5	0	1134.27072	636.71642	791.77335	644.77612
APO_006	5	1	1293.43127	503.73134	973.09549	523.88060
APO_006	6	0	666.59077	593.49627	455.48793	610.05970
APO_006	6	1	808.62644	567.30224	605.07870	585.37687
APO_006	7	0	1521.87723	762.42164	1416.95068	793.86567
APO_006	7	1	1664.92025	757.88806	1570.57083	796.38433
APO_006	8	0	834.04617	699.88806	709.11962	715.14925
APO_006	8	1	912.61910	696.36194	783.15950	713.13433
APO_006	9	0	1366.82267	600.07463	1122.09129	615.26119
APO_006	9	1	1632.25813	546.67910	1373.92760	564.88806
APO_006	10	0	848.18468	602.46269	376.74711	610.52239
APO_006	10	1	660.81847	634.70149	84.61700	650.82090
APO_006	11	0	1156.43232	288.13433	755.50892	298.20896
APO_006	11	1	1384.09234	223.65672	958.99265	247.83582
APO_006	12	0	1482.81217	519.85075	805.87618	531.94030
APO_006	12	1	1738.67786	582.31343	1061.74187	594.40299
APO_006	13	0	1038.22980	665.09701	806.77335	682.16418
APO_006	13	1	922.88877	685.24627	682.36621	702.31343
APO_006	14	0	1083.90346	781.79104	552.02518	801.94030
APO_006	14	1	892.50787	795.89552	338.46800	814.02985
APO_006	15	0	1282.49948	817.81716	886.46380	840.22388
APO_006	15	1	1470.36936	902.94776	1013.38930	914.77612
APO_006	16	0	1097.23400	500.92910	1006.21931	520.85448
APO_006	16	1	1312.80588	370.46269	1211.71773	381.82463
APO_006	17	0	701.02099	556.48881	229.37041	569.02239
APO_006	17	1	862.69990	533.82090	484.22875	544.33955
APO_006	18	0	1243.32949	505.53358	1094.56453	522.67537
APO_006	18	1	1424.14795	515.60821	1295.02623	532.75000
APO_006	19	0	1143.24449	579.43657	997.87723	598.57836
APO_006	19	1	1293.33893	600.08955	1145.45331	620.74254
APO_006	20	0	1198.19412	547.52612	893.94019	565.57090
APO_006	20	1	1548.24659	540.47388	1176.50052	552.97761
APO_006	21	0	1282.75236	629.10075	1079.17838	646.68284
APO_006	21	1	1513.93809	657.30970	1270.57398	672.37313
APO_006	22	0	445.24659	314.32836	66.48478	328.43284
APO_006	22	1	1885.75026	120.89552	1710.47219	128.95522
APO_006	23	0	1331.71039	711.26866	915.81742	728.27239
APO_006	23	1	1013.38930	517.83582	662.47009	539.37313
APO_006	24	0	1071.71249	382.22388	869.48478	398.89179
APO_006	24	1	1292.32109	256.29104	1090.09339	264.89925
APO_006	25	0	882.92025	723.41045	576.01574	745.44776
APO_006	25	1	635.12802	514.76866	387.66002	536.36940
APO_006	26	0	71.52151	81.10075	107.78594	145.36940
APO_006	26	1	268.45750	107.79851	262.41343	157.96269
APO_007	0	0	1071.57503	692.97015	951.74397	700.49627
APO_007	0	1	996.02413	697.00000	878.71144	698.48134
APO_007	1	0	1438.32844	946.51119	926.63274	942.65299
APO_007	1	1	939.63064	939.96269	418.18993	950.84701
APO_007	2	0	789.35047	540.76866	506.69990	546.97761
APO_007	2	1	443.73033	488.92537	150.09444	486.98507
APO_007	3	0	1343.42707	527.62687	745.28017	529.01493
APO_007	3	1	1071.44386	527.62687	461.71249	524.48134
APO_007	4	0	1780.98636	410.52612	1371.88667	426.06716
APO_007	4	1	1531.66842	399.94776	1175.95803	412.97015
APO_007	5	0	1210.13012	271.88060	668.15950	275.85075
APO_007	5	1	1001.10598	284.47388	470.21616	279.88060
APO_007	6	0	1125.51312	363.05597	854.90241	366.36940
APO_007	6	1	959.30115	338.87687	709.34103	342.69403
APO_007	7	0	977.51941	757.04478	472.73242	758.08209
APO_007	7	1	722.15740	751.00000	169.01784	756.06716
APO_007	8	0	1705.06401	585.37687	1445.40923	597.33209
APO_007	8	1	1583.17524	593.43657	1326.54250	610.42910
APO_007	9	0	1525.25289	515.86194	1345.17838	526.80970
APO_007	9	1	1453.22770	538.52985	1274.66422	549.98134
APO_007	10	0	585.24764	314.62313	184.84785	298.93284
APO_007	10	1	413.49528	342.32836	6.04407	327.64552
APO_007	11	0	576.18153	253.36194	361.63694	249.62313
APO_007	11	1	287.57712	234.72388	20.14690	227.96269
APO_007	12	0	565.15530	245.07463	460.39454	253.04478
APO_007	12	1	263.95908	194.70149	194.95908	208.71642
APO_007	13	0	1864.09234	539.31343	1326.52361	558.69030
APO_007	13	1	1685.28856	500.52612	1157.79328	515.87313
APO_007	14	0	1899.85310	680.31716	1418.94648	686.76119
APO_007	14	1	1642.47639	687.87313	1215.96642	696.83582
APO_007	15	0	1482.26233	383.26119	1239.43127	401.17164
APO_007	15	1	1348.28541	317.77612	1092.35887	325.61194
APO_007	16	0	1423.33263	420.03358	1023.85939	427.86940
APO_007	16	1	1229.92235	383.76493	809.78174	392.13806
APO_007	17	0	1682.53830	467.39925	1554.64848	480.05224
APO_007	17	1	1543.52466	472.94030	1418.15320	488.11194
APO_007	18	0	729.75866	380.50373	466.39454	378.68284
APO_007	18	1	539.87408	310.48507	269.96222	310.67910
APO_007	19	0	1076.84680	441.54851	747.57503	443.51866
APO_007	19	1	904.59077	406.28731	615.10913	403.72388
APO_007	20	0	1252.76705	288.05597	1149.98741	293.70149
APO_007	20	1	1452.22141	353.03731	1343.90136	359.69030
APO_007	21	0	944.95698	550.81343	539.78069	551.02239
APO_007	21	1	667.93704	616.80224	202.23085	609.29104
APO_007	22	0	793.72193	486.91045	605.04932	487.56343
APO_007	22	1	590.23820	500.51119	386.95908	497.63806
APO_007	23	0	939.38720	302.63806	666.86254	306.26866
APO_007	23	1	635.16894	165.11940	346.52676	153.13433
APO_007	24	0	1614.77650	421.62313	1292.98636	438.06343
APO_007	24	1	1248.10283	360.67164	976.17629	367.54104
APO_007	25	0	1162.94963	595.19776	788.59601	597.24254
APO_007	25	1	875.85624	370.02985	554.38825	372.07463
APO_007	26	0	661.05981	232.34701	464.40504	234.58582
APO_007	26	1	406.20147	181.47015	190.91081	177.16045
APO_007	27	0	779.82686	652.01493	495.08709	653.06716
APO_007	27	1	1000.43547	613.22761	752.46380	604.20522
APO_008	0	0	556.21091	201.69776	332.92760	204.46642
APO_008	0	1	389.99895	140.74627	136.49528	146.03358
APO_008	1	0	919.75866	449.11940	655.12277	441.90299
APO_008	1	1	807.94334	428.97015	531.21931	421.75373
APO_008	2	0	991.81742	238.03731	813.35467	229.48881
APO_008	2	1	855.82581	218.39179	685.42183	215.38433
APO_008	3	0	599.38090	226.18657	470.67156	230.09701
APO_008	3	1	727.31375	181.35448	597.59706	188.79104
APO_008	4	0	989.70094	389.78358	779.35152	381.55597
APO_008	4	1	1047.11962	341.92910	849.86569	330.67910
APO_008	5	0	983.15320	447.71269	787.41028	435.95896
APO_008	5	1	1047.62329	412.95522	860.94648	400.19403
APO_008	6	0	1019.31060	334.84328	899.83631	323.51119
APO_008	6	1	121.21616	114.27239	10.07345	144.81716
APO_008	7	0	1510.04197	253.94776	1386.59706	222.37687
APO_008	7	1	1329.22350	252.43657	1214.34103	240.00746
APO_008	8	0	1329.69570	284.10448	930.78699	267.98507
APO_008	8	1	969.09444	232.45149	666.82581	223.87313
APO_008	9	0	1027.75866	541.42164	732.97167	529.56343
APO_008	9	1	622.92130	459.72761	359.21511	458.74627
APO_008	10	0	1343.79853	207.53731	950.93389	189.40299
APO_008	10	1	935.70514	190.53731	659.12697	181.05970
APO_008	11	0	628.11542	389.29478	401.62225	381.63060
APO_008	11	1	319.03568	356.57836	107.98111	363.49627
APO_008	12	0	1478.43861	175.53358	1415.48269	143.02985
APO_008	12	1	1263.87408	176.54104	1177.24554	155.62313
APO_008	13	0	1084.92025	657.54104	574.22141	644.25746
APO_008	13	1	795.81217	576.94403	277.55824	566.68284
APO_008	14	0	1162.48583	645.45149	749.36936	629.26119
APO_008	14	1	974.48374	466.95522	524.22770	464.03731
APO_008	15	0	1203.15110	594.39925	818.87618	580.90299
APO_008	15	1	1018.80693	483.07463	613.37775	468.57090
APO_008	16	0	1204.78489	755.59701	670.89192	747.53731
APO_008	16	1	866.31689	828.13433	308.24764	838.20896
APO_008	17	0	606.42183	50.37313	517.77545	56.41791
APO_008	17	1	942.87513	32.23881	860.27282	26.19403
APO_008	18	0	1029.01259	416.85075	897.57083	410.51119
APO_008	18	1	519.16055	338.73881	417.62329	344.72388
APO_008	19	0	984.76180	295.39179	741.13012	288.54851
APO_008	19	1	593.53935	245.41791	351.58657	247.31716
APO_008	20	0	857.93809	128.95522	676.26233	130.40672
APO_008	20	1	513.92970	135.50373	346.13116	146.08209
APO_008	21	0	882.19622	526.54104	588.12277	516.77985
APO_008	21	1	536.65373	488.95522	219.60126	484.73507
APO_008	22	0	985.99790	673.85448	578.07450	664.59328
APO_008	22	1	716.63169	525.68657	341.00944	519.54851
APO_008	23	0	999.28646	386.86567	752.61595	384.57836
APO_008	23	1	570.98006	355.95522	371.74816	346.14552
APO_008	24	0	1244.37985	269.34701	1125.11228	253.50373
APO_008	24	1	1059.02833	284.96269	935.22770	278.18657
APO_008	25	0	1037.34313	179.90299	934.35467	167.97761
APO_008	25	1	851.99161	158.24254	756.05456	152.36194
APO_008	26	0	947.49423	249.79104	832.65582	242.83582
APO_008	26	1	789.34103	279.51119	689.61280	277.59328
APO_008	27	0	521.00839	208.00746	356.01259	213.59328
APO_008	27	1	313.49528	185.33955	187.28227	198.48134
APO_008	28	0	1046.71354	434.18284	584.78804	425.60448
APO_008	28	1	641.25708	474.98507	45.83421	470.19776
APO_009	0	0	703.77125	631.61567	305.55824	620.57836
APO_009	0	1	971.22141	645.21642	670.21721	630.14925
APO_009	1	0	1408.26863	453.35821	1150.38825	433.20896
APO_009	1	1	1815.23610	376.79104	1533.17943	360.67164
APO_009	2	0	1008.17524	662.54851	312.23820	652.45896
APO_009	2	1	1208.13326	659.02239	527.81007	643.89552
APO_009	3	0	1596.64218	775.74254	1015.02833	742.98507
APO_009	3	1	1808.68835	760.12687	1179.22560	716.79104
APO_009	4	0	636.64218	380.82090	276.01259	362.68657
APO_009	4	1	824.00839	324.40299	523.81952	310.29851
APO_009	5	0	1362.67156	616.91791	923.19727	598.02985
APO_009	5	1	1599.39769	660.23881	1066.74397	626.23881
APO_009	6	0	1268.40923	430.38806	1019.03043	411.36567
APO_009	6	1	1180.77020	351.80597	918.29591	341.34701
APO_009	7	0	426.53200	492.18657	71.01784	482.88060
APO_009	7	1	666.78384	428.71642	345.01574	415.88433
APO_009	8	0	543.48793	639.32090	435.34103	626.17537
APO_009	8	1	712.72193	577.36194	609.10808	570.26119
APO_009	9	0	1911.94124	723.35821	1166.50577	691.11940
APO_009	9	1	1543.25289	824.10448	906.61070	797.91045
APO_009	10	0	743.42078	675.00000	257.88038	666.94030
APO_009	10	1	946.90451	646.79104	493.59916	640.74627
APO_009	11	0	1310.03568	546.69030	858.35362	529.31716
APO_009	11	1	1498.40923	496.82090	1043.18888	478.52612
APO_009	12	0	1530.02833	533.36194	1166.73767	518.30970
APO_009	12	1	1740.05981	557.03731	1365.18468	536.44403
APO_009	13	0	1067.18888	436.36194	806.89087	421.42910
APO_009	13	1	918.10178	434.85075	678.45435	421.42910
APO_009	14	0	930.78699	658.88060	489.59077	651.09701
APO_009	14	1	1200.75551	662.91045	722.79119	647.06716
APO_009	15	0	576.65268	412.10448	397.78909	405.94403
APO_009	15	1	806.32739	422.17910	639.55194	415.01119
APO_009	16	0	844.71144	295.11194	720.20147	292.72015
APO_009	16	1	973.14795	240.20522	858.20776	229.25000
APO_009	17	0	976.29276	522.11194	784.22665	512.42164
APO_009	17	1	1120.84680	519.08955	939.35782	507.38433
APO_009	18	0	1253.13746	640.74627	473.45226	630.67164
APO_009	18	1	1809.19203	650.82090	952.94858	618.58209
APO_009	19	0	815.94963	229.70149	167.21931	191.41791
APO_009	19	1	1341.78384	100.74627	830.05247	88.65672
APO_009	20	0	1037.56558	366.71642	662.53200	358.38433
APO_009	20	1	1239.03463	328.43284	890.69570	315.56716
APO_009	21	0	1634.41763	419.27612	1244.27807	404.49627
APO_009	21	1	1853.51522	320.04104	1471.93809	303.75000
APO_009	22	0	1339.76915	606.49254	914.66946	586.34328
APO_009	22	1	1547.28227	489.62687	1142.32949	481.56716
APO_009	23	0	1396.18048	495.67164	1127.60546	488.38060
APO_009	23	1	1577.74082	345.33209	1358.28751	320.13433
APO_009	24	0	1768.89822	104.77612	1490.29171	81.10075
APO_009	24	1	1349.74082	27.20149	1155.00630	11.58582
APO_009	25	0	937.83316	527.66791	689.20776	518.57090
APO_009	25	1	1628.19622	495.99254	1300.21091	481.97761
APO_009	26	0	1242.21931	418.63806	1022.33683	403.72015
APO_009	26	1	1559.96118	254.82836	1338.13746	232.33209
APO_009	27	0	1257.16684	306.26866	958.99265	296.19403
APO_009	27	1	1708.45750	195.44776	1384.09234	171.26866
APO_009	28	0	626.56873	475.52239	336.45331	473.50746
APO_009	28	1	1523.10598	98.73134	1418.34208	70.52239
APO_009	29	0	989.21301	535.97015	843.09759	524.42164
APO_009	29	1	1553.44281	434.09701	1436.44281	413.87313
APO_010	0	0	970.06821	493.19030	688.60546	510.36567
APO_010	0	1	1241.40609	492.61567	1016.55614	513.99254
APO_010	1	0	1200.18993	737.02985	923.37356	758.72015
APO_010	1	1	1561.31060	708.20149	1225.89507	733.98881
APO_010	2	0	903.26023	578.02985	582.84470	594.87687
APO_010	2	1	1051.84365	475.26866	769.70724	492.11567
APO_010	3	0	1077.02833	446.99627	768.02099	463.11940
APO_010	3	1	1235.18153	330.13060	967.97901	351.79478
APO_010	4	0	1871.64743	513.80597	1847.47114	546.04478
APO_010	4	1	1313.57817	479.55224	1269.25498	499.70149
APO_010	5	0	854.96537	316.76866	763.38510	344.79851
APO_010	5	1	1063.48583	390.81716	988.02308	412.80224
APO_010	6	0	1563.39979	566.19403	1243.06401	598.43284
APO_010	6	1	1903.37880	557.98507	1592.48269	588.51866
APO_010	7	0	1269.99056	291.25373	1049.05666	315.39179
APO_010	7	1	1132.99161	251.45896	944.29276	275.59701
APO_010	8	0	1083.91396	395.23507	930.79643	416.42164
APO_010	8	1	1193.71459	453.66791	1043.61910	473.84701
APO_010	9	0	1208.19307	450.49627	1086.43232	473.41418
APO_010	9	1	1307.92025	510.94403	1200.26233	534.86940
APO_010	10	0	1351.23295	368.55224	1268.63379	390.44403
APO_010	10	1	1237.40294	402.30224	1145.23400	427.21642
APO_010	11	0	1135.52781	524.57090	799.05352	542.18657
APO_010	11	1	1284.11123	498.37687	996.99685	520.52612
APO_010	12	0	1072.56873	440.44776	805.60126	457.05597
APO_010	12	1	1177.33263	457.57463	949.14795	477.20522
APO_010	13	0	659.96957	415.72388	328.04617	428.55597
APO_010	13	1	878.05981	470.12687	583.91186	484.47015
APO_010	14	0	1257.19727	607.92537	1012.10913	630.41418
APO_010	14	1	1433.98636	619.00746	1222.64428	660.63806
APO_010	15	0	1410.80378	395.95522	1287.43232	422.40672
APO_010	15	1	1532.18888	386.38433	1418.38720	413.33955
APO_010	16	0	1616.80378	406.91045	1569.44386	434.49627
APO_010	16	1	1805.17733	428.06716	1773.93494	459.17910
APO_010	17	0	904.22350	259.65672	540.50997	280.78358
APO_010	17	1	1153.54145	261.16791	863.36411	285.31716
APO_010	18	0	653.37775	116.83582	253.41448	127.42910
APO_010	18	1	913.27282	107.76866	624.17419	135.17537
APO_010	19	0	636.64218	447.31343	318.32109	465.44776
APO_010	19	1	1646.00210	241.79104	1343.79853	270.00000
APO_010	20	0	1637.98636	322.05970	1511.41658	352.13433
APO_010	20	1	1370.03253	250.02612	1238.92970	271.53731
APO_010	21	0	1449.81742	310.72761	1330.32844	336.65299
APO_010	21	1	1222.15740	211.99627	1105.69045	237.92164
APO_010	22	0	729.31794	314.32836	350.55614	326.41791
APO_010	22	1	1063.75656	370.74627	713.20042	378.80597
APO_010	23	0	1527.13536	257.91045	1140.31480	288.13433
APO_010	23	1	1881.72088	221.64179	1496.91501	261.94030
APO_010	24	0	1623.84050	398.95522	1412.29801	431.19403
APO_010	24	1	1341.78384	286.11940	1116.13851	314.32836
APO_010	25	0	1112.10913	550.07463	799.83211	564.17910
APO_010	25	1	1422.37146	487.61194	1144.34418	513.80597
APO_010	26	0	1055.69780	386.86567	791.77335	405.00000
APO_010	26	1	1363.94544	417.08955	1144.34418	437.23881
APO_012	0	0	715.62644	730.55597	550.58237	746.55597
APO_012	0	1	521.71249	669.60448	334.50682	685.60448
APO_012	1	0	719.35782	618.31343	464.82162	636.05970
APO_012	1	1	579.33683	554.84328	332.35572	568.55970
APO_012	2	0	649.97901	609.95522	362.57503	626.45896
APO_012	2	1	428.86674	622.04478	59.93704	639.58582
APO_012	3	0	748.47954	471.53358	524.16999	488.09701
APO_012	3	1	591.33368	444.83582	324.21196	461.39925
APO_012	4	0	784.61175	394.57836	417.03463	404.71269
APO_012	4	1	604.22665	232.72388	229.66842	242.51119
APO_012	5	0	1035.35782	718.06343	562.92340	734.12313
APO_012	5	1	850.50997	562.91418	312.09444	573.93657
APO_012	6	0	1712.65163	857.36194	1305.82896	866.74254
APO_012	6	1	1383.24974	875.49627	972.47324	897.51119
APO_012	7	0	1699.06401	876.11940	1403.30640	895.57090
APO_012	7	1	1539.90346	970.31716	1194.28227	993.29478
APO_012	8	0	702.88353	307.43657	541.94229	325.54104
APO_012	8	1	448.52886	238.42537	259.38195	264.58955
APO_012	9	0	1313.84680	472.25746	1245.11962	493.56343
APO_012	9	1	1171.30745	457.64925	1102.07660	475.93284
APO_012	10	0	964.17419	544.97761	834.74397	563.60075
APO_012	10	1	832.21196	546.48881	706.30745	567.12687
APO_012	11	0	501.73662	233.93284	289.87303	255.94776
APO_012	11	1	317.89612	216.80597	89.91501	241.33955
APO_012	12	0	679.07870	659.03731	491.32529	675.42910
APO_012	12	1	562.73033	671.12687	352.31165	686.00746
APO_012	13	0	1081.00839	564.48507	894.26233	582.16418
APO_012	13	1	825.14271	486.40672	665.59496	508.61940
APO_012	14	0	726.36516	566.48881	429.12277	583.37687
APO_012	14	1	549.57608	480.35075	281.04302	496.23134
APO_012	15	0	1256.97692	420.82090	947.93599	435.44403
APO_012	15	1	1624.68520	407.38433	1273.41658	421.75373
APO_012	16	0	1382.34627	618.42910	1268.22875	645.23134
APO_012	16	1	1094.24554	589.71642	955.95173	609.97015
APO_012	17	0	1077.85939	707.23881	691.03882	733.43284
APO_012	17	1	1496.91501	872.46269	1126.21196	898.65672
APO_012	18	0	977.09339	569.98507	888.26967	587.00746
APO_012	18	1	808.86674	559.40672	723.56873	578.94776
APO_012	19	0	892.15845	680.37687	584.84260	695.54851
APO_012	19	1	629.24134	607.83955	210.61385	624.52239
APO_012	20	0	1429.91186	203.27985	1079.83945	222.03731
APO_012	20	1	1104.03568	146.86194	826.49213	164.10821
APO_012	21	0	1810.92340	328.07090	1397.97587	349.45149
APO_012	21	1	1405.66317	439.62313	1114.35467	456.07836
APO_012	22	0	561.12592	649.61567	270.28856	664.92164
APO_012	22	1	293.67576	527.20896	49.17629	543.01866
APO_012	23	0	872.10073	367.45149	408.93075	374.44403
APO_012	23	1	530.23085	291.80597	50.81952	297.87687
APO_013	0	0	642.10493	733.19030	416.49843	751.01493
APO_013	0	1	719.16684	793.63806	505.14481	808.44030
APO_013	1	0	843.96222	671.52612	225.13116	696.98507
APO_013	1	1	1206.60441	735.04478	609.42078	753.71269
APO_013	2	0	1542.27492	750.73134	1331.16055	782.61567
APO_013	2	1	1799.65163	777.42910	1538.16999	814.35075
APO_013	3	0	696.70829	651.02239	575.05352	668.53358
APO_013	3	1	835.21826	658.57836	716.58552	677.60075
APO_013	4	0	745.62015	736.52612	541.53200	756.88060
APO_013	4	1	883.62644	765.74254	712.78069	785.08955
APO_013	5	0	1589.65268	775.45896	1277.01364	805.60821
APO_013	5	1	1882.22455	805.53358	1542.44911	838.85448
APO_013	6	0	1336.61280	767.22015	985.99475	792.54104
APO_013	6	1	1638.31270	799.96269	1230.27597	824.27612
APO_013	7	0	1217.87723	639.40672	984.98741	664.08955
APO_013	7	1	1436.47114	677.69030	1161.27282	702.87687
APO_013	8	0	804.77440	53.89925	816.62749	95.20522
APO_013	8	1	994.65897	123.41418	1003.99370	151.62313
APO_013	9	0	793.78804	638.73134	468.67891	654.39925
APO_013	9	1	1160.46170	650.82090	823.38405	664.96269
APO_013	10	0	1020.77859	785.68284	708.47009	803.77612
APO_013	10	1	1421.27702	709.63806	1087.50157	729.38433
APO_013	11	0	1221.98321	540.24627	1009.25603	563.63060
APO_013	11	1	1399.77964	534.20149	1200.65163	557.58582
APO_013	12	0	1412.62749	531.89552	1285.23715	560.67537
APO_013	12	1	1599.99370	521.31716	1476.63274	551.10448
APO_013	13	0	1427.33368	711.05970	981.02099	730.73507
APO_013	13	1	1781.91920	698.97015	1324.47954	718.32090
APO_013	14	0	1087.94334	632.80224	887.37775	653.49627
APO_013	14	1	1296.96747	613.66045	1087.83945	635.36194
APO_013	15	0	1513.13536	546.99254	1344.54040	576.29478
APO_013	15	1	1884.34208	560.08955	1724.81322	597.45149
APO_013	16	0	910.64008	872.46269	525.83421	902.68657
APO_013	16	1	1903.88248	900.67164	1474.75341	934.92537
APO_013	17	0	852.21406	779.77612	586.54984	804.60075
APO_013	17	1	1404.01994	682.70149	1237.46485	718.59701
APO_013	18	0	672.90661	604.47761	231.68940	612.53731
APO_013	18	1	1126.21196	580.29851	781.69990	606.49254
APO_013	19	0	1256.01364	586.69403	1145.74921	614.94776
APO_013	19	1	1456.47534	576.61940	1370.38720	610.41418
APO_013	20	0	554.03987	370.74627	120.88143	384.85075
APO_013	20	1	1255.15215	405.00000	908.62539	431.19403
APO_014	0	0	1233.03253	234.06716	1126.41448	214.20149
APO_014	0	1	1477.81742	180.67164	1378.75446	151.73881
APO_014	1	0	1399.64848	91.98881	1039.58027	76.56716
APO_014	1	1	1059.11962	159.33955	709.17104	149.10448
APO_014	2	0	723.21091	867.24254	288.71563	861.76493
APO_014	2	1	615.92865	902.50373	126.02938	906.59701
APO_014	3	0	666.69255	727.88806	370.00105	720.50746
APO_014	3	1	557.39559	751.05970	218.89927	745.19030
APO_014	4	0	1210.15950	500.48134	1102.56768	486.12687
APO_014	4	1	1102.87723	498.46642	992.26338	486.12687
APO_014	5	0	486.89822	596.90299	275.90241	588.54851
APO_014	5	1	258.73452	611.00746	15.00000	606.68284
APO_014	6	0	1054.13746	532.84328	783.47219	519.96269
APO_014	6	1	901.52466	537.37687	648.99161	526.00746
APO_014	7	0	1024.46485	316.41418	845.07135	304.00000
APO_014	7	1	798.31584	335.55597	584.16894	331.70522
APO_014	8	0	1242.32109	707.55970	969.06611	679.02985
APO_014	8	1	1104.31480	570.04104	832.06716	564.17910
APO_014	9	0	1151.52676	714.76493	810.06401	700.06716
APO_014	9	1	1007.47639	565.66045	652.91815	557.51119
APO_014	10	0	720.43861	639.61567	400.98636	635.77985
APO_014	10	1	396.57712	635.58582	17.12487	628.16418
APO_014	11	0	1106.06506	733.43284	817.96432	719.32836
APO_014	11	1	958.99265	725.37313	646.71563	713.28358
APO_014	12	0	1089.94753	846.26866	719.24449	826.11940
APO_014	12	1	912.65477	908.73134	487.55509	914.77612
APO_014	13	0	1378.04827	936.94030	904.59601	914.77612
APO_014	13	1	1150.38825	969.17910	632.61280	957.08955
APO_014	14	0	1847.47114	815.60821	1256.30640	773.87313
APO_014	14	1	1631.89927	877.56716	1046.77859	843.89179
APO_014	15	0	1558.40923	752.19776	1211.47954	736.09328
APO_014	15	1	1437.52781	774.36194	1081.53200	760.77612
APO_014	16	0	1363.39874	373.98507	1153.92445	358.33955
APO_014	16	1	1262.16055	407.73507	1036.06506	394.10448
APO_014	17	0	1017.94963	245.04478	447.26128	221.64179
APO_014	17	1	648.26338	239.99254	48.35257	219.62687
APO_014	18	0	1130.24134	533.95522	987.67051	533.50373
APO_014	18	1	904.59601	511.79104	743.42078	505.74627
APO_014	19	0	1867.61805	779.77612	1400.20986	755.59701
APO_014	19	1	1523.10598	717.31343	1152.40294	703.20896
APO_014	20	0	684.99475	681.04478	406.96747	675.00000
APO_014	20	1	328.39454	668.95522	80.58762	687.08955
APO_014	21	0	639.16684	495.00000	513.36936	490.94030
APO_014	21	1	443.23820	507.08955	296.28646	507.56343
APO_014	22	0	1048.11123	409.24627	855.24764	402.57836
APO_014	22	1	810.37775	383.05224	632.12067	378.90299
APO_014	23	0	956.35047	280.99254	816.19307	272.87313
APO_014	23	1	805.75236	246.23507	673.65373	245.16791
APO_014	24	0	1016.39454	654.64179	800.16684	646.82836
APO_014	24	1	668.75656	726.77985	485.57922	718.54104
APO_014	25	0	1044.16999	663.88806	794.65897	650.35448
APO_014	25	1	664.65373	681.70522	377.36306	675.57090
APO_014	26	0	1446.54774	1051.79104	892.50787	1005.44776
APO_014	26	1	815.94963	999.40299	153.11647	1019.55224
APO_014	27	0	865.42497	304.45896	685.96957	297.54104
APO_014	27	1	1100.13641	298.41418	921.18468	286.45896
APO_014	28	0	262.41343	15.61567	290.53830	55.91418
APO_014	28	1	61.95173	42.81716	115.26023	96.71642
APO_014	29	0	1201.76180	770.06716	771.23715	756.02239
APO_014	29	1	783.95908	710.78731	166.56139	709.68284
APO_014	30	0	838.52466	465.54851	604.41763	463.35821
APO_014	30	1	1087.02728	299.92537	903.19622	287.49627
APO_014	31	0	704.24344	551.10821	469.38720	543.40672
APO_014	31	1	432.76390	463.96269	128.94019	462.00746
APO_015	0	0	1386.77440	977.23881	1140.75971	957.14179
APO_015	0	1	1596.30220	1002.42537	1297.90556	970.23881
APO_015	1	0	771.44281	987.81716	465.88772	985.29851
APO_015	1	1	595.66107	982.27612	273.98846	984.79478
APO_015	2	0	688.18783	656.86567	538.53410	650.39925
APO_015	2	1	381.95488	638.22761	246.90766	635.79104
APO_015	3	0	1611.11857	906.63806	1351.98636	885.09701
APO_015	3	1	1441.88458	908.65299	1184.76705	883.08209
APO_015	4	0	1491.09024	919.89925	1169.45121	897.16791
APO_015	4	1	1644.20672	821.67164	1324.58237	797.42910
APO_015	5	0	1596.93809	935.80970	1334.58552	916.07463
APO_015	5	1	1354.16789	967.04104	1094.83736	950.83209
APO_015	6	0	1392.19203	945.00000	1144.56348	925.60075
APO_015	6	1	1100.56558	965.14925	863.51417	945.75000
APO_015	7	0	1025.47744	229.70149	642.68625	205.52239
APO_015	7	1	832.06716	288.13433	489.56978	270.00000
APO_015	8	0	1591.60546	267.98507	1106.06506	241.79104
APO_015	8	1	1901.86779	143.05970	1349.84260	118.88060
APO_015	9	0	1629.88458	596.41791	1245.07870	572.23881
APO_015	9	1	1343.79853	572.23881	1019.43337	552.08955
APO_015	10	0	1230.97587	562.16418	904.59601	544.02985
APO_015	10	1	1436.47429	517.83582	1043.60965	495.67164
APO_015	11	0	1284.36516	329.31716	1107.33998	308.57836
APO_015	11	1	1178.59391	327.80597	972.35572	309.08209
APO_015	12	0	1037.63379	490.92537	662.95698	477.57463
APO_015	12	1	843.21616	569.00373	421.19412	555.65299
APO_015	13	0	1126.21196	334.47761	717.22980	316.34328
APO_015	13	1	918.69885	396.94030	552.02518	382.83582
APO_015	14	0	1809.19203	977.23881	1345.81322	930.89552
APO_015	14	1	1206.72298	1033.15299	888.28541	1011.99627
APO_015	15	0	1609.73767	888.50373	1480.87408	880.11940
APO_015	15	1	1843.94544	870.87313	1722.13326	858.45896
APO_015	16	0	1747.90556	882.80224	1411.91291	846.26866
APO_015	16	1	1511.17943	765.93657	1155.54355	741.49254
APO_015	17	0	1782.63274	951.69403	1394.16579	914.77612
APO_015	17	1	1358.83316	942.68284	1061.77020	925.06716
APO_015	18	0	1067.78594	860.37313	691.03882	852.31343
APO_015	18	1	765.58237	747.53731	233.70409	739.47761
APO_015	19	0	1087.93284	965.14925	642.68625	951.04478
APO_015	19	1	650.74502	965.14925	30.22036	973.20896
APO_015	20	0	1196.92760	297.42164	1140.75866	272.88806
APO_015	20	1	936.02518	291.37687	860.71668	281.45149
APO_016	0	0	1867.61805	761.64179	787.74397	713.28358
APO_016	0	1	1138.30010	753.58209	98.71983	755.59701
APO_016	1	0	1700.90241	685.98881	1206.08709	666.25746
APO_016	1	1	1866.61070	741.39925	1320.92445	718.14179
APO_016	2	0	1584.05037	608.97761	1248.21511	599.14179
APO_016	2	1	1736.15950	604.44403	1377.15530	574.45896
APO_016	3	0	1446.70829	477.01493	779.32214	458.12687
APO_016	3	1	1629.54145	476.00746	931.43127	459.63806
APO_016	4	0	983.22246	347.28731	776.33368	337.94030
APO_016	4	1	1231.50892	404.45149	1009.03043	396.37313
APO_016	5	0	655.46170	256.17537	378.84050	249.44403
APO_016	5	1	1038.03778	290.00000	772.00525	279.71642
APO_016	6	0	812.00630	349.45522	560.71249	337.03731
APO_016	6	1	1066.86464	350.96642	825.14061	337.54104
APO_016	7	0	1396.90766	588.68284	1040.88143	572.63806
APO_016	7	1	1677.95698	553.92537	1372.80168	518.23507
APO_016	8	0	1253.68625	291.88060	1013.81532	274.18657
APO_016	8	1	1488.39769	292.38433	1314.00420	263.10448
APO_016	9	0	937.09444	157.05970	482.35257	134.49627
APO_016	9	1	1202.02623	150.51119	855.07030	141.04478
APO_016	10	0	1700.39874	245.82090	1487.56873	236.11194
APO_016	10	1	1848.47849	165.35448	1646.22560	144.43284
APO_016	11	0	1040.46905	144.06716	771.40294	137.51866
APO_016	11	1	1194.59286	69.51493	921.49738	66.99627
APO_016	12	0	1603.69360	739.47761	993.24239	717.31343
APO_016	12	1	1089.94753	517.83582	648.73033	501.71642
APO_016	13	0	1398.19517	195.44776	1182.62329	179.32836
APO_016	13	1	1551.31165	185.37313	1363.94544	171.26866
APO_016	14	0	955.03568	424.74627	534.26023	410.40672
APO_016	14	1	1138.37251	454.46642	783.57817	442.64552
APO_016	15	0	1311.88877	562.76493	846.16999	542.01493
APO_016	15	1	1539.04512	474.10821	1095.99161	461.41791
APO_016	16	0	1430.13116	258.58582	1280.60546	247.22388
APO_016	16	1	1551.51626	223.32463	1421.13012	206.92537
APO_016	17	0	572.67156	340.59328	329.25918	333.63060
APO_016	17	1	885.95593	322.45896	672.26128	316.98881
APO_016	18	0	1271.26967	592.38806	876.39035	586.34328
APO_016	18	1	1605.70829	618.58209	1150.38825	602.46269
APO_016	19	0	980.36516	301.98507	822.50472	291.60075
APO_016	19	1	719.96642	234.48507	544.98111	235.18284
APO_017	0	0	834.08185	846.26866	487.55509	844.25373
APO_017	0	1	1754.79538	683.05970	1347.82791	689.10448
APO_017	1	0	1074.71983	480.43284	950.11438	479.29851
APO_017	1	1	1240.59601	435.43284	1107.93179	432.95522
APO_017	2	0	1067.35677	544.11194	773.37671	543.07463
APO_017	2	1	1291.17943	508.97015	970.14481	507.81343
APO_017	3	0	1333.40609	599.94030	1165.26653	606.36567
APO_017	3	1	1529.16684	624.11940	1330.13536	632.89552
APO_017	4	0	1565.41448	580.29851	1180.60860	582.31343
APO_017	4	1	1875.34103	669.20149	1380.86884	668.00000
APO_017	5	0	1047.63903	417.08955	761.55299	402.98507
APO_017	5	1	1261.19622	423.13433	920.71354	431.19403
APO_017	6	0	1281.34313	356.64179	1047.63903	354.62687
APO_017	6	1	1470.72403	324.40299	1192.69675	322.38806
APO_017	7	0	1337.75446	562.16418	1091.96222	558.13433
APO_017	7	1	1539.22350	463.43284	1249.10808	471.49254
APO_017	8	0	1114.12382	590.37313	876.39035	592.38806
APO_017	8	1	1317.60756	544.02985	1051.66842	544.02985
APO_017	9	0	1089.94753	517.83582	886.46380	517.83582
APO_017	9	1	1247.09339	433.20896	1019.43337	435.22388
APO_017	10	0	1307.53410	483.58209	1142.32949	477.53731
APO_017	10	1	1504.97377	449.32836	1319.62225	449.32836
APO_017	11	0	787.74397	251.86567	568.14271	247.83582
APO_017	11	1	952.94858	294.17910	703.12697	294.17910
APO_017	12	0	682.98006	533.95522	441.21721	529.92537
APO_017	12	1	880.41973	501.71642	660.81847	499.70149
APO_017	13	0	1586.04827	592.99254	1375.59706	602.36567
APO_017	13	1	1879.03463	623.53731	1654.17943	635.60448
APO_017	14	0	1414.31270	642.76119	975.11018	636.71642
APO_017	14	1	1879.70619	523.88060	1275.29906	527.91045
APO_017	15	0	1567.42917	521.86567	1106.06506	523.88060
APO_017	15	1	1132.25603	529.92537	697.08290	517.83582
APO_017	16	0	845.01364	626.24627	477.89612	622.67164
APO_017	16	1	994.77230	627.92537	649.14481	625.35821
APO_017	17	0	1062.84995	77.05970	1032.87723	74.55224
APO_017	17	1	1279.42917	105.26866	1270.94648	94.36567
APO_017	18	0	1374.01889	920.82090	888.47849	920.82090
APO_017	18	1	1895.82371	787.83582	1341.78384	783.80597
APO_017	19	0	1434.45960	467.46269	1153.83001	473.77612
APO_017	19	1	1873.66212	479.55224	1521.12067	483.45522
APO_017	20	0	981.15425	336.49254	354.58552	318.35821
APO_017	20	1	1523.10598	314.32836	791.77335	318.35821
APO_017	21	0	1226.94648	634.70149	870.34627	624.62687
APO_017	21	1	1654.06086	483.58209	1204.78489	489.62687
APO_018	0	0	1542.24554	551.03731	1381.31899	559.74627
APO_018	0	1	1852.50787	581.76493	1663.37566	597.02239
APO_018	1	0	1158.28122	658.62313	783.09024	668.97761
APO_018	1	1	1497.86569	666.60821	1101.22980	678.62313
APO_018	2	0	1142.15320	856.27985	805.39874	870.62313
APO_018	2	1	1537.03043	898.94776	1089.73662	908.00000
APO_018	3	0	1169.93914	365.95896	936.73662	374.84328
APO_018	3	1	954.87093	372.00373	734.26023	370.81343
APO_018	4	0	793.97692	50.87687	650.60860	66.49254
APO_018	4	1	987.38720	40.80224	825.38300	55.41045
APO_018	5	0	1360.83631	301.82090	1222.14481	301.31716
APO_018	5	1	1210.23820	307.36194	1044.34837	318.94776
APO_018	6	0	761.00105	362.82836	493.32109	373.06716
APO_018	6	1	515.71249	392.04478	272.71249	400.26866
APO_018	7	0	934.81637	576.26866	388.83526	586.34328
APO_018	7	1	689.02413	582.31343	155.13116	610.52239
APO_018	8	0	715.21511	666.94030	471.43757	675.00000
APO_018	8	1	578.21616	656.86567	366.67366	664.92537
APO_018	9	0	722.26233	451.82836	569.85100	460.63060
APO_018	9	1	586.27072	477.51866	425.80063	490.85448
APO_018	10	0	1147.56768	549.82090	985.62644	555.92537
APO_018	10	1	1038.27072	571.98507	885.89927	577.08209
APO_018	11	0	515.76076	628.65672	406.96747	632.68657
APO_018	11	1	1799.11857	237.76119	1573.47324	221.64179
APO_018	12	0	969.43652	659.69030	699.09759	664.92537
APO_018	12	1	1188.03043	593.19776	991.22770	598.43284
APO_018	13	0	1185.64218	493.35821	1109.54669	499.91791
APO_018	13	1	1387.61490	413.26493	1319.07450	415.79478
APO_018	14	0	1583.54669	515.82090	1376.03358	529.92537
APO_018	14	1	1867.61805	409.02985	1690.32529	390.89552
APO_018	15	0	685.34313	270.87313	696.73662	287.99627
APO_018	15	1	453.15005	299.58582	469.07660	321.74627
APO_018	16	0	644.70094	850.29851	245.79224	862.38806
APO_018	16	1	942.87513	628.65672	535.90766	634.70149
APO_018	17	0	918.69885	574.25373	723.27387	584.32836
APO_018	17	1	1166.50577	461.41791	958.99265	459.40299
APO_018	18	0	584.26023	326.41791	340.48269	346.56716
APO_018	18	1	930.78699	261.94030	707.15635	267.98507
APO_018	19	0	1087.93284	936.94030	525.83421	959.10448
APO_018	19	1	775.65582	870.44776	181.32214	900.67164
APO_018	20	0	1071.81532	765.67164	632.61280	777.76119
APO_018	20	1	828.03778	648.80597	366.67366	675.00000
APO_018	21	0	1361.93075	584.32836	787.74397	590.37313
APO_018	21	1	1043.60965	646.79104	513.74607	670.97015
APO_018	22	0	1100.02099	765.67164	687.00944	779.77612
APO_018	22	1	1329.69570	638.73134	912.65477	650.82090
APO_018	23	0	848.18468	795.89552	473.45226	812.01493
APO_018	23	1	648.73033	697.16418	261.90976	713.28358
APO_018	24	0	791.77335	896.64179	394.87933	918.80597
APO_018	24	1	535.90766	848.28358	98.71983	866.41791
APO_018	25	0	509.71668	656.86567	213.55719	664.92537
APO_018	25	1	304.21826	576.26866	2.01469	584.32836
APO_019	0	0	1465.79119	358.68657	1184.18048	369.69403
APO_019	0	1	1610.17733	326.78358	1353.07870	341.14925
APO_019	1	0	745.43547	576.26866	475.46695	594.40299
APO_019	1	1	1051.66842	582.31343	765.58237	592.38806
APO_019	2	0	1132.48793	490.14179	1030.18258	501.62313
APO_019	2	1	1568.67051	437.01493	1487.84680	431.13060
APO_019	3	0	1449.00944	423.39925	1342.30010	430.45149
APO_019	3	1	1560.32109	406.27239	1468.72193	410.80597
APO_019	4	0	981.15425	334.47761	535.90766	334.47761
APO_019	4	1	1134.27072	374.77612	775.65582	386.86567
APO_019	5	0	1233.94019	405.90299	1140.37356	417.53358
APO_019	5	1	1345.75551	382.73134	1266.79538	389.32463
APO_019	6	0	799.83211	372.76119	676.93599	384.85075
APO_019	6	1	948.91920	362.68657	817.96432	372.76119
APO_019	7	0	697.08290	507.76119	429.12907	527.91045
APO_019	7	1	860.27282	513.80597	636.64218	525.89552
APO_019	8	0	703.12697	630.67164	477.48164	646.79104
APO_019	8	1	872.36097	608.50746	678.95068	626.64179
APO_019	9	0	919.84785	610.28358	637.42497	627.24627
APO_019	9	1	1043.24764	514.57463	802.12592	529.52239
APO_019	10	0	1051.66842	497.68657	739.39140	513.80597
APO_019	10	1	1190.33998	448.57090	924.46800	461.44403
APO_019	11	0	715.21511	58.43284	529.86359	78.58209
APO_019	11	1	875.77754	88.65672	674.63379	107.79851
APO_019	12	0	1032.36621	144.42164	966.52781	155.30970
APO_019	12	1	1146.19622	173.63806	1077.83945	178.48134
APO_019	13	0	850.01679	262.91791	695.99895	278.47388
APO_019	13	1	996.08185	277.52612	844.07870	291.06716
APO_019	14	0	1294.55194	365.55597	1222.72508	370.41418
APO_019	14	1	1391.05666	379.69030	1331.58972	383.46642
APO_019	15	0	1249.00525	336.01493	1173.28541	348.32463
APO_019	15	1	1348.73242	353.14179	1280.06401	359.40672
APO_019	16	0	1391.70829	400.01493	1304.24029	406.75746
APO_019	16	1	1513.09339	380.87313	1432.17314	390.63806
APO_019	17	0	1322.20147	471.54478	1260.42078	478.79104
APO_019	17	1	1420.41763	461.47015	1366.69570	470.73134
APO_019	18	0	1526.42497	461.19403	1451.31480	470.63060
APO_019	18	1	1622.62644	445.57836	1564.13746	451.99254
APO_019	19	0	1285.67156	430.67537	1112.95068	442.92164
APO_019	19	1	1460.94963	361.66418	1274.12592	368.87313
APO_019	20	0	421.18258	79.08582	417.83316	124.42164
APO_019	20	1	668.98951	145.57836	645.99685	174.29104
APO_019	21	0	1356.16789	634.73881	1111.49843	650.41791
APO_019	21	1	1683.75131	583.70149	1418.29591	597.43657
APO_019	22	0	1165.81112	420.52612	947.96957	432.08209
APO_019	22	1	1474.01259	417.94776	1181.16999	432.58582
APO_019	23	0	1096.55404	582.90299	66.48478	606.49254
APO_019	23	1	1513.62225	551.33209	699.09759	572.23881
APO_019	24	0	1317.60756	318.35821	1138.30010	334.47761
APO_019	24	1	1530.36201	242.98507	1363.94544	241.79104
APO_019	25	0	1524.51731	576.04478	1345.39979	587.97015
APO_019	25	1	1804.55929	626.41791	1609.32424	643.38060
APO_019	26	0	833.94334	670.32836	644.24869	682.74254
APO_019	26	1	992.60021	619.95522	825.57083	632.87313
APO_019	27	0	1269.25498	223.65672	634.62749	233.73134
APO_019	27	1	1670.17838	223.65672	1087.93284	251.86567
APO_019	28	0	1398.19517	413.05970	1106.06506	423.13433
APO_019	28	1	1811.20672	261.94030	1478.78279	276.04478
APO_019	29	0	1436.63484	381.76493	1226.94648	386.86567
APO_019	29	1	1810.70304	271.59328	1590.40923	261.39179
APO_019	30	0	1129.36097	273.86567	1017.48688	284.67537
APO_019	30	1	756.13956	205.35821	616.32949	217.93284
APO_020	0	0	1023.25498	593.15672	785.76600	577.73507
APO_020	0	1	920.50577	549.33209	692.58657	530.38433
APO_020	1	0	1136.28541	72.53731	969.06611	66.49254
APO_020	1	1	1809.19203	110.82090	1583.54669	100.74627
APO_020	2	0	862.22665	571.92537	699.90661	549.02239
APO_020	2	1	1000.73662	570.41418	839.92760	552.04478
APO_020	3	0	1475.44596	174.83582	1058.74292	171.08582
APO_020	3	1	1060.03987	195.38433	658.82686	175.61940
APO_020	4	0	1220.90241	519.85075	18.13221	499.70149
APO_020	4	1	1863.58867	546.04478	419.05561	529.92537
APO_020	5	0	334.43861	594.40299	192.90661	560.94776
APO_020	5	1	509.71668	675.00000	330.91291	637.01119
APO_020	6	0	1361.93075	668.95522	656.78909	658.88060
APO_020	6	1	1793.07450	880.52239	864.30220	838.20896
APO_020	7	0	1430.43022	576.26866	1174.56453	570.22388
APO_020	7	1	1599.66422	616.56716	1327.68101	612.53731
APO_020	8	0	1416.21091	516.92910	1207.34418	509.33955
APO_020	8	1	1555.72823	526.50000	1347.36516	529.99254
APO_020	9	0	1617.79643	491.64179	1116.22665	499.65299
APO_020	9	1	1829.33893	465.44776	1265.81742	466.91045
APO_020	10	0	1675.71878	583.00746	1408.09444	585.62687
APO_020	10	1	1791.56348	627.83955	1514.87303	630.96269
APO_020	11	0	1696.36936	531.94030	1480.02413	535.04478
APO_020	11	1	1899.34942	552.47388	1650.76915	556.70522
APO_020	12	0	952.12697	605.09701	715.77440	590.72761
APO_020	12	1	1141.50787	559.76119	881.98636	547.91045
APO_020	13	0	1182.30745	533.97761	986.59077	528.95522
APO_020	13	1	1377.22875	532.97015	1140.71459	527.44403
APO_020	14	0	1273.28437	640.74627	793.78804	630.67164
APO_020	14	1	1625.85519	606.49254	1021.44806	600.44776
APO_020	15	0	660.81847	872.46269	251.83631	834.17910
APO_020	15	1	1148.00105	704.15299	953.46065	686.62687
APO_020	16	0	1238.41028	740.20149	1013.96222	738.12687
APO_020	16	1	1501.32739	671.69403	1255.22141	672.64179
APO_020	17	0	670.89192	814.02985	455.32004	783.80597
APO_020	17	1	912.50157	759.04478	737.34313	740.28731
APO_020	18	0	857.66107	906.96269	603.92550	868.72388
APO_020	18	1	1145.76180	911.49627	878.42707	902.97761
APO_020	19	0	1177.98321	608.47388	1028.65897	598.38433
APO_020	19	1	967.44806	610.48881	783.37041	594.85821
APO_021	0	0	819.97901	640.74627	527.84890	656.86567
APO_021	0	1	1424.38615	529.92537	1220.90241	554.10448
APO_021	1	0	1301.75971	701.70896	1049.35467	725.78358
APO_021	1	1	1416.09339	742.00746	1132.46065	766.58582
APO_021	2	0	905.07870	570.84328	744.84995	593.36194
APO_021	2	1	731.31165	637.33582	541.86988	655.32090
APO_021	3	0	1311.56348	828.13433	751.47954	852.31343
APO_021	3	1	1805.16264	934.92537	1075.84470	926.86567
APO_021	4	0	826.74502	444.02239	715.03253	465.69403
APO_021	4	1	1002.02308	482.30597	889.80693	507.50373
APO_021	5	0	846.73033	458.42164	544.36306	474.03731
APO_021	5	1	1070.36097	440.28731	793.17733	460.94030
APO_021	6	0	1465.13746	346.73881	1275.37251	371.89552
APO_021	6	1	1283.81532	340.69403	1104.12382	364.33955
APO_021	7	0	1400.56873	554.50373	1132.19727	580.33955
APO_021	7	1	1671.54460	478.94403	1364.39035	506.79478
APO_021	8	0	1097.49843	598.34328	801.91396	619.45522
APO_021	8	1	1269.25079	465.86194	983.73977	486.97388
APO_021	9	0	1135.77754	626.55224	819.03882	644.64179
APO_021	9	1	1316.09234	472.41045	984.24344	492.01119
APO_021	10	0	1361.93075	515.82090	1102.03568	540.00000
APO_021	10	1	1623.84050	517.83582	1297.46065	540.00000
APO_021	11	0	1660.10493	314.32836	1279.32844	338.50746
APO_021	11	1	1903.88248	189.40299	1515.04722	229.70149
APO_021	12	0	1058.49528	288.59328	1057.56139	314.44403
APO_021	12	1	1245.35782	270.45896	1250.46800	295.30224
APO_021	13	0	1189.34418	647.64552	961.99580	671.72015
APO_021	13	1	1591.72193	681.82463	1277.79853	705.47015
APO_021	14	0	958.99265	656.86567	616.49528	668.95522
APO_021	14	1	1708.45750	640.74627	1426.40084	668.95522
APO_021	15	0	1488.34103	464.54104	1339.01049	493.16418
APO_021	15	1	1724.56348	455.97761	1559.61910	485.60821
APO_021	16	0	1336.31480	512.66045	942.01469	537.38806
APO_021	16	1	1659.39454	420.80597	1227.09339	448.22761
APO_021	17	0	1558.64953	384.05970	1371.92865	411.21642
APO_021	17	1	1824.08499	333.18284	1594.55194	353.28731
APO_022	0	0	1216.78069	668.94030	1021.75866	671.42910
APO_022	0	1	1051.07240	682.03731	846.98426	683.51866
APO_022	1	0	849.14061	656.53358	600.25498	653.66045
APO_022	1	1	617.45121	633.36194	315.17629	633.00746
APO_022	2	0	486.82476	689.99254	320.50157	682.00746
APO_022	2	1	324.64218	647.67910	137.66842	644.22761
APO_022	3	0	668.87723	864.40299	403.81742	859.39179
APO_022	3	1	451.80378	857.98507	194.79328	865.43657
APO_022	4	0	320.33578	402.98507	46.33788	400.97015
APO_022	4	1	616.49528	227.68657	372.71773	233.73134
APO_022	5	0	1409.54145	416.43657	1281.68101	415.60075
APO_022	5	1	1136.55089	421.47388	1028.83736	423.66045
APO_022	6	0	1189.58552	262.39925	956.97796	263.95522
APO_022	6	1	854.64323	211.52239	600.37775	207.53731
APO_022	7	0	1361.23295	152.91045	1168.32424	148.67164
APO_022	7	1	1109.39664	165.50373	922.53200	164.79104
APO_022	8	0	947.71459	560.90299	868.61175	561.09701
APO_022	8	1	784.02099	557.37687	695.85205	558.07463
APO_022	9	0	866.37251	295.45149	558.47534	293.22761
APO_022	9	1	677.49528	262.70896	346.93284	259.98134
APO_022	10	0	1064.53830	337.89552	688.66002	337.59701
APO_022	10	1	881.70514	339.91045	489.70934	336.58955
APO_022	11	0	1038.85100	388.26866	836.64323	389.94030
APO_022	11	1	883.21616	407.91418	692.81112	410.82090
APO_022	12	0	1057.99056	432.09328	941.62539	432.98507
APO_022	12	1	952.21931	471.88806	832.83211	473.28358
APO_022	13	0	1122.35467	483.72388	958.36516	483.84328
APO_022	13	1	1004.49528	494.30224	852.09024	495.42910
APO_022	14	0	1554.35047	545.30224	1476.82896	549.79104
APO_022	14	1	1440.52046	579.55597	1355.44386	584.04478
APO_022	15	0	1191.21091	351.06716	1110.62644	350.11940
APO_022	15	1	1093.49843	340.99254	1018.95803	340.04478
APO_022	16	0	711.18573	854.32836	394.87933	848.28358
APO_022	16	1	388.83526	709.25373	64.47009	703.20896
APO_022	17	0	1005.33054	715.29851	680.96537	711.26866
APO_022	17	1	610.45121	620.59701	207.51312	614.55224
APO_022	18	0	1095.99161	1005.44776	642.68625	1005.44776
APO_022	18	1	658.80378	971.19403	106.77859	995.37313
APO_022	19	0	1168.52046	953.05970	815.94963	957.08955
APO_022	19	1	848.01679	798.48134	531.68206	805.86567
APO_022	20	0	257.88038	521.86567	108.79328	517.83582
APO_022	20	1	795.80273	588.35821	678.95068	586.34328
APO_022	21	0	1108.07975	360.67164	765.58237	362.68657
APO_022	21	1	886.46380	261.94030	545.98111	253.88060
APO_022	22	0	914.66946	828.13433	519.88772	832.16045
APO_022	22	1	671.68940	838.97761	255.97692	843.14179
APO_022	23	0	874.37566	564.17910	560.08395	564.17910
APO_022	23	1	691.03882	497.68657	336.45331	493.65672
APO_022	24	0	582.24554	616.56716	227.66002	616.56716
APO_022	24	1	761.55299	479.55224	465.39349	477.53731
APO_022	25	0	878.45750	613.45149	636.31060	615.45149
APO_022	25	1	726.85205	600.35448	486.71983	600.33955
APO_022	26	0	1424.38615	1009.47761	971.08080	1001.41791
APO_022	26	1	682.98006	828.13433	336.45331	834.17910
APO_022	27	0	1456.62120	797.91045	868.33158	795.89552
APO_022	27	1	1865.60336	846.26866	1289.40189	840.22388
APO_022	28	0	772.91291	343.55597	789.23295	349.05224
APO_022	28	1	608.21196	258.42537	634.60546	270.97388
APO_022	29	0	1533.17943	622.61194	1283.35782	618.58209
APO_022	29	1	1821.28017	598.43284	1567.42917	604.47761
APO_022	30	0	1374.01889	701.19403	1247.09339	705.22388
APO_022	30	1	1541.23820	666.94030	1436.47429	672.98507
APO_022	31	0	906.61070	797.91045	590.30430	801.94030
APO_022	31	1	592.31899	791.86567	316.30640	779.77612
APO_022	32	0	699.09759	666.94030	314.29171	668.95522
APO_022	32	1	1033.53620	608.50746	678.95068	610.52239
APO_022	33	0	1417.52466	383.02612	1112.00210	381.88060
APO_022	33	1	1666.84260	433.39925	1327.07030	436.78731
APO_022	34	0	99.22350	504.89552	31.22770	503.68284
APO_022	34	1	380.27282	491.29478	309.25498	495.11940
APO_023	0	0	1435.71563	714.77612	1113.62015	741.01119
APO_023	0	1	1711.22455	809.98134	1349.84260	836.21642
APO_023	1	0	1374.59391	539.72761	1179.46905	561.87687
APO_023	1	1	1772.42392	432.54104	1526.08604	461.81343
APO_023	2	0	1522.67366	830.38060	956.70724	840.62313
APO_023	2	1	1254.21616	756.33209	719.47744	775.13806
APO_023	3	0	1454.46170	679.45896	1184.26338	704.36194
APO_023	3	1	1673.55929	668.37687	1397.82057	697.30970
APO_023	4	0	1112.93599	715.35075	669.68625	732.24627
APO_023	4	1	1349.15845	629.71642	915.47849	654.16791
APO_023	5	0	1225.18258	732.80597	861.58552	755.92164
APO_023	5	1	1477.52256	762.52612	1070.64113	791.99254
APO_023	6	0	1050.22665	396.39179	955.46590	418.97015
APO_023	6	1	1226.51207	377.75373	1119.66317	401.33955
APO_023	7	0	874.27072	368.16791	620.01364	386.96269
APO_023	7	1	1046.52676	351.04104	841.62959	369.83582
APO_023	8	0	1295.13116	362.88806	1185.89612	380.38433
APO_023	8	1	1523.79853	347.77612	1421.11123	371.31716
APO_023	9	0	1440.50367	777.76119	888.47849	805.97015
APO_023	9	1	1710.47219	717.31343	1186.65268	733.43284
APO_023	10	0	1158.44701	924.85075	380.77650	953.05970
APO_023	10	1	1450.57712	650.82090	703.12697	670.97015
APO_023	11	0	1372.00420	471.49254	904.59601	497.68657
APO_023	11	1	1144.34418	445.29851	707.15635	461.41791
APO_023	12	0	1069.80063	517.83582	749.46485	537.98507
APO_023	12	1	1272.33263	558.00000	950.60441	579.60075
APO_023	13	0	976.23085	571.68657	533.89297	590.37313
APO_023	13	1	1263.82791	668.40299	801.84680	691.11940
APO_023	14	0	776.33368	735.20896	239.74816	753.58209
APO_023	14	1	1070.98216	716.06716	570.15740	731.41791
APO_023	15	0	991.22770	169.25373	318.32109	167.23881
APO_023	15	1	1206.79958	122.91045	664.84785	147.08955
APO_023	16	0	1464.67996	987.31343	735.36201	1001.41791
APO_023	16	1	1839.41238	955.07463	1106.06506	959.10448
APO_023	17	0	1430.43022	658.88060	1130.24134	691.11940
APO_023	17	1	1599.66422	654.85075	1315.59286	683.05970
APO_023	18	0	1269.25498	844.25373	684.99475	848.28358
APO_023	18	1	1075.84470	886.56716	423.08499	914.77612
APO_023	19	0	1299.47534	350.59701	1047.63903	370.74627
APO_023	19	1	1500.94439	324.40299	1220.90241	352.61194
APO_023	20	0	513.74607	265.97015	437.18783	298.20896
APO_023	20	1	817.96432	288.13433	717.22980	312.31343
APO_023	21	0	1243.06401	342.53731	985.18363	362.68657
APO_023	21	1	1825.30955	509.77612	1589.59077	548.05970
APO_023	22	0	836.63694	502.79478	717.65163	523.78731
APO_023	22	1	652.79643	427.23507	541.86988	449.23507
APO_024	0	0	943.52361	644.39925	743.93075	626.93284
APO_024	0	1	797.45855	651.95522	564.62329	628.94776
APO_024	1	0	1295.44596	801.94030	489.56978	803.95522
APO_024	1	1	1803.14795	868.43284	983.67051	809.24254
APO_024	2	0	993.24239	777.76119	519.79014	757.61194
APO_024	2	1	758.85519	855.49627	303.14166	836.57836
APO_024	3	0	1549.29696	407.01493	1033.53620	409.02985
APO_024	3	1	1283.35782	487.61194	828.03778	477.53731
APO_024	4	0	1428.41553	636.71642	870.34627	628.65672
APO_024	4	1	1198.74082	701.19403	640.67156	693.13433
APO_024	5	0	1319.76915	518.61567	1039.81322	514.67537
APO_024	5	1	1038.71983	496.95522	747.17943	484.95522
APO_024	6	0	787.15950	431.84328	472.70724	408.02239
APO_024	6	1	400.45435	429.91791	24.17629	388.62313
APO_024	7	0	1305.51941	409.02985	1114.02099	405.83955
APO_024	7	1	1595.63484	356.64179	1353.26548	354.45896
APO_024	8	0	1369.98951	832.16418	767.59706	818.05970
APO_024	8	1	848.18468	697.16418	396.89402	689.10448
APO_024	9	0	1206.79958	463.43284	868.33158	449.32836
APO_024	9	1	876.39035	358.65672	570.15740	334.47761
APO_024	10	0	895.24029	635.20522	589.37671	616.60821
APO_024	10	1	757.73767	610.01866	459.42917	585.37687
APO_024	11	0	695.27072	435.75000	472.94334	412.86194
APO_024	11	1	824.21091	374.79851	620.01574	358.96269
APO_024	12	0	870.34627	525.89552	624.55404	505.74627
APO_024	12	1	693.05352	485.59701	437.18783	463.43284
APO_024	13	0	724.45331	376.08955	557.81112	360.04478
APO_024	13	1	541.62015	356.94776	359.06506	333.85448
APO_024	14	0	738.45016	411.29478	536.55299	390.53358
APO_024	14	1	543.52886	400.71642	304.35992	373.91045
APO_024	15	0	1154.41763	723.35821	684.99475	715.29851
APO_024	15	1	826.02308	624.62687	352.57083	602.46269
APO_024	16	0	1194.71144	705.22388	793.78804	691.11940
APO_024	16	1	938.84575	495.67164	574.18678	477.53731
APO_024	17	0	934.81637	437.23881	517.77545	411.04478
APO_024	17	1	584.26023	328.43284	116.85205	292.16418
APO_024	18	0	1345.69255	358.60821	1031.37251	353.86940
APO_024	18	1	1128.10598	292.61940	777.52151	277.80597
APO_024	19	0	1343.54565	645.51119	1089.14166	643.61567
APO_024	19	1	744.03568	566.91791	566.53515	547.91045
APO_025	0	0	1302.61595	671.52612	1060.06506	685.14179
APO_025	0	1	1499.04827	636.26493	1231.31375	652.90299
APO_025	1	0	751.46170	523.02985	416.44071	515.14925
APO_025	1	1	921.70304	497.84328	594.74082	495.50373
APO_025	2	0	1313.63484	526.14179	961.71563	538.76493
APO_025	2	1	1459.19622	439.50000	1123.89822	449.10075
APO_025	3	0	1107.30325	677.47015	615.88038	678.95522
APO_025	3	1	879.64323	784.76493	411.38930	779.19776
APO_025	4	0	1748.75131	846.26866	1305.88772	857.17164
APO_025	4	1	1426.40294	798.97015	1090.81952	801.25746
APO_025	5	0	1440.50367	396.94030	858.25813	409.02985
APO_025	5	1	1710.47219	405.00000	1033.53620	425.14925
APO_025	6	0	1087.93284	733.43284	306.23295	733.43284
APO_025	6	1	868.33158	697.16418	44.32319	713.28358
APO_025	7	0	765.58237	324.40299	324.36516	308.28358
APO_025	7	1	626.56873	384.85075	124.91081	364.70149
APO_025	8	0	1551.43232	772.58582	1221.65268	783.01493
APO_025	8	1	1744.84260	784.67537	1375.77650	800.64552
APO_025	9	0	1122.97901	532.24627	670.81007	534.36567
APO_025	9	1	842.93704	472.30224	368.60651	471.39925
APO_025	10	0	1263.21091	743.50746	678.95068	751.56716
APO_025	10	1	1635.92865	737.46269	934.81637	739.47761
APO_025	11	0	1511.01784	864.40299	1081.88877	870.44776
APO_025	11	1	1845.45645	924.85075	1359.91605	926.86567
APO_025	12	0	1478.78279	679.02985	1122.18258	697.16418
APO_025	12	1	1754.79538	717.31343	1337.75446	717.31343
APO_025	13	0	1442.51836	685.07463	578.21616	677.01493
APO_025	13	1	1043.60965	618.58209	141.02833	604.47761
APO_025	14	0	743.42078	656.86567	505.68730	656.86567
APO_025	14	1	570.15740	624.62687	336.45331	616.56716
APO_025	15	0	934.81637	934.92537	357.79224	948.72761
APO_025	15	1	1190.68206	701.19403	701.11228	717.31343
APO_025	16	0	1650.03148	840.22388	1166.50577	838.20896
APO_025	16	1	513.74607	491.64179	20.14690	469.47761
APO_025	17	0	1530.15740	555.02239	1343.81217	565.15672
APO_025	17	1	1885.75026	485.50746	1695.87933	506.22015
APO_025	18	0	452.99895	306.75373	219.69360	304.33955
APO_025	18	1	649.43127	366.69776	433.75446	362.26866
APO_025	19	0	874.53200	305.83582	513.74607	302.23881
APO_025	19	1	1075.49738	342.60821	743.42078	340.52239
APO_025	20	0	1298.95383	392.86567	906.61070	405.00000
APO_025	20	1	1051.84050	374.79851	656.84050	370.93284
APO_025	21	0	1430.43022	247.83582	757.52361	259.92537
APO_025	21	1	1198.74082	197.46269	360.62959	167.23881
APO_025	22	0	1617.79643	638.73134	1150.38825	658.88060
APO_025	22	1	1206.79958	485.59701	882.43442	505.74627
APO_025	23	0	1323.65163	294.17910	1120.16789	304.25373
APO_025	23	1	1134.27072	272.01493	938.84575	282.08955
APO_025	24	0	1496.91501	185.37313	1265.22560	195.44776
APO_025	24	1	1287.38720	165.22388	1043.60965	169.25373
APO_025	25	0	1389.07135	63.97388	1166.04197	69.01119
APO_025	25	1	1184.58027	120.89552	994.79328	130.97015
APO_025	26	0	961.00735	481.56716	60.44071	457.38806
APO_025	26	1	1436.47429	431.19403	687.00944	449.32836
APO_025	27	0	1289.40189	596.41791	572.17209	596.41791
APO_025	27	1	1829.33893	511.79104	1025.47744	519.85075
APO_025	28	0	1897.83841	707.23881	1502.95908	715.29851
APO_025	28	1	1017.41868	634.70149	715.21511	616.56716
APO_025	29	0	638.65687	475.52239	510.34837	472.91418
APO_025	29	1	842.14061	394.92537	714.33578	400.88060
APO_026	0	0	809.90556	642.76119	501.65792	642.76119
APO_026	0	1	497.62854	721.34328	181.32214	723.35821
APO_026	1	0	1085.48374	694.89552	942.32214	687.21642
APO_026	1	1	1249.17733	679.27985	1088.38720	671.09701
APO_026	2	0	1086.19622	582.10448	910.05666	571.02239
APO_026	2	1	948.69360	547.34701	761.47324	537.27239
APO_026	3	0	983.57817	454.58582	433.75446	440.57090
APO_026	3	1	731.23820	461.63806	125.50682	451.65299
APO_026	4	0	796.53830	753.73881	510.31375	749.39925
APO_026	4	1	680.18993	768.85075	372.81112	764.51119
APO_026	5	0	1016.68835	614.93284	400.92340	608.50746
APO_026	5	1	750.24554	570.10075	46.33788	570.22388
APO_026	6	0	1827.32424	862.38806	1235.00525	816.04478
APO_026	6	1	1446.54774	801.94030	983.16894	771.71642
APO_026	7	0	695.19727	900.84328	231.48793	905.21642
APO_026	7	1	827.66317	876.66418	428.42392	878.51866
APO_026	8	0	1237.45121	774.12687	976.70829	762.55597
APO_026	8	1	1376.96852	730.30224	1107.66317	711.67910
APO_026	9	0	1197.15740	857.74627	900.15005	844.66418
APO_026	9	1	1379.99056	852.70896	1081.47219	837.10821
APO_026	10	0	679.62225	538.97761	588.22560	534.60075
APO_026	10	1	497.29276	500.69403	406.90346	502.36194
APO_026	11	0	1336.13851	441.08955	1100.02099	420.55597
APO_026	11	1	1586.96747	382.15299	1372.00420	355.57463
APO_026	12	0	618.53200	767.72761	358.02833	767.29851
APO_026	12	1	789.27702	657.91418	536.83211	653.95896
APO_026	13	0	1224.20672	740.52239	611.28751	725.48881
APO_026	13	1	818.21196	749.73881	166.71563	756.45149
APO_026	14	0	1024.43861	439.50373	935.13746	429.07463
APO_026	14	1	893.48374	456.12687	797.13116	449.72761
APO_026	15	0	1106.06506	797.91045	672.90661	783.80597
APO_026	15	1	1337.75446	580.29851	904.59601	560.14925
APO_026	16	0	1847.47114	286.11940	1106.06506	274.02985
APO_026	16	1	1372.00420	286.11940	693.05352	265.97015
APO_026	17	0	1281.10493	565.26866	1151.20462	550.14179
APO_026	17	1	1439.25813	519.42910	1325.47534	498.25746
APO_026	18	0	1803.14795	650.82090	1110.09444	620.59701
APO_026	18	1	1464.67996	501.71642	922.72823	485.59701
APO_026	19	0	1519.07660	296.19403	1059.72718	282.08955
APO_026	19	1	1222.91710	320.37313	775.65582	296.19403
APO_026	20	0	938.84575	443.28358	473.45226	429.17910
APO_026	20	1	1172.54984	465.44776	658.80378	451.34328
APO_026	21	0	832.06716	562.16418	437.18783	564.17910
APO_026	21	1	1071.81532	594.40299	654.77440	588.35821
APO_026	22	0	1100.02099	695.14925	777.67051	679.02985
APO_026	22	1	1287.38720	608.50746	971.08080	590.37313
APO_026	23	0	1587.57608	959.10448	1182.62329	928.88060
APO_026	23	1	765.58237	679.02985	443.23190	666.94030
APO_026	24	0	1879.70619	797.91045	979.13956	723.35821
APO_026	24	1	1027.49213	588.35821	44.32319	584.32836
APO_027	0	0	750.59706	694.12313	532.16684	683.99254
APO_027	0	1	543.58762	796.38060	312.06191	785.24254
APO_027	1	0	776.87618	606.35448	601.42392	598.17910
APO_027	1	1	512.44806	586.70896	307.78279	583.06716
APO_027	2	0	1203.34732	585.33209	1138.42812	576.70896
APO_027	2	1	1058.79328	570.22015	990.34837	564.11567
APO_027	3	0	528.69990	581.58582	356.81007	575.77612
APO_027	3	1	286.43337	569.49627	111.52151	567.71642
APO_027	4	0	1059.72718	521.86567	666.86254	517.83582
APO_027	4	1	558.06925	614.55224	225.64533	592.38806
APO_027	5	0	1200.75551	737.46269	870.34627	749.55224
APO_027	5	1	932.80168	703.20896	592.31899	697.16418
APO_027	6	0	965.03673	781.79104	594.33368	767.68657
APO_027	6	1	712.27807	731.45896	322.35047	729.40299
APO_027	7	0	696.05666	483.02985	640.60756	480.80597
APO_027	7	1	499.12067	460.86567	453.24134	463.17537
APO_027	8	0	914.04197	610.23881	668.02308	602.69776
APO_027	8	1	698.97377	559.86567	460.00630	556.35448
APO_027	9	0	1695.73242	476.21269	1505.24029	454.06343
APO_027	9	1	1502.82581	483.76866	1307.80063	468.67164
APO_027	10	0	1641.32424	668.01493	1202.91605	650.20896
APO_027	10	1	1403.08709	570.79478	1045.26653	560.04104
APO_027	11	0	1243.32844	640.68657	952.59077	626.02985
APO_027	11	1	1032.03882	600.00000	743.99475	591.52612
APO_027	12	0	1105.57503	689.66418	697.15320	676.15299
APO_027	12	1	840.64323	615.11194	426.28961	610.00000
APO_027	13	0	888.47849	997.38806	334.43861	997.38806
APO_027	13	1	1456.62120	999.40299	914.66946	977.23881
APO_027	14	0	1353.87198	787.83582	1102.68520	767.54851
APO_027	14	1	788.09759	648.44403	657.31480	641.52612
APO_027	15	0	1608.33158	527.85075	1618.99370	520.72388
APO_027	15	1	1262.30850	522.30970	1243.59496	512.92537
APO_027	16	0	741.64848	524.49627	500.46800	518.36567
APO_027	16	1	496.86359	476.13806	263.74187	471.01493
APO_028	0	0	1532.67576	895.11194	1184.13116	877.46642
APO_028	0	1	1885.24659	905.69030	1441.50787	898.11940
APO_028	1	0	1469.31899	545.44776	1201.46590	542.47015
APO_028	1	1	1775.04827	408.43284	1516.76495	407.47015
APO_028	2	0	1354.89297	603.04851	1172.54984	610.52239
APO_028	2	1	1748.76495	718.90672	1581.53200	729.40299
APO_028	3	0	1335.41133	785.51866	1016.50997	780.60075
APO_028	3	1	1660.78384	742.19776	1319.72088	741.30970
APO_028	4	0	712.43652	487.45896	562.28227	475.84328
APO_028	4	1	1007.58867	508.61567	828.72508	478.36194
APO_028	5	0	1563.39979	810.00000	767.59706	793.88060
APO_028	5	1	1869.63274	580.29851	1108.07975	584.32836
APO_028	6	0	534.49528	574.63806	112.82267	548.05970
APO_028	6	1	751.57817	524.26493	417.04092	501.71642
APO_028	7	0	927.42183	448.52612	819.12802	442.03731
APO_028	7	1	1232.14376	433.91791	1099.67366	428.43657
APO_028	8	0	1859.05561	547.97015	1441.12592	548.73507
APO_028	8	1	1579.01364	532.85821	1215.48059	532.61567
APO_028	9	0	1331.71039	739.47761	965.03673	731.41791
APO_028	9	1	1857.54460	864.40299	1363.94544	846.26866
APO_028	10	0	1347.82791	914.77612	529.86359	900.67164
APO_028	10	1	1577.50262	677.01493	894.52256	679.02985
APO_028	11	0	678.95068	167.23881	165.20462	124.92537
APO_028	11	1	963.02204	98.73134	489.56978	70.52239
APO_028	12	0	1230.97587	233.73134	791.77335	213.58209
APO_028	12	1	1565.41448	120.89552	1102.03568	106.79104
APO_028	13	0	1098.00630	477.53731	917.85205	471.73881
APO_028	13	1	1301.69255	459.30970	1100.18153	451.58955
APO_028	14	0	588.28961	656.86567	300.18888	638.73134
APO_028	14	1	364.65897	626.64179	78.57293	622.61194
APO_028	15	0	1521.09129	548.05970	1269.16369	548.53358
APO_028	15	1	1819.26548	566.33955	1498.33473	564.65299
APO_028	16	0	1144.34418	818.05970	817.96432	816.04478
APO_028	16	1	1557.35572	757.61194	1148.37356	743.50746
APO_028	17	0	892.50787	761.64179	560.08395	753.58209
APO_028	17	1	1206.79958	640.74627	918.69885	630.67164
APO_028	18	0	1438.66422	509.54851	1151.62749	502.21642
APO_028	18	1	1697.04827	493.42910	1345.03778	487.10448
APO_028	19	0	983.16894	540.00000	598.36306	523.88060
APO_028	19	1	1180.60860	509.77612	896.53725	507.76119
APO_028	20	0	1162.47639	388.88060	946.90451	376.79104
APO_028	20	1	1446.54774	310.29851	1192.69675	308.28358
APO_029	0	0	556.23715	702.63060	174.27072	697.02985
APO_029	0	1	470.10913	718.75000	91.16474	710.12687
APO_029	1	0	1487.16684	509.84701	849.05247	487.22388
APO_029	1	1	1119.56139	491.59328	537.78279	477.14925
APO_029	2	0	1349.97377	549.92537	1108.07975	537.98507
APO_029	2	1	1798.18783	595.77985	1466.69465	574.25373
APO_029	3	0	1376.03358	765.67164	981.15425	751.56716
APO_029	3	1	1835.38300	781.79104	1380.06296	763.65672
APO_029	4	0	952.94858	775.74627	656.94334	770.03731
APO_029	4	1	1342.58552	760.00746	1047.64848	778.92537
APO_029	5	0	1135.48269	559.68284	794.19937	547.60821
APO_029	5	1	850.90766	485.63433	500.55824	477.58955
APO_029	6	0	1183.69990	496.05224	919.50892	484.25746
APO_029	6	1	988.77859	485.47388	742.21616	479.22015
APO_029	7	0	1011.37461	777.76119	402.93809	759.62687
APO_029	7	1	755.50892	576.26866	171.24869	568.20896
APO_029	8	0	813.93494	463.43284	455.32004	453.35821
APO_029	8	1	1019.43337	332.46269	632.61280	324.40299
APO_029	9	0	1232.99056	749.55224	676.93599	739.47761
APO_029	9	1	1009.35992	576.26866	525.83421	556.11940
APO_029	10	0	1158.44701	580.29851	838.11123	562.16418
APO_029	10	1	1277.31375	485.59701	1001.30115	485.59701
APO_029	11	0	1175.58552	468.12687	987.59706	458.08209
APO_029	11	1	1029.01679	444.45149	829.44386	435.91791
APO_029	12	0	1273.28437	1073.95522	547.99580	1067.91045
APO_029	12	1	769.61175	977.23881	84.61700	985.29851
APO_029	13	0	1382.07765	892.61194	739.39140	870.44776
APO_029	13	1	1813.22141	872.46269	1019.43337	838.20896
APO_029	14	0	1202.77020	822.08955	770.42497	805.25373
APO_029	14	1	1494.90031	787.83582	1009.66946	796.18657
APO_029	15	0	928.77230	814.02985	515.76076	805.97015
APO_029	15	1	1202.77020	604.47761	797.81742	602.46269
APO_029	16	0	1432.96118	560.02985	1103.04092	544.30597
APO_029	16	1	1153.73347	463.56343	869.84050	457.66418
APO_029	17	0	942.87513	560.14925	764.74502	558.69030
APO_029	17	1	1198.74082	602.46269	997.94544	594.45522
APO_029	18	0	1013.65163	249.80597	966.79538	244.39179
APO_029	18	1	814.70094	244.26493	772.37775	245.39925
APO_029	19	0	821.99370	570.22388	483.52571	554.10448
APO_029	19	1	547.99580	233.73134	62.45540	211.56716
APO_029	20	0	1382.69570	520.17164	1299.22141	512.58582
APO_029	20	1	1152.01364	468.79104	1070.55404	459.19030
APO_030	0	0	1070.96852	589.17164	826.78804	590.29478
APO_030	0	1	1013.04617	582.11940	776.92445	583.74627
APO_030	1	0	1259.18153	878.50746	912.65477	880.52239
APO_030	1	1	585.76705	461.81343	294.14481	449.32836
APO_030	2	0	781.20357	606.88806	648.54879	602.56343
APO_030	2	1	575.70514	646.68284	448.08709	639.33582
APO_030	3	0	555.20357	581.28731	486.36621	576.87313
APO_030	3	1	386.47324	623.60075	327.70934	614.65299
APO_030	4	0	855.54565	330.38433	603.08290	328.90299
APO_030	4	1	675.23085	334.91791	375.31899	326.79851
APO_030	5	0	1591.42812	620.30970	1205.47954	626.51866
APO_030	5	1	1370.31584	610.23507	958.67996	614.42910
APO_030	6	0	1109.04197	595.97015	842.80273	597.18657
APO_030	6	1	950.88877	576.32463	625.21616	574.51866
APO_030	7	0	593.36516	506.70522	425.37566	499.84701
APO_030	7	1	380.31165	455.82836	181.09444	448.46642
APO_030	8	0	864.11857	724.26119	398.52676	720.20149
APO_030	8	1	591.63169	654.74627	9.06611	645.46642
APO_030	9	0	1180.60860	916.79104	668.87723	898.65672
APO_030	9	1	697.08290	934.92537	159.16055	947.01493
APO_030	10	0	914.66946	771.71642	612.46590	767.68657
APO_030	10	1	606.42183	691.11940	340.48269	683.05970
APO_030	11	0	908.62539	729.40299	668.87723	721.34328
APO_030	11	1	560.08395	715.29851	247.80693	717.31343
APO_030	12	0	1270.36411	686.48134	1083.73662	696.46642
APO_030	12	1	515.16055	661.23507	290.67156	661.08209
APO_030	13	0	685.53935	545.09328	632.96222	543.83582
APO_030	13	1	1005.37146	551.64179	941.20986	549.37687
APO_030	14	0	1166.10073	687.22015	807.89087	685.07463
APO_030	14	1	1009.96222	634.32836	576.20147	634.70149
APO_030	15	0	949.52151	733.05970	654.77440	727.38806
APO_030	15	1	796.15635	644.33955	439.20252	640.74627
APO_030	16	0	885.30640	768.25746	523.81952	769.70149
APO_030	16	1	641.52886	753.64925	227.66002	741.49254
APO_030	17	0	1086.96432	638.69776	543.96642	634.70149
APO_030	17	1	819.01049	624.08955	167.21931	620.59701
APO_030	18	0	1035.53410	703.91791	572.91605	702.46642
APO_030	18	1	755.49213	650.01866	268.69780	643.52985
APO_030	19	0	1186.65268	834.17910	876.39035	834.17910
APO_030	19	1	471.43757	600.44776	6.04407	582.31343
APO_030	20	0	811.92025	664.92537	477.48164	660.89552
APO_030	20	1	630.59811	544.02985	304.21826	537.98507
APO_030	21	0	680.12592	524.87313	491.93075	521.65299
APO_030	21	1	498.80378	489.10821	277.86988	484.37687
APO_030	22	0	328.89822	357.66045	219.09759	359.09701
APO_030	22	1	111.31165	327.94030	18.63589	332.90299
APO_031	0	0	1557.35572	723.35821	1336.12697	704.86567
APO_031	0	1	1815.23610	713.28358	1548.17314	706.88060
APO_031	1	0	1421.04932	826.54478	1098.00630	810.00000
APO_031	1	1	1552.00420	790.27612	1265.22560	773.73134
APO_031	2	0	1376.03358	789.85075	984.42497	783.74254
APO_031	2	1	1509.00315	677.01493	1161.21406	664.86194
APO_031	3	0	1392.15110	668.95522	1141.39244	657.02239
APO_031	3	1	1543.25289	666.94030	1331.27702	659.03731
APO_031	4	0	1433.55824	493.10448	1411.23400	479.96269
APO_031	4	1	1862.07765	488.95522	1842.43442	472.94403
APO_031	5	0	1230.97587	687.08955	34.24974	689.10448
APO_031	5	1	1791.05981	733.43284	914.66946	697.16418
APO_031	6	0	407.52466	591.57090	139.90766	575.03731
APO_031	6	1	744.48164	549.25746	492.47849	547.83582
APO_031	7	0	1065.39874	618.53358	858.35467	610.96269
APO_031	7	1	808.04617	642.05970	565.62015	634.45896
APO_031	8	0	1353.07345	456.92537	1212.20881	442.86194
APO_031	8	1	1827.32424	393.82836	1694.25393	371.27239
APO_031	9	0	1138.30010	723.35821	755.50892	721.34328
APO_031	9	1	1807.17733	658.88060	1243.06401	626.64179
APO_031	10	0	1196.72613	628.65672	860.27282	618.58209
APO_031	10	1	1412.29801	548.05970	1168.52046	531.94030
APO_031	11	0	1569.44386	638.73134	1289.40189	632.68657
APO_031	11	1	1815.23610	604.47761	1567.42917	596.41791
APO_031	12	0	933.70094	639.85448	596.22350	633.75000
APO_031	12	1	1068.68520	588.97761	787.11542	581.86567
APO_031	13	0	993.24239	479.55224	727.30325	467.46269
APO_031	13	1	1126.21196	433.20896	892.50787	423.13433
APO_031	14	0	1641.97272	421.11940	1247.09339	411.04478
APO_031	14	1	1396.18048	413.05970	1065.77125	400.97015
APO_031	15	0	1148.37356	636.71642	793.78804	628.65672
APO_031	15	1	1275.29906	572.23881	965.03673	550.07463
APO_031	16	0	1369.98951	672.98507	965.03673	652.83582
APO_031	16	1	1513.03253	548.05970	1140.31480	523.88060
APO_031	17	0	1482.80063	535.43657	1345.38090	521.96269
APO_031	17	1	1593.10493	508.23507	1480.86884	489.22015
APO_031	18	0	1643.98741	606.49254	1424.38615	592.38806
APO_031	18	1	1807.17733	572.23881	1607.72298	552.08955
APO_031	19	0	1472.73872	535.97015	1301.49003	540.00000
APO_031	19	1	1643.98741	540.00000	1492.88562	521.86567
APO_031	20	0	1607.72298	731.41791	1075.84470	713.28358
APO_031	20	1	1821.28017	668.95522	1333.72508	650.82090
APO_031	21	0	761.55299	761.64179	227.66002	769.70149
APO_031	21	1	1889.77964	594.40299	1335.73977	556.11940
APO_031	22	0	1309.54879	560.14925	1130.24134	550.07463
APO_031	22	1	1793.07450	459.40299	1660.10493	451.34328
APO_031	23	0	998.89927	316.53358	443.05037	302.53358
APO_031	23	1	1260.30535	281.27239	665.67366	266.76866
APO_031	24	0	1226.94648	425.14925	639.42602	417.42910
APO_031	24	1	1531.16474	431.19403	888.74397	418.94030
APO_031	25	0	817.96432	590.37313	601.45435	587.49627
APO_031	25	1	1245.07870	489.62687	1141.08604	479.38433
APO_031	26	0	672.90661	425.14925	469.42288	421.11940
APO_031	26	1	832.06716	419.10448	652.75971	417.08955
APO_031	27	0	803.86149	306.26866	600.37775	304.25373
APO_031	27	1	969.06611	270.00000	759.53830	259.92537
APO_031	28	0	1305.51941	233.73134	1235.00525	217.61194
APO_031	28	1	1460.65058	209.55224	1400.20986	179.32836
APO_032	0	0	1482.81217	816.04478	805.87618	832.16418
APO_032	0	1	1698.38405	636.71642	1176.57922	685.07463
APO_032	1	0	1531.16474	588.35821	1114.12382	604.47761
APO_032	1	1	1859.55929	560.14925	1446.54774	588.35821
APO_032	2	0	963.02204	344.55224	715.21511	348.58209
APO_032	2	1	1172.54984	326.41791	973.09549	332.46269
APO_032	3	0	1502.45435	379.27985	1312.46905	400.62313
APO_032	3	1	1617.79538	354.59701	1431.33578	374.42910
APO_032	4	0	547.99580	461.41791	292.13012	463.43284
APO_032	4	1	950.93389	386.86567	785.72928	388.88060
APO_032	5	0	1431.64428	343.19776	1279.63694	356.51866
APO_032	5	1	1137.49948	326.07090	1007.15005	334.85821
APO_032	6	0	1654.06086	203.50746	1438.93599	221.60821
APO_032	6	1	1793.07450	177.31343	1596.08185	196.92537
APO_032	7	0	1613.76705	163.20896	1384.09234	185.37313
APO_032	7	1	1396.18048	203.50746	1198.74082	215.59701
APO_032	8	0	727.30325	437.23881	197.43966	427.16418
APO_032	8	1	908.62539	340.52239	467.40818	338.50746
APO_032	9	0	781.69990	679.02985	171.24869	685.07463
APO_032	9	1	1027.49213	560.14925	483.52571	564.17910
APO_032	10	0	1202.77020	396.94030	864.30220	407.01493
APO_032	10	1	1369.98951	338.50746	1079.87408	352.61194
APO_032	11	0	942.87513	409.02985	590.30430	411.04478
APO_032	11	1	1128.22665	334.47761	807.89087	320.37313
APO_032	12	0	1081.88877	501.71642	668.87723	505.74627
APO_032	12	1	1206.79958	380.82090	842.14061	394.92537
APO_032	13	0	1150.42917	579.56716	687.00944	576.26866
APO_032	13	1	1313.11542	491.91791	872.36097	521.86567
APO_032	14	0	1246.63064	425.92910	989.21301	437.23881
APO_032	14	1	1397.73242	406.78731	1160.46170	417.08955
APO_032	15	0	1710.47219	231.71642	1376.03358	267.98507
APO_032	15	1	1883.73557	167.23881	1563.39979	195.44776
APO_032	16	0	1426.40084	364.70149	791.77335	370.74627
APO_032	16	1	1575.48793	265.97015	1027.49213	298.20896
APO_032	17	0	1571.45855	360.67164	1309.54879	380.82090
APO_032	17	1	1672.19307	294.17910	1440.50367	320.37313
APO_032	18	0	582.21196	403.09701	384.17524	406.17910
APO_032	18	1	749.93494	390.50373	550.89087	392.57836
APO_032	19	0	1122.18258	195.44776	900.56663	205.52239
APO_032	19	1	1295.44596	193.43284	1085.91815	209.55224
APO_032	20	0	1295.44596	197.46269	1126.21196	219.62687
APO_032	20	1	1404.23924	147.08955	1247.09339	161.19403
APO_032	21	0	1406.25393	253.88060	1220.90241	265.97015
APO_032	21	1	1517.06191	169.25373	1353.87198	177.31343
APO_032	22	0	1384.52466	354.32463	1158.45855	369.23134
APO_032	22	1	1666.58132	309.49254	1456.12907	334.47388
APO_032	23	0	1190.68206	388.88060	971.08080	400.97015
APO_032	23	1	1347.82791	370.74627	1150.38825	382.83582
APO_032	24	0	1341.78384	310.29851	1128.22665	328.43284
APO_032	24	1	1448.56243	288.13433	1261.19622	302.23881
APO_032	25	0	687.00944	417.08955	384.80588	407.01493
APO_032	25	1	874.37566	330.44776	594.33368	328.43284
APO_032	26	0	1168.52046	235.74627	590.30430	245.82090
APO_032	26	1	1309.54879	201.49254	824.00839	207.53731
APO_032	27	0	1061.74187	443.28358	638.65687	443.28358
APO_032	27	1	1226.94648	314.32836	821.99370	326.41791
APO_032	28	0	1069.80063	533.95522	687.00944	544.02985
APO_032	28	1	1257.16684	427.16418	902.58132	431.19403
APO_032	29	0	1682.26653	203.50746	1118.15320	237.76119
APO_032	29	1	1817.25079	126.94030	1305.51941	171.26866
APO_032	30	0	1720.62225	255.82090	1565.93494	276.50373
APO_032	30	1	1489.43652	316.77239	1348.85205	329.89925
APO_032	31	0	1504.97377	2.01493	1174.56453	28.20896
APO_032	31	1	1803.14795	76.56716	1416.32739	106.79104
APO_032	32	0	878.40504	431.19403	481.51102	419.10448
APO_032	32	1	1567.42917	163.20896	1259.18153	197.46269
APO_033	0	0	929.31375	531.18284	715.04512	525.10448
APO_033	0	1	708.20147	537.22761	480.83736	531.65299
APO_033	1	0	955.00105	488.36567	785.05561	487.32463
APO_033	1	1	819.00944	467.71269	664.67786	466.16791
APO_033	2	0	792.00525	438.74627	568.41658	440.83582
APO_033	2	1	667.59811	433.70896	418.82581	429.75373
APO_033	3	0	531.87828	499.70149	351.88143	498.00746
APO_033	3	1	842.14061	479.55224	697.90451	466.77612
APO_033	4	0	1378.91081	486.85075	1130.27072	492.60075
APO_033	4	1	1632.76180	485.33955	1324.68835	489.07463
APO_033	5	0	1290.76600	405.02239	1257.81742	403.73507
APO_033	5	1	1163.84050	404.01493	1125.85519	404.74254
APO_033	6	0	1623.84050	711.26866	1114.12382	691.11940
APO_033	6	1	1124.19727	618.58209	670.89192	610.52239
APO_033	7	0	1617.79643	642.76119	1214.85834	640.74627
APO_033	7	1	1202.77020	580.29851	906.07450	577.30224
APO_033	8	0	1364.40189	507.02985	1155.60021	510.08209
APO_033	8	1	1192.14586	486.37687	1017.59391	487.91791
APO_033	9	0	1148.37356	447.31343	983.16894	451.34328
APO_033	9	1	1011.37461	396.94030	864.30220	400.97015
APO_033	10	0	1075.29591	548.99254	901.68416	547.62687
APO_033	10	1	463.22665	498.80597	129.94753	485.90299
APO_033	11	0	1081.88877	481.56716	942.87513	481.56716
APO_033	11	1	503.67261	437.23881	338.46800	427.16418
APO_033	12	0	1110.09444	227.68657	886.46380	227.68657
APO_033	12	1	836.09654	149.10448	594.33368	147.08955
APO_033	13	0	1128.22665	278.05970	1050.13746	281.97015
APO_033	13	1	1005.97692	291.05224	926.73767	291.54104
APO_033	14	0	1186.79538	384.24254	1103.02308	380.19776
APO_033	14	1	1037.70829	351.50000	947.38825	354.50746
APO_033	15	0	1623.31060	547.25373	1347.29696	551.40299
APO_033	15	1	1407.73872	489.82836	1183.79224	487.97761
APO_033	16	0	794.81742	356.02985	621.82476	356.11940
APO_033	16	1	630.62015	331.85075	479.78909	334.45896
APO_033	17	0	1219.34313	579.14179	966.66317	578.04478
APO_033	17	1	1046.07975	523.22761	834.19727	519.10821
APO_033	18	0	828.03778	88.65672	669.33263	87.64925
APO_033	18	1	979.13956	66.49254	831.51522	65.48507
APO_033	19	0	1596.71459	468.15672	1389.26233	472.12687
APO_033	19	1	1399.27492	460.09701	1219.52466	457.51866
APO_033	20	0	1462.66527	433.20896	1206.42917	435.85821
APO_033	20	1	1226.94648	425.14925	1005.14900	436.15672
APO_033	21	0	914.11542	266.14179	851.23295	266.60075
APO_033	21	1	800.78909	232.89552	746.46905	240.91045
APO_033	22	0	1044.45016	445.69776	833.07135	439.85448
APO_033	22	1	897.37775	397.33955	710.17524	395.52612
APO_033	23	0	890.49318	675.00000	384.80588	666.94030
APO_033	23	1	632.61280	594.40299	213.55719	594.40299
APO_033	24	0	1130.04512	630.71269	721.29906	628.29851
APO_033	24	1	944.18993	548.60448	602.43232	545.68657
APO_033	25	0	962.26233	340.53358	781.04512	341.92537
APO_033	25	1	776.91081	369.75000	591.16055	371.64552
APO_033	26	0	1853.51522	350.59701	1718.53095	348.58209
APO_033	26	1	1597.64953	392.91045	1476.76810	394.92537
APO_033	27	0	775.39454	400.07463	612.51941	396.30224
APO_033	27	1	581.48059	383.95522	409.53935	380.18284
APO_033	28	0	844.66737	354.04478	707.84785	351.61567
APO_033	28	1	992.74711	322.30970	853.91291	320.88806
APO_033	29	0	1259.18153	207.53731	1073.83001	207.53731
APO_033	29	1	973.09549	181.34328	819.97901	183.35821
APO_033	30	0	737.37671	415.07463	547.99580	411.04478
APO_033	30	1	515.76076	400.97015	332.42392	396.94030
APO_033	31	0	1442.97901	126.73134	1352.76180	111.82836
APO_033	31	1	1232.94753	149.90299	1135.67891	145.57836
APO_033	32	0	1184.60756	455.35448	1100.59286	455.14925
APO_033	32	1	952.91815	401.95896	903.65687	408.80597
APO_033	33	0	1434.45960	574.25373	1066.52256	573.12687
APO_033	33	1	1178.59391	475.52239	869.58657	483.46269
APO_033	34	0	799.83211	701.19403	243.77754	691.11940
APO_033	34	1	989.21301	632.68657	547.99580	626.64179
APO_033	35	0	1210.82896	447.31343	932.80168	449.32836
APO_033	35	1	975.11018	366.71642	715.21511	362.68657
APO_033	36	0	1543.25289	554.10448	1303.50472	560.14925
APO_033	36	1	1357.90136	481.56716	1160.46170	483.58209
APO_033	37	0	1061.74187	489.62687	721.25918	487.61194
APO_033	37	1	840.12592	415.07463	556.05456	407.01493
APO_034	0	0	1543.25289	489.62687	751.47954	481.56716
APO_034	0	1	1005.33054	535.97015	308.24764	509.77612
APO_034	1	0	1091.96222	537.98507	729.31794	519.85075
APO_034	1	1	1353.87198	574.25373	979.13956	572.23881
APO_034	2	0	1371.89822	239.47388	1158.25079	231.44403
APO_034	2	1	1063.65058	221.33955	894.32634	214.82090
APO_034	3	0	1012.46800	62.96642	972.79538	48.35821
APO_034	3	1	849.27807	55.41045	824.21196	41.30597
APO_034	4	0	594.06191	121.90299	398.90871	100.74627
APO_034	4	1	755.74082	125.93284	523.81952	104.77612
APO_034	5	0	759.77020	217.10821	511.73137	193.43284
APO_034	5	1	926.98951	154.14179	723.27387	139.02985
APO_034	6	0	980.37880	82.61194	777.67051	64.47761
APO_034	6	1	784.95383	99.23507	582.24554	74.55224
APO_034	7	0	1199.59706	178.49627	988.39454	167.97761
APO_034	7	1	1043.45855	158.85075	868.01679	141.78358
APO_034	8	0	1404.71144	84.49254	1165.67051	76.46269
APO_034	8	1	1219.86359	96.07836	1008.52466	80.99627
APO_034	9	0	1070.59811	236.06716	839.81112	223.41418
APO_034	9	1	1212.13012	242.11194	1009.04512	226.94030
APO_034	10	0	541.95173	439.25373	4.02938	402.98507
APO_034	10	1	815.94963	356.64179	396.89402	320.37313
APO_034	11	0	755.50892	644.77612	149.08709	638.73134
APO_034	11	1	1063.75656	648.80597	497.62854	634.70149
APO_034	12	0	793.78804	540.00000	32.23505	515.82090
APO_034	12	1	1005.33054	423.13433	437.18783	394.92537
APO_034	13	0	852.21406	358.65672	362.64428	334.47761
APO_034	13	1	1043.60965	239.77612	604.40714	217.61194
APO_034	14	0	1367.97482	294.17910	1041.59496	284.10448
APO_034	14	1	1140.31480	292.16418	830.05247	292.16418
APO_034	15	0	1297.46065	372.76119	1045.62434	372.76119
APO_034	15	1	1498.92970	290.14925	1251.12277	292.16418
APO_034	16	0	913.58342	215.85821	765.44701	198.61567
APO_034	16	1	1077.78069	204.27239	912.01574	177.45896
APO_034	17	0	1057.63379	300.98881	848.55299	285.76119
APO_034	17	1	914.08709	230.46642	718.10178	212.21642
APO_034	18	0	924.74292	187.38806	654.51731	174.54104
APO_034	18	1	1081.88877	203.50746	842.89087	188.64552
APO_034	19	0	1192.69675	237.76119	872.36097	233.73134
APO_034	19	1	1367.97482	147.08955	1043.60965	143.05970
APO_034	20	0	1621.82581	278.05970	1372.00420	280.07463
APO_034	20	1	1402.22455	267.98507	1188.66737	251.86567
APO_034	21	0	1277.31375	405.00000	844.15530	398.95522
APO_034	21	1	1470.72403	316.34328	1051.66842	316.34328
APO_034	22	0	924.74292	318.35821	588.28961	300.22388
APO_034	22	1	1035.55089	219.62687	743.42078	193.43284
APO_034	23	0	1279.32844	787.83582	469.42288	797.91045
APO_034	23	1	1660.10493	773.73134	1009.35992	759.62687
APO_034	24	0	1230.97587	652.83582	773.64113	648.80597
APO_034	24	1	1764.86884	608.50746	1222.91710	606.49254
APO_034	25	0	1178.59391	759.62687	572.17209	747.53731
APO_034	25	1	815.94963	604.47761	318.32109	588.35821
APO_034	26	0	751.47954	155.14925	634.08604	141.04478
APO_034	26	1	259.89507	46.34328	180.66107	38.78731
APO_034	27	0	1011.37461	846.26866	26.19098	850.29851
APO_034	27	1	1801.13326	689.10448	1075.84470	689.10448
APO_034	28	0	634.62749	298.20896	449.27597	284.10448
APO_034	28	1	1005.33054	233.73134	868.33158	219.62687
APO_034	29	0	623.36621	6.54851	615.55404	1.00746
APO_034	29	1	783.03043	19.64552	771.18888	8.05970
APO_034	30	0	644.70094	52.38806	435.17314	34.25373
APO_034	30	1	813.93494	42.31343	644.70094	28.20896
APO_034	31	0	901.53935	402.63806	499.54984	381.30970
APO_034	31	1	1245.32844	384.01493	898.64848	367.30224
APO_035	0	0	584.26023	725.37313	161.17524	745.52239
APO_035	0	1	934.81637	546.04478	620.52466	568.20896
APO_035	1	0	1175.42392	687.20522	996.73662	716.54104
APO_035	1	1	1003.67156	695.76866	823.47324	722.08209
APO_035	2	0	1343.79853	779.77612	1089.94753	805.97015
APO_035	2	1	743.42078	699.17910	515.76076	715.29851
APO_035	3	0	875.55614	580.55970	616.75866	599.51119
APO_035	3	1	708.84050	574.01119	472.20462	592.45896
APO_035	4	0	664.01364	637.48134	529.62329	654.92164
APO_035	4	1	498.48374	640.38433	352.83421	656.43284
APO_035	5	0	1534.67786	736.05224	1346.56663	773.00000
APO_035	5	1	1247.58447	742.60075	1079.11647	776.52612
APO_035	6	0	1363.94544	582.31343	1039.58027	606.49254
APO_035	6	1	979.13956	552.08955	662.83316	572.23881
APO_035	7	0	1011.37461	626.64179	570.15740	644.77612
APO_035	7	1	799.83211	552.08955	227.66002	570.22388
APO_035	8	0	1583.54669	675.00000	1327.68101	707.23881
APO_035	8	1	1347.82791	675.00000	1122.18258	705.22388
APO_035	9	0	1232.99056	604.47761	1007.34523	626.64179
APO_035	9	1	1059.72718	604.47761	813.93494	628.65672
APO_035	10	0	918.69885	695.14925	459.34942	729.40299
APO_035	10	1	1390.13641	735.44776	884.44911	753.58209
APO_035	11	0	1178.11857	727.48881	1041.40189	756.66045
APO_035	11	1	884.47744	684.67164	746.75341	705.27985
APO_036	0	0	1118.15320	648.80597	828.03778	642.76119
APO_036	0	1	1728.60441	411.04478	1470.72403	405.00000
APO_036	1	0	1384.09234	826.11940	767.59706	818.05970
APO_036	1	1	1776.95698	727.38806	1095.99161	711.26866
APO_036	2	0	1523.10598	646.79104	1134.27072	642.76119
APO_036	2	1	1742.70724	608.50746	1327.68101	604.47761
APO_036	3	0	1593.62015	533.95522	1293.43127	533.95522
APO_036	3	1	1776.95698	485.59701	1468.70934	485.59701
APO_036	4	0	1369.98951	747.53731	942.87513	731.41791
APO_036	4	1	1650.03148	793.88060	1196.72613	781.79104
APO_036	5	0	1061.74187	527.91045	815.94963	515.82090
APO_036	5	1	1253.13746	568.20896	1025.47744	570.22388
APO_036	6	0	1561.38510	529.92537	1249.10808	527.91045
APO_036	6	1	1859.55929	588.35821	1513.03253	594.40299
APO_036	7	0	1670.17838	662.91045	1249.10808	656.86567
APO_036	7	1	1895.82371	654.85075	1519.07660	662.91045
APO_036	8	0	751.29486	340.48881	628.47114	335.18657
APO_036	8	1	890.18888	335.95522	775.97901	328.11940
APO_036	9	0	1285.37251	324.40299	1173.91081	318.36940
APO_036	9	1	1426.35467	317.49627	1330.55299	311.82090
APO_036	10	0	678.95068	584.32836	374.73242	568.20896
APO_036	10	1	878.40504	550.07463	612.46590	531.94030
APO_036	11	0	596.34837	503.73134	336.45331	487.61194
APO_036	11	1	813.93494	481.56716	572.17209	463.43284
APO_036	12	0	645.83631	367.42537	446.06716	354.72761
APO_036	12	1	802.47849	330.65299	587.39454	323.28731
APO_036	13	0	923.34418	493.08955	709.74502	484.36194
APO_036	13	1	1114.73977	492.08209	892.07450	484.86567
APO_036	14	0	941.47639	380.75746	772.80378	376.48881
APO_036	14	1	1094.08919	397.88433	903.25498	387.06716
APO_036	15	0	1355.88667	630.67164	814.58027	619.69030
APO_036	15	1	1646.00210	602.46269	1097.64428	602.05970
APO_036	16	0	1293.86254	411.39925	1039.23505	407.10075
APO_036	16	1	1466.11857	422.98507	1217.53515	420.19776
APO_036	17	0	1170.53515	495.67164	892.50787	485.59701
APO_036	17	1	1378.04827	493.65672	1100.02099	497.68657
APO_036	18	0	1558.36516	343.46642	1428.46065	344.45896
APO_036	18	1	1406.75971	332.38433	1271.81847	328.33955
APO_036	19	0	1047.63903	537.98507	783.71459	525.89552
APO_036	19	1	1241.04932	558.13433	979.13956	546.04478
APO_036	20	0	1319.62225	384.85075	1120.16789	374.77612
APO_036	20	1	1583.54669	316.34328	1374.01889	312.31343
APO_036	21	0	908.62539	479.55224	640.67156	467.46269
APO_036	21	1	1551.31165	392.91045	1347.82791	400.97015
APO_036	22	0	1228.96118	646.79104	896.53725	626.64179
APO_036	22	1	1899.85310	503.73134	1531.16474	503.73134
APO_036	23	0	1386.10703	620.59701	971.08080	616.56716
APO_036	23	1	1684.28122	580.29851	1224.93179	568.20896
APO_036	24	0	1605.70829	679.02985	1100.02099	666.94030
APO_036	24	1	1891.79433	636.71642	1339.76915	632.68657
APO_036	25	0	1138.30010	407.01493	938.84575	405.00000
APO_036	25	1	1277.31375	398.95522	1095.99161	398.95522
APO_036	26	0	1023.28541	520.91418	716.91396	513.91791
APO_036	26	1	1168.84680	441.82836	896.72508	434.32836
APO_036	27	0	442.48793	308.11567	369.65687	305.58582
APO_036	27	1	607.69255	302.07090	535.86884	299.54104
APO_036	28	0	862.28751	519.85075	235.71878	493.65672
APO_036	28	1	1881.72088	211.56716	1515.04722	227.68657
APO_036	29	0	769.81112	520.52612	592.19412	508.63060
APO_036	29	1	949.62225	505.91791	797.18888	498.05224
APO_036	30	0	1313.57817	681.04478	948.91920	662.91045
APO_036	30	1	1774.94229	693.13433	1369.98951	689.10448
APO_037	0	0	642.18888	544.73881	335.94963	540.79851
APO_037	0	1	479.50262	562.36940	139.51731	555.40672
APO_037	1	0	997.77020	636.66791	778.03463	619.61567
APO_037	1	1	1156.42707	599.89552	978.49633	594.93284
APO_037	2	0	884.56139	461.47015	705.22665	456.17164
APO_037	2	1	1019.04197	444.84701	863.37985	437.02985
APO_037	3	0	903.19727	365.25746	694.64953	357.94403
APO_037	3	1	1050.26967	351.65672	869.92760	342.32836
APO_037	4	0	1366.70094	351.03731	1201.34418	340.38433
APO_037	4	1	1527.87618	329.37687	1381.15530	308.64925
APO_037	5	0	1166.97692	568.66791	911.01049	553.92164
APO_037	5	1	1408.23610	494.11567	1190.54879	481.88806
APO_037	6	0	1420.35677	681.04478	832.06716	646.79104
APO_037	6	1	920.71354	658.88060	332.42392	654.85075
APO_037	7	0	999.28646	417.08955	298.17419	386.86567
APO_037	7	1	1343.79853	400.97015	789.75866	386.86567
APO_037	8	0	989.21301	340.52239	765.58237	330.44776
APO_037	8	1	672.90661	185.37313	437.18783	191.41791
APO_037	9	0	1871.64743	670.97015	1414.31270	656.86567
APO_037	9	1	1410.28332	513.80597	1063.75656	511.79104
APO_037	10	0	1506.98846	509.77612	1112.10913	485.59701
APO_037	10	1	1893.80902	465.44776	1517.06191	445.29851
APO_037	11	0	1406.25393	346.56716	1102.03568	330.44776
APO_037	11	1	1114.12382	175.29851	880.41973	171.26866
APO_037	12	0	1110.09444	179.32836	954.96327	165.22388
APO_037	12	1	886.46380	50.37313	684.99475	60.44776
APO_037	13	0	1313.57817	624.62687	904.59601	608.50746
APO_037	13	1	1648.01679	576.26866	1188.66737	550.07463
APO_037	14	0	1376.03358	104.77612	1089.94753	92.68657
APO_037	14	1	1535.19412	74.55224	1281.34313	54.40299
APO_037	15	0	1494.90031	326.41791	757.52361	304.25373
APO_037	15	1	1791.05981	282.08955	1098.00630	265.97015
APO_037	16	0	1388.12172	411.04478	1200.57608	401.93284
APO_037	16	1	1587.57608	374.77612	1452.91605	382.28731
APO_037	17	0	1353.87198	286.11940	1172.54984	272.01493
APO_037	17	1	1480.79748	241.79104	1313.57817	225.67164
APO_037	18	0	320.33578	298.20896	0.00000	292.16418
APO_037	18	1	547.99580	302.23881	296.15950	306.26866
APO_037	19	0	1063.75656	668.95522	614.48059	650.82090
APO_037	19	1	749.46485	584.32836	231.68940	572.23881
APO_037	20	0	1355.88667	531.94030	292.13012	511.79104
APO_037	20	1	1847.47114	527.91045	803.86149	505.74627
APO_037	21	0	1259.18153	427.16418	870.34627	411.04478
APO_037	21	1	1460.65058	276.04478	1073.83001	267.98507
APO_037	22	0	1091.96222	620.59701	620.52466	612.53731
APO_037	22	1	896.53725	489.62687	380.77650	473.50746
APO_037	23	0	1450.57712	312.31343	1019.43337	296.19403
APO_037	23	1	1627.86988	207.53731	1224.93179	197.46269
APO_037	24	0	1227.65687	147.64925	618.50997	120.89552
APO_037	24	1	1439.70304	242.35075	897.20042	232.57090
APO_037	25	0	1339.76915	157.16418	1226.94648	130.97015
APO_037	25	1	1527.13536	82.61194	1438.48898	48.35821
APO_037	26	0	957.46170	211.65299	778.19727	195.85821
APO_037	26	1	1762.85414	202.28731	1480.13326	185.25000
APO_037	27	0	550.87723	117.36940	313.13116	112.83582
APO_037	27	1	727.66632	75.55970	516.11123	73.54478
APO_037	28	0	1427.11123	599.39552	874.37566	580.29851
APO_037	28	1	1165.70514	476.48507	572.17209	453.35821
APO_037	29	0	1075.84470	487.61194	691.03882	469.47761
APO_037	29	1	862.28751	413.05970	463.37880	398.95522
APO_037	30	0	1154.41763	149.10448	731.72928	134.40672
APO_037	30	1	880.41973	143.05970	470.32319	118.28731
APO_037	31	0	1635.92865	2.01493	1023.46275	2.01493
APO_037	31	1	1285.37251	74.55224	791.77335	66.49254
APO_038	0	0	1613.63379	699.85821	1448.73662	726.52612
APO_038	0	1	1375.39664	695.32463	1207.98111	719.47388
APO_038	1	0	832.06716	564.17910	521.95803	584.13433
APO_038	1	1	1075.75551	587.45149	740.04827	605.29104
APO_038	2	0	1159.27492	547.97015	904.04302	568.16418
APO_038	2	1	1413.12592	544.94776	1151.34627	566.14925
APO_038	3	0	505.69360	360.39925	368.13116	392.74627
APO_038	3	1	689.53410	365.43657	550.46065	389.72388
APO_038	4	0	1396.37356	479.84328	1314.18258	504.54104
APO_038	4	1	1478.97587	473.29478	1406.35467	495.47388
APO_038	5	0	1055.69780	578.28358	807.63169	598.16418
APO_038	5	1	1791.05981	515.82090	1521.41658	536.81343
APO_038	6	0	1271.61280	619.25746	949.95488	639.33582
APO_038	6	1	1395.75131	485.78358	1109.61910	501.81716
APO_038	7	0	1543.02099	653.49627	1174.73767	669.38433
APO_038	7	1	1729.37985	576.42537	1362.10388	588.78731
APO_038	8	0	1024.06506	446.16791	867.40714	465.82836
APO_038	8	1	1307.12907	436.59701	1128.81322	452.22761
APO_038	9	0	1459.84995	574.20149	1295.50682	596.73134
APO_038	9	1	1626.06191	564.12687	1480.52256	593.70896
APO_038	10	0	1289.11228	409.15672	1111.52676	426.48507
APO_038	10	1	1458.68206	397.73881	1299.22875	419.09701
APO_038	11	0	1384.09234	672.98507	961.00735	697.16418
APO_038	11	1	1875.67681	600.44776	1353.87198	614.55224
APO_038	12	0	1170.53515	612.53731	880.41973	634.70149
APO_038	12	1	1551.31165	513.80597	1259.18153	535.97015
APO_038	13	0	1657.49213	422.11194	1463.10178	441.33582
APO_038	13	1	1845.79433	306.26866	1677.19937	322.81343
APO_038	14	0	1076.27072	209.69403	1017.23820	229.59328
APO_038	14	1	1287.81322	184.00373	1244.39454	198.36194
APO_038	15	0	1369.19832	321.40299	1142.95278	343.40299
APO_038	15	1	1632.11542	252.55970	1402.82267	270.47761
APO_038	16	0	864.30220	658.88060	324.36516	675.00000
APO_038	16	1	1087.93284	618.58209	660.81847	632.68657
APO_038	17	0	1746.73662	334.47761	1208.81427	362.68657
APO_038	17	1	1428.41553	316.34328	1001.30115	340.52239
APO_038	18	0	1188.66737	582.31343	846.16999	598.43284
APO_038	18	1	1412.29801	574.25373	1087.93284	590.37313
APO_038	19	0	1531.16474	560.14925	1140.31480	578.28358
APO_038	19	1	1907.91186	471.49254	1414.31270	495.67164
APO_038	20	0	1523.10598	648.80597	1180.60860	666.94030
APO_038	20	1	1887.76495	689.10448	1442.51836	713.28358
APO_038	21	0	1694.35467	529.92537	1480.79748	558.13433
APO_038	21	1	1895.82371	505.74627	1704.42812	533.95522
APO_038	22	0	1192.69675	548.05970	826.54984	561.52612
APO_038	22	1	1313.57817	499.70149	1003.33893	516.69403
APO_038	23	0	1215.99475	598.80224	746.46590	612.90672
APO_038	23	1	1366.59286	581.67537	969.59286	596.78731
APO_038	24	0	956.73767	494.43657	667.38930	513.67164
APO_038	24	1	1123.95698	466.73134	863.31794	484.95896
APO_038	25	0	1159.67471	379.36194	1042.43966	402.36194
APO_038	25	1	1287.60756	385.91045	1165.83945	407.39925
APO_038	26	0	935.06086	333.85075	877.39559	357.88060
APO_038	26	1	1017.66317	341.91045	967.04932	363.92537
APO_039	0	0	1293.43127	866.41791	868.33158	836.19403
APO_039	0	1	1742.70724	803.95522	1396.18048	787.83582
APO_039	1	0	1442.51836	646.79104	1132.25603	638.73134
APO_039	1	1	1909.92655	763.65672	1486.84155	733.43284
APO_039	2	0	1497.31899	649.70896	1271.32634	629.42164
APO_039	2	1	1827.22455	692.52612	1539.28017	661.15672
APO_039	3	0	1636.93599	640.41418	1479.80378	626.99254
APO_039	3	1	1836.89402	655.02239	1692.35362	638.07463
APO_039	4	0	976.94753	539.81716	794.69045	527.62313
APO_039	4	1	1175.89822	470.30224	1025.37251	458.10821
APO_039	5	0	1473.74607	555.66791	1266.48059	534.50000
APO_039	5	1	1846.46380	447.36567	1621.52676	425.84328
APO_039	6	0	1501.91081	501.91791	1432.47324	482.15672
APO_039	6	1	1673.15950	507.96269	1626.89087	484.17164
APO_039	7	0	665.00630	504.52612	417.49528	492.63060
APO_039	7	1	854.38720	495.45896	628.53410	486.58582
APO_039	8	0	803.51626	532.23134	607.37985	521.34328
APO_039	8	1	962.17314	506.03731	778.70304	496.89552
APO_039	9	0	902.73977	587.64179	710.20357	574.47015
APO_039	9	1	1048.12592	630.13433	851.23190	618.79851
APO_039	10	0	1567.97692	772.14179	1228.66422	747.20522
APO_039	10	1	1817.29486	799.84701	1475.46380	774.91045
APO_039	11	0	1681.76285	587.82090	1482.86988	563.14179
APO_039	11	1	1818.25813	565.15299	1626.92025	536.94776
APO_039	12	0	1590.27072	591.98507	1392.74187	570.50373
APO_039	12	1	1868.80168	607.60075	1671.77650	578.56343
APO_039	13	0	782.83316	450.85075	664.53200	443.45896
APO_039	13	1	935.44596	447.82836	827.21826	441.94776
APO_039	14	0	1087.70829	546.04478	904.27807	534.55597
APO_039	14	1	1241.83211	548.56343	1069.48269	533.04478
APO_039	15	0	1440.06191	581.09701	1197.22665	562.02985
APO_039	15	1	1663.18888	566.99254	1407.25813	535.83582
APO_039	16	0	1361.93075	709.25373	1100.02099	689.10448
APO_039	16	1	1579.51731	719.32836	1267.24029	695.14925
APO_039	17	0	1361.93075	431.19403	1106.06506	421.11940
APO_039	17	1	1605.70829	443.28358	1313.57817	429.17910
APO_039	18	0	1551.31165	697.16418	1245.07870	681.04478
APO_039	18	1	1724.57503	654.85075	1462.66527	634.70149
APO_039	19	0	1148.37356	439.25373	950.93389	423.13433
APO_039	19	1	1321.63694	443.28358	1136.28541	435.22388
APO_039	20	0	1198.44386	698.67537	765.34103	682.60821
APO_039	20	1	1432.65163	582.81716	988.46800	560.70522
APO_039	21	0	1494.90031	407.01493	1249.10808	390.89552
APO_039	21	1	1690.32529	413.05970	1448.56243	380.82090
APO_039	22	0	1105.06821	595.25746	932.84050	577.74627
APO_039	22	1	1265.73977	609.86567	1078.90556	595.88060
APO_039	23	0	1033.01364	323.80597	784.96537	314.51866
APO_039	23	1	1350.83106	346.97761	1085.41343	326.22015
APO_039	24	0	1405.73872	438.30224	1094.47954	416.89179
APO_039	24	1	1886.75761	427.91791	1516.33578	400.74627
APO_039	25	0	1384.09234	664.92537	1118.15320	650.82090
APO_039	25	1	1674.20776	610.52239	1416.32739	582.31343
APO_039	26	0	1301.49003	775.74627	791.77335	753.58209
APO_039	26	1	1591.60546	735.44776	1065.77125	709.25373
APO_039	27	0	1222.91710	701.19403	844.15530	685.07463
APO_039	27	1	1466.69465	650.82090	1043.60965	620.59701
APO_039	28	0	1186.65268	620.59701	815.94963	600.44776
APO_039	28	1	1353.87198	459.40299	1001.30115	437.23881
APO_039	29	0	1116.13851	578.28358	799.83211	566.19403
APO_039	29	1	1339.76915	435.22388	1009.35992	423.13433
APO_039	30	0	1146.35887	390.89552	803.86149	378.80597
APO_039	30	1	1337.75446	374.77612	934.81637	358.65672
APO_039	31	0	1579.51731	769.70149	1152.40294	741.49254
APO_039	31	1	1758.82476	713.28358	1353.87198	685.07463
APO_039	32	0	1098.00630	602.46269	773.64113	590.37313
APO_039	32	1	1682.26653	503.73134	1422.37146	493.65672
APO_040	0	0	1227.25498	681.08209	1103.02728	699.17910
APO_040	0	1	1134.07555	644.30970	1004.81112	662.91045
APO_040	1	0	785.91291	745.57463	587.39454	760.02239
APO_040	1	1	581.42183	765.22015	381.39244	780.67537
APO_040	2	0	857.30640	795.92164	436.54145	818.47015
APO_040	2	1	609.49948	726.91045	130.30850	750.97015
APO_040	3	0	600.42707	562.36567	398.64848	578.48881
APO_040	3	1	239.79748	500.40672	8.05876	523.54851
APO_040	4	0	1075.84470	570.22388	626.56873	586.34328
APO_040	4	1	815.94963	606.49254	300.18888	626.64179
APO_040	5	0	1026.16579	443.93284	452.80168	460.31716
APO_040	5	1	761.73767	447.96269	115.34103	459.30970
APO_040	6	0	586.80273	308.36940	334.94229	327.49627
APO_040	6	1	334.96642	295.77612	23.16894	314.39925
APO_040	7	0	987.49003	848.35075	679.84680	871.21642
APO_040	7	1	813.21931	736.52239	504.56873	756.36567
APO_040	8	0	999.28646	713.28358	622.53935	733.43284
APO_040	8	1	821.99370	558.13433	431.14376	578.28358
APO_040	9	0	979.13956	777.76119	550.01049	805.97015
APO_040	9	1	761.55299	642.76119	318.32109	654.85075
APO_040	10	0	805.87618	868.43284	372.71773	890.59701
APO_040	10	1	572.17209	858.35821	10.07345	906.71642
APO_040	11	0	1037.94648	650.07463	777.69570	663.27612
APO_040	11	1	890.37041	624.38433	586.80378	641.11194
APO_040	12	0	914.54669	595.67164	536.94019	610.88806
APO_040	12	1	673.98006	567.12687	200.46170	586.01493
APO_040	13	0	619.71773	498.26119	347.03043	518.01119
APO_040	13	1	381.48059	451.41418	83.60965	470.15672
APO_040	14	0	1071.85729	755.44776	676.47219	771.44403
APO_040	14	1	713.74607	795.24254	201.20462	827.66791
APO_040	15	0	1126.67051	697.39925	860.85834	711.14552
APO_040	15	1	882.38930	672.21269	545.29276	692.05224
APO_040	16	0	492.82057	349.46642	466.12592	376.74254
APO_040	16	1	184.57293	305.64179	185.58027	336.44403
APO_040	17	0	844.11857	512.05597	603.26128	532.08209
APO_040	17	1	600.84470	487.37313	338.32949	506.89552
APO_040	18	0	1222.44281	580.65299	1004.55614	595.24627
APO_040	18	1	1020.47009	551.94030	815.17524	570.05970
APO_040	19	0	1502.95908	781.79104	1141.60021	807.26866
APO_040	19	1	761.55299	469.47761	491.38825	474.94030
APO_040	20	0	906.78069	618.84701	556.46065	635.49627
APO_040	20	1	699.77125	561.42164	255.26443	582.60448
APO_040	21	0	410.29591	581.10821	140.52466	596.30970
APO_040	21	1	1060.93494	750.23134	729.45750	770.63060
APO_040	22	0	281.04932	351.46642	207.00944	377.77985
APO_040	22	1	71.52151	285.98134	31.22770	327.40672
APO_041	0	0	928.77230	475.52239	529.86359	493.65672
APO_041	0	1	1065.77125	489.62687	729.31794	505.74627
APO_041	1	0	1273.13536	439.16418	1032.24554	456.09701
APO_041	1	1	1552.16999	386.27239	1326.39035	395.14552
APO_041	2	0	519.79014	574.25373	106.77859	592.38806
APO_041	2	1	745.43547	523.88060	433.15845	535.97015
APO_041	3	0	988.62015	410.80597	792.86674	427.91791
APO_041	3	1	1216.28017	439.51866	1037.14795	456.63060
APO_041	4	0	1134.34418	331.59701	982.24764	349.83955
APO_041	4	1	1330.27282	434.86194	1167.56768	455.44030
APO_041	5	0	650.74502	419.10448	362.64428	443.28358
APO_041	5	1	963.02204	499.70149	701.11228	513.80597
APO_041	6	0	1235.00525	533.95522	958.99265	548.05970
APO_041	6	1	1448.56243	503.73134	1208.81427	529.92537
APO_041	7	0	227.66002	278.05970	62.45540	308.28358
APO_041	7	1	556.05456	302.23881	372.71773	322.38806
APO_041	8	0	1804.25813	475.53358	1549.12277	498.30224
APO_041	8	1	1559.97692	461.42910	1349.16474	482.18284
APO_041	9	0	1883.73557	322.38806	1605.70829	344.55224
APO_041	9	1	1521.09129	304.25373	1315.59286	320.37313
APO_041	10	0	1599.66422	495.67164	1285.37251	517.83582
APO_041	10	1	1190.68206	402.98507	983.16894	423.13433
APO_041	11	0	773.64113	634.70149	261.90976	660.89552
APO_041	11	1	1102.03568	535.97015	727.30325	554.10448
APO_041	12	0	1666.14900	481.56716	1357.90136	501.71642
APO_041	12	1	684.99475	284.10448	433.15845	302.23881
APO_041	13	0	1309.54879	505.74627	1031.52151	519.85075
APO_041	13	1	811.92025	272.01493	634.62749	314.32836
APO_041	14	0	1032.77440	292.00000	857.66422	308.85448
APO_041	14	1	1191.43127	222.98881	1024.88353	235.81343
APO_041	15	0	977.12487	374.77612	670.89192	390.89552
APO_041	15	1	1126.21196	288.13433	864.30220	306.26866
APO_042	0	0	1404.23924	828.13433	759.53830	842.23881
APO_042	0	1	926.75761	884.55224	231.68940	916.79104
APO_042	1	0	1243.06401	739.47761	717.22980	749.55224
APO_042	1	1	1686.29591	735.44776	1198.74082	745.52239
APO_042	2	0	1118.15320	983.28358	12.08814	1059.85075
APO_042	2	1	1639.95803	846.26866	862.28751	856.34328
APO_042	3	0	1337.75446	380.82090	1162.47639	390.89552
APO_042	3	1	1537.20881	407.01493	1353.87198	421.11940
APO_042	4	0	1295.44596	509.77612	1003.31584	519.85075
APO_042	4	1	1529.15005	548.05970	1224.93179	554.10448
APO_042	5	0	1591.60546	664.27239	1166.50577	677.01493
APO_042	5	1	1905.89717	657.72388	1442.51836	675.00000
APO_042	6	0	1339.76915	227.68657	1174.56453	235.74627
APO_042	6	1	1502.95908	209.55224	1343.79853	209.55224
APO_042	7	0	1063.75656	459.40299	713.20042	473.50746
APO_042	7	1	1871.64743	257.91045	1648.01679	245.82090
APO_042	8	0	396.89402	405.00000	300.18888	419.10448
APO_042	8	1	886.46380	366.71642	795.80273	376.79104
APO_042	9	0	1367.97482	521.86567	1085.91815	527.91045
APO_042	9	1	1778.97167	376.79104	1617.79643	392.91045
APO_042	10	0	1060.17209	379.48134	767.59706	386.86567
APO_042	10	1	1423.32004	338.17537	1126.21196	344.55224
APO_042	11	0	1170.53515	550.07463	741.40609	556.11940
APO_042	11	1	1668.16369	400.97015	1202.77020	425.14925
APO_042	12	0	1317.60756	477.53731	1126.21196	491.64179
APO_042	12	1	1595.63484	483.58209	1400.20986	495.67164
APO_042	13	0	1132.25603	695.14925	550.01049	717.31343
APO_042	13	1	1478.78279	640.74627	1017.41868	654.85075
APO_042	14	0	1019.43337	411.04478	757.52361	425.14925
APO_042	14	1	1303.50472	336.49254	973.09549	354.62687
APO_044	0	0	1049.65373	465.44776	808.71773	452.48134
APO_044	0	1	324.36516	312.31343	72.02518	318.36940
APO_044	1	0	593.33788	420.95522	79.07660	409.39925
APO_044	1	1	1049.14481	341.40672	648.10073	333.80597
APO_044	2	0	1120.85939	497.34328	765.58237	479.55224
APO_044	2	1	1301.67786	334.63806	1025.47744	326.41791
APO_044	3	0	1242.69360	465.97761	941.25603	458.52612
APO_044	3	1	1525.75761	452.88060	1277.38405	427.97761
APO_044	4	0	1447.09654	402.28731	1202.78384	392.28731
APO_044	4	1	1125.24974	408.33209	881.94439	397.32463
APO_044	5	0	952.94858	610.52239	612.46170	605.83582
APO_044	5	1	455.32004	654.85075	17.62854	650.44403
APO_044	6	0	1210.91501	659.46642	840.84785	648.05970
APO_044	6	1	1591.69150	640.32463	1195.59706	624.91791
APO_044	7	0	1195.39244	606.71269	870.34418	597.30597
APO_044	7	1	1535.37146	549.28731	1241.34313	539.19403
APO_044	8	0	1474.75341	753.58209	954.96327	749.55224
APO_044	8	1	1821.28017	697.16418	1337.75446	679.02985
APO_044	9	0	1670.17838	644.77612	1164.49108	614.55224
APO_044	9	1	1247.09339	729.40299	771.62644	721.34328
APO_044	10	0	1865.60336	558.13433	1515.85100	550.45896
APO_044	10	1	1360.30010	524.64925	1075.11647	505.48881
APO_044	11	0	1396.10913	138.88060	1325.47324	115.35448
APO_044	11	1	1555.77335	114.19776	1497.22560	69.01119
APO_044	12	0	1170.53515	427.16418	799.83211	421.11940
APO_044	12	1	596.34837	471.49254	390.84995	481.56716
APO_044	13	0	1143.03778	374.00000	1074.47534	363.42164
APO_044	13	1	914.87408	352.33955	841.27492	347.30224
APO_044	14	0	1158.46170	538.66418	865.85100	528.08582
APO_044	14	1	1455.09339	573.66045	1112.65582	566.63806
APO_044	15	0	1770.91291	455.37313	1519.07660	435.22388
APO_044	15	1	1029.50682	354.62687	789.75866	346.56716
APO_044	16	0	743.42078	491.64179	507.70199	487.61194
APO_044	16	1	1257.16684	419.10448	1098.00630	411.04478
APO_044	17	0	1652.04617	449.32836	1413.93914	436.57090
APO_044	17	1	1450.57712	453.35821	1247.22350	434.05224
APO_044	18	0	631.86464	404.95522	425.08919	405.27985
APO_044	18	1	387.58342	445.75746	198.43652	448.09701
APO_044	19	0	1154.30010	367.05597	903.16789	359.82090
APO_044	19	1	1369.87198	397.27985	1107.15530	385.51119
APO_045	0	0	1368.18258	633.20149	829.62015	638.56343
APO_045	0	1	1614.47849	562.17537	1028.06716	568.54478
APO_045	1	0	1353.76705	220.54104	1198.51731	228.51119
APO_045	1	1	1502.35047	197.87313	1337.53095	209.87313
APO_045	2	0	645.34837	508.34701	379.89297	494.28731
APO_045	2	1	946.54460	490.21269	713.32424	493.78358
APO_045	3	0	1333.72508	642.76119	893.23085	669.60448
APO_045	3	1	1545.26758	558.13433	1027.71144	570.87313
APO_045	4	0	1307.53410	328.43284	1001.30115	338.50746
APO_045	4	1	1504.97377	249.85075	1226.94648	265.97015
APO_045	5	0	1528.33368	415.23134	1216.16474	431.72015
APO_045	5	1	1792.25813	290.80970	1469.00839	316.86940
APO_045	6	0	880.41973	491.64179	711.20776	511.13433
APO_045	6	1	1490.87093	229.70149	1396.18048	245.82090
APO_045	7	0	1426.40084	687.08955	550.01049	691.11940
APO_045	7	1	1801.13326	471.49254	902.58132	495.67164
APO_045	8	0	777.23400	546.86940	460.88143	544.66045
APO_045	8	1	948.48269	500.02239	665.87618	500.33209
APO_045	9	0	1490.42497	735.48881	930.32634	739.51866
APO_045	9	1	1765.87618	719.85821	1201.80588	729.94776
APO_045	10	0	1216.87303	509.77612	564.11333	505.74627
APO_045	10	1	1478.78279	465.44776	902.58132	473.50746
APO_045	11	0	547.99580	574.25373	343.98741	565.30224
APO_045	11	1	1158.44701	570.22388	883.68520	579.00746
APO_045	12	0	876.39035	457.38806	2.01469	427.16418
APO_045	12	1	1222.91710	576.26866	455.32004	570.22388
APO_045	13	0	1267.24029	427.16418	674.92130	429.17910
APO_045	13	1	1865.60336	378.80597	1085.91815	415.07463
APO_045	14	0	505.68730	435.22388	253.85100	419.10448
APO_045	14	1	1809.19203	300.22388	1446.54774	332.46269
APO_046	0	0	737.37671	679.02985	650.90346	678.10448
APO_046	0	1	1210.82896	622.61194	1114.98321	624.59328
APO_046	1	0	608.43232	640.58209	331.36621	638.90299
APO_046	1	1	807.88667	692.46642	520.74711	691.29104
APO_046	2	0	772.39454	640.99254	530.90556	637.63060
APO_046	2	1	627.33683	593.64179	405.99475	591.28731
APO_046	3	0	1172.54984	816.04478	680.96537	812.01493
APO_046	3	1	735.36201	785.82090	257.88038	793.88060
APO_046	4	0	1864.59601	556.94776	1602.58237	563.49627
APO_046	4	1	1708.96118	536.79851	1457.52466	536.29478
APO_046	5	0	1400.89087	557.85075	1188.54565	560.59328
APO_046	5	1	1273.96537	547.27239	1065.14586	550.01493
APO_046	6	0	678.88353	615.03731	460.81007	611.49627
APO_046	6	1	578.65268	553.58209	388.28122	554.57463
APO_046	7	0	552.05981	481.87313	205.49843	476.80970
APO_046	7	1	371.74502	386.16418	18.63589	379.58955
APO_046	8	0	717.97587	479.59328	499.49003	478.38060
APO_046	8	1	504.41868	459.94776	271.32634	455.71269
APO_046	9	0	743.66317	427.70896	380.11962	419.44403
APO_046	9	1	980.42707	422.83582	637.98741	418.46269
APO_046	10	0	924.92760	605.92910	594.87303	608.86194
APO_046	10	1	719.42917	525.33209	329.20042	521.00000
APO_046	11	0	1370.01994	469.32463	1186.59286	469.93284
APO_046	11	1	1184.66842	450.18284	1009.30010	452.80597
APO_046	12	0	1199.34313	543.89552	946.62959	543.30224
APO_046	12	1	1033.13116	549.43657	813.66002	557.40672
APO_046	13	0	1407.03778	599.09701	1070.41658	601.77985
APO_046	13	1	1148.15005	548.72388	856.85939	563.49627
APO_046	14	0	1202.79853	619.61567	836.17733	617.30597
APO_046	14	1	977.65687	563.70149	646.29276	566.42910
APO_046	15	0	1030.36621	559.88060	851.30640	559.68284
APO_046	15	1	388.12067	378.12313	323.69360	398.74627
APO_046	16	0	1194.45750	316.76866	928.61910	315.69030
APO_046	16	1	1057.45855	314.75373	823.85519	314.17910
APO_046	17	0	1434.81637	349.02239	1459.62644	339.16791
APO_046	17	1	936.20776	311.33209	952.23400	308.11940
APO_047	0	0	654.77440	550.07463	353.92865	548.97761
APO_047	0	1	1097.76600	439.27985	883.85414	432.00373
APO_047	1	0	753.49423	316.34328	477.48164	314.32836
APO_047	1	1	1031.52151	286.11940	805.87618	267.98507
APO_047	2	0	1382.07765	344.55224	1017.41868	334.47761
APO_047	2	1	1783.00105	292.16418	1299.47534	294.17910
APO_047	3	0	1547.28227	892.61194	888.47849	852.31343
APO_047	3	1	866.31689	717.31343	265.93914	717.31343
APO_047	4	0	646.71563	344.55224	263.92445	332.46269
APO_047	4	1	817.96432	350.59701	493.59916	340.52239
APO_047	5	0	862.28751	392.91045	481.51102	372.76119
APO_047	5	1	1017.41868	346.56716	660.81847	336.49254
APO_047	6	0	1081.88877	455.37313	737.37671	441.26866
APO_047	6	1	1263.21091	310.29851	997.27177	288.13433
APO_047	7	0	1196.72613	620.59701	777.67051	602.46269
APO_047	7	1	1442.51836	582.31343	1098.00630	564.17910
APO_047	8	0	830.05247	396.94030	398.90871	384.85075
APO_047	8	1	946.90451	372.76119	574.18678	362.68657
APO_047	9	0	1569.44386	477.53731	1283.35782	467.46269
APO_047	9	1	1218.88772	435.22388	993.24239	427.16418
APO_047	10	0	1261.19622	427.16418	1114.12382	413.05970
APO_047	10	1	693.05352	215.59701	586.27492	219.62687
APO_047	11	0	1635.92865	515.82090	1396.18048	503.73134
APO_047	11	1	995.25708	334.47761	856.24344	346.56716
APO_047	12	0	862.28751	515.82090	529.86359	509.77612
APO_047	12	1	604.40714	540.00000	227.66002	531.94030
APO_047	13	0	1515.04722	431.19403	1355.88667	419.10448
APO_047	13	1	1708.45750	475.52239	1551.31165	459.40299
APO_047	14	0	1188.66737	630.67164	801.84680	618.58209
APO_047	14	1	1541.23820	656.86567	1130.24134	636.71642
APO_047	15	0	1279.32844	602.46269	967.05142	582.31343
APO_047	15	1	1603.69360	600.44776	1303.50472	588.35821
APO_047	16	0	715.21511	656.86567	76.55824	632.68657
APO_047	16	1	1144.34418	749.55224	584.26023	737.46269
APO_047	17	0	969.06611	461.41791	781.61910	451.88806
APO_047	17	1	768.30325	496.91045	556.98111	488.15672
APO_048	0	0	1323.65163	928.88060	860.27282	926.86567
APO_048	0	1	1799.11857	906.71642	1269.25498	894.62687
APO_048	1	0	1414.31270	779.77612	1120.16789	789.85075
APO_048	1	1	1839.41238	896.64179	1442.51836	894.62687
APO_048	2	0	1504.67576	767.38433	1263.91815	746.11194
APO_048	2	1	1755.00105	755.79851	1529.85729	763.74254
APO_048	3	0	1785.51941	691.00000	1224.50052	684.29851
APO_048	3	1	1202.70829	637.91045	792.49528	624.07463
APO_048	4	0	1494.90031	721.34328	1043.60965	711.26866
APO_048	4	1	1831.35362	662.91045	1434.45960	675.00000
APO_048	5	0	500.42497	624.84328	368.99161	612.32463
APO_048	5	1	681.24344	660.60821	548.80273	648.08955
APO_048	6	0	1002.71983	601.76119	866.80378	598.81343
APO_048	6	1	1124.60860	636.51866	999.26967	633.57090
APO_048	7	0	1554.33368	657.94030	1306.25603	661.35448
APO_048	7	1	1818.76180	731.48507	1558.59601	741.44776
APO_048	8	0	1375.08290	606.44403	1265.49108	606.90672
APO_048	8	1	1519.63694	632.13433	1419.11123	635.61940
APO_048	9	0	870.19727	661.05224	628.62015	649.91045
APO_048	9	1	1057.05981	693.29104	834.62225	691.21642
APO_048	10	0	1047.63903	747.53731	594.33368	739.47761
APO_048	10	1	1766.88353	546.04478	1359.91605	537.98507
APO_048	11	0	1525.12067	628.65672	1273.28437	626.64179
APO_048	11	1	1813.22141	568.20896	1573.47324	578.28358
APO_048	12	0	1347.82791	652.83582	944.88982	638.73134
APO_048	12	1	1772.92760	818.05970	1289.40189	812.01493
APO_048	13	0	979.13956	552.08955	737.37671	542.01493
APO_048	13	1	1144.34418	525.89552	892.50787	513.80597
APO_048	14	0	1253.13746	584.32836	997.27177	584.32836
APO_048	14	1	1398.19517	537.98507	1146.35887	537.98507
APO_048	15	0	888.47849	717.31343	595.67891	703.38433
APO_048	15	1	1506.98846	515.82090	1293.26653	522.22015
APO_048	16	0	1905.89717	189.40299	1281.34313	179.32836
APO_048	16	1	1251.12277	201.49254	715.21511	201.49254
APO_048	17	0	1085.91815	719.32836	809.90556	715.29851
APO_048	17	1	1678.23715	660.89552	1466.69465	662.91045
APO_048	18	0	1237.01994	878.50746	787.74397	886.56716
APO_048	18	1	1805.16264	699.17910	1355.88667	695.14925
APO_048	19	0	1438.48898	785.82090	967.05142	769.70149
APO_048	19	1	1813.22141	783.80597	1259.18153	765.67164
APO_048	20	0	1502.95908	608.50746	1041.59496	604.47761
APO_048	20	1	1837.39769	475.52239	1327.68101	479.55224
APO_048	21	0	940.86044	529.92537	695.06821	519.85075
APO_048	21	1	1102.03568	487.61194	882.43442	487.61194
APO_048	22	0	1374.01889	668.95522	1010.14586	671.85821
APO_048	22	1	1601.35467	665.45149	1239.82057	667.32463
APO_048	23	0	1412.47744	745.54478	975.39244	736.83955
APO_048	23	1	1642.65582	714.81716	1189.45331	710.64552
APO_049	0	0	1289.40189	664.92537	1005.33054	660.89552
APO_049	0	1	1543.25289	719.32836	1243.06401	727.38806
APO_049	1	0	1564.09444	642.60821	1330.34418	646.99254
APO_049	1	1	1798.80588	640.08955	1559.51522	654.54851
APO_049	2	0	1180.60860	618.58209	531.87828	602.46269
APO_049	2	1	1521.09129	578.28358	1027.49213	584.32836
APO_049	3	0	1281.34313	519.85075	876.39035	515.82090
APO_049	3	1	1841.42707	558.13433	1241.04932	578.28358
APO_049	4	0	977.12487	592.38806	682.98006	578.28358
APO_049	4	1	1750.76600	421.11940	1474.75341	447.31343
APO_049	5	0	531.60546	512.98507	288.87828	499.57836
APO_049	5	1	1158.44701	417.08955	1017.75866	403.02239
APO_049	6	0	1468.70934	572.23881	1224.93179	572.23881
APO_049	6	1	1734.64848	509.77612	1565.41448	523.88060
APO_049	7	0	1063.46905	472.31716	787.10493	461.10448
APO_049	7	1	1205.50472	470.30224	907.48269	448.51119
APO_049	8	0	1033.53620	475.52239	715.21511	469.47761
APO_049	8	1	1337.75446	473.50746	1031.52151	473.50746
APO_049	9	0	1202.77020	562.16418	916.68416	558.13433
APO_049	9	1	1720.54565	445.29851	1502.95908	457.38806
APO_049	10	0	1156.43232	507.76119	925.52781	510.51119
APO_049	10	1	1539.22350	507.76119	1274.78069	513.37313
APO_049	11	0	1208.81427	719.32836	745.43547	721.34328
APO_049	11	1	1722.56034	739.47761	1192.69675	735.44776
APO_049	12	0	1440.50367	914.77612	660.81847	902.68657
APO_049	12	1	1754.79538	862.38806	1102.03568	860.37313
APO_049	13	0	1164.31584	617.11194	847.48478	608.14552
APO_049	13	1	1479.11123	603.00746	1179.90871	603.10821
APO_049	14	0	1191.01049	689.64925	768.49843	684.92537
APO_049	14	1	1533.50787	678.56716	1109.53095	670.42164
APO_049	15	0	1187.48478	656.90672	837.14166	651.02239
APO_049	15	1	1591.93389	646.32836	1213.56768	655.57090
APO_050	0	0	1140.34418	631.39552	794.19727	649.82463
APO_050	0	1	1327.71039	488.33582	958.89822	509.78731
APO_050	1	0	1152.93599	689.32463	867.73347	711.78358
APO_050	1	1	1324.68835	623.33582	1006.74711	647.30597
APO_050	2	0	1331.37041	672.32836	993.93599	695.41045
APO_050	2	1	1554.49738	547.90672	1166.69570	570.98881
APO_050	3	0	1532.73767	459.36940	1374.40294	487.68284
APO_050	3	1	1677.79538	454.33209	1516.43861	481.13433
APO_050	4	0	1219.15320	603.89552	847.52886	623.32090
APO_050	4	1	1429.57083	459.51493	1078.71459	478.24627
APO_050	5	0	423.08499	556.11940	4.02938	574.25373
APO_050	5	1	713.20042	537.98507	386.82057	560.14925
APO_050	6	0	869.21406	612.74254	603.27702	631.41045
APO_050	6	1	603.27492	541.71642	357.48478	559.37687
APO_050	7	0	1108.07975	189.40299	856.24344	217.61194
APO_050	7	1	1301.49003	225.67164	1015.40399	251.86567
APO_050	8	0	1220.90241	62.46269	811.92025	84.62687
APO_050	8	1	1456.62120	147.08955	1055.69780	171.26866
APO_050	9	0	1406.25393	243.80597	1253.13746	263.95522
APO_050	9	1	1515.04722	310.29851	1369.98951	332.46269
APO_050	10	0	1154.41763	402.98507	890.49318	417.08955
APO_050	10	1	1291.41658	302.23881	1045.62434	326.41791
APO_050	11	0	1323.65163	259.92537	769.61175	286.11940
APO_050	11	1	1714.50157	195.44776	1041.59496	227.68657
APO_050	12	0	1247.68311	481.23507	999.99161	503.75746
APO_050	12	1	1435.58237	371.88060	1200.95698	394.95149
APO_050	13	0	525.83421	537.98507	136.99895	546.04478
APO_050	13	1	1178.59391	612.53731	922.72823	632.68657
APO_050	14	0	1198.05771	167.47388	1117.10178	190.55597
APO_050	14	1	1403.05247	117.10075	1321.08919	132.12313
APO_050	15	0	1430.10178	483.59328	1019.43337	505.74627
APO_050	15	1	1579.69255	454.37687	1213.74816	480.67537
APO_050	16	0	1112.35887	525.50373	762.82581	543.52612
APO_050	16	1	1273.03043	515.93284	903.85414	535.46642
APO_050	17	0	1219.84785	691.04478	818.13851	710.09701
APO_050	17	1	1334.18153	695.57836	938.01259	720.17164
APO_050	18	0	1285.32529	620.01866	980.82476	641.08582
APO_050	18	1	1399.15530	639.66418	1065.94544	661.73881
APO_050	19	0	1243.44701	704.75746	865.81112	726.83582
APO_050	19	1	1385.48269	757.64925	980.64848	770.66045
APO_050	20	0	715.21511	638.73134	6.04407	664.92537
APO_050	20	1	1053.68311	642.76119	535.90766	652.83582
APO_050	21	0	687.00944	546.04478	328.39454	564.17910
APO_050	21	1	902.58132	562.16418	610.45121	594.40299
APO_050	22	0	680.64953	364.10448	552.19727	384.07463
APO_050	22	1	871.03778	319.77612	740.57083	344.27985
APO_050	23	0	985.18363	471.49254	630.59811	485.59701
APO_050	23	1	1190.68206	356.64179	793.78804	380.82090
APO_050	24	0	1208.81427	497.68657	642.68625	519.85075
APO_050	24	1	1414.31270	461.41791	898.55194	479.55224
APO_050	25	0	1214.85834	622.61194	803.86149	644.77612
APO_050	25	1	1478.78279	636.71642	991.22770	662.91045
APO_050	26	0	1419.01994	443.66418	1155.06821	465.74254
APO_050	26	1	1638.49423	350.77239	1344.44911	373.05597
