Sample,Family,Genus,Species,Count
20_80M_121N,Acanthuridae,Acanthurus,grammoptilus,1
20_80M_132N,Acanthuridae,Acanthurus,grammoptilus,2
20_80M_14F,Acanthuridae,Acanthurus,grammoptilus,1
20_80M_17F,Acanthuridae,Acanthurus,grammoptilus,2
20_80M_18F,Acanthuridae,Acanthurus,grammoptilus,2
20_80M_34F,Acanthuridae,Acanthurus,grammoptilus,1
20_80M_35F,Acanthuridae,Acanthurus,dussumieri,1
20_80M_35F,Acanthuridae,Acanthurus,grammoptilus,1
20_80M_36F,Acanthuridae,Acanthurus,grammoptilus,2
20_80M_36N,Acanthuridae,Acanthurus,grammoptilus,1
20_80M_37F,Acanthuridae,Acanthurus,grammoptilus,1
21_80M_12,Acanthuridae,Acanthurus,grammoptilus,1
21_80M_201,Acanthuridae,Acanthurus,grammoptilus,1
21_80M_25,Acanthuridae,Acanthurus,grammoptilus,1
21_80M_89,Acanthuridae,Acanthurus,grammoptilus,2
20_80M_112N,Apogonidae,Apogonidae,spp,8
20_80M_121N,Apogonidae,Rhabdamia,gracilis,20
20_80M_18F,Apogonidae,Apogonidae,spp,2
20_80M_30F,Apogonidae,Ostorhinchus,cyanosoma,1
20_80M_42F,Apogonidae,Apogonidae,spp,13
20_80M_43F,Apogonidae,Apogonidae,spp,2
20_80M_64F,Apogonidae,Apogonidae,spp,6
20_80M_6F,Apogonidae,Apogonidae,spp,20
21_80M_17,Apogonidae,Ostorhinchus,spp,1
20_80M_11F,Ariidae,Netuma,thalassina,1
20_80M_123N,Ariidae,Netuma,thalassina,1
20_80M_12F,Ariidae,Netuma,thalassina,2
20_80M_19F,Ariidae,Netuma,thalassina,1
20_80M_50F,Ariidae,Netuma,thalassina,1
20_80M_8F,Ariidae,Netuma,thalassina,4
20_80M_90F,Ariidae,Netuma,thalassina,2
20_80M_98N,Ariidae,Netuma,thalassina,1
20_80M_117N,Atherinidae,Atherinomorus,vaigiensis,3
20_80M_118N,Atherinidae,Atherinomorus,vaigiensis,12
20_80M_101N,Balistidae,Abalistes,stellatus,1
20_80M_106N,Balistidae,Abalistes,stellatus,2
20_80M_10N,Balistidae,Abalistes,stellatus,2
20_80M_116N,Balistidae,Abalistes,stellatus,2
20_80M_11N,Balistidae,Abalistes,stellatus,1
20_80M_121N,Balistidae,Abalistes,stellatus,2
20_80M_123N,Balistidae,Abalistes,stellatus,3
20_80M_124N,Balistidae,Abalistes,stellatus,1
20_80M_125N,Balistidae,Abalistes,stellatus,2
20_80M_126N,Balistidae,Abalistes,stellatus,3
20_80M_127N,Balistidae,Abalistes,stellatus,1
20_80M_128N,Balistidae,Abalistes,stellatus,4
20_80M_129N,Balistidae,Abalistes,stellatus,3
20_80M_130N,Balistidae,Abalistes,stellatus,1
20_80M_133N,Balistidae,Abalistes,stellatus,2
20_80M_13N,Balistidae,Abalistes,stellatus,1
20_80M_14F,Balistidae,Abalistes,stellatus,1
20_80M_17F,Balistidae,Abalistes,stellatus,1
20_80M_19F,Balistidae,Abalistes,stellatus,1
20_80M_25N,Balistidae,Abalistes,stellatus,2
20_80M_26N,Balistidae,Abalistes,stellatus,1
20_80M_27F,Balistidae,Abalistes,stellatus,2
20_80M_27N,Balistidae,Abalistes,stellatus,1
20_80M_28N,Balistidae,Abalistes,stellatus,1
20_80M_33F,Balistidae,Abalistes,stellatus,2
20_80M_38N,Balistidae,Abalistes,stellatus,1
20_80M_3F,Balistidae,Abalistes,stellatus,2
20_80M_43F,Balistidae,Abalistes,stellatus,1
20_80M_44F,Balistidae,Abalistes,stellatus,1
20_80M_50F,Balistidae,Abalistes,stellatus,1
20_80M_55N,Balistidae,Abalistes,stellatus,1
20_80M_56F,Balistidae,Abalistes,stellatus,1
20_80M_5F,Balistidae,Abalistes,stellatus,1
20_80M_61F,Balistidae,Abalistes,stellatus,2
20_80M_62N,Balistidae,Abalistes,stellatus,1
20_80M_65F,Balistidae,Abalistes,stellatus,3
20_80M_67F,Balistidae,Abalistes,stellatus,1
20_80M_6F,Balistidae,Abalistes,stellatus,1
20_80M_70F,Balistidae,Abalistes,stellatus,2
20_80M_71F,Balistidae,Abalistes,stellatus,2
20_80M_72F,Balistidae,Abalistes,stellatus,1
20_80M_73F,Balistidae,Abalistes,stellatus,4
20_80M_74F,Balistidae,Abalistes,stellatus,2
20_80M_75F,Balistidae,Abalistes,stellatus,2
20_80M_77F,Balistidae,Abalistes,stellatus,1
20_80M_78F,Balistidae,Abalistes,stellatus,1
20_80M_7F,Balistidae,Abalistes,stellatus,1
20_80M_7N,Balistidae,Abalistes,stellatus,1
20_80M_80F,Balistidae,Abalistes,stellatus,1
20_80M_82F,Balistidae,Abalistes,stellatus,1
20_80M_84F,Balistidae,Abalistes,stellatus,5
20_80M_85F,Balistidae,Abalistes,stellatus,2
20_80M_86F,Balistidae,Abalistes,stellatus,1
20_80M_87F,Balistidae,Abalistes,stellatus,4
20_80M_87N,Balistidae,Abalistes,stellatus,1
20_80M_88F,Balistidae,Abalistes,stellatus,3
20_80M_88N,Balistidae,Abalistes,stellatus,2
20_80M_89N,Balistidae,Abalistes,stellatus,1
20_80M_8F,Balistidae,Abalistes,stellatus,1
20_80M_90F,Balistidae,Abalistes,stellatus,1
20_80M_90N,Balistidae,Abalistes,stellatus,1
20_80M_94F,Balistidae,Abalistes,stellatus,7
20_80M_95F,Balistidae,Abalistes,stellatus,1
20_80M_98N,Balistidae,Abalistes,stellatus,1
20_80M_9N,Balistidae,Abalistes,stellatus,1
21_80M_01,Balistidae,Abalistes,stellatus,3
21_80M_117,Balistidae,Abalistes,stellatus,1
21_80M_12,Balistidae,Abalistes,stellatus,2
21_80M_129,Balistidae,Abalistes,stellatus,2
21_80M_137,Balistidae,Abalistes,stellatus,1
21_80M_17,Balistidae,Abalistes,stellatus,1
21_80M_201,Balistidae,Abalistes,stellatus,3
21_80M_204,Balistidae,Abalistes,stellatus,1
21_80M_245,Balistidae,Abalistes,stellatus,3
21_80M_25,Balistidae,Abalistes,stellatus,2
21_80M_256,Balistidae,Abalistes,stellatus,2
21_80M_300,Balistidae,Abalistes,stellatus,3
21_80M_33,Balistidae,Abalistes,stellatus,2
21_80M_65,Balistidae,Abalistes,stellatus,4
21_80M_73,Balistidae,Abalistes,stellatus,2
21_80M_89,Balistidae,Abalistes,stellatus,2
21_80M_92,Balistidae,Abalistes,stellatus,1
20_80M_45F,Blenniidae,Blenniidae,spp,1
20_80M_100N,Bothidae,Bothidae,spp,1
20_80M_16N,Bothidae,Bothidae,spp,1
20_80M_2N,Bothidae,Bothidae,spp,1
20_80M_3N,Bothidae,Bothus,pantherinus,1
20_80M_58N,Bothidae,Bothus,pantherinus,1
20_80M_61N,Bothidae,Bothus,pantherinus,1
20_80M_62N,Bothidae,Bothus,pantherinus,1
20_80M_93N,Bothidae,Bothidae,spp,1
20_80M_94F,Bothidae,Bothidae,spp,1
21_80M_107,Bothidae,Bothidae,spp,1
21_80M_11,Bothidae,Bothidae,spp,1
21_80M_118,Bothidae,Bothidae,spp,1
21_80M_123,Bothidae,Bothidae,spp,1
21_80M_175,Bothidae,Bothidae,spp,1
21_80M_192,Bothidae,Bothidae,spp,1
21_80M_25,Bothidae,Bothidae,spp,1
21_80M_251,Bothidae,Bothidae,spp,1
21_80M_283,Bothidae,Bothidae,spp,1
21_80M_63,Bothidae,Bothidae,spp,1
21_80M_7,Bothidae,Bothidae,spp,1
20_80M_100F,Carangidae,Scomberoides,commersonnianus,1
20_80M_100F,Carangidae,Turrum,gymnostethus,6
20_80M_100N,Carangidae,Atropus,hedlandensis,3
20_80M_100N,Carangidae,Atule,mate,13
20_80M_100N,Carangidae,Gnathanodon,speciosus,15
20_80M_100N,Carangidae,Platycaranx,chrysophrys,2
20_80M_100N,Carangidae,Scomberoides,commersonnianus,1
20_80M_100N,Carangidae,Selaroides,leptolepis,18
20_80M_100N,Carangidae,Turrum,fulvoguttatum,1
20_80M_100N,Carangidae,Turrum,gymnostethus,1
20_80M_101F,Carangidae,Atule,mate,2
20_80M_101F,Carangidae,Scomberoides,commersonnianus,1
20_80M_101F,Carangidae,Turrum,gymnostethus,11
20_80M_101N,Carangidae,Caranx,papuensis,1
20_80M_101N,Carangidae,Gnathanodon,speciosus,32
20_80M_101N,Carangidae,Scomberoides,commersonnianus,1
20_80M_101N,Carangidae,Seriolina,nigrofasciata,2
20_80M_101N,Carangidae,Turrum,gymnostethus,1
20_80M_102F,Carangidae,Caranx,papuensis,1
20_80M_102F,Carangidae,Gnathanodon,speciosus,8
20_80M_102F,Carangidae,Scomberoides,commersonnianus,1
20_80M_102N,Carangidae,Scomberoides,commersonnianus,1
20_80M_102N,Carangidae,Selaroides,leptolepis,1
20_80M_103F,Carangidae,Atule,mate,24
20_80M_103F,Carangidae,Caranx,papuensis,2
20_80M_103F,Carangidae,Gnathanodon,speciosus,2
20_80M_103F,Carangidae,Scomberoides,commersonnianus,2
20_80M_103F,Carangidae,Seriolina,nigrofasciata,1
20_80M_103N,Carangidae,Scomberoides,commersonnianus,1
20_80M_104F,Carangidae,Atule,mate,7
20_80M_104F,Carangidae,Gnathanodon,speciosus,8
20_80M_104F,Carangidae,Scomberoides,commersonnianus,2
20_80M_104F,Carangidae,Seriolina,nigrofasciata,1
20_80M_104F,Carangidae,Turrum,gymnostethus,1
20_80M_104N,Carangidae,Atule,mate,14
20_80M_104N,Carangidae,Gnathanodon,speciosus,1
20_80M_104N,Carangidae,Scomberoides,commersonnianus,1
20_80M_104N,Carangidae,Selaroides,leptolepis,3
20_80M_104N,Carangidae,Turrum,gymnostethus,1
20_80M_105N,Carangidae,Atropus,hedlandensis,1
20_80M_105N,Carangidae,Selaroides,leptolepis,12
20_80M_105N,Carangidae,Seriolina,nigrofasciata,3
20_80M_106N,Carangidae,Atropus,hedlandensis,3
20_80M_106N,Carangidae,Atule,mate,11
20_80M_106N,Carangidae,Gnathanodon,speciosus,2
20_80M_106N,Carangidae,Scomberoides,commersonnianus,1
20_80M_106N,Carangidae,Selaroides,leptolepis,34
20_80M_106N,Carangidae,Seriolina,nigrofasciata,2
20_80M_106N,Carangidae,Turrum,gymnostethus,2
20_80M_107N,Carangidae,Atropus,hedlandensis,2
20_80M_107N,Carangidae,Atule,mate,6
20_80M_107N,Carangidae,Caranx,bucculentus,3
20_80M_107N,Carangidae,Gnathanodon,speciosus,3
20_80M_107N,Carangidae,Scomberoides,commersonnianus,1
20_80M_107N,Carangidae,Selaroides,leptolepis,24
20_80M_107N,Carangidae,Turrum,caeruleopinnatum,2
20_80M_10F,Carangidae,Scomberoides,commersonnianus,2
20_80M_10F,Carangidae,Selaroides,leptolepis,4
20_80M_10F,Carangidae,Turrum,gymnostethus,2
20_80M_10N,Carangidae,Scomberoides,commersonnianus,1
20_80M_10N,Carangidae,Turrum,gymnostethus,1
20_80M_110N,Carangidae,Alepes,apercna,42
20_80M_110N,Carangidae,Gnathanodon,speciosus,16
20_80M_110N,Carangidae,Scomberoides,commersonnianus,1
20_80M_110N,Carangidae,Seriolina,nigrofasciata,1
20_80M_110N,Carangidae,Turrum,fulvoguttatum,2
20_80M_110N,Carangidae,Turrum,gymnostethus,10
20_80M_111N,Carangidae,Atule,mate,4
20_80M_111N,Carangidae,Gnathanodon,speciosus,8
20_80M_111N,Carangidae,Seriolina,nigrofasciata,1
20_80M_111N,Carangidae,Turrum,gymnostethus,3
20_80M_112N,Carangidae,Turrum,gymnostethus,7
20_80M_113N,Carangidae,Atule,mate,17
20_80M_113N,Carangidae,Gnathanodon,speciosus,2
20_80M_113N,Carangidae,Scomberoides,commersonnianus,1
20_80M_113N,Carangidae,Turrum,gymnostethus,3
20_80M_114N,Carangidae,Scomberoides,commersonnianus,1
20_80M_114N,Carangidae,Turrum,gymnostethus,1
20_80M_116N,Carangidae,Selaroides,leptolepis,2
20_80M_116N,Carangidae,Seriolina,nigrofasciata,1
20_80M_116N,Carangidae,Turrum,gymnostethus,11
20_80M_117N,Carangidae,Atule,mate,1
20_80M_118N,Carangidae,Alepes,apercna,9
20_80M_118N,Carangidae,Scomberoides,commersonnianus,1
20_80M_118N,Carangidae,Turrum,fulvoguttatum,2
20_80M_118N,Carangidae,Turrum,gymnostethus,9
20_80M_119N,Carangidae,Atule,mate,1
20_80M_119N,Carangidae,Gnathanodon,speciosus,4
20_80M_119N,Carangidae,Turrum,gymnostethus,1
20_80M_11F,Carangidae,Gnathanodon,speciosus,1
20_80M_11F,Carangidae,Scomberoides,commersonnianus,1
20_80M_11F,Carangidae,Selaroides,leptolepis,1
20_80M_11F,Carangidae,Seriolina,nigrofasciata,1
20_80M_11F,Carangidae,Turrum,gymnostethus,1
20_80M_11N,Carangidae,Turrum,gymnostethus,2
20_80M_121N,Carangidae,Turrum,fulvoguttatum,1
20_80M_121N,Carangidae,Turrum,gymnostethus,4
20_80M_122N,Carangidae,Scomberoides,commersonnianus,1
20_80M_124N,Carangidae,Scomberoides,commersonnianus,1
20_80M_124N,Carangidae,Turrum,fulvoguttatum,2
20_80M_125N,Carangidae,Seriolina,nigrofasciata,3
20_80M_125N,Carangidae,Turrum,gymnostethus,1
20_80M_126N,Carangidae,Scomberoides,commersonnianus,1
20_80M_126N,Carangidae,Seriolina,nigrofasciata,1
20_80M_126N,Carangidae,Turrum,gymnostethus,1
20_80M_127N,Carangidae,Atule,mate,9
20_80M_127N,Carangidae,Ferdauia,orthogrammus,1
20_80M_128N,Carangidae,Gnathanodon,speciosus,1
20_80M_128N,Carangidae,Selaroides,leptolepis,2
20_80M_128N,Carangidae,Turrum,gymnostethus,2
20_80M_129N,Carangidae,Caranx,ignobilis,1
20_80M_12F,Carangidae,Gnathanodon,speciosus,2
20_80M_12F,Carangidae,Turrum,gymnostethus,2
20_80M_130N,Carangidae,Scomberoides,commersonnianus,1
20_80M_131N,Carangidae,Gnathanodon,speciosus,21
20_80M_131N,Carangidae,Selaroides,leptolepis,1
20_80M_131N,Carangidae,Seriolina,nigrofasciata,1
20_80M_132N,Carangidae,Atule,mate,1
20_80M_132N,Carangidae,Gnathanodon,speciosus,37
20_80M_132N,Carangidae,Platycaranx,chrysophrys,1
20_80M_132N,Carangidae,Turrum,gymnostethus,1
20_80M_133N,Carangidae,Atule,mate,1
20_80M_133N,Carangidae,Gnathanodon,speciosus,4
20_80M_133N,Carangidae,Turrum,fulvoguttatum,3
20_80M_133N,Carangidae,Turrum,gymnostethus,2
20_80M_13F,Carangidae,Gnathanodon,speciosus,21
20_80M_13F,Carangidae,Scomberoides,commersonnianus,1
20_80M_13F,Carangidae,Selaroides,leptolepis,7
20_80M_13N,Carangidae,Atule,mate,7
20_80M_13N,Carangidae,Scomberoides,commersonnianus,1
20_80M_13N,Carangidae,Selaroides,leptolepis,4
20_80M_13N,Carangidae,Turrum,fulvoguttatum,1
20_80M_13N,Carangidae,Turrum,gymnostethus,1
20_80M_14F,Carangidae,Atule,mate,4
20_80M_14F,Carangidae,Gnathanodon,speciosus,16
20_80M_14F,Carangidae,Scomberoides,commersonnianus,1
20_80M_14F,Carangidae,Selaroides,leptolepis,1
20_80M_14F,Carangidae,Seriolina,nigrofasciata,1
20_80M_14F,Carangidae,Turrum,gymnostethus,27
20_80M_14N,Carangidae,Atule,mate,9
20_80M_14N,Carangidae,Scomberoides,commersonnianus,1
20_80M_14N,Carangidae,Seriolina,nigrofasciata,1
20_80M_14N,Carangidae,Turrum,gymnostethus,4
20_80M_15F,Carangidae,Atule,mate,17
20_80M_15F,Carangidae,Scomberoides,commersonnianus,1
20_80M_15F,Carangidae,Turrum,gymnostethus,2
20_80M_15N,Carangidae,Selaroides,leptolepis,2
20_80M_16F,Carangidae,Turrum,gymnostethus,11
20_80M_16N,Carangidae,Scomberoides,commersonnianus,1
20_80M_16N,Carangidae,Selaroides,leptolepis,2
20_80M_17F,Carangidae,Atule,mate,35
20_80M_17F,Carangidae,Turrum,gymnostethus,5
20_80M_17N,Carangidae,Selaroides,leptolepis,18
20_80M_18F,Carangidae,Atule,mate,1
20_80M_18F,Carangidae,Gnathanodon,speciosus,1
20_80M_18F,Carangidae,Platycaranx,chrysophrys,2
20_80M_18F,Carangidae,Turrum,gymnostethus,4
20_80M_18N,Carangidae,Gnathanodon,speciosus,8
20_80M_18N,Carangidae,Scomberoides,commersonnianus,1
20_80M_18N,Carangidae,Selaroides,leptolepis,3
20_80M_19F,Carangidae,Caranx,papuensis,2
20_80M_19F,Carangidae,Gnathanodon,speciosus,17
20_80M_19N,Carangidae,Selaroides,leptolepis,5
20_80M_1F,Carangidae,Atule,mate,1
20_80M_1F,Carangidae,Gnathanodon,speciosus,3
20_80M_1F,Carangidae,Scomberoides,commersonnianus,1
20_80M_1F,Carangidae,Turrum,gymnostethus,9
20_80M_1N,Carangidae,Atropus,hedlandensis,1
20_80M_1N,Carangidae,Selaroides,leptolepis,2
20_80M_20F,Carangidae,Atule,mate,4
20_80M_20F,Carangidae,Scomberoides,commersonnianus,1
20_80M_20F,Carangidae,Seriolina,nigrofasciata,1
20_80M_20N,Carangidae,Gnathanodon,speciosus,15
20_80M_20N,Carangidae,Scomberoides,commersonnianus,1
20_80M_20N,Carangidae,Selaroides,leptolepis,6
20_80M_21F,Carangidae,Gnathanodon,speciosus,6
20_80M_21F,Carangidae,Scomberoides,commersonnianus,1
20_80M_21F,Carangidae,Selaroides,leptolepis,9
20_80M_21F,Carangidae,Turrum,gymnostethus,1
20_80M_21N,Carangidae,Atule,mate,2
20_80M_21N,Carangidae,Gnathanodon,speciosus,2
20_80M_21N,Carangidae,Scomberoides,commersonnianus,1
20_80M_21N,Carangidae,Selaroides,leptolepis,21
20_80M_22F,Carangidae,Gnathanodon,speciosus,4
20_80M_22F,Carangidae,Scomberoides,commersonnianus,1
20_80M_22F,Carangidae,Turrum,fulvoguttatum,2
20_80M_22F,Carangidae,Turrum,gymnostethus,2
20_80M_22N,Carangidae,Gnathanodon,speciosus,3
20_80M_22N,Carangidae,Scomberoides,commersonnianus,2
20_80M_22N,Carangidae,Selaroides,leptolepis,10
20_80M_23F,Carangidae,Atule,mate,4
20_80M_23F,Carangidae,Gnathanodon,speciosus,4
20_80M_23F,Carangidae,Selaroides,leptolepis,1
20_80M_23N,Carangidae,Atule,mate,9
20_80M_23N,Carangidae,Caranx,ignobilis,1
20_80M_23N,Carangidae,Caranx,papuensis,2
20_80M_23N,Carangidae,Gnathanodon,speciosus,16
20_80M_24F,Carangidae,Turrum,gymnostethus,1
20_80M_24N,Carangidae,Atule,mate,4
20_80M_24N,Carangidae,Gnathanodon,speciosus,30
20_80M_24N,Carangidae,Scomberoides,commersonnianus,1
20_80M_24N,Carangidae,Seriolina,nigrofasciata,1
20_80M_25F,Carangidae,Caranx,ignobilis,1
20_80M_25F,Carangidae,Gnathanodon,speciosus,1
20_80M_25F,Carangidae,Selaroides,leptolepis,23
20_80M_25F,Carangidae,Turrum,gymnostethus,3
20_80M_25N,Carangidae,Atule,mate,3
20_80M_25N,Carangidae,Scomberoides,commersonnianus,1
20_80M_25N,Carangidae,Seriolina,nigrofasciata,3
20_80M_25N,Carangidae,Turrum,fulvoguttatum,2
20_80M_26F,Carangidae,Selaroides,leptolepis,1
20_80M_26F,Carangidae,Turrum,gymnostethus,4
20_80M_26N,Carangidae,Atule,mate,8
20_80M_26N,Carangidae,Turrum,gymnostethus,5
20_80M_27F,Carangidae,Turrum,gymnostethus,12
20_80M_27N,Carangidae,Alepes,apercna,4
20_80M_27N,Carangidae,Gnathanodon,speciosus,13
20_80M_27N,Carangidae,Scomberoides,commersonnianus,1
20_80M_27N,Carangidae,Seriolina,nigrofasciata,1
20_80M_27N,Carangidae,Turrum,gymnostethus,1
20_80M_28F,Carangidae,Caranx,ignobilis,1
20_80M_28F,Carangidae,Gnathanodon,speciosus,2
20_80M_28F,Carangidae,Turrum,gymnostethus,1
20_80M_28N,Carangidae,Seriolina,nigrofasciata,1
20_80M_28N,Carangidae,Turrum,gymnostethus,1
20_80M_29F,Carangidae,Gnathanodon,speciosus,1
20_80M_29F,Carangidae,Turrum,gymnostethus,1
20_80M_29N,Carangidae,Atule,mate,7
20_80M_29N,Carangidae,Scomberoides,commersonnianus,1
20_80M_29N,Carangidae,Seriolina,nigrofasciata,1
20_80M_29N,Carangidae,Turrum,gymnostethus,6
20_80M_2F,Carangidae,Gnathanodon,speciosus,21
20_80M_2N,Carangidae,Scomberoides,commersonnianus,1
20_80M_30F,Carangidae,Decapterus,spp,5
20_80M_30F,Carangidae,Gnathanodon,speciosus,1
20_80M_30F,Carangidae,Turrum,fulvoguttatum,1
20_80M_30F,Carangidae,Turrum,gymnostethus,8
20_80M_30N,Carangidae,Scomberoides,commersonnianus,1
20_80M_30N,Carangidae,Seriolina,nigrofasciata,1
20_80M_31F,Carangidae,Gnathanodon,speciosus,1
20_80M_31F,Carangidae,Turrum,gymnostethus,8
20_80M_31N,Carangidae,Alepes,apercna,5
20_80M_31N,Carangidae,Atule,mate,6
20_80M_31N,Carangidae,Gnathanodon,speciosus,1
20_80M_31N,Carangidae,Scomberoides,commersonnianus,1
20_80M_31N,Carangidae,Selaroides,leptolepis,6
20_80M_31N,Carangidae,Turrum,gymnostethus,2
20_80M_32F,Carangidae,Turrum,gymnostethus,8
20_80M_32N,Carangidae,Caranx,ignobilis,1
20_80M_32N,Carangidae,Gnathanodon,speciosus,15
20_80M_32N,Carangidae,Seriolina,nigrofasciata,1
20_80M_33F,Carangidae,Turrum,fulvoguttatum,1
20_80M_33F,Carangidae,Turrum,gymnostethus,1
20_80M_33N,Carangidae,Atropus,hedlandensis,1
20_80M_33N,Carangidae,Gnathanodon,speciosus,4
20_80M_33N,Carangidae,Seriolina,nigrofasciata,1
20_80M_33N,Carangidae,Turrum,gymnostethus,2
20_80M_34F,Carangidae,Turrum,fulvoguttatum,2
20_80M_34N,Carangidae,Turrum,gymnostethus,1
20_80M_35F,Carangidae,Scomberoides,commersonnianus,1
20_80M_35F,Carangidae,Turrum,fulvoguttatum,1
20_80M_35F,Carangidae,Turrum,gymnostethus,5
20_80M_35N,Carangidae,Scomberoides,commersonnianus,1
20_80M_35N,Carangidae,Turrum,gymnostethus,12
20_80M_36F,Carangidae,Scomberoides,commersonnianus,1
20_80M_36F,Carangidae,Turrum,gymnostethus,1
20_80M_36N,Carangidae,Gnathanodon,speciosus,10
20_80M_36N,Carangidae,Scomberoides,commersonnianus,1
20_80M_36N,Carangidae,Turrum,gymnostethus,1
20_80M_37F,Carangidae,Gnathanodon,speciosus,4
20_80M_37F,Carangidae,Turrum,fulvoguttatum,4
20_80M_37N,Carangidae,Atule,mate,1
20_80M_37N,Carangidae,Platycaranx,chrysophrys,2
20_80M_37N,Carangidae,Selaroides,leptolepis,1
20_80M_37N,Carangidae,Turrum,fulvoguttatum,2
20_80M_37N,Carangidae,Turrum,gymnostethus,2
20_80M_38F,Carangidae,Gnathanodon,speciosus,3
20_80M_38F,Carangidae,Scomberoides,commersonnianus,1
20_80M_38F,Carangidae,Selaroides,leptolepis,3
20_80M_38N,Carangidae,Atule,mate,1
20_80M_39F,Carangidae,Turrum,fulvoguttatum,1
20_80M_39N,Carangidae,Atule,mate,3
20_80M_39N,Carangidae,Selaroides,leptolepis,1
20_80M_39N,Carangidae,Turrum,gymnostethus,1
20_80M_3F,Carangidae,Caranx,ignobilis,1
20_80M_3F,Carangidae,Gnathanodon,speciosus,20
20_80M_3F,Carangidae,Scomberoides,commersonnianus,1
20_80M_3F,Carangidae,Turrum,gymnostethus,4
20_80M_3N,Carangidae,Scomberoides,commersonnianus,1
20_80M_3N,Carangidae,Selaroides,leptolepis,24
20_80M_40F,Carangidae,Scomberoides,commersonnianus,1
20_80M_40N,Carangidae,Scomberoides,commersonnianus,1
20_80M_40N,Carangidae,Selaroides,leptolepis,18
20_80M_41F,Carangidae,Alepes,apercna,7
20_80M_41F,Carangidae,Atule,mate,14
20_80M_41F,Carangidae,Turrum,fulvoguttatum,1
20_80M_41F,Carangidae,Turrum,gymnostethus,9
20_80M_41N,Carangidae,Atule,mate,18
20_80M_41N,Carangidae,Selaroides,leptolepis,4
20_80M_42F,Carangidae,Turrum,fulvoguttatum,2
20_80M_42N,Carangidae,Selaroides,leptolepis,18
20_80M_43F,Carangidae,Gnathanodon,speciosus,1
20_80M_43N,Carangidae,Scomberoides,commersonnianus,1
20_80M_43N,Carangidae,Selaroides,leptolepis,13
20_80M_44F,Carangidae,Atule,mate,3
20_80M_44F,Carangidae,Caranx,papuensis,1
20_80M_44F,Carangidae,Turrum,gymnostethus,1
20_80M_44N,Carangidae,Selaroides,leptolepis,7
20_80M_45F,Carangidae,Scomberoides,commersonnianus,1
20_80M_45F,Carangidae,Turrum,fulvoguttatum,2
20_80M_45N,Carangidae,Caranx,bucculentus,9
20_80M_45N,Carangidae,Gnathanodon,speciosus,3
20_80M_45N,Carangidae,Scomberoides,commersonnianus,2
20_80M_45N,Carangidae,Selaroides,leptolepis,25
20_80M_46F,Carangidae,Turrum,fulvoguttatum,2
20_80M_46F,Carangidae,Turrum,gymnostethus,11
20_80M_46N,Carangidae,Atule,mate,1
20_80M_46N,Carangidae,Scomberoides,commersonnianus,1
20_80M_46N,Carangidae,Selaroides,leptolepis,46
20_80M_47F,Carangidae,Scomberoides,commersonnianus,1
20_80M_47N,Carangidae,Scomberoides,commersonnianus,1
20_80M_47N,Carangidae,Selaroides,leptolepis,29
20_80M_48F,Carangidae,Gnathanodon,speciosus,2
20_80M_48F,Carangidae,Scomberoides,commersonnianus,1
20_80M_48F,Carangidae,Turrum,gymnostethus,1
20_80M_48N,Carangidae,Atule,mate,9
20_80M_48N,Carangidae,Gnathanodon,speciosus,24
20_80M_48N,Carangidae,Scomberoides,commersonnianus,1
20_80M_48N,Carangidae,Selaroides,leptolepis,1
20_80M_49F,Carangidae,Scomberoides,commersonnianus,1
20_80M_49F,Carangidae,Turrum,gymnostethus,8
20_80M_49N,Carangidae,Scomberoides,commersonnianus,1
20_80M_49N,Carangidae,Selaroides,leptolepis,1
20_80M_4F,Carangidae,Scomberoides,commersonnianus,1
20_80M_4F,Carangidae,Selaroides,leptolepis,1
20_80M_4F,Carangidae,Turrum,gymnostethus,1
20_80M_4N,Carangidae,Atule,mate,4
20_80M_4N,Carangidae,Gnathanodon,speciosus,5
20_80M_4N,Carangidae,Scomberoides,commersonnianus,1
20_80M_4N,Carangidae,Turrum,fulvoguttatum,1
20_80M_50F,Carangidae,Atule,mate,8
20_80M_50F,Carangidae,Gnathanodon,speciosus,2
20_80M_50F,Carangidae,Scomberoides,commersonnianus,2
20_80M_50N,Carangidae,Selaroides,leptolepis,9
20_80M_51F,Carangidae,Atule,mate,5
20_80M_51F,Carangidae,Caranx,papuensis,1
20_80M_51F,Carangidae,Scomberoides,commersonnianus,1
20_80M_51F,Carangidae,Turrum,gymnostethus,1
20_80M_52F,Carangidae,Scomberoides,commersonnianus,1
20_80M_52N,Carangidae,Atropus,hedlandensis,2
20_80M_52N,Carangidae,Atule,mate,3
20_80M_52N,Carangidae,Caranx,bucculentus,3
20_80M_52N,Carangidae,Platycaranx,chrysophrys,1
20_80M_52N,Carangidae,Selaroides,leptolepis,4
20_80M_53F,Carangidae,Scomberoides,commersonnianus,1
20_80M_53F,Carangidae,Turrum,gymnostethus,4
20_80M_53N,Carangidae,Atropus,hedlandensis,1
20_80M_53N,Carangidae,Atule,mate,4
20_80M_53N,Carangidae,Selaroides,leptolepis,7
20_80M_53N,Carangidae,Turrum,gymnostethus,2
20_80M_54F,Carangidae,Atule,mate,13
20_80M_54F,Carangidae,Gnathanodon,speciosus,12
20_80M_54F,Carangidae,Scomberoides,commersonnianus,1
20_80M_54F,Carangidae,Turrum,gymnostethus,1
20_80M_54N,Carangidae,Gnathanodon,speciosus,1
20_80M_54N,Carangidae,Scomberoides,commersonnianus,2
20_80M_55F,Carangidae,Atule,mate,7
20_80M_55F,Carangidae,Caranx,papuensis,2
20_80M_55F,Carangidae,Decapterus,macarellus,6
20_80M_55F,Carangidae,Gnathanodon,speciosus,37
20_80M_55F,Carangidae,Scomberoides,commersonnianus,1
20_80M_55F,Carangidae,Selaroides,leptolepis,1
20_80M_55F,Carangidae,Turrum,gymnostethus,2
20_80M_55N,Carangidae,Gnathanodon,speciosus,9
20_80M_55N,Carangidae,Scomberoides,commersonnianus,1
20_80M_56F,Carangidae,Gnathanodon,speciosus,2
20_80M_56F,Carangidae,Seriolina,nigrofasciata,1
20_80M_56F,Carangidae,Turrum,gymnostethus,11
20_80M_56N,Carangidae,Gnathanodon,speciosus,1
20_80M_56N,Carangidae,Scomberoides,commersonnianus,1
20_80M_56N,Carangidae,Selaroides,leptolepis,7
20_80M_57F,Carangidae,Selaroides,leptolepis,1
20_80M_57N,Carangidae,Alepes,apercna,1
20_80M_57N,Carangidae,Gnathanodon,speciosus,4
20_80M_57N,Carangidae,Scomberoides,commersonnianus,1
20_80M_57N,Carangidae,Seriolina,nigrofasciata,1
20_80M_58F,Carangidae,Atule,mate,2
20_80M_58F,Carangidae,Gnathanodon,speciosus,4
20_80M_58F,Carangidae,Turrum,gymnostethus,8
20_80M_58N,Carangidae,Atule,mate,4
20_80M_59F,Carangidae,Turrum,gymnostethus,1
20_80M_59N,Carangidae,Gnathanodon,speciosus,13
20_80M_59N,Carangidae,Scomberoides,commersonnianus,1
20_80M_59N,Carangidae,Turrum,gymnostethus,2
20_80M_5F,Carangidae,Gnathanodon,speciosus,3
20_80M_5F,Carangidae,Turrum,fulvoguttatum,1
20_80M_5F,Carangidae,Turrum,gymnostethus,8
20_80M_5N,Carangidae,Atropus,hedlandensis,1
20_80M_60F,Carangidae,Atule,mate,2
20_80M_60F,Carangidae,Gnathanodon,speciosus,1
20_80M_60F,Carangidae,Turrum,gymnostethus,1
20_80M_60N,Carangidae,Scomberoides,commersonnianus,2
20_80M_61F,Carangidae,Atule,mate,3
20_80M_61F,Carangidae,Gnathanodon,speciosus,17
20_80M_61F,Carangidae,Scomberoides,commersonnianus,1
20_80M_61F,Carangidae,Turrum,gymnostethus,1
20_80M_61N,Carangidae,Atule,mate,1
20_80M_61N,Carangidae,Turrum,gymnostethus,36
20_80M_62F,Carangidae,Scomberoides,commersonnianus,2
20_80M_62F,Carangidae,Seriolina,nigrofasciata,1
20_80M_62F,Carangidae,Turrum,gymnostethus,3
20_80M_62N,Carangidae,Gnathanodon,speciosus,2
20_80M_62N,Carangidae,Scomberoides,commersonnianus,1
20_80M_63F,Carangidae,Gnathanodon,speciosus,1
20_80M_63N,Carangidae,Scomberoides,commersonnianus,1
20_80M_63N,Carangidae,Selar,boops,2
20_80M_63N,Carangidae,Selaroides,leptolepis,1
20_80M_63N,Carangidae,Turrum,fulvoguttatum,1
20_80M_63N,Carangidae,Turrum,gymnostethus,2
20_80M_64F,Carangidae,Turrum,fulvoguttatum,1
20_80M_64N,Carangidae,Gnathanodon,speciosus,1
20_80M_64N,Carangidae,Seriolina,nigrofasciata,1
20_80M_64N,Carangidae,Turrum,gymnostethus,3
20_80M_65F,Carangidae,Scomberoides,commersonnianus,1
20_80M_65F,Carangidae,Selaroides,leptolepis,4
20_80M_65F,Carangidae,Seriolina,nigrofasciata,1
20_80M_65F,Carangidae,Turrum,gymnostethus,1
20_80M_65N,Carangidae,Alepes,apercna,90
20_80M_65N,Carangidae,Atropus,hedlandensis,2
20_80M_65N,Carangidae,Gnathanodon,speciosus,2
20_80M_65N,Carangidae,Scomberoides,commersonnianus,1
20_80M_65N,Carangidae,Turrum,fulvoguttatum,2
20_80M_65N,Carangidae,Turrum,gymnostethus,2
20_80M_66F,Carangidae,Scomberoides,commersonnianus,1
20_80M_66F,Carangidae,Turrum,fulvoguttatum,2
20_80M_66N,Carangidae,Alepes,apercna,57
20_80M_66N,Carangidae,Atropus,hedlandensis,1
20_80M_66N,Carangidae,Atule,mate,9
20_80M_66N,Carangidae,Gnathanodon,speciosus,2
20_80M_66N,Carangidae,Platycaranx,chrysophrys,1
20_80M_66N,Carangidae,Scomberoides,commersonnianus,1
20_80M_66N,Carangidae,Selaroides,leptolepis,2
20_80M_66N,Carangidae,Turrum,gymnostethus,2
20_80M_67F,Carangidae,Turrum,gymnostethus,1
20_80M_67N,Carangidae,Alepes,apercna,1
20_80M_67N,Carangidae,Atropus,hedlandensis,4
20_80M_67N,Carangidae,Atule,mate,48
20_80M_67N,Carangidae,Caranx,bucculentus,1
20_80M_67N,Carangidae,Gnathanodon,speciosus,1
20_80M_67N,Carangidae,Scomberoides,commersonnianus,2
20_80M_67N,Carangidae,Selaroides,leptolepis,39
20_80M_67N,Carangidae,Seriolina,nigrofasciata,1
20_80M_67N,Carangidae,Turrum,caeruleopinnatum,1
20_80M_67N,Carangidae,Turrum,gymnostethus,2
20_80M_68F,Carangidae,Gnathanodon,speciosus,25
20_80M_68F,Carangidae,Scomberoides,commersonnianus,1
20_80M_68F,Carangidae,Selaroides,leptolepis,8
20_80M_68F,Carangidae,Turrum,gymnostethus,24
20_80M_68N,Carangidae,Atropus,hedlandensis,2
20_80M_68N,Carangidae,Atule,mate,1
20_80M_68N,Carangidae,Gnathanodon,speciosus,1
20_80M_68N,Carangidae,Scomberoides,commersonnianus,1
20_80M_68N,Carangidae,Selaroides,leptolepis,34
20_80M_68N,Carangidae,Seriolina,nigrofasciata,1
20_80M_69N,Carangidae,Atropus,hedlandensis,1
20_80M_69N,Carangidae,Atule,mate,4
20_80M_69N,Carangidae,Scomberoides,commersonnianus,1
20_80M_69N,Carangidae,Selaroides,leptolepis,1
20_80M_6F,Carangidae,Atule,mate,1
20_80M_6F,Carangidae,Gnathanodon,speciosus,5
20_80M_6F,Carangidae,Turrum,gymnostethus,1
20_80M_70F,Carangidae,Turrum,gymnostethus,1
20_80M_71F,Carangidae,Caranx,papuensis,1
20_80M_71F,Carangidae,Scomberoides,commersonnianus,1
20_80M_71F,Carangidae,Turrum,gymnostethus,1
20_80M_72F,Carangidae,Alepes,apercna,1
20_80M_72F,Carangidae,Atule,mate,2
20_80M_72F,Carangidae,Turrum,gymnostethus,1
20_80M_72N,Carangidae,Atropus,hedlandensis,4
20_80M_72N,Carangidae,Atule,mate,5
20_80M_72N,Carangidae,Caranx,bucculentus,3
20_80M_72N,Carangidae,Scomberoides,commersonnianus,1
20_80M_72N,Carangidae,Selaroides,leptolepis,17
20_80M_73F,Carangidae,Gnathanodon,speciosus,15
20_80M_74F,Carangidae,Gnathanodon,speciosus,13
20_80M_74F,Carangidae,Scomberoides,commersonnianus,1
20_80M_74F,Carangidae,Selaroides,leptolepis,1
20_80M_74F,Carangidae,Turrum,fulvoguttatum,1
20_80M_74F,Carangidae,Turrum,gymnostethus,1
20_80M_75F,Carangidae,Atule,mate,2
20_80M_75F,Carangidae,Gnathanodon,speciosus,8
20_80M_75F,Carangidae,Selaroides,leptolepis,126
20_80M_75F,Carangidae,Turrum,fulvoguttatum,2
20_80M_75F,Carangidae,Turrum,gymnostethus,3
20_80M_76F,Carangidae,Atule,mate,97
20_80M_76F,Carangidae,Gnathanodon,speciosus,9
20_80M_76F,Carangidae,Turrum,fulvoguttatum,2
20_80M_77F,Carangidae,Atule,mate,1
20_80M_77F,Carangidae,Scomberoides,commersonnianus,1
20_80M_77F,Carangidae,Turrum,fulvoguttatum,1
20_80M_77F,Carangidae,Turrum,gymnostethus,1
20_80M_78F,Carangidae,Gnathanodon,speciosus,1
20_80M_78F,Carangidae,Scomberoides,commersonnianus,1
20_80M_78F,Carangidae,Turrum,gymnostethus,1
20_80M_79F,Carangidae,Alepes,apercna,1
20_80M_79F,Carangidae,Gnathanodon,speciosus,8
20_80M_79F,Carangidae,Scomberoides,commersonnianus,1
20_80M_79F,Carangidae,Selaroides,leptolepis,23
20_80M_7F,Carangidae,Gnathanodon,speciosus,5
20_80M_7F,Carangidae,Turrum,gymnostethus,1
20_80M_7N,Carangidae,Caranx,ignobilis,1
20_80M_7N,Carangidae,Caranx,papuensis,3
20_80M_7N,Carangidae,Gnathanodon,speciosus,14
20_80M_7N,Carangidae,Scomberoides,commersonnianus,2
20_80M_7N,Carangidae,Seriolina,nigrofasciata,1
20_80M_7N,Carangidae,Turrum,gymnostethus,1
20_80M_80F,Carangidae,Atule,mate,1
20_80M_80F,Carangidae,Scomberoides,commersonnianus,1
20_80M_80F,Carangidae,Turrum,gymnostethus,1
20_80M_81F,Carangidae,Gnathanodon,speciosus,2
20_80M_81F,Carangidae,Scomberoides,commersonnianus,1
20_80M_81F,Carangidae,Turrum,fulvoguttatum,1
20_80M_81F,Carangidae,Turrum,gymnostethus,2
20_80M_82F,Carangidae,Scomberoides,commersonnianus,1
20_80M_82N,Carangidae,Atropus,hedlandensis,1
20_80M_82N,Carangidae,Atule,mate,17
20_80M_82N,Carangidae,Caranx,bucculentus,5
20_80M_82N,Carangidae,Gnathanodon,speciosus,4
20_80M_82N,Carangidae,Selaroides,leptolepis,9
20_80M_82N,Carangidae,Seriolina,nigrofasciata,1
20_80M_83F,Carangidae,Gnathanodon,speciosus,1
20_80M_83F,Carangidae,Scomberoides,commersonnianus,1
20_80M_83F,Carangidae,Turrum,gymnostethus,3
20_80M_83N,Carangidae,Atropus,hedlandensis,3
20_80M_83N,Carangidae,Caranx,bucculentus,3
20_80M_83N,Carangidae,Gnathanodon,speciosus,1
20_80M_83N,Carangidae,Scomberoides,commersonnianus,2
20_80M_83N,Carangidae,Selaroides,leptolepis,38
20_80M_83N,Carangidae,Seriolina,nigrofasciata,1
20_80M_84F,Carangidae,Selaroides,leptolepis,8
20_80M_84F,Carangidae,Turrum,gymnostethus,1
20_80M_84N,Carangidae,Atropus,hedlandensis,2
20_80M_84N,Carangidae,Atule,mate,15
20_80M_84N,Carangidae,Caranx,bucculentus,2
20_80M_84N,Carangidae,Selaroides,leptolepis,33
20_80M_85F,Carangidae,Alepes,apercna,13
20_80M_85F,Carangidae,Atule,mate,1
20_80M_85F,Carangidae,Gnathanodon,speciosus,52
20_80M_85F,Carangidae,Scomberoides,commersonnianus,1
20_80M_85F,Carangidae,Turrum,fulvoguttatum,2
20_80M_85F,Carangidae,Turrum,gymnostethus,7
20_80M_85N,Carangidae,Atropus,hedlandensis,2
20_80M_85N,Carangidae,Atule,mate,16
20_80M_85N,Carangidae,Scomberoides,commersonnianus,1
20_80M_85N,Carangidae,Selaroides,leptolepis,31
20_80M_85N,Carangidae,Seriolina,nigrofasciata,1
20_80M_85N,Carangidae,Turrum,caeruleopinnatum,1
20_80M_85N,Carangidae,Turrum,gymnostethus,1
20_80M_86F,Carangidae,Selaroides,leptolepis,5
20_80M_86F,Carangidae,Turrum,gymnostethus,5
20_80M_86N,Carangidae,Selaroides,leptolepis,2
20_80M_86N,Carangidae,Turrum,gymnostethus,3
20_80M_87F,Carangidae,Selaroides,leptolepis,2
20_80M_87F,Carangidae,Turrum,gymnostethus,2
20_80M_87N,Carangidae,Turrum,gymnostethus,4
20_80M_88F,Carangidae,Caranx,papuensis,2
20_80M_88F,Carangidae,Turrum,gymnostethus,1
20_80M_88N,Carangidae,Gnathanodon,speciosus,37
20_80M_88N,Carangidae,Scomberoides,commersonnianus,1
20_80M_88N,Carangidae,Turrum,gymnostethus,2
20_80M_89F,Carangidae,Atule,mate,4
20_80M_89F,Carangidae,Gnathanodon,speciosus,32
20_80M_89N,Carangidae,Atule,mate,21
20_80M_89N,Carangidae,Scomberoides,commersonnianus,1
20_80M_89N,Carangidae,Turrum,gymnostethus,1
20_80M_8F,Carangidae,Scomberoides,commersonnianus,1
20_80M_8F,Carangidae,Selaroides,leptolepis,1
20_80M_90F,Carangidae,Caranx,papuensis,1
20_80M_90F,Carangidae,Turrum,fulvoguttatum,2
20_80M_90F,Carangidae,Turrum,gymnostethus,2
20_80M_90N,Carangidae,Gnathanodon,speciosus,18
20_80M_90N,Carangidae,Scomberoides,commersonnianus,1
20_80M_90N,Carangidae,Turrum,fulvoguttatum,1
20_80M_90N,Carangidae,Turrum,gymnostethus,3
20_80M_91F,Carangidae,Turrum,fulvoguttatum,1
20_80M_91F,Carangidae,Turrum,gymnostethus,1
20_80M_91N,Carangidae,Atropus,hedlandensis,1
20_80M_91N,Carangidae,Atule,mate,10
20_80M_91N,Carangidae,Gnathanodon,speciosus,1
20_80M_91N,Carangidae,Scomberoides,commersonnianus,1
20_80M_91N,Carangidae,Turrum,gymnostethus,3
20_80M_92F,Carangidae,Turrum,gymnostethus,2
20_80M_92N,Carangidae,Atropus,hedlandensis,1
20_80M_92N,Carangidae,Caranx,bucculentus,1
20_80M_92N,Carangidae,Scomberoides,commersonnianus,2
20_80M_92N,Carangidae,Selaroides,leptolepis,18
20_80M_92N,Carangidae,Turrum,gymnostethus,1
20_80M_93F,Carangidae,Gnathanodon,speciosus,5
20_80M_93F,Carangidae,Scomberoides,commersonnianus,1
20_80M_93F,Carangidae,Selaroides,leptolepis,2
20_80M_93F,Carangidae,Turrum,gymnostethus,1
20_80M_93N,Carangidae,Atule,mate,43
20_80M_93N,Carangidae,Gnathanodon,speciosus,2
20_80M_93N,Carangidae,Scomberoides,commersonnianus,1
20_80M_94F,Carangidae,Gnathanodon,speciosus,3
20_80M_94F,Carangidae,Selaroides,leptolepis,2
20_80M_94N,Carangidae,Atropus,hedlandensis,2
20_80M_94N,Carangidae,Atule,mate,29
20_80M_94N,Carangidae,Caranx,bucculentus,6
20_80M_94N,Carangidae,Gnathanodon,speciosus,5
20_80M_95F,Carangidae,Gnathanodon,speciosus,2
20_80M_95F,Carangidae,Turrum,gymnostethus,3
20_80M_96F,Carangidae,Atule,mate,8
20_80M_96F,Carangidae,Turrum,gymnostethus,6
20_80M_96N,Carangidae,Caranx,bucculentus,2
20_80M_96N,Carangidae,Scomberoides,commersonnianus,1
20_80M_96N,Carangidae,Selaroides,leptolepis,26
20_80M_97F,Carangidae,Gnathanodon,speciosus,10
20_80M_97F,Carangidae,Scomberoides,commersonnianus,1
20_80M_97F,Carangidae,Turrum,gymnostethus,2
20_80M_97N,Carangidae,Alepes,apercna,1
20_80M_97N,Carangidae,Atropus,hedlandensis,5
20_80M_97N,Carangidae,Atule,mate,2
20_80M_97N,Carangidae,Caranx,bucculentus,8
20_80M_97N,Carangidae,Gnathanodon,speciosus,21
20_80M_97N,Carangidae,Scomberoides,commersonnianus,1
20_80M_97N,Carangidae,Selaroides,leptolepis,34
20_80M_97N,Carangidae,Seriolina,nigrofasciata,1
20_80M_98F,Carangidae,Atule,mate,1
20_80M_98F,Carangidae,Gnathanodon,speciosus,1
20_80M_98F,Carangidae,Turrum,gymnostethus,7
20_80M_98N,Carangidae,Atropus,hedlandensis,5
20_80M_98N,Carangidae,Atule,mate,31
20_80M_98N,Carangidae,Caranx,bucculentus,1
20_80M_98N,Carangidae,Gnathanodon,speciosus,2
20_80M_98N,Carangidae,Platycaranx,chrysophrys,2
20_80M_98N,Carangidae,Selaroides,leptolepis,46
20_80M_99F,Carangidae,Gnathanodon,speciosus,14
20_80M_99F,Carangidae,Scomberoides,commersonnianus,2
20_80M_99F,Carangidae,Turrum,gymnostethus,1
20_80M_99N,Carangidae,Atropus,hedlandensis,2
20_80M_99N,Carangidae,Atule,mate,7
20_80M_99N,Carangidae,Caranx,bucculentus,1
20_80M_99N,Carangidae,Gnathanodon,speciosus,3
20_80M_99N,Carangidae,Platycaranx,chrysophrys,1
20_80M_99N,Carangidae,Selaroides,leptolepis,37
20_80M_99N,Carangidae,Seriolina,nigrofasciata,1
20_80M_99N,Carangidae,Turrum,gymnostethus,1
20_80M_9F,Carangidae,Caranx,papuensis,2
20_80M_9F,Carangidae,Selar,boops,4
20_80M_9N,Carangidae,Atule,mate,1
20_80M_9N,Carangidae,Gnathanodon,speciosus,17
20_80M_9N,Carangidae,Turrum,gymnostethus,7
21_80M_102,Carangidae,Seriolina,nigrofasciata,1
21_80M_105,Carangidae,Gnathanodon,speciosus,1
21_80M_105,Carangidae,Turrum,fulvoguttatum,5
21_80M_107,Carangidae,Carangoides,talamparoides,1
21_80M_107,Carangidae,Caranx,bucculentus,1
21_80M_107,Carangidae,Turrum,caeruleopinnatum,1
21_80M_108,Carangidae,Atule,mate,22
21_80M_108,Carangidae,Selaroides,leptolepis,4
21_80M_108,Carangidae,Seriolina,nigrofasciata,1
21_80M_11,Carangidae,Atropus,hedlandensis,2
21_80M_11,Carangidae,Atule,mate,2
21_80M_11,Carangidae,Platycaranx,chrysophrys,3
21_80M_117,Carangidae,Selar,boops,34
21_80M_117,Carangidae,Selaroides,leptolepis,95
21_80M_117,Carangidae,Turrum,gymnostethus,1
21_80M_118,Carangidae,Selaroides,leptolepis,24
21_80M_12,Carangidae,Atule,mate,5
21_80M_12,Carangidae,Ferdauia,ferdau,1
21_80M_12,Carangidae,Gnathanodon,speciosus,26
21_80M_12,Carangidae,Seriolina,nigrofasciata,1
21_80M_12,Carangidae,Turrum,fulvoguttatum,1
21_80M_12,Carangidae,Turrum,gymnostethus,2
21_80M_121,Carangidae,Selaroides,leptolepis,35
21_80M_123,Carangidae,Scomberoides,commersonnianus,1
21_80M_124,Carangidae,Atule,mate,2
21_80M_124,Carangidae,Seriolina,nigrofasciata,1
21_80M_135,Carangidae,Gnathanodon,speciosus,1
21_80M_139,Carangidae,Atule,mate,6
21_80M_139,Carangidae,Caranx,bucculentus,9
21_80M_139,Carangidae,Turrum,caeruleopinnatum,1
21_80M_140,Carangidae,Turrum,gymnostethus,3
21_80M_143,Carangidae,Carangoides,talamparoides,1
21_80M_143,Carangidae,Caranx,bucculentus,4
21_80M_143,Carangidae,Scomberoides,commersonnianus,1
21_80M_15,Carangidae,Caranx,bucculentus,4
21_80M_15,Carangidae,Scomberoides,commersonnianus,2
21_80M_15,Carangidae,Turrum,caeruleopinnatum,4
21_80M_151,Carangidae,Scomberoides,commersonnianus,2
21_80M_152,Carangidae,Atule,mate,3
21_80M_152,Carangidae,Selaroides,leptolepis,1
21_80M_153,Carangidae,Selaroides,leptolepis,2
21_80M_155,Carangidae,Gnathanodon,speciosus,1
21_80M_155,Carangidae,Platycaranx,chrysophrys,7
21_80M_155,Carangidae,Turrum,caeruleopinnatum,2
21_80M_159,Carangidae,Platycaranx,malabaricus,2
21_80M_159,Carangidae,Turrum,caeruleopinnatum,1
21_80M_162,Carangidae,Turrum,gymnostethus,1
21_80M_17,Carangidae,Gnathanodon,speciosus,1
21_80M_17,Carangidae,Turrum,fulvoguttatum,1
21_80M_171,Carangidae,Carangoides,talamparoides,1
21_80M_171,Carangidae,Caranx,bucculentus,4
21_80M_171,Carangidae,Selaroides,leptolepis,1
21_80M_171,Carangidae,Turrum,caeruleopinnatum,1
21_80M_187,Carangidae,Carangoides,talamparoides,2
21_80M_187,Carangidae,Caranx,bucculentus,1
21_80M_191,Carangidae,Atropus,hedlandensis,6
21_80M_191,Carangidae,Platycaranx,chrysophrys,1
21_80M_191,Carangidae,Scomberoides,commersonnianus,1
21_80M_191,Carangidae,Selaroides,leptolepis,16
21_80M_192,Carangidae,Gnathanodon,speciosus,8
21_80M_192,Carangidae,Turrum,fulvoguttatum,3
21_80M_192,Carangidae,Turrum,gymnostethus,2
21_80M_193,Carangidae,Turrum,fulvoguttatum,2
21_80M_193,Carangidae,Turrum,gymnostethus,1
21_80M_201,Carangidae,Gnathanodon,speciosus,21
21_80M_204,Carangidae,Selaroides,leptolepis,3
21_80M_207,Carangidae,Atropus,hedlandensis,1
21_80M_207,Carangidae,Atule,mate,3
21_80M_207,Carangidae,Caranx,bucculentus,21
21_80M_207,Carangidae,Platycaranx,malabaricus,1
21_80M_207,Carangidae,Scomberoides,commersonnianus,2
21_80M_207,Carangidae,Turrum,caeruleopinnatum,2
21_80M_215,Carangidae,Atule,mate,1
21_80M_215,Carangidae,Selaroides,leptolepis,45
21_80M_223,Carangidae,Atule,mate,13
21_80M_223,Carangidae,Selaroides,leptolepis,1
21_80M_226,Carangidae,Selaroides,leptolepis,110
21_80M_236,Carangidae,Turrum,gymnostethus,5
21_80M_245,Carangidae,Turrum,fulvoguttatum,1
21_80M_247,Carangidae,Atropus,hedlandensis,1
21_80M_247,Carangidae,Atule,mate,2
21_80M_247,Carangidae,Caranx,bucculentus,10
21_80M_248,Carangidae,Seriolina,nigrofasciata,1
21_80M_25,Carangidae,Gnathanodon,speciosus,1
21_80M_25,Carangidae,Turrum,fulvoguttatum,1
21_80M_251,Carangidae,Atule,mate,2
21_80M_251,Carangidae,Scomberoides,commersonnianus,1
21_80M_251,Carangidae,Selaroides,leptolepis,1
21_80M_252,Carangidae,Selaroides,leptolepis,2
21_80M_253,Carangidae,Gnathanodon,speciosus,3
21_80M_253,Carangidae,Selaroides,leptolepis,88
21_80M_253,Carangidae,Turrum,gymnostethus,1
21_80M_255,Carangidae,Atule,mate,6
21_80M_255,Carangidae,Scomberoides,commersonnianus,1
21_80M_263,Carangidae,Selaroides,leptolepis,1
21_80M_267,Carangidae,Atule,mate,2
21_80M_277,Carangidae,Selaroides,leptolepis,6
21_80M_28,Carangidae,Atule,mate,3
21_80M_28,Carangidae,Selaroides,leptolepis,3
21_80M_280,Carangidae,Selaroides,leptolepis,1
21_80M_283,Carangidae,Selar,boops,1
21_80M_283,Carangidae,Selaroides,leptolepis,84
21_80M_287,Carangidae,Atule,mate,8
21_80M_287,Carangidae,Scomberoides,commersonnianus,1
21_80M_287,Carangidae,Selaroides,leptolepis,5
21_80M_32,Carangidae,Atule,mate,3
21_80M_33,Carangidae,Gnathanodon,speciosus,2
21_80M_33,Carangidae,Turrum,fulvoguttatum,1
21_80M_33,Carangidae,Turrum,gymnostethus,1
21_80M_44,Carangidae,Atule,mate,13
21_80M_44,Carangidae,Selaroides,leptolepis,1
21_80M_44,Carangidae,Seriolina,nigrofasciata,2
21_80M_47,Carangidae,Selaroides,leptolepis,44
21_80M_59,Carangidae,Atule,mate,3
21_80M_59,Carangidae,Selaroides,leptolepis,1
21_80M_59,Carangidae,Turrum,caeruleopinnatum,2
21_80M_60,Carangidae,Turrum,fulvoguttatum,1
21_80M_64,Carangidae,Turrum,gymnostethus,1
21_80M_65,Carangidae,Turrum,fulvoguttatum,2
21_80M_65,Carangidae,Turrum,gymnostethus,3
21_80M_7,Carangidae,Atule,mate,4
21_80M_71,Carangidae,Atule,mate,34
21_80M_71,Carangidae,Scomberoides,commersonnianus,1
21_80M_75,Carangidae,Caranx,bucculentus,7
21_80M_75,Carangidae,Caranx,papuensis,4
21_80M_75,Carangidae,Gnathanodon,speciosus,1
21_80M_75,Carangidae,Turrum,fulvoguttatum,1
21_80M_79,Carangidae,Caranx,bucculentus,6
21_80M_79,Carangidae,Turrum,caeruleopinnatum,1
21_80M_88,Carangidae,Atule,mate,7
21_80M_88,Carangidae,Selaroides,leptolepis,1
21_80M_89,Carangidae,Gnathanodon,speciosus,1
21_80M_89,Carangidae,Turrum,fulvoguttatum,1
20_80M_100F,Carcharhinidae,Carcharhinus,coatesi,3
20_80M_100F,Carcharhinidae,Rhizoprionodon,acutus,2
20_80M_100N,Carcharhinidae,Carcharhinus,coatesi,1
20_80M_100N,Carcharhinidae,Carcharhinus,tilstonilimbatus,2
20_80M_100N,Carcharhinidae,Rhizoprionodon,acutus,3
20_80M_101F,Carcharhinidae,Carcharhinus,coatesi,2
20_80M_101F,Carcharhinidae,Loxodon,macrorhinus,1
20_80M_101N,Carcharhinidae,Carcharhinus,coatesi,3
20_80M_101N,Carcharhinidae,Rhizoprionodon,acutus,1
20_80M_102F,Carcharhinidae,Carcharhinus,coatesi,1
20_80M_102F,Carcharhinidae,Rhizoprionodon,acutus,1
20_80M_102N,Carcharhinidae,Rhizoprionodon,acutus,2
20_80M_103F,Carcharhinidae,Carcharhinus,coatesi,5
20_80M_103F,Carcharhinidae,Rhizoprionodon,acutus,1
20_80M_103N,Carcharhinidae,Carcharhinus,coatesi,1
20_80M_103N,Carcharhinidae,Rhizoprionodon,acutus,1
20_80M_104F,Carcharhinidae,Carcharhinus,coatesi,4
20_80M_104F,Carcharhinidae,Carcharhinus,sorrah,1
20_80M_104F,Carcharhinidae,Rhizoprionodon,acutus,1
20_80M_104N,Carcharhinidae,Carcharhinus,coatesi,1
20_80M_104N,Carcharhinidae,Galeocerdo,cuvier,1
20_80M_105N,Carcharhinidae,Carcharhinus,coatesi,2
20_80M_105N,Carcharhinidae,Loxodon,macrorhinus,1
20_80M_105N,Carcharhinidae,Rhizoprionodon,acutus,6
20_80M_106N,Carcharhinidae,Carcharhinus,coatesi,2
20_80M_106N,Carcharhinidae,Rhizoprionodon,acutus,3
20_80M_107N,Carcharhinidae,Carcharhinus,coatesi,2
20_80M_107N,Carcharhinidae,Carcharhinus,tilstonilimbatus,2
20_80M_10F,Carcharhinidae,Carcharhinus,sorrah,1
20_80M_10F,Carcharhinidae,Loxodon,macrorhinus,1
20_80M_10F,Carcharhinidae,Rhizoprionodon,acutus,1
20_80M_10N,Carcharhinidae,Carcharhinus,sorrah,1
20_80M_10N,Carcharhinidae,Loxodon,macrorhinus,1
20_80M_110N,Carcharhinidae,Carcharhinus,coatesi,2
20_80M_110N,Carcharhinidae,Rhizoprionodon,acutus,4
20_80M_111N,Carcharhinidae,Carcharhinus,coatesi,2
20_80M_111N,Carcharhinidae,Rhizoprionodon,acutus,1
20_80M_112N,Carcharhinidae,Carcharhinus,coatesi,1
20_80M_112N,Carcharhinidae,Loxodon,macrorhinus,1
20_80M_113N,Carcharhinidae,Galeocerdo,cuvier,1
20_80M_114N,Carcharhinidae,Carcharhinus,coatesi,1
20_80M_114N,Carcharhinidae,Rhizoprionodon,acutus,3
20_80M_115N,Carcharhinidae,Carcharhinus,coatesi,1
20_80M_116N,Carcharhinidae,Rhizoprionodon,acutus,1
20_80M_118N,Carcharhinidae,Carcharhinus,coatesi,1
20_80M_118N,Carcharhinidae,Rhizoprionodon,acutus,1
20_80M_119N,Carcharhinidae,Galeocerdo,cuvier,1
20_80M_119N,Carcharhinidae,Rhizoprionodon,acutus,3
20_80M_11F,Carcharhinidae,Loxodon,macrorhinus,1
20_80M_11F,Carcharhinidae,Rhizoprionodon,acutus,2
20_80M_11N,Carcharhinidae,Carcharhinus,coatesi,1
20_80M_11N,Carcharhinidae,Galeocerdo,cuvier,1
20_80M_120N,Carcharhinidae,Carcharhinus,amblyrhynchos,1
20_80M_120N,Carcharhinidae,Carcharhinus,coatesi,1
20_80M_120N,Carcharhinidae,Rhizoprionodon,acutus,1
20_80M_123N,Carcharhinidae,Rhizoprionodon,acutus,2
20_80M_124N,Carcharhinidae,Rhizoprionodon,acutus,1
20_80M_125N,Carcharhinidae,Galeocerdo,cuvier,1
20_80M_125N,Carcharhinidae,Rhizoprionodon,acutus,1
20_80M_127N,Carcharhinidae,Galeocerdo,cuvier,1
20_80M_127N,Carcharhinidae,Rhizoprionodon,acutus,1
20_80M_128N,Carcharhinidae,Galeocerdo,cuvier,1
20_80M_128N,Carcharhinidae,Rhizoprionodon,acutus,1
20_80M_129N,Carcharhinidae,Rhizoprionodon,acutus,2
20_80M_12F,Carcharhinidae,Carcharhinus,coatesi,1
20_80M_12F,Carcharhinidae,Rhizoprionodon,acutus,4
20_80M_131N,Carcharhinidae,Carcharhinus,amblyrhynchos,2
20_80M_133N,Carcharhinidae,Carcharhinus,amblyrhynchos,1
20_80M_133N,Carcharhinidae,Galeocerdo,cuvier,1
20_80M_13F,Carcharhinidae,Rhizoprionodon,acutus,1
20_80M_13N,Carcharhinidae,Carcharhinus,coatesi,1
20_80M_13N,Carcharhinidae,Carcharhinus,limbatus,1
20_80M_13N,Carcharhinidae,Rhizoprionodon,acutus,2
20_80M_14F,Carcharhinidae,Loxodon,macrorhinus,1
20_80M_14N,Carcharhinidae,Carcharhinus,coatesi,1
20_80M_14N,Carcharhinidae,Carcharhinus,sorrah,1
20_80M_14N,Carcharhinidae,Rhizoprionodon,acutus,1
20_80M_15F,Carcharhinidae,Carcharhinus,coatesi,1
20_80M_15F,Carcharhinidae,Rhizoprionodon,acutus,1
20_80M_15N,Carcharhinidae,Carcharhinus,sorrah,1
20_80M_16F,Carcharhinidae,Carcharhinus,coatesi,1
20_80M_16F,Carcharhinidae,Loxodon,macrorhinus,1
20_80M_16F,Carcharhinidae,Rhizoprionodon,acutus,1
20_80M_17F,Carcharhinidae,Carcharhinus,coatesi,1
20_80M_17F,Carcharhinidae,Rhizoprionodon,acutus,2
20_80M_18F,Carcharhinidae,Rhizoprionodon,acutus,1
20_80M_19F,Carcharhinidae,Carcharhinus,coatesi,1
20_80M_19F,Carcharhinidae,Loxodon,macrorhinus,1
20_80M_19F,Carcharhinidae,Rhizoprionodon,acutus,2
20_80M_1F,Carcharhinidae,Carcharhinus,coatesi,1
20_80M_1F,Carcharhinidae,Rhizoprionodon,acutus,2
20_80M_1N,Carcharhinidae,Rhizoprionodon,acutus,1
20_80M_20F,Carcharhinidae,Loxodon,macrorhinus,1
20_80M_20F,Carcharhinidae,Rhizoprionodon,acutus,2
20_80M_20N,Carcharhinidae,Loxodon,macrorhinus,1
20_80M_21F,Carcharhinidae,Rhizoprionodon,acutus,2
20_80M_21N,Carcharhinidae,Carcharhinus,coatesi,1
20_80M_21N,Carcharhinidae,Carcharhinus,sorrah,1
20_80M_21N,Carcharhinidae,Negaprion,acutidens,1
20_80M_22F,Carcharhinidae,Carcharhinus,coatesi,1
20_80M_22F,Carcharhinidae,Rhizoprionodon,acutus,2
20_80M_22N,Carcharhinidae,Carcharhinus,sorrah,1
20_80M_23F,Carcharhinidae,Carcharhinus,coatesi,1
20_80M_23F,Carcharhinidae,Rhizoprionodon,acutus,2
20_80M_23N,Carcharhinidae,Carcharhinus,amboinensis,1
20_80M_24F,Carcharhinidae,Rhizoprionodon,acutus,1
20_80M_24N,Carcharhinidae,Carcharhinus,coatesi,3
20_80M_24N,Carcharhinidae,Carcharhinus,tilstonilimbatus,1
20_80M_25F,Carcharhinidae,Carcharhinus,coatesi,1
20_80M_25F,Carcharhinidae,Loxodon,macrorhinus,1
20_80M_25N,Carcharhinidae,Carcharhinus,coatesi,3
20_80M_25N,Carcharhinidae,Carcharhinus,sorrah,1
20_80M_26F,Carcharhinidae,Loxodon,macrorhinus,1
20_80M_26F,Carcharhinidae,Rhizoprionodon,acutus,2
20_80M_26N,Carcharhinidae,Carcharhinus,coatesi,4
20_80M_27N,Carcharhinidae,Carcharhinus,coatesi,4
20_80M_27N,Carcharhinidae,Rhizoprionodon,acutus,1
20_80M_28N,Carcharhinidae,Carcharhinus,coatesi,3
20_80M_28N,Carcharhinidae,Rhizoprionodon,acutus,1
20_80M_29N,Carcharhinidae,Carcharhinus,coatesi,1
20_80M_29N,Carcharhinidae,Carcharhinus,limbatus,1
20_80M_29N,Carcharhinidae,Carcharhinus,tilstonilimbatus,2
20_80M_29N,Carcharhinidae,Rhizoprionodon,acutus,3
20_80M_2F,Carcharhinidae,Carcharhinus,coatesi,1
20_80M_2F,Carcharhinidae,Rhizoprionodon,acutus,2
20_80M_2N,Carcharhinidae,Carcharhinus,sorrah,2
20_80M_30F,Carcharhinidae,Rhizoprionodon,acutus,1
20_80M_30N,Carcharhinidae,Carcharhinus,coatesi,1
20_80M_30N,Carcharhinidae,Carcharhinus,sorrah,1
20_80M_30N,Carcharhinidae,Rhizoprionodon,acutus,2
20_80M_31F,Carcharhinidae,Carcharhinus,spp,1
20_80M_31F,Carcharhinidae,Rhizoprionodon,acutus,2
20_80M_31N,Carcharhinidae,Carcharhinus,coatesi,1
20_80M_31N,Carcharhinidae,Rhizoprionodon,acutus,2
20_80M_32F,Carcharhinidae,Rhizoprionodon,acutus,1
20_80M_32N,Carcharhinidae,Carcharhinus,coatesi,1
20_80M_32N,Carcharhinidae,Carcharhinus,sorrah,1
20_80M_33N,Carcharhinidae,Rhizoprionodon,acutus,2
20_80M_34F,Carcharhinidae,Loxodon,macrorhinus,1
20_80M_34N,Carcharhinidae,Carcharhinus,coatesi,1
20_80M_34N,Carcharhinidae,Loxodon,macrorhinus,1
20_80M_34N,Carcharhinidae,Rhizoprionodon,acutus,1
20_80M_35N,Carcharhinidae,Carcharhinus,coatesi,2
20_80M_35N,Carcharhinidae,Carcharhinus,sorrah,1
20_80M_35N,Carcharhinidae,Rhizoprionodon,acutus,3
20_80M_36N,Carcharhinidae,Carcharhinus,coatesi,1
20_80M_36N,Carcharhinidae,Rhizoprionodon,acutus,2
20_80M_37N,Carcharhinidae,Carcharhinus,coatesi,2
20_80M_37N,Carcharhinidae,Carcharhinus,sorrah,1
20_80M_37N,Carcharhinidae,Rhizoprionodon,acutus,2
20_80M_38N,Carcharhinidae,Carcharhinus,sorrah,1
20_80M_39F,Carcharhinidae,Galeocerdo,cuvier,1
20_80M_39N,Carcharhinidae,Carcharhinus,coatesi,2
20_80M_3F,Carcharhinidae,Carcharhinus,coatesi,2
20_80M_3F,Carcharhinidae,Rhizoprionodon,acutus,3
20_80M_3N,Carcharhinidae,Carcharhinus,sorrah,2
20_80M_40N,Carcharhinidae,Carcharhinus,coatesi,1
20_80M_41N,Carcharhinidae,Carcharhinus,coatesi,1
20_80M_41N,Carcharhinidae,Carcharhinus,tilstonilimbatus,1
20_80M_42N,Carcharhinidae,Carcharhinus,sorrah,1
20_80M_43F,Carcharhinidae,Galeocerdo,cuvier,1
20_80M_43N,Carcharhinidae,Carcharhinus,sorrah,1
20_80M_44N,Carcharhinidae,Carcharhinus,sorrah,1
20_80M_45N,Carcharhinidae,Carcharhinus,sorrah,1
20_80M_46N,Carcharhinidae,Carcharhinus,coatesi,1
20_80M_46N,Carcharhinidae,Carcharhinus,sorrah,1
20_80M_47F,Carcharhinidae,Rhizoprionodon,acutus,3
20_80M_47N,Carcharhinidae,Carcharhinus,sorrah,1
20_80M_48F,Carcharhinidae,Loxodon,macrorhinus,1
20_80M_48F,Carcharhinidae,Rhizoprionodon,acutus,1
20_80M_48N,Carcharhinidae,Carcharhinus,sorrah,1
20_80M_49F,Carcharhinidae,Rhizoprionodon,acutus,1
20_80M_4F,Carcharhinidae,Carcharhinus,coatesi,1
20_80M_4F,Carcharhinidae,Rhizoprionodon,acutus,5
20_80M_4N,Carcharhinidae,Carcharhinus,coatesi,3
20_80M_4N,Carcharhinidae,Carcharhinus,sorrah,2
20_80M_4N,Carcharhinidae,Loxodon,macrorhinus,1
20_80M_50F,Carcharhinidae,Galeocerdo,cuvier,1
20_80M_50F,Carcharhinidae,Rhizoprionodon,acutus,1
20_80M_50N,Carcharhinidae,Carcharhinus,coatesi,1
20_80M_51F,Carcharhinidae,Carcharhinus,coatesi,1
20_80M_51F,Carcharhinidae,Rhizoprionodon,acutus,1
20_80M_52F,Carcharhinidae,Carcharhinus,coatesi,3
20_80M_52N,Carcharhinidae,Carcharhinus,coatesi,3
20_80M_53F,Carcharhinidae,Carcharhinus,coatesi,2
20_80M_53F,Carcharhinidae,Carcharhinus,tilstonilimbatus,1
20_80M_53F,Carcharhinidae,Rhizoprionodon,acutus,1
20_80M_54F,Carcharhinidae,Carcharhinus,coatesi,1
20_80M_54F,Carcharhinidae,Rhizoprionodon,acutus,3
20_80M_54N,Carcharhinidae,Carcharhinus,coatesi,2
20_80M_54N,Carcharhinidae,Rhizoprionodon,acutus,5
20_80M_55F,Carcharhinidae,Carcharhinus,coatesi,3
20_80M_55F,Carcharhinidae,Rhizoprionodon,acutus,2
20_80M_55N,Carcharhinidae,Carcharhinus,coatesi,2
20_80M_55N,Carcharhinidae,Carcharhinus,sorrah,1
20_80M_55N,Carcharhinidae,Rhizoprionodon,acutus,2
20_80M_56N,Carcharhinidae,Rhizoprionodon,acutus,2
20_80M_57F,Carcharhinidae,Loxodon,macrorhinus,1
20_80M_57F,Carcharhinidae,Rhizoprionodon,acutus,1
20_80M_57N,Carcharhinidae,Carcharhinus,coatesi,1
20_80M_57N,Carcharhinidae,Galeocerdo,cuvier,1
20_80M_57N,Carcharhinidae,Rhizoprionodon,acutus,1
20_80M_58F,Carcharhinidae,Galeocerdo,cuvier,1
20_80M_58F,Carcharhinidae,Rhizoprionodon,acutus,2
20_80M_58N,Carcharhinidae,Carcharhinus,coatesi,2
20_80M_58N,Carcharhinidae,Carcharhinus,sorrah,1
20_80M_58N,Carcharhinidae,Carcharhinus,tilstonilimbatus,1
20_80M_58N,Carcharhinidae,Galeocerdo,cuvier,1
20_80M_58N,Carcharhinidae,Rhizoprionodon,acutus,1
20_80M_59N,Carcharhinidae,Carcharhinus,coatesi,2
20_80M_59N,Carcharhinidae,Carcharhinus,limbatus,1
20_80M_59N,Carcharhinidae,Rhizoprionodon,acutus,3
20_80M_5F,Carcharhinidae,Carcharhinus,coatesi,1
20_80M_5F,Carcharhinidae,Rhizoprionodon,acutus,1
20_80M_5N,Carcharhinidae,Carcharhinus,coatesi,4
20_80M_5N,Carcharhinidae,Carcharhinus,sorrah,2
20_80M_5N,Carcharhinidae,Loxodon,macrorhinus,1
20_80M_60F,Carcharhinidae,Carcharhinus,coatesi,2
20_80M_60N,Carcharhinidae,Carcharhinus,coatesi,2
20_80M_60N,Carcharhinidae,Rhizoprionodon,acutus,12
20_80M_61F,Carcharhinidae,Rhizoprionodon,acutus,2
20_80M_61N,Carcharhinidae,Galeocerdo,cuvier,1
20_80M_62F,Carcharhinidae,Carcharhinus,coatesi,3
20_80M_62F,Carcharhinidae,Rhizoprionodon,acutus,1
20_80M_62N,Carcharhinidae,Carcharhinus,coatesi,1
20_80M_63N,Carcharhinidae,Carcharhinus,coatesi,2
20_80M_63N,Carcharhinidae,Carcharhinus,sorrah,1
20_80M_63N,Carcharhinidae,Rhizoprionodon,acutus,1
20_80M_64F,Carcharhinidae,Rhizoprionodon,acutus,1
20_80M_64N,Carcharhinidae,Carcharhinus,coatesi,1
20_80M_64N,Carcharhinidae,Rhizoprionodon,acutus,4
20_80M_65F,Carcharhinidae,Loxodon,macrorhinus,1
20_80M_65N,Carcharhinidae,Carcharhinus,coatesi,1
20_80M_65N,Carcharhinidae,Rhizoprionodon,acutus,2
20_80M_66N,Carcharhinidae,Carcharhinus,coatesi,2
20_80M_66N,Carcharhinidae,Carcharhinus,leucas,1
20_80M_66N,Carcharhinidae,Carcharhinus,sorrah,2
20_80M_66N,Carcharhinidae,Carcharhinus,tilstonilimbatus,1
20_80M_66N,Carcharhinidae,Rhizoprionodon,acutus,1
20_80M_67N,Carcharhinidae,Carcharhinus,coatesi,7
20_80M_67N,Carcharhinidae,Carcharhinus,sorrah,2
20_80M_68N,Carcharhinidae,Carcharhinus,coatesi,2
20_80M_68N,Carcharhinidae,Carcharhinus,sorrah,1
20_80M_68N,Carcharhinidae,Carcharhinus,tilstonilimbatus,1
20_80M_69N,Carcharhinidae,Carcharhinus,coatesi,1
20_80M_69N,Carcharhinidae,Carcharhinus,sorrah,1
20_80M_69N,Carcharhinidae,Carcharhinus,tilstonilimbatus,1
20_80M_70F,Carcharhinidae,Rhizoprionodon,acutus,1
20_80M_72N,Carcharhinidae,Carcharhinus,coatesi,1
20_80M_72N,Carcharhinidae,Carcharhinus,sorrah,1
20_80M_72N,Carcharhinidae,Carcharhinus,tilstonilimbatus,1
20_80M_73F,Carcharhinidae,Carcharhinus,coatesi,1
20_80M_73F,Carcharhinidae,Carcharhinus,sorrah,1
20_80M_74F,Carcharhinidae,Rhizoprionodon,acutus,2
20_80M_75F,Carcharhinidae,Galeocerdo,cuvier,1
20_80M_75F,Carcharhinidae,Rhizoprionodon,acutus,1
20_80M_79F,Carcharhinidae,Rhizoprionodon,acutus,1
20_80M_7F,Carcharhinidae,Carcharhinus,coatesi,1
20_80M_7F,Carcharhinidae,Rhizoprionodon,acutus,2
20_80M_7N,Carcharhinidae,Carcharhinus,coatesi,1
20_80M_7N,Carcharhinidae,Carcharhinus,tilstonilimbatus,1
20_80M_7N,Carcharhinidae,Loxodon,macrorhinus,1
20_80M_82N,Carcharhinidae,Carcharhinus,tilstonilimbatus,1
20_80M_83F,Carcharhinidae,Carcharhinus,coatesi,1
20_80M_83N,Carcharhinidae,Carcharhinus,coatesi,2
20_80M_83N,Carcharhinidae,Carcharhinus,tilstonilimbatus,1
20_80M_84N,Carcharhinidae,Carcharhinus,sorrah,1
20_80M_84N,Carcharhinidae,Carcharhinus,tilstonilimbatus,2
20_80M_85F,Carcharhinidae,Negaprion,acutidens,1
20_80M_85N,Carcharhinidae,Carcharhinus,coatesi,3
20_80M_88N,Carcharhinidae,Carcharhinus,coatesi,3
20_80M_88N,Carcharhinidae,Rhizoprionodon,acutus,1
20_80M_89F,Carcharhinidae,Negaprion,acutidens,4
20_80M_89N,Carcharhinidae,Carcharhinus,brevipinna,1
20_80M_89N,Carcharhinidae,Carcharhinus,coatesi,3
20_80M_89N,Carcharhinidae,Rhizoprionodon,acutus,2
20_80M_8F,Carcharhinidae,Carcharhinus,coatesi,1
20_80M_8F,Carcharhinidae,Carcharhinus,sorrah,1
20_80M_8F,Carcharhinidae,Loxodon,macrorhinus,2
20_80M_90N,Carcharhinidae,Carcharhinus,coatesi,3
20_80M_90N,Carcharhinidae,Rhizoprionodon,acutus,1
20_80M_91F,Carcharhinidae,Carcharhinus,amblyrhynchos,5
20_80M_91N,Carcharhinidae,Carcharhinus,coatesi,5
20_80M_91N,Carcharhinidae,Rhizoprionodon,acutus,1
20_80M_92F,Carcharhinidae,Carcharhinus,amblyrhynchos,1
20_80M_92F,Carcharhinidae,Rhizoprionodon,acutus,1
20_80M_92N,Carcharhinidae,Carcharhinus,coatesi,4
20_80M_92N,Carcharhinidae,Carcharhinus,sorrah,1
20_80M_94F,Carcharhinidae,Galeocerdo,cuvier,2
20_80M_94N,Carcharhinidae,Carcharhinus,tilstonilimbatus,1
20_80M_95F,Carcharhinidae,Carcharhinus,coatesi,1
20_80M_95F,Carcharhinidae,Rhizoprionodon,acutus,1
20_80M_96F,Carcharhinidae,Rhizoprionodon,acutus,1
20_80M_96N,Carcharhinidae,Carcharhinus,sorrah,1
20_80M_97F,Carcharhinidae,Carcharhinus,coatesi,1
20_80M_97F,Carcharhinidae,Rhizoprionodon,acutus,4
20_80M_97N,Carcharhinidae,Carcharhinus,tilstonilimbatus,2
20_80M_98F,Carcharhinidae,Carcharhinus,coatesi,1
20_80M_98F,Carcharhinidae,Rhizoprionodon,acutus,2
20_80M_98N,Carcharhinidae,Carcharhinus,coatesi,1
20_80M_98N,Carcharhinidae,Carcharhinus,sorrah,1
20_80M_98N,Carcharhinidae,Carcharhinus,tilstonilimbatus,1
20_80M_98N,Carcharhinidae,Rhizoprionodon,acutus,2
20_80M_99F,Carcharhinidae,Galeocerdo,cuvier,1
20_80M_99F,Carcharhinidae,Rhizoprionodon,acutus,1
20_80M_99N,Carcharhinidae,Carcharhinus,coatesi,1
20_80M_99N,Carcharhinidae,Carcharhinus,tilstonilimbatus,1
20_80M_99N,Carcharhinidae,Negaprion,acutidens,1
20_80M_99N,Carcharhinidae,Rhizoprionodon,acutus,3
20_80M_9F,Carcharhinidae,Carcharhinus,coatesi,2
20_80M_9F,Carcharhinidae,Rhizoprionodon,acutus,3
20_80M_9N,Carcharhinidae,Rhizoprionodon,acutus,2
21_80M_01,Carcharhinidae,Carcharhinus,coatesi,1
21_80M_01,Carcharhinidae,Carcharhinus,plumbeus,1
21_80M_102,Carcharhinidae,Carcharhinus,cautus,2
21_80M_102,Carcharhinidae,Rhizoprionodon,acutus,1
21_80M_107,Carcharhinidae,Rhizoprionodon,acutus,1
21_80M_108,Carcharhinidae,Galeocerdo,cuvier,1
21_80M_11,Carcharhinidae,Carcharhinus,coatesi,2
21_80M_117,Carcharhinidae,Rhizoprionodon,acutus,1
21_80M_118,Carcharhinidae,Rhizoprionodon,acutus,1
21_80M_12,Carcharhinidae,Galeocerdo,cuvier,1
21_80M_121,Carcharhinidae,Carcharhinus,plumbeus,1
21_80M_121,Carcharhinidae,Rhizoprionodon,acutus,1
21_80M_123,Carcharhinidae,Carcharhinus,sorrah,1
21_80M_124,Carcharhinidae,Carcharhinus,tilstonilimbatus,1
21_80M_124,Carcharhinidae,Rhizoprionodon,acutus,1
21_80M_127,Carcharhinidae,Carcharhinus,coatesi,1
21_80M_127,Carcharhinidae,Rhizoprionodon,acutus,2
21_80M_135,Carcharhinidae,Carcharhinus,sorrah,1
21_80M_137,Carcharhinidae,Negaprion,acutidens,1
21_80M_139,Carcharhinidae,Rhizoprionodon,acutus,1
21_80M_143,Carcharhinidae,Carcharhinus,sorrah,1
21_80M_15,Carcharhinidae,Carcharhinus,spp,1
21_80M_151,Carcharhinidae,Carcharhinus,spp,1
21_80M_152,Carcharhinidae,Carcharhinus,coatesi,1
21_80M_152,Carcharhinidae,Carcharhinus,sorrah,3
21_80M_152,Carcharhinidae,Rhizoprionodon,acutus,2
21_80M_155,Carcharhinidae,Carcharhinus,sorrah,1
21_80M_155,Carcharhinidae,Carcharhinus,tilstonilimbatus,2
21_80M_159,Carcharhinidae,Carcharhinus,coatesi,1
21_80M_159,Carcharhinidae,Rhizoprionodon,acutus,3
21_80M_162,Carcharhinidae,Carcharhinus,cautus,2
21_80M_162,Carcharhinidae,Carcharhinus,plumbeus,1
21_80M_162,Carcharhinidae,Rhizoprionodon,acutus,3
21_80M_17,Carcharhinidae,Galeocerdo,cuvier,1
21_80M_17,Carcharhinidae,Rhizoprionodon,acutus,1
21_80M_171,Carcharhinidae,Carcharhinus,sorrah,1
21_80M_175,Carcharhinidae,Rhizoprionodon,acutus,1
21_80M_187,Carcharhinidae,Carcharhinus,coatesi,1
21_80M_187,Carcharhinidae,Rhizoprionodon,acutus,2
21_80M_191,Carcharhinidae,Carcharhinus,coatesi,2
21_80M_191,Carcharhinidae,Carcharhinus,tilstonilimbatus,1
21_80M_191,Carcharhinidae,Rhizoprionodon,acutus,2
21_80M_193,Carcharhinidae,Loxodon,macrorhinus,1
21_80M_199,Carcharhinidae,Carcharhinus,sorrah,1
21_80M_201,Carcharhinidae,Carcharhinus,amblyrhynchos,4
21_80M_207,Carcharhinidae,Carcharhinus,sorrah,1
21_80M_215,Carcharhinidae,Negaprion,acutidens,1
21_80M_223,Carcharhinidae,Carcharhinus,sorrah,2
21_80M_223,Carcharhinidae,Carcharhinus,spp,1
21_80M_226,Carcharhinidae,Rhizoprionodon,acutus,3
21_80M_24,Carcharhinidae,Rhizoprionodon,acutus,1
21_80M_247,Carcharhinidae,Carcharhinus,coatesi,1
21_80M_247,Carcharhinidae,Rhizoprionodon,acutus,1
21_80M_25,Carcharhinidae,Carcharhinus,amblyrhynchos,3
21_80M_251,Carcharhinidae,Carcharhinus,sorrah,1
21_80M_251,Carcharhinidae,Carcharhinus,tilstonilimbatus,1
21_80M_252,Carcharhinidae,Carcharhinus,coatesi,1
21_80M_252,Carcharhinidae,Rhizoprionodon,acutus,1
21_80M_253,Carcharhinidae,Carcharhinus,cautus,2
21_80M_253,Carcharhinidae,Rhizoprionodon,acutus,2
21_80M_255,Carcharhinidae,Carcharhinus,sorrah,1
21_80M_255,Carcharhinidae,Carcharhinus,tilstonilimbatus,1
21_80M_263,Carcharhinidae,Carcharhinus,sorrah,2
21_80M_267,Carcharhinidae,Carcharhinus,coatesi,1
21_80M_267,Carcharhinidae,Rhizoprionodon,acutus,2
21_80M_28,Carcharhinidae,Rhizoprionodon,acutus,1
21_80M_280,Carcharhinidae,Carcharhinus,sorrah,1
21_80M_280,Carcharhinidae,Rhizoprionodon,acutus,1
21_80M_283,Carcharhinidae,Carcharhinus,coatesi,1
21_80M_283,Carcharhinidae,Rhizoprionodon,acutus,1
21_80M_287,Carcharhinidae,Carcharhinus,tilstonilimbatus,1
21_80M_287,Carcharhinidae,Rhizoprionodon,acutus,1
21_80M_300,Carcharhinidae,Carcharhinus,coatesi,1
21_80M_300,Carcharhinidae,Galeocerdo,cuvier,1
21_80M_300,Carcharhinidae,Rhizoprionodon,acutus,2
21_80M_32,Carcharhinidae,Carcharhinus,spp,1
21_80M_32,Carcharhinidae,Rhizoprionodon,acutus,1
21_80M_33,Carcharhinidae,Negaprion,acutidens,1
21_80M_43,Carcharhinidae,Carcharhinus,sorrah,1
21_80M_44,Carcharhinidae,Galeocerdo,cuvier,1
21_80M_47,Carcharhinidae,Rhizoprionodon,acutus,1
21_80M_59,Carcharhinidae,Carcharhinus,coatesi,3
21_80M_59,Carcharhinidae,Rhizoprionodon,acutus,1
21_80M_60,Carcharhinidae,Rhizoprionodon,acutus,1
21_80M_63,Carcharhinidae,Carcharhinus,coatesi,2
21_80M_63,Carcharhinidae,Rhizoprionodon,acutus,1
21_80M_65,Carcharhinidae,Carcharhinus,coatesi,2
21_80M_65,Carcharhinidae,Galeocerdo,cuvier,1
21_80M_65,Carcharhinidae,Rhizoprionodon,acutus,1
21_80M_7,Carcharhinidae,Carcharhinus,sorrah,1
21_80M_7,Carcharhinidae,Carcharhinus,tilstonilimbatus,1
21_80M_71,Carcharhinidae,Carcharhinus,sorrah,1
21_80M_71,Carcharhinidae,Rhizoprionodon,acutus,1
21_80M_73,Carcharhinidae,Rhizoprionodon,acutus,1
21_80M_74,Carcharhinidae,Carcharhinus,cautus,1
21_80M_74,Carcharhinidae,Rhizoprionodon,acutus,2
21_80M_75,Carcharhinidae,Carcharhinus,coatesi,1
21_80M_75,Carcharhinidae,Carcharhinus,tilstonilimbatus,1
21_80M_81,Carcharhinidae,Carcharhinus,plumbeus,1
21_80M_88,Carcharhinidae,Negaprion,acutidens,1
21_80M_88,Carcharhinidae,Rhizoprionodon,acutus,2
21_80M_92,Carcharhinidae,Rhizoprionodon,acutus,2
21_80M_95,Carcharhinidae,Carcharhinus,sorrah,1
20_80M_100N,Chaetodontidae,Chelmon,muelleri,2
20_80M_101N,Chaetodontidae,Chelmon,muelleri,1
20_80M_102F,Chaetodontidae,Chelmon,muelleri,2
20_80M_103F,Chaetodontidae,Chelmon,muelleri,2
20_80M_106N,Chaetodontidae,Chelmon,muelleri,2
20_80M_106N,Chaetodontidae,Coradion,chrysozonus,2
20_80M_110N,Chaetodontidae,Coradion,chrysozonus,1
20_80M_112N,Chaetodontidae,Chelmon,muelleri,2
20_80M_112N,Chaetodontidae,Coradion,chrysozonus,1
20_80M_116N,Chaetodontidae,Chaetodon,aureofasciatus,1
20_80M_116N,Chaetodontidae,Chelmon,marginalis,2
20_80M_116N,Chaetodontidae,Coradion,chrysozonus,1
20_80M_119N,Chaetodontidae,Chelmon,marginalis,2
20_80M_11F,Chaetodontidae,Coradion,chrysozonus,1
20_80M_121N,Chaetodontidae,Chelmon,marginalis,2
20_80M_121N,Chaetodontidae,Coradion,chrysozonus,1
20_80M_123N,Chaetodontidae,Coradion,chrysozonus,1
20_80M_128N,Chaetodontidae,Coradion,chrysozonus,1
20_80M_12F,Chaetodontidae,Coradion,chrysozonus,1
20_80M_14F,Chaetodontidae,Chelmon,marginalis,2
20_80M_14F,Chaetodontidae,Coradion,chrysozonus,1
20_80M_14N,Chaetodontidae,Chelmon,marginalis,1
20_80M_14N,Chaetodontidae,Coradion,chrysozonus,1
20_80M_15F,Chaetodontidae,Coradion,chrysozonus,2
20_80M_17F,Chaetodontidae,Chelmon,marginalis,2
20_80M_18F,Chaetodontidae,Chaetodon,aureofasciatus,3
20_80M_18F,Chaetodontidae,Chelmon,marginalis,2
20_80M_18F,Chaetodontidae,Coradion,chrysozonus,1
20_80M_20F,Chaetodontidae,Chelmon,muelleri,2
20_80M_21F,Chaetodontidae,Chelmon,marginalis,2
20_80M_22F,Chaetodontidae,Chelmon,marginalis,2
20_80M_22F,Chaetodontidae,Coradion,chrysozonus,2
20_80M_25F,Chaetodontidae,Coradion,chrysozonus,1
20_80M_25N,Chaetodontidae,Chelmon,muelleri,2
20_80M_26F,Chaetodontidae,Coradion,chrysozonus,1
20_80M_26N,Chaetodontidae,Coradion,chrysozonus,3
20_80M_27N,Chaetodontidae,Chelmon,muelleri,2
20_80M_28N,Chaetodontidae,Coradion,chrysozonus,1
20_80M_29N,Chaetodontidae,Chelmon,marginalis,1
20_80M_29N,Chaetodontidae,Chelmon,muelleri,2
20_80M_29N,Chaetodontidae,Coradion,chrysozonus,2
20_80M_2F,Chaetodontidae,Chelmon,marginalis,2
20_80M_2F,Chaetodontidae,Coradion,chrysozonus,1
20_80M_34F,Chaetodontidae,Chaetodon,aureofasciatus,1
20_80M_34F,Chaetodontidae,Chelmon,marginalis,2
20_80M_34F,Chaetodontidae,Coradion,chrysozonus,2
20_80M_35F,Chaetodontidae,Coradion,chrysozonus,1
20_80M_36F,Chaetodontidae,Chelmon,marginalis,2
20_80M_36N,Chaetodontidae,Coradion,chrysozonus,2
20_80M_37F,Chaetodontidae,Chelmon,marginalis,2
20_80M_37F,Chaetodontidae,Coradion,chrysozonus,2
20_80M_37F,Chaetodontidae,Heniochus,acuminatus,1
20_80M_38N,Chaetodontidae,Chelmon,muelleri,1
20_80M_39N,Chaetodontidae,Chelmon,muelleri,1
20_80M_41F,Chaetodontidae,Chaetodon,aureofasciatus,2
20_80M_41F,Chaetodontidae,Chelmon,marginalis,1
20_80M_43F,Chaetodontidae,Chaetodon,aureofasciatus,1
20_80M_43F,Chaetodontidae,Coradion,chrysozonus,2
20_80M_50F,Chaetodontidae,Coradion,chrysozonus,1
20_80M_53F,Chaetodontidae,Chelmon,muelleri,2
20_80M_58F,Chaetodontidae,Chelmon,marginalis,2
20_80M_5F,Chaetodontidae,Chelmon,marginalis,2
20_80M_5N,Chaetodontidae,Chelmon,muelleri,1
20_80M_61F,Chaetodontidae,Chelmon,marginalis,1
20_80M_61F,Chaetodontidae,Coradion,chrysozonus,1
20_80M_63F,Chaetodontidae,Chelmon,marginalis,2
20_80M_63F,Chaetodontidae,Coradion,chrysozonus,1
20_80M_63N,Chaetodontidae,Chelmon,muelleri,2
20_80M_65N,Chaetodontidae,Coradion,chrysozonus,1
20_80M_66F,Chaetodontidae,Chelmon,marginalis,2
20_80M_66N,Chaetodontidae,Chelmon,muelleri,2
20_80M_6F,Chaetodontidae,Chelmon,marginalis,2
20_80M_6F,Chaetodontidae,Coradion,chrysozonus,1
20_80M_7F,Chaetodontidae,Chaetodon,aureofasciatus,2
20_80M_7F,Chaetodontidae,Chelmon,marginalis,2
20_80M_7F,Chaetodontidae,Chelmon,muelleri,2
20_80M_7F,Chaetodontidae,Coradion,chrysozonus,2
20_80M_82F,Chaetodontidae,Coradion,chrysozonus,1
20_80M_82N,Chaetodontidae,Chelmon,muelleri,1
20_80M_85F,Chaetodontidae,Chelmon,marginalis,2
20_80M_88F,Chaetodontidae,Coradion,chrysozonus,1
20_80M_92N,Chaetodontidae,Chelmon,muelleri,2
20_80M_97F,Chaetodontidae,Coradion,chrysozonus,1
20_80M_97N,Chaetodontidae,Chelmon,muelleri,1
20_80M_9N,Chaetodontidae,Coradion,chrysozonus,1
21_80M_102,Chaetodontidae,Coradion,chrysozonus,2
21_80M_105,Chaetodontidae,Chelmon,marginalis,1
21_80M_105,Chaetodontidae,Coradion,chrysozonus,1
21_80M_108,Chaetodontidae,Coradion,chrysozonus,1
21_80M_117,Chaetodontidae,Coradion,chrysozonus,2
21_80M_121,Chaetodontidae,Coradion,chrysozonus,1
21_80M_129,Chaetodontidae,Chaetodon,aureofasciatus,3
21_80M_129,Chaetodontidae,Coradion,chrysozonus,2
21_80M_140,Chaetodontidae,Chelmon,marginalis,2
21_80M_140,Chaetodontidae,Coradion,chrysozonus,2
21_80M_162,Chaetodontidae,Coradion,chrysozonus,1
21_80M_201,Chaetodontidae,Chaetodon,aureofasciatus,2
21_80M_201,Chaetodontidae,Chelmon,marginalis,2
21_80M_226,Chaetodontidae,Chelmon,muelleri,2
21_80M_226,Chaetodontidae,Coradion,chrysozonus,1
21_80M_245,Chaetodontidae,Chelmon,marginalis,2
21_80M_245,Chaetodontidae,Coradion,chrysozonus,2
21_80M_44,Chaetodontidae,Coradion,chrysozonus,2
21_80M_64,Chaetodontidae,Chelmon,marginalis,2
21_80M_74,Chaetodontidae,Coradion,chrysozonus,1
21_80M_81,Chaetodontidae,Chelmon,marginalis,2
21_80M_89,Chaetodontidae,Chelmon,marginalis,2
20_80M_31F,Clupeidae,Amblygaster,sirm,1
21_80M_215,Clupeidae,Clupeidae,spp,20
21_80M_253,Clupeidae,Clupeidae,spp,30
20_80M_104F,Dasyatidae,Pateobatis,fai,1
20_80M_105N,Dasyatidae,Himantura,leoparda,1
20_80M_107N,Dasyatidae,Pateobatis,jenkinsii,1
20_80M_10N,Dasyatidae,Taeniura,lymma,1
20_80M_119N,Dasyatidae,Neotrygon,australiae,1
20_80M_13F,Dasyatidae,Pateobatis,fai,2
20_80M_18F,Dasyatidae,Himantura,leoparda,1
20_80M_18N,Dasyatidae,Pastinachus,ater,1
20_80M_23N,Dasyatidae,Pateobatis,fai,1
20_80M_27F,Dasyatidae,Neotrygon,australiae,1
20_80M_2F,Dasyatidae,Himantura,australis,1
20_80M_32N,Dasyatidae,Himantura,leoparda,1
20_80M_37F,Dasyatidae,Neotrygon,australiae,1
20_80M_40F,Dasyatidae,Neotrygon,leylandi,1
20_80M_45F,Dasyatidae,Neotrygon,australiae,1
20_80M_45N,Dasyatidae,Pateobatis,fai,2
20_80M_48F,Dasyatidae,Pateobatis,fai,1
20_80M_4N,Dasyatidae,Himantura,leoparda,1
20_80M_4N,Dasyatidae,Pateobatis,fai,2
20_80M_55F,Dasyatidae,Pateobatis,fai,2
20_80M_67F,Dasyatidae,Neotrygon,australiae,1
20_80M_67N,Dasyatidae,Himantura,leoparda,1
20_80M_77F,Dasyatidae,Neotrygon,australiae,1
20_80M_79F,Dasyatidae,Himantura,australis,1
20_80M_7N,Dasyatidae,Taeniurops,meyeni,1
20_80M_83F,Dasyatidae,Neotrygon,australiae,1
20_80M_85N,Dasyatidae,Himantura,leoparda,1
20_80M_88F,Dasyatidae,Neotrygon,australiae,1
20_80M_88N,Dasyatidae,Taeniurops,meyeni,1
20_80M_89F,Dasyatidae,Pastinachus,ater,1
20_80M_90F,Dasyatidae,Neotrygon,australiae,1
20_80M_96N,Dasyatidae,Himantura,leoparda,1
21_80M_71,Dasyatidae,Taeniurops,meyeni,1
21_80M_76,Dasyatidae,Neotrygon,australiae,1
20_80M_14N,Diodontidae,Diodon,hystrix,1
20_80M_17N,Diodontidae,Diodon,hystrix,1
20_80M_23F,Diodontidae,Tragulichthys,jaculiferus,1
20_80M_28F,Diodontidae,Tragulichthys,jaculiferus,1
20_80M_47N,Diodontidae,Tragulichthys,jaculiferus,1
20_80M_50N,Diodontidae,Tragulichthys,jaculiferus,1
20_80M_55F,Diodontidae,Tragulichthys,jaculiferus,1
20_80M_69N,Diodontidae,Diodon,hystrix,1
20_80M_76F,Diodontidae,Tragulichthys,jaculiferus,1
20_80M_100F,Echeneidae,Echeneis,naucrates,2
20_80M_100N,Echeneidae,Echeneis,naucrates,1
20_80M_101F,Echeneidae,Echeneis,naucrates,2
20_80M_101N,Echeneidae,Echeneis,naucrates,1
20_80M_104N,Echeneidae,Echeneis,naucrates,1
20_80M_107N,Echeneidae,Echeneis,naucrates,3
20_80M_110N,Echeneidae,Echeneis,naucrates,1
20_80M_112N,Echeneidae,Echeneis,naucrates,1
20_80M_113N,Echeneidae,Echeneis,naucrates,2
20_80M_11F,Echeneidae,Echeneis,naucrates,1
20_80M_12F,Echeneidae,Echeneis,naucrates,2
20_80M_133N,Echeneidae,Echeneis,naucrates,2
20_80M_16N,Echeneidae,Echeneis,naucrates,2
20_80M_17F,Echeneidae,Echeneis,naucrates,1
20_80M_18N,Echeneidae,Echeneis,naucrates,1
20_80M_19F,Echeneidae,Echeneis,naucrates,4
20_80M_20N,Echeneidae,Echeneis,naucrates,2
20_80M_21N,Echeneidae,Echeneis,naucrates,1
20_80M_23F,Echeneidae,Echeneis,naucrates,1
20_80M_24N,Echeneidae,Echeneis,naucrates,1
20_80M_27F,Echeneidae,Echeneis,naucrates,1
20_80M_28F,Echeneidae,Echeneis,naucrates,1
20_80M_2N,Echeneidae,Echeneis,naucrates,1
20_80M_30F,Echeneidae,Echeneis,naucrates,1
20_80M_31N,Echeneidae,Echeneis,naucrates,1
20_80M_35F,Echeneidae,Echeneis,naucrates,1
20_80M_37F,Echeneidae,Echeneis,naucrates,1
20_80M_37N,Echeneidae,Echeneis,naucrates,1
20_80M_39F,Echeneidae,Echeneis,naucrates,2
20_80M_3F,Echeneidae,Echeneis,naucrates,1
20_80M_3N,Echeneidae,Echeneis,naucrates,1
20_80M_43F,Echeneidae,Echeneis,naucrates,2
20_80M_44F,Echeneidae,Echeneis,naucrates,1
20_80M_46F,Echeneidae,Echeneis,naucrates,1
20_80M_47F,Echeneidae,Echeneis,naucrates,2
20_80M_48F,Echeneidae,Echeneis,naucrates,1
20_80M_48N,Echeneidae,Echeneis,naucrates,2
20_80M_4N,Echeneidae,Echeneis,naucrates,1
20_80M_50F,Echeneidae,Echeneis,naucrates,1
20_80M_52N,Echeneidae,Echeneis,naucrates,1
20_80M_53F,Echeneidae,Echeneis,naucrates,1
20_80M_53N,Echeneidae,Echeneis,naucrates,1
20_80M_54F,Echeneidae,Echeneis,naucrates,1
20_80M_55F,Echeneidae,Echeneis,naucrates,2
20_80M_55N,Echeneidae,Echeneis,naucrates,1
20_80M_59N,Echeneidae,Echeneis,naucrates,2
20_80M_61F,Echeneidae,Echeneis,naucrates,1
20_80M_62N,Echeneidae,Echeneis,naucrates,1
20_80M_66F,Echeneidae,Echeneis,naucrates,1
20_80M_66N,Echeneidae,Echeneis,naucrates,3
20_80M_68F,Echeneidae,Echeneis,naucrates,2
20_80M_68N,Echeneidae,Echeneis,naucrates,2
20_80M_70F,Echeneidae,Echeneis,naucrates,2
20_80M_73F,Echeneidae,Echeneis,naucrates,1
20_80M_74F,Echeneidae,Echeneis,naucrates,2
20_80M_75F,Echeneidae,Echeneis,naucrates,2
20_80M_76F,Echeneidae,Echeneis,naucrates,1
20_80M_79F,Echeneidae,Echeneis,naucrates,1
20_80M_7N,Echeneidae,Echeneis,naucrates,1
20_80M_81F,Echeneidae,Echeneis,naucrates,1
20_80M_83N,Echeneidae,Echeneis,naucrates,1
20_80M_84N,Echeneidae,Echeneis,naucrates,1
20_80M_85F,Echeneidae,Echeneis,naucrates,3
20_80M_87N,Echeneidae,Echeneis,naucrates,1
20_80M_89F,Echeneidae,Echeneis,naucrates,5
20_80M_90N,Echeneidae,Echeneis,naucrates,1
20_80M_92N,Echeneidae,Echeneis,naucrates,1
20_80M_94N,Echeneidae,Echeneis,naucrates,1
20_80M_96F,Echeneidae,Echeneis,naucrates,1
20_80M_97F,Echeneidae,Echeneis,naucrates,1
20_80M_97N,Echeneidae,Echeneis,naucrates,1
20_80M_98N,Echeneidae,Echeneis,naucrates,1
20_80M_99F,Echeneidae,Echeneis,naucrates,1
20_80M_99N,Echeneidae,Echeneis,naucrates,1
20_80M_9N,Echeneidae,Echeneis,naucrates,1
21_80M_01,Echeneidae,Echeneis,naucrates,1
21_80M_102,Echeneidae,Echeneis,naucrates,1
21_80M_108,Echeneidae,Echeneis,naucrates,1
21_80M_12,Echeneidae,Echeneis,naucrates,1
21_80M_123,Echeneidae,Echeneis,naucrates,1
21_80M_135,Echeneidae,Echeneis,naucrates,1
21_80M_152,Echeneidae,Echeneis,naucrates,1
21_80M_153,Echeneidae,Echeneis,naucrates,1
21_80M_191,Echeneidae,Echeneis,naucrates,1
21_80M_201,Echeneidae,Echeneis,naucrates,1
21_80M_223,Echeneidae,Echeneis,naucrates,1
21_80M_25,Echeneidae,Echeneis,naucrates,2
21_80M_251,Echeneidae,Echeneis,naucrates,1
21_80M_256,Echeneidae,Echeneis,naucrates,1
21_80M_267,Echeneidae,Echeneis,naucrates,1
21_80M_287,Echeneidae,Echeneis,naucrates,2
21_80M_33,Echeneidae,Echeneis,naucrates,3
21_80M_44,Echeneidae,Echeneis,naucrates,2
21_80M_65,Echeneidae,Echeneis,naucrates,1
21_80M_75,Echeneidae,Echeneis,naucrates,1
21_80M_88,Echeneidae,Echeneis,naucrates,3
20_80M_5F,Elopidae,Elops,hawaiensis,1
20_80M_35F,Ephippidae,Platax,orbicularis,1
20_80M_37F,Ephippidae,Platax,batavianus,1
20_80M_39F,Ephippidae,Platax,batavianus,2
20_80M_6F,Ephippidae,Platax,batavianus,1
20_80M_89F,Ephippidae,Platax,batavianus,1
21_80M_17,Ephippidae,Platax,batavianus,4
21_80M_17,Ephippidae,Platax,pinnatus,1
20_80M_19F,Ginglymostomatidae,Nebrius,ferrugineus,1
20_80M_28F,Ginglymostomatidae,Nebrius,ferrugineus,1
20_80M_37N,Ginglymostomatidae,Nebrius,ferrugineus,1
20_80M_48N,Ginglymostomatidae,Nebrius,ferrugineus,1
20_80M_98N,Ginglymostomatidae,Nebrius,ferrugineus,1
21_80M_15,Ginglymostomatidae,Nebrius,ferrugineus,1
20_80M_101N,Glaucosomatidae,Glaucosoma,magnificum,1
20_80M_106N,Glaucosomatidae,Glaucosoma,magnificum,2
20_80M_112N,Glaucosomatidae,Glaucosoma,magnificum,2
20_80M_114N,Glaucosomatidae,Glaucosoma,magnificum,2
20_80M_116N,Glaucosomatidae,Glaucosoma,magnificum,2
20_80M_132N,Glaucosomatidae,Glaucosoma,magnificum,3
20_80M_17F,Glaucosomatidae,Glaucosoma,magnificum,1
20_80M_35F,Glaucosomatidae,Glaucosoma,magnificum,1
20_80M_36N,Glaucosomatidae,Glaucosoma,magnificum,2
20_80M_37F,Glaucosomatidae,Glaucosoma,magnificum,23
20_80M_5F,Glaucosomatidae,Glaucosoma,magnificum,1
20_80M_60N,Glaucosomatidae,Glaucosoma,magnificum,2
20_80M_88N,Glaucosomatidae,Glaucosoma,magnificum,1
20_80M_9N,Glaucosomatidae,Glaucosoma,magnificum,1
21_80M_236,Glaucosomatidae,Glaucosoma,magnificum,1
21_80M_64,Glaucosomatidae,Glaucosoma,magnificum,3
21_80M_74,Glaucosomatidae,Glaucosoma,magnificum,1
20_80M_18N,Glaucostegidae,Glaucostegus,typus,1
20_80M_3F,Glaucostegidae,Glaucostegus,typus,1
20_80M_55N,Glaucostegidae,Glaucostegus,typus,1
20_80M_97F,Glaucostegidae,Glaucostegus,typus,1
20_80M_99F,Glaucostegidae,Glaucostegus,typus,1
21_80M_287,Glaucostegidae,Glaucostegus,typus,1
20_80M_31F,Gobiidae,Amblyeleotris,wheeleri,1
20_80M_45F,Gobiidae,Amblyeleotris,periophthalma,3
20_80M_69F,Gobiidae,Gobiidae,spp,1
20_80M_81F,Gobiidae,Gobiidae,spp,1
21_80M_105,Gobiidae,Gobiidae,spp,3
20_80M_132N,Grammistidae,Diploprion,bifasciatum,1
20_80M_36N,Grammistidae,Diploprion,bifasciatum,6
20_80M_37F,Grammistidae,Diploprion,bifasciatum,1
20_80M_82N,Grammistidae,Diploprion,bifasciatum,1
20_80M_106N,Haemulidae,Diagramma,pictum,3
20_80M_112N,Haemulidae,Diagramma,pictum,3
20_80M_119N,Haemulidae,Diagramma,pictum,2
20_80M_121N,Haemulidae,Diagramma,pictum,2
20_80M_132N,Haemulidae,Diagramma,pictum,3
20_80M_132N,Haemulidae,Plectorhinchus,gibbosus,2
20_80M_132N,Haemulidae,Plectorhinchus,multivittatus,1
20_80M_133N,Haemulidae,Diagramma,pictum,3
20_80M_17F,Haemulidae,Diagramma,pictum,1
20_80M_18F,Haemulidae,Diagramma,pictum,1
20_80M_26N,Haemulidae,Diagramma,pictum,2
20_80M_33N,Haemulidae,Diagramma,pictum,2
20_80M_34F,Haemulidae,Diagramma,pictum,2
20_80M_34F,Haemulidae,Plectorhinchus,gibbosus,1
20_80M_34F,Haemulidae,Plectorhinchus,multivittatus,1
20_80M_35F,Haemulidae,Diagramma,pictum,3
20_80M_36F,Haemulidae,Diagramma,pictum,1
20_80M_36N,Haemulidae,Diagramma,pictum,2
20_80M_37F,Haemulidae,Plectorhinchus,multivittatus,1
20_80M_41F,Haemulidae,Plectorhinchus,gibbosus,1
20_80M_64F,Haemulidae,Diagramma,pictum,1
20_80M_65N,Haemulidae,Diagramma,pictum,1
20_80M_66F,Haemulidae,Diagramma,pictum,1
20_80M_6F,Haemulidae,Diagramma,pictum,1
20_80M_7F,Haemulidae,Diagramma,pictum,3
20_80M_82N,Haemulidae,Plectorhinchus,flavomaculatus,1
20_80M_9N,Haemulidae,Diagramma,pictum,2
21_80M_140,Haemulidae,Diagramma,pictum,1
21_80M_192,Haemulidae,Diagramma,pictum,1
21_80M_201,Haemulidae,Diagramma,pictum,1
21_80M_201,Haemulidae,Plectorhinchus,gibbosus,2
21_80M_256,Haemulidae,Diagramma,pictum,1
20_80M_10N,Hemigaleidae,Hemigaleus,australiensis,1
20_80M_129N,Hemigaleidae,Hemigaleus,australiensis,1
20_80M_13F,Hemigaleidae,Hemigaleus,australiensis,1
20_80M_13N,Hemigaleidae,Hemigaleus,australiensis,1
20_80M_14F,Hemigaleidae,Hemigaleus,australiensis,1
20_80M_14N,Hemigaleidae,Hemigaleus,australiensis,1
20_80M_18F,Hemigaleidae,Hemigaleus,australiensis,1
20_80M_1F,Hemigaleidae,Hemigaleus,australiensis,1
20_80M_21F,Hemigaleidae,Hemigaleus,australiensis,1
20_80M_22F,Hemigaleidae,Hemigaleus,australiensis,1
20_80M_28N,Hemigaleidae,Hemigaleus,australiensis,1
20_80M_36N,Hemigaleidae,Hemigaleus,australiensis,1
20_80M_3F,Hemigaleidae,Hemigaleus,australiensis,1
20_80M_3N,Hemigaleidae,Hemigaleus,australiensis,1
20_80M_41F,Hemigaleidae,Hemigaleus,australiensis,1
20_80M_42F,Hemigaleidae,Hemigaleus,australiensis,1
20_80M_48F,Hemigaleidae,Hemigaleus,australiensis,1
20_80M_4N,Hemigaleidae,Hemigaleus,australiensis,1
20_80M_56N,Hemigaleidae,Hemigaleus,australiensis,1
20_80M_59N,Hemigaleidae,Hemigaleus,australiensis,1
20_80M_5F,Hemigaleidae,Hemigaleus,australiensis,1
20_80M_62N,Hemigaleidae,Hemigaleus,australiensis,1
20_80M_63F,Hemigaleidae,Hemigaleus,australiensis,1
20_80M_64F,Hemigaleidae,Hemigaleus,australiensis,1
20_80M_65F,Hemigaleidae,Hemigaleus,australiensis,1
20_80M_66N,Hemigaleidae,Hemigaleus,australiensis,1
20_80M_67F,Hemigaleidae,Hemigaleus,australiensis,1
20_80M_71F,Hemigaleidae,Hemigaleus,australiensis,2
20_80M_72F,Hemigaleidae,Hemigaleus,australiensis,1
20_80M_76F,Hemigaleidae,Hemigaleus,australiensis,1
20_80M_7N,Hemigaleidae,Hemigaleus,australiensis,1
20_80M_80F,Hemigaleidae,Hemigaleus,australiensis,1
20_80M_82F,Hemigaleidae,Hemigaleus,australiensis,1
20_80M_87F,Hemigaleidae,Hemigaleus,australiensis,1
20_80M_89F,Hemigaleidae,Hemigaleus,australiensis,1
20_80M_93F,Hemigaleidae,Hemigaleus,australiensis,1
20_80M_9F,Hemigaleidae,Hemigaleus,australiensis,1
20_80M_9N,Hemigaleidae,Hemigaleus,australiensis,1
21_80M_102,Hemigaleidae,Hemigaleus,australiensis,1
21_80M_121,Hemigaleidae,Hemigaleus,australiensis,2
21_80M_129,Hemigaleidae,Hemigaleus,australiensis,1
21_80M_140,Hemigaleidae,Hemigaleus,australiensis,1
21_80M_153,Hemigaleidae,Hemigaleus,australiensis,1
21_80M_172,Hemigaleidae,Hemigaleus,australiensis,1
21_80M_192,Hemigaleidae,Hemigaleus,australiensis,1
21_80M_245,Hemigaleidae,Hemigaleus,australiensis,1
21_80M_248,Hemigaleidae,Hemigaleus,australiensis,1
21_80M_28,Hemigaleidae,Hemigaleus,australiensis,1
21_80M_280,Hemigaleidae,Hemigaleus,australiensis,1
21_80M_33,Hemigaleidae,Hemigaleus,australiensis,1
21_80M_65,Hemigaleidae,Hemigaleus,australiensis,2
21_80M_81,Hemigaleidae,Hemigaleus,australiensis,1
21_80M_89,Hemigaleidae,Hemigaleus,australiensis,1
20_80M_100F,Hemiscylliidae,Chiloscyllium,punctatum,1
20_80M_101F,Hemiscylliidae,Chiloscyllium,punctatum,1
20_80M_101N,Hemiscylliidae,Chiloscyllium,punctatum,1
20_80M_105N,Hemiscylliidae,Chiloscyllium,punctatum,1
20_80M_110N,Hemiscylliidae,Chiloscyllium,punctatum,1
20_80M_116N,Hemiscylliidae,Chiloscyllium,punctatum,1
20_80M_118N,Hemiscylliidae,Chiloscyllium,punctatum,1
20_80M_119N,Hemiscylliidae,Chiloscyllium,punctatum,1
20_80M_11F,Hemiscylliidae,Chiloscyllium,punctatum,1
20_80M_123N,Hemiscylliidae,Chiloscyllium,punctatum,1
20_80M_125N,Hemiscylliidae,Chiloscyllium,punctatum,1
20_80M_126N,Hemiscylliidae,Chiloscyllium,punctatum,1
20_80M_128N,Hemiscylliidae,Chiloscyllium,punctatum,2
20_80M_129N,Hemiscylliidae,Chiloscyllium,punctatum,1
20_80M_130N,Hemiscylliidae,Chiloscyllium,punctatum,1
20_80M_13F,Hemiscylliidae,Chiloscyllium,punctatum,1
20_80M_25F,Hemiscylliidae,Chiloscyllium,punctatum,1
20_80M_28N,Hemiscylliidae,Chiloscyllium,punctatum,1
20_80M_2F,Hemiscylliidae,Chiloscyllium,punctatum,2
20_80M_34F,Hemiscylliidae,Chiloscyllium,punctatum,1
20_80M_35F,Hemiscylliidae,Chiloscyllium,punctatum,1
20_80M_36N,Hemiscylliidae,Chiloscyllium,punctatum,1
20_80M_40F,Hemiscylliidae,Chiloscyllium,punctatum,1
20_80M_44F,Hemiscylliidae,Chiloscyllium,punctatum,1
20_80M_47F,Hemiscylliidae,Chiloscyllium,punctatum,1
20_80M_48F,Hemiscylliidae,Chiloscyllium,punctatum,1
20_80M_49F,Hemiscylliidae,Chiloscyllium,punctatum,1
20_80M_4F,Hemiscylliidae,Chiloscyllium,punctatum,2
20_80M_52F,Hemiscylliidae,Chiloscyllium,punctatum,1
20_80M_55N,Hemiscylliidae,Chiloscyllium,punctatum,1
20_80M_57F,Hemiscylliidae,Chiloscyllium,punctatum,1
20_80M_59N,Hemiscylliidae,Chiloscyllium,punctatum,1
20_80M_6F,Hemiscylliidae,Chiloscyllium,punctatum,1
20_80M_77F,Hemiscylliidae,Chiloscyllium,punctatum,1
20_80M_78F,Hemiscylliidae,Chiloscyllium,punctatum,1
20_80M_81F,Hemiscylliidae,Chiloscyllium,punctatum,1
20_80M_86N,Hemiscylliidae,Chiloscyllium,punctatum,1
20_80M_88N,Hemiscylliidae,Chiloscyllium,punctatum,1
20_80M_92N,Hemiscylliidae,Chiloscyllium,punctatum,1
20_80M_93F,Hemiscylliidae,Chiloscyllium,punctatum,1
20_80M_95F,Hemiscylliidae,Chiloscyllium,punctatum,1
21_80M_102,Hemiscylliidae,Chiloscyllium,punctatum,1
21_80M_153,Hemiscylliidae,Chiloscyllium,punctatum,1
21_80M_162,Hemiscylliidae,Chiloscyllium,punctatum,1
21_80M_226,Hemiscylliidae,Chiloscyllium,punctatum,1
21_80M_252,Hemiscylliidae,Chiloscyllium,punctatum,1
20_80M_100F,Labridae,Choerodon,cephalotes,4
20_80M_100F,Labridae,Choerodon,vitta,2
20_80M_100F,Labridae,Macropharyngodon,negrosensis,1
20_80M_100N,Labridae,Choerodon,cephalotes,3
20_80M_100N,Labridae,Choerodon,vitta,1
20_80M_101F,Labridae,Choerodon,cephalotes,2
20_80M_101F,Labridae,Choerodon,vitta,2
20_80M_101N,Labridae,Choerodon,cauteroma,3
20_80M_101N,Labridae,Choerodon,cephalotes,1
20_80M_101N,Labridae,Choerodon,vitta,1
20_80M_102F,Labridae,Choerodon,cephalotes,3
20_80M_102F,Labridae,Choerodon,vitta,1
20_80M_102N,Labridae,Choerodon,cephalotes,1
20_80M_103F,Labridae,Choerodon,cephalotes,2
20_80M_103F,Labridae,Choerodon,vitta,1
20_80M_103N,Labridae,Choerodon,cephalotes,3
20_80M_103N,Labridae,Choerodon,vitta,1
20_80M_104F,Labridae,Choerodon,cephalotes,2
20_80M_104F,Labridae,Choerodon,vitta,1
20_80M_104N,Labridae,Choerodon,cephalotes,4
20_80M_104N,Labridae,Choerodon,vitta,1
20_80M_105N,Labridae,Choerodon,cephalotes,3
20_80M_106N,Labridae,Choerodon,cauteroma,1
20_80M_106N,Labridae,Choerodon,cephalotes,2
20_80M_106N,Labridae,Choerodon,vitta,1
20_80M_10F,Labridae,Choerodon,cephalotes,4
20_80M_10F,Labridae,Choerodon,vitta,4
20_80M_10N,Labridae,Choerodon,cauteroma,3
20_80M_10N,Labridae,Choerodon,cephalotes,1
20_80M_110N,Labridae,Choerodon,cephalotes,5
20_80M_110N,Labridae,Choerodon,vitta,5
20_80M_111N,Labridae,Choerodon,cephalotes,3
20_80M_111N,Labridae,Choerodon,vitta,1
20_80M_112N,Labridae,Anampses,lennardi,2
20_80M_112N,Labridae,Choerodon,cauteroma,3
20_80M_112N,Labridae,Choerodon,cephalotes,1
20_80M_112N,Labridae,Choerodon,cyanodus,1
20_80M_112N,Labridae,Choerodon,schoenleinii,1
20_80M_113N,Labridae,Choerodon,cephalotes,1
20_80M_114N,Labridae,Choerodon,cauteroma,2
20_80M_114N,Labridae,Choerodon,cephalotes,8
20_80M_115N,Labridae,Choerodon,vitta,4
20_80M_115N,Labridae,Macropharyngodon,negrosensis,1
20_80M_116N,Labridae,Anampses,lennardi,1
20_80M_116N,Labridae,Choerodon,cephalotes,3
20_80M_116N,Labridae,Choerodon,vitta,2
20_80M_117N,Labridae,Choerodon,cephalotes,1
20_80M_118N,Labridae,Choerodon,cephalotes,3
20_80M_118N,Labridae,Coris,pictoides,4
20_80M_119N,Labridae,Anampses,lennardi,1
20_80M_119N,Labridae,Choerodon,cauteroma,3
20_80M_11F,Labridae,Choerodon,cephalotes,2
20_80M_11F,Labridae,Choerodon,vitta,3
20_80M_11N,Labridae,Choerodon,cephalotes,1
20_80M_120N,Labridae,Choerodon,cephalotes,1
20_80M_120N,Labridae,Choerodon,vitta,2
20_80M_120N,Labridae,Macropharyngodon,negrosensis,1
20_80M_121N,Labridae,Anampses,lennardi,1
20_80M_121N,Labridae,Choerodon,cauteroma,3
20_80M_121N,Labridae,Choerodon,schoenleinii,1
20_80M_122N,Labridae,Choerodon,cauteroma,1
20_80M_122N,Labridae,Choerodon,cephalotes,1
20_80M_122N,Labridae,Choerodon,vitta,2
20_80M_122N,Labridae,Macropharyngodon,negrosensis,1
20_80M_123N,Labridae,Anampses,lennardi,1
20_80M_123N,Labridae,Choerodon,cauteroma,2
20_80M_123N,Labridae,Choerodon,cephalotes,3
20_80M_124N,Labridae,Choerodon,cephalotes,1
20_80M_125N,Labridae,Anampses,lennardi,1
20_80M_125N,Labridae,Choerodon,cauteroma,1
20_80M_125N,Labridae,Choerodon,cephalotes,3
20_80M_125N,Labridae,Choerodon,vitta,2
20_80M_126N,Labridae,Choerodon,cephalotes,1
20_80M_127N,Labridae,Choerodon,cephalotes,2
20_80M_128N,Labridae,Choerodon,cephalotes,3
20_80M_128N,Labridae,Choerodon,vitta,2
20_80M_129N,Labridae,Choerodon,cephalotes,1
20_80M_12F,Labridae,Choerodon,cephalotes,2
20_80M_12F,Labridae,Choerodon,vitta,2
20_80M_12F,Labridae,Macropharyngodon,negrosensis,6
20_80M_130N,Labridae,Choerodon,cauteroma,1
20_80M_131N,Labridae,Iniistius,pavo,1
20_80M_132N,Labridae,Choerodon,cauteroma,3
20_80M_133N,Labridae,Choerodon,cauteroma,1
20_80M_133N,Labridae,Choerodon,vitta,2
20_80M_133N,Labridae,Coris,pictoides,7
20_80M_133N,Labridae,Leptojulis,cyanopleura,1
20_80M_13F,Labridae,Choerodon,cauteroma,1
20_80M_13F,Labridae,Choerodon,cephalotes,3
20_80M_13F,Labridae,Choerodon,vitta,3
20_80M_13N,Labridae,Choerodon,cephalotes,2
20_80M_13N,Labridae,Choerodon,vitta,1
20_80M_14F,Labridae,Choerodon,cauteroma,5
20_80M_14F,Labridae,Choerodon,cephalotes,1
20_80M_14N,Labridae,Choerodon,cephalotes,4
20_80M_14N,Labridae,Choerodon,vitta,1
20_80M_15F,Labridae,Choerodon,cephalotes,5
20_80M_15F,Labridae,Choerodon,vitta,1
20_80M_15F,Labridae,Macropharyngodon,negrosensis,2
20_80M_15N,Labridae,Choerodon,cephalotes,1
20_80M_16F,Labridae,Choerodon,cephalotes,4
20_80M_16F,Labridae,Choerodon,vitta,1
20_80M_16N,Labridae,Choerodon,cephalotes,1
20_80M_16N,Labridae,Iniistius,pavo,1
20_80M_17F,Labridae,Anampses,lennardi,1
20_80M_17F,Labridae,Choerodon,cauteroma,3
20_80M_17F,Labridae,Choerodon,cephalotes,1
20_80M_17N,Labridae,Choerodon,cephalotes,1
20_80M_18F,Labridae,Anampses,lennardi,1
20_80M_18F,Labridae,Choerodon,cauteroma,3
20_80M_18F,Labridae,Choerodon,cephalotes,1
20_80M_18F,Labridae,Choerodon,cyanodus,3
20_80M_18F,Labridae,Choerodon,schoenleinii,2
20_80M_19F,Labridae,Choerodon,cephalotes,1
20_80M_19F,Labridae,Choerodon,vitta,2
20_80M_19N,Labridae,Choerodon,cauteroma,1
20_80M_19N,Labridae,Choerodon,cephalotes,2
20_80M_1F,Labridae,Choerodon,cephalotes,1
20_80M_20F,Labridae,Choerodon,cephalotes,2
20_80M_20F,Labridae,Choerodon,vitta,1
20_80M_20N,Labridae,Choerodon,cauteroma,1
20_80M_21F,Labridae,Choerodon,cephalotes,2
20_80M_21F,Labridae,Choerodon,vitta,5
20_80M_22F,Labridae,Anampses,lennardi,2
20_80M_22F,Labridae,Choerodon,cauteroma,3
20_80M_22F,Labridae,Choerodon,cephalotes,2
20_80M_22F,Labridae,Choerodon,vitta,2
20_80M_22N,Labridae,Choerodon,cephalotes,1
20_80M_23F,Labridae,Choerodon,cauteroma,1
20_80M_23F,Labridae,Choerodon,cephalotes,2
20_80M_23F,Labridae,Choerodon,vitta,2
20_80M_23N,Labridae,Choerodon,cephalotes,2
20_80M_24F,Labridae,Choerodon,cephalotes,4
20_80M_24F,Labridae,Choerodon,vitta,3
20_80M_24F,Labridae,Macropharyngodon,negrosensis,8
20_80M_24N,Labridae,Choerodon,cephalotes,3
20_80M_24N,Labridae,Choerodon,vitta,3
20_80M_25F,Labridae,Choerodon,cephalotes,3
20_80M_25F,Labridae,Choerodon,vitta,1
20_80M_25N,Labridae,Choerodon,cephalotes,3
20_80M_25N,Labridae,Choerodon,vitta,2
20_80M_26F,Labridae,Anampses,lennardi,1
20_80M_26F,Labridae,Choerodon,cephalotes,3
20_80M_26F,Labridae,Choerodon,vitta,2
20_80M_26N,Labridae,Anampses,lennardi,1
20_80M_26N,Labridae,Choerodon,cauteroma,4
20_80M_26N,Labridae,Choerodon,cephalotes,1
20_80M_27F,Labridae,Anampses,lennardi,2
20_80M_27F,Labridae,Choerodon,cauteroma,2
20_80M_27F,Labridae,Choerodon,cephalotes,1
20_80M_27N,Labridae,Choerodon,cauteroma,2
20_80M_27N,Labridae,Choerodon,cephalotes,2
20_80M_27N,Labridae,Choerodon,vitta,2
20_80M_28F,Labridae,Choerodon,cephalotes,2
20_80M_28F,Labridae,Choerodon,vitta,6
20_80M_28F,Labridae,Coris,pictoides,4
20_80M_28F,Labridae,Macropharyngodon,negrosensis,1
20_80M_28N,Labridae,Choerodon,cauteroma,1
20_80M_28N,Labridae,Choerodon,cephalotes,3
20_80M_28N,Labridae,Choerodon,vitta,4
20_80M_29F,Labridae,Choerodon,cauteroma,1
20_80M_29F,Labridae,Choerodon,cephalotes,1
20_80M_29F,Labridae,Coris,pictoides,2
20_80M_29F,Labridae,Macropharyngodon,negrosensis,2
20_80M_29N,Labridae,Anampses,lennardi,1
20_80M_29N,Labridae,Choerodon,cauteroma,3
20_80M_29N,Labridae,Choerodon,cephalotes,2
20_80M_29N,Labridae,Choerodon,vitta,2
20_80M_2F,Labridae,Choerodon,cauteroma,5
20_80M_2F,Labridae,Choerodon,cephalotes,1
20_80M_30F,Labridae,Choerodon,cauteroma,1
20_80M_30F,Labridae,Choerodon,schoenleinii,1
20_80M_30F,Labridae,Choerodon,vitta,4
20_80M_30F,Labridae,Coris,pictoides,4
20_80M_30F,Labridae,Pteragogus,enneacanthus,1
20_80M_30N,Labridae,Choerodon,cephalotes,7
20_80M_30N,Labridae,Choerodon,vitta,1
20_80M_31F,Labridae,Choerodon,cauteroma,1
20_80M_31N,Labridae,Choerodon,cephalotes,3
20_80M_32F,Labridae,Choerodon,cephalotes,2
20_80M_32F,Labridae,Choerodon,vitta,5
20_80M_33F,Labridae,Anampses,lennardi,1
20_80M_33F,Labridae,Choerodon,cauteroma,2
20_80M_33F,Labridae,Choerodon,cephalotes,1
20_80M_33F,Labridae,Choerodon,schoenleinii,1
20_80M_33F,Labridae,Choerodon,vitta,2
20_80M_33N,Labridae,Anampses,lennardi,1
20_80M_33N,Labridae,Choerodon,cauteroma,2
20_80M_33N,Labridae,Choerodon,cephalotes,3
20_80M_33N,Labridae,Choerodon,schoenleinii,1
20_80M_34F,Labridae,Anampses,lennardi,4
20_80M_34F,Labridae,Choerodon,cauteroma,2
20_80M_34F,Labridae,Choerodon,schoenleinii,1
20_80M_34F,Labridae,Choerodon,vitta,1
20_80M_35F,Labridae,Anampses,lennardi,3
20_80M_35F,Labridae,Choerodon,cauteroma,3
20_80M_35F,Labridae,Choerodon,cephalotes,1
20_80M_35F,Labridae,Choerodon,schoenleinii,1
20_80M_35N,Labridae,Choerodon,cauteroma,8
20_80M_35N,Labridae,Choerodon,cephalotes,2
20_80M_35N,Labridae,Choerodon,vitta,3
20_80M_36F,Labridae,Choerodon,cauteroma,1
20_80M_36F,Labridae,Choerodon,cephalotes,1
20_80M_36F,Labridae,Choerodon,schoenleinii,1
20_80M_36N,Labridae,Choerodon,cauteroma,6
20_80M_36N,Labridae,Choerodon,cephalotes,1
20_80M_36N,Labridae,Choerodon,cyanodus,2
20_80M_36N,Labridae,Choerodon,vitta,3
20_80M_37F,Labridae,Anampses,lennardi,4
20_80M_37F,Labridae,Choerodon,cauteroma,2
20_80M_37F,Labridae,Choerodon,cyanodus,1
20_80M_37F,Labridae,Choerodon,schoenleinii,1
20_80M_37F,Labridae,Choerodon,vitta,1
20_80M_37N,Labridae,Choerodon,cauteroma,2
20_80M_37N,Labridae,Choerodon,cephalotes,2
20_80M_37N,Labridae,Choerodon,vitta,1
20_80M_38F,Labridae,Choerodon,cephalotes,1
20_80M_38F,Labridae,Iniistius,pavo,1
20_80M_38N,Labridae,Choerodon,cauteroma,1
20_80M_38N,Labridae,Choerodon,cephalotes,2
20_80M_38N,Labridae,Choerodon,vitta,4
20_80M_39F,Labridae,Choerodon,cauteroma,3
20_80M_39F,Labridae,Choerodon,cephalotes,2
20_80M_39F,Labridae,Choerodon,schoenleinii,1
20_80M_39F,Labridae,Coris,pictoides,1
20_80M_39F,Labridae,Leptojulis,cyanopleura,7
20_80M_39N,Labridae,Choerodon,cauteroma,2
20_80M_39N,Labridae,Choerodon,cephalotes,1
20_80M_39N,Labridae,Choerodon,vitta,4
20_80M_3F,Labridae,Choerodon,cauteroma,1
20_80M_3F,Labridae,Choerodon,cephalotes,2
20_80M_40F,Labridae,Choerodon,cauteroma,2
20_80M_40F,Labridae,Choerodon,cephalotes,1
20_80M_40F,Labridae,Choerodon,vitta,5
20_80M_40F,Labridae,Coris,pictoides,5
20_80M_40F,Labridae,Macropharyngodon,negrosensis,1
20_80M_41F,Labridae,Choerodon,cauteroma,1
20_80M_41F,Labridae,Choerodon,schoenleinii,1
20_80M_41F,Labridae,Coris,pictoides,7
20_80M_42F,Labridae,Choerodon,cauteroma,1
20_80M_42F,Labridae,Choerodon,cephalotes,2
20_80M_43F,Labridae,Choerodon,cauteroma,1
20_80M_43F,Labridae,Choerodon,cephalotes,1
20_80M_44F,Labridae,Choerodon,cephalotes,1
20_80M_45F,Labridae,Choerodon,cauteroma,1
20_80M_45F,Labridae,Choerodon,cephalotes,1
20_80M_46F,Labridae,Choerodon,cauteroma,1
20_80M_47F,Labridae,Cheilinus,chlorourus,1
20_80M_47F,Labridae,Choerodon,cephalotes,2
20_80M_47F,Labridae,Choerodon,vitta,1
20_80M_47F,Labridae,Macropharyngodon,negrosensis,1
20_80M_48F,Labridae,Choerodon,cephalotes,2
20_80M_48F,Labridae,Choerodon,vitta,4
20_80M_48F,Labridae,Macropharyngodon,negrosensis,2
20_80M_49F,Labridae,Choerodon,cauteroma,2
20_80M_49F,Labridae,Choerodon,cephalotes,3
20_80M_49F,Labridae,Choerodon,vitta,2
20_80M_4F,Labridae,Choerodon,cauteroma,1
20_80M_4F,Labridae,Choerodon,cephalotes,3
20_80M_4F,Labridae,Choerodon,vitta,5
20_80M_50F,Labridae,Choerodon,cauteroma,1
20_80M_50F,Labridae,Choerodon,cephalotes,3
20_80M_50F,Labridae,Choerodon,vitta,1
20_80M_51F,Labridae,Choerodon,cephalotes,1
20_80M_51F,Labridae,Choerodon,vitta,1
20_80M_52F,Labridae,Choerodon,cephalotes,2
20_80M_52F,Labridae,Choerodon,vitta,1
20_80M_53F,Labridae,Choerodon,cephalotes,3
20_80M_54F,Labridae,Choerodon,cephalotes,1
20_80M_54F,Labridae,Choerodon,vitta,1
20_80M_54N,Labridae,Choerodon,cephalotes,3
20_80M_55F,Labridae,Choerodon,cephalotes,6
20_80M_55F,Labridae,Choerodon,vitta,4
20_80M_55N,Labridae,Choerodon,cephalotes,3
20_80M_56F,Labridae,Choerodon,cephalotes,2
20_80M_56F,Labridae,Iniistius,pavo,1
20_80M_56F,Labridae,Macropharyngodon,negrosensis,4
20_80M_56N,Labridae,Choerodon,cephalotes,6
20_80M_56N,Labridae,Choerodon,vitta,3
20_80M_57F,Labridae,Choerodon,cephalotes,2
20_80M_57F,Labridae,Choerodon,vitta,1
20_80M_57N,Labridae,Choerodon,cephalotes,6
20_80M_58F,Labridae,Choerodon,cauteroma,3
20_80M_58F,Labridae,Choerodon,cephalotes,1
20_80M_58F,Labridae,Coris,pictoides,1
20_80M_59F,Labridae,Choerodon,cephalotes,3
20_80M_59F,Labridae,Choerodon,vitta,2
20_80M_59F,Labridae,Coris,pictoides,1
20_80M_59F,Labridae,Macropharyngodon,negrosensis,2
20_80M_59N,Labridae,Choerodon,cephalotes,2
20_80M_5F,Labridae,Anampses,lennardi,1
20_80M_5F,Labridae,Choerodon,cauteroma,3
20_80M_5F,Labridae,Choerodon,cephalotes,1
20_80M_5F,Labridae,Choerodon,schoenleinii,1
20_80M_5N,Labridae,Choerodon,cephalotes,2
20_80M_5N,Labridae,Choerodon,vitta,1
20_80M_60F,Labridae,Choerodon,cephalotes,5
20_80M_60F,Labridae,Choerodon,vitta,2
20_80M_60N,Labridae,Choerodon,cauteroma,1
20_80M_60N,Labridae,Choerodon,cephalotes,2
20_80M_61F,Labridae,Anampses,lennardi,3
20_80M_61F,Labridae,Choerodon,cauteroma,2
20_80M_61F,Labridae,Choerodon,cephalotes,3
20_80M_62F,Labridae,Choerodon,cephalotes,1
20_80M_62F,Labridae,Choerodon,vitta,5
20_80M_63F,Labridae,Choerodon,cauteroma,1
20_80M_63F,Labridae,Choerodon,cephalotes,1
20_80M_63F,Labridae,Choerodon,vitta,1
20_80M_63N,Labridae,Choerodon,cephalotes,5
20_80M_63N,Labridae,Choerodon,vitta,3
20_80M_64F,Labridae,Anampses,lennardi,1
20_80M_64F,Labridae,Choerodon,cauteroma,2
20_80M_64F,Labridae,Choerodon,schoenleinii,1
20_80M_64F,Labridae,Coris,pictoides,8
20_80M_64N,Labridae,Choerodon,cauteroma,1
20_80M_64N,Labridae,Choerodon,cephalotes,2
20_80M_64N,Labridae,Choerodon,schoenleinii,1
20_80M_65F,Labridae,Choerodon,cephalotes,1
20_80M_65F,Labridae,Coris,pictoides,1
20_80M_65N,Labridae,Choerodon,cauteroma,1
20_80M_65N,Labridae,Choerodon,cephalotes,1
20_80M_65N,Labridae,Choerodon,schoenleinii,1
20_80M_65N,Labridae,Choerodon,vitta,1
20_80M_66F,Labridae,Choerodon,cauteroma,3
20_80M_66F,Labridae,Choerodon,schoenleinii,1
20_80M_66N,Labridae,Choerodon,cauteroma,3
20_80M_66N,Labridae,Choerodon,cephalotes,1
20_80M_66N,Labridae,Choerodon,vitta,1
20_80M_67F,Labridae,Choerodon,cauteroma,1
20_80M_67F,Labridae,Choerodon,cephalotes,1
20_80M_67F,Labridae,Choerodon,vitta,1
20_80M_67F,Labridae,Coris,pictoides,2
20_80M_67F,Labridae,Macropharyngodon,negrosensis,1
20_80M_67N,Labridae,Choerodon,cephalotes,1
20_80M_68F,Labridae,Choerodon,cephalotes,1
20_80M_68F,Labridae,Iniistius,pavo,1
20_80M_69F,Labridae,Choerodon,cephalotes,2
20_80M_6F,Labridae,Anampses,lennardi,3
20_80M_6F,Labridae,Choerodon,cauteroma,3
20_80M_6F,Labridae,Choerodon,cephalotes,2
20_80M_6F,Labridae,Choerodon,cyanodus,1
20_80M_6F,Labridae,Choerodon,schoenleinii,1
20_80M_70F,Labridae,Choerodon,cephalotes,2
20_80M_71F,Labridae,Choerodon,cephalotes,2
20_80M_71F,Labridae,Coris,pictoides,2
20_80M_72F,Labridae,Anampses,lennardi,1
20_80M_72F,Labridae,Choerodon,cephalotes,1
20_80M_72F,Labridae,Choerodon,vitta,1
20_80M_72F,Labridae,Coris,pictoides,1
20_80M_72F,Labridae,Macropharyngodon,negrosensis,1
20_80M_73F,Labridae,Choerodon,cephalotes,1
20_80M_73F,Labridae,Coris,pictoides,1
20_80M_74F,Labridae,Choerodon,cephalotes,1
20_80M_75F,Labridae,Choerodon,cephalotes,3
20_80M_75F,Labridae,Choerodon,cyanodus,1
20_80M_75F,Labridae,Choerodon,vitta,3
20_80M_75F,Labridae,Coris,pictoides,2
20_80M_75F,Labridae,Pteragogus,enneacanthus,2
20_80M_76F,Labridae,Choerodon,cauteroma,2
20_80M_76F,Labridae,Choerodon,vitta,5
20_80M_76F,Labridae,Coris,pictoides,2
20_80M_77F,Labridae,Anampses,lennardi,1
20_80M_77F,Labridae,Choerodon,cauteroma,3
20_80M_77F,Labridae,Choerodon,cephalotes,3
20_80M_78F,Labridae,Choerodon,cauteroma,1
20_80M_78F,Labridae,Choerodon,cephalotes,1
20_80M_78F,Labridae,Choerodon,vitta,4
20_80M_78F,Labridae,Macropharyngodon,negrosensis,1
20_80M_79F,Labridae,Choerodon,cauteroma,1
20_80M_7F,Labridae,Choerodon,cauteroma,3
20_80M_7F,Labridae,Choerodon,cephalotes,1
20_80M_7F,Labridae,Choerodon,cyanodus,1
20_80M_7F,Labridae,Choerodon,vitta,1
20_80M_7N,Labridae,Choerodon,cauteroma,2
20_80M_7N,Labridae,Choerodon,cephalotes,2
20_80M_7N,Labridae,Choerodon,schoenleinii,1
20_80M_80F,Labridae,Anampses,lennardi,1
20_80M_80F,Labridae,Choerodon,cauteroma,3
20_80M_80F,Labridae,Choerodon,cephalotes,1
20_80M_80F,Labridae,Choerodon,schoenleinii,1
20_80M_81F,Labridae,Choerodon,cauteroma,3
20_80M_81F,Labridae,Choerodon,cephalotes,1
20_80M_81F,Labridae,Choerodon,vitta,2
20_80M_81F,Labridae,Coris,pictoides,2
20_80M_82F,Labridae,Anampses,lennardi,3
20_80M_82F,Labridae,Choerodon,cauteroma,2
20_80M_82F,Labridae,Choerodon,cephalotes,2
20_80M_82F,Labridae,Choerodon,vitta,1
20_80M_83F,Labridae,Choerodon,cauteroma,2
20_80M_83F,Labridae,Choerodon,cephalotes,1
20_80M_83F,Labridae,Choerodon,schoenleinii,1
20_80M_84F,Labridae,Choerodon,cephalotes,2
20_80M_84F,Labridae,Choerodon,vitta,1
20_80M_84F,Labridae,Coris,pictoides,4
20_80M_84F,Labridae,Macropharyngodon,negrosensis,5
20_80M_84N,Labridae,Choerodon,cephalotes,1
20_80M_84N,Labridae,Choerodon,vitta,1
20_80M_85F,Labridae,Choerodon,cauteroma,4
20_80M_85F,Labridae,Coris,pictoides,3
20_80M_85N,Labridae,Choerodon,cephalotes,1
20_80M_85N,Labridae,Choerodon,vitta,1
20_80M_86F,Labridae,Choerodon,cephalotes,1
20_80M_86F,Labridae,Choerodon,vitta,2
20_80M_86F,Labridae,Coris,pictoides,2
20_80M_86N,Labridae,Anampses,lennardi,2
20_80M_86N,Labridae,Choerodon,cephalotes,20
20_80M_86N,Labridae,Choerodon,vitta,6
20_80M_86N,Labridae,Macropharyngodon,negrosensis,2
20_80M_87F,Labridae,Choerodon,cephalotes,1
20_80M_87F,Labridae,Choerodon,vitta,2
20_80M_87F,Labridae,Coris,pictoides,1
20_80M_87N,Labridae,Anampses,lennardi,2
20_80M_87N,Labridae,Choerodon,cauteroma,3
20_80M_87N,Labridae,Choerodon,cephalotes,2
20_80M_87N,Labridae,Choerodon,vitta,1
20_80M_88F,Labridae,Anampses,lennardi,1
20_80M_88F,Labridae,Choerodon,cauteroma,2
20_80M_88F,Labridae,Choerodon,cephalotes,1
20_80M_88F,Labridae,Choerodon,vitta,2
20_80M_88F,Labridae,Leptojulis,cyanopleura,7
20_80M_88N,Labridae,Choerodon,cauteroma,2
20_80M_88N,Labridae,Choerodon,cephalotes,6
20_80M_89F,Labridae,Anampses,lennardi,1
20_80M_89F,Labridae,Choerodon,cauteroma,1
20_80M_89F,Labridae,Choerodon,schoenleinii,1
20_80M_89N,Labridae,Choerodon,cephalotes,3
20_80M_89N,Labridae,Choerodon,vitta,1
20_80M_8F,Labridae,Cheilio,inermis,1
20_80M_8F,Labridae,Choerodon,cephalotes,1
20_80M_8F,Labridae,Choerodon,vitta,1
20_80M_8F,Labridae,Macropharyngodon,negrosensis,1
20_80M_90F,Labridae,Anampses,lennardi,1
20_80M_90F,Labridae,Choerodon,cauteroma,1
20_80M_90F,Labridae,Choerodon,cephalotes,2
20_80M_90N,Labridae,Choerodon,cauteroma,1
20_80M_90N,Labridae,Choerodon,cephalotes,4
20_80M_90N,Labridae,Choerodon,vitta,1
20_80M_91F,Labridae,Choerodon,cauteroma,2
20_80M_91N,Labridae,Choerodon,cephalotes,2
20_80M_92F,Labridae,Choerodon,cephalotes,1
20_80M_92F,Labridae,Choerodon,vitta,2
20_80M_92N,Labridae,Choerodon,cephalotes,1
20_80M_92N,Labridae,Choerodon,vitta,1
20_80M_93F,Labridae,Choerodon,cauteroma,1
20_80M_93F,Labridae,Choerodon,cephalotes,2
20_80M_93F,Labridae,Choerodon,vitta,1
20_80M_93F,Labridae,Coris,pictoides,2
20_80M_93F,Labridae,Macropharyngodon,negrosensis,5
20_80M_95F,Labridae,Choerodon,vitta,1
20_80M_96F,Labridae,Choerodon,cephalotes,3
20_80M_96F,Labridae,Choerodon,vitta,4
20_80M_97F,Labridae,Choerodon,cauteroma,1
20_80M_97F,Labridae,Choerodon,cephalotes,4
20_80M_97F,Labridae,Choerodon,vitta,3
20_80M_98F,Labridae,Choerodon,cephalotes,2
20_80M_98F,Labridae,Choerodon,vitta,1
20_80M_98N,Labridae,Choerodon,cephalotes,1
20_80M_99F,Labridae,Choerodon,cephalotes,1
20_80M_99F,Labridae,Choerodon,vitta,1
20_80M_99N,Labridae,Choerodon,cephalotes,1
20_80M_9F,Labridae,Choerodon,cephalotes,2
20_80M_9F,Labridae,Choerodon,vitta,2
20_80M_9N,Labridae,Choerodon,cauteroma,5
20_80M_9N,Labridae,Choerodon,cephalotes,1
21_80M_01,Labridae,Choerodon,cephalotes,1
21_80M_01,Labridae,Choerodon,vitta,3
21_80M_102,Labridae,Choerodon,cauteroma,2
21_80M_102,Labridae,Choerodon,cephalotes,2
21_80M_102,Labridae,Choerodon,vitta,1
21_80M_105,Labridae,Choerodon,cauteroma,2
21_80M_105,Labridae,Choerodon,cephalotes,2
21_80M_108,Labridae,Choerodon,cauteroma,3
21_80M_108,Labridae,Choerodon,cephalotes,2
21_80M_108,Labridae,Choerodon,vitta,1
21_80M_117,Labridae,Choerodon,cephalotes,1
21_80M_117,Labridae,Choerodon,vitta,1
21_80M_118,Labridae,Choerodon,cephalotes,1
21_80M_12,Labridae,Choerodon,cauteroma,2
21_80M_12,Labridae,Choerodon,cephalotes,1
21_80M_12,Labridae,Coris,spp,3
21_80M_121,Labridae,Choerodon,cauteroma,1
21_80M_121,Labridae,Choerodon,cephalotes,1
21_80M_121,Labridae,Coris,caudimacula,1
21_80M_124,Labridae,Choerodon,cephalotes,1
21_80M_127,Labridae,Choerodon,cephalotes,2
21_80M_129,Labridae,Choerodon,cauteroma,2
21_80M_129,Labridae,Choerodon,cephalotes,1
21_80M_129,Labridae,Choerodon,vitta,2
21_80M_129,Labridae,Coris,pictoides,2
21_80M_129,Labridae,Halichoeres,melanochir,2
21_80M_129,Labridae,Labroides,dimidiatus,2
21_80M_129,Labridae,Leptojulis,cyanopleura,2
21_80M_137,Labridae,Choerodon,cauteroma,1
21_80M_137,Labridae,Choerodon,cephalotes,1
21_80M_137,Labridae,Choerodon,vitta,4
21_80M_137,Labridae,Coris,pictoides,2
21_80M_139,Labridae,Choerodon,cephalotes,1
21_80M_140,Labridae,Choerodon,cauteroma,1
21_80M_140,Labridae,Choerodon,cephalotes,1
21_80M_140,Labridae,Choerodon,schoenleinii,1
21_80M_140,Labridae,Choerodon,vitta,1
21_80M_153,Labridae,Cheilinus,chlorourus,1
21_80M_153,Labridae,Choerodon,cephalotes,2
21_80M_153,Labridae,Choerodon,vitta,1
21_80M_153,Labridae,Pteragogus,enneacanthus,1
21_80M_155,Labridae,Choerodon,cephalotes,1
21_80M_159,Labridae,Choerodon,cephalotes,1
21_80M_162,Labridae,Choerodon,cauteroma,1
21_80M_162,Labridae,Choerodon,cephalotes,2
21_80M_17,Labridae,Choerodon,cauteroma,1
21_80M_17,Labridae,Choerodon,schoenleinii,1
21_80M_17,Labridae,Choerodon,vitta,1
21_80M_17,Labridae,Coris,pictoides,2
21_80M_17,Labridae,Oxycheilinus,orientalis,1
21_80M_172,Labridae,Choerodon,cauteroma,1
21_80M_172,Labridae,Choerodon,cephalotes,1
21_80M_172,Labridae,Choerodon,vitta,1
21_80M_172,Labridae,Coris,pictoides,1
21_80M_191,Labridae,Choerodon,cephalotes,2
21_80M_191,Labridae,Choerodon,vitta,1
21_80M_192,Labridae,Choerodon,cauteroma,2
21_80M_192,Labridae,Choerodon,cephalotes,1
21_80M_192,Labridae,Coris,pictoides,2
21_80M_193,Labridae,Choerodon,cephalotes,1
21_80M_193,Labridae,Choerodon,vitta,3
21_80M_193,Labridae,Coris,pictoides,1
21_80M_201,Labridae,Choerodon,cauteroma,2
21_80M_201,Labridae,Choerodon,schoenleinii,1
21_80M_204,Labridae,Choerodon,cephalotes,1
21_80M_215,Labridae,Iniistius,pavo,1
21_80M_220,Labridae,Choerodon,cephalotes,2
21_80M_226,Labridae,Choerodon,cauteroma,1
21_80M_226,Labridae,Choerodon,cephalotes,1
21_80M_226,Labridae,Choerodon,vitta,1
21_80M_236,Labridae,Choerodon,cauteroma,1
21_80M_236,Labridae,Choerodon,cephalotes,1
21_80M_245,Labridae,Choerodon,cauteroma,2
21_80M_245,Labridae,Choerodon,cephalotes,1
21_80M_248,Labridae,Choerodon,cephalotes,1
21_80M_25,Labridae,Choerodon,cauteroma,1
21_80M_252,Labridae,Choerodon,cauteroma,1
21_80M_252,Labridae,Choerodon,cephalotes,1
21_80M_253,Labridae,Choerodon,cephalotes,4
21_80M_253,Labridae,Choerodon,vitta,3
21_80M_256,Labridae,Choerodon,cauteroma,1
21_80M_28,Labridae,Choerodon,cephalotes,1
21_80M_280,Labridae,Choerodon,cephalotes,1
21_80M_283,Labridae,Choerodon,cephalotes,1
21_80M_300,Labridae,Choerodon,cauteroma,1
21_80M_300,Labridae,Choerodon,vitta,1
21_80M_44,Labridae,Choerodon,cephalotes,2
21_80M_44,Labridae,Choerodon,vitta,1
21_80M_47,Labridae,Choerodon,cephalotes,1
21_80M_60,Labridae,Choerodon,cauteroma,1
21_80M_60,Labridae,Choerodon,cephalotes,1
21_80M_64,Labridae,Choerodon,cauteroma,1
21_80M_64,Labridae,Choerodon,cephalotes,1
21_80M_65,Labridae,Choerodon,cephalotes,1
21_80M_65,Labridae,Choerodon,vitta,2
21_80M_71,Labridae,Choerodon,cephalotes,2
21_80M_71,Labridae,Choerodon,vitta,1
21_80M_73,Labridae,Choerodon,cephalotes,1
21_80M_73,Labridae,Choerodon,vitta,1
21_80M_73,Labridae,Coris,pictoides,1
21_80M_74,Labridae,Anampses,lennardi,4
21_80M_74,Labridae,Choerodon,cauteroma,1
21_80M_74,Labridae,Choerodon,cephalotes,1
21_80M_74,Labridae,Choerodon,vitta,3
21_80M_76,Labridae,Choerodon,cephalotes,2
21_80M_76,Labridae,Choerodon,vitta,3
21_80M_81,Labridae,Choerodon,cauteroma,1
21_80M_81,Labridae,Choerodon,vitta,2
21_80M_89,Labridae,Choerodon,cauteroma,2
21_80M_89,Labridae,Choerodon,cephalotes,1
21_80M_92,Labridae,Choerodon,cephalotes,2
20_80M_1N,Leiognathidae,Leiognathus,spp,1
21_80M_159,Leiognathidae,Aurigequula,fasciata,7
21_80M_7,Leiognathidae,Leiognathidae,spp,31
20_80M_100N,Lethrinidae,Lethrinus,laticaudis,1
20_80M_100N,Lethrinidae,Lethrinus,punctulatus,1
20_80M_101F,Lethrinidae,Lethrinus,genivittatus,1
20_80M_101N,Lethrinidae,Lethrinus,laticaudis,1
20_80M_101N,Lethrinidae,Lethrinus,punctulatus,9
20_80M_102F,Lethrinidae,Lethrinus,genivittatus,3
20_80M_103F,Lethrinidae,Lethrinus,genivittatus,6
20_80M_103F,Lethrinidae,Lethrinus,punctulatus,1
20_80M_103N,Lethrinidae,Lethrinus,genivittatus,2
20_80M_104F,Lethrinidae,Lethrinus,genivittatus,5
20_80M_104N,Lethrinidae,Lethrinus,genivittatus,10
20_80M_105N,Lethrinidae,Lethrinus,genivittatus,1
20_80M_106N,Lethrinidae,Lethrinus,genivittatus,5
20_80M_106N,Lethrinidae,Lethrinus,punctulatus,1
20_80M_107N,Lethrinidae,Lethrinus,genivittatus,1
20_80M_10F,Lethrinidae,Lethrinus,genivittatus,3
20_80M_10N,Lethrinidae,Lethrinus,genivittatus,1
20_80M_110N,Lethrinidae,Lethrinus,genivittatus,1
20_80M_111N,Lethrinidae,Lethrinus,genivittatus,4
20_80M_112N,Lethrinidae,Lethrinus,laticaudis,4
20_80M_112N,Lethrinidae,Lethrinus,lentjan,1
20_80M_112N,Lethrinidae,Lethrinus,punctulatus,9
20_80M_113N,Lethrinidae,Lethrinus,punctulatus,1
20_80M_114N,Lethrinidae,Lethrinus,genivittatus,4
20_80M_115N,Lethrinidae,Lethrinus,laticaudis,2
20_80M_115N,Lethrinidae,Lethrinus,punctulatus,2
20_80M_116N,Lethrinidae,Lethrinus,punctulatus,27
20_80M_118N,Lethrinidae,Lethrinus,laticaudis,2
20_80M_118N,Lethrinidae,Lethrinus,olivaceus,1
20_80M_118N,Lethrinidae,Lethrinus,punctulatus,31
20_80M_119N,Lethrinidae,Lethrinus,punctulatus,1
20_80M_11F,Lethrinidae,Lethrinus,genivittatus,21
20_80M_11F,Lethrinidae,Lethrinus,laticaudis,1
20_80M_11N,Lethrinidae,Lethrinus,genivittatus,2
20_80M_120N,Lethrinidae,Lethrinus,genivittatus,6
20_80M_120N,Lethrinidae,Lethrinus,punctulatus,1
20_80M_121N,Lethrinidae,Lethrinus,laticaudis,2
20_80M_121N,Lethrinidae,Lethrinus,punctulatus,7
20_80M_123N,Lethrinidae,Lethrinus,genivittatus,10
20_80M_123N,Lethrinidae,Lethrinus,laticaudis,2
20_80M_124N,Lethrinidae,Lethrinus,laticaudis,1
20_80M_124N,Lethrinidae,Lethrinus,punctulatus,1
20_80M_125N,Lethrinidae,Lethrinus,genivittatus,1
20_80M_125N,Lethrinidae,Lethrinus,laticaudis,2
20_80M_125N,Lethrinidae,Lethrinus,punctulatus,1
20_80M_126N,Lethrinidae,Lethrinus,genivittatus,2
20_80M_127N,Lethrinidae,Lethrinus,genivittatus,5
20_80M_128N,Lethrinidae,Lethrinus,genivittatus,2
20_80M_128N,Lethrinidae,Lethrinus,laticaudis,1
20_80M_128N,Lethrinidae,Lethrinus,punctulatus,5
20_80M_129N,Lethrinidae,Lethrinus,genivittatus,3
20_80M_12F,Lethrinidae,Lethrinus,genivittatus,9
20_80M_130N,Lethrinidae,Lethrinus,laticaudis,1
20_80M_132N,Lethrinidae,Lethrinus,olivaceus,2
20_80M_132N,Lethrinidae,Lethrinus,punctulatus,5
20_80M_133N,Lethrinidae,Lethrinus,genivittatus,25
20_80M_133N,Lethrinidae,Lethrinus,laticaudis,5
20_80M_133N,Lethrinidae,Lethrinus,lentjan,2
20_80M_133N,Lethrinidae,Lethrinus,microdon,3
20_80M_133N,Lethrinidae,Lethrinus,punctulatus,1
20_80M_13F,Lethrinidae,Lethrinus,genivittatus,5
20_80M_13N,Lethrinidae,Lethrinus,genivittatus,9
20_80M_14N,Lethrinidae,Lethrinus,genivittatus,7
20_80M_15F,Lethrinidae,Lethrinus,genivittatus,5
20_80M_15F,Lethrinidae,Lethrinus,punctulatus,2
20_80M_16F,Lethrinidae,Lethrinus,punctulatus,3
20_80M_17F,Lethrinidae,Lethrinus,laticaudis,1
20_80M_17F,Lethrinidae,Lethrinus,punctulatus,15
20_80M_18F,Lethrinidae,Lethrinus,olivaceus,2
20_80M_18F,Lethrinidae,Lethrinus,punctulatus,4
20_80M_19F,Lethrinidae,Lethrinus,genivittatus,8
20_80M_19N,Lethrinidae,Lethrinus,genivittatus,4
20_80M_1F,Lethrinidae,Lethrinus,genivittatus,1
20_80M_20F,Lethrinidae,Lethrinus,genivittatus,1
20_80M_21F,Lethrinidae,Lethrinus,laticaudis,1
20_80M_22F,Lethrinidae,Lethrinus,laticaudis,1
20_80M_22F,Lethrinidae,Lethrinus,punctulatus,4
20_80M_23F,Lethrinidae,Lethrinus,genivittatus,1
20_80M_23F,Lethrinidae,Lethrinus,laticaudis,1
20_80M_23N,Lethrinidae,Lethrinus,genivittatus,2
20_80M_24F,Lethrinidae,Lethrinus,genivittatus,4
20_80M_24N,Lethrinidae,Lethrinus,genivittatus,1
20_80M_25F,Lethrinidae,Lethrinus,genivittatus,12
20_80M_25N,Lethrinidae,Lethrinus,genivittatus,4
20_80M_26F,Lethrinidae,Lethrinus,genivittatus,5
20_80M_26F,Lethrinidae,Lethrinus,laticaudis,1
20_80M_26N,Lethrinidae,Lethrinus,genivittatus,2
20_80M_27F,Lethrinidae,Lethrinus,punctulatus,17
20_80M_27N,Lethrinidae,Lethrinus,genivittatus,2
20_80M_28F,Lethrinidae,Lethrinus,punctulatus,2
20_80M_28N,Lethrinidae,Lethrinus,genivittatus,8
20_80M_29F,Lethrinidae,Lethrinus,punctulatus,2
20_80M_29N,Lethrinidae,Lethrinus,genivittatus,8
20_80M_30F,Lethrinidae,Lethrinus,genivittatus,1
20_80M_30F,Lethrinidae,Lethrinus,laticaudis,3
20_80M_30F,Lethrinidae,Lethrinus,punctulatus,2
20_80M_30N,Lethrinidae,Lethrinus,genivittatus,5
20_80M_31F,Lethrinidae,Gymnocranius,elongatus,1
20_80M_31F,Lethrinidae,Lethrinus,punctulatus,27
20_80M_31N,Lethrinidae,Lethrinus,genivittatus,3
20_80M_33F,Lethrinidae,Lethrinus,punctulatus,10
20_80M_34F,Lethrinidae,Lethrinus,olivaceus,10
20_80M_34F,Lethrinidae,Lethrinus,punctulatus,14
20_80M_35F,Lethrinidae,Lethrinus,laticaudis,2
20_80M_35F,Lethrinidae,Lethrinus,punctulatus,23
20_80M_35N,Lethrinidae,Lethrinus,laticaudis,1
20_80M_35N,Lethrinidae,Lethrinus,punctulatus,2
20_80M_36F,Lethrinidae,Lethrinus,laticaudis,1
20_80M_36F,Lethrinidae,Lethrinus,punctulatus,17
20_80M_36N,Lethrinidae,Lethrinus,genivittatus,1
20_80M_36N,Lethrinidae,Lethrinus,laticaudis,3
20_80M_36N,Lethrinidae,Lethrinus,punctulatus,8
20_80M_37F,Lethrinidae,Lethrinus,laticaudis,1
20_80M_37F,Lethrinidae,Lethrinus,punctulatus,20
20_80M_37N,Lethrinidae,Lethrinus,punctulatus,4
20_80M_38F,Lethrinidae,Lethrinus,genivittatus,1
20_80M_38N,Lethrinidae,Lethrinus,genivittatus,1
20_80M_38N,Lethrinidae,Lethrinus,punctulatus,2
20_80M_39F,Lethrinidae,Lethrinus,genivittatus,5
20_80M_39F,Lethrinidae,Lethrinus,laticaudis,3
20_80M_39F,Lethrinidae,Lethrinus,punctulatus,14
20_80M_39N,Lethrinidae,Lethrinus,punctulatus,7
20_80M_3F,Lethrinidae,Gymnocranius,elongatus,1
20_80M_3F,Lethrinidae,Lethrinus,punctulatus,14
20_80M_40F,Lethrinidae,Gymnocranius,elongatus,4
20_80M_40F,Lethrinidae,Lethrinus,punctulatus,1
20_80M_41F,Lethrinidae,Lethrinus,laticaudis,2
20_80M_41F,Lethrinidae,Lethrinus,punctulatus,19
20_80M_42F,Lethrinidae,Gymnocranius,elongatus,1
20_80M_42F,Lethrinidae,Lethrinus,laticaudis,1
20_80M_42F,Lethrinidae,Lethrinus,punctulatus,11
20_80M_43F,Lethrinidae,Lethrinus,genivittatus,1
20_80M_43F,Lethrinidae,Lethrinus,laticaudis,1
20_80M_43F,Lethrinidae,Lethrinus,punctulatus,4
20_80M_44F,Lethrinidae,Lethrinus,punctulatus,1
20_80M_45F,Lethrinidae,Gymnocranius,elongatus,3
20_80M_45F,Lethrinidae,Lethrinus,laticaudis,1
20_80M_45F,Lethrinidae,Lethrinus,olivaceus,1
20_80M_45F,Lethrinidae,Lethrinus,punctulatus,4
20_80M_46F,Lethrinidae,Gymnocranius,elongatus,1
20_80M_46F,Lethrinidae,Lethrinus,punctulatus,7
20_80M_47F,Lethrinidae,Lethrinus,genivittatus,2
20_80M_48F,Lethrinidae,Lethrinus,genivittatus,2
20_80M_49F,Lethrinidae,Lethrinus,punctulatus,1
20_80M_4F,Lethrinidae,Lethrinus,genivittatus,4
20_80M_4N,Lethrinidae,Lethrinus,genivittatus,1
20_80M_51F,Lethrinidae,Lethrinus,genivittatus,1
20_80M_52F,Lethrinidae,Lethrinus,genivittatus,2
20_80M_53F,Lethrinidae,Lethrinus,genivittatus,3
20_80M_54F,Lethrinidae,Lethrinus,genivittatus,5
20_80M_54N,Lethrinidae,Lethrinus,genivittatus,9
20_80M_55F,Lethrinidae,Lethrinus,genivittatus,13
20_80M_55N,Lethrinidae,Lethrinus,genivittatus,2
20_80M_56N,Lethrinidae,Lethrinus,genivittatus,10
20_80M_57N,Lethrinidae,Lethrinus,genivittatus,1
20_80M_58F,Lethrinidae,Lethrinus,olivaceus,1
20_80M_58F,Lethrinidae,Lethrinus,punctulatus,23
20_80M_59F,Lethrinidae,Lethrinus,genivittatus,6
20_80M_59N,Lethrinidae,Lethrinus,genivittatus,1
20_80M_5F,Lethrinidae,Gymnocranius,elongatus,1
20_80M_5F,Lethrinidae,Lethrinus,laticaudis,1
20_80M_5F,Lethrinidae,Lethrinus,punctulatus,32
20_80M_60F,Lethrinidae,Lethrinus,genivittatus,3
20_80M_60N,Lethrinidae,Lethrinus,genivittatus,2
20_80M_60N,Lethrinidae,Lethrinus,laticaudis,1
20_80M_60N,Lethrinidae,Lethrinus,punctulatus,1
20_80M_62F,Lethrinidae,Lethrinus,genivittatus,18
20_80M_63F,Lethrinidae,Lethrinus,laticaudis,2
20_80M_63F,Lethrinidae,Lethrinus,punctulatus,1
20_80M_63N,Lethrinidae,Lethrinus,genivittatus,8
20_80M_64F,Lethrinidae,Lethrinus,genivittatus,4
20_80M_64F,Lethrinidae,Lethrinus,laticaudis,8
20_80M_64F,Lethrinidae,Lethrinus,punctulatus,4
20_80M_64N,Lethrinidae,Lethrinus,laticaudis,1
20_80M_65F,Lethrinidae,Lethrinus,genivittatus,9
20_80M_65N,Lethrinidae,Lethrinus,laticaudis,2
20_80M_65N,Lethrinidae,Lethrinus,punctulatus,4
20_80M_66F,Lethrinidae,Lethrinus,amboinensis,1
20_80M_66F,Lethrinidae,Lethrinus,laticaudis,1
20_80M_66F,Lethrinidae,Lethrinus,microdon,1
20_80M_66F,Lethrinidae,Lethrinus,punctulatus,3
20_80M_66N,Lethrinidae,Lethrinus,genivittatus,1
20_80M_66N,Lethrinidae,Lethrinus,laticaudis,1
20_80M_66N,Lethrinidae,Lethrinus,punctulatus,6
20_80M_67F,Lethrinidae,Lethrinus,genivittatus,3
20_80M_67F,Lethrinidae,Lethrinus,laticaudis,1
20_80M_67F,Lethrinidae,Lethrinus,punctulatus,8
20_80M_67N,Lethrinidae,Lethrinus,genivittatus,5
20_80M_68F,Lethrinidae,Lethrinus,laticaudis,1
20_80M_68F,Lethrinidae,Lethrinus,punctulatus,1
20_80M_6F,Lethrinidae,Lethrinus,olivaceus,2
20_80M_6F,Lethrinidae,Lethrinus,punctulatus,9
20_80M_70F,Lethrinidae,Lethrinus,laticaudis,3
20_80M_70F,Lethrinidae,Lethrinus,punctulatus,13
20_80M_73F,Lethrinidae,Lethrinus,genivittatus,2
20_80M_73F,Lethrinidae,Lethrinus,laticaudis,1
20_80M_75F,Lethrinidae,Lethrinus,genivittatus,3
20_80M_75F,Lethrinidae,Lethrinus,punctulatus,13
20_80M_76F,Lethrinidae,Lethrinus,genivittatus,4
20_80M_76F,Lethrinidae,Lethrinus,punctulatus,2
20_80M_77F,Lethrinidae,Lethrinus,punctulatus,8
20_80M_79F,Lethrinidae,Lethrinus,genivittatus,1
20_80M_7F,Lethrinidae,Lethrinus,laticaudis,1
20_80M_7F,Lethrinidae,Lethrinus,olivaceus,1
20_80M_7F,Lethrinidae,Lethrinus,punctulatus,41
20_80M_7N,Lethrinidae,Lethrinus,genivittatus,2
20_80M_80F,Lethrinidae,Lethrinus,punctulatus,5
20_80M_81F,Lethrinidae,Gymnocranius,elongatus,2
20_80M_81F,Lethrinidae,Lethrinus,genivittatus,1
20_80M_81F,Lethrinidae,Lethrinus,microdon,1
20_80M_81F,Lethrinidae,Lethrinus,punctulatus,18
20_80M_83F,Lethrinidae,Lethrinus,punctulatus,4
20_80M_84F,Lethrinidae,Lethrinus,genivittatus,18
20_80M_85F,Lethrinidae,Lethrinus,laticaudis,3
20_80M_85F,Lethrinidae,Lethrinus,microdon,4
20_80M_85N,Lethrinidae,Lethrinus,genivittatus,3
20_80M_86F,Lethrinidae,Lethrinus,genivittatus,1
20_80M_86F,Lethrinidae,Lethrinus,laticaudis,1
20_80M_86N,Lethrinidae,Lethrinus,genivittatus,4
20_80M_86N,Lethrinidae,Lethrinus,laticaudis,1
20_80M_87N,Lethrinidae,Lethrinus,genivittatus,2
20_80M_87N,Lethrinidae,Lethrinus,microdon,1
20_80M_87N,Lethrinidae,Lethrinus,punctulatus,1
20_80M_88F,Lethrinidae,Lethrinus,laticaudis,2
20_80M_88N,Lethrinidae,Lethrinus,genivittatus,4
20_80M_88N,Lethrinidae,Lethrinus,punctulatus,1
20_80M_89F,Lethrinidae,Gymnocranius,elongatus,2
20_80M_89F,Lethrinidae,Lethrinus,laticaudis,3
20_80M_89F,Lethrinidae,Lethrinus,punctulatus,10
20_80M_89N,Lethrinidae,Lethrinus,genivittatus,4
20_80M_8F,Lethrinidae,Lethrinus,genivittatus,2
20_80M_90F,Lethrinidae,Lethrinus,laticaudis,1
20_80M_90F,Lethrinidae,Lethrinus,punctulatus,20
20_80M_90N,Lethrinidae,Lethrinus,genivittatus,3
20_80M_90N,Lethrinidae,Lethrinus,laticaudis,1
20_80M_91N,Lethrinidae,Lethrinus,genivittatus,1
20_80M_92N,Lethrinidae,Lethrinus,genivittatus,2
20_80M_93F,Lethrinidae,Lethrinus,genivittatus,4
20_80M_93F,Lethrinidae,Lethrinus,punctulatus,4
20_80M_93N,Lethrinidae,Lethrinus,genivittatus,1
20_80M_96F,Lethrinidae,Lethrinus,laticaudis,1
20_80M_96F,Lethrinidae,Lethrinus,punctulatus,2
20_80M_97F,Lethrinidae,Lethrinus,punctulatus,34
20_80M_98F,Lethrinidae,Lethrinus,genivittatus,1
20_80M_98N,Lethrinidae,Lethrinus,genivittatus,1
20_80M_98N,Lethrinidae,Lethrinus,laticaudis,1
20_80M_98N,Lethrinidae,Lethrinus,punctulatus,1
20_80M_99N,Lethrinidae,Lethrinus,genivittatus,1
20_80M_9F,Lethrinidae,Lethrinus,genivittatus,11
20_80M_9F,Lethrinidae,Lethrinus,punctulatus,1
21_80M_01,Lethrinidae,Lethrinus,punctulatus,1
21_80M_102,Lethrinidae,Lethrinus,punctulatus,24
21_80M_105,Lethrinidae,Lethrinus,punctulatus,6
21_80M_108,Lethrinidae,Lethrinus,punctulatus,12
21_80M_117,Lethrinidae,Lethrinus,genivittatus,3
21_80M_12,Lethrinidae,Lethrinus,laticaudis,2
21_80M_12,Lethrinidae,Lethrinus,punctulatus,39
21_80M_124,Lethrinidae,Lethrinus,laticaudis,1
21_80M_124,Lethrinidae,Lethrinus,punctulatus,1
21_80M_129,Lethrinidae,Lethrinus,laticaudis,1
21_80M_137,Lethrinidae,Lethrinus,laticaudis,6
21_80M_137,Lethrinidae,Lethrinus,punctulatus,1
21_80M_139,Lethrinidae,Lethrinus,laticaudis,1
21_80M_140,Lethrinidae,Lethrinus,microdon,5
21_80M_140,Lethrinidae,Lethrinus,punctulatus,11
21_80M_17,Lethrinidae,Lethrinus,genivittatus,1
21_80M_17,Lethrinidae,Lethrinus,laticaudis,3
21_80M_17,Lethrinidae,Lethrinus,punctulatus,8
21_80M_172,Lethrinidae,Lethrinus,laticaudis,3
21_80M_172,Lethrinidae,Lethrinus,punctulatus,1
21_80M_191,Lethrinidae,Lethrinus,punctulatus,4
21_80M_192,Lethrinidae,Lethrinus,laticaudis,3
21_80M_192,Lethrinidae,Lethrinus,punctulatus,18
21_80M_193,Lethrinidae,Lethrinus,laticaudis,1
21_80M_193,Lethrinidae,Lethrinus,punctulatus,7
21_80M_201,Lethrinidae,Lethrinus,laticaudis,3
21_80M_201,Lethrinidae,Lethrinus,olivaceus,6
21_80M_201,Lethrinidae,Lethrinus,punctulatus,7
21_80M_226,Lethrinidae,Lethrinus,punctulatus,1
21_80M_236,Lethrinidae,Lethrinus,punctulatus,37
21_80M_245,Lethrinidae,Lethrinus,laticaudis,3
21_80M_245,Lethrinidae,Lethrinus,microdon,1
21_80M_245,Lethrinidae,Lethrinus,punctulatus,2
21_80M_25,Lethrinidae,Lethrinus,laticaudis,5
21_80M_25,Lethrinidae,Lethrinus,punctulatus,3
21_80M_252,Lethrinidae,Lethrinus,punctulatus,9
21_80M_256,Lethrinidae,Lethrinus,laticaudis,3
21_80M_256,Lethrinidae,Lethrinus,punctulatus,2
21_80M_28,Lethrinidae,Lethrinus,punctulatus,5
21_80M_280,Lethrinidae,Lethrinus,genivittatus,2
21_80M_300,Lethrinidae,Lethrinus,laticaudis,3
21_80M_300,Lethrinidae,Lethrinus,punctulatus,1
21_80M_32,Lethrinidae,Lethrinus,genivittatus,1
21_80M_33,Lethrinidae,Lethrinus,genivittatus,2
21_80M_33,Lethrinidae,Lethrinus,laticaudis,1
21_80M_44,Lethrinidae,Lethrinus,laticaudis,1
21_80M_60,Lethrinidae,Lethrinus,laticaudis,1
21_80M_60,Lethrinidae,Lethrinus,punctulatus,2
21_80M_64,Lethrinidae,Lethrinus,punctulatus,43
21_80M_65,Lethrinidae,Lethrinus,genivittatus,2
21_80M_73,Lethrinidae,Lethrinus,laticaudis,1
21_80M_74,Lethrinidae,Lethrinus,punctulatus,1
21_80M_76,Lethrinidae,Lethrinus,laticaudis,1
21_80M_81,Lethrinidae,Lethrinus,laticaudis,2
21_80M_81,Lethrinidae,Lethrinus,punctulatus,4
21_80M_89,Lethrinidae,Lethrinus,laticaudis,3
21_80M_89,Lethrinidae,Lethrinus,olivaceus,5
21_80M_89,Lethrinidae,Lethrinus,punctulatus,5
20_80M_100N,Lutjanidae,Lutjanus,carponotatus,2
20_80M_101N,Lutjanidae,Lutjanus,carponotatus,2
20_80M_101N,Lutjanidae,Lutjanus,vitta,1
20_80M_103F,Lutjanidae,Lutjanus,vitta,10
20_80M_104F,Lutjanidae,Lutjanus,vitta,2
20_80M_106N,Lutjanidae,Lutjanus,vitta,2
20_80M_10F,Lutjanidae,Lutjanus,vitta,3
20_80M_10N,Lutjanidae,Lutjanus,carponotatus,4
20_80M_111N,Lutjanidae,Lutjanus,vitta,1
20_80M_112N,Lutjanidae,Lutjanus,carponotatus,2
20_80M_112N,Lutjanidae,Lutjanus,lemniscatus,1
20_80M_114N,Lutjanidae,Lutjanus,carponotatus,1
20_80M_118N,Lutjanidae,Lutjanus,carponotatus,2
20_80M_119N,Lutjanidae,Lutjanus,carponotatus,1
20_80M_11F,Lutjanidae,Lutjanus,vitta,4
20_80M_121N,Lutjanidae,Lutjanus,carponotatus,1
20_80M_121N,Lutjanidae,Lutjanus,lemniscatus,1
20_80M_123N,Lutjanidae,Lutjanus,carponotatus,1
20_80M_123N,Lutjanidae,Lutjanus,vitta,1
20_80M_125N,Lutjanidae,Lutjanus,vitta,58
20_80M_128N,Lutjanidae,Lutjanus,vitta,1
20_80M_12F,Lutjanidae,Lutjanus,vitta,3
20_80M_130N,Lutjanidae,Lutjanus,vitta,2
20_80M_132N,Lutjanidae,Lutjanus,carponotatus,1
20_80M_132N,Lutjanidae,Lutjanus,lemniscatus,2
20_80M_132N,Lutjanidae,Symphorus,nematophorus,8
20_80M_133N,Lutjanidae,Lutjanus,carponotatus,1
20_80M_133N,Lutjanidae,Lutjanus,lemniscatus,2
20_80M_133N,Lutjanidae,Lutjanus,sebae,1
20_80M_133N,Lutjanidae,Symphorus,nematophorus,3
20_80M_13F,Lutjanidae,Lutjanus,vitta,9
20_80M_13N,Lutjanidae,Lutjanus,vitta,3
20_80M_14F,Lutjanidae,Lutjanus,carponotatus,1
20_80M_14N,Lutjanidae,Lutjanus,vitta,2
20_80M_17F,Lutjanidae,Lutjanus,carponotatus,2
20_80M_18F,Lutjanidae,Lutjanus,carponotatus,3
20_80M_20F,Lutjanidae,Lutjanus,quinquelineatus,1
20_80M_20F,Lutjanidae,Lutjanus,vitta,6
20_80M_23F,Lutjanidae,Lutjanus,vitta,39
20_80M_24N,Lutjanidae,Lutjanus,vitta,1
20_80M_25N,Lutjanidae,Lutjanus,vitta,2
20_80M_26N,Lutjanidae,Lutjanus,carponotatus,2
20_80M_26N,Lutjanidae,Lutjanus,vitta,3
20_80M_27F,Lutjanidae,Lutjanus,carponotatus,1
20_80M_27N,Lutjanidae,Lutjanus,vitta,4
20_80M_28F,Lutjanidae,Lutjanus,vitta,1
20_80M_28N,Lutjanidae,Lutjanus,vitta,8
20_80M_2F,Lutjanidae,Lutjanus,vitta,4
20_80M_34F,Lutjanidae,Lutjanus,carponotatus,2
20_80M_34F,Lutjanidae,Lutjanus,lemniscatus,2
20_80M_35F,Lutjanidae,Lutjanus,carponotatus,4
20_80M_35F,Lutjanidae,Lutjanus,lemniscatus,1
20_80M_36F,Lutjanidae,Lutjanus,carponotatus,1
20_80M_36N,Lutjanidae,Lutjanus,carponotatus,24
20_80M_36N,Lutjanidae,Lutjanus,vitta,1
20_80M_37F,Lutjanidae,Lutjanus,carponotatus,73
20_80M_37F,Lutjanidae,Lutjanus,lemniscatus,1
20_80M_37N,Lutjanidae,Lutjanus,carponotatus,3
20_80M_38N,Lutjanidae,Lutjanus,carponotatus,4
20_80M_38N,Lutjanidae,Lutjanus,quinquelineatus,32
20_80M_38N,Lutjanidae,Lutjanus,vitta,8
20_80M_39N,Lutjanidae,Lutjanus,vitta,2
20_80M_41F,Lutjanidae,Lutjanus,carponotatus,1
20_80M_43F,Lutjanidae,Lutjanus,carponotatus,3
20_80M_45F,Lutjanidae,Lutjanus,sebae,1
20_80M_46F,Lutjanidae,Symphorus,nematophorus,1
20_80M_49F,Lutjanidae,Lutjanus,vitta,3
20_80M_54N,Lutjanidae,Lutjanus,vitta,5
20_80M_56N,Lutjanidae,Lutjanus,vitta,6
20_80M_5F,Lutjanidae,Lutjanus,carponotatus,3
20_80M_5N,Lutjanidae,Lutjanus,vitta,4
20_80M_60N,Lutjanidae,Lutjanus,carponotatus,1
20_80M_60N,Lutjanidae,Lutjanus,vitta,52
20_80M_62F,Lutjanidae,Lutjanus,vitta,1
20_80M_63F,Lutjanidae,Lutjanus,carponotatus,1
20_80M_63N,Lutjanidae,Lutjanus,vitta,1
20_80M_64F,Lutjanidae,Lutjanus,sebae,1
20_80M_64N,Lutjanidae,Lutjanus,carponotatus,3
20_80M_65N,Lutjanidae,Lutjanus,carponotatus,2
20_80M_66F,Lutjanidae,Lutjanus,carponotatus,1
20_80M_66N,Lutjanidae,Lutjanus,carponotatus,3
20_80M_67N,Lutjanidae,Lutjanus,carponotatus,5
20_80M_67N,Lutjanidae,Lutjanus,vitta,8
20_80M_6F,Lutjanidae,Lutjanus,carponotatus,2
20_80M_6F,Lutjanidae,Lutjanus,lemniscatus,2
20_80M_70F,Lutjanidae,Lutjanus,carponotatus,1
20_80M_76F,Lutjanidae,Lutjanus,carponotatus,1
20_80M_76F,Lutjanidae,Symphorus,nematophorus,1
20_80M_7F,Lutjanidae,Lutjanus,carponotatus,3
20_80M_7F,Lutjanidae,Lutjanus,lemniscatus,1
20_80M_7N,Lutjanidae,Lutjanus,carponotatus,3
20_80M_80F,Lutjanidae,Lutjanus,lemniscatus,1
20_80M_82N,Lutjanidae,Lutjanus,erythropterus,6
20_80M_82N,Lutjanidae,Lutjanus,fulviflamma,2
20_80M_82N,Lutjanidae,Lutjanus,malabaricus,26
20_80M_82N,Lutjanidae,Lutjanus,russellii,1
20_80M_82N,Lutjanidae,Lutjanus,vitta,3
20_80M_83F,Lutjanidae,Lutjanus,lemniscatus,1
20_80M_84F,Lutjanidae,Lutjanus,vitta,1
20_80M_84N,Lutjanidae,Lutjanus,vitta,3
20_80M_85F,Lutjanidae,Symphorus,nematophorus,1
20_80M_85N,Lutjanidae,Lutjanus,vitta,1
20_80M_87N,Lutjanidae,Lutjanus,carponotatus,13
20_80M_88F,Lutjanidae,Lutjanus,vitta,7
20_80M_88N,Lutjanidae,Lutjanus,carponotatus,1
20_80M_89N,Lutjanidae,Lutjanus,carponotatus,2
20_80M_90F,Lutjanidae,Lutjanus,carponotatus,1
20_80M_90N,Lutjanidae,Lutjanus,carponotatus,1
20_80M_90N,Lutjanidae,Lutjanus,malabaricus,1
20_80M_90N,Lutjanidae,Lutjanus,monostigma,3
20_80M_90N,Lutjanidae,Lutjanus,vitta,7
20_80M_91N,Lutjanidae,Lutjanus,vitta,10
20_80M_92N,Lutjanidae,Lutjanus,carponotatus,2
20_80M_92N,Lutjanidae,Lutjanus,vitta,5
20_80M_98N,Lutjanidae,Lutjanus,carponotatus,1
20_80M_98N,Lutjanidae,Lutjanus,lemniscatus,1
20_80M_98N,Lutjanidae,Lutjanus,malabaricus,2
20_80M_99N,Lutjanidae,Lutjanus,vitta,13
20_80M_9F,Lutjanidae,Lutjanus,vitta,3
20_80M_9N,Lutjanidae,Lutjanus,carponotatus,2
21_80M_01,Lutjanidae,Lutjanus,vitta,1
21_80M_01,Lutjanidae,Symphorus,nematophorus,1
21_80M_102,Lutjanidae,Lutjanus,carponotatus,4
21_80M_102,Lutjanidae,Lutjanus,vitta,37
21_80M_108,Lutjanidae,Lutjanus,carponotatus,4
21_80M_12,Lutjanidae,Lutjanus,carponotatus,2
21_80M_12,Lutjanidae,Symphorus,nematophorus,1
21_80M_137,Lutjanidae,Symphorus,nematophorus,2
21_80M_139,Lutjanidae,Lutjanus,malabaricus,1
21_80M_139,Lutjanidae,Lutjanus,vitta,4
21_80M_140,Lutjanidae,Lutjanus,carponotatus,1
21_80M_17,Lutjanidae,Symphorus,nematophorus,2
21_80M_191,Lutjanidae,Lutjanus,vitta,2
21_80M_192,Lutjanidae,Lutjanus,carponotatus,2
21_80M_192,Lutjanidae,Symphorus,nematophorus,1
21_80M_193,Lutjanidae,Symphorus,nematophorus,1
21_80M_201,Lutjanidae,Lutjanus,carponotatus,1
21_80M_201,Lutjanidae,Symphorus,nematophorus,1
21_80M_226,Lutjanidae,Lutjanus,vitta,5
21_80M_236,Lutjanidae,Lutjanus,carponotatus,15
21_80M_245,Lutjanidae,Symphorus,nematophorus,1
21_80M_252,Lutjanidae,Lutjanus,carponotatus,1
21_80M_253,Lutjanidae,Lutjanus,carponotatus,2
21_80M_256,Lutjanidae,Lutjanus,carponotatus,1
21_80M_256,Lutjanidae,Symphorus,nematophorus,1
21_80M_300,Lutjanidae,Lutjanus,vitta,1
21_80M_300,Lutjanidae,Symphorus,nematophorus,1
21_80M_33,Lutjanidae,Symphorus,nematophorus,1
21_80M_44,Lutjanidae,Symphorus,nematophorus,1
21_80M_60,Lutjanidae,Lutjanus,carponotatus,3
21_80M_60,Lutjanidae,Lutjanus,malabaricus,4
21_80M_60,Lutjanidae,Lutjanus,russellii,26
21_80M_64,Lutjanidae,Lutjanus,carponotatus,2
21_80M_74,Lutjanidae,Lutjanus,vitta,12
21_80M_81,Lutjanidae,Lutjanus,carponotatus,1
21_80M_89,Lutjanidae,Lutjanus,carponotatus,1
21_80M_89,Lutjanidae,Lutjanus,lemniscatus,1
21_80M_89,Lutjanidae,Lutjanus,sebae,2
21_80M_89,Lutjanidae,Symphorus,nematophorus,1
20_80M_113N,Microdesmidae,Ptereleotris,hanae,1
20_80M_117N,Microdesmidae,Ptereleotris,hanae,2
20_80M_31F,Microdesmidae,Ptereleotris,microlepis,2
20_80M_33F,Microdesmidae,Ptereleotris,microlepis,2
20_80M_45F,Microdesmidae,Ptereleotris,microlepis,2
20_80M_69F,Microdesmidae,Ptereleotris,microlepis,2
20_80M_86F,Microdesmidae,Ptereleotris,microlepis,2
20_80M_88F,Microdesmidae,Ptereleotris,microlepis,2
20_80M_101F,Monacanthidae,Monacanthus,chinensis,1
20_80M_103N,Monacanthidae,Anacanthus,barbatus,1
20_80M_106N,Monacanthidae,Monacanthus,chinensis,1
20_80M_10F,Monacanthidae,Monacanthus,chinensis,1
20_80M_110N,Monacanthidae,Anacanthus,barbatus,1
20_80M_111N,Monacanthidae,Monacanthus,chinensis,1
20_80M_114N,Monacanthidae,Monacanthus,chinensis,1
20_80M_128N,Monacanthidae,Anacanthus,barbatus,1
20_80M_13N,Monacanthidae,Monacanthus,chinensis,1
20_80M_14N,Monacanthidae,Monacanthus,chinensis,1
20_80M_15F,Monacanthidae,Monacanthus,chinensis,1
20_80M_15N,Monacanthidae,Paramonacanthus,choirocephalus,2
20_80M_16N,Monacanthidae,Paramonacanthus,choirocephalus,1
20_80M_17F,Monacanthidae,Monacanthus,chinensis,1
20_80M_18F,Monacanthidae,Aluterus,scriptus,1
20_80M_18N,Monacanthidae,Monacanthus,chinensis,1
20_80M_19N,Monacanthidae,Paramonacanthus,choirocephalus,2
20_80M_22F,Monacanthidae,Monacanthus,chinensis,1
20_80M_25F,Monacanthidae,Monacanthus,chinensis,1
20_80M_25N,Monacanthidae,Monacanthus,chinensis,1
20_80M_26F,Monacanthidae,Monacanthus,chinensis,1
20_80M_26N,Monacanthidae,Monacanthus,chinensis,1
20_80M_27F,Monacanthidae,Monacanthus,chinensis,1
20_80M_29N,Monacanthidae,Monacanthus,chinensis,1
20_80M_30F,Monacanthidae,Paramonacanthus,choirocephalus,2
20_80M_30N,Monacanthidae,Paramonacanthus,choirocephalus,1
20_80M_31N,Monacanthidae,Paramonacanthus,choirocephalus,1
20_80M_34N,Monacanthidae,Paramonacanthus,choirocephalus,2
20_80M_36N,Monacanthidae,Monacanthus,chinensis,1
20_80M_38N,Monacanthidae,Monacanthus,chinensis,2
20_80M_38N,Monacanthidae,Pseudomonacanthus,peroni,1
20_80M_39N,Monacanthidae,Monacanthus,chinensis,1
20_80M_40F,Monacanthidae,Aluterus,scriptus,1
20_80M_47F,Monacanthidae,Paramonacanthus,choirocephalus,2
20_80M_47N,Monacanthidae,Monacanthus,chinensis,1
20_80M_47N,Monacanthidae,Paramonacanthus,choirocephalus,1
20_80M_4F,Monacanthidae,Monacanthus,chinensis,1
20_80M_53F,Monacanthidae,Monacanthus,chinensis,1
20_80M_54F,Monacanthidae,Monacanthus,chinensis,1
20_80M_56N,Monacanthidae,Anacanthus,barbatus,1
20_80M_56N,Monacanthidae,Monacanthus,chinensis,5
20_80M_58N,Monacanthidae,Monacanthus,chinensis,1
20_80M_59N,Monacanthidae,Paramonacanthus,choirocephalus,3
20_80M_5F,Monacanthidae,Monacanthus,chinensis,1
20_80M_60N,Monacanthidae,Monacanthus,chinensis,1
20_80M_62N,Monacanthidae,Monacanthus,chinensis,1
20_80M_66N,Monacanthidae,Monacanthus,chinensis,1
20_80M_67N,Monacanthidae,Monacanthus,chinensis,1
20_80M_6F,Monacanthidae,Monacanthus,chinensis,1
20_80M_7F,Monacanthidae,Monacanthus,chinensis,1
20_80M_82N,Monacanthidae,Monacanthus,chinensis,1
20_80M_84F,Monacanthidae,Aluterus,scriptus,1
20_80M_85N,Monacanthidae,Monacanthus,chinensis,1
20_80M_8F,Monacanthidae,Monacanthus,chinensis,1
20_80M_8F,Monacanthidae,Paramonacanthus,choirocephalus,3
20_80M_96F,Monacanthidae,Monacanthus,chinensis,1
20_80M_96N,Monacanthidae,Paramonacanthus,choirocephalus,1
20_80M_97F,Monacanthidae,Aluterus,scriptus,1
20_80M_97F,Monacanthidae,Monacanthus,chinensis,2
21_80M_01,Monacanthidae,Monacanthus,chinensis,1
21_80M_137,Monacanthidae,Aluterus,monoceros,1
21_80M_159,Monacanthidae,Paramonacanthus,choirocephalus,1
21_80M_17,Monacanthidae,Monacanthus,chinensis,1
21_80M_175,Monacanthidae,Paramonacanthus,choirocephalus,1
21_80M_201,Monacanthidae,Aluterus,monoceros,2
21_80M_287,Monacanthidae,Monacanthus,chinensis,1
21_80M_47,Monacanthidae,Paramonacanthus,choirocephalus,1
21_80M_65,Monacanthidae,Paramonacanthus,choirocephalus,1
21_80M_71,Monacanthidae,Anacanthus,barbatus,2
21_80M_71,Monacanthidae,Monacanthus,chinensis,1
21_80M_92,Monacanthidae,Paramonacanthus,choirocephalus,1
20_80M_82N,Monocanthidae,Amanses,scopas,1
20_80M_100F,Mullidae,Upeneus,tragula,2
20_80M_102F,Mullidae,Upeneus,tragula,1
20_80M_103F,Mullidae,Upeneus,tragula,1
20_80M_103N,Mullidae,Upeneus,tragula,3
20_80M_104F,Mullidae,Upeneus,tragula,7
20_80M_104N,Mullidae,Upeneus,tragula,6
20_80M_106N,Mullidae,Upeneus,tragula,1
20_80M_10F,Mullidae,Upeneus,tragula,2
20_80M_10N,Mullidae,Parupeneus,heptacanthus,1
20_80M_10N,Mullidae,Parupeneus,indicus,1
20_80M_110N,Mullidae,Parupeneus,heptacanthus,4
20_80M_110N,Mullidae,Upeneus,tragula,1
20_80M_111N,Mullidae,Upeneus,tragula,1
20_80M_112N,Mullidae,Parupeneus,indicus,1
20_80M_115N,Mullidae,Upeneus,tragula,1
20_80M_116N,Mullidae,Upeneus,tragula,1
20_80M_118N,Mullidae,Upeneus,tragula,1
20_80M_11F,Mullidae,Parupeneus,heptacanthus,1
20_80M_11F,Mullidae,Upeneus,tragula,7
20_80M_120N,Mullidae,Upeneus,tragula,1
20_80M_122N,Mullidae,Upeneus,tragula,2
20_80M_124N,Mullidae,Parupeneus,heptacanthus,1
20_80M_125N,Mullidae,Parupeneus,heptacanthus,10
20_80M_126N,Mullidae,Upeneus,tragula,1
20_80M_128N,Mullidae,Upeneus,tragula,4
20_80M_12F,Mullidae,Upeneus,tragula,1
20_80M_133N,Mullidae,Upeneus,tragula,2
20_80M_13N,Mullidae,Upeneus,tragula,2
20_80M_14F,Mullidae,Upeneus,tragula,4
20_80M_14N,Mullidae,Upeneus,tragula,1
20_80M_16F,Mullidae,Upeneus,tragula,5
20_80M_17F,Mullidae,Parupeneus,heptacanthus,1
20_80M_17F,Mullidae,Parupeneus,indicus,1
20_80M_18F,Mullidae,Parupeneus,indicus,4
20_80M_19F,Mullidae,Upeneus,tragula,2
20_80M_19N,Mullidae,Upeneus,tragula,4
20_80M_20F,Mullidae,Parupeneus,heptacanthus,3
20_80M_21F,Mullidae,Parupeneus,heptacanthus,1
20_80M_21F,Mullidae,Upeneus,tragula,3
20_80M_22F,Mullidae,Parupeneus,heptacanthus,1
20_80M_22F,Mullidae,Upeneus,tragula,7
20_80M_22N,Mullidae,Upeneus,tragula,15
20_80M_23F,Mullidae,Parupeneus,heptacanthus,1
20_80M_23F,Mullidae,Upeneus,tragula,2
20_80M_24F,Mullidae,Upeneus,tragula,1
20_80M_24N,Mullidae,Upeneus,tragula,1
20_80M_25F,Mullidae,Upeneus,tragula,5
20_80M_25N,Mullidae,Upeneus,tragula,1
20_80M_26N,Mullidae,Parupeneus,heptacanthus,1
20_80M_27F,Mullidae,Parupeneus,heptacanthus,2
20_80M_27N,Mullidae,Parupeneus,heptacanthus,1
20_80M_28F,Mullidae,Parupeneus,heptacanthus,2
20_80M_28N,Mullidae,Upeneus,tragula,4
20_80M_29F,Mullidae,Upeneus,tragula,1
20_80M_29N,Mullidae,Upeneus,tragula,1
20_80M_2F,Mullidae,Parupeneus,indicus,1
20_80M_30F,Mullidae,Parupeneus,heptacanthus,1
20_80M_30F,Mullidae,Upeneus,tragula,3
20_80M_30N,Mullidae,Upeneus,tragula,1
20_80M_31F,Mullidae,Parupeneus,heptacanthus,1
20_80M_31N,Mullidae,Upeneus,tragula,2
20_80M_33F,Mullidae,Parupeneus,heptacanthus,2
20_80M_33F,Mullidae,Upeneus,tragula,2
20_80M_33N,Mullidae,Parupeneus,heptacanthus,2
20_80M_34F,Mullidae,Parupeneus,heptacanthus,1
20_80M_34F,Mullidae,Parupeneus,indicus,1
20_80M_35N,Mullidae,Parupeneus,heptacanthus,1
20_80M_36F,Mullidae,Parupeneus,indicus,1
20_80M_36N,Mullidae,Parupeneus,heptacanthus,2
20_80M_38F,Mullidae,Parupeneus,heptacanthus,1
20_80M_39N,Mullidae,Parupeneus,heptacanthus,2
20_80M_3F,Mullidae,Parupeneus,heptacanthus,1
20_80M_3F,Mullidae,Upeneus,tragula,1
20_80M_42F,Mullidae,Parupeneus,heptacanthus,5
20_80M_44F,Mullidae,Upeneus,tragula,1
20_80M_45F,Mullidae,Parupeneus,heptacanthus,2
20_80M_46F,Mullidae,Parupeneus,heptacanthus,3
20_80M_47F,Mullidae,Upeneus,tragula,1
20_80M_47N,Mullidae,Upeneus,tragula,2
20_80M_48F,Mullidae,Upeneus,tragula,3
20_80M_49N,Mullidae,Upeneus,tragula,1
20_80M_4F,Mullidae,Upeneus,tragula,2
20_80M_50F,Mullidae,Upeneus,tragula,1
20_80M_52F,Mullidae,Upeneus,tragula,2
20_80M_53F,Mullidae,Upeneus,tragula,2
20_80M_54F,Mullidae,Upeneus,tragula,1
20_80M_54N,Mullidae,Upeneus,tragula,1
20_80M_55F,Mullidae,Upeneus,tragula,10
20_80M_56N,Mullidae,Upeneus,tragula,5
20_80M_58F,Mullidae,Parupeneus,heptacanthus,1
20_80M_58F,Mullidae,Parupeneus,indicus,1
20_80M_58F,Mullidae,Upeneus,tragula,5
20_80M_59F,Mullidae,Upeneus,tragula,4
20_80M_59N,Mullidae,Upeneus,tragula,1
20_80M_5F,Mullidae,Parupeneus,heptacanthus,1
20_80M_60F,Mullidae,Upeneus,tragula,1
20_80M_60N,Mullidae,Parupeneus,heptacanthus,2
20_80M_61F,Mullidae,Parupeneus,heptacanthus,3
20_80M_62F,Mullidae,Upeneus,tragula,3
20_80M_63N,Mullidae,Upeneus,tragula,5
20_80M_65F,Mullidae,Upeneus,tragula,1
20_80M_65N,Mullidae,Upeneus,tragula,1
20_80M_67F,Mullidae,Parupeneus,heptacanthus,1
20_80M_6F,Mullidae,Parupeneus,indicus,2
20_80M_70F,Mullidae,Upeneus,tragula,1
20_80M_71F,Mullidae,Upeneus,tragula,7
20_80M_72F,Mullidae,Parupeneus,heptacanthus,6
20_80M_72F,Mullidae,Parupeneus,indicus,1
20_80M_72F,Mullidae,Upeneus,tragula,5
20_80M_73F,Mullidae,Parupeneus,heptacanthus,1
20_80M_73F,Mullidae,Upeneus,tragula,5
20_80M_75F,Mullidae,Upeneus,tragula,1
20_80M_76F,Mullidae,Upeneus,tragula,1
20_80M_77F,Mullidae,Parupeneus,heptacanthus,2
20_80M_78F,Mullidae,Parupeneus,heptacanthus,1
20_80M_78F,Mullidae,Upeneus,tragula,5
20_80M_7F,Mullidae,Upeneus,tragula,7
20_80M_7N,Mullidae,Upeneus,tragula,1
20_80M_81F,Mullidae,Parupeneus,heptacanthus,1
20_80M_81F,Mullidae,Upeneus,tragula,2
20_80M_82F,Mullidae,Parupeneus,heptacanthus,1
20_80M_82F,Mullidae,Upeneus,tragula,27
20_80M_83F,Mullidae,Parupeneus,heptacanthus,1
20_80M_84F,Mullidae,Upeneus,tragula,10
20_80M_85N,Mullidae,Upeneus,tragula,3
20_80M_86F,Mullidae,Upeneus,tragula,11
20_80M_86N,Mullidae,Upeneus,tragula,3
20_80M_87F,Mullidae,Upeneus,tragula,9
20_80M_87N,Mullidae,Parupeneus,heptacanthus,1
20_80M_87N,Mullidae,Upeneus,tragula,1
20_80M_88F,Mullidae,Upeneus,tragula,3
20_80M_8F,Mullidae,Upeneus,tragula,8
20_80M_90F,Mullidae,Parupeneus,cyclostomus,1
20_80M_90N,Mullidae,Parupeneus,heptacanthus,2
20_80M_90N,Mullidae,Upeneus,tragula,4
20_80M_93F,Mullidae,Upeneus,tragula,3
20_80M_96F,Mullidae,Upeneus,tragula,3
20_80M_97F,Mullidae,Upeneus,tragula,1
20_80M_9F,Mullidae,Upeneus,tragula,17
20_80M_9N,Mullidae,Parupeneus,indicus,1
20_80M_9N,Mullidae,Upeneus,tragula,1
21_80M_01,Mullidae,Upeneus,tragula,1
21_80M_102,Mullidae,Upeneus,tragula,1
21_80M_105,Mullidae,Parupeneus,heptacanthus,6
21_80M_105,Mullidae,Upeneus,tragula,1
21_80M_108,Mullidae,Parupeneus,heptacanthus,3
21_80M_108,Mullidae,Upeneus,tragula,10
21_80M_117,Mullidae,Upeneus,tragula,4
21_80M_121,Mullidae,Parupeneus,heptacanthus,3
21_80M_121,Mullidae,Upeneus,tragula,8
21_80M_124,Mullidae,Parupeneus,heptacanthus,3
21_80M_127,Mullidae,Upeneus,tragula,3
21_80M_129,Mullidae,Parupeneus,heptacanthus,2
21_80M_137,Mullidae,Parupeneus,heptacanthus,8
21_80M_137,Mullidae,Upeneus,tragula,7
21_80M_140,Mullidae,Parupeneus,heptacanthus,1
21_80M_140,Mullidae,Parupeneus,indicus,2
21_80M_151,Mullidae,Upeneus,tragula,1
21_80M_153,Mullidae,Parupeneus,heptacanthus,2
21_80M_153,Mullidae,Upeneus,tragula,5
21_80M_162,Mullidae,Upeneus,tragula,1
21_80M_17,Mullidae,Parupeneus,indicus,1
21_80M_17,Mullidae,Upeneus,tragula,2
21_80M_172,Mullidae,Parupeneus,heptacanthus,1
21_80M_172,Mullidae,Upeneus,tragula,1
21_80M_175,Mullidae,Upeneus,tragula,1
21_80M_192,Mullidae,Upeneus,tragula,1
21_80M_193,Mullidae,Upeneus,tragula,1
21_80M_199,Mullidae,Upeneus,tragula,2
21_80M_201,Mullidae,Parupeneus,indicus,1
21_80M_215,Mullidae,Upeneus,tragula,1
21_80M_226,Mullidae,Parupeneus,heptacanthus,1
21_80M_226,Mullidae,Upeneus,tragula,2
21_80M_236,Mullidae,Upeneus,tragula,1
21_80M_245,Mullidae,Parupeneus,indicus,1
21_80M_248,Mullidae,Upeneus,tragula,2
21_80M_252,Mullidae,Parupeneus,heptacanthus,4
21_80M_252,Mullidae,Upeneus,tragula,1
21_80M_253,Mullidae,Parupeneus,heptacanthus,1
21_80M_253,Mullidae,Upeneus,tragula,2
21_80M_255,Mullidae,Upeneus,tragula,3
21_80M_256,Mullidae,Parupeneus,indicus,1
21_80M_256,Mullidae,Upeneus,tragula,2
21_80M_267,Mullidae,Upeneus,tragula,1
21_80M_277,Mullidae,Upeneus,tragula,2
21_80M_28,Mullidae,Parupeneus,heptacanthus,9
21_80M_28,Mullidae,Upeneus,tragula,5
21_80M_280,Mullidae,Upeneus,tragula,1
21_80M_287,Mullidae,Upeneus,tragula,1
21_80M_300,Mullidae,Upeneus,tragula,4
21_80M_44,Mullidae,Parupeneus,heptacanthus,2
21_80M_44,Mullidae,Upeneus,tragula,9
21_80M_60,Mullidae,Parupeneus,heptacanthus,4
21_80M_64,Mullidae,Parupeneus,heptacanthus,2
21_80M_64,Mullidae,Upeneus,tragula,2
21_80M_65,Mullidae,Parupeneus,heptacanthus,2
21_80M_65,Mullidae,Upeneus,tragula,12
21_80M_7,Mullidae,Upeneus,tragula,2
21_80M_71,Mullidae,Upeneus,tragula,1
21_80M_73,Mullidae,Upeneus,tragula,2
21_80M_74,Mullidae,Parupeneus,heptacanthus,3
21_80M_74,Mullidae,Upeneus,tragula,1
21_80M_76,Mullidae,Upeneus,tragula,1
21_80M_89,Mullidae,Parupeneus,indicus,2
20_80M_114N,Muraenidae,Gymnothorax,pseudothyrsoideus,1
20_80M_123N,Muraenidae,Gymnothorax,flavimarginatus,1
20_80M_128N,Muraenidae,Gymnothorax,undulatus,1
20_80M_14F,Muraenidae,Gymnothorax,spp,1
20_80M_23F,Muraenidae,Gymnothorax,undulatus,1
20_80M_26N,Muraenidae,Gymnothorax,javanicus,1
20_80M_39F,Muraenidae,Gymnothorax,thyrsoideus,1
20_80M_56N,Muraenidae,Gymnothorax,pseudothyrsoideus,1
20_80M_88F,Muraenidae,Gymnothorax,thyrsoideus,1
21_80M_280,Muraenidae,Gymnothorax,spp,1
20_80M_100F,Nemipteridae,Pentapodus,porosus,36
20_80M_100N,Nemipteridae,Pentapodus,porosus,17
20_80M_100N,Nemipteridae,Scolopsis,monogramma,1
20_80M_101F,Nemipteridae,Pentapodus,porosus,41
20_80M_101N,Nemipteridae,Pentapodus,porosus,16
20_80M_101N,Nemipteridae,Scolopsis,monogramma,2
20_80M_102F,Nemipteridae,Pentapodus,porosus,34
20_80M_102N,Nemipteridae,Nemipterus,furcosus,4
20_80M_102N,Nemipteridae,Pentapodus,porosus,9
20_80M_103F,Nemipteridae,Pentapodus,porosus,33
20_80M_103F,Nemipteridae,Scolopsis,monogramma,2
20_80M_103N,Nemipteridae,Nemipterus,furcosus,5
20_80M_103N,Nemipteridae,Pentapodus,porosus,27
20_80M_104F,Nemipteridae,Pentapodus,porosus,33
20_80M_104N,Nemipteridae,Nemipterus,furcosus,1
20_80M_104N,Nemipteridae,Pentapodus,porosus,22
20_80M_105N,Nemipteridae,Pentapodus,porosus,13
20_80M_105N,Nemipteridae,Scolopsis,monogramma,6
20_80M_106N,Nemipteridae,Pentapodus,porosus,16
20_80M_106N,Nemipteridae,Scolopsis,monogramma,1
20_80M_107N,Nemipteridae,Pentapodus,porosus,8
20_80M_10F,Nemipteridae,Pentapodus,porosus,39
20_80M_10N,Nemipteridae,Pentapodus,porosus,25
20_80M_10N,Nemipteridae,Scolopsis,monogramma,3
20_80M_110N,Nemipteridae,Pentapodus,porosus,34
20_80M_111N,Nemipteridae,Pentapodus,porosus,31
20_80M_111N,Nemipteridae,Scolopsis,monogramma,7
20_80M_112N,Nemipteridae,Scolopsis,monogramma,2
20_80M_113N,Nemipteridae,Pentapodus,porosus,15
20_80M_113N,Nemipteridae,Scolopsis,monogramma,2
20_80M_114N,Nemipteridae,Pentapodus,porosus,12
20_80M_114N,Nemipteridae,Scolopsis,monogramma,3
20_80M_115N,Nemipteridae,Pentapodus,porosus,21
20_80M_115N,Nemipteridae,Scolopsis,monogramma,4
20_80M_116N,Nemipteridae,Pentapodus,porosus,4
20_80M_116N,Nemipteridae,Scolopsis,monogramma,2
20_80M_117N,Nemipteridae,Nemipterus,furcosus,3
20_80M_117N,Nemipteridae,Pentapodus,porosus,9
20_80M_118N,Nemipteridae,Pentapodus,porosus,7
20_80M_118N,Nemipteridae,Scolopsis,monogramma,10
20_80M_119N,Nemipteridae,Scolopsis,monogramma,3
20_80M_11F,Nemipteridae,Pentapodus,porosus,44
20_80M_11N,Nemipteridae,Nemipterus,furcosus,1
20_80M_11N,Nemipteridae,Pentapodus,porosus,35
20_80M_120N,Nemipteridae,Pentapodus,porosus,17
20_80M_120N,Nemipteridae,Scolopsis,monogramma,4
20_80M_121N,Nemipteridae,Pentapodus,porosus,1
20_80M_121N,Nemipteridae,Scolopsis,monogramma,4
20_80M_122N,Nemipteridae,Nemipterus,furcosus,2
20_80M_122N,Nemipteridae,Pentapodus,porosus,15
20_80M_123N,Nemipteridae,Pentapodus,porosus,4
20_80M_123N,Nemipteridae,Scolopsis,monogramma,1
20_80M_124N,Nemipteridae,Pentapodus,porosus,6
20_80M_124N,Nemipteridae,Scolopsis,monogramma,1
20_80M_125N,Nemipteridae,Nemipterus,furcosus,2
20_80M_125N,Nemipteridae,Pentapodus,porosus,26
20_80M_125N,Nemipteridae,Scolopsis,monogramma,7
20_80M_126N,Nemipteridae,Nemipterus,furcosus,2
20_80M_126N,Nemipteridae,Pentapodus,porosus,47
20_80M_127N,Nemipteridae,Nemipterus,furcosus,1
20_80M_127N,Nemipteridae,Pentapodus,porosus,44
20_80M_128N,Nemipteridae,Pentapodus,porosus,55
20_80M_128N,Nemipteridae,Scolopsis,monogramma,2
20_80M_129N,Nemipteridae,Nemipterus,furcosus,5
20_80M_129N,Nemipteridae,Pentapodus,porosus,40
20_80M_12F,Nemipteridae,Pentapodus,porosus,38
20_80M_130N,Nemipteridae,Pentapodus,porosus,2
20_80M_130N,Nemipteridae,Scolopsis,monogramma,2
20_80M_131N,Nemipteridae,Nemipterus,furcosus,33
20_80M_131N,Nemipteridae,Pentapodus,porosus,18
20_80M_132N,Nemipteridae,Pentapodus,emeryii,1
20_80M_132N,Nemipteridae,Scolopsis,monogramma,1
20_80M_133N,Nemipteridae,Nemipterus,furcosus,1
20_80M_133N,Nemipteridae,Pentapodus,porosus,12
20_80M_133N,Nemipteridae,Scolopsis,monogramma,6
20_80M_13F,Nemipteridae,Pentapodus,porosus,29
20_80M_13F,Nemipteridae,Scolopsis,monogramma,1
20_80M_13N,Nemipteridae,Nemipterus,furcosus,1
20_80M_13N,Nemipteridae,Pentapodus,porosus,26
20_80M_13N,Nemipteridae,Scaevius,milii,1
20_80M_13N,Nemipteridae,Scolopsis,monogramma,3
20_80M_14F,Nemipteridae,Pentapodus,porosus,8
20_80M_14F,Nemipteridae,Scolopsis,monogramma,3
20_80M_14N,Nemipteridae,Nemipterus,furcosus,1
20_80M_14N,Nemipteridae,Pentapodus,porosus,36
20_80M_14N,Nemipteridae,Scolopsis,monogramma,2
20_80M_15F,Nemipteridae,Pentapodus,porosus,18
20_80M_15F,Nemipteridae,Scolopsis,monogramma,3
20_80M_16F,Nemipteridae,Pentapodus,porosus,22
20_80M_16F,Nemipteridae,Scolopsis,monogramma,8
20_80M_16N,Nemipteridae,Pentapodus,porosus,9
20_80M_17F,Nemipteridae,Pentapodus,porosus,2
20_80M_17F,Nemipteridae,Scolopsis,monogramma,5
20_80M_17N,Nemipteridae,Pentapodus,porosus,16
20_80M_18F,Nemipteridae,Scolopsis,monogramma,1
20_80M_19F,Nemipteridae,Pentapodus,porosus,23
20_80M_19N,Nemipteridae,Nemipterus,furcosus,1
20_80M_19N,Nemipteridae,Pentapodus,porosus,29
20_80M_19N,Nemipteridae,Pentapodus,vitta,1
20_80M_1F,Nemipteridae,Pentapodus,porosus,23
20_80M_20F,Nemipteridae,Pentapodus,porosus,31
20_80M_20F,Nemipteridae,Scolopsis,monogramma,3
20_80M_20N,Nemipteridae,Pentapodus,porosus,15
20_80M_20N,Nemipteridae,Pentapodus,vitta,2
20_80M_21F,Nemipteridae,Pentapodus,porosus,26
20_80M_21F,Nemipteridae,Scaevius,milii,1
20_80M_21F,Nemipteridae,Scolopsis,monogramma,6
20_80M_21N,Nemipteridae,Nemipterus,furcosus,1
20_80M_21N,Nemipteridae,Pentapodus,porosus,11
20_80M_21N,Nemipteridae,Pentapodus,vitta,4
20_80M_22F,Nemipteridae,Pentapodus,porosus,5
20_80M_22F,Nemipteridae,Scolopsis,monogramma,2
20_80M_22N,Nemipteridae,Nemipterus,furcosus,8
20_80M_22N,Nemipteridae,Pentapodus,porosus,21
20_80M_23F,Nemipteridae,Pentapodus,porosus,15
20_80M_23F,Nemipteridae,Scolopsis,monogramma,7
20_80M_23N,Nemipteridae,Nemipterus,furcosus,2
20_80M_23N,Nemipteridae,Pentapodus,porosus,37
20_80M_23N,Nemipteridae,Scolopsis,monogramma,1
20_80M_24F,Nemipteridae,Nemipterus,furcosus,2
20_80M_24F,Nemipteridae,Pentapodus,porosus,31
20_80M_24F,Nemipteridae,Scolopsis,monogramma,1
20_80M_24N,Nemipteridae,Nemipterus,furcosus,1
20_80M_24N,Nemipteridae,Pentapodus,porosus,25
20_80M_24N,Nemipteridae,Scolopsis,monogramma,1
20_80M_25F,Nemipteridae,Pentapodus,porosus,37
20_80M_25N,Nemipteridae,Pentapodus,porosus,17
20_80M_26F,Nemipteridae,Pentapodus,porosus,14
20_80M_26N,Nemipteridae,Pentapodus,porosus,19
20_80M_26N,Nemipteridae,Scolopsis,monogramma,2
20_80M_27F,Nemipteridae,Pentapodus,porosus,1
20_80M_27F,Nemipteridae,Scolopsis,monogramma,4
20_80M_27N,Nemipteridae,Pentapodus,porosus,20
20_80M_27N,Nemipteridae,Scolopsis,monogramma,5
20_80M_28F,Nemipteridae,Pentapodus,porosus,21
20_80M_28F,Nemipteridae,Scolopsis,monogramma,3
20_80M_28N,Nemipteridae,Nemipterus,furcosus,1
20_80M_28N,Nemipteridae,Pentapodus,porosus,22
20_80M_28N,Nemipteridae,Scolopsis,monogramma,2
20_80M_29F,Nemipteridae,Scolopsis,monogramma,2
20_80M_29N,Nemipteridae,Pentapodus,porosus,14
20_80M_29N,Nemipteridae,Scolopsis,monogramma,4
20_80M_2F,Nemipteridae,Pentapodus,porosus,22
20_80M_2F,Nemipteridae,Scolopsis,monogramma,18
20_80M_30F,Nemipteridae,Pentapodus,porosus,33
20_80M_30F,Nemipteridae,Scolopsis,monogramma,2
20_80M_30N,Nemipteridae,Pentapodus,porosus,29
20_80M_31F,Nemipteridae,Pentapodus,porosus,3
20_80M_31F,Nemipteridae,Scolopsis,monogramma,6
20_80M_31N,Nemipteridae,Nemipterus,furcosus,4
20_80M_31N,Nemipteridae,Pentapodus,porosus,22
20_80M_32F,Nemipteridae,Pentapodus,porosus,12
20_80M_32N,Nemipteridae,Nemipterus,furcosus,3
20_80M_32N,Nemipteridae,Pentapodus,porosus,17
20_80M_33F,Nemipteridae,Pentapodus,porosus,15
20_80M_33F,Nemipteridae,Scolopsis,monogramma,4
20_80M_33N,Nemipteridae,Pentapodus,porosus,6
20_80M_33N,Nemipteridae,Scolopsis,monogramma,1
20_80M_34F,Nemipteridae,Pentapodus,porosus,1
20_80M_34F,Nemipteridae,Scolopsis,monogramma,2
20_80M_34N,Nemipteridae,Nemipterus,furcosus,5
20_80M_34N,Nemipteridae,Pentapodus,porosus,12
20_80M_35F,Nemipteridae,Scolopsis,monogramma,2
20_80M_35N,Nemipteridae,Pentapodus,porosus,18
20_80M_35N,Nemipteridae,Scolopsis,monogramma,5
20_80M_36F,Nemipteridae,Pentapodus,porosus,1
20_80M_36F,Nemipteridae,Scolopsis,monogramma,1
20_80M_36N,Nemipteridae,Pentapodus,porosus,9
20_80M_36N,Nemipteridae,Scolopsis,monogramma,4
20_80M_37F,Nemipteridae,Scolopsis,monogramma,1
20_80M_37N,Nemipteridae,Pentapodus,porosus,14
20_80M_37N,Nemipteridae,Scolopsis,monogramma,2
20_80M_38F,Nemipteridae,Pentapodus,porosus,29
20_80M_38N,Nemipteridae,Pentapodus,porosus,14
20_80M_38N,Nemipteridae,Scolopsis,monogramma,2
20_80M_39F,Nemipteridae,Scolopsis,monogramma,4
20_80M_39N,Nemipteridae,Pentapodus,porosus,15
20_80M_39N,Nemipteridae,Scolopsis,monogramma,7
20_80M_3F,Nemipteridae,Nemipterus,furcosus,7
20_80M_3F,Nemipteridae,Pentapodus,porosus,17
20_80M_3F,Nemipteridae,Scolopsis,monogramma,2
20_80M_3N,Nemipteridae,Nemipterus,furcosus,1
20_80M_3N,Nemipteridae,Pentapodus,porosus,6
20_80M_40F,Nemipteridae,Pentapodus,porosus,2
20_80M_40F,Nemipteridae,Scolopsis,monogramma,1
20_80M_40N,Nemipteridae,Nemipterus,furcosus,4
20_80M_40N,Nemipteridae,Pentapodus,porosus,8
20_80M_41F,Nemipteridae,Pentapodus,emeryii,1
20_80M_41F,Nemipteridae,Scolopsis,monogramma,1
20_80M_41N,Nemipteridae,Nemipterus,furcosus,2
20_80M_41N,Nemipteridae,Pentapodus,porosus,23
20_80M_42F,Nemipteridae,Pentapodus,porosus,1
20_80M_42F,Nemipteridae,Scolopsis,monogramma,2
20_80M_42N,Nemipteridae,Nemipterus,furcosus,1
20_80M_42N,Nemipteridae,Pentapodus,porosus,1
20_80M_43F,Nemipteridae,Pentapodus,porosus,6
20_80M_43F,Nemipteridae,Scolopsis,monogramma,3
20_80M_44F,Nemipteridae,Nemipterus,furcosus,1
20_80M_44F,Nemipteridae,Pentapodus,porosus,35
20_80M_44F,Nemipteridae,Scolopsis,monogramma,1
20_80M_45F,Nemipteridae,Scolopsis,monogramma,1
20_80M_45N,Nemipteridae,Nemipterus,furcosus,2
20_80M_45N,Nemipteridae,Pentapodus,porosus,4
20_80M_45N,Nemipteridae,Pentapodus,vitta,1
20_80M_46F,Nemipteridae,Pentapodus,porosus,2
20_80M_46F,Nemipteridae,Scolopsis,monogramma,2
20_80M_47F,Nemipteridae,Pentapodus,porosus,10
20_80M_48F,Nemipteridae,Pentapodus,porosus,39
20_80M_49F,Nemipteridae,Pentapodus,porosus,29
20_80M_49F,Nemipteridae,Scolopsis,monogramma,1
20_80M_4F,Nemipteridae,Pentapodus,porosus,36
20_80M_4F,Nemipteridae,Scolopsis,monogramma,2
20_80M_4N,Nemipteridae,Nemipterus,furcosus,2
20_80M_4N,Nemipteridae,Pentapodus,porosus,27
20_80M_4N,Nemipteridae,Pentapodus,vitta,1
20_80M_50F,Nemipteridae,Pentapodus,porosus,30
20_80M_50F,Nemipteridae,Scolopsis,monogramma,2
20_80M_51F,Nemipteridae,Nemipterus,furcosus,2
20_80M_51F,Nemipteridae,Pentapodus,porosus,21
20_80M_51F,Nemipteridae,Scolopsis,monogramma,1
20_80M_52F,Nemipteridae,Pentapodus,porosus,34
20_80M_52N,Nemipteridae,Pentapodus,porosus,6
20_80M_52N,Nemipteridae,Pentapodus,vitta,6
20_80M_53F,Nemipteridae,Nemipterus,furcosus,2
20_80M_53F,Nemipteridae,Pentapodus,porosus,31
20_80M_53N,Nemipteridae,Nemipterus,furcosus,1
20_80M_54F,Nemipteridae,Pentapodus,porosus,24
20_80M_54N,Nemipteridae,Pentapodus,porosus,28
20_80M_54N,Nemipteridae,Scolopsis,monogramma,1
20_80M_55F,Nemipteridae,Pentapodus,porosus,34
20_80M_55F,Nemipteridae,Scolopsis,monogramma,2
20_80M_55N,Nemipteridae,Pentapodus,porosus,31
20_80M_56F,Nemipteridae,Nemipterus,furcosus,2
20_80M_56F,Nemipteridae,Pentapodus,porosus,21
20_80M_56N,Nemipteridae,Pentapodus,porosus,36
20_80M_56N,Nemipteridae,Scolopsis,monogramma,1
20_80M_57F,Nemipteridae,Pentapodus,porosus,29
20_80M_57N,Nemipteridae,Nemipterus,furcosus,3
20_80M_57N,Nemipteridae,Pentapodus,porosus,19
20_80M_58F,Nemipteridae,Pentapodus,porosus,6
20_80M_58F,Nemipteridae,Scolopsis,monogramma,3
20_80M_58N,Nemipteridae,Nemipterus,furcosus,5
20_80M_58N,Nemipteridae,Pentapodus,porosus,1
20_80M_59F,Nemipteridae,Pentapodus,porosus,14
20_80M_59F,Nemipteridae,Scolopsis,monogramma,4
20_80M_59N,Nemipteridae,Pentapodus,porosus,33
20_80M_5F,Nemipteridae,Scolopsis,monogramma,5
20_80M_5N,Nemipteridae,Nemipterus,furcosus,2
20_80M_5N,Nemipteridae,Pentapodus,porosus,14
20_80M_5N,Nemipteridae,Scolopsis,monogramma,2
20_80M_60F,Nemipteridae,Pentapodus,porosus,12
20_80M_60F,Nemipteridae,Scolopsis,monogramma,2
20_80M_60N,Nemipteridae,Pentapodus,porosus,31
20_80M_60N,Nemipteridae,Scolopsis,monogramma,2
20_80M_61F,Nemipteridae,Pentapodus,porosus,28
20_80M_61F,Nemipteridae,Scolopsis,monogramma,2
20_80M_61N,Nemipteridae,Nemipterus,furcosus,1
20_80M_61N,Nemipteridae,Pentapodus,porosus,1
20_80M_62F,Nemipteridae,Pentapodus,porosus,47
20_80M_62F,Nemipteridae,Scolopsis,monogramma,4
20_80M_62N,Nemipteridae,Nemipterus,furcosus,4
20_80M_63F,Nemipteridae,Scolopsis,monogramma,2
20_80M_63N,Nemipteridae,Nemipterus,furcosus,4
20_80M_63N,Nemipteridae,Pentapodus,porosus,38
20_80M_63N,Nemipteridae,Scolopsis,monogramma,1
20_80M_64F,Nemipteridae,Scolopsis,monogramma,1
20_80M_64N,Nemipteridae,Pentapodus,porosus,4
20_80M_64N,Nemipteridae,Scolopsis,monogramma,3
20_80M_65F,Nemipteridae,Nemipterus,furcosus,2
20_80M_65F,Nemipteridae,Pentapodus,porosus,39
20_80M_65N,Nemipteridae,Pentapodus,porosus,5
20_80M_65N,Nemipteridae,Scolopsis,monogramma,5
20_80M_66F,Nemipteridae,Scolopsis,monogramma,2
20_80M_66N,Nemipteridae,Pentapodus,porosus,17
20_80M_66N,Nemipteridae,Scolopsis,monogramma,4
20_80M_67F,Nemipteridae,Pentapodus,porosus,5
20_80M_67F,Nemipteridae,Scolopsis,monogramma,2
20_80M_67N,Nemipteridae,Nemipterus,furcosus,2
20_80M_67N,Nemipteridae,Pentapodus,porosus,24
20_80M_67N,Nemipteridae,Scolopsis,monogramma,1
20_80M_68F,Nemipteridae,Nemipterus,furcosus,3
20_80M_68F,Nemipteridae,Pentapodus,porosus,11
20_80M_68N,Nemipteridae,Pentapodus,porosus,13
20_80M_69F,Nemipteridae,Nemipterus,furcosus,5
20_80M_69F,Nemipteridae,Pentapodus,porosus,40
20_80M_6F,Nemipteridae,Scolopsis,monogramma,1
20_80M_70F,Nemipteridae,Nemipterus,furcosus,4
20_80M_70F,Nemipteridae,Pentapodus,porosus,7
20_80M_71F,Nemipteridae,Nemipterus,furcosus,5
20_80M_71F,Nemipteridae,Pentapodus,porosus,35
20_80M_72F,Nemipteridae,Nemipterus,furcosus,6
20_80M_72F,Nemipteridae,Pentapodus,porosus,41
20_80M_72F,Nemipteridae,Scolopsis,monogramma,2
20_80M_73F,Nemipteridae,Nemipterus,furcosus,3
20_80M_73F,Nemipteridae,Pentapodus,porosus,62
20_80M_74F,Nemipteridae,Nemipterus,furcosus,5
20_80M_74F,Nemipteridae,Pentapodus,porosus,40
20_80M_75F,Nemipteridae,Nemipterus,furcosus,1
20_80M_75F,Nemipteridae,Pentapodus,porosus,33
20_80M_76F,Nemipteridae,Pentapodus,porosus,1
20_80M_76F,Nemipteridae,Scolopsis,monogramma,2
20_80M_77F,Nemipteridae,Scolopsis,monogramma,2
20_80M_78F,Nemipteridae,Pentapodus,porosus,17
20_80M_78F,Nemipteridae,Scolopsis,monogramma,2
20_80M_79F,Nemipteridae,Nemipterus,furcosus,4
20_80M_79F,Nemipteridae,Pentapodus,porosus,33
20_80M_7F,Nemipteridae,Scolopsis,monogramma,1
20_80M_7N,Nemipteridae,Pentapodus,porosus,29
20_80M_7N,Nemipteridae,Scolopsis,monogramma,2
20_80M_80F,Nemipteridae,Scolopsis,monogramma,1
20_80M_81F,Nemipteridae,Pentapodus,porosus,3
20_80M_81F,Nemipteridae,Scolopsis,monogramma,2
20_80M_82F,Nemipteridae,Pentapodus,porosus,8
20_80M_82F,Nemipteridae,Scolopsis,monogramma,1
20_80M_82N,Nemipteridae,Pentapodus,porosus,6
20_80M_83F,Nemipteridae,Pentapodus,porosus,4
20_80M_83F,Nemipteridae,Scolopsis,monogramma,2
20_80M_83N,Nemipteridae,Pentapodus,porosus,1
20_80M_84F,Nemipteridae,Nemipterus,furcosus,3
20_80M_84F,Nemipteridae,Pentapodus,porosus,67
20_80M_84F,Nemipteridae,Scolopsis,monogramma,2
20_80M_84N,Nemipteridae,Pentapodus,porosus,12
20_80M_85F,Nemipteridae,Pentapodus,emeryii,1
20_80M_85F,Nemipteridae,Pentapodus,porosus,76
20_80M_85F,Nemipteridae,Scolopsis,monogramma,2
20_80M_85N,Nemipteridae,Pentapodus,porosus,11
20_80M_85N,Nemipteridae,Scolopsis,monogramma,1
20_80M_86F,Nemipteridae,Nemipterus,furcosus,5
20_80M_86F,Nemipteridae,Pentapodus,porosus,42
20_80M_86F,Nemipteridae,Scolopsis,monogramma,1
20_80M_86N,Nemipteridae,Pentapodus,porosus,17
20_80M_86N,Nemipteridae,Scolopsis,monogramma,6
20_80M_87F,Nemipteridae,Nemipterus,furcosus,2
20_80M_87F,Nemipteridae,Pentapodus,porosus,67
20_80M_87F,Nemipteridae,Pentapodus,vitta,1
20_80M_87F,Nemipteridae,Scolopsis,monogramma,1
20_80M_87N,Nemipteridae,Pentapodus,porosus,22
20_80M_87N,Nemipteridae,Scolopsis,monogramma,6
20_80M_88F,Nemipteridae,Pentapodus,porosus,31
20_80M_88F,Nemipteridae,Scolopsis,monogramma,2
20_80M_88N,Nemipteridae,Pentapodus,porosus,31
20_80M_88N,Nemipteridae,Scolopsis,monogramma,3
20_80M_89F,Nemipteridae,Scolopsis,monogramma,3
20_80M_89N,Nemipteridae,Pentapodus,porosus,23
20_80M_89N,Nemipteridae,Scolopsis,monogramma,1
20_80M_8F,Nemipteridae,Nemipterus,furcosus,4
20_80M_8F,Nemipteridae,Pentapodus,porosus,25
20_80M_90F,Nemipteridae,Pentapodus,porosus,1
20_80M_90F,Nemipteridae,Scolopsis,monogramma,2
20_80M_90N,Nemipteridae,Pentapodus,porosus,38
20_80M_90N,Nemipteridae,Scolopsis,monogramma,7
20_80M_91F,Nemipteridae,Scolopsis,monogramma,2
20_80M_91N,Nemipteridae,Pentapodus,porosus,25
20_80M_91N,Nemipteridae,Scolopsis,monogramma,1
20_80M_92F,Nemipteridae,Nemipterus,furcosus,1
20_80M_92F,Nemipteridae,Pentapodus,porosus,23
20_80M_92N,Nemipteridae,Pentapodus,porosus,25
20_80M_92N,Nemipteridae,Scolopsis,monogramma,3
20_80M_93F,Nemipteridae,Pentapodus,porosus,33
20_80M_93F,Nemipteridae,Scolopsis,monogramma,2
20_80M_94F,Nemipteridae,Nemipterus,furcosus,3
20_80M_94F,Nemipteridae,Pentapodus,porosus,62
20_80M_94N,Nemipteridae,Pentapodus,porosus,4
20_80M_95F,Nemipteridae,Pentapodus,porosus,26
20_80M_96F,Nemipteridae,Pentapodus,porosus,24
20_80M_97F,Nemipteridae,Pentapodus,porosus,10
20_80M_97F,Nemipteridae,Scaevius,milii,1
20_80M_97F,Nemipteridae,Scolopsis,monogramma,5
20_80M_97N,Nemipteridae,Nemipterus,furcosus,1
20_80M_97N,Nemipteridae,Pentapodus,porosus,16
20_80M_98F,Nemipteridae,Pentapodus,porosus,29
20_80M_98F,Nemipteridae,Scolopsis,monogramma,1
20_80M_98N,Nemipteridae,Nemipterus,furcosus,1
20_80M_98N,Nemipteridae,Pentapodus,porosus,13
20_80M_98N,Nemipteridae,Scolopsis,monogramma,1
20_80M_99F,Nemipteridae,Nemipterus,furcosus,1
20_80M_99F,Nemipteridae,Pentapodus,porosus,34
20_80M_99N,Nemipteridae,Pentapodus,porosus,22
20_80M_99N,Nemipteridae,Scolopsis,monogramma,3
20_80M_9F,Nemipteridae,Pentapodus,porosus,43
20_80M_9F,Nemipteridae,Scolopsis,monogramma,1
20_80M_9N,Nemipteridae,Pentapodus,porosus,18
20_80M_9N,Nemipteridae,Scolopsis,monogramma,9
21_80M_01,Nemipteridae,Nemipterus,furcosus,3
21_80M_01,Nemipteridae,Pentapodus,porosus,47
21_80M_01,Nemipteridae,Scolopsis,monogramma,1
21_80M_102,Nemipteridae,Pentapodus,porosus,30
21_80M_102,Nemipteridae,Scolopsis,monogramma,1
21_80M_105,Nemipteridae,Pentapodus,porosus,10
21_80M_105,Nemipteridae,Scolopsis,monogramma,6
21_80M_108,Nemipteridae,Pentapodus,porosus,9
21_80M_108,Nemipteridae,Scolopsis,monogramma,3
21_80M_11,Nemipteridae,Pentapodus,porosus,14
21_80M_117,Nemipteridae,Pentapodus,porosus,45
21_80M_117,Nemipteridae,Scolopsis,monogramma,1
21_80M_118,Nemipteridae,Nemipterus,furcosus,1
21_80M_118,Nemipteridae,Pentapodus,porosus,6
21_80M_118,Nemipteridae,Pentapodus,vitta,1
21_80M_12,Nemipteridae,Scolopsis,monogramma,1
21_80M_121,Nemipteridae,Pentapodus,porosus,32
21_80M_121,Nemipteridae,Scolopsis,monogramma,3
21_80M_124,Nemipteridae,Pentapodus,porosus,11
21_80M_124,Nemipteridae,Scolopsis,monogramma,1
21_80M_127,Nemipteridae,Nemipterus,furcosus,1
21_80M_127,Nemipteridae,Pentapodus,porosus,16
21_80M_129,Nemipteridae,Pentapodus,emeryii,1
21_80M_129,Nemipteridae,Pentapodus,porosus,19
21_80M_129,Nemipteridae,Scolopsis,monogramma,6
21_80M_137,Nemipteridae,Pentapodus,porosus,26
21_80M_137,Nemipteridae,Scolopsis,monogramma,2
21_80M_139,Nemipteridae,Pentapodus,porosus,7
21_80M_140,Nemipteridae,Scolopsis,monogramma,1
21_80M_153,Nemipteridae,Pentapodus,porosus,49
21_80M_153,Nemipteridae,Scolopsis,monogramma,4
21_80M_155,Nemipteridae,Pentapodus,porosus,7
21_80M_159,Nemipteridae,Nemipterus,furcosus,1
21_80M_159,Nemipteridae,Pentapodus,porosus,12
21_80M_162,Nemipteridae,Pentapodus,porosus,29
21_80M_162,Nemipteridae,Scolopsis,monogramma,1
21_80M_17,Nemipteridae,Nemipterus,furcosus,6
21_80M_17,Nemipteridae,Pentapodus,porosus,18
21_80M_17,Nemipteridae,Scolopsis,monogramma,1
21_80M_172,Nemipteridae,Nemipterus,furcosus,2
21_80M_172,Nemipteridae,Pentapodus,porosus,17
21_80M_172,Nemipteridae,Scolopsis,monogramma,2
21_80M_191,Nemipteridae,Pentapodus,porosus,26
21_80M_192,Nemipteridae,Pentapodus,porosus,15
21_80M_192,Nemipteridae,Scolopsis,monogramma,1
21_80M_193,Nemipteridae,Nemipterus,furcosus,1
21_80M_193,Nemipteridae,Pentapodus,porosus,35
21_80M_201,Nemipteridae,Pentapodus,emeryii,1
21_80M_201,Nemipteridae,Scolopsis,monogramma,1
21_80M_204,Nemipteridae,Nemipterus,furcosus,2
21_80M_204,Nemipteridae,Pentapodus,porosus,63
21_80M_220,Nemipteridae,Nemipterus,furcosus,3
21_80M_220,Nemipteridae,Pentapodus,porosus,41
21_80M_226,Nemipteridae,Pentapodus,porosus,25
21_80M_226,Nemipteridae,Scolopsis,monogramma,2
21_80M_236,Nemipteridae,Scolopsis,monogramma,3
21_80M_24,Nemipteridae,Pentapodus,porosus,5
21_80M_245,Nemipteridae,Pentapodus,porosus,4
21_80M_245,Nemipteridae,Scolopsis,monogramma,4
21_80M_248,Nemipteridae,Nemipterus,furcosus,1
21_80M_248,Nemipteridae,Pentapodus,porosus,10
21_80M_248,Nemipteridae,Scolopsis,monogramma,1
21_80M_25,Nemipteridae,Nemipterus,furcosus,1
21_80M_25,Nemipteridae,Pentapodus,porosus,7
21_80M_251,Nemipteridae,Nemipterus,furcosus,1
21_80M_252,Nemipteridae,Pentapodus,porosus,19
21_80M_252,Nemipteridae,Scaevius,milii,1
21_80M_252,Nemipteridae,Scolopsis,monogramma,3
21_80M_253,Nemipteridae,Pentapodus,porosus,42
21_80M_253,Nemipteridae,Scolopsis,monogramma,1
21_80M_255,Nemipteridae,Nemipterus,furcosus,3
21_80M_255,Nemipteridae,Pentapodus,porosus,1
21_80M_256,Nemipteridae,Pentapodus,emeryii,1
21_80M_256,Nemipteridae,Pentapodus,porosus,7
21_80M_256,Nemipteridae,Scolopsis,monogramma,1
21_80M_263,Nemipteridae,Nemipterus,furcosus,1
21_80M_267,Nemipteridae,Pentapodus,porosus,7
21_80M_267,Nemipteridae,Pentapodus,vitta,1
21_80M_277,Nemipteridae,Nemipterus,furcosus,7
21_80M_277,Nemipteridae,Pentapodus,porosus,51
21_80M_28,Nemipteridae,Pentapodus,porosus,6
21_80M_28,Nemipteridae,Scolopsis,monogramma,4
21_80M_280,Nemipteridae,Nemipterus,furcosus,2
21_80M_280,Nemipteridae,Pentapodus,porosus,36
21_80M_283,Nemipteridae,Pentapodus,porosus,9
21_80M_287,Nemipteridae,Pentapodus,porosus,28
21_80M_287,Nemipteridae,Scolopsis,monogramma,1
21_80M_300,Nemipteridae,Pentapodus,porosus,20
21_80M_300,Nemipteridae,Scolopsis,monogramma,4
21_80M_32,Nemipteridae,Nemipterus,furcosus,2
21_80M_32,Nemipteridae,Pentapodus,porosus,8
21_80M_33,Nemipteridae,Nemipterus,furcosus,6
21_80M_33,Nemipteridae,Pentapodus,porosus,31
21_80M_33,Nemipteridae,Scolopsis,monogramma,2
21_80M_44,Nemipteridae,Nemipterus,furcosus,3
21_80M_44,Nemipteridae,Pentapodus,porosus,11
21_80M_44,Nemipteridae,Scolopsis,monogramma,2
21_80M_47,Nemipteridae,Nemipterus,furcosus,3
21_80M_47,Nemipteridae,Pentapodus,porosus,18
21_80M_59,Nemipteridae,Pentapodus,porosus,17
21_80M_60,Nemipteridae,Nemipterus,furcosus,3
21_80M_60,Nemipteridae,Pentapodus,porosus,8
21_80M_60,Nemipteridae,Scolopsis,monogramma,2
21_80M_64,Nemipteridae,Pentapodus,porosus,2
21_80M_64,Nemipteridae,Scolopsis,monogramma,2
21_80M_65,Nemipteridae,Nemipterus,furcosus,3
21_80M_65,Nemipteridae,Pentapodus,porosus,42
21_80M_7,Nemipteridae,Nemipterus,furcosus,1
21_80M_7,Nemipteridae,Pentapodus,porosus,1
21_80M_71,Nemipteridae,Pentapodus,porosus,13
21_80M_71,Nemipteridae,Pentapodus,vitta,3
21_80M_71,Nemipteridae,Scolopsis,monogramma,1
21_80M_73,Nemipteridae,Nemipterus,furcosus,1
21_80M_73,Nemipteridae,Pentapodus,porosus,16
21_80M_73,Nemipteridae,Scolopsis,monogramma,2
21_80M_74,Nemipteridae,Pentapodus,porosus,20
21_80M_74,Nemipteridae,Scaevius,milii,1
21_80M_74,Nemipteridae,Scolopsis,monogramma,2
21_80M_76,Nemipteridae,Nemipterus,furcosus,2
21_80M_76,Nemipteridae,Pentapodus,porosus,12
21_80M_81,Nemipteridae,Pentapodus,emeryii,1
21_80M_81,Nemipteridae,Pentapodus,porosus,7
21_80M_81,Nemipteridae,Scolopsis,monogramma,2
21_80M_89,Nemipteridae,Pentapodus,porosus,9
21_80M_89,Nemipteridae,Scolopsis,monogramma,1
21_80M_92,Nemipteridae,Nemipterus,furcosus,6
21_80M_92,Nemipteridae,Pentapodus,porosus,28
20_80M_97F,Opistognathidae,Opistognathus,latitabundus,1
20_80M_11F,Ostraciidae,Ostracion,nasus,1
20_80M_121N,Ostraciidae,Ostracion,rhinorhynchos,1
20_80M_5F,Ostraciidae,Ostracion,nasus,1
20_80M_90F,Ostraciidae,Ostracion,cubicus,1
20_80M_100F,Pinguipedidae,Parapercis,nebulosa,1
20_80M_101F,Pinguipedidae,Parapercis,nebulosa,1
20_80M_102N,Pinguipedidae,Parapercis,nebulosa,1
20_80M_103N,Pinguipedidae,Parapercis,nebulosa,1
20_80M_104N,Pinguipedidae,Parapercis,nebulosa,1
20_80M_126N,Pinguipedidae,Parapercis,nebulosa,1
20_80M_127N,Pinguipedidae,Parapercis,spp,1
20_80M_129N,Pinguipedidae,Parapercis,nebulosa,1
20_80M_15N,Pinguipedidae,Parapercis,spp,1
20_80M_19F,Pinguipedidae,Parapercis,nebulosa,1
20_80M_21N,Pinguipedidae,Parapercis,clathrata,1
20_80M_22N,Pinguipedidae,Parapercis,nebulosa,3
20_80M_23N,Pinguipedidae,Parapercis,nebulosa,2
20_80M_24F,Pinguipedidae,Parapercis,nebulosa,1
20_80M_32N,Pinguipedidae,Parapercis,nebulosa,3
20_80M_38F,Pinguipedidae,Parapercis,nebulosa,1
20_80M_40N,Pinguipedidae,Parapercis,nebulosa,1
20_80M_41N,Pinguipedidae,Parapercis,nebulosa,1
20_80M_45N,Pinguipedidae,Parapercis,nebulosa,2
20_80M_46N,Pinguipedidae,Parapercis,nebulosa,1
20_80M_47N,Pinguipedidae,Parapercis,nebulosa,1
20_80M_4N,Pinguipedidae,Parapercis,nebulosa,1
20_80M_52N,Pinguipedidae,Parapercis,nebulosa,1
20_80M_53N,Pinguipedidae,Parapercis,nebulosa,1
20_80M_57F,Pinguipedidae,Parapercis,nebulosa,1
20_80M_57N,Pinguipedidae,Parapercis,nebulosa,1
20_80M_58N,Pinguipedidae,Parapercis,nebulosa,1
20_80M_59N,Pinguipedidae,Parapercis,nebulosa,2
20_80M_62N,Pinguipedidae,Parapercis,nebulosa,2
20_80M_66F,Pinguipedidae,Parapercis,spp,1
20_80M_68F,Pinguipedidae,Parapercis,nebulosa,1
20_80M_69F,Pinguipedidae,Parapercis,nebulosa,1
20_80M_73F,Pinguipedidae,Parapercis,nebulosa,2
20_80M_74F,Pinguipedidae,Parapercis,nebulosa,1
20_80M_86F,Pinguipedidae,Parapercis,nebulosa,1
20_80M_94F,Pinguipedidae,Parapercis,nebulosa,4
21_80M_127,Pinguipedidae,Parapercis,nebulosa,1
21_80M_159,Pinguipedidae,Parapercis,nebulosa,1
21_80M_204,Pinguipedidae,Parapercis,nebulosa,1
21_80M_215,Pinguipedidae,Parapercis,nebulosa,1
21_80M_92,Pinguipedidae,Parapercis,nebulosa,1
20_80M_11N,Platycephalidae,Cymbacephalus,spp,1
20_80M_30N,Platycephalidae,Cymbacephalus,spp,1
20_80M_57N,Platycephalidae,Platycephalus,westraliae,1
20_80M_59N,Platycephalidae,Platycephalus,westraliae,1
21_80M_153,Platycephalidae,Platycephalidae,spp,1
21_80M_47,Platycephalidae,Platycephalus,westraliae,1
20_80M_114N,Plotosidae,Paraplotosus,butleri,1
20_80M_17F,Plotosidae,Paraplotosus,butleri,1
20_80M_100F,Pomacanthidae,Chaetodontoplus,duboulayi,1
20_80M_100N,Pomacanthidae,Chaetodontoplus,duboulayi,1
20_80M_101F,Pomacanthidae,Chaetodontoplus,duboulayi,1
20_80M_101N,Pomacanthidae,Chaetodontoplus,duboulayi,2
20_80M_102F,Pomacanthidae,Chaetodontoplus,duboulayi,1
20_80M_103F,Pomacanthidae,Chaetodontoplus,duboulayi,2
20_80M_103N,Pomacanthidae,Chaetodontoplus,duboulayi,1
20_80M_104F,Pomacanthidae,Chaetodontoplus,duboulayi,2
20_80M_104N,Pomacanthidae,Chaetodontoplus,duboulayi,1
20_80M_106N,Pomacanthidae,Chaetodontoplus,duboulayi,1
20_80M_106N,Pomacanthidae,Chaetodontoplus,personifer,1
20_80M_10F,Pomacanthidae,Chaetodontoplus,duboulayi,3
20_80M_110N,Pomacanthidae,Chaetodontoplus,duboulayi,1
20_80M_112N,Pomacanthidae,Chaetodontoplus,duboulayi,3
20_80M_113N,Pomacanthidae,Chaetodontoplus,duboulayi,1
20_80M_114N,Pomacanthidae,Chaetodontoplus,duboulayi,4
20_80M_115N,Pomacanthidae,Chaetodontoplus,duboulayi,1
20_80M_116N,Pomacanthidae,Chaetodontoplus,duboulayi,3
20_80M_118N,Pomacanthidae,Chaetodontoplus,duboulayi,2
20_80M_118N,Pomacanthidae,Chromis,sahulensis,1
20_80M_119N,Pomacanthidae,Chaetodontoplus,duboulayi,3
20_80M_11F,Pomacanthidae,Chaetodontoplus,duboulayi,2
20_80M_121N,Pomacanthidae,Chaetodontoplus,duboulayi,4
20_80M_121N,Pomacanthidae,Chromis,sahulensis,27
20_80M_122N,Pomacanthidae,Chaetodontoplus,duboulayi,1
20_80M_123N,Pomacanthidae,Chaetodontoplus,duboulayi,5
20_80M_125N,Pomacanthidae,Chaetodontoplus,duboulayi,2
20_80M_127N,Pomacanthidae,Chaetodontoplus,duboulayi,2
20_80M_128N,Pomacanthidae,Chaetodontoplus,duboulayi,2
20_80M_128N,Pomacanthidae,Chaetodontoplus,personifer,2
20_80M_12F,Pomacanthidae,Chaetodontoplus,duboulayi,1
20_80M_130N,Pomacanthidae,Chaetodontoplus,duboulayi,2
20_80M_133N,Pomacanthidae,Chaetodontoplus,duboulayi,1
20_80M_14F,Pomacanthidae,Chaetodontoplus,duboulayi,2
20_80M_14N,Pomacanthidae,Chaetodontoplus,duboulayi,3
20_80M_15F,Pomacanthidae,Chaetodontoplus,duboulayi,3
20_80M_16F,Pomacanthidae,Chaetodontoplus,duboulayi,3
20_80M_17F,Pomacanthidae,Chaetodontoplus,duboulayi,1
20_80M_18F,Pomacanthidae,Chaetodontoplus,duboulayi,1
20_80M_19F,Pomacanthidae,Chaetodontoplus,duboulayi,1
20_80M_19N,Pomacanthidae,Chaetodontoplus,duboulayi,2
20_80M_20F,Pomacanthidae,Chaetodontoplus,duboulayi,1
20_80M_20N,Pomacanthidae,Chaetodontoplus,duboulayi,1
20_80M_21F,Pomacanthidae,Chaetodontoplus,duboulayi,4
20_80M_22F,Pomacanthidae,Chaetodontoplus,duboulayi,2
20_80M_23F,Pomacanthidae,Chaetodontoplus,duboulayi,3
20_80M_24F,Pomacanthidae,Chaetodontoplus,duboulayi,5
20_80M_24N,Pomacanthidae,Chaetodontoplus,duboulayi,3
20_80M_25F,Pomacanthidae,Chaetodontoplus,duboulayi,3
20_80M_25N,Pomacanthidae,Chaetodontoplus,duboulayi,4
20_80M_26F,Pomacanthidae,Chaetodontoplus,duboulayi,4
20_80M_26N,Pomacanthidae,Chaetodontoplus,duboulayi,1
20_80M_27N,Pomacanthidae,Chaetodontoplus,duboulayi,2
20_80M_28F,Pomacanthidae,Chaetodontoplus,duboulayi,1
20_80M_28N,Pomacanthidae,Chaetodontoplus,duboulayi,2
20_80M_29N,Pomacanthidae,Chaetodontoplus,duboulayi,3
20_80M_29N,Pomacanthidae,Chaetodontoplus,personifer,2
20_80M_2F,Pomacanthidae,Chaetodontoplus,duboulayi,2
20_80M_30F,Pomacanthidae,Chromis,sahulensis,3
20_80M_31F,Pomacanthidae,Chaetodontoplus,duboulayi,2
20_80M_32F,Pomacanthidae,Chaetodontoplus,duboulayi,3
20_80M_32F,Pomacanthidae,Chaetodontoplus,personifer,1
20_80M_33F,Pomacanthidae,Chaetodontoplus,duboulayi,3
20_80M_33N,Pomacanthidae,Chaetodontoplus,duboulayi,2
20_80M_34F,Pomacanthidae,Chaetodontoplus,duboulayi,2
20_80M_35F,Pomacanthidae,Chaetodontoplus,duboulayi,3
20_80M_35N,Pomacanthidae,Chaetodontoplus,duboulayi,3
20_80M_36N,Pomacanthidae,Chaetodontoplus,duboulayi,1
20_80M_37F,Pomacanthidae,Chaetodontoplus,duboulayi,2
20_80M_37F,Pomacanthidae,Pomacanthus,sexstriatus,2
20_80M_37N,Pomacanthidae,Chaetodontoplus,duboulayi,1
20_80M_38N,Pomacanthidae,Chaetodontoplus,duboulayi,2
20_80M_39F,Pomacanthidae,Chaetodontoplus,duboulayi,2
20_80M_3F,Pomacanthidae,Chaetodontoplus,duboulayi,1
20_80M_40F,Pomacanthidae,Chaetodontoplus,duboulayi,1
20_80M_40F,Pomacanthidae,Chromis,sahulensis,5
20_80M_41F,Pomacanthidae,Chaetodontoplus,duboulayi,4
20_80M_41F,Pomacanthidae,Chromis,sahulensis,1
20_80M_42F,Pomacanthidae,Chaetodontoplus,duboulayi,2
20_80M_43F,Pomacanthidae,Chaetodontoplus,duboulayi,2
20_80M_45F,Pomacanthidae,Chaetodontoplus,duboulayi,1
20_80M_46F,Pomacanthidae,Chaetodontoplus,duboulayi,1
20_80M_47F,Pomacanthidae,Chaetodontoplus,duboulayi,2
20_80M_48F,Pomacanthidae,Chaetodontoplus,duboulayi,2
20_80M_49F,Pomacanthidae,Chaetodontoplus,duboulayi,2
20_80M_4F,Pomacanthidae,Chaetodontoplus,duboulayi,2
20_80M_4F,Pomacanthidae,Chaetodontoplus,personifer,1
20_80M_50F,Pomacanthidae,Chaetodontoplus,duboulayi,2
20_80M_51F,Pomacanthidae,Chaetodontoplus,duboulayi,1
20_80M_52F,Pomacanthidae,Chaetodontoplus,duboulayi,2
20_80M_53F,Pomacanthidae,Chaetodontoplus,duboulayi,2
20_80M_54F,Pomacanthidae,Chaetodontoplus,duboulayi,1
20_80M_56F,Pomacanthidae,Chaetodontoplus,duboulayi,1
20_80M_56N,Pomacanthidae,Chaetodontoplus,duboulayi,4
20_80M_57F,Pomacanthidae,Chaetodontoplus,duboulayi,2
20_80M_58F,Pomacanthidae,Chaetodontoplus,duboulayi,2
20_80M_59F,Pomacanthidae,Chaetodontoplus,duboulayi,1
20_80M_5F,Pomacanthidae,Chaetodontoplus,duboulayi,1
20_80M_5N,Pomacanthidae,Chaetodontoplus,duboulayi,2
20_80M_60F,Pomacanthidae,Chaetodontoplus,duboulayi,3
20_80M_60N,Pomacanthidae,Chaetodontoplus,duboulayi,1
20_80M_61F,Pomacanthidae,Chaetodontoplus,personifer,1
20_80M_62F,Pomacanthidae,Chaetodontoplus,duboulayi,2
20_80M_63F,Pomacanthidae,Chaetodontoplus,duboulayi,1
20_80M_63N,Pomacanthidae,Chaetodontoplus,duboulayi,1
20_80M_63N,Pomacanthidae,Chaetodontoplus,personifer,1
20_80M_64N,Pomacanthidae,Chaetodontoplus,duboulayi,1
20_80M_65F,Pomacanthidae,Chaetodontoplus,duboulayi,1
20_80M_66F,Pomacanthidae,Chaetodontoplus,duboulayi,1
20_80M_66N,Pomacanthidae,Chaetodontoplus,duboulayi,2
20_80M_67F,Pomacanthidae,Chaetodontoplus,duboulayi,1
20_80M_6F,Pomacanthidae,Chaetodontoplus,duboulayi,1
20_80M_71F,Pomacanthidae,Chaetodontoplus,duboulayi,1
20_80M_72F,Pomacanthidae,Chaetodontoplus,duboulayi,1
20_80M_73F,Pomacanthidae,Chaetodontoplus,duboulayi,2
20_80M_75F,Pomacanthidae,Chaetodontoplus,duboulayi,2
20_80M_76F,Pomacanthidae,Chaetodontoplus,duboulayi,1
20_80M_77F,Pomacanthidae,Chaetodontoplus,duboulayi,1
20_80M_7F,Pomacanthidae,Chaetodontoplus,duboulayi,3
20_80M_7F,Pomacanthidae,Chromis,sahulensis,1
20_80M_7N,Pomacanthidae,Chaetodontoplus,duboulayi,1
20_80M_81F,Pomacanthidae,Chaetodontoplus,duboulayi,1
20_80M_81F,Pomacanthidae,Chromis,sahulensis,10
20_80M_82F,Pomacanthidae,Chaetodontoplus,duboulayi,1
20_80M_83F,Pomacanthidae,Chaetodontoplus,duboulayi,2
20_80M_84F,Pomacanthidae,Chaetodontoplus,duboulayi,3
20_80M_84F,Pomacanthidae,Chaetodontoplus,personifer,1
20_80M_84N,Pomacanthidae,Chaetodontoplus,duboulayi,1
20_80M_85F,Pomacanthidae,Chaetodontoplus,duboulayi,2
20_80M_85N,Pomacanthidae,Chaetodontoplus,duboulayi,2
20_80M_86N,Pomacanthidae,Chaetodontoplus,duboulayi,2
20_80M_87F,Pomacanthidae,Chaetodontoplus,duboulayi,1
20_80M_88F,Pomacanthidae,Chaetodontoplus,duboulayi,1
20_80M_88N,Pomacanthidae,Chaetodontoplus,duboulayi,2
20_80M_89F,Pomacanthidae,Chaetodontoplus,duboulayi,3
20_80M_89N,Pomacanthidae,Chaetodontoplus,duboulayi,1
20_80M_90F,Pomacanthidae,Chaetodontoplus,duboulayi,1
20_80M_93F,Pomacanthidae,Chaetodontoplus,duboulayi,1
20_80M_94F,Pomacanthidae,Chaetodontoplus,duboulayi,2
20_80M_95F,Pomacanthidae,Chaetodontoplus,duboulayi,3
20_80M_96F,Pomacanthidae,Chaetodontoplus,duboulayi,2
20_80M_97F,Pomacanthidae,Chaetodontoplus,duboulayi,1
20_80M_98F,Pomacanthidae,Chaetodontoplus,duboulayi,1
20_80M_98N,Pomacanthidae,Chaetodontoplus,duboulayi,1
20_80M_99N,Pomacanthidae,Chaetodontoplus,duboulayi,1
20_80M_9F,Pomacanthidae,Chaetodontoplus,duboulayi,1
20_80M_9N,Pomacanthidae,Chaetodontoplus,duboulayi,2
21_80M_01,Pomacanthidae,Chaetodontoplus,duboulayi,1
21_80M_102,Pomacanthidae,Chaetodontoplus,duboulayi,1
21_80M_105,Pomacanthidae,Chaetodontoplus,duboulayi,1
21_80M_117,Pomacanthidae,Chaetodontoplus,duboulayi,2
21_80M_12,Pomacanthidae,Chaetodontoplus,duboulayi,2
21_80M_121,Pomacanthidae,Chaetodontoplus,duboulayi,1
21_80M_129,Pomacanthidae,Chaetodontoplus,duboulayi,2
21_80M_137,Pomacanthidae,Chaetodontoplus,duboulayi,2
21_80M_140,Pomacanthidae,Chaetodontoplus,duboulayi,2
21_80M_153,Pomacanthidae,Chaetodontoplus,duboulayi,2
21_80M_162,Pomacanthidae,Chaetodontoplus,duboulayi,1
21_80M_172,Pomacanthidae,Chaetodontoplus,duboulayi,1
21_80M_192,Pomacanthidae,Chaetodontoplus,duboulayi,3
21_80M_201,Pomacanthidae,Chaetodontoplus,duboulayi,4
21_80M_226,Pomacanthidae,Chaetodontoplus,duboulayi,1
21_80M_236,Pomacanthidae,Chaetodontoplus,duboulayi,2
21_80M_245,Pomacanthidae,Chaetodontoplus,duboulayi,1
21_80M_248,Pomacanthidae,Chaetodontoplus,duboulayi,2
21_80M_25,Pomacanthidae,Chaetodontoplus,duboulayi,1
21_80M_252,Pomacanthidae,Chaetodontoplus,duboulayi,1
21_80M_253,Pomacanthidae,Chaetodontoplus,duboulayi,2
21_80M_256,Pomacanthidae,Chaetodontoplus,duboulayi,2
21_80M_28,Pomacanthidae,Chaetodontoplus,duboulayi,2
21_80M_300,Pomacanthidae,Chaetodontoplus,duboulayi,3
21_80M_44,Pomacanthidae,Chaetodontoplus,duboulayi,1
21_80M_64,Pomacanthidae,Chaetodontoplus,duboulayi,1
21_80M_65,Pomacanthidae,Chaetodontoplus,duboulayi,1
21_80M_71,Pomacanthidae,Chaetodontoplus,duboulayi,1
21_80M_73,Pomacanthidae,Chaetodontoplus,duboulayi,2
21_80M_74,Pomacanthidae,Chaetodontoplus,duboulayi,2
21_80M_81,Pomacanthidae,Chaetodontoplus,duboulayi,2
21_80M_89,Pomacanthidae,Chaetodontoplus,duboulayi,2
20_80M_104N,Pomacentridae,Amphiprion,clarkii,3
20_80M_121N,Pomacentridae,Acanthochromis,polyacanthus,8
20_80M_28F,Pomacentridae,Neopomacentrus,aktites,3
20_80M_30F,Pomacentridae,Pristotis,obtusirostris,3
20_80M_33N,Pomacentridae,Abudefduf,bengalensis,1
20_80M_34F,Pomacentridae,Neopomacentrus,aktites,2
20_80M_36N,Pomacentridae,Abudefduf,bengalensis,2
20_80M_40F,Pomacentridae,Neopomacentrus,aktites,3
20_80M_47F,Pomacentridae,Pristotis,obtusirostris,1
20_80M_59N,Pomacentridae,Pristotis,obtusirostris,1
20_80M_74F,Pomacentridae,Pristotis,obtusirostris,1
20_80M_81F,Pomacentridae,Neopomacentrus,aktites,4
20_80M_84F,Pomacentridae,Pristotis,obtusirostris,11
20_80M_86F,Pomacentridae,Pristotis,obtusirostris,8
20_80M_92F,Pomacentridae,Pristotis,obtusirostris,29
21_80M_105,Pomacentridae,Neopomacentrus,aktites,3
21_80M_12,Pomacentridae,Neopomacentrus,aktites,2
21_80M_17,Pomacentridae,Pristotis,obtusirostris,1
21_80M_25,Pomacentridae,Pristotis,obtusirostris,3
21_80M_81,Pomacentridae,Chromis,westaustralis,9
21_80M_81,Pomacentridae,Neopomacentrus,aktites,4
21_80M_108,Priacanthidae,Priacanthus,hamrur,1
21_80M_162,Priacanthidae,Priacanthus,hamrur,1
20_80M_104F,Rachycentridae,Rachycentron,canadum,5
20_80M_104N,Rachycentridae,Rachycentron,canadum,1
20_80M_107N,Rachycentridae,Rachycentron,canadum,2
20_80M_127N,Rachycentridae,Rachycentron,canadum,1
20_80M_133N,Rachycentridae,Rachycentron,canadum,1
20_80M_13F,Rachycentridae,Rachycentron,canadum,3
20_80M_16N,Rachycentridae,Rachycentron,canadum,1
20_80M_19F,Rachycentridae,Rachycentron,canadum,4
20_80M_23N,Rachycentridae,Rachycentron,canadum,1
20_80M_3N,Rachycentridae,Rachycentron,canadum,5
20_80M_48F,Rachycentridae,Rachycentron,canadum,1
20_80M_4N,Rachycentridae,Rachycentron,canadum,2
20_80M_55F,Rachycentridae,Rachycentron,canadum,2
20_80M_56F,Rachycentridae,Rachycentron,canadum,1
20_80M_60N,Rachycentridae,Rachycentron,canadum,3
20_80M_68F,Rachycentridae,Rachycentron,canadum,1
20_80M_70F,Rachycentridae,Rachycentron,canadum,4
20_80M_79F,Rachycentridae,Rachycentron,canadum,4
20_80M_7N,Rachycentridae,Rachycentron,canadum,1
20_80M_83N,Rachycentridae,Rachycentron,canadum,1
20_80M_84F,Rachycentridae,Rachycentron,canadum,2
20_80M_85F,Rachycentridae,Rachycentron,canadum,2
20_80M_88N,Rachycentridae,Rachycentron,canadum,2
20_80M_89F,Rachycentridae,Rachycentron,canadum,1
20_80M_89N,Rachycentridae,Rachycentron,canadum,1
21_80M_15,Rachycentridae,Rachycentron,canadum,1
21_80M_71,Rachycentridae,Rachycentron,canadum,1
20_80M_107N,Rhinidae,Rhynchobatus,spp,1
20_80M_11N,Rhinidae,Rhynchobatus,spp,1
20_80M_127N,Rhinidae,Rhina,ancylostomus,1
20_80M_133N,Rhinidae,Rhina,ancylostomus,1
20_80M_20N,Rhinidae,Rhynchobatus,spp,1
20_80M_24N,Rhinidae,Rhynchobatus,spp,1
20_80M_28N,Rhinidae,Rhynchobatus,spp,1
20_80M_55F,Rhinidae,Rhynchobatus,spp,1
20_80M_59N,Rhinidae,Rhynchobatus,spp,1
20_80M_68F,Rhinidae,Rhynchobatus,spp,1
20_80M_86F,Rhinidae,Rhynchobatus,spp,1
20_80M_92N,Rhinidae,Rhynchobatus,spp,1
21_80M_79,Rhinidae,Rhynchobatus,spp,1
20_80M_132N,Scaridae,Scarus,ghobban,1
20_80M_133N,Scaridae,Scarus,ghobban,1
20_80M_14F,Scaridae,Scarus,ghobban,1
20_80M_18F,Scaridae,Scarus,ghobban,3
20_80M_29N,Scaridae,Scarus,ghobban,2
20_80M_2F,Scaridae,Scarus,ghobban,2
20_80M_33N,Scaridae,Scarus,ghobban,1
20_80M_34F,Scaridae,Scarus,ghobban,1
20_80M_35F,Scaridae,Scarus,ghobban,2
20_80M_36F,Scaridae,Scarus,ghobban,1
20_80M_37F,Scaridae,Scarus,ghobban,2
20_80M_65N,Scaridae,Scarus,ghobban,1
20_80M_6F,Scaridae,Scarus,ghobban,4
20_80M_9N,Scaridae,Scarus,ghobban,1
21_80M_256,Scaridae,Scarus,ghobban,1
20_80M_100F,Scombridae,Scomberomorus,spp,4
20_80M_100N,Scombridae,Scomberomorus,spp,3
20_80M_101F,Scombridae,Scomberomorus,spp,5
20_80M_101N,Scombridae,Scomberomorus,spp,5
20_80M_102F,Scombridae,Scomberomorus,spp,3
20_80M_102N,Scombridae,Scomberomorus,spp,5
20_80M_103F,Scombridae,Scomberomorus,spp,4
20_80M_103N,Scombridae,Scomberomorus,spp,6
20_80M_104F,Scombridae,Scomberomorus,spp,2
20_80M_104N,Scombridae,Cybiosarda,elegans,3
20_80M_104N,Scombridae,Scomberomorus,spp,3
20_80M_105N,Scombridae,Scomberomorus,spp,2
20_80M_106N,Scombridae,Scomberomorus,spp,2
20_80M_107N,Scombridae,Scomberomorus,spp,1
20_80M_10F,Scombridae,Scomberomorus,spp,5
20_80M_10N,Scombridae,Scomberomorus,spp,15
20_80M_110N,Scombridae,Scomberomorus,spp,1
20_80M_111N,Scombridae,Scomberomorus,spp,4
20_80M_112N,Scombridae,Scomberomorus,spp,1
20_80M_113N,Scombridae,Scomberomorus,spp,2
20_80M_114N,Scombridae,Cybiosarda,elegans,1
20_80M_114N,Scombridae,Scomberomorus,spp,6
20_80M_115N,Scombridae,Cybiosarda,elegans,1
20_80M_115N,Scombridae,Scomberomorus,spp,2
20_80M_115N,Scombridae,Thunnus,tonggol,1
20_80M_116N,Scombridae,Scomberomorus,spp,1
20_80M_117N,Scombridae,Scomberomorus,spp,1
20_80M_118N,Scombridae,Scomberomorus,spp,2
20_80M_119N,Scombridae,Scomberomorus,spp,10
20_80M_11F,Scombridae,Scomberomorus,spp,3
20_80M_11N,Scombridae,Cybiosarda,elegans,1
20_80M_11N,Scombridae,Scomberomorus,spp,8
20_80M_120N,Scombridae,Scomberomorus,spp,2
20_80M_121N,Scombridae,Scomberomorus,spp,1
20_80M_122N,Scombridae,Scomberomorus,spp,1
20_80M_123N,Scombridae,Scomberomorus,spp,3
20_80M_124N,Scombridae,Scomberomorus,spp,1
20_80M_125N,Scombridae,Scomberomorus,spp,2
20_80M_126N,Scombridae,Scomberomorus,spp,2
20_80M_127N,Scombridae,Scomberomorus,spp,2
20_80M_128N,Scombridae,Scomberomorus,spp,3
20_80M_129N,Scombridae,Scomberomorus,spp,1
20_80M_12F,Scombridae,Scomberomorus,spp,1
20_80M_130N,Scombridae,Scomberomorus,spp,1
20_80M_131N,Scombridae,Scomberomorus,spp,1
20_80M_133N,Scombridae,Scomberomorus,spp,1
20_80M_13F,Scombridae,Scomberomorus,spp,2
20_80M_13N,Scombridae,Cybiosarda,elegans,2
20_80M_13N,Scombridae,Scomberomorus,spp,2
20_80M_14F,Scombridae,Cybiosarda,elegans,1
20_80M_14F,Scombridae,Scomberomorus,spp,3
20_80M_14N,Scombridae,Scomberomorus,spp,3
20_80M_15F,Scombridae,Scomberomorus,spp,3
20_80M_15N,Scombridae,Scomberomorus,spp,2
20_80M_16F,Scombridae,Scomberomorus,spp,3
20_80M_16N,Scombridae,Cybiosarda,elegans,1
20_80M_16N,Scombridae,Scomberomorus,spp,4
20_80M_17F,Scombridae,Scomberomorus,spp,2
20_80M_17N,Scombridae,Cybiosarda,elegans,9
20_80M_17N,Scombridae,Scomberomorus,spp,3
20_80M_18F,Scombridae,Scomberomorus,spp,2
20_80M_18N,Scombridae,Scomberomorus,spp,2
20_80M_19F,Scombridae,Scomberomorus,spp,2
20_80M_19N,Scombridae,Scomberomorus,spp,2
20_80M_1F,Scombridae,Scomberomorus,spp,3
20_80M_1N,Scombridae,Scomberomorus,spp,2
20_80M_20F,Scombridae,Scomberomorus,spp,2
20_80M_20N,Scombridae,Scomberomorus,spp,5
20_80M_21F,Scombridae,Scomberomorus,spp,5
20_80M_21N,Scombridae,Scomberomorus,spp,5
20_80M_22F,Scombridae,Scomberomorus,spp,1
20_80M_22N,Scombridae,Cybiosarda,elegans,1
20_80M_22N,Scombridae,Scomberomorus,spp,10
20_80M_22N,Scombridae,Thunnus,tonggol,1
20_80M_23F,Scombridae,Scomberomorus,spp,1
20_80M_23N,Scombridae,Cybiosarda,elegans,3
20_80M_23N,Scombridae,Scomberomorus,spp,3
20_80M_24F,Scombridae,Scomberomorus,spp,5
20_80M_24N,Scombridae,Scomberomorus,spp,7
20_80M_25F,Scombridae,Scomberomorus,spp,5
20_80M_25N,Scombridae,Scomberomorus,spp,3
20_80M_26F,Scombridae,Scomberomorus,spp,2
20_80M_26N,Scombridae,Scomberomorus,spp,8
20_80M_27F,Scombridae,Scomberomorus,spp,2
20_80M_27N,Scombridae,Scomberomorus,spp,5
20_80M_28F,Scombridae,Scomberomorus,spp,1
20_80M_28N,Scombridae,Scomberomorus,spp,6
20_80M_29F,Scombridae,Scomberomorus,spp,2
20_80M_29N,Scombridae,Scomberomorus,spp,5
20_80M_2F,Scombridae,Scomberomorus,spp,1
20_80M_2N,Scombridae,Scomberomorus,spp,4
20_80M_30F,Scombridae,Scomberomorus,spp,1
20_80M_30N,Scombridae,Scomberomorus,spp,2
20_80M_31F,Scombridae,Scomberomorus,spp,4
20_80M_31N,Scombridae,Scomberomorus,spp,1
20_80M_32F,Scombridae,Scomberomorus,spp,3
20_80M_32N,Scombridae,Scomberomorus,spp,1
20_80M_33F,Scombridae,Scomberomorus,spp,2
20_80M_33N,Scombridae,Scomberomorus,spp,1
20_80M_34F,Scombridae,Scomberomorus,spp,1
20_80M_34N,Scombridae,Scomberomorus,spp,2
20_80M_35F,Scombridae,Scomberomorus,spp,2
20_80M_35N,Scombridae,Scomberomorus,spp,1
20_80M_36F,Scombridae,Scomberomorus,spp,1
20_80M_36N,Scombridae,Scomberomorus,spp,2
20_80M_37F,Scombridae,Scomberomorus,spp,2
20_80M_37N,Scombridae,Scomberomorus,spp,1
20_80M_38F,Scombridae,Scomberomorus,spp,3
20_80M_38N,Scombridae,Scomberomorus,spp,1
20_80M_39F,Scombridae,Scomberomorus,spp,2
20_80M_39N,Scombridae,Scomberomorus,spp,1
20_80M_3F,Scombridae,Scomberomorus,spp,2
20_80M_3N,Scombridae,Scomberomorus,spp,5
20_80M_40F,Scombridae,Scomberomorus,spp,1
20_80M_40N,Scombridae,Scomberomorus,spp,2
20_80M_41F,Scombridae,Scomberomorus,spp,1
20_80M_41N,Scombridae,Cybiosarda,elegans,2
20_80M_41N,Scombridae,Scomberomorus,spp,2
20_80M_42F,Scombridae,Scomberomorus,spp,3
20_80M_42N,Scombridae,Scomberomorus,spp,3
20_80M_43F,Scombridae,Scomberomorus,spp,2
20_80M_43N,Scombridae,Scomberomorus,spp,3
20_80M_44F,Scombridae,Scomberomorus,spp,3
20_80M_44N,Scombridae,Scomberomorus,spp,2
20_80M_45F,Scombridae,Scomberomorus,spp,5
20_80M_45N,Scombridae,Scomberomorus,spp,5
20_80M_46F,Scombridae,Scomberomorus,spp,4
20_80M_46N,Scombridae,Scomberomorus,spp,3
20_80M_47F,Scombridae,Scomberomorus,spp,3
20_80M_47N,Scombridae,Scomberomorus,spp,6
20_80M_48F,Scombridae,Scomberomorus,spp,4
20_80M_48N,Scombridae,Scomberomorus,spp,5
20_80M_49F,Scombridae,Scomberomorus,spp,3
20_80M_49N,Scombridae,Scomberomorus,spp,4
20_80M_4F,Scombridae,Scomberomorus,spp,3
20_80M_4N,Scombridae,Scomberomorus,spp,4
20_80M_50F,Scombridae,Scomberomorus,spp,7
20_80M_50N,Scombridae,Scomberomorus,spp,1
20_80M_51F,Scombridae,Scomberomorus,spp,4
20_80M_52F,Scombridae,Cybiosarda,elegans,1
20_80M_52F,Scombridae,Scomberomorus,spp,4
20_80M_52N,Scombridae,Scomberomorus,spp,2
20_80M_53F,Scombridae,Scomberomorus,spp,3
20_80M_53N,Scombridae,Scomberomorus,spp,3
20_80M_54F,Scombridae,Scomberomorus,spp,3
20_80M_54N,Scombridae,Cybiosarda,elegans,1
20_80M_54N,Scombridae,Scomberomorus,spp,4
20_80M_55F,Scombridae,Scomberomorus,spp,3
20_80M_55N,Scombridae,Scomberomorus,spp,4
20_80M_56F,Scombridae,Scomberomorus,spp,3
20_80M_56N,Scombridae,Scomberomorus,spp,4
20_80M_57F,Scombridae,Scomberomorus,spp,2
20_80M_57N,Scombridae,Scomberomorus,spp,2
20_80M_58F,Scombridae,Scomberomorus,spp,4
20_80M_58N,Scombridae,Cybiosarda,elegans,1
20_80M_58N,Scombridae,Scomberomorus,spp,4
20_80M_59F,Scombridae,Scomberomorus,spp,2
20_80M_59N,Scombridae,Scomberomorus,spp,7
20_80M_5F,Scombridae,Scomberomorus,spp,2
20_80M_5N,Scombridae,Cybiosarda,elegans,1
20_80M_5N,Scombridae,Scomberomorus,spp,4
20_80M_60F,Scombridae,Cybiosarda,elegans,1
20_80M_60F,Scombridae,Scomberomorus,spp,4
20_80M_60N,Scombridae,Cybiosarda,elegans,2
20_80M_60N,Scombridae,Scomberomorus,spp,4
20_80M_61F,Scombridae,Scomberomorus,spp,2
20_80M_61N,Scombridae,Scomberomorus,spp,3
20_80M_62F,Scombridae,Scomberomorus,spp,1
20_80M_62N,Scombridae,Scomberomorus,spp,3
20_80M_63F,Scombridae,Scomberomorus,spp,3
20_80M_63N,Scombridae,Scomberomorus,spp,5
20_80M_64F,Scombridae,Scomberomorus,spp,3
20_80M_64N,Scombridae,Scomberomorus,spp,3
20_80M_65F,Scombridae,Scomberomorus,spp,9
20_80M_65N,Scombridae,Scomberomorus,spp,2
20_80M_66F,Scombridae,Scomberomorus,spp,2
20_80M_66N,Scombridae,Scomberomorus,spp,4
20_80M_67F,Scombridae,Scomberomorus,spp,2
20_80M_67N,Scombridae,Scomberomorus,spp,2
20_80M_68F,Scombridae,Cybiosarda,elegans,6
20_80M_68F,Scombridae,Scomberomorus,spp,2
20_80M_68N,Scombridae,Scomberomorus,spp,3
20_80M_69F,Scombridae,Cybiosarda,elegans,1
20_80M_69F,Scombridae,Scomberomorus,spp,5
20_80M_69N,Scombridae,Scomberomorus,spp,2
20_80M_6F,Scombridae,Scomberomorus,spp,3
20_80M_70F,Scombridae,Scomberomorus,spp,4
20_80M_71F,Scombridae,Scomberomorus,spp,4
20_80M_72F,Scombridae,Scomberomorus,spp,4
20_80M_72N,Scombridae,Scomberomorus,spp,2
20_80M_73F,Scombridae,Scomberomorus,spp,6
20_80M_74F,Scombridae,Scomberomorus,spp,4
20_80M_75F,Scombridae,Scomberomorus,spp,4
20_80M_76F,Scombridae,Scomberomorus,spp,1
20_80M_77F,Scombridae,Scomberomorus,spp,4
20_80M_78F,Scombridae,Scomberomorus,spp,2
20_80M_79F,Scombridae,Scomberomorus,spp,3
20_80M_7F,Scombridae,Scomberomorus,spp,2
20_80M_7N,Scombridae,Scomberomorus,spp,4
20_80M_80F,Scombridae,Scomberomorus,spp,3
20_80M_81F,Scombridae,Scomberomorus,spp,2
20_80M_82F,Scombridae,Scomberomorus,spp,3
20_80M_82N,Scombridae,Scomberomorus,spp,1
20_80M_83F,Scombridae,Scomberomorus,spp,1
20_80M_83N,Scombridae,Scomberomorus,spp,1
20_80M_84F,Scombridae,Scomberomorus,spp,1
20_80M_84N,Scombridae,Scomberomorus,spp,2
20_80M_85F,Scombridae,Scomberomorus,spp,1
20_80M_85N,Scombridae,Scomberomorus,spp,3
20_80M_86F,Scombridae,Scomberomorus,spp,2
20_80M_86N,Scombridae,Scomberomorus,spp,2
20_80M_87F,Scombridae,Scomberomorus,spp,2
20_80M_87N,Scombridae,Scomberomorus,spp,2
20_80M_88F,Scombridae,Scomberomorus,spp,2
20_80M_88N,Scombridae,Scomberomorus,spp,8
20_80M_89F,Scombridae,Scomberomorus,spp,2
20_80M_89N,Scombridae,Cybiosarda,elegans,1
20_80M_89N,Scombridae,Scomberomorus,spp,4
20_80M_8F,Scombridae,Cybiosarda,elegans,1
20_80M_8F,Scombridae,Scomberomorus,spp,4
20_80M_90F,Scombridae,Scomberomorus,spp,1
20_80M_90N,Scombridae,Scomberomorus,spp,15
20_80M_91N,Scombridae,Scomberomorus,spp,3
20_80M_92F,Scombridae,Scomberomorus,spp,5
20_80M_92F,Scombridae,Thunnus,spp,1
20_80M_92N,Scombridae,Scomberomorus,spp,4
20_80M_93F,Scombridae,Scomberomorus,spp,3
20_80M_93N,Scombridae,Scomberomorus,spp,3
20_80M_94F,Scombridae,Scomberomorus,spp,4
20_80M_94N,Scombridae,Scomberomorus,spp,1
20_80M_95F,Scombridae,Scomberomorus,spp,3
20_80M_96F,Scombridae,Scomberomorus,spp,5
20_80M_96N,Scombridae,Scomberomorus,spp,3
20_80M_97F,Scombridae,Scomberomorus,spp,3
20_80M_97N,Scombridae,Scomberomorus,spp,2
20_80M_98F,Scombridae,Scomberomorus,spp,4
20_80M_98N,Scombridae,Scomberomorus,spp,4
20_80M_99F,Scombridae,Scomberomorus,spp,3
20_80M_99N,Scombridae,Scomberomorus,spp,1
20_80M_9F,Scombridae,Scomberomorus,spp,2
20_80M_9N,Scombridae,Scomberomorus,spp,4
21_80M_01,Scombridae,Scomberomorus,spp,3
21_80M_102,Scombridae,Cybiosarda,elegans,9
21_80M_102,Scombridae,Scomberomorus,spp,4
21_80M_105,Scombridae,Scomberomorus,spp,1
21_80M_107,Scombridae,Scomberomorus,spp,1
21_80M_108,Scombridae,Scomberomorus,spp,1
21_80M_11,Scombridae,Scomberomorus,spp,5
21_80M_117,Scombridae,Scomberomorus,spp,3
21_80M_118,Scombridae,Scomberomorus,spp,1
21_80M_12,Scombridae,Scomberomorus,spp,2
21_80M_123,Scombridae,Scomberomorus,spp,3
21_80M_124,Scombridae,Scomberomorus,spp,2
21_80M_127,Scombridae,Scomberomorus,spp,4
21_80M_129,Scombridae,Scomberomorus,spp,1
21_80M_135,Scombridae,Scomberomorus,spp,4
21_80M_137,Scombridae,Scomberomorus,spp,3
21_80M_139,Scombridae,Scomberomorus,spp,3
21_80M_140,Scombridae,Scomberomorus,spp,1
21_80M_143,Scombridae,Scomberomorus,spp,1
21_80M_15,Scombridae,Scomberomorus,spp,5
21_80M_151,Scombridae,Scomberomorus,spp,7
21_80M_152,Scombridae,Scomberomorus,spp,3
21_80M_153,Scombridae,Scomberomorus,spp,2
21_80M_155,Scombridae,Scomberomorus,spp,6
21_80M_159,Scombridae,Scomberomorus,spp,1
21_80M_162,Scombridae,Scomberomorus,spp,5
21_80M_17,Scombridae,Scomberomorus,spp,1
21_80M_172,Scombridae,Scomberomorus,spp,4
21_80M_175,Scombridae,Scomberomorus,spp,4
21_80M_191,Scombridae,Scomberomorus,spp,4
21_80M_192,Scombridae,Scomberomorus,spp,1
21_80M_193,Scombridae,Scomberomorus,spp,1
21_80M_199,Scombridae,Scomberomorus,spp,12
21_80M_204,Scombridae,Scomberomorus,spp,2
21_80M_207,Scombridae,Scomberomorus,spp,2
21_80M_215,Scombridae,Scomberomorus,spp,1
21_80M_220,Scombridae,Scomberomorus,spp,8
21_80M_223,Scombridae,Scomberomorus,spp,1
21_80M_226,Scombridae,Scomberomorus,spp,3
21_80M_236,Scombridae,Scomberomorus,spp,2
21_80M_24,Scombridae,Scomberomorus,spp,3
21_80M_245,Scombridae,Scomberomorus,spp,1
21_80M_247,Scombridae,Scomberomorus,spp,5
21_80M_248,Scombridae,Scomberomorus,spp,3
21_80M_25,Scombridae,Scomberomorus,spp,1
21_80M_251,Scombridae,Scomberomorus,spp,4
21_80M_252,Scombridae,Scomberomorus,spp,3
21_80M_253,Scombridae,Cybiosarda,elegans,1
21_80M_253,Scombridae,Scomberomorus,spp,7
21_80M_255,Scombridae,Scomberomorus,spp,4
21_80M_256,Scombridae,Scomberomorus,spp,1
21_80M_263,Scombridae,Scomberomorus,spp,4
21_80M_267,Scombridae,Scomberomorus,spp,4
21_80M_28,Scombridae,Scomberomorus,spp,5
21_80M_280,Scombridae,Scomberomorus,spp,5
21_80M_283,Scombridae,Scomberomorus,spp,11
21_80M_287,Scombridae,Scomberomorus,spp,2
21_80M_300,Scombridae,Scomberomorus,spp,1
21_80M_32,Scombridae,Scomberomorus,spp,2
21_80M_33,Scombridae,Scomberomorus,spp,1
21_80M_44,Scombridae,Scomberomorus,spp,3
21_80M_47,Scombridae,Scomberomorus,spp,3
21_80M_59,Scombridae,Scomberomorus,spp,3
21_80M_60,Scombridae,Scomberomorus,spp,1
21_80M_63,Scombridae,Scomberomorus,spp,3
21_80M_64,Scombridae,Scomberomorus,spp,1
21_80M_65,Scombridae,Scomberomorus,spp,1
21_80M_7,Scombridae,Scomberomorus,spp,4
21_80M_71,Scombridae,Scomberomorus,spp,5
21_80M_73,Scombridae,Scomberomorus,spp,1
21_80M_74,Scombridae,Scomberomorus,spp,1
21_80M_75,Scombridae,Scomberomorus,spp,2
21_80M_76,Scombridae,Scomberomorus,spp,3
21_80M_81,Scombridae,Scomberomorus,spp,2
21_80M_88,Scombridae,Scomberomorus,spp,2
21_80M_92,Scombridae,Scomberomorus,spp,1
21_80M_95,Scombridae,Scomberomorus,spp,4
20_80M_100N,Serranidae,Epinephelus,bilobatus,1
20_80M_100N,Serranidae,Epinephelus,bleekeri,1
20_80M_101F,Serranidae,Epinephelus,bilobatus,2
20_80M_101N,Serranidae,Epinephelus,bilobatus,4
20_80M_101N,Serranidae,Epinephelus,multinotatus,2
20_80M_101N,Serranidae,Epinephelus,quoyanus,1
20_80M_102F,Serranidae,Epinephelus,bilobatus,3
20_80M_103F,Serranidae,Epinephelus,bilobatus,3
20_80M_103F,Serranidae,Epinephelus,quoyanus,1
20_80M_104N,Serranidae,Epinephelus,bilobatus,2
20_80M_105N,Serranidae,Epinephelus,bilobatus,5
20_80M_105N,Serranidae,Epinephelus,bleekeri,1
20_80M_106N,Serranidae,Epinephelus,bilobatus,8
20_80M_106N,Serranidae,Epinephelus,quoyanus,1
20_80M_10F,Serranidae,Epinephelus,bilobatus,1
20_80M_10N,Serranidae,Epinephelus,bilobatus,4
20_80M_10N,Serranidae,Epinephelus,quoyanus,1
20_80M_110N,Serranidae,Epinephelus,bilobatus,5
20_80M_111N,Serranidae,Cephalopholis,boenak,1
20_80M_111N,Serranidae,Epinephelus,bilobatus,5
20_80M_112N,Serranidae,Epinephelus,bilobatus,14
20_80M_112N,Serranidae,Epinephelus,quoyanus,2
20_80M_112N,Serranidae,Plectropomus,spp,1
20_80M_113N,Serranidae,Epinephelus,multinotatus,1
20_80M_114N,Serranidae,Epinephelus,bilobatus,11
20_80M_114N,Serranidae,Epinephelus,quoyanus,1
20_80M_115N,Serranidae,Epinephelus,bilobatus,2
20_80M_115N,Serranidae,Epinephelus,coioides,1
20_80M_116N,Serranidae,Epinephelus,bilobatus,7
20_80M_116N,Serranidae,Epinephelus,quoyanus,2
20_80M_118N,Serranidae,Epinephelus,bilobatus,15
20_80M_118N,Serranidae,Plectropomus,spp,1
20_80M_119N,Serranidae,Epinephelus,bilobatus,8
20_80M_11F,Serranidae,Cephalopholis,boenak,1
20_80M_11F,Serranidae,Epinephelus,bilobatus,1
20_80M_120N,Serranidae,Epinephelus,bilobatus,2
20_80M_121N,Serranidae,Epinephelus,bilobatus,12
20_80M_121N,Serranidae,Epinephelus,coioides,1
20_80M_121N,Serranidae,Epinephelus,multinotatus,2
20_80M_121N,Serranidae,Plectropomus,spp,3
20_80M_122N,Serranidae,Epinephelus,bilobatus,2
20_80M_123N,Serranidae,Epinephelus,bilobatus,7
20_80M_123N,Serranidae,Epinephelus,multinotatus,1
20_80M_123N,Serranidae,Epinephelus,quoyanus,1
20_80M_123N,Serranidae,Plectropomus,spp,1
20_80M_124N,Serranidae,Epinephelus,bilobatus,1
20_80M_125N,Serranidae,Epinephelus,bilobatus,6
20_80M_125N,Serranidae,Epinephelus,quoyanus,1
20_80M_127N,Serranidae,Epinephelus,bilobatus,2
20_80M_128N,Serranidae,Cephalopholis,boenak,1
20_80M_128N,Serranidae,Epinephelus,bilobatus,1
20_80M_128N,Serranidae,Epinephelus,quoyanus,1
20_80M_128N,Serranidae,Plectropomus,spp,1
20_80M_129N,Serranidae,Epinephelus,bilobatus,2
20_80M_12F,Serranidae,Epinephelus,bilobatus,2
20_80M_130N,Serranidae,Epinephelus,bilobatus,1
20_80M_130N,Serranidae,Plectropomus,spp,1
20_80M_132N,Serranidae,Chromileptes,altivelis,1
20_80M_132N,Serranidae,Epinephelus,bilobatus,1
20_80M_132N,Serranidae,Epinephelus,fasciatus,1
20_80M_132N,Serranidae,Epinephelus,multinotatus,1
20_80M_132N,Serranidae,Epinephelus,quoyanus,1
20_80M_132N,Serranidae,Plectropomus,spp,2
20_80M_133N,Serranidae,Epinephelus,bilobatus,2
20_80M_133N,Serranidae,Epinephelus,coioides,1
20_80M_133N,Serranidae,Epinephelus,multinotatus,1
20_80M_133N,Serranidae,Plectropomus,spp,1
20_80M_13F,Serranidae,Epinephelus,bilobatus,3
20_80M_13N,Serranidae,Epinephelus,bilobatus,1
20_80M_13N,Serranidae,Epinephelus,quoyanus,1
20_80M_14F,Serranidae,Epinephelus,bilobatus,7
20_80M_14F,Serranidae,Epinephelus,quoyanus,3
20_80M_14F,Serranidae,Plectropomus,spp,1
20_80M_14N,Serranidae,Cephalopholis,argus,1
20_80M_14N,Serranidae,Epinephelus,bilobatus,5
20_80M_14N,Serranidae,Epinephelus,quoyanus,1
20_80M_15F,Serranidae,Epinephelus,bilobatus,2
20_80M_15F,Serranidae,Epinephelus,quoyanus,2
20_80M_16F,Serranidae,Epinephelus,bilobatus,2
20_80M_16F,Serranidae,Epinephelus,quoyanus,1
20_80M_17F,Serranidae,Epinephelus,bilobatus,4
20_80M_17F,Serranidae,Epinephelus,bleekeri,2
20_80M_17F,Serranidae,Epinephelus,coioides,1
20_80M_17F,Serranidae,Epinephelus,quoyanus,2
20_80M_17F,Serranidae,Plectropomus,spp,1
20_80M_18F,Serranidae,Epinephelus,bilobatus,4
20_80M_18F,Serranidae,Epinephelus,coioides,1
20_80M_18F,Serranidae,Epinephelus,quoyanus,3
20_80M_18F,Serranidae,Plectropomus,spp,4
20_80M_19F,Serranidae,Epinephelus,bilobatus,2
20_80M_1F,Serranidae,Epinephelus,bilobatus,1
20_80M_20F,Serranidae,Epinephelus,bilobatus,2
20_80M_20F,Serranidae,Epinephelus,quoyanus,1
20_80M_20N,Serranidae,Epinephelus,bilobatus,1
20_80M_20N,Serranidae,Epinephelus,sexfasciatus,1
20_80M_21F,Serranidae,Epinephelus,bilobatus,4
20_80M_22F,Serranidae,Epinephelus,bilobatus,9
20_80M_22F,Serranidae,Epinephelus,quoyanus,2
20_80M_22F,Serranidae,Plectropomus,spp,1
20_80M_23F,Serranidae,Cephalopholis,boenak,1
20_80M_23F,Serranidae,Epinephelus,bilobatus,3
20_80M_23F,Serranidae,Plectropomus,spp,1
20_80M_23N,Serranidae,Epinephelus,sexfasciatus,1
20_80M_24F,Serranidae,Epinephelus,bilobatus,2
20_80M_24N,Serranidae,Epinephelus,bilobatus,3
20_80M_25F,Serranidae,Epinephelus,bilobatus,2
20_80M_25F,Serranidae,Epinephelus,quoyanus,1
20_80M_25N,Serranidae,Epinephelus,sexfasciatus,2
20_80M_26F,Serranidae,Epinephelus,bilobatus,3
20_80M_26F,Serranidae,Plectropomus,spp,2
20_80M_26N,Serranidae,Epinephelus,bilobatus,3
20_80M_26N,Serranidae,Epinephelus,bleekeri,1
20_80M_26N,Serranidae,Epinephelus,multinotatus,3
20_80M_26N,Serranidae,Plectropomus,spp,1
20_80M_27F,Serranidae,Epinephelus,bilobatus,6
20_80M_27F,Serranidae,Epinephelus,quoyanus,1
20_80M_27F,Serranidae,Plectropomus,spp,1
20_80M_27N,Serranidae,Epinephelus,bilobatus,3
20_80M_28F,Serranidae,Cephalopholis,boenak,1
20_80M_28N,Serranidae,Cephalopholis,boenak,3
20_80M_28N,Serranidae,Epinephelus,bilobatus,4
20_80M_29F,Serranidae,Epinephelus,bilobatus,1
20_80M_29N,Serranidae,Cephalopholis,boenak,3
20_80M_29N,Serranidae,Epinephelus,bilobatus,4
20_80M_29N,Serranidae,Epinephelus,multinotatus,2
20_80M_2F,Serranidae,Epinephelus,bilobatus,8
20_80M_2F,Serranidae,Epinephelus,fasciatus,1
20_80M_2F,Serranidae,Epinephelus,quoyanus,4
20_80M_2F,Serranidae,Plectropomus,spp,1
20_80M_30F,Serranidae,Plectropomus,spp,1
20_80M_31F,Serranidae,Epinephelus,bilobatus,6
20_80M_32F,Serranidae,Epinephelus,bilobatus,3
20_80M_33F,Serranidae,Epinephelus,bilobatus,7
20_80M_33N,Serranidae,Epinephelus,bilobatus,6
20_80M_33N,Serranidae,Epinephelus,bleekeri,1
20_80M_33N,Serranidae,Epinephelus,coioides,2
20_80M_33N,Serranidae,Plectropomus,spp,1
20_80M_34F,Serranidae,Epinephelus,bilobatus,7
20_80M_34F,Serranidae,Epinephelus,coioides,1
20_80M_34F,Serranidae,Epinephelus,fasciatus,1
20_80M_34F,Serranidae,Plectropomus,spp,3
20_80M_35F,Serranidae,Epinephelus,bilobatus,15
20_80M_35F,Serranidae,Epinephelus,bleekeri,1
20_80M_35F,Serranidae,Plectropomus,spp,3
20_80M_35N,Serranidae,Epinephelus,bilobatus,3
20_80M_35N,Serranidae,Epinephelus,bleekeri,1
20_80M_35N,Serranidae,Epinephelus,quoyanus,1
20_80M_36F,Serranidae,Epinephelus,bilobatus,4
20_80M_36F,Serranidae,Epinephelus,multinotatus,2
20_80M_36F,Serranidae,Plectropomus,spp,2
20_80M_36N,Serranidae,Epinephelus,bilobatus,1
20_80M_36N,Serranidae,Epinephelus,multinotatus,1
20_80M_36N,Serranidae,Epinephelus,quoyanus,1
20_80M_37F,Serranidae,Epinephelus,bilobatus,3
20_80M_37F,Serranidae,Epinephelus,coioides,1
20_80M_37F,Serranidae,Epinephelus,multinotatus,3
20_80M_37F,Serranidae,Plectropomus,spp,1
20_80M_37N,Serranidae,Epinephelus,bilobatus,2
20_80M_37N,Serranidae,Epinephelus,bleekeri,3
20_80M_37N,Serranidae,Epinephelus,coioides,2
20_80M_37N,Serranidae,Epinephelus,quoyanus,1
20_80M_37N,Serranidae,Plectropomus,spp,1
20_80M_38N,Serranidae,Epinephelus,bilobatus,2
20_80M_38N,Serranidae,Epinephelus,quoyanus,1
20_80M_39F,Serranidae,Epinephelus,bilobatus,9
20_80M_39F,Serranidae,Plectropomus,spp,1
20_80M_39N,Serranidae,Epinephelus,bilobatus,3
20_80M_3F,Serranidae,Epinephelus,bilobatus,2
20_80M_3N,Serranidae,Epinephelus,bilobatus,1
20_80M_40F,Serranidae,Cephalopholis,boenak,1
20_80M_40F,Serranidae,Cephalopholis,spiloparaea,1
20_80M_40F,Serranidae,Epinephelus,bilobatus,2
20_80M_41F,Serranidae,Epinephelus,bilobatus,10
20_80M_41F,Serranidae,Epinephelus,coioides,1
20_80M_41F,Serranidae,Epinephelus,multinotatus,1
20_80M_41F,Serranidae,Epinephelus,quoyanus,1
20_80M_41F,Serranidae,Plectropomus,spp,4
20_80M_42F,Serranidae,Epinephelus,bilobatus,1
20_80M_43F,Serranidae,Epinephelus,bilobatus,13
20_80M_43F,Serranidae,Plectropomus,spp,2
20_80M_44F,Serranidae,Epinephelus,bilobatus,2
20_80M_45F,Serranidae,Epinephelus,bilobatus,1
20_80M_46F,Serranidae,Epinephelus,bilobatus,6
20_80M_48F,Serranidae,Epinephelus,bilobatus,1
20_80M_49F,Serranidae,Epinephelus,bilobatus,3
20_80M_4F,Serranidae,Epinephelus,bilobatus,5
20_80M_4N,Serranidae,Epinephelus,bleekeri,1
20_80M_50F,Serranidae,Epinephelus,bilobatus,3
20_80M_51F,Serranidae,Epinephelus,bilobatus,1
20_80M_52F,Serranidae,Epinephelus,bilobatus,2
20_80M_53F,Serranidae,Epinephelus,bilobatus,1
20_80M_54F,Serranidae,Epinephelus,bilobatus,1
20_80M_54N,Serranidae,Epinephelus,bilobatus,1
20_80M_55F,Serranidae,Cephalopholis,boenak,2
20_80M_55F,Serranidae,Epinephelus,bilobatus,2
20_80M_55F,Serranidae,Epinephelus,quoyanus,1
20_80M_55N,Serranidae,Epinephelus,bilobatus,2
20_80M_56F,Serranidae,Epinephelus,bilobatus,2
20_80M_56N,Serranidae,Epinephelus,bilobatus,2
20_80M_56N,Serranidae,Epinephelus,ongus,1
20_80M_56N,Serranidae,Epinephelus,quoyanus,2
20_80M_57F,Serranidae,Epinephelus,bilobatus,1
20_80M_57N,Serranidae,Epinephelus,bilobatus,1
20_80M_58F,Serranidae,Epinephelus,bilobatus,6
20_80M_58F,Serranidae,Epinephelus,multinotatus,1
20_80M_58F,Serranidae,Epinephelus,quoyanus,1
20_80M_58F,Serranidae,Plectropomus,spp,1
20_80M_59F,Serranidae,Epinephelus,bilobatus,2
20_80M_5F,Serranidae,Epinephelus,bilobatus,9
20_80M_5F,Serranidae,Epinephelus,bleekeri,3
20_80M_5F,Serranidae,Epinephelus,multinotatus,2
20_80M_5F,Serranidae,Epinephelus,quoyanus,1
20_80M_5F,Serranidae,Plectropomus,spp,3
20_80M_5N,Serranidae,Epinephelus,bilobatus,1
20_80M_5N,Serranidae,Epinephelus,bleekeri,1
20_80M_60F,Serranidae,Epinephelus,bilobatus,2
20_80M_60N,Serranidae,Epinephelus,bilobatus,4
20_80M_60N,Serranidae,Epinephelus,multinotatus,1
20_80M_60N,Serranidae,Epinephelus,quoyanus,1
20_80M_61F,Serranidae,Epinephelus,bilobatus,7
20_80M_61F,Serranidae,Epinephelus,multinotatus,1
20_80M_61F,Serranidae,Plectropomus,spp,1
20_80M_62F,Serranidae,Cephalopholis,boenak,1
20_80M_62F,Serranidae,Epinephelus,bilobatus,5
20_80M_62F,Serranidae,Epinephelus,quoyanus,1
20_80M_63F,Serranidae,Epinephelus,bilobatus,5
20_80M_63F,Serranidae,Epinephelus,bleekeri,1
20_80M_63F,Serranidae,Plectropomus,spp,1
20_80M_63N,Serranidae,Epinephelus,bilobatus,2
20_80M_64F,Serranidae,Epinephelus,bilobatus,4
20_80M_64F,Serranidae,Epinephelus,bleekeri,1
20_80M_64F,Serranidae,Epinephelus,coioides,2
20_80M_64F,Serranidae,Plectropomus,spp,5
20_80M_64N,Serranidae,Epinephelus,bilobatus,2
20_80M_64N,Serranidae,Epinephelus,coioides,1
20_80M_64N,Serranidae,Plectropomus,spp,1
20_80M_65N,Serranidae,Epinephelus,bilobatus,3
20_80M_65N,Serranidae,Epinephelus,coioides,3
20_80M_65N,Serranidae,Epinephelus,multinotatus,1
20_80M_65N,Serranidae,Plectropomus,spp,2
20_80M_66F,Serranidae,Epinephelus,bilobatus,5
20_80M_66F,Serranidae,Epinephelus,coioides,1
20_80M_66F,Serranidae,Plectropomus,spp,1
20_80M_66N,Serranidae,Epinephelus,bilobatus,4
20_80M_66N,Serranidae,Epinephelus,bleekeri,5
20_80M_66N,Serranidae,Epinephelus,quoyanus,2
20_80M_67F,Serranidae,Epinephelus,bilobatus,4
20_80M_67F,Serranidae,Plectropomus,spp,1
20_80M_67N,Serranidae,Epinephelus,bilobatus,1
20_80M_67N,Serranidae,Epinephelus,bleekeri,1
20_80M_6F,Serranidae,Epinephelus,bilobatus,5
20_80M_6F,Serranidae,Epinephelus,quoyanus,1
20_80M_6F,Serranidae,Plectropomus,spp,1
20_80M_75F,Serranidae,Epinephelus,bilobatus,3
20_80M_76F,Serranidae,Epinephelus,bilobatus,5
20_80M_76F,Serranidae,Epinephelus,coioides,1
20_80M_77F,Serranidae,Epinephelus,bilobatus,5
20_80M_77F,Serranidae,Plectropomus,spp,1
20_80M_78F,Serranidae,Epinephelus,bilobatus,1
20_80M_79F,Serranidae,Epinephelus,bilobatus,1
20_80M_7F,Serranidae,Epinephelus,bilobatus,11
20_80M_7F,Serranidae,Epinephelus,bleekeri,1
20_80M_7F,Serranidae,Epinephelus,coioides,2
20_80M_7F,Serranidae,Epinephelus,quoyanus,1
20_80M_7F,Serranidae,Plectropomus,spp,2
20_80M_7N,Serranidae,Epinephelus,bilobatus,2
20_80M_80F,Serranidae,Epinephelus,bilobatus,3
20_80M_80F,Serranidae,Plectropomus,spp,2
20_80M_81F,Serranidae,Epinephelus,bilobatus,6
20_80M_81F,Serranidae,Epinephelus,quoyanus,1
20_80M_82F,Serranidae,Epinephelus,bilobatus,3
20_80M_83F,Serranidae,Epinephelus,bilobatus,3
20_80M_83F,Serranidae,Epinephelus,coioides,1
20_80M_83F,Serranidae,Plectropomus,spp,1
20_80M_84F,Serranidae,Epinephelus,bilobatus,4
20_80M_84N,Serranidae,Epinephelus,bilobatus,1
20_80M_84N,Serranidae,Epinephelus,multinotatus,1
20_80M_84N,Serranidae,Epinephelus,quoyanus,1
20_80M_85F,Serranidae,Epinephelus,bilobatus,7
20_80M_85F,Serranidae,Epinephelus,quoyanus,1
20_80M_85F,Serranidae,Plectropomus,spp,2
20_80M_85N,Serranidae,Epinephelus,bilobatus,5
20_80M_85N,Serranidae,Epinephelus,quoyanus,1
20_80M_85N,Serranidae,Epinephelus,sexfasciatus,1
20_80M_86N,Serranidae,Epinephelus,bilobatus,4
20_80M_86N,Serranidae,Epinephelus,coioides,1
20_80M_87F,Serranidae,Epinephelus,multinotatus,4
20_80M_87N,Serranidae,Epinephelus,bilobatus,1
20_80M_88F,Serranidae,Epinephelus,bilobatus,1
20_80M_88F,Serranidae,Epinephelus,bleekeri,1
20_80M_88F,Serranidae,Epinephelus,multinotatus,1
20_80M_88N,Serranidae,Epinephelus,bilobatus,6
20_80M_88N,Serranidae,Plectropomus,spp,1
20_80M_89F,Serranidae,Epinephelus,bilobatus,7
20_80M_89F,Serranidae,Plectropomus,spp,1
20_80M_89N,Serranidae,Epinephelus,bilobatus,3
20_80M_89N,Serranidae,Epinephelus,quoyanus,1
20_80M_8F,Serranidae,Epinephelus,bilobatus,1
20_80M_90F,Serranidae,Epinephelus,bilobatus,13
20_80M_90F,Serranidae,Plectropomus,spp,4
20_80M_90N,Serranidae,Epinephelus,bilobatus,3
20_80M_90N,Serranidae,Epinephelus,multinotatus,1
20_80M_91N,Serranidae,Epinephelus,bilobatus,2
20_80M_91N,Serranidae,Epinephelus,bleekeri,1
20_80M_92N,Serranidae,Epinephelus,bilobatus,1
20_80M_92N,Serranidae,Epinephelus,bleekeri,1
20_80M_92N,Serranidae,Epinephelus,sexfasciatus,2
20_80M_93F,Serranidae,Epinephelus,bilobatus,1
20_80M_97F,Serranidae,Epinephelus,bilobatus,10
20_80M_97F,Serranidae,Epinephelus,quoyanus,1
20_80M_97F,Serranidae,Plectropomus,spp,2
20_80M_98F,Serranidae,Epinephelus,bilobatus,3
20_80M_98N,Serranidae,Epinephelus,bilobatus,1
20_80M_98N,Serranidae,Epinephelus,coioides,1
20_80M_99N,Serranidae,Epinephelus,bilobatus,2
20_80M_99N,Serranidae,Epinephelus,bleekeri,1
20_80M_99N,Serranidae,Epinephelus,quoyanus,1
20_80M_9F,Serranidae,Epinephelus,bilobatus,2
20_80M_9N,Serranidae,Epinephelus,bilobatus,4
20_80M_9N,Serranidae,Epinephelus,bleekeri,1
20_80M_9N,Serranidae,Epinephelus,coioides,1
20_80M_9N,Serranidae,Epinephelus,multinotatus,1
20_80M_9N,Serranidae,Plectropomus,spp,1
21_80M_102,Serranidae,Epinephelus,bilobatus,3
21_80M_102,Serranidae,Epinephelus,quoyanus,2
21_80M_105,Serranidae,Cephalopholis,boenak,1
21_80M_105,Serranidae,Epinephelus,bilobatus,3
21_80M_105,Serranidae,Plectropomus,spp,1
21_80M_108,Serranidae,Epinephelus,bilobatus,3
21_80M_108,Serranidae,Epinephelus,bleekeri,1
21_80M_108,Serranidae,Epinephelus,coioides,1
21_80M_108,Serranidae,Plectropomus,spp,2
21_80M_11,Serranidae,Epinephelus,sexfasciatus,1
21_80M_117,Serranidae,Epinephelus,bilobatus,1
21_80M_117,Serranidae,Epinephelus,quoyanus,1
21_80M_12,Serranidae,Chromileptes,altivelis,1
21_80M_12,Serranidae,Epinephelus,bilobatus,4
21_80M_12,Serranidae,Epinephelus,bleekeri,1
21_80M_12,Serranidae,Epinephelus,coioides,1
21_80M_12,Serranidae,Plectropomus,spp,1
21_80M_121,Serranidae,Epinephelus,bilobatus,1
21_80M_121,Serranidae,Plectropomus,spp,1
21_80M_124,Serranidae,Epinephelus,bilobatus,2
21_80M_127,Serranidae,Epinephelus,bleekeri,1
21_80M_127,Serranidae,Epinephelus,sexfasciatus,1
21_80M_129,Serranidae,Cephalopholis,boenak,2
21_80M_129,Serranidae,Epinephelus,bilobatus,1
21_80M_129,Serranidae,Epinephelus,quoyanus,1
21_80M_137,Serranidae,Epinephelus,coioides,2
21_80M_137,Serranidae,Plectropomus,spp,1
21_80M_139,Serranidae,Cephalopholis,boenak,1
21_80M_139,Serranidae,Epinephelus,bleekeri,4
21_80M_139,Serranidae,Epinephelus,sexfasciatus,4
21_80M_140,Serranidae,Epinephelus,bilobatus,13
21_80M_140,Serranidae,Epinephelus,coioides,1
21_80M_140,Serranidae,Plectropomus,spp,1
21_80M_15,Serranidae,Epinephelus,bleekeri,1
21_80M_15,Serranidae,Epinephelus,coioides,1
21_80M_15,Serranidae,Epinephelus,sexfasciatus,2
21_80M_153,Serranidae,Epinephelus,bilobatus,1
21_80M_159,Serranidae,Epinephelus,sexfasciatus,1
21_80M_162,Serranidae,Epinephelus,bilobatus,4
21_80M_162,Serranidae,Epinephelus,coioides,1
21_80M_191,Serranidae,Epinephelus,bilobatus,2
21_80M_191,Serranidae,Epinephelus,bleekeri,1
21_80M_191,Serranidae,Epinephelus,sexfasciatus,1
21_80M_192,Serranidae,Epinephelus,bilobatus,1
21_80M_192,Serranidae,Epinephelus,coioides,1
21_80M_193,Serranidae,Cephalopholis,boenak,1
21_80M_193,Serranidae,Epinephelus,coioides,1
21_80M_201,Serranidae,Epinephelus,bilobatus,3
21_80M_201,Serranidae,Epinephelus,fuscoguttatus,7
21_80M_201,Serranidae,Plectropomus,spp,2
21_80M_204,Serranidae,Cephalopholis,spp,1
21_80M_204,Serranidae,Epinephelus,bilobatus,1
21_80M_226,Serranidae,Epinephelus,bilobatus,1
21_80M_226,Serranidae,Epinephelus,coioides,1
21_80M_226,Serranidae,Epinephelus,quoyanus,1
21_80M_236,Serranidae,Epinephelus,bilobatus,5
21_80M_236,Serranidae,Epinephelus,coioides,2
21_80M_236,Serranidae,Epinephelus,multinotatus,1
21_80M_245,Serranidae,Epinephelus,bilobatus,3
21_80M_245,Serranidae,Plectropomus,spp,1
21_80M_248,Serranidae,Epinephelus,bilobatus,2
21_80M_25,Serranidae,Epinephelus,coioides,1
21_80M_25,Serranidae,Plectropomus,spp,2
21_80M_252,Serranidae,Epinephelus,bilobatus,3
21_80M_252,Serranidae,Plectropomus,spp,1
21_80M_253,Serranidae,Cephalopholis,sonnerati,1
21_80M_253,Serranidae,Epinephelus,bilobatus,3
21_80M_253,Serranidae,Epinephelus,multinotatus,1
21_80M_253,Serranidae,Epinephelus,quoyanus,2
21_80M_256,Serranidae,Epinephelus,bilobatus,4
21_80M_256,Serranidae,Epinephelus,fuscoguttatus,2
21_80M_256,Serranidae,Plectropomus,spp,1
21_80M_28,Serranidae,Epinephelus,bilobatus,2
21_80M_283,Serranidae,Epinephelus,sexfasciatus,1
21_80M_287,Serranidae,Epinephelus,sexfasciatus,2
21_80M_300,Serranidae,Cephalopholis,boenak,1
21_80M_300,Serranidae,Epinephelus,bilobatus,1
21_80M_300,Serranidae,Plectropomus,spp,1
21_80M_44,Serranidae,Epinephelus,coioides,1
21_80M_47,Serranidae,Epinephelus,sexfasciatus,1
21_80M_59,Serranidae,Epinephelus,sexfasciatus,2
21_80M_64,Serranidae,Epinephelus,bilobatus,8
21_80M_71,Serranidae,Epinephelus,bilobatus,3
21_80M_71,Serranidae,Epinephelus,quoyanus,1
21_80M_71,Serranidae,Epinephelus,sexfasciatus,2
21_80M_73,Serranidae,Plectropomus,spp,1
21_80M_74,Serranidae,Epinephelus,bilobatus,2
21_80M_76,Serranidae,Epinephelus,coioides,1
21_80M_81,Serranidae,Epinephelus,bilobatus,2
21_80M_81,Serranidae,Plectropomus,spp,2
21_80M_89,Serranidae,Epinephelus,multinotatus,1
21_80M_89,Serranidae,Plectropomus,spp,2
20_80M_100F,Siganidae,Siganus,canaliculatus,10
20_80M_101F,Siganidae,Siganus,canaliculatus,26
20_80M_101N,Siganidae,Siganus,canaliculatus,4
20_80M_102F,Siganidae,Siganus,canaliculatus,4
20_80M_103F,Siganidae,Siganus,canaliculatus,16
20_80M_103N,Siganidae,Siganus,canaliculatus,3
20_80M_104N,Siganidae,Siganus,canaliculatus,15
20_80M_106N,Siganidae,Siganus,canaliculatus,1
20_80M_10F,Siganidae,Siganus,canaliculatus,18
20_80M_110N,Siganidae,Siganus,canaliculatus,7
20_80M_111N,Siganidae,Siganus,canaliculatus,24
20_80M_112N,Siganidae,Siganus,canaliculatus,6
20_80M_116N,Siganidae,Siganus,canaliculatus,22
20_80M_118N,Siganidae,Siganus,canaliculatus,12
20_80M_11F,Siganidae,Siganus,canaliculatus,97
20_80M_120N,Siganidae,Siganus,canaliculatus,1
20_80M_121N,Siganidae,Siganus,canaliculatus,5
20_80M_123N,Siganidae,Siganus,canaliculatus,29
20_80M_125N,Siganidae,Siganus,canaliculatus,6
20_80M_127N,Siganidae,Siganus,canaliculatus,10
20_80M_128N,Siganidae,Siganus,canaliculatus,38
20_80M_129N,Siganidae,Siganus,canaliculatus,5
20_80M_12F,Siganidae,Siganus,canaliculatus,27
20_80M_132N,Siganidae,Siganus,canaliculatus,3
20_80M_13F,Siganidae,Siganus,canaliculatus,28
20_80M_13N,Siganidae,Siganus,canaliculatus,6
20_80M_14F,Siganidae,Siganus,canaliculatus,4
20_80M_14N,Siganidae,Siganus,canaliculatus,3
20_80M_15F,Siganidae,Siganus,canaliculatus,3
20_80M_16F,Siganidae,Siganus,canaliculatus,17
20_80M_17F,Siganidae,Siganus,canaliculatus,18
20_80M_18F,Siganidae,Siganus,canaliculatus,10
20_80M_19F,Siganidae,Siganus,canaliculatus,10
20_80M_19N,Siganidae,Siganus,canaliculatus,5
20_80M_20F,Siganidae,Siganus,canaliculatus,19
20_80M_23F,Siganidae,Siganus,canaliculatus,5
20_80M_25F,Siganidae,Siganus,canaliculatus,20
20_80M_25N,Siganidae,Siganus,canaliculatus,2
20_80M_27F,Siganidae,Siganus,canaliculatus,24
20_80M_28F,Siganidae,Siganus,canaliculatus,7
20_80M_28N,Siganidae,Siganus,canaliculatus,9
20_80M_29N,Siganidae,Siganus,canaliculatus,1
20_80M_2F,Siganidae,Siganus,canaliculatus,5
20_80M_30F,Siganidae,Siganus,canaliculatus,1
20_80M_30N,Siganidae,Siganus,canaliculatus,4
20_80M_31F,Siganidae,Siganus,canaliculatus,18
20_80M_31N,Siganidae,Siganus,canaliculatus,1
20_80M_32N,Siganidae,Siganus,canaliculatus,5
20_80M_34F,Siganidae,Siganus,canaliculatus,30
20_80M_36N,Siganidae,Siganus,canaliculatus,7
20_80M_38N,Siganidae,Siganus,canaliculatus,13
20_80M_39F,Siganidae,Siganus,canaliculatus,6
20_80M_39N,Siganidae,Siganus,canaliculatus,2
20_80M_3N,Siganidae,Siganus,canaliculatus,1
20_80M_40F,Siganidae,Siganus,canaliculatus,4
20_80M_41F,Siganidae,Siganus,canaliculatus,106
20_80M_43F,Siganidae,Siganus,canaliculatus,1
20_80M_44F,Siganidae,Siganus,canaliculatus,5
20_80M_47F,Siganidae,Siganus,canaliculatus,42
20_80M_48F,Siganidae,Siganus,canaliculatus,62
20_80M_4F,Siganidae,Siganus,canaliculatus,12
20_80M_51F,Siganidae,Siganus,canaliculatus,9
20_80M_52F,Siganidae,Siganus,canaliculatus,4
20_80M_54F,Siganidae,Siganus,canaliculatus,13
20_80M_54N,Siganidae,Siganus,canaliculatus,9
20_80M_55F,Siganidae,Siganus,canaliculatus,46
20_80M_56N,Siganidae,Siganus,canaliculatus,154
20_80M_57F,Siganidae,Siganus,canaliculatus,8
20_80M_58F,Siganidae,Siganus,canaliculatus,9
20_80M_59F,Siganidae,Siganus,canaliculatus,4
20_80M_59N,Siganidae,Siganus,canaliculatus,1
20_80M_5F,Siganidae,Siganus,canaliculatus,30
20_80M_60F,Siganidae,Siganus,canaliculatus,57
20_80M_60N,Siganidae,Siganus,canaliculatus,8
20_80M_62F,Siganidae,Siganus,canaliculatus,2
20_80M_63N,Siganidae,Siganus,canaliculatus,6
20_80M_65F,Siganidae,Siganus,canaliculatus,5
20_80M_65N,Siganidae,Siganus,canaliculatus,15
20_80M_67N,Siganidae,Siganus,canaliculatus,1
20_80M_6F,Siganidae,Siganus,canaliculatus,4
20_80M_72F,Siganidae,Siganus,canaliculatus,11
20_80M_73F,Siganidae,Siganus,canaliculatus,1
20_80M_75F,Siganidae,Siganus,canaliculatus,13
20_80M_76F,Siganidae,Siganus,canaliculatus,11
20_80M_77F,Siganidae,Siganus,canaliculatus,26
20_80M_78F,Siganidae,Siganus,canaliculatus,5
20_80M_7F,Siganidae,Siganus,canaliculatus,36
20_80M_84F,Siganidae,Siganus,canaliculatus,21
20_80M_84N,Siganidae,Siganus,canaliculatus,1
20_80M_86F,Siganidae,Siganus,canaliculatus,14
20_80M_87F,Siganidae,Siganus,canaliculatus,8
20_80M_87N,Siganidae,Siganus,canaliculatus,5
20_80M_88N,Siganidae,Siganus,canaliculatus,6
20_80M_89F,Siganidae,Siganus,canaliculatus,7
20_80M_8F,Siganidae,Siganus,canaliculatus,1
20_80M_90F,Siganidae,Siganus,canaliculatus,13
20_80M_90N,Siganidae,Siganus,canaliculatus,1
20_80M_93F,Siganidae,Siganus,canaliculatus,50
20_80M_96F,Siganidae,Siganus,canaliculatus,6
20_80M_97F,Siganidae,Siganus,canaliculatus,25
20_80M_99F,Siganidae,Siganus,canaliculatus,3
20_80M_9F,Siganidae,Siganus,canaliculatus,14
20_80M_9N,Siganidae,Siganus,canaliculatus,8
21_80M_102,Siganidae,Siganus,canaliculatus,2
21_80M_105,Siganidae,Siganus,canaliculatus,1
21_80M_108,Siganidae,Siganus,canaliculatus,16
21_80M_12,Siganidae,Siganus,canaliculatus,4
21_80M_140,Siganidae,Siganus,canaliculatus,21
21_80M_162,Siganidae,Siganus,canaliculatus,2
21_80M_191,Siganidae,Siganus,canaliculatus,1
21_80M_192,Siganidae,Siganus,canaliculatus,12
21_80M_201,Siganidae,Siganus,canaliculatus,2
21_80M_226,Siganidae,Siganus,canaliculatus,4
21_80M_236,Siganidae,Siganus,canaliculatus,8
21_80M_252,Siganidae,Siganus,canaliculatus,1
21_80M_253,Siganidae,Siganus,canaliculatus,2
21_80M_64,Siganidae,Siganus,canaliculatus,7
21_80M_74,Siganidae,Siganus,canaliculatus,1
21_80M_89,Siganidae,Siganus,canaliculatus,2
21_80M_92,Siganidae,Siganus,canaliculatus,1
20_80M_102N,Sillaginidae,Sillago,spp,3
20_80M_15N,Sillaginidae,Sillago,spp,4
20_80M_16N,Sillaginidae,Sillago,spp,2
20_80M_17N,Sillaginidae,Sillago,spp,1
20_80M_18N,Sillaginidae,Sillago,spp,7
20_80M_42N,Sillaginidae,Sillago,spp,1
20_80M_43N,Sillaginidae,Sillago,spp,3
20_80M_44N,Sillaginidae,Sillago,spp,3
20_80M_47N,Sillaginidae,Sillago,spp,2
20_80M_48N,Sillaginidae,Sillago,spp,1
20_80M_49N,Sillaginidae,Sillago,spp,5
20_80M_50N,Sillaginidae,Sillago,spp,3
20_80M_61N,Sillaginidae,Sillago,spp,2
20_80M_68F,Sillaginidae,Sillago,spp,4
21_80M_135,Sillaginidae,Sillago,spp,2
21_80M_151,Sillaginidae,Sillago,spp,5
21_80M_152,Sillaginidae,Sillago,spp,2
21_80M_175,Sillaginidae,Sillago,spp,1
21_80M_199,Sillaginidae,Sillago,spp,4
21_80M_215,Sillaginidae,Sillago,spp,2
21_80M_223,Sillaginidae,Sillago,spp,1
21_80M_24,Sillaginidae,Sillago,spp,1
21_80M_251,Sillaginidae,Sillago,spp,1
21_80M_267,Sillaginidae,Sillago,spp,1
21_80M_287,Sillaginidae,Sillago,spp,2
21_80M_43,Sillaginidae,Sillago,spp,3
21_80M_63,Sillaginidae,Sillago,spp,1
21_80M_95,Sillaginidae,Sillago,spp,2
20_80M_100N,Sphyraenidae,Sphyraena,jello,1
20_80M_101F,Sphyraenidae,Sphyraena,jello,1
20_80M_101N,Sphyraenidae,Sphyraena,jello,1
20_80M_102F,Sphyraenidae,Sphyraena,jello,1
20_80M_104F,Sphyraenidae,Sphyraena,barracuda,1
20_80M_106N,Sphyraenidae,Sphyraena,jello,1
20_80M_11F,Sphyraenidae,Sphyraena,jello,1
20_80M_131N,Sphyraenidae,Sphyraena,barracuda,1
20_80M_133N,Sphyraenidae,Sphyraena,jello,1
20_80M_19F,Sphyraenidae,Sphyraena,jello,1
20_80M_1F,Sphyraenidae,Sphyraena,jello,1
20_80M_23F,Sphyraenidae,Sphyraena,jello,1
20_80M_26N,Sphyraenidae,Sphyraena,jello,1
20_80M_27N,Sphyraenidae,Sphyraena,jello,1
20_80M_28N,Sphyraenidae,Sphyraena,jello,1
20_80M_2F,Sphyraenidae,Sphyraena,jello,1
20_80M_33N,Sphyraenidae,Sphyraena,jello,1
20_80M_35F,Sphyraenidae,Sphyraena,jello,1
20_80M_36F,Sphyraenidae,Sphyraena,jello,1
20_80M_37N,Sphyraenidae,Sphyraena,jello,1
20_80M_39N,Sphyraenidae,Sphyraena,jello,1
20_80M_48F,Sphyraenidae,Sphyraena,jello,1
20_80M_49F,Sphyraenidae,Sphyraena,barracuda,1
20_80M_49F,Sphyraenidae,Sphyraena,jello,2
20_80M_4F,Sphyraenidae,Sphyraena,jello,2
20_80M_50F,Sphyraenidae,Sphyraena,jello,1
20_80M_55N,Sphyraenidae,Sphyraena,jello,1
20_80M_57N,Sphyraenidae,Sphyraena,barracuda,1
20_80M_58F,Sphyraenidae,Sphyraena,jello,1
20_80M_59F,Sphyraenidae,Sphyraena,jello,1
20_80M_60N,Sphyraenidae,Sphyraena,jello,1
20_80M_61F,Sphyraenidae,Sphyraena,jello,1
20_80M_61N,Sphyraenidae,Sphyraena,barracuda,1
20_80M_63F,Sphyraenidae,Sphyraena,jello,1
20_80M_64F,Sphyraenidae,Sphyraena,jello,1
20_80M_65N,Sphyraenidae,Sphyraena,jello,2
20_80M_6F,Sphyraenidae,Sphyraena,jello,1
20_80M_73F,Sphyraenidae,Sphyraena,barracuda,1
20_80M_7F,Sphyraenidae,Sphyraena,jello,2
20_80M_7N,Sphyraenidae,Sphyraena,jello,1
20_80M_82F,Sphyraenidae,Sphyraena,jello,1
20_80M_83F,Sphyraenidae,Sphyraena,jello,1
20_80M_85F,Sphyraenidae,Sphyraena,jello,1
20_80M_85N,Sphyraenidae,Sphyraena,jello,1
20_80M_87N,Sphyraenidae,Sphyraena,barracuda,1
20_80M_89N,Sphyraenidae,Sphyraena,jello,1
20_80M_90N,Sphyraenidae,Sphyraena,barracuda,1
20_80M_98N,Sphyraenidae,Sphyraena,jello,1
20_80M_99N,Sphyraenidae,Sphyraena,jello,1
21_80M_01,Sphyraenidae,Sphyraena,jello,1
21_80M_117,Sphyraenidae,Sphyraena,barracuda,1
21_80M_248,Sphyraenidae,Sphyraena,barracuda,1
21_80M_277,Sphyraenidae,Sphyraena,barracuda,1
21_80M_60,Sphyraenidae,Sphyraena,barracuda,1
21_80M_76,Sphyraenidae,Sphyraena,barracuda,1
20_80M_39N,Sphyraenidae,Sphyraena,obtusata,3
20_80M_101F,Sphyrnidae,Sphyrna,mokarran,1
20_80M_103N,Sphyrnidae,Sphyrna,mokarran,1
20_80M_110N,Sphyrnidae,Sphyrna,mokarran,1
20_80M_126N,Sphyrnidae,Sphyrna,mokarran,1
20_80M_12F,Sphyrnidae,Sphyrna,mokarran,1
20_80M_16N,Sphyrnidae,Sphyrna,mokarran,1
20_80M_31N,Sphyrnidae,Sphyrna,mokarran,1
20_80M_44F,Sphyrnidae,Sphyrna,mokarran,1
20_80M_54F,Sphyrnidae,Sphyrna,mokarran,1
20_80M_73F,Sphyrnidae,Sphyrna,mokarran,1
21_80M_102,Sphyrnidae,Sphyrna,mokarran,1
21_80M_207,Sphyrnidae,Sphyrna,mokarran,1
21_80M_251,Sphyrnidae,Sphyrna,mokarran,2
20_80M_100N,Stegostomatidae,Stegostoma,tigrinum,1
20_80M_101N,Stegostomatidae,Stegostoma,tigrinum,1
20_80M_110N,Stegostomatidae,Stegostoma,tigrinum,1
20_80M_111N,Stegostomatidae,Stegostoma,tigrinum,1
20_80M_131N,Stegostomatidae,Stegostoma,tigrinum,1
20_80M_14F,Stegostomatidae,Stegostoma,tigrinum,1
20_80M_27N,Stegostomatidae,Stegostoma,tigrinum,1
20_80M_61F,Stegostomatidae,Stegostoma,tigrinum,1
20_80M_73F,Stegostomatidae,Stegostoma,tigrinum,1
20_80M_74F,Stegostomatidae,Stegostoma,tigrinum,1
20_80M_76F,Stegostomatidae,Stegostoma,tigrinum,1
20_80M_90N,Stegostomatidae,Stegostoma,tigrinum,1
20_80M_97N,Stegostomatidae,Stegostoma,tigrinum,1
20_80M_99F,Stegostomatidae,Stegostoma,tigrinum,1
21_80M_135,Stegostomatidae,Stegostoma,tigrinum,1
21_80M_191,Stegostomatidae,Stegostoma,tigrinum,1
21_80M_267,Stegostomatidae,Stegostoma,tigrinum,1
21_80M_33,Stegostomatidae,Stegostoma,tigrinum,1
21_80M_73,Stegostomatidae,Stegostoma,tigrinum,1
20_80M_102N,Synodontidae,Saurida,undosquamis,1
20_80M_126N,Synodontidae,Saurida,undosquamis,1
20_80M_16N,Synodontidae,Saurida,undosquamis,2
20_80M_17N,Synodontidae,Saurida,undosquamis,1
20_80M_18N,Synodontidae,Saurida,undosquamis,1
20_80M_31N,Synodontidae,Saurida,undosquamis,3
20_80M_34N,Synodontidae,Saurida,undosquamis,1
20_80M_42N,Synodontidae,Saurida,undosquamis,1
20_80M_43N,Synodontidae,Saurida,undosquamis,1
20_80M_46N,Synodontidae,Saurida,undosquamis,1
20_80M_47N,Synodontidae,Saurida,undosquamis,1
20_80M_48N,Synodontidae,Saurida,undosquamis,1
20_80M_58N,Synodontidae,Saurida,undosquamis,2
20_80M_58N,Synodontidae,Synodus,variegatus,1
20_80M_61N,Synodontidae,Saurida,undosquamis,1
20_80M_62N,Synodontidae,Saurida,undosquamis,2
20_80M_65F,Synodontidae,Saurida,undosquamis,2
20_80M_68F,Synodontidae,Synodus,spp,1
21_80M_135,Synodontidae,Saurida,undosquamis,1
21_80M_47,Synodontidae,Saurida,undosquamis,1
21_80M_92,Synodontidae,Saurida,undosquamis,1
20_80M_100N,Tetraodontidae,Lagocephalus,lunaris,1
20_80M_101F,Tetraodontidae,Lagocephalus,lunaris,1
20_80M_101N,Tetraodontidae,Lagocephalus,lunaris,1
20_80M_102F,Tetraodontidae,Lagocephalus,lunaris,1
20_80M_102N,Tetraodontidae,Lagocephalus,lunaris,1
20_80M_104F,Tetraodontidae,Lagocephalus,lunaris,1
20_80M_105N,Tetraodontidae,Lagocephalus,lunaris,1
20_80M_107N,Tetraodontidae,Feroxodon,multistriatus,1
20_80M_11F,Tetraodontidae,Lagocephalus,lunaris,1
20_80M_132N,Tetraodontidae,Feroxodon,multistriatus,1
20_80M_29N,Tetraodontidae,Lagocephalus,lunaris,1
20_80M_33F,Tetraodontidae,Lagocephalus,lunaris,1
20_80M_34N,Tetraodontidae,Lagocephalus,lunaris,1
20_80M_3F,Tetraodontidae,Feroxodon,multistriatus,1
20_80M_40N,Tetraodontidae,Lagocephalus,sceleratus,1
20_80M_42F,Tetraodontidae,Feroxodon,multistriatus,1
20_80M_44F,Tetraodontidae,Torquigener,spp,1
20_80M_54F,Tetraodontidae,Lagocephalus,lunaris,1
20_80M_65N,Tetraodontidae,Feroxodon,multistriatus,1
20_80M_67F,Tetraodontidae,Feroxodon,multistriatus,1
20_80M_74F,Tetraodontidae,Feroxodon,multistriatus,1
20_80M_78F,Tetraodontidae,Lagocephalus,lunaris,1
20_80M_79F,Tetraodontidae,Lagocephalus,lunaris,1
20_80M_81F,Tetraodontidae,Lagocephalus,lunaris,1
20_80M_82F,Tetraodontidae,Feroxodon,multistriatus,1
20_80M_84F,Tetraodontidae,Feroxodon,multistriatus,1
20_80M_90N,Tetraodontidae,Lagocephalus,lunaris,1
20_80M_93N,Tetraodontidae,Feroxodon,multistriatus,1
20_80M_94F,Tetraodontidae,Lagocephalus,lunaris,1
20_80M_98F,Tetraodontidae,Lagocephalus,lunaris,1
21_80M_12,Tetraodontidae,Lagocephalus,sceleratus,1
21_80M_17,Tetraodontidae,Canthigaster,cyanospilota,2
21_80M_175,Tetraodontidae,Torquigener,hicksi,1
21_80M_255,Tetraodontidae,Lagocephalus,sceleratus,1
21_80M_63,Tetraodontidae,Torquigener,hicksi,1
21_80M_65,Tetraodontidae,Torquigener,pallimaculatus,1
21_80M_92,Tetraodontidae,Lagocephalus,lunaris,1
21_80M_92,Tetraodontidae,Lagocephalus,sceleratus,1
21_80M_95,Tetraodontidae,Torquigener,pallimaculatus,1
21_80M_11,Triakidae,Hemitriakis,falcata,2
20_80M_68F,Trichonotidae,Trichonotus,elegans,3
20_80M_36N,Zanclidae,Zanclus,cornutus,1
