Sample,Family,Genus,Species,Count,Length
20_80M_121N,Acanthuridae,Acanthurus,grammoptilus,1,240.33
20_80M_132N,Acanthuridae,Acanthurus,grammoptilus,1,269.428
20_80M_14F,Acanthuridae,Acanthurus,grammoptilus,1,190.789
20_80M_17F,Acanthuridae,Acanthurus,grammoptilus,1,200.337
20_80M_17F,Acanthuridae,Acanthurus,grammoptilus,1,191.15
20_80M_18F,Acanthuridae,Acanthurus,grammoptilus,1,217.009
20_80M_34F,Acanthuridae,Acanthurus,grammoptilus,1,256.393
20_80M_35F,Acanthuridae,Acanthurus,grammoptilus,1,304.858
20_80M_36N,Acanthuridae,Acanthurus,grammoptilus,1,164.757
20_80M_37F,Acanthuridae,Acanthurus,grammoptilus,1,232.102
20_80M_112N,Apogonidae,Apogonidae,spp,1,25.14
20_80M_112N,Apogonidae,Apogonidae,spp,1,23.142
20_80M_112N,Apogonidae,Apogonidae,spp,1,19.685
20_80M_42F,Apogonidae,Apogonidae,spp,1,30.955
20_80M_42F,Apogonidae,Apogonidae,spp,1,33.97
20_80M_64F,Apogonidae,Apogonidae,spp,1,28.446
20_80M_64F,Apogonidae,Apogonidae,spp,1,17.148
20_80M_64F,Apogonidae,Apogonidae,spp,1,20.025
20_80M_6F,Apogonidae,Apogonidae,spp,1,34.037
20_80M_6F,Apogonidae,Apogonidae,spp,1,30.509
20_80M_6F,Apogonidae,Apogonidae,spp,1,29.875
20_80M_6F,Apogonidae,Apogonidae,spp,1,29.359
20_80M_6F,Apogonidae,Apogonidae,spp,1,33.2
20_80M_6F,Apogonidae,Apogonidae,spp,1,46.819
20_80M_6F,Apogonidae,Apogonidae,spp,1,25.226
20_80M_121N,Apogonidae,Rhabdamia,gracilis,1,21.91
20_80M_121N,Apogonidae,Rhabdamia,gracilis,1,22.626
20_80M_121N,Apogonidae,Rhabdamia,gracilis,1,20.317
20_80M_121N,Apogonidae,Rhabdamia,gracilis,1,21.656
20_80M_121N,Apogonidae,Rhabdamia,gracilis,1,21.819
20_80M_121N,Apogonidae,Rhabdamia,gracilis,1,26.563
20_80M_121N,Apogonidae,Rhabdamia,gracilis,1,23.409
20_80M_121N,Apogonidae,Rhabdamia,gracilis,1,22.035
20_80M_121N,Apogonidae,Rhabdamia,gracilis,1,23.017
20_80M_121N,Apogonidae,Rhabdamia,gracilis,1,30.439
20_80M_11F,Ariidae,Netuma,thalassina,1,456.61
20_80M_123N,Ariidae,Netuma,thalassina,1,582.869
20_80M_12F,Ariidae,Netuma,thalassina,1,496.526
20_80M_19F,Ariidae,Netuma,thalassina,1,488.729
20_80M_50F,Ariidae,Netuma,thalassina,1,500.063
20_80M_8F,Ariidae,Netuma,thalassina,1,466.954
20_80M_8F,Ariidae,Netuma,thalassina,1,512.484
20_80M_90F,Ariidae,Netuma,thalassina,1,525.215
20_80M_90F,Ariidae,Netuma,thalassina,1,522.281
20_80M_98N,Ariidae,Netuma,thalassina,1,585.274
20_80M_117N,Atherinidae,Atherinomorus,vaigiensis,1,28.303
20_80M_118N,Atherinidae,Atherinomorus,vaigiensis,1,62.883
20_80M_118N,Atherinidae,Atherinomorus,vaigiensis,1,36.074
20_80M_118N,Atherinidae,Atherinomorus,vaigiensis,1,40.482
20_80M_118N,Atherinidae,Atherinomorus,vaigiensis,1,47.834
20_80M_118N,Atherinidae,Atherinomorus,vaigiensis,1,37.774
20_80M_100F,Balistidae,Abalistes,stellatus,1,136.432
20_80M_101N,Balistidae,Abalistes,stellatus,1,173.952
20_80M_106N,Balistidae,Abalistes,stellatus,1,242.2
20_80M_106N,Balistidae,Abalistes,stellatus,1,256.732
20_80M_10N,Balistidae,Abalistes,stellatus,1,324.974
20_80M_10N,Balistidae,Abalistes,stellatus,1,254.367
20_80M_116N,Balistidae,Abalistes,stellatus,1,180.169
20_80M_116N,Balistidae,Abalistes,stellatus,1,305.961
20_80M_121N,Balistidae,Abalistes,stellatus,1,254.587
20_80M_123N,Balistidae,Abalistes,stellatus,1,164.249
20_80M_123N,Balistidae,Abalistes,stellatus,1,239.664
20_80M_123N,Balistidae,Abalistes,stellatus,1,290.655
20_80M_125N,Balistidae,Abalistes,stellatus,1,246.324
20_80M_125N,Balistidae,Abalistes,stellatus,1,220.679
20_80M_126N,Balistidae,Abalistes,stellatus,1,107.211
20_80M_126N,Balistidae,Abalistes,stellatus,1,198.541
20_80M_126N,Balistidae,Abalistes,stellatus,1,165.346
20_80M_127N,Balistidae,Abalistes,stellatus,1,152.047
20_80M_128N,Balistidae,Abalistes,stellatus,1,192.114
20_80M_128N,Balistidae,Abalistes,stellatus,1,213.427
20_80M_128N,Balistidae,Abalistes,stellatus,1,224.295
20_80M_128N,Balistidae,Abalistes,stellatus,1,207.534
20_80M_129N,Balistidae,Abalistes,stellatus,1,99.833
20_80M_129N,Balistidae,Abalistes,stellatus,1,141.153
20_80M_129N,Balistidae,Abalistes,stellatus,1,144.868
20_80M_130N,Balistidae,Abalistes,stellatus,1,258.612
20_80M_133N,Balistidae,Abalistes,stellatus,1,271.508
20_80M_133N,Balistidae,Abalistes,stellatus,1,259.949
20_80M_14F,Balistidae,Abalistes,stellatus,1,257.163
20_80M_17F,Balistidae,Abalistes,stellatus,1,275.601
20_80M_19F,Balistidae,Abalistes,stellatus,1,154.241
20_80M_25N,Balistidae,Abalistes,stellatus,1,259.104
20_80M_26N,Balistidae,Abalistes,stellatus,1,257.617
20_80M_27F,Balistidae,Abalistes,stellatus,1,242.514
20_80M_27F,Balistidae,Abalistes,stellatus,1,204.023
20_80M_27N,Balistidae,Abalistes,stellatus,1,277.07
20_80M_28N,Balistidae,Abalistes,stellatus,1,255.409
20_80M_33F,Balistidae,Abalistes,stellatus,1,254.148
20_80M_33F,Balistidae,Abalistes,stellatus,1,103.038
20_80M_38N,Balistidae,Abalistes,stellatus,1,162.155
20_80M_3F,Balistidae,Abalistes,stellatus,1,293.467
20_80M_3F,Balistidae,Abalistes,stellatus,1,291.546
20_80M_43F,Balistidae,Abalistes,stellatus,1,306.809
20_80M_44F,Balistidae,Abalistes,stellatus,1,538.799
20_80M_50F,Balistidae,Abalistes,stellatus,1,262.027
20_80M_55N,Balistidae,Abalistes,stellatus,1,169.882
20_80M_56F,Balistidae,Abalistes,stellatus,1,181.303
20_80M_5F,Balistidae,Abalistes,stellatus,1,268.233
20_80M_61F,Balistidae,Abalistes,stellatus,1,194.766
20_80M_61F,Balistidae,Abalistes,stellatus,1,173.078
20_80M_62N,Balistidae,Abalistes,stellatus,1,300.352
20_80M_65F,Balistidae,Abalistes,stellatus,1,231.363
20_80M_65F,Balistidae,Abalistes,stellatus,1,125.384
20_80M_65F,Balistidae,Abalistes,stellatus,1,230.199
20_80M_67F,Balistidae,Abalistes,stellatus,1,258.969
20_80M_6F,Balistidae,Abalistes,stellatus,1,270.607
20_80M_70F,Balistidae,Abalistes,stellatus,1,258.358
20_80M_70F,Balistidae,Abalistes,stellatus,1,310.996
20_80M_71F,Balistidae,Abalistes,stellatus,1,196.904
20_80M_71F,Balistidae,Abalistes,stellatus,1,172.452
20_80M_72F,Balistidae,Abalistes,stellatus,1,258.07
20_80M_74F,Balistidae,Abalistes,stellatus,1,182.008
20_80M_75F,Balistidae,Abalistes,stellatus,1,236.261
20_80M_77F,Balistidae,Abalistes,stellatus,1,287.238
20_80M_78F,Balistidae,Abalistes,stellatus,1,281.535
20_80M_7F,Balistidae,Abalistes,stellatus,1,268.878
20_80M_7N,Balistidae,Abalistes,stellatus,1,263.432
20_80M_80F,Balistidae,Abalistes,stellatus,1,380.78
20_80M_82F,Balistidae,Abalistes,stellatus,1,201.782
20_80M_84F,Balistidae,Abalistes,stellatus,1,162.874
20_80M_84F,Balistidae,Abalistes,stellatus,1,140.173
20_80M_84F,Balistidae,Abalistes,stellatus,1,158.807
20_80M_85F,Balistidae,Abalistes,stellatus,1,340.307
20_80M_87F,Balistidae,Abalistes,stellatus,1,246.549
20_80M_87F,Balistidae,Abalistes,stellatus,1,287.938
20_80M_87F,Balistidae,Abalistes,stellatus,1,263.953
20_80M_87N,Balistidae,Abalistes,stellatus,1,179.366
20_80M_88F,Balistidae,Abalistes,stellatus,1,234.951
20_80M_88F,Balistidae,Abalistes,stellatus,1,251.669
20_80M_88N,Balistidae,Abalistes,stellatus,1,183.714
20_80M_88N,Balistidae,Abalistes,stellatus,1,300.283
20_80M_89N,Balistidae,Abalistes,stellatus,1,220.192
20_80M_8F,Balistidae,Abalistes,stellatus,1,167.291
20_80M_90F,Balistidae,Abalistes,stellatus,1,260.172
20_80M_90N,Balistidae,Abalistes,stellatus,1,289.811
20_80M_94F,Balistidae,Abalistes,stellatus,1,120.988
20_80M_94F,Balistidae,Abalistes,stellatus,1,119.801
20_80M_94F,Balistidae,Abalistes,stellatus,1,153.448
20_80M_94F,Balistidae,Abalistes,stellatus,1,137.816
20_80M_94F,Balistidae,Abalistes,stellatus,1,114.756
20_80M_94F,Balistidae,Abalistes,stellatus,1,105.518
20_80M_95F,Balistidae,Abalistes,stellatus,1,125.111
20_80M_9N,Balistidae,Abalistes,stellatus,1,194.401
20_80M_45F,Blenniidae,Blenniidae,spp,1,73.373
20_80M_61N,Bothidae,Bothus,pantherinus,1,72.842
20_80M_62N,Bothidae,Bothus,pantherinus,1,204.159
20_80M_100N,Bothidae,Bothidae,spp,1,289.02
20_80M_16N,Bothidae,Bothidae,spp,1,171.699
20_80M_93N,Bothidae,Bothidae,spp,1,205.802
20_80M_94F,Bothidae,Bothidae,spp,1,402.22
20_80M_110N,Carangidae,Alepes,apercna,1,207.998
20_80M_110N,Carangidae,Alepes,apercna,1,196.275
20_80M_110N,Carangidae,Alepes,apercna,1,198.543
20_80M_110N,Carangidae,Alepes,apercna,1,218.309
20_80M_110N,Carangidae,Alepes,apercna,1,229.648
20_80M_110N,Carangidae,Alepes,apercna,1,225.204
20_80M_110N,Carangidae,Alepes,apercna,1,222.854
20_80M_110N,Carangidae,Alepes,apercna,1,203.825
20_80M_110N,Carangidae,Alepes,apercna,1,206.643
20_80M_110N,Carangidae,Alepes,apercna,1,241.644
20_80M_110N,Carangidae,Alepes,apercna,1,210.926
20_80M_110N,Carangidae,Alepes,apercna,1,204.63
20_80M_110N,Carangidae,Alepes,apercna,1,204.731
20_80M_110N,Carangidae,Alepes,apercna,1,203.167
20_80M_110N,Carangidae,Alepes,apercna,1,214.344
20_80M_110N,Carangidae,Alepes,apercna,1,214.571
20_80M_110N,Carangidae,Alepes,apercna,1,214.975
20_80M_110N,Carangidae,Alepes,apercna,1,209.108
20_80M_118N,Carangidae,Alepes,apercna,1,236.121
20_80M_118N,Carangidae,Alepes,apercna,1,227.979
20_80M_118N,Carangidae,Alepes,apercna,1,249.307
20_80M_118N,Carangidae,Alepes,apercna,1,240.298
20_80M_27N,Carangidae,Alepes,apercna,1,226.299
20_80M_27N,Carangidae,Alepes,apercna,1,216.973
20_80M_27N,Carangidae,Alepes,apercna,1,240.231
20_80M_27N,Carangidae,Alepes,apercna,1,213.972
20_80M_31N,Carangidae,Alepes,apercna,1,222.151
20_80M_31N,Carangidae,Alepes,apercna,1,220.602
20_80M_31N,Carangidae,Alepes,apercna,1,219.6
20_80M_31N,Carangidae,Alepes,apercna,1,223.837
20_80M_31N,Carangidae,Alepes,apercna,1,213.932
20_80M_41F,Carangidae,Alepes,apercna,1,231.512
20_80M_41F,Carangidae,Alepes,apercna,1,240.795
20_80M_41F,Carangidae,Alepes,apercna,1,234.798
20_80M_41F,Carangidae,Alepes,apercna,1,211.617
20_80M_41F,Carangidae,Alepes,apercna,1,229.368
20_80M_41F,Carangidae,Alepes,apercna,1,233.906
20_80M_41F,Carangidae,Alepes,apercna,1,244.217
20_80M_57N,Carangidae,Alepes,apercna,1,85.47
20_80M_65N,Carangidae,Alepes,apercna,1,225.447
20_80M_65N,Carangidae,Alepes,apercna,1,201.805
20_80M_65N,Carangidae,Alepes,apercna,1,206.692
20_80M_65N,Carangidae,Alepes,apercna,1,213.774
20_80M_65N,Carangidae,Alepes,apercna,1,214.082
20_80M_65N,Carangidae,Alepes,apercna,1,224.493
20_80M_65N,Carangidae,Alepes,apercna,1,215.47
20_80M_65N,Carangidae,Alepes,apercna,1,207.362
20_80M_65N,Carangidae,Alepes,apercna,1,209.469
20_80M_65N,Carangidae,Alepes,apercna,1,206.442
20_80M_65N,Carangidae,Alepes,apercna,1,218.769
20_80M_66N,Carangidae,Alepes,apercna,1,162.56
20_80M_66N,Carangidae,Alepes,apercna,1,173.062
20_80M_66N,Carangidae,Alepes,apercna,1,163.227
20_80M_66N,Carangidae,Alepes,apercna,1,192.328
20_80M_66N,Carangidae,Alepes,apercna,1,213.469
20_80M_66N,Carangidae,Alepes,apercna,1,218.305
20_80M_66N,Carangidae,Alepes,apercna,1,210.217
20_80M_66N,Carangidae,Alepes,apercna,1,208.458
20_80M_66N,Carangidae,Alepes,apercna,1,220.969
20_80M_66N,Carangidae,Alepes,apercna,1,224.533
20_80M_66N,Carangidae,Alepes,apercna,1,189.543
20_80M_66N,Carangidae,Alepes,apercna,1,215.589
20_80M_67N,Carangidae,Alepes,apercna,1,203.035
20_80M_72F,Carangidae,Alepes,apercna,1,240.15
20_80M_79F,Carangidae,Alepes,apercna,1,256.525
20_80M_85F,Carangidae,Alepes,apercna,1,277.39
20_80M_85F,Carangidae,Alepes,apercna,1,257.801
20_80M_85F,Carangidae,Alepes,apercna,1,261.311
20_80M_85F,Carangidae,Alepes,apercna,1,263.964
20_80M_85F,Carangidae,Alepes,apercna,1,284.211
20_80M_85F,Carangidae,Alepes,apercna,1,273.624
20_80M_85F,Carangidae,Alepes,apercna,1,288.138
20_80M_85F,Carangidae,Alepes,apercna,1,241.61
20_80M_85F,Carangidae,Alepes,apercna,1,289.296
20_80M_100N,Carangidae,Atropus,hedlandensis,1,173.769
20_80M_100N,Carangidae,Atropus,hedlandensis,1,186.138
20_80M_105N,Carangidae,Atropus,hedlandensis,1,179.883
20_80M_106N,Carangidae,Atropus,hedlandensis,1,189.313
20_80M_106N,Carangidae,Atropus,hedlandensis,1,192.281
20_80M_106N,Carangidae,Atropus,hedlandensis,1,196.684
20_80M_107N,Carangidae,Atropus,hedlandensis,1,156.049
20_80M_107N,Carangidae,Atropus,hedlandensis,1,149.675
20_80M_1N,Carangidae,Atropus,hedlandensis,1,169.418
20_80M_52N,Carangidae,Atropus,hedlandensis,1,148.29
20_80M_5N,Carangidae,Atropus,hedlandensis,1,215.824
20_80M_65N,Carangidae,Atropus,hedlandensis,1,228.739
20_80M_65N,Carangidae,Atropus,hedlandensis,1,197.807
20_80M_66N,Carangidae,Atropus,hedlandensis,1,190.096
20_80M_67N,Carangidae,Atropus,hedlandensis,1,157.288
20_80M_68N,Carangidae,Atropus,hedlandensis,1,167.963
20_80M_72N,Carangidae,Atropus,hedlandensis,1,150.973
20_80M_72N,Carangidae,Atropus,hedlandensis,1,147.366
20_80M_82N,Carangidae,Atropus,hedlandensis,1,163.831
20_80M_83N,Carangidae,Atropus,hedlandensis,1,170.217
20_80M_83N,Carangidae,Atropus,hedlandensis,1,173.339
20_80M_84N,Carangidae,Atropus,hedlandensis,1,162.141
20_80M_84N,Carangidae,Atropus,hedlandensis,1,154.856
20_80M_85N,Carangidae,Atropus,hedlandensis,1,178.037
20_80M_85N,Carangidae,Atropus,hedlandensis,1,175.004
20_80M_91N,Carangidae,Atropus,hedlandensis,1,200.667
20_80M_92N,Carangidae,Atropus,hedlandensis,1,181.765
20_80M_94N,Carangidae,Atropus,hedlandensis,1,219.811
20_80M_97N,Carangidae,Atropus,hedlandensis,1,188.354
20_80M_97N,Carangidae,Atropus,hedlandensis,1,188.188
20_80M_98N,Carangidae,Atropus,hedlandensis,1,193.571
20_80M_98N,Carangidae,Atropus,hedlandensis,1,186.656
20_80M_98N,Carangidae,Atropus,hedlandensis,1,178.084
20_80M_98N,Carangidae,Atropus,hedlandensis,1,144.968
20_80M_99N,Carangidae,Atropus,hedlandensis,1,211.201
20_80M_99N,Carangidae,Atropus,hedlandensis,1,181.209
20_80M_100N,Carangidae,Atule,mate,1,186.781
20_80M_100N,Carangidae,Atule,mate,1,178.865
20_80M_100N,Carangidae,Atule,mate,1,191.923
20_80M_100N,Carangidae,Atule,mate,1,178.514
20_80M_100N,Carangidae,Atule,mate,1,186.007
20_80M_100N,Carangidae,Atule,mate,1,174.627
20_80M_100N,Carangidae,Atule,mate,1,180.611
20_80M_100N,Carangidae,Atule,mate,1,222.276
20_80M_100N,Carangidae,Atule,mate,1,221.324
20_80M_100N,Carangidae,Atule,mate,1,180.934
20_80M_100N,Carangidae,Atule,mate,1,174.183
20_80M_100N,Carangidae,Atule,mate,1,201.657
20_80M_100N,Carangidae,Atule,mate,1,201.421
20_80M_101F,Carangidae,Atule,mate,1,236.176
20_80M_101F,Carangidae,Atule,mate,1,239.51
20_80M_103F,Carangidae,Atule,mate,1,221.815
20_80M_103F,Carangidae,Atule,mate,1,218.951
20_80M_103F,Carangidae,Atule,mate,1,187.762
20_80M_103F,Carangidae,Atule,mate,1,228.674
20_80M_104F,Carangidae,Atule,mate,1,239.074
20_80M_104F,Carangidae,Atule,mate,1,235.576
20_80M_104F,Carangidae,Atule,mate,1,216.449
20_80M_104F,Carangidae,Atule,mate,1,231.868
20_80M_104F,Carangidae,Atule,mate,1,248.839
20_80M_104N,Carangidae,Atule,mate,1,229.784
20_80M_104N,Carangidae,Atule,mate,1,226.993
20_80M_104N,Carangidae,Atule,mate,1,230.58
20_80M_104N,Carangidae,Atule,mate,1,204.618
20_80M_104N,Carangidae,Atule,mate,1,222.821
20_80M_104N,Carangidae,Atule,mate,1,231.025
20_80M_104N,Carangidae,Atule,mate,1,292.481
20_80M_106N,Carangidae,Atule,mate,1,231.988
20_80M_106N,Carangidae,Atule,mate,1,177.752
20_80M_106N,Carangidae,Atule,mate,1,201.942
20_80M_106N,Carangidae,Atule,mate,1,252.08
20_80M_106N,Carangidae,Atule,mate,1,195.017
20_80M_106N,Carangidae,Atule,mate,1,196.982
20_80M_106N,Carangidae,Atule,mate,1,210.819
20_80M_106N,Carangidae,Atule,mate,1,235.606
20_80M_107N,Carangidae,Atule,mate,1,196.848
20_80M_107N,Carangidae,Atule,mate,1,179.07
20_80M_107N,Carangidae,Atule,mate,1,163.621
20_80M_107N,Carangidae,Atule,mate,1,166.161
20_80M_107N,Carangidae,Atule,mate,1,194.799
20_80M_107N,Carangidae,Atule,mate,1,175.275
20_80M_111N,Carangidae,Atule,mate,1,225.04
20_80M_111N,Carangidae,Atule,mate,1,236.516
20_80M_111N,Carangidae,Atule,mate,1,243.329
20_80M_113N,Carangidae,Atule,mate,1,240.518
20_80M_113N,Carangidae,Atule,mate,1,227.803
20_80M_113N,Carangidae,Atule,mate,1,271.676
20_80M_113N,Carangidae,Atule,mate,1,233.722
20_80M_113N,Carangidae,Atule,mate,1,243.153
20_80M_113N,Carangidae,Atule,mate,1,242.867
20_80M_113N,Carangidae,Atule,mate,1,202.312
20_80M_113N,Carangidae,Atule,mate,1,214.447
20_80M_113N,Carangidae,Atule,mate,1,110.674
20_80M_113N,Carangidae,Atule,mate,1,259.955
20_80M_113N,Carangidae,Atule,mate,1,242.845
20_80M_113N,Carangidae,Atule,mate,1,220.567
20_80M_113N,Carangidae,Atule,mate,1,262.929
20_80M_113N,Carangidae,Atule,mate,1,267.496
20_80M_117N,Carangidae,Atule,mate,1,268.739
20_80M_119N,Carangidae,Atule,mate,1,95.033
20_80M_127N,Carangidae,Atule,mate,1,106.658
20_80M_127N,Carangidae,Atule,mate,1,115.875
20_80M_127N,Carangidae,Atule,mate,1,106.837
20_80M_127N,Carangidae,Atule,mate,1,133.952
20_80M_127N,Carangidae,Atule,mate,1,99.999
20_80M_127N,Carangidae,Atule,mate,1,119.986
20_80M_132N,Carangidae,Atule,mate,1,229.651
20_80M_133N,Carangidae,Atule,mate,1,98.912
20_80M_13N,Carangidae,Atule,mate,1,227.631
20_80M_13N,Carangidae,Atule,mate,1,241.115
20_80M_13N,Carangidae,Atule,mate,1,225.718
20_80M_13N,Carangidae,Atule,mate,1,218.726
20_80M_14F,Carangidae,Atule,mate,1,257.057
20_80M_14F,Carangidae,Atule,mate,1,269.124
20_80M_14F,Carangidae,Atule,mate,1,226.439
20_80M_14F,Carangidae,Atule,mate,1,241.003
20_80M_14N,Carangidae,Atule,mate,1,252.593
20_80M_14N,Carangidae,Atule,mate,1,225.503
20_80M_14N,Carangidae,Atule,mate,1,217.227
20_80M_14N,Carangidae,Atule,mate,1,220.24
20_80M_14N,Carangidae,Atule,mate,1,218.714
20_80M_14N,Carangidae,Atule,mate,1,225.319
20_80M_17F,Carangidae,Atule,mate,1,222.285
20_80M_17F,Carangidae,Atule,mate,1,246.952
20_80M_17F,Carangidae,Atule,mate,1,224.103
20_80M_17F,Carangidae,Atule,mate,1,220.696
20_80M_17F,Carangidae,Atule,mate,1,217.122
20_80M_17F,Carangidae,Atule,mate,1,219.39
20_80M_17F,Carangidae,Atule,mate,1,237.454
20_80M_17F,Carangidae,Atule,mate,1,232.789
20_80M_17F,Carangidae,Atule,mate,1,228.714
20_80M_17F,Carangidae,Atule,mate,1,218.374
20_80M_17F,Carangidae,Atule,mate,1,223.846
20_80M_17F,Carangidae,Atule,mate,1,232.327
20_80M_17F,Carangidae,Atule,mate,1,231.751
20_80M_17F,Carangidae,Atule,mate,1,219.45
20_80M_17F,Carangidae,Atule,mate,1,217.688
20_80M_17F,Carangidae,Atule,mate,1,222.133
20_80M_17F,Carangidae,Atule,mate,1,224.052
20_80M_17F,Carangidae,Atule,mate,1,228.099
20_80M_17F,Carangidae,Atule,mate,1,241.577
20_80M_17F,Carangidae,Atule,mate,1,236.421
20_80M_17F,Carangidae,Atule,mate,1,214.671
20_80M_18F,Carangidae,Atule,mate,1,245.735
20_80M_1F,Carangidae,Atule,mate,1,222.01
20_80M_20F,Carangidae,Atule,mate,1,223.963
20_80M_23F,Carangidae,Atule,mate,1,237.66
20_80M_23F,Carangidae,Atule,mate,1,267.423
20_80M_23N,Carangidae,Atule,mate,1,207.857
20_80M_23N,Carangidae,Atule,mate,1,227.636
20_80M_23N,Carangidae,Atule,mate,1,205.407
20_80M_23N,Carangidae,Atule,mate,1,205.447
20_80M_23N,Carangidae,Atule,mate,1,198.956
20_80M_24N,Carangidae,Atule,mate,1,98.833
20_80M_24N,Carangidae,Atule,mate,1,89.888
20_80M_25N,Carangidae,Atule,mate,1,238.847
20_80M_25N,Carangidae,Atule,mate,1,252.791
20_80M_25N,Carangidae,Atule,mate,1,261.238
20_80M_29N,Carangidae,Atule,mate,1,261.581
20_80M_29N,Carangidae,Atule,mate,1,254.343
20_80M_29N,Carangidae,Atule,mate,1,242.558
20_80M_29N,Carangidae,Atule,mate,1,254.626
20_80M_31N,Carangidae,Atule,mate,1,218.934
20_80M_31N,Carangidae,Atule,mate,1,230.297
20_80M_31N,Carangidae,Atule,mate,1,238.915
20_80M_31N,Carangidae,Atule,mate,1,234.899
20_80M_31N,Carangidae,Atule,mate,1,227.257
20_80M_37N,Carangidae,Atule,mate,1,281.499
20_80M_38N,Carangidae,Atule,mate,1,267.31
20_80M_39N,Carangidae,Atule,mate,1,217.417
20_80M_39N,Carangidae,Atule,mate,1,185.515
20_80M_39N,Carangidae,Atule,mate,1,171.761
20_80M_41F,Carangidae,Atule,mate,1,252.111
20_80M_41F,Carangidae,Atule,mate,1,248.155
20_80M_41F,Carangidae,Atule,mate,1,235.84
20_80M_41F,Carangidae,Atule,mate,1,235.06
20_80M_41F,Carangidae,Atule,mate,1,226.931
20_80M_41F,Carangidae,Atule,mate,1,196.811
20_80M_41F,Carangidae,Atule,mate,1,228.48
20_80M_41F,Carangidae,Atule,mate,1,261.485
20_80M_41F,Carangidae,Atule,mate,1,212.637
20_80M_41F,Carangidae,Atule,mate,1,153.071
20_80M_41F,Carangidae,Atule,mate,1,226.77
20_80M_41F,Carangidae,Atule,mate,1,231.326
20_80M_41N,Carangidae,Atule,mate,1,202.361
20_80M_41N,Carangidae,Atule,mate,1,193.843
20_80M_41N,Carangidae,Atule,mate,1,205.956
20_80M_41N,Carangidae,Atule,mate,1,184.362
20_80M_41N,Carangidae,Atule,mate,1,172.181
20_80M_41N,Carangidae,Atule,mate,1,196.556
20_80M_41N,Carangidae,Atule,mate,1,216.734
20_80M_41N,Carangidae,Atule,mate,1,193.683
20_80M_41N,Carangidae,Atule,mate,1,185.893
20_80M_41N,Carangidae,Atule,mate,1,205.566
20_80M_41N,Carangidae,Atule,mate,1,191.082
20_80M_41N,Carangidae,Atule,mate,1,182.615
20_80M_44F,Carangidae,Atule,mate,1,218.985
20_80M_44F,Carangidae,Atule,mate,1,239.966
20_80M_46N,Carangidae,Atule,mate,1,248.054
20_80M_48N,Carangidae,Atule,mate,1,119.059
20_80M_48N,Carangidae,Atule,mate,1,95.765
20_80M_48N,Carangidae,Atule,mate,1,97.551
20_80M_48N,Carangidae,Atule,mate,1,92.622
20_80M_4N,Carangidae,Atule,mate,1,249.557
20_80M_4N,Carangidae,Atule,mate,1,225.3
20_80M_4N,Carangidae,Atule,mate,1,239.323
20_80M_4N,Carangidae,Atule,mate,1,245.055
20_80M_50F,Carangidae,Atule,mate,1,259.682
20_80M_50F,Carangidae,Atule,mate,1,247.557
20_80M_50F,Carangidae,Atule,mate,1,242.52
20_80M_50F,Carangidae,Atule,mate,1,201.634
20_80M_50F,Carangidae,Atule,mate,1,110.788
20_80M_50F,Carangidae,Atule,mate,1,104.584
20_80M_50F,Carangidae,Atule,mate,1,81.473
20_80M_50F,Carangidae,Atule,mate,1,245.942
20_80M_51F,Carangidae,Atule,mate,1,228.67
20_80M_51F,Carangidae,Atule,mate,1,240.269
20_80M_52N,Carangidae,Atule,mate,1,113.33
20_80M_53N,Carangidae,Atule,mate,1,230.594
20_80M_53N,Carangidae,Atule,mate,1,204.161
20_80M_54F,Carangidae,Atule,mate,1,203.713
20_80M_54F,Carangidae,Atule,mate,1,246.137
20_80M_54F,Carangidae,Atule,mate,1,223.127
20_80M_54F,Carangidae,Atule,mate,1,213.706
20_80M_54F,Carangidae,Atule,mate,1,247.652
20_80M_54F,Carangidae,Atule,mate,1,249.3
20_80M_54F,Carangidae,Atule,mate,1,234.106
20_80M_54F,Carangidae,Atule,mate,1,240.528
20_80M_55F,Carangidae,Atule,mate,1,223.304
20_80M_55F,Carangidae,Atule,mate,1,221.7
20_80M_55F,Carangidae,Atule,mate,1,235.937
20_80M_55F,Carangidae,Atule,mate,1,253.865
20_80M_55F,Carangidae,Atule,mate,1,227.191
20_80M_58F,Carangidae,Atule,mate,1,303.534
20_80M_58N,Carangidae,Atule,mate,1,121.1
20_80M_60F,Carangidae,Atule,mate,1,237.787
20_80M_60F,Carangidae,Atule,mate,1,239.161
20_80M_61F,Carangidae,Atule,mate,1,241.618
20_80M_61F,Carangidae,Atule,mate,1,207.729
20_80M_61F,Carangidae,Atule,mate,1,221.123
20_80M_61N,Carangidae,Atule,mate,1,113.674
20_80M_66N,Carangidae,Atule,mate,1,230.513
20_80M_66N,Carangidae,Atule,mate,1,182.29
20_80M_66N,Carangidae,Atule,mate,1,221.941
20_80M_67N,Carangidae,Atule,mate,1,205.39
20_80M_67N,Carangidae,Atule,mate,1,212.006
20_80M_67N,Carangidae,Atule,mate,1,185.662
20_80M_67N,Carangidae,Atule,mate,1,196.975
20_80M_67N,Carangidae,Atule,mate,1,194.978
20_80M_67N,Carangidae,Atule,mate,1,233.539
20_80M_67N,Carangidae,Atule,mate,1,219.413
20_80M_67N,Carangidae,Atule,mate,1,183.59
20_80M_67N,Carangidae,Atule,mate,1,218.588
20_80M_67N,Carangidae,Atule,mate,1,216.62
20_80M_67N,Carangidae,Atule,mate,1,190.742
20_80M_67N,Carangidae,Atule,mate,1,193.383
20_80M_67N,Carangidae,Atule,mate,1,207.65
20_80M_67N,Carangidae,Atule,mate,1,209.899
20_80M_67N,Carangidae,Atule,mate,1,209.38
20_80M_67N,Carangidae,Atule,mate,1,234.3
20_80M_67N,Carangidae,Atule,mate,1,186.457
20_80M_67N,Carangidae,Atule,mate,1,216.195
20_80M_68N,Carangidae,Atule,mate,1,195.859
20_80M_6F,Carangidae,Atule,mate,1,229.13
20_80M_72F,Carangidae,Atule,mate,1,234.401
20_80M_72N,Carangidae,Atule,mate,1,178.374
20_80M_72N,Carangidae,Atule,mate,1,197.577
20_80M_72N,Carangidae,Atule,mate,1,172.53
20_80M_72N,Carangidae,Atule,mate,1,178.333
20_80M_75F,Carangidae,Atule,mate,1,248.509
20_80M_75F,Carangidae,Atule,mate,1,91.211
20_80M_76F,Carangidae,Atule,mate,1,283.801
20_80M_76F,Carangidae,Atule,mate,1,193.211
20_80M_76F,Carangidae,Atule,mate,1,257.464
20_80M_76F,Carangidae,Atule,mate,1,242.183
20_80M_76F,Carangidae,Atule,mate,1,252.678
20_80M_76F,Carangidae,Atule,mate,1,265.015
20_80M_76F,Carangidae,Atule,mate,1,238.11
20_80M_76F,Carangidae,Atule,mate,1,265.418
20_80M_76F,Carangidae,Atule,mate,1,251.03
20_80M_76F,Carangidae,Atule,mate,1,253.541
20_80M_76F,Carangidae,Atule,mate,1,255.896
20_80M_76F,Carangidae,Atule,mate,1,250.448
20_80M_76F,Carangidae,Atule,mate,1,245.695
20_80M_76F,Carangidae,Atule,mate,1,268.528
20_80M_76F,Carangidae,Atule,mate,1,235.554
20_80M_77F,Carangidae,Atule,mate,1,259.551
20_80M_80F,Carangidae,Atule,mate,1,248.142
20_80M_82N,Carangidae,Atule,mate,1,205.561
20_80M_82N,Carangidae,Atule,mate,1,232.062
20_80M_84N,Carangidae,Atule,mate,1,177.453
20_80M_84N,Carangidae,Atule,mate,1,186.917
20_80M_84N,Carangidae,Atule,mate,1,225.469
20_80M_84N,Carangidae,Atule,mate,1,128.263
20_80M_84N,Carangidae,Atule,mate,1,81.016
20_80M_84N,Carangidae,Atule,mate,1,216.692
20_80M_84N,Carangidae,Atule,mate,1,173.119
20_80M_84N,Carangidae,Atule,mate,1,210.784
20_80M_85F,Carangidae,Atule,mate,1,269.015
20_80M_85N,Carangidae,Atule,mate,1,228.867
20_80M_85N,Carangidae,Atule,mate,1,230.656
20_80M_85N,Carangidae,Atule,mate,1,222.577
20_80M_85N,Carangidae,Atule,mate,1,221.734
20_80M_85N,Carangidae,Atule,mate,1,120.347
20_80M_85N,Carangidae,Atule,mate,1,150.031
20_80M_85N,Carangidae,Atule,mate,1,214.866
20_80M_85N,Carangidae,Atule,mate,1,214.69
20_80M_85N,Carangidae,Atule,mate,1,208.581
20_80M_85N,Carangidae,Atule,mate,1,205.045
20_80M_89F,Carangidae,Atule,mate,1,224.283
20_80M_89F,Carangidae,Atule,mate,1,234.44
20_80M_89F,Carangidae,Atule,mate,1,258.361
20_80M_89F,Carangidae,Atule,mate,1,254.989
20_80M_89N,Carangidae,Atule,mate,1,186.492
20_80M_89N,Carangidae,Atule,mate,1,195.92
20_80M_89N,Carangidae,Atule,mate,1,187.473
20_80M_89N,Carangidae,Atule,mate,1,178.372
20_80M_89N,Carangidae,Atule,mate,1,199.684
20_80M_89N,Carangidae,Atule,mate,1,189.831
20_80M_89N,Carangidae,Atule,mate,1,167.895
20_80M_89N,Carangidae,Atule,mate,1,194.409
20_80M_89N,Carangidae,Atule,mate,1,215.661
20_80M_89N,Carangidae,Atule,mate,1,202.739
20_80M_89N,Carangidae,Atule,mate,1,166.066
20_80M_89N,Carangidae,Atule,mate,1,223.963
20_80M_89N,Carangidae,Atule,mate,1,237.57
20_80M_89N,Carangidae,Atule,mate,1,204.273
20_80M_91N,Carangidae,Atule,mate,1,225.686
20_80M_91N,Carangidae,Atule,mate,1,218.093
20_80M_91N,Carangidae,Atule,mate,1,195.8
20_80M_91N,Carangidae,Atule,mate,1,231.307
20_80M_91N,Carangidae,Atule,mate,1,229.35
20_80M_93N,Carangidae,Atule,mate,1,119.346
20_80M_93N,Carangidae,Atule,mate,1,115.55
20_80M_93N,Carangidae,Atule,mate,1,127.667
20_80M_93N,Carangidae,Atule,mate,1,108.514
20_80M_93N,Carangidae,Atule,mate,1,106.534
20_80M_93N,Carangidae,Atule,mate,1,92.071
20_80M_93N,Carangidae,Atule,mate,1,118.165
20_80M_93N,Carangidae,Atule,mate,1,110.468
20_80M_93N,Carangidae,Atule,mate,1,113.552
20_80M_93N,Carangidae,Atule,mate,1,108.695
20_80M_93N,Carangidae,Atule,mate,1,115.054
20_80M_93N,Carangidae,Atule,mate,1,120.056
20_80M_93N,Carangidae,Atule,mate,1,106.641
20_80M_93N,Carangidae,Atule,mate,1,109.901
20_80M_93N,Carangidae,Atule,mate,1,118.755
20_80M_93N,Carangidae,Atule,mate,1,107.272
20_80M_93N,Carangidae,Atule,mate,1,112.729
20_80M_93N,Carangidae,Atule,mate,1,112.813
20_80M_93N,Carangidae,Atule,mate,1,110.548
20_80M_93N,Carangidae,Atule,mate,1,104.725
20_80M_93N,Carangidae,Atule,mate,1,114.497
20_80M_93N,Carangidae,Atule,mate,1,115.941
20_80M_93N,Carangidae,Atule,mate,1,107.876
20_80M_93N,Carangidae,Atule,mate,1,104.616
20_80M_93N,Carangidae,Atule,mate,1,106.583
20_80M_93N,Carangidae,Atule,mate,1,104.127
20_80M_93N,Carangidae,Atule,mate,1,105.946
20_80M_93N,Carangidae,Atule,mate,1,126.858
20_80M_93N,Carangidae,Atule,mate,1,130.219
20_80M_93N,Carangidae,Atule,mate,1,116.546
20_80M_94N,Carangidae,Atule,mate,1,193.729
20_80M_94N,Carangidae,Atule,mate,1,192.03
20_80M_94N,Carangidae,Atule,mate,1,203.343
20_80M_94N,Carangidae,Atule,mate,1,203.385
20_80M_94N,Carangidae,Atule,mate,1,177.411
20_80M_94N,Carangidae,Atule,mate,1,223.852
20_80M_96F,Carangidae,Atule,mate,1,243.074
20_80M_96F,Carangidae,Atule,mate,1,283.286
20_80M_96F,Carangidae,Atule,mate,1,252.396
20_80M_96F,Carangidae,Atule,mate,1,274.142
20_80M_96F,Carangidae,Atule,mate,1,269.066
20_80M_98F,Carangidae,Atule,mate,1,273.661
20_80M_98N,Carangidae,Atule,mate,1,194.118
20_80M_98N,Carangidae,Atule,mate,1,200.033
20_80M_98N,Carangidae,Atule,mate,1,223.021
20_80M_98N,Carangidae,Atule,mate,1,215.841
20_80M_98N,Carangidae,Atule,mate,1,215.867
20_80M_98N,Carangidae,Atule,mate,1,198.901
20_80M_98N,Carangidae,Atule,mate,1,207.406
20_80M_98N,Carangidae,Atule,mate,1,214.482
20_80M_98N,Carangidae,Atule,mate,1,190.185
20_80M_98N,Carangidae,Atule,mate,1,214.372
20_80M_98N,Carangidae,Atule,mate,1,221.053
20_80M_98N,Carangidae,Atule,mate,1,213.886
20_80M_98N,Carangidae,Atule,mate,1,212.213
20_80M_98N,Carangidae,Atule,mate,1,209.471
20_80M_98N,Carangidae,Atule,mate,1,243.186
20_80M_98N,Carangidae,Atule,mate,1,196.831
20_80M_98N,Carangidae,Atule,mate,1,197.652
20_80M_98N,Carangidae,Atule,mate,1,220.648
20_80M_98N,Carangidae,Atule,mate,1,226.121
20_80M_98N,Carangidae,Atule,mate,1,190.945
20_80M_98N,Carangidae,Atule,mate,1,208.551
20_80M_99N,Carangidae,Atule,mate,1,196.547
20_80M_99N,Carangidae,Atule,mate,1,221.377
20_80M_99N,Carangidae,Atule,mate,1,176.565
20_80M_99N,Carangidae,Atule,mate,1,183.984
20_80M_9N,Carangidae,Atule,mate,1,254.516
20_80M_107N,Carangidae,Caranx,bucculentus,1,261.074
20_80M_107N,Carangidae,Caranx,bucculentus,1,225.306
20_80M_45N,Carangidae,Caranx,bucculentus,1,216.986
20_80M_45N,Carangidae,Caranx,bucculentus,1,226.923
20_80M_45N,Carangidae,Caranx,bucculentus,1,209.931
20_80M_45N,Carangidae,Caranx,bucculentus,1,238.365
20_80M_45N,Carangidae,Caranx,bucculentus,1,213.091
20_80M_45N,Carangidae,Caranx,bucculentus,1,216.007
20_80M_67N,Carangidae,Caranx,bucculentus,1,231.073
20_80M_72N,Carangidae,Caranx,bucculentus,1,225.013
20_80M_82N,Carangidae,Caranx,bucculentus,1,215.023
20_80M_82N,Carangidae,Caranx,bucculentus,1,168.42
20_80M_82N,Carangidae,Caranx,bucculentus,1,226.259
20_80M_83N,Carangidae,Caranx,bucculentus,1,230.488
20_80M_83N,Carangidae,Caranx,bucculentus,1,219.603
20_80M_83N,Carangidae,Caranx,bucculentus,1,206.254
20_80M_84N,Carangidae,Caranx,bucculentus,1,207.494
20_80M_84N,Carangidae,Caranx,bucculentus,1,217.244
20_80M_92N,Carangidae,Caranx,bucculentus,1,197.015
20_80M_94N,Carangidae,Caranx,bucculentus,1,221.23
20_80M_94N,Carangidae,Caranx,bucculentus,1,437.781
20_80M_96N,Carangidae,Caranx,bucculentus,1,200.949
20_80M_97N,Carangidae,Caranx,bucculentus,1,201.172
20_80M_97N,Carangidae,Caranx,bucculentus,1,208.602
20_80M_97N,Carangidae,Caranx,bucculentus,1,194.135
20_80M_97N,Carangidae,Caranx,bucculentus,1,519.243
20_80M_97N,Carangidae,Caranx,bucculentus,1,210.854
20_80M_98N,Carangidae,Caranx,bucculentus,1,205.199
20_80M_99N,Carangidae,Caranx,bucculentus,1,235.697
20_80M_129N,Carangidae,Caranx,ignobilis,1,889.643
20_80M_23N,Carangidae,Caranx,ignobilis,1,537.309
20_80M_28F,Carangidae,Caranx,ignobilis,1,885.609
20_80M_3F,Carangidae,Caranx,ignobilis,1,724.084
20_80M_7N,Carangidae,Caranx,ignobilis,1,439.416
20_80M_101N,Carangidae,Caranx,papuensis,1,938.96
20_80M_102F,Carangidae,Caranx,papuensis,1,843.285
20_80M_103F,Carangidae,Caranx,papuensis,1,629.17
20_80M_19F,Carangidae,Caranx,papuensis,1,638.229
20_80M_19F,Carangidae,Caranx,papuensis,1,645.283
20_80M_23N,Carangidae,Caranx,papuensis,1,847.784
20_80M_23N,Carangidae,Caranx,papuensis,1,534.045
20_80M_44F,Carangidae,Caranx,papuensis,1,685.974
20_80M_51F,Carangidae,Caranx,papuensis,1,750.66
20_80M_55F,Carangidae,Caranx,papuensis,1,731.699
20_80M_55F,Carangidae,Caranx,papuensis,1,729.823
20_80M_71F,Carangidae,Caranx,papuensis,1,856.174
20_80M_7N,Carangidae,Caranx,papuensis,1,466.2
20_80M_7N,Carangidae,Caranx,papuensis,1,538.939
20_80M_88F,Carangidae,Caranx,papuensis,1,764.899
20_80M_88F,Carangidae,Caranx,papuensis,1,793.126
20_80M_9F,Carangidae,Caranx,papuensis,1,653.041
20_80M_9F,Carangidae,Caranx,papuensis,1,719.595
20_80M_55F,Carangidae,Decapterus,macarellus,1,169.715
20_80M_55F,Carangidae,Decapterus,macarellus,1,181.048
20_80M_55F,Carangidae,Decapterus,macarellus,1,152.074
20_80M_55F,Carangidae,Decapterus,macarellus,1,185.333
20_80M_127N,Carangidae,Ferdauia,orthogrammus,1,237.821
20_80M_100N,Carangidae,Gnathanodon,speciosus,1,58.613
20_80M_100N,Carangidae,Gnathanodon,speciosus,1,35.242
20_80M_100N,Carangidae,Gnathanodon,speciosus,1,33.223
20_80M_100N,Carangidae,Gnathanodon,speciosus,1,45.422
20_80M_100N,Carangidae,Gnathanodon,speciosus,1,32.888
20_80M_100N,Carangidae,Gnathanodon,speciosus,1,48.5
20_80M_100N,Carangidae,Gnathanodon,speciosus,1,26.806
20_80M_100N,Carangidae,Gnathanodon,speciosus,1,36.119
20_80M_100N,Carangidae,Gnathanodon,speciosus,1,30.021
20_80M_100N,Carangidae,Gnathanodon,speciosus,1,32.967
20_80M_100N,Carangidae,Gnathanodon,speciosus,1,35.694
20_80M_100N,Carangidae,Gnathanodon,speciosus,1,42.314
20_80M_100N,Carangidae,Gnathanodon,speciosus,1,25.132
20_80M_100N,Carangidae,Gnathanodon,speciosus,1,565.519
20_80M_100N,Carangidae,Gnathanodon,speciosus,1,592.908
20_80M_101N,Carangidae,Gnathanodon,speciosus,1,50.139
20_80M_101N,Carangidae,Gnathanodon,speciosus,1,39.842
20_80M_101N,Carangidae,Gnathanodon,speciosus,1,38.534
20_80M_101N,Carangidae,Gnathanodon,speciosus,1,46.773
20_80M_101N,Carangidae,Gnathanodon,speciosus,1,40.316
20_80M_101N,Carangidae,Gnathanodon,speciosus,1,34.745
20_80M_101N,Carangidae,Gnathanodon,speciosus,1,27.996
20_80M_101N,Carangidae,Gnathanodon,speciosus,1,29.248
20_80M_101N,Carangidae,Gnathanodon,speciosus,1,31.529
20_80M_101N,Carangidae,Gnathanodon,speciosus,1,39.438
20_80M_101N,Carangidae,Gnathanodon,speciosus,1,40.583
20_80M_101N,Carangidae,Gnathanodon,speciosus,1,28.463
20_80M_101N,Carangidae,Gnathanodon,speciosus,1,199.142
20_80M_101N,Carangidae,Gnathanodon,speciosus,1,208.648
20_80M_101N,Carangidae,Gnathanodon,speciosus,1,202.548
20_80M_101N,Carangidae,Gnathanodon,speciosus,1,29.673
20_80M_101N,Carangidae,Gnathanodon,speciosus,1,183.621
20_80M_101N,Carangidae,Gnathanodon,speciosus,1,199.788
20_80M_101N,Carangidae,Gnathanodon,speciosus,1,187.675
20_80M_101N,Carangidae,Gnathanodon,speciosus,1,159.615
20_80M_101N,Carangidae,Gnathanodon,speciosus,1,195.359
20_80M_101N,Carangidae,Gnathanodon,speciosus,1,207.303
20_80M_101N,Carangidae,Gnathanodon,speciosus,1,201.444
20_80M_101N,Carangidae,Gnathanodon,speciosus,1,193
20_80M_102F,Carangidae,Gnathanodon,speciosus,1,194.788
20_80M_102F,Carangidae,Gnathanodon,speciosus,1,181.788
20_80M_102F,Carangidae,Gnathanodon,speciosus,1,199.75
20_80M_102F,Carangidae,Gnathanodon,speciosus,1,209.647
20_80M_102F,Carangidae,Gnathanodon,speciosus,1,205.498
20_80M_102F,Carangidae,Gnathanodon,speciosus,1,201.37
20_80M_103F,Carangidae,Gnathanodon,speciosus,1,690.507
20_80M_104F,Carangidae,Gnathanodon,speciosus,1,630.334
20_80M_104F,Carangidae,Gnathanodon,speciosus,1,334.457
20_80M_104F,Carangidae,Gnathanodon,speciosus,1,702.635
20_80M_104F,Carangidae,Gnathanodon,speciosus,1,331.323
20_80M_104F,Carangidae,Gnathanodon,speciosus,1,699.563
20_80M_104N,Carangidae,Gnathanodon,speciosus,1,38.619
20_80M_106N,Carangidae,Gnathanodon,speciosus,1,568.385
20_80M_106N,Carangidae,Gnathanodon,speciosus,1,583.51
20_80M_107N,Carangidae,Gnathanodon,speciosus,1,510.621
20_80M_111N,Carangidae,Gnathanodon,speciosus,1,40.282
20_80M_111N,Carangidae,Gnathanodon,speciosus,1,37.445
20_80M_111N,Carangidae,Gnathanodon,speciosus,1,31.59
20_80M_111N,Carangidae,Gnathanodon,speciosus,1,35.139
20_80M_111N,Carangidae,Gnathanodon,speciosus,1,42.691
20_80M_111N,Carangidae,Gnathanodon,speciosus,1,32.124
20_80M_111N,Carangidae,Gnathanodon,speciosus,1,35.301
20_80M_113N,Carangidae,Gnathanodon,speciosus,1,73.146
20_80M_113N,Carangidae,Gnathanodon,speciosus,1,69.928
20_80M_119N,Carangidae,Gnathanodon,speciosus,1,37.873
20_80M_119N,Carangidae,Gnathanodon,speciosus,1,36.862
20_80M_119N,Carangidae,Gnathanodon,speciosus,1,37.532
20_80M_119N,Carangidae,Gnathanodon,speciosus,1,41.728
20_80M_11F,Carangidae,Gnathanodon,speciosus,1,591.177
20_80M_128N,Carangidae,Gnathanodon,speciosus,1,681.718
20_80M_12F,Carangidae,Gnathanodon,speciosus,1,748.289
20_80M_12F,Carangidae,Gnathanodon,speciosus,1,843.778
20_80M_131N,Carangidae,Gnathanodon,speciosus,1,36.177
20_80M_131N,Carangidae,Gnathanodon,speciosus,1,41.652
20_80M_131N,Carangidae,Gnathanodon,speciosus,1,44.431
20_80M_131N,Carangidae,Gnathanodon,speciosus,1,46.252
20_80M_131N,Carangidae,Gnathanodon,speciosus,1,36.6
20_80M_131N,Carangidae,Gnathanodon,speciosus,1,34.296
20_80M_131N,Carangidae,Gnathanodon,speciosus,1,37.411
20_80M_131N,Carangidae,Gnathanodon,speciosus,1,36.016
20_80M_131N,Carangidae,Gnathanodon,speciosus,1,41.435
20_80M_131N,Carangidae,Gnathanodon,speciosus,1,32.866
20_80M_131N,Carangidae,Gnathanodon,speciosus,1,43.417
20_80M_131N,Carangidae,Gnathanodon,speciosus,1,33.987
20_80M_131N,Carangidae,Gnathanodon,speciosus,1,30.18
20_80M_131N,Carangidae,Gnathanodon,speciosus,1,47.135
20_80M_131N,Carangidae,Gnathanodon,speciosus,1,40.267
20_80M_131N,Carangidae,Gnathanodon,speciosus,1,40.778
20_80M_131N,Carangidae,Gnathanodon,speciosus,1,39.662
20_80M_132N,Carangidae,Gnathanodon,speciosus,1,247.695
20_80M_132N,Carangidae,Gnathanodon,speciosus,1,238.502
20_80M_132N,Carangidae,Gnathanodon,speciosus,1,270.706
20_80M_132N,Carangidae,Gnathanodon,speciosus,1,250.665
20_80M_132N,Carangidae,Gnathanodon,speciosus,1,228.431
20_80M_132N,Carangidae,Gnathanodon,speciosus,1,313.078
20_80M_132N,Carangidae,Gnathanodon,speciosus,1,224.445
20_80M_132N,Carangidae,Gnathanodon,speciosus,1,243.431
20_80M_132N,Carangidae,Gnathanodon,speciosus,1,260.516
20_80M_132N,Carangidae,Gnathanodon,speciosus,1,240.09
20_80M_132N,Carangidae,Gnathanodon,speciosus,1,262.605
20_80M_132N,Carangidae,Gnathanodon,speciosus,1,257.43
20_80M_132N,Carangidae,Gnathanodon,speciosus,1,235.2
20_80M_132N,Carangidae,Gnathanodon,speciosus,1,229.69
20_80M_132N,Carangidae,Gnathanodon,speciosus,1,280.13
20_80M_132N,Carangidae,Gnathanodon,speciosus,1,249.059
20_80M_132N,Carangidae,Gnathanodon,speciosus,1,225.19
20_80M_132N,Carangidae,Gnathanodon,speciosus,1,236.363
20_80M_132N,Carangidae,Gnathanodon,speciosus,1,243.448
20_80M_132N,Carangidae,Gnathanodon,speciosus,1,673.495
20_80M_133N,Carangidae,Gnathanodon,speciosus,1,34.311
20_80M_133N,Carangidae,Gnathanodon,speciosus,1,36.957
20_80M_133N,Carangidae,Gnathanodon,speciosus,1,35.726
20_80M_133N,Carangidae,Gnathanodon,speciosus,1,38.313
20_80M_13F,Carangidae,Gnathanodon,speciosus,1,610.493
20_80M_13F,Carangidae,Gnathanodon,speciosus,1,598.219
20_80M_13F,Carangidae,Gnathanodon,speciosus,1,41.807
20_80M_13F,Carangidae,Gnathanodon,speciosus,1,37.567
20_80M_13F,Carangidae,Gnathanodon,speciosus,1,663.764
20_80M_14F,Carangidae,Gnathanodon,speciosus,1,245.837
20_80M_14F,Carangidae,Gnathanodon,speciosus,1,283.094
20_80M_14F,Carangidae,Gnathanodon,speciosus,1,264.934
20_80M_14F,Carangidae,Gnathanodon,speciosus,1,268.621
20_80M_14F,Carangidae,Gnathanodon,speciosus,1,313.339
20_80M_14F,Carangidae,Gnathanodon,speciosus,1,242.936
20_80M_14F,Carangidae,Gnathanodon,speciosus,1,245.157
20_80M_14F,Carangidae,Gnathanodon,speciosus,1,256.17
20_80M_14F,Carangidae,Gnathanodon,speciosus,1,265.807
20_80M_14F,Carangidae,Gnathanodon,speciosus,1,255.635
20_80M_14F,Carangidae,Gnathanodon,speciosus,1,261.774
20_80M_14F,Carangidae,Gnathanodon,speciosus,1,268.378
20_80M_14F,Carangidae,Gnathanodon,speciosus,1,41.841
20_80M_14F,Carangidae,Gnathanodon,speciosus,1,33.627
20_80M_14F,Carangidae,Gnathanodon,speciosus,1,41.971
20_80M_18F,Carangidae,Gnathanodon,speciosus,1,34.339
20_80M_18N,Carangidae,Gnathanodon,speciosus,1,45.659
20_80M_19F,Carangidae,Gnathanodon,speciosus,1,507.118
20_80M_19F,Carangidae,Gnathanodon,speciosus,1,358.435
20_80M_19F,Carangidae,Gnathanodon,speciosus,1,512.284
20_80M_19F,Carangidae,Gnathanodon,speciosus,1,498.894
20_80M_19F,Carangidae,Gnathanodon,speciosus,1,494.313
20_80M_19F,Carangidae,Gnathanodon,speciosus,1,47.124
20_80M_19F,Carangidae,Gnathanodon,speciosus,1,38.438
20_80M_19F,Carangidae,Gnathanodon,speciosus,1,32.894
20_80M_19F,Carangidae,Gnathanodon,speciosus,1,38.546
20_80M_19F,Carangidae,Gnathanodon,speciosus,1,40.698
20_80M_19F,Carangidae,Gnathanodon,speciosus,1,36.122
20_80M_19F,Carangidae,Gnathanodon,speciosus,1,32.772
20_80M_1F,Carangidae,Gnathanodon,speciosus,1,695.554
20_80M_1F,Carangidae,Gnathanodon,speciosus,1,772.906
20_80M_20N,Carangidae,Gnathanodon,speciosus,1,57.249
20_80M_20N,Carangidae,Gnathanodon,speciosus,1,47.835
20_80M_20N,Carangidae,Gnathanodon,speciosus,1,36.079
20_80M_20N,Carangidae,Gnathanodon,speciosus,1,54.103
20_80M_22F,Carangidae,Gnathanodon,speciosus,1,210.752
20_80M_22F,Carangidae,Gnathanodon,speciosus,1,208.176
20_80M_22F,Carangidae,Gnathanodon,speciosus,1,198.842
20_80M_22F,Carangidae,Gnathanodon,speciosus,1,225.069
20_80M_22N,Carangidae,Gnathanodon,speciosus,1,584.846
20_80M_22N,Carangidae,Gnathanodon,speciosus,1,668.351
20_80M_22N,Carangidae,Gnathanodon,speciosus,1,622.252
20_80M_23F,Carangidae,Gnathanodon,speciosus,1,210.688
20_80M_23F,Carangidae,Gnathanodon,speciosus,1,209.497
20_80M_23F,Carangidae,Gnathanodon,speciosus,1,207.911
20_80M_23N,Carangidae,Gnathanodon,speciosus,1,389.686
20_80M_23N,Carangidae,Gnathanodon,speciosus,1,382.016
20_80M_23N,Carangidae,Gnathanodon,speciosus,1,595.096
20_80M_23N,Carangidae,Gnathanodon,speciosus,1,711.565
20_80M_23N,Carangidae,Gnathanodon,speciosus,1,443.078
20_80M_23N,Carangidae,Gnathanodon,speciosus,1,470.721
20_80M_23N,Carangidae,Gnathanodon,speciosus,1,387.061
20_80M_23N,Carangidae,Gnathanodon,speciosus,1,674.948
20_80M_23N,Carangidae,Gnathanodon,speciosus,1,372.948
20_80M_23N,Carangidae,Gnathanodon,speciosus,1,705.835
20_80M_24N,Carangidae,Gnathanodon,speciosus,1,42.887
20_80M_24N,Carangidae,Gnathanodon,speciosus,1,81.982
20_80M_24N,Carangidae,Gnathanodon,speciosus,1,69.521
20_80M_24N,Carangidae,Gnathanodon,speciosus,1,79.395
20_80M_24N,Carangidae,Gnathanodon,speciosus,1,44.204
20_80M_24N,Carangidae,Gnathanodon,speciosus,1,74.387
20_80M_27N,Carangidae,Gnathanodon,speciosus,1,55.63
20_80M_27N,Carangidae,Gnathanodon,speciosus,1,45.295
20_80M_27N,Carangidae,Gnathanodon,speciosus,1,41.638
20_80M_27N,Carangidae,Gnathanodon,speciosus,1,40.267
20_80M_2F,Carangidae,Gnathanodon,speciosus,1,33.408
20_80M_2F,Carangidae,Gnathanodon,speciosus,1,25.393
20_80M_2F,Carangidae,Gnathanodon,speciosus,1,29.118
20_80M_2F,Carangidae,Gnathanodon,speciosus,1,22.821
20_80M_2F,Carangidae,Gnathanodon,speciosus,1,29.474
20_80M_2F,Carangidae,Gnathanodon,speciosus,1,28.129
20_80M_2F,Carangidae,Gnathanodon,speciosus,1,34.116
20_80M_2F,Carangidae,Gnathanodon,speciosus,1,28.399
20_80M_31F,Carangidae,Gnathanodon,speciosus,1,703.551
20_80M_31N,Carangidae,Gnathanodon,speciosus,1,37.725
20_80M_32N,Carangidae,Gnathanodon,speciosus,1,646.52
20_80M_32N,Carangidae,Gnathanodon,speciosus,1,467.064
20_80M_32N,Carangidae,Gnathanodon,speciosus,1,451.994
20_80M_32N,Carangidae,Gnathanodon,speciosus,1,481.61
20_80M_32N,Carangidae,Gnathanodon,speciosus,1,460.916
20_80M_32N,Carangidae,Gnathanodon,speciosus,1,547.514
20_80M_33N,Carangidae,Gnathanodon,speciosus,1,34.756
20_80M_33N,Carangidae,Gnathanodon,speciosus,1,37.581
20_80M_33N,Carangidae,Gnathanodon,speciosus,1,42.572
20_80M_36N,Carangidae,Gnathanodon,speciosus,1,185.103
20_80M_36N,Carangidae,Gnathanodon,speciosus,1,195.815
20_80M_36N,Carangidae,Gnathanodon,speciosus,1,191.541
20_80M_36N,Carangidae,Gnathanodon,speciosus,1,174.844
20_80M_36N,Carangidae,Gnathanodon,speciosus,1,180.048
20_80M_36N,Carangidae,Gnathanodon,speciosus,1,197.671
20_80M_36N,Carangidae,Gnathanodon,speciosus,1,187.595
20_80M_37F,Carangidae,Gnathanodon,speciosus,1,236.181
20_80M_37F,Carangidae,Gnathanodon,speciosus,1,250.681
20_80M_37F,Carangidae,Gnathanodon,speciosus,1,218.46
20_80M_37F,Carangidae,Gnathanodon,speciosus,1,227.835
20_80M_3F,Carangidae,Gnathanodon,speciosus,1,32.701
20_80M_3F,Carangidae,Gnathanodon,speciosus,1,27.146
20_80M_3F,Carangidae,Gnathanodon,speciosus,1,25.468
20_80M_43F,Carangidae,Gnathanodon,speciosus,1,277.476
20_80M_45N,Carangidae,Gnathanodon,speciosus,1,614.094
20_80M_48F,Carangidae,Gnathanodon,speciosus,1,38.786
20_80M_48F,Carangidae,Gnathanodon,speciosus,1,31.031
20_80M_48N,Carangidae,Gnathanodon,speciosus,1,67.853
20_80M_4N,Carangidae,Gnathanodon,speciosus,1,36.762
20_80M_4N,Carangidae,Gnathanodon,speciosus,1,33.501
20_80M_50F,Carangidae,Gnathanodon,speciosus,1,49.08
20_80M_50F,Carangidae,Gnathanodon,speciosus,1,43.23
20_80M_54F,Carangidae,Gnathanodon,speciosus,1,41.168
20_80M_54F,Carangidae,Gnathanodon,speciosus,1,39.55
20_80M_54F,Carangidae,Gnathanodon,speciosus,1,35.512
20_80M_54F,Carangidae,Gnathanodon,speciosus,1,33.746
20_80M_54F,Carangidae,Gnathanodon,speciosus,1,32.237
20_80M_54F,Carangidae,Gnathanodon,speciosus,1,29.055
20_80M_54F,Carangidae,Gnathanodon,speciosus,1,34.793
20_80M_54N,Carangidae,Gnathanodon,speciosus,1,654.336
20_80M_55F,Carangidae,Gnathanodon,speciosus,1,31.82
20_80M_55F,Carangidae,Gnathanodon,speciosus,1,39.708
20_80M_55F,Carangidae,Gnathanodon,speciosus,1,36.784
20_80M_55F,Carangidae,Gnathanodon,speciosus,1,35.475
20_80M_55F,Carangidae,Gnathanodon,speciosus,1,29.223
20_80M_55F,Carangidae,Gnathanodon,speciosus,1,37.856
20_80M_55F,Carangidae,Gnathanodon,speciosus,1,35.992
20_80M_55F,Carangidae,Gnathanodon,speciosus,1,53.614
20_80M_55F,Carangidae,Gnathanodon,speciosus,1,32.454
20_80M_55F,Carangidae,Gnathanodon,speciosus,1,48.414
20_80M_55F,Carangidae,Gnathanodon,speciosus,1,40.865
20_80M_55F,Carangidae,Gnathanodon,speciosus,1,67.477
20_80M_55F,Carangidae,Gnathanodon,speciosus,1,30.668
20_80M_55F,Carangidae,Gnathanodon,speciosus,1,32.876
20_80M_55F,Carangidae,Gnathanodon,speciosus,1,34.952
20_80M_55F,Carangidae,Gnathanodon,speciosus,1,31.242
20_80M_55F,Carangidae,Gnathanodon,speciosus,1,41.964
20_80M_55N,Carangidae,Gnathanodon,speciosus,1,48.127
20_80M_55N,Carangidae,Gnathanodon,speciosus,1,39.253
20_80M_55N,Carangidae,Gnathanodon,speciosus,1,40.061
20_80M_55N,Carangidae,Gnathanodon,speciosus,1,34.022
20_80M_55N,Carangidae,Gnathanodon,speciosus,1,34.492
20_80M_56F,Carangidae,Gnathanodon,speciosus,1,694.623
20_80M_56N,Carangidae,Gnathanodon,speciosus,1,631.634
20_80M_57N,Carangidae,Gnathanodon,speciosus,1,40.679
20_80M_57N,Carangidae,Gnathanodon,speciosus,1,29.324
20_80M_57N,Carangidae,Gnathanodon,speciosus,1,35.066
20_80M_57N,Carangidae,Gnathanodon,speciosus,1,27.574
20_80M_58F,Carangidae,Gnathanodon,speciosus,1,205.714
20_80M_58F,Carangidae,Gnathanodon,speciosus,1,208.936
20_80M_58F,Carangidae,Gnathanodon,speciosus,1,215.051
20_80M_59N,Carangidae,Gnathanodon,speciosus,1,79.618
20_80M_59N,Carangidae,Gnathanodon,speciosus,1,57.651
20_80M_59N,Carangidae,Gnathanodon,speciosus,1,43.629
20_80M_59N,Carangidae,Gnathanodon,speciosus,1,64.508
20_80M_59N,Carangidae,Gnathanodon,speciosus,1,67.686
20_80M_59N,Carangidae,Gnathanodon,speciosus,1,68.906
20_80M_59N,Carangidae,Gnathanodon,speciosus,1,69.276
20_80M_5F,Carangidae,Gnathanodon,speciosus,1,192.371
20_80M_5F,Carangidae,Gnathanodon,speciosus,1,204.124
20_80M_5F,Carangidae,Gnathanodon,speciosus,1,191.053
20_80M_60F,Carangidae,Gnathanodon,speciosus,1,738.507
20_80M_61F,Carangidae,Gnathanodon,speciosus,1,26.228
20_80M_61F,Carangidae,Gnathanodon,speciosus,1,36.276
20_80M_61F,Carangidae,Gnathanodon,speciosus,1,32.422
20_80M_61F,Carangidae,Gnathanodon,speciosus,1,35.873
20_80M_61F,Carangidae,Gnathanodon,speciosus,1,42.782
20_80M_61F,Carangidae,Gnathanodon,speciosus,1,39.068
20_80M_61F,Carangidae,Gnathanodon,speciosus,1,34.212
20_80M_61F,Carangidae,Gnathanodon,speciosus,1,35.638
20_80M_61F,Carangidae,Gnathanodon,speciosus,1,36.598
20_80M_61F,Carangidae,Gnathanodon,speciosus,1,38.381
20_80M_61F,Carangidae,Gnathanodon,speciosus,1,38.689
20_80M_61F,Carangidae,Gnathanodon,speciosus,1,34.675
20_80M_62N,Carangidae,Gnathanodon,speciosus,1,32.466
20_80M_62N,Carangidae,Gnathanodon,speciosus,1,37.463
20_80M_64N,Carangidae,Gnathanodon,speciosus,1,621.078
20_80M_65N,Carangidae,Gnathanodon,speciosus,1,24.3
20_80M_66N,Carangidae,Gnathanodon,speciosus,1,223.506
20_80M_66N,Carangidae,Gnathanodon,speciosus,1,252.424
20_80M_67N,Carangidae,Gnathanodon,speciosus,1,601.96
20_80M_68F,Carangidae,Gnathanodon,speciosus,1,37.756
20_80M_68F,Carangidae,Gnathanodon,speciosus,1,41.081
20_80M_68F,Carangidae,Gnathanodon,speciosus,1,34.786
20_80M_68F,Carangidae,Gnathanodon,speciosus,1,64.67
20_80M_68F,Carangidae,Gnathanodon,speciosus,1,66.538
20_80M_68F,Carangidae,Gnathanodon,speciosus,1,64.771
20_80M_68F,Carangidae,Gnathanodon,speciosus,1,67.911
20_80M_68F,Carangidae,Gnathanodon,speciosus,1,63.75
20_80M_68F,Carangidae,Gnathanodon,speciosus,1,64.886
20_80M_68F,Carangidae,Gnathanodon,speciosus,1,73.424
20_80M_68F,Carangidae,Gnathanodon,speciosus,1,60.421
20_80M_74F,Carangidae,Gnathanodon,speciosus,1,45.832
20_80M_74F,Carangidae,Gnathanodon,speciosus,1,43.775
20_80M_74F,Carangidae,Gnathanodon,speciosus,1,47.251
20_80M_74F,Carangidae,Gnathanodon,speciosus,1,43.636
20_80M_74F,Carangidae,Gnathanodon,speciosus,1,38.234
20_80M_74F,Carangidae,Gnathanodon,speciosus,1,36.612
20_80M_74F,Carangidae,Gnathanodon,speciosus,1,37.977
20_80M_74F,Carangidae,Gnathanodon,speciosus,1,64.067
20_80M_74F,Carangidae,Gnathanodon,speciosus,1,39.65
20_80M_74F,Carangidae,Gnathanodon,speciosus,1,34.351
20_80M_74F,Carangidae,Gnathanodon,speciosus,1,45.93
20_80M_75F,Carangidae,Gnathanodon,speciosus,1,40.853
20_80M_75F,Carangidae,Gnathanodon,speciosus,1,40.997
20_80M_75F,Carangidae,Gnathanodon,speciosus,1,38.994
20_80M_75F,Carangidae,Gnathanodon,speciosus,1,37.532
20_80M_75F,Carangidae,Gnathanodon,speciosus,1,35.404
20_80M_75F,Carangidae,Gnathanodon,speciosus,1,37.17
20_80M_75F,Carangidae,Gnathanodon,speciosus,1,47.016
20_80M_76F,Carangidae,Gnathanodon,speciosus,1,35.85
20_80M_76F,Carangidae,Gnathanodon,speciosus,1,37.493
20_80M_76F,Carangidae,Gnathanodon,speciosus,1,40.458
20_80M_76F,Carangidae,Gnathanodon,speciosus,1,44.104
20_80M_76F,Carangidae,Gnathanodon,speciosus,1,34.043
20_80M_76F,Carangidae,Gnathanodon,speciosus,1,35.664
20_80M_76F,Carangidae,Gnathanodon,speciosus,1,40.031
20_80M_76F,Carangidae,Gnathanodon,speciosus,1,36.653
20_80M_76F,Carangidae,Gnathanodon,speciosus,1,34.533
20_80M_7F,Carangidae,Gnathanodon,speciosus,1,265.323
20_80M_7F,Carangidae,Gnathanodon,speciosus,1,248.786
20_80M_7F,Carangidae,Gnathanodon,speciosus,1,239.946
20_80M_7F,Carangidae,Gnathanodon,speciosus,1,251.416
20_80M_7F,Carangidae,Gnathanodon,speciosus,1,243.644
20_80M_7N,Carangidae,Gnathanodon,speciosus,1,661.658
20_80M_7N,Carangidae,Gnathanodon,speciosus,1,353.275
20_80M_7N,Carangidae,Gnathanodon,speciosus,1,458.111
20_80M_7N,Carangidae,Gnathanodon,speciosus,1,300.05
20_80M_7N,Carangidae,Gnathanodon,speciosus,1,672.965
20_80M_7N,Carangidae,Gnathanodon,speciosus,1,643.491
20_80M_7N,Carangidae,Gnathanodon,speciosus,1,413.852
20_80M_7N,Carangidae,Gnathanodon,speciosus,1,789.219
20_80M_81F,Carangidae,Gnathanodon,speciosus,1,238.18
20_80M_81F,Carangidae,Gnathanodon,speciosus,1,258.405
20_80M_82N,Carangidae,Gnathanodon,speciosus,1,175.817
20_80M_82N,Carangidae,Gnathanodon,speciosus,1,167.2
20_80M_82N,Carangidae,Gnathanodon,speciosus,1,172.974
20_80M_83F,Carangidae,Gnathanodon,speciosus,1,345.055
20_80M_85F,Carangidae,Gnathanodon,speciosus,1,589.02
20_80M_85F,Carangidae,Gnathanodon,speciosus,1,607.875
20_80M_85F,Carangidae,Gnathanodon,speciosus,1,631.099
20_80M_85F,Carangidae,Gnathanodon,speciosus,1,560.468
20_80M_85F,Carangidae,Gnathanodon,speciosus,1,576.948
20_80M_85F,Carangidae,Gnathanodon,speciosus,1,581.399
20_80M_85F,Carangidae,Gnathanodon,speciosus,1,550.893
20_80M_85F,Carangidae,Gnathanodon,speciosus,1,573.011
20_80M_85F,Carangidae,Gnathanodon,speciosus,1,566.848
20_80M_85F,Carangidae,Gnathanodon,speciosus,1,556.401
20_80M_85F,Carangidae,Gnathanodon,speciosus,1,499.794
20_80M_85F,Carangidae,Gnathanodon,speciosus,1,549.249
20_80M_85F,Carangidae,Gnathanodon,speciosus,1,537.582
20_80M_85F,Carangidae,Gnathanodon,speciosus,1,529.366
20_80M_85F,Carangidae,Gnathanodon,speciosus,1,559.28
20_80M_85F,Carangidae,Gnathanodon,speciosus,1,569.116
20_80M_85F,Carangidae,Gnathanodon,speciosus,1,559.391
20_80M_85F,Carangidae,Gnathanodon,speciosus,1,560.272
20_80M_85F,Carangidae,Gnathanodon,speciosus,1,541.185
20_80M_85F,Carangidae,Gnathanodon,speciosus,1,517.919
20_80M_85F,Carangidae,Gnathanodon,speciosus,1,547.787
20_80M_85F,Carangidae,Gnathanodon,speciosus,1,575.983
20_80M_85F,Carangidae,Gnathanodon,speciosus,1,583.968
20_80M_85F,Carangidae,Gnathanodon,speciosus,1,558.603
20_80M_85F,Carangidae,Gnathanodon,speciosus,1,573.64
20_80M_85F,Carangidae,Gnathanodon,speciosus,1,551.645
20_80M_85F,Carangidae,Gnathanodon,speciosus,1,548.054
20_80M_85F,Carangidae,Gnathanodon,speciosus,1,537.837
20_80M_85F,Carangidae,Gnathanodon,speciosus,1,577.958
20_80M_85F,Carangidae,Gnathanodon,speciosus,1,576.639
20_80M_85F,Carangidae,Gnathanodon,speciosus,1,560.049
20_80M_85F,Carangidae,Gnathanodon,speciosus,1,596.274
20_80M_85F,Carangidae,Gnathanodon,speciosus,1,536.567
20_80M_85F,Carangidae,Gnathanodon,speciosus,1,581.989
20_80M_85F,Carangidae,Gnathanodon,speciosus,1,552.317
20_80M_85F,Carangidae,Gnathanodon,speciosus,1,532.285
20_80M_88N,Carangidae,Gnathanodon,speciosus,1,552.624
20_80M_88N,Carangidae,Gnathanodon,speciosus,1,592.446
20_80M_88N,Carangidae,Gnathanodon,speciosus,1,626.301
20_80M_88N,Carangidae,Gnathanodon,speciosus,1,40.256
20_80M_88N,Carangidae,Gnathanodon,speciosus,1,41.338
20_80M_88N,Carangidae,Gnathanodon,speciosus,1,34.308
20_80M_88N,Carangidae,Gnathanodon,speciosus,1,67.812
20_80M_88N,Carangidae,Gnathanodon,speciosus,1,628.525
20_80M_88N,Carangidae,Gnathanodon,speciosus,1,44.063
20_80M_88N,Carangidae,Gnathanodon,speciosus,1,44.42
20_80M_88N,Carangidae,Gnathanodon,speciosus,1,544.529
20_80M_89F,Carangidae,Gnathanodon,speciosus,1,165.018
20_80M_89F,Carangidae,Gnathanodon,speciosus,1,217.381
20_80M_89F,Carangidae,Gnathanodon,speciosus,1,197.352
20_80M_89F,Carangidae,Gnathanodon,speciosus,1,160.847
20_80M_90N,Carangidae,Gnathanodon,speciosus,1,44.824
20_80M_90N,Carangidae,Gnathanodon,speciosus,1,40.726
20_80M_90N,Carangidae,Gnathanodon,speciosus,1,39.041
20_80M_90N,Carangidae,Gnathanodon,speciosus,1,42.023
20_80M_90N,Carangidae,Gnathanodon,speciosus,1,41.459
20_80M_90N,Carangidae,Gnathanodon,speciosus,1,32.852
20_80M_90N,Carangidae,Gnathanodon,speciosus,1,25.061
20_80M_90N,Carangidae,Gnathanodon,speciosus,1,40.292
20_80M_90N,Carangidae,Gnathanodon,speciosus,1,39.026
20_80M_90N,Carangidae,Gnathanodon,speciosus,1,58.004
20_80M_90N,Carangidae,Gnathanodon,speciosus,1,44.624
20_80M_91N,Carangidae,Gnathanodon,speciosus,1,45.663
20_80M_93F,Carangidae,Gnathanodon,speciosus,1,753.066
20_80M_93F,Carangidae,Gnathanodon,speciosus,1,774.986
20_80M_93F,Carangidae,Gnathanodon,speciosus,1,690.216
20_80M_93F,Carangidae,Gnathanodon,speciosus,1,740.639
20_80M_93N,Carangidae,Gnathanodon,speciosus,1,57.897
20_80M_93N,Carangidae,Gnathanodon,speciosus,1,34.442
20_80M_94F,Carangidae,Gnathanodon,speciosus,1,36.935
20_80M_94F,Carangidae,Gnathanodon,speciosus,1,32.289
20_80M_94F,Carangidae,Gnathanodon,speciosus,1,732.541
20_80M_94N,Carangidae,Gnathanodon,speciosus,1,499.693
20_80M_94N,Carangidae,Gnathanodon,speciosus,1,550.159
20_80M_94N,Carangidae,Gnathanodon,speciosus,1,481.755
20_80M_95F,Carangidae,Gnathanodon,speciosus,1,697.464
20_80M_95F,Carangidae,Gnathanodon,speciosus,1,669.823
20_80M_97F,Carangidae,Gnathanodon,speciosus,1,34.505
20_80M_97F,Carangidae,Gnathanodon,speciosus,1,36.52
20_80M_97F,Carangidae,Gnathanodon,speciosus,1,42.406
20_80M_97F,Carangidae,Gnathanodon,speciosus,1,42.474
20_80M_97F,Carangidae,Gnathanodon,speciosus,1,37.449
20_80M_97F,Carangidae,Gnathanodon,speciosus,1,35.68
20_80M_97F,Carangidae,Gnathanodon,speciosus,1,34.618
20_80M_97N,Carangidae,Gnathanodon,speciosus,1,44.923
20_80M_97N,Carangidae,Gnathanodon,speciosus,1,20.207
20_80M_97N,Carangidae,Gnathanodon,speciosus,1,40.77
20_80M_97N,Carangidae,Gnathanodon,speciosus,1,34.565
20_80M_97N,Carangidae,Gnathanodon,speciosus,1,35.722
20_80M_97N,Carangidae,Gnathanodon,speciosus,1,45.728
20_80M_97N,Carangidae,Gnathanodon,speciosus,1,44.037
20_80M_98F,Carangidae,Gnathanodon,speciosus,1,242.84
20_80M_99F,Carangidae,Gnathanodon,speciosus,1,36.884
20_80M_99F,Carangidae,Gnathanodon,speciosus,1,39.792
20_80M_99F,Carangidae,Gnathanodon,speciosus,1,37.756
20_80M_99F,Carangidae,Gnathanodon,speciosus,1,35.164
20_80M_99F,Carangidae,Gnathanodon,speciosus,1,39.664
20_80M_99F,Carangidae,Gnathanodon,speciosus,1,31.758
20_80M_99F,Carangidae,Gnathanodon,speciosus,1,38.703
20_80M_99N,Carangidae,Gnathanodon,speciosus,1,509.996
20_80M_99N,Carangidae,Gnathanodon,speciosus,1,530.881
20_80M_9N,Carangidae,Gnathanodon,speciosus,1,246.109
20_80M_9N,Carangidae,Gnathanodon,speciosus,1,263.04
20_80M_9N,Carangidae,Gnathanodon,speciosus,1,273.761
20_80M_9N,Carangidae,Gnathanodon,speciosus,1,258.911
20_80M_9N,Carangidae,Gnathanodon,speciosus,1,265.253
20_80M_9N,Carangidae,Gnathanodon,speciosus,1,253.417
20_80M_100N,Carangidae,Platycaranx,chrysophrys,1,191.174
20_80M_100N,Carangidae,Platycaranx,chrysophrys,1,231.214
20_80M_132N,Carangidae,Platycaranx,chrysophrys,1,289.792
20_80M_18F,Carangidae,Platycaranx,chrysophrys,1,253.334
20_80M_18F,Carangidae,Platycaranx,chrysophrys,1,267.667
20_80M_37N,Carangidae,Platycaranx,chrysophrys,1,231.604
20_80M_37N,Carangidae,Platycaranx,chrysophrys,1,224.058
20_80M_52N,Carangidae,Platycaranx,chrysophrys,1,208.133
20_80M_98N,Carangidae,Platycaranx,chrysophrys,1,206.233
20_80M_98N,Carangidae,Platycaranx,chrysophrys,1,231.766
20_80M_99N,Carangidae,Platycaranx,chrysophrys,1,238.067
20_80M_100F,Carangidae,Scomberoides,commersonnianus,1,779.501
20_80M_100N,Carangidae,Scomberoides,commersonnianus,1,697.059
20_80M_101F,Carangidae,Scomberoides,commersonnianus,1,759.838
20_80M_101N,Carangidae,Scomberoides,commersonnianus,1,702.385
20_80M_102F,Carangidae,Scomberoides,commersonnianus,1,712.264
20_80M_102N,Carangidae,Scomberoides,commersonnianus,1,758.754
20_80M_103F,Carangidae,Scomberoides,commersonnianus,1,725.522
20_80M_103F,Carangidae,Scomberoides,commersonnianus,1,736.868
20_80M_103N,Carangidae,Scomberoides,commersonnianus,1,687.381
20_80M_104N,Carangidae,Scomberoides,commersonnianus,1,657.752
20_80M_106N,Carangidae,Scomberoides,commersonnianus,1,655.79
20_80M_107N,Carangidae,Scomberoides,commersonnianus,1,539.186
20_80M_10F,Carangidae,Scomberoides,commersonnianus,1,700.934
20_80M_10N,Carangidae,Scomberoides,commersonnianus,1,692.105
20_80M_110N,Carangidae,Scomberoides,commersonnianus,1,682.422
20_80M_113N,Carangidae,Scomberoides,commersonnianus,1,749.205
20_80M_114N,Carangidae,Scomberoides,commersonnianus,1,742.875
20_80M_118N,Carangidae,Scomberoides,commersonnianus,1,766.761
20_80M_11F,Carangidae,Scomberoides,commersonnianus,1,703.737
20_80M_122N,Carangidae,Scomberoides,commersonnianus,1,696.46
20_80M_126N,Carangidae,Scomberoides,commersonnianus,1,713.436
20_80M_13F,Carangidae,Scomberoides,commersonnianus,1,720.605
20_80M_13N,Carangidae,Scomberoides,commersonnianus,1,724.169
20_80M_14F,Carangidae,Scomberoides,commersonnianus,1,656.204
20_80M_14N,Carangidae,Scomberoides,commersonnianus,1,753
20_80M_15F,Carangidae,Scomberoides,commersonnianus,1,862.644
20_80M_16N,Carangidae,Scomberoides,commersonnianus,1,697.725
20_80M_18N,Carangidae,Scomberoides,commersonnianus,1,736.059
20_80M_20F,Carangidae,Scomberoides,commersonnianus,1,734.855
20_80M_20N,Carangidae,Scomberoides,commersonnianus,1,775.567
20_80M_21F,Carangidae,Scomberoides,commersonnianus,1,730.078
20_80M_22F,Carangidae,Scomberoides,commersonnianus,1,786.213
20_80M_22N,Carangidae,Scomberoides,commersonnianus,1,679.884
20_80M_22N,Carangidae,Scomberoides,commersonnianus,1,758.047
20_80M_24N,Carangidae,Scomberoides,commersonnianus,1,695.52
20_80M_25N,Carangidae,Scomberoides,commersonnianus,1,754.232
20_80M_27N,Carangidae,Scomberoides,commersonnianus,1,759.11
20_80M_29N,Carangidae,Scomberoides,commersonnianus,1,731.715
20_80M_30N,Carangidae,Scomberoides,commersonnianus,1,768.348
20_80M_31N,Carangidae,Scomberoides,commersonnianus,1,718.566
20_80M_35F,Carangidae,Scomberoides,commersonnianus,1,773.884
20_80M_35N,Carangidae,Scomberoides,commersonnianus,1,713.657
20_80M_36N,Carangidae,Scomberoides,commersonnianus,1,670.239
20_80M_38F,Carangidae,Scomberoides,commersonnianus,1,624.851
20_80M_40F,Carangidae,Scomberoides,commersonnianus,1,831.216
20_80M_40N,Carangidae,Scomberoides,commersonnianus,1,772.469
20_80M_43N,Carangidae,Scomberoides,commersonnianus,1,742.223
20_80M_45F,Carangidae,Scomberoides,commersonnianus,1,643.608
20_80M_45N,Carangidae,Scomberoides,commersonnianus,1,706.469
20_80M_45N,Carangidae,Scomberoides,commersonnianus,1,666.595
20_80M_47F,Carangidae,Scomberoides,commersonnianus,1,831.243
20_80M_47N,Carangidae,Scomberoides,commersonnianus,1,702.965
20_80M_48F,Carangidae,Scomberoides,commersonnianus,1,686.125
20_80M_4F,Carangidae,Scomberoides,commersonnianus,1,675.881
20_80M_4N,Carangidae,Scomberoides,commersonnianus,1,677.136
20_80M_50F,Carangidae,Scomberoides,commersonnianus,1,714.45
20_80M_50F,Carangidae,Scomberoides,commersonnianus,1,679.589
20_80M_51F,Carangidae,Scomberoides,commersonnianus,1,742.63
20_80M_52F,Carangidae,Scomberoides,commersonnianus,1,736.049
20_80M_53F,Carangidae,Scomberoides,commersonnianus,1,703.339
20_80M_54F,Carangidae,Scomberoides,commersonnianus,1,739.566
20_80M_54N,Carangidae,Scomberoides,commersonnianus,1,850.919
20_80M_55F,Carangidae,Scomberoides,commersonnianus,1,660.903
20_80M_55N,Carangidae,Scomberoides,commersonnianus,1,633.755
20_80M_56N,Carangidae,Scomberoides,commersonnianus,1,752.72
20_80M_57N,Carangidae,Scomberoides,commersonnianus,1,640.53
20_80M_59N,Carangidae,Scomberoides,commersonnianus,1,686.846
20_80M_60N,Carangidae,Scomberoides,commersonnianus,1,737.961
20_80M_60N,Carangidae,Scomberoides,commersonnianus,1,681.173
20_80M_61F,Carangidae,Scomberoides,commersonnianus,1,737.514
20_80M_62F,Carangidae,Scomberoides,commersonnianus,1,616.449
20_80M_62F,Carangidae,Scomberoides,commersonnianus,1,790.31
20_80M_62N,Carangidae,Scomberoides,commersonnianus,1,726.376
20_80M_63N,Carangidae,Scomberoides,commersonnianus,1,673.076
20_80M_65N,Carangidae,Scomberoides,commersonnianus,1,728.428
20_80M_66F,Carangidae,Scomberoides,commersonnianus,1,684.148
20_80M_66N,Carangidae,Scomberoides,commersonnianus,1,712.26
20_80M_67N,Carangidae,Scomberoides,commersonnianus,1,665.01
20_80M_68F,Carangidae,Scomberoides,commersonnianus,1,755.411
20_80M_68N,Carangidae,Scomberoides,commersonnianus,1,558.777
20_80M_71F,Carangidae,Scomberoides,commersonnianus,1,711.887
20_80M_72N,Carangidae,Scomberoides,commersonnianus,1,719.778
20_80M_74F,Carangidae,Scomberoides,commersonnianus,1,723.835
20_80M_77F,Carangidae,Scomberoides,commersonnianus,1,718.745
20_80M_78F,Carangidae,Scomberoides,commersonnianus,1,779.79
20_80M_7N,Carangidae,Scomberoides,commersonnianus,1,797.077
20_80M_80F,Carangidae,Scomberoides,commersonnianus,1,689.611
20_80M_81F,Carangidae,Scomberoides,commersonnianus,1,706.291
20_80M_82F,Carangidae,Scomberoides,commersonnianus,1,828.42
20_80M_83F,Carangidae,Scomberoides,commersonnianus,1,665.685
20_80M_83N,Carangidae,Scomberoides,commersonnianus,1,635.76
20_80M_85F,Carangidae,Scomberoides,commersonnianus,1,819.019
20_80M_85N,Carangidae,Scomberoides,commersonnianus,1,704.594
20_80M_88N,Carangidae,Scomberoides,commersonnianus,1,707.252
20_80M_89N,Carangidae,Scomberoides,commersonnianus,1,718.391
20_80M_8F,Carangidae,Scomberoides,commersonnianus,1,702.068
20_80M_90N,Carangidae,Scomberoides,commersonnianus,1,666.555
20_80M_91N,Carangidae,Scomberoides,commersonnianus,1,672.678
20_80M_92N,Carangidae,Scomberoides,commersonnianus,1,684.71
20_80M_93F,Carangidae,Scomberoides,commersonnianus,1,731.643
20_80M_93N,Carangidae,Scomberoides,commersonnianus,1,654.67
20_80M_96N,Carangidae,Scomberoides,commersonnianus,1,680.918
20_80M_97F,Carangidae,Scomberoides,commersonnianus,1,724.319
20_80M_97N,Carangidae,Scomberoides,commersonnianus,1,653.772
20_80M_99F,Carangidae,Scomberoides,commersonnianus,1,700.018
20_80M_99F,Carangidae,Scomberoides,commersonnianus,1,762.866
20_80M_63N,Carangidae,Selar,boops,1,193.195
20_80M_63N,Carangidae,Selar,boops,1,193.184
20_80M_100N,Carangidae,Selaroides,leptolepis,1,135.749
20_80M_100N,Carangidae,Selaroides,leptolepis,1,133.01
20_80M_100N,Carangidae,Selaroides,leptolepis,1,149.332
20_80M_100N,Carangidae,Selaroides,leptolepis,1,119.104
20_80M_100N,Carangidae,Selaroides,leptolepis,1,140.679
20_80M_100N,Carangidae,Selaroides,leptolepis,1,111.894
20_80M_100N,Carangidae,Selaroides,leptolepis,1,139.746
20_80M_100N,Carangidae,Selaroides,leptolepis,1,140.527
20_80M_100N,Carangidae,Selaroides,leptolepis,1,121.399
20_80M_100N,Carangidae,Selaroides,leptolepis,1,136.808
20_80M_100N,Carangidae,Selaroides,leptolepis,1,124.822
20_80M_100N,Carangidae,Selaroides,leptolepis,1,150.67
20_80M_100N,Carangidae,Selaroides,leptolepis,1,133.913
20_80M_102N,Carangidae,Selaroides,leptolepis,1,128.246
20_80M_104N,Carangidae,Selaroides,leptolepis,1,131.855
20_80M_104N,Carangidae,Selaroides,leptolepis,1,141.034
20_80M_105N,Carangidae,Selaroides,leptolepis,1,110.167
20_80M_105N,Carangidae,Selaroides,leptolepis,1,115.618
20_80M_105N,Carangidae,Selaroides,leptolepis,1,127.615
20_80M_105N,Carangidae,Selaroides,leptolepis,1,134.468
20_80M_105N,Carangidae,Selaroides,leptolepis,1,140.671
20_80M_105N,Carangidae,Selaroides,leptolepis,1,124.935
20_80M_105N,Carangidae,Selaroides,leptolepis,1,120.517
20_80M_105N,Carangidae,Selaroides,leptolepis,1,131.437
20_80M_105N,Carangidae,Selaroides,leptolepis,1,127.007
20_80M_105N,Carangidae,Selaroides,leptolepis,1,125.743
20_80M_106N,Carangidae,Selaroides,leptolepis,1,128.325
20_80M_106N,Carangidae,Selaroides,leptolepis,1,133.3
20_80M_106N,Carangidae,Selaroides,leptolepis,1,121.774
20_80M_106N,Carangidae,Selaroides,leptolepis,1,121.647
20_80M_106N,Carangidae,Selaroides,leptolepis,1,128.724
20_80M_106N,Carangidae,Selaroides,leptolepis,1,121.947
20_80M_106N,Carangidae,Selaroides,leptolepis,1,97.264
20_80M_106N,Carangidae,Selaroides,leptolepis,1,138.851
20_80M_106N,Carangidae,Selaroides,leptolepis,1,112.264
20_80M_106N,Carangidae,Selaroides,leptolepis,1,113.735
20_80M_106N,Carangidae,Selaroides,leptolepis,1,141.601
20_80M_106N,Carangidae,Selaroides,leptolepis,1,148.188
20_80M_106N,Carangidae,Selaroides,leptolepis,1,152.676
20_80M_106N,Carangidae,Selaroides,leptolepis,1,114.068
20_80M_106N,Carangidae,Selaroides,leptolepis,1,117.398
20_80M_107N,Carangidae,Selaroides,leptolepis,1,122.166
20_80M_107N,Carangidae,Selaroides,leptolepis,1,104.938
20_80M_107N,Carangidae,Selaroides,leptolepis,1,115.217
20_80M_107N,Carangidae,Selaroides,leptolepis,1,116.914
20_80M_107N,Carangidae,Selaroides,leptolepis,1,132.983
20_80M_10F,Carangidae,Selaroides,leptolepis,1,138.038
20_80M_10F,Carangidae,Selaroides,leptolepis,1,129.85
20_80M_10F,Carangidae,Selaroides,leptolepis,1,136.441
20_80M_116N,Carangidae,Selaroides,leptolepis,1,157.455
20_80M_116N,Carangidae,Selaroides,leptolepis,1,139.042
20_80M_11F,Carangidae,Selaroides,leptolepis,1,159.808
20_80M_128N,Carangidae,Selaroides,leptolepis,1,104.845
20_80M_128N,Carangidae,Selaroides,leptolepis,1,112.382
20_80M_131N,Carangidae,Selaroides,leptolepis,1,139.781
20_80M_13F,Carangidae,Selaroides,leptolepis,1,115.361
20_80M_13F,Carangidae,Selaroides,leptolepis,1,119.013
20_80M_13F,Carangidae,Selaroides,leptolepis,1,107.783
20_80M_13N,Carangidae,Selaroides,leptolepis,1,157.387
20_80M_13N,Carangidae,Selaroides,leptolepis,1,156.529
20_80M_15N,Carangidae,Selaroides,leptolepis,1,126.008
20_80M_15N,Carangidae,Selaroides,leptolepis,1,151.341
20_80M_16N,Carangidae,Selaroides,leptolepis,1,136.166
20_80M_16N,Carangidae,Selaroides,leptolepis,1,144.089
20_80M_17N,Carangidae,Selaroides,leptolepis,1,137.174
20_80M_17N,Carangidae,Selaroides,leptolepis,1,148.631
20_80M_17N,Carangidae,Selaroides,leptolepis,1,148.198
20_80M_17N,Carangidae,Selaroides,leptolepis,1,129.765
20_80M_17N,Carangidae,Selaroides,leptolepis,1,152.65
20_80M_17N,Carangidae,Selaroides,leptolepis,1,133.35
20_80M_17N,Carangidae,Selaroides,leptolepis,1,130.757
20_80M_17N,Carangidae,Selaroides,leptolepis,1,124.014
20_80M_17N,Carangidae,Selaroides,leptolepis,1,122.815
20_80M_18N,Carangidae,Selaroides,leptolepis,1,130.329
20_80M_18N,Carangidae,Selaroides,leptolepis,1,136.298
20_80M_18N,Carangidae,Selaroides,leptolepis,1,117.773
20_80M_19N,Carangidae,Selaroides,leptolepis,1,140.471
20_80M_19N,Carangidae,Selaroides,leptolepis,1,157.925
20_80M_19N,Carangidae,Selaroides,leptolepis,1,158.611
20_80M_19N,Carangidae,Selaroides,leptolepis,1,144.601
20_80M_1N,Carangidae,Selaroides,leptolepis,1,123.241
20_80M_20N,Carangidae,Selaroides,leptolepis,1,138.997
20_80M_20N,Carangidae,Selaroides,leptolepis,1,143.224
20_80M_20N,Carangidae,Selaroides,leptolepis,1,110.684
20_80M_20N,Carangidae,Selaroides,leptolepis,1,121.895
20_80M_21F,Carangidae,Selaroides,leptolepis,1,153.927
20_80M_21F,Carangidae,Selaroides,leptolepis,1,161.301
20_80M_21F,Carangidae,Selaroides,leptolepis,1,165.653
20_80M_21F,Carangidae,Selaroides,leptolepis,1,145.498
20_80M_21F,Carangidae,Selaroides,leptolepis,1,137.318
20_80M_22N,Carangidae,Selaroides,leptolepis,1,155.923
20_80M_22N,Carangidae,Selaroides,leptolepis,1,155.095
20_80M_22N,Carangidae,Selaroides,leptolepis,1,140.277
20_80M_22N,Carangidae,Selaroides,leptolepis,1,127.238
20_80M_22N,Carangidae,Selaroides,leptolepis,1,132.624
20_80M_31N,Carangidae,Selaroides,leptolepis,1,163.116
20_80M_37N,Carangidae,Selaroides,leptolepis,1,143.592
20_80M_38F,Carangidae,Selaroides,leptolepis,1,134.623
20_80M_38F,Carangidae,Selaroides,leptolepis,1,114.163
20_80M_38F,Carangidae,Selaroides,leptolepis,1,123.442
20_80M_39N,Carangidae,Selaroides,leptolepis,1,164.371
20_80M_3N,Carangidae,Selaroides,leptolepis,1,124.52
20_80M_3N,Carangidae,Selaroides,leptolepis,1,133.373
20_80M_3N,Carangidae,Selaroides,leptolepis,1,126.176
20_80M_3N,Carangidae,Selaroides,leptolepis,1,128.276
20_80M_3N,Carangidae,Selaroides,leptolepis,1,131.049
20_80M_3N,Carangidae,Selaroides,leptolepis,1,154.626
20_80M_3N,Carangidae,Selaroides,leptolepis,1,137.898
20_80M_3N,Carangidae,Selaroides,leptolepis,1,122.649
20_80M_40N,Carangidae,Selaroides,leptolepis,1,121.996
20_80M_40N,Carangidae,Selaroides,leptolepis,1,136.082
20_80M_40N,Carangidae,Selaroides,leptolepis,1,151.603
20_80M_40N,Carangidae,Selaroides,leptolepis,1,126.298
20_80M_40N,Carangidae,Selaroides,leptolepis,1,134.363
20_80M_40N,Carangidae,Selaroides,leptolepis,1,126.41
20_80M_40N,Carangidae,Selaroides,leptolepis,1,129.039
20_80M_40N,Carangidae,Selaroides,leptolepis,1,137.809
20_80M_40N,Carangidae,Selaroides,leptolepis,1,146.132
20_80M_40N,Carangidae,Selaroides,leptolepis,1,139.092
20_80M_40N,Carangidae,Selaroides,leptolepis,1,130.264
20_80M_41N,Carangidae,Selaroides,leptolepis,1,130.17
20_80M_41N,Carangidae,Selaroides,leptolepis,1,139.707
20_80M_41N,Carangidae,Selaroides,leptolepis,1,159.16
20_80M_42N,Carangidae,Selaroides,leptolepis,1,127.387
20_80M_42N,Carangidae,Selaroides,leptolepis,1,139.362
20_80M_42N,Carangidae,Selaroides,leptolepis,1,127.162
20_80M_42N,Carangidae,Selaroides,leptolepis,1,132.316
20_80M_42N,Carangidae,Selaroides,leptolepis,1,142.606
20_80M_43N,Carangidae,Selaroides,leptolepis,1,132.853
20_80M_43N,Carangidae,Selaroides,leptolepis,1,124.127
20_80M_43N,Carangidae,Selaroides,leptolepis,1,125.834
20_80M_43N,Carangidae,Selaroides,leptolepis,1,159.048
20_80M_43N,Carangidae,Selaroides,leptolepis,1,120.171
20_80M_43N,Carangidae,Selaroides,leptolepis,1,145.088
20_80M_44N,Carangidae,Selaroides,leptolepis,1,138.863
20_80M_44N,Carangidae,Selaroides,leptolepis,1,140.552
20_80M_44N,Carangidae,Selaroides,leptolepis,1,124.266
20_80M_44N,Carangidae,Selaroides,leptolepis,1,124.566
20_80M_44N,Carangidae,Selaroides,leptolepis,1,142.43
20_80M_45N,Carangidae,Selaroides,leptolepis,1,124.873
20_80M_45N,Carangidae,Selaroides,leptolepis,1,115.299
20_80M_45N,Carangidae,Selaroides,leptolepis,1,128.694
20_80M_45N,Carangidae,Selaroides,leptolepis,1,122.421
20_80M_45N,Carangidae,Selaroides,leptolepis,1,123.124
20_80M_45N,Carangidae,Selaroides,leptolepis,1,124.527
20_80M_46N,Carangidae,Selaroides,leptolepis,1,111.496
20_80M_46N,Carangidae,Selaroides,leptolepis,1,116.094
20_80M_46N,Carangidae,Selaroides,leptolepis,1,112.875
20_80M_46N,Carangidae,Selaroides,leptolepis,1,117.432
20_80M_46N,Carangidae,Selaroides,leptolepis,1,127.236
20_80M_46N,Carangidae,Selaroides,leptolepis,1,102.294
20_80M_46N,Carangidae,Selaroides,leptolepis,1,116.572
20_80M_46N,Carangidae,Selaroides,leptolepis,1,116.139
20_80M_47N,Carangidae,Selaroides,leptolepis,1,126.5
20_80M_47N,Carangidae,Selaroides,leptolepis,1,114.613
20_80M_47N,Carangidae,Selaroides,leptolepis,1,124.633
20_80M_47N,Carangidae,Selaroides,leptolepis,1,120.733
20_80M_47N,Carangidae,Selaroides,leptolepis,1,125.892
20_80M_47N,Carangidae,Selaroides,leptolepis,1,120.759
20_80M_47N,Carangidae,Selaroides,leptolepis,1,114.58
20_80M_47N,Carangidae,Selaroides,leptolepis,1,117.19
20_80M_47N,Carangidae,Selaroides,leptolepis,1,120.844
20_80M_48N,Carangidae,Selaroides,leptolepis,1,111.36
20_80M_49N,Carangidae,Selaroides,leptolepis,1,118.618
20_80M_4F,Carangidae,Selaroides,leptolepis,1,150.484
20_80M_50N,Carangidae,Selaroides,leptolepis,1,133.268
20_80M_50N,Carangidae,Selaroides,leptolepis,1,109.147
20_80M_50N,Carangidae,Selaroides,leptolepis,1,106.291
20_80M_52N,Carangidae,Selaroides,leptolepis,1,127.694
20_80M_56N,Carangidae,Selaroides,leptolepis,1,79.895
20_80M_57F,Carangidae,Selaroides,leptolepis,1,158.662
20_80M_65F,Carangidae,Selaroides,leptolepis,1,158.481
20_80M_65F,Carangidae,Selaroides,leptolepis,1,123.988
20_80M_65F,Carangidae,Selaroides,leptolepis,1,121.723
20_80M_66N,Carangidae,Selaroides,leptolepis,1,135.048
20_80M_66N,Carangidae,Selaroides,leptolepis,1,136.21
20_80M_67N,Carangidae,Selaroides,leptolepis,1,112.282
20_80M_67N,Carangidae,Selaroides,leptolepis,1,111.002
20_80M_67N,Carangidae,Selaroides,leptolepis,1,108.094
20_80M_67N,Carangidae,Selaroides,leptolepis,1,128.25
20_80M_67N,Carangidae,Selaroides,leptolepis,1,124.317
20_80M_67N,Carangidae,Selaroides,leptolepis,1,118.163
20_80M_67N,Carangidae,Selaroides,leptolepis,1,133.359
20_80M_67N,Carangidae,Selaroides,leptolepis,1,140.657
20_80M_67N,Carangidae,Selaroides,leptolepis,1,133.583
20_80M_67N,Carangidae,Selaroides,leptolepis,1,118.023
20_80M_67N,Carangidae,Selaroides,leptolepis,1,134.656
20_80M_67N,Carangidae,Selaroides,leptolepis,1,115.693
20_80M_68F,Carangidae,Selaroides,leptolepis,1,138.008
20_80M_68F,Carangidae,Selaroides,leptolepis,1,139.05
20_80M_68F,Carangidae,Selaroides,leptolepis,1,146.725
20_80M_68F,Carangidae,Selaroides,leptolepis,1,129.13
20_80M_68F,Carangidae,Selaroides,leptolepis,1,145.154
20_80M_68F,Carangidae,Selaroides,leptolepis,1,141.681
20_80M_68F,Carangidae,Selaroides,leptolepis,1,137.056
20_80M_68N,Carangidae,Selaroides,leptolepis,1,154.607
20_80M_68N,Carangidae,Selaroides,leptolepis,1,128.708
20_80M_68N,Carangidae,Selaroides,leptolepis,1,142.685
20_80M_68N,Carangidae,Selaroides,leptolepis,1,146.854
20_80M_68N,Carangidae,Selaroides,leptolepis,1,117.735
20_80M_68N,Carangidae,Selaroides,leptolepis,1,141.062
20_80M_69N,Carangidae,Selaroides,leptolepis,1,153.238
20_80M_72N,Carangidae,Selaroides,leptolepis,1,105.502
20_80M_72N,Carangidae,Selaroides,leptolepis,1,94.447
20_80M_72N,Carangidae,Selaroides,leptolepis,1,113.829
20_80M_74F,Carangidae,Selaroides,leptolepis,1,130.722
20_80M_75F,Carangidae,Selaroides,leptolepis,1,125.557
20_80M_75F,Carangidae,Selaroides,leptolepis,1,122.229
20_80M_75F,Carangidae,Selaroides,leptolepis,1,183.845
20_80M_75F,Carangidae,Selaroides,leptolepis,1,111.331
20_80M_75F,Carangidae,Selaroides,leptolepis,1,90.662
20_80M_75F,Carangidae,Selaroides,leptolepis,1,108.507
20_80M_75F,Carangidae,Selaroides,leptolepis,1,114.696
20_80M_75F,Carangidae,Selaroides,leptolepis,1,140.278
20_80M_75F,Carangidae,Selaroides,leptolepis,1,129.427
20_80M_75F,Carangidae,Selaroides,leptolepis,1,105.957
20_80M_75F,Carangidae,Selaroides,leptolepis,1,126.603
20_80M_75F,Carangidae,Selaroides,leptolepis,1,130.178
20_80M_75F,Carangidae,Selaroides,leptolepis,1,182.309
20_80M_75F,Carangidae,Selaroides,leptolepis,1,135.518
20_80M_75F,Carangidae,Selaroides,leptolepis,1,124.775
20_80M_75F,Carangidae,Selaroides,leptolepis,1,121.25
20_80M_75F,Carangidae,Selaroides,leptolepis,1,109.981
20_80M_75F,Carangidae,Selaroides,leptolepis,1,125.175
20_80M_75F,Carangidae,Selaroides,leptolepis,1,127.875
20_80M_75F,Carangidae,Selaroides,leptolepis,1,126.966
20_80M_75F,Carangidae,Selaroides,leptolepis,1,109.268
20_80M_75F,Carangidae,Selaroides,leptolepis,1,147.83
20_80M_75F,Carangidae,Selaroides,leptolepis,1,116.329
20_80M_75F,Carangidae,Selaroides,leptolepis,1,128.754
20_80M_75F,Carangidae,Selaroides,leptolepis,1,123.838
20_80M_75F,Carangidae,Selaroides,leptolepis,1,116.861
20_80M_75F,Carangidae,Selaroides,leptolepis,1,132.758
20_80M_75F,Carangidae,Selaroides,leptolepis,1,119.785
20_80M_75F,Carangidae,Selaroides,leptolepis,1,115.26
20_80M_75F,Carangidae,Selaroides,leptolepis,1,104.591
20_80M_75F,Carangidae,Selaroides,leptolepis,1,123.339
20_80M_75F,Carangidae,Selaroides,leptolepis,1,189.295
20_80M_75F,Carangidae,Selaroides,leptolepis,1,117.108
20_80M_75F,Carangidae,Selaroides,leptolepis,1,110.702
20_80M_75F,Carangidae,Selaroides,leptolepis,1,120.357
20_80M_75F,Carangidae,Selaroides,leptolepis,1,118.846
20_80M_75F,Carangidae,Selaroides,leptolepis,1,126.197
20_80M_75F,Carangidae,Selaroides,leptolepis,1,144.576
20_80M_75F,Carangidae,Selaroides,leptolepis,1,146.83
20_80M_75F,Carangidae,Selaroides,leptolepis,1,131.904
20_80M_75F,Carangidae,Selaroides,leptolepis,1,122.986
20_80M_75F,Carangidae,Selaroides,leptolepis,1,203.741
20_80M_79F,Carangidae,Selaroides,leptolepis,1,144.878
20_80M_79F,Carangidae,Selaroides,leptolepis,1,127.68
20_80M_79F,Carangidae,Selaroides,leptolepis,1,126.735
20_80M_79F,Carangidae,Selaroides,leptolepis,1,123.249
20_80M_79F,Carangidae,Selaroides,leptolepis,1,136.165
20_80M_79F,Carangidae,Selaroides,leptolepis,1,136.989
20_80M_79F,Carangidae,Selaroides,leptolepis,1,129.129
20_80M_79F,Carangidae,Selaroides,leptolepis,1,151.926
20_80M_79F,Carangidae,Selaroides,leptolepis,1,158.123
20_80M_79F,Carangidae,Selaroides,leptolepis,1,151.326
20_80M_79F,Carangidae,Selaroides,leptolepis,1,131.517
20_80M_79F,Carangidae,Selaroides,leptolepis,1,143.945
20_80M_79F,Carangidae,Selaroides,leptolepis,1,111.274
20_80M_79F,Carangidae,Selaroides,leptolepis,1,160.413
20_80M_79F,Carangidae,Selaroides,leptolepis,1,133.564
20_80M_82N,Carangidae,Selaroides,leptolepis,1,131.742
20_80M_82N,Carangidae,Selaroides,leptolepis,1,122.698
20_80M_82N,Carangidae,Selaroides,leptolepis,1,106.155
20_80M_82N,Carangidae,Selaroides,leptolepis,1,106.506
20_80M_84F,Carangidae,Selaroides,leptolepis,1,94.055
20_80M_84N,Carangidae,Selaroides,leptolepis,1,117.29
20_80M_84N,Carangidae,Selaroides,leptolepis,1,116.542
20_80M_84N,Carangidae,Selaroides,leptolepis,1,106.647
20_80M_84N,Carangidae,Selaroides,leptolepis,1,114.411
20_80M_84N,Carangidae,Selaroides,leptolepis,1,143.536
20_80M_84N,Carangidae,Selaroides,leptolepis,1,110.206
20_80M_84N,Carangidae,Selaroides,leptolepis,1,116.427
20_80M_84N,Carangidae,Selaroides,leptolepis,1,122.098
20_80M_84N,Carangidae,Selaroides,leptolepis,1,111.408
20_80M_84N,Carangidae,Selaroides,leptolepis,1,113.188
20_80M_85N,Carangidae,Selaroides,leptolepis,1,103.756
20_80M_85N,Carangidae,Selaroides,leptolepis,1,114.947
20_80M_85N,Carangidae,Selaroides,leptolepis,1,125.519
20_80M_85N,Carangidae,Selaroides,leptolepis,1,116.688
20_80M_85N,Carangidae,Selaroides,leptolepis,1,122.382
20_80M_85N,Carangidae,Selaroides,leptolepis,1,115.793
20_80M_85N,Carangidae,Selaroides,leptolepis,1,99.453
20_80M_85N,Carangidae,Selaroides,leptolepis,1,115.959
20_80M_85N,Carangidae,Selaroides,leptolepis,1,135.172
20_80M_85N,Carangidae,Selaroides,leptolepis,1,133.891
20_80M_85N,Carangidae,Selaroides,leptolepis,1,109.201
20_80M_85N,Carangidae,Selaroides,leptolepis,1,123.262
20_80M_85N,Carangidae,Selaroides,leptolepis,1,134.178
20_80M_85N,Carangidae,Selaroides,leptolepis,1,115.224
20_80M_85N,Carangidae,Selaroides,leptolepis,1,114.641
20_80M_85N,Carangidae,Selaroides,leptolepis,1,102.605
20_80M_86F,Carangidae,Selaroides,leptolepis,1,68.624
20_80M_86F,Carangidae,Selaroides,leptolepis,1,68.926
20_80M_86F,Carangidae,Selaroides,leptolepis,1,72.833
20_80M_86N,Carangidae,Selaroides,leptolepis,1,151.623
20_80M_86N,Carangidae,Selaroides,leptolepis,1,157.416
20_80M_87F,Carangidae,Selaroides,leptolepis,1,193.483
20_80M_8F,Carangidae,Selaroides,leptolepis,1,135.795
20_80M_92N,Carangidae,Selaroides,leptolepis,1,119.083
20_80M_92N,Carangidae,Selaroides,leptolepis,1,149.893
20_80M_92N,Carangidae,Selaroides,leptolepis,1,136.897
20_80M_92N,Carangidae,Selaroides,leptolepis,1,169.415
20_80M_92N,Carangidae,Selaroides,leptolepis,1,136.541
20_80M_93F,Carangidae,Selaroides,leptolepis,1,77.263
20_80M_93F,Carangidae,Selaroides,leptolepis,1,85.951
20_80M_94F,Carangidae,Selaroides,leptolepis,1,94.513
20_80M_94F,Carangidae,Selaroides,leptolepis,1,100.504
20_80M_96N,Carangidae,Selaroides,leptolepis,1,107.342
20_80M_96N,Carangidae,Selaroides,leptolepis,1,104.972
20_80M_96N,Carangidae,Selaroides,leptolepis,1,110.341
20_80M_97N,Carangidae,Selaroides,leptolepis,1,139.811
20_80M_97N,Carangidae,Selaroides,leptolepis,1,132.813
20_80M_97N,Carangidae,Selaroides,leptolepis,1,85.551
20_80M_97N,Carangidae,Selaroides,leptolepis,1,150.282
20_80M_97N,Carangidae,Selaroides,leptolepis,1,136.336
20_80M_97N,Carangidae,Selaroides,leptolepis,1,132.993
20_80M_97N,Carangidae,Selaroides,leptolepis,1,117.496
20_80M_97N,Carangidae,Selaroides,leptolepis,1,111.419
20_80M_97N,Carangidae,Selaroides,leptolepis,1,116.182
20_80M_97N,Carangidae,Selaroides,leptolepis,1,139.639
20_80M_97N,Carangidae,Selaroides,leptolepis,1,149.614
20_80M_98N,Carangidae,Selaroides,leptolepis,1,125.891
20_80M_98N,Carangidae,Selaroides,leptolepis,1,109.255
20_80M_98N,Carangidae,Selaroides,leptolepis,1,117.777
20_80M_98N,Carangidae,Selaroides,leptolepis,1,122.563
20_80M_98N,Carangidae,Selaroides,leptolepis,1,115.008
20_80M_98N,Carangidae,Selaroides,leptolepis,1,167.553
20_80M_98N,Carangidae,Selaroides,leptolepis,1,115.062
20_80M_98N,Carangidae,Selaroides,leptolepis,1,125.201
20_80M_98N,Carangidae,Selaroides,leptolepis,1,89.018
20_80M_98N,Carangidae,Selaroides,leptolepis,1,112.263
20_80M_98N,Carangidae,Selaroides,leptolepis,1,121.168
20_80M_98N,Carangidae,Selaroides,leptolepis,1,147.31
20_80M_98N,Carangidae,Selaroides,leptolepis,1,133.396
20_80M_98N,Carangidae,Selaroides,leptolepis,1,111.744
20_80M_98N,Carangidae,Selaroides,leptolepis,1,115.888
20_80M_98N,Carangidae,Selaroides,leptolepis,1,128.114
20_80M_98N,Carangidae,Selaroides,leptolepis,1,114.687
20_80M_98N,Carangidae,Selaroides,leptolepis,1,118.585
20_80M_98N,Carangidae,Selaroides,leptolepis,1,125.081
20_80M_98N,Carangidae,Selaroides,leptolepis,1,122.239
20_80M_98N,Carangidae,Selaroides,leptolepis,1,117.607
20_80M_98N,Carangidae,Selaroides,leptolepis,1,114.521
20_80M_99N,Carangidae,Selaroides,leptolepis,1,149.27
20_80M_99N,Carangidae,Selaroides,leptolepis,1,149.379
20_80M_99N,Carangidae,Selaroides,leptolepis,1,121.391
20_80M_99N,Carangidae,Selaroides,leptolepis,1,144.933
20_80M_99N,Carangidae,Selaroides,leptolepis,1,131.556
20_80M_99N,Carangidae,Selaroides,leptolepis,1,141.857
20_80M_99N,Carangidae,Selaroides,leptolepis,1,146.436
20_80M_99N,Carangidae,Selaroides,leptolepis,1,141.5
20_80M_99N,Carangidae,Selaroides,leptolepis,1,135.155
20_80M_99N,Carangidae,Selaroides,leptolepis,1,132.622
20_80M_99N,Carangidae,Selaroides,leptolepis,1,130.29
20_80M_99N,Carangidae,Selaroides,leptolepis,1,147.917
20_80M_101N,Carangidae,Seriolina,nigrofasciata,1,332.872
20_80M_101N,Carangidae,Seriolina,nigrofasciata,1,284.203
20_80M_105N,Carangidae,Seriolina,nigrofasciata,1,324.581
20_80M_105N,Carangidae,Seriolina,nigrofasciata,1,317.876
20_80M_105N,Carangidae,Seriolina,nigrofasciata,1,348.754
20_80M_106N,Carangidae,Seriolina,nigrofasciata,1,339.512
20_80M_106N,Carangidae,Seriolina,nigrofasciata,1,321.535
20_80M_110N,Carangidae,Seriolina,nigrofasciata,1,334.877
20_80M_116N,Carangidae,Seriolina,nigrofasciata,1,329.742
20_80M_125N,Carangidae,Seriolina,nigrofasciata,1,324.321
20_80M_125N,Carangidae,Seriolina,nigrofasciata,1,348.175
20_80M_125N,Carangidae,Seriolina,nigrofasciata,1,364.23
20_80M_126N,Carangidae,Seriolina,nigrofasciata,1,351.128
20_80M_14F,Carangidae,Seriolina,nigrofasciata,1,321.941
20_80M_20F,Carangidae,Seriolina,nigrofasciata,1,313.73
20_80M_24N,Carangidae,Seriolina,nigrofasciata,1,321.39
20_80M_25N,Carangidae,Seriolina,nigrofasciata,1,335.858
20_80M_25N,Carangidae,Seriolina,nigrofasciata,1,331.771
20_80M_27N,Carangidae,Seriolina,nigrofasciata,1,311.322
20_80M_28N,Carangidae,Seriolina,nigrofasciata,1,259.218
20_80M_29N,Carangidae,Seriolina,nigrofasciata,1,344.598
20_80M_30N,Carangidae,Seriolina,nigrofasciata,1,343.678
20_80M_32N,Carangidae,Seriolina,nigrofasciata,1,340.27
20_80M_33N,Carangidae,Seriolina,nigrofasciata,1,314.81
20_80M_56F,Carangidae,Seriolina,nigrofasciata,1,329.846
20_80M_57N,Carangidae,Seriolina,nigrofasciata,1,360.835
20_80M_62F,Carangidae,Seriolina,nigrofasciata,1,319.496
20_80M_64N,Carangidae,Seriolina,nigrofasciata,1,318.86
20_80M_65F,Carangidae,Seriolina,nigrofasciata,1,431.495
20_80M_67N,Carangidae,Seriolina,nigrofasciata,1,301.528
20_80M_7N,Carangidae,Seriolina,nigrofasciata,1,304.312
20_80M_82N,Carangidae,Seriolina,nigrofasciata,1,323.383
20_80M_85N,Carangidae,Seriolina,nigrofasciata,1,341.694
20_80M_97N,Carangidae,Seriolina,nigrofasciata,1,306.548
20_80M_99N,Carangidae,Seriolina,nigrofasciata,1,304.5
20_80M_107N,Carangidae,Turrum,caeruleopinnatum,1,163.834
20_80M_67N,Carangidae,Turrum,caeruleopinnatum,1,233.582
20_80M_85N,Carangidae,Turrum,caeruleopinnatum,1,145.437
20_80M_100N,Carangidae,Turrum,fulvoguttatum,1,204.344
20_80M_110N,Carangidae,Turrum,fulvoguttatum,1,215.455
20_80M_110N,Carangidae,Turrum,fulvoguttatum,1,205.436
20_80M_118N,Carangidae,Turrum,fulvoguttatum,1,256.79
20_80M_118N,Carangidae,Turrum,fulvoguttatum,1,253.22
20_80M_121N,Carangidae,Turrum,fulvoguttatum,1,264.276
20_80M_133N,Carangidae,Turrum,fulvoguttatum,1,248.266
20_80M_133N,Carangidae,Turrum,fulvoguttatum,1,301.336
20_80M_133N,Carangidae,Turrum,fulvoguttatum,1,248.351
20_80M_13N,Carangidae,Turrum,fulvoguttatum,1,160.132
20_80M_22F,Carangidae,Turrum,fulvoguttatum,1,226.322
20_80M_22F,Carangidae,Turrum,fulvoguttatum,1,241.473
20_80M_25N,Carangidae,Turrum,fulvoguttatum,1,189.771
20_80M_25N,Carangidae,Turrum,fulvoguttatum,1,169.391
20_80M_33F,Carangidae,Turrum,fulvoguttatum,1,215.278
20_80M_34F,Carangidae,Turrum,fulvoguttatum,1,254.898
20_80M_34F,Carangidae,Turrum,fulvoguttatum,1,247.643
20_80M_35F,Carangidae,Turrum,fulvoguttatum,1,217.081
20_80M_37F,Carangidae,Turrum,fulvoguttatum,1,342.578
20_80M_37F,Carangidae,Turrum,fulvoguttatum,1,330.479
20_80M_37F,Carangidae,Turrum,fulvoguttatum,1,361.309
20_80M_37F,Carangidae,Turrum,fulvoguttatum,1,269.103
20_80M_37N,Carangidae,Turrum,fulvoguttatum,1,212.663
20_80M_37N,Carangidae,Turrum,fulvoguttatum,1,215.134
20_80M_41F,Carangidae,Turrum,fulvoguttatum,1,242.618
20_80M_42F,Carangidae,Turrum,fulvoguttatum,1,219.161
20_80M_42F,Carangidae,Turrum,fulvoguttatum,1,244.2
20_80M_45F,Carangidae,Turrum,fulvoguttatum,1,234.857
20_80M_46F,Carangidae,Turrum,fulvoguttatum,1,256.77
20_80M_46F,Carangidae,Turrum,fulvoguttatum,1,232.146
20_80M_4N,Carangidae,Turrum,fulvoguttatum,1,179.134
20_80M_5F,Carangidae,Turrum,fulvoguttatum,1,239.667
20_80M_64F,Carangidae,Turrum,fulvoguttatum,1,270.456
20_80M_65N,Carangidae,Turrum,fulvoguttatum,1,212.017
20_80M_65N,Carangidae,Turrum,fulvoguttatum,1,242.689
20_80M_66F,Carangidae,Turrum,fulvoguttatum,1,242.654
20_80M_66F,Carangidae,Turrum,fulvoguttatum,1,278.997
20_80M_74F,Carangidae,Turrum,fulvoguttatum,1,766.283
20_80M_75F,Carangidae,Turrum,fulvoguttatum,1,768.564
20_80M_77F,Carangidae,Turrum,fulvoguttatum,1,230.015
20_80M_81F,Carangidae,Turrum,fulvoguttatum,1,232.404
20_80M_85F,Carangidae,Turrum,fulvoguttatum,1,686.54
20_80M_85F,Carangidae,Turrum,fulvoguttatum,1,646.9
20_80M_90F,Carangidae,Turrum,fulvoguttatum,1,896.021
20_80M_90N,Carangidae,Turrum,fulvoguttatum,1,184.741
20_80M_91F,Carangidae,Turrum,fulvoguttatum,1,248.051
20_80M_100F,Carangidae,Turrum,gymnostethus,1,583.347
20_80M_100F,Carangidae,Turrum,gymnostethus,1,479.328
20_80M_100F,Carangidae,Turrum,gymnostethus,1,571.952
20_80M_100F,Carangidae,Turrum,gymnostethus,1,615.618
20_80M_100F,Carangidae,Turrum,gymnostethus,1,553.387
20_80M_100N,Carangidae,Turrum,gymnostethus,1,463.589
20_80M_101F,Carangidae,Turrum,gymnostethus,1,244.172
20_80M_101F,Carangidae,Turrum,gymnostethus,1,210.861
20_80M_101F,Carangidae,Turrum,gymnostethus,1,215.361
20_80M_101F,Carangidae,Turrum,gymnostethus,1,206.251
20_80M_101F,Carangidae,Turrum,gymnostethus,1,211.153
20_80M_101F,Carangidae,Turrum,gymnostethus,1,501.031
20_80M_101F,Carangidae,Turrum,gymnostethus,1,214.887
20_80M_101N,Carangidae,Turrum,gymnostethus,1,206.71
20_80M_104F,Carangidae,Turrum,gymnostethus,1,172.198
20_80M_104N,Carangidae,Turrum,gymnostethus,1,193.389
20_80M_106N,Carangidae,Turrum,gymnostethus,1,164.921
20_80M_10F,Carangidae,Turrum,gymnostethus,1,241.269
20_80M_10F,Carangidae,Turrum,gymnostethus,1,235.078
20_80M_10N,Carangidae,Turrum,gymnostethus,1,188.793
20_80M_110N,Carangidae,Turrum,gymnostethus,1,627.282
20_80M_110N,Carangidae,Turrum,gymnostethus,1,645.04
20_80M_110N,Carangidae,Turrum,gymnostethus,1,608.843
20_80M_110N,Carangidae,Turrum,gymnostethus,1,618.875
20_80M_110N,Carangidae,Turrum,gymnostethus,1,645.715
20_80M_110N,Carangidae,Turrum,gymnostethus,1,623.547
20_80M_110N,Carangidae,Turrum,gymnostethus,1,606.617
20_80M_111N,Carangidae,Turrum,gymnostethus,1,593.759
20_80M_111N,Carangidae,Turrum,gymnostethus,1,564.818
20_80M_112N,Carangidae,Turrum,gymnostethus,1,574.471
20_80M_112N,Carangidae,Turrum,gymnostethus,1,580.58
20_80M_112N,Carangidae,Turrum,gymnostethus,1,551.675
20_80M_112N,Carangidae,Turrum,gymnostethus,1,527.309
20_80M_112N,Carangidae,Turrum,gymnostethus,1,569.153
20_80M_112N,Carangidae,Turrum,gymnostethus,1,538.865
20_80M_112N,Carangidae,Turrum,gymnostethus,1,573.253
20_80M_113N,Carangidae,Turrum,gymnostethus,1,226.132
20_80M_113N,Carangidae,Turrum,gymnostethus,1,298.913
20_80M_113N,Carangidae,Turrum,gymnostethus,1,278.204
20_80M_114N,Carangidae,Turrum,gymnostethus,1,201.854
20_80M_116N,Carangidae,Turrum,gymnostethus,1,180.16
20_80M_116N,Carangidae,Turrum,gymnostethus,1,198.423
20_80M_116N,Carangidae,Turrum,gymnostethus,1,191.054
20_80M_116N,Carangidae,Turrum,gymnostethus,1,187.988
20_80M_116N,Carangidae,Turrum,gymnostethus,1,178.785
20_80M_116N,Carangidae,Turrum,gymnostethus,1,179.881
20_80M_116N,Carangidae,Turrum,gymnostethus,1,176.898
20_80M_116N,Carangidae,Turrum,gymnostethus,1,175.095
20_80M_116N,Carangidae,Turrum,gymnostethus,1,173.134
20_80M_118N,Carangidae,Turrum,gymnostethus,1,238.729
20_80M_118N,Carangidae,Turrum,gymnostethus,1,261.852
20_80M_118N,Carangidae,Turrum,gymnostethus,1,217.742
20_80M_118N,Carangidae,Turrum,gymnostethus,1,242.799
20_80M_118N,Carangidae,Turrum,gymnostethus,1,207.101
20_80M_118N,Carangidae,Turrum,gymnostethus,1,249.328
20_80M_118N,Carangidae,Turrum,gymnostethus,1,242.741
20_80M_119N,Carangidae,Turrum,gymnostethus,1,215.385
20_80M_11F,Carangidae,Turrum,gymnostethus,1,231.273
20_80M_11N,Carangidae,Turrum,gymnostethus,1,178.752
20_80M_121N,Carangidae,Turrum,gymnostethus,1,216.913
20_80M_121N,Carangidae,Turrum,gymnostethus,1,232.567
20_80M_125N,Carangidae,Turrum,gymnostethus,1,162.544
20_80M_126N,Carangidae,Turrum,gymnostethus,1,167.58
20_80M_128N,Carangidae,Turrum,gymnostethus,1,200.004
20_80M_128N,Carangidae,Turrum,gymnostethus,1,222.852
20_80M_12F,Carangidae,Turrum,gymnostethus,1,227.734
20_80M_12F,Carangidae,Turrum,gymnostethus,1,243.456
20_80M_132N,Carangidae,Turrum,gymnostethus,1,233.701
20_80M_133N,Carangidae,Turrum,gymnostethus,1,239.564
20_80M_133N,Carangidae,Turrum,gymnostethus,1,233.929
20_80M_13N,Carangidae,Turrum,gymnostethus,1,160.051
20_80M_14F,Carangidae,Turrum,gymnostethus,1,235.658
20_80M_14F,Carangidae,Turrum,gymnostethus,1,245.106
20_80M_14F,Carangidae,Turrum,gymnostethus,1,301.726
20_80M_14F,Carangidae,Turrum,gymnostethus,1,253.849
20_80M_14F,Carangidae,Turrum,gymnostethus,1,242.429
20_80M_14F,Carangidae,Turrum,gymnostethus,1,250.459
20_80M_14F,Carangidae,Turrum,gymnostethus,1,269.315
20_80M_14F,Carangidae,Turrum,gymnostethus,1,246.868
20_80M_14F,Carangidae,Turrum,gymnostethus,1,239.63
20_80M_14N,Carangidae,Turrum,gymnostethus,1,182.29
20_80M_14N,Carangidae,Turrum,gymnostethus,1,201.372
20_80M_14N,Carangidae,Turrum,gymnostethus,1,167.653
20_80M_14N,Carangidae,Turrum,gymnostethus,1,179.851
20_80M_15F,Carangidae,Turrum,gymnostethus,1,239.515
20_80M_15F,Carangidae,Turrum,gymnostethus,1,209.627
20_80M_16F,Carangidae,Turrum,gymnostethus,1,187.675
20_80M_16F,Carangidae,Turrum,gymnostethus,1,228.674
20_80M_16F,Carangidae,Turrum,gymnostethus,1,210.483
20_80M_16F,Carangidae,Turrum,gymnostethus,1,224.325
20_80M_17F,Carangidae,Turrum,gymnostethus,1,213.098
20_80M_17F,Carangidae,Turrum,gymnostethus,1,221.577
20_80M_17F,Carangidae,Turrum,gymnostethus,1,222.64
20_80M_17F,Carangidae,Turrum,gymnostethus,1,215.186
20_80M_18F,Carangidae,Turrum,gymnostethus,1,208.62
20_80M_18F,Carangidae,Turrum,gymnostethus,1,218.167
20_80M_18F,Carangidae,Turrum,gymnostethus,1,199.088
20_80M_18F,Carangidae,Turrum,gymnostethus,1,190.869
20_80M_1F,Carangidae,Turrum,gymnostethus,1,256.342
20_80M_1F,Carangidae,Turrum,gymnostethus,1,243.392
20_80M_1F,Carangidae,Turrum,gymnostethus,1,237.352
20_80M_1F,Carangidae,Turrum,gymnostethus,1,249.232
20_80M_1F,Carangidae,Turrum,gymnostethus,1,199.62
20_80M_1F,Carangidae,Turrum,gymnostethus,1,257.003
20_80M_1F,Carangidae,Turrum,gymnostethus,1,221.075
20_80M_21F,Carangidae,Turrum,gymnostethus,1,171.268
20_80M_22F,Carangidae,Turrum,gymnostethus,1,183.298
20_80M_22F,Carangidae,Turrum,gymnostethus,1,184.697
20_80M_24F,Carangidae,Turrum,gymnostethus,1,634.122
20_80M_26F,Carangidae,Turrum,gymnostethus,1,547.458
20_80M_26F,Carangidae,Turrum,gymnostethus,1,543.286
20_80M_26F,Carangidae,Turrum,gymnostethus,1,530.492
20_80M_26N,Carangidae,Turrum,gymnostethus,1,222.974
20_80M_26N,Carangidae,Turrum,gymnostethus,1,198.868
20_80M_26N,Carangidae,Turrum,gymnostethus,1,174.441
20_80M_26N,Carangidae,Turrum,gymnostethus,1,202.689
20_80M_27F,Carangidae,Turrum,gymnostethus,1,194.921
20_80M_27F,Carangidae,Turrum,gymnostethus,1,183.524
20_80M_27F,Carangidae,Turrum,gymnostethus,1,194.902
20_80M_27F,Carangidae,Turrum,gymnostethus,1,200.888
20_80M_27F,Carangidae,Turrum,gymnostethus,1,195.332
20_80M_27F,Carangidae,Turrum,gymnostethus,1,191.058
20_80M_27F,Carangidae,Turrum,gymnostethus,1,189.11
20_80M_27F,Carangidae,Turrum,gymnostethus,1,184.479
20_80M_27F,Carangidae,Turrum,gymnostethus,1,201.767
20_80M_27F,Carangidae,Turrum,gymnostethus,1,198.469
20_80M_27N,Carangidae,Turrum,gymnostethus,1,206.324
20_80M_28F,Carangidae,Turrum,gymnostethus,1,860.51
20_80M_28N,Carangidae,Turrum,gymnostethus,1,198.989
20_80M_29F,Carangidae,Turrum,gymnostethus,1,250.736
20_80M_29N,Carangidae,Turrum,gymnostethus,1,208.092
20_80M_29N,Carangidae,Turrum,gymnostethus,1,230.16
20_80M_29N,Carangidae,Turrum,gymnostethus,1,229.301
20_80M_29N,Carangidae,Turrum,gymnostethus,1,180.83
20_80M_29N,Carangidae,Turrum,gymnostethus,1,207.878
20_80M_31F,Carangidae,Turrum,gymnostethus,1,186.496
20_80M_31F,Carangidae,Turrum,gymnostethus,1,171.44
20_80M_31F,Carangidae,Turrum,gymnostethus,1,191.575
20_80M_31F,Carangidae,Turrum,gymnostethus,1,211.886
20_80M_31F,Carangidae,Turrum,gymnostethus,1,177.414
20_80M_31F,Carangidae,Turrum,gymnostethus,1,160.555
20_80M_31N,Carangidae,Turrum,gymnostethus,1,198.321
20_80M_31N,Carangidae,Turrum,gymnostethus,1,197.96
20_80M_32F,Carangidae,Turrum,gymnostethus,1,588.345
20_80M_32F,Carangidae,Turrum,gymnostethus,1,565.754
20_80M_32F,Carangidae,Turrum,gymnostethus,1,572.482
20_80M_32F,Carangidae,Turrum,gymnostethus,1,529.861
20_80M_32F,Carangidae,Turrum,gymnostethus,1,595.342
20_80M_32F,Carangidae,Turrum,gymnostethus,1,592.031
20_80M_32F,Carangidae,Turrum,gymnostethus,1,557.676
20_80M_32F,Carangidae,Turrum,gymnostethus,1,603.763
20_80M_33F,Carangidae,Turrum,gymnostethus,1,563.014
20_80M_33N,Carangidae,Turrum,gymnostethus,1,512.615
20_80M_34N,Carangidae,Turrum,gymnostethus,1,556.963
20_80M_35F,Carangidae,Turrum,gymnostethus,1,183.591
20_80M_35F,Carangidae,Turrum,gymnostethus,1,194.406
20_80M_35F,Carangidae,Turrum,gymnostethus,1,188.031
20_80M_35F,Carangidae,Turrum,gymnostethus,1,177.839
20_80M_35N,Carangidae,Turrum,gymnostethus,1,523.755
20_80M_35N,Carangidae,Turrum,gymnostethus,1,525.053
20_80M_35N,Carangidae,Turrum,gymnostethus,1,567.541
20_80M_35N,Carangidae,Turrum,gymnostethus,1,519.563
20_80M_36N,Carangidae,Turrum,gymnostethus,1,188.346
20_80M_37N,Carangidae,Turrum,gymnostethus,1,177.16
20_80M_37N,Carangidae,Turrum,gymnostethus,1,184.152
20_80M_3F,Carangidae,Turrum,gymnostethus,1,195.23
20_80M_3F,Carangidae,Turrum,gymnostethus,1,181.35
20_80M_41F,Carangidae,Turrum,gymnostethus,1,224.712
20_80M_41F,Carangidae,Turrum,gymnostethus,1,195.586
20_80M_41F,Carangidae,Turrum,gymnostethus,1,188.743
20_80M_41F,Carangidae,Turrum,gymnostethus,1,196.605
20_80M_41F,Carangidae,Turrum,gymnostethus,1,226.909
20_80M_41F,Carangidae,Turrum,gymnostethus,1,202.968
20_80M_41F,Carangidae,Turrum,gymnostethus,1,211.687
20_80M_41F,Carangidae,Turrum,gymnostethus,1,199.128
20_80M_44F,Carangidae,Turrum,gymnostethus,1,202.432
20_80M_46F,Carangidae,Turrum,gymnostethus,1,200.363
20_80M_46F,Carangidae,Turrum,gymnostethus,1,190.552
20_80M_46F,Carangidae,Turrum,gymnostethus,1,190.363
20_80M_46F,Carangidae,Turrum,gymnostethus,1,213.127
20_80M_46F,Carangidae,Turrum,gymnostethus,1,183.41
20_80M_46F,Carangidae,Turrum,gymnostethus,1,189.802
20_80M_46F,Carangidae,Turrum,gymnostethus,1,217.704
20_80M_46F,Carangidae,Turrum,gymnostethus,1,209.764
20_80M_46F,Carangidae,Turrum,gymnostethus,1,205.839
20_80M_46F,Carangidae,Turrum,gymnostethus,1,202.024
20_80M_48F,Carangidae,Turrum,gymnostethus,1,211.968
20_80M_49F,Carangidae,Turrum,gymnostethus,1,247.477
20_80M_49F,Carangidae,Turrum,gymnostethus,1,193.877
20_80M_49F,Carangidae,Turrum,gymnostethus,1,228.558
20_80M_49F,Carangidae,Turrum,gymnostethus,1,187.706
20_80M_49F,Carangidae,Turrum,gymnostethus,1,211.895
20_80M_49F,Carangidae,Turrum,gymnostethus,1,220.147
20_80M_49F,Carangidae,Turrum,gymnostethus,1,242.947
20_80M_4F,Carangidae,Turrum,gymnostethus,1,204.093
20_80M_51F,Carangidae,Turrum,gymnostethus,1,189.303
20_80M_53F,Carangidae,Turrum,gymnostethus,1,206.28
20_80M_53F,Carangidae,Turrum,gymnostethus,1,204.254
20_80M_53F,Carangidae,Turrum,gymnostethus,1,139.574
20_80M_53F,Carangidae,Turrum,gymnostethus,1,183.282
20_80M_53N,Carangidae,Turrum,gymnostethus,1,214.586
20_80M_54F,Carangidae,Turrum,gymnostethus,1,169.328
20_80M_55F,Carangidae,Turrum,gymnostethus,1,202.998
20_80M_55F,Carangidae,Turrum,gymnostethus,1,209.254
20_80M_56F,Carangidae,Turrum,gymnostethus,1,249.169
20_80M_56F,Carangidae,Turrum,gymnostethus,1,254.164
20_80M_56F,Carangidae,Turrum,gymnostethus,1,250.899
20_80M_56F,Carangidae,Turrum,gymnostethus,1,248.843
20_80M_56F,Carangidae,Turrum,gymnostethus,1,252.175
20_80M_56F,Carangidae,Turrum,gymnostethus,1,259.572
20_80M_56F,Carangidae,Turrum,gymnostethus,1,214.006
20_80M_58F,Carangidae,Turrum,gymnostethus,1,216.829
20_80M_58F,Carangidae,Turrum,gymnostethus,1,216.891
20_80M_58F,Carangidae,Turrum,gymnostethus,1,195.431
20_80M_58F,Carangidae,Turrum,gymnostethus,1,222.421
20_80M_58F,Carangidae,Turrum,gymnostethus,1,210.969
20_80M_58F,Carangidae,Turrum,gymnostethus,1,223.901
20_80M_58F,Carangidae,Turrum,gymnostethus,1,187.037
20_80M_58F,Carangidae,Turrum,gymnostethus,1,210.94
20_80M_59F,Carangidae,Turrum,gymnostethus,1,206.868
20_80M_59N,Carangidae,Turrum,gymnostethus,1,604.262
20_80M_5F,Carangidae,Turrum,gymnostethus,1,252.93
20_80M_5F,Carangidae,Turrum,gymnostethus,1,194.478
20_80M_5F,Carangidae,Turrum,gymnostethus,1,211.38
20_80M_5F,Carangidae,Turrum,gymnostethus,1,194.79
20_80M_5F,Carangidae,Turrum,gymnostethus,1,208.171
20_80M_5F,Carangidae,Turrum,gymnostethus,1,170.601
20_80M_5F,Carangidae,Turrum,gymnostethus,1,179.482
20_80M_60F,Carangidae,Turrum,gymnostethus,1,204.427
20_80M_61F,Carangidae,Turrum,gymnostethus,1,174.327
20_80M_61N,Carangidae,Turrum,gymnostethus,1,600.429
20_80M_61N,Carangidae,Turrum,gymnostethus,1,600.414
20_80M_61N,Carangidae,Turrum,gymnostethus,1,623.709
20_80M_61N,Carangidae,Turrum,gymnostethus,1,578.929
20_80M_61N,Carangidae,Turrum,gymnostethus,1,606.042
20_80M_61N,Carangidae,Turrum,gymnostethus,1,601.908
20_80M_61N,Carangidae,Turrum,gymnostethus,1,598.521
20_80M_61N,Carangidae,Turrum,gymnostethus,1,619.019
20_80M_61N,Carangidae,Turrum,gymnostethus,1,635.096
20_80M_61N,Carangidae,Turrum,gymnostethus,1,566.953
20_80M_61N,Carangidae,Turrum,gymnostethus,1,607.858
20_80M_61N,Carangidae,Turrum,gymnostethus,1,576.441
20_80M_61N,Carangidae,Turrum,gymnostethus,1,584.593
20_80M_61N,Carangidae,Turrum,gymnostethus,1,568.289
20_80M_61N,Carangidae,Turrum,gymnostethus,1,569.296
20_80M_61N,Carangidae,Turrum,gymnostethus,1,540.777
20_80M_61N,Carangidae,Turrum,gymnostethus,1,606.536
20_80M_61N,Carangidae,Turrum,gymnostethus,1,565.412
20_80M_61N,Carangidae,Turrum,gymnostethus,1,580.718
20_80M_61N,Carangidae,Turrum,gymnostethus,1,551.376
20_80M_62F,Carangidae,Turrum,gymnostethus,1,220.105
20_80M_62F,Carangidae,Turrum,gymnostethus,1,207.886
20_80M_62F,Carangidae,Turrum,gymnostethus,1,184.849
20_80M_63N,Carangidae,Turrum,gymnostethus,1,499.641
20_80M_63N,Carangidae,Turrum,gymnostethus,1,539.44
20_80M_64N,Carangidae,Turrum,gymnostethus,1,576.437
20_80M_64N,Carangidae,Turrum,gymnostethus,1,579.358
20_80M_64N,Carangidae,Turrum,gymnostethus,1,528.956
20_80M_65F,Carangidae,Turrum,gymnostethus,1,150.409
20_80M_65N,Carangidae,Turrum,gymnostethus,1,180.997
20_80M_65N,Carangidae,Turrum,gymnostethus,1,186.222
20_80M_66N,Carangidae,Turrum,gymnostethus,1,180.15
20_80M_66N,Carangidae,Turrum,gymnostethus,1,183.24
20_80M_67F,Carangidae,Turrum,gymnostethus,1,225.695
20_80M_67N,Carangidae,Turrum,gymnostethus,1,190.607
20_80M_68F,Carangidae,Turrum,gymnostethus,1,600.441
20_80M_68F,Carangidae,Turrum,gymnostethus,1,656.558
20_80M_68F,Carangidae,Turrum,gymnostethus,1,635.545
20_80M_68F,Carangidae,Turrum,gymnostethus,1,618.335
20_80M_68F,Carangidae,Turrum,gymnostethus,1,631.657
20_80M_68F,Carangidae,Turrum,gymnostethus,1,586.031
20_80M_68F,Carangidae,Turrum,gymnostethus,1,561.787
20_80M_68F,Carangidae,Turrum,gymnostethus,1,592.388
20_80M_68F,Carangidae,Turrum,gymnostethus,1,642.955
20_80M_68F,Carangidae,Turrum,gymnostethus,1,608.991
20_80M_68F,Carangidae,Turrum,gymnostethus,1,602.447
20_80M_68F,Carangidae,Turrum,gymnostethus,1,619.526
20_80M_68F,Carangidae,Turrum,gymnostethus,1,615.346
20_80M_68F,Carangidae,Turrum,gymnostethus,1,623.029
20_80M_68F,Carangidae,Turrum,gymnostethus,1,538.643
20_80M_68F,Carangidae,Turrum,gymnostethus,1,638.637
20_80M_68F,Carangidae,Turrum,gymnostethus,1,604.432
20_80M_68F,Carangidae,Turrum,gymnostethus,1,629.105
20_80M_68F,Carangidae,Turrum,gymnostethus,1,608.828
20_80M_6F,Carangidae,Turrum,gymnostethus,1,223.643
20_80M_70F,Carangidae,Turrum,gymnostethus,1,185.734
20_80M_71F,Carangidae,Turrum,gymnostethus,1,145.807
20_80M_74F,Carangidae,Turrum,gymnostethus,1,642.761
20_80M_75F,Carangidae,Turrum,gymnostethus,1,650.316
20_80M_75F,Carangidae,Turrum,gymnostethus,1,640.557
20_80M_77F,Carangidae,Turrum,gymnostethus,1,185.652
20_80M_78F,Carangidae,Turrum,gymnostethus,1,204.327
20_80M_7F,Carangidae,Turrum,gymnostethus,1,233.544
20_80M_7N,Carangidae,Turrum,gymnostethus,1,334.948
20_80M_80F,Carangidae,Turrum,gymnostethus,1,179.407
20_80M_81F,Carangidae,Turrum,gymnostethus,1,220.969
20_80M_81F,Carangidae,Turrum,gymnostethus,1,212.676
20_80M_83F,Carangidae,Turrum,gymnostethus,1,251.152
20_80M_83F,Carangidae,Turrum,gymnostethus,1,213.196
20_80M_83F,Carangidae,Turrum,gymnostethus,1,201.391
20_80M_84F,Carangidae,Turrum,gymnostethus,1,648.698
20_80M_85F,Carangidae,Turrum,gymnostethus,1,637.061
20_80M_85F,Carangidae,Turrum,gymnostethus,1,572.641
20_80M_85F,Carangidae,Turrum,gymnostethus,1,658.436
20_80M_85F,Carangidae,Turrum,gymnostethus,1,624.866
20_80M_85F,Carangidae,Turrum,gymnostethus,1,558.896
20_80M_85F,Carangidae,Turrum,gymnostethus,1,583.09
20_80M_85F,Carangidae,Turrum,gymnostethus,1,585.782
20_80M_85N,Carangidae,Turrum,gymnostethus,1,201.6
20_80M_86F,Carangidae,Turrum,gymnostethus,1,596.147
20_80M_86F,Carangidae,Turrum,gymnostethus,1,650.662
20_80M_86F,Carangidae,Turrum,gymnostethus,1,592.813
20_80M_86F,Carangidae,Turrum,gymnostethus,1,583.505
20_80M_86F,Carangidae,Turrum,gymnostethus,1,564.275
20_80M_86N,Carangidae,Turrum,gymnostethus,1,499.787
20_80M_87F,Carangidae,Turrum,gymnostethus,1,585.248
20_80M_87F,Carangidae,Turrum,gymnostethus,1,578.004
20_80M_87N,Carangidae,Turrum,gymnostethus,1,224.583
20_80M_87N,Carangidae,Turrum,gymnostethus,1,211.93
20_80M_87N,Carangidae,Turrum,gymnostethus,1,223.204
20_80M_87N,Carangidae,Turrum,gymnostethus,1,210.823
20_80M_88F,Carangidae,Turrum,gymnostethus,1,559.866
20_80M_88N,Carangidae,Turrum,gymnostethus,1,604.534
20_80M_89N,Carangidae,Turrum,gymnostethus,1,363.984
20_80M_90F,Carangidae,Turrum,gymnostethus,1,192.36
20_80M_90F,Carangidae,Turrum,gymnostethus,1,209.656
20_80M_90N,Carangidae,Turrum,gymnostethus,1,180.302
20_80M_90N,Carangidae,Turrum,gymnostethus,1,156.983
20_80M_90N,Carangidae,Turrum,gymnostethus,1,178.404
20_80M_91F,Carangidae,Turrum,gymnostethus,1,233.57
20_80M_91N,Carangidae,Turrum,gymnostethus,1,614.244
20_80M_91N,Carangidae,Turrum,gymnostethus,1,566.315
20_80M_92F,Carangidae,Turrum,gymnostethus,1,597.423
20_80M_92F,Carangidae,Turrum,gymnostethus,1,621.168
20_80M_92N,Carangidae,Turrum,gymnostethus,1,179.751
20_80M_93F,Carangidae,Turrum,gymnostethus,1,523.187
20_80M_95F,Carangidae,Turrum,gymnostethus,1,558.078
20_80M_95F,Carangidae,Turrum,gymnostethus,1,581.357
20_80M_96F,Carangidae,Turrum,gymnostethus,1,233.307
20_80M_96F,Carangidae,Turrum,gymnostethus,1,237.268
20_80M_96F,Carangidae,Turrum,gymnostethus,1,216.318
20_80M_97F,Carangidae,Turrum,gymnostethus,1,223.067
20_80M_97F,Carangidae,Turrum,gymnostethus,1,221.824
20_80M_98F,Carangidae,Turrum,gymnostethus,1,217.019
20_80M_98F,Carangidae,Turrum,gymnostethus,1,251.99
20_80M_98F,Carangidae,Turrum,gymnostethus,1,243.939
20_80M_98F,Carangidae,Turrum,gymnostethus,1,238.455
20_80M_98F,Carangidae,Turrum,gymnostethus,1,218.395
20_80M_98F,Carangidae,Turrum,gymnostethus,1,221.849
20_80M_99F,Carangidae,Turrum,gymnostethus,1,142.313
20_80M_99N,Carangidae,Turrum,gymnostethus,1,191.7
20_80M_9N,Carangidae,Turrum,gymnostethus,1,202.638
20_80M_9N,Carangidae,Turrum,gymnostethus,1,253.194
20_80M_9N,Carangidae,Turrum,gymnostethus,1,238.044
20_80M_9N,Carangidae,Turrum,gymnostethus,1,227.295
20_80M_120N,Carcharhinidae,Carcharhinus,amblyrhynchos,1,791.546
20_80M_131N,Carcharhinidae,Carcharhinus,amblyrhynchos,1,857.447
20_80M_131N,Carcharhinidae,Carcharhinus,amblyrhynchos,1,1223.361
20_80M_91F,Carcharhinidae,Carcharhinus,amblyrhynchos,1,500.106
20_80M_91F,Carcharhinidae,Carcharhinus,amblyrhynchos,1,520.659
20_80M_91F,Carcharhinidae,Carcharhinus,amblyrhynchos,1,612.824
20_80M_91F,Carcharhinidae,Carcharhinus,amblyrhynchos,1,730.864
20_80M_91F,Carcharhinidae,Carcharhinus,amblyrhynchos,1,617.255
20_80M_92F,Carcharhinidae,Carcharhinus,amblyrhynchos,1,1052.107
20_80M_23N,Carcharhinidae,Carcharhinus,amboinensis,1,1422.814
20_80M_89N,Carcharhinidae,Carcharhinus,brevipinna,1,1184.993
20_80M_100F,Carcharhinidae,Carcharhinus,coatesi,1,576.064
20_80M_100F,Carcharhinidae,Carcharhinus,coatesi,1,626.873
20_80M_100F,Carcharhinidae,Carcharhinus,coatesi,1,633.319
20_80M_101F,Carcharhinidae,Carcharhinus,coatesi,1,662.013
20_80M_101N,Carcharhinidae,Carcharhinus,coatesi,1,657.613
20_80M_101N,Carcharhinidae,Carcharhinus,coatesi,1,682.031
20_80M_102F,Carcharhinidae,Carcharhinus,coatesi,1,617.1
20_80M_103F,Carcharhinidae,Carcharhinus,coatesi,1,691.069
20_80M_103N,Carcharhinidae,Carcharhinus,coatesi,1,635.995
20_80M_104F,Carcharhinidae,Carcharhinus,coatesi,1,604.597
20_80M_104N,Carcharhinidae,Carcharhinus,coatesi,1,623.291
20_80M_105N,Carcharhinidae,Carcharhinus,coatesi,1,590.33
20_80M_107N,Carcharhinidae,Carcharhinus,coatesi,1,641.014
20_80M_110N,Carcharhinidae,Carcharhinus,coatesi,1,601.823
20_80M_111N,Carcharhinidae,Carcharhinus,coatesi,1,661.326
20_80M_111N,Carcharhinidae,Carcharhinus,coatesi,1,689.522
20_80M_112N,Carcharhinidae,Carcharhinus,coatesi,1,637.911
20_80M_114N,Carcharhinidae,Carcharhinus,coatesi,1,644.312
20_80M_115N,Carcharhinidae,Carcharhinus,coatesi,1,637.747
20_80M_118N,Carcharhinidae,Carcharhinus,coatesi,1,655.112
20_80M_11N,Carcharhinidae,Carcharhinus,coatesi,1,563.801
20_80M_120N,Carcharhinidae,Carcharhinus,coatesi,1,599.095
20_80M_12F,Carcharhinidae,Carcharhinus,coatesi,1,669.185
20_80M_13N,Carcharhinidae,Carcharhinus,coatesi,1,605.224
20_80M_14N,Carcharhinidae,Carcharhinus,coatesi,1,558.073
20_80M_15F,Carcharhinidae,Carcharhinus,coatesi,1,706.688
20_80M_17F,Carcharhinidae,Carcharhinus,coatesi,1,668.55
20_80M_19F,Carcharhinidae,Carcharhinus,coatesi,1,640.449
20_80M_1F,Carcharhinidae,Carcharhinus,coatesi,1,649.141
20_80M_22F,Carcharhinidae,Carcharhinus,coatesi,1,651.184
20_80M_23F,Carcharhinidae,Carcharhinus,coatesi,1,743.39
20_80M_24N,Carcharhinidae,Carcharhinus,coatesi,1,629.263
20_80M_24N,Carcharhinidae,Carcharhinus,coatesi,1,641.04
20_80M_26N,Carcharhinidae,Carcharhinus,coatesi,1,637.367
20_80M_27N,Carcharhinidae,Carcharhinus,coatesi,1,523.974
20_80M_27N,Carcharhinidae,Carcharhinus,coatesi,1,633.629
20_80M_27N,Carcharhinidae,Carcharhinus,coatesi,1,647.607
20_80M_27N,Carcharhinidae,Carcharhinus,coatesi,1,678.19
20_80M_28N,Carcharhinidae,Carcharhinus,coatesi,1,616.422
20_80M_28N,Carcharhinidae,Carcharhinus,coatesi,1,731.368
20_80M_29N,Carcharhinidae,Carcharhinus,coatesi,1,552.492
20_80M_2F,Carcharhinidae,Carcharhinus,coatesi,1,657.374
20_80M_30N,Carcharhinidae,Carcharhinus,coatesi,1,624.854
20_80M_32N,Carcharhinidae,Carcharhinus,coatesi,1,570.91
20_80M_34N,Carcharhinidae,Carcharhinus,coatesi,1,596.112
20_80M_35N,Carcharhinidae,Carcharhinus,coatesi,1,550.103
20_80M_35N,Carcharhinidae,Carcharhinus,coatesi,1,634.116
20_80M_36N,Carcharhinidae,Carcharhinus,coatesi,1,633.118
20_80M_37N,Carcharhinidae,Carcharhinus,coatesi,1,583.118
20_80M_37N,Carcharhinidae,Carcharhinus,coatesi,1,634.483
20_80M_39N,Carcharhinidae,Carcharhinus,coatesi,1,578.738
20_80M_39N,Carcharhinidae,Carcharhinus,coatesi,1,616.228
20_80M_3F,Carcharhinidae,Carcharhinus,coatesi,1,625.272
20_80M_40N,Carcharhinidae,Carcharhinus,coatesi,1,592.925
20_80M_41N,Carcharhinidae,Carcharhinus,coatesi,1,526.167
20_80M_46N,Carcharhinidae,Carcharhinus,coatesi,1,534.659
20_80M_4F,Carcharhinidae,Carcharhinus,coatesi,1,637.422
20_80M_4N,Carcharhinidae,Carcharhinus,coatesi,1,554.299
20_80M_51F,Carcharhinidae,Carcharhinus,coatesi,1,539.492
20_80M_53F,Carcharhinidae,Carcharhinus,coatesi,1,674.454
20_80M_54F,Carcharhinidae,Carcharhinus,coatesi,1,629.351
20_80M_54N,Carcharhinidae,Carcharhinus,coatesi,1,603.063
20_80M_55N,Carcharhinidae,Carcharhinus,coatesi,1,616.618
20_80M_55N,Carcharhinidae,Carcharhinus,coatesi,1,635.09
20_80M_57N,Carcharhinidae,Carcharhinus,coatesi,1,641.229
20_80M_58N,Carcharhinidae,Carcharhinus,coatesi,1,607.942
20_80M_59N,Carcharhinidae,Carcharhinus,coatesi,1,566.575
20_80M_5N,Carcharhinidae,Carcharhinus,coatesi,1,557.964
20_80M_5N,Carcharhinidae,Carcharhinus,coatesi,1,725.532
20_80M_60F,Carcharhinidae,Carcharhinus,coatesi,1,669.883
20_80M_60N,Carcharhinidae,Carcharhinus,coatesi,1,622.885
20_80M_60N,Carcharhinidae,Carcharhinus,coatesi,1,636.679
20_80M_62F,Carcharhinidae,Carcharhinus,coatesi,1,715.743
20_80M_62N,Carcharhinidae,Carcharhinus,coatesi,1,626.206
20_80M_63N,Carcharhinidae,Carcharhinus,coatesi,1,560.907
20_80M_63N,Carcharhinidae,Carcharhinus,coatesi,1,631.519
20_80M_64N,Carcharhinidae,Carcharhinus,coatesi,1,656.489
20_80M_65N,Carcharhinidae,Carcharhinus,coatesi,1,563.456
20_80M_66N,Carcharhinidae,Carcharhinus,coatesi,1,589.935
20_80M_7F,Carcharhinidae,Carcharhinus,coatesi,1,603.771
20_80M_83F,Carcharhinidae,Carcharhinus,coatesi,1,692.575
20_80M_83N,Carcharhinidae,Carcharhinus,coatesi,1,536.371
20_80M_84N,Carcharhinidae,Carcharhinus,coatesi,1,647.022
20_80M_85N,Carcharhinidae,Carcharhinus,coatesi,1,585.738
20_80M_88N,Carcharhinidae,Carcharhinus,coatesi,1,593.137
20_80M_88N,Carcharhinidae,Carcharhinus,coatesi,1,640.823
20_80M_88N,Carcharhinidae,Carcharhinus,coatesi,1,667.178
20_80M_89N,Carcharhinidae,Carcharhinus,coatesi,1,546.893
20_80M_89N,Carcharhinidae,Carcharhinus,coatesi,1,639.87
20_80M_90N,Carcharhinidae,Carcharhinus,coatesi,1,610.296
20_80M_90N,Carcharhinidae,Carcharhinus,coatesi,1,641.144
20_80M_91N,Carcharhinidae,Carcharhinus,coatesi,1,602.867
20_80M_91N,Carcharhinidae,Carcharhinus,coatesi,1,615.567
20_80M_92N,Carcharhinidae,Carcharhinus,coatesi,1,630.307
20_80M_95F,Carcharhinidae,Carcharhinus,coatesi,1,682.798
20_80M_98F,Carcharhinidae,Carcharhinus,coatesi,1,744.54
20_80M_98N,Carcharhinidae,Carcharhinus,coatesi,1,612.148
20_80M_9F,Carcharhinidae,Carcharhinus,coatesi,1,616.855
20_80M_66N,Carcharhinidae,Carcharhinus,leucas,1,2029.144
20_80M_13N,Carcharhinidae,Carcharhinus,limbatus,1,1495.322
20_80M_29N,Carcharhinidae,Carcharhinus,limbatus,1,1865.416
20_80M_59N,Carcharhinidae,Carcharhinus,limbatus,1,1958.991
20_80M_104F,Carcharhinidae,Carcharhinus,sorrah,1,771.171
20_80M_10N,Carcharhinidae,Carcharhinus,sorrah,1,593.427
20_80M_14N,Carcharhinidae,Carcharhinus,sorrah,1,723.228
20_80M_15N,Carcharhinidae,Carcharhinus,sorrah,1,608.41
20_80M_22N,Carcharhinidae,Carcharhinus,sorrah,1,812.904
20_80M_25N,Carcharhinidae,Carcharhinus,sorrah,1,575.431
20_80M_2N,Carcharhinidae,Carcharhinus,sorrah,1,545.656
20_80M_30N,Carcharhinidae,Carcharhinus,sorrah,1,816.925
20_80M_32N,Carcharhinidae,Carcharhinus,sorrah,1,826.688
20_80M_35N,Carcharhinidae,Carcharhinus,sorrah,1,831.772
20_80M_38N,Carcharhinidae,Carcharhinus,sorrah,1,774.806
20_80M_3N,Carcharhinidae,Carcharhinus,sorrah,1,579.222
20_80M_42N,Carcharhinidae,Carcharhinus,sorrah,1,616.519
20_80M_43N,Carcharhinidae,Carcharhinus,sorrah,1,873.856
20_80M_44N,Carcharhinidae,Carcharhinus,sorrah,1,606.444
20_80M_45N,Carcharhinidae,Carcharhinus,sorrah,1,813.547
20_80M_46N,Carcharhinidae,Carcharhinus,sorrah,1,489.975
20_80M_47N,Carcharhinidae,Carcharhinus,sorrah,1,783.724
20_80M_48N,Carcharhinidae,Carcharhinus,sorrah,1,736.128
20_80M_4N,Carcharhinidae,Carcharhinus,sorrah,1,526.294
20_80M_4N,Carcharhinidae,Carcharhinus,sorrah,1,632.492
20_80M_55N,Carcharhinidae,Carcharhinus,sorrah,1,715.946
20_80M_58N,Carcharhinidae,Carcharhinus,sorrah,1,842.17
20_80M_5N,Carcharhinidae,Carcharhinus,sorrah,1,503.073
20_80M_5N,Carcharhinidae,Carcharhinus,sorrah,1,548.513
20_80M_63N,Carcharhinidae,Carcharhinus,sorrah,1,793.591
20_80M_66N,Carcharhinidae,Carcharhinus,sorrah,1,518.757
20_80M_66N,Carcharhinidae,Carcharhinus,sorrah,1,683.799
20_80M_67N,Carcharhinidae,Carcharhinus,sorrah,1,698.208
20_80M_72N,Carcharhinidae,Carcharhinus,sorrah,1,659.56
20_80M_84N,Carcharhinidae,Carcharhinus,sorrah,1,818.037
20_80M_8F,Carcharhinidae,Carcharhinus,sorrah,1,666.598
20_80M_92N,Carcharhinidae,Carcharhinus,sorrah,1,638.232
20_80M_100N,Carcharhinidae,Carcharhinus,tilstoni,1,960.512
20_80M_107N,Carcharhinidae,Carcharhinus,tilstoni,1,990.584
20_80M_24N,Carcharhinidae,Carcharhinus,tilstoni,1,1214.845
20_80M_29N,Carcharhinidae,Carcharhinus,tilstoni,1,1333.787
20_80M_29N,Carcharhinidae,Carcharhinus,tilstoni,1,1360.384
20_80M_41N,Carcharhinidae,Carcharhinus,tilstoni,1,1246.018
20_80M_53F,Carcharhinidae,Carcharhinus,tilstoni,1,1247.504
20_80M_68N,Carcharhinidae,Carcharhinus,tilstoni,1,917.705
20_80M_7N,Carcharhinidae,Carcharhinus,tilstoni,1,1084.985
20_80M_84N,Carcharhinidae,Carcharhinus,tilstoni,1,693.313
20_80M_99N,Carcharhinidae,Carcharhinus,tilstoni,1,906.169
20_80M_104N,Carcharhinidae,Galeocerdo,cuvier,1,1968.185
20_80M_113N,Carcharhinidae,Galeocerdo,cuvier,1,2662.864
20_80M_119N,Carcharhinidae,Galeocerdo,cuvier,1,1877.91
20_80M_11N,Carcharhinidae,Galeocerdo,cuvier,1,809.841
20_80M_125N,Carcharhinidae,Galeocerdo,cuvier,1,976.247
20_80M_127N,Carcharhinidae,Galeocerdo,cuvier,1,1087.401
20_80M_128N,Carcharhinidae,Galeocerdo,cuvier,1,1965.81
20_80M_133N,Carcharhinidae,Galeocerdo,cuvier,1,2462.858
20_80M_57N,Carcharhinidae,Galeocerdo,cuvier,1,1939.158
20_80M_58F,Carcharhinidae,Galeocerdo,cuvier,1,1013.866
20_80M_58N,Carcharhinidae,Galeocerdo,cuvier,1,1477.531
20_80M_61N,Carcharhinidae,Galeocerdo,cuvier,1,1371.466
20_80M_94F,Carcharhinidae,Galeocerdo,cuvier,1,933.939
20_80M_94F,Carcharhinidae,Galeocerdo,cuvier,1,1758.913
20_80M_101F,Carcharhinidae,Loxodon,macrorhinus,1,697.648
20_80M_105N,Carcharhinidae,Loxodon,macrorhinus,1,618.958
20_80M_10F,Carcharhinidae,Loxodon,macrorhinus,1,668.026
20_80M_10N,Carcharhinidae,Loxodon,macrorhinus,1,611.522
20_80M_112N,Carcharhinidae,Loxodon,macrorhinus,1,695.353
20_80M_14F,Carcharhinidae,Loxodon,macrorhinus,1,652.374
20_80M_16F,Carcharhinidae,Loxodon,macrorhinus,1,585.628
20_80M_19F,Carcharhinidae,Loxodon,macrorhinus,1,658.342
20_80M_20F,Carcharhinidae,Loxodon,macrorhinus,1,552.033
20_80M_34F,Carcharhinidae,Loxodon,macrorhinus,1,779.014
20_80M_34N,Carcharhinidae,Loxodon,macrorhinus,1,518.118
20_80M_48F,Carcharhinidae,Loxodon,macrorhinus,1,571.348
20_80M_4N,Carcharhinidae,Loxodon,macrorhinus,1,563.261
20_80M_57F,Carcharhinidae,Loxodon,macrorhinus,1,687.06
20_80M_5N,Carcharhinidae,Loxodon,macrorhinus,1,572.783
20_80M_65F,Carcharhinidae,Loxodon,macrorhinus,1,557.436
20_80M_7N,Carcharhinidae,Loxodon,macrorhinus,1,604.35
20_80M_8F,Carcharhinidae,Loxodon,macrorhinus,1,556.889
20_80M_85F,Carcharhinidae,Negaprion,acutidens,1,2327.438
20_80M_89F,Carcharhinidae,Negaprion,acutidens,1,1969.531
20_80M_89F,Carcharhinidae,Negaprion,acutidens,1,2190.846
20_80M_89F,Carcharhinidae,Negaprion,acutidens,1,1939.227
20_80M_100F,Carcharhinidae,Rhizoprionodon,acutus,1,757.327
20_80M_100N,Carcharhinidae,Rhizoprionodon,acutus,1,587.413
20_80M_101N,Carcharhinidae,Rhizoprionodon,acutus,1,639.845
20_80M_102F,Carcharhinidae,Rhizoprionodon,acutus,1,670.181
20_80M_102N,Carcharhinidae,Rhizoprionodon,acutus,1,637.409
20_80M_103F,Carcharhinidae,Rhizoprionodon,acutus,1,660.176
20_80M_103N,Carcharhinidae,Rhizoprionodon,acutus,1,630.785
20_80M_104F,Carcharhinidae,Rhizoprionodon,acutus,1,645.658
20_80M_105N,Carcharhinidae,Rhizoprionodon,acutus,1,605.887
20_80M_105N,Carcharhinidae,Rhizoprionodon,acutus,1,552.146
20_80M_105N,Carcharhinidae,Rhizoprionodon,acutus,1,638.799
20_80M_105N,Carcharhinidae,Rhizoprionodon,acutus,1,601.166
20_80M_106N,Carcharhinidae,Rhizoprionodon,acutus,1,635.887
20_80M_10F,Carcharhinidae,Rhizoprionodon,acutus,1,567.321
20_80M_110N,Carcharhinidae,Rhizoprionodon,acutus,1,647.642
20_80M_110N,Carcharhinidae,Rhizoprionodon,acutus,1,623.068
20_80M_110N,Carcharhinidae,Rhizoprionodon,acutus,1,593.516
20_80M_110N,Carcharhinidae,Rhizoprionodon,acutus,1,646.667
20_80M_111N,Carcharhinidae,Rhizoprionodon,acutus,1,633.764
20_80M_114N,Carcharhinidae,Rhizoprionodon,acutus,1,597.187
20_80M_114N,Carcharhinidae,Rhizoprionodon,acutus,1,600.89
20_80M_114N,Carcharhinidae,Rhizoprionodon,acutus,1,620.238
20_80M_116N,Carcharhinidae,Rhizoprionodon,acutus,1,638.526
20_80M_118N,Carcharhinidae,Rhizoprionodon,acutus,1,666.275
20_80M_119N,Carcharhinidae,Rhizoprionodon,acutus,1,662.2
20_80M_119N,Carcharhinidae,Rhizoprionodon,acutus,1,636.712
20_80M_119N,Carcharhinidae,Rhizoprionodon,acutus,1,634.01
20_80M_11F,Carcharhinidae,Rhizoprionodon,acutus,1,617.579
20_80M_120N,Carcharhinidae,Rhizoprionodon,acutus,1,696.001
20_80M_123N,Carcharhinidae,Rhizoprionodon,acutus,1,698.593
20_80M_123N,Carcharhinidae,Rhizoprionodon,acutus,1,635.922
20_80M_125N,Carcharhinidae,Rhizoprionodon,acutus,1,732.612
20_80M_127N,Carcharhinidae,Rhizoprionodon,acutus,1,648.195
20_80M_128N,Carcharhinidae,Rhizoprionodon,acutus,1,622.533
20_80M_129N,Carcharhinidae,Rhizoprionodon,acutus,1,667.188
20_80M_12F,Carcharhinidae,Rhizoprionodon,acutus,1,688.562
20_80M_12F,Carcharhinidae,Rhizoprionodon,acutus,1,800.03
20_80M_13N,Carcharhinidae,Rhizoprionodon,acutus,1,708.916
20_80M_14N,Carcharhinidae,Rhizoprionodon,acutus,1,649.476
20_80M_15F,Carcharhinidae,Rhizoprionodon,acutus,1,741.253
20_80M_16F,Carcharhinidae,Rhizoprionodon,acutus,1,631.793
20_80M_18F,Carcharhinidae,Rhizoprionodon,acutus,1,652.342
20_80M_19F,Carcharhinidae,Rhizoprionodon,acutus,1,536.003
20_80M_1F,Carcharhinidae,Rhizoprionodon,acutus,1,753.294
20_80M_20F,Carcharhinidae,Rhizoprionodon,acutus,1,713.495
20_80M_20F,Carcharhinidae,Rhizoprionodon,acutus,1,655.411
20_80M_21F,Carcharhinidae,Rhizoprionodon,acutus,1,714.961
20_80M_22F,Carcharhinidae,Rhizoprionodon,acutus,1,636.603
20_80M_22F,Carcharhinidae,Rhizoprionodon,acutus,1,633.587
20_80M_23F,Carcharhinidae,Rhizoprionodon,acutus,1,685.079
20_80M_24F,Carcharhinidae,Rhizoprionodon,acutus,1,645.225
20_80M_26F,Carcharhinidae,Rhizoprionodon,acutus,1,676.512
20_80M_27N,Carcharhinidae,Rhizoprionodon,acutus,1,626.503
20_80M_28N,Carcharhinidae,Rhizoprionodon,acutus,1,658.908
20_80M_29N,Carcharhinidae,Rhizoprionodon,acutus,1,670.472
20_80M_29N,Carcharhinidae,Rhizoprionodon,acutus,1,643.387
20_80M_2F,Carcharhinidae,Rhizoprionodon,acutus,1,693.551
20_80M_30N,Carcharhinidae,Rhizoprionodon,acutus,1,569.859
20_80M_31F,Carcharhinidae,Rhizoprionodon,acutus,1,750.244
20_80M_31N,Carcharhinidae,Rhizoprionodon,acutus,1,606.386
20_80M_31N,Carcharhinidae,Rhizoprionodon,acutus,1,630.393
20_80M_32F,Carcharhinidae,Rhizoprionodon,acutus,1,604.585
20_80M_33N,Carcharhinidae,Rhizoprionodon,acutus,1,670.681
20_80M_34N,Carcharhinidae,Rhizoprionodon,acutus,1,646.419
20_80M_35N,Carcharhinidae,Rhizoprionodon,acutus,1,638.005
20_80M_35N,Carcharhinidae,Rhizoprionodon,acutus,1,669.799
20_80M_36N,Carcharhinidae,Rhizoprionodon,acutus,1,587.339
20_80M_36N,Carcharhinidae,Rhizoprionodon,acutus,1,595.236
20_80M_37N,Carcharhinidae,Rhizoprionodon,acutus,1,685.535
20_80M_47F,Carcharhinidae,Rhizoprionodon,acutus,1,547.894
20_80M_47F,Carcharhinidae,Rhizoprionodon,acutus,1,484.592
20_80M_48F,Carcharhinidae,Rhizoprionodon,acutus,1,609.417
20_80M_49F,Carcharhinidae,Rhizoprionodon,acutus,1,614.786
20_80M_4F,Carcharhinidae,Rhizoprionodon,acutus,1,690.238
20_80M_4F,Carcharhinidae,Rhizoprionodon,acutus,1,653.081
20_80M_4F,Carcharhinidae,Rhizoprionodon,acutus,1,670.204
20_80M_4F,Carcharhinidae,Rhizoprionodon,acutus,1,648.959
20_80M_50F,Carcharhinidae,Rhizoprionodon,acutus,1,805.236
20_80M_53F,Carcharhinidae,Rhizoprionodon,acutus,1,558.652
20_80M_54F,Carcharhinidae,Rhizoprionodon,acutus,1,878.74
20_80M_54F,Carcharhinidae,Rhizoprionodon,acutus,1,729
20_80M_54N,Carcharhinidae,Rhizoprionodon,acutus,1,741.795
20_80M_54N,Carcharhinidae,Rhizoprionodon,acutus,1,549.577
20_80M_54N,Carcharhinidae,Rhizoprionodon,acutus,1,638.593
20_80M_54N,Carcharhinidae,Rhizoprionodon,acutus,1,640.411
20_80M_55N,Carcharhinidae,Rhizoprionodon,acutus,1,602.052
20_80M_56N,Carcharhinidae,Rhizoprionodon,acutus,1,619.263
20_80M_56N,Carcharhinidae,Rhizoprionodon,acutus,1,561.556
20_80M_57F,Carcharhinidae,Rhizoprionodon,acutus,1,698.402
20_80M_57N,Carcharhinidae,Rhizoprionodon,acutus,1,593.434
20_80M_58F,Carcharhinidae,Rhizoprionodon,acutus,1,732.74
20_80M_58F,Carcharhinidae,Rhizoprionodon,acutus,1,678.197
20_80M_59N,Carcharhinidae,Rhizoprionodon,acutus,1,653.448
20_80M_5F,Carcharhinidae,Rhizoprionodon,acutus,1,658.185
20_80M_60N,Carcharhinidae,Rhizoprionodon,acutus,1,570.235
20_80M_60N,Carcharhinidae,Rhizoprionodon,acutus,1,595.235
20_80M_60N,Carcharhinidae,Rhizoprionodon,acutus,1,609.071
20_80M_60N,Carcharhinidae,Rhizoprionodon,acutus,1,595.78
20_80M_60N,Carcharhinidae,Rhizoprionodon,acutus,1,628.712
20_80M_60N,Carcharhinidae,Rhizoprionodon,acutus,1,636.152
20_80M_60N,Carcharhinidae,Rhizoprionodon,acutus,1,644.753
20_80M_60N,Carcharhinidae,Rhizoprionodon,acutus,1,787.166
20_80M_60N,Carcharhinidae,Rhizoprionodon,acutus,1,647.733
20_80M_60N,Carcharhinidae,Rhizoprionodon,acutus,1,629.4
20_80M_61F,Carcharhinidae,Rhizoprionodon,acutus,1,649.281
20_80M_62F,Carcharhinidae,Rhizoprionodon,acutus,1,693.29
20_80M_64F,Carcharhinidae,Rhizoprionodon,acutus,1,442.706
20_80M_64N,Carcharhinidae,Rhizoprionodon,acutus,1,618.65
20_80M_64N,Carcharhinidae,Rhizoprionodon,acutus,1,683.328
20_80M_65N,Carcharhinidae,Rhizoprionodon,acutus,1,561.399
20_80M_66N,Carcharhinidae,Rhizoprionodon,acutus,1,668.84
20_80M_70F,Carcharhinidae,Rhizoprionodon,acutus,1,700.244
20_80M_74F,Carcharhinidae,Rhizoprionodon,acutus,1,689.819
20_80M_75F,Carcharhinidae,Rhizoprionodon,acutus,1,723.587
20_80M_79F,Carcharhinidae,Rhizoprionodon,acutus,1,639.203
20_80M_7F,Carcharhinidae,Rhizoprionodon,acutus,1,658.325
20_80M_88N,Carcharhinidae,Rhizoprionodon,acutus,1,661.005
20_80M_89N,Carcharhinidae,Rhizoprionodon,acutus,1,633.849
20_80M_89N,Carcharhinidae,Rhizoprionodon,acutus,1,661.636
20_80M_90N,Carcharhinidae,Rhizoprionodon,acutus,1,609.246
20_80M_91N,Carcharhinidae,Rhizoprionodon,acutus,1,659.759
20_80M_92F,Carcharhinidae,Rhizoprionodon,acutus,1,660.978
20_80M_95F,Carcharhinidae,Rhizoprionodon,acutus,1,553.216
20_80M_96F,Carcharhinidae,Rhizoprionodon,acutus,1,661.787
20_80M_97F,Carcharhinidae,Rhizoprionodon,acutus,1,635.46
20_80M_97F,Carcharhinidae,Rhizoprionodon,acutus,1,645.329
20_80M_97F,Carcharhinidae,Rhizoprionodon,acutus,1,653.076
20_80M_97F,Carcharhinidae,Rhizoprionodon,acutus,1,647.032
20_80M_98F,Carcharhinidae,Rhizoprionodon,acutus,1,679.771
20_80M_98F,Carcharhinidae,Rhizoprionodon,acutus,1,644.303
20_80M_98N,Carcharhinidae,Rhizoprionodon,acutus,1,492.186
20_80M_98N,Carcharhinidae,Rhizoprionodon,acutus,1,641.814
20_80M_99F,Carcharhinidae,Rhizoprionodon,acutus,1,661.667
20_80M_99N,Carcharhinidae,Rhizoprionodon,acutus,1,618.113
20_80M_99N,Carcharhinidae,Rhizoprionodon,acutus,1,626.583
20_80M_99N,Carcharhinidae,Rhizoprionodon,acutus,1,673.186
20_80M_9F,Carcharhinidae,Rhizoprionodon,acutus,1,602.636
20_80M_9N,Carcharhinidae,Rhizoprionodon,acutus,1,686.761
20_80M_116N,Chaetodontidae,Chaetodon,aureofasciatus,1,139.513
20_80M_18F,Chaetodontidae,Chaetodon,aureofasciatus,1,136.64
20_80M_18F,Chaetodontidae,Chaetodon,aureofasciatus,1,142.991
20_80M_34F,Chaetodontidae,Chaetodon,aureofasciatus,1,138.232
20_80M_41F,Chaetodontidae,Chaetodon,aureofasciatus,1,135.566
20_80M_41F,Chaetodontidae,Chaetodon,aureofasciatus,1,130.77
20_80M_43F,Chaetodontidae,Chaetodon,aureofasciatus,1,129.261
20_80M_7F,Chaetodontidae,Chaetodon,aureofasciatus,1,126.745
20_80M_7F,Chaetodontidae,Chaetodon,aureofasciatus,1,138.855
20_80M_116N,Chaetodontidae,Chelmon,marginalis,1,160.342
20_80M_119N,Chaetodontidae,Chelmon,marginalis,1,165.676
20_80M_119N,Chaetodontidae,Chelmon,marginalis,1,176.611
20_80M_121N,Chaetodontidae,Chelmon,marginalis,1,178.714
20_80M_121N,Chaetodontidae,Chelmon,marginalis,1,179.928
20_80M_14F,Chaetodontidae,Chelmon,marginalis,1,156.198
20_80M_17F,Chaetodontidae,Chelmon,marginalis,1,150.737
20_80M_17F,Chaetodontidae,Chelmon,marginalis,1,147.747
20_80M_18F,Chaetodontidae,Chelmon,marginalis,1,159.748
20_80M_18F,Chaetodontidae,Chelmon,marginalis,1,162.367
20_80M_22F,Chaetodontidae,Chelmon,marginalis,1,147.85
20_80M_22F,Chaetodontidae,Chelmon,marginalis,1,144.397
20_80M_29N,Chaetodontidae,Chelmon,marginalis,1,131.781
20_80M_2F,Chaetodontidae,Chelmon,marginalis,1,135.854
20_80M_2F,Chaetodontidae,Chelmon,marginalis,1,126.532
20_80M_34F,Chaetodontidae,Chelmon,marginalis,1,145.851
20_80M_34F,Chaetodontidae,Chelmon,marginalis,1,172.002
20_80M_37F,Chaetodontidae,Chelmon,marginalis,1,156.563
20_80M_37F,Chaetodontidae,Chelmon,marginalis,1,174.733
20_80M_58F,Chaetodontidae,Chelmon,marginalis,1,150.069
20_80M_5F,Chaetodontidae,Chelmon,marginalis,1,176.543
20_80M_5F,Chaetodontidae,Chelmon,marginalis,1,150.625
20_80M_61F,Chaetodontidae,Chelmon,marginalis,1,129.697
20_80M_63F,Chaetodontidae,Chelmon,marginalis,1,160.833
20_80M_63F,Chaetodontidae,Chelmon,marginalis,1,142.823
20_80M_66F,Chaetodontidae,Chelmon,marginalis,1,170.441
20_80M_6F,Chaetodontidae,Chelmon,marginalis,1,173.288
20_80M_7F,Chaetodontidae,Chelmon,marginalis,1,158.197
20_80M_7F,Chaetodontidae,Chelmon,marginalis,1,170.28
20_80M_100N,Chaetodontidae,Chelmon,muelleri,1,96.334
20_80M_101N,Chaetodontidae,Chelmon,muelleri,1,118.98
20_80M_102F,Chaetodontidae,Chelmon,muelleri,1,153.9
20_80M_102F,Chaetodontidae,Chelmon,muelleri,1,111.912
20_80M_103F,Chaetodontidae,Chelmon,muelleri,1,103.191
20_80M_103F,Chaetodontidae,Chelmon,muelleri,1,111.652
20_80M_112N,Chaetodontidae,Chelmon,muelleri,1,130.749
20_80M_112N,Chaetodontidae,Chelmon,muelleri,1,175.767
20_80M_20F,Chaetodontidae,Chelmon,muelleri,1,132.272
20_80M_20F,Chaetodontidae,Chelmon,muelleri,1,125.3
20_80M_25N,Chaetodontidae,Chelmon,muelleri,1,116.995
20_80M_27N,Chaetodontidae,Chelmon,muelleri,1,130.144
20_80M_29N,Chaetodontidae,Chelmon,muelleri,1,127.545
20_80M_29N,Chaetodontidae,Chelmon,muelleri,1,130.203
20_80M_38N,Chaetodontidae,Chelmon,muelleri,1,130.301
20_80M_39N,Chaetodontidae,Chelmon,muelleri,1,117.392
20_80M_53F,Chaetodontidae,Chelmon,muelleri,1,106.76
20_80M_53F,Chaetodontidae,Chelmon,muelleri,1,102.35
20_80M_5N,Chaetodontidae,Chelmon,muelleri,1,127.632
20_80M_63N,Chaetodontidae,Chelmon,muelleri,1,130.472
20_80M_63N,Chaetodontidae,Chelmon,muelleri,1,126.519
20_80M_66N,Chaetodontidae,Chelmon,muelleri,1,129.84
20_80M_7F,Chaetodontidae,Chelmon,muelleri,1,148.216
20_80M_7F,Chaetodontidae,Chelmon,muelleri,1,150.355
20_80M_106N,Chaetodontidae,Coradion,chrysozonus,1,76.234
20_80M_106N,Chaetodontidae,Coradion,chrysozonus,1,121.14
20_80M_110N,Chaetodontidae,Coradion,chrysozonus,1,112.812
20_80M_112N,Chaetodontidae,Coradion,chrysozonus,1,112.439
20_80M_11F,Chaetodontidae,Coradion,chrysozonus,1,125.654
20_80M_121N,Chaetodontidae,Coradion,chrysozonus,1,185.567
20_80M_123N,Chaetodontidae,Coradion,chrysozonus,1,128.503
20_80M_128N,Chaetodontidae,Coradion,chrysozonus,1,88.868
20_80M_14F,Chaetodontidae,Coradion,chrysozonus,1,145.296
20_80M_22F,Chaetodontidae,Coradion,chrysozonus,1,124.459
20_80M_22F,Chaetodontidae,Coradion,chrysozonus,1,144.81
20_80M_28N,Chaetodontidae,Coradion,chrysozonus,1,126.314
20_80M_29N,Chaetodontidae,Coradion,chrysozonus,1,117.522
20_80M_29N,Chaetodontidae,Coradion,chrysozonus,1,144.082
20_80M_2F,Chaetodontidae,Coradion,chrysozonus,1,122.353
20_80M_34F,Chaetodontidae,Coradion,chrysozonus,1,181.969
20_80M_34F,Chaetodontidae,Coradion,chrysozonus,1,144.749
20_80M_36N,Chaetodontidae,Coradion,chrysozonus,1,144.978
20_80M_36N,Chaetodontidae,Coradion,chrysozonus,1,129.282
20_80M_37F,Chaetodontidae,Coradion,chrysozonus,1,177.719
20_80M_37F,Chaetodontidae,Coradion,chrysozonus,1,196.595
20_80M_43F,Chaetodontidae,Coradion,chrysozonus,1,160.991
20_80M_50F,Chaetodontidae,Coradion,chrysozonus,1,125.653
20_80M_61F,Chaetodontidae,Coradion,chrysozonus,1,147.706
20_80M_63F,Chaetodontidae,Coradion,chrysozonus,1,154.706
20_80M_65N,Chaetodontidae,Coradion,chrysozonus,1,126.745
20_80M_7F,Chaetodontidae,Coradion,chrysozonus,1,147.654
20_80M_7F,Chaetodontidae,Coradion,chrysozonus,1,159.892
20_80M_88F,Chaetodontidae,Coradion,chrysozonus,1,134.741
20_80M_97F,Chaetodontidae,Coradion,chrysozonus,1,135.057
20_80M_37F,Chaetodontidae,Heniochus,acuminatus,1,158.697
20_80M_31F,Clupeidae,Amblygaster,sirm,1,186.788
20_80M_79F,Dasyatidae,Himantura,australis,1,1290.616
20_80M_18F,Dasyatidae,Himantura,leoparda,1,1221.699
20_80M_119N,Dasyatidae,Neotrygon,australiae,1,262.547
20_80M_27F,Dasyatidae,Neotrygon,australiae,1,236.77
20_80M_37F,Dasyatidae,Neotrygon,australiae,1,345.861
20_80M_67F,Dasyatidae,Neotrygon,australiae,1,296.709
20_80M_77F,Dasyatidae,Neotrygon,australiae,1,258.067
20_80M_90F,Dasyatidae,Neotrygon,australiae,1,295.436
20_80M_13F,Dasyatidae,Pateobatis,fai,1,1084.74
20_80M_23N,Dasyatidae,Pateobatis,fai,1,1227.687
20_80M_88N,Dasyatidae,Taeniurops,meyeni,1,1197.201
20_80M_14N,Diodontidae,Diodon,hystrix,1,62.172
20_80M_55F,Diodontidae,Tragulichthys,jaculiferus,1,163.511
20_80M_100F,Echeneidae,Echeneis,naucrates,1,640.347
20_80M_100F,Echeneidae,Echeneis,naucrates,1,746.98
20_80M_100N,Echeneidae,Echeneis,naucrates,1,158.505
20_80M_101N,Echeneidae,Echeneis,naucrates,1,328.569
20_80M_104N,Echeneidae,Echeneis,naucrates,1,563.65
20_80M_107N,Echeneidae,Echeneis,naucrates,1,160.359
20_80M_107N,Echeneidae,Echeneis,naucrates,1,240.017
20_80M_107N,Echeneidae,Echeneis,naucrates,1,244.071
20_80M_110N,Echeneidae,Echeneis,naucrates,1,177.952
20_80M_112N,Echeneidae,Echeneis,naucrates,1,408.998
20_80M_113N,Echeneidae,Echeneis,naucrates,1,222.656
20_80M_113N,Echeneidae,Echeneis,naucrates,1,439.662
20_80M_12F,Echeneidae,Echeneis,naucrates,1,240.137
20_80M_12F,Echeneidae,Echeneis,naucrates,1,313.578
20_80M_133N,Echeneidae,Echeneis,naucrates,1,248.75
20_80M_133N,Echeneidae,Echeneis,naucrates,1,204.786
20_80M_16N,Echeneidae,Echeneis,naucrates,1,312.487
20_80M_17F,Echeneidae,Echeneis,naucrates,1,522.57
20_80M_18N,Echeneidae,Echeneis,naucrates,1,184.796
20_80M_19F,Echeneidae,Echeneis,naucrates,1,251.513
20_80M_19F,Echeneidae,Echeneis,naucrates,1,198.072
20_80M_20N,Echeneidae,Echeneis,naucrates,1,329.365
20_80M_24N,Echeneidae,Echeneis,naucrates,1,380.804
20_80M_27F,Echeneidae,Echeneis,naucrates,1,704.249
20_80M_2N,Echeneidae,Echeneis,naucrates,1,93.039
20_80M_31N,Echeneidae,Echeneis,naucrates,1,237.742
20_80M_35F,Echeneidae,Echeneis,naucrates,1,856.537
20_80M_37F,Echeneidae,Echeneis,naucrates,1,638.531
20_80M_37N,Echeneidae,Echeneis,naucrates,1,95.067
20_80M_3F,Echeneidae,Echeneis,naucrates,1,183.751
20_80M_3N,Echeneidae,Echeneis,naucrates,1,172.5
20_80M_43F,Echeneidae,Echeneis,naucrates,1,308.703
20_80M_43F,Echeneidae,Echeneis,naucrates,1,278.537
20_80M_44F,Echeneidae,Echeneis,naucrates,1,157.329
20_80M_46F,Echeneidae,Echeneis,naucrates,1,386.101
20_80M_47F,Echeneidae,Echeneis,naucrates,1,698.714
20_80M_48N,Echeneidae,Echeneis,naucrates,1,258.124
20_80M_48N,Echeneidae,Echeneis,naucrates,1,242.589
20_80M_4N,Echeneidae,Echeneis,naucrates,1,278.027
20_80M_50F,Echeneidae,Echeneis,naucrates,1,455.262
20_80M_53F,Echeneidae,Echeneis,naucrates,1,159.865
20_80M_53N,Echeneidae,Echeneis,naucrates,1,351.579
20_80M_54F,Echeneidae,Echeneis,naucrates,1,198.423
20_80M_55F,Echeneidae,Echeneis,naucrates,1,196.287
20_80M_55F,Echeneidae,Echeneis,naucrates,1,297.259
20_80M_55N,Echeneidae,Echeneis,naucrates,1,407.479
20_80M_59N,Echeneidae,Echeneis,naucrates,1,334.185
20_80M_59N,Echeneidae,Echeneis,naucrates,1,250.838
20_80M_61F,Echeneidae,Echeneis,naucrates,1,225.361
20_80M_62N,Echeneidae,Echeneis,naucrates,1,328.625
20_80M_66F,Echeneidae,Echeneis,naucrates,1,551.281
20_80M_66N,Echeneidae,Echeneis,naucrates,1,138.009
20_80M_68F,Echeneidae,Echeneis,naucrates,1,360.466
20_80M_68F,Echeneidae,Echeneis,naucrates,1,281.513
20_80M_68N,Echeneidae,Echeneis,naucrates,1,380.558
20_80M_68N,Echeneidae,Echeneis,naucrates,1,330.296
20_80M_70F,Echeneidae,Echeneis,naucrates,1,728.899
20_80M_70F,Echeneidae,Echeneis,naucrates,1,659.997
20_80M_74F,Echeneidae,Echeneis,naucrates,1,277.271
20_80M_75F,Echeneidae,Echeneis,naucrates,1,279.162
20_80M_75F,Echeneidae,Echeneis,naucrates,1,172.023
20_80M_76F,Echeneidae,Echeneis,naucrates,1,270.7
20_80M_7N,Echeneidae,Echeneis,naucrates,1,178.776
20_80M_81F,Echeneidae,Echeneis,naucrates,1,226.562
20_80M_85F,Echeneidae,Echeneis,naucrates,1,395.053
20_80M_85F,Echeneidae,Echeneis,naucrates,1,181.096
20_80M_85F,Echeneidae,Echeneis,naucrates,1,332.072
20_80M_87N,Echeneidae,Echeneis,naucrates,1,97.634
20_80M_89F,Echeneidae,Echeneis,naucrates,1,338.799
20_80M_89F,Echeneidae,Echeneis,naucrates,1,321.155
20_80M_89F,Echeneidae,Echeneis,naucrates,1,298.605
20_80M_90N,Echeneidae,Echeneis,naucrates,1,281.559
20_80M_92N,Echeneidae,Echeneis,naucrates,1,446.965
20_80M_97F,Echeneidae,Echeneis,naucrates,1,180.637
20_80M_97N,Echeneidae,Echeneis,naucrates,1,157.386
20_80M_98N,Echeneidae,Echeneis,naucrates,1,207.19
20_80M_99F,Echeneidae,Echeneis,naucrates,1,289.582
20_80M_99N,Echeneidae,Echeneis,naucrates,1,176.627
20_80M_9N,Echeneidae,Echeneis,naucrates,1,695.282
20_80M_5F,Elopidae,Elops,hawaiensis,1,900.904
20_80M_37F,Ephippidae,Platax,batavianus,1,597.709
20_80M_6F,Ephippidae,Platax,batavianus,1,574.749
20_80M_89F,Ephippidae,Platax,batavianus,1,249.954
20_80M_35F,Ephippidae,Platax,orbicularis,1,210.114
20_80M_48N,Ginglymostomatidae,Nebrius,ferrugineus,1,1812.369
20_80M_101N,Glaucosomatidae,Glaucosoma,magnificum,1,153.348
20_80M_106N,Glaucosomatidae,Glaucosoma,magnificum,1,169.418
20_80M_106N,Glaucosomatidae,Glaucosoma,magnificum,1,158.916
20_80M_112N,Glaucosomatidae,Glaucosoma,magnificum,1,217.486
20_80M_112N,Glaucosomatidae,Glaucosoma,magnificum,1,196.74
20_80M_114N,Glaucosomatidae,Glaucosoma,magnificum,1,198.864
20_80M_116N,Glaucosomatidae,Glaucosoma,magnificum,1,199.215
20_80M_116N,Glaucosomatidae,Glaucosoma,magnificum,1,180.348
20_80M_132N,Glaucosomatidae,Glaucosoma,magnificum,1,229.06
20_80M_132N,Glaucosomatidae,Glaucosoma,magnificum,1,214.325
20_80M_35F,Glaucosomatidae,Glaucosoma,magnificum,1,224.466
20_80M_36N,Glaucosomatidae,Glaucosoma,magnificum,1,216.806
20_80M_36N,Glaucosomatidae,Glaucosoma,magnificum,1,202.86
20_80M_37F,Glaucosomatidae,Glaucosoma,magnificum,1,229.252
20_80M_37F,Glaucosomatidae,Glaucosoma,magnificum,1,210.209
20_80M_37F,Glaucosomatidae,Glaucosoma,magnificum,1,205.846
20_80M_37F,Glaucosomatidae,Glaucosoma,magnificum,1,205.447
20_80M_37F,Glaucosomatidae,Glaucosoma,magnificum,1,223.993
20_80M_37F,Glaucosomatidae,Glaucosoma,magnificum,1,250.467
20_80M_37F,Glaucosomatidae,Glaucosoma,magnificum,1,207.84
20_80M_37F,Glaucosomatidae,Glaucosoma,magnificum,1,239.163
20_80M_37F,Glaucosomatidae,Glaucosoma,magnificum,1,184.107
20_80M_37F,Glaucosomatidae,Glaucosoma,magnificum,1,236.562
20_80M_37F,Glaucosomatidae,Glaucosoma,magnificum,1,234.829
20_80M_37F,Glaucosomatidae,Glaucosoma,magnificum,1,215.236
20_80M_37F,Glaucosomatidae,Glaucosoma,magnificum,1,191.281
20_80M_37F,Glaucosomatidae,Glaucosoma,magnificum,1,198.298
20_80M_37F,Glaucosomatidae,Glaucosoma,magnificum,1,207.835
20_80M_60N,Glaucosomatidae,Glaucosoma,magnificum,1,142.879
20_80M_60N,Glaucosomatidae,Glaucosoma,magnificum,1,161.192
20_80M_88N,Glaucosomatidae,Glaucosoma,magnificum,1,154.655
20_80M_9N,Glaucosomatidae,Glaucosoma,magnificum,1,248.105
20_80M_3F,Glaucostegidae,Glaucostegus,typus,1,2544.9
20_80M_55N,Glaucostegidae,Glaucostegus,typus,1,2169.343
20_80M_45F,Gobiidae,Amblyeleotris,periophthalma,1,42.045
20_80M_45F,Gobiidae,Amblyeleotris,periophthalma,1,38.482
20_80M_45F,Gobiidae,Amblyeleotris,periophthalma,1,54.813
20_80M_31F,Gobiidae,Amblyeleotris,wheeleri,1,51.526
20_80M_61N,Gobiidae,Gobiidae,spp,1,75.721
20_80M_69F,Gobiidae,Gobiidae,spp,1,55.797
20_80M_132N,Grammistidae,Diploprion,bifasciatum,1,240.431
20_80M_36N,Grammistidae,Diploprion,bifasciatum,1,161.952
20_80M_36N,Grammistidae,Diploprion,bifasciatum,1,163.367
20_80M_36N,Grammistidae,Diploprion,bifasciatum,1,204.909
20_80M_36N,Grammistidae,Diploprion,bifasciatum,1,188.241
20_80M_37F,Grammistidae,Diploprion,bifasciatum,1,209.305
20_80M_106N,Haemulidae,Diagramma,pictum,1,163.338
20_80M_106N,Haemulidae,Diagramma,pictum,1,181.851
20_80M_106N,Haemulidae,Diagramma,pictum,1,214.312
20_80M_112N,Haemulidae,Diagramma,pictum,1,313.563
20_80M_112N,Haemulidae,Diagramma,pictum,1,300.837
20_80M_112N,Haemulidae,Diagramma,pictum,1,298.645
20_80M_119N,Haemulidae,Diagramma,pictum,1,314.779
20_80M_119N,Haemulidae,Diagramma,pictum,1,299.279
20_80M_121N,Haemulidae,Diagramma,pictum,1,347.139
20_80M_121N,Haemulidae,Diagramma,pictum,1,318.75
20_80M_132N,Haemulidae,Diagramma,pictum,1,360.665
20_80M_132N,Haemulidae,Diagramma,pictum,1,352.003
20_80M_133N,Haemulidae,Diagramma,pictum,1,394.889
20_80M_133N,Haemulidae,Diagramma,pictum,1,401.881
20_80M_133N,Haemulidae,Diagramma,pictum,1,427.961
20_80M_18F,Haemulidae,Diagramma,pictum,1,336.707
20_80M_33N,Haemulidae,Diagramma,pictum,1,268.668
20_80M_33N,Haemulidae,Diagramma,pictum,1,311.466
20_80M_34F,Haemulidae,Diagramma,pictum,1,286.595
20_80M_34F,Haemulidae,Diagramma,pictum,1,379.217
20_80M_35F,Haemulidae,Diagramma,pictum,1,360.834
20_80M_35F,Haemulidae,Diagramma,pictum,1,292.328
20_80M_36F,Haemulidae,Diagramma,pictum,1,333.675
20_80M_36N,Haemulidae,Diagramma,pictum,1,283.95
20_80M_36N,Haemulidae,Diagramma,pictum,1,244.095
20_80M_64F,Haemulidae,Diagramma,pictum,1,375.049
20_80M_65N,Haemulidae,Diagramma,pictum,1,437.456
20_80M_66F,Haemulidae,Diagramma,pictum,1,361.878
20_80M_6F,Haemulidae,Diagramma,pictum,1,386.543
20_80M_7F,Haemulidae,Diagramma,pictum,1,331.354
20_80M_7F,Haemulidae,Diagramma,pictum,1,276.44
20_80M_7F,Haemulidae,Diagramma,pictum,1,266.082
20_80M_9N,Haemulidae,Diagramma,pictum,1,232.426
20_80M_9N,Haemulidae,Diagramma,pictum,1,246.621
20_80M_132N,Haemulidae,Plectorhinchus,gibbosus,1,458.202
20_80M_132N,Haemulidae,Plectorhinchus,gibbosus,1,381.257
20_80M_41F,Haemulidae,Plectorhinchus,gibbosus,1,523.979
20_80M_132N,Haemulidae,Plectorhinchus,multivittatus,1,383.144
20_80M_34F,Haemulidae,Plectorhinchus,multivittatus,1,338.216
20_80M_37F,Haemulidae,Plectorhinchus,multivittatus,1,383.253
20_80M_129N,Hemigaleidae,Hemigaleus,australiensis,1,746.309
20_80M_13F,Hemigaleidae,Hemigaleus,australiensis,1,749.744
20_80M_14F,Hemigaleidae,Hemigaleus,australiensis,1,757.718
20_80M_14N,Hemigaleidae,Hemigaleus,australiensis,1,809.081
20_80M_1F,Hemigaleidae,Hemigaleus,australiensis,1,782.284
20_80M_22F,Hemigaleidae,Hemigaleus,australiensis,1,788.321
20_80M_28N,Hemigaleidae,Hemigaleus,australiensis,1,782.054
20_80M_36N,Hemigaleidae,Hemigaleus,australiensis,1,614.101
20_80M_3F,Hemigaleidae,Hemigaleus,australiensis,1,742.622
20_80M_42F,Hemigaleidae,Hemigaleus,australiensis,1,683.128
20_80M_48F,Hemigaleidae,Hemigaleus,australiensis,1,677.28
20_80M_4N,Hemigaleidae,Hemigaleus,australiensis,1,581.3
20_80M_59N,Hemigaleidae,Hemigaleus,australiensis,1,770.782
20_80M_62N,Hemigaleidae,Hemigaleus,australiensis,1,807.579
20_80M_63F,Hemigaleidae,Hemigaleus,australiensis,1,680.76
20_80M_64F,Hemigaleidae,Hemigaleus,australiensis,1,793.944
20_80M_65F,Hemigaleidae,Hemigaleus,australiensis,1,761.909
20_80M_66N,Hemigaleidae,Hemigaleus,australiensis,1,647.803
20_80M_67F,Hemigaleidae,Hemigaleus,australiensis,1,736.251
20_80M_71F,Hemigaleidae,Hemigaleus,australiensis,1,810.793
20_80M_71F,Hemigaleidae,Hemigaleus,australiensis,1,769.82
20_80M_76F,Hemigaleidae,Hemigaleus,australiensis,1,853.428
20_80M_7N,Hemigaleidae,Hemigaleus,australiensis,1,678.178
20_80M_82F,Hemigaleidae,Hemigaleus,australiensis,1,802.857
20_80M_87F,Hemigaleidae,Hemigaleus,australiensis,1,811.872
20_80M_89F,Hemigaleidae,Hemigaleus,australiensis,1,784.045
20_80M_93F,Hemigaleidae,Hemigaleus,australiensis,1,777.847
20_80M_9N,Hemigaleidae,Hemigaleus,australiensis,1,715.832
20_80M_101F,Hemiscylliidae,Chiloscyllium,punctatum,1,600.616
20_80M_119N,Hemiscylliidae,Chiloscyllium,punctatum,1,617.465
20_80M_13F,Hemiscylliidae,Chiloscyllium,punctatum,1,712.316
20_80M_34F,Hemiscylliidae,Chiloscyllium,punctatum,1,604.773
20_80M_35F,Hemiscylliidae,Chiloscyllium,punctatum,1,601.696
20_80M_40F,Hemiscylliidae,Chiloscyllium,punctatum,1,710.395
20_80M_44F,Hemiscylliidae,Chiloscyllium,punctatum,1,689.199
20_80M_47F,Hemiscylliidae,Chiloscyllium,punctatum,1,664.939
20_80M_49F,Hemiscylliidae,Chiloscyllium,punctatum,1,673.623
20_80M_4F,Hemiscylliidae,Chiloscyllium,punctatum,1,840.667
20_80M_4F,Hemiscylliidae,Chiloscyllium,punctatum,1,736.614
20_80M_59N,Hemiscylliidae,Chiloscyllium,punctatum,1,672.184
20_80M_6F,Hemiscylliidae,Chiloscyllium,punctatum,1,553.314
20_80M_78F,Hemiscylliidae,Chiloscyllium,punctatum,1,649.381
20_80M_86F,Hemiscylliidae,Chiloscyllium,punctatum,1,646.946
20_80M_88N,Hemiscylliidae,Chiloscyllium,punctatum,1,652.461
20_80M_112N,Labridae,Anampses,lennardi,1,212.06
20_80M_112N,Labridae,Anampses,lennardi,1,189.268
20_80M_116N,Labridae,Anampses,lennardi,1,245.506
20_80M_119N,Labridae,Anampses,lennardi,1,288.116
20_80M_121N,Labridae,Anampses,lennardi,1,295.619
20_80M_123N,Labridae,Anampses,lennardi,1,280.27
20_80M_125N,Labridae,Anampses,lennardi,1,188.303
20_80M_17F,Labridae,Anampses,lennardi,1,213.326
20_80M_18F,Labridae,Anampses,lennardi,1,260.237
20_80M_22F,Labridae,Anampses,lennardi,1,174.953
20_80M_22F,Labridae,Anampses,lennardi,1,219.163
20_80M_26N,Labridae,Anampses,lennardi,1,182.774
20_80M_27F,Labridae,Anampses,lennardi,1,233.235
20_80M_27F,Labridae,Anampses,lennardi,1,221.951
20_80M_29N,Labridae,Anampses,lennardi,1,210.512
20_80M_33N,Labridae,Anampses,lennardi,1,234.965
20_80M_34F,Labridae,Anampses,lennardi,1,213.545
20_80M_34F,Labridae,Anampses,lennardi,1,211.001
20_80M_35F,Labridae,Anampses,lennardi,1,181.668
20_80M_35F,Labridae,Anampses,lennardi,1,234.263
20_80M_35F,Labridae,Anampses,lennardi,1,255.028
20_80M_66N,Labridae,Anampses,lennardi,1,173.71
20_80M_77F,Labridae,Anampses,lennardi,1,248.215
20_80M_80F,Labridae,Anampses,lennardi,1,250.779
20_80M_86N,Labridae,Anampses,lennardi,1,174.154
20_80M_86N,Labridae,Anampses,lennardi,1,171.49
20_80M_87N,Labridae,Anampses,lennardi,1,190.288
20_80M_87N,Labridae,Anampses,lennardi,1,181.764
20_80M_88F,Labridae,Anampses,lennardi,1,178.819
20_80M_90F,Labridae,Anampses,lennardi,1,298.968
20_80M_47F,Labridae,Cheilinus,chlorourus,1,54.343
20_80M_8F,Labridae,Cheilio,inermis,1,328.72
20_80M_101N,Labridae,Choerodon,cauteroma,1,218.653
20_80M_101N,Labridae,Choerodon,cauteroma,1,179.593
20_80M_106N,Labridae,Choerodon,cauteroma,1,185.896
20_80M_10N,Labridae,Choerodon,cauteroma,1,207.621
20_80M_10N,Labridae,Choerodon,cauteroma,1,218.78
20_80M_10N,Labridae,Choerodon,cauteroma,1,188.778
20_80M_112N,Labridae,Choerodon,cauteroma,1,235.169
20_80M_112N,Labridae,Choerodon,cauteroma,1,235.333
20_80M_112N,Labridae,Choerodon,cauteroma,1,312.315
20_80M_114N,Labridae,Choerodon,cauteroma,1,252.523
20_80M_119N,Labridae,Choerodon,cauteroma,1,317.647
20_80M_119N,Labridae,Choerodon,cauteroma,1,258.226
20_80M_119N,Labridae,Choerodon,cauteroma,1,271.164
20_80M_121N,Labridae,Choerodon,cauteroma,1,249.066
20_80M_121N,Labridae,Choerodon,cauteroma,1,256.609
20_80M_121N,Labridae,Choerodon,cauteroma,1,257.203
20_80M_122N,Labridae,Choerodon,cauteroma,1,374.503
20_80M_123N,Labridae,Choerodon,cauteroma,1,254.899
20_80M_123N,Labridae,Choerodon,cauteroma,1,282.738
20_80M_125N,Labridae,Choerodon,cauteroma,1,332.121
20_80M_130N,Labridae,Choerodon,cauteroma,1,266.525
20_80M_132N,Labridae,Choerodon,cauteroma,1,273.151
20_80M_132N,Labridae,Choerodon,cauteroma,1,270.177
20_80M_133N,Labridae,Choerodon,cauteroma,1,288.928
20_80M_14F,Labridae,Choerodon,cauteroma,1,218.251
20_80M_14F,Labridae,Choerodon,cauteroma,1,231.592
20_80M_14F,Labridae,Choerodon,cauteroma,1,231.924
20_80M_14F,Labridae,Choerodon,cauteroma,1,216.125
20_80M_14F,Labridae,Choerodon,cauteroma,1,213.67
20_80M_17F,Labridae,Choerodon,cauteroma,1,204.809
20_80M_17F,Labridae,Choerodon,cauteroma,1,196.711
20_80M_18F,Labridae,Choerodon,cauteroma,1,305.776
20_80M_18F,Labridae,Choerodon,cauteroma,1,295.356
20_80M_18F,Labridae,Choerodon,cauteroma,1,227.163
20_80M_19N,Labridae,Choerodon,cauteroma,1,173.18
20_80M_22F,Labridae,Choerodon,cauteroma,1,199.175
20_80M_22F,Labridae,Choerodon,cauteroma,1,210.964
20_80M_23F,Labridae,Choerodon,cauteroma,1,238.579
20_80M_26N,Labridae,Choerodon,cauteroma,1,199.639
20_80M_26N,Labridae,Choerodon,cauteroma,1,192.432
20_80M_26N,Labridae,Choerodon,cauteroma,1,320.553
20_80M_26N,Labridae,Choerodon,cauteroma,1,190.808
20_80M_27F,Labridae,Choerodon,cauteroma,1,266.313
20_80M_27F,Labridae,Choerodon,cauteroma,1,227.957
20_80M_27N,Labridae,Choerodon,cauteroma,1,315.95
20_80M_27N,Labridae,Choerodon,cauteroma,1,342.57
20_80M_28N,Labridae,Choerodon,cauteroma,1,192.912
20_80M_29F,Labridae,Choerodon,cauteroma,1,338.214
20_80M_29N,Labridae,Choerodon,cauteroma,1,197.659
20_80M_29N,Labridae,Choerodon,cauteroma,1,177.781
20_80M_2F,Labridae,Choerodon,cauteroma,1,208.772
20_80M_2F,Labridae,Choerodon,cauteroma,1,187.472
20_80M_2F,Labridae,Choerodon,cauteroma,1,205.581
20_80M_2F,Labridae,Choerodon,cauteroma,1,198.749
20_80M_2F,Labridae,Choerodon,cauteroma,1,194.178
20_80M_31F,Labridae,Choerodon,cauteroma,1,250.492
20_80M_33F,Labridae,Choerodon,cauteroma,1,181.965
20_80M_33F,Labridae,Choerodon,cauteroma,1,269.836
20_80M_33N,Labridae,Choerodon,cauteroma,1,251.723
20_80M_33N,Labridae,Choerodon,cauteroma,1,253.209
20_80M_34F,Labridae,Choerodon,cauteroma,1,251.653
20_80M_34F,Labridae,Choerodon,cauteroma,1,281.83
20_80M_35F,Labridae,Choerodon,cauteroma,1,239.685
20_80M_35N,Labridae,Choerodon,cauteroma,1,307.427
20_80M_35N,Labridae,Choerodon,cauteroma,1,243.378
20_80M_35N,Labridae,Choerodon,cauteroma,1,227.657
20_80M_36F,Labridae,Choerodon,cauteroma,1,254.054
20_80M_36N,Labridae,Choerodon,cauteroma,1,175.984
20_80M_36N,Labridae,Choerodon,cauteroma,1,351.578
20_80M_36N,Labridae,Choerodon,cauteroma,1,189.004
20_80M_36N,Labridae,Choerodon,cauteroma,1,192.804
20_80M_37F,Labridae,Choerodon,cauteroma,1,274.895
20_80M_37F,Labridae,Choerodon,cauteroma,1,229.913
20_80M_37N,Labridae,Choerodon,cauteroma,1,200.717
20_80M_37N,Labridae,Choerodon,cauteroma,1,205.073
20_80M_39N,Labridae,Choerodon,cauteroma,1,193.504
20_80M_39N,Labridae,Choerodon,cauteroma,1,185.291
20_80M_3F,Labridae,Choerodon,cauteroma,1,254.966
20_80M_40F,Labridae,Choerodon,cauteroma,1,248.138
20_80M_40F,Labridae,Choerodon,cauteroma,1,263.326
20_80M_41F,Labridae,Choerodon,cauteroma,1,262.778
20_80M_42F,Labridae,Choerodon,cauteroma,1,280.037
20_80M_43F,Labridae,Choerodon,cauteroma,1,349.784
20_80M_45F,Labridae,Choerodon,cauteroma,1,288.513
20_80M_46F,Labridae,Choerodon,cauteroma,1,298.427
20_80M_49F,Labridae,Choerodon,cauteroma,1,297.147
20_80M_4F,Labridae,Choerodon,cauteroma,1,172.326
20_80M_50F,Labridae,Choerodon,cauteroma,1,152.134
20_80M_58F,Labridae,Choerodon,cauteroma,1,300.452
20_80M_58F,Labridae,Choerodon,cauteroma,1,254.276
20_80M_5F,Labridae,Choerodon,cauteroma,1,254.15
20_80M_5F,Labridae,Choerodon,cauteroma,1,213.122
20_80M_60N,Labridae,Choerodon,cauteroma,1,200.566
20_80M_61F,Labridae,Choerodon,cauteroma,1,193.179
20_80M_63F,Labridae,Choerodon,cauteroma,1,313.414
20_80M_64F,Labridae,Choerodon,cauteroma,1,398.024
20_80M_64F,Labridae,Choerodon,cauteroma,1,248.992
20_80M_64N,Labridae,Choerodon,cauteroma,1,246.86
20_80M_65N,Labridae,Choerodon,cauteroma,1,385.726
20_80M_66F,Labridae,Choerodon,cauteroma,1,290.393
20_80M_66F,Labridae,Choerodon,cauteroma,1,310.915
20_80M_66N,Labridae,Choerodon,cauteroma,1,181.251
20_80M_67F,Labridae,Choerodon,cauteroma,1,378.937
20_80M_6F,Labridae,Choerodon,cauteroma,1,231.416
20_80M_6F,Labridae,Choerodon,cauteroma,1,262.081
20_80M_6F,Labridae,Choerodon,cauteroma,1,249.615
20_80M_76F,Labridae,Choerodon,cauteroma,1,258.512
20_80M_76F,Labridae,Choerodon,cauteroma,1,248.366
20_80M_77F,Labridae,Choerodon,cauteroma,1,240.252
20_80M_77F,Labridae,Choerodon,cauteroma,1,246.3
20_80M_77F,Labridae,Choerodon,cauteroma,1,256.705
20_80M_78F,Labridae,Choerodon,cauteroma,1,310.996
20_80M_79F,Labridae,Choerodon,cauteroma,1,289.155
20_80M_7F,Labridae,Choerodon,cauteroma,1,243.237
20_80M_7F,Labridae,Choerodon,cauteroma,1,235.699
20_80M_7F,Labridae,Choerodon,cauteroma,1,251.482
20_80M_7N,Labridae,Choerodon,cauteroma,1,264.987
20_80M_80F,Labridae,Choerodon,cauteroma,1,244.787
20_80M_80F,Labridae,Choerodon,cauteroma,1,257.156
20_80M_80F,Labridae,Choerodon,cauteroma,1,278.523
20_80M_81F,Labridae,Choerodon,cauteroma,1,278.534
20_80M_82F,Labridae,Choerodon,cauteroma,1,239.615
20_80M_82F,Labridae,Choerodon,cauteroma,1,254.703
20_80M_83F,Labridae,Choerodon,cauteroma,1,285.538
20_80M_83F,Labridae,Choerodon,cauteroma,1,243.623
20_80M_85F,Labridae,Choerodon,cauteroma,1,310.397
20_80M_85F,Labridae,Choerodon,cauteroma,1,296.468
20_80M_85F,Labridae,Choerodon,cauteroma,1,297.784
20_80M_87N,Labridae,Choerodon,cauteroma,1,188.742
20_80M_87N,Labridae,Choerodon,cauteroma,1,219.049
20_80M_88F,Labridae,Choerodon,cauteroma,1,272.907
20_80M_88F,Labridae,Choerodon,cauteroma,1,333.267
20_80M_88N,Labridae,Choerodon,cauteroma,1,221.653
20_80M_89F,Labridae,Choerodon,cauteroma,1,271.396
20_80M_90F,Labridae,Choerodon,cauteroma,1,307.394
20_80M_90N,Labridae,Choerodon,cauteroma,1,182.049
20_80M_91F,Labridae,Choerodon,cauteroma,1,229.414
20_80M_91F,Labridae,Choerodon,cauteroma,1,236.514
20_80M_93F,Labridae,Choerodon,cauteroma,1,350.954
20_80M_97F,Labridae,Choerodon,cauteroma,1,344.18
20_80M_9N,Labridae,Choerodon,cauteroma,1,186.218
20_80M_9N,Labridae,Choerodon,cauteroma,1,221.465
20_80M_9N,Labridae,Choerodon,cauteroma,1,191.807
20_80M_100F,Labridae,Choerodon,cephalotes,1,259.868
20_80M_100F,Labridae,Choerodon,cephalotes,1,273.593
20_80M_100N,Labridae,Choerodon,cephalotes,1,207.883
20_80M_100N,Labridae,Choerodon,cephalotes,1,193.559
20_80M_101F,Labridae,Choerodon,cephalotes,1,288.817
20_80M_101N,Labridae,Choerodon,cephalotes,1,231.108
20_80M_102F,Labridae,Choerodon,cephalotes,1,200.36
20_80M_103F,Labridae,Choerodon,cephalotes,1,279.518
20_80M_103F,Labridae,Choerodon,cephalotes,1,156.701
20_80M_103N,Labridae,Choerodon,cephalotes,1,217.972
20_80M_103N,Labridae,Choerodon,cephalotes,1,159.022
20_80M_103N,Labridae,Choerodon,cephalotes,1,214.642
20_80M_104F,Labridae,Choerodon,cephalotes,1,186.036
20_80M_104F,Labridae,Choerodon,cephalotes,1,175.622
20_80M_104N,Labridae,Choerodon,cephalotes,1,181.722
20_80M_104N,Labridae,Choerodon,cephalotes,1,199.886
20_80M_104N,Labridae,Choerodon,cephalotes,1,170.175
20_80M_104N,Labridae,Choerodon,cephalotes,1,148.252
20_80M_105N,Labridae,Choerodon,cephalotes,1,180.215
20_80M_105N,Labridae,Choerodon,cephalotes,1,278.018
20_80M_106N,Labridae,Choerodon,cephalotes,1,220.517
20_80M_10F,Labridae,Choerodon,cephalotes,1,76.792
20_80M_10F,Labridae,Choerodon,cephalotes,1,188.316
20_80M_110N,Labridae,Choerodon,cephalotes,1,219.37
20_80M_111N,Labridae,Choerodon,cephalotes,1,219.554
20_80M_111N,Labridae,Choerodon,cephalotes,1,234.014
20_80M_112N,Labridae,Choerodon,cephalotes,1,239.77
20_80M_113N,Labridae,Choerodon,cephalotes,1,351.812
20_80M_114N,Labridae,Choerodon,cephalotes,1,214.683
20_80M_114N,Labridae,Choerodon,cephalotes,1,240.179
20_80M_114N,Labridae,Choerodon,cephalotes,1,220.321
20_80M_114N,Labridae,Choerodon,cephalotes,1,249.032
20_80M_114N,Labridae,Choerodon,cephalotes,1,187.757
20_80M_116N,Labridae,Choerodon,cephalotes,1,243.404
20_80M_116N,Labridae,Choerodon,cephalotes,1,198.913
20_80M_116N,Labridae,Choerodon,cephalotes,1,176.388
20_80M_117N,Labridae,Choerodon,cephalotes,1,117.164
20_80M_118N,Labridae,Choerodon,cephalotes,1,231.332
20_80M_118N,Labridae,Choerodon,cephalotes,1,253.475
20_80M_118N,Labridae,Choerodon,cephalotes,1,230.958
20_80M_11F,Labridae,Choerodon,cephalotes,1,195.462
20_80M_11N,Labridae,Choerodon,cephalotes,1,212.728
20_80M_120N,Labridae,Choerodon,cephalotes,1,272.491
20_80M_122N,Labridae,Choerodon,cephalotes,1,372.439
20_80M_123N,Labridae,Choerodon,cephalotes,1,68.444
20_80M_123N,Labridae,Choerodon,cephalotes,1,60.798
20_80M_123N,Labridae,Choerodon,cephalotes,1,248.919
20_80M_125N,Labridae,Choerodon,cephalotes,1,187.144
20_80M_125N,Labridae,Choerodon,cephalotes,1,305.777
20_80M_125N,Labridae,Choerodon,cephalotes,1,223.906
20_80M_126N,Labridae,Choerodon,cephalotes,1,60.484
20_80M_127N,Labridae,Choerodon,cephalotes,1,292.422
20_80M_127N,Labridae,Choerodon,cephalotes,1,206.182
20_80M_128N,Labridae,Choerodon,cephalotes,1,139.113
20_80M_128N,Labridae,Choerodon,cephalotes,1,54.487
20_80M_128N,Labridae,Choerodon,cephalotes,1,71.821
20_80M_129N,Labridae,Choerodon,cephalotes,1,99.746
20_80M_12F,Labridae,Choerodon,cephalotes,1,163.165
20_80M_12F,Labridae,Choerodon,cephalotes,1,161.01
20_80M_13F,Labridae,Choerodon,cephalotes,1,190.09
20_80M_13N,Labridae,Choerodon,cephalotes,1,278.939
20_80M_14F,Labridae,Choerodon,cephalotes,1,252.697
20_80M_14N,Labridae,Choerodon,cephalotes,1,194.838
20_80M_14N,Labridae,Choerodon,cephalotes,1,174.747
20_80M_14N,Labridae,Choerodon,cephalotes,1,210.4
20_80M_15F,Labridae,Choerodon,cephalotes,1,322.132
20_80M_15F,Labridae,Choerodon,cephalotes,1,206.214
20_80M_15N,Labridae,Choerodon,cephalotes,1,121.978
20_80M_16F,Labridae,Choerodon,cephalotes,1,202.489
20_80M_16F,Labridae,Choerodon,cephalotes,1,203.048
20_80M_16F,Labridae,Choerodon,cephalotes,1,199.592
20_80M_16N,Labridae,Choerodon,cephalotes,1,308.144
20_80M_17F,Labridae,Choerodon,cephalotes,1,293.163
20_80M_17N,Labridae,Choerodon,cephalotes,1,204.53
20_80M_19F,Labridae,Choerodon,cephalotes,1,233.731
20_80M_19N,Labridae,Choerodon,cephalotes,1,214.986
20_80M_19N,Labridae,Choerodon,cephalotes,1,209.231
20_80M_20F,Labridae,Choerodon,cephalotes,1,270.826
20_80M_20F,Labridae,Choerodon,cephalotes,1,176.665
20_80M_21F,Labridae,Choerodon,cephalotes,1,246.648
20_80M_21F,Labridae,Choerodon,cephalotes,1,216.392
20_80M_22F,Labridae,Choerodon,cephalotes,1,239.501
20_80M_22F,Labridae,Choerodon,cephalotes,1,186.214
20_80M_22N,Labridae,Choerodon,cephalotes,1,105.899
20_80M_23F,Labridae,Choerodon,cephalotes,1,235.266
20_80M_23F,Labridae,Choerodon,cephalotes,1,197.001
20_80M_23N,Labridae,Choerodon,cephalotes,1,243.611
20_80M_24F,Labridae,Choerodon,cephalotes,1,158.069
20_80M_24F,Labridae,Choerodon,cephalotes,1,156.228
20_80M_24F,Labridae,Choerodon,cephalotes,1,161.594
20_80M_24N,Labridae,Choerodon,cephalotes,1,201.505
20_80M_24N,Labridae,Choerodon,cephalotes,1,203.397
20_80M_24N,Labridae,Choerodon,cephalotes,1,169.431
20_80M_25N,Labridae,Choerodon,cephalotes,1,185.388
20_80M_25N,Labridae,Choerodon,cephalotes,1,177.952
20_80M_27F,Labridae,Choerodon,cephalotes,1,238.424
20_80M_27N,Labridae,Choerodon,cephalotes,1,234.586
20_80M_28F,Labridae,Choerodon,cephalotes,1,192.752
20_80M_28N,Labridae,Choerodon,cephalotes,1,246.03
20_80M_28N,Labridae,Choerodon,cephalotes,1,298.498
20_80M_28N,Labridae,Choerodon,cephalotes,1,196.588
20_80M_29F,Labridae,Choerodon,cephalotes,1,324.268
20_80M_29N,Labridae,Choerodon,cephalotes,1,206.393
20_80M_29N,Labridae,Choerodon,cephalotes,1,302.307
20_80M_30N,Labridae,Choerodon,cephalotes,1,230.529
20_80M_30N,Labridae,Choerodon,cephalotes,1,216.097
20_80M_30N,Labridae,Choerodon,cephalotes,1,218.689
20_80M_31N,Labridae,Choerodon,cephalotes,1,185.849
20_80M_32F,Labridae,Choerodon,cephalotes,1,288.141
20_80M_33F,Labridae,Choerodon,cephalotes,1,305.648
20_80M_33N,Labridae,Choerodon,cephalotes,1,353.809
20_80M_35F,Labridae,Choerodon,cephalotes,1,275.956
20_80M_35N,Labridae,Choerodon,cephalotes,1,186.647
20_80M_35N,Labridae,Choerodon,cephalotes,1,175.364
20_80M_37N,Labridae,Choerodon,cephalotes,1,174.087
20_80M_37N,Labridae,Choerodon,cephalotes,1,228.86
20_80M_38F,Labridae,Choerodon,cephalotes,1,205.319
20_80M_38N,Labridae,Choerodon,cephalotes,1,290.652
20_80M_39N,Labridae,Choerodon,cephalotes,1,256.254
20_80M_3F,Labridae,Choerodon,cephalotes,1,275.52
20_80M_3F,Labridae,Choerodon,cephalotes,1,198.954
20_80M_40F,Labridae,Choerodon,cephalotes,1,265.743
20_80M_42F,Labridae,Choerodon,cephalotes,1,257.991
20_80M_44F,Labridae,Choerodon,cephalotes,1,153.953
20_80M_45F,Labridae,Choerodon,cephalotes,1,294.707
20_80M_47F,Labridae,Choerodon,cephalotes,1,78.302
20_80M_47F,Labridae,Choerodon,cephalotes,1,80.749
20_80M_48F,Labridae,Choerodon,cephalotes,1,240.887
20_80M_48F,Labridae,Choerodon,cephalotes,1,86.856
20_80M_49F,Labridae,Choerodon,cephalotes,1,202.9
20_80M_4F,Labridae,Choerodon,cephalotes,1,223.974
20_80M_4F,Labridae,Choerodon,cephalotes,1,206.812
20_80M_4F,Labridae,Choerodon,cephalotes,1,175.016
20_80M_50F,Labridae,Choerodon,cephalotes,1,228.041
20_80M_50F,Labridae,Choerodon,cephalotes,1,168.707
20_80M_51F,Labridae,Choerodon,cephalotes,1,90.603
20_80M_52F,Labridae,Choerodon,cephalotes,1,164.655
20_80M_52F,Labridae,Choerodon,cephalotes,1,181.577
20_80M_53F,Labridae,Choerodon,cephalotes,1,157.583
20_80M_53F,Labridae,Choerodon,cephalotes,1,178.88
20_80M_53F,Labridae,Choerodon,cephalotes,1,223.391
20_80M_54F,Labridae,Choerodon,cephalotes,1,39.774
20_80M_54N,Labridae,Choerodon,cephalotes,1,178.235
20_80M_55F,Labridae,Choerodon,cephalotes,1,227.692
20_80M_55F,Labridae,Choerodon,cephalotes,1,176.095
20_80M_55F,Labridae,Choerodon,cephalotes,1,167.225
20_80M_55N,Labridae,Choerodon,cephalotes,1,194.955
20_80M_55N,Labridae,Choerodon,cephalotes,1,243.659
20_80M_55N,Labridae,Choerodon,cephalotes,1,207.207
20_80M_56F,Labridae,Choerodon,cephalotes,1,194.29
20_80M_56F,Labridae,Choerodon,cephalotes,1,200.629
20_80M_56N,Labridae,Choerodon,cephalotes,1,240.7
20_80M_56N,Labridae,Choerodon,cephalotes,1,177.935
20_80M_56N,Labridae,Choerodon,cephalotes,1,225.596
20_80M_56N,Labridae,Choerodon,cephalotes,1,215.348
20_80M_57F,Labridae,Choerodon,cephalotes,1,226.615
20_80M_57F,Labridae,Choerodon,cephalotes,1,169.313
20_80M_57N,Labridae,Choerodon,cephalotes,1,219.934
20_80M_57N,Labridae,Choerodon,cephalotes,1,248.541
20_80M_58F,Labridae,Choerodon,cephalotes,1,268.387
20_80M_59F,Labridae,Choerodon,cephalotes,1,203.502
20_80M_59N,Labridae,Choerodon,cephalotes,1,209.195
20_80M_59N,Labridae,Choerodon,cephalotes,1,258.132
20_80M_5F,Labridae,Choerodon,cephalotes,1,155.872
20_80M_60F,Labridae,Choerodon,cephalotes,1,169.684
20_80M_60F,Labridae,Choerodon,cephalotes,1,250.111
20_80M_60F,Labridae,Choerodon,cephalotes,1,204.489
20_80M_61F,Labridae,Choerodon,cephalotes,1,221.847
20_80M_61F,Labridae,Choerodon,cephalotes,1,194.944
20_80M_62F,Labridae,Choerodon,cephalotes,1,70.061
20_80M_63F,Labridae,Choerodon,cephalotes,1,327.871
20_80M_63N,Labridae,Choerodon,cephalotes,1,217.874
20_80M_63N,Labridae,Choerodon,cephalotes,1,186.61
20_80M_63N,Labridae,Choerodon,cephalotes,1,212.805
20_80M_64N,Labridae,Choerodon,cephalotes,1,268.331
20_80M_65N,Labridae,Choerodon,cephalotes,1,290.325
20_80M_67F,Labridae,Choerodon,cephalotes,1,328.552
20_80M_6F,Labridae,Choerodon,cephalotes,1,278.583
20_80M_70F,Labridae,Choerodon,cephalotes,1,381.725
20_80M_71F,Labridae,Choerodon,cephalotes,1,111.436
20_80M_71F,Labridae,Choerodon,cephalotes,1,101.383
20_80M_72F,Labridae,Choerodon,cephalotes,1,217.202
20_80M_74F,Labridae,Choerodon,cephalotes,1,163.073
20_80M_75F,Labridae,Choerodon,cephalotes,1,77.618
20_80M_75F,Labridae,Choerodon,cephalotes,1,217.083
20_80M_77F,Labridae,Choerodon,cephalotes,1,241.914
20_80M_77F,Labridae,Choerodon,cephalotes,1,253.423
20_80M_77F,Labridae,Choerodon,cephalotes,1,225.112
20_80M_78F,Labridae,Choerodon,cephalotes,1,250.683
20_80M_7F,Labridae,Choerodon,cephalotes,1,248.266
20_80M_7N,Labridae,Choerodon,cephalotes,1,266.945
20_80M_80F,Labridae,Choerodon,cephalotes,1,329.249
20_80M_82F,Labridae,Choerodon,cephalotes,1,292.763
20_80M_83F,Labridae,Choerodon,cephalotes,1,322.013
20_80M_84F,Labridae,Choerodon,cephalotes,1,92.685
20_80M_84F,Labridae,Choerodon,cephalotes,1,60.29
20_80M_86F,Labridae,Choerodon,cephalotes,1,63.236
20_80M_86N,Labridae,Choerodon,cephalotes,1,190.884
20_80M_86N,Labridae,Choerodon,cephalotes,1,200.343
20_80M_86N,Labridae,Choerodon,cephalotes,1,278.231
20_80M_86N,Labridae,Choerodon,cephalotes,1,160.662
20_80M_86N,Labridae,Choerodon,cephalotes,1,187.265
20_80M_86N,Labridae,Choerodon,cephalotes,1,180.853
20_80M_86N,Labridae,Choerodon,cephalotes,1,153.182
20_80M_86N,Labridae,Choerodon,cephalotes,1,149.341
20_80M_86N,Labridae,Choerodon,cephalotes,1,152.821
20_80M_87F,Labridae,Choerodon,cephalotes,1,203.249
20_80M_87N,Labridae,Choerodon,cephalotes,1,238.591
20_80M_87N,Labridae,Choerodon,cephalotes,1,197.976
20_80M_88F,Labridae,Choerodon,cephalotes,1,316.767
20_80M_88N,Labridae,Choerodon,cephalotes,1,227.024
20_80M_88N,Labridae,Choerodon,cephalotes,1,244.566
20_80M_88N,Labridae,Choerodon,cephalotes,1,197.263
20_80M_88N,Labridae,Choerodon,cephalotes,1,265.919
20_80M_88N,Labridae,Choerodon,cephalotes,1,204.877
20_80M_89N,Labridae,Choerodon,cephalotes,1,212.147
20_80M_89N,Labridae,Choerodon,cephalotes,1,198.973
20_80M_90F,Labridae,Choerodon,cephalotes,1,284.92
20_80M_90F,Labridae,Choerodon,cephalotes,1,323.038
20_80M_90N,Labridae,Choerodon,cephalotes,1,187.471
20_80M_90N,Labridae,Choerodon,cephalotes,1,228.548
20_80M_90N,Labridae,Choerodon,cephalotes,1,209.206
20_80M_92F,Labridae,Choerodon,cephalotes,1,275.597
20_80M_92N,Labridae,Choerodon,cephalotes,1,357.988
20_80M_93F,Labridae,Choerodon,cephalotes,1,257.08
20_80M_96F,Labridae,Choerodon,cephalotes,1,307.175
20_80M_96F,Labridae,Choerodon,cephalotes,1,81.951
20_80M_97F,Labridae,Choerodon,cephalotes,1,215.286
20_80M_97F,Labridae,Choerodon,cephalotes,1,204.728
20_80M_97F,Labridae,Choerodon,cephalotes,1,217.017
20_80M_98F,Labridae,Choerodon,cephalotes,1,235.936
20_80M_98F,Labridae,Choerodon,cephalotes,1,245.959
20_80M_99N,Labridae,Choerodon,cephalotes,1,229.665
20_80M_9N,Labridae,Choerodon,cephalotes,1,208.206
20_80M_112N,Labridae,Choerodon,cyanodus,1,345.594
20_80M_18F,Labridae,Choerodon,cyanodus,1,512.424
20_80M_36N,Labridae,Choerodon,cyanodus,1,352.425
20_80M_37F,Labridae,Choerodon,cyanodus,1,322.061
20_80M_6F,Labridae,Choerodon,cyanodus,1,303.447
20_80M_75F,Labridae,Choerodon,cyanodus,1,42.735
20_80M_7F,Labridae,Choerodon,cyanodus,1,359.277
20_80M_112N,Labridae,Choerodon,schoenleinii,1,304.874
20_80M_121N,Labridae,Choerodon,schoenleinii,1,489.539
20_80M_18F,Labridae,Choerodon,schoenleinii,1,309.349
20_80M_18F,Labridae,Choerodon,schoenleinii,1,358.825
20_80M_33N,Labridae,Choerodon,schoenleinii,1,550.085
20_80M_34F,Labridae,Choerodon,schoenleinii,1,529.964
20_80M_35F,Labridae,Choerodon,schoenleinii,1,392.629
20_80M_36F,Labridae,Choerodon,schoenleinii,1,461.045
20_80M_37F,Labridae,Choerodon,schoenleinii,1,664.884
20_80M_41F,Labridae,Choerodon,schoenleinii,1,401.498
20_80M_5F,Labridae,Choerodon,schoenleinii,1,357.676
20_80M_64F,Labridae,Choerodon,schoenleinii,1,580.224
20_80M_64N,Labridae,Choerodon,schoenleinii,1,461.358
20_80M_65N,Labridae,Choerodon,schoenleinii,1,564.23
20_80M_66F,Labridae,Choerodon,schoenleinii,1,344.712
20_80M_6F,Labridae,Choerodon,schoenleinii,1,446.223
20_80M_7N,Labridae,Choerodon,schoenleinii,1,444.276
20_80M_80F,Labridae,Choerodon,schoenleinii,1,339.671
20_80M_83F,Labridae,Choerodon,schoenleinii,1,474.39
20_80M_89F,Labridae,Choerodon,schoenleinii,1,516.28
20_80M_100F,Labridae,Choerodon,vitta,1,64.744
20_80M_100F,Labridae,Choerodon,vitta,1,81.449
20_80M_100N,Labridae,Choerodon,vitta,1,148.669
20_80M_101F,Labridae,Choerodon,vitta,1,149.239
20_80M_101F,Labridae,Choerodon,vitta,1,205.128
20_80M_101N,Labridae,Choerodon,vitta,1,230.091
20_80M_103F,Labridae,Choerodon,vitta,1,146.592
20_80M_103N,Labridae,Choerodon,vitta,1,137.832
20_80M_104F,Labridae,Choerodon,vitta,1,166.167
20_80M_104N,Labridae,Choerodon,vitta,1,146.854
20_80M_106N,Labridae,Choerodon,vitta,1,192.224
20_80M_10F,Labridae,Choerodon,vitta,1,107.147
20_80M_10F,Labridae,Choerodon,vitta,1,101.47
20_80M_10F,Labridae,Choerodon,vitta,1,164.208
20_80M_110N,Labridae,Choerodon,vitta,1,80.001
20_80M_110N,Labridae,Choerodon,vitta,1,113.654
20_80M_110N,Labridae,Choerodon,vitta,1,92.053
20_80M_111N,Labridae,Choerodon,vitta,1,136.479
20_80M_115N,Labridae,Choerodon,vitta,1,159.828
20_80M_115N,Labridae,Choerodon,vitta,1,162.354
20_80M_115N,Labridae,Choerodon,vitta,1,176.058
20_80M_116N,Labridae,Choerodon,vitta,1,94.62
20_80M_116N,Labridae,Choerodon,vitta,1,216.691
20_80M_11F,Labridae,Choerodon,vitta,1,118.06
20_80M_11F,Labridae,Choerodon,vitta,1,92.008
20_80M_120N,Labridae,Choerodon,vitta,1,72.624
20_80M_120N,Labridae,Choerodon,vitta,1,85.693
20_80M_122N,Labridae,Choerodon,vitta,1,77.757
20_80M_122N,Labridae,Choerodon,vitta,1,128.871
20_80M_125N,Labridae,Choerodon,vitta,1,173.779
20_80M_125N,Labridae,Choerodon,vitta,1,157.115
20_80M_128N,Labridae,Choerodon,vitta,1,70.9
20_80M_128N,Labridae,Choerodon,vitta,1,82.952
20_80M_12F,Labridae,Choerodon,vitta,1,89.413
20_80M_133N,Labridae,Choerodon,vitta,1,45.117
20_80M_133N,Labridae,Choerodon,vitta,1,42.95
20_80M_13F,Labridae,Choerodon,vitta,1,139.529
20_80M_14N,Labridae,Choerodon,vitta,1,151.722
20_80M_16F,Labridae,Choerodon,vitta,1,125.528
20_80M_19F,Labridae,Choerodon,vitta,1,104.242
20_80M_19F,Labridae,Choerodon,vitta,1,168.985
20_80M_21F,Labridae,Choerodon,vitta,1,132.808
20_80M_21F,Labridae,Choerodon,vitta,1,124.114
20_80M_21F,Labridae,Choerodon,vitta,1,141.149
20_80M_21F,Labridae,Choerodon,vitta,1,143.011
20_80M_22F,Labridae,Choerodon,vitta,1,191.327
20_80M_22F,Labridae,Choerodon,vitta,1,185.475
20_80M_24F,Labridae,Choerodon,vitta,1,170.538
20_80M_24F,Labridae,Choerodon,vitta,1,97.512
20_80M_24F,Labridae,Choerodon,vitta,1,121.694
20_80M_24N,Labridae,Choerodon,vitta,1,108.644
20_80M_24N,Labridae,Choerodon,vitta,1,164.223
20_80M_24N,Labridae,Choerodon,vitta,1,97.634
20_80M_25N,Labridae,Choerodon,vitta,1,160.321
20_80M_28F,Labridae,Choerodon,vitta,1,148.565
20_80M_28F,Labridae,Choerodon,vitta,1,166.768
20_80M_28N,Labridae,Choerodon,vitta,1,182.496
20_80M_28N,Labridae,Choerodon,vitta,1,142.218
20_80M_28N,Labridae,Choerodon,vitta,1,136.998
20_80M_29N,Labridae,Choerodon,vitta,1,159.026
20_80M_30N,Labridae,Choerodon,vitta,1,154.766
20_80M_32F,Labridae,Choerodon,vitta,1,147.565
20_80M_32F,Labridae,Choerodon,vitta,1,189.696
20_80M_32F,Labridae,Choerodon,vitta,1,101.216
20_80M_32F,Labridae,Choerodon,vitta,1,102.852
20_80M_36N,Labridae,Choerodon,vitta,1,163.716
20_80M_36N,Labridae,Choerodon,vitta,1,144.309
20_80M_37F,Labridae,Choerodon,vitta,1,207.409
20_80M_37N,Labridae,Choerodon,vitta,1,155.792
20_80M_39N,Labridae,Choerodon,vitta,1,160.845
20_80M_39N,Labridae,Choerodon,vitta,1,154.192
20_80M_39N,Labridae,Choerodon,vitta,1,164.241
20_80M_39N,Labridae,Choerodon,vitta,1,181.14
20_80M_40F,Labridae,Choerodon,vitta,1,79.858
20_80M_40F,Labridae,Choerodon,vitta,1,75.841
20_80M_40F,Labridae,Choerodon,vitta,1,57.281
20_80M_40F,Labridae,Choerodon,vitta,1,105.224
20_80M_40F,Labridae,Choerodon,vitta,1,94.018
20_80M_47F,Labridae,Choerodon,vitta,1,66.813
20_80M_48F,Labridae,Choerodon,vitta,1,90.172
20_80M_48F,Labridae,Choerodon,vitta,1,64.065
20_80M_48F,Labridae,Choerodon,vitta,1,128.688
20_80M_48F,Labridae,Choerodon,vitta,1,79.599
20_80M_49F,Labridae,Choerodon,vitta,1,155.297
20_80M_4F,Labridae,Choerodon,vitta,1,160.254
20_80M_4F,Labridae,Choerodon,vitta,1,159.996
20_80M_4F,Labridae,Choerodon,vitta,1,205.024
20_80M_51F,Labridae,Choerodon,vitta,1,113.002
20_80M_52F,Labridae,Choerodon,vitta,1,106.656
20_80M_54F,Labridae,Choerodon,vitta,1,178.918
20_80M_55F,Labridae,Choerodon,vitta,1,110.611
20_80M_55F,Labridae,Choerodon,vitta,1,112.558
20_80M_55F,Labridae,Choerodon,vitta,1,151.782
20_80M_56N,Labridae,Choerodon,vitta,1,154.32
20_80M_56N,Labridae,Choerodon,vitta,1,144.01
20_80M_57F,Labridae,Choerodon,vitta,1,90.344
20_80M_59F,Labridae,Choerodon,vitta,1,87.325
20_80M_5N,Labridae,Choerodon,vitta,1,160.577
20_80M_60F,Labridae,Choerodon,vitta,1,94.493
20_80M_62F,Labridae,Choerodon,vitta,1,106.863
20_80M_62F,Labridae,Choerodon,vitta,1,128.567
20_80M_62F,Labridae,Choerodon,vitta,1,144.83
20_80M_62F,Labridae,Choerodon,vitta,1,149.713
20_80M_63F,Labridae,Choerodon,vitta,1,213.011
20_80M_63N,Labridae,Choerodon,vitta,1,150.529
20_80M_63N,Labridae,Choerodon,vitta,1,116.952
20_80M_65N,Labridae,Choerodon,vitta,1,236.814
20_80M_66N,Labridae,Choerodon,vitta,1,58.197
20_80M_67F,Labridae,Choerodon,vitta,1,68.075
20_80M_72F,Labridae,Choerodon,vitta,1,104.784
20_80M_75F,Labridae,Choerodon,vitta,1,84.081
20_80M_75F,Labridae,Choerodon,vitta,1,99.744
20_80M_75F,Labridae,Choerodon,vitta,1,132.184
20_80M_76F,Labridae,Choerodon,vitta,1,99.676
20_80M_76F,Labridae,Choerodon,vitta,1,79.995
20_80M_76F,Labridae,Choerodon,vitta,1,96.723
20_80M_76F,Labridae,Choerodon,vitta,1,90.197
20_80M_76F,Labridae,Choerodon,vitta,1,77.77
20_80M_78F,Labridae,Choerodon,vitta,1,86.33
20_80M_78F,Labridae,Choerodon,vitta,1,107.748
20_80M_78F,Labridae,Choerodon,vitta,1,82.697
20_80M_7F,Labridae,Choerodon,vitta,1,216.456
20_80M_81F,Labridae,Choerodon,vitta,1,69.439
20_80M_82F,Labridae,Choerodon,vitta,1,254.822
20_80M_84N,Labridae,Choerodon,vitta,1,85.488
20_80M_85N,Labridae,Choerodon,vitta,1,124.037
20_80M_86F,Labridae,Choerodon,vitta,1,96.06
20_80M_86N,Labridae,Choerodon,vitta,1,165.212
20_80M_86N,Labridae,Choerodon,vitta,1,161.658
20_80M_86N,Labridae,Choerodon,vitta,1,152.406
20_80M_87F,Labridae,Choerodon,vitta,1,80.027
20_80M_87F,Labridae,Choerodon,vitta,1,109.409
20_80M_87N,Labridae,Choerodon,vitta,1,204.691
20_80M_88F,Labridae,Choerodon,vitta,1,74.989
20_80M_88F,Labridae,Choerodon,vitta,1,82.253
20_80M_89N,Labridae,Choerodon,vitta,1,178.602
20_80M_8F,Labridae,Choerodon,vitta,1,72.116
20_80M_90N,Labridae,Choerodon,vitta,1,195.189
20_80M_92F,Labridae,Choerodon,vitta,1,101.137
20_80M_92F,Labridae,Choerodon,vitta,1,127.236
20_80M_93F,Labridae,Choerodon,vitta,1,180.034
20_80M_96F,Labridae,Choerodon,vitta,1,83.164
20_80M_96F,Labridae,Choerodon,vitta,1,75.286
20_80M_97F,Labridae,Choerodon,vitta,1,96.611
20_80M_97F,Labridae,Choerodon,vitta,1,110.302
20_80M_97F,Labridae,Choerodon,vitta,1,93.126
20_80M_98F,Labridae,Choerodon,vitta,1,208.247
20_80M_118N,Labridae,Coris,pictoides,1,40.961
20_80M_118N,Labridae,Coris,pictoides,1,50.665
20_80M_118N,Labridae,Coris,pictoides,1,30.528
20_80M_133N,Labridae,Coris,pictoides,1,43.873
20_80M_133N,Labridae,Coris,pictoides,1,63.236
20_80M_133N,Labridae,Coris,pictoides,1,33.096
20_80M_133N,Labridae,Coris,pictoides,1,35.824
20_80M_133N,Labridae,Coris,pictoides,1,46.004
20_80M_133N,Labridae,Coris,pictoides,1,43.204
20_80M_133N,Labridae,Coris,pictoides,1,32.57
20_80M_28F,Labridae,Coris,pictoides,1,64.585
20_80M_40F,Labridae,Coris,pictoides,1,45.475
20_80M_40F,Labridae,Coris,pictoides,1,71.348
20_80M_40F,Labridae,Coris,pictoides,1,50.535
20_80M_40F,Labridae,Coris,pictoides,1,64.901
20_80M_40F,Labridae,Coris,pictoides,1,82.48
20_80M_41F,Labridae,Coris,pictoides,1,32.168
20_80M_41F,Labridae,Coris,pictoides,1,26.183
20_80M_41F,Labridae,Coris,pictoides,1,28.873
20_80M_41F,Labridae,Coris,pictoides,1,32.687
20_80M_41F,Labridae,Coris,pictoides,1,29.336
20_80M_41F,Labridae,Coris,pictoides,1,38.919
20_80M_58F,Labridae,Coris,pictoides,1,25.079
20_80M_59F,Labridae,Coris,pictoides,1,27.085
20_80M_64F,Labridae,Coris,pictoides,1,43.473
20_80M_64F,Labridae,Coris,pictoides,1,29.567
20_80M_64F,Labridae,Coris,pictoides,1,33.586
20_80M_64F,Labridae,Coris,pictoides,1,31.483
20_80M_64F,Labridae,Coris,pictoides,1,29.396
20_80M_65F,Labridae,Coris,pictoides,1,109.197
20_80M_67F,Labridae,Coris,pictoides,1,39.036
20_80M_67F,Labridae,Coris,pictoides,1,30.692
20_80M_71F,Labridae,Coris,pictoides,1,78.086
20_80M_71F,Labridae,Coris,pictoides,1,93.436
20_80M_72F,Labridae,Coris,pictoides,1,94.853
20_80M_75F,Labridae,Coris,pictoides,1,60.442
20_80M_75F,Labridae,Coris,pictoides,1,58.261
20_80M_76F,Labridae,Coris,pictoides,1,53.395
20_80M_81F,Labridae,Coris,pictoides,1,37.689
20_80M_84F,Labridae,Coris,pictoides,1,155.78
20_80M_84F,Labridae,Coris,pictoides,1,69.842
20_80M_84F,Labridae,Coris,pictoides,1,63.259
20_80M_84F,Labridae,Coris,pictoides,1,90.235
20_80M_85F,Labridae,Coris,pictoides,1,40.654
20_80M_85F,Labridae,Coris,pictoides,1,44.167
20_80M_85F,Labridae,Coris,pictoides,1,34.87
20_80M_86F,Labridae,Coris,pictoides,1,65.087
20_80M_86F,Labridae,Coris,pictoides,1,114.469
20_80M_93F,Labridae,Coris,pictoides,1,78.118
20_80M_93F,Labridae,Coris,pictoides,1,88.623
20_80M_131N,Labridae,Iniistius,pavo,1,89.64
20_80M_16N,Labridae,Iniistius,pavo,1,106.263
20_80M_38F,Labridae,Iniistius,pavo,1,121.288
20_80M_56F,Labridae,Iniistius,pavo,1,109.417
20_80M_68F,Labridae,Iniistius,pavo,1,104.942
20_80M_88F,Labridae,Leptojulis,cyanopleura,1,96.404
20_80M_88F,Labridae,Leptojulis,cyanopleura,1,94.673
20_80M_88F,Labridae,Leptojulis,cyanopleura,1,78.088
20_80M_88F,Labridae,Leptojulis,cyanopleura,1,84.165
20_80M_88F,Labridae,Leptojulis,cyanopleura,1,84.249
20_80M_88F,Labridae,Leptojulis,cyanopleura,1,71.507
20_80M_115N,Labridae,Macropharyngodon,negrosensis,1,37.218
20_80M_120N,Labridae,Macropharyngodon,negrosensis,1,45.637
20_80M_12F,Labridae,Macropharyngodon,negrosensis,1,48.924
20_80M_12F,Labridae,Macropharyngodon,negrosensis,1,56.889
20_80M_12F,Labridae,Macropharyngodon,negrosensis,1,66.596
20_80M_12F,Labridae,Macropharyngodon,negrosensis,1,61.392
20_80M_12F,Labridae,Macropharyngodon,negrosensis,1,55.114
20_80M_12F,Labridae,Macropharyngodon,negrosensis,1,61.714
20_80M_24F,Labridae,Macropharyngodon,negrosensis,1,52.758
20_80M_40F,Labridae,Macropharyngodon,negrosensis,1,47.569
20_80M_47F,Labridae,Macropharyngodon,negrosensis,1,47.994
20_80M_59F,Labridae,Macropharyngodon,negrosensis,1,35.069
20_80M_8F,Labridae,Macropharyngodon,negrosensis,1,49.974
20_80M_75F,Labridae,Pteragogus,enneacanthus,1,63.777
20_80M_75F,Labridae,Pteragogus,enneacanthus,1,49.358
20_80M_3F,Lethrinidae,Gymnocranius,elongatus,1,189.774
20_80M_40F,Lethrinidae,Gymnocranius,elongatus,1,176.641
20_80M_40F,Lethrinidae,Gymnocranius,elongatus,1,172.53
20_80M_40F,Lethrinidae,Gymnocranius,elongatus,1,173.006
20_80M_42F,Lethrinidae,Gymnocranius,elongatus,1,189.326
20_80M_45F,Lethrinidae,Gymnocranius,elongatus,1,170.162
20_80M_45F,Lethrinidae,Gymnocranius,elongatus,1,175.183
20_80M_46F,Lethrinidae,Gymnocranius,elongatus,1,185.189
20_80M_81F,Lethrinidae,Gymnocranius,elongatus,1,177.629
20_80M_89F,Lethrinidae,Gymnocranius,elongatus,1,187.222
20_80M_89F,Lethrinidae,Gymnocranius,elongatus,1,193.488
20_80M_66F,Lethrinidae,Lethrinus,amboinensis,1,292.011
20_80M_101F,Lethrinidae,Lethrinus,genivittatus,1,146.758
20_80M_102F,Lethrinidae,Lethrinus,genivittatus,1,228.962
20_80M_102F,Lethrinidae,Lethrinus,genivittatus,1,214.341
20_80M_102F,Lethrinidae,Lethrinus,genivittatus,1,193.349
20_80M_103F,Lethrinidae,Lethrinus,genivittatus,1,210.601
20_80M_103F,Lethrinidae,Lethrinus,genivittatus,1,203.152
20_80M_103F,Lethrinidae,Lethrinus,genivittatus,1,189.219
20_80M_103F,Lethrinidae,Lethrinus,genivittatus,1,190.078
20_80M_103N,Lethrinidae,Lethrinus,genivittatus,1,159.681
20_80M_103N,Lethrinidae,Lethrinus,genivittatus,1,175.742
20_80M_104F,Lethrinidae,Lethrinus,genivittatus,1,180.635
20_80M_104F,Lethrinidae,Lethrinus,genivittatus,1,152.388
20_80M_104F,Lethrinidae,Lethrinus,genivittatus,1,174.245
20_80M_104F,Lethrinidae,Lethrinus,genivittatus,1,193.806
20_80M_104N,Lethrinidae,Lethrinus,genivittatus,1,169.422
20_80M_104N,Lethrinidae,Lethrinus,genivittatus,1,151.734
20_80M_104N,Lethrinidae,Lethrinus,genivittatus,1,162.486
20_80M_104N,Lethrinidae,Lethrinus,genivittatus,1,161.141
20_80M_104N,Lethrinidae,Lethrinus,genivittatus,1,170.544
20_80M_104N,Lethrinidae,Lethrinus,genivittatus,1,174.619
20_80M_104N,Lethrinidae,Lethrinus,genivittatus,1,158.329
20_80M_104N,Lethrinidae,Lethrinus,genivittatus,1,217.959
20_80M_104N,Lethrinidae,Lethrinus,genivittatus,1,193.17
20_80M_104N,Lethrinidae,Lethrinus,genivittatus,1,173.292
20_80M_105N,Lethrinidae,Lethrinus,genivittatus,1,194.683
20_80M_106N,Lethrinidae,Lethrinus,genivittatus,1,149.712
20_80M_106N,Lethrinidae,Lethrinus,genivittatus,1,173.786
20_80M_106N,Lethrinidae,Lethrinus,genivittatus,1,156.882
20_80M_106N,Lethrinidae,Lethrinus,genivittatus,1,157.767
20_80M_107N,Lethrinidae,Lethrinus,genivittatus,1,218.127
20_80M_10F,Lethrinidae,Lethrinus,genivittatus,1,147.414
20_80M_10F,Lethrinidae,Lethrinus,genivittatus,1,156.979
20_80M_10N,Lethrinidae,Lethrinus,genivittatus,1,193.626
20_80M_110N,Lethrinidae,Lethrinus,genivittatus,1,194.564
20_80M_111N,Lethrinidae,Lethrinus,genivittatus,1,167.278
20_80M_111N,Lethrinidae,Lethrinus,genivittatus,1,227.703
20_80M_111N,Lethrinidae,Lethrinus,genivittatus,1,197.111
20_80M_111N,Lethrinidae,Lethrinus,genivittatus,1,196.913
20_80M_114N,Lethrinidae,Lethrinus,genivittatus,1,212.867
20_80M_114N,Lethrinidae,Lethrinus,genivittatus,1,224.403
20_80M_114N,Lethrinidae,Lethrinus,genivittatus,1,200.706
20_80M_11F,Lethrinidae,Lethrinus,genivittatus,1,219.596
20_80M_11F,Lethrinidae,Lethrinus,genivittatus,1,188.921
20_80M_11F,Lethrinidae,Lethrinus,genivittatus,1,176.791
20_80M_11F,Lethrinidae,Lethrinus,genivittatus,1,169.579
20_80M_11F,Lethrinidae,Lethrinus,genivittatus,1,191.276
20_80M_11F,Lethrinidae,Lethrinus,genivittatus,1,180.106
20_80M_11F,Lethrinidae,Lethrinus,genivittatus,1,180.632
20_80M_11F,Lethrinidae,Lethrinus,genivittatus,1,220.477
20_80M_11F,Lethrinidae,Lethrinus,genivittatus,1,174.839
20_80M_11F,Lethrinidae,Lethrinus,genivittatus,1,175.184
20_80M_11F,Lethrinidae,Lethrinus,genivittatus,1,189.992
20_80M_11F,Lethrinidae,Lethrinus,genivittatus,1,174.107
20_80M_11F,Lethrinidae,Lethrinus,genivittatus,1,160.333
20_80M_11F,Lethrinidae,Lethrinus,genivittatus,1,160.209
20_80M_11F,Lethrinidae,Lethrinus,genivittatus,1,181.976
20_80M_11F,Lethrinidae,Lethrinus,genivittatus,1,168.068
20_80M_11N,Lethrinidae,Lethrinus,genivittatus,1,197.245
20_80M_11N,Lethrinidae,Lethrinus,genivittatus,1,153.516
20_80M_120N,Lethrinidae,Lethrinus,genivittatus,1,49.136
20_80M_120N,Lethrinidae,Lethrinus,genivittatus,1,51.349
20_80M_120N,Lethrinidae,Lethrinus,genivittatus,1,45.902
20_80M_123N,Lethrinidae,Lethrinus,genivittatus,1,44.914
20_80M_123N,Lethrinidae,Lethrinus,genivittatus,1,46.105
20_80M_123N,Lethrinidae,Lethrinus,genivittatus,1,43.077
20_80M_123N,Lethrinidae,Lethrinus,genivittatus,1,51.984
20_80M_123N,Lethrinidae,Lethrinus,genivittatus,1,53.099
20_80M_123N,Lethrinidae,Lethrinus,genivittatus,1,48.522
20_80M_123N,Lethrinidae,Lethrinus,genivittatus,1,62.858
20_80M_123N,Lethrinidae,Lethrinus,genivittatus,1,49.692
20_80M_125N,Lethrinidae,Lethrinus,genivittatus,1,187.649
20_80M_126N,Lethrinidae,Lethrinus,genivittatus,1,172.154
20_80M_127N,Lethrinidae,Lethrinus,genivittatus,1,154.748
20_80M_127N,Lethrinidae,Lethrinus,genivittatus,1,148.441
20_80M_127N,Lethrinidae,Lethrinus,genivittatus,1,171.091
20_80M_127N,Lethrinidae,Lethrinus,genivittatus,1,218.109
20_80M_127N,Lethrinidae,Lethrinus,genivittatus,1,154.859
20_80M_128N,Lethrinidae,Lethrinus,genivittatus,1,168.928
20_80M_128N,Lethrinidae,Lethrinus,genivittatus,1,77.268
20_80M_129N,Lethrinidae,Lethrinus,genivittatus,1,172.916
20_80M_129N,Lethrinidae,Lethrinus,genivittatus,1,175.33
20_80M_129N,Lethrinidae,Lethrinus,genivittatus,1,171.5
20_80M_12F,Lethrinidae,Lethrinus,genivittatus,1,220.024
20_80M_12F,Lethrinidae,Lethrinus,genivittatus,1,180.194
20_80M_12F,Lethrinidae,Lethrinus,genivittatus,1,175.581
20_80M_12F,Lethrinidae,Lethrinus,genivittatus,1,171.605
20_80M_12F,Lethrinidae,Lethrinus,genivittatus,1,187.483
20_80M_12F,Lethrinidae,Lethrinus,genivittatus,1,191.7
20_80M_133N,Lethrinidae,Lethrinus,genivittatus,1,44.697
20_80M_133N,Lethrinidae,Lethrinus,genivittatus,1,36.909
20_80M_133N,Lethrinidae,Lethrinus,genivittatus,1,40.475
20_80M_133N,Lethrinidae,Lethrinus,genivittatus,1,36.373
20_80M_133N,Lethrinidae,Lethrinus,genivittatus,1,43.198
20_80M_133N,Lethrinidae,Lethrinus,genivittatus,1,44.281
20_80M_133N,Lethrinidae,Lethrinus,genivittatus,1,37.456
20_80M_133N,Lethrinidae,Lethrinus,genivittatus,1,37.765
20_80M_133N,Lethrinidae,Lethrinus,genivittatus,1,32.897
20_80M_133N,Lethrinidae,Lethrinus,genivittatus,1,41.454
20_80M_133N,Lethrinidae,Lethrinus,genivittatus,1,38.463
20_80M_133N,Lethrinidae,Lethrinus,genivittatus,1,44.432
20_80M_133N,Lethrinidae,Lethrinus,genivittatus,1,38.721
20_80M_133N,Lethrinidae,Lethrinus,genivittatus,1,35.986
20_80M_133N,Lethrinidae,Lethrinus,genivittatus,1,36.048
20_80M_133N,Lethrinidae,Lethrinus,genivittatus,1,36.3
20_80M_133N,Lethrinidae,Lethrinus,genivittatus,1,35.135
20_80M_133N,Lethrinidae,Lethrinus,genivittatus,1,42.533
20_80M_133N,Lethrinidae,Lethrinus,genivittatus,1,42.91
20_80M_133N,Lethrinidae,Lethrinus,genivittatus,1,47.229
20_80M_133N,Lethrinidae,Lethrinus,genivittatus,1,39.578
20_80M_133N,Lethrinidae,Lethrinus,genivittatus,1,36.891
20_80M_13F,Lethrinidae,Lethrinus,genivittatus,1,164.661
20_80M_13F,Lethrinidae,Lethrinus,genivittatus,1,221.307
20_80M_13F,Lethrinidae,Lethrinus,genivittatus,1,191.347
20_80M_13F,Lethrinidae,Lethrinus,genivittatus,1,194.136
20_80M_13N,Lethrinidae,Lethrinus,genivittatus,1,196.96
20_80M_13N,Lethrinidae,Lethrinus,genivittatus,1,158.517
20_80M_13N,Lethrinidae,Lethrinus,genivittatus,1,166.37
20_80M_13N,Lethrinidae,Lethrinus,genivittatus,1,183.001
20_80M_13N,Lethrinidae,Lethrinus,genivittatus,1,181.669
20_80M_14N,Lethrinidae,Lethrinus,genivittatus,1,165.995
20_80M_14N,Lethrinidae,Lethrinus,genivittatus,1,201.674
20_80M_14N,Lethrinidae,Lethrinus,genivittatus,1,170.437
20_80M_14N,Lethrinidae,Lethrinus,genivittatus,1,198.549
20_80M_14N,Lethrinidae,Lethrinus,genivittatus,1,177.699
20_80M_15F,Lethrinidae,Lethrinus,genivittatus,1,179.258
20_80M_15F,Lethrinidae,Lethrinus,genivittatus,1,205.958
20_80M_15F,Lethrinidae,Lethrinus,genivittatus,1,220.96
20_80M_15F,Lethrinidae,Lethrinus,genivittatus,1,198.202
20_80M_16F,Lethrinidae,Lethrinus,genivittatus,1,57.194
20_80M_19F,Lethrinidae,Lethrinus,genivittatus,1,175.959
20_80M_19F,Lethrinidae,Lethrinus,genivittatus,1,182.177
20_80M_19F,Lethrinidae,Lethrinus,genivittatus,1,183.476
20_80M_19F,Lethrinidae,Lethrinus,genivittatus,1,179.113
20_80M_19N,Lethrinidae,Lethrinus,genivittatus,1,188.678
20_80M_19N,Lethrinidae,Lethrinus,genivittatus,1,172.676
20_80M_1F,Lethrinidae,Lethrinus,genivittatus,1,215.086
20_80M_20F,Lethrinidae,Lethrinus,genivittatus,1,190.487
20_80M_23F,Lethrinidae,Lethrinus,genivittatus,1,216.69
20_80M_23N,Lethrinidae,Lethrinus,genivittatus,1,168.671
20_80M_24F,Lethrinidae,Lethrinus,genivittatus,1,159.438
20_80M_24F,Lethrinidae,Lethrinus,genivittatus,1,160.098
20_80M_24F,Lethrinidae,Lethrinus,genivittatus,1,172.694
20_80M_24N,Lethrinidae,Lethrinus,genivittatus,1,188.174
20_80M_25N,Lethrinidae,Lethrinus,genivittatus,1,141.846
20_80M_25N,Lethrinidae,Lethrinus,genivittatus,1,175.896
20_80M_25N,Lethrinidae,Lethrinus,genivittatus,1,149.079
20_80M_26F,Lethrinidae,Lethrinus,genivittatus,1,167.564
20_80M_26F,Lethrinidae,Lethrinus,genivittatus,1,181.225
20_80M_26F,Lethrinidae,Lethrinus,genivittatus,1,169.125
20_80M_26N,Lethrinidae,Lethrinus,genivittatus,1,215.809
20_80M_26N,Lethrinidae,Lethrinus,genivittatus,1,219.643
20_80M_27N,Lethrinidae,Lethrinus,genivittatus,1,216.97
20_80M_27N,Lethrinidae,Lethrinus,genivittatus,1,210.548
20_80M_28N,Lethrinidae,Lethrinus,genivittatus,1,152.072
20_80M_28N,Lethrinidae,Lethrinus,genivittatus,1,178.063
20_80M_28N,Lethrinidae,Lethrinus,genivittatus,1,179.393
20_80M_28N,Lethrinidae,Lethrinus,genivittatus,1,190.447
20_80M_28N,Lethrinidae,Lethrinus,genivittatus,1,181.104
20_80M_29N,Lethrinidae,Lethrinus,genivittatus,1,194.949
20_80M_29N,Lethrinidae,Lethrinus,genivittatus,1,170.434
20_80M_29N,Lethrinidae,Lethrinus,genivittatus,1,175.991
20_80M_29N,Lethrinidae,Lethrinus,genivittatus,1,190.267
20_80M_29N,Lethrinidae,Lethrinus,genivittatus,1,177.905
20_80M_29N,Lethrinidae,Lethrinus,genivittatus,1,198.347
20_80M_29N,Lethrinidae,Lethrinus,genivittatus,1,172.126
20_80M_30N,Lethrinidae,Lethrinus,genivittatus,1,164.081
20_80M_30N,Lethrinidae,Lethrinus,genivittatus,1,184.623
20_80M_30N,Lethrinidae,Lethrinus,genivittatus,1,151.026
20_80M_31N,Lethrinidae,Lethrinus,genivittatus,1,161.669
20_80M_31N,Lethrinidae,Lethrinus,genivittatus,1,170.639
20_80M_36N,Lethrinidae,Lethrinus,genivittatus,1,218.178
20_80M_38F,Lethrinidae,Lethrinus,genivittatus,1,151.272
20_80M_38N,Lethrinidae,Lethrinus,genivittatus,1,175.338
20_80M_43F,Lethrinidae,Lethrinus,genivittatus,1,41.474
20_80M_47F,Lethrinidae,Lethrinus,genivittatus,1,47.206
20_80M_47F,Lethrinidae,Lethrinus,genivittatus,1,50.748
20_80M_48F,Lethrinidae,Lethrinus,genivittatus,1,52.267
20_80M_4F,Lethrinidae,Lethrinus,genivittatus,1,162.678
20_80M_4F,Lethrinidae,Lethrinus,genivittatus,1,177.009
20_80M_4F,Lethrinidae,Lethrinus,genivittatus,1,173.397
20_80M_4F,Lethrinidae,Lethrinus,genivittatus,1,167.993
20_80M_4N,Lethrinidae,Lethrinus,genivittatus,1,165.152
20_80M_51F,Lethrinidae,Lethrinus,genivittatus,1,133.328
20_80M_52F,Lethrinidae,Lethrinus,genivittatus,1,177.009
20_80M_52F,Lethrinidae,Lethrinus,genivittatus,1,178.437
20_80M_53F,Lethrinidae,Lethrinus,genivittatus,1,187.784
20_80M_53F,Lethrinidae,Lethrinus,genivittatus,1,159.072
20_80M_53F,Lethrinidae,Lethrinus,genivittatus,1,199.479
20_80M_54F,Lethrinidae,Lethrinus,genivittatus,1,181.945
20_80M_54F,Lethrinidae,Lethrinus,genivittatus,1,176.837
20_80M_54F,Lethrinidae,Lethrinus,genivittatus,1,197.589
20_80M_54F,Lethrinidae,Lethrinus,genivittatus,1,219.171
20_80M_54F,Lethrinidae,Lethrinus,genivittatus,1,184.28
20_80M_54N,Lethrinidae,Lethrinus,genivittatus,1,185.667
20_80M_54N,Lethrinidae,Lethrinus,genivittatus,1,196.611
20_80M_54N,Lethrinidae,Lethrinus,genivittatus,1,162.901
20_80M_54N,Lethrinidae,Lethrinus,genivittatus,1,170.137
20_80M_54N,Lethrinidae,Lethrinus,genivittatus,1,174.17
20_80M_55F,Lethrinidae,Lethrinus,genivittatus,1,160.177
20_80M_55F,Lethrinidae,Lethrinus,genivittatus,1,171.042
20_80M_55F,Lethrinidae,Lethrinus,genivittatus,1,143.943
20_80M_55F,Lethrinidae,Lethrinus,genivittatus,1,191.015
20_80M_55F,Lethrinidae,Lethrinus,genivittatus,1,220.379
20_80M_55N,Lethrinidae,Lethrinus,genivittatus,1,181.212
20_80M_55N,Lethrinidae,Lethrinus,genivittatus,1,177.721
20_80M_56N,Lethrinidae,Lethrinus,genivittatus,1,136.976
20_80M_56N,Lethrinidae,Lethrinus,genivittatus,1,186.251
20_80M_56N,Lethrinidae,Lethrinus,genivittatus,1,183.947
20_80M_56N,Lethrinidae,Lethrinus,genivittatus,1,179.842
20_80M_56N,Lethrinidae,Lethrinus,genivittatus,1,192.214
20_80M_57N,Lethrinidae,Lethrinus,genivittatus,1,147.178
20_80M_59F,Lethrinidae,Lethrinus,genivittatus,1,30.232
20_80M_59F,Lethrinidae,Lethrinus,genivittatus,1,46.744
20_80M_59F,Lethrinidae,Lethrinus,genivittatus,1,51.86
20_80M_59F,Lethrinidae,Lethrinus,genivittatus,1,52.801
20_80M_59F,Lethrinidae,Lethrinus,genivittatus,1,57.718
20_80M_59F,Lethrinidae,Lethrinus,genivittatus,1,36.436
20_80M_59N,Lethrinidae,Lethrinus,genivittatus,1,153.453
20_80M_60F,Lethrinidae,Lethrinus,genivittatus,1,150.151
20_80M_60F,Lethrinidae,Lethrinus,genivittatus,1,171.268
20_80M_60F,Lethrinidae,Lethrinus,genivittatus,1,176.475
20_80M_60N,Lethrinidae,Lethrinus,genivittatus,1,179.775
20_80M_60N,Lethrinidae,Lethrinus,genivittatus,1,166.517
20_80M_62F,Lethrinidae,Lethrinus,genivittatus,1,166.925
20_80M_62F,Lethrinidae,Lethrinus,genivittatus,1,183.247
20_80M_62F,Lethrinidae,Lethrinus,genivittatus,1,192.336
20_80M_62F,Lethrinidae,Lethrinus,genivittatus,1,153.668
20_80M_62F,Lethrinidae,Lethrinus,genivittatus,1,167.27
20_80M_62F,Lethrinidae,Lethrinus,genivittatus,1,172.956
20_80M_62F,Lethrinidae,Lethrinus,genivittatus,1,169.445
20_80M_62F,Lethrinidae,Lethrinus,genivittatus,1,186.855
20_80M_62F,Lethrinidae,Lethrinus,genivittatus,1,188.361
20_80M_62F,Lethrinidae,Lethrinus,genivittatus,1,171.053
20_80M_62F,Lethrinidae,Lethrinus,genivittatus,1,143.063
20_80M_62F,Lethrinidae,Lethrinus,genivittatus,1,161.029
20_80M_62F,Lethrinidae,Lethrinus,genivittatus,1,176.802
20_80M_62F,Lethrinidae,Lethrinus,genivittatus,1,191.11
20_80M_62F,Lethrinidae,Lethrinus,genivittatus,1,192.212
20_80M_63N,Lethrinidae,Lethrinus,genivittatus,1,168.688
20_80M_63N,Lethrinidae,Lethrinus,genivittatus,1,206.704
20_80M_63N,Lethrinidae,Lethrinus,genivittatus,1,175.061
20_80M_63N,Lethrinidae,Lethrinus,genivittatus,1,202.899
20_80M_64F,Lethrinidae,Lethrinus,genivittatus,1,52.635
20_80M_64F,Lethrinidae,Lethrinus,genivittatus,1,25.308
20_80M_64F,Lethrinidae,Lethrinus,genivittatus,1,22.647
20_80M_64F,Lethrinidae,Lethrinus,genivittatus,1,19.745
20_80M_65F,Lethrinidae,Lethrinus,genivittatus,1,224.778
20_80M_65F,Lethrinidae,Lethrinus,genivittatus,1,181.341
20_80M_65F,Lethrinidae,Lethrinus,genivittatus,1,191.175
20_80M_65F,Lethrinidae,Lethrinus,genivittatus,1,168.237
20_80M_65F,Lethrinidae,Lethrinus,genivittatus,1,201.163
20_80M_65F,Lethrinidae,Lethrinus,genivittatus,1,193.076
20_80M_66N,Lethrinidae,Lethrinus,genivittatus,1,204.486
20_80M_67F,Lethrinidae,Lethrinus,genivittatus,1,60.072
20_80M_67F,Lethrinidae,Lethrinus,genivittatus,1,56.472
20_80M_67F,Lethrinidae,Lethrinus,genivittatus,1,61.437
20_80M_67N,Lethrinidae,Lethrinus,genivittatus,1,159.079
20_80M_67N,Lethrinidae,Lethrinus,genivittatus,1,184.869
20_80M_67N,Lethrinidae,Lethrinus,genivittatus,1,158.659
20_80M_67N,Lethrinidae,Lethrinus,genivittatus,1,166.009
20_80M_75F,Lethrinidae,Lethrinus,genivittatus,1,75.049
20_80M_76F,Lethrinidae,Lethrinus,genivittatus,1,48.404
20_80M_76F,Lethrinidae,Lethrinus,genivittatus,1,50.468
20_80M_76F,Lethrinidae,Lethrinus,genivittatus,1,41.536
20_80M_79F,Lethrinidae,Lethrinus,genivittatus,1,180.851
20_80M_7N,Lethrinidae,Lethrinus,genivittatus,1,193.939
20_80M_7N,Lethrinidae,Lethrinus,genivittatus,1,232.472
20_80M_81F,Lethrinidae,Lethrinus,genivittatus,1,49.753
20_80M_84F,Lethrinidae,Lethrinus,genivittatus,1,86.039
20_80M_84F,Lethrinidae,Lethrinus,genivittatus,1,68.442
20_80M_84F,Lethrinidae,Lethrinus,genivittatus,1,82.116
20_80M_84F,Lethrinidae,Lethrinus,genivittatus,1,77.725
20_80M_84F,Lethrinidae,Lethrinus,genivittatus,1,74.877
20_80M_84F,Lethrinidae,Lethrinus,genivittatus,1,78.534
20_80M_84F,Lethrinidae,Lethrinus,genivittatus,1,80.851
20_80M_84F,Lethrinidae,Lethrinus,genivittatus,1,91.649
20_80M_84F,Lethrinidae,Lethrinus,genivittatus,1,87.276
20_80M_84F,Lethrinidae,Lethrinus,genivittatus,1,77.056
20_80M_84F,Lethrinidae,Lethrinus,genivittatus,1,87.681
20_80M_84F,Lethrinidae,Lethrinus,genivittatus,1,84.658
20_80M_85N,Lethrinidae,Lethrinus,genivittatus,1,182.893
20_80M_85N,Lethrinidae,Lethrinus,genivittatus,1,157.181
20_80M_86F,Lethrinidae,Lethrinus,genivittatus,1,74.988
20_80M_86N,Lethrinidae,Lethrinus,genivittatus,1,209.536
20_80M_86N,Lethrinidae,Lethrinus,genivittatus,1,161.361
20_80M_87N,Lethrinidae,Lethrinus,genivittatus,1,222.702
20_80M_87N,Lethrinidae,Lethrinus,genivittatus,1,228.532
20_80M_88N,Lethrinidae,Lethrinus,genivittatus,1,212.416
20_80M_88N,Lethrinidae,Lethrinus,genivittatus,1,189.959
20_80M_88N,Lethrinidae,Lethrinus,genivittatus,1,166.848
20_80M_89N,Lethrinidae,Lethrinus,genivittatus,1,176.031
20_80M_89N,Lethrinidae,Lethrinus,genivittatus,1,184.009
20_80M_89N,Lethrinidae,Lethrinus,genivittatus,1,172.66
20_80M_8F,Lethrinidae,Lethrinus,genivittatus,1,169.574
20_80M_8F,Lethrinidae,Lethrinus,genivittatus,1,214.379
20_80M_90N,Lethrinidae,Lethrinus,genivittatus,1,220.249
20_80M_90N,Lethrinidae,Lethrinus,genivittatus,1,228.061
20_80M_90N,Lethrinidae,Lethrinus,genivittatus,1,231.555
20_80M_91N,Lethrinidae,Lethrinus,genivittatus,1,197.112
20_80M_92N,Lethrinidae,Lethrinus,genivittatus,1,197.219
20_80M_92N,Lethrinidae,Lethrinus,genivittatus,1,190.196
20_80M_93F,Lethrinidae,Lethrinus,genivittatus,1,54.373
20_80M_93F,Lethrinidae,Lethrinus,genivittatus,1,58.698
20_80M_93F,Lethrinidae,Lethrinus,genivittatus,1,57.494
20_80M_93N,Lethrinidae,Lethrinus,genivittatus,1,222.553
20_80M_98F,Lethrinidae,Lethrinus,genivittatus,1,206.47
20_80M_98N,Lethrinidae,Lethrinus,genivittatus,1,222.29
20_80M_99N,Lethrinidae,Lethrinus,genivittatus,1,229.627
20_80M_9F,Lethrinidae,Lethrinus,genivittatus,1,178.237
20_80M_9F,Lethrinidae,Lethrinus,genivittatus,1,168.304
20_80M_9F,Lethrinidae,Lethrinus,genivittatus,1,176.284
20_80M_9F,Lethrinidae,Lethrinus,genivittatus,1,208.124
20_80M_9F,Lethrinidae,Lethrinus,genivittatus,1,227.457
20_80M_9F,Lethrinidae,Lethrinus,genivittatus,1,183.222
20_80M_9F,Lethrinidae,Lethrinus,genivittatus,1,156.4
20_80M_9F,Lethrinidae,Lethrinus,genivittatus,1,152.669
20_80M_9F,Lethrinidae,Lethrinus,genivittatus,1,206.679
20_80M_9F,Lethrinidae,Lethrinus,genivittatus,1,150.416
20_80M_9F,Lethrinidae,Lethrinus,genivittatus,1,160.036
20_80M_100N,Lethrinidae,Lethrinus,laticaudis,1,205.831
20_80M_101N,Lethrinidae,Lethrinus,laticaudis,1,234.69
20_80M_112N,Lethrinidae,Lethrinus,laticaudis,1,220.253
20_80M_112N,Lethrinidae,Lethrinus,laticaudis,1,233.937
20_80M_112N,Lethrinidae,Lethrinus,laticaudis,1,212.511
20_80M_112N,Lethrinidae,Lethrinus,laticaudis,1,229.011
20_80M_115N,Lethrinidae,Lethrinus,laticaudis,1,287.192
20_80M_115N,Lethrinidae,Lethrinus,laticaudis,1,273.151
20_80M_118N,Lethrinidae,Lethrinus,laticaudis,1,236.326
20_80M_11F,Lethrinidae,Lethrinus,laticaudis,1,410.315
20_80M_121N,Lethrinidae,Lethrinus,laticaudis,1,378.503
20_80M_121N,Lethrinidae,Lethrinus,laticaudis,1,347.671
20_80M_123N,Lethrinidae,Lethrinus,laticaudis,1,303.565
20_80M_123N,Lethrinidae,Lethrinus,laticaudis,1,365.276
20_80M_125N,Lethrinidae,Lethrinus,laticaudis,1,420.921
20_80M_125N,Lethrinidae,Lethrinus,laticaudis,1,432.123
20_80M_128N,Lethrinidae,Lethrinus,laticaudis,1,438.338
20_80M_130N,Lethrinidae,Lethrinus,laticaudis,1,376.068
20_80M_133N,Lethrinidae,Lethrinus,laticaudis,1,376.172
20_80M_133N,Lethrinidae,Lethrinus,laticaudis,1,464.176
20_80M_133N,Lethrinidae,Lethrinus,laticaudis,1,429.054
20_80M_133N,Lethrinidae,Lethrinus,laticaudis,1,365.243
20_80M_133N,Lethrinidae,Lethrinus,laticaudis,1,468.561
20_80M_21F,Lethrinidae,Lethrinus,laticaudis,1,318.91
20_80M_22F,Lethrinidae,Lethrinus,laticaudis,1,389.923
20_80M_23F,Lethrinidae,Lethrinus,laticaudis,1,295.923
20_80M_35N,Lethrinidae,Lethrinus,laticaudis,1,218.164
20_80M_36F,Lethrinidae,Lethrinus,laticaudis,1,540.4
20_80M_36N,Lethrinidae,Lethrinus,laticaudis,1,203.559
20_80M_37F,Lethrinidae,Lethrinus,laticaudis,1,485.268
20_80M_41F,Lethrinidae,Lethrinus,laticaudis,1,339.002
20_80M_41F,Lethrinidae,Lethrinus,laticaudis,1,299.599
20_80M_42F,Lethrinidae,Lethrinus,laticaudis,1,413.3
20_80M_43F,Lethrinidae,Lethrinus,laticaudis,1,475.497
20_80M_45F,Lethrinidae,Lethrinus,laticaudis,1,527.099
20_80M_5F,Lethrinidae,Lethrinus,laticaudis,1,297.87
20_80M_60N,Lethrinidae,Lethrinus,laticaudis,1,215.391
20_80M_63F,Lethrinidae,Lethrinus,laticaudis,1,454.822
20_80M_63F,Lethrinidae,Lethrinus,laticaudis,1,440.912
20_80M_64F,Lethrinidae,Lethrinus,laticaudis,1,490.925
20_80M_64F,Lethrinidae,Lethrinus,laticaudis,1,295.344
20_80M_64F,Lethrinidae,Lethrinus,laticaudis,1,451.256
20_80M_64F,Lethrinidae,Lethrinus,laticaudis,1,300.648
20_80M_64F,Lethrinidae,Lethrinus,laticaudis,1,315.807
20_80M_64N,Lethrinidae,Lethrinus,laticaudis,1,290.326
20_80M_65N,Lethrinidae,Lethrinus,laticaudis,1,225.882
20_80M_65N,Lethrinidae,Lethrinus,laticaudis,1,228.426
20_80M_66F,Lethrinidae,Lethrinus,laticaudis,1,383.675
20_80M_66N,Lethrinidae,Lethrinus,laticaudis,1,199.449
20_80M_67F,Lethrinidae,Lethrinus,laticaudis,1,368.294
20_80M_68F,Lethrinidae,Lethrinus,laticaudis,1,400.01
20_80M_70F,Lethrinidae,Lethrinus,laticaudis,1,447.983
20_80M_70F,Lethrinidae,Lethrinus,laticaudis,1,418.541
20_80M_70F,Lethrinidae,Lethrinus,laticaudis,1,427.998
20_80M_85F,Lethrinidae,Lethrinus,laticaudis,1,406.476
20_80M_85F,Lethrinidae,Lethrinus,laticaudis,1,466.58
20_80M_86F,Lethrinidae,Lethrinus,laticaudis,1,440.781
20_80M_86N,Lethrinidae,Lethrinus,laticaudis,1,464.963
20_80M_88F,Lethrinidae,Lethrinus,laticaudis,1,291.43
20_80M_89F,Lethrinidae,Lethrinus,laticaudis,1,481.249
20_80M_89F,Lethrinidae,Lethrinus,laticaudis,1,355.385
20_80M_90F,Lethrinidae,Lethrinus,laticaudis,1,380.654
20_80M_90N,Lethrinidae,Lethrinus,laticaudis,1,220.584
20_80M_96F,Lethrinidae,Lethrinus,laticaudis,1,310.343
20_80M_112N,Lethrinidae,Lethrinus,lentjan,1,274.484
20_80M_133N,Lethrinidae,Lethrinus,lentjan,1,269.184
20_80M_133N,Lethrinidae,Lethrinus,lentjan,1,303.954
20_80M_133N,Lethrinidae,Lethrinus,microdon,1,353.794
20_80M_133N,Lethrinidae,Lethrinus,microdon,1,339.242
20_80M_133N,Lethrinidae,Lethrinus,microdon,1,430.2
20_80M_66F,Lethrinidae,Lethrinus,microdon,1,303.33
20_80M_85F,Lethrinidae,Lethrinus,microdon,1,307.754
20_80M_85F,Lethrinidae,Lethrinus,microdon,1,222.528
20_80M_85F,Lethrinidae,Lethrinus,microdon,1,298.021
20_80M_85F,Lethrinidae,Lethrinus,microdon,1,250.399
20_80M_87N,Lethrinidae,Lethrinus,microdon,1,191.981
20_80M_118N,Lethrinidae,Lethrinus,olivaceus,1,301.177
20_80M_132N,Lethrinidae,Lethrinus,olivaceus,1,274.008
20_80M_132N,Lethrinidae,Lethrinus,olivaceus,1,401.625
20_80M_18F,Lethrinidae,Lethrinus,olivaceus,1,324.096
20_80M_34F,Lethrinidae,Lethrinus,olivaceus,1,369.455
20_80M_34F,Lethrinidae,Lethrinus,olivaceus,1,318.851
20_80M_34F,Lethrinidae,Lethrinus,olivaceus,1,395.401
20_80M_34F,Lethrinidae,Lethrinus,olivaceus,1,429.064
20_80M_34F,Lethrinidae,Lethrinus,olivaceus,1,281.236
20_80M_34F,Lethrinidae,Lethrinus,olivaceus,1,357.8
20_80M_45F,Lethrinidae,Lethrinus,olivaceus,1,313.495
20_80M_58F,Lethrinidae,Lethrinus,olivaceus,1,279.124
20_80M_6F,Lethrinidae,Lethrinus,olivaceus,1,344.568
20_80M_6F,Lethrinidae,Lethrinus,olivaceus,1,296.139
20_80M_7F,Lethrinidae,Lethrinus,olivaceus,1,261.121
20_80M_100N,Lethrinidae,Lethrinus,punctulatus,1,222.297
20_80M_101N,Lethrinidae,Lethrinus,punctulatus,1,206.326
20_80M_101N,Lethrinidae,Lethrinus,punctulatus,1,185.709
20_80M_101N,Lethrinidae,Lethrinus,punctulatus,1,206.941
20_80M_101N,Lethrinidae,Lethrinus,punctulatus,1,221.85
20_80M_101N,Lethrinidae,Lethrinus,punctulatus,1,232.434
20_80M_101N,Lethrinidae,Lethrinus,punctulatus,1,205.38
20_80M_101N,Lethrinidae,Lethrinus,punctulatus,1,205.785
20_80M_103F,Lethrinidae,Lethrinus,punctulatus,1,187.118
20_80M_106N,Lethrinidae,Lethrinus,punctulatus,1,191.076
20_80M_112N,Lethrinidae,Lethrinus,punctulatus,1,249.662
20_80M_112N,Lethrinidae,Lethrinus,punctulatus,1,256.939
20_80M_112N,Lethrinidae,Lethrinus,punctulatus,1,272.929
20_80M_112N,Lethrinidae,Lethrinus,punctulatus,1,244.535
20_80M_112N,Lethrinidae,Lethrinus,punctulatus,1,237.064
20_80M_112N,Lethrinidae,Lethrinus,punctulatus,1,246.518
20_80M_113N,Lethrinidae,Lethrinus,punctulatus,1,251.79
20_80M_115N,Lethrinidae,Lethrinus,punctulatus,1,291.761
20_80M_115N,Lethrinidae,Lethrinus,punctulatus,1,271.537
20_80M_116N,Lethrinidae,Lethrinus,punctulatus,1,228.173
20_80M_116N,Lethrinidae,Lethrinus,punctulatus,1,224.377
20_80M_116N,Lethrinidae,Lethrinus,punctulatus,1,217.746
20_80M_116N,Lethrinidae,Lethrinus,punctulatus,1,209.441
20_80M_116N,Lethrinidae,Lethrinus,punctulatus,1,201.418
20_80M_116N,Lethrinidae,Lethrinus,punctulatus,1,210.901
20_80M_116N,Lethrinidae,Lethrinus,punctulatus,1,203.821
20_80M_116N,Lethrinidae,Lethrinus,punctulatus,1,201.177
20_80M_116N,Lethrinidae,Lethrinus,punctulatus,1,182.285
20_80M_116N,Lethrinidae,Lethrinus,punctulatus,1,217.208
20_80M_116N,Lethrinidae,Lethrinus,punctulatus,1,217.234
20_80M_116N,Lethrinidae,Lethrinus,punctulatus,1,206.405
20_80M_116N,Lethrinidae,Lethrinus,punctulatus,1,212.54
20_80M_118N,Lethrinidae,Lethrinus,punctulatus,1,216.416
20_80M_118N,Lethrinidae,Lethrinus,punctulatus,1,241.406
20_80M_118N,Lethrinidae,Lethrinus,punctulatus,1,211.279
20_80M_118N,Lethrinidae,Lethrinus,punctulatus,1,238.553
20_80M_118N,Lethrinidae,Lethrinus,punctulatus,1,233.492
20_80M_118N,Lethrinidae,Lethrinus,punctulatus,1,218.765
20_80M_118N,Lethrinidae,Lethrinus,punctulatus,1,217.801
20_80M_118N,Lethrinidae,Lethrinus,punctulatus,1,231.084
20_80M_118N,Lethrinidae,Lethrinus,punctulatus,1,251.077
20_80M_118N,Lethrinidae,Lethrinus,punctulatus,1,235.793
20_80M_118N,Lethrinidae,Lethrinus,punctulatus,1,247.283
20_80M_118N,Lethrinidae,Lethrinus,punctulatus,1,233.894
20_80M_118N,Lethrinidae,Lethrinus,punctulatus,1,213.541
20_80M_118N,Lethrinidae,Lethrinus,punctulatus,1,268.022
20_80M_118N,Lethrinidae,Lethrinus,punctulatus,1,241.009
20_80M_118N,Lethrinidae,Lethrinus,punctulatus,1,253.843
20_80M_118N,Lethrinidae,Lethrinus,punctulatus,1,225.871
20_80M_118N,Lethrinidae,Lethrinus,punctulatus,1,214.88
20_80M_118N,Lethrinidae,Lethrinus,punctulatus,1,232.004
20_80M_118N,Lethrinidae,Lethrinus,punctulatus,1,224.371
20_80M_119N,Lethrinidae,Lethrinus,punctulatus,1,267.937
20_80M_120N,Lethrinidae,Lethrinus,punctulatus,1,272.399
20_80M_121N,Lethrinidae,Lethrinus,punctulatus,1,286.172
20_80M_121N,Lethrinidae,Lethrinus,punctulatus,1,272.153
20_80M_121N,Lethrinidae,Lethrinus,punctulatus,1,268.023
20_80M_121N,Lethrinidae,Lethrinus,punctulatus,1,269.175
20_80M_121N,Lethrinidae,Lethrinus,punctulatus,1,284.195
20_80M_121N,Lethrinidae,Lethrinus,punctulatus,1,264.957
20_80M_125N,Lethrinidae,Lethrinus,punctulatus,1,238.18
20_80M_128N,Lethrinidae,Lethrinus,punctulatus,1,67.703
20_80M_128N,Lethrinidae,Lethrinus,punctulatus,1,71.711
20_80M_128N,Lethrinidae,Lethrinus,punctulatus,1,265.253
20_80M_128N,Lethrinidae,Lethrinus,punctulatus,1,78.09
20_80M_128N,Lethrinidae,Lethrinus,punctulatus,1,79.483
20_80M_132N,Lethrinidae,Lethrinus,punctulatus,1,237.947
20_80M_132N,Lethrinidae,Lethrinus,punctulatus,1,251.652
20_80M_132N,Lethrinidae,Lethrinus,punctulatus,1,244.848
20_80M_133N,Lethrinidae,Lethrinus,punctulatus,1,259.882
20_80M_15F,Lethrinidae,Lethrinus,punctulatus,1,201.082
20_80M_15F,Lethrinidae,Lethrinus,punctulatus,1,209.322
20_80M_16F,Lethrinidae,Lethrinus,punctulatus,1,55.534
20_80M_17F,Lethrinidae,Lethrinus,punctulatus,1,231.16
20_80M_17F,Lethrinidae,Lethrinus,punctulatus,1,226.299
20_80M_17F,Lethrinidae,Lethrinus,punctulatus,1,218.086
20_80M_17F,Lethrinidae,Lethrinus,punctulatus,1,243.603
20_80M_17F,Lethrinidae,Lethrinus,punctulatus,1,288.481
20_80M_17F,Lethrinidae,Lethrinus,punctulatus,1,227.41
20_80M_17F,Lethrinidae,Lethrinus,punctulatus,1,237.598
20_80M_17F,Lethrinidae,Lethrinus,punctulatus,1,237.562
20_80M_17F,Lethrinidae,Lethrinus,punctulatus,1,263.136
20_80M_18F,Lethrinidae,Lethrinus,punctulatus,1,277.825
20_80M_18F,Lethrinidae,Lethrinus,punctulatus,1,248.268
20_80M_22F,Lethrinidae,Lethrinus,punctulatus,1,236.719
20_80M_22F,Lethrinidae,Lethrinus,punctulatus,1,254.156
20_80M_22F,Lethrinidae,Lethrinus,punctulatus,1,241.931
20_80M_22F,Lethrinidae,Lethrinus,punctulatus,1,238.483
20_80M_27F,Lethrinidae,Lethrinus,punctulatus,1,216.697
20_80M_27F,Lethrinidae,Lethrinus,punctulatus,1,219.312
20_80M_27F,Lethrinidae,Lethrinus,punctulatus,1,220.617
20_80M_27F,Lethrinidae,Lethrinus,punctulatus,1,225.893
20_80M_27F,Lethrinidae,Lethrinus,punctulatus,1,216.591
20_80M_27F,Lethrinidae,Lethrinus,punctulatus,1,231.655
20_80M_27F,Lethrinidae,Lethrinus,punctulatus,1,211.987
20_80M_27F,Lethrinidae,Lethrinus,punctulatus,1,221.901
20_80M_27F,Lethrinidae,Lethrinus,punctulatus,1,241.713
20_80M_27F,Lethrinidae,Lethrinus,punctulatus,1,217.927
20_80M_27F,Lethrinidae,Lethrinus,punctulatus,1,221.759
20_80M_28F,Lethrinidae,Lethrinus,punctulatus,1,213.254
20_80M_28F,Lethrinidae,Lethrinus,punctulatus,1,218.158
20_80M_29F,Lethrinidae,Lethrinus,punctulatus,1,302.522
20_80M_29F,Lethrinidae,Lethrinus,punctulatus,1,276.746
20_80M_31F,Lethrinidae,Lethrinus,punctulatus,1,283.422
20_80M_31F,Lethrinidae,Lethrinus,punctulatus,1,206.234
20_80M_31F,Lethrinidae,Lethrinus,punctulatus,1,238.143
20_80M_31F,Lethrinidae,Lethrinus,punctulatus,1,247.648
20_80M_31F,Lethrinidae,Lethrinus,punctulatus,1,219.363
20_80M_31F,Lethrinidae,Lethrinus,punctulatus,1,223.666
20_80M_31F,Lethrinidae,Lethrinus,punctulatus,1,232.724
20_80M_31F,Lethrinidae,Lethrinus,punctulatus,1,202.294
20_80M_31F,Lethrinidae,Lethrinus,punctulatus,1,205.11
20_80M_31F,Lethrinidae,Lethrinus,punctulatus,1,211.048
20_80M_31F,Lethrinidae,Lethrinus,punctulatus,1,180.927
20_80M_33F,Lethrinidae,Lethrinus,punctulatus,1,279.178
20_80M_33F,Lethrinidae,Lethrinus,punctulatus,1,240.8
20_80M_33F,Lethrinidae,Lethrinus,punctulatus,1,257.814
20_80M_33F,Lethrinidae,Lethrinus,punctulatus,1,260.212
20_80M_33F,Lethrinidae,Lethrinus,punctulatus,1,229.485
20_80M_33F,Lethrinidae,Lethrinus,punctulatus,1,278.052
20_80M_33F,Lethrinidae,Lethrinus,punctulatus,1,259.153
20_80M_35F,Lethrinidae,Lethrinus,punctulatus,1,246.662
20_80M_35F,Lethrinidae,Lethrinus,punctulatus,1,254.658
20_80M_35F,Lethrinidae,Lethrinus,punctulatus,1,242.432
20_80M_35F,Lethrinidae,Lethrinus,punctulatus,1,264.103
20_80M_35F,Lethrinidae,Lethrinus,punctulatus,1,255.785
20_80M_35F,Lethrinidae,Lethrinus,punctulatus,1,271.582
20_80M_35F,Lethrinidae,Lethrinus,punctulatus,1,291.307
20_80M_35F,Lethrinidae,Lethrinus,punctulatus,1,271.724
20_80M_35F,Lethrinidae,Lethrinus,punctulatus,1,225.331
20_80M_35F,Lethrinidae,Lethrinus,punctulatus,1,275.679
20_80M_35F,Lethrinidae,Lethrinus,punctulatus,1,257.702
20_80M_35F,Lethrinidae,Lethrinus,punctulatus,1,265.348
20_80M_35F,Lethrinidae,Lethrinus,punctulatus,1,251.275
20_80M_35F,Lethrinidae,Lethrinus,punctulatus,1,260.765
20_80M_35F,Lethrinidae,Lethrinus,punctulatus,1,259.733
20_80M_35F,Lethrinidae,Lethrinus,punctulatus,1,259.705
20_80M_35F,Lethrinidae,Lethrinus,punctulatus,1,256.011
20_80M_35F,Lethrinidae,Lethrinus,punctulatus,1,259.608
20_80M_35F,Lethrinidae,Lethrinus,punctulatus,1,245.577
20_80M_35N,Lethrinidae,Lethrinus,punctulatus,1,209.436
20_80M_36F,Lethrinidae,Lethrinus,punctulatus,1,246.268
20_80M_36F,Lethrinidae,Lethrinus,punctulatus,1,278.592
20_80M_36F,Lethrinidae,Lethrinus,punctulatus,1,288.715
20_80M_36F,Lethrinidae,Lethrinus,punctulatus,1,264.472
20_80M_36F,Lethrinidae,Lethrinus,punctulatus,1,275.972
20_80M_36N,Lethrinidae,Lethrinus,punctulatus,1,200.002
20_80M_36N,Lethrinidae,Lethrinus,punctulatus,1,210.899
20_80M_36N,Lethrinidae,Lethrinus,punctulatus,1,186.988
20_80M_36N,Lethrinidae,Lethrinus,punctulatus,1,212.08
20_80M_37F,Lethrinidae,Lethrinus,punctulatus,1,289.728
20_80M_37F,Lethrinidae,Lethrinus,punctulatus,1,268.149
20_80M_37F,Lethrinidae,Lethrinus,punctulatus,1,264.455
20_80M_37F,Lethrinidae,Lethrinus,punctulatus,1,258.82
20_80M_37F,Lethrinidae,Lethrinus,punctulatus,1,288.289
20_80M_37F,Lethrinidae,Lethrinus,punctulatus,1,292.305
20_80M_37F,Lethrinidae,Lethrinus,punctulatus,1,313.144
20_80M_37F,Lethrinidae,Lethrinus,punctulatus,1,290.542
20_80M_37F,Lethrinidae,Lethrinus,punctulatus,1,261.556
20_80M_37F,Lethrinidae,Lethrinus,punctulatus,1,292.652
20_80M_37F,Lethrinidae,Lethrinus,punctulatus,1,257.522
20_80M_37F,Lethrinidae,Lethrinus,punctulatus,1,270.206
20_80M_37F,Lethrinidae,Lethrinus,punctulatus,1,281.818
20_80M_37F,Lethrinidae,Lethrinus,punctulatus,1,238.291
20_80M_37N,Lethrinidae,Lethrinus,punctulatus,1,224.124
20_80M_37N,Lethrinidae,Lethrinus,punctulatus,1,218.258
20_80M_37N,Lethrinidae,Lethrinus,punctulatus,1,235.34
20_80M_38N,Lethrinidae,Lethrinus,punctulatus,1,167.372
20_80M_39N,Lethrinidae,Lethrinus,punctulatus,1,206.791
20_80M_39N,Lethrinidae,Lethrinus,punctulatus,1,178.42
20_80M_39N,Lethrinidae,Lethrinus,punctulatus,1,211.055
20_80M_39N,Lethrinidae,Lethrinus,punctulatus,1,175.851
20_80M_39N,Lethrinidae,Lethrinus,punctulatus,1,163.991
20_80M_39N,Lethrinidae,Lethrinus,punctulatus,1,203.829
20_80M_3F,Lethrinidae,Lethrinus,punctulatus,1,231.93
20_80M_3F,Lethrinidae,Lethrinus,punctulatus,1,243.72
20_80M_3F,Lethrinidae,Lethrinus,punctulatus,1,242.853
20_80M_3F,Lethrinidae,Lethrinus,punctulatus,1,250.744
20_80M_3F,Lethrinidae,Lethrinus,punctulatus,1,237.142
20_80M_3F,Lethrinidae,Lethrinus,punctulatus,1,232.411
20_80M_3F,Lethrinidae,Lethrinus,punctulatus,1,242.398
20_80M_40F,Lethrinidae,Lethrinus,punctulatus,1,61.791
20_80M_41F,Lethrinidae,Lethrinus,punctulatus,1,266.287
20_80M_41F,Lethrinidae,Lethrinus,punctulatus,1,215.224
20_80M_41F,Lethrinidae,Lethrinus,punctulatus,1,253.4
20_80M_41F,Lethrinidae,Lethrinus,punctulatus,1,231.859
20_80M_41F,Lethrinidae,Lethrinus,punctulatus,1,255.053
20_80M_41F,Lethrinidae,Lethrinus,punctulatus,1,228.525
20_80M_41F,Lethrinidae,Lethrinus,punctulatus,1,278.53
20_80M_41F,Lethrinidae,Lethrinus,punctulatus,1,244.674
20_80M_41F,Lethrinidae,Lethrinus,punctulatus,1,250.158
20_80M_41F,Lethrinidae,Lethrinus,punctulatus,1,243.987
20_80M_41F,Lethrinidae,Lethrinus,punctulatus,1,264.361
20_80M_41F,Lethrinidae,Lethrinus,punctulatus,1,238.935
20_80M_41F,Lethrinidae,Lethrinus,punctulatus,1,229.033
20_80M_41F,Lethrinidae,Lethrinus,punctulatus,1,235.151
20_80M_41F,Lethrinidae,Lethrinus,punctulatus,1,229.223
20_80M_41F,Lethrinidae,Lethrinus,punctulatus,1,222.549
20_80M_41F,Lethrinidae,Lethrinus,punctulatus,1,253.682
20_80M_41F,Lethrinidae,Lethrinus,punctulatus,1,228.002
20_80M_41F,Lethrinidae,Lethrinus,punctulatus,1,241.799
20_80M_42F,Lethrinidae,Lethrinus,punctulatus,1,308.823
20_80M_42F,Lethrinidae,Lethrinus,punctulatus,1,260.591
20_80M_42F,Lethrinidae,Lethrinus,punctulatus,1,242.804
20_80M_42F,Lethrinidae,Lethrinus,punctulatus,1,255.645
20_80M_42F,Lethrinidae,Lethrinus,punctulatus,1,216.343
20_80M_42F,Lethrinidae,Lethrinus,punctulatus,1,295.071
20_80M_42F,Lethrinidae,Lethrinus,punctulatus,1,275.511
20_80M_42F,Lethrinidae,Lethrinus,punctulatus,1,258.409
20_80M_42F,Lethrinidae,Lethrinus,punctulatus,1,264.248
20_80M_43F,Lethrinidae,Lethrinus,punctulatus,1,296.819
20_80M_43F,Lethrinidae,Lethrinus,punctulatus,1,293.441
20_80M_43F,Lethrinidae,Lethrinus,punctulatus,1,300.365
20_80M_43F,Lethrinidae,Lethrinus,punctulatus,1,284.319
20_80M_44F,Lethrinidae,Lethrinus,punctulatus,1,247.653
20_80M_45F,Lethrinidae,Lethrinus,punctulatus,1,339.878
20_80M_45F,Lethrinidae,Lethrinus,punctulatus,1,254.077
20_80M_45F,Lethrinidae,Lethrinus,punctulatus,1,305.438
20_80M_45F,Lethrinidae,Lethrinus,punctulatus,1,234.43
20_80M_46F,Lethrinidae,Lethrinus,punctulatus,1,250.387
20_80M_46F,Lethrinidae,Lethrinus,punctulatus,1,227.231
20_80M_46F,Lethrinidae,Lethrinus,punctulatus,1,249.086
20_80M_46F,Lethrinidae,Lethrinus,punctulatus,1,275.573
20_80M_46F,Lethrinidae,Lethrinus,punctulatus,1,273.555
20_80M_46F,Lethrinidae,Lethrinus,punctulatus,1,135.686
20_80M_46F,Lethrinidae,Lethrinus,punctulatus,1,283.749
20_80M_49F,Lethrinidae,Lethrinus,punctulatus,1,196.106
20_80M_58F,Lethrinidae,Lethrinus,punctulatus,1,226.15
20_80M_58F,Lethrinidae,Lethrinus,punctulatus,1,218.917
20_80M_58F,Lethrinidae,Lethrinus,punctulatus,1,234.315
20_80M_58F,Lethrinidae,Lethrinus,punctulatus,1,227.509
20_80M_58F,Lethrinidae,Lethrinus,punctulatus,1,227.791
20_80M_58F,Lethrinidae,Lethrinus,punctulatus,1,241.573
20_80M_58F,Lethrinidae,Lethrinus,punctulatus,1,214.34
20_80M_58F,Lethrinidae,Lethrinus,punctulatus,1,239.377
20_80M_58F,Lethrinidae,Lethrinus,punctulatus,1,234.814
20_80M_58F,Lethrinidae,Lethrinus,punctulatus,1,223.554
20_80M_58F,Lethrinidae,Lethrinus,punctulatus,1,227.523
20_80M_58F,Lethrinidae,Lethrinus,punctulatus,1,224.631
20_80M_58F,Lethrinidae,Lethrinus,punctulatus,1,213.27
20_80M_58F,Lethrinidae,Lethrinus,punctulatus,1,210.11
20_80M_58F,Lethrinidae,Lethrinus,punctulatus,1,224.871
20_80M_58F,Lethrinidae,Lethrinus,punctulatus,1,208.935
20_80M_58F,Lethrinidae,Lethrinus,punctulatus,1,226.618
20_80M_58F,Lethrinidae,Lethrinus,punctulatus,1,229.114
20_80M_58F,Lethrinidae,Lethrinus,punctulatus,1,235.365
20_80M_58F,Lethrinidae,Lethrinus,punctulatus,1,188.528
20_80M_58F,Lethrinidae,Lethrinus,punctulatus,1,210.381
20_80M_58F,Lethrinidae,Lethrinus,punctulatus,1,239.518
20_80M_5F,Lethrinidae,Lethrinus,punctulatus,1,208.677
20_80M_5F,Lethrinidae,Lethrinus,punctulatus,1,210.6
20_80M_5F,Lethrinidae,Lethrinus,punctulatus,1,249.641
20_80M_5F,Lethrinidae,Lethrinus,punctulatus,1,212.307
20_80M_5F,Lethrinidae,Lethrinus,punctulatus,1,215.453
20_80M_5F,Lethrinidae,Lethrinus,punctulatus,1,221.727
20_80M_5F,Lethrinidae,Lethrinus,punctulatus,1,213.171
20_80M_5F,Lethrinidae,Lethrinus,punctulatus,1,236.352
20_80M_5F,Lethrinidae,Lethrinus,punctulatus,1,258.462
20_80M_5F,Lethrinidae,Lethrinus,punctulatus,1,218.495
20_80M_5F,Lethrinidae,Lethrinus,punctulatus,1,223.094
20_80M_5F,Lethrinidae,Lethrinus,punctulatus,1,197.276
20_80M_5F,Lethrinidae,Lethrinus,punctulatus,1,240.726
20_80M_5F,Lethrinidae,Lethrinus,punctulatus,1,229.982
20_80M_5F,Lethrinidae,Lethrinus,punctulatus,1,256.883
20_80M_5F,Lethrinidae,Lethrinus,punctulatus,1,219.808
20_80M_5F,Lethrinidae,Lethrinus,punctulatus,1,234.335
20_80M_5F,Lethrinidae,Lethrinus,punctulatus,1,249.407
20_80M_5F,Lethrinidae,Lethrinus,punctulatus,1,257.002
20_80M_5F,Lethrinidae,Lethrinus,punctulatus,1,255.846
20_80M_5F,Lethrinidae,Lethrinus,punctulatus,1,255.94
20_80M_60N,Lethrinidae,Lethrinus,punctulatus,1,206.998
20_80M_63F,Lethrinidae,Lethrinus,punctulatus,1,297.799
20_80M_64F,Lethrinidae,Lethrinus,punctulatus,1,279.932
20_80M_64F,Lethrinidae,Lethrinus,punctulatus,1,285.738
20_80M_64F,Lethrinidae,Lethrinus,punctulatus,1,280.538
20_80M_65N,Lethrinidae,Lethrinus,punctulatus,1,229.326
20_80M_65N,Lethrinidae,Lethrinus,punctulatus,1,228.469
20_80M_65N,Lethrinidae,Lethrinus,punctulatus,1,222.591
20_80M_66F,Lethrinidae,Lethrinus,punctulatus,1,291.635
20_80M_66F,Lethrinidae,Lethrinus,punctulatus,1,270.044
20_80M_66F,Lethrinidae,Lethrinus,punctulatus,1,302.032
20_80M_66N,Lethrinidae,Lethrinus,punctulatus,1,180.947
20_80M_66N,Lethrinidae,Lethrinus,punctulatus,1,186.593
20_80M_66N,Lethrinidae,Lethrinus,punctulatus,1,191.568
20_80M_66N,Lethrinidae,Lethrinus,punctulatus,1,195.027
20_80M_67F,Lethrinidae,Lethrinus,punctulatus,1,243.598
20_80M_67F,Lethrinidae,Lethrinus,punctulatus,1,219.763
20_80M_67F,Lethrinidae,Lethrinus,punctulatus,1,224.424
20_80M_67F,Lethrinidae,Lethrinus,punctulatus,1,237.395
20_80M_67F,Lethrinidae,Lethrinus,punctulatus,1,244.926
20_80M_67F,Lethrinidae,Lethrinus,punctulatus,1,243.549
20_80M_67F,Lethrinidae,Lethrinus,punctulatus,1,238.727
20_80M_67F,Lethrinidae,Lethrinus,punctulatus,1,230.278
20_80M_68F,Lethrinidae,Lethrinus,punctulatus,1,311.915
20_80M_6F,Lethrinidae,Lethrinus,punctulatus,1,282.896
20_80M_6F,Lethrinidae,Lethrinus,punctulatus,1,275.224
20_80M_6F,Lethrinidae,Lethrinus,punctulatus,1,252.061
20_80M_6F,Lethrinidae,Lethrinus,punctulatus,1,276.959
20_80M_6F,Lethrinidae,Lethrinus,punctulatus,1,274.516
20_80M_6F,Lethrinidae,Lethrinus,punctulatus,1,265.227
20_80M_6F,Lethrinidae,Lethrinus,punctulatus,1,251.599
20_80M_6F,Lethrinidae,Lethrinus,punctulatus,1,280.161
20_80M_70F,Lethrinidae,Lethrinus,punctulatus,1,242.62
20_80M_70F,Lethrinidae,Lethrinus,punctulatus,1,234.718
20_80M_70F,Lethrinidae,Lethrinus,punctulatus,1,270.51
20_80M_70F,Lethrinidae,Lethrinus,punctulatus,1,243.863
20_80M_70F,Lethrinidae,Lethrinus,punctulatus,1,275.775
20_80M_70F,Lethrinidae,Lethrinus,punctulatus,1,239.136
20_80M_70F,Lethrinidae,Lethrinus,punctulatus,1,246.35
20_80M_70F,Lethrinidae,Lethrinus,punctulatus,1,263.768
20_80M_75F,Lethrinidae,Lethrinus,punctulatus,1,83.927
20_80M_75F,Lethrinidae,Lethrinus,punctulatus,1,98.163
20_80M_75F,Lethrinidae,Lethrinus,punctulatus,1,74.998
20_80M_75F,Lethrinidae,Lethrinus,punctulatus,1,77.239
20_80M_75F,Lethrinidae,Lethrinus,punctulatus,1,73.647
20_80M_75F,Lethrinidae,Lethrinus,punctulatus,1,95.352
20_80M_75F,Lethrinidae,Lethrinus,punctulatus,1,66.783
20_80M_75F,Lethrinidae,Lethrinus,punctulatus,1,68.112
20_80M_76F,Lethrinidae,Lethrinus,punctulatus,1,47.594
20_80M_76F,Lethrinidae,Lethrinus,punctulatus,1,53.826
20_80M_77F,Lethrinidae,Lethrinus,punctulatus,1,238.014
20_80M_77F,Lethrinidae,Lethrinus,punctulatus,1,250.06
20_80M_77F,Lethrinidae,Lethrinus,punctulatus,1,283.274
20_80M_77F,Lethrinidae,Lethrinus,punctulatus,1,250.243
20_80M_77F,Lethrinidae,Lethrinus,punctulatus,1,232.093
20_80M_77F,Lethrinidae,Lethrinus,punctulatus,1,238.267
20_80M_77F,Lethrinidae,Lethrinus,punctulatus,1,261.802
20_80M_7F,Lethrinidae,Lethrinus,punctulatus,1,226.345
20_80M_7F,Lethrinidae,Lethrinus,punctulatus,1,222.717
20_80M_7F,Lethrinidae,Lethrinus,punctulatus,1,229.149
20_80M_7F,Lethrinidae,Lethrinus,punctulatus,1,226.64
20_80M_7F,Lethrinidae,Lethrinus,punctulatus,1,213.08
20_80M_7F,Lethrinidae,Lethrinus,punctulatus,1,221.644
20_80M_7F,Lethrinidae,Lethrinus,punctulatus,1,232.19
20_80M_7F,Lethrinidae,Lethrinus,punctulatus,1,238.496
20_80M_7F,Lethrinidae,Lethrinus,punctulatus,1,193.374
20_80M_7F,Lethrinidae,Lethrinus,punctulatus,1,284.519
20_80M_7F,Lethrinidae,Lethrinus,punctulatus,1,240.776
20_80M_7F,Lethrinidae,Lethrinus,punctulatus,1,224.391
20_80M_7F,Lethrinidae,Lethrinus,punctulatus,1,234.043
20_80M_7F,Lethrinidae,Lethrinus,punctulatus,1,235.64
20_80M_7F,Lethrinidae,Lethrinus,punctulatus,1,229.784
20_80M_7F,Lethrinidae,Lethrinus,punctulatus,1,240.007
20_80M_7F,Lethrinidae,Lethrinus,punctulatus,1,224.863
20_80M_7F,Lethrinidae,Lethrinus,punctulatus,1,231.723
20_80M_7F,Lethrinidae,Lethrinus,punctulatus,1,231.116
20_80M_7F,Lethrinidae,Lethrinus,punctulatus,1,235.955
20_80M_80F,Lethrinidae,Lethrinus,punctulatus,1,292.604
20_80M_80F,Lethrinidae,Lethrinus,punctulatus,1,273.351
20_80M_80F,Lethrinidae,Lethrinus,punctulatus,1,281.139
20_80M_80F,Lethrinidae,Lethrinus,punctulatus,1,274.199
20_80M_81F,Lethrinidae,Lethrinus,punctulatus,1,241.945
20_80M_81F,Lethrinidae,Lethrinus,punctulatus,1,249.129
20_80M_81F,Lethrinidae,Lethrinus,punctulatus,1,246.539
20_80M_81F,Lethrinidae,Lethrinus,punctulatus,1,219.855
20_80M_81F,Lethrinidae,Lethrinus,punctulatus,1,244.552
20_80M_81F,Lethrinidae,Lethrinus,punctulatus,1,233.74
20_80M_81F,Lethrinidae,Lethrinus,punctulatus,1,213.678
20_80M_81F,Lethrinidae,Lethrinus,punctulatus,1,245.52
20_80M_81F,Lethrinidae,Lethrinus,punctulatus,1,228.587
20_80M_81F,Lethrinidae,Lethrinus,punctulatus,1,248.053
20_80M_83F,Lethrinidae,Lethrinus,punctulatus,1,291.091
20_80M_83F,Lethrinidae,Lethrinus,punctulatus,1,271.883
20_80M_83F,Lethrinidae,Lethrinus,punctulatus,1,287.219
20_80M_87N,Lethrinidae,Lethrinus,punctulatus,1,233.298
20_80M_88N,Lethrinidae,Lethrinus,punctulatus,1,193.372
20_80M_89F,Lethrinidae,Lethrinus,punctulatus,1,245.443
20_80M_89F,Lethrinidae,Lethrinus,punctulatus,1,260.719
20_80M_89F,Lethrinidae,Lethrinus,punctulatus,1,276.702
20_80M_89F,Lethrinidae,Lethrinus,punctulatus,1,288.431
20_80M_89F,Lethrinidae,Lethrinus,punctulatus,1,285.612
20_80M_89F,Lethrinidae,Lethrinus,punctulatus,1,246.275
20_80M_89F,Lethrinidae,Lethrinus,punctulatus,1,274.085
20_80M_90F,Lethrinidae,Lethrinus,punctulatus,1,251.471
20_80M_90F,Lethrinidae,Lethrinus,punctulatus,1,292.616
20_80M_90F,Lethrinidae,Lethrinus,punctulatus,1,237.062
20_80M_90F,Lethrinidae,Lethrinus,punctulatus,1,266.633
20_80M_90F,Lethrinidae,Lethrinus,punctulatus,1,294.039
20_80M_90F,Lethrinidae,Lethrinus,punctulatus,1,227.577
20_80M_90F,Lethrinidae,Lethrinus,punctulatus,1,233.323
20_80M_90F,Lethrinidae,Lethrinus,punctulatus,1,271.717
20_80M_90F,Lethrinidae,Lethrinus,punctulatus,1,279.195
20_80M_90F,Lethrinidae,Lethrinus,punctulatus,1,289.75
20_80M_90F,Lethrinidae,Lethrinus,punctulatus,1,234.894
20_80M_90F,Lethrinidae,Lethrinus,punctulatus,1,260.178
20_80M_90F,Lethrinidae,Lethrinus,punctulatus,1,239.215
20_80M_90F,Lethrinidae,Lethrinus,punctulatus,1,280.286
20_80M_90F,Lethrinidae,Lethrinus,punctulatus,1,275.596
20_80M_93F,Lethrinidae,Lethrinus,punctulatus,1,57.372
20_80M_93F,Lethrinidae,Lethrinus,punctulatus,1,46.321
20_80M_96F,Lethrinidae,Lethrinus,punctulatus,1,68.464
20_80M_96F,Lethrinidae,Lethrinus,punctulatus,1,53.404
20_80M_97F,Lethrinidae,Lethrinus,punctulatus,1,217.407
20_80M_97F,Lethrinidae,Lethrinus,punctulatus,1,210.725
20_80M_97F,Lethrinidae,Lethrinus,punctulatus,1,208.239
20_80M_97F,Lethrinidae,Lethrinus,punctulatus,1,209.246
20_80M_97F,Lethrinidae,Lethrinus,punctulatus,1,205.161
20_80M_97F,Lethrinidae,Lethrinus,punctulatus,1,211.176
20_80M_97F,Lethrinidae,Lethrinus,punctulatus,1,207.075
20_80M_97F,Lethrinidae,Lethrinus,punctulatus,1,223.129
20_80M_97F,Lethrinidae,Lethrinus,punctulatus,1,206.6
20_80M_97F,Lethrinidae,Lethrinus,punctulatus,1,214.918
20_80M_97F,Lethrinidae,Lethrinus,punctulatus,1,202.286
20_80M_97F,Lethrinidae,Lethrinus,punctulatus,1,209.424
20_80M_97F,Lethrinidae,Lethrinus,punctulatus,1,203.056
20_80M_97F,Lethrinidae,Lethrinus,punctulatus,1,204.485
20_80M_97F,Lethrinidae,Lethrinus,punctulatus,1,211.034
20_80M_97F,Lethrinidae,Lethrinus,punctulatus,1,212.791
20_80M_97F,Lethrinidae,Lethrinus,punctulatus,1,210.879
20_80M_97F,Lethrinidae,Lethrinus,punctulatus,1,211.203
20_80M_97F,Lethrinidae,Lethrinus,punctulatus,1,209.716
20_80M_98N,Lethrinidae,Lethrinus,punctulatus,1,213.487
20_80M_9F,Lethrinidae,Lethrinus,punctulatus,1,56.874
20_80M_100N,Lutjanidae,Lutjanus,carponotatus,1,212.405
20_80M_100N,Lutjanidae,Lutjanus,carponotatus,1,192.674
20_80M_101N,Lutjanidae,Lutjanus,carponotatus,1,208.674
20_80M_101N,Lutjanidae,Lutjanus,carponotatus,1,217.043
20_80M_10N,Lutjanidae,Lutjanus,carponotatus,1,243.122
20_80M_10N,Lutjanidae,Lutjanus,carponotatus,1,228.258
20_80M_112N,Lutjanidae,Lutjanus,carponotatus,1,256.962
20_80M_112N,Lutjanidae,Lutjanus,carponotatus,1,311.459
20_80M_114N,Lutjanidae,Lutjanus,carponotatus,1,263.78
20_80M_118N,Lutjanidae,Lutjanus,carponotatus,1,285.592
20_80M_118N,Lutjanidae,Lutjanus,carponotatus,1,274.81
20_80M_119N,Lutjanidae,Lutjanus,carponotatus,1,282.641
20_80M_121N,Lutjanidae,Lutjanus,carponotatus,1,318.074
20_80M_123N,Lutjanidae,Lutjanus,carponotatus,1,277.031
20_80M_132N,Lutjanidae,Lutjanus,carponotatus,1,269.94
20_80M_133N,Lutjanidae,Lutjanus,carponotatus,1,304.155
20_80M_14F,Lutjanidae,Lutjanus,carponotatus,1,250.966
20_80M_17F,Lutjanidae,Lutjanus,carponotatus,1,278.903
20_80M_18F,Lutjanidae,Lutjanus,carponotatus,1,275.507
20_80M_18F,Lutjanidae,Lutjanus,carponotatus,1,263.965
20_80M_18F,Lutjanidae,Lutjanus,carponotatus,1,310.189
20_80M_26N,Lutjanidae,Lutjanus,carponotatus,1,280.429
20_80M_27F,Lutjanidae,Lutjanus,carponotatus,1,279.912
20_80M_34F,Lutjanidae,Lutjanus,carponotatus,1,302.142
20_80M_34F,Lutjanidae,Lutjanus,carponotatus,1,246.367
20_80M_35F,Lutjanidae,Lutjanus,carponotatus,1,243.332
20_80M_35F,Lutjanidae,Lutjanus,carponotatus,1,248.829
20_80M_35F,Lutjanidae,Lutjanus,carponotatus,1,294.273
20_80M_36F,Lutjanidae,Lutjanus,carponotatus,1,273.322
20_80M_36N,Lutjanidae,Lutjanus,carponotatus,1,221.426
20_80M_36N,Lutjanidae,Lutjanus,carponotatus,1,178.279
20_80M_36N,Lutjanidae,Lutjanus,carponotatus,1,198.639
20_80M_36N,Lutjanidae,Lutjanus,carponotatus,1,205.579
20_80M_36N,Lutjanidae,Lutjanus,carponotatus,1,216.599
20_80M_36N,Lutjanidae,Lutjanus,carponotatus,1,215.698
20_80M_36N,Lutjanidae,Lutjanus,carponotatus,1,181.589
20_80M_36N,Lutjanidae,Lutjanus,carponotatus,1,212.839
20_80M_36N,Lutjanidae,Lutjanus,carponotatus,1,220.698
20_80M_36N,Lutjanidae,Lutjanus,carponotatus,1,156.665
20_80M_36N,Lutjanidae,Lutjanus,carponotatus,1,201.611
20_80M_36N,Lutjanidae,Lutjanus,carponotatus,1,188.137
20_80M_37F,Lutjanidae,Lutjanus,carponotatus,1,234.992
20_80M_37F,Lutjanidae,Lutjanus,carponotatus,1,388.861
20_80M_37F,Lutjanidae,Lutjanus,carponotatus,1,279.669
20_80M_37F,Lutjanidae,Lutjanus,carponotatus,1,267.362
20_80M_37F,Lutjanidae,Lutjanus,carponotatus,1,240.574
20_80M_37F,Lutjanidae,Lutjanus,carponotatus,1,241.976
20_80M_37F,Lutjanidae,Lutjanus,carponotatus,1,318.771
20_80M_37F,Lutjanidae,Lutjanus,carponotatus,1,217.893
20_80M_37F,Lutjanidae,Lutjanus,carponotatus,1,218.002
20_80M_37F,Lutjanidae,Lutjanus,carponotatus,1,317.21
20_80M_37F,Lutjanidae,Lutjanus,carponotatus,1,279.816
20_80M_37F,Lutjanidae,Lutjanus,carponotatus,1,257.58
20_80M_37F,Lutjanidae,Lutjanus,carponotatus,1,246.932
20_80M_37F,Lutjanidae,Lutjanus,carponotatus,1,261.201
20_80M_37F,Lutjanidae,Lutjanus,carponotatus,1,289.626
20_80M_37F,Lutjanidae,Lutjanus,carponotatus,1,245.196
20_80M_37F,Lutjanidae,Lutjanus,carponotatus,1,181.4
20_80M_37F,Lutjanidae,Lutjanus,carponotatus,1,233.017
20_80M_37F,Lutjanidae,Lutjanus,carponotatus,1,270.439
20_80M_37F,Lutjanidae,Lutjanus,carponotatus,1,265.359
20_80M_37F,Lutjanidae,Lutjanus,carponotatus,1,251.38
20_80M_37F,Lutjanidae,Lutjanus,carponotatus,1,272.606
20_80M_37F,Lutjanidae,Lutjanus,carponotatus,1,247.655
20_80M_37F,Lutjanidae,Lutjanus,carponotatus,1,250.054
20_80M_37F,Lutjanidae,Lutjanus,carponotatus,1,274.604
20_80M_37F,Lutjanidae,Lutjanus,carponotatus,1,257.045
20_80M_37F,Lutjanidae,Lutjanus,carponotatus,1,277.33
20_80M_37F,Lutjanidae,Lutjanus,carponotatus,1,258.004
20_80M_37F,Lutjanidae,Lutjanus,carponotatus,1,287.695
20_80M_37N,Lutjanidae,Lutjanus,carponotatus,1,274.659
20_80M_37N,Lutjanidae,Lutjanus,carponotatus,1,223.972
20_80M_37N,Lutjanidae,Lutjanus,carponotatus,1,239.687
20_80M_38N,Lutjanidae,Lutjanus,carponotatus,1,171.813
20_80M_38N,Lutjanidae,Lutjanus,carponotatus,1,182.071
20_80M_38N,Lutjanidae,Lutjanus,carponotatus,1,166.81
20_80M_38N,Lutjanidae,Lutjanus,carponotatus,1,181.631
20_80M_41F,Lutjanidae,Lutjanus,carponotatus,1,259.682
20_80M_43F,Lutjanidae,Lutjanus,carponotatus,1,330.081
20_80M_43F,Lutjanidae,Lutjanus,carponotatus,1,297.968
20_80M_43F,Lutjanidae,Lutjanus,carponotatus,1,298.771
20_80M_5F,Lutjanidae,Lutjanus,carponotatus,1,268.943
20_80M_5F,Lutjanidae,Lutjanus,carponotatus,1,231.054
20_80M_5F,Lutjanidae,Lutjanus,carponotatus,1,274.152
20_80M_60N,Lutjanidae,Lutjanus,carponotatus,1,188.373
20_80M_63F,Lutjanidae,Lutjanus,carponotatus,1,288.954
20_80M_64N,Lutjanidae,Lutjanus,carponotatus,1,245.843
20_80M_64N,Lutjanidae,Lutjanus,carponotatus,1,276.132
20_80M_64N,Lutjanidae,Lutjanus,carponotatus,1,237.836
20_80M_65N,Lutjanidae,Lutjanus,carponotatus,1,259.699
20_80M_65N,Lutjanidae,Lutjanus,carponotatus,1,271.148
20_80M_66F,Lutjanidae,Lutjanus,carponotatus,1,262.609
20_80M_66N,Lutjanidae,Lutjanus,carponotatus,1,234.222
20_80M_66N,Lutjanidae,Lutjanus,carponotatus,1,286.212
20_80M_67N,Lutjanidae,Lutjanus,carponotatus,1,159.826
20_80M_67N,Lutjanidae,Lutjanus,carponotatus,1,159.367
20_80M_67N,Lutjanidae,Lutjanus,carponotatus,1,174.581
20_80M_67N,Lutjanidae,Lutjanus,carponotatus,1,170.138
20_80M_6F,Lutjanidae,Lutjanus,carponotatus,1,254.627
20_80M_6F,Lutjanidae,Lutjanus,carponotatus,1,246.501
20_80M_70F,Lutjanidae,Lutjanus,carponotatus,1,283.673
20_80M_76F,Lutjanidae,Lutjanus,carponotatus,1,297.527
20_80M_7F,Lutjanidae,Lutjanus,carponotatus,1,272.335
20_80M_7F,Lutjanidae,Lutjanus,carponotatus,1,251.436
20_80M_7F,Lutjanidae,Lutjanus,carponotatus,1,314.076
20_80M_7N,Lutjanidae,Lutjanus,carponotatus,1,301.947
20_80M_7N,Lutjanidae,Lutjanus,carponotatus,1,347.257
20_80M_7N,Lutjanidae,Lutjanus,carponotatus,1,324.462
20_80M_87N,Lutjanidae,Lutjanus,carponotatus,1,227.225
20_80M_87N,Lutjanidae,Lutjanus,carponotatus,1,212.583
20_80M_87N,Lutjanidae,Lutjanus,carponotatus,1,214.161
20_80M_87N,Lutjanidae,Lutjanus,carponotatus,1,216.884
20_80M_87N,Lutjanidae,Lutjanus,carponotatus,1,238.622
20_80M_87N,Lutjanidae,Lutjanus,carponotatus,1,229.214
20_80M_87N,Lutjanidae,Lutjanus,carponotatus,1,202.981
20_80M_88N,Lutjanidae,Lutjanus,carponotatus,1,222.676
20_80M_89N,Lutjanidae,Lutjanus,carponotatus,1,257.156
20_80M_89N,Lutjanidae,Lutjanus,carponotatus,1,260.253
20_80M_90F,Lutjanidae,Lutjanus,carponotatus,1,297.522
20_80M_90N,Lutjanidae,Lutjanus,carponotatus,1,319.104
20_80M_92N,Lutjanidae,Lutjanus,carponotatus,1,152.093
20_80M_92N,Lutjanidae,Lutjanus,carponotatus,1,149.528
20_80M_98N,Lutjanidae,Lutjanus,carponotatus,1,298.088
20_80M_9N,Lutjanidae,Lutjanus,carponotatus,1,259.317
20_80M_9N,Lutjanidae,Lutjanus,carponotatus,1,257.689
20_80M_82N,Lutjanidae,Lutjanus,erythropterus,1,163.775
20_80M_82N,Lutjanidae,Lutjanus,fulviflamma,1,131.51
20_80M_112N,Lutjanidae,Lutjanus,lemniscatus,1,285.908
20_80M_121N,Lutjanidae,Lutjanus,lemniscatus,1,317.046
20_80M_132N,Lutjanidae,Lutjanus,lemniscatus,1,289.99
20_80M_132N,Lutjanidae,Lutjanus,lemniscatus,1,330.733
20_80M_133N,Lutjanidae,Lutjanus,lemniscatus,1,376.292
20_80M_133N,Lutjanidae,Lutjanus,lemniscatus,1,322.575
20_80M_34F,Lutjanidae,Lutjanus,lemniscatus,1,295.044
20_80M_35F,Lutjanidae,Lutjanus,lemniscatus,1,341.379
20_80M_37F,Lutjanidae,Lutjanus,lemniscatus,1,335.763
20_80M_6F,Lutjanidae,Lutjanus,lemniscatus,1,352.586
20_80M_6F,Lutjanidae,Lutjanus,lemniscatus,1,314.239
20_80M_7F,Lutjanidae,Lutjanus,lemniscatus,1,290.18
20_80M_80F,Lutjanidae,Lutjanus,lemniscatus,1,293.792
20_80M_83F,Lutjanidae,Lutjanus,lemniscatus,1,342.012
20_80M_82N,Lutjanidae,Lutjanus,malabaricus,1,181.933
20_80M_82N,Lutjanidae,Lutjanus,malabaricus,1,173.79
20_80M_82N,Lutjanidae,Lutjanus,malabaricus,1,183.005
20_80M_82N,Lutjanidae,Lutjanus,malabaricus,1,165.692
20_80M_82N,Lutjanidae,Lutjanus,malabaricus,1,194.487
20_80M_82N,Lutjanidae,Lutjanus,malabaricus,1,430.634
20_80M_90N,Lutjanidae,Lutjanus,malabaricus,1,257.634
20_80M_98N,Lutjanidae,Lutjanus,malabaricus,1,294.245
20_80M_98N,Lutjanidae,Lutjanus,malabaricus,1,262.263
20_80M_90N,Lutjanidae,Lutjanus,monostigma,1,266.65
20_80M_90N,Lutjanidae,Lutjanus,monostigma,1,247.785
20_80M_90N,Lutjanidae,Lutjanus,monostigma,1,225.724
20_80M_38N,Lutjanidae,Lutjanus,quinquelineatus,1,170.196
20_80M_38N,Lutjanidae,Lutjanus,quinquelineatus,1,158.227
20_80M_38N,Lutjanidae,Lutjanus,quinquelineatus,1,163.213
20_80M_38N,Lutjanidae,Lutjanus,quinquelineatus,1,175.793
20_80M_38N,Lutjanidae,Lutjanus,quinquelineatus,1,159.943
20_80M_38N,Lutjanidae,Lutjanus,quinquelineatus,1,172.083
20_80M_38N,Lutjanidae,Lutjanus,quinquelineatus,1,154.245
20_80M_38N,Lutjanidae,Lutjanus,quinquelineatus,1,170.433
20_80M_38N,Lutjanidae,Lutjanus,quinquelineatus,1,149.759
20_80M_38N,Lutjanidae,Lutjanus,quinquelineatus,1,158.999
20_80M_82N,Lutjanidae,Lutjanus,russellii,1,145.609
20_80M_133N,Lutjanidae,Lutjanus,sebae,1,382.966
20_80M_45F,Lutjanidae,Lutjanus,sebae,1,326.069
20_80M_64F,Lutjanidae,Lutjanus,sebae,1,390.384
20_80M_101N,Lutjanidae,Lutjanus,vitta,1,205.139
20_80M_103F,Lutjanidae,Lutjanus,vitta,1,171.619
20_80M_103F,Lutjanidae,Lutjanus,vitta,1,179.597
20_80M_103F,Lutjanidae,Lutjanus,vitta,1,214.438
20_80M_103F,Lutjanidae,Lutjanus,vitta,1,182.766
20_80M_103F,Lutjanidae,Lutjanus,vitta,1,178.583
20_80M_103F,Lutjanidae,Lutjanus,vitta,1,177.708
20_80M_104F,Lutjanidae,Lutjanus,vitta,1,188.657
20_80M_104F,Lutjanidae,Lutjanus,vitta,1,165.402
20_80M_106N,Lutjanidae,Lutjanus,vitta,1,130.891
20_80M_106N,Lutjanidae,Lutjanus,vitta,1,152.603
20_80M_10F,Lutjanidae,Lutjanus,vitta,1,165.467
20_80M_10F,Lutjanidae,Lutjanus,vitta,1,144.041
20_80M_111N,Lutjanidae,Lutjanus,vitta,1,177.425
20_80M_11F,Lutjanidae,Lutjanus,vitta,1,173.234
20_80M_11F,Lutjanidae,Lutjanus,vitta,1,169.272
20_80M_11F,Lutjanidae,Lutjanus,vitta,1,167.114
20_80M_123N,Lutjanidae,Lutjanus,vitta,1,249.234
20_80M_125N,Lutjanidae,Lutjanus,vitta,1,190.028
20_80M_125N,Lutjanidae,Lutjanus,vitta,1,199.544
20_80M_125N,Lutjanidae,Lutjanus,vitta,1,216.641
20_80M_125N,Lutjanidae,Lutjanus,vitta,1,209.523
20_80M_125N,Lutjanidae,Lutjanus,vitta,1,195.159
20_80M_125N,Lutjanidae,Lutjanus,vitta,1,175.486
20_80M_125N,Lutjanidae,Lutjanus,vitta,1,185.176
20_80M_125N,Lutjanidae,Lutjanus,vitta,1,180.057
20_80M_125N,Lutjanidae,Lutjanus,vitta,1,179.082
20_80M_125N,Lutjanidae,Lutjanus,vitta,1,207.968
20_80M_125N,Lutjanidae,Lutjanus,vitta,1,170.024
20_80M_125N,Lutjanidae,Lutjanus,vitta,1,213.841
20_80M_125N,Lutjanidae,Lutjanus,vitta,1,213.899
20_80M_125N,Lutjanidae,Lutjanus,vitta,1,168.545
20_80M_125N,Lutjanidae,Lutjanus,vitta,1,184.986
20_80M_125N,Lutjanidae,Lutjanus,vitta,1,194.53
20_80M_125N,Lutjanidae,Lutjanus,vitta,1,195.959
20_80M_125N,Lutjanidae,Lutjanus,vitta,1,211.921
20_80M_125N,Lutjanidae,Lutjanus,vitta,1,196.87
20_80M_125N,Lutjanidae,Lutjanus,vitta,1,178.457
20_80M_125N,Lutjanidae,Lutjanus,vitta,1,202.192
20_80M_125N,Lutjanidae,Lutjanus,vitta,1,184.401
20_80M_125N,Lutjanidae,Lutjanus,vitta,1,192.3
20_80M_128N,Lutjanidae,Lutjanus,vitta,1,88.094
20_80M_12F,Lutjanidae,Lutjanus,vitta,1,163.441
20_80M_12F,Lutjanidae,Lutjanus,vitta,1,188.576
20_80M_12F,Lutjanidae,Lutjanus,vitta,1,162.225
20_80M_130N,Lutjanidae,Lutjanus,vitta,1,294.397
20_80M_130N,Lutjanidae,Lutjanus,vitta,1,272.918
20_80M_13F,Lutjanidae,Lutjanus,vitta,1,147.162
20_80M_13F,Lutjanidae,Lutjanus,vitta,1,150.744
20_80M_13F,Lutjanidae,Lutjanus,vitta,1,152.353
20_80M_13F,Lutjanidae,Lutjanus,vitta,1,165.969
20_80M_13N,Lutjanidae,Lutjanus,vitta,1,196.381
20_80M_14N,Lutjanidae,Lutjanus,vitta,1,181.61
20_80M_14N,Lutjanidae,Lutjanus,vitta,1,178.554
20_80M_20F,Lutjanidae,Lutjanus,vitta,1,184.825
20_80M_20F,Lutjanidae,Lutjanus,vitta,1,164.446
20_80M_20F,Lutjanidae,Lutjanus,vitta,1,167.895
20_80M_20F,Lutjanidae,Lutjanus,vitta,1,181.229
20_80M_20F,Lutjanidae,Lutjanus,vitta,1,172.667
20_80M_23F,Lutjanidae,Lutjanus,vitta,1,186.102
20_80M_23F,Lutjanidae,Lutjanus,vitta,1,181.596
20_80M_23F,Lutjanidae,Lutjanus,vitta,1,173.548
20_80M_23F,Lutjanidae,Lutjanus,vitta,1,166.226
20_80M_23F,Lutjanidae,Lutjanus,vitta,1,185.999
20_80M_23F,Lutjanidae,Lutjanus,vitta,1,195.781
20_80M_23F,Lutjanidae,Lutjanus,vitta,1,183.016
20_80M_23F,Lutjanidae,Lutjanus,vitta,1,179.057
20_80M_23F,Lutjanidae,Lutjanus,vitta,1,164.119
20_80M_23F,Lutjanidae,Lutjanus,vitta,1,184.348
20_80M_23F,Lutjanidae,Lutjanus,vitta,1,186.578
20_80M_23F,Lutjanidae,Lutjanus,vitta,1,172.474
20_80M_23F,Lutjanidae,Lutjanus,vitta,1,178.784
20_80M_23F,Lutjanidae,Lutjanus,vitta,1,190.454
20_80M_24N,Lutjanidae,Lutjanus,vitta,1,178.025
20_80M_25N,Lutjanidae,Lutjanus,vitta,1,169.535
20_80M_25N,Lutjanidae,Lutjanus,vitta,1,169.643
20_80M_26N,Lutjanidae,Lutjanus,vitta,1,165.605
20_80M_26N,Lutjanidae,Lutjanus,vitta,1,164.184
20_80M_26N,Lutjanidae,Lutjanus,vitta,1,202.951
20_80M_27N,Lutjanidae,Lutjanus,vitta,1,190.147
20_80M_27N,Lutjanidae,Lutjanus,vitta,1,200.276
20_80M_27N,Lutjanidae,Lutjanus,vitta,1,173.792
20_80M_27N,Lutjanidae,Lutjanus,vitta,1,183.55
20_80M_28F,Lutjanidae,Lutjanus,vitta,1,241.125
20_80M_28N,Lutjanidae,Lutjanus,vitta,1,183.998
20_80M_28N,Lutjanidae,Lutjanus,vitta,1,178.588
20_80M_28N,Lutjanidae,Lutjanus,vitta,1,182.842
20_80M_28N,Lutjanidae,Lutjanus,vitta,1,175.421
20_80M_28N,Lutjanidae,Lutjanus,vitta,1,169.763
20_80M_28N,Lutjanidae,Lutjanus,vitta,1,178.524
20_80M_2F,Lutjanidae,Lutjanus,vitta,1,219.827
20_80M_2F,Lutjanidae,Lutjanus,vitta,1,225.037
20_80M_2F,Lutjanidae,Lutjanus,vitta,1,237.815
20_80M_2F,Lutjanidae,Lutjanus,vitta,1,199.546
20_80M_36N,Lutjanidae,Lutjanus,vitta,1,192.169
20_80M_38N,Lutjanidae,Lutjanus,vitta,1,182.768
20_80M_38N,Lutjanidae,Lutjanus,vitta,1,166.284
20_80M_38N,Lutjanidae,Lutjanus,vitta,1,176.729
20_80M_38N,Lutjanidae,Lutjanus,vitta,1,172.567
20_80M_38N,Lutjanidae,Lutjanus,vitta,1,176.332
20_80M_38N,Lutjanidae,Lutjanus,vitta,1,167.232
20_80M_38N,Lutjanidae,Lutjanus,vitta,1,174.936
20_80M_39N,Lutjanidae,Lutjanus,vitta,1,182.736
20_80M_39N,Lutjanidae,Lutjanus,vitta,1,170.949
20_80M_49F,Lutjanidae,Lutjanus,vitta,1,181.555
20_80M_49F,Lutjanidae,Lutjanus,vitta,1,189.306
20_80M_49F,Lutjanidae,Lutjanus,vitta,1,211.358
20_80M_54N,Lutjanidae,Lutjanus,vitta,1,169.355
20_80M_54N,Lutjanidae,Lutjanus,vitta,1,163.715
20_80M_54N,Lutjanidae,Lutjanus,vitta,1,181.98
20_80M_54N,Lutjanidae,Lutjanus,vitta,1,160.993
20_80M_56N,Lutjanidae,Lutjanus,vitta,1,158.796
20_80M_56N,Lutjanidae,Lutjanus,vitta,1,183.636
20_80M_56N,Lutjanidae,Lutjanus,vitta,1,154.327
20_80M_5N,Lutjanidae,Lutjanus,vitta,1,191.412
20_80M_5N,Lutjanidae,Lutjanus,vitta,1,169.144
20_80M_5N,Lutjanidae,Lutjanus,vitta,1,159.598
20_80M_5N,Lutjanidae,Lutjanus,vitta,1,171.959
20_80M_60N,Lutjanidae,Lutjanus,vitta,1,160.717
20_80M_60N,Lutjanidae,Lutjanus,vitta,1,205.493
20_80M_60N,Lutjanidae,Lutjanus,vitta,1,177.618
20_80M_60N,Lutjanidae,Lutjanus,vitta,1,165.931
20_80M_60N,Lutjanidae,Lutjanus,vitta,1,197.588
20_80M_60N,Lutjanidae,Lutjanus,vitta,1,167.614
20_80M_60N,Lutjanidae,Lutjanus,vitta,1,210.387
20_80M_60N,Lutjanidae,Lutjanus,vitta,1,182.963
20_80M_60N,Lutjanidae,Lutjanus,vitta,1,148.548
20_80M_60N,Lutjanidae,Lutjanus,vitta,1,189.918
20_80M_60N,Lutjanidae,Lutjanus,vitta,1,163.334
20_80M_60N,Lutjanidae,Lutjanus,vitta,1,164.474
20_80M_60N,Lutjanidae,Lutjanus,vitta,1,172.125
20_80M_60N,Lutjanidae,Lutjanus,vitta,1,175.683
20_80M_60N,Lutjanidae,Lutjanus,vitta,1,160.146
20_80M_60N,Lutjanidae,Lutjanus,vitta,1,196.84
20_80M_60N,Lutjanidae,Lutjanus,vitta,1,195.049
20_80M_60N,Lutjanidae,Lutjanus,vitta,1,181.305
20_80M_60N,Lutjanidae,Lutjanus,vitta,1,180.821
20_80M_60N,Lutjanidae,Lutjanus,vitta,1,163.522
20_80M_60N,Lutjanidae,Lutjanus,vitta,1,168.228
20_80M_62F,Lutjanidae,Lutjanus,vitta,1,170.638
20_80M_63N,Lutjanidae,Lutjanus,vitta,1,176.755
20_80M_67N,Lutjanidae,Lutjanus,vitta,1,157.155
20_80M_67N,Lutjanidae,Lutjanus,vitta,1,143.289
20_80M_67N,Lutjanidae,Lutjanus,vitta,1,144.359
20_80M_67N,Lutjanidae,Lutjanus,vitta,1,149.727
20_80M_67N,Lutjanidae,Lutjanus,vitta,1,139.264
20_80M_82N,Lutjanidae,Lutjanus,vitta,1,151.718
20_80M_84F,Lutjanidae,Lutjanus,vitta,1,105.982
20_80M_84N,Lutjanidae,Lutjanus,vitta,1,163.023
20_80M_85N,Lutjanidae,Lutjanus,vitta,1,158.384
20_80M_88F,Lutjanidae,Lutjanus,vitta,1,279.948
20_80M_88F,Lutjanidae,Lutjanus,vitta,1,261.608
20_80M_88F,Lutjanidae,Lutjanus,vitta,1,284.498
20_80M_88F,Lutjanidae,Lutjanus,vitta,1,258.586
20_80M_88F,Lutjanidae,Lutjanus,vitta,1,231.588
20_80M_88F,Lutjanidae,Lutjanus,vitta,1,238.143
20_80M_90N,Lutjanidae,Lutjanus,vitta,1,154.188
20_80M_90N,Lutjanidae,Lutjanus,vitta,1,169.95
20_80M_90N,Lutjanidae,Lutjanus,vitta,1,167.39
20_80M_91N,Lutjanidae,Lutjanus,vitta,1,155.238
20_80M_91N,Lutjanidae,Lutjanus,vitta,1,141.835
20_80M_91N,Lutjanidae,Lutjanus,vitta,1,142.871
20_80M_91N,Lutjanidae,Lutjanus,vitta,1,145.284
20_80M_91N,Lutjanidae,Lutjanus,vitta,1,165.317
20_80M_91N,Lutjanidae,Lutjanus,vitta,1,184.617
20_80M_91N,Lutjanidae,Lutjanus,vitta,1,164.841
20_80M_92N,Lutjanidae,Lutjanus,vitta,1,168.514
20_80M_92N,Lutjanidae,Lutjanus,vitta,1,123.175
20_80M_92N,Lutjanidae,Lutjanus,vitta,1,138.194
20_80M_92N,Lutjanidae,Lutjanus,vitta,1,145.631
20_80M_92N,Lutjanidae,Lutjanus,vitta,1,156.203
20_80M_99N,Lutjanidae,Lutjanus,vitta,1,132.893
20_80M_99N,Lutjanidae,Lutjanus,vitta,1,153.676
20_80M_99N,Lutjanidae,Lutjanus,vitta,1,126.385
20_80M_99N,Lutjanidae,Lutjanus,vitta,1,156.929
20_80M_99N,Lutjanidae,Lutjanus,vitta,1,155.815
20_80M_99N,Lutjanidae,Lutjanus,vitta,1,166.26
20_80M_99N,Lutjanidae,Lutjanus,vitta,1,153.499
20_80M_99N,Lutjanidae,Lutjanus,vitta,1,153.014
20_80M_99N,Lutjanidae,Lutjanus,vitta,1,171.668
20_80M_99N,Lutjanidae,Lutjanus,vitta,1,161.61
20_80M_9F,Lutjanidae,Lutjanus,vitta,1,150.93
20_80M_9F,Lutjanidae,Lutjanus,vitta,1,188.316
20_80M_132N,Lutjanidae,Symphorus,nematophorus,1,753.819
20_80M_132N,Lutjanidae,Symphorus,nematophorus,1,1094.945
20_80M_132N,Lutjanidae,Symphorus,nematophorus,1,793.435
20_80M_132N,Lutjanidae,Symphorus,nematophorus,1,768.761
20_80M_132N,Lutjanidae,Symphorus,nematophorus,1,701.351
20_80M_132N,Lutjanidae,Symphorus,nematophorus,1,751.751
20_80M_133N,Lutjanidae,Symphorus,nematophorus,1,303.102
20_80M_46F,Lutjanidae,Symphorus,nematophorus,1,815.806
20_80M_76F,Lutjanidae,Symphorus,nematophorus,1,802.928
20_80M_85F,Lutjanidae,Symphorus,nematophorus,1,798.573
20_80M_117N,Microdesmidae,Ptereleotris,hanae,1,94.325
20_80M_117N,Microdesmidae,Ptereleotris,hanae,1,93.253
20_80M_45F,Microdesmidae,Ptereleotris,microlepis,1,107.916
20_80M_45F,Microdesmidae,Ptereleotris,microlepis,1,86.967
20_80M_69F,Microdesmidae,Ptereleotris,microlepis,1,66.585
20_80M_69F,Microdesmidae,Ptereleotris,microlepis,1,107.816
20_80M_40F,Monacanthidae,Aluterus,scriptus,1,212.393
20_80M_103N,Monacanthidae,Anacanthus,barbatus,1,360.808
20_80M_56N,Monacanthidae,Anacanthus,barbatus,1,241.852
20_80M_101F,Monacanthidae,Monacanthus,chinensis,1,123.416
20_80M_111N,Monacanthidae,Monacanthus,chinensis,1,116.802
20_80M_13N,Monacanthidae,Monacanthus,chinensis,1,125.516
20_80M_14N,Monacanthidae,Monacanthus,chinensis,1,116.498
20_80M_22F,Monacanthidae,Monacanthus,chinensis,1,262.492
20_80M_25N,Monacanthidae,Monacanthus,chinensis,1,107.806
20_80M_26N,Monacanthidae,Monacanthus,chinensis,1,239.98
20_80M_27F,Monacanthidae,Monacanthus,chinensis,1,211.349
20_80M_36N,Monacanthidae,Monacanthus,chinensis,1,162.436
20_80M_38N,Monacanthidae,Monacanthus,chinensis,1,200.745
20_80M_47N,Monacanthidae,Monacanthus,chinensis,1,97.028
20_80M_54F,Monacanthidae,Monacanthus,chinensis,1,35.508
20_80M_56N,Monacanthidae,Monacanthus,chinensis,1,160.108
20_80M_56N,Monacanthidae,Monacanthus,chinensis,1,170.223
20_80M_56N,Monacanthidae,Monacanthus,chinensis,1,183.413
20_80M_58N,Monacanthidae,Monacanthus,chinensis,1,37.819
20_80M_5F,Monacanthidae,Monacanthus,chinensis,1,268.648
20_80M_62N,Monacanthidae,Monacanthus,chinensis,1,85.038
20_80M_66N,Monacanthidae,Monacanthus,chinensis,1,253.448
20_80M_6F,Monacanthidae,Monacanthus,chinensis,1,272.471
20_80M_7F,Monacanthidae,Monacanthus,chinensis,1,192.471
20_80M_85N,Monacanthidae,Monacanthus,chinensis,1,116.437
20_80M_8F,Monacanthidae,Monacanthus,chinensis,1,82.324
20_80M_96F,Monacanthidae,Monacanthus,chinensis,1,55.244
20_80M_97F,Monacanthidae,Monacanthus,chinensis,1,165.934
20_80M_15N,Monacanthidae,Paramonacanthus,choirocephalus,1,91.071
20_80M_15N,Monacanthidae,Paramonacanthus,choirocephalus,1,73.747
20_80M_16N,Monacanthidae,Paramonacanthus,choirocephalus,1,146.468
20_80M_19N,Monacanthidae,Paramonacanthus,choirocephalus,1,118.042
20_80M_19N,Monacanthidae,Paramonacanthus,choirocephalus,1,122.266
20_80M_31N,Monacanthidae,Paramonacanthus,choirocephalus,1,41.706
20_80M_34N,Monacanthidae,Paramonacanthus,choirocephalus,1,28.357
20_80M_47F,Monacanthidae,Paramonacanthus,choirocephalus,1,33.116
20_80M_47N,Monacanthidae,Paramonacanthus,choirocephalus,1,90.574
20_80M_59N,Monacanthidae,Paramonacanthus,choirocephalus,1,39.562
20_80M_59N,Monacanthidae,Paramonacanthus,choirocephalus,1,61.139
20_80M_8F,Monacanthidae,Paramonacanthus,choirocephalus,1,78.354
20_80M_8F,Monacanthidae,Paramonacanthus,choirocephalus,1,75.775
20_80M_8F,Monacanthidae,Paramonacanthus,choirocephalus,1,50.62
20_80M_38N,Monacanthidae,Pseudomonacanthus,peroni,1,227.061
20_80M_90F,Mullidae,Parupeneus,cyclostomus,1,282.88
20_80M_10N,Mullidae,Parupeneus,heptacanthus,1,155.305
20_80M_110N,Mullidae,Parupeneus,heptacanthus,1,203.305
20_80M_110N,Mullidae,Parupeneus,heptacanthus,1,194.281
20_80M_110N,Mullidae,Parupeneus,heptacanthus,1,187.586
20_80M_125N,Mullidae,Parupeneus,heptacanthus,1,176.727
20_80M_125N,Mullidae,Parupeneus,heptacanthus,1,194.268
20_80M_125N,Mullidae,Parupeneus,heptacanthus,1,201.849
20_80M_125N,Mullidae,Parupeneus,heptacanthus,1,217.1
20_80M_125N,Mullidae,Parupeneus,heptacanthus,1,169.932
20_80M_125N,Mullidae,Parupeneus,heptacanthus,1,190.19
20_80M_20F,Mullidae,Parupeneus,heptacanthus,1,192.683
20_80M_20F,Mullidae,Parupeneus,heptacanthus,1,189.92
20_80M_20F,Mullidae,Parupeneus,heptacanthus,1,162.93
20_80M_22F,Mullidae,Parupeneus,heptacanthus,1,202.655
20_80M_23F,Mullidae,Parupeneus,heptacanthus,1,198.558
20_80M_26N,Mullidae,Parupeneus,heptacanthus,1,185.919
20_80M_27F,Mullidae,Parupeneus,heptacanthus,1,214.058
20_80M_27F,Mullidae,Parupeneus,heptacanthus,1,230.16
20_80M_27N,Mullidae,Parupeneus,heptacanthus,1,205.603
20_80M_28F,Mullidae,Parupeneus,heptacanthus,1,200.432
20_80M_28F,Mullidae,Parupeneus,heptacanthus,1,179.499
20_80M_31F,Mullidae,Parupeneus,heptacanthus,1,250.047
20_80M_33F,Mullidae,Parupeneus,heptacanthus,1,181.791
20_80M_33F,Mullidae,Parupeneus,heptacanthus,1,193.418
20_80M_33N,Mullidae,Parupeneus,heptacanthus,1,240.688
20_80M_34F,Mullidae,Parupeneus,heptacanthus,1,268.904
20_80M_35N,Mullidae,Parupeneus,heptacanthus,1,187.636
20_80M_38F,Mullidae,Parupeneus,heptacanthus,1,189.669
20_80M_39N,Mullidae,Parupeneus,heptacanthus,1,221.669
20_80M_3F,Mullidae,Parupeneus,heptacanthus,1,258.664
20_80M_42F,Mullidae,Parupeneus,heptacanthus,1,207.932
20_80M_42F,Mullidae,Parupeneus,heptacanthus,1,206.499
20_80M_42F,Mullidae,Parupeneus,heptacanthus,1,257.618
20_80M_42F,Mullidae,Parupeneus,heptacanthus,1,226.326
20_80M_42F,Mullidae,Parupeneus,heptacanthus,1,200.832
20_80M_45F,Mullidae,Parupeneus,heptacanthus,1,217.357
20_80M_45F,Mullidae,Parupeneus,heptacanthus,1,248.055
20_80M_46F,Mullidae,Parupeneus,heptacanthus,1,229.876
20_80M_46F,Mullidae,Parupeneus,heptacanthus,1,244.293
20_80M_58F,Mullidae,Parupeneus,heptacanthus,1,262.839
20_80M_60N,Mullidae,Parupeneus,heptacanthus,1,162.408
20_80M_60N,Mullidae,Parupeneus,heptacanthus,1,216.554
20_80M_61F,Mullidae,Parupeneus,heptacanthus,1,221.399
20_80M_61F,Mullidae,Parupeneus,heptacanthus,1,230.635
20_80M_67F,Mullidae,Parupeneus,heptacanthus,1,49.537
20_80M_72F,Mullidae,Parupeneus,heptacanthus,1,181.524
20_80M_72F,Mullidae,Parupeneus,heptacanthus,1,174.74
20_80M_72F,Mullidae,Parupeneus,heptacanthus,1,151.023
20_80M_72F,Mullidae,Parupeneus,heptacanthus,1,153.101
20_80M_72F,Mullidae,Parupeneus,heptacanthus,1,165.418
20_80M_72F,Mullidae,Parupeneus,heptacanthus,1,155.573
20_80M_77F,Mullidae,Parupeneus,heptacanthus,1,266.519
20_80M_77F,Mullidae,Parupeneus,heptacanthus,1,215.389
20_80M_78F,Mullidae,Parupeneus,heptacanthus,1,227.335
20_80M_81F,Mullidae,Parupeneus,heptacanthus,1,244.781
20_80M_82F,Mullidae,Parupeneus,heptacanthus,1,244.449
20_80M_83F,Mullidae,Parupeneus,heptacanthus,1,273.061
20_80M_87N,Mullidae,Parupeneus,heptacanthus,1,209.388
20_80M_90N,Mullidae,Parupeneus,heptacanthus,1,273.193
20_80M_90N,Mullidae,Parupeneus,heptacanthus,1,238.615
20_80M_10N,Mullidae,Parupeneus,indicus,1,241.135
20_80M_112N,Mullidae,Parupeneus,indicus,1,277.538
20_80M_17F,Mullidae,Parupeneus,indicus,1,277.438
20_80M_18F,Mullidae,Parupeneus,indicus,1,277.571
20_80M_18F,Mullidae,Parupeneus,indicus,1,251.194
20_80M_18F,Mullidae,Parupeneus,indicus,1,274.91
20_80M_18F,Mullidae,Parupeneus,indicus,1,190.099
20_80M_2F,Mullidae,Parupeneus,indicus,1,207.84
20_80M_34F,Mullidae,Parupeneus,indicus,1,300.019
20_80M_36F,Mullidae,Parupeneus,indicus,1,322.104
20_80M_58F,Mullidae,Parupeneus,indicus,1,260.585
20_80M_6F,Mullidae,Parupeneus,indicus,1,229.435
20_80M_6F,Mullidae,Parupeneus,indicus,1,272.42
20_80M_9N,Mullidae,Parupeneus,indicus,1,264.029
20_80M_100F,Mullidae,Upeneus,tragula,1,127.553
20_80M_100F,Mullidae,Upeneus,tragula,1,126.165
20_80M_102F,Mullidae,Upeneus,tragula,1,158.476
20_80M_103F,Mullidae,Upeneus,tragula,1,166.692
20_80M_103N,Mullidae,Upeneus,tragula,1,82.005
20_80M_103N,Mullidae,Upeneus,tragula,1,68.539
20_80M_103N,Mullidae,Upeneus,tragula,1,65.695
20_80M_104F,Mullidae,Upeneus,tragula,1,156.064
20_80M_104F,Mullidae,Upeneus,tragula,1,166.279
20_80M_104F,Mullidae,Upeneus,tragula,1,172.379
20_80M_104F,Mullidae,Upeneus,tragula,1,154.49
20_80M_104N,Mullidae,Upeneus,tragula,1,150.02
20_80M_104N,Mullidae,Upeneus,tragula,1,173.169
20_80M_104N,Mullidae,Upeneus,tragula,1,158.292
20_80M_104N,Mullidae,Upeneus,tragula,1,154.242
20_80M_106N,Mullidae,Upeneus,tragula,1,192.247
20_80M_10F,Mullidae,Upeneus,tragula,1,85.96
20_80M_110N,Mullidae,Upeneus,tragula,1,45.817
20_80M_111N,Mullidae,Upeneus,tragula,1,167.554
20_80M_115N,Mullidae,Upeneus,tragula,1,143.539
20_80M_116N,Mullidae,Upeneus,tragula,1,177.638
20_80M_118N,Mullidae,Upeneus,tragula,1,37.027
20_80M_120N,Mullidae,Upeneus,tragula,1,54.262
20_80M_128N,Mullidae,Upeneus,tragula,1,156.08
20_80M_128N,Mullidae,Upeneus,tragula,1,126.891
20_80M_128N,Mullidae,Upeneus,tragula,1,148.764
20_80M_128N,Mullidae,Upeneus,tragula,1,145.976
20_80M_12F,Mullidae,Upeneus,tragula,1,90.5
20_80M_133N,Mullidae,Upeneus,tragula,1,38.614
20_80M_133N,Mullidae,Upeneus,tragula,1,38.385
20_80M_14F,Mullidae,Upeneus,tragula,1,179.845
20_80M_14F,Mullidae,Upeneus,tragula,1,170.846
20_80M_14F,Mullidae,Upeneus,tragula,1,182.827
20_80M_14F,Mullidae,Upeneus,tragula,1,184.575
20_80M_16F,Mullidae,Upeneus,tragula,1,211.873
20_80M_19F,Mullidae,Upeneus,tragula,1,152.718
20_80M_21F,Mullidae,Upeneus,tragula,1,167.114
20_80M_21F,Mullidae,Upeneus,tragula,1,144.192
20_80M_21F,Mullidae,Upeneus,tragula,1,126.387
20_80M_22F,Mullidae,Upeneus,tragula,1,210.866
20_80M_22F,Mullidae,Upeneus,tragula,1,177.203
20_80M_22F,Mullidae,Upeneus,tragula,1,179.293
20_80M_22F,Mullidae,Upeneus,tragula,1,158.032
20_80M_22F,Mullidae,Upeneus,tragula,1,182.877
20_80M_22F,Mullidae,Upeneus,tragula,1,162.619
20_80M_23F,Mullidae,Upeneus,tragula,1,165.73
20_80M_24F,Mullidae,Upeneus,tragula,1,174.962
20_80M_25N,Mullidae,Upeneus,tragula,1,139.445
20_80M_28N,Mullidae,Upeneus,tragula,1,154.226
20_80M_28N,Mullidae,Upeneus,tragula,1,166.156
20_80M_28N,Mullidae,Upeneus,tragula,1,139.861
20_80M_29N,Mullidae,Upeneus,tragula,1,160.548
20_80M_30N,Mullidae,Upeneus,tragula,1,100.018
20_80M_31N,Mullidae,Upeneus,tragula,1,119.88
20_80M_33F,Mullidae,Upeneus,tragula,1,212.994
20_80M_3F,Mullidae,Upeneus,tragula,1,252.387
20_80M_44F,Mullidae,Upeneus,tragula,1,173.238
20_80M_47F,Mullidae,Upeneus,tragula,1,59.746
20_80M_47N,Mullidae,Upeneus,tragula,1,95.711
20_80M_48F,Mullidae,Upeneus,tragula,1,72.988
20_80M_48F,Mullidae,Upeneus,tragula,1,65.345
20_80M_48F,Mullidae,Upeneus,tragula,1,66.607
20_80M_4F,Mullidae,Upeneus,tragula,1,149.097
20_80M_4F,Mullidae,Upeneus,tragula,1,155.501
20_80M_50F,Mullidae,Upeneus,tragula,1,158.294
20_80M_52F,Mullidae,Upeneus,tragula,1,135.483
20_80M_52F,Mullidae,Upeneus,tragula,1,158.983
20_80M_53F,Mullidae,Upeneus,tragula,1,107.097
20_80M_53F,Mullidae,Upeneus,tragula,1,143.074
20_80M_54F,Mullidae,Upeneus,tragula,1,162.065
20_80M_54N,Mullidae,Upeneus,tragula,1,168.456
20_80M_55F,Mullidae,Upeneus,tragula,1,164.719
20_80M_55F,Mullidae,Upeneus,tragula,1,167.81
20_80M_55F,Mullidae,Upeneus,tragula,1,170.963
20_80M_55F,Mullidae,Upeneus,tragula,1,220.73
20_80M_56N,Mullidae,Upeneus,tragula,1,153.991
20_80M_56N,Mullidae,Upeneus,tragula,1,144.35
20_80M_58F,Mullidae,Upeneus,tragula,1,209.693
20_80M_58F,Mullidae,Upeneus,tragula,1,205.769
20_80M_58F,Mullidae,Upeneus,tragula,1,195.869
20_80M_58F,Mullidae,Upeneus,tragula,1,220.956
20_80M_58F,Mullidae,Upeneus,tragula,1,194.53
20_80M_59F,Mullidae,Upeneus,tragula,1,74.827
20_80M_59F,Mullidae,Upeneus,tragula,1,67.58
20_80M_59F,Mullidae,Upeneus,tragula,1,75.549
20_80M_59F,Mullidae,Upeneus,tragula,1,56.711
20_80M_59N,Mullidae,Upeneus,tragula,1,67.183
20_80M_60F,Mullidae,Upeneus,tragula,1,139.295
20_80M_62F,Mullidae,Upeneus,tragula,1,181.187
20_80M_62F,Mullidae,Upeneus,tragula,1,131.936
20_80M_62F,Mullidae,Upeneus,tragula,1,155.419
20_80M_65F,Mullidae,Upeneus,tragula,1,113.742
20_80M_65N,Mullidae,Upeneus,tragula,1,189.214
20_80M_70F,Mullidae,Upeneus,tragula,1,87.104
20_80M_71F,Mullidae,Upeneus,tragula,1,60.844
20_80M_71F,Mullidae,Upeneus,tragula,1,57.616
20_80M_71F,Mullidae,Upeneus,tragula,1,69.795
20_80M_71F,Mullidae,Upeneus,tragula,1,76.943
20_80M_71F,Mullidae,Upeneus,tragula,1,85.932
20_80M_71F,Mullidae,Upeneus,tragula,1,75.578
20_80M_71F,Mullidae,Upeneus,tragula,1,73.747
20_80M_72F,Mullidae,Upeneus,tragula,1,67.667
20_80M_72F,Mullidae,Upeneus,tragula,1,53.838
20_80M_72F,Mullidae,Upeneus,tragula,1,55.954
20_80M_75F,Mullidae,Upeneus,tragula,1,80.121
20_80M_76F,Mullidae,Upeneus,tragula,1,49.975
20_80M_78F,Mullidae,Upeneus,tragula,1,90.347
20_80M_78F,Mullidae,Upeneus,tragula,1,49.089
20_80M_78F,Mullidae,Upeneus,tragula,1,111.89
20_80M_78F,Mullidae,Upeneus,tragula,1,99.454
20_80M_78F,Mullidae,Upeneus,tragula,1,80.612
20_80M_7F,Mullidae,Upeneus,tragula,1,219.512
20_80M_7F,Mullidae,Upeneus,tragula,1,223.034
20_80M_7F,Mullidae,Upeneus,tragula,1,213.421
20_80M_7F,Mullidae,Upeneus,tragula,1,243.076
20_80M_7F,Mullidae,Upeneus,tragula,1,221.391
20_80M_7F,Mullidae,Upeneus,tragula,1,239.531
20_80M_7F,Mullidae,Upeneus,tragula,1,196.477
20_80M_7N,Mullidae,Upeneus,tragula,1,177.786
20_80M_81F,Mullidae,Upeneus,tragula,1,185.674
20_80M_82F,Mullidae,Upeneus,tragula,1,59.556
20_80M_82F,Mullidae,Upeneus,tragula,1,59.778
20_80M_82F,Mullidae,Upeneus,tragula,1,73.606
20_80M_82F,Mullidae,Upeneus,tragula,1,63.068
20_80M_82F,Mullidae,Upeneus,tragula,1,67.022
20_80M_82F,Mullidae,Upeneus,tragula,1,60.265
20_80M_82F,Mullidae,Upeneus,tragula,1,65.635
20_80M_82F,Mullidae,Upeneus,tragula,1,53.66
20_80M_82F,Mullidae,Upeneus,tragula,1,66.639
20_80M_82F,Mullidae,Upeneus,tragula,1,71.544
20_80M_82F,Mullidae,Upeneus,tragula,1,83.104
20_80M_82F,Mullidae,Upeneus,tragula,1,63.039
20_80M_82F,Mullidae,Upeneus,tragula,1,52.666
20_80M_82F,Mullidae,Upeneus,tragula,1,72.323
20_80M_82F,Mullidae,Upeneus,tragula,1,61.606
20_80M_85N,Mullidae,Upeneus,tragula,1,112.65
20_80M_86F,Mullidae,Upeneus,tragula,1,70.641
20_80M_86F,Mullidae,Upeneus,tragula,1,57.371
20_80M_86F,Mullidae,Upeneus,tragula,1,70.456
20_80M_86F,Mullidae,Upeneus,tragula,1,71.767
20_80M_86F,Mullidae,Upeneus,tragula,1,52.184
20_80M_86F,Mullidae,Upeneus,tragula,1,67.057
20_80M_86F,Mullidae,Upeneus,tragula,1,83.299
20_80M_86F,Mullidae,Upeneus,tragula,1,66.434
20_80M_86F,Mullidae,Upeneus,tragula,1,70.279
20_80M_86F,Mullidae,Upeneus,tragula,1,76.32
20_80M_86F,Mullidae,Upeneus,tragula,1,78.535
20_80M_87F,Mullidae,Upeneus,tragula,1,84.081
20_80M_87F,Mullidae,Upeneus,tragula,1,76.524
20_80M_87F,Mullidae,Upeneus,tragula,1,95.164
20_80M_87F,Mullidae,Upeneus,tragula,1,80.438
20_80M_87F,Mullidae,Upeneus,tragula,1,67.769
20_80M_87N,Mullidae,Upeneus,tragula,1,198.021
20_80M_88F,Mullidae,Upeneus,tragula,1,49.938
20_80M_88F,Mullidae,Upeneus,tragula,1,73.038
20_80M_88F,Mullidae,Upeneus,tragula,1,77.272
20_80M_8F,Mullidae,Upeneus,tragula,1,61.103
20_80M_8F,Mullidae,Upeneus,tragula,1,71.011
20_80M_8F,Mullidae,Upeneus,tragula,1,83.635
20_80M_8F,Mullidae,Upeneus,tragula,1,67.281
20_80M_8F,Mullidae,Upeneus,tragula,1,64.491
20_80M_8F,Mullidae,Upeneus,tragula,1,68.446
20_80M_90N,Mullidae,Upeneus,tragula,1,208.548
20_80M_90N,Mullidae,Upeneus,tragula,1,190.4
20_80M_90N,Mullidae,Upeneus,tragula,1,190.106
20_80M_93F,Mullidae,Upeneus,tragula,1,59.442
20_80M_93F,Mullidae,Upeneus,tragula,1,50.81
20_80M_96F,Mullidae,Upeneus,tragula,1,67.937
20_80M_96F,Mullidae,Upeneus,tragula,1,66.739
20_80M_96F,Mullidae,Upeneus,tragula,1,52.206
20_80M_97F,Mullidae,Upeneus,tragula,1,204.39
20_80M_9F,Mullidae,Upeneus,tragula,1,140.181
20_80M_9F,Mullidae,Upeneus,tragula,1,100.806
20_80M_9F,Mullidae,Upeneus,tragula,1,59.41
20_80M_9F,Mullidae,Upeneus,tragula,1,87.97
20_80M_9F,Mullidae,Upeneus,tragula,1,77.088
20_80M_9F,Mullidae,Upeneus,tragula,1,79.374
20_80M_9F,Mullidae,Upeneus,tragula,1,82.829
20_80M_9F,Mullidae,Upeneus,tragula,1,84.558
20_80M_9F,Mullidae,Upeneus,tragula,1,78.303
20_80M_9F,Mullidae,Upeneus,tragula,1,76.869
20_80M_128N,Muraenidae,Gymnothorax,undulatus,1,313.015
20_80M_102N,Nemipteridae,Nemipterus,furcosus,1,152.673
20_80M_102N,Nemipteridae,Nemipterus,furcosus,1,170.343
20_80M_102N,Nemipteridae,Nemipterus,furcosus,1,203.441
20_80M_102N,Nemipteridae,Nemipterus,furcosus,1,219.659
20_80M_103N,Nemipteridae,Nemipterus,furcosus,1,141.699
20_80M_103N,Nemipteridae,Nemipterus,furcosus,1,186.601
20_80M_103N,Nemipteridae,Nemipterus,furcosus,1,168.896
20_80M_104N,Nemipteridae,Nemipterus,furcosus,1,192.309
20_80M_117N,Nemipteridae,Nemipterus,furcosus,1,105.988
20_80M_117N,Nemipteridae,Nemipterus,furcosus,1,99.437
20_80M_117N,Nemipteridae,Nemipterus,furcosus,1,123.437
20_80M_11N,Nemipteridae,Nemipterus,furcosus,1,229.916
20_80M_122N,Nemipteridae,Nemipterus,furcosus,1,194.753
20_80M_125N,Nemipteridae,Nemipterus,furcosus,1,194.361
20_80M_126N,Nemipteridae,Nemipterus,furcosus,1,216.333
20_80M_126N,Nemipteridae,Nemipterus,furcosus,1,216.152
20_80M_127N,Nemipteridae,Nemipterus,furcosus,1,182.693
20_80M_129N,Nemipteridae,Nemipterus,furcosus,1,238.161
20_80M_129N,Nemipteridae,Nemipterus,furcosus,1,229.96
20_80M_129N,Nemipteridae,Nemipterus,furcosus,1,237.663
20_80M_129N,Nemipteridae,Nemipterus,furcosus,1,224.132
20_80M_129N,Nemipteridae,Nemipterus,furcosus,1,241.176
20_80M_131N,Nemipteridae,Nemipterus,furcosus,1,182.484
20_80M_131N,Nemipteridae,Nemipterus,furcosus,1,104.453
20_80M_131N,Nemipteridae,Nemipterus,furcosus,1,122.397
20_80M_131N,Nemipteridae,Nemipterus,furcosus,1,99.449
20_80M_131N,Nemipteridae,Nemipterus,furcosus,1,115.313
20_80M_131N,Nemipteridae,Nemipterus,furcosus,1,107.039
20_80M_131N,Nemipteridae,Nemipterus,furcosus,1,126.919
20_80M_131N,Nemipteridae,Nemipterus,furcosus,1,110.732
20_80M_131N,Nemipteridae,Nemipterus,furcosus,1,147.967
20_80M_131N,Nemipteridae,Nemipterus,furcosus,1,117.963
20_80M_131N,Nemipteridae,Nemipterus,furcosus,1,105.203
20_80M_131N,Nemipteridae,Nemipterus,furcosus,1,192.344
20_80M_131N,Nemipteridae,Nemipterus,furcosus,1,154.039
20_80M_133N,Nemipteridae,Nemipterus,furcosus,1,239.773
20_80M_13N,Nemipteridae,Nemipterus,furcosus,1,224.491
20_80M_14N,Nemipteridae,Nemipterus,furcosus,1,222.169
20_80M_19N,Nemipteridae,Nemipterus,furcosus,1,194.932
20_80M_22N,Nemipteridae,Nemipterus,furcosus,1,195.488
20_80M_22N,Nemipteridae,Nemipterus,furcosus,1,151.474
20_80M_22N,Nemipteridae,Nemipterus,furcosus,1,159.635
20_80M_22N,Nemipteridae,Nemipterus,furcosus,1,197.086
20_80M_22N,Nemipteridae,Nemipterus,furcosus,1,190.996
20_80M_23N,Nemipteridae,Nemipterus,furcosus,1,196.978
20_80M_23N,Nemipteridae,Nemipterus,furcosus,1,207.987
20_80M_24N,Nemipteridae,Nemipterus,furcosus,1,210.464
20_80M_28N,Nemipteridae,Nemipterus,furcosus,1,213.79
20_80M_31N,Nemipteridae,Nemipterus,furcosus,1,177.204
20_80M_31N,Nemipteridae,Nemipterus,furcosus,1,208.846
20_80M_31N,Nemipteridae,Nemipterus,furcosus,1,196.255
20_80M_31N,Nemipteridae,Nemipterus,furcosus,1,180.225
20_80M_32N,Nemipteridae,Nemipterus,furcosus,1,177.288
20_80M_32N,Nemipteridae,Nemipterus,furcosus,1,200.546
20_80M_34N,Nemipteridae,Nemipterus,furcosus,1,205.359
20_80M_34N,Nemipteridae,Nemipterus,furcosus,1,187.205
20_80M_34N,Nemipteridae,Nemipterus,furcosus,1,197.11
20_80M_3F,Nemipteridae,Nemipterus,furcosus,1,231.937
20_80M_3F,Nemipteridae,Nemipterus,furcosus,1,203.575
20_80M_3F,Nemipteridae,Nemipterus,furcosus,1,218
20_80M_3F,Nemipteridae,Nemipterus,furcosus,1,224.917
20_80M_3F,Nemipteridae,Nemipterus,furcosus,1,200.316
20_80M_3F,Nemipteridae,Nemipterus,furcosus,1,250.53
20_80M_3N,Nemipteridae,Nemipterus,furcosus,1,178.953
20_80M_40N,Nemipteridae,Nemipterus,furcosus,1,169.383
20_80M_40N,Nemipteridae,Nemipterus,furcosus,1,220.767
20_80M_40N,Nemipteridae,Nemipterus,furcosus,1,210.492
20_80M_40N,Nemipteridae,Nemipterus,furcosus,1,150.634
20_80M_41N,Nemipteridae,Nemipterus,furcosus,1,166.724
20_80M_41N,Nemipteridae,Nemipterus,furcosus,1,191.175
20_80M_42N,Nemipteridae,Nemipterus,furcosus,1,190.287
20_80M_44F,Nemipteridae,Nemipterus,furcosus,1,241.142
20_80M_4N,Nemipteridae,Nemipterus,furcosus,1,208.373
20_80M_4N,Nemipteridae,Nemipterus,furcosus,1,222.132
20_80M_51F,Nemipteridae,Nemipterus,furcosus,1,172.919
20_80M_51F,Nemipteridae,Nemipterus,furcosus,1,232.746
20_80M_53F,Nemipteridae,Nemipterus,furcosus,1,181.314
20_80M_53F,Nemipteridae,Nemipterus,furcosus,1,208.98
20_80M_56F,Nemipteridae,Nemipterus,furcosus,1,203.856
20_80M_57N,Nemipteridae,Nemipterus,furcosus,1,186.15
20_80M_57N,Nemipteridae,Nemipterus,furcosus,1,189.68
20_80M_58N,Nemipteridae,Nemipterus,furcosus,1,156.92
20_80M_58N,Nemipteridae,Nemipterus,furcosus,1,152.306
20_80M_58N,Nemipteridae,Nemipterus,furcosus,1,147.818
20_80M_58N,Nemipteridae,Nemipterus,furcosus,1,183.023
20_80M_5N,Nemipteridae,Nemipterus,furcosus,1,180.233
20_80M_5N,Nemipteridae,Nemipterus,furcosus,1,211.079
20_80M_61N,Nemipteridae,Nemipterus,furcosus,1,131.59
20_80M_62N,Nemipteridae,Nemipterus,furcosus,1,160.667
20_80M_62N,Nemipteridae,Nemipterus,furcosus,1,156.925
20_80M_62N,Nemipteridae,Nemipterus,furcosus,1,162.413
20_80M_63N,Nemipteridae,Nemipterus,furcosus,1,207.624
20_80M_63N,Nemipteridae,Nemipterus,furcosus,1,174.962
20_80M_65F,Nemipteridae,Nemipterus,furcosus,1,202.927
20_80M_65F,Nemipteridae,Nemipterus,furcosus,1,229.243
20_80M_67N,Nemipteridae,Nemipterus,furcosus,1,214.256
20_80M_67N,Nemipteridae,Nemipterus,furcosus,1,188.168
20_80M_68F,Nemipteridae,Nemipterus,furcosus,1,170.374
20_80M_68F,Nemipteridae,Nemipterus,furcosus,1,207.639
20_80M_68F,Nemipteridae,Nemipterus,furcosus,1,172.837
20_80M_69F,Nemipteridae,Nemipterus,furcosus,1,187.924
20_80M_69F,Nemipteridae,Nemipterus,furcosus,1,199.966
20_80M_69F,Nemipteridae,Nemipterus,furcosus,1,192.578
20_80M_69F,Nemipteridae,Nemipterus,furcosus,1,218.48
20_80M_70F,Nemipteridae,Nemipterus,furcosus,1,114.493
20_80M_70F,Nemipteridae,Nemipterus,furcosus,1,239.167
20_80M_70F,Nemipteridae,Nemipterus,furcosus,1,92.596
20_80M_70F,Nemipteridae,Nemipterus,furcosus,1,99.307
20_80M_71F,Nemipteridae,Nemipterus,furcosus,1,216.471
20_80M_71F,Nemipteridae,Nemipterus,furcosus,1,223.382
20_80M_71F,Nemipteridae,Nemipterus,furcosus,1,185.373
20_80M_71F,Nemipteridae,Nemipterus,furcosus,1,204.889
20_80M_72F,Nemipteridae,Nemipterus,furcosus,1,234.079
20_80M_72F,Nemipteridae,Nemipterus,furcosus,1,226.443
20_80M_72F,Nemipteridae,Nemipterus,furcosus,1,236.296
20_80M_72F,Nemipteridae,Nemipterus,furcosus,1,262.024
20_80M_74F,Nemipteridae,Nemipterus,furcosus,1,172.501
20_80M_74F,Nemipteridae,Nemipterus,furcosus,1,222.725
20_80M_75F,Nemipteridae,Nemipterus,furcosus,1,232.787
20_80M_79F,Nemipteridae,Nemipterus,furcosus,1,217.436
20_80M_79F,Nemipteridae,Nemipterus,furcosus,1,202.764
20_80M_79F,Nemipteridae,Nemipterus,furcosus,1,195.211
20_80M_84F,Nemipteridae,Nemipterus,furcosus,1,229.72
20_80M_84F,Nemipteridae,Nemipterus,furcosus,1,254.708
20_80M_86F,Nemipteridae,Nemipterus,furcosus,1,236.436
20_80M_86F,Nemipteridae,Nemipterus,furcosus,1,257.055
20_80M_86F,Nemipteridae,Nemipterus,furcosus,1,249.814
20_80M_86F,Nemipteridae,Nemipterus,furcosus,1,226.788
20_80M_87F,Nemipteridae,Nemipterus,furcosus,1,170.049
20_80M_87F,Nemipteridae,Nemipterus,furcosus,1,175.785
20_80M_8F,Nemipteridae,Nemipterus,furcosus,1,224.001
20_80M_8F,Nemipteridae,Nemipterus,furcosus,1,182.52
20_80M_92F,Nemipteridae,Nemipterus,furcosus,1,224.152
20_80M_94F,Nemipteridae,Nemipterus,furcosus,1,206.91
20_80M_94F,Nemipteridae,Nemipterus,furcosus,1,216.272
20_80M_94F,Nemipteridae,Nemipterus,furcosus,1,194.989
20_80M_98N,Nemipteridae,Nemipterus,furcosus,1,201.873
20_80M_99F,Nemipteridae,Nemipterus,furcosus,1,223.253
20_80M_132N,Nemipteridae,Pentapodus,emeryii,1,285.139
20_80M_41F,Nemipteridae,Pentapodus,emeryii,1,245.588
20_80M_85F,Nemipteridae,Pentapodus,emeryii,1,246.892
20_80M_100F,Nemipteridae,Pentapodus,porosus,1,188.248
20_80M_100F,Nemipteridae,Pentapodus,porosus,1,177.859
20_80M_100F,Nemipteridae,Pentapodus,porosus,1,188.508
20_80M_100F,Nemipteridae,Pentapodus,porosus,1,184.409
20_80M_100F,Nemipteridae,Pentapodus,porosus,1,178.269
20_80M_100F,Nemipteridae,Pentapodus,porosus,1,173.463
20_80M_100F,Nemipteridae,Pentapodus,porosus,1,191.086
20_80M_100F,Nemipteridae,Pentapodus,porosus,1,174.433
20_80M_100F,Nemipteridae,Pentapodus,porosus,1,186.38
20_80M_100F,Nemipteridae,Pentapodus,porosus,1,175.156
20_80M_100F,Nemipteridae,Pentapodus,porosus,1,186.111
20_80M_100F,Nemipteridae,Pentapodus,porosus,1,172.172
20_80M_100F,Nemipteridae,Pentapodus,porosus,1,180.086
20_80M_100F,Nemipteridae,Pentapodus,porosus,1,177.823
20_80M_100F,Nemipteridae,Pentapodus,porosus,1,162.29
20_80M_100F,Nemipteridae,Pentapodus,porosus,1,183.071
20_80M_100F,Nemipteridae,Pentapodus,porosus,1,213.988
20_80M_100F,Nemipteridae,Pentapodus,porosus,1,188.269
20_80M_100F,Nemipteridae,Pentapodus,porosus,1,171.061
20_80M_100F,Nemipteridae,Pentapodus,porosus,1,176.07
20_80M_100F,Nemipteridae,Pentapodus,porosus,1,186.079
20_80M_100F,Nemipteridae,Pentapodus,porosus,1,181.775
20_80M_100F,Nemipteridae,Pentapodus,porosus,1,176.256
20_80M_100F,Nemipteridae,Pentapodus,porosus,1,167.354
20_80M_100F,Nemipteridae,Pentapodus,porosus,1,189.307
20_80M_100N,Nemipteridae,Pentapodus,porosus,1,200.364
20_80M_100N,Nemipteridae,Pentapodus,porosus,1,213.698
20_80M_100N,Nemipteridae,Pentapodus,porosus,1,214.694
20_80M_100N,Nemipteridae,Pentapodus,porosus,1,188.525
20_80M_100N,Nemipteridae,Pentapodus,porosus,1,103.676
20_80M_100N,Nemipteridae,Pentapodus,porosus,1,161.866
20_80M_100N,Nemipteridae,Pentapodus,porosus,1,197.798
20_80M_100N,Nemipteridae,Pentapodus,porosus,1,170.968
20_80M_100N,Nemipteridae,Pentapodus,porosus,1,166.653
20_80M_101F,Nemipteridae,Pentapodus,porosus,1,169.48
20_80M_101F,Nemipteridae,Pentapodus,porosus,1,181.162
20_80M_101F,Nemipteridae,Pentapodus,porosus,1,181.501
20_80M_101F,Nemipteridae,Pentapodus,porosus,1,168.818
20_80M_101F,Nemipteridae,Pentapodus,porosus,1,191.04
20_80M_101F,Nemipteridae,Pentapodus,porosus,1,174.719
20_80M_101F,Nemipteridae,Pentapodus,porosus,1,153.968
20_80M_101F,Nemipteridae,Pentapodus,porosus,1,180.933
20_80M_101F,Nemipteridae,Pentapodus,porosus,1,200.673
20_80M_101F,Nemipteridae,Pentapodus,porosus,1,140.393
20_80M_101F,Nemipteridae,Pentapodus,porosus,1,178.511
20_80M_101F,Nemipteridae,Pentapodus,porosus,1,185.159
20_80M_101F,Nemipteridae,Pentapodus,porosus,1,170.878
20_80M_101F,Nemipteridae,Pentapodus,porosus,1,169.501
20_80M_101F,Nemipteridae,Pentapodus,porosus,1,171.653
20_80M_101F,Nemipteridae,Pentapodus,porosus,1,184.38
20_80M_101N,Nemipteridae,Pentapodus,porosus,1,202.121
20_80M_101N,Nemipteridae,Pentapodus,porosus,1,182.216
20_80M_101N,Nemipteridae,Pentapodus,porosus,1,182.139
20_80M_101N,Nemipteridae,Pentapodus,porosus,1,213.635
20_80M_101N,Nemipteridae,Pentapodus,porosus,1,173.592
20_80M_101N,Nemipteridae,Pentapodus,porosus,1,233.432
20_80M_101N,Nemipteridae,Pentapodus,porosus,1,229.065
20_80M_101N,Nemipteridae,Pentapodus,porosus,1,195.026
20_80M_101N,Nemipteridae,Pentapodus,porosus,1,186.909
20_80M_102F,Nemipteridae,Pentapodus,porosus,1,206.342
20_80M_102F,Nemipteridae,Pentapodus,porosus,1,217.894
20_80M_102F,Nemipteridae,Pentapodus,porosus,1,165.716
20_80M_102F,Nemipteridae,Pentapodus,porosus,1,166.936
20_80M_102F,Nemipteridae,Pentapodus,porosus,1,197.291
20_80M_102F,Nemipteridae,Pentapodus,porosus,1,203.023
20_80M_102F,Nemipteridae,Pentapodus,porosus,1,202.703
20_80M_102F,Nemipteridae,Pentapodus,porosus,1,164.131
20_80M_102F,Nemipteridae,Pentapodus,porosus,1,176.698
20_80M_102F,Nemipteridae,Pentapodus,porosus,1,161.102
20_80M_102F,Nemipteridae,Pentapodus,porosus,1,168.41
20_80M_102F,Nemipteridae,Pentapodus,porosus,1,173.787
20_80M_102F,Nemipteridae,Pentapodus,porosus,1,182.36
20_80M_102F,Nemipteridae,Pentapodus,porosus,1,158.244
20_80M_102F,Nemipteridae,Pentapodus,porosus,1,166.369
20_80M_102N,Nemipteridae,Pentapodus,porosus,1,197.001
20_80M_102N,Nemipteridae,Pentapodus,porosus,1,191.789
20_80M_102N,Nemipteridae,Pentapodus,porosus,1,219.868
20_80M_103F,Nemipteridae,Pentapodus,porosus,1,183.237
20_80M_103F,Nemipteridae,Pentapodus,porosus,1,149.718
20_80M_103F,Nemipteridae,Pentapodus,porosus,1,204.853
20_80M_103F,Nemipteridae,Pentapodus,porosus,1,147.763
20_80M_103F,Nemipteridae,Pentapodus,porosus,1,139.783
20_80M_103F,Nemipteridae,Pentapodus,porosus,1,204.723
20_80M_103F,Nemipteridae,Pentapodus,porosus,1,166.133
20_80M_103F,Nemipteridae,Pentapodus,porosus,1,160.639
20_80M_103F,Nemipteridae,Pentapodus,porosus,1,183.351
20_80M_103F,Nemipteridae,Pentapodus,porosus,1,173.854
20_80M_103F,Nemipteridae,Pentapodus,porosus,1,186.011
20_80M_103F,Nemipteridae,Pentapodus,porosus,1,174.11
20_80M_103F,Nemipteridae,Pentapodus,porosus,1,208.448
20_80M_103F,Nemipteridae,Pentapodus,porosus,1,207.739
20_80M_103N,Nemipteridae,Pentapodus,porosus,1,146.303
20_80M_103N,Nemipteridae,Pentapodus,porosus,1,163.516
20_80M_103N,Nemipteridae,Pentapodus,porosus,1,133.335
20_80M_103N,Nemipteridae,Pentapodus,porosus,1,158.61
20_80M_103N,Nemipteridae,Pentapodus,porosus,1,162.661
20_80M_103N,Nemipteridae,Pentapodus,porosus,1,140.235
20_80M_103N,Nemipteridae,Pentapodus,porosus,1,186.598
20_80M_103N,Nemipteridae,Pentapodus,porosus,1,133.364
20_80M_103N,Nemipteridae,Pentapodus,porosus,1,177.731
20_80M_103N,Nemipteridae,Pentapodus,porosus,1,144.411
20_80M_103N,Nemipteridae,Pentapodus,porosus,1,182.533
20_80M_103N,Nemipteridae,Pentapodus,porosus,1,205.278
20_80M_103N,Nemipteridae,Pentapodus,porosus,1,222.293
20_80M_103N,Nemipteridae,Pentapodus,porosus,1,146.993
20_80M_103N,Nemipteridae,Pentapodus,porosus,1,147.478
20_80M_104F,Nemipteridae,Pentapodus,porosus,1,197.118
20_80M_104F,Nemipteridae,Pentapodus,porosus,1,184.724
20_80M_104F,Nemipteridae,Pentapodus,porosus,1,159.414
20_80M_104F,Nemipteridae,Pentapodus,porosus,1,200.726
20_80M_104F,Nemipteridae,Pentapodus,porosus,1,166.465
20_80M_104F,Nemipteridae,Pentapodus,porosus,1,189.027
20_80M_104F,Nemipteridae,Pentapodus,porosus,1,167.067
20_80M_104F,Nemipteridae,Pentapodus,porosus,1,197.445
20_80M_104F,Nemipteridae,Pentapodus,porosus,1,191.885
20_80M_104F,Nemipteridae,Pentapodus,porosus,1,203.372
20_80M_104F,Nemipteridae,Pentapodus,porosus,1,211.256
20_80M_104F,Nemipteridae,Pentapodus,porosus,1,195.766
20_80M_104F,Nemipteridae,Pentapodus,porosus,1,185.075
20_80M_104F,Nemipteridae,Pentapodus,porosus,1,197.479
20_80M_104F,Nemipteridae,Pentapodus,porosus,1,162.028
20_80M_104F,Nemipteridae,Pentapodus,porosus,1,191.283
20_80M_104N,Nemipteridae,Pentapodus,porosus,1,167.729
20_80M_104N,Nemipteridae,Pentapodus,porosus,1,145.428
20_80M_104N,Nemipteridae,Pentapodus,porosus,1,135.392
20_80M_104N,Nemipteridae,Pentapodus,porosus,1,177.727
20_80M_104N,Nemipteridae,Pentapodus,porosus,1,157.484
20_80M_104N,Nemipteridae,Pentapodus,porosus,1,142.025
20_80M_104N,Nemipteridae,Pentapodus,porosus,1,168.251
20_80M_104N,Nemipteridae,Pentapodus,porosus,1,155.867
20_80M_104N,Nemipteridae,Pentapodus,porosus,1,152.696
20_80M_104N,Nemipteridae,Pentapodus,porosus,1,177.203
20_80M_104N,Nemipteridae,Pentapodus,porosus,1,115.814
20_80M_104N,Nemipteridae,Pentapodus,porosus,1,149.669
20_80M_104N,Nemipteridae,Pentapodus,porosus,1,155.103
20_80M_105N,Nemipteridae,Pentapodus,porosus,1,180.851
20_80M_105N,Nemipteridae,Pentapodus,porosus,1,155.462
20_80M_105N,Nemipteridae,Pentapodus,porosus,1,171.214
20_80M_105N,Nemipteridae,Pentapodus,porosus,1,218.959
20_80M_105N,Nemipteridae,Pentapodus,porosus,1,151.368
20_80M_105N,Nemipteridae,Pentapodus,porosus,1,147.81
20_80M_105N,Nemipteridae,Pentapodus,porosus,1,162.893
20_80M_106N,Nemipteridae,Pentapodus,porosus,1,202.853
20_80M_106N,Nemipteridae,Pentapodus,porosus,1,187.938
20_80M_106N,Nemipteridae,Pentapodus,porosus,1,184.442
20_80M_106N,Nemipteridae,Pentapodus,porosus,1,205.13
20_80M_106N,Nemipteridae,Pentapodus,porosus,1,179.517
20_80M_106N,Nemipteridae,Pentapodus,porosus,1,187.451
20_80M_106N,Nemipteridae,Pentapodus,porosus,1,153.862
20_80M_107N,Nemipteridae,Pentapodus,porosus,1,185.937
20_80M_107N,Nemipteridae,Pentapodus,porosus,1,165.762
20_80M_107N,Nemipteridae,Pentapodus,porosus,1,169.113
20_80M_107N,Nemipteridae,Pentapodus,porosus,1,192.644
20_80M_107N,Nemipteridae,Pentapodus,porosus,1,174.444
20_80M_10F,Nemipteridae,Pentapodus,porosus,1,163.8
20_80M_10F,Nemipteridae,Pentapodus,porosus,1,200.338
20_80M_10F,Nemipteridae,Pentapodus,porosus,1,158.855
20_80M_10F,Nemipteridae,Pentapodus,porosus,1,209.672
20_80M_10F,Nemipteridae,Pentapodus,porosus,1,158.956
20_80M_10F,Nemipteridae,Pentapodus,porosus,1,149.254
20_80M_10F,Nemipteridae,Pentapodus,porosus,1,203.625
20_80M_10F,Nemipteridae,Pentapodus,porosus,1,175.341
20_80M_10F,Nemipteridae,Pentapodus,porosus,1,209.314
20_80M_10F,Nemipteridae,Pentapodus,porosus,1,192.67
20_80M_10F,Nemipteridae,Pentapodus,porosus,1,194.382
20_80M_10F,Nemipteridae,Pentapodus,porosus,1,194.147
20_80M_10F,Nemipteridae,Pentapodus,porosus,1,197.895
20_80M_10F,Nemipteridae,Pentapodus,porosus,1,159.016
20_80M_10F,Nemipteridae,Pentapodus,porosus,1,196.296
20_80M_10N,Nemipteridae,Pentapodus,porosus,1,209.317
20_80M_10N,Nemipteridae,Pentapodus,porosus,1,188.711
20_80M_10N,Nemipteridae,Pentapodus,porosus,1,198.93
20_80M_10N,Nemipteridae,Pentapodus,porosus,1,220.349
20_80M_10N,Nemipteridae,Pentapodus,porosus,1,177.983
20_80M_10N,Nemipteridae,Pentapodus,porosus,1,189.575
20_80M_10N,Nemipteridae,Pentapodus,porosus,1,177.564
20_80M_10N,Nemipteridae,Pentapodus,porosus,1,202.752
20_80M_10N,Nemipteridae,Pentapodus,porosus,1,202.679
20_80M_10N,Nemipteridae,Pentapodus,porosus,1,214.182
20_80M_10N,Nemipteridae,Pentapodus,porosus,1,217.884
20_80M_10N,Nemipteridae,Pentapodus,porosus,1,208.264
20_80M_10N,Nemipteridae,Pentapodus,porosus,1,216.227
20_80M_10N,Nemipteridae,Pentapodus,porosus,1,182.404
20_80M_10N,Nemipteridae,Pentapodus,porosus,1,175.007
20_80M_110N,Nemipteridae,Pentapodus,porosus,1,210.563
20_80M_110N,Nemipteridae,Pentapodus,porosus,1,205.081
20_80M_110N,Nemipteridae,Pentapodus,porosus,1,226.517
20_80M_110N,Nemipteridae,Pentapodus,porosus,1,188.096
20_80M_110N,Nemipteridae,Pentapodus,porosus,1,178.684
20_80M_110N,Nemipteridae,Pentapodus,porosus,1,210.062
20_80M_110N,Nemipteridae,Pentapodus,porosus,1,193.778
20_80M_110N,Nemipteridae,Pentapodus,porosus,1,204.704
20_80M_110N,Nemipteridae,Pentapodus,porosus,1,207.592
20_80M_110N,Nemipteridae,Pentapodus,porosus,1,231.95
20_80M_110N,Nemipteridae,Pentapodus,porosus,1,232.048
20_80M_110N,Nemipteridae,Pentapodus,porosus,1,214.76
20_80M_111N,Nemipteridae,Pentapodus,porosus,1,236.2
20_80M_111N,Nemipteridae,Pentapodus,porosus,1,181.195
20_80M_111N,Nemipteridae,Pentapodus,porosus,1,196.281
20_80M_111N,Nemipteridae,Pentapodus,porosus,1,228.182
20_80M_111N,Nemipteridae,Pentapodus,porosus,1,207.538
20_80M_111N,Nemipteridae,Pentapodus,porosus,1,190.335
20_80M_111N,Nemipteridae,Pentapodus,porosus,1,193.279
20_80M_111N,Nemipteridae,Pentapodus,porosus,1,219.565
20_80M_111N,Nemipteridae,Pentapodus,porosus,1,201.276
20_80M_111N,Nemipteridae,Pentapodus,porosus,1,220.221
20_80M_111N,Nemipteridae,Pentapodus,porosus,1,220.723
20_80M_111N,Nemipteridae,Pentapodus,porosus,1,216.269
20_80M_111N,Nemipteridae,Pentapodus,porosus,1,216.084
20_80M_111N,Nemipteridae,Pentapodus,porosus,1,231.66
20_80M_113N,Nemipteridae,Pentapodus,porosus,1,224.468
20_80M_113N,Nemipteridae,Pentapodus,porosus,1,199.168
20_80M_113N,Nemipteridae,Pentapodus,porosus,1,165.833
20_80M_113N,Nemipteridae,Pentapodus,porosus,1,196.061
20_80M_113N,Nemipteridae,Pentapodus,porosus,1,158.292
20_80M_113N,Nemipteridae,Pentapodus,porosus,1,182.519
20_80M_113N,Nemipteridae,Pentapodus,porosus,1,174.916
20_80M_113N,Nemipteridae,Pentapodus,porosus,1,191.284
20_80M_113N,Nemipteridae,Pentapodus,porosus,1,196.153
20_80M_113N,Nemipteridae,Pentapodus,porosus,1,188.957
20_80M_114N,Nemipteridae,Pentapodus,porosus,1,194.261
20_80M_114N,Nemipteridae,Pentapodus,porosus,1,204.847
20_80M_114N,Nemipteridae,Pentapodus,porosus,1,173.56
20_80M_114N,Nemipteridae,Pentapodus,porosus,1,172.92
20_80M_114N,Nemipteridae,Pentapodus,porosus,1,210.312
20_80M_114N,Nemipteridae,Pentapodus,porosus,1,214.683
20_80M_114N,Nemipteridae,Pentapodus,porosus,1,163.296
20_80M_114N,Nemipteridae,Pentapodus,porosus,1,210.671
20_80M_115N,Nemipteridae,Pentapodus,porosus,1,186.347
20_80M_115N,Nemipteridae,Pentapodus,porosus,1,172.623
20_80M_115N,Nemipteridae,Pentapodus,porosus,1,94.257
20_80M_115N,Nemipteridae,Pentapodus,porosus,1,160.355
20_80M_115N,Nemipteridae,Pentapodus,porosus,1,142.104
20_80M_115N,Nemipteridae,Pentapodus,porosus,1,153.91
20_80M_115N,Nemipteridae,Pentapodus,porosus,1,111.041
20_80M_115N,Nemipteridae,Pentapodus,porosus,1,96.425
20_80M_115N,Nemipteridae,Pentapodus,porosus,1,93.227
20_80M_115N,Nemipteridae,Pentapodus,porosus,1,121.578
20_80M_115N,Nemipteridae,Pentapodus,porosus,1,131.988
20_80M_115N,Nemipteridae,Pentapodus,porosus,1,95.614
20_80M_115N,Nemipteridae,Pentapodus,porosus,1,152.369
20_80M_115N,Nemipteridae,Pentapodus,porosus,1,151.698
20_80M_115N,Nemipteridae,Pentapodus,porosus,1,129.69
20_80M_116N,Nemipteridae,Pentapodus,porosus,1,190.328
20_80M_116N,Nemipteridae,Pentapodus,porosus,1,181.154
20_80M_116N,Nemipteridae,Pentapodus,porosus,1,204.218
20_80M_116N,Nemipteridae,Pentapodus,porosus,1,192.066
20_80M_117N,Nemipteridae,Pentapodus,porosus,1,187.812
20_80M_117N,Nemipteridae,Pentapodus,porosus,1,151.144
20_80M_117N,Nemipteridae,Pentapodus,porosus,1,183.201
20_80M_117N,Nemipteridae,Pentapodus,porosus,1,240.399
20_80M_117N,Nemipteridae,Pentapodus,porosus,1,122.812
20_80M_118N,Nemipteridae,Pentapodus,porosus,1,42.188
20_80M_118N,Nemipteridae,Pentapodus,porosus,1,42.229
20_80M_118N,Nemipteridae,Pentapodus,porosus,1,40.259
20_80M_118N,Nemipteridae,Pentapodus,porosus,1,40.136
20_80M_118N,Nemipteridae,Pentapodus,porosus,1,31.93
20_80M_11F,Nemipteridae,Pentapodus,porosus,1,190.17
20_80M_11F,Nemipteridae,Pentapodus,porosus,1,163.802
20_80M_11F,Nemipteridae,Pentapodus,porosus,1,204.121
20_80M_11F,Nemipteridae,Pentapodus,porosus,1,198.052
20_80M_11F,Nemipteridae,Pentapodus,porosus,1,205.108
20_80M_11F,Nemipteridae,Pentapodus,porosus,1,167.212
20_80M_11F,Nemipteridae,Pentapodus,porosus,1,201.763
20_80M_11F,Nemipteridae,Pentapodus,porosus,1,161.246
20_80M_11F,Nemipteridae,Pentapodus,porosus,1,160.657
20_80M_11F,Nemipteridae,Pentapodus,porosus,1,273.4
20_80M_11F,Nemipteridae,Pentapodus,porosus,1,133.059
20_80M_11F,Nemipteridae,Pentapodus,porosus,1,157.428
20_80M_11F,Nemipteridae,Pentapodus,porosus,1,161.764
20_80M_11F,Nemipteridae,Pentapodus,porosus,1,187.609
20_80M_11F,Nemipteridae,Pentapodus,porosus,1,197.849
20_80M_11N,Nemipteridae,Pentapodus,porosus,1,191.029
20_80M_11N,Nemipteridae,Pentapodus,porosus,1,224.811
20_80M_11N,Nemipteridae,Pentapodus,porosus,1,142.604
20_80M_11N,Nemipteridae,Pentapodus,porosus,1,203.019
20_80M_11N,Nemipteridae,Pentapodus,porosus,1,199.812
20_80M_11N,Nemipteridae,Pentapodus,porosus,1,180.27
20_80M_11N,Nemipteridae,Pentapodus,porosus,1,199.547
20_80M_11N,Nemipteridae,Pentapodus,porosus,1,167.392
20_80M_11N,Nemipteridae,Pentapodus,porosus,1,185.243
20_80M_11N,Nemipteridae,Pentapodus,porosus,1,199.217
20_80M_11N,Nemipteridae,Pentapodus,porosus,1,200.119
20_80M_11N,Nemipteridae,Pentapodus,porosus,1,195.6
20_80M_120N,Nemipteridae,Pentapodus,porosus,1,82.743
20_80M_120N,Nemipteridae,Pentapodus,porosus,1,88.449
20_80M_120N,Nemipteridae,Pentapodus,porosus,1,79.718
20_80M_120N,Nemipteridae,Pentapodus,porosus,1,83.076
20_80M_120N,Nemipteridae,Pentapodus,porosus,1,92.18
20_80M_120N,Nemipteridae,Pentapodus,porosus,1,75.761
20_80M_120N,Nemipteridae,Pentapodus,porosus,1,74.439
20_80M_120N,Nemipteridae,Pentapodus,porosus,1,88.662
20_80M_120N,Nemipteridae,Pentapodus,porosus,1,89.747
20_80M_120N,Nemipteridae,Pentapodus,porosus,1,85.376
20_80M_120N,Nemipteridae,Pentapodus,porosus,1,76.006
20_80M_121N,Nemipteridae,Pentapodus,porosus,1,40.647
20_80M_122N,Nemipteridae,Pentapodus,porosus,1,161.216
20_80M_122N,Nemipteridae,Pentapodus,porosus,1,165.39
20_80M_122N,Nemipteridae,Pentapodus,porosus,1,177.196
20_80M_122N,Nemipteridae,Pentapodus,porosus,1,131.944
20_80M_122N,Nemipteridae,Pentapodus,porosus,1,92.922
20_80M_122N,Nemipteridae,Pentapodus,porosus,1,200.252
20_80M_122N,Nemipteridae,Pentapodus,porosus,1,193.334
20_80M_122N,Nemipteridae,Pentapodus,porosus,1,178.174
20_80M_122N,Nemipteridae,Pentapodus,porosus,1,181.147
20_80M_123N,Nemipteridae,Pentapodus,porosus,1,197.056
20_80M_123N,Nemipteridae,Pentapodus,porosus,1,202.158
20_80M_123N,Nemipteridae,Pentapodus,porosus,1,199.694
20_80M_123N,Nemipteridae,Pentapodus,porosus,1,182.218
20_80M_125N,Nemipteridae,Pentapodus,porosus,1,157.396
20_80M_125N,Nemipteridae,Pentapodus,porosus,1,207.636
20_80M_125N,Nemipteridae,Pentapodus,porosus,1,184.839
20_80M_125N,Nemipteridae,Pentapodus,porosus,1,157.046
20_80M_125N,Nemipteridae,Pentapodus,porosus,1,168.667
20_80M_125N,Nemipteridae,Pentapodus,porosus,1,165.977
20_80M_125N,Nemipteridae,Pentapodus,porosus,1,174.446
20_80M_125N,Nemipteridae,Pentapodus,porosus,1,201.526
20_80M_125N,Nemipteridae,Pentapodus,porosus,1,200.392
20_80M_125N,Nemipteridae,Pentapodus,porosus,1,212.758
20_80M_125N,Nemipteridae,Pentapodus,porosus,1,191.192
20_80M_125N,Nemipteridae,Pentapodus,porosus,1,184.406
20_80M_125N,Nemipteridae,Pentapodus,porosus,1,195.131
20_80M_125N,Nemipteridae,Pentapodus,porosus,1,179.618
20_80M_125N,Nemipteridae,Pentapodus,porosus,1,211.044
20_80M_125N,Nemipteridae,Pentapodus,porosus,1,155.979
20_80M_125N,Nemipteridae,Pentapodus,porosus,1,169.633
20_80M_125N,Nemipteridae,Pentapodus,porosus,1,167.541
20_80M_125N,Nemipteridae,Pentapodus,porosus,1,189.98
20_80M_125N,Nemipteridae,Pentapodus,porosus,1,164.113
20_80M_126N,Nemipteridae,Pentapodus,porosus,1,190.682
20_80M_126N,Nemipteridae,Pentapodus,porosus,1,159.171
20_80M_126N,Nemipteridae,Pentapodus,porosus,1,177.116
20_80M_126N,Nemipteridae,Pentapodus,porosus,1,165.412
20_80M_126N,Nemipteridae,Pentapodus,porosus,1,159.092
20_80M_126N,Nemipteridae,Pentapodus,porosus,1,152.058
20_80M_126N,Nemipteridae,Pentapodus,porosus,1,204.95
20_80M_126N,Nemipteridae,Pentapodus,porosus,1,179.863
20_80M_126N,Nemipteridae,Pentapodus,porosus,1,162.356
20_80M_126N,Nemipteridae,Pentapodus,porosus,1,148.697
20_80M_126N,Nemipteridae,Pentapodus,porosus,1,218.987
20_80M_126N,Nemipteridae,Pentapodus,porosus,1,159.166
20_80M_126N,Nemipteridae,Pentapodus,porosus,1,194.446
20_80M_126N,Nemipteridae,Pentapodus,porosus,1,189.327
20_80M_126N,Nemipteridae,Pentapodus,porosus,1,200.25
20_80M_126N,Nemipteridae,Pentapodus,porosus,1,196.396
20_80M_126N,Nemipteridae,Pentapodus,porosus,1,163.831
20_80M_126N,Nemipteridae,Pentapodus,porosus,1,163.032
20_80M_126N,Nemipteridae,Pentapodus,porosus,1,183.421
20_80M_126N,Nemipteridae,Pentapodus,porosus,1,242.914
20_80M_126N,Nemipteridae,Pentapodus,porosus,1,213.355
20_80M_126N,Nemipteridae,Pentapodus,porosus,1,197.881
20_80M_127N,Nemipteridae,Pentapodus,porosus,1,209.847
20_80M_127N,Nemipteridae,Pentapodus,porosus,1,191.873
20_80M_127N,Nemipteridae,Pentapodus,porosus,1,200.158
20_80M_127N,Nemipteridae,Pentapodus,porosus,1,207.093
20_80M_127N,Nemipteridae,Pentapodus,porosus,1,200.462
20_80M_127N,Nemipteridae,Pentapodus,porosus,1,194.993
20_80M_127N,Nemipteridae,Pentapodus,porosus,1,169.173
20_80M_127N,Nemipteridae,Pentapodus,porosus,1,205.062
20_80M_127N,Nemipteridae,Pentapodus,porosus,1,151.799
20_80M_127N,Nemipteridae,Pentapodus,porosus,1,219.755
20_80M_127N,Nemipteridae,Pentapodus,porosus,1,202.107
20_80M_127N,Nemipteridae,Pentapodus,porosus,1,173.569
20_80M_127N,Nemipteridae,Pentapodus,porosus,1,202.471
20_80M_127N,Nemipteridae,Pentapodus,porosus,1,157.13
20_80M_127N,Nemipteridae,Pentapodus,porosus,1,204.889
20_80M_127N,Nemipteridae,Pentapodus,porosus,1,207.096
20_80M_127N,Nemipteridae,Pentapodus,porosus,1,216.438
20_80M_127N,Nemipteridae,Pentapodus,porosus,1,221.721
20_80M_127N,Nemipteridae,Pentapodus,porosus,1,162.846
20_80M_127N,Nemipteridae,Pentapodus,porosus,1,182.459
20_80M_128N,Nemipteridae,Pentapodus,porosus,1,195.856
20_80M_128N,Nemipteridae,Pentapodus,porosus,1,190.396
20_80M_128N,Nemipteridae,Pentapodus,porosus,1,189.597
20_80M_128N,Nemipteridae,Pentapodus,porosus,1,217.399
20_80M_128N,Nemipteridae,Pentapodus,porosus,1,164.114
20_80M_128N,Nemipteridae,Pentapodus,porosus,1,274.729
20_80M_128N,Nemipteridae,Pentapodus,porosus,1,210.457
20_80M_128N,Nemipteridae,Pentapodus,porosus,1,163.598
20_80M_128N,Nemipteridae,Pentapodus,porosus,1,158.833
20_80M_128N,Nemipteridae,Pentapodus,porosus,1,169.527
20_80M_128N,Nemipteridae,Pentapodus,porosus,1,152.553
20_80M_128N,Nemipteridae,Pentapodus,porosus,1,156.324
20_80M_128N,Nemipteridae,Pentapodus,porosus,1,163.508
20_80M_129N,Nemipteridae,Pentapodus,porosus,1,190.303
20_80M_129N,Nemipteridae,Pentapodus,porosus,1,146.961
20_80M_129N,Nemipteridae,Pentapodus,porosus,1,178.469
20_80M_129N,Nemipteridae,Pentapodus,porosus,1,203.032
20_80M_129N,Nemipteridae,Pentapodus,porosus,1,205.085
20_80M_129N,Nemipteridae,Pentapodus,porosus,1,185.305
20_80M_129N,Nemipteridae,Pentapodus,porosus,1,151.16
20_80M_129N,Nemipteridae,Pentapodus,porosus,1,120.579
20_80M_129N,Nemipteridae,Pentapodus,porosus,1,170.226
20_80M_129N,Nemipteridae,Pentapodus,porosus,1,176.08
20_80M_129N,Nemipteridae,Pentapodus,porosus,1,152.609
20_80M_129N,Nemipteridae,Pentapodus,porosus,1,178.916
20_80M_129N,Nemipteridae,Pentapodus,porosus,1,172.341
20_80M_129N,Nemipteridae,Pentapodus,porosus,1,185.151
20_80M_129N,Nemipteridae,Pentapodus,porosus,1,190.746
20_80M_129N,Nemipteridae,Pentapodus,porosus,1,101.848
20_80M_129N,Nemipteridae,Pentapodus,porosus,1,137.406
20_80M_12F,Nemipteridae,Pentapodus,porosus,1,171.164
20_80M_12F,Nemipteridae,Pentapodus,porosus,1,169.785
20_80M_12F,Nemipteridae,Pentapodus,porosus,1,201.455
20_80M_12F,Nemipteridae,Pentapodus,porosus,1,179.082
20_80M_12F,Nemipteridae,Pentapodus,porosus,1,175.559
20_80M_12F,Nemipteridae,Pentapodus,porosus,1,169.337
20_80M_12F,Nemipteridae,Pentapodus,porosus,1,175.315
20_80M_12F,Nemipteridae,Pentapodus,porosus,1,160.528
20_80M_12F,Nemipteridae,Pentapodus,porosus,1,171.097
20_80M_12F,Nemipteridae,Pentapodus,porosus,1,221.558
20_80M_12F,Nemipteridae,Pentapodus,porosus,1,175.754
20_80M_12F,Nemipteridae,Pentapodus,porosus,1,225.326
20_80M_12F,Nemipteridae,Pentapodus,porosus,1,191.941
20_80M_12F,Nemipteridae,Pentapodus,porosus,1,180.37
20_80M_130N,Nemipteridae,Pentapodus,porosus,1,77.399
20_80M_130N,Nemipteridae,Pentapodus,porosus,1,61.501
20_80M_131N,Nemipteridae,Pentapodus,porosus,1,123.938
20_80M_131N,Nemipteridae,Pentapodus,porosus,1,100.356
20_80M_131N,Nemipteridae,Pentapodus,porosus,1,101.538
20_80M_131N,Nemipteridae,Pentapodus,porosus,1,83.255
20_80M_131N,Nemipteridae,Pentapodus,porosus,1,82.045
20_80M_131N,Nemipteridae,Pentapodus,porosus,1,96.124
20_80M_131N,Nemipteridae,Pentapodus,porosus,1,97.167
20_80M_131N,Nemipteridae,Pentapodus,porosus,1,149.209
20_80M_131N,Nemipteridae,Pentapodus,porosus,1,81.21
20_80M_131N,Nemipteridae,Pentapodus,porosus,1,82.684
20_80M_131N,Nemipteridae,Pentapodus,porosus,1,120.398
20_80M_133N,Nemipteridae,Pentapodus,porosus,1,56.472
20_80M_133N,Nemipteridae,Pentapodus,porosus,1,50.4
20_80M_133N,Nemipteridae,Pentapodus,porosus,1,58.674
20_80M_133N,Nemipteridae,Pentapodus,porosus,1,52.649
20_80M_133N,Nemipteridae,Pentapodus,porosus,1,44.872
20_80M_133N,Nemipteridae,Pentapodus,porosus,1,45.195
20_80M_133N,Nemipteridae,Pentapodus,porosus,1,35.888
20_80M_133N,Nemipteridae,Pentapodus,porosus,1,44.475
20_80M_133N,Nemipteridae,Pentapodus,porosus,1,34.075
20_80M_133N,Nemipteridae,Pentapodus,porosus,1,53.665
20_80M_13F,Nemipteridae,Pentapodus,porosus,1,162.385
20_80M_13F,Nemipteridae,Pentapodus,porosus,1,199.044
20_80M_13F,Nemipteridae,Pentapodus,porosus,1,179.68
20_80M_13F,Nemipteridae,Pentapodus,porosus,1,204.412
20_80M_13F,Nemipteridae,Pentapodus,porosus,1,164.823
20_80M_13F,Nemipteridae,Pentapodus,porosus,1,141.049
20_80M_13F,Nemipteridae,Pentapodus,porosus,1,168.476
20_80M_13N,Nemipteridae,Pentapodus,porosus,1,188.538
20_80M_13N,Nemipteridae,Pentapodus,porosus,1,200.766
20_80M_13N,Nemipteridae,Pentapodus,porosus,1,166.721
20_80M_13N,Nemipteridae,Pentapodus,porosus,1,183.058
20_80M_13N,Nemipteridae,Pentapodus,porosus,1,140.424
20_80M_13N,Nemipteridae,Pentapodus,porosus,1,150.4
20_80M_13N,Nemipteridae,Pentapodus,porosus,1,149.248
20_80M_13N,Nemipteridae,Pentapodus,porosus,1,214.518
20_80M_13N,Nemipteridae,Pentapodus,porosus,1,200.77
20_80M_13N,Nemipteridae,Pentapodus,porosus,1,178.483
20_80M_14F,Nemipteridae,Pentapodus,porosus,1,210.062
20_80M_14F,Nemipteridae,Pentapodus,porosus,1,195.956
20_80M_14F,Nemipteridae,Pentapodus,porosus,1,194.898
20_80M_14F,Nemipteridae,Pentapodus,porosus,1,208.498
20_80M_14F,Nemipteridae,Pentapodus,porosus,1,197.297
20_80M_14F,Nemipteridae,Pentapodus,porosus,1,194.291
20_80M_14N,Nemipteridae,Pentapodus,porosus,1,203.977
20_80M_14N,Nemipteridae,Pentapodus,porosus,1,165.46
20_80M_14N,Nemipteridae,Pentapodus,porosus,1,219.867
20_80M_14N,Nemipteridae,Pentapodus,porosus,1,212.081
20_80M_14N,Nemipteridae,Pentapodus,porosus,1,200.643
20_80M_14N,Nemipteridae,Pentapodus,porosus,1,194.909
20_80M_14N,Nemipteridae,Pentapodus,porosus,1,158.726
20_80M_14N,Nemipteridae,Pentapodus,porosus,1,196.842
20_80M_14N,Nemipteridae,Pentapodus,porosus,1,204.121
20_80M_14N,Nemipteridae,Pentapodus,porosus,1,192.287
20_80M_14N,Nemipteridae,Pentapodus,porosus,1,194.016
20_80M_14N,Nemipteridae,Pentapodus,porosus,1,163.243
20_80M_14N,Nemipteridae,Pentapodus,porosus,1,203.965
20_80M_14N,Nemipteridae,Pentapodus,porosus,1,205.135
20_80M_14N,Nemipteridae,Pentapodus,porosus,1,173.662
20_80M_15F,Nemipteridae,Pentapodus,porosus,1,211.366
20_80M_15F,Nemipteridae,Pentapodus,porosus,1,178.342
20_80M_15F,Nemipteridae,Pentapodus,porosus,1,213.06
20_80M_15F,Nemipteridae,Pentapodus,porosus,1,228.589
20_80M_15F,Nemipteridae,Pentapodus,porosus,1,200.476
20_80M_15F,Nemipteridae,Pentapodus,porosus,1,184.754
20_80M_15F,Nemipteridae,Pentapodus,porosus,1,184.279
20_80M_15F,Nemipteridae,Pentapodus,porosus,1,207.769
20_80M_15F,Nemipteridae,Pentapodus,porosus,1,179.549
20_80M_16F,Nemipteridae,Pentapodus,porosus,1,113.964
20_80M_16F,Nemipteridae,Pentapodus,porosus,1,91.628
20_80M_16F,Nemipteridae,Pentapodus,porosus,1,202.305
20_80M_16F,Nemipteridae,Pentapodus,porosus,1,116.785
20_80M_16F,Nemipteridae,Pentapodus,porosus,1,200.248
20_80M_16F,Nemipteridae,Pentapodus,porosus,1,79.882
20_80M_16F,Nemipteridae,Pentapodus,porosus,1,109.875
20_80M_16F,Nemipteridae,Pentapodus,porosus,1,94.641
20_80M_16F,Nemipteridae,Pentapodus,porosus,1,209.337
20_80M_16N,Nemipteridae,Pentapodus,porosus,1,203.165
20_80M_16N,Nemipteridae,Pentapodus,porosus,1,144.363
20_80M_16N,Nemipteridae,Pentapodus,porosus,1,193.797
20_80M_16N,Nemipteridae,Pentapodus,porosus,1,197.523
20_80M_16N,Nemipteridae,Pentapodus,porosus,1,207.523
20_80M_16N,Nemipteridae,Pentapodus,porosus,1,191.175
20_80M_16N,Nemipteridae,Pentapodus,porosus,1,162.16
20_80M_16N,Nemipteridae,Pentapodus,porosus,1,201.793
20_80M_16N,Nemipteridae,Pentapodus,porosus,1,170.192
20_80M_17F,Nemipteridae,Pentapodus,porosus,1,211.158
20_80M_17F,Nemipteridae,Pentapodus,porosus,1,212.975
20_80M_17N,Nemipteridae,Pentapodus,porosus,1,221.659
20_80M_17N,Nemipteridae,Pentapodus,porosus,1,151.743
20_80M_17N,Nemipteridae,Pentapodus,porosus,1,177.546
20_80M_17N,Nemipteridae,Pentapodus,porosus,1,192.522
20_80M_17N,Nemipteridae,Pentapodus,porosus,1,187.928
20_80M_17N,Nemipteridae,Pentapodus,porosus,1,200.494
20_80M_17N,Nemipteridae,Pentapodus,porosus,1,217.212
20_80M_19F,Nemipteridae,Pentapodus,porosus,1,162.888
20_80M_19F,Nemipteridae,Pentapodus,porosus,1,126.022
20_80M_19F,Nemipteridae,Pentapodus,porosus,1,163.399
20_80M_19F,Nemipteridae,Pentapodus,porosus,1,164.391
20_80M_19F,Nemipteridae,Pentapodus,porosus,1,200.909
20_80M_19F,Nemipteridae,Pentapodus,porosus,1,163.242
20_80M_19F,Nemipteridae,Pentapodus,porosus,1,167.282
20_80M_19F,Nemipteridae,Pentapodus,porosus,1,215.08
20_80M_19F,Nemipteridae,Pentapodus,porosus,1,151.561
20_80M_19N,Nemipteridae,Pentapodus,porosus,1,168.122
20_80M_19N,Nemipteridae,Pentapodus,porosus,1,205.475
20_80M_19N,Nemipteridae,Pentapodus,porosus,1,182.095
20_80M_19N,Nemipteridae,Pentapodus,porosus,1,144.299
20_80M_19N,Nemipteridae,Pentapodus,porosus,1,231.304
20_80M_19N,Nemipteridae,Pentapodus,porosus,1,194.33
20_80M_19N,Nemipteridae,Pentapodus,porosus,1,194.627
20_80M_19N,Nemipteridae,Pentapodus,porosus,1,203.224
20_80M_19N,Nemipteridae,Pentapodus,porosus,1,209.976
20_80M_19N,Nemipteridae,Pentapodus,porosus,1,187.724
20_80M_1F,Nemipteridae,Pentapodus,porosus,1,158.65
20_80M_1F,Nemipteridae,Pentapodus,porosus,1,212.109
20_80M_1F,Nemipteridae,Pentapodus,porosus,1,134.593
20_80M_1F,Nemipteridae,Pentapodus,porosus,1,163.336
20_80M_1F,Nemipteridae,Pentapodus,porosus,1,202.646
20_80M_1F,Nemipteridae,Pentapodus,porosus,1,224.003
20_80M_1F,Nemipteridae,Pentapodus,porosus,1,192.857
20_80M_20F,Nemipteridae,Pentapodus,porosus,1,192.766
20_80M_20F,Nemipteridae,Pentapodus,porosus,1,185.784
20_80M_20F,Nemipteridae,Pentapodus,porosus,1,191.687
20_80M_20F,Nemipteridae,Pentapodus,porosus,1,187.982
20_80M_20F,Nemipteridae,Pentapodus,porosus,1,191.116
20_80M_20F,Nemipteridae,Pentapodus,porosus,1,148.215
20_80M_20F,Nemipteridae,Pentapodus,porosus,1,196.661
20_80M_20F,Nemipteridae,Pentapodus,porosus,1,192.127
20_80M_20F,Nemipteridae,Pentapodus,porosus,1,186.427
20_80M_20F,Nemipteridae,Pentapodus,porosus,1,195.486
20_80M_20N,Nemipteridae,Pentapodus,porosus,1,194.684
20_80M_20N,Nemipteridae,Pentapodus,porosus,1,212.358
20_80M_20N,Nemipteridae,Pentapodus,porosus,1,184.205
20_80M_20N,Nemipteridae,Pentapodus,porosus,1,192.611
20_80M_20N,Nemipteridae,Pentapodus,porosus,1,188.337
20_80M_20N,Nemipteridae,Pentapodus,porosus,1,199.577
20_80M_20N,Nemipteridae,Pentapodus,porosus,1,191.438
20_80M_20N,Nemipteridae,Pentapodus,porosus,1,207.246
20_80M_21F,Nemipteridae,Pentapodus,porosus,1,205.997
20_80M_21F,Nemipteridae,Pentapodus,porosus,1,189.961
20_80M_21F,Nemipteridae,Pentapodus,porosus,1,212.95
20_80M_21F,Nemipteridae,Pentapodus,porosus,1,194.339
20_80M_21F,Nemipteridae,Pentapodus,porosus,1,143.253
20_80M_21F,Nemipteridae,Pentapodus,porosus,1,173.254
20_80M_21F,Nemipteridae,Pentapodus,porosus,1,209.437
20_80M_21F,Nemipteridae,Pentapodus,porosus,1,192.789
20_80M_21F,Nemipteridae,Pentapodus,porosus,1,212.829
20_80M_21F,Nemipteridae,Pentapodus,porosus,1,193.398
20_80M_21F,Nemipteridae,Pentapodus,porosus,1,202.426
20_80M_22F,Nemipteridae,Pentapodus,porosus,1,193.229
20_80M_22F,Nemipteridae,Pentapodus,porosus,1,193.458
20_80M_22F,Nemipteridae,Pentapodus,porosus,1,181.534
20_80M_22F,Nemipteridae,Pentapodus,porosus,1,202.431
20_80M_22N,Nemipteridae,Pentapodus,porosus,1,113.335
20_80M_22N,Nemipteridae,Pentapodus,porosus,1,137.895
20_80M_22N,Nemipteridae,Pentapodus,porosus,1,187.195
20_80M_22N,Nemipteridae,Pentapodus,porosus,1,131.901
20_80M_22N,Nemipteridae,Pentapodus,porosus,1,108.079
20_80M_22N,Nemipteridae,Pentapodus,porosus,1,148.144
20_80M_22N,Nemipteridae,Pentapodus,porosus,1,187.699
20_80M_22N,Nemipteridae,Pentapodus,porosus,1,130.696
20_80M_22N,Nemipteridae,Pentapodus,porosus,1,129.225
20_80M_22N,Nemipteridae,Pentapodus,porosus,1,179.65
20_80M_23F,Nemipteridae,Pentapodus,porosus,1,189.722
20_80M_23F,Nemipteridae,Pentapodus,porosus,1,160.593
20_80M_23F,Nemipteridae,Pentapodus,porosus,1,187.301
20_80M_23F,Nemipteridae,Pentapodus,porosus,1,215.694
20_80M_23F,Nemipteridae,Pentapodus,porosus,1,163.625
20_80M_23F,Nemipteridae,Pentapodus,porosus,1,155.416
20_80M_23F,Nemipteridae,Pentapodus,porosus,1,204.587
20_80M_23F,Nemipteridae,Pentapodus,porosus,1,187.247
20_80M_23F,Nemipteridae,Pentapodus,porosus,1,212.546
20_80M_23N,Nemipteridae,Pentapodus,porosus,1,118.291
20_80M_23N,Nemipteridae,Pentapodus,porosus,1,122.577
20_80M_23N,Nemipteridae,Pentapodus,porosus,1,97.48
20_80M_23N,Nemipteridae,Pentapodus,porosus,1,173.494
20_80M_23N,Nemipteridae,Pentapodus,porosus,1,182.947
20_80M_23N,Nemipteridae,Pentapodus,porosus,1,128.621
20_80M_23N,Nemipteridae,Pentapodus,porosus,1,126.507
20_80M_23N,Nemipteridae,Pentapodus,porosus,1,184.389
20_80M_23N,Nemipteridae,Pentapodus,porosus,1,176.272
20_80M_23N,Nemipteridae,Pentapodus,porosus,1,205.743
20_80M_23N,Nemipteridae,Pentapodus,porosus,1,195.816
20_80M_23N,Nemipteridae,Pentapodus,porosus,1,135.255
20_80M_23N,Nemipteridae,Pentapodus,porosus,1,146.294
20_80M_23N,Nemipteridae,Pentapodus,porosus,1,140.391
20_80M_24F,Nemipteridae,Pentapodus,porosus,1,213.018
20_80M_24F,Nemipteridae,Pentapodus,porosus,1,178.665
20_80M_24F,Nemipteridae,Pentapodus,porosus,1,170.17
20_80M_24F,Nemipteridae,Pentapodus,porosus,1,227.351
20_80M_24F,Nemipteridae,Pentapodus,porosus,1,177.526
20_80M_24F,Nemipteridae,Pentapodus,porosus,1,186.986
20_80M_24F,Nemipteridae,Pentapodus,porosus,1,181.685
20_80M_24F,Nemipteridae,Pentapodus,porosus,1,201.571
20_80M_24F,Nemipteridae,Pentapodus,porosus,1,187.856
20_80M_24F,Nemipteridae,Pentapodus,porosus,1,203.872
20_80M_24F,Nemipteridae,Pentapodus,porosus,1,154.003
20_80M_24F,Nemipteridae,Pentapodus,porosus,1,183.707
20_80M_24F,Nemipteridae,Pentapodus,porosus,1,220.749
20_80M_24F,Nemipteridae,Pentapodus,porosus,1,177.33
20_80M_24N,Nemipteridae,Pentapodus,porosus,1,189.061
20_80M_24N,Nemipteridae,Pentapodus,porosus,1,185.012
20_80M_24N,Nemipteridae,Pentapodus,porosus,1,161.581
20_80M_24N,Nemipteridae,Pentapodus,porosus,1,152.26
20_80M_24N,Nemipteridae,Pentapodus,porosus,1,175.546
20_80M_24N,Nemipteridae,Pentapodus,porosus,1,163.661
20_80M_24N,Nemipteridae,Pentapodus,porosus,1,184.311
20_80M_24N,Nemipteridae,Pentapodus,porosus,1,164.817
20_80M_24N,Nemipteridae,Pentapodus,porosus,1,161.716
20_80M_24N,Nemipteridae,Pentapodus,porosus,1,184.682
20_80M_24N,Nemipteridae,Pentapodus,porosus,1,146.995
20_80M_24N,Nemipteridae,Pentapodus,porosus,1,167.937
20_80M_24N,Nemipteridae,Pentapodus,porosus,1,199.809
20_80M_24N,Nemipteridae,Pentapodus,porosus,1,167.312
20_80M_24N,Nemipteridae,Pentapodus,porosus,1,191.977
20_80M_24N,Nemipteridae,Pentapodus,porosus,1,171.252
20_80M_25N,Nemipteridae,Pentapodus,porosus,1,165.234
20_80M_25N,Nemipteridae,Pentapodus,porosus,1,161.533
20_80M_25N,Nemipteridae,Pentapodus,porosus,1,207.616
20_80M_25N,Nemipteridae,Pentapodus,porosus,1,157.67
20_80M_25N,Nemipteridae,Pentapodus,porosus,1,147.259
20_80M_25N,Nemipteridae,Pentapodus,porosus,1,182.363
20_80M_25N,Nemipteridae,Pentapodus,porosus,1,175.131
20_80M_26F,Nemipteridae,Pentapodus,porosus,1,216.94
20_80M_26F,Nemipteridae,Pentapodus,porosus,1,171.414
20_80M_26N,Nemipteridae,Pentapodus,porosus,1,184.775
20_80M_26N,Nemipteridae,Pentapodus,porosus,1,187.475
20_80M_26N,Nemipteridae,Pentapodus,porosus,1,166.268
20_80M_26N,Nemipteridae,Pentapodus,porosus,1,198.999
20_80M_26N,Nemipteridae,Pentapodus,porosus,1,197.759
20_80M_26N,Nemipteridae,Pentapodus,porosus,1,211.073
20_80M_27F,Nemipteridae,Pentapodus,porosus,1,208.516
20_80M_27N,Nemipteridae,Pentapodus,porosus,1,140.288
20_80M_27N,Nemipteridae,Pentapodus,porosus,1,175.006
20_80M_27N,Nemipteridae,Pentapodus,porosus,1,208.312
20_80M_27N,Nemipteridae,Pentapodus,porosus,1,200.459
20_80M_27N,Nemipteridae,Pentapodus,porosus,1,191.809
20_80M_27N,Nemipteridae,Pentapodus,porosus,1,162.821
20_80M_27N,Nemipteridae,Pentapodus,porosus,1,181.512
20_80M_27N,Nemipteridae,Pentapodus,porosus,1,202.109
20_80M_27N,Nemipteridae,Pentapodus,porosus,1,176.53
20_80M_27N,Nemipteridae,Pentapodus,porosus,1,174.209
20_80M_27N,Nemipteridae,Pentapodus,porosus,1,200.872
20_80M_28F,Nemipteridae,Pentapodus,porosus,1,203.065
20_80M_28F,Nemipteridae,Pentapodus,porosus,1,193.323
20_80M_28F,Nemipteridae,Pentapodus,porosus,1,166.55
20_80M_28F,Nemipteridae,Pentapodus,porosus,1,196.163
20_80M_28F,Nemipteridae,Pentapodus,porosus,1,186.825
20_80M_28F,Nemipteridae,Pentapodus,porosus,1,181.534
20_80M_28F,Nemipteridae,Pentapodus,porosus,1,205.542
20_80M_28F,Nemipteridae,Pentapodus,porosus,1,226.152
20_80M_28F,Nemipteridae,Pentapodus,porosus,1,183.281
20_80M_28F,Nemipteridae,Pentapodus,porosus,1,198.668
20_80M_28F,Nemipteridae,Pentapodus,porosus,1,184.3
20_80M_28F,Nemipteridae,Pentapodus,porosus,1,203.661
20_80M_28N,Nemipteridae,Pentapodus,porosus,1,154
20_80M_28N,Nemipteridae,Pentapodus,porosus,1,176.004
20_80M_28N,Nemipteridae,Pentapodus,porosus,1,157.286
20_80M_28N,Nemipteridae,Pentapodus,porosus,1,183.18
20_80M_28N,Nemipteridae,Pentapodus,porosus,1,183.845
20_80M_28N,Nemipteridae,Pentapodus,porosus,1,174.369
20_80M_28N,Nemipteridae,Pentapodus,porosus,1,210.211
20_80M_28N,Nemipteridae,Pentapodus,porosus,1,180.539
20_80M_28N,Nemipteridae,Pentapodus,porosus,1,188.368
20_80M_28N,Nemipteridae,Pentapodus,porosus,1,166.584
20_80M_28N,Nemipteridae,Pentapodus,porosus,1,184.067
20_80M_28N,Nemipteridae,Pentapodus,porosus,1,149.858
20_80M_28N,Nemipteridae,Pentapodus,porosus,1,157.846
20_80M_28N,Nemipteridae,Pentapodus,porosus,1,190.52
20_80M_29N,Nemipteridae,Pentapodus,porosus,1,211.37
20_80M_29N,Nemipteridae,Pentapodus,porosus,1,161.839
20_80M_29N,Nemipteridae,Pentapodus,porosus,1,190.725
20_80M_29N,Nemipteridae,Pentapodus,porosus,1,199.198
20_80M_29N,Nemipteridae,Pentapodus,porosus,1,199.414
20_80M_29N,Nemipteridae,Pentapodus,porosus,1,198.529
20_80M_29N,Nemipteridae,Pentapodus,porosus,1,191.503
20_80M_29N,Nemipteridae,Pentapodus,porosus,1,192.004
20_80M_29N,Nemipteridae,Pentapodus,porosus,1,192.258
20_80M_2F,Nemipteridae,Pentapodus,porosus,1,212.954
20_80M_2F,Nemipteridae,Pentapodus,porosus,1,203.196
20_80M_2F,Nemipteridae,Pentapodus,porosus,1,209.965
20_80M_2F,Nemipteridae,Pentapodus,porosus,1,226.382
20_80M_2F,Nemipteridae,Pentapodus,porosus,1,193.279
20_80M_2F,Nemipteridae,Pentapodus,porosus,1,198.727
20_80M_2F,Nemipteridae,Pentapodus,porosus,1,190.515
20_80M_2F,Nemipteridae,Pentapodus,porosus,1,172.696
20_80M_2F,Nemipteridae,Pentapodus,porosus,1,213.553
20_80M_2F,Nemipteridae,Pentapodus,porosus,1,193.464
20_80M_2F,Nemipteridae,Pentapodus,porosus,1,198.629
20_80M_30N,Nemipteridae,Pentapodus,porosus,1,201.205
20_80M_30N,Nemipteridae,Pentapodus,porosus,1,201.263
20_80M_30N,Nemipteridae,Pentapodus,porosus,1,196.608
20_80M_30N,Nemipteridae,Pentapodus,porosus,1,197.381
20_80M_30N,Nemipteridae,Pentapodus,porosus,1,198.31
20_80M_30N,Nemipteridae,Pentapodus,porosus,1,192.793
20_80M_30N,Nemipteridae,Pentapodus,porosus,1,195.041
20_80M_30N,Nemipteridae,Pentapodus,porosus,1,182.367
20_80M_30N,Nemipteridae,Pentapodus,porosus,1,191.976
20_80M_30N,Nemipteridae,Pentapodus,porosus,1,172.781
20_80M_31F,Nemipteridae,Pentapodus,porosus,1,26.569
20_80M_31N,Nemipteridae,Pentapodus,porosus,1,141.933
20_80M_31N,Nemipteridae,Pentapodus,porosus,1,183.527
20_80M_31N,Nemipteridae,Pentapodus,porosus,1,133.443
20_80M_31N,Nemipteridae,Pentapodus,porosus,1,200.499
20_80M_31N,Nemipteridae,Pentapodus,porosus,1,181.755
20_80M_31N,Nemipteridae,Pentapodus,porosus,1,115.09
20_80M_31N,Nemipteridae,Pentapodus,porosus,1,177.44
20_80M_31N,Nemipteridae,Pentapodus,porosus,1,187.739
20_80M_32F,Nemipteridae,Pentapodus,porosus,1,155.721
20_80M_32F,Nemipteridae,Pentapodus,porosus,1,175.479
20_80M_32F,Nemipteridae,Pentapodus,porosus,1,172.266
20_80M_32F,Nemipteridae,Pentapodus,porosus,1,195.702
20_80M_32F,Nemipteridae,Pentapodus,porosus,1,150.116
20_80M_32F,Nemipteridae,Pentapodus,porosus,1,160.502
20_80M_32F,Nemipteridae,Pentapodus,porosus,1,195.94
20_80M_32F,Nemipteridae,Pentapodus,porosus,1,204.634
20_80M_32F,Nemipteridae,Pentapodus,porosus,1,151.823
20_80M_32F,Nemipteridae,Pentapodus,porosus,1,185.78
20_80M_32F,Nemipteridae,Pentapodus,porosus,1,202.281
20_80M_32F,Nemipteridae,Pentapodus,porosus,1,205.129
20_80M_32N,Nemipteridae,Pentapodus,porosus,1,184.334
20_80M_32N,Nemipteridae,Pentapodus,porosus,1,189.104
20_80M_32N,Nemipteridae,Pentapodus,porosus,1,177.653
20_80M_32N,Nemipteridae,Pentapodus,porosus,1,127.917
20_80M_32N,Nemipteridae,Pentapodus,porosus,1,104.812
20_80M_32N,Nemipteridae,Pentapodus,porosus,1,120.901
20_80M_32N,Nemipteridae,Pentapodus,porosus,1,160.068
20_80M_32N,Nemipteridae,Pentapodus,porosus,1,186.062
20_80M_32N,Nemipteridae,Pentapodus,porosus,1,171.379
20_80M_33F,Nemipteridae,Pentapodus,porosus,1,237.418
20_80M_33F,Nemipteridae,Pentapodus,porosus,1,207.658
20_80M_33F,Nemipteridae,Pentapodus,porosus,1,216.165
20_80M_33F,Nemipteridae,Pentapodus,porosus,1,243.913
20_80M_33F,Nemipteridae,Pentapodus,porosus,1,185.004
20_80M_33F,Nemipteridae,Pentapodus,porosus,1,193.869
20_80M_33F,Nemipteridae,Pentapodus,porosus,1,196.824
20_80M_33F,Nemipteridae,Pentapodus,porosus,1,205.786
20_80M_33F,Nemipteridae,Pentapodus,porosus,1,244.237
20_80M_33F,Nemipteridae,Pentapodus,porosus,1,198.227
20_80M_33F,Nemipteridae,Pentapodus,porosus,1,203.585
20_80M_33F,Nemipteridae,Pentapodus,porosus,1,192.816
20_80M_33N,Nemipteridae,Pentapodus,porosus,1,227.531
20_80M_33N,Nemipteridae,Pentapodus,porosus,1,232.768
20_80M_33N,Nemipteridae,Pentapodus,porosus,1,199.887
20_80M_33N,Nemipteridae,Pentapodus,porosus,1,213.916
20_80M_34N,Nemipteridae,Pentapodus,porosus,1,169.082
20_80M_34N,Nemipteridae,Pentapodus,porosus,1,157.913
20_80M_34N,Nemipteridae,Pentapodus,porosus,1,179.539
20_80M_34N,Nemipteridae,Pentapodus,porosus,1,142.629
20_80M_34N,Nemipteridae,Pentapodus,porosus,1,158.182
20_80M_34N,Nemipteridae,Pentapodus,porosus,1,191.156
20_80M_34N,Nemipteridae,Pentapodus,porosus,1,183.16
20_80M_35N,Nemipteridae,Pentapodus,porosus,1,132.345
20_80M_35N,Nemipteridae,Pentapodus,porosus,1,198.777
20_80M_35N,Nemipteridae,Pentapodus,porosus,1,201.772
20_80M_35N,Nemipteridae,Pentapodus,porosus,1,202.19
20_80M_35N,Nemipteridae,Pentapodus,porosus,1,200.469
20_80M_35N,Nemipteridae,Pentapodus,porosus,1,224.805
20_80M_35N,Nemipteridae,Pentapodus,porosus,1,201.245
20_80M_36F,Nemipteridae,Pentapodus,porosus,1,28.596
20_80M_36N,Nemipteridae,Pentapodus,porosus,1,187.076
20_80M_36N,Nemipteridae,Pentapodus,porosus,1,196.213
20_80M_36N,Nemipteridae,Pentapodus,porosus,1,207.696
20_80M_36N,Nemipteridae,Pentapodus,porosus,1,226.033
20_80M_37N,Nemipteridae,Pentapodus,porosus,1,218.822
20_80M_37N,Nemipteridae,Pentapodus,porosus,1,201.463
20_80M_37N,Nemipteridae,Pentapodus,porosus,1,225.522
20_80M_37N,Nemipteridae,Pentapodus,porosus,1,194.749
20_80M_37N,Nemipteridae,Pentapodus,porosus,1,187.633
20_80M_37N,Nemipteridae,Pentapodus,porosus,1,188.931
20_80M_37N,Nemipteridae,Pentapodus,porosus,1,200.348
20_80M_37N,Nemipteridae,Pentapodus,porosus,1,219.763
20_80M_37N,Nemipteridae,Pentapodus,porosus,1,225.265
20_80M_37N,Nemipteridae,Pentapodus,porosus,1,220.451
20_80M_37N,Nemipteridae,Pentapodus,porosus,1,198.584
20_80M_38F,Nemipteridae,Pentapodus,porosus,1,194.863
20_80M_38F,Nemipteridae,Pentapodus,porosus,1,194.964
20_80M_38F,Nemipteridae,Pentapodus,porosus,1,106.658
20_80M_38F,Nemipteridae,Pentapodus,porosus,1,145.283
20_80M_38F,Nemipteridae,Pentapodus,porosus,1,139.125
20_80M_38F,Nemipteridae,Pentapodus,porosus,1,162.461
20_80M_38F,Nemipteridae,Pentapodus,porosus,1,175.056
20_80M_38F,Nemipteridae,Pentapodus,porosus,1,176.553
20_80M_38F,Nemipteridae,Pentapodus,porosus,1,114.828
20_80M_38F,Nemipteridae,Pentapodus,porosus,1,173.588
20_80M_38F,Nemipteridae,Pentapodus,porosus,1,157.086
20_80M_38F,Nemipteridae,Pentapodus,porosus,1,179.54
20_80M_38F,Nemipteridae,Pentapodus,porosus,1,178.099
20_80M_38F,Nemipteridae,Pentapodus,porosus,1,171.06
20_80M_38F,Nemipteridae,Pentapodus,porosus,1,189.255
20_80M_38F,Nemipteridae,Pentapodus,porosus,1,198.828
20_80M_38F,Nemipteridae,Pentapodus,porosus,1,193.866
20_80M_38N,Nemipteridae,Pentapodus,porosus,1,199.847
20_80M_38N,Nemipteridae,Pentapodus,porosus,1,168.17
20_80M_38N,Nemipteridae,Pentapodus,porosus,1,221.556
20_80M_38N,Nemipteridae,Pentapodus,porosus,1,202.298
20_80M_38N,Nemipteridae,Pentapodus,porosus,1,210.712
20_80M_38N,Nemipteridae,Pentapodus,porosus,1,206.738
20_80M_38N,Nemipteridae,Pentapodus,porosus,1,223.503
20_80M_38N,Nemipteridae,Pentapodus,porosus,1,207.038
20_80M_38N,Nemipteridae,Pentapodus,porosus,1,197.361
20_80M_39N,Nemipteridae,Pentapodus,porosus,1,195.598
20_80M_39N,Nemipteridae,Pentapodus,porosus,1,208.066
20_80M_39N,Nemipteridae,Pentapodus,porosus,1,195.119
20_80M_39N,Nemipteridae,Pentapodus,porosus,1,221.384
20_80M_39N,Nemipteridae,Pentapodus,porosus,1,209.077
20_80M_39N,Nemipteridae,Pentapodus,porosus,1,197.931
20_80M_39N,Nemipteridae,Pentapodus,porosus,1,195.079
20_80M_39N,Nemipteridae,Pentapodus,porosus,1,191.025
20_80M_39N,Nemipteridae,Pentapodus,porosus,1,169.644
20_80M_39N,Nemipteridae,Pentapodus,porosus,1,216.216
20_80M_3F,Nemipteridae,Pentapodus,porosus,1,229.389
20_80M_3F,Nemipteridae,Pentapodus,porosus,1,214.732
20_80M_3F,Nemipteridae,Pentapodus,porosus,1,230.301
20_80M_3F,Nemipteridae,Pentapodus,porosus,1,201.741
20_80M_3F,Nemipteridae,Pentapodus,porosus,1,211.427
20_80M_3F,Nemipteridae,Pentapodus,porosus,1,221.302
20_80M_3F,Nemipteridae,Pentapodus,porosus,1,216.792
20_80M_3F,Nemipteridae,Pentapodus,porosus,1,187.779
20_80M_3N,Nemipteridae,Pentapodus,porosus,1,191.1
20_80M_3N,Nemipteridae,Pentapodus,porosus,1,160.152
20_80M_3N,Nemipteridae,Pentapodus,porosus,1,149.555
20_80M_40F,Nemipteridae,Pentapodus,porosus,1,86.153
20_80M_40F,Nemipteridae,Pentapodus,porosus,1,232.726
20_80M_40N,Nemipteridae,Pentapodus,porosus,1,170.021
20_80M_40N,Nemipteridae,Pentapodus,porosus,1,206.209
20_80M_40N,Nemipteridae,Pentapodus,porosus,1,197.79
20_80M_40N,Nemipteridae,Pentapodus,porosus,1,185.922
20_80M_40N,Nemipteridae,Pentapodus,porosus,1,192.568
20_80M_40N,Nemipteridae,Pentapodus,porosus,1,150.99
20_80M_40N,Nemipteridae,Pentapodus,porosus,1,184.779
20_80M_40N,Nemipteridae,Pentapodus,porosus,1,192.266
20_80M_41N,Nemipteridae,Pentapodus,porosus,1,137.117
20_80M_41N,Nemipteridae,Pentapodus,porosus,1,130.707
20_80M_41N,Nemipteridae,Pentapodus,porosus,1,146.659
20_80M_41N,Nemipteridae,Pentapodus,porosus,1,133.781
20_80M_41N,Nemipteridae,Pentapodus,porosus,1,141.75
20_80M_41N,Nemipteridae,Pentapodus,porosus,1,130.887
20_80M_41N,Nemipteridae,Pentapodus,porosus,1,150.52
20_80M_41N,Nemipteridae,Pentapodus,porosus,1,113.042
20_80M_41N,Nemipteridae,Pentapodus,porosus,1,150.267
20_80M_42F,Nemipteridae,Pentapodus,porosus,1,229.154
20_80M_42N,Nemipteridae,Pentapodus,porosus,1,195.695
20_80M_43F,Nemipteridae,Pentapodus,porosus,1,42.891
20_80M_43F,Nemipteridae,Pentapodus,porosus,1,45.8
20_80M_43F,Nemipteridae,Pentapodus,porosus,1,33.995
20_80M_43F,Nemipteridae,Pentapodus,porosus,1,41.734
20_80M_44F,Nemipteridae,Pentapodus,porosus,1,174.662
20_80M_44F,Nemipteridae,Pentapodus,porosus,1,172.314
20_80M_44F,Nemipteridae,Pentapodus,porosus,1,156.806
20_80M_44F,Nemipteridae,Pentapodus,porosus,1,203.528
20_80M_44F,Nemipteridae,Pentapodus,porosus,1,208.107
20_80M_44F,Nemipteridae,Pentapodus,porosus,1,164.519
20_80M_44F,Nemipteridae,Pentapodus,porosus,1,179.961
20_80M_44F,Nemipteridae,Pentapodus,porosus,1,164.482
20_80M_44F,Nemipteridae,Pentapodus,porosus,1,179.626
20_80M_44F,Nemipteridae,Pentapodus,porosus,1,173.098
20_80M_44F,Nemipteridae,Pentapodus,porosus,1,185.247
20_80M_44F,Nemipteridae,Pentapodus,porosus,1,223.226
20_80M_44F,Nemipteridae,Pentapodus,porosus,1,171.056
20_80M_44F,Nemipteridae,Pentapodus,porosus,1,199.656
20_80M_44F,Nemipteridae,Pentapodus,porosus,1,216.791
20_80M_44F,Nemipteridae,Pentapodus,porosus,1,160.53
20_80M_44F,Nemipteridae,Pentapodus,porosus,1,171.737
20_80M_45N,Nemipteridae,Pentapodus,porosus,1,117.402
20_80M_45N,Nemipteridae,Pentapodus,porosus,1,120.204
20_80M_46F,Nemipteridae,Pentapodus,porosus,1,33.574
20_80M_46F,Nemipteridae,Pentapodus,porosus,1,35.549
20_80M_47F,Nemipteridae,Pentapodus,porosus,1,113.772
20_80M_47F,Nemipteridae,Pentapodus,porosus,1,90.044
20_80M_47F,Nemipteridae,Pentapodus,porosus,1,74.868
20_80M_47F,Nemipteridae,Pentapodus,porosus,1,118.221
20_80M_47F,Nemipteridae,Pentapodus,porosus,1,111.014
20_80M_47F,Nemipteridae,Pentapodus,porosus,1,88.371
20_80M_47F,Nemipteridae,Pentapodus,porosus,1,82.27
20_80M_47F,Nemipteridae,Pentapodus,porosus,1,84.268
20_80M_47F,Nemipteridae,Pentapodus,porosus,1,78.757
20_80M_47F,Nemipteridae,Pentapodus,porosus,1,86.76
20_80M_48F,Nemipteridae,Pentapodus,porosus,1,210.688
20_80M_48F,Nemipteridae,Pentapodus,porosus,1,146.049
20_80M_48F,Nemipteridae,Pentapodus,porosus,1,168.776
20_80M_48F,Nemipteridae,Pentapodus,porosus,1,201.981
20_80M_48F,Nemipteridae,Pentapodus,porosus,1,190.323
20_80M_48F,Nemipteridae,Pentapodus,porosus,1,77.583
20_80M_48F,Nemipteridae,Pentapodus,porosus,1,183.476
20_80M_48F,Nemipteridae,Pentapodus,porosus,1,201.381
20_80M_48F,Nemipteridae,Pentapodus,porosus,1,143.662
20_80M_48F,Nemipteridae,Pentapodus,porosus,1,90.624
20_80M_48F,Nemipteridae,Pentapodus,porosus,1,84.872
20_80M_48F,Nemipteridae,Pentapodus,porosus,1,132.151
20_80M_48F,Nemipteridae,Pentapodus,porosus,1,93.26
20_80M_48F,Nemipteridae,Pentapodus,porosus,1,180.7
20_80M_49F,Nemipteridae,Pentapodus,porosus,1,183.682
20_80M_49F,Nemipteridae,Pentapodus,porosus,1,210.381
20_80M_49F,Nemipteridae,Pentapodus,porosus,1,183.229
20_80M_49F,Nemipteridae,Pentapodus,porosus,1,176.731
20_80M_49F,Nemipteridae,Pentapodus,porosus,1,212.461
20_80M_49F,Nemipteridae,Pentapodus,porosus,1,188.607
20_80M_49F,Nemipteridae,Pentapodus,porosus,1,162.529
20_80M_49F,Nemipteridae,Pentapodus,porosus,1,160.35
20_80M_49F,Nemipteridae,Pentapodus,porosus,1,202.482
20_80M_49F,Nemipteridae,Pentapodus,porosus,1,210.823
20_80M_49F,Nemipteridae,Pentapodus,porosus,1,222.811
20_80M_49F,Nemipteridae,Pentapodus,porosus,1,217.728
20_80M_4F,Nemipteridae,Pentapodus,porosus,1,143.097
20_80M_4F,Nemipteridae,Pentapodus,porosus,1,201.552
20_80M_4F,Nemipteridae,Pentapodus,porosus,1,191.669
20_80M_4F,Nemipteridae,Pentapodus,porosus,1,165.508
20_80M_4F,Nemipteridae,Pentapodus,porosus,1,167.358
20_80M_4F,Nemipteridae,Pentapodus,porosus,1,184.495
20_80M_4F,Nemipteridae,Pentapodus,porosus,1,179.695
20_80M_4F,Nemipteridae,Pentapodus,porosus,1,196.065
20_80M_4F,Nemipteridae,Pentapodus,porosus,1,160.438
20_80M_4F,Nemipteridae,Pentapodus,porosus,1,202.514
20_80M_4F,Nemipteridae,Pentapodus,porosus,1,181.926
20_80M_4F,Nemipteridae,Pentapodus,porosus,1,193.166
20_80M_4F,Nemipteridae,Pentapodus,porosus,1,201.81
20_80M_4F,Nemipteridae,Pentapodus,porosus,1,144.376
20_80M_4F,Nemipteridae,Pentapodus,porosus,1,207.621
20_80M_4F,Nemipteridae,Pentapodus,porosus,1,172.793
20_80M_4F,Nemipteridae,Pentapodus,porosus,1,194.85
20_80M_4F,Nemipteridae,Pentapodus,porosus,1,152.589
20_80M_4F,Nemipteridae,Pentapodus,porosus,1,178.745
20_80M_4F,Nemipteridae,Pentapodus,porosus,1,138.735
20_80M_4F,Nemipteridae,Pentapodus,porosus,1,188.116
20_80M_4F,Nemipteridae,Pentapodus,porosus,1,132.047
20_80M_4N,Nemipteridae,Pentapodus,porosus,1,141.865
20_80M_4N,Nemipteridae,Pentapodus,porosus,1,186.317
20_80M_4N,Nemipteridae,Pentapodus,porosus,1,201.747
20_80M_4N,Nemipteridae,Pentapodus,porosus,1,184.434
20_80M_4N,Nemipteridae,Pentapodus,porosus,1,138.03
20_80M_4N,Nemipteridae,Pentapodus,porosus,1,134.307
20_80M_4N,Nemipteridae,Pentapodus,porosus,1,118.58
20_80M_4N,Nemipteridae,Pentapodus,porosus,1,143.27
20_80M_50F,Nemipteridae,Pentapodus,porosus,1,192.005
20_80M_50F,Nemipteridae,Pentapodus,porosus,1,129.264
20_80M_50F,Nemipteridae,Pentapodus,porosus,1,193.615
20_80M_50F,Nemipteridae,Pentapodus,porosus,1,181.698
20_80M_50F,Nemipteridae,Pentapodus,porosus,1,186.806
20_80M_50F,Nemipteridae,Pentapodus,porosus,1,139.897
20_80M_50F,Nemipteridae,Pentapodus,porosus,1,168.472
20_80M_50F,Nemipteridae,Pentapodus,porosus,1,198.59
20_80M_50F,Nemipteridae,Pentapodus,porosus,1,184.495
20_80M_50F,Nemipteridae,Pentapodus,porosus,1,199.624
20_80M_50F,Nemipteridae,Pentapodus,porosus,1,196.739
20_80M_50F,Nemipteridae,Pentapodus,porosus,1,167.452
20_80M_51F,Nemipteridae,Pentapodus,porosus,1,188.234
20_80M_51F,Nemipteridae,Pentapodus,porosus,1,186.387
20_80M_51F,Nemipteridae,Pentapodus,porosus,1,191.329
20_80M_51F,Nemipteridae,Pentapodus,porosus,1,171.7
20_80M_51F,Nemipteridae,Pentapodus,porosus,1,197.406
20_80M_51F,Nemipteridae,Pentapodus,porosus,1,174.479
20_80M_51F,Nemipteridae,Pentapodus,porosus,1,167.428
20_80M_51F,Nemipteridae,Pentapodus,porosus,1,178.428
20_80M_51F,Nemipteridae,Pentapodus,porosus,1,170.143
20_80M_51F,Nemipteridae,Pentapodus,porosus,1,194.734
20_80M_51F,Nemipteridae,Pentapodus,porosus,1,165.905
20_80M_51F,Nemipteridae,Pentapodus,porosus,1,180.665
20_80M_52F,Nemipteridae,Pentapodus,porosus,1,188.314
20_80M_52F,Nemipteridae,Pentapodus,porosus,1,192.789
20_80M_52F,Nemipteridae,Pentapodus,porosus,1,182.957
20_80M_52F,Nemipteridae,Pentapodus,porosus,1,168.784
20_80M_52F,Nemipteridae,Pentapodus,porosus,1,153.612
20_80M_52F,Nemipteridae,Pentapodus,porosus,1,181.897
20_80M_52F,Nemipteridae,Pentapodus,porosus,1,191.558
20_80M_52F,Nemipteridae,Pentapodus,porosus,1,176.741
20_80M_52F,Nemipteridae,Pentapodus,porosus,1,168.996
20_80M_52F,Nemipteridae,Pentapodus,porosus,1,172.332
20_80M_52F,Nemipteridae,Pentapodus,porosus,1,179.268
20_80M_52F,Nemipteridae,Pentapodus,porosus,1,202.278
20_80M_52F,Nemipteridae,Pentapodus,porosus,1,177.523
20_80M_52N,Nemipteridae,Pentapodus,porosus,1,126.387
20_80M_53F,Nemipteridae,Pentapodus,porosus,1,193.701
20_80M_53F,Nemipteridae,Pentapodus,porosus,1,108.694
20_80M_53F,Nemipteridae,Pentapodus,porosus,1,169.194
20_80M_53F,Nemipteridae,Pentapodus,porosus,1,154.751
20_80M_53F,Nemipteridae,Pentapodus,porosus,1,189.907
20_80M_53F,Nemipteridae,Pentapodus,porosus,1,166.209
20_80M_53F,Nemipteridae,Pentapodus,porosus,1,202.586
20_80M_53F,Nemipteridae,Pentapodus,porosus,1,174.427
20_80M_53F,Nemipteridae,Pentapodus,porosus,1,182.932
20_80M_53F,Nemipteridae,Pentapodus,porosus,1,211.189
20_80M_53F,Nemipteridae,Pentapodus,porosus,1,196.559
20_80M_53F,Nemipteridae,Pentapodus,porosus,1,188.195
20_80M_53F,Nemipteridae,Pentapodus,porosus,1,208.852
20_80M_53F,Nemipteridae,Pentapodus,porosus,1,161.87
20_80M_53F,Nemipteridae,Pentapodus,porosus,1,207.67
20_80M_54F,Nemipteridae,Pentapodus,porosus,1,198.034
20_80M_54F,Nemipteridae,Pentapodus,porosus,1,163.428
20_80M_54F,Nemipteridae,Pentapodus,porosus,1,201.795
20_80M_54F,Nemipteridae,Pentapodus,porosus,1,187.499
20_80M_54F,Nemipteridae,Pentapodus,porosus,1,162.132
20_80M_54F,Nemipteridae,Pentapodus,porosus,1,181.374
20_80M_54F,Nemipteridae,Pentapodus,porosus,1,208.289
20_80M_54F,Nemipteridae,Pentapodus,porosus,1,208.151
20_80M_54F,Nemipteridae,Pentapodus,porosus,1,148.892
20_80M_54F,Nemipteridae,Pentapodus,porosus,1,181.607
20_80M_54F,Nemipteridae,Pentapodus,porosus,1,202.83
20_80M_54F,Nemipteridae,Pentapodus,porosus,1,208.384
20_80M_54N,Nemipteridae,Pentapodus,porosus,1,201.28
20_80M_54N,Nemipteridae,Pentapodus,porosus,1,200.05
20_80M_54N,Nemipteridae,Pentapodus,porosus,1,212.179
20_80M_54N,Nemipteridae,Pentapodus,porosus,1,204.983
20_80M_54N,Nemipteridae,Pentapodus,porosus,1,203.536
20_80M_54N,Nemipteridae,Pentapodus,porosus,1,207.939
20_80M_54N,Nemipteridae,Pentapodus,porosus,1,205.016
20_80M_54N,Nemipteridae,Pentapodus,porosus,1,192.007
20_80M_54N,Nemipteridae,Pentapodus,porosus,1,169.575
20_80M_54N,Nemipteridae,Pentapodus,porosus,1,186.145
20_80M_54N,Nemipteridae,Pentapodus,porosus,1,195.482
20_80M_54N,Nemipteridae,Pentapodus,porosus,1,206.736
20_80M_55F,Nemipteridae,Pentapodus,porosus,1,212.628
20_80M_55F,Nemipteridae,Pentapodus,porosus,1,208.071
20_80M_55F,Nemipteridae,Pentapodus,porosus,1,187.687
20_80M_55F,Nemipteridae,Pentapodus,porosus,1,180.327
20_80M_55F,Nemipteridae,Pentapodus,porosus,1,208.005
20_80M_55F,Nemipteridae,Pentapodus,porosus,1,144.111
20_80M_55F,Nemipteridae,Pentapodus,porosus,1,140.637
20_80M_55F,Nemipteridae,Pentapodus,porosus,1,151.586
20_80M_55F,Nemipteridae,Pentapodus,porosus,1,164.747
20_80M_55F,Nemipteridae,Pentapodus,porosus,1,217.621
20_80M_55F,Nemipteridae,Pentapodus,porosus,1,165.825
20_80M_55F,Nemipteridae,Pentapodus,porosus,1,159.718
20_80M_55F,Nemipteridae,Pentapodus,porosus,1,186.484
20_80M_55F,Nemipteridae,Pentapodus,porosus,1,163.126
20_80M_55N,Nemipteridae,Pentapodus,porosus,1,224.938
20_80M_55N,Nemipteridae,Pentapodus,porosus,1,173.77
20_80M_55N,Nemipteridae,Pentapodus,porosus,1,197.584
20_80M_55N,Nemipteridae,Pentapodus,porosus,1,242.176
20_80M_55N,Nemipteridae,Pentapodus,porosus,1,209.404
20_80M_55N,Nemipteridae,Pentapodus,porosus,1,197.049
20_80M_55N,Nemipteridae,Pentapodus,porosus,1,167.335
20_80M_55N,Nemipteridae,Pentapodus,porosus,1,191.093
20_80M_55N,Nemipteridae,Pentapodus,porosus,1,240.14
20_80M_55N,Nemipteridae,Pentapodus,porosus,1,164.451
20_80M_55N,Nemipteridae,Pentapodus,porosus,1,195.69
20_80M_55N,Nemipteridae,Pentapodus,porosus,1,216.49
20_80M_56F,Nemipteridae,Pentapodus,porosus,1,187.371
20_80M_56F,Nemipteridae,Pentapodus,porosus,1,143.773
20_80M_56F,Nemipteridae,Pentapodus,porosus,1,172.417
20_80M_56F,Nemipteridae,Pentapodus,porosus,1,182.035
20_80M_56F,Nemipteridae,Pentapodus,porosus,1,170.2
20_80M_56F,Nemipteridae,Pentapodus,porosus,1,163.556
20_80M_56F,Nemipteridae,Pentapodus,porosus,1,176.973
20_80M_56F,Nemipteridae,Pentapodus,porosus,1,184.976
20_80M_56F,Nemipteridae,Pentapodus,porosus,1,222.509
20_80M_56F,Nemipteridae,Pentapodus,porosus,1,173.917
20_80M_56F,Nemipteridae,Pentapodus,porosus,1,147.679
20_80M_56N,Nemipteridae,Pentapodus,porosus,1,217.087
20_80M_56N,Nemipteridae,Pentapodus,porosus,1,213.263
20_80M_56N,Nemipteridae,Pentapodus,porosus,1,202.667
20_80M_56N,Nemipteridae,Pentapodus,porosus,1,204.248
20_80M_56N,Nemipteridae,Pentapodus,porosus,1,160.673
20_80M_56N,Nemipteridae,Pentapodus,porosus,1,197.892
20_80M_57F,Nemipteridae,Pentapodus,porosus,1,209.061
20_80M_57F,Nemipteridae,Pentapodus,porosus,1,214.757
20_80M_57F,Nemipteridae,Pentapodus,porosus,1,203.794
20_80M_57F,Nemipteridae,Pentapodus,porosus,1,158.905
20_80M_57F,Nemipteridae,Pentapodus,porosus,1,198.96
20_80M_57F,Nemipteridae,Pentapodus,porosus,1,219.527
20_80M_57F,Nemipteridae,Pentapodus,porosus,1,167.932
20_80M_57F,Nemipteridae,Pentapodus,porosus,1,233.063
20_80M_57F,Nemipteridae,Pentapodus,porosus,1,176.456
20_80M_57F,Nemipteridae,Pentapodus,porosus,1,165.607
20_80M_57F,Nemipteridae,Pentapodus,porosus,1,173.557
20_80M_57F,Nemipteridae,Pentapodus,porosus,1,204.082
20_80M_57F,Nemipteridae,Pentapodus,porosus,1,169.591
20_80M_57F,Nemipteridae,Pentapodus,porosus,1,170.772
20_80M_57N,Nemipteridae,Pentapodus,porosus,1,184.226
20_80M_57N,Nemipteridae,Pentapodus,porosus,1,151.772
20_80M_57N,Nemipteridae,Pentapodus,porosus,1,172.035
20_80M_57N,Nemipteridae,Pentapodus,porosus,1,154.027
20_80M_57N,Nemipteridae,Pentapodus,porosus,1,148.914
20_80M_57N,Nemipteridae,Pentapodus,porosus,1,158.093
20_80M_57N,Nemipteridae,Pentapodus,porosus,1,151.002
20_80M_57N,Nemipteridae,Pentapodus,porosus,1,186.226
20_80M_57N,Nemipteridae,Pentapodus,porosus,1,156.721
20_80M_57N,Nemipteridae,Pentapodus,porosus,1,188.151
20_80M_57N,Nemipteridae,Pentapodus,porosus,1,153.174
20_80M_58F,Nemipteridae,Pentapodus,porosus,1,38.217
20_80M_58F,Nemipteridae,Pentapodus,porosus,1,33.268
20_80M_58F,Nemipteridae,Pentapodus,porosus,1,40.094
20_80M_58F,Nemipteridae,Pentapodus,porosus,1,29.716
20_80M_58N,Nemipteridae,Pentapodus,porosus,1,167.857
20_80M_59F,Nemipteridae,Pentapodus,porosus,1,39.488
20_80M_59F,Nemipteridae,Pentapodus,porosus,1,85.493
20_80M_59F,Nemipteridae,Pentapodus,porosus,1,53.568
20_80M_59F,Nemipteridae,Pentapodus,porosus,1,62.709
20_80M_59F,Nemipteridae,Pentapodus,porosus,1,76.497
20_80M_59F,Nemipteridae,Pentapodus,porosus,1,31.137
20_80M_59F,Nemipteridae,Pentapodus,porosus,1,75.594
20_80M_59F,Nemipteridae,Pentapodus,porosus,1,204.432
20_80M_59F,Nemipteridae,Pentapodus,porosus,1,86.282
20_80M_59F,Nemipteridae,Pentapodus,porosus,1,47.502
20_80M_59F,Nemipteridae,Pentapodus,porosus,1,58.602
20_80M_59F,Nemipteridae,Pentapodus,porosus,1,44.129
20_80M_59F,Nemipteridae,Pentapodus,porosus,1,71.662
20_80M_59F,Nemipteridae,Pentapodus,porosus,1,38.328
20_80M_59N,Nemipteridae,Pentapodus,porosus,1,204.011
20_80M_59N,Nemipteridae,Pentapodus,porosus,1,185.276
20_80M_59N,Nemipteridae,Pentapodus,porosus,1,183.444
20_80M_59N,Nemipteridae,Pentapodus,porosus,1,196.188
20_80M_59N,Nemipteridae,Pentapodus,porosus,1,192.789
20_80M_59N,Nemipteridae,Pentapodus,porosus,1,184.816
20_80M_59N,Nemipteridae,Pentapodus,porosus,1,198.099
20_80M_59N,Nemipteridae,Pentapodus,porosus,1,170.417
20_80M_59N,Nemipteridae,Pentapodus,porosus,1,186.404
20_80M_59N,Nemipteridae,Pentapodus,porosus,1,204.515
20_80M_59N,Nemipteridae,Pentapodus,porosus,1,187.667
20_80M_59N,Nemipteridae,Pentapodus,porosus,1,184.693
20_80M_59N,Nemipteridae,Pentapodus,porosus,1,189.931
20_80M_5N,Nemipteridae,Pentapodus,porosus,1,202.122
20_80M_5N,Nemipteridae,Pentapodus,porosus,1,165.433
20_80M_5N,Nemipteridae,Pentapodus,porosus,1,188.719
20_80M_5N,Nemipteridae,Pentapodus,porosus,1,160.801
20_80M_5N,Nemipteridae,Pentapodus,porosus,1,159.75
20_80M_5N,Nemipteridae,Pentapodus,porosus,1,134.797
20_80M_5N,Nemipteridae,Pentapodus,porosus,1,151.12
20_80M_5N,Nemipteridae,Pentapodus,porosus,1,142.641
20_80M_5N,Nemipteridae,Pentapodus,porosus,1,142.161
20_80M_60F,Nemipteridae,Pentapodus,porosus,1,201.921
20_80M_60F,Nemipteridae,Pentapodus,porosus,1,145.302
20_80M_60F,Nemipteridae,Pentapodus,porosus,1,148
20_80M_60F,Nemipteridae,Pentapodus,porosus,1,150.522
20_80M_60F,Nemipteridae,Pentapodus,porosus,1,162.04
20_80M_60F,Nemipteridae,Pentapodus,porosus,1,164.795
20_80M_60N,Nemipteridae,Pentapodus,porosus,1,207.05
20_80M_60N,Nemipteridae,Pentapodus,porosus,1,175.578
20_80M_60N,Nemipteridae,Pentapodus,porosus,1,171.345
20_80M_60N,Nemipteridae,Pentapodus,porosus,1,188.785
20_80M_60N,Nemipteridae,Pentapodus,porosus,1,213.57
20_80M_60N,Nemipteridae,Pentapodus,porosus,1,204.979
20_80M_60N,Nemipteridae,Pentapodus,porosus,1,193.321
20_80M_60N,Nemipteridae,Pentapodus,porosus,1,191.439
20_80M_60N,Nemipteridae,Pentapodus,porosus,1,187.466
20_80M_60N,Nemipteridae,Pentapodus,porosus,1,206.392
20_80M_60N,Nemipteridae,Pentapodus,porosus,1,182.435
20_80M_60N,Nemipteridae,Pentapodus,porosus,1,210.098
20_80M_60N,Nemipteridae,Pentapodus,porosus,1,199.35
20_80M_60N,Nemipteridae,Pentapodus,porosus,1,216.302
20_80M_60N,Nemipteridae,Pentapodus,porosus,1,153.087
20_80M_61F,Nemipteridae,Pentapodus,porosus,1,200.545
20_80M_61F,Nemipteridae,Pentapodus,porosus,1,151.602
20_80M_61F,Nemipteridae,Pentapodus,porosus,1,179.766
20_80M_61F,Nemipteridae,Pentapodus,porosus,1,177.112
20_80M_61F,Nemipteridae,Pentapodus,porosus,1,150.757
20_80M_61F,Nemipteridae,Pentapodus,porosus,1,199.675
20_80M_61F,Nemipteridae,Pentapodus,porosus,1,175.78
20_80M_61F,Nemipteridae,Pentapodus,porosus,1,188.783
20_80M_61F,Nemipteridae,Pentapodus,porosus,1,172.121
20_80M_61F,Nemipteridae,Pentapodus,porosus,1,184.515
20_80M_61F,Nemipteridae,Pentapodus,porosus,1,189.165
20_80M_61F,Nemipteridae,Pentapodus,porosus,1,165.241
20_80M_61N,Nemipteridae,Pentapodus,porosus,1,173.028
20_80M_62F,Nemipteridae,Pentapodus,porosus,1,159.84
20_80M_62F,Nemipteridae,Pentapodus,porosus,1,206.215
20_80M_62F,Nemipteridae,Pentapodus,porosus,1,161.92
20_80M_62F,Nemipteridae,Pentapodus,porosus,1,104.695
20_80M_62F,Nemipteridae,Pentapodus,porosus,1,157.941
20_80M_62F,Nemipteridae,Pentapodus,porosus,1,152.533
20_80M_62F,Nemipteridae,Pentapodus,porosus,1,69.474
20_80M_62F,Nemipteridae,Pentapodus,porosus,1,162.864
20_80M_62F,Nemipteridae,Pentapodus,porosus,1,202.058
20_80M_62F,Nemipteridae,Pentapodus,porosus,1,165.437
20_80M_62F,Nemipteridae,Pentapodus,porosus,1,86.033
20_80M_62F,Nemipteridae,Pentapodus,porosus,1,83.237
20_80M_62F,Nemipteridae,Pentapodus,porosus,1,130.348
20_80M_62F,Nemipteridae,Pentapodus,porosus,1,184.587
20_80M_62F,Nemipteridae,Pentapodus,porosus,1,198.951
20_80M_62F,Nemipteridae,Pentapodus,porosus,1,156.818
20_80M_62F,Nemipteridae,Pentapodus,porosus,1,194.83
20_80M_62F,Nemipteridae,Pentapodus,porosus,1,124.863
20_80M_63N,Nemipteridae,Pentapodus,porosus,1,206.87
20_80M_63N,Nemipteridae,Pentapodus,porosus,1,174.003
20_80M_63N,Nemipteridae,Pentapodus,porosus,1,186.49
20_80M_63N,Nemipteridae,Pentapodus,porosus,1,181.218
20_80M_63N,Nemipteridae,Pentapodus,porosus,1,166.821
20_80M_63N,Nemipteridae,Pentapodus,porosus,1,202.497
20_80M_63N,Nemipteridae,Pentapodus,porosus,1,200.294
20_80M_63N,Nemipteridae,Pentapodus,porosus,1,190.953
20_80M_63N,Nemipteridae,Pentapodus,porosus,1,210.599
20_80M_63N,Nemipteridae,Pentapodus,porosus,1,187.092
20_80M_63N,Nemipteridae,Pentapodus,porosus,1,160.924
20_80M_64N,Nemipteridae,Pentapodus,porosus,1,199.692
20_80M_64N,Nemipteridae,Pentapodus,porosus,1,208.24
20_80M_64N,Nemipteridae,Pentapodus,porosus,1,204.101
20_80M_65F,Nemipteridae,Pentapodus,porosus,1,160.038
20_80M_65F,Nemipteridae,Pentapodus,porosus,1,168.689
20_80M_65F,Nemipteridae,Pentapodus,porosus,1,160.94
20_80M_65F,Nemipteridae,Pentapodus,porosus,1,179.101
20_80M_65F,Nemipteridae,Pentapodus,porosus,1,176.856
20_80M_65F,Nemipteridae,Pentapodus,porosus,1,208.582
20_80M_65F,Nemipteridae,Pentapodus,porosus,1,168.858
20_80M_65F,Nemipteridae,Pentapodus,porosus,1,175.357
20_80M_65F,Nemipteridae,Pentapodus,porosus,1,146.674
20_80M_65F,Nemipteridae,Pentapodus,porosus,1,160.133
20_80M_65F,Nemipteridae,Pentapodus,porosus,1,163.936
20_80M_65F,Nemipteridae,Pentapodus,porosus,1,176.945
20_80M_65F,Nemipteridae,Pentapodus,porosus,1,189.393
20_80M_65F,Nemipteridae,Pentapodus,porosus,1,181.778
20_80M_65F,Nemipteridae,Pentapodus,porosus,1,164.733
20_80M_65F,Nemipteridae,Pentapodus,porosus,1,168.695
20_80M_65F,Nemipteridae,Pentapodus,porosus,1,214.447
20_80M_65F,Nemipteridae,Pentapodus,porosus,1,185.004
20_80M_65N,Nemipteridae,Pentapodus,porosus,1,200.268
20_80M_65N,Nemipteridae,Pentapodus,porosus,1,195.968
20_80M_65N,Nemipteridae,Pentapodus,porosus,1,209.262
20_80M_65N,Nemipteridae,Pentapodus,porosus,1,184.655
20_80M_66N,Nemipteridae,Pentapodus,porosus,1,186.554
20_80M_66N,Nemipteridae,Pentapodus,porosus,1,167.281
20_80M_66N,Nemipteridae,Pentapodus,porosus,1,170.227
20_80M_66N,Nemipteridae,Pentapodus,porosus,1,174.731
20_80M_66N,Nemipteridae,Pentapodus,porosus,1,186.897
20_80M_66N,Nemipteridae,Pentapodus,porosus,1,198.397
20_80M_66N,Nemipteridae,Pentapodus,porosus,1,179.02
20_80M_67F,Nemipteridae,Pentapodus,porosus,1,57.535
20_80M_67F,Nemipteridae,Pentapodus,porosus,1,64.409
20_80M_67N,Nemipteridae,Pentapodus,porosus,1,142.193
20_80M_67N,Nemipteridae,Pentapodus,porosus,1,168.519
20_80M_67N,Nemipteridae,Pentapodus,porosus,1,174.908
20_80M_67N,Nemipteridae,Pentapodus,porosus,1,142.611
20_80M_67N,Nemipteridae,Pentapodus,porosus,1,176.76
20_80M_67N,Nemipteridae,Pentapodus,porosus,1,146.453
20_80M_67N,Nemipteridae,Pentapodus,porosus,1,112.529
20_80M_67N,Nemipteridae,Pentapodus,porosus,1,184.919
20_80M_67N,Nemipteridae,Pentapodus,porosus,1,175.581
20_80M_67N,Nemipteridae,Pentapodus,porosus,1,180.319
20_80M_67N,Nemipteridae,Pentapodus,porosus,1,201.75
20_80M_68F,Nemipteridae,Pentapodus,porosus,1,170.519
20_80M_68F,Nemipteridae,Pentapodus,porosus,1,191.5
20_80M_68F,Nemipteridae,Pentapodus,porosus,1,230.308
20_80M_68F,Nemipteridae,Pentapodus,porosus,1,214.796
20_80M_68F,Nemipteridae,Pentapodus,porosus,1,193.788
20_80M_68F,Nemipteridae,Pentapodus,porosus,1,159.731
20_80M_68F,Nemipteridae,Pentapodus,porosus,1,173.425
20_80M_68N,Nemipteridae,Pentapodus,porosus,1,163.197
20_80M_68N,Nemipteridae,Pentapodus,porosus,1,185.582
20_80M_68N,Nemipteridae,Pentapodus,porosus,1,171.665
20_80M_68N,Nemipteridae,Pentapodus,porosus,1,182.582
20_80M_68N,Nemipteridae,Pentapodus,porosus,1,158.04
20_80M_69F,Nemipteridae,Pentapodus,porosus,1,169.533
20_80M_69F,Nemipteridae,Pentapodus,porosus,1,159.142
20_80M_69F,Nemipteridae,Pentapodus,porosus,1,191.137
20_80M_69F,Nemipteridae,Pentapodus,porosus,1,177.224
20_80M_69F,Nemipteridae,Pentapodus,porosus,1,179.473
20_80M_69F,Nemipteridae,Pentapodus,porosus,1,179.536
20_80M_69F,Nemipteridae,Pentapodus,porosus,1,162.226
20_80M_69F,Nemipteridae,Pentapodus,porosus,1,170.793
20_80M_69F,Nemipteridae,Pentapodus,porosus,1,187.692
20_80M_69F,Nemipteridae,Pentapodus,porosus,1,185.037
20_80M_70F,Nemipteridae,Pentapodus,porosus,1,160.549
20_80M_70F,Nemipteridae,Pentapodus,porosus,1,120.871
20_80M_70F,Nemipteridae,Pentapodus,porosus,1,146.022
20_80M_70F,Nemipteridae,Pentapodus,porosus,1,182.846
20_80M_70F,Nemipteridae,Pentapodus,porosus,1,202.348
20_80M_70F,Nemipteridae,Pentapodus,porosus,1,116.641
20_80M_71F,Nemipteridae,Pentapodus,porosus,1,161.531
20_80M_71F,Nemipteridae,Pentapodus,porosus,1,167.897
20_80M_71F,Nemipteridae,Pentapodus,porosus,1,194.707
20_80M_71F,Nemipteridae,Pentapodus,porosus,1,154.363
20_80M_71F,Nemipteridae,Pentapodus,porosus,1,180.612
20_80M_71F,Nemipteridae,Pentapodus,porosus,1,200.408
20_80M_71F,Nemipteridae,Pentapodus,porosus,1,182.5
20_80M_71F,Nemipteridae,Pentapodus,porosus,1,159.515
20_80M_71F,Nemipteridae,Pentapodus,porosus,1,111.342
20_80M_71F,Nemipteridae,Pentapodus,porosus,1,164.526
20_80M_71F,Nemipteridae,Pentapodus,porosus,1,160.568
20_80M_71F,Nemipteridae,Pentapodus,porosus,1,143.764
20_80M_72F,Nemipteridae,Pentapodus,porosus,1,100.191
20_80M_72F,Nemipteridae,Pentapodus,porosus,1,171.801
20_80M_72F,Nemipteridae,Pentapodus,porosus,1,140.79
20_80M_72F,Nemipteridae,Pentapodus,porosus,1,171.971
20_80M_72F,Nemipteridae,Pentapodus,porosus,1,132.601
20_80M_72F,Nemipteridae,Pentapodus,porosus,1,106.858
20_80M_72F,Nemipteridae,Pentapodus,porosus,1,134.291
20_80M_74F,Nemipteridae,Pentapodus,porosus,1,160.846
20_80M_74F,Nemipteridae,Pentapodus,porosus,1,210.182
20_80M_74F,Nemipteridae,Pentapodus,porosus,1,160.369
20_80M_74F,Nemipteridae,Pentapodus,porosus,1,164.136
20_80M_74F,Nemipteridae,Pentapodus,porosus,1,138.545
20_80M_74F,Nemipteridae,Pentapodus,porosus,1,210.477
20_80M_74F,Nemipteridae,Pentapodus,porosus,1,160.685
20_80M_74F,Nemipteridae,Pentapodus,porosus,1,116.236
20_80M_74F,Nemipteridae,Pentapodus,porosus,1,207.246
20_80M_74F,Nemipteridae,Pentapodus,porosus,1,190.012
20_80M_74F,Nemipteridae,Pentapodus,porosus,1,104.327
20_80M_74F,Nemipteridae,Pentapodus,porosus,1,80.861
20_80M_74F,Nemipteridae,Pentapodus,porosus,1,202.39
20_80M_74F,Nemipteridae,Pentapodus,porosus,1,185.613
20_80M_74F,Nemipteridae,Pentapodus,porosus,1,211.259
20_80M_74F,Nemipteridae,Pentapodus,porosus,1,166.152
20_80M_74F,Nemipteridae,Pentapodus,porosus,1,186.949
20_80M_74F,Nemipteridae,Pentapodus,porosus,1,215.669
20_80M_74F,Nemipteridae,Pentapodus,porosus,1,185.299
20_80M_74F,Nemipteridae,Pentapodus,porosus,1,168.267
20_80M_74F,Nemipteridae,Pentapodus,porosus,1,186.59
20_80M_75F,Nemipteridae,Pentapodus,porosus,1,182.844
20_80M_75F,Nemipteridae,Pentapodus,porosus,1,173.241
20_80M_75F,Nemipteridae,Pentapodus,porosus,1,173.003
20_80M_75F,Nemipteridae,Pentapodus,porosus,1,161.255
20_80M_75F,Nemipteridae,Pentapodus,porosus,1,187.239
20_80M_75F,Nemipteridae,Pentapodus,porosus,1,95.041
20_80M_75F,Nemipteridae,Pentapodus,porosus,1,202.297
20_80M_75F,Nemipteridae,Pentapodus,porosus,1,189.404
20_80M_75F,Nemipteridae,Pentapodus,porosus,1,162.184
20_80M_75F,Nemipteridae,Pentapodus,porosus,1,234.82
20_80M_75F,Nemipteridae,Pentapodus,porosus,1,194.172
20_80M_75F,Nemipteridae,Pentapodus,porosus,1,94.195
20_80M_75F,Nemipteridae,Pentapodus,porosus,1,88.751
20_80M_75F,Nemipteridae,Pentapodus,porosus,1,163.397
20_80M_75F,Nemipteridae,Pentapodus,porosus,1,96.606
20_80M_75F,Nemipteridae,Pentapodus,porosus,1,173.619
20_80M_76F,Nemipteridae,Pentapodus,porosus,1,34.317
20_80M_78F,Nemipteridae,Pentapodus,porosus,1,202.954
20_80M_78F,Nemipteridae,Pentapodus,porosus,1,166.641
20_80M_78F,Nemipteridae,Pentapodus,porosus,1,107.274
20_80M_78F,Nemipteridae,Pentapodus,porosus,1,111.57
20_80M_78F,Nemipteridae,Pentapodus,porosus,1,90.92
20_80M_78F,Nemipteridae,Pentapodus,porosus,1,82.847
20_80M_78F,Nemipteridae,Pentapodus,porosus,1,98.554
20_80M_78F,Nemipteridae,Pentapodus,porosus,1,105.721
20_80M_78F,Nemipteridae,Pentapodus,porosus,1,106.825
20_80M_78F,Nemipteridae,Pentapodus,porosus,1,206.596
20_80M_78F,Nemipteridae,Pentapodus,porosus,1,77.943
20_80M_7N,Nemipteridae,Pentapodus,porosus,1,202.457
20_80M_7N,Nemipteridae,Pentapodus,porosus,1,175.454
20_80M_7N,Nemipteridae,Pentapodus,porosus,1,210.52
20_80M_7N,Nemipteridae,Pentapodus,porosus,1,193.286
20_80M_7N,Nemipteridae,Pentapodus,porosus,1,186.957
20_80M_7N,Nemipteridae,Pentapodus,porosus,1,172.214
20_80M_7N,Nemipteridae,Pentapodus,porosus,1,191.279
20_80M_7N,Nemipteridae,Pentapodus,porosus,1,197.253
20_80M_7N,Nemipteridae,Pentapodus,porosus,1,193.216
20_80M_7N,Nemipteridae,Pentapodus,porosus,1,190.629
20_80M_7N,Nemipteridae,Pentapodus,porosus,1,209.651
20_80M_81F,Nemipteridae,Pentapodus,porosus,1,183.925
20_80M_81F,Nemipteridae,Pentapodus,porosus,1,174.173
20_80M_81F,Nemipteridae,Pentapodus,porosus,1,226.662
20_80M_82F,Nemipteridae,Pentapodus,porosus,1,90.966
20_80M_82F,Nemipteridae,Pentapodus,porosus,1,89.344
20_80M_82F,Nemipteridae,Pentapodus,porosus,1,94.374
20_80M_82F,Nemipteridae,Pentapodus,porosus,1,115.365
20_80M_82F,Nemipteridae,Pentapodus,porosus,1,76.089
20_80M_82F,Nemipteridae,Pentapodus,porosus,1,81.922
20_80M_82N,Nemipteridae,Pentapodus,porosus,1,194.252
20_80M_82N,Nemipteridae,Pentapodus,porosus,1,186.331
20_80M_83F,Nemipteridae,Pentapodus,porosus,1,29.195
20_80M_83F,Nemipteridae,Pentapodus,porosus,1,29.255
20_80M_84F,Nemipteridae,Pentapodus,porosus,1,127.576
20_80M_84F,Nemipteridae,Pentapodus,porosus,1,124.203
20_80M_84F,Nemipteridae,Pentapodus,porosus,1,181.682
20_80M_84F,Nemipteridae,Pentapodus,porosus,1,108.499
20_80M_84F,Nemipteridae,Pentapodus,porosus,1,92.93
20_80M_84F,Nemipteridae,Pentapodus,porosus,1,88.822
20_80M_84F,Nemipteridae,Pentapodus,porosus,1,105.956
20_80M_84F,Nemipteridae,Pentapodus,porosus,1,98.868
20_80M_84F,Nemipteridae,Pentapodus,porosus,1,91.412
20_80M_84F,Nemipteridae,Pentapodus,porosus,1,132.991
20_80M_84F,Nemipteridae,Pentapodus,porosus,1,117.337
20_80M_84F,Nemipteridae,Pentapodus,porosus,1,109.356
20_80M_84F,Nemipteridae,Pentapodus,porosus,1,185.964
20_80M_84F,Nemipteridae,Pentapodus,porosus,1,99.895
20_80M_84F,Nemipteridae,Pentapodus,porosus,1,97.387
20_80M_84F,Nemipteridae,Pentapodus,porosus,1,172.156
20_80M_84F,Nemipteridae,Pentapodus,porosus,1,176.423
20_80M_84F,Nemipteridae,Pentapodus,porosus,1,104.358
20_80M_84F,Nemipteridae,Pentapodus,porosus,1,101.712
20_80M_84F,Nemipteridae,Pentapodus,porosus,1,96.039
20_80M_84F,Nemipteridae,Pentapodus,porosus,1,143.885
20_80M_84F,Nemipteridae,Pentapodus,porosus,1,122.375
20_80M_84F,Nemipteridae,Pentapodus,porosus,1,157.306
20_80M_84F,Nemipteridae,Pentapodus,porosus,1,92.743
20_80M_84F,Nemipteridae,Pentapodus,porosus,1,140.29
20_80M_84F,Nemipteridae,Pentapodus,porosus,1,106.505
20_80M_84F,Nemipteridae,Pentapodus,porosus,1,92.114
20_80M_84F,Nemipteridae,Pentapodus,porosus,1,97.823
20_80M_84F,Nemipteridae,Pentapodus,porosus,1,86.986
20_80M_84F,Nemipteridae,Pentapodus,porosus,1,94.955
20_80M_84F,Nemipteridae,Pentapodus,porosus,1,175.936
20_80M_84N,Nemipteridae,Pentapodus,porosus,1,190.259
20_80M_84N,Nemipteridae,Pentapodus,porosus,1,192.527
20_80M_84N,Nemipteridae,Pentapodus,porosus,1,207.03
20_80M_84N,Nemipteridae,Pentapodus,porosus,1,180.84
20_80M_84N,Nemipteridae,Pentapodus,porosus,1,179.653
20_80M_84N,Nemipteridae,Pentapodus,porosus,1,157.575
20_80M_84N,Nemipteridae,Pentapodus,porosus,1,167.59
20_80M_85F,Nemipteridae,Pentapodus,porosus,1,45.697
20_80M_85F,Nemipteridae,Pentapodus,porosus,1,39.97
20_80M_85F,Nemipteridae,Pentapodus,porosus,1,38.929
20_80M_85F,Nemipteridae,Pentapodus,porosus,1,140.677
20_80M_85F,Nemipteridae,Pentapodus,porosus,1,66.232
20_80M_85F,Nemipteridae,Pentapodus,porosus,1,40.735
20_80M_85F,Nemipteridae,Pentapodus,porosus,1,59.771
20_80M_85F,Nemipteridae,Pentapodus,porosus,1,46.123
20_80M_85F,Nemipteridae,Pentapodus,porosus,1,43.726
20_80M_85F,Nemipteridae,Pentapodus,porosus,1,41.529
20_80M_85F,Nemipteridae,Pentapodus,porosus,1,47.871
20_80M_85F,Nemipteridae,Pentapodus,porosus,1,38.427
20_80M_85F,Nemipteridae,Pentapodus,porosus,1,52.018
20_80M_85F,Nemipteridae,Pentapodus,porosus,1,44.134
20_80M_85F,Nemipteridae,Pentapodus,porosus,1,67.548
20_80M_85F,Nemipteridae,Pentapodus,porosus,1,36.295
20_80M_85F,Nemipteridae,Pentapodus,porosus,1,36.582
20_80M_85F,Nemipteridae,Pentapodus,porosus,1,40.735
20_80M_85F,Nemipteridae,Pentapodus,porosus,1,55.113
20_80M_85F,Nemipteridae,Pentapodus,porosus,1,46.195
20_80M_85F,Nemipteridae,Pentapodus,porosus,1,48.943
20_80M_85F,Nemipteridae,Pentapodus,porosus,1,41.148
20_80M_85F,Nemipteridae,Pentapodus,porosus,1,41.257
20_80M_85F,Nemipteridae,Pentapodus,porosus,1,43.989
20_80M_85N,Nemipteridae,Pentapodus,porosus,1,178.489
20_80M_85N,Nemipteridae,Pentapodus,porosus,1,193.484
20_80M_85N,Nemipteridae,Pentapodus,porosus,1,187.591
20_80M_85N,Nemipteridae,Pentapodus,porosus,1,181.366
20_80M_85N,Nemipteridae,Pentapodus,porosus,1,182.115
20_80M_85N,Nemipteridae,Pentapodus,porosus,1,194.427
20_80M_85N,Nemipteridae,Pentapodus,porosus,1,167.386
20_80M_86F,Nemipteridae,Pentapodus,porosus,1,128.85
20_80M_86F,Nemipteridae,Pentapodus,porosus,1,121.318
20_80M_86F,Nemipteridae,Pentapodus,porosus,1,96.974
20_80M_86F,Nemipteridae,Pentapodus,porosus,1,125.125
20_80M_86F,Nemipteridae,Pentapodus,porosus,1,106.781
20_80M_86F,Nemipteridae,Pentapodus,porosus,1,132.652
20_80M_86F,Nemipteridae,Pentapodus,porosus,1,107.324
20_80M_86F,Nemipteridae,Pentapodus,porosus,1,89.9
20_80M_86F,Nemipteridae,Pentapodus,porosus,1,115.907
20_80M_86F,Nemipteridae,Pentapodus,porosus,1,120.159
20_80M_86F,Nemipteridae,Pentapodus,porosus,1,117.134
20_80M_86F,Nemipteridae,Pentapodus,porosus,1,88.084
20_80M_86F,Nemipteridae,Pentapodus,porosus,1,130.068
20_80M_86F,Nemipteridae,Pentapodus,porosus,1,98.838
20_80M_86F,Nemipteridae,Pentapodus,porosus,1,128.566
20_80M_86F,Nemipteridae,Pentapodus,porosus,1,84.39
20_80M_86F,Nemipteridae,Pentapodus,porosus,1,106.764
20_80M_86F,Nemipteridae,Pentapodus,porosus,1,99.929
20_80M_86F,Nemipteridae,Pentapodus,porosus,1,102.586
20_80M_86F,Nemipteridae,Pentapodus,porosus,1,110.515
20_80M_86F,Nemipteridae,Pentapodus,porosus,1,130.46
20_80M_86F,Nemipteridae,Pentapodus,porosus,1,121.287
20_80M_86F,Nemipteridae,Pentapodus,porosus,1,103.709
20_80M_86F,Nemipteridae,Pentapodus,porosus,1,98.668
20_80M_86N,Nemipteridae,Pentapodus,porosus,1,183.375
20_80M_86N,Nemipteridae,Pentapodus,porosus,1,197.358
20_80M_86N,Nemipteridae,Pentapodus,porosus,1,177.954
20_80M_86N,Nemipteridae,Pentapodus,porosus,1,201.393
20_80M_86N,Nemipteridae,Pentapodus,porosus,1,188.698
20_80M_87F,Nemipteridae,Pentapodus,porosus,1,176.143
20_80M_87F,Nemipteridae,Pentapodus,porosus,1,123.188
20_80M_87F,Nemipteridae,Pentapodus,porosus,1,115.959
20_80M_87F,Nemipteridae,Pentapodus,porosus,1,132.143
20_80M_87F,Nemipteridae,Pentapodus,porosus,1,127.653
20_80M_87F,Nemipteridae,Pentapodus,porosus,1,97.091
20_80M_87F,Nemipteridae,Pentapodus,porosus,1,112.717
20_80M_87F,Nemipteridae,Pentapodus,porosus,1,92.179
20_80M_87F,Nemipteridae,Pentapodus,porosus,1,104.64
20_80M_87F,Nemipteridae,Pentapodus,porosus,1,176.111
20_80M_87F,Nemipteridae,Pentapodus,porosus,1,132.667
20_80M_87F,Nemipteridae,Pentapodus,porosus,1,167.003
20_80M_87F,Nemipteridae,Pentapodus,porosus,1,176.552
20_80M_87F,Nemipteridae,Pentapodus,porosus,1,138.929
20_80M_87F,Nemipteridae,Pentapodus,porosus,1,172.194
20_80M_87F,Nemipteridae,Pentapodus,porosus,1,132.016
20_80M_87F,Nemipteridae,Pentapodus,porosus,1,164.062
20_80M_87F,Nemipteridae,Pentapodus,porosus,1,201.213
20_80M_87F,Nemipteridae,Pentapodus,porosus,1,137.026
20_80M_87F,Nemipteridae,Pentapodus,porosus,1,145.466
20_80M_87F,Nemipteridae,Pentapodus,porosus,1,132.715
20_80M_87F,Nemipteridae,Pentapodus,porosus,1,119.497
20_80M_87F,Nemipteridae,Pentapodus,porosus,1,102.882
20_80M_87F,Nemipteridae,Pentapodus,porosus,1,149.558
20_80M_87F,Nemipteridae,Pentapodus,porosus,1,102.905
20_80M_87F,Nemipteridae,Pentapodus,porosus,1,116.464
20_80M_87F,Nemipteridae,Pentapodus,porosus,1,116.747
20_80M_87F,Nemipteridae,Pentapodus,porosus,1,102.273
20_80M_87F,Nemipteridae,Pentapodus,porosus,1,117.42
20_80M_87F,Nemipteridae,Pentapodus,porosus,1,115.289
20_80M_87N,Nemipteridae,Pentapodus,porosus,1,194.965
20_80M_87N,Nemipteridae,Pentapodus,porosus,1,201.465
20_80M_87N,Nemipteridae,Pentapodus,porosus,1,165.391
20_80M_87N,Nemipteridae,Pentapodus,porosus,1,191.449
20_80M_87N,Nemipteridae,Pentapodus,porosus,1,145.001
20_80M_87N,Nemipteridae,Pentapodus,porosus,1,167.049
20_80M_87N,Nemipteridae,Pentapodus,porosus,1,190.801
20_80M_87N,Nemipteridae,Pentapodus,porosus,1,154.723
20_80M_87N,Nemipteridae,Pentapodus,porosus,1,164.815
20_80M_87N,Nemipteridae,Pentapodus,porosus,1,199.309
20_80M_87N,Nemipteridae,Pentapodus,porosus,1,164.242
20_80M_87N,Nemipteridae,Pentapodus,porosus,1,159.187
20_80M_88F,Nemipteridae,Pentapodus,porosus,1,68.568
20_80M_88F,Nemipteridae,Pentapodus,porosus,1,86.594
20_80M_88F,Nemipteridae,Pentapodus,porosus,1,119.697
20_80M_88F,Nemipteridae,Pentapodus,porosus,1,96.276
20_80M_88F,Nemipteridae,Pentapodus,porosus,1,81.486
20_80M_88F,Nemipteridae,Pentapodus,porosus,1,95.062
20_80M_88F,Nemipteridae,Pentapodus,porosus,1,68.965
20_80M_88F,Nemipteridae,Pentapodus,porosus,1,117.783
20_80M_88F,Nemipteridae,Pentapodus,porosus,1,74.417
20_80M_88F,Nemipteridae,Pentapodus,porosus,1,65.749
20_80M_88F,Nemipteridae,Pentapodus,porosus,1,117.718
20_80M_88F,Nemipteridae,Pentapodus,porosus,1,109.373
20_80M_88F,Nemipteridae,Pentapodus,porosus,1,91.522
20_80M_88F,Nemipteridae,Pentapodus,porosus,1,71.107
20_80M_88F,Nemipteridae,Pentapodus,porosus,1,95.335
20_80M_88F,Nemipteridae,Pentapodus,porosus,1,100.61
20_80M_88F,Nemipteridae,Pentapodus,porosus,1,103.252
20_80M_88N,Nemipteridae,Pentapodus,porosus,1,156.96
20_80M_88N,Nemipteridae,Pentapodus,porosus,1,185.104
20_80M_88N,Nemipteridae,Pentapodus,porosus,1,201.203
20_80M_88N,Nemipteridae,Pentapodus,porosus,1,193.531
20_80M_88N,Nemipteridae,Pentapodus,porosus,1,209.123
20_80M_88N,Nemipteridae,Pentapodus,porosus,1,193.117
20_80M_88N,Nemipteridae,Pentapodus,porosus,1,211.532
20_80M_88N,Nemipteridae,Pentapodus,porosus,1,157.218
20_80M_88N,Nemipteridae,Pentapodus,porosus,1,202.094
20_80M_88N,Nemipteridae,Pentapodus,porosus,1,206.85
20_80M_88N,Nemipteridae,Pentapodus,porosus,1,197.203
20_80M_88N,Nemipteridae,Pentapodus,porosus,1,180.116
20_80M_88N,Nemipteridae,Pentapodus,porosus,1,201.905
20_80M_88N,Nemipteridae,Pentapodus,porosus,1,162.614
20_80M_88N,Nemipteridae,Pentapodus,porosus,1,225.648
20_80M_88N,Nemipteridae,Pentapodus,porosus,1,183.454
20_80M_88N,Nemipteridae,Pentapodus,porosus,1,161.697
20_80M_89N,Nemipteridae,Pentapodus,porosus,1,233.241
20_80M_89N,Nemipteridae,Pentapodus,porosus,1,206.376
20_80M_89N,Nemipteridae,Pentapodus,porosus,1,201.734
20_80M_89N,Nemipteridae,Pentapodus,porosus,1,145.094
20_80M_8F,Nemipteridae,Pentapodus,porosus,1,167.202
20_80M_8F,Nemipteridae,Pentapodus,porosus,1,201.677
20_80M_8F,Nemipteridae,Pentapodus,porosus,1,176.114
20_80M_8F,Nemipteridae,Pentapodus,porosus,1,148.133
20_80M_8F,Nemipteridae,Pentapodus,porosus,1,177.515
20_80M_8F,Nemipteridae,Pentapodus,porosus,1,187.316
20_80M_8F,Nemipteridae,Pentapodus,porosus,1,161.153
20_80M_8F,Nemipteridae,Pentapodus,porosus,1,194.657
20_80M_8F,Nemipteridae,Pentapodus,porosus,1,168.413
20_80M_8F,Nemipteridae,Pentapodus,porosus,1,189.631
20_80M_8F,Nemipteridae,Pentapodus,porosus,1,179.016
20_80M_8F,Nemipteridae,Pentapodus,porosus,1,145.222
20_80M_90F,Nemipteridae,Pentapodus,porosus,1,38.738
20_80M_90N,Nemipteridae,Pentapodus,porosus,1,160.39
20_80M_90N,Nemipteridae,Pentapodus,porosus,1,225.102
20_80M_90N,Nemipteridae,Pentapodus,porosus,1,198.161
20_80M_90N,Nemipteridae,Pentapodus,porosus,1,165.837
20_80M_90N,Nemipteridae,Pentapodus,porosus,1,199.305
20_80M_90N,Nemipteridae,Pentapodus,porosus,1,228.102
20_80M_90N,Nemipteridae,Pentapodus,porosus,1,200.046
20_80M_90N,Nemipteridae,Pentapodus,porosus,1,165.491
20_80M_90N,Nemipteridae,Pentapodus,porosus,1,180.746
20_80M_90N,Nemipteridae,Pentapodus,porosus,1,200.371
20_80M_90N,Nemipteridae,Pentapodus,porosus,1,175.603
20_80M_90N,Nemipteridae,Pentapodus,porosus,1,165.629
20_80M_90N,Nemipteridae,Pentapodus,porosus,1,189.536
20_80M_90N,Nemipteridae,Pentapodus,porosus,1,210.34
20_80M_90N,Nemipteridae,Pentapodus,porosus,1,217.259
20_80M_90N,Nemipteridae,Pentapodus,porosus,1,187.338
20_80M_90N,Nemipteridae,Pentapodus,porosus,1,171.352
20_80M_90N,Nemipteridae,Pentapodus,porosus,1,219.778
20_80M_90N,Nemipteridae,Pentapodus,porosus,1,177.787
20_80M_91N,Nemipteridae,Pentapodus,porosus,1,177.467
20_80M_91N,Nemipteridae,Pentapodus,porosus,1,203.848
20_80M_91N,Nemipteridae,Pentapodus,porosus,1,164.136
20_80M_91N,Nemipteridae,Pentapodus,porosus,1,158.39
20_80M_91N,Nemipteridae,Pentapodus,porosus,1,180.12
20_80M_91N,Nemipteridae,Pentapodus,porosus,1,176.988
20_80M_91N,Nemipteridae,Pentapodus,porosus,1,167.991
20_80M_91N,Nemipteridae,Pentapodus,porosus,1,182.674
20_80M_91N,Nemipteridae,Pentapodus,porosus,1,163.073
20_80M_91N,Nemipteridae,Pentapodus,porosus,1,183.544
20_80M_91N,Nemipteridae,Pentapodus,porosus,1,155.136
20_80M_92F,Nemipteridae,Pentapodus,porosus,1,197.067
20_80M_92F,Nemipteridae,Pentapodus,porosus,1,200.888
20_80M_92F,Nemipteridae,Pentapodus,porosus,1,184.583
20_80M_92F,Nemipteridae,Pentapodus,porosus,1,181.205
20_80M_92F,Nemipteridae,Pentapodus,porosus,1,217.141
20_80M_92F,Nemipteridae,Pentapodus,porosus,1,193.77
20_80M_92F,Nemipteridae,Pentapodus,porosus,1,174.021
20_80M_92F,Nemipteridae,Pentapodus,porosus,1,206.816
20_80M_92F,Nemipteridae,Pentapodus,porosus,1,184.575
20_80M_92F,Nemipteridae,Pentapodus,porosus,1,196.318
20_80M_92F,Nemipteridae,Pentapodus,porosus,1,190.201
20_80M_92F,Nemipteridae,Pentapodus,porosus,1,168.409
20_80M_92F,Nemipteridae,Pentapodus,porosus,1,188.815
20_80M_92F,Nemipteridae,Pentapodus,porosus,1,199.484
20_80M_92N,Nemipteridae,Pentapodus,porosus,1,165.56
20_80M_92N,Nemipteridae,Pentapodus,porosus,1,158.592
20_80M_92N,Nemipteridae,Pentapodus,porosus,1,162.4
20_80M_92N,Nemipteridae,Pentapodus,porosus,1,162.797
20_80M_92N,Nemipteridae,Pentapodus,porosus,1,138.439
20_80M_92N,Nemipteridae,Pentapodus,porosus,1,137.906
20_80M_92N,Nemipteridae,Pentapodus,porosus,1,170.451
20_80M_93F,Nemipteridae,Pentapodus,porosus,1,80.181
20_80M_93F,Nemipteridae,Pentapodus,porosus,1,65.967
20_80M_93F,Nemipteridae,Pentapodus,porosus,1,94.084
20_80M_93F,Nemipteridae,Pentapodus,porosus,1,89.683
20_80M_93F,Nemipteridae,Pentapodus,porosus,1,76.769
20_80M_93F,Nemipteridae,Pentapodus,porosus,1,89.83
20_80M_93F,Nemipteridae,Pentapodus,porosus,1,108.263
20_80M_93F,Nemipteridae,Pentapodus,porosus,1,77.498
20_80M_93F,Nemipteridae,Pentapodus,porosus,1,98.203
20_80M_93F,Nemipteridae,Pentapodus,porosus,1,95.401
20_80M_93F,Nemipteridae,Pentapodus,porosus,1,91.401
20_80M_93F,Nemipteridae,Pentapodus,porosus,1,92.928
20_80M_93F,Nemipteridae,Pentapodus,porosus,1,162.839
20_80M_93F,Nemipteridae,Pentapodus,porosus,1,161.912
20_80M_93F,Nemipteridae,Pentapodus,porosus,1,96.37
20_80M_93F,Nemipteridae,Pentapodus,porosus,1,84.829
20_80M_93F,Nemipteridae,Pentapodus,porosus,1,91.531
20_80M_93F,Nemipteridae,Pentapodus,porosus,1,95.41
20_80M_94F,Nemipteridae,Pentapodus,porosus,1,206.299
20_80M_94F,Nemipteridae,Pentapodus,porosus,1,191.231
20_80M_94F,Nemipteridae,Pentapodus,porosus,1,129.292
20_80M_94F,Nemipteridae,Pentapodus,porosus,1,131.009
20_80M_94F,Nemipteridae,Pentapodus,porosus,1,187.931
20_80M_94F,Nemipteridae,Pentapodus,porosus,1,148.177
20_80M_94F,Nemipteridae,Pentapodus,porosus,1,196.736
20_80M_94F,Nemipteridae,Pentapodus,porosus,1,195.568
20_80M_94F,Nemipteridae,Pentapodus,porosus,1,119.159
20_80M_94F,Nemipteridae,Pentapodus,porosus,1,122.47
20_80M_94F,Nemipteridae,Pentapodus,porosus,1,194.849
20_80M_94F,Nemipteridae,Pentapodus,porosus,1,129.352
20_80M_94F,Nemipteridae,Pentapodus,porosus,1,111.032
20_80M_94F,Nemipteridae,Pentapodus,porosus,1,187.797
20_80M_94F,Nemipteridae,Pentapodus,porosus,1,168.369
20_80M_94F,Nemipteridae,Pentapodus,porosus,1,119.03
20_80M_94F,Nemipteridae,Pentapodus,porosus,1,111.033
20_80M_94F,Nemipteridae,Pentapodus,porosus,1,205.102
20_80M_94F,Nemipteridae,Pentapodus,porosus,1,188.907
20_80M_94F,Nemipteridae,Pentapodus,porosus,1,202.586
20_80M_94F,Nemipteridae,Pentapodus,porosus,1,121.011
20_80M_94F,Nemipteridae,Pentapodus,porosus,1,121.125
20_80M_94N,Nemipteridae,Pentapodus,porosus,1,144.026
20_80M_94N,Nemipteridae,Pentapodus,porosus,1,160.121
20_80M_95F,Nemipteridae,Pentapodus,porosus,1,212.716
20_80M_95F,Nemipteridae,Pentapodus,porosus,1,218.397
20_80M_95F,Nemipteridae,Pentapodus,porosus,1,162.058
20_80M_95F,Nemipteridae,Pentapodus,porosus,1,171.674
20_80M_95F,Nemipteridae,Pentapodus,porosus,1,202.415
20_80M_95F,Nemipteridae,Pentapodus,porosus,1,164.392
20_80M_95F,Nemipteridae,Pentapodus,porosus,1,189.848
20_80M_95F,Nemipteridae,Pentapodus,porosus,1,220.672
20_80M_95F,Nemipteridae,Pentapodus,porosus,1,182.505
20_80M_95F,Nemipteridae,Pentapodus,porosus,1,183.804
20_80M_95F,Nemipteridae,Pentapodus,porosus,1,208.332
20_80M_95F,Nemipteridae,Pentapodus,porosus,1,197.455
20_80M_95F,Nemipteridae,Pentapodus,porosus,1,200.245
20_80M_95F,Nemipteridae,Pentapodus,porosus,1,205.609
20_80M_95F,Nemipteridae,Pentapodus,porosus,1,178.182
20_80M_95F,Nemipteridae,Pentapodus,porosus,1,210.445
20_80M_95F,Nemipteridae,Pentapodus,porosus,1,155.176
20_80M_96F,Nemipteridae,Pentapodus,porosus,1,168.978
20_80M_96F,Nemipteridae,Pentapodus,porosus,1,114.445
20_80M_96F,Nemipteridae,Pentapodus,porosus,1,166.811
20_80M_96F,Nemipteridae,Pentapodus,porosus,1,229.548
20_80M_96F,Nemipteridae,Pentapodus,porosus,1,178.124
20_80M_96F,Nemipteridae,Pentapodus,porosus,1,169.75
20_80M_96F,Nemipteridae,Pentapodus,porosus,1,226
20_80M_96F,Nemipteridae,Pentapodus,porosus,1,95.103
20_80M_96F,Nemipteridae,Pentapodus,porosus,1,226.088
20_80M_96F,Nemipteridae,Pentapodus,porosus,1,175.227
20_80M_96F,Nemipteridae,Pentapodus,porosus,1,227.394
20_80M_97F,Nemipteridae,Pentapodus,porosus,1,219.579
20_80M_97F,Nemipteridae,Pentapodus,porosus,1,214.163
20_80M_97F,Nemipteridae,Pentapodus,porosus,1,190.269
20_80M_97F,Nemipteridae,Pentapodus,porosus,1,197.861
20_80M_97F,Nemipteridae,Pentapodus,porosus,1,198.703
20_80M_97N,Nemipteridae,Pentapodus,porosus,1,160.223
20_80M_97N,Nemipteridae,Pentapodus,porosus,1,156.836
20_80M_97N,Nemipteridae,Pentapodus,porosus,1,146.453
20_80M_97N,Nemipteridae,Pentapodus,porosus,1,131.114
20_80M_97N,Nemipteridae,Pentapodus,porosus,1,156.27
20_80M_98F,Nemipteridae,Pentapodus,porosus,1,207.48
20_80M_98F,Nemipteridae,Pentapodus,porosus,1,188.49
20_80M_98F,Nemipteridae,Pentapodus,porosus,1,216.788
20_80M_98F,Nemipteridae,Pentapodus,porosus,1,213.905
20_80M_98F,Nemipteridae,Pentapodus,porosus,1,206.191
20_80M_98F,Nemipteridae,Pentapodus,porosus,1,199.408
20_80M_98F,Nemipteridae,Pentapodus,porosus,1,217.368
20_80M_98F,Nemipteridae,Pentapodus,porosus,1,213.241
20_80M_98F,Nemipteridae,Pentapodus,porosus,1,215.634
20_80M_98N,Nemipteridae,Pentapodus,porosus,1,163.903
20_80M_98N,Nemipteridae,Pentapodus,porosus,1,190.46
20_80M_98N,Nemipteridae,Pentapodus,porosus,1,161.015
20_80M_99F,Nemipteridae,Pentapodus,porosus,1,214.143
20_80M_99F,Nemipteridae,Pentapodus,porosus,1,224.747
20_80M_99F,Nemipteridae,Pentapodus,porosus,1,206.392
20_80M_99F,Nemipteridae,Pentapodus,porosus,1,178.251
20_80M_99F,Nemipteridae,Pentapodus,porosus,1,193.757
20_80M_99F,Nemipteridae,Pentapodus,porosus,1,210.744
20_80M_99F,Nemipteridae,Pentapodus,porosus,1,196.448
20_80M_99F,Nemipteridae,Pentapodus,porosus,1,180.833
20_80M_99F,Nemipteridae,Pentapodus,porosus,1,118.805
20_80M_99F,Nemipteridae,Pentapodus,porosus,1,177.572
20_80M_99F,Nemipteridae,Pentapodus,porosus,1,209.242
20_80M_99F,Nemipteridae,Pentapodus,porosus,1,111.132
20_80M_99F,Nemipteridae,Pentapodus,porosus,1,110.583
20_80M_99N,Nemipteridae,Pentapodus,porosus,1,199.097
20_80M_99N,Nemipteridae,Pentapodus,porosus,1,183.182
20_80M_99N,Nemipteridae,Pentapodus,porosus,1,203.576
20_80M_99N,Nemipteridae,Pentapodus,porosus,1,181.527
20_80M_99N,Nemipteridae,Pentapodus,porosus,1,172.886
20_80M_99N,Nemipteridae,Pentapodus,porosus,1,173.596
20_80M_99N,Nemipteridae,Pentapodus,porosus,1,181.381
20_80M_99N,Nemipteridae,Pentapodus,porosus,1,178.946
20_80M_99N,Nemipteridae,Pentapodus,porosus,1,194.254
20_80M_99N,Nemipteridae,Pentapodus,porosus,1,201.45
20_80M_9F,Nemipteridae,Pentapodus,porosus,1,152.869
20_80M_9F,Nemipteridae,Pentapodus,porosus,1,134.179
20_80M_9F,Nemipteridae,Pentapodus,porosus,1,158.175
20_80M_9F,Nemipteridae,Pentapodus,porosus,1,155.306
20_80M_9F,Nemipteridae,Pentapodus,porosus,1,106.792
20_80M_9F,Nemipteridae,Pentapodus,porosus,1,191.766
20_80M_9F,Nemipteridae,Pentapodus,porosus,1,89.004
20_80M_9F,Nemipteridae,Pentapodus,porosus,1,192.035
20_80M_9F,Nemipteridae,Pentapodus,porosus,1,157.425
20_80M_9F,Nemipteridae,Pentapodus,porosus,1,134.152
20_80M_9F,Nemipteridae,Pentapodus,porosus,1,163.343
20_80M_9F,Nemipteridae,Pentapodus,porosus,1,193.765
20_80M_9F,Nemipteridae,Pentapodus,porosus,1,147.223
20_80M_9F,Nemipteridae,Pentapodus,porosus,1,170.147
20_80M_9F,Nemipteridae,Pentapodus,porosus,1,171.505
20_80M_9F,Nemipteridae,Pentapodus,porosus,1,176.484
20_80M_9F,Nemipteridae,Pentapodus,porosus,1,180.3
20_80M_9F,Nemipteridae,Pentapodus,porosus,1,194.495
20_80M_9F,Nemipteridae,Pentapodus,porosus,1,175.237
20_80M_9F,Nemipteridae,Pentapodus,porosus,1,172.409
20_80M_9F,Nemipteridae,Pentapodus,porosus,1,157.967
20_80M_9F,Nemipteridae,Pentapodus,porosus,1,196.433
20_80M_9F,Nemipteridae,Pentapodus,porosus,1,197.668
20_80M_9N,Nemipteridae,Pentapodus,porosus,1,234.946
20_80M_9N,Nemipteridae,Pentapodus,porosus,1,221.345
20_80M_9N,Nemipteridae,Pentapodus,porosus,1,183.709
20_80M_9N,Nemipteridae,Pentapodus,porosus,1,221.706
20_80M_9N,Nemipteridae,Pentapodus,porosus,1,205.376
20_80M_9N,Nemipteridae,Pentapodus,porosus,1,226.376
20_80M_9N,Nemipteridae,Pentapodus,porosus,1,228.427
20_80M_9N,Nemipteridae,Pentapodus,porosus,1,199.845
20_80M_9N,Nemipteridae,Pentapodus,porosus,1,214.942
20_80M_9N,Nemipteridae,Pentapodus,porosus,1,188.588
20_80M_19N,Nemipteridae,Pentapodus,vitta,1,177.219
20_80M_20N,Nemipteridae,Pentapodus,vitta,1,194.022
20_80M_45N,Nemipteridae,Pentapodus,vitta,1,120.888
20_80M_4N,Nemipteridae,Pentapodus,vitta,1,205.098
20_80M_52N,Nemipteridae,Pentapodus,vitta,1,120.137
20_80M_87F,Nemipteridae,Pentapodus,vitta,1,182.19
20_80M_100N,Nemipteridae,Scolopsis,monogramma,1,205.359
20_80M_101N,Nemipteridae,Scolopsis,monogramma,1,230.992
20_80M_101N,Nemipteridae,Scolopsis,monogramma,1,258.839
20_80M_103F,Nemipteridae,Scolopsis,monogramma,1,192.483
20_80M_103F,Nemipteridae,Scolopsis,monogramma,1,186.427
20_80M_105N,Nemipteridae,Scolopsis,monogramma,1,210.453
20_80M_105N,Nemipteridae,Scolopsis,monogramma,1,172.208
20_80M_105N,Nemipteridae,Scolopsis,monogramma,1,171.941
20_80M_10N,Nemipteridae,Scolopsis,monogramma,1,188.116
20_80M_10N,Nemipteridae,Scolopsis,monogramma,1,158.638
20_80M_111N,Nemipteridae,Scolopsis,monogramma,1,194.541
20_80M_111N,Nemipteridae,Scolopsis,monogramma,1,156.405
20_80M_111N,Nemipteridae,Scolopsis,monogramma,1,212.578
20_80M_111N,Nemipteridae,Scolopsis,monogramma,1,165.442
20_80M_111N,Nemipteridae,Scolopsis,monogramma,1,198.02
20_80M_111N,Nemipteridae,Scolopsis,monogramma,1,162.494
20_80M_111N,Nemipteridae,Scolopsis,monogramma,1,189.359
20_80M_112N,Nemipteridae,Scolopsis,monogramma,1,259.639
20_80M_112N,Nemipteridae,Scolopsis,monogramma,1,271.326
20_80M_113N,Nemipteridae,Scolopsis,monogramma,1,234.427
20_80M_113N,Nemipteridae,Scolopsis,monogramma,1,212.963
20_80M_114N,Nemipteridae,Scolopsis,monogramma,1,208.399
20_80M_114N,Nemipteridae,Scolopsis,monogramma,1,236.928
20_80M_115N,Nemipteridae,Scolopsis,monogramma,1,264.71
20_80M_115N,Nemipteridae,Scolopsis,monogramma,1,265.917
20_80M_115N,Nemipteridae,Scolopsis,monogramma,1,290.885
20_80M_116N,Nemipteridae,Scolopsis,monogramma,1,227.694
20_80M_116N,Nemipteridae,Scolopsis,monogramma,1,246.146
20_80M_118N,Nemipteridae,Scolopsis,monogramma,1,244.311
20_80M_118N,Nemipteridae,Scolopsis,monogramma,1,241.053
20_80M_118N,Nemipteridae,Scolopsis,monogramma,1,259.307
20_80M_118N,Nemipteridae,Scolopsis,monogramma,1,276.646
20_80M_118N,Nemipteridae,Scolopsis,monogramma,1,237.474
20_80M_118N,Nemipteridae,Scolopsis,monogramma,1,339.678
20_80M_118N,Nemipteridae,Scolopsis,monogramma,1,234.958
20_80M_119N,Nemipteridae,Scolopsis,monogramma,1,281.408
20_80M_119N,Nemipteridae,Scolopsis,monogramma,1,245.154
20_80M_119N,Nemipteridae,Scolopsis,monogramma,1,243.184
20_80M_120N,Nemipteridae,Scolopsis,monogramma,1,240.938
20_80M_120N,Nemipteridae,Scolopsis,monogramma,1,253.433
20_80M_120N,Nemipteridae,Scolopsis,monogramma,1,259.492
20_80M_120N,Nemipteridae,Scolopsis,monogramma,1,241.172
20_80M_121N,Nemipteridae,Scolopsis,monogramma,1,283.687
20_80M_121N,Nemipteridae,Scolopsis,monogramma,1,282.809
20_80M_121N,Nemipteridae,Scolopsis,monogramma,1,248.916
20_80M_121N,Nemipteridae,Scolopsis,monogramma,1,268.317
20_80M_123N,Nemipteridae,Scolopsis,monogramma,1,232.03
20_80M_125N,Nemipteridae,Scolopsis,monogramma,1,186.684
20_80M_125N,Nemipteridae,Scolopsis,monogramma,1,195.908
20_80M_125N,Nemipteridae,Scolopsis,monogramma,1,211.961
20_80M_125N,Nemipteridae,Scolopsis,monogramma,1,219.385
20_80M_125N,Nemipteridae,Scolopsis,monogramma,1,226.613
20_80M_128N,Nemipteridae,Scolopsis,monogramma,1,273.113
20_80M_128N,Nemipteridae,Scolopsis,monogramma,1,106.381
20_80M_130N,Nemipteridae,Scolopsis,monogramma,1,203.473
20_80M_130N,Nemipteridae,Scolopsis,monogramma,1,259.685
20_80M_132N,Nemipteridae,Scolopsis,monogramma,1,281.753
20_80M_133N,Nemipteridae,Scolopsis,monogramma,1,310.202
20_80M_133N,Nemipteridae,Scolopsis,monogramma,1,311.672
20_80M_133N,Nemipteridae,Scolopsis,monogramma,1,256.264
20_80M_133N,Nemipteridae,Scolopsis,monogramma,1,299.14
20_80M_133N,Nemipteridae,Scolopsis,monogramma,1,281.741
20_80M_13N,Nemipteridae,Scolopsis,monogramma,1,180.562
20_80M_14F,Nemipteridae,Scolopsis,monogramma,1,230.913
20_80M_14F,Nemipteridae,Scolopsis,monogramma,1,235.781
20_80M_14N,Nemipteridae,Scolopsis,monogramma,1,212.472
20_80M_15F,Nemipteridae,Scolopsis,monogramma,1,194.547
20_80M_15F,Nemipteridae,Scolopsis,monogramma,1,197.688
20_80M_16F,Nemipteridae,Scolopsis,monogramma,1,178.415
20_80M_16F,Nemipteridae,Scolopsis,monogramma,1,160.605
20_80M_16F,Nemipteridae,Scolopsis,monogramma,1,187.736
20_80M_17F,Nemipteridae,Scolopsis,monogramma,1,260.49
20_80M_20F,Nemipteridae,Scolopsis,monogramma,1,181.909
20_80M_20F,Nemipteridae,Scolopsis,monogramma,1,209.758
20_80M_20F,Nemipteridae,Scolopsis,monogramma,1,190.56
20_80M_21F,Nemipteridae,Scolopsis,monogramma,1,190.134
20_80M_21F,Nemipteridae,Scolopsis,monogramma,1,167.538
20_80M_21F,Nemipteridae,Scolopsis,monogramma,1,195.711
20_80M_22F,Nemipteridae,Scolopsis,monogramma,1,229.254
20_80M_22F,Nemipteridae,Scolopsis,monogramma,1,225.496
20_80M_23F,Nemipteridae,Scolopsis,monogramma,1,188.042
20_80M_23F,Nemipteridae,Scolopsis,monogramma,1,162.356
20_80M_23F,Nemipteridae,Scolopsis,monogramma,1,192.062
20_80M_23N,Nemipteridae,Scolopsis,monogramma,1,145.407
20_80M_24F,Nemipteridae,Scolopsis,monogramma,1,182.083
20_80M_24N,Nemipteridae,Scolopsis,monogramma,1,262.807
20_80M_26N,Nemipteridae,Scolopsis,monogramma,1,208.058
20_80M_26N,Nemipteridae,Scolopsis,monogramma,1,222.279
20_80M_27F,Nemipteridae,Scolopsis,monogramma,1,247.354
20_80M_27N,Nemipteridae,Scolopsis,monogramma,1,216.609
20_80M_27N,Nemipteridae,Scolopsis,monogramma,1,190.52
20_80M_27N,Nemipteridae,Scolopsis,monogramma,1,208.401
20_80M_27N,Nemipteridae,Scolopsis,monogramma,1,206.523
20_80M_27N,Nemipteridae,Scolopsis,monogramma,1,199.266
20_80M_28F,Nemipteridae,Scolopsis,monogramma,1,219.992
20_80M_28F,Nemipteridae,Scolopsis,monogramma,1,217.263
20_80M_28F,Nemipteridae,Scolopsis,monogramma,1,232.481
20_80M_28N,Nemipteridae,Scolopsis,monogramma,1,203.63
20_80M_29F,Nemipteridae,Scolopsis,monogramma,1,243.666
20_80M_29N,Nemipteridae,Scolopsis,monogramma,1,226.992
20_80M_29N,Nemipteridae,Scolopsis,monogramma,1,198.475
20_80M_2F,Nemipteridae,Scolopsis,monogramma,1,243.319
20_80M_2F,Nemipteridae,Scolopsis,monogramma,1,201.165
20_80M_2F,Nemipteridae,Scolopsis,monogramma,1,205.587
20_80M_2F,Nemipteridae,Scolopsis,monogramma,1,178.544
20_80M_2F,Nemipteridae,Scolopsis,monogramma,1,168.463
20_80M_2F,Nemipteridae,Scolopsis,monogramma,1,180.601
20_80M_2F,Nemipteridae,Scolopsis,monogramma,1,237.434
20_80M_2F,Nemipteridae,Scolopsis,monogramma,1,179.207
20_80M_2F,Nemipteridae,Scolopsis,monogramma,1,192.176
20_80M_2F,Nemipteridae,Scolopsis,monogramma,1,193.846
20_80M_2F,Nemipteridae,Scolopsis,monogramma,1,202.999
20_80M_31F,Nemipteridae,Scolopsis,monogramma,1,220.707
20_80M_31F,Nemipteridae,Scolopsis,monogramma,1,198.903
20_80M_31F,Nemipteridae,Scolopsis,monogramma,1,210.197
20_80M_31F,Nemipteridae,Scolopsis,monogramma,1,164.567
20_80M_31F,Nemipteridae,Scolopsis,monogramma,1,247.539
20_80M_31F,Nemipteridae,Scolopsis,monogramma,1,207.678
20_80M_33F,Nemipteridae,Scolopsis,monogramma,1,249.015
20_80M_33F,Nemipteridae,Scolopsis,monogramma,1,228.942
20_80M_33F,Nemipteridae,Scolopsis,monogramma,1,236.834
20_80M_33F,Nemipteridae,Scolopsis,monogramma,1,230.486
20_80M_33N,Nemipteridae,Scolopsis,monogramma,1,239.983
20_80M_34F,Nemipteridae,Scolopsis,monogramma,1,247.328
20_80M_34F,Nemipteridae,Scolopsis,monogramma,1,246.902
20_80M_35F,Nemipteridae,Scolopsis,monogramma,1,274.933
20_80M_36F,Nemipteridae,Scolopsis,monogramma,1,264.799
20_80M_36N,Nemipteridae,Scolopsis,monogramma,1,192.469
20_80M_36N,Nemipteridae,Scolopsis,monogramma,1,170.115
20_80M_36N,Nemipteridae,Scolopsis,monogramma,1,197.514
20_80M_37F,Nemipteridae,Scolopsis,monogramma,1,257.865
20_80M_38N,Nemipteridae,Scolopsis,monogramma,1,178.717
20_80M_38N,Nemipteridae,Scolopsis,monogramma,1,196.829
20_80M_39N,Nemipteridae,Scolopsis,monogramma,1,186.082
20_80M_39N,Nemipteridae,Scolopsis,monogramma,1,163.174
20_80M_3F,Nemipteridae,Scolopsis,monogramma,1,256.737
20_80M_40F,Nemipteridae,Scolopsis,monogramma,1,264.973
20_80M_41F,Nemipteridae,Scolopsis,monogramma,1,278.163
20_80M_42F,Nemipteridae,Scolopsis,monogramma,1,267.868
20_80M_43F,Nemipteridae,Scolopsis,monogramma,1,256.048
20_80M_43F,Nemipteridae,Scolopsis,monogramma,1,269.784
20_80M_45F,Nemipteridae,Scolopsis,monogramma,1,229.007
20_80M_46F,Nemipteridae,Scolopsis,monogramma,1,276.756
20_80M_4F,Nemipteridae,Scolopsis,monogramma,1,194.97
20_80M_4F,Nemipteridae,Scolopsis,monogramma,1,185.295
20_80M_50F,Nemipteridae,Scolopsis,monogramma,1,182.122
20_80M_50F,Nemipteridae,Scolopsis,monogramma,1,192.843
20_80M_51F,Nemipteridae,Scolopsis,monogramma,1,174.269
20_80M_55F,Nemipteridae,Scolopsis,monogramma,1,188.665
20_80M_56N,Nemipteridae,Scolopsis,monogramma,1,167.823
20_80M_58F,Nemipteridae,Scolopsis,monogramma,1,242.803
20_80M_58F,Nemipteridae,Scolopsis,monogramma,1,261.266
20_80M_58F,Nemipteridae,Scolopsis,monogramma,1,294.222
20_80M_59F,Nemipteridae,Scolopsis,monogramma,1,282.889
20_80M_59F,Nemipteridae,Scolopsis,monogramma,1,269.385
20_80M_5F,Nemipteridae,Scolopsis,monogramma,1,247.431
20_80M_5F,Nemipteridae,Scolopsis,monogramma,1,260.398
20_80M_60F,Nemipteridae,Scolopsis,monogramma,1,194.697
20_80M_60N,Nemipteridae,Scolopsis,monogramma,1,188.347
20_80M_60N,Nemipteridae,Scolopsis,monogramma,1,175.1
20_80M_61F,Nemipteridae,Scolopsis,monogramma,1,224.917
20_80M_62F,Nemipteridae,Scolopsis,monogramma,1,135.868
20_80M_62F,Nemipteridae,Scolopsis,monogramma,1,156.51
20_80M_63F,Nemipteridae,Scolopsis,monogramma,1,277.72
20_80M_63F,Nemipteridae,Scolopsis,monogramma,1,259.118
20_80M_63N,Nemipteridae,Scolopsis,monogramma,1,190.219
20_80M_64F,Nemipteridae,Scolopsis,monogramma,1,266.819
20_80M_64N,Nemipteridae,Scolopsis,monogramma,1,251.877
20_80M_64N,Nemipteridae,Scolopsis,monogramma,1,246.307
20_80M_64N,Nemipteridae,Scolopsis,monogramma,1,236.859
20_80M_65N,Nemipteridae,Scolopsis,monogramma,1,374.402
20_80M_65N,Nemipteridae,Scolopsis,monogramma,1,266.764
20_80M_65N,Nemipteridae,Scolopsis,monogramma,1,222.213
20_80M_66F,Nemipteridae,Scolopsis,monogramma,1,261.061
20_80M_66N,Nemipteridae,Scolopsis,monogramma,1,191.599
20_80M_66N,Nemipteridae,Scolopsis,monogramma,1,192.554
20_80M_66N,Nemipteridae,Scolopsis,monogramma,1,224.258
20_80M_66N,Nemipteridae,Scolopsis,monogramma,1,222.718
20_80M_67F,Nemipteridae,Scolopsis,monogramma,1,352.348
20_80M_67F,Nemipteridae,Scolopsis,monogramma,1,260.891
20_80M_6F,Nemipteridae,Scolopsis,monogramma,1,252.925
20_80M_72F,Nemipteridae,Scolopsis,monogramma,1,151.478
20_80M_76F,Nemipteridae,Scolopsis,monogramma,1,252.521
20_80M_77F,Nemipteridae,Scolopsis,monogramma,1,261.9
20_80M_77F,Nemipteridae,Scolopsis,monogramma,1,240.221
20_80M_78F,Nemipteridae,Scolopsis,monogramma,1,146.971
20_80M_78F,Nemipteridae,Scolopsis,monogramma,1,157.291
20_80M_7F,Nemipteridae,Scolopsis,monogramma,1,222.672
20_80M_7N,Nemipteridae,Scolopsis,monogramma,1,207.326
20_80M_80F,Nemipteridae,Scolopsis,monogramma,1,246.711
20_80M_81F,Nemipteridae,Scolopsis,monogramma,1,250.173
20_80M_81F,Nemipteridae,Scolopsis,monogramma,1,250.33
20_80M_83F,Nemipteridae,Scolopsis,monogramma,1,284.581
20_80M_83F,Nemipteridae,Scolopsis,monogramma,1,286.871
20_80M_86F,Nemipteridae,Scolopsis,monogramma,1,125.064
20_80M_86N,Nemipteridae,Scolopsis,monogramma,1,206.186
20_80M_86N,Nemipteridae,Scolopsis,monogramma,1,209.282
20_80M_87F,Nemipteridae,Scolopsis,monogramma,1,115.087
20_80M_87N,Nemipteridae,Scolopsis,monogramma,1,205.563
20_80M_87N,Nemipteridae,Scolopsis,monogramma,1,219.853
20_80M_87N,Nemipteridae,Scolopsis,monogramma,1,216.574
20_80M_87N,Nemipteridae,Scolopsis,monogramma,1,221.384
20_80M_88F,Nemipteridae,Scolopsis,monogramma,1,276.566
20_80M_88N,Nemipteridae,Scolopsis,monogramma,1,274.873
20_80M_88N,Nemipteridae,Scolopsis,monogramma,1,168.02
20_80M_88N,Nemipteridae,Scolopsis,monogramma,1,190.609
20_80M_89F,Nemipteridae,Scolopsis,monogramma,1,254.813
20_80M_89F,Nemipteridae,Scolopsis,monogramma,1,274.928
20_80M_89N,Nemipteridae,Scolopsis,monogramma,1,204.045
20_80M_90F,Nemipteridae,Scolopsis,monogramma,1,267.77
20_80M_90N,Nemipteridae,Scolopsis,monogramma,1,175.521
20_80M_90N,Nemipteridae,Scolopsis,monogramma,1,180.619
20_80M_90N,Nemipteridae,Scolopsis,monogramma,1,218.838
20_80M_90N,Nemipteridae,Scolopsis,monogramma,1,195.031
20_80M_90N,Nemipteridae,Scolopsis,monogramma,1,189.847
20_80M_90N,Nemipteridae,Scolopsis,monogramma,1,216.428
20_80M_90N,Nemipteridae,Scolopsis,monogramma,1,192.831
20_80M_91F,Nemipteridae,Scolopsis,monogramma,1,251.34
20_80M_91F,Nemipteridae,Scolopsis,monogramma,1,239.496
20_80M_91N,Nemipteridae,Scolopsis,monogramma,1,189.102
20_80M_92N,Nemipteridae,Scolopsis,monogramma,1,169.469
20_80M_92N,Nemipteridae,Scolopsis,monogramma,1,163.79
20_80M_93F,Nemipteridae,Scolopsis,monogramma,1,244.466
20_80M_93F,Nemipteridae,Scolopsis,monogramma,1,249.805
20_80M_97F,Nemipteridae,Scolopsis,monogramma,1,219.178
20_80M_97F,Nemipteridae,Scolopsis,monogramma,1,214.705
20_80M_97F,Nemipteridae,Scolopsis,monogramma,1,231.43
20_80M_97F,Nemipteridae,Scolopsis,monogramma,1,208.559
20_80M_98F,Nemipteridae,Scolopsis,monogramma,1,235.276
20_80M_98N,Nemipteridae,Scolopsis,monogramma,1,132.72
20_80M_99N,Nemipteridae,Scolopsis,monogramma,1,164.866
20_80M_99N,Nemipteridae,Scolopsis,monogramma,1,171.571
20_80M_99N,Nemipteridae,Scolopsis,monogramma,1,191.577
20_80M_9F,Nemipteridae,Scolopsis,monogramma,1,182.489
20_80M_9N,Nemipteridae,Scolopsis,monogramma,1,208.529
20_80M_9N,Nemipteridae,Scolopsis,monogramma,1,198.3
20_80M_9N,Nemipteridae,Scolopsis,monogramma,1,206.191
20_80M_9N,Nemipteridae,Scolopsis,monogramma,1,205.157
20_80M_97F,Opistognathidae,Opistognathus,latitabundus,1,431.443
20_80M_90F,Ostraciidae,Ostracion,cubicus,1,220.748
20_80M_100F,Pinguipedidae,Parapercis,nebulosa,1,96.886
20_80M_101F,Pinguipedidae,Parapercis,nebulosa,1,185.721
20_80M_102N,Pinguipedidae,Parapercis,nebulosa,1,154.9
20_80M_104N,Pinguipedidae,Parapercis,nebulosa,1,180.665
20_80M_19F,Pinguipedidae,Parapercis,nebulosa,1,152.582
20_80M_22N,Pinguipedidae,Parapercis,nebulosa,1,104.247
20_80M_22N,Pinguipedidae,Parapercis,nebulosa,1,121.998
20_80M_22N,Pinguipedidae,Parapercis,nebulosa,1,153.762
20_80M_24F,Pinguipedidae,Parapercis,nebulosa,1,203.998
20_80M_32N,Pinguipedidae,Parapercis,nebulosa,1,96.559
20_80M_32N,Pinguipedidae,Parapercis,nebulosa,1,88.504
20_80M_38F,Pinguipedidae,Parapercis,nebulosa,1,89.511
20_80M_40N,Pinguipedidae,Parapercis,nebulosa,1,102.656
20_80M_41N,Pinguipedidae,Parapercis,nebulosa,1,166.541
20_80M_45N,Pinguipedidae,Parapercis,nebulosa,1,104.591
20_80M_46N,Pinguipedidae,Parapercis,nebulosa,1,78.883
20_80M_4N,Pinguipedidae,Parapercis,nebulosa,1,179.643
20_80M_57N,Pinguipedidae,Parapercis,nebulosa,1,96.086
20_80M_58N,Pinguipedidae,Parapercis,nebulosa,1,108.617
20_80M_59N,Pinguipedidae,Parapercis,nebulosa,1,67.13
20_80M_59N,Pinguipedidae,Parapercis,nebulosa,1,71.43
20_80M_59N,Pinguipedidae,Parapercis,nebulosa,1,159.207
20_80M_62N,Pinguipedidae,Parapercis,nebulosa,1,161.716
20_80M_62N,Pinguipedidae,Parapercis,nebulosa,1,198.855
20_80M_68F,Pinguipedidae,Parapercis,nebulosa,1,145.104
20_80M_69F,Pinguipedidae,Parapercis,nebulosa,1,202.524
20_80M_74F,Pinguipedidae,Parapercis,nebulosa,1,98.17
20_80M_86F,Pinguipedidae,Parapercis,nebulosa,1,111.311
20_80M_94F,Pinguipedidae,Parapercis,nebulosa,1,90.796
20_80M_94F,Pinguipedidae,Parapercis,nebulosa,1,94.959
20_80M_94F,Pinguipedidae,Parapercis,nebulosa,1,105.199
20_80M_127N,Pinguipedidae,Parapercis,spp,1,98.64
20_80M_57N,Platycephalidae,Platycephalus,westraliae,1,382.521
20_80M_59N,Platycephalidae,Platycephalus,westraliae,1,497.554
20_80M_100N,Pomacanthidae,Chaetodontoplus,duboulayi,1,185.307
20_80M_101F,Pomacanthidae,Chaetodontoplus,duboulayi,1,148.109
20_80M_101N,Pomacanthidae,Chaetodontoplus,duboulayi,1,140.148
20_80M_103F,Pomacanthidae,Chaetodontoplus,duboulayi,1,125
20_80M_103F,Pomacanthidae,Chaetodontoplus,duboulayi,1,113.63
20_80M_103N,Pomacanthidae,Chaetodontoplus,duboulayi,1,129.008
20_80M_104F,Pomacanthidae,Chaetodontoplus,duboulayi,1,127.672
20_80M_104N,Pomacanthidae,Chaetodontoplus,duboulayi,1,130.501
20_80M_106N,Pomacanthidae,Chaetodontoplus,duboulayi,1,146.908
20_80M_10F,Pomacanthidae,Chaetodontoplus,duboulayi,1,216.938
20_80M_112N,Pomacanthidae,Chaetodontoplus,duboulayi,1,144.692
20_80M_112N,Pomacanthidae,Chaetodontoplus,duboulayi,1,171.456
20_80M_112N,Pomacanthidae,Chaetodontoplus,duboulayi,1,117.367
20_80M_113N,Pomacanthidae,Chaetodontoplus,duboulayi,1,146.272
20_80M_114N,Pomacanthidae,Chaetodontoplus,duboulayi,1,191.351
20_80M_114N,Pomacanthidae,Chaetodontoplus,duboulayi,1,150.488
20_80M_114N,Pomacanthidae,Chaetodontoplus,duboulayi,1,183.343
20_80M_115N,Pomacanthidae,Chaetodontoplus,duboulayi,1,215.074
20_80M_116N,Pomacanthidae,Chaetodontoplus,duboulayi,1,196.378
20_80M_116N,Pomacanthidae,Chaetodontoplus,duboulayi,1,150.079
20_80M_116N,Pomacanthidae,Chaetodontoplus,duboulayi,1,126.818
20_80M_118N,Pomacanthidae,Chaetodontoplus,duboulayi,1,211.28
20_80M_118N,Pomacanthidae,Chaetodontoplus,duboulayi,1,139.661
20_80M_119N,Pomacanthidae,Chaetodontoplus,duboulayi,1,230.186
20_80M_119N,Pomacanthidae,Chaetodontoplus,duboulayi,1,161.322
20_80M_11F,Pomacanthidae,Chaetodontoplus,duboulayi,1,118.257
20_80M_11F,Pomacanthidae,Chaetodontoplus,duboulayi,1,107.873
20_80M_121N,Pomacanthidae,Chaetodontoplus,duboulayi,1,160.953
20_80M_121N,Pomacanthidae,Chaetodontoplus,duboulayi,1,165.166
20_80M_121N,Pomacanthidae,Chaetodontoplus,duboulayi,1,165.129
20_80M_121N,Pomacanthidae,Chaetodontoplus,duboulayi,1,213.224
20_80M_123N,Pomacanthidae,Chaetodontoplus,duboulayi,1,170.252
20_80M_123N,Pomacanthidae,Chaetodontoplus,duboulayi,1,151.349
20_80M_123N,Pomacanthidae,Chaetodontoplus,duboulayi,1,147.31
20_80M_123N,Pomacanthidae,Chaetodontoplus,duboulayi,1,241.928
20_80M_127N,Pomacanthidae,Chaetodontoplus,duboulayi,1,129.96
20_80M_127N,Pomacanthidae,Chaetodontoplus,duboulayi,1,175.286
20_80M_128N,Pomacanthidae,Chaetodontoplus,duboulayi,1,139.161
20_80M_128N,Pomacanthidae,Chaetodontoplus,duboulayi,1,212.87
20_80M_130N,Pomacanthidae,Chaetodontoplus,duboulayi,1,143.051
20_80M_130N,Pomacanthidae,Chaetodontoplus,duboulayi,1,169.525
20_80M_133N,Pomacanthidae,Chaetodontoplus,duboulayi,1,229.739
20_80M_14F,Pomacanthidae,Chaetodontoplus,duboulayi,1,149.149
20_80M_14F,Pomacanthidae,Chaetodontoplus,duboulayi,1,223.411
20_80M_14N,Pomacanthidae,Chaetodontoplus,duboulayi,1,147.304
20_80M_14N,Pomacanthidae,Chaetodontoplus,duboulayi,1,115.11
20_80M_15F,Pomacanthidae,Chaetodontoplus,duboulayi,1,200.933
20_80M_16F,Pomacanthidae,Chaetodontoplus,duboulayi,1,198.427
20_80M_16F,Pomacanthidae,Chaetodontoplus,duboulayi,1,156.045
20_80M_16F,Pomacanthidae,Chaetodontoplus,duboulayi,1,136.998
20_80M_18F,Pomacanthidae,Chaetodontoplus,duboulayi,1,234.514
20_80M_19N,Pomacanthidae,Chaetodontoplus,duboulayi,1,146.296
20_80M_21F,Pomacanthidae,Chaetodontoplus,duboulayi,1,150.657
20_80M_21F,Pomacanthidae,Chaetodontoplus,duboulayi,1,219.553
20_80M_22F,Pomacanthidae,Chaetodontoplus,duboulayi,1,199.735
20_80M_22F,Pomacanthidae,Chaetodontoplus,duboulayi,1,153.259
20_80M_23F,Pomacanthidae,Chaetodontoplus,duboulayi,1,218.47
20_80M_24F,Pomacanthidae,Chaetodontoplus,duboulayi,1,139.693
20_80M_24F,Pomacanthidae,Chaetodontoplus,duboulayi,1,104.86
20_80M_24N,Pomacanthidae,Chaetodontoplus,duboulayi,1,155.685
20_80M_24N,Pomacanthidae,Chaetodontoplus,duboulayi,1,119.241
20_80M_24N,Pomacanthidae,Chaetodontoplus,duboulayi,1,144.035
20_80M_25N,Pomacanthidae,Chaetodontoplus,duboulayi,1,113.869
20_80M_25N,Pomacanthidae,Chaetodontoplus,duboulayi,1,118.306
20_80M_25N,Pomacanthidae,Chaetodontoplus,duboulayi,1,140.515
20_80M_25N,Pomacanthidae,Chaetodontoplus,duboulayi,1,72.457
20_80M_26N,Pomacanthidae,Chaetodontoplus,duboulayi,1,155.787
20_80M_27N,Pomacanthidae,Chaetodontoplus,duboulayi,1,222.917
20_80M_28F,Pomacanthidae,Chaetodontoplus,duboulayi,1,227.035
20_80M_28N,Pomacanthidae,Chaetodontoplus,duboulayi,1,149.732
20_80M_28N,Pomacanthidae,Chaetodontoplus,duboulayi,1,116.859
20_80M_29N,Pomacanthidae,Chaetodontoplus,duboulayi,1,142.44
20_80M_29N,Pomacanthidae,Chaetodontoplus,duboulayi,1,131.495
20_80M_29N,Pomacanthidae,Chaetodontoplus,duboulayi,1,119.57
20_80M_2F,Pomacanthidae,Chaetodontoplus,duboulayi,1,141.304
20_80M_2F,Pomacanthidae,Chaetodontoplus,duboulayi,1,223.144
20_80M_31F,Pomacanthidae,Chaetodontoplus,duboulayi,1,162.134
20_80M_31F,Pomacanthidae,Chaetodontoplus,duboulayi,1,214.343
20_80M_32F,Pomacanthidae,Chaetodontoplus,duboulayi,1,140.107
20_80M_32F,Pomacanthidae,Chaetodontoplus,duboulayi,1,144.354
20_80M_32F,Pomacanthidae,Chaetodontoplus,duboulayi,1,117.257
20_80M_33F,Pomacanthidae,Chaetodontoplus,duboulayi,1,112.31
20_80M_33F,Pomacanthidae,Chaetodontoplus,duboulayi,1,236.252
20_80M_33N,Pomacanthidae,Chaetodontoplus,duboulayi,1,173.247
20_80M_33N,Pomacanthidae,Chaetodontoplus,duboulayi,1,227.634
20_80M_34F,Pomacanthidae,Chaetodontoplus,duboulayi,1,152.236
20_80M_34F,Pomacanthidae,Chaetodontoplus,duboulayi,1,159.399
20_80M_35F,Pomacanthidae,Chaetodontoplus,duboulayi,1,151.287
20_80M_35F,Pomacanthidae,Chaetodontoplus,duboulayi,1,164.129
20_80M_37F,Pomacanthidae,Chaetodontoplus,duboulayi,1,170.953
20_80M_37F,Pomacanthidae,Chaetodontoplus,duboulayi,1,205.073
20_80M_37N,Pomacanthidae,Chaetodontoplus,duboulayi,1,216.887
20_80M_38N,Pomacanthidae,Chaetodontoplus,duboulayi,1,161.504
20_80M_38N,Pomacanthidae,Chaetodontoplus,duboulayi,1,151.916
20_80M_3F,Pomacanthidae,Chaetodontoplus,duboulayi,1,166.517
20_80M_40F,Pomacanthidae,Chaetodontoplus,duboulayi,1,236.304
20_80M_41F,Pomacanthidae,Chaetodontoplus,duboulayi,1,200.676
20_80M_41F,Pomacanthidae,Chaetodontoplus,duboulayi,1,129.703
20_80M_41F,Pomacanthidae,Chaetodontoplus,duboulayi,1,141.744
20_80M_41F,Pomacanthidae,Chaetodontoplus,duboulayi,1,158.934
20_80M_42F,Pomacanthidae,Chaetodontoplus,duboulayi,1,203.02
20_80M_43F,Pomacanthidae,Chaetodontoplus,duboulayi,1,173.181
20_80M_43F,Pomacanthidae,Chaetodontoplus,duboulayi,1,218.141
20_80M_45F,Pomacanthidae,Chaetodontoplus,duboulayi,1,176.434
20_80M_46F,Pomacanthidae,Chaetodontoplus,duboulayi,1,207.849
20_80M_47F,Pomacanthidae,Chaetodontoplus,duboulayi,1,184.727
20_80M_48F,Pomacanthidae,Chaetodontoplus,duboulayi,1,155.723
20_80M_48F,Pomacanthidae,Chaetodontoplus,duboulayi,1,234.034
20_80M_49F,Pomacanthidae,Chaetodontoplus,duboulayi,1,129.323
20_80M_49F,Pomacanthidae,Chaetodontoplus,duboulayi,1,202.862
20_80M_50F,Pomacanthidae,Chaetodontoplus,duboulayi,1,132.038
20_80M_50F,Pomacanthidae,Chaetodontoplus,duboulayi,1,132.437
20_80M_51F,Pomacanthidae,Chaetodontoplus,duboulayi,1,184.422
20_80M_52F,Pomacanthidae,Chaetodontoplus,duboulayi,1,221.01
20_80M_52F,Pomacanthidae,Chaetodontoplus,duboulayi,1,111.078
20_80M_53F,Pomacanthidae,Chaetodontoplus,duboulayi,1,150.72
20_80M_56F,Pomacanthidae,Chaetodontoplus,duboulayi,1,179.654
20_80M_56N,Pomacanthidae,Chaetodontoplus,duboulayi,1,125.227
20_80M_56N,Pomacanthidae,Chaetodontoplus,duboulayi,1,182.219
20_80M_56N,Pomacanthidae,Chaetodontoplus,duboulayi,1,103.585
20_80M_57F,Pomacanthidae,Chaetodontoplus,duboulayi,1,117.489
20_80M_57F,Pomacanthidae,Chaetodontoplus,duboulayi,1,162.694
20_80M_5F,Pomacanthidae,Chaetodontoplus,duboulayi,1,173.484
20_80M_5N,Pomacanthidae,Chaetodontoplus,duboulayi,1,194.482
20_80M_60F,Pomacanthidae,Chaetodontoplus,duboulayi,1,144.282
20_80M_60F,Pomacanthidae,Chaetodontoplus,duboulayi,1,166.914
20_80M_60F,Pomacanthidae,Chaetodontoplus,duboulayi,1,197.352
20_80M_60N,Pomacanthidae,Chaetodontoplus,duboulayi,1,129.058
20_80M_62F,Pomacanthidae,Chaetodontoplus,duboulayi,1,96.729
20_80M_62F,Pomacanthidae,Chaetodontoplus,duboulayi,1,130.766
20_80M_63N,Pomacanthidae,Chaetodontoplus,duboulayi,1,141.184
20_80M_64N,Pomacanthidae,Chaetodontoplus,duboulayi,1,214.44
20_80M_65F,Pomacanthidae,Chaetodontoplus,duboulayi,1,220.369
20_80M_66N,Pomacanthidae,Chaetodontoplus,duboulayi,1,121.483
20_80M_71F,Pomacanthidae,Chaetodontoplus,duboulayi,1,125.291
20_80M_72F,Pomacanthidae,Chaetodontoplus,duboulayi,1,183.553
20_80M_75F,Pomacanthidae,Chaetodontoplus,duboulayi,1,150.613
20_80M_76F,Pomacanthidae,Chaetodontoplus,duboulayi,1,147.972
20_80M_77F,Pomacanthidae,Chaetodontoplus,duboulayi,1,223.393
20_80M_7F,Pomacanthidae,Chaetodontoplus,duboulayi,1,216.602
20_80M_7F,Pomacanthidae,Chaetodontoplus,duboulayi,1,148.635
20_80M_7N,Pomacanthidae,Chaetodontoplus,duboulayi,1,125.623
20_80M_83F,Pomacanthidae,Chaetodontoplus,duboulayi,1,200.367
20_80M_84F,Pomacanthidae,Chaetodontoplus,duboulayi,1,168.947
20_80M_84F,Pomacanthidae,Chaetodontoplus,duboulayi,1,135.924
20_80M_85F,Pomacanthidae,Chaetodontoplus,duboulayi,1,208.063
20_80M_85N,Pomacanthidae,Chaetodontoplus,duboulayi,1,109.161
20_80M_87F,Pomacanthidae,Chaetodontoplus,duboulayi,1,160.136
20_80M_88F,Pomacanthidae,Chaetodontoplus,duboulayi,1,163.817
20_80M_88N,Pomacanthidae,Chaetodontoplus,duboulayi,1,168.603
20_80M_88N,Pomacanthidae,Chaetodontoplus,duboulayi,1,131.956
20_80M_89F,Pomacanthidae,Chaetodontoplus,duboulayi,1,158.404
20_80M_89F,Pomacanthidae,Chaetodontoplus,duboulayi,1,211.467
20_80M_89F,Pomacanthidae,Chaetodontoplus,duboulayi,1,170.134
20_80M_90F,Pomacanthidae,Chaetodontoplus,duboulayi,1,213.186
20_80M_93F,Pomacanthidae,Chaetodontoplus,duboulayi,1,207.979
20_80M_94F,Pomacanthidae,Chaetodontoplus,duboulayi,1,119.234
20_80M_95F,Pomacanthidae,Chaetodontoplus,duboulayi,1,141.489
20_80M_95F,Pomacanthidae,Chaetodontoplus,duboulayi,1,208.114
20_80M_98N,Pomacanthidae,Chaetodontoplus,duboulayi,1,101.871
20_80M_9F,Pomacanthidae,Chaetodontoplus,duboulayi,1,221.349
20_80M_9N,Pomacanthidae,Chaetodontoplus,duboulayi,1,197.583
20_80M_4F,Pomacanthidae,Chaetodontoplus,personifer,1,75.481
20_80M_106N,Pomacanthidae,Chaetodontoplus,personifer,1,140.469
20_80M_128N,Pomacanthidae,Chaetodontoplus,personifer,1,157.671
20_80M_128N,Pomacanthidae,Chaetodontoplus,personifer,1,148.56
20_80M_29N,Pomacanthidae,Chaetodontoplus,personifer,1,156.983
20_80M_29N,Pomacanthidae,Chaetodontoplus,personifer,1,152.759
20_80M_32F,Pomacanthidae,Chaetodontoplus,personifer,1,164.958
20_80M_61F,Pomacanthidae,Chaetodontoplus,personifer,1,137.105
20_80M_63N,Pomacanthidae,Chaetodontoplus,personifer,1,159.117
20_80M_121N,Pomacanthidae,Chromis,sahulensis,1,26.364
20_80M_121N,Pomacanthidae,Chromis,sahulensis,1,36.581
20_80M_121N,Pomacanthidae,Chromis,sahulensis,1,26.473
20_80M_121N,Pomacanthidae,Chromis,sahulensis,1,28.09
20_80M_121N,Pomacanthidae,Chromis,sahulensis,1,20.898
20_80M_121N,Pomacanthidae,Chromis,sahulensis,1,27.816
20_80M_121N,Pomacanthidae,Chromis,sahulensis,1,29.036
20_80M_121N,Pomacanthidae,Chromis,sahulensis,1,20.449
20_80M_121N,Pomacanthidae,Chromis,sahulensis,1,16.879
20_80M_121N,Pomacanthidae,Chromis,sahulensis,1,28.39
20_80M_121N,Pomacanthidae,Chromis,sahulensis,1,23.444
20_80M_121N,Pomacanthidae,Chromis,sahulensis,1,24.669
20_80M_40F,Pomacanthidae,Chromis,sahulensis,1,31.512
20_80M_40F,Pomacanthidae,Chromis,sahulensis,1,29.403
20_80M_40F,Pomacanthidae,Chromis,sahulensis,1,28.958
20_80M_40F,Pomacanthidae,Chromis,sahulensis,1,32.45
20_80M_40F,Pomacanthidae,Chromis,sahulensis,1,38.232
20_80M_7F,Pomacanthidae,Chromis,sahulensis,1,22.491
20_80M_81F,Pomacanthidae,Chromis,sahulensis,1,25.987
20_80M_81F,Pomacanthidae,Chromis,sahulensis,1,23.317
20_80M_81F,Pomacanthidae,Chromis,sahulensis,1,20.98
20_80M_81F,Pomacanthidae,Chromis,sahulensis,1,27.664
20_80M_81F,Pomacanthidae,Chromis,sahulensis,1,27.746
20_80M_81F,Pomacanthidae,Chromis,sahulensis,1,23.657
20_80M_37F,Pomacanthidae,Pomacanthus,sexstriatus,1,345.719
20_80M_37F,Pomacanthidae,Pomacanthus,sexstriatus,1,366.061
20_80M_33N,Pomacentridae,Abudefduf,bengalensis,1,154.387
20_80M_36N,Pomacentridae,Abudefduf,bengalensis,1,164.646
20_80M_36N,Pomacentridae,Abudefduf,bengalensis,1,139.004
20_80M_104N,Pomacentridae,Amphiprion,clarkii,1,63.728
20_80M_104N,Pomacentridae,Amphiprion,clarkii,1,101.709
20_80M_28F,Pomacentridae,Neopomacentrus,aktites,1,45.609
20_80M_28F,Pomacentridae,Neopomacentrus,aktites,1,36.778
20_80M_28F,Pomacentridae,Neopomacentrus,aktites,1,37.803
20_80M_40F,Pomacentridae,Neopomacentrus,aktites,1,45.374
20_80M_40F,Pomacentridae,Neopomacentrus,aktites,1,24.343
20_80M_81F,Pomacentridae,Neopomacentrus,aktites,1,25.497
20_80M_81F,Pomacentridae,Neopomacentrus,aktites,1,20.726
20_80M_47F,Pomacentridae,Pristotis,obtusirostris,1,53.12
20_80M_59N,Pomacentridae,Pristotis,obtusirostris,1,67.798
20_80M_74F,Pomacentridae,Pristotis,obtusirostris,1,65.523
20_80M_86F,Pomacentridae,Pristotis,obtusirostris,1,73.715
20_80M_86F,Pomacentridae,Pristotis,obtusirostris,1,68.473
20_80M_86F,Pomacentridae,Pristotis,obtusirostris,1,63.575
20_80M_86F,Pomacentridae,Pristotis,obtusirostris,1,61.409
20_80M_86F,Pomacentridae,Pristotis,obtusirostris,1,65.083
20_80M_92F,Pomacentridae,Pristotis,obtusirostris,1,33.093
20_80M_104F,Rachycentridae,Rachycentron,canadum,1,629.463
20_80M_104F,Rachycentridae,Rachycentron,canadum,1,789.109
20_80M_104F,Rachycentridae,Rachycentron,canadum,1,768.84
20_80M_104N,Rachycentridae,Rachycentron,canadum,1,783.463
20_80M_107N,Rachycentridae,Rachycentron,canadum,1,523.866
20_80M_127N,Rachycentridae,Rachycentron,canadum,1,776.522
20_80M_13F,Rachycentridae,Rachycentron,canadum,1,818.236
20_80M_13F,Rachycentridae,Rachycentron,canadum,1,663.039
20_80M_19F,Rachycentridae,Rachycentron,canadum,1,877.745
20_80M_19F,Rachycentridae,Rachycentron,canadum,1,659.565
20_80M_19F,Rachycentridae,Rachycentron,canadum,1,899.901
20_80M_19F,Rachycentridae,Rachycentron,canadum,1,909.11
20_80M_23N,Rachycentridae,Rachycentron,canadum,1,758.414
20_80M_3N,Rachycentridae,Rachycentron,canadum,1,818.683
20_80M_3N,Rachycentridae,Rachycentron,canadum,1,883.496
20_80M_3N,Rachycentridae,Rachycentron,canadum,1,843.666
20_80M_4N,Rachycentridae,Rachycentron,canadum,1,426.709
20_80M_55F,Rachycentridae,Rachycentron,canadum,1,657.456
20_80M_56F,Rachycentridae,Rachycentron,canadum,1,906.753
20_80M_60N,Rachycentridae,Rachycentron,canadum,1,782.21
20_80M_60N,Rachycentridae,Rachycentron,canadum,1,763.198
20_80M_70F,Rachycentridae,Rachycentron,canadum,1,906.599
20_80M_70F,Rachycentridae,Rachycentron,canadum,1,853.75
20_80M_79F,Rachycentridae,Rachycentron,canadum,1,508.06
20_80M_79F,Rachycentridae,Rachycentron,canadum,1,436.287
20_80M_79F,Rachycentridae,Rachycentron,canadum,1,500.491
20_80M_79F,Rachycentridae,Rachycentron,canadum,1,647.297
20_80M_84F,Rachycentridae,Rachycentron,canadum,1,751.727
20_80M_85F,Rachycentridae,Rachycentron,canadum,1,1041.368
20_80M_85F,Rachycentridae,Rachycentron,canadum,1,962.62
20_80M_88N,Rachycentridae,Rachycentron,canadum,1,817.433
20_80M_88N,Rachycentridae,Rachycentron,canadum,1,837.576
20_80M_89F,Rachycentridae,Rachycentron,canadum,1,802.275
20_80M_89N,Rachycentridae,Rachycentron,canadum,1,879.781
20_80M_11N,Rhinidae,Rhynchobatus,spp,1,936.058
20_80M_59N,Rhinidae,Rhynchobatus,spp,1,2779.989
20_80M_68F,Rhinidae,Rhynchobatus,spp,1,2958.849
20_80M_86F,Rhinidae,Rhynchobatus,spp,1,925.957
20_80M_92N,Rhinidae,Rhynchobatus,spp,1,1588.273
20_80M_132N,Scaridae,Scarus,ghobban,1,362.919
20_80M_133N,Scaridae,Scarus,ghobban,1,368.871
20_80M_18F,Scaridae,Scarus,ghobban,1,293.488
20_80M_18F,Scaridae,Scarus,ghobban,1,418.347
20_80M_2F,Scaridae,Scarus,ghobban,1,230.216
20_80M_2F,Scaridae,Scarus,ghobban,1,213.353
20_80M_33N,Scaridae,Scarus,ghobban,1,273.267
20_80M_34F,Scaridae,Scarus,ghobban,1,245.15
20_80M_35F,Scaridae,Scarus,ghobban,1,292.427
20_80M_35F,Scaridae,Scarus,ghobban,1,435.691
20_80M_36F,Scaridae,Scarus,ghobban,1,246.601
20_80M_37F,Scaridae,Scarus,ghobban,1,434.214
20_80M_37F,Scaridae,Scarus,ghobban,1,300.186
20_80M_65N,Scaridae,Scarus,ghobban,1,255.45
20_80M_6F,Scaridae,Scarus,ghobban,1,286.981
20_80M_6F,Scaridae,Scarus,ghobban,1,249.959
20_80M_6F,Scaridae,Scarus,ghobban,1,280.716
20_80M_6F,Scaridae,Scarus,ghobban,1,264.018
20_80M_9N,Scaridae,Scarus,ghobban,1,217.908
20_80M_104N,Scombridae,Cybiosarda,elegans,1,369.214
20_80M_104N,Scombridae,Cybiosarda,elegans,1,347.511
20_80M_104N,Scombridae,Cybiosarda,elegans,1,351.326
20_80M_115N,Scombridae,Cybiosarda,elegans,1,357.32
20_80M_11N,Scombridae,Cybiosarda,elegans,1,333.205
20_80M_13N,Scombridae,Cybiosarda,elegans,1,343.394
20_80M_13N,Scombridae,Cybiosarda,elegans,1,355.582
20_80M_14F,Scombridae,Cybiosarda,elegans,1,378.629
20_80M_16N,Scombridae,Cybiosarda,elegans,1,388.122
20_80M_17N,Scombridae,Cybiosarda,elegans,1,337.349
20_80M_17N,Scombridae,Cybiosarda,elegans,1,348.43
20_80M_22N,Scombridae,Cybiosarda,elegans,1,358.722
20_80M_23N,Scombridae,Cybiosarda,elegans,1,339.85
20_80M_23N,Scombridae,Cybiosarda,elegans,1,335.979
20_80M_41N,Scombridae,Cybiosarda,elegans,1,335.008
20_80M_41N,Scombridae,Cybiosarda,elegans,1,347.965
20_80M_52F,Scombridae,Cybiosarda,elegans,1,366.285
20_80M_54N,Scombridae,Cybiosarda,elegans,1,379.87
20_80M_58N,Scombridae,Cybiosarda,elegans,1,337.369
20_80M_5N,Scombridae,Cybiosarda,elegans,1,335.584
20_80M_60F,Scombridae,Cybiosarda,elegans,1,413.353
20_80M_60N,Scombridae,Cybiosarda,elegans,1,221.606
20_80M_60N,Scombridae,Cybiosarda,elegans,1,238.971
20_80M_68F,Scombridae,Cybiosarda,elegans,1,340.865
20_80M_68F,Scombridae,Cybiosarda,elegans,1,372.555
20_80M_68F,Scombridae,Cybiosarda,elegans,1,413.442
20_80M_68F,Scombridae,Cybiosarda,elegans,1,385.383
20_80M_68F,Scombridae,Cybiosarda,elegans,1,376.917
20_80M_68F,Scombridae,Cybiosarda,elegans,1,366.649
20_80M_69F,Scombridae,Cybiosarda,elegans,1,409.759
20_80M_89N,Scombridae,Cybiosarda,elegans,1,343.9
20_80M_8F,Scombridae,Cybiosarda,elegans,1,382.294
20_80M_100F,Scombridae,Scomberomorus,spp,1,516.829
20_80M_100F,Scombridae,Scomberomorus,spp,1,462.762
20_80M_100F,Scombridae,Scomberomorus,spp,1,520.77
20_80M_100F,Scombridae,Scomberomorus,spp,1,460.548
20_80M_100N,Scombridae,Scomberomorus,spp,1,345.887
20_80M_100N,Scombridae,Scomberomorus,spp,1,422.467
20_80M_100N,Scombridae,Scomberomorus,spp,1,584.693
20_80M_101F,Scombridae,Scomberomorus,spp,1,469.086
20_80M_101F,Scombridae,Scomberomorus,spp,1,512.182
20_80M_101F,Scombridae,Scomberomorus,spp,1,630.812
20_80M_101N,Scombridae,Scomberomorus,spp,1,509.943
20_80M_101N,Scombridae,Scomberomorus,spp,1,402.525
20_80M_101N,Scombridae,Scomberomorus,spp,1,600.598
20_80M_101N,Scombridae,Scomberomorus,spp,1,441.742
20_80M_101N,Scombridae,Scomberomorus,spp,1,366.169
20_80M_102F,Scombridae,Scomberomorus,spp,1,428.401
20_80M_102F,Scombridae,Scomberomorus,spp,1,461.094
20_80M_102F,Scombridae,Scomberomorus,spp,1,589.794
20_80M_102N,Scombridae,Scomberomorus,spp,1,455.615
20_80M_102N,Scombridae,Scomberomorus,spp,1,472.49
20_80M_103F,Scombridae,Scomberomorus,spp,1,526.932
20_80M_103F,Scombridae,Scomberomorus,spp,1,415.621
20_80M_103N,Scombridae,Scomberomorus,spp,1,598.166
20_80M_103N,Scombridae,Scomberomorus,spp,1,451.996
20_80M_103N,Scombridae,Scomberomorus,spp,1,398.759
20_80M_103N,Scombridae,Scomberomorus,spp,1,429.063
20_80M_103N,Scombridae,Scomberomorus,spp,1,440.143
20_80M_104F,Scombridae,Scomberomorus,spp,1,428.111
20_80M_104F,Scombridae,Scomberomorus,spp,1,446.025
20_80M_104N,Scombridae,Scomberomorus,spp,1,417.937
20_80M_104N,Scombridae,Scomberomorus,spp,1,549.142
20_80M_104N,Scombridae,Scomberomorus,spp,1,489.514
20_80M_105N,Scombridae,Scomberomorus,spp,1,488.661
20_80M_105N,Scombridae,Scomberomorus,spp,1,587.302
20_80M_106N,Scombridae,Scomberomorus,spp,1,601.801
20_80M_106N,Scombridae,Scomberomorus,spp,1,416.3
20_80M_107N,Scombridae,Scomberomorus,spp,1,426.575
20_80M_10F,Scombridae,Scomberomorus,spp,1,628.112
20_80M_10F,Scombridae,Scomberomorus,spp,1,531.738
20_80M_10F,Scombridae,Scomberomorus,spp,1,426.054
20_80M_10F,Scombridae,Scomberomorus,spp,1,410.285
20_80M_10F,Scombridae,Scomberomorus,spp,1,431.283
20_80M_10N,Scombridae,Scomberomorus,spp,1,431.701
20_80M_10N,Scombridae,Scomberomorus,spp,1,450.85
20_80M_10N,Scombridae,Scomberomorus,spp,1,463.868
20_80M_10N,Scombridae,Scomberomorus,spp,1,548.019
20_80M_10N,Scombridae,Scomberomorus,spp,1,527.336
20_80M_10N,Scombridae,Scomberomorus,spp,1,432.542
20_80M_10N,Scombridae,Scomberomorus,spp,1,521.629
20_80M_110N,Scombridae,Scomberomorus,spp,1,578.229
20_80M_111N,Scombridae,Scomberomorus,spp,1,422.43
20_80M_111N,Scombridae,Scomberomorus,spp,1,559.32
20_80M_112N,Scombridae,Scomberomorus,spp,1,638.535
20_80M_113N,Scombridae,Scomberomorus,spp,1,546.336
20_80M_113N,Scombridae,Scomberomorus,spp,1,596.691
20_80M_114N,Scombridae,Scomberomorus,spp,1,352.743
20_80M_114N,Scombridae,Scomberomorus,spp,1,421.612
20_80M_114N,Scombridae,Scomberomorus,spp,1,466.365
20_80M_114N,Scombridae,Scomberomorus,spp,1,432.152
20_80M_115N,Scombridae,Scomberomorus,spp,1,547.063
20_80M_115N,Scombridae,Scomberomorus,spp,1,520.919
20_80M_116N,Scombridae,Scomberomorus,spp,1,502.858
20_80M_117N,Scombridae,Scomberomorus,spp,1,576.739
20_80M_118N,Scombridae,Scomberomorus,spp,1,587.051
20_80M_118N,Scombridae,Scomberomorus,spp,1,463.198
20_80M_119N,Scombridae,Scomberomorus,spp,1,413.267
20_80M_119N,Scombridae,Scomberomorus,spp,1,420.733
20_80M_119N,Scombridae,Scomberomorus,spp,1,436.099
20_80M_119N,Scombridae,Scomberomorus,spp,1,480.92
20_80M_119N,Scombridae,Scomberomorus,spp,1,449.25
20_80M_119N,Scombridae,Scomberomorus,spp,1,451.291
20_80M_119N,Scombridae,Scomberomorus,spp,1,415.807
20_80M_119N,Scombridae,Scomberomorus,spp,1,464.107
20_80M_11F,Scombridae,Scomberomorus,spp,1,586.921
20_80M_11F,Scombridae,Scomberomorus,spp,1,434.295
20_80M_11F,Scombridae,Scomberomorus,spp,1,425.914
20_80M_11N,Scombridae,Scomberomorus,spp,1,543.037
20_80M_11N,Scombridae,Scomberomorus,spp,1,564.793
20_80M_11N,Scombridae,Scomberomorus,spp,1,631.836
20_80M_11N,Scombridae,Scomberomorus,spp,1,549.296
20_80M_11N,Scombridae,Scomberomorus,spp,1,625.757
20_80M_11N,Scombridae,Scomberomorus,spp,1,608.497
20_80M_11N,Scombridae,Scomberomorus,spp,1,554.77
20_80M_120N,Scombridae,Scomberomorus,spp,1,460.048
20_80M_120N,Scombridae,Scomberomorus,spp,1,461.882
20_80M_121N,Scombridae,Scomberomorus,spp,1,550.626
20_80M_122N,Scombridae,Scomberomorus,spp,1,569.827
20_80M_123N,Scombridae,Scomberomorus,spp,1,510.588
20_80M_123N,Scombridae,Scomberomorus,spp,1,590.973
20_80M_123N,Scombridae,Scomberomorus,spp,1,587.33
20_80M_125N,Scombridae,Scomberomorus,spp,1,630.225
20_80M_125N,Scombridae,Scomberomorus,spp,1,587.15
20_80M_126N,Scombridae,Scomberomorus,spp,1,494.876
20_80M_126N,Scombridae,Scomberomorus,spp,1,602.782
20_80M_127N,Scombridae,Scomberomorus,spp,1,545.925
20_80M_127N,Scombridae,Scomberomorus,spp,1,507.164
20_80M_128N,Scombridae,Scomberomorus,spp,1,516.966
20_80M_128N,Scombridae,Scomberomorus,spp,1,563.787
20_80M_128N,Scombridae,Scomberomorus,spp,1,553.958
20_80M_129N,Scombridae,Scomberomorus,spp,1,621.161
20_80M_12F,Scombridae,Scomberomorus,spp,1,1264.025
20_80M_131N,Scombridae,Scomberomorus,spp,1,490.739
20_80M_133N,Scombridae,Scomberomorus,spp,1,507.667
20_80M_13F,Scombridae,Scomberomorus,spp,1,456.606
20_80M_13F,Scombridae,Scomberomorus,spp,1,623.455
20_80M_13N,Scombridae,Scomberomorus,spp,1,577.938
20_80M_13N,Scombridae,Scomberomorus,spp,1,633.785
20_80M_14F,Scombridae,Scomberomorus,spp,1,461.252
20_80M_14F,Scombridae,Scomberomorus,spp,1,564.145
20_80M_14F,Scombridae,Scomberomorus,spp,1,461.535
20_80M_14N,Scombridae,Scomberomorus,spp,1,632.198
20_80M_14N,Scombridae,Scomberomorus,spp,1,392.616
20_80M_14N,Scombridae,Scomberomorus,spp,1,381.841
20_80M_15F,Scombridae,Scomberomorus,spp,1,573.799
20_80M_15F,Scombridae,Scomberomorus,spp,1,536.422
20_80M_15F,Scombridae,Scomberomorus,spp,1,584.577
20_80M_15N,Scombridae,Scomberomorus,spp,1,445.234
20_80M_15N,Scombridae,Scomberomorus,spp,1,401.898
20_80M_16F,Scombridae,Scomberomorus,spp,1,592.85
20_80M_16F,Scombridae,Scomberomorus,spp,1,612.349
20_80M_16F,Scombridae,Scomberomorus,spp,1,618.912
20_80M_16N,Scombridae,Scomberomorus,spp,1,646.066
20_80M_16N,Scombridae,Scomberomorus,spp,1,536.249
20_80M_16N,Scombridae,Scomberomorus,spp,1,557.123
20_80M_16N,Scombridae,Scomberomorus,spp,1,437.2
20_80M_17N,Scombridae,Scomberomorus,spp,1,627.747
20_80M_17N,Scombridae,Scomberomorus,spp,1,441.045
20_80M_17N,Scombridae,Scomberomorus,spp,1,540.4
20_80M_18F,Scombridae,Scomberomorus,spp,1,499.049
20_80M_18F,Scombridae,Scomberomorus,spp,1,460.387
20_80M_18N,Scombridae,Scomberomorus,spp,1,445.338
20_80M_18N,Scombridae,Scomberomorus,spp,1,482.783
20_80M_19F,Scombridae,Scomberomorus,spp,1,561.673
20_80M_19F,Scombridae,Scomberomorus,spp,1,514.28
20_80M_19N,Scombridae,Scomberomorus,spp,1,416.807
20_80M_19N,Scombridae,Scomberomorus,spp,1,377.833
20_80M_1F,Scombridae,Scomberomorus,spp,1,447.014
20_80M_1F,Scombridae,Scomberomorus,spp,1,503.127
20_80M_1F,Scombridae,Scomberomorus,spp,1,557.925
20_80M_1N,Scombridae,Scomberomorus,spp,1,383.613
20_80M_20F,Scombridae,Scomberomorus,spp,1,545.309
20_80M_20F,Scombridae,Scomberomorus,spp,1,397.856
20_80M_20N,Scombridae,Scomberomorus,spp,1,597.572
20_80M_20N,Scombridae,Scomberomorus,spp,1,596.004
20_80M_20N,Scombridae,Scomberomorus,spp,1,521.908
20_80M_20N,Scombridae,Scomberomorus,spp,1,433.992
20_80M_20N,Scombridae,Scomberomorus,spp,1,535.662
20_80M_21F,Scombridae,Scomberomorus,spp,1,564.51
20_80M_21F,Scombridae,Scomberomorus,spp,1,445.68
20_80M_21F,Scombridae,Scomberomorus,spp,1,498.179
20_80M_22N,Scombridae,Scomberomorus,spp,1,372.124
20_80M_22N,Scombridae,Scomberomorus,spp,1,380.564
20_80M_22N,Scombridae,Scomberomorus,spp,1,409.306
20_80M_22N,Scombridae,Scomberomorus,spp,1,443.843
20_80M_23F,Scombridae,Scomberomorus,spp,1,541.518
20_80M_23N,Scombridae,Scomberomorus,spp,1,402.866
20_80M_23N,Scombridae,Scomberomorus,spp,1,443.878
20_80M_23N,Scombridae,Scomberomorus,spp,1,527.847
20_80M_24F,Scombridae,Scomberomorus,spp,1,609.203
20_80M_24F,Scombridae,Scomberomorus,spp,1,547.762
20_80M_24F,Scombridae,Scomberomorus,spp,1,552.846
20_80M_24F,Scombridae,Scomberomorus,spp,1,548.984
20_80M_24F,Scombridae,Scomberomorus,spp,1,620.513
20_80M_24N,Scombridae,Scomberomorus,spp,1,409.007
20_80M_24N,Scombridae,Scomberomorus,spp,1,543.642
20_80M_24N,Scombridae,Scomberomorus,spp,1,438.622
20_80M_24N,Scombridae,Scomberomorus,spp,1,456.746
20_80M_24N,Scombridae,Scomberomorus,spp,1,383.919
20_80M_24N,Scombridae,Scomberomorus,spp,1,450.383
20_80M_24N,Scombridae,Scomberomorus,spp,1,516.693
20_80M_25N,Scombridae,Scomberomorus,spp,1,359.618
20_80M_25N,Scombridae,Scomberomorus,spp,1,416.896
20_80M_25N,Scombridae,Scomberomorus,spp,1,418.505
20_80M_26F,Scombridae,Scomberomorus,spp,1,1307.675
20_80M_26N,Scombridae,Scomberomorus,spp,1,442.2
20_80M_26N,Scombridae,Scomberomorus,spp,1,431.625
20_80M_26N,Scombridae,Scomberomorus,spp,1,451.058
20_80M_26N,Scombridae,Scomberomorus,spp,1,462.964
20_80M_26N,Scombridae,Scomberomorus,spp,1,553.288
20_80M_27F,Scombridae,Scomberomorus,spp,1,504.83
20_80M_27F,Scombridae,Scomberomorus,spp,1,460.886
20_80M_27N,Scombridae,Scomberomorus,spp,1,578.931
20_80M_27N,Scombridae,Scomberomorus,spp,1,423.108
20_80M_27N,Scombridae,Scomberomorus,spp,1,449.992
20_80M_27N,Scombridae,Scomberomorus,spp,1,445.105
20_80M_27N,Scombridae,Scomberomorus,spp,1,408.982
20_80M_28N,Scombridae,Scomberomorus,spp,1,619.74
20_80M_28N,Scombridae,Scomberomorus,spp,1,596.059
20_80M_29F,Scombridae,Scomberomorus,spp,1,555.651
20_80M_29F,Scombridae,Scomberomorus,spp,1,490.177
20_80M_29N,Scombridae,Scomberomorus,spp,1,547.529
20_80M_29N,Scombridae,Scomberomorus,spp,1,398.568
20_80M_2F,Scombridae,Scomberomorus,spp,1,524.349
20_80M_2N,Scombridae,Scomberomorus,spp,1,576.575
20_80M_2N,Scombridae,Scomberomorus,spp,1,404.302
20_80M_2N,Scombridae,Scomberomorus,spp,1,463.794
20_80M_2N,Scombridae,Scomberomorus,spp,1,472.692
20_80M_30N,Scombridae,Scomberomorus,spp,1,448.339
20_80M_30N,Scombridae,Scomberomorus,spp,1,427.981
20_80M_31F,Scombridae,Scomberomorus,spp,1,406.338
20_80M_31F,Scombridae,Scomberomorus,spp,1,441.566
20_80M_31F,Scombridae,Scomberomorus,spp,1,562.696
20_80M_31F,Scombridae,Scomberomorus,spp,1,486.61
20_80M_31N,Scombridae,Scomberomorus,spp,1,464.213
20_80M_32F,Scombridae,Scomberomorus,spp,1,559.085
20_80M_32F,Scombridae,Scomberomorus,spp,1,587.536
20_80M_32F,Scombridae,Scomberomorus,spp,1,594.393
20_80M_32N,Scombridae,Scomberomorus,spp,1,456.796
20_80M_33F,Scombridae,Scomberomorus,spp,1,450.248
20_80M_33F,Scombridae,Scomberomorus,spp,1,504.076
20_80M_33N,Scombridae,Scomberomorus,spp,1,436.409
20_80M_34F,Scombridae,Scomberomorus,spp,1,446.917
20_80M_34N,Scombridae,Scomberomorus,spp,1,430.729
20_80M_34N,Scombridae,Scomberomorus,spp,1,597.142
20_80M_35F,Scombridae,Scomberomorus,spp,1,1107.993
20_80M_35N,Scombridae,Scomberomorus,spp,1,610.079
20_80M_36N,Scombridae,Scomberomorus,spp,1,527.729
20_80M_36N,Scombridae,Scomberomorus,spp,1,450.038
20_80M_37F,Scombridae,Scomberomorus,spp,1,529.442
20_80M_37F,Scombridae,Scomberomorus,spp,1,530.025
20_80M_37N,Scombridae,Scomberomorus,spp,1,588.83
20_80M_38F,Scombridae,Scomberomorus,spp,1,537.118
20_80M_38F,Scombridae,Scomberomorus,spp,1,523.558
20_80M_38N,Scombridae,Scomberomorus,spp,1,426.323
20_80M_39N,Scombridae,Scomberomorus,spp,1,436.04
20_80M_3F,Scombridae,Scomberomorus,spp,1,408.555
20_80M_3F,Scombridae,Scomberomorus,spp,1,513.892
20_80M_3N,Scombridae,Scomberomorus,spp,1,553.512
20_80M_3N,Scombridae,Scomberomorus,spp,1,422.011
20_80M_3N,Scombridae,Scomberomorus,spp,1,429.183
20_80M_3N,Scombridae,Scomberomorus,spp,1,514.704
20_80M_40N,Scombridae,Scomberomorus,spp,1,423.445
20_80M_40N,Scombridae,Scomberomorus,spp,1,396.779
20_80M_41F,Scombridae,Scomberomorus,spp,1,555.694
20_80M_41N,Scombridae,Scomberomorus,spp,1,526.206
20_80M_41N,Scombridae,Scomberomorus,spp,1,400.351
20_80M_42F,Scombridae,Scomberomorus,spp,1,588.67
20_80M_42F,Scombridae,Scomberomorus,spp,1,563.277
20_80M_42F,Scombridae,Scomberomorus,spp,1,540.609
20_80M_42N,Scombridae,Scomberomorus,spp,1,401.588
20_80M_42N,Scombridae,Scomberomorus,spp,1,461.252
20_80M_42N,Scombridae,Scomberomorus,spp,1,430.39
20_80M_43F,Scombridae,Scomberomorus,spp,1,631.436
20_80M_43F,Scombridae,Scomberomorus,spp,1,570.13
20_80M_43N,Scombridae,Scomberomorus,spp,1,428.184
20_80M_43N,Scombridae,Scomberomorus,spp,1,429.744
20_80M_43N,Scombridae,Scomberomorus,spp,1,418.624
20_80M_44F,Scombridae,Scomberomorus,spp,1,527.729
20_80M_44F,Scombridae,Scomberomorus,spp,1,562.286
20_80M_44N,Scombridae,Scomberomorus,spp,1,639.125
20_80M_44N,Scombridae,Scomberomorus,spp,1,446.216
20_80M_45F,Scombridae,Scomberomorus,spp,1,505.528
20_80M_45F,Scombridae,Scomberomorus,spp,1,620.087
20_80M_45F,Scombridae,Scomberomorus,spp,1,565.49
20_80M_45F,Scombridae,Scomberomorus,spp,1,471.059
20_80M_45F,Scombridae,Scomberomorus,spp,1,626.881
20_80M_45N,Scombridae,Scomberomorus,spp,1,381.015
20_80M_45N,Scombridae,Scomberomorus,spp,1,389.977
20_80M_45N,Scombridae,Scomberomorus,spp,1,433.41
20_80M_45N,Scombridae,Scomberomorus,spp,1,370.212
20_80M_45N,Scombridae,Scomberomorus,spp,1,373.114
20_80M_46F,Scombridae,Scomberomorus,spp,1,533.323
20_80M_46F,Scombridae,Scomberomorus,spp,1,445.587
20_80M_46F,Scombridae,Scomberomorus,spp,1,404.265
20_80M_46F,Scombridae,Scomberomorus,spp,1,453.796
20_80M_46N,Scombridae,Scomberomorus,spp,1,539.568
20_80M_46N,Scombridae,Scomberomorus,spp,1,525.066
20_80M_46N,Scombridae,Scomberomorus,spp,1,373.091
20_80M_47F,Scombridae,Scomberomorus,spp,1,485.52
20_80M_47F,Scombridae,Scomberomorus,spp,1,596.321
20_80M_47F,Scombridae,Scomberomorus,spp,1,516.697
20_80M_47N,Scombridae,Scomberomorus,spp,1,408.281
20_80M_47N,Scombridae,Scomberomorus,spp,1,436.42
20_80M_47N,Scombridae,Scomberomorus,spp,1,408.349
20_80M_47N,Scombridae,Scomberomorus,spp,1,383.497
20_80M_48F,Scombridae,Scomberomorus,spp,1,499.413
20_80M_48F,Scombridae,Scomberomorus,spp,1,460.203
20_80M_48F,Scombridae,Scomberomorus,spp,1,438.243
20_80M_48F,Scombridae,Scomberomorus,spp,1,441.626
20_80M_48N,Scombridae,Scomberomorus,spp,1,386.532
20_80M_48N,Scombridae,Scomberomorus,spp,1,505.233
20_80M_48N,Scombridae,Scomberomorus,spp,1,420.437
20_80M_48N,Scombridae,Scomberomorus,spp,1,440.059
20_80M_49F,Scombridae,Scomberomorus,spp,1,568.88
20_80M_49F,Scombridae,Scomberomorus,spp,1,437.241
20_80M_49N,Scombridae,Scomberomorus,spp,1,424.656
20_80M_49N,Scombridae,Scomberomorus,spp,1,365.844
20_80M_49N,Scombridae,Scomberomorus,spp,1,372.743
20_80M_49N,Scombridae,Scomberomorus,spp,1,353.139
20_80M_4F,Scombridae,Scomberomorus,spp,1,514.943
20_80M_4F,Scombridae,Scomberomorus,spp,1,430.122
20_80M_4F,Scombridae,Scomberomorus,spp,1,569.642
20_80M_4N,Scombridae,Scomberomorus,spp,1,440.741
20_80M_4N,Scombridae,Scomberomorus,spp,1,567.302
20_80M_50F,Scombridae,Scomberomorus,spp,1,402.39
20_80M_50F,Scombridae,Scomberomorus,spp,1,489.667
20_80M_50F,Scombridae,Scomberomorus,spp,1,525.112
20_80M_50F,Scombridae,Scomberomorus,spp,1,586.909
20_80M_50F,Scombridae,Scomberomorus,spp,1,484.901
20_80M_50F,Scombridae,Scomberomorus,spp,1,569.83
20_80M_50F,Scombridae,Scomberomorus,spp,1,446.014
20_80M_51F,Scombridae,Scomberomorus,spp,1,460.737
20_80M_51F,Scombridae,Scomberomorus,spp,1,452.611
20_80M_51F,Scombridae,Scomberomorus,spp,1,456.823
20_80M_51F,Scombridae,Scomberomorus,spp,1,580.182
20_80M_52F,Scombridae,Scomberomorus,spp,1,561.396
20_80M_52F,Scombridae,Scomberomorus,spp,1,455.513
20_80M_52F,Scombridae,Scomberomorus,spp,1,561.947
20_80M_52F,Scombridae,Scomberomorus,spp,1,586.096
20_80M_52N,Scombridae,Scomberomorus,spp,1,372.627
20_80M_53F,Scombridae,Scomberomorus,spp,1,552.399
20_80M_53F,Scombridae,Scomberomorus,spp,1,407.353
20_80M_53N,Scombridae,Scomberomorus,spp,1,361.846
20_80M_54F,Scombridae,Scomberomorus,spp,1,595.277
20_80M_54F,Scombridae,Scomberomorus,spp,1,521.131
20_80M_54F,Scombridae,Scomberomorus,spp,1,581.116
20_80M_54N,Scombridae,Scomberomorus,spp,1,436.38
20_80M_54N,Scombridae,Scomberomorus,spp,1,466.279
20_80M_54N,Scombridae,Scomberomorus,spp,1,456.119
20_80M_54N,Scombridae,Scomberomorus,spp,1,653.258
20_80M_55F,Scombridae,Scomberomorus,spp,1,432.566
20_80M_55F,Scombridae,Scomberomorus,spp,1,567.433
20_80M_55F,Scombridae,Scomberomorus,spp,1,515.978
20_80M_55N,Scombridae,Scomberomorus,spp,1,541.879
20_80M_55N,Scombridae,Scomberomorus,spp,1,508.515
20_80M_55N,Scombridae,Scomberomorus,spp,1,517.416
20_80M_55N,Scombridae,Scomberomorus,spp,1,567.155
20_80M_56F,Scombridae,Scomberomorus,spp,1,562.119
20_80M_56F,Scombridae,Scomberomorus,spp,1,622.763
20_80M_56F,Scombridae,Scomberomorus,spp,1,598.06
20_80M_56N,Scombridae,Scomberomorus,spp,1,498.726
20_80M_56N,Scombridae,Scomberomorus,spp,1,647.988
20_80M_56N,Scombridae,Scomberomorus,spp,1,624.075
20_80M_56N,Scombridae,Scomberomorus,spp,1,586.258
20_80M_57F,Scombridae,Scomberomorus,spp,1,462.881
20_80M_57F,Scombridae,Scomberomorus,spp,1,483.093
20_80M_57N,Scombridae,Scomberomorus,spp,1,452.013
20_80M_58F,Scombridae,Scomberomorus,spp,1,1052.117
20_80M_58F,Scombridae,Scomberomorus,spp,1,475.116
20_80M_58N,Scombridae,Scomberomorus,spp,1,566.2
20_80M_58N,Scombridae,Scomberomorus,spp,1,425.526
20_80M_59F,Scombridae,Scomberomorus,spp,1,428.562
20_80M_59F,Scombridae,Scomberomorus,spp,1,447.232
20_80M_59N,Scombridae,Scomberomorus,spp,1,595.706
20_80M_59N,Scombridae,Scomberomorus,spp,1,509.672
20_80M_59N,Scombridae,Scomberomorus,spp,1,559.672
20_80M_59N,Scombridae,Scomberomorus,spp,1,574.414
20_80M_5F,Scombridae,Scomberomorus,spp,1,552.467
20_80M_5N,Scombridae,Scomberomorus,spp,1,470.233
20_80M_5N,Scombridae,Scomberomorus,spp,1,445.862
20_80M_5N,Scombridae,Scomberomorus,spp,1,514.117
20_80M_5N,Scombridae,Scomberomorus,spp,1,599.958
20_80M_60F,Scombridae,Scomberomorus,spp,1,606.907
20_80M_60F,Scombridae,Scomberomorus,spp,1,491.369
20_80M_60F,Scombridae,Scomberomorus,spp,1,468.052
20_80M_60N,Scombridae,Scomberomorus,spp,1,525.644
20_80M_60N,Scombridae,Scomberomorus,spp,1,427.542
20_80M_60N,Scombridae,Scomberomorus,spp,1,509.83
20_80M_60N,Scombridae,Scomberomorus,spp,1,462.23
20_80M_61F,Scombridae,Scomberomorus,spp,1,433.823
20_80M_61F,Scombridae,Scomberomorus,spp,1,556.013
20_80M_61N,Scombridae,Scomberomorus,spp,1,549.248
20_80M_61N,Scombridae,Scomberomorus,spp,1,608.633
20_80M_61N,Scombridae,Scomberomorus,spp,1,526.09
20_80M_62F,Scombridae,Scomberomorus,spp,1,472.319
20_80M_62N,Scombridae,Scomberomorus,spp,1,513.038
20_80M_62N,Scombridae,Scomberomorus,spp,1,414.131
20_80M_62N,Scombridae,Scomberomorus,spp,1,441.832
20_80M_63F,Scombridae,Scomberomorus,spp,1,615.689
20_80M_63F,Scombridae,Scomberomorus,spp,1,417.494
20_80M_63F,Scombridae,Scomberomorus,spp,1,512.045
20_80M_63N,Scombridae,Scomberomorus,spp,1,453.395
20_80M_63N,Scombridae,Scomberomorus,spp,1,507.395
20_80M_63N,Scombridae,Scomberomorus,spp,1,471.299
20_80M_63N,Scombridae,Scomberomorus,spp,1,471.415
20_80M_64F,Scombridae,Scomberomorus,spp,1,559.503
20_80M_64F,Scombridae,Scomberomorus,spp,1,570.244
20_80M_64F,Scombridae,Scomberomorus,spp,1,374.965
20_80M_64N,Scombridae,Scomberomorus,spp,1,563.95
20_80M_64N,Scombridae,Scomberomorus,spp,1,580.763
20_80M_64N,Scombridae,Scomberomorus,spp,1,420.545
20_80M_65F,Scombridae,Scomberomorus,spp,1,594.765
20_80M_65F,Scombridae,Scomberomorus,spp,1,662.209
20_80M_65F,Scombridae,Scomberomorus,spp,1,607.697
20_80M_65F,Scombridae,Scomberomorus,spp,1,577.86
20_80M_65F,Scombridae,Scomberomorus,spp,1,783.231
20_80M_65F,Scombridae,Scomberomorus,spp,1,505.245
20_80M_65F,Scombridae,Scomberomorus,spp,1,578.952
20_80M_65N,Scombridae,Scomberomorus,spp,1,438.43
20_80M_65N,Scombridae,Scomberomorus,spp,1,406.975
20_80M_66F,Scombridae,Scomberomorus,spp,1,415.533
20_80M_66F,Scombridae,Scomberomorus,spp,1,406.678
20_80M_66N,Scombridae,Scomberomorus,spp,1,557.619
20_80M_66N,Scombridae,Scomberomorus,spp,1,506.241
20_80M_66N,Scombridae,Scomberomorus,spp,1,542.844
20_80M_67F,Scombridae,Scomberomorus,spp,1,588.597
20_80M_67F,Scombridae,Scomberomorus,spp,1,448.815
20_80M_68F,Scombridae,Scomberomorus,spp,1,577.621
20_80M_68F,Scombridae,Scomberomorus,spp,1,555.017
20_80M_68N,Scombridae,Scomberomorus,spp,1,409.039
20_80M_68N,Scombridae,Scomberomorus,spp,1,410.764
20_80M_68N,Scombridae,Scomberomorus,spp,1,450.543
20_80M_69F,Scombridae,Scomberomorus,spp,1,579.967
20_80M_69F,Scombridae,Scomberomorus,spp,1,558.055
20_80M_69F,Scombridae,Scomberomorus,spp,1,522.813
20_80M_69F,Scombridae,Scomberomorus,spp,1,392.622
20_80M_69N,Scombridae,Scomberomorus,spp,1,494.084
20_80M_6F,Scombridae,Scomberomorus,spp,1,413.022
20_80M_6F,Scombridae,Scomberomorus,spp,1,539.182
20_80M_6F,Scombridae,Scomberomorus,spp,1,505.083
20_80M_70F,Scombridae,Scomberomorus,spp,1,548.189
20_80M_70F,Scombridae,Scomberomorus,spp,1,535.942
20_80M_70F,Scombridae,Scomberomorus,spp,1,557.978
20_80M_70F,Scombridae,Scomberomorus,spp,1,489.37
20_80M_71F,Scombridae,Scomberomorus,spp,1,514.524
20_80M_71F,Scombridae,Scomberomorus,spp,1,489.771
20_80M_71F,Scombridae,Scomberomorus,spp,1,673.824
20_80M_71F,Scombridae,Scomberomorus,spp,1,486.727
20_80M_72F,Scombridae,Scomberomorus,spp,1,450.448
20_80M_72F,Scombridae,Scomberomorus,spp,1,595.536
20_80M_72F,Scombridae,Scomberomorus,spp,1,557.331
20_80M_72F,Scombridae,Scomberomorus,spp,1,498.374
20_80M_72N,Scombridae,Scomberomorus,spp,1,382.341
20_80M_74F,Scombridae,Scomberomorus,spp,1,538.008
20_80M_74F,Scombridae,Scomberomorus,spp,1,463.066
20_80M_74F,Scombridae,Scomberomorus,spp,1,608.671
20_80M_75F,Scombridae,Scomberomorus,spp,1,544.319
20_80M_75F,Scombridae,Scomberomorus,spp,1,668.622
20_80M_75F,Scombridae,Scomberomorus,spp,1,520.325
20_80M_75F,Scombridae,Scomberomorus,spp,1,425.958
20_80M_76F,Scombridae,Scomberomorus,spp,1,530.654
20_80M_77F,Scombridae,Scomberomorus,spp,1,446.556
20_80M_77F,Scombridae,Scomberomorus,spp,1,683.747
20_80M_77F,Scombridae,Scomberomorus,spp,1,558.547
20_80M_78F,Scombridae,Scomberomorus,spp,1,579.937
20_80M_78F,Scombridae,Scomberomorus,spp,1,578.851
20_80M_79F,Scombridae,Scomberomorus,spp,1,592.725
20_80M_79F,Scombridae,Scomberomorus,spp,1,542.008
20_80M_79F,Scombridae,Scomberomorus,spp,1,566.484
20_80M_7F,Scombridae,Scomberomorus,spp,1,568.163
20_80M_80F,Scombridae,Scomberomorus,spp,1,518.098
20_80M_80F,Scombridae,Scomberomorus,spp,1,479.545
20_80M_80F,Scombridae,Scomberomorus,spp,1,474.799
20_80M_81F,Scombridae,Scomberomorus,spp,1,592.957
20_80M_81F,Scombridae,Scomberomorus,spp,1,456.097
20_80M_82F,Scombridae,Scomberomorus,spp,1,566.645
20_80M_82F,Scombridae,Scomberomorus,spp,1,672.529
20_80M_82F,Scombridae,Scomberomorus,spp,1,501.036
20_80M_83F,Scombridae,Scomberomorus,spp,1,845.492
20_80M_83N,Scombridae,Scomberomorus,spp,1,423.85
20_80M_84F,Scombridae,Scomberomorus,spp,1,526.594
20_80M_84N,Scombridae,Scomberomorus,spp,1,403.93
20_80M_84N,Scombridae,Scomberomorus,spp,1,367.795
20_80M_85N,Scombridae,Scomberomorus,spp,1,455.457
20_80M_85N,Scombridae,Scomberomorus,spp,1,423.933
20_80M_86F,Scombridae,Scomberomorus,spp,1,584.124
20_80M_86F,Scombridae,Scomberomorus,spp,1,608.299
20_80M_87F,Scombridae,Scomberomorus,spp,1,569.525
20_80M_87N,Scombridae,Scomberomorus,spp,1,567.895
20_80M_87N,Scombridae,Scomberomorus,spp,1,596.042
20_80M_88F,Scombridae,Scomberomorus,spp,1,457.32
20_80M_88F,Scombridae,Scomberomorus,spp,1,571.814
20_80M_88N,Scombridae,Scomberomorus,spp,1,1210.944
20_80M_88N,Scombridae,Scomberomorus,spp,1,552.867
20_80M_88N,Scombridae,Scomberomorus,spp,1,442.122
20_80M_88N,Scombridae,Scomberomorus,spp,1,578.6
20_80M_88N,Scombridae,Scomberomorus,spp,1,489.171
20_80M_88N,Scombridae,Scomberomorus,spp,1,448.845
20_80M_89F,Scombridae,Scomberomorus,spp,1,531.905
20_80M_89F,Scombridae,Scomberomorus,spp,1,613.166
20_80M_89N,Scombridae,Scomberomorus,spp,1,526.151
20_80M_89N,Scombridae,Scomberomorus,spp,1,457.472
20_80M_89N,Scombridae,Scomberomorus,spp,1,573.08
20_80M_89N,Scombridae,Scomberomorus,spp,1,586.499
20_80M_8F,Scombridae,Scomberomorus,spp,1,437.191
20_80M_8F,Scombridae,Scomberomorus,spp,1,418.27
20_80M_8F,Scombridae,Scomberomorus,spp,1,412.952
20_80M_8F,Scombridae,Scomberomorus,spp,1,673.597
20_80M_90F,Scombridae,Scomberomorus,spp,1,574.98
20_80M_90N,Scombridae,Scomberomorus,spp,1,484.044
20_80M_90N,Scombridae,Scomberomorus,spp,1,492.572
20_80M_90N,Scombridae,Scomberomorus,spp,1,507.271
20_80M_90N,Scombridae,Scomberomorus,spp,1,353.266
20_80M_90N,Scombridae,Scomberomorus,spp,1,426.741
20_80M_90N,Scombridae,Scomberomorus,spp,1,422.649
20_80M_90N,Scombridae,Scomberomorus,spp,1,411.535
20_80M_90N,Scombridae,Scomberomorus,spp,1,432.198
20_80M_90N,Scombridae,Scomberomorus,spp,1,427.793
20_80M_90N,Scombridae,Scomberomorus,spp,1,500.547
20_80M_91N,Scombridae,Scomberomorus,spp,1,566.85
20_80M_91N,Scombridae,Scomberomorus,spp,1,564.309
20_80M_91N,Scombridae,Scomberomorus,spp,1,428.972
20_80M_92F,Scombridae,Scomberomorus,spp,1,514.65
20_80M_92F,Scombridae,Scomberomorus,spp,1,558.669
20_80M_92F,Scombridae,Scomberomorus,spp,1,582.035
20_80M_92F,Scombridae,Scomberomorus,spp,1,515.74
20_80M_92N,Scombridae,Scomberomorus,spp,1,225.294
20_80M_92N,Scombridae,Scomberomorus,spp,1,582.269
20_80M_93F,Scombridae,Scomberomorus,spp,1,567.703
20_80M_93F,Scombridae,Scomberomorus,spp,1,595.652
20_80M_93F,Scombridae,Scomberomorus,spp,1,638.443
20_80M_93N,Scombridae,Scomberomorus,spp,1,392.916
20_80M_93N,Scombridae,Scomberomorus,spp,1,381.385
20_80M_93N,Scombridae,Scomberomorus,spp,1,408.167
20_80M_94F,Scombridae,Scomberomorus,spp,1,561.304
20_80M_94F,Scombridae,Scomberomorus,spp,1,880.264
20_80M_94F,Scombridae,Scomberomorus,spp,1,460.51
20_80M_94F,Scombridae,Scomberomorus,spp,1,487.805
20_80M_95F,Scombridae,Scomberomorus,spp,1,527.581
20_80M_96F,Scombridae,Scomberomorus,spp,1,548.782
20_80M_96F,Scombridae,Scomberomorus,spp,1,547.978
20_80M_96F,Scombridae,Scomberomorus,spp,1,504.054
20_80M_96F,Scombridae,Scomberomorus,spp,1,487.959
20_80M_96N,Scombridae,Scomberomorus,spp,1,464.617
20_80M_97F,Scombridae,Scomberomorus,spp,1,533.949
20_80M_97F,Scombridae,Scomberomorus,spp,1,634.372
20_80M_97N,Scombridae,Scomberomorus,spp,1,560.578
20_80M_97N,Scombridae,Scomberomorus,spp,1,541.595
20_80M_98F,Scombridae,Scomberomorus,spp,1,462.465
20_80M_98F,Scombridae,Scomberomorus,spp,1,489.123
20_80M_98F,Scombridae,Scomberomorus,spp,1,487.507
20_80M_98N,Scombridae,Scomberomorus,spp,1,455.173
20_80M_98N,Scombridae,Scomberomorus,spp,1,511.134
20_80M_98N,Scombridae,Scomberomorus,spp,1,405.725
20_80M_99F,Scombridae,Scomberomorus,spp,1,471.278
20_80M_99N,Scombridae,Scomberomorus,spp,1,564.028
20_80M_9F,Scombridae,Scomberomorus,spp,1,512.01
20_80M_9F,Scombridae,Scomberomorus,spp,1,443.964
20_80M_9N,Scombridae,Scomberomorus,spp,1,603.236
20_80M_9N,Scombridae,Scomberomorus,spp,1,416.539
20_80M_9N,Scombridae,Scomberomorus,spp,1,600.121
20_80M_9N,Scombridae,Scomberomorus,spp,1,582.305
20_80M_115N,Scombridae,Thunnus,tonggol,1,778.52
20_80M_92F,Scombridae,Thunnus,spp,1,708.616
20_80M_14N,Serranidae,Cephalopholis,argus,1,143.282
20_80M_111N,Serranidae,Cephalopholis,boenak,1,155.278
20_80M_11F,Serranidae,Cephalopholis,boenak,1,133.02
20_80M_128N,Serranidae,Cephalopholis,boenak,1,100.69
20_80M_28N,Serranidae,Cephalopholis,boenak,1,119.287
20_80M_28N,Serranidae,Cephalopholis,boenak,1,135.281
20_80M_28N,Serranidae,Cephalopholis,boenak,1,157.173
20_80M_29N,Serranidae,Cephalopholis,boenak,1,160.522
20_80M_55F,Serranidae,Cephalopholis,boenak,1,129.298
20_80M_62F,Serranidae,Cephalopholis,boenak,1,129.878
20_80M_40F,Serranidae,Cephalopholis,spiloparaea,1,94.654
20_80M_100N,Serranidae,Epinephelus,bilobatus,1,164.755
20_80M_101F,Serranidae,Epinephelus,bilobatus,1,135.811
20_80M_101F,Serranidae,Epinephelus,bilobatus,1,108.933
20_80M_101N,Serranidae,Epinephelus,bilobatus,1,189.765
20_80M_101N,Serranidae,Epinephelus,bilobatus,1,174.201
20_80M_101N,Serranidae,Epinephelus,bilobatus,1,225.73
20_80M_102F,Serranidae,Epinephelus,bilobatus,1,217.022
20_80M_102F,Serranidae,Epinephelus,bilobatus,1,210.127
20_80M_103F,Serranidae,Epinephelus,bilobatus,1,222.779
20_80M_104N,Serranidae,Epinephelus,bilobatus,1,191.6
20_80M_104N,Serranidae,Epinephelus,bilobatus,1,163.309
20_80M_105N,Serranidae,Epinephelus,bilobatus,1,246.803
20_80M_105N,Serranidae,Epinephelus,bilobatus,1,203.699
20_80M_105N,Serranidae,Epinephelus,bilobatus,1,189.258
20_80M_105N,Serranidae,Epinephelus,bilobatus,1,245.914
20_80M_106N,Serranidae,Epinephelus,bilobatus,1,182.036
20_80M_106N,Serranidae,Epinephelus,bilobatus,1,168.834
20_80M_106N,Serranidae,Epinephelus,bilobatus,1,200.753
20_80M_106N,Serranidae,Epinephelus,bilobatus,1,220.362
20_80M_106N,Serranidae,Epinephelus,bilobatus,1,175.514
20_80M_10F,Serranidae,Epinephelus,bilobatus,1,153.703
20_80M_10N,Serranidae,Epinephelus,bilobatus,1,216.598
20_80M_10N,Serranidae,Epinephelus,bilobatus,1,199.643
20_80M_110N,Serranidae,Epinephelus,bilobatus,1,224.739
20_80M_111N,Serranidae,Epinephelus,bilobatus,1,152.676
20_80M_111N,Serranidae,Epinephelus,bilobatus,1,201.45
20_80M_111N,Serranidae,Epinephelus,bilobatus,1,184.002
20_80M_112N,Serranidae,Epinephelus,bilobatus,1,232.31
20_80M_112N,Serranidae,Epinephelus,bilobatus,1,222.931
20_80M_112N,Serranidae,Epinephelus,bilobatus,1,244.673
20_80M_112N,Serranidae,Epinephelus,bilobatus,1,276.359
20_80M_112N,Serranidae,Epinephelus,bilobatus,1,223.051
20_80M_112N,Serranidae,Epinephelus,bilobatus,1,233.725
20_80M_112N,Serranidae,Epinephelus,bilobatus,1,265.106
20_80M_114N,Serranidae,Epinephelus,bilobatus,1,259.089
20_80M_114N,Serranidae,Epinephelus,bilobatus,1,241.941
20_80M_114N,Serranidae,Epinephelus,bilobatus,1,231.52
20_80M_114N,Serranidae,Epinephelus,bilobatus,1,239.337
20_80M_115N,Serranidae,Epinephelus,bilobatus,1,95.147
20_80M_115N,Serranidae,Epinephelus,bilobatus,1,294.624
20_80M_116N,Serranidae,Epinephelus,bilobatus,1,224.196
20_80M_116N,Serranidae,Epinephelus,bilobatus,1,280.544
20_80M_116N,Serranidae,Epinephelus,bilobatus,1,194.15
20_80M_116N,Serranidae,Epinephelus,bilobatus,1,229.759
20_80M_118N,Serranidae,Epinephelus,bilobatus,1,302.209
20_80M_118N,Serranidae,Epinephelus,bilobatus,1,293.872
20_80M_118N,Serranidae,Epinephelus,bilobatus,1,275.937
20_80M_118N,Serranidae,Epinephelus,bilobatus,1,273.431
20_80M_118N,Serranidae,Epinephelus,bilobatus,1,312.353
20_80M_118N,Serranidae,Epinephelus,bilobatus,1,304.111
20_80M_118N,Serranidae,Epinephelus,bilobatus,1,270.34
20_80M_118N,Serranidae,Epinephelus,bilobatus,1,291.283
20_80M_118N,Serranidae,Epinephelus,bilobatus,1,258.955
20_80M_118N,Serranidae,Epinephelus,bilobatus,1,274.153
20_80M_119N,Serranidae,Epinephelus,bilobatus,1,286.317
20_80M_119N,Serranidae,Epinephelus,bilobatus,1,272.591
20_80M_119N,Serranidae,Epinephelus,bilobatus,1,265.504
20_80M_119N,Serranidae,Epinephelus,bilobatus,1,288.498
20_80M_119N,Serranidae,Epinephelus,bilobatus,1,284.212
20_80M_119N,Serranidae,Epinephelus,bilobatus,1,278.586
20_80M_120N,Serranidae,Epinephelus,bilobatus,1,278.81
20_80M_120N,Serranidae,Epinephelus,bilobatus,1,285.762
20_80M_121N,Serranidae,Epinephelus,bilobatus,1,277.974
20_80M_121N,Serranidae,Epinephelus,bilobatus,1,299.713
20_80M_121N,Serranidae,Epinephelus,bilobatus,1,311.309
20_80M_121N,Serranidae,Epinephelus,bilobatus,1,267.657
20_80M_121N,Serranidae,Epinephelus,bilobatus,1,249.527
20_80M_121N,Serranidae,Epinephelus,bilobatus,1,271.687
20_80M_121N,Serranidae,Epinephelus,bilobatus,1,280.979
20_80M_122N,Serranidae,Epinephelus,bilobatus,1,117.097
20_80M_123N,Serranidae,Epinephelus,bilobatus,1,232.413
20_80M_123N,Serranidae,Epinephelus,bilobatus,1,247.978
20_80M_123N,Serranidae,Epinephelus,bilobatus,1,264.991
20_80M_123N,Serranidae,Epinephelus,bilobatus,1,232.869
20_80M_123N,Serranidae,Epinephelus,bilobatus,1,279.199
20_80M_123N,Serranidae,Epinephelus,bilobatus,1,224.494
20_80M_125N,Serranidae,Epinephelus,bilobatus,1,187.298
20_80M_125N,Serranidae,Epinephelus,bilobatus,1,240.415
20_80M_125N,Serranidae,Epinephelus,bilobatus,1,237.382
20_80M_125N,Serranidae,Epinephelus,bilobatus,1,222.38
20_80M_127N,Serranidae,Epinephelus,bilobatus,1,175.331
20_80M_128N,Serranidae,Epinephelus,bilobatus,1,147.315
20_80M_129N,Serranidae,Epinephelus,bilobatus,1,79.019
20_80M_129N,Serranidae,Epinephelus,bilobatus,1,140.303
20_80M_12F,Serranidae,Epinephelus,bilobatus,1,70.109
20_80M_12F,Serranidae,Epinephelus,bilobatus,1,191.102
20_80M_130N,Serranidae,Epinephelus,bilobatus,1,191.434
20_80M_133N,Serranidae,Epinephelus,bilobatus,1,319.33
20_80M_133N,Serranidae,Epinephelus,bilobatus,1,289.59
20_80M_13F,Serranidae,Epinephelus,bilobatus,1,177.144
20_80M_13F,Serranidae,Epinephelus,bilobatus,1,228.838
20_80M_13F,Serranidae,Epinephelus,bilobatus,1,210.835
20_80M_14F,Serranidae,Epinephelus,bilobatus,1,236.899
20_80M_14F,Serranidae,Epinephelus,bilobatus,1,247.801
20_80M_14F,Serranidae,Epinephelus,bilobatus,1,235.149
20_80M_14F,Serranidae,Epinephelus,bilobatus,1,240.753
20_80M_14F,Serranidae,Epinephelus,bilobatus,1,232.589
20_80M_14F,Serranidae,Epinephelus,bilobatus,1,208.346
20_80M_14F,Serranidae,Epinephelus,bilobatus,1,221.51
20_80M_14N,Serranidae,Epinephelus,bilobatus,1,120.225
20_80M_14N,Serranidae,Epinephelus,bilobatus,1,229.213
20_80M_14N,Serranidae,Epinephelus,bilobatus,1,208.866
20_80M_15F,Serranidae,Epinephelus,bilobatus,1,207.407
20_80M_15F,Serranidae,Epinephelus,bilobatus,1,227.517
20_80M_16F,Serranidae,Epinephelus,bilobatus,1,241.255
20_80M_16F,Serranidae,Epinephelus,bilobatus,1,221.769
20_80M_17F,Serranidae,Epinephelus,bilobatus,1,250.005
20_80M_17F,Serranidae,Epinephelus,bilobatus,1,245.961
20_80M_17F,Serranidae,Epinephelus,bilobatus,1,281.578
20_80M_17F,Serranidae,Epinephelus,bilobatus,1,295.704
20_80M_18F,Serranidae,Epinephelus,bilobatus,1,250.057
20_80M_18F,Serranidae,Epinephelus,bilobatus,1,246.546
20_80M_18F,Serranidae,Epinephelus,bilobatus,1,260.022
20_80M_19F,Serranidae,Epinephelus,bilobatus,1,209.251
20_80M_19F,Serranidae,Epinephelus,bilobatus,1,165.229
20_80M_20F,Serranidae,Epinephelus,bilobatus,1,226.237
20_80M_20F,Serranidae,Epinephelus,bilobatus,1,216.787
20_80M_21F,Serranidae,Epinephelus,bilobatus,1,221.503
20_80M_21F,Serranidae,Epinephelus,bilobatus,1,182.315
20_80M_22F,Serranidae,Epinephelus,bilobatus,1,256.995
20_80M_22F,Serranidae,Epinephelus,bilobatus,1,266.116
20_80M_22F,Serranidae,Epinephelus,bilobatus,1,224.585
20_80M_22F,Serranidae,Epinephelus,bilobatus,1,235.862
20_80M_22F,Serranidae,Epinephelus,bilobatus,1,184.647
20_80M_23F,Serranidae,Epinephelus,bilobatus,1,185.788
20_80M_23F,Serranidae,Epinephelus,bilobatus,1,200.694
20_80M_24F,Serranidae,Epinephelus,bilobatus,1,192.754
20_80M_24N,Serranidae,Epinephelus,bilobatus,1,184.669
20_80M_26F,Serranidae,Epinephelus,bilobatus,1,182.334
20_80M_26F,Serranidae,Epinephelus,bilobatus,1,204.737
20_80M_26N,Serranidae,Epinephelus,bilobatus,1,219.689
20_80M_26N,Serranidae,Epinephelus,bilobatus,1,226.779
20_80M_26N,Serranidae,Epinephelus,bilobatus,1,216.628
20_80M_27F,Serranidae,Epinephelus,bilobatus,1,241.64
20_80M_27F,Serranidae,Epinephelus,bilobatus,1,242.172
20_80M_27F,Serranidae,Epinephelus,bilobatus,1,234.272
20_80M_27F,Serranidae,Epinephelus,bilobatus,1,285.238
20_80M_27F,Serranidae,Epinephelus,bilobatus,1,238.779
20_80M_27N,Serranidae,Epinephelus,bilobatus,1,210.57
20_80M_28N,Serranidae,Epinephelus,bilobatus,1,202.193
20_80M_28N,Serranidae,Epinephelus,bilobatus,1,201.691
20_80M_28N,Serranidae,Epinephelus,bilobatus,1,221.865
20_80M_28N,Serranidae,Epinephelus,bilobatus,1,180.606
20_80M_29N,Serranidae,Epinephelus,bilobatus,1,244.346
20_80M_2F,Serranidae,Epinephelus,bilobatus,1,212.342
20_80M_2F,Serranidae,Epinephelus,bilobatus,1,234.015
20_80M_2F,Serranidae,Epinephelus,bilobatus,1,175.598
20_80M_2F,Serranidae,Epinephelus,bilobatus,1,241.231
20_80M_2F,Serranidae,Epinephelus,bilobatus,1,204.176
20_80M_2F,Serranidae,Epinephelus,bilobatus,1,256.457
20_80M_2F,Serranidae,Epinephelus,bilobatus,1,204.579
20_80M_31F,Serranidae,Epinephelus,bilobatus,1,240.472
20_80M_31F,Serranidae,Epinephelus,bilobatus,1,264.776
20_80M_31F,Serranidae,Epinephelus,bilobatus,1,221.744
20_80M_31F,Serranidae,Epinephelus,bilobatus,1,242.976
20_80M_31F,Serranidae,Epinephelus,bilobatus,1,253.783
20_80M_31F,Serranidae,Epinephelus,bilobatus,1,246.834
20_80M_32F,Serranidae,Epinephelus,bilobatus,1,204.992
20_80M_32F,Serranidae,Epinephelus,bilobatus,1,127.334
20_80M_32F,Serranidae,Epinephelus,bilobatus,1,183.796
20_80M_33F,Serranidae,Epinephelus,bilobatus,1,196.328
20_80M_33F,Serranidae,Epinephelus,bilobatus,1,231.369
20_80M_33F,Serranidae,Epinephelus,bilobatus,1,232.329
20_80M_33F,Serranidae,Epinephelus,bilobatus,1,195.54
20_80M_33N,Serranidae,Epinephelus,bilobatus,1,257.573
20_80M_34F,Serranidae,Epinephelus,bilobatus,1,265.79
20_80M_34F,Serranidae,Epinephelus,bilobatus,1,289.127
20_80M_34F,Serranidae,Epinephelus,bilobatus,1,279.423
20_80M_34F,Serranidae,Epinephelus,bilobatus,1,246.457
20_80M_34F,Serranidae,Epinephelus,bilobatus,1,205.662
20_80M_34F,Serranidae,Epinephelus,bilobatus,1,273.869
20_80M_35F,Serranidae,Epinephelus,bilobatus,1,255.762
20_80M_35F,Serranidae,Epinephelus,bilobatus,1,230.802
20_80M_35F,Serranidae,Epinephelus,bilobatus,1,266.894
20_80M_35F,Serranidae,Epinephelus,bilobatus,1,223.975
20_80M_35F,Serranidae,Epinephelus,bilobatus,1,252.641
20_80M_35F,Serranidae,Epinephelus,bilobatus,1,290.076
20_80M_35F,Serranidae,Epinephelus,bilobatus,1,283.557
20_80M_35N,Serranidae,Epinephelus,bilobatus,1,210.933
20_80M_35N,Serranidae,Epinephelus,bilobatus,1,235.577
20_80M_35N,Serranidae,Epinephelus,bilobatus,1,211.025
20_80M_36F,Serranidae,Epinephelus,bilobatus,1,233.678
20_80M_36F,Serranidae,Epinephelus,bilobatus,1,241.829
20_80M_36N,Serranidae,Epinephelus,bilobatus,1,220.572
20_80M_37F,Serranidae,Epinephelus,bilobatus,1,322.069
20_80M_37F,Serranidae,Epinephelus,bilobatus,1,299.184
20_80M_37F,Serranidae,Epinephelus,bilobatus,1,267.222
20_80M_37N,Serranidae,Epinephelus,bilobatus,1,305.954
20_80M_37N,Serranidae,Epinephelus,bilobatus,1,251.437
20_80M_39N,Serranidae,Epinephelus,bilobatus,1,220.622
20_80M_3F,Serranidae,Epinephelus,bilobatus,1,221.984
20_80M_3F,Serranidae,Epinephelus,bilobatus,1,224.605
20_80M_3N,Serranidae,Epinephelus,bilobatus,1,97.684
20_80M_40F,Serranidae,Epinephelus,bilobatus,1,357.02
20_80M_41F,Serranidae,Epinephelus,bilobatus,1,280.36
20_80M_41F,Serranidae,Epinephelus,bilobatus,1,318.967
20_80M_41F,Serranidae,Epinephelus,bilobatus,1,248.655
20_80M_41F,Serranidae,Epinephelus,bilobatus,1,277.951
20_80M_41F,Serranidae,Epinephelus,bilobatus,1,267.681
20_80M_41F,Serranidae,Epinephelus,bilobatus,1,273.552
20_80M_41F,Serranidae,Epinephelus,bilobatus,1,290.42
20_80M_41F,Serranidae,Epinephelus,bilobatus,1,255.553
20_80M_41F,Serranidae,Epinephelus,bilobatus,1,280.529
20_80M_41F,Serranidae,Epinephelus,bilobatus,1,308.504
20_80M_42F,Serranidae,Epinephelus,bilobatus,1,264.743
20_80M_43F,Serranidae,Epinephelus,bilobatus,1,336.103
20_80M_43F,Serranidae,Epinephelus,bilobatus,1,274.933
20_80M_43F,Serranidae,Epinephelus,bilobatus,1,320.262
20_80M_43F,Serranidae,Epinephelus,bilobatus,1,331.158
20_80M_43F,Serranidae,Epinephelus,bilobatus,1,252.511
20_80M_43F,Serranidae,Epinephelus,bilobatus,1,266.457
20_80M_43F,Serranidae,Epinephelus,bilobatus,1,310.231
20_80M_44F,Serranidae,Epinephelus,bilobatus,1,215.727
20_80M_45F,Serranidae,Epinephelus,bilobatus,1,253.076
20_80M_46F,Serranidae,Epinephelus,bilobatus,1,275.499
20_80M_46F,Serranidae,Epinephelus,bilobatus,1,301.98
20_80M_46F,Serranidae,Epinephelus,bilobatus,1,281.633
20_80M_46F,Serranidae,Epinephelus,bilobatus,1,263.703
20_80M_46F,Serranidae,Epinephelus,bilobatus,1,254.416
20_80M_49F,Serranidae,Epinephelus,bilobatus,1,233.917
20_80M_49F,Serranidae,Epinephelus,bilobatus,1,118.668
20_80M_49F,Serranidae,Epinephelus,bilobatus,1,193.65
20_80M_4F,Serranidae,Epinephelus,bilobatus,1,200.784
20_80M_4F,Serranidae,Epinephelus,bilobatus,1,184.662
20_80M_50F,Serranidae,Epinephelus,bilobatus,1,213.402
20_80M_50F,Serranidae,Epinephelus,bilobatus,1,156.392
20_80M_50F,Serranidae,Epinephelus,bilobatus,1,189.119
20_80M_51F,Serranidae,Epinephelus,bilobatus,1,142.267
20_80M_52F,Serranidae,Epinephelus,bilobatus,1,161.805
20_80M_53F,Serranidae,Epinephelus,bilobatus,1,209.763
20_80M_54F,Serranidae,Epinephelus,bilobatus,1,224.781
20_80M_54N,Serranidae,Epinephelus,bilobatus,1,207.372
20_80M_55F,Serranidae,Epinephelus,bilobatus,1,237.563
20_80M_55N,Serranidae,Epinephelus,bilobatus,1,196.572
20_80M_55N,Serranidae,Epinephelus,bilobatus,1,183.148
20_80M_56F,Serranidae,Epinephelus,bilobatus,1,166.618
20_80M_57N,Serranidae,Epinephelus,bilobatus,1,166.024
20_80M_58F,Serranidae,Epinephelus,bilobatus,1,280.917
20_80M_58F,Serranidae,Epinephelus,bilobatus,1,257.628
20_80M_58F,Serranidae,Epinephelus,bilobatus,1,242.05
20_80M_58F,Serranidae,Epinephelus,bilobatus,1,225.302
20_80M_58F,Serranidae,Epinephelus,bilobatus,1,285.981
20_80M_58F,Serranidae,Epinephelus,bilobatus,1,265.891
20_80M_59F,Serranidae,Epinephelus,bilobatus,1,255.428
20_80M_59F,Serranidae,Epinephelus,bilobatus,1,202.95
20_80M_5F,Serranidae,Epinephelus,bilobatus,1,250.499
20_80M_5F,Serranidae,Epinephelus,bilobatus,1,257.567
20_80M_5F,Serranidae,Epinephelus,bilobatus,1,253.032
20_80M_5F,Serranidae,Epinephelus,bilobatus,1,243.122
20_80M_5F,Serranidae,Epinephelus,bilobatus,1,234.318
20_80M_5F,Serranidae,Epinephelus,bilobatus,1,239.157
20_80M_5F,Serranidae,Epinephelus,bilobatus,1,264.665
20_80M_5F,Serranidae,Epinephelus,bilobatus,1,258.397
20_80M_5F,Serranidae,Epinephelus,bilobatus,1,260.152
20_80M_5N,Serranidae,Epinephelus,bilobatus,1,193.578
20_80M_60F,Serranidae,Epinephelus,bilobatus,1,218.537
20_80M_60F,Serranidae,Epinephelus,bilobatus,1,183.084
20_80M_60N,Serranidae,Epinephelus,bilobatus,1,163.329
20_80M_60N,Serranidae,Epinephelus,bilobatus,1,234.748
20_80M_60N,Serranidae,Epinephelus,bilobatus,1,166.528
20_80M_60N,Serranidae,Epinephelus,bilobatus,1,227.257
20_80M_61F,Serranidae,Epinephelus,bilobatus,1,193.606
20_80M_61F,Serranidae,Epinephelus,bilobatus,1,228.291
20_80M_61F,Serranidae,Epinephelus,bilobatus,1,159.282
20_80M_61F,Serranidae,Epinephelus,bilobatus,1,193.411
20_80M_61F,Serranidae,Epinephelus,bilobatus,1,209.181
20_80M_61F,Serranidae,Epinephelus,bilobatus,1,215.853
20_80M_62F,Serranidae,Epinephelus,bilobatus,1,171.921
20_80M_63F,Serranidae,Epinephelus,bilobatus,1,317.246
20_80M_63F,Serranidae,Epinephelus,bilobatus,1,296.114
20_80M_63F,Serranidae,Epinephelus,bilobatus,1,294.676
20_80M_64F,Serranidae,Epinephelus,bilobatus,1,325.895
20_80M_64F,Serranidae,Epinephelus,bilobatus,1,314.287
20_80M_64F,Serranidae,Epinephelus,bilobatus,1,287.722
20_80M_64F,Serranidae,Epinephelus,bilobatus,1,295.79
20_80M_64N,Serranidae,Epinephelus,bilobatus,1,260.077
20_80M_65N,Serranidae,Epinephelus,bilobatus,1,240.375
20_80M_65N,Serranidae,Epinephelus,bilobatus,1,244.024
20_80M_66F,Serranidae,Epinephelus,bilobatus,1,279.89
20_80M_66F,Serranidae,Epinephelus,bilobatus,1,280.81
20_80M_66F,Serranidae,Epinephelus,bilobatus,1,290.937
20_80M_66F,Serranidae,Epinephelus,bilobatus,1,269.991
20_80M_66F,Serranidae,Epinephelus,bilobatus,1,255.315
20_80M_66N,Serranidae,Epinephelus,bilobatus,1,194.383
20_80M_67F,Serranidae,Epinephelus,bilobatus,1,267.144
20_80M_67F,Serranidae,Epinephelus,bilobatus,1,310.701
20_80M_67F,Serranidae,Epinephelus,bilobatus,1,266.887
20_80M_67F,Serranidae,Epinephelus,bilobatus,1,284.919
20_80M_6F,Serranidae,Epinephelus,bilobatus,1,265.895
20_80M_6F,Serranidae,Epinephelus,bilobatus,1,253.876
20_80M_6F,Serranidae,Epinephelus,bilobatus,1,303.513
20_80M_6F,Serranidae,Epinephelus,bilobatus,1,249.569
20_80M_6F,Serranidae,Epinephelus,bilobatus,1,272.486
20_80M_76F,Serranidae,Epinephelus,bilobatus,1,233.898
20_80M_76F,Serranidae,Epinephelus,bilobatus,1,235.031
20_80M_76F,Serranidae,Epinephelus,bilobatus,1,299.548
20_80M_77F,Serranidae,Epinephelus,bilobatus,1,260.056
20_80M_77F,Serranidae,Epinephelus,bilobatus,1,253.807
20_80M_77F,Serranidae,Epinephelus,bilobatus,1,257.124
20_80M_77F,Serranidae,Epinephelus,bilobatus,1,216.726
20_80M_78F,Serranidae,Epinephelus,bilobatus,1,232.305
20_80M_7F,Serranidae,Epinephelus,bilobatus,1,236.506
20_80M_7F,Serranidae,Epinephelus,bilobatus,1,253.488
20_80M_7F,Serranidae,Epinephelus,bilobatus,1,278.209
20_80M_7F,Serranidae,Epinephelus,bilobatus,1,243.19
20_80M_7F,Serranidae,Epinephelus,bilobatus,1,279.848
20_80M_7F,Serranidae,Epinephelus,bilobatus,1,241.702
20_80M_7F,Serranidae,Epinephelus,bilobatus,1,247.572
20_80M_7N,Serranidae,Epinephelus,bilobatus,1,191.302
20_80M_80F,Serranidae,Epinephelus,bilobatus,1,293.249
20_80M_80F,Serranidae,Epinephelus,bilobatus,1,272.731
20_80M_81F,Serranidae,Epinephelus,bilobatus,1,242.43
20_80M_82F,Serranidae,Epinephelus,bilobatus,1,220.237
20_80M_82F,Serranidae,Epinephelus,bilobatus,1,352.503
20_80M_83F,Serranidae,Epinephelus,bilobatus,1,317.098
20_80M_83F,Serranidae,Epinephelus,bilobatus,1,310.303
20_80M_84F,Serranidae,Epinephelus,bilobatus,1,96.642
20_80M_84F,Serranidae,Epinephelus,bilobatus,1,136.318
20_80M_84F,Serranidae,Epinephelus,bilobatus,1,106.298
20_80M_84F,Serranidae,Epinephelus,bilobatus,1,109.879
20_80M_84N,Serranidae,Epinephelus,bilobatus,1,173.069
20_80M_85F,Serranidae,Epinephelus,bilobatus,1,274.788
20_80M_85F,Serranidae,Epinephelus,bilobatus,1,332.033
20_80M_85F,Serranidae,Epinephelus,bilobatus,1,268.232
20_80M_85F,Serranidae,Epinephelus,bilobatus,1,321.398
20_80M_85N,Serranidae,Epinephelus,bilobatus,1,154.595
20_80M_85N,Serranidae,Epinephelus,bilobatus,1,176.988
20_80M_85N,Serranidae,Epinephelus,bilobatus,1,184.52
20_80M_87N,Serranidae,Epinephelus,bilobatus,1,193.882
20_80M_88N,Serranidae,Epinephelus,bilobatus,1,194.462
20_80M_88N,Serranidae,Epinephelus,bilobatus,1,200.175
20_80M_88N,Serranidae,Epinephelus,bilobatus,1,184.124
20_80M_88N,Serranidae,Epinephelus,bilobatus,1,228.374
20_80M_88N,Serranidae,Epinephelus,bilobatus,1,213.353
20_80M_89F,Serranidae,Epinephelus,bilobatus,1,306.823
20_80M_89F,Serranidae,Epinephelus,bilobatus,1,236.205
20_80M_89F,Serranidae,Epinephelus,bilobatus,1,261.065
20_80M_89F,Serranidae,Epinephelus,bilobatus,1,274.004
20_80M_89F,Serranidae,Epinephelus,bilobatus,1,274.335
20_80M_8F,Serranidae,Epinephelus,bilobatus,1,120.819
20_80M_90F,Serranidae,Epinephelus,bilobatus,1,254.818
20_80M_90F,Serranidae,Epinephelus,bilobatus,1,261.291
20_80M_90F,Serranidae,Epinephelus,bilobatus,1,281.123
20_80M_90F,Serranidae,Epinephelus,bilobatus,1,293.351
20_80M_90N,Serranidae,Epinephelus,bilobatus,1,188.309
20_80M_90N,Serranidae,Epinephelus,bilobatus,1,252.998
20_80M_90N,Serranidae,Epinephelus,bilobatus,1,198.818
20_80M_91N,Serranidae,Epinephelus,bilobatus,1,190.719
20_80M_91N,Serranidae,Epinephelus,bilobatus,1,190.51
20_80M_92N,Serranidae,Epinephelus,bilobatus,1,131.125
20_80M_97F,Serranidae,Epinephelus,bilobatus,1,207.949
20_80M_97F,Serranidae,Epinephelus,bilobatus,1,234.834
20_80M_97F,Serranidae,Epinephelus,bilobatus,1,208.846
20_80M_97F,Serranidae,Epinephelus,bilobatus,1,235.437
20_80M_97F,Serranidae,Epinephelus,bilobatus,1,253.416
20_80M_98F,Serranidae,Epinephelus,bilobatus,1,284.854
20_80M_98F,Serranidae,Epinephelus,bilobatus,1,236.034
20_80M_98N,Serranidae,Epinephelus,bilobatus,1,127.215
20_80M_99N,Serranidae,Epinephelus,bilobatus,1,196.685
20_80M_9F,Serranidae,Epinephelus,bilobatus,1,135.386
20_80M_9F,Serranidae,Epinephelus,bilobatus,1,129.535
20_80M_9N,Serranidae,Epinephelus,bilobatus,1,229.458
20_80M_100N,Serranidae,Epinephelus,bleekeri,1,248.36
20_80M_105N,Serranidae,Epinephelus,bleekeri,1,245.602
20_80M_17F,Serranidae,Epinephelus,bleekeri,1,277.487
20_80M_17F,Serranidae,Epinephelus,bleekeri,1,234.872
20_80M_33N,Serranidae,Epinephelus,bleekeri,1,268.086
20_80M_35F,Serranidae,Epinephelus,bleekeri,1,309.018
20_80M_35N,Serranidae,Epinephelus,bleekeri,1,235.576
20_80M_37N,Serranidae,Epinephelus,bleekeri,1,228.086
20_80M_37N,Serranidae,Epinephelus,bleekeri,1,228.083
20_80M_37N,Serranidae,Epinephelus,bleekeri,1,279.032
20_80M_4N,Serranidae,Epinephelus,bleekeri,1,204.184
20_80M_5F,Serranidae,Epinephelus,bleekeri,1,284.988
20_80M_5F,Serranidae,Epinephelus,bleekeri,1,303.625
20_80M_5F,Serranidae,Epinephelus,bleekeri,1,264.963
20_80M_5N,Serranidae,Epinephelus,bleekeri,1,248.826
20_80M_63F,Serranidae,Epinephelus,bleekeri,1,308.321
20_80M_64F,Serranidae,Epinephelus,bleekeri,1,293.012
20_80M_66N,Serranidae,Epinephelus,bleekeri,1,242.271
20_80M_66N,Serranidae,Epinephelus,bleekeri,1,236.289
20_80M_66N,Serranidae,Epinephelus,bleekeri,1,217.972
20_80M_67N,Serranidae,Epinephelus,bleekeri,1,198.746
20_80M_7F,Serranidae,Epinephelus,bleekeri,1,286.74
20_80M_88F,Serranidae,Epinephelus,bleekeri,1,265.807
20_80M_91N,Serranidae,Epinephelus,bleekeri,1,273.649
20_80M_92N,Serranidae,Epinephelus,bleekeri,1,276.858
20_80M_99N,Serranidae,Epinephelus,bleekeri,1,294.91
20_80M_9N,Serranidae,Epinephelus,bleekeri,1,254.687
20_80M_115N,Serranidae,Epinephelus,coioides,1,374.126
20_80M_121N,Serranidae,Epinephelus,coioides,1,547.641
20_80M_133N,Serranidae,Epinephelus,coioides,1,649.8
20_80M_18F,Serranidae,Epinephelus,coioides,1,394.959
20_80M_33N,Serranidae,Epinephelus,coioides,1,918.85
20_80M_33N,Serranidae,Epinephelus,coioides,1,449.847
20_80M_34F,Serranidae,Epinephelus,coioides,1,490.203
20_80M_37F,Serranidae,Epinephelus,coioides,1,583.036
20_80M_37N,Serranidae,Epinephelus,coioides,1,479.542
20_80M_41F,Serranidae,Epinephelus,coioides,1,850.601
20_80M_64F,Serranidae,Epinephelus,coioides,1,822.712
20_80M_64F,Serranidae,Epinephelus,coioides,1,631.9
20_80M_64N,Serranidae,Epinephelus,coioides,1,290.568
20_80M_65N,Serranidae,Epinephelus,coioides,1,423.387
20_80M_65N,Serranidae,Epinephelus,coioides,1,457.739
20_80M_65N,Serranidae,Epinephelus,coioides,1,422.95
20_80M_66F,Serranidae,Epinephelus,coioides,1,756.516
20_80M_76F,Serranidae,Epinephelus,coioides,1,401.022
20_80M_7F,Serranidae,Epinephelus,coioides,1,472.583
20_80M_83F,Serranidae,Epinephelus,coioides,1,729.033
20_80M_86N,Serranidae,Epinephelus,coioides,1,675.031
20_80M_98N,Serranidae,Epinephelus,coioides,1,355.773
20_80M_34F,Serranidae,Epinephelus,fasciatus,1,271.446
20_80M_101N,Serranidae,Epinephelus,multinotatus,1,384.3
20_80M_101N,Serranidae,Epinephelus,multinotatus,1,489.585
20_80M_113N,Serranidae,Epinephelus,multinotatus,1,350.981
20_80M_121N,Serranidae,Epinephelus,multinotatus,1,336.884
20_80M_121N,Serranidae,Epinephelus,multinotatus,1,357.36
20_80M_123N,Serranidae,Epinephelus,multinotatus,1,370.151
20_80M_132N,Serranidae,Epinephelus,multinotatus,1,419.709
20_80M_133N,Serranidae,Epinephelus,multinotatus,1,315.677
20_80M_26N,Serranidae,Epinephelus,multinotatus,1,274.019
20_80M_26N,Serranidae,Epinephelus,multinotatus,1,390.834
20_80M_29N,Serranidae,Epinephelus,multinotatus,1,245.642
20_80M_29N,Serranidae,Epinephelus,multinotatus,1,350.664
20_80M_36F,Serranidae,Epinephelus,multinotatus,1,342.974
20_80M_36N,Serranidae,Epinephelus,multinotatus,1,384.635
20_80M_37F,Serranidae,Epinephelus,multinotatus,1,357.184
20_80M_37F,Serranidae,Epinephelus,multinotatus,1,339.68
20_80M_41F,Serranidae,Epinephelus,multinotatus,1,441.965
20_80M_58F,Serranidae,Epinephelus,multinotatus,1,178.954
20_80M_5F,Serranidae,Epinephelus,multinotatus,1,401.978
20_80M_5F,Serranidae,Epinephelus,multinotatus,1,311.716
20_80M_60N,Serranidae,Epinephelus,multinotatus,1,246.804
20_80M_61F,Serranidae,Epinephelus,multinotatus,1,245.457
20_80M_65N,Serranidae,Epinephelus,multinotatus,1,393.702
20_80M_87F,Serranidae,Epinephelus,multinotatus,1,303.839
20_80M_87F,Serranidae,Epinephelus,multinotatus,1,241.974
20_80M_87F,Serranidae,Epinephelus,multinotatus,1,291.551
20_80M_90N,Serranidae,Epinephelus,multinotatus,1,241.548
20_80M_9N,Serranidae,Epinephelus,multinotatus,1,462.585
20_80M_101N,Serranidae,Epinephelus,quoyanus,1,257.001
20_80M_103F,Serranidae,Epinephelus,quoyanus,1,232.318
20_80M_112N,Serranidae,Epinephelus,quoyanus,1,226.314
20_80M_112N,Serranidae,Epinephelus,quoyanus,1,367.02
20_80M_114N,Serranidae,Epinephelus,quoyanus,1,268.714
20_80M_128N,Serranidae,Epinephelus,quoyanus,1,266.481
20_80M_13N,Serranidae,Epinephelus,quoyanus,1,217.069
20_80M_14F,Serranidae,Epinephelus,quoyanus,1,231.395
20_80M_14F,Serranidae,Epinephelus,quoyanus,1,243.478
20_80M_14N,Serranidae,Epinephelus,quoyanus,1,210.732
20_80M_15F,Serranidae,Epinephelus,quoyanus,1,209.311
20_80M_16F,Serranidae,Epinephelus,quoyanus,1,275.94
20_80M_17F,Serranidae,Epinephelus,quoyanus,1,215.492
20_80M_18F,Serranidae,Epinephelus,quoyanus,1,290.093
20_80M_20F,Serranidae,Epinephelus,quoyanus,1,266.1
20_80M_22F,Serranidae,Epinephelus,quoyanus,1,255.595
20_80M_2F,Serranidae,Epinephelus,quoyanus,1,236.361
20_80M_2F,Serranidae,Epinephelus,quoyanus,1,212.735
20_80M_35N,Serranidae,Epinephelus,quoyanus,1,218.057
20_80M_36N,Serranidae,Epinephelus,quoyanus,1,303.647
20_80M_37N,Serranidae,Epinephelus,quoyanus,1,199.081
20_80M_55F,Serranidae,Epinephelus,quoyanus,1,179.594
20_80M_56N,Serranidae,Epinephelus,quoyanus,1,259.68
20_80M_5F,Serranidae,Epinephelus,quoyanus,1,243.903
20_80M_60N,Serranidae,Epinephelus,quoyanus,1,209.807
20_80M_66N,Serranidae,Epinephelus,quoyanus,1,225.407
20_80M_66N,Serranidae,Epinephelus,quoyanus,1,274.487
20_80M_84N,Serranidae,Epinephelus,quoyanus,1,179.805
20_80M_85F,Serranidae,Epinephelus,quoyanus,1,311.255
20_80M_97F,Serranidae,Epinephelus,quoyanus,1,237.873
20_80M_99N,Serranidae,Epinephelus,quoyanus,1,200.687
20_80M_23N,Serranidae,Epinephelus,sexfasciatus,1,188.346
20_80M_25N,Serranidae,Epinephelus,sexfasciatus,1,182.495
20_80M_92N,Serranidae,Epinephelus,sexfasciatus,1,212.748
20_80M_92N,Serranidae,Epinephelus,sexfasciatus,1,166.3
20_80M_112N,Serranidae,Plectropomus,spp,1,328.723
20_80M_118N,Serranidae,Plectropomus,spp,1,301.825
20_80M_121N,Serranidae,Plectropomus,spp,1,493.582
20_80M_121N,Serranidae,Plectropomus,spp,1,511.025
20_80M_123N,Serranidae,Plectropomus,spp,1,462.532
20_80M_128N,Serranidae,Plectropomus,spp,1,154.711
20_80M_130N,Serranidae,Plectropomus,spp,1,405.484
20_80M_132N,Serranidae,Plectropomus,spp,1,397.733
20_80M_132N,Serranidae,Plectropomus,spp,1,502.248
20_80M_133N,Serranidae,Plectropomus,spp,1,476.622
20_80M_17F,Serranidae,Plectropomus,spp,1,331.741
20_80M_18F,Serranidae,Plectropomus,spp,1,378.708
20_80M_18F,Serranidae,Plectropomus,spp,1,362.274
20_80M_18F,Serranidae,Plectropomus,spp,1,407.331
20_80M_18F,Serranidae,Plectropomus,spp,1,413.746
20_80M_22F,Serranidae,Plectropomus,spp,1,289.12
20_80M_23F,Serranidae,Plectropomus,spp,1,243.107
20_80M_27F,Serranidae,Plectropomus,spp,1,316.634
20_80M_2F,Serranidae,Plectropomus,spp,1,221.622
20_80M_33N,Serranidae,Plectropomus,spp,1,447.133
20_80M_34F,Serranidae,Plectropomus,spp,1,264.844
20_80M_34F,Serranidae,Plectropomus,spp,1,342.103
20_80M_35F,Serranidae,Plectropomus,spp,1,504.232
20_80M_35F,Serranidae,Plectropomus,spp,1,437.543
20_80M_36F,Serranidae,Plectropomus,spp,1,441.973
20_80M_37F,Serranidae,Plectropomus,spp,1,433.258
20_80M_37N,Serranidae,Plectropomus,spp,1,467.511
20_80M_41F,Serranidae,Plectropomus,spp,1,511.699
20_80M_41F,Serranidae,Plectropomus,spp,1,460.865
20_80M_41F,Serranidae,Plectropomus,spp,1,347.591
20_80M_43F,Serranidae,Plectropomus,spp,1,323.334
20_80M_43F,Serranidae,Plectropomus,spp,1,324.361
20_80M_58F,Serranidae,Plectropomus,spp,1,262.888
20_80M_5F,Serranidae,Plectropomus,spp,1,397.843
20_80M_5F,Serranidae,Plectropomus,spp,1,349.507
20_80M_61F,Serranidae,Plectropomus,spp,1,291.25
20_80M_64F,Serranidae,Plectropomus,spp,1,423.371
20_80M_64F,Serranidae,Plectropomus,spp,1,472.429
20_80M_64F,Serranidae,Plectropomus,spp,1,343.671
20_80M_64N,Serranidae,Plectropomus,spp,1,343.065
20_80M_66F,Serranidae,Plectropomus,spp,1,306.4
20_80M_67F,Serranidae,Plectropomus,spp,1,332.514
20_80M_6F,Serranidae,Plectropomus,spp,1,324.254
20_80M_77F,Serranidae,Plectropomus,spp,1,338.797
20_80M_7F,Serranidae,Plectropomus,spp,1,375.195
20_80M_7F,Serranidae,Plectropomus,spp,1,297.229
20_80M_80F,Serranidae,Plectropomus,spp,1,319.019
20_80M_80F,Serranidae,Plectropomus,spp,1,314.082
20_80M_83F,Serranidae,Plectropomus,spp,1,365.829
20_80M_85F,Serranidae,Plectropomus,spp,1,297.853
20_80M_85F,Serranidae,Plectropomus,spp,1,340.175
20_80M_88N,Serranidae,Plectropomus,spp,1,292.077
20_80M_89F,Serranidae,Plectropomus,spp,1,528.792
20_80M_90F,Serranidae,Plectropomus,spp,1,334.842
20_80M_90F,Serranidae,Plectropomus,spp,1,323.317
20_80M_97F,Serranidae,Plectropomus,spp,1,444.023
20_80M_9N,Serranidae,Plectropomus,spp,1,288.835
20_80M_100F,Siganidae,Siganus,canaliculatus,1,83.319
20_80M_100F,Siganidae,Siganus,canaliculatus,1,78.437
20_80M_100F,Siganidae,Siganus,canaliculatus,1,90.644
20_80M_100F,Siganidae,Siganus,canaliculatus,1,80.437
20_80M_100F,Siganidae,Siganus,canaliculatus,1,108.061
20_80M_101F,Siganidae,Siganus,canaliculatus,1,80.855
20_80M_101F,Siganidae,Siganus,canaliculatus,1,74.272
20_80M_101F,Siganidae,Siganus,canaliculatus,1,86.579
20_80M_103F,Siganidae,Siganus,canaliculatus,1,112.272
20_80M_103F,Siganidae,Siganus,canaliculatus,1,99.67
20_80M_103F,Siganidae,Siganus,canaliculatus,1,146.828
20_80M_103F,Siganidae,Siganus,canaliculatus,1,112.143
20_80M_103F,Siganidae,Siganus,canaliculatus,1,127.996
20_80M_103F,Siganidae,Siganus,canaliculatus,1,129.453
20_80M_103F,Siganidae,Siganus,canaliculatus,1,115.508
20_80M_103N,Siganidae,Siganus,canaliculatus,1,73.3
20_80M_103N,Siganidae,Siganus,canaliculatus,1,100.922
20_80M_104N,Siganidae,Siganus,canaliculatus,1,123.097
20_80M_104N,Siganidae,Siganus,canaliculatus,1,139.139
20_80M_104N,Siganidae,Siganus,canaliculatus,1,103.018
20_80M_106N,Siganidae,Siganus,canaliculatus,1,180.72
20_80M_10F,Siganidae,Siganus,canaliculatus,1,97.069
20_80M_10F,Siganidae,Siganus,canaliculatus,1,96.505
20_80M_10F,Siganidae,Siganus,canaliculatus,1,97.046
20_80M_110N,Siganidae,Siganus,canaliculatus,1,133.139
20_80M_110N,Siganidae,Siganus,canaliculatus,1,109.41
20_80M_111N,Siganidae,Siganus,canaliculatus,1,124.297
20_80M_111N,Siganidae,Siganus,canaliculatus,1,155.706
20_80M_111N,Siganidae,Siganus,canaliculatus,1,134.026
20_80M_111N,Siganidae,Siganus,canaliculatus,1,139.606
20_80M_111N,Siganidae,Siganus,canaliculatus,1,127.47
20_80M_111N,Siganidae,Siganus,canaliculatus,1,107.48
20_80M_111N,Siganidae,Siganus,canaliculatus,1,109.407
20_80M_111N,Siganidae,Siganus,canaliculatus,1,65.833
20_80M_111N,Siganidae,Siganus,canaliculatus,1,153.145
20_80M_111N,Siganidae,Siganus,canaliculatus,1,193.029
20_80M_111N,Siganidae,Siganus,canaliculatus,1,102.698
20_80M_112N,Siganidae,Siganus,canaliculatus,1,220.213
20_80M_112N,Siganidae,Siganus,canaliculatus,1,227.696
20_80M_112N,Siganidae,Siganus,canaliculatus,1,230.123
20_80M_112N,Siganidae,Siganus,canaliculatus,1,235.131
20_80M_112N,Siganidae,Siganus,canaliculatus,1,206.677
20_80M_112N,Siganidae,Siganus,canaliculatus,1,240.497
20_80M_116N,Siganidae,Siganus,canaliculatus,1,217.709
20_80M_116N,Siganidae,Siganus,canaliculatus,1,197.01
20_80M_116N,Siganidae,Siganus,canaliculatus,1,215.415
20_80M_118N,Siganidae,Siganus,canaliculatus,1,223.814
20_80M_118N,Siganidae,Siganus,canaliculatus,1,280.804
20_80M_118N,Siganidae,Siganus,canaliculatus,1,245.294
20_80M_118N,Siganidae,Siganus,canaliculatus,1,219.216
20_80M_118N,Siganidae,Siganus,canaliculatus,1,226.168
20_80M_118N,Siganidae,Siganus,canaliculatus,1,201.615
20_80M_11F,Siganidae,Siganus,canaliculatus,1,83.504
20_80M_11F,Siganidae,Siganus,canaliculatus,1,75.168
20_80M_11F,Siganidae,Siganus,canaliculatus,1,70.028
20_80M_11F,Siganidae,Siganus,canaliculatus,1,73.89
20_80M_11F,Siganidae,Siganus,canaliculatus,1,74.446
20_80M_11F,Siganidae,Siganus,canaliculatus,1,75.325
20_80M_11F,Siganidae,Siganus,canaliculatus,1,127.258
20_80M_11F,Siganidae,Siganus,canaliculatus,1,79.36
20_80M_11F,Siganidae,Siganus,canaliculatus,1,73.143
20_80M_11F,Siganidae,Siganus,canaliculatus,1,71.275
20_80M_11F,Siganidae,Siganus,canaliculatus,1,78.504
20_80M_11F,Siganidae,Siganus,canaliculatus,1,69.184
20_80M_11F,Siganidae,Siganus,canaliculatus,1,123.563
20_80M_11F,Siganidae,Siganus,canaliculatus,1,68.616
20_80M_11F,Siganidae,Siganus,canaliculatus,1,71.901
20_80M_11F,Siganidae,Siganus,canaliculatus,1,77.992
20_80M_11F,Siganidae,Siganus,canaliculatus,1,69.496
20_80M_11F,Siganidae,Siganus,canaliculatus,1,74.124
20_80M_11F,Siganidae,Siganus,canaliculatus,1,74.976
20_80M_11F,Siganidae,Siganus,canaliculatus,1,122.233
20_80M_120N,Siganidae,Siganus,canaliculatus,1,43.232
20_80M_121N,Siganidae,Siganus,canaliculatus,1,262.8
20_80M_121N,Siganidae,Siganus,canaliculatus,1,238.5
20_80M_121N,Siganidae,Siganus,canaliculatus,1,243.822
20_80M_121N,Siganidae,Siganus,canaliculatus,1,230.441
20_80M_121N,Siganidae,Siganus,canaliculatus,1,246.321
20_80M_123N,Siganidae,Siganus,canaliculatus,1,48.568
20_80M_123N,Siganidae,Siganus,canaliculatus,1,43.436
20_80M_123N,Siganidae,Siganus,canaliculatus,1,38.332
20_80M_123N,Siganidae,Siganus,canaliculatus,1,41.821
20_80M_123N,Siganidae,Siganus,canaliculatus,1,64.226
20_80M_123N,Siganidae,Siganus,canaliculatus,1,39.501
20_80M_123N,Siganidae,Siganus,canaliculatus,1,45.578
20_80M_123N,Siganidae,Siganus,canaliculatus,1,58.221
20_80M_123N,Siganidae,Siganus,canaliculatus,1,39.724
20_80M_123N,Siganidae,Siganus,canaliculatus,1,51.605
20_80M_123N,Siganidae,Siganus,canaliculatus,1,43.175
20_80M_123N,Siganidae,Siganus,canaliculatus,1,42.271
20_80M_123N,Siganidae,Siganus,canaliculatus,1,45.025
20_80M_123N,Siganidae,Siganus,canaliculatus,1,46.313
20_80M_123N,Siganidae,Siganus,canaliculatus,1,42.336
20_80M_125N,Siganidae,Siganus,canaliculatus,1,207.889
20_80M_125N,Siganidae,Siganus,canaliculatus,1,206.551
20_80M_125N,Siganidae,Siganus,canaliculatus,1,215.614
20_80M_125N,Siganidae,Siganus,canaliculatus,1,222.415
20_80M_125N,Siganidae,Siganus,canaliculatus,1,167.248
20_80M_125N,Siganidae,Siganus,canaliculatus,1,215.663
20_80M_127N,Siganidae,Siganus,canaliculatus,1,67.448
20_80M_127N,Siganidae,Siganus,canaliculatus,1,60.833
20_80M_127N,Siganidae,Siganus,canaliculatus,1,50.063
20_80M_127N,Siganidae,Siganus,canaliculatus,1,58.271
20_80M_128N,Siganidae,Siganus,canaliculatus,1,75.723
20_80M_128N,Siganidae,Siganus,canaliculatus,1,70.097
20_80M_128N,Siganidae,Siganus,canaliculatus,1,90.254
20_80M_128N,Siganidae,Siganus,canaliculatus,1,91.507
20_80M_128N,Siganidae,Siganus,canaliculatus,1,73.174
20_80M_128N,Siganidae,Siganus,canaliculatus,1,74.097
20_80M_128N,Siganidae,Siganus,canaliculatus,1,85.82
20_80M_128N,Siganidae,Siganus,canaliculatus,1,70.168
20_80M_128N,Siganidae,Siganus,canaliculatus,1,97.399
20_80M_128N,Siganidae,Siganus,canaliculatus,1,79.07
20_80M_128N,Siganidae,Siganus,canaliculatus,1,76.153
20_80M_128N,Siganidae,Siganus,canaliculatus,1,69.723
20_80M_128N,Siganidae,Siganus,canaliculatus,1,84.764
20_80M_128N,Siganidae,Siganus,canaliculatus,1,77.478
20_80M_128N,Siganidae,Siganus,canaliculatus,1,69.021
20_80M_128N,Siganidae,Siganus,canaliculatus,1,75.22
20_80M_128N,Siganidae,Siganus,canaliculatus,1,79.744
20_80M_128N,Siganidae,Siganus,canaliculatus,1,63.426
20_80M_128N,Siganidae,Siganus,canaliculatus,1,67.053
20_80M_128N,Siganidae,Siganus,canaliculatus,1,50.006
20_80M_128N,Siganidae,Siganus,canaliculatus,1,76.164
20_80M_128N,Siganidae,Siganus,canaliculatus,1,65.096
20_80M_128N,Siganidae,Siganus,canaliculatus,1,70.889
20_80M_128N,Siganidae,Siganus,canaliculatus,1,68.831
20_80M_128N,Siganidae,Siganus,canaliculatus,1,71.242
20_80M_128N,Siganidae,Siganus,canaliculatus,1,69.155
20_80M_128N,Siganidae,Siganus,canaliculatus,1,67.118
20_80M_128N,Siganidae,Siganus,canaliculatus,1,69.937
20_80M_128N,Siganidae,Siganus,canaliculatus,1,62.129
20_80M_128N,Siganidae,Siganus,canaliculatus,1,64.186
20_80M_128N,Siganidae,Siganus,canaliculatus,1,74.46
20_80M_128N,Siganidae,Siganus,canaliculatus,1,68.013
20_80M_128N,Siganidae,Siganus,canaliculatus,1,65.684
20_80M_128N,Siganidae,Siganus,canaliculatus,1,75.542
20_80M_128N,Siganidae,Siganus,canaliculatus,1,74.641
20_80M_128N,Siganidae,Siganus,canaliculatus,1,59.002
20_80M_128N,Siganidae,Siganus,canaliculatus,1,71.588
20_80M_128N,Siganidae,Siganus,canaliculatus,1,65.139
20_80M_129N,Siganidae,Siganus,canaliculatus,1,86.626
20_80M_129N,Siganidae,Siganus,canaliculatus,1,69.399
20_80M_129N,Siganidae,Siganus,canaliculatus,1,66.301
20_80M_129N,Siganidae,Siganus,canaliculatus,1,77.663
20_80M_129N,Siganidae,Siganus,canaliculatus,1,70.176
20_80M_12F,Siganidae,Siganus,canaliculatus,1,80.619
20_80M_12F,Siganidae,Siganus,canaliculatus,1,75.262
20_80M_12F,Siganidae,Siganus,canaliculatus,1,100.16
20_80M_12F,Siganidae,Siganus,canaliculatus,1,95.379
20_80M_132N,Siganidae,Siganus,canaliculatus,1,272.045
20_80M_132N,Siganidae,Siganus,canaliculatus,1,254.457
20_80M_132N,Siganidae,Siganus,canaliculatus,1,253.829
20_80M_13F,Siganidae,Siganus,canaliculatus,1,85.429
20_80M_13F,Siganidae,Siganus,canaliculatus,1,81.393
20_80M_13F,Siganidae,Siganus,canaliculatus,1,77.387
20_80M_13F,Siganidae,Siganus,canaliculatus,1,86.129
20_80M_13N,Siganidae,Siganus,canaliculatus,1,118.688
20_80M_13N,Siganidae,Siganus,canaliculatus,1,130.189
20_80M_13N,Siganidae,Siganus,canaliculatus,1,131.696
20_80M_13N,Siganidae,Siganus,canaliculatus,1,114.17
20_80M_14N,Siganidae,Siganus,canaliculatus,1,114.674
20_80M_14N,Siganidae,Siganus,canaliculatus,1,111.939
20_80M_15F,Siganidae,Siganus,canaliculatus,1,135.964
20_80M_15F,Siganidae,Siganus,canaliculatus,1,153.874
20_80M_15F,Siganidae,Siganus,canaliculatus,1,150.508
20_80M_16F,Siganidae,Siganus,canaliculatus,1,50.767
20_80M_16F,Siganidae,Siganus,canaliculatus,1,49.14
20_80M_16F,Siganidae,Siganus,canaliculatus,1,54.084
20_80M_16F,Siganidae,Siganus,canaliculatus,1,53.634
20_80M_16F,Siganidae,Siganus,canaliculatus,1,50.396
20_80M_16F,Siganidae,Siganus,canaliculatus,1,54.916
20_80M_16F,Siganidae,Siganus,canaliculatus,1,48.807
20_80M_17F,Siganidae,Siganus,canaliculatus,1,201.531
20_80M_17F,Siganidae,Siganus,canaliculatus,1,241.456
20_80M_17F,Siganidae,Siganus,canaliculatus,1,209.874
20_80M_17F,Siganidae,Siganus,canaliculatus,1,229.455
20_80M_17F,Siganidae,Siganus,canaliculatus,1,215.805
20_80M_17F,Siganidae,Siganus,canaliculatus,1,201.875
20_80M_17F,Siganidae,Siganus,canaliculatus,1,206.746
20_80M_18F,Siganidae,Siganus,canaliculatus,1,235.033
20_80M_18F,Siganidae,Siganus,canaliculatus,1,236.441
20_80M_18F,Siganidae,Siganus,canaliculatus,1,235.81
20_80M_18F,Siganidae,Siganus,canaliculatus,1,217.226
20_80M_18F,Siganidae,Siganus,canaliculatus,1,230.793
20_80M_19N,Siganidae,Siganus,canaliculatus,1,141.281
20_80M_19N,Siganidae,Siganus,canaliculatus,1,121.217
20_80M_19N,Siganidae,Siganus,canaliculatus,1,105.779
20_80M_19N,Siganidae,Siganus,canaliculatus,1,102.041
20_80M_19N,Siganidae,Siganus,canaliculatus,1,119.142
20_80M_20F,Siganidae,Siganus,canaliculatus,1,75.106
20_80M_20F,Siganidae,Siganus,canaliculatus,1,83.833
20_80M_20F,Siganidae,Siganus,canaliculatus,1,75.08
20_80M_20F,Siganidae,Siganus,canaliculatus,1,79.071
20_80M_20F,Siganidae,Siganus,canaliculatus,1,97.119
20_80M_20F,Siganidae,Siganus,canaliculatus,1,71.988
20_80M_20F,Siganidae,Siganus,canaliculatus,1,66.707
20_80M_20F,Siganidae,Siganus,canaliculatus,1,72.677
20_80M_20F,Siganidae,Siganus,canaliculatus,1,79.177
20_80M_20F,Siganidae,Siganus,canaliculatus,1,79.372
20_80M_23F,Siganidae,Siganus,canaliculatus,1,230.407
20_80M_23F,Siganidae,Siganus,canaliculatus,1,201.805
20_80M_23F,Siganidae,Siganus,canaliculatus,1,235.02
20_80M_25N,Siganidae,Siganus,canaliculatus,1,87.602
20_80M_25N,Siganidae,Siganus,canaliculatus,1,87.492
20_80M_27F,Siganidae,Siganus,canaliculatus,1,226.729
20_80M_27F,Siganidae,Siganus,canaliculatus,1,220.377
20_80M_27F,Siganidae,Siganus,canaliculatus,1,214.432
20_80M_27F,Siganidae,Siganus,canaliculatus,1,222.961
20_80M_27F,Siganidae,Siganus,canaliculatus,1,246.25
20_80M_27F,Siganidae,Siganus,canaliculatus,1,246.425
20_80M_27F,Siganidae,Siganus,canaliculatus,1,213.33
20_80M_27F,Siganidae,Siganus,canaliculatus,1,213.575
20_80M_27F,Siganidae,Siganus,canaliculatus,1,219.182
20_80M_27F,Siganidae,Siganus,canaliculatus,1,230.881
20_80M_27F,Siganidae,Siganus,canaliculatus,1,226.525
20_80M_28F,Siganidae,Siganus,canaliculatus,1,216.589
20_80M_28F,Siganidae,Siganus,canaliculatus,1,221.834
20_80M_28F,Siganidae,Siganus,canaliculatus,1,210.065
20_80M_28F,Siganidae,Siganus,canaliculatus,1,210.958
20_80M_28F,Siganidae,Siganus,canaliculatus,1,194.933
20_80M_28F,Siganidae,Siganus,canaliculatus,1,202.518
20_80M_28N,Siganidae,Siganus,canaliculatus,1,132.808
20_80M_28N,Siganidae,Siganus,canaliculatus,1,118.038
20_80M_28N,Siganidae,Siganus,canaliculatus,1,113.723
20_80M_28N,Siganidae,Siganus,canaliculatus,1,102.587
20_80M_2F,Siganidae,Siganus,canaliculatus,1,193.284
20_80M_2F,Siganidae,Siganus,canaliculatus,1,191.298
20_80M_2F,Siganidae,Siganus,canaliculatus,1,219.318
20_80M_31F,Siganidae,Siganus,canaliculatus,1,237.098
20_80M_31F,Siganidae,Siganus,canaliculatus,1,197.244
20_80M_31F,Siganidae,Siganus,canaliculatus,1,207.009
20_80M_31F,Siganidae,Siganus,canaliculatus,1,192.878
20_80M_31F,Siganidae,Siganus,canaliculatus,1,203.757
20_80M_36N,Siganidae,Siganus,canaliculatus,1,246.186
20_80M_36N,Siganidae,Siganus,canaliculatus,1,206.967
20_80M_39N,Siganidae,Siganus,canaliculatus,1,137.603
20_80M_3N,Siganidae,Siganus,canaliculatus,1,117.072
20_80M_40F,Siganidae,Siganus,canaliculatus,1,56.118
20_80M_41F,Siganidae,Siganus,canaliculatus,1,252.674
20_80M_41F,Siganidae,Siganus,canaliculatus,1,238.843
20_80M_41F,Siganidae,Siganus,canaliculatus,1,227.038
20_80M_41F,Siganidae,Siganus,canaliculatus,1,244.196
20_80M_41F,Siganidae,Siganus,canaliculatus,1,223.617
20_80M_41F,Siganidae,Siganus,canaliculatus,1,223.85
20_80M_41F,Siganidae,Siganus,canaliculatus,1,257.293
20_80M_41F,Siganidae,Siganus,canaliculatus,1,224.225
20_80M_41F,Siganidae,Siganus,canaliculatus,1,233.959
20_80M_41F,Siganidae,Siganus,canaliculatus,1,177.083
20_80M_41F,Siganidae,Siganus,canaliculatus,1,205.136
20_80M_41F,Siganidae,Siganus,canaliculatus,1,233.37
20_80M_41F,Siganidae,Siganus,canaliculatus,1,253.215
20_80M_41F,Siganidae,Siganus,canaliculatus,1,214.934
20_80M_41F,Siganidae,Siganus,canaliculatus,1,224.569
20_80M_41F,Siganidae,Siganus,canaliculatus,1,234.122
20_80M_41F,Siganidae,Siganus,canaliculatus,1,207.884
20_80M_41F,Siganidae,Siganus,canaliculatus,1,232.977
20_80M_41F,Siganidae,Siganus,canaliculatus,1,232.843
20_80M_41F,Siganidae,Siganus,canaliculatus,1,224.479
20_80M_41F,Siganidae,Siganus,canaliculatus,1,219.496
20_80M_41F,Siganidae,Siganus,canaliculatus,1,219.773
20_80M_41F,Siganidae,Siganus,canaliculatus,1,252.966
20_80M_41F,Siganidae,Siganus,canaliculatus,1,230.684
20_80M_41F,Siganidae,Siganus,canaliculatus,1,150.453
20_80M_41F,Siganidae,Siganus,canaliculatus,1,237.746
20_80M_41F,Siganidae,Siganus,canaliculatus,1,202.718
20_80M_41F,Siganidae,Siganus,canaliculatus,1,253.809
20_80M_41F,Siganidae,Siganus,canaliculatus,1,234.383
20_80M_41F,Siganidae,Siganus,canaliculatus,1,229.873
20_80M_41F,Siganidae,Siganus,canaliculatus,1,217.647
20_80M_41F,Siganidae,Siganus,canaliculatus,1,222.626
20_80M_41F,Siganidae,Siganus,canaliculatus,1,235.878
20_80M_41F,Siganidae,Siganus,canaliculatus,1,238.542
20_80M_41F,Siganidae,Siganus,canaliculatus,1,240.269
20_80M_41F,Siganidae,Siganus,canaliculatus,1,287.832
20_80M_41F,Siganidae,Siganus,canaliculatus,1,112.592
20_80M_41F,Siganidae,Siganus,canaliculatus,1,265.878
20_80M_41F,Siganidae,Siganus,canaliculatus,1,198.694
20_80M_41F,Siganidae,Siganus,canaliculatus,1,203.605
20_80M_41F,Siganidae,Siganus,canaliculatus,1,144.416
20_80M_41F,Siganidae,Siganus,canaliculatus,1,241.443
20_80M_41F,Siganidae,Siganus,canaliculatus,1,225.081
20_80M_41F,Siganidae,Siganus,canaliculatus,1,220.97
20_80M_41F,Siganidae,Siganus,canaliculatus,1,238.641
20_80M_41F,Siganidae,Siganus,canaliculatus,1,222.511
20_80M_41F,Siganidae,Siganus,canaliculatus,1,243.876
20_80M_41F,Siganidae,Siganus,canaliculatus,1,140.612
20_80M_41F,Siganidae,Siganus,canaliculatus,1,249.374
20_80M_41F,Siganidae,Siganus,canaliculatus,1,228.127
20_80M_41F,Siganidae,Siganus,canaliculatus,1,242.484
20_80M_41F,Siganidae,Siganus,canaliculatus,1,104.003
20_80M_41F,Siganidae,Siganus,canaliculatus,1,243.344
20_80M_41F,Siganidae,Siganus,canaliculatus,1,251.606
20_80M_41F,Siganidae,Siganus,canaliculatus,1,211.1
20_80M_43F,Siganidae,Siganus,canaliculatus,1,281.264
20_80M_47F,Siganidae,Siganus,canaliculatus,1,47.625
20_80M_47F,Siganidae,Siganus,canaliculatus,1,45.386
20_80M_47F,Siganidae,Siganus,canaliculatus,1,60.305
20_80M_47F,Siganidae,Siganus,canaliculatus,1,53.604
20_80M_47F,Siganidae,Siganus,canaliculatus,1,51.312
20_80M_47F,Siganidae,Siganus,canaliculatus,1,50.853
20_80M_47F,Siganidae,Siganus,canaliculatus,1,34.647
20_80M_47F,Siganidae,Siganus,canaliculatus,1,47.406
20_80M_47F,Siganidae,Siganus,canaliculatus,1,50.257
20_80M_47F,Siganidae,Siganus,canaliculatus,1,59.338
20_80M_48F,Siganidae,Siganus,canaliculatus,1,50.988
20_80M_48F,Siganidae,Siganus,canaliculatus,1,63.633
20_80M_48F,Siganidae,Siganus,canaliculatus,1,50.557
20_80M_48F,Siganidae,Siganus,canaliculatus,1,47.644
20_80M_48F,Siganidae,Siganus,canaliculatus,1,56.087
20_80M_48F,Siganidae,Siganus,canaliculatus,1,49.84
20_80M_48F,Siganidae,Siganus,canaliculatus,1,55.216
20_80M_48F,Siganidae,Siganus,canaliculatus,1,46.724
20_80M_48F,Siganidae,Siganus,canaliculatus,1,57.336
20_80M_48F,Siganidae,Siganus,canaliculatus,1,40.504
20_80M_51F,Siganidae,Siganus,canaliculatus,1,44.571
20_80M_51F,Siganidae,Siganus,canaliculatus,1,55.7
20_80M_51F,Siganidae,Siganus,canaliculatus,1,42.26
20_80M_51F,Siganidae,Siganus,canaliculatus,1,43.336
20_80M_51F,Siganidae,Siganus,canaliculatus,1,43.757
20_80M_51F,Siganidae,Siganus,canaliculatus,1,41.946
20_80M_52F,Siganidae,Siganus,canaliculatus,1,124.941
20_80M_54F,Siganidae,Siganus,canaliculatus,1,121.734
20_80M_54F,Siganidae,Siganus,canaliculatus,1,125.326
20_80M_54F,Siganidae,Siganus,canaliculatus,1,130.842
20_80M_54F,Siganidae,Siganus,canaliculatus,1,134.219
20_80M_54F,Siganidae,Siganus,canaliculatus,1,83.277
20_80M_54F,Siganidae,Siganus,canaliculatus,1,118.763
20_80M_54F,Siganidae,Siganus,canaliculatus,1,107.736
20_80M_54F,Siganidae,Siganus,canaliculatus,1,121.271
20_80M_54F,Siganidae,Siganus,canaliculatus,1,150.681
20_80M_54F,Siganidae,Siganus,canaliculatus,1,145.554
20_80M_54F,Siganidae,Siganus,canaliculatus,1,114.797
20_80M_54F,Siganidae,Siganus,canaliculatus,1,155.777
20_80M_54F,Siganidae,Siganus,canaliculatus,1,128.818
20_80M_54N,Siganidae,Siganus,canaliculatus,1,143.429
20_80M_54N,Siganidae,Siganus,canaliculatus,1,128.8
20_80M_54N,Siganidae,Siganus,canaliculatus,1,108.444
20_80M_54N,Siganidae,Siganus,canaliculatus,1,126.622
20_80M_54N,Siganidae,Siganus,canaliculatus,1,98.44
20_80M_54N,Siganidae,Siganus,canaliculatus,1,131.865
20_80M_55F,Siganidae,Siganus,canaliculatus,1,91.256
20_80M_55F,Siganidae,Siganus,canaliculatus,1,85.295
20_80M_55F,Siganidae,Siganus,canaliculatus,1,90.619
20_80M_55F,Siganidae,Siganus,canaliculatus,1,78.472
20_80M_55F,Siganidae,Siganus,canaliculatus,1,85.543
20_80M_55F,Siganidae,Siganus,canaliculatus,1,56.835
20_80M_55F,Siganidae,Siganus,canaliculatus,1,70.801
20_80M_55F,Siganidae,Siganus,canaliculatus,1,86.068
20_80M_55F,Siganidae,Siganus,canaliculatus,1,84.876
20_80M_55F,Siganidae,Siganus,canaliculatus,1,80.264
20_80M_55F,Siganidae,Siganus,canaliculatus,1,86.979
20_80M_55F,Siganidae,Siganus,canaliculatus,1,81.889
20_80M_55F,Siganidae,Siganus,canaliculatus,1,96.428
20_80M_55F,Siganidae,Siganus,canaliculatus,1,77.998
20_80M_55F,Siganidae,Siganus,canaliculatus,1,65.949
20_80M_55F,Siganidae,Siganus,canaliculatus,1,81.571
20_80M_56N,Siganidae,Siganus,canaliculatus,1,95.266
20_80M_56N,Siganidae,Siganus,canaliculatus,1,103.246
20_80M_56N,Siganidae,Siganus,canaliculatus,1,117.319
20_80M_56N,Siganidae,Siganus,canaliculatus,1,90.733
20_80M_56N,Siganidae,Siganus,canaliculatus,1,112.035
20_80M_56N,Siganidae,Siganus,canaliculatus,1,114.561
20_80M_56N,Siganidae,Siganus,canaliculatus,1,97.509
20_80M_56N,Siganidae,Siganus,canaliculatus,1,104.744
20_80M_56N,Siganidae,Siganus,canaliculatus,1,91.658
20_80M_56N,Siganidae,Siganus,canaliculatus,1,110.896
20_80M_56N,Siganidae,Siganus,canaliculatus,1,113.898
20_80M_56N,Siganidae,Siganus,canaliculatus,1,89.268
20_80M_56N,Siganidae,Siganus,canaliculatus,1,128.213
20_80M_56N,Siganidae,Siganus,canaliculatus,1,89.692
20_80M_56N,Siganidae,Siganus,canaliculatus,1,93.477
20_80M_56N,Siganidae,Siganus,canaliculatus,1,85.808
20_80M_56N,Siganidae,Siganus,canaliculatus,1,88.25
20_80M_56N,Siganidae,Siganus,canaliculatus,1,119.435
20_80M_56N,Siganidae,Siganus,canaliculatus,1,86.946
20_80M_56N,Siganidae,Siganus,canaliculatus,1,116.097
20_80M_56N,Siganidae,Siganus,canaliculatus,1,89.466
20_80M_56N,Siganidae,Siganus,canaliculatus,1,90.142
20_80M_56N,Siganidae,Siganus,canaliculatus,1,225.985
20_80M_57F,Siganidae,Siganus,canaliculatus,1,85.904
20_80M_57F,Siganidae,Siganus,canaliculatus,1,87.884
20_80M_57F,Siganidae,Siganus,canaliculatus,1,88.077
20_80M_57F,Siganidae,Siganus,canaliculatus,1,93.998
20_80M_58F,Siganidae,Siganus,canaliculatus,1,191.212
20_80M_58F,Siganidae,Siganus,canaliculatus,1,193.241
20_80M_58F,Siganidae,Siganus,canaliculatus,1,212.212
20_80M_58F,Siganidae,Siganus,canaliculatus,1,210.035
20_80M_58F,Siganidae,Siganus,canaliculatus,1,232.259
20_80M_58F,Siganidae,Siganus,canaliculatus,1,249.009
20_80M_59F,Siganidae,Siganus,canaliculatus,1,45.098
20_80M_59F,Siganidae,Siganus,canaliculatus,1,49.51
20_80M_59F,Siganidae,Siganus,canaliculatus,1,50.056
20_80M_59F,Siganidae,Siganus,canaliculatus,1,51.918
20_80M_5F,Siganidae,Siganus,canaliculatus,1,213.813
20_80M_5F,Siganidae,Siganus,canaliculatus,1,203.193
20_80M_5F,Siganidae,Siganus,canaliculatus,1,206.133
20_80M_5F,Siganidae,Siganus,canaliculatus,1,189.508
20_80M_5F,Siganidae,Siganus,canaliculatus,1,200.029
20_80M_5F,Siganidae,Siganus,canaliculatus,1,200.114
20_80M_5F,Siganidae,Siganus,canaliculatus,1,214.704
20_80M_5F,Siganidae,Siganus,canaliculatus,1,222.742
20_80M_5F,Siganidae,Siganus,canaliculatus,1,222.732
20_80M_5F,Siganidae,Siganus,canaliculatus,1,228.03
20_80M_5F,Siganidae,Siganus,canaliculatus,1,193.774
20_80M_5F,Siganidae,Siganus,canaliculatus,1,221.436
20_80M_5F,Siganidae,Siganus,canaliculatus,1,155.507
20_80M_5F,Siganidae,Siganus,canaliculatus,1,171.709
20_80M_5F,Siganidae,Siganus,canaliculatus,1,118.52
20_80M_5F,Siganidae,Siganus,canaliculatus,1,197.356
20_80M_5F,Siganidae,Siganus,canaliculatus,1,182.548
20_80M_5F,Siganidae,Siganus,canaliculatus,1,195.088
20_80M_5F,Siganidae,Siganus,canaliculatus,1,200.205
20_80M_5F,Siganidae,Siganus,canaliculatus,1,184.414
20_80M_5F,Siganidae,Siganus,canaliculatus,1,193.017
20_80M_60F,Siganidae,Siganus,canaliculatus,1,83.07
20_80M_60F,Siganidae,Siganus,canaliculatus,1,85.701
20_80M_60F,Siganidae,Siganus,canaliculatus,1,77.493
20_80M_60F,Siganidae,Siganus,canaliculatus,1,62.559
20_80M_60N,Siganidae,Siganus,canaliculatus,1,138.159
20_80M_60N,Siganidae,Siganus,canaliculatus,1,123.157
20_80M_60N,Siganidae,Siganus,canaliculatus,1,122.389
20_80M_60N,Siganidae,Siganus,canaliculatus,1,139.774
20_80M_60N,Siganidae,Siganus,canaliculatus,1,84.151
20_80M_60N,Siganidae,Siganus,canaliculatus,1,107.085
20_80M_60N,Siganidae,Siganus,canaliculatus,1,114.358
20_80M_60N,Siganidae,Siganus,canaliculatus,1,120.837
20_80M_63N,Siganidae,Siganus,canaliculatus,1,92.209
20_80M_63N,Siganidae,Siganus,canaliculatus,1,80.622
20_80M_63N,Siganidae,Siganus,canaliculatus,1,101.146
20_80M_65F,Siganidae,Siganus,canaliculatus,1,81.063
20_80M_65F,Siganidae,Siganus,canaliculatus,1,76.073
20_80M_65F,Siganidae,Siganus,canaliculatus,1,71.146
20_80M_65F,Siganidae,Siganus,canaliculatus,1,75.598
20_80M_65F,Siganidae,Siganus,canaliculatus,1,88.015
20_80M_65F,Siganidae,Siganus,canaliculatus,1,83.339
20_80M_65N,Siganidae,Siganus,canaliculatus,1,242.621
20_80M_65N,Siganidae,Siganus,canaliculatus,1,202.156
20_80M_65N,Siganidae,Siganus,canaliculatus,1,298.738
20_80M_65N,Siganidae,Siganus,canaliculatus,1,290.218
20_80M_65N,Siganidae,Siganus,canaliculatus,1,237.106
20_80M_6F,Siganidae,Siganus,canaliculatus,1,222.944
20_80M_6F,Siganidae,Siganus,canaliculatus,1,196.927
20_80M_6F,Siganidae,Siganus,canaliculatus,1,224.456
20_80M_6F,Siganidae,Siganus,canaliculatus,1,229.522
20_80M_72F,Siganidae,Siganus,canaliculatus,1,68.831
20_80M_72F,Siganidae,Siganus,canaliculatus,1,95.409
20_80M_72F,Siganidae,Siganus,canaliculatus,1,63.6
20_80M_72F,Siganidae,Siganus,canaliculatus,1,57.849
20_80M_72F,Siganidae,Siganus,canaliculatus,1,64.077
20_80M_72F,Siganidae,Siganus,canaliculatus,1,85.324
20_80M_72F,Siganidae,Siganus,canaliculatus,1,63.303
20_80M_72F,Siganidae,Siganus,canaliculatus,1,46.69
20_80M_75F,Siganidae,Siganus,canaliculatus,1,68.316
20_80M_75F,Siganidae,Siganus,canaliculatus,1,76.467
20_80M_75F,Siganidae,Siganus,canaliculatus,1,72.929
20_80M_75F,Siganidae,Siganus,canaliculatus,1,70.083
20_80M_75F,Siganidae,Siganus,canaliculatus,1,81.242
20_80M_75F,Siganidae,Siganus,canaliculatus,1,74.546
20_80M_75F,Siganidae,Siganus,canaliculatus,1,66.098
20_80M_75F,Siganidae,Siganus,canaliculatus,1,79.879
20_80M_75F,Siganidae,Siganus,canaliculatus,1,80.404
20_80M_75F,Siganidae,Siganus,canaliculatus,1,85.004
20_80M_76F,Siganidae,Siganus,canaliculatus,1,49.958
20_80M_76F,Siganidae,Siganus,canaliculatus,1,42.976
20_80M_76F,Siganidae,Siganus,canaliculatus,1,42.387
20_80M_77F,Siganidae,Siganus,canaliculatus,1,208.699
20_80M_77F,Siganidae,Siganus,canaliculatus,1,236.687
20_80M_77F,Siganidae,Siganus,canaliculatus,1,226.227
20_80M_77F,Siganidae,Siganus,canaliculatus,1,215.368
20_80M_77F,Siganidae,Siganus,canaliculatus,1,212.969
20_80M_77F,Siganidae,Siganus,canaliculatus,1,235.8
20_80M_77F,Siganidae,Siganus,canaliculatus,1,216.682
20_80M_77F,Siganidae,Siganus,canaliculatus,1,216.653
20_80M_77F,Siganidae,Siganus,canaliculatus,1,213.898
20_80M_77F,Siganidae,Siganus,canaliculatus,1,186.964
20_80M_77F,Siganidae,Siganus,canaliculatus,1,267.115
20_80M_77F,Siganidae,Siganus,canaliculatus,1,218.46
20_80M_77F,Siganidae,Siganus,canaliculatus,1,224.899
20_80M_77F,Siganidae,Siganus,canaliculatus,1,237.25
20_80M_77F,Siganidae,Siganus,canaliculatus,1,261.217
20_80M_77F,Siganidae,Siganus,canaliculatus,1,216.302
20_80M_77F,Siganidae,Siganus,canaliculatus,1,183.758
20_80M_77F,Siganidae,Siganus,canaliculatus,1,214.476
20_80M_77F,Siganidae,Siganus,canaliculatus,1,209.071
20_80M_78F,Siganidae,Siganus,canaliculatus,1,73.722
20_80M_78F,Siganidae,Siganus,canaliculatus,1,74.834
20_80M_78F,Siganidae,Siganus,canaliculatus,1,79.641
20_80M_7F,Siganidae,Siganus,canaliculatus,1,191.398
20_80M_7F,Siganidae,Siganus,canaliculatus,1,252.211
20_80M_7F,Siganidae,Siganus,canaliculatus,1,242.232
20_80M_7F,Siganidae,Siganus,canaliculatus,1,237.307
20_80M_7F,Siganidae,Siganus,canaliculatus,1,219.291
20_80M_7F,Siganidae,Siganus,canaliculatus,1,226.189
20_80M_7F,Siganidae,Siganus,canaliculatus,1,209.529
20_80M_7F,Siganidae,Siganus,canaliculatus,1,198.521
20_80M_7F,Siganidae,Siganus,canaliculatus,1,211.413
20_80M_7F,Siganidae,Siganus,canaliculatus,1,222.667
20_80M_7F,Siganidae,Siganus,canaliculatus,1,215.764
20_80M_7F,Siganidae,Siganus,canaliculatus,1,224.583
20_80M_7F,Siganidae,Siganus,canaliculatus,1,230.032
20_80M_84F,Siganidae,Siganus,canaliculatus,1,76.472
20_80M_84F,Siganidae,Siganus,canaliculatus,1,66.304
20_80M_84F,Siganidae,Siganus,canaliculatus,1,77.492
20_80M_84F,Siganidae,Siganus,canaliculatus,1,71.79
20_80M_84F,Siganidae,Siganus,canaliculatus,1,75.104
20_80M_84F,Siganidae,Siganus,canaliculatus,1,75.711
20_80M_84F,Siganidae,Siganus,canaliculatus,1,69.721
20_80M_84F,Siganidae,Siganus,canaliculatus,1,60.384
20_80M_84F,Siganidae,Siganus,canaliculatus,1,62.11
20_80M_84F,Siganidae,Siganus,canaliculatus,1,84.763
20_80M_84F,Siganidae,Siganus,canaliculatus,1,74.422
20_80M_84N,Siganidae,Siganus,canaliculatus,1,100.597
20_80M_86F,Siganidae,Siganus,canaliculatus,1,71.933
20_80M_86F,Siganidae,Siganus,canaliculatus,1,77.12
20_80M_86F,Siganidae,Siganus,canaliculatus,1,71.583
20_80M_86F,Siganidae,Siganus,canaliculatus,1,74.188
20_80M_86F,Siganidae,Siganus,canaliculatus,1,71.117
20_80M_86F,Siganidae,Siganus,canaliculatus,1,73.181
20_80M_86F,Siganidae,Siganus,canaliculatus,1,74.044
20_80M_87F,Siganidae,Siganus,canaliculatus,1,68.258
20_80M_87F,Siganidae,Siganus,canaliculatus,1,79.836
20_80M_87F,Siganidae,Siganus,canaliculatus,1,76.77
20_80M_87F,Siganidae,Siganus,canaliculatus,1,88.636
20_80M_87F,Siganidae,Siganus,canaliculatus,1,43.996
20_80M_87F,Siganidae,Siganus,canaliculatus,1,56.558
20_80M_87N,Siganidae,Siganus,canaliculatus,1,190.712
20_80M_87N,Siganidae,Siganus,canaliculatus,1,217.291
20_80M_87N,Siganidae,Siganus,canaliculatus,1,197.605
20_80M_87N,Siganidae,Siganus,canaliculatus,1,234.65
20_80M_87N,Siganidae,Siganus,canaliculatus,1,192.811
20_80M_88N,Siganidae,Siganus,canaliculatus,1,122.585
20_80M_88N,Siganidae,Siganus,canaliculatus,1,106.375
20_80M_88N,Siganidae,Siganus,canaliculatus,1,127.673
20_80M_88N,Siganidae,Siganus,canaliculatus,1,113.973
20_80M_88N,Siganidae,Siganus,canaliculatus,1,118.957
20_80M_88N,Siganidae,Siganus,canaliculatus,1,139.776
20_80M_89F,Siganidae,Siganus,canaliculatus,1,233.757
20_80M_89F,Siganidae,Siganus,canaliculatus,1,226.32
20_80M_89F,Siganidae,Siganus,canaliculatus,1,220.1
20_80M_89F,Siganidae,Siganus,canaliculatus,1,251.629
20_80M_89F,Siganidae,Siganus,canaliculatus,1,225.634
20_80M_90F,Siganidae,Siganus,canaliculatus,1,238.123
20_80M_90F,Siganidae,Siganus,canaliculatus,1,155.542
20_80M_90F,Siganidae,Siganus,canaliculatus,1,213.477
20_80M_90F,Siganidae,Siganus,canaliculatus,1,222.715
20_80M_90F,Siganidae,Siganus,canaliculatus,1,250.741
20_80M_90F,Siganidae,Siganus,canaliculatus,1,212.379
20_80M_90F,Siganidae,Siganus,canaliculatus,1,247.177
20_80M_90F,Siganidae,Siganus,canaliculatus,1,251.659
20_80M_90F,Siganidae,Siganus,canaliculatus,1,244.292
20_80M_90F,Siganidae,Siganus,canaliculatus,1,230.472
20_80M_90N,Siganidae,Siganus,canaliculatus,1,195.705
20_80M_93F,Siganidae,Siganus,canaliculatus,1,55.645
20_80M_93F,Siganidae,Siganus,canaliculatus,1,41.685
20_80M_93F,Siganidae,Siganus,canaliculatus,1,49.714
20_80M_93F,Siganidae,Siganus,canaliculatus,1,48.594
20_80M_93F,Siganidae,Siganus,canaliculatus,1,50.206
20_80M_93F,Siganidae,Siganus,canaliculatus,1,53.525
20_80M_93F,Siganidae,Siganus,canaliculatus,1,47.32
20_80M_93F,Siganidae,Siganus,canaliculatus,1,45.401
20_80M_93F,Siganidae,Siganus,canaliculatus,1,48.341
20_80M_93F,Siganidae,Siganus,canaliculatus,1,40.065
20_80M_93F,Siganidae,Siganus,canaliculatus,1,47.243
20_80M_93F,Siganidae,Siganus,canaliculatus,1,41.526
20_80M_93F,Siganidae,Siganus,canaliculatus,1,47.665
20_80M_93F,Siganidae,Siganus,canaliculatus,1,47.876
20_80M_93F,Siganidae,Siganus,canaliculatus,1,41.817
20_80M_93F,Siganidae,Siganus,canaliculatus,1,49.426
20_80M_93F,Siganidae,Siganus,canaliculatus,1,41.182
20_80M_93F,Siganidae,Siganus,canaliculatus,1,42.3
20_80M_93F,Siganidae,Siganus,canaliculatus,1,49.876
20_80M_93F,Siganidae,Siganus,canaliculatus,1,50.603
20_80M_93F,Siganidae,Siganus,canaliculatus,1,47.255
20_80M_93F,Siganidae,Siganus,canaliculatus,1,66.392
20_80M_93F,Siganidae,Siganus,canaliculatus,1,55.158
20_80M_93F,Siganidae,Siganus,canaliculatus,1,52.627
20_80M_93F,Siganidae,Siganus,canaliculatus,1,57.722
20_80M_93F,Siganidae,Siganus,canaliculatus,1,51.348
20_80M_93F,Siganidae,Siganus,canaliculatus,1,50.506
20_80M_97F,Siganidae,Siganus,canaliculatus,1,212.263
20_80M_97F,Siganidae,Siganus,canaliculatus,1,215.857
20_80M_97F,Siganidae,Siganus,canaliculatus,1,215.625
20_80M_97F,Siganidae,Siganus,canaliculatus,1,183.56
20_80M_97F,Siganidae,Siganus,canaliculatus,1,222.277
20_80M_97F,Siganidae,Siganus,canaliculatus,1,199.332
20_80M_97F,Siganidae,Siganus,canaliculatus,1,211.804
20_80M_97F,Siganidae,Siganus,canaliculatus,1,216.324
20_80M_97F,Siganidae,Siganus,canaliculatus,1,221.257
20_80M_97F,Siganidae,Siganus,canaliculatus,1,206.018
20_80M_97F,Siganidae,Siganus,canaliculatus,1,212.308
20_80M_97F,Siganidae,Siganus,canaliculatus,1,223.856
20_80M_97F,Siganidae,Siganus,canaliculatus,1,212.046
20_80M_97F,Siganidae,Siganus,canaliculatus,1,227.597
20_80M_9N,Siganidae,Siganus,canaliculatus,1,212.268
20_80M_9N,Siganidae,Siganus,canaliculatus,1,219.008
20_80M_9N,Siganidae,Siganus,canaliculatus,1,222.598
20_80M_9N,Siganidae,Siganus,canaliculatus,1,206.158
20_80M_9N,Siganidae,Siganus,canaliculatus,1,215.002
20_80M_9N,Siganidae,Siganus,canaliculatus,1,218.33
20_80M_102N,Sillaginidae,Sillago,spp,1,158.146
20_80M_102N,Sillaginidae,Sillago,spp,1,186.204
20_80M_102N,Sillaginidae,Sillago,spp,1,166.269
20_80M_15N,Sillaginidae,Sillago,spp,1,141.463
20_80M_15N,Sillaginidae,Sillago,spp,1,150.973
20_80M_16N,Sillaginidae,Sillago,spp,1,191.583
20_80M_17N,Sillaginidae,Sillago,spp,1,177.344
20_80M_18N,Sillaginidae,Sillago,spp,1,158.747
20_80M_18N,Sillaginidae,Sillago,spp,1,164.405
20_80M_18N,Sillaginidae,Sillago,spp,1,170.712
20_80M_42N,Sillaginidae,Sillago,spp,1,131.958
20_80M_61N,Sillaginidae,Sillago,spp,1,102.926
20_80M_61N,Sillaginidae,Sillago,spp,1,111.304
20_80M_68F,Sillaginidae,Sillago,spp,1,182.074
20_80M_68F,Sillaginidae,Sillago,spp,1,164.931
20_80M_68F,Sillaginidae,Sillago,spp,1,207.096
20_80M_104F,Sphyraenidae,Sphyraena,barracuda,1,878.799
20_80M_131N,Sphyraenidae,Sphyraena,barracuda,1,610.423
20_80M_49F,Sphyraenidae,Sphyraena,barracuda,1,964.35
20_80M_57N,Sphyraenidae,Sphyraena,barracuda,1,976.211
20_80M_61N,Sphyraenidae,Sphyraena,barracuda,1,1010.98
20_80M_87N,Sphyraenidae,Sphyraena,barracuda,1,905.079
20_80M_90N,Sphyraenidae,Sphyraena,barracuda,1,1106.057
20_80M_100N,Sphyraenidae,Sphyraena,jello,1,976.152
20_80M_101F,Sphyraenidae,Sphyraena,jello,1,357.152
20_80M_101N,Sphyraenidae,Sphyraena,jello,1,810.21
20_80M_102F,Sphyraenidae,Sphyraena,jello,1,947.438
20_80M_106N,Sphyraenidae,Sphyraena,jello,1,960.51
20_80M_11F,Sphyraenidae,Sphyraena,jello,1,383.303
20_80M_133N,Sphyraenidae,Sphyraena,jello,1,819.778
20_80M_19F,Sphyraenidae,Sphyraena,jello,1,820.28
20_80M_1F,Sphyraenidae,Sphyraena,jello,1,972.901
20_80M_23F,Sphyraenidae,Sphyraena,jello,1,1069.678
20_80M_26N,Sphyraenidae,Sphyraena,jello,1,1038.201
20_80M_27N,Sphyraenidae,Sphyraena,jello,1,1108.66
20_80M_2F,Sphyraenidae,Sphyraena,jello,1,1041.285
20_80M_33N,Sphyraenidae,Sphyraena,jello,1,969.916
20_80M_35F,Sphyraenidae,Sphyraena,jello,1,898.908
20_80M_36F,Sphyraenidae,Sphyraena,jello,1,930.02
20_80M_37N,Sphyraenidae,Sphyraena,jello,1,1046.36
20_80M_39N,Sphyraenidae,Sphyraena,jello,1,904.354
20_80M_48F,Sphyraenidae,Sphyraena,jello,1,868.065
20_80M_49F,Sphyraenidae,Sphyraena,jello,1,837.511
20_80M_4F,Sphyraenidae,Sphyraena,jello,1,880.551
20_80M_50F,Sphyraenidae,Sphyraena,jello,1,829.702
20_80M_55N,Sphyraenidae,Sphyraena,jello,1,998.699
20_80M_58F,Sphyraenidae,Sphyraena,jello,1,897.195
20_80M_59F,Sphyraenidae,Sphyraena,jello,1,881.211
20_80M_60N,Sphyraenidae,Sphyraena,jello,1,1018.715
20_80M_61F,Sphyraenidae,Sphyraena,jello,1,897.777
20_80M_63F,Sphyraenidae,Sphyraena,jello,1,967.858
20_80M_64F,Sphyraenidae,Sphyraena,jello,1,983.058
20_80M_65N,Sphyraenidae,Sphyraena,jello,1,1078.404
20_80M_65N,Sphyraenidae,Sphyraena,jello,1,964.287
20_80M_6F,Sphyraenidae,Sphyraena,jello,1,963.028
20_80M_7F,Sphyraenidae,Sphyraena,jello,1,589.492
20_80M_7F,Sphyraenidae,Sphyraena,jello,1,597.207
20_80M_7N,Sphyraenidae,Sphyraena,jello,1,1003.757
20_80M_82F,Sphyraenidae,Sphyraena,jello,1,1010.388
20_80M_85F,Sphyraenidae,Sphyraena,jello,1,1005.285
20_80M_89N,Sphyraenidae,Sphyraena,jello,1,989.358
20_80M_99N,Sphyraenidae,Sphyraena,jello,1,966.749
20_80M_39N,Sphyraenidae,Sphyraena,obtusata,1,303.805
20_80M_39N,Sphyraenidae,Sphyraena,obtusata,1,354.847
20_80M_126N,Sphyrnidae,Sphyrna,mokarran,1,1678.236
20_80M_16N,Sphyrnidae,Sphyrna,mokarran,1,2322.359
20_80M_31N,Sphyrnidae,Sphyrna,mokarran,1,1721.923
20_80M_54F,Sphyrnidae,Sphyrna,mokarran,1,2480.039
20_80M_100N,Stegostomatidae,Stegostoma,tigrinum,1,1442.496
20_80M_111N,Stegostomatidae,Stegostoma,tigrinum,1,1200.808
20_80M_131N,Stegostomatidae,Stegostoma,tigrinum,1,1260.231
20_80M_14F,Stegostomatidae,Stegostoma,tigrinum,1,1122.318
20_80M_27N,Stegostomatidae,Stegostoma,tigrinum,1,1107.724
20_80M_61F,Stegostomatidae,Stegostoma,tigrinum,1,1150.708
20_80M_76F,Stegostomatidae,Stegostoma,tigrinum,1,1267.604
20_80M_102N,Synodontidae,Saurida,undosquamis,1,190.933
20_80M_126N,Synodontidae,Saurida,undosquamis,1,187.355
20_80M_16N,Synodontidae,Saurida,undosquamis,1,222.301
20_80M_16N,Synodontidae,Saurida,undosquamis,1,205.501
20_80M_17N,Synodontidae,Saurida,undosquamis,1,190.7
20_80M_34N,Synodontidae,Saurida,undosquamis,1,232.815
20_80M_58N,Synodontidae,Saurida,undosquamis,1,169.438
20_80M_58N,Synodontidae,Saurida,undosquamis,1,154.726
20_80M_61N,Synodontidae,Saurida,undosquamis,1,180.789
20_80M_62N,Synodontidae,Saurida,undosquamis,1,212.843
20_80M_62N,Synodontidae,Saurida,undosquamis,1,212.745
20_80M_65F,Synodontidae,Saurida,undosquamis,1,164.114
20_80M_58N,Synodontidae,Synodus,variegatus,1,163.863
20_80M_68F,Synodontidae,Synodus,spp,1,165.361
20_80M_3F,Tetraodontidae,Feroxodon,multistriatus,1,338.286
20_80M_67F,Tetraodontidae,Feroxodon,multistriatus,1,323.049
20_80M_82F,Tetraodontidae,Feroxodon,multistriatus,1,304.208
20_80M_84F,Tetraodontidae,Feroxodon,multistriatus,1,352.715
20_80M_101N,Tetraodontidae,Lagocephalus,lunaris,1,458.152
20_80M_102F,Tetraodontidae,Lagocephalus,lunaris,1,453.253
20_80M_102N,Tetraodontidae,Lagocephalus,lunaris,1,420.393
20_80M_104F,Tetraodontidae,Lagocephalus,lunaris,1,437.676
20_80M_11F,Tetraodontidae,Lagocephalus,lunaris,1,429.082
20_80M_34N,Tetraodontidae,Lagocephalus,lunaris,1,329.711
20_80M_54F,Tetraodontidae,Lagocephalus,lunaris,1,452.355
20_80M_79F,Tetraodontidae,Lagocephalus,lunaris,1,494.188
20_80M_81F,Tetraodontidae,Lagocephalus,lunaris,1,505.035
20_80M_90N,Tetraodontidae,Lagocephalus,lunaris,1,510.328
20_80M_94F,Tetraodontidae,Lagocephalus,lunaris,1,503.546
20_80M_98F,Tetraodontidae,Lagocephalus,lunaris,1,541.886
20_80M_40N,Tetraodontidae,Lagocephalus,sceleratus,1,187.401
20_80M_44F,Tetraodontidae,Torquigener,spp,1,128.649
20_80M_36N,Zanclidae,Zanclus,cornutus,1,124.806
