Sample,Family,Genus,Species,Count,Length,Code,Filename,Frame,Time (mins),Precision (mm),RMS (mm),Range (mm),Direction (deg),Comment,Stage,Activity,Length_Comment
ARCO02_1512,Sparidae,Pagrus,auratus,1,178.472,37353001,AROC02_1512_L.avi,30318,10.106,0.675,0.901,834.893,11.863,,AD,Passing,
ARCO02_1512,Sparidae,Pagrus,auratus,1,178.074,37353001,AROC02_1512_L.avi,47142,15.714,2.878,2.711,1668.425,26.441,,AD,Passing,
ARCO02_1512,Sparidae,Pagrus,auratus,1,175.627,37353001,AROC02_1512_L.avi,47649,15.883,3.531,3.406,1901.908,2.985,,AD,Passing,
ARCO02_1512,Sparidae,Pagrus,auratus,1,182.83,37353001,AROC02_1512_L.avi,47649,15.883,1.676,2.247,1709.628,8.133,,AD,Passing,
ARCO02_1512,Sparidae,Pagrus,auratus,1,170.626,37353001,AROC02_1512_L.avi,47649,15.883,3.937,0.974,1907.878,23.674,,AD,Passing,
ARCO02_1512,Sparidae,Pagrus,auratus,1,192.174,37353001,AROC02_1512_L.avi,65002,21.6673,2.836,5.148,1906.97,16.233,,AD,Passing,
ARCO02_1512,Sparidae,Pagrus,auratus,1,176.165,37353001,AROC02_1512_L.avi,65002,21.6673,2.804,1.517,1600.437,23.181,,AD,Passing,
ARCO02_1512,Sparidae,Pagrus,auratus,1,187.949,37353001,AROC02_1512_L.avi,107902,35.9673,1.769,1.205,1231.025,10.585,,AD,Passing,
ARCO02_1512,Pinguipedidae,Parapercis,ramsayi,1,172.05,37390002,AROC02_1512_L.avi,24962,8.3207,2.987,2.877,1950.68,24.859,,AD,Passing,
ARCO02_1512,Carangidae,Pseudocaranx,sp,1,217.343,37337924,AROC02_1512_L.avi,28613,9.5377,3.392,2.107,1334.015,24.701,,AD,Passing,
ARCO02_1512,Carangidae,Pseudocaranx,sp,1,207.603,37337924,AROC02_1512_L.avi,28629,9.543,2.28,1.346,1714.9,4.963,,AD,Passing,
ARCO02_1512,Carangidae,Pseudocaranx,sp,1,230.192,37337924,AROC02_1512_L.avi,28635,9.545,1.598,2.933,1787.437,5.255,,AD,Passing,
ARCO01_1512,Labridae,Austrolabrus,maculatus,1,91.702,37384025,AROC01_1512_L.avi,37985,12.6617,0.738,1.223,857.329,25.821,,AD,Passing,
ARCO01_1512,Labridae,Austrolabrus,maculatus,1,110.337,37384025,AROC01_1512_L.avi,37985,12.6617,0.84,1.647,859.681,17.784,,AD,Passing,
ARCO01_1512,Heterodontidae,Heterodontus,portusjacksoni,1,353.511,37007001,AROC01_1512_L.avi,189659,63.2197,3.529,6.105,2281.906,15.748,,AD,Passing,
ARCO01_1512,Monacanthidae,Meuschenia,galii,1,221.868,37465040,AROC01_1512_L.avi,157106,52.3687,2.383,1.853,1185.681,27.435,,AD,Passing,
ARCO01_1512,Sparidae,Pagrus,auratus,1,170.506,37353001,AROC01_1512_L.avi,13542,4.514,2.697,0.567,1483.811,19.969,,AD,Passing,
ARCO01_1512,Sparidae,Pagrus,auratus,1,104.405,37353001,AROC01_1512_L.avi,13542,4.514,1.935,1.764,1322.423,27.525,,AD,Passing,
ARCO01_1512,Sparidae,Pagrus,auratus,1,193.632,37353001,AROC01_1512_L.avi,129514,43.1713,1.384,2,1217.458,13.649,,AD,Passing,
ARCO01_1512,Sparidae,Pagrus,auratus,1,210.745,37353001,AROC01_1512_L.avi,129514,43.1713,1.412,0.932,1447.159,0.629,,AD,Passing,
ARCO01_1512,Sparidae,Pagrus,auratus,1,189.268,37353001,AROC01_1512_L.avi,129540,43.18,1.887,5.234,1202.942,24.568,,AD,Passing,
ARCO01_1512,Sparidae,Pagrus,auratus,1,195.34,37353001,AROC01_1512_L.avi,129540,43.18,1.337,0.809,1433.887,2.664,,AD,Passing,
ARCO01_1512,Sparidae,Pagrus,auratus,1,185.378,37353001,AROC01_1512_L.avi,129717,43.239,3.355,3.259,1496.794,22.025,,AD,Passing,
ARCO01_1512,Sparidae,Pagrus,auratus,1,165.592,37353001,AROC01_1512_L.avi,129840,43.28,1.635,1.636,1471.858,12.062,,AD,Passing,
ARCO01_1512,Sparidae,Pagrus,auratus,1,157.038,37353001,AROC01_1512_L.avi,130360,43.4533,1.056,1.88,1136.088,13.056,,AD,Passing,
ARCO01_1512,Sparidae,Pagrus,auratus,1,224.89,37353001,AROC01_1512_L.avi,130473,43.491,4.549,2.111,1822.723,20.016,,AD,Passing,
ARCO01_1512,Sparidae,Pagrus,auratus,1,193.544,37353001,AROC01_1512_L.avi,174950,58.3167,1.14,2.2,1123.38,22.077,,AD,Passing,
ARCO01_1512,Sparidae,Pagrus,auratus,1,199.342,37353001,AROC01_1512_L.avi,176819,58.9397,1.565,2.142,1703.716,12.972,,AD,Passing,
ARCO01_1512,Sparidae,Pagrus,auratus,1,212.032,37353001,AROC01_1512_L.avi,176819,58.9397,2.269,1.158,1651.124,24.938,,AD,Passing,
ARCO01_1512,Carangidae,Pseudocaranx,sp,1,213.537,37337924,AROC01_1512_L.avi,86322,28.774,1.973,0.353,1478.039,23.98,,AD,Passing,
ARCO01_1512,Carangidae,Pseudocaranx,sp,1,198.445,37337924,AROC01_1512_L.avi,86322,28.774,1.771,2.791,1526.755,9.659,,AD,Passing,
ARCO01_1512,Carangidae,Pseudocaranx,sp,1,181.215,37337924,AROC01_1512_L.avi,86322,28.774,3.425,4.374,2139.438,11.106,,AD,Passing,
ARCO01_1512,Carangidae,Pseudocaranx,sp,1,175.692,37337924,AROC01_1512_L.avi,86487,28.829,1.396,1.981,1274.463,16.226,,AD,Passing,
ARCO01_1512,Carangidae,Pseudocaranx,sp,1,222.547,37337924,AROC01_1512_L.avi,86487,28.829,1.745,3.476,1471.787,25.765,,AD,Passing,
ARCO01_1512,Carangidae,Pseudocaranx,sp,1,197.835,37337924,AROC01_1512_L.avi,87058,29.0193,1.449,5.313,1389.108,11.345,,AD,Passing,
ARCO01_1512,Carangidae,Pseudocaranx,sp,1,179.314,37337924,AROC01_1512_L.avi,105520,35.1733,1.094,3.007,1067.738,15.108,,AD,Passing,
ARCO01_1512,Carangidae,Pseudocaranx,sp,1,246.767,37337924,AROC01_1512_L.avi,105520,35.1733,1.697,1.588,1300.917,28.638,,AD,Passing,
ARCO01_1512,Odacidae,Siphonognathus,caninis,1,62.613,37385011,AROC01_1512_L.avi,12597,4.199,0.91,6.421,949.405,18.444,,AD,Passing,
ARCO01_1512,Monacanthidae,Thamnaconus,degeni,1,121.187,37465037,AROC01_1512_L.avi,152887,50.9623,1.237,4.822,805.134,18.405,,AD,Passing,
ARCO01_1512,Monacanthidae,Thamnaconus,degeni,1,111.617,37465037,AROC01_1512_L.avi,152998,50.9993,1.227,4.51,853.587,18.358,,AD,Passing,
ARCO01_1512,Monacanthidae,Thamnaconus,degeni,1,126.549,37465037,AROC01_1512_L.avi,173795,57.9317,0.813,2.942,696.075,15.852,,AD,Passing,
ARCO01_1512,Monacanthidae,Thamnaconus,degeni,1,111.07,37465037,AROC01_1512_L.avi,173930,57.9767,0.686,1.647,896.989,3.829,,AD,Passing,
ARCO01_1512,Monacanthidae,Thamnaconus,degeni,1,123.54,37465037,AROC01_1512_L.avi,174146,58.0487,0.906,4.414,1050.145,14.858,,AD,Passing,
ARCO01_1512,Monacanthidae,Thamnaconus,degeni,1,123.359,37465037,AROC01_1512_L.avi,174577,58.1923,0.58,4.383,708.57,14.287,,AD,Passing,
ARCO01_1512,Monacanthidae,Thamnaconus,degeni,1,117.779,37465037,AROC01_1512_L.avi,174770,58.2567,0.439,2.52,523.76,7.066,,AD,Passing,
ARCO01_1512,Monacanthidae,Thamnaconus,degeni,1,122.383,37465037,AROC01_1512_L.avi,175761,58.587,0.802,5.509,909.698,19.377,,AD,Passing,
ARCO01_1512,Mullidae,Upeneichthys,vlamingii,1,130.523,37355029,AROC01_1512_L.avi,26784,8.928,11.622,4.763,2769.065,11.668,,AD,Passing,
ARCO02_1512,Carangidae,Pseudocaranx,sp,1,207.198,37337924,AROC02_1512_L.avi,28688,9.5627,2.703,1.955,1292.929,24.224,,AD,Passing,
ARCO02_1512,Carangidae,Pseudocaranx,sp,1,207.82,37337924,AROC02_1512_L.avi,28722,9.574,4.749,1.766,1700.642,22.158,,AD,Passing,
ARCO02_1512,Carangidae,Pseudocaranx,sp,1,260.217,37337924,AROC02_1512_L.avi,31814,10.6047,6,0.863,2171.559,19.558,,AD,Passing,
ARCO02_1512,Carangidae,Pseudocaranx,sp,1,210.515,37337924,AROC02_1512_L.avi,31814,10.6047,3.051,3.698,2200.242,8.443,,AD,Passing,
ARCO02_1512,Carangidae,Pseudocaranx,sp,1,226.181,37337924,AROC02_1512_L.avi,31814,10.6047,3.18,3.119,1820.053,3.175,,AD,Passing,
ARCO02_1512,Carangidae,Pseudocaranx,sp,1,242.444,37337924,AROC02_1512_L.avi,31814,10.6047,6.89,0.26,2222.266,15.295,,AD,Passing,
ARCO02_1512,Carangidae,Pseudocaranx,sp,1,109.593,37337924,AROC02_1512_L.avi,31814,10.6047,1.625,4.271,1703.276,12.221,,AD,Passing,
ARCO02_1512,Carangidae,Pseudocaranx,sp,1,213.819,37337924,AROC02_1512_L.avi,31814,10.6047,2.412,2.992,1997.362,8.14,,AD,Passing,
ARCO02_1512,Carangidae,Pseudocaranx,sp,1,214.967,37337924,AROC02_1512_L.avi,31848,10.616,2.617,1.051,2013.326,11.948,,AD,Passing,
ARCO02_1512,Carangidae,Pseudocaranx,sp,1,175.635,37337924,AROC02_1512_L.avi,121927,40.6423,1.954,1.8,1465.649,26.555,,AD,Passing,
ARCO02_1512,Carangidae,Pseudocaranx,sp,1,110.718,37337924,AROC02_1512_L.avi,121927,40.6423,1.955,1.983,1297.177,19.578,,AD,Passing,
ARCO02_1512,Monacanthidae,Thamnaconus,degeni,1,111.331,37465037,AROC02_1512_L.avi,103457,34.4857,1.828,0.603,1150.453,17.074,,AD,Passing,
ARCO02_1512,Monacanthidae,Thamnaconus,degeni,1,94.963,37465037,AROC02_1512_L.avi,121927,40.6423,0.991,1.787,1206.91,3.365,,AD,Passing,
ARCO02_1512,Monacanthidae,Thamnaconus,degeni,1,105.374,37465037,AROC02_1512_L.avi,121927,40.6423,1.605,3.227,1119.384,2.216,,AD,Passing,
ARCO02_1512,Monacanthidae,Thamnaconus,degeni,1,46.509,37465037,AROC02_1512_L.avi,121927,40.6423,3.526,42.888,1289.666,4.951,,AD,Passing,
ARCO02_1512,Monacanthidae,Thamnaconus,degeni,1,121.499,37465037,AROC02_1512_L.avi,122080,40.6933,1.074,0.854,1341.896,1.726,,AD,Passing,
ARCO02_1512,Monacanthidae,Thamnaconus,degeni,1,118.188,37465037,AROC02_1512_L.avi,122126,40.7087,1.029,0.818,1315.687,4.001,,AD,Passing,
ARCO02_1512,Monacanthidae,Thamnaconus,degeni,1,103.109,37465037,AROC02_1512_L.avi,122126,40.7087,1.21,1.084,1170.306,2.031,,AD,Passing,
ARCO03_1512,Monacanthidae,Acanthaluteres,brownii,1,250.905,37465001,AROC03_1512_L.avi,77822,25.9407,1.069,3.99,1734.655,7.698,,M,Attracted,
ARCO03_1512,Monacanthidae,Acanthaluteres,vittiger,1,99.331,37465002,AROC03_1512_L.avi,42569,14.1897,1.987,6.335,1434.082,6.601,,AD,Passing,
ARCO03_1512,Monacanthidae,Acanthaluteres,vittiger,1,97.493,37465002,AROC03_1512_L.avi,92446,30.8153,0.725,4.279,1211.631,14.71,,AD,Passing,
ARCO03_1512,Heterodontidae,Heterodontus,portusjacksoni,1,343.565,37007001,AROC03_1512_L.avi,100431,33.477,1.778,4.356,1620.393,15.431,,AD,Passing,
ARCO03_1512,Sparidae,Pagrus,auratus,1,191.948,37353001,AROC03_1512_L.avi,72002,24.0007,3.838,3.856,1880.572,15.957,,AD,Passing,
ARCO03_1512,Sparidae,Pagrus,auratus,1,228.747,37353001,AROC03_1512_L.avi,72002,24.0007,2.536,12.894,1740.875,6.812,,AD,Passing,
ARCO03_1512,Sparidae,Pagrus,auratus,1,174.41,37353001,AROC03_1512_L.avi,72002,24.0007,1.221,4.862,1329.197,7.657,,AD,Passing,
ARCO03_1512,Sparidae,Pagrus,auratus,1,177.579,37353001,AROC03_1512_L.avi,92446,30.8153,1.343,8.95,1610.291,3.233,,AD,Passing,
ARCO03_1512,Sparidae,Pagrus,auratus,1,202.161,37353001,AROC03_1512_L.avi,92446,30.8153,4.906,12.601,2183.522,19.87,,AD,Passing,
ARCO03_1512,Sparidae,Pagrus,auratus,1,195.207,37353001,AROC03_1512_L.avi,92446,30.8153,3.159,10.901,1744.595,14.6,,AD,Passing,
ARCO03_1512,Sparidae,Pagrus,auratus,1,167.919,37353001,AROC03_1512_L.avi,92467,30.8223,1.163,6.694,1467.383,17.433,,AD,Passing,
ARCO03_1512,Sparidae,Pagrus,auratus,1,163.218,37353001,AROC03_1512_L.avi,92467,30.8223,0.821,6.589,1410.121,7.444,,AD,Passing,
ARCO03_1512,Sparidae,Pagrus,auratus,1,171.364,37353001,AROC03_1512_L.avi,92493,30.831,1.167,5.011,1315.993,4.356,,AD,Passing,
ARCO03_1512,Sparidae,Pagrus,auratus,1,183.041,37353001,AROC03_1512_L.avi,164758,54.9193,0.818,5.284,1281.648,14.953,,AD,Passing,
ARCO03_1512,Sparidae,Pagrus,auratus,1,104.801,37353001,AROC03_1512_L.avi,164983,54.9943,1.543,6.97,1420.992,3.37,,AD,Passing,
ARCO03_1512,Sparidae,Pagrus,auratus,1,101.234,37353001,AROC03_1512_L.avi,164983,54.9943,1.013,7.895,1941.682,3.872,,AD,Passing,
ARCO03_1512,Sparidae,Pagrus,auratus,1,107.481,37353001,AROC03_1512_L.avi,164983,54.9943,1.344,4.03,1295.463,11.765,,AD,Passing,
ARCO03_1512,Sparidae,Pagrus,auratus,1,196.14,37353001,AROC03_1512_L.avi,165531,55.177,2.056,2.537,1616.368,17.001,,AD,Passing,
ARCO03_1512,Sparidae,Pagrus,auratus,1,154.782,37353001,AROC03_1512_L.avi,175920,58.64,0.953,4.368,1449.272,18.113,,AD,Passing,
ARCO03_1512,Carangidae,Pseudocaranx,sp,1,182.654,37337924,AROC03_1512_L.avi,160074,53.358,0.872,4.025,1446.465,9.032,,AD,Attracted,
ARCO03_1512,Monacanthidae,Scobinichthys,granulatus,1,125.765,37465007,AROC03_1512_L.avi,58556,19.5187,0.939,5.105,1299.045,6.008,,AD,Passing,
ARCO03_1512,Sillaginidae,Sillago,sp,1,176.759,37330904,AROC03_1512_L.avi,150111,50.037,2.409,8.286,2009.682,17.742,,AD,Passing,
ARCO03_1512,Sillaginidae,Sillago,sp,1,222.184,37330904,AROC03_1512_L.avi,165313,55.1043,5.165,9.483,2181.181,21.988,,AD,Passing,
ARCO03_1512,Sillaginidae,Sillago,sp,1,216.954,37330904,AROC03_1512_L.avi,169954,56.6513,1.058,4.328,1128.654,12.897,,AD,Passing,
ARCO03_1512,Monacanthidae,Thamnaconus,degeni,1,118.68,37465037,AROC03_1512_L.avi,92446,30.8153,0.754,4.452,1450.994,4.16,,AD,Passing,
ARCO03_1512,Monacanthidae,Thamnaconus,degeni,1,75.035,37465037,AROC03_1512_L.avi,164749,54.9163,1.531,7.221,1932.727,13.368,,AD,Passing,
ARCO03_1512,Monacanthidae,Thamnaconus,degeni,1,87.695,37465037,AROC03_1512_L.avi,164749,54.9163,3.35,14.89,2178.533,20.807,,AD,Passing,
ARCO03_1512,Monacanthidae,Thamnaconus,degeni,1,86.244,37465037,AROC03_1512_L.avi,164749,54.9163,1.322,7.525,1432.836,8.406,,AD,Passing,
ARCO03_1512,Monacanthidae,Thamnaconus,degeni,1,112.951,37465037,AROC03_1512_L.avi,165531,55.177,1.098,2.39,1452.169,13.268,,AD,Passing,
ARCO03_1512,Monacanthidae,Thamnaconus,degeni,1,104.177,37465037,AROC03_1512_L.avi,165531,55.177,1.79,7.103,1463.14,3.916,,AD,Passing,
ARCO03_1512,Monacanthidae,Thamnaconus,degeni,1,111.517,37465037,AROC03_1512_L.avi,165531,55.177,0.914,1.472,1240.518,10.481,,AD,Passing,
ARCO03_1512,Monacanthidae,Thamnaconus,degeni,1,124.208,37465037,AROC03_1512_L.avi,165950,55.3167,1.097,6.187,1277.912,11.9,,AD,Passing,
ARCO03_1512,Monacanthidae,Thamnaconus,degeni,1,120.396,37465037,AROC03_1512_L.avi,166126,55.3753,0.926,4.113,1308.606,13.63,,AD,Passing,
ARCO03_1512,Monacanthidae,Thamnaconus,degeni,1,89.978,37465037,AROC03_1512_L.avi,166126,55.3753,1.394,5.324,1437.575,13.18,,AD,Passing,
ARCO03_1512,Monacanthidae,Thamnaconus,degeni,1,109.338,37465037,AROC03_1512_L.avi,166126,55.3753,1.998,5.953,1314.189,9.12,,AD,Passing,
ARCO03_1512,Monacanthidae,Thamnaconus,degeni,1,109.07,37465037,AROC03_1512_L.avi,166126,55.3753,1.673,10.824,1413.647,10.375,,AD,Passing,
ARCO03_1512,Monacanthidae,Thamnaconus,degeni,1,105.522,37465037,AROC03_1512_L.avi,166126,55.3753,0.725,5.665,1178.73,13.621,,AD,Passing,
ARCO03_1512,Monacanthidae,Thamnaconus,degeni,1,112.013,37465037,AROC03_1512_L.avi,166287,55.429,1.582,7.255,1790.732,18.018,,AD,Passing,
ARCO03_1512,Monacanthidae,Thamnaconus,degeni,1,96.293,37465037,AROC03_1512_L.avi,166287,55.429,2.505,6.137,1616.38,4.146,,AD,Passing,
ARCO03_1512,Monacanthidae,Thamnaconus,degeni,1,109.068,37465037,AROC03_1512_L.avi,166287,55.429,2.836,7.321,1667.655,5.707,,AD,Passing,
ARCO03_1512,Monacanthidae,Thamnaconus,degeni,1,313.019,37465037,AROC03_1512_L.avi,166287,55.429,1.989,24.411,1179.256,14.141,,AD,Passing,
ARCO03_1512,Monacanthidae,Thamnaconus,degeni,1,89.405,37465037,AROC03_1512_L.avi,167016,55.672,0.771,6.563,1485.757,4.856,,AD,Passing,
ARCO03_1512,Monacanthidae,Thamnaconus,degeni,1,127.636,37465037,AROC03_1512_L.avi,175920,58.64,1.118,6.947,1550.902,6.685,,AD,Passing,
ARCO03_1512,Monacanthidae,Thamnaconus,degeni,1,93.917,37465037,AROC03_1512_L.avi,175920,58.64,0.971,6.621,1401.443,5.725,,AD,Passing,
ARCO03_1512,Mullidae,Upeneichthys,vlamingii,1,163.75,37355029,AROC03_1512_L.avi,17132,5.7107,4.311,13.4,2082.522,21.267,,AD,Passing,
ARCO04_1512,Monacanthidae,Acanthaluteres,brownii,1,238.712,37465001,AROC04_1512_L.avi,150217,50.0723,2.826,11.046,2180.792,18.736,,AD,Passing,
ARCO04_1512,Labridae,Austrolabrus,maculatus,1,101.643,37384025,AROC04_1512_L.avi,26020,8.6733,2.021,2.772,1942.156,13.412,,AD,Passing,
ARCO04_1512,Labridae,Austrolabrus,maculatus,1,103.048,37384025,AROC04_1512_L.avi,26086,8.6953,3.263,2.653,1912.884,15.107,,AD,Passing,
ARCO04_1512,Labridae,Austrolabrus,maculatus,1,137.619,37384025,AROC04_1512_L.avi,26105,8.7017,3.823,8.059,2291.797,16.016,,AD,Passing,
ARCO04_1512,Labridae,Austrolabrus,maculatus,1,83.435,37384025,AROC04_1512_L.avi,26857,8.9523,3.589,8.011,2136.149,11.552,,AD,Passing,
ARCO04_1512,Cheilodactylidae,Dactylophora,nigricans,1,577.098,37377005,AROC04_1512_L.avi,37552,12.5173,3.264,11.402,2292.266,17.629,,AD,Passing,
ARCO04_1512,Sparidae,Pagrus,auratus,1,190.208,37353001,AROC04_1512_L.avi,37552,12.5173,1.712,2.65,1410.207,1.574,,AD,Passing,
ARCO04_1512,Sparidae,Pagrus,auratus,1,187.359,37353001,AROC04_1512_L.avi,37982,12.6607,1.134,5.535,1492.114,4.017,,AD,Passing,
ARCO04_1512,Sparidae,Pagrus,auratus,1,181.971,37353001,AROC04_1512_L.avi,43440,14.48,3.036,1.976,1797.186,17.645,,J,Attracted,
ARCO04_1512,Sparidae,Pagrus,auratus,1,193.004,37353001,AROC04_1512_L.avi,43648,14.5493,0.75,5.126,1439.659,3.557,,J,Attracted,
ARCO04_1512,Sparidae,Pagrus,auratus,1,184.442,37353001,AROC04_1512_L.avi,43648,14.5493,1.281,5.213,1346.56,6.954,,J,Attracted,
ARCO04_1512,Sparidae,Pagrus,auratus,1,190.265,37353001,AROC04_1512_L.avi,54363,18.121,1.837,8.761,1910.458,7.467,,J,Feeding,
ARCO04_1512,Sparidae,Pagrus,auratus,1,197.494,37353001,AROC04_1512_L.avi,84751,28.2503,1.365,2.986,1877.413,16.975,,J,Attracted,
ARCO04_1512,Sparidae,Pagrus,auratus,1,189.355,37353001,AROC04_1512_L.avi,84757,28.2523,0.727,3.84,1252.852,2.202,,AD,Passing,
ARCO04_1512,Sparidae,Pagrus,auratus,1,209.323,37353001,AROC04_1512_L.avi,84757,28.2523,1.537,4.814,1871.272,16.625,,AD,Passing,
ARCO04_1512,Sparidae,Pagrus,auratus,1,186.849,37353001,AROC04_1512_L.avi,84797,28.2657,0.787,3.238,1221.179,15.71,,AD,Passing,
ARCO04_1512,Sparidae,Pagrus,auratus,1,186.114,37353001,AROC04_1512_L.avi,84816,28.272,2.824,8.964,1968.338,17.916,,AD,Passing,
ARCO04_1512,Sparidae,Pagrus,auratus,1,172.791,37353001,AROC04_1512_L.avi,84887,28.2957,1.816,2.811,1533.965,16.362,,AD,Passing,
ARCO04_1512,Sparidae,Pagrus,auratus,1,177.128,37353001,AROC04_1512_L.avi,85440,28.48,1.273,6.094,1719.874,8.812,,AD,Passing,
ARCO04_1512,Sparidae,Pagrus,auratus,1,176.299,37353001,AROC04_1512_L.avi,143666,47.8887,0.763,4.547,1249.378,7.376,,AD,Passing,
ARCO04_1512,Sparidae,Pagrus,auratus,1,176.123,37353001,AROC04_1512_L.avi,150217,50.0723,1.16,4.086,1603.74,9.698,,J,Attracted,
ARCO04_1512,Sparidae,Pagrus,auratus,1,183.412,37353001,AROC04_1512_L.avi,150217,50.0723,0.819,10.118,1539.016,4.651,,J,Attracted,
ARCO04_1512,Sparidae,Pagrus,auratus,1,179.239,37353001,AROC04_1512_L.avi,180157,60.0523,3.422,12.958,2066.482,14.146,,AD,Passing,
ARCO04_1512,Sparidae,Pagrus,auratus,1,180.848,37353001,AROC04_1512_L.avi,180157,60.0523,1.153,5.877,1506.338,16.999,,AD,Passing,
ARCO04_1512,Sparidae,Pagrus,auratus,1,179.833,37353001,AROC04_1512_L.avi,180157,60.0523,1.53,6.823,1410.421,2.73,,AD,Passing,
ARCO04_1512,Sparidae,Pagrus,auratus,1,176.824,37353001,AROC04_1512_L.avi,180157,60.0523,0.762,4.864,1298.341,4.71,,AD,Passing,
ARCO04_1512,Carangidae,Pseudocaranx,sp,1,222.383,37337924,AROC04_1512_L.avi,84751,28.2503,2.984,5.031,2519.363,20.669,,AD,Attracted,
ARCO04_1512,Carangidae,Pseudocaranx,sp,1,258.941,37337924,AROC04_1512_L.avi,84755,28.2517,7.395,6.489,2700.861,14.314,,AD,Attracted,
ARCO04_1512,Carangidae,Pseudocaranx,sp,1,142.332,37337924,AROC04_1512_L.avi,91421,30.4737,1.751,3.221,1487.256,12.157,,AD,Passing,
ARCO04_1512,Monacanthidae,Scobinichthys,granulatus,1,178.788,37465007,AROC04_1512_L.avi,24408,8.136,2.567,6.405,2119.594,12.236,,AD,Passing,
ARCO04_1512,Monacanthidae,Thamnaconus,degeni,1,113.314,37465037,AROC04_1512_L.avi,143666,47.8887,0.672,3.433,1286.034,4.392,,AD,Passing,
ARNI01_1512,Cheilodactylidae,Cheilodactylus,nigripes,1,147.022,37377001,ARIN01_1512_L.avi,43285,14.4283,6.485,7.568,3854.292,16.928,Limited vis,AD,Passing,
ARNI01_1512,Dinolestidae,Dinolestes,lewini,1,218.86,37327002,ARIN01_1512_L.avi,82568,27.5227,7.541,12.496,2577.231,21.457,Limited vis,AD,Passing,
ARNI01_1512,Dinolestidae,Dinolestes,lewini,1,186.249,37327002,ARIN01_1512_L.avi,82568,27.5227,4.365,4.164,2632.923,11.202,Limited vis,AD,Passing,
ARNI01_1512,Dinolestidae,Dinolestes,lewini,1,205.107,37327002,ARIN01_1512_L.avi,82568,27.5227,7.682,1.503,3135.602,8.651,Limited vis,AD,Passing,
ARNI01_1512,Dinolestidae,Dinolestes,lewini,1,186.477,37327002,ARIN01_1512_L.avi,82568,27.5227,5.964,2.311,2989.587,11.825,Limited vis,AD,Passing,
ARNI01_1512,Dinolestidae,Dinolestes,lewini,1,188.995,37327002,ARIN01_1512_L.avi,82568,27.5227,3.886,2.283,3123.277,12.82,Limited vis,AD,Passing,
ARNI01_1512,Dinolestidae,Dinolestes,lewini,1,193.159,37327002,ARIN01_1512_L.avi,82568,27.5227,7.387,3.295,2605.309,17.527,Limited vis,AD,Passing,
ARNI01_1512,Dinolestidae,Dinolestes,lewini,1,188.705,37327002,ARIN01_1512_L.avi,82568,27.5227,6.944,2.543,3145.529,10.166,Limited vis,AD,Passing,
ARNI01_1512,Dinolestidae,Dinolestes,lewini,1,187.403,37327002,ARIN01_1512_L.avi,82568,27.5227,3.212,0.816,3271.354,12.766,Limited vis,AD,Passing,
ARNI01_1512,Dinolestidae,Dinolestes,lewini,1,181.204,37327002,ARIN01_1512_L.avi,82568,27.5227,5.507,2.082,2949.926,12.728,Limited vis,AD,Passing,
ARNI01_1512,Enoplosidae,Enoplosus,armatus,1,150.514,37366001,ARIN01_1512_L.avi,15800,5.2667,1.548,0.995,2134,15.534,Limited vis,AD,Passing,
ARNI01_1512,Kyphosidae,Kyphosus,sydneyanus,1,406.596,37361001,ARIN01_1512_L.avi,22580,7.5267,3.245,0.783,2030.072,3.73,Limited vis,AD,Passing,
ARNI01_1512,Monacanthidae,Meuschenia,hippocrepis,1,231.21,37465004,ARIN01_1512_L.avi,161792,53.9307,1.015,2.436,1525.069,6.552,Limited vis,AD,Attracted,
ARNI01_1512,Monacanthidae,Meuschenia,hippocrepis,1,179.526,37465004,ARIN01_1512_L.avi,162165,54.055,2.025,0.308,1644.29,7.816,Limited vis,J,Attracted,
ARNI01_1512,Labridae,Notolabrus,parilus,1,404.107,37384022,ARIN01_1512_L.avi,62854,20.9513,3.543,1.606,2785.063,11.845,Limited vis,M,Passing,
ARNI01_1512,Labridae,Notolabrus,tetricus,1,390.626,37384003,ARIN01_1512_L.avi,88464,29.488,2.967,0.637,2164.817,15.401,Limited vis,AD,Passing,
ARNI01_1512,Sparidae,Pagrus,auratus,1,196.77,37353001,ARIN01_1512_L.avi,62406,20.802,2.243,1.508,2299.506,7.68,Limited vis,J,Passing,
ARNI01_1512,Pomacentridae,Parma,victoriae,1,170.032,37372006,ARIN01_1512_L.avi,64197,21.399,3.299,0.577,2115.223,8.321,Limited vis,AD,Passing,
ARNI01_1512,Carangidae,Pseudocaranx,sp,1,267.11,37337924,ARIN01_1512_L.avi,149123,49.7077,2.527,2.076,1651.363,15.872,Limited vis,AD,Attracted,
ARNI01_1512,Carangidae,Pseudocaranx,sp,1,236.467,37337924,ARIN01_1512_L.avi,149123,49.7077,2.992,1.35,1694.888,12.866,Limited vis,AD,Attracted,
ARNI01_1512,Carangidae,Pseudocaranx,sp,1,255.351,37337924,ARIN01_1512_L.avi,149123,49.7077,1.032,5.898,1969.715,1.805,Limited vis,AD,Attracted,
ARNI01_1512,Carangidae,Pseudocaranx,sp,1,250.383,37337924,ARIN01_1512_L.avi,149123,49.7077,1.72,1.287,2040.046,5.439,Limited vis,AD,Attracted,
ARNI01_1512,Carangidae,Pseudocaranx,sp,1,219.465,37337924,ARIN01_1512_L.avi,149123,49.7077,1.743,2.376,2061.593,6.379,Limited vis,AD,Attracted,
ARNI01_1512,Carangidae,Pseudocaranx,sp,1,218.284,37337924,ARIN01_1512_L.avi,149123,49.7077,2.79,2.701,1778.932,14.136,Limited vis,AD,Attracted,
ARNI01_1512,Carangidae,Pseudocaranx,sp,1,287.72,37337924,ARIN01_1512_L.avi,149123,49.7077,1.255,1.937,1980.591,10.458,Limited vis,AD,Attracted,
ARNI01_1512,Scorpididae,Scorpis,aequipinnis,1,210.837,37361004,ARIN01_1512_L.avi,84203,28.0677,2.232,0.547,2077.793,8.201,Limited vis,AD,Attracted,
ARNI01_1512,Sillaginidae,Sillaginodes,punctatus,1,376.393,37330001,ARIN01_1512_L.avi,46076,15.3587,2.264,2.341,1743.971,14.633,Limited vis,AD,Passing,
ARNI01_1512,Scorpididae,Tilodon,sexfasciatus,1,131.212,37361003,ARIN01_1512_L.avi,17388,5.796,4.283,2.104,2176.181,16.87,Limited vis,AD,Passing,
ARNI02_1512,Sparidae,Pagrus,auratus,1,354.905,37353001,ARIN02_1512_L.avi,175764,58.588,1.978,0.71,2021.483,1.893,,J,Passing,
ARNI02_1512,Carangidae,Pseudocaranx,sp,1,298.82,37337924,ARIN02_1512_L.avi,71194,23.7313,1.601,2.757,2390.17,3.78,,AD,Attracted,
ARNI02_1512,Carangidae,Pseudocaranx,sp,1,268.547,37337924,ARIN02_1512_L.avi,71194,23.7313,3.403,1.213,2212.089,10.598,,AD,Attracted,
ARNI02_1512,Carangidae,Pseudocaranx,sp,1,287.869,37337924,ARIN02_1512_L.avi,71194,23.7313,1.759,1.912,2002.042,16.955,,AD,Attracted,
ARNI02_1512,Carangidae,Pseudocaranx,sp,1,254.454,37337924,ARIN02_1512_L.avi,71194,23.7313,1.164,2.005,1984.017,5.907,,AD,Attracted,
ARNI02_1512,Scorpididae,Scorpis,aequipinnis,1,227.318,37361004,ARIN02_1512_L.avi,165861,55.287,1.624,1.596,1816.478,12.674,,AD,Attracted,
ARNI02_1512,Scorpididae,Scorpis,aequipinnis,1,262.148,37361004,ARIN02_1512_L.avi,165874,55.2913,3.986,1.812,2716.345,12.228,,AD,Passing,
ARNI02_1512,Sillaginidae,Sillaginodes,punctatus,1,297.874,37330001,ARIN02_1512_L.avi,21592,7.1973,3.705,1.738,2119.852,7.161,,AD,Passing,
ARNI02_1512,Carangidae,Trachurus,novaezelandiae,1,153.626,37337003,ARIN02_1512_L.avi,18704,6.2347,1.861,2.225,1882.154,12.811,,AD,Passing,
ARNI03_1512,Labridae,Austrolabrus,maculatus,1,126.654,37384025,ARIN03_1512_L.avi,41779,13.9263,0.782,0.693,1095.897,10.563,BRUVS tilted down,AD,Attracted,
ARNI03_1512,Serranidae,Hypoplectrodes,nigroruber,1,179.179,37311037,ARIN03_1512_L.avi,187837,62.6123,2.567,0.889,1510.652,11.211,BRUVS tilted down,,Passing,
ARNI03_1512,Monacanthidae,Meuschenia,hippocrepis,1,174.727,37465004,ARIN03_1512_L.avi,197034,65.678,0.367,5.43,685.487,7.502,BRUVS tilted down,,Feeding,
ARNI03_1512,Labridae,Notolabrus,tetricus,1,418.109,37384003,ARIN03_1512_L.avi,168025,56.0083,1.772,1.102,1309.979,8.591,BRUVS tilted down,M,Attracted,
ARNI03_1512,Sparidae,Pagrus,auratus,1,337.108,37353001,ARIN03_1512_L.avi,155503,51.8343,0.825,1.811,1249.378,7.187,BRUVS tilted down,AD,Feeding,
ARNI03_1512,Sparidae,Pagrus,auratus,1,209.036,37353001,ARIN03_1512_L.avi,156183,52.061,1.721,7.713,1328.765,17.335,BRUVS tilted down,J,Attracted,
ARNI03_1512,Pomacentridae,Parma,victoriae,1,173.1,37372006,ARIN03_1512_L.avi,37077,12.359,1.517,0.541,1389.235,18.089,BRUVS tilted down,AD,Passing,
ARNI03_1512,Carangidae,Pseudocaranx,sp,1,257.275,37337924,ARIN03_1512_L.avi,53225,17.7417,0.662,2.122,1134.016,5.531,BRUVS tilted down,AD,Feeding,
ARNI03_1512,Carangidae,Pseudocaranx,sp,1,259.292,37337924,ARIN03_1512_L.avi,53237,17.7457,0.701,0.932,1119.944,10.913,BRUVS tilted down,,Feeding,
ARNI03_1512,Carangidae,Pseudocaranx,sp,1,217.98,37337924,ARIN03_1512_L.avi,53254,17.7513,0.759,3.224,1137.52,10.589,BRUVS tilted down,AD,Feeding,
ARNI03_1512,Carangidae,Pseudocaranx,sp,1,259.482,37337924,ARIN03_1512_L.avi,53279,17.7597,0.641,2.018,1087.89,8.502,BRUVS tilted down,AD,Feeding,
ARNI03_1512,Carangidae,Pseudocaranx,sp,1,255.576,37337924,ARIN03_1512_L.avi,53279,17.7597,0.859,8.017,1085.91,12.005,BRUVS tilted down,AD,Feeding,
ARNI03_1512,Carangidae,Pseudocaranx,sp,1,225.422,37337924,ARIN03_1512_L.avi,53279,17.7597,0.876,6.293,1117.162,12.661,BRUVS tilted down,AD,Feeding,
ARNI03_1512,Scorpididae,Tilodon,sexfasciatus,1,219.176,37361003,ARIN03_1512_L.avi,189890,63.2967,1.4,4.548,1532.013,21.558,BRUVS tilted down,AD,Passing,
ARNI04_1512,Labridae,Austrolabrus,maculatus,1,146.904,37384025,ARIN04_1512_L.avi,9832,3.2773,3.83,3.136,2205.319,23.244,,AD,Passing,
ARNI04_1512,Labridae,Austrolabrus,maculatus,1,89.904,37384025,ARIN04_1512_L.avi,10049,3.3497,1.191,0.663,1864.585,13.572,,,Passing,
ARNI04_1512,Labridae,Austrolabrus,maculatus,1,138.879,37384025,ARIN04_1512_L.avi,10190,3.3967,2.17,0.85,1672.554,13.134,,AD,Passing,
ARNI04_1512,Serranidae,Caesioperca,rasor,1,181.466,37311003,ARIN04_1512_L.avi,52862,17.6207,0.996,1.4,1640.202,3.284,,,Attracted,
ARNI04_1512,Serranidae,Caesioperca,rasor,1,143.612,37311003,ARIN04_1512_L.avi,52862,17.6207,2.267,1.847,1694.92,14.069,,,Attracted,
ARNI04_1512,Serranidae,Caesioperca,rasor,1,181.876,37311003,ARIN04_1512_L.avi,52862,17.6207,0.743,0.489,1075.258,13.219,,,Attracted,
ARNI04_1512,Cheilodactylidae,Cheilodactylus,nigripes,1,333.987,37377001,ARIN04_1512_L.avi,11081,3.6937,2.792,1.268,2714.262,13.29,,AD,Passing,
ARNI04_1512,Chaetodontidae,Chelmonops,curiosus,1,171.526,37365066,ARIN04_1512_L.avi,19583,6.5277,1.743,1.859,1573.806,24.329,,AD,Attracted,
ARNI04_1512,Dinolestidae,Dinolestes,lewini,1,266.94,37327002,ARIN04_1512_L.avi,18983,6.3277,0.764,2.883,1157.624,14.304,,AD,Passing,
ARNI04_1512,Sparidae,Pagrus,auratus,1,193.212,37353001,ARIN04_1512_L.avi,86693,28.8977,0.999,0.854,1598.919,6.569,,AD,Passing,
ARNI04_1512,Kyphosidae,Kyphosus,sydneyanus,1,529.537,37361001,ARIN04_1512_L.avi,60898,20.2993,5.46,0.768,2736.131,11.631,,AD,Attracted,
ARNI04_1512,Monacanthidae,Meuschenia,flavolineata,1,277.588,37465035,ARIN04_1512_L.avi,89326,29.7753,5.329,7.719,3964.671,15.688,,AD,Passing,
ARNI04_1512,Monacanthidae,Meuschenia,hippocrepis,1,207.157,37465004,ARIN04_1512_L.avi,64073,21.3577,6.035,3.483,2947.12,9.032,,,Passing,
ARNI04_1512,Monacanthidae,Meuschenia,hippocrepis,1,170.48,37465004,ARIN04_1512_L.avi,64106,21.3687,4.115,1.794,2287.043,18.162,,,Passing,
ARNI04_1512,Labridae,Notolabrus,parilus,1,420.144,37384022,ARIN04_1512_L.avi,63273,21.091,1.301,2.603,1640.208,17.337,,M,Attracted,
ARNI04_1512,Labridae,Notolabrus,tetricus,1,441.958,37384003,ARIN04_1512_L.avi,63532,21.1773,2.926,0.997,2631.38,12.385,,M,Attracted,
ARNI04_1512,Sparidae,Pagrus,auratus,1,205.148,37353001,ARIN04_1512_L.avi,86693,28.8977,1.49,2.425,1484.576,3.052,,,Attracted,
ARNI04_1512,Sparidae,Pagrus,auratus,1,193.74,37353001,ARIN04_1512_L.avi,86711,28.9037,1.904,1.198,1720.282,9.754,,AD,Passing,
ARNI04_1512,Sparidae,Pagrus,auratus,1,215.483,37353001,ARIN04_1512_L.avi,87419,29.1397,1.098,3.101,1497.397,6.524,,,Attracted,
ARNI04_1512,Sparidae,Pagrus,auratus,1,228.249,37353001,ARIN04_1512_L.avi,87419,29.1397,1.108,1.956,1636.673,5.164,,,Attracted,
ARNI04_1512,Sparidae,Pagrus,auratus,1,197.792,37353001,ARIN04_1512_L.avi,87419,29.1397,1.649,2.536,1618.009,3.342,,,Attracted,
ARNI04_1512,Carangidae,Pseudocaranx,sp,1,288.955,37337924,ARIN04_1512_L.avi,42563,14.1877,2.829,2.013,2463.459,13.038,,AD,Passing,
ARNI04_1512,Carangidae,Pseudocaranx,sp,1,142.376,37337924,ARIN04_1512_L.avi,42600,14.2,1.156,0.492,1262.916,14.078,,,Attracted,
ARNI04_1512,Carangidae,Pseudocaranx,sp,1,99.007,37337924,ARIN04_1512_L.avi,42600,14.2,1.621,0.68,1248.8,19.652,,J,Attracted,
ARNI04_1512,Carangidae,Pseudocaranx,sp,1,111.742,37337924,ARIN04_1512_L.avi,42647,14.2157,0.815,1.849,1268.589,13.489,,J,Attracted,
ARNI04_1512,Carangidae,Pseudocaranx,sp,1,269.509,37337924,ARIN04_1512_L.avi,42832,14.2773,1.417,4.334,1785.996,5.845,,AD,Attracted,
ARNI04_1512,Carangidae,Pseudocaranx,sp,1,224.932,37337924,ARIN04_1512_L.avi,42855,14.285,1.127,1.572,1713.873,3.051,,AD,Attracted,
ARNI04_1512,Scorpididae,Scorpis,aequipinnis,1,274.659,37361004,ARIN04_1512_L.avi,10458,3.486,3.946,4.125,2688.653,7.134,,AD,Passing,
ARNI04_1512,Sillaginidae,Sillaginodes,punctatus,1,456.078,37330001,ARIN04_1512_L.avi,15336,5.112,6.626,2.848,2543.936,5.703,,AD,Attracted,
ARNI04_1512,Scorpididae,Tilodon,sexfasciatus,1,245.121,37361003,ARIN04_1512_L.avi,8687,2.8957,2.108,0.095,2072.988,2.314,,AD,Attracted,
ARNI04_1512,Scorpididae,Tilodon,sexfasciatus,1,149.931,37361003,ARIN04_1512_L.avi,8687,2.8957,1.107,0.819,1533.584,15.6,,AD,Attracted,
ARNO01_1512,Heterodontidae,Heterodontus,portusjacksoni,1,263.959,37007001,ARON01_1512_L.avi,84115,28.0383,0.689,5.704,1302.137,14.24,Edge of Halophila bed / sand,J,Attracted,
ARNO01_1512,Monacanthidae,Thamnaconus,degeni,1,100.502,37465037,ARON01_1512_L.avi,68590,22.8633,0.669,3.389,970.911,10.802,Edge of Halophila bed / sand,,Attracted,
ARNO01_1512,Monacanthidae,Thamnaconus,degeni,1,96.022,37465037,ARON01_1512_L.avi,68590,22.8633,1.583,1.671,1205.433,13.784,Edge of Halophila bed / sand,,Attracted,
ARNO01_1512,Monacanthidae,Thamnaconus,degeni,1,109.212,37465037,ARON01_1512_L.avi,68590,22.8633,0.796,4.676,1033.184,6.146,Edge of Halophila bed / sand,,Attracted,
ARNO01_1512,Monacanthidae,Thamnaconus,degeni,1,96.219,37465037,ARON01_1512_L.avi,68590,22.8633,0.621,1.082,1056.134,10.334,Edge of Halophila bed / sand,,Attracted,
ARNO01_1512,Monacanthidae,Thamnaconus,degeni,1,91.371,37465037,ARON01_1512_L.avi,68590,22.8633,0.785,4.697,1280.26,13.963,Edge of Halophila bed / sand,,Attracted,
ARNO01_1512,Monacanthidae,Thamnaconus,degeni,1,80.926,37465037,ARON01_1512_L.avi,68590,22.8633,0.955,4.464,1184.329,6.291,Edge of Halophila bed / sand,,Attracted,
ARNO01_1512,Monacanthidae,Thamnaconus,degeni,1,97.627,37465037,ARON01_1512_L.avi,68590,22.8633,0.996,6.301,1368.422,15.904,Edge of Halophila bed / sand,,Attracted,
ARNO01_1512,Monacanthidae,Thamnaconus,degeni,1,90.363,37465037,ARON01_1512_L.avi,68590,22.8633,0.665,4.418,1225.072,7.637,Edge of Halophila bed / sand,,Attracted,
ARNO01_1512,Monacanthidae,Thamnaconus,degeni,1,106.37,37465037,ARON01_1512_L.avi,68590,22.8633,0.806,7.798,1236.566,3.333,Edge of Halophila bed / sand,,Attracted,
ARNO01_1512,Monacanthidae,Thamnaconus,degeni,1,91.035,37465037,ARON01_1512_L.avi,68590,22.8633,0.577,3.116,985.799,0.654,Edge of Halophila bed / sand,,Attracted,
ARNO01_1512,Monacanthidae,Thamnaconus,degeni,1,104.308,37465037,ARON01_1512_L.avi,68590,22.8633,0.684,6.019,1110.752,4.403,Edge of Halophila bed / sand,,Attracted,
ARNO01_1512,Monacanthidae,Thamnaconus,degeni,1,86.215,37465037,ARON01_1512_L.avi,68590,22.8633,0.78,2.206,1235.184,13.026,Edge of Halophila bed / sand,,Attracted,
ARNO02_1512,Monacanthidae,Thamnaconus,degeni,1,106.144,37465037,ARON02_1512_L.avi,38062,12.6873,0.783,4.655,1370.947,8.689,,,Feeding,
ARNO02_1512,Monacanthidae,Thamnaconus,degeni,1,85.884,37465037,ARON02_1512_L.avi,38062,12.6873,1.429,2.489,1165.083,13.001,,,Feeding,
ARNO02_1512,Monacanthidae,Thamnaconus,degeni,1,85.982,37465037,ARON02_1512_L.avi,38062,12.6873,0.526,3.51,928.436,11.949,,,Feeding,
ARNO02_1512,Monacanthidae,Thamnaconus,degeni,1,86.394,37465037,ARON02_1512_L.avi,38062,12.6873,0.862,2.77,1232.215,7.969,,,Feeding,
ARNO02_1512,Monacanthidae,Thamnaconus,degeni,1,107.174,37465037,ARON02_1512_L.avi,38079,12.693,0.854,6.176,1282.84,15,,,Feeding,
ARNO02_1512,Monacanthidae,Thamnaconus,degeni,1,98.337,37465037,ARON02_1512_L.avi,38079,12.693,1.168,2.893,1213.753,3.167,,,Feeding,
ARNO02_1512,Monacanthidae,Thamnaconus,degeni,1,137.152,37465037,ARON02_1512_L.avi,160181,53.3937,1.5,1.445,1818.699,10.942,,,Feeding,
ARNO02_1512,Monacanthidae,Thamnaconus,degeni,1,159.938,37465037,ARON02_1512_L.avi,160233,53.411,1.045,3.5,1012.058,1.831,,,Feeding,
ARNO03_1512,Monacanthidae,Thamnaconus,degeni,1,92.032,37465037,ARON03_1512_L.avi,159425,53.1417,0.465,0.996,564.463,10.844,,,Attracted,
ARNO03_1512,Monacanthidae,Thamnaconus,degeni,1,105.493,37465037,ARON03_1512_L.avi,159425,53.1417,0.789,2.23,1045.972,9.633,,,Attracted,
ARNO03_1512,Monacanthidae,Thamnaconus,degeni,1,107.917,37465037,ARON03_1512_L.avi,159425,53.1417,0.863,7.246,1192.238,6.497,,,Attracted,
ARNO03_1512,Monacanthidae,Thamnaconus,degeni,1,103.649,37465037,ARON03_1512_L.avi,159425,53.1417,2.277,1.117,1080.538,6.843,,,Attracted,
ARNO03_1512,Monacanthidae,Thamnaconus,degeni,1,94.836,37465037,ARON03_1512_L.avi,159425,53.1417,1.98,3.092,1217.438,12.876,,,Attracted,
ARNO03_1512,Monacanthidae,Thamnaconus,degeni,1,116.775,37465037,ARON03_1512_L.avi,159425,53.1417,1.513,3.351,1336.317,16.655,,,Attracted,
ARNO03_1512,Monacanthidae,Thamnaconus,degeni,1,86.083,37465037,ARON03_1512_L.avi,159425,53.1417,1.22,0.477,1317.572,18.744,,,Attracted,
ARNO03_1512,Monacanthidae,Thamnaconus,degeni,1,99.618,37465037,ARON03_1512_L.avi,159425,53.1417,2.041,3.972,1261.484,23.17,,,Attracted,
ARNO03_1512,Monacanthidae,Thamnaconus,degeni,1,102.923,37465037,ARON03_1512_L.avi,159914,53.3047,1.614,1.664,1129.949,5.345,,,Attracted,
ARNO03_1512,Mullidae,Upeneichthys,vlamingii,1,104.411,37355029,ARON03_1512_L.avi,42285,14.095,1.139,2.522,1155.689,8.234,,,Attracted,
ARNO04_1512,Monacanthidae,Thamnaconus,degeni,1,118.218,37465037,ARON04_1512_L.avi,122474,40.8247,0.702,1.604,846.153,24.879,,AD,Attracted,
ARNO04_1512,Monacanthidae,Thamnaconus,degeni,1,136.922,37465037,ARON04_1512_L.avi,122474,40.8247,1.596,0.869,923.929,12.292,,AD,Attracted,
ARNO04_1512,Monacanthidae,Thamnaconus,degeni,1,94.633,37465037,ARON04_1512_L.avi,122474,40.8247,0.928,1.167,693.166,14.439,,AD,Attracted,
ARNO04_1512,Monacanthidae,Thamnaconus,degeni,1,99.236,37465037,ARON04_1512_L.avi,122474,40.8247,1.737,2.564,1061.542,15.685,,AD,Attracted,
ARNO04_1512,Monacanthidae,Thamnaconus,degeni,1,89.833,37465037,ARON04_1512_L.avi,122474,40.8247,2.476,1.757,1562.858,8.642,,AD,Attracted,
ARNO04_1512,Monacanthidae,Thamnaconus,degeni,1,114.67,37465037,ARON04_1512_L.avi,122474,40.8247,2.18,1.452,1626.165,5.243,,AD,Attracted,
ARNO04_1512,Monacanthidae,Thamnaconus,degeni,1,96.438,37465037,ARON04_1512_L.avi,122474,40.8247,2.028,2.906,1367.429,15.62,,AD,Attracted,
ARNO04_1512,Monacanthidae,Thamnaconus,degeni,1,99.1,37465037,ARON04_1512_L.avi,123251,41.0837,2.392,1.534,1305.686,21.101,,AD,Attracted,
ARNO04_1512,Monacanthidae,Thamnaconus,degeni,1,111.628,37465037,ARON04_1512_L.avi,123251,41.0837,0.925,0.696,1214.175,5.192,,AD,Attracted,
ARNO04_1512,Monacanthidae,Thamnaconus,degeni,1,86.117,37465037,ARON04_1512_L.avi,123251,41.0837,2.019,4.189,1364.767,11.97,,AD,Attracted,
ARNO04_1512,Monacanthidae,Thamnaconus,degeni,1,104.706,37465037,ARON04_1512_L.avi,123251,41.0837,1.01,3.158,1426.411,4.891,,AD,Attracted,
ARNO04_1512,Monacanthidae,Thamnaconus,degeni,1,128.602,37465037,ARON04_1512_L.avi,123251,41.0837,3.017,0.507,1244.378,15.344,,AD,Attracted,
ARSI01_1512,Monacanthidae,Acanthaluteres,vittiger,1,133.146,37465002,ARIS01_1512_L.avi,159182,53.0607,1.889,0.578,1615.325,18.426,,AD,Passing,
ARSI01_1512,Monacanthidae,Acanthaluteres,vittiger,1,102.83,37465002,ARIS01_1512_L.avi,159205,53.0683,1.548,0.955,1512.133,16.35,,AD,Passing,
ARSI01_1512,Ostraciidae,Aracana,ornata,1,128.378,37466001,ARIS01_1512_L.avi,42245,14.0817,1.139,2.424,1355.5,16.294,,AD,Passing,
ARSI01_1512,Labridae,Austrolabrus,maculatus,1,117.487,37384025,ARIS01_1512_L.avi,12444,4.148,2.889,7.358,2768.496,14.229,,AD,Passing,
ARSI01_1512,Chaetodontidae,Chelmonops,curiosus,1,142.031,37365066,ARIS01_1512_L.avi,146296,48.7653,2.156,4.388,2565.05,13.895,,AD,Passing,
ARSI01_1512,Cheilodactylidae,Dactylophora,nigricans,1,576.303,37377005,ARIS01_1512_L.avi,8789,2.9297,3.767,2.126,2592.009,9.857,,AD,Passing,
ARSI01_1512,Cheilodactylidae,Dactylophora,nigricans,1,519.971,37377005,ARIS01_1512_L.avi,8812,2.9373,2.595,5.578,2718.432,18.525,,AD,Passing,
ARSI01_1512,Kyphosidae,Kyphosus,sydneyanus,1,446.921,37361001,ARIS01_1512_L.avi,15729,5.243,1.933,2.636,3101.933,4.705,,AD,Passing,
ARSI01_1512,Labridae,Notolabrus,parilus,1,441.748,37384022,ARIS01_1512_L.avi,187098,62.366,4.518,7.416,2681.912,15.494,,AD,Passing,
ARSI01_1512,Sparidae,Pagrus,auratus,1,229.674,37353001,ARIS01_1512_L.avi,65166,21.722,2.005,6.426,2132.929,16.782,,J,Attracted,
ARSI01_1512,Carangidae,Pseudocaranx,sp,1,118.602,37337924,ARIS01_1512_L.avi,49541,16.5137,0.889,5.308,1259.887,12.645,,AD,Passing,
ARSI01_1512,Carangidae,Pseudocaranx,sp,1,110.864,37337924,ARIS01_1512_L.avi,49541,16.5137,1.656,1.183,1483.432,14.923,,AD,Passing,
ARSI01_1512,Carangidae,Pseudocaranx,sp,1,232.555,37337924,ARIS01_1512_L.avi,49541,16.5137,2.245,3.645,2068.861,11.167,,AD,Passing,
ARSI01_1512,Carangidae,Pseudocaranx,sp,1,158.463,37337924,ARIS01_1512_L.avi,49541,16.5137,4.263,1.689,1798.332,11.001,,AD,Passing,
ARSI01_1512,Carangidae,Pseudocaranx,sp,1,107.507,37337924,ARIS01_1512_L.avi,49541,16.5137,1.425,2.677,1649.099,11.302,,AD,Passing,
ARSI01_1512,Carangidae,Pseudocaranx,sp,1,104.868,37337924,ARIS01_1512_L.avi,49541,16.5137,0.95,1.737,1446.826,13.988,,AD,Passing,
ARSI01_1512,Carangidae,Pseudocaranx,sp,1,119.655,37337924,ARIS01_1512_L.avi,49541,16.5137,1.813,4.914,1753.324,19.873,,AD,Passing,
ARSI01_1512,Carangidae,Pseudocaranx,sp,1,122.015,37337924,ARIS01_1512_L.avi,49541,16.5137,2.96,1.954,1733.447,4.847,,AD,Passing,
ARSI01_1512,Carangidae,Pseudocaranx,sp,1,93.95,37337924,ARIS01_1512_L.avi,49541,16.5137,1.576,0.331,1607.445,10.143,,AD,Passing,
ARSI01_1512,Carangidae,Pseudocaranx,sp,1,109.459,37337924,ARIS01_1512_L.avi,49541,16.5137,3.967,0.48,1935.703,4.05,,AD,Passing,
ARSI01_1512,Carangidae,Pseudocaranx,sp,1,98.607,37337924,ARIS01_1512_L.avi,49541,16.5137,1.382,4.266,1377.394,10.334,,AD,Passing,
ARSI01_1512,Mullidae,Upeneichthys,vlamingii,1,198.971,37355029,ARIS01_1512_L.avi,62514,20.838,0.984,1.453,1893.179,10.319,,AD,Passing,
ARSI01_1512,Mullidae,Upeneichthys,vlamingii,1,163.118,37355029,ARIS01_1512_L.avi,181571,60.5237,1.351,0.304,2386.98,13.035,,AD,Passing,
ARSI01_1512,Mullidae,Upeneichthys,vlamingii,1,172.025,37355029,ARIS01_1512_L.avi,181600,60.5333,4.853,3.596,2351.472,12.678,,AD,Passing,
ARSI01_1512,Mullidae,Upeneichthys,vlamingii,1,122.962,37355029,ARIS01_1512_L.avi,181600,60.5333,3.472,2.159,2440.949,13.366,,AD,Passing,
ARSI01_1512,Mullidae,Upeneichthys,vlamingii,1,115.922,37355029,ARIS01_1512_L.avi,181649,60.5497,4.815,1.963,2354.001,13.184,,AD,Passing,
ARSI01_1512,Mullidae,Upeneichthys,vlamingii,1,105.366,37355029,ARIS01_1512_L.avi,181649,60.5497,4.215,3.659,2386.231,13.717,,AD,Passing,
ARSI02_1512,Labridae,Achoerodus,gouldii,1,328.6,37384002,ARIS02_1512_L.avi,140074,46.6913,5.332,2.696,2445.876,16.407,,AD,Passing,
ARSI02_1512,Labridae,Achoerodus,gouldii,1,303.946,37384002,ARIS02_1512_L.avi,140102,46.7007,10.623,3.553,3246.658,18.588,,AD,Passing,
ARSI02_1512,Cheilodactylidae,Dactylophora,nigricans,1,550.954,37377005,ARIS02_1512_L.avi,10671,3.557,4.106,7.029,3468.148,10.457,,AD,Passing,
ARSI02_1512,Cheilodactylidae,Dactylophora,nigricans,1,674.626,37377005,ARIS02_1512_L.avi,10779,3.593,2.511,3.866,2670.947,3.865,,AD,Passing,
ARSI02_1512,Sparidae,Pagrus,auratus,1,190.697,37353001,ARIS02_1512_L.avi,16600,5.5333,0.901,2.787,1572.246,11.93,,AD,Passing,
ARSI02_1512,Sparidae,Pagrus,auratus,1,321.516,37353001,ARIS02_1512_L.avi,16600,5.5333,5.217,4.188,2566.663,14.057,,AD,Passing,
ARSI02_1512,Sparidae,Pagrus,auratus,1,327.06,37353001,ARIS02_1512_L.avi,19569,6.523,5.416,5.043,2512.788,10.332,,AD,Passing,
ARSI02_1512,Sparidae,Pagrus,auratus,1,240.561,37353001,ARIS02_1512_L.avi,19569,6.523,4.232,2.821,1931.727,20.608,,AD,Passing,
ARSI02_1512,Sparidae,Pagrus,auratus,1,190.801,37353001,ARIS02_1512_L.avi,20669,6.8897,2.617,1.297,2336.55,22.011,,AD,Passing,
ARSI02_1512,Sparidae,Pagrus,auratus,1,169.217,37353001,ARIS02_1512_L.avi,20681,6.8937,2.059,2.338,2063.33,22.705,,AD,Passing,
ARSI02_1512,Sparidae,Pagrus,auratus,1,195.255,37353001,ARIS02_1512_L.avi,23027,7.6757,3.994,0.855,1930.184,16.899,,AD,Passing,
ARSI02_1512,Platycephalidae,Platycephalus,speculator,1,281.217,37296037,ARIS02_1512_L.avi,35371,11.7903,1.595,6.611,1648.337,9.989,,AD,Passing,
ARSI02_1512,Carangidae,Pseudocaranx,sp,1,255.993,37337924,ARIS02_1512_L.avi,22993,7.6643,2.564,0.377,2063.914,7.972,,AD,Passing,
ARSI02_1512,Carangidae,Pseudocaranx,sp,1,186.115,37337924,ARIS02_1512_L.avi,26218,8.7393,2.991,0.583,1848.101,4.892,,AD,Passing,
ARSI02_1512,Carangidae,Pseudocaranx,sp,1,130.106,37337924,ARIS02_1512_L.avi,26218,8.7393,1.986,0.354,1332.584,15.236,,AD,Passing,
ARSI02_1512,Carangidae,Pseudocaranx,sp,1,189.948,37337924,ARIS02_1512_L.avi,26228,8.7427,2.805,3.754,1807.325,6.575,,AD,Passing,
ARSI02_1512,Carangidae,Pseudocaranx,sp,1,178.972,37337924,ARIS02_1512_L.avi,26570,8.8567,1.056,1.284,1881.067,4.331,,AD,Passing,
ARSI02_1512,Carangidae,Pseudocaranx,sp,1,147.998,37337924,ARIS02_1512_L.avi,26587,8.8623,2.111,1.303,1698.341,15.525,,AD,Passing,
ARSI02_1512,Carangidae,Pseudocaranx,sp,1,124.335,37337924,ARIS02_1512_L.avi,64465,21.4883,1.143,2.068,1165.848,12.972,,AD,Passing,
ARSI02_1512,Carangidae,Pseudocaranx,sp,1,105.947,37337924,ARIS02_1512_L.avi,64484,21.4947,0.688,1.833,1135.284,13.817,,AD,Passing,
ARSI02_1512,Carangidae,Pseudocaranx,sp,1,129.758,37337924,ARIS02_1512_L.avi,64484,21.4947,0.59,0.382,1060.454,2.456,,AD,Passing,
ARSI02_1512,Carangidae,Pseudocaranx,sp,1,133.781,37337924,ARIS02_1512_L.avi,64561,21.5203,0.602,1.036,1084.386,9.645,,AD,Passing,
ARSI02_1512,Carangidae,Pseudocaranx,sp,1,110.829,37337924,ARIS02_1512_L.avi,64593,21.531,0.54,4.653,970.103,9.149,,AD,Passing,
ARSI02_1512,Carangidae,Pseudocaranx,sp,1,101.066,37337924,ARIS02_1512_L.avi,64593,21.531,0.795,3.802,1133.39,17.242,,AD,Passing,
ARSI02_1512,Carangidae,Pseudocaranx,sp,1,109.133,37337924,ARIS02_1512_L.avi,64593,21.531,0.623,1.254,1033.159,7.393,,AD,Passing,
ARSI02_1512,Carangidae,Pseudocaranx,sp,1,114.002,37337924,ARIS02_1512_L.avi,64694,21.5647,0.611,6.246,934.064,16.179,,AD,Passing,
ARSI02_1512,Carangidae,Pseudocaranx,sp,1,137.675,37337924,ARIS02_1512_L.avi,73744,24.5813,1.142,1.552,2055.113,5.741,,AD,Passing,
ARSI02_1512,Monacanthidae,Thamnaconus,degeni,1,107.239,37465037,ARIS02_1512_L.avi,164817,54.939,0.593,0.653,750.136,6.857,,AD,Feeding,
ARSI02_1512,Monacanthidae,Thamnaconus,degeni,1,109.588,37465037,ARIS02_1512_L.avi,164893,54.9643,1.132,0.837,1107.989,10.069,,AD,Feeding,
ARSI02_1512,Monacanthidae,Thamnaconus,degeni,1,105.304,37465037,ARIS02_1512_L.avi,173248,57.7493,1.451,3.234,1182.004,13.584,,AD,Feeding,
ARSI02_1512,Monacanthidae,Thamnaconus,degeni,1,120.317,37465037,ARIS02_1512_L.avi,173248,57.7493,0.805,0.57,1180.201,3.346,,AD,Feeding,
ARSI02_1512,Monacanthidae,Thamnaconus,degeni,1,104.889,37465037,ARIS02_1512_L.avi,173284,57.7613,1.177,0.388,1168.182,11.706,,AD,Feeding,
ARSI03_1512,Gerreidae,Parequula,melbournensis,1,73.334,37349001,ARIS03_1512_L.avi,28823,9.6077,1.111,1.679,1145.297,13.913,,AD,Passing,
ARSI03_1512,Carangidae,Pseudocaranx,sp,1,120.789,37337924,ARIS03_1512_L.avi,30073,10.0243,1.597,5.846,1790.528,19.183,,AD,Passing,
ARSI03_1512,Monacanthidae,Thamnaconus,degeni,1,94.308,37465037,ARIS03_1512_L.avi,25900,8.6333,0.636,1.523,1224.79,2.774,,,Attracted,
ARSI03_1512,Monacanthidae,Thamnaconus,degeni,1,107.786,37465037,ARIS03_1512_L.avi,25900,8.6333,0.715,1.566,1287.601,10.746,,,Attracted,
ARSI03_1512,Monacanthidae,Thamnaconus,degeni,1,101.26,37465037,ARIS03_1512_L.avi,28823,9.6077,0.601,1.668,1100.575,4.971,,,Attracted,
ARSI03_1512,Monacanthidae,Thamnaconus,degeni,1,95.098,37465037,ARIS03_1512_L.avi,28823,9.6077,0.7,2.863,1251.681,2.488,,,Attracted,
ARSI03_1512,Monacanthidae,Thamnaconus,degeni,1,102.482,37465037,ARIS03_1512_L.avi,30044,10.0147,1.156,3.017,1045.596,6.343,,AD,Passing,
ARSI03_1512,Monacanthidae,Thamnaconus,degeni,1,96.01,37465037,ARIS03_1512_L.avi,30044,10.0147,0.721,1.39,1395.278,5.769,,AD,Passing,
ARSI03_1512,Monacanthidae,Thamnaconus,degeni,1,108.251,37465037,ARIS03_1512_L.avi,30044,10.0147,1.429,1.283,1444.8,2.857,,AD,Passing,
ARSI03_1512,Monacanthidae,Thamnaconus,degeni,1,88.411,37465037,ARIS03_1512_L.avi,30044,10.0147,1.422,1.151,1669.49,17.661,,AD,Passing,
ARSI03_1512,Monacanthidae,Thamnaconus,degeni,1,96.825,37465037,ARIS03_1512_L.avi,30044,10.0147,0.604,1.338,1119.535,0.857,,AD,Passing,
ARSI03_1512,Monacanthidae,Thamnaconus,degeni,1,95.326,37465037,ARIS03_1512_L.avi,30044,10.0147,1.179,0.591,1736.21,19.486,,AD,Passing,
ARSI03_1512,Mullidae,Upeneichthys,vlamingii,1,88.725,37355029,ARIS03_1512_L.avi,152423,50.8077,2.414,7.36,1472.299,22.331,,AD,Passing,
ARSI04_1512,Monacanthidae,Acanthaluteres,brownii,1,221.238,37465001,ARIS04_1512_L.avi,133814,44.6047,6.675,3.807,2462.353,16.822,,AD,Passing,
ARSI04_1512,Monacanthidae,Acanthaluteres,brownii,1,228.858,37465001,ARIS04_1512_L.avi,133814,44.6047,4.581,2.292,3121.934,10.017,,AD,Passing,
ARSI04_1512,Monacanthidae,Acanthaluteres,brownii,1,181.713,37465001,ARIS04_1512_L.avi,133814,44.6047,4.981,1.046,2663.844,7.327,,AD,Passing,
ARSI04_1512,Monacanthidae,Acanthaluteres,brownii,1,199.753,37465001,ARIS04_1512_L.avi,133814,44.6047,5.41,2.043,2340.484,3.513,,AD,Passing,
ARSI04_1512,Monacanthidae,Acanthaluteres,brownii,1,212.83,37465001,ARIS04_1512_L.avi,133814,44.6047,8.917,4.272,2920.097,6.054,,AD,Passing,
ARSI04_1512,Monacanthidae,Acanthaluteres,brownii,1,178.073,37465001,ARIS04_1512_L.avi,133814,44.6047,5.621,2.396,2529.433,7.743,,AD,Passing,
ARSI04_1512,Labridae,Achoerodus,gouldii,1,410.812,37384002,ARIS04_1512_L.avi,176922,58.974,2.946,10.057,2577.342,19.751,,AD,Passing,
ARSI04_1512,Ostraciidae,Aracana,ornata,1,179.499,37466001,ARIS04_1512_L.avi,108592,36.1973,0.827,3.601,905.142,4.347,,AD,Passing,
ARSI04_1512,Labridae,Austrolabrus,maculatus,1,93.791,37384025,ARIS04_1512_L.avi,32113,10.7043,3.467,3.372,2230.617,12.143,,AD,Passing,
ARSI04_1512,Labridae,Austrolabrus,maculatus,1,130.301,37384025,ARIS04_1512_L.avi,32126,10.7087,1.275,3.891,1986.971,13.265,,AD,Passing,
ARSI04_1512,Serranidae,Caesioperca,rasor,1,155.11,37311003,ARIS04_1512_L.avi,150162,50.054,1.089,3.261,1238.61,2.642,,AD,Passing,
ARSI04_1512,Chaetodontidae,Chelmonops,curiosus,1,119.101,37365066,ARIS04_1512_L.avi,138283,46.0943,3.167,1.824,2088.044,16.998,,AD,Passing,
ARSI04_1512,Enoplosidae,Enoplosus,armatus,1,157.483,37366001,ARIS04_1512_L.avi,190581,63.527,2.126,0.809,2237.201,6.817,,AD,Passing,
ARSI04_1512,Kyphosidae,Kyphosus,sydneyanus,1,391.256,37361001,ARIS04_1512_L.avi,171079,57.0263,1.959,3.73,2048.424,6.739,,AD,Passing,
ARSI04_1512,Monacanthidae,Meuschenia,galii,1,287.032,37465040,ARIS04_1512_L.avi,137883,45.961,0.956,0.843,1727.039,8.157,,AD,Passing,
ARSI04_1512,Monacanthidae,Meuschenia,hippocrepis,1,199.92,37465004,ARIS04_1512_L.avi,158235,52.745,2.102,7.135,1275.182,3.909,,AD,Passing,
ARSI04_1512,Monacanthidae,Meuschenia,hippocrepis,1,282.793,37465004,ARIS04_1512_L.avi,158243,52.7477,0.77,1.974,1343.249,11.823,,AD,Passing,
ARSI04_1512,Monacanthidae,Meuschenia,hippocrepis,1,278.186,37465004,ARIS04_1512_L.avi,158243,52.7477,1.29,1.341,1266.382,9.897,,AD,Passing,
ARSI04_1512,Monacanthidae,Meuschenia,hippocrepis,1,258.249,37465004,ARIS04_1512_L.avi,158274,52.758,1.176,1.873,1304.672,7.062,,AD,Passing,
ARSI04_1512,Labridae,Notolabrus,parilus,1,331.552,37384022,ARIS04_1512_L.avi,168650,56.2167,2.131,3.013,2651.632,8.32,,AD,Passing,
ARSI04_1512,Labridae,Notolabrus,tetricus,1,414.448,37384003,ARIS04_1512_L.avi,103702,34.5673,8.905,3.119,2789.726,15.519,,AD,Passing,
ARSI04_1512,Sparidae,Pagrus,auratus,1,342.596,37353001,ARIS04_1512_L.avi,167977,55.9923,1.106,6.474,1724.733,10.451,,AD,Passing,
ARSI04_1512,Gerreidae,Parequula,melbournensis,1,113.22,37349001,ARIS04_1512_L.avi,38129,12.7097,1.943,4.095,1676.959,18.055,,AD,Passing,
ARSI04_1512,Carangidae,Pseudocaranx,sp,1,190.917,37337924,ARIS04_1512_L.avi,172786,57.5953,1.384,0.803,1673.535,19.568,,AD,Passing,
ARSI04_1512,Carangidae,Pseudocaranx,sp,1,127.902,37337924,ARIS04_1512_L.avi,172786,57.5953,0.687,0.801,1197.387,9.177,,AD,Passing,
ARSI04_1512,Carangidae,Pseudocaranx,sp,1,146.954,37337924,ARIS04_1512_L.avi,172786,57.5953,0.953,3.978,1306.378,12.949,,AD,Passing,
ARSI04_1512,Carangidae,Pseudocaranx,sp,1,172.496,37337924,ARIS04_1512_L.avi,172786,57.5953,0.915,0.877,1498.209,10.359,,AD,Passing,
ARSI04_1512,Carangidae,Pseudocaranx,sp,1,166.827,37337924,ARIS04_1512_L.avi,172786,57.5953,1.64,0.182,1553.569,8.776,,AD,Passing,
ARSI04_1512,Scorpididae,Scorpis,aequipinnis,1,231.55,37361004,ARIS04_1512_L.avi,93127,31.0423,2.915,2.349,2572.693,17.738,,AD,Passing,
ARSI04_1512,Monacanthidae,Thamnaconus,degeni,1,229.718,37465037,ARIS04_1512_L.avi,140837,46.9457,3.5,0.851,2078.093,2.325,,AD,Passing,
ARSI04_1512,Mullidae,Upeneichthys,vlamingii,1,79.658,37355029,ARIS04_1512_L.avi,112298,37.4327,3.542,6.836,1803.456,18.028,,AD,Passing,
CHHO01_1511,Labridae,Achoerodus,gouldii,1,640.623,37384002,CHOH01_1511_L.avi,120831,40.277,13.836,4.09,3296.379,12.998,,AD,Passing,
CHHO01_1511,Labridae,Austrolabrus,maculatus,1,156.865,37384025,CHOH01_1511_L.avi,92719,30.90633333,0.936,3.402,1436.216,8.568,,AD,Passing,
CHHO01_1511,Cheilodactylidae,Dactylophora,nigricans,1,602.748,37377005,CHOH01_1511_L.avi,22385,7.461666667,2.103,6.114,2092.946,10.284,,AD,Passing,
CHHO01_1511,Labridae,Eupetrichthys,angustipes,1,125.012,37384105,CHOH01_1511_L.avi,11514,3.838,2.934,2.038,1935.852,5.515,,AD,Passing,
CHHO01_1511,Monacanthidae,Meuschenia,hippocrepis,1,356.34,37465004,CHOH01_1511_L.avi,161243,53.74766667,1.837,6.291,1734.378,14.861,,AD,Passing,
CHHO01_1511,Labridae,Notolabrus,parilus,1,247.126,37384022,CHOH01_1511_L.avi,18904,6.301333333,5.877,8.004,2567.932,13.036,,AD,Passing,
CHHO01_1511,Labridae,Notolabrus,parilus,1,287.299,37384022,CHOH01_1511_L.avi,30716,10.23866667,3.655,3.295,2213.484,5.26,,M,Passing,
CHHO01_1511,Labridae,Notolabrus,parilus,1,224.215,37384022,CHOH01_1511_L.avi,38905,12.96833333,4.289,4.024,1917.745,11.142,,F,Passing,
CHHO01_1511,Labridae,Notolabrus,tetricus,1,246.98,37384003,CHOH01_1511_L.avi,55322,18.44066667,3.191,4.635,1757.742,13.732,,F,Passing,
CHHO01_1511,Labridae,Notolabrus,tetricus,1,288.065,37384003,CHOH01_1511_L.avi,55412,18.47066667,3.896,1.76,1956.268,6.104,,F,Passing,
CHHO01_1511,Labridae,Notolabrus,tetricus,1,237.947,37384003,CHOH01_1511_L.avi,55692,18.564,1.601,4.295,1726.714,13.635,,F,Passing,
CHHO01_1511,Labridae,Notolabrus,tetricus,1,368.666,37384003,CHOH01_1511_L.avi,65178,21.726,1.021,4.935,1810.915,3.22,,M,Passing,
CHHO01_1511,Odacidae,Olisthops,cyanomelas,1,388.606,37385001,CHOH01_1511_L.avi,63259,21.08633333,16.827,14.951,3828.618,19.266,,AD,Passing,
CHHO01_1511,Gerreidae,Parequula,melbournensis,1,100.877,37349001,CHOH01_1511_L.avi,21710,7.236666667,1.103,2.498,1491.282,4.985,,AD,Passing,
CHHO01_1511,Gerreidae,Parequula,melbournensis,1,98.735,37349001,CHOH01_1511_L.avi,21710,7.236666667,1.389,2.665,2447.96,5.433,,AD,Passing,
CHHO01_1511,Gerreidae,Parequula,melbournensis,1,98.956,37349001,CHOH01_1511_L.avi,21710,7.236666667,3.568,4.691,2568.611,15.136,,AD,Passing,
CHHO01_1511,Gerreidae,Parequula,melbournensis,1,106.064,37349001,CHOH01_1511_L.avi,21880,7.293333333,1.642,4.238,2106.73,12.019,,AD,Passing,
CHHO01_1511,Gerreidae,Parequula,melbournensis,1,119.034,37349001,CHOH01_1511_L.avi,22130,7.376666667,1.167,1.674,1155.905,17.577,,AD,Passing,
CHHO01_1511,Labridae,Pictilabrus,laticlavius,1,136.361,37384020,CHOH01_1511_L.avi,9748,3.249333333,1.274,1.002,1152.73,16.664,,AD,Passing,
CHHO01_1511,Labridae,Pictilabrus,laticlavius,1,210.006,37384020,CHOH01_1511_L.avi,161034,53.678,2.379,3.548,1810.149,5.687,,M,Passing,
CHHO01_1511,Sillaginidae,Sillaginodes,punctatus,1,397.419,37330001,CHOH01_1511_L.avi,153230,51.07666667,2.295,4.549,1775.736,7.047,,AD,Passing,
CHHO02_1511,Monacanthidae,Acanthaluteres,vittiger,1,182.104,37465002,CHOH02_1511_L.avi,24145,8.048333333,1.53,0.728,1617.98,12.745,Adjacent reef,AD,Attracted,
CHHO02_1511,Monacanthidae,Acanthaluteres,vittiger,1,182.215,37465002,CHOH02_1511_L.avi,24145,8.048333333,1.342,2.757,1350.862,8.952,Adjacent reef,AD,Attracted,
CHHO02_1511,Monacanthidae,Acanthaluteres,vittiger,1,130.325,37465002,CHOH02_1511_L.avi,24162,8.054,0.857,1.795,1488.051,7.335,Adjacent reef,AD,Attracted,
CHHO02_1511,Labridae,Notolabrus,parilus,1,297.939,37384022,CHOH02_1511_L.avi,58008,19.336,7.408,0.587,2690.467,9.492,Adjacent reef,M,Passing,
CHHO02_1511,Labridae,Notolabrus,parilus,1,235.867,37384022,CHOH02_1511_L.avi,87244,29.08133333,2.591,0.53,2006.235,10.034,Adjacent reef,F,Attracted,
CHHO02_1511,Labridae,Notolabrus,tetricus,1,214.13,37384003,CHOH02_1511_L.avi,61721,20.57366667,0.635,3.726,1028.443,8.798,Adjacent reef,F,Attracted,
CHHO02_1511,Labridae,Pictilabrus,laticlavius,1,196.476,37384020,CHOH02_1511_L.avi,66735,22.245,2.487,0.669,3089.244,7.95,Adjacent reef,M,Passing,
CHHO02_1511,Labridae,Pictilabrus,laticlavius,1,213.167,37384020,CHOH02_1511_L.avi,66760,22.25333333,5.015,1.127,2952.424,4.298,Adjacent reef,AD,Chase conspecific,
CHHO03_1511,Labridae,Achoerodus,gouldii,1,648.48,37384002,CHOH03_1511_L.avi,78046,26.01533333,3.72,3.204,2516.367,15.692,,AD,Passing,
CHHO03_1511,Dasyatidae,Dasyatis,brevicaudata,1,1270.136,37035001,CHOH03_1511_L.avi,61587,20.529,4.069,2.619,2321.51,13.109,,AD,Attracted,
CHHO03_1511,Monacanthidae,Meuschenia,freycineti,1,389.506,37465036,CHOH03_1511_L.avi,84857,28.28566667,2.529,5.394,1486.569,20.721,,M,Attracted,
CHHO03_1511,Triakidae,Mustelus,antarcticus,1,1075.428,37017001,CHOH03_1511_L.avi,78985,26.32833333,5.426,1.391,2219.934,15.866,,AD,Attracted,
CHHO03_1511,Labridae,Notolabrus,tetricus,1,417.926,37384003,CHOH03_1511_L.avi,79000,26.33333333,2.054,13.354,1580.109,23.885,,M,Attracted,
CHHO03_1511,Odacidae,Olisthops,cyanomelas,1,261.52,37385001,CHOH03_1511_L.avi,16454,5.484666667,2.347,2.118,1993.094,14.521,,M,Passing,
CHHO03_1511,Labridae,Pictilabrus,laticlavius,1,222.044,37384020,CHOH03_1511_L.avi,46475,15.49166667,3.34,4.744,2066.084,9.101,,M,Passing,
CHHO04_1511,Labridae,Achoerodus,gouldii,1,896.953,37384002,CHOH04_1511_L.avi,20390,6.796666667,3.782,1.543,2131.912,11.466,,AD,Passing,
CHHO04_1511,Labridae,Achoerodus,gouldii,1,688.513,37384002,CHOH04_1511_L.avi,20619,6.873,5.67,1.977,2632.456,16.383,,AD,Passing,
CHHO04_1511,Serranidae,Caesioperca,rasor,1,222.893,37311003,CHOH04_1511_L.avi,64632,21.544,0.825,6.15,1102.027,9.454,,AD,Passing,
CHHO04_1511,Berycidae,Centroberyx,gerrardi,1,419.691,37258004,CHOH04_1511_L.avi,99307,33.10233333,0.74,4.613,821.83,7.495,,AD,Feeding,
CHHO04_1511,Dinolestidae,Dinolestes,lewini,1,159.569,37327002,CHOH04_1511_L.avi,14290,4.763333333,4.683,4.942,2403.104,23.299,,AD,Passing,
CHHO04_1511,Enoplosidae,Enoplosus,armatus,1,212.804,37366001,CHOH04_1511_L.avi,7757,2.585666667,8.852,0.451,3164.654,13.103,,AD,Passing,
CHHO04_1511,Enoplosidae,Enoplosus,armatus,1,184.178,37366001,CHOH04_1511_L.avi,7757,2.585666667,18.726,4.452,3299.544,12.278,,AD,Passing,
CHHO04_1511,Kyphosidae,Girella,zebra,1,285.932,37361008,CHOH04_1511_L.avi,16704,5.568,3.927,2.039,2350.15,23.066,,AD,Passing,
CHHO04_1511,Monacanthidae,Meuschenia,freycineti,1,334.455,37465036,CHOH04_1511_L.avi,56985,18.995,2.628,1.522,1880.683,3.168,,M,Attracted,
CHHO04_1511,Monacanthidae,Meuschenia,freycineti,1,228.288,37465036,CHOH04_1511_L.avi,71766,23.922,1.573,0.359,1279.656,15.543,,F,Passing,
CHHO04_1511,Monacanthidae,Meuschenia,hippocrepis,1,317.826,37465004,CHOH04_1511_L.avi,24857,8.285666667,1.831,0.448,1407.346,6.81,,AD,Feeding,
CHHO04_1511,Monacanthidae,Meuschenia,hippocrepis,1,276.039,37465004,CHOH04_1511_L.avi,55806,18.602,1.637,4.006,1195.847,22.988,,AD,Passing,
CHHO04_1511,Monacanthidae,Meuschenia,hippocrepis,1,329.608,37465004,CHOH04_1511_L.avi,55933,18.64433333,3.329,1.471,1777.169,9.796,,AD,Passing,
CHHO04_1511,Monacanthidae,Meuschenia,hippocrepis,1,323.096,37465004,CHOH04_1511_L.avi,58318,19.43933333,1.252,1.958,1058.415,7.589,,AD,Feeding,
CHHO04_1511,Monacanthidae,Meuschenia,hippocrepis,1,344.591,37465004,CHOH04_1511_L.avi,102199,34.06633333,2.34,7.117,1449.248,7.241,,AD,Passing,
CHHO04_1511,Monacanthidae,Meuschenia,hippocrepis,1,349.569,37465004,CHOH04_1511_L.avi,102199,34.06633333,0.846,6.264,1082.277,18.439,,AD,Passing,
CHHO04_1511,Triakidae,Mustelus,antarcticus,1,1167.84,37017001,CHOH04_1511_L.avi,112668,37.556,3.392,7.208,1850.592,14.618,,AD,Passing,
CHHO04_1511,Labridae,Notolabrus,parilus,1,331.184,37384022,CHOH04_1511_L.avi,98376,32.792,1.355,0.932,1705.617,3.654,,AD,Passing,
CHHO04_1511,Labridae,Notolabrus,tetricus,1,261.477,37384003,CHOH04_1511_L.avi,33208,11.06933333,1.756,1.802,1159.335,22.726,,F,Passing,
CHHO04_1511,Labridae,Notolabrus,tetricus,1,329.335,37384003,CHOH04_1511_L.avi,36343,12.11433333,1.76,2.607,1234.292,23.402,,M,Passing,
CHHO04_1511,Labridae,Notolabrus,tetricus,1,263.68,37384003,CHOH04_1511_L.avi,37135,12.37833333,1.79,1.256,1616.03,5.16,,M,Passing,
CHHO04_1511,Labridae,Notolabrus,tetricus,1,386.286,37384003,CHOH04_1511_L.avi,49589,16.52966667,1.661,1.672,1063.235,21.188,,M,Passing,
CHHO04_1511,Labridae,Notolabrus,tetricus,1,352.486,37384003,CHOH04_1511_L.avi,56322,18.774,3.926,4.124,2181.361,25.367,,M,Passing,
CHHO04_1511,Labridae,Notolabrus,tetricus,1,329.3,37384003,CHOH04_1511_L.avi,56322,18.774,9.183,3.728,3272.618,15.199,,M,Passing,
CHHO04_1511,Labridae,Notolabrus,tetricus,1,283.534,37384003,CHOH04_1511_L.avi,59888,19.96266667,0.835,1.695,988.013,12.09,,M,Attracted,
CHHO04_1511,Odacidae,Olisthops,cyanomelas,1,405.32,37385001,CHOH04_1511_L.avi,93578,31.19266667,24.603,4.806,3841.997,24.329,,M,Passing,
CHHO04_1511,Labridae,Pictilabrus,laticlavius,1,146.366,37384020,CHOH04_1511_L.avi,22592,7.530666667,1.665,0.347,1781.127,8.53,,AD,Passing,
CHHO04_1511,Carangidae,Pseudocaranx,sp,1,307.073,37337924,CHOH04_1511_L.avi,27707,9.235666667,3.626,2.303,2543.522,14.274,,AD,Passing,
CHHO04_1511,Scorpididae,Scorpis,aequipinnis,1,294.552,37361004,CHOH04_1511_L.avi,111150,37.05,3.78,4.441,2523.169,12.957,,AD,Passing,
CHHO04_1511,Scorpididae,Scorpis,aequipinnis,1,289.305,37361004,CHOH04_1511_L.avi,111503,37.16766667,1.58,2.246,1332.066,15.853,,AD,Passing,
CHHO04_1511,Sillaginidae,Sillaginodes,punctatus,1,484.737,37330001,CHOH04_1511_L.avi,15459,5.153,5.102,1.354,2221.606,10.27,,AD,Attracted,
CHHO04_1511,Sillaginidae,Sillaginodes,punctatus,1,458.492,37330001,CHOH04_1511_L.avi,21777,7.259,2.074,2.012,1736.698,12.406,,AD,Passing,
CHNI01_1511,Monacanthidae,Acanthaluteres,vittiger,1,171.68,37465002,CHIN01_1511_L.avi,24456,8.152,2.149,0.631,1517.071,31.269,,F,Passing,
CHNI01_1511,Monacanthidae,Acanthaluteres,vittiger,1,243.106,37465002,CHIN01_1511_L.avi,24456,8.152,2.515,3.991,1723.839,30.323,,F,Passing,
CHNI01_1511,Ostraciidae,Aracana,ornata,1,81.086,37466001,CHIN01_1511_L.avi,61993,20.66433333,1.09,3.263,997.059,26.773,,F,Passing,
CHNI01_1511,Cheilodactylidae,Dactylophora,nigricans,1,871.776,37377005,CHIN01_1511_L.avi,167908,55.96933333,5.835,7.191,2017.69,26.101,,AD,Passing,
CHNI01_1511,Labridae,Eupetrichthys,angustipes,1,113.986,37384105,CHIN01_1511_L.avi,15046,5.015333333,5.549,1.871,2109.259,27.538,,AD,Passing,
CHNI01_1511,Monacanthidae,Meuschenia,australis,1,209.68,37465008,CHIN01_1511_L.avi,101268,33.756,1.556,2.712,1192.385,23.316,,AD,Passing,
CHNI01_1511,Monacanthidae,Meuschenia,freycineti,1,213.394,37465036,CHIN01_1511_L.avi,44205,14.735,1.846,2.773,1279.48,19.22,,F,Passing,
CHNI01_1511,Monacanthidae,Meuschenia,galii,1,136.192,37465040,CHIN01_1511_L.avi,25686,8.562,1.426,1.306,1762.08,19.371,,AD,Passing,
CHNI01_1511,Labridae,Notolabrus,parilus,1,419.673,37384022,CHIN01_1511_L.avi,39054,13.018,4.12,2.224,1878.23,24.896,,M,Passing,
CHNI01_1511,Labridae,Notolabrus,parilus,1,380.848,37384022,CHIN01_1511_L.avi,60494,20.16466667,3.662,2.64,1865.419,29.612,,F,Passing,
CHNI01_1511,Labridae,Notolabrus,tetricus,1,326.156,37384003,CHIN01_1511_L.avi,51427,17.14233333,1.601,3.178,1360.091,32.086,,F,Passing,
CHNI01_1511,Labridae,Notolabrus,tetricus,1,288.648,37384003,CHIN01_1511_L.avi,51427,17.14233333,8.104,4.726,2456.708,26.312,,F,Passing,
CHNI01_1511,Labridae,Pictilabrus,laticlavius,1,197.961,37384020,CHIN01_1511_L.avi,14703,4.901,1.478,0.547,1205.478,28.107,,M,Attracted,
CHNI01_1511,Labridae,Pictilabrus,laticlavius,1,197.569,37384020,CHIN01_1511_L.avi,185036,61.67866667,3.552,2.12,1443.736,32.708,,F,Passing,
CHNI01_1511,Monacanthidae,Scobinichthys,granulatus,1,207.644,37465007,CHIN01_1511_L.avi,41733,13.911,1.779,2.396,1544.654,8.569,,F,Passing,
CHNI01_1511,Odacidae,Siphonognathus,caninis,1,94.56,37385011,CHIN01_1511_L.avi,177706,59.23533333,3.017,5.184,1818.623,30.628,,AD,Passing,
CHNI01_1511,Odacidae,Siphonognathus,caninis,1,97.415,37385011,CHIN01_1511_L.avi,177722,59.24066667,3.11,1.98,1794.778,29.016,,AD,Passing,
CHNI02_1511,Monacanthidae,Acanthaluteres,vittiger,1,191.564,37465002,CHIN02_1511_L.avi,100272,33.424,1.557,0.171,1339.172,24.447,,M,Attracted,
CHNI02_1511,Monacanthidae,Acanthaluteres,vittiger,1,182.466,37465002,CHIN02_1511_L.avi,102004,34.00133333,1.162,0.169,907.999,14.24,,F,Attracted,
CHNI02_1511,Cheilodactylidae,Dactylophora,nigricans,1,763.14,37377005,CHIN02_1511_L.avi,104321,34.77366667,3.321,2.037,2492.631,11.109,,AD,Passing,
CHNI02_1511,Monacanthidae,Meuschenia,freycineti,1,261.428,37465036,CHIN02_1511_L.avi,175164,58.388,3.962,1.106,2285.239,22.156,,F,Attracted,
CHNI02_1511,Triakidae,Mustelus,antarcticus,1,804.459,37017001,CHIN02_1511_L.avi,158958,52.986,1.874,1.013,1678.268,7.248,,AD,Attracted,
CHNI02_1511,Triakidae,Mustelus,antarcticus,1,891.26,37017001,CHIN02_1511_L.avi,159838,53.27933333,2.116,3.794,1699.08,6.778,,AD,Attracted,
CHNI02_1511,Labridae,Notolabrus,parilus,1,356.567,37384022,CHIN02_1511_L.avi,56865,18.955,4.672,1.723,1809.168,22.736,,AD,Passing,
CHNI02_1511,Labridae,Notolabrus,tetricus,1,283.591,37384003,CHIN02_1511_L.avi,178275,59.425,5.949,1.088,2136.477,19.245,,F,Passing,
CHNI02_1511,Sillaginidae,Sillaginodes,punctatus,1,448.325,37330001,CHIN02_1511_L.avi,95190,31.73,4.148,0.425,2187.851,12.331,,AD,Attracted,
CHNI02_1511,Mullidae,Upeneichthys,vlamingii,1,162.746,37355029,CHIN02_1511_L.avi,124996,41.66533333,7.569,0.214,2992.751,18.033,,AD,Passing,
CHNI03_1511,Monacanthidae,Acanthaluteres,vittiger,1,311.365,37465002,CHIN03_1511_L.avi,35087,11.69566667,12.012,3.352,3060.492,16.182,,M,Passing,
CHNI03_1511,Labridae,Eupetrichthys,angustipes,1,150.256,37384105,CHIN03_1511_L.avi,98602,32.86733333,10.464,0.248,3779.212,9.018,,AD,Passing,
CHNI03_1511,Triakidae,Mustelus,antarcticus,1,975.249,37017001,CHIN03_1511_L.avi,96916,32.30533333,4.265,3.765,3359.409,2.576,,AD,Passing,
CHNI03_1511,Labridae,Notolabrus,parilus,1,264.017,37384022,CHIN03_1511_L.avi,41228,13.74266667,6.582,2.403,3396.87,7.847,,AD,Passing,
CHNI04_1511,Triakidae,Mustelus,antarcticus,1,1122.884,37017001,CHIN04_1511_L.avi,194215,64.73833333,3.36,1.727,2420.849,9.585,,AD,Guarding bait,
CHNI04_1511,Triakidae,Mustelus,antarcticus,1,1001.88,37017001,CHIN04_1511_L.avi,194540,64.84666667,2.156,11.919,2277.95,12.727,,AD,Guarding bait,
CHNI04_1511,Gerreidae,Parequula,melbournensis,1,111.478,37349001,CHIN04_1511_L.avi,67927,22.64233333,0.695,3.837,1214.884,14.437,,AD,Attracted,
CHNO01_1511,Monacanthidae,Acanthaluteres,vittiger,1,179.249,37465002,CHON01_1511_L.avi,32034,10.678,1.068,1.065,1040.313,26.671,Strong Surge,AD,Passing,
CHNO01_1511,Labridae,Notolabrus,tetricus,1,272.444,37384003,CHON01_1511_L.avi,150404,50.13466667,1.781,5.93,1515.168,26.557,Strong Surge,AD,Passing,
CHNO01_1511,Labridae,Pictilabrus,laticlavius,1,152.173,37384020,CHON01_1511_L.avi,42178,14.05933333,1.345,1.317,1144.584,21.475,Strong Surge,AD,Passing,
CHNO01_1511,Labridae,Pictilabrus,laticlavius,1,192.716,37384020,CHON01_1511_L.avi,42239,14.07966667,1.567,1.878,1279.363,23.449,Strong Surge,AD,Passing,
CHNO01_1511,Carangidae,Pseudocaranx,sp,1,280.795,37337924,CHON01_1511_L.avi,167987,55.99566667,4.748,7.129,2065.821,24.856,Strong Surge,AD,Passing,
CHNO01_1511,Carangidae,Pseudocaranx,sp,1,317.541,37337924,CHON01_1511_L.avi,168173,56.05766667,7.236,6.762,2050.048,28.797,Strong Surge,AD,Passing,
CHNO01_1511,Carangidae,Pseudocaranx,sp,1,271.974,37337924,CHON01_1511_L.avi,168503,56.16766667,5.565,7.275,1921.384,29.831,Strong Surge,AD,Passing,
CHNO02_1511,Monacanthidae,Meuschenia,freycineti,1,262.228,37465036,CHON02_1511_L.avi,112856,37.61866667,2.595,1.59,1455.309,19.326,,M,Attracted,
CHNO02_1511,Monacanthidae,Meuschenia,galii,1,284.388,37465040,CHON02_1511_L.avi,58064,19.35466667,3.506,3.974,1741.91,26.315,,AD,Passing,
CHNO02_1511,Labridae,Notolabrus,parilus,1,318.124,37384022,CHON02_1511_L.avi,20432,6.810666667,4.772,0.472,2087.589,23.49,,F,Passing,
CHNO02_1511,Labridae,Notolabrus,parilus,1,289.946,37384022,CHON02_1511_L.avi,27840,9.28,1.189,3.186,1089.064,24.275,,F,Passing,
CHNO02_1511,Labridae,Notolabrus,tetricus,1,361.924,37384003,CHON02_1511_L.avi,35473,11.82433333,1.272,2.59,1421.863,11.957,,AD,Passing,
CHNO02_1511,Labridae,Notolabrus,tetricus,1,419.466,37384003,CHON02_1511_L.avi,35527,11.84233333,1.281,3.815,1050.628,18.085,,AD,Passing,
CHNO02_1511,Labridae,Notolabrus,tetricus,1,342.275,37384003,CHON02_1511_L.avi,35537,11.84566667,6.142,1.642,1929.689,26.292,,AD,Passing,
CHNO02_1511,Labridae,Notolabrus,tetricus,1,277.263,37384003,CHON02_1511_L.avi,36139,12.04633333,1.354,1.041,1045.944,17.02,,AD,Passing,
CHNO02_1511,Labridae,Pictilabrus,laticlavius,1,219.477,37384020,CHON02_1511_L.avi,65584,21.86133333,4.372,1.957,1940.836,27.642,,M,Passing,
CHNO02_1511,Labridae,Pictilabrus,laticlavius,1,174.186,37384020,CHON02_1511_L.avi,65608,21.86933333,2.944,2.468,1774.264,28.384,,M,Passing,
CHNO03_1511,Dasyatidae,Dasyatis,brevicaudata,1,824.524,37035001,CHON03_1511_L.avi,76521,25.507,3.598,4.618,1857.936,15.356,,AD,Passing,
CHNO03_1511,Monacanthidae,Meuschenia,freycineti,1,266.24,37465036,CHON03_1511_L.avi,162220,54.07333333,4.229,0.725,1977.551,3.776,,AD,Passing,
CHNO03_1511,Myliobatidae,Myliobatis,tenuicaudatus,1,486.023,37039001,CHON03_1511_L.avi,147634,49.21133333,2.032,3.556,2157.068,12.508,,AD,Passing,
CHNO03_1511,Myliobatidae,Myliobatis,tenuicaudatus,1,495.366,37039001,CHON03_1511_L.avi,147672,49.224,3.078,8.086,2387.122,5.988,,F,Passing,
CHNO03_1511,Labridae,Notolabrus,parilus,1,245.305,37384022,CHON03_1511_L.avi,162220,54.07333333,2.958,1.909,2161.607,10.658,,AD,Passing,
CHNO03_1511,Labridae,Notolabrus,tetricus,1,309.233,37384003,CHON03_1511_L.avi,36093,12.031,0.554,1.638,1027.152,8.309,,F,Attracted,
CHNO03_1511,Labridae,Notolabrus,tetricus,1,385.356,37384003,CHON03_1511_L.avi,80133,26.711,4.449,8.528,3259.046,17.618,,AD,Passing,
CHNO03_1511,Labridae,Notolabrus,tetricus,1,397.183,37384003,CHON03_1511_L.avi,80136,26.712,1.042,2.238,1448.466,14.045,,AD,Passing,
CHNO03_1511,Labridae,Notolabrus,tetricus,1,367.08,37384003,CHON03_1511_L.avi,80136,26.712,3.633,3.468,3265.096,17.102,,AD,Passing,
CHNO03_1511,Labridae,Notolabrus,tetricus,1,399.594,37384003,CHON03_1511_L.avi,80517,26.839,1.551,2.669,1932.096,18.339,,AD,Passing,
CHNO03_1511,Labridae,Pictilabrus,laticlavius,1,179.534,37384020,CHON03_1511_L.avi,23913,7.971,3.913,1.279,2316.297,10.854,,M,Passing,
CHNO03_1511,Labridae,Pictilabrus,laticlavius,1,348.168,37384020,CHON03_1511_L.avi,30704,10.23466667,8.271,1.473,2709.609,15.618,,AD,Passing,
CHNO03_1511,Labridae,Pictilabrus,laticlavius,1,192.778,37384020,CHON03_1511_L.avi,31054,10.35133333,3.053,0.997,3335.046,5.064,,AD,Passing,
CHNO03_1511,Sillaginidae,Sillaginodes,punctatus,1,464.679,37330001,CHON03_1511_L.avi,138298,46.09933333,4.247,0.885,2268.93,7.657,,AD,Passing,
CHNO03_1511,Rhinobatidae,Trygonorrhina,dumerilii,1,834.848,37027011,CHON03_1511_L.avi,185513,61.83766667,1.744,4.528,1731.919,13.244,,AD,Passing,
CHNO04_1511,Monacanthidae,Acanthaluteres,vittiger,1,166.833,37465002,CHON04_1511_L.avi,21767,7.255666667,0.848,5.5,1393.418,7.828,,AD,Passing,
CHNO04_1511,Monacanthidae,Meuschenia,galii,1,290.179,37465040,CHON04_1511_L.avi,138450,46.15,6.617,7.357,2468.074,16.461,,AD,Passing,
CHNO04_1511,Labridae,Notolabrus,parilus,1,306.034,37384022,CHON04_1511_L.avi,29768,9.922666667,1.146,6.976,1864.211,0.304,,AD,Passing,
CHNO04_1511,Labridae,Notolabrus,tetricus,1,309.912,37384003,CHON04_1511_L.avi,92291,30.76366667,2.362,8.055,2080.659,5.686,,F,Passing,
CHNO04_1511,Labridae,Notolabrus,tetricus,1,351.082,37384003,CHON04_1511_L.avi,92306,30.76866667,1.737,2.242,1631.833,13.484,,M,Attracted,
CHNO04_1511,Labridae,Notolabrus,tetricus,1,350.697,37384003,CHON04_1511_L.avi,188164,62.72133333,1.093,7.792,1608.486,7.023,,AD,Passing,
CHNO04_1511,Labridae,Notolabrus,tetricus,1,231.752,37384003,CHON04_1511_L.avi,188181,62.727,1.834,8.242,2170.036,14.023,,AD,Passing,
CHNO04_1511,Labridae,Notolabrus,tetricus,1,325.363,37384003,CHON04_1511_L.avi,188181,62.727,3.076,10.128,2581.343,7.62,,AD,Passing,
CHNO04_1511,Carangidae,Pseudocaranx,sp,1,348.557,37337924,CHON04_1511_L.avi,83420,27.80666667,2.608,5.063,2004.295,16.004,,AD,Attracted,
CHNO04_1511,Odacidae,Siphonognathus,sp,1,115.615,37385905,CHON04_1511_L.avi,153400,51.13333333,1.241,7.137,1480.709,16.201,,AD,Passing,
CHNO04_1511,Mullidae,Upeneichthys,vlamingii,1,227.313,37355029,CHON04_1511_L.avi,114092,38.03066667,10.382,11.883,3219.16,9.687,,AD,Passing,
CHSI01_1511,Dinolestidae,Dinolestes,lewini,1,165.36,37327002,CHIS01_1511_L.avi,95331,31.777,3.138,0.225,1370.809,31.737,,AD,Passing,
CHSI01_1511,Labridae,Eupetrichthys,angustipes,1,151.521,37384105,CHIS01_1511_L.avi,56010,18.67,6.469,4.936,2544.383,21.804,,AD,Passing,
CHSI01_1511,Labridae,Eupetrichthys,angustipes,1,145.642,37384105,CHIS01_1511_L.avi,56065,18.68833333,4.594,1.196,2842.546,19.137,,AD,Passing,
CHSI01_1511,Triakidae,Mustelus,antarcticus,1,1066.087,37017001,CHIS01_1511_L.avi,51436,17.14533333,3.145,6.216,1757.092,13.094,,AD,Passing,
CHSI01_1511,Gerreidae,Parequula,melbournensis,1,90.487,37349001,CHIS01_1511_L.avi,31378,10.45933333,0.67,0.955,704.763,19.708,,AD,Attracted,
CHSI01_1511,Gerreidae,Parequula,melbournensis,1,108.564,37349001,CHIS01_1511_L.avi,31568,10.52266667,0.536,0.214,637.109,24.781,,AD,Attracted,
CHSI01_1511,Labridae,Pictilabrus,laticlavius,1,179.45,37384020,CHIS01_1511_L.avi,99901,33.30033333,0.705,0.074,872.216,22.12,,M,Attracted,
CHSI01_1511,Sillaginidae,Sillaginodes,punctatus,1,431.872,37330001,CHIS01_1511_L.avi,105487,35.16233333,9.273,3.665,2402.811,19.791,,AD,Passing,
CHSI01_1511,Sillaginidae,Sillaginodes,punctatus,1,378.809,37330001,CHIS01_1511_L.avi,105588,35.196,7.014,2.94,1950.271,24.381,,AD,Passing,
CHSI01_1511,Odacidae,Siphonognathus,beddomei,1,82.413,37385006,CHIS01_1511_L.avi,87921,29.307,4.436,3.043,2393.063,11.483,,AD,Passing,
CHSI01_1511,Mullidae,Upeneichthys,vlamingii,1,108.77,37355029,CHIS01_1511_L.avi,70116,23.372,2.059,1.322,2383.473,6.864,,,Passing,
CHSI02_1511,Cheilodactylidae,Dactylophora,nigricans,1,530.451,37377005,CHIS02_1511_L.avi,17365,5.788333333,10.454,7.805,3575.328,20.961,,AD,Passing,
CHSI02_1511,Cheilodactylidae,Dactylophora,nigricans,1,638.83,37377005,CHIS02_1511_L.avi,17412,5.804,13.834,6.208,4003.342,3.292,,AD,Passing,
CHSI02_1511,Labridae,Dotalabrus,aurantiacus,1,148.181,37384018,CHIS02_1511_L.avi,55663,18.55433333,1.669,1.495,1499.785,20.701,,AD,Passing,
CHSI02_1511,Labridae,Eupetrichthys,angustipes,1,125.906,37384105,CHIS02_1511_L.avi,45574,15.19133333,6.619,8.848,2295.791,8.327,,M,Passing,
CHSI02_1511,Labridae,Notolabrus,parilus,1,362.759,37384022,CHIS02_1511_L.avi,30035,10.01166667,4.165,2.748,2252.705,19.438,,M,Passing,
CHSI02_1511,Labridae,Notolabrus,tetricus,1,226.633,37384003,CHIS02_1511_L.avi,30022,10.00733333,3.291,3.285,1570.785,2.983,,F,Passing,
CHSI02_1511,Labridae,Notolabrus,tetricus,1,292.546,37384003,CHIS02_1511_L.avi,107071,35.69033333,0.884,7.328,989.956,11.149,,M,Passing,
CHSI02_1511,Gerreidae,Parequula,melbournensis,1,91.903,37349001,CHIS02_1511_L.avi,120898,40.29933333,2.501,0.333,1267.692,26.257,,AD,Passing,
CHSI02_1511,Gerreidae,Parequula,melbournensis,1,101.682,37349001,CHIS02_1511_L.avi,121454,40.48466667,2.295,4.154,1482.214,27.719,,AD,Passing,
CHSI02_1511,Carangidae,Pseudocaranx,sp,1,236.954,37337924,CHIS02_1511_L.avi,67885,22.62833333,1.484,3.264,1772.616,2.143,,AD,Passing,
CHSI02_1511,Carangidae,Pseudocaranx,sp,1,219.233,37337924,CHIS02_1511_L.avi,67885,22.62833333,5.538,0.017,1894.622,7.692,,AD,Passing,
CHSI02_1511,Carangidae,Pseudocaranx,sp,1,201.642,37337924,CHIS02_1511_L.avi,67885,22.62833333,3.777,1.87,1872.104,8.888,,AD,Passing,
CHSI02_1511,Carangidae,Pseudocaranx,sp,1,236.475,37337924,CHIS02_1511_L.avi,67885,22.62833333,1.445,4.383,1317.076,22.92,,AD,Passing,
CHSI02_1511,Carangidae,Pseudocaranx,sp,1,250.202,37337924,CHIS02_1511_L.avi,67885,22.62833333,2.88,3.67,2191.569,16.244,,AD,Passing,
CHSI02_1511,Carangidae,Pseudocaranx,sp,1,214.989,37337924,CHIS02_1511_L.avi,67885,22.62833333,3.636,1.033,1751.875,13.916,,AD,Passing,
CHSI02_1511,Carangidae,Pseudocaranx,sp,1,257.376,37337924,CHIS02_1511_L.avi,67885,22.62833333,5.274,1.323,1736.392,9.186,,AD,Passing,
CHSI02_1511,Carangidae,Pseudocaranx,sp,1,225.846,37337924,CHIS02_1511_L.avi,67885,22.62833333,2.04,4.513,1630.225,17.178,,AD,Passing,
CHSI02_1511,Carangidae,Pseudocaranx,sp,1,280.012,37337924,CHIS02_1511_L.avi,67903,22.63433333,3.509,0.43,1929.535,24.674,,AD,Passing,
CHSI02_1511,Carangidae,Pseudocaranx,sp,1,313.563,37337924,CHIS02_1511_L.avi,67903,22.63433333,3.799,1.271,1730.458,26.305,,AD,Passing,
CHSI02_1511,Carangidae,Pseudocaranx,sp,1,277.569,37337924,CHIS02_1511_L.avi,67903,22.63433333,4.075,2.772,1856.545,30.282,,AD,Passing,
CHSI02_1511,Carangidae,Pseudocaranx,sp,1,233.43,37337924,CHIS02_1511_L.avi,67856,22.61866667,1.671,1.108,1942.883,11.023,,AD,Passing,
CHSI02_1511,Carangidae,Pseudocaranx,sp,1,245.192,37337924,CHIS02_1511_L.avi,67885,22.62833333,4.485,1.59,1647.594,20.204,,AD,Passing,
CHSI02_1511,Carangidae,Pseudocaranx,sp,1,241.751,37337924,CHIS02_1511_L.avi,67885,22.62833333,2.029,2.154,1831.051,12.318,,AD,Passing,
CHSI02_1511,Carangidae,Pseudocaranx,sp,1,286.191,37337924,CHIS02_1511_L.avi,67885,22.62833333,3.31,1.12,1571.543,15.875,,AD,Passing,
CHSI02_1511,Carangidae,Pseudocaranx,sp,1,276.971,37337924,CHIS02_1511_L.avi,67885,22.62833333,1.483,1.298,1554.642,13.06,,AD,Passing,
CHSI02_1511,Carangidae,Pseudocaranx,sp,1,282.726,37337924,CHIS02_1511_L.avi,67885,22.62833333,1.289,1.468,1751.815,9.207,,AD,Passing,
CHSI02_1511,Sillaginidae,Sillaginodes,punctatus,1,372.443,37330001,CHIS02_1511_L.avi,34214,11.40466667,11.327,1.548,2751.792,13.727,,AD,Passing,
CHSI02_1511,Mullidae,Upeneichthys,vlamingii,1,228.424,37355029,CHIS02_1511_L.avi,139606,46.53533333,0.458,4.587,564.317,6.198,,AD,Attracted,
CHSI03_1511,Monacanthidae,Acanthaluteres,vittiger,1,180.532,37465002,CHIS03_1511_L.avi,21903,7.301,2.338,0.636,1574.808,15.807,,M,Attracted,
CHSI03_1511,Monacanthidae,Acanthaluteres,vittiger,1,173.343,37465002,CHIS03_1511_L.avi,29078,9.692666667,2.997,0.348,1600.547,10.389,,M,Attracted,
CHSI03_1511,Serranidae,Caesioperca,rasor,1,218.881,37311003,CHIS03_1511_L.avi,91234,30.41133333,2.127,2.127,1917.202,17.551,,AD,Attracted,
CHSI03_1511,Serranidae,Caesioperca,rasor,1,180.691,37311003,CHIS03_1511_L.avi,91234,30.41133333,2.308,0.306,1765.26,6.795,,AD,Attracted,
CHSI03_1511,Serranidae,Caesioperca,rasor,1,180.995,37311003,CHIS03_1511_L.avi,91234,30.41133333,2.786,2.437,2131.485,16.333,,AD,Attracted,
CHSI03_1511,Serranidae,Caesioperca,rasor,1,164.259,37311003,CHIS03_1511_L.avi,91234,30.41133333,1.526,1.923,1879.493,12.236,,AD,Attracted,
CHSI03_1511,Serranidae,Caesioperca,rasor,1,167.947,37311003,CHIS03_1511_L.avi,91249,30.41633333,3.257,1.066,1861.039,4.399,,AD,Attracted,
CHSI03_1511,Serranidae,Caesioperca,rasor,1,242.593,37311003,CHIS03_1511_L.avi,91464,30.488,0.99,0.83,1572.391,2.874,,AD,Attracted,
CHSI03_1511,Chaetodontidae,Chelmonops,curiosus,1,177.078,37365066,CHIS03_1511_L.avi,52104,17.368,2.511,3.754,2864.935,9.118,,AD,Passing,
CHSI03_1511,Chaetodontidae,Chelmonops,curiosus,1,261.366,37365066,CHIS03_1511_L.avi,52295,17.43166667,7.341,0.6,3415.104,1.883,,AD,Passing,
CHSI03_1511,Cheilodactylidae,Dactylophora,nigricans,1,416.698,37377005,CHIS03_1511_L.avi,84332,28.11066667,4.34,0.292,1832.908,18.262,,J,Attracted,
CHSI03_1511,Dinolestidae,Dinolestes,lewini,1,315.723,37327002,CHIS03_1511_L.avi,48669,16.223,4.221,12.17,2287.053,19.062,,AD,Passing,
CHSI03_1511,Enoplosidae,Enoplosus,armatus,1,200.411,37366001,CHIS03_1511_L.avi,58457,19.48566667,2.156,4.731,1674.659,20.261,,AD,Passing,
CHSI03_1511,Labridae,Eupetrichthys,angustipes,1,163.733,37384105,CHIS03_1511_L.avi,35111,11.70366667,4.891,0.986,3143.929,9.681,,M,Passing,
CHSI03_1511,Serranidae,Hypoplectrodes,nigroruber,1,210.177,37311037,CHIS03_1511_L.avi,71817,23.939,3.679,0.249,2476.13,9.638,,AD,Attracted,
CHSI03_1511,Labridae,Notolabrus,parilus,1,220.705,37384022,CHIS03_1511_L.avi,21827,7.275666667,2.621,3.413,2291.351,12.191,,F,Attracted,
CHSI03_1511,Labridae,Notolabrus,tetricus,1,324.326,37384003,CHIS03_1511_L.avi,67988,22.66266667,3.241,12.572,3011.384,17.899,,F,Attracted,
CHSI03_1511,Labridae,Notolabrus,tetricus,1,326.431,37384003,CHIS03_1511_L.avi,68018,22.67266667,1.429,0.256,1856.579,7.131,,F,Attracted,
CHSI03_1511,Gerreidae,Parequula,melbournensis,1,106.791,37349001,CHIS03_1511_L.avi,73772,24.59066667,8.738,2.873,3430.088,13.733,,AD,Passing,
CHSI03_1511,Gerreidae,Parequula,melbournensis,1,152.482,37349001,CHIS03_1511_L.avi,73895,24.63166667,8.521,0.937,3359.319,5.587,,AD,Attracted,
CHSI03_1511,Labridae,Pictilabrus,laticlavius,1,236.328,37384020,CHIS03_1511_L.avi,41492,13.83066667,2.039,1.009,2389.492,8.015,,AD,Attracted,
CHSI03_1511,Labridae,Pictilabrus,laticlavius,1,218.209,37384020,CHIS03_1511_L.avi,41556,13.852,1.419,0.659,1861.095,13.894,,M,Attracted,
CHSI03_1511,Carangidae,Pseudocaranx,sp,1,251.454,37337924,CHIS03_1511_L.avi,116346,38.782,1.642,4.775,1883.175,20.088,,AD,Attracted,
CHSI03_1511,Carangidae,Pseudocaranx,sp,1,266.54,37337924,CHIS03_1511_L.avi,116346,38.782,4.104,0.963,1970.723,7.095,,AD,Attracted,
CHSI03_1511,Carangidae,Pseudocaranx,sp,1,248.243,37337924,CHIS03_1511_L.avi,116346,38.782,2.118,0.611,1904.576,5.132,,AD,Attracted,
CHSI03_1511,Carangidae,Pseudocaranx,sp,1,284.408,37337924,CHIS03_1511_L.avi,116346,38.782,4.128,0.428,2070.929,4.617,,AD,Attracted,
CHSI03_1511,Carangidae,Pseudocaranx,sp,1,267.044,37337924,CHIS03_1511_L.avi,116346,38.782,1.658,0.527,1956.48,13.51,,AD,Attracted,
CHSI03_1511,Carangidae,Pseudocaranx,sp,1,250.234,37337924,CHIS03_1511_L.avi,116346,38.782,2.565,2.197,1611.33,11.43,,AD,Attracted,
CHSI03_1511,Carangidae,Pseudocaranx,sp,1,284.438,37337924,CHIS03_1511_L.avi,116346,38.782,1.691,1.821,2143.373,14.716,,AD,Attracted,
CHSI03_1511,Carangidae,Pseudocaranx,sp,1,261.984,37337924,CHIS03_1511_L.avi,116356,38.78533333,1.226,3.751,1763.573,11.855,,AD,Attracted,
CHSI03_1511,Sillaginidae,Sillaginodes,punctatus,1,551.614,37330001,CHIS03_1511_L.avi,66648,22.216,5.183,2.323,2982.741,11.402,,AD,Attracted,
CHSI03_1511,Mullidae,Upeneichthys,vlamingii,1,211.644,37355029,CHIS03_1511_L.avi,55985,18.66166667,5.443,3.937,2161.102,13.928,,AD,Passing,
CHSI04_1511,Cheilodactylidae,Dactylophora,nigricans,1,448.039,37377005,CHIS04_1511_L.avi,62559,20.853,1.969,3.691,2240.269,13.777,Surgey,J,Passing,
CHSI04_1511,Labridae,Notolabrus,parilus,1,404.061,37384022,CHIS04_1511_L.avi,110705,36.90166667,7.66,4.737,3254.849,9,Surgey,M,Attracted,
CHSI04_1511,Labridae,Notolabrus,tetricus,1,399.488,37384003,CHIS04_1511_L.avi,135126,45.042,1.832,2.278,1648.881,10.887,Surgey,M,Attracted,
CHSI04_1511,Sillaginidae,Sillaginodes,punctatus,1,520.31,37330001,CHIS04_1511_L.avi,105670,35.22333333,2.594,1.195,2293.285,0.895,Surgey,AD,Attracted,
CHSI04_1511,Mullidae,Upeneichthys,vlamingii,1,257.357,37355029,CHIS04_1511_L.avi,136193,45.39766667,1.131,0.239,2159.263,10.269,Surgey,AD,Attracted,
CHSO01_1511,Labridae,Austrolabrus,maculatus,1,137.384,37384025,CHOS01_1511_L.avi,9942,3.314,3.763,3.719,1870.969,28.67,,AD,Passing,
CHSO01_1511,Serranidae,Caesioperca,rasor,1,202.375,37311003,CHOS01_1511_L.avi,34425,11.475,0.734,0.839,873.72,14.928,,AD,Passing,
CHSO01_1511,Serranidae,Caesioperca,rasor,1,153.792,37311003,CHOS01_1511_L.avi,34425,11.475,2.775,2.482,1994.615,22.446,,AD,Passing,
CHSO01_1511,Serranidae,Caesioperca,rasor,1,157.442,37311003,CHOS01_1511_L.avi,34425,11.475,3.146,6.796,2050.013,23.692,,AD,Passing,
CHSO01_1511,Serranidae,Caesioperca,rasor,1,154.294,37311003,CHOS01_1511_L.avi,34439,11.47966667,2.854,7.157,1872.207,29.433,,AD,Passing,
CHSO01_1511,Serranidae,Hypoplectrodes,nigroruber,1,210.55,37311037,CHOS01_1511_L.avi,21061,7.020333333,5.265,1.264,2391.047,24.993,,AD,Passing,
CHSO01_1511,Monacanthidae,Meuschenia,flavolineata,1,248.201,37465035,CHOS01_1511_L.avi,13299,4.433,1.9,2.004,1711.192,15.303,,AD,Passing,
CHSO01_1511,Monacanthidae,Meuschenia,flavolineata,1,272.622,37465035,CHOS01_1511_L.avi,13325,4.441666667,2.301,1.499,1522.644,29.082,,AD,Passing,
CHSO01_1511,Monacanthidae,Meuschenia,galii,1,274.639,37465040,CHOS01_1511_L.avi,50047,16.68233333,4.958,1.113,2165.176,13.039,,F,Passing,
CHSO01_1511,Monacanthidae,Meuschenia,hippocrepis,1,277.484,37465004,CHOS01_1511_L.avi,113146,37.71533333,5.629,3.655,2206.84,8.739,,AD,Passing,
CHSO01_1511,Monacanthidae,Meuschenia,hippocrepis,1,287.867,37465004,CHOS01_1511_L.avi,113220,37.74,2.385,15.525,1395.834,29.29,,AD,Passing,
CHSO01_1511,Myliobatidae,Myliobatis,tenuicaudatus,1,652.19,37039001,CHOS01_1511_L.avi,50753,16.91766667,13.261,1.217,3254.736,14.69,,AD,Passing,
CHSO01_1511,Labridae,Notolabrus,tetricus,1,306.468,37384003,CHOS01_1511_L.avi,47901,15.967,5.372,11.083,1776.588,14.347,,AD,Passing,
CHSO01_1511,Labridae,Notolabrus,tetricus,1,237.751,37384003,CHOS01_1511_L.avi,47951,15.98366667,10.483,8.634,3269.414,24.065,,AD,Passing,
CHSO01_1511,Labridae,Notolabrus,tetricus,1,395.452,37384003,CHOS01_1511_L.avi,68465,22.82166667,1.704,4.185,1363.716,26.5,,M,Attracted,
CHSO01_1511,Odacidae,Olisthops,cyanomelas,1,333.775,37385001,CHOS01_1511_L.avi,40219,13.40633333,11.721,11.597,3936.694,24.191,,J,Attracted,
CHSO01_1511,Gerreidae,Parequula,melbournensis,1,139.14,37349001,CHOS01_1511_L.avi,26817,8.939,2.826,4.291,1715.468,26.724,,AD,Passing,
CHSO01_1511,Labridae,Pictilabrus,laticlavius,1,204.497,37384020,CHOS01_1511_L.avi,19537,6.512333333,4.967,3.803,2079.334,19.933,,AD,Passing,
CHSO01_1511,Labridae,Pictilabrus,laticlavius,1,219.033,37384020,CHOS01_1511_L.avi,19537,6.512333333,8.428,2.956,3012.011,5.487,,AD,Passing,
CHSO01_1511,Labridae,Pictilabrus,laticlavius,1,205.376,37384020,CHOS01_1511_L.avi,19592,6.530666667,7.176,3.491,2189.975,25.149,,AD,Passing,
CHSO01_1511,Sillaginidae,Sillaginodes,punctatus,1,429.205,37330001,CHOS01_1511_L.avi,90860,30.28666667,9.401,9.401,2628.03,24.465,,AD,Passing,
CHSO01_1511,Scorpididae,Tilodon,sexfasciatus,1,284.918,37361003,CHOS01_1511_L.avi,38124,12.708,2.891,0.586,1248.676,27.22,,AD,Passing,
CHSO02_1511,Serranidae,Caesioperca,rasor,1,192.986,37311003,CHOS02_1511_L.avi,39411,13.137,3.026,2.723,2280.085,13.837,,AD,Passing,
CHSO02_1511,Serranidae,Caesioperca,rasor,1,177.791,37311003,CHOS02_1511_L.avi,39411,13.137,1.94,1.194,1820.716,4.286,,AD,Passing,
CHSO02_1511,Serranidae,Caesioperca,rasor,1,189.125,37311003,CHOS02_1511_L.avi,39411,13.137,9.647,20.345,2039.294,9.683,,AD,Passing,
CHSO02_1511,Serranidae,Caesioperca,rasor,1,194.404,37311003,CHOS02_1511_L.avi,39411,13.137,2.192,1.213,1904.406,15.797,,AD,Passing,
CHSO02_1511,Serranidae,Caesioperca,rasor,1,170.77,37311003,CHOS02_1511_L.avi,44565,14.855,0.99,0.555,1231.628,10.652,,AD,Passing,
CHSO02_1511,Serranidae,Caesioperca,rasor,1,192.534,37311003,CHOS02_1511_L.avi,44578,14.85933333,3.901,1.884,1772.601,22.632,,AD,Passing,
CHSO02_1511,Serranidae,Caesioperca,rasor,1,186.832,37311003,CHOS02_1511_L.avi,44588,14.86266667,5.733,20.388,1510.701,9.477,,AD,Passing,
CHSO02_1511,Serranidae,Caesioperca,rasor,1,193.985,37311003,CHOS02_1511_L.avi,44588,14.86266667,1.777,1.164,1450.984,23.996,,AD,Passing,
CHSO02_1511,Serranidae,Caesioperca,rasor,1,179.435,37311003,CHOS02_1511_L.avi,44588,14.86266667,3.693,1.358,2102.666,27.548,,AD,Passing,
CHSO02_1511,Berycidae,Centroberyx,gerrardi,1,280.944,37258004,CHOS02_1511_L.avi,45772,15.25733333,5.115,2.324,1801.007,27.672,,AD,Passing,
CHSO02_1511,Monacanthidae,Meuschenia,freycineti,1,357.191,37465036,CHOS02_1511_L.avi,36220,12.07333333,1.551,0.856,1661.411,13.529,,AD,Passing,
CHSO02_1511,Monacanthidae,Meuschenia,freycineti,1,338.281,37465036,CHOS02_1511_L.avi,36220,12.07333333,6.139,1.234,2070.019,22.342,,AD,Passing,
CHSO02_1511,Neosebastidae,Neosebastes,bougainvillii,1,284.402,37287004,CHOS02_1511_L.avi,37463,12.48766667,1.144,2.278,1511.888,1.75,,AD,Passing,
CHSO02_1511,Neosebastidae,Neosebastes,bougainvillii,1,269.63,37287004,CHOS02_1511_L.avi,37463,12.48766667,3.582,1.525,1506.905,25.141,,AD,Passing,
CHSO02_1511,Labridae,Notolabrus,parilus,1,341.825,37384022,CHOS02_1511_L.avi,16975,5.658333333,2.647,2.193,1480.187,10.294,,F,Attracted,
CHSO02_1511,Labridae,Notolabrus,parilus,1,361.277,37384022,CHOS02_1511_L.avi,27154,9.051333333,4.066,3.257,1642.256,24.912,,AD,Passing,
CHSO02_1511,Labridae,Notolabrus,parilus,1,385.858,37384022,CHOS02_1511_L.avi,39519,13.173,2.372,2.266,1685.741,22.619,,AD,Passing,
CHSO02_1511,Labridae,Notolabrus,tetricus,1,293.835,37384003,CHOS02_1511_L.avi,13170,4.39,0.971,7.313,942.06,17.171,,F,Attracted,
CHSO02_1511,Labridae,Notolabrus,tetricus,1,296.367,37384003,CHOS02_1511_L.avi,19564,6.521333333,0.667,1.399,855.515,9.387,,F,Attracted,
CHSO02_1511,Labridae,Notolabrus,tetricus,1,299.573,37384003,CHOS02_1511_L.avi,23822,7.940666667,3.678,5.323,2072.527,20.519,,F,Attracted,
CHSO02_1511,Labridae,Notolabrus,tetricus,1,311.938,37384003,CHOS02_1511_L.avi,23843,7.947666667,5.427,1.209,2662.195,21.678,,AD,Passing,
CHSO02_1511,Sparidae,Pagrus,auratus,1,446.74,37353001,CHOS02_1511_L.avi,91339,30.44633333,2.999,1.358,2015.618,16.811,,AD,Passing,
CHSO02_1511,Gerreidae,Parequula,melbournensis,1,126.262,37349001,CHOS02_1511_L.avi,10471,3.490333333,1.1,0.58,866.232,23.239,,AD,Attracted,
CHSO02_1511,Gerreidae,Parequula,melbournensis,1,152.006,37349001,CHOS02_1511_L.avi,16529,5.509666667,2.746,0.326,1355.172,14.187,,AD,Passing,
CHSO02_1511,Gerreidae,Parequula,melbournensis,1,122.702,37349001,CHOS02_1511_L.avi,16529,5.509666667,2.952,3.386,2159.671,17.436,,AD,Passing,
CHSO02_1511,Labridae,Pictilabrus,laticlavius,1,261.494,37384020,CHOS02_1511_L.avi,53892,17.964,8.163,3.842,2529.617,22.422,,AD,Passing,
CHSO02_1511,Labridae,Pictilabrus,laticlavius,1,226.412,37384020,CHOS02_1511_L.avi,54619,18.20633333,2.107,0.731,1428.436,18.771,,M,Passing,
CHSO02_1511,Scorpididae,Tilodon,sexfasciatus,1,288.4,37361003,CHOS02_1511_L.avi,72621,24.207,3.276,2.833,1683.771,20.418,,AD,Passing,
CHSO02_1511,Mullidae,Upeneichthys,vlamingii,1,265.941,37355029,CHOS02_1511_L.avi,50795,16.93166667,1.917,1.047,2279.424,0.753,,AD,Passing,
CHSO03_1511,Serranidae,Caesioperca,rasor,1,192.858,37311003,CHOS03_1511_L.avi,169202,56.40066667,2.281,2.32,1540.732,6.098,,AD,Passing,
CHSO03_1511,Diodontidae,Diodon,nichthemerus,1,243.111,37469001,CHOS03_1511_L.avi,147024,49.008,1.955,3.539,2393.038,6.106,,AD,Passing,
CHSO03_1511,Labridae,Notolabrus,parilus,1,349.483,37384022,CHOS03_1511_L.avi,141289,47.09633333,1.009,1.085,1694.247,11.991,,AD,Passing,
CHSO03_1511,Labridae,Notolabrus,tetricus,1,301.715,37384003,CHOS03_1511_L.avi,76610,25.53666667,1.985,1.536,2310.492,9.389,,F,Passing,
CHSO03_1511,Gerreidae,Parequula,melbournensis,1,159.566,37349001,CHOS03_1511_L.avi,81699,27.233,2.194,4.52,2125.361,5.105,,AD,Passing,
CHSO03_1511,Gerreidae,Parequula,melbournensis,1,147.167,37349001,CHOS03_1511_L.avi,81995,27.33166667,3.1,1.484,1940.004,12.572,,AD,Passing,
CHSO04_1511,Labridae,Austrolabrus,maculatus,1,126.485,37384025,CHOS04_1511_L.avi,31414,10.47133333,2.446,8,2360.32,18.418,,AD,Passing,
CHSO04_1511,Serranidae,Caesioperca,rasor,1,164.031,37311003,CHOS04_1511_L.avi,38070,12.69,0.941,8.081,1726.979,2.982,,AD,Passing,
CHSO04_1511,Serranidae,Caesioperca,rasor,1,166.279,37311003,CHOS04_1511_L.avi,38084,12.69466667,1.754,8.748,1952.763,20.926,,AD,Passing,
CHSO04_1511,Serranidae,Caesioperca,rasor,1,150.446,37311003,CHOS04_1511_L.avi,48514,16.17133333,1.424,6.888,1701.315,16.991,,AD,Passing,
CHSO04_1511,Serranidae,Caesioperca,rasor,1,192.004,37311003,CHOS04_1511_L.avi,49115,16.37166667,1.103,5.892,1834.545,3.906,,AD,Passing,
CHSO04_1511,Serranidae,Caesioperca,rasor,1,191.312,37311003,CHOS04_1511_L.avi,110374,36.79133333,0.939,5.995,1278.749,7.352,,AD,Passing,
CHSO04_1511,Serranidae,Caesioperca,rasor,1,158.538,37311003,CHOS04_1511_L.avi,110374,36.79133333,1.026,6.114,1390.666,12.068,,AD,Passing,
CHSO04_1511,Serranidae,Caesioperca,rasor,1,185.03,37311003,CHOS04_1511_L.avi,110393,36.79766667,0.83,5.498,1351.219,8.536,,AD,Passing,
CHSO04_1511,Serranidae,Caesioperca,rasor,1,194.401,37311003,CHOS04_1511_L.avi,176050,58.68333333,1.537,6.351,1630.488,5.316,,AD,Passing,
CHSO04_1511,Serranidae,Caesioperca,rasor,1,195.385,37311003,CHOS04_1511_L.avi,176080,58.69333333,1.68,8.11,1599.841,8.219,,AD,Passing,
CHSO04_1511,Serranidae,Caesioperca,rasor,1,193.972,37311003,CHOS04_1511_L.avi,176080,58.69333333,1.718,6.515,1396.872,12.674,,AD,Passing,
CHSO04_1511,Serranidae,Caesioperca,rasor,1,152.685,37311003,CHOS04_1511_L.avi,176080,58.69333333,1.128,5.193,1276.701,12.637,,AD,Passing,
CHSO04_1511,Serranidae,Caesioperca,rasor,1,186.027,37311003,CHOS04_1511_L.avi,176080,58.69333333,0.69,4.751,1269.11,6.087,,AD,Passing,
CHSO04_1511,Serranidae,Caesioperca,rasor,1,184.799,37311003,CHOS04_1511_L.avi,176080,58.69333333,1.599,10.371,2076.05,7.716,,AD,Passing,
CHSO04_1511,Serranidae,Caesioperca,rasor,1,140.038,37311003,CHOS04_1511_L.avi,176274,58.758,0.612,2.998,979.063,10.5,,AD,Passing,
CHSO04_1511,Serranidae,Caesioperca,rasor,1,137.984,37311003,CHOS04_1511_L.avi,176280,58.76,0.518,3.682,987.509,9.166,,AD,Passing,
CHSO04_1511,Serranidae,Caesioperca,rasor,1,189.232,37311003,CHOS04_1511_L.avi,176892,58.964,0.658,6.091,1064.687,14.278,,AD,Passing,
CHSO04_1511,Serranidae,Caesioperca,rasor,1,164.541,37311003,CHOS04_1511_L.avi,176892,58.964,1.229,7.518,1592.975,12.835,,AD,Passing,
CHSO04_1511,Serranidae,Caesioperca,rasor,1,181.4,37311003,CHOS04_1511_L.avi,176892,58.964,1.86,8.039,2022.752,4.152,,AD,Passing,
CHSO04_1511,Serranidae,Caesioperca,rasor,1,169.713,37311003,CHOS04_1511_L.avi,177624,59.208,0.778,4.53,1312.158,9.953,,AD,Passing,
CHSO04_1511,Serranidae,Caesioperca,rasor,1,182.505,37311003,CHOS04_1511_L.avi,177663,59.221,1.071,5.218,1419.508,9.29,,AD,Passing,
CHSO04_1511,Dasyatidae,Dasyatis,brevicaudata,1,1047.617,37035001,CHOS04_1511_L.avi,86985,28.995,2.189,6.401,2361.598,10.243,,AD,Passing,
CHSO04_1511,Dasyatidae,Dasyatis,brevicaudata,1,780.596,37035001,CHOS04_1511_L.avi,102047,34.01566667,3.017,12.517,3887.745,2.428,,M,Passing,
CHSO04_1511,Labridae,Eupetrichthys,angustipes,1,125.51,37384105,CHOS04_1511_L.avi,175979,58.65966667,1.939,5.742,1986.865,20.705,,AD,Passing,
CHSO04_1511,Kyphosidae,Girella,zebra,1,317.182,37361008,CHOS04_1511_L.avi,49068,16.356,5.781,10.491,2715.459,8.413,,AD,Passing,
CHSO04_1511,Monacanthidae,Meuschenia,hippocrepis,1,260.34,37465004,CHOS04_1511_L.avi,18470,6.156666667,1.229,6.221,1656.895,13.834,,AD,Passing,
CHSO04_1511,Monacanthidae,Meuschenia,hippocrepis,1,329.803,37465004,CHOS04_1511_L.avi,18750,6.25,9.839,10.068,3283.62,19.591,,AD,Passing,
CHSO04_1511,Labridae,Notolabrus,parilus,1,335.635,37384022,CHOS04_1511_L.avi,49744,16.58133333,0.744,3.167,990.058,4.795,,AD,Passing,
CHSO04_1511,Labridae,Notolabrus,tetricus,1,327.492,37384003,CHOS04_1511_L.avi,18600,6.2,1.406,4.03,1702.149,7.231,,AD,Passing,
CHSO04_1511,Labridae,Notolabrus,tetricus,1,384.456,37384003,CHOS04_1511_L.avi,176370,58.79,1.119,6.898,1676.47,8.032,,AD,Passing,
CHSO04_1511,Labridae,Pictilabrus,laticlavius,1,209.649,37384020,CHOS04_1511_L.avi,33405,11.135,1.618,7.012,1961.524,3.155,,M,Passing,
CHSO04_1511,Carangidae,Pseudocaranx,sp,1,348.707,37337924,CHOS04_1511_L.avi,151486,50.49533333,2.324,11.378,3179.057,4.336,,AD,Passing,
CHSO04_1511,Carangidae,Pseudocaranx,sp,1,300.257,37337924,CHOS04_1511_L.avi,151486,50.49533333,4.098,10.757,3003.882,2.354,,AD,Passing,
CHSO04_1511,Scorpididae,Tilodon,sexfasciatus,1,211.08,37361003,CHOS04_1511_L.avi,48247,16.08233333,4.801,7.025,3027.453,14.08,,AD,Passing,
CHSO04_1511,Scorpididae,Tilodon,sexfasciatus,1,211.964,37361003,CHOS04_1511_L.avi,73189,24.39633333,12.988,14.367,3715.505,19.451,,AD,Passing,
CHSO04_1511,Mullidae,Upeneichthys,vlamingii,1,143.338,37355029,CHOS04_1511_L.avi,153678,51.226,2.77,6.373,2176.938,20.145,,AD,Passing,
CHEI01_1511,Labridae,Achoerodus,gouldii,1,562.852,37384002,CISE01_1511_L.avi,36619,12.20633333,9.115,9.005,3348.093,18.256,surge on bottom,AD,Passing,
CHEI01_1511,Cheilodactylidae,Cheilodactylus,nigripes,1,344.787,37377001,CISE01_1511_L.avi,179505,59.835,1.39,10.817,1116.199,22.039,surge on bottom,AD,Attracted,
CHEI01_1511,Kyphosidae,Girella,zebra,1,302.75,37361008,CISE01_1511_L.avi,60900,20.3,3.708,3.999,2655.978,19.856,surge on bottom,AD,Passing,
CHEI01_1511,Monacanthidae,Meuschenia,hippocrepis,1,290.455,37465004,CISE01_1511_L.avi,68523,22.841,3.003,2.898,1362.024,24.217,surge on bottom,AD,Attracted,
CHEI01_1511,Monacanthidae,Meuschenia,hippocrepis,1,318.231,37465004,CISE01_1511_L.avi,92146,30.71533333,3.703,2.364,1576.707,21.983,surge on bottom,AD,Attracted,
CHEI01_1511,Monacanthidae,Meuschenia,hippocrepis,1,286.187,37465004,CISE01_1511_L.avi,92162,30.72066667,1.601,0.168,1640.703,15.594,surge on bottom,AD,Attracted,
CHEI01_1511,Monacanthidae,Meuschenia,hippocrepis,1,293.974,37465004,CISE01_1511_L.avi,92192,30.73066667,3.345,0.074,1562.351,25.699,surge on bottom,AD,Attracted,
CHEI01_1511,Monacanthidae,Meuschenia,hippocrepis,1,286.389,37465004,CISE01_1511_L.avi,92987,30.99566667,1.001,1.152,1189.474,13.318,surge on bottom,AD,Attracted,
CHEI01_1511,Monacanthidae,Meuschenia,hippocrepis,1,245.81,37465004,CISE01_1511_L.avi,167739,55.913,6.149,2.39,2500.269,16.468,surge on bottom,AD,Passing,
CHEI01_1511,Monacanthidae,Meuschenia,hippocrepis,1,291.803,37465004,CISE01_1511_L.avi,168114,56.038,1.18,5.128,1152.673,25.345,surge on bottom,AD,Passing,
CHEI01_1511,Monacanthidae,Meuschenia,hippocrepis,1,301.102,37465004,CISE01_1511_L.avi,168146,56.04866667,0.938,2.468,797.384,8.23,surge on bottom,AD,Passing,
CHEI01_1511,Monacanthidae,Meuschenia,hippocrepis,1,299.147,37465004,CISE01_1511_L.avi,168528,56.176,1.759,0.156,1317.512,20.351,surge on bottom,AD,Passing,
CHEI01_1511,Labridae,Notolabrus,tetricus,1,313.074,37384003,CISE01_1511_L.avi,54478,18.15933333,0.686,1.696,827.551,16.753,surge on bottom,M,Passing,
CHEI01_1511,Labridae,Notolabrus,tetricus,1,275.748,37384003,CISE01_1511_L.avi,58138,19.37933333,1.551,1.591,2083.947,8.123,surge on bottom,M,Passing,
CHEI01_1511,Labridae,Notolabrus,tetricus,1,319.688,37384003,CISE01_1511_L.avi,58227,19.409,0.807,1.18,859.473,20.978,surge on bottom,M,Passing,
CHEI01_1511,Labridae,Notolabrus,tetricus,1,320.999,37384003,CISE01_1511_L.avi,96198,32.066,0.535,3.522,684.56,13.65,surge on bottom,AD,Passing,
CHEI01_1511,Labridae,Notolabrus,tetricus,1,355.539,37384003,CISE01_1511_L.avi,96234,32.078,0.904,11.477,990.803,19.81,surge on bottom,AD,Passing,
CHEI01_1511,Labridae,Notolabrus,tetricus,1,331.407,37384003,CISE01_1511_L.avi,96264,32.088,0.671,33.484,796.59,8.094,surge on bottom,AD,Passing,
CHEI01_1511,Odacidae,Olisthops,cyanomelas,1,312.925,37385001,CISE01_1511_L.avi,40246,13.41533333,2.047,5.93,1596.71,28.964,surge on bottom,M,Passing,
CHEI01_1511,Labridae,Pictilabrus,laticlavius,1,188.726,37384020,CISE01_1511_L.avi,39751,13.25033333,0.833,0.567,972.702,15.988,surge on bottom,AD,Passing,
CHEI01_1511,Labridae,Pictilabrus,laticlavius,1,194.099,37384020,CISE01_1511_L.avi,39788,13.26266667,3.472,1.132,1563.171,20.49,surge on bottom,AD,Passing,
CHEI01_1511,Sphyraenidae,Sphyraena,novaehollandiae,1,707.239,37382002,CISE01_1511_L.avi,46401,15.467,24.173,1.881,3693.456,24.937,surge on bottom,AD,Passing,
CHEI02_1511,Monacanthidae,Meuschenia,flavolineata,1,266.625,37465035,CISE02_1511_L.avi,12641,4.213666667,6.219,0.274,1874.178,16.072,very surgy,AD,Passing,
CHEI02_1511,Monacanthidae,Meuschenia,galii,1,275.97,37465040,CISE02_1511_L.avi,15479,5.159666667,1.748,0.419,1464.916,14.116,very surgy,AD,Passing,
CHEI02_1511,Monacanthidae,Meuschenia,hippocrepis,1,292.135,37465004,CISE02_1511_L.avi,23882,7.960666667,1.265,0.55,1162.502,20.693,very surgy,AD,Attracted,
CHEI02_1511,Monacanthidae,Meuschenia,hippocrepis,1,298.017,37465004,CISE02_1511_L.avi,30530,10.17666667,4.376,1.346,2556.32,5.334,very surgy,AD,Passing,
CHEI02_1511,Monacanthidae,Meuschenia,hippocrepis,1,287.682,37465004,CISE02_1511_L.avi,30530,10.17666667,5.526,0.948,3212.312,8.329,very surgy,AD,Passing,
CHEI02_1511,Monacanthidae,Meuschenia,hippocrepis,1,294.68,37465004,CISE02_1511_L.avi,30530,10.17666667,11.081,2.899,3022.427,7.155,very surgy,AD,Passing,
CHEI02_1511,Monacanthidae,Meuschenia,hippocrepis,1,328.86,37465004,CISE02_1511_L.avi,30537,10.179,1.578,0.774,1358.091,10.585,very surgy,AD,Passing,
CHEI02_1511,Monacanthidae,Meuschenia,hippocrepis,1,283.696,37465004,CISE02_1511_L.avi,30537,10.179,1.559,1.456,1505.243,13.836,very surgy,AD,Passing,
CHEI02_1511,Monacanthidae,Meuschenia,hippocrepis,1,313.778,37465004,CISE02_1511_L.avi,30537,10.179,2.509,0.796,1669.57,18.7,very surgy,AD,Passing,
CHEI02_1511,Monacanthidae,Meuschenia,hippocrepis,1,306.285,37465004,CISE02_1511_L.avi,30568,10.18933333,6.248,0.901,2050.484,19.736,very surgy,AD,Passing,
CHEI02_1511,Monacanthidae,Meuschenia,hippocrepis,1,294.66,37465004,CISE02_1511_L.avi,30643,10.21433333,2.242,0.754,1902.275,18.165,very surgy,AD,Passing,
CHEI02_1511,Monacanthidae,Meuschenia,hippocrepis,1,339.45,37465004,CISE02_1511_L.avi,30680,10.22666667,3.077,0.439,1767.775,28.31,very surgy,AD,Passing,
CHEI02_1511,Labridae,Notolabrus,tetricus,1,320.25,37384003,CISE02_1511_L.avi,12579,4.193,2.142,2.14,1739.437,8.309,very surgy,M,Attracted,
CHEI02_1511,Labridae,Notolabrus,tetricus,1,276.993,37384003,CISE02_1511_L.avi,19244,6.414666667,1.724,1.475,1686.833,10.214,very surgy,F,Attracted,
CHEI02_1511,Labridae,Notolabrus,tetricus,1,307.753,37384003,CISE02_1511_L.avi,19283,6.427666667,1.861,2.185,1554.676,13.243,very surgy,F,Attracted,
CHEI02_1511,Labridae,Notolabrus,tetricus,1,380.24,37384003,CISE02_1511_L.avi,27978,9.326,0.599,6.958,630.658,15.323,very surgy,AD,Passing,
CHEI02_1511,Labridae,Notolabrus,tetricus,1,340.041,37384003,CISE02_1511_L.avi,27992,9.330666667,2.504,1.003,1419.701,13.512,very surgy,M,Passing,
CHEI02_1511,Labridae,Notolabrus,tetricus,1,268.909,37384003,CISE02_1511_L.avi,39794,13.26466667,1.434,1.57,1373.978,16.218,very surgy,F,Passing,
CHEI02_1511,Odacidae,Olisthops,cyanomelas,1,304.873,37385001,CISE02_1511_L.avi,12189,4.063,6.984,2.634,3275.63,13.577,very surgy,AD,Passing,
CHEI02_1511,Labridae,Pictilabrus,laticlavius,1,215.628,37384020,CISE02_1511_L.avi,19007,6.335666667,7.561,3.977,2679.352,11.116,very surgy,AD,Passing,
CHEI02_1511,Scorpididae,Scorpis,aequipinnis,1,270.846,37361004,CISE02_1511_L.avi,30680,10.22666667,1.601,1.989,1657.136,11.657,very surgy,AD,Passing,
CHEI02_1511,Scorpididae,Scorpis,aequipinnis,1,297.638,37361004,CISE02_1511_L.avi,30687,10.229,2.882,0.877,2038.272,17.944,very surgy,AD,Passing,
CHEI02_1511,Scorpididae,Scorpis,aequipinnis,1,303.644,37361004,CISE02_1511_L.avi,30704,10.23466667,3.648,3.06,1645.471,12.838,very surgy,AD,Passing,
CHEI02_1511,Scorpididae,Scorpis,aequipinnis,1,256.237,37361004,CISE02_1511_L.avi,30717,10.239,7.322,0.756,2177.001,24.722,very surgy,AD,Passing,
CHEI03_1511,Cheilodactylidae,Cheilodactylus,nigripes,1,315.273,37377001,CISE03_1511_L.avi,142360,47.45333333,1.419,2.73,1310.732,15.131,,AD,Attracted,
CHEI03_1511,Enoplosidae,Enoplosus,armatus,1,225.114,37366001,CISE03_1511_L.avi,22828,7.609333333,1.57,6.848,2397.71,13.92,,AD,Passing,
CHEI03_1511,Monacanthidae,Meuschenia,galii,1,275.662,37465040,CISE03_1511_L.avi,21270,7.09,2.052,1.56,1394.817,6.364,,AD,Passing,
CHEI03_1511,Monacanthidae,Meuschenia,hippocrepis,1,309.578,37465004,CISE03_1511_L.avi,34307,11.43566667,0.783,2.029,1410.505,7.819,,AD,Passing,
CHEI03_1511,Labridae,Notolabrus,tetricus,1,236.656,37384003,CISE03_1511_L.avi,21103,7.034333333,0.959,3.744,1208.533,17.232,,AD,Passing,
CHEI03_1511,Labridae,Notolabrus,tetricus,1,286.164,37384003,CISE03_1511_L.avi,44330,14.77666667,1.631,2.77,1839.122,15.551,,AD,Passing,
CHEI03_1511,Labridae,Notolabrus,tetricus,1,356.694,37384003,CISE03_1511_L.avi,44330,14.77666667,2.392,7.05,1599.821,12.937,,AD,Passing,
CHEI03_1511,Labridae,Notolabrus,tetricus,1,352.42,37384003,CISE03_1511_L.avi,44369,14.78966667,0.606,4.861,991.994,13.269,,AD,Passing,
CHEI03_1511,Labridae,Notolabrus,tetricus,1,139.762,37384003,CISE03_1511_L.avi,44369,14.78966667,0.804,11.46,1231.205,15.104,,AD,Passing,
CHEI03_1511,Labridae,Notolabrus,tetricus,1,354.594,37384003,CISE03_1511_L.avi,59077,19.69233333,1.154,4.006,1391.113,7.24,,AD,Passing,
CHEI03_1511,Labridae,Notolabrus,tetricus,1,221.566,37384003,CISE03_1511_L.avi,68332,22.77733333,0.686,0.71,1052.474,16.058,,AD,Passing,
CHEI03_1511,Labridae,Notolabrus,tetricus,1,286.109,37384003,CISE03_1511_L.avi,68382,22.794,0.715,1.019,1039.306,9.658,,AD,Passing,
CHEI03_1511,Labridae,Notolabrus,tetricus,1,366.1,37384003,CISE03_1511_L.avi,68563,22.85433333,13.198,14.841,2515.152,18.18,,AD,Passing,
CHEI04_1511,Monacanthidae,Meuschenia,galii,1,203.316,37465040,CISE04_1511_L.avi,80196,26.732,2.949,8.962,2031.495,8.345,,AD,Passing,
CHEI04_1511,Monacanthidae,Meuschenia,hippocrepis,1,288.683,37465004,CISE04_1511_L.avi,25156,8.385333333,2.794,8.638,2116.501,7.734,,AD,Attracted,
CHEI04_1511,Monacanthidae,Meuschenia,hippocrepis,1,337.874,37465004,CISE04_1511_L.avi,87941,29.31366667,1.319,9.306,1580.802,15.785,,AD,Passing,
CHEI04_1511,Monacanthidae,Meuschenia,hippocrepis,1,322.474,37465004,CISE04_1511_L.avi,87941,29.31366667,2.359,9.579,1987.472,8.677,,AD,Passing,
CHEI04_1511,Monacanthidae,Meuschenia,hippocrepis,1,288.649,37465004,CISE04_1511_L.avi,87941,29.31366667,1.131,11.846,1510.283,10.971,,AD,Passing,
CHEI04_1511,Monacanthidae,Meuschenia,hippocrepis,1,207.339,37465004,CISE04_1511_L.avi,88182,29.394,2.808,10.321,2329.096,21.852,,AD,Passing,
CHEI04_1511,Labridae,Notolabrus,parilus,1,354.088,37384022,CISE04_1511_L.avi,69400,23.13333333,2.132,4.797,1997.476,7.93,,AD,Passing,
CHEI04_1511,Labridae,Notolabrus,tetricus,1,296.024,37384003,CISE04_1511_L.avi,16654,5.551333333,1.549,8.537,1584.165,4.223,,F,Attracted,
CHEI04_1511,Labridae,Notolabrus,tetricus,1,215.47,37384003,CISE04_1511_L.avi,47618,15.87266667,3.785,9.058,1902.784,19.96,,AD,Passing,
CHEI04_1511,Labridae,Notolabrus,tetricus,1,260.495,37384003,CISE04_1511_L.avi,48149,16.04966667,2.447,8.495,1809.486,16.556,,AD,Passing,
CHEI04_1511,Labridae,Notolabrus,tetricus,1,305.849,37384003,CISE04_1511_L.avi,48166,16.05533333,6.698,14.667,2865.534,20.212,,AD,Passing,
CHEI04_1511,Labridae,Notolabrus,tetricus,1,269.431,37384003,CISE04_1511_L.avi,48194,16.06466667,2.65,9.912,1631.102,15.439,,AD,Passing,
CHEI04_1511,Labridae,Notolabrus,tetricus,1,357.422,37384003,CISE04_1511_L.avi,48432,16.144,1.666,6.717,1827.127,16.989,,AD,Passing,
CHEI04_1511,Labridae,Notolabrus,tetricus,1,355.736,37384003,CISE04_1511_L.avi,49535,16.51166667,1.726,3.901,2043.044,17.163,,AD,Passing,
CHEI04_1511,Odacidae,Olisthops,cyanomelas,1,330.126,37385001,CISE04_1511_L.avi,35636,11.87866667,11.486,14.875,3672.016,6.312,,M,Passing,
CHEI04_1511,Labridae,Pictilabrus,laticlavius,1,194.966,37384020,CISE04_1511_L.avi,30451,10.15033333,2.835,9.101,1805.788,11.739,,M,Passing,
CHEI04_1511,Labridae,Pictilabrus,laticlavius,1,171.096,37384020,CISE04_1511_L.avi,38320,12.77333333,4.838,10.486,2548.395,12.636,,AD,Passing,
PIEI01_1604,Monacanthidae,Acanthaluteres,vittiger,1,188.703,37465002,PIIE01_1604_L.avi,14093,4.697666667,6.384,26.954,1888.21,4.768,,,Attracted,
PIEI01_1604,Monacanthidae,Acanthaluteres,vittiger,1,170.971,37465002,PIIE01_1604_L.avi,14093,4.697666667,0.584,1.964,1071.174,4.321,,,Attracted,
PIEI01_1604,Monacanthidae,Acanthaluteres,vittiger,1,193.413,37465002,PIIE01_1604_L.avi,14146,4.715333333,2.037,0.313,1682.062,8.074,,AD,Passing,
PIEI01_1604,Monacanthidae,Acanthaluteres,vittiger,1,168.069,37465002,PIIE01_1604_L.avi,14146,4.715333333,0.791,0.658,1107.373,2.469,,AD,Passing,
PIEI01_1604,Monacanthidae,Acanthaluteres,vittiger,1,178.774,37465002,PIIE01_1604_L.avi,56025,18.675,2.285,36.05,1134.76,4.16,,M,Feeding,
PIEI01_1604,Monacanthidae,Acanthaluteres,vittiger,1,210.909,37465002,PIIE01_1604_L.avi,101234,33.74466667,1.214,2.335,1185.42,16.203,,F,Feeding,
PIEI01_1604,Labridae,Achoerodus,gouldii,1,347.343,37384002,PIIE01_1604_L.avi,76084,25.36133333,3.325,1.47,2428.065,10.875,,AD,Passing,
PIEI01_1604,Labridae,Notolabrus,tetricus,1,279.257,37384003,PIIE01_1604_L.avi,49013,16.33766667,8.857,65.232,2106.63,12.786,,F,Passing,
PIEI01_1604,Labridae,Notolabrus,tetricus,1,265.589,37384003,PIIE01_1604_L.avi,152469,50.823,0.638,2.212,1140.407,7.893,,F,Attracted,
PIEI01_1604,Labridae,Notolabrus,tetricus,1,385.947,37384003,PIIE01_1604_L.avi,155515,51.83833333,2.673,2.497,2129.027,14.321,,F,Feeding,
PIEI01_1604,Labridae,Notolabrus,tetricus,1,259.561,37384003,PIIE01_1604_L.avi,157066,52.35533333,0.657,0.925,1124.566,4.676,,F,Feeding,
PIEI01_1604,Odacidae,Olisthops,cyanomelas,1,325.54,37385001,PIIE01_1604_L.avi,15735,5.245,2.87,2.325,1909.794,18.144,,AD,Passing,
PIEI01_1604,Labridae,Pictilabrus,laticlavius,1,188.457,37384020,PIIE01_1604_L.avi,33223,11.07433333,3.836,27.935,1577.215,16.742,,AD,Attracted,
PIEI01_1604,Mullidae,Upeneichthys,vlamingii,1,214.292,37355029,PIIE01_1604_L.avi,39721,13.24033333,7.332,1.651,2437.869,2.167,,AD,Passing,
PIEI02_1604,Triakidae,Mustelus,antarcticus,1,1226.236,37017001,PIIE02_1604_L.avi,55410,18.47,1.932,6.659,1353.403,8.59,,AD,Passing,
PIEI02_1604,Labridae,Notolabrus,parilus,1,264.271,37384022,PIIE02_1604_L.avi,39298,13.09933333,5.782,12.246,2552.163,6.711,,AD,Passing,
PIEI02_1604,Labridae,Notolabrus,tetricus,1,209.869,37384003,PIIE02_1604_L.avi,33718,11.23933333,4.061,11.145,2261.375,8.881,,F,Passing,
PIEI02_1604,Labridae,Notolabrus,tetricus,1,350.527,37384003,PIIE02_1604_L.avi,96092,32.03066667,0.975,8.933,1695.873,4.321,,AD,Passing,
PIEI02_1604,Labridae,Notolabrus,tetricus,1,325.965,37384003,PIIE02_1604_L.avi,97075,32.35833333,1.87,8.164,2041.606,11.443,,AD,Passing,
PIEI02_1604,Labridae,Notolabrus,tetricus,1,250.075,37384003,PIIE02_1604_L.avi,97553,32.51766667,1.996,10.972,1937.472,9.066,,AD,Passing,
PIEI02_1604,Labridae,Ophthalmolepis,lineolatus,1,155.781,37384040,PIIE02_1604_L.avi,48336,16.112,1.693,6.811,1692.923,7.802,,J,Passing,
PIEI02_1604,Labridae,Ophthalmolepis,lineolatus,1,151.247,37384040,PIIE02_1604_L.avi,112897,37.63233333,3.208,11.556,2185.492,6.103,,AD,Passing,
PIEI02_1604,Labridae,Ophthalmolepis,lineolatus,1,205.376,37384040,PIIE02_1604_L.avi,112943,37.64766667,0.932,6.677,1567.619,9.42,,AD,Passing,
PIEI02_1604,Labridae,Ophthalmolepis,lineolatus,1,220.368,37384040,PIIE02_1604_L.avi,113570,37.85666667,4.532,11.138,2251.607,17.313,,AD,Passing,
PIEI02_1604,Labridae,Ophthalmolepis,lineolatus,1,170.309,37384040,PIIE02_1604_L.avi,113632,37.87733333,1.853,4.992,1344.308,18.311,,AD,Passing,
PIEI02_1604,Gerreidae,Parequula,melbournensis,1,121.421,37349001,PIIE02_1604_L.avi,39169,13.05633333,1.88,7.581,1669.294,5.541,,AD,Passing,
PIEI02_1604,Gerreidae,Parequula,melbournensis,1,134.865,37349001,PIIE02_1604_L.avi,39171,13.057,1.026,3.567,1184.394,22.215,,AD,Passing,
PIEI02_1604,Gerreidae,Parequula,melbournensis,1,109.917,37349001,PIIE02_1604_L.avi,39516,13.172,1.519,6.884,1645.962,24.384,,AD,Passing,
PIEI02_1604,Labridae,Pictilabrus,laticlavius,1,201.633,37384020,PIIE02_1604_L.avi,30871,10.29033333,0.742,4.725,1012.521,18.48,,M,Attracted,
PIEI02_1604,Carangidae,Pseudocaranx,sp,1,288.693,37337924,PIIE02_1604_L.avi,41658,13.886,1.554,9.543,2094.388,7.709,,AD,Passing,
PIEI02_1604,Carangidae,Pseudocaranx,sp,1,290.193,37337924,PIIE02_1604_L.avi,41658,13.886,2.364,9.49,2093.495,13.63,,AD,Passing,
PIEI02_1604,Carangidae,Pseudocaranx,sp,1,280.081,37337924,PIIE02_1604_L.avi,41668,13.88933333,2.808,10.722,2249.348,19.325,,AD,Passing,
PIEI02_1604,Loliginidae,Sepioteuthis,australis,1,245.514,23617005,PIIE02_1604_L.avi,57145,19.04833333,3.368,11.723,2826.14,8.752,,AD,Passing,
PIEI02_1604,Mullidae,Upeneichthys,vlamingii,1,281.456,37355029,PIIE02_1604_L.avi,30337,10.11233333,8.529,15.171,2788.872,10.062,,AD,Passing,
PIEI03_1604,Serranidae,Caesioperca,rasor,1,243.333,37311003,PIEI03_1604_L.avi,7020,2.34,2.458,0.482,1388.293,13.002,,M,Passing,
PIEI03_1604,Lamnidae,Carcharodon,carcharias,1,3127.781,37010003,PIEI03_1604_L.avi,55153,18.38433333,24.497,2.931,4099.85,4.245,,M,Attracted,
PIEI03_1604,Cheilodactylidae,Cheilodactylus,nigripes,1,317.002,37377001,PIEI03_1604_L.avi,14610,4.87,5.64,5.484,3636.059,5.483,,AD,Passing,
PIEI03_1604,Dinolestidae,Dinolestes,lewini,1,243.115,37327002,PIEI03_1604_L.avi,58104,19.368,6.378,2.079,2610.067,7.517,,AD,Passing,
PIEI03_1604,Dinolestidae,Dinolestes,lewini,1,216.806,37327002,PIEI03_1604_L.avi,58104,19.368,7.75,0.942,3727.362,8.261,,AD,Passing,
PIEI03_1604,Dinolestidae,Dinolestes,lewini,1,237.757,37327002,PIEI03_1604_L.avi,58104,19.368,4.5,2.128,3576.968,11.565,,AD,Passing,
PIEI03_1604,Enoplosidae,Enoplosus,armatus,1,250.417,37366001,PIEI03_1604_L.avi,99241,33.08033333,9.642,3.993,2965.309,3.558,,AD,Passing,
PIEI03_1604,Enoplosidae,Enoplosus,armatus,1,237.518,37366001,PIEI03_1604_L.avi,99241,33.08033333,2.883,1.387,2700.358,8.43,,AD,Passing,
PIEI03_1604,Monacanthidae,Meuschenia,flavolineata,1,204.25,37465035,PIEI03_1604_L.avi,8981,2.993666667,2.874,0.783,1716.745,27.038,,AD,Attracted,
PIEI03_1604,Monacanthidae,Meuschenia,flavolineata,1,196.849,37465035,PIEI03_1604_L.avi,8981,2.993666667,2.867,3.94,1879.265,20.253,,AD,Attracted,
PIEI03_1604,Monacanthidae,Meuschenia,galii,1,261.774,37465040,PIEI03_1604_L.avi,8981,2.993666667,3.286,1.107,1897.441,15.03,,AD,Attracted,
PIEI03_1604,Monacanthidae,Meuschenia,galii,1,248.241,37465040,PIEI03_1604_L.avi,9266,3.088666667,3.203,1.938,2089.234,5.367,,AD,Attracted,
PIEI03_1604,Monacanthidae,Meuschenia,hippocrepis,1,310.846,37465004,PIEI03_1604_L.avi,156107,52.03566667,5.425,2.163,2047.725,15.855,,AD,Passing,
PIEI03_1604,Monacanthidae,Meuschenia,hippocrepis,1,216.442,37465004,PIEI03_1604_L.avi,156107,52.03566667,8.184,2.83,2224.768,23.965,,AD,Passing,
PIEI03_1604,Monacanthidae,Meuschenia,hippocrepis,1,375.754,37465004,PIEI03_1604_L.avi,156137,52.04566667,1.931,2.854,1174.466,17.951,,AD,Passing,
PIEI03_1604,Monacanthidae,Meuschenia,hippocrepis,1,292.04,37465004,PIEI03_1604_L.avi,156137,52.04566667,6.061,5.949,2430.454,27.688,,AD,Passing,
PIEI03_1604,Monacanthidae,Meuschenia,hippocrepis,1,232.507,37465004,PIEI03_1604_L.avi,156158,52.05266667,6.308,2.644,2134.016,6.875,,AD,Passing,
PIEI03_1604,Cheilodactylidae,Nemadactylus,valenciennesi,1,647.983,37377004,PIEI03_1604_L.avi,51144,17.048,3.082,2.408,2092.52,14.33,,AD,Passing,
PIEI03_1604,Labridae,Notolabrus,parilus,1,353.199,37384022,PIEI03_1604_L.avi,53410,17.80333333,5.883,1.336,2473.196,2.185,,M,Passing,
PIEI03_1604,Labridae,Notolabrus,tetricus,1,270.581,37384003,PIEI03_1604_L.avi,116943,38.981,2.513,4.272,1448.665,27.633,,F,Attracted,
PIEI03_1604,Labridae,Notolabrus,tetricus,1,251.049,37384003,PIEI03_1604_L.avi,116981,38.99366667,3.944,3.566,1779.377,9.443,,F,Attracted,
PIEI03_1604,Labridae,Notolabrus,tetricus,1,310.592,37384003,PIEI03_1604_L.avi,116981,38.99366667,5.639,2.166,1982.195,24.271,,F,Attracted,
PIEI03_1604,Labridae,Notolabrus,tetricus,1,391.169,37384003,PIEI03_1604_L.avi,117317,39.10566667,1.74,12.186,1615.973,5.448,,M,Attracted,
PIEI03_1604,Odacidae,Olisthops,cyanomelas,1,307.678,37385001,PIEI03_1604_L.avi,13709,4.569666667,1.869,7.203,2421.383,3.06,,M,Passing,
PIEI03_1604,Labridae,Ophthalmolepis,lineolatus,1,152.705,37384040,PIEI03_1604_L.avi,44581,14.86033333,3.394,1.387,2144.387,21.61,,F,Attracted,
PIEI03_1604,Pomacentridae,Parma,victoriae,1,207.511,37372006,PIEI03_1604_L.avi,145939,48.64633333,6.277,5.105,2334.445,23.847,,AD,Passing,
PIEI03_1604,Carangidae,Pseudocaranx,sp,1,270.396,37337924,PIEI03_1604_L.avi,188012,62.67066667,3.604,5.756,1982.737,5.849,,AD,Passing,
PIEI03_1604,Carangidae,Trachurus,novaezelandiae,1,215.729,37337003,PIEI03_1604_L.avi,158006,52.66866667,5.516,2.457,2408.092,13.253,,AD,Passing,
PIEI03_1604,Carangidae,Trachurus,novaezelandiae,1,195.296,37337003,PIEI03_1604_L.avi,158006,52.66866667,7.796,4.315,2684.867,15.474,,AD,Passing,
PIEI03_1604,Carangidae,Trachurus,novaezelandiae,1,195.601,37337003,PIEI03_1604_L.avi,158006,52.66866667,2.339,3.839,2528.7,17.19,,AD,Passing,
PIEI04_1604,Cheilodactylidae,Cheilodactylus,nigripes,1,301.705,37377001,PIEI04_1604_L.avi,62666,20.88866667,1.516,8.907,1302.858,29.069,,AD,Attracted,
PIEI04_1604,Monacanthidae,Meuschenia,galii,1,276.101,37465040,PIEI04_1604_L.avi,30245,10.08166667,4.417,2.712,1689.783,24.6,,M,Attracted,
PIEI04_1604,Monacanthidae,Meuschenia,galii,1,257.275,37465040,PIEI04_1604_L.avi,30526,10.17533333,1.202,2.102,1201.962,21.876,,AD,Attracted,
PIEI04_1604,Monacanthidae,Meuschenia,hippocrepis,1,237.703,37465004,PIEI04_1604_L.avi,54393,18.131,2.698,0.263,1762.023,17.921,,AD,Attracted,
PIEI04_1604,Monacanthidae,Meuschenia,hippocrepis,1,349.307,37465004,PIEI04_1604_L.avi,54393,18.131,2.263,3.688,1838.394,14.705,,AD,Feeding,
PIEI04_1604,Monacanthidae,Meuschenia,hippocrepis,1,358.31,37465004,PIEI04_1604_L.avi,54429,18.143,2.492,0.658,1732.853,12.254,,AD,Attracted,
PIEI04_1604,Scorpididae,Scorpis,aequipinnis,1,331.823,37361004,PIEI04_1604_L.avi,18839,6.279666667,3.335,9.676,2058.077,19.499,,AD,Attracted,
PIEO01_1604,Cheilodactylidae,Cheilodactylus,nigripes,1,290.503,37377001,PIOE01_1604_L.avi,22964,7.654666667,7.819,11.446,3215.905,12.038,,AD,Passing,
PIEO01_1604,Odacidae,Heteroscarus,acroptilus,1,194.519,37385010,PIOE01_1604_L.avi,28144,9.381333333,0.938,1.122,1026.576,9.437,,AD,Passing,
PIEO01_1604,Monacanthidae,Meuschenia,flavolineata,1,194.522,37465035,PIOE01_1604_L.avi,14838,4.946,1.134,4.725,1666.791,11.405,,AD,Passing,
PIEO01_1604,Monacanthidae,Meuschenia,galii,1,264.267,37465040,PIOE01_1604_L.avi,24688,8.229333333,1.067,6.161,1581.968,13.031,,AD,Attracted,
PIEO01_1604,Monacanthidae,Meuschenia,hippocrepis,1,288.94,37465004,PIOE01_1604_L.avi,127422,42.474,1.267,2.139,1273.328,12.055,,AD,Passing,
PIEO01_1604,Monacanthidae,Meuschenia,hippocrepis,1,330.631,37465004,PIOE01_1604_L.avi,127446,42.482,1.637,2.971,1426.199,12.188,,AD,Passing,
PIEO01_1604,Monacanthidae,Meuschenia,hippocrepis,1,297.157,37465004,PIOE01_1604_L.avi,127741,42.58033333,1.145,8.932,1511.831,17.097,,AD,Passing,
PIEO01_1604,Monacanthidae,Meuschenia,hippocrepis,1,288.353,37465004,PIOE01_1604_L.avi,127838,42.61266667,1.275,3.478,1609.874,16.347,,AD,Passing,
PIEO01_1604,Monacanthidae,Meuschenia,hippocrepis,1,263.892,37465004,PIOE01_1604_L.avi,128117,42.70566667,1.784,5.68,1696.467,16.292,,AD,Passing,
PIEO01_1604,Monacanthidae,Meuschenia,hippocrepis,1,298.908,37465004,PIOE01_1604_L.avi,129066,43.022,2.381,6.256,1828.414,13.405,,AD,Passing,
PIEO01_1604,Monacanthidae,Meuschenia,hippocrepis,1,301.409,37465004,PIOE01_1604_L.avi,129592,43.19733333,0.863,2.995,1203.348,8.85,,AD,Passing,
PIEO01_1604,Monacanthidae,Meuschenia,hippocrepis,1,286.449,37465004,PIOE01_1604_L.avi,130345,43.44833333,1.171,3.056,1201.667,13.516,,AD,Passing,
PIEO01_1604,Monacanthidae,Meuschenia,hippocrepis,1,271.553,37465004,PIOE01_1604_L.avi,131789,43.92966667,1.072,3.756,1533.548,8.899,,AD,Passing,
PIEO01_1604,Monacanthidae,Meuschenia,hippocrepis,1,384.04,37465004,PIOE01_1604_L.avi,132601,44.20033333,13.069,42.159,2446.001,11.954,,AD,Passing,
PIEO01_1604,Monacanthidae,Meuschenia,hippocrepis,1,348.484,37465004,PIOE01_1604_L.avi,135676,45.22533333,3.128,2.708,1891.281,18.878,,AD,Passing,
PIEO01_1604,Labridae,Notolabrus,tetricus,1,355.506,37384003,PIOE01_1604_L.avi,21297,7.099,2.487,2.688,1601.731,14.782,,AD,Passing,
PIEO01_1604,Labridae,Notolabrus,tetricus,1,217.151,37384003,PIOE01_1604_L.avi,31349,10.44966667,2.939,6.7,2033.186,10.306,,F,Passing,
PIEO01_1604,Labridae,Notolabrus,tetricus,1,299.938,37384003,PIOE01_1604_L.avi,31992,10.664,4.121,5.526,2253.951,17.109,,AD,Passing,
PIEO01_1604,Labridae,Notolabrus,tetricus,1,373.642,37384003,PIOE01_1604_L.avi,33735,11.245,5.51,6.753,2717.11,14.201,,AD,Passing,
PIEO01_1604,Odacidae,Olisthops,cyanomelas,1,409.276,37385001,PIOE01_1604_L.avi,152670,50.89,15.629,8.719,3966.801,16.023,,AD,Passing,
PIEO01_1604,Labridae,Pictilabrus,laticlavius,1,181.02,37384020,PIOE01_1604_L.avi,33670,11.22333333,1.279,5.768,1953.509,12.181,,AD,Passing,
PIEO01_1604,Labridae,Pictilabrus,laticlavius,1,166.566,37384020,PIOE01_1604_L.avi,33687,11.229,3.242,5.75,2083.223,13.807,,AD,Passing,
PIEO02_1604,Labridae,Achoerodus,gouldii,1,281.633,37384002,PIOE02_1604_L.avi,27728,9.242666667,1.233,9.628,2179.076,3.07,,AD,Passing,
PIEO02_1604,Labridae,Austrolabrus,maculatus,1,123.971,37384025,PIOE02_1604_L.avi,147054,49.018,3.823,12.502,2322.179,9.778,,J,Passing,
PIEO02_1604,Cheilodactylidae,Cheilodactylus,nigripes,1,358.88,37377001,PIOE02_1604_L.avi,139670,46.55666667,10.939,115.836,2323.993,9.942,,AD,Passing,
PIEO02_1604,Cheilodactylidae,Cheilodactylus,nigripes,1,329.78,37377001,PIOE02_1604_L.avi,139899,46.633,1.432,6.708,1637.389,14.4,,AD,Passing,
PIEO02_1604,Chaetodontidae,Chelmonops,curiosus,1,203.337,37365066,PIOE02_1604_L.avi,37151,12.38366667,2.486,10.762,2464.727,14.433,,AD,Passing,
PIEO02_1604,Chaetodontidae,Chelmonops,curiosus,1,260.704,37365066,PIOE02_1604_L.avi,37312,12.43733333,5.738,11.782,2626.882,13.882,,AD,Passing,
PIEO02_1604,Kyphosidae,Girella,zebra,1,341.407,37361008,PIOE02_1604_L.avi,132965,44.32166667,2.521,9.085,2192.271,15.429,,AD,Passing,
PIEO02_1604,Monacanthidae,Meuschenia,flavolineata,1,379.44,37465035,PIOE02_1604_L.avi,138498,46.166,2.536,6.575,1673.362,18.607,,AD,Passing,
PIEO02_1604,Monacanthidae,Meuschenia,hippocrepis,1,270.91,37465004,PIOE02_1604_L.avi,22823,7.607666667,3.08,11.989,2682.302,9.947,,AD,Passing,
PIEO02_1604,Monacanthidae,Meuschenia,hippocrepis,1,239,37465004,PIOE02_1604_L.avi,23683,7.894333333,12.275,38.896,2542.078,17.746,,AD,Passing,
PIEO02_1604,Monacanthidae,Meuschenia,hippocrepis,1,375.152,37465004,PIOE02_1604_L.avi,23720,7.906666667,1.634,2.999,1362.511,5.559,,AD,Passing,
PIEO02_1604,Monacanthidae,Meuschenia,hippocrepis,1,302.554,37465004,PIOE02_1604_L.avi,24102,8.034,1.875,9.352,1899.608,22.095,,AD,Passing,
PIEO02_1604,Monacanthidae,Meuschenia,hippocrepis,1,314.503,37465004,PIOE02_1604_L.avi,24823,8.274333333,0.977,7.206,1296.992,14.8,,AD,Passing,
PIEO02_1604,Monacanthidae,Meuschenia,hippocrepis,1,363.519,37465004,PIOE02_1604_L.avi,25474,8.491333333,1.695,9.351,1508.837,5.825,,AD,Passing,
PIEO02_1604,Monacanthidae,Meuschenia,hippocrepis,1,387.623,37465004,PIOE02_1604_L.avi,25894,8.631333333,1.2,6.529,1193.634,10.943,,AD,Passing,
PIEO02_1604,Monacanthidae,Meuschenia,hippocrepis,1,313.644,37465004,PIOE02_1604_L.avi,27918,9.306,0.943,9.002,1325.079,16.903,,AD,Passing,
PIEO02_1604,Myliobatidae,Myliobatis,tenuicaudatus,1,678.214,37039001,PIOE02_1604_L.avi,31839,10.613,1.386,12.806,1661.448,18.133,,AD,Attracted,
PIEO02_1604,Labridae,Notolabrus,tetricus,1,227.628,37384003,PIOE02_1604_L.avi,33391,11.13033333,3.33,9.245,1948.327,21.394,,M,Passing,
PIEO02_1604,Labridae,Notolabrus,tetricus,1,363.074,37384003,PIOE02_1604_L.avi,33404,11.13466667,2.748,8.076,1741.203,4.91,,M,Passing,
PIEO02_1604,Labridae,Notolabrus,tetricus,1,228.235,37384003,PIOE02_1604_L.avi,36059,12.01966667,11.766,36.704,2477.557,5.908,,F,Attracted,
PIEO02_1604,Labridae,Notolabrus,tetricus,1,237.184,37384003,PIOE02_1604_L.avi,36059,12.01966667,4.15,12.024,2457.206,7.849,,F,Attracted,
PIEO02_1604,Labridae,Notolabrus,tetricus,1,259.765,37384003,PIOE02_1604_L.avi,36059,12.01966667,7.165,10.956,2746.317,18.367,,F,Attracted,
PIEO02_1604,Labridae,Notolabrus,tetricus,1,284.767,37384003,PIOE02_1604_L.avi,47721,15.907,1.164,6.686,1320.301,12.852,,AD,Passing,
PIEO02_1604,Labridae,Notolabrus,tetricus,1,262.063,37384003,PIOE02_1604_L.avi,47721,15.907,3.116,7.907,1932.366,17.958,,AD,Passing,
PIEO02_1604,Labridae,Notolabrus,tetricus,1,335.084,37384003,PIOE02_1604_L.avi,47721,15.907,1.405,8.565,1678.191,3.475,,AD,Passing,
PIEO02_1604,Labridae,Notolabrus,tetricus,1,366.232,37384003,PIOE02_1604_L.avi,47721,15.907,1.873,15.792,2954.451,3.095,,AD,Passing,
PIEO02_1604,Labridae,Notolabrus,tetricus,1,330.194,37384003,PIOE02_1604_L.avi,47721,15.907,12.641,18.59,4374.523,4.497,,AD,Passing,
PIEO02_1604,Odacidae,Olisthops,cyanomelas,1,295.138,37385001,PIOE02_1604_L.avi,98224,32.74133333,8.067,12.843,2881.059,17.111,,AD,Passing,
PIEO02_1604,Labridae,Pictilabrus,laticlavius,1,202.706,37384020,PIOE02_1604_L.avi,8466,2.822,3.764,11.319,1973.116,6.088,,AD,Passing,
PIEO02_1604,Labridae,Pictilabrus,laticlavius,1,169.243,37384020,PIOE02_1604_L.avi,101546,33.84866667,2.095,12.43,2567.254,0.336,,AD,Passing,
PIEO02_1604,Labridae,Pictilabrus,laticlavius,1,170.57,37384020,PIOE02_1604_L.avi,101565,33.855,5.037,11.398,2388.9,12.897,,AD,Passing,
PIEO03_1604,Labridae,Austrolabrus,maculatus,1,135.944,37384025,PIEO03_1604_L.avi,10579,3.526333333,3.963,2.759,2284.626,22.063,,AD,Passing,
PIEO03_1604,Cheilodactylidae,Dactylophora,nigricans,1,722.647,37377005,PIEO03_1604_L.avi,55416,18.472,6.49,7.08,2210.24,21.778,,AD,Passing,
PIEO03_1604,Dinolestidae,Dinolestes,lewini,1,237.498,37327002,PIEO03_1604_L.avi,178239,59.413,5.584,3.027,2353.006,19.095,,,Passing,
PIEO03_1604,Dinolestidae,Dinolestes,lewini,1,245.954,37327002,PIEO03_1604_L.avi,178239,59.413,5.271,4.695,3692.67,17.314,,,Passing,
PIEO03_1604,Enoplosidae,Enoplosus,armatus,1,229.337,37366001,PIEO03_1604_L.avi,154114,51.37133333,2.903,0.554,1294.861,20.855,,AD,Attracted,
PIEO03_1604,Enoplosidae,Enoplosus,armatus,1,233.462,37366001,PIEO03_1604_L.avi,154114,51.37133333,1.819,1.083,1467.329,18.826,,AD,Attracted,
PIEO03_1604,Monacanthidae,Meuschenia,flavolineata,1,227.047,37465035,PIEO03_1604_L.avi,9374,3.124666667,10.487,3.014,2666.775,17.254,,F,Passing,
PIEO03_1604,Monacanthidae,Meuschenia,galii,1,254.717,37465040,PIEO03_1604_L.avi,40508,13.50266667,4.282,1.985,1628.966,24.77,,M,Attracted,
PIEO03_1604,Monacanthidae,Meuschenia,galii,1,246.941,37465040,PIEO03_1604_L.avi,40508,13.50266667,1.457,5.093,1275.325,22.367,,F,Attracted,
PIEO03_1604,Monacanthidae,Meuschenia,hippocrepis,1,285.448,37465004,PIEO03_1604_L.avi,85281,28.427,3.546,2.061,2509.202,7.628,,AD,Attracted,
PIEO03_1604,Monacanthidae,Meuschenia,hippocrepis,1,233.657,37465004,PIEO03_1604_L.avi,85305,28.435,4.011,1.677,3475.675,7.682,,AD,Attracted,
PIEO03_1604,Labridae,Notolabrus,tetricus,1,331.268,37384003,PIEO03_1604_L.avi,32681,10.89366667,1.503,2.442,1512.781,4.155,,M,Passing,
PIEO03_1604,Labridae,Notolabrus,tetricus,1,288.651,37384003,PIEO03_1604_L.avi,77568,25.856,2.299,0.425,1969.326,6.944,,F,Passing,
PIEO03_1604,Labridae,Notolabrus,tetricus,1,239.532,37384003,PIEO03_1604_L.avi,77579,25.85966667,7.141,2.936,2028.305,23.909,,F,Passing,
PIEO03_1604,Labridae,Notolabrus,tetricus,1,193.698,37384003,PIEO03_1604_L.avi,77622,25.874,2.279,1.696,1646.715,5.894,,F,Passing,
PIEO03_1604,Labridae,Notolabrus,tetricus,1,231.077,37384003,PIEO03_1604_L.avi,77661,25.887,1.063,3.803,1010.31,22.091,,F,Passing,
PIEO03_1604,Labridae,Notolabrus,tetricus,1,263.507,37384003,PIEO03_1604_L.avi,77808,25.936,1.933,2.333,1666.388,15.54,,F,Passing,
PIEO03_1604,Odacidae,Olisthops,cyanomelas,1,302.9,37385001,PIEO03_1604_L.avi,7788,2.596,5.759,4.857,2087.894,27.33,,M,Passing,
PIEO03_1604,Labridae,Pictilabrus,laticlavius,1,191.169,37384020,PIEO03_1604_L.avi,41552,13.85066667,5.073,2.455,2296.203,29.03,,M,Attracted,
PIEO03_1604,Carangidae,Pseudocaranx,sp,1,279.67,37337924,PIEO03_1604_L.avi,103792,34.59733333,1.215,5.396,1528.713,8.262,,AD,Attracted,
PIEO04_1604,Chaetodontidae,Chelmonops,curiosus,1,203.966,37365066,PIEO04_1604_L.avi,106385,35.46166667,6.566,4.155,3244.651,17.549,,AD,Passing,
PIEO04_1604,Cheilodactylidae,Dactylophora,nigricans,1,660.775,37377005,PIEO04_1604_L.avi,145913,48.63766667,2.603,3.407,1632.413,13.645,,AD,Passing,
PIEO04_1604,Dinolestidae,Dinolestes,lewini,1,237.442,37327002,PIEO04_1604_L.avi,23880,7.96,3.814,3.865,2124.181,18.574,,AD,Attracted,
PIEO04_1604,Dinolestidae,Dinolestes,lewini,1,245.221,37327002,PIEO04_1604_L.avi,23880,7.96,2.163,1.513,1844.231,15.604,,AD,Attracted,
PIEO04_1604,Dinolestidae,Dinolestes,lewini,1,254.765,37327002,PIEO04_1604_L.avi,23880,7.96,2.602,1.587,2043.143,15.396,,AD,Attracted,
PIEO04_1604,Enoplosidae,Enoplosus,armatus,1,227.098,37366001,PIEO04_1604_L.avi,133063,44.35433333,12.203,5.77,3473.652,20.168,,AD,Passing,
PIEO04_1604,Enoplosidae,Enoplosus,armatus,1,251.937,37366001,PIEO04_1604_L.avi,133063,44.35433333,5.591,6.845,3368.79,18.235,,AD,Passing,
PIEO04_1604,Monacanthidae,Meuschenia,flavolineata,1,262.002,37465035,PIEO04_1604_L.avi,43290,14.43,2.989,3.387,2018.998,22.59,,F,Attracted,
PIEO04_1604,Monacanthidae,Meuschenia,freycineti,1,258.49,37465036,PIEO04_1604_L.avi,117388,39.12933333,1.642,1.63,1357.83,24.405,,F,Attracted,
PIEO04_1604,Monacanthidae,Meuschenia,galii,1,248.804,37465040,PIEO04_1604_L.avi,33061,11.02033333,1.214,2.846,1491.102,18.366,,F,Attracted,
PIEO04_1604,Monacanthidae,Meuschenia,galii,1,248.315,37465040,PIEO04_1604_L.avi,33935,11.31166667,1.23,2.528,1248.066,20.557,,M,Attracted,
PIEO04_1604,Monacanthidae,Meuschenia,hippocrepis,1,247.434,37465004,PIEO04_1604_L.avi,123249,41.083,3.507,2.496,2368.842,22.949,,AD,Attracted,
PIEO04_1604,Monacanthidae,Meuschenia,hippocrepis,1,273.209,37465004,PIEO04_1604_L.avi,123249,41.083,2.902,1.688,2238.215,18.921,,AD,Attracted,
PIEO04_1604,Monacanthidae,Meuschenia,hippocrepis,1,301.668,37465004,PIEO04_1604_L.avi,123249,41.083,2.254,1.371,2487.327,10.261,,AD,Attracted,
PIEO04_1604,Monacanthidae,Meuschenia,hippocrepis,1,279.805,37465004,PIEO04_1604_L.avi,123249,41.083,5.068,2.365,2615.878,18.5,,AD,Attracted,
PIEO04_1604,Monacanthidae,Meuschenia,hippocrepis,1,233.381,37465004,PIEO04_1604_L.avi,123249,41.083,3.701,1.793,2091.987,16.181,,AD,Attracted,
PIEO04_1604,Labridae,Notolabrus,tetricus,1,295.147,37384003,PIEO04_1604_L.avi,65263,21.75433333,1.939,3.243,1156.509,21.925,,F,Attracted,
PIEO04_1604,Labridae,Notolabrus,tetricus,1,299.778,37384003,PIEO04_1604_L.avi,65263,21.75433333,3.288,3.344,1464.094,11.384,,F,Attracted,
PIEO04_1604,Labridae,Notolabrus,tetricus,1,296.618,37384003,PIEO04_1604_L.avi,65263,21.75433333,3.634,4.142,1561.822,20.957,,F,Attracted,
PIEO04_1604,Labridae,Notolabrus,tetricus,1,334.755,37384003,PIEO04_1604_L.avi,65263,21.75433333,9.037,5.533,2446.531,26.513,,M,Attracted,
PIEO04_1604,Labridae,Notolabrus,tetricus,1,365.071,37384003,PIEO04_1604_L.avi,65297,21.76566667,1.795,4.37,1822.702,15.875,,M,Attracted,
PIEO04_1604,Odacidae,Olisthops,cyanomelas,1,363.672,37385001,PIEO04_1604_L.avi,21619,7.206333333,5.132,4.25,2245.2,23.602,,M,Passing,
PIEO04_1604,Labridae,Pictilabrus,laticlavius,1,161.711,37384020,PIEO04_1604_L.avi,42486,14.162,1.173,2.178,1113.685,25.973,,F,Passing,
PIEO04_1604,Labridae,Pictilabrus,laticlavius,1,183.114,37384020,PIEO04_1604_L.avi,42486,14.162,0.736,0.526,918.137,14.312,,M,Passing,
PIEO04_1604,Carangidae,Pseudocaranx,sp,1,196.664,37337924,PIEO04_1604_L.avi,46421,15.47366667,3.451,3.078,2133.888,19.148,,AD,Passing,
PIEO04_1604,Carangidae,Pseudocaranx,sp,1,303.119,37337924,PIEO04_1604_L.avi,46491,15.497,4.476,2.584,1947.256,14.744,,AD,Attracted,
PIEO04_1604,Scorpididae,Scorpis,aequipinnis,1,310.954,37361004,PIEO04_1604_L.avi,176384,58.79466667,3.304,4.457,1799.092,22.317,,AD,Attracted,
PINI02_1604,Labridae,Austrolabrus,maculatus,1,78.287,37384025,GOPR0034L.MP4,46373,15.45766667,7.551,2.386,2140.446,14.848,,AD,Passing,
PINI02_1604,Labridae,Eupetrichthys,angustipes,1,67.072,37384105,GP010034L.MP4,33114,11.038,2.301,0.972,1770.424,14.548,,AD,Passing,
PINI02_1604,Labridae,Eupetrichthys,angustipes,1,127.868,37384105,GP010034L.MP4,33191,11.06366667,16.686,14.551,3264.217,7.359,,AD,Passing,
PINI02_1604,Neosebastidae,Neosebastes,pandus,1,322.47,37287003,GP030034L.MP4,1826,0.608666667,1.629,0.608,2006.893,6.35,,AD,Passing,
PINI02_1604,Pinguipedidae,Parapercis,ramsayi,1,157.361,37390002,GP010034L.MP4,4308,1.436,2.293,1.659,1598.22,17.998,,AD,Passing,
PINI02_1604,Gerreidae,Parequula,melbournensis,1,131.249,37349001,GOPR0034L.MP4,46592,15.53066667,4.042,1.302,1699.292,25.624,,AD,Passing,
PINI02_1604,Gerreidae,Parequula,melbournensis,1,87.836,37349001,GOPR0034L.MP4,46592,15.53066667,3.242,1.252,1732.713,28.219,,AD,Passing,
PINI02_1604,Gerreidae,Parequula,melbournensis,1,123.541,37349001,GP010034L.MP4,9831,3.277,0.453,0.23,525.534,14.685,,AD,Passing,
PINI02_1604,Monacanthidae,Thamnaconus,degeni,1,147.148,37465037,GP020034L.MP4,39174,13.058,1.263,0.837,1604.028,10.232,,AD,Passing,
PINI02_1604,Monacanthidae,Thamnaconus,degeni,1,125.299,37465037,GP020034L.MP4,39270,13.09,3.648,40.058,1359.943,20.471,,AD,Passing,
PINI02_1604,Mullidae,Upeneichthys,vlamingii,1,137.592,37355029,GP030034L.MP4,24720,8.24,1.932,4.192,1990.189,11.909,,AD,Passing,
PINI03_1604,Monacanthidae,Acanthaluteres,sp,1,156.645,37465905,PAII03_1604_L.avi,11584,3.861333333,1.395,0.309,1378.503,13.026,,AD,Passing,
PINI03_1604,Monacanthidae,Acanthaluteres,sp,1,178.624,37465905,PAII03_1604_L.avi,11584,3.861333333,2.481,4.369,1539.727,3.098,,AD,Passing,
PINI03_1604,Monacanthidae,Acanthaluteres,vittiger,1,174.185,37465002,PAII03_1604_L.avi,38147,12.71566667,1.537,4.727,1690.282,8.628,,AD,Passing,
PINI03_1604,Ostraciidae,Aracana,ornata,1,122.313,37466001,PAII03_1604_L.avi,177044,59.01466667,16.653,22.906,3329.156,10.505,,AD,Passing,
PINI03_1604,Serranidae,Caesioperca,rasor,1,234.45,37311003,PAII03_1604_L.avi,96396,32.132,2.99,7.932,2326.832,10.452,,AD,Passing,
PINI03_1604,Serranidae,Caesioperca,rasor,1,156.485,37311003,PAII03_1604_L.avi,96503,32.16766667,1.288,2.539,1603.849,7.479,,AD,Passing,
PINI03_1604,Serranidae,Caesioperca,rasor,1,144.445,37311003,PAII03_1604_L.avi,96509,32.16966667,1.226,5.514,1629.355,1.767,,AD,Passing,
PINI03_1604,Serranidae,Caesioperca,rasor,1,164.774,37311003,PAII03_1604_L.avi,108727,36.24233333,1.983,5.355,1575.515,8.188,,AD,Passing,
PINI03_1604,Serranidae,Caesioperca,rasor,1,133.511,37311003,PAII03_1604_L.avi,108727,36.24233333,4.198,23.811,1670.048,15.617,,AD,Passing,
PINI03_1604,Cheilodactylidae,Nemadactylus,valenciennesi,1,302.276,37377004,PAII03_1604_L.avi,106168,35.38933333,1.401,0.395,1763.315,15.088,,AD,Passing,
PINI03_1604,Neosebastidae,Neosebastes,bougainvillii,1,241.08,37287004,PAII03_1604_L.avi,145106,48.36866667,0.66,6.354,1060.18,17.524,,AD,Passing,
PINI03_1604,Labridae,Notolabrus,parilus,1,291.15,37384022,PAII03_1604_L.avi,35497,11.83233333,3.448,0.303,1788.324,11.767,,AD,Passing,
PINI03_1604,Labridae,Notolabrus,parilus,1,276.765,37384022,PAII03_1604_L.avi,186223,62.07433333,1.045,2.922,1749.087,3.69,,AD,Passing,
PINI03_1604,Labridae,Notolabrus,tetricus,1,287.378,37384003,PAII03_1604_L.avi,10350,3.45,2.419,0.35,1754.338,11.197,,AD,Passing,
PINI03_1604,Odacidae,Olisthops,cyanomelas,1,525.759,37385001,PAII03_1604_L.avi,184711,61.57033333,6.123,0.538,2630.901,14.701,,AD,Passing,
PINI03_1604,Gerreidae,Parequula,melbournensis,1,116.947,37349001,PAII03_1604_L.avi,25225,8.408333333,1.835,0.515,1975.17,10.991,,AD,Passing,
PINI03_1604,Gerreidae,Parequula,melbournensis,1,89.19,37349001,PAII03_1604_L.avi,25475,8.491666667,0.48,0.183,812.617,12.478,,AD,Passing,
PINI03_1604,Gerreidae,Parequula,melbournensis,1,138.212,37349001,PAII03_1604_L.avi,29401,9.800333333,1.81,2.62,1895.68,17.716,,AD,Passing,
PINI03_1604,Labridae,Pictilabrus,laticlavius,1,218.663,37384020,PAII03_1604_L.avi,55383,18.461,1.942,1.617,1906.343,18.536,,M,Passing,
PINI03_1604,Labridae,Pictilabrus,laticlavius,1,197.739,37384020,PAII03_1604_L.avi,187776,62.592,1.79,0.078,2385.527,10.602,,AD,Passing,
PINI03_1604,Odacidae,Siphonognathus,sp,1,132.234,37385905,PAII03_1604_L.avi,138111,46.037,1.536,8.386,1645.296,9.557,,AD,Passing,
PINI03_1604,Mullidae,Upeneichthys,vlamingii,1,193.765,37355029,PAII03_1604_L.avi,127198,42.39933333,1.716,7.918,1870.823,19.783,,AD,Passing,
PINI04_1604,Labridae,Austrolabrus,maculatus,1,78.632,37384025,PAII04_1604_L.avi,16422,5.474,1.852,1.338,2339.582,14.099,,AD,Passing,
PINI04_1604,Labridae,Eupetrichthys,angustipes,1,75.542,37384105,PAII04_1604_L.avi,22087,7.362333333,4.397,13.298,2251.221,23.217,,AD,Passing,
PINI04_1604,Labridae,Eupetrichthys,angustipes,1,137.281,37384105,PAII04_1604_L.avi,22116,7.372,3.65,6.129,2709.119,11.654,,AD,Passing,
PINI04_1604,Labridae,Eupetrichthys,angustipes,1,109.397,37384105,PAII04_1604_L.avi,94667,31.55566667,3.764,4.756,2223.235,12.204,,AD,Passing,
PINI04_1604,Monacanthidae,Meuschenia,sp,1,185.228,37465902,PAII04_1604_L.avi,33784,11.26133333,2.952,4.9,1548.659,10.383,,,Attracted,
PINI04_1604,Monacanthidae,Meuschenia,sp,1,145.519,37465902,PAII04_1604_L.avi,178057,59.35233333,1.269,5.214,1596.8,19.069,,,Feeding,
PINI04_1604,Triakidae,Mustelus,antarcticus,1,1225.022,37017001,PAII04_1604_L.avi,147124,49.04133333,2.506,3.327,2044.044,10.191,,AD,Passing,
PINI04_1604,Gerreidae,Parequula,melbournensis,1,142.489,37349001,PAII04_1604_L.avi,35040,11.68,5.403,3.815,2258.999,13.329,,AD,Passing,
PINI04_1604,Gerreidae,Parequula,melbournensis,1,115.991,37349001,PAII04_1604_L.avi,46791,15.597,5.669,12.44,1934.09,11.933,,AD,Passing,
PINI04_1604,Gerreidae,Parequula,melbournensis,1,127.732,37349001,PAII04_1604_L.avi,49967,16.65566667,2.258,3.362,1579.682,19.018,,AD,Passing,
PINI04_1604,Monacanthidae,Thamnaconus,degeni,1,110.565,37465037,PAII04_1604_L.avi,66887,22.29566667,2.891,61.152,1393.41,4.608,,AD,Passing,
PINI04_1604,Mullidae,Upeneichthys,vlamingii,1,126.591,37355029,PAII04_1604_L.avi,35065,11.68833333,5.831,5.27,2593.086,9.637,,AD,Passing,
PINO01_1604,Ostraciidae,Aracana,ornata,1,145.639,37466001,PION01_1604_L.avi,34175,11.39166667,3.961,11.164,2693.633,18.226,,AD,Passing,
PINO01_1604,Labridae,Austrolabrus,maculatus,1,81.28,37384025,PION01_1604_L.avi,18355,6.118333333,3.494,7.882,2684.57,9.534,,AD,Passing,
PINO01_1604,Labridae,Austrolabrus,maculatus,1,80.09,37384025,PION01_1604_L.avi,23734,7.911333333,1.958,8.279,2326.28,11.794,,J,Passing,
PINO01_1604,Labridae,Austrolabrus,maculatus,1,83.191,37384025,PION01_1604_L.avi,23855,7.951666667,2.804,9.021,2328.658,12.352,,J,Passing,
PINO01_1604,Labridae,Eupetrichthys,angustipes,1,107.035,37384105,PION01_1604_L.avi,18561,6.187,5.894,19.926,2034.658,16.062,,J,Passing,
PINO01_1604,Labridae,Eupetrichthys,angustipes,1,107.204,37384105,PION01_1604_L.avi,19275,6.425,3.236,5.938,1904.713,12.613,,AD,Passing,
PINO01_1604,Neosebastidae,Neosebastes,bougainvillii,1,260.161,37287004,PION01_1604_L.avi,133677,44.559,1.036,5.887,1327.722,14.406,,AD,Passing,
PINO01_1604,Pinguipedidae,Parapercis,ramsayi,1,149.118,37390002,PION01_1604_L.avi,97628,32.54266667,5.344,9.9,2392.997,11.682,,AD,Passing,
PINO01_1604,Gerreidae,Parequula,melbournensis,1,187.979,37349001,PION01_1604_L.avi,38938,12.97933333,6.614,9.899,2434.201,21.675,,AD,Passing,
PINO01_1604,Gerreidae,Parequula,melbournensis,1,121.606,37349001,PION01_1604_L.avi,39046,13.01533333,1.48,6.541,1657.158,15.282,,AD,Passing,
PINO01_1604,Gerreidae,Parequula,melbournensis,1,67.92,37349001,PION01_1604_L.avi,39046,13.01533333,0.738,11.76,1282.78,10.114,,AD,Passing,
PINO01_1604,Gerreidae,Parequula,melbournensis,1,124.923,37349001,PION01_1604_L.avi,39089,13.02966667,2.345,6.677,2067.276,11.345,,AD,Passing,
PINO01_1604,Gerreidae,Parequula,melbournensis,1,151.651,37349001,PION01_1604_L.avi,39247,13.08233333,8.94,9.989,2354.888,10.307,,AD,Passing,
PINO01_1604,Loliginidae,Sepioteuthis,australis,1,147.09,23617005,PION01_1604_L.avi,89808,29.936,18.285,165.823,3234.572,20.429,,AD,Passing,
PINO01_1604,Monacanthidae,Thamnaconus,degeni,1,291.598,37465037,PION01_1604_L.avi,135927,45.309,2.386,88.904,1218.27,3.947,,AD,Passing,
PINO01_1604,Monacanthidae,Thamnaconus,degeni,1,179.687,37465037,PION01_1604_L.avi,136200,45.4,3.375,13.325,1531.62,18.634,,AD,Passing,
PINO01_1604,Mullidae,Upeneichthys,vlamingii,1,223.473,37355029,PION01_1604_L.avi,44420,14.80666667,4.337,7.308,1722.231,20.644,,AD,Passing,
PINO01_1604,Monacanthidae,MONACANTHIDAE,sp,1,169.704,37465903,PION01_1604_L.avi,56961,18.987,0.833,5.219,1289.565,6.242,,AD,Passing,
PINO02_1604,Labridae,Austrolabrus,maculatus,1,127.013,37384025,PION02_1604_L.avi,89230,29.74333333,4.978,14.786,2640.847,9.813,,AD,Passing,
PINO02_1604,Serranidae,Caesioperca,rasor,1,192.21,37311003,PION02_1604_L.avi,137081,45.69366667,3.52,37.068,1493.212,19.056,,AD,Passing,
PINO02_1604,Serranidae,Caesioperca,rasor,1,186.91,37311003,PION02_1604_L.avi,137100,45.7,5.1,10.006,1902.706,23.564,,AD,Passing,
PINO02_1604,Serranidae,Caesioperca,rasor,1,202.849,37311003,PION02_1604_L.avi,137100,45.7,2.087,6.93,2049.584,9.361,,AD,Passing,
PINO02_1604,Serranidae,Caesioperca,rasor,1,235.946,37311003,PION02_1604_L.avi,137100,45.7,1.7,6.955,1795.796,19.407,,AD,Passing,
PINO02_1604,Serranidae,Caesioperca,rasor,1,178.611,37311003,PION02_1604_L.avi,137131,45.71033333,1.881,10.604,2245.112,2.256,,AD,Passing,
PINO02_1604,Serranidae,Caesioperca,rasor,1,189.045,37311003,PION02_1604_L.avi,139077,46.359,1.332,5.988,1959.828,11.457,,AD,Passing,
PINO02_1604,Serranidae,Caesioperca,rasor,1,191.127,37311003,PION02_1604_L.avi,143135,47.71166667,2.581,26.814,1265.123,18.054,,AD,Passing,
PINO02_1604,Labridae,Eupetrichthys,angustipes,1,88.894,37384105,PION02_1604_L.avi,93871,31.29033333,4.837,21.451,1842.641,15.045,,AD,Passing,
PINO02_1604,Labridae,Eupetrichthys,angustipes,1,105.452,37384105,PION02_1604_L.avi,96970,32.32333333,3.066,7.418,1943.31,23.985,,,Passing,
PINO02_1604,Gerreidae,Parequula,melbournensis,1,167.118,37349001,PION02_1604_L.avi,57237,19.079,3.629,5.645,1780.431,6.147,,AD,Passing,
PINO02_1604,Gerreidae,Parequula,melbournensis,1,136.45,37349001,PION02_1604_L.avi,57289,19.09633333,3.747,6.476,1879.611,18.643,,AD,Passing,
PINO02_1604,Gerreidae,Parequula,melbournensis,1,131.869,37349001,PION02_1604_L.avi,57603,19.201,3.202,7.043,1829.18,9.797,,AD,Passing,
PINO02_1604,Sepiidae,Sepia,apama,1,463.883,23607001,PION02_1604_L.avi,147586,49.19533333,4.623,13.586,2490.245,5.452,,AD,Passing,
PINO02_1604,Monacanthidae,Thamnaconus,degeni,1,175.989,37465037,PION02_1604_L.avi,109597,36.53233333,0.598,3.563,1065.735,16.196,,AD,Passing,
PINO02_1604,Monacanthidae,Thamnaconus,degeni,1,172.454,37465037,PION02_1604_L.avi,137353,45.78433333,0.825,7.71,1429.209,1.183,,AD,Passing,
PINO02_1604,Mullidae,Upeneichthys,vlamingii,1,241.377,37355029,PION02_1604_L.avi,121859,40.61966667,4.457,17.44,2073.467,5.611,,AD,Passing,
PINO02_1604,Mullidae,Upeneichthys,vlamingii,1,224.733,37355029,PION02_1604_L.avi,123035,41.01166667,11.42,29.316,2499.609,9.537,,AD,Passing,
PINO02_1604,Mullidae,Upeneichthys,vlamingii,1,254.468,37355029,PION02_1604_L.avi,123095,41.03166667,2.965,5.596,1818.204,24.169,,AD,Passing,
PINO02_1604,Mullidae,Upeneichthys,vlamingii,1,156.282,37355029,PION02_1604_L.avi,123162,41.054,2.79,13.545,1980.505,7.75,,AD,Passing,
PINO02_1604,Mullidae,Upeneichthys,vlamingii,1,178.819,37355029,PION02_1604_L.avi,123206,41.06866667,1.313,11.653,2004.985,5.849,,AD,Passing,
PINO02_1604,Mullidae,Upeneichthys,vlamingii,1,182.664,37355029,PION02_1604_L.avi,123206,41.06866667,3.211,11.515,2206.291,5.103,,AD,Passing,
PINO02_1604,Mullidae,Upeneichthys,vlamingii,1,207.11,37355029,PION02_1604_L.avi,143928,47.976,5.663,13.629,3007.154,13.05,,AD,Passing,
PINO03_1604,Labridae,Eupetrichthys,angustipes,1,107.163,37384105,PINO03_1604_L.avi,16736,5.578666667,3.241,1.886,1830.627,24.321,,AD,Passing,
PINO03_1604,Pinguipedidae,Parapercis,ramsayi,1,139.798,37390002,PINO03_1604_L.avi,152108,50.70266667,2.703,3.055,1826.325,22.915,,AD,Passing,
PINO03_1604,Gerreidae,Parequula,melbournensis,1,121.709,37349001,PINO03_1604_L.avi,52032,17.344,3.261,3.203,1377.484,30.15,,AD,Passing,
PINO03_1604,Gerreidae,Parequula,melbournensis,1,121.813,37349001,PINO03_1604_L.avi,52034,17.34466667,7.194,1.174,2043.302,14.427,,AD,Passing,
PINO03_1604,Gerreidae,Parequula,melbournensis,1,120.936,37349001,PINO03_1604_L.avi,52046,17.34866667,2.241,0.478,1789.552,19.257,,AD,Passing,
PINO03_1604,Monacanthidae,Thamnaconus,degeni,1,55.487,37465037,PINO03_1604_L.avi,62783,20.92766667,2.131,1.464,1167.14,22.597,,J,Attracted,
PINO03_1604,Monacanthidae,Thamnaconus,degeni,1,51.563,37465037,PINO03_1604_L.avi,62783,20.92766667,0.833,0.586,1122.859,15.673,,J,Attracted,
PINO03_1604,Carangidae,Trachurus,novaezelandiae,1,152.862,37337003,PINO03_1604_L.avi,187295,62.43166667,2.359,4.704,1423.1,30.447,,,Passing,
PINO03_1604,Carangidae,Trachurus,novaezelandiae,1,208.021,37337003,PINO03_1604_L.avi,187295,62.43166667,3.524,10.998,1611.941,14.292,,,Passing,
PINO03_1604,Carangidae,Trachurus,novaezelandiae,1,128.478,37337003,PINO03_1604_L.avi,187295,62.43166667,3.865,13.845,1554.455,26.51,,,Passing,
PINO03_1604,Carangidae,Trachurus,novaezelandiae,1,156.57,37337003,PINO03_1604_L.avi,187304,62.43466667,3.293,8.046,1588.717,23.979,,,Passing,
PINO03_1604,Carangidae,Trachurus,novaezelandiae,1,159.482,37337003,PINO03_1604_L.avi,187304,62.43466667,3.686,0.954,1736.841,19.314,,,Passing,
PINO03_1604,Rhinobatidae,Trygonorrhina,dumerilii,1,739.841,37027011,PINO03_1604_L.avi,154482,51.494,2.802,7.862,2325.088,13.145,,,Attracted,
PINO03_1604,Mullidae,Upeneichthys,vlamingii,1,148.555,37355029,PINO03_1604_L.avi,44861,14.95366667,4.198,2.56,1538.567,21.866,,,Passing,
PINO03_1604,Mullidae,Upeneichthys,vlamingii,1,168.038,37355029,PINO03_1604_L.avi,44861,14.95366667,1.539,2.972,2014.627,12.556,,,Passing,
PINO03_1604,Mullidae,Upeneichthys,vlamingii,1,153.537,37355029,PINO03_1604_L.avi,44861,14.95366667,2.917,1.764,1989.996,15.156,,,Passing,
PINO03_1604,Mullidae,Upeneichthys,vlamingii,1,137.081,37355029,PINO03_1604_L.avi,44861,14.95366667,4.527,1.247,1798.878,21.429,,,Passing,
PINO04_1604,Monacanthidae,Acanthaluteres,vittiger,1,129.371,37465002,PINO04_1604_L.avi,36936,12.312,0.386,0.544,430.023,3.805,,F,Attracted,
PINO04_1604,Labridae,Austrolabrus,maculatus,1,103.138,37384025,PINO04_1604_L.avi,58453,19.48433333,2.358,1.386,2069.389,17.175,,AD,Passing,
PINO04_1604,Labridae,Austrolabrus,maculatus,1,70.498,37384025,PINO04_1604_L.avi,58453,19.48433333,4.845,2.245,1709.806,28.692,,,Passing,
PINO04_1604,Labridae,Eupetrichthys,angustipes,1,103.839,37384105,PINO04_1604_L.avi,9074,3.024666667,2.138,2.538,2141.518,9.25,,M,Passing,
PINO04_1604,Pinguipedidae,Parapercis,ramsayi,1,139.43,37390002,PINO04_1604_L.avi,107845,35.94833333,3.469,0.488,1332.078,19.416,,AD,Attracted,
PINO04_1604,Gerreidae,Parequula,melbournensis,1,139.483,37349001,PINO04_1604_L.avi,70287,23.429,2.334,0.184,1115.845,22.555,,AD,Attracted,
PINO04_1604,Gerreidae,Parequula,melbournensis,1,160.536,37349001,PINO04_1604_L.avi,70287,23.429,2.813,3.586,1581.807,32.701,,AD,Attracted,
PINO04_1604,Gerreidae,Parequula,melbournensis,1,128.788,37349001,PINO04_1604_L.avi,70309,23.43633333,2.343,7.085,1595.496,11.038,,AD,Attracted,
PINO04_1604,Carangidae,Trachurus,novaezelandiae,1,162.742,37337003,PINO04_1604_L.avi,47758,15.91933333,1.887,0.069,1527.913,14.574,,AD,Attracted,
PINO04_1604,Carangidae,Trachurus,novaezelandiae,1,204.432,37337003,PINO04_1604_L.avi,47758,15.91933333,5.518,2.263,2347.774,3.806,,AD,Attracted,
PINO04_1604,Carangidae,Trachurus,novaezelandiae,1,199.305,37337003,PINO04_1604_L.avi,47758,15.91933333,3.781,1.547,1784.096,17.999,,AD,Attracted,
PINO04_1604,Carangidae,Trachurus,novaezelandiae,1,194.146,37337003,PINO04_1604_L.avi,47758,15.91933333,3.574,2.138,2125.29,22.986,,AD,Attracted,
PINO04_1604,Mullidae,Upeneichthys,vlamingii,1,216.443,37355029,PINO04_1604_L.avi,42398,14.13266667,4.904,1.912,1630.041,24.933,,,Passing,
PINO04_1604,Mullidae,Upeneichthys,vlamingii,1,190.539,37355029,PINO04_1604_L.avi,42507,14.169,10.974,3.226,3005.566,10.252,,,Passing,
PIWI01_1604,Chaetodontidae,Chelmonops,curiosus,1,142.044,37365066,PIWI01_1604_L.avi,97950,32.65,1.107,1.274,1143.221,27.995,,AD,Passing,
PIWI01_1604,Monacanthidae,Meuschenia,flavolineata,1,221.175,37465035,PIWI01_1604_L.avi,28562,9.520666667,2.24,1.296,2436.522,16.176,,F,Attracted,
PIWI01_1604,Monacanthidae,Meuschenia,flavolineata,1,257.391,37465035,PIWI01_1604_L.avi,28606,9.535333333,4.134,0.849,2808.056,18.075,,M,Attracted,
PIWI01_1604,Monacanthidae,Meuschenia,galii,1,261.688,37465040,PIWI01_1604_L.avi,116785,38.92833333,2.986,4.276,2115.305,19.876,,AD,Attracted,
PIWI01_1604,Monacanthidae,Meuschenia,galii,1,183.235,37465040,PIWI01_1604_L.avi,116808,38.936,1.899,1.942,1446.558,19.592,,AD,Attracted,
PIWI01_1604,Monacanthidae,Meuschenia,hippocrepis,1,210.788,37465004,PIWI01_1604_L.avi,82163,27.38766667,2.619,2.899,1896.344,17.654,,AD,Attracted,
PIWI01_1604,Monacanthidae,Meuschenia,hippocrepis,1,209.581,37465004,PIWI01_1604_L.avi,82167,27.389,3.342,0.735,1494.142,17.168,,AD,Attracted,
PIWI01_1604,Monacanthidae,Meuschenia,hippocrepis,1,226.66,37465004,PIWI01_1604_L.avi,82174,27.39133333,1.665,1.871,1925.313,9.589,,AD,Feeding,
PIWI01_1604,Monacanthidae,Meuschenia,hippocrepis,1,341.777,37465004,PIWI01_1604_L.avi,82174,27.39133333,3.008,2.314,1493.509,3.705,,AD,Feeding,
PIWI01_1604,Monacanthidae,Meuschenia,hippocrepis,1,340.194,37465004,PIWI01_1604_L.avi,82174,27.39133333,2.129,1.247,1908.146,9.258,,AD,Feeding,
PIWI01_1604,Monacanthidae,Meuschenia,hippocrepis,1,377.585,37465004,PIWI01_1604_L.avi,82174,27.39133333,1.019,1.427,1138.329,11.559,,AD,Feeding,
PIWI01_1604,Monacanthidae,Meuschenia,hippocrepis,1,347.87,37465004,PIWI01_1604_L.avi,82174,27.39133333,11.107,3.884,3017.38,22.081,,AD,Attracted,
PIWI01_1604,Monacanthidae,Meuschenia,hippocrepis,1,274.555,37465004,PIWI01_1604_L.avi,82200,27.4,2.812,2.224,2570.07,11.956,,AD,Attracted,
PIWI01_1604,Cheilodactylidae,Nemadactylus,valenciennesi,1,566.244,37377004,PIWI01_1604_L.avi,182772,60.924,4.053,2.878,1935.557,16.557,,AD,Attracted,
PIWI01_1604,Cheilodactylidae,Nemadactylus,valenciennesi,1,380.037,37377004,PIWI01_1604_L.avi,182859,60.953,2.988,1.455,1834.316,24.452,,AD,Attracted,
PIWI01_1604,Labridae,Notolabrus,tetricus,1,352.822,37384003,PIWI01_1604_L.avi,32102,10.70066667,2.519,8.446,1528.747,31.63,,M,Attracted,
PIWI01_1604,Labridae,Notolabrus,tetricus,1,245.706,37384003,PIWI01_1604_L.avi,33596,11.19866667,0.737,0.709,849.473,24.496,,F,Attracted,
PIWI01_1604,Carangidae,Pseudocaranx,sp,1,232.236,37337924,PIWI01_1604_L.avi,91681,30.56033333,2.641,11.966,1463.632,28.984,,AD,Attracted,
PIWI01_1604,Carangidae,Pseudocaranx,sp,1,221.514,37337924,PIWI01_1604_L.avi,91735,30.57833333,3.917,3.839,2330.497,24.045,,AD,Passing,
PIWI02_1604,Kyphosidae,Girella,zebra,1,301.225,37361008,PIWI02_1604_L.avi,145992,48.664,4.066,11.917,1867.005,31.647,,AD,Passing,
PIWI02_1604,Monacanthidae,Meuschenia,flavolineata,1,212.697,37465035,PIWI02_1604_L.avi,81186,27.062,4.209,3.552,2207.105,29.496,,F,Attracted,
PIWI02_1604,Monacanthidae,Meuschenia,galii,1,248.104,37465040,PIWI02_1604_L.avi,81152,27.05066667,4.281,1.2,1950.601,15.83,,M,Attracted,
PIWI02_1604,Monacanthidae,Meuschenia,galii,1,298.431,37465040,PIWI02_1604_L.avi,81215,27.07166667,4.286,3.54,2774.576,16.508,,AD,Passing,
PIWI02_1604,Monacanthidae,Meuschenia,hippocrepis,1,389.071,37465004,PIWI02_1604_L.avi,91017,30.339,8.224,0.718,2248.888,23.33,,AD,Attracted,
PIWI02_1604,Monacanthidae,Meuschenia,hippocrepis,1,385.212,37465004,PIWI02_1604_L.avi,91190,30.39666667,1.81,1.016,1432.726,8.95,,AD,Attracted,
PIWI02_1604,Monacanthidae,Meuschenia,hippocrepis,1,244.999,37465004,PIWI02_1604_L.avi,91210,30.40333333,0.953,1.485,753.17,15.558,,AD,Attracted,
PIWI02_1604,Monacanthidae,Meuschenia,hippocrepis,1,236.353,37465004,PIWI02_1604_L.avi,91253,30.41766667,1.127,0.911,1428.771,12.869,,AD,Feeding,
PIWI02_1604,Monacanthidae,Meuschenia,hippocrepis,1,168.848,37465004,PIWI02_1604_L.avi,91253,30.41766667,3.966,0.705,1708.309,17.472,,AD,Attracted,
PIWI02_1604,Labridae,Notolabrus,tetricus,1,364.3,37384003,PIWI02_1604_L.avi,79626,26.542,3.663,7.437,2112.251,25.792,,M,Attracted,
PIWI02_1604,Labridae,Notolabrus,tetricus,1,308.753,37384003,PIWI02_1604_L.avi,91961,30.65366667,0.798,2.411,967.737,18.297,,F,Attracted,
PIWI02_1604,Labridae,Notolabrus,tetricus,1,218.947,37384003,PIWI02_1604_L.avi,92202,30.734,1.719,5.045,1152.182,17.971,,F,Attracted,
PIWI02_1604,Labridae,Notolabrus,tetricus,1,199.083,37384003,PIWI02_1604_L.avi,92215,30.73833333,3.371,1.786,2523.506,18.629,,F,Attracted,
PIWI02_1604,Odacidae,Olisthops,cyanomelas,1,296.663,37385001,PIWI02_1604_L.avi,19138,6.379333333,3.023,1.636,2347.549,11.994,,M,Passing,
PIWI02_1604,Carangidae,Pseudocaranx,sp,1,272.226,37337924,PIWI02_1604_L.avi,156557,52.18566667,5.343,4.623,2282.636,10.184,,AD,Passing,
PIWI02_1604,Carangidae,Pseudocaranx,sp,1,264.808,37337924,PIWI02_1604_L.avi,156561,52.187,1.624,2.235,2093.057,13.207,,AD,Passing,
PIWI03_1604,Labridae,Achoerodus,gouldii,1,272.493,37384002,PIIW03_1604_L.avi,47817,15.939,0.989,5.676,1459.633,14.934,,F,Attracted,
PIWI03_1604,Dinolestidae,Dinolestes,lewini,1,233.245,37327002,PIIW03_1604_L.avi,45704,15.23466667,3.153,11.282,2730.615,7.851,,AD,Passing,
PIWI03_1604,Monacanthidae,Meuschenia,flavolineata,1,333.215,37465035,PIIW03_1604_L.avi,178886,59.62866667,1.958,8.612,1574.958,19.727,,AD,Passing,
PIWI03_1604,Monacanthidae,Meuschenia,flavolineata,1,319.091,37465035,PIIW03_1604_L.avi,178886,59.62866667,3.173,9.716,1967.042,17.201,,AD,Passing,
PIWI03_1604,Monacanthidae,Meuschenia,galii,1,287.106,37465040,PIIW03_1604_L.avi,11082,3.694,3.103,10.015,2272.635,16.232,,AD,Passing,
PIWI03_1604,Monacanthidae,Meuschenia,hippocrepis,1,239.575,37465004,PIIW03_1604_L.avi,16739,5.579666667,1.273,7.7,1705.014,18.818,,AD,Passing,
PIWI03_1604,Monacanthidae,Meuschenia,hippocrepis,1,394.81,37465004,PIIW03_1604_L.avi,16750,5.583333333,2.904,9.638,2153.463,15.118,,AD,Passing,
PIWI03_1604,Monacanthidae,Meuschenia,hippocrepis,1,240.254,37465004,PIIW03_1604_L.avi,30592,10.19733333,1.298,6.819,1444.263,16.086,,AD,Passing,
PIWI03_1604,Monacanthidae,Meuschenia,hippocrepis,1,402.473,37465004,PIIW03_1604_L.avi,40087,13.36233333,2.125,9.458,1969.071,16.653,,AD,Passing,
PIWI03_1604,Monacanthidae,Meuschenia,hippocrepis,1,312.254,37465004,PIIW03_1604_L.avi,40493,13.49766667,1.452,4.638,1294.7,18.709,,AD,Passing,
PIWI03_1604,Monacanthidae,Meuschenia,hippocrepis,1,291.227,37465004,PIIW03_1604_L.avi,40861,13.62033333,0.921,8.748,1526.967,9.494,,AD,Passing,
PIWI03_1604,Monacanthidae,Meuschenia,hippocrepis,1,270.733,37465004,PIIW03_1604_L.avi,42593,14.19766667,1.096,9.895,1689.256,5.125,,AD,Passing,
PIWI03_1604,Monacanthidae,Meuschenia,hippocrepis,1,337.152,37465004,PIIW03_1604_L.avi,46375,15.45833333,0.844,6.071,1171.815,7.72,,AD,Passing,
PIWI03_1604,Monacanthidae,Meuschenia,hippocrepis,1,243.964,37465004,PIIW03_1604_L.avi,95028,31.676,1.577,7.188,1599.817,23.656,,AD,Passing,
PIWI03_1604,Monacanthidae,Meuschenia,hippocrepis,1,225.521,37465004,PIIW03_1604_L.avi,95028,31.676,1.43,6.005,1712.692,18.673,,AD,Passing,
PIWI03_1604,Monacanthidae,Meuschenia,hippocrepis,1,332.637,37465004,PIIW03_1604_L.avi,95117,31.70566667,1.951,5.308,1410.207,10.002,,AD,Passing,
PIWI03_1604,Monacanthidae,Meuschenia,hippocrepis,1,280.591,37465004,PIIW03_1604_L.avi,95874,31.958,2.376,10.014,2060.077,8.586,,AD,Passing,
PIWI03_1604,Monacanthidae,Meuschenia,hippocrepis,1,356.881,37465004,PIIW03_1604_L.avi,96314,32.10466667,0.785,4.14,1263.239,7.094,,AD,Passing,
PIWI03_1604,Labridae,Notolabrus,tetricus,1,256.85,37384003,PIIW03_1604_L.avi,39880,13.29333333,1.203,7.542,1526.003,19.161,,AD,Passing,
PIWI03_1604,Labridae,Notolabrus,tetricus,1,284.178,37384003,PIIW03_1604_L.avi,39913,13.30433333,2.21,5.456,1630.178,22.485,,AD,Passing,
PIWI03_1604,Labridae,Notolabrus,tetricus,1,274.972,37384003,PIIW03_1604_L.avi,40087,13.36233333,0.672,3.056,1084.883,13.037,,AD,Passing,
PIWI03_1604,Labridae,Notolabrus,tetricus,1,265.427,37384003,PIIW03_1604_L.avi,40213,13.40433333,2.756,8.416,1592.743,15.926,,AD,Passing,
PIWI03_1604,Labridae,Notolabrus,tetricus,1,245.622,37384003,PIIW03_1604_L.avi,119322,39.774,1.456,11.368,1668.019,5.849,,AD,Passing,
PIWI03_1604,Labridae,Pictilabrus,laticlavius,1,190.951,37384020,PIIW03_1604_L.avi,41575,13.85833333,1.381,5.892,1527.283,20.79,,AD,Passing,
PIWI03_1604,Carangidae,Pseudocaranx,sp,1,235.54,37337924,PIIW03_1604_L.avi,116788,38.92933333,0.889,2.948,1324.816,15.004,,AD,Passing,
PIWO01_1604,Monacanthidae,Acanthaluteres,vittiger,1,213.518,37465002,PIWO01_1604_L.avi,47275,15.75833333,0.508,6.856,595.235,17.349,,M,Attracted,
PIWO01_1604,Dinolestidae,Dinolestes,lewini,1,253.311,37327002,PIWO01_1604_L.avi,130879,43.62633333,4.818,2.67,2017.077,21.509,,,Passing,
PIWO01_1604,Dinolestidae,Dinolestes,lewini,1,256.541,37327002,PIWO01_1604_L.avi,130903,43.63433333,6.957,1.95,2202.419,17.148,,,Passing,
PIWO01_1604,Dinolestidae,Dinolestes,lewini,1,275.531,37327002,PIWO01_1604_L.avi,130903,43.63433333,2.963,15.034,2096.581,18.35,,,Passing,
PIWO01_1604,Dinolestidae,Dinolestes,lewini,1,255.129,37327002,PIWO01_1604_L.avi,130903,43.63433333,5.289,1.378,2563.716,7.93,,,Passing,
PIWO01_1604,Dinolestidae,Dinolestes,lewini,1,242.72,37327002,PIWO01_1604_L.avi,130903,43.63433333,5.661,0.39,2154.944,21.936,,,Passing,
PIWO01_1604,Dinolestidae,Dinolestes,lewini,1,260.713,37327002,PIWO01_1604_L.avi,130903,43.63433333,3.311,1.937,1984.489,20.226,,,Passing,
PIWO01_1604,Monacanthidae,Meuschenia,flavolineata,1,187.56,37465035,PIWO01_1604_L.avi,38681,12.89366667,2.873,2.201,1876.895,15.729,,F,Attracted,
PIWO01_1604,Monacanthidae,Meuschenia,galii,1,253.604,37465040,PIWO01_1604_L.avi,36738,12.246,2.771,4.017,1654.728,7.766,,AD,Attracted,
PIWO01_1604,Monacanthidae,Meuschenia,hippocrepis,1,224.994,37465004,PIWO01_1604_L.avi,150957,50.319,0.992,1.383,1238.625,12.235,,AD,Attracted,
PIWO01_1604,Monacanthidae,Meuschenia,hippocrepis,1,296.549,37465004,PIWO01_1604_L.avi,150969,50.323,3.704,1.035,1947.661,21.842,,AD,Passing,
PIWO01_1604,Monacanthidae,Meuschenia,hippocrepis,1,356.387,37465004,PIWO01_1604_L.avi,150993,50.331,0.829,2.678,995.665,13.267,,AD,Feeding,
PIWO01_1604,Monacanthidae,Meuschenia,hippocrepis,1,362.114,37465004,PIWO01_1604_L.avi,150993,50.331,1.673,0.685,1384.275,20.304,,AD,Attracted,
PIWO01_1604,Monacanthidae,Meuschenia,hippocrepis,1,288.131,37465004,PIWO01_1604_L.avi,150993,50.331,7.509,6.594,2771.495,26.347,,AD,Passing,
PIWO01_1604,Labridae,Notolabrus,tetricus,1,355.292,37384003,PIWO01_1604_L.avi,70392,23.464,1.311,1.103,1042.349,23.543,,M,Passing,
PIWO01_1604,Labridae,Pictilabrus,laticlavius,1,222.67,37384020,PIWO01_1604_L.avi,79884,26.628,0.594,5.482,645.34,13.093,,M,Passing,
PIWO01_1604,Carangidae,Trachurus,novaezelandiae,1,172.363,37337003,PIWO01_1604_L.avi,141432,47.144,10.835,7.278,3154.017,26.9,,,Passing,
PIWO01_1604,Carangidae,Trachurus,novaezelandiae,1,167.918,37337003,PIWO01_1604_L.avi,141432,47.144,6.009,3.097,2324.321,23.189,,,Passing,
PIWO01_1604,Carangidae,Trachurus,novaezelandiae,1,183.193,37337003,PIWO01_1604_L.avi,141432,47.144,4.455,4.121,2551.254,19.08,,AD,Passing,
PIWO01_1604,Carangidae,Trachurus,novaezelandiae,1,225.322,37337003,PIWO01_1604_L.avi,141432,47.144,5.499,2.488,2448.071,25.651,,,Passing,
PIWO01_1604,Carangidae,Trachurus,novaezelandiae,1,182.478,37337003,PIWO01_1604_L.avi,141432,47.144,2.691,2.479,2628.493,8.036,,,Passing,
PIWO02_1604,Cheilodactylidae,Cheilodactylus,nigripes,1,308.115,37377001,PIWO02_1604_L.avi,9722,3.240666667,1.967,0.602,1736.176,16.943,,AD,Attracted,
PIWO02_1604,Cheilodactylidae,Cheilodactylus,nigripes,1,290.251,37377001,PIWO02_1604_L.avi,9722,3.240666667,3.253,1.003,3399.829,4.927,,AD,Attracted,
PIWO02_1604,Cheilodactylidae,Cheilodactylus,nigripes,1,327.708,37377001,PIWO02_1604_L.avi,9783,3.261,4.406,7.58,2252.107,28.532,,AD,Attracted,
PIWO02_1604,Dinolestidae,Dinolestes,lewini,1,294.375,37327002,PIWO02_1604_L.avi,187153,62.38433333,12.082,2.749,2865.934,15.048,,AD,Attracted,
PIWO02_1604,Enoplosidae,Enoplosus,armatus,1,227.382,37366001,PIWO02_1604_L.avi,79814,26.60466667,4.775,0.95,1943.265,18.747,,AD,Attracted,
PIWO02_1604,Monacanthidae,Meuschenia,flavolineata,1,203.635,37465035,PIWO02_1604_L.avi,7828,2.609333333,1.653,1.045,1124.919,29.374,,AD,Attracted,
PIWO02_1604,Monacanthidae,Meuschenia,hippocrepis,1,288.144,37465004,PIWO02_1604_L.avi,100961,33.65366667,3.092,3.895,1515.894,23.996,,AD,Feeding,
PIWO02_1604,Monacanthidae,Meuschenia,hippocrepis,1,330.524,37465004,PIWO02_1604_L.avi,100966,33.65533333,1.368,2.764,1107.208,18.777,,AD,Feeding,
PIWO02_1604,Cheilodactylidae,Nemadactylus,valenciennesi,1,382.828,37377004,PIWO02_1604_L.avi,124673,41.55766667,11.778,2.372,2564.109,24.932,,AD,Attracted,
PIWO02_1604,Cheilodactylidae,Nemadactylus,valenciennesi,1,328.555,37377004,PIWO02_1604_L.avi,124673,41.55766667,15.762,2.641,3132.324,21.355,,AD,Attracted,
PIWO02_1604,Labridae,Notolabrus,tetricus,1,239.339,37384003,PIWO02_1604_L.avi,57317,19.10566667,2.28,4.313,1103.926,20.604,,F,Attracted,
PIWO02_1604,Labridae,Notolabrus,tetricus,1,219.897,37384003,PIWO02_1604_L.avi,57380,19.12666667,2.112,2.228,1286.123,4.938,,F,Attracted,
PIWO02_1604,Labridae,Notolabrus,tetricus,1,252.187,37384003,PIWO02_1604_L.avi,57409,19.13633333,4.669,2.497,1883.99,21.537,,F,Attracted,
PIWO02_1604,Labridae,Notolabrus,tetricus,1,294.249,37384003,PIWO02_1604_L.avi,57432,19.144,2.556,1.226,1418.635,12.834,,F,Attracted,
PIWO02_1604,Odacidae,Olisthops,cyanomelas,1,330.309,37385001,PIWO02_1604_L.avi,14375,4.791666667,1.145,0.889,1271.582,20.975,,M,Attracted,
PIWO02_1604,Pomacentridae,Parma,victoriae,1,176.975,37372006,PIWO02_1604_L.avi,131218,43.73933333,1.635,0.307,1206.852,16.771,,AD,Attracted,
PIWO02_1604,Labridae,Pictilabrus,laticlavius,1,206.872,37384020,PIWO02_1604_L.avi,22771,7.590333333,1.321,7.092,825.32,14.624,,M,Attracted,
PIWO03_1604,Dinolestidae,Dinolestes,lewini,1,224.369,37327002,PIOW03_1604_L.avi,83639,27.87966667,3.833,13.128,3517.571,3.046,,AD,Passing,
PIWO03_1604,Dinolestidae,Dinolestes,lewini,1,260.158,37327002,PIOW03_1604_L.avi,83639,27.87966667,12.086,20.999,4465.287,5.822,,AD,Passing,
PIWO03_1604,Enoplosidae,Enoplosus,armatus,1,529.171,37366001,PIOW03_1604_L.avi,109204,36.40133333,2.008,97.198,1088.674,10.511,,AD,Passing,
PIWO03_1604,Monacanthidae,Meuschenia,flavolineata,1,260.538,37465035,PIOW03_1604_L.avi,172411,57.47033333,1.486,7.585,1729.631,18.35,,AD,Passing,
PIWO03_1604,Monacanthidae,Meuschenia,hippocrepis,1,331.214,37465004,PIOW03_1604_L.avi,68737,22.91233333,0.964,35.129,1632.483,9.268,,AD,Passing,
PIWO03_1604,Monacanthidae,Meuschenia,hippocrepis,1,300.187,37465004,PIOW03_1604_L.avi,68800,22.93333333,2.102,13.235,2075.664,17.072,,AD,Passing,
PIWO03_1604,Monacanthidae,Meuschenia,hippocrepis,1,296.726,37465004,PIOW03_1604_L.avi,68800,22.93333333,1.252,8.633,1807.607,15.119,,AD,Passing,
PIWO03_1604,Monacanthidae,Meuschenia,hippocrepis,1,291.904,37465004,PIOW03_1604_L.avi,68955,22.985,0.972,19.681,1300.994,11.903,,AD,Passing,
PIWO03_1604,Monacanthidae,Meuschenia,hippocrepis,1,306.605,37465004,PIOW03_1604_L.avi,68955,22.985,1.554,26.918,2017.519,13.528,,AD,Passing,
PIWO03_1604,Monacanthidae,Meuschenia,hippocrepis,1,363.875,37465004,PIOW03_1604_L.avi,69144,23.048,0.767,3.801,1148.387,13.881,,AD,Passing,
PIWO03_1604,Monacanthidae,Meuschenia,hippocrepis,1,387.196,37465004,PIOW03_1604_L.avi,69384,23.128,0.636,42.384,1148.873,6.688,,AD,Passing,
PIWO03_1604,Monacanthidae,Meuschenia,hippocrepis,1,167.656,37465004,PIOW03_1604_L.avi,69750,23.25,3.032,164.85,1450.414,8.609,,AD,Passing,
PIWO03_1604,Monacanthidae,Meuschenia,hippocrepis,1,435.069,37465004,PIOW03_1604_L.avi,69772,23.25733333,2.547,199.925,1236.18,5.537,,AD,Passing,
PIWO03_1604,Monacanthidae,Meuschenia,hippocrepis,1,406.034,37465004,PIOW03_1604_L.avi,69813,23.271,3.838,11.812,3070.978,15.327,,AD,Passing,
PIWO03_1604,Monacanthidae,Meuschenia,hippocrepis,1,339.773,37465004,PIOW03_1604_L.avi,69813,23.271,2.803,6.084,1616.228,13.027,,AD,Passing,
PIWO03_1604,Labridae,Notolabrus,tetricus,1,280.662,37384003,PIOW03_1604_L.avi,46539,15.513,3.637,14.438,3224.027,12.001,,AD,Passing,
PIWO03_1604,Labridae,Notolabrus,tetricus,1,278.659,37384003,PIOW03_1604_L.avi,46835,15.61166667,3.528,10.788,2718.49,19.14,,AD,Passing,
PIWO03_1604,Labridae,Notolabrus,tetricus,1,311.065,37384003,PIOW03_1604_L.avi,46929,15.643,2.413,12.859,3204.086,9.59,,AD,Passing,
PIWO03_1604,Labridae,Notolabrus,tetricus,1,188.979,37384003,PIOW03_1604_L.avi,46970,15.65666667,0.687,3.106,1099.183,7.024,,AD,Passing,
PIWO03_1604,Odacidae,Olisthops,cyanomelas,1,337.287,37385001,PIOW03_1604_L.avi,40134,13.378,14.012,18.092,4110.904,9.594,,AD,Passing,
PIWO03_1604,Labridae,Pictilabrus,laticlavius,1,190.5,37384020,PIOW03_1604_L.avi,40134,13.378,2.292,7.526,1774.96,19.895,,AD,Passing,
PIWO03_1604,Carangidae,Seriola,lalandi,1,1050.48,37337006,PIOW03_1604_L.avi,88014,29.338,8.01,14.555,3520.587,5.635,,AD,Passing,
PIWO04_1604,Labridae,Achoerodus,gouldii,1,362.085,37384002,PIOW04_1604_L.avi,81947,27.31566667,1.708,5.114,2864.503,5.204,,AD,Passing,
PIWO04_1604,Cheilodactylidae,Cheilodactylus,nigripes,1,290.867,37377001,PIOW04_1604_L.avi,138591,46.197,2.338,4.211,1878.045,5.717,,AD,Passing,
PIWO04_1604,Dinolestidae,Dinolestes,lewini,1,356.893,37327002,PIOW04_1604_L.avi,53399,17.79966667,3.277,1.675,2434.815,17.992,,AD,Passing,
PIWO04_1604,Diodontidae,Diodon,nicthemerus,1,203.737,37469001,PIOW04_1604_L.avi,9958,3.319333333,5.207,8.478,2116.881,16.401,,AD,Passing,
PIWO04_1604,Kyphosidae,Girella,zebra,1,277.104,37361008,PIOW04_1604_L.avi,63302,21.10066667,6.713,6.835,2747.849,16.155,,AD,Passing,
PIWO04_1604,Monacanthidae,Meuschenia,flavolineata,1,251.91,37465035,PIOW04_1604_L.avi,9136,3.045333333,2.88,3.843,1723.514,6.436,,AD,Passing,
PIWO04_1604,Monacanthidae,Meuschenia,galii,1,265.236,37465040,PIOW04_1604_L.avi,9136,3.045333333,1.904,6.053,1708.706,14.677,,AD,Passing,
PIWO04_1604,Monacanthidae,Meuschenia,hippocrepis,1,556.217,37465004,PIOW04_1604_L.avi,23592,7.864,3.401,208.557,1431.297,6.039,,AD,Passing,
PIWO04_1604,Monacanthidae,Meuschenia,hippocrepis,1,308.528,37465004,PIOW04_1604_L.avi,23592,7.864,6.432,6.275,2502.578,21.546,,AD,Passing,
PIWO04_1604,Monacanthidae,Meuschenia,hippocrepis,1,332.97,37465004,PIOW04_1604_L.avi,23613,7.871,0.814,3.394,1233.628,0.791,,AD,Passing,
PIWO04_1604,Monacanthidae,Meuschenia,hippocrepis,1,363.761,37465004,PIOW04_1604_L.avi,23639,7.879666667,4.035,5.975,2218.955,11.174,,AD,Passing,
PIWO04_1604,Monacanthidae,Meuschenia,hippocrepis,1,326.746,37465004,PIOW04_1604_L.avi,23800,7.933333333,0.802,2.53,1328.677,7.95,,AD,Passing,
PIWO04_1604,Monacanthidae,Meuschenia,hippocrepis,1,332.062,37465004,PIOW04_1604_L.avi,23824,7.941333333,0.955,7.368,1533.643,13.837,,AD,Passing,
PIWO04_1604,Monacanthidae,Meuschenia,hippocrepis,1,601.513,37465004,PIOW04_1604_L.avi,23995,7.998333333,2.507,155.006,1205.839,11.054,,AD,Passing,
PIWO04_1604,Monacanthidae,Meuschenia,hippocrepis,1,271.007,37465004,PIOW04_1604_L.avi,38632,12.87733333,0.674,0.583,963.007,11.285,,AD,Passing,
PIWO04_1604,Monacanthidae,Meuschenia,hippocrepis,1,308.601,37465004,PIOW04_1604_L.avi,50359,16.78633333,1.055,5.058,1413.61,7.449,,AD,Passing,
PIWO04_1604,Monacanthidae,Meuschenia,hippocrepis,1,303.779,37465004,PIOW04_1604_L.avi,50366,16.78866667,3.029,3.521,1945.541,14.875,,AD,Passing,
PIWO04_1604,Labridae,Notolabrus,tetricus,1,316.597,37384003,PIOW04_1604_L.avi,11089,3.696333333,1.269,6.761,1696.716,10.566,,AD,Passing,
PIWO04_1604,Labridae,Notolabrus,tetricus,1,228.646,37384003,PIOW04_1604_L.avi,12270,4.09,6.76,6.406,2693.809,7.067,,AD,Passing,
PIWO04_1604,Labridae,Ophthalmolepis,lineolatus,1,387.985,37384040,PIOW04_1604_L.avi,94661,31.55366667,2.059,6.647,2842.659,8.961,,AD,Passing,
PIWO04_1604,Labridae,Pictilabrus,laticlavius,1,175.15,37384020,PIOW04_1604_L.avi,93402,31.134,5.661,7.228,2589.766,7.014,,AD,Passing,
SGCI01_1601,Labridae,Achoerodus,gouldii,1,466.816,37384002,SGIC01_1601_L.avi,22003,7.334333333,1.387,5.348,1626.081,12.271,,AD,Passing,
SGCI01_1601,Arripidae,Arripis,georgianus,1,149.988,37344001,SGIC01_1601_L.avi,46259,15.41966667,4.16,3.534,2740.267,15.318,,AD,Passing,
SGCI01_1601,Labridae,Austrolabrus,maculatus,1,184.398,37384025,SGIC01_1601_L.avi,30672,10.224,5.079,1.869,2539.316,9.79,,AD,Passing,
SGCI01_1601,Cheilodactylidae,Cheilodactylus,nigripes,1,267.511,37377001,SGIC01_1601_L.avi,19719,6.573,1.674,1.965,1715.465,19.539,,AD,Passing,
SGCI01_1601,Chaetodontidae,Chelmonops,curiosus,1,206.07,37365066,SGIC01_1601_L.avi,77677,25.89233333,2.658,2.176,3387.456,7.856,,AD,Passing,
SGCI01_1601,Odacidae,Heteroscarus,acroptilus,1,222.408,37385010,SGIC01_1601_L.avi,35377,11.79233333,11.861,2.467,3770.462,8.554,,AD,Passing,
SGCI01_1601,Monacanthidae,Meuschenia,galii,1,132.644,37465040,SGIC01_1601_L.avi,25931,8.643666667,1.246,0.531,1753.201,13.635,,AD,Passing,
SGCI01_1601,Monacanthidae,Meuschenia,hippocrepis,1,141.385,37465004,SGIC01_1601_L.avi,86292,28.764,5.627,1.657,2730.357,13.551,,AD,Passing,
SGCI01_1601,Monacanthidae,Meuschenia,hippocrepis,1,134.229,37465004,SGIC01_1601_L.avi,86299,28.76633333,0.843,2.158,970.411,9.842,,AD,Passing,
SGCI01_1601,Monacanthidae,Meuschenia,hippocrepis,1,148.807,37465004,SGIC01_1601_L.avi,86394,28.798,1.667,1.602,2594.071,6.586,,AD,Passing,
SGCI01_1601,Monacanthidae,Meuschenia,hippocrepis,1,154.871,37465004,SGIC01_1601_L.avi,86394,28.798,2.482,1.639,1437.707,15.111,,AD,Passing,
SGCI01_1601,Labridae,Notolabrus,tetricus,1,433.179,37384003,SGIC01_1601_L.avi,47331,15.777,4.643,3.301,1884.831,18.865,,M,Passing,
SGCI01_1601,Labridae,Notolabrus,tetricus,1,202.546,37384003,SGIC01_1601_L.avi,184883,61.62766667,3.957,7.05,1849.677,20.559,,AD,Passing,
SGCI01_1601,Labridae,Notolabrus,tetricus,1,265.145,37384003,SGIC01_1601_L.avi,184888,61.62933333,3.913,2.618,2325.439,18.712,,AD,Passing,
SGCI01_1601,Labridae,Notolabrus,tetricus,1,215.748,37384003,SGIC01_1601_L.avi,184897,61.63233333,5.243,3.355,2113.982,21.069,,AD,Passing,
SGCI01_1601,Labridae,Notolabrus,tetricus,1,182.002,37384003,SGIC01_1601_L.avi,184908,61.636,2.12,0.6,1518.897,13.246,,AD,Passing,
SGCI01_1601,Labridae,Notolabrus,tetricus,1,153.485,37384003,SGIC01_1601_L.avi,184922,61.64066667,2.195,2.282,1624.345,13.731,,AD,Passing,
SGCI01_1601,Labridae,Notolabrus,tetricus,1,221.49,37384003,SGIC01_1601_L.avi,184998,61.666,4.23,17.969,2085.065,23.162,,AD,Passing,
SGCI01_1601,Odacidae,Olisthops,cyanomelas,1,318.687,37385001,SGIC01_1601_L.avi,34908,11.636,4.588,2.236,2637.798,8.18,,AD,Passing,
SGCI01_1601,Pomacentridae,Parma,victoriae,1,147.551,37372006,SGIC01_1601_L.avi,70968,23.656,7.532,2.97,2628.388,14.279,,AD,Passing,
SGCI01_1601,Labridae,Pictilabrus,laticlavius,1,169.04,37384020,SGIC01_1601_L.avi,29920,9.973333333,1.068,1.157,1857.543,11.396,,AD,Passing,
SGCI01_1601,Labridae,Pictilabrus,laticlavius,1,196.52,37384020,SGIC01_1601_L.avi,30081,10.027,2.091,6.974,1987.151,15.663,,AD,Passing,
SGCI01_1601,Scorpididae,Scorpis,aequipinnis,1,146.132,37361004,SGIC01_1601_L.avi,154178,51.39266667,1.291,1.273,1706.967,1.59,,AD,Passing,
SGCI01_1601,Scorpididae,Scorpis,aequipinnis,1,176.856,37361004,SGIC01_1601_L.avi,154180,51.39333333,4.021,4.778,2459.203,8.007,,AD,Passing,
SGCI01_1601,Scorpididae,Scorpis,aequipinnis,1,178.711,37361004,SGIC01_1601_L.avi,154240,51.41333333,1.27,2.173,1331.491,11.733,,AD,Passing,
SGCI03_1601,Labridae,Achoerodus,gouldii,1,376.441,37384002,SGIC03_1601_L.avi,16543,5.514333333,2.561,4.055,2306.551,13.594,,F,Passing,
SGCI03_1601,Labridae,Achoerodus,gouldii,1,561.161,37384002,SGIC03_1601_L.avi,16543,5.514333333,2.993,3.247,1984.488,11.49,,F,Passing,
SGCI03_1601,Labridae,Austrolabrus,maculatus,1,100.862,37384025,SGIC03_1601_L.avi,8885,2.961666667,6.064,2.466,1965.486,9.504,,AD,Passing,
SGCI03_1601,Serranidae,Caesioperca,rasor,1,166.192,37311003,SGIC03_1601_L.avi,114484,38.16133333,1.241,5.319,1017.872,19.57,,AD,Passing,
SGCI03_1601,Serranidae,Caesioperca,rasor,1,163.059,37311003,SGIC03_1601_L.avi,114484,38.16133333,1.291,2.268,1083.455,14.832,,AD,Passing,
SGCI03_1601,Serranidae,Caesioperca,rasor,1,185.702,37311003,SGIC03_1601_L.avi,114558,38.186,4.687,2.259,2284.882,28.553,,AD,Passing,
SGCI03_1601,Serranidae,Caesioperca,rasor,1,173.719,37311003,SGIC03_1601_L.avi,114717,38.239,0.798,1.148,1002.208,10.935,,AD,Passing,
SGCI03_1601,Chaetodontidae,Chelmonops,curiosus,1,190.544,37365066,SGIC03_1601_L.avi,8710,2.903333333,4.455,1.887,1838.616,10.882,,AD,Passing,
SGCI03_1601,Chaetodontidae,Chelmonops,curiosus,1,170.384,37365066,SGIC03_1601_L.avi,8909,2.969666667,9.058,1.848,3104.995,17.717,,AD,Passing,
SGCI03_1601,Dinolestidae,Dinolestes,lewini,1,346.385,37327002,SGIC03_1601_L.avi,32155,10.71833333,14.799,9.894,3048.008,29.933,,AD,Passing,
SGCI03_1601,Enoplosidae,Enoplosus,armatus,1,202.434,37366001,SGIC03_1601_L.avi,128838,42.946,4.067,0.577,2863.904,19.391,,AD,Passing,
SGCI03_1601,Enoplosidae,Enoplosus,armatus,1,185.262,37366001,SGIC03_1601_L.avi,128838,42.946,3.779,5.421,2888.561,18.466,,AD,Passing,
SGCI03_1601,Kyphosidae,Girella,zebra,1,340.823,37361008,SGIC03_1601_L.avi,14161,4.720333333,2.406,3.977,1679.184,26.213,,AD,Passing,
SGCI03_1601,Kyphosidae,Kyphosus,sydneyanus,1,393.901,37361001,SGIC03_1601_L.avi,9523,3.174333333,2.669,3.206,1723.279,16.755,,AD,Passing,
SGCI03_1601,Monacanthidae,Meuschenia,flavolineata,1,271.729,37465035,SGIC03_1601_L.avi,14713,4.904333333,5,4.987,2270.929,22.649,,AD,Passing,
SGCI03_1601,Monacanthidae,Meuschenia,flavolineata,1,266.553,37465035,SGIC03_1601_L.avi,14713,4.904333333,5.66,6.763,2638.551,10.704,,AD,Passing,
SGCI03_1601,Monacanthidae,Meuschenia,flavolineata,1,236.466,37465035,SGIC03_1601_L.avi,16179,5.393,7.359,10.366,3306.827,25.322,,AD,Passing,
SGCI03_1601,Monacanthidae,Meuschenia,freycineti,1,404.709,37465036,SGIC03_1601_L.avi,15770,5.256666667,1.109,3.42,971.148,14.475,,AD,Passing,
SGCI03_1601,Monacanthidae,Meuschenia,freycineti,1,305.314,37465036,SGIC03_1601_L.avi,88992,29.664,3.504,4.032,1923.156,17.248,,F,Passing,
SGCI03_1601,Monacanthidae,Meuschenia,hippocrepis,1,362.98,37465004,SGIC03_1601_L.avi,44791,14.93033333,1.955,2.268,1119.953,15.164,,AD,Passing,
SGCI03_1601,Monacanthidae,Meuschenia,hippocrepis,1,276.898,37465004,SGIC03_1601_L.avi,44798,14.93266667,3.781,3.802,1762.892,26.33,,AD,Passing,
SGCI03_1601,Monacanthidae,Meuschenia,hippocrepis,1,375.707,37465004,SGIC03_1601_L.avi,44801,14.93366667,2.093,8.17,1183.805,5,,AD,Passing,
SGCI03_1601,Monacanthidae,Meuschenia,hippocrepis,1,274.791,37465004,SGIC03_1601_L.avi,44808,14.936,1.638,2.536,1311.998,23.951,,AD,Passing,
SGCI03_1601,Monacanthidae,Meuschenia,hippocrepis,1,383.928,37465004,SGIC03_1601_L.avi,44810,14.93666667,2.604,2.63,1559.549,15.099,,AD,Passing,
SGCI03_1601,Monacanthidae,Meuschenia,hippocrepis,1,339.823,37465004,SGIC03_1601_L.avi,44898,14.966,5.877,2.27,2807.258,23.307,,AD,Passing,
SGCI03_1601,Monacanthidae,Meuschenia,hippocrepis,1,225.979,37465004,SGIC03_1601_L.avi,44988,14.996,1.209,3.48,1123.116,2.117,,AD,Passing,
SGCI03_1601,Monacanthidae,Meuschenia,hippocrepis,1,366.085,37465004,SGIC03_1601_L.avi,45175,15.05833333,1.051,3.382,1358.01,8.245,,AD,Passing,
SGCI03_1601,Cheilodactylidae,Nemadactylus,valenciennesi,1,418.513,37377004,SGIC03_1601_L.avi,41301,13.767,2.823,5.762,1928.08,12.857,,AD,Passing,
SGCI03_1601,Labridae,Notolabrus,tetricus,1,409.291,37384003,SGIC03_1601_L.avi,45179,15.05966667,5.048,4.456,2527.753,26.649,,M,Passing,
SGCI03_1601,Labridae,Notolabrus,tetricus,1,340.798,37384003,SGIC03_1601_L.avi,45191,15.06366667,3.71,14.758,2188.218,17.119,,M,Passing,
SGCI03_1601,Labridae,Notolabrus,tetricus,1,335.265,37384003,SGIC03_1601_L.avi,45202,15.06733333,3.143,6.969,2074.676,13.724,,M,Passing,
SGCI03_1601,Labridae,Notolabrus,tetricus,1,270.265,37384003,SGIC03_1601_L.avi,53923,17.97433333,2.813,4.113,1877.297,25.503,,F,Passing,
SGCI03_1601,Labridae,Notolabrus,tetricus,1,271.296,37384003,SGIC03_1601_L.avi,53966,17.98866667,2.53,4.305,1158.37,13.352,,F,Passing,
SGCI03_1601,Labridae,Notolabrus,tetricus,1,288.139,37384003,SGIC03_1601_L.avi,54005,18.00166667,5.5,2.877,1731.382,23.527,,F,Passing,
SGCI03_1601,Labridae,Notolabrus,tetricus,1,214.346,37384003,SGIC03_1601_L.avi,54013,18.00433333,6.306,5.128,2203.692,23.144,,F,Passing,
SGCI03_1601,Labridae,Notolabrus,tetricus,1,267.782,37384003,SGIC03_1601_L.avi,54034,18.01133333,1.458,4.007,897.384,6.061,,F,Passing,
SGCI03_1601,Odacidae,Olisthops,cyanomelas,1,322.574,37385001,SGIC03_1601_L.avi,8862,2.954,18.712,3.068,3919.77,21.042,,AD,Passing,
SGCI03_1601,Labridae,Ophthalmolepis,lineolatus,1,118.595,37384040,SGIC03_1601_L.avi,125495,41.83166667,1.764,9.843,1451.301,33.707,,AD,Passing,
SGCI03_1601,Labridae,Ophthalmolepis,lineolatus,1,113.535,37384040,SGIC03_1601_L.avi,125495,41.83166667,1.547,4.432,1324.392,27.522,,AD,Passing,
SGCI03_1601,Labridae,Pictilabrus,laticlavius,1,155.854,37384020,SGIC03_1601_L.avi,12779,4.259666667,4.118,3.861,1850.468,31.586,,AD,Passing,
SGCI03_1601,Moridae,Pseudophycis,barbata,1,402.666,37224003,SGIC03_1601_L.avi,28672,9.557333333,0.631,3.701,705.954,18.34,,AD,Passing,
SGCI03_1601,Moridae,Pseudophycis,barbata,1,423.164,37224003,SGIC03_1601_L.avi,29205,9.735,2.169,2.86,1326.249,7.946,,AD,Passing,
SGCI03_1601,Scorpididae,Scorpis,aequipinnis,1,223.084,37361004,SGIC03_1601_L.avi,28559,9.519666667,2.845,1.151,1588.686,15.813,,AD,Passing,
SGCI03_1601,Scorpididae,Scorpis,aequipinnis,1,141.723,37361004,SGIC03_1601_L.avi,28560,9.52,3.435,4.206,1543.414,26.336,,AD,Passing,
SGCI03_1601,Scorpididae,Scorpis,aequipinnis,1,194.24,37361004,SGIC03_1601_L.avi,28571,9.523666667,4.459,0.597,1774.389,17.681,,AD,Passing,
SGCI03_1601,Scorpididae,Scorpis,aequipinnis,1,174.051,37361004,SGIC03_1601_L.avi,28575,9.525,1.883,5.316,1698.114,12.961,,AD,Passing,
SGCI03_1601,Scorpididae,Scorpis,aequipinnis,1,269.329,37361004,SGIC03_1601_L.avi,28613,9.537666667,2.686,1.051,2198.154,13.875,,AD,Passing,
SGCI03_1601,Scorpididae,Scorpis,aequipinnis,1,202.952,37361004,SGIC03_1601_L.avi,28650,9.55,3.474,3.498,1993.324,25.069,,AD,Passing,
SGCI03_1601,Scorpididae,Tilodon,sexfasciatus,1,249.218,37361003,SGIC03_1601_L.avi,16797,5.599,4.529,4.558,2727.366,22.514,,AD,Passing,
SGCI03_1601,Scorpididae,Tilodon,sexfasciatus,1,190.467,37361003,SGIC03_1601_L.avi,16797,5.599,9.815,5.41,3547.543,24.478,,AD,Passing,
SGCI04_1601,Labridae,Achoerodus,gouldii,1,387.896,37384002,SGIC04_1601_L.avi,15145,5.048333333,5.852,3.085,2783.444,24.565,,F,Passing,
SGCI04_1601,Serranidae,Caesioperca,rasor,1,178.411,37311003,SGIC04_1601_L.avi,161683,53.89433333,6.872,4.641,2001.667,6.606,,AD,Passing,
SGCI04_1601,Serranidae,Caesioperca,rasor,1,154.773,37311003,SGIC04_1601_L.avi,161717,53.90566667,5.126,6.454,2065.333,25.976,,AD,Passing,
SGCI04_1601,Serranidae,Caesioperca,rasor,1,152.306,37311003,SGIC04_1601_L.avi,161727,53.909,2.111,1.902,1234.266,29.197,,AD,Passing,
SGCI04_1601,Serranidae,Caesioperca,rasor,1,146.589,37311003,SGIC04_1601_L.avi,161727,53.909,7.063,0.906,2271.706,16.753,,AD,Passing,
SGCI04_1601,Serranidae,Caesioperca,rasor,1,181.635,37311003,SGIC04_1601_L.avi,161727,53.909,9.74,3.104,2538.807,14.331,,AD,Passing,
SGCI04_1601,Serranidae,Caesioperca,rasor,1,129.624,37311003,SGIC04_1601_L.avi,161727,53.909,7.922,0.891,2220.085,9.48,,AD,Passing,
SGCI04_1601,Serranidae,Caesioperca,rasor,1,143.158,37311003,SGIC04_1601_L.avi,161727,53.909,4.594,6.445,2600.316,8.231,,AD,Passing,
SGCI04_1601,Serranidae,Caesioperca,rasor,1,174.62,37311003,SGIC04_1601_L.avi,161727,53.909,5.199,1.151,2111.855,12.201,,AD,Passing,
SGCI04_1601,Serranidae,Caesioperca,rasor,1,153.548,37311003,SGIC04_1601_L.avi,161727,53.909,7.906,1.081,2690.989,7.816,,AD,Passing,
SGCI04_1601,Serranidae,Caesioperca,rasor,1,136.705,37311003,SGIC04_1601_L.avi,161727,53.909,1.754,2.814,1724.181,13.612,,AD,Passing,
SGCI04_1601,Serranidae,Caesioperca,rasor,1,161.59,37311003,SGIC04_1601_L.avi,161732,53.91066667,1.748,1.182,2151.707,12.804,,AD,Passing,
SGCI04_1601,Serranidae,Caesioperca,rasor,1,141.794,37311003,SGIC04_1601_L.avi,161766,53.922,3.509,7.845,2029.562,30.187,,AD,Passing,
SGCI04_1601,Cheilodactylidae,Cheilodactylus,nigripes,1,322.308,37377001,SGIC04_1601_L.avi,15918,5.306,9.352,1.778,2754.731,19.814,,AD,Passing,
SGCI04_1601,Chaetodontidae,Chelmonops,curiosus,1,244.149,37365066,SGIC04_1601_L.avi,34399,11.46633333,19.635,3.315,3472.61,25.972,,AD,Passing,
SGCI04_1601,Enoplosidae,Enoplosus,armatus,1,209.658,37366001,SGIC04_1601_L.avi,49054,16.35133333,3.943,3.862,1577.849,25.561,,AD,Passing,
SGCI04_1601,Monacanthidae,Eubalichthys,cyanoura,1,326.435,37465055,SGIC04_1601_L.avi,46753,15.58433333,14.18,2.988,2955.898,24.797,,AD,Passing,
SGCI04_1601,Kyphosidae,Girella,zebra,1,287.484,37361008,SGIC04_1601_L.avi,28351,9.450333333,11.423,3.033,3230.06,7.264,,AD,Passing,
SGCI04_1601,Kyphosidae,Girella,zebra,1,274.295,37361008,SGIC04_1601_L.avi,28480,9.493333333,5.902,10.866,3832.563,8.787,,AD,Passing,
SGCI04_1601,Serranidae,Hypoplectrodes,nigroruber,1,157.599,37311037,SGIC04_1601_L.avi,26657,8.885666667,4.614,3.575,2088.642,21.052,,AD,Passing,
SGCI04_1601,Kyphosidae,Kyphosus,sydneyanus,1,433.57,37361001,SGIC04_1601_L.avi,19197,6.399,14.751,3.086,3250.465,25.313,,AD,Passing,
SGCI04_1601,Monacanthidae,Meuschenia,flavolineata,1,244.029,37465035,SGIC04_1601_L.avi,58305,19.435,6.611,6.596,2571.4,11.943,,AD,Passing,
SGCI04_1601,Monacanthidae,Meuschenia,flavolineata,1,283.784,37465035,SGIC04_1601_L.avi,58393,19.46433333,3.831,2.515,1521.438,24.182,,AD,Passing,
SGCI04_1601,Monacanthidae,Meuschenia,hippocrepis,1,345.268,37465004,SGIC04_1601_L.avi,130998,43.666,9.897,2.726,3683.459,19.441,,AD,Passing,
SGCI04_1601,Cheilodactylidae,Nemadactylus,valenciennesi,1,392.347,37377004,SGIC04_1601_L.avi,15441,5.147,3.59,1.287,1635.271,28.122,,AD,Passing,
SGCI04_1601,Labridae,Notolabrus,tetricus,1,271.835,37384003,SGIC04_1601_L.avi,146171,48.72366667,4.764,10.665,2912.305,4.599,,F,Passing,
SGCI04_1601,Labridae,Notolabrus,tetricus,1,284.625,37384003,SGIC04_1601_L.avi,146200,48.73333333,9.922,8.357,3382.173,9.137,,F,Passing,
SGCI04_1601,Labridae,Notolabrus,tetricus,1,275.137,37384003,SGIC04_1601_L.avi,146203,48.73433333,0.606,1.421,754.231,17.134,,F,Passing,
SGCI04_1601,Labridae,Notolabrus,tetricus,1,234.614,37384003,SGIC04_1601_L.avi,146209,48.73633333,5.731,15.335,3925.7,8.622,,F,Passing,
SGCI04_1601,Labridae,Notolabrus,tetricus,1,241.147,37384003,SGIC04_1601_L.avi,146219,48.73966667,3.885,9.663,3146.566,11.687,,F,Passing,
SGCI04_1601,Labridae,Notolabrus,tetricus,1,254.475,37384003,SGIC04_1601_L.avi,146219,48.73966667,9.001,5.629,2924.085,17.491,,F,Passing,
SGCI04_1601,Odacidae,Olisthops,cyanomelas,1,277.977,37385001,SGIC04_1601_L.avi,74869,24.95633333,5.657,5.805,4965.486,8.448,,AD,Passing,
SGCI04_1601,Serranidae,Othos,dentex,1,443.8,37311005,SGIC04_1601_L.avi,133085,44.36166667,0.701,4.763,730.376,20.582,,AD,Passing,
SGCI04_1601,Plesiopidae,Paraplesiops,meleagris,1,292.569,37316009,SGIC04_1601_L.avi,40135,13.37833333,13.725,7.456,4048.46,9.73,,AD,Passing,
SGCI04_1601,Pentacerotidae,Pentaceropsis,recurvirostris,1,254.202,37367003,SGIC04_1601_L.avi,125045,41.68166667,2.973,1.651,2137.058,19.337,,AD,Passing,
SGCI04_1601,Labridae,Pictilabrus,laticlavius,1,220.408,37384020,SGIC04_1601_L.avi,17918,5.972666667,11.661,3.554,2695.88,24.426,,AD,Passing,
SGCI04_1601,Carangidae,Pseudocaranx,wrighti,1,221.836,37337063,SGIC04_1601_L.avi,16043,5.347666667,5.304,4.535,2739.837,22.756,,AD,Passing,
SGCI04_1601,Carangidae,Pseudocaranx,wrighti,1,264.982,37337063,SGIC04_1601_L.avi,16108,5.369333333,2.988,2.01,2117.203,21.082,,AD,Passing,
SGCI04_1601,Carangidae,Pseudocaranx,wrighti,1,263.229,37337063,SGIC04_1601_L.avi,16108,5.369333333,3.75,4.1,2179.534,24.101,,AD,Passing,
SGCI04_1601,Carangidae,Pseudocaranx,wrighti,1,270.392,37337063,SGIC04_1601_L.avi,16127,5.375666667,4.527,3.282,2247.454,26.492,,AD,Passing,
SGCI04_1601,Carangidae,Pseudocaranx,wrighti,1,290.595,37337063,SGIC04_1601_L.avi,16171,5.390333333,3.808,3.335,2015.264,24.32,,AD,Passing,
SGCI04_1601,Scorpididae,Scorpis,aequipinnis,1,251.851,37361004,SGIC04_1601_L.avi,15441,5.147,3.517,5.408,2478.647,28.036,,AD,Passing,
SGCI04_1601,Scorpididae,Scorpis,aequipinnis,1,289.275,37361004,SGIC04_1601_L.avi,15441,5.147,2.894,6.794,2195.478,23.188,,AD,Passing,
SGCI04_1601,Scorpididae,Scorpis,aequipinnis,1,284.79,37361004,SGIC04_1601_L.avi,15441,5.147,3.637,2.021,2364.187,13.482,,AD,Passing,
SGCI04_1601,Scorpididae,Scorpis,aequipinnis,1,289.695,37361004,SGIC04_1601_L.avi,15441,5.147,6.914,3.406,3061.473,27.446,,AD,Passing,
SGCI04_1601,Scorpididae,Scorpis,aequipinnis,1,227.146,37361004,SGIC04_1601_L.avi,15447,5.149,5.622,1.206,2176.546,23.382,,AD,Passing,
SGCI04_1601,Scorpididae,Scorpis,aequipinnis,1,189.268,37361004,SGIC04_1601_L.avi,15458,5.152666667,2.865,1.417,1812.37,4.639,,AD,Passing,
SGCI04_1601,Scorpididae,Scorpis,aequipinnis,1,286.877,37361004,SGIC04_1601_L.avi,15478,5.159333333,6.298,2.252,2475.232,25.395,,AD,Passing,
SGCI04_1601,Scorpididae,Tilodon,sexfasciatus,1,246.127,37361003,SGIC04_1601_L.avi,17772,5.924,1.688,0.766,1772.786,7.225,,AD,Passing,
SGCI04_1601,Scorpididae,Tilodon,sexfasciatus,1,207.988,37361003,SGIC04_1601_L.avi,17873,5.957666667,1.101,1.485,1086.477,25.764,,AD,Passing,
SGCI04_1601,Scorpididae,Tilodon,sexfasciatus,1,157.146,37361003,SGIC04_1601_L.avi,17901,5.967,3.625,1.204,1429.704,15.214,,AD,Passing,
SGCI04_1601,Scorpididae,Tilodon,sexfasciatus,1,250.565,37361003,SGIC04_1601_L.avi,17933,5.977666667,1.965,5.954,1114.225,28.257,,AD,Passing,
SGCI04_1601,Scorpididae,Tilodon,sexfasciatus,1,183.34,37361003,SGIC04_1601_L.avi,17962,5.987333333,3.262,1.245,1487.779,25.548,,AD,Passing,
SGCI04_1601,Mullidae,Upeneichthys,vlamingii,1,213.114,37355029,SGIC04_1601_L.avi,34283,11.42766667,14.297,2.487,2949.474,24.861,,AD,Passing,
SGCO01_1601,Monacanthidae,Acanthaluteres,brownii,1,320.651,37465001,SGCO01_1601_L.avi,21011,7.003666667,6.049,3.609,2414.688,17.908,,AD,Passing,
SGCO01_1601,Labridae,Achoerodus,gouldii,1,474.232,37384002,SGCO01_1601_L.avi,176473,58.82433333,2.843,2.672,2001.016,15.193,,AD,Passing,
SGCO01_1601,Arripidae,Arripis,georgianus,1,169.608,37344001,SGCO01_1601_L.avi,71939,23.97966667,6.713,5.349,3101.05,24.159,,AD,Passing,
SGCO01_1601,Cheilodactylidae,Cheilodactylus,nigripes,1,254.365,37377001,SGCO01_1601_L.avi,21885,7.295,2.801,0.504,1807.825,22.729,,AD,Attracted,
SGCO01_1601,Kyphosidae,Kyphosus,sydneyanus,1,251.574,37361001,SGCO01_1601_L.avi,169061,56.35366667,2.871,0.632,2318.247,20.111,,AD,Passing,
SGCO01_1601,Kyphosidae,Kyphosus,sydneyanus,1,252.124,37361001,SGCO01_1601_L.avi,169061,56.35366667,4.433,1.545,2511.464,19.834,,AD,Passing,
SGCO01_1601,Kyphosidae,Kyphosus,sydneyanus,1,245.589,37361001,SGCO01_1601_L.avi,169588,56.52933333,3.544,0.177,1881.461,19.919,,AD,Passing,
SGCO01_1601,Kyphosidae,Kyphosus,sydneyanus,1,238.61,37361001,SGCO01_1601_L.avi,169588,56.52933333,4.773,0.142,2027.364,17.648,,AD,Passing,
SGCO01_1601,Kyphosidae,Kyphosus,sydneyanus,1,249.516,37361001,SGCO01_1601_L.avi,169623,56.541,3.558,1.92,1844.609,20.892,,AD,Passing,
SGCO01_1601,Monacanthidae,Meuschenia,hippocrepis,1,132.325,37465004,SGCO01_1601_L.avi,127268,42.42266667,1.223,0.2,1336.799,13.778,,J,Feeding,
SGCO01_1601,Monacanthidae,Meuschenia,hippocrepis,1,155.47,37465004,SGCO01_1601_L.avi,127834,42.61133333,1.044,2.126,1321.801,6.527,,J,Feeding,
SGCO01_1601,Monacanthidae,Meuschenia,hippocrepis,1,128.857,37465004,SGCO01_1601_L.avi,128451,42.817,1.061,0.644,1122.937,14.247,,J,Attracted,
SGCO01_1601,Labridae,Notolabrus,parilus,1,357.326,37384022,SGCO01_1601_L.avi,186601,62.20033333,2.156,0.29,1592.199,27.341,,M,Passing,
SGCO01_1601,Labridae,Notolabrus,tetricus,1,239.629,37384003,SGCO01_1601_L.avi,79363,26.45433333,4.83,0.706,3298.5,15.609,,F,Passing,
SGCO01_1601,Labridae,Notolabrus,tetricus,1,172.185,37384003,SGCO01_1601_L.avi,79370,26.45666667,2.87,0.071,1456.958,19.672,,F,Passing,
SGCO01_1601,Labridae,Notolabrus,tetricus,1,159.311,37384003,SGCO01_1601_L.avi,79404,26.468,1.84,6.155,1856.432,20.034,,F,Attracted,
SGCO01_1601,Labridae,Notolabrus,tetricus,1,379.637,37384003,SGCO01_1601_L.avi,79860,26.62,3.97,0.968,2085.736,23.779,,M,Attracted,
SGCO01_1601,Pomacentridae,Parma,victoriae,1,120.207,37372006,SGCO01_1601_L.avi,182604,60.868,8.89,0.608,2621.895,26.325,,AD,Passing,
SGCO01_1601,Labridae,Pictilabrus,laticlavius,1,208.506,37384020,SGCO01_1601_L.avi,76007,25.33566667,1.739,1.752,1060.286,24.087,,M,Attracted,
SGCO01_1601,Labridae,Pictilabrus,laticlavius,1,173.369,37384020,SGCO01_1601_L.avi,76193,25.39766667,0.468,2.897,574.533,11.451,,M,Attracted,
SGCO01_1601,Scorpididae,Scorpis,aequipinnis,1,186.074,37361004,SGCO01_1601_L.avi,167222,55.74066667,2.257,1.295,1924.181,20.862,,AD,,
SGCO01_1601,Scorpididae,Scorpis,aequipinnis,1,221.686,37361004,SGCO01_1601_L.avi,167229,55.743,2.587,0.256,1373.689,12.288,,AD,Passing,
SGCO01_1601,Scorpididae,Scorpis,aequipinnis,1,147.771,37361004,SGCO01_1601_L.avi,167292,55.764,1.428,0.868,1077.603,18.122,,,Attracted,
SGCO01_1601,Scorpididae,Scorpis,aequipinnis,1,153.705,37361004,SGCO01_1601_L.avi,167487,55.829,1.75,1.267,1387.943,16.908,,,Attracted,
SGCO01_1601,Mullidae,Upeneichthys,vlamingii,1,129.698,37355029,SGCO01_1601_L.avi,63625,21.20833333,10.336,1.33,3533.713,17.387,,,Passing,
SGCO01_1601,Mullidae,Upeneichthys,vlamingii,1,173.856,37355029,SGCO01_1601_L.avi,63783,21.261,4.545,3.84,2636.668,16.804,,,Passing,
SGCO02_1601,Labridae,Achoerodus,gouldii,1,476.228,37384002,SGCO02_1601_L.avi,75555,25.185,2.266,0.026,1654.472,26.358,,AD,Passing,
SGCO02_1601,Labridae,Austrolabrus,maculatus,1,89.901,37384025,SGCO02_1601_L.avi,27257,9.085666667,1.111,0.35,1080.944,21.245,,AD,Passing,
SGCO02_1601,Labridae,Austrolabrus,maculatus,1,116.702,37384025,SGCO02_1601_L.avi,27441,9.147,0.926,0.082,1105.446,17.351,,AD,Passing,
SGCO02_1601,Cheilodactylidae,Cheilodactylus,nigripes,1,301.564,37377001,SGCO02_1601_L.avi,77843,25.94766667,1.647,0.427,1263.523,25.323,,AD,Passing,
SGCO02_1601,Cheilodactylidae,Dactylophora,nigricans,1,333.679,37377005,SGCO02_1601_L.avi,22205,7.401666667,1.736,2.941,1717.929,17.158,,J,Passing,
SGCO02_1601,Kyphosidae,Girella,zebra,1,234.788,37361008,SGCO02_1601_L.avi,84394,28.13133333,5.182,7.998,2088.501,23.042,,AD,Passing,
SGCO02_1601,Kyphosidae,Kyphosus,sydneyanus,1,261.615,37361001,SGCO02_1601_L.avi,163631,54.54366667,1.49,2.353,1686.136,10.714,,AD,Passing,
SGCO02_1601,Kyphosidae,Kyphosus,sydneyanus,1,227.004,37361001,SGCO02_1601_L.avi,163631,54.54366667,1.153,2.67,1578.89,13.217,,AD,Passing,
SGCO02_1601,Kyphosidae,Kyphosus,sydneyanus,1,242.627,37361001,SGCO02_1601_L.avi,163631,54.54366667,2.555,0.476,1502.855,10.698,,AD,Passing,
SGCO02_1601,Kyphosidae,Kyphosus,sydneyanus,1,258.006,37361001,SGCO02_1601_L.avi,163631,54.54366667,1.288,0.415,1541.338,17.347,,AD,Passing,
SGCO02_1601,Kyphosidae,Kyphosus,sydneyanus,1,236.288,37361001,SGCO02_1601_L.avi,163631,54.54366667,3.176,4.664,1474.455,10.663,,AD,Passing,
SGCO02_1601,Kyphosidae,Kyphosus,sydneyanus,1,225.513,37361001,SGCO02_1601_L.avi,163631,54.54366667,1.857,2.262,1219.278,21.368,,AD,Passing,
SGCO02_1601,Kyphosidae,Kyphosus,sydneyanus,1,214.382,37361001,SGCO02_1601_L.avi,163631,54.54366667,1.512,5.441,1412.187,16.338,,AD,Passing,
SGCO02_1601,Kyphosidae,Kyphosus,sydneyanus,1,230.507,37361001,SGCO02_1601_L.avi,163631,54.54366667,1.168,2.829,1417.119,20.389,,AD,Passing,
SGCO02_1601,Kyphosidae,Kyphosus,sydneyanus,1,218.325,37361001,SGCO02_1601_L.avi,163665,54.555,2.256,3.571,1469.869,17.601,,AD,Passing,
SGCO02_1601,Kyphosidae,Kyphosus,sydneyanus,1,248.448,37361001,SGCO02_1601_L.avi,163665,54.555,2.711,0.495,1246.094,22.392,,AD,Passing,
SGCO02_1601,Kyphosidae,Kyphosus,sydneyanus,1,258.042,37361001,SGCO02_1601_L.avi,163665,54.555,2.624,1.444,1334.575,24.85,,AD,Passing,
SGCO02_1601,Monacanthidae,Meuschenia,flavolineata,1,182.488,37465035,SGCO02_1601_L.avi,86077,28.69233333,2.364,2.671,2016.113,19.651,,AD,Passing,
SGCO02_1601,Monacanthidae,Meuschenia,hippocrepis,1,172.759,37465004,SGCO02_1601_L.avi,162862,54.28733333,1.087,0.867,1049.322,25.679,,J,Passing,
SGCO02_1601,Labridae,Notolabrus,tetricus,1,177.733,37384003,SGCO02_1601_L.avi,24325,8.108333333,2.804,0.918,1810.86,20.043,,F,Passing,
SGCO02_1601,Labridae,Notolabrus,tetricus,1,270.429,37384003,SGCO02_1601_L.avi,24325,8.108333333,1.467,0.531,1626.299,12.994,,F,Passing,
SGCO02_1601,Labridae,Notolabrus,tetricus,1,363.141,37384003,SGCO02_1601_L.avi,116388,38.796,1.832,5.453,1588.606,18.098,,M,Attracted,
SGCO02_1601,Pomacentridae,Parma,victoriae,1,98.991,37372006,SGCO02_1601_L.avi,42137,14.04566667,2.943,0.83,2173.904,17.741,,J,Passing,
SGCO02_1601,Labridae,Pictilabrus,laticlavius,1,177.87,37384020,SGCO02_1601_L.avi,36394,12.13133333,1.195,1.602,1172.772,16.905,,M,Passing,
SGCO02_1601,Labridae,Pictilabrus,laticlavius,1,184.292,37384020,SGCO02_1601_L.avi,36602,12.20066667,1.084,1.033,1215.836,15.172,,AD,Passing,
SGCO02_1601,Scorpididae,Scorpis,aequipinnis,1,177.968,37361004,SGCO02_1601_L.avi,43295,14.43166667,0.602,0.806,800.909,14.409,,,Passing,
SGCO02_1601,Scorpididae,Scorpis,aequipinnis,1,212.942,37361004,SGCO02_1601_L.avi,43307,14.43566667,1.648,0.948,1720.667,26.574,,AD,Passing,
SGCO02_1601,Scorpididae,Scorpis,aequipinnis,1,181.282,37361004,SGCO02_1601_L.avi,43355,14.45166667,1.577,4.821,1366.435,25.285,,,Attracted,
SGCO03_1601,Serranidae,Caesioperca,rasor,1,146.708,37311003,SGCO03_1601_L.avi,55895,18.63166667,0.945,1.738,1566.504,9.756,,,Attracted,
SGCO03_1601,Serranidae,Caesioperca,rasor,1,151.29,37311003,SGCO03_1601_L.avi,55895,18.63166667,1.413,4.067,2205.318,11.954,,AD,Attracted,
SGCO03_1601,Serranidae,Caesioperca,rasor,1,145.086,37311003,SGCO03_1601_L.avi,56024,18.67466667,2.134,4.636,1810.712,8.519,,,Attracted,
SGCO03_1601,Kyphosidae,Girella,zebra,1,275.783,37361008,SGCO03_1601_L.avi,54750,18.25,0.88,2.484,1547.151,6.252,,AD,Attracted,
SGCO03_1601,Kyphosidae,Girella,zebra,1,338.903,37361008,SGCO03_1601_L.avi,54773,18.25766667,0.899,1.242,1397.023,11.843,,AD,Attracted,
SGCO03_1601,Kyphosidae,Kyphosus,sydneyanus,1,359.456,37361001,SGCO03_1601_L.avi,15221,5.073666667,7.763,2.312,3211.995,10.412,,AD,Passing,
SGCO03_1601,Monacanthidae,Meuschenia,hippocrepis,1,327.327,37465004,SGCO03_1601_L.avi,22874,7.624666667,1.098,3.254,1354.3,10.639,,AD,Feeding,
SGCO03_1601,Cheilodactylidae,Nemadactylus,valenciennesi,1,307.96,37377004,SGCO03_1601_L.avi,141094,47.03133333,1.226,2.997,2101.269,9.389,,AD,Passing,
SGCO03_1601,Cheilodactylidae,Nemadactylus,valenciennesi,1,351.75,37377004,SGCO03_1601_L.avi,141251,47.08366667,5.545,0.247,2188.876,14.971,,AD,Passing,
SGCO03_1601,Labridae,Notolabrus,tetricus,1,298.044,37384003,SGCO03_1601_L.avi,32552,10.85066667,0.785,2.737,1307.252,13.353,,F,Feeding,
SGCO03_1601,Labridae,Notolabrus,tetricus,1,188.723,37384003,SGCO03_1601_L.avi,32827,10.94233333,0.772,0.544,787.868,7.111,,F,Attracted,
SGCO03_1601,Labridae,Notolabrus,tetricus,1,372.653,37384003,SGCO03_1601_L.avi,40142,13.38066667,1.231,2.624,1784.397,11.502,,M,Attracted,
SGCO03_1601,Pentacerotidae,Pentaceropsis,recurvirostris,1,352.488,37367003,SGCO03_1601_L.avi,22877,7.625666667,3.448,5.866,2726.769,10.832,,AD,Passing,
SGCO03_1601,Scorpididae,Scorpis,aequipinnis,1,224.991,37361004,SGCO03_1601_L.avi,174311,58.10366667,0.91,3.524,1526.818,10.218,,AD,Attracted,
SGCO03_1601,Scorpididae,Scorpis,aequipinnis,1,269.998,37361004,SGCO03_1601_L.avi,174405,58.135,3.332,1.051,1946.312,11.701,,AD,Attracted,
SGCO03_1601,Scorpididae,Scorpis,aequipinnis,1,252.379,37361004,SGCO03_1601_L.avi,174414,58.138,0.56,1.351,1037.071,3.929,,AD,Attracted,
SGCO03_1601,Scorpididae,Tilodon,sexfasciatus,1,227.552,37361003,SGCO03_1601_L.avi,94483,31.49433333,1.938,2.13,2156.567,15.495,,AD,Passing,
SGCO04_1601,Labridae,Achoerodus,gouldii,1,298.504,37384002,SGCO04_1601_L.avi,140324,46.77466667,2.592,0.459,2002.558,7.515,,J,Passing,
SGCO04_1601,Kyphosidae,Girella,zebra,1,244.337,37361008,SGCO04_1601_L.avi,108366,36.122,2.221,0.597,2101.318,3.721,,AD,Passing,
SGCO04_1601,Kyphosidae,Girella,zebra,1,187.048,37361008,SGCO04_1601_L.avi,108366,36.122,1.532,1.154,1598.306,12.701,,AD,Passing,
SGCO04_1601,Kyphosidae,Girella,zebra,1,199.75,37361008,SGCO04_1601_L.avi,108366,36.122,1.841,1.471,1523.974,13.059,,AD,Passing,
SGCO04_1601,Monacanthidae,Meuschenia,flavolineata,1,323.312,37465035,SGCO04_1601_L.avi,128402,42.80066667,2.522,3.564,2370.511,20.319,,AD,Passing,
SGCO04_1601,Monacanthidae,Meuschenia,hippocrepis,1,231.239,37465004,SGCO04_1601_L.avi,179597,59.86566667,0.879,0.593,1285.364,3.305,,AD,Feeding,
SGCO04_1601,Monacanthidae,Meuschenia,hippocrepis,1,282.806,37465004,SGCO04_1601_L.avi,180281,60.09366667,1.499,2.206,1615.197,17.623,,AD,Attracted,
SGCO04_1601,Labridae,Notolabrus,tetricus,1,283.527,37384003,SGCO04_1601_L.avi,108926,36.30866667,1.312,1.285,1310.162,5.687,,F,Attracted,
SGCO04_1601,Labridae,Notolabrus,tetricus,1,165.803,37384003,SGCO04_1601_L.avi,108926,36.30866667,3.017,0.549,2119.065,6.119,,F,Attracted,
SGCO04_1601,Labridae,Notolabrus,tetricus,1,193.947,37384003,SGCO04_1601_L.avi,109003,36.33433333,4.485,1.364,2377.562,5.936,,F,Attracted,
SGCO04_1601,Labridae,Notolabrus,tetricus,1,367.048,37384003,SGCO04_1601_L.avi,109003,36.33433333,6.299,1.057,2676.026,19.789,,F,Attracted,
SGCO04_1601,Labridae,Notolabrus,tetricus,1,161.113,37384003,SGCO04_1601_L.avi,109013,36.33766667,4.49,1.158,2401.434,7.641,,F,Attracted,
SGCO04_1601,Labridae,Notolabrus,tetricus,1,340.328,37384003,SGCO04_1601_L.avi,112561,37.52033333,1.598,0.947,1506.987,14.007,,M,Attracted,
SGCO04_1601,Odacidae,Olisthops,cyanomelas,1,318.77,37385001,SGCO04_1601_L.avi,128180,42.72666667,2.295,0.038,1917.89,11.858,,M,Passing,
SGCO04_1601,Serranidae,Othos,dentex,1,314.639,37311005,SGCO04_1601_L.avi,106163,35.38766667,1.646,2.988,2343.04,3.196,,,Attracted,
SGCO04_1601,Plesiopidae,Paraplesiops,meleagris,1,356.139,37316009,SGCO04_1601_L.avi,140311,46.77033333,2.325,3.414,2042.425,11.588,,AD,Passing,
SGCO04_1601,Labridae,Pictilabrus,laticlavius,1,184.057,37384020,SGCO04_1601_L.avi,154025,51.34166667,2.453,0.431,2795.976,9.789,,M,Passing,
SGCO04_1601,Scorpididae,Scorpis,aequipinnis,1,140.258,37361004,SGCO04_1601_L.avi,72020,24.00666667,2.22,0.747,1722.699,6.568,,,Passing,
SGCO04_1601,Scorpididae,Scorpis,aequipinnis,1,150.926,37361004,SGCO04_1601_L.avi,72020,24.00666667,2.404,0.248,2583.995,10.178,,,Passing,
SGEI01_1601,Monacanthidae,Acanthaluteres,brownii,1,296.539,37465001,SGIE01_1601_L.avi,156216,52.072,4.773,8.627,2853.565,20.208,,AD,Passing,
SGEI01_1601,Labridae,Achoerodus,gouldii,1,429.758,37384002,SGIE01_1601_L.avi,10243,3.414333333,3.246,3.186,1867.593,15.772,,AD,Passing,
SGEI01_1601,Labridae,Achoerodus,gouldii,1,383.394,37384002,SGIE01_1601_L.avi,10425,3.475,2.671,1.265,1666.819,27.795,,AD,Passing,
SGEI01_1601,Labridae,Achoerodus,gouldii,1,362.151,37384002,SGIE01_1601_L.avi,10425,3.475,3.82,6.11,2076.333,19.95,,AD,Passing,
SGEI01_1601,Labridae,Achoerodus,gouldii,1,320.682,37384002,SGIE01_1601_L.avi,10425,3.475,5.234,2.117,2683.051,10.686,,AD,Passing,
SGEI01_1601,Labridae,Achoerodus,gouldii,1,398.676,37384002,SGIE01_1601_L.avi,10425,3.475,1.769,4.113,1763.109,18.844,,AD,Passing,
SGEI02_1601,Labridae,Achoerodus,gouldii,1,349.397,37384002,SGIE02_1601_L.avi,12357,4.119,5.657,0.594,2064.721,17.833,,AD,Passing,
SGEI01_1601,Labridae,Austrolabrus,maculatus,1,100.697,37384025,SGIE01_1601_L.avi,16935,5.645,1.349,3.098,1835.668,4.517,,AD,Passing,
SGEI01_1601,Cheilodactylidae,Cheilodactylus,nigripes,1,363.161,37377001,SGIE01_1601_L.avi,8549,2.849666667,11.829,3.961,4500.26,12.897,,AD,Passing,
SGEI02_1601,Cheilodactylidae,Cheilodactylus,nigripes,1,322.395,37377001,SGIE02_1601_L.avi,9899,3.299666667,3.594,1.077,1400.631,23.396,,AD,Passing,
SGEI01_1601,Cheilodactylidae,Dactylophora,nigricans,1,388.227,37377005,SGIE01_1601_L.avi,8668,2.889333333,2.682,0.867,1217.288,23.037,,AD,Passing,
SGEI02_1601,Cheilodactylidae,Dactylophora,nigricans,1,422.32,37377005,SGIE02_1601_L.avi,184635,61.545,4.143,8.525,1660.494,30.212,,AD,Passing,
SGEI01_1601,Dinolestidae,Dinolestes,lewini,1,178.648,37327002,SGIE01_1601_L.avi,50176,16.72533333,11.544,5.317,2948.926,18.546,,AD,Passing,
SGEI01_1601,Dinolestidae,Dinolestes,lewini,1,192.143,37327002,SGIE01_1601_L.avi,50189,16.72966667,15.374,6.441,3319.519,12.193,,AD,Passing,
SGEI01_1601,Enoplosidae,Enoplosus,armatus,1,201.611,37366001,SGIE01_1601_L.avi,9012,3.004,10.755,3.517,3013.976,25.37,,AD,Passing,
SGEI01_1601,Monacanthidae,Eubalichthys,cyanoura,1,224.146,37465055,SGIE01_1601_L.avi,135423,45.141,3.01,3.433,2964.607,7.417,,AD,Passing,
SGEI02_1601,Kyphosidae,Girella,zebra,1,305.529,37361008,SGIE02_1601_L.avi,10160,3.386666667,6.603,7.682,2079.127,24.536,,AD,Passing,
SGEI02_1601,Kyphosidae,Girella,zebra,1,243.869,37361008,SGIE02_1601_L.avi,10160,3.386666667,4.17,2.844,2254.674,26.194,,AD,Passing,
SGEI02_1601,Kyphosidae,Girella,zebra,1,224.922,37361008,SGIE02_1601_L.avi,10160,3.386666667,4.368,5.023,1880.933,28.732,,AD,Passing,
SGEI01_1601,Kyphosidae,Kyphosus,sydneyanus,1,351.202,37361001,SGIE01_1601_L.avi,7741,2.580333333,5.611,3.644,2443.703,7.963,,AD,Passing,
SGEI01_1601,Kyphosidae,Kyphosus,sydneyanus,1,381.857,37361001,SGIE01_1601_L.avi,7758,2.586,8.485,3.634,3178.399,10.431,,AD,Passing,
SGEI01_1601,Kyphosidae,Kyphosus,sydneyanus,1,368.848,37361001,SGIE01_1601_L.avi,7809,2.603,12.106,3.085,2676.854,17.677,,AD,Passing,
SGEI01_1601,Kyphosidae,Kyphosus,sydneyanus,1,335.707,37361001,SGIE01_1601_L.avi,7835,2.611666667,6.494,8.461,3461.635,14.152,,AD,Passing,
SGEI01_1601,Kyphosidae,Kyphosus,sydneyanus,1,426.755,37361001,SGIE01_1601_L.avi,7853,2.617666667,8.04,5.693,2855.003,20.6,,AD,Passing,
SGEI01_1601,Kyphosidae,Kyphosus,sydneyanus,1,415.836,37361001,SGIE01_1601_L.avi,7884,2.628,9.502,1.556,3649.46,17.931,,AD,Passing,
SGEI02_1601,Kyphosidae,Kyphosus,sydneyanus,1,435.575,37361001,SGIE02_1601_L.avi,10469,3.489666667,4.445,4.027,1793.128,22.258,,AD,Passing,
SGEI01_1601,Monacanthidae,Meuschenia,flavolineata,1,334.788,37465035,SGIE01_1601_L.avi,8346,2.782,15.55,3.386,4427.152,25.519,,AD,Passing,
SGEI01_1601,Monacanthidae,Meuschenia,flavolineata,1,320.303,37465035,SGIE01_1601_L.avi,8387,2.795666667,7.47,3.217,2717.029,16.581,,AD,Passing,
SGEI01_1601,Monacanthidae,Meuschenia,galii,1,308.951,37465040,SGIE01_1601_L.avi,135799,45.26633333,4.068,1.492,1520.771,19.757,,AD,Passing,
SGEI01_1601,Monacanthidae,Meuschenia,hippocrepis,1,292.232,37465004,SGIE01_1601_L.avi,9412,3.137333333,8.536,6.383,2323.015,20.165,,AD,Passing,
SGEI01_1601,Monacanthidae,Meuschenia,hippocrepis,1,370.286,37465004,SGIE01_1601_L.avi,9479,3.159666667,12.028,9.045,5031.102,13.591,,AD,Passing,
SGEI02_1601,Monacanthidae,Meuschenia,galii,1,327.711,37465040,SGIE02_1601_L.avi,68080,22.69333333,3.409,5.647,1702.437,22.405,,AD,Passing,
SGEI02_1601,Monacanthidae,Meuschenia,hippocrepis,1,404.751,37465004,SGIE02_1601_L.avi,51660,17.22,3.013,7.791,1598.788,22.232,,AD,Passing,
SGEI01_1601,Labridae,Notolabrus,tetricus,1,184.952,37384003,SGIE01_1601_L.avi,21520,7.173333333,1.068,2.033,1282.537,12.92,,AD,Passing,
SGEI02_1601,Labridae,Notolabrus,tetricus,1,184.086,37384003,SGIE02_1601_L.avi,20944,6.981333333,3.507,6.711,2443.048,14.951,,F,Passing,
SGEI02_1601,Labridae,Notolabrus,tetricus,1,323.243,37384003,SGIE02_1601_L.avi,20948,6.982666667,17.329,4.932,3685.907,25.23,,M,Passing,
SGEI01_1601,Odacidae,Olisthops,cyanomelas,1,362.462,37385001,SGIE01_1601_L.avi,169436,56.47866667,2.432,2.617,2062.098,14.781,,AD,Passing,
SGEI02_1601,Odacidae,Olisthops,cyanomelas,1,390.737,37385001,SGIE02_1601_L.avi,68398,22.79933333,6.873,6.412,2193.368,26.864,,AD,Passing,
SGEI01_1601,Serranidae,Othos,dentex,1,511.502,37311005,SGIE01_1601_L.avi,69285,23.095,1.105,2.681,947.625,12.443,,AD,Passing,
SGEI02_1601,Serranidae,Othos,dentex,1,394.088,37311005,SGIE02_1601_L.avi,88886,29.62866667,1.097,4.286,878.731,15.14,,AD,Passing,
SGEI01_1601,Pomacentridae,Parma,victoriae,1,210.038,37372006,SGIE01_1601_L.avi,8368,2.789333333,3.854,5.122,2313.367,23.692,,AD,Passing,
SGEI02_1601,Pomacentridae,Parma,victoriae,1,199.539,37372006,SGIE02_1601_L.avi,59179,19.72633333,2.22,2.893,1654.485,30.914,,AD,Passing,
SGEI02_1601,Pentacerotidae,Pentaceropsis,recurvirostris,1,389.151,37367003,SGIE02_1601_L.avi,167413,55.80433333,3.911,3.177,2016.838,19.738,,AD,Passing,
SGEI01_1601,Carangidae,Pseudocaranx,wrighti,1,133.702,37337063,SGIE01_1601_L.avi,160096,53.36533333,1.72,2.999,1358.929,29.427,,AD,Passing,
SGEI01_1601,Carangidae,Pseudocaranx,wrighti,1,140.805,37337063,SGIE01_1601_L.avi,160096,53.36533333,2.102,2.534,1304.373,33.371,,AD,Passing,
SGEI01_1601,Scorpididae,Scorpis,aequipinnis,1,168.079,37361004,SGIE01_1601_L.avi,29479,9.826333333,3.623,2.645,1810.395,18.726,,AD,Passing,
SGEI01_1601,Scorpididae,Scorpis,aequipinnis,1,176.939,37361004,SGIE01_1601_L.avi,29497,9.832333333,1.945,1.543,1168.367,28.972,,AD,Passing,
SGEI01_1601,Scorpididae,Scorpis,aequipinnis,1,176.344,37361004,SGIE01_1601_L.avi,29525,9.841666667,5.776,1.744,2107.056,20.752,,AD,Passing,
SGEI02_1601,Scorpididae,Scorpis,aequipinnis,1,191.168,37361004,SGIE02_1601_L.avi,24031,8.010333333,3.779,7.372,1669.42,32.885,,AD,Passing,
SGEI02_1601,Scorpididae,Scorpis,aequipinnis,1,173.482,37361004,SGIE02_1601_L.avi,24031,8.010333333,2.247,5.381,1938.538,14.927,,AD,Passing,
SGEI02_1601,Scorpididae,Scorpis,aequipinnis,1,296.436,37361004,SGIE02_1601_L.avi,24056,8.018666667,1.82,7.864,1787.183,15.183,,AD,Passing,
SGEI01_1601,Scorpididae,Tilodon,sexfasciatus,1,219.199,37361003,SGIE01_1601_L.avi,82395,27.465,1.087,5.321,1041.703,13.908,,AD,Passing,
SGEI02_1601,Gobiesocidae,GOBIESOCIDAE,sp,1,30.349,37206000,SGIE02_1601_L.avi,88886,29.62866667,0.837,1.466,816.451,11.577,,AD,Passing,
SGEI04_1601,Cheilodactylidae,Cheilodactylus,nigripes,1,327.788,37377001,SGIE04_1601_L.avi,15588,5.196,1.373,2.259,1646.21,9.562,,AD,Passing,
SGEI04_1601,Chaetodontidae,Chelmonops,curiosus,1,164.276,37365066,SGIE04_1601_L.avi,83692,27.89733333,13.831,2.689,3474.336,15.989,,AD,Passing,
SGEI04_1601,Kyphosidae,Kyphosus,sydneyanus,1,292.733,37361001,SGIE04_1601_L.avi,12505,4.168333333,1.498,14.786,1928.405,20.592,,AD,Passing,
SGEI04_1601,Monacanthidae,Meuschenia,flavolineata,1,267.644,37465035,SGIE04_1601_L.avi,13959,4.653,2.13,7.047,2018.339,17.57,,AD,Passing,
SGEI04_1601,Monacanthidae,Meuschenia,flavolineata,1,275.697,37465035,SGIE04_1601_L.avi,13995,4.665,6.588,2.005,2481.175,16.516,,AD,Passing,
SGEI04_1601,Monacanthidae,Meuschenia,hippocrepis,1,292.885,37465004,SGIE04_1601_L.avi,19555,6.518333333,0.653,4.707,826.877,7.861,,AD,Passing,
SGEI04_1601,Monacanthidae,Meuschenia,hippocrepis,1,267.427,37465004,SGIE04_1601_L.avi,19593,6.531,0.857,5.265,1328.538,2.816,,AD,Passing,
SGEI04_1601,Labridae,Notolabrus,tetricus,1,337.033,37384003,SGIE04_1601_L.avi,11628,3.876,0.666,4.289,971.323,9.815,,M,Passing,
SGEI04_1601,Labridae,Notolabrus,tetricus,1,221.363,37384003,SGIE04_1601_L.avi,41756,13.91866667,4.306,3.628,2075.229,12.981,,F,Passing,
SGEI04_1601,Labridae,Notolabrus,tetricus,1,306.902,37384003,SGIE04_1601_L.avi,41844,13.948,5.483,2.684,2308.253,12.698,,F,Passing,
SGEI04_1601,Odacidae,Olisthops,cyanomelas,1,353.26,37385001,SGIE04_1601_L.avi,109677,36.559,1.551,3.022,2221.057,8.984,,M,Passing,
SGEI04_1601,Serranidae,Othos,dentex,1,441.766,37311005,SGIE04_1601_L.avi,46214,15.40466667,3.332,3.194,1582.097,15.587,,AD,Passing,
SGEI04_1601,Plesiopidae,Paraplesiops,meleagris,1,296.763,37316009,SGIE04_1601_L.avi,36912,12.304,3.499,6.209,1782.551,5.861,,AD,Passing,
SGEI04_1601,Scorpididae,Scorpis,aequipinnis,1,199.389,37361004,SGIE04_1601_L.avi,151610,50.53666667,0.655,3.376,999.599,12.042,,AD,Passing,
SGEI04_1601,Scorpididae,Scorpis,aequipinnis,1,292.112,37361004,SGIE04_1601_L.avi,151610,50.53666667,2.869,2.278,1711.759,8.818,,AD,Passing,
SGEI04_1601,Scorpididae,Scorpis,aequipinnis,1,265.069,37361004,SGIE04_1601_L.avi,151688,50.56266667,0.554,0.607,953.443,8.631,,AD,Passing,
SGEO01_1601,Labridae,Achoerodus,gouldii,1,383.17,37384002,SGEO01_1601_R.avi,21538,7.179333333,2.033,0.176,2086.508,12.097,Used R image due to rope in view,F,Attracted,
SGEO01_1601,Labridae,Achoerodus,gouldii,1,301.437,37384002,SGEO01_1601_R.avi,21770,7.256666667,8.593,0.937,2722.576,11.716,Used R image due to rope in view,F,Passing,
SGEO01_1601,Labridae,Achoerodus,gouldii,1,331.561,37384002,SGEO01_1601_R.avi,22062,7.354,4.99,0.511,2825.617,22.111,Used R image due to rope in view,F,Passing,
SGEO01_1601,Labridae,Achoerodus,gouldii,1,407.056,37384002,SGEO01_1601_R.avi,133981,44.66033333,3.868,1.852,1674.83,27.688,Used R image due to rope in view,M,Passing,
SGEO01_1601,Cheilodactylidae,Cheilodactylus,nigripes,1,310.709,37377001,SGEO01_1601_R.avi,169255,56.41833333,3.836,2.3,1892.979,15.776,Used R image due to rope in view,AD,Attracted,
SGEO01_1601,Kyphosidae,Kyphosus,sydneyanus,1,380.182,37361001,SGEO01_1601_R.avi,41788,13.92933333,2.516,1.422,2160.32,4.954,Used R image due to rope in view,AD,Passing,
SGEO01_1601,Monacanthidae,Meuschenia,hippocrepis,1,357.451,37465004,SGEO01_1601_R.avi,94503,31.501,4.122,1.297,1598.288,22.57,Used R image due to rope in view,AD,Attracted,
SGEO01_1601,Monacanthidae,Meuschenia,hippocrepis,1,319.956,37465004,SGEO01_1601_R.avi,94838,31.61266667,1.072,2.135,1018.153,16.805,Used R image due to rope in view,AD,Attracted,
SGEO01_1601,Labridae,Notolabrus,parilus,1,289.633,37384022,SGEO01_1601_R.avi,40519,13.50633333,9.356,1.146,2666.611,17.298,Used R image due to rope in view,F,Passing,
SGEO01_1601,Labridae,Notolabrus,tetricus,1,206.886,37384003,SGEO01_1601_R.avi,28857,9.619,1.218,0.879,1278.283,25.854,Used R image due to rope in view,F,Attracted,
SGEO01_1601,Labridae,Notolabrus,tetricus,1,216.08,37384003,SGEO01_1601_R.avi,28882,9.627333333,4.424,3.508,1961.571,15.402,Used R image due to rope in view,F,Attracted,
SGEO01_1601,Labridae,Notolabrus,tetricus,1,236.404,37384003,SGEO01_1601_R.avi,28897,9.632333333,1.667,1.09,2274.118,10.806,Used R image due to rope in view,F,Attracted,
SGEO01_1601,Labridae,Notolabrus,tetricus,1,187.695,37384003,SGEO01_1601_R.avi,28897,9.632333333,7.41,0.656,2502.817,12.571,Used R image due to rope in view,F,Attracted,
SGEO01_1601,Labridae,Notolabrus,tetricus,1,359.937,37384003,SGEO01_1601_R.avi,120431,40.14366667,2.071,1.302,2132.563,11.606,Used R image due to rope in view,M,Attracted,
SGEO01_1601,Odacidae,Olisthops,cyanomelas,1,316.359,37385001,SGEO01_1601_R.avi,172954,57.65133333,13.66,1.787,3615.957,26.287,Used R image due to rope in view,M,Passing,
SGEO01_1601,Pomacentridae,Parma,victoriae,1,174.311,37372006,SGEO01_1601_R.avi,149787,49.929,15.34,3.48,3282.739,21.096,Used R image due to rope in view,AD,Passing,
SGEO01_1601,Labridae,Pictilabrus,laticlavius,1,225.437,37384020,SGEO01_1601_R.avi,118888,39.62933333,2.343,1.182,1220.251,24.313,Used R image due to rope in view,M,Attracted,
SGEO01_1601,Scorpididae,Scorpis,aequipinnis,1,167.662,37361004,SGEO01_1601_R.avi,56670,18.89,2.798,2.806,2437.199,12.702,Used R image due to rope in view,AD,Attracted,
SGEO01_1601,Scorpididae,Scorpis,aequipinnis,1,169.514,37361004,SGEO01_1601_R.avi,56670,18.89,1.703,0.891,2006.514,10.165,Used R image due to rope in view,AD,Attracted,
SGEO01_1601,Scorpididae,Scorpis,aequipinnis,1,255.515,37361004,SGEO01_1601_R.avi,56670,18.89,2.161,4.344,2208.1,15.343,Used R image due to rope in view,AD,Attracted,
SGEO01_1601,Scorpididae,Scorpis,aequipinnis,1,150.626,37361004,SGEO01_1601_R.avi,56688,18.896,2.67,0.267,1905.604,15.127,Used R image due to rope in view,AD,Attracted,
SGEO01_1601,Scorpididae,Scorpis,aequipinnis,1,222.777,37361004,SGEO01_1601_R.avi,56720,18.90666667,3.567,0.217,1627.636,19.818,Used R image due to rope in view,AD,Attracted,
SGEO01_1601,Scorpididae,Tilodon,sexfasciatus,1,198.3,37361003,SGEO01_1601_R.avi,19471,6.490333333,4.644,2.679,2536.526,20.41,Used R image due to rope in view,AD,Passing,
SGEO02_1601,Labridae,Achoerodus,gouldii,1,641.788,37384002,SGEO02_1601_L.avi,29801,9.933666667,6.261,4.807,2409.133,17.592,,M,Passing,
SGEO02_1601,Labridae,Achoerodus,gouldii,1,573.514,37384002,SGEO02_1601_L.avi,30308,10.10266667,10.013,2.73,2877.144,9.785,,M,Passing,
SGEO02_1601,Cheilodactylidae,Dactylophora,nigricans,1,532.183,37377005,SGEO02_1601_L.avi,51396,17.132,5.283,0.406,2508.413,24.709,,AD,Passing,
SGEO02_1601,Dinolestidae,Dinolestes,lewini,1,215.302,37327002,SGEO02_1601_L.avi,52774,17.59133333,5.528,0.117,1831.867,29.337,,AD,Passing,
SGEO02_1601,Kyphosidae,Girella,zebra,1,228.757,37361008,SGEO02_1601_L.avi,60397,20.13233333,2.598,1.234,2257.73,15.998,,AD,Passing,
SGEO02_1601,Kyphosidae,Girella,zebra,1,239.172,37361008,SGEO02_1601_L.avi,60402,20.134,3.196,0.532,2571.248,9.45,,AD,Passing,
SGEO02_1601,Kyphosidae,Girella,zebra,1,215.085,37361008,SGEO02_1601_L.avi,60411,20.137,1.597,5.116,2067.031,9.489,,AD,Passing,
SGEO02_1601,Monacanthidae,Meuschenia,flavolineata,1,171.994,37465035,SGEO02_1601_L.avi,42874,14.29133333,3.001,0.431,2094.125,21.166,,,Passing,
SGEO02_1601,Monacanthidae,Meuschenia,hippocrepis,1,195.379,37465004,SGEO02_1601_L.avi,84577,28.19233333,0.604,1.96,769.421,17.551,,AD,Feeding,
SGEO02_1601,Monacanthidae,Meuschenia,hippocrepis,1,262.305,37465004,SGEO02_1601_L.avi,84577,28.19233333,1.008,0.592,1308.516,9.969,,AD,Feeding,
SGEO02_1601,Monacanthidae,Meuschenia,hippocrepis,1,253.718,37465004,SGEO02_1601_L.avi,84577,28.19233333,1.292,0.303,1397.557,8.855,,AD,Feeding,
SGEO02_1601,Monacanthidae,Meuschenia,hippocrepis,1,167.303,37465004,SGEO02_1601_L.avi,84577,28.19233333,2.165,0.236,1421.289,16.679,,,Attracted,
SGEO02_1601,Monacanthidae,Meuschenia,hippocrepis,1,183.374,37465004,SGEO02_1601_L.avi,84577,28.19233333,1.308,1.461,1157.833,17.348,,,Feeding,
SGEO02_1601,Labridae,Notolabrus,tetricus,1,377.24,37384003,SGEO02_1601_L.avi,124494,41.498,2.896,0.759,1793.581,25.362,,M,Attracted,
SGEO02_1601,Labridae,Notolabrus,tetricus,1,190.939,37384003,SGEO02_1601_L.avi,139606,46.53533333,4.764,3.311,2009.407,25.099,,F,Passing,
SGEO02_1601,Labridae,Notolabrus,tetricus,1,184.114,37384003,SGEO02_1601_L.avi,139665,46.555,1.083,0.623,948.531,19.491,,F,Attracted,
SGEO02_1601,Labridae,Notolabrus,tetricus,1,261.631,37384003,SGEO02_1601_L.avi,139815,46.605,1.61,0.365,1374.096,13.785,,F,Attracted,
SGEO02_1601,Labridae,Notolabrus,tetricus,1,154.225,37384003,SGEO02_1601_L.avi,140010,46.67,1.861,0.137,1348.853,23.905,,F,Passing,
SGEO02_1601,Odacidae,Olisthops,cyanomelas,1,340.733,37385001,SGEO02_1601_L.avi,61047,20.349,4.605,6.915,3308.674,16.412,,AD,Passing,
SGEO02_1601,Pomacentridae,Parma,victoriae,1,171.395,37372006,SGEO02_1601_L.avi,69134,23.04466667,3.205,1.753,2115.086,21.637,,AD,Passing,
SGEO02_1601,Labridae,Pictilabrus,laticlavius,1,206.89,37384020,SGEO02_1601_L.avi,52977,17.659,3.759,1.742,1872.048,22.801,,M,Passing,
SGEO02_1601,Labridae,Pictilabrus,laticlavius,1,216.104,37384020,SGEO02_1601_L.avi,53011,17.67033333,4.107,0.314,2470.169,23.278,,M,Passing,
SGEO02_1601,Scorpididae,Scorpis,aequipinnis,1,175.022,37361004,SGEO02_1601_L.avi,91063,30.35433333,1.937,0.214,2180.391,8.587,,,Passing,
SGEO02_1601,Scorpididae,Scorpis,aequipinnis,1,145.102,37361004,SGEO02_1601_L.avi,91063,30.35433333,0.666,0.057,896.214,12.703,,,Passing,
SGEO02_1601,Scorpididae,Scorpis,aequipinnis,1,129.479,37361004,SGEO02_1601_L.avi,91085,30.36166667,1.252,0.554,1122.248,16.302,,,Attracted,
SGEO02_1601,Scorpididae,Scorpis,aequipinnis,1,162.714,37361004,SGEO02_1601_L.avi,91118,30.37266667,1.495,2.061,1449.65,23.174,,,Attracted,
SGEO02_1601,Scorpididae,Scorpis,aequipinnis,1,179.822,37361004,SGEO02_1601_L.avi,91304,30.43466667,0.99,2.058,1129.607,13.28,,,Attracted,
SGEO02_1601,Scorpididae,Tilodon,sexfasciatus,1,176.311,37361003,SGEO02_1601_L.avi,30738,10.246,2.201,2.184,1646.003,25.578,,AD,Attracted,
SGEO02_1601,Mullidae,Upeneichthys,vlamingii,1,142.317,37355029,SGEO02_1601_L.avi,51851,17.28366667,3.98,1.758,3072.114,16.996,,AD,Passing,
SGWO04_1601,Monacanthidae,Acanthaluteres,brownii,1,169.157,37465001,SGWO04_1601_L.avi,76111,25.37033333,2.281,10.979,2237.15,21.986,,M,Passing,
SGWO04_1601,Monacanthidae,Acanthaluteres,brownii,1,326.493,37465001,SGWO04_1601_L.avi,76121,25.37366667,1.834,5.043,1752.194,17.919,,M,Passing,
SGWO04_1601,Monacanthidae,Acanthaluteres,brownii,1,288.642,37465001,SGWO04_1601_L.avi,159880,53.29333333,1.315,1.14,1737.873,7.644,,F,Attracted,
SGWO04_1601,Labridae,Achoerodus,gouldii,1,394.753,37384002,SGWO04_1601_L.avi,109000,36.33333333,1.55,2.183,1629.936,15.822,,,Passing,
SGWO04_1601,Arripidae,Arripis,truttaceus,1,380.153,37344004,SGWO04_1601_L.avi,8510,2.836666667,5.459,5.677,2460.845,18.537,,AD,Passing,
SGWO04_1601,Arripidae,Arripis,truttaceus,1,321.421,37344004,SGWO04_1601_L.avi,8510,2.836666667,3.538,3.637,2652.622,15.018,,AD,Passing,
SGWO04_1601,Arripidae,Arripis,truttaceus,1,406.125,37344004,SGWO04_1601_L.avi,8510,2.836666667,8.103,4.287,3228.507,15.977,,AD,Passing,
SGWO04_1601,Arripidae,Arripis,truttaceus,1,371.822,37344004,SGWO04_1601_L.avi,8510,2.836666667,3.809,1.307,3197.958,11.113,,AD,Passing,
SGWO04_1601,Arripidae,Arripis,truttaceus,1,351.35,37344004,SGWO04_1601_L.avi,8510,2.836666667,2.149,9.346,2915.909,7.521,,AD,Passing,
SGWO04_1601,Arripidae,Arripis,truttaceus,1,348.651,37344004,SGWO04_1601_L.avi,8510,2.836666667,2.03,0.877,3085.096,7.689,,AD,Passing,
SGWO04_1601,Arripidae,Arripis,truttaceus,1,360.657,37344004,SGWO04_1601_L.avi,8510,2.836666667,4.301,1.265,3265.712,15.925,,AD,Passing,
SGWO04_1601,Arripidae,Arripis,truttaceus,1,362.644,37344004,SGWO04_1601_L.avi,8510,2.836666667,5.574,5.775,3422.326,16.547,,AD,Passing,
SGWO04_1601,Labridae,Austrolabrus,maculatus,1,133.435,37384025,SGWO04_1601_L.avi,15892,5.297333333,3.193,0.195,1956.553,3.198,,AD,Passing,
SGWO04_1601,Labridae,Austrolabrus,maculatus,1,100.73,37384025,SGWO04_1601_L.avi,15892,5.297333333,0.943,0.213,1732.42,6.975,,AD,Attracted,
SGWO04_1601,Kyphosidae,Kyphosus,sydneyanus,1,354.159,37361001,SGWO04_1601_L.avi,89224,29.74133333,2.184,3.012,2140.34,15.271,,AD,Attracted,
SGWO04_1601,Monacanthidae,Meuschenia,hippocrepis,1,195.763,37465004,SGWO04_1601_L.avi,159853,53.28433333,0.862,0.318,1357.346,10.503,,AD,Feeding,
SGWO04_1601,Monacanthidae,Meuschenia,hippocrepis,1,168.943,37465004,SGWO04_1601_L.avi,159853,53.28433333,0.77,0.544,1441.984,4.544,,AD,Feeding,
SGWO04_1601,Monacanthidae,Meuschenia,hippocrepis,1,227.695,37465004,SGWO04_1601_L.avi,159899,53.29966667,1.42,2.285,1404.916,3.1,,AD,Feeding,
SGWO04_1601,Monacanthidae,Meuschenia,hippocrepis,1,225.038,37465004,SGWO04_1601_L.avi,159899,53.29966667,1.141,1.44,1415.84,11.839,,AD,Feeding,
SGWO04_1601,Labridae,Notolabrus,parilus,1,326.673,37384022,SGWO04_1601_L.avi,178019,59.33966667,5.326,0.469,2146.164,14.641,,M,Passing,
SGWO04_1601,Labridae,Notolabrus,tetricus,1,194.134,37384003,SGWO04_1601_L.avi,145052,48.35066667,1.538,0.375,1893.695,8.985,,F,Passing,
SGWO04_1601,Labridae,Notolabrus,tetricus,1,146.894,37384003,SGWO04_1601_L.avi,145056,48.352,2.547,1.868,1584.746,14.711,,F,Passing,
SGWO04_1601,Labridae,Notolabrus,tetricus,1,190.977,37384003,SGWO04_1601_L.avi,145087,48.36233333,4.021,1.143,2011.971,11.932,,F,Passing,
SGWO04_1601,Labridae,Pictilabrus,laticlavius,1,212.687,37384020,SGWO04_1601_L.avi,41541,13.847,1.622,0.671,2187.015,11.581,,M,Attracted,
SGWO04_1601,Labridae,Pictilabrus,laticlavius,1,170.308,37384020,SGWO04_1601_L.avi,41555,13.85166667,3.701,1.886,2032.786,10.361,,M,Attracted,
SGWO04_1601,Carangidae,Pseudocaranx,sp,1,279.117,37337924,SGWO04_1601_L.avi,190067,63.35566667,1.065,1.616,1774.512,2.638,,AD,Passing,
SGWO04_1601,Carangidae,Pseudocaranx,sp,1,270.372,37337924,SGWO04_1601_L.avi,190067,63.35566667,1.181,2.412,1723.919,14.059,,AD,Passing,
SGWO04_1601,Carangidae,Pseudocaranx,sp,1,278.349,37337924,SGWO04_1601_L.avi,190067,63.35566667,1.1,0.556,1745.475,13.032,,AD,Passing,
SGWO04_1601,Carangidae,Pseudocaranx,sp,1,230.744,37337924,SGWO04_1601_L.avi,190067,63.35566667,0.953,2.96,1508.387,16.519,,AD,Passing,
SGWO04_1601,Carangidae,Pseudocaranx,sp,1,283.916,37337924,SGWO04_1601_L.avi,190067,63.35566667,1.352,0.482,2449.473,3.196,,AD,Passing,
SGWO04_1601,Carangidae,Pseudocaranx,sp,1,234.879,37337924,SGWO04_1601_L.avi,190067,63.35566667,2.318,1.081,1870.242,20.375,,AD,Passing,
SGWO04_1601,Carangidae,Pseudocaranx,sp,1,274.009,37337924,SGWO04_1601_L.avi,190067,63.35566667,4.332,5.35,2456.232,10.959,,AD,Passing,
SGWO04_1601,Carangidae,Pseudocaranx,sp,1,278.848,37337924,SGWO04_1601_L.avi,190067,63.35566667,3.503,2.384,2542.827,4.512,,AD,Passing,
SGWO04_1601,Carangidae,Pseudocaranx,sp,1,239.645,37337924,SGWO04_1601_L.avi,190071,63.357,2.335,3.269,1637.482,9.57,,AD,Passing,
SGWO04_1601,Scorpididae,Scorpis,aequipinnis,1,123.452,37361004,SGWO04_1601_L.avi,85901,28.63366667,0.806,4.45,1130.726,13.248,,,Scavenging,
SGWO04_1601,Scorpididae,Scorpis,aequipinnis,1,153.688,37361004,SGWO04_1601_L.avi,85911,28.637,1.663,0.584,1495.508,5.016,,,Scavenging,
SGWO04_1601,Scorpididae,Scorpis,aequipinnis,1,188.146,37361004,SGWO04_1601_L.avi,85911,28.637,1.492,1.439,1494.867,6.647,,,Scavenging,
SGWO04_1601,Scorpididae,Tilodon,sexfasciatus,1,105.606,37361003,SGWO04_1601_L.avi,47520,15.84,1.154,0.299,1720.137,4.316,,AD,Attracted,
SGWO04_1601,Mullidae,Upeneichthys,vlamingii,1,221.317,37355029,SGWO04_1601_L.avi,60035,20.01166667,5.328,1.478,2253.272,7.579,,AD,Passing,
SGWI01_1601,Labridae,Achoerodus,gouldii,1,427.233,37384002,SGIW01_1601_L.avi,67327,22.44233333,3.931,6.623,2853.847,5.944,,F,Passing,
SGWI01_1601,Labridae,Austrolabrus,maculatus,1,117.894,37384025,SGIW01_1601_L.avi,65117,21.70566667,2.095,0.386,1434.272,32.813,,AD,Passing,
SGWI01_1601,Kyphosidae,Girella,zebra,1,312.47,37361008,SGIW01_1601_L.avi,27309,9.103,13.446,2.854,2851.879,19.072,,AD,Passing,
SGWI01_1601,Kyphosidae,Girella,zebra,1,313.21,37361008,SGIW01_1601_L.avi,27309,9.103,7.699,7.28,3972.871,12.429,,AD,Passing,
SGWI01_1601,Odacidae,Neoodax,balteatus,1,64.807,37385005,SGIW01_1601_L.avi,140269,46.75633333,2.87,3.577,1509.091,18.12,,AD,Passing,
SGWI01_1601,Labridae,Notolabrus,parilus,1,213.153,37384022,SGIW01_1601_L.avi,31889,10.62966667,6.012,4.18,2169.146,28.169,,AD,Passing,
SGWI01_1601,Labridae,Notolabrus,parilus,1,228.737,37384022,SGIW01_1601_L.avi,31911,10.637,5.242,4.124,2240.963,27.837,,AD,Passing,
SGWI01_1601,Labridae,Notolabrus,tetricus,1,370.86,37384003,SGIW01_1601_L.avi,27366,9.122,9.135,2.279,3511.577,21.255,,M,Passing,
SGWI01_1601,Labridae,Notolabrus,tetricus,1,209.797,37384003,SGIW01_1601_L.avi,62247,20.749,1.164,2.87,1589.422,4.13,,F,Passing,
SGWI01_1601,Labridae,Notolabrus,tetricus,1,250.488,37384003,SGIW01_1601_L.avi,62250,20.75,2.737,1.765,1255.839,28.25,,F,Passing,
SGWI01_1601,Gerreidae,Parequula,melbournensis,1,94.634,37349001,SGIW01_1601_L.avi,33409,11.13633333,1.653,0.909,1170.978,24.586,,AD,Passing,
SGWI01_1601,Scorpididae,Scorpis,aequipinnis,1,204.526,37361004,SGIW01_1601_L.avi,22505,7.501666667,2.421,3.392,1835.09,7.299,,AD,Passing,
SGWI01_1601,Scorpididae,Scorpis,aequipinnis,1,185.434,37361004,SGIW01_1601_L.avi,22514,7.504666667,3.927,1.269,1482.528,23.72,,AD,Passing,
SGWI01_1601,Scorpididae,Scorpis,aequipinnis,1,206.787,37361004,SGIW01_1601_L.avi,22521,7.507,3.604,3.196,2029.458,7.629,,AD,Passing,
SGWI01_1601,Scorpididae,Scorpis,aequipinnis,1,254.998,37361004,SGIW01_1601_L.avi,22620,7.54,6.291,4.966,2299.235,22.697,,AD,Passing,
SGWI01_1601,Loliginidae,Sepioteuthis,australis,1,258.389,23617005,SGIW01_1601_L.avi,108692,36.23066667,14.671,7.524,3771.681,22.259,,AD,Passing,
SGWI01_1601,Loliginidae,Sepioteuthis,australis,1,357.426,23617005,SGIW01_1601_L.avi,108701,36.23366667,15.092,7.585,3991.208,23.973,,AD,Passing,
SGWI01_1601,Sillaginidae,Sillago,bassensis,1,211.011,37330002,SGIW01_1601_L.avi,127954,42.65133333,1.882,1.501,1343.024,29.763,,AD,Passing,
SGWI01_1601,Mullidae,Upeneichthys,vlamingii,1,202.729,37355029,SGIW01_1601_L.avi,70043,23.34766667,4.848,3.857,1706.43,20.571,,AD,Passing,
SGWI01_1601,Mullidae,Upeneichthys,vlamingii,1,171.086,37355029,SGIW01_1601_L.avi,70152,23.384,4.262,2.687,2065.14,19.664,,AD,Passing,
SGWI02_1601,Labridae,Achoerodus,gouldii,1,530.309,37384002,SGIW02_1601_L.avi,22974,7.658,4.789,1.57,2137.597,23.961,,M,Passing,
SGWI02_1601,Labridae,Achoerodus,gouldii,1,383.765,37384002,SGIW02_1601_L.avi,100997,33.66566667,4.01,3.364,1846.853,22.081,,F,Passing,
SGWI02_1601,Ostraciidae,Aracana,sp,1,99.225,37466903,SGIW02_1601_L.avi,155416,51.80533333,10.516,5.264,3208.608,10.873,,AD,Passing,
SGWI02_1601,Labridae,Austrolabrus,maculatus,1,143.325,37384025,SGIW02_1601_L.avi,46792,15.59733333,3.968,2.643,2299.097,13.883,,AD,Passing,
SGWI02_1601,Serranidae,Caesioperca,rasor,1,153.033,37311003,SGIW02_1601_L.avi,46731,15.577,7.708,2.529,2662.846,23.769,,AD,Passing,
SGWI02_1601,Serranidae,Caesioperca,rasor,1,159.393,37311003,SGIW02_1601_L.avi,46746,15.582,3.238,3.454,2171.528,24.809,,AD,Passing,
SGWI02_1601,Serranidae,Caesioperca,rasor,1,185.761,37311003,SGIW02_1601_L.avi,46782,15.594,11.363,2.407,2832.281,7.388,,AD,Passing,
SGWI02_1601,Serranidae,Caesioperca,rasor,1,160.385,37311003,SGIW02_1601_L.avi,46782,15.594,11.169,0.905,3187.395,23.663,,AD,Passing,
SGWI02_1601,Cheilodactylidae,Cheilodactylus,nigripes,1,242.002,37377001,SGIW02_1601_L.avi,32391,10.797,2.97,2.841,1774.747,30.553,,AD,Passing,
SGWI02_1601,Chaetodontidae,Chelmonops,curiosus,1,244.907,37365066,SGIW02_1601_L.avi,6925,2.308333333,6.01,1.744,1949.364,30.658,,AD,Passing,
SGWI02_1601,Chaetodontidae,Chelmonops,curiosus,1,182.49,37365066,SGIW02_1601_L.avi,6925,2.308333333,2.708,5.816,1654.079,29.16,,AD,Passing,
SGWI02_1601,Cheilodactylidae,Dactylophora,nigricans,1,559.527,37377005,SGIW02_1601_L.avi,100423,33.47433333,3.614,1.866,1943.932,15.873,,AD,Passing,
SGWI02_1601,Dinolestidae,Dinolestes,lewini,1,174.885,37327002,SGIW02_1601_L.avi,76524,25.508,7.698,16.322,3026.428,31.068,,AD,Passing,
SGWI02_1601,Kyphosidae,Girella,zebra,1,326.63,37361008,SGIW02_1601_L.avi,171518,57.17266667,11.742,3.014,3665.627,18.567,,AD,Passing,
SGWI02_1601,Cheilodactylidae,Nemadactylus,valenciennesi,1,361.44,37377004,SGIW02_1601_L.avi,12884,4.294666667,4.8,1.953,1708.939,28.351,,AD,Passing,
SGWI02_1601,Labridae,Notolabrus,tetricus,1,274.536,37384003,SGIW02_1601_L.avi,44219,14.73966667,1.81,2.035,1640.293,11.44,,F,Passing,
SGWI02_1601,Labridae,Notolabrus,tetricus,1,258.288,37384003,SGIW02_1601_L.avi,44234,14.74466667,1.358,1.05,1130.139,12.927,,F,Passing,
SGWI02_1601,Labridae,Notolabrus,tetricus,1,211.875,37384003,SGIW02_1601_L.avi,44245,14.74833333,2.544,2.438,1621.904,29.183,,F,Passing,
SGWI02_1601,Labridae,Notolabrus,tetricus,1,394.971,37384003,SGIW02_1601_L.avi,71813,23.93766667,12.907,4.404,3304.058,11.291,,M,Passing,
SGWI02_1601,Labridae,Notolabrus,tetricus,1,370.27,37384003,SGIW02_1601_L.avi,71841,23.947,9.957,6.801,2609.676,6.84,,M,Passing,
SGWI02_1601,Tetraodontidae,Omegophora,armilla,1,120.491,37467002,SGIW02_1601_L.avi,40412,13.47066667,4.628,2.512,1420.819,8.512,,AD,Passing,
SGWI02_1601,Serranidae,Othos,dentex,1,401.9,37311005,SGIW02_1601_L.avi,183130,61.04333333,9.92,17.366,2474.824,28.906,,AD,Passing,
SGWI02_1601,Pomacentridae,Parma,victoriae,1,179.517,37372006,SGIW02_1601_L.avi,17581,5.860333333,2.668,1.441,1666.762,29.308,,AD,Passing,
SGWI02_1601,Labridae,Pictilabrus,laticlavius,1,274.496,37384020,SGIW02_1601_L.avi,7491,2.497,5.074,0.872,2231.217,22.304,,AD,Passing,
SGWI02_1601,Scorpididae,Scorpis,aequipinnis,1,249.52,37361004,SGIW02_1601_L.avi,7831,2.610333333,4.767,0.616,2085.832,21.32,,AD,Passing,
SGWI02_1601,Scorpididae,Scorpis,georgiana,1,273.884,37361015,SGIW02_1601_L.avi,73076,24.35866667,1.55,0.741,1600.39,12.34,,AD,Passing,
SGWI02_1601,Scorpididae,Scorpis,georgiana,1,189.913,37361015,SGIW02_1601_L.avi,73092,24.364,9.503,3.735,2819.981,28.159,,AD,Passing,
SGWI02_1601,Scorpididae,Scorpis,georgiana,1,149.875,37361015,SGIW02_1601_L.avi,73101,24.367,10.959,8.388,2620.873,29.139,,AD,Passing,
SGWI02_1601,Scorpididae,Tilodon,sexfasciatus,1,369.783,37361003,SGIW02_1601_L.avi,13287,4.429,2.665,16.525,1097.175,15.001,,AD,Passing,
SGWI02_1601,Scorpididae,Tilodon,sexfasciatus,1,167.07,37361003,SGIW02_1601_L.avi,13342,4.447333333,8.883,0.17,2253.919,19.652,,AD,Passing,
SGWI02_1601,Mullidae,Upeneichthys,vlamingii,1,76.118,37355029,SGIW02_1601_L.avi,10084,3.361333333,11.965,2.066,2711.245,18.618,,AD,Passing,
SGWI02_1601,Mullidae,Upeneichthys,vlamingii,1,167.58,37355029,SGIW02_1601_L.avi,10163,3.387666667,7.416,2.585,3510.15,10.338,,AD,Passing,
SGWI03_1601,Labridae,Achoerodus,gouldii,1,416.309,37384002,SGIW03_1601_L.avi,9541,3.180333333,9.341,7.75,3223.338,7.192,,AD,Passing,
SGWI03_1601,Labridae,Achoerodus,gouldii,1,605.522,37384002,SGIW03_1601_L.avi,56637,18.879,3.946,6.356,1870.408,15.824,,M,Passing,
SGWI03_1601,Aplodactylidae,Aplodactylus,arctidens,1,315.61,37376001,SGIW03_1601_L.avi,115941,38.647,5.633,11.445,2601.329,8.328,,AD,Passing,
SGWI03_1601,Serranidae,Caesioperca,rasor,1,162.649,37311003,SGIW03_1601_L.avi,137166,45.722,3.265,3.924,1846.693,11.673,,AD,Passing,
SGWI03_1601,Serranidae,Caesioperca,rasor,1,164.697,37311003,SGIW03_1601_L.avi,137166,45.722,1.196,0.881,2001.355,8.164,,AD,Passing,
SGWI03_1601,Serranidae,Caesioperca,rasor,1,174.327,37311003,SGIW03_1601_L.avi,137166,45.722,1.938,6.869,2149.581,6.962,,AD,Passing,
SGWI03_1601,Serranidae,Caesioperca,rasor,1,158.34,37311003,SGIW03_1601_L.avi,137183,45.72766667,2.331,2.762,1827.099,9.692,,AD,Passing,
SGWI03_1601,Serranidae,Caesioperca,rasor,1,144.84,37311003,SGIW03_1601_L.avi,137183,45.72766667,2.726,7.546,2626.021,16.512,,AD,Passing,
SGWI03_1601,Serranidae,Caesioperca,rasor,1,150.969,37311003,SGIW03_1601_L.avi,137183,45.72766667,2.886,3.274,2730.602,12.7,,AD,Passing,
SGWI03_1601,Serranidae,Caesioperca,rasor,1,176.047,37311003,SGIW03_1601_L.avi,137183,45.72766667,3.669,0.674,1869.777,12.887,,AD,Passing,
SGWI03_1601,Serranidae,Caesioperca,rasor,1,177.969,37311003,SGIW03_1601_L.avi,137229,45.743,3.584,5.737,2184.014,18.837,,AD,Passing,
SGWI03_1601,Cheilodactylidae,Cheilodactylus,nigripes,1,287.511,37377001,SGIW03_1601_L.avi,125799,41.933,2.786,4.267,2105.183,5.706,,AD,Passing,
SGWI03_1601,Chaetodontidae,Chelmonops,curiosus,1,151.092,37365066,SGIW03_1601_L.avi,30013,10.00433333,2.87,12.193,3480.375,1.602,,AD,Passing,
SGWI03_1601,Enoplosidae,Enoplosus,armatus,1,231.94,37366001,SGIW03_1601_L.avi,10329,3.443,2.761,2.576,1790.486,10.791,,AD,Passing,
SGWI03_1601,Enoplosidae,Enoplosus,armatus,1,226.634,37366001,SGIW03_1601_L.avi,10329,3.443,2.449,2.737,1850.751,16.779,,AD,Passing,
SGWI03_1601,Kyphosidae,Girella,zebra,1,244.417,37361008,SGIW03_1601_L.avi,11858,3.952666667,14.091,18.815,4402.95,22.908,,AD,Passing,
SGWI03_1601,Kyphosidae,Girella,zebra,1,293.952,37361008,SGIW03_1601_L.avi,11875,3.958333333,9.405,10.041,2815.303,20.954,,AD,Passing,
SGWI03_1601,Kyphosidae,Kyphosus,sydneyanus,1,463.48,37361001,SGIW03_1601_L.avi,19214,6.404666667,3.827,0.796,1844.557,14.085,,AD,Passing,
SGWI03_1601,Monacanthidae,Meuschenia,flavolineata,1,281.926,37465035,SGIW03_1601_L.avi,15289,5.096333333,1.155,2.715,1699.246,17.451,,AD,Passing,
SGWI03_1601,Monacanthidae,Meuschenia,hippocrepis,1,331.982,37465004,SGIW03_1601_L.avi,28270,9.423333333,15.925,12.714,5272.31,10.145,,AD,Passing,
SGWI03_1601,Monacanthidae,Meuschenia,hippocrepis,1,277.014,37465004,SGIW03_1601_L.avi,28282,9.427333333,2.847,8.465,1632.993,17.428,,AD,Passing,
SGWI03_1601,Monacanthidae,Meuschenia,hippocrepis,1,379.284,37465004,SGIW03_1601_L.avi,28297,9.432333333,2.896,4.334,1575.632,2.61,,AD,Passing,
SGWI03_1601,Cheilodactylidae,Nemadactylus,valenciennesi,1,375.71,37377004,SGIW03_1601_L.avi,13778,4.592666667,1.416,3.829,1615.931,6.746,,AD,Passing,
SGWI03_1601,Labridae,Notolabrus,parilus,1,412.273,37384022,SGIW03_1601_L.avi,117103,39.03433333,2.755,6.717,2808.433,12.045,,M,Passing,
SGWI03_1601,Labridae,Notolabrus,tetricus,1,373.412,37384003,SGIW03_1601_L.avi,9005,3.001666667,5.138,5.486,2196.772,3.2,,M,Passing,
SGWI03_1601,Labridae,Notolabrus,tetricus,1,208.369,37384003,SGIW03_1601_L.avi,78856,26.28533333,1.221,2.709,1756.51,10.443,,F,Passing,
SGWI03_1601,Labridae,Notolabrus,tetricus,1,226.421,37384003,SGIW03_1601_L.avi,78894,26.298,3.732,4.303,1834.728,16.424,,F,Passing,
SGWI03_1601,Labridae,Notolabrus,tetricus,1,237.717,37384003,SGIW03_1601_L.avi,78916,26.30533333,1.743,2.333,1553.342,14.263,,F,Passing,
SGWI03_1601,Labridae,Notolabrus,tetricus,1,149.01,37384003,SGIW03_1601_L.avi,79010,26.33666667,1.651,1.681,1556.173,3.629,,F,Passing,
SGWI03_1601,Odacidae,Olisthops,cyanomelas,1,345.43,37385001,SGIW03_1601_L.avi,12355,4.118333333,5.347,10.101,3730.731,7.469,,AD,Passing,
SGWI03_1601,Tetraodontidae,Omegophora,armilla,1,170.005,37467002,SGIW03_1601_L.avi,17543,5.847666667,0.867,2.067,1494.148,1.818,,AD,Passing,
SGWI03_1601,Pomacentridae,Parma,victoriae,1,182.705,37372006,SGIW03_1601_L.avi,35238,11.746,3.279,2.589,2082.094,10.081,,AD,Passing,
SGWI03_1601,Labridae,Pictilabrus,laticlavius,1,173.819,37384020,SGIW03_1601_L.avi,14500,4.833333333,1.467,1.993,1713.783,20.092,,AD,Passing,
SGWI03_1601,Scorpididae,Scorpis,aequipinnis,1,207.231,37361004,SGIW03_1601_L.avi,154543,51.51433333,0.923,4.37,1471.064,9.909,,AD,Passing,
SGWI03_1601,Scorpididae,Scorpis,aequipinnis,1,274.849,37361004,SGIW03_1601_L.avi,154543,51.51433333,3.002,1.624,2052.407,3.404,,AD,Passing,
SGWI03_1601,Scorpididae,Scorpis,aequipinnis,1,209.721,37361004,SGIW03_1601_L.avi,154607,51.53566667,1.667,2.785,1444.444,10.992,,AD,Passing,
SGWI03_1601,Scorpididae,Scorpis,aequipinnis,1,178.723,37361004,SGIW03_1601_L.avi,154610,51.53666667,1.285,1.773,1548.583,5.049,,AD,Passing,
SGWI03_1601,Scorpididae,Scorpis,aequipinnis,1,167.282,37361004,SGIW03_1601_L.avi,154616,51.53866667,2.371,3.918,1440.688,11.997,,AD,Passing,
SGWI03_1601,Scorpididae,Tilodon,sexfasciatus,1,245.282,37361003,SGIW03_1601_L.avi,14085,4.695,1.292,1.912,1813.796,9.719,,AD,Passing,
SGWI03_1601,Scorpididae,Tilodon,sexfasciatus,1,170.898,37361003,SGIW03_1601_L.avi,14125,4.708333333,2.443,3.599,2426.211,17.564,,AD,Passing,
SGWI04_1601,Monacanthidae,Acanthaluteres,brownii,1,243.9,37465001,SGIW04_1601_L.avi,90742,30.24733333,10.555,11.208,3299.88,13.759,,AD,Passing,
SGWI04_1601,Labridae,Achoerodus,gouldii,1,568.756,37384002,SGIW04_1601_L.avi,27206,9.068666667,1.778,7.173,1612.501,13.236,,AD,Passing,
SGWI04_1601,Cheilodactylidae,Cheilodactylus,nigripes,1,287.499,37377001,SGIW04_1601_L.avi,9848,3.282666667,1.021,2.578,1594.847,10.083,,AD,Passing,
SGWI04_1601,Enoplosidae,Enoplosus,armatus,1,158.631,37366001,SGIW04_1601_L.avi,26792,8.930666667,2.03,4.716,1385.447,18.133,,AD,Passing,
SGWI04_1601,Kyphosidae,Girella,zebra,1,248.613,37361008,SGIW04_1601_L.avi,74695,24.89833333,3.986,4.727,1931.889,16.217,,AD,Passing,
SGWI04_1601,Kyphosidae,Girella,zebra,1,330.46,37361008,SGIW04_1601_L.avi,74721,24.907,2.006,7.403,2048.995,19.84,,AD,Passing,
SGWI04_1601,Kyphosidae,Girella,zebra,1,332.231,37361008,SGIW04_1601_L.avi,74769,24.923,1.776,7.548,1722.377,11.062,,AD,Passing,
SGWI04_1601,Kyphosidae,Girella,zebra,1,312.861,37361008,SGIW04_1601_L.avi,74791,24.93033333,3.52,3.964,2024.827,16.389,,AD,Passing,
SGWI04_1601,Kyphosidae,Kyphosus,sydneyanus,1,306.309,37361001,SGIW04_1601_L.avi,23501,7.833666667,13.235,12.202,4855.333,7.782,,AD,Passing,
SGWI04_1601,Monacanthidae,Meuschenia,hippocrepis,1,246.218,37465004,SGIW04_1601_L.avi,172035,57.345,1.412,7.556,1342.449,19.095,,AD,Passing,
SGWI04_1601,Monacanthidae,Meuschenia,hippocrepis,1,204.831,37465004,SGIW04_1601_L.avi,172055,57.35166667,1.023,3.003,1629.442,14.721,,AD,Passing,
SGWI04_1601,Monacanthidae,Meuschenia,hippocrepis,1,335.039,37465004,SGIW04_1601_L.avi,172078,57.35933333,1.273,6.672,1056.514,18.074,,AD,Passing,
SGWI04_1601,Monacanthidae,Meuschenia,hippocrepis,1,202.802,37465004,SGIW04_1601_L.avi,172081,57.36033333,0.956,1.991,1523.38,15.699,,AD,Passing,
SGWI04_1601,Labridae,Notolabrus,tetricus,1,258.487,37384003,SGIW04_1601_L.avi,173372,57.79066667,5.515,9.85,2298.558,12.36,,AD,Passing,
SGWI04_1601,Labridae,Notolabrus,tetricus,1,193.44,37384003,SGIW04_1601_L.avi,173462,57.82066667,0.744,8.694,1031.985,15.994,,AD,Passing,
SGWI04_1601,Labridae,Notolabrus,tetricus,1,303.914,37384003,SGIW04_1601_L.avi,173796,57.932,1.05,4.332,1641.661,11.479,,AD,Passing,
SGWI04_1601,Odacidae,Olisthops,cyanomelas,1,348.015,37385001,SGIW04_1601_L.avi,114465,38.155,1.328,6.682,1828.577,10.718,,AD,Passing,
SGWI04_1601,Pomacentridae,Parma,victoriae,1,163.677,37372006,SGIW04_1601_L.avi,14821,4.940333333,2.676,2.984,2238.433,20.15,,AD,Passing,
SGWI04_1601,Scorpididae,Scorpis,aequipinnis,1,247.861,37361004,SGIW04_1601_L.avi,14946,4.982,1.863,4.319,1690.692,20.205,,AD,Passing,
SGWI04_1601,Scorpididae,Scorpis,aequipinnis,1,222.026,37361004,SGIW04_1601_L.avi,14949,4.983,1.021,7.161,1554.486,11.484,,AD,Passing,
SGWI04_1601,Scorpididae,Scorpis,aequipinnis,1,174.049,37361004,SGIW04_1601_L.avi,14986,4.995333333,1.751,5.26,1832.194,20.99,,AD,Passing,
SGWI04_1601,Scorpididae,Scorpis,aequipinnis,1,243.029,37361004,SGIW04_1601_L.avi,15022,5.007333333,3.434,6.463,2014.674,15.408,,AD,Passing,
SGWO01_1601,Monacanthidae,Acanthaluteres,brownii,1,333.099,37465001,SGWO01_1601_L.avi,107723,35.90766667,6.96,0.215,2613.03,18.694,,AD,Passing,
SGWO01_1601,Labridae,Achoerodus,gouldii,1,394.591,37384002,SGWO01_1601_L.avi,187302,62.434,1.897,0.257,1583.906,19.439,,,Attracted,
SGWO01_1601,Labridae,Austrolabrus,maculatus,1,132.945,37384025,SGWO01_1601_L.avi,81814,27.27133333,0.405,1.72,490.467,15.147,,AD,Passing,
SGWO01_1601,Cheilodactylidae,Dactylophora,nigricans,1,423.248,37377005,SGWO01_1601_L.avi,127085,42.36166667,7.575,1.102,2076.268,21.782,,,Passing,
SGWO01_1601,Kyphosidae,Girella,zebra,1,146.675,37361008,SGWO01_1601_L.avi,111324,37.108,2.87,0.292,1443.751,25.325,,,Passing,
SGWO01_1601,Kyphosidae,Girella,zebra,1,144.511,37361008,SGWO01_1601_L.avi,111324,37.108,4.423,2.05,1631.081,21.375,,,Passing,
SGWO01_1601,Kyphosidae,Girella,zebra,1,177.261,37361008,SGWO01_1601_L.avi,111324,37.108,4.336,1.027,1539.508,16.784,,,Passing,
SGWO01_1601,Kyphosidae,Girella,zebra,1,140.206,37361008,SGWO01_1601_L.avi,111334,37.11133333,3.016,0.667,1552.758,29.587,,,Passing,
SGWO01_1601,Kyphosidae,Girella,zebra,1,144.928,37361008,SGWO01_1601_L.avi,111370,37.12333333,1.68,0.169,1395.678,18.794,,,Passing,
SGWO01_1601,Kyphosidae,Girella,zebra,1,177.083,37361008,SGWO01_1601_L.avi,111370,37.12333333,2.639,0.267,1379.271,29.508,,,Passing,
SGWO01_1601,Kyphosidae,Girella,zebra,1,144.41,37361008,SGWO01_1601_L.avi,111436,37.14533333,1.911,0.387,1535.745,17.569,,,Passing,
SGWO01_1601,Kyphosidae,Kyphosus,sydneyanus,1,338.792,37361001,SGWO01_1601_L.avi,9625,3.208333333,5.374,2.182,2155.71,16.68,,AD,Passing,
SGWO01_1601,Monacanthidae,Meuschenia,hippocrepis,1,194.776,37465004,SGWO01_1601_L.avi,176093,58.69766667,1.043,0.808,1203.772,20.851,,AD,Attracted,
SGWO01_1601,Monacanthidae,Meuschenia,hippocrepis,1,140.888,37465004,SGWO01_1601_L.avi,176149,58.71633333,2.901,0.355,1315.852,8.79,,,Passing,
SGWO01_1601,Monacanthidae,Meuschenia,hippocrepis,1,156.612,37465004,SGWO01_1601_L.avi,176356,58.78533333,2.135,0.092,1197.519,30.524,,,Passing,
SGWO01_1601,Labridae,Notolabrus,tetricus,1,188.355,37384003,SGWO01_1601_L.avi,75237,25.079,2.191,2.122,1279.948,13.871,,F,Attracted,
SGWO01_1601,Labridae,Notolabrus,tetricus,1,337.095,37384003,SGWO01_1601_L.avi,75601,25.20033333,2.333,0.655,1120.825,14.546,,F,Attracted,
SGWO01_1601,Odacidae,Olisthops,cyanomelas,1,288.707,37385001,SGWO01_1601_L.avi,185610,61.87,4.731,0.069,1831.522,20.147,,M,Passing,
SGWO01_1601,Pomacentridae,Parma,victoriae,1,190.464,37372006,SGWO01_1601_L.avi,132417,44.139,2.873,0.893,2096.532,15.022,,AD,Passing,
SGWO01_1601,Labridae,Pictilabrus,laticlavius,1,181.898,37384020,SGWO01_1601_L.avi,68633,22.87766667,0.465,0.487,572.179,5.012,,AD,Attracted,
SGWO01_1601,Scorpididae,Scorpis,aequipinnis,1,181.598,37361004,SGWO01_1601_L.avi,79550,26.51666667,2.403,1.804,1379.732,22.808,,,Attracted,
SGWO01_1601,Scorpididae,Scorpis,aequipinnis,1,140.049,37361004,SGWO01_1601_L.avi,79555,26.51833333,2.213,0.979,1418.596,11.108,,,Attracted,
SGWO01_1601,Scorpididae,Scorpis,aequipinnis,1,145.385,37361004,SGWO01_1601_L.avi,79567,26.52233333,3.013,0.594,1434.544,9.645,,,Attracted,
SGWO01_1601,Scorpididae,Tilodon,sexfasciatus,1,143.013,37361003,SGWO01_1601_L.avi,178175,59.39166667,3.796,2.136,1580.507,21.893,,AD,Passing,
SGWO02_1601,Arripidae,Arripis,georgianus,1,164.209,37344001,SGWO02_1601_L.avi,65120,21.70666667,4.066,4.707,2453.25,10.891,,,Attracted,
SGWO02_1601,Cheilodactylidae,Dactylophora,nigricans,1,590.26,37377005,SGWO02_1601_L.avi,152566,50.85533333,3.314,11.765,2050.956,27.134,,AD,Passing,
SGWO02_1601,Kyphosidae,Girella,zebra,1,240.283,37361008,SGWO02_1601_L.avi,155371,51.79033333,3.792,3.115,2167.879,21.737,,AD,Passing,
SGWO02_1601,Monacanthidae,Meuschenia,flavolineata,1,165.137,37465035,SGWO02_1601_L.avi,24841,8.280333333,1.704,5.333,1524.022,27.158,,M,Passing,
SGWO02_1601,Monacanthidae,Meuschenia,hippocrepis,1,149.815,37465004,SGWO02_1601_L.avi,56254,18.75133333,2.217,0.429,1518.767,9.298,,J,Attracted,
SGWO02_1601,Monacanthidae,Meuschenia,hippocrepis,1,151.254,37465004,SGWO02_1601_L.avi,56315,18.77166667,1.708,0.52,1708.483,17.123,,J,Attracted,
SGWO02_1601,Labridae,Notolabrus,tetricus,1,239.414,37384003,SGWO02_1601_L.avi,56473,18.82433333,1.496,2.595,1563.274,15.737,,F,Feeding,
SGWO02_1601,Labridae,Pictilabrus,laticlavius,1,201.17,37384020,SGWO02_1601_L.avi,54665,18.22166667,0.962,2.269,997.343,23.201,,M,Attracted,
SGWO02_1601,Carangidae,Pseudocaranx,sp,1,168.235,37337924,SGWO02_1601_L.avi,156958,52.31933333,1.274,2.645,1704.24,12.249,,AD,Attracted,
SGWO02_1601,Carangidae,Pseudocaranx,sp,1,237.774,37337924,SGWO02_1601_L.avi,156960,52.32,1.465,7.561,1362.245,27.288,,AD,Attracted,
SGWO02_1601,Carangidae,Pseudocaranx,sp,1,191.129,37337924,SGWO02_1601_L.avi,156965,52.32166667,2.293,3.741,1361.097,16.625,,AD,Attracted,
SGWO02_1601,Carangidae,Pseudocaranx,sp,1,180.261,37337924,SGWO02_1601_L.avi,156973,52.32433333,1.628,4.109,1513.824,15.122,,AD,Attracted,
SGWO02_1601,Scorpididae,Scorpis,aequipinnis,1,249.624,37361004,SGWO02_1601_L.avi,49826,16.60866667,2.284,0.664,1818.564,22.041,,AD,Attracted,
SGWO02_1601,Loliginidae,Sepioteuthis,australis,1,323.748,23617005,SGWO02_1601_L.avi,70116,23.372,6.311,1.597,1958.291,29.47,,AD,Passing,
SGWO03_1601,Monacanthidae,Acanthaluteres,brownii,1,192.848,37465001,SGWO03_1601_L.avi,79156,26.38533333,1.809,3.165,2277.932,15.031,,F,Passing,
SGWO03_1601,Monacanthidae,Brachaluteres,jacksonianus,1,14.324,37465025,SGWO03_1601_L.avi,90202,30.06733333,0.336,2.555,668.093,9.562,,AD,Passing,
SGWO03_1601,Kyphosidae,Girella,zebra,1,222.677,37361008,SGWO03_1601_L.avi,10725,3.575,2.461,4.22,2474.203,4.227,,AD,Passing,
SGWO03_1601,Kyphosidae,Girella,zebra,1,185.355,37361008,SGWO03_1601_L.avi,10729,3.576333333,2.338,1.297,2298.018,10.323,,AD,Passing,
SGWO03_1601,Kyphosidae,Girella,zebra,1,232.631,37361008,SGWO03_1601_L.avi,10761,3.587,1.636,2.779,2427.156,2.257,,AD,Passing,
SGWO03_1601,Kyphosidae,Girella,zebra,1,212.741,37361008,SGWO03_1601_L.avi,10761,3.587,5.797,3.508,2510.483,7.463,,AD,Passing,
SGWO03_1601,Kyphosidae,Girella,zebra,1,244.723,37361008,SGWO03_1601_L.avi,10761,3.587,5.595,4.472,2537.757,6.453,,AD,Passing,
SGWO03_1601,Odacidae,Neoodax,balteatus,1,112.454,37385005,SGWO03_1601_L.avi,150411,50.137,0.904,3.66,1123.854,14.965,,F,Passing,
SGWO03_1601,Odacidae,Neoodax,balteatus,1,77.6,37385005,SGWO03_1601_L.avi,150452,50.15066667,0.537,1.746,1028.999,6.216,,AD,Passing,
SGWO03_1601,Odacidae,Olisthops,cyanomelas,1,340.347,37385001,SGWO03_1601_L.avi,116848,38.94933333,5.108,2.01,2939.287,15.215,,M,Passing,
SGWO03_1601,Scorpididae,Scorpis,aequipinnis,1,202.243,37361004,SGWO03_1601_L.avi,15840,5.28,4.162,6.27,2877.381,17.301,,AD,Passing,
SGWO03_1601,Sillaginidae,Sillaginodes,punctatus,1,319.821,37330001,SGWO03_1601_L.avi,52746,17.582,2.376,3.551,2610.665,10.91,,AD,Passing,
SGWO03_1601,Odacidae,Siphonognathus,sp,1,137.767,37385905,SGWO03_1601_L.avi,120601,40.20033333,0.848,4.1,969.219,1.211,,AD,Passing,
CCNI01_1503,Cheilodactylidae,Cheilodactylus,nigripes,1,356.938,37377001,CDC-A_WeirsCove01Rs_Mar2015.avi,19922,11.0789,13.467,3.587,3427.153,15.693,Poor vis 3-4m; surgy,AD,Passing,
CCNI01_1503,Labridae,Achoerodus,gouldii,1,925.754,37384002,CDC-A_WeirsCove01Rs_Mar2015.avi,43760,24.3354,5.633,0.988,2171.152,14.985,Poor vis 3-4m; surgy,M,Passing,
CCNI01_1503,Triakidae,Mustelus,antarcticus,1,921.69,37017001,CDC-A_WeirsCove01Rs_Mar2015.avi,58879,32.7433,1.52,7.156,1531.56,2.105,Poor vis 3-4m; surgy,J,Feeding,
CCNI01_1503,Labridae,Notolabrus,tetricus,1,260.655,37384003,CDC-A_WeirsCove01Rs_Mar2015.avi,70829,39.3888,0.729,1.03,1054.466,10.255,Poor vis 3-4m; surgy,F,Attracted,
CCNI01_1503,Labridae,Notolabrus,tetricus,1,314.262,37384003,CDC-A_WeirsCove01Rs_Mar2015.avi,70865,39.4089,0.81,0.692,1114.866,11.566,Poor vis 3-4m; surgy,M,Attracted,
CCNI01_1503,Serranidae,Caesioperca,rasor,1,158.577,37311003,CDC-A_WeirsCove01Rs_Mar2015.avi,107108,59.564,1.397,0.715,1600.732,12.9,Poor vis 3-4m; surgy,AD,Attracted,
CCNI01_1503,Serranidae,Caesioperca,rasor,1,155.463,37311003,CDC-A_WeirsCove01Rs_Mar2015.avi,107108,59.564,1.82,4.052,2022.525,10.571,Poor vis 3-4m; surgy,AD,Attracted,
CCNI01_1503,Serranidae,Caesioperca,rasor,1,193.467,37311003,CDC-A_WeirsCove01Rs_Mar2015.avi,107108,59.564,5.337,2.424,2297.315,13.82,Poor vis 3-4m; surgy,AD,Attracted,
CCNI01_1503,Serranidae,Caesioperca,rasor,1,143.924,37311003,CDC-A_WeirsCove01Rs_Mar2015.avi,107108,59.564,3.765,3.194,2475.246,21.609,Poor vis 3-4m; surgy,AD,Attracted,
CCNI01_1503,Serranidae,Caesioperca,rasor,1,157.511,37311003,CDC-A_WeirsCove01Rs_Mar2015.avi,107108,59.564,3.567,1.674,2373.271,16.694,Poor vis 3-4m; surgy,AD,Attracted,
CCNI01_1503,Serranidae,Caesioperca,rasor,1,147.246,37311003,CDC-A_WeirsCove01Rs_Mar2015.avi,107114,59.5673,1.613,0.656,1505.068,15.168,Poor vis 3-4m; surgy,AD,Attracted,
CCNI01_1503,Serranidae,Caesioperca,rasor,1,170.356,37311003,CDC-A_WeirsCove01Rs_Mar2015.avi,107137,59.5801,1.327,3.27,1505.632,10.793,Poor vis 3-4m; surgy,AD,Attracted,
CCNI01_1503,Serranidae,Caesioperca,rasor,1,195.641,37311003,CDC-A_WeirsCove01Rs_Mar2015.avi,107137,59.5801,2.747,6.149,2246.573,10.57,Poor vis 3-4m; surgy,AD,Attracted,
CCNI03_1503,Cheilodactylidae,Cheilodactylus,nigripes,1,338.976,37377001,CDC-A_WeirsCove03R_Mar2015.avi,26513,8.8377,2.274,2.75,2109.581,12.9,Poor vis ,AD,Passing,
CCNI03_1503,Dinolestidae,Dinolestes,lewini,1,328.786,37327002,CDC-A_WeirsCove03R_Mar2015.avi,30693,10.231,1.019,1.827,1572.319,5.668,Poor vis ,AD,Passing,
CCNI03_1503,Berycidae,Centroberyx,gerrardi,1,202.362,37258004,CDC-A_WeirsCove03R_Mar2015.avi,35821,11.9403,2.22,2.228,1833.745,2.189,Poor vis ,AD,Passing,
CCNI03_1503,Labridae,Notolabrus,tetricus,1,241.162,37384003,CDC-A_WeirsCove03R_Mar2015.avi,40293,13.431,1.257,1.692,1578.134,23.246,Poor vis ,F,Passing,
CCNI03_1503,Labridae,Notolabrus,tetricus,1,224.94,37384003,CDC-A_WeirsCove03R_Mar2015.avi,40611,13.537,0.679,0.542,982.19,18.236,Poor vis ,F,Attracted,
CCNI03_1503,Scorpididae,Scorpis,aequipinnis,1,338.467,37361004,CDC-A_WeirsCove03R_Mar2015.avi,45258,15.086,1.298,0.862,1813.599,6.545,Poor vis ,AD,Passing,
CCNI03_1503,Odacidae,Olisthops,cyanomelas,1,289.03,37385001,CDC-A_WeirsCove03R_Mar2015.avi,71137,23.7123,1.781,1.032,2326.19,9.309,Poor vis ,M,Passing,
CCNI03_1503,Serranidae,Caesioperca,rasor,1,197.912,37311003,CDC-A_WeirsCove03R_Mar2015.avi,72828,24.276,2.124,0.95,1481.652,5.715,Poor vis ,AD,Passing,
CCNI03_1503,Serranidae,Caesioperca,rasor,1,164.019,37311003,CDC-A_WeirsCove03R_Mar2015.avi,72828,24.276,1.844,1.023,1384.154,5.157,Poor vis ,AD,Passing,
CCNI03_1503,Serranidae,Caesioperca,rasor,1,172.555,37311003,CDC-A_WeirsCove03R_Mar2015.avi,72828,24.276,1.662,0.948,1727.853,10.855,Poor vis ,AD,Passing,
CCNI03_1503,Serranidae,Caesioperca,rasor,1,149.046,37311003,CDC-A_WeirsCove03R_Mar2015.avi,72828,24.276,1.232,0.804,1916.243,10.355,Poor vis ,AD,Passing,
CCNI03_1503,Serranidae,Caesioperca,rasor,1,163.75,37311003,CDC-A_WeirsCove03R_Mar2015.avi,72828,24.276,2.706,3.921,2356.199,11.729,Poor vis ,AD,Passing,
CCNI03_1503,Serranidae,Caesioperca,rasor,1,165.533,37311003,CDC-A_WeirsCove03R_Mar2015.avi,72828,24.276,1.899,1.055,1639.203,13.628,Poor vis ,AD,Passing,
CCNI03_1503,Serranidae,Caesioperca,rasor,1,144.226,37311003,CDC-A_WeirsCove03R_Mar2015.avi,72828,24.276,2.366,5.096,1905.027,13.813,Poor vis ,AD,Passing,
CCNI03_1503,Serranidae,Caesioperca,rasor,1,197.554,37311003,CDC-A_WeirsCove03R_Mar2015.avi,72828,24.276,2.157,3.188,1815.733,2.201,Poor vis ,AD,Passing,
CCNI03_1503,Serranidae,Caesioperca,rasor,1,212.777,37311003,CDC-A_WeirsCove03R_Mar2015.avi,72842,24.2807,3.742,3.427,2322.881,5.268,Poor vis ,AD,Passing,
CCNI03_1503,Serranidae,Caesioperca,rasor,1,166.521,37311003,CDC-A_WeirsCove03R_Mar2015.avi,73194,24.398,3.457,0.718,1719.782,11.438,Poor vis ,AD,Passing,
CCNI03_1503,Serranidae,Caesioperca,rasor,1,161.156,37311003,CDC-A_WeirsCove03R_Mar2015.avi,73194,24.398,3.463,1.334,2157.917,1.308,Poor vis ,AD,Passing,
CCNI03_1503,Serranidae,Caesioperca,rasor,1,190.018,37311003,CDC-A_WeirsCove03R_Mar2015.avi,73194,24.398,1.7,1.026,2042.641,7.328,Poor vis ,AD,Passing,
CCNI03_1503,Labridae,Notolabrus,tetricus,1,385.031,37384003,CDC-A_WeirsCove03R_Mar2015.avi,79876,26.6253,3.044,1.536,1873.165,18.561,Poor vis ,M,Passing,
CCNI03_1503,Labridae,Achoerodus,gouldii,1,839.076,37384002,CDC-A_WeirsCove03R_Mar2015.avi,133669,44.5563,2.298,1.052,2576.531,12.221,Poor vis ,AD,Passing,
CCNI04_1503,Labridae,Pictilabrus,laticlavius,1,211.575,37384020,CDC-WeirsCove04R_Mar2015.avi,50204,16.7347,1.808,5.462,1624.61,8.438,Poor vis 2-3m,AD,Attracted,
CCNI04_1503,Odacidae,Heteroscarus,acroptilus,1,202.728,37385010,CDC-WeirsCove04R_Mar2015.avi,62844,20.948,2.832,7.166,1679.23,11.41,Poor vis 2-3m,AD,Passing,
CCNI04_1503,Parascylliidae,Parascyllium,variolatum,1,446.47,37013004,CDC-WeirsCove04R_Mar2015.avi,62907,20.969,3.07,12.94,1585.192,11.805,Poor vis 2-3m,AD,Attracted,
CCNI04_1503,Berycidae,Centroberyx,gerrardi,1,405.815,37258004,CDC-WeirsCove04R_Mar2015.avi,76194,25.398,0.543,5.357,883.866,2.556,Poor vis 2-3m,AD,Attracted,
CCNI04_1503,Labridae,Notolabrus,tetricus,1,232.533,37384003,CDC-WeirsCove04R_Mar2015.avi,85634,28.5447,1.024,9.281,1599.106,6.89,Poor vis 2-3m,F,Attracted,
CCNI04_1503,Labridae,Notolabrus,tetricus,1,395.386,37384003,CDC-WeirsCove04R_Mar2015.avi,87626,29.2087,0.943,3.89,1643.166,7.6,Poor vis 2-3m,M,Feeding,
CCNI04_1503,Myliobatidae,Myliobatis,tenuicaudatus,1,661.884,37039001,CDC-WeirsCove04R_Mar2015.avi,97562,32.5207,1.354,4.12,1761.857,11.757,Poor vis 2-3m,AD,Attracted,
CCNI04_1503,Dinolestidae,Dinolestes,lewini,1,397.201,37327002,CDC-WeirsCove04R_Mar2015.avi,188260,62.7533,1.107,8.146,1815.589,12.522,Poor vis 2-3m,AD,Passing,
CCNI04_1503,Dinolestidae,Dinolestes,lewini,1,324.281,37327002,CDC-WeirsCove04R_Mar2015.avi,188275,62.7583,3.465,4.461,1658.738,16.895,Poor vis 2-3m,AD,Passing,
CCNI04_1503,Serranidae,Caesioperca,rasor,1,183.773,37311003,CDC-WeirsCove04R_Mar2015.avi,199095,66.365,1.057,3.157,1273.277,8.088,Poor vis 2-3m,AD,Attracted,
CCNI04_1503,Serranidae,Caesioperca,rasor,1,180.119,37311003,CDC-WeirsCove04R_Mar2015.avi,199095,66.365,4.197,3.095,2156.806,9.169,Poor vis 2-3m,AD,Passing,
CCNI04_1503,Serranidae,Caesioperca,rasor,1,190.873,37311003,CDC-WeirsCove04R_Mar2015.avi,199095,66.365,2.402,3.895,2161.585,13.403,Poor vis 2-3m,AD,Attracted,
CCNI04_1503,Serranidae,Caesioperca,rasor,1,164.574,37311003,CDC-WeirsCove04R_Mar2015.avi,199107,66.369,1.37,5.43,1373.416,12.434,Poor vis 2-3m,AD,Attracted,
CCNI04_1503,Serranidae,Caesioperca,rasor,1,193.465,37311003,CDC-WeirsCove04R_Mar2015.avi,199138,66.3793,3.349,5.534,2160.953,13.046,Poor vis 2-3m,AD,Attracted,
CCNI04_1503,Serranidae,Caesioperca,rasor,1,199.654,37311003,CDC-WeirsCove04R_Mar2015.avi,199138,66.3793,4.609,1.955,2051.28,10.959,Poor vis 2-3m,AD,Attracted,
CCNI04_1503,Serranidae,Caesioperca,rasor,1,176.393,37311003,CDC-WeirsCove04R_Mar2015.avi,199138,66.3793,3.805,5.688,2013.858,8.447,Poor vis 2-3m,AD,Attracted,
CCNI04_1503,Serranidae,Caesioperca,rasor,1,164.396,37311003,CDC-WeirsCove04R_Mar2015.avi,199138,66.3793,2.876,4.243,2591.512,14.613,Poor vis 2-3m,AD,Passing,
CCNI04_1503,Serranidae,Caesioperca,rasor,1,174.395,37311003,CDC-WeirsCove04R_Mar2015.avi,199138,66.3793,6.855,1.812,2742.644,17.707,Poor vis 2-3m,AD,Passing,
CCEI01_1503,Labridae,Pictilabrus,laticlavius,1,189.346,37384020,CDC-B1R_1503.avi,77051,25.6837,0.848,1.924,1197.93,3.274,View obstructed by reef,AD,Feeding,
CCEI01_1503,Labridae,Pictilabrus,laticlavius,1,174.119,37384020,CDC-B1R_1503.avi,77242,25.7473,1.285,5.679,2014.208,13.997,View obstructed by reef,AD,Passing,
CCEI01_1503,Serranidae,Caesioperca,rasor,1,154.782,37311003,CDC-B1R_1503.avi,125798,41.9327,0.525,0.264,912.575,7.842,View obstructed by reef,AD,Attracted,
CCEI01_1503,Serranidae,Caesioperca,rasor,1,139.268,37311003,CDC-B1R_1503.avi,127019,42.3397,0.716,0.969,1310.387,11.763,View obstructed by reef,AD,Attracted,
CCEI01_1503,Serranidae,Caesioperca,rasor,1,142.466,37311003,CDC-B1R_1503.avi,127524,42.508,1.027,1.325,1441.141,19.899,View obstructed by reef,AD,Passing,
CCEI01_1503,Monacanthidae,Meuschenia,hippocrepis,1,418.081,37465004,CDC-B1R_1503.avi,131068,43.6893,1.73,0.201,1447.332,17.258,View obstructed by reef,AD,Feeding,
CCEI01_1503,Monacanthidae,Meuschenia,freycineti,1,350.506,37465036,CDC-B1R_1503.avi,180367,60.1223,0.784,3.821,1002.979,10.377,View obstructed by reef,F,Attracted,
CCEI01_1503,Labridae,Notolabrus,tetricus,1,358.884,37384003,CDC-B1R_1503.avi,181161,60.387,0.969,10.317,1248.508,13.926,View obstructed by reef,M,Attracted,
CCEI01_1503,Labridae,Notolabrus,tetricus,1,283.487,37384003,CDC-B1R_1503.avi,203853,67.951,1.671,0.971,1696.372,13.045,View obstructed by reef,F,Attracted,
CCEI02_1503,Labridae,Notolabrus,tetricus,1,279.21,37384003,CDC-B2R_1503.avi,84874,28.2913,0.921,2.179,1262.16,14.725,,M,Attracted,juv male
CCEI02_1503,Labridae,Notolabrus,tetricus,1,255.995,37384003,CDC-B2R_1503.avi,84892,28.2973,3.014,2.296,1952.166,11.665,,F,Passing,
CCEI02_1503,Serranidae,Caesioperca,rasor,1,167.958,37311003,CDC-B2R_1503.avi,126891,42.297,1.046,0.849,1062.825,10.755,,AD,Attracted,
CCEI02_1503,Serranidae,Caesioperca,rasor,1,155.714,37311003,CDC-B2R_1503.avi,126891,42.297,0.75,2.129,1209.324,13.118,,AD,Passing,
CCEI02_1503,Serranidae,Caesioperca,rasor,1,169.262,37311003,CDC-B2R_1503.avi,126891,42.297,0.904,0.902,1251.421,4.024,,AD,Attracted,
CCEI02_1503,Serranidae,Caesioperca,rasor,1,178.377,37311003,CDC-B2R_1503.avi,126897,42.299,0.966,3.617,1457.725,10.624,,AD,Passing,
CCEI02_1503,Serranidae,Caesioperca,rasor,1,157.762,37311003,CDC-B2R_1503.avi,126902,42.3007,1.728,1.251,1430.28,10.47,,AD,Passing,
CCEI02_1503,Serranidae,Caesioperca,rasor,1,165.01,37311003,CDC-B2R_1503.avi,126942,42.314,0.681,5.966,1136.898,15.411,,AD,Passing,
CCEI02_1503,Serranidae,Caesioperca,rasor,1,153.296,37311003,CDC-B2R_1503.avi,126958,42.3193,0.664,7.304,1060.301,14.975,,AD,Attracted,
CCEI02_1503,Serranidae,Caesioperca,rasor,1,167.162,37311003,CDC-B2R_1503.avi,126988,42.3293,0.755,0.353,969.683,12.108,,AD,Passing,
CCEI02_1503,Labridae,Notolabrus,tetricus,1,355.829,37384003,CDC-B2R_1503.avi,140821,46.9403,1.297,0.882,1415.161,11.785,,M,Attracted,
CCEI02_1503,Carangidae,Pseudocaranx,sp,1,353.295,37337924,CDC-B2R_1503.avi,144541,48.1803,1.12,8.652,1093.563,9.046,,AD,Attracted,
CCEI03_1503,Monacanthidae,Meuschenia,flavolineata,1,227.314,37465035,CDC-B3L_1503.avi,47076,15.692,1.443,1.924,1595.565,16.753,limited view due to close reef; left cam used,AD,Attracted,
CCEI03_1503,Odacidae,Olisthops,cyanomelas,1,322.625,37385001,CDC-B3L_1503.avi,55014,18.338,3.627,1.348,2568.25,20.82,limited view due to close reef; left cam used,M,Passing,
CCEI03_1503,Moridae,Lotella,rhacina,1,259.587,37224005,CDC-B3L_1503.avi,65138,21.7127,0.715,0.854,1037.105,7.903,limited view due to close reef; left cam used,AD,Passing,
CCEI03_1503,Labridae,Pictilabrus,laticlavius,1,204.024,37384020,CDC-B3L_1503.avi,66202,22.0673,0.619,4.235,978.097,10.75,limited view due to close reef; left cam used,AD,Attracted,
CCEI03_1503,Labridae,Notolabrus,tetricus,1,258.17,37384003,CDC-B3L_1503.avi,95691,31.897,0.995,0.238,1662.722,10.604,limited view due to close reef; left cam used,F,Attracted,
CCEI03_1503,Labridae,Notolabrus,tetricus,1,294.951,37384003,CDC-B3L_1503.avi,95718,31.906,1.081,1.281,1273.031,11.944,limited view due to close reef; left cam used,F,Attracted,
CCEI03_1503,Monacanthidae,Meuschenia,hippocrepis,1,379.026,37465004,CDC-B3L_1503.avi,137501,45.8337,1.365,0.197,1408.458,13.55,limited view due to close reef; left cam used,AD,Feeding,
CCEI03_1503,Labridae,Notolabrus,tetricus,1,334.001,37384003,CDC-B3L_1503.avi,139644,46.548,1.234,0.548,1749.334,11.795,limited view due to close reef; left cam used,M,Attracted,
CCEI03_1503,Serranidae,Caesioperca,rasor,1,163.018,37311003,CDC-B3L_1503.avi,147428,49.1427,0.674,2.037,1057.813,11.72,limited view due to close reef; left cam used,AD,Attracted,
CCEI03_1503,Serranidae,Caesioperca,rasor,1,168.146,37311003,CDC-B3L_1503.avi,147428,49.1427,0.766,3.936,1188.151,16.709,limited view due to close reef; left cam used,AD,Attracted,
CCCI01_1503,Carangidae,Seriola,lalandi,1,909.821,37337006,CDCC-01R-1503.avi,10306,3.4353,4.253,33.314,3597.656,5.855,,AD,Passing,
CCCI01_1503,Cheilodactylidae,Nemadactylus,valenciennesi,1,708.681,37377004,CDCC-01R-1503.avi,99178,33.0593,3.235,25.15,2881.736,13.056,,AD,Passing,
CCCI01_1503,Scorpididae,Scorpis,aequipinnis,1,313.996,37361004,CDCC-01R-1503.avi,135925,45.3083,1.329,15.367,1279.361,13.126,,AD,Attracted,
CCCI01_1503,Berycidae,Centroberyx,gerrardi,1,268.324,37258004,CDCC-01R-1503.avi,158619,52.873,5.52,19.504,2596.616,4.404,,AD,Chase conspecific,
CCCI01_1503,Berycidae,Centroberyx,gerrardi,1,320.264,37258004,CDCC-01R-1503.avi,158619,52.873,6.707,24.798,2807.988,8.632,,AD,Passing,
CCCI01_1503,Berycidae,Centroberyx,lineatus,1,251.247,37258005,CDCC-01R-1503.avi,163378,54.4593,3.609,22.981,3168.851,6.262,,AD,Passing,
CCCI01_1503,Berycidae,Centroberyx,lineatus,1,243.263,37258005,CDCC-01R-1503.avi,163379,54.4597,5.254,27.614,3267.52,7.942,,AD,Passing,
CCCI01_1503,Berycidae,Centroberyx,lineatus,1,180.587,37258005,CDCC-01R-1503.avi,163379,54.4597,7.592,24.679,3013.142,8.201,,AD,Passing,
CCCI01_1503,Berycidae,Centroberyx,lineatus,1,197.152,37258005,CDCC-01R-1503.avi,163379,54.4597,2.856,29.806,3553.65,12.182,,AD,Passing,
CCCI01_1503,Berycidae,Centroberyx,lineatus,1,257.552,37258005,CDCC-01R-1503.avi,163379,54.4597,4.054,24.367,3174.269,6.276,,AD,Passing,
CCCI01_1503,Berycidae,Centroberyx,lineatus,1,176.257,37258005,CDCC-01R-1503.avi,163408,54.4693,4.03,28.852,2974.182,20.138,,AD,Passing,
CCCI01_1503,Berycidae,Centroberyx,lineatus,1,215.802,37258005,CDCC-01R-1503.avi,163416,54.472,5.323,28.756,3782.557,15.926,,AD,Passing,
CCCI01_1503,Berycidae,Centroberyx,lineatus,1,213.39,37258005,CDCC-01R-1503.avi,163427,54.4757,2.888,25.958,3193.994,11.481,,AD,Passing,
CCCI01_1503,Serranidae,Caesioperca,rasor,1,152.946,37311003,CDCC-01R-1503.avi,166662,55.554,0.756,9.64,1193.929,10.056,,AD,Attracted,
CCCI01_1503,Serranidae,Caesioperca,rasor,1,169.421,37311003,CDCC-01R-1503.avi,166662,55.554,1.193,9.808,1318.044,7.863,,AD,Attracted,
CCCI01_1503,Serranidae,Caesioperca,rasor,1,156.665,37311003,CDCC-01R-1503.avi,166662,55.554,3.643,14.55,2018.858,21.365,,AD,Attracted,
CCCI01_1503,Serranidae,Caesioperca,rasor,1,144.532,37311003,CDCC-01R-1503.avi,166662,55.554,0.64,14.15,1181.24,14.277,,AD,Attracted,
CCCI01_1503,Serranidae,Caesioperca,rasor,1,146.112,37311003,CDCC-01R-1503.avi,166662,55.554,2.232,14.214,1524.322,10.313,,AD,Passing,
CCCI01_1503,Serranidae,Caesioperca,rasor,1,162.973,37311003,CDCC-01R-1503.avi,166662,55.554,2.005,9.675,1533.83,13.885,,AD,Attracted,
CCCI01_1503,Serranidae,Caesioperca,rasor,1,168.943,37311003,CDCC-01R-1503.avi,166664,55.5547,2.222,13.789,1649.884,9.279,,AD,Attracted,
CCCI01_1503,Serranidae,Caesioperca,rasor,1,160.989,37311003,CDCC-01R-1503.avi,166686,55.562,1.652,9.96,1538.31,14.646,,AD,Attracted,
CCCI01_1503,Serranidae,Caesioperca,rasor,1,174.469,37311003,CDCC-01R-1503.avi,166809,55.603,1.165,9.168,1406.076,13.624,,AD,Attracted,
CCCI01_1503,Serranidae,Caesioperca,rasor,1,164.052,37311003,CDCC-01R-1503.avi,166831,55.6103,1.389,12.317,1375.934,6.447,,AD,Attracted,
CCCI01_1503,Serranidae,Caesioperca,rasor,1,177.839,37311003,CDCC-01R-1503.avi,166831,55.6103,1.383,16.762,1373.602,19.163,,AD,Passing,
CCCI01_1503,Dinolestidae,Dinolestes,lewini,1,315.449,37327002,CDCC-01R-1503.avi,177260,59.0867,2.159,15.765,1878.554,9.276,,AD,Passing,
CCCI01_1503,Labridae,Notolabrus,tetricus,1,242.154,37384003,CDCC-01R-1503.avi,181567,60.5223,1.628,16.339,1326.314,7.659,,F,Attracted,
CCCI04_1503,Berycidae,Centroberyx,lineatus,1,299.274,37258005,CDCC-04R-1503.avi,36546,12.182,1.579,4.354,1729.516,7.383,,AD,Passing,
CCCI04_1503,Dinolestidae,Dinolestes,lewini,1,380.963,37327002,CDCC-04R-1503.avi,37949,12.6497,6.032,7.129,2442.998,11.256,,AD,Passing,
CCCI04_1503,Dinolestidae,Dinolestes,lewini,1,306.242,37327002,CDCC-04R-1503.avi,37976,12.6587,7.144,0.054,2598.77,14.779,,AD,Passing,
CCCI04_1503,Monacanthidae,Meuschenia,flavolineata,1,265.034,37465035,CDCC-04R-1503.avi,38273,12.7577,1.829,3.68,1911.961,14.002,,AD,Passing,
CCCI04_1503,Labridae,Notolabrus,tetricus,1,369.321,37384003,CDCC-04R-1503.avi,42494,14.1647,2.547,1.639,1720.945,11.08,,M,Attracted,
CCCI04_1503,Labridae,Notolabrus,tetricus,1,261.152,37384003,CDCC-04R-1503.avi,42951,14.317,1.081,0.928,1268.52,10.484,,F,Attracted,
CCCI04_1503,Berycidae,Centroberyx,gerrardi,1,296.729,37258004,CDCC-04R-1503.avi,61560,20.52,1.344,1.938,1648.42,13.843,,AD,Attracted,
CCCI04_1503,Berycidae,Centroberyx,gerrardi,1,281.958,37258004,CDCC-04R-1503.avi,61578,20.526,1.574,2.424,1987.312,10.276,,AD,Attracted,
CCCI04_1503,Berycidae,Centroberyx,gerrardi,1,372.911,37258004,CDCC-04R-1503.avi,61578,20.526,1.574,4.132,2235.361,3.954,,AD,Attracted,
CCCI04_1503,Berycidae,Centroberyx,gerrardi,1,276.13,37258004,CDCC-04R-1503.avi,61601,20.5337,0.831,1.476,1137.961,14.474,,AD,Attracted,
CCCI04_1503,Berycidae,Centroberyx,gerrardi,1,377.601,37258004,CDCC-04R-1503.avi,61601,20.5337,2.528,1.949,2161.612,4.977,,AD,Attracted,
CCCI04_1503,Berycidae,Centroberyx,gerrardi,1,260.396,37258004,CDCC-04R-1503.avi,62339,20.7797,3.463,5.633,2702.702,20.651,,AD,Attracted,
CCCI04_1503,Scorpididae,Scorpis,aequipinnis,1,327.301,37361004,CDCC-04R-1503.avi,62590,20.8633,3.144,4.242,1531.695,12.532,,AD,Attracted,
CCCI04_1503,Scorpididae,Scorpis,aequipinnis,1,315.009,37361004,CDCC-04R-1503.avi,63026,21.0087,1.78,2.488,2291.774,8.547,,AD,Attracted,
CCCI04_1503,Cheilodactylidae,Cheilodactylus,nigripes,1,353.035,37377001,CDCC-04R-1503.avi,64079,21.3597,1.933,1.151,1991.016,5.327,,AD,Passing,
CCCI04_1503,Cheilodactylidae,Cheilodactylus,nigripes,1,328.951,37377001,CDCC-04R-1503.avi,64093,21.3643,2.031,3.755,1924.774,13.604,,AD,Attracted,
CCCI04_1503,Kyphosidae,Girella,zebra,1,343.291,37361008,CDCC-04R-1503.avi,73944,24.648,4.117,14.254,1843.595,27.476,,AD,Passing,
CCCI04_1503,Cheilodactylidae,Nemadactylus,valenciennesi,1,476.3,37377004,CDCC-04R-1503.avi,167102,,6.655,0.357,2491.73,10.244,,AD,Passing,
CCCI04_1503,Cheilodactylidae,Nemadactylus,valenciennesi,1,532.292,37377004,CDCC-04R-1503.avi,167190,55.73,6.451,3.46,3233.23,16.535,,AD,Passing,
CCCI04_1503,Moridae,Pseudophycis,barbata,1,336.668,37224003,CDCC-04R-1503.avi,179803,59.9343,1.819,0.693,1353.805,11.167,,AD,Feeding,
CCCI04_1503,Labridae,Pseudolabrus,rubicundus,1,231.666,37384023,CDCC-04R-1503.avi,194193,64.731,1.585,3.836,1342.208,20.445,,AD,Attracted,
CCCI04_1503,Serranidae,Caesioperca,rasor,1,158.883,37311003,CDCC-04R-1503.avi,204783,68.261,1.635,1.954,1351.471,14.254,,AD,Attracted,
CCCI04_1503,Serranidae,Caesioperca,rasor,1,164.614,37311003,CDCC-04R-1503.avi,204783,68.261,2.876,4.317,2008.097,8.381,,AD,Attracted,
CCCI04_1503,Serranidae,Caesioperca,rasor,1,150.741,37311003,CDCC-04R-1503.avi,204783,68.261,0.773,0.684,1194.352,1.891,,AD,Attracted,
CCCI04_1503,Serranidae,Caesioperca,rasor,1,173.059,37311003,CDCC-04R-1503.avi,204783,68.261,3.899,3.862,1768.404,15.785,,AD,Attracted,
CCCI04_1503,Serranidae,Caesioperca,rasor,1,157.037,37311003,CDCC-04R-1503.avi,204783,68.261,3.2,4.108,2253.546,16.729,,AD,Attracted,
CCCI04_1503,Serranidae,Caesioperca,rasor,1,158.952,37311003,CDCC-04R-1503.avi,204783,68.261,3.156,1.358,1894.066,21.19,,AD,Attracted,
CCCI04_1503,Serranidae,Caesioperca,rasor,1,158.203,37311003,CDCC-04R-1503.avi,205141,68.3803,1.044,2.398,998.608,15.474,,AD,Attracted,
CCCI04_1503,Serranidae,Caesioperca,rasor,1,157.08,37311003,CDCC-04R-1503.avi,205141,68.3803,1.374,0.735,1588.668,19.729,,AD,Attracted,
CCCI04_1503,Serranidae,Caesioperca,rasor,1,191.965,37311003,CDCC-04R-1503.avi,205147,68.3823,1.31,0.418,1074.2,14.975,,AD,Attracted,
CCCI04_1503,Serranidae,Caesioperca,rasor,1,179.149,37311003,CDCC-04R-1503.avi,205147,68.3823,2.205,10.319,1670.052,24.623,,AD,Attracted,
CCCI04_1503,Serranidae,Caesioperca,rasor,1,157.581,37311003,CDCC-04R-1503.avi,205147,68.3823,1.885,2.33,1253.297,13.276,,AD,Attracted,
CCSI01_1503,Labridae,Notolabrus,tetricus,1,344.939,37384003,CDCD01R_1503.avi,31617,10.539,2.675,2.49,1587.282,15.216,,M,Passing,
CCSI01_1503,Labridae,Austrolabrus,maculatus,1,122.219,37384025,CDCD01R_1503.avi,41156,13.7187,1.963,0.293,1288.471,19.187,,AD,Passing,
CCSI01_1503,Monacanthidae,Meuschenia,freycineti,1,322.781,37465036,CDCD01R_1503.avi,60319,20.1063,1.614,0.748,1721.394,7.387,,F,Attracted,
CCSI01_1503,Labridae,Notolabrus,tetricus,1,228.799,37384003,CDCD01R_1503.avi,61506,20.502,3.511,1.762,1781.546,8.846,,F,Passing,
CCSI01_1503,Labridae,Notolabrus,tetricus,1,302.141,37384003,CDCD01R_1503.avi,61529,20.5097,1.186,0.823,1274.452,4.428,,F,Passing,
CCSI01_1503,Monacanthidae,Meuschenia,hippocrepis,1,429.746,37465004,CDCD01R_1503.avi,73525,24.5083,0.94,1.58,986.815,2.704,,M,Attracted,
CCSI01_1503,Monacanthidae,Meuschenia,hippocrepis,1,285.403,37465004,CDCD01R_1503.avi,74658,24.886,0.765,1.314,886.285,8.342,,AD,Feeding,
CCSI01_1503,Serranidae,Caesioperca,rasor,1,169.706,37311003,CDCD01R_1503.avi,99827,33.2757,0.877,5.79,1112.894,8.366,,AD,Attracted,
CCSI01_1503,Serranidae,Caesioperca,rasor,1,135.857,37311003,CDCD01R_1503.avi,99827,33.2757,0.731,6.311,1236.525,13.418,,AD,Attracted,
CCSI01_1503,Serranidae,Caesioperca,rasor,1,170.523,37311003,CDCD01R_1503.avi,99827,33.2757,1.217,6.113,1846.39,11.969,,AD,Attracted,
CCSI01_1503,Serranidae,Caesioperca,rasor,1,160.332,37311003,CDCD01R_1503.avi,99827,33.2757,2.87,7.847,2436.214,9.654,,AD,Passing,
CCSI01_1503,Serranidae,Caesioperca,rasor,1,170.749,37311003,CDCD01R_1503.avi,99851,33.2837,1.389,5.842,1872.82,8.971,,AD,Passing,
CCSI01_1503,Serranidae,Caesioperca,rasor,1,170.834,37311003,CDCD01R_1503.avi,99851,33.2837,2.418,2.605,1686.249,14.996,,AD,Passing,
CCSI01_1503,Serranidae,Caesioperca,rasor,1,194.455,37311003,CDCD01R_1503.avi,99879,33.293,4.001,4.967,2127.494,11.144,,AD,Attracted,
CCSI01_1503,Berycidae,Centroberyx,gerrardi,1,336.305,37258004,CDCD01R_1503.avi,102767,34.2557,0.741,3.626,1227.547,9.374,,AD,Feeding,
CCSI01_1503,Berycidae,Centroberyx,gerrardi,1,380.44,37258004,CDCD01R_1503.avi,104384,34.7947,4.63,3.247,2073.737,4.007,,AD,Attracted,
CCSI01_1503,Arripidae,Arripis,truttaceus,1,702.581,37344004,CDCD01R_1503.avi,117944,39.3147,30.632,1.08,5047.065,13.511,,AD,Passing,
CCSI01_1503,Carangidae,Pseudocaranx,sp,1,365.865,37337924,CDCD01R_1503.avi,169614,56.538,1.701,8.608,1570.691,10.09,,AD,Passing,
CCSI01_1503,Monacanthidae,Meuschenia,freycineti,1,287.753,37465036,CDCD01R_1503.avi,171313,57.1043,2.908,0.89,2025.341,5.788,,M,Attracted,
CCSI02_1503,Arripidae,Arripis,truttaceus,1,500.14,37344004,CDCD02R_1503.avi,36318,12.106,17.522,6.944,3807.21,13.436,,AD,Passing,
CCSI02_1503,Arripidae,Arripis,truttaceus,1,713.18,37344004,CDCD02R_1503.avi,36318,12.106,22.166,4.348,4335.097,10.266,,AD,Passing,
CCSI02_1503,Arripidae,Arripis,truttaceus,1,786.623,37344004,CDCD02R_1503.avi,36321,12.107,16.694,1.676,3889.688,12.584,,AD,Passing,
CCSI02_1503,Arripidae,Arripis,truttaceus,1,714.591,37344004,CDCD02R_1503.avi,36332,12.1107,19.187,1.505,3934.075,15.062,,AD,Passing,
CCSI02_1503,Arripidae,Arripis,truttaceus,1,723.226,37344004,CDCD02R_1503.avi,36351,12.117,26.467,4.949,5076.334,13.446,,AD,Passing,
CCSI02_1503,Arripidae,Arripis,truttaceus,1,875.77,37344004,CDCD02R_1503.avi,36373,12.1243,22.477,9.187,4506.589,12.395,,AD,Passing,
CCSI02_1503,Arripidae,Arripis,truttaceus,1,454.167,37344004,CDCD02R_1503.avi,36390,12.13,12.679,4.785,4280.966,9.57,,AD,Passing,
CCSI02_1503,Monacanthidae,Meuschenia,hippocrepis,1,416.532,37465004,CDCD02R_1503.avi,37831,12.6103,5.178,2.129,1957.487,3.149,,AD,Attracted,
CCSI02_1503,Cheilodactylidae,Cheilodactylus,nigripes,1,371.436,37377001,CDCD02R_1503.avi,41012,13.6707,1.678,0.509,1975.451,6.837,,AD,Passing,
CCSI02_1503,Monacanthidae,Meuschenia,flavolineata,1,274.892,37465035,CDCD02R_1503.avi,43289,14.4297,5.272,13.833,2727.757,9.496,,AD,Passing,
CCSI02_1503,Palinuridae,Jasus,edwardsii,1,307.935,28820001,CDCD02R_1503.avi,44145,14.715,0.871,0.687,1293.891,12.239,,AD,Passing,carapace length
CCSI02_1503,Labridae,Pseudolabrus,rubicundus,1,231.643,37384023,CDCD02R_1503.avi,58719,19.573,1.115,1.316,2076.828,6.512,,AD,Passing,
CCSI02_1503,Labridae,Notolabrus,tetricus,1,206.106,37384003,CDCD02R_1503.avi,66916,22.3053,1.184,6.895,1381.305,20.161,,F,Passing,
CCSI02_1503,Odacidae,Heteroscarus,acroptilus,1,220.51,37385010,CDCD02R_1503.avi,68703,22.901,2.681,3.022,2239.359,6.617,,M,Passing,
CCSI02_1503,Pempherididae,Pempheris,sp,1,131.44,37357903,CDCD02R_1503.avi,79767,26.589,1.139,1.762,1428.639,12.616,,AD,Passing,
CCSI02_1503,Monacanthidae,Meuschenia,venusta,1,211.509,37465060,CDCD02R_1503.avi,84105,28.035,5.519,1.162,2090.05,6.691,,F,Passing,
CCSI02_1503,Labridae,Notolabrus,tetricus,1,322.697,37384003,CDCD02R_1503.avi,101261,33.7537,2.302,2.285,1527.287,7.258,,M,Feeding,
CCSI02_1503,Berycidae,Centroberyx,gerrardi,1,270.526,37258004,CDCD02R_1503.avi,106046,35.3487,2.575,1.759,1509.937,7.107,,AD,Passing,
CCSI02_1503,Berycidae,Centroberyx,gerrardi,1,424.564,37258004,CDCD02R_1503.avi,106434,35.478,2.792,1.129,1760.633,15.538,,AD,Passing,
CCSI02_1503,Berycidae,Centroberyx,gerrardi,1,260.776,37258004,CDCD02R_1503.avi,106467,35.489,1.228,1.879,1579.616,4.157,,AD,Attracted,
CCSI02_1503,Carangidae,Pseudocaranx,sp,1,322.028,37337924,CDCD02R_1503.avi,108503,36.1677,1.174,5.465,1576.819,16.869,,AD,Attracted,
CCSI02_1503,Serranidae,Caesioperca,rasor,1,188.732,37311003,CDCD02R_1503.avi,124908,41.636,1.131,0.656,1673.356,8.683,,AD,Attracted,
CCSI02_1503,Serranidae,Caesioperca,rasor,1,142.567,37311003,CDCD02R_1503.avi,124908,41.636,1.558,1.259,1461.431,7.789,,AD,Attracted,
CCSI02_1503,Serranidae,Caesioperca,rasor,1,214.663,37311003,CDCD02R_1503.avi,124946,41.6487,2.177,1.557,1989.173,15.547,,AD,Attracted,
CCSI02_1503,Serranidae,Caesioperca,rasor,1,181.765,37311003,CDCD02R_1503.avi,124965,41.655,2.405,0.267,1660.462,4.017,,AD,Attracted,
CCSI02_1503,Serranidae,Caesioperca,rasor,1,185.444,37311003,CDCD02R_1503.avi,125017,41.6723,0.843,2.873,1061.072,13.709,,AD,Attracted,
CCSI02_1503,Serranidae,Caesioperca,rasor,1,160.382,37311003,CDCD02R_1503.avi,125017,41.6723,0.542,1.222,680.861,9.217,,AD,Attracted,
CCSI02_1503,Dinolestidae,Dinolestes,lewini,1,332.176,37327002,CDCD02R_1503.avi,162861,54.287,1.015,1.889,1326.895,8.876,,AD,Attracted,
CCSI02_1503,Monacanthidae,Meuschenia,galii,1,277.315,37465040,CDCD02R_1503.avi,210654,70.218,0.791,5.803,1035.599,15.429,,AD,Passing,
CCSI03_1503,Labridae,Notolabrus,tetricus,1,295.264,37384003,CDCD03R_1503.avi,25746,8.582,7.489,6.592,3046.896,6.693,,F,Passing,
CCSI03_1503,Odacidae,Olisthops,cyanomelas,1,279.032,37385001,CDCD03R_1503.avi,53683,17.8943,10.767,6.49,3833.447,2.206,,M,Passing,
CCSI03_1503,Cheilodactylidae,Nemadactylus,valenciennesi,1,460.285,37377004,CDCD03R_1503.avi,57927,19.309,2.571,4.017,2082.581,9.742,,AD,Passing,
CCSI03_1503,Serranidae,Caesioperca,rasor,1,137.838,37311003,CDCD03R_1503.avi,71661,23.887,2.231,3.716,1430.04,10.687,,AD,Attracted,
CCSI03_1503,Serranidae,Caesioperca,rasor,1,140.516,37311003,CDCD03R_1503.avi,71667,23.889,0.675,1.478,949.917,4.853,,AD,Attracted,
CCSI03_1503,Serranidae,Caesioperca,rasor,1,147.746,37311003,CDCD03R_1503.avi,71667,23.889,1.758,1.196,1693.318,10.114,,AD,Attracted,
CCSI03_1503,Serranidae,Caesioperca,rasor,1,146.111,37311003,CDCD03R_1503.avi,71667,23.889,1.065,5.065,1559.032,10.676,,AD,Attracted,
CCSI03_1503,Serranidae,Caesioperca,rasor,1,161.82,37311003,CDCD03R_1503.avi,71667,23.889,3.159,3.514,1641.11,12.718,,AD,Attracted,
CCSI03_1503,Serranidae,Caesioperca,rasor,1,169.215,37311003,CDCD03R_1503.avi,71667,23.889,6.629,4.072,2419.108,6.47,,AD,Attracted,
CCSI03_1503,Serranidae,Caesioperca,rasor,1,145.994,37311003,CDCD03R_1503.avi,71667,23.889,1.982,0.995,1264.591,13.328,,AD,Attracted,
CCSI03_1503,Serranidae,Caesioperca,rasor,1,162.529,37311003,CDCD03R_1503.avi,71684,23.8947,0.481,4.133,877.852,8.862,,AD,Attracted,
CCSI03_1503,Serranidae,Caesioperca,rasor,1,152.697,37311003,CDCD03R_1503.avi,71684,23.8947,2.059,1.647,1871.827,14.163,,AD,Attracted,
CCSI03_1503,Dinolestidae,Dinolestes,lewini,1,350.288,37327002,CDCD03R_1503.avi,98283,32.761,1.158,4.965,1613.032,12.607,,AD,Passing,
CCSI03_1503,Dinolestidae,Dinolestes,lewini,1,333.681,37327002,CDCD03R_1503.avi,98351,32.7837,1.06,6.161,1898.956,8.565,,AD,Passing,
CCSI03_1503,Cheilodactylidae,Cheilodactylus,nigripes,1,352.191,37377001,CDCD03R_1503.avi,105681,35.227,1.323,7.884,2242.526,6.835,,AD,Passing,
CCSI03_1503,Arripidae,Arripis,truttaceus,1,420.324,37344004,CDCD03R_1503.avi,108566,36.1887,9.931,8.633,3512.081,13.046,,AD,Passing,
CCSI03_1503,Arripidae,Arripis,truttaceus,1,469.776,37344004,CDCD03R_1503.avi,108566,36.1887,6.244,2.358,2876.785,16.245,,AD,Passing,
CCSI03_1503,Arripidae,Arripis,truttaceus,1,451.728,37344004,CDCD03R_1503.avi,108566,36.1887,4.401,10.615,2490.988,18.178,,AD,Passing,
CCSI03_1503,Arripidae,Arripis,truttaceus,1,422.555,37344004,CDCD03R_1503.avi,108566,36.1887,6.616,7.034,2880.649,12.693,,AD,Passing,
CCSI03_1503,Arripidae,Arripis,truttaceus,1,440.951,37344004,CDCD03R_1503.avi,108566,36.1887,8.823,7.016,3098.267,9.686,,AD,Passing,
CCSI03_1503,Arripidae,Arripis,truttaceus,1,452.594,37344004,CDCD03R_1503.avi,108639,36.213,7.965,9.772,3421.843,18.441,,AD,Passing,
CCSI03_1503,Arripidae,Arripis,truttaceus,1,417.629,37344004,CDCD03R_1503.avi,108639,36.213,5.86,2.374,3309.73,19.429,,AD,Passing,
CCSI03_1503,Arripidae,Arripis,truttaceus,1,434.057,37344004,CDCD03R_1503.avi,108639,36.213,9.016,7.778,3783.783,12.384,,AD,Passing,
CCSI03_1503,Arripidae,Arripis,truttaceus,1,414.677,37344004,CDCD03R_1503.avi,108639,36.213,6.705,8.171,3440.407,11.431,,AD,Passing,
CCSI03_1503,Arripidae,Arripis,truttaceus,1,462.001,37344004,CDCD03R_1503.avi,108639,36.213,11.094,9.318,3680.975,11.707,,AD,Passing,
CCSI03_1503,Monacanthidae,Meuschenia,freycineti,1,420.894,37465036,CDCD03R_1503.avi,118834,39.6113,8.577,5.535,2634.889,8.516,,M,Passing,
CCSI03_1503,Berycidae,Centroberyx,gerrardi,1,254.621,37258004,CDCD03R_1503.avi,123670,41.2233,2.143,3.139,1691.493,8.316,,AD,Attracted,
CCSI03_1503,Berycidae,Centroberyx,gerrardi,1,299.025,37258004,CDCD03R_1503.avi,123781,41.2603,1.557,3.419,2180.244,7.719,,AD,Attracted,
CCSI03_1503,Labridae,Notolabrus,tetricus,1,349.291,37384003,CDCD03R_1503.avi,183181,61.0603,5.734,5.824,2529.45,6.267,,M,Passing,
CCSI04_1503,Monacanthidae,Meuschenia,hippocrepis,1,347.437,37465004,CDCD04R_1503.avi,13894,7.7189,2.314,1.385,1952.168,17.215,,AD,Passing,
CCSI04_1503,Labridae,Pictilabrus,laticlavius,1,186.001,37384020,CDCD04R_1503.avi,16277,9.0428,2.247,2.128,1689.272,21.661,,AD,Passing,
CCSI04_1503,Labridae,Notolabrus,tetricus,1,238.275,37384003,CDCD04R_1503.avi,23138,12.8544,2.378,0.823,1691.123,14.414,,F,Passing,
CCSI04_1503,Odacidae,Olisthops,cyanomelas,1,306.968,37385001,CDCD04R_1503.avi,39508,21.9489,3.399,0.657,1959.953,10.968,,M,Passing,
CCSI04_1503,Monacanthidae,Meuschenia,flavolineata,1,241.616,37465035,CDCD04R_1503.avi,40491,22.495,2.443,0.378,1423.989,19.204,,AD,Passing,
CCSI04_1503,Monacanthidae,Meuschenia,flavolineata,1,246.023,37465035,CDCD04R_1503.avi,40550,22.5278,1.847,1.409,1834.97,14.869,,AD,Passing,
CCSI04_1503,Labridae,Notolabrus,tetricus,1,284.539,37384003,CDCD04R_1503.avi,60563,33.6461,0.821,0.819,1015.234,15.248,,M,Attracted,
CCSI04_1503,Labridae,Notolabrus,tetricus,1,305.154,37384003,CDCD04R_1503.avi,60585,33.6583,1.461,0.984,1194.378,18.958,,M,Chase conspecific,
CCSI04_1503,Serranidae,Caesioperca,rasor,1,172.373,37311003,CDCD04R_1503.avi,83430,46.35,0.846,1.071,939.051,3.432,,AD,Attracted,
CCSI04_1503,Serranidae,Caesioperca,rasor,1,161.39,37311003,CDCD04R_1503.avi,83463,46.3683,1.178,0.127,909.844,8.993,,AD,Attracted,
CCSI04_1503,Serranidae,Caesioperca,rasor,1,108.311,37311003,CDCD04R_1503.avi,83617,46.4538,0.455,1.651,655.53,6.261,,AD,Attracted,
CCSI04_1503,Berycidae,Centroberyx,gerrardi,1,283.426,37258004,CDCD04R_1503.avi,177919,98.8438,0.979,1.041,1280.855,15.935,,AD,Attracted,
ISDI01_1503,Monacanthidae,Acanthaluteres,vittiger,1,207.146,37465002,Dog01R_Mar2015.avi,34888,11.6293,0.989,3.042,1280.537,2.508,,F,Attracted,
ISDI01_1503,Monacanthidae,Acanthaluteres,vittiger,1,180.838,37465002,Dog01R_Mar2015.avi,36061,12.0203,2.297,1.637,1505.763,7.695,,F,Feeding,
ISDI01_1503,Monacanthidae,Meuschenia,galii,1,228.689,37465040,Dog01R_Mar2015.avi,37298,12.4327,1.095,1.177,1194.328,12.189,,AD,Attracted,
ISDI01_1503,Urolophidae,Urolophus,sp,1,348.438,37038903,Dog01R_Mar2015.avi,40583,13.5277,7.227,1.451,2522.912,17.504,,J,Passing,
ISDI01_1503,Labridae,Notolabrus,parilus,1,297.255,37384022,Dog01R_Mar2015.avi,56537,18.8457,0.921,1.223,1115.498,5.852,,M,Attracted,
ISDI01_1503,Labridae,Notolabrus,parilus,1,178.822,37384022,Dog01R_Mar2015.avi,56626,18.8753,0.712,1.01,1284.118,5.942,,F,Attracted,
ISDI01_1503,Dinolestidae,Dinolestes,lewini,1,225.163,37327002,Dog01R_Mar2015.avi,59289,19.763,5.688,1.229,2646.876,17.186,,AD,Passing,
ISDI01_1503,Gerreidae,Parequula,melbournensis,1,130.734,37349001,Dog01R_Mar2015.avi,59363,19.7877,2.645,8.098,1481.167,19.202,,AD,Passing,
ISDI01_1503,Monacanthidae,Meuschenia,hippocrepis,1,347.051,37465004,Dog01R_Mar2015.avi,77031,25.677,3.394,1.773,2158.067,10.367,,AD,Attracted,
ISDI01_1503,Scorpididae,Neatypus,obliquus,1,90.423,37361002,Dog01R_Mar2015.avi,79192,26.3973,0.392,2.114,690.458,5.448,,AD,Attracted,
ISDI01_1503,Monacanthidae,Meuschenia,hippocrepis,1,326.538,37465004,Dog01R_Mar2015.avi,79591,26.5303,4.004,1.084,2263.698,8.246,,AD,Attracted,
ISDI01_1503,Monacanthidae,Meuschenia,freycineti,1,367.03,37465036,Dog01R_Mar2015.avi,81270,27.09,2.818,3.747,1805.782,13.422,,M,Attracted,
ISDI01_1503,Monacanthidae,Meuschenia,freycineti,1,256.015,37465036,Dog01R_Mar2015.avi,81270,27.09,2.284,4.371,1520.663,18.994,,F,Attracted,
ISDI01_1503,Monacanthidae,Meuschenia,freycineti,1,309.217,37465036,Dog01R_Mar2015.avi,81332,27.1107,1.733,1.974,1282.737,7.5,,F,Attracted,
ISDI01_1503,Labridae,Ophthalmolepis,lineolatus,1,212.995,37384040,Dog01R_Mar2015.avi,91972,30.6573,0.88,1.731,1162.933,5.97,,AD,Attracted,
ISDI01_1503,Labridae,Ophthalmolepis,lineolatus,1,207.03,37384040,Dog01R_Mar2015.avi,91972,30.6573,4.072,6.08,2004.688,19.467,,AD,Attracted,
ISDI01_1503,Labridae,Ophthalmolepis,lineolatus,1,213.881,37384040,Dog01R_Mar2015.avi,91977,30.659,1.872,3.324,1157.686,13.279,,AD,Attracted,
ISDI01_1503,Labridae,Ophthalmolepis,lineolatus,1,239.283,37384040,Dog01R_Mar2015.avi,91977,30.659,2.55,3.633,1448.846,10.954,,AD,Attracted,
ISDI01_1503,Labridae,Ophthalmolepis,lineolatus,1,228.689,37384040,Dog01R_Mar2015.avi,92014,30.6713,1.626,2.168,1910.726,12.556,,AD,Attracted,
ISDI01_1503,Labridae,Ophthalmolepis,lineolatus,1,234.355,37384040,Dog01R_Mar2015.avi,92014,30.6713,0.925,0.183,1766.05,3.198,,AD,Attracted,
ISDI01_1503,Labridae,Ophthalmolepis,lineolatus,1,266.444,37384040,Dog01R_Mar2015.avi,92042,30.6807,3.285,1.659,2271.406,21.479,,AD,Passing,
ISDI01_1503,Labridae,Ophthalmolepis,lineolatus,1,211.642,37384040,Dog01R_Mar2015.avi,92589,30.863,1.113,1.765,1192.296,9.628,,AD,Attracted,
ISDI01_1503,Labridae,Ophthalmolepis,lineolatus,1,221.073,37384040,Dog01R_Mar2015.avi,92598,30.866,0.868,1.818,977.345,4.23,,AD,Attracted,
ISDI01_1503,Labridae,Ophthalmolepis,lineolatus,1,191.413,37384040,Dog01R_Mar2015.avi,92675,30.8917,0.828,0.852,1261.686,5.969,,AD,Attracted,
ISDI01_1503,Labridae,Ophthalmolepis,lineolatus,1,225.834,37384040,Dog01R_Mar2015.avi,95528,31.8427,1.879,2.481,1812.356,16.835,,AD,Attracted,
ISDI01_1503,Labridae,Ophthalmolepis,lineolatus,1,147.039,37384040,Dog01R_Mar2015.avi,96939,32.313,2.309,3.882,1464.465,14.756,,AD,Attracted,
ISDI01_1503,Labridae,Ophthalmolepis,lineolatus,1,242.103,37384040,Dog01R_Mar2015.avi,96939,32.313,1.917,2.795,2228.273,4.147,,AD,Passing,
ISDI01_1503,Labridae,Ophthalmolepis,lineolatus,1,180.675,37384040,Dog01R_Mar2015.avi,97346,32.4487,3.5,1.901,1771.593,8.761,,AD,Attracted,
ISDI01_1503,Labridae,Ophthalmolepis,lineolatus,1,175.35,37384040,Dog01R_Mar2015.avi,97346,32.4487,3.72,2.402,2686.916,15.05,,AD,Passing,
ISDI01_1503,Labridae,Ophthalmolepis,lineolatus,1,134.398,37384040,Dog01R_Mar2015.avi,97346,32.4487,4.466,2.05,2079.04,17.794,,AD,Passing,
ISDI01_1503,Heterodontidae,Heterodontus,portusjacksoni,1,612.113,37007001,Dog01R_Mar2015.avi,102507,34.169,1.452,3.063,2005.915,3.429,,AD,Attracted,
ISDI01_1503,Sepiidae,Sepia,apama,1,338.455,23607001,Dog01R_Mar2015.avi,102648,34.216,3.223,4.964,1821.752,8.396,,AD,Attracted,Hunting mode
ISDI01_1503,Myliobatidae,Myliobatis,tenuicaudatus,1,450.333,37039001,Dog01R_Mar2015.avi,103024,34.3413,3.733,4.219,2991.722,4.971,,J,Attracted,
ISDI01_1503,Odacidae,Olisthops,cyanomelas,1,331.921,37385001,Dog01R_Mar2015.avi,126135,42.045,8.851,4.194,2889.479,17.454,,AD,Passing,
ISDI01_1503,Dasyatidae,Dasyatis,brevicaudata,1,851.247,37035001,Dog01R_Mar2015.avi,129165,43.055,4.094,2.125,2572.413,5.746,,AD,Attracted,
ISDI01_1503,Scorpididae,Neatypus,obliquus,1,151.521,37361002,Dog01R_Mar2015.avi,139215,46.405,0.548,0.656,985.796,3.539,,AD,Attracted,
ISDI01_1503,Scorpididae,Neatypus,obliquus,1,152.308,37361002,Dog01R_Mar2015.avi,144389,48.1297,1.968,3.525,1626.778,12.875,,AD,Passing,
ISDI01_1503,Dasyatidae,Dasyatis,brevicaudata,1,1072.479,37035001,Dog01R_Mar2015.avi,174921,58.307,7.008,2.226,2208.991,3.425,,AD,Attracted,2nd diff length
ISDI01_1503,Odacidae,Olisthops,cyanomelas,1,317.24,37385001,Dog01R_Mar2015.avi,196557,65.519,9.801,1.664,2992.631,18.075,,M,Passing,
ISDI02_1503,Gerreidae,Parequula,melbournensis,1,127.33,37349001,Dog02R_Mar2015.avi,46404,15.468,1.019,1.272,1338.644,11.792,,AD,Attracted,
ISDI02_1503,Gerreidae,Parequula,melbournensis,1,153.694,37349001,Dog02R_Mar2015.avi,46404,15.468,3.382,0.984,1972.193,6.236,,AD,Attracted,
ISDI02_1503,Sillaginidae,Sillaginodes,punctatus,1,451.999,37330001,Dog02R_Mar2015.avi,60199,20.0663,4.571,1.783,2726.08,12.685,,AD,Passing,
ISDI02_1503,Sillaginidae,Sillaginodes,punctatus,1,464.804,37330001,Dog02R_Mar2015.avi,60560,20.1867,2.888,0.436,3182.078,12.267,,AD,Passing,
ISDI02_1503,Labridae,Notolabrus,parilus,1,307.251,37384022,Dog02R_Mar2015.avi,81712,27.2373,6.146,5.099,2466.98,12.116,,AD,Passing,
ISDI02_1503,Labridae,Ophthalmolepis,lineolatus,1,281.522,37384040,Dog02R_Mar2015.avi,84350,28.1167,4.117,5.681,1985.027,11.506,,AD,Attracted,
ISDI02_1503,Labridae,Ophthalmolepis,lineolatus,1,164.66,37384040,Dog02R_Mar2015.avi,84350,28.1167,4.397,1.03,2432.013,14.543,,AD,Attracted,
ISDI02_1503,Labridae,Ophthalmolepis,lineolatus,1,216.221,37384040,Dog02R_Mar2015.avi,84379,28.1263,1.839,2.675,1476.277,13.746,,AD,Attracted,
ISDI02_1503,Myliobatidae,Myliobatis,tenuicaudatus,1,786.603,37039001,Dog02R_Mar2015.avi,85635,28.545,13.26,3.152,3436.502,8.788,,AD,Passing,
ISDI02_1503,Labridae,Notolabrus,tetricus,1,290.183,37384003,Dog02R_Mar2015.avi,90575,30.1917,0.595,2.974,1020.288,17.462,,F,Attracted,
ISDI02_1503,Monacanthidae,Meuschenia,hippocrepis,1,350.762,37465004,Dog02R_Mar2015.avi,107875,35.9583,1.355,1.79,1398.032,8.752,,AD,Feeding,
ISDI02_1503,Monacanthidae,Meuschenia,hippocrepis,1,390.053,37465004,Dog02R_Mar2015.avi,107875,35.9583,1.995,1.23,1808.756,12.161,,AD,Attracted,
ISDI02_1503,Monacanthidae,Meuschenia,hippocrepis,1,328.017,37465004,Dog02R_Mar2015.avi,107922,35.974,1.02,6.177,1419.615,10.985,,AD,Attracted,
ISDI02_1503,Rhinobatidae,Trygonorrhina,dumerilii,1,846.008,37027011,Dog02R_Mar2015.avi,128141,42.7137,2.995,1.331,2181.201,9.926,,AD,Passing,
ISDI02_1503,Triakidae,Mustelus,antarcticus,1,1077.084,37017001,Dog02R_Mar2015.avi,134790,44.93,3.057,3.366,2374.544,10.603,,AD,Passing,
ISDI02_1503,Labridae,Ophthalmolepis,lineolatus,1,206.528,37384040,Dog02R_Mar2015.avi,143533,47.8443,1.129,3.238,1907.102,11.634,,AD,Attracted,
ISDI02_1503,Labridae,Ophthalmolepis,lineolatus,1,233.4,37384040,Dog02R_Mar2015.avi,143533,47.8443,0.908,1.001,1555.593,3.355,,AD,Attracted,
ISDI02_1503,Labridae,Ophthalmolepis,lineolatus,1,195.489,37384040,Dog02R_Mar2015.avi,143533,47.8443,1.293,2.199,1190.852,11.614,,AD,Attracted,
ISDI02_1503,Labridae,Ophthalmolepis,lineolatus,1,271.047,37384040,Dog02R_Mar2015.avi,143573,47.8577,1.681,1.492,1386.691,12.393,,M,Attracted,
ISDI02_1503,Labridae,Ophthalmolepis,lineolatus,1,192.387,37384040,Dog02R_Mar2015.avi,143588,47.8627,1.46,0.706,1729.207,22.791,,AD,Attracted,
ISDI02_1503,Labridae,Ophthalmolepis,lineolatus,1,197.633,37384040,Dog02R_Mar2015.avi,143804,47.9347,0.947,1.393,1395.175,21.213,,AD,Attracted,
ISDI02_1503,Monacanthidae,Meuschenia,freycineti,1,360.504,37465036,Dog02R_Mar2015.avi,144448,48.1493,0.721,5.94,1165.669,8.041,,M,Attracted,
ISDI02_1503,Labridae,Ophthalmolepis,lineolatus,1,188.955,37384040,Dog02R_Mar2015.avi,145194,48.398,1.428,3.07,1361.613,7.77,,AD,Attracted,
ISDI02_1503,Monacanthidae,Meuschenia,freycineti,1,238.995,37465036,Dog02R_Mar2015.avi,146337,48.779,0.874,2.655,1510.289,5.625,,F,Attracted,
ISDI02_1503,Labridae,Notolabrus,tetricus,1,332.312,37384003,Dog02R_Mar2015.avi,148550,49.5167,2.915,1.911,1718.447,12.714,,M,Attracted,
ISDI02_1503,Scorpididae,Neatypus,obliquus,1,141.461,37361002,Dog02R_Mar2015.avi,159931,53.3103,1.476,0.487,1825.482,9.194,,AD,Passing,
ISDI03_1503,Scorpididae,Neatypus,obliquus,1,84.912,37361002,Dog03R_Mar2015.avi,36534,12.178,0.701,0.299,952.898,4.99,"Poor vis 4-5m, very surgy",AD,Passing,
ISDI03_1503,Labridae,Notolabrus,tetricus,1,292.725,37384003,Dog03R_Mar2015.avi,44862,14.954,1.572,0.802,1343.63,10.004,"Poor vis 4-5m, very surgy",F,Attracted,
ISDI03_1503,Dinolestidae,Dinolestes,lewini,1,238.177,37327002,Dog03R_Mar2015.avi,47401,15.8003,2.964,0.694,3240.924,7.005,"Poor vis 4-5m, very surgy",AD,Passing,
ISDI03_1503,Gerreidae,Parequula,melbournensis,1,141.109,37349001,Dog03R_Mar2015.avi,56313,18.771,0.896,1.118,1199.26,10.593,"Poor vis 4-5m, very surgy",AD,Passing,
ISDI03_1503,Monacanthidae,Acanthaluteres,vittiger,1,142.375,37465002,Dog03R_Mar2015.avi,70245,23.415,0.936,0.561,1409.588,11.18,"Poor vis 4-5m, very surgy",F,Attracted,
ISDI03_1503,Monacanthidae,Acanthaluteres,vittiger,1,200.741,37465002,Dog03R_Mar2015.avi,70251,23.417,0.813,1.503,1420.495,7.15,"Poor vis 4-5m, very surgy",M,Attracted,
ISDI03_1503,Monacanthidae,Acanthaluteres,vittiger,1,158.514,37465002,Dog03R_Mar2015.avi,70254,23.418,0.699,0.504,1243.828,7.594,"Poor vis 4-5m, very surgy",F,Attracted,
ISDI03_1503,Monacanthidae,Acanthaluteres,vittiger,1,195.875,37465002,Dog03R_Mar2015.avi,71078,23.6927,1.399,1.919,1333.361,6.672,"Poor vis 4-5m, very surgy",AD,Attracted,
ISDI03_1503,Labridae,Notolabrus,parilus,1,317.546,37384022,Dog03R_Mar2015.avi,124361,41.4537,0.827,0.576,1457.867,3.552,"Poor vis 4-5m, very surgy",M,Attracted,
ISDI03_1503,Labridae,Notolabrus,parilus,1,201.641,37384022,Dog03R_Mar2015.avi,133294,44.4313,1.324,0.647,1161.544,11.955,"Poor vis 4-5m, very surgy",F,Attracted,
ISDI03_1503,Labridae,Notolabrus,tetricus,1,323.721,37384003,Dog03R_Mar2015.avi,144108,48.036,0.757,1.593,1321.791,0.698,"Poor vis 4-5m, very surgy",M,Feeding,
ISDI03_1503,Monacanthidae,Meuschenia,freycineti,1,322.485,37465036,Dog03R_Mar2015.avi,146323,48.7743,1.376,0.622,1343.491,9.084,"Poor vis 4-5m, very surgy",M,Attracted,
ISDI03_1503,Monacanthidae,Meuschenia,freycineti,1,253.493,37465036,Dog03R_Mar2015.avi,151185,50.395,1.132,2.158,1776.896,9.467,"Poor vis 4-5m, very surgy",F,Attracted,
ISDI03_1503,Sillaginidae,Sillaginodes,punctatus,1,447.24,37330001,Dog03R_Mar2015.avi,152734,50.9113,1.453,2.026,1819.458,14.767,"Poor vis 4-5m, very surgy",AD,Passing,
ISDI03_1503,Heterodontidae,Heterodontus,portusjacksoni,1,714.482,37007001,Dog03R_Mar2015.avi,159482,53.1607,2.447,1.145,2036.74,10.213,"Poor vis 4-5m, very surgy",AD,Passing,
ISDI03_1503,Monacanthidae,Meuschenia,galii,1,188.757,37465040,Dog03R_Mar2015.avi,160620,53.54,0.536,0.419,1014.946,1.028,"Poor vis 4-5m, very surgy",AD,Attracted,
ISDI03_1503,Monacanthidae,Meuschenia,galii,1,235.474,37465040,Dog03R_Mar2015.avi,160638,53.546,0.833,0.484,1303.712,14.283,"Poor vis 4-5m, very surgy",AD,Attracted,
ISDI03_1503,Monacanthidae,Meuschenia,galii,1,253.691,37465040,Dog03R_Mar2015.avi,161306,53.7687,0.907,0.689,1043.526,7.669,"Poor vis 4-5m, very surgy",AD,Attracted,
ISDI03_1503,Monacanthidae,Meuschenia,galii,1,233.341,37465040,Dog03R_Mar2015.avi,162456,54.152,2.458,0.895,1703.932,20.026,"Poor vis 4-5m, very surgy",AD,Attracted,
ISDI03_1503,Labridae,Ophthalmolepis,lineolatus,1,198.718,37384040,Dog03R_Mar2015.avi,164359,54.7863,1.35,4.223,1646.912,19.937,"Poor vis 4-5m, very surgy",AD,Attracted,
ISDI03_1503,Labridae,Ophthalmolepis,lineolatus,1,200.553,37384040,Dog03R_Mar2015.avi,164359,54.7863,0.779,3.218,1219.81,12.951,"Poor vis 4-5m, very surgy",AD,Attracted,
ISDI03_1503,Labridae,Ophthalmolepis,lineolatus,1,200.319,37384040,Dog03R_Mar2015.avi,164368,54.7893,0.955,6.92,1211.648,17.903,"Poor vis 4-5m, very surgy",AD,Attracted,
ISDI03_1503,Labridae,Ophthalmolepis,lineolatus,1,248.498,37384040,Dog03R_Mar2015.avi,164385,54.795,0.704,1.834,1113.146,3.262,"Poor vis 4-5m, very surgy",AD,Attracted,
ISDI03_1503,Labridae,Ophthalmolepis,lineolatus,1,196.914,37384040,Dog03R_Mar2015.avi,164385,54.795,0.737,3.158,1272.994,7.357,"Poor vis 4-5m, very surgy",AD,Attracted,
ISDI03_1503,Labridae,Ophthalmolepis,lineolatus,1,286.588,37384040,Dog03R_Mar2015.avi,164420,54.8067,1.966,0.938,1539.123,13.127,"Poor vis 4-5m, very surgy",M,Attracted,
ISDI03_1503,Labridae,Ophthalmolepis,lineolatus,1,175.167,37384040,Dog03R_Mar2015.avi,164514,54.838,0.632,0.102,1009.806,10.623,"Poor vis 4-5m, very surgy",AD,Attracted,
ISDI03_1503,Labridae,Ophthalmolepis,lineolatus,1,201.509,37384040,Dog03R_Mar2015.avi,164519,54.8397,4.495,2.237,1971.15,22.356,"Poor vis 4-5m, very surgy",AD,Attracted,
ISDI03_1503,Myliobatidae,Myliobatis,tenuicaudatus,1,1190.302,37039001,Dog03R_Mar2015.avi,176588,58.8627,5,1.55,2344.621,10.025,"Poor vis 4-5m, very surgy",AD,Attracted,
ISDI03_1503,Myliobatidae,Myliobatis,tenuicaudatus,1,587.265,37039001,Dog03R_Mar2015.avi,176867,58.9557,4.21,2.895,2967.807,8.665,"Poor vis 4-5m, very surgy",AD,Passing,
ISDI03_1503,Monacanthidae,Meuschenia,hippocrepis,1,373.972,37465004,Dog03R_Mar2015.avi,183204,61.068,1.737,1.274,1834.816,6.714,"Poor vis 4-5m, very surgy",AD,Attracted,
ISDI03_1503,Monacanthidae,Meuschenia,hippocrepis,1,377.676,37465004,Dog03R_Mar2015.avi,183582,61.194,1.075,0.734,1350.198,2.386,"Poor vis 4-5m, very surgy",AD,Attracted,
ISDI03_1503,Monacanthidae,Meuschenia,hippocrepis,1,305.516,37465004,Dog03R_Mar2015.avi,183582,61.194,0.984,2.141,1780.556,2.677,"Poor vis 4-5m, very surgy",AD,Attracted,
ISDI03_1503,Labridae,Austrolabrus,maculatus,1,142.157,37384025,Dog03R_Mar2015.avi,209693,69.8977,1.094,0.598,1185.395,10.676,"Poor vis 4-5m, very surgy",AD,Attracted,
ISEO01_1503,Arripidae,Arripis,georgianus,1,198.019,37344001,Evans01Rs_Mar2015.avi,28882,16.0616,1.783,3.305,1675.425,20.539,,AD,Passing,
ISEO01_1503,Arripidae,Arripis,georgianus,1,225.327,37344001,Evans01Rs_Mar2015.avi,28882,16.0616,1.797,3.134,1617.037,15.65,,AD,Passing,
ISEO01_1503,Arripidae,Arripis,georgianus,1,195.344,37344001,Evans01Rs_Mar2015.avi,28882,16.0616,4.331,2.764,1810.771,17.989,,AD,Passing,
ISEO01_1503,Arripidae,Arripis,georgianus,1,206.13,37344001,Evans01Rs_Mar2015.avi,28882,16.0616,4.779,6.367,2108.07,18.163,,AD,Passing,
ISEO01_1503,Arripidae,Arripis,georgianus,1,209.134,37344001,Evans01Rs_Mar2015.avi,28882,16.0616,3.756,2.647,1858.398,16.842,,AD,Passing,
ISEO01_1503,Arripidae,Arripis,georgianus,1,210.244,37344001,Evans01Rs_Mar2015.avi,28882,16.0616,3.449,1.88,2011.153,8.864,,AD,Passing,
ISEO01_1503,Arripidae,Arripis,georgianus,1,208.992,37344001,Evans01Rs_Mar2015.avi,28882,16.0616,2.274,2.862,1838.234,7.487,,AD,Passing,
ISEO01_1503,Arripidae,Arripis,georgianus,1,193.103,37344001,Evans01Rs_Mar2015.avi,28882,16.0616,1.701,2.555,2058.4,3.956,,AD,Passing,
ISEO01_1503,Arripidae,Arripis,georgianus,1,197.333,37344001,Evans01Rs_Mar2015.avi,28882,16.0616,1.893,1.803,2011.139,8.287,,AD,Passing,
ISEO01_1503,Arripidae,Arripis,georgianus,1,220.166,37344001,Evans01Rs_Mar2015.avi,28882,16.0616,2.337,2.869,2523.884,8.826,,AD,Passing,
ISEO01_1503,Arripidae,Arripis,georgianus,1,191.194,37344001,Evans01Rs_Mar2015.avi,28882,16.0616,1.967,1.144,2302.12,8.519,,AD,Passing,
ISEO01_1503,Arripidae,Arripis,georgianus,1,193.903,37344001,Evans01Rs_Mar2015.avi,28882,16.0616,2.715,0.492,2039.37,13.967,,AD,Passing,
ISEO01_1503,Arripidae,Arripis,georgianus,1,202.038,37344001,Evans01Rs_Mar2015.avi,28882,16.0616,3.976,0.359,2679.319,15.539,,AD,Passing,
ISEO01_1503,Arripidae,Arripis,georgianus,1,204.12,37344001,Evans01Rs_Mar2015.avi,28890,16.0661,4.646,7.552,2187.028,10.411,,AD,Passing,
ISEO01_1503,Arripidae,Arripis,georgianus,1,191.035,37344001,Evans01Rs_Mar2015.avi,28890,16.0661,3.673,1.191,1841.225,21.018,,AD,Passing,
ISEO01_1503,Arripidae,Arripis,georgianus,1,199.015,37344001,Evans01Rs_Mar2015.avi,28891,16.0666,2.211,0.878,1733.57,16.261,,AD,Passing,
ISEO01_1503,Mullidae,Upeneichthys,vlamingii,1,129.054,37355029,Evans01Rs_Mar2015.avi,33001,18.3522,7.486,1.733,2522.151,10.922,,AD,Passing,
ISEO01_1503,Mullidae,Upeneichthys,vlamingii,1,152.495,37355029,Evans01Rs_Mar2015.avi,33008,18.3561,2.74,3.047,1954.459,11.651,,AD,Passing,
ISEO01_1503,Mullidae,Upeneichthys,vlamingii,1,159.199,37355029,Evans01Rs_Mar2015.avi,33040,18.3739,2.657,3.293,2724.583,12.53,,AD,Passing,
ISEO01_1503,Sillaginidae,Sillaginodes,punctatus,1,322.766,37330001,Evans01Rs_Mar2015.avi,33712,18.7476,1.21,0.858,1673.874,12.997,,AD,Passing,
ISEO01_1503,Sillaginidae,Sillaginodes,punctatus,1,308.099,37330001,Evans01Rs_Mar2015.avi,33712,18.7476,2.313,4.051,1994.363,11.876,,AD,Passing,
ISEO01_1503,Gerreidae,Parequula,melbournensis,1,141.869,37349001,Evans01Rs_Mar2015.avi,34914,19.4161,3.001,0.101,1694.891,18.479,,AD,Attracted,
ISEO01_1503,Gerreidae,Parequula,melbournensis,1,119.428,37349001,Evans01Rs_Mar2015.avi,34914,19.4161,2.885,2.365,2274.198,14.256,,AD,Attracted,
ISEO01_1503,Gerreidae,Parequula,melbournensis,1,130.732,37349001,Evans01Rs_Mar2015.avi,34914,19.4161,1.664,1.062,2368.656,8.361,,AD,Attracted,
ISEO01_1503,Gerreidae,Parequula,melbournensis,1,116.85,37349001,Evans01Rs_Mar2015.avi,34914,19.4161,4.364,5.235,2152.624,4.429,,AD,Attracted,
ISEO01_1503,Gerreidae,Parequula,melbournensis,1,118.24,37349001,Evans01Rs_Mar2015.avi,34955,19.4389,3.638,4.76,2554.025,11.047,,AD,Attracted,
ISEO01_1503,Gerreidae,Parequula,melbournensis,1,115.239,37349001,Evans01Rs_Mar2015.avi,34971,19.4478,6.688,4.299,2935.264,11.378,,AD,Attracted,
ISEO01_1503,Labridae,Notolabrus,parilus,1,143.179,37384022,Evans01Rs_Mar2015.avi,47971,26.6772,2.582,0.675,2044.761,13.946,,AD,Attracted,
ISEO01_1503,Myliobatidae,Myliobatis,tenuicaudatus,1,702.973,37039001,Evans01Rs_Mar2015.avi,69267,38.5202,2.035,2.032,2341.554,12.898,,AD,Passing,
ISEO01_1503,Labridae,Notolabrus,parilus,1,351.516,37384022,Evans01Rs_Mar2015.avi,77721,43.2216,2.081,1.517,1934.935,12.207,,M,Attracted,
ISEO01_1503,Myliobatidae,Myliobatis,tenuicaudatus,1,675.829,37039001,Evans01Rs_Mar2015.avi,78268,43.5257,1.291,0.862,1589.916,17.272,,AD,Attracted,
ISEO01_1503,Carangidae,Pseudocaranx,sp,1,132.974,37337924,Evans01Rs_Mar2015.avi,83456,46.4109,3.8,0.536,1862.446,21.056,,J,Passing,
ISEO01_1503,Carangidae,Pseudocaranx,sp,1,118.479,37337924,Evans01Rs_Mar2015.avi,83456,46.4109,3.814,0.919,2108.885,13.463,,J,Passing,
ISEO01_1503,Carangidae,Pseudocaranx,sp,1,124.753,37337924,Evans01Rs_Mar2015.avi,83456,46.4109,3.189,1.348,1919.566,8.304,,J,Passing,
ISEO01_1503,Carangidae,Pseudocaranx,sp,1,116.513,37337924,Evans01Rs_Mar2015.avi,83456,46.4109,1.502,0.88,2085.162,4.868,,J,Passing,
ISEO01_1503,Carangidae,Pseudocaranx,sp,1,117.003,37337924,Evans01Rs_Mar2015.avi,83456,46.4109,1.393,1.478,1834.667,1.84,,J,Passing,
ISEO01_1503,Carangidae,Pseudocaranx,sp,1,86.635,37337924,Evans01Rs_Mar2015.avi,83456,46.4109,3.114,0.494,1896.723,3.042,,J,Passing,
ISEO01_1503,Carangidae,Pseudocaranx,sp,1,123.137,37337924,Evans01Rs_Mar2015.avi,83456,46.4109,1.276,2.142,1964.65,2.567,,J,Passing,
ISEO01_1503,Carangidae,Pseudocaranx,sp,1,124.307,37337924,Evans01Rs_Mar2015.avi,83456,46.4109,3.432,0.95,2007.784,4.389,,J,Passing,
ISEO01_1503,Carangidae,Pseudocaranx,sp,1,187.283,37337924,Evans01Rs_Mar2015.avi,83456,46.4109,4.589,0.658,2222.938,3.814,,J,Passing,
ISEO01_1503,Carangidae,Pseudocaranx,sp,1,121.121,37337924,Evans01Rs_Mar2015.avi,83456,46.4109,2.251,3.415,1952.786,7.333,,J,Passing,
ISEO01_1503,Carangidae,Pseudocaranx,sp,1,119.886,37337924,Evans01Rs_Mar2015.avi,83456,46.4109,2.386,3.303,1854.022,7.712,,J,Passing,
ISEO01_1503,Carangidae,Pseudocaranx,sp,1,160.813,37337924,Evans01Rs_Mar2015.avi,83456,46.4109,2.619,2.843,1961.229,11.703,,J,Passing,
ISEO01_1503,Carangidae,Pseudocaranx,sp,1,139.704,37337924,Evans01Rs_Mar2015.avi,83456,46.4109,2.678,2.478,1970.736,15.025,,J,Passing,
ISEO01_1503,Carangidae,Pseudocaranx,sp,1,122.232,37337924,Evans01Rs_Mar2015.avi,83467,46.417,3.735,0.752,2149.783,22.515,,J,Passing,
ISEO01_1503,Labridae,Ophthalmolepis,lineolatus,1,187.579,37384040,Evans01Rs_Mar2015.avi,91714,51.0032,3.534,2.398,2337.448,4.381,,AD,Attracted,
ISEO01_1503,Labridae,Ophthalmolepis,lineolatus,1,210.62,37384040,Evans01Rs_Mar2015.avi,91730,51.0121,4.423,1.761,2194.866,4.992,,AD,Attracted,
ISEO01_1503,Labridae,Ophthalmolepis,lineolatus,1,242.217,37384040,Evans01Rs_Mar2015.avi,91736,51.0155,1.677,0.965,1287.482,19.661,,AD,Attracted,
ISEO01_1503,Labridae,Ophthalmolepis,lineolatus,1,237.269,37384040,Evans01Rs_Mar2015.avi,91772,51.0355,1.534,0.306,2087.32,10.071,,AD,Attracted,
ISEO01_1503,Labridae,Ophthalmolepis,lineolatus,1,258.889,37384040,Evans01Rs_Mar2015.avi,91835,51.0705,0.881,2.313,1179.957,17.067,,M,Attracted,
ISEO01_1503,Sillaginidae,Sillago,bassensis,1,218.609,37330002,Evans01Rs_Mar2015.avi,112163,62.3752,4.739,3.486,2090.412,5.7,,AD,Passing,
ISEO01_1503,Sillaginidae,Sillago,bassensis,1,236.849,37330002,Evans01Rs_Mar2015.avi,112163,62.3752,5.242,2.51,2110.267,6.361,,AD,Passing,
ISEO01_1503,Sillaginidae,Sillago,bassensis,1,229.283,37330002,Evans01Rs_Mar2015.avi,112163,62.3752,3.436,3.525,2271.836,25.541,,AD,Passing,
ISEO01_1503,Sillaginidae,Sillago,bassensis,1,217.473,37330002,Evans01Rs_Mar2015.avi,112168,62.3779,4.258,2.683,2136.924,10.917,,AD,Passing,
ISEO01_1503,Sillaginidae,Sillago,bassensis,1,239.485,37330002,Evans01Rs_Mar2015.avi,112179,62.3841,3.566,3.337,2049.628,23.349,,AD,Passing,
ISEO01_1503,Sillaginidae,Sillago,bassensis,1,227.312,37330002,Evans01Rs_Mar2015.avi,112217,62.4052,3.94,2.285,2054.953,20.653,,AD,Passing,
ISEO03_1503,Odacidae,Olisthops,cyanomelas,1,325.115,37385001,Evans03R_Mar2015.avi,6504,2.168,3.422,5.624,2383.295,9.148,,M,Passing,
ISEO03_1503,Dinolestidae,Dinolestes,lewini,1,124.6,37327002,Evans03R_Mar2015.avi,22822,7.6073,1.507,6.553,1826.567,15.023,,AD,Passing,
ISEO03_1503,Dinolestidae,Dinolestes,lewini,1,125.308,37327002,Evans03R_Mar2015.avi,22822,7.6073,2.031,7.841,1862.776,19.06,,AD,Passing,
ISEO03_1503,Dinolestidae,Dinolestes,lewini,1,130.793,37327002,Evans03R_Mar2015.avi,22855,7.6183,2.156,5.457,2015.002,21.617,,AD,Passing,
ISEO03_1503,Dinolestidae,Dinolestes,lewini,1,149.29,37327002,Evans03R_Mar2015.avi,22855,7.6183,2.855,2.577,1744.302,17.058,,AD,Passing,
ISEO03_1503,Dinolestidae,Dinolestes,lewini,1,147.301,37327002,Evans03R_Mar2015.avi,22855,7.6183,2.634,0.98,1955.086,11.613,,AD,Passing,
ISEO03_1503,Dinolestidae,Dinolestes,lewini,1,144.241,37327002,Evans03R_Mar2015.avi,22855,7.6183,2.252,4.005,1763.904,12.817,,AD,Passing,
ISEO03_1503,Dinolestidae,Dinolestes,lewini,1,137.774,37327002,Evans03R_Mar2015.avi,22855,7.6183,0.799,4.302,1583.767,9.966,,AD,Passing,
ISEO03_1503,Dinolestidae,Dinolestes,lewini,1,164.102,37327002,Evans03R_Mar2015.avi,22855,7.6183,3.267,1.887,1637.747,19.392,,AD,Passing,
ISEO03_1503,Dinolestidae,Dinolestes,lewini,1,139.319,37327002,Evans03R_Mar2015.avi,22855,7.6183,3.105,0.559,1917.261,15.726,,AD,Passing,
ISEO03_1503,Dinolestidae,Dinolestes,lewini,1,140.701,37327002,Evans03R_Mar2015.avi,22855,7.6183,1.85,7.3,1646.694,15.867,,AD,Passing,
ISEO03_1503,Dinolestidae,Dinolestes,lewini,1,146.932,37327002,Evans03R_Mar2015.avi,22855,7.6183,1.909,8.2,1760.625,16.24,,AD,Passing,
ISEO03_1503,Dinolestidae,Dinolestes,lewini,1,130.992,37327002,Evans03R_Mar2015.avi,22855,7.6183,2.521,4.792,2001.383,6.129,,AD,Passing,
ISEO03_1503,Dinolestidae,Dinolestes,lewini,1,139.015,37327002,Evans03R_Mar2015.avi,22855,7.6183,1.112,4.647,1776.381,4.434,,AD,Passing,
ISEO03_1503,Dinolestidae,Dinolestes,lewini,1,148.36,37327002,Evans03R_Mar2015.avi,22855,7.6183,1.599,4.347,1794.603,7.48,,AD,Passing,
ISEO03_1503,Dinolestidae,Dinolestes,lewini,1,130.848,37327002,Evans03R_Mar2015.avi,22855,7.6183,1.29,5.658,1849.102,10.363,,AD,Passing,
ISEO03_1503,Mullidae,Upeneichthys,vlamingii,1,264.625,37355029,Evans03R_Mar2015.avi,63261,21.087,6.612,2.617,2321.013,14.734,,AD,Passing,
ISEO03_1503,Cheilodactylidae,Cheilodactylus,nigripes,1,326.209,37377001,Evans03R_Mar2015.avi,71880,23.96,2.057,0.831,1929.446,12.917,,AD,Passing,
ISEO03_1503,Monacanthidae,Scobinichthys,granulatus,1,252.699,37465007,Evans03R_Mar2015.avi,79747,26.5823,3.925,2.714,1746.321,19.366,,AD,Passing,
ISEO03_1503,Monacanthidae,Acanthaluteres,vittiger,1,179.948,37465002,Evans03R_Mar2015.avi,84526,28.1753,1.998,1.177,2215.777,10.94,,AD,Passing,
ISEO03_1503,Labridae,Pictilabrus,laticlavius,1,152.915,37384020,Evans03R_Mar2015.avi,86086,28.6953,1.254,1.786,1531.332,5.217,,AD,Feeding,
ISEO03_1503,Monacanthidae,Meuschenia,freycineti,1,285.299,37465036,Evans03R_Mar2015.avi,95157,31.719,2.502,5.12,2250.364,8.851,,F,Attracted,
ISEO03_1503,Cheilodactylidae,Nemadactylus,valenciennesi,1,494.228,37377004,Evans03R_Mar2015.avi,108764,36.2547,2.007,3.008,1764.79,4.397,,AD,Passing,
ISEO03_1503,Enoplosidae,Enoplosus,armatus,1,199.678,37366001,Evans03R_Mar2015.avi,129739,43.2463,0.911,1.791,1445.114,13.806,,AD,Passing,
ISEO03_1503,Enoplosidae,Enoplosus,armatus,1,180.26,37366001,Evans03R_Mar2015.avi,129739,43.2463,0.815,3.393,1266.135,12.886,,AD,Passing,
ISEO03_1503,Labridae,Austrolabrus,maculatus,1,157.917,37384025,Evans03R_Mar2015.avi,141263,47.0877,0.916,3.543,1481.549,11,,AD,Attracted,
ISEO03_1503,Labridae,Notolabrus,parilus,1,243.42,37384022,Evans03R_Mar2015.avi,153814,51.2713,1.36,1.486,1766.101,7.781,,AD,Passing,
ISEO03_1503,Labridae,Notolabrus,tetricus,1,399.61,37384003,Evans03R_Mar2015.avi,155220,51.74,1.583,1.053,1648.841,10.554,,M,Attracted,
ISEO03_1503,Labridae,Ophthalmolepis,lineolatus,1,319.37,37384040,Evans03R_Mar2015.avi,167319,55.773,1.489,10.459,1794.276,18.087,,AD,Passing,
ISEO03_1503,Labridae,Ophthalmolepis,lineolatus,1,169.053,37384040,Evans03R_Mar2015.avi,167319,55.773,1.703,3.445,1299.121,2.906,,AD,Attracted,
ISEO03_1503,Labridae,Ophthalmolepis,lineolatus,1,184.609,37384040,Evans03R_Mar2015.avi,167319,55.773,3.545,2.974,1766.917,17.416,,AD,Attracted,
ISEO03_1503,Labridae,Ophthalmolepis,lineolatus,1,189.63,37384040,Evans03R_Mar2015.avi,167319,55.773,2.719,1.49,1833.269,11.5,,AD,Attracted,
ISEO03_1503,Labridae,Ophthalmolepis,lineolatus,1,226.551,37384040,Evans03R_Mar2015.avi,167518,55.8393,0.92,0.321,1617.352,6.443,,AD,Attracted,
ISEO03_1503,Labridae,Ophthalmolepis,lineolatus,1,230.864,37384040,Evans03R_Mar2015.avi,167578,55.8593,2.076,2.308,1742.934,13.977,,AD,Attracted,
ISEO03_1503,Gerreidae,Parequula,melbournensis,1,153.578,37349001,Evans03R_Mar2015.avi,174886,58.2953,3.741,4.829,2395.129,11.176,,AD,Passing,
ISEO03_1503,Serranidae,Caesioperca,rasor,1,218.286,37311003,Evans03R_Mar2015.avi,189453,63.151,0.668,7.649,1178.279,12.463,,AD,Passing,
ISEO03_1503,Serranidae,Caesioperca,rasor,1,203.312,37311003,Evans03R_Mar2015.avi,189461,63.1537,1.308,6.405,1419.949,16.74,,AD,Attracted,
ISEO04_1503,Odacidae,Olisthops,cyanomelas,1,309.054,37385001,Evans04R_Mar2015.avi,15318,5.106,3.703,3.03,1989.526,11.11,,M,Passing,
ISEO04_1503,Cheilodactylidae,Cheilodactylus,nigripes,1,307.506,37377001,Evans04R_Mar2015.avi,20898,6.966,1.769,6.642,1639.235,10.755,,AD,Passing,
ISEO04_1503,Serranidae,Caesioperca,rasor,1,219.441,37311003,Evans04R_Mar2015.avi,47288,15.7627,2.453,4.128,1684.872,3.977,,AD,Attracted,
ISEO04_1503,Monacanthidae,Meuschenia,hippocrepis,1,367.585,37465004,Evans04R_Mar2015.avi,51505,17.1683,2.747,4.571,2291.396,4.941,,AD,Passing,
ISEO04_1503,Odacidae,Heteroscarus,acroptilus,1,188.748,37385010,Evans04R_Mar2015.avi,53636,17.8787,3.896,5.799,2356.59,1.645,,M,Passing,
ISEO04_1503,Labridae,Pictilabrus,laticlavius,1,189.375,37384020,Evans04R_Mar2015.avi,55347,18.449,2.048,3.466,2330.991,12.175,,AD,Passing,
ISEO04_1503,Labridae,Pictilabrus,laticlavius,1,173.77,37384020,Evans04R_Mar2015.avi,55386,18.462,1.911,3.41,2022.639,16.916,,AD,Passing,
ISEO04_1503,Odacidae,Siphonognathus,beddomei,1,103.741,37385006,Evans04R_Mar2015.avi,72871,24.2903,3.435,3.445,1806.256,6.405,,AD,Passing,
ISEO04_1503,Labridae,Austrolabrus,maculatus,1,142.95,37384025,Evans04R_Mar2015.avi,92026,30.6753,0.581,2.953,759.369,3.061,,AD,Attracted,
ISEO04_1503,Scorpididae,Tilodon,sexfasciatus,1,246.346,37361003,Evans04R_Mar2015.avi,99754,33.2513,3.164,5.94,2271.576,8.886,,AD,Passing,
ISEO04_1503,Berycidae,Centroberyx,gerrardi,1,320.818,37258004,Evans04R_Mar2015.avi,105861,35.287,1.203,2.35,1616.829,8.518,,AD,Attracted,
ISEO04_1503,Monacanthidae,Meuschenia,freycineti,1,285.586,37465036,Evans04R_Mar2015.avi,109616,36.5387,1.593,5.041,1596.948,9.349,,F,Attracted,
ISEO04_1503,Monacanthidae,Meuschenia,galii,1,275.936,37465040,Evans04R_Mar2015.avi,119420,39.8067,1.229,2.617,1622.188,17.532,,AD,Passing,
ISEO04_1503,Labridae,Austrolabrus,maculatus,1,122.231,37384025,Evans04R_Mar2015.avi,121367,40.4557,0.979,4.109,1208.409,12.733,,F,Attracted,
ISEO04_1503,Labridae,Ophthalmolepis,lineolatus,1,211.563,37384040,Evans04R_Mar2015.avi,148646,49.5487,1.117,2.027,1037.532,9.714,,AD,Attracted,
ISEO04_1503,Labridae,Ophthalmolepis,lineolatus,1,208.767,37384040,Evans04R_Mar2015.avi,148651,49.5503,1.595,3.695,1073.504,3.807,,AD,Attracted,
ISEO04_1503,Labridae,Ophthalmolepis,lineolatus,1,322.996,37384040,Evans04R_Mar2015.avi,148662,49.554,1.86,4.391,1299.635,12.686,,AD,Attracted,
ISEO04_1503,Labridae,Ophthalmolepis,lineolatus,1,221.455,37384040,Evans04R_Mar2015.avi,148662,49.554,0.876,3.091,1063.497,3.38,,AD,Attracted,
ISEO04_1503,Labridae,Ophthalmolepis,lineolatus,1,249.634,37384040,Evans04R_Mar2015.avi,148691,49.5637,2.104,1.354,2379.155,13.237,,AD,Passing,
ISEO04_1503,Labridae,Ophthalmolepis,lineolatus,1,219.736,37384040,Evans04R_Mar2015.avi,148782,49.594,0.783,1.285,1317.916,13.081,,AD,Attracted,
ISEO04_1503,Labridae,Ophthalmolepis,lineolatus,1,200.281,37384040,Evans04R_Mar2015.avi,148782,49.594,0.707,1.325,1306.874,5.847,,AD,Chase conspecific,
ISEO04_1503,Labridae,Notolabrus,tetricus,1,351.605,37384003,Evans04R_Mar2015.avi,166947,55.649,2.176,5.813,1387.013,9.657,,M,Attracted,
ISEO04_1503,Labridae,Notolabrus,tetricus,1,303.15,37384003,Evans04R_Mar2015.avi,166975,55.6583,2.499,5.237,2167.262,19.574,,M,Passing,
ISEO04_1503,Labridae,Notolabrus,tetricus,1,361.428,37384003,Evans04R_Mar2015.avi,167095,55.6983,1.165,6.837,1796.002,8.084,,M,Passing,
ISEO04_1503,Serranidae,Othos,dentex,1,543.651,37311005,Evans04R_Mar2015.avi,173652,57.884,1.858,3.072,1779.981,13.203,,AD,Attracted,
ISFI01_1503,Monacanthidae,Acanthaluteres,vittiger,1,194.195,37465002,Fenelon01R_Mar2015(1).avi,17327,5.7757,1.283,11.099,1947.499,12.709,,AD,Passing,
ISFI01_1503,Cheilodactylidae,Cheilodactylus,nigripes,1,251.147,37377001,Fenelon01R_Mar2015(1).avi,18625,6.2083,5.689,13.975,2971.168,16.4,,AD,Passing,
ISFI01_1503,Cheilodactylidae,Cheilodactylus,nigripes,1,306.66,37377001,Fenelon01R_Mar2015(1).avi,18716,6.2387,1.415,11.235,2275.946,12.719,,AD,Passing,
ISFI01_1503,Serranidae,Caesioperca,rasor,1,155.182,37311003,Fenelon01R_Mar2015(1).avi,19833,6.611,1.858,0.967,2155.155,21.412,,AD,Passing,
ISFI01_1503,Monacanthidae,Meuschenia,galii,1,237.985,37465040,Fenelon01R_Mar2015(1).avi,21496,7.1653,1.204,5.329,1289.003,14.755,,AD,Attracted,
ISFI01_1503,Labridae,Notolabrus,tetricus,1,312.561,37384003,Fenelon01R_Mar2015(1).avi,23137,7.7123,0.791,5.514,1094.707,1.868,,M,Attracted,
ISFI01_1503,Kyphosidae,Girella,zebra,1,311.758,37361008,Fenelon01R_Mar2015(1).avi,26550,8.85,2.417,9.756,1851.06,17.67,,AD,Passing,
ISFI01_1503,Labridae,Pictilabrus,laticlavius,1,175.891,37384020,Fenelon01R_Mar2015(1).avi,37038,12.346,1.401,9.161,1624.852,12.296,,AD,Attracted,
ISFI01_1503,Labridae,Achoerodus,gouldii,1,612.834,37384002,Fenelon01R_Mar2015(1).avi,38215,12.7383,8.69,12.612,2906.013,16.23,,F,Passing,
ISFI01_1503,Carangidae,Pseudocaranx,sp,1,368.182,37337924,Fenelon01R_Mar2015(1).avi,44383,14.7943,0.925,2.642,1336.247,13.206,,AD,Attracted,
ISFI01_1503,Carangidae,Pseudocaranx,sp,1,270.878,37337924,Fenelon01R_Mar2015(1).avi,44383,14.7943,3.11,14.116,2351.062,19.255,,AD,Attracted,
ISFI01_1503,Carangidae,Pseudocaranx,sp,1,386.745,37337924,Fenelon01R_Mar2015(1).avi,45120,15.04,2.621,22.64,2971.985,14.758,,AD,Attracted,
ISFI01_1503,Carangidae,Pseudocaranx,sp,1,307.075,37337924,Fenelon01R_Mar2015(1).avi,45139,15.0463,2.141,12.652,1380.296,8.7,,AD,Attracted,
ISFI01_1503,Carangidae,Pseudocaranx,sp,1,313.008,37337924,Fenelon01R_Mar2015(1).avi,45151,15.0503,1.804,8.278,1328.158,9.327,,AD,Attracted,
ISFI01_1503,Carangidae,Pseudocaranx,sp,1,310.09,37337924,Fenelon01R_Mar2015(1).avi,45162,15.054,8.229,19.997,3114.892,17.708,,AD,Passing,
ISFI01_1503,Carangidae,Pseudocaranx,sp,1,295.776,37337924,Fenelon01R_Mar2015(1).avi,45162,15.054,2.155,25.798,3582.043,12.435,,AD,Passing,
ISFI01_1503,Labridae,Ophthalmolepis,lineolatus,1,148.285,37384040,Fenelon01R_Mar2015(1).avi,54024,18.008,0.677,5.585,1025.461,3.247,,AD,Attracted,
ISFI01_1503,Labridae,Ophthalmolepis,lineolatus,1,192.888,37384040,Fenelon01R_Mar2015(1).avi,54024,18.008,0.947,4.32,957.048,8.869,,AD,Attracted,
ISFI01_1503,Monacanthidae,Acanthaluteres,brownii,1,370.001,37465001,Fenelon01R_Mar2015(1).avi,56309,18.7697,9.911,15.789,2980.964,17.752,,AD,Passing,
ISFI01_1503,Monacanthidae,Meuschenia,hippocrepis,1,375.715,37465004,Fenelon01R_Mar2015(1).avi,85077,28.359,2.039,8.192,1520.392,16.203,,AD,Attracted,
ISFI01_1503,Monacanthidae,Meuschenia,hippocrepis,1,420.275,37465004,Fenelon01R_Mar2015(1).avi,85173,28.391,1.318,4.435,1108.718,8.526,,AD,Attracted,
ISFI01_1503,Monacanthidae,Meuschenia,hippocrepis,1,369.713,37465004,Fenelon01R_Mar2015(1).avi,85232,28.4107,1.181,3.322,1043.031,10.734,,AD,Attracted,
ISFI01_1503,Monacanthidae,Meuschenia,hippocrepis,1,315.385,37465004,Fenelon01R_Mar2015(1).avi,85387,28.4623,0.663,2.985,917.776,4.795,,AD,Attracted,
ISFI01_1503,Labridae,Notolabrus,tetricus,1,204.35,37384003,Fenelon01R_Mar2015(1).avi,86667,28.889,0.798,9.404,1343.118,15.254,,J,Attracted,
ISFI01_1503,Labridae,Notolabrus,tetricus,1,243.178,37384003,Fenelon01R_Mar2015(1).avi,86745,28.915,0.889,5.865,1282.315,11.045,,F,Attracted,
ISFI01_1503,Monacanthidae,Meuschenia,freycineti,1,333.414,37465036,Fenelon01R_Mar2015(1).avi,115865,38.6217,1.044,9.803,1348.002,10.502,,M,Attracted,
ISFI01_1503,Myliobatidae,Myliobatis,tenuicaudatus,1,1080.019,37039001,Fenelon01R_Mar2015(1).avi,121474,40.4913,9.977,10.292,3107.127,14.047,,AD,Passing,unusual white markings
ISFI01_1503,Dinolestidae,Dinolestes,lewini,1,373.629,37327002,Fenelon01R_Mar2015(1).avi,139987,46.6623,2.83,13.159,2241.433,12.903,,AD,Passing,
ISFI01_1503,Labridae,Ophthalmolepis,lineolatus,1,235.6,37384040,Fenelon01R_Mar2015(1).avi,148634,49.5447,4.567,14.284,2063.508,13.761,,AD,Passing,
ISFI01_1503,Labridae,Ophthalmolepis,lineolatus,1,183.057,37384040,Fenelon01R_Mar2015(1).avi,148634,49.5447,3.734,15.453,2417.295,11.121,,AD,Passing,
ISFI01_1503,Labridae,Ophthalmolepis,lineolatus,1,176.823,37384040,Fenelon01R_Mar2015(1).avi,148634,49.5447,1.975,10.982,1904.666,19.994,,AD,Passing,
ISFI01_1503,Labridae,Ophthalmolepis,lineolatus,1,183.956,37384040,Fenelon01R_Mar2015(1).avi,148653,49.551,2.329,12.814,2199.36,10.429,,AD,Passing,
ISFI01_1503,Labridae,Ophthalmolepis,lineolatus,1,241.816,37384040,Fenelon01R_Mar2015(1).avi,148653,49.551,3.947,14.26,2102.325,12.496,,AD,Attracted,
ISFI01_1503,Labridae,Ophthalmolepis,lineolatus,1,235.974,37384040,Fenelon01R_Mar2015(1).avi,148777,49.5923,2.922,13.926,1965.898,15.617,,AD,Passing,
ISFI01_1503,Labridae,Ophthalmolepis,lineolatus,1,167.969,37384040,Fenelon01R_Mar2015(1).avi,148777,49.5923,1.38,8.257,1261.519,13.952,,AD,Attracted,
ISFI01_1503,Labridae,Ophthalmolepis,lineolatus,1,195.162,37384040,Fenelon01R_Mar2015(1).avi,209311,69.7703,0.802,6.955,1315.102,13.895,,AD,Attracted,
ISFI01_1503,Labridae,Ophthalmolepis,lineolatus,1,168.394,37384040,Fenelon01R_Mar2015(1).avi,209311,69.7703,0.644,4.696,1113.57,9.415,,AD,Attracted,
ISFI01_1503,Labridae,Ophthalmolepis,lineolatus,1,196.069,37384040,Fenelon01R_Mar2015(1).avi,209346,69.782,0.822,6.886,1139.278,9.537,,AD,Attracted,
ISFI01_1503,Labridae,Ophthalmolepis,lineolatus,1,188.253,37384040,Fenelon01R_Mar2015(1).avi,209346,69.782,0.608,5.882,763.243,6.256,,AD,Attracted,
ISFI02_1503,Odacidae,Olisthops,cyanomelas,1,324.814,37385001,Fenelon02R_Mar2015(1).avi,15322,5.1073,2.207,13.142,2408.587,7.686,,AD,Passing,
ISFI02_1503,Cheilodactylidae,Cheilodactylus,nigripes,1,314.991,37377001,Fenelon02R_Mar2015(1).avi,15668,5.2227,4.795,17.94,2331.435,14.479,,AD,Passing,
ISFI02_1503,Scorpididae,Scorpis,aequipinnis,1,306.042,37361004,Fenelon02R_Mar2015(1).avi,18159,6.053,1.393,17.651,2262.506,5.699,,AD,Attracted,
ISFI02_1503,Scorpididae,Scorpis,aequipinnis,1,290.986,37361004,Fenelon02R_Mar2015(1).avi,18159,6.053,2.408,13.685,1992.672,12.848,,AD,Attracted,
ISFI02_1503,Scorpididae,Scorpis,aequipinnis,1,338.563,37361004,Fenelon02R_Mar2015(1).avi,18159,6.053,4.732,6.841,1976.757,18.118,,AD,Attracted,
ISFI02_1503,Scorpididae,Scorpis,aequipinnis,1,267.337,37361004,Fenelon02R_Mar2015(1).avi,18159,6.053,3.886,17.387,2175.193,10.526,,AD,Attracted,
ISFI02_1503,Scorpididae,Scorpis,aequipinnis,1,276.425,37361004,Fenelon02R_Mar2015(1).avi,18174,6.058,4.544,18.547,2813.116,13.979,,AD,Attracted,
ISFI02_1503,Scorpididae,Scorpis,aequipinnis,1,287.066,37361004,Fenelon02R_Mar2015(1).avi,18179,6.0597,2.443,18.048,2620.793,18.036,,AD,Attracted,
ISFI02_1503,Scorpididae,Scorpis,aequipinnis,1,297.285,37361004,Fenelon02R_Mar2015(1).avi,18194,6.0647,4.267,15.427,1798.725,12.995,,AD,Attracted,
ISFI02_1503,Scorpididae,Scorpis,aequipinnis,1,319.859,37361004,Fenelon02R_Mar2015(1).avi,18274,6.0913,1.465,15.994,1948.822,16.025,,AD,Attracted,
ISFI02_1503,Scorpididae,Scorpis,aequipinnis,1,299.758,37361004,Fenelon02R_Mar2015(1).avi,18294,6.098,4.08,10.91,1834.658,17.227,,AD,Attracted,
ISFI02_1503,Scorpididae,Scorpis,aequipinnis,1,355.916,37361004,Fenelon02R_Mar2015(1).avi,18379,6.1263,4.556,15.137,2226.053,13.234,,AD,Attracted,
ISFI02_1503,Scorpididae,Scorpis,aequipinnis,1,305.34,37361004,Fenelon02R_Mar2015(1).avi,18379,6.1263,2.317,10.88,1720.82,10.655,,AD,Attracted,
ISFI02_1503,Kyphosidae,Girella,zebra,1,312.455,37361008,Fenelon02R_Mar2015(1).avi,19670,6.5567,3.927,9.974,2066.528,12.652,,AD,Passing,
ISFI02_1503,Kyphosidae,Girella,zebra,1,275.513,37361008,Fenelon02R_Mar2015(1).avi,19701,6.567,1.371,8.53,1981.394,19.148,,AD,Attracted,
ISFI02_1503,Monacanthidae,Meuschenia,flavolineata,1,258.704,37465035,Fenelon02R_Mar2015(1).avi,19761,6.587,8.092,15.316,2908.022,17.123,,M,Passing,
ISFI02_1503,Labridae,Achoerodus,gouldii,1,608.568,37384002,Fenelon02R_Mar2015(1).avi,19779,6.593,1.512,16.376,1964.308,14.093,,F,Attracted,
ISFI02_1503,Serranidae,Caesioperca,rasor,1,214.846,37311003,Fenelon02R_Mar2015(1).avi,30643,10.2143,4.341,19.266,2425.567,6.542,,AD,Attracted,
ISFI02_1503,Serranidae,Caesioperca,rasor,1,203.248,37311003,Fenelon02R_Mar2015(1).avi,30678,10.226,1.519,15.388,2660.567,7.305,,AD,Passing,
ISFI02_1503,Serranidae,Caesioperca,rasor,1,218.898,37311003,Fenelon02R_Mar2015(1).avi,30703,10.2343,1.659,17.213,2384.09,11.115,,AD,Passing,
ISFI02_1503,Serranidae,Caesioperca,rasor,1,180.952,37311003,Fenelon02R_Mar2015(1).avi,30851,10.2837,1.661,3.151,1783.099,22.011,,AD,Passing,
ISFI02_1503,Serranidae,Caesioperca,rasor,1,205.643,37311003,Fenelon02R_Mar2015(1).avi,30851,10.2837,4.14,11.186,2192.514,14.175,,AD,Passing,
ISFI02_1503,Serranidae,Caesioperca,rasor,1,169.36,37311003,Fenelon02R_Mar2015(1).avi,30851,10.2837,1.847,8.497,1900.393,16.183,,AD,Passing,
ISFI02_1503,Labridae,Notolabrus,tetricus,1,259.914,37384003,Fenelon02R_Mar2015(1).avi,38836,12.9453,2.957,14.551,1959.596,8.465,,F,Passing,
ISFI02_1503,Labridae,Notolabrus,tetricus,1,287.709,37384003,Fenelon02R_Mar2015(1).avi,38843,12.9477,3.128,10.755,1523.111,11.966,,M,Feeding,
ISFI02_1503,Labridae,Notolabrus,tetricus,1,133.96,37384003,Fenelon02R_Mar2015(1).avi,38846,12.9487,2.487,12.347,1960.966,16.304,,F,Passing,
ISFI02_1503,Monacanthidae,Meuschenia,freycineti,1,302.847,37465036,Fenelon02R_Mar2015(1).avi,41130,13.71,7.085,18.151,2463.425,20.363,,F,Passing,
ISFI02_1503,Monacanthidae,Meuschenia,freycineti,1,339.749,37465036,Fenelon02R_Mar2015(1).avi,41130,13.71,1.931,16.866,1543.333,12.568,,M,Attracted,
ISFI02_1503,Monacanthidae,Meuschenia,freycineti,1,323.478,37465036,Fenelon02R_Mar2015(1).avi,41172,13.724,5.659,15.002,2068.616,13.199,,F,Attracted,
ISFI02_1503,Carangidae,Pseudocaranx,sp,1,412.802,37337924,Fenelon02R_Mar2015(1).avi,42888,14.296,7.687,13.536,2638.594,18.057,,AD,Passing,
ISFI02_1503,Carangidae,Pseudocaranx,sp,1,309.827,37337924,Fenelon02R_Mar2015(1).avi,42888,14.296,8.767,17.665,2735.045,17.91,,AD,Passing,
ISFI02_1503,Carangidae,Pseudocaranx,sp,1,323.167,37337924,Fenelon02R_Mar2015(1).avi,42928,14.3093,3.035,17.487,2344.223,18.118,,AD,Passing,
ISFI02_1503,Carangidae,Pseudocaranx,sp,1,280.84,37337924,Fenelon02R_Mar2015(1).avi,50328,16.776,1.098,7.575,1812.536,12.508,,AD,Attracted,
ISFI02_1503,Monacanthidae,Meuschenia,hippocrepis,1,291.229,37465004,Fenelon02R_Mar2015(1).avi,51744,17.248,1.218,10.129,1764.637,14.154,,AD,Attracted,
ISFI02_1503,Monacanthidae,Meuschenia,hippocrepis,1,379.044,37465004,Fenelon02R_Mar2015(1).avi,51744,17.248,3.469,12.939,1983.927,9.187,,AD,Attracted,
ISFI02_1503,Monacanthidae,Meuschenia,hippocrepis,1,315.245,37465004,Fenelon02R_Mar2015(1).avi,51744,17.248,1.881,13.469,1518.22,9.52,,AD,Attracted,
ISFI02_1503,Monacanthidae,Meuschenia,hippocrepis,1,319.649,37465004,Fenelon02R_Mar2015(1).avi,51804,17.268,2.593,14.647,1803.244,11.312,,AD,Attracted,
ISFI02_1503,Monacanthidae,Meuschenia,hippocrepis,1,260.129,37465004,Fenelon02R_Mar2015(1).avi,51804,17.268,1.641,9.652,2230.839,20.483,,AD,Attracted,
ISFI02_1503,Monacanthidae,Meuschenia,hippocrepis,1,270.941,37465004,Fenelon02R_Mar2015(1).avi,51849,17.283,3.836,10.21,1946.855,8.747,,AD,Attracted,
ISFI02_1503,Carangidae,Seriola,hippos,1,669.387,37337007,Fenelon02R_Mar2015(1).avi,52123,17.3743,6.233,15.944,3032.644,11.917,,AD,Passing,
ISFI02_1503,Carangidae,Seriola,hippos,1,775.192,37337007,Fenelon02R_Mar2015(1).avi,63621,21.207,5.23,15.091,2473.439,12.502,,AD,Passing,
ISFI02_1503,Berycidae,Centroberyx,gerrardi,1,258.598,37258004,Fenelon02R_Mar2015(1).avi,69460,23.1533,1.109,14.058,1604.267,6.971,,AD,Passing,
ISFI02_1503,Monacanthidae,Meuschenia,galii,1,238.605,37465040,Fenelon02R_Mar2015(1).avi,69937,23.3123,0.543,7.649,977.225,10.354,,AD,Attracted,
ISFI02_1503,Monacanthidae,Meuschenia,galii,1,225.729,37465040,Fenelon02R_Mar2015(1).avi,70017,23.339,0.891,6.583,1374.699,16.252,,AD,Attracted,
ISFI02_1503,Labridae,Ophthalmolepis,lineolatus,1,223.651,37384040,Fenelon02R_Mar2015(1).avi,71445,23.815,1.666,12.075,2000.029,3.619,,AD,Attracted,
ISFI02_1503,Labridae,Ophthalmolepis,lineolatus,1,208.852,37384040,Fenelon02R_Mar2015(1).avi,71445,23.815,1.503,10.62,1686.209,3.325,,AD,Attracted,
ISFI02_1503,Labridae,Ophthalmolepis,lineolatus,1,188.427,37384040,Fenelon02R_Mar2015(1).avi,71445,23.815,3.735,14.559,2374.021,12.783,,AD,Passing,
ISFI02_1503,Labridae,Ophthalmolepis,lineolatus,1,310.131,37384040,Fenelon02R_Mar2015(1).avi,71445,23.815,6.288,13.182,2679.137,3.596,,AD,Attracted,
ISFI02_1503,Labridae,Ophthalmolepis,lineolatus,1,179.598,37384040,Fenelon02R_Mar2015(1).avi,71462,23.8207,1.794,15.542,1972.58,21.456,,AD,Passing,
ISFI02_1503,Labridae,Ophthalmolepis,lineolatus,1,162.785,37384040,Fenelon02R_Mar2015(1).avi,71462,23.8207,2.507,13.069,1955.461,20.742,,AD,Attracted,
ISFI02_1503,Labridae,Ophthalmolepis,lineolatus,1,203.693,37384040,Fenelon02R_Mar2015(1).avi,71466,23.822,0.756,8.035,1201.047,12.28,,AD,Attracted,
ISFI02_1503,Labridae,Ophthalmolepis,lineolatus,1,225.792,37384040,Fenelon02R_Mar2015(1).avi,71537,23.8457,3.522,14.391,1794.244,13.886,,AD,Attracted,
ISFI02_1503,Labridae,Ophthalmolepis,lineolatus,1,185.227,37384040,Fenelon02R_Mar2015(1).avi,71537,23.8457,2.784,14.028,1753.456,19.636,,AD,Attracted,
ISFI02_1503,Labridae,Ophthalmolepis,lineolatus,1,202.029,37384040,Fenelon02R_Mar2015(1).avi,71570,23.8567,2.559,10.589,1854.934,8.045,,AD,Passing,
ISFI02_1503,Labridae,Ophthalmolepis,lineolatus,1,178.646,37384040,Fenelon02R_Mar2015(1).avi,71591,23.8637,1.743,7.64,1690.728,19.028,,AD,Attracted,
ISFI02_1503,Labridae,Notolabrus,parilus,1,334.349,37384022,Fenelon02R_Mar2015(1).avi,96938,32.3127,13.016,17.478,3988.626,16.604,,M,Passing,
ISFI02_1503,Labridae,Pictilabrus,laticlavius,1,177.032,37384020,Fenelon02R_Mar2015(1).avi,143031,47.677,2.561,17.613,2681.336,6.768,,AD,Passing,
ISFI02_1503,Dinolestidae,Dinolestes,lewini,1,141.299,37327002,Fenelon02R_Mar2015(1).avi,150778,50.2593,4.056,9.733,2243.381,18.749,,AD,Passing,
ISFI02_1503,Dinolestidae,Dinolestes,lewini,1,159.033,37327002,Fenelon02R_Mar2015(1).avi,150778,50.2593,4.184,12.12,2382.376,16.424,,AD,Passing,
ISFI02_1503,Dinolestidae,Dinolestes,lewini,1,155.029,37327002,Fenelon02R_Mar2015(1).avi,150778,50.2593,5.648,12.204,2479.567,14.037,,AD,Passing,
ISFI02_1503,Dinolestidae,Dinolestes,lewini,1,137.418,37327002,Fenelon02R_Mar2015(1).avi,150778,50.2593,4.347,12.65,2351.184,14.678,,AD,Passing,
ISFI02_1503,Dinolestidae,Dinolestes,lewini,1,162.589,37327002,Fenelon02R_Mar2015(1).avi,150778,50.2593,4.939,5.701,2293.231,20.533,,AD,Passing,
ISFI02_1503,Dinolestidae,Dinolestes,lewini,1,161.522,37327002,Fenelon02R_Mar2015(1).avi,150778,50.2593,4.281,8.159,2253.204,17.524,,AD,Passing,
ISFI02_1503,Dinolestidae,Dinolestes,lewini,1,164.212,37327002,Fenelon02R_Mar2015(1).avi,150778,50.2593,4.638,8.399,2366.91,17.028,,AD,Passing,
ISFI02_1503,Dinolestidae,Dinolestes,lewini,1,172.477,37327002,Fenelon02R_Mar2015(1).avi,150778,50.2593,3.27,14.812,2535.316,10.771,,AD,Passing,
ISFI02_1503,Scorpididae,Tilodon,sexfasciatus,1,226.231,37361003,Fenelon02R_Mar2015(1).avi,172274,57.4247,3.873,15.509,1914.048,21.073,,AD,Attracted,
ISFI02_1503,Scorpididae,Tilodon,sexfasciatus,1,249.003,37361003,Fenelon02R_Mar2015(1).avi,172409,57.4697,3.432,13.18,1690.959,15.943,,AD,Attracted,
ISFI04_1503,Carangidae,Seriola,lalandi,1,1073.74,37337006,Fenelon04Rs_Mar2015.avi,31096,17.2928,2.17,6.575,1960.071,14.379,,AD,Attracted,
ISFI04_1503,Gerreidae,Parequula,melbournensis,1,68.586,37349001,Fenelon04Rs_Mar2015.avi,50495,28.0809,3.164,1.185,1817.877,9.875,,AD,Attracted,
ISFI04_1503,Gerreidae,Parequula,melbournensis,1,74.785,37349001,Fenelon04Rs_Mar2015.avi,50525,28.0975,3.71,2.411,1649.688,19.806,,AD,Attracted,
ISFI04_1503,Gerreidae,Parequula,melbournensis,1,78.615,37349001,Fenelon04Rs_Mar2015.avi,50525,28.0975,3.112,0.537,1686.181,16.901,,AD,Attracted,
ISFI04_1503,Gerreidae,Parequula,melbournensis,1,82.555,37349001,Fenelon04Rs_Mar2015.avi,50529,28.0998,2.879,0.011,1361.104,22.265,,AD,Attracted,
ISFI04_1503,Myliobatidae,Myliobatis,tenuicaudatus,1,643.197,37039001,Fenelon04Rs_Mar2015.avi,82877,46.0889,2.671,2.47,2282.669,5.664,,AD,Passing,
ISRO01_1503,Dinolestidae,Dinolestes,lewini,1,228.985,37327002,FrankC-01R_1503.avi,23843,7.9477,1.54,5.555,2110.725,12.895,,AD,Passing,
ISRO01_1503,Chaetodontidae,Chelmonops,curiosus,1,140.01,37365066,FrankC-01R_1503.avi,35857,11.9523,1.869,1.996,2675.17,9.137,,AD,Passing,
ISRO01_1503,Labridae,Notolabrus,tetricus,1,363.41,37384003,FrankC-01R_1503.avi,37590,12.53,3.056,0.724,1878.287,6.142,,M,Attracted,
ISRO01_1503,Monacanthidae,Meuschenia,flavolineata,1,220.318,37465035,FrankC-01R_1503.avi,47901,15.967,2.706,12.613,1956.361,18.599,,AD,Passing,
ISRO01_1503,Labridae,Notolabrus,tetricus,1,205.289,37384003,FrankC-01R_1503.avi,49001,16.3337,2.096,3.208,1824.522,19.981,,F,Attracted,
ISRO01_1503,Labridae,Pictilabrus,laticlavius,1,259.082,37384020,FrankC-01R_1503.avi,53130,17.71,5.982,1.927,2287.641,20.68,,AD,Passing,
ISRO01_1503,Cheilodactylidae,Cheilodactylus,nigripes,1,336.864,37377001,FrankC-01R_1503.avi,74752,24.9173,1.751,1.698,1677.208,16.622,,AD,Attracted,
ISRO01_1503,Monacanthidae,Meuschenia,hippocrepis,1,293.595,37465004,FrankC-01R_1503.avi,79895,26.6317,2.974,2.36,3150.306,13.044,,AD,Passing,
ISRO01_1503,Monacanthidae,Meuschenia,hippocrepis,1,250.627,37465004,FrankC-01R_1503.avi,79901,26.6337,1.991,2.034,2371.241,4.039,,AD,Attracted,
ISRO01_1503,Serranidae,Caesioperca,rasor,1,198.536,37311003,FrankC-01R_1503.avi,90905,30.3017,3.744,3.767,2353.355,15.849,,AD,Attracted,
ISRO01_1503,Serranidae,Caesioperca,rasor,1,185.59,37311003,FrankC-01R_1503.avi,90905,30.3017,5.766,0.841,2360.098,6.742,,AD,Attracted,
ISRO01_1503,Serranidae,Caesioperca,rasor,1,151.208,37311003,FrankC-01R_1503.avi,90905,30.3017,1.286,0.522,1642.484,19.317,,AD,Attracted,
ISRO01_1503,Serranidae,Caesioperca,rasor,1,240.577,37311003,FrankC-01R_1503.avi,90922,30.3073,2.688,0.752,2132.457,10.022,,AD,Attracted,
ISRO01_1503,Labridae,Ophthalmolepis,lineolatus,1,262.469,37384040,FrankC-01R_1503.avi,124076,41.3587,2.625,1.293,1651.94,11.085,,AD,Attracted,
ISRO01_1503,Labridae,Ophthalmolepis,lineolatus,1,226.911,37384040,FrankC-01R_1503.avi,124098,41.366,1.41,2.804,1410.761,15.809,,AD,Attracted,
ISRO01_1503,Labridae,Ophthalmolepis,lineolatus,1,250.805,37384040,FrankC-01R_1503.avi,124163,41.3877,0.98,0.969,1748.591,4.805,,AD,Attracted,
ISRO01_1503,Labridae,Ophthalmolepis,lineolatus,1,213.677,37384040,FrankC-01R_1503.avi,124163,41.3877,8.604,3.628,3049.985,16.955,,AD,Passing,
ISRO01_1503,Labridae,Ophthalmolepis,lineolatus,1,263.535,37384040,FrankC-01R_1503.avi,124175,41.3917,8.4,1.933,3777.048,11.057,,AD,Passing,
ISRO02_1503,Serranidae,Caesioperca,rasor,1,193.752,37311003,FrankC-02L_1503.avi,27860,9.2867,1.434,3.252,2721.955,2.311,Used left cam,AD,Passing,
ISRO02_1503,Serranidae,Caesioperca,rasor,1,246.59,37311003,FrankC-02L_1503.avi,27860,9.2867,3.194,0.861,2065.931,16.507,Used left cam,AD,Attracted,
ISRO02_1503,Serranidae,Caesioperca,rasor,1,183.02,37311003,FrankC-02L_1503.avi,27860,9.2867,4.412,5.355,2482.521,19.348,Used left cam,AD,Passing,
ISRO02_1503,Labridae,Notolabrus,tetricus,1,224.591,37384003,FrankC-02L_1503.avi,29945,9.9817,1.155,0.959,1410.073,12.757,Used left cam,F,Attracted,
ISRO02_1503,Labridae,Notolabrus,tetricus,1,292.528,37384003,FrankC-02L_1503.avi,29949,9.983,1.917,1.488,1877.48,6.461,Used left cam,F,Attracted,
ISRO02_1503,Labridae,Notolabrus,tetricus,1,306.134,37384003,FrankC-02L_1503.avi,30385,10.1283,2.873,0.407,1640.884,1.734,Used left cam,M,Attracted,
ISRO02_1503,Dinolestidae,Dinolestes,lewini,1,266.776,37327002,FrankC-02L_1503.avi,30771,10.257,7.263,12.961,2927.639,22.166,Used left cam,AD,Passing,
ISRO02_1503,Monacanthidae,Meuschenia,galii,1,319.234,37465040,FrankC-02L_1503.avi,54033,18.011,1.472,0.68,1656.545,18.088,Used left cam,AD,Attracted,
ISRO02_1503,Labridae,Ophthalmolepis,lineolatus,1,276.303,37384040,FrankC-02L_1503.avi,81456,27.152,5.56,4.747,2063.371,7.501,Used left cam,AD,Attracted,
ISRO02_1503,Labridae,Ophthalmolepis,lineolatus,1,178.121,37384040,FrankC-02L_1503.avi,81468,27.156,2.937,0.24,1658.634,19.191,Used left cam,AD,Passing,
ISRO02_1503,Labridae,Ophthalmolepis,lineolatus,1,170.816,37384040,FrankC-02L_1503.avi,81468,27.156,3.638,0.555,1898.832,22.255,Used left cam,AD,Passing,
ISRO02_1503,Labridae,Ophthalmolepis,lineolatus,1,177.731,37384040,FrankC-02L_1503.avi,81468,27.156,1.468,0.209,1785.479,4.257,Used left cam,AD,Attracted,
ISRO02_1503,Labridae,Ophthalmolepis,lineolatus,1,204.664,37384040,FrankC-02L_1503.avi,81468,27.156,6.491,1.317,3106.315,1.536,Used left cam,AD,Passing,
ISRO02_1503,Labridae,Ophthalmolepis,lineolatus,1,239.235,37384040,FrankC-02L_1503.avi,81538,27.1793,1.672,4.356,2115.04,7.734,Used left cam,AD,Attracted,
ISRO02_1503,Labridae,Notolabrus,parilus,1,332.948,37384022,FrankC-02L_1503.avi,83222,27.7407,5.363,2.14,2333.762,10.61,Used left cam,M,Passing,
ISRO02_1503,Monacanthidae,Meuschenia,hippocrepis,1,287.518,37465004,FrankC-02L_1503.avi,83875,27.9583,2.39,1.233,1577.101,10.124,Used left cam,AD,Attracted,
ISRO02_1503,Monacanthidae,Meuschenia,hippocrepis,1,291.26,37465004,FrankC-02L_1503.avi,83875,27.9583,4.039,1.417,2597.758,8.493,Used left cam,AD,Attracted,
ISRO02_1503,Labridae,Pictilabrus,laticlavis,1,199.189,37384020,FrankC-02L_1503.avi,85267,28.4223,3.333,0.048,1810.503,11.102,Used left cam,AD,Attracted,
ISRO02_1503,Monacanthidae,Meuschenia,venusta,1,191.224,37465060,FrankC-02L_1503.avi,124566,41.522,1.341,5.303,1539.785,16.775,Used left cam,F,Passing,
ISRO03_1503,Odacidae,Olisthops,cyanomelas,1,320.865,37385001,FrankC-03R_1503.avi,27761,9.2537,3.422,2.781,3366.624,17.815,,AD,Passing,
ISRO03_1503,Scorpididae,Neatypus,obliquus,1,157.417,37361002,FrankC-03R_1503.avi,37663,12.5543,0.817,0.098,1245.984,12.991,,AD,Passing,
ISRO03_1503,Labridae,Notolabrus,tetricus,1,322.521,37384003,FrankC-03R_1503.avi,38337,12.779,1.068,1.675,1592.572,8.517,,M,Attracted,
ISRO03_1503,Labridae,Pictilabrus,laticlavius,1,200.205,37384020,FrankC-03R_1503.avi,43617,14.539,1.093,4.121,1728.712,5.702,,AD,Passing,
ISRO03_1503,Labridae,Notolabrus,tetricus,1,203.158,37384003,FrankC-03R_1503.avi,62416,20.8053,2.817,3.258,1508.193,15.302,,F,Passing,
ISRO03_1503,Pempherididae,Pempheris,sp,1,167.544,37357903,FrankC-03R_1503.avi,74238,24.746,1.911,0.411,2374.058,11.921,,AD,Passing,
ISRO03_1503,Pempherididae,Pempheris,sp,1,171.751,37357903,FrankC-03R_1503.avi,74260,24.7533,2.667,2.763,2223.788,7.558,,AD,Passing,
ISRO03_1503,Pempherididae,Pempheris,sp,1,161.264,37357903,FrankC-03R_1503.avi,74260,24.7533,6.931,0.5,2620.093,8.614,,AD,Passing,
ISRO03_1503,Monacanthidae,Meuschenia,hippocrepis,1,373.469,37465004,FrankC-03R_1503.avi,76573,25.5243,2.178,7.624,1533.667,9.819,,AD,Attracted,
ISRO03_1503,Monacanthidae,Meuschenia,hippocrepis,1,319.86,37465004,FrankC-03R_1503.avi,76588,25.5293,0.984,14.303,1453.89,16.254,,AD,Attracted,
ISRO03_1503,Monacanthidae,Meuschenia,hippocrepis,1,371.871,37465004,FrankC-03R_1503.avi,76595,25.5317,1.171,0.543,1497.266,15.032,,AD,Attracted,
ISRO03_1503,Monacanthidae,Meuschenia,hippocrepis,1,415.063,37465004,FrankC-03R_1503.avi,76620,25.54,1.068,0.761,1611.502,10.783,,AD,Attracted,
ISRO03_1503,Monacanthidae,Meuschenia,hippocrepis,1,272.244,37465004,FrankC-03R_1503.avi,76620,25.54,1.26,3.774,1882.393,10.794,,AD,Passing,
ISRO03_1503,Labridae,Ophthalmolepis,lineolatus,1,216.564,37384040,FrankC-03R_1503.avi,115201,38.4003,0.83,1.115,1034.364,10.403,,AD,Attracted,
ISRO03_1503,Labridae,Ophthalmolepis,lineolatus,1,314.185,37384040,FrankC-03R_1503.avi,115201,38.4003,8.043,2.935,3321.994,17.099,,AD,Passing,
ISRO03_1503,Labridae,Ophthalmolepis,lineolatus,1,196.564,37384040,FrankC-03R_1503.avi,115206,38.402,1.267,1.601,1142.004,4.664,,AD,Attracted,
ISRO03_1503,Labridae,Ophthalmolepis,lineolatus,1,220.077,37384040,FrankC-03R_1503.avi,115217,38.4057,2.527,1.14,1855.399,14.258,,AD,Passing,
ISRO03_1503,Kyphosidae,Girella,zebra,1,322.086,37361008,FrankC-03R_1503.avi,146849,48.9497,3.31,0.946,2036.983,15.661,,AD,Passing,
ISRO03_1503,Monacanthidae,Meuschenia,freycineti,1,241.119,37465036,FrankC-03R_1503.avi,159070,53.0233,1.485,0.869,2074.374,16.195,,F,Passing,
ISRO03_1503,Monacanthidae,Meuschenia,freycineti,1,273.709,37465036,FrankC-03R_1503.avi,159152,53.0507,0.9,1.168,1384.378,13.821,,M,Attracted,
ISRO03_1503,Labridae,Achoerodus,gouldii,1,734.246,37384002,FrankC-03R_1503.avi,163030,54.3433,4.154,5.988,1938.423,13.337,,F,Passing,
ISRO03_1503,Monacanthidae,Meuschenia,flavolineata,1,247.513,37465035,FrankC-03R_1503.avi,164718,54.906,1.278,0.614,1842.267,16.46,,AD,Passing,
ISRO04_1503,Odacidae,Olisthops,cyanomelas,1,291.865,37385001,FrankC-04R_1503.avi,17910,9.96,3.755,4.898,3209.364,14.27,bait ran out at 40 mins,AD,Passing,
ISRO04_1503,Labridae,Pictilabrus,laticlavius,1,185.886,37384020,FrankC-04R_1503.avi,22072,12.2745,1.448,2.524,1509.072,18.961,bait ran out at 40 mins,AD,Passing,
ISRO04_1503,Labridae,Notolabrus,tetricus,1,246.096,37384003,FrankC-04R_1503.avi,26064,14.4945,1.825,0.75,1587.578,16.735,bait ran out at 40 mins,F,Attracted,
ISRO04_1503,Labridae,Notolabrus,tetricus,1,245.116,37384003,FrankC-04R_1503.avi,26087,14.5073,2.281,1.061,1461.145,16.976,bait ran out at 40 mins,F,Attracted,
ISRO04_1503,Labridae,Notolabrus,tetricus,1,365.973,37384003,FrankC-04R_1503.avi,29341,16.3169,1.95,1.539,1882.041,12.538,bait ran out at 40 mins,M,Attracted,
ISRO04_1503,Carangidae,Pseudocaranx,sp,1,188.03,37337924,FrankC-04R_1503.avi,29686,16.5087,0.821,1.098,1038.791,11.879,bait ran out at 40 mins,AD,Attracted,
ISRO04_1503,Carangidae,Pseudocaranx,sp,1,209.725,37337924,FrankC-04R_1503.avi,29686,16.5087,1.358,0.983,1054.464,15.218,bait ran out at 40 mins,AD,Attracted,
ISRO04_1503,Carangidae,Pseudocaranx,sp,1,209.321,37337924,FrankC-04R_1503.avi,29760,16.5499,1.253,2.173,1128.615,4.412,bait ran out at 40 mins,AD,Attracted,
ISRO04_1503,Carangidae,Pseudocaranx,sp,1,195.739,37337924,FrankC-04R_1503.avi,29766,16.5532,1.075,1.541,1080.993,11.925,bait ran out at 40 mins,AD,Attracted,
ISRO04_1503,Carangidae,Pseudocaranx,sp,1,197.65,37337924,FrankC-04R_1503.avi,29772,16.5566,0.979,0.174,1111.127,10.978,bait ran out at 40 mins,AD,Attracted,
ISRO04_1503,Carangidae,Pseudocaranx,sp,1,208.095,37337924,FrankC-04R_1503.avi,29783,16.5627,1.089,1.841,1112.021,14.539,bait ran out at 40 mins,AD,Attracted,
ISRO04_1503,Carangidae,Pseudocaranx,sp,1,189.353,37337924,FrankC-04R_1503.avi,29911,16.6339,1.594,1.775,1694.742,15.325,bait ran out at 40 mins,AD,Attracted,
ISRO04_1503,Carangidae,Pseudocaranx,sp,1,204.69,37337924,FrankC-04R_1503.avi,29911,16.6339,2.389,5.521,1804.288,21.219,bait ran out at 40 mins,AD,Attracted,
ISRO04_1503,Carangidae,Pseudocaranx,sp,1,180.405,37337924,FrankC-04R_1503.avi,29911,16.6339,2.031,2.788,1880.098,17.981,bait ran out at 40 mins,AD,Passing,
ISRO04_1503,Carangidae,Pseudocaranx,sp,1,180.414,37337924,FrankC-04R_1503.avi,33892,18.8477,1.266,1.017,999.183,11.651,bait ran out at 40 mins,AD,Attracted,
ISRO04_1503,Carangidae,Pseudocaranx,sp,1,183.025,37337924,FrankC-04R_1503.avi,33892,18.8477,1.024,3.366,1070.506,11.59,bait ran out at 40 mins,AD,Attracted,
ISRO04_1503,Serranidae,Caesioperca,rasor,1,156.689,37311003,FrankC-04R_1503.avi,56061,31.1762,2.113,1.45,2088.907,19.757,bait ran out at 40 mins,AD,Passing,
ISRO04_1503,Labridae,Ophthalmolepis,lineolatus,1,220.372,37384040,FrankC-04R_1503.avi,68966,38.3528,2.47,1.031,1772.932,7.364,bait ran out at 40 mins,AD,Attracted,
ISRO04_1503,Labridae,Ophthalmolepis,lineolatus,1,240.962,37384040,FrankC-04R_1503.avi,68966,38.3528,5.481,8.677,2163.538,26.106,bait ran out at 40 mins,AD,Attracted,
ISRO04_1503,Labridae,Ophthalmolepis,lineolatus,1,213.693,37384040,FrankC-04R_1503.avi,68966,38.3528,1.335,0.813,1396.782,16.403,bait ran out at 40 mins,AD,Attracted,
ISRO04_1503,Labridae,Ophthalmolepis,lineolatus,1,241.37,37384040,FrankC-04R_1503.avi,68966,38.3528,3.491,0.797,2354.276,12.301,bait ran out at 40 mins,AD,Attracted,
ISRO04_1503,Labridae,Ophthalmolepis,lineolatus,1,194.119,37384040,FrankC-04R_1503.avi,68966,38.3528,3.364,1.47,1944.316,16.625,bait ran out at 40 mins,AD,Attracted,
ISRO04_1503,Labridae,Ophthalmolepis,lineolatus,1,214.726,37384040,FrankC-04R_1503.avi,68975,38.3578,2.954,1.313,2045.031,18.316,bait ran out at 40 mins,AD,Attracted,
ISRO04_1503,Labridae,Ophthalmolepis,lineolatus,1,220.9,37384040,FrankC-04R_1503.avi,68975,38.3578,2.103,0.943,2264.918,10.947,bait ran out at 40 mins,AD,Attracted,
ISRO04_1503,Labridae,Ophthalmolepis,lineolatus,1,230.405,37384040,FrankC-04R_1503.avi,68975,38.3578,5.435,5.2,2089.767,24.177,bait ran out at 40 mins,AD,Attracted,
ISRO04_1503,Monacanthidae,Meuschenia,hippocrepis,1,259.06,37465004,FrankC-04R_1503.avi,79821,44.3894,2.207,1.698,1734.927,12.465,bait ran out at 40 mins,AD,Attracted,
ISRO04_1503,Monacanthidae,Meuschenia,hippocrepis,1,251.372,37465004,FrankC-04R_1503.avi,79821,44.3894,1.964,0.96,2044.534,16.07,bait ran out at 40 mins,AD,Attracted,
ISRO04_1503,Monacanthidae,Meuschenia,hippocrepis,1,300.502,37465004,FrankC-04R_1503.avi,79821,44.3894,2.782,2.344,3213.779,6.888,bait ran out at 40 mins,AD,Passing,
ISRO04_1503,Monacanthidae,Meuschenia,hippocrepis,1,324.599,37465004,FrankC-04R_1503.avi,79870,44.4166,2.27,0.882,1278.112,12.243,bait ran out at 40 mins,AD,Attracted,
ISRO04_1503,Monacanthidae,Meuschenia,galii,1,277.863,37465040,FrankC-04R_1503.avi,80025,44.5028,0.752,1.854,1091.963,11.967,bait ran out at 40 mins,AD,Attracted,
ISRO04_1503,Enoplosidae,Enoplosus,armatus,1,201.645,37366001,FrankC-04R_1503.avi,81468,45.3053,2.495,1.169,1662.674,6.505,bait ran out at 40 mins,AD,Attracted,
ISRO04_1503,Enoplosidae,Enoplosus,armatus,1,209.906,37366001,FrankC-04R_1503.avi,81471,45.307,1.563,2.938,1569.397,13.909,bait ran out at 40 mins,AD,Attracted,
ISRO04_1503,Monacanthidae,Meuschenia,freycineti,1,325.58,37465036,FrankC-04R_1503.avi,87000,48.3817,7.282,9.091,3320.22,23.8,bait ran out at 40 mins,F,Passing,
ISRO04_1503,Monacanthidae,Meuschenia,freycineti,1,313.149,37465036,FrankC-04R_1503.avi,87077,48.4245,4.802,3.58,2449.979,16.036,bait ran out at 40 mins,F,Passing,
ISRO04_1503,Monacanthidae,Meuschenia,freycineti,1,365.31,37465036,FrankC-04R_1503.avi,88435,49.1797,2.31,1.953,1922.496,6.702,bait ran out at 40 mins,M,Attracted,
ISRO04_1503,Pomacentridae,Parma,victoriae,1,196.383,37372006,FrankC-04R_1503.avi,93650,52.0799,1.631,0.546,1261.195,15.422,bait ran out at 40 mins,AD,Attracted,
ISRO04_1503,Scorpididae,Tilodon,sexfasciatus,1,173.013,37361003,FrankC-04R_1503.avi,106292,59.1102,1.699,2.664,1836.852,17.53,bait ran out at 40 mins,AD,Attracted,
ISRO04_1503,Cheilodactylidae,Cheilodactylus,nigripes,1,321.38,37377001,FrankC-04R_1503.avi,111126,61.7985,10.278,1.819,3297.877,14.069,bait ran out at 40 mins,AD,Passing,
ISFO01_1503,Odacidae,Olisthops,cyanomelas,1,319.855,37385001,Freeling01R_Mar2015.avi,28395,9.465,1.411,1.999,2210.028,1.934,,M,Attracted,
ISFO01_1503,Monacanthidae,Acanthaluteres,vittiger,1,140.403,37465002,Freeling01R_Mar2015.avi,40727,13.5757,2.015,9.479,1788.079,17.78,,AD,Attracted,
ISFO01_1503,Monacanthidae,Acanthaluteres,vittiger,1,173.071,37465002,Freeling01R_Mar2015.avi,40727,13.5757,7.365,8.523,2513.93,4.986,,AD,Passing,
ISFO01_1503,Monacanthidae,Acanthaluteres,vittiger,1,204.638,37465002,Freeling01R_Mar2015.avi,40776,13.592,7.332,6.221,2466.231,2.937,,AD,Attracted,
ISFO01_1503,Monacanthidae,Acanthaluteres,vittiger,1,201.532,37465002,Freeling01R_Mar2015.avi,41180,13.7267,0.578,2.529,740.226,6.189,,AD,Attracted,
ISFO01_1503,Monacanthidae,Acanthaluteres,vittiger,1,202.18,37465002,Freeling01R_Mar2015.avi,41180,13.7267,0.911,2.025,1196.553,4.771,,AD,Attracted,
ISFO01_1503,Monacanthidae,Acanthaluteres,vittiger,1,161.019,37465002,Freeling01R_Mar2015.avi,41251,13.7503,0.852,0.781,884.7,9.935,,F,Attracted,
ISFO01_1503,Loliginidae,Sepioteuthis,australis,1,485.495,23617005,Freeling01R_Mar2015.avi,73412,24.4707,13.985,14.124,4059.846,15.998,,AD,Passing,
ISFO01_1503,Myliobatidae,Myliobatis,tenuicaudatus,1,705.677,37039001,Freeling01R_Mar2015.avi,77197,25.7323,2.987,10.382,3354.752,4.582,,AD,Passing,
ISFO01_1503,Labridae,Notolabrus,parilus,1,301.32,37384022,Freeling01R_Mar2015.avi,100060,33.3533,4.485,9.575,2157.058,15.805,,AD,Passing,
ISFO01_1503,Monacanthidae,Scobinichthys,granulatus,1,265.322,37465007,Freeling01R_Mar2015.avi,135631,45.2103,0.647,2.367,789.217,1.683,,AD,Attracted,
ISFO01_1503,Dinolestidae,Dinolestes,lewini,1,282.355,37327002,Freeling01R_Mar2015.avi,136332,45.444,6.342,9.667,2457.979,19.216,,AD,Passing,
ISFO01_1503,Monacanthidae,Meuschenia,galii,1,248.998,37465040,Freeling01R_Mar2015.avi,169664,56.5547,0.56,0.301,1062.603,0.332,,AD,Attracted,
ISFO01_1503,Labridae,Ophthalmolepis,lineolatus,1,171.833,37384040,Freeling01R_Mar2015.avi,184516,61.5053,0.917,3.759,1612.131,2.89,,AD,Attracted,
ISFO01_1503,Labridae,Ophthalmolepis,lineolatus,1,253.621,37384040,Freeling01R_Mar2015.avi,184516,61.5053,3.701,3.891,1808.915,9.339,,AD,Attracted,
ISFO01_1503,Labridae,Ophthalmolepis,lineolatus,1,244.135,37384040,Freeling01R_Mar2015.avi,184524,61.508,0.947,4.618,1741.75,7.259,,AD,Passing,
ISFO01_1503,Labridae,Ophthalmolepis,lineolatus,1,213.482,37384040,Freeling01R_Mar2015.avi,184524,61.508,5.716,0.643,2614.909,17.534,,AD,Passing,
ISFO01_1503,Labridae,Ophthalmolepis,lineolatus,1,238.536,37384040,Freeling01R_Mar2015.avi,184524,61.508,1.876,6.575,2601.97,6.299,,AD,Passing,
ISFO01_1503,Labridae,Ophthalmolepis,lineolatus,1,212.458,37384040,Freeling01R_Mar2015.avi,184632,61.544,2.28,3.78,1692.665,9.399,,AD,Attracted,
ISFO01_1503,Monacanthidae,Meuschenia,freycineti,1,342.516,37465036,Freeling01R_Mar2015.avi,185524,61.8413,0.638,0.923,1112.976,5.491,,M,Attracted,
ISFO01_1503,Monacanthidae,Meuschenia,freycineti,1,271.671,37465036,Freeling01R_Mar2015.avi,185664,61.888,1.669,4.663,1571.045,19.482,,F,Attracted,
ISFO01_1503,Monacanthidae,Meuschenia,freycineti,1,279.361,37465036,Freeling01R_Mar2015.avi,185679,61.893,2.168,0.877,1559.58,17.878,,F,Attracted,
ISFO01_1503,Monacanthidae,Meuschenia,freycineti,1,218.011,37465036,Freeling01R_Mar2015.avi,185679,61.893,0.79,4.455,1106.223,2.866,,F,Attracted,
ISFO01_1503,Monacanthidae,Meuschenia,freycineti,1,339.66,37465036,Freeling01R_Mar2015.avi,186076,62.0253,1.749,3.709,2158.488,2.38,,F,Passing,
ISFO01_1503,Sillaginidae,Sillaginodes,punctatus,1,456.908,37330001,Freeling01R_Mar2015.avi,191427,63.809,2.898,13.709,3150.917,9.173,,AD,Passing,
ISFO01_1503,Sillaginidae,Sillaginodes,punctatus,1,354.692,37330001,Freeling01R_Mar2015.avi,191427,63.809,7.512,6.666,3227.108,10.175,,AD,Passing,
ISFO02_1503,Odacidae,Olisthops,cyanomelas,1,321.638,37385001,Freeling02R_Mar2015.avi,7486,2.4953,7.547,8.945,2383.693,11.99,,M,Passing,
ISFO02_1503,Monacanthidae,Acanthaluteres,vittiger,1,190.931,37465002,Freeling02R_Mar2015.avi,23322,7.774,0.591,4.827,977.008,5.119,,F,Feeding,
ISFO02_1503,Monacanthidae,Acanthaluteres,vittiger,1,160.467,37465002,Freeling02R_Mar2015.avi,23581,7.8603,1.381,7.684,1486.601,9.608,,AD,Attracted,
ISFO02_1503,Monacanthidae,Acanthaluteres,vittiger,1,188.61,37465002,Freeling02R_Mar2015.avi,23586,7.862,0.639,5.037,950.601,6.25,,F,Attracted,
ISFO02_1503,Monacanthidae,Acanthaluteres,vittiger,1,157.311,37465002,Freeling02R_Mar2015.avi,23586,7.862,0.69,4.363,966.9,7.976,,F,Attracted,
ISFO02_1503,Monacanthidae,Acanthaluteres,vittiger,1,170.468,37465002,Freeling02R_Mar2015.avi,23586,7.862,1.127,7.303,1487.219,16.172,,F,Attracted,
ISFO02_1503,Enoplosidae,Enoplosus,armatus,1,189.719,37366001,Freeling02R_Mar2015.avi,24865,8.2883,1.591,7.232,1577.098,8.858,,AD,Attracted,
ISFO02_1503,Enoplosidae,Enoplosus,armatus,1,182.677,37366001,Freeling02R_Mar2015.avi,25195,8.3983,1.294,6.306,1481.8,8.983,,AD,Attracted,
ISFO02_1503,Labridae,Notolabrus,parilus,1,327.274,37384022,Freeling02R_Mar2015.avi,55789,18.5963,6.399,12.922,2692.02,9.335,,M,Passing,
ISFO02_1503,Labridae,Notolabrus,parilus,1,196.096,37384022,Freeling02R_Mar2015.avi,55795,18.5983,2.533,9.378,2586.243,14.759,,F,Passing,
ISFO02_1503,Mullidae,Upeneichthys,vlamingii,1,210.436,37355029,Freeling02R_Mar2015.avi,57793,19.2643,7.94,11.495,3071.514,3.467,,AD,Passing,
ISFO02_1503,Myliobatidae,Myliobatis,tenuicaudatus,1,639.984,37039001,Freeling02R_Mar2015.avi,131761,43.9203,0.824,5.26,1249.895,2.031,,AD,Attracted,
ISFO02_1503,Myliobatidae,Myliobatis,tenuicaudatus,1,621.586,37039001,Freeling02R_Mar2015.avi,151380,50.46,10.554,13.248,4096.299,5.89,,AD,Passing,
ISFO02_1503,Sillaginidae,Sillaginodes,punctatus,1,405.725,37330001,Freeling02R_Mar2015.avi,152775,50.925,4.777,10.206,3396.874,5.163,,AD,Passing,
ISFO02_1503,Myliobatidae,Myliobatis,tenuicaudatus,1,705.577,37039001,Freeling02R_Mar2015.avi,158104,52.7013,4.803,10.152,2582.733,11.156,,AD,Passing,
ISFO02_1503,Monacanthidae,Meuschenia,freycineti,1,268.868,37465036,Freeling02R_Mar2015.avi,166235,55.4117,1.353,5.7,1435.355,5.642,,F,Attracted,
ISFO02_1503,Monacanthidae,Meuschenia,freycineti,1,296.613,37465036,Freeling02R_Mar2015.avi,166245,55.415,2.394,7.723,1564.773,13.112,,F,Attracted,
ISFO02_1503,Monacanthidae,Meuschenia,freycineti,1,223.085,37465036,Freeling02R_Mar2015.avi,166594,55.5313,0.811,3.54,972.552,10.494,,F,Attracted,
ISFO02_1503,Labridae,Ophthalmolepis,lineolatus,1,220.157,37384040,Freeling02R_Mar2015.avi,168500,56.1667,0.96,6.355,1479.244,3.796,,AD,Attracted,
ISFO02_1503,Labridae,Ophthalmolepis,lineolatus,1,199.184,37384040,Freeling02R_Mar2015.avi,168514,56.1713,1.592,5.488,1346.307,2.637,,AD,Attracted,
ISFO02_1503,Labridae,Ophthalmolepis,lineolatus,1,293.621,37384040,Freeling02R_Mar2015.avi,168514,56.1713,1.268,2.933,1375.776,8.105,,M,Attracted,
ISFO02_1503,Labridae,Ophthalmolepis,lineolatus,1,248.78,37384040,Freeling02R_Mar2015.avi,168543,56.181,3.237,0.993,1629.718,10.823,,AD,Attracted,
ISFO02_1503,Labridae,Ophthalmolepis,lineolatus,1,213.827,37384040,Freeling02R_Mar2015.avi,172085,57.3617,0.792,0.735,1285.142,14.223,,AD,Attracted,
ISFO02_1503,Labridae,Ophthalmolepis,lineolatus,1,211.644,37384040,Freeling02R_Mar2015.avi,172085,57.3617,2.328,6.395,1667.429,6.578,,AD,Attracted,
ISFO02_1503,Labridae,Ophthalmolepis,lineolatus,1,256.099,37384040,Freeling02R_Mar2015.avi,172085,57.3617,2.257,6.785,2064.325,4.668,,M,Attracted,
ISFO02_1503,Sphyraenidae,Sphyraena,novaehollandiae,1,582.689,37382002,Freeling02R_Mar2015.avi,239413,79.8043,2.26,9.33,2172.521,6.945,,AD,Passing,0 sp. (out of time)
ISLO01_1503,Mullidae,Upeneichthys,vlamingii,1,216.995,37355029,Lacey01R_Mar2015.avi,10380,3.46,0.986,1.187,1549.108,5.139,,AD,Passing,
ISLO01_1503,Mullidae,Upeneichthys,vlamingii,1,188.489,37355029,Lacey01R_Mar2015.avi,10395,3.465,2.008,0.922,1794.446,20.31,,AD,Passing,
ISLO01_1503,Serranidae,Caesioperca,rasor,1,196.385,37311003,Lacey01R_Mar2015.avi,38246,12.7487,1.497,0.883,1538.455,7.348,,AD,Passing,
ISLO01_1503,Serranidae,Caesioperca,rasor,1,201.333,37311003,Lacey01R_Mar2015.avi,39191,13.0637,4.227,0.852,2569.883,14.374,,AD,Passing,
ISLO01_1503,Serranidae,Caesioperca,rasor,1,179.442,37311003,Lacey01R_Mar2015.avi,39191,13.0637,5.192,2.481,2722.423,14.261,,AD,Passing,
ISLO01_1503,Gerreidae,Parequula,melbournensis,1,155.21,37349001,Lacey01R_Mar2015.avi,50365,16.7883,0.6,1.561,873.238,9.838,,AD,Attracted,
ISLO01_1503,Gerreidae,Parequula,melbournensis,1,165.5,37349001,Lacey01R_Mar2015.avi,51197,17.0657,0.886,4.545,1233.737,16.587,,AD,Attracted,
ISLO01_1503,Aulopidae,Latropiscis,purpurissatus,1,267.036,37117001,Lacey01R_Mar2015.avi,54875,18.2917,1.515,1.388,1147.89,9.668,,AD,Attracted,
ISLO01_1503,Monacanthidae,Acanthaluteres,vittiger,1,183.093,37465002,Lacey01R_Mar2015.avi,65421,21.807,1.224,0.981,2015.165,6.734,,F,Attracted,
ISLO01_1503,Labridae,Notolabrus,parilus,1,228.6,37384022,Lacey01R_Mar2015.avi,88924,29.6413,0.51,1.383,950.852,5.398,,F,Attracted,
ISLO01_1503,Labridae,Notolabrus,tetricus,1,276.56,37384003,Lacey01R_Mar2015.avi,89794,29.9313,1.855,0.188,1333.548,13.65,,F,Attracted,
ISLO01_1503,Labridae,Notolabrus,parilus,1,307.733,37384022,Lacey01R_Mar2015.avi,91060,30.3533,3.272,1.612,1892.976,3.923,,M,Attracted,
ISLO01_1503,Sillaginidae,Sillaginodes,punctatus,1,399.579,37330001,Lacey01R_Mar2015.avi,91904,30.6347,1.487,1.592,2099.977,2.096,,AD,Attracted,
ISLO01_1503,Sillaginidae,Sillaginodes,punctatus,1,411.116,37330001,Lacey01R_Mar2015.avi,91904,30.6347,2.946,3.415,1746.564,14.382,,AD,Attracted,
ISLO01_1503,Sillaginidae,Sillaginodes,punctatus,1,397.506,37330001,Lacey01R_Mar2015.avi,91964,30.6547,3.962,5.867,1917.15,13.567,,AD,Attracted,
ISLO01_1503,Sillaginidae,Sillaginodes,punctatus,1,361.545,37330001,Lacey01R_Mar2015.avi,92599,30.8663,4.583,4.303,2263.177,19.137,,AD,Attracted,
ISLO01_1503,Myliobatidae,Myliobatis,tenuicaudatus,1,610.797,37039001,Lacey01R_Mar2015.avi,97353,32.451,2.678,1.108,2354.458,2.423,,AD,Passing,
ISLO01_1503,Cheilodactylidae,Nemadactylus,valenciennesi,1,327.237,37377004,Lacey01R_Mar2015.avi,110117,36.7057,1.261,1.528,1624.41,13.506,,J,Attracted,
ISLO01_1503,Carangidae,Pseudocaranx,sp,1,173.649,37337924,Lacey01R_Mar2015.avi,139298,46.4327,0.914,0.502,1500.234,14.812,,AD,Passing,
ISLO01_1503,Labridae,Ophthalmolepis,lineolatus,1,305.122,37384040,Lacey01R_Mar2015.avi,143414,47.8047,1.858,2.061,1180.01,12.315,,AD,Attracted,
ISLO01_1503,Labridae,Ophthalmolepis,lineolatus,1,209.929,37384040,Lacey01R_Mar2015.avi,143414,47.8047,0.775,0.911,1159.718,2.543,,AD,Attracted,
ISLO01_1503,Labridae,Ophthalmolepis,lineolatus,1,206.734,37384040,Lacey01R_Mar2015.avi,143414,47.8047,5.146,4.81,2127.222,12.9,,AD,Attracted,
ISLO01_1503,Labridae,Ophthalmolepis,lineolatus,1,209.414,37384040,Lacey01R_Mar2015.avi,143414,47.8047,1.132,2.22,1379.789,11.331,,AD,Attracted,
ISLO01_1503,Labridae,Ophthalmolepis,lineolatus,1,233.842,37384040,Lacey01R_Mar2015.avi,143427,47.809,2.794,2.514,1784.092,9.48,,AD,Attracted,
ISLO01_1503,Labridae,Ophthalmolepis,lineolatus,1,181.822,37384040,Lacey01R_Mar2015.avi,144129,48.043,1.483,2.207,1384.643,11.905,,AD,Attracted,
ISLO01_1503,Labridae,Ophthalmolepis,lineolatus,1,189.177,37384040,Lacey01R_Mar2015.avi,144129,48.043,2.29,4.1,1683.566,9.015,,AD,Attracted,
ISLO01_1503,Labridae,Ophthalmolepis,lineolatus,1,184.948,37384040,Lacey01R_Mar2015.avi,144129,48.043,1.504,2.654,1597.633,2.209,,AD,Attracted,
ISLO01_1503,Labridae,Ophthalmolepis,lineolatus,1,168.017,37384040,Lacey01R_Mar2015.avi,144129,48.043,1.624,1.987,1527.307,13.208,,AD,Attracted,
ISLO01_1503,Labridae,Ophthalmolepis,lineolatus,1,195.382,37384040,Lacey01R_Mar2015.avi,144129,48.043,2.325,1.059,1363.197,10.303,,AD,Attracted,
ISLO01_1503,Monacanthidae,Meuschenia,hippocrepis,1,367.784,37465004,Lacey01R_Mar2015.avi,156538,52.1793,1.344,4.758,1914.402,14.502,,AD,Attracted,
ISLO01_1503,Monacanthidae,Meuschenia,hippocrepis,1,399.728,37465004,Lacey01R_Mar2015.avi,156648,52.216,0.834,1.621,1144.931,5.68,,AD,Feeding,
ISLO01_1503,Monacanthidae,Meuschenia,hippocrepis,1,331.227,37465004,Lacey01R_Mar2015.avi,156928,52.3093,2.681,1.04,1551.551,4.019,,AD,Attracted,
ISLO01_1503,Monacanthidae,Meuschenia,freycineti,1,359.809,37465036,Lacey01R_Mar2015.avi,158288,52.7627,1.036,0.804,1271.444,7.108,,M,Feeding,
ISLO01_1503,Monacanthidae,Meuschenia,freycineti,1,219.229,37465036,Lacey01R_Mar2015.avi,184168,61.3893,0.846,3.975,843.785,5.011,,F,Attracted,
ISLO02_1503,Odacidae,Olisthops,cyanomelas,1,334.832,37385001,Lacey02R_Mar2015.avi,7623,2.541,7.875,0.905,2567.854,13.846,,AD,Passing,
ISLO02_1503,Labridae,Pictilabrus,laticlavius,1,156.288,37384020,Lacey02R_Mar2015.avi,36485,12.1617,2.803,1.415,2597.764,8.528,,AD,Passing,
ISLO02_1503,Labridae,Pictilabrus,laticlavius,1,140.484,37384020,Lacey02R_Mar2015.avi,36485,12.1617,3.218,0.826,2403.683,3.419,,AD,Passing,
ISLO02_1503,Serranidae,Caesioperca,rasor,1,187.227,37311003,Lacey02R_Mar2015.avi,53479,17.8263,1.185,7.277,1736.319,14.655,,AD,Passing,
ISLO02_1503,Serranidae,Caesioperca,rasor,1,180.375,37311003,Lacey02R_Mar2015.avi,53732,17.9107,2.874,4.954,2203.241,20.884,,AD,Passing,
ISLO02_1503,Monacanthidae,Meuschenia,hippocrepis,1,363.872,37465004,Lacey02R_Mar2015.avi,67244,22.4147,2.281,0.814,2159.509,8.423,,AD,Attracted,
ISLO02_1503,Monacanthidae,Meuschenia,hippocrepis,1,243.696,37465004,Lacey02R_Mar2015.avi,67874,22.6247,0.845,4.419,1198.467,10.795,,AD,Attracted,
ISLO02_1503,Monacanthidae,Meuschenia,freycineti,1,331.61,37465036,Lacey02R_Mar2015.avi,71094,23.698,2.028,2.253,1675.568,10.756,,M,Passing,
ISLO02_1503,Monacanthidae,Meuschenia,galii,1,243.523,37465040,Lacey02R_Mar2015.avi,102391,34.1303,1.594,1.652,1532.14,1.582,,AD,Attracted,
ISLO02_1503,Labridae,Notolabrus,parilus,1,336.651,37384022,Lacey02R_Mar2015.avi,151028,50.3427,11.254,0.716,2992.186,16.125,,M,Passing,
ISLO02_1503,Cheilodactylidae,Cheilodactylus,nigripes,1,309.66,37377001,Lacey02R_Mar2015.avi,151901,50.6337,5.214,0.784,2829.955,10.328,,AD,Passing,
ISLO02_1503,Labridae,Notolabrus,tetricus,1,324.361,37384003,Lacey02R_Mar2015.avi,157332,52.444,1.802,3.235,1781.41,8.583,,M,Attracted,
ISLO02_1503,Labridae,Notolabrus,tetricus,1,181.846,37384003,Lacey02R_Mar2015.avi,157392,52.464,5.359,1.318,2726.469,17.475,,F,Attracted,
ISLO02_1503,Labridae,Notolabrus,tetricus,1,274.413,37384003,Lacey02R_Mar2015.avi,157492,52.4973,0.669,1.985,958.918,5.834,,F,Attracted,
ISLO02_1503,Labridae,Ophthalmolepis,lineolatus,1,275.424,37384040,Lacey02R_Mar2015.avi,167526,55.842,1.84,0.68,2237.851,13.639,,AD,Passing,
ISLO02_1503,Labridae,Ophthalmolepis,lineolatus,1,161.669,37384040,Lacey02R_Mar2015.avi,167556,55.852,1.725,0.413,1725.371,10.568,,AD,Attracted,
ISLO02_1503,Labridae,Ophthalmolepis,lineolatus,1,327.68,37384040,Lacey02R_Mar2015.avi,167556,55.852,2.952,3.077,1551.777,11.364,,AD,Attracted,
ISLO02_1503,Labridae,Ophthalmolepis,lineolatus,1,99.945,37384040,Lacey02R_Mar2015.avi,167676,55.892,0.759,0.833,1465.571,1.033,,J,Attracted,
ISLO02_1503,Labridae,Ophthalmolepis,lineolatus,1,214.643,37384040,Lacey02R_Mar2015.avi,167736,55.912,0.632,3.226,930.602,4.666,,AD,Attracted,
ISLO02_1503,Scorpididae,Neatypus,obliquus,1,137.603,37361002,Lacey02R_Mar2015.avi,180691,60.2303,1.144,4.002,1580.893,14.702,,AD,Passing,
ISLO02_1503,Myliobatidae,Myliobatis,tenuicaudatus,1,509.261,37039001,Lacey02R_Mar2015.avi,182780,60.9267,6.321,1.066,3659.88,13.208,,AD,Passing,
ISLO02_1503,Monacanthidae,Meuschenia,freycineti,1,256.769,37465036,Lacey02R_Mar2015.avi,245976,81.992,2.078,4.029,1623.213,14.655,,F,Passing,
ISLO03_1503,Serranidae,Caesioperca,rasor,1,135.582,37311003,Lacey03R_Mar2015.avi,32454,10.818,1.966,4.145,2263.581,7.881,,AD,Attracted,
ISLO03_1503,Serranidae,Caesioperca,rasor,1,149.502,37311003,Lacey03R_Mar2015.avi,32454,10.818,2.71,9.482,2614.98,20.319,,AD,Attracted,
ISLO03_1503,Myliobatidae,Myliobatis,tenuicaudatus,1,620.675,37039001,Lacey03R_Mar2015.avi,56419,18.8063,1.321,0.782,1921.031,3.316,,AD,Attracted,missing tail
ISLO03_1503,Carangidae,Pseudocaranx,sp,1,212.779,37337924,Lacey03R_Mar2015.avi,59452,19.8173,0.988,4.297,1655.915,6.423,,AD,Attracted,
ISLO03_1503,Carangidae,Pseudocaranx,sp,1,197.347,37337924,Lacey03R_Mar2015.avi,59452,19.8173,1.564,1.474,1692.893,11.039,,AD,Attracted,
ISLO03_1503,Carangidae,Pseudocaranx,sp,1,193.006,37337924,Lacey03R_Mar2015.avi,59452,19.8173,2.49,1.293,1645.745,17.156,,AD,Attracted,
ISLO03_1503,Carangidae,Pseudocaranx,sp,1,184.764,37337924,Lacey03R_Mar2015.avi,59452,19.8173,1.337,3.338,1579.384,13.468,,AD,Attracted,
ISLO03_1503,Carangidae,Pseudocaranx,sp,1,217.492,37337924,Lacey03R_Mar2015.avi,59452,19.8173,2.118,6.096,1467.532,9.535,,AD,Attracted,
ISLO03_1503,Carangidae,Pseudocaranx,sp,1,187.515,37337924,Lacey03R_Mar2015.avi,59452,19.8173,0.944,5.611,1467.888,17.651,,AD,Attracted,
ISLO03_1503,Carangidae,Pseudocaranx,sp,1,199.993,37337924,Lacey03R_Mar2015.avi,59452,19.8173,0.831,5.98,1564.769,13.905,,AD,Attracted,
ISLO03_1503,Carangidae,Pseudocaranx,sp,1,218.157,37337924,Lacey03R_Mar2015.avi,59502,19.834,0.826,4.291,1173.767,9.795,,AD,Attracted,
ISLO03_1503,Carangidae,Pseudocaranx,sp,1,206.021,37337924,Lacey03R_Mar2015.avi,59502,19.834,0.698,7.625,1366.292,13,,AD,Attracted,
ISLO03_1503,Carangidae,Pseudocaranx,sp,1,211.93,37337924,Lacey03R_Mar2015.avi,59512,19.8373,2.542,5.556,1535.538,11.049,,AD,Attracted,
ISLO03_1503,Carangidae,Pseudocaranx,sp,1,219.926,37337924,Lacey03R_Mar2015.avi,59542,19.8473,1.001,7.699,1461.825,18.283,,AD,Attracted,
ISLO03_1503,Carangidae,Pseudocaranx,sp,1,193.988,37337924,Lacey03R_Mar2015.avi,59722,19.9073,1.809,5.382,1409.383,11.132,,AD,Attracted,
ISLO03_1503,Carangidae,Pseudocaranx,sp,1,198.144,37337924,Lacey03R_Mar2015.avi,59722,19.9073,1.825,12.49,1395.809,19.412,,AD,Attracted,
ISLO03_1503,Labridae,Notolabrus,parilus,1,357.949,37384022,Lacey03R_Mar2015.avi,82392,27.464,1.112,0.614,1752.828,2.623,,M,Attracted,
ISLO03_1503,Labridae,Notolabrus,parilus,1,292.755,37384022,Lacey03R_Mar2015.avi,84291,28.097,1.358,3.057,2368.569,6.388,,AD,Passing,
ISLO03_1503,Labridae,Notolabrus,parilus,1,274.898,37384022,Lacey03R_Mar2015.avi,84758,28.2527,5.054,4.446,2032.355,13.849,,AD,Attracted,
ISLO03_1503,Scorpididae,Neatypus,obliquus,1,131.328,37361002,Lacey03R_Mar2015.avi,96820,32.2733,2.223,4.962,2116.432,11.03,,AD,Passing,
ISLO03_1503,Myliobatidae,Myliobatis,tenuicaudatus,1,745.293,37039001,Lacey03R_Mar2015.avi,107190,35.73,3.534,0.421,2501.423,9.407,,AD,Passing,
ISLO03_1503,Myliobatidae,Myliobatis,tenuicaudatus,1,626.175,37039001,Lacey03R_Mar2015.avi,141619,47.2063,5.63,6.926,2795.882,13.747,,AD,Attracted,
ISLO03_1503,Aulopidae,Latropiscis,purpurissatus,1,305.269,37117001,Lacey03R_Mar2015.avi,145342,48.4473,3.388,10.742,3789.327,9.539,,AD,Passing,
ISLO03_1503,Myliobatidae,Myliobatis,tenuicaudatus,1,663.208,37039001,Lacey03R_Mar2015.avi,159892,53.2973,2.348,3.657,2764.126,5.803,,AD,Passing,
ISLO03_1503,Serranidae,Caesioperca,rasor,1,149.432,37311003,Lacey03R_Mar2015.avi,188282,62.7607,3.709,5.669,1991.429,23.109,,AD,Attracted,
ISLO03_1503,Serranidae,Caesioperca,rasor,1,148.111,37311003,Lacey03R_Mar2015.avi,188302,62.7673,0.43,3.18,815.672,12.067,,AD,Attracted,
ISLO03_1503,Serranidae,Caesioperca,rasor,1,168.901,37311003,Lacey03R_Mar2015.avi,188302,62.7673,1.303,7.242,1732.283,16.103,,AD,Attracted,
ISLO03_1503,Serranidae,Caesioperca,rasor,1,158.724,37311003,Lacey03R_Mar2015.avi,188302,62.7673,1.364,5.735,2088.591,9.625,,AD,Attracted,
ISMI01_1503,Odacidae,Olisthops,cyanomelas,1,334.337,37385001,Mas01R.avi,21412,7.1373,3.909,0.427,2523.852,12.588,,M,Passing,
ISMI01_1503,Labridae,Austrolabrus,maculatus,1,135.836,37384025,Mas01R.avi,22085,7.3617,3.41,5.552,1696.485,10.92,,AD,Passing,
ISMI01_1503,Enoplosidae,Enoplosus,armatus,1,179.081,37366001,Mas01R.avi,25118,8.3727,2.211,0.28,2082.254,18.125,,AD,Passing,
ISMI01_1503,Labridae,Achoerodus,gouldii,1,769.999,37384002,Mas01R.avi,25156,8.3853,2.364,1.85,2041.083,9.143,,M,Attracted,
ISMI01_1503,Labridae,Notolabrus,tetricus,1,234.067,37384003,Mas01R.avi,26890,8.9633,2.009,0.892,1913.411,9.2,,F,Passing,
ISMI01_1503,Monacanthidae,Meuschenia,galii,1,268.56,37465040,Mas01R.avi,33507,11.169,3,0.803,1857.94,5.836,,AD,Passing,
ISMI01_1503,Monacanthidae,Meuschenia,hippocrepis,1,367.716,37465004,Mas01R.avi,36339,12.113,3.853,0.758,1935.361,3.615,,AD,Passing,
ISMI01_1503,Monacanthidae,Meuschenia,hippocrepis,1,314.862,37465004,Mas01R.avi,36339,12.113,1.814,6.863,2412.371,15.27,,AD,Passing,
ISMI01_1503,Monacanthidae,Meuschenia,hippocrepis,1,392.952,37465004,Mas01R.avi,36339,12.113,2.241,0.806,1644.861,19.971,,AD,Attracted,
ISMI01_1503,Scorpididae,Tilodon,sexfasciatus,1,189.855,37361003,Mas01R.avi,48521,16.1737,2.516,0.254,1607.097,22.235,,AD,Passing,
ISMI01_1503,Serranidae,Caesioperca,rasor,1,137.006,37311003,Mas01R.avi,48745,16.2483,2.298,0.889,1999.901,13.534,,AD,Passing,
ISMI01_1503,Labridae,Notolabrus,tetricus,1,335.816,37384003,Mas01R.avi,53575,17.8583,0.763,1.068,1078.768,9.743,,M,Feeding,
ISMI01_1503,Kyphosidae,Kyphosus,sydneyanus,1,669.12,37361001,Mas01R.avi,93161,31.0537,5.081,0.463,2659.075,8.097,,AD,Passing,
ISMI01_1503,Labridae,Ophthalmolepis,lineolatus,1,181.053,37384040,Mas01R.avi,99825,33.275,1.62,0.615,1400.661,17.606,,AD,Attracted,
ISMI01_1503,Labridae,Ophthalmolepis,lineolatus,1,197.934,37384040,Mas01R.avi,99825,33.275,1.383,1.023,1236.947,14.029,,AD,Attracted,
ISMI01_1503,Labridae,Ophthalmolepis,lineolatus,1,190.478,37384040,Mas01R.avi,99825,33.275,2.888,2.71,1502.091,10.296,,AD,Passing,
ISMI01_1503,Labridae,Ophthalmolepis,lineolatus,1,210.472,37384040,Mas01R.avi,99825,33.275,1.734,0.905,1387.927,22.053,,AD,Attracted,
ISMI01_1503,Labridae,Ophthalmolepis,lineolatus,1,140.711,37384040,Mas01R.avi,99825,33.275,1.774,0.286,1997.621,3.581,,AD,Passing,
ISMI01_1503,Labridae,Ophthalmolepis,lineolatus,1,153.329,37384040,Mas01R.avi,99825,33.275,1.127,0.399,1300.726,18.96,,AD,Attracted,
ISMI01_1503,Labridae,Ophthalmolepis,lineolatus,1,192.075,37384040,Mas01R.avi,99840,33.28,1.623,0.684,1235.669,10.672,,AD,Attracted,
ISMI01_1503,Labridae,Ophthalmolepis,lineolatus,1,155.671,37384040,Mas01R.avi,99840,33.28,0.996,0.965,1958.448,2.949,,AD,Passing,
ISMI01_1503,Labridae,Ophthalmolepis,lineolatus,1,106.663,37384040,Mas01R.avi,99840,33.28,1.099,2.315,2160.371,3.822,,J,Passing,
ISMI01_1503,Labridae,Ophthalmolepis,lineolatus,1,182.7,37384040,Mas01R.avi,99845,33.2817,1.071,0.948,932.729,18.143,,AD,Passing,
ISMI01_1503,Labridae,Ophthalmolepis,lineolatus,1,213.283,37384040,Mas01R.avi,99860,33.2867,1.675,1.727,1394.376,8.597,,AD,Attracted,
ISMI01_1503,Mullidae,Upeneichthys,vlamingii,1,225.035,37355029,Mas01R.avi,103522,34.5073,2.501,0.409,2127.049,11.255,,AD,Passing,
ISMI01_1503,Dinolestidae,Dinolestes,lewini,1,228.047,37327002,Mas01R.avi,133365,44.455,3.189,7.092,2463.427,17.262,,AD,Passing,
ISMI01_1503,Dinolestidae,Dinolestes,lewini,1,233.671,37327002,Mas01R.avi,133365,44.455,5.721,6.296,2457.115,13.955,,AD,Passing,
ISMI01_1503,Dinolestidae,Dinolestes,lewini,1,293.462,37327002,Mas01R.avi,133365,44.455,5.291,3.198,2365.25,9.441,,AD,Passing,
ISMI01_1503,Dinolestidae,Dinolestes,lewini,1,298.467,37327002,Mas01R.avi,133365,44.455,5.417,9.58,2614.488,12.24,,AD,Passing,
ISMI01_1503,Labridae,Notolabrus,parilus,1,256.164,37384022,Mas01R.avi,135065,45.0217,3.454,1.442,2427.319,18.085,,AD,Passing,
ISMI01_1503,Cheilodactylidae,Cheilodactylus,nigripes,1,326.604,37377001,Mas01R.avi,152727,50.909,1.25,0.954,1625.023,13.208,,AD,Attracted,
ISMI01_1503,Cheilodactylidae,Cheilodactylus,nigripes,1,345.144,37377001,Mas01R.avi,152727,50.909,1.261,0.148,1236.278,14.014,,AD,Attracted,
ISMI01_1503,Labridae,Achoerodus,gouldii,1,456.5,37384002,Mas01R.avi,161436,53.812,2.05,0.866,1656.937,11.983,,F,Passing,
ISMI01_1503,Labridae,Pictilabrus,laticlavius,1,212.399,37384020,Mas01R.avi,173904,57.968,8.293,0.795,2588.428,18.308,,AD,Passing,
ISMI01_1503,Labridae,Pictilabrus,laticlavius,1,191.707,37384020,Mas01R.avi,173964,57.988,8.226,0.909,2799.819,18.851,,AD,Passing,
ISMI01_1503,Scorpididae,Neatypus,obliquus,1,139.609,37361002,Mas01R.avi,178921,59.6403,1.39,4.672,1511.6,15.292,,AD,Passing,
ISMI01_1503,Dasyatidae,Dasyatis,brevicaudata,1,1311.641,37035001,Mas01R.avi,186301,62.1003,1.908,2.29,2037.502,10.686,,AD,Feeding,
ISMI01_1503,Scorpididae,Neatypus,obliquus,1,146.68,37361002,Mas01R.avi,186464,62.1547,0.591,2.372,1033.877,10.15,,AD,Passing,
ISMI01_1503,Heterodontidae,Heterodontus,portusjacksoni,1,512.335,37007001,Mas01R.avi,211787,70.5957,0.969,0.923,1541.439,11.734,,AD,Feeding,
ISMI02_1503,Cheilodactylidae,Cheilodactylus,nigripes,1,293.643,37377001,Mas02R.avi,12405,4.135,11.365,0.769,2924.223,11.53,,AD,Passing,
ISMI02_1503,Kyphosidae,Girella,zebra,1,317.313,37361008,Mas02R.avi,12860,4.2867,4.752,2.405,2337.762,8.205,,AD,Passing,
ISMI02_1503,Kyphosidae,Girella,zebra,1,323.891,37361008,Mas02R.avi,12898,4.2993,3.979,0.659,2539.095,15.463,,AD,Passing,
ISMI02_1503,Kyphosidae,Girella,zebra,1,310.697,37361008,Mas02R.avi,12898,4.2993,4.415,3.205,1858.332,20.714,,AD,Passing,
ISMI02_1503,Kyphosidae,Girella,zebra,1,289.42,37361008,Mas02R.avi,12902,4.3007,2.668,2.294,2044.47,10.267,,AD,Passing,
ISMI02_1503,Labridae,Notolabrus,tetricus,1,338.811,37384003,Mas02R.avi,13511,4.5037,1.763,0.443,1876.68,16.242,,M,Passing,
ISMI02_1503,Scorpididae,Scorpis,aequipinnis,1,244.816,37361004,Mas02R.avi,15626,5.2087,2.011,1.885,1738.095,18.198,,AD,Attracted,
ISMI02_1503,Scorpididae,Scorpis,aequipinnis,1,262.188,37361004,Mas02R.avi,15626,5.2087,1.168,0.215,1904.04,9.561,,AD,Attracted,
ISMI02_1503,Scorpididae,Scorpis,aequipinnis,1,292.997,37361004,Mas02R.avi,15626,5.2087,2.402,2.849,1954.561,12.867,,AD,Attracted,
ISMI02_1503,Scorpididae,Scorpis,aequipinnis,1,265.093,37361004,Mas02R.avi,15626,5.2087,2.148,0.927,2161.834,17.061,,AD,Attracted,
ISMI02_1503,Scorpididae,Scorpis,aequipinnis,1,308.091,37361004,Mas02R.avi,15641,5.2137,2.123,3.344,1709.419,13.426,,AD,Attracted,
ISMI02_1503,Scorpididae,Scorpis,aequipinnis,1,278.708,37361004,Mas02R.avi,15641,5.2137,3.521,0.451,1743.585,16.132,,AD,Passing,
ISMI02_1503,Scorpididae,Scorpis,aequipinnis,1,291.791,37361004,Mas02R.avi,15641,5.2137,4.223,2.729,1848.468,15.287,,AD,Attracted,
ISMI02_1503,Scorpididae,Scorpis,aequipinnis,1,290.039,37361004,Mas02R.avi,15664,5.2213,3.95,2.766,3034.733,7.408,,AD,Passing,
ISMI02_1503,Scorpididae,Scorpis,aequipinnis,1,280.752,37361004,Mas02R.avi,15670,5.2233,5.109,4.066,2307.726,12.287,,AD,Attracted,
ISMI02_1503,Scorpididae,Scorpis,aequipinnis,1,276.557,37361004,Mas02R.avi,15796,5.2653,1.125,4.989,1745.632,12.202,,AD,Attracted,
ISMI02_1503,Scorpididae,Scorpis,aequipinnis,1,327.526,37361004,Mas02R.avi,15796,5.2653,2.983,3.216,2728.375,1.867,,AD,Attracted,
ISMI02_1503,Monacanthidae,Meuschenia,galii,1,262.343,37465040,Mas02R.avi,20179,6.7263,1.763,4.879,1387.273,18.084,,AD,Passing,
ISMI02_1503,Labridae,Pictilabrus,laticlavius,1,196.736,37384020,Mas02R.avi,27968,9.3227,3.723,1.486,2346.385,3.501,,AD,Passing,
ISMI02_1503,Labridae,Pictilabrus,laticlavius,1,184.771,37384020,Mas02R.avi,27968,9.3227,3.15,0.488,2408.247,12.843,,AD,Passing,
ISMI02_1503,Labridae,Achoerodus,gouldii,1,1060.386,37384002,Mas02R.avi,40537,13.5123,11.443,5.481,4144.329,10.747,,M,Passing,
ISMI02_1503,Serranidae,Caesioperca,rasor,1,210.801,37311003,Mas02R.avi,43472,14.4907,1.281,0.341,2073.122,8.43,,AD,Passing,
ISMI02_1503,Serranidae,Caesioperca,rasor,1,180.058,37311003,Mas02R.avi,43487,14.4957,6.723,0.583,2504.203,14.825,,AD,Passing,
ISMI02_1503,Serranidae,Caesioperca,rasor,1,172.706,37311003,Mas02R.avi,43547,14.5157,3.378,2.838,2437.512,20.516,,AD,Passing,
ISMI02_1503,Cheilodactylidae,Nemadactylus,valenciennesi,1,388.333,37377004,Mas02R.avi,47631,15.877,1.288,1.287,1939.066,8.925,,AD,Passing,
ISMI02_1503,Labridae,Ophthalmolepis,lineolatus,1,168.825,37384040,Mas02R.avi,54336,18.112,3.705,0.42,1858.32,9.738,,AD,Passing,
ISMI02_1503,Labridae,Ophthalmolepis,lineolatus,1,199.693,37384040,Mas02R.avi,54336,18.112,1.526,0.447,2025.865,5.398,,AD,Passing,
ISMI02_1503,Labridae,Ophthalmolepis,lineolatus,1,226.878,37384040,Mas02R.avi,54336,18.112,5.039,1.199,2333.345,7.02,,AD,Passing,
ISMI02_1503,Labridae,Ophthalmolepis,lineolatus,1,127.313,37384040,Mas02R.avi,54342,18.114,3.969,0.786,2500.171,21.526,,J,Passing,
ISMI02_1503,Labridae,Ophthalmolepis,lineolatus,1,316.257,37384040,Mas02R.avi,54358,18.1193,2.094,0.274,1414.99,9.081,,AD,Attracted,
ISMI02_1503,Labridae,Ophthalmolepis,lineolatus,1,218.33,37384040,Mas02R.avi,54358,18.1193,1.604,0.954,2977.892,4.426,,AD,Passing,
ISMI02_1503,Labridae,Ophthalmolepis,lineolatus,1,211.6,37384040,Mas02R.avi,54358,18.1193,2.868,0.421,2894.505,15.221,,AD,Passing,
ISMI02_1503,Labridae,Ophthalmolepis,lineolatus,1,217.184,37384040,Mas02R.avi,54358,18.1193,0.931,0.304,1592.445,8.958,,AD,Attracted,
ISMI02_1503,Labridae,Ophthalmolepis,lineolatus,1,217.035,37384040,Mas02R.avi,54358,18.1193,2.744,2.063,1700.18,6.411,,AD,Attracted,
ISMI02_1503,Labridae,Ophthalmolepis,lineolatus,1,200.937,37384040,Mas02R.avi,54366,18.122,2.588,0.474,1865.63,16.594,,AD,Passing,
ISMI02_1503,Labridae,Ophthalmolepis,lineolatus,1,205.639,37384040,Mas02R.avi,54437,18.1457,0.937,7.27,1028.24,17.242,,AD,Attracted,
ISMI02_1503,Labridae,Ophthalmolepis,lineolatus,1,243.466,37384040,Mas02R.avi,54486,18.162,2.649,0.267,1385.394,13.469,,AD,Attracted,
ISMI02_1503,Monacanthidae,Meuschenia,freycineti,1,267.855,37465036,Mas02R.avi,78740,26.2467,2.197,0.217,2032.534,11.995,,F,Passing,
ISMI02_1503,Dinolestidae,Dinolestes,lewini,1,228.328,37327002,Mas02R.avi,92515,30.8383,5.348,2.043,2770.867,13.547,,AD,Passing,
ISMI02_1503,Dinolestidae,Dinolestes,lewini,1,281.027,37327002,Mas02R.avi,92518,30.8393,3.254,5.79,2970.459,18.663,,AD,Passing,
ISMI02_1503,Dinolestidae,Dinolestes,lewini,1,276.354,37327002,Mas02R.avi,94979,31.6597,9.027,0.946,3549.317,12.685,,AD,Passing,
ISMI02_1503,Dinolestidae,Dinolestes,lewini,1,279.099,37327002,Mas02R.avi,95039,31.6797,9.888,1.381,3500.468,15.823,,AD,Passing,
ISMI02_1503,Dinolestidae,Dinolestes,lewini,1,273.158,37327002,Mas02R.avi,97743,32.581,13.977,0.445,3703.267,12.381,,AD,Passing,
ISMI02_1503,Monacanthidae,Meuschenia,hippocrepis,1,385.863,37465004,Mas02R.avi,101021,33.6737,1.178,2.045,1086.869,5.807,,M,Attracted,
ISMI02_1503,Monacanthidae,Meuschenia,hippocrepis,1,376.361,37465004,Mas02R.avi,101360,33.7867,1.363,2.247,1990.079,7.735,,AD,Passing,
ISMI02_1503,Monacanthidae,Meuschenia,freycineti,1,311.415,37465036,Mas02R.avi,104105,34.7017,0.641,1.324,1108.639,9.031,,M,Attracted,
ISMI02_1503,Carangidae,Pseudocaranx,sp,1,222.525,37337924,Mas02R.avi,108106,36.0353,4.126,1.519,2217.231,5.409,,AD,Passing,
ISMI02_1503,Odacidae,Olisthops,cyanomelas,1,282.074,37385001,Mas02R.avi,123863,41.2877,9.172,1.095,3903.238,14.736,,AD,Passing,
ISMI02_1503,Heterodontidae,Heterodontus,portusjacksoni,1,801.702,37007001,Mas02R.avi,125300,41.7667,3.907,1.634,1847.504,4.94,,AD,Attracted,
ISMI02_1503,Chaetodontidae,Chelmonops,curiosus,1,171.579,37365066,Mas02R.avi,151552,50.5173,1.826,0.463,1728.641,9.931,,AD,Passing,
ISMI02_1503,Scorpididae,Tilodon,sexfasciatus,1,106.345,37361003,Mas02R.avi,154204,51.4013,3.034,0.492,1819.019,14.213,,AD,Passing,
ISMI02_1503,Scorpididae,Tilodon,sexfasciatus,1,150.044,37361003,Mas02R.avi,154204,51.4013,9.793,0.644,2930.236,8.829,,AD,Passing,
ISMI02_1503,Scorpididae,Tilodon,sexfasciatus,1,138.078,37361003,Mas02R.avi,154204,51.4013,2.338,1.918,1760.343,14.799,,AD,Passing,
ISMI02_1503,Berycidae,Centroberyx,gerrardi,1,273.948,37258004,Mas02R.avi,155597,51.8657,7.982,1.309,3617.637,12.859,,AD,Passing,
ISMI02_1503,Enoplosidae,Enoplosus,armatus,1,211.326,37366001,Mas02R.avi,158683,52.8943,4.729,0.066,2056.475,17.971,,AD,Passing,
ISMI02_1503,Enoplosidae,Enoplosus,armatus,1,204.913,37366001,Mas02R.avi,158736,52.912,5.304,0.709,2320.196,16.003,,AD,Passing,
ISMI02_1503,Enoplosidae,Enoplosus,armatus,1,211.151,37366001,Mas02R.avi,158830,52.9433,4.022,0.998,2128.011,12.74,,AD,Passing,
ISMI02_1503,Enoplosidae,Enoplosus,armatus,1,213.421,37366001,Mas02R.avi,158830,52.9433,3.261,0.237,1944.308,10.529,,AD,Passing,
ISMI02_1503,Enoplosidae,Enoplosus,armatus,1,194.448,37366001,Mas02R.avi,158864,52.9547,2.819,0.716,1679.178,15.989,,AD,Passing,
ISMI02_1503,Enoplosidae,Enoplosus,armatus,1,217.296,37366001,Mas02R.avi,158864,52.9547,5.986,0.356,2214.238,13.14,,AD,Passing,
ISMI02_1503,Labridae,Achoerodus,gouldii,1,778.21,37384002,Mas02R.avi,174599,58.1997,15.27,0.331,3742.954,16.536,,F,Passing,
ISMI03_1503,Mullidae,Upeneichthys,vlamingii,1,213.519,37355029,Mas03R.avi,19408,6.4693,1.658,0.314,2781.623,3.341,,AD,Passing,
ISMI03_1503,Mullidae,Upeneichthys,vlamingii,1,172.69,37355029,Mas03R.avi,19408,6.4693,6.663,0.566,3528.719,10.553,,AD,Passing,
ISMI03_1503,Gerreidae,Parequula,melbournensis,1,147.735,37349001,Mas03R.avi,28373,9.4577,2.927,0.398,1794.001,2.399,,AD,Attracted,
ISMI03_1503,Gerreidae,Parequula,melbournensis,1,161.044,37349001,Mas03R.avi,30281,10.0937,0.871,0.628,1653.949,1.013,,AD,Attracted,
ISMI03_1503,Labridae,Notolabrus,parilus,1,293.581,37384022,Mas03R.avi,36444,12.148,4.745,1.521,2367.79,7.603,,M,Attracted,
ISMI03_1503,Labridae,Notolabrus,parilus,1,226.257,37384022,Mas03R.avi,36856,12.2853,6.182,0.281,2525.592,3.692,,F,Attracted,
ISMI03_1503,Sillaginidae,Sillaginodes,punctatus,1,440.677,37330001,Mas03R.avi,47457,15.819,7.605,1.886,2642.799,10.455,,AD,Attracted,
ISMI03_1503,Sillaginidae,Sillaginodes,punctatus,1,395.782,37330001,Mas03R.avi,47457,15.819,2.921,0.417,2012.758,0.809,,AD,Attracted,
ISMI03_1503,Sillaginidae,Sillaginodes,punctatus,1,384.369,37330001,Mas03R.avi,47457,15.819,6.296,1.103,3438.504,11.593,,AD,Attracted,
ISMI03_1503,Arripidae,Arripis,georgianus,1,208.067,37344001,Mas03R.avi,88889,29.6297,3.604,0.78,3304.079,10.588,,AD,Passing,
ISMI03_1503,Arripidae,Arripis,georgianus,1,195.829,37344001,Mas03R.avi,88889,29.6297,3.537,1.007,2856.373,6.632,,AD,Passing,
ISMI03_1503,Monacanthidae,Acanthaluteres,vittiger,1,201.039,37465002,Mas03R.avi,99133,33.0443,0.813,0.543,1354.197,2.331,,AD,Feeding,
ISMI03_1503,Myliobatidae,Myliobatis,tenuicaudatus,1,723.937,37039001,Mas03R.avi,107591,35.8637,2.219,1.096,2199.946,9.971,,AD,Attracted,
ISMI03_1503,Loliginidae,Sepioteuthis,australis,1,463.765,23617005,Mas03R.avi,116391,38.797,16.428,1.048,3512.831,13.038,,AD,Attracted,
ISMI03_1503,Labridae,Ophthalmolepis,lineolatus,1,276.212,37384040,Mas03R.avi,136948,45.6493,0.989,0.67,1694.039,2.562,,AD,Attracted,
ISMI03_1503,Labridae,Ophthalmolepis,lineolatus,1,252.158,37384040,Mas03R.avi,136948,45.6493,2.271,0.941,2292.043,3.69,,AD,Attracted,
ISMI03_1503,Labridae,Ophthalmolepis,lineolatus,1,254.895,37384040,Mas03R.avi,136948,45.6493,9.984,0.812,3442.76,14.948,,AD,Attracted,
ISMI03_1503,Labridae,Ophthalmolepis,lineolatus,1,244.795,37384040,Mas03R.avi,136948,45.6493,2.222,0.218,1797.575,6.776,,AD,Attracted,
ISMI03_1503,Labridae,Ophthalmolepis,lineolatus,1,142.32,37384040,Mas03R.avi,136968,45.656,2.485,0.507,2152.671,11.869,,AD,Attracted,
ISMI03_1503,Labridae,Ophthalmolepis,lineolatus,1,289.223,37384040,Mas03R.avi,136968,45.656,2.492,2.317,2222.761,23.541,,AD,Attracted,
ISMI03_1503,Labridae,Ophthalmolepis,lineolatus,1,233.213,37384040,Mas03R.avi,136968,45.656,0.991,0.892,1051.751,13.76,,AD,Attracted,
ISMI03_1503,Labridae,Ophthalmolepis,lineolatus,1,167.493,37384040,Mas03R.avi,136983,45.661,2.032,0.846,1536.167,8.872,,AD,Attracted,
ISMI03_1503,Carangidae,Seriola,lalandi,1,1011.383,37337006,Mas03R.avi,150287,50.0957,6.268,0.622,3600.832,14.792,,AD,Passing,
ISMI03_1503,Carangidae,Seriola,hippos,1,876.668,37337007,Mas03R.avi,157263,52.421,11.593,0.926,3565.276,13.77,,AD,Passing,
ISMI03_1503,Carangidae,Seriola,hippos,1,752.079,37337007,Mas03R.avi,204464,68.1547,3.949,0.918,3083.181,7.727,,AD,Passing,
ISMI03_1503,Myliobatidae,Myliobatis,tenuicaudatus,1,824.685,37039001,Mas03R.avi,218976,72.992,2.326,0.578,2456.769,4.289,,AD,Attracted,
ISMI04_1503,Sillaginidae,Sillaginodes,punctatus,1,352.528,37330001,Mas04R.avi,21123,7.041,3.539,1.255,2708.331,9.707,,AD,Passing,
ISMI04_1503,Sillaginidae,Sillaginodes,punctatus,1,351.008,37330001,Mas04R.avi,21123,7.041,3.279,1.005,2673.667,7.589,,AD,Passing,
ISMI04_1503,Sillaginidae,Sillaginodes,punctatus,1,322.453,37330001,Mas04R.avi,21123,7.041,4.279,0.652,3021.541,7.121,,AD,Passing,
ISMI04_1503,Mullidae,Upeneichthys,vlamingii,1,236.796,37355029,Mas04R.avi,28800,9.6,4.285,2.051,2778.352,12.733,,AD,Passing,
ISMI04_1503,Gerreidae,Parequula,melbournensis,1,141.755,37349001,Mas04R.avi,64047,21.349,1.731,1.871,1710.214,13.719,,AD,Attracted,
ISMI04_1503,Labridae,Ophthalmolepis,lineolatus,1,211.947,37384040,Mas04R.avi,78008,26.0027,1.983,1.207,1756.549,15,,AD,Attracted,
ISMI04_1503,Labridae,Ophthalmolepis,lineolatus,1,175.769,37384040,Mas04R.avi,78008,26.0027,5.15,0.51,2162.496,6.508,,AD,Attracted,
ISMI04_1503,Labridae,Ophthalmolepis,lineolatus,1,193.408,37384040,Mas04R.avi,78025,26.0083,2.942,4.447,2490.1,14.271,,AD,Passing,
ISMI04_1503,Labridae,Ophthalmolepis,lineolatus,1,206.033,37384040,Mas04R.avi,78025,26.0083,3.035,5.642,1590.928,10.082,,AD,Passing,
ISMI04_1503,Labridae,Ophthalmolepis,lineolatus,1,176.826,37384040,Mas04R.avi,78025,26.0083,0.786,6.752,1134.458,12.722,,AD,Attracted,
ISMI04_1503,Labridae,Ophthalmolepis,lineolatus,1,313.57,37384040,Mas04R.avi,78025,26.0083,0.931,0.999,1402.01,8.571,,M,Attracted,
ISMI04_1503,Labridae,Ophthalmolepis,lineolatus,1,198.192,37384040,Mas04R.avi,78025,26.0083,1.38,2.25,1806.073,15.38,,AD,Attracted,
ISMI04_1503,Labridae,Ophthalmolepis,lineolatus,1,176.506,37384040,Mas04R.avi,78025,26.0083,5.046,2.575,2514.853,4.246,,AD,Attracted,
ISMI04_1503,Labridae,Ophthalmolepis,lineolatus,1,186.056,37384040,Mas04R.avi,78040,26.0133,2.146,4.219,2044.958,10.274,,AD,Attracted,
ISMI04_1503,Labridae,Ophthalmolepis,lineolatus,1,176.812,37384040,Mas04R.avi,78059,26.0197,1.072,1.058,1302.814,18.75,,AD,Attracted,
ISMI04_1503,Monacanthidae,Meuschenia,freycineti,1,203.728,37465036,Mas04R.avi,176064,58.688,1.697,0.114,1918.559,3.401,,F,Attracted,
ISMI04_1503,Monacanthidae,Meuschenia,freycineti,1,224.256,37465036,Mas04R.avi,176224,58.7413,1.058,3.018,1099.9,9.202,,F,Attracted,
ISMI04_1503,Labridae,Notolabrus,parilus,1,195.539,37384022,Mas04R.avi,177663,59.221,5.599,1.14,2206.842,18.71,,F,Passing,
ISMI04_1503,Labridae,Notolabrus,parilus,1,255.662,37384022,Mas04R.avi,177663,59.221,4.033,0.471,1862.908,15.583,,M,Passing,
ISMI04_1503,Labridae,Notolabrus,parilus,1,304.593,37384022,Mas04R.avi,179516,59.8387,0.782,0.186,1202.498,4.3,,M,Feeding,
ISMI04_1503,Monacanthidae,Acanthaluteres,vittiger,1,217.491,37465002,Mas04R.avi,180346,60.1153,0.785,2.619,1364.956,9.695,,M,Feeding,
ISMI04_1503,Myliobatidae,Myliobatis,tenuicaudatus,1,752.115,37039001,Mas04R.avi,195639,65.213,7.215,2.718,2601.991,14.678,,AD,Passing,
ISMI04_1503,Enoplosidae,Enoplosus,armatus,1,218.206,37366001,Mas04R.avi,213848,71.2827,3.45,4.709,2609.384,14.235,,AD,Passing,
ISMI04_1503,Enoplosidae,Enoplosus,armatus,1,206.42,37366001,Mas04R.avi,213848,71.2827,3.697,0.555,2684.833,12.882,,AD,Passing,
ISPI01_1503,Labridae,Notolabrus,parilus,1,209.457,37384022,PetrelCove01R_Mar2015.avi,30441,10.147,3.723,1.078,2098.292,11.68,surgy,AD,Passing,
ISPI01_1503,Gerreidae,Parequula,melbournensis,1,120.343,37349001,PetrelCove01R_Mar2015.avi,36623,12.2077,0.945,0.357,1028.926,10.503,surgy,AD,Passing,
ISPI01_1503,Gerreidae,Parequula,melbournensis,1,129.047,37349001,PetrelCove01R_Mar2015.avi,36634,12.2113,1.599,0.557,1699.429,3.183,surgy,AD,Passing,
ISPI01_1503,Mullidae,Upeneichthys,vlamingii,1,198.339,37355029,PetrelCove01R_Mar2015.avi,40585,13.5283,5.139,1.481,2098.534,14.597,surgy,AD,Passing,
ISPI01_1503,Monacanthidae,Acanthaluteres,vittiger,1,139.046,37465002,PetrelCove01R_Mar2015.avi,41355,13.785,0.566,4.686,1049.303,7.605,surgy,F,Attracted,
ISPI01_1503,Monacanthidae,Acanthaluteres,vittiger,1,189.883,37465002,PetrelCove01R_Mar2015.avi,41355,13.785,1.855,1.658,1271.234,4.13,surgy,F,Attracted,
ISPI01_1503,Monacanthidae,Acanthaluteres,vittiger,1,203.944,37465002,PetrelCove01R_Mar2015.avi,41356,13.7853,1.951,1.684,1273.52,4.221,surgy,AD,Passing,
ISPI01_1503,Monacanthidae,Acanthaluteres,vittiger,1,193.173,37465002,PetrelCove01R_Mar2015.avi,41356,13.7853,2.121,1.846,1371.677,5.547,surgy,F,Attracted,
ISPI01_1503,Loliginidae,Sepioteuthis,australis,1,205.577,23617005,PetrelCove01R_Mar2015.avi,42630,14.21,2.695,0.831,2012.941,18.615,surgy,AD,Attracted,
ISPI01_1503,Monacanthidae,Acanthaluteres,vittiger,1,166.809,37465002,PetrelCove01R_Mar2015.avi,55087,18.3623,0.852,2.379,1287.418,1.956,surgy,AD,Passing,
ISPI01_1503,Monacanthidae,Acanthaluteres,vittiger,1,191.585,37465002,PetrelCove01R_Mar2015.avi,69633,23.211,0.688,2.957,1273.365,7.875,surgy,M,Feeding,
ISPI01_1503,Monacanthidae,Acanthaluteres,vittiger,1,197.209,37465002,PetrelCove01R_Mar2015.avi,78879,26.293,1.235,2.544,1132.352,8.076,surgy,AD,Feeding,
ISPI01_1503,Monacanthidae,Acanthaluteres,vittiger,1,162.19,37465002,PetrelCove01R_Mar2015.avi,78879,26.293,1.643,3.746,1253.029,5.448,surgy,AD,Feeding,
ISPI01_1503,Sillaginidae,Sillaginodes,punctatus,1,360.929,37330001,PetrelCove01R_Mar2015.avi,79759,26.5863,1.646,0.865,1714.327,8.997,surgy,AD,Passing,
ISPI01_1503,Sillaginidae,Sillaginodes,punctatus,1,301.923,37330001,PetrelCove01R_Mar2015.avi,79786,26.5953,4.366,1.774,1863.047,9.461,surgy,AD,Passing,
ISPI01_1503,Labridae,Notolabrus,parilus,1,350.149,37384022,PetrelCove01R_Mar2015.avi,88448,29.4827,2.9,13.683,2474.582,5.483,surgy,M,Passing,
ISPI01_1503,Monacanthidae,Meuschenia,freycineti,1,236.147,37465036,PetrelCove01R_Mar2015.avi,120009,40.003,1.166,1.029,1193.998,1.739,surgy,F,Feeding,
ISPI01_1503,Monacanthidae,Meuschenia,freycineti,1,340.63,37465036,PetrelCove01R_Mar2015.avi,120009,40.003,3.596,9.991,1672.579,16.933,surgy,F,Attracted,
ISPI01_1503,Monacanthidae,Meuschenia,freycineti,1,295.436,37465036,PetrelCove01R_Mar2015.avi,120016,40.0053,2.484,8.292,1458.878,12.629,surgy,M,Attracted,
ISPI01_1503,Monacanthidae,Meuschenia,freycineti,1,289.509,37465036,PetrelCove01R_Mar2015.avi,120531,40.177,2.993,11.604,1817.486,2.366,surgy,M,Attracted,
ISPI01_1503,Myliobatidae,Myliobatis,tenuicaudatus,1,600.364,37039001,PetrelCove01R_Mar2015.avi,141881,47.2937,1.749,14.305,2567.745,5,surgy,AD,Passing,
ISPI01_1503,Arripidae,Arripis,georgianus,1,228.477,37344001,PetrelCove01R_Mar2015.avi,168096,56.032,2.104,0.837,1503.326,18.456,surgy,AD,Passing,
ISPI01_1503,Arripidae,Arripis,georgianus,1,222.308,37344001,PetrelCove01R_Mar2015.avi,168101,56.0337,2.237,6.989,1485.005,12.028,surgy,AD,Passing,
ISPI01_1503,Arripidae,Arripis,georgianus,1,217.75,37344001,PetrelCove01R_Mar2015.avi,168169,56.0563,1.576,3.841,2175.95,12.068,surgy,AD,Passing,
ISPI01_1503,Heterodontidae,Heterodontus,portusjacksoni,1,456.65,37007001,PetrelCove01R_Mar2015.avi,170657,56.8857,0.93,9.126,1207.253,9.039,surgy,AD,Attracted,
ISPI03_1503,Gerreidae,Parequula,melbournensis,1,126.016,37349001,PetrelCove03R_Mar2015.avi,34710,11.57,1.207,0.121,1548.404,16.717,"surgy, murky, vis about 3m",AD,Passing,
ISPI03_1503,Gerreidae,Parequula,melbournensis,1,146.5,37349001,PetrelCove03R_Mar2015.avi,34710,11.57,1.744,0.22,1603.323,9.744,"surgy, murky, vis about 3m",AD,Passing,
ISPI03_1503,Mullidae,Upeneichthys,vlamingii,1,179.923,37355029,PetrelCove03R_Mar2015.avi,40558,13.5193,1.55,3.245,2431.45,9.281,"surgy, murky, vis about 3m",AD,Passing,
ISPI03_1503,Sphyraenidae,Sphyraena,novaehollandiae,1,487.631,37382002,PetrelCove03R_Mar2015.avi,46519,15.5063,1.79,1.447,1956.416,11.709,"surgy, murky, vis about 3m",AD,Passing,
ISPI03_1503,Labridae,Notolabrus,parilus,1,322.598,37384022,PetrelCove03R_Mar2015.avi,58499,19.4997,3.918,2.315,2141.043,8.349,"surgy, murky, vis about 3m",M,Passing,
ISPI03_1503,Sillaginidae,Sillaginodes,punctatus,1,296.607,37330001,PetrelCove03R_Mar2015.avi,70458,23.486,2.16,4.237,2439.969,10.32,"surgy, murky, vis about 3m",AD,Passing,
ISPI03_1503,Monacanthidae,Acanthaluteres,vittiger,1,167.824,37465002,PetrelCove03R_Mar2015.avi,101147,33.7157,1.583,3.588,1394.223,4.867,"surgy, murky, vis about 3m",AD,Feeding,
ISPI03_1503,Monacanthidae,Acanthaluteres,vittiger,1,143.949,37465002,PetrelCove03R_Mar2015.avi,101347,33.7823,2.693,2.344,1714.728,5.598,"surgy, murky, vis about 3m",AD,Passing,
ISPI03_1503,Monacanthidae,Scobinichthys,granulatus,1,211.714,37465007,PetrelCove03R_Mar2015.avi,111053,37.0177,0.685,0.906,1189.458,11.579,"surgy, murky, vis about 3m",AD,Feeding,
ISPI03_1503,Monacanthidae,Scobinichthys,granulatus,1,215.662,37465007,PetrelCove03R_Mar2015.avi,111247,37.0823,0.734,5.614,1189.019,14.1,"surgy, murky, vis about 3m",AD,Feeding,
ISPI03_1503,Heterodontidae,Heterodontus,portusjacksoni,1,369.238,37007001,PetrelCove03R_Mar2015.avi,129872,43.2907,3.16,2.388,1898.802,9.596,"surgy, murky, vis about 3m",J,Attracted,
ISPI03_1503,Sillaginidae,Sillaginodes,punctatus,1,378.192,37330001,PetrelCove03R_Mar2015.avi,148002,49.334,1.04,0.84,1802.194,7.727,"surgy, murky, vis about 3m",AD,Passing,
ISPI03_1503,Monacanthidae,Meuschenia,freycineti,1,314.973,37465036,PetrelCove03R_Mar2015.avi,201899,67.2997,0.745,0.683,1225.383,4.521,"surgy, murky, vis about 3m",M,Attracted,
ISPI03_1503,Monacanthidae,Meuschenia,freycineti,1,246.838,37465036,PetrelCove03R_Mar2015.avi,201918,67.306,1.456,3.325,1419.888,15.134,"surgy, murky, vis about 3m",F,Attracted,
ISPI03_1503,Monacanthidae,Meuschenia,freycineti,1,311.909,37465036,PetrelCove03R_Mar2015.avi,202803,67.601,0.709,0.296,1274.705,3.06,"surgy, murky, vis about 3m",M,Attracted,
ISPI03_1503,Monacanthidae,Acanthaluteres,vittiger,1,161.208,37465002,PetrelCove03R_Mar2015.avi,217934,72.6447,0.805,2.512,1326.073,11.758,"surgy, murky, vis about 3m",AD,Passing,
ISPI03_1503,Monacanthidae,Acanthaluteres,vittiger,1,147.251,37465002,PetrelCove03R_Mar2015.avi,218158,72.7193,0.589,1.367,1105.165,5.714,"surgy, murky, vis about 3m",F,Feeding,
ISPI03_1503,Heterodontidae,Heterodontus,portusjacksoni,1,577.205,37007001,PetrelCove03R_Mar2015.avi,240021,80.007,1.528,2.107,1495.61,13.136,"surgy, murky, vis about 3m",AD,Attracted,
ISPI04_1503,Sphyraenidae,Sphyraena,novaehollandiae,1,646.865,37382002,PetrelCove04Rs_Mar2015.avi,26865,14.9399,2.021,1.965,1805.249,20.834,,AD,Passing,
ISPI04_1503,Monacanthidae,Acanthaluteres,spilomelanurus,1,144.293,37465043,PetrelCove04Rs_Mar2015.avi,29742,16.5399,1.063,1.402,1016.252,10.233,,AD,Attracted,
ISPI04_1503,Mullidae,Upeneichthys,vlamingii,1,207.444,37355029,PetrelCove04Rs_Mar2015.avi,56746,31.5571,0.672,0.491,1019.395,11.182,,AD,Attracted,
ISPI04_1503,Labridae,Notolabrus,parilus,1,254.159,37384022,PetrelCove04Rs_Mar2015.avi,65326,36.3286,1.118,0.859,967.313,1.225,,F,Attracted,
ISPI04_1503,Monacanthidae,Acanthaluteres,vittiger,1,195.927,37465002,PetrelCove04Rs_Mar2015.avi,72263,40.1863,1.255,0.232,1200.979,7.614,,F,Attracted,
ISPI04_1503,Monacanthidae,Acanthaluteres,vittiger,1,170.963,37465002,PetrelCove04Rs_Mar2015.avi,72263,40.1863,1.067,1.071,981.568,13.964,,F,Attracted,
ISPI04_1503,Monacanthidae,Acanthaluteres,vittiger,1,143.921,37465002,PetrelCove04Rs_Mar2015.avi,72263,40.1863,1.675,1.148,1289.901,13.523,,F,Attracted,
ISPI04_1503,Monacanthidae,Acanthaluteres,vittiger,1,166.531,37465002,PetrelCove04Rs_Mar2015.avi,72263,40.1863,1.043,1.034,929.104,16.109,,F,Attracted,
ISPI04_1503,Monacanthidae,Acanthaluteres,vittiger,1,175.833,37465002,PetrelCove04Rs_Mar2015.avi,72274,40.1924,1.03,0.397,974.435,6.834,,M,Attracted,
ISPI04_1503,Monacanthidae,Acanthaluteres,vittiger,1,139.38,37465002,PetrelCove04Rs_Mar2015.avi,88465,49.1964,1.527,0.333,1230.82,15.909,,AD,Passing,
ISPI04_1503,Monacanthidae,Acanthaluteres,vittiger,1,180.587,37465002,PetrelCove04Rs_Mar2015.avi,88492,49.2114,1.01,1.264,877.766,10.755,,F,Attracted,
ISPI04_1503,Monacanthidae,Acanthaluteres,vittiger,1,189.727,37465002,PetrelCove04Rs_Mar2015.avi,88522,49.2281,0.865,1.336,703.567,10.788,,AD,Attracted,
ISPI04_1503,Monacanthidae,Scobinichthys,granulatus,1,226.407,37465007,PetrelCove04Rs_Mar2015.avi,88612,49.2782,0.733,0.852,1089.806,9.694,,AD,Attracted,
ISPI04_1503,Sillaginidae,Sillaginodes,punctatus,1,424.189,37330001,PetrelCove04Rs_Mar2015.avi,91835,51.0705,2.024,1.001,1875.971,17.302,,AD,Passing,
ISPI04_1503,Enoplosidae,Enoplosus,armatus,1,185.402,37366001,PetrelCove04Rs_Mar2015.avi,92838,51.6283,2.927,3.876,1933.23,9.809,,AD,Passing,
ISPI04_1503,Monacanthidae,Meuschenia,freycineti,1,252.93,37465036,PetrelCove04Rs_Mar2015.avi,93162,51.8085,2.707,2.015,1746.031,22.339,,M,Passing,
ISPI04_1503,Monacanthidae,Meuschenia,freycineti,1,233.424,37465036,PetrelCove04Rs_Mar2015.avi,93162,51.8085,2.166,0.563,1556.38,13.44,,F,Passing,
ISPI04_1503,Labridae,Ophthalmolepis,lineolatus,1,278.807,37384040,PetrelCove04Rs_Mar2015.avi,93756,52.1388,1.306,0.454,1456.121,15.846,,AD,Passing,
ISPI04_1503,Labridae,Ophthalmolepis,lineolatus,1,214.113,37384040,PetrelCove04Rs_Mar2015.avi,95492,53.1042,1.522,0.704,1543.598,20.47,,AD,Passing,
ISPI04_1503,Monacanthidae,Acanthaluteres,vittiger,1,191.323,37465002,PetrelCove04Rs_Mar2015.avi,99325,55.2358,0.741,1.141,1139.751,6.654,,M,Attracted,
ISPI04_1503,Labridae,Notolabrus,parilus,1,296.374,37384022,PetrelCove04Rs_Mar2015.avi,99429,55.2936,1.25,1.093,1469.962,13.856,,F,Attracted,
ISPI04_1503,Monacanthidae,Acanthaluteres,vittiger,1,188.132,37465002,PetrelCove04Rs_Mar2015.avi,99833,55.5183,1.543,0.614,1116.272,15.544,,M,Attracted,
ISPI04_1503,Heterodontidae,Heterodontus,portusjacksoni,1,509.299,37007001,PetrelCove04Rs_Mar2015.avi,111790,62.1677,1.991,1.426,1671.739,11.755,,AD,Passing,
ISSI01_1503,Sillaginidae,Sillago,bassensis,1,290.254,37330002,StFrancis01R_Mar2015.avi,108388,36.1293,3.654,2.077,2199.064,16.872,Check habitat class,AD,Passing,
ISSI01_1503,Triakidae,Galeorhinus,galeus,1,1234.742,37017008,StFrancis01R_Mar2015.avi,211233,70.411,8.863,0.381,3664.373,2.613,Check habitat class,AD,Passing,
ISSI01_1503,Labridae,Pictilabrus,laticlavius,1,333.103,37384020,StFrancis01R_Mar2015.avi,70913,23.6377,2.719,0.34,2335.226,11.243,Check habitat class,AD,Passing,
ISSI01_1503,Labridae,Ophthalmolepis,lineolatus,1,197.189,37384040,StFrancis01R_Mar2015.avi,134684,44.8947,1.398,4.856,1749.462,19.287,Check habitat class,AD,Passing,
ISSI01_1503,Labridae,Ophthalmolepis,lineolatus,1,223.464,37384040,StFrancis01R_Mar2015.avi,134684,44.8947,5.588,3.276,2314.55,10.341,Check habitat class,AD,Passing,
ISSI01_1503,Labridae,Ophthalmolepis,lineolatus,1,169.236,37384040,StFrancis01R_Mar2015.avi,134704,44.9013,4.296,3.49,1918.398,22.325,Check habitat class,AD,Passing,
ISSI01_1503,Labridae,Ophthalmolepis,lineolatus,1,261.162,37384040,StFrancis01R_Mar2015.avi,134723,44.9077,1.6,0.386,1491.801,2.97,Check habitat class,AD,Passing,
ISSI01_1503,Labridae,Ophthalmolepis,lineolatus,1,225.205,37384040,StFrancis01R_Mar2015.avi,134723,44.9077,3.109,3.707,1682.845,14.202,Check habitat class,AD,Passing,
ISSI01_1503,Labridae,Ophthalmolepis,lineolatus,1,179.756,37384040,StFrancis01R_Mar2015.avi,134755,44.9183,2.706,7.187,1561.196,17.814,Check habitat class,AD,Passing,
ISSI01_1503,Labridae,Ophthalmolepis,lineolatus,1,205.413,37384040,StFrancis01R_Mar2015.avi,134818,44.9393,0.68,1.592,1160.266,14.959,Check habitat class,AD,Passing,
ISSI01_1503,Gerreidae,Parequula,melbournensis,1,125.376,37349001,StFrancis01R_Mar2015.avi,95404,31.8013,4.286,0.994,1809.906,14.166,Check habitat class,AD,Attracted,
ISSI01_1503,Gerreidae,Parequula,melbournensis,1,114.618,37349001,StFrancis01R_Mar2015.avi,95450,31.8167,4.007,1.305,1802.519,12.604,Check habitat class,AD,Attracted,
ISSI01_1503,Labridae,Notolabrus,parilus,1,181.256,37384022,StFrancis01R_Mar2015.avi,70897,23.6323,7.621,0.343,2522.147,10.775,Check habitat class,AD,Passing,
ISSI01_1503,Labridae,Notolabrus,parilus,1,335.325,37384022,StFrancis01R_Mar2015.avi,70914,23.638,2.754,0.405,2379.901,11.252,Check habitat class,AD,Passing,
ISSI01_1503,Labridae,Notolabrus,parilus,1,190.086,37384022,StFrancis01R_Mar2015.avi,187488,62.496,3.887,0.929,2380.274,9.606,Check habitat class,AD,Attracted,
ISSI01_1503,Sillaginidae,Sillaginodes,punctatus,1,372.115,37330001,StFrancis01R_Mar2015.avi,56009,18.6697,8.28,0.938,2698.34,9.48,Check habitat class,AD,Passing,
ISSI01_1503,Monacanthidae,Meuschenia,scaber,1,214.895,37465005,StFrancis01R_Mar2015.avi,187006,62.3353,1.788,0.599,2244.472,6.696,Check habitat class,AD,Passing,
ISSI01_1503,Myliobatidae,Myliobatis,tenuicaudatus,1,598.532,37039001,StFrancis01R_Mar2015.avi,100490,33.4967,5.027,0.411,3710.306,6.217,Check habitat class,AD,Passing,
ISSI01_1503,Myliobatidae,Myliobatis,tenuicaudatus,1,869.712,37039001,StFrancis01R_Mar2015.avi,176235,58.745,16.327,4.58,3669.895,5.391,Check habitat class,AD,Passing,
ISSI01_1503,Mullidae,Upeneichthys,vlamingii,1,152.209,37355029,StFrancis01R_Mar2015.avi,58588,19.5293,5.288,0.488,2489.741,10.952,Check habitat class,AD,Passing,
ISSI02_1503,Sphyraenidae,Sphyraena,forsteri,1,381.036,37382005,StFrancis02R_Mar2015.avi,21089,7.0297,7.294,0.065,3287.009,20.996,,AD,Passing,
ISSI02_1503,Gerreidae,Parequula,melbournensis,1,125.019,37349001,StFrancis02R_Mar2015.avi,31654,10.5513,1.055,7.141,1299.657,14.671,,AD,Passing,
ISSI02_1503,Gerreidae,Parequula,melbournensis,1,138.489,37349001,StFrancis02R_Mar2015.avi,31654,10.5513,0.74,1.794,1281.879,13.003,,AD,Passing,
ISSI02_1503,Enoplosidae,Enoplosus,armatus,1,216.377,37366001,StFrancis02R_Mar2015.avi,36185,12.0617,16.289,0.633,3562.113,12.057,,AD,Passing,
ISSI02_1503,Enoplosidae,Enoplosus,armatus,1,239.388,37366001,StFrancis02R_Mar2015.avi,36185,12.0617,16.517,0.235,3523.293,13.161,,AD,Passing,
ISSI02_1503,Odacidae,Olisthops,cyanomelas,1,388.834,37385001,StFrancis02R_Mar2015.avi,52935,17.645,16.49,10.899,4068.009,16.521,,AD,Passing,
ISSI02_1503,Myliobatidae,Myliobatis,tenuicaudatus,1,803.946,37039001,StFrancis02R_Mar2015.avi,53639,17.8797,17.447,8.773,3745.955,17.051,,AD,Passing,
ISSI02_1503,Labridae,Notolabrus,parilus,1,221.576,37384022,StFrancis02R_Mar2015.avi,59410,19.8033,1.834,0.546,1607.929,15.494,,AD,Passing,
ISSI02_1503,Monacanthidae,Acanthaluteres,vittiger,1,174.652,37465002,StFrancis02R_Mar2015.avi,75342,25.114,1.6,3.505,1499.31,19.587,,AD,Passing,
ISSI02_1503,Monacanthidae,Acanthaluteres,vittiger,1,204.713,37465002,StFrancis02R_Mar2015.avi,75362,25.1207,0.638,0.658,880.879,7.287,,F,Attracted,
ISSI02_1503,Monacanthidae,Acanthaluteres,vittiger,1,153.755,37465002,StFrancis02R_Mar2015.avi,75447,25.149,0.423,0.734,759.676,7.565,,AD,Passing,
ISSI02_1503,Monacanthidae,Acanthaluteres,vittiger,1,148.155,37465002,StFrancis02R_Mar2015.avi,75572,25.1907,0.653,2.09,739.31,3.225,,AD,Passing,
ISSI02_1503,Labridae,Notolabrus,parilus,1,231.729,37384022,StFrancis02R_Mar2015.avi,76259,25.4197,1.984,0.61,2301.07,12.961,,AD,Passing,
ISSI02_1503,Monacanthidae,Meuschenia,freycineti,1,199.938,37465036,StFrancis02R_Mar2015.avi,84312,28.104,1.241,1.158,1025.814,2.431,,F,Attracted,
ISSI02_1503,Monacanthidae,Meuschenia,freycineti,1,241.236,37465036,StFrancis02R_Mar2015.avi,84772,28.2573,0.818,0.589,947.129,5.846,,F,Attracted,
ISSI02_1503,Sillaginidae,Sillaginodes,punctatus,1,348.147,37330001,StFrancis02R_Mar2015.avi,99487,33.1623,2.764,1.563,1404.858,16.513,,AD,Passing,
ISSI02_1503,Sillaginidae,Sillaginodes,punctatus,1,399.897,37330001,StFrancis02R_Mar2015.avi,99632,33.2107,3.5,1.054,1638.411,7.476,,AD,Attracted,
ISSI02_1503,Labridae,Ophthalmolepis,lineolatus,1,270.534,37384040,StFrancis02R_Mar2015.avi,100703,33.5677,1.627,0.238,1482.202,14.348,,AD,Attracted,
ISSI02_1503,Labridae,Ophthalmolepis,lineolatus,1,203.129,37384040,StFrancis02R_Mar2015.avi,100713,33.571,1.667,0.245,1354.242,4.236,,AD,Passing,
ISSI02_1503,Labridae,Ophthalmolepis,lineolatus,1,228.255,37384040,StFrancis02R_Mar2015.avi,100733,33.5777,0.703,3,1207.355,12.548,,AD,Attracted,
ISSI02_1503,Labridae,Ophthalmolepis,lineolatus,1,291.666,37384040,StFrancis02R_Mar2015.avi,102407,34.1357,0.57,0.705,960.494,9.952,,AD,Passing,
ISSI02_1503,Dasyatidae,Dasyatis,brevicaudata,1,1138.36,37035001,StFrancis02R_Mar2015.avi,122632,40.8773,3.557,1.387,2649.701,9.065,,AD,Attracted,
ISSI03_1503,Labridae,Notolabrus,parilus,1,296.036,37384022,StFrancis03R_Mar2015.avi,20386,6.7953,1.235,0.864,2116.557,5.342,,AD,Passing,
ISSI03_1503,Mullidae,Upeneichthys,vlamingii,1,160.648,37355029,StFrancis03R_Mar2015.avi,26957,8.9857,1.531,4.992,1673.437,15.635,,AD,Passing,
ISSI03_1503,Labridae,Ophthalmolepis,lineolatus,1,264.719,37384040,StFrancis03R_Mar2015.avi,33025,11.0083,0.964,1.671,1694.083,8.476,,AD,Attracted,
ISSI03_1503,Labridae,Ophthalmolepis,lineolatus,1,223.435,37384040,StFrancis03R_Mar2015.avi,33025,11.0083,6.703,0.948,2522.783,10.097,,AD,Passing,
ISSI03_1503,Labridae,Ophthalmolepis,lineolatus,1,230.247,37384040,StFrancis03R_Mar2015.avi,33155,11.0517,4.381,1.991,2782.788,10.705,,AD,Passing,
ISSI03_1503,Gerreidae,Parequula,melbournensis,1,146.089,37349001,StFrancis03R_Mar2015.avi,38455,12.8183,0.516,0.142,965.366,9.59,,AD,Attracted,
ISSI03_1503,Gerreidae,Parequula,melbournensis,1,136.937,37349001,StFrancis03R_Mar2015.avi,38455,12.8183,0.934,0.502,1300.656,2.525,,AD,Attracted,
ISSI03_1503,Labridae,Notolabrus,tetricus,1,421.713,37384003,StFrancis03R_Mar2015.avi,59939,19.9797,0.749,0.496,935.621,3.732,,M,Feeding,
ISSI03_1503,Labridae,Notolabrus,tetricus,1,290.601,37384003,StFrancis03R_Mar2015.avi,60994,20.3313,3.273,1.525,1756.992,16.894,,F,Passing,
ISSI03_1503,Labridae,Notolabrus,tetricus,1,220.323,37384003,StFrancis03R_Mar2015.avi,61003,20.3343,2.47,0.911,1741.559,15.569,,AD,Passing,
ISSI03_1503,Labridae,Notolabrus,tetricus,1,260.068,37384003,StFrancis03R_Mar2015.avi,61019,20.3397,1.295,0.847,2328.604,8.603,,F,Passing,
ISSI03_1503,Heterodontidae,Heterodontus,portusjacksoni,1,607.738,37007001,StFrancis03R_Mar2015.avi,61917,20.639,1.536,0.319,1400.925,9.894,,AD,Feeding,
ISSI03_1503,Monacanthidae,Meuschenia,galii,1,240.307,37465040,StFrancis03R_Mar2015.avi,82390,27.4633,0.693,2.14,1136.585,11.389,,AD,Passing,
ISSI03_1503,Labridae,Pictilabrus,laticlavius,1,185.404,37384020,StFrancis03R_Mar2015.avi,83628,27.876,2.069,1.857,1629.396,17.238,,AD,Attracted,
ISSI03_1503,Monacanthidae,Meuschenia,freycineti,1,292.783,37465036,StFrancis03R_Mar2015.avi,84631,28.2103,0.544,0.761,825.602,8.898,,AD,Feeding,
ISSI03_1503,Cheilodactylidae,Dactylophora,nigricans,1,676.643,37377005,StFrancis03R_Mar2015.avi,87536,29.1787,2.085,0.368,1880.834,14.211,,AD,Passing,
ISSI03_1503,Chironemidae,Chironemus,maculosus,1,216.188,37375002,StFrancis03R_Mar2015.avi,91273,30.4243,0.82,0.985,1201.757,13.725,,AD,Passing,
ISSI03_1503,Platycephalidae,Platycephalus,speculator,1,412.059,37296037,StFrancis03R_Mar2015.avi,94405,31.4683,1.376,1.733,1625.983,9.577,,AD,Passing,
ISSI03_1503,Dasyatidae,Dasyatis,brevicaudata,1,841.717,37035001,StFrancis03R_Mar2015.avi,103070,34.3567,4.878,2.055,2550.737,13.446,,AD,Attracted,
ISSI03_1503,Platycephalidae,Platycephalus,speculator,1,462.324,37296037,StFrancis03R_Mar2015.avi,111165,37.055,1.235,1.018,1375.801,3.754,,AD,Attracted,
ISSI03_1503,Labridae,Notolabrus,tetricus,1,302.876,37384003,StFrancis03R_Mar2015.avi,112816,37.6053,1.934,1.566,1457.169,1.868,,AD,Passing,
ISSI03_1503,Labridae,Achoerodus,gouldii,1,697.061,37384002,StFrancis03R_Mar2015.avi,134561,44.8537,1.27,0.913,1574.016,11.729,,AD,Passing,
ISSI03_1503,Scorpididae,Neatypus,obliquus,1,87.874,37361002,StFrancis03R_Mar2015.avi,158348,52.7827,1.403,3.168,1613.698,21.77,,AD,Passing,
ISSI03_1503,Scorpididae,Neatypus,obliquus,1,113.765,37361002,StFrancis03R_Mar2015.avi,158348,52.7827,2.238,0.388,2005.411,18.501,,AD,Passing,
ISSI03_1503,Scorpididae,Neatypus,obliquus,1,155.629,37361002,StFrancis03R_Mar2015.avi,158348,52.7827,2.1,0.948,1743.701,11.433,,AD,Passing,
ISSI03_1503,Scorpididae,Neatypus,obliquus,1,150.659,37361002,StFrancis03R_Mar2015.avi,158348,52.7827,1.016,0.221,1370.602,11.586,,AD,Passing,
ISSI03_1503,Serranidae,Caesioperca,rasor,1,175.853,37311003,StFrancis03R_Mar2015.avi,163906,54.6353,0.892,0.708,1317.103,14.434,,AD,Passing,
ISSI03_1503,Serranidae,Caesioperca,rasor,1,150.684,37311003,StFrancis03R_Mar2015.avi,165211,55.0703,0.847,0.76,1091.701,13.447,,AD,Passing,
ISSI03_1503,Serranidae,Caesioperca,rasor,1,163.192,37311003,StFrancis03R_Mar2015.avi,165217,55.0723,1.014,1.668,1401.204,11.901,,AD,Passing,
ISSI03_1503,Serranidae,Caesioperca,rasor,1,164.707,37311003,StFrancis03R_Mar2015.avi,165225,55.075,1.046,0.393,1633.009,14.781,,AD,Passing,
ISSI03_1503,Monacanthidae,Meuschenia,freycineti,1,269.172,37465036,StFrancis03R_Mar2015.avi,178573,59.5243,2.444,1.158,2242.931,10.269,,F,Passing,
ISSI03_1503,Monacanthidae,Meuschenia,freycineti,1,265.879,37465036,StFrancis03R_Mar2015.avi,179728,59.9093,0.84,1.112,1282.21,15.696,,M,Passing,
ISSI04_1503,Cheilodactylidae,Dactylophora,nigricans,1,515.112,37377005,StFrancis04R_Mar2015.avi,12584,4.1947,4.344,0.54,2213.891,10.59,,AD,Passing,
ISSI04_1503,Cheilodactylidae,Dactylophora,nigricans,1,517.695,37377005,StFrancis04R_Mar2015.avi,12585,4.195,4.297,0.497,2224.393,10.439,,AD,Passing,
ISSI04_1503,Monacanthidae,Acanthaluteres,vittiger,1,172.53,37465002,StFrancis04R_Mar2015.avi,15066,5.022,1.594,0.219,1982.837,11.908,,AD,Passing,
ISSI04_1503,Monacanthidae,Acanthaluteres,vittiger,1,164.986,37465002,StFrancis04R_Mar2015.avi,15693,5.231,1.442,0.323,1602.686,6.332,,F,Attracted,
ISSI04_1503,Monacanthidae,Acanthaluteres,vittiger,1,156.879,37465002,StFrancis04R_Mar2015.avi,15696,5.232,1.794,0.861,1390.432,3.589,,F,Attracted,
ISSI04_1503,Odacidae,Olisthops,cyanomelas,1,415.952,37385001,StFrancis04R_Mar2015.avi,28388,9.4627,12.24,0.186,3242.504,17.218,,AD,Passing,
ISSI04_1503,Aulopidae,Latropiscis,purpurissatus,1,360.047,37117001,StFrancis04R_Mar2015.avi,34696,11.5653,3.368,0.979,2627.838,16.769,,AD,Passing,
ISSI04_1503,Labridae,Achoerodus,gouldii,1,981.485,37384002,StFrancis04R_Mar2015.avi,42262,14.0873,8.373,2.493,4725.369,6.207,,AD,Passing,
ISSI04_1503,Labridae,Pictilabrus,laticlavius,1,186.637,37384020,StFrancis04R_Mar2015.avi,43521,14.507,1.667,0.345,1865.658,16.856,,AD,Passing,
ISSI04_1503,Monacanthidae,Meuschenia,freycineti,1,189.056,37465036,StFrancis04R_Mar2015.avi,52892,17.6307,1.335,0.465,1268.107,15.573,,F,Attracted,
ISSI04_1503,Monacanthidae,Meuschenia,freycineti,1,350.244,37465036,StFrancis04R_Mar2015.avi,52892,17.6307,1.662,3.61,1143.473,8.327,,M,Attracted,
ISSI04_1503,Monacanthidae,Meuschenia,freycineti,1,240.189,37465036,StFrancis04R_Mar2015.avi,52947,17.649,1.003,1.507,985.889,10.241,,F,Attracted,
ISSI04_1503,Labridae,Achoerodus,gouldii,1,580.01,37384002,StFrancis04R_Mar2015.avi,61383,20.461,1.901,1.979,1529.976,14.027,,F,Attracted,Count as second - length
ISSI04_1503,Labridae,Notolabrus,tetricus,1,282.188,37384003,StFrancis04R_Mar2015.avi,64905,21.635,0.865,0.75,1069.213,12.229,,F,Attracted,
ISSI04_1503,Labridae,Notolabrus,tetricus,1,337.159,37384003,StFrancis04R_Mar2015.avi,64910,21.6367,2.239,3.152,1659.672,2.448,,M,Attracted,
ISSI04_1503,Labridae,Notolabrus,tetricus,1,327.95,37384003,StFrancis04R_Mar2015.avi,64970,21.6567,1.377,1.114,1333.129,12.366,,M,Feeding,
ISSI04_1503,Labridae,Notolabrus,tetricus,1,352.124,37384003,StFrancis04R_Mar2015.avi,65015,21.6717,1.657,0.365,1495.135,4.949,,M,Attracted,
ISSI04_1503,Labridae,Notolabrus,tetricus,1,272.304,37384003,StFrancis04R_Mar2015.avi,65015,21.6717,5.802,2.026,2244.195,20.589,,F,Passing,
ISSI04_1503,Scorpididae,Scorpis,aequipinnis,1,452.887,37361004,StFrancis04R_Mar2015.avi,69280,23.0933,0.686,0.883,1028.295,12.867,,AD,Attracted,
ISSI04_1503,Cheilodactylidae,Nemadactylus,valenciennesi,1,444.694,37377004,StFrancis04R_Mar2015.avi,76649,25.5497,3.323,1.083,2152.311,12.667,,AD,Passing,
ISSI04_1503,Carangidae,Pseudocaranx,wrighti,1,194.25,37337063,StFrancis04R_Mar2015.avi,96950,32.3167,0.891,1.667,1482.195,11.169,,AD,Passing,
ISSI04_1503,Carangidae,Pseudocaranx,wrighti,1,219.447,37337063,StFrancis04R_Mar2015.avi,96950,32.3167,2.201,6.248,2187.858,12.636,,AD,Passing,
ISSI04_1503,Carangidae,Pseudocaranx,wrighti,1,181.093,37337063,StFrancis04R_Mar2015.avi,96969,32.323,1.105,1.859,1241.843,15.636,,AD,Passing,
ISSI04_1503,Carangidae,Pseudocaranx,wrighti,1,283.929,37337063,StFrancis04R_Mar2015.avi,96980,32.3267,5.853,4.269,2490.912,15.246,,AD,Passing,
ISSI04_1503,Carangidae,Pseudocaranx,wrighti,1,198.25,37337063,StFrancis04R_Mar2015.avi,96980,32.3267,1.281,0.867,1470.989,11.574,,AD,Passing,
ISSI04_1503,Labridae,Ophthalmolepis,lineolatus,1,151.38,37384040,StFrancis04R_Mar2015.avi,100543,33.5143,1.442,0.599,1375.13,9.315,,AD,Passing,
ISSI04_1503,Labridae,Ophthalmolepis,lineolatus,1,209.45,37384040,StFrancis04R_Mar2015.avi,100543,33.5143,2.195,1.817,1657.265,11.716,,AD,Passing,
ISSI04_1503,Labridae,Ophthalmolepis,lineolatus,1,204.459,37384040,StFrancis04R_Mar2015.avi,100543,33.5143,1.91,1.279,1534.768,6.748,,AD,Attracted,
ISSI04_1503,Labridae,Ophthalmolepis,lineolatus,1,187.888,37384040,StFrancis04R_Mar2015.avi,100543,33.5143,3.071,0.754,1956.26,17.559,,AD,Attracted,
ISSI04_1503,Labridae,Ophthalmolepis,lineolatus,1,207.3,37384040,StFrancis04R_Mar2015.avi,100548,33.516,0.918,0.583,1195.774,14.007,,AD,Attracted,
ISSI04_1503,Labridae,Ophthalmolepis,lineolatus,1,213.117,37384040,StFrancis04R_Mar2015.avi,100678,33.5593,1.274,1.048,1404.981,11.18,,AD,Attracted,
ISSI04_1503,Labridae,Ophthalmolepis,lineolatus,1,272.692,37384040,StFrancis04R_Mar2015.avi,100798,33.5993,0.854,0.651,1218.673,13.529,,AD,Attracted,
ISSI04_1503,Labridae,Ophthalmolepis,lineolatus,1,253.203,37384040,StFrancis04R_Mar2015.avi,100798,33.5993,1.746,0.75,1189.578,11.635,,AD,Attracted,
ISSI04_1503,Labridae,Ophthalmolepis,lineolatus,1,232.288,37384040,StFrancis04R_Mar2015.avi,100798,33.5993,1.921,5.689,2263.947,20.287,,AD,Passing,
ISSI04_1503,Labridae,Ophthalmolepis,lineolatus,1,245.389,37384040,StFrancis04R_Mar2015.avi,100843,33.6143,0.821,0.431,1403.117,2.081,,AD,Feeding,
ISSI04_1503,Labridae,Ophthalmolepis,lineolatus,1,307.802,37384040,StFrancis04R_Mar2015.avi,100843,33.6143,0.881,0.708,1392.901,8.401,,AD,Feeding,
ISSI04_1503,Labridae,Ophthalmolepis,lineolatus,1,271.71,37384040,StFrancis04R_Mar2015.avi,100843,33.6143,1.506,0.673,1434.557,10.956,,AD,Passing,
ISSI04_1503,Labridae,Ophthalmolepis,lineolatus,1,216.205,37384040,StFrancis04R_Mar2015.avi,100953,33.651,0.856,0.237,1346.289,15.833,,AD,Attracted,
ISSI04_1503,Labridae,Ophthalmolepis,lineolatus,1,232.158,37384040,StFrancis04R_Mar2015.avi,100953,33.651,1.122,1.984,1389.332,4.946,,AD,Feeding,
ISSI04_1503,Heterodontidae,Heterodontus,portusjacksoni,1,604.954,37007001,StFrancis04R_Mar2015.avi,102061,34.0203,2.057,0.497,1714.335,7.919,,AD,Feeding,
ISSI04_1503,Myliobatidae,Myliobatis,tenuicaudatus,1,935.467,37039001,StFrancis04R_Mar2015.avi,113170,37.7233,6.655,4.186,3579.795,9.693,,AD,Passing,
ISSI04_1503,Monacanthidae,Meuschenia,galii,1,257.278,37465040,StFrancis04R_Mar2015.avi,131441,43.8137,2.549,1.119,1839.092,8.523,,AD,Passing,
ISSI04_1503,Monacanthidae,Meuschenia,galii,1,236.157,37465040,StFrancis04R_Mar2015.avi,131503,43.8343,1.175,0.831,1261.181,11.587,,AD,Attracted,
ISSI04_1503,Serranidae,Caesioperca,rasor,1,200.698,37311003,StFrancis04R_Mar2015.avi,180916,60.3053,0.718,0.166,1263.64,14.95,,AD,Passing,
ISSI04_1503,Labridae,Notolabrus,parilus,1,263.213,37384022,StFrancis04R_Mar2015.avi,182436,60.812,0.745,1.264,1272.891,9.589,,M,Attracted,
ISSI04_1503,Monacanthidae,Meuschenia,hippocrepis,1,302.351,37465004,StFrancis04R_Mar2015.avi,186913,62.3043,1.489,1.15,1848.742,13.228,,AD,Attracted,
ISSI04_1503,Monacanthidae,Meuschenia,hippocrepis,1,377.841,37465004,StFrancis04R_Mar2015.avi,186928,62.3093,1.143,1.539,1419.084,10.288,,M,Feeding,
ISSI04_1503,Odacidae,Olisthops,cyanomelas,1,318.607,37385001,StFrancis04R_Mar2015.avi,235196,78.3987,11.998,3.323,3351.357,5.243,,AD,Passing,out of time range
CACI01_1512,Scorpididae,Tilodon,sexfasciatus,1,159.348,37361003,CACI01_1512_L.avi,39410,13.1367,1.071,2.835,1998.012,12.968,,AD,Passing,
CACI01_1512,Scorpididae,Scorpis,aequipinnis,1,218.188,37361004,CACI01_1512_L.avi,162035,54.0117,2.628,2.199,2141.868,7.623,,AD,Attracted,
CACI01_1512,Scorpididae,Scorpis,aequipinnis,1,219.593,37361004,CACI01_1512_L.avi,162045,54.015,1.716,2.415,1715.18,7.698,,AD,Attracted,
CACI01_1512,Scorpididae,Scorpis,aequipinnis,1,243.627,37361004,CACI01_1512_L.avi,162115,54.0383,2.668,5.96,1836.247,17.531,,AD,Attracted,
CACI01_1512,Scorpididae,Scorpis,aequipinnis,1,224.804,37361004,CACI01_1512_L.avi,162419,54.1397,0.722,3.957,1298.73,13.042,,AD,Attracted,
CACI01_1512,Scorpididae,Scorpis,aequipinnis,1,257.67,37361004,CACI01_1512_L.avi,162458,54.1527,2.072,7.821,2095.939,12.962,,AD,Attracted,
CACI01_1512,Scorpididae,Scorpis,aequipinnis,1,219.397,37361004,CACI01_1512_L.avi,162488,54.1627,1.134,4.982,1703.153,3.042,,AD,Attracted,
CACI01_1512,Scorpididae,Scorpis,aequipinnis,1,261.921,37361004,CACI01_1512_L.avi,162519,54.173,1.513,2.934,1353.181,10.432,,AD,Attracted,
CACI01_1512,Carangidae,Pseudocaranx,sp,1,335.155,37337924,CACI01_1512_L.avi,158988,52.996,2.068,5.962,2071.271,6.936,,AD,Attracted,
CACI01_1512,Carangidae,Pseudocaranx,sp,1,325.776,37337924,CACI01_1512_L.avi,158988,52.996,2.601,4.04,1494.371,10.739,,AD,Attracted,
CACI01_1512,Carangidae,Pseudocaranx,sp,1,260.018,37337924,CACI01_1512_L.avi,44764,14.9213,3.013,5.962,2510.539,17.732,,AD,Passing,
CACI01_1512,Carangidae,Pseudocaranx,sp,1,272.941,37337924,CACI01_1512_L.avi,44785,14.9283,5.451,3.431,2366.515,6.788,,AD,Passing,
CACI01_1512,Carangidae,Pseudocaranx,sp,1,315.32,37337924,CACI01_1512_L.avi,44804,14.9347,3.714,4.991,2279.932,13.284,,AD,Passing,
CACI01_1512,Sparidae,Pagrus,auratus,1,418.509,37353001,CACI01_1512_L.avi,140830,46.9433,1.33,5.024,1690.67,11.872,,AD,Attracted,
CACI01_1512,Labridae,Notolabrus,parilus,1,467.081,37384022,CACI01_1512_L.avi,55416,18.472,3.778,7.064,2524.734,15.344,,M,Passing,
CACI01_1512,Labridae,Notolabrus,tetricus,1,442.478,37384003,CACI01_1512_L.avi,148104,49.368,3.025,6.234,2348.042,15.113,,M,Passing,
CACI01_1512,Monacanthidae,Meuschenia,hippocrepis,1,177.425,37465004,CACI01_1512_L.avi,64395,21.465,1.446,0.241,1502.176,10.525,,J,Feeding,
CACI01_1512,Monacanthidae,Meuschenia,hippocrepis,1,178.67,37465004,CACI01_1512_L.avi,64880,21.6267,0.831,2.582,1584.2,3.167,,J,Attracted,
CACI01_1512,Monacanthidae,Meuschenia,hippocrepis,1,314.343,37465004,CACI01_1512_L.avi,66854,22.2847,0.947,0.387,1292.546,13.752,,AD,Feeding,
CACI01_1512,Kyphosidae,Kyphosus,sydneyanus,1,463.832,37361001,CACI01_1512_L.avi,24239,8.0797,3.916,5.174,2186.809,12.786,,AD,Attracted,
CACI01_1512,Kyphosidae,Kyphosus,sydneyanus,1,368.942,37361001,CACI01_1512_L.avi,24239,8.0797,2.655,5.328,2160.138,6.795,,AD,Attracted,
CACI01_1512,Kyphosidae,Kyphosus,sydneyanus,1,376.33,37361001,CACI01_1512_L.avi,24239,8.0797,1.579,4.479,2452.072,8.123,,AD,Attracted,
CACI01_1512,Kyphosidae,Kyphosus,sydneyanus,1,317.007,37361001,CACI01_1512_L.avi,24239,8.0797,3.726,4.73,2214.56,1.046,,AD,Attracted,
CACI01_1512,Kyphosidae,Kyphosus,sydneyanus,1,241.662,37361001,CACI01_1512_L.avi,24239,8.0797,3.309,3.584,2026.406,9.175,,AD,Attracted,
CACI01_1512,Kyphosidae,Kyphosus,sydneyanus,1,389.586,37361001,CACI01_1512_L.avi,24239,8.0797,1.926,6.688,2568.001,7.197,,AD,Attracted,
CACI01_1512,Kyphosidae,Kyphosus,sydneyanus,1,313.423,37361001,CACI01_1512_L.avi,24239,8.0797,2.433,5.011,2460.568,11.681,,AD,Attracted,
CACI01_1512,Kyphosidae,Kyphosus,sydneyanus,1,418.797,37361001,CACI01_1512_L.avi,24304,8.1013,2.171,6.827,2404.37,2.686,,AD,Attracted,
CACI01_1512,Kyphosidae,Kyphosus,sydneyanus,1,370.59,37361001,CACI01_1512_L.avi,24304,8.1013,2.248,5.415,2670.862,9.715,,AD,Attracted,
CACI01_1512,Kyphosidae,Girella,zebra,1,249.141,37361008,CACI01_1512_L.avi,154314,51.438,1.702,2.631,2064.669,15.082,,AD,Attracted,
CACI01_1512,Cheilodactylidae,Dactylophora,nigricans,1,391.965,37377005,CACI01_1512_L.avi,76590,25.53,2.572,4.815,1884.276,11.892,,AD,Passing,
CACI01_1512,Cheilodactylidae,Cheilodactylus,nigripes,1,286.62,37377001,CACI01_1512_L.avi,25024,8.3413,0.952,3.827,1740.785,6.202,,AD,Passing,
CACI01_1512,Arripidae,Arripis,georgianus,1,144.677,37344001,CACI01_1512_L.avi,183997,61.3323,3.35,2.863,1715.909,19.14,,AD,Passing,
CACI01_1512,Arripidae,Arripis,georgianus,1,129.37,37344001,CACI01_1512_L.avi,183997,61.3323,2.422,3.958,1466.85,17.605,,AD,Passing,
CACI01_1512,Arripidae,Arripis,georgianus,1,150.339,37344001,CACI01_1512_L.avi,183997,61.3323,4.126,5.969,1998.44,10.143,,AD,Passing,
CACI01_1512,Arripidae,Arripis,georgianus,1,167.389,37344001,CACI01_1512_L.avi,184021,61.3403,3.513,7.944,1821.777,13.118,,AD,Passing,
CACI01_1512,Arripidae,Arripis,georgianus,1,150.744,37344001,CACI01_1512_L.avi,184021,61.3403,2.869,5.671,2131.64,9.51,,AD,Passing,
CACI01_1512,Arripidae,Arripis,georgianus,1,172.403,37344001,CACI01_1512_L.avi,184021,61.3403,3.668,7.539,2185.063,4.962,,AD,Passing,
CACI02_1512,Mullidae,Upeneichthys,vlamingii,1,201.244,37355029,CACI02_1512_L.avi,99090,33.03,6.928,3.696,3016.137,12.586,,AD,Passing,
CACI02_1512,Mullidae,Upeneichthys,vlamingii,1,197.434,37355029,CACI02_1512_L.avi,99138,33.046,6.933,0.442,2948.844,16.101,,AD,Passing,
CACI02_1512,Mullidae,Upeneichthys,vlamingii,1,225.442,37355029,CACI02_1512_L.avi,99151,33.0503,9.821,2.188,3118.605,15.271,,AD,Passing,
CACI02_1512,Mullidae,Upeneichthys,vlamingii,1,202.504,37355029,CACI02_1512_L.avi,99151,33.0503,9.179,0.176,3003.221,12.913,,AD,Passing,
CACI02_1512,Scorpididae,Scorpis,aequipinnis,1,198.987,37361004,CACI02_1512_L.avi,103913,34.6377,0.978,0.338,1256.789,5.048,,AD,Attracted,
CACI02_1512,Scorpididae,Scorpis,aequipinnis,1,247.458,37361004,CACI02_1512_L.avi,103956,34.652,1.507,3.363,1248.837,13.019,,AD,Attracted,
CACI02_1512,Scorpididae,Scorpis,aequipinnis,1,166.287,37361004,CACI02_1512_L.avi,103961,34.6537,1.066,1.42,1454.917,11.027,,AD,Attracted,
CACI02_1512,Scorpididae,Scorpis,aequipinnis,1,227.882,37361004,CACI02_1512_L.avi,103979,34.6597,2.725,1.849,1739.658,14.086,,AD,Passing,
CACI02_1512,Scorpididae,Scorpis,aequipinnis,1,162.178,37361004,CACI02_1512_L.avi,103988,34.6627,4.803,6.393,2173.252,20.276,,AD,Passing,
CACI02_1512,Labridae,Pictilabrus,laticlavius,1,164.918,37384020,CACI02_1512_L.avi,63163,21.0543,3.439,0.165,2693.945,10.951,,M,Passing,
CACI02_1512,Pomacentridae,Parma,victoriae,1,198.637,37372006,CACI02_1512_L.avi,176675,58.8917,8.283,7.773,2855.259,17.961,,AD,Passing,
CACI02_1512,Labridae,Notolabrus,parilus,1,349.795,37384022,CACI02_1512_L.avi,112220,37.4067,4.996,0.768,2118.494,9.799,,F,Passing,
CACI02_1512,Labridae,Notolabrus,parilus,1,304.925,37384022,CACI02_1512_L.avi,112229,37.4097,2.409,1.464,1727.616,16.466,,F,Passing,
CACI02_1512,Labridae,Notolabrus,tetricus,1,271.663,37384003,CACI02_1512_L.avi,47860,15.9533,3.555,8.696,3518.758,15.997,,F,Passing,
CACI02_1512,Labridae,Notolabrus,tetricus,1,304.427,37384003,CACI02_1512_L.avi,47860,15.9533,10.681,10.983,3148.802,21.672,,F,Passing,
CACI02_1512,Monacanthidae,Meuschenia,freycineti,1,306.241,37465036,CACI02_1512_L.avi,142845,47.615,0.804,0.456,1387.37,10.131,,M,Feeding,
CACI02_1512,Monacanthidae,Meuschenia,hippocrepis,1,310.204,37465004,CACI02_1512_L.avi,40513,13.5043,1.271,5.873,1329.678,9.371,,AD,Attracted,
CACI02_1512,Monacanthidae,Meuschenia,hippocrepis,1,227.873,37465004,CACI02_1512_L.avi,40513,13.5043,0.646,0.909,1238.683,5.581,,AD,Feeding,
CACI02_1512,Monacanthidae,Meuschenia,hippocrepis,1,255.485,37465004,CACI02_1512_L.avi,40513,13.5043,0.743,0.666,1355.417,8.295,,AD,Feeding,
CACI02_1512,Monacanthidae,Meuschenia,hippocrepis,1,173.773,37465004,CACI02_1512_L.avi,40513,13.5043,1.818,1.125,1726.216,16.542,,J,Attracted,
CACI02_1512,Monacanthidae,Meuschenia,hippocrepis,1,199.918,37465004,CACI02_1512_L.avi,40624,13.5413,0.731,1.452,1279.652,10.01,,AD,Attracted,
CACI02_1512,Kyphosidae,Kyphosus,sydneyanus,1,301.83,37361001,CACI02_1512_L.avi,17124,5.708,2.659,6.956,2965.167,18.133,,AD,Passing,
CACI02_1512,Kyphosidae,Girella,zebra,1,180.803,37361008,CACI02_1512_L.avi,152663,50.8877,0.91,3.812,1545.398,10.077,,AD,Attracted,
CACI02_1512,Kyphosidae,Girella,zebra,1,166.622,37361008,CACI02_1512_L.avi,152663,50.8877,1.04,0.495,1428.313,11.243,,AD,Attracted,
CACI02_1512,Kyphosidae,Girella,zebra,1,155.002,37361008,CACI02_1512_L.avi,152663,50.8877,0.821,3.589,1453.485,11.263,,AD,Attracted,
CACI02_1512,Kyphosidae,Girella,zebra,1,151.379,37361008,CACI02_1512_L.avi,152663,50.8877,1.639,1.209,1515.243,13.497,,AD,Attracted,
CACI02_1512,Kyphosidae,Girella,zebra,1,183.889,37361008,CACI02_1512_L.avi,152663,50.8877,1.47,1.128,1599.657,13.242,,AD,Attracted,
CACI02_1512,Kyphosidae,Girella,zebra,1,139.888,37361008,CACI02_1512_L.avi,152672,50.8907,0.942,2.027,1517.698,17.321,,AD,Attracted,
CACI02_1512,Kyphosidae,Girella,zebra,1,168.59,37361008,CACI02_1512_L.avi,152672,50.8907,1.633,0.986,1578.481,13.253,,AD,Attracted,
CACI02_1512,Kyphosidae,Girella,zebra,1,153.354,37361008,CACI02_1512_L.avi,152683,50.8943,1.945,1.504,1615.3,15.376,,AD,Attracted,
CACI02_1512,Cheilodactylidae,Cheilodactylus,nigripes,1,219.65,37377001,CACI02_1512_L.avi,156075,52.025,1.56,4.638,1642.234,17.791,,AD,Passing,
CACI02_1512,Labridae,Austrolabrus,maculatus,1,125.393,37384025,CACI02_1512_L.avi,18209,6.0697,1.21,0.58,1581.249,8.872,,AD,Passing,
CACI02_1512,Labridae,Austrolabrus,maculatus,1,150.951,37384025,CACI02_1512_L.avi,18209,6.0697,3.219,1.894,1954.584,9.958,,AD,Passing,
CACI03_1512,Scorpididae,Tilodon,sexfasciatus,1,163.237,37361003,CACI03_1512_L.avi,15418,5.1393,2.64,0.496,1841.897,24.7,,AD,Attracted,
CACI03_1512,Scorpididae,Scorpis,aequipinnis,1,247.568,37361004,CACI03_1512_L.avi,59142,19.714,2.734,0.915,1787.781,26.829,,AD,Attracted,
CACI03_1512,Scorpididae,Scorpis,aequipinnis,1,260.796,37361004,CACI03_1512_L.avi,59142,19.714,3.121,1.578,1822.474,4.334,,AD,Attracted,
CACI03_1512,Scorpididae,Scorpis,aequipinnis,1,240.273,37361004,CACI03_1512_L.avi,59165,19.7217,3.689,0.678,1601.061,14.908,,AD,Attracted,
CACI03_1512,Scorpididae,Scorpis,aequipinnis,1,134.363,37361004,CACI03_1512_L.avi,59195,19.7317,1.91,0.697,1445.762,19.641,,J,Attracted,
CACI03_1512,Scorpididae,Scorpis,aequipinnis,1,205.434,37361004,CACI03_1512_L.avi,59196,19.732,1.941,0.429,1368.528,4.031,,AD,Feeding,
CACI03_1512,Scorpididae,Scorpis,aequipinnis,1,241.722,37361004,CACI03_1512_L.avi,59210,19.7367,3.364,0.649,1851.366,17.493,,AD,Attracted,
CACI03_1512,Scorpididae,Scorpis,aequipinnis,1,235.815,37361004,CACI03_1512_L.avi,59237,19.7457,4.327,2.559,1906.842,28.127,,AD,Attracted,
CACI03_1512,Scorpididae,Scorpis,aequipinnis,1,180.773,37361004,CACI03_1512_L.avi,59420,19.8067,1.827,3.008,1499.916,23.23,,AD,Attracted,
CACI03_1512,Scorpididae,Scorpis,aequipinnis,1,240.417,37361004,CACI03_1512_L.avi,59494,19.8313,4.934,0.984,1882.868,4.557,,AD,Attracted,
CACI03_1512,Scorpididae,Scorpis,aequipinnis,1,193.784,37361004,CACI03_1512_L.avi,59669,19.8897,3.541,0.463,1544.202,7.768,,AD,Attracted,
CACI03_1512,Carangidae,Pseudocaranx,sp,1,261.064,37337924,CACI03_1512_L.avi,32273,10.7577,3.109,0.897,2176.79,12.094,,AD,Passing,
CACI03_1512,Carangidae,Pseudocaranx,sp,1,236.379,37337924,CACI03_1512_L.avi,32273,10.7577,18.233,2.651,3338.922,12.008,,AD,Passing,
CACI03_1512,Sparidae,Pagrus,auratus,1,435.237,37353001,CACI03_1512_L.avi,95861,31.9537,11.06,0.635,3182.678,11.769,,AD,Passing,
CACI03_1512,Labridae,Notolabrus,parilus,1,407.591,37384022,CACI03_1512_L.avi,106488,35.496,16.367,0.943,3348.541,24.514,,M,Passing,
CACI03_1512,Labridae,Notolabrus,parilus,1,342.786,37384022,CACI03_1512_L.avi,132759,44.253,7.06,1.115,2275.704,26.77,,F,Passing,
CACI03_1512,Labridae,Notolabrus,tetricus,1,278.587,37384003,CACI03_1512_L.avi,159077,53.0257,4.8,2.505,2310.161,25.419,,F,Attracted,
CACI03_1512,Labridae,Notolabrus,tetricus,1,365.176,37384003,CACI03_1512_L.avi,159087,53.029,2.687,2.167,1723.782,25.261,,F,Attracted,
CACI03_1512,Monacanthidae,Meuschenia,hippocrepis,1,295.596,37465004,CACI03_1512_L.avi,38700,12.9,8.842,0.625,2367.812,25.583,,AD,Passing,
CACI03_1512,Kyphosidae,Kyphosus,sydneyanus,1,417.324,37361001,CACI03_1512_L.avi,32713,10.9043,3.112,0.426,2873.452,6.617,,AD,Attracted,
CACI03_1512,Kyphosidae,Kyphosus,sydneyanus,1,393.863,37361001,CACI03_1512_L.avi,32764,10.9213,1.571,0.703,1923.489,3.788,,AD,Attracted,
CACI03_1512,Kyphosidae,Girella,zebra,1,261.14,37361008,CACI03_1512_L.avi,165936,55.312,4.619,0.583,2286.269,14.443,,AD,Passing,
CACI03_1512,Cheilodactylidae,Cheilodactylus,nigripes,1,225.198,37377001,CACI03_1512_L.avi,148608,49.536,6.409,4.455,2678.56,27.298,,AD,Passing,
CACI04_1512,Scorpididae,Scorpis,aequipinnis,1,184.003,37361004,CACI04_1512_L.avi,138698,46.2327,0.665,3.686,900.358,18.316,BUVS leaning 45 deg to one side,AD,Attracted,
CACI04_1512,Scorpididae,Scorpis,aequipinnis,1,193.377,37361004,CACI04_1512_L.avi,138731,46.2437,0.707,6.036,908.963,10.796,BUVS leaning 45 deg to one side,AD,Attracted,
CACI04_1512,Scorpididae,Scorpis,aequipinnis,1,231.254,37361004,CACI04_1512_L.avi,138731,46.2437,3.773,6.099,2397,14.039,BUVS leaning 45 deg to one side,AD,Attracted,
CACI04_1512,Scorpididae,Scorpis,aequipinnis,1,122.921,37361004,CACI04_1512_L.avi,138731,46.2437,2.77,4.053,1663.814,6.348,BUVS leaning 45 deg to one side,J,Attracted,
CACI04_1512,Scorpididae,Scorpis,aequipinnis,1,196.654,37361004,CACI04_1512_L.avi,138731,46.2437,2.106,2.437,1700.994,2.079,BUVS leaning 45 deg to one side,AD,Attracted,
CACI04_1512,Scorpididae,Scorpis,aequipinnis,1,151.749,37361004,CACI04_1512_L.avi,138731,46.2437,5.047,5.236,2399.51,12.04,BUVS leaning 45 deg to one side,J,Attracted,
CACI04_1512,Scorpididae,Scorpis,aequipinnis,1,130.966,37361004,CACI04_1512_L.avi,138731,46.2437,1.739,3.434,1621.333,16.276,BUVS leaning 45 deg to one side,J,Attracted,
CACI04_1512,Carangidae,Pseudocaranx,sp,1,239.419,37337924,CACI04_1512_L.avi,96477,32.159,1.886,4.785,1844.292,9.325,BUVS leaning 45 deg to one side,AD,Passing,
CACI04_1512,Carangidae,Pseudocaranx,sp,1,237.147,37337924,CACI04_1512_L.avi,96485,32.1617,2.035,4.129,2024.575,6.55,BUVS leaning 45 deg to one side,AD,Passing,
CACI04_1512,Sparidae,Pagrus,auratus,1,293.811,37353001,CACI04_1512_L.avi,140940,46.98,4.642,8.853,2162.895,18.389,BUVS leaning 45 deg to one side,J,Passing,
CACI04_1512,Labridae,Notolabrus,parilus,1,417.59,37384022,CACI04_1512_L.avi,24311,8.1037,6.724,4.484,3516.777,14.702,BUVS leaning 45 deg to one side,M,Passing,
CACI04_1512,Labridae,Notolabrus,parilus,1,292.124,37384022,CACI04_1512_L.avi,24500,8.1667,6.9,0.598,3057.374,15.48,BUVS leaning 45 deg to one side,F,Passing,
CACI04_1512,Labridae,Notolabrus,tetricus,1,226.189,37384003,CACI04_1512_L.avi,59907,19.969,3.6,2.452,2198.819,4.511,BUVS leaning 45 deg to one side,F,Passing,
CACI04_1512,Labridae,Notolabrus,tetricus,1,281.121,37384003,CACI04_1512_L.avi,59947,19.9823,17.251,7.22,3846.66,12.85,BUVS leaning 45 deg to one side,F,Passing,
CACI04_1512,Labridae,Notolabrus,tetricus,1,266.162,37384003,CACI04_1512_L.avi,60004,20.0013,2.453,1.917,2163.135,5.442,BUVS leaning 45 deg to one side,F,Passing,
CACI04_1512,Monacanthidae,Meuschenia,hippocrepis,1,292.633,37465004,CACI04_1512_L.avi,72861,24.287,1.185,0.669,1161.87,19.844,BUVS leaning 45 deg to one side,AD,Attracted,
CACI04_1512,Monacanthidae,Meuschenia,hippocrepis,1,303.477,37465004,CACI04_1512_L.avi,72881,24.2937,6.456,0.208,2086.678,10.818,BUVS leaning 45 deg to one side,AD,Attracted,
CACI04_1512,Monacanthidae,Meuschenia,hippocrepis,1,292.201,37465004,CACI04_1512_L.avi,72881,24.2937,2.738,0.594,1853.169,20.601,BUVS leaning 45 deg to one side,AD,Attracted,
CACI04_1512,Monacanthidae,Meuschenia,hippocrepis,1,144.69,37465004,CACI04_1512_L.avi,72881,24.2937,0.997,1.523,1319.361,4.008,BUVS leaning 45 deg to one side,J,Attracted,
CACI04_1512,Monacanthidae,Meuschenia,hippocrepis,1,287.947,37465004,CACI04_1512_L.avi,72902,24.3007,6.379,1.909,2149.1,8.337,BUVS leaning 45 deg to one side,AD,Attracted,
CACI04_1512,Monacanthidae,Meuschenia,hippocrepis,1,186.776,37465004,CACI04_1512_L.avi,72949,24.3163,6.592,2.69,2108.888,5.767,BUVS leaning 45 deg to one side,J,Attracted,
CACI04_1512,Kyphosidae,Kyphosus,sydneyanus,1,344.162,37361001,CACI04_1512_L.avi,134958,44.986,9.2,14.309,2251.192,15.692,BUVS leaning 45 deg to one side,AD,Attracted,
CACI04_1512,Kyphosidae,Kyphosus,sydneyanus,1,378.947,37361001,CACI04_1512_L.avi,134962,44.9873,7.051,11.279,3442.666,12.155,BUVS leaning 45 deg to one side,AD,Attracted,
CACI04_1512,Kyphosidae,Kyphosus,sydneyanus,1,357.996,37361001,CACI04_1512_L.avi,135045,45.015,6.536,7.682,2264.593,14.466,BUVS leaning 45 deg to one side,AD,Attracted,
CACI04_1512,Kyphosidae,Girella,zebra,1,226.421,37361008,CACI04_1512_L.avi,58903,19.6343,6.864,0.577,2128.707,25.019,BUVS leaning 45 deg to one side,AD,Passing,
CACI04_1512,Kyphosidae,Girella,zebra,1,237.437,37361008,CACI04_1512_L.avi,58956,19.652,6.645,0.222,2173.864,21.872,BUVS leaning 45 deg to one side,AD,Passing,
CACI04_1512,Arripidae,Arripis,georgianus,1,178.53,37344001,CACI04_1512_L.avi,40963,13.6543,9.529,1.662,3670.834,26.609,BUVS leaning 45 deg to one side,AD,Passing,
CACI04_1512,Arripidae,Arripis,georgianus,1,136.389,37344001,CACI04_1512_L.avi,40963,13.6543,15.094,2.024,3777.532,22.138,BUVS leaning 45 deg to one side,AD,Passing,
CACI04_1512,Ostraciidae,Aracana,aurita,1,198.557,37466003,CACI04_1512_L.avi,18232,6.0773,2.505,0.145,1635.51,28.622,BUVS leaning 45 deg to one side,F,Passing,
CANI01_1512,Mullidae,Upeneichthys,vlamingii,1,185.899,37355029,CANI01_1512_L.avi,94397,31.4657,2.64,2.865,1784.357,24.102,,AD,Passing,
CANI01_1512,Mullidae,Upeneichthys,vlamingii,1,117.644,37355029,CANI01_1512_L.avi,94420,31.4733,4.7,0.326,2032.219,22.318,,J,Passing,
CANI01_1512,Mullidae,Upeneichthys,vlamingii,1,149.291,37355029,CANI01_1512_L.avi,94420,31.4733,4.33,0.679,2047.147,21.606,,J,Passing,
CANI01_1512,Mullidae,Upeneichthys,vlamingii,1,178.218,37355029,CANI01_1512_L.avi,94483,31.4943,1.568,0.501,2107.376,2.289,,AD,Passing,
CANI01_1512,Sillaginidae,Sillago,bassensis,1,185.368,37330002,CANI01_1512_L.avi,40671,13.557,4.386,7.499,2105.594,6.501,,AD,Passing,
CANI01_1512,Sillaginidae,Sillago,bassensis,1,153.401,37330002,CANI01_1512_L.avi,40671,13.557,3.414,6.16,2303.483,9.453,,AD,Passing,
CANI01_1512,Sillaginidae,Sillago,bassensis,1,136.166,37330002,CANI01_1512_L.avi,40671,13.557,1.638,5.614,2208.299,5.374,,J,Passing,
CANI01_1512,Sillaginidae,Sillaginodes,punctatus,1,327.836,37330001,CANI01_1512_L.avi,29798,9.9327,3.253,1.751,2079.776,13.46,,AD,Attracted,
CANI01_1512,Sillaginidae,Sillaginodes,punctatus,1,317.331,37330001,CANI01_1512_L.avi,166525,55.5083,1.765,3.05,1857.056,3.453,,AD,Attracted,
CANI01_1512,Sillaginidae,Sillaginodes,punctatus,1,311.565,37330001,CANI01_1512_L.avi,166525,55.5083,2.11,2.022,2078.306,2.229,,AD,Attracted,
CANI01_1512,Sillaginidae,Sillaginodes,punctatus,1,385.622,37330001,CANI01_1512_L.avi,166555,55.5183,2.559,0.733,1519.317,26.365,,AD,Attracted,
CANI01_1512,Loliginidae,Sepioteuthis,australis,1,258.293,23617005,CANI01_1512_L.avi,34767,11.589,3.757,5.943,2069.017,21.87,,AD,Passing,
CANI01_1512,Labridae,Notolabrus,parilus,1,226.062,37384022,CANI01_1512_L.avi,70080,23.36,5.326,7.934,2122.196,4.89,,F,Passing,
CANI01_1512,Ostraciidae,Aracana,aurita,1,110.751,37466003,CANI01_1512_L.avi,171270,57.09,0.872,0.79,617.02,15.731,,M,Attracted,
CANI02_1512,Mullidae,Upeneichthys,vlamingii,1,191.753,37355029,CANI02_1512_L.avi,176495,58.8317,1.572,1.349,1859.61,10.613,,AD,Passing,
CANI02_1512,Mullidae,Upeneichthys,vlamingii,1,140.206,37355029,CANI02_1512_L.avi,176512,58.8373,2.839,0.282,1850.487,12.827,,J,Passing,
CANI02_1512,Scorpididae,Scorpis,aequipinnis,1,207.517,37361004,CANI02_1512_L.avi,42582,14.194,2.565,2.566,1604.728,10.649,,AD,Attracted,
CANI02_1512,Scorpididae,Scorpis,aequipinnis,1,225.567,37361004,CANI02_1512_L.avi,42603,14.201,2.951,1.252,1512.984,21.778,,AD,Attracted,
CANI02_1512,Scorpididae,Scorpis,aequipinnis,1,254.763,37361004,CANI02_1512_L.avi,42604,14.2013,2.88,0.421,1681.794,6.871,,AD,Attracted,
CANI02_1512,Scorpididae,Scorpis,aequipinnis,1,303.405,37361004,CANI02_1512_L.avi,42613,14.2043,4.523,2.208,1748.547,28.803,,AD,Attracted,
CANI02_1512,Scorpididae,Scorpis,aequipinnis,1,258.289,37361004,CANI02_1512_L.avi,42613,14.2043,3.294,1.542,1657.103,8.075,,AD,Attracted,
CANI02_1512,Scorpididae,Scorpis,aequipinnis,1,235.125,37361004,CANI02_1512_L.avi,42641,14.2137,4.009,0.534,1805.227,7.34,,AD,Attracted,
CANI02_1512,Scorpididae,Scorpis,aequipinnis,1,226.419,37361004,CANI02_1512_L.avi,42686,14.2287,1.292,0.726,1524.23,3.962,,AD,Attracted,
CANI02_1512,Scorpididae,Scorpis,aequipinnis,1,230.39,37361004,CANI02_1512_L.avi,42967,14.3223,2.334,0.549,1323.462,12.513,,AD,Attracted,
CANI02_1512,Monacanthidae,Scobinichthys,granulatus,1,245.776,37465007,CANI02_1512_L.avi,119964,39.988,0.912,0.738,983.211,23.221,,M,Attracted,
CANI02_1512,Platycephalidae,Platycephalus,speculator,1,544.477,37296037,CANI02_1512_L.avi,124082,41.3607,4.077,0.825,1657.416,24.279,,AD,Attracted,
CANI02_1512,Gerreidae,Parequula,melbournensis,1,146.375,37349001,CANI02_1512_L.avi,13945,4.6483,1.219,1.682,1053.163,20.975,,AD,Attracted,
CANI02_1512,Labridae,Notolabrus,parilus,1,307.247,37384022,CANI02_1512_L.avi,92680,30.8933,2.382,0.718,1620.158,20.114,,F,Passing,
CANI02_1512,Labridae,Notolabrus,parilus,1,353.367,37384022,CANI02_1512_L.avi,92748,30.916,3.145,0.485,2024.61,11.854,,AD,Passing,
CANI02_1512,Labridae,Notolabrus,parilus,1,365.347,37384022,CANI02_1512_L.avi,92910,30.97,6.046,1.224,2614.764,13.267,,F,Passing,
CANI02_1512,Labridae,Notolabrus,tetricus,1,263.72,37384003,CANI02_1512_L.avi,155582,51.8607,2.295,0.802,1298.345,25.412,,F,Attracted,
CANI02_1512,Monacanthidae,Meuschenia,freycineti,1,289.451,37465036,CANI02_1512_L.avi,59000,19.6667,1.639,1.062,1405.202,9.054,,M,Attracted,
CANI02_1512,Monacanthidae,Meuschenia,galii,1,217.489,37465040,CANI02_1512_L.avi,128362,42.7873,6.557,0.947,2405.009,21.496,,AD,Passing,
CANI02_1512,Enoplosidae,Enoplosus,armatus,1,223.128,37366001,CANI02_1512_L.avi,172779,57.593,6.392,0.174,1979.557,29.424,,AD,Passing,
CANI02_1512,Labridae,Austrolabrus,maculatus,1,135.195,37384025,CANI02_1512_L.avi,13539,4.513,4.934,4.817,2176.242,16.652,,AD,Passing,
CANI02_1512,Labridae,Austrolabrus,maculatus,1,142.321,37384025,CANI02_1512_L.avi,13568,4.5227,4.66,1.937,2216.716,18.307,,AD,Passing,
CANI02_1512,Ostraciidae,Aracana,aurita,1,165.14,37466003,CANI02_1512_L.avi,76246,25.4153,2.797,2.15,1431.51,31.106,,M,Attracted,
CANI02_1512,Ostraciidae,Anoplocapros,amygdaloides,1,193.048,37466015,CANI02_1512_L.avi,86224,28.7413,1.649,0.766,1405.751,26.395,,AD,Attracted,
CANI03_1512,Mullidae,Upeneichthys,vlamingii,1,175.402,37355029,CANI03_1512_L.avi,122297,40.7657,5.853,0.811,1882.749,19.612,,AD,Passing,
CANI03_1512,Scorpididae,Scorpis,aequipinnis,1,184.625,37361004,CANI03_1512_L.avi,172003,57.3343,3.173,0.231,1401.553,22.831,,AD,Attracted,
CANI03_1512,Scorpididae,Scorpis,aequipinnis,1,204.743,37361004,CANI03_1512_L.avi,172003,57.3343,1.485,0.036,969.608,15.935,,AD,Attracted,
CANI03_1512,Scorpididae,Scorpis,aequipinnis,1,191.469,37361004,CANI03_1512_L.avi,172165,57.3883,1.319,1.402,910.476,18.566,,AD,Attracted,
CANI03_1512,Labridae,Notolabrus,parilus,1,354.33,37384022,CANI03_1512_L.avi,92534,30.8447,3.756,3.466,3463.121,7.585,,F,Passing,
CANI03_1512,Labridae,Notolabrus,tetricus,1,271.347,37384003,CANI03_1512_L.avi,74928,24.976,3.746,0.153,1773.054,20.624,,F,Attracted,
CANI03_1512,Labridae,Austrolabrus,maculatus,1,105.661,37384025,CANI03_1512_L.avi,17305,5.7683,3.145,0.958,2135.44,13.014,,AD,Passing,
CANI03_1512,Ostraciidae,Aracana,aurita,1,158.983,37466003,CANI03_1512_L.avi,141098,47.0327,3.623,0.274,2003.327,22.031,,M,Passing,
CANI04_1512,Mullidae,Upeneichthys,vlamingii,1,187.639,37355029,CANI04_1512_L.avi,57295,19.0983,3.786,3.614,2385.53,10.894,,AD,Passing,
CANI04_1512,Mullidae,Upeneichthys,vlamingii,1,154.914,37355029,CANI04_1512_L.avi,57295,19.0983,4.762,2.749,2403.115,9.515,,AD,Passing,
CANI04_1512,Mullidae,Upeneichthys,vlamingii,1,192.941,37355029,CANI04_1512_L.avi,57295,19.0983,7.176,0.988,2286.916,14.233,,AD,Passing,
CANI04_1512,Mullidae,Upeneichthys,vlamingii,1,186.345,37355029,CANI04_1512_L.avi,57312,19.104,8.296,1.27,2446.301,15.422,,AD,Passing,
CANI04_1512,Mullidae,Upeneichthys,vlamingii,1,183.61,37355029,CANI04_1512_L.avi,57312,19.104,4.582,0.185,1974.18,17.046,,AD,Passing,
CANI04_1512,Mullidae,Upeneichthys,vlamingii,1,194.285,37355029,CANI04_1512_L.avi,57324,19.108,5.747,1.606,2974.365,21.301,,AD,Passing,
CANI04_1512,Scorpididae,Tilodon,sexfasciatus,1,120.064,37361003,CANI04_1512_L.avi,10295,3.4317,2.284,3.606,1946.224,20.438,,AD,Attracted,
CANI04_1512,Scorpididae,Scorpis,aequipinnis,1,129.707,37361004,CANI04_1512_L.avi,94521,31.507,1.018,2.154,1168.029,13.588,,J,Attracted,
CANI04_1512,Scorpididae,Scorpis,aequipinnis,1,210.662,37361004,CANI04_1512_L.avi,94582,31.5273,1.902,0.765,1705.713,21.831,,AD,Attracted,
CANI04_1512,Scorpididae,Scorpis,aequipinnis,1,176.847,37361004,CANI04_1512_L.avi,94582,31.5273,2.049,2.95,1549.525,17.894,,J,Attracted,
CANI04_1512,Carangidae,Pseudocaranx,sp,1,274.718,37337924,CANI04_1512_L.avi,148451,49.4837,2.705,1.402,2016.984,21.816,,AD,Attracted,
CANI04_1512,Carangidae,Pseudocaranx,sp,1,318.575,37337924,CANI04_1512_L.avi,148507,49.5023,4.728,2.116,1960.632,10.21,,AD,Attracted,
CANI04_1512,Labridae,Pictilabrus,laticlavius,1,165.103,37384020,CANI04_1512_L.avi,26833,8.9443,4.56,2.324,2251.013,27.801,,M,Passing,
CANI04_1512,Pomacentridae,Parma,victoriae,1,155.907,37372006,CANI04_1512_L.avi,110355,36.785,1.712,0.323,1629.499,18.506,,AD,Attracted,
CANI04_1512,Labridae,Notolabrus,parilus,1,169.814,37384022,CANI04_1512_L.avi,13950,4.65,3.578,0.186,2508.4,20.717,,J,Attracted,
CANI04_1512,Labridae,Notolabrus,parilus,1,294.797,37384022,CANI04_1512_L.avi,14012,4.6707,2.9,2.724,3260.43,14.73,,F,Attracted,
CANI04_1512,Labridae,Notolabrus,parilus,1,394.936,37384022,CANI04_1512_L.avi,145725,48.575,1.274,0.754,1155.408,23.179,,M,Attracted,
CANI04_1512,Labridae,Notolabrus,tetricus,1,229.986,37384003,CANI04_1512_L.avi,50186,16.7287,1.872,0.612,1647.385,22.937,,F,Attracted,
CANI04_1512,Labridae,Notolabrus,tetricus,1,228.098,37384003,CANI04_1512_L.avi,50187,16.729,3.76,5.623,2057.929,16.687,,F,Attracted,
CANI04_1512,Labridae,Notolabrus,tetricus,1,279.928,37384003,CANI04_1512_L.avi,50239,16.7463,1.875,5.73,1998.301,11.625,,F,Attracted,
CANI04_1512,Monacanthidae,Meuschenia,freycineti,1,280.195,37465036,CANI04_1512_L.avi,55829,18.6097,4.103,1.783,2361.578,10.345,,M,Passing,
CANI04_1512,Monacanthidae,Meuschenia,hippocrepis,1,213.1,37465004,CANI04_1512_L.avi,81852,27.284,2.851,0.107,1486.977,9.707,,AD,Feeding,
CANI04_1512,Monacanthidae,Meuschenia,hippocrepis,1,291.06,37465004,CANI04_1512_L.avi,81854,27.2847,2.279,3.562,1596.148,20.887,,AD,Attracted,
CANI04_1512,Monacanthidae,Meuschenia,hippocrepis,1,150.072,37465004,CANI04_1512_L.avi,81877,27.2923,0.988,0.908,1400.25,1.902,,J,Feeding,
CANI04_1512,Monacanthidae,Meuschenia,hippocrepis,1,168.284,37465004,CANI04_1512_L.avi,81877,27.2923,1.201,2.674,1417.244,7.552,,J,Feeding,
CANI04_1512,Monacanthidae,Meuschenia,hippocrepis,1,214.207,37465004,CANI04_1512_L.avi,81911,27.3037,1.058,2.091,1394.733,4.956,,AD,Feeding,
CANI04_1512,Monacanthidae,Meuschenia,hippocrepis,1,167.1,37465004,CANI04_1512_L.avi,81949,27.3163,2.287,1.256,1993.221,8.357,,J,Passing,
CANI04_1512,Monacanthidae,Meuschenia,hippocrepis,1,330.979,37465004,CANI04_1512_L.avi,82113,27.371,2.494,0.893,1709.122,25.559,,AD,Attracted,
CANI04_1512,Monacanthidae,Meuschenia,hippocrepis,1,300.396,37465004,CANI04_1512_L.avi,83917,27.9723,1.455,1.306,1363.053,10.437,,AD,Feeding,
CANI04_1512,Kyphosidae,Kyphosus,sydneyanus,1,332.997,37361001,CANI04_1512_L.avi,44431,14.8103,3.687,2.691,1984.221,7.962,,AD,Attracted,
CANI04_1512,Kyphosidae,Kyphosus,sydneyanus,1,328.159,37361001,CANI04_1512_L.avi,44431,14.8103,3.151,1.441,1904.768,10.524,,AD,Attracted,
CANI04_1512,Kyphosidae,Kyphosus,sydneyanus,1,373.756,37361001,CANI04_1512_L.avi,44431,14.8103,3.873,0.525,2110.096,22.631,,AD,Attracted,
CANI04_1512,Kyphosidae,Kyphosus,sydneyanus,1,354.372,37361001,CANI04_1512_L.avi,44448,14.816,1.695,1.932,2135.108,3.298,,AD,Attracted,
CANI04_1512,Kyphosidae,Kyphosus,sydneyanus,1,396.737,37361001,CANI04_1512_L.avi,44478,14.826,3.135,1.216,2082.75,19.646,,AD,Attracted,
CANI04_1512,Kyphosidae,Kyphosus,sydneyanus,1,334.533,37361001,CANI04_1512_L.avi,44478,14.826,2.426,2.163,1785.982,9.258,,AD,Attracted,
CANI04_1512,Kyphosidae,Kyphosus,sydneyanus,1,367.154,37361001,CANI04_1512_L.avi,44513,14.8377,4.772,0.354,2015.334,8.99,,AD,Attracted,
CANI04_1512,Cheilodactylidae,Dactylophora,nigricans,1,429.493,37377005,CANI04_1512_L.avi,127094,42.3647,2.769,7.21,1995.899,10.397,,J,Passing,
CANI04_1512,Chaetodontidae,Chelmonops,curiosus,1,118.4,37365066,CANI04_1512_L.avi,61714,20.5713,1.994,2.489,1999.473,15.579,,AD,Passing,
CANI04_1512,Cheilodactylidae,Cheilodactylus,nigripes,1,257.656,37377001,CANI04_1512_L.avi,51163,17.0543,2.238,1.909,1853.077,16.727,,AD,Attracted,
CANI04_1512,Labridae,Austrolabrus,maculatus,1,160.643,37384025,CANI04_1512_L.avi,167613,55.871,2.933,3.369,1976.02,25.886,,AD,Attracted,
CANI04_1512,Labridae,Austrolabrus,maculatus,1,129.227,37384025,CANI04_1512_L.avi,167637,55.879,4.715,5.767,2677.845,19.048,,AD,Attracted,
CANO01_1512,Mullidae,Upeneichthys,vlamingii,1,196.809,37355029,CANO01_1512_L.avi,93336,31.112,9.964,12.928,3038.625,12.782,"Flat reef, mixed algae into sand",AD,Passing,
CANO01_1512,Labridae,Notolabrus,parilus,1,254.818,37384022,CANO01_1512_L.avi,13426,4.4753,2.37,10.743,3599.681,4.683,"Flat reef, mixed algae into sand",F,Passing,
CANO01_1512,Labridae,Notolabrus,parilus,1,362.778,37384022,CANO01_1512_L.avi,13462,4.4873,7.804,13.55,2801.061,14.798,"Flat reef, mixed algae into sand",F,Passing,
CANO01_1512,Labridae,Notolabrus,tetricus,1,238.806,37384003,CANO01_1512_L.avi,13580,4.5267,8.894,2.598,2832.279,15.481,"Flat reef, mixed algae into sand",F,Passing,
CANO01_1512,Monacanthidae,Meuschenia,hippocrepis,1,211.603,37465004,CANO01_1512_L.avi,115671,38.557,2.854,7.296,1739.385,12.074,"Flat reef, mixed algae into sand",AD,Attracted,
CANO02_1512,Mullidae,Upeneichthys,vlamingii,1,150.424,37355029,CANO02_1512_L.avi,69163,23.0543,5.281,1.291,3007.545,10.118,,AD,Passing,
CANO02_1512,Mullidae,Upeneichthys,vlamingii,1,162.27,37355029,CANO02_1512_L.avi,69163,23.0543,6.683,2.02,3030.267,13.154,,AD,Passing,
CANO03_1512,Mullidae,Upeneichthys,vlamingii,1,114.088,37355029,CANO03_1512_L.avi,53057,17.6857,4.697,0.727,1769.91,27.693,,AD,Passing,
CANO03_1512,Ostraciidae,Aracana,ornata,1,88.438,37466001,CANO03_1512_L.avi,64026,21.342,2.857,0.545,1720.416,29.248,,M,Passing,
CANO04_1512,Scorpididae,Tilodon,sexfasciatus,1,171.003,37361003,CANO04_1512_L.avi,176290,58.7633,3.559,3.552,1552.002,19.953,,AD,Attracted,
CANO04_1512,Scorpididae,Tilodon,sexfasciatus,1,153.177,37361003,CANO04_1512_L.avi,176290,58.7633,2.832,4.192,1716.793,16.395,,AD,Attracted,
CANO04_1512,Scorpididae,Scorpis,aequipinnis,1,151.716,37361004,CANO04_1512_L.avi,57270,19.09,0.977,7.379,1079.159,20.633,,AD,Attracted,
CANO04_1512,Scorpididae,Scorpis,aequipinnis,1,165.131,37361004,CANO04_1512_L.avi,57285,19.095,1.175,0.553,1064.335,18.26,,AD,Attracted,
CANO04_1512,Scorpididae,Scorpis,aequipinnis,1,173.808,37361004,CANO04_1512_L.avi,57316,19.1053,1.742,2.496,1333.114,9.059,,AD,Attracted,
CANO04_1512,Scorpididae,Scorpis,aequipinnis,1,156.176,37361004,CANO04_1512_L.avi,57360,19.12,2.979,2.284,1577.61,22.495,,AD,Attracted,
CANO04_1512,Carangidae,Pseudocaranx,sp,1,244.569,37337924,CANO04_1512_L.avi,100602,33.534,3.669,3.711,1902.298,24.89,,AD,Passing,
CANO04_1512,Labridae,Notolabrus,parilus,1,305.84,37384022,CANO04_1512_L.avi,116981,38.9937,4.458,0.886,3105.112,17.024,,AD,Passing,
CANO04_1512,Labridae,Notolabrus,tetricus,1,239.343,37384003,CANO04_1512_L.avi,163092,54.364,2.752,4.572,2106.196,20.679,,F,Passing,
CANO04_1512,Monacanthidae,Meuschenia,australis,1,242.878,37465008,CANO04_1512_L.avi,36849,12.283,3.672,0.788,3232.588,18.72,,AD,Passing,
CANO04_1512,Kyphosidae,Kyphosus,sydneyanus,1,306.906,37361001,CANO04_1512_L.avi,151806,50.602,2.732,0.508,2157.875,6.603,,AD,Attracted,
CANO04_1512,Kyphosidae,Kyphosus,sydneyanus,1,268.13,37361001,CANO04_1512_L.avi,151806,50.602,2.801,4.422,1811.677,25.947,,AD,Attracted,
CANO04_1512,Kyphosidae,Kyphosus,sydneyanus,1,233.163,37361001,CANO04_1512_L.avi,151806,50.602,2.393,1.472,1773.946,24.275,,AD,Attracted,
CANO04_1512,Kyphosidae,Kyphosus,sydneyanus,1,299.372,37361001,CANO04_1512_L.avi,151826,50.6087,3.074,2.472,1796.062,15.633,,AD,Attracted,
CANO04_1512,Kyphosidae,Kyphosus,sydneyanus,1,330.903,37361001,CANO04_1512_L.avi,151835,50.6117,4.064,1.499,2176.464,24.379,,AD,Attracted,
CANO04_1512,Kyphosidae,Kyphosus,sydneyanus,1,339.091,37361001,CANO04_1512_L.avi,151870,50.6233,3.861,3.184,1756.261,27.145,,AD,Attracted,
CANO04_1512,Kyphosidae,Kyphosus,sydneyanus,1,311.323,37361001,CANO04_1512_L.avi,151870,50.6233,5.06,0.944,1918.345,27.745,,AD,Attracted,
CANO04_1512,Kyphosidae,Girella,zebra,1,160.562,37361008,CANO04_1512_L.avi,168804,56.268,7.296,9.264,3098.798,22.746,,AD,Passing,
CANO04_1512,Kyphosidae,Girella,zebra,1,148.354,37361008,CANO04_1512_L.avi,168804,56.268,10.217,10.578,2998.787,25.533,,AD,Passing,
CANO04_1512,Kyphosidae,Girella,zebra,1,182.097,37361008,CANO04_1512_L.avi,168804,56.268,4.099,1.997,2878.1,21.138,,AD,Passing,
CANO04_1512,Kyphosidae,Girella,zebra,1,188.757,37361008,CANO04_1512_L.avi,168838,56.2793,8.25,1.482,2882.087,18.433,,AD,Passing,
CANO04_1512,Kyphosidae,Girella,zebra,1,161.383,37361008,CANO04_1512_L.avi,168838,56.2793,6.635,0.686,2943.46,20.168,,AD,Passing,
CANO04_1512,Kyphosidae,Girella,zebra,1,222.591,37361008,CANO04_1512_L.avi,168852,56.284,11.931,11.107,3376.158,27.184,,AD,Passing,
CANO04_1512,Dinolestidae,Dinolestes,lewini,1,188.051,37327002,CANO04_1512_L.avi,33480,11.16,8.394,4.923,2794.361,21.756,,AD,Passing,
CANO04_1512,Chaetodontidae,Chelmonops,curiosus,1,122.215,37365066,CANO04_1512_L.avi,107311,35.7703,5.691,4.922,1861.13,23.952,,AD,Passing,
CANO04_1512,Arripidae,Arripis,georgianus,1,128.872,37344001,CANO04_1512_L.avi,28953,9.651,4.674,3.99,2525.86,20.925,,AD,Passing,
CANO04_1512,Arripidae,Arripis,georgianus,1,152.491,37344001,CANO04_1512_L.avi,28953,9.651,8.094,8.007,3008.617,20.736,,AD,Passing,
CASI02_1512,Mullidae,Upeneichthys,vlamingii,1,177.104,37355029,CASI02_1512_L.avi,170742,56.914,3.263,1.725,2209.264,6.02,,AD,Passing,
CASI02_1512,Monacanthidae,Scobinichthys,granulatus,1,185.144,37465007,CASI02_1512_L.avi,112703,37.5677,3.442,2.696,3371.227,9.473,,F,Passing,
CASI02_1512,Monacanthidae,Scobinichthys,granulatus,1,199.298,37465007,CASI02_1512_L.avi,112865,37.6217,4.119,1.073,3285.941,2.088,,M,Passing,
CASI02_1512,Carangidae,Pseudocaranx,sp,1,117.457,37337924,CASI02_1512_L.avi,33901,11.3003,1.473,0.863,1304.039,15.894,,AD,Passing,
CASI02_1512,Sparidae,Pagrus,auratus,1,188.482,37353001,CASI02_1512_L.avi,111272,37.0907,3.192,3.552,2093.761,19.45,,J,Attracted,
CASI02_1512,Sparidae,Pagrus,auratus,1,162.996,37353001,CASI02_1512_L.avi,111272,37.0907,1.664,3.265,1856.118,18.661,,J,Attracted,
CASI02_1512,Sparidae,Pagrus,auratus,1,192.547,37353001,CASI02_1512_L.avi,111272,37.0907,1.791,3.107,2202.44,6.66,,J,Attracted,
CASI02_1512,Sparidae,Pagrus,auratus,1,189.702,37353001,CASI02_1512_L.avi,111272,37.0907,1.372,2.25,1308.343,9.949,,J,Attracted,
CASI02_1512,Sparidae,Pagrus,auratus,1,190.96,37353001,CASI02_1512_L.avi,111272,37.0907,2.216,1.554,1892.453,2.557,,J,Attracted,
CASI02_1512,Sparidae,Pagrus,auratus,1,209.096,37353001,CASI02_1512_L.avi,111416,37.1387,1.766,1.344,1837.792,7.033,,J,Attracted,
CASI02_1512,Sparidae,Pagrus,auratus,1,185.909,37353001,CASI02_1512_L.avi,111416,37.1387,1.373,1.046,1639.192,0.95,,J,Attracted,
CASI02_1512,Sparidae,Pagrus,auratus,1,163.505,37353001,CASI02_1512_L.avi,111416,37.1387,1.063,2.307,1593.286,7.974,,J,Attracted,
CASI02_1512,Sparidae,Pagrus,auratus,1,201.338,37353001,CASI02_1512_L.avi,111416,37.1387,1.678,1.952,1882.393,1.221,,J,Attracted,
CASI02_1512,Sparidae,Pagrus,auratus,1,177.092,37353001,CASI02_1512_L.avi,111416,37.1387,0.761,3.27,1317.954,9.292,,J,Attracted,
CASI02_1512,Sparidae,Pagrus,auratus,1,189.531,37353001,CASI02_1512_L.avi,111626,37.2087,1.941,1.741,1415.365,11.367,,J,Attracted,
CASI02_1512,Labridae,Notolabrus,parilus,1,315.164,37384022,CASI02_1512_L.avi,13587,4.529,1.609,1.355,1994.011,3.338,,AD,Passing,
CASI02_1512,Monacanthidae,Meuschenia,galii,1,169.817,37465040,CASI02_1512_L.avi,17351,5.7837,1.301,2.047,1961.426,8.87,,AD,Passing,
CASI02_1512,Labridae,Austrolabrus,maculatus,1,150.394,37384025,CASI02_1512_L.avi,191340,63.78,3.263,3.161,2148.214,12.236,,AD,Passing,
CASI03_1512,Mullidae,Upeneichthys,vlamingii,1,178.386,37355029,CASI03_1512_L.avi,11881,3.9603,8.297,1.712,3054.062,16.115,Dense Sargassum,AD,Passing,
CASI03_1512,Plesiopidae,Trachinops,noarlungae,1,54.648,37316017,CASI03_1512_L.avi,158307,52.769,1.243,5.147,1095.827,18.722,Dense Sargassum,AD,Passing,
CASI03_1512,Odacidae,Siphonognathus,sp,1,106.147,37385905,CASI03_1512_L.avi,164381,54.7937,3.256,1.011,1749.021,21.145,Dense Sargassum,AD,Passing,
CASI03_1512,Carangidae,Pseudocaranx,sp,1,203.607,37337924,CASI03_1512_L.avi,51466,17.1553,2.143,1.632,2173.782,13.807,Dense Sargassum,AD,Attracted,
CASI03_1512,Carangidae,Pseudocaranx,sp,1,189.501,37337924,CASI03_1512_L.avi,51466,17.1553,1.318,1.778,1775.608,9.711,Dense Sargassum,AD,Attracted,
CASI03_1512,Carangidae,Pseudocaranx,sp,1,175.802,37337924,CASI03_1512_L.avi,51466,17.1553,1.838,0.756,1829.639,6.569,Dense Sargassum,AD,Attracted,
CASI03_1512,Carangidae,Pseudocaranx,sp,1,199.904,37337924,CASI03_1512_L.avi,51466,17.1553,1.834,1.448,1772.808,1.645,Dense Sargassum,AD,Attracted,
CASI03_1512,Carangidae,Pseudocaranx,sp,1,193.642,37337924,CASI03_1512_L.avi,51466,17.1553,1.124,1.975,1819.503,8.501,Dense Sargassum,AD,Attracted,
CASI03_1512,Carangidae,Pseudocaranx,sp,1,177.024,37337924,CASI03_1512_L.avi,51466,17.1553,2.217,8.453,1874.251,19.337,Dense Sargassum,AD,Attracted,
CASI03_1512,Carangidae,Pseudocaranx,sp,1,193.526,37337924,CASI03_1512_L.avi,51466,17.1553,4.383,2.938,2009.23,14.668,Dense Sargassum,AD,Attracted,
CASI03_1512,Carangidae,Pseudocaranx,sp,1,181.563,37337924,CASI03_1512_L.avi,51466,17.1553,3.681,2.315,1743.769,3.15,Dense Sargassum,AD,Attracted,
CASI03_1512,Carangidae,Pseudocaranx,sp,1,160.904,37337924,CASI03_1512_L.avi,51466,17.1553,3.688,0.791,2013.867,18.21,Dense Sargassum,AD,Attracted,
CASI03_1512,Carangidae,Pseudocaranx,sp,1,206.679,37337924,CASI03_1512_L.avi,51466,17.1553,0.982,1.718,1802.286,5.145,Dense Sargassum,AD,Attracted,
CASI03_1512,Carangidae,Pseudocaranx,sp,1,179.131,37337924,CASI03_1512_L.avi,51466,17.1553,2.035,1.121,1894.456,4.901,Dense Sargassum,AD,Attracted,
CASI03_1512,Carangidae,Pseudocaranx,sp,1,186.504,37337924,CASI03_1512_L.avi,51466,17.1553,3.181,1.485,1908.104,8.22,Dense Sargassum,AD,Attracted,
CASI03_1512,Carangidae,Pseudocaranx,sp,1,190.001,37337924,CASI03_1512_L.avi,51529,17.1763,2.175,4.776,1647.989,16.352,Dense Sargassum,AD,Attracted,
CASI03_1512,Pomacentridae,Parma,victoriae,1,151.192,37372006,CASI03_1512_L.avi,162915,54.305,1.442,0.953,1667.123,5.549,Dense Sargassum,AD,Passing,
CASI03_1512,Gerreidae,Parequula,melbournensis,1,93.313,37349001,CASI03_1512_L.avi,16927,5.6423,0.601,0.465,1092.327,8.246,Dense Sargassum,AD,Passing,
CASI03_1512,Gerreidae,Parequula,melbournensis,1,113.018,37349001,CASI03_1512_L.avi,17089,5.6963,0.551,0.187,1040.547,0.913,Dense Sargassum,AD,Passing,
CASI03_1512,Gerreidae,Parequula,melbournensis,1,124.401,37349001,CASI03_1512_L.avi,17256,5.752,1.465,0.194,1939.484,8.862,Dense Sargassum,AD,Passing,
CASI03_1512,Gerreidae,Parequula,melbournensis,1,106.516,37349001,CASI03_1512_L.avi,17256,5.752,1.184,0.609,2062.702,5.77,Dense Sargassum,AD,Passing,
CASI03_1512,Gerreidae,Parequula,melbournensis,1,123.934,37349001,CASI03_1512_L.avi,17256,5.752,1.363,2.204,2113.017,3.879,Dense Sargassum,AD,Passing,
CASI03_1512,Gerreidae,Parequula,melbournensis,1,98.526,37349001,CASI03_1512_L.avi,17350,5.7833,0.566,0.881,1030.473,8.509,Dense Sargassum,AD,Passing,
CASI03_1512,Gerreidae,Parequula,melbournensis,1,92.396,37349001,CASI03_1512_L.avi,17760,5.92,0.684,0.669,1133.812,9.069,Dense Sargassum,AD,Passing,
CASI03_1512,Sparidae,Pagrus,auratus,1,228.977,37353001,CASI03_1512_L.avi,172580,57.5267,3.465,0.869,1979.007,7.31,Dense Sargassum,J,Passing,
CASI03_1512,Sparidae,Pagrus,auratus,1,193.145,37353001,CASI03_1512_L.avi,172580,57.5267,3.7,2.572,2087.736,6.127,Dense Sargassum,J,Passing,
CASI03_1512,Sparidae,Pagrus,auratus,1,243.949,37353001,CASI03_1512_L.avi,172642,57.5473,3.799,0.787,2152.928,8.444,Dense Sargassum,J,Attracted,
CASI03_1512,Sparidae,Pagrus,auratus,1,212.387,37353001,CASI03_1512_L.avi,172701,57.567,2.763,3.053,1991.998,6.608,Dense Sargassum,J,Attracted,
CASI03_1512,Sparidae,Pagrus,auratus,1,188.385,37353001,CASI03_1512_L.avi,172746,57.582,1.312,0.717,1532.697,7.033,Dense Sargassum,J,Attracted,
CASI03_1512,Sparidae,Pagrus,auratus,1,199.241,37353001,CASI03_1512_L.avi,172786,57.5953,1.218,1.536,1896.215,9.077,Dense Sargassum,J,Attracted,
CASI03_1512,Sparidae,Pagrus,auratus,1,182.22,37353001,CASI03_1512_L.avi,172795,57.5983,1.078,1.318,1957.869,7.496,Dense Sargassum,J,Attracted,
CASI03_1512,Sparidae,Pagrus,auratus,1,178.505,37353001,CASI03_1512_L.avi,172928,57.6427,0.986,0.84,1856.714,6.515,Dense Sargassum,J,Attracted,
CASI03_1512,Sparidae,Pagrus,auratus,1,204.768,37353001,CASI03_1512_L.avi,172971,57.657,0.991,2.815,1742.235,7.082,Dense Sargassum,J,Attracted,
CASI03_1512,Sparidae,Pagrus,auratus,1,199.343,37353001,CASI03_1512_L.avi,173073,57.691,1.448,1.128,1855.215,2.486,Dense Sargassum,J,Attracted,
CASI03_1512,Sparidae,Pagrus,auratus,1,193.58,37353001,CASI03_1512_L.avi,173073,57.691,0.921,1.019,1796.049,4.924,Dense Sargassum,J,Attracted,
CASI03_1512,Sparidae,Pagrus,auratus,1,205.674,37353001,CASI03_1512_L.avi,173133,57.711,1.325,0.759,1908.84,4.412,Dense Sargassum,J,Attracted,
CASI03_1512,Sparidae,Pagrus,auratus,1,188.198,37353001,CASI03_1512_L.avi,173292,57.764,1.192,1.602,1575.567,3.115,Dense Sargassum,J,Attracted,
CASI03_1512,Sparidae,Pagrus,auratus,1,190.58,37353001,CASI03_1512_L.avi,173543,57.8477,2.374,3.527,1821.932,12.785,Dense Sargassum,J,Attracted,
CASI03_1512,Odacidae,Olisthops,cyanomelas,1,368.356,37385001,CASI03_1512_L.avi,8689,2.8963,10.197,4.175,3841.168,9.312,Dense Sargassum,AD,Passing,
CASI03_1512,Labridae,Notolabrus,parilus,1,270.478,37384022,CASI03_1512_L.avi,17344,5.7813,2.597,2.2,2494.739,7.901,Dense Sargassum,AD,Passing,
CASI03_1512,Neosebastidae,Neosebastes,pandus,1,400.745,37287003,CASI03_1512_L.avi,184085,61.3617,1.042,2.466,1735.713,10.83,Dense Sargassum,AD,Attracted,
CASI03_1512,Monacanthidae,Meuschenia,galii,1,116.07,37465040,CASI03_1512_L.avi,23537,7.8457,2.638,0.082,2032.569,1.729,Dense Sargassum,AD,Passing,
CASI03_1512,Monacanthidae,Acanthaluteres,brownii,1,225.961,37465001,CASI03_1512_L.avi,17853,5.951,2.616,0.863,2821.424,4.836,Dense Sargassum,AD,Passing,
CASI03_1512,Monacanthidae,Acanthaluteres,spilomelanurus,1,198.618,37465043,CASI03_1512_L.avi,9589,3.1963,6.636,2.58,2699.606,4.585,Dense Sargassum,AD,Passing,
CASI03_1512,Monacanthidae,Acanthaluteres,spilomelanurus,1,154.917,37465043,CASI03_1512_L.avi,9589,3.1963,1.782,1.683,2956.848,4.309,Dense Sargassum,AD,Passing,
CASI03_1512,Monacanthidae,Acanthaluteres,spilomelanurus,1,176.246,37465043,CASI03_1512_L.avi,9590,3.1967,4.086,5.317,2608.244,2.537,Dense Sargassum,AD,Passing,
CASO01_1512,Mullidae,Upeneichthys,vlamingii,1,151.004,37355029,CASO01_1512_L.avi,168080,56.0267,1.22,1.473,1933.126,14.009,,AD,Attracted,
CASO01_1512,Pomacentridae,Parma,victoriae,1,163.201,37372006,CASO01_1512_L.avi,87496,29.1653,1.483,0.067,1685.86,23.245,,AD,Attracted,
CASO01_1512,Sparidae,Pagrus,auratus,1,190.126,37353001,CASO01_1512_L.avi,175363,58.4543,3.433,3.462,2924.286,12.134,,J,Attracted,
CASO01_1512,Sparidae,Pagrus,auratus,1,275.918,37353001,CASO01_1512_L.avi,175363,58.4543,8.171,1.885,2856.268,10.304,,J,Attracted,
CASO01_1512,Sparidae,Pagrus,auratus,1,185.87,37353001,CASO01_1512_L.avi,176342,58.7807,2.272,2.021,1566.484,9.611,,J,Attracted,
CASO01_1512,Labridae,Notolabrus,parilus,1,190.605,37384022,CASO01_1512_L.avi,62858,20.9527,3.466,1.154,2198.328,12.149,,J,Attracted,
CASO01_1512,Labridae,Notolabrus,tetricus,1,283.744,37384003,CASO01_1512_L.avi,184584,61.528,2.988,3.052,3328.287,8.264,,F,Passing,
CASO01_1512,Cheilodactylidae,Cheilodactylus,nigripes,1,270.41,37377001,CASO01_1512_L.avi,49742,16.5807,1.276,0.33,1609.35,23.559,,AD,Passing,
CASO03_1512,Mullidae,Upeneichthys,vlamingii,1,189.52,37355029,CASO03_1512_L.avi,37160,12.3867,2.584,0.913,1778.708,9.443,,AD,Passing,
CASO03_1512,Rhinobatidae,Trygonorrhina,dumerilii,1,656.459,37027011,CASO03_1512_L.avi,183267,61.089,8.699,3.777,2878.915,3.954,,J,Attracted,
CASO03_1512,Odacidae,Siphonognathus,sp,1,161.968,37385905,CASO03_1512_L.avi,63729,21.243,2.165,1.631,1845.755,6.056,,AD,Passing,
CASO03_1512,Monacanthidae,Scobinichthys,granulatus,1,177.808,37465007,CASO03_1512_L.avi,45774,15.258,2.701,1.777,1650.952,17.191,,AD,Attracted,
CASO03_1512,Monacanthidae,Scobinichthys,granulatus,1,163.214,37465007,CASO03_1512_L.avi,57621,19.207,1.488,1.654,1841.545,13.993,,AD,Attracted,
CASO03_1512,Monacanthidae,Scobinichthys,granulatus,1,148.376,37465007,CASO03_1512_L.avi,57858,19.286,2.55,0.653,1703.256,5.793,,AD,Attracted,
CASO03_1512,Platycephalidae,Platycephalus,speculator,1,331.822,37296037,CASO03_1512_L.avi,52447,17.4823,1.119,1.89,1809.673,7.329,,AD,Attracted,
CASO03_1512,Labridae,Pictilabrus,laticlavius,1,155.763,37384020,CASO03_1512_L.avi,16653,5.551,2.456,1.354,2576.668,11.775,,AD,Passing,
CASO03_1512,Arripidae,Arripis,georgianus,1,163.687,37344001,CASO03_1512_L.avi,110361,36.787,3.926,2.873,3035.994,20.4,,AD,Passing,
CASO03_1512,Arripidae,Arripis,georgianus,1,125.734,37344001,CASO03_1512_L.avi,110386,36.7953,5.097,7.92,3444.385,19.265,,AD,Passing,
CASO03_1512,Ostraciidae,Aracana,ornata,1,106.431,37466001,CASO03_1512_L.avi,19300,6.4333,1.21,0.406,1991.102,8.54,,AD,Passing,
CASO03_1512,Monacanthidae,Acanthaluteres,brownii,1,276.886,37465001,CASO03_1512_L.avi,65247,21.749,1.238,2.11,1779.985,14.132,,AD,Passing,
CASO04_1512,Sillaginidae,Sillaginodes,punctatus,1,352.128,37330001,CASO04_1512_L.avi,103802,34.6007,1.405,1.198,1958.005,15.129,,AD,Attracted,
CASO04_1512,Sillaginidae,Sillaginodes,punctatus,1,238.551,37330001,CASO04_1512_L.avi,103849,34.6163,1.386,0.466,2159.355,13.514,,J,Passing,
CASO04_1512,Loliginidae,Sepioteuthis,australis,1,245.255,23617005,CASO04_1512_L.avi,154458,51.486,4.066,5.957,2930.187,20.827,,AD,Passing,
CASO04_1512,Tetraodontidae,Omegophora,armilla,1,129.182,37467002,CASO04_1512_L.avi,178281,59.427,0.791,0.926,1088.522,13.707,,AD,Passing,
CASO04_1512,Cheilodactylidae,Dactylophora,nigricans,1,381.943,37377005,CASO04_1512_L.avi,96270,32.09,2.06,1.069,2766.818,5.015,,J,Passing,
PENI01_1503,Mullidae,Upeneichthys,vlamingii,1,268.145,37355029,PearsonB_01L_Mar2015.avi,99103,33.0343,1.706,12.535,2655.087,10.041,,AD,Passing,
PENI01_1503,Scorpididae,Tilodon,sexfasciatus,1,213.484,37361003,PearsonB_01L_Mar2015.avi,127519,42.5063,1.47,11.998,1639.478,19.137,,AD,Passing,
PENI01_1503,Scorpididae,Scorpis,aequipinnis,1,302.525,37361004,PearsonB_01L_Mar2015.avi,10012,3.3373,4.407,15.095,2708.267,13.856,,AD,Passing,
PENI01_1503,Scorpididae,Scorpis,aequipinnis,1,290.037,37361004,PearsonB_01L_Mar2015.avi,10024,3.3413,4.761,13.988,2775.401,13.885,,AD,Passing,
PENI01_1503,Carangidae,Pseudocaranx,sp,1,253.793,37337924,PearsonB_01L_Mar2015.avi,133856,44.6187,1.45,11.726,1962.604,9.897,,AD,Attracted,
PENI01_1503,Carangidae,Pseudocaranx,sp,1,224.478,37337924,PearsonB_01L_Mar2015.avi,133915,44.6383,1.677,4.117,1797.079,17.359,,AD,Attracted,
PENI01_1503,Carangidae,Pseudocaranx,sp,1,233.922,37337924,PearsonB_01L_Mar2015.avi,133980,44.66,0.634,6.2,1143.856,7.155,,AD,Attracted,
PENI01_1503,Carangidae,Pseudocaranx,sp,1,239.443,37337924,PearsonB_01L_Mar2015.avi,134082,44.694,0.688,9.967,1082.449,14.967,,AD,Attracted,
PENI01_1503,Carangidae,Pseudocaranx,sp,1,238.495,37337924,PearsonB_01L_Mar2015.avi,134132,44.7107,5.864,12.708,3316.706,17.71,,AD,Passing,
PENI01_1503,Labridae,Pictilabrus,laticlavius,1,226.837,37384020,PearsonB_01L_Mar2015.avi,153883,51.2943,0.812,5.192,1344.112,11.256,,AD,Attracted,
PENI01_1503,Odacidae,Olisthops,cyanomelas,1,367.006,37385001,PearsonB_01L_Mar2015.avi,17915,5.9717,13.531,18.383,3811.984,19.792,,M,Passing,
PENI01_1503,Labridae,Notolabrus,tetricus,1,214.829,37384003,PearsonB_01L_Mar2015.avi,18080,6.0267,1.035,10.476,1739.81,9.857,,F,Attracted,
PENI01_1503,Labridae,Notolabrus,tetricus,1,204.722,37384003,PearsonB_01L_Mar2015.avi,18129,6.043,2.516,10.048,1802.734,14.215,,F,Attracted,
PENI01_1503,Labridae,Notolabrus,tetricus,1,313.68,37384003,PearsonB_01L_Mar2015.avi,21060,7.02,3.247,11.806,1747.889,9.701,,M,Attracted,
PENI01_1503,Cheilodactylidae,Nemadactylus,valenciennesi,1,435.473,37377004,PearsonB_01L_Mar2015.avi,182216,60.7387,1.449,13.139,2145.523,12.127,,AD,Passing,
PENI01_1503,Scorpididae,Neatypus,obliquus,1,154.804,37361002,PearsonB_01L_Mar2015.avi,183217,61.0723,1.487,11.772,1263.842,11.428,,AD,Attracted,
PENI01_1503,Scorpididae,Neatypus,obliquus,1,162.103,37361002,PearsonB_01L_Mar2015.avi,183217,61.0723,1.175,9.224,1767.015,3.452,,AD,Attracted,
PENI01_1503,Scorpididae,Neatypus,obliquus,1,126.999,37361002,PearsonB_01L_Mar2015.avi,183217,61.0723,4.934,11.718,2444.802,5.796,,AD,Passing,
PENI01_1503,Scorpididae,Neatypus,obliquus,1,149.482,37361002,PearsonB_01L_Mar2015.avi,183325,61.1083,1.16,13.185,1683.674,12.484,,AD,Attracted,
PENI01_1503,Scorpididae,Neatypus,obliquus,1,123.567,37361002,PearsonB_01L_Mar2015.avi,183375,61.125,0.892,1.219,1071.037,14.935,,AD,Attracted,
PENI01_1503,Scorpididae,Neatypus,obliquus,1,115.5,37361002,PearsonB_01L_Mar2015.avi,183481,61.1603,2.616,8.772,1727.389,2.699,,AD,Attracted,
PENI01_1503,Scorpididae,Neatypus,obliquus,1,126.081,37361002,PearsonB_01L_Mar2015.avi,183481,61.1603,2.207,11.758,2107.645,6.926,,AD,Passing,
PENI01_1503,Myliobatidae,Myliobatis,tenuicaudatus,1,838.477,37039001,PearsonB_01L_Mar2015.avi,107240,35.7467,9.758,13.662,2782.725,15.017,,AD,Passing,
PENI01_1503,Monacanthidae,Meuschenia,flavolineata,1,274.82,37465035,PearsonB_01L_Mar2015.avi,106570,35.5233,8.453,15.592,3363.626,10.508,,AD,Passing,
PENI01_1503,Monacanthidae,Meuschenia,galii,1,292.569,37465040,PearsonB_01L_Mar2015.avi,18381,6.127,4.358,11.884,2421.763,13.557,,AD,Passing,
PENI01_1503,Monacanthidae,Meuschenia,hippocrepis,1,331.251,37465004,PearsonB_01L_Mar2015.avi,54091,18.0303,1.201,10.391,1561.526,14.706,,AD,Attracted,
PENI01_1503,Monacanthidae,Meuschenia,hippocrepis,1,351.353,37465004,PearsonB_01L_Mar2015.avi,54119,18.0397,3.763,12.389,2046.894,10.415,,AD,Attracted,
PENI01_1503,Monacanthidae,Meuschenia,hippocrepis,1,359.226,37465004,PearsonB_01L_Mar2015.avi,54164,18.0547,2.134,4.212,1759.866,20.073,,AD,Attracted,
PENI01_1503,Monacanthidae,Meuschenia,hippocrepis,1,236.307,37465004,PearsonB_01L_Mar2015.avi,54386,18.1287,1.677,13.845,1922.659,16.217,,AD,Passing,
PENI01_1503,Monacanthidae,Meuschenia,hippocrepis,1,343.617,37465004,PearsonB_01L_Mar2015.avi,54431,18.1437,2.682,14.968,2335.055,18.761,,AD,Passing,
PENI01_1503,Dinolestidae,Dinolestes,lewini,1,333.265,37327002,PearsonB_01L_Mar2015.avi,81828,27.276,9.525,19.295,3520.289,15.269,,AD,Passing,
PENI01_1503,Cheilodactylidae,Cheilodactylus,nigripes,1,326.252,37377001,PearsonB_01L_Mar2015.avi,100801,33.6003,1.091,9.435,1607.779,12.014,,AD,Attracted,
PENI01_1503,Serranidae,Caesioperca,rasor,1,176.573,37311003,PearsonB_01L_Mar2015.avi,30219,10.073,2.21,15.322,2297.81,22.381,,AD,Passing,
PENI01_1503,Serranidae,Caesioperca,rasor,1,173.046,37311003,PearsonB_01L_Mar2015.avi,30219,10.073,3.176,17.661,2498.507,16.413,,AD,Passing,
PENI01_1503,Labridae,Achoerodus,gouldii,1,560.135,37384002,PearsonB_01L_Mar2015.avi,7770,2.59,14.183,17.007,3369.633,10.042,,F,Attracted,
PENI03_1503,Mullidae,Upeneichthys,vlamingii,1,235.036,37355029,PearsonB_03L_Mar2015.avi,106346,35.4487,2.842,6.992,1690.96,17.774,,AD,Passing,
PENI03_1503,Mullidae,Upeneichthys,vlamingii,1,236.866,37355029,PearsonB_03L_Mar2015.avi,106408,35.4693,2.007,12.769,2228.686,19.475,,AD,Passing,
PENI03_1503,Scorpididae,Tilodon,sexfasciatus,1,238.661,37361003,PearsonB_03L_Mar2015.avi,57415,19.1383,2.543,8.334,1929.291,18.652,,AD,Passing,
PENI03_1503,Scorpididae,Scorpis,aequipinnis,1,292.631,37361004,PearsonB_03L_Mar2015.avi,34903,11.6343,0.943,6.665,1384.11,14.544,,AD,Attracted,
PENI03_1503,Scorpididae,Scorpis,aequipinnis,1,273.082,37361004,PearsonB_03L_Mar2015.avi,34903,11.6343,1.501,5.937,1135.427,8.201,,AD,Attracted,
PENI03_1503,Scorpididae,Scorpis,aequipinnis,1,280.953,37361004,PearsonB_03L_Mar2015.avi,35006,11.6687,0.734,5.427,1239.397,13.759,,AD,Attracted,
PENI03_1503,Scorpididae,Scorpis,aequipinnis,1,248.043,37361004,PearsonB_03L_Mar2015.avi,35025,11.675,1.357,10.492,1659.83,13.469,,AD,Attracted,
PENI03_1503,Scorpididae,Scorpis,aequipinnis,1,227.874,37361004,PearsonB_03L_Mar2015.avi,35283,11.761,2.902,7.45,1802.787,20.125,,AD,Attracted,
PENI03_1503,Carangidae,Pseudocaranx,sp,1,352.315,37337924,PearsonB_03L_Mar2015.avi,125373,41.791,2.994,15.198,2360.042,13.567,,AD,Passing,
PENI03_1503,Carangidae,Pseudocaranx,sp,1,362.741,37337924,PearsonB_03L_Mar2015.avi,125373,41.791,1.29,12.313,2326.015,13.955,,AD,Passing,
PENI03_1503,Labridae,Pictilabrus,laticlavius,1,188.925,37384020,PearsonB_03L_Mar2015.avi,117616,39.2053,3.59,17.857,3709.6,13.367,,AD,Passing,
PENI03_1503,Labridae,Ophthalmolepis,lineolatus,1,323.396,37384040,PearsonB_03L_Mar2015.avi,23354,7.7847,3.432,8.05,1871.399,20.999,,AD,Passing,
PENI03_1503,Odacidae,Olisthops,cyanomelas,1,305.338,37385001,PearsonB_03L_Mar2015.avi,83631,27.877,3.768,11.756,2212.636,12.322,,AD,Passing,
PENI03_1503,Labridae,Notolabrus,tetricus,1,166.197,37384003,PearsonB_03L_Mar2015.avi,11328,3.776,1.027,11.154,1644.87,13.183,,F,Passing,
PENI03_1503,Labridae,Notolabrus,tetricus,1,281.99,37384003,PearsonB_03L_Mar2015.avi,11370,3.79,1.113,9.384,1659.596,13.252,,F,Attracted,
PENI03_1503,Labridae,Notolabrus,tetricus,1,265.467,37384003,PearsonB_03L_Mar2015.avi,11585,3.8617,0.581,8.269,1011.923,3.275,,F,Attracted,
PENI03_1503,Labridae,Notolabrus,tetricus,1,308.185,37384003,PearsonB_03L_Mar2015.avi,12484,4.1613,1.087,9.382,1479.647,13.322,,M,Feeding,
PENI03_1503,Scorpididae,Neatypus,obliquus,1,105.913,37361002,PearsonB_03L_Mar2015.avi,142880,47.6267,0.787,6.546,1232.095,9.661,,AD,Passing,
PENI03_1503,Scorpididae,Neatypus,obliquus,1,124.196,37361002,PearsonB_03L_Mar2015.avi,142880,47.6267,0.942,3.32,1309.994,18.106,,AD,Passing,
PENI03_1503,Scorpididae,Neatypus,obliquus,1,125.039,37361002,PearsonB_03L_Mar2015.avi,142926,47.642,3.853,12.746,2230.412,13.305,,AD,Passing,
PENI03_1503,Monacanthidae,Meuschenia,galii,1,310.152,37465040,PearsonB_03L_Mar2015.avi,100447,33.4823,5.552,11.111,2268.636,20.368,,AD,Passing,
PENI03_1503,Monacanthidae,Meuschenia,hippocrepis,1,349.331,37465004,PearsonB_03L_Mar2015.avi,50636,16.8787,1.415,11.441,2089.09,12.982,,AD,Attracted,
PENI03_1503,Monacanthidae,Meuschenia,hippocrepis,1,363.765,37465004,PearsonB_03L_Mar2015.avi,50689,16.8963,0.87,8.07,1432.717,7.915,,AD,Feeding,
PENI03_1503,Monacanthidae,Meuschenia,hippocrepis,1,393.133,37465004,PearsonB_03L_Mar2015.avi,50755,16.9183,0.868,4.44,1470.473,15.002,,AD,Feeding,
PENI03_1503,Monacanthidae,Meuschenia,hippocrepis,1,327.075,37465004,PearsonB_03L_Mar2015.avi,50766,16.922,3.565,11.898,2095.379,19.299,,AD,Attracted,
PENI03_1503,Monacanthidae,Meuschenia,hippocrepis,1,360.542,37465004,PearsonB_03L_Mar2015.avi,50791,16.9303,0.769,5.778,1288.905,8.248,,AD,Feeding,
PENI03_1503,Monacanthidae,Meuschenia,hippocrepis,1,297.635,37465004,PearsonB_03L_Mar2015.avi,50883,16.961,0.616,4.643,1104.27,9.122,,AD,Feeding,
PENI03_1503,Kyphosidae,Girella,zebra,1,418.311,37361008,PearsonB_03L_Mar2015.avi,44690,14.8967,10.241,15.475,3238.66,17.156,,AD,Passing,
PENI03_1503,Serranidae,Caesioperca,rasor,1,112.901,37311003,PearsonB_03L_Mar2015.avi,6701,2.2337,2.238,8.671,2080.255,17.788,,AD,Passing,
PENI03_1503,Serranidae,Caesioperca,rasor,1,136.364,37311003,PearsonB_03L_Mar2015.avi,6701,2.2337,4.196,13.355,2454.167,13.645,,AD,Passing,
PENI03_1503,Serranidae,Caesioperca,rasor,1,103.334,37311003,PearsonB_03L_Mar2015.avi,6701,2.2337,3.219,13.702,2578.282,11.687,,AD,Passing,
PENI03_1503,Serranidae,Caesioperca,rasor,1,89.641,37311003,PearsonB_03L_Mar2015.avi,6701,2.2337,2.994,14.588,2439.115,10.02,,J,Passing,
PENI03_1503,Labridae,Achoerodus,gouldii,1,434.537,37384002,PearsonB_03L_Mar2015.avi,8040,2.68,2.839,11.037,1926.407,15.999,,F,Passing,
PENI03_1503,Labridae,Achoerodus,gouldii,1,617.605,37384002,PearsonB_03L_Mar2015.avi,8199,2.733,1.17,8.254,1717.868,13.632,,F,Attracted,
PENI04_1503,Scorpididae,Tilodon,sexfasciatus,1,338.038,37361003,PearsonB_04L_Mar2015.avi,91631,50.9571,3.217,4.647,2441.617,8.978,,AD,Passing,
PENI04_1503,Scorpididae,Tilodon,sexfasciatus,1,290.238,37361003,PearsonB_04L_Mar2015.avi,91648,50.9665,5.036,3.453,2047.831,20.622,,AD,Passing,
PENI04_1503,Scorpididae,Scorpis,aequipinnis,1,287.747,37361004,PearsonB_04L_Mar2015.avi,82935,46.1211,2.26,5.234,2100.369,16.772,,AD,Passing,
PENI04_1503,Scorpididae,Scorpis,aequipinnis,1,364.441,37361004,PearsonB_04L_Mar2015.avi,82937,46.1222,8.109,6.011,2566.01,12.781,,AD,Passing,
PENI04_1503,Scorpididae,Scorpis,aequipinnis,1,334.165,37361004,PearsonB_04L_Mar2015.avi,82956,46.1328,5.346,4.954,2409.219,16.34,,AD,Passing,
PENI04_1503,Scorpididae,Scorpis,aequipinnis,1,259.558,37361004,PearsonB_04L_Mar2015.avi,82960,46.135,2.156,3.941,1973.235,16.881,,AD,Passing,
PENI04_1503,Carangidae,Pseudocaranx,sp,1,332.642,37337924,PearsonB_04L_Mar2015.avi,16339,9.0863,3.405,2.879,1680.27,14.714,,AD,Passing,
PENI04_1503,Carangidae,Pseudocaranx,sp,1,358.726,37337924,PearsonB_04L_Mar2015.avi,16343,9.0885,1.851,1.599,1838.623,18.063,,AD,Passing,
PENI04_1503,Carangidae,Pseudocaranx,sp,1,349.271,37337924,PearsonB_04L_Mar2015.avi,16403,9.1219,3.609,2.535,2037.202,15.998,,AD,Passing,
PENI04_1503,Carangidae,Pseudocaranx,sp,1,269.163,37337924,PearsonB_04L_Mar2015.avi,16442,9.1436,1.734,5.956,1318.355,16.684,,AD,Passing,
PENI04_1503,Carangidae,Pseudocaranx,sp,1,361.218,37337924,PearsonB_04L_Mar2015.avi,16449,9.1475,3.195,6.157,2104.79,10.825,,AD,Passing,
PENI04_1503,Carangidae,Pseudocaranx,sp,1,348.115,37337924,PearsonB_04L_Mar2015.avi,16463,9.1553,4.198,5.641,2037.842,24.845,,AD,Passing,
PENI04_1503,Serranidae,Othos,dentex,1,574.885,37311005,PearsonB_04L_Mar2015.avi,48423,26.9286,4.31,5.491,2120.353,21.328,,AD,Attracted,
PENI04_1503,Labridae,Ophthalmolepis,lineolatus,1,212.861,37384040,PearsonB_04L_Mar2015.avi,6302,3.5046,2.026,5.944,1475.832,23.984,,M,Passing,
PENI04_1503,Labridae,Notolabrus,parilus,1,375.735,37384022,PearsonB_04L_Mar2015.avi,112005,62.2873,6.132,8.355,2901.428,18.834,,M,Passing,
PENI04_1503,Labridae,Notolabrus,tetricus,1,226.818,37384003,PearsonB_04L_Mar2015.avi,7784,4.3288,1.363,2.455,1634.224,8.407,,F,Passing,
PENI04_1503,Labridae,Notolabrus,tetricus,1,312.15,37384003,PearsonB_04L_Mar2015.avi,7957,4.425,1.459,6.009,1541.894,3.774,,M,Attracted,
PENI04_1503,Labridae,Notolabrus,tetricus,1,227.211,37384003,PearsonB_04L_Mar2015.avi,8061,4.4828,2.712,7.761,2415.529,14.608,,F,Passing,
PENI04_1503,Cheilodactylidae,Nemadactylus,valenciennesi,1,379.387,37377004,PearsonB_04L_Mar2015.avi,5472,3.043,2.055,5.541,1873.843,10.497,,AD,Passing,
PENI04_1503,Cheilodactylidae,Nemadactylus,valenciennesi,1,432.493,37377004,PearsonB_04L_Mar2015.avi,5472,3.043,2.438,6.334,2046.755,19.931,,AD,Passing,
PENI04_1503,Scorpididae,Neatypus,obliquus,1,135.635,37361002,PearsonB_04L_Mar2015.avi,129389,71.9547,1.222,3.603,1280.8,16.771,,AD,Attracted,
PENI04_1503,Scorpididae,Neatypus,obliquus,1,117.566,37361002,PearsonB_04L_Mar2015.avi,129389,71.9547,1.455,2.519,1642.747,9.517,,AD,Attracted,
PENI04_1503,Scorpididae,Neatypus,obliquus,1,111.238,37361002,PearsonB_04L_Mar2015.avi,129403,71.9625,1.898,3.991,1653.545,25.052,,AD,Passing,
PENI04_1503,Scorpididae,Neatypus,obliquus,1,139.198,37361002,PearsonB_04L_Mar2015.avi,129414,71.9686,1.896,3.657,1160.394,17.656,,AD,Passing,
PENI04_1503,Monacanthidae,Meuschenia,flavolineata,1,257.027,37465035,PearsonB_04L_Mar2015.avi,50442,28.0514,3.03,7.615,2040.582,27.187,,F,Passing,
PENI04_1503,Monacanthidae,Meuschenia,freycineti,1,371.179,37465036,PearsonB_04L_Mar2015.avi,56360,31.3425,2.289,5.755,2192.672,14.586,,M,Attracted,
PENI04_1503,Monacanthidae,Meuschenia,freycineti,1,360.435,37465036,PearsonB_04L_Mar2015.avi,77742,43.2332,4.344,8.989,3306.429,15.473,,F,Passing,
PENI04_1503,Monacanthidae,Meuschenia,galii,1,305.594,37465040,PearsonB_04L_Mar2015.avi,27792,15.4555,5.329,9.59,2594.505,26.629,,AD,Passing,
PENI04_1503,Monacanthidae,Meuschenia,galii,1,250.744,37465040,PearsonB_04L_Mar2015.avi,27795,15.4571,1.778,5.913,1745.37,27.476,,AD,Passing,
PENI04_1503,Monacanthidae,Meuschenia,hippocrepis,1,324.745,37465004,PearsonB_04L_Mar2015.avi,9568,5.3209,1.854,1.874,1288.472,15.669,,AD,Attracted,
PENI04_1503,Monacanthidae,Meuschenia,hippocrepis,1,323.288,37465004,PearsonB_04L_Mar2015.avi,9569,5.3214,1.071,0.95,1308.077,17.402,,AD,Feeding,
PENI04_1503,Monacanthidae,Meuschenia,hippocrepis,1,357.524,37465004,PearsonB_04L_Mar2015.avi,9569,5.3214,1.882,0.622,1290.468,5.668,,AD,Feeding,
PENI04_1503,Monacanthidae,Meuschenia,hippocrepis,1,380.408,37465004,PearsonB_04L_Mar2015.avi,9665,5.3748,1.913,4.592,1780.286,22.623,,AD,Attracted,
PENI04_1503,Monacanthidae,Meuschenia,hippocrepis,1,357.224,37465004,PearsonB_04L_Mar2015.avi,9688,5.3876,4.39,8.83,2495.265,26.162,,AD,Passing,
PENI04_1503,Monacanthidae,Meuschenia,hippocrepis,1,352.036,37465004,PearsonB_04L_Mar2015.avi,9688,5.3876,3.709,0.286,1768.676,11.822,,AD,Attracted,
PENI04_1503,Monacanthidae,Meuschenia,hippocrepis,1,294.112,37465004,PearsonB_04L_Mar2015.avi,9722,5.4065,2.056,7.524,2231.256,19.075,,AD,Passing,
PENI04_1503,Cheilodactylidae,Cheilodactylus,nigripes,1,318.772,37377001,PearsonB_04L_Mar2015.avi,4968,2.7628,1.089,2.28,1469.42,13.989,,AD,Passing,
PENI04_1503,Cheilodactylidae,Cheilodactylus,nigripes,1,343.101,37377001,PearsonB_04L_Mar2015.avi,4979,2.7689,1.797,3.149,1590.968,21.232,,AD,Passing,
PENI04_1503,Berycidae,Centroberyx,gerrardi,1,299.886,37258004,PearsonB_04L_Mar2015.avi,67778,37.6921,5.528,5.227,2481.718,7.168,,AD,Attracted,
PENI04_1503,Serranidae,Caesioperca,rasor,1,212.596,37311003,PearsonB_04L_Mar2015.avi,30220,16.8057,2.885,7.848,2306.397,14.729,,AD,Passing,
PENI04_1503,Serranidae,Caesioperca,rasor,1,189.781,37311003,PearsonB_04L_Mar2015.avi,30293,16.8463,7.421,14.491,3658.876,11.056,,AD,Passing,
PENI04_1503,Serranidae,Caesioperca,rasor,1,210.73,37311003,PearsonB_04L_Mar2015.avi,30360,16.8836,4.07,1.24,1796.095,21.034,,AD,Passing,
PENI04_1503,Labridae,Bodianus,frenchii,1,389.547,37384057,PearsonB_04L_Mar2015.avi,57733,32.106,6.468,5.728,2321.964,18.08,,AD,Passing,
PENI04_1503,Labridae,Achoerodus,gouldii,1,697.566,37384002,PearsonB_04L_Mar2015.avi,24741,13.7588,1.871,2.877,1957.469,13.923,,F,Attracted,
PESI01_1503,Mullidae,Upeneichthys,vlamingii,1,256.886,37355029,PearsonA_01Rs_Mar2015.avi,86493,48.0998,3.329,1.819,2049.296,4.344,,AD,Passing,
PESI01_1503,Scorpididae,Tilodon,sexfasciatus,1,319.289,37361003,PearsonA_01Rs_Mar2015.avi,37498,20.8531,2.293,0.934,2146.693,11.853,,AD,Passing,
PESI01_1503,Scorpididae,Tilodon,sexfasciatus,1,256.478,37361003,PearsonA_01Rs_Mar2015.avi,37498,20.8531,3.279,1.28,1882.022,16.653,,AD,Passing,
PESI01_1503,Sillaginidae,Sillaginodes,punctatus,1,518.734,37330001,PearsonA_01Rs_Mar2015.avi,42866,23.8383,5.272,3.338,2191.43,23.607,,AD,Passing,
PESI01_1503,Scorpididae,Scorpis,aequipinnis,1,274.111,37361004,PearsonA_01Rs_Mar2015.avi,110803,61.6188,0.855,1.234,951.626,17.559,,AD,Passing,
PESI01_1503,Carangidae,Pseudocaranx,sp,1,325.569,37337924,PearsonA_01Rs_Mar2015.avi,10924,6.075,1.582,0.164,1613.855,12.218,,AD,Attracted,
PESI01_1503,Labridae,Pictilabrus,laticlavius,1,213.392,37384020,PearsonA_01Rs_Mar2015.avi,74676,41.5282,2.409,1.361,1853.597,13.244,,AD,Passing,
PESI01_1503,Tetraodontidae,Omegophora,cyanopunctata,1,186.662,37467048,PearsonA_01Rs_Mar2015.avi,104337,58.023,3.426,0.943,1903.959,8.316,,AD,Passing,
PESI01_1503,Odacidae,Olisthops,cyanomelas,1,308.393,37385001,PearsonA_01Rs_Mar2015.avi,90825,50.5088,4.688,1.486,1966.148,14.006,,M,Passing,
PESI01_1503,Labridae,Notolabrus,tetricus,1,321.023,37384003,PearsonA_01Rs_Mar2015.avi,68201,37.9274,2.358,2.878,1352.504,16.731,,M,Attracted,
PESI01_1503,Labridae,Notolabrus,tetricus,1,213.225,37384003,PearsonA_01Rs_Mar2015.avi,68301,37.983,1.601,0.146,2294.377,10.343,,F,Passing,
PESI01_1503,Labridae,Notolabrus,tetricus,1,213.162,37384003,PearsonA_01Rs_Mar2015.avi,68311,37.9885,1.891,0.12,1193.449,18.003,,F,Attracted,
PESI01_1503,Cheilodactylidae,Nemadactylus,valenciennesi,1,529.765,37377004,PearsonA_01Rs_Mar2015.avi,29409,16.3547,2.183,3.377,1740.452,18.276,,AD,Passing,
PESI01_1503,Scorpididae,Neatypus,obliquus,1,124.885,37361002,PearsonA_01Rs_Mar2015.avi,106203,59.0607,4.152,0.481,1949.006,2.54,,AD,Passing,
PESI01_1503,Scorpididae,Neatypus,obliquus,1,134.629,37361002,PearsonA_01Rs_Mar2015.avi,106243,59.083,1.379,1.902,1467.035,15.636,,AD,Passing,
PESI01_1503,Scorpididae,Neatypus,obliquus,1,119.954,37361002,PearsonA_01Rs_Mar2015.avi,107840,59.9711,1.301,2.854,1756.624,7.269,,AD,Passing,
PESI01_1503,Monacanthidae,Meuschenia,flavolineata,1,256.126,37465035,PearsonA_01Rs_Mar2015.avi,28099,15.6262,2.121,1.207,1868.271,14.314,,AD,Passing,
PESI01_1503,Monacanthidae,Meuschenia,galii,1,301.128,37465040,PearsonA_01Rs_Mar2015.avi,17074,9.4951,0.666,1.331,948.628,12.468,,AD,Attracted,
PESI01_1503,Monacanthidae,Meuschenia,hippocrepis,1,394.686,37465004,PearsonA_01Rs_Mar2015.avi,21704,12.0698,2.576,0.147,1518.208,16.764,,AD,Attracted,
PESI01_1503,Monacanthidae,Meuschenia,hippocrepis,1,373.57,37465004,PearsonA_01Rs_Mar2015.avi,21724,12.081,1.5,0.297,1419.742,19.877,,AD,Attracted,
PESI01_1503,Monacanthidae,Meuschenia,hippocrepis,1,342.959,37465004,PearsonA_01Rs_Mar2015.avi,21744,12.0921,0.668,0.115,982.831,12.16,,AD,Attracted,
PESI01_1503,Monacanthidae,Meuschenia,hippocrepis,1,372.653,37465004,PearsonA_01Rs_Mar2015.avi,22009,12.2395,2.173,1.927,1744.02,3.299,,AD,Attracted,
PESI01_1503,Monacanthidae,Meuschenia,hippocrepis,1,406.797,37465004,PearsonA_01Rs_Mar2015.avi,22029,12.2506,1.224,0.824,1422.619,12.22,,AD,Feeding,
PESI01_1503,Kyphosidae,Girella,zebra,1,276.746,37361008,PearsonA_01Rs_Mar2015.avi,7425,4.1291,3.371,2.449,1750.259,21.347,,AD,Passing,
PESI01_1503,Cheilodactylidae,Cheilodactylus,nigripes,1,316.957,37377001,PearsonA_01Rs_Mar2015.avi,7492,4.1664,4.252,1.203,2233.67,16.68,,AD,Passing,
PESI01_1503,Cheilodactylidae,Cheilodactylus,nigripes,1,323.302,37377001,PearsonA_01Rs_Mar2015.avi,7500,4.1708,1.3,1.601,1765.96,5.065,,AD,Passing,
PESI01_1503,Berycidae,Centroberyx,gerrardi,1,419.406,37258004,PearsonA_01Rs_Mar2015.avi,8717,4.8476,1.462,0.099,1482.183,12.009,,AD,Attracted,
PESI01_1503,Berycidae,Centroberyx,gerrardi,1,314.53,37258004,PearsonA_01Rs_Mar2015.avi,8717,4.8476,1.259,0.534,1693.202,4.097,,AD,Attracted,
PESI01_1503,Berycidae,Centroberyx,gerrardi,1,238.021,37258004,PearsonA_01Rs_Mar2015.avi,8762,4.8727,2.195,1.651,1726.571,16.548,,AD,Attracted,
PESI01_1503,Berycidae,Centroberyx,lineatus,1,215.294,37258005,PearsonA_01Rs_Mar2015.avi,20475,11.3864,2.343,0.389,1461.771,23.08,,AD,Passing,
PESI01_1503,Serranidae,Caesioperca,rasor,1,224.849,37311003,PearsonA_01Rs_Mar2015.avi,20056,11.1534,2.476,1.681,1982.516,11.584,,AD,Attracted,
PESI01_1503,Serranidae,Caesioperca,rasor,1,180.633,37311003,PearsonA_01Rs_Mar2015.avi,20061,11.1562,1.785,2.301,1884.493,4.483,,AD,Attracted,
PESI01_1503,Serranidae,Caesioperca,rasor,1,168.152,37311003,PearsonA_01Rs_Mar2015.avi,20061,11.1562,2.481,3.274,2144.877,2.638,,AD,Attracted,
PESI01_1503,Serranidae,Caesioperca,rasor,1,174.555,37311003,PearsonA_01Rs_Mar2015.avi,20061,11.1562,1.714,0.706,1943.466,8.186,,AD,Attracted,
PESI01_1503,Serranidae,Caesioperca,rasor,1,191.473,37311003,PearsonA_01Rs_Mar2015.avi,20061,11.1562,2.055,6.514,2285.603,13.87,,AD,Attracted,
PESI01_1503,Serranidae,Caesioperca,rasor,1,188.575,37311003,PearsonA_01Rs_Mar2015.avi,20076,11.1645,1.316,0.2,1885.417,12.381,,AD,Passing,
PESI01_1503,Serranidae,Caesioperca,rasor,1,186.209,37311003,PearsonA_01Rs_Mar2015.avi,20076,11.1645,1.671,0.668,2364.796,13.366,,AD,Passing,
PESI01_1503,Labridae,Achoerodus,gouldii,1,387.632,37384002,PearsonA_01Rs_Mar2015.avi,93532,52.0142,0.95,1.269,1425.384,16.762,,J,Passing,
PESI02_1503,Mullidae,Upeneichthys,vlamingii,1,142.748,37355029,PearsonA_02R_Mar2015.avi,135291,45.097,1.896,0.092,2337.644,10.074,"good clear water, nearby high profile reef",AD,Passing,
PESI02_1503,Scorpididae,Tilodon,sexfasciatus,1,252.566,37361003,PearsonA_02R_Mar2015.avi,13440,4.48,4.532,0.969,3201.895,14.882,"good clear water, nearby high profile reef",AD,Attracted,
PESI02_1503,Scorpididae,Tilodon,sexfasciatus,1,292.649,37361003,PearsonA_02R_Mar2015.avi,13464,4.488,2.501,2.031,2822.55,14.42,"good clear water, nearby high profile reef",AD,Attracted,
PESI02_1503,Scorpididae,Tilodon,sexfasciatus,1,263.51,37361003,PearsonA_02R_Mar2015.avi,13495,4.4983,2.638,0.558,2671.727,8.03,"good clear water, nearby high profile reef",AD,Attracted,
PESI02_1503,Sphyraenidae,Sphyraena,novaehollandiae,1,793.698,37382002,PearsonA_02R_Mar2015.avi,19511,6.5037,28.329,2.425,5239.586,13.841,"good clear water, nearby high profile reef",AD,Passing,Sp zero outside range
PESI02_1503,Sillaginidae,Sillaginodes,punctatus,1,407.554,37330001,PearsonA_02R_Mar2015.avi,20044,6.6813,3.059,0.095,3116.905,11.273,"good clear water, nearby high profile reef",AD,Passing,
PESI02_1503,Carangidae,Seriola,hippos,1,615.055,37337007,PearsonA_02R_Mar2015.avi,79676,26.5587,2.702,2.481,2584.291,19.451,"good clear water, nearby high profile reef",AD,Passing,
PESI02_1503,Carangidae,Seriola,lalandi,1,553.072,37337006,PearsonA_02R_Mar2015.avi,63433,21.1443,1.415,0.752,1702.113,11.278,"good clear water, nearby high profile reef",J,Attracted,
PESI02_1503,Scorpididae,Scorpis,aequipinnis,1,275.662,37361004,PearsonA_02R_Mar2015.avi,16023,5.341,1.447,0.763,2051.223,12.116,"good clear water, nearby high profile reef",AD,Attracted,
PESI02_1503,Scorpididae,Scorpis,aequipinnis,1,265.041,37361004,PearsonA_02R_Mar2015.avi,16040,5.3467,5.227,0.424,2366.224,12.782,"good clear water, nearby high profile reef",AD,Attracted,
PESI02_1503,Scorpididae,Scorpis,aequipinnis,1,280.962,37361004,PearsonA_02R_Mar2015.avi,16149,5.383,2.161,0.336,1984.235,11.673,"good clear water, nearby high profile reef",AD,Attracted,
PESI02_1503,Scorpididae,Scorpis,aequipinnis,1,260.276,37361004,PearsonA_02R_Mar2015.avi,16149,5.383,4.025,1.029,1878.009,15.197,"good clear water, nearby high profile reef",AD,Attracted,
PESI02_1503,Scorpididae,Scorpis,aequipinnis,1,268.242,37361004,PearsonA_02R_Mar2015.avi,16239,5.413,2.865,0.299,2150.99,17.297,"good clear water, nearby high profile reef",AD,Attracted,
PESI02_1503,Scorpididae,Scorpis,aequipinnis,1,300.539,37361004,PearsonA_02R_Mar2015.avi,16266,5.422,3.222,2.627,2223.172,23.87,"good clear water, nearby high profile reef",AD,Attracted,
PESI02_1503,Scorpididae,Scorpis,aequipinnis,1,241.883,37361004,PearsonA_02R_Mar2015.avi,16340,5.4467,2.912,2.676,2669.534,18.844,"good clear water, nearby high profile reef",AD,Attracted,
PESI02_1503,Carangidae,Pseudocaranx,sp,1,315.757,37337924,PearsonA_02R_Mar2015.avi,77900,25.9667,2.027,2.208,1634.822,8.1,"good clear water, nearby high profile reef",AD,Attracted,
PESI02_1503,Carangidae,Pseudocaranx,sp,1,294.87,37337924,PearsonA_02R_Mar2015.avi,77940,25.98,3.05,8.373,1880.597,18.534,"good clear water, nearby high profile reef",AD,Passing,
PESI02_1503,Carangidae,Pseudocaranx,sp,1,322.545,37337924,PearsonA_02R_Mar2015.avi,78094,26.0313,4.395,1.522,2879.876,17.067,"good clear water, nearby high profile reef",AD,Passing,
PESI02_1503,Labridae,Pictilabrus,laticlavius,1,206.425,37384020,PearsonA_02R_Mar2015.avi,147555,49.185,1.71,1.504,1786.916,14.858,"good clear water, nearby high profile reef",AD,Passing,
PESI02_1503,Odacidae,Olisthops,cyanomelas,1,337.232,37385001,PearsonA_02R_Mar2015.avi,91359,30.453,2.047,0.685,2963.128,6.774,"good clear water, nearby high profile reef",AD,Passing,
PESI02_1503,Labridae,Notolabrus,parilus,1,332.474,37384022,PearsonA_02R_Mar2015.avi,139450,46.4833,2.167,0.206,2266.578,7.923,"good clear water, nearby high profile reef",M,Passing,
PESI02_1503,Labridae,Notolabrus,tetricus,1,225.764,37384003,PearsonA_02R_Mar2015.avi,71765,23.9217,2.898,0.733,2521.637,18.801,"good clear water, nearby high profile reef",F,Passing,
PESI02_1503,Labridae,Notolabrus,tetricus,1,285.193,37384003,PearsonA_02R_Mar2015.avi,72500,24.1667,4.963,0.738,2910.618,6.862,"good clear water, nearby high profile reef",F,Passing,
PESI02_1503,Labridae,Notolabrus,tetricus,1,333.563,37384003,PearsonA_02R_Mar2015.avi,72660,24.22,1.775,1.999,1945.865,16.729,"good clear water, nearby high profile reef",M,Attracted,
PESI02_1503,Cheilodactylidae,Nemadactylus,valenciennesi,1,656.93,37377004,PearsonA_02R_Mar2015.avi,15197,5.0657,10.88,2.44,3303.926,16.319,"good clear water, nearby high profile reef",AD,Passing,
PESI02_1503,Monacanthidae,Meuschenia,flavolineata,1,219.644,37465035,PearsonA_02R_Mar2015.avi,24083,8.0277,2.64,0.496,2420.629,18.449,"good clear water, nearby high profile reef",AD,Passing,
PESI02_1503,Monacanthidae,Meuschenia,hippocrepis,1,355.965,37465004,PearsonA_02R_Mar2015.avi,54945,18.315,0.968,2.075,1390.366,10.714,"good clear water, nearby high profile reef",AD,Feeding,
PESI02_1503,Monacanthidae,Meuschenia,hippocrepis,1,286.534,37465004,PearsonA_02R_Mar2015.avi,54955,18.3183,1.041,0.467,1747.9,6.333,"good clear water, nearby high profile reef",AD,Attracted,
PESI02_1503,Monacanthidae,Meuschenia,hippocrepis,1,372.241,37465004,PearsonA_02R_Mar2015.avi,55120,18.3733,1.262,0.783,1354.034,4.23,"good clear water, nearby high profile reef",AD,Feeding,
PESI02_1503,Monacanthidae,Meuschenia,hippocrepis,1,357.787,37465004,PearsonA_02R_Mar2015.avi,55120,18.3733,1.674,0.49,1440.981,14.007,"good clear water, nearby high profile reef",AD,Attracted,
PESI02_1503,Aulopidae,Latropiscis,purpurissatus,1,351.18,37117001,PearsonA_02R_Mar2015.avi,17860,5.9533,2.845,9.174,1692.028,18.883,"good clear water, nearby high profile reef",AD,Passing,
PESI02_1503,Kyphosidae,Girella,zebra,1,350.197,37361008,PearsonA_02R_Mar2015.avi,49237,16.4123,3.708,2.255,2599.884,14.026,"good clear water, nearby high profile reef",AD,Passing,
PESI02_1503,Enoplosidae,Enoplosus,armatus,1,205.382,37366001,PearsonA_02R_Mar2015.avi,89262,29.754,3.132,0.7,3397.971,10.717,"good clear water, nearby high profile reef",AD,Passing,
PESI02_1503,Enoplosidae,Enoplosus,armatus,1,185.346,37366001,PearsonA_02R_Mar2015.avi,89262,29.754,5.937,1.095,3576.338,9.772,"good clear water, nearby high profile reef",AD,Passing,
PESI02_1503,Cheilodactylidae,Cheilodactylus,nigripes,1,332.214,37377001,PearsonA_02R_Mar2015.avi,33810,11.27,4.353,0.735,2182.424,4.711,"good clear water, nearby high profile reef",AD,Passing,
PESI02_1503,Cheilodactylidae,Cheilodactylus,nigripes,1,301.01,37377001,PearsonA_02R_Mar2015.avi,34101,11.367,5.168,1.563,2195.136,5.494,"good clear water, nearby high profile reef",AD,Passing,
PESI02_1503,Serranidae,Caesioperca,rasor,1,186.739,37311003,PearsonA_02R_Mar2015.avi,33177,11.059,4.325,4.859,3103.229,22.553,"good clear water, nearby high profile reef",AD,Passing,
PESI02_1503,Serranidae,Caesioperca,rasor,1,148.822,37311003,PearsonA_02R_Mar2015.avi,33182,11.0607,3.168,2.306,2254.68,14.997,"good clear water, nearby high profile reef",AD,Passing,
PESI02_1503,Serranidae,Caesioperca,rasor,1,196.753,37311003,PearsonA_02R_Mar2015.avi,33188,11.0627,1.13,0.609,1188.866,7.477,"good clear water, nearby high profile reef",AD,Attracted,
PESI02_1503,Serranidae,Caesioperca,rasor,1,153.225,37311003,PearsonA_02R_Mar2015.avi,33188,11.0627,0.964,1.203,1496.149,16.534,"good clear water, nearby high profile reef",AD,Passing,
PESI02_1503,Serranidae,Caesioperca,rasor,1,198.079,37311003,PearsonA_02R_Mar2015.avi,33209,11.0697,1.319,7.909,1460.099,17.809,"good clear water, nearby high profile reef",AD,Attracted,
PESI02_1503,Serranidae,Caesioperca,rasor,1,200.7,37311003,PearsonA_02R_Mar2015.avi,33209,11.0697,1.182,2.375,1231.294,8.311,"good clear water, nearby high profile reef",AD,Attracted,
PESI02_1503,Labridae,Austrolabrus,maculatus,1,127.941,37384025,PearsonA_02R_Mar2015.avi,81097,27.0323,1.412,1.397,1596.137,15.72,"good clear water, nearby high profile reef",AD,Passing,
PESI02_1503,Labridae,Achoerodus,gouldii,1,546.569,37384002,PearsonA_02R_Mar2015.avi,16244,5.4147,4.74,2.371,3047.916,14.945,"good clear water, nearby high profile reef",F,Passing,
PESI02_1503,Monacanthidae,Acanthaluteres,vittiger,1,217.011,37465002,PearsonA_02R_Mar2015.avi,97237,32.4123,0.973,1.302,1394.881,11.934,"good clear water, nearby high profile reef",M,Attracted,
PESI02_1503,Monacanthidae,Acanthaluteres,vittiger,1,216.199,37465002,PearsonA_02R_Mar2015.avi,112235,37.4117,0.864,1.058,1490.815,8.65,"good clear water, nearby high profile reef",F,Attracted,
PESI03_1503,Sillaginidae,Sillaginodes,punctatus,1,446.416,37330001,PearsonA_03L_Mar2015.avi,50760,16.92,9.07,3.351,3354.076,5.849,,AD,Passing,
PESI03_1503,Carangidae,Seriola,hippos,1,776.444,37337007,PearsonA_03L_Mar2015.avi,24891,8.297,2.341,2.234,3222.234,2.147,,AD,Passing,
PESI03_1503,Carangidae,Seriola,hippos,1,859.262,37337007,PearsonA_03L_Mar2015.avi,24927,8.309,8.201,1.312,3389.942,12.325,,AD,Passing,
PESI03_1503,Scorpididae,Scorpis,aequipinnis,1,297.086,37361004,PearsonA_03L_Mar2015.avi,39533,13.1777,1.026,3.943,1435.18,13.361,,AD,Attracted,
PESI03_1503,Scorpididae,Scorpis,aequipinnis,1,340.003,37361004,PearsonA_03L_Mar2015.avi,39533,13.1777,1.491,0.582,1766.895,2.687,,AD,Attracted,
PESI03_1503,Scorpididae,Scorpis,aequipinnis,1,273.969,37361004,PearsonA_03L_Mar2015.avi,39550,13.1833,1.727,0.672,2042.198,13.56,,AD,Attracted,
PESI03_1503,Scorpididae,Scorpis,aequipinnis,1,311.612,37361004,PearsonA_03L_Mar2015.avi,39610,13.2033,3.235,2.394,2840.424,7.058,,AD,Attracted,
PESI03_1503,Carangidae,Pseudocaranx,sp,1,286.24,37337924,PearsonA_03L_Mar2015.avi,121340,40.4467,1.097,2.299,1870.413,3.282,,AD,Passing,
PESI03_1503,Carangidae,Pseudocaranx,sp,1,359.412,37337924,PearsonA_03L_Mar2015.avi,121340,40.4467,1.979,1.719,1585.413,8.458,,AD,Passing,
PESI03_1503,Carangidae,Pseudocaranx,sp,1,333.274,37337924,PearsonA_03L_Mar2015.avi,121340,40.4467,2.094,2.24,1837.545,6.747,,AD,Passing,
PESI03_1503,Carangidae,Pseudocaranx,sp,1,241.062,37337924,PearsonA_03L_Mar2015.avi,121340,40.4467,3.465,2.632,1857.994,11.794,,AD,Passing,
PESI03_1503,Carangidae,Pseudocaranx,sp,1,281.347,37337924,PearsonA_03L_Mar2015.avi,121417,40.4723,1.379,1.246,1707.706,7.717,,AD,Passing,
PESI03_1503,Labridae,Pictilabrus,laticlavius,1,233.819,37384020,PearsonA_03L_Mar2015.avi,68700,22.9,1.979,0.613,1855.696,13.175,,AD,Attracted,
PESI03_1503,Labridae,Notolabrus,parilus,1,237.828,37384022,PearsonA_03L_Mar2015.avi,40774,13.5913,1.69,3.607,1381.427,22.794,,F,Passing,
PESI03_1503,Labridae,Notolabrus,tetricus,1,222.816,37384003,PearsonA_03L_Mar2015.avi,37109,12.3697,2.825,0.283,1882.05,18.627,,F,Passing,
PESI03_1503,Labridae,Notolabrus,tetricus,1,360.492,37384003,PearsonA_03L_Mar2015.avi,38470,12.8233,1.916,1.504,1943.444,7.278,,M,Attracted,
PESI03_1503,Monacanthidae,Meuschenia,flavolineata,1,271.359,37465035,PearsonA_03L_Mar2015.avi,129836,43.2787,3.468,1.31,3249.99,3.868,,AD,Passing,
PESI03_1503,Monacanthidae,Meuschenia,hippocrepis,1,368.66,37465004,PearsonA_03L_Mar2015.avi,123970,41.3233,1.374,7.487,1509.122,10.313,,AD,Attracted,
PESI03_1503,Monacanthidae,Meuschenia,hippocrepis,1,370.853,37465004,PearsonA_03L_Mar2015.avi,123970,41.3233,1.997,1.649,1615.869,7.413,,AD,Attracted,
PESI03_1503,Monacanthidae,Meuschenia,hippocrepis,1,341.415,37465004,PearsonA_03L_Mar2015.avi,124031,41.3437,0.672,0.367,991.965,11.172,,AD,Attracted,
PESI03_1503,Monacanthidae,Meuschenia,hippocrepis,1,372.335,37465004,PearsonA_03L_Mar2015.avi,124365,41.455,0.63,0.53,920.734,4.98,,AD,Attracted,
PESI03_1503,Cheilodactylidae,Dactylophora,nigricans,1,592.321,37377005,PearsonA_03L_Mar2015.avi,18514,6.1713,1.892,1.02,2169.752,16.387,,AD,Passing,
PESI03_1503,Serranidae,Caesioperca,rasor,1,222.028,37311003,PearsonA_03L_Mar2015.avi,67326,22.442,7.554,4.487,3119.798,18.649,,AD,Passing,
PESI03_1503,Serranidae,Caesioperca,rasor,1,192.59,37311003,PearsonA_03L_Mar2015.avi,67326,22.442,6.567,0.233,2719.239,19.202,,AD,Passing,
PESI03_1503,Labridae,Austrolabrus,maculatus,1,67.34,37384025,PearsonA_03L_Mar2015.avi,25929,8.643,1.377,0.133,1722.804,22.937,,AD,Passing,
PESI03_1503,Labridae,Achoerodus,gouldii,1,599.243,37384002,PearsonA_03L_Mar2015.avi,39026,13.0087,2.105,2.81,1978.907,14.324,,F,Passing,
PESI03_1503,Labridae,Achoerodus,gouldii,1,554.649,37384002,PearsonA_03L_Mar2015.avi,39026,13.0087,9.614,2.108,3461.485,7.153,,F,Passing,
PESI04_1503,Mullidae,Upeneichthys,vlamingii,1,236.24,37355029,PearsonA_04L_Mar2015.avi,146929,48.9763,1.007,3.701,1555.2,9.923,,AD,Passing,
PESI04_1503,Carangidae,Pseudocaranx,sp,1,298.446,37337924,PearsonA_04L_Mar2015.avi,69991,23.3303,1.103,1.329,1687.122,8.793,,AD,Attracted,
PESI04_1503,Carangidae,Pseudocaranx,sp,1,294.909,37337924,PearsonA_04L_Mar2015.avi,70098,23.366,0.801,0.728,1165.936,11.721,,AD,Attracted,
PESI04_1503,Carangidae,Pseudocaranx,sp,1,308.265,37337924,PearsonA_04L_Mar2015.avi,70140,23.38,1.183,1.591,1627.459,11.975,,AD,Attracted,
PESI04_1503,Labridae,Pictilabrus,laticlavius,1,229.391,37384020,PearsonA_04L_Mar2015.avi,43264,14.4213,0.789,0.667,1515.008,4.044,,AD,Attracted,
PESI04_1503,Labridae,Notolabrus,parilus,1,354.027,37384022,PearsonA_04L_Mar2015.avi,27970,9.3233,2.712,3.53,1903.54,13.396,,M,Attracted,
PESI04_1503,Labridae,Notolabrus,parilus,1,274.178,37384022,PearsonA_04L_Mar2015.avi,114416,38.1387,1.657,3.206,1567.652,16.504,,F,Passing,
PESI04_1503,Labridae,Notolabrus,tetricus,1,313.203,37384003,PearsonA_04L_Mar2015.avi,59818,19.9393,0.904,0.973,1468.596,8.696,,M,Feeding,
PESI04_1503,Labridae,Notolabrus,tetricus,1,284.65,37384003,PearsonA_04L_Mar2015.avi,65576,21.8587,0.439,1.189,810.317,4.006,,F,Attracted,
PESI04_1503,Scorpididae,Neatypus,obliquus,1,146.696,37361002,PearsonA_04L_Mar2015.avi,124141,41.3803,0.953,0.855,1468.901,16.188,,AD,Attracted,
PESI04_1503,Scorpididae,Neatypus,obliquus,1,122.25,37361002,PearsonA_04L_Mar2015.avi,124199,41.3997,0.922,0.747,1183.757,8.923,,AD,Attracted,
PESI04_1503,Scorpididae,Neatypus,obliquus,1,136.696,37361002,PearsonA_04L_Mar2015.avi,124243,41.4143,0.619,1.56,1058.799,13.895,,AD,Attracted,
PESI04_1503,Monacanthidae,Meuschenia,flavolineata,1,209.536,37465035,PearsonA_04L_Mar2015.avi,22910,7.6367,0.934,9.911,1328.928,16.423,,AD,Attracted,
PESI04_1503,Monacanthidae,Meuschenia,galii,1,314.372,37465040,PearsonA_04L_Mar2015.avi,101569,33.8563,0.586,0.708,996.016,12.595,,AD,Attracted,
PESI04_1503,Monacanthidae,Meuschenia,hippocrepis,1,335.041,37465004,PearsonA_04L_Mar2015.avi,49297,16.4323,0.896,0.715,1591.675,13.301,,AD,Attracted,
PESI04_1503,Monacanthidae,Meuschenia,hippocrepis,1,346.174,37465004,PearsonA_04L_Mar2015.avi,49314,16.438,1.325,6.716,1190.031,8.425,,AD,Feeding,
PESI04_1503,Monacanthidae,Meuschenia,hippocrepis,1,342.614,37465004,PearsonA_04L_Mar2015.avi,49325,16.4417,0.738,1.7,1333.528,4.374,,AD,Feeding,
PESI04_1503,Monacanthidae,Meuschenia,hippocrepis,1,327.282,37465004,PearsonA_04L_Mar2015.avi,49344,16.448,1.217,0.872,1116.24,10.885,,AD,Feeding,
PESI04_1503,Monacanthidae,Meuschenia,hippocrepis,1,309.025,37465004,PearsonA_04L_Mar2015.avi,49474,16.4913,1.15,1.29,1194.614,7.166,,AD,Feeding,
PESI04_1503,Serranidae,Caesioperca,rasor,1,207.096,37311003,PearsonA_04L_Mar2015.avi,53645,17.8817,0.98,0.227,1013.668,12.489,,AD,Attracted,
PESI04_1503,Serranidae,Caesioperca,rasor,1,176.693,37311003,PearsonA_04L_Mar2015.avi,53651,17.8837,0.589,0.31,1066.911,9.846,,AD,Attracted,
PESI04_1503,Serranidae,Caesioperca,rasor,1,196.658,37311003,PearsonA_04L_Mar2015.avi,53652,17.884,2.071,7.498,1884.429,16.463,,AD,Attracted,
PESI04_1503,Serranidae,Caesioperca,rasor,1,180.823,37311003,PearsonA_04L_Mar2015.avi,53656,17.8853,1.027,5.41,1286.616,15.975,,AD,Attracted,
PESI04_1503,Labridae,Achoerodus,gouldii,1,522.328,37384002,PearsonA_04L_Mar2015.avi,130586,43.5287,1.356,2.241,1584.16,15.35,,M,Attracted,
RHCI01_1512,Mullidae,Upeneichthys,vlamingii,1,111.833,37355029,RHIC01_1512_L.avi,66432,22.144,7.765,1.855,2563.467,23.788,small chunks of reef in seagrass,AD,Passing,
RHCI01_1512,Mullidae,Upeneichthys,vlamingii,1,124.959,37355029,RHIC01_1512_L.avi,66432,22.144,2.323,1.696,1957.526,8.951,small chunks of reef in seagrass,AD,Passing,
RHCI01_1512,Mullidae,Upeneichthys,vlamingii,1,152.217,37355029,RHIC01_1512_L.avi,66487,22.1623,3.056,2.873,2189.79,16.283,small chunks of reef in seagrass,AD,Passing,
RHCI01_1512,Mullidae,Upeneichthys,vlamingii,1,172.104,37355029,RHIC01_1512_L.avi,66582,22.194,3.508,4.394,2288.592,16.095,small chunks of reef in seagrass,AD,Passing,
RHCI01_1512,Carangidae,Pseudocaranx,sp,1,268.101,37337924,RHIC01_1512_L.avi,105056,35.0187,2.028,6.147,1935.992,10.592,small chunks of reef in seagrass,AD,Attracted,
RHCI01_1512,Carangidae,Pseudocaranx,sp,1,254.146,37337924,RHIC01_1512_L.avi,105063,35.021,5.297,5.496,2209.893,19.192,small chunks of reef in seagrass,AD,Attracted,
RHCI01_1512,Labridae,Pictilabrus,laticlavius,1,221.215,37384020,RHIC01_1512_L.avi,162775,54.2583,5.469,6.101,1726.566,23.699,small chunks of reef in seagrass,AD,Attracted,
RHCI01_1512,Labridae,Pictilabrus,laticlavius,1,225.606,37384020,RHIC01_1512_L.avi,162889,54.2963,2.612,0.301,1218.857,25.647,small chunks of reef in seagrass,AD,Attracted,
RHCI01_1512,Sparidae,Pagrus,auratus,1,297.094,37353001,RHIC01_1512_L.avi,144537,48.179,1.855,1.608,1570.813,8.892,small chunks of reef in seagrass,AD,Attracted,
RHCI01_1512,Odacidae,Olisthops,cyanomelas,1,266.637,37385001,RHIC01_1512_L.avi,140332,46.7773,7.377,6.806,2538.891,8.486,small chunks of reef in seagrass,F,Passing,
RHCI01_1512,Odacidae,Olisthops,cyanomelas,1,302.166,37385001,RHIC01_1512_L.avi,140342,46.7807,8.939,9.515,3143.07,6.365,small chunks of reef in seagrass,F,Passing,
RHCI01_1512,Labridae,Notolabrus,parilus,1,161.845,37384022,RHIC01_1512_L.avi,24450,8.15,1.729,4.452,1565.714,17.941,small chunks of reef in seagrass,F,Passing,
RHCI01_1512,Labridae,Notolabrus,parilus,1,216.207,37384022,RHIC01_1512_L.avi,24450,8.15,2.836,0.611,1904.497,23.88,small chunks of reef in seagrass,F,Passing,
RHCI01_1512,Labridae,Notolabrus,parilus,1,326.497,37384022,RHIC01_1512_L.avi,89150,29.7167,2.782,11.652,2217.411,6.191,small chunks of reef in seagrass,M,Passing,
RHCI01_1512,Labridae,Notolabrus,tetricus,1,221.709,37384003,RHIC01_1512_L.avi,64896,21.632,1.643,2.688,1751.809,11.403,small chunks of reef in seagrass,F,Passing,
RHCI01_1512,Labridae,Notolabrus,tetricus,1,326.601,37384003,RHIC01_1512_L.avi,64896,21.632,7.662,2.832,3090.661,26.049,small chunks of reef in seagrass,F,Passing,
RHCI01_1512,Monacanthidae,Meuschenia,galii,1,270.366,37465040,RHIC01_1512_L.avi,161091,53.697,1.56,3.016,1534.872,16.86,small chunks of reef in seagrass,AD,Attracted,
RHCI01_1512,Monacanthidae,Meuschenia,hippocrepis,1,195.864,37465004,RHIC01_1512_L.avi,104208,34.736,1.033,2.694,1408.903,5.272,small chunks of reef in seagrass,J,Feeding,
RHCI01_1512,Cheilodactylidae,Dactylophora,nigricans,1,485.371,37377005,RHIC01_1512_L.avi,80165,26.7217,2.956,2.876,1918.484,19.718,small chunks of reef in seagrass,J,Attracted,
RHCI01_1512,Monacanthidae,Acanthaluteres,brownii,1,325.809,37465001,RHIC01_1512_L.avi,99743,33.2477,2.964,0.245,1661.522,28.715,small chunks of reef in seagrass,F,Passing,
RHCI01_1512,Monacanthidae,Acanthaluteres,brownii,1,301.562,37465001,RHIC01_1512_L.avi,99743,33.2477,4.331,3.752,1924.722,22.779,small chunks of reef in seagrass,M,Passing,
RHCI01_1512,Monacanthidae,Acanthaluteres,brownii,1,277.178,37465001,RHIC01_1512_L.avi,99878,33.2927,6.551,3.804,2377.959,25.544,small chunks of reef in seagrass,F,Passing,
RHCI01_1512,Monacanthidae,Acanthaluteres,brownii,1,245.878,37465001,RHIC01_1512_L.avi,99878,33.2927,8.764,4.269,2810.125,13.587,small chunks of reef in seagrass,M,Passing,
RHCI01_1512,Monacanthidae,Acanthaluteres,brownii,1,268.458,37465001,RHIC01_1512_L.avi,99958,33.3193,1.608,4.73,1675.434,14.497,small chunks of reef in seagrass,M,Passing,
RHCI01_1512,Monacanthidae,Acanthaluteres,brownii,1,270.642,37465001,RHIC01_1512_L.avi,99958,33.3193,3.316,4.324,2076.256,14.789,small chunks of reef in seagrass,M,Passing,
RHCI02_1512,Sphyraenidae,Sphyraena,novaehollandiae,1,629.096,37382002,RHIC02_1512_L.avi,38905,12.9683,13.227,6.852,3416.332,20.609,"Amphibolis with small clumps of reef, Pos and Scaberia",AD,Passing,
RHCI03_1512,Scorpididae,Scorpis,aequipinnis,1,264.164,37361004,RHIC03_1512_L.avi,131826,43.942,1.537,14.667,2492.658,6.023,,AD,Attracted,
RHCI03_1512,Scorpididae,Scorpis,aequipinnis,1,263.553,37361004,RHIC03_1512_L.avi,131826,43.942,1.005,9.36,1902.897,3.401,,AD,Attracted,
RHCI03_1512,Scorpididae,Scorpis,aequipinnis,1,251.458,37361004,RHIC03_1512_L.avi,131829,43.943,1.114,11.547,2072.246,6.377,,AD,Attracted,
RHCI03_1512,Scorpididae,Scorpis,aequipinnis,1,229.779,37361004,RHIC03_1512_L.avi,131867,43.9557,1.824,7.605,1482.694,6.283,,AD,Attracted,
RHCI03_1512,Carangidae,Pseudocaranx,sp,1,276.19,37337924,RHIC03_1512_L.avi,65925,21.975,2.191,11.258,1643.344,11.969,,AD,Attracted,
RHCI03_1512,Carangidae,Pseudocaranx,sp,1,275.421,37337924,RHIC03_1512_L.avi,65925,21.975,1.061,7.912,1535.454,12.941,,AD,Attracted,
RHCI03_1512,Carangidae,Pseudocaranx,sp,1,267.452,37337924,RHIC03_1512_L.avi,65941,21.9803,2.569,8.773,1910.697,16.641,,AD,Attracted,
RHCI03_1512,Carangidae,Pseudocaranx,sp,1,250.381,37337924,RHIC03_1512_L.avi,65941,21.9803,1.438,8.201,1699.166,12.834,,AD,Attracted,
RHCI03_1512,Carangidae,Pseudocaranx,sp,1,256.281,37337924,RHIC03_1512_L.avi,65941,21.9803,1.661,11.888,1782.398,18.451,,AD,Attracted,
RHCI03_1512,Sparidae,Pagrus,auratus,1,305.453,37353001,RHIC03_1512_L.avi,93645,31.215,2.809,14.964,2049.512,18.015,,AD,Passing,
RHCI03_1512,Sparidae,Pagrus,auratus,1,422.489,37353001,RHIC03_1512_L.avi,128333,42.7777,1.042,8.222,1618.381,12.303,,AD,Attracted,
RHCI03_1512,Sparidae,Pagrus,auratus,1,299.409,37353001,RHIC03_1512_L.avi,135782,45.2607,1.976,7.534,1617.068,15.803,,AD,Attracted,
RHCI03_1512,Labridae,Notolabrus,parilus,1,327.34,37384022,RHIC03_1512_L.avi,187760,62.5867,3.343,14.641,2983.56,13.383,,AD,Passing,
RHCI03_1512,Labridae,Notolabrus,tetricus,1,214.467,37384003,RHIC03_1512_L.avi,57417,19.139,1.116,8.745,1933.351,14.016,,F,Passing,
RHCI03_1512,Labridae,Notolabrus,tetricus,1,355.778,37384003,RHIC03_1512_L.avi,57426,19.142,7.484,16.538,3192.876,7.834,,F,Passing,
RHCI03_1512,Labridae,Notolabrus,tetricus,1,248.724,37384003,RHIC03_1512_L.avi,57554,19.1847,2.542,7.979,1628.904,10.956,,F,Attracted,
RHCI03_1512,Labridae,Notolabrus,tetricus,1,364.623,37384003,RHIC03_1512_L.avi,62686,20.8953,8.134,18.137,3516.43,10.575,,M,Attracted,
RHCI03_1512,Myliobatidae,Myliobatis,tenuicaudatus,1,625.044,37039001,RHIC03_1512_L.avi,62092,20.6973,2.679,17.61,2358.518,17.138,,AD,Passing,
RHCI03_1512,Monacanthidae,Meuschenia,galii,1,273.084,37465040,RHIC03_1512_L.avi,111714,37.238,2.675,9.975,2211.972,8.804,,AD,Passing,
RHCI03_1512,Monacanthidae,Meuschenia,hippocrepis,1,166.754,37465004,RHIC03_1512_L.avi,94833,31.611,1.006,7.945,1418.832,10.709,,AD,Attracted,
RHCI03_1512,Kyphosidae,Girella,zebra,1,245.45,37361008,RHIC03_1512_L.avi,83564,27.8547,1.632,12.787,2373.456,5.439,,AD,Attracted,
RHCI03_1512,Monacanthidae,Eubalichthys,mosaicus,1,354.612,37465003,RHIC03_1512_L.avi,74923,24.9743,16.649,18.788,3819.205,16.651,,F,Passing,
RHCI04_1512,Scorpididae,Tilodon,sexfasciatus,1,214.312,37361003,RHIC04_1512_L.avi,50916,16.972,1.536,3.373,1424.171,22.166,,AD,Attracted,
RHCI04_1512,Scorpididae,Scorpis,aequipinnis,1,275.102,37361004,RHIC04_1512_L.avi,19823,6.6077,1.737,0.528,1567.893,23.336,,AD,Attracted,
RHCI04_1512,Scorpididae,Scorpis,aequipinnis,1,211.953,37361004,RHIC04_1512_L.avi,19923,6.641,1.146,1.699,1000.653,20.681,,AD,Attracted,
RHCI04_1512,Carangidae,Pseudocaranx,sp,1,326.04,37337924,RHIC04_1512_L.avi,66125,22.0417,2.814,2.5,1624.678,23.618,,AD,Attracted,
RHCI04_1512,Carangidae,Pseudocaranx,sp,1,311.406,37337924,RHIC04_1512_L.avi,66160,22.0533,3.44,0.685,1474.632,21.367,,AD,Attracted,
RHCI04_1512,Labridae,Pictilabrus,laticlavius,1,153.803,37384020,RHIC04_1512_L.avi,26322,8.774,2.691,1.083,1406.821,27.879,,M,Attracted,
RHCI04_1512,Labridae,Pictilabrus,laticlavius,1,217.385,37384020,RHIC04_1512_L.avi,26826,8.942,1.562,1.782,1550.507,19.714,,M,Attracted,
RHCI04_1512,Labridae,Pictilabrus,laticlavius,1,144.104,37384020,RHIC04_1512_L.avi,124262,41.4207,0.72,0.232,958.142,13.793,,F,Attracted,
RHCI04_1512,Labridae,Notolabrus,parilus,1,336.34,37384022,RHIC04_1512_L.avi,28982,9.6607,1.779,0.249,1562.152,21.224,,F,Passing,
RHCI04_1512,Labridae,Notolabrus,tetricus,1,217.106,37384003,RHIC04_1512_L.avi,11752,3.9173,0.634,1.26,778.279,17.096,,F,Attracted,
RHCI04_1512,Labridae,Notolabrus,tetricus,1,295.429,37384003,RHIC04_1512_L.avi,11822,3.9407,2.665,1.303,1370.901,26.117,,F,Attracted,
RHCI04_1512,Labridae,Notolabrus,tetricus,1,208.269,37384003,RHIC04_1512_L.avi,11914,3.9713,2.444,11.169,1362.8,27.944,,AD,Attracted,
RHCI04_1512,Labridae,Notolabrus,tetricus,1,403.289,37384003,RHIC04_1512_L.avi,36609,12.203,1.691,0.653,1901.155,20.146,,M,Passing,
RHCI04_1512,Monacanthidae,Meuschenia,galii,1,237.633,37465040,RHIC04_1512_L.avi,34018,11.3393,2.503,6.995,1468.625,30.442,,AD,Passing,
RHCI04_1512,Labridae,Dotalabrus,aurantiacus,1,151.449,37384018,RHIC04_1512_L.avi,10174,3.3913,3.952,0.344,1928.273,17.274,,AD,Passing,
RHCO02_1512,Carangidae,Pseudocaranx,sp,1,279.895,37337924,RHOC02_1512_L.avi,65734,21.9113,1.532,2.456,1983.736,10.238,,AD,Attracted,
RHCO02_1512,Carangidae,Pseudocaranx,sp,1,283.791,37337924,RHOC02_1512_L.avi,65734,21.9113,1.035,3.2,1753.919,8.747,,AD,Attracted,
RHCO02_1512,Carangidae,Pseudocaranx,sp,1,272.913,37337924,RHOC02_1512_L.avi,65734,21.9113,2.269,5.71,1812.486,4.8,,AD,Attracted,
RHCO02_1512,Carangidae,Pseudocaranx,sp,1,280.135,37337924,RHOC02_1512_L.avi,65734,21.9113,1.74,7.303,1663.593,13.946,,AD,Attracted,
RHCO02_1512,Carangidae,Pseudocaranx,sp,1,287.811,37337924,RHOC02_1512_L.avi,65779,21.9263,2.381,2.77,1685.112,14.914,,AD,Attracted,
RHCO02_1512,Labridae,Pictilabrus,laticlavius,1,210.831,37384020,RHOC02_1512_L.avi,11736,3.912,2.191,8.6,1876.333,17.633,,M,Attracted,
RHCO02_1512,Pomacentridae,Parma,victoriae,1,117.053,37372006,RHOC02_1512_L.avi,38339,12.7797,1.4,6.618,1968.726,2.07,,J,Passing,
RHCO02_1512,Labridae,Notolabrus,parilus,1,356.026,37384022,RHOC02_1512_L.avi,18468,6.156,3.605,4.265,2668.746,17.241,,M,Passing,
RHCO02_1512,Labridae,Notolabrus,tetricus,1,283.35,37384003,RHOC02_1512_L.avi,16680,5.56,1.357,4.453,1589.5,12.994,,F,Attracted,
RHCO02_1512,Labridae,Notolabrus,tetricus,1,162.292,37384003,RHOC02_1512_L.avi,16689,5.563,1.433,2.861,1875.42,18.748,,F,Attracted,
RHCO02_1512,Labridae,Notolabrus,tetricus,1,209.861,37384003,RHOC02_1512_L.avi,16704,5.568,2.404,9.572,2041.126,15.493,,F,Attracted,
RHCO02_1512,Labridae,Notolabrus,tetricus,1,163.668,37384003,RHOC02_1512_L.avi,16725,5.575,3.525,8.201,1923.35,21.17,,F,Attracted,
RHCO02_1512,Labridae,Notolabrus,tetricus,1,186.417,37384003,RHOC02_1512_L.avi,16830,5.61,1.845,4.782,1718.201,19.68,,F,Attracted,
RHCO02_1512,Monacanthidae,Meuschenia,freycineti,1,275.31,37465036,RHOC02_1512_L.avi,188421,62.807,1.34,8.085,1980.076,12.871,,F,Attracted,
RHCO02_1512,Monacanthidae,Meuschenia,freycineti,1,317.705,37465036,RHOC02_1512_L.avi,188421,62.807,3.379,4.303,1772.377,5.11,,M,Chase conspecific,
RHCO02_1512,Monacanthidae,Meuschenia,hippocrepis,1,124.258,37465004,RHOC02_1512_L.avi,115479,38.493,0.981,4.795,1624.426,8.137,,J,Attracted,
RHCO02_1512,Monacanthidae,Meuschenia,hippocrepis,1,321.012,37465004,RHOC02_1512_L.avi,172978,57.6593,0.771,3.045,1228.425,16.031,,AD,Feeding,
RHCO02_1512,Cheilodactylidae,Dactylophora,nigricans,1,635.301,37377005,RHOC02_1512_L.avi,81685,27.2283,2.138,1.115,2103.401,16.717,,AD,Passing,
RHCO02_1512,Cheilodactylidae,Cheilodactylus,nigripes,1,271.672,37377001,RHOC02_1512_L.avi,41300,13.7667,1.904,1.78,1781.423,15.522,,AD,Passing,
RHCO02_1512,Labridae,Austrolabrus,maculatus,1,67.283,37384025,RHOC02_1512_L.avi,24495,8.165,4.736,8.848,2225.558,16.077,,J,Passing,
RHCO03_1512,Mullidae,Upeneichthys,vlamingii,1,176.844,37355029,RHOC03_1512_L.avi,177487,59.1623,2.376,1.463,1935.65,18.331,Use CamCal 05/06. Flat reef edge in background,AD,Passing,
RHCO03_1512,Odacidae,Siphonognathus,tanyourus,1,86.118,37385012,RHOC03_1512_L.avi,187099,62.3663,5.27,0.553,2815.212,13.224,Use CamCal 05/06. Flat reef edge in background,AD,Chase other,
RHCO03_1512,Odacidae,Siphonognathus,tanyourus,1,76.567,37385012,RHOC03_1512_L.avi,187099,62.3663,2.47,2.01,2629.156,11.696,Use CamCal 05/06. Flat reef edge in background,AD,Chase other,
RHCO03_1512,Monacanthidae,Scobinichthys,granulatus,1,188.82,37465007,RHOC03_1512_L.avi,75143,25.0477,0.875,1.343,1101.956,10.52,Use CamCal 05/06. Flat reef edge in background,AD,Passing,
RHCO03_1512,Labridae,Pictilabrus,laticlavius,1,214.153,37384020,RHOC03_1512_L.avi,48337,16.1123,1.265,3.55,1763.262,13.911,Use CamCal 05/06. Flat reef edge in background,M,Passing,
RHCO03_1512,Labridae,Notolabrus,parilus,1,283.092,37384022,RHOC03_1512_L.avi,20066,6.6887,4.587,3.596,1931.981,15.83,Use CamCal 05/06. Flat reef edge in background,AD,Passing,
RHCO03_1512,Labridae,Notolabrus,tetricus,1,459.184,37384003,RHOC03_1512_L.avi,69294,23.098,2.358,0.673,2188.398,14.015,Use CamCal 05/06. Flat reef edge in background,M,Passing,
RHCO03_1512,Monacanthidae,Meuschenia,freycineti,1,281.227,37465036,RHOC03_1512_L.avi,87916,29.3053,0.895,6.358,1422.12,13.331,Use CamCal 05/06. Flat reef edge in background,F,Attracted,
RHCO03_1512,Monacanthidae,Meuschenia,hippocrepis,1,174.892,37465004,RHOC03_1512_L.avi,51276,17.092,1.631,1.542,1328.804,12.983,Use CamCal 05/06. Flat reef edge in background,J,Attracted,
RHCO03_1512,Labridae,Dotalabrus,aurantiacus,1,119.167,37384018,RHOC03_1512_L.avi,190489,63.4963,3.364,2.029,2547.11,11.355,Use CamCal 05/06. Flat reef edge in background,AD,Passing,
RHNI01_1512,Mullidae,Upeneichthys,vlamingii,1,108.791,37355029,RHIN01_1512_L.avi,121842,40.614,2.112,0.55,2409.89,9.859,,J,Passing,
RHNI01_1512,Monacanthidae,Scobinichthys,granulatus,1,234.259,37465007,RHIN01_1512_L.avi,145256,48.4187,0.699,1.245,1262.883,10.497,,M,Passing,
RHNI01_1512,Carangidae,Pseudocaranx,sp,1,249.569,37337924,RHIN01_1512_L.avi,118828,39.6093,4.744,0.405,1974.635,18.873,,AD,Passing,
RHNI01_1512,Carangidae,Pseudocaranx,sp,1,229.072,37337924,RHIN01_1512_L.avi,118828,39.6093,5.683,0.357,2215.838,10.498,,AD,Passing,
RHNI01_1512,Carangidae,Pseudocaranx,sp,1,243.638,37337924,RHIN01_1512_L.avi,118890,39.63,6.395,0.531,2190.68,10.295,,AD,Passing,
RHNI01_1512,Carangidae,Pseudocaranx,sp,1,259.986,37337924,RHIN01_1512_L.avi,118897,39.6323,1.335,2.1,1866.787,12.206,,AD,Passing,
RHNI01_1512,Carangidae,Pseudocaranx,sp,1,272.255,37337924,RHIN01_1512_L.avi,118944,39.648,5.891,1.551,2119.663,8.062,,AD,Passing,
RHNI01_1512,Carangidae,Pseudocaranx,sp,1,240.111,37337924,RHIN01_1512_L.avi,119040,39.68,4.095,3.021,2121.921,11.204,,AD,Passing,
RHNI01_1512,Labridae,Pictilabrus,laticlavius,1,132.003,37384020,RHIN01_1512_L.avi,79073,26.3577,2.933,4.82,1990.396,15.852,,F,Passing,
RHNI01_1512,Labridae,Pictilabrus,laticlavius,1,204.228,37384020,RHIN01_1512_L.avi,79077,26.359,5.931,0.868,2245.172,11.919,,M,Passing,
RHNI01_1512,Gerreidae,Parequula,melbournensis,1,101.672,37349001,RHIN01_1512_L.avi,28970,9.6567,1.066,4.986,1574.636,14.842,,AD,Scavenging,
RHNI01_1512,Labridae,Notolabrus,parilus,1,371.615,37384022,RHIN01_1512_L.avi,25110,8.37,3.257,8.052,1894.101,12.102,,M,Attracted,
RHNI01_1512,Labridae,Notolabrus,parilus,1,306.121,37384022,RHIN01_1512_L.avi,36608,12.2027,5.249,2.574,3635.914,5.633,,F,Passing,
RHNI01_1512,Myliobatidae,Myliobatis,tenuicaudatus,1,543.897,37039001,RHIN01_1512_L.avi,71834,23.9447,6.86,3.92,2293.304,13.762,,AD,Passing,
RHNI01_1512,Triakidae,Mustelus,antarcticus,1,917.887,37017001,RHIN01_1512_L.avi,32697,10.899,2.753,3.125,1868.37,4.912,,AD,Attracted,
RHNI01_1512,Cheilodactylidae,Dactylophora,nigricans,1,843.269,37377005,RHIN01_1512_L.avi,203739,67.913,2.646,2.95,2553.386,10.352,,AD,Passing,
RHNI02_1512,Mullidae,Upeneichthys,vlamingii,1,147.54,37355029,RHIN02_1512_L.avi,71229,23.743,8.642,11.474,3333.472,18.711,,AD,Passing,
RHNI02_1512,Mullidae,Upeneichthys,vlamingii,1,170.347,37355029,RHIN02_1512_L.avi,133015,44.3383,1.506,10.194,1711.343,13.375,,AD,Passing,
RHNI02_1512,Mullidae,Upeneichthys,vlamingii,1,103.654,37355029,RHIN02_1512_L.avi,133015,44.3383,1.827,10.342,1564.218,19.937,,AD,Passing,
RHNI02_1512,Carangidae,Pseudocaranx,sp,1,254.439,37337924,RHIN02_1512_L.avi,105189,35.063,1.694,10.549,2349.265,14.383,,AD,Passing,
RHNI02_1512,Labridae,Notolabrus,parilus,1,249.966,37384022,RHIN02_1512_L.avi,17691,5.897,1.844,12.761,1975.018,21.364,,F,Passing,
RHNI02_1512,Labridae,Notolabrus,parilus,1,359.812,37384022,RHIN02_1512_L.avi,62716,20.9053,2.997,3.439,2108.881,20.506,,M,Passing,
RHNI02_1512,Labridae,Notolabrus,tetricus,1,238.711,37384003,RHIN02_1512_L.avi,93681,31.227,3.372,13.834,2064.404,18.159,,F,Passing,
RHNI02_1512,Labridae,Notolabrus,tetricus,1,294.656,37384003,RHIN02_1512_L.avi,93699,31.233,1.984,5.806,2052.543,14.721,,F,Passing,
RHNI02_1512,Cheilodactylidae,Cheilodactylus,nigripes,1,224.754,37377001,RHIN02_1512_L.avi,60092,20.0307,4.374,17.147,2473.004,19.925,,AD,Passing,
RHNI03_1512,Scorpididae,Scorpis,aequipinnis,1,244.152,37361004,RHIN03_1512_L.avi,107147,35.7157,2.565,4.683,2376.995,12.322,Amphibolis gowing in gravel and pbbles,AD,Attracted,
RHNI03_1512,Scorpididae,Scorpis,aequipinnis,1,215.101,37361004,RHIN03_1512_L.avi,107170,35.7233,5.15,1.959,2521.726,21.278,Amphibolis gowing in gravel and pbbles,AD,Attracted,
RHNI03_1512,Scorpididae,Scorpis,aequipinnis,1,251.78,37361004,RHIN03_1512_L.avi,107185,35.7283,2.032,3.249,1760.954,18.036,Amphibolis gowing in gravel and pbbles,AD,Attracted,
RHNI03_1512,Scorpididae,Scorpis,aequipinnis,1,218.66,37361004,RHIN03_1512_L.avi,107200,35.7333,4.651,2.69,1923.3,10.422,Amphibolis gowing in gravel and pbbles,AD,Passing,
RHNI03_1512,Scorpididae,Scorpis,aequipinnis,1,227.838,37361004,RHIN03_1512_L.avi,107342,35.7807,3.257,2,1831.396,11.916,Amphibolis gowing in gravel and pbbles,AD,Attracted,
RHNI03_1512,Carangidae,Pseudocaranx,sp,1,236.523,37337924,RHIN03_1512_L.avi,121899,40.633,3.114,0.436,1647.303,21.151,Amphibolis gowing in gravel and pbbles,AD,Passing,
RHNI03_1512,Carangidae,Pseudocaranx,sp,1,283.427,37337924,RHIN03_1512_L.avi,121899,40.633,4.763,1.933,2018.115,13.752,Amphibolis gowing in gravel and pbbles,AD,Passing,
RHNI03_1512,Carangidae,Pseudocaranx,sp,1,240.761,37337924,RHIN03_1512_L.avi,121899,40.633,2.785,1.737,1811.822,16.499,Amphibolis gowing in gravel and pbbles,AD,Passing,
RHNI03_1512,Carangidae,Pseudocaranx,sp,1,239.491,37337924,RHIN03_1512_L.avi,121899,40.633,1.543,7.096,1788.361,7.104,Amphibolis gowing in gravel and pbbles,AD,Passing,
RHNI03_1512,Carangidae,Pseudocaranx,sp,1,267.529,37337924,RHIN03_1512_L.avi,121899,40.633,5.087,2.046,2035.704,20.198,Amphibolis gowing in gravel and pbbles,AD,Passing,
RHNI03_1512,Carangidae,Pseudocaranx,sp,1,247.967,37337924,RHIN03_1512_L.avi,121899,40.633,5.624,1.756,2089.696,20.348,Amphibolis gowing in gravel and pbbles,AD,Passing,
RHNI03_1512,Carangidae,Pseudocaranx,sp,1,272.595,37337924,RHIN03_1512_L.avi,121899,40.633,4.39,4.096,2158.481,1.412,Amphibolis gowing in gravel and pbbles,AD,Passing,
RHNI03_1512,Carangidae,Pseudocaranx,sp,1,289.884,37337924,RHIN03_1512_L.avi,121899,40.633,2.221,3.51,2233.072,7.878,Amphibolis gowing in gravel and pbbles,AD,Passing,
RHNI03_1512,Carangidae,Pseudocaranx,sp,1,258.581,37337924,RHIN03_1512_L.avi,121899,40.633,6.298,1.156,2072.668,5.372,Amphibolis gowing in gravel and pbbles,AD,Passing,
RHNI03_1512,Carangidae,Pseudocaranx,sp,1,272.19,37337924,RHIN03_1512_L.avi,121899,40.633,6.017,1.163,1870.271,15.53,Amphibolis gowing in gravel and pbbles,AD,Passing,
RHNI03_1512,Carangidae,Pseudocaranx,sp,1,254.241,37337924,RHIN03_1512_L.avi,121932,40.644,4.482,2.259,2328.175,23.764,Amphibolis gowing in gravel and pbbles,AD,Passing,
RHNI03_1512,Cheilodactylidae,Dactylophora,nigricans,1,518.528,37377005,RHIN03_1512_L.avi,113766,37.922,8.399,1.433,2497.682,20.366,Amphibolis gowing in gravel and pbbles,AD,Passing,
RHNI04_1512,Mullidae,Upeneichthys,vlamingii,1,169.558,37355029,RHIN04_1512_R.avi,185475,61.825,4.195,3.04,1962.182,16.989,,AD,Passing,
RHNI04_1512,Mullidae,Upeneichthys,vlamingii,1,192.089,37355029,RHIN04_1512_R.avi,187266,62.422,1.947,3.22,2198.4,16.826,,AD,Passing,
RHNI04_1512,Scorpididae,Scorpis,aequipinnis,1,264.629,37361004,RHIN04_1512_R.avi,43170,14.39,2.272,4.479,1783.735,13.534,,AD,Attracted,
RHNI04_1512,Carangidae,Pseudocaranx,sp,1,262.202,37337924,RHIN04_1512_R.avi,103729,34.5763,2.881,4.243,1916.167,14.52,,AD,Attracted,
RHNI04_1512,Carangidae,Pseudocaranx,sp,1,270.697,37337924,RHIN04_1512_R.avi,103755,34.585,1.81,3.619,1915.122,10.137,,AD,Attracted,
RHNI04_1512,Carangidae,Pseudocaranx,sp,1,257.16,37337924,RHIN04_1512_R.avi,103755,34.585,2.825,6.306,2052.197,16.926,,AD,Attracted,
RHNI04_1512,Carangidae,Pseudocaranx,sp,1,275.254,37337924,RHIN04_1512_R.avi,103887,34.629,2.402,4.645,2860.601,3.162,,AD,Passing,
RHNI04_1512,Labridae,Pictilabrus,laticlavius,1,163.072,37384020,RHIN04_1512_R.avi,75851,25.2837,5.736,1.284,2355.324,23.395,,M,Passing,
RHNI04_1512,Labridae,Notolabrus,parilus,1,362.045,37384022,RHIN04_1512_R.avi,25219,8.4063,7.001,2.126,2471.039,22.288,,M,Attracted,
RHNI04_1512,Labridae,Notolabrus,parilus,1,255.217,37384022,RHIN04_1512_R.avi,29005,9.6683,3.515,7.413,2603.072,13.572,,F,Passing,
RHNI04_1512,Labridae,Notolabrus,tetricus,1,212.38,37384003,RHIN04_1512_R.avi,61267,20.4223,1.937,0.838,1845.007,18.9,,F,Attracted,
RHNI04_1512,Labridae,Notolabrus,tetricus,1,228.313,37384003,RHIN04_1512_R.avi,61436,20.4787,6.107,7.38,2684.147,14.61,,F,Passing,
RHNI04_1512,Labridae,Notolabrus,tetricus,1,450.882,37384003,RHIN04_1512_R.avi,141300,47.1,9.672,0.576,2922.037,17.894,,M,Passing,
RHNI04_1512,Monacanthidae,Meuschenia,hippocrepis,1,257.145,37465004,RHIN04_1512_R.avi,56404,18.8013,1.144,3.602,1361.484,7.421,,AD,Feeding,
RHNI04_1512,Monacanthidae,Meuschenia,hippocrepis,1,293.873,37465004,RHIN04_1512_R.avi,61500,20.5,2.695,2.931,1698.439,3.793,,AD,Feeding,
RHNI04_1512,Labridae,Austrolabrus,maculatus,1,159.769,37384025,RHIN04_1512_R.avi,25078,8.3593,8.503,5.719,3028.935,17.751,,AD,Passing,
RHNI04_1512,Arripidae,Arripis,georgianus,1,181.668,37344001,RHIN04_1512_R.avi,77040,25.68,15.971,3.002,3062.269,28.823,,AD,Passing,
RHNO01_1512,Loliginidae,Sepioteuthis,australis,1,226.232,23617005,RHON01_1512_L.avi,99691,33.2303,5.718,1.061,3043.238,10.005,,AD,Passing,
RHNO01_1512,Loliginidae,Sepioteuthis,australis,1,223.57,23617005,RHON01_1512_L.avi,99945,33.315,1.912,1.608,2673.686,8.475,,AD,Passing,
RHNO01_1512,Loliginidae,Sepioteuthis,australis,1,207.177,23617005,RHON01_1512_L.avi,100264,33.4213,2.928,0.744,2405.458,7.057,,AD,Passing,
RHNO01_1512,Loliginidae,Sepioteuthis,australis,1,193.91,23617005,RHON01_1512_L.avi,100364,33.4547,3.17,2.668,3154.707,10.359,,AD,Passing,
RHNO01_1512,Scorpididae,Scorpis,aequipinnis,1,211.272,37361004,RHON01_1512_L.avi,69550,23.1833,1.548,5.817,1611.096,3.748,,AD,Attracted,
RHNO01_1512,Scorpididae,Scorpis,aequipinnis,1,193.539,37361004,RHON01_1512_L.avi,69573,23.191,1.258,2.414,1924.222,7.23,,AD,Attracted,
RHNO01_1512,Carangidae,Pseudocaranx,sp,1,233.163,37337924,RHON01_1512_L.avi,87118,29.0393,2.107,4.149,2201.133,17.214,,AD,Attracted,
RHNO01_1512,Carangidae,Pseudocaranx,sp,1,208.615,37337924,RHON01_1512_L.avi,87154,29.0513,1.574,3.567,2100.035,13.936,,AD,Attracted,
RHNO01_1512,Labridae,Pictilabrus,laticlavius,1,238.368,37384020,RHON01_1512_L.avi,28045,9.3483,3.457,0.992,1836.442,13.848,,M,Passing,
RHNO01_1512,Labridae,Notolabrus,tetricus,1,211.969,37384003,RHON01_1512_L.avi,29361,9.787,2.221,0.549,2770.797,11.866,,F,Passing,
RHNO01_1512,Cheilodactylidae,Dactylophora,nigricans,1,625.357,37377005,RHON01_1512_L.avi,92457,30.819,16.575,3.494,4407.954,14.674,,AD,Passing,
RHNO01_1512,Monacanthidae,MONACANTHIDAE,sp,1,128.649,37465903,RHON01_1512_L.avi,130910,43.6367,2.343,3.457,1933.853,15.042,,AD,Passing,
RHNO02_1512,Scorpididae,Scorpis,aequipinnis,1,254.916,37361004,RHON02_1512_L.avi,13061,4.3537,4.892,17.298,3394.874,17.545,Chunks of reef in seagrass,AD,Attracted,
RHNO02_1512,Scorpididae,Scorpis,aequipinnis,1,211.783,37361004,RHON02_1512_L.avi,13083,4.361,5.228,7.466,2017.157,4.879,Chunks of reef in seagrass,AD,Attracted,
RHNO02_1512,Scorpididae,Scorpis,aequipinnis,1,183.08,37361004,RHON02_1512_L.avi,13083,4.361,5.261,5.834,2077.051,11.956,Chunks of reef in seagrass,AD,Attracted,
RHNO02_1512,Scorpididae,Scorpis,aequipinnis,1,226.779,37361004,RHON02_1512_L.avi,13129,4.3763,4.697,7.505,2059.177,17.263,Chunks of reef in seagrass,AD,Attracted,
RHNO02_1512,Carangidae,Pseudocaranx,sp,6,290.28,37337924,RHON02_1512_L.avi,50329,16.7763,7.736,12.072,2823.207,18.671,Chunks of reef in seagrass,AD,Passing,
RHNO02_1512,Carangidae,Pseudocaranx,sp,6,308.785,37337924,RHON02_1512_L.avi,50329,16.7763,3.07,9.155,2595.992,10.309,Chunks of reef in seagrass,AD,Passing,
RHNO02_1512,Carangidae,Pseudocaranx,sp,6,309.89,37337924,RHON02_1512_L.avi,50329,16.7763,4.024,8.469,2457.496,3.184,Chunks of reef in seagrass,AD,Passing,
RHNO02_1512,Carangidae,Pseudocaranx,sp,6,306.193,37337924,RHON02_1512_L.avi,50329,16.7763,3.237,11.254,3286.768,7.712,Chunks of reef in seagrass,AD,Passing,
RHNO02_1512,Carangidae,Pseudocaranx,sp,6,313.499,37337924,RHON02_1512_L.avi,50384,16.7947,9.012,14.492,3058.18,19.54,Chunks of reef in seagrass,AD,Passing,
RHNO02_1512,Carangidae,Pseudocaranx,sp,6,277.78,37337924,RHON02_1512_L.avi,50384,16.7947,3.473,9.83,3012.96,12.202,Chunks of reef in seagrass,AD,Passing,
RHNO02_1512,Labridae,Pictilabrus,laticlavius,1,178.189,37384020,RHON02_1512_L.avi,30655,10.2183,4.585,8.809,2458.427,16.289,Chunks of reef in seagrass,M,Passing,
RHNO02_1512,Labridae,Pictilabrus,laticlavius,1,160.806,37384020,RHON02_1512_L.avi,30655,10.2183,3.67,7.274,2260.596,20.3,Chunks of reef in seagrass,M,Passing,
RHNO02_1512,Labridae,Notolabrus,parilus,1,271.586,37384022,RHON02_1512_L.avi,25652,8.5507,5.455,10.058,2585.497,12.006,Chunks of reef in seagrass,F,Passing,
RHNO02_1512,Labridae,Notolabrus,tetricus,1,133.084,37384003,RHON02_1512_L.avi,34546,11.5153,2.728,6.248,2073.489,9.57,Chunks of reef in seagrass,F,Passing,
RHNO02_1512,Labridae,Notolabrus,tetricus,1,240.034,37384003,RHON02_1512_L.avi,34594,11.5313,2.953,8.066,2383.943,9.877,Chunks of reef in seagrass,F,Passing,
RHNO02_1512,Labridae,Notolabrus,tetricus,1,270.771,37384003,RHON02_1512_L.avi,34594,11.5313,10.895,8.621,3134.356,14.448,Chunks of reef in seagrass,F,Passing,
RHNO02_1512,Labridae,Notolabrus,tetricus,1,274.765,37384003,RHON02_1512_L.avi,34701,11.567,4.977,5.722,2400.461,9.769,Chunks of reef in seagrass,AD,Attracted,
RHNO02_1512,Labridae,Notolabrus,tetricus,1,272.74,37384003,RHON02_1512_L.avi,34924,11.6413,9.551,10.814,2851.174,19.05,Chunks of reef in seagrass,F,Passing,
RHNO02_1512,Cheilodactylidae,Nemadactylus,valenciennesi,1,400.627,37377004,RHON02_1512_L.avi,77780,25.9267,2.762,8.389,2097.188,2.756,Chunks of reef in seagrass,AD,Passing,
RHNO02_1512,Monacanthidae,Meuschenia,galii,1,185.972,37465040,RHON02_1512_L.avi,31981,10.6603,7.027,10.421,3066.133,20.434,Chunks of reef in seagrass,AD,Passing,
RHNO02_1512,Monacanthidae,Meuschenia,hippocrepis,1,170.021,37465004,RHON02_1512_L.avi,88442,29.4807,0.689,3.977,828.205,5.528,Chunks of reef in seagrass,F,Feeding,
RHNO02_1512,Kyphosidae,Kyphosus,sydneyanus,1,411.316,37361001,RHON02_1512_L.avi,70541,23.5137,2.624,8.141,1736.976,15.432,Chunks of reef in seagrass,AD,Passing,
RHNO02_1512,Kyphosidae,Kyphosus,sydneyanus,1,431.12,37361001,RHON02_1512_L.avi,70671,23.557,5.627,12.303,3632.85,11.719,Chunks of reef in seagrass,AD,Passing,
RHNO02_1512,Kyphosidae,Kyphosus,sydneyanus,1,347.272,37361001,RHON02_1512_L.avi,70726,23.5753,3.587,8.604,2110.045,15.062,Chunks of reef in seagrass,AD,Passing,
RHNO02_1512,Kyphosidae,Kyphosus,sydneyanus,1,428.602,37361001,RHON02_1512_L.avi,70726,23.5753,6.614,6.524,2351.61,7.323,Chunks of reef in seagrass,AD,Passing,
RHNO02_1512,Kyphosidae,Kyphosus,sydneyanus,1,441.218,37361001,RHON02_1512_L.avi,70726,23.5753,8.143,18.186,3558.073,13.343,Chunks of reef in seagrass,AD,Passing,
RHNO02_1512,Kyphosidae,Kyphosus,sydneyanus,1,374.118,37361001,RHON02_1512_L.avi,70831,23.6103,4.432,4.944,1926.918,18.495,Chunks of reef in seagrass,AD,Passing,
RHNO02_1512,Kyphosidae,Girella,zebra,19,170.876,37361008,RHON02_1512_L.avi,117939,39.313,2.962,7.901,2514.811,14.353,Chunks of reef in seagrass,AD,Passing,
RHNO02_1512,Kyphosidae,Girella,zebra,19,234.583,37361008,RHON02_1512_L.avi,117939,39.313,4.174,14.53,2635.313,8.864,Chunks of reef in seagrass,AD,Passing,
RHNO02_1512,Kyphosidae,Girella,zebra,19,170.045,37361008,RHON02_1512_L.avi,117939,39.313,1.954,10.54,2472.03,7.053,Chunks of reef in seagrass,AD,Passing,
RHNO02_1512,Kyphosidae,Girella,zebra,19,168.884,37361008,RHON02_1512_L.avi,117939,39.313,2.753,9.401,2454.203,4.048,Chunks of reef in seagrass,AD,Passing,
RHNO02_1512,Kyphosidae,Girella,zebra,19,202.241,37361008,RHON02_1512_L.avi,117939,39.313,2.92,10.1,2280.513,5.084,Chunks of reef in seagrass,AD,Passing,
RHNO02_1512,Kyphosidae,Girella,zebra,19,144.668,37361008,RHON02_1512_L.avi,117939,39.313,3.89,8.55,2342.09,8.118,Chunks of reef in seagrass,AD,Passing,
RHNO02_1512,Kyphosidae,Girella,zebra,19,169.296,37361008,RHON02_1512_L.avi,117939,39.313,1.631,8.661,2494.119,8.024,Chunks of reef in seagrass,AD,Passing,
RHNO02_1512,Kyphosidae,Girella,zebra,19,176.742,37361008,RHON02_1512_L.avi,118014,39.338,3.353,8.278,2478.049,7.278,Chunks of reef in seagrass,AD,Passing,
RHNO02_1512,Kyphosidae,Girella,zebra,19,161.028,37361008,RHON02_1512_L.avi,118014,39.338,1.957,9.465,2701.242,9.392,Chunks of reef in seagrass,AD,Passing,
RHNO02_1512,Kyphosidae,Girella,zebra,19,192.19,37361008,RHON02_1512_L.avi,118014,39.338,2.837,8.724,2234.557,5.927,Chunks of reef in seagrass,AD,Passing,
RHNO02_1512,Kyphosidae,Girella,zebra,19,179.935,37361008,RHON02_1512_L.avi,118014,39.338,4.717,11.355,2609.454,7.376,Chunks of reef in seagrass,AD,Passing,
RHNO02_1512,Kyphosidae,Girella,zebra,19,176.577,37361008,RHON02_1512_L.avi,118014,39.338,6.858,8.446,2741.148,9.167,Chunks of reef in seagrass,AD,Passing,
RHNO02_1512,Kyphosidae,Girella,zebra,19,150.005,37361008,RHON02_1512_L.avi,118014,39.338,3.058,12.37,2614.989,12.338,Chunks of reef in seagrass,AD,Passing,
RHNO02_1512,Kyphosidae,Girella,zebra,19,169.974,37361008,RHON02_1512_L.avi,118014,39.338,4.72,8.47,2526.534,14.938,Chunks of reef in seagrass,AD,Passing,
RHNO03_1512,Scorpididae,Tilodon,sexfasciatus,1,221.151,37361003,RHON03_1512_L.avi,181969,60.6563,1.237,2.007,1314.539,7.026,,AD,Attracted,
RHNO03_1512,Scorpididae,Tilodon,sexfasciatus,1,187.527,37361003,RHON03_1512_L.avi,182041,60.6803,1.097,0.959,1539.379,9.173,,AD,Attracted,
RHNO03_1512,Scorpididae,Scorpis,aequipinnis,1,218.951,37361004,RHON03_1512_L.avi,153027,51.009,0.876,2.718,1617.137,4.268,,AD,Attracted,
RHNO03_1512,Carangidae,Pseudocaranx,sp,1,319.606,37337924,RHON03_1512_L.avi,185313,61.771,2.091,2.609,1982.995,18.785,,AD,Attracted,
RHNO03_1512,Carangidae,Pseudocaranx,sp,1,290.25,37337924,RHON03_1512_L.avi,185313,61.771,0.818,2.962,1321.213,15.294,,AD,Attracted,
RHNO03_1512,Carangidae,Pseudocaranx,sp,1,255.041,37337924,RHON03_1512_L.avi,185320,61.7733,1.408,2.27,1302.683,8.592,,AD,Attracted,
RHNO03_1512,Carangidae,Pseudocaranx,sp,1,266.059,37337924,RHON03_1512_L.avi,185355,61.785,0.8,1.634,1310.024,11.65,,AD,Attracted,
RHNO03_1512,Carangidae,Pseudocaranx,sp,1,201.758,37337924,RHON03_1512_L.avi,185355,61.785,4.046,4.201,2225.814,6.496,,AD,Attracted,
RHNO03_1512,Carangidae,Pseudocaranx,sp,1,187.329,37337924,RHON03_1512_L.avi,185454,61.818,1.847,2.741,1566.569,15.025,,AD,Attracted,
RHNO03_1512,Carangidae,Pseudocaranx,sp,1,293.999,37337924,RHON03_1512_L.avi,185454,61.818,1.766,1.963,1628.674,17.394,,AD,Attracted,
RHNO03_1512,Carangidae,Pseudocaranx,sp,1,194.581,37337924,RHON03_1512_L.avi,185454,61.818,2.068,0.371,1587.026,1.578,,AD,Attracted,
RHNO03_1512,Carangidae,Pseudocaranx,sp,1,177.914,37337924,RHON03_1512_L.avi,185466,61.822,1.387,2.385,1674.179,17.32,,AD,Attracted,
RHNO03_1512,Carangidae,Pseudocaranx,sp,1,195.355,37337924,RHON03_1512_L.avi,185466,61.822,2.502,5.346,1809.98,12.832,,AD,Attracted,
RHNO03_1512,Carangidae,Pseudocaranx,sp,1,186.269,37337924,RHON03_1512_L.avi,185474,61.8247,2.523,2.096,1572.032,13.433,,AD,Attracted,
RHNO03_1512,Carangidae,Pseudocaranx,sp,1,190.891,37337924,RHON03_1512_L.avi,185474,61.8247,1.117,1.464,2117.165,7.803,,AD,Attracted,
RHNO03_1512,Carangidae,Pseudocaranx,sp,1,287.98,37337924,RHON03_1512_L.avi,185474,61.8247,1.988,8.476,1321.986,15.235,,AD,Attracted,
RHNO03_1512,Carangidae,Pseudocaranx,sp,1,289.2,37337924,RHON03_1512_L.avi,185474,61.8247,0.835,0.614,1522.624,8.716,,AD,Attracted,
RHNO03_1512,Labridae,Pictilabrus,laticlavius,1,101.266,37384020,RHON03_1512_L.avi,7337,2.4457,1.225,1.361,1762.428,17.317,,F,Passing,
RHNO03_1512,Labridae,Pictilabrus,laticlavius,1,212.901,37384020,RHON03_1512_L.avi,26169,8.723,5.487,1.202,2309.526,6.493,,M,Passing,
RHNO03_1512,Labridae,Pictilabrus,laticlavius,1,226.695,37384020,RHON03_1512_L.avi,26181,8.727,3.3,2.646,2254.061,8.197,,M,Chase conspecific,
RHNO03_1512,Pomacentridae,Parma,victoriae,1,165.267,37372006,RHON03_1512_L.avi,136677,45.559,1.701,3.797,2307.079,4.958,,AD,Passing,
RHNO03_1512,Labridae,Notolabrus,parilus,1,307.76,37384022,RHON03_1512_L.avi,22671,7.557,2.178,0.094,3065.073,10.327,,AD,Passing,
RHNO03_1512,Labridae,Notolabrus,parilus,1,249.089,37384022,RHON03_1512_L.avi,22717,7.5723,3.291,2.323,2244.45,15.022,,AD,Passing,
RHNO03_1512,Labridae,Notolabrus,tetricus,1,405.051,37384003,RHON03_1512_L.avi,133325,44.4417,2.817,0.763,1780.358,7.6,,M,Attracted,
RHNO03_1512,Monacanthidae,Meuschenia,hippocrepis,1,247.91,37465004,RHON03_1512_L.avi,92928,30.976,0.774,2.634,1352.955,10.272,,AD,Attracted,
RHNO03_1512,Monacanthidae,Meuschenia,hippocrepis,1,187.482,37465004,RHON03_1512_L.avi,117033,39.011,1.495,0.33,1295.225,9.496,,AD,Attracted,
RHNO03_1512,Monacanthidae,Meuschenia,hippocrepis,1,122.765,37465004,RHON03_1512_L.avi,117052,39.0173,1.129,3.328,1507.685,17.01,,J,Attracted,
RHNO03_1512,Monacanthidae,Meuschenia,hippocrepis,1,147.924,37465004,RHON03_1512_L.avi,117321,39.107,1.375,1.861,1400.88,6.544,,J,Attracted,
RHNO03_1512,Kyphosidae,Girella,zebra,1,209.014,37361008,RHON03_1512_L.avi,11369,3.7897,1.958,1.528,1897.583,7.538,,AD,Attracted,
RHNO03_1512,Kyphosidae,Girella,zebra,1,227.332,37361008,RHON03_1512_L.avi,11501,3.8337,1.643,0.183,2120.422,11.801,,AD,Attracted,
RHNO03_1512,Cheilodactylidae,Cheilodactylus,nigripes,1,254.998,37377001,RHON03_1512_L.avi,19323,6.441,5.079,0.141,3355.696,5.291,,AD,Passing,
RHNO03_1512,Cheilodactylidae,Cheilodactylus,nigripes,1,291.783,37377001,RHON03_1512_L.avi,19569,6.523,1.317,1.765,1792.478,9.229,,AD,Attracted,
RHNO03_1512,Arripidae,Arripis,georgianus,1,129.122,37344001,RHON03_1512_L.avi,134606,44.8687,1.251,2.164,2195.654,7.437,,AD,Attracted,
RHNO03_1512,Arripidae,Arripis,georgianus,1,149.811,37344001,RHON03_1512_L.avi,134606,44.8687,3.927,2.955,2419.703,7.453,,AD,Attracted,
RHNO03_1512,Arripidae,Arripis,georgianus,1,147.326,37344001,RHON03_1512_L.avi,134620,44.8733,4.731,1.88,2527.806,11.706,,AD,Attracted,
RHNO03_1512,Arripidae,Arripis,georgianus,1,167.241,37344001,RHON03_1512_L.avi,134625,44.875,3.105,0.734,2491.475,19.875,,AD,Attracted,
RHNO03_1512,Arripidae,Arripis,georgianus,1,172.019,37344001,RHON03_1512_L.avi,134625,44.875,3.939,4.123,2489.489,14.604,,AD,Attracted,
RHNO03_1512,Arripidae,Arripis,georgianus,1,175.564,37344001,RHON03_1512_L.avi,134625,44.875,4.799,4.259,2677.177,11.317,,AD,Attracted,
RHNO04_1512,Scorpididae,Tilodon,sexfasciatus,1,133.918,37361003,RHON04_1512_L.avi,69655,23.2183,1.747,0.381,1894.066,10.18,,AD,Passing,
RHNO04_1512,Scorpididae,Scorpis,aequipinnis,1,276.313,37361004,RHON04_1512_L.avi,14885,4.9617,3.773,1.3,2425.738,9.084,,AD,Attracted,
RHNO04_1512,Scorpididae,Scorpis,aequipinnis,1,202.935,37361004,RHON04_1512_L.avi,15481,5.1603,1.905,0.088,1607.315,4.857,,AD,Attracted,
RHNO04_1512,Labridae,Pictilabrus,laticlavius,1,195.101,37384020,RHON04_1512_L.avi,18983,6.3277,4.771,0.729,2488.004,12.101,,M,Passing,
RHNO04_1512,Labridae,Pictilabrus,laticlavius,1,173.951,37384020,RHON04_1512_L.avi,18983,6.3277,6.868,0.306,2670.071,11.751,,M,Passing,
RHNO04_1512,Labridae,Notolabrus,parilus,1,307.255,37384022,RHON04_1512_L.avi,8979,2.993,11.405,2.932,3429.804,13.114,,M,Passing,
RHNO04_1512,Labridae,Notolabrus,tetricus,1,128.671,37384003,RHON04_1512_L.avi,18738,6.246,2.511,0.191,2039.637,14.394,,F,Passing,
RHNO04_1512,Labridae,Notolabrus,tetricus,1,121.394,37384003,RHON04_1512_L.avi,18741,6.247,2.991,0.748,3121.024,13.114,,F,Passing,
RHNO04_1512,Monacanthidae,Meuschenia,hippocrepis,1,114.335,37465004,RHON04_1512_L.avi,185172,61.724,2.28,0.948,2196.281,4.433,,J,Passing,
RHNO04_1512,Kyphosidae,Kyphosus,sydneyanus,1,411.247,37361001,RHON04_1512_L.avi,94009,31.3363,3.905,1.159,3845.834,4.023,,AD,Passing,
RHNO04_1512,Kyphosidae,Kyphosus,sydneyanus,1,318.431,37361001,RHON04_1512_L.avi,94009,31.3363,2.885,4.294,2347.156,15.175,,AD,Passing,
RHNO04_1512,Kyphosidae,Girella,zebra,1,198.889,37361008,RHON04_1512_L.avi,74624,24.8747,3.433,8.491,2709.964,20.336,,AD,Passing,
RHNO04_1512,Kyphosidae,Girella,zebra,1,195.326,37361008,RHON04_1512_L.avi,74652,24.884,4.347,0.221,2662.113,15.021,,AD,Passing,
RHNO04_1512,Cheilodactylidae,Cheilodactylus,nigripes,1,214.862,37377001,RHON04_1512_L.avi,129967,43.3223,4.094,0.679,2451.663,6.774,,AD,Passing,
RHNO04_1512,Labridae,Achoerodus,gouldii,1,295.44,37384002,RHON04_1512_L.avi,183890,61.2967,2.505,0.304,2350.901,14.021,,F,Passing,
RHNO04_1512,Monacanthidae,MONACANTHIDAE,sp,1,101.922,37465903,RHON04_1512_L.avi,185144,61.7147,2.842,0.422,1787.056,16.789,,,Passing,
RHSI01_1512,Carangidae,Trachurus,novaezelandiae,1,185.1,37337003,RHIS01_1512_L.avi,82742,27.5807,3.656,10.581,2417.686,7.469,,AD,Attracted,
RHSI01_1512,Carangidae,Trachurus,novaezelandiae,1,202.481,37337003,RHIS01_1512_L.avi,82742,27.5807,3.007,9.046,2131.674,3.658,,AD,Attracted,
RHSI01_1512,Carangidae,Trachurus,novaezelandiae,1,193.012,37337003,RHIS01_1512_L.avi,82742,27.5807,1.504,11.594,2478.333,0.477,,AD,Attracted,
RHSI01_1512,Carangidae,Trachurus,novaezelandiae,1,169.765,37337003,RHIS01_1512_L.avi,82742,27.5807,1.443,8.806,1684.423,10.262,,AD,Attracted,
RHSI01_1512,Carangidae,Pseudocaranx,sp,1,217.33,37337924,RHIS01_1512_L.avi,84621,28.207,3.837,9.648,2054.579,16.276,,AD,Attracted,
RHSI01_1512,Carangidae,Pseudocaranx,sp,1,244.47,37337924,RHIS01_1512_L.avi,84621,28.207,4.522,11.783,2253.678,8.186,,AD,Attracted,
RHSI01_1512,Carangidae,Pseudocaranx,sp,1,238.97,37337924,RHIS01_1512_L.avi,84621,28.207,3.011,11.625,2408.639,2.434,,AD,Attracted,
RHSI01_1512,Carangidae,Pseudocaranx,sp,1,223.34,37337924,RHIS01_1512_L.avi,84621,28.207,1.923,14.473,2854.278,6.548,,AD,Attracted,
RHSI01_1512,Carangidae,Pseudocaranx,sp,1,260.839,37337924,RHIS01_1512_L.avi,233628,77.876,1.88,9.655,1926.002,11.014,,AD,Attracted,
RHSI01_1512,Carangidae,Pseudocaranx,sp,1,189.591,37337924,RHIS01_1512_L.avi,233628,77.876,1.895,7.865,2179.031,18.735,,AD,Attracted,
RHSI01_1512,Carangidae,Pseudocaranx,sp,1,231.79,37337924,RHIS01_1512_L.avi,233628,77.876,2.465,8.335,2077.407,4.961,,AD,Attracted,
RHSI01_1512,Carangidae,Pseudocaranx,sp,1,221.451,37337924,RHIS01_1512_L.avi,233628,77.876,3.451,7.825,1989.676,15.586,,AD,Attracted,
RHSI01_1512,Carangidae,Pseudocaranx,sp,1,192.69,37337924,RHIS01_1512_L.avi,233628,77.876,2.298,7.686,1903.617,8.305,,AD,Attracted,
RHSI01_1512,Carangidae,Pseudocaranx,sp,1,226.584,37337924,RHIS01_1512_L.avi,233628,77.876,4.422,9.196,2090.422,3.351,,AD,Attracted,
RHSI01_1512,Carangidae,Pseudocaranx,sp,1,263.212,37337924,RHIS01_1512_L.avi,233628,77.876,3.533,7.4,1872.413,14.056,,AD,Attracted,
RHSI01_1512,Carangidae,Pseudocaranx,sp,1,292.951,37337924,RHIS01_1512_L.avi,233628,77.876,4.484,8.56,1859.514,4.502,,AD,Attracted,
RHSI01_1512,Carangidae,Pseudocaranx,sp,1,222.715,37337924,RHIS01_1512_L.avi,233628,77.876,5.16,10.812,2027.68,7.134,,AD,Attracted,
RHSI01_1512,Carangidae,Pseudocaranx,sp,1,230.505,37337924,RHIS01_1512_L.avi,233628,77.876,4.18,7.849,1855.733,14.404,,AD,Attracted,
RHSI01_1512,Carangidae,Pseudocaranx,sp,1,219.349,37337924,RHIS01_1512_L.avi,233628,77.876,4.25,8.797,1956.366,14.456,,AD,Attracted,
RHSI01_1512,Carangidae,Pseudocaranx,sp,1,247.113,37337924,RHIS01_1512_L.avi,233628,77.876,4.284,8.315,2030.509,15.335,,AD,Attracted,
RHSI01_1512,Sparidae,Pagrus,auratus,1,195.476,37353001,RHIS01_1512_L.avi,133432,44.4773,1.352,10.023,1936.811,1.564,,AD,Attracted,
RHSI01_1512,Sparidae,Pagrus,auratus,1,216.377,37353001,RHIS01_1512_L.avi,133432,44.4773,1.86,7.831,1682.152,8.752,,AD,Attracted,
RHSI01_1512,Sparidae,Pagrus,auratus,1,217.512,37353001,RHIS01_1512_L.avi,133432,44.4773,0.986,5.922,1579.277,3.961,,AD,Attracted,
RHSI01_1512,Labridae,Notolabrus,parilus,1,295.783,37384022,RHIS01_1512_L.avi,201648,67.216,3.537,12.641,2445.513,19.757,,F,Passing,
RHSI01_1512,Labridae,Notolabrus,tetricus,1,216.084,37384003,RHIS01_1512_L.avi,182798,60.9327,2.632,3.971,1956.927,17.69,,F,Attracted,
RHSI01_1512,Neosebastidae,Neosebastes,scorpaenoides,1,320.515,37287005,RHIS01_1512_L.avi,239324,79.7747,3.785,11.983,2095.288,8.461,,AD,Attracted,
RHSI01_1512,Labridae,Austrolabrus,maculatus,1,121.31,37384025,RHIS01_1512_L.avi,144337,48.1123,1.878,7.89,2168.7,10.316,,AD,Passing,
RHSI01_1512,Labridae,Austrolabrus,maculatus,1,111.718,37384025,RHIS01_1512_L.avi,157686,52.562,2.812,6.436,2011.408,17.203,,AD,Attracted,
RHSI02_1512,Monacanthidae,Thamnaconus,degeni,1,155.728,37465037,RHIS02_1512_L.avi,140796,46.932,1.257,3.593,1157.142,6.692,,AD,Feeding,
RHSI02_1512,Carangidae,Pseudocaranx,sp,1,99.716,37337924,RHIS02_1512_L.avi,161475,53.825,1.051,0.205,1196.209,15.598,,J,Passing,
RHSI02_1512,Heterodontidae,Heterodontus,portusjacksoni,1,711.855,37007001,RHIS02_1512_L.avi,240019,80.0063,1.256,14.725,1565.319,15.512,,AD,Attracted,
RHSI03_1512,Mullidae,Upeneichthys,vlamingii,1,124.518,37355029,RHIS03_1512_L.avi,23469,7.823,7.191,1.987,2342.113,15.896,,AD,Passing,
RHSI03_1512,Carangidae,Trachurus,novaezelandiae,1,197.917,37337003,RHIS03_1512_L.avi,78431,26.1437,5.227,0.904,2044.735,24.823,,AD,Passing,
RHSI03_1512,Carangidae,Trachurus,novaezelandiae,1,184.854,37337003,RHIS03_1512_L.avi,78431,26.1437,2.339,1.826,1990.814,10.354,,AD,Passing,
RHSI03_1512,Carangidae,Trachurus,novaezelandiae,1,179.434,37337003,RHIS03_1512_L.avi,78431,26.1437,2.129,2.976,2119.824,16.077,,AD,Passing,
RHSI03_1512,Carangidae,Trachurus,novaezelandiae,1,173.638,37337003,RHIS03_1512_L.avi,78431,26.1437,3.647,5.502,2564.254,20.841,,AD,Passing,
RHSI03_1512,Carangidae,Trachurus,novaezelandiae,1,189.627,37337003,RHIS03_1512_L.avi,78445,26.1483,5.762,4.275,2229.122,27.286,,AD,Passing,
RHSI03_1512,Carangidae,Pseudocaranx,sp,1,255.696,37337924,RHIS03_1512_L.avi,52110,17.37,2.916,2.47,1707.524,15.782,,AD,Passing,
RHSI03_1512,Carangidae,Pseudocaranx,sp,1,253.539,37337924,RHIS03_1512_L.avi,52110,17.37,5.836,3.278,2247.236,26.369,,AD,Passing,
RHSI03_1512,Carangidae,Pseudocaranx,sp,1,255.531,37337924,RHIS03_1512_L.avi,52110,17.37,2.019,1.648,1837.72,12.376,,AD,Passing,
RHSI03_1512,Carangidae,Pseudocaranx,sp,1,275.62,37337924,RHIS03_1512_L.avi,52155,17.385,2.032,1.995,1974.419,11.371,,AD,Passing,
RHSI03_1512,Gerreidae,Parequula,melbournensis,1,142.135,37349001,RHIS03_1512_L.avi,59638,19.8793,2.541,3.924,1445.971,31.287,,AD,Attracted,
RHSI03_1512,Gerreidae,Parequula,melbournensis,1,147.698,37349001,RHIS03_1512_L.avi,59876,19.9587,2.301,0.771,1768.497,7.121,,AD,Attracted,
RHSI03_1512,Gerreidae,Parequula,melbournensis,1,137.297,37349001,RHIS03_1512_L.avi,60932,20.3107,1.763,0.846,1344.778,23.912,,AD,Attracted,
RHSI03_1512,Labridae,Austrolabrus,maculatus,1,103.852,37384025,RHIS03_1512_L.avi,17478,5.826,2.391,0.735,1589.188,30.872,,AD,Passing,
RHSI03_1512,Ostraciidae,Aracana,ornata,1,113.221,37466001,RHIS03_1512_L.avi,132716,44.2387,2.561,0.258,1338.533,27.507,,M,Passing,
RHSI03_1512,Neosebastidae,NEOSEBASTIDAE,sp,1,301.08,37287947,RHIS03_1512_L.avi,32910,10.97,7.771,0.216,2620.415,16.751,,AD,Passing,
RHSI04_1512,Labridae,Notolabrus,parilus,1,285.743,37384022,RHIS04_1512_L.avi,22617,7.539,6.401,4.919,2189.969,4.669,,F,Passing,
RHSI04_1512,Ostraciidae,Aracana,aurita,1,94.362,37466003,RHIS04_1512_L.avi,112574,37.5247,2.861,6.733,1486.514,18.881,,F,Passing,
RHSO01_1512,Sphyraenidae,Sphyraena,novaehollandiae,1,447.657,37382002,RHOS01_1512_L.avi,16956,5.652,8.57,11.135,3125.421,18.63,,AD,Passing,
RHSO01_1512,Labridae,Pictilabrus,laticlavius,1,151.949,37384020,RHOS01_1512_L.avi,18281,6.0937,1.59,0.593,1488.65,20.493,,F,Attracted,
RHSO01_1512,Labridae,Pictilabrus,laticlavius,1,194.421,37384020,RHOS01_1512_L.avi,18281,6.0937,1.722,0.096,1853.705,18.412,,M,Attracted,
RHSO01_1512,Labridae,Pictilabrus,laticlavius,1,204.261,37384020,RHOS01_1512_L.avi,18330,6.11,2.348,2.117,1642.113,11.655,,M,Attracted,
RHSO01_1512,Labridae,Pictilabrus,laticlavius,1,220.981,37384020,RHOS01_1512_L.avi,19097,6.3657,2.119,2.24,1625.163,4.133,,M,Feeding,
RHSO01_1512,Labridae,Pictilabrus,laticlavius,1,213.334,37384020,RHOS01_1512_L.avi,19119,6.373,2.934,1.006,1708.237,9.882,,M,Attracted,
RHSO01_1512,Labridae,Pictilabrus,laticlavius,1,205.483,37384020,RHOS01_1512_L.avi,19302,6.434,1.744,2.236,1444.448,1.865,,M,Feeding,
RHSO01_1512,Parascylliidae,Parascyllium,ferrugineum,1,366.64,37013005,RHOS01_1512_L.avi,75071,25.0237,0.889,1.033,1331.085,16.935,,AD,Attracted,
RHSO01_1512,Labridae,Ophthalmolepis,lineolatus,1,138.228,37384040,RHOS01_1512_L.avi,18928,6.3093,0.954,1.171,1142.977,18.239,,AD,Attracted,
RHSO01_1512,Labridae,Ophthalmolepis,lineolatus,1,170.025,37384040,RHOS01_1512_L.avi,18968,6.3227,1.49,2.307,1514.475,19.883,,AD,Attracted,
RHSO01_1512,Labridae,Notolabrus,parilus,1,235.444,37384022,RHOS01_1512_L.avi,45460,15.1533,1.463,0.635,1772.877,11.854,,F,Attracted,
RHSO01_1512,Labridae,Notolabrus,parilus,1,379.822,37384022,RHOS01_1512_L.avi,121811,40.6037,1.311,0.922,1713.192,15.905,,M,Attracted,
RHSO01_1512,Labridae,Notolabrus,tetricus,1,248.332,37384003,RHOS01_1512_L.avi,62519,20.8397,3.559,4.575,2182.012,17.594,,F,Attracted,
RHSO01_1512,Labridae,Notolabrus,tetricus,1,227.31,37384003,RHOS01_1512_L.avi,62619,20.873,1.984,0.855,1595.267,13.492,,F,Attracted,
RHSO01_1512,Labridae,Notolabrus,tetricus,1,227.991,37384003,RHOS01_1512_L.avi,62675,20.8917,2.234,1.577,1621.726,3.532,,F,Attracted,
RHSO01_1512,Labridae,Notolabrus,tetricus,1,249.098,37384003,RHOS01_1512_L.avi,62698,20.8993,1.197,1.466,1673.222,3.204,,F,Attracted,
RHSO01_1512,Labridae,Notolabrus,tetricus,1,197.711,37384003,RHOS01_1512_L.avi,62698,20.8993,0.769,0.516,975.54,15.626,,F,Attracted,
RHSO01_1512,Labridae,Notolabrus,tetricus,1,402.759,37384003,RHOS01_1512_L.avi,79872,26.624,1.36,4.162,1858.691,12.576,,M,Attracted,
RHSO01_1512,Monacanthidae,Meuschenia,galii,1,191.961,37465040,RHOS01_1512_L.avi,139128,46.376,1.033,0.905,1760.743,3.179,,AD,Attracted,
RHSO01_1512,Monacanthidae,Meuschenia,galii,1,190.136,37465040,RHOS01_1512_L.avi,139196,46.3987,0.679,2.439,1251.611,1.303,,AD,Attracted,
RHSO01_1512,Monacanthidae,Meuschenia,hippocrepis,1,212.946,37465004,RHOS01_1512_L.avi,80060,26.6867,1.06,1.832,1395.694,17.034,,J,Attracted,
RHSO01_1512,Odacidae,Heteroscarus,acroptilus,1,161.833,37385010,RHOS01_1512_L.avi,145963,48.6543,1.101,0.36,1761.246,9.548,,M,Attracted,
RHSO01_1512,Dasyatidae,Dasyatis,brevicaudata,1,840.746,37035001,RHOS01_1512_L.avi,103695,34.565,1.093,0.41,1411.206,4.867,,AD,Feeding,
RHSO01_1512,Ostraciidae,Aracana,sp,1,165.219,37466903,RHOS01_1512_L.avi,94418,31.4727,4.957,6.663,2596.472,13.023,,AD,Passing,
RHSO02_1512,Labridae,Pictilabrus,laticlavius,1,167.99,37384020,RHOS02_1512_L.avi,27397,9.1323,3.422,6.633,2388.169,7.09,Very strong current,F,Attracted,
RHSO02_1512,Labridae,Pictilabrus,laticlavius,1,174.75,37384020,RHOS02_1512_L.avi,27427,9.1423,4.705,11.896,3437.929,16.228,Very strong current,F,Passing,
RHSO02_1512,Labridae,Pictilabrus,laticlavius,1,204.454,37384020,RHOS02_1512_L.avi,32968,10.9893,1.367,1.353,1773.283,18.148,Very strong current,M,Attracted,
RHSO02_1512,Labridae,Ophthalmolepis,lineolatus,1,124.31,37384040,RHOS02_1512_L.avi,121964,40.6547,0.72,3.994,1197.414,5.935,Very strong current,AD,Attracted,
RHSO02_1512,Labridae,Ophthalmolepis,lineolatus,1,146.1,37384040,RHOS02_1512_L.avi,121964,40.6547,1.014,2.383,1661.491,5.185,Very strong current,AD,Attracted,
RHSO02_1512,Labridae,Notolabrus,parilus,1,307.708,37384022,RHOS02_1512_L.avi,169047,56.349,8.336,4.871,2868.612,13.418,Very strong current,F,Attracted,
RHSO02_1512,Labridae,Notolabrus,parilus,1,302.584,37384022,RHOS02_1512_L.avi,169445,56.4817,1.807,1.781,2422.735,8.454,Very strong current,F,Attracted,
RHSO02_1512,Labridae,Notolabrus,tetricus,1,204.836,37384003,RHOS02_1512_L.avi,61763,20.5877,4.577,2.162,2219.576,9.906,Very strong current,F,Attracted,
RHSO02_1512,Labridae,Notolabrus,tetricus,1,220.572,37384003,RHOS02_1512_L.avi,61856,20.6187,1.612,1.049,1595.529,18.068,Very strong current,F,Attracted,
RHSO02_1512,Labridae,Notolabrus,tetricus,1,211.933,37384003,RHOS02_1512_L.avi,61892,20.6307,6.169,15.07,2679.736,7.993,Very strong current,F,Attracted,
RHSO02_1512,Labridae,Notolabrus,tetricus,1,134.263,37384003,RHOS02_1512_L.avi,61896,20.632,7.296,6.459,2664.268,19.919,Very strong current,F,Attracted,
RHSO02_1512,Monacanthidae,Meuschenia,galii,1,254.204,37465040,RHOS02_1512_L.avi,99463,33.1543,2.884,1.264,2458.034,9.425,Very strong current,AD,Attracted,
RHSO02_1512,Monacanthidae,Meuschenia,hippocrepis,1,184.503,37465004,RHOS02_1512_L.avi,52866,17.622,2.469,1.679,1975.712,19.801,Very strong current,J,Attracted,
RHSO02_1512,Labridae,Austrolabrus,maculatus,1,111.407,37384025,RHOS02_1512_L.avi,12805,4.2683,4.364,4.472,2461.978,12.527,Very strong current,AD,Attracted,
RHSO03_1512,Labridae,Pictilabrus,laticlavius,1,166.931,37384020,RHOS03_1512_L.avi,28211,9.4037,2.629,0.383,2356.947,19.105,,M,Passing,
RHSO03_1512,Labridae,Pictilabrus,laticlavius,1,197.173,37384020,RHOS03_1512_L.avi,28239,9.413,1.4,0.279,1996.372,7.449,,M,Attracted,
RHSO03_1512,Labridae,Pictilabrus,laticlavius,1,185.134,37384020,RHOS03_1512_L.avi,28242,9.414,5.105,0.817,2251.463,16.157,,M,Attracted,
RHSO03_1512,Labridae,Pictilabrus,laticlavius,1,147.611,37384020,RHOS03_1512_L.avi,28242,9.414,1.789,0.275,1654.521,20.361,,F,Attracted,
RHSO03_1512,Labridae,Ophthalmolepis,lineolatus,1,149.411,37384040,RHOS03_1512_L.avi,51320,17.1067,1.768,2.205,1851.386,14.276,,AD,Attracted,
RHSO03_1512,Labridae,Ophthalmolepis,lineolatus,1,137.691,37384040,RHOS03_1512_L.avi,51404,17.1347,1.373,2.092,1637.708,21.882,,AD,Attracted,
RHSO03_1512,Labridae,Notolabrus,parilus,1,248.639,37384022,RHOS03_1512_L.avi,75728,25.2427,3.017,1.465,2210.288,11.787,,F,Attracted,
RHSO03_1512,Labridae,Notolabrus,parilus,1,286.577,37384022,RHOS03_1512_L.avi,75728,25.2427,0.987,1.297,1725.28,3.283,,F,Attracted,
RHSO03_1512,Labridae,Notolabrus,parilus,1,423.98,37384022,RHOS03_1512_L.avi,107923,35.9743,1.587,6.485,2342.522,8.926,,M,Attracted,
RHSO03_1512,Labridae,Notolabrus,tetricus,1,233.893,37384003,RHOS03_1512_L.avi,87003,29.001,1.991,2.612,2182.172,17.807,,F,Attracted,
RHSO03_1512,Labridae,Notolabrus,tetricus,1,219.663,37384003,RHOS03_1512_L.avi,87045,29.015,0.829,0.32,1482.062,4.204,,F,Attracted,
RHSO03_1512,Labridae,Notolabrus,tetricus,1,274.943,37384003,RHOS03_1512_L.avi,87237,29.079,9.025,0.556,3609.297,12.919,,F,Passing,
RHSO03_1512,Labridae,Notolabrus,tetricus,1,386.414,37384003,RHOS03_1512_L.avi,103542,34.514,1.135,1.75,1935.655,3.99,,M,Attracted,
RHSO03_1512,Monacanthidae,Meuschenia,galii,1,201.478,37465040,RHOS03_1512_L.avi,43712,14.5707,3.1,0.937,2272.619,10.911,,AD,Passing,
RHSO03_1512,Odacidae,Heteroscarus,acroptilus,1,97.877,37385010,RHOS03_1512_L.avi,58854,19.618,2.796,0.671,2959.745,12.833,,AD,Passing,
RHSO03_1512,Odacidae,Heteroscarus,acroptilus,1,147.574,37385010,RHOS03_1512_L.avi,58870,19.6233,9.527,1.32,2943.444,13.758,,AD,Passing,
RHSO03_1512,Monacanthidae,Acanthaluteres,brownii,1,344.595,37465001,RHOS03_1512_L.avi,111027,37.009,2.629,5.638,2781.032,15.162,,AD,Passing,
RHSO04_1512,Mullidae,Upeneichthys,vlamingii,1,185.852,37355029,RHOS04_1512_L.avi,128243,42.7477,4.401,0.397,2432.245,19.547,,AD,Passing,
RHSO04_1512,Labridae,Pictilabrus,laticlavius,1,189.417,37384020,RHOS04_1512_L.avi,13199,4.3997,2.446,0.354,1928.77,3.008,,M,Attracted,
RHSO04_1512,Labridae,Notolabrus,parilus,1,386.302,37384022,RHOS04_1512_L.avi,24582,8.194,2.112,0.379,1853.714,2.162,,M,Attracted,
RHSO04_1512,Labridae,Notolabrus,parilus,1,354.423,37384022,RHOS04_1512_L.avi,35485,11.8283,3.768,1.585,2586.779,6.915,,F,Passing,
RHSO04_1512,Labridae,Notolabrus,tetricus,1,219.119,37384003,RHOS04_1512_L.avi,93627,31.209,3.862,0.538,3025.253,5.73,,F,Passing,
RHSO04_1512,Labridae,Notolabrus,tetricus,1,247.955,37384003,RHOS04_1512_L.avi,93986,31.3287,1.762,0.808,1808.195,7.782,,F,Attracted,
RHSO04_1512,Labridae,Austrolabrus,maculatus,1,132.312,37384025,RHOS04_1512_L.avi,14719,4.9063,1.105,0.775,1886.79,9.279,,AD,Attracted,
BSCI02_1605,Apogonidae,Siphamia,cephalotes,1,37.85,37327032,BSCI02_1605_L.avi,16759,5.5863,0.983,2.432,1196.789,3.667,,AD,Passing,
BSCO02_1605,Apogonidae,Siphamia,cephalotes,1,35.674,37327032,BSCO02_1605_L.avi,15315,5.105,0.722,2.922,1143.928,14.99,,AD,Passing,
BSCO02_1605,Apogonidae,Siphamia,cephalotes,1,33.196,37327032,BSCO02_1605_L.avi,15315,5.105,0.806,3.046,1312.62,3.948,,AD,Passing,
BSCO02_1605,Apogonidae,Siphamia,cephalotes,1,34.65,37327032,BSCO02_1605_L.avi,15315,5.105,2.506,4.465,1612.375,4.129,,AD,Passing,
BSCO02_1605,Apogonidae,Siphamia,cephalotes,1,32.547,37327032,BSCO02_1605_L.avi,15315,5.105,1.949,6.057,1609.635,5.408,,AD,Passing,
BSCO02_1605,Apogonidae,Siphamia,cephalotes,1,35.833,37327032,BSCO02_1605_L.avi,15315,5.105,2.945,2.791,1866.815,6.251,,AD,Passing,
BSEI01_1605,Apogonidae,Siphamia,cephalotes,1,38.03,37327032,BSEI01_1605_L.avi,31487,10.4957,1.104,2.272,1047.243,15.599,,AD,Passing,
BSEI02_1605,Apogonidae,Siphamia,cephalotes,1,28.031,37327032,BSEI02_1605_L.avi,32060,10.6867,0.574,4.717,969.747,18.028,,AD,Passing,
BSWO03_1605,Apogonidae,Vincentia,conspersa,1,67.292,37327033,BSWO03_1605_L.avi,56637,18.879,1.762,2.808,1634.561,14.094,,AD,Passing,
WCNO01_1605,Apogonidae,Vincentia,conspersa,1,79.968,37327033,WCNO01_1605_L.avi,124588,41.5293,2.024,0.525,1749.64,10.466,,AD,Passing,
BSCI02_1605,Arripidae,Arripis,georgianus,1,130.982,37344001,BSCI02_1605_L.avi,161496,53.832,0.707,1.417,1161.596,7.849,,AD,Passing,
BSCO04_1605,Arripidae,Arripis,georgianus,1,130.987,37344001,BSCO04_1605_L.avi,99298,33.0993,3.143,1.98,2043.326,19.319,,AD,Passing,
BSEI02_1605,Arripidae,Arripis,georgianus,1,193.843,37344001,BSEI02_1605_L.avi,129609,43.203,0.861,9.03,1316.905,12.941,,AD,Passing,
BSWI04_1605,Arripidae,Arripis,truttaceus,1,312.322,37344004,BSWI04_1605_L.avi,60264,20.088,1.05,4.185,1812.806,5.039,,AD,Passing,NEEDS ID checked
BSWI04_1605,Dinolestidae,Dinolestes,lewini,1,368.377,37327002,BSWI04_1605_L.avi,159869,53.2897,2.948,2.885,2121.232,11.699,,AD,Passing,
BSCI01_1605,Gempylidae,Thyrsites,atun,1,390.866,37439001,BSCI01_1605_L.avi,63535,21.1783,2.412,4.754,2171.798,14.224,,AD,Passing,
BSCO01_1605,Gempylidae,Thyrsites,atun,1,378.041,37439001,BSCO01_1605_L.avi,135508,45.1693,6.712,5.274,3195.837,8.36,,AD,Passing,
BSEI01_1605,Gerreidae,Parequula,melbournensis,1,103.481,37349001,BSEI01_1605_L.avi,37799,12.5997,1.024,0.34,1147.313,17.225,,AD,Passing,
BSWI04_1605,Hemiramphidae,Hyporhamphus,melanochir,1,199.504,37234001,BSWI03_1605_L.avi,69260,23.0867,1.548,2.006,1750.164,11.492,,AD,Passing,
BSWI04_1605,Hemiramphidae,Hyporhamphus,melanochir,1,244.093,37234001,BSWI03_1605_L.avi,69317,23.1057,1.266,0.846,1453.543,13.156,,AD,Passing,
BSWI04_1605,Hemiramphidae,Hyporhamphus,melanochir,1,215.888,37234001,BSWI03_1605_L.avi,69528,23.176,2.122,1.182,1502.739,15.259,,AD,Passing,
WCCO01_1605,Hemiramphidae,Hyporhamphus,melanochir,1,263.335,37234001,WCCO01_1605_L.avi,17649,5.883,18.974,8.468,3897.994,14.904,,AD,Passing,
WCCO04_1605,Loliginidae,Sepioteuthis,australis,1,275.387,23617005,WCCO04_1605_L.avi,84826,28.2753,6.912,2.084,2291.861,4.169,,AD,Attracted,
WCNO03_1605,Loliginidae,Sepioteuthis,australis,1,132.758,23617005,WCNO03_1605_L.avi,126690,42.23,3.699,4.525,3328.159,11.488,,AD,Passing,
WCSO01_1605,Loliginidae,Sepioteuthis,australis,1,150.988,23617005,WCSO01_1605_L.avi,25553,8.5177,11.564,2.127,3290.876,14.291,,AD,Passing,
WCSO03_1605,Loliginidae,Sepioteuthis,australis,1,206.152,23617005,WCSO03_1605_L.avi,120287,40.0957,2.266,1.351,1718.267,9.637,,AD,Attracted,
BSEO01_1605,Monacanthidae,Acanthaluteres,brownii,1,244.765,37465001,BSEO01_1605_L.avi,32809,10.9363,7.773,2.395,2857.229,22.838,,AD,Passing,
BSEO01_1605,Monacanthidae,Acanthaluteres,brownii,1,167.521,37465001,BSEO01_1605_L.avi,32809,10.9363,0.861,15.266,1406.762,14.581,,AD,Passing,
BSEO01_1605,Monacanthidae,Acanthaluteres,brownii,1,145.722,37465001,BSEO01_1605_L.avi,32809,10.9363,1.574,0.978,1739.826,14.982,,AD,Passing,
BSEO01_1605,Monacanthidae,Acanthaluteres,brownii,1,186.22,37465001,BSEO01_1605_L.avi,32855,10.9517,1.497,8.856,1155.285,15.411,,AD,Passing,
BSEO01_1605,Monacanthidae,Acanthaluteres,brownii,1,209.011,37465001,BSEO01_1605_L.avi,32965,10.9883,1.057,4.071,1060.435,11.89,,AD,Passing,
BSEO01_1605,Monacanthidae,Acanthaluteres,brownii,1,225.121,37465001,BSEO01_1605_L.avi,33043,11.0143,1.2,7.892,1161.865,15.887,,AD,Passing,
BSEO01_1605,Monacanthidae,Acanthaluteres,brownii,1,167.231,37465001,BSEO01_1605_L.avi,33080,11.0267,0.797,3.716,1178.955,12.111,,AD,Passing,
BSEO01_1605,Monacanthidae,Acanthaluteres,brownii,1,178.277,37465001,BSEO01_1605_L.avi,33223,11.0743,1.208,2.949,1317.861,13.75,,AD,Passing,
BSEO03_1605,Monacanthidae,Meuschenia,freycineti,1,88.041,37465036,BSEO03_1605_L.avi,132397,44.1323,0.985,0.697,1195.422,5.894,,AD,Passing,
BSEO04_1605,Monacanthidae,Meuschenia,freycineti,1,87.758,37465036,BSEO04_1605_L.avi,161827,53.9423,1.814,1.64,1645.908,20.65,,AD,Passing,
BSEO04_1605,Monacanthidae,Meuschenia,freycineti,1,49.537,37465036,BSEO04_1605_L.avi,162978,54.326,1.824,0.952,1425.243,21.112,,AD,Passing,
BSWI04_1605,Monacanthidae,Meuschenia,freycineti,1,179.382,37465036,BSWI03_1605_L.avi,166327,55.4423,1.244,0.234,1345.702,9.491,,AD,Passing,
WCNO01_1605,Monacanthidae,Meuschenia,freycineti,1,124.412,37465036,WCNO01_1605_L.avi,143187,47.729,1.51,0.664,2015.437,8.109,,J,Attracted,
BSCO02_1605,Monacanthidae,Scobinichthys,granulatus,1,43.436,37465007,BSCO02_1605_L.avi,68933,22.9777,0.944,5.13,1178.07,13.607,,AD,Passing,
BSEO01_1605,Monacanthidae,Scobinichthys,granulatus,1,35.806,37465007,BSEO01_1605_L.avi,178145,59.3817,0.414,1.026,777.173,5.533,,AD,Passing,
BSCO02_1605,Monacanthidae,Eubalichthys,gunnii,1,60.574,37465034,BSCO02_1605_L.avi,150684,50.228,0.727,1.104,1359.051,7.536,,AD,Passing,
BSEO02_1605,Monacanthidae,Eubalichthys,gunnii,1,53.365,37465034,BSEO02_1605_L.avi,123775,41.2583,1.453,1.635,1334.727,9.165,,J,Feeding,
BSEO02_1605,Monacanthidae,Brachaluteres,jacksonianus,1,23.944,37465025,BSEO02_1605_L.avi,28695,9.565,0.788,1.884,1325.387,11.878,,AD,Attracted,
WCSO01_1605,Monacanthidae,Brachaluteres,jacksonianus,1,34.219,37465025,WCSO01_1605_L.avi,101847,33.949,1.773,0.612,1578.853,12.237,,AD,Passing,
BSCI01_1605,Monacanthidae,Acanthaluteres,spilomelanurus,1,128.606,37465043,BSCI01_1605_L.avi,109194,36.398,1.843,2.593,1908.821,18.108,,AD,Passing,
BSCI01_1605,Monacanthidae,Acanthaluteres,spilomelanurus,1,111.482,37465043,BSCI01_1605_L.avi,109194,36.398,1.664,1.74,1847.718,3.729,,AD,Passing,
BSCI01_1605,Monacanthidae,Acanthaluteres,spilomelanurus,1,118.072,37465043,BSCI01_1605_L.avi,109204,36.4013,4.397,4.756,1953.474,12.152,,AD,Passing,
BSCI01_1605,Monacanthidae,Acanthaluteres,spilomelanurus,1,83.591,37465043,BSCI01_1605_L.avi,109260,36.42,0.901,1.749,1669.875,4.373,,AD,Passing,
BSCI01_1605,Monacanthidae,Acanthaluteres,spilomelanurus,1,131.977,37465043,BSCI01_1605_L.avi,109260,36.42,2.079,4.123,1999.547,12.269,,AD,Passing,
BSEO01_1605,Monacanthidae,Acanthaluteres,spilomelanurus,1,49.513,37465043,BSEO01_1605_L.avi,93846,31.282,0.868,0.167,1226.903,12.357,,AD,Passing,
BSEO01_1605,Monacanthidae,Acanthaluteres,spilomelanurus,1,44.509,37465043,BSEO01_1605_L.avi,93940,31.3133,0.824,1.272,1209.36,14.71,,AD,Passing,
BSEO01_1605,Monacanthidae,Acanthaluteres,spilomelanurus,1,54.619,37465043,BSEO01_1605_L.avi,94050,31.35,1.12,3.094,1383.11,14.82,,AD,Passing,
BSWO03_1605,Monacanthidae,Acanthaluteres,spilomelanurus,1,88.485,37465043,BSWO03_1605_L.avi,85847,28.6157,0.629,1.813,1089.54,13.146,,AD,Passing,
BSCO01_1605,Monacanthidae,Acanthaluteres,vittiger,1,80.375,37465002,BSCO01_1605_L.avi,50172,16.724,1.582,1.892,1819.261,18.938,,AD,Passing,
BSCO01_1605,Monacanthidae,Acanthaluteres,vittiger,1,60.1,37465002,BSCO01_1605_L.avi,50400,16.8,0.898,2.514,1172.318,3.005,,AD,Passing,
BSCO04_1605,Monacanthidae,Acanthaluteres,vittiger,1,49.673,37465002,BSCO04_1605_L.avi,80315,26.7717,0.653,1.181,1267.25,6.282,,AD,Passing,
BSCO04_1605,Monacanthidae,Acanthaluteres,vittiger,1,78.101,37465002,BSCO04_1605_L.avi,80315,26.7717,0.815,0.285,1354.385,10.769,,AD,Passing,
BSCO04_1605,Monacanthidae,Acanthaluteres,vittiger,1,83.77,37465002,BSCO04_1605_L.avi,80315,26.7717,1.355,1.778,1294.998,14.502,,AD,Passing,
BSCO02_1605,Mullidae,Upeneichthys,vlamingii,1,215.693,37355029,BSCO02_1605_L.avi,101586,33.862,11.352,3.692,3063.288,22.055,,AD,Passing,
BSWO03_1605,Odacidae,Siphonognathus,attenuatus,1,99.336,37385004,BSWO03_1605_L.avi,77594,25.8647,0.716,1.461,1114.464,16.257,,AD,Passing,
BSCI01_1605,Odacidae,Neoodax,balteatus,1,112.963,37385005,BSCI01_1605_L.avi,48248,16.0827,1.021,2.943,1186.344,21.783,,AD,Passing,
BSCI01_1605,Odacidae,Neoodax,balteatus,1,119.466,37385005,BSCI01_1605_L.avi,48248,16.0827,0.621,0.257,1163.419,4.985,,AD,Passing,
BSCI01_1605,Odacidae,Neoodax,balteatus,1,114.905,37385005,BSCI01_1605_L.avi,48573,16.191,1.136,2.716,1604.935,7.18,,AD,Passing,
BSCI01_1605,Odacidae,Neoodax,balteatus,1,98.823,37385005,BSCI01_1605_L.avi,48818,16.2727,1.631,1.269,1499.293,7.689,,AD,Passing,
BSCI02_1605,Odacidae,Neoodax,balteatus,1,126.352,37385005,BSCI02_1605_L.avi,99927,33.309,1.873,2.947,1280.413,14.772,,AD,Passing,
BSCI02_1605,Odacidae,Neoodax,balteatus,1,76.842,37385005,BSCI02_1605_L.avi,99927,33.309,1.314,2.381,1516.259,10.833,,AD,Passing,
BSCI02_1605,Odacidae,Neoodax,balteatus,1,69.36,37385005,BSCI02_1605_L.avi,99965,33.3217,1.802,0.159,1270.829,10.202,,AD,Passing,
BSCI02_1605,Odacidae,Neoodax,balteatus,1,83.848,37385005,BSCI02_1605_L.avi,99965,33.3217,0.808,3.388,1395.64,11.623,,AD,Passing,
BSCI04_1605,Odacidae,Neoodax,balteatus,1,105.012,37385005,BSCI04_1605_L.avi,80860,26.9533,0.989,9.237,1716.175,10.292,,AD,Passing,MEASURE
BSCI04_1605,Odacidae,Neoodax,balteatus,1,93.623,37385005,BSCI04_1605_L.avi,138188,46.0627,0.811,11.877,1017.319,11.071,,AD,Passing,MEASURE
BSCI04_1605,Odacidae,Neoodax,balteatus,1,96.796,37385005,BSCI04_1605_L.avi,188009,62.6697,0.865,12.112,1406.154,4.055,,AD,Passing,
BSCI04_1605,Odacidae,Neoodax,balteatus,1,126.732,37385005,BSCI04_1605_L.avi,188009,62.6697,1.636,18.885,1132.363,11.051,,AD,Passing,
BSCO01_1605,Odacidae,Neoodax,balteatus,1,123.029,37385005,BSCO01_1605_L.avi,57441,19.147,1.803,3.238,1453.517,5.149,,AD,Passing,
BSCO01_1605,Odacidae,Neoodax,balteatus,1,111.014,37385005,BSCO01_1605_L.avi,57917,19.3057,1.172,1.219,1519.519,18.835,,AD,Passing,
BSCO01_1605,Odacidae,Neoodax,balteatus,1,67.242,37385005,BSCO01_1605_L.avi,58037,19.3457,0.837,1.454,1561.57,10.541,,AD,Passing,
BSCO01_1605,Odacidae,Neoodax,balteatus,1,53.206,37385005,BSCO01_1605_L.avi,58037,19.3457,1.734,1.103,1680.574,11.281,,AD,Passing,
BSCO01_1605,Odacidae,Neoodax,balteatus,1,73.29,37385005,BSCO01_1605_L.avi,58280,19.4267,2.302,1.643,1350.508,4.649,,AD,Passing,
BSCO02_1605,Odacidae,Neoodax,balteatus,1,110.834,37385005,BSCO02_1605_L.avi,41179,13.7263,1.435,1.049,1663.025,23.284,,AD,Passing,
BSCO02_1605,Odacidae,Neoodax,balteatus,1,63.665,37385005,BSCO02_1605_L.avi,41191,13.7303,1.693,2.244,1380.954,16.063,,AD,Passing,
BSCO02_1605,Odacidae,Neoodax,balteatus,1,82.463,37385005,BSCO02_1605_L.avi,41193,13.731,1.282,1.405,1303.738,13.208,,AD,Passing,
BSCO02_1605,Odacidae,Neoodax,balteatus,1,117.708,37385005,BSCO02_1605_L.avi,41216,13.7387,1.601,6.234,1911.462,19.125,,AD,Passing,
BSCO02_1605,Odacidae,Neoodax,balteatus,1,105.846,37385005,BSCO02_1605_L.avi,41224,13.7413,3.376,2.6,1717.788,23.286,,AD,Passing,
BSCO03_1605,Odacidae,Neoodax,balteatus,1,96.786,37385005,BSCO03_1605_L.avi,130439,43.4797,0.838,3.705,1402.757,14.843,,AD,Passing,
BSCO03_1605,Odacidae,Neoodax,balteatus,1,96.711,37385005,BSCO03_1605_L.avi,130439,43.4797,0.861,3.369,1376.972,15.162,,AD,Passing,
BSCO03_1605,Odacidae,Neoodax,balteatus,1,80.123,37385005,BSCO03_1605_L.avi,130464,43.488,1.227,1.715,1490.809,10.389,,AD,Passing,
BSCO03_1605,Odacidae,Neoodax,balteatus,1,97.134,37385005,BSCO03_1605_L.avi,130464,43.488,2.432,2.447,1442.928,11,,AD,Passing,
BSCO04_1605,Odacidae,Neoodax,balteatus,1,121.923,37385005,BSCO04_1605_L.avi,108933,36.311,1.937,1.476,1695.939,15.798,,AD,Passing,
BSCO04_1605,Odacidae,Neoodax,balteatus,1,88.199,37385005,BSCO04_1605_L.avi,108933,36.311,2.346,1.483,2020.192,14.486,,AD,Passing,
BSEI01_1605,Odacidae,Neoodax,balteatus,1,94.842,37385005,BSEI01_1605_L.avi,161091,53.697,0.682,0.676,1273.863,9.449,,AD,Passing,
BSEI01_1605,Odacidae,Neoodax,balteatus,1,92.183,37385005,BSEI01_1605_L.avi,161091,53.697,0.577,1.131,1116.031,14.326,,AD,Passing,
BSEI01_1605,Odacidae,Neoodax,balteatus,1,73.431,37385005,BSEI01_1605_L.avi,161319,53.773,0.759,0.682,1403.86,11.559,,AD,Passing,
BSEI01_1605,Odacidae,Neoodax,balteatus,1,86.07,37385005,BSEI01_1605_L.avi,161434,53.8113,2.039,1.033,1458.393,6.299,,AD,Passing,
BSEI02_1605,Odacidae,Neoodax,balteatus,1,66.722,37385005,BSEI02_1605_L.avi,178423,59.4743,0.862,1.338,1444.932,11.619,,AD,Passing,
BSEI04_1605,Odacidae,Neoodax,balteatus,1,83.987,37385005,BSEI04_1605_L.avi,191274,63.758,1.711,3.888,1416.266,14.052,Visibility is terrible!,AD,Passing,
BSEO02_1605,Odacidae,Neoodax,balteatus,1,51.484,37385005,BSEO02_1605_L.avi,154225,51.4083,0.894,0.755,1226.555,10.63,,AD,Passing,
BSEO02_1605,Odacidae,Neoodax,balteatus,1,37.697,37385005,BSEO02_1605_L.avi,154318,51.4393,0.765,0.767,1143.207,13.922,,AD,Passing,
BSEO02_1605,Odacidae,Neoodax,balteatus,1,49.517,37385005,BSEO02_1605_L.avi,154813,51.6043,1.408,2.162,1266.873,10.859,,AD,Passing,
BSEO02_1605,Odacidae,Neoodax,balteatus,1,54.952,37385005,BSEO02_1605_L.avi,155062,51.6873,0.923,1.05,1272.542,14.665,,AD,Passing,
BSEO04_1605,Odacidae,Neoodax,balteatus,1,46.534,37385005,BSEO04_1605_L.avi,114361,38.1203,0.629,0.659,1247.577,11.654,,AD,Passing,
BSEO04_1605,Odacidae,Neoodax,balteatus,1,61.847,37385005,BSEO04_1605_L.avi,114509,38.1697,0.753,1.365,1354.178,11.681,,AD,Passing,
BSEO04_1605,Odacidae,Neoodax,balteatus,1,57.173,37385005,BSEO04_1605_L.avi,114637,38.2123,0.664,1.851,1262.303,9.918,,AD,Passing,
BSEO04_1605,Odacidae,Neoodax,balteatus,1,83.017,37385005,BSEO04_1605_L.avi,114744,38.248,1.179,0.657,1554.136,19.824,,AD,Passing,
BSWI01_1605,Odacidae,Neoodax,balteatus,1,109.275,37385005,BSWI01_1605_L.avi,53504,17.8347,1.772,6.401,1183.233,11.382,,AD,Passing,Measure
BSWI01_1605,Odacidae,Neoodax,balteatus,1,96.793,37385005,BSWI01_1605_L.avi,89222,29.7407,0.63,0.739,1132.441,10.359,,AD,Passing,
BSWI01_1605,Odacidae,Neoodax,balteatus,1,78.331,37385005,BSWI01_1605_L.avi,89452,29.8173,1.053,1.532,1150.085,10.612,,AD,Passing,
BSWI01_1605,Odacidae,Neoodax,balteatus,1,57.788,37385005,BSWI01_1605_L.avi,89452,29.8173,1.265,1.573,1510.327,15.356,,AD,Passing,
BSWI02_1605,Odacidae,Neoodax,balteatus,1,67.327,37385005,BSWI02_1605_L.avi,72281,24.0937,1.982,3.123,1652.985,15.436,,AD,Feeding,Measure
BSWI02_1605,Odacidae,Neoodax,balteatus,1,73.774,37385005,BSWI02_1605_L.avi,101358,33.786,0.75,0.62,1275.096,10.913,,AD,Passing,
BSWI02_1605,Odacidae,Neoodax,balteatus,1,66.744,37385005,BSWI02_1605_L.avi,101358,33.786,0.871,2.338,1295.569,11.074,,AD,Passing,
BSWI02_1605,Odacidae,Neoodax,balteatus,1,75.624,37385005,BSWI02_1605_L.avi,101358,33.786,0.772,8.678,1379.735,13.52,,AD,Passing,
BSWI02_1605,Odacidae,Neoodax,balteatus,1,89.416,37385005,BSWI02_1605_L.avi,112145,37.3817,1.001,2.554,1316.595,11.618,,AD,Feeding,Measure
BSWI02_1605,Odacidae,Neoodax,balteatus,1,64.165,37385005,BSWI02_1605_L.avi,112145,37.3817,1.189,2.5,1227.777,12.207,,AD,Feeding,Measure
BSWI02_1605,Odacidae,Neoodax,balteatus,1,75.544,37385005,BSWI02_1605_L.avi,112145,37.3817,0.861,0.379,1407.618,13.524,,AD,Feeding,Measure
BSWI04_1605,Odacidae,Neoodax,balteatus,1,78.911,37385005,BSWI03_1605_L.avi,54595,18.1983,1.769,3.313,1312.773,13.128,,AD,Passing,Measure
BSWI04_1605,Odacidae,Neoodax,balteatus,1,87.765,37385005,BSWI03_1605_L.avi,79354,26.4513,0.823,0.98,1361.956,11.599,,AD,Passing,Measure
BSWI04_1605,Odacidae,Neoodax,balteatus,1,80.616,37385005,BSWI03_1605_L.avi,85075,28.3583,1.028,5.178,1189.365,13.536,,AD,Passing,
BSWI04_1605,Odacidae,Neoodax,balteatus,1,77.334,37385005,BSWI04_1605_L.avi,75586,25.1953,1.543,2.571,1357.443,3.985,,AD,Attracted,
BSWI04_1605,Odacidae,Neoodax,balteatus,1,79.382,37385005,BSWI04_1605_L.avi,84322,28.1073,0.502,2.23,953.821,12.996,,AD,Passing,
BSWI04_1605,Odacidae,Neoodax,balteatus,1,48.481,37385005,BSWI04_1605_L.avi,144217,48.0723,3.843,2.775,1865.211,20.589,,AD,Attracted,
BSWO01_1605,Odacidae,Neoodax,balteatus,1,103.994,37385005,BSWO01_1605_L.avi,147151,49.0503,0.727,1.429,1251.173,14.087,,AD,Passing,
BSWO01_1605,Odacidae,Neoodax,balteatus,1,93.485,37385005,BSWO01_1605_L.avi,147188,49.0627,1.236,2.326,1235.89,9.827,,AD,Passing,
BSWO01_1605,Odacidae,Neoodax,balteatus,1,90.972,37385005,BSWO01_1605_L.avi,147188,49.0627,0.896,0.901,1221.705,12.361,,AD,Passing,
BSWO01_1605,Odacidae,Neoodax,balteatus,1,91.53,37385005,BSWO01_1605_L.avi,147237,49.079,1.075,2.207,1223.517,12.974,,AD,Passing,
BSWO02_1605,Odacidae,Neoodax,balteatus,1,90.543,37385005,BSWO02_1605_L.avi,131884,43.9613,6.584,2.552,2302.166,14.878,,AD,Passing,
BSWO03_1605,Odacidae,Neoodax,balteatus,1,98.996,37385005,BSWO03_1605_L.avi,152202,50.734,0.843,5.221,1352.733,15.72,,AD,Passing,
BSWO03_1605,Odacidae,Neoodax,balteatus,1,90.599,37385005,BSWO03_1605_L.avi,152368,50.7893,1.246,5.55,1394.013,15.664,,AD,Passing,
WCCO03_1605,Odacidae,Neoodax,balteatus,1,84.348,37385005,WCCO03_1605_L.avi,54164,18.0547,1.042,1.119,1605.133,14.166,A few scattered Pinna,AD,Attracted,
WCCO03_1605,Odacidae,Neoodax,balteatus,1,70.065,37385005,WCCO03_1605_L.avi,54205,18.0683,1.233,0.823,1666.675,14.621,A few scattered Pinna,AD,Attracted,
WCNO01_1605,Odacidae,Neoodax,balteatus,1,93.742,37385005,WCNO01_1605_L.avi,113534,37.8447,0.883,0.301,1354.253,3.776,,AD,Attracted,
WCNO01_1605,Odacidae,Neoodax,balteatus,1,96.529,37385005,WCNO01_1605_L.avi,113534,37.8447,0.774,0.837,1389.655,4.054,,AD,Attracted,
WCNO01_1605,Odacidae,Neoodax,balteatus,1,101.538,37385005,WCNO01_1605_L.avi,113534,37.8447,1.022,0.721,1391.541,4.761,,AD,Attracted,
WCNO01_1605,Odacidae,Neoodax,balteatus,1,113.261,37385005,WCNO01_1605_L.avi,113534,37.8447,2.231,1.283,1674.833,18.802,,AD,Attracted,
WCNO01_1605,Odacidae,Neoodax,balteatus,1,102.577,37385005,WCNO01_1605_L.avi,113661,37.887,0.749,1.345,964.663,12.116,,AD,Attracted,
WCNO03_1605,Odacidae,Neoodax,balteatus,1,107.38,37385005,WCNO03_1605_L.avi,118047,39.349,1.449,2.892,1794.341,15.354,,AD,Passing,
WCNO03_1605,Odacidae,Neoodax,balteatus,1,71.08,37385005,WCNO03_1605_L.avi,118047,39.349,1.005,3.835,1406.696,12.495,,AD,Passing,
WCNO04_1605,Odacidae,Neoodax,balteatus,1,86.616,37385005,WCNO04_1605_L.avi,72736,24.2453,3.151,0.733,2136.55,16.64,,AD,Passing,
WCNO04_1605,Odacidae,Neoodax,balteatus,1,118.653,37385005,WCNO04_1605_L.avi,72736,24.2453,2.868,3.774,2368.225,15.17,,AD,Passing,
WCNO04_1605,Odacidae,Neoodax,balteatus,1,113.288,37385005,WCNO04_1605_L.avi,72736,24.2453,4.444,3.539,2620.09,14.199,,AD,Passing,
WCNO04_1605,Odacidae,Neoodax,balteatus,1,102.711,37385005,WCNO04_1605_L.avi,72788,24.2627,1.931,1.115,1994.351,14.029,,AD,Passing,
BSCI02_1605,Odacidae,Haletta,semifasciata,1,188.306,37385009,BSCI02_1605_L.avi,136119,45.373,1.22,1.161,1272.649,10.792,,AD,Passing,
BSCI02_1605,Odacidae,Haletta,semifasciata,1,203.29,37385009,BSCI02_1605_L.avi,136144,45.3813,1.955,1.658,1457.173,4.11,,AD,Passing,
BSWI04_1605,Odacidae,Haletta,semifasciata,1,275.764,37385009,BSWI04_1605_L.avi,178135,59.3783,2.715,2.992,1815.226,6.14,,AD,Passing,
BSWI04_1605,Odacidae,Haletta,semifasciata,1,261.924,37385009,BSWI04_1605_L.avi,180419,60.1397,2.115,5.187,1818.085,16.958,,AD,Passing,
BSWI04_1605,Odacidae,Haletta,semifasciata,1,247.381,37385009,BSWI04_1605_L.avi,180538,60.1793,2.092,4.956,1585.894,17.399,,AD,Passing,
WCNO01_1605,Odacidae,Haletta,semifasciata,1,216.756,37385009,WCNO01_1605_L.avi,115880,38.6267,2.154,1.304,2004.815,21.922,,AD,Attracted,
WCNO04_1605,Odacidae,Haletta,semifasciata,1,189.263,37385009,WCNO04_1605_L.avi,116633,38.8777,5.23,0.685,3092.625,7.279,,AD,Passing,
WCNO04_1605,Odacidae,Haletta,semifasciata,1,126.836,37385009,WCNO04_1605_L.avi,116633,38.8777,2.252,1.257,2347.031,9.495,,AD,Passing,
WCNO04_1605,Odacidae,Haletta,semifasciata,1,155.722,37385009,WCNO04_1605_L.avi,116633,38.8777,4.506,2.972,2246.371,21.415,,AD,Passing,
BSEO01_1605,Ostraciidae,Aracana,ornata,1,32.118,37466001,BSEO01_1605_L.avi,102448,34.1493,0.751,0.224,1305.831,5.779,,AD,Passing,
BSEO04_1605,Ostraciidae,Aracana,ornata,1,53.479,37466001,BSEO04_1605_L.avi,122721,40.907,1.526,1.631,1759.472,8.341,,AD,Passing,
BSWI02_1605,Rhinobatidae,Trygonorrhina,dumerilii,1,600.36,37027011,BSWI02_1605_L.avi,63929,21.3097,5.338,13.174,2228.61,10.032,,,Attracted,
WCSO01_1605,Rhinobatidae,Trygonorrhina,dumerilii,1,895.542,37027011,WCSO01_1605_L.avi,148949,49.6497,10.569,1.374,3220.476,7.064,,AD,Passing,
WCSO02_1605,Rhinobatidae,Trygonorrhina,dumerilii,1,693.752,37027011,WCSO02_1605_L.avi,169180,56.3933,2.15,0.883,2334.332,15.515,,AD,Attracted,
BSCI01_1605,Sillaginidae,Sillaginodes,punctatus,1,378.442,37330001,BSCI01_1605_L.avi,170073,56.691,4.367,3.861,1989.982,10.81,,AD,Passing,
BSCI01_1605,Sillaginidae,Sillaginodes,punctatus,1,224.123,37330001,BSCI01_1605_L.avi,170098,56.6993,1.681,3.914,1454.944,18.149,,AD,Passing,
BSCI01_1605,Sillaginidae,Sillaginodes,punctatus,1,264.442,37330001,BSCI01_1605_L.avi,170098,56.6993,2.806,0.953,1662.12,5.007,,AD,Passing,
BSCI01_1605,Sillaginidae,Sillaginodes,punctatus,1,297.803,37330001,BSCI01_1605_L.avi,170118,56.706,2.687,5.775,1600.665,19.503,,AD,Passing,
BSCI01_1605,Sillaginidae,Sillaginodes,punctatus,1,183.127,37330001,BSCI01_1605_L.avi,170238,56.746,2.54,0.871,1496.488,17.06,,AD,Passing,
BSCI02_1605,Sillaginidae,Sillaginodes,punctatus,1,273.87,37330001,BSCI02_1605_L.avi,134623,44.8743,2.111,3.666,1965.99,4.165,,AD,Passing,
BSCO01_1605,Sillaginidae,Sillaginodes,punctatus,1,261.903,37330001,BSCO01_1605_L.avi,114873,38.291,4.002,3.34,2565.413,4.454,,AD,Passing,
BSCO01_1605,Sillaginidae,Sillaginodes,punctatus,1,279.219,37330001,BSCO01_1605_L.avi,114972,38.324,6.966,3.225,2680.169,6.521,,AD,Passing,
BSCO01_1605,Sillaginidae,Sillaginodes,punctatus,1,294.207,37330001,BSCO01_1605_L.avi,114992,38.3307,6.34,5.921,3000.614,4.609,,AD,Passing,
BSCO03_1605,Sillaginidae,Sillaginodes,punctatus,1,332.92,37330001,BSCO03_1605_L.avi,114718,38.2393,2.324,1.681,2675.794,12.541,,AD,Passing,
BSEI01_1605,Sillaginidae,Sillaginodes,punctatus,1,214.272,37330001,BSEI01_1605_L.avi,73890,24.63,1.311,4.638,1873.716,5.307,,AD,Passing,
BSEI02_1605,Sillaginidae,Sillaginodes,punctatus,1,345.065,37330001,BSEI02_1605_L.avi,63508,21.1693,4.152,4.295,2353.551,10.842,,AD,Passing,
BSEI03_1605,Sillaginidae,Sillaginodes,punctatus,1,258.225,37330001,BSEI03_1605_L.avi,107234,35.7447,1.031,2.102,1576.62,14.433,,AD,Passing,
BSEI03_1605,Sillaginidae,Sillaginodes,punctatus,1,194.457,37330001,BSEI03_1605_L.avi,158582,52.8607,0.828,1.772,1396.981,14.958,,AD,Passing,
BSEO01_1605,Sillaginidae,Sillaginodes,punctatus,1,255.945,37330001,BSEO01_1605_L.avi,127425,42.475,7.156,4.19,2838.354,3.538,,AD,Passing,
BSEO01_1605,Sillaginidae,Sillaginodes,punctatus,1,207.851,37330001,BSEO01_1605_L.avi,127425,42.475,3.449,0.56,2714.447,0.99,,AD,Passing,
BSEO01_1605,Sillaginidae,Sillaginodes,punctatus,1,264.51,37330001,BSEO01_1605_L.avi,127465,42.4883,3.288,5.607,2826.713,13.233,,AD,Passing,
BSEO02_1605,Sillaginidae,Sillaginodes,punctatus,1,293.025,37330001,BSEO02_1605_L.avi,60110,20.0367,5.864,2.398,3105.61,6.363,,AD,Passing,
BSEO02_1605,Sillaginidae,Sillaginodes,punctatus,1,265.301,37330001,BSEO02_1605_L.avi,60537,20.179,9.576,0.138,3529.504,4.995,,AD,Passing,
BSEO02_1605,Sillaginidae,Sillaginodes,punctatus,1,269.296,37330001,BSEO02_1605_L.avi,73784,24.5947,1.817,2.214,2654.625,6.627,,AD,Passing,
BSCO02_1605,Sphyraenidae,Sphyraena,novaehollandiae,1,534.68,37382002,BSCO02_1605_L.avi,105923,35.3077,5.057,4.817,2455.407,20.069,,AD,Passing,
BSEO02_1605,Sphyraenidae,Sphyraena,novaehollandiae,1,227.507,37382002,BSEO02_1605_L.avi,11318,3.7727,3.164,3.728,1595.957,19.068,,AD,Passing,
BSWO03_1605,Sphyraenidae,Sphyraena,novaehollandiae,1,162.081,37382002,BSWO03_1605_L.avi,158656,52.8853,2.037,0.906,1962.508,20.8,,AD,Passing,
BSCI01_1605,Terapontidae,Pelates,octolineatus,1,161.196,37321020,BSCI01_1605_L.avi,34959,11.653,2.126,2.505,1507.098,18.335,,AD,Passing,
BSEO01_1605,Terapontidae,Pelates,octolineatus,1,161.647,37321020,BSEO01_1605_L.avi,30792,10.264,1.652,0.689,1803.659,14.916,,AD,Passing,
BSEO01_1605,Terapontidae,Pelates,octolineatus,1,157.288,37321020,BSEO01_1605_L.avi,30792,10.264,1.299,2.792,1801.534,9.024,,AD,Passing,
BSEO01_1605,Terapontidae,Pelates,octolineatus,1,153.704,37321020,BSEO01_1605_L.avi,30792,10.264,1.257,0.996,1944.264,11.597,,AD,Passing,
BSEO01_1605,Terapontidae,Pelates,octolineatus,1,150.041,37321020,BSEO01_1605_L.avi,30792,10.264,2.073,1.985,1842.484,8.673,,AD,Passing,
BSEO01_1605,Terapontidae,Pelates,octolineatus,1,172.6,37321020,BSEO01_1605_L.avi,30792,10.264,2.11,2.289,1804.068,11.908,,AD,Passing,
BSEO01_1605,Terapontidae,Pelates,octolineatus,1,175.834,37321020,BSEO01_1605_L.avi,30792,10.264,2.417,1.061,1749.664,14.73,,AD,Passing,
BSEO01_1605,Terapontidae,Pelates,octolineatus,1,160.264,37321020,BSEO01_1605_L.avi,30792,10.264,1.621,2.347,1760.017,8.24,,AD,Passing,
BSCI01_1704,Triakidae,Mustelus,antarcticus,1,1166.214,37017001,BSCI01_1704 L.avi,75956,50.6373,3.001,2.571,1901.506,15.367,Right cam mostly obscured,AD,Attracted,
BSCI02_1704,Monacanthidae,Unknown,sp,1,96.633,37465903,BSCI02_1704 L.avi,40619,27.0793,0.406,0.673,513.99,18.443,,J,Passing,
BSCI02_1704,Odacidae,Neoodax,balteatus,1,90.341,37385005,BSCI02_1704 L.avi,68083,45.3887,0.452,0.254,549.35,1.719,,AD,Attracted,
BSCI02_1704,Atherinidae,Kestratherina,esox,1,59.668,37246003,BSCI02_1704 L.avi,39791,26.5273,0.638,0.541,580.177,7.967,,AD,Passing,
BSCI02_1704,Apogonidae,Vincentia,conspersa,1,65.156,37327033,BSCI02_1704 L.avi,93489,62.326,0.514,0.112,597.017,12.669,,J,Passing,
BSCI02_1704,Atherinidae,Kestratherina,esox,1,65.579,37246003,BSCI02_1704 L.avi,39740,26.4933,0.675,0.16,701.532,14.969,,,Passing,
BSCI03_1704,Monacanthidae,Meuschenia,freycineti,1,220.94,37465036,BSCI03_1704 L.avi,44559,29.706,0.625,0.339,742.969,5.655,,F,Attracted,
BSCI03_1704,Terapontidae,Pelates,octolineatus,1,136.959,37321020,BSCI03_1704 L.avi,44257,29.5047,2.276,0.784,1622.595,17.771,,AD,Passing,
BSCI03_1704,Terapontidae,Pelates,octolineatus,1,112.511,37321020,BSCI03_1704 L.avi,44257,29.5047,2.975,0.024,1780.308,20.439,,AD,Passing,
BSCI03_1704,Terapontidae,Pelates,octolineatus,1,129.756,37321020,BSCI03_1704 L.avi,44257,29.5047,3.052,0.376,1861.923,17.614,,AD,Passing,
BSCI03_1704,Sphyraenidae,Sphyraena,novaehollandiae,1,574.081,37382002,BSCI03_1704 L.avi,38064,25.376,3.031,0.687,2108.016,17.893,,AD,Passing,
BSCI03_1704,Terapontidae,Pelates,octolineatus,1,145.054,37321020,BSCI03_1704 L.avi,44257,29.5047,5.692,0.652,2249.501,24.587,,AD,Passing,
BSCI04_1704,Odacidae,Neoodax,balteatus,1,129.23,37385005,BSCI04_1704 L.avi,84861,56.574,0.578,0.478,670.689,12.076,,AD,Attracted,
BSCI04_1704,Apogonidae,Siphamia,cephalotes,1,32.436,37327032,BSCI04_1704 L.avi,61249,40.8327,0.807,0.358,729.752,16.718,,AD,Passing,
BSCO01_1704,Odacidae,Siphonognathus,attenuatus,1,85.777,37385004,BSCO01_1704 L.avi,21233,14.1553,0.417,0.007,489.336,8.091,,AD,Attracted,
BSCO01_1704,Monacanthidae,Unknown,sp,1,34.368,37465903,BSCO01_1704 L.avi,61156,40.7707,0.573,0.943,696.859,4.627,,J,Attracted,
BSCO01_1704,Odacidae,Neoodax,balteatus,1,115.43,37385005,BSCO01_1704 L.avi,49200,32.8,1.014,0.521,1248.529,15.787,,AD,Attracted,
BSCO01_1704,Odacidae,Neoodax,balteatus,1,102.031,37385005,BSCO01_1704 L.avi,49260,32.84,2.252,0.51,1278.418,16.395,,AD,Attracted,
BSCO01_1704,Odacidae,Neoodax,balteatus,1,102.316,37385005,BSCO01_1704 L.avi,49221,32.814,1.31,0.477,1418.089,18.943,,AD,Attracted,
BSCO01_1704,Carangidae,Pseudocaranx,sp,1,184.63,37337924,BSCO01_1704 L.avi,51674,34.4493,3.268,0.183,1553.955,21.118,,AD,Passing,
BSCO01_1704,Carangidae,Pseudocaranx,sp,1,183.209,37337924,BSCO01_1704 L.avi,51674,34.4493,4.588,0.835,1699.7,30.676,,AD,Passing,
BSCO01_1704,Odacidae,Haletta,semifasciata,1,217.105,37385009,BSCO01_1704 L.avi,42296,28.1973,1.295,0.671,1735.423,3.88,,AD,Passing,
BSCO01_1704,Carangidae,Pseudocaranx,sp,1,203.545,37337924,BSCO01_1704 L.avi,51674,34.4493,1.837,0.065,1855.317,16.801,,AD,Passing,
BSCO01_1704,Odacidae,Haletta,semifasciata,1,177.175,37385009,BSCO01_1704 L.avi,41983,27.9887,3.684,0.94,1913.461,3.161,,AD,Passing,
BSCO01_1704,Carangidae,Pseudocaranx,sp,1,169.373,37337924,BSCO01_1704 L.avi,51674,34.4493,2.711,0.398,1918.581,8.76,,AD,Passing,
BSCO01_1704,Carangidae,Pseudocaranx,sp,1,199.524,37337924,BSCO01_1704 L.avi,51674,34.4493,4.904,0.561,2023.957,27.592,,AD,Passing,
BSCO01_1704,Carangidae,Pseudocaranx,sp,1,193.062,37337924,BSCO01_1704 L.avi,51674,34.4493,4.043,0.457,2063.899,21.895,,AD,Passing,
BSCO01_1704,Sphyraenidae,Sphyraena,novaehollandiae,1,317.343,37382002,BSCO01_1704 L.avi,12942,8.628,5.798,1.078,2307.846,22.313,,,Passing,
BSCO02_1704,Odacidae,Neoodax,balteatus,1,96.347,37385005,BSCO02_1704 L.avi,24939,16.626,1.305,0.381,1155.385,28.629,,AD,Attracted,
BSCO02_1704,Odacidae,Neoodax,balteatus,1,82.328,37385005,BSCO02_1704 L.avi,25322,16.8813,1.2,0.806,1178.652,14.383,,AD,Attracted,
BSCO02_1704,Odacidae,Neoodax,balteatus,1,102.3,37385005,BSCO02_1704 L.avi,25322,16.8813,1.383,2.243,1419.489,14.945,,AD,Attracted,
BSCO02_1704,Rhinobatidae,Trygonorrhina,dumerilii,1,695.322,37027011,BSCO02_1704 L.avi,98061,65.374,1.578,1.043,1441.245,15.235,,AD,Attracted,
BSCO02_1704,Odacidae,Neoodax,balteatus,1,94.161,37385005,BSCO02_1704 L.avi,24989,16.6593,1.194,0.293,1461.811,11.025,,AD,Attracted,
BSCO02_1704,Mullidae,Upeneichthys,vlamingii,1,215.276,37355029,BSCO02_1704 L.avi,58231,38.8207,4.42,1.536,1562.431,27.633,,AD,Passing,
BSCO02_1704,Sillaginidae,Sillaginodes,punctatus,1,279.609,37330001,BSCO02_1704 L.avi,80427,53.618,2.164,0.975,1632.611,22.317,,AD,Attracted,
BSCO02_1704,Sillaginidae,Sillaginodes,punctatus,1,282.301,37330001,BSCO02_1704 L.avi,80342,53.5613,4.405,0.144,1906.005,8.373,,AD,Attracted,
BSCO02_1704,Mullidae,Upeneichthys,vlamingii,1,194.694,37355029,BSCO02_1704 L.avi,58189,38.7927,6.276,0.895,1935.511,20.873,,AD,Passing,
BSCO02_1704,Mullidae,Upeneichthys,vlamingii,1,192.395,37355029,BSCO02_1704 L.avi,58189,38.7927,4.482,1.316,2435.648,23.478,,AD,Passing,
BSCO02_1704,Sphyraenidae,Sphyraena,novaehollandiae,1,436.949,37382002,BSCO02_1704 L.avi,46414,30.9427,9.467,2.237,3202.067,3.456,,AD,Passing,
BSCO03_1704,Sillaginidae,Sillaginodes,punctatus,1,116.281,37330001,BSCO03_1704 L.avi,78627,52.418,0.985,1.389,1091.18,12.708,,AD,Passing,
BSCO03_1704,Sillaginidae,Sillaginodes,punctatus,1,127.896,37330001,BSCO03_1704 L.avi,78542,52.3613,1.259,1.752,1098.985,15.693,,AD,Passing,
BSCO03_1704,Mullidae,Upeneichthys,vlamingii,1,235.414,37355029,BSCO03_1704 L.avi,52201,34.8007,3.921,0.179,1572.214,28.656,,AD,Passing,
BSCO03_1704,Carangidae,Pseudocaranx,sp,1,172.692,37337924,BSCO03_1704 L.avi,74856,49.904,4.674,0.719,1818.68,20.913,,,Passing,
BSCO03_1704,Carangidae,Pseudocaranx,sp,1,157.771,37337924,BSCO03_1704 L.avi,74856,49.904,4.405,2.232,1897.225,19.098,,,Passing,
BSCO03_1704,Carangidae,Pseudocaranx,sp,1,171.307,37337924,BSCO03_1704 L.avi,74856,49.904,5.648,0.359,1946.706,14.768,,,Passing,
BSCO03_1704,Carangidae,Pseudocaranx,sp,1,159.616,37337924,BSCO03_1704 L.avi,74856,49.904,4.002,0.713,1993.386,8.892,,,Passing,
BSCO03_1704,Carangidae,Pseudocaranx,sp,1,169.297,37337924,BSCO03_1704 L.avi,74856,49.904,5.665,0.509,2019.216,15.962,,,Passing,
BSCO03_1704,Mullidae,Upeneichthys,vlamingii,1,175.679,37355029,BSCO03_1704 L.avi,52137,34.758,4.192,0.379,2031.309,25.099,,AD,Passing,
BSCO03_1704,Carangidae,Pseudocaranx,sp,1,150.565,37337924,BSCO03_1704 L.avi,74856,49.904,1.991,0.952,2056.503,12.001,,,Passing,
BSCO03_1704,Carangidae,Pseudocaranx,sp,1,142.075,37337924,BSCO03_1704 L.avi,74856,49.904,4.536,0.637,2110.532,13.047,,,Passing,
BSCO03_1704,Carangidae,Pseudocaranx,sp,1,148.434,37337924,BSCO03_1704 L.avi,74856,49.904,2.691,0.487,2111.832,16.57,,,Passing,
BSCO03_1704,Sillaginidae,Sillaginodes,punctatus,1,283.311,37330001,BSCO03_1704 L.avi,78539,52.3593,7.501,0.57,2144.449,26.557,,AD,Passing,
BSCO03_1704,Sillaginidae,Sillaginodes,punctatus,1,292.607,37330001,BSCO03_1704 L.avi,78542,52.3613,2.551,0.317,2162.402,8.797,,AD,Passing,
BSCO03_1704,Carangidae,Pseudocaranx,sp,1,154.923,37337924,BSCO03_1704 L.avi,74856,49.904,5.523,0.884,2198.599,10.071,,,Passing,
BSCO03_1704,Carangidae,Pseudocaranx,sp,1,150.455,37337924,BSCO03_1704 L.avi,74856,49.904,2.765,1.253,2241.93,15.761,,,Passing,
BSCO03_1704,Carangidae,Pseudocaranx,sp,1,158.54,37337924,BSCO03_1704 L.avi,74856,49.904,6.609,0.765,2255.975,13.668,,,Passing,
BSCO04_1704,Sillaginidae,Sillaginodes,punctatus,1,270.679,37330001,BSCO04_1704 L.avi,63653,42.4353,1.993,0.68,1887.1,10.681,,AD,Passing,
BSCO04_1704,Carangidae,Trachurus,sp,1,236.743,37337907,BSCO04_1704 L.avi,19632,13.088,7.606,2.138,2740.931,13.178,,AD,Passing,
BSCO04_1704,Carangidae,Trachurus,sp,1,239.999,37337907,BSCO04_1704 L.avi,19632,13.088,4.719,0.832,2770.475,23.986,,AD,Passing,
BSCO04_1704,Carangidae,Trachurus,sp,1,248.235,37337907,BSCO04_1704 L.avi,19632,13.088,7.037,4.172,2808.428,18.019,,AD,Passing,
BSCO04_1704,Carangidae,Trachurus,sp,1,241.324,37337907,BSCO04_1704 L.avi,19632,13.088,2.035,4.984,2815.971,8.582,,AD,Passing,
BSEI01_1704,Sillaginidae,Sillaginodes,punctatus,1,188.754,37330001,BSEI01_1704 L.avi,33786,22.524,0.541,0.736,682.993,20.459,,,Attracted,
BSEI01_1704,Sillaginidae,Sillaginodes,punctatus,1,255.003,37330001,BSEI01_1704 L.avi,33742,22.4947,2.639,1.368,1281.246,26.237,,AD,Attracted,
BSEI04_1704,Gerreidae,Parequula,melbournensis,1,121.387,37349001,BSEI04_1704 L.avi,48996,32.664,0.418,0.258,476.078,8.761,,AD,Attracted,
BSEI04_1704,Odacidae,Neoodax,balteatus,1,81.409,37385005,BSEI04_1704 L.avi,86468,57.6453,0.426,0.354,494.609,7.097,,AD,Attracted,
BSEI04_1704,Monacanthidae,Unknown,sp,1,92.625,37465903,BSEI04_1704 L.avi,96072,64.048,0.453,2.318,538.348,2.787,,J,Attracted,
BSEI04_1704,Terapontidae,Pelates,octolineatus,1,182.254,37321020,BSEI04_1704 L.avi,87904,58.6027,0.503,0.452,613.5,6.392,,AD,Attracted,
BSEI04_1704,Terapontidae,Pelates,octolineatus,1,186.671,37321020,BSEI04_1704 L.avi,87574,58.3827,0.578,0.014,640.155,7.346,,AD,Attracted,
BSEI04_1704,Gerreidae,Parequula,melbournensis,1,124.665,37349001,BSEI04_1704 L.avi,48776,32.5173,0.62,0.765,712.843,9.96,,AD,Attracted,
BSEI04_1704,Gerreidae,Parequula,melbournensis,1,130.935,37349001,BSEI04_1704 L.avi,48746,32.4973,0.578,0.696,721.659,3.714,,AD,Attracted,
BSEI04_1704,Gerreidae,Parequula,melbournensis,1,128.745,37349001,BSEI04_1704 L.avi,48715,32.4767,0.797,0.903,881.336,21.726,,AD,Attracted,
BSEI04_1704,Terapontidae,Pelates,octolineatus,1,156.247,37321020,BSEI04_1704 L.avi,87590,58.3933,1.34,0.367,1296.874,16.761,,AD,Attracted,
BSEO01_1704,Odacidae,Neoodax,balteatus,1,56.217,37385005,BSEO01_1704 L.avi,37933,25.2887,1.186,0.368,966.389,25.492,,AD,Passing,
BSEO01_1704,Platycephalidae,Platycephalus,bassensis,1,241.161,37296003,BSEO01_1704 L.avi,38920,25.9467,0.746,0.14,982.609,18.185,,AD,Attracted,
BSEO01_1704,Sillaginidae,Sillaginodes,punctatus,1,277.762,37330001,BSEO01_1704 L.avi,94489,62.9927,0.773,0.117,999.916,15.117,,AD,Attracted,
BSEO01_1704,Sillaginidae,Sillaginodes,punctatus,1,289.1,37330001,BSEO01_1704 L.avi,94061,62.7073,0.813,0.106,1067.605,12.735,,AD,Attracted,
BSEO01_1704,Odacidae,Neoodax,balteatus,1,78.373,37385005,BSEO01_1704 L.avi,37933,25.2887,1.305,0.122,1207.214,17.218,,AD,Passing,
BSEO01_1704,Odacidae,Neoodax,balteatus,1,67.294,37385005,BSEO01_1704 L.avi,38589,25.726,1.938,0.212,1255.949,28.854,,AD,Passing,
BSEO01_1704,Odacidae,Neoodax,balteatus,1,105.717,37385005,BSEO01_1704 L.avi,38589,25.726,2.278,0.384,1342.505,29.448,,AD,Passing,
BSEO01_1704,Rhinobatidae,Trygonorrhina,dumerilii,1,715.062,37027011,BSEO01_1704 L.avi,19984,13.3227,2.186,1.502,1724.173,12.318,,AD,Passing,
BSEO02_1704,Gerreidae,Parequula,melbournensis,1,112.367,37349001,BSEO02_1704 L.avi,46352,30.9013,0.391,0.656,462.381,13.323,,AD,Attracted,
BSEO02_1704,Monacanthidae,Thamnaconus,degeni,1,94.655,37465037,BSEO02_1704 L.avi,47249,31.4993,0.461,0.727,512.217,6.762,,AD,Attracted,
BSEO02_1704,Monacanthidae,Thamnaconus,degeni,1,88.24,37465037,BSEO02_1704 L.avi,47121,31.414,0.478,0.201,598.101,15.61,,AD,Attracted,
BSEO02_1704,Monacanthidae,Thamnaconus,degeni,1,78.516,37465037,BSEO02_1704 L.avi,47196,31.464,0.536,0.413,656.909,10.024,,AD,Attracted,
BSEO02_1704,Odacidae,Neoodax,balteatus,1,86.868,37385005,BSEO02_1704 L.avi,40955,27.3033,0.595,0.553,718.638,22.178,,AD,Attracted,
BSEO02_1704,Monacanthidae,Thamnaconus,degeni,1,83.748,37465037,BSEO02_1704 L.avi,47121,31.414,0.753,0.336,766.038,12.53,,AD,Attracted,
BSEO02_1704,Monacanthidae,Thamnaconus,degeni,1,85.474,37465037,BSEO02_1704 L.avi,47121,31.414,1.031,0.195,768.654,14.976,,AD,Attracted,
BSEO02_1704,Monacanthidae,Thamnaconus,degeni,1,69.048,37465037,BSEO02_1704 L.avi,47121,31.414,0.884,1.183,772.959,24.16,,AD,Attracted,
BSEO02_1704,Monacanthidae,Thamnaconus,degeni,1,85.907,37465037,BSEO02_1704 L.avi,47249,31.4993,0.636,1.135,781.343,7.483,,AD,Attracted,
BSEO02_1704,Monacanthidae,Thamnaconus,degeni,1,75.883,37465037,BSEO02_1704 L.avi,47121,31.414,0.72,0.469,853.354,21.023,,AD,Passing,
BSEO02_1704,Monacanthidae,Thamnaconus,degeni,1,91.226,37465037,BSEO02_1704 L.avi,47121,31.414,0.786,0.371,939.452,11.812,,AD,Attracted,
BSEO02_1704,Gerreidae,Parequula,melbournensis,1,115.335,37349001,BSEO02_1704 L.avi,46417,30.9447,1.019,0.16,1118.459,17.061,,AD,Attracted,
BSEO02_1704,Platycephalidae,Platycephalus,bassensis,1,224.247,37296003,BSEO02_1704 L.avi,21937,14.6247,2.433,0.325,1189.612,27.566,,AD,Passing,
BSEO02_1704,Dasyatidae,Dasyatis,brevicaudata,1,905.893,37035001,BSEO02_1704 L.avi,48345,32.23,1.539,11.294,1289.162,10.264,,AD,Feeding,
BSEO03_1704,Platycephalidae,Platycephalus,bassensis,1,260.678,37296003,BSEO03_1704 L.avi,39880,26.5867,0.787,0.185,876.426,14.308,,AD,Attracted,
BSEO03_1704,Heterodontidae,Heterodontus,portusjacksoni,1,399.59,37007001,BSEO03_1704 L.avi,67975,45.3167,3.001,2.064,1398.496,15.401,,J,Attracted,
BSEO03_1704,Sillaginidae,Sillaginodes,punctatus,1,283.688,37330001,BSEO03_1704 L.avi,83253,55.502,3.4,0.037,1496.637,26.583,,AD,Passing,
BSEO03_1704,Dasyatidae,Dasyatis,brevicaudata,1,887.504,37035001,BSEO03_1704 L.avi,85968,57.312,2.743,3.6,2038.995,12.594,,AD,Attracted,
BSEO03_1704,Carangidae,Trachurus,novaezelandiae,1,272.284,37337003,BSEO03_1704 L.avi,44921,29.9473,9.69,0.639,2569.831,26.644,,AD,Passing,
BSEO04_1704,Platycephalidae,Platycephalus,bassensis,1,221.957,37296003,BSEO04_1704 L.avi,81931,54.6207,1.618,0.466,1540.799,22.385,,AD,Attracted,
BSEO04_1704,Platycephalidae,Platycephalus,bassensis,1,203.591,37296003,BSEO04_1704 L.avi,81945,54.63,3.821,0.621,1883.714,19.966,,AD,Attracted,
BSEO04_1704,Mullidae,Upeneichthys,vlamingii,1,171.565,37355029,BSEO04_1704 L.avi,85545,57.03,4.236,0.774,1902.551,18.925,,AD,Passing,
BSEO04_1704,Sillaginidae,Sillaginodes,punctatus,1,316.753,37330001,BSEO04_1704 L.avi,55048,36.6987,6.651,1.151,2090.238,25.374,,AD,Passing,
BSWI01_1704,Odacidae,Neoodax,balteatus,1,79.565,37385005,BSWI01_1704 L.avi,86944,57.9627,1.141,0.919,893.728,22.559,,AD,Passing,
BSWI01_1704,Odacidae,Neoodax,balteatus,1,85.219,37385005,BSWI01_1704 L.avi,87143,58.0953,1.466,1.928,1003.963,26.608,,AD,Passing,
BSWI01_1704,Odacidae,Neoodax,balteatus,1,134.521,37385005,BSWI01_1704 L.avi,87127,58.0847,1.233,1.994,1033.236,10.727,,AD,Passing,
BSWI01_1704,Odacidae,Neoodax,balteatus,1,89.254,37385005,BSWI01_1704 L.avi,86912,57.9413,1.624,0.913,1149.623,18.148,,AD,Passing,
BSWI01_1704,Gerreidae,Parequula,melbournensis,1,106.371,37349001,BSWI01_1704 L.avi,57170,38.1133,2.327,0.985,1168.993,17.381,,AD,Passing,
BSWI01_1704,Monacanthidae,Acanthaluteres,spilomelanurus,1,55.964,37465043,BSWI01_1704 L.avi,91530,61.02,1.101,3.536,1332.195,31.322,,AD,Passing,
BSWI01_1704,Odacidae,Neoodax,balteatus,1,111.931,37385005,BSWI01_1704 L.avi,87083,58.0553,1.885,2.259,1582.083,20.401,,AD,Passing,
BSWI01_1704,Arripidae,Arripis,truttaceus,1,328.57,37344004,BSWI01_1704 L.avi,68896,45.9307,4.404,1.721,1716.493,15.867,,AD,Passing,
BSWI02_1704,Monacanthidae,Acanthaluteres,vittiger,1,69.399,37465002,BSWI02_1704 L.avi,22609,15.0727,0.398,0.216,497.202,10.918,,AD,Passing,
BSWI02_1704,Odacidae,Haletta,semifasciata,1,85.323,37385009,BSWI02_1704 L.avi,28425,18.95,1.583,1.888,902.809,26.873,,AD,Passing,
BSWI02_1704,Odacidae,Neoodax,balteatus,1,130.868,37385005,BSWI02_1704 L.avi,67184,44.7893,2.15,2.318,1373.734,3.056,,AD,Passing,
BSWI02_1704,Atherinidae,Kestratherina,esox,1,48.064,37246003,BSWI02_1704 L.avi,21166,14.1107,1.744,0.454,1439.377,32.576,,AD,Passing,
BSWI02_1704,Atherinidae,Kestratherina,esox,1,62.48,37246003,BSWI02_1704 L.avi,21166,14.1107,1.966,1.363,1445.908,25.145,,AD,Passing,
BSWI02_1704,Atherinidae,Kestratherina,esox,1,49.188,37246003,BSWI02_1704 L.avi,21166,14.1107,2.088,0.806,1474.899,24.982,,AD,Passing,
BSWI02_1704,Atherinidae,Kestratherina,esox,1,59.786,37246003,BSWI02_1704 L.avi,21166,14.1107,1.883,2.347,1478.594,21.591,,AD,Passing,
BSWI02_1704,Terapontidae,Pelates,octolineatus,1,135.94,37321020,BSWI02_1704 L.avi,88273,58.8487,3.189,1.063,1519.654,30.972,,AD,Passing,
BSWI02_1704,Atherinidae,Kestratherina,esox,1,48.115,37246003,BSWI02_1704 L.avi,21166,14.1107,1.363,1.882,1538.482,17.658,,AD,Passing,
BSWI02_1704,Atherinidae,Kestratherina,esox,1,53.058,37246003,BSWI02_1704 L.avi,21166,14.1107,2.222,1.013,1543.604,34.302,,AD,Passing,
BSWI02_1704,Terapontidae,Pelates,octolineatus,1,100.415,37321020,BSWI02_1704 L.avi,88273,58.8487,2.507,1.731,1569.737,21.407,,AD,Passing,
BSWI02_1704,Atherinidae,Kestratherina,esox,1,51.815,37246003,BSWI02_1704 L.avi,21166,14.1107,3.179,2.038,1582.45,32.088,,AD,Passing,
BSWI02_1704,Terapontidae,Pelates,octolineatus,1,105.095,37321020,BSWI02_1704 L.avi,88273,58.8487,1.996,2.484,1687.787,20.036,,AD,Passing,
BSWI02_1704,Atherinidae,Kestratherina,esox,1,75.332,37246003,BSWI02_1704 L.avi,21166,14.1107,1.858,3.134,1713.496,19.045,,AD,Passing,
BSWI02_1704,Hemiramphidae,Hyporhamphus,melanochir,1,273.313,37234001,BSWI02_1704 L.avi,66743,44.4953,2.493,1.584,1718.012,21.496,,AD,Passing,
BSWI02_1704,Terapontidae,Pelates,octolineatus,1,155.93,37321020,BSWI02_1704 L.avi,88273,58.8487,3.457,1.808,1721.953,8.329,,AD,Passing,
BSWI02_1704,Terapontidae,Pelates,octolineatus,1,132.91,37321020,BSWI02_1704 L.avi,88273,58.8487,4.412,3.807,1734.726,8.642,,AD,Passing,
BSWI02_1704,Terapontidae,Pelates,octolineatus,1,131.95,37321020,BSWI02_1704 L.avi,88273,58.8487,2.348,3.262,1781.044,12.642,,AD,Passing,
BSWI02_1704,Terapontidae,Pelates,octolineatus,1,116.726,37321020,BSWI02_1704 L.avi,88273,58.8487,2.914,2.109,1832.298,6.324,,AD,Passing,
BSWI02_1704,Terapontidae,Pelates,octolineatus,1,144.687,37321020,BSWI02_1704 L.avi,88273,58.8487,5.318,4.9,1859.948,24.208,,AD,Passing,
BSWI02_1704,Terapontidae,Pelates,octolineatus,1,141.898,37321020,BSWI02_1704 L.avi,88273,58.8487,2.06,4.281,2027.369,4.687,,AD,Passing,
BSWI02_1704,Hemiramphidae,Hyporhamphus,melanochir,1,231.397,37234001,BSWI02_1704 L.avi,66743,44.4953,2.044,2.884,2279.661,14.628,,AD,Passing,
BSWI02_1704,Hemiramphidae,Hyporhamphus,melanochir,1,183.853,37234001,BSWI02_1704 L.avi,66743,44.4953,3.172,2.444,2297.49,13.206,,AD,Passing,
BSWI02_1704,Monacanthidae,Unknown,sp,1,100.024,37465903,BSWI02_1704 L.avi,48377,32.2513,8.364,2.046,2357.242,29.48,,AD,Passing,
BSWI02_1704,Hemiramphidae,Hyporhamphus,melanochir,1,218.249,37234001,BSWI02_1704 L.avi,66743,44.4953,2.839,3.118,2458.198,18.408,,AD,Passing,
BSWI03_1704,Apogonidae,Siphamia,cephalotes,1,30,37327032,BSWI03_1704 L.avi,43885,29.2567,0.64,0.644,750.273,22.654,,AD,Passing,
BSWI03_1704,Odacidae,Neoodax,balteatus,1,67.281,37385005,BSWI03_1704 L.avi,55704,37.136,1.212,0.577,901.566,29.083,,AD,Passing,
BSWI03_1704,Monacanthidae,Acanthaluteres,vittiger,1,76.75,37465002,BSWI03_1704 L.avi,50610,33.74,0.86,1.623,973.445,14.876,,AD,Passing,
BSWI03_1704,Apogonidae,Vincentia,conspersa,1,60.589,37327033,BSWI03_1704 L.avi,30507,20.338,2.552,1.62,1146.357,22.819,,AD,Passing,
BSWI03_1704,Rhinobatidae,Trygonorrhina,dumerilii,1,740.906,37027011,BSWI03_1704 L.avi,73608,49.072,1.344,1.422,1147.313,15.303,,AD,Passing,
BSWI03_1704,Monacanthidae,Acanthaluteres,spilomelanurus,1,79.618,37465043,BSWI03_1704 L.avi,26160,17.44,1.009,1.252,1225.853,4.414,,AD,Passing,
BSWI03_1704,Odacidae,Neoodax,balteatus,1,69.124,37385005,BSWI03_1704 L.avi,55833,37.222,2.136,0.729,1395.27,5.032,,AD,Passing,
BSWI03_1704,Syngnathidae,Unknown,sp,1,98.676,37282000,BSWI03_1704 L.avi,22176,14.784,2.407,5.023,1698.124,2.765,,AD,Passing,
BSWI03_1704,Sphyraenidae,Sphyraena,novaehollandiae,1,214.441,37382002,BSWI03_1704 L.avi,63080,42.0533,4.578,1.298,1995.427,1.773,,AD,Passing,
BSWI03_1704,Sillaginidae,Sillaginodes,punctatus,1,292.124,37330001,BSWI03_1704 L.avi,70002,46.668,7.847,3.705,2200.248,24.399,,AD,Passing,
BSWI04_1704,Loliginidae,Sepioteuthis,australis,1,306.758,23617005,BSWI04_1704 L.avi,66584,44.3893,0.55,3.76,592.146,14.134,,AD,Passing,
BSWI04_1704,Odacidae,Neoodax,balteatus,1,90.038,37385005,BSWI04_1704 L.avi,45766,30.5107,1.813,2.348,1216.645,19.163,,AD,Passing,
BSWI04_1704,Odacidae,Neoodax,balteatus,1,79.853,37385005,BSWI04_1704 L.avi,45344,30.2293,2.908,0.868,1289.217,10.402,,AD,Passing,
BSWI04_1704,Odacidae,Neoodax,balteatus,1,80.273,37385005,BSWI04_1704 L.avi,45652,30.4347,1.587,0.368,1376.781,17.109,,AD,Passing,
BSWI04_1704,Odacidae,Neoodax,balteatus,1,110.416,37385005,BSWI04_1704 L.avi,45508,30.3387,3.394,2.136,1552.358,25.166,,AD,Passing,
BSWI04_1704,Sillaginidae,Sillaginodes,punctatus,1,313.735,37330001,BSWI04_1704 L.avi,47937,31.958,6.882,2.893,2419.461,19.044,,AD,Passing,
BSWI04_1704,Sphyraenidae,Sphyraena,novaehollandiae,1,364.321,37382002,BSWI04_1704 L.avi,34465,22.9767,6.216,3.391,2632.895,14.969,,AD,Passing,
BSWO01_1704,Monacanthidae,Acanthaluteres,sp,1,144.78,37465905,BSWO01_1704 L.avi,30056,20.0373,0.745,0.101,851.846,23.299,,AD,Passing,
BSWO01_1704,Monacanthidae,Acanthaluteres,sp,1,138.076,37465905,BSWO01_1704 L.avi,29871,19.914,1.485,0.267,993.262,20.713,,AD,Passing,
BSWO01_1704,Monacanthidae,Acanthaluteres,sp,1,136.085,37465905,BSWO01_1704 L.avi,30033,20.022,1.328,0.55,1119.878,28.576,,AD,Passing,
BSWO01_1704,Monacanthidae,Acanthaluteres,sp,1,160.802,37465905,BSWO01_1704 L.avi,29941,19.9607,1.792,0.487,1208.639,20.257,,AD,Passing,
BSWO01_1704,Monacanthidae,Acanthaluteres,sp,1,135.077,37465905,BSWO01_1704 L.avi,29941,19.9607,1.51,0.299,1345.257,20.27,,AD,Passing,
BSWO01_1704,Monacanthidae,Acanthaluteres,sp,1,158.234,37465905,BSWO01_1704 L.avi,29941,19.9607,2.441,0.58,1479.86,28.956,,AD,Passing,
BSWO01_1704,Arripidae,Arripis,georgianus,1,187.814,37344001,BSWO01_1704 L.avi,75602,50.4013,3.474,0.451,1596.318,15.639,,AD,Passing,
BSWO01_1704,Arripidae,Arripis,georgianus,1,183.827,37344001,BSWO01_1704 L.avi,75634,50.4227,3.257,0.337,1854.546,15.574,,AD,Passing,
BSWO01_1704,Monacanthidae,Acanthaluteres,sp,1,157.171,37465905,BSWO01_1704 L.avi,29871,19.914,2.853,0.51,2030.426,7.101,,AD,Passing,
BSWO01_1704,Monacanthidae,Acanthaluteres,sp,1,148.451,37465905,BSWO01_1704 L.avi,29871,19.914,4.369,0.523,2173.219,7.964,,AD,Passing,
BSWO01_1704,Loliginidae,Sepioteuthis,australis,1,164.279,23617005,BSWO01_1704 L.avi,20461,13.6407,7.133,0.564,2212.324,32.061,,AD,Passing,
BSWO01_1704,Odacidae,Haletta,semifasciata,1,155.239,37385009,BSWO01_1704 L.avi,11552,7.7013,4.369,0.323,2293.522,26.119,,AD,Passing,
BSWO02_1704,Monacanthidae,Unknown,sp,1,57.687,37465903,BSWO02_1704_L.avi,53553,35.702,0.494,0.269,518.239,8.815,,J,Attracted,
BSWO02_1704,Odacidae,Haletta,semifasciata,1,187.331,37385009,BSWO02_1704_L.avi,76670,51.1133,3.363,0.158,1978.77,2.549,,AD,Passing,
BSWO02_1704,Sillaginidae,Sillaginodes,punctatus,1,292.178,37330001,BSWO02_1704_L.avi,55316,36.8773,4.97,0.825,2747.988,4.961,,AD,Passing,
BSWO02_1704,Arripidae,Arripis,truttaceus,1,279.255,37344004,BSWO02_1704_L.avi,84651,56.434,10.648,0.725,2837.277,22.354,,AD,Passing,
BSWO03_1704,Odacidae,Neoodax,balteatus,1,87.547,37385005,BSWO03_1704_L.avi,33016,22.0107,3.338,0.623,1405.138,17.308,,AD,Attracted,
BSWO03_1704,Arripidae,Arripis,truttaceus,1,323.16,37344004,BSWO03_1704_L.avi,55030,36.6867,3.15,0.386,1595.75,22.467,,AD,Passing,
BSWO03_1704,Odacidae,Neoodax,balteatus,1,77.519,37385005,BSWO03_1704_L.avi,33016,22.0107,1.891,0.19,1684.822,13.707,,AD,Attracted,
BSWO03_1704,Odacidae,Neoodax,balteatus,1,74.322,37385005,BSWO03_1704_L.avi,33016,22.0107,1.824,0.536,1855.032,16.082,,AD,Attracted,
BSWO03_1704,Sillaginidae,Sillaginodes,punctatus,1,332.149,37330001,BSWO03_1704_L.avi,67964,45.3093,3.891,0.146,1966.867,26.301,,AD,Attracted,
BSWO03_1704,Sillaginidae,Sillaginodes,punctatus,1,277.596,37330001,BSWO03_1704_L.avi,67964,45.3093,7.515,0.226,2151.801,26.554,,AD,Attracted,
BSWO03_1704,Sillaginidae,Sillaginodes,punctatus,1,293.258,37330001,BSWO03_1704_L.avi,67964,45.3093,1.91,0.247,2244.42,8.02,,AD,Attracted,
BSWO03_1704,Sillaginidae,Sillaginodes,punctatus,1,267.414,37330001,BSWO03_1704_L.avi,68001,45.334,3.398,0.495,2360.672,6.978,,AD,Attracted,
BSWO04_1704,Odacidae,Neoodax,balteatus,1,79.878,37385005,BSWO04_1704_L.avi,88733,59.1553,1.119,0.081,1038.972,15.766,,AD,Attracted,
BSWO04_1704,Loliginidae,Sepioteuthis,australis,1,238.221,23617005,BSWO04_1704_L.avi,74291,49.5273,3.059,0.455,1340.847,26.342,,AD,Attracted,
BSWO04_1704,Odacidae,Neoodax,balteatus,1,93.337,37385005,BSWO04_1704_L.avi,88753,59.1687,2.068,0.201,1439.396,24.916,,AD,Attracted,
BSWO04_1704,Arripidae,Arripis,truttaceus,1,322.891,37344004,BSWO04_1704_L.avi,72725,48.4833,3.654,0.491,2479.21,14.361,,AD,Passing,
BSWO04_1704,Sillaginidae,Sillaginodes,punctatus,1,305.016,37330001,BSWO04_1704_L.avi,36788,24.5253,2.454,0.702,2826.402,4.243,,AD,Passing,
BSWO04_1704,Sillaginidae,Sillaginodes,punctatus,1,315.945,37330001,BSWO04_1704_L.avi,36788,24.5253,5.84,0.22,2829.03,7.106,,AD,Passing,
BSWO04_1704,Sillaginidae,Sillaginodes,punctatus,1,287.646,37330001,BSWO04_1704_L.avi,36788,24.5253,3.168,1.111,2845.565,1.483,,AD,Passing,
BSWO04_1704,Sillaginidae,Sillaginodes,punctatus,1,297.068,37330001,BSWO04_1704_L.avi,36788,24.5253,7.817,0.434,2882.563,16.612,,AD,Passing,
BSWO04_1704,Sillaginidae,Sillaginodes,punctatus,1,317.624,37330001,BSWO04_1704_L.avi,36788,24.5253,4.134,0.981,2899.61,9.18,,AD,Passing,
BSWO04_1704,Sillaginidae,Sillaginodes,punctatus,1,315.655,37330001,BSWO04_1704_L.avi,36788,24.5253,2.702,0.503,3000.315,4.418,,AD,Passing,
BSWO04_1704,Sillaginidae,Sillaginodes,punctatus,1,344.883,37330001,BSWO04_1704_L.avi,36788,24.5253,4.488,1.179,3224.214,1.634,,AD,Passing,
CECO02_1701,Apogonidae,Siphamia,cephalotes,1,39.52,37327032,CECO02_1701_L.avi,156783,52.261,0.415,1.229,469.235,2.655,,AD,Passing,
CECO03_1701,Arripidae,Arripis,georgianus,1,149.583,37344001,CECO03_1701_L.avi,165002,55.0007,7.473,1.315,2332.65,28.229,,AD,Passing,
CECO03_1701,Arripidae,Arripis,georgianus,1,162.951,37344001,CECO03_1701_L.avi,165002,55.0007,7.068,3.181,2567.586,22.803,,AD,Passing,
CECO03_1701,Arripidae,Arripis,georgianus,1,177.408,37344001,CECO03_1701_L.avi,165002,55.0007,6.538,1.404,2544.12,18.539,,AD,Passing,
CECO03_1701,Arripidae,Arripis,georgianus,1,148.336,37344001,CECO03_1701_L.avi,165002,55.0007,5.573,1.267,2712.969,16.674,,AD,Passing,
CECO03_1701,Arripidae,Arripis,georgianus,1,176.526,37344001,CECO03_1701_L.avi,165002,55.0007,5.136,1.237,2477.195,12.923,,AD,Passing,
CECO03_1701,Arripidae,Arripis,georgianus,1,163.449,37344001,CECO03_1701_L.avi,165002,55.0007,3.896,1.043,2516.747,11.266,,AD,Passing,
CENI01_1701,Arripidae,Arripis,georgianus,1,207.5,37344001,CENI01_1701_L.avi,48340,16.1133,1.507,5.552,2014.129,4.823,,AD,Passing,
CENI02_1701,Arripidae,Arripis,georgianus,1,162.921,37344001,CENI02_1701_L.avi,48647,16.2157,2.413,1.503,2791.183,9.992,,AD,Passing,
CENI02_1701,Arripidae,Arripis,georgianus,1,164.848,37344001,CENI02_1701_L.avi,48647,16.2157,10.879,1.88,2865.634,20.231,,AD,Passing,
CENI02_1701,Arripidae,Arripis,georgianus,1,130.702,37344001,CENI02_1701_L.avi,48647,16.2157,13.442,2.687,3086.71,24.689,,AD,Passing,
CENI02_1701,Carangidae,Pseudocaranx,sp,1,225.377,37337924,CENI02_1701_L.avi,173486,57.8287,4.273,0.548,1721.791,21.025,,AD,Passing,
CENO02_1701,Carangidae,Pseudocaranx,sp,1,232.547,37337924,CENO02_1701_L.avi,149884,49.9613,3.988,3.526,1869.233,19.687,,AD,Passing,
CENO02_1701,Carangidae,Pseudocaranx,sp,1,227.145,37337924,CENO02_1701_L.avi,149884,49.9613,4.466,2.931,2131.606,25.161,,AD,Passing,
CENO04_1701,Carangidae,Pseudocaranx,sp,1,242.562,37337924,CENO04_1701_L.avi,138441,46.147,5.003,2.376,2311.668,26.146,,AD,Passing,
CECI02_1701,Carangidae,Trachurus,novaezelandiae,1,218.745,37337003,CECI02_1701_L.avi,32225,10.7417,7.885,1.258,3721.242,19.779,,AD,Passing,
CECI03_1701,Carangidae,Trachurus,novaezelandiae,1,185.819,37337003,CECI03_1701_L.avi,161728,53.9093,2.975,3.176,1544.264,31.075,,AD,Passing,
CECI04_1701,Carangidae,Trachurus,novaezelandiae,1,204.865,37337003,CECI04_1701_L.avi,107687,35.8957,3.432,0.74,1458.994,29.818,,AD,Passing,
CECI04_1701,Carangidae,Trachurus,novaezelandiae,1,202.063,37337003,CECI04_1701_L.avi,107735,35.9117,2.679,0.489,1998.495,14.099,,AD,Passing,
CECO03_1701,Carangidae,Trachurus,novaezelandiae,1,195.434,37337003,CECO03_1701_L.avi,147675,49.225,3.966,1.151,1783.923,10.929,,AD,Passing,
CENO04_1701,Carangidae,Trachurus,novaezelandiae,1,210.867,37337003,CENO04_1701_L.avi,64934,21.6447,1.362,1.287,1193.952,19.629,,AD,Passing,
CENO04_1701,Carangidae,Trachurus,novaezelandiae,1,202.213,37337003,CENO04_1701_L.avi,64934,21.6447,1.204,0.31,1209.763,17.719,,AD,Passing,
CENO04_1701,Carangidae,Trachurus,novaezelandiae,1,197.537,37337003,CENO04_1701_L.avi,64934,21.6447,1.957,0.572,1617.607,3.628,,AD,Passing,
CENO04_1701,Carangidae,Trachurus,novaezelandiae,1,198.65,37337003,CENO04_1701_L.avi,64934,21.6447,3.958,1.639,1972.451,6.608,,AD,Passing,
CENO04_1701,Carangidae,Trachurus,novaezelandiae,1,182.712,37337003,CENO04_1701_L.avi,64948,21.6493,2.155,0.417,1372.326,19.416,,AD,Passing,
CENO04_1701,Carangidae,Trachurus,novaezelandiae,1,183.194,37337003,CENO04_1701_L.avi,64954,21.6513,1.31,0.524,1399.596,14.92,,AD,Passing,
CESI02_1701,Carangidae,Trachurus,novaezelandiae,1,195.653,37337003,CESI02_1701_L.avi,162834,54.278,1.016,3.463,1069.41,10.656,,AD,Passing,
CESI02_1701,Carangidae,Trachurus,novaezelandiae,1,193.511,37337003,CESI02_1701_L.avi,162834,54.278,2.306,1.228,1650.501,28.575,,AD,Passing,
CESI02_1701,Carangidae,Trachurus,novaezelandiae,1,180.949,37337003,CESI02_1701_L.avi,162905,54.3017,1.292,0.88,1493.266,10.955,,AD,Passing,
CESI04_1701,Carangidae,Trachurus,novaezelandiae,1,198.73,37337003,CESI04_1701_L.avi,150779,50.2597,2.042,0.729,1472.149,17.237,,AD,Passing,
CESI04_1701,Carangidae,Trachurus,novaezelandiae,1,183.504,37337003,CESI04_1701_L.avi,150792,50.264,4.541,2.1,1629.108,19.135,,AD,Passing,
CESI04_1701,Carangidae,Trachurus,novaezelandiae,1,186.972,37337003,CESI04_1701_L.avi,150792,50.264,1.675,2.749,1930.818,7.432,,AD,Passing,
CESO03_1701,Carangidae,Trachurus,novaezelandiae,1,186.467,37337003,CESO03_1701_L.avi,75178,25.0593,5.083,1.775,1942.445,16.537,,AD,Passing,
CESO04_1701,Carangidae,Trachurus,novaezelandiae,1,203.304,37337003,CESO04_1701_L.avi,64523,21.5077,3.337,5.291,2038.824,3.792,,AD,Passing,
CENI01_1701,Chaetodontidae,Chelmonops,curiosus,1,143.09,37365066,CENI01_1701_L.avi,73850,24.6167,3.858,6.817,2291.854,25.033,,AD,Passing,
CENI03_1701,Chaetodontidae,Chelmonops,curiosus,1,189.038,37365066,CENI03_1701_L.avi,157937,52.6457,3.225,1.735,1791.341,20.913,,AD,Passing,
CENI03_1701,Cheilodactylidae,Nemadactylus,valenciennesi,1,494.268,37377004,CENI03_1701_L.avi,62894,20.9647,4.446,1.415,2020.877,22.673,,AD,Passing,
CESO03_1701,Enoplosidae,Enoplosus,armatus,1,158.007,37366001,CESO03_1701_L.avi,125523,41.841,3.649,1.666,1996.867,21.753,,AD,Passing,
CECI01_1701,Gerreidae,Parequula,melbournensis,1,86.617,37349001,CECI01_1701_L.avi,32585,10.8617,3.533,2.556,1749.172,14.159,,AD,Passing,
CECI01_1701,Gerreidae,Parequula,melbournensis,1,113.815,37349001,CECI01_1701_L.avi,32626,10.8753,1.631,0.32,1108.789,27.98,,AD,Passing,
CECI02_1701,Gerreidae,Parequula,melbournensis,1,116.554,37349001,CECI02_1701_L.avi,100971,33.657,3.068,6.058,1416.005,14.939,,AD,Passing,
CECI03_1701,Gerreidae,Parequula,melbournensis,1,104.334,37349001,CECI03_1701_L.avi,32047,10.6823,2.862,0.578,1479.345,28.072,,AD,Passing,
CECI03_1701,Gerreidae,Parequula,melbournensis,1,107.689,37349001,CECI03_1701_L.avi,32071,10.6903,2.026,0.203,1312.297,17.179,,AD,Passing,
CECI04_1701,Gerreidae,Parequula,melbournensis,1,81.489,37349001,CECI04_1701_L.avi,66689,22.2297,3.537,1.411,1566.489,7.045,,AD,Passing,
CECI04_1701,Gerreidae,Parequula,melbournensis,1,94.456,37349001,CECI04_1701_L.avi,66769,22.2563,1.333,1.519,1266.267,18.762,,AD,Passing,
CECI04_1701,Gerreidae,Parequula,melbournensis,1,91.308,37349001,CECI04_1701_L.avi,66769,22.2563,1.718,0.697,1054.07,11.825,,AD,Passing,
CECO01_1701,Gerreidae,Parequula,melbournensis,1,116.168,37349001,CECO01_1701_L.avi,73526,24.5087,2.082,2.627,1448.643,20.967,,AD,Passing,
CECO01_1701,Gerreidae,Parequula,melbournensis,1,110.379,37349001,CECO01_1701_L.avi,73526,24.5087,1.642,0.743,1038.579,21.616,,AD,Passing,
CECO02_1701,Gerreidae,Parequula,melbournensis,1,85.225,37349001,CECO02_1701_L.avi,20884,6.9613,0.774,0.681,1009.593,3.099,,AD,Passing,
CECO02_1701,Gerreidae,Parequula,melbournensis,1,70.277,37349001,CECO02_1701_L.avi,20884,6.9613,1.828,0.748,1117.097,19.498,,AD,Passing,
CECO03_1701,Gerreidae,Parequula,melbournensis,1,134.372,37349001,CECO03_1701_L.avi,69400,23.1333,0.518,16.207,566.325,18.685,,AD,Passing,
CECO03_1701,Gerreidae,Parequula,melbournensis,1,93.714,37349001,CECO03_1701_L.avi,69420,23.14,0.791,0.171,909.888,14.481,,AD,Passing,
CENI01_1701,Gerreidae,Parequula,melbournensis,1,74.196,37349001,CENI01_1701_L.avi,110187,36.729,0.938,8.129,1061.992,14.386,,AD,Passing,
CENI02_1701,Gerreidae,Parequula,melbournensis,1,102.332,37349001,CENI02_1701_L.avi,25399,8.4663,2.837,1.51,1550.203,15.011,,AD,Passing,
CENI03_1701,Gerreidae,Parequula,melbournensis,1,112.738,37349001,CENI03_1701_L.avi,34718,11.5727,3.224,3.926,1658.094,31.145,,AD,Passing,
CENI04_1701,Gerreidae,Parequula,melbournensis,1,81.541,37349001,CENI04_1701_L.avi,21502,7.1673,0.763,1.624,998.41,5.94,,AD,Passing,
CENO01_1701,Gerreidae,Parequula,melbournensis,1,129.894,37349001,CENO01_1701_L.avi,45151,15.0503,1.992,1.043,1265.54,21.656,strong current,AD,Passing,
CENO02_1701,Gerreidae,Parequula,melbournensis,1,112.868,37349001,CENO02_1701_L.avi,34052,11.3507,3.593,0.663,1595.019,18.828,,AD,Passing,
CENO02_1701,Gerreidae,Parequula,melbournensis,1,111.442,37349001,CENO02_1701_L.avi,34052,11.3507,2.313,0.959,1541.986,26.452,,AD,Passing,
CENO03_1701,Gerreidae,Parequula,melbournensis,1,94.105,37349001,CENO03_1701_L.avi,22672,7.5573,1.825,0.778,1606.885,9.554,,AD,Passing,
CENO03_1701,Gerreidae,Parequula,melbournensis,1,104.501,37349001,CENO03_1701_L.avi,22672,7.5573,1.172,1.163,1673.811,6.871,,AD,Passing,
CENO04_1701,Gerreidae,Parequula,melbournensis,1,125.882,37349001,CENO04_1701_L.avi,53942,17.9807,1.342,0.527,1160.04,26.657,,AD,Passing,
CESI01_1701,Gerreidae,Parequula,melbournensis,1,86.658,37349001,CESI01_1701_L.avi,21169,7.0563,1.132,3.816,1081.455,25.101,,AD,Passing,
CESI01_1701,Gerreidae,Parequula,melbournensis,1,110.984,37349001,CESI01_1701_L.avi,21184,7.0613,1.717,2.328,1633.833,2.352,,AD,Passing,
CESI01_1701,Gerreidae,Parequula,melbournensis,1,88.275,37349001,CESI01_1701_L.avi,21184,7.0613,1.968,2.111,1706.565,3.047,,AD,Passing,
CESI02_1701,Gerreidae,Parequula,melbournensis,1,84.086,37349001,CESI02_1701_L.avi,43247,14.4157,1.089,1.892,1129.18,18.188,,AD,Passing,
CESI04_1701,Gerreidae,Parequula,melbournensis,1,96.793,37349001,CESI04_1701_L.avi,56230,18.7433,0.705,4.94,870.46,13.783,,AD,Passing,
CESO01_1701,Gerreidae,Parequula,melbournensis,1,98.651,37349001,CESO01_1701_L.avi,102656,34.2187,1.694,0.359,1220.225,17.885,,AD,Passing,
CESO01_1701,Gerreidae,Parequula,melbournensis,1,67.741,37349001,CESO01_1701_L.avi,102656,34.2187,0.485,0.586,611.018,17.153,,AD,Passing,
CESO03_1701,Gerreidae,Parequula,melbournensis,1,66.556,37349001,CESO03_1701_L.avi,32332,10.7773,0.453,1.381,580.679,19.324,,AD,Passing,
CESO03_1701,Gerreidae,Parequula,melbournensis,1,78.856,37349001,CESO03_1701_L.avi,32495,10.8317,1.056,2.298,1027.818,17.002,,AD,Passing,
CESO04_1701,Gerreidae,Parequula,melbournensis,1,105.835,37349001,CESO04_1701_L.avi,32601,10.867,1.848,2.162,1763.992,5.135,,AD,Passing,
CESO04_1701,Gerreidae,Parequula,melbournensis,1,93.472,37349001,CESO04_1701_L.avi,32626,10.8753,2.098,0.567,1467.864,30.786,,AD,Passing,
CECI01_1701,Labridae,Austrolabrus,maculatus,1,95.321,37384025,CECI01_1701_L.avi,12605,4.2017,3.714,3.398,1831.513,29.956,,AD,Passing,
CECI02_1701,Labridae,Austrolabrus,maculatus,1,147.75,37384025,CECI02_1701_L.avi,26258,8.7527,4.815,2.233,2002.116,12.308,,AD,Passing,
CECI03_1701,Labridae,Austrolabrus,maculatus,1,128.432,37384025,CECI03_1701_L.avi,42255,14.085,2.449,0.984,1450.851,28.854,,AD,Passing,
CECI04_1701,Labridae,Austrolabrus,maculatus,1,106.273,37384025,CECI04_1701_L.avi,138628,46.2093,0.97,6.633,1012.812,25.545,,AD,Passing,
CENI03_1701,Labridae,Austrolabrus,maculatus,1,149.675,37384025,CENI03_1701_L.avi,123428,41.1427,3.294,1.625,1932.089,28.017,,AD,Passing,
CENO01_1701,Labridae,Austrolabrus,maculatus,1,106.65,37384025,CENO01_1701_L.avi,50093,16.6977,9.259,0.831,2468.47,26.02,strong current,AD,Passing,
CENO04_1701,Labridae,Austrolabrus,maculatus,1,113.35,37384025,CENO04_1701_L.avi,22869,7.623,2.572,0.506,1460.746,29.461,,AD,Passing,
CESO04_1701,Labridae,Austrolabrus,maculatus,1,75.629,37384025,CESO04_1701_L.avi,26979,8.993,1.135,3.17,1043.974,15.633,,AD,Passing,
CECI03_1701,Labridae,Notolabrus,parilus,1,318.708,37384022,CECI03_1701_L.avi,181734,60.578,5.287,11.212,3310.585,7.332,,AD,Passing,
CENO04_1701,Labridae,Notolabrus,parilus,1,333.79,37384022,CENO04_1701_L.avi,29154,9.718,4.403,5.251,2171.038,22.317,,AD,Passing,
CESO04_1701,Labridae,Notolabrus,parilus,1,276.956,37384022,CESO04_1701_L.avi,148230,49.41,6.497,4.47,2928.409,10.413,,AD,Passing,
CECI01_1701,Loliginidae,Sepioteuthis,australis,1,258.835,23617005,CECI01_1701_L.avi,64863,21.621,2.684,1.637,1245.98,17.604,,AD,Passing,
CECI02_1701,Loliginidae,Sepioteuthis,australis,1,249.613,23617005,CECI02_1701_L.avi,108091,36.0303,12.443,1.994,2691.56,25.266,,AD,Passing,
CECO01_1701,Loliginidae,Sepioteuthis,australis,1,210.633,23617005,CECO01_1701_L.avi,150483,50.161,1.058,2.636,1027.791,18.41,,AD,Passing,
CECO04_1701,Loliginidae,Sepioteuthis,australis,1,243.332,23617005,CECO04_1701_L.avi,169161,56.387,1.252,1.408,1257.123,19.848,,AD,Passing,
CENI01_1701,Loliginidae,Sepioteuthis,australis,1,278.2,23617005,CENI01_1701_L.avi,114973,38.3243,6.509,1.019,2517.264,23.905,,AD,Passing,
CENI02_1701,Loliginidae,Sepioteuthis,australis,1,172.533,23617005,CENI02_1701_L.avi,141235,47.0783,2.603,1.363,2073.889,2.805,,AD,Passing,
CENO01_1701,Loliginidae,Sepioteuthis,australis,1,289.234,23617005,CENO01_1701_L.avi,151347,50.449,6.07,0.651,2493.896,24.1,strong current,AD,Passing,
CENO01_1701,Loliginidae,Sepioteuthis,australis,1,295.592,23617005,CENO01_1701_L.avi,151347,50.449,7.085,1.77,2382.804,19.168,strong current,AD,Passing,
CENO01_1701,Loliginidae,Sepioteuthis,australis,1,262.82,23617005,CENO01_1701_L.avi,151398,50.466,3.332,1.075,1396.465,29.341,strong current,AD,Passing,
CESI01_1701,Loliginidae,Sepioteuthis,australis,1,281.495,23617005,CESI01_1701_L.avi,173514,57.838,3.992,0.538,2049.029,25.605,,AD,Passing,
CESI01_1701,Loliginidae,Sepioteuthis,australis,1,242.761,23617005,CESI01_1701_L.avi,173535,57.845,7.88,0.458,2734.844,14.845,,AD,Passing,
CESI01_1701,Loliginidae,Sepioteuthis,australis,1,197.169,23617005,CESI01_1701_L.avi,173535,57.845,2.287,1.141,2372.65,18.244,,AD,Passing,
CESI01_1701,Loliginidae,Sepioteuthis,australis,1,235.083,23617005,CESI01_1701_L.avi,173535,57.845,13.432,3.158,3434.638,21.086,,AD,Passing,
CESI01_1701,Loliginidae,Sepioteuthis,australis,1,200.318,23617005,CESI01_1701_L.avi,173535,57.845,3.929,2.671,2545.456,19.234,,AD,Passing,
CESI02_1701,Loliginidae,Sepioteuthis,australis,1,291.694,23617005,CESI02_1701_L.avi,22123,7.3743,1.647,0.775,1493.387,21.071,,AD,Passing,
CESI04_1701,Loliginidae,Sepioteuthis,australis,1,295.16,23617005,CESI04_1701_L.avi,119055,39.685,12.038,3.416,2780.667,19.078,,AD,Passing,
CESO03_1701,Loliginidae,Sepioteuthis,australis,1,210.135,23617005,CESO03_1701_L.avi,105173,35.0577,2.226,0.377,1507.037,18.169,,AD,Passing,
CESO04_1701,Loliginidae,Sepioteuthis,australis,1,302.171,23617005,CESO04_1701_L.avi,102536,34.1787,2.707,3.508,1435.017,29.718,,AD,Passing,
CECI02_1701,Monacanthidae,Acanthaluteres,brownii,1,179.072,37465001,CECI02_1701_L.avi,92321,30.7737,2.404,2.75,1620.353,16.969,,AD,Passing,
CENI03_1701,Monacanthidae,Acanthaluteres,brownii,1,242.521,37465001,CENI03_1701_L.avi,65028,21.676,6.457,1.418,2725.829,22.649,,AD,Passing,
CENI03_1701,Monacanthidae,Acanthaluteres,brownii,1,228.64,37465001,CENI03_1701_L.avi,65028,21.676,7.185,0.569,3058.464,26.042,,AD,Passing,
CECI01_1701,Monacanthidae,Acanthaluteres,vittiger,1,142.983,37465002,CECI01_1701_L.avi,171551,57.1837,0.657,1.001,863.834,9.649,,F,Passing,
CENO02_1701,Monacanthidae,Acanthaluteres,vittiger,1,158.638,37465002,CENO02_1701_L.avi,48373,16.1243,5.873,0.511,2065.652,21.398,,AD,Passing,
CENO02_1701,Monacanthidae,Acanthaluteres,vittiger,1,158.933,37465002,CENO02_1701_L.avi,48373,16.1243,6.322,3.426,2176.21,23.09,,AD,Passing,
CENO03_1701,Monacanthidae,Acanthaluteres,vittiger,1,148.583,37465002,CENO03_1701_L.avi,116287,38.7623,0.849,3.472,961.502,22.296,,F,Passing,
CECI03_1701,Monacanthidae,Meuschenia,freycineti,1,211.546,37465036,CECI03_1701_L.avi,71025,23.675,4.847,0.232,2118.328,5.883,,F,Passing,
CENO01_1701,Monacanthidae,Meuschenia,freycineti,1,185.213,37465036,CENO01_1701_L.avi,168463,56.1543,1.917,2.1,1509.493,4.471,strong current,AD,Passing,
CECO04_1701,Monacanthidae,Meuschenia,hippocrepis,1,183.375,37465004,CECO04_1701_L.avi,21314,7.1047,2.909,1.284,1427.505,22.706,,AD,Passing,
CENI01_1701,Monacanthidae,Meuschenia,hippocrepis,1,190.025,37465004,CENI01_1701_L.avi,96897,32.299,0.804,0.333,1020.898,9.336,,AD,Passing,
CENI03_1701,Monacanthidae,Meuschenia,hippocrepis,1,204.29,37465004,CENI03_1701_L.avi,17540,5.8467,1.389,2.953,1380.113,23.538,,AD,Passing,
CENO04_1701,Monacanthidae,Meuschenia,hippocrepis,1,216.765,37465004,CENO04_1701_L.avi,25209,8.403,6.798,0.916,2215.214,19.471,,AD,Passing,
CECI02_1701,Monacanthidae,Scobinichthys,granulatus,1,127.98,37465007,CECI02_1701_L.avi,47034,15.678,2.687,0.561,1769.001,13.512,,AD,Passing,
CECI03_1701,Monacanthidae,Scobinichthys,granulatus,1,186.894,37465007,CECI03_1701_L.avi,84021,28.007,2.169,1.616,1773.706,7.221,,AD,Passing,
CECI04_1701,Monacanthidae,Scobinichthys,granulatus,1,90.788,37465007,CECI04_1701_L.avi,48392,16.1307,0.686,0.494,892.729,15.936,,AD,Passing,
CECO01_1701,Monacanthidae,Scobinichthys,granulatus,1,131.646,37465007,CECO01_1701_L.avi,28333,9.4443,3.759,8.29,1651.465,15.715,,AD,Passing,
CECO02_1701,Monacanthidae,Scobinichthys,granulatus,1,145.75,37465007,CECO02_1701_L.avi,52853,17.6177,3.238,4.001,1527.193,29.892,,AD,Passing,
CENO02_1701,Monacanthidae,Scobinichthys,granulatus,1,182.816,37465007,CENO02_1701_L.avi,67960,22.6533,1.366,3.966,1217.535,11.96,,AD,Passing,
CENO02_1701,Monacanthidae,Scobinichthys,granulatus,1,158.924,37465007,CENO02_1701_L.avi,68040,22.68,0.916,0.813,1125.195,9.476,,AD,Passing,
CENO03_1701,Monacanthidae,Scobinichthys,granulatus,1,193.281,37465007,CENO03_1701_L.avi,23929,7.9763,1.127,0.593,1513.295,10.717,,AD,Passing,
CENO03_1701,Monacanthidae,Scobinichthys,granulatus,1,177.596,37465007,CENO03_1701_L.avi,23973,7.991,2.014,0.205,1505.246,32.109,,AD,Passing,
CESI03_1701,Monacanthidae,Scobinichthys,granulatus,1,138.908,37465007,CESI03_1701_R.avi,172142,57.3807,2.526,0.723,2003.028,16.049,,AD,Passing,
CESO02_1701,Monacanthidae,Scobinichthys,granulatus,1,171.332,37465007,CESO02_1701_L.avi,63296,21.0987,1.358,1.322,1300.717,16.033,,AD,Passing,
CESO03_1701,Monacanthidae,Scobinichthys,granulatus,1,167.486,37465007,CESO03_1701_L.avi,98894,32.9647,1.952,3.033,1192.377,25.598,,AD,Passing,
CECI02_1701,Mullidae,Upeneichthys,vlamingii,1,200.826,37355029,CECI02_1701_L.avi,58682,19.5607,5.055,1.769,1774.395,30.272,,AD,Passing,
CECO01_1701,Mullidae,Upeneichthys,vlamingii,1,108.022,37355029,CECO01_1701_L.avi,31959,10.653,2.054,0.683,1759.56,18.574,,AD,Passing,
CECO01_1701,Mullidae,Upeneichthys,vlamingii,1,124.902,37355029,CECO01_1701_L.avi,31961,10.6537,1.374,1.979,1747.715,11.984,,AD,Passing,
CECO02_1701,Mullidae,Upeneichthys,vlamingii,1,193.058,37355029,CECO02_1701_L.avi,111302,37.1007,1.621,1.039,1124.61,20.947,,AD,Passing,
CENI02_1701,Mullidae,Upeneichthys,vlamingii,1,223.042,37355029,CENI02_1701_L.avi,89361,29.787,3.58,0.171,1440.453,30.666,,AD,Passing,
CENO02_1701,Mullidae,Upeneichthys,vlamingii,1,162.96,37355029,CENO02_1701_L.avi,109515,36.505,1.789,1.02,1810.124,5.62,,AD,Passing,
CENO04_1701,Mullidae,Upeneichthys,vlamingii,1,188.117,37355029,CENO04_1701_L.avi,73473,24.491,0.877,0.162,951.076,14.049,,AD,Passing,
CECO03_1701,Odacidae,Neoodax,balteatus,1,105.993,37385005,CECO03_1701_L.avi,18124,6.0413,1.507,0.27,1742.294,4.974,,AD,Passing,
CECO04_1701,Odacidae,Olisthops,cyanomelas,1,296.884,37385001,CECO04_1701_L.avi,48880,16.2933,4.195,6.776,3619.135,7.565,,AD,Passing,
CESI01_1701,Ostraciidae,Aracana,aurita,1,87.066,37466003,CESI01_1701_L.avi,36739,12.2463,1.73,0.468,1052.361,22.769,,AD,Passing,
CECI02_1701,Pempherididae,Pempheris,klunzingeri,1,70.494,37357003,CECI02_1701_L.avi,52420,17.4733,1.193,0.576,1334.812,19.97,,AD,Passing,
CECI03_1701,Pempherididae,Pempheris,klunzingeri,1,73.841,37357003,CECI03_1701_L.avi,76484,25.4947,0.469,0.241,575.978,0.423,,AD,Passing,
CECI03_1701,Pempherididae,Pempheris,klunzingeri,1,80.355,37357003,CECI03_1701_L.avi,76484,25.4947,0.449,3.547,533.551,3.182,,AD,Passing,
CECI03_1701,Pempherididae,Pempheris,klunzingeri,1,72.586,37357003,CECI03_1701_L.avi,76484,25.4947,0.558,1.068,636.242,16.805,,AD,Passing,
CESI03_1701,Pempherididae,Pempheris,klunzingeri,1,80.073,37357003,CESI03_1701_R.avi,7117,2.3723,4.039,4.547,1922.989,24.006,,AD,Passing,
CESI03_1701,Pempherididae,Pempheris,klunzingeri,1,73.861,37357003,CESI03_1701_R.avi,7117,2.3723,5.431,5.531,1973.556,25.663,,AD,Passing,
CESO01_1701,Pempherididae,Pempheris,klunzingeri,1,66.762,37357003,CESO01_1701_L.avi,93164,31.0547,0.88,4.349,1068.328,14.286,,AD,Passing,
CECI02_1701,Pinguipedidae,Parapercis,haackei,1,82.759,37390004,CECI02_1701_L.avi,47024,15.6747,0.794,2.363,1091.79,21.431,,AD,Passing,
CECI02_1701,Pinguipedidae,Parapercis,haackei,1,67.35,37390004,CECI02_1701_L.avi,47024,15.6747,4.224,0.382,1614.112,18.697,,AD,Passing,
CECI03_1701,Pinguipedidae,Parapercis,haackei,1,80.167,37390004,CECI03_1701_L.avi,31759,10.5863,1.105,0.749,1089.398,18.021,,AD,Passing,
CENO03_1701,Pinguipedidae,Parapercis,haackei,1,80.895,37390004,CENO03_1701_L.avi,20222,6.7407,1.606,0.682,1456.418,18.801,,AD,Passing,
CESI01_1701,Pinguipedidae,Parapercis,haackei,1,79.295,37390004,CESI01_1701_L.avi,45575,15.1917,1.183,2.797,1360.817,13.696,,AD,Passing,
CECI02_1701,Rhinobatidae,Trygonorrhina,dumerilii,1,362.638,37027011,CECI02_1701_L.avi,136901,45.6337,2.855,1.859,2187.905,7.746,,AD,Passing,
CECI03_1701,Rhinobatidae,Trygonorrhina,dumerilii,1,362.922,37027011,CECI03_1701_L.avi,81724,27.2413,1.451,0.722,1517.283,8.345,,AD,Passing,
CECO01_1701,Rhinobatidae,Trygonorrhina,dumerilii,1,384.622,37027011,CECO01_1701_L.avi,148140,49.38,3.551,3.432,1966.69,27.201,,AD,Passing,
CECO02_1701,Rhinobatidae,Trygonorrhina,dumerilii,1,409.841,37027011,CECO02_1701_L.avi,33433,11.1443,1.159,1.945,980.285,11.765,,AD,Passing,
CENO01_1701,Rhinobatidae,Trygonorrhina,dumerilii,1,424.399,37027011,CENO01_1701_L.avi,141804,47.268,4.065,3.242,2054.51,23.185,strong current,AD,Passing,
CESI04_1701,Rhinobatidae,Trygonorrhina,dumerilii,1,334.728,37027011,CESI04_1701_L.avi,115366,38.4553,8.532,2.736,2442.949,27.141,,AD,Passing,
CESO03_1701,Rhinobatidae,Trygonorrhina,dumerilii,1,495.096,37027011,CESO03_1701_L.avi,75150,25.05,1.628,3.539,1350.766,17.449,,AD,Passing,
CECO04_1701,Scorpididae,Scorpis,aequipinnis,1,266.452,37361004,CECO04_1701_L.avi,27724,9.2413,6.018,2.007,2715.491,24.181,,AD,Passing,
CECO01_1701,Sillaginidae,Sillaginodes,punctatus,1,340.82,37330001,CECO01_1701_L.avi,70458,23.486,1.567,4.602,1930.626,5.367,,AD,Passing,
CECO02_1701,Sillaginidae,Sillaginodes,punctatus,1,385.202,37330001,CECO02_1701_L.avi,86707,28.9023,4.145,2.268,1881.865,17.961,,AD,Passing,
CECO04_1701,Sillaginidae,Sillaginodes,punctatus,1,359.787,37330001,CECO04_1701_L.avi,67950,22.65,3.293,4.956,1935.306,23.193,,AD,Passing,
CENI02_1701,Sillaginidae,Sillaginodes,punctatus,1,317.295,37330001,CENI02_1701_L.avi,64290,21.43,2.721,1.102,1445.184,25.173,,AD,Passing,
CENO02_1701,Sillaginidae,Sillaginodes,punctatus,1,392.129,37330001,CENO02_1701_L.avi,53855,17.9517,8.392,3.088,2487.235,25.161,,AD,Passing,
CESI01_1701,Sillaginidae,Sillaginodes,punctatus,1,329.545,37330001,CESI01_1701_L.avi,123937,41.3123,5.178,6.434,2398.655,25.59,,AD,Passing,
CESI01_1701,Sillaginidae,Sillaginodes,punctatus,1,305.115,37330001,CESI01_1701_L.avi,123937,41.3123,3.906,8.699,2337.388,19.29,,AD,Passing,
CESI02_1701,Sillaginidae,Sillaginodes,punctatus,1,318.448,37330001,CESI02_1701_L.avi,87231,29.077,2.016,1.588,1717.458,17.349,,AD,Passing,
CECI02_1701,Sparidae,Pagrus,auratus,1,233.284,37353001,CECI02_1701_L.avi,165645,55.215,5.912,1.237,2574.196,25.323,,AD,Passing,
CECI02_1701,Sparidae,Pagrus,auratus,1,194.611,37353001,CECI02_1701_L.avi,165675,55.225,1.47,1.026,2061.154,5.452,,AD,Passing,
CECI03_1701,Sparidae,Pagrus,auratus,1,197.432,37353001,CECI03_1701_L.avi,48048,16.016,1.31,3.438,1747.964,5.707,,AD,Passing,
CECI03_1701,Sparidae,Pagrus,auratus,1,259.219,37353001,CECI03_1701_L.avi,48376,16.1253,2.651,0.162,2433.094,4.8,,AD,Passing,
CECI03_1701,Sparidae,Pagrus,auratus,1,218.633,37353001,CECI03_1701_L.avi,48402,16.134,4.749,0.469,1877.325,19.27,,AD,Passing,
CECI03_1701,Sparidae,Pagrus,auratus,1,236.653,37353001,CECI03_1701_L.avi,48402,16.134,1.758,0.17,1915.942,5.834,,AD,Passing,
CECI04_1701,Sparidae,Pagrus,auratus,1,212.341,37353001,CECI04_1701_L.avi,83682,27.894,3.156,1.303,1559.683,25.012,,AD,Passing,
CENI01_1701,Sparidae,Pagrus,auratus,1,212.725,37353001,CENI01_1701_L.avi,52254,17.418,9.396,8.067,2793.506,26.992,,AD,Passing,
CENI03_1701,Sparidae,Pagrus,auratus,1,204.885,37353001,CENI03_1701_L.avi,105814,35.2713,4.057,1.416,2280.048,24.14,,AD,Passing,
CENO04_1701,Sparidae,Pagrus,auratus,1,233.624,37353001,CENO04_1701_L.avi,58935,19.645,5.7,0.984,2048.603,23.185,,AD,Passing,
CESI01_1701,Sparidae,Pagrus,auratus,1,225.948,37353001,CESI01_1701_L.avi,103506,34.502,1.598,1.037,1781.441,5.246,,AD,Passing,
CESI02_1701,Sparidae,Pagrus,auratus,1,210.581,37353001,CESI02_1701_L.avi,120693,40.231,2.276,5.884,1486.752,30.231,,AD,Passing,
CESI02_1701,Sparidae,Pagrus,auratus,1,227.45,37353001,CESI02_1701_L.avi,120729,40.243,3.651,5.27,1849.253,25.593,,AD,Passing,
CESI02_1701,Sparidae,Pagrus,auratus,1,224.739,37353001,CESI02_1701_L.avi,120874,40.2913,2.889,0.581,1721.21,19.254,,AD,Passing,
CESI03_1701,Sparidae,Pagrus,auratus,1,244.246,37353001,CESI03_1701_R.avi,39722,13.2407,2.171,2.994,1556.218,27.022,,AD,Passing,
CESI03_1701,Sparidae,Pagrus,auratus,1,211.744,37353001,CESI03_1701_R.avi,39722,13.2407,1.193,1.868,1600.545,17.997,,AD,Passing,
CESI03_1701,Sparidae,Pagrus,auratus,1,245.919,37353001,CESI03_1701_R.avi,39730,13.2433,3.901,3.527,2092.286,20.641,,AD,Passing,
CESI03_1701,Sparidae,Pagrus,auratus,1,255.753,37353001,CESI03_1701_R.avi,39779,13.2597,0.861,1.489,1080.678,8.133,,AD,Passing,
CESO03_1701,Sparidae,Pagrus,auratus,1,231.049,37353001,CESO03_1701_L.avi,123612,41.204,1.725,10.401,2153.971,6.246,,AD,Passing,
CESO04_1701,Sparidae,Pagrus,auratus,1,258.283,37353001,CESO04_1701_L.avi,166227,55.409,4.912,10.312,2311.275,14.899,,AD,Passing,
CESO04_1701,Sparidae,Pagrus,auratus,1,222.13,37353001,CESO04_1701_L.avi,166292,55.4307,6.843,8.907,2192.998,17.319,,AD,Passing,
CESO04_1701,Sparidae,Pagrus,auratus,1,220.968,37353001,CESO04_1701_L.avi,166322,55.4407,3.975,4.906,1663.418,29.217,,AD,Passing,
CESI01_1701,Sphyraenidae,Sphyraena,novaehollandiae,1,584.732,37382002,CESI01_1701_L.avi,65424,21.808,6.711,1.574,3255.585,26.669,,AD,Passing,
CESO02_1701,Sphyraenidae,Sphyraena,novaehollandiae,1,488.487,37382002,CESO02_1701_L.avi,64341,21.447,4.189,0.99,1723.047,18.438,,AD,Passing,
CECI01_1701,Tetraodontidae,Omegophora,armilla,1,143.881,37467002,CECI01_1701_L.avi,101364,33.788,4.096,3.274,2269.402,24.323,,AD,Passing,
CENI01_1701,Triakidae,Furgaleus,macki,1,956.716,37017003,CENI01_1701_L.avi,59238,19.746,2.299,5.086,1344.557,12.996,,AD,Attracted,
CANO03_1612,Arripidae,Arripis,georgianus,1,191.401,37344001,CANO03_1612_L.avi,126171,42.057,1.349,4.657,1892.661,12.852,,AD,Attracted,
CANO03_1612,Arripidae,Arripis,georgianus,1,156.431,37344001,CANO03_1612_L.avi,126171,42.057,1.408,2.537,1841.974,7.688,,AD,Attracted,
CANO03_1612,Arripidae,Arripis,georgianus,1,197.916,37344001,CANO03_1612_L.avi,126171,42.057,1.813,2.625,2005.478,7.908,,AD,Attracted,
CANO03_1612,Arripidae,Arripis,georgianus,1,185.402,37344001,CANO03_1612_L.avi,126171,42.057,0.921,1.043,1643.381,4.445,,AD,Attracted,
CANO03_1612,Arripidae,Arripis,georgianus,1,199.034,37344001,CANO03_1612_L.avi,126372,42.124,0.842,1.395,1530.164,5.865,,AD,Attracted,
CANI03_1612,Arripidae,Arripis,truttaceus,1,259.809,37344004,CANI03_1612_L.avi,170520,56.84,0.495,3.219,927.718,11.445,,,Attracted,
CANI04_1612,Arripidae,Arripis,truttaceus,1,242.676,37344004,CANI04_1612_L.avi,102829,34.2763,3.077,3.958,1832.447,8.185,,J,Passing,
CANO03_1612,Arripidae,Arripis,truttaceus,1,260.058,37344004,CANO03_1612_L.avi,136415,45.4717,2.965,2.178,1578.943,15.464,,AD,Passing,
ARSO02_1612,Carangidae,Pseudocaranx,sp,1,229.805,37337924,ARSO02_1612_L.avi,138960,46.32,1.083,1.1,1757.022,2.025,,AD,Passing,
ARSO02_1612,Carangidae,Pseudocaranx,sp,1,208.252,37337924,ARSO02_1612_L.avi,138960,46.32,0.971,0.879,1677.394,11.876,,AD,Passing,
ARSO02_1612,Carangidae,Pseudocaranx,sp,1,227.748,37337924,ARSO02_1612_L.avi,138960,46.32,1.469,1.919,1811.204,5.784,,AD,Passing,
ARSO02_1612,Carangidae,Pseudocaranx,sp,1,200.316,37337924,ARSO02_1612_L.avi,138990,46.33,1.733,9.79,1801.099,23.164,,AD,Passing,
ARSO02_1612,Carangidae,Pseudocaranx,sp,1,215.709,37337924,ARSO02_1612_L.avi,138990,46.33,1.685,1.548,1671.069,13.299,,AD,Passing,
ARSO02_1612,Carangidae,Pseudocaranx,sp,1,208.261,37337924,ARSO02_1612_L.avi,138990,46.33,2.386,1.705,1713.215,5.064,,AD,Passing,
ARSO02_1612,Carangidae,Pseudocaranx,sp,1,194.79,37337924,ARSO02_1612_L.avi,139003,46.3343,2.077,1.158,1463.955,7.276,,AD,Passing,
ARSO02_1612,Carangidae,Pseudocaranx,sp,1,248.524,37337924,ARSO02_1612_L.avi,139013,46.3377,1.202,1.941,2016.75,11.365,,AD,Passing,
ARSO02_1612,Carangidae,Pseudocaranx,sp,1,194.432,37337924,ARSO02_1612_L.avi,139034,46.3447,3.057,1.662,1752.743,19.245,,AD,Passing,
ARSO02_1612,Carangidae,Pseudocaranx,sp,1,236.559,37337924,ARSO02_1612_L.avi,139073,46.3577,1.041,2.179,1905.866,5.273,,AD,Passing,
ARSO02_1612,Carangidae,Pseudocaranx,sp,1,232.106,37337924,ARSO02_1612_L.avi,139073,46.3577,2.702,0.495,1676.471,13.412,,AD,Passing,
ARSO02_1612,Carangidae,Pseudocaranx,sp,1,216.682,37337924,ARSO02_1612_L.avi,139181,46.3937,1.293,1.186,1787.996,3.108,,AD,Passing,
CASI01_1612,Carangidae,Pseudocaranx,sp,1,203.025,37337924,CASI01_1612_L.avi,61779,41.186,1.539,0.526,1667.485,11.073,,AD,Attracted,
CASI01_1612,Carangidae,Pseudocaranx,sp,1,154.76,37337924,CASI01_1612_L.avi,61791,41.194,1.676,0.535,1674.325,5.593,,AD,Passing,
CASI01_1612,Carangidae,Pseudocaranx,sp,1,109.575,37337924,CASI01_1612_L.avi,61791,41.194,1.354,0.663,1341.419,16.076,,,Attracted,
CASI01_1612,Carangidae,Pseudocaranx,sp,1,108.626,37337924,CASI01_1612_L.avi,61813,41.2087,1.878,0.269,1192.104,21.914,,,Attracted,
CASI01_1612,Carangidae,Pseudocaranx,sp,1,126.943,37337924,CASI01_1612_L.avi,61818,41.212,2.403,0.612,1333.171,18.522,,,Attracted,
CASI01_1612,Carangidae,Pseudocaranx,sp,1,110.3,37337924,CASI01_1612_L.avi,61818,41.212,2.015,0.308,1281.392,22.397,,,Attracted,
CASI02_1612,Carangidae,Pseudocaranx,sp,1,203.018,37337924,CASI02_1612_L.avi,52618,35.0787,2.76,0.733,1379.261,16.949,Very murky water,,Attracted,
CASI02_1612,Carangidae,Pseudocaranx,sp,1,161.959,37337924,CASI02_1612_L.avi,52618,35.0787,1.504,0.554,1628.076,8.805,Very murky water,,Attracted,
CASI02_1612,Carangidae,Pseudocaranx,sp,1,133.539,37337924,CASI02_1612_L.avi,52618,35.0787,1.421,1.006,1682.028,4.629,Very murky water,,Attracted,
CASI02_1612,Carangidae,Pseudocaranx,sp,1,186.446,37337924,CASI02_1612_L.avi,52618,35.0787,2.478,2.324,1249.632,20.909,Very murky water,,Attracted,
CASI02_1612,Carangidae,Pseudocaranx,sp,1,203.081,37337924,CASI02_1612_L.avi,52618,35.0787,2.888,0.885,1690.11,3.54,Very murky water,,Attracted,
CASI02_1612,Carangidae,Pseudocaranx,sp,1,186.326,37337924,CASI02_1612_L.avi,52618,35.0787,1.848,1.048,1727.078,5.688,Very murky water,,Attracted,
CASI02_1612,Carangidae,Pseudocaranx,sp,1,199.608,37337924,CASI02_1612_L.avi,52618,35.0787,4.309,0.714,1691.092,16.706,Very murky water,,Attracted,
CASI02_1612,Carangidae,Pseudocaranx,sp,1,221.805,37337924,CASI02_1612_L.avi,52618,35.0787,3.447,2.451,1826.772,11.092,Very murky water,,Attracted,
CASI02_1612,Carangidae,Pseudocaranx,sp,1,179.282,37337924,CASI02_1612_L.avi,52622,35.0813,2.697,1.702,1311.656,18.574,Very murky water,,Attracted,
CASI03_1612,Carangidae,Pseudocaranx,sp,1,197.225,37337924,CASI03_1612_L.avi,66554,44.3693,1.228,4.082,955.468,14.079,,,Attracted,
CASI03_1612,Carangidae,Pseudocaranx,sp,1,210.073,37337924,CASI03_1612_L.avi,66554,44.3693,3.608,1.042,1499.001,15.047,,,Attracted,
CASI03_1612,Carangidae,Pseudocaranx,sp,1,179.011,37337924,CASI03_1612_L.avi,66560,44.3733,1.545,1.681,916.297,11.77,,,Attracted,
CASI03_1612,Carangidae,Pseudocaranx,sp,1,182.213,37337924,CASI03_1612_L.avi,66560,44.3733,1.405,1.277,919.807,15.905,,,Attracted,
CASI03_1612,Carangidae,Pseudocaranx,sp,1,195.958,37337924,CASI03_1612_L.avi,66560,44.3733,3.161,1.668,1423.821,16.497,,,Attracted,
CASI03_1612,Carangidae,Pseudocaranx,sp,1,97.209,37337924,CASI03_1612_L.avi,66560,44.3733,0.657,2.029,812.681,6.253,,,Attracted,
CASI03_1612,Carangidae,Pseudocaranx,sp,1,178.605,37337924,CASI03_1612_L.avi,66570,44.38,0.889,1.356,1117.188,7.447,,,Attracted,
CASI03_1612,Carangidae,Pseudocaranx,sp,1,177.174,37337924,CASI03_1612_L.avi,66581,44.3873,1.255,0.448,1004.294,19.591,,,Attracted,
CACI01_1612,Carangidae,Pseudocaranx,sp,1,221.533,37337924,CACI01_1612_L.avi,141810,47.27,0.653,2.474,849.178,14.178,,AD,Attracted,
CACI01_1612,Carangidae,Pseudocaranx,sp,1,212.037,37337924,CACI01_1612_L.avi,141831,47.277,0.805,2.137,995.603,7.552,,AD,Attracted,
CACI01_1612,Carangidae,Pseudocaranx,sp,1,209.21,37337924,CACI01_1612_L.avi,141845,47.2817,1.207,0.541,1341.501,13.051,,AD,Attracted,
CACI01_1612,Carangidae,Pseudocaranx,sp,1,193.352,37337924,CACI01_1612_L.avi,141857,47.2857,1.16,0.597,1050.132,25.118,,AD,Attracted,
CACI01_1612,Carangidae,Pseudocaranx,sp,1,218.386,37337924,CACI01_1612_L.avi,141951,47.317,1.581,2.253,1471.378,15.355,,AD,Attracted,
CANI04_1612,Carangidae,Pseudocaranx,sp,1,227.04,37337924,CANI04_1612_L.avi,34438,11.4793,1.055,3.789,1650.326,10.743,,AD,Attracted,
CANI04_1612,Carangidae,Pseudocaranx,sp,1,214.407,37337924,CANI04_1612_L.avi,34438,11.4793,1.211,5.651,1849.988,10.378,,AD,Attracted,
CANI04_1612,Carangidae,Pseudocaranx,sp,1,224.837,37337924,CANI04_1612_L.avi,34438,11.4793,4.496,4.385,2050.506,3.448,,AD,Attracted,
CANI04_1612,Carangidae,Pseudocaranx,sp,1,219.833,37337924,CANI04_1612_L.avi,34462,11.4873,0.906,7.89,1604.95,12.375,,AD,Attracted,
CANI04_1612,Carangidae,Pseudocaranx,sp,1,210.487,37337924,CANI04_1612_L.avi,34462,11.4873,1.304,8.26,1516.321,18.733,,AD,Attracted,
CANI04_1612,Carangidae,Pseudocaranx,sp,1,227.622,37337924,CANI04_1612_L.avi,34462,11.4873,1.4,0.685,1752.496,11.866,,AD,Attracted,
CANI04_1612,Carangidae,Pseudocaranx,sp,1,230.582,37337924,CANI04_1612_L.avi,34465,11.4883,1.526,9.979,1413.58,15.923,,AD,Attracted,
CASI04_1612,Carangidae,Pseudocaranx,sp,1,214.409,37337924,CASI04_1612_L.avi,79948,53.2987,3.243,0.707,1482.325,27.702,Thick sediment covering reef,AD,Passing,
CASI04_1612,Carangidae,Pseudocaranx,sp,1,248.951,37337924,CASI04_1612_L.avi,79952,53.3013,5.067,1.79,1839.218,20.833,Thick sediment covering reef,AD,Passing,
CASI04_1612,Carangidae,Pseudocaranx,sp,1,230.698,37337924,CASI04_1612_L.avi,79952,53.3013,5.08,7.15,2035.267,15.963,Thick sediment covering reef,AD,Passing,
CASI04_1612,Carangidae,Pseudocaranx,sp,1,213.09,37337924,CASI04_1612_L.avi,79952,53.3013,3.822,1.206,1895.924,14.216,Thick sediment covering reef,AD,Passing,
CASI04_1612,Carangidae,Pseudocaranx,sp,1,216.267,37337924,CASI04_1612_L.avi,79955,53.3033,5.708,1.355,1862.306,23.871,Thick sediment covering reef,AD,Passing,
ARSO02_1612,Carangidae,Trachurus,novaezelandiae,1,190.373,37337003,ARSO02_1612_L.avi,137760,45.92,1.655,1.623,1968.872,15.893,,AD,Passing,
ARSO02_1612,Carangidae,Trachurus,novaezelandiae,1,199.304,37337003,ARSO02_1612_L.avi,137760,45.92,1.502,0.444,2011.198,12.462,,AD,Passing,
ARSO02_1612,Carangidae,Trachurus,novaezelandiae,1,212.728,37337003,ARSO02_1612_L.avi,137760,45.92,2.426,1.78,1919.3,5.293,,AD,Passing,
ARSO02_1612,Carangidae,Trachurus,novaezelandiae,1,160.098,37337003,ARSO02_1612_L.avi,137760,45.92,1.011,1.552,2002.895,0.778,,AD,Passing,
ARSO02_1612,Carangidae,Trachurus,novaezelandiae,1,194.275,37337003,ARSO02_1612_L.avi,137760,45.92,1.945,6.629,1742.104,13.312,,AD,Passing,
CASI01_1612,Carangidae,Trachurus,novaezelandiae,1,205.4,37337003,CASI01_1612_L.avi,61789,41.1927,1.463,0.315,1140.257,15.233,,AD,Attracted,
CASI01_1612,Carangidae,Trachurus,novaezelandiae,1,177.446,37337003,CASI01_1612_L.avi,61789,41.1927,1.162,0.275,1313.517,15.987,,AD,Passing,
CASI03_1612,Carangidae,Trachurus,novaezelandiae,1,274.167,37337003,CASI03_1612_L.avi,61618,41.0787,4.185,0.537,1793.197,17.252,,AD,Passing,
ARSO02_1612,Chaetodontidae,Chelmonops,curiosus,1,176.835,37365066,ARSO02_1612_L.avi,61990,20.6633,8.376,0.963,3049.222,7.034,,AD,Passing,
CANI03_1612,Cheilodactylidae,Cheilodactylus,nigripes,1,233.752,37377001,CANI03_1612_L.avi,95881,31.9603,1.463,3.141,1496.635,19.579,,AD,Passing,
CASI04_1612,Cheilodactylidae,Cheilodactylus,nigripes,1,267.916,37377001,CASI04_1612_L.avi,43438,28.9587,1.399,1.37,1285.035,22.62,Thick sediment covering reef,AD,Passing,
CASI01_1612,Cheilodactylidae,Dactylophora,nigricans,1,482.607,37377005,CASI01_1612_L.avi,56464,37.6427,4.314,1.573,1788.382,26.288,,AD,Passing,
ARSO02_1612,Dinolestidae,Dinolestes,lewini,1,207.179,37327002,ARSO02_1612_L.avi,80940,26.98,1.85,3.714,1791.496,15.698,,AD,Passing,
ARSO02_1612,Dinolestidae,Dinolestes,lewini,1,199.397,37327002,ARSO02_1612_L.avi,80950,26.9833,1.69,1.589,1595.339,14.539,,AD,Passing,
ARSO02_1612,Dinolestidae,Dinolestes,lewini,1,214.675,37327002,ARSO02_1612_L.avi,80950,26.9833,1.96,2.294,1543.26,17.231,,AD,Passing,
ARSO04_1612,Gerreidae,Parequula,melbournensis,1,94.383,37349001,ARSO04_1612_L.avi,43055,14.3517,1.461,1.689,1676.876,13.733,,AD,Passing,
ARSO04_1612,Gerreidae,Parequula,melbournensis,1,104.585,37349001,ARSO04_1612_L.avi,43055,14.3517,1.797,4.534,1912.108,14.059,,AD,Passing,
CANO03_1612,Gerreidae,Parequula,melbournensis,1,136.187,37349001,CANO03_1612_L.avi,140005,46.6683,1.313,1.097,1392.633,8.889,,AD,Attracted,
ARSO04_1612,Heterodontidae,Heterodontus,portusjacksoni,1,279.602,37007001,ARSO04_1612_L.avi,167123,55.7077,2.209,2.919,2569.877,14.685,,J,Passing,
CANI02_1612,Heterodontidae,Heterodontus,portusjacksoni,1,343.297,37007001,CANI02_1612_L.avi,92677,30.8923,3.55,1.034,2077.77,8.186,,J,Passing,
CASI01_1612,Heterodontidae,Heterodontus,portusjacksoni,1,375.878,37007001,CASI01_1612_L.avi,38197,25.4647,3.316,1.359,1946.938,19.416,,J,Passing,
CASI03_1612,Heterodontidae,Heterodontus,portusjacksoni,1,322.771,37007001,CASI03_1612_L.avi,29419,19.6127,0.686,1.652,804.027,13.87,,J,Feeding,
CACI01_1612,Kyphosidae,Kyphosus,sydneyanus,1,386.837,37361001,CACI01_1612_L.avi,168614,56.2047,1.392,1.179,1329.965,6.325,,AD,Attracted,
CACI02_1612,Kyphosidae,Kyphosus,sydneyanus,1,417.038,37361001,CACI02_1612_L.avi,145420,48.4733,2.006,1.581,1225.476,11.133,,AD,Attracted,
CACI02_1612,Kyphosidae,Kyphosus,sydneyanus,1,449.151,37361001,CACI02_1612_L.avi,145508,48.5027,2.46,1.1,2048.718,6.199,,AD,Passing,
CACI04_1612,Kyphosidae,Kyphosus,sydneyanus,1,417.462,37361001,CACI04_1612_L.avi,113556,37.852,2.112,5.843,1868.488,13.997,,AD,Attracted,
CACI04_1612,Kyphosidae,Kyphosus,sydneyanus,1,389.752,37361001,CACI04_1612_L.avi,116456,38.8187,1.567,2.023,1355.843,19.121,,AD,Attracted,
CANI01_1612,Kyphosidae,Kyphosus,sydneyanus,1,361.304,37361001,CANI01_1612_L.avi,92183,30.7277,2.973,15.384,2483.003,13.624,,AD,Passing,
CANI04_1612,Kyphosidae,Kyphosus,sydneyanus,1,312.008,37361001,CANI04_1612_L.avi,97593,32.531,3.746,9.771,2333.126,14.659,,AD,Attracted,
CANI04_1612,Kyphosidae,Kyphosus,sydneyanus,1,398.228,37361001,CANI04_1612_L.avi,97593,32.531,2.649,6.671,2898.782,10.649,,AD,Attracted,
CANI04_1612,Kyphosidae,Kyphosus,sydneyanus,1,460.01,37361001,CANI04_1612_L.avi,97593,32.531,3.407,11.579,3085.18,6.745,,AD,Attracted,
CANI04_1612,Kyphosidae,Kyphosus,sydneyanus,1,423.802,37361001,CANI04_1612_L.avi,97593,32.531,3.41,2.891,2801.992,3.437,,AD,Attracted,
CANI04_1612,Kyphosidae,Kyphosus,sydneyanus,1,331.351,37361001,CANI04_1612_L.avi,97593,32.531,4.125,2.41,2692.538,7.783,,AD,Attracted,
CANI04_1612,Kyphosidae,Kyphosus,sydneyanus,1,416.816,37361001,CANI04_1612_L.avi,97593,32.531,5.615,7.014,2560.506,5.962,,AD,Attracted,
CANI04_1612,Kyphosidae,Kyphosus,sydneyanus,1,372.605,37361001,CANI04_1612_L.avi,97593,32.531,3.066,5.488,2179.938,12.947,,AD,Attracted,
CANI04_1612,Kyphosidae,Kyphosus,sydneyanus,1,353.633,37361001,CANI04_1612_L.avi,97667,32.5557,2.311,6.321,2317.45,11.421,,AD,Attracted,
CANI04_1612,Kyphosidae,Kyphosus,sydneyanus,1,301.037,37361001,CANI04_1612_L.avi,97667,32.5557,2.988,4.115,2613.521,16.425,,AD,Attracted,
ARSO02_1612,Labridae,Austrolabrus,maculatus,1,122.001,37384025,ARSO02_1612_L.avi,13320,4.44,2.82,1.163,2024.907,13.15,,AD,Attracted,
ARSO02_1612,Labridae,Austrolabrus,maculatus,1,107.014,37384025,ARSO02_1612_L.avi,14012,4.6707,1.329,0.878,1997.954,12.064,,AD,Attracted,
ARSO03_1612,Labridae,Austrolabrus,maculatus,1,114.573,37384025,ARSO03_1612_L.avi,29944,9.9813,1.586,0.354,2203.669,12.442,,AD,Passing,
CACI02_1612,Labridae,Austrolabrus,maculatus,1,115.883,37384025,CACI02_1612_L.avi,138231,46.077,3.512,1.298,1975.999,25.739,,AD,Passing,
CACI04_1612,Labridae,Austrolabrus,maculatus,1,164.312,37384025,CACI04_1612_L.avi,57618,19.206,0.993,1.268,825.584,14.613,,AD,Attracted,
CANI02_1612,Labridae,Austrolabrus,maculatus,1,162.221,37384025,CANI02_1612_L.avi,77996,25.9987,1.666,3.732,1798.656,13.977,,AD,Passing,
CANO03_1612,Labridae,Austrolabrus,maculatus,1,114.361,37384025,CANO03_1612_L.avi,25901,8.6337,1.869,1.123,1455.012,10.741,,AD,Passing,
CASI04_1612,Labridae,Austrolabrus,maculatus,1,73.955,37384025,CASI04_1612_L.avi,49341,32.894,2.134,1.438,1121.405,14.261,Thick sediment covering reef,AD,Passing,
ARSO02_1612,Labridae,Notolabrus,parilus,1,469.596,37384022,ARSO02_1612_L.avi,161555,53.8517,5.521,1.004,3266.824,6.427,,AD,Passing,
CACI01_1612,Labridae,Notolabrus,parilus,1,444.604,37384022,CACI01_1612_L.avi,146388,48.796,11.861,2.495,2498.186,20.296,,M,Passing,
CACI01_1612,Labridae,Notolabrus,parilus,1,454.722,37384022,CACI01_1612_L.avi,146438,48.8127,10.289,1.717,2711.654,4.058,,M,Passing,
CACI02_1612,Labridae,Notolabrus,parilus,1,223.074,37384022,CACI02_1612_L.avi,127772,42.5907,2.951,2.966,1837.53,23.209,,F,Passing,
CACI04_1612,Labridae,Notolabrus,parilus,1,234.96,37384022,CACI04_1612_L.avi,60711,20.237,5.381,2.623,2415.157,26.908,,AD,Passing,
CACI04_1612,Labridae,Notolabrus,parilus,1,340.551,37384022,CACI04_1612_L.avi,61781,20.5937,2.518,2.917,1474.779,11.452,,F,Feeding,
CANI02_1612,Labridae,Notolabrus,parilus,1,422.06,37384022,CANI02_1612_L.avi,65937,21.979,2.418,9.84,2091.588,8.147,,AD,Passing,
CANI04_1612,Labridae,Notolabrus,parilus,1,346.162,37384022,CANI04_1612_L.avi,89347,29.7823,6.637,1.923,2745.928,19.068,,AD,Passing,
CANO01_1612,Labridae,Notolabrus,parilus,1,236.89,37384022,CANO01_1612_L.avi,84917,28.3057,2.086,0.912,1604.221,11.569,,F,Passing,
CANO04_1612,Labridae,Notolabrus,parilus,1,378.933,37384022,CANO04_1612_L.avi,100997,33.6657,8.155,1.549,3009.558,11.673,,M,Passing,
CASI01_1612,Labridae,Notolabrus,parilus,1,422.553,37384022,CASI01_1612_L.avi,28706,19.1373,1.675,1.441,1430.395,19.948,,M,Passing,
CASI04_1612,Labridae,Notolabrus,parilus,1,160.791,37384022,CASI04_1612_L.avi,79997,53.3313,1.545,12.279,1012.196,23.032,Thick sediment covering reef,M,Passing,
CASO02_1612,Labridae,Notolabrus,parilus,1,303.193,37384022,CASO02_1612_L.avi,78609,26.203,1.814,0.743,2079.701,5.108,,F,Passing,
CASO02_1612,Labridae,Notolabrus,parilus,1,214.355,37384022,CASO02_1612_L.avi,78617,26.2057,2.115,0.249,1371.815,20.705,,F,Passing,
CASO04_1612,Labridae,Notolabrus,parilus,1,341.154,37384022,CASO04_1612_L.avi,47324,15.7747,2.394,2.745,1253.255,23.009,,AD,Passing,
CACI01_1612,Labridae,Notolabrus,tetricus,1,303.668,37384003,CACI01_1612_L.avi,43545,14.515,2.657,1.047,2025.796,18.441,,F,Passing,
CACI01_1612,Labridae,Notolabrus,tetricus,1,419.221,37384003,CACI01_1612_L.avi,43597,14.5323,2.835,2.418,1673.113,24.566,,M,Passing,
CACI02_1612,Labridae,Notolabrus,tetricus,1,278.562,37384003,CACI02_1612_L.avi,110798,36.9327,0.659,0.445,761.023,15.877,,F,Attracted,
CACI02_1612,Labridae,Notolabrus,tetricus,1,394.895,37384003,CACI02_1612_L.avi,123766,41.2553,2.966,0.183,1788.165,23.918,,M,Passing,
CACI04_1612,Labridae,Notolabrus,tetricus,1,401.607,37384003,CACI04_1612_L.avi,67398,22.466,3.804,3.659,1996.884,16.351,,M,Passing,
CACI04_1612,Labridae,Notolabrus,tetricus,1,285.014,37384003,CACI04_1612_L.avi,67801,22.6003,0.809,0.512,1026.133,9.842,,F,Attracted,
CANI01_1612,Labridae,Notolabrus,tetricus,1,229.67,37384003,CANI01_1612_L.avi,77948,25.9827,3.662,10.564,1800.018,11.854,,F,Passing,
CANI03_1612,Labridae,Notolabrus,tetricus,1,360.759,37384003,CANI03_1612_L.avi,45997,15.3323,1.68,4.847,1671.623,12.773,,F,Passing,
CANI04_1612,Labridae,Notolabrus,tetricus,1,269.213,37384003,CANI04_1612_L.avi,166600,55.5333,1.104,3.856,1938.004,7.345,,F,Passing,
CANO02_1612,Labridae,Notolabrus,tetricus,1,310.291,37384003,CANO02_1612_L.avi,52826,17.6087,2.893,6.1,2217.147,24.027,lump of reef 1.5 m in front of cameras,F,Passing,
CASI01_1612,Labridae,Notolabrus,tetricus,1,289.476,37384003,CASI01_1612_L.avi,39761,26.5073,2.223,3.012,1789.332,21.857,,F,Passing,
CASO02_1612,Labridae,Notolabrus,tetricus,1,220.535,37384003,CASO02_1612_L.avi,131527,43.8423,1.919,0.446,1770.28,7.792,,F,Passing,
CASO03_1612,Labridae,Notolabrus,tetricus,1,254.297,37384003,CASO03_1612_L.avi,46724,15.5747,1.472,0.303,1326.457,19.077,,F,Attracted,
CASO04_1612,Labridae,Notolabrus,tetricus,1,237.616,37384003,CASO04_1612_L.avi,30090,10.03,2.149,2.951,1454.52,21.573,,F,Passing,
CACI01_1612,Labridae,Pictilabrus,laticlavius,1,250.277,37384020,CACI01_1612_L.avi,76584,25.528,2.11,1.558,1511.574,19.556,,M,Passing,
CACI01_1612,Labridae,Pictilabrus,laticlavius,1,193.007,37384020,CACI01_1612_L.avi,76641,25.547,2.443,1.736,1206.393,27.943,,M,Passing,
CACI02_1612,Labridae,Pictilabrus,laticlavius,1,191.549,37384020,CACI02_1612_L.avi,140157,46.719,1.269,1.142,1805.674,14.836,,AD,Passing,
CACI04_1612,Labridae,Pictilabrus,laticlavius,1,202.809,37384020,CACI04_1612_L.avi,40311,13.437,3.114,1.146,1485.503,25.617,,M,Passing,
CANI03_1612,Labridae,Pictilabrus,laticlavius,1,143.663,37384020,CANI03_1612_L.avi,123902,41.3007,1.244,1.661,1521.035,12.671,,F,Passing,
CANO01_1612,Labridae,Pictilabrus,laticlavius,1,164.926,37384020,CANO01_1612_L.avi,39674,13.2247,2.461,5.376,1669.845,9.805,,F,Passing,
CANO03_1612,Labridae,Pictilabrus,laticlavius,1,210.555,37384020,CANO03_1612_L.avi,17902,5.9673,1.347,0.909,1649.621,12.436,,M,Passing,
CANO04_1612,Labridae,Pictilabrus,laticlavius,1,200.874,37384020,CANO04_1612_L.avi,78039,26.013,5.305,1.584,3223.378,9.171,,M,Passing,
CASO01_1612,Labridae,Pictilabrus,laticlavius,1,159.558,37384020,CASO01_1612_L.avi,20137,6.7123,1.603,1.234,1123.127,27.4,,M,Passing,
CASO02_1612,Labridae,Pictilabrus,laticlavius,1,141.839,37384020,CASO02_1612_L.avi,135319,45.1063,0.985,0.512,1084.08,12.773,,F,Passing,
ARSO04_1612,Loliginidae,Sepioteuthis,australis,1,189.25,23617005,ARSO04_1612_L.avi,51948,17.316,2.252,5.982,1447.896,7.88,,AD,Passing,
CANO04_1612,Loliginidae,Sepioteuthis,australis,1,195.182,23617005,CANO04_1612_L.avi,185141,61.7137,1.752,1.123,1729.613,18.519,,AD,Passing,
CASO03_1612,Loliginidae,Sepioteuthis,australis,1,263.961,23617005,CASO03_1612_L.avi,132975,44.325,1.903,1.187,1428.066,19.195,,AD,Passing,
CASO04_1612,Loliginidae,Sepioteuthis,australis,1,241.039,23617005,CASO04_1612_L.avi,43072,14.3573,3.762,11.155,1956.541,24.765,,AD,Passing,
ARSO03_1612,Monacanthidae,Acanthaluteres,brownii,1,202.291,37465001,ARSO03_1612_L.avi,165760,55.2533,0.965,2.046,1680.891,12.367,,AD,Attracted,
CASI01_1612,Monacanthidae,Meuschenia,galii,1,262.823,37465040,CASI01_1612_L.avi,56363,37.5753,3.229,0.814,1349.103,20.579,,AD,Passing,
ARSO02_1612,Monacanthidae,Meuschenia,hippocrepis,1,248.67,37465004,ARSO02_1612_L.avi,79249,26.4163,0.803,0.382,969.516,15.03,,AD,Feeding,
ARSO02_1612,Monacanthidae,Meuschenia,hippocrepis,1,239.613,37465004,ARSO02_1612_L.avi,111387,37.129,0.781,0.699,1378.405,7.523,,AD,Feeding,
CACI01_1612,Monacanthidae,Meuschenia,hippocrepis,1,129.575,37465004,CACI01_1612_L.avi,24825,8.275,0.627,0.551,800.392,10.856,,J,Attracted,
CACI02_1612,Monacanthidae,Meuschenia,hippocrepis,1,232.386,37465004,CACI02_1612_L.avi,66291,22.097,1.345,0.498,1397.593,7.392,,M,Passing,
CACI02_1612,Monacanthidae,Meuschenia,hippocrepis,1,192.408,37465004,CACI02_1612_L.avi,66291,22.097,2.37,0.235,1519.175,13.3,,F,Attracted,
CACI02_1612,Monacanthidae,Meuschenia,hippocrepis,1,121.312,37465004,CACI02_1612_L.avi,66606,22.202,1.614,0.051,1379.958,4.521,,J,Feeding,
CACI03_1612,Monacanthidae,Meuschenia,hippocrepis,1,328.915,37465004,CACI03_1612_L.avi,117998,39.3327,1.289,0.359,1315.233,6.648,,AD,Feeding,
CACI03_1612,Monacanthidae,Meuschenia,hippocrepis,1,322.031,37465004,CACI03_1612_L.avi,118002,39.334,2.237,0.723,1631.508,16.72,,AD,Attracted,
CACI04_1612,Monacanthidae,Meuschenia,hippocrepis,1,265.82,37465004,CACI04_1612_L.avi,27394,9.1313,1.143,0.883,1172.674,1.13,,AD,Feeding,
CACI04_1612,Monacanthidae,Meuschenia,hippocrepis,1,329.385,37465004,CACI04_1612_L.avi,27834,9.278,1.04,0.925,1303.882,5.58,,AD,Feeding,
CANI01_1612,Monacanthidae,Meuschenia,hippocrepis,1,321.725,37465004,CANI01_1612_L.avi,162344,54.1147,0.738,8.36,1263.246,6.505,,AD,Feeding,
CANI01_1612,Monacanthidae,Meuschenia,hippocrepis,1,357.752,37465004,CANI01_1612_L.avi,162466,54.1553,1.675,11.965,2309.44,8.607,,AD,Attracted,
CANI01_1612,Monacanthidae,Meuschenia,hippocrepis,1,316.787,37465004,CANI01_1612_L.avi,163122,54.374,2.577,8.934,1562.654,8.775,,AD,Feeding,
CANI03_1612,Monacanthidae,Meuschenia,hippocrepis,1,210.495,37465004,CANI03_1612_L.avi,155853,51.951,0.843,2.234,1323.729,11.537,,AD,Feeding,
CANI03_1612,Monacanthidae,Meuschenia,hippocrepis,1,306.104,37465004,CANI03_1612_L.avi,155853,51.951,0.796,0.85,1456.814,9.433,,AD,Feeding,
CANI03_1612,Monacanthidae,Meuschenia,hippocrepis,1,326.544,37465004,CANI03_1612_L.avi,156015,52.005,0.711,1.972,1232.786,13.333,,AD,Feeding,
CANI04_1612,Monacanthidae,Meuschenia,hippocrepis,1,325.953,37465004,CANI04_1612_L.avi,67922,22.6407,0.718,4.181,1261.64,9.042,,AD,Feeding,
CANI04_1612,Monacanthidae,Meuschenia,hippocrepis,1,257.452,37465004,CANI04_1612_L.avi,68008,22.6693,0.986,2.443,1522.852,8.826,,AD,Attracted,
CANI04_1612,Monacanthidae,Meuschenia,hippocrepis,1,263.035,37465004,CANI04_1612_L.avi,68086,22.6953,1.895,2.881,1546.318,1.693,,AD,Attracted,
CANO02_1612,Monacanthidae,Meuschenia,hippocrepis,1,205.145,37465004,CANO02_1612_L.avi,133047,44.349,0.957,6.827,1390.868,17.727,lump of reef 1.5 m in front of cameras,AD,Attracted,
CANO04_1612,Monacanthidae,Meuschenia,hippocrepis,1,299.536,37465004,CANO04_1612_L.avi,130680,43.56,0.938,5.211,1296.649,15.385,,AD,Feeding,
CASI01_1612,Monacanthidae,Meuschenia,hippocrepis,1,251.135,37465004,CASI01_1612_L.avi,88674,59.116,1.244,1.064,1375.504,10.262,,AD,Feeding,
CASO02_1612,Monacanthidae,Meuschenia,hippocrepis,1,184.42,37465004,CASO02_1612_L.avi,57505,19.1683,1.507,0.237,1330.17,23.131,,AD,Passing,
CASO03_1612,Monacanthidae,Meuschenia,hippocrepis,1,184.901,37465004,CASO03_1612_L.avi,15728,5.2427,0.778,0.083,923.097,22.079,,AD,Attracted,
CASO04_1612,Monacanthidae,Meuschenia,hippocrepis,1,222.329,37465004,CASO04_1612_L.avi,83919,27.973,1.547,0.19,1793.481,0.817,,AD,Passing,
CASO04_1612,Monacanthidae,Meuschenia,hippocrepis,1,224.612,37465004,CASO04_1612_L.avi,83919,27.973,2.511,4.433,1618.048,3.136,,AD,Passing,
ARSO03_1612,Monacanthidae,Scobinichthys,granulatus,1,246.794,37465007,ARSO03_1612_L.avi,167961,55.987,0.544,5.668,990.249,13.189,,AD,Feeding,
ARSO04_1612,Monacanthidae,Scobinichthys,granulatus,1,154.961,37465007,ARSO04_1612_L.avi,134601,44.867,0.717,3.186,1373.262,6.188,,,Feeding,
CANI02_1612,Monacanthidae,Scobinichthys,granulatus,1,211.902,37465007,CANI02_1612_L.avi,113064,37.688,0.753,0.638,1390.487,13.605,,AD,Feeding,
ARSO04_1612,Monacanthidae,Thamnaconus,degeni,1,123.874,37465037,ARSO04_1612_L.avi,98149,32.7163,0.766,2.037,1350.254,6.39,,,Feeding,
CANI04_1612,Mullidae,Upeneichthys,vlamingii,1,205.46,37355029,CANI04_1612_L.avi,35012,11.6707,3.441,1.982,1983.343,20.183,,AD,Passing,
CASI04_1612,Mullidae,Upeneichthys,vlamingii,1,158.406,37355029,CASI04_1612_L.avi,49592,33.0613,3.367,0.364,1448.052,29.984,Thick sediment covering reef,AD,Passing,
CASO02_1612,Mullidae,Upeneichthys,vlamingii,1,137.929,37355029,CASO02_1612_L.avi,174885,58.295,1.052,0.111,1152.268,9.62,,AD,Passing,
CASI01_1612,Neosebastidae,Neosebastes,scorpaenoides,1,318.425,37287005,CASI01_1612_L.avi,39682,26.4547,1.289,0.521,1227.82,19.612,,AD,Attracted,
CANI02_1612,Pentacerotidae,Pentaceropsis,recurvirostris,1,279.079,37367003,CANI02_1612_L.avi,143709,47.903,3.781,0.805,1838.86,23.589,,AD,Passing,
CACI01_1612,Scorpididae,Scorpis,aequipinnis,1,261.435,37361004,CACI01_1612_L.avi,112737,37.579,0.799,1.897,950.749,5.86,,AD,Attracted,
CACI01_1612,Scorpididae,Scorpis,aequipinnis,1,254.861,37361004,CACI01_1612_L.avi,112737,37.579,1.105,0.403,1340.028,10.034,,AD,Attracted,
CACI01_1612,Scorpididae,Scorpis,aequipinnis,1,205.512,37361004,CACI01_1612_L.avi,112788,37.596,0.515,0.173,632.094,19.396,,AD,Passing,
CACI01_1612,Scorpididae,Scorpis,aequipinnis,1,262.849,37361004,CACI01_1612_L.avi,112841,37.6137,1.727,0.926,1035.401,3.474,,AD,Passing,
CACI01_1612,Scorpididae,Scorpis,aequipinnis,1,237.105,37361004,CACI01_1612_L.avi,112937,37.6457,1.099,5.346,1038.738,11.657,,AD,Attracted,
CACI02_1612,Scorpididae,Scorpis,aequipinnis,1,278.959,37361004,CACI02_1612_L.avi,102242,34.0807,1.099,1.248,1234.68,16.327,,AD,Attracted,
CACI02_1612,Scorpididae,Scorpis,aequipinnis,1,186.113,37361004,CACI02_1612_L.avi,102309,34.103,1.23,2.175,1455.32,15.321,,AD,Attracted,
CACI02_1612,Scorpididae,Scorpis,aequipinnis,1,232.21,37361004,CACI02_1612_L.avi,103215,34.405,0.943,0.901,1165.236,17.244,,AD,Attracted,
CACI03_1612,Scorpididae,Scorpis,aequipinnis,1,232.467,37361004,CACI03_1612_L.avi,82191,27.397,1.334,1.628,1494.154,3.705,,AD,Attracted,
CACI03_1612,Scorpididae,Scorpis,aequipinnis,1,226.959,37361004,CACI03_1612_L.avi,82191,27.397,1.252,3.227,1454.455,10.003,,AD,Attracted,
CACI03_1612,Scorpididae,Scorpis,aequipinnis,1,274.191,37361004,CACI03_1612_L.avi,82247,27.4157,1.116,1.408,1180.404,9.556,,AD,Attracted,
CACI03_1612,Scorpididae,Scorpis,aequipinnis,1,207.767,37361004,CACI03_1612_L.avi,82260,27.42,0.606,2.065,708.344,20.023,,AD,Attracted,
CACI03_1612,Scorpididae,Scorpis,aequipinnis,1,211.268,37361004,CACI03_1612_L.avi,82260,27.42,0.685,0.324,836.684,16.938,,AD,Attracted,
CACI04_1612,Scorpididae,Scorpis,aequipinnis,1,179.649,37361004,CACI04_1612_L.avi,123414,41.138,0.975,1.044,1138.82,14.903,,AD,Attracted,
CACI04_1612,Scorpididae,Scorpis,aequipinnis,1,208.255,37361004,CACI04_1612_L.avi,123414,41.138,1.513,0.766,1325.412,8.367,,AD,Attracted,
CACI04_1612,Scorpididae,Scorpis,aequipinnis,1,277.387,37361004,CACI04_1612_L.avi,123461,41.1537,2.349,0.825,1290.883,27.011,,AD,Attracted,
CACI04_1612,Scorpididae,Scorpis,aequipinnis,1,262.27,37361004,CACI04_1612_L.avi,123461,41.1537,5.538,0.499,1822.426,14.142,,AD,Attracted,
CACI04_1612,Scorpididae,Scorpis,aequipinnis,1,161.402,37361004,CACI04_1612_L.avi,123479,41.1597,3.47,4.408,1539.374,5.995,,AD,Attracted,
CANI01_1612,Scorpididae,Scorpis,aequipinnis,1,211.708,37361004,CANI01_1612_L.avi,91303,30.4343,1.967,11.362,2115.638,4.007,,AD,Attracted,
CANI01_1612,Scorpididae,Scorpis,aequipinnis,1,255.35,37361004,CANI01_1612_L.avi,91314,30.438,2.549,14.394,2005.465,7.362,,AD,Attracted,
CANI03_1612,Scorpididae,Scorpis,aequipinnis,1,216.705,37361004,CANI03_1612_L.avi,153518,51.1727,1.88,4.642,1306.702,14.538,,,Attracted,
CANI03_1612,Scorpididae,Scorpis,aequipinnis,1,173.006,37361004,CANI03_1612_L.avi,153518,51.1727,1.191,4.735,1439.024,16.409,,,Attracted,
CANI03_1612,Scorpididae,Scorpis,aequipinnis,1,187.456,37361004,CANI03_1612_L.avi,153537,51.179,0.747,0.56,1189.486,11.488,,,Attracted,
CANI04_1612,Scorpididae,Scorpis,aequipinnis,1,181.421,37361004,CANI04_1612_L.avi,112179,37.393,2.573,2.596,1790.484,18.565,,AD,Attracted,
CANI04_1612,Scorpididae,Scorpis,aequipinnis,1,207.001,37361004,CANI04_1612_L.avi,112398,37.466,2.008,4.166,1663.468,9.035,,AD,Passing,
CANO01_1612,Scorpididae,Scorpis,aequipinnis,1,238.284,37361004,CANO01_1612_L.avi,85131,28.377,0.65,0.56,1040.962,10.554,,,Passing,
CANO03_1612,Scorpididae,Scorpis,aequipinnis,1,262.026,37361004,CANO03_1612_L.avi,66965,22.3217,1.119,0.907,1828.113,4.873,,AD,Attracted,
CANO03_1612,Scorpididae,Scorpis,aequipinnis,1,193.844,37361004,CANO03_1612_L.avi,67005,22.335,1.071,0.429,1630.206,7.837,,AD,Attracted,
CANO04_1612,Scorpididae,Scorpis,aequipinnis,1,255.227,37361004,CANO04_1612_L.avi,133635,44.545,4.552,5.818,1997.147,16.78,,AD,Passing,
CACI01_1612,Scorpididae,Tilodon,sexfasciatus,1,191.194,37361003,CACI01_1612_L.avi,151105,50.3683,1.714,1.582,1376.327,22.589,,AD,Passing,
CANI01_1612,Scorpididae,Tilodon,sexfasciatus,1,194.635,37361003,CANI01_1612_L.avi,152209,50.7363,4.589,13.13,2291.783,13.026,,AD,Passing,
CANO02_1612,Scorpididae,Tilodon,sexfasciatus,1,180.905,37361003,CANO02_1612_L.avi,36704,12.2347,1.011,0.779,1680.203,10.86,lump of reef 1.5 m in front of cameras,AD,Passing,
CANO03_1612,Scorpididae,Tilodon,sexfasciatus,1,183.625,37361003,CANO03_1612_L.avi,53800,17.9333,4.296,1.032,2161.828,12.198,,AD,Passing,
CASI04_1612,Sillaginidae,Sillaginodes,punctatus,1,390.459,37330001,CASI04_1612_L.avi,19713,13.142,3.177,0.959,1521.165,19.727,Thick sediment covering reef,AD,Passing,
CASI04_1612,Sillaginidae,Sillaginodes,punctatus,1,220.607,37330001,CASI04_1612_L.avi,19864,13.2427,0.97,0.229,1065.152,13.39,Thick sediment covering reef,AD,Passing,
CASI04_1612,Sillaginidae,Sillago,sp,1,191.701,37330904,CASI04_1612_L.avi,21086,14.0573,1.534,0.752,1140.85,25.705,Thick sediment covering reef,AD,Passing,
CASI04_1612,Sillaginidae,Sillago,sp,1,171.689,37330904,CASI04_1612_L.avi,21086,14.0573,1.779,0.734,1201.05,23.541,Thick sediment covering reef,AD,Passing,
CASI04_1612,Sillaginidae,Sillago,sp,1,175.974,37330904,CASI04_1612_L.avi,21086,14.0573,1.934,2.26,1183.155,22.553,Thick sediment covering reef,AD,Passing,
CASI04_1612,Sillaginidae,Sillago,sp,1,170.953,37330904,CASI04_1612_L.avi,21091,14.0607,1.573,0.29,1539.394,11.907,Thick sediment covering reef,AD,Passing,
ARSO01_1612,Sparidae,Pagrus,auratus,1,275.462,37353001,ARSO01_1612_L.avi,127186,42.3953,2.036,16.067,1737.952,17.639,,,Attracted,
ARSO02_1612,Sparidae,Pagrus,auratus,1,277.081,37353001,ARSO02_1612_L.avi,126623,42.2077,2.455,4.008,2519.01,6.608,,,Attracted,
ARSO02_1612,Sparidae,Pagrus,auratus,1,322.742,37353001,ARSO02_1612_L.avi,126626,42.2087,1.683,0.969,2007.155,9.631,,,Attracted,
ARSO02_1612,Sparidae,Pagrus,auratus,1,306.34,37353001,ARSO02_1612_L.avi,126693,42.231,1.313,2.938,2288.397,7.402,,,Attracted,
ARSO02_1612,Sparidae,Pagrus,auratus,1,279.566,37353001,ARSO02_1612_L.avi,126758,42.2527,1.639,1.505,2308.077,6.929,,,Attracted,
ARSO02_1612,Sparidae,Pagrus,auratus,1,298.002,37353001,ARSO02_1612_L.avi,126816,42.272,2.008,1.02,2924.256,8.208,,,Attracted,
ARSO02_1612,Sparidae,Pagrus,auratus,1,289.724,37353001,ARSO02_1612_L.avi,126816,42.272,1.744,1.103,2405.918,9.872,,,Attracted,
ARSO02_1612,Sparidae,Pagrus,auratus,1,282.633,37353001,ARSO02_1612_L.avi,126905,42.3017,2.352,3.282,1786.564,16.272,,,Attracted,
CACI01_1612,Sparidae,Pagrus,auratus,1,232.588,37353001,CACI01_1612_L.avi,115864,38.6213,2.582,0.522,1226.942,26.653,,AD,Passing,
CANI02_1612,Sparidae,Pagrus,auratus,1,286.486,37353001,CANI02_1612_L.avi,159768,53.256,1.568,1.337,1676.321,6.531,,,Attracted,
CANI02_1612,Sparidae,Pagrus,auratus,1,269.988,37353001,CANI02_1612_L.avi,159784,53.2613,1.994,1.505,1869.434,4.235,,,Attracted,
CANI02_1612,Sparidae,Pagrus,auratus,1,263.698,37353001,CANI02_1612_L.avi,159800,53.2667,1.785,0.48,1714.959,9.455,,,Attracted,
CANI02_1612,Sparidae,Pagrus,auratus,1,244.821,37353001,CANI02_1612_L.avi,159850,53.2833,1.284,0.39,1943.887,6.186,,,Attracted,
CANI02_1612,Sparidae,Pagrus,auratus,1,293.456,37353001,CANI02_1612_L.avi,159910,53.3033,1.448,1.309,1954.155,5.043,,,Attracted,
CASI01_1612,Sparidae,Pagrus,auratus,1,246.853,37353001,CASI01_1612_L.avi,88674,59.116,1.222,0.811,1289.412,23.597,,,Attracted,
CASI03_1612,Sparidae,Pagrus,auratus,1,286.735,37353001,CASI03_1612_L.avi,49960,33.3067,2.298,2.427,1424.878,16.021,,,Attracted,
CASI03_1612,Sparidae,Pagrus,auratus,1,320.41,37353001,CASI03_1612_L.avi,49979,33.3193,0.701,0.394,867.647,9.691,,,Attracted,
CASI04_1612,Sparidae,Pagrus,auratus,1,232.646,37353001,CASI04_1612_L.avi,82656,55.104,1.849,0.074,1188.835,5.834,Thick sediment covering reef,AD,Feeding,
CASO04_1612,Sparidae,Pagrus,auratus,1,192.865,37353001,CASO04_1612_L.avi,134706,44.902,1.84,0.639,1925.924,1.639,,J,Passing,
CUWO04_1701,Terapontidae,Pelates,octolineatus,1,120.126,37321020,CUWO04_1701_L.avi,140148,46.716,0.905,0.014,1187.159,10.859,,AD,Attracted,
CUWO02_1701,Arripidae,Arripis,georgianus,1,100.278,37344001,CUWO02_1701_L.avi,27515,9.1717,3.407,0.183,1697.287,15.013,,J,Attracted,
CUEI02_1701,Terapontidae,Pelates,octolineatus,1,170.45,37321020,CUEI02_1701_L.avi,172748,57.5827,1.132,0.189,1294.821,9.956,,AD,Passing,
CUWI04_1701,Terapontidae,Pelates,octolineatus,1,209.108,37321020,CUWI04_1701_R.avi,111535,37.1783,4.58,0.195,1615.597,10.507,,AD,Feeding,
CUEI02_1701,Terapontidae,Pelates,octolineatus,1,156.366,37321020,CUEI02_1701_L.avi,172748,57.5827,1.689,0.227,1239.724,11.802,,AD,Passing,
CUEI02_1701,Arripidae,Arripis,georgianus,1,92.658,37344001,CUEI02_1701_L.avi,58625,19.5417,1.165,0.306,963.812,24.988,,J,Attracted,
CUEI02_1701,Terapontidae,Pelates,octolineatus,1,171.804,37321020,CUEI02_1701_L.avi,172748,57.5827,1.663,0.313,1118.366,23.563,,AD,Passing,
CUEI03_1701,Arripidae,Arripis,georgianus,1,87.066,37344001,CUEI03_1701_L.avi,117294,39.098,0.657,0.369,893.46,11.967,,J,Attracted,
CUEI02_1701,Terapontidae,Pelates,octolineatus,1,118.435,37321020,CUEI02_1701_L.avi,172748,57.5827,1.261,0.373,1570.506,13.451,,AD,Passing,
CUEI02_1701,Arripidae,Arripis,georgianus,1,96.1,37344001,CUEI02_1701_L.avi,58625,19.5417,2.21,0.377,1364.573,19.808,,J,Attracted,
CUEI03_1701,Arripidae,Arripis,georgianus,1,85.529,37344001,CUEI03_1701_L.avi,117294,39.098,0.64,0.388,774.768,18.794,,J,Attracted,
CUWO02_1701,Terapontidae,Pelates,octolineatus,1,146.426,37321020,CUWO02_1701_L.avi,64527,21.509,1.943,0.393,1396.117,26.148,,AD,Attracted,
CUWI02_1701,Sillaginidae,Sillaginodes,punctatus,1,289.742,37330001,CUWI02_1701_L.avi,141589,47.1963,3.41,0.404,1577.177,28.477,,AD,Passing,
CUWI04_1701,Terapontidae,Pelates,octolineatus,1,181.38,37321020,CUWI04_1701_R.avi,111535,37.1783,3.198,0.42,1817.266,10.03,,AD,Feeding,
CUWO02_1701,Terapontidae,Pelates,octolineatus,1,140.3,37321020,CUWO02_1701_L.avi,64527,21.509,0.783,0.425,865.424,16.78,,AD,Attracted,
CUWI01_1701,Terapontidae,Pelates,octolineatus,1,165.535,37321020,CUWI01_1701_L.avi,39847,13.2823,1.534,0.431,1165.028,17.499,,AD,Attracted,
CUWO04_1701,Terapontidae,Pelates,octolineatus,1,146.838,37321020,CUWO04_1701_L.avi,140148,46.716,1.715,0.434,1231.345,8.329,,AD,Attracted,
CUEI02_1701,Arripidae,Arripis,georgianus,1,88.956,37344001,CUEI02_1701_L.avi,58625,19.5417,0.892,0.44,1008.199,17.252,,J,Attracted,
CUEI02_1701,Arripidae,Arripis,georgianus,1,92.145,37344001,CUEI02_1701_L.avi,58625,19.5417,0.983,0.452,1057.493,22.981,,AD,Passing,
CUWI02_1701,Terapontidae,Pelates,octolineatus,1,192.635,37321020,CUWI02_1701_L.avi,30605,10.2017,1.506,0.46,1183.391,5.512,,AD,Attracted,
CUWI04_1701,Terapontidae,Pelates,octolineatus,1,177.879,37321020,CUWI04_1701_R.avi,111535,37.1783,1.453,0.471,1719.175,7.033,,AD,Feeding,
CUWO04_1701,Terapontidae,Pelates,octolineatus,1,134.359,37321020,CUWO04_1701_L.avi,140148,46.716,1.371,0.476,1123.393,6.952,,AD,Attracted,
CUWI04_1701,Terapontidae,Pelates,octolineatus,1,163.608,37321020,CUWI04_1701_R.avi,111535,37.1783,1.411,0.518,1660.384,7.57,,AD,Feeding,
CUWO03_1701,Terapontidae,Pelates,octolineatus,1,189.957,37321020,CUWO03_1701_L.avi,90426,30.142,0.981,0.528,1229.801,14.066,,AD,Attracted,
CUEI04_1701,Arripidae,Arripis,georgianus,1,92.181,37344001,CUEI04_1701_L.avi,49583,16.5277,2.253,0.545,1529.481,30.473,,J,Attracted,
CUWO01_1701,Arripidae,Arripis,georgianus,1,95.643,37344001,CUWO01_1701_L.avi,101783,33.9277,0.745,0.556,880.407,21.97,,J,Attracted,
CUEO04_1701,Sparidae,Pagrus,auratus,1,151.093,37353001,CUEO04_1701_L.avi,47509,15.8363,1.878,0.577,1497.292,16.901,,J,Attracted,
CUEI02_1701,Terapontidae,Pelates,octolineatus,1,132.782,37321020,CUEI02_1701_L.avi,172748,57.5827,1.332,0.577,1297.553,14.407,,AD,Passing,
CUEO01_1701,Terapontidae,Pelates,octolineatus,1,127.423,37321020,CUEO01_1701_L.avi,135549,45.183,0.908,0.581,868.285,10.234,,AD,Attracted,
CUEI02_1701,Terapontidae,Pelates,octolineatus,1,134.343,37321020,CUEI02_1701_L.avi,172748,57.5827,1.296,0.584,1326.945,7.404,,AD,Passing,
CUEO03_1701,Terapontidae,Pelates,octolineatus,1,219.505,37321020,CUEO03_1701_L.avi,70553,23.5177,1.213,0.608,1402.225,8.624,,AD,Attracted,
CUWO03_1701,Terapontidae,Pelates,octolineatus,1,189.336,37321020,CUWO03_1701_L.avi,90426,30.142,1.411,0.635,1081.381,18.648,,AD,Attracted,
CUEO04_1701,Terapontidae,Pelates,octolineatus,1,210.938,37321020,CUEO04_1701_L.avi,163217,54.4057,1.089,0.674,1121.168,7.91,,AD,Attracted,
CUWO02_1701,Terapontidae,Pelates,octolineatus,1,160.906,37321020,CUWO02_1701_L.avi,64527,21.509,1.176,0.679,1255.031,12.446,,AD,Attracted,
CUWO01_1701,Sparidae,Pagrus,auratus,1,248.792,37353001,CUWO01_1701_L.avi,96188,32.0627,6.652,0.685,2127.738,27.556,,J,Attracted,
CUWI04_1701,Arripidae,Arripis,georgianus,1,98.581,37344001,CUWI04_1701_R.avi,48292,16.0973,2.264,0.691,1429.435,12.817,,AD,Attracted,
CUWI02_1701,Terapontidae,Pelates,octolineatus,1,193.391,37321020,CUWI02_1701_L.avi,30605,10.2017,1.333,0.71,1100.197,15.363,,AD,Attracted,
CUEI04_1701,Terapontidae,Pelates,octolineatus,1,163.478,37321020,CUEI04_1701_L.avi,95101,31.7003,2.555,0.711,1529.745,16.914,,AD,Attracted,
CUEI04_1701,Terapontidae,Pelates,octolineatus,1,141.852,37321020,CUEI04_1701_L.avi,95101,31.7003,1.653,0.741,1479.671,17.312,,AD,Attracted,
CUEO03_1701,Terapontidae,Pelates,octolineatus,1,130.21,37321020,CUEO03_1701_L.avi,70553,23.5177,3.988,0.779,1396.389,15.919,,AD,Attracted,
CUEI02_1701,Arripidae,Arripis,georgianus,1,95.941,37344001,CUEI02_1701_L.avi,58625,19.5417,2.993,0.783,1278.828,12.71,,J,Attracted,
CUWI02_1701,Terapontidae,Pelates,octolineatus,1,180.272,37321020,CUWI02_1701_L.avi,30605,10.2017,1.647,0.83,945.793,14.297,,AD,Attracted,
CUWO02_1701,Arripidae,Arripis,georgianus,1,97.636,37344001,CUWO02_1701_L.avi,27515,9.1717,3.456,0.841,1579.367,27.731,,J,Attracted,
CUEO03_1701,Terapontidae,Pelates,octolineatus,1,106.038,37321020,CUEO03_1701_L.avi,70553,23.5177,3.395,0.852,1493.42,2.456,,AD,Attracted,
CUEI04_1701,Arripidae,Arripis,georgianus,1,88.326,37344001,CUEI04_1701_L.avi,49583,16.5277,2.033,0.862,1845.004,21.874,,J,Attracted,
CUWO02_1701,Terapontidae,Pelates,octolineatus,1,158.393,37321020,CUWO02_1701_L.avi,64527,21.509,0.939,0.907,1070.73,18.269,,AD,Attracted,
CUWI02_1701,Terapontidae,Pelates,octolineatus,1,165.698,37321020,CUWI02_1701_L.avi,30605,10.2017,1.13,0.951,1185.051,13.973,,AD,Attracted,
CUWO03_1701,Terapontidae,Pelates,octolineatus,1,207.565,37321020,CUWO03_1701_L.avi,90426,30.142,0.902,0.951,1082.918,18.981,,AD,Attracted,
CUWI02_1701,Terapontidae,Pelates,octolineatus,1,176.583,37321020,CUWI02_1701_L.avi,30605,10.2017,1.458,0.972,954.576,25.21,,AD,Attracted,
CUEI02_1701,Terapontidae,Pelates,octolineatus,1,178.155,37321020,CUEI02_1701_L.avi,172748,57.5827,1.68,0.976,1274.519,13.24,,AD,Passing,
CUEO01_1701,Terapontidae,Pelates,octolineatus,1,128.672,37321020,CUEO01_1701_L.avi,135549,45.183,0.856,0.989,917.009,12.622,,AD,Attracted,
CUWI04_1701,Terapontidae,Pelates,octolineatus,1,158.633,37321020,CUWI04_1701_R.avi,111535,37.1783,1.32,1.005,1520.026,11.275,,AD,Feeding,
CUEI02_1701,Arripidae,Arripis,georgianus,1,93.35,37344001,CUEI02_1701_L.avi,58625,19.5417,1.362,1.031,934.199,17.673,,J,Passing,
CUWO04_1701,Terapontidae,Pelates,octolineatus,1,151.958,37321020,CUWO04_1701_L.avi,140148,46.716,1.759,1.037,1033.46,16.785,,AD,Attracted,
CUWO04_1701,Terapontidae,Pelates,octolineatus,1,136.292,37321020,CUWO04_1701_L.avi,140148,46.716,0.938,1.049,1125.91,7.269,,AD,Attracted,
CUEO04_1701,Terapontidae,Pelates,octolineatus,1,102.794,37321020,CUEO04_1701_L.avi,163217,54.4057,0.906,1.08,881.404,23.265,,AD,Attracted,
CUEO03_1701,Terapontidae,Pelates,octolineatus,1,121.617,37321020,CUEO03_1701_L.avi,70553,23.5177,3.325,1.096,1357.798,19.857,,AD,Passing,
CUWO04_1701,Terapontidae,Pelates,octolineatus,1,145.435,37321020,CUWO04_1701_L.avi,140148,46.716,1.093,1.127,1142.298,17.79,,AD,Attracted,
CUEO01_1701,Terapontidae,Pelates,octolineatus,1,125.293,37321020,CUEO01_1701_L.avi,135549,45.183,1.134,1.128,814,21.076,,AD,Attracted,
CUEI01_1701,Terapontidae,Pelates,octolineatus,1,199.149,37321020,CUEI01_1701_L.avi,164059,54.6863,0.987,1.14,1079.263,11.544,,AD,Attracted,
CUWO02_1701,Arripidae,Arripis,georgianus,1,91.72,37344001,CUWO02_1701_L.avi,27515,9.1717,0.98,1.17,1014.016,14.762,,J,Attracted,
CUWO01_1701,Arripidae,Arripis,georgianus,1,88.27,37344001,CUWO01_1701_L.avi,101783,33.9277,0.571,1.189,739.984,15.563,,J,Attracted,
CUWO02_1701,Arripidae,Arripis,georgianus,1,95.646,37344001,CUWO02_1701_L.avi,27515,9.1717,1.132,1.189,1083.853,24.193,,J,Attracted,
CUEI03_1701,Tetraodontidae,Torquigener,pleurogramma,1,186.013,37467030,CUEI03_1701_L.avi,27653,9.2177,2.351,1.189,1915.082,16.513,,AD,Passing,
CUWO01_1701,Terapontidae,Pelates,octolineatus,1,129.45,37321020,CUWO01_1701_L.avi,87310,29.1033,1.555,1.208,1146.633,22.575,,AD,Attracted,
CUWO02_1701,Terapontidae,Pelates,octolineatus,1,165.236,37321020,CUWO02_1701_L.avi,64527,21.509,3.168,1.24,1301.795,11.307,,AD,Attracted,
CUEI04_1701,Terapontidae,Pelates,octolineatus,1,157.627,37321020,CUEI04_1701_L.avi,95101,31.7003,3.402,1.255,1362.456,20.656,,AD,Attracted,
CUEI03_1701,Arripidae,Arripis,georgianus,1,94.249,37344001,CUEI03_1701_L.avi,117294,39.098,0.822,1.315,961.57,9.989,,J,Attracted,
CUWO04_1701,Terapontidae,Pelates,octolineatus,1,144.107,37321020,CUWO04_1701_L.avi,140148,46.716,1.734,1.327,1168.155,19.195,,AD,Attracted,
CUEO04_1701,Tetraodontidae,Torquigener,pleurogramma,1,187.202,37467030,CUEO04_1701_L.avi,80207,26.7357,3.515,1.344,1436.664,26.597,,AD,Attracted,
CUWO01_1701,Terapontidae,Pelates,octolineatus,1,92.5,37321020,CUWO01_1701_L.avi,87310,29.1033,1.246,1.404,1144.427,29.712,,AD,Attracted,
CUWO01_1701,Terapontidae,Pelates,octolineatus,1,108.387,37321020,CUWO01_1701_L.avi,87310,29.1033,1.573,1.415,1257.828,32.863,,AD,Attracted,
CUWI04_1701,Arripidae,Arripis,georgianus,1,98.445,37344001,CUWI04_1701_R.avi,48292,16.0973,2.101,1.425,1222.871,15.204,,AD,Attracted,
CUWO01_1701,Arripidae,Arripis,georgianus,1,90.748,37344001,CUWO01_1701_L.avi,101783,33.9277,0.525,1.506,583.976,3.914,,J,Attracted,
CUEI04_1701,Sillaginidae,Sillaginodes,punctatus,1,282.373,37330001,CUEI04_1701_L.avi,61589,20.5297,4.723,1.538,1758.545,16.025,,AD,Passing,
CUEI03_1701,Pinguipedidae,Parapercis,haackei,1,81.261,37390004,CUEI03_1701_L.avi,58361,19.4537,1.36,1.541,1349.425,17.721,,AD,Attracted,
CUEI03_1701,Arripidae,Arripis,georgianus,1,98.217,37344001,CUEI03_1701_L.avi,117294,39.098,0.894,1.593,979.813,25.972,,J,Attracted,
CUEI04_1701,Arripidae,Arripis,georgianus,1,88.524,37344001,CUEI04_1701_L.avi,49583,16.5277,4.154,1.594,1749.277,30.516,,J,Attracted,
CUWO02_1701,Arripidae,Arripis,georgianus,1,101.014,37344001,CUWO02_1701_L.avi,27515,9.1717,1.783,1.6,1233.122,6.046,,J,Attracted,
CUWO01_1701,Terapontidae,Pelates,octolineatus,1,122.914,37321020,CUWO01_1701_L.avi,87310,29.1033,1.032,1.675,1147.35,15.01,,AD,Attracted,
CUWO04_1701,Terapontidae,Pelates,octolineatus,1,138.097,37321020,CUWO04_1701_L.avi,140148,46.716,1.812,1.711,1205.738,6.475,,AD,Attracted,
CUWO04_1701,Terapontidae,Pelates,octolineatus,1,125.086,37321020,CUWO04_1701_L.avi,140148,46.716,1.424,1.742,1114.347,19.062,,AD,Attracted,
CUWO04_1701,Terapontidae,Pelates,octolineatus,1,118.697,37321020,CUWO04_1701_L.avi,140148,46.716,1.318,1.762,1019.089,23.859,,AD,Attracted,
CUWO04_1701,Terapontidae,Pelates,octolineatus,1,129.702,37321020,CUWO04_1701_L.avi,140148,46.716,1.167,1.863,1136.448,25.355,,AD,Attracted,
CUEI03_1701,Terapontidae,Pelates,octolineatus,1,150.407,37321020,CUEI03_1701_L.avi,131877,43.959,0.682,1.877,839.58,12.409,,AD,Attracted,
CUWI04_1701,Arripidae,Arripis,georgianus,1,106.018,37344001,CUWI04_1701_R.avi,48292,16.0973,0.956,1.9,1243.727,15.942,,AD,Attracted,
CUEI03_1701,Terapontidae,Pelates,octolineatus,1,172.287,37321020,CUEI03_1701_L.avi,131877,43.959,0.6,1.936,697.535,13.048,,AD,Attracted,
CUWI04_1701,Arripidae,Arripis,georgianus,1,99.942,37344001,CUWI04_1701_R.avi,48292,16.0973,0.426,1.956,531.893,20.538,,AD,Attracted,
CUEO03_1701,Myliobatidae,Myliobatis,tenuicaudatus,1,449.464,37039001,CUEO03_1701_L.avi,47899,15.9663,9.591,1.991,2682.913,22.778,,AD,Passing,
CUEI04_1701,Terapontidae,Pelates,octolineatus,1,189.126,37321020,CUEI04_1701_L.avi,95101,31.7003,2.603,2.24,1363.584,4.437,,AD,Attracted,
CUEI01_1701,Terapontidae,Pelates,octolineatus,1,190.487,37321020,CUEI01_1701_L.avi,164059,54.6863,1.46,2.268,1218.565,18.429,,AD,Attracted,
CUEO04_1701,Terapontidae,Pelates,octolineatus,1,168.29,37321020,CUEO04_1701_L.avi,163217,54.4057,0.874,2.323,978.628,14.602,,AD,Attracted,
CUWO01_1701,Terapontidae,Pelates,octolineatus,1,106.993,37321020,CUWO01_1701_L.avi,87310,29.1033,1.229,2.348,1097.009,32.132,,AD,Attracted,
CUWO04_1701,Terapontidae,Pelates,octolineatus,1,145.354,37321020,CUWO04_1701_L.avi,140148,46.716,2.479,2.369,1338.836,7.849,,AD,Attracted,
CUWO02_1701,Sparidae,Pagrus,auratus,1,272.1,37353001,CUWO02_1701_L.avi,120250,40.0833,5.246,2.399,2299.777,23.578,,J,Attracted,
CUEO01_1701,Terapontidae,Pelates,octolineatus,1,135.892,37321020,CUEO01_1701_L.avi,135549,45.183,1.276,2.529,890.898,14.256,,AD,Attracted,
CUEO04_1701,Terapontidae,Pelates,octolineatus,1,187.098,37321020,CUEO04_1701_L.avi,163217,54.4057,0.898,2.553,1003.645,9.122,,AD,Attracted,
CUWO03_1701,Terapontidae,Pelates,octolineatus,1,173.067,37321020,CUWO03_1701_L.avi,90426,30.142,1.754,2.589,1016.431,12.986,,AD,Attracted,
CUEO01_1701,Terapontidae,Pelates,octolineatus,1,112.875,37321020,CUEO01_1701_L.avi,135549,45.183,0.869,2.688,948.566,7.3,,AD,Attracted,
CUEI01_1701,Terapontidae,Pelates,octolineatus,1,202.051,37321020,CUEI01_1701_L.avi,164059,54.6863,1.187,2.74,1028.928,21.22,,AD,Attracted,
CUEO01_1701,Terapontidae,Pelates,octolineatus,1,133.784,37321020,CUEO01_1701_L.avi,135549,45.183,0.991,2.751,829.928,26.689,,AD,Attracted,
CUWO03_1701,Sparidae,Pagrus,auratus,1,300.693,37353001,CUWO03_1701_L.avi,53226,17.742,3.804,2.772,1886.828,14.846,,J,Attracted,
CUEI04_1701,Arripidae,Arripis,georgianus,1,86.031,37344001,CUEI04_1701_L.avi,49583,16.5277,2.715,3.173,1646.545,30.766,,J,Attracted,
CUWO03_1701,Arripidae,Arripis,georgianus,1,74.35,37344001,CUWO03_1701_L.avi,54186,18.062,1.441,3.215,987.238,15.67,,J,Attracted,
CUWO01_1701,Tetraodontidae,Torquigener,pleurogramma,1,194.115,37467030,CUWO01_1701_L.avi,39871,13.2903,2.188,3.22,1896.577,6.722,,AD,Passing,
CUWO03_1701,Arripidae,Arripis,georgianus,1,98.7,37344001,CUWO03_1701_L.avi,54186,18.062,1.077,3.542,1006.715,10.525,,J,Attracted,
CUWO04_1701,Terapontidae,Pelates,octolineatus,1,114.413,37321020,CUWO04_1701_L.avi,140148,46.716,0.806,3.556,1046.799,13.799,,AD,Attracted,
CUWO02_1701,Terapontidae,Pelates,octolineatus,1,143.166,37321020,CUWO02_1701_L.avi,64527,21.509,0.852,3.594,1152.415,9.367,,AD,Attracted,
CUEO04_1701,Terapontidae,Pelates,octolineatus,1,100.383,37321020,CUEO04_1701_L.avi,163217,54.4057,0.733,3.615,924.912,17.789,,AD,Attracted,
CUEI04_1701,Arripidae,Arripis,georgianus,1,82.723,37344001,CUEI04_1701_L.avi,49583,16.5277,3.444,3.832,1632.686,35.436,,J,Attracted,
CUEI01_1701,Sparidae,Pagrus,auratus,1,294.081,37353001,CUEI01_1701_L.avi,166924,55.6413,1.02,4.008,1103.595,10.073,,J,Attracted,
CUEI03_1701,Terapontidae,Pelates,octolineatus,1,165.169,37321020,CUEI03_1701_L.avi,131877,43.959,0.705,4.065,797.189,21.177,,AD,Attracted,
CUEO04_1701,Terapontidae,Pelates,octolineatus,1,96.452,37321020,CUEO04_1701_L.avi,163217,54.4057,0.764,4.094,898.923,20.434,,AD,Attracted,
CUEI04_1701,Terapontidae,Pelates,octolineatus,1,235.753,37321020,CUEI04_1701_L.avi,95101,31.7003,1.14,4.201,1011.774,5.903,,AD,Attracted,
CUWO01_1701,Arripidae,Arripis,georgianus,1,91.845,37344001,CUWO01_1701_L.avi,101783,33.9277,0.752,4.484,761.727,24.577,,J,Attracted,
CUEO04_1701,Terapontidae,Pelates,octolineatus,1,174.373,37321020,CUEO04_1701_L.avi,163217,54.4057,1.123,4.557,854.499,17.679,,AD,Attracted,
CUEO04_1701,Terapontidae,Pelates,octolineatus,1,191.641,37321020,CUEO04_1701_L.avi,163217,54.4057,0.949,4.661,1082.686,16.321,,AD,Attracted,
CUWI04_1701,Arripidae,Arripis,georgianus,1,114.119,37344001,CUWI04_1701_R.avi,48292,16.0973,2.717,4.784,1628.734,11.76,,AD,Attracted,
CUWO01_1701,Terapontidae,Pelates,octolineatus,1,146.072,37321020,CUWO01_1701_L.avi,87310,29.1033,2.824,4.869,1511.958,10.074,,AD,Attracted,
CUEO04_1701,Sparidae,Pagrus,auratus,1,156.44,37353001,CUEO04_1701_L.avi,47509,15.8363,4.152,4.9,1981.535,13.732,,J,Attracted,
CUWI04_1701,Arripidae,Arripis,georgianus,1,104.403,37344001,CUWI04_1701_R.avi,48292,16.0973,2.899,4.954,1486.032,16.35,,AD,Attracted,
CUEO01_1701,Terapontidae,Pelates,octolineatus,1,167.626,37321020,CUEO01_1701_L.avi,135549,45.183,1.486,5.381,1131.326,20.15,,AD,Attracted,
CUWO02_1701,Terapontidae,Pelates,octolineatus,1,167.649,37321020,CUWO02_1701_L.avi,64527,21.509,0.75,5.475,807.298,21.114,,AD,Attracted,
CUEO01_1701,Tetraodontidae,Torquigener,pleurogramma,1,216.521,37467030,CUEO01_1701_L.avi,134139,44.713,2.577,5.591,2070.847,17.578,,AD,Passing,
CUWO01_1701,Sparidae,Pagrus,auratus,1,310.461,37353001,CUWO01_1701_L.avi,96188,32.0627,3.778,5.942,1867.39,22.275,,J,Attracted,
CUEO01_1701,Sparidae,Pagrus,auratus,1,246.247,37353001,CUEO01_1701_L.avi,125510,41.8367,3.156,6.119,2024.293,22.929,,J,Attracted,
CUEO04_1701,Arripidae,Arripis,georgianus,1,98.394,37344001,CUEO04_1701_L.avi,57989,19.3297,1.301,7.621,1212.261,16.802,,J,Attracted,
CUWO01_1701,Pentacerotidae,Pentaceropsis,recurvirostris,1,381.753,37367003,CUWO01_1701_L.avi,155378,51.7927,6.065,8.059,2907.644,15.862,,AD,Passing,
CUEO01_1701,Sparidae,Pagrus,auratus,1,224.904,37353001,CUEO01_1701_L.avi,125510,41.8367,2.122,9.034,1635.486,21.262,,J,Attracted,
CUWI01_1701,Terapontidae,Pelates,octolineatus,1,312.609,37321020,CUWI01_1701_L.avi,39847,13.2823,0.793,9.804,826.933,2.3,,AD,Attracted,
CUEI02_1701,Terapontidae,Pelates,octolineatus,1,134.585,37321020,CUEI02_1701_L.avi,172748,57.5827,1.579,16.868,1653.214,11.417,,AD,Passing,
FBSI04_1701,Arripidae,Arripis,georgianus,1,174.497,37344001,FBSI04_1701_L.avi,47575,15.8583,1.982,0.372,1718.992,12.161,,AD,Passing,
FBWO04_1701,Arripidae,Arripis,georgianus,1,92.626,37344001,FBWO04_1701_L.avi,116825,38.9417,0.423,0.429,510.103,13.304,,AD,Passing,
FBEO04_1701,Carangidae,Pseudocaranx,sp,1,138.93,37337924,FBEO04_1701_L.avi,47461,15.8203,3.674,0.908,1793.842,31.105,,AD,Passing,
FBEO04_1701,Carangidae,Pseudocaranx,sp,1,113.216,37337924,FBEO04_1701_L.avi,47461,15.8203,3.261,3.506,1775.397,26.062,,AD,Passing,
FBNI01_1701,Carangidae,Pseudocaranx,sp,1,97.007,37337924,FBNI01_1701_L.avi,49491,16.497,1.325,0.076,958.296,22.444,,AD,Passing,
FBNI01_1701,Carangidae,Pseudocaranx,sp,1,127.508,37337924,FBNI01_1701_L.avi,49491,16.497,1.074,1.747,1029.991,8.8,,AD,Passing,
FBNI01_1701,Carangidae,Pseudocaranx,sp,1,94.82,37337924,FBNI01_1701_L.avi,49491,16.497,0.845,0.575,1117.491,10.453,,AD,Passing,
FBNI02_1701,Carangidae,Pseudocaranx,sp,1,107.27,37337924,FBNI02_1701_L.avi,59357,19.7857,0.756,1.287,885.46,7.943,,AD,Passing,
FBNI03_1701,Carangidae,Pseudocaranx,sp,1,114.492,37337924,FBNI03_1701_L.avi,45039,15.013,0.914,0.313,1231.873,13.386,,AD,Passing,
FBNI03_1701,Carangidae,Pseudocaranx,sp,1,109.763,37337924,FBNI03_1701_L.avi,45039,15.013,0.93,0.731,1187.137,16.938,,AD,Passing,
FBNI03_1701,Carangidae,Pseudocaranx,sp,1,103.321,37337924,FBNI03_1701_L.avi,45039,15.013,1.598,0.214,1128.166,22.774,,AD,Passing,
FBNI03_1701,Carangidae,Pseudocaranx,sp,1,112.346,37337924,FBNI03_1701_L.avi,45039,15.013,1.236,3.685,1251.258,14.756,,AD,Passing,
FBNI03_1701,Carangidae,Pseudocaranx,sp,1,110.864,37337924,FBNI03_1701_L.avi,45039,15.013,1.434,0.978,1201.744,14.99,,AD,Passing,
FBNI03_1701,Carangidae,Pseudocaranx,sp,1,110.688,37337924,FBNI03_1701_L.avi,45039,15.013,1.512,0.473,1427.963,18.694,,AD,Passing,
FBNI03_1701,Carangidae,Pseudocaranx,sp,1,122.056,37337924,FBNI03_1701_L.avi,45039,15.013,2.76,0.678,1331.812,22.502,,AD,Passing,
FBNI03_1701,Carangidae,Pseudocaranx,sp,1,145.117,37337924,FBNI03_1701_L.avi,64338,21.446,0.971,0.855,1213.122,12.651,,AD,Passing,
FBNI03_1701,Carangidae,Pseudocaranx,sp,1,134.871,37337924,FBNI03_1701_L.avi,64338,21.446,1.032,0.899,1313.804,10.405,,AD,Passing,
FBNI03_1701,Carangidae,Pseudocaranx,sp,1,164.985,37337924,FBNI03_1701_L.avi,64338,21.446,2.508,0.861,1417.867,14.187,,AD,Passing,
FBNI03_1701,Carangidae,Pseudocaranx,sp,1,167.704,37337924,FBNI03_1701_L.avi,64338,21.446,1.153,1.084,1197.857,16.038,,AD,Passing,
FBNI03_1701,Carangidae,Pseudocaranx,sp,1,139.851,37337924,FBNI03_1701_L.avi,64338,21.446,1.317,0.72,1180.566,4.331,,AD,Passing,
FBNI03_1701,Carangidae,Pseudocaranx,sp,1,157.608,37337924,FBNI03_1701_L.avi,64338,21.446,0.867,0.625,1034.676,5.401,,AD,Passing,
FBWO02_1701,Carangidae,Pseudocaranx,sp,1,104.115,37337924,FBWO02_1701_L.avi,29546,9.8487,1.145,4.302,964.055,19.652,,AD,Passing,
FBWO02_1701,Carangidae,Pseudocaranx,sp,1,111.239,37337924,FBWO02_1701_L.avi,29564,9.8547,1.186,2.549,970.665,22.642,,AD,Passing,
FBWO04_1701,Carangidae,Pseudocaranx,sp,1,117.513,37337924,FBWO04_1701_L.avi,92827,30.9423,0.412,2.089,501.227,9.1,,AD,Passing,
FBNI01_1701,Carangidae,Trachurus,novaezelandiae,1,209.973,37337003,FBNI01_1701_L.avi,75217,25.0723,2.825,4.941,1667.407,16.276,,AD,Passing,
FBSI02_1701,Gerreidae,Parequula,melbournensis,1,103.197,37349001,FBSI02_1701_L.avi,25096,8.3653,3.144,0.619,1398.654,23.14,,AD,Passing,
FBSI02_1701,Gerreidae,Parequula,melbournensis,1,93.211,37349001,FBSI02_1701_L.avi,25096,8.3653,1.359,0.291,1119.844,24.201,,AD,Passing,
FBWO02_1701,Heterodontidae,Heterodontus,portusjacksoni,1,517.214,37007001,FBWO02_1701_L.avi,23455,7.8183,2.005,0.971,1132.656,17.677,,AD,Feeding,
FBWO04_1701,Heterodontidae,Heterodontus,portusjacksoni,1,498.785,37007001,FBWO04_1701_L.avi,46992,15.664,1.317,0.265,1095.196,19.01,,AD,Passing,
FBEO03_1701,Ostraciidae,Aracana,aurita,1,96.77,37466003,FBEO03_1701_L.avi,103098,34.366,1.82,1.935,1375.322,29.445,,AD,Passing,
FBEO01_1701,Ostraciidae,Aracana,ornata,1,109.796,37466001,FBEO01_1701_L.avi,122993,40.9977,1.052,0.226,1123.878,15.593,,AD,Passing,
FBSI01_1701,Ostraciidae,Aracana,ornata,1,125.368,37466001,FBSI01_1701_L.avi,155646,51.882,2.178,1.051,1627.297,23.625,,AD,Passing,
FBNI03_1701,Pinguipedidae,Parapercis,haackei,1,67.23,37390004,FBNI03_1701_L.avi,14880,4.96,1.418,1.018,1045.122,19.622,,AD,Passing,
FBSI02_1701,Pinguipedidae,Parapercis,haackei,1,75.868,37390004,FBSI02_1701_L.avi,34543,11.5143,1.124,1.419,917.282,21.474,,AD,Passing,
FBSI04_1701,Pinguipedidae,Parapercis,haackei,1,71.734,37390004,FBSI04_1701_L.avi,7520,2.5067,1.802,2.657,1558.549,12.21,,AD,Passing,
FBEO03_1701,Sillaginidae,Sillaginodes,punctatus,1,222.875,37330001,FBEO03_1701_L.avi,120949,40.3163,1.895,3.66,1553.709,23.161,,AD,Passing,
FBSI04_1701,Sillaginidae,Sillaginodes,punctatus,1,208.208,37330001,FBSI04_1701_L.avi,184317,61.439,1.716,2.286,1133.194,25.708,,AD,Passing,
FBEO01_1701,Terapontidae,Pelates,octolineatus,1,141.346,37321020,FBEO01_1701_L.avi,77196,25.732,0.906,0.895,1226.56,6.087,,AD,Passing,
FBEO01_1701,Terapontidae,Pelates,octolineatus,1,127.652,37321020,FBEO01_1701_L.avi,77196,25.732,1.227,1.037,1135.19,9.375,,AD,Passing,
FBEO01_1701,Terapontidae,Pelates,octolineatus,1,140.888,37321020,FBEO01_1701_L.avi,77196,25.732,1.052,0.428,1074.073,11.072,,AD,Passing,
FBEO01_1701,Terapontidae,Pelates,octolineatus,1,164.242,37321020,FBEO01_1701_L.avi,77196,25.732,2.022,2.496,1286.838,15.388,,AD,Passing,
FBEO01_1701,Terapontidae,Pelates,octolineatus,1,158.16,37321020,FBEO01_1701_L.avi,77196,25.732,1.703,0.399,1218.195,22.86,,AD,Passing,
FBEO01_1701,Terapontidae,Pelates,octolineatus,1,190.066,37321020,FBEO01_1701_L.avi,77196,25.732,2.788,1.647,1347.305,21.369,,AD,Passing,
FBEO01_1701,Terapontidae,Pelates,octolineatus,1,175.208,37321020,FBEO01_1701_L.avi,77196,25.732,2.431,0.981,1253.204,21.56,,AD,Passing,
FBEO01_1701,Terapontidae,Pelates,octolineatus,1,151.847,37321020,FBEO01_1701_L.avi,77196,25.732,2.253,0.25,1227.115,19.39,,AD,Passing,
FBEO01_1701,Terapontidae,Pelates,octolineatus,1,129.281,37321020,FBEO01_1701_L.avi,77196,25.732,1.496,0.853,1108.387,24.743,,AD,Passing,
FBEO01_1701,Terapontidae,Pelates,octolineatus,1,142.487,37321020,FBEO01_1701_L.avi,77196,25.732,1.041,0.272,1063.564,1.142,,AD,Passing,
FBEO02_1701,Terapontidae,Pelates,octolineatus,1,154.701,37321020,FBEO02_1701_L.avi,136559,45.5197,1.763,4.334,1267.985,25.085,Bait empty at 16 min,AD,Passing,
FBEO02_1701,Terapontidae,Pelates,octolineatus,1,145.838,37321020,FBEO02_1701_L.avi,136559,45.5197,1.828,3.215,1201.366,19.868,Bait empty at 16 min,AD,Passing,
FBEO02_1701,Terapontidae,Pelates,octolineatus,1,151.479,37321020,FBEO02_1701_L.avi,136559,45.5197,1.518,0.805,1185.778,13.351,Bait empty at 16 min,AD,Passing,
FBEO02_1701,Terapontidae,Pelates,octolineatus,1,136.729,37321020,FBEO02_1701_L.avi,136559,45.5197,1.214,1.111,1120.606,6.273,Bait empty at 16 min,AD,Passing,
FBEO02_1701,Terapontidae,Pelates,octolineatus,1,138.054,37321020,FBEO02_1701_L.avi,136559,45.5197,0.96,8.472,1201.042,1.863,Bait empty at 16 min,AD,Passing,
FBEO02_1701,Terapontidae,Pelates,octolineatus,1,156.938,37321020,FBEO02_1701_L.avi,136559,45.5197,1.126,7.432,1020.94,13.535,Bait empty at 16 min,AD,Passing,
FBEO02_1701,Terapontidae,Pelates,octolineatus,1,156.445,37321020,FBEO02_1701_L.avi,136559,45.5197,1.63,4.134,1119.813,20.622,Bait empty at 16 min,AD,Passing,
FBEO02_1701,Terapontidae,Pelates,octolineatus,1,142.653,37321020,FBEO02_1701_L.avi,136559,45.5197,0.971,2.391,1089.695,13.66,Bait empty at 16 min,AD,Passing,
FBEO03_1701,Terapontidae,Pelates,octolineatus,1,157.36,37321020,FBEO03_1701_L.avi,105870,35.29,1.906,1.661,1466.246,9.828,,AD,Passing,
FBEO03_1701,Terapontidae,Pelates,octolineatus,1,179.378,37321020,FBEO03_1701_L.avi,105870,35.29,0.904,2.906,1095.688,13.463,,AD,Passing,
FBEO03_1701,Terapontidae,Pelates,octolineatus,1,173.569,37321020,FBEO03_1701_L.avi,105870,35.29,1.914,2.907,1632.562,21.248,,AD,Passing,
FBEO03_1701,Terapontidae,Pelates,octolineatus,1,134.404,37321020,FBEO03_1701_L.avi,105870,35.29,2.113,0.518,1709.841,23.325,,AD,Passing,
FBEO03_1701,Terapontidae,Pelates,octolineatus,1,139.331,37321020,FBEO03_1701_L.avi,105870,35.29,3.777,4.836,1792.592,31.505,,AD,Passing,
FBEO03_1701,Terapontidae,Pelates,octolineatus,1,148.305,37321020,FBEO03_1701_L.avi,105870,35.29,2.861,2.078,1852.689,29.727,,AD,Passing,
FBEO04_1701,Terapontidae,Pelates,octolineatus,1,146.033,37321020,FBEO04_1701_L.avi,97562,32.5207,1.177,1.771,1271.159,18.075,,AD,Passing,
FBEO04_1701,Terapontidae,Pelates,octolineatus,1,136.345,37321020,FBEO04_1701_L.avi,97562,32.5207,1.211,1.165,1285.635,14.243,,AD,Passing,
FBEO04_1701,Terapontidae,Pelates,octolineatus,1,171.117,37321020,FBEO04_1701_L.avi,97562,32.5207,1.559,4.216,1510.015,15.619,,AD,Passing,
FBEO04_1701,Terapontidae,Pelates,octolineatus,1,134.447,37321020,FBEO04_1701_L.avi,97562,32.5207,1.145,2.713,1545.374,12.918,,AD,Passing,
FBEO04_1701,Terapontidae,Pelates,octolineatus,1,159.558,37321020,FBEO04_1701_L.avi,97562,32.5207,2.024,3.223,1758.569,18.377,,AD,Passing,
FBNI01_1701,Terapontidae,Pelates,octolineatus,1,114.974,37321020,FBNI01_1701_L.avi,127533,42.511,0.788,3.493,805.111,23.568,,AD,Passing,
FBNI01_1701,Terapontidae,Pelates,octolineatus,1,142.284,37321020,FBNI01_1701_L.avi,127533,42.511,1.466,0.712,1086.849,16.573,,AD,Passing,
FBNI01_1701,Terapontidae,Pelates,octolineatus,1,147.149,37321020,FBNI01_1701_L.avi,127533,42.511,2.241,2.533,1241.593,15.303,,AD,Passing,
FBNI01_1701,Terapontidae,Pelates,octolineatus,1,156.572,37321020,FBNI01_1701_L.avi,127533,42.511,1.806,2.519,1137.652,10.737,,AD,Passing,
FBNI01_1701,Terapontidae,Pelates,octolineatus,1,140.811,37321020,FBNI01_1701_L.avi,127533,42.511,1.982,0.74,1103.307,10.856,,AD,Passing,
FBNI02_1701,Terapontidae,Pelates,octolineatus,1,145.551,37321020,FBNI02_1701_L.avi,127922,42.6407,1.104,3.616,843.001,21.731,,AD,Passing,
FBNI02_1701,Terapontidae,Pelates,octolineatus,1,96.72,37321020,FBNI02_1701_L.avi,127922,42.6407,1.122,2.161,952.845,21.936,,AD,Passing,
FBNI02_1701,Terapontidae,Pelates,octolineatus,1,157.382,37321020,FBNI02_1701_L.avi,127922,42.6407,2.022,2.006,1045.333,15.618,,AD,Passing,
FBNI02_1701,Terapontidae,Pelates,octolineatus,1,168.58,37321020,FBNI02_1701_L.avi,127922,42.6407,2.281,3.839,1222.796,11.383,,AD,Passing,
FBNI02_1701,Terapontidae,Pelates,octolineatus,1,135.749,37321020,FBNI02_1701_L.avi,127922,42.6407,0.572,2.181,654.563,11.46,,AD,Passing,
FBNI02_1701,Terapontidae,Pelates,octolineatus,1,153.346,37321020,FBNI02_1701_L.avi,127922,42.6407,0.985,0.467,1142.82,12.662,,AD,Passing,
FBSI01_1701,Terapontidae,Pelates,octolineatus,1,164.517,37321020,FBSI01_1701_L.avi,8839,2.9463,1.929,2.663,1230.248,17.867,,AD,Passing,
FBSI01_1701,Terapontidae,Pelates,octolineatus,1,142.158,37321020,FBSI01_1701_L.avi,8839,2.9463,1.15,1.662,1605.627,0.905,,AD,Passing,
FBSI01_1701,Terapontidae,Pelates,octolineatus,1,184.301,37321020,FBSI01_1701_L.avi,8839,2.9463,1.953,1.287,1487.974,19.95,,AD,Passing,
FBSI01_1701,Terapontidae,Pelates,octolineatus,1,151.825,37321020,FBSI01_1701_L.avi,8839,2.9463,1.826,0.251,1155.656,24.48,,AD,Passing,
FBSI01_1701,Terapontidae,Pelates,octolineatus,1,127.908,37321020,FBSI01_1701_L.avi,8839,2.9463,1.122,1.649,985.946,24.849,,AD,Passing,
FBSI01_1701,Terapontidae,Pelates,octolineatus,1,162.78,37321020,FBSI01_1701_L.avi,8863,2.9543,1.946,0.94,1427.521,18.883,,AD,Passing,
FBSI01_1701,Terapontidae,Pelates,octolineatus,1,169.75,37321020,FBSI01_1701_L.avi,8863,2.9543,1.845,1.413,1192.106,27.81,,AD,Passing,
FBSI01_1701,Terapontidae,Pelates,octolineatus,1,167.946,37321020,FBSI01_1701_L.avi,8863,2.9543,1.849,0.579,1120.295,10.356,,AD,Passing,
FBSI02_1701,Terapontidae,Pelates,octolineatus,1,163.717,37321020,FBSI02_1701_L.avi,33600,11.2,1.793,0.816,1471.787,22.255,,AD,Passing,
FBSI02_1701,Terapontidae,Pelates,octolineatus,1,126.073,37321020,FBSI02_1701_L.avi,33600,11.2,1.98,0.159,1582.412,21.509,,AD,Passing,
FBSI02_1701,Terapontidae,Pelates,octolineatus,1,141.66,37321020,FBSI02_1701_L.avi,33600,11.2,2.167,0.964,1536.638,20.117,,AD,Passing,
FBSI02_1701,Terapontidae,Pelates,octolineatus,1,134.95,37321020,FBSI02_1701_L.avi,33600,11.2,2.288,0.879,1559.635,25.828,,AD,Passing,
FBSI02_1701,Terapontidae,Pelates,octolineatus,1,134.383,37321020,FBSI02_1701_L.avi,33600,11.2,2.235,2.833,1457.874,23.367,,AD,Passing,
FBSI02_1701,Terapontidae,Pelates,octolineatus,1,122.594,37321020,FBSI02_1701_L.avi,33600,11.2,1.806,0.983,1567.314,18.385,,AD,Passing,
FBSI02_1701,Terapontidae,Pelates,octolineatus,1,125.235,37321020,FBSI02_1701_L.avi,33600,11.2,1.572,1.16,1492.106,18.98,,AD,Passing,
FBSI02_1701,Terapontidae,Pelates,octolineatus,1,122.74,37321020,FBSI02_1701_L.avi,33600,11.2,2.012,0.746,1693.999,15.244,,AD,Passing,
FBSI02_1701,Terapontidae,Pelates,octolineatus,1,126.827,37321020,FBSI02_1701_L.avi,33600,11.2,1.584,1.232,1694.07,11.45,,AD,Passing,
FBSI02_1701,Terapontidae,Pelates,octolineatus,1,145.066,37321020,FBSI02_1701_L.avi,33600,11.2,2.087,1.463,1662.675,5.833,,AD,Passing,
FBSI02_1701,Terapontidae,Pelates,octolineatus,1,155.083,37321020,FBSI02_1701_L.avi,33600,11.2,1.724,0.792,1660.764,5.661,,AD,Passing,
FBSI04_1701,Terapontidae,Pelates,octolineatus,1,185.375,37321020,FBSI04_1701_L.avi,107694,35.898,1.48,1.197,1012.077,21.832,,AD,Passing,
FBSI04_1701,Terapontidae,Pelates,octolineatus,1,172.646,37321020,FBSI04_1701_L.avi,107694,35.898,1.767,0.749,1040.271,23.595,,AD,Passing,
FBSI04_1701,Terapontidae,Pelates,octolineatus,1,151.749,37321020,FBSI04_1701_L.avi,107694,35.898,2.134,4.025,1244.294,12.715,,AD,Passing,
FBSI04_1701,Terapontidae,Pelates,octolineatus,1,161.904,37321020,FBSI04_1701_L.avi,107694,35.898,1.246,5.343,1145.052,18.742,,AD,Passing,
FBSI04_1701,Terapontidae,Pelates,octolineatus,1,165.314,37321020,FBSI04_1701_L.avi,107694,35.898,0.772,1.519,872.895,23.382,,AD,Passing,
FBSI04_1701,Terapontidae,Pelates,octolineatus,1,173.586,37321020,FBSI04_1701_L.avi,107694,35.898,3.365,2.234,1928.128,27.45,,AD,Passing,
FBWO01_1701,Terapontidae,Pelates,octolineatus,1,130.148,37321020,FBWO01_1701_L.avi,132671,44.2237,1.479,3.528,1243.806,15.463,,AD,Passing,
FBWO01_1701,Terapontidae,Pelates,octolineatus,1,115.253,37321020,FBWO01_1701_L.avi,132671,44.2237,2.426,4.396,1224.896,24.248,,AD,Passing,
FBWO01_1701,Terapontidae,Pelates,octolineatus,1,142.545,37321020,FBWO01_1701_L.avi,132671,44.2237,1.626,1.789,1136.361,13.85,,AD,Passing,
FBWO01_1701,Terapontidae,Pelates,octolineatus,1,144.944,37321020,FBWO01_1701_L.avi,132671,44.2237,1.665,2.086,1349.685,16.955,,AD,Passing,
FBWO01_1701,Terapontidae,Pelates,octolineatus,1,138.976,37321020,FBWO01_1701_L.avi,132671,44.2237,1.357,4.511,1155.512,16.644,,AD,Passing,
FBWO01_1701,Terapontidae,Pelates,octolineatus,1,134.08,37321020,FBWO01_1701_L.avi,132671,44.2237,1.033,3.402,1151.91,18.859,,AD,Passing,
FBWO01_1701,Terapontidae,Pelates,octolineatus,1,160.873,37321020,FBWO01_1701_L.avi,132671,44.2237,1.449,1.22,1319.386,23.258,,AD,Passing,
FBWO01_1701,Terapontidae,Pelates,octolineatus,1,149.048,37321020,FBWO01_1701_L.avi,132671,44.2237,1.999,4.371,1579.353,7.624,,AD,Passing,
FBWO01_1701,Terapontidae,Pelates,octolineatus,1,141.916,37321020,FBWO01_1701_L.avi,132671,44.2237,2.411,0.474,1230.908,18.86,,AD,Passing,
FBWO01_1701,Terapontidae,Pelates,octolineatus,1,141.552,37321020,FBWO01_1701_L.avi,132671,44.2237,4.59,0.71,1642.553,23.505,,AD,Passing,
FBWO02_1701,Terapontidae,Pelates,octolineatus,1,172.344,37321020,FBWO02_1701_L.avi,90612,30.204,1.482,0.67,933.323,19.527,,AD,Passing,
FBWO02_1701,Terapontidae,Pelates,octolineatus,1,153.78,37321020,FBWO02_1701_L.avi,90612,30.204,1.746,2.162,976.842,13.297,,AD,Passing,
FBWO02_1701,Terapontidae,Pelates,octolineatus,1,134.045,37321020,FBWO02_1701_L.avi,90612,30.204,1.726,1.063,1104.252,18.124,,AD,Passing,
FBWO02_1701,Terapontidae,Pelates,octolineatus,1,140.016,37321020,FBWO02_1701_L.avi,90612,30.204,2.023,1.385,1125.571,6.253,,AD,Passing,
FBWO02_1701,Terapontidae,Pelates,octolineatus,1,149.609,37321020,FBWO02_1701_L.avi,90612,30.204,2.023,0.517,1147.289,17.676,,AD,Passing,
FBWO02_1701,Terapontidae,Pelates,octolineatus,1,146.128,37321020,FBWO02_1701_L.avi,90612,30.204,1.296,1.123,947.618,10.431,,AD,Passing,
FBWO02_1701,Terapontidae,Pelates,octolineatus,1,117.185,37321020,FBWO02_1701_L.avi,90612,30.204,1.941,0.399,1241.337,23.134,,AD,Passing,
FBWO03_1701,Terapontidae,Pelates,octolineatus,1,174.558,37321020,FBWO03_1701_L.avi,195527,65.1757,0.821,0.179,892.191,13.925,,AD,Passing,
FBWO03_1701,Terapontidae,Pelates,octolineatus,1,165.444,37321020,FBWO03_1701_L.avi,195527,65.1757,0.997,0.075,1069.855,3.026,,AD,Passing,
FBWO03_1701,Terapontidae,Pelates,octolineatus,1,131.892,37321020,FBWO03_1701_L.avi,195527,65.1757,1.637,1.811,1170.722,1.385,,AD,Passing,
FBWO03_1701,Terapontidae,Pelates,octolineatus,1,153.419,37321020,FBWO03_1701_L.avi,195527,65.1757,1.306,5.124,905.921,12.904,,AD,Passing,
FBWO03_1701,Terapontidae,Pelates,octolineatus,1,223.657,37321020,FBWO03_1701_L.avi,195527,65.1757,1.624,23.861,1411.341,22.455,,AD,Passing,
FBWO03_1701,Terapontidae,Pelates,octolineatus,1,151.319,37321020,FBWO03_1701_L.avi,195527,65.1757,2.095,0.612,1172.221,20.212,,AD,Passing,
FBWO03_1701,Terapontidae,Pelates,octolineatus,1,135.658,37321020,FBWO03_1701_L.avi,195527,65.1757,1.177,1.018,1057.763,23.341,,AD,Passing,
FBWO03_1701,Terapontidae,Pelates,octolineatus,1,121.482,37321020,FBWO03_1701_L.avi,195527,65.1757,0.926,1.117,1183.977,10.566,,AD,Passing,
FBWO03_1701,Terapontidae,Pelates,octolineatus,1,146.156,37321020,FBWO03_1701_L.avi,195527,65.1757,2.727,0.522,1318.79,20.567,,AD,Passing,
FBWO03_1701,Terapontidae,Pelates,octolineatus,1,169.55,37321020,FBWO03_1701_L.avi,195527,65.1757,4.097,1.515,1607.322,24.27,,AD,Passing,
FBWO03_1701,Terapontidae,Pelates,octolineatus,1,206.835,37321020,FBWO03_1701_L.avi,195527,65.1757,1.388,9.46,1283.916,25.719,,AD,Passing,
FBWO04_1701,Terapontidae,Pelates,octolineatus,1,129.078,37321020,FBWO04_1701_L.avi,138017,46.0057,0.792,0.514,1072.864,2.952,,AD,Passing,
FBWO04_1701,Terapontidae,Pelates,octolineatus,1,142.751,37321020,FBWO04_1701_L.avi,138017,46.0057,0.831,0.108,1052.723,3.53,,AD,Passing,
FBWO04_1701,Terapontidae,Pelates,octolineatus,1,132.764,37321020,FBWO04_1701_L.avi,138017,46.0057,1.054,0.776,1033.304,9.408,,AD,Passing,
FBWO04_1701,Terapontidae,Pelates,octolineatus,1,154.558,37321020,FBWO04_1701_L.avi,138017,46.0057,1.387,0.578,1267.632,19.12,,AD,Passing,
FBWO04_1701,Terapontidae,Pelates,octolineatus,1,150.348,37321020,FBWO04_1701_L.avi,138017,46.0057,1.481,1.47,1303.51,25.817,,AD,Passing,
FBWO04_1701,Terapontidae,Pelates,octolineatus,1,120.905,37321020,FBWO04_1701_L.avi,138017,46.0057,1.767,0.786,1371.908,12.963,,AD,Passing,
FBWO04_1701,Terapontidae,Pelates,octolineatus,1,138.715,37321020,FBWO04_1701_L.avi,138017,46.0057,1.378,1.228,1330.984,18.136,,AD,Passing,
FBWO04_1701,Terapontidae,Pelates,octolineatus,1,139.79,37321020,FBWO04_1701_L.avi,138017,46.0057,0.911,1.607,931.205,15.864,,AD,Passing,
FBWO04_1701,Terapontidae,Pelates,octolineatus,1,134.698,37321020,FBWO04_1701_L.avi,138017,46.0057,0.789,1.091,895.188,22.033,,AD,Passing,
FBWO04_1701,Terapontidae,Pelates,octolineatus,1,145.087,37321020,FBWO04_1701_L.avi,138017,46.0057,1.806,0.914,1012.722,21.487,,AD,Passing,
FBEO01_1701,Tetraodontidae,Torquigener,pleurogramma,1,137.773,37467030,FBEO01_1701_L.avi,46868,15.6227,4.689,2.404,1881.537,27.813,,AD,Passing,
FBEO02_1701,Tetraodontidae,Torquigener,pleurogramma,1,157.795,37467030,FBEO02_1701_L.avi,133557,44.519,3.401,0.609,1689.011,27.523,Bait empty at 16 min,AD,Passing,
FBEO03_1701,Tetraodontidae,Torquigener,pleurogramma,1,189.998,37467030,FBEO03_1701_L.avi,88956,29.652,3.892,1.897,1914.624,6.765,,AD,Passing,
FBNI01_1701,Tetraodontidae,Torquigener,pleurogramma,1,173.873,37467030,FBNI01_1701_L.avi,66195,22.065,1.538,2.575,1007.048,24.206,,AD,Passing,
FBNI02_1701,Tetraodontidae,Torquigener,pleurogramma,1,134.714,37467030,FBNI02_1701_L.avi,50316,16.772,0.865,0.763,945.955,24.219,,AD,Passing,
FBNI02_1701,Tetraodontidae,Torquigener,pleurogramma,1,229.796,37467030,FBNI02_1701_L.avi,50316,16.772,0.557,4.469,656.426,0.556,,AD,Passing,
FBSI01_1701,Tetraodontidae,Torquigener,pleurogramma,1,176.991,37467030,FBSI01_1701_L.avi,22920,7.64,1.355,3.506,1066.321,26.68,,AD,Passing,
FBSI02_1701,Tetraodontidae,Torquigener,pleurogramma,1,172.784,37467030,FBSI02_1701_L.avi,42796,14.2653,2.899,2.646,1725.976,20.037,,AD,Passing,
FBWO01_1701,Tetraodontidae,Torquigener,pleurogramma,1,207.964,37467030,FBWO01_1701_L.avi,60421,20.1403,2.498,1.954,1811.765,15.439,,AD,Passing,
FBWO02_1701,Tetraodontidae,Torquigener,pleurogramma,1,221.433,37467030,FBWO02_1701_L.avi,58906,19.6353,2.67,3.041,1749.596,25.885,,AD,Passing,
FBWO02_1701,Tetraodontidae,Torquigener,pleurogramma,1,207.997,37467030,FBWO02_1701_L.avi,58906,19.6353,1.932,1.579,1872.323,9.38,,AD,Passing,
FBWO04_1701,Tetraodontidae,Torquigener,pleurogramma,1,205.143,37467030,FBWO04_1701_L.avi,74586,24.862,1.387,1.031,1217.844,23.215,,AD,Passing,
FBWO04_1701,Tetraodontidae,Torquigener,pleurogramma,1,153.962,37467030,FBWO04_1701_L.avi,74586,24.862,1.125,1.512,1001.361,26.073,,AD,Passing,
FBWO04_1701,Tetraodontidae,Torquigener,pleurogramma,1,228.279,37467030,FBWO04_1701_L.avi,74586,24.862,1.841,0.234,1982.346,1.988,,AD,Passing,
PGEO01_1702,Sparidae,Pagrus,auratus,1,240.312,37353001,PGEO01_1702_L.avi,111228,37.076,2.048,2.263,1647.221,1.687,,J,Passing,
PGCI03_1702,Loliginidae,Sepioteuthis,australis,1,225.205,23617005,PGCI_03_1702_L.avi,64385,21.4617,3.244,2.7,1544.334,23.927,Rope in view,AD,Attracted,
PGCO03_1702,Loliginidae,Sepioteuthis,australis,1,302.68,23617005,PGCO03_1702_L.avi,107961,35.987,3.814,2.454,1829.721,29.371,Rope in view,AD,Feeding,
PGCO04_1702,Loliginidae,Sepioteuthis,australis,1,331.203,23617005,PGCO04_1702_L.avi,68509,22.8363,1.624,1.793,1583.224,15.005,sea grass over camera for much of clip,AD,Passing,
PGWI02_1702,Loliginidae,Sepioteuthis,australis,1,186.229,23617005,PGWI02_1702L.avi,112280,37.4267,1.25,1.111,970.294,25.703,,AD,Attracted,
PGWI04_1702,Loliginidae,Sepioteuthis,australis,1,190.03,23617005,PGWI04_1702_L.avi,61847,20.6157,1.217,0.465,1207.876,18.077,,AD,Attracted,
PGWO03_1702,Loliginidae,Sepioteuthis,australis,1,214.842,23617005,PGWO03_1602_L.avi,79183,26.3943,2.32,2.209,1644.319,23.371,,AD,Attracted,
PGWO04_1702,Loliginidae,Sepioteuthis,australis,1,191.026,23617005,PGWO04_1602_L.avi,56020,18.6733,1.654,3.488,1337.383,27.901,,AD,Passing,
PGEI04_1702,Odacidae,Siphonognathus,beddomei,1,53.743,37385006,PGEI04_1702_L.avi,160090,53.3633,0.586,0.535,676.775,11.382,,AD,Attracted,
PGCO02_1702,Apogonidae,Siphamia,cephalotes,1,30.839,37327032,PGCO02_1702_L.avi,82710,27.57,0.314,0.446,356.231,2.483,,AD,Passing,
PGCO03_1702,Monacanthidae,Meuschenia,freycineti,1,237.436,37465036,PGCO03_1702_L.avi,151104,50.368,1.323,0.917,1040.613,22.837,Rope in view,M,Attracted,
PGCO03_1702,Monacanthidae,Meuschenia,freycineti,1,198.358,37465036,PGCO03_1702_L.avi,151350,50.45,3.063,1.966,1507.585,26.237,Rope in view,F,Attracted,
PGCO04_1702,Monacanthidae,Meuschenia,freycineti,1,192.523,37465036,PGCO04_1702_L.avi,128917,42.9723,1.087,0.529,1432.613,4.702,sea grass over camera for much of clip,F,Attracted,
PGCO01_1702,Arripidae,Arripis,georgianus,1,178.301,37344001,PGCO01_1702_L.avi,77712,25.904,1.923,6.862,1442.736,29.312,,AD,Attracted,
PGEI01_1702,Arripidae,Arripis,georgianus,1,144.691,37344001,PGEI01_1702_L.avi,180795,60.265,1.343,5.144,1628.897,8.525,,AD,Attracted,
PGWO01_1702,Arripidae,Arripis,georgianus,1,145.349,37344001,PGWO01_1602_L.avi,167148,55.716,3.908,0.076,1487.123,25.75,,J,Attracted,
PGWI01_1702,Tetraodontidae,Tetractenos,glaber,1,85.085,37467003,PGWI01_1702_L.avi,78533,26.1777,2.989,1.714,1407.781,27.194,Poor Vis,J,Attracted,
PGCI01_1702,Monacanthidae,Scobinichthys,granulatus,1,151.609,37465007,PGCI_01_1702_L.avi,92106,30.702,1.693,0.769,1559.847,17.463,,AD,Attracted,
PGCI02_1702,Monacanthidae,Scobinichthys,granulatus,1,159.789,37465007,PGCI_02_1702_L.avi,121811,40.6037,1.278,0.529,782.93,17.132,,AD,Attracted,
PGCI03_1702,Monacanthidae,Scobinichthys,granulatus,1,105.043,37465007,PGCI_03_1702_L.avi,72791,24.2637,1.199,2.225,1070.589,13.092,Rope in view,AD,Attracted,
PGCO01_1702,Monacanthidae,Scobinichthys,granulatus,1,142.093,37465007,PGCO01_1702_L.avi,185816,61.9387,1.489,0.669,1530.48,19.193,,AD,Attracted,
PGCO02_1702,Monacanthidae,Scobinichthys,granulatus,1,144.422,37465007,PGCO02_1702_L.avi,28981,9.6603,0.847,1.003,990.372,19.304,,AD,Attracted,
PGCO03_1702,Monacanthidae,Scobinichthys,granulatus,1,171.981,37465007,PGCO03_1702_L.avi,32330,10.7767,1.887,0.183,1439.67,18.737,Rope in view,AD,Attracted,
PGCO04_1702,Monacanthidae,Scobinichthys,granulatus,1,134.175,37465007,PGCO04_1702_L.avi,133970,44.6567,1.245,1.103,1057.07,26.717,sea grass over camera for much of clip,AD,Attracted,
PGEI01_1702,Monacanthidae,Scobinichthys,granulatus,1,150.148,37465007,PGEI01_1702_L.avi,101206,33.7353,1.966,0.533,1776.136,18.459,,AD,Attracted,
PGEI02_1702,Monacanthidae,Scobinichthys,granulatus,1,162.652,37465007,PGEI02_1702_L.avi,27801,9.267,1.788,2.95,1313.756,4.296,,AD,Attracted,
PGEI04_1702,Monacanthidae,Scobinichthys,granulatus,1,123.596,37465007,PGEI04_1702_L.avi,96620,32.2067,2.098,0.751,1055.623,16.521,,AD,Attracted,
PGEI04_1702,Monacanthidae,Scobinichthys,granulatus,1,170.283,37465007,PGEI04_1702_L.avi,96620,32.2067,1.826,1.236,1161.014,20.012,,AD,Attracted,
PGEO01_1702,Monacanthidae,Scobinichthys,granulatus,1,125.766,37465007,PGEO01_1702_L.avi,21337,7.1123,1.105,0.19,1042.43,5.437,,AD,Attracted,
PGEO04_1702,Monacanthidae,Scobinichthys,granulatus,1,187.66,37465007,PGEO04_1702_L.avi,77203,25.7343,0.476,0.235,584.146,3.439,,AD,Attracted,
PGWI04_1702,Monacanthidae,Scobinichthys,granulatus,1,148.188,37465007,PGWI04_1702_L.avi,85112,28.3707,2.612,0.85,1254.532,18.237,,AD,Attracted,
PGWI04_1702,Monacanthidae,Scobinichthys,granulatus,1,155.41,37465007,PGWI04_1702_L.avi,85112,28.3707,2.498,0.316,1263.685,22.488,,AD,Attracted,
PGWO01_1702,Monacanthidae,Scobinichthys,granulatus,1,173.571,37465007,PGWO01_1602_L.avi,100766,33.5887,2.317,0.61,1682.909,11.06,,AD,Attracted,
PGWO03_1702,Monacanthidae,Scobinichthys,granulatus,1,182.281,37465007,PGWO03_1602_L.avi,149565,49.855,0.772,0.65,740.885,9.633,,AD,Passing,
PGWO03_1702,Monacanthidae,Scobinichthys,granulatus,1,144.768,37465007,PGWO03_1602_L.avi,141589,47.1963,1.032,0.571,792.282,9.666,,AD,Attracted,
PGWO04_1702,Monacanthidae,Scobinichthys,granulatus,1,154.065,37465007,PGWO04_1602_L.avi,40792,13.5973,0.767,0.415,842.801,4.584,,J,Attracted,
PGCO03_1702,Pempherididae,Pempheris,klunzingeri,1,127.654,37357003,PGCO03_1702_L.avi,160217,53.4057,3.157,0.972,1289.445,20.771,Rope in view,AD,Passing,
PGCO04_1702,Pempherididae,Pempheris,klunzingeri,1,89.658,37357003,PGCO04_1702_L.avi,77561,25.8537,1.742,1.428,1055.327,28.701,sea grass over camera for much of clip,AD,Passing,
PGCI01_1702,Triakidae,Furgaleus,macki,1,1282.844,37017003,PGCI_01_1702_L.avi,70256,23.4187,1.84,8.142,1304.893,4.545,,AD,Attracted,
PGCI02_1702,Gerreidae,Parequula,melbournensis,1,92.476,37349001,PGCI_02_1702_L.avi,114694,38.2313,1.051,0.786,1013.742,26.725,,AD,Passing,
PGCO01_1702,Gerreidae,Parequula,melbournensis,1,110.068,37349001,PGCO01_1702_L.avi,30540,10.18,1.267,0.259,1153.812,26.553,,AD,Attracted,
PGCO02_1702,Gerreidae,Parequula,melbournensis,1,97.971,37349001,PGCO02_1702_L.avi,53826,17.942,1.943,1.771,1097.12,10.173,,AD,Attracted,
PGEI01_1702,Gerreidae,Parequula,melbournensis,1,129.773,37349001,PGEI01_1702_L.avi,62437,20.8123,2.262,0.517,1083.237,19.423,,AD,Attracted,
PGEO04_1702,Gerreidae,Parequula,melbournensis,1,77.184,37349001,PGEO04_1702_L.avi,120253,40.0843,0.611,0.078,658.093,19.775,,AD,Attracted,
PGWI01_1702,Gerreidae,Parequula,melbournensis,1,71.435,37349001,PGWI01_1702_L.avi,14757,4.919,0.889,0.404,926.056,21.484,Poor Vis,AD,Attracted,
PGWI02_1702,Gerreidae,Parequula,melbournensis,1,113.757,37349001,PGWI02_1702L.avi,73473,24.491,0.746,0.145,627.885,15.027,,AD,Attracted,
PGWI02_1702,Gerreidae,Parequula,melbournensis,1,96.57,37349001,PGWI02_1702L.avi,73473,24.491,0.792,2.469,772.598,19.83,,AD,Attracted,
PGWO03_1702,Gerreidae,Parequula,melbournensis,1,76.33,37349001,PGWO03_1602_L.avi,113111,37.7037,0.411,0.882,478.557,9.284,,AD,Attracted,
PGCO01_1702,Sphyraenidae,Sphyraena,novaehollandiae,1,421.506,37382002,PGCO01_1702_L.avi,182285,60.7617,9.032,2.119,2469.897,23.734,,AD,Passing,
PGEI02_1702,Sphyraenidae,Sphyraena,novaehollandiae,1,266.772,37382002,PGEI02_1702_L.avi,49241,16.4137,2.944,2.489,1521.945,29.455,,J,Passing,
PGEO04_1702,Sphyraenidae,Sphyraena,novaehollandiae,1,313.463,37382002,PGEO04_1702_L.avi,75624,25.208,3.833,1.424,1928.058,27.049,,AD,Passing,
PGCI01_1702,Carangidae,Trachurus,novaezelandiae,1,176.532,37337003,PGCI_01_1702_L.avi,69593,23.1977,1.938,1.212,1572.6,25.466,,AD,Attracted,
PGCI01_1702,Carangidae,Trachurus,novaezelandiae,1,165.354,37337003,PGCI_01_1702_L.avi,69593,23.1977,1.538,0.402,1698.048,1.697,,AD,Attracted,
PGCI01_1702,Carangidae,Trachurus,novaezelandiae,1,176.913,37337003,PGCI_01_1702_L.avi,69593,23.1977,4.312,2.44,1762.153,7.981,,AD,Attracted,
PGCI02_1702,Carangidae,Trachurus,novaezelandiae,1,174.249,37337003,PGCI_02_1702_L.avi,165020,55.0067,0.956,4.616,1045.826,9.731,,AD,Attracted,
PGCI02_1702,Carangidae,Trachurus,novaezelandiae,1,180.448,37337003,PGCI_02_1702_L.avi,165020,55.0067,2.103,5.998,1171.885,22.392,,AD,Attracted,
PGCI02_1702,Carangidae,Trachurus,novaezelandiae,1,175.16,37337003,PGCI_02_1702_L.avi,165020,55.0067,1.758,6.346,1179.169,28.724,,AD,Attracted,
PGCI03_1702,Carangidae,Trachurus,novaezelandiae,1,152.412,37337003,PGCI_03_1702_L.avi,92882,30.9607,2.053,2.568,1476.903,28.359,Rope in view,AD,Attracted,
PGCI03_1702,Carangidae,Trachurus,novaezelandiae,1,169.049,37337003,PGCI_03_1702_L.avi,92882,30.9607,3.689,4.578,1610.174,26.951,Rope in view,AD,Attracted,
PGCI03_1702,Carangidae,Trachurus,novaezelandiae,1,173.985,37337003,PGCI_03_1702_L.avi,92882,30.9607,2.504,3.405,1848.842,20.191,Rope in view,AD,Attracted,
PGCI03_1702,Carangidae,Trachurus,novaezelandiae,1,180.96,37337003,PGCI_03_1702_L.avi,92882,30.9607,2.135,3.245,1866.985,14.697,Rope in view,AD,Attracted,
PGCO01_1702,Carangidae,Trachurus,novaezelandiae,1,165.378,37337003,PGCO01_1702_L.avi,57437,19.1457,1.349,1.72,1393.018,19.65,,AD,Attracted,
PGCO02_1702,Carangidae,Trachurus,novaezelandiae,1,164.646,37337003,PGCO02_1702_L.avi,131344,43.7813,1.107,1.51,1293.059,20.861,,AD,Passing,
PGCO02_1702,Carangidae,Trachurus,novaezelandiae,1,184.596,37337003,PGCO02_1702_L.avi,131344,43.7813,4.855,8.958,1668.516,25.653,,AD,Passing,
PGCO03_1702,Carangidae,Trachurus,novaezelandiae,1,166.024,37337003,PGCO03_1702_L.avi,124156,41.3853,1.207,2.29,1505.842,3.495,Rope in view,AD,Attracted,
PGCO03_1702,Carangidae,Trachurus,novaezelandiae,1,194.376,37337003,PGCO03_1702_L.avi,124156,41.3853,2.273,1.499,1659.942,9.887,Rope in view,AD,Passing,
PGCO04_1702,Carangidae,Trachurus,novaezelandiae,1,179.033,37337003,PGCO04_1702_L.avi,116730,38.91,1.207,0.859,1332.364,19.546,sea grass over camera for much of clip,AD,Passing,
PGEI01_1702,Carangidae,Trachurus,novaezelandiae,1,196.702,37337003,PGEI01_1702_L.avi,60629,20.2097,3.999,3.013,1968.096,20.163,,AD,Attracted,
PGEI02_1702,Carangidae,Trachurus,novaezelandiae,1,186.26,37337003,PGEI02_1702_L.avi,105071,35.0237,2.825,2.127,1517.942,13.708,,AD,Attracted,
PGEI02_1702,Carangidae,Trachurus,novaezelandiae,1,152.572,37337003,PGEI02_1702_L.avi,105071,35.0237,1.782,1.456,1687.502,9.035,,AD,Attracted,
PGWI01_1702,Carangidae,Trachurus,novaezelandiae,1,172.376,37337003,PGWI01_1702_L.avi,165133,55.0443,1.001,4.259,1078.1,0.711,Poor Vis,AD,Attracted,
PGWI01_1702,Carangidae,Trachurus,novaezelandiae,1,177.771,37337003,PGWI01_1702_L.avi,165133,55.0443,1.115,8.402,1256.924,8.74,Poor Vis,AD,Attracted,
PGWI04_1702,Carangidae,Trachurus,novaezelandiae,1,191.712,37337003,PGWI04_1702_L.avi,138408,46.136,1.081,0.602,932.797,17.593,,AD,Attracted,
PGWI04_1702,Carangidae,Trachurus,novaezelandiae,1,172.094,37337003,PGWI04_1702_L.avi,138408,46.136,1.055,0.296,1063.466,17.334,,AD,Attracted,
PGWI04_1702,Carangidae,Trachurus,novaezelandiae,1,192.414,37337003,PGWI04_1702_L.avi,138408,46.136,2.474,0.777,1068.923,11.764,,AD,Attracted,
PGWI04_1702,Carangidae,Trachurus,novaezelandiae,1,181.291,37337003,PGWI04_1702_L.avi,138408,46.136,0.857,0.439,1087.063,5.429,,AD,Attracted,
PGWI04_1702,Carangidae,Trachurus,novaezelandiae,1,163.181,37337003,PGWI04_1702_L.avi,138408,46.136,1.008,0.464,1175.336,10.499,,AD,Attracted,
PGWO01_1702,Carangidae,Trachurus,novaezelandiae,1,161.045,37337003,PGWO01_1602_L.avi,167448,55.816,3.016,0.988,1519.86,26.805,,AD,Attracted,
PGWO04_1702,Carangidae,Trachurus,novaezelandiae,1,138.899,37337003,PGWO04_1602_L.avi,169722,56.574,3.081,6.45,1455.141,27.789,,AD,Attracted,
PGWO04_1702,Carangidae,Trachurus,novaezelandiae,1,146.013,37337003,PGWO04_1602_L.avi,169722,56.574,3.759,0.894,1840.889,19.22,,AD,Attracted,
PGCI02_1702,Terapontidae,Pelates,octolineatus,1,225.944,37321020,PGCI_02_1702_L.avi,186491,62.1637,2.583,4.174,1603.761,14.095,,AD,Attracted,
PGCO01_1702,Terapontidae,Pelates,octolineatus,1,185.272,37321020,PGCO01_1702_L.avi,79394,26.4647,2.414,1.573,1478.851,18.358,,AD,Attracted,
PGCO01_1702,Tetraodontidae,Torquigener,pleurogramma,1,218.005,37467030,PGCO01_1702_L.avi,158566,52.8553,2.09,2.518,1145.55,17.189,,AD,Attracted,
PGCO02_1702,Tetraodontidae,Torquigener,pleurogramma,1,199.242,37467030,PGCO02_1702_L.avi,86355,28.785,1.148,1.443,1068.555,21.019,,AD,Attracted,
PGCO03_1702,Tetraodontidae,Torquigener,pleurogramma,1,201.174,37467030,PGCO03_1702_L.avi,45361,15.1203,5.079,0.374,1714.232,21.73,Rope in view,AD,Attracted,
PGCO04_1702,Tetraodontidae,Torquigener,pleurogramma,1,218.102,37467030,PGCO04_1702_L.avi,101346,33.782,1.238,1.073,1647.745,3.666,sea grass over camera for much of clip,AD,Attracted,
PGCO04_1702,Tetraodontidae,Torquigener,pleurogramma,1,216.007,37467030,PGCO04_1702_L.avi,101346,33.782,3.492,1.029,1850.823,26.121,sea grass over camera for much of clip,AD,Attracted,
PGEI02_1702,Tetraodontidae,Torquigener,pleurogramma,1,211.056,37467030,PGEI02_1702_L.avi,135805,45.2683,1.397,0.604,1091.001,24.737,,AD,Attracted,
PGEO04_1702,Tetraodontidae,Torquigener,pleurogramma,1,198.961,37467030,PGEO04_1702_L.avi,130595,43.5317,1.093,0.858,1010.4,11.137,,AD,Attracted,
PGWO03_1702,Tetraodontidae,Torquigener,pleurogramma,1,121.12,37467030,PGWO03_1602_L.avi,181861,60.6203,1.368,1.195,1018.117,18.45,,AD,Attracted,
PGWO03_1702,Tetraodontidae,Torquigener,pleurogramma,1,215.232,37467030,PGWO03_1602_L.avi,181853,60.6177,2.64,3.36,1303.254,19.389,,AD,Attracted,
PGCO02_1702,Heterodontidae,Heterodontus,portusjacksoni,1,572.149,37007001,PGCO02_1702_L.avi,188752,62.9173,1.922,12.461,1595.723,12.991,,AD,Passing,
PGCO03_1702,Heterodontidae,Heterodontus,portusjacksoni,1,633.238,37007001,PGCO03_1702_L.avi,69722,23.2407,1.748,0.851,1245.821,10.832,Rope in view,AD,Attracted,
PGEO01_1702,Heterodontidae,Heterodontus,portusjacksoni,1,449.829,37007001,PGEO01_1702_L.avi,66521,22.1737,0.56,0.609,659.699,3.133,,AD,Attracted,
PGEO04_1702,Heterodontidae,Heterodontus,portusjacksoni,1,550.599,37007001,PGEO04_1702_L.avi,73917,24.639,1.801,2.828,1596.288,14.079,,AD,Attracted,
PGWO04_1702,Heterodontidae,Heterodontus,portusjacksoni,1,534.753,37007001,PGWO04_1602_L.avi,156126,52.042,5.139,0.657,1607.421,23.553,,J,Attracted,
PGCI01_1702,Sillaginidae,Sillaginodes,punctatus,1,371.09,37330001,PGCI_01_1702_L.avi,32476,10.8253,3.801,0.576,1545.029,21.856,,AD,Attracted,
PGCI03_1702,Sillaginidae,Sillaginodes,punctatus,1,335.038,37330001,PGCI_03_1702_L.avi,51443,17.1477,5.651,5.286,1950.437,27.076,Rope in view,AD,Passing,
PGCO02_1702,Sillaginidae,Sillaginodes,punctatus,1,356.313,37330001,PGCO02_1702_L.avi,171864,57.288,7.364,0.906,2263.917,23.027,,AD,Passing,
PGCO03_1702,Sillaginidae,Sillaginodes,punctatus,1,333.949,37330001,PGCO03_1702_L.avi,100183,33.3943,4.834,0.704,1810.587,27.187,Rope in view,AD,Passing,
PGCO04_1702,Sillaginidae,Sillaginodes,punctatus,1,320.425,37330001,PGCO04_1702_L.avi,148081,49.3603,4.24,2.259,1522.594,24.844,sea grass over camera for much of clip,AD,Passing,
PGEI02_1702,Sillaginidae,Sillaginodes,punctatus,1,343.877,37330001,PGEI02_1702_L.avi,60328,20.1093,3.576,2.855,1707.496,23.364,,AD,Passing,
PGWI04_1702,Sillaginidae,Sillaginodes,punctatus,1,332.045,37330001,PGWI04_1702_L.avi,173066,57.6887,5.507,2.527,1936.881,26.04,,AD,Passing,
PGEI01_1702,Molpadiidae,Acanthaluteres,sp,1,78.542,37465905,PGEI01_1702_L.avi,49380,16.46,0.488,0.268,475.217,4.87,,J,Attracted,
PGWO01_1702,Monacanthidae,Unknown,sp,1,130.672,37465903,PGWO01_1602_L.avi,132068,44.0227,1.41,1.271,1502.251,9.074,,J,Attracted,
PGCO03_1702,Myliobatidae,Myliobatis,tenuicaudatus,1,501.354,37039001,PGCO03_1702_L.avi,101253,33.751,5.236,0.492,2276.609,25.108,Rope in view,AD,Attracted,
RHCO01_1612,Arripidae,Arripis,georgianus,1,140.531,37344001,RHCO01_1612_L.avi,153723,51.241,0.63,0.259,1034.453,17.83,,AD,Attracted,
RHCO01_1612,Arripidae,Arripis,georgianus,1,169.534,37344001,RHCO01_1612_L.avi,153723,51.241,0.787,1.402,1067.557,11.038,,AD,Attracted,
RHCO02_1612,Arripidae,Arripis,georgianus,1,193.697,37344001,RHCO02_1612_L.avi,127153,42.3843,1.086,2.473,1192.006,8.946,Reef edge into gravel,AD,Attracted,
RHCO02_1612,Arripidae,Arripis,georgianus,1,168.812,37344001,RHCO02_1612_L.avi,127155,42.385,0.616,5.47,1036.696,14.5,Reef edge into gravel,AD,Attracted,
RHCO02_1612,Arripidae,Arripis,georgianus,1,159.689,37344001,RHCO02_1612_L.avi,127178,42.3927,0.738,0.832,1119.419,4.931,Reef edge into gravel,AD,Attracted,
RHCO02_1612,Arripidae,Arripis,georgianus,1,190.844,37344001,RHCO02_1612_L.avi,127187,42.3957,0.503,3.024,943.816,4.197,Reef edge into gravel,AD,Attracted,
RHCO03_1612,Arripidae,Arripis,georgianus,1,146.515,37344001,RHCO03_1612_L.avi,165498,55.166,1.326,5.943,1770.558,18.327,,AD,Attracted,
RHCO03_1612,Arripidae,Arripis,georgianus,1,211.728,37344001,RHCO03_1612_L.avi,165504,55.168,2.171,0.863,1825.283,11.859,,AD,Attracted,
RHCO03_1612,Arripidae,Arripis,georgianus,1,202.171,37344001,RHCO03_1612_L.avi,165504,55.168,1.491,2.953,1704.515,9.943,,AD,Attracted,
RHCO03_1612,Arripidae,Arripis,georgianus,1,211.868,37344001,RHCO03_1612_L.avi,165504,55.168,1.896,0.367,2022.634,15.425,,AD,Attracted,
RHCO04_1612,Arripidae,Arripis,georgianus,1,159.084,37344001,RHCO04_1612_L.avi,135246,45.082,1.755,1.956,2109.035,10.607,,AD,Attracted,
RHCO04_1612,Arripidae,Arripis,georgianus,1,160.183,37344001,RHCO04_1612_L.avi,135332,45.1107,1.298,0.227,1969.711,7.901,,AD,Attracted,
RHCO04_1612,Arripidae,Arripis,georgianus,1,199.548,37344001,RHCO04_1612_L.avi,135366,45.122,2.838,2.181,2458.742,20.494,,AD,Attracted,
RHCO04_1612,Arripidae,Arripis,georgianus,1,157.569,37344001,RHCO04_1612_L.avi,135467,45.1557,6.525,1.754,2738.344,17.684,,AD,Passing,
RHEI02_1612,Arripidae,Arripis,georgianus,1,202.055,37344001,RHEI02_1612_L.avi,93998,31.3327,5.074,1.499,1808.307,3.822,,AD,Attracted,
RHEI02_1612,Arripidae,Arripis,georgianus,1,164.129,37344001,RHEI02_1612_L.avi,94010,31.3367,3.462,1.721,2126.687,21.381,,AD,Attracted,
RHEI02_1612,Arripidae,Arripis,georgianus,1,164.646,37344001,RHEI02_1612_L.avi,94029,31.343,2.421,1.855,2194.016,10.45,,AD,Attracted,
RHNO02_1612,Arripidae,Arripis,georgianus,1,141.186,37344001,RHNO02_1612_L.avi,132662,44.2207,3.546,0.545,2777.454,11.097,,AD,Passing,
RHNO02_1612,Arripidae,Arripis,georgianus,1,153.763,37344001,RHNO02_1612_L.avi,132663,44.221,2.765,1.319,2929.748,11.753,,AD,Passing,
RHNO02_1612,Arripidae,Arripis,georgianus,1,130.984,37344001,RHNO02_1612_L.avi,132663,44.221,2.572,0.645,2804.751,10.764,,AD,Passing,
RHNO03_1612,Arripidae,Arripis,georgianus,1,144.961,37344001,RHNO03_1612_L.avi,155140,51.7133,2.49,1.167,1512.969,10.92,,AD,Attracted,
RHNO03_1612,Arripidae,Arripis,georgianus,1,152.074,37344001,RHNO03_1612_L.avi,155140,51.7133,2.966,0.577,1918.393,6.342,,AD,Attracted,
RHNO03_1612,Arripidae,Arripis,georgianus,1,168.21,37344001,RHNO03_1612_L.avi,155140,51.7133,2.913,0.57,1810.757,7.889,,AD,Attracted,
RHNO03_1612,Arripidae,Arripis,georgianus,1,154.287,37344001,RHNO03_1612_L.avi,155190,51.73,1.607,0.208,1320.723,13.515,,AD,Attracted,
RHNO03_1612,Arripidae,Arripis,georgianus,1,172.765,37344001,RHNO03_1612_L.avi,155196,51.732,1.371,1.457,1518.352,18.7,,AD,Attracted,
RHCO01_1612,Carangidae,Pseudocaranx,sp,1,192.75,37337924,RHCO01_1612_L.avi,180857,60.2857,2.443,0.998,1423.692,5.63,,AD,Attracted,
RHCO01_1612,Carangidae,Pseudocaranx,sp,1,267.622,37337924,RHCO01_1612_L.avi,180887,60.2957,2.099,0.468,1559.508,1.54,,AD,Attracted,
RHCO01_1612,Carangidae,Pseudocaranx,sp,1,278.278,37337924,RHCO01_1612_L.avi,180891,60.297,1.213,0.672,1720.269,5.437,,AD,Attracted,
RHCO02_1612,Carangidae,Pseudocaranx,sp,1,183.462,37337924,RHCO02_1612_L.avi,172641,57.547,0.596,4.639,967.093,4.571,Reef edge into gravel,,Attracted,
RHCO02_1612,Carangidae,Pseudocaranx,sp,1,171.72,37337924,RHCO02_1612_L.avi,172641,57.547,0.645,0.661,1204.684,6.097,Reef edge into gravel,,Attracted,
RHCO02_1612,Carangidae,Pseudocaranx,sp,1,185.079,37337924,RHCO02_1612_L.avi,172662,57.554,1.118,2.521,1442.098,17.53,Reef edge into gravel,,Attracted,
RHCO02_1612,Carangidae,Pseudocaranx,sp,1,195.439,37337924,RHCO02_1612_L.avi,172686,57.562,1.343,3.115,1319.135,13.185,Reef edge into gravel,,Attracted,
RHCO02_1612,Carangidae,Pseudocaranx,sp,1,188.98,37337924,RHCO02_1612_L.avi,172727,57.5757,0.957,1.197,1155.403,15.595,Reef edge into gravel,,Attracted,
RHCO03_1612,Carangidae,Pseudocaranx,sp,1,297.729,37337924,RHCO03_1612_L.avi,111644,37.2147,0.933,0.229,1777.854,11.598,,,Attracted,
RHEI02_1612,Carangidae,Pseudocaranx,sp,1,218.5,37337924,RHEI02_1612_L.avi,100794,33.598,4.119,3.79,1707.17,6.277,,,Attracted,
RHEI02_1612,Carangidae,Pseudocaranx,sp,1,225.584,37337924,RHEI02_1612_L.avi,100810,33.6033,1.459,1.122,1753.364,5.407,,,Attracted,
RHEI02_1612,Carangidae,Pseudocaranx,sp,1,217.073,37337924,RHEI02_1612_L.avi,100838,33.6127,2.353,2.276,1984.564,9.128,,,Attracted,
RHEI02_1612,Carangidae,Pseudocaranx,sp,1,212.356,37337924,RHEI02_1612_L.avi,100849,33.6163,2.447,1.217,1933.526,2.764,,,Attracted,
RHEI02_1612,Carangidae,Pseudocaranx,sp,1,234.101,37337924,RHEI02_1612_L.avi,100939,33.6463,3.874,1.168,1935.401,10.14,,,Attracted,
RHNI02_1612,Carangidae,Pseudocaranx,sp,1,250.868,37337924,RHNI02_1612_L.avi,163543,54.5143,0.951,11.281,1537.866,9.254,,AD,Attracted,
RHNI03_1612,Carangidae,Pseudocaranx,sp,1,233.964,37337924,RHNI03_1612_L.avi,32473,10.8243,4.607,1.482,1934.795,20.758,,AD,Passing,
RHNI03_1612,Carangidae,Pseudocaranx,sp,1,214.434,37337924,RHNI03_1612_L.avi,32473,10.8243,6.23,0.289,2766.668,9.714,,AD,Passing,
RHNO02_1612,Carangidae,Pseudocaranx,sp,1,231.209,37337924,RHNO02_1612_L.avi,30336,10.112,0.962,0.628,1820.643,9.085,,AD,Passing,
RHNO02_1612,Carangidae,Pseudocaranx,sp,1,203.294,37337924,RHNO02_1612_L.avi,30338,10.1127,2.82,11.186,1686.142,26.017,,AD,Passing,
RHNO02_1612,Carangidae,Pseudocaranx,sp,1,245.247,37337924,RHNO02_1612_L.avi,30353,10.1177,3.787,2.308,2397.98,13.63,,AD,Passing,
RHNO02_1612,Carangidae,Pseudocaranx,sp,1,227.744,37337924,RHNO02_1612_L.avi,30397,10.1323,4.585,1.064,2474.118,5.618,,AD,Passing,
RHNO02_1612,Carangidae,Pseudocaranx,sp,1,231.842,37337924,RHNO02_1612_L.avi,30427,10.1423,1.719,1.591,2386.522,10.502,,AD,Passing,
RHNO03_1612,Carangidae,Pseudocaranx,sp,1,223.677,37337924,RHNO03_1612_L.avi,96034,32.0113,1.995,0.848,1854.639,7.017,,,Attracted,
RHNO03_1612,Carangidae,Pseudocaranx,sp,1,214.755,37337924,RHNO03_1612_L.avi,96049,32.0163,0.802,2.216,1274.518,7.85,,,Attracted,
RHNO03_1612,Carangidae,Pseudocaranx,sp,1,200.445,37337924,RHNO03_1612_L.avi,96049,32.0163,1.942,1.608,1582.437,5.31,,,Attracted,
RHNO04_1612,Carangidae,Pseudocaranx,sp,1,100.125,37337924,RHNO04_1612_L.avi,23480,7.8267,0.459,3.648,871.837,4.443,,J,Attracted,
RHCI01_1612,Carangidae,Pseudocaranx,sp,1,241.236,37337924,RHCI01_1612_L.avi,46629,15.543,0.899,3.26,896.963,12.878,,AD,Attracted,
RHCI01_1612,Carangidae,Pseudocaranx,sp,1,272.228,37337924,RHCI01_1612_L.avi,46647,15.549,2.235,3.797,1293.792,24.195,,AD,Attracted,
RHCI01_1612,Carangidae,Pseudocaranx,sp,1,244.225,37337924,RHCI01_1612_L.avi,46661,15.5537,0.887,3.123,1005.174,25.983,,AD,Attracted,
RHCI01_1612,Carangidae,Pseudocaranx,sp,1,223.687,37337924,RHCI01_1612_L.avi,46668,15.556,1.312,1.155,1393.479,12.623,,AD,Attracted,
RHCI01_1612,Carangidae,Pseudocaranx,sp,1,212.604,37337924,RHCI01_1612_L.avi,46668,15.556,1.099,0.938,1288.189,12.21,,AD,Attracted,
RHCI01_1612,Carangidae,Pseudocaranx,sp,1,223.476,37337924,RHCI01_1612_L.avi,46688,15.5627,0.889,3.533,925.337,20.95,,AD,Attracted,
RHCI03_1612,Carangidae,Pseudocaranx,sp,1,222.77,37337924,RHCI03_1612_L.avi,33077,11.0257,3.675,0.066,1996.51,13.847,,AD,Passing,
RHCI03_1612,Carangidae,Pseudocaranx,sp,1,204.535,37337924,RHCI03_1612_L.avi,33077,11.0257,3.659,1.264,2376.332,15.175,,AD,Passing,
RHCI03_1612,Carangidae,Pseudocaranx,sp,1,213.077,37337924,RHCI03_1612_L.avi,33077,11.0257,2.37,1.434,2176.257,10.28,,AD,Passing,
RHCI03_1612,Carangidae,Pseudocaranx,sp,1,213.085,37337924,RHCI03_1612_L.avi,33077,11.0257,3.78,0.749,1957.167,9.923,,AD,Passing,
RHCI03_1612,Carangidae,Pseudocaranx,sp,1,218.792,37337924,RHCI03_1612_L.avi,33077,11.0257,5.082,2.107,2624.36,18.959,,AD,Passing,
RHCI03_1612,Carangidae,Pseudocaranx,sp,1,205.998,37337924,RHCI03_1612_L.avi,33077,11.0257,5.905,1.08,2330.763,14.604,,AD,Passing,
RHCI03_1612,Carangidae,Pseudocaranx,sp,1,205.529,37337924,RHCI03_1612_L.avi,33077,11.0257,3.185,0.79,2112.243,12.474,,AD,Passing,
RHCI03_1612,Carangidae,Pseudocaranx,sp,1,216.943,37337924,RHCI03_1612_L.avi,33077,11.0257,2.775,1.135,1903.525,3.601,,AD,Passing,
RHCI03_1612,Carangidae,Pseudocaranx,sp,1,200.346,37337924,RHCI03_1612_L.avi,33077,11.0257,2.261,1.068,2088.417,3.131,,AD,Passing,
RHCI03_1612,Carangidae,Pseudocaranx,sp,1,196.237,37337924,RHCI03_1612_L.avi,33077,11.0257,4.82,0.51,2049.898,4.088,,AD,Passing,
RHCI03_1612,Carangidae,Pseudocaranx,sp,1,203.677,37337924,RHCI03_1612_L.avi,33077,11.0257,3.171,0.304,2045.705,20.735,,AD,Passing,
RHCI03_1612,Carangidae,Pseudocaranx,sp,1,198.545,37337924,RHCI03_1612_L.avi,33077,11.0257,3.99,1.651,2124.429,24.325,,AD,Passing,
RHCI03_1612,Carangidae,Pseudocaranx,sp,1,197.512,37337924,RHCI03_1612_L.avi,33077,11.0257,5.526,2.273,2251.647,26.777,,AD,Passing,
RHCI03_1612,Carangidae,Pseudocaranx,sp,1,208.762,37337924,RHCI03_1612_L.avi,33077,11.0257,2.471,0.373,2089.945,10.104,,AD,Passing,
RHEI04_1612,Carangidae,Pseudocaranx,sp,1,228.147,37337924,RHEI04_1612_L.avi,105790,35.2633,1.859,25.019,1697.084,19.548,,AD,Attracted,
RHEI04_1612,Carangidae,Pseudocaranx,sp,1,234.925,37337924,RHEI04_1612_L.avi,105790,35.2633,3.11,27.283,1513.824,14.238,,AD,Attracted,
RHEI04_1612,Carangidae,Pseudocaranx,sp,1,224.671,37337924,RHEI04_1612_L.avi,105821,35.2737,1.199,31.74,1256.815,23.354,,AD,Attracted,
RHEI04_1612,Carangidae,Pseudocaranx,sp,1,234.585,37337924,RHEI04_1612_L.avi,105848,35.2827,0.878,19.945,1024.561,18.189,,AD,Attracted,
RHEI04_1612,Carangidae,Pseudocaranx,sp,1,239.951,37337924,RHEI04_1612_L.avi,105848,35.2827,3.127,36.797,1604.614,15.898,,AD,Attracted,
RHCI01_1612,Cheilodactylidae,Cheilodactylus,nigripes,1,250.88,37377001,RHCI01_1612_L.avi,129570,43.19,2.561,0.461,1458.116,26.919,,AD,Attracted,
RHCO02_1612,Cheilodactylidae,Cheilodactylus,nigripes,1,240.854,37377001,RHCO02_1612_L.avi,61943,20.6477,1.053,2.995,1327.489,12.727,Reef edge into gravel,AD,Passing,
RHEI01_1612,Cheilodactylidae,Cheilodactylus,nigripes,1,260.64,37377001,RHEI01_1612_L.avi,55918,18.6393,1.88,1.037,1106.605,24.521,,AD,Passing,
RHEI03_1612,Cheilodactylidae,Cheilodactylus,nigripes,1,193.308,37377001,RHEI03_1612_L.avi,9022,3.0073,1.847,0.645,1326.945,28.901,,,Passing,
RHNI02_1612,Cheilodactylidae,Cheilodactylus,nigripes,1,256.135,37377001,RHNI02_1612_L.avi,79516,26.5053,1.264,10.65,1776.828,9.484,,AD,Attracted,
RHNI03_1612,Cheilodactylidae,Cheilodactylus,nigripes,1,296.563,37377001,RHNI03_1612_L.avi,75908,25.3027,13.246,0.469,3541.492,15.21,,AD,Passing,
RHNO03_1612,Cheilodactylidae,Cheilodactylus,nigripes,1,288.814,37377001,RHNO03_1612_L.avi,112400,37.4667,1.836,0.385,2551.466,8.275,,,Passing,
RHCI03_1612,Cheilodactylidae,Dactylophora,nigricans,1,564.773,37377005,RHCI03_1612_L.avi,56424,18.808,6.401,0.102,2053.307,9.719,,AD,Passing,
RHCO01_1612,Cheilodactylidae,Dactylophora,nigricans,1,609.209,37377005,RHCO01_1612_L.avi,6079,2.0263,3.031,1.432,2021.462,14.063,,AD,Passing,
RHCO01_1612,Cheilodactylidae,Dactylophora,nigricans,1,339.184,37377005,RHCO01_1612_L.avi,6163,2.0543,2.638,1.92,1872.272,5.681,,J,Passing,
RHNI02_1612,Cheilodactylidae,Dactylophora,nigricans,1,632.291,37377005,RHNI02_1612_L.avi,78214,26.0713,3.356,13.437,1992.623,11.652,,AD,Passing,
RHNI04_1612,Cheilodactylidae,Dactylophora,nigricans,1,402.935,37377005,RHNI04_1612_L.avi,115607,38.5357,1.653,3.9,2093.365,16.037,,,Attracted,
RHNO03_1612,Cheilodactylidae,Dactylophora,nigricans,1,347.317,37377005,RHNO03_1612_L.avi,85972,28.6573,4.731,1.217,2351.459,9.256,,J,Passing,
RHNO02_1612,Cheilodactylidae,Nemadactylus,valenciennesi,1,257.102,37377004,RHNO02_1612_L.avi,23160,7.72,2.967,10.4,2577.567,18.939,,,Passing,
RHCO04_1612,Hemiramphidae,Hyporhamphus,melanochir,1,196.385,37234001,RHCO04_1612_L.avi,123547,41.1823,2.899,1.726,3638.104,14.647,,AD,Passing,
RHCO04_1612,Hemiramphidae,Hyporhamphus,melanochir,1,183.454,37234001,RHCO04_1612_L.avi,123547,41.1823,8.763,0.626,3486.455,15.5,,AD,Passing,
RHCO04_1612,Hemiramphidae,Hyporhamphus,melanochir,1,195.11,37234001,RHCO04_1612_L.avi,123547,41.1823,6.91,8.361,3651.349,17.837,,AD,Passing,
RHEI03_1612,Kyphosidae,Girella,zebra,1,254.029,37361008,RHEI03_1612_L.avi,42392,14.1307,2.145,1.447,1447.31,18.264,,AD,Attracted,
RHEI04_1612,Kyphosidae,Girella,zebra,1,287.544,37361008,RHEI04_1612_L.avi,136763,45.5877,4.08,40.097,1851.462,23.644,,AD,Passing,
RHEI04_1612,Kyphosidae,Girella,zebra,1,259.968,37361008,RHEI04_1612_L.avi,140035,46.6783,1.288,24.12,1226.583,9.572,,AD,Feeding,
RHNO02_1612,Kyphosidae,Girella,zebra,1,196.223,37361008,RHNO02_1612_L.avi,94809,31.603,1.638,1.116,1776.457,10.792,,AD,Passing,
RHNO02_1612,Kyphosidae,Girella,zebra,1,208.439,37361008,RHNO02_1612_L.avi,94836,31.612,0.903,2.466,1551.802,13.09,,AD,Passing,
RHNO02_1612,Kyphosidae,Girella,zebra,1,247.474,37361008,RHNO02_1612_L.avi,94899,31.633,2.834,1.597,2118.252,3.71,,AD,Passing,
RHNO02_1612,Kyphosidae,Girella,zebra,1,186.871,37361008,RHNO02_1612_L.avi,94925,31.6417,3.169,0.204,1965.98,13.911,,AD,Passing,
RHNO02_1612,Kyphosidae,Girella,zebra,1,201.897,37361008,RHNO02_1612_L.avi,94929,31.643,3.732,1.14,2059.679,4.863,,AD,Passing,
RHNO02_1612,Kyphosidae,Girella,zebra,1,189.53,37361008,RHNO02_1612_L.avi,94934,31.6447,1.689,2.128,1989.656,8.61,,AD,Passing,
RHNO02_1612,Kyphosidae,Girella,zebra,1,188.394,37361008,RHNO02_1612_L.avi,94960,31.6533,4.079,1.483,2034.297,13.912,,AD,Passing,
RHNO02_1612,Kyphosidae,Girella,zebra,1,197.919,37361008,RHNO02_1612_L.avi,95011,31.6703,2.012,0.115,1812.254,12.881,,AD,Passing,
RHNO02_1612,Kyphosidae,Girella,zebra,1,182.029,37361008,RHNO02_1612_L.avi,95127,31.709,1.388,1.776,1573.459,12.188,,AD,Passing,
RHNO03_1612,Kyphosidae,Girella,zebra,1,205.551,37361008,RHNO03_1612_L.avi,70015,23.3383,6.507,0.683,2592.837,20.828,,AD,Passing,
RHNO03_1612,Kyphosidae,Girella,zebra,1,195.517,37361008,RHNO03_1612_L.avi,70041,23.347,5.402,2.706,2638.224,19.733,,AD,Passing,
RHNO03_1612,Kyphosidae,Girella,zebra,1,261.582,37361008,RHNO03_1612_L.avi,70079,23.3597,5.98,0.14,2465.167,13.824,,AD,Passing,
RHNO03_1612,Kyphosidae,Girella,zebra,1,246.42,37361008,RHNO03_1612_L.avi,70127,23.3757,2.585,0.994,2254,10.6,,AD,Passing,
RHNO04_1612,Kyphosidae,Girella,zebra,1,142.254,37361008,RHNO04_1612_L.avi,82626,27.542,2.482,10.122,1690.442,25.128,,AD,Passing,
RHCI01_1612,Kyphosidae,Kyphosus,sydneyanus,1,363.985,37361001,RHCI01_1612_L.avi,150515,50.1717,1.806,0.848,1529.526,23.541,,AD,Passing,
RHEI03_1612,Kyphosidae,Kyphosus,sydneyanus,1,409.019,37361001,RHEI03_1612_L.avi,101046,33.682,2.036,0.759,1082.351,20.296,,AD,Attracted,
RHNO02_1612,Kyphosidae,Kyphosus,sydneyanus,1,230.041,37361001,RHNO02_1612_L.avi,17124,5.708,5.351,1.196,2207.202,7.982,,AD,Passing,
RHNO02_1612,Kyphosidae,Kyphosus,sydneyanus,1,224.034,37361001,RHNO02_1612_L.avi,17124,5.708,4.139,3.774,2257.253,12.946,,AD,Passing,
RHNO04_1612,Kyphosidae,Kyphosus,sydneyanus,1,244.244,37361001,RHNO04_1612_L.avi,84940,28.3133,1.921,8.817,2989.356,8.206,,AD,Passing,
RHEI03_1612,Labridae,Austrolabrus,maculatus,1,145.551,37384025,RHEI03_1612_L.avi,32676,10.892,1.266,0.942,1062.132,22.648,,M,Attracted,Increase Lmax to 170mm
RHSO04_1612,Labridae,Austrolabrus,maculatus,1,119.234,37384025,RHSO04_1612_L.avi,66931,22.3103,1.789,1.631,1510.569,27.398,strong current; BRUVS blown upside down @ 5 mins,AD,Passing,
RHCI03_1612,Labridae,Notolabrus,parilus,1,281.292,37384022,RHCI03_1612_L.avi,21105,7.035,4.808,1.964,2245.118,20.311,,F,Passing,
RHCI03_1612,Labridae,Notolabrus,parilus,1,155.867,37384022,RHCI03_1612_L.avi,21110,7.0367,7.893,1.41,2593.687,26.838,,F,Passing,
RHCO01_1612,Labridae,Notolabrus,parilus,1,208.073,37384022,RHCO01_1612_L.avi,84067,28.0223,1.103,0.21,1973.65,6.836,,F,Passing,
RHCO02_1612,Labridae,Notolabrus,parilus,1,129.634,37384022,RHCO02_1612_L.avi,11190,3.73,1.422,3.927,1628.79,20.656,Reef edge into gravel,F,Passing,
RHCO03_1612,Labridae,Notolabrus,parilus,1,327.002,37384022,RHCO03_1612_L.avi,77150,25.7167,2.832,2.652,1989.246,20.691,,AD,Passing,
RHEI02_1612,Labridae,Notolabrus,parilus,1,224.226,37384022,RHEI02_1612_L.avi,34024,11.3413,6.853,2.017,2540.042,10.337,,F,Attracted,
RHEI02_1612,Labridae,Notolabrus,parilus,1,196.949,37384022,RHEI02_1612_L.avi,34024,11.3413,4.939,1.078,1699.716,13.885,,F,Attracted,
RHEI02_1612,Labridae,Notolabrus,parilus,1,234.44,37384022,RHEI02_1612_L.avi,34031,11.3437,9.886,0.6,2476.266,8.381,,F,Attracted,
RHEI03_1612,Labridae,Notolabrus,parilus,1,159.602,37384022,RHEI03_1612_L.avi,17693,5.8977,1.134,0.491,926.777,18.818,,F,Attracted,
RHEI04_1612,Labridae,Notolabrus,parilus,1,189.03,37384022,RHEI04_1612_L.avi,44769,14.923,1.341,25.91,1281.758,25.546,,F,Attracted,
RHEI04_1612,Labridae,Notolabrus,parilus,1,424.987,37384022,RHEI04_1612_L.avi,96274,32.0913,1.826,31.846,1654.076,18.981,,M,Attracted,
RHNI02_1612,Labridae,Notolabrus,parilus,1,416.658,37384022,RHNI02_1612_L.avi,159667,53.2223,1.708,3.346,1619.977,3.458,,M,Attracted,
RHNI03_1612,Labridae,Notolabrus,parilus,1,246.685,37384022,RHNI03_1612_L.avi,42291,14.097,1.679,1.349,2325.961,14.204,,F,Passing,
RHNI04_1612,Labridae,Notolabrus,parilus,1,225.922,37384022,RHNI04_1612_L.avi,32686,10.8953,3.553,0.869,2738.312,17.047,,F,Passing,
RHNO02_1612,Labridae,Notolabrus,parilus,1,276.45,37384022,RHNO02_1612_L.avi,139727,46.5757,3.256,5.036,2482.812,17.167,,F,Passing,
RHNO02_1612,Labridae,Notolabrus,parilus,1,376.041,37384022,RHNO02_1612_L.avi,145083,48.361,3.583,1.346,2396.377,9.415,,M,Passing,
RHNO03_1612,Labridae,Notolabrus,parilus,1,181.743,37384022,RHNO03_1612_L.avi,34849,11.6163,1.722,0.151,1501.498,17.512,,F,Attracted,
RHSO02_1612,Labridae,Notolabrus,parilus,1,464.655,37384022,RHSO02_1612_L.avi,14234,4.7447,10.511,1.309,3097.176,7.404,,M,Passing,
RHSO03_1612,Labridae,Notolabrus,parilus,1,206.922,37384022,RHSO03_1612_L.avi,96901,32.3003,4.025,1.13,2260.869,27.486,strong current,AD,Passing,
RHSO03_1612,Labridae,Notolabrus,parilus,1,217.57,37384022,RHSO03_1612_L.avi,96901,32.3003,5.452,4.178,2066.705,26.939,strong current,AD,Passing,
RHSO04_1612,Labridae,Notolabrus,parilus,1,315.524,37384022,RHSO04_1612_L.avi,35781,11.927,2.387,1.207,1195.749,22.584,strong current; BRUVS blown upside down @ 5 mins,F,Attracted,
RHCI01_1612,Labridae,Notolabrus,tetricus,1,388.212,37384003,RHCI01_1612_L.avi,24193,8.0643,4.46,7.452,1839.678,18.862,,F,Passing,
RHCI01_1612,Labridae,Notolabrus,tetricus,1,171.548,37384003,RHCI01_1612_L.avi,24194,8.0647,1.192,5.531,1124.827,20.487,,F,Attracted,
RHCI01_1612,Labridae,Notolabrus,tetricus,1,204.881,37384003,RHCI01_1612_L.avi,24277,8.0923,2.65,1.412,1598.814,19.471,,F,Passing,
RHCI01_1612,Labridae,Notolabrus,tetricus,1,215.147,37384003,RHCI01_1612_L.avi,24278,8.0927,4.337,0.708,1867.916,14.708,,F,Passing,
RHCI03_1612,Labridae,Notolabrus,tetricus,1,211.381,37384003,RHCI03_1612_L.avi,47891,15.9637,3.03,0.364,2286.821,10.792,,F,Passing,
RHCI03_1612,Labridae,Notolabrus,tetricus,1,277.714,37384003,RHCI03_1612_L.avi,47947,15.9823,2.007,0.63,1358.382,18.25,,F,Attracted,
RHCO01_1612,Labridae,Notolabrus,tetricus,1,140.156,37384003,RHCO01_1612_L.avi,19750,6.5833,1.181,1.91,2052.834,9.058,,J,Passing,
RHCO01_1612,Labridae,Notolabrus,tetricus,1,310.1,37384003,RHCO01_1612_L.avi,22197,7.399,1.234,0.747,2167.716,3.869,,F,Attracted,
RHCO02_1612,Labridae,Notolabrus,tetricus,1,81.924,37384003,RHCO02_1612_L.avi,7016,2.3387,0.767,6.527,1417.638,13.049,Reef edge into gravel,J,Passing,
RHCO02_1612,Labridae,Notolabrus,tetricus,1,176.966,37384003,RHCO02_1612_L.avi,7016,2.3387,1.767,3.206,1782.992,5.179,Reef edge into gravel,F,Passing,
RHCO02_1612,Labridae,Notolabrus,tetricus,1,116.153,37384003,RHCO02_1612_L.avi,7016,2.3387,1.32,5.894,1769.253,7.601,Reef edge into gravel,J,Passing,
RHCO02_1612,Labridae,Notolabrus,tetricus,1,193.242,37384003,RHCO02_1612_L.avi,7022,2.3407,0.815,6.584,1311.037,14.118,Reef edge into gravel,F,Attracted,
RHCO02_1612,Labridae,Notolabrus,tetricus,1,172.564,37384003,RHCO02_1612_L.avi,7022,2.3407,1.126,2.304,1322.642,4.832,Reef edge into gravel,AD,Attracted,
RHCO03_1612,Labridae,Notolabrus,tetricus,1,196.152,37384003,RHCO03_1612_L.avi,10503,3.501,1.792,4.408,2028.112,18.615,,F,Passing,
RHCO03_1612,Labridae,Notolabrus,tetricus,1,197.322,37384003,RHCO03_1612_L.avi,10731,3.577,0.777,0.992,1262.308,9.501,,F,Attracted,
RHCO03_1612,Labridae,Notolabrus,tetricus,1,239.3,37384003,RHCO03_1612_L.avi,10870,3.6233,3.134,0.295,1780.171,18.242,,F,Passing,
RHCO03_1612,Labridae,Notolabrus,tetricus,1,217.554,37384003,RHCO03_1612_L.avi,11146,3.7153,0.769,0.18,1201.985,5.184,,F,Attracted,
RHEI01_1612,Labridae,Notolabrus,tetricus,1,172.169,37384003,RHEI01_1612_L.avi,50841,16.947,2.921,5.791,1615.476,27.793,,AD,Passing,
RHEI01_1612,Labridae,Notolabrus,tetricus,1,219.498,37384003,RHEI01_1612_L.avi,50845,16.9483,1.573,1.295,1875.325,24.457,,AD,Passing,
RHEI01_1612,Labridae,Notolabrus,tetricus,1,213.816,37384003,RHEI01_1612_L.avi,50857,16.9523,1.467,2.048,1214.559,25.621,,AD,Passing,
RHEI01_1612,Labridae,Notolabrus,tetricus,1,206.33,37384003,RHEI01_1612_L.avi,50857,16.9523,3.206,1.259,1618.089,28.534,,AD,Passing,
RHEI01_1612,Labridae,Notolabrus,tetricus,1,236.985,37384003,RHEI01_1612_L.avi,50857,16.9523,4.586,1.662,1775.818,23.055,,AD,Passing,
RHEI01_1612,Labridae,Notolabrus,tetricus,1,187.237,37384003,RHEI01_1612_L.avi,50857,16.9523,3.162,1.751,1869.694,27.285,,AD,Passing,
RHEI01_1612,Labridae,Notolabrus,tetricus,1,202.63,37384003,RHEI01_1612_L.avi,50857,16.9523,1.521,0.725,1741.082,11.621,,AD,Passing,
RHEI01_1612,Labridae,Notolabrus,tetricus,1,190.975,37384003,RHEI01_1612_L.avi,50857,16.9523,1.629,0.453,1103.866,26.266,,AD,Passing,
RHEI01_1612,Labridae,Notolabrus,tetricus,1,220.306,37384003,RHEI01_1612_L.avi,50857,16.9523,2.12,1.833,1240.263,18.721,,AD,Passing,
RHEI01_1612,Labridae,Notolabrus,tetricus,1,199.057,37384003,RHEI01_1612_L.avi,50857,16.9523,3.577,0.95,2020.471,16.639,,AD,Passing,
RHEI01_1612,Labridae,Notolabrus,tetricus,1,191.255,37384003,RHEI01_1612_L.avi,50857,16.9523,2.499,1.132,1801.075,30.402,,AD,Passing,
RHEI01_1612,Labridae,Notolabrus,tetricus,1,183.878,37384003,RHEI01_1612_L.avi,50875,16.9583,1.724,0.988,1664.778,16.054,,AD,Passing,
RHEI02_1612,Labridae,Notolabrus,tetricus,1,252.899,37384003,RHEI02_1612_L.avi,56707,18.9023,2.793,2.523,1805.041,16.128,,F,Attracted,
RHEI02_1612,Labridae,Notolabrus,tetricus,1,220.666,37384003,RHEI02_1612_L.avi,56868,18.956,0.714,0.4,958.031,18.751,,F,Attracted,
RHEI03_1612,Labridae,Notolabrus,tetricus,1,198.374,37384003,RHEI03_1612_L.avi,33989,11.3297,2.05,1.195,1607.321,24.689,,F,Attracted,
RHEI03_1612,Labridae,Notolabrus,tetricus,1,190.411,37384003,RHEI03_1612_L.avi,33989,11.3297,2.377,8.67,1556.068,20.593,,F,Attracted,
RHEI03_1612,Labridae,Notolabrus,tetricus,1,241.154,37384003,RHEI03_1612_L.avi,33998,11.3327,3.708,1.847,1790.331,21.539,,F,Attracted,
RHEI03_1612,Labridae,Notolabrus,tetricus,1,237.827,37384003,RHEI03_1612_L.avi,34005,11.335,2.756,0.886,1419.608,16.898,,F,Attracted,
RHEI03_1612,Labridae,Notolabrus,tetricus,1,233.699,37384003,RHEI03_1612_L.avi,34086,11.362,1.85,1.727,1282.966,11.04,,F,Attracted,
RHEI03_1612,Labridae,Notolabrus,tetricus,1,193.86,37384003,RHEI03_1612_L.avi,34163,11.3877,0.87,1.024,1075.425,9.938,,F,Attracted,
RHEI03_1612,Labridae,Notolabrus,tetricus,1,349.239,37384003,RHEI03_1612_L.avi,84756,28.252,1.538,0.975,1350.019,22.438,,M,Attracted,
RHEI04_1612,Labridae,Notolabrus,tetricus,1,212.318,37384003,RHEI04_1612_L.avi,85417,28.4723,1.764,36.493,1896.809,6.719,,F,Passing,
RHEI04_1612,Labridae,Notolabrus,tetricus,1,226.522,37384003,RHEI04_1612_L.avi,85417,28.4723,3.079,54.323,2564.405,9.092,,F,Passing,
RHEI04_1612,Labridae,Notolabrus,tetricus,1,204.956,37384003,RHEI04_1612_L.avi,85425,28.475,1.528,34.746,1797.712,4.553,,F,Attracted,
RHEI04_1612,Labridae,Notolabrus,tetricus,1,213.581,37384003,RHEI04_1612_L.avi,85477,28.4923,1.577,21.739,975.177,22.405,,F,Attracted,
RHNI02_1612,Labridae,Notolabrus,tetricus,1,190.928,37384003,RHNI02_1612_L.avi,27569,9.1897,2.153,11.826,1994.564,19.27,,F,Attracted,
RHNI02_1612,Labridae,Notolabrus,tetricus,1,238.031,37384003,RHNI02_1612_L.avi,28085,9.3617,1.006,13.555,1729.169,4.271,,F,Attracted,
RHNI03_1612,Labridae,Notolabrus,tetricus,1,230.686,37384003,RHNI03_1612_L.avi,88351,29.4503,1.275,0.859,2416.456,1.91,,F,Passing,
RHNI03_1612,Labridae,Notolabrus,tetricus,1,262.197,37384003,RHNI03_1612_L.avi,88381,29.4603,3.653,1.549,2049.69,9.053,,F,Passing,
RHNI03_1612,Labridae,Notolabrus,tetricus,1,257.788,37384003,RHNI03_1612_L.avi,88381,29.4603,2.233,0.588,2372.215,5.984,,F,Passing,
RHNO02_1612,Labridae,Notolabrus,tetricus,1,224.08,37384003,RHNO02_1612_L.avi,47949,15.983,4.224,2.133,2097.612,13.422,,F,Attracted,
RHNO02_1612,Labridae,Notolabrus,tetricus,1,222.125,37384003,RHNO02_1612_L.avi,48055,16.0183,2.561,3.382,1650.045,10.488,,F,Attracted,
RHNO02_1612,Labridae,Notolabrus,tetricus,1,277.45,37384003,RHNO02_1612_L.avi,48109,16.0363,1.674,5.45,2165.059,14.172,,F,Attracted,
RHNO03_1612,Labridae,Notolabrus,tetricus,1,234.496,37384003,RHNO03_1612_L.avi,52521,17.507,2.076,4.148,1765.988,19.265,,F,Passing,
RHNO03_1612,Labridae,Notolabrus,tetricus,1,275.329,37384003,RHNO03_1612_L.avi,52521,17.507,1.99,0.568,2083.044,13.4,,F,Passing,
RHNO04_1612,Labridae,Notolabrus,tetricus,1,137.486,37384003,RHNO04_1612_L.avi,163045,54.3483,3.059,5.381,1803.168,13.727,,F,Passing,
RHSO02_1612,Labridae,Notolabrus,tetricus,1,418.583,37384003,RHSO02_1612_L.avi,76762,25.5873,2.414,2.314,1784.628,22.644,,M,Passing,
RHSO02_1612,Labridae,Notolabrus,tetricus,1,228.33,37384003,RHSO02_1612_L.avi,88345,29.4483,1.168,1.379,1585.266,10.828,,F,Attracted,
RHSO02_1612,Labridae,Notolabrus,tetricus,1,273.007,37384003,RHSO02_1612_L.avi,88354,29.4513,6.252,0.251,1895.903,18.968,,F,Attracted,
RHSO02_1612,Labridae,Notolabrus,tetricus,1,233.744,37384003,RHSO02_1612_L.avi,88623,29.541,1.814,5.099,1691.081,8.697,,F,Attracted,
RHSO03_1612,Labridae,Notolabrus,tetricus,1,228.575,37384003,RHSO03_1612_L.avi,75804,25.268,5.77,0.925,2074.422,22.969,strong current,F,Attracted,
RHSO03_1612,Labridae,Notolabrus,tetricus,1,217.333,37384003,RHSO03_1612_L.avi,75804,25.268,3.828,0.777,1641.096,27.21,strong current,F,Attracted,
RHSO04_1612,Labridae,Notolabrus,tetricus,1,217.974,37384003,RHSO04_1612_L.avi,36631,12.2103,1.776,0.569,1157.395,22.785,strong current; BRUVS blown upside down @ 5 mins,F,Attracted,
RHSO04_1612,Labridae,Notolabrus,tetricus,1,277.895,37384003,RHSO04_1612_L.avi,36700,12.2333,1.362,0.519,1229.039,17.683,strong current; BRUVS blown upside down @ 5 mins,F,Attracted,
RHSO04_1612,Labridae,Notolabrus,tetricus,1,207.735,37384003,RHSO04_1612_L.avi,37242,12.414,5.377,1.826,2067.073,23.736,strong current; BRUVS blown upside down @ 5 mins,F,Attracted,
RHSO02_1612,Labridae,Ophthalmolepis,lineolatus,1,176.082,37384040,RHSO02_1612_L.avi,47682,15.894,3.369,0.412,1464.468,21.835,,AD,Passing,
RHCI03_1612,Labridae,Pictilabrus,laticlavius,1,157.596,37384020,RHCI03_1612_L.avi,25289,8.4297,5.174,1.46,1810.902,24.953,,M,Passing,
RHCI03_1612,Labridae,Pictilabrus,laticlavius,1,205.434,37384020,RHCI03_1612_L.avi,25490,8.4967,5.59,0.484,2290.614,21.169,,M,Passing,
RHCO01_1612,Labridae,Pictilabrus,laticlavius,1,174.173,37384020,RHCO01_1612_L.avi,87521,29.1737,0.947,1.151,1590.251,17.521,,F,Attracted,
RHCO02_1612,Labridae,Pictilabrus,laticlavius,1,107.629,37384020,RHCO02_1612_L.avi,8437,2.8123,2.245,2.077,1844.302,9.544,Reef edge into gravel,F,Passing,
RHCO02_1612,Labridae,Pictilabrus,laticlavius,1,165.115,37384020,RHCO02_1612_L.avi,29075,9.6917,0.807,1.881,1460.758,8.186,Reef edge into gravel,M,Passing,
RHCO03_1612,Labridae,Pictilabrus,laticlavius,1,167.743,37384020,RHCO03_1612_L.avi,9694,3.2313,0.878,0.865,1563.306,7.178,,M,Passing,
RHCO03_1612,Labridae,Pictilabrus,laticlavius,1,166.961,37384020,RHCO03_1612_L.avi,9722,3.2407,1.844,1.956,1903.087,9.216,,M,Passing,
RHEI01_1612,Labridae,Pictilabrus,laticlavius,1,164.053,37384020,RHEI01_1612_L.avi,19454,6.4847,6.649,1.288,2006.936,27.284,,AD,Passing,
RHEI01_1612,Labridae,Pictilabrus,laticlavius,1,175.678,37384020,RHEI01_1612_L.avi,19484,6.4947,2.374,0.631,1509.875,18.02,,AD,Passing,
RHEI02_1612,Labridae,Pictilabrus,laticlavius,1,180.305,37384020,RHEI02_1612_L.avi,62706,20.902,2.242,3.87,1655.163,18.633,,M,Attracted,
RHEI03_1612,Labridae,Pictilabrus,laticlavius,1,145.48,37384020,RHEI03_1612_L.avi,21349,7.1163,0.892,0.412,964.874,15.156,,F,Attracted,
RHEI03_1612,Labridae,Pictilabrus,laticlavius,1,149.222,37384020,RHEI03_1612_L.avi,21384,7.128,1.109,1.056,1297.213,6.149,,F,Attracted,
RHEI03_1612,Labridae,Pictilabrus,laticlavius,1,188.404,37384020,RHEI03_1612_L.avi,21525,7.175,1.068,1.698,1207.987,20.298,,M,Attracted,
RHEI04_1612,Labridae,Pictilabrus,laticlavius,1,174.642,37384020,RHEI04_1612_L.avi,32167,10.7223,0.948,24.368,1197.721,18.006,,M,Attracted,
RHEI04_1612,Labridae,Pictilabrus,laticlavius,1,223.091,37384020,RHEI04_1612_L.avi,33100,11.0333,1.71,26.242,1391.867,11.42,,M,Feeding,
RHNI02_1612,Labridae,Pictilabrus,laticlavius,1,183.578,37384020,RHNI02_1612_L.avi,96893,32.2977,3.061,12.384,1890.981,11.982,,M,Passing,
RHNI03_1612,Labridae,Pictilabrus,laticlavius,1,233.321,37384020,RHNI03_1612_L.avi,19511,6.5037,1.476,0.869,2146.131,16.096,,M,Passing,
RHNO03_1612,Labridae,Pictilabrus,laticlavius,1,212.086,37384020,RHNO03_1612_L.avi,30915,10.305,0.743,3.201,1259.576,13.705,,M,Attracted,
RHNO03_1612,Labridae,Pictilabrus,laticlavius,1,150.29,37384020,RHNO03_1612_L.avi,40009,13.3363,0.784,0.297,1272.515,7.642,,F,Attracted,
RHSO02_1612,Labridae,Pictilabrus,laticlavius,1,190.023,37384020,RHSO02_1612_L.avi,17938,5.9793,1.778,0.106,2242.715,7.051,,M,Attracted,
RHSO02_1612,Labridae,Pictilabrus,laticlavius,1,211.576,37384020,RHSO02_1612_L.avi,17952,5.984,2.509,0.784,1211.105,23.196,,M,Attracted,
RHSO02_1612,Labridae,Pictilabrus,laticlavius,1,184.846,37384020,RHSO02_1612_L.avi,17952,5.984,2.443,0.503,1258.707,12.528,,M,Attracted,
RHSO02_1612,Labridae,Pictilabrus,laticlavius,1,195.593,37384020,RHSO02_1612_L.avi,17980,5.9933,1.677,0.518,2205.809,6.199,,M,Attracted,
RHSO02_1612,Labridae,Pictilabrus,laticlavius,1,152.163,37384020,RHSO02_1612_L.avi,18006,6.002,1.199,0.583,1344.701,18.325,,F,Attracted,
RHSO04_1612,Labridae,Pictilabrus,laticlavius,1,207.095,37384020,RHSO04_1612_L.avi,37242,12.414,2.461,0.766,2170.063,18.139,strong current; BRUVS blown upside down @ 5 mins,M,Passing,
RHNO03_1612,Monacanthidae,Acanthaluteres,brownii,1,266.136,37465001,RHNO03_1612_L.avi,174374,58.1247,2.838,1.609,2462.543,3.859,,AD,Passing,
RHSO02_1612,Monacanthidae,Acanthaluteres,brownii,1,261.138,37465001,RHSO02_1612_L.avi,101797,33.9323,1.97,0.37,1394.035,21.661,,AD,Passing,
RHSO02_1612,Monacanthidae,Acanthaluteres,brownii,1,259.785,37465001,RHSO02_1612_L.avi,102031,34.0103,1.323,0.741,1105.39,12.57,,AD,Passing,
RHNI04_1612,Monacanthidae,Acanthaluteres,sp,1,129.238,37465905,RHNI04_1612_L.avi,34282,11.4273,3.537,1.418,2386.771,14.343,,,Passing,
RHNI04_1612,Monacanthidae,Acanthaluteres,sp,1,110.36,37465905,RHNI04_1612_L.avi,34282,11.4273,2.405,0.91,2483.876,17.577,,,Passing,
RHNI04_1612,Monacanthidae,Acanthaluteres,sp,1,113.458,37465905,RHNI04_1612_L.avi,34282,11.4273,2.964,2.241,2277.872,19.664,,,Passing,
RHNI04_1612,Monacanthidae,Acanthaluteres,sp,1,169.973,37465905,RHNI04_1612_L.avi,34282,11.4273,3.031,0.347,2447.118,21.962,,,Passing,
RHEI01_1612,Monacanthidae,Meuschenia,flavolineata,1,114.869,37465035,RHEI01_1612_L.avi,18303,6.101,2.533,0.773,1736.956,22.906,,AD,Passing,
RHCI01_1612,Monacanthidae,Meuschenia,freycineti,1,294.71,37465036,RHCI01_1612_L.avi,118411,39.4703,2.123,2.027,1467.938,24.363,,F,Feeding,
RHCO02_1612,Monacanthidae,Meuschenia,freycineti,1,192.298,37465036,RHCO02_1612_L.avi,121343,40.4477,0.504,0.325,944.119,8.155,Reef edge into gravel,F,Attracted,
RHCO02_1612,Monacanthidae,Meuschenia,freycineti,1,285.922,37465036,RHCO02_1612_L.avi,121498,40.4993,0.796,0.318,1398.206,7.39,Reef edge into gravel,M,Attracted,
RHNI02_1612,Monacanthidae,Meuschenia,freycineti,1,216.703,37465036,RHNI02_1612_L.avi,48426,16.142,1.754,8.268,1414.266,9.02,,F,Attracted,
RHCO03_1612,Monacanthidae,Meuschenia,galii,1,124.097,37465040,RHCO03_1612_L.avi,26636,8.8787,1.761,1.046,2045.353,20.921,,,Passing,
RHCO03_1612,Monacanthidae,Meuschenia,galii,1,213.249,37465040,RHCO03_1612_L.avi,27575,9.1917,0.823,2.5,1101.772,13.132,,,Feeding,
RHEI01_1612,Monacanthidae,Meuschenia,galii,1,185.94,37465040,RHEI01_1612_L.avi,16585,5.5283,1.828,0.85,1405.085,25.381,,AD,Passing,
RHEI01_1612,Monacanthidae,Meuschenia,galii,1,95.885,37465040,RHEI01_1612_L.avi,16585,5.5283,2.718,0.309,1501.107,22.874,,AD,Passing,
RHEI03_1612,Monacanthidae,Meuschenia,galii,1,184.697,37465040,RHEI03_1612_L.avi,20440,6.8133,1.29,1.07,1358.249,17.344,,AD,Attracted,
RHSO02_1612,Monacanthidae,Meuschenia,galii,1,215.117,37465040,RHSO02_1612_L.avi,52102,17.3673,1.409,1.326,947.954,22.9,,AD,Attracted,
RHCI01_1612,Monacanthidae,Meuschenia,hippocrepis,1,341.463,37465004,RHCI01_1612_L.avi,120640,40.2133,1.29,2.057,1217.764,20.663,,AD,Attracted,
RHCI01_1612,Monacanthidae,Meuschenia,hippocrepis,1,302.526,37465004,RHCI01_1612_L.avi,120642,40.214,1.333,0.634,1026.875,17.931,,AD,Attracted,
RHCO01_1612,Monacanthidae,Meuschenia,hippocrepis,1,289.855,37465004,RHCO01_1612_L.avi,48656,16.2187,0.656,0.918,1221.274,5.86,,AD,Feeding,
RHCO01_1612,Monacanthidae,Meuschenia,hippocrepis,1,298.982,37465004,RHCO01_1612_L.avi,52088,17.3627,0.753,1.138,1126.509,10.133,,AD,Feeding,
RHCO02_1612,Monacanthidae,Meuschenia,hippocrepis,1,256.058,37465004,RHCO02_1612_L.avi,146097,48.699,0.9,1.879,961.081,8.677,Reef edge into gravel,AD,Feeding,
RHCO02_1612,Monacanthidae,Meuschenia,hippocrepis,1,229.672,37465004,RHCO02_1612_L.avi,146102,48.7007,0.751,3.662,890.817,3.981,Reef edge into gravel,AD,Feeding,
RHCO03_1612,Monacanthidae,Meuschenia,hippocrepis,1,130.595,37465004,RHCO03_1612_L.avi,98257,32.7523,1.05,2.96,1450.261,15.089,,J,Chase conspecific,
RHCO04_1612,Monacanthidae,Meuschenia,hippocrepis,1,123.74,37465004,RHCO04_1612_L.avi,161364,53.788,0.7,0.343,1230.738,7.748,,J,Feeding,
RHEI01_1612,Monacanthidae,Meuschenia,hippocrepis,1,128.659,37465004,RHEI01_1612_L.avi,137871,45.957,1.856,0.177,1221.487,12.781,,AD,Passing,
RHEI01_1612,Monacanthidae,Meuschenia,hippocrepis,1,145.503,37465004,RHEI01_1612_L.avi,137878,45.9593,2.497,1.33,1389.141,11.75,,AD,Passing,
RHEI01_1612,Monacanthidae,Meuschenia,hippocrepis,1,146.991,37465004,RHEI01_1612_L.avi,137878,45.9593,1.64,0.326,1198.628,7.806,,AD,Passing,
RHEI01_1612,Monacanthidae,Meuschenia,hippocrepis,1,117.197,37465004,RHEI01_1612_L.avi,137878,45.9593,0.757,0.409,1022.126,7.103,,AD,Passing,
RHEI01_1612,Monacanthidae,Meuschenia,hippocrepis,1,113.619,37465004,RHEI01_1612_L.avi,137878,45.9593,1.621,0.439,1129.166,15.451,,AD,Passing,
RHEI01_1612,Monacanthidae,Meuschenia,hippocrepis,1,147.177,37465004,RHEI01_1612_L.avi,137878,45.9593,3.234,0.532,1487.553,23.021,,AD,Passing,
RHEI01_1612,Monacanthidae,Meuschenia,hippocrepis,1,103.861,37465004,RHEI01_1612_L.avi,137927,45.9757,2.122,0.761,1264.189,7.37,,AD,Passing,
RHEI01_1612,Monacanthidae,Meuschenia,hippocrepis,1,285.147,37465004,RHEI01_1612_L.avi,137974,45.9913,1.175,1.727,1300.922,11.971,,AD,Passing,
RHEI03_1612,Monacanthidae,Meuschenia,hippocrepis,1,126.468,37465004,RHEI03_1612_L.avi,70603,23.5343,0.896,0.508,1199.281,5.448,,J,Feeding,
RHEI03_1612,Monacanthidae,Meuschenia,hippocrepis,1,152.29,37465004,RHEI03_1612_L.avi,70822,23.6073,0.618,0.52,844.98,5.209,,J,Feeding,
RHEI04_1612,Monacanthidae,Meuschenia,hippocrepis,1,138.868,37465004,RHEI04_1612_L.avi,35646,11.882,2.356,24.318,1237.571,3.089,,J,Attracted,
RHEI04_1612,Monacanthidae,Meuschenia,hippocrepis,1,144.765,37465004,RHEI04_1612_L.avi,35694,11.898,1.894,20.212,1078.766,12.542,,J,Attracted,
RHNI03_1612,Monacanthidae,Meuschenia,hippocrepis,1,112.93,37465004,RHNI03_1612_L.avi,75652,25.2173,2.452,1.002,1866.704,5.821,,J,Passing,
RHNI03_1612,Monacanthidae,Meuschenia,hippocrepis,1,211.698,37465004,RHNI03_1612_L.avi,75729,25.243,0.83,0.584,1346.743,15.87,,AD,Feeding,
RHNO02_1612,Monacanthidae,Meuschenia,hippocrepis,1,136.835,37465004,RHNO02_1612_L.avi,42419,14.1397,2.047,0.427,1363.322,4.919,,,Feeding,
RHNO02_1612,Monacanthidae,Meuschenia,hippocrepis,1,123.804,37465004,RHNO02_1612_L.avi,42420,14.14,1.772,0.522,1269.323,5.436,,,Feeding,
RHNO02_1612,Monacanthidae,Meuschenia,hippocrepis,1,214.686,37465004,RHNO02_1612_L.avi,42703,14.2343,1.107,0.747,1055.403,8.315,,,Attracted,
RHNO02_1612,Monacanthidae,Meuschenia,hippocrepis,1,319.835,37465004,RHNO02_1612_L.avi,77471,25.8237,1.616,1.386,1391.066,11.488,,AD,Feeding,
RHNO02_1612,Monacanthidae,Meuschenia,hippocrepis,1,385.939,37465004,RHNO02_1612_L.avi,159427,53.1423,5.731,2.501,2233.327,14.164,,AD,Passing,
RHNO02_1612,Monacanthidae,Meuschenia,hippocrepis,1,275.678,37465004,RHNO02_1612_L.avi,159681,53.227,0.999,0.815,1332.883,19.643,,AD,Feeding,
RHNO03_1612,Monacanthidae,Meuschenia,hippocrepis,1,284.556,37465004,RHNO03_1612_L.avi,106453,35.4843,0.769,2.671,1212.677,10.986,,AD,Feeding,
RHNO03_1612,Monacanthidae,Meuschenia,hippocrepis,1,170.525,37465004,RHNO03_1612_L.avi,122826,40.942,1.528,0.434,1403.854,11.11,,J,Attracted,
RHEI02_1612,Mullidae,Upeneichthys,vlamingii,1,155.577,37355029,RHEI02_1612_L.avi,79840,26.6133,5.139,0.82,2553.26,27.149,,AD,Passing,
RHNO03_1612,Mullidae,Upeneichthys,vlamingii,1,158.078,37355029,RHNO03_1612_L.avi,164383,54.7943,4.557,1.261,2499.885,18.836,,AD,Passing,
RHEI01_1612,Odacidae,Olisthops,cyanomelas,1,370.386,37385001,RHEI01_1612_L.avi,37601,12.5337,2.257,0.137,1207.939,23.063,,AD,Passing,
RHEI03_1612,Odacidae,Olisthops,cyanomelas,1,335.663,37385001,RHEI03_1612_L.avi,45956,15.3187,1.977,4.111,1320.716,30.341,,F,Passing,
RHNO03_1612,Ostraciidae,Aracana,ornata,1,104.826,37466001,RHNO03_1612_L.avi,36899,12.2997,2.109,0.926,2063.746,23.637,,M,Passing,
RHCO02_1612,Pomacentridae,Parma,victoriae,1,162.651,37372006,RHCO02_1612_L.avi,58444,19.4813,0.506,1.185,916.382,6.319,Reef edge into gravel,AD,Attracted,
RHEI03_1612,Pomacentridae,Parma,victoriae,1,179.674,37372006,RHEI03_1612_L.avi,161590,53.8633,1.763,0.801,1298.088,25.237,,AD,Passing,
RHEI02_1612,Rhinobatidae,Trygonorrhina,dumerilii,1,604.227,37027011,RHEI02_1612_L.avi,92816,30.9387,2.032,0.554,1580.268,23.467,,AD,Attracted,
RHCI01_1612,Scorpididae,Scorpis,aequipinnis,1,181.061,37361004,RHCI01_1612_L.avi,130880,43.6267,1.223,0.474,1382.305,14.266,,AD,Attracted,
RHCI01_1612,Scorpididae,Scorpis,aequipinnis,1,169.612,37361004,RHCI01_1612_L.avi,131153,43.7177,1.188,0.942,1102.851,27.678,,AD,Attracted,
RHCI01_1612,Scorpididae,Scorpis,aequipinnis,1,176.645,37361004,RHCI01_1612_L.avi,131398,43.7993,1.706,0.68,1268.993,23.509,,AD,Attracted,
RHCI03_1612,Scorpididae,Scorpis,aequipinnis,1,287.218,37361004,RHCI03_1612_L.avi,92135,30.7117,1.808,0.479,1654.519,15.477,,AD,Attracted,
RHEI01_1612,Scorpididae,Scorpis,aequipinnis,1,195.818,37361004,RHEI01_1612_L.avi,74692,24.8973,2.989,0.733,1388.287,21.808,,AD,Passing,
RHEI01_1612,Scorpididae,Scorpis,aequipinnis,1,169.336,37361004,RHEI01_1612_L.avi,74692,24.8973,1.344,2.6,1124.299,21.301,,AD,Passing,
RHEI01_1612,Scorpididae,Scorpis,aequipinnis,1,180.594,37361004,RHEI01_1612_L.avi,74714,24.9047,3.289,1.242,1825.994,29.547,,AD,Passing,
RHEI01_1612,Scorpididae,Scorpis,aequipinnis,1,148.689,37361004,RHEI01_1612_L.avi,74728,24.9093,3.223,1.241,1818.398,26.399,,AD,Passing,
RHEI01_1612,Scorpididae,Scorpis,aequipinnis,1,231.853,37361004,RHEI01_1612_L.avi,74733,24.911,3.467,1.027,1828.413,16.342,,AD,Passing,
RHEI01_1612,Scorpididae,Scorpis,aequipinnis,1,163.897,37361004,RHEI01_1612_L.avi,74737,24.9123,1.626,2.759,1522.97,28.761,,AD,Passing,
RHEI01_1612,Scorpididae,Scorpis,aequipinnis,1,156.377,37361004,RHEI01_1612_L.avi,74738,24.9127,8.422,0.425,2359.322,27.663,,AD,Passing,
RHEI01_1612,Scorpididae,Scorpis,aequipinnis,1,237.989,37361004,RHEI01_1612_L.avi,74744,24.9147,7.302,3.228,2191.401,13.901,,AD,Passing,
RHEI03_1612,Scorpididae,Scorpis,aequipinnis,1,187.343,37361004,RHEI03_1612_L.avi,94677,31.559,1.983,0.423,1352.866,24.625,,AD,Attracted,
RHEI03_1612,Scorpididae,Scorpis,aequipinnis,1,214.876,37361004,RHEI03_1612_L.avi,94677,31.559,0.869,0.398,988.128,19.749,,AD,Attracted,
RHEI03_1612,Scorpididae,Scorpis,aequipinnis,1,221.004,37361004,RHEI03_1612_L.avi,94677,31.559,1.176,0.623,1072.787,11.579,,AD,Attracted,
RHEI03_1612,Scorpididae,Scorpis,aequipinnis,1,271.603,37361004,RHEI03_1612_L.avi,94677,31.559,2.731,2.734,1370.591,26.942,,AD,Attracted,
RHEI03_1612,Scorpididae,Scorpis,aequipinnis,1,206.355,37361004,RHEI03_1612_L.avi,94701,31.567,1.018,0.378,853.386,10.064,,AD,Attracted,
RHEI03_1612,Scorpididae,Scorpis,aequipinnis,1,178.737,37361004,RHEI03_1612_L.avi,94703,31.5677,1.47,0.393,1230.158,26.322,,AD,Attracted,
RHEI03_1612,Scorpididae,Scorpis,aequipinnis,1,161.262,37361004,RHEI03_1612_L.avi,94792,31.5973,1.025,2.189,1098.328,28.805,,AD,Attracted,
RHEI04_1612,Scorpididae,Scorpis,aequipinnis,1,268.154,37361004,RHEI04_1612_L.avi,34018,11.3393,3.93,33.327,1726.291,11.588,,AD,Attracted,
RHEI04_1612,Scorpididae,Scorpis,aequipinnis,1,274.451,37361004,RHEI04_1612_L.avi,34021,11.3403,2.788,40.786,2158.593,3.952,,AD,Attracted,
RHNI03_1612,Scorpididae,Scorpis,aequipinnis,1,219.499,37361004,RHNI03_1612_L.avi,168319,56.1063,1.809,1.128,1796.686,3.4,,AD,Attracted,
RHNO02_1612,Scorpididae,Scorpis,aequipinnis,1,186.903,37361004,RHNO02_1612_L.avi,189093,63.031,1.315,1.391,1545.652,16.81,,AD,Attracted,
RHNO02_1612,Scorpididae,Scorpis,aequipinnis,1,174.136,37361004,RHNO02_1612_L.avi,189093,63.031,1.084,1.977,1349.803,3.637,,AD,Attracted,
RHNO02_1612,Scorpididae,Scorpis,aequipinnis,1,302.066,37361004,RHNO02_1612_L.avi,189093,63.031,1.199,3.248,1081.916,12.041,,AD,Attracted,
RHNO02_1612,Scorpididae,Scorpis,aequipinnis,1,244.892,37361004,RHNO02_1612_L.avi,189173,63.0577,1.649,0.322,1494.678,11.519,,AD,Attracted,
RHNO02_1612,Scorpididae,Scorpis,aequipinnis,1,154.904,37361004,RHNO02_1612_L.avi,189509,63.1697,0.989,1.282,1376.502,18.234,,AD,Attracted,
RHNO02_1612,Scorpididae,Scorpis,aequipinnis,1,285.05,37361004,RHNO02_1612_L.avi,189559,63.1863,1.38,2.595,1499.492,16.508,,AD,Attracted,
RHNO03_1612,Scorpididae,Scorpis,aequipinnis,1,277.459,37361004,RHNO03_1612_L.avi,176919,58.973,2.569,1.977,1909.233,7.738,,AD,Passing,
RHNO04_1612,Scorpididae,Scorpis,aequipinnis,1,203.571,37361004,RHNO04_1612_L.avi,10927,3.6423,0.541,5.816,1060.423,12.813,,AD,Attracted,
RHCI01_1612,Scorpididae,Tilodon,sexfasciatus,1,191.399,37361003,RHCI01_1612_L.avi,194642,64.8807,3.572,0.489,2111.145,17.57,,AD,Passing,
RHEI03_1612,Scorpididae,Tilodon,sexfasciatus,1,191.347,37361003,RHEI03_1612_L.avi,32924,10.9747,1.496,0.661,1201.629,21.436,,AD,Attracted,
RHEI04_1612,Scorpididae,Tilodon,sexfasciatus,1,154.414,37361003,RHEI04_1612_L.avi,86920,28.9733,1.55,16.006,1314.625,25.055,,AD,Attracted,
RHEI04_1612,Scorpididae,Tilodon,sexfasciatus,1,222.518,37361003,RHEI04_1612_L.avi,86920,28.9733,1.147,17.439,1039.077,16.165,,AD,Attracted,
RHNO02_1612,Scorpididae,Tilodon,sexfasciatus,1,171.447,37361003,RHNO02_1612_L.avi,92671,30.8903,2.588,8.833,1949.083,25.159,,AD,Passing,
RHCI03_1612,Sillaginidae,Sillaginodes,punctatus,1,453.705,37330001,RHCI03_1612_L.avi,49867,16.6223,2.837,0.733,2094.254,17.312,,AD,Passing,
RHCO03_1612,Sillaginidae,Sillaginodes,punctatus,1,349.929,37330001,RHCO03_1612_L.avi,74316,24.772,1.029,1.577,1384.415,7.667,,AD,Attracted,
RHCO04_1612,Sillaginidae,Sillaginodes,punctatus,1,306.382,37330001,RHCO04_1612_L.avi,184519,61.5063,4.35,1.808,3191.187,8.565,,AD,Passing,
RHNI02_1612,Sillaginidae,Sillaginodes,punctatus,1,359.758,37330001,RHNI02_1612_L.avi,107739,35.913,1.927,12.411,1769.155,9.197,,AD,Attracted,
RHNI02_1612,Sillaginidae,Sillaginodes,punctatus,1,384.722,37330001,RHNI02_1612_L.avi,107739,35.913,2.28,10.674,1773.236,1.794,,AD,Attracted,
RHNI04_1612,Sillaginidae,Sillaginodes,punctatus,1,315.974,37330001,RHNI04_1612_L.avi,39421,13.1403,1.18,0.727,1805.335,10.135,,AD,Attracted,
RHNO03_1612,Sillaginidae,Sillaginodes,punctatus,1,366.65,37330001,RHNO03_1612_L.avi,52658,17.5527,1.708,0.602,1649.997,8.961,,AD,Passing,
RHSO02_1612,Sillaginidae,Sillaginodes,punctatus,1,394.071,37330001,RHSO02_1612_L.avi,104377,34.7923,4.599,1.104,2448.839,4.121,,AD,Passing,
RHEI04_1612,Sparidae,Pagrus,auratus,1,331.836,37353001,RHEI04_1612_L.avi,103214,34.4047,2.32,25.684,1188.631,7.938,,,Attracted,
RHEI04_1612,Sparidae,Pagrus,auratus,1,240.751,37353001,RHEI04_1612_L.avi,103214,34.4047,1.122,28.53,1368.557,6.326,,,Attracted,
RHEI04_1612,Sparidae,Pagrus,auratus,1,276.851,37353001,RHEI04_1612_L.avi,103214,34.4047,4.191,40.803,1883.185,25.759,,,Attracted,
RHEI04_1612,Sparidae,Pagrus,auratus,1,281.654,37353001,RHEI04_1612_L.avi,103253,34.4177,1.733,22.443,1554.801,18.192,,,Attracted,
RHEI04_1612,Sparidae,Pagrus,auratus,1,269.694,37353001,RHEI04_1612_L.avi,103337,34.4457,4.69,31.23,2073.388,10.608,,,Attracted,
RHNI02_1612,Sparidae,Pagrus,auratus,1,253.909,37353001,RHNI02_1612_L.avi,113703,37.901,1.688,8.077,1444.934,7.709,,AD,Attracted,
RHNI02_1612,Sparidae,Pagrus,auratus,1,225.232,37353001,RHNI02_1612_L.avi,113703,37.901,1.422,14.995,1759.314,11.857,,J,Attracted,
RHNI02_1612,Sparidae,Pagrus,auratus,1,248.424,37353001,RHNI02_1612_L.avi,113770,37.9233,1.131,9.11,1500.187,2.27,,J,Attracted,
RHNI02_1612,Sparidae,Pagrus,auratus,1,261.185,37353001,RHNI02_1612_L.avi,113809,37.9363,1.297,12.188,1894.056,4.505,,J,Attracted,
RHNI02_1612,Sparidae,Pagrus,auratus,1,252.706,37353001,RHNI02_1612_L.avi,113921,37.9737,1.021,8.44,1542.332,12.517,,J,Attracted,
RHSO03_1612,Sparidae,Pagrus,auratus,1,237.151,37353001,RHSO03_1612_L.avi,168424,56.1413,1.049,0.328,1183.312,13.735,strong current,J,Attracted,
SGWO03_1612,Monacanthidae,Acanthaluteres,brownii,1,263.926,37465001,SGWO03_1612_L.avi,76406,25.4687,1.345,2.434,1770.394,5.646,,AD,Passing,
SGEI01_1612,Monacanthidae,Acanthaluteres,spilomelanurus,1,90.934,37465043,SGEI01_1612_L.avi,109286,36.4287,0.442,1.384,571.942,18.144,,AD,Passing,
SGEI01_1612,Monacanthidae,Acanthaluteres,spilomelanurus,1,113.894,37465043,SGEI01_1612_L.avi,149187,49.729,0.66,0.915,849.278,11.613,,F,Attracted,
SGEI01_1612,Monacanthidae,Acanthaluteres,spilomelanurus,1,108.507,37465043,SGEI01_1612_L.avi,149187,49.729,1.253,1.089,1261.383,25.174,,F,Attracted,
SGEI01_1612,Monacanthidae,Acanthaluteres,spilomelanurus,1,88.275,37465043,SGEI01_1612_L.avi,149187,49.729,1.169,2.935,1038.082,19.751,,F,Attracted,
SGCI03_1612,Labridae,Achoerodus,gouldii,1,667.011,37384002,SGCI03_1612_L.avi,99786,33.262,2.875,2.338,1576.624,18.074,,AD,Passing,
SGCI03_1612,Labridae,Achoerodus,gouldii,1,388.225,37384002,SGCI03_1612_L.avi,173026,57.6753,5.205,1.752,2310.815,26.599,,F,Passing,Smaller female
SGCI04_1612,Labridae,Achoerodus,gouldii,1,539.484,37384002,SGCI04_1612_L.avi,11154,3.718,4.704,2.647,2139.762,23.381,,AD,Passing,
SGCI04_1612,Labridae,Achoerodus,gouldii,1,400.77,37384002,SGCI04_1612_L.avi,11194,3.7313,2.212,1.584,1909.503,11.104,,AD,Passing,
SGCO01_1612,Labridae,Achoerodus,gouldii,1,376.248,37384002,SGCO01_1612_L.avi,20309,6.7697,1.918,1.405,1964.063,18.506,,F,Passing,
SGCO02_1612,Labridae,Achoerodus,gouldii,1,617.21,37384002,SGCO02_1612_L.avi,173463,57.821,6.838,10.115,2290.123,16.86,,F,Passing,
SGCO03_1612,Labridae,Achoerodus,gouldii,1,564.601,37384002,SGCO03_1612_L.avi,29231,9.7437,4.409,5.102,2099.815,17.748,,AD,Passing,
SGEO02_1612,Labridae,Achoerodus,gouldii,1,375.168,37384002,SGEO02_1612_L.avi,103139,34.3797,1.272,1.56,1452.155,15.734,,F,Passing,
SGWI02_1612,Labridae,Achoerodus,gouldii,1,451.456,37384002,SGWI02_1612_L.avi,23158,7.7193,2.382,6.436,1990.662,20.4,,,Passing,
SGWI03_1612,Labridae,Achoerodus,gouldii,1,504.075,37384002,SGWI03_1612_L.avi,58836,19.612,1.079,0.562,1817.173,2.983,,F,Passing,
SGWI04_1612,Labridae,Achoerodus,gouldii,1,306.367,37384002,SGWI04_1612_L.avi,95448,31.816,2.087,0.291,1703.793,8.345,,F,Attracted,
SGWO01_1612,Labridae,Achoerodus,gouldii,1,379.712,37384002,SGWO01_1612_L.avi,5940,1.98,1.567,10.293,1893.502,19.701,,,Passing,
SGEO03_1612,Arripidae,Arripis,georgianus,1,149.716,37344001,SGEO03_1612_L.avi,191717,63.9057,5.564,0.335,1913.944,23.519,,AD,Attracted,
SGEO03_1612,Arripidae,Arripis,georgianus,1,150.327,37344001,SGEO03_1612_L.avi,191734,63.9113,7.416,0.457,1985.316,20.694,,AD,Attracted,
SGEO03_1612,Arripidae,Arripis,georgianus,1,137.29,37344001,SGEO03_1612_L.avi,191734,63.9113,7.421,0.421,2124.021,18.125,,AD,Attracted,
SGEO03_1612,Arripidae,Arripis,georgianus,1,136.164,37344001,SGEO03_1612_L.avi,191734,63.9113,6.41,0.353,2062.661,14.17,,AD,Attracted,
SGEO03_1612,Arripidae,Arripis,georgianus,1,133.809,37344001,SGEO03_1612_L.avi,191754,63.918,5.562,0.26,2044.886,18.825,,AD,Attracted,
SGEO03_1612,Arripidae,Arripis,georgianus,1,135.651,37344001,SGEO03_1612_L.avi,191754,63.918,7.541,0.574,2271.156,13.481,,AD,Attracted,
SGWO02_1612,Arripidae,Arripis,georgianus,1,170.288,37344001,SGWO02_1612_L.avi,170349,56.783,1.15,0.22,1730.681,13.055,,AD,Attracted,
SGWO02_1612,Arripidae,Arripis,georgianus,1,167.275,37344001,SGWO02_1612_L.avi,170355,56.785,2.251,0.621,1807.872,15.664,,AD,Attracted,
SGWO02_1612,Arripidae,Arripis,georgianus,1,199.381,37344001,SGWO02_1612_L.avi,170355,56.785,0.962,0.332,1209.862,18.206,,AD,Passing,
SGWO02_1612,Arripidae,Arripis,georgianus,1,194.205,37344001,SGWO02_1612_L.avi,170366,56.7887,1.347,5.262,1620.216,21.919,,AD,Attracted,
SGWO02_1612,Arripidae,Arripis,georgianus,1,195.255,37344001,SGWO02_1612_L.avi,170402,56.8007,1.334,1.383,1475.367,17.394,,AD,Attracted,
SGWO02_1612,Arripidae,Arripis,georgianus,1,185.762,37344001,SGWO02_1612_L.avi,170419,56.8063,1.356,2.794,1566.14,20.3,,AD,Attracted,
SGWO03_1612,Arripidae,Arripis,georgianus,1,76.673,37344001,SGWO03_1612_L.avi,69620,23.2067,1.815,3.689,1359.367,16.269,,J,Attracted,
SGWO03_1612,Arripidae,Arripis,georgianus,1,82.133,37344001,SGWO03_1612_L.avi,69620,23.2067,1.841,2.749,1447.667,12.207,,J,Attracted,
SGWO03_1612,Arripidae,Arripis,georgianus,1,77.021,37344001,SGWO03_1612_L.avi,69620,23.2067,2.341,1.417,1407.887,9.381,,J,Attracted,
SGWO03_1612,Arripidae,Arripis,georgianus,1,74.004,37344001,SGWO03_1612_L.avi,69620,23.2067,2.94,1.068,1573.75,6.46,,J,Attracted,
SGWO03_1612,Arripidae,Arripis,georgianus,1,74.584,37344001,SGWO03_1612_L.avi,69620,23.2067,1.055,2.965,1242.164,15.834,,J,Attracted,
SGWO03_1612,Arripidae,Arripis,georgianus,1,76.764,37344001,SGWO03_1612_L.avi,69620,23.2067,1.026,0.527,1593.505,1.509,,J,Attracted,
SGWO03_1612,Arripidae,Arripis,georgianus,1,69.904,37344001,SGWO03_1612_L.avi,69620,23.2067,1.609,2.122,1550.578,1.785,,J,Attracted,
SGWO03_1612,Arripidae,Arripis,georgianus,1,66.309,37344001,SGWO03_1612_L.avi,69620,23.2067,1.51,0.234,1653.185,2.331,,J,Attracted,
SGWO04_1612,Arripidae,Arripis,georgianus,1,165.235,37344001,SGWO04_1612_L.avi,138315,46.105,2.2,2.977,1940.041,4.986,,AD,Attracted,
SGWO04_1612,Arripidae,Arripis,georgianus,1,176.428,37344001,SGWO04_1612_L.avi,138331,46.1103,1.513,7.568,1808.366,10.277,,AD,Attracted,
SGWO04_1612,Arripidae,Arripis,georgianus,1,182.719,37344001,SGWO04_1612_L.avi,138331,46.1103,0.911,4.096,1729.541,3.149,,AD,Attracted,
SGWO04_1612,Arripidae,Arripis,georgianus,1,163.159,37344001,SGWO04_1612_L.avi,138359,46.1197,1.741,9.837,1875.879,18.857,,AD,Attracted,
SGCI02_1612,Labridae,Austrolabrus,maculatus,1,123.757,37384025,SGCI02_1612_R.avi,13027,4.3423,0.471,1.429,535.732,10.079,Left cam obscured. MaxN recorded on right cam. Few lengths,AD,Passing,
SGCI03_1612,Labridae,Austrolabrus,maculatus,1,106.935,37384025,SGCI03_1612_L.avi,23934,7.978,1.694,0.919,1239.504,21.715,,AD,Attracted,
SGEI04_1612,Labridae,Austrolabrus,maculatus,1,114.676,37384025,SGEI04_1612_L.avi,130728,43.576,1.95,4.186,1775.923,15.679,,AD,Passing,
SGEO03_1612,Labridae,Austrolabrus,maculatus,1,143.873,37384025,SGEO03_1612_L.avi,47470,15.8233,0.685,0.38,820.814,19.811,,AD,Passing,
SGWI02_1612,Labridae,Austrolabrus,maculatus,1,109.089,37384025,SGWI02_1612_L.avi,46998,15.666,0.742,0.582,1065.133,16.602,,F,Attracted,
SGWI03_1612,Labridae,Austrolabrus,maculatus,1,116.78,37384025,SGWI03_1612_L.avi,27291,9.097,1.468,3.838,1459.394,18.283,,AD,Attracted,
SGWO02_1612,Labridae,Austrolabrus,maculatus,1,108.386,37384025,SGWO02_1612_L.avi,26756,8.9187,2.32,4.267,1498.97,24.878,,AD,Attracted,
SGCI03_1612,Serranidae,Caesioperca,rasor,1,159.914,37311003,SGCI03_1612_L.avi,13584,4.528,0.833,0.273,933.154,23.735,,AD,Attracted,
SGCI03_1612,Serranidae,Caesioperca,rasor,1,154.517,37311003,SGCI03_1612_L.avi,13584,4.528,3.718,1.441,1810.854,24.112,,AD,Passing,
SGCI03_1612,Serranidae,Caesioperca,rasor,1,169.009,37311003,SGCI03_1612_L.avi,13584,4.528,3.969,1.07,1608.756,16.967,,AD,Passing,
SGCI03_1612,Serranidae,Caesioperca,rasor,1,165.46,37311003,SGCI03_1612_L.avi,13584,4.528,5.01,1.158,1865.738,27.192,,AD,Passing,
SGCI03_1612,Serranidae,Caesioperca,rasor,1,136.829,37311003,SGCI03_1612_L.avi,13584,4.528,1.019,0.1,1207.769,19.256,,AD,Passing,
SGCI03_1612,Serranidae,Caesioperca,rasor,1,162.301,37311003,SGCI03_1612_L.avi,13705,4.5683,1.098,0.948,1325.4,16.495,,AD,Passing,
SGCO03_1612,Serranidae,Caesioperca,rasor,1,186.2,37311003,SGCO03_1612_L.avi,74977,24.9923,1.336,1.12,1085.218,9.949,,AD,Passing,
SGWI03_1612,Serranidae,Caesioperca,rasor,1,180.686,37311003,SGWI03_1612_L.avi,153125,51.0417,1.509,1.089,1486.303,6.369,,AD,Attracted,
SGWI03_1612,Serranidae,Caesioperca,rasor,1,179.397,37311003,SGWI03_1612_L.avi,153125,51.0417,2.676,0.281,1638.124,7.696,,AD,Attracted,
SGCI04_1612,Cheilodactylidae,Cheilodactylus,nigripes,1,293.848,37377001,SGCI04_1612_L.avi,116288,38.7627,1.379,0.921,1184.214,10.777,,AD,Passing,
SGCO01_1612,Cheilodactylidae,Cheilodactylus,nigripes,1,230.76,37377001,SGCO01_1612_L.avi,15709,5.2363,2.432,1.387,1655.884,0.857,,AD,Passing,
SGCO01_1612,Cheilodactylidae,Cheilodactylus,nigripes,1,231.504,37377001,SGCO01_1612_L.avi,16160,5.3867,1.501,1.252,1644.233,23.329,,AD,Attracted,
SGEI02_1612,Cheilodactylidae,Cheilodactylus,nigripes,1,349.075,37377001,SGEI02_1612_L.avi,134207,44.7357,1.841,0.943,1312.258,26.533,,AD,Passing,
SGEI04_1612,Cheilodactylidae,Cheilodactylus,nigripes,1,333.213,37377001,SGEI04_1612_L.avi,158076,52.692,2.061,2.328,1395.184,18.361,,AD,Attracted,
SGEO02_1612,Cheilodactylidae,Cheilodactylus,nigripes,1,332.387,37377001,SGEO02_1612_L.avi,99388,33.1293,2.399,1.04,1353.36,20.653,,AD,Attracted,
SGEO03_1612,Cheilodactylidae,Cheilodactylus,nigripes,1,275.092,37377001,SGEO03_1612_L.avi,19147,6.3823,2.573,1.812,1932.221,25.054,,AD,Passing,
SGWI04_1612,Cheilodactylidae,Cheilodactylus,nigripes,1,298.674,37377001,SGWI04_1612_L.avi,30976,10.3253,3.1,1.147,1946.108,11.431,,AD,Attracted,
SGWO02_1612,Cheilodactylidae,Cheilodactylus,nigripes,1,309.111,37377001,SGWO02_1612_L.avi,22306,7.4353,7.519,2.926,3778.067,10.467,,AD,Passing,
SGCI03_1612,Chaetodontidae,Chelmonops,curiosus,1,155.428,37365066,SGCI03_1612_L.avi,11503,3.8343,2.272,1.283,1895.938,19.766,,AD,Passing,
SGEI04_1612,Cheilodactylidae,Dactylophora,nigricans,1,421.608,37377005,SGEI04_1612_L.avi,113791,37.9303,1.889,4.409,1910.355,13.754,,J,Passing,
SGWI03_1612,Cheilodactylidae,Dactylophora,nigricans,1,522.33,37377005,SGWI03_1612_L.avi,8250,2.75,1.196,2.69,1531.522,15.186,,AD,Passing,
SGWI03_1612,Cheilodactylidae,Dactylophora,nigricans,1,589.555,37377005,SGWI03_1612_L.avi,188485,62.8283,4.363,1.791,3138.961,3.982,,AD,Passing,
SGWI04_1612,Cheilodactylidae,Dactylophora,nigricans,1,463.095,37377005,SGWI04_1612_L.avi,14106,4.702,5.07,0.828,2186.761,6.895,,AD,Passing,
SGWO03_1612,Cheilodactylidae,Dactylophora,nigricans,1,486.628,37377005,SGWO03_1612_L.avi,186871,62.2903,6.01,1.179,3003.083,3.98,,AD,Passing,
SGCI03_1612,Enoplosidae,Enoplosus,armatus,1,216.748,37366001,SGCI03_1612_L.avi,195580,65.1933,1.242,0.655,957.11,19.344,,AD,Passing,
SGEI02_1612,Enoplosidae,Enoplosus,armatus,1,199.12,37366001,SGEI02_1612_L.avi,71639,23.8797,3.665,0.266,2262.665,18.434,,AD,Passing,
SGEI04_1612,Labridae,Eupetrichthys,angustipes,1,144.428,37384105,SGEI04_1612_L.avi,153341,51.1137,4.393,4.172,2202.661,21.771,,AD,Passing,
SGCI03_1612,Kyphosidae,Girella,zebra,1,324.711,37361008,SGCI03_1612_L.avi,11777,3.9257,2.238,1.589,1998.175,22.236,,AD,Passing,
SGCI04_1612,Kyphosidae,Girella,zebra,1,281.313,37361008,SGCI04_1612_L.avi,18045,6.015,2.78,0.259,1634.974,17.528,,AD,Attracted,
SGCI04_1612,Kyphosidae,Girella,zebra,1,307.24,37361008,SGCI04_1612_L.avi,18283,6.0943,1.729,2.128,1698.11,16.185,,AD,Attracted,
SGCO01_1612,Kyphosidae,Girella,zebra,1,180.592,37361008,SGCO01_1612_L.avi,69771,23.257,5.015,2.077,2081.43,7.656,,AD,Passing,
SGCO01_1612,Kyphosidae,Girella,zebra,1,183.554,37361008,SGCO01_1612_L.avi,69771,23.257,2.703,1.021,1972.179,12.466,,AD,Passing,
SGCO01_1612,Kyphosidae,Girella,zebra,1,182.345,37361008,SGCO01_1612_L.avi,69771,23.257,2.86,1.073,2131.405,8.368,,AD,Passing,
SGCO01_1612,Kyphosidae,Girella,zebra,1,187.408,37361008,SGCO01_1612_L.avi,69799,23.2663,1.514,0.923,2034.206,11.047,,AD,Passing,
SGCO01_1612,Kyphosidae,Girella,zebra,1,189.838,37361008,SGCO01_1612_L.avi,69799,23.2663,2.86,2.268,1983.769,9.151,,AD,Passing,
SGCO01_1612,Kyphosidae,Girella,zebra,1,168.934,37361008,SGCO01_1612_L.avi,69799,23.2663,1.92,1.009,2193.046,15.197,,AD,Passing,
SGCO03_1612,Kyphosidae,Girella,zebra,1,258.024,37361008,SGCO03_1612_L.avi,139697,46.5657,1.253,0.224,1741.733,8.638,,AD,Attracted,
SGCO03_1612,Kyphosidae,Girella,zebra,1,299.609,37361008,SGCO03_1612_L.avi,139880,46.6267,1.864,0.825,1927.43,7.169,,AD,Attracted,
SGEO03_1612,Kyphosidae,Girella,zebra,1,272.429,37361008,SGEO03_1612_L.avi,77362,25.7873,1.844,0.18,2035.418,6.702,,AD,Passing,
SGWI03_1612,Kyphosidae,Girella,zebra,1,283.901,37361008,SGWI03_1612_L.avi,13768,4.5893,1.573,2.079,1991.804,1.689,,AD,Passing,
SGWI03_1612,Kyphosidae,Girella,zebra,1,256.617,37361008,SGWI03_1612_L.avi,13814,4.6047,2.924,1.651,1885.659,10.617,,AD,Passing,
SGWI04_1612,Kyphosidae,Girella,zebra,1,330.103,37361008,SGWI04_1612_L.avi,51768,17.256,2.202,6.299,1993.076,17.413,,AD,Attracted,
SGWO01_1612,Kyphosidae,Girella,zebra,1,240.494,37361008,SGWO01_1612_L.avi,122783,40.9277,1.989,9.153,1872.012,19.044,,AD,Passing,
SGWO02_1612,Kyphosidae,Girella,zebra,1,231.01,37361008,SGWO02_1612_L.avi,30812,10.2707,3.412,0.103,2134.095,15.066,,AD,Attracted,
SGWO02_1612,Kyphosidae,Girella,zebra,1,209.981,37361008,SGWO02_1612_L.avi,30824,10.2747,2.968,0.712,1950.891,15.018,,AD,Attracted,
SGWO02_1612,Kyphosidae,Girella,zebra,1,224.908,37361008,SGWO02_1612_L.avi,30867,10.289,0.752,0.651,1285.247,10.031,,AD,Feeding,
SGWO02_1612,Kyphosidae,Girella,zebra,1,311.613,37361008,SGWO02_1612_L.avi,30945,10.315,1.377,2.203,1407.329,23.26,,AD,Attracted,
SGCI03_1612,Kyphosidae,Kyphosus,sydneyanus,1,377.399,37361001,SGCI03_1612_L.avi,10488,3.496,2.15,3.443,1912.391,18.029,,AD,Passing,
SGCO01_1612,Kyphosidae,Kyphosus,sydneyanus,1,268.341,37361001,SGCO01_1612_L.avi,29202,9.734,0.876,0.535,1579.103,12.123,,AD,Attracted,
SGCO02_1612,Kyphosidae,Kyphosus,sydneyanus,1,435.567,37361001,SGCO02_1612_L.avi,17583,5.861,2.368,13.006,1940.144,2.721,,AD,Passing,
SGCO04_1612,Kyphosidae,Kyphosus,sydneyanus,1,411.649,37361001,SGCO04_1612_L.avi,21540,7.18,2.81,2.716,2655.779,16.69,,AD,Passing,
SGEI02_1612,Kyphosidae,Kyphosus,sydneyanus,1,374.907,37361001,SGEI02_1612_L.avi,21586,7.1953,2.044,1.065,1241.708,25.953,,AD,Passing,
SGEO01_1612,Kyphosidae,Kyphosus,sydneyanus,1,218.522,37361001,SGEO01_1612_L.avi,156640,52.2133,4.562,0.912,2654.786,22.57,,AD,Passing,
SGEO02_1612,Kyphosidae,Kyphosus,sydneyanus,1,371.395,37361001,SGEO02_1612_L.avi,19847,6.6157,2.977,1.2,1518.587,24.968,,AD,Passing,
SGEO03_1612,Kyphosidae,Kyphosus,sydneyanus,1,416.457,37361001,SGEO03_1612_L.avi,20147,6.7157,4.94,1.324,2219.78,17.252,,AD,Passing,
SGEO03_1612,Kyphosidae,Kyphosus,sydneyanus,1,379.153,37361001,SGEO03_1612_L.avi,20147,6.7157,6.455,1.497,2064.298,20.127,,AD,Passing,
SGEO03_1612,Kyphosidae,Kyphosus,sydneyanus,1,434.136,37361001,SGEO03_1612_L.avi,20147,6.7157,2.441,0.535,2309.969,5.679,,AD,Passing,
SGEO03_1612,Kyphosidae,Kyphosus,sydneyanus,1,269.296,37361001,SGEO03_1612_L.avi,20147,6.7157,2.713,11.304,1263.625,20.375,,AD,Passing,
SGEO03_1612,Kyphosidae,Kyphosus,sydneyanus,1,403.254,37361001,SGEO03_1612_L.avi,20228,6.7427,3.823,0.813,1988.634,24.634,,AD,Passing,
SGEO03_1612,Kyphosidae,Kyphosus,sydneyanus,1,316.204,37361001,SGEO03_1612_L.avi,20240,6.7467,3.506,0.343,1856.521,27.194,,AD,Passing,
SGEO03_1612,Kyphosidae,Kyphosus,sydneyanus,1,428.801,37361001,SGEO03_1612_L.avi,20240,6.7467,4.794,2.13,2142.185,18.239,,AD,Passing,
SGEO03_1612,Kyphosidae,Kyphosus,sydneyanus,1,436.64,37361001,SGEO03_1612_L.avi,20270,6.7567,5.001,1.116,1983.777,25.155,,AD,Passing,
SGWI03_1612,Kyphosidae,Kyphosus,sydneyanus,1,455.623,37361001,SGWI03_1612_L.avi,188654,62.8847,3.405,0.42,2263.244,3.49,,AD,Passing,
SGWO01_1612,Kyphosidae,Kyphosus,sydneyanus,1,365.691,37361001,SGWO01_1612_L.avi,116510,38.8367,1.352,0.433,1719.043,18.404,,AD,Attracted,
SGWO04_1612,Kyphosidae,Kyphosus,sydneyanus,1,523.617,37361001,SGWO04_1612_L.avi,11383,3.7943,13.847,4.361,3473.904,18.361,,AD,Passing,
SGWO04_1612,Kyphosidae,Kyphosus,sydneyanus,1,408.338,37361001,SGWO04_1612_L.avi,11383,3.7943,17.843,7.165,3913.623,8.937,,AD,Passing,
SGEI04_1612,Monacanthidae,Meuschenia,flavolineata,1,308.498,37465035,SGEI04_1612_L.avi,84135,28.045,1.41,0.558,1079.284,24.839,,AD,Attracted,
SGWI03_1612,Monacanthidae,Meuschenia,flavolineata,1,216.242,37465035,SGWI03_1612_L.avi,69981,23.327,1.3,0.288,1717.115,19.502,,AD,Attracted,
SGWI03_1612,Monacanthidae,Meuschenia,flavolineata,1,252.279,37465035,SGWI03_1612_L.avi,70119,23.373,2.278,1.3,1775.907,12.772,,AD,Attracted,
SGCI03_1612,Monacanthidae,Meuschenia,freycineti,1,330.181,37465036,SGCI03_1612_L.avi,123950,41.3167,0.865,0.506,956.81,18.359,,F,Feeding,
SGCI03_1612,Monacanthidae,Meuschenia,freycineti,1,325.737,37465036,SGCI03_1612_L.avi,143247,47.749,0.705,1.014,887.776,13.958,,M,Feeding,
SGWO03_1612,Monacanthidae,Meuschenia,freycineti,1,355.679,37465036,SGWO03_1612_L.avi,144106,48.0353,1.533,1.48,1269.639,10.924,,M,Feeding,
SGCI02_1612,Monacanthidae,Meuschenia,hippocrepis,1,309.014,37465004,SGCI02_1612_R.avi,103502,34.5007,0.629,0.449,795.906,14.334,Left cam obscured. MaxN recorded on right cam. Few lengths,AD,Attracted,
SGCI02_1612,Monacanthidae,Meuschenia,hippocrepis,1,361.542,37465004,SGCI02_1612_R.avi,103725,34.575,2.991,1.15,1277.795,21.724,Left cam obscured. MaxN recorded on right cam. Few lengths,AD,Attracted,
SGCI03_1612,Monacanthidae,Meuschenia,hippocrepis,1,345.618,37465004,SGCI03_1612_L.avi,18516,6.172,1.499,0.899,1223.516,10.086,,AD,Feeding,
SGCI03_1612,Monacanthidae,Meuschenia,hippocrepis,1,402.051,37465004,SGCI03_1612_L.avi,18516,6.172,2.382,0.642,1159.463,10.553,,AD,Feeding,
SGCI04_1612,Monacanthidae,Meuschenia,hippocrepis,1,310.714,37465004,SGCI04_1612_L.avi,103219,34.4063,1.871,1.568,1605.64,17.822,,AD,Attracted,
SGCI04_1612,Monacanthidae,Meuschenia,hippocrepis,1,355.371,37465004,SGCI04_1612_L.avi,103219,34.4063,1.179,0.613,1409.456,8.446,,AD,Attracted,
SGCI04_1612,Monacanthidae,Meuschenia,hippocrepis,1,323.025,37465004,SGCI04_1612_L.avi,103248,34.416,1.605,1.157,1663.801,7.804,,AD,Attracted,
SGCI04_1612,Monacanthidae,Meuschenia,hippocrepis,1,332.977,37465004,SGCI04_1612_L.avi,103257,34.419,1.252,1.071,1150.891,22.821,,AD,Attracted,
SGCO01_1612,Monacanthidae,Meuschenia,hippocrepis,1,203.468,37465004,SGCO01_1612_L.avi,127369,42.4563,2.323,0.613,1875.823,7.481,,AD,Passing,
SGCO01_1612,Monacanthidae,Meuschenia,hippocrepis,1,129.541,37465004,SGCO01_1612_L.avi,127437,42.479,1.122,0.512,1300.497,19.225,,J,Attracted,
SGCO01_1612,Monacanthidae,Meuschenia,hippocrepis,1,180.468,37465004,SGCO01_1612_L.avi,127571,42.5237,1.986,0.493,1507.208,24.28,,J,Attracted,
SGCO03_1612,Monacanthidae,Meuschenia,hippocrepis,1,313.548,37465004,SGCO03_1612_L.avi,55813,18.6043,1.317,0.435,1790.264,12.31,,AD,Attracted,
SGEI02_1612,Monacanthidae,Meuschenia,hippocrepis,1,338.356,37465004,SGEI02_1612_L.avi,115078,38.3593,2.604,1.774,1347.454,18.281,,AD,Attracted,
SGEI04_1612,Monacanthidae,Meuschenia,hippocrepis,1,307.905,37465004,SGEI04_1612_L.avi,21216,7.072,1.359,1.092,1186.55,9.05,,AD,Feeding,
SGEI04_1612,Monacanthidae,Meuschenia,hippocrepis,1,378.058,37465004,SGEI04_1612_L.avi,21282,7.094,1.122,1.465,1253.027,13.502,,AD,Feeding,
SGEO01_1612,Monacanthidae,Meuschenia,hippocrepis,1,337.485,37465004,SGEO01_1612_L.avi,111186,37.062,1.22,0.706,1421.475,18.854,,AD,Attracted,
SGEO02_1612,Monacanthidae,Meuschenia,hippocrepis,1,337.299,37465004,SGEO02_1612_L.avi,137674,45.8913,1.137,0.226,1298.261,4.576,,AD,Attracted,
SGEO03_1612,Monacanthidae,Meuschenia,hippocrepis,1,223.119,37465004,SGEO03_1612_L.avi,176695,58.8983,1.139,0.698,1266.911,10.137,,AD,Attracted,
SGEO03_1612,Monacanthidae,Meuschenia,hippocrepis,1,214.955,37465004,SGEO03_1612_L.avi,176695,58.8983,1.29,0.605,1343.771,7.538,,AD,Attracted,
SGWI02_1612,Monacanthidae,Meuschenia,hippocrepis,1,331.358,37465004,SGWI02_1612_L.avi,147723,49.241,0.837,0.883,1314.672,14.421,,AD,Feeding,
SGWI04_1612,Monacanthidae,Meuschenia,hippocrepis,1,360.347,37465004,SGWI04_1612_L.avi,190936,63.6453,4.353,8.895,2616.231,20.907,,AD,Passing,
SGWI04_1612,Monacanthidae,Meuschenia,hippocrepis,1,313.138,37465004,SGWI04_1612_L.avi,191216,63.7387,1.012,0.408,1498.517,1.873,,AD,Feeding,
SGWI04_1612,Monacanthidae,Meuschenia,hippocrepis,1,295.96,37465004,SGWI04_1612_L.avi,191216,63.7387,1.182,2.733,1240.91,14.334,,AD,Feeding,
SGWO01_1612,Monacanthidae,Meuschenia,hippocrepis,1,145.032,37465004,SGWO01_1612_L.avi,53961,17.987,0.903,2.542,1135.531,12.218,,J,Feeding,
SGWO01_1612,Monacanthidae,Meuschenia,hippocrepis,1,131.669,37465004,SGWO01_1612_L.avi,53961,17.987,0.598,1.441,1047.999,10.605,,J,Feeding,
SGWO01_1612,Monacanthidae,Meuschenia,hippocrepis,1,233.407,37465004,SGWO01_1612_L.avi,54381,18.127,0.691,3.537,1287.615,11.599,,AD,Feeding,
SGWO02_1612,Monacanthidae,Meuschenia,hippocrepis,1,142.645,37465004,SGWO02_1612_L.avi,35893,11.9643,1.251,1.928,1713.235,12.712,,AD,Attracted,
SGWO02_1612,Monacanthidae,Meuschenia,hippocrepis,1,137.911,37465004,SGWO02_1612_L.avi,35893,11.9643,1.136,1.054,1197.79,6.76,,AD,Attracted,
SGWO02_1612,Monacanthidae,Meuschenia,hippocrepis,1,179.572,37465004,SGWO02_1612_L.avi,35893,11.9643,1.979,1.008,1463.18,5.295,,AD,Attracted,
SGWO02_1612,Monacanthidae,Meuschenia,hippocrepis,1,207.5,37465004,SGWO02_1612_L.avi,35916,11.972,1.692,0.513,1262.624,12.42,,AD,Attracted,
SGWO02_1612,Monacanthidae,Meuschenia,hippocrepis,1,202.149,37465004,SGWO02_1612_L.avi,35942,11.9807,0.887,0.64,1361.504,14.468,,AD,Attracted,
SGWO02_1612,Monacanthidae,Meuschenia,hippocrepis,1,189.642,37465004,SGWO02_1612_L.avi,35956,11.9853,0.74,1.086,1306.993,9.849,,AD,Passing,
SGWO02_1612,Monacanthidae,Meuschenia,hippocrepis,1,203.981,37465004,SGWO02_1612_L.avi,36033,12.011,0.935,0.556,1100.867,18.803,,AD,Attracted,
SGWO03_1612,Monacanthidae,Meuschenia,hippocrepis,1,127.066,37465004,SGWO03_1612_L.avi,118524,39.508,1.352,4.743,1475.26,18.098,,J,Attracted,
SGWO03_1612,Monacanthidae,Meuschenia,hippocrepis,1,136.652,37465004,SGWO03_1612_L.avi,118524,39.508,1.464,1.63,1463.894,8.723,,J,Attracted,
SGWO03_1612,Monacanthidae,Meuschenia,hippocrepis,1,136.868,37465004,SGWO03_1612_L.avi,118524,39.508,0.806,0.301,1433.254,6.074,,J,Attracted,
SGWO03_1612,Monacanthidae,Meuschenia,hippocrepis,1,181.9,37465004,SGWO03_1612_L.avi,119997,39.999,1.274,0.214,1436.423,6.684,,AD,Attracted,
SGWO04_1612,Monacanthidae,Meuschenia,hippocrepis,1,202.1,37465004,SGWO04_1612_L.avi,126276,42.092,1.418,1.821,1654.609,16.807,,AD,Attracted,
SGWO04_1612,Monacanthidae,Meuschenia,hippocrepis,1,145.247,37465004,SGWO04_1612_L.avi,126276,42.092,0.759,3.97,1274.542,9.253,,AD,Attracted,
SGWO04_1612,Monacanthidae,Meuschenia,hippocrepis,1,144.953,37465004,SGWO04_1612_L.avi,126302,42.1007,1.159,3.15,1339.342,9.909,,AD,Attracted,
SGWO04_1612,Monacanthidae,Meuschenia,hippocrepis,1,140.577,37465004,SGWO04_1612_L.avi,126302,42.1007,0.909,4.09,1287.25,12.455,,AD,Attracted,
SGWO04_1612,Monacanthidae,Meuschenia,hippocrepis,1,180.606,37465004,SGWO04_1612_L.avi,126302,42.1007,1.262,1.578,1156.509,13.245,,AD,Attracted,
SGWO04_1612,Monacanthidae,Meuschenia,hippocrepis,1,148.519,37465004,SGWO04_1612_L.avi,126302,42.1007,1.126,2.887,1511.35,16.277,,AD,Attracted,
SGWO04_1612,Monacanthidae,Meuschenia,hippocrepis,1,113.281,37465004,SGWO04_1612_L.avi,126302,42.1007,1.193,0.692,1570.559,13.542,,AD,Attracted,
SGCO03_1612,Neosebastidae,Neosebastes,scorpaenoides,1,370.502,37287005,SGCO03_1612_L.avi,37461,12.487,1.113,1.086,1677.551,9.492,,AD,Attracted,
SGCO02_1612,Neosebastidae,Neosebastes,sp,1,287.56,37287927,SGCO02_1612_L.avi,132539,44.1797,0.975,6.323,1487.689,14.95,,AD,Passing,
SGCI01_1612,Labridae,Notolabrus,parilus,1,188.635,37384022,SGCI01_1612_L.avi,34898,11.6327,2.109,0.767,1157.134,22.934,BRUVS on 45 deg angle. Right cam stopped at 49 mins,F,Passing,
SGEO04_1612,Labridae,Notolabrus,parilus,1,176.132,37384022,SGEO04_1612_L.avi,89042,29.6807,1.176,1.203,904.05,15.465,,F,Passing,
SGWI03_1612,Labridae,Notolabrus,parilus,1,418.517,37384022,SGWI03_1612_L.avi,105559,35.1863,0.923,1.425,1592.095,2.592,,M,Attracted,
SGWI04_1612,Labridae,Notolabrus,parilus,1,248.776,37384022,SGWI04_1612_L.avi,54630,18.21,1.308,2.397,1818.102,14.088,,AD,Passing,
SGWO01_1612,Labridae,Notolabrus,parilus,1,283.899,37384022,SGWO01_1612_L.avi,21232,7.0773,0.57,3.909,897.456,4.534,,M,Passing,
SGCI01_1612,Labridae,Notolabrus,tetricus,1,211.931,37384003,SGCI01_1612_L.avi,46674,15.558,1.853,0.888,1322.258,4.519,BRUVS on 45 deg angle. Right cam stopped at 49 mins,F,Attracted,
SGCI01_1612,Labridae,Notolabrus,tetricus,1,307.547,37384003,SGCI01_1612_L.avi,46865,15.6217,2.283,0.277,1200.607,15.947,BRUVS on 45 deg angle. Right cam stopped at 49 mins,F,Attracted,
SGCI01_1612,Labridae,Notolabrus,tetricus,1,201.089,37384003,SGCI01_1612_L.avi,46926,15.642,1.768,0.273,1748.899,7.079,BRUVS on 45 deg angle. Right cam stopped at 49 mins,F,Attracted,
SGCI01_1612,Labridae,Notolabrus,tetricus,1,166.52,37384003,SGCI01_1612_L.avi,46951,15.6503,1.575,1.747,1536.685,17.067,BRUVS on 45 deg angle. Right cam stopped at 49 mins,F,Attracted,
SGCI01_1612,Labridae,Notolabrus,tetricus,1,257.414,37384003,SGCI01_1612_L.avi,47031,15.677,0.926,0.588,1039.144,21.219,BRUVS on 45 deg angle. Right cam stopped at 49 mins,F,Attracted,
SGCI02_1612,Labridae,Notolabrus,tetricus,1,414.891,37384003,SGCI02_1612_R.avi,11048,3.6827,3.655,0.43,1407.236,23.401,Left cam obscured. MaxN recorded on right cam. Few lengths,M,Passing,
SGCI02_1612,Labridae,Notolabrus,tetricus,1,218.683,37384003,SGCI02_1612_R.avi,111645,37.215,0.516,1.015,559.843,10.689,Left cam obscured. MaxN recorded on right cam. Few lengths,F,Attracted,
SGCI03_1612,Labridae,Notolabrus,tetricus,1,388.491,37384003,SGCI03_1612_L.avi,186680,62.2267,1.392,2.307,1600.985,15.358,,M,Guarding bait,
SGCI03_1612,Labridae,Notolabrus,tetricus,1,266.302,37384003,SGCI03_1612_L.avi,191868,63.956,1.198,2.447,1319.038,17.118,,F,Attracted,
SGCI04_1612,Labridae,Notolabrus,tetricus,1,196.211,37384003,SGCI04_1612_L.avi,61963,20.6543,1.181,0.629,1348.37,7.674,,F,Attracted,
SGCI04_1612,Labridae,Notolabrus,tetricus,1,126.64,37384003,SGCI04_1612_L.avi,61963,20.6543,0.977,0.436,1066.394,11.236,,J,Attracted,
SGCI04_1612,Labridae,Notolabrus,tetricus,1,163.355,37384003,SGCI04_1612_L.avi,61979,20.6597,0.733,2.392,799.083,22.498,,F,Attracted,
SGCI04_1612,Labridae,Notolabrus,tetricus,1,272.681,37384003,SGCI04_1612_L.avi,62025,20.675,2.705,0.391,1805.064,11.592,,F,Attracted,
SGCI04_1612,Labridae,Notolabrus,tetricus,1,373.311,37384003,SGCI04_1612_L.avi,141609,47.203,0.832,0.625,942.859,6.406,,M,Attracted,
SGCO01_1612,Labridae,Notolabrus,tetricus,1,216.232,37384003,SGCO01_1612_L.avi,131065,43.6883,0.964,1.391,1612.524,3.802,,F,Attracted,
SGCO01_1612,Labridae,Notolabrus,tetricus,1,195.536,37384003,SGCO01_1612_L.avi,131114,43.7047,1.868,0.844,1237.619,20.375,,F,Attracted,
SGCO01_1612,Labridae,Notolabrus,tetricus,1,173.911,37384003,SGCO01_1612_L.avi,131159,43.7197,2.927,0.588,1749.695,20.13,,F,Passing,
SGCO02_1612,Labridae,Notolabrus,tetricus,1,189.562,37384003,SGCO02_1612_L.avi,80584,26.8613,0.624,0.916,863.746,6.24,,F,Attracted,
SGCO03_1612,Labridae,Notolabrus,tetricus,1,241.161,37384003,SGCO03_1612_L.avi,67290,22.43,1.167,0.947,1557.576,4.58,,F,Attracted,
SGCO03_1612,Labridae,Notolabrus,tetricus,1,193.535,37384003,SGCO03_1612_L.avi,67317,22.439,2.868,0.132,2214.74,13.739,,F,Attracted,
SGCO03_1612,Labridae,Notolabrus,tetricus,1,157.246,37384003,SGCO03_1612_L.avi,67317,22.439,1.447,2.187,1963.978,11.559,,F,Attracted,
SGCO03_1612,Labridae,Notolabrus,tetricus,1,200.366,37384003,SGCO03_1612_L.avi,67664,22.5547,1.001,0.138,1580.947,14.189,,F,Attracted,
SGCO04_1612,Labridae,Notolabrus,tetricus,1,233.852,37384003,SGCO04_1612_L.avi,171366,57.122,1.456,0.89,1104.171,13.259,,F,Attracted,
SGCO04_1612,Labridae,Notolabrus,tetricus,1,269.172,37384003,SGCO04_1612_L.avi,174223,58.0743,0.471,1.962,865.431,10.723,,F,Attracted,
SGEI02_1612,Labridae,Notolabrus,tetricus,1,189.126,37384003,SGEI02_1612_L.avi,102488,34.1627,1.664,1.203,921.586,18.824,,F,Attracted,
SGEI02_1612,Labridae,Notolabrus,tetricus,1,162.239,37384003,SGEI02_1612_L.avi,102527,34.1757,0.724,0.447,913.939,18.701,,F,Attracted,
SGEI02_1612,Labridae,Notolabrus,tetricus,1,195.905,37384003,SGEI02_1612_L.avi,102692,34.2307,0.996,0.814,1065.828,20.628,,F,Attracted,
SGEI02_1612,Labridae,Notolabrus,tetricus,1,371.996,37384003,SGEI02_1612_L.avi,107926,35.9753,1.307,1.197,1036.793,23.221,,M,Attracted,
SGEI04_1612,Labridae,Notolabrus,tetricus,1,316.579,37384003,SGEI04_1612_L.avi,18747,6.249,4.128,2.326,1967.002,27.419,,F,Attracted,
SGEI04_1612,Labridae,Notolabrus,tetricus,1,377.252,37384003,SGEI04_1612_L.avi,98794,32.9313,1.941,1.133,1583.891,16.404,,M,Guarding bait,
SGEO01_1612,Labridae,Notolabrus,tetricus,1,201.116,37384003,SGEO01_1612_L.avi,180043,60.0143,1.949,1.281,1302.93,11.494,,F,Feeding,
SGEO01_1612,Labridae,Notolabrus,tetricus,1,214.432,37384003,SGEO01_1612_L.avi,180079,60.0263,1.196,1.129,1405.651,16.394,,F,Feeding,
SGEO02_1612,Labridae,Notolabrus,tetricus,1,334.256,37384003,SGEO02_1612_L.avi,85233,28.411,1.461,0.765,1344.736,18.872,,M,Attracted,
SGEO02_1612,Labridae,Notolabrus,tetricus,1,364.269,37384003,SGEO02_1612_L.avi,85527,28.509,3.008,1.141,1983.237,20.649,,M,Attracted,
SGEO02_1612,Labridae,Notolabrus,tetricus,1,264.69,37384003,SGEO02_1612_L.avi,121885,40.6283,0.489,0.908,596.471,17.011,,F,Attracted,
SGEO02_1612,Labridae,Notolabrus,tetricus,1,259.595,37384003,SGEO02_1612_L.avi,121889,40.6297,1.048,2.269,1284.783,24.921,,F,Attracted,
SGEO02_1612,Labridae,Notolabrus,tetricus,1,259.234,37384003,SGEO02_1612_L.avi,121889,40.6297,2.84,0.508,1200.219,14.315,,F,Attracted,
SGEO02_1612,Labridae,Notolabrus,tetricus,1,287.003,37384003,SGEO02_1612_L.avi,122056,40.6853,3.8,0.543,1914.315,14.969,,F,Attracted,
SGEO03_1612,Labridae,Notolabrus,tetricus,1,304.077,37384003,SGEO03_1612_L.avi,118815,39.605,1.32,0.715,1141.67,12.242,,M,Attracted,
SGEO04_1612,Labridae,Notolabrus,tetricus,1,284.183,37384003,SGEO04_1612_L.avi,39320,13.1067,0.996,1.315,996.464,14.118,,F,Attracted,
SGEO04_1612,Labridae,Notolabrus,tetricus,1,212.052,37384003,SGEO04_1612_L.avi,39338,13.1127,2.699,3.559,1394.737,28.537,,F,Attracted,
SGEO04_1612,Labridae,Notolabrus,tetricus,1,219.906,37384003,SGEO04_1612_L.avi,39464,13.1547,3.899,0.852,1573.849,20.71,,F,Attracted,
SGWI02_1612,Labridae,Notolabrus,tetricus,1,457.861,37384003,SGWI02_1612_L.avi,100398,33.466,1.054,0.632,1621.655,12.28,,M,Attracted,
SGWI02_1612,Labridae,Notolabrus,tetricus,1,314.118,37384003,SGWI02_1612_L.avi,124327,41.4423,0.581,0.049,1001.319,8.305,,F,Attracted,
SGWI02_1612,Labridae,Notolabrus,tetricus,1,345.669,37384003,SGWI02_1612_L.avi,124550,41.5167,0.857,3.025,1077.433,10.855,,F,Attracted,
SGWI03_1612,Labridae,Notolabrus,tetricus,1,261.866,37384003,SGWI03_1612_L.avi,20661,6.887,0.98,1.552,1820.382,5.077,,F,Attracted,
SGWI03_1612,Labridae,Notolabrus,tetricus,1,387.938,37384003,SGWI03_1612_L.avi,124188,41.396,1.49,1.64,1680.78,14.025,,M,Attracted,
SGWI04_1612,Labridae,Notolabrus,tetricus,1,178.08,37384003,SGWI04_1612_L.avi,89549,29.8497,3.01,0.407,1620.02,11.015,,F,Attracted,
SGWI04_1612,Labridae,Notolabrus,tetricus,1,182.495,37384003,SGWI04_1612_L.avi,89583,29.861,1.474,1.607,1412.396,13.548,,F,Attracted,
SGWI04_1612,Labridae,Notolabrus,tetricus,1,235.345,37384003,SGWI04_1612_L.avi,89637,29.879,0.67,1.625,1199.407,6.08,,F,Feeding,
SGWO01_1612,Labridae,Notolabrus,tetricus,1,222.779,37384003,SGWO01_1612_L.avi,78681,26.227,0.912,8.081,1111.462,14.058,,F,Attracted,
SGWO01_1612,Labridae,Notolabrus,tetricus,1,209.172,37384003,SGWO01_1612_L.avi,78718,26.2393,1.169,4.385,1604.775,12.408,,F,Attracted,
SGWO01_1612,Labridae,Notolabrus,tetricus,1,174.126,37384003,SGWO01_1612_L.avi,78870,26.29,0.987,2.048,1292.064,12.37,,F,Attracted,
SGWO02_1612,Labridae,Notolabrus,tetricus,1,206.969,37384003,SGWO02_1612_L.avi,104701,34.9003,1.058,0.423,1634.275,6.7,,F,Attracted,
SGWO02_1612,Labridae,Notolabrus,tetricus,1,198.49,37384003,SGWO02_1612_L.avi,104863,34.9543,1.198,0.7,1872.929,7.521,,F,Attracted,
SGWO02_1612,Labridae,Notolabrus,tetricus,1,189.124,37384003,SGWO02_1612_L.avi,104898,34.966,4.061,1.604,2162.141,13.773,,AD,Passing,
SGWO03_1612,Labridae,Notolabrus,tetricus,1,190.046,37384003,SGWO03_1612_L.avi,165008,55.0027,2.376,1.77,1452.128,15.976,,F,Attracted,
SGWO03_1612,Labridae,Notolabrus,tetricus,1,201.613,37384003,SGWO03_1612_L.avi,165028,55.0093,0.916,0.944,1003.694,13,,F,Feeding,
SGWO04_1612,Labridae,Notolabrus,tetricus,1,359.034,37384003,SGWO04_1612_L.avi,53820,17.94,0.746,0.555,1240.627,8.287,,M,Attracted,
SGWO04_1612,Labridae,Notolabrus,tetricus,1,227.187,37384003,SGWO04_1612_L.avi,100634,33.5447,2.292,8.403,1497.06,13.343,,F,Attracted,
SGWO04_1612,Labridae,Notolabrus,tetricus,1,141.24,37384003,SGWO04_1612_L.avi,100663,33.5543,1.485,10.397,1306.069,19.869,,F,Attracted,
SGCI04_1612,Odacidae,Olisthops,cyanomelas,1,310.766,37385001,SGCI04_1612_L.avi,135604,45.2013,1.612,2.984,1261.667,7.58,,M,Passing,
SGCI04_1612,Odacidae,Olisthops,cyanomelas,1,275.81,37385001,SGCI04_1612_L.avi,141136,47.0453,1.357,3.168,1181.953,26.442,,F,Passing,
SGCO01_1612,Odacidae,Olisthops,cyanomelas,1,254.638,37385001,SGCO01_1612_L.avi,139761,46.587,2.075,0.812,1981.764,19.961,,F,Passing,
SGEO01_1612,Odacidae,Olisthops,cyanomelas,1,336.156,37385001,SGEO01_1612_L.avi,167326,55.7753,6.697,0.758,2908.202,22.946,,M,Passing,
SGEO02_1612,Odacidae,Olisthops,cyanomelas,1,337.916,37385001,SGEO02_1612_L.avi,14891,4.9637,3.719,1.481,2138.107,10.604,,M,Passing,
SGEO04_1612,Odacidae,Olisthops,cyanomelas,1,310.267,37385001,SGEO04_1612_L.avi,37578,12.526,3.924,2.082,1653.644,15.623,,M,Passing,
SGWI04_1612,Odacidae,Olisthops,cyanomelas,1,295.96,37385001,SGWI04_1612_L.avi,42981,14.327,2.186,0.182,1722.921,12.521,,M,Passing,
SGCI03_1612,Labridae,Ophthalmolepis,lineolatus,1,153.01,37384040,SGCI03_1612_L.avi,48180,16.06,2.525,2.221,1598.725,31.29,,AD,Passing,
SGCI03_1612,Serranidae,Othos,dentex,1,396.572,37311005,SGCI03_1612_L.avi,100941,33.647,2.516,1.57,1245.14,22.078,,AD,Passing,
SGEI02_1612,Serranidae,Othos,dentex,1,596.113,37311005,SGEI02_1612_L.avi,107763,35.921,1.415,3.002,1186.484,10.735,,AD,Attracted,
SGEI04_1612,Serranidae,Othos,dentex,1,328.507,37311005,SGEI04_1612_L.avi,33167,11.0557,1.751,0.641,1639.324,18.097,,AD,Passing,
SGEI04_1612,Serranidae,Othos,dentex,1,460.812,37311005,SGEI04_1612_L.avi,33833,11.2777,1.747,0.261,1631.68,13.816,,AD,Attracted,
SGEI01_1612,Gerreidae,Parequula,melbournensis,1,51.833,37349001,SGEI01_1612_L.avi,27475,9.1583,0.498,0.294,559.682,17.843,,AD,Passing,
SGCI02_1612,Pomacentridae,Parma,victoriae,1,178.685,37372006,SGCI02_1612_R.avi,10578,3.526,2.422,1.041,1324.665,24.716,Left cam obscured. MaxN recorded on right cam. Few lengths,AD,Passing,
SGCI04_1612,Pomacentridae,Parma,victoriae,1,184.167,37372006,SGCI04_1612_L.avi,19985,6.6617,2.125,0.406,1431.246,29.236,,AD,Attracted,
SGCO01_1612,Pomacentridae,Parma,victoriae,1,144.901,37372006,SGCO01_1612_L.avi,16256,5.4187,3.164,0.73,1886.58,4.766,,AD,Attracted,
SGEO02_1612,Pomacentridae,Parma,victoriae,1,185.237,37372006,SGEO02_1612_L.avi,52157,17.3857,3.603,0.909,1606.433,26.902,,AD,Passing,
SGWO01_1612,Pomacentridae,Parma,victoriae,1,192.578,37372006,SGWO01_1612_L.avi,177246,59.082,1.294,5.074,1412.599,18.775,,AD,Attracted,
SGWO04_1612,Pomacentridae,Parma,victoriae,1,135.377,37372006,SGWO04_1612_L.avi,24134,8.0447,1.235,5.676,1613.879,20.804,,AD,Attracted,
SGCO03_1612,Pentacerotidae,Pentaceropsis,recurvirostris,1,331.089,37367003,SGCO03_1612_L.avi,184479,61.493,2.269,0.997,1877.078,13.638,,AD,Attracted,
SGWI02_1612,Pentacerotidae,Pentaceropsis,recurvirostris,1,247.136,37367003,SGWI02_1612_L.avi,172539,57.513,1.777,6.619,1777.927,24.604,,AD,Passing,
SGCI04_1612,Labridae,Pictilabrus,laticlavius,1,177.223,37384020,SGCI04_1612_L.avi,39604,13.2013,1.286,1.178,890.945,9.096,,M,Attracted,
SGCO01_1612,Labridae,Pictilabrus,laticlavius,1,296.783,37384020,SGCO01_1612_L.avi,22163,7.3877,2.838,7.865,1957.071,22.977,,M,Passing,
SGEI02_1612,Labridae,Pictilabrus,laticlavius,1,185.844,37384020,SGEI02_1612_L.avi,151685,50.5617,1.592,0.671,1203.048,15.154,,M,Passing,
SGEI04_1612,Labridae,Pictilabrus,laticlavius,1,251.125,37384020,SGEI04_1612_L.avi,60617,20.2057,3.329,2.785,1930.768,20.988,,M,Passing,
SGEO02_1612,Labridae,Pictilabrus,laticlavius,1,181.71,37384020,SGEO02_1612_L.avi,51085,17.0283,4.966,0.359,1797.622,10.514,,M,Passing,
SGEO02_1612,Labridae,Pictilabrus,laticlavius,1,182.706,37384020,SGEO02_1612_L.avi,51087,17.029,2.755,0.501,1499.969,20.778,,M,Chase conspecific,
SGEO03_1612,Labridae,Pictilabrus,laticlavius,1,186.656,37384020,SGEO03_1612_L.avi,191252,63.7507,1.368,1.025,1183.366,22.879,,M,Attracted,
SGEO03_1612,Labridae,Pictilabrus,laticlavius,1,224.29,37384020,SGEO03_1612_L.avi,191432,63.8107,0.907,0.203,1032.49,15.983,,M,Attracted,
SGEO04_1612,Labridae,Pictilabrus,laticlavius,1,218.857,37384020,SGEO04_1612_L.avi,60438,20.146,0.779,0.807,1003.765,10.805,,M,Attracted,
SGEO04_1612,Labridae,Pictilabrus,laticlavius,1,198.218,37384020,SGEO04_1612_L.avi,60478,20.1593,1.914,1.559,1601.004,24.295,,M,Attracted,
SGWI04_1612,Labridae,Pictilabrus,laticlavius,1,192.743,37384020,SGWI04_1612_L.avi,152167,50.7223,0.897,0.653,1324.169,9.562,,M,Attracted,
SGWO01_1612,Labridae,Pictilabrus,laticlavius,1,169.271,37384020,SGWO01_1612_L.avi,17077,5.6923,1.097,3.254,1163.773,14.636,,M,Attracted,
SGWO01_1612,Labridae,Pictilabrus,laticlavius,1,159.693,37384020,SGWO01_1612_L.avi,17117,5.7057,0.676,0.47,1018.782,10.627,,F,Attracted,
SGWO02_1612,Labridae,Pictilabrus,laticlavius,1,211.09,37384020,SGWO02_1612_L.avi,45454,15.1513,1.261,3.26,1573.392,18.875,,M,Attracted,
SGWO02_1612,Labridae,Pictilabrus,laticlavius,1,194.691,37384020,SGWO02_1612_L.avi,45456,15.152,1.034,0.684,1820.378,5.696,,F,Attracted,
SGWO02_1612,Labridae,Pictilabrus,laticlavius,1,235.63,37384020,SGWO02_1612_L.avi,45456,15.152,3.277,0.552,2717.819,16.41,,M,Attracted,
SGWO02_1612,Labridae,Pictilabrus,laticlavius,1,227.735,37384020,SGWO02_1612_L.avi,45575,15.1917,1.793,1.74,1517.73,11.954,,M,Attracted,
SGWO03_1612,Labridae,Pictilabrus,laticlavius,1,164.62,37384020,SGWO03_1612_L.avi,59727,19.909,0.71,0.761,1203.945,12.211,,M,Feeding,
SGWO03_1612,Labridae,Pictilabrus,laticlavius,1,174.284,37384020,SGWO03_1612_L.avi,59865,19.955,2.657,4.005,1706.645,20.665,,M,Attracted,
SGWO03_1612,Labridae,Pictilabrus,laticlavius,1,174.994,37384020,SGWO03_1612_L.avi,59995,19.9983,1.373,5.584,1487.409,19.574,,M,Attracted,
SGCI02_1612,Scorpididae,Scorpis,aequipinnis,1,267.057,37361004,SGCI02_1612_R.avi,39298,13.0993,2.471,1.985,1264.886,26.71,Left cam obscured. MaxN recorded on right cam. Few lengths,AD,Passing,
SGCI02_1612,Scorpididae,Scorpis,aequipinnis,1,198.462,37361004,SGCI02_1612_R.avi,39385,13.1283,1.894,2.86,1351.05,25.716,Left cam obscured. MaxN recorded on right cam. Few lengths,AD,Passing,
SGCI03_1612,Scorpididae,Scorpis,aequipinnis,1,287.49,37361004,SGCI03_1612_L.avi,172345,57.4483,1.133,3.219,1157.358,7.982,,AD,Attracted,
SGCI03_1612,Scorpididae,Scorpis,aequipinnis,1,311.43,37361004,SGCI03_1612_L.avi,172358,57.4527,2.614,2.844,1755.361,19.169,,AD,Attracted,
SGCI04_1612,Scorpididae,Scorpis,aequipinnis,1,202.493,37361004,SGCI04_1612_L.avi,48449,16.1497,2.983,5.079,1505.373,27.184,,AD,Attracted,
SGCI04_1612,Scorpididae,Scorpis,aequipinnis,1,202.612,37361004,SGCI04_1612_L.avi,48449,16.1497,2.994,1.161,2164.445,16.813,,AD,Attracted,
SGCO01_1612,Scorpididae,Scorpis,aequipinnis,1,144.682,37361004,SGCO01_1612_L.avi,116026,38.6753,1.204,0.393,1705.827,9.567,,AD,Attracted,
SGCO01_1612,Scorpididae,Scorpis,aequipinnis,1,270.854,37361004,SGCO01_1612_L.avi,116026,38.6753,2.987,1.924,1715.586,2.624,,AD,Attracted,
SGCO01_1612,Scorpididae,Scorpis,aequipinnis,1,176.203,37361004,SGCO01_1612_L.avi,116186,38.7287,1.246,1.6,1141.564,11.44,,AD,Attracted,
SGCO01_1612,Scorpididae,Scorpis,aequipinnis,1,121.237,37361004,SGCO01_1612_L.avi,116815,38.9383,0.76,1.113,1240.396,11.88,,AD,Attracted,
SGCO02_1612,Scorpididae,Scorpis,aequipinnis,1,216.874,37361004,SGCO02_1612_L.avi,34910,11.6367,0.467,0.606,806.851,5.473,,AD,Attracted,
SGCO02_1612,Scorpididae,Scorpis,aequipinnis,1,182.434,37361004,SGCO02_1612_L.avi,37125,12.375,0.612,2.419,1166.079,2.131,,AD,Attracted,
SGCO02_1612,Scorpididae,Scorpis,aequipinnis,1,153.476,37361004,SGCO02_1612_L.avi,37182,12.394,0.53,0.64,976.322,5.671,,AD,Attracted,
SGCO03_1612,Scorpididae,Scorpis,aequipinnis,1,183.48,37361004,SGCO03_1612_L.avi,30844,10.2813,3.055,0.176,2065.647,6.184,,AD,Attracted,
SGCO03_1612,Scorpididae,Scorpis,aequipinnis,1,248.637,37361004,SGCO03_1612_L.avi,30844,10.2813,1.059,0.725,1255.306,6.275,,AD,Attracted,
SGCO03_1612,Scorpididae,Scorpis,aequipinnis,1,262.467,37361004,SGCO03_1612_L.avi,30844,10.2813,1.542,1.073,1664.076,6.814,,AD,Attracted,
SGCO03_1612,Scorpididae,Scorpis,aequipinnis,1,171.185,37361004,SGCO03_1612_L.avi,30873,10.291,1.82,0.88,1445.349,7.531,,AD,Attracted,
SGCO03_1612,Scorpididae,Scorpis,aequipinnis,1,282.977,37361004,SGCO03_1612_L.avi,30901,10.3003,2.357,1.196,2215.249,20.558,,AD,Attracted,
SGCO03_1612,Scorpididae,Scorpis,aequipinnis,1,172.238,37361004,SGCO03_1612_L.avi,31043,10.3477,2.144,0.337,1766.416,7.163,,AD,Attracted,
SGCO04_1612,Scorpididae,Scorpis,aequipinnis,1,297.587,37361004,SGCO04_1612_L.avi,179540,59.8467,5.339,0.956,2684.113,13.624,,AD,Attracted,
SGEI02_1612,Scorpididae,Scorpis,aequipinnis,1,145.501,37361004,SGEI02_1612_L.avi,172875,57.625,1.793,1.904,1254.508,22.848,,AD,Attracted,
SGEI02_1612,Scorpididae,Scorpis,aequipinnis,1,172.118,37361004,SGEI02_1612_L.avi,172889,57.6297,1.102,0.733,1104.205,27.318,,AD,Attracted,
SGEO01_1612,Scorpididae,Scorpis,aequipinnis,1,169.691,37361004,SGEO01_1612_L.avi,183715,61.2383,1.175,4.295,1211.027,16.931,,AD,Attracted,
SGEO01_1612,Scorpididae,Scorpis,aequipinnis,1,206.128,37361004,SGEO01_1612_L.avi,183822,61.274,1.004,1.281,1275.856,6.547,,AD,Feeding,
SGEO01_1612,Scorpididae,Scorpis,aequipinnis,1,193.055,37361004,SGEO01_1612_L.avi,183962,61.3207,1.704,0.968,1255.907,1.039,,AD,Attracted,
SGEO02_1612,Scorpididae,Scorpis,aequipinnis,1,218.564,37361004,SGEO02_1612_L.avi,142334,47.4447,1.359,1.474,1352.704,21.033,,AD,Attracted,
SGEO02_1612,Scorpididae,Scorpis,aequipinnis,1,221.432,37361004,SGEO02_1612_L.avi,142360,47.4533,1.09,0.904,1073.577,23.002,,AD,Attracted,
SGEO02_1612,Scorpididae,Scorpis,aequipinnis,1,211.908,37361004,SGEO02_1612_L.avi,142440,47.48,1.074,0.268,1175.739,15.92,,AD,Attracted,
SGEO02_1612,Scorpididae,Scorpis,aequipinnis,1,181.991,37361004,SGEO02_1612_L.avi,142692,47.564,1.4,0.852,1041.027,17.248,,AD,Attracted,
SGEO03_1612,Scorpididae,Scorpis,aequipinnis,1,192.714,37361004,SGEO03_1612_L.avi,75877,25.2923,1.824,1.135,1972.034,10.569,,AD,Attracted,
SGEO03_1612,Scorpididae,Scorpis,aequipinnis,1,231.758,37361004,SGEO03_1612_L.avi,75897,25.299,1.123,0.605,1464.915,18.154,,AD,Attracted,
SGEO03_1612,Scorpididae,Scorpis,aequipinnis,1,168.735,37361004,SGEO03_1612_L.avi,75897,25.299,4.471,1.012,1766.489,20.973,,AD,Attracted,
SGEO03_1612,Scorpididae,Scorpis,aequipinnis,1,214.025,37361004,SGEO03_1612_L.avi,75920,25.3067,3.46,1.95,1830.479,8.417,,AD,Attracted,
SGEO03_1612,Scorpididae,Scorpis,aequipinnis,1,176.682,37361004,SGEO03_1612_L.avi,75974,25.3247,3.727,0.757,1810.312,17.877,,AD,Attracted,
SGEO04_1612,Scorpididae,Scorpis,aequipinnis,1,225.971,37361004,SGEO04_1612_L.avi,105031,35.0103,2.316,1.558,1329.994,16.02,,AD,Attracted,
SGWI03_1612,Scorpididae,Scorpis,aequipinnis,1,244.941,37361004,SGWI03_1612_L.avi,76551,25.517,1.24,0.275,1444.018,9.448,,AD,Feeding,
SGWI03_1612,Scorpididae,Scorpis,aequipinnis,1,223.391,37361004,SGWI03_1612_L.avi,79408,26.4693,2.19,0.894,1302.509,15.3,,AD,Passing,
SGWI04_1612,Scorpididae,Scorpis,aequipinnis,1,200.874,37361004,SGWI04_1612_L.avi,146669,48.8897,4.325,4.083,1863.586,20.095,,AD,Passing,
SGWI04_1612,Scorpididae,Scorpis,aequipinnis,1,153.615,37361004,SGWI04_1612_L.avi,146691,48.897,0.554,4.391,892.957,13.658,,AD,Attracted,
SGWI04_1612,Scorpididae,Scorpis,aequipinnis,1,190.384,37361004,SGWI04_1612_L.avi,146696,48.8987,0.751,2.344,1360.451,9.106,,AD,Attracted,
SGWI04_1612,Scorpididae,Scorpis,aequipinnis,1,146.749,37361004,SGWI04_1612_L.avi,146727,48.909,0.621,0.885,1004.367,5.146,,AD,Attracted,
SGWI04_1612,Scorpididae,Scorpis,aequipinnis,1,142.571,37361004,SGWI04_1612_L.avi,146902,48.9673,2.446,6.151,1823.206,18.859,,AD,Passing,
SGWO01_1612,Scorpididae,Scorpis,aequipinnis,1,159.69,37361004,SGWO01_1612_L.avi,127877,42.6257,0.865,3.042,1250.192,15.09,,AD,Attracted,
SGWO01_1612,Scorpididae,Scorpis,aequipinnis,1,157.265,37361004,SGWO01_1612_L.avi,127977,42.659,0.991,1.072,1029.588,10.331,,AD,Attracted,
SGWO01_1612,Scorpididae,Scorpis,aequipinnis,1,219.786,37361004,SGWO01_1612_L.avi,128118,42.706,1.619,2.351,1281.991,11.839,,AD,Attracted,
SGWO02_1612,Scorpididae,Scorpis,aequipinnis,1,240.584,37361004,SGWO02_1612_L.avi,183102,61.034,0.817,0.88,1376.843,8.842,,AD,Attracted,
SGWO02_1612,Scorpididae,Scorpis,aequipinnis,1,147.33,37361004,SGWO02_1612_L.avi,183135,61.045,1.068,1.594,1294.587,17.825,,AD,Attracted,
SGWO02_1612,Scorpididae,Scorpis,aequipinnis,1,201.935,37361004,SGWO02_1612_L.avi,183165,61.055,1.462,2.39,1524.111,14.037,,AD,Attracted,
SGWO02_1612,Scorpididae,Scorpis,aequipinnis,1,166.958,37361004,SGWO02_1612_L.avi,183289,61.0963,2.482,2.958,1688.913,15.273,,AD,Attracted,
SGWO03_1612,Scorpididae,Scorpis,aequipinnis,1,148.143,37361004,SGWO03_1612_L.avi,134250,44.75,0.64,1.332,1097.469,13.795,,AD,Feeding,
SGWO03_1612,Scorpididae,Scorpis,aequipinnis,1,164.198,37361004,SGWO03_1612_L.avi,134460,44.82,0.73,0.199,1223.13,8.492,,AD,Feeding,
SGWO04_1612,Scorpididae,Scorpis,aequipinnis,1,151.268,37361004,SGWO04_1612_L.avi,141017,47.0057,1.75,1.698,1505.272,17.805,,AD,Attracted,
SGWO04_1612,Scorpididae,Scorpis,aequipinnis,1,117.795,37361004,SGWO04_1612_L.avi,141017,47.0057,1.305,7.817,1567.823,10.872,,AD,Attracted,
SGWO04_1612,Scorpididae,Scorpis,aequipinnis,1,143.873,37361004,SGWO04_1612_L.avi,141024,47.008,1.709,1.332,1681.528,13.203,,AD,Attracted,
SGWO04_1612,Scorpididae,Scorpis,aequipinnis,1,213.082,37361004,SGWO04_1612_L.avi,141028,47.0093,2.397,0.819,1773.139,9.259,,AD,Attracted,
SGWO03_1612,Loliginidae,Sepioteuthis,australis,1,295.368,23617005,SGWO03_1612_L.avi,80508,26.836,3.761,1.614,2137.195,15.389,,AD,Passing,
SGWO03_1612,Loliginidae,Sepioteuthis,australis,1,237.601,23617005,SGWO03_1612_L.avi,81065,27.0217,4.797,3.805,2839.667,5.725,,AD,Passing,
SGWI04_1612,Sillaginidae,Sillaginodes,punctatus,1,389.184,37330001,SGWI04_1612_L.avi,39421,13.1403,1.425,0.926,1529.458,1.302,,AD,Attracted,
SGCI03_1612,Scorpididae,Tilodon,sexfasciatus,1,170.085,37361003,SGCI03_1612_L.avi,13269,4.423,2.016,0.1,1456.349,24.159,,AD,Attracted,
SGCO01_1612,Scorpididae,Tilodon,sexfasciatus,1,179.958,37361003,SGCO01_1612_L.avi,190940,63.6467,0.875,1.25,1516.456,8.699,,AD,Passing,
SGCO03_1612,Scorpididae,Tilodon,sexfasciatus,1,172.891,37361003,SGCO03_1612_L.avi,46790,15.5967,2.416,0.824,2013.225,22.579,,AD,Attracted,
SGWI03_1612,Scorpididae,Tilodon,sexfasciatus,1,168.727,37361003,SGWI03_1612_L.avi,24954,8.318,2.466,0.521,1815.924,4.026,,AD,Attracted,
SGWI03_1612,Scorpididae,Tilodon,sexfasciatus,1,198.784,37361003,SGWI03_1612_L.avi,24977,8.3257,1.51,0.977,1711.739,17.755,,AD,Attracted,
SGWI04_1612,Scorpididae,Tilodon,sexfasciatus,1,185.238,37361003,SGWI04_1612_L.avi,32164,10.7213,1.619,1.444,1903.952,14.966,,AD,Passing,
SGWO01_1612,Scorpididae,Tilodon,sexfasciatus,1,172.447,37361003,SGWO01_1612_L.avi,123754,41.2513,1.281,9.637,1530.039,21.966,,AD,Passing,
SGCO02_1612,Mullidae,Upeneichthys,vlamingii,1,191.24,37355029,SGCO02_1612_L.avi,131812,43.9373,1.445,13.701,1879.482,9.265,,AD,Passing,
SGEI01_1612,Mullidae,Upeneichthys,vlamingii,1,120.462,37355029,SGEI01_1612_L.avi,132835,44.2783,2.707,1.979,1745.806,26.763,,,Passing,
SGEI01_1612,Mullidae,Upeneichthys,vlamingii,1,106.926,37355029,SGEI01_1612_L.avi,132835,44.2783,2.9,2.8,1843.614,24.245,,,Passing,
SGEI01_1612,Mullidae,Upeneichthys,vlamingii,1,139.45,37355029,SGEI01_1612_L.avi,132873,44.291,2.106,3.996,1715.864,21.972,,,Passing,
SGWO01_1612,Mullidae,Upeneichthys,vlamingii,1,198.49,37355029,SGWO01_1612_L.avi,179401,59.8003,1.565,9.906,1392.315,19.601,,AD,Passing,
PIEI01_1706,Labridae,Notolabrus,parilus,1,307.447,37384022,PIEI01_1706_L.avi,16402,10.9347,0.842,1.556,941.773,15.125,,M,Passing,
PIEI01_1706,Labridae,Notolabrus,parilus,1,185.855,37384022,PIEI01_1706_L.avi,17658,11.772,0.814,0.457,976.473,8.663,,M,Passing,
PIEI01_1706,Monacanthidae,Unknown,sp,1,164.167,37465903,PIEI01_1706_L.avi,17939,11.9593,0.854,1.434,881.395,17.671,,AD,Passing,
PIEI01_1706,Monacanthidae,Unknown,sp,1,165.281,37465903,PIEI01_1706_L.avi,17939,11.9593,2.539,1.562,1924.194,17.043,,AD,Passing,
PIEI01_1706,Lamnidae,Carcharodon,carcharias,1,2735.457,37010003,PIEI01_1706_L.avi,38801,25.8673,18.793,0.293,3949.407,11.859,,AD,Passing,
PIEI01_1706,Odacidae,Olisthops,cyanomelas,1,325.967,37385001,PIEI01_1706_L.avi,48957,32.638,5.701,3.882,2804.577,5.81,,AD,Passing,
PIEI01_1706,Labridae,Pictilabrus,laticlavius,1,191.084,37384020,PIEI01_1706_L.avi,48975,32.65,1.987,0.693,1440.274,25.039,,AD,Passing,
PIEI01_1706,Carangidae,Trachurus,novaezelandiae,1,174.143,37337003,PIEI01_1706_L.avi,70582,47.0547,6.097,3.434,2791.675,23.639,,AD,Passing,
PIEI01_1706,Carangidae,Trachurus,novaezelandiae,1,179.433,37337003,PIEI01_1706_L.avi,70582,47.0547,9.675,4.338,3171.39,26.34,,AD,Passing,
PIEI01_1706,Carangidae,Trachurus,novaezelandiae,1,163.891,37337003,PIEI01_1706_L.avi,70582,47.0547,16.168,3.206,3354.65,17.927,,AD,Passing,
PIEI01_1706,Labridae,Notolabrus,tetricus,1,272.038,37384003,PIEI01_1706_L.avi,74911,49.9407,2.348,1.048,1133.269,12.591,,AD,Passing,
PIEI01_1706,Labridae,Notolabrus,tetricus,1,219.366,37384003,PIEI01_1706_L.avi,74911,49.9407,10.634,1.884,2328.896,13.46,,AD,Passing,
PIEI01_1706,Labridae,Notolabrus,tetricus,1,326.545,37384003,PIEI01_1706_L.avi,74971,49.9807,0.573,2.595,539.23,12.528,,AD,Passing,
PIEI01_1706,Carangidae,Pseudocaranx,sp,1,189.626,37337924,PIEI01_1706_L.avi,79572,53.048,0.864,0.915,1112.369,16.579,,AD,Passing,
PIEI01_1706,Odacidae,Siphonognathus,beddomei,1,64.522,37385006,PIEI01_1706_L.avi,87361,58.2407,2.094,0.808,1296.861,28.732,,AD,Passing,
PIEI01_1706,Odacidae,Siphonognathus,beddomei,1,129.479,37385006,PIEI01_1706_L.avi,87361,58.2407,10.544,1.71,2465.478,19.202,,AD,Passing,
PIEI02_1706,Cheilodactylidae,Cheilodactylus,nigripes,1,331.034,37377001,PIEI02_1706_L.avi,6897,4.598,3.084,2.269,1889.808,18.365,,AD,Passing,
PIEI02_1706,Odacidae,Heteroscarus,acroptilus,1,148.094,37385010,PIEI02_1706_L.avi,14080,9.3867,1.181,2.442,999.71,27.311,,AD,Passing,
PIEI02_1706,Labridae,Notolabrus,parilus,1,357.984,37384022,PIEI02_1706_L.avi,16873,11.2487,1.26,6.701,831.698,13.769,,AD,Passing,
PIEI02_1706,Labridae,Notolabrus,tetricus,1,390.238,37384003,PIEI02_1706_L.avi,18756,12.504,2.027,5.642,1152.14,22.557,,AD,Passing,
PIEI02_1706,Labridae,Notolabrus,tetricus,1,300.075,37384003,PIEI02_1706_L.avi,18756,12.504,1.485,1.063,835.954,17.954,,AD,Passing,
PIEI02_1706,Monacanthidae,Meuschenia,galii,1,215.501,37465040,PIEI02_1706_L.avi,29171,19.4473,1.969,5.752,1408.87,7.068,,AD,Passing,
PIEI02_1706,Monacanthidae,Meuschenia,hippocrepis,1,373.08,37465004,PIEI02_1706_L.avi,34108,22.7387,4.567,5.327,1914.177,28.067,,AD,Passing,
PIEI02_1706,Monacanthidae,Meuschenia,hippocrepis,1,328.351,37465004,PIEI02_1706_L.avi,34108,22.7387,2.021,8.45,1411.157,24.888,,AD,Passing,
PIEI02_1706,Monacanthidae,Meuschenia,freycineti,1,272.303,37465036,PIEI02_1706_L.avi,36271,24.1807,1.531,1.88,1300.319,25.345,,AD,Passing,
PIEI02_1706,Labridae,Pictilabrus,laticlavius,1,191.438,37384020,PIEI02_1706_L.avi,36400,24.2667,1.306,2.324,868.725,24.967,,AD,Passing,
PIEI02_1706,Labridae,Pictilabrus,laticlavius,1,173.224,37384020,PIEI02_1706_L.avi,36400,24.2667,0.64,3.427,783.065,24.457,,AD,Passing,
PIEI02_1706,Carangidae,Pseudocaranx,sp,1,275.397,37337924,PIEI02_1706_L.avi,53101,35.4007,2.612,1.139,1265.971,20.764,,AD,Passing,
PIEI02_1706,Carangidae,Pseudocaranx,sp,1,246.125,37337924,PIEI02_1706_L.avi,53101,35.4007,2.318,5.962,1790.414,16.777,,AD,Passing,
PIEI02_1706,Monacanthidae,Meuschenia,flavolineata,1,208.35,37465035,PIEI02_1706_L.avi,71808,47.872,0.823,0.692,959.06,28.458,,AD,Passing,
PIEI04_1706,Cheilodactylidae,Cheilodactylus,nigripes,1,339.135,37377001,PIEI04_1706_L.avi,4142,2.7613,1.607,1.068,1761.862,9.936,,AD,Attracted,
PIEI04_1706,Kyphosidae,Kyphosus,sydneyanus,1,460.282,37361001,PIEI04_1706_L.avi,7984,5.3227,3.237,0.687,2809.396,11.998,,AD,Passing,
PIEI04_1706,Monacanthidae,Meuschenia,flavolineata,1,248.131,37465035,PIEI04_1706_L.avi,8891,5.9273,1.382,0.376,1369.82,22.373,,AD,Attracted,
PIEI04_1706,Cheilodactylidae,Nemadactylus,valenciennesi,1,510.361,37377004,PIEI04_1706_L.avi,13928,9.2853,4.6,0.22,2259.991,12.632,,AD,Passing,
PIEI04_1706,Monacanthidae,Meuschenia,galii,1,265.011,37465040,PIEI04_1706_L.avi,14053,9.3687,2.55,0.337,1710.74,15.156,,AD,Attracted,
PIEI04_1706,Monacanthidae,Meuschenia,hippocrepis,1,397.109,37465004,PIEI04_1706_L.avi,14391,9.594,2.624,0.303,1202.474,21.385,,AD,Attracted,
PIEI04_1706,Monacanthidae,Meuschenia,hippocrepis,1,351.028,37465004,PIEI04_1706_L.avi,14447,9.6313,1.452,0.676,1569.612,11.264,,AD,Attracted,
PIEI04_1706,Monacanthidae,Meuschenia,hippocrepis,1,260.909,37465004,PIEI04_1706_L.avi,14447,9.6313,3.293,0.323,1632.734,3.915,,AD,Attracted,
PIEI04_1706,Labridae,Notolabrus,tetricus,1,251.869,37384003,PIEI04_1706_L.avi,14736,9.824,2.212,0.405,1487.959,10.238,,F,Attracted,
PIEI04_1706,Labridae,Notolabrus,tetricus,1,336.457,37384003,PIEI04_1706_L.avi,14818,9.8787,2.632,0.23,1377.275,23.282,,F,Attracted,
PIEI04_1706,Labridae,Notolabrus,tetricus,1,235.359,37384003,PIEI04_1706_L.avi,14897,9.9313,1.263,0.516,927.608,20.917,,F,Attracted,
PIEI04_1706,Labridae,Notolabrus,tetricus,1,368.296,37384003,PIEI04_1706_L.avi,15186,10.124,1.504,0.437,1212.692,19.278,,M,Attracted,
PIEI04_1706,Monacanthidae,Meuschenia,hippocrepis,1,324.705,37465004,PIEI04_1706_L.avi,15255,10.17,2.663,0.207,1528.963,27.136,,AD,Attracted,
PIEI04_1706,Labridae,Austrolabrus,maculatus,1,121.991,37384025,PIEI04_1706_L.avi,16030,10.6867,1.336,0.277,1155.063,14.613,,AD,Attracted,
PIEI04_1706,Enoplosidae,Enoplosus,armatus,1,252.038,37366001,PIEI04_1706_L.avi,19716,13.144,5.402,0.157,1876.129,27.989,,AD,Passing,
PIEI04_1706,Carangidae,Pseudocaranx,sp,1,190.529,37337924,PIEI04_1706_L.avi,36908,24.6053,2.037,0.154,1298.046,14.543,,AD,Attracted,
PIEI04_1706,Carangidae,Pseudocaranx,sp,1,203.138,37337924,PIEI04_1706_L.avi,36908,24.6053,1.712,0.446,1796.74,12.551,,AD,Attracted,
PIEI04_1706,Carangidae,Pseudocaranx,sp,1,188.864,37337924,PIEI04_1706_L.avi,36908,24.6053,2.427,0.569,1816.895,8.029,,AD,Attracted,
PIEI04_1706,Carangidae,Pseudocaranx,sp,1,220.666,37337924,PIEI04_1706_L.avi,36908,24.6053,2.64,0.566,1666.5,21.635,,AD,Attracted,
PIEI04_1706,Carangidae,Pseudocaranx,sp,1,199.784,37337924,PIEI04_1706_L.avi,36908,24.6053,3.629,0.257,1932.734,6.982,,AD,Attracted,
PIEI04_1706,Carangidae,Pseudocaranx,sp,1,237.053,37337924,PIEI04_1706_L.avi,36961,24.6407,3.128,0.19,1598.902,26.387,,AD,Attracted,
PIEI04_1706,Carangidae,Pseudocaranx,sp,1,207.455,37337924,PIEI04_1706_L.avi,36961,24.6407,4.5,1.124,2255.131,25.007,,AD,Attracted,
PIEI04_1706,Diastylidae,Diastylis,tenuicauda,1,735.196,28097006,PIEI04_1706_L.avi,42415,28.2767,3.71,1.353,1871.066,16.197,,AD,Attracted,
PIEI04_1706,Labridae,Pictilabrus,laticlavius,1,187.386,37384020,PIEI04_1706_L.avi,53678,35.7853,6.189,0.132,1931.805,25.78,,M,Passing,
PIEI04_1706,Labridae,Pictilabrus,laticlavius,1,203.462,37384020,PIEI04_1706_L.avi,53678,35.7853,5.667,0.032,1800.664,23.366,,M,Passing,
PIEI04_1706,Scorpididae,Scorpis,aequipinnis,1,291.39,37361004,PIEI04_1706_L.avi,78391,52.2607,1.577,0.618,1746.084,9.784,,AD,Attracted,
PIEI04_1706,Odacidae,Olisthops,cyanomelas,1,340.888,37385001,PIEI04_1706_L.avi,87390,58.26,2.92,1.515,1812.757,13.604,,M,Passing,
PIEO01_1706,Odacidae,Heteroscarus,acroptilus,1,204.393,37385010,PIEO01_1706_L.avi,12108,8.072,0.796,0.614,749.433,16.832,,AD,Passing,
PIEO01_1706,Labridae,Unknown,sp,1,276.727,37384000,PIEO01_1706_L.avi,17882,11.9213,0.894,1.926,954.634,18.109,,AD,Passing,
PIEO01_1706,Monacanthidae,Meuschenia,galii,1,211.09,37465040,PIEO01_1706_L.avi,18841,12.5607,1.462,2.139,1465.908,28.263,,AD,Passing,
PIEO01_1706,Labridae,Notolabrus,tetricus,1,360.87,37384003,PIEO01_1706_L.avi,22622,15.0813,2.392,2.57,1348.778,25.566,,AD,Passing,
PIEO01_1706,Labridae,Notolabrus,tetricus,1,297.801,37384003,PIEO01_1706_L.avi,22638,15.092,4.121,1.273,1600.808,15.657,,AD,Passing,
PIEO01_1706,Labridae,Notolabrus,tetricus,1,253.523,37384003,PIEO01_1706_L.avi,22638,15.092,3.307,3.52,2266.151,19.885,,AD,Passing,
PIEO01_1706,Monacanthidae,Meuschenia,hippocrepis,1,330.979,37465004,PIEO01_1706_L.avi,25461,16.974,1.397,1.165,1403.054,19.472,,AD,Passing,
PIEO01_1706,Monacanthidae,Meuschenia,hippocrepis,1,273.134,37465004,PIEO01_1706_L.avi,25461,16.974,1.018,1.399,1076.144,11.665,,AD,Passing,
PIEO01_1706,Monacanthidae,Meuschenia,hippocrepis,1,351.393,37465004,PIEO01_1706_L.avi,25461,16.974,1.427,1.289,1326.897,8.819,,AD,Passing,
PIEO01_1706,Triakidae,Mustelus,antarcticus,1,1376.792,37017001,PIEO01_1706_L.avi,27777,18.518,6.287,4.495,2293.477,19.646,,AD,Passing,
PIEO01_1706,Labridae,Ophthalmolepis,lineolatus,1,338.261,37384040,PIEO01_1706_L.avi,35143,23.4287,2.361,1.565,1483.155,30.668,,AD,Passing,
PIEO01_1706,Labridae,Notolabrus,parilus,1,339.267,37384022,PIEO01_1706_L.avi,37912,25.2747,3.143,1.149,1403.602,30.417,,AD,Passing,
PIEO01_1706,Labridae,Pictilabrus,laticlavius,1,193.922,37384020,PIEO01_1706_L.avi,45644,30.4293,1.753,0.902,1040.662,20.396,,AD,Passing,
PIEO01_1706,Carangidae,Pseudocaranx,sp,1,245.812,37337924,PIEO01_1706_L.avi,48612,32.408,1.135,3.191,901.028,17.563,,AD,Feeding,
PIEO01_1706,Carangidae,Pseudocaranx,sp,1,191.339,37337924,PIEO01_1706_L.avi,48612,32.408,1.039,1.155,994.202,25.814,,AD,Feeding,
PIEO01_1706,Carangidae,Pseudocaranx,sp,1,178.551,37337924,PIEO01_1706_L.avi,48612,32.408,0.91,1.034,878.288,25.714,,AD,Feeding,
PIEO01_1706,Carangidae,Pseudocaranx,sp,1,197.692,37337924,PIEO01_1706_L.avi,48612,32.408,1.162,1.474,854.068,17.379,,AD,Feeding,
PIEO01_1706,Carangidae,Pseudocaranx,sp,1,199.674,37337924,PIEO01_1706_L.avi,48612,32.408,0.879,4.18,729.949,16.399,,AD,Feeding,
PIEO01_1706,Labridae,Notolabrus,fucicola,1,293.036,37384021,PIEO01_1706_L.avi,65858,43.9053,2.5,0.464,1258.768,28.943,,AD,Passing,
PIEO01_1706,Odacidae,Olisthops,cyanomelas,1,332.47,37385001,PIEO01_1706_L.avi,74742,49.828,2.293,3.417,1428.143,29.369,,AD,Passing,
PIEO02_1706,Labridae,Austrolabrus,maculatus,1,141.077,37384025,PIEO02_1706_L.avi,7926,5.284,0.691,0.819,685.58,18.741,right camera obsructed by bombie and algae,AD,Passing,
PIEO02_1706,Labridae,Pictilabrus,laticlavius,1,196.088,37384020,PIEO02_1706_L.avi,19427,12.9513,0.827,0.319,823.471,12.297,right camera obsructed by bombie and algae,AD,Passing,
PIEO03_1706,Labridae,Pictilabrus,laticlavius,1,155.579,37384020,PIEO03_1706_L.avi,8920,5.9467,1.504,0.745,1253.277,24.961,,AD,Passing,
PIEO03_1706,Labridae,Notolabrus,tetricus,1,213.47,37384003,PIEO03_1706_L.avi,14306,9.5373,1.346,1.627,1139.45,25.268,,AD,Passing,
PIEO03_1706,Labridae,Notolabrus,tetricus,1,405.849,37384003,PIEO03_1706_L.avi,14583,9.722,4.338,1.026,2026.673,22.177,,M,Passing,
PIEO03_1706,Monacanthidae,Meuschenia,hippocrepis,1,257.097,37465004,PIEO03_1706_L.avi,16773,11.182,0.694,2.755,870.818,20.167,,AD,Passing,
PIEO03_1706,Dasyatidae,Dasyatis,brevicaudata,1,1206.216,37035001,PIEO03_1706_L.avi,50051,33.3673,2.439,3.914,1491.127,5.945,,AD,Passing,
PIEO03_1706,Labridae,Notolabrus,parilus,1,208.876,37384022,PIEO03_1706_L.avi,94733,63.1553,2.9,0.582,1259.681,18.492,,AD,Passing,
PIEO04_1706,Labridae,Notolabrus,parilus,1,205.714,37384022,PIEO04_1706_L.avi,10119,6.746,2.605,0.681,1689.583,29.066,,AD,Passing,
PIEO04_1706,Scorpididae,Scorpis,aequipinnis,1,296.43,37361004,PIEO04_1706_L.avi,10900,7.2667,3.686,2.723,1532.445,24.267,,AD,Passing,
PIEO04_1706,Scorpididae,Scorpis,aequipinnis,1,283.999,37361004,PIEO04_1706_L.avi,11009,7.3393,7.441,0.957,2049.226,12.666,,AD,Passing,
PIEO04_1706,Enoplosidae,Enoplosus,armatus,1,222.784,37366001,PIEO04_1706_L.avi,11645,7.7633,3.117,1.247,1858.064,32.298,,AD,Passing,
PIEO04_1706,Enoplosidae,Enoplosus,armatus,1,235.049,37366001,PIEO04_1706_L.avi,11655,7.77,4.622,1.074,1704.336,13.254,,AD,Passing,
PIEO04_1706,Enoplosidae,Enoplosus,armatus,1,233.35,37366001,PIEO04_1706_L.avi,11655,7.77,7.344,0.648,2037.918,10.851,,AD,Passing,
PIEO04_1706,Odacidae,Olisthops,cyanomelas,1,311.013,37385001,PIEO04_1706_L.avi,12930,8.62,8.739,0.622,3167.463,15.419,,AD,Passing,
PIEO04_1706,Dinolestidae,Dinolestes,lewini,1,261.195,37327002,PIEO04_1706_L.avi,14915,9.9433,16.744,1.031,3910.495,27.175,,AD,Passing,
PIEO04_1706,Cheilodactylidae,Cheilodactylus,nigripes,1,335.186,37377001,PIEO04_1706_L.avi,15780,10.52,6.447,1.898,1919.053,30.272,,AD,Passing,
PIEO04_1706,Cheilodactylidae,Cheilodactylus,nigripes,1,328.046,37377001,PIEO04_1706_L.avi,15797,10.5313,4.115,1.555,1547.623,19.904,,AD,Passing,
PIEO04_1706,Labridae,Notolabrus,tetricus,1,208.788,37384003,PIEO04_1706_L.avi,19090,12.7267,3.022,0.527,1507.164,13.895,,AD,Passing,
PIEO04_1706,Labridae,Notolabrus,tetricus,1,259.589,37384003,PIEO04_1706_L.avi,19090,12.7267,5.135,3.718,2038.46,28.04,,AD,Passing,
PIEO04_1706,Labridae,Notolabrus,tetricus,1,259.065,37384003,PIEO04_1706_L.avi,19099,12.7327,2.657,0.719,1350.827,10.448,,AD,Passing,
PIEO04_1706,Labridae,Notolabrus,tetricus,1,220.091,37384003,PIEO04_1706_L.avi,19113,12.742,4.297,2.412,1755.741,15.354,,AD,Passing,
PIEO04_1706,Labridae,Notolabrus,tetricus,1,393.05,37384003,PIEO04_1706_L.avi,19155,12.77,4.766,1.516,1791.637,21.73,,AD,Passing,
PIEO04_1706,Arripidae,Arripis,georgianus,1,189.328,37344001,PIEO04_1706_L.avi,21794,14.5293,10.459,1.856,3553.72,19.533,,AD,Passing,
PIEO04_1706,Arripidae,Arripis,georgianus,1,230.022,37344001,PIEO04_1706_L.avi,21805,14.5367,10.503,1.846,3287.417,28.153,,AD,Passing,
PIEO04_1706,Carangidae,Trachurus,novaezelandiae,1,198.038,37337003,PIEO04_1706_L.avi,23809,15.8727,4.734,0.98,2720.496,17.208,,AD,Passing,
PIEO04_1706,Carangidae,Trachurus,novaezelandiae,1,165.602,37337003,PIEO04_1706_L.avi,23809,15.8727,9.347,3.667,2786.276,24.214,,AD,Passing,
PIEO04_1706,Carangidae,Trachurus,novaezelandiae,1,145.682,37337003,PIEO04_1706_L.avi,23809,15.8727,9.085,5.04,2911.169,27.662,,AD,Passing,
PIEO04_1706,Carangidae,Trachurus,novaezelandiae,1,136.66,37337003,PIEO04_1706_L.avi,23809,15.8727,9.864,14.392,2864.375,16.99,,AD,Passing,
PIEO04_1706,Dasyatidae,Dasyatis,brevicaudata,1,1015.287,37035001,PIEO04_1706_L.avi,38196,25.464,4.065,12.398,1410.423,6.74,,F,Attracted,
PIEO04_1706,Carangidae,Pseudocaranx,sp,1,213.04,37337924,PIEO04_1706_L.avi,45034,30.0227,2.195,2.127,1150.62,27.161,,AD,Passing,
PIEO04_1706,Carangidae,Pseudocaranx,sp,1,195.726,37337924,PIEO04_1706_L.avi,45034,30.0227,1.515,1.363,928.101,17.946,,AD,Passing,
PIEO04_1706,Carangidae,Pseudocaranx,sp,1,192.796,37337924,PIEO04_1706_L.avi,45034,30.0227,1.174,2.591,1076.16,15.284,,AD,Passing,
PIEO04_1706,Carangidae,Pseudocaranx,sp,1,188.256,37337924,PIEO04_1706_L.avi,45034,30.0227,1.085,22.535,1242.075,12.399,,AD,Passing,
PIEO04_1706,Carangidae,Pseudocaranx,sp,1,201.755,37337924,PIEO04_1706_L.avi,45034,30.0227,1.055,0.376,1050.64,16.774,,AD,Passing,
PIEO04_1706,Carangidae,Pseudocaranx,sp,1,198.656,37337924,PIEO04_1706_L.avi,45034,30.0227,1.609,0.928,1077.719,13.082,,AD,Passing,
PIEO04_1706,Carangidae,Pseudocaranx,sp,1,186.895,37337924,PIEO04_1706_L.avi,45034,30.0227,1.268,6.513,823.412,23.39,,AD,Passing,
PIEO04_1706,Carangidae,Pseudocaranx,sp,1,170.978,37337924,PIEO04_1706_L.avi,45034,30.0227,1.008,1.454,834.289,19.448,,AD,Passing,
PIEO04_1706,Monacanthidae,Meuschenia,galii,1,235.588,37465040,PIEO04_1706_L.avi,65026,43.3507,4.113,0.414,1832.819,9.149,,AD,Passing,
PIEO04_1706,Monacanthidae,Meuschenia,galii,1,204.994,37465040,PIEO04_1706_L.avi,65031,43.354,5.245,1.669,2311.079,31.938,,AD,Passing,
PIEO04_1706,Myliobatidae,Myliobatis,tenuicaudatus,1,995.724,37039001,PIEO04_1706_L.avi,72490,48.3267,8.058,3.8,2987.603,9.473,,AD,Passing,
PIEO04_1706,Pomacentridae,Parma,victoriae,1,142.064,37372006,PIEO04_1706_L.avi,76084,50.7227,2.068,3.336,1339.977,16.146,,AD,Passing,
PIEO04_1706,Monacanthidae,Meuschenia,hippocrepis,1,255.41,37465004,PIEO04_1706_L.avi,82551,55.034,1.543,6.192,1328.094,10.166,,AD,Passing,
PIEO04_1706,Monacanthidae,Meuschenia,hippocrepis,1,244.789,37465004,PIEO04_1706_L.avi,82551,55.034,3.142,0.651,1829.567,22.722,,AD,Passing,
PIEO04_1706,Monacanthidae,Meuschenia,hippocrepis,1,243.95,37465004,PIEO04_1706_L.avi,82551,55.034,2.018,1.1,1446.469,29.719,,AD,Passing,
PIEO04_1706,Monacanthidae,Meuschenia,hippocrepis,1,349.05,37465004,PIEO04_1706_L.avi,82551,55.034,1.049,9.179,1228.35,5.401,,AD,Passing,
PIEO04_1706,Sphyraenidae,Sphyraena,novaehollandiae,1,575.867,37382002,PIEO04_1706_L.avi,85769,57.1793,7.501,0.721,3002.198,13.744,,AD,Passing,
PINI01_1706,Pinguipedidae,Parapercis,haackei,1,82.941,37390004,PINI01_1706_L.avi,10179,6.786,2.651,0.36,1847.734,18.69,,AD,Passing,
PINI01_1706,Mullidae,Upeneichthys,vlamingii,1,155.465,37355029,PINI01_1706_L.avi,20943,13.962,3.047,3.464,1690.06,23.141,,AD,Attracted,
PINI01_1706,Mullidae,Upeneichthys,vlamingii,1,174.463,37355029,PINI01_1706_L.avi,20943,13.962,5.742,4.012,2659.117,17.175,,AD,Attracted,
PINI01_1706,Ostraciidae,Aracana,ornata,1,107.776,37466001,PINI01_1706_L.avi,21756,14.504,0.534,2.682,650.394,19.953,,AD,Passing,
PINI01_1706,Gerreidae,Parequula,melbournensis,1,53.384,37349001,PINI01_1706_L.avi,23941,15.9607,1.954,1.029,1072.541,23.867,,AD,Passing,
PINI01_1706,Gerreidae,Parequula,melbournensis,1,173.717,37349001,PINI01_1706_L.avi,23941,15.9607,2.086,1.649,979.99,13.556,,AD,Passing,
PINI01_1706,Gerreidae,Parequula,melbournensis,1,103.647,37349001,PINI01_1706_L.avi,23941,15.9607,1.294,1.873,1138.828,22.271,,AD,Passing,
PINI01_1706,Gerreidae,Parequula,melbournensis,1,104.56,37349001,PINI01_1706_L.avi,23941,15.9607,2.234,4.629,1318.42,27.122,,AD,Passing,
PINI01_1706,Gerreidae,Parequula,melbournensis,1,78.287,37349001,PINI01_1706_L.avi,23941,15.9607,3.444,4.951,1431.103,31.695,,AD,Passing,
PINI01_1706,Scyliorhinidae,Asymbolus,vincenti,1,377.352,37015003,PINI01_1706_L.avi,48260,32.1733,1.385,1.104,1005.697,18.302,,AD,Passing,
PINI01_1706,Monacanthidae,Thamnaconus,degeni,1,116.395,37465037,PINI01_1706_L.avi,82175,54.7833,0.392,2.35,456.683,6.002,,AD,Passing,
PINI01_1706,Monacanthidae,Thamnaconus,degeni,1,153.595,37465037,PINI01_1706_L.avi,82175,54.7833,5.217,1.64,1662.827,8.247,,AD,Passing,
PINI01_1706,Triakidae,Mustelus,antarcticus,1,750.45,37017001,PINI01_1706_L.avi,85561,57.0407,1.508,3.599,1071.685,13.014,,AD,Attracted,
PINI01_1706,Triakidae,Mustelus,antarcticus,1,1367.932,37017001,PINI01_1706_L.avi,85561,57.0407,7.771,3.249,2916.546,1.975,,AD,Attracted,
PINI01_1706,Dasyatidae,Dasyatis,brevicaudata,1,853.315,37035001,PINI01_1706_L.avi,92249,61.4993,2.01,4.229,1611.957,12.056,,AD,Attracted,
PINI01_1706,Loliginidae,Sepioteuthis,australis,1,184.698,23617005,PINI01_1706_L.avi,93561,62.374,2.933,1.921,1258.134,20.888,,AD,Passing,
PINI02_1706,Pinguipedidae,Parapercis,ramsayi,1,84.914,37390002,PINI02_1706_L.avi,6307,4.2047,1.21,0.731,1647.266,13.23,,AD,Passing,
PINI02_1706,Gerreidae,Parequula,melbournensis,1,103.87,37349001,PINI02_1706_L.avi,18833,12.5553,1.552,0.588,1328.935,23.292,,AD,Passing,
PINI02_1706,Gerreidae,Parequula,melbournensis,1,81.649,37349001,PINI02_1706_L.avi,18833,12.5553,1.266,2.606,1649.554,10.565,,AD,Passing,
PINI02_1706,Gerreidae,Parequula,melbournensis,1,98.423,37349001,PINI02_1706_L.avi,18833,12.5553,3.533,2.905,2011.12,7.459,,AD,Passing,
PINI02_1706,Pinguipedidae,Parapercis,haackei,1,103.281,37390004,PINI02_1706_L.avi,22909,15.2727,2.085,0.693,1703.968,23.983,,AD,Passing,
PINI02_1706,Labridae,Austrolabrus,maculatus,1,95.832,37384025,PINI02_1706_L.avi,24133,16.0887,4.649,0.474,1683.727,29.506,,AD,Attracted,
PINI02_1706,Labridae,Austrolabrus,maculatus,1,81.732,37384025,PINI02_1706_L.avi,24133,16.0887,4.523,2.431,1735.811,32.638,,AD,Attracted,
PINI02_1706,Heterodontidae,Heterodontus,portusjacksoni,1,376.129,37007001,PINI02_1706_L.avi,55605,37.07,2.821,1.533,1889.66,12.766,,AD,Passing,
PINI02_1706,Monacanthidae,Acanthaluteres,vittiger,1,118.158,37465002,PINI02_1706_L.avi,60196,40.1307,1.909,3.356,1491.562,27.307,,AD,Passing,
PINI02_1706,Scombridae,Scomber,australasicus,1,268.051,37441001,PINI02_1706_L.avi,66663,44.442,1.743,0.921,2001.105,6.02,,AD,Passing,
PINI02_1706,Triakidae,Mustelus,antarcticus,1,1217.859,37017001,PINI02_1706_L.avi,71031,47.354,3.426,7.493,1493.313,12.934,,AD,Passing,
PINI02_1706,Triakidae,Mustelus,antarcticus,1,1041.624,37017001,PINI02_1706_L.avi,71031,47.354,4.079,1.432,1815.446,5.623,,AD,Passing,
PINI02_1706,Loliginidae,Sepioteuthis,australis,1,164.04,23617005,PINI02_1706_L.avi,85010,56.6733,1.622,2.027,855.515,13.86,,AD,Passing,
PINI02_1706,Monacanthidae,Scobinichthys,granulatus,1,183.788,37465007,PINI02_1706_L.avi,88085,58.7233,3.619,0.574,1498.133,30.592,,AD,Passing,
PINI02_1706,Monacanthidae,Thamnaconus,degeni,1,152.678,37465037,PINI02_1706_L.avi,90174,60.116,4.973,1.228,1715.728,20.19,,AD,Passing,
PINI02_1706,Monacanthidae,Thamnaconus,degeni,1,176.757,37465037,PINI02_1706_L.avi,90174,60.116,0.781,1.528,1036.096,2.821,,AD,Passing,
PINI02_1706,Monacanthidae,Thamnaconus,degeni,1,147.467,37465037,PINI02_1706_L.avi,90174,60.116,2.403,6.235,1149.802,13.869,,AD,Passing,
PINI02_1706,Monacanthidae,Thamnaconus,degeni,1,146.448,37465037,PINI02_1706_L.avi,90174,60.116,0.459,3.047,440.816,11.885,,AD,Passing,
PINI03_1706,Carangidae,Pseudocaranx,sp,1,182.366,37337924,PINI03_1706_L.avi,18782,12.5213,2.392,0.078,1316.754,25.547,,AD,Attracted,
PINI03_1706,Carangidae,Pseudocaranx,sp,1,175.019,37337924,PINI03_1706_L.avi,18782,12.5213,2.821,0.368,1350.55,26.967,,AD,Attracted,
PINI03_1706,Carangidae,Pseudocaranx,sp,1,192.766,37337924,PINI03_1706_L.avi,18782,12.5213,3.061,0.935,1579.402,15.372,,AD,Attracted,
PINI03_1706,Carangidae,Pseudocaranx,sp,1,184.062,37337924,PINI03_1706_L.avi,18782,12.5213,3.012,0.365,1507.71,18.806,,AD,Attracted,
PINI03_1706,Carangidae,Pseudocaranx,sp,1,195.027,37337924,PINI03_1706_L.avi,18782,12.5213,3.194,0.24,1383.888,24.122,,AD,Attracted,
PINI03_1706,Carangidae,Pseudocaranx,sp,1,183.431,37337924,PINI03_1706_L.avi,18842,12.5613,3.369,0.736,1395.101,25.673,,AD,Attracted,
PINI03_1706,Monacanthidae,Unknown,sp,1,178.525,37465903,PINI03_1706_L.avi,55561,37.0407,0.871,0.347,1027.486,16.391,,AD,Attracted,
PINI03_1706,Monacanthidae,Unknown,sp,1,137.689,37465903,PINI03_1706_L.avi,55608,37.072,0.692,0.233,880.262,11.687,,AD,Attracted,
PINI03_1706,Dasyatidae,Dasyatis,brevicaudata,1,562.984,37035001,PINI03_1706_L.avi,62986,41.9907,4.322,2.563,2095.19,18.455,,AD,Attracted,
PINI03_1706,Monacanthidae,Thamnaconus,degeni,1,153.745,37465037,PINI03_1706_L.avi,77479,51.6527,1.447,1.13,1212.737,24.158,,AD,Attracted,
PINI03_1706,Monacanthidae,Thamnaconus,degeni,1,116.129,37465037,PINI03_1706_L.avi,77495,51.6633,1.065,0.315,1089.23,12.066,,AD,Attracted,
PINI03_1706,Monacanthidae,Thamnaconus,degeni,1,194.406,37465037,PINI03_1706_L.avi,77516,51.6773,1.85,0.453,1367.117,2.611,,F,Attracted,
PINI03_1706,Monacanthidae,Thamnaconus,degeni,1,177.346,37465037,PINI03_1706_L.avi,77575,51.7167,1.012,0.083,1338.731,1.621,,AD,Attracted,
PINI03_1706,Monacanthidae,Thamnaconus,degeni,1,194.912,37465037,PINI03_1706_L.avi,77717,51.8113,1.409,0.065,1486.46,7.307,,AD,Attracted,
PINI04_1706,Loliginidae,Sepioteuthis,australis,1,195.981,23617005,PINI04_1706_L.avi,9868,6.5787,1.376,1.475,1172.085,29.067,,AD,Attracted,
PINI04_1706,Gerreidae,Parequula,melbournensis,1,125.788,37349001,PINI04_1706_L.avi,11826,7.884,1.032,0.602,1075.788,17.847,,AD,Attracted,
PINI04_1706,Gerreidae,Parequula,melbournensis,1,137.969,37349001,PINI04_1706_L.avi,11826,7.884,1.264,2.947,1548.232,6.278,,AD,Attracted,
PINI04_1706,Gerreidae,Parequula,melbournensis,1,119.548,37349001,PINI04_1706_L.avi,11871,7.914,1.55,0.749,1607.526,12.793,,AD,Attracted,
PINI04_1706,Labridae,Notolabrus,parilus,1,326.035,37384022,PINI04_1706_L.avi,19967,13.3113,2.121,0.224,1596.772,20.942,,AD,Attracted,
PINI04_1706,Carangidae,Pseudocaranx,georgianus,1,286.879,37337062,PINI04_1706_L.avi,21193,14.1287,2.005,0.726,1405.367,20.486,,AD,Attracted,
PINI04_1706,Labridae,Eupetrichthys,angustipes,1,118.545,37384105,PINI04_1706_L.avi,41417,27.6113,1.124,0.279,1307.59,16.875,,AD,Passing,
PINI04_1706,Triakidae,Mustelus,antarcticus,1,1392.835,37017001,PINI04_1706_L.avi,52801,35.2007,2.567,2.442,1653.008,4.458,,AD,Attracted,
PINI04_1706,Labridae,Notolabrus,tetricus,1,245.331,37384003,PINI04_1706_L.avi,78208,52.1387,3.158,0.737,1424.331,17.713,,F,Attracted,
PINI04_1706,Monacanthidae,Acanthaluteres,vittiger,1,161.508,37465002,PINI04_1706_L.avi,91790,61.1933,2.429,0.222,1505.477,3.778,,F,Attracted,
PINO01_1706,Pinguipedidae,Parapercis,ramsayi,1,75.038,37390002,PINO01_1706_L.avi,6842,4.5613,0.734,1.328,1000.285,18.501,,AD,Passing,
PINO01_1706,Gerreidae,Parequula,melbournensis,1,96.418,37349001,PINO01_1706_L.avi,14854,9.9027,3.643,4.158,1809.435,21.391,,AD,Passing,
PINO01_1706,Gerreidae,Parequula,melbournensis,1,125.805,37349001,PINO01_1706_L.avi,14854,9.9027,2.115,1.429,1694.252,24.75,,AD,Passing,
PINO01_1706,Gerreidae,Parequula,melbournensis,1,109.834,37349001,PINO01_1706_L.avi,14854,9.9027,2.427,2.037,1555.972,28.586,,AD,Passing,
PINO01_1706,Callorhinchidae,Callorhinchus,milii,1,471.753,37043001,PINO01_1706_L.avi,39458,26.3053,10.644,4.13,2763.957,14.852,,AD,Passing,
PINO01_1706,Loliginidae,Sepioteuthis,australis,1,87.491,23617005,PINO01_1706_L.avi,43216,28.8107,2.171,1.845,1243.763,9.025,,AD,Passing,
PINO01_1706,Mullidae,Upeneichthys,vlamingii,1,69.734,37355029,PINO01_1706_L.avi,51007,34.0047,1.3,5.17,1167.719,29.509,,AD,Passing,
PINO01_1706,Monacanthidae,Thamnaconus,degeni,1,144.94,37465037,PINO01_1706_L.avi,57046,38.0307,0.666,6.556,597.959,10.126,,AD,Passing,
PINO01_1706,Monacanthidae,Thamnaconus,degeni,1,155.238,37465037,PINO01_1706_L.avi,57046,38.0307,1.233,1.048,1023.579,9.869,,AD,Passing,
PINO01_1706,Monacanthidae,Thamnaconus,degeni,1,100.515,37465037,PINO01_1706_L.avi,57046,38.0307,0.597,1.223,694.386,12.789,,AD,Passing,
PINO01_1706,Monacanthidae,Thamnaconus,degeni,1,72.224,37465037,PINO01_1706_L.avi,57046,38.0307,0.945,1.754,873.106,6.375,,AD,Passing,
PINO01_1706,Monacanthidae,Thamnaconus,degeni,1,176.632,37465037,PINO01_1706_L.avi,57046,38.0307,2.037,4.32,1356.31,23.393,,AD,Passing,
PINO01_1706,Monacanthidae,Thamnaconus,degeni,1,180.958,37465037,PINO01_1706_L.avi,57046,38.0307,0.824,2.714,953.779,14.67,,AD,Passing,
PINO01_1706,Monacanthidae,Thamnaconus,degeni,1,143.414,37465037,PINO01_1706_L.avi,57073,38.0487,0.937,3.637,878.974,25.464,,AD,Passing,
PINO01_1706,Dasyatidae,Dasyatis,brevicaudata,1,734.202,37035001,PINO01_1706_L.avi,71519,47.6793,2.097,6.172,1696.732,9.178,,AD,Passing,
PINO02_1706,Moridae,Pseudophycis,bachus,1,370.572,37224006,PINO02_1706_L.avi,25693,17.1287,1.131,1.202,1247.642,7.398,,AD,Feeding,
PINO02_1706,Serranidae,Caesioperca,rasor,1,233.996,37311003,PINO02_1706_L.avi,41210,27.4733,1.469,1.992,1114.616,24.041,,AD,Attracted,
PINO02_1706,Serranidae,Caesioperca,rasor,1,232.385,37311003,PINO02_1706_L.avi,41453,27.6353,1.751,2.349,1271.428,18.995,,AD,Attracted,
PINO02_1706,Serranidae,Caesioperca,rasor,1,200.45,37311003,PINO02_1706_L.avi,41558,27.7053,2.137,1.024,1526.197,21.419,,AD,Attracted,
PINO02_1706,Carangidae,Trachurus,novaezelandiae,1,363.11,37337003,PINO02_1706_L.avi,44304,29.536,3.967,1.698,2889.921,17.64,,AD,Passing,
PINO02_1706,Gempylidae,Thyrsites,atun,1,510.542,37439001,PINO02_1706_L.avi,55719,37.146,7.299,1.463,2807.54,21.602,,AD,Passing,
PINO02_1706,Monacanthidae,Thamnaconus,degeni,1,182.913,37465037,PINO02_1706_L.avi,57573,38.382,1.386,0.468,1008.012,9.214,,AD,Attracted,
PINO02_1706,Monacanthidae,Thamnaconus,degeni,1,145.368,37465037,PINO02_1706_L.avi,57599,38.3993,0.817,0.722,923.757,23.437,,AD,Attracted,
PINO02_1706,Monacanthidae,Thamnaconus,degeni,1,155.769,37465037,PINO02_1706_L.avi,57646,38.4307,1.219,1.012,1264.222,16.797,,AD,Attracted,
PINO02_1706,Dasyatidae,Dasyatis,brevicaudata,1,1223.412,37035001,PINO02_1706_L.avi,85847,57.2313,3.59,0.789,2704.413,5.393,,AD,Attracted,
PINO03_1706,Pinguipedidae,Parapercis,ramsayi,1,121.516,37390002,PINO03_1706_L.avi,15437,10.2913,1.455,0.292,1299.489,17.176,,AD,Passing,
PINO03_1706,Mullidae,Upeneichthys,vlamingii,1,150.321,37355029,PINO03_1706_L.avi,19640,13.0933,2.57,0.669,1243.757,30.962,,AD,Passing,
PINO03_1706,Gerreidae,Parequula,melbournensis,1,126.657,37349001,PINO03_1706_L.avi,24328,16.2187,0.921,0.643,991.745,11.21,,AD,Attracted,
PINO03_1706,Gerreidae,Parequula,melbournensis,1,116.236,37349001,PINO03_1706_L.avi,24328,16.2187,0.801,2.226,1021.423,15.178,,AD,Attracted,
PINO03_1706,Monacanthidae,Thamnaconus,degeni,1,188.624,37465037,PINO03_1706_L.avi,56286,37.524,0.774,1.092,1057.744,14.807,,AD,Attracted,
PINO03_1706,Monacanthidae,Thamnaconus,degeni,1,190.969,37465037,PINO03_1706_L.avi,56293,37.5287,0.795,0.42,827.458,15.548,,AD,Attracted,
PINO03_1706,Monacanthidae,Thamnaconus,degeni,1,146.81,37465037,PINO03_1706_L.avi,56293,37.5287,1.951,0.496,1239.03,11.213,,AD,Attracted,
PINO03_1706,Monacanthidae,Thamnaconus,degeni,1,159.383,37465037,PINO03_1706_L.avi,56293,37.5287,0.79,2.098,1011.175,8.902,,AD,Attracted,
PINO03_1706,Monacanthidae,Thamnaconus,degeni,1,127.867,37465037,PINO03_1706_L.avi,56293,37.5287,1.102,0.327,1023.784,20.163,,AD,Attracted,
PINO03_1706,Monacanthidae,Thamnaconus,degeni,1,102.268,37465037,PINO03_1706_L.avi,56293,37.5287,1.934,1.899,1368.381,15.07,,AD,Attracted,
PINO03_1706,Monacanthidae,Thamnaconus,degeni,1,142.648,37465037,PINO03_1706_L.avi,56326,37.5507,1.172,0.903,1402.45,10.429,,AD,Attracted,
PINO03_1706,Carangidae,Trachurus,novaezelandiae,1,208.804,37337003,PINO03_1706_L.avi,64620,43.08,1.63,1.443,1408.198,22.125,,AD,Attracted,
PINO03_1706,Carangidae,Trachurus,novaezelandiae,1,198.456,37337003,PINO03_1706_L.avi,64620,43.08,1.396,0.867,1308.718,20.299,,AD,Attracted,
PINO03_1706,Carangidae,Trachurus,novaezelandiae,1,208.766,37337003,PINO03_1706_L.avi,64620,43.08,2.092,2.594,1587.314,12.326,,AD,Attracted,
PINO03_1706,Carangidae,Trachurus,novaezelandiae,1,201.546,37337003,PINO03_1706_L.avi,64628,43.0853,2.125,1.679,1892.951,19.89,,AD,Attracted,
PINO03_1706,Carangidae,Trachurus,novaezelandiae,1,194.077,37337003,PINO03_1706_L.avi,64628,43.0853,1.698,0.644,1660.661,16.288,,AD,Attracted,
PINO03_1706,Carangidae,Trachurus,novaezelandiae,1,189.22,37337003,PINO03_1706_L.avi,64628,43.0853,2.906,1.721,2162.405,23.75,,AD,Attracted,
PINO03_1706,Callorhinchidae,Callorhinchus,milii,1,604.171,37043001,PINO03_1706_L.avi,87044,58.0293,3.538,1.124,1797.252,17.68,,AD,Passing,
PINO04_1706,Labridae,Austrolabrus,maculatus,1,67.642,37384025,PINO04_1706_L.avi,8969,5.9793,1.901,3.866,1361.81,32.938,,AD,Passing,
PINO04_1706,Platycephalidae,Platycephalus,bassensis,1,465.024,37296003,PINO04_1706_L.avi,9158,6.1053,1.835,0.689,1306.06,25.518,,AD,Passing,
PINO04_1706,Gerreidae,Parequula,melbournensis,1,93.576,37349001,PINO04_1706_L.avi,10231,6.8207,4.358,3.626,1554.699,26.836,,AD,Passing,
PINO04_1706,Gerreidae,Parequula,melbournensis,1,111.239,37349001,PINO04_1706_L.avi,10231,6.8207,2.155,0.993,1265.198,28.079,,AD,Passing,
PINO04_1706,Gerreidae,Parequula,melbournensis,1,134.412,37349001,PINO04_1706_L.avi,10231,6.8207,3.603,0.368,1767.199,28.087,,AD,Passing,
PINO04_1706,Pinguipedidae,Parapercis,ramsayi,1,105.068,37390002,PINO04_1706_L.avi,22488,14.992,4.221,0.972,1574.326,25.825,,AD,Passing,
PINO04_1706,Pinguipedidae,Parapercis,ramsayi,1,139.249,37390002,PINO04_1706_L.avi,22488,14.992,1.78,0.202,1324.592,23.853,,AD,Passing,
PINO04_1706,Mullidae,Upeneichthys,vlamingii,1,138.617,37355029,PINO04_1706_L.avi,24504,16.336,1.737,2.728,1357.691,29.499,,AD,Passing,
PINO04_1706,Pinguipedidae,Parapercis,haackei,1,95.682,37390004,PINO04_1706_L.avi,26338,17.5587,2.29,1.96,2248.178,10.438,,AD,Passing,
PINO04_1706,Monacanthidae,Unknown,sp,1,149.818,37465903,PINO04_1706_L.avi,28148,18.7653,0.951,2.038,1071.958,2.268,,AD,Passing,
PINO04_1706,Monacanthidae,Unknown,sp,1,144.346,37465903,PINO04_1706_L.avi,28148,18.7653,1.438,2.312,981.958,20.526,,AD,Passing,
PINO04_1706,Triakidae,Mustelus,antarcticus,1,1211.925,37017001,PINO04_1706_L.avi,28322,18.8813,1.692,0.552,1131.001,3.523,,AD,Feeding,
PINO04_1706,Monacanthidae,Unknown,sp,1,168.309,37465903,PINO04_1706_L.avi,40036,26.6907,1.315,4.587,1312.604,21.466,,AD,Passing,
PINO04_1706,Monacanthidae,Acanthaluteres,vittiger,1,169.831,37465002,PINO04_1706_L.avi,46717,31.1447,0.862,1.549,1166.152,1.365,,AD,Passing,
PINO04_1706,Dasyatidae,Dasyatis,brevicaudata,1,819.248,37035001,PINO04_1706_L.avi,52965,35.31,2.065,4.289,1538.897,18.825,,AD,Passing,
PINO04_1706,Monacanthidae,Thamnaconus,degeni,1,182.938,37465037,PINO04_1706_L.avi,66953,44.6353,1.359,1.336,1148.496,18.465,,AD,Passing,
PINO04_1706,Monacanthidae,Thamnaconus,degeni,1,158.835,37465037,PINO04_1706_L.avi,66953,44.6353,1.461,0.973,908.467,15.662,,AD,Passing,
PINO04_1706,Monacanthidae,Thamnaconus,degeni,1,178.859,37465037,PINO04_1706_L.avi,66953,44.6353,1.099,2.299,1093.297,11.615,,AD,Passing,
PINO04_1706,Monacanthidae,Thamnaconus,degeni,1,182.103,37465037,PINO04_1706_L.avi,66953,44.6353,1.03,2.228,1041.856,22.061,,AD,Passing,
PIWI01_1706,Labridae,Notolabrus,parilus,1,371.538,37384022,PIWI01_1706_L.avi,6855,4.57,3.408,8.219,2031.074,16.212,,AD,Passing,
PIWI01_1706,Labridae,Austrolabrus,maculatus,1,126.488,37384025,PIWI01_1706_L.avi,7171,4.7807,2.195,0.81,1133.527,28.952,,AD,Passing,
PIWI01_1706,Odacidae,Olisthops,cyanomelas,1,284.837,37385001,PIWI01_1706_L.avi,10221,6.814,1.852,3.876,2207.12,5.72,,AD,Passing,
PIWI01_1706,Monacanthidae,Meuschenia,galii,1,259.769,37465040,PIWI01_1706_L.avi,11455,7.6367,3.041,4.773,1305.437,27.225,,AD,Passing,
PIWI01_1706,Myliobatidae,Myliobatis,tenuicaudatus,1,1095.837,37039001,PIWI01_1706_L.avi,21673,14.4487,4.398,41.337,1325.975,15.786,,AD,Passing,
PIWI01_1706,Monacanthidae,Meuschenia,hippocrepis,1,342.765,37465004,PIWI01_1706_L.avi,35592,23.728,1.019,1.364,915.113,14.978,,AD,Feeding,
PIWI01_1706,Monacanthidae,Meuschenia,hippocrepis,1,337.803,37465004,PIWI01_1706_L.avi,35592,23.728,1.863,1.616,2011.815,13.896,,AD,Feeding,
PIWI01_1706,Monacanthidae,Meuschenia,hippocrepis,1,365.129,37465004,PIWI01_1706_L.avi,35592,23.728,2.353,2.45,1187.311,7.903,,AD,Feeding,
PIWI01_1706,Monacanthidae,Meuschenia,hippocrepis,1,321.975,37465004,PIWI01_1706_L.avi,35592,23.728,2.013,3.727,1239.325,7.54,,AD,Feeding,
PIWI01_1706,Monacanthidae,Meuschenia,hippocrepis,1,361.841,37465004,PIWI01_1706_L.avi,35592,23.728,1.156,1.421,1480.29,4.495,,AD,Feeding,
PIWI01_1706,Monacanthidae,Meuschenia,hippocrepis,1,331.994,37465004,PIWI01_1706_L.avi,35592,23.728,7.56,3.792,2168.195,15.936,,AD,Feeding,
PIWI01_1706,Myliobatidae,Myliobatis,tenuicaudatus,1,848.453,37039001,PIWI01_1706_L.avi,43247,28.8313,14.8,6.368,4118.022,5.855,,AD,Attracted,
PIWI01_1706,Myliobatidae,Myliobatis,tenuicaudatus,1,637.644,37039001,PIWI01_1706_L.avi,43247,28.8313,3.621,4.077,2203.24,12.307,,AD,Attracted,
PIWI01_1706,Labridae,Notolabrus,tetricus,1,248.806,37384003,PIWI01_1706_L.avi,44679,29.786,0.609,0.736,560.518,3.219,,AD,Passing,
PIWI01_1706,Labridae,Notolabrus,tetricus,1,254.856,37384003,PIWI01_1706_L.avi,44679,29.786,1.782,4.66,1416.078,18.967,,AD,Passing,
PIWI01_1706,Labridae,Notolabrus,tetricus,1,258.443,37384003,PIWI01_1706_L.avi,44714,29.8093,1.874,2.036,1942.288,4.142,,AD,Passing,
PIWI01_1706,Dasyatidae,Dasyatis,brevicaudata,1,1358.817,37035001,PIWI01_1706_L.avi,50826,33.884,1.983,11.379,1394.989,5.819,,AD,Passing,
PIWI01_1706,Carangidae,Pseudocaranx,sp,1,152.431,37337924,PIWI01_1706_L.avi,50903,33.9353,3.628,0.973,1839.504,29.683,,AD,Passing,
PIWI01_1706,Carangidae,Pseudocaranx,sp,1,154.472,37337924,PIWI01_1706_L.avi,50905,33.9367,2.807,1.765,1855.524,24.493,,AD,Passing,
PIWI01_1706,Carangidae,Pseudocaranx,sp,1,214.206,37337924,PIWI01_1706_L.avi,50905,33.9367,5.223,1.557,1723.671,20.635,,AD,Passing,
PIWI01_1706,Carangidae,Pseudocaranx,sp,1,200.379,37337924,PIWI01_1706_L.avi,50905,33.9367,4.264,9.467,1602.693,18.762,,AD,Passing,
PIWI01_1706,Carangidae,Pseudocaranx,sp,1,195.808,37337924,PIWI01_1706_L.avi,50905,33.9367,4.283,4.58,1531.479,14.826,,AD,Passing,
PIWI01_1706,Chaetodontidae,Chelmonops,curiosus,1,186.638,37365066,PIWI01_1706_L.avi,64919,43.2793,5.395,1.4,1945.688,15.864,,AD,Passing,
PIWI01_1706,Serranidae,Othos,dentex,1,401.6,37311005,PIWI01_1706_L.avi,70821,47.214,0.803,2.138,837.142,19.26,,AD,Passing,
PIWI01_1706,Odacidae,Heteroscarus,acroptilus,1,181.495,37385010,PIWI01_1706_L.avi,72071,48.0473,0.681,3.158,648.516,20.77,,AD,Passing,
PIWI01_1706,Scorpididae,Scorpis,aequipinnis,1,317.577,37361004,PIWI01_1706_L.avi,81351,54.234,8.523,5.966,2681.114,24.364,,AD,Passing,
PIWI01_1706,Cheilodactylidae,Cheilodactylus,nigripes,1,330.932,37377001,PIWI01_1706_L.avi,88118,58.7453,2.601,1.599,1652.909,27.167,,AD,Attracted,
PIWI01_1706,Cheilodactylidae,Cheilodactylus,nigripes,1,311.088,37377001,PIWI01_1706_L.avi,88118,58.7453,10.166,4.426,2809.409,21.26,,AD,Attracted,
PIWI01_1706,Kyphosidae,Girella,zebra,1,265.027,37361008,PIWI01_1706_L.avi,99222,66.148,12.148,2.731,3241.586,20.354,,AD,Passing,
PIWI02_1706,Monacanthidae,Meuschenia,flavolineata,1,193.14,37465035,PIWI02_1706_L.avi,3534,2.356,1.88,1.406,1749.474,13.864,,AD,Passing,
PIWI02_1706,Monacanthidae,Meuschenia,flavolineata,1,187.37,37465035,PIWI02_1706_L.avi,3534,2.356,4.103,2.886,1763.277,13.265,,AD,Passing,
PIWI02_1706,Monacanthidae,Meuschenia,galii,1,245.534,37465040,PIWI02_1706_L.avi,5982,3.988,2.52,0.331,1844.296,12.979,,AD,Passing,
PIWI02_1706,Kyphosidae,Girella,zebra,1,249.973,37361008,PIWI02_1706_L.avi,10785,7.19,1.942,3.671,1563.103,25.968,,AD,Passing,
PIWI02_1706,Serranidae,Hypoplectrodes,nigroruber,1,182.48,37311037,PIWI02_1706_L.avi,22197,14.798,1.159,1.524,1200.354,20.639,,AD,Passing,
PIWI02_1706,Labridae,Notolabrus,parilus,1,143.682,37384022,PIWI02_1706_L.avi,23031,15.354,1.167,1.493,1185.778,22.233,,AD,Passing,
PIWI02_1706,Myliobatidae,Myliobatis,tenuicaudatus,1,844.425,37039001,PIWI02_1706_L.avi,23134,15.4227,3.473,1.613,2951.227,9.912,,AD,Passing,
PIWI02_1706,Labridae,Pictilabrus,laticlavius,1,188.28,37384020,PIWI02_1706_L.avi,26387,17.5913,2.057,3.185,1595.31,19.82,,AD,Passing,
PIWI02_1706,Chironemidae,Chironemus,maculosus,1,203.553,37375002,PIWI02_1706_L.avi,29324,19.5493,1.115,1.76,1324.801,15.75,,AD,Attracted,
PIWI02_1706,Labridae,Notolabrus,tetricus,1,220.712,37384003,PIWI02_1706_L.avi,31640,21.0933,0.891,2.612,1128.821,11.054,,AD,Passing,
PIWI02_1706,Labridae,Notolabrus,tetricus,1,299.492,37384003,PIWI02_1706_L.avi,31640,21.0933,5.177,3.872,1868.26,17.274,,AD,Passing,
PIWI02_1706,Labridae,Notolabrus,tetricus,1,355.664,37384003,PIWI02_1706_L.avi,31640,21.0933,5.053,12.662,1918.416,12.495,,AD,Passing,
PIWI02_1706,Labridae,Notolabrus,tetricus,1,247.145,37384003,PIWI02_1706_L.avi,31640,21.0933,3.446,7.668,1379.638,13.72,,AD,Passing,
PIWI02_1706,Carangidae,Pseudocaranx,sp,1,188.808,37337924,PIWI02_1706_L.avi,35489,23.6593,2.043,1.856,1125.474,14.558,,AD,Attracted,
PIWI02_1706,Carangidae,Pseudocaranx,sp,1,201.707,37337924,PIWI02_1706_L.avi,35489,23.6593,0.772,2.622,1022.89,7.742,,AD,Attracted,
PIWI02_1706,Carangidae,Pseudocaranx,sp,1,176.225,37337924,PIWI02_1706_L.avi,35489,23.6593,1.618,5.921,1025.448,28.839,,AD,Attracted,
PIWI02_1706,Carangidae,Pseudocaranx,sp,1,119.203,37337924,PIWI02_1706_L.avi,35489,23.6593,1.335,1.485,1129.79,20.419,,AD,Attracted,
PIWI02_1706,Cheilodactylidae,Nemadactylus,valenciennesi,1,480.113,37377004,PIWI02_1706_L.avi,51243,34.162,5.131,4.492,1748.886,18.57,,AD,Passing,
PIWI02_1706,Monacanthidae,Meuschenia,hippocrepis,1,514.038,37465004,PIWI02_1706_L.avi,51368,34.2453,2.168,0.348,1520.915,14.831,,AD,Passing,
PIWI02_1706,Odacidae,Heteroscarus,acroptilus,1,130.905,37385010,PIWI02_1706_L.avi,52122,34.748,1.332,0.988,985.381,27.617,,AD,Passing,
PIWI02_1706,Monacanthidae,Unknown,sp,1,221.264,37465903,PIWI02_1706_L.avi,60153,40.102,1.216,3.757,845.824,24.217,,AD,Passing,
PIWI02_1706,Enoplosidae,Enoplosus,armatus,1,183.506,37366001,PIWI02_1706_L.avi,85901,57.2673,4.77,6.404,2048.831,17.542,,AD,Passing,
PIWI02_1706,Enoplosidae,Enoplosus,armatus,1,235.198,37366001,PIWI02_1706_L.avi,85901,57.2673,6.618,6.686,2069.409,17.278,,AD,Passing,
PIWI02_1706,Pomacentridae,Parma,victoriae,1,146.238,37372006,PIWI02_1706_L.avi,87587,58.3913,3.567,4.207,1793.707,27.532,,AD,Passing,
PIWI03_1706,Odacidae,Heteroscarus,acroptilus,1,233.134,37385010,PIWI03_1706_L.avi,18045,12.03,1.153,3.12,1208.834,16.02,very surgy,M,Attracted,
PIWI03_1706,Labridae,Pictilabrus,laticlavius,1,229.549,37384020,PIWI03_1706_L.avi,19895,13.2633,1.124,2.962,1138.352,10.473,very surgy,M,Attracted,
PIWI03_1706,Labridae,Pictilabrus,laticlavius,1,221.728,37384020,PIWI03_1706_L.avi,19914,13.276,1.127,3.411,971.761,14.246,very surgy,M,Attracted,
PIWI03_1706,Labridae,Notolabrus,tetricus,1,422.677,37384003,PIWI03_1706_L.avi,24104,16.0693,0.975,0.788,1116.785,12.592,very surgy,M,Attracted,
PIWI03_1706,Labridae,Notolabrus,tetricus,1,356.274,37384003,PIWI03_1706_L.avi,24670,16.4467,3.348,3.261,1420.929,27.295,very surgy,F,Attracted,
PIWI03_1706,Labridae,Notolabrus,tetricus,1,278.292,37384003,PIWI03_1706_L.avi,24684,16.456,1.025,1.091,978.46,17.076,very surgy,F,Attracted,
PIWI03_1706,Labridae,Notolabrus,tetricus,1,220.274,37384003,PIWI03_1706_L.avi,24834,16.556,0.968,1.074,1201.899,18.207,very surgy,F,Attracted,
PIWI03_1706,Monacanthidae,Meuschenia,galii,1,280.93,37465040,PIWI03_1706_L.avi,26992,17.9947,0.814,3.622,881.635,10.484,very surgy,AD,Attracted,
PIWI03_1706,Monacanthidae,Meuschenia,hippocrepis,1,371.998,37465004,PIWI03_1706_L.avi,30787,20.5247,0.864,0.752,1071.541,9.008,very surgy,AD,Attracted,
PIWI03_1706,Monacanthidae,Meuschenia,hippocrepis,1,408.971,37465004,PIWI03_1706_L.avi,30787,20.5247,1.576,1.525,1220.799,18.706,very surgy,AD,Attracted,
PIWI03_1706,Monacanthidae,Meuschenia,hippocrepis,1,418.231,37465004,PIWI03_1706_L.avi,30787,20.5247,0.843,1.149,948.039,16.572,very surgy,AD,Attracted,
PIWI03_1706,Monacanthidae,Acanthaluteres,vittiger,1,220.452,37465002,PIWI03_1706_L.avi,42572,28.3813,2.217,2.583,1359.336,14.58,very surgy,M,Attracted,
PIWI03_1706,Moridae,Pseudophycis,barbata,1,464.449,37224003,PIWI03_1706_L.avi,44231,29.4873,2.604,7.907,1670.984,10.887,very surgy,AD,Passing,
PIWI03_1706,Carangidae,Pseudocaranx,sp,1,234.324,37337924,PIWI03_1706_L.avi,79215,52.81,1.714,2.084,1532.903,21.123,very surgy,,Passing,
PIWO01_1706,Cheilodactylidae,Dactylophora,nigricans,1,561.102,37377005,PIWO01_1706_L.avi,5381,3.5873,5.691,1.768,2276.979,11.245,,AD,Passing,
PIWO01_1706,Labridae,Pictilabrus,laticlavius,1,125.378,37384020,PIWO01_1706_L.avi,5613,3.742,1.459,1.684,1331.566,4.357,,AD,Feeding,
PIWO01_1706,Odacidae,Heteroscarus,acroptilus,1,177.649,37385010,PIWO01_1706_L.avi,6150,4.1,4.148,0.835,1552.799,4.92,,AD,Passing,
PIWO01_1706,Monacanthidae,Meuschenia,freycineti,1,228.818,37465036,PIWO01_1706_L.avi,8230,5.4867,0.703,2.131,825.617,14.752,,AD,Passing,
PIWO01_1706,Chironemidae,Chironemus,maculosus,1,283.653,37375002,PIWO01_1706_L.avi,14050,9.3667,1.513,10.271,899.039,19.788,,AD,Passing,
PIWO01_1706,Monacanthidae,Meuschenia,galii,1,256.643,37465040,PIWO01_1706_L.avi,17814,11.876,2.564,0.879,1769.876,26.633,,AD,Passing,
PIWO01_1706,Labridae,Notolabrus,tetricus,1,400.443,37384003,PIWO01_1706_L.avi,29721,19.814,3.571,0.69,2112.859,2.171,,AD,Passing,
PIWO01_1706,Labridae,Notolabrus,tetricus,1,241.619,37384003,PIWO01_1706_L.avi,29721,19.814,1.12,5.639,1023.31,18.611,,M,Feeding,
PIWO01_1706,Labridae,Notolabrus,tetricus,1,267.783,37384003,PIWO01_1706_L.avi,29721,19.814,2.997,2.848,1687.255,16.153,,M,Feeding,
PIWO01_1706,Labridae,Notolabrus,tetricus,1,295.342,37384003,PIWO01_1706_L.avi,29721,19.814,1.792,0.925,1279.23,28.073,,M,Feeding,
PIWO01_1706,Labridae,Notolabrus,tetricus,1,200.242,37384003,PIWO01_1706_L.avi,29721,19.814,1.706,2.406,1501.695,19.437,,M,Feeding,
PIWO01_1706,Chaetodontidae,Chelmonops,curiosus,1,163.339,37365066,PIWO01_1706_L.avi,29781,19.854,1.709,5.286,1719.136,8.681,,AD,Passing,
PIWO01_1706,Monacanthidae,Acanthaluteres,vittiger,1,193.882,37465002,PIWO01_1706_L.avi,36054,24.036,2.066,1.318,1204.653,18.435,,AD,Passing,
PIWO01_1706,Monacanthidae,Acanthaluteres,vittiger,1,174.775,37465002,PIWO01_1706_L.avi,36054,24.036,0.669,4.22,621.599,20.53,,AD,Passing,
PIWO01_1706,Carangidae,Pseudocaranx,sp,1,235.334,37337924,PIWO01_1706_L.avi,45957,30.638,4.367,9.538,1901.397,21.424,,AD,Passing,
PIWO01_1706,Cheilodactylidae,Cheilodactylus,nigripes,1,311.103,37377001,PIWO01_1706_L.avi,49806,33.204,7.114,2.17,2076.288,22.982,,AD,Passing,
PIWO01_1706,Myliobatidae,Myliobatis,tenuicaudatus,1,309.686,37039001,PIWO01_1706_L.avi,49878,33.252,3.825,2.737,2281.899,12.551,,AD,Passing,
PIWO01_1706,Monacanthidae,Meuschenia,hippocrepis,1,171.596,37465004,PIWO01_1706_L.avi,53013,35.342,2.185,6.315,1390.968,6.159,,AD,Passing,
PIWO01_1706,Monacanthidae,Meuschenia,hippocrepis,1,206.462,37465004,PIWO01_1706_L.avi,53013,35.342,0.841,3.428,707.926,15.128,,AD,Passing,
PIWO01_1706,Monacanthidae,Meuschenia,hippocrepis,1,301.461,37465004,PIWO01_1706_L.avi,53013,35.342,1.37,3.051,1869.004,17.994,,AD,Passing,
PIWO01_1706,Monacanthidae,Meuschenia,hippocrepis,1,287.101,37465004,PIWO01_1706_L.avi,53013,35.342,1.49,6.132,1379.163,30.387,,AD,Passing,
PIWO01_1706,Odacidae,Olisthops,cyanomelas,1,265.998,37385001,PIWO01_1706_L.avi,57363,38.242,3.536,13.454,2611.761,14.149,,AD,Passing,
PIWO01_1706,Kyphosidae,Girella,zebra,1,338.015,37361008,PIWO01_1706_L.avi,73853,49.2353,5.725,1.065,2359.445,5.504,,AD,Passing,
PIWO01_1706,Pomacentridae,Parma,victoriae,1,182.938,37372006,PIWO01_1706_L.avi,85887,57.258,2.388,2.234,1568.694,19.489,,AD,Passing,
PIWO01_1706,Enoplosidae,Enoplosus,armatus,1,136.857,37366001,PIWO01_1706_L.avi,88971,59.314,2.421,2.909,1409.315,23.799,,AD,Passing,
PIWO01_1706,Lamnidae,Carcharodon,carcharias,1,3390.126,37010003,PIWO01_1706_L.avi,96974,64.6493,71.89,3.976,5806.424,15.755,,AD,Passing,
PIWO03_1706,Labridae,Austrolabrus,maculatus,1,161.251,37384025,PIWO03_1706_L.avi,11742,7.828,0.919,0.303,1121.628,20.589,,M,Attracted,
PIWO03_1706,Carangidae,Pseudocaranx,sp,1,198.299,37337924,PIWO03_1706_L.avi,25004,16.6693,0.917,0.771,984.345,16.3,,AD,Attracted,
PIWO03_1706,Carangidae,Pseudocaranx,sp,1,206.714,37337924,PIWO03_1706_L.avi,25004,16.6693,0.839,0.289,1012.658,20.343,,AD,Attracted,
PIWO03_1706,Carangidae,Pseudocaranx,sp,1,127.904,37337924,PIWO03_1706_L.avi,25004,16.6693,2.932,1.375,1569.526,19.396,,AD,Attracted,
PIWO03_1706,Carangidae,Pseudocaranx,sp,1,209.049,37337924,PIWO03_1706_L.avi,25032,16.688,1.499,0.091,954.535,15.534,,AD,Attracted,
PIWO03_1706,Carangidae,Pseudocaranx,sp,1,182.415,37337924,PIWO03_1706_L.avi,25032,16.688,1.006,0.995,930.386,24.922,,AD,Attracted,
PIWO03_1706,Labridae,Pictilabrus,laticlavius,1,196.757,37384020,PIWO03_1706_L.avi,67582,45.0547,1.025,1.09,960.502,23.025,,M,Attracted,
PIWO03_1706,Labridae,Pictilabrus,laticlavius,1,202.285,37384020,PIWO03_1706_L.avi,67594,45.0627,0.638,0.359,657.941,8.849,,M,Attracted,
PIWO03_1706,Monacanthidae,Meuschenia,hippocrepis,1,285.882,37465004,PIWO03_1706_L.avi,68717,45.8113,2.12,0.614,1542.742,16.749,,AD,Attracted,
PIWO03_1706,Monacanthidae,Meuschenia,hippocrepis,1,335.857,37465004,PIWO03_1706_L.avi,68722,45.8147,1.315,2.681,1221.055,27.78,,AD,Attracted,
PIWO03_1706,Monacanthidae,Meuschenia,hippocrepis,1,224.629,37465004,PIWO03_1706_L.avi,68725,45.8167,2.054,1.087,1330.131,23.335,,AD,Attracted,
PIWO03_1706,Monacanthidae,Meuschenia,hippocrepis,1,254.208,37465004,PIWO03_1706_L.avi,68730,45.82,0.669,0.163,829.333,11.924,,AD,Attracted,
PIWO03_1706,Labridae,Notolabrus,parilus,1,329.284,37384022,PIWO03_1706_L.avi,73772,49.1813,0.833,0.267,1056.245,7.254,,M,Attracted,
PIWO03_1706,Labridae,Notolabrus,tetricus,1,346.043,37384003,PIWO03_1706_L.avi,83705,55.8033,1.807,0.312,1325.44,24.45,,M,Attracted,
PIWO03_1706,Labridae,Notolabrus,tetricus,1,270.003,37384003,PIWO03_1706_L.avi,83713,55.8087,4.793,0.244,2310.734,26.479,,F,Attracted,
PIWO03_1706,Labridae,Notolabrus,tetricus,1,219.418,37384003,PIWO03_1706_L.avi,83713,55.8087,5.561,0.237,1860.583,30.039,,F,Attracted,
PIWO03_1706,Labridae,Notolabrus,tetricus,1,222.225,37384003,PIWO03_1706_L.avi,83824,55.8827,1.605,2.195,1422.409,20.546,,F,Attracted,
PIWO03_1706,Odacidae,Olisthops,cyanomelas,1,364.34,37385001,PIWO03_1706_L.avi,85180,56.7867,8.884,0.403,3316.925,23.623,,M,Passing,
PIWO04_1706,Cheilodactylidae,Dactylophora,nigricans,1,473.409,37377005,PIWO04_1706_L.avi,5322,3.548,12.413,1.146,2718.752,20.247,,AD,Passing,
PIWO04_1706,Monacanthidae,Meuschenia,galii,1,207.957,37465040,PIWO04_1706_L.avi,6074,4.0493,1.575,0.482,1610.495,23.963,,AD,Passing,
PIWO04_1706,Cheilodactylidae,Cheilodactylus,nigripes,1,337.004,37377001,PIWO04_1706_L.avi,7269,4.846,4.036,1.108,3535.526,7.736,,AD,Passing,
PIWO04_1706,Kyphosidae,Girella,zebra,1,266.356,37361008,PIWO04_1706_L.avi,7419,4.946,4.652,0.68,2639.661,7.617,,AD,Passing,
PIWO04_1706,Monacanthidae,Meuschenia,flavolineata,1,247.492,37465035,PIWO04_1706_L.avi,8178,5.452,1.252,1.44,1366.834,24.128,,AD,Attracted,
PIWO04_1706,Monacanthidae,Meuschenia,flavolineata,1,170.798,37465035,PIWO04_1706_L.avi,8202,5.468,1.623,0.755,1670.181,12.793,,AD,Passing,
PIWO04_1706,Labridae,Ophthalmolepis,lineolatus,1,199.008,37384040,PIWO04_1706_L.avi,15893,10.5953,2.506,0.406,1479.6,25.486,,AD,Attracted,
PIWO04_1706,Labridae,Notolabrus,tetricus,1,230.527,37384003,PIWO04_1706_L.avi,22611,15.074,1.698,0.354,1354.512,28.044,,F,Attracted,
PIWO04_1706,Labridae,Notolabrus,tetricus,1,262.746,37384003,PIWO04_1706_L.avi,22641,15.094,6.592,0.629,2841.102,24.07,,F,Attracted,
PIWO04_1706,Labridae,Notolabrus,tetricus,1,276.276,37384003,PIWO04_1706_L.avi,22660,15.1067,3.558,0.813,1712.469,27.862,,F,Attracted,
PIWO04_1706,Labridae,Pictilabrus,laticlavius,1,211.002,37384020,PIWO04_1706_L.avi,22736,15.1573,6.632,1.991,2289.193,25.401,,AD,Passing,
PIWO04_1706,Labridae,Pictilabrus,laticlavius,1,188.993,37384020,PIWO04_1706_L.avi,22748,15.1653,7.233,0.69,2172.735,28.963,,AD,Passing,
PIWO04_1706,Dasyatidae,Dasyatis,brevicaudata,1,1011.618,37035001,PIWO04_1706_L.avi,26761,17.8407,3.313,2.716,2261.168,13.058,,AD,Passing,
PIWO04_1706,Labridae,Notolabrus,tetricus,1,346.356,37384003,PIWO04_1706_L.avi,29344,19.5627,3.787,0.756,1787.969,25.878,,M,Attracted,
PIWO04_1706,Carangidae,Pseudocaranx,sp,1,223.515,37337924,PIWO04_1706_L.avi,33428,22.2853,4.355,0.727,2386.086,28.177,,AD,Passing,
PIWO04_1706,Carangidae,Pseudocaranx,sp,1,205.61,37337924,PIWO04_1706_L.avi,33428,22.2853,5.358,1.39,2648.545,20.46,,AD,Passing,
PIWO04_1706,Carangidae,Pseudocaranx,sp,1,217.658,37337924,PIWO04_1706_L.avi,33428,22.2853,3.932,0.947,2434.558,15.823,,AD,Passing,
PIWO04_1706,Carangidae,Pseudocaranx,sp,1,228.564,37337924,PIWO04_1706_L.avi,33428,22.2853,2.862,2.701,2122.653,10.378,,AD,Passing,
PIWO04_1706,Carangidae,Pseudocaranx,sp,1,212.949,37337924,PIWO04_1706_L.avi,33428,22.2853,3.097,0.657,2031.568,19.787,,AD,Passing,
PIWO04_1706,Carangidae,Pseudocaranx,sp,1,195.952,37337924,PIWO04_1706_L.avi,33474,22.316,4.895,0.754,2527.323,24.058,,AD,Passing,
PIWO04_1706,Lamnidae,Carcharodon,carcharias,1,2571.269,37010003,PIWO04_1706_L.avi,36418,24.2787,38.489,4.265,4374.577,15.636,,AD,Passing,
PIWO04_1706,Monacanthidae,Meuschenia,hippocrepis,1,306.071,37465004,PIWO04_1706_L.avi,68435,45.6233,1.002,0.523,1275.978,6.345,,AD,Feeding,
PIWO04_1706,Monacanthidae,Meuschenia,hippocrepis,1,338.253,37465004,PIWO04_1706_L.avi,68455,45.6367,3.265,0.274,1863.258,28.953,,AD,Attracted,
PIWO04_1706,Monacanthidae,Meuschenia,hippocrepis,1,244.649,37465004,PIWO04_1706_L.avi,68455,45.6367,1.109,1.481,1299.765,10.32,,AD,Attracted,
PIWO04_1706,Monacanthidae,Meuschenia,hippocrepis,1,375.199,37465004,PIWO04_1706_L.avi,68471,45.6473,3.701,2.586,1697.46,3.795,,AD,Feeding,
PIWO04_1706,Monacanthidae,Meuschenia,hippocrepis,1,351.723,37465004,PIWO04_1706_L.avi,68514,45.676,1.835,1.043,1414.744,28.058,,AD,Attracted,
PIWO04_1706,Monacanthidae,Meuschenia,hippocrepis,1,291.022,37465004,PIWO04_1706_L.avi,68792,45.8613,0.675,0.316,766.117,14.711,,AD,Feeding,
PIWO04_1706,Monacanthidae,Meuschenia,hippocrepis,1,330.171,37465004,PIWO04_1706_L.avi,68821,45.8807,2.414,1.499,1143.435,19.263,,AD,Attracted,
PIWO04_1706,Enoplosidae,Enoplosus,armatus,1,235.701,37366001,PIWO04_1706_L.avi,79892,53.2613,2.825,1.141,1301.995,27.194,,AD,Passing,
OANO03_1611,Monacanthidae,Thamnaconus,degeni,1,162.531,37465037,OANO03_1612_L.avi,125867,41.9557,0.861,10.699,936.154,24.336,Very bad vis,AD,Passing,
OANO03_1611,Monacanthidae,Thamnaconus,degeni,1,128.652,37465037,OANO03_1612_L.avi,125867,41.9557,1.28,3.64,921.088,23.572,Very bad vis,AD,Passing,
OANO03_1611,Monacanthidae,Thamnaconus,degeni,1,119.584,37465037,OANO03_1612_L.avi,125867,41.9557,0.752,0.404,592.238,20.388,Very bad vis,AD,Passing,
OANO03_1611,Monacanthidae,Thamnaconus,degeni,1,125.751,37465037,OANO03_1612_L.avi,125867,41.9557,0.381,0.605,448.661,16.323,Very bad vis,AD,Passing,
OANO03_1611,Monacanthidae,Thamnaconus,degeni,1,102.834,37465037,OANO03_1612_L.avi,125867,41.9557,0.758,10.629,890.533,17.073,Very bad vis,AD,Passing,
OASI01_1611,Carangidae,Pseudocaranx,sp,1,249.442,37337924,OASI01_1611_L.avi,26211,8.737,2.895,1.378,1398.177,21.675,Poor vis,AD,Attracted,
OASI01_1611,Cheilodactylidae,Dactylophora,nigricans,1,584.703,37377005,OASI01_1611_L.avi,191166,63.722,5.575,6.421,1808.463,26.847,Poor vis,AD,Passing,
OASI01_1611,Platycephalidae,Platycephalus,speculator,1,526.146,37296037,OASI01_1611_L.avi,55992,18.664,1.514,1.245,1354.709,15.871,Poor vis,AD,Attracted,
OASI01_1611,Platycephalidae,Platycephalus,speculator,1,252.378,37296037,OASI01_1611_L.avi,61647,20.549,1.217,0.237,1086.272,18.571,Poor vis,AD,Attracted,
OASI01_1611,Sparidae,Pagrus,auratus,1,742.996,37353001,OASI01_1611_L.avi,26211,8.737,1.147,1.874,1177.164,15.057,Poor vis,AD,Feeding,
OASI01_1611,Sparidae,Pagrus,auratus,1,774.094,37353001,OASI01_1611_L.avi,35571,11.857,3.97,1.527,2293.709,14.868,Poor vis,AD,Passing,
OASI01_1611,Sparidae,Pagrus,auratus,1,278.879,37353001,OASI01_1611_L.avi,76155,25.385,0.843,0.917,1095.505,4.678,Poor vis,J,Attracted,
OASI01_1611,Sparidae,Pagrus,auratus,1,292.061,37353001,OASI01_1611_L.avi,76155,25.385,2.044,0.61,1336.099,26.33,Poor vis,J,Passing,
OASI01_1611,Sparidae,Pagrus,auratus,1,245.458,37353001,OASI01_1611_L.avi,76155,25.385,0.961,0.902,1262.462,6.701,Poor vis,J,Feeding,
OASI01_1611,Sparidae,Pagrus,auratus,1,283.501,37353001,OASI01_1611_L.avi,76155,25.385,2.272,0.657,1327.114,10.486,Poor vis,J,Feeding,
OASI03_1611,Carangidae,Pseudocaranx,sp,1,132.426,37337924,OASI03_1611_L.avi,106289,35.4297,2.342,2.918,1116.337,24.207,Poor vis,AD,Passing,
OASI03_1611,Carangidae,Pseudocaranx,sp,1,152.806,37337924,OASI03_1611_L.avi,106289,35.4297,2.126,9.332,1436.287,32.096,Poor vis,AD,Passing,
OASI03_1611,Monacanthidae,Thamnaconus,degeni,1,157.809,37465037,OASI03_1611_L.avi,70123,23.3743,2.061,0.086,1149.381,3.022,Poor vis,AD,Attracted,
OASI03_1611,Monacanthidae,Thamnaconus,degeni,1,91.384,37465037,OASI03_1611_L.avi,70123,23.3743,0.934,1.668,856.327,17.268,Poor vis,AD,Attracted,
OASI03_1611,Monacanthidae,Thamnaconus,degeni,1,107.135,37465037,OASI03_1611_L.avi,70123,23.3743,0.834,1,1021.954,21.357,Poor vis,AD,Attracted,
OASI03_1611,Monacanthidae,Thamnaconus,degeni,1,119.552,37465037,OASI03_1611_L.avi,70123,23.3743,2.069,9.596,1006.593,15.178,Poor vis,AD,Attracted,
OASI03_1611,Monacanthidae,Thamnaconus,degeni,1,111.571,37465037,OASI03_1611_L.avi,70123,23.3743,2.962,4.731,1403.434,6.5,Poor vis,AD,Attracted,
OASI03_1611,Pinguipedidae,Parapercis,haackei,1,43.105,37390004,OASI03_1611_L.avi,26047,8.6823,0.934,7.677,780.423,21.257,Poor vis,AD,Passing,
OASI04_1611,Carangidae,Trachurus,novaezelandiae,1,136.765,37337003,OASI04_1611_L.avi,86416,28.8053,1.717,1.281,986.751,17.796,Poor vis,AD,Passing,
OASI04_1611,Carangidae,Trachurus,novaezelandiae,1,144.841,37337003,OASI04_1611_L.avi,86416,28.8053,1.063,2.07,1030.338,26.15,Poor vis,AD,Passing,
OASI04_1611,Diodontidae,Unknown,sp,1,205.583,37469000,OASI04_1611_L.avi,62328,20.776,1.137,3.305,1505.594,5.154,Poor vis,AD,Passing,
OASI04_1611,Heterodontidae,Heterodontus,portusjacksoni,1,478.607,37007001,OASI04_1611_L.avi,81509,27.1697,1.018,0.354,1220.621,13.53,Poor vis,AD,Passing,
OASI04_1611,Heterodontidae,Heterodontus,portusjacksoni,1,314.419,37007001,OASI04_1611_L.avi,82213,27.4043,1.344,2.878,1214.24,13.487,Poor vis,AD,Passing,
OASI04_1611,Monacanthidae,Thamnaconus,degeni,1,103.453,37465037,OASI04_1611_L.avi,64389,21.463,1.95,0.249,1082.552,22.98,Poor vis,AD,Feeding,
OASI04_1611,Monacanthidae,Thamnaconus,degeni,1,138.041,37465037,OASI04_1611_L.avi,64389,21.463,1.049,6.019,1198.925,17.911,Poor vis,AD,Feeding,
OASI04_1611,Monacanthidae,Thamnaconus,degeni,1,104.836,37465037,OASI04_1611_L.avi,64389,21.463,1.772,2.116,1251.921,17.063,Poor vis,AD,Passing,
OASI04_1611,Monacanthidae,Thamnaconus,degeni,1,133.512,37465037,OASI04_1611_L.avi,64389,21.463,3.37,0.906,1472.624,2.44,Poor vis,AD,Passing,
OASI04_1611,Monacanthidae,Thamnaconus,degeni,1,109.786,37465037,OASI04_1611_L.avi,64389,21.463,0.944,0.341,1278.176,7.223,Poor vis,AD,Passing,
OASI04_1611,Monacanthidae,Thamnaconus,degeni,1,115.83,37465037,OASI04_1611_L.avi,64389,21.463,1.79,8.162,1425.148,3.991,Poor vis,AD,Attracted,
OASI04_1611,Monacanthidae,Thamnaconus,degeni,1,113.529,37465037,OASI04_1611_L.avi,64389,21.463,1.198,0.11,1359.547,12.206,Poor vis,AD,Attracted,
OASI04_1611,Monacanthidae,Thamnaconus,degeni,1,123.363,37465037,OASI04_1611_L.avi,64389,21.463,1.598,4.464,1481.542,10.618,Poor vis,AD,Passing,
OASI04_1611,Monacanthidae,Thamnaconus,degeni,1,119.547,37465037,OASI04_1611_L.avi,64389,21.463,1.696,1.57,1362.824,12.363,Poor vis,AD,Attracted,
OASO01_1611,Monacanthidae,Thamnaconus,degeni,1,126.329,37465037,OASO01_1611_L.avi,51685,34.4567,1.253,0.931,937.003,17.869,,AD,Feeding,
OASO01_1611,Monacanthidae,Thamnaconus,degeni,1,112.777,37465037,OASO01_1611_L.avi,51685,34.4567,1.74,0.274,1225.633,19.151,,AD,Attracted,
OASO01_1611,Monacanthidae,Thamnaconus,degeni,1,110.163,37465037,OASO01_1611_L.avi,51685,34.4567,1.318,0.179,1322.923,1.841,,AD,Attracted,
OASO01_1611,Monacanthidae,Thamnaconus,degeni,1,126.172,37465037,OASO01_1611_L.avi,51685,34.4567,2.626,1.19,1548.336,0.527,,AD,Attracted,
OASO01_1611,Monacanthidae,Thamnaconus,degeni,1,126.23,37465037,OASO01_1611_L.avi,51685,34.4567,1.649,0.147,1372.213,23.491,,AD,Attracted,
OASO01_1611,Monacanthidae,Thamnaconus,degeni,1,105.91,37465037,OASO01_1611_L.avi,51954,34.636,0.745,0.346,948.606,13.378,,AD,Attracted,
OASO01_1611,Monacanthidae,Thamnaconus,degeni,1,113.534,37465037,OASO01_1611_L.avi,51954,34.636,1.196,0.049,1347.6,12.984,,AD,Attracted,
OASO01_1611,Monacanthidae,Thamnaconus,degeni,1,126.148,37465037,OASO01_1611_L.avi,51954,34.636,0.898,0.303,1238.414,4.032,,AD,Attracted,
OASO01_1611,Monacanthidae,Thamnaconus,degeni,1,93.225,37465037,OASO01_1611_L.avi,51954,34.636,2.772,0.113,1645.973,14.342,,AD,Attracted,
OASO01_1611,Monacanthidae,Thamnaconus,degeni,1,110.817,37465037,OASO01_1611_L.avi,51954,34.636,2.257,0.242,1140.586,3.194,,AD,Attracted,
OASO01_1611,Pinguipedidae,Parapercis,haackei,1,81.013,37390004,OASO01_1611_L.avi,7812,5.208,1.787,0.389,1533.64,14.878,,AD,Passing,
OASO03_1611,Monacanthidae,Thamnaconus,degeni,1,121.63,37465037,OASO03_1611_L.avi,137575,45.8583,0.51,0.24,619.751,11.346,,AD,Attracted,
OASO03_1611,Monacanthidae,Thamnaconus,degeni,1,104.377,37465037,OASO03_1611_L.avi,137575,45.8583,0.412,0.691,495.703,8.207,,AD,Attracted,
OASO03_1611,Monacanthidae,Thamnaconus,degeni,1,122.754,37465037,OASO03_1611_L.avi,137575,45.8583,1.85,0.662,1078.091,25.588,,AD,Attracted,
OASO03_1611,Monacanthidae,Thamnaconus,degeni,1,120.32,37465037,OASO03_1611_L.avi,137575,45.8583,1.684,0.439,934.618,24.137,,AD,Attracted,
OASO03_1611,Monacanthidae,Thamnaconus,degeni,1,93.349,37465037,OASO03_1611_L.avi,137575,45.8583,1.262,0.56,888.911,14.315,,AD,Attracted,
OASO03_1611,Monacanthidae,Thamnaconus,degeni,1,103.85,37465037,OASO03_1611_L.avi,137575,45.8583,1.5,3.657,1207.925,20.62,,AD,Attracted,
OASO03_1611,Monacanthidae,Thamnaconus,degeni,1,97.003,37465037,OASO03_1611_L.avi,137575,45.8583,1.497,1.006,1417.464,12.893,,AD,Attracted,
OASO03_1611,Monacanthidae,Thamnaconus,degeni,1,105.706,37465037,OASO03_1611_L.avi,137575,45.8583,0.52,0.283,654.613,2.866,,AD,Attracted,
OASO03_1611,Monacanthidae,Thamnaconus,degeni,1,141.132,37465037,OASO03_1611_L.avi,137580,45.86,1.604,2.938,1494.017,26.887,,AD,Attracted,
OASO03_1611,Pinguipedidae,Parapercis,haackei,1,56.754,37390004,OASO03_1611_L.avi,15931,5.3103,1.359,0.272,1135.214,16.297,,AD,Passing,
OASO03_1611,Pinguipedidae,Parapercis,haackei,1,73.391,37390004,OASO03_1611_L.avi,15931,5.3103,2.688,0.877,1182.704,17.701,,AD,Passing,
OASO03_1611,Platycephalidae,Platycephalus,bassensis,1,312.316,37296003,OASO03_1611_L.avi,25140,8.38,0.903,0.366,1069.65,17.901,,AD,Passing,
OASO04_1611,Chaetodontidae,Chelmonops,curiosus,1,135.919,37365066,OASO04_1611_L.avi,84983,28.3277,1.076,0.607,1076.453,26.453,,AD,Attracted,
OASO04_1611,Chaetodontidae,Chelmonops,curiosus,1,163.804,37365066,OASO04_1611_L.avi,173282,57.7607,0.845,1.01,1118.918,10.73,,AD,Attracted,
OASO04_1611,Chaetodontidae,Chelmonops,curiosus,1,182.086,37365066,OASO04_1611_L.avi,173414,57.8047,0.997,1.396,1195.893,10.642,,AD,Attracted,
OASO04_1611,Labridae,Notolabrus,tetricus,1,275.791,37384003,OASO04_1611_L.avi,84832,28.2773,1.202,3.716,1141.541,25.466,,F,Attracted,
OASO04_1611,Monacanthidae,Meuschenia,freycineti,1,263.542,37465036,OASO04_1611_L.avi,144850,48.2833,0.713,0.534,914.455,6.394,,F,Attracted,
OASO04_1611,Moridae,Pseudophycis,bachus,1,382.01,37224006,OASO04_1611_L.avi,141791,47.2637,1.403,2.164,1376.246,22.533,,AD,Attracted,
OASO04_1611,Sparidae,Pagrus,auratus,1,705.552,37353001,OASO04_1611_L.avi,76873,25.6243,3.717,1.399,1554.416,15.883,,AD,Passing,
