Sample,Family,Genus,Species,Count,Code,Filename,Frame,Time (mins),TapeReader,Depth,Comment,Habitat,Soak Time,Bias,FOV,Vis,Has fed
ARCO01_1512,Heterodontidae,Heterodontus,portusjacksoni,1,37007001,AROC01_1512_L.avi,100353,33.451,JHicks,16.6,,Reef; Sand; Transition,60,2,1,1,No
ARCO01_1512,Monacanthidae,Meuschenia,galii,1,37465040,AROC01_1512_L.avi,157106,52.3687,JHicks,16.6,,Reef; Sand; Transition,60,2,1,1,No
ARCO01_1512,Sparidae,Pagrus,auratus,20,37353001,AROC01_1512_L.avi,13542,4.514,JHicks,16.6,,Reef; Sand; Transition,60,2,1,1,No
ARCO01_1512,Carangidae,Pseudocaranx,sp,8,37337924,AROC01_1512_L.avi,86322,28.774,JHicks,16.6,,Reef; Sand; Transition,60,2,1,1,No
ARCO01_1512,Odacidae,Siphonognathus,caninis,1,37385011,AROC01_1512_L.avi,12613,4.2043,JHicks,16.6,,Reef; Sand; Transition,60,2,1,1,No
ARCO01_1512,Monacanthidae,Thamnaconus,degeni,15,37465037,AROC01_1512_L.avi,173560,57.8533,JHicks,16.6,,Reef; Sand; Transition,60,2,1,1,No
ARCO01_1512,Mullidae,Upeneichthys,vlamingii,4,37355029,AROC01_1512_L.avi,26784,8.928,JHicks,16.6,,Reef; Sand; Transition,60,2,1,1,No
ARCO01_1512,Labridae,Austrolabrus,maculatus,3,37384025,AROC01_1512_L.avi,38044,12.6813,JHicks,16.6,,Reef; Sand; Transition,60,2,1,1,No
ARCO02_1512,Sparidae,Pagrus,auratus,8,37353001,AROC02_1512_L.avi,107902,35.9673,JHicks,16,,Halophila; medium,60,2,1,1,No
ARCO02_1512,Monacanthidae,Thamnaconus,degeni,7,37465037,AROC02_1512_L.avi,121927,40.6423,JHicks,16,,Halophila; medium,60,2,1,1,No
ARCO02_1512,Pinguipedidae,Parapercis,ramsayi,1,37390002,AROC02_1512_L.avi,24962,8.3207,JHicks,16,,Halophila; medium,60,2,1,1,No
ARCO02_1512,Carangidae,Pseudocaranx,sp,15,37337924,AROC02_1512_L.avi,31814,10.6047,JHicks,16,,Halophila; medium,60,2,1,1,No
ARCO03_1512,Platycephalidae,Platycephalus,speculator,1,37296037,AROC03_1512_L.avi,88272,29.424,JHicks,16.5,,Halophila; Dense,60,2,1,1,No
ARCO03_1512,Labridae,Austrolabrus,maculatus,1,37384025,AROC03_1512_L.avi,175925,58.6417,JHicks,16.5,,Halophila; Dense,60,2,1,1,No
ARCO03_1512,Mullidae,Upeneichthys,vlamingii,1,37355029,AROC03_1512_L.avi,17132,5.7107,JHicks,16.5,,Halophila; Dense,60,2,1,1,No
ARCO03_1512,Monacanthidae,Thamnaconus,degeni,50,37465037,AROC03_1512_L.avi,164749,54.9163,JHicks,16.5,,Halophila; Dense,60,2,1,1,Yes
ARCO03_1512,Sillaginidae,Sillago,sp,3,37330904,AROC03_1512_L.avi,162522,54.174,JHicks,16.5,,Halophila; Dense,60,2,1,1,No
ARCO03_1512,Monacanthidae,Scobinichthys,granulatus,2,37465007,AROC03_1512_L.avi,58142,19.3807,JHicks,16.5,,Halophila; Dense,60,2,1,1,No
ARCO03_1512,Carangidae,Pseudocaranx,sp,1,37337924,AROC03_1512_L.avi,151629,50.543,JHicks,16.5,,Halophila; Dense,60,2,1,1,No
ARCO03_1512,Gerreidae,Parequula,melbournensis,1,37349001,AROC03_1512_L.avi,76806,25.602,JHicks,16.5,,Halophila; Dense,60,2,1,1,No
ARCO03_1512,Sparidae,Pagrus,auratus,15,37353001,AROC03_1512_L.avi,72002,24.0007,JHicks,16.5,,Halophila; Dense,60,2,1,1,No
ARCO03_1512,Heterodontidae,Heterodontus,portusjacksoni,1,37007001,AROC03_1512_L.avi,84816,28.272,JHicks,16.5,,Halophila; Dense,60,2,1,1,No
ARCO03_1512,Monacanthidae,Acanthaluteres,vittiger,2,37465002,AROC03_1512_L.avi,42569,14.1897,JHicks,16.5,,Halophila; Dense,60,2,1,1,No
ARCO03_1512,Monacanthidae,Acanthaluteres,brownii,1,37465001,AROC03_1512_L.avi,77766,25.922,JHicks,16.5,,Halophila; Dense,60,2,1,1,No
ARCO03_1512,Labridae,Notolabrus,parilus,1,37384022,AROC03_1512_L.avi,57576,19.192,JHicks,16.5,,Halophila; Dense,60,2,1,1,No
ARCO04_1512,Gerreidae,Parequula,melbournensis,1,37349001,AROC04_1512_L.avi,137366,45.7887,JHicks,16.6,,Reef; Foliaceous; Flat,60,2,1,1,No
ARCO04_1512,Labridae,Austrolabrus,maculatus,4,37384025,AROC04_1512_L.avi,25464,8.488,JHicks,16.6,,Reef; Foliaceous; Flat,60,2,1,1,No
ARCO04_1512,Monacanthidae,Thamnaconus,degeni,1,37465037,AROC04_1512_L.avi,143666,47.8887,JHicks,16.6,,Reef; Foliaceous; Flat,60,2,1,1,Yes
ARCO04_1512,Monacanthidae,Scobinichthys,granulatus,1,37465007,AROC04_1512_L.avi,24586,8.1953,JHicks,16.6,,Reef; Foliaceous; Flat,60,2,1,1,No
ARCO04_1512,Carangidae,Pseudocaranx,sp,3,37337924,AROC04_1512_L.avi,91421,30.4737,JHicks,16.6,,Reef; Foliaceous; Flat,60,2,1,1,No
ARCO04_1512,Labridae,Notolabrus,parilus,1,37384022,AROC04_1512_L.avi,31693,10.5643,JHicks,16.6,,Reef; Foliaceous; Flat,60,2,1,1,No
ARCO04_1512,Monacanthidae,Acanthaluteres,brownii,1,37465001,AROC04_1512_L.avi,89857,29.9523,JHicks,16.6,,Reef; Foliaceous; Flat,60,2,1,1,No
ARCO04_1512,Cheilodactylidae,Dactylophora,nigricans,1,37377005,AROC04_1512_L.avi,37364,12.4547,JHicks,16.6,,Reef; Foliaceous; Flat,60,2,1,1,No
ARCO04_1512,Sparidae,Pagrus,auratus,20,37353001,AROC04_1512_L.avi,84757,28.2523,JHicks,16.6,,Reef; Foliaceous; Flat,60,2,1,1,Yes
ARCO04_1512,Heterodontidae,Heterodontus,portusjacksoni,1,37007001,AROC04_1512_L.avi,180096,60.032,JHicks,16.6,,Reef; Foliaceous; Flat,60,2,1,1,No
ARNI01_1512,Monacanthidae,Meuschenia,hippocrepis,2,37465004,ARIN01_1512_L.avi,161713,53.9043,DColella,13,Limited vis,Reef; Fucoid; Profile,60,1,1,2,Yes
ARNI01_1512,Mullidae,Upeneichthys,vlamingii,1,37355029,ARIN01_1512_L.avi,36021,12.007,DColella,13,Limited vis,Reef; Fucoid; Profile,60,1,1,2,No
ARNI01_1512,Scorpididae,Tilodon,sexfasciatus,1,37361003,ARIN01_1512_L.avi,17381,5.7937,DColella,13,Limited vis,Reef; Fucoid; Profile,60,1,1,2,No
ARNI01_1512,Sillaginidae,Sillaginodes,punctatus,1,37330001,ARIN01_1512_L.avi,46076,15.3587,DColella,13,Limited vis,Reef; Fucoid; Profile,60,1,1,2,No
ARNI01_1512,Scorpididae,Scorpis,aequipinnis,1,37361004,ARIN01_1512_L.avi,79985,26.6617,DColella,13,Limited vis,Reef; Fucoid; Profile,60,1,1,2,No
ARNI01_1512,Carangidae,Pseudocaranx,sp,33,37337924,ARIN01_1512_L.avi,149123,49.7077,DColella,13,Limited vis,Reef; Fucoid; Profile,60,1,1,2,No
ARNI01_1512,Pomacentridae,Parma,victoriae,1,37372006,ARIN01_1512_L.avi,63957,21.319,DColella,13,Limited vis,Reef; Fucoid; Profile,60,1,1,2,No
ARNI01_1512,Sparidae,Pagrus,auratus,1,37353001,ARIN01_1512_L.avi,62406,20.802,DColella,13,Limited vis,Reef; Fucoid; Profile,60,1,1,2,No
ARNI01_1512,Labridae,Notolabrus,parilus,1,37384022,ARIN01_1512_L.avi,61407,20.469,DColella,13,Limited vis,Reef; Fucoid; Profile,60,1,1,2,No
ARNI01_1512,Monacanthidae,Meuschenia,galii,1,37465040,ARIN01_1512_L.avi,107423,35.8077,DColella,13,Limited vis,Reef; Fucoid; Profile,60,1,1,2,No
ARNI01_1512,Kyphosidae,Kyphosus,sydneyanus,1,37361001,ARIN01_1512_L.avi,22580,7.5267,DColella,13,Limited vis,Reef; Fucoid; Profile,60,1,1,2,No
ARNI01_1512,Enoplosidae,Enoplosus,armatus,2,37366001,ARIN01_1512_L.avi,15761,5.2537,DColella,13,Limited vis,Reef; Fucoid; Profile,60,1,1,2,No
ARNI01_1512,Dinolestidae,Dinolestes,lewini,50,37327002,ARIN01_1512_L.avi,82568,27.5227,DColella,13,Limited vis,Reef; Fucoid; Profile,60,1,1,2,No
ARNI01_1512,Cheilodactylidae,Cheilodactylus,nigripes,1,37377001,ARIN01_1512_L.avi,43235,14.4117,DColella,13,Limited vis,Reef; Fucoid; Profile,60,1,1,2,No
ARNI01_1512,Labridae,Austrolabrus,maculatus,1,37384025,ARIN01_1512_L.avi,90358,30.1193,DColella,13,Limited vis,Reef; Fucoid; Profile,60,1,1,2,No
ARNI01_1512,Labridae,Notolabrus,tetricus,1,37384003,ARIN01_1512_L.avi,88480,29.4933,DColella,13,Limited vis,Reef; Fucoid; Profile,60,1,1,2,No
ARNI02_1512,Sillaginidae,Sillaginodes,punctatus,1,37330001,ARIN02_1512_L.avi,21606,7.202,DColella,15,,Sand ripples,60,2,1,2,No
ARNI02_1512,Scorpididae,Scorpis,aequipinnis,2,37361004,ARIN02_1512_L.avi,165861,55.287,DColella,15,,Sand ripples,60,2,1,2,No
ARNI02_1512,Carangidae,Trachurus,novaezelandiae,1,37337003,ARIN02_1512_L.avi,18704,6.2347,DColella,15,,Sand ripples,60,2,1,2,No
ARNI02_1512,Sparidae,Pagrus,auratus,5,37353001,ARIN02_1512_L.avi,55521,18.507,DColella,15,,Sand ripples,60,2,1,2,No
ARNI02_1512,Gerreidae,Parequula,melbournensis,1,37349001,ARIN02_1512_L.avi,19881,6.627,DColella,15,,Sand ripples,60,2,1,2,No
ARNI02_1512,Carangidae,Pseudocaranx,sp,25,37337924,ARIN02_1512_L.avi,71034,23.678,DColella,15,,Sand ripples,60,2,1,2,No
ARNI02_1512,Mullidae,Upeneichthys,vlamingii,1,37355029,ARIN02_1512_L.avi,20896,6.9653,DColella,15,,Sand ripples,60,2,1,2,No
ARNI03_1512,Labridae,Notolabrus,tetricus,1,37384003,ARIN03_1512_L.avi,34681,11.5603,DColella,16,BRUVS tilted down,Reef; Mixed algal; Profile,60,3,2,2,No
ARNI03_1512,Scorpididae,Tilodon,sexfasciatus,1,37361003,ARIN03_1512_L.avi,188107,62.7023,DColella,16,BRUVS tilted down,Reef; Mixed algal; Profile,60,3,2,2,No
ARNI03_1512,Scorpididae,Scorpis,aequipinnis,1,37361004,ARIN03_1512_L.avi,45184,15.0613,DColella,16,BRUVS tilted down,Reef; Mixed algal; Profile,60,3,2,2,No
ARNI03_1512,Carangidae,Pseudocaranx,sp,16,37337924,ARIN03_1512_L.avi,162905,54.3017,DColella,16,BRUVS tilted down,Reef; Mixed algal; Profile,60,3,2,2,Yes
ARNI03_1512,Sparidae,Pagrus,auratus,2,37353001,ARIN03_1512_L.avi,156074,52.0247,DColella,16,BRUVS tilted down,Reef; Mixed algal; Profile,60,3,2,2,Yes
ARNI03_1512,Labridae,Notolabrus,parilus,1,37384022,ARIN03_1512_L.avi,41779,13.9263,DColella,16,BRUVS tilted down,Reef; Mixed algal; Profile,60,3,2,2,No
ARNI03_1512,Monacanthidae,Meuschenia,hippocrepis,1,37465004,ARIN03_1512_L.avi,187843,62.6143,DColella,16,BRUVS tilted down,Reef; Mixed algal; Profile,60,3,2,2,No
ARNI03_1512,Monacanthidae,Meuschenia,flavolineata,1,37465035,ARIN03_1512_L.avi,68673,22.891,DColella,16,BRUVS tilted down,Reef; Mixed algal; Profile,60,3,2,2,No
ARNI03_1512,Serranidae,Hypoplectrodes,nigroruber,1,37311037,ARIN03_1512_L.avi,187838,62.6127,DColella,16,BRUVS tilted down,Reef; Mixed algal; Profile,60,3,2,2,No
ARNI03_1512,Chaetodontidae,Chelmonops,curiosus,1,37365066,ARIN03_1512_L.avi,188335,62.7783,DColella,16,BRUVS tilted down,Reef; Mixed algal; Profile,60,3,2,2,No
ARNI03_1512,Cheilodactylidae,Cheilodactylus,nigripes,1,37377001,ARIN03_1512_L.avi,23680,7.8933,DColella,16,BRUVS tilted down,Reef; Mixed algal; Profile,60,3,2,2,No
ARNI03_1512,Labridae,Austrolabrus,maculatus,3,37384025,ARIN03_1512_L.avi,67476,22.492,DColella,16,BRUVS tilted down,Reef; Mixed algal; Profile,60,3,2,2,No
ARNI03_1512,Pomacentridae,Parma,victoriae,1,37372006,ARIN03_1512_L.avi,37074,12.358,DColella,16,BRUVS tilted down,Reef; Mixed algal; Profile,60,3,2,2,No
ARNI04_1512,Labridae,Notolabrus,tetricus,1,37384003,ARIN04_1512_L.avi,24525,8.175,DColella,16,,Reef; Algae and invertebrates: Dense,60,2,1,2,No
ARNI04_1512,Monacanthidae,Meuschenia,hippocrepis,3,37465004,ARIN04_1512_L.avi,64106,21.3687,DColella,16,,Reef; Algae and invertebrates: Dense,60,2,1,2,No
ARNI04_1512,Scorpididae,Tilodon,sexfasciatus,2,37361003,ARIN04_1512_L.avi,8687,2.8957,DColella,16,,Reef; Algae and invertebrates: Dense,60,2,1,2,No
ARNI04_1512,Sillaginidae,Sillaginodes,punctatus,1,37330001,ARIN04_1512_L.avi,13338,4.446,DColella,16,,Reef; Algae and invertebrates: Dense,60,2,1,2,No
ARNI04_1512,Scorpididae,Scorpis,aequipinnis,1,37361004,ARIN04_1512_L.avi,7963,2.6543,DColella,16,,Reef; Algae and invertebrates: Dense,60,2,1,2,No
ARNI04_1512,Sparidae,Pagrus,auratus,18,37353001,ARIN04_1512_L.avi,86693,28.8977,DColella,16,,Reef; Algae and invertebrates: Dense,60,2,1,2,No
ARNI04_1512,Mullidae,Upeneichthys,vlamingii,3,37355029,ARIN04_1512_L.avi,16042,5.3473,DColella,16,,Reef; Algae and invertebrates: Dense,60,2,1,2,No
ARNI04_1512,Labridae,Notolabrus,parilus,3,37384022,ARIN04_1512_L.avi,54036,18.012,DColella,16,,Reef; Algae and invertebrates: Dense,60,2,1,2,No
ARNI04_1512,Labridae,Austrolabrus,maculatus,3,37384025,ARIN04_1512_L.avi,9918,3.306,DColella,16,,Reef; Algae and invertebrates: Dense,60,2,1,2,No
ARNI04_1512,Monacanthidae,Meuschenia,flavolineata,3,37465035,ARIN04_1512_L.avi,89397,29.799,DColella,16,,Reef; Algae and invertebrates: Dense,60,2,1,2,No
ARNI04_1512,Monacanthidae,Acanthaluteres,brownii,4,37465001,ARIN04_1512_R.avi,177855,59.285,DColella,16,Left cam stops at 30 mins. Right cam used for remainder of MaxN analysis,Reef; Algae and invertebrates: Dense,60,2,1,2,No
ARNI04_1512,Serranidae,Caesioperca,rasor,4,37311003,ARIN04_1512_L.avi,52862,17.6207,DColella,16,,Reef; Algae and invertebrates: Dense,60,2,1,2,No
ARNI04_1512,Cheilodactylidae,Cheilodactylus,nigripes,2,37377001,ARIN04_1512_L.avi,7963,2.6543,DColella,16,,Reef; Algae and invertebrates: Dense,60,2,1,2,No
ARNI04_1512,Chaetodontidae,Chelmonops,curiosus,2,37365066,ARIN04_1512_L.avi,19279,6.4263,DColella,16,,Reef; Algae and invertebrates: Dense,60,2,1,2,No
ARNI04_1512,Cheilodactylidae,Dactylophora,nigricans,1,37377005,ARIN04_1512_R.avi,186092,62.0307,DColella,16,Left cam stops at 30 mins. Right cam used for remainder of MaxN analysis,Reef; Algae and invertebrates: Dense,60,2,1,2,No
ARNI04_1512,Dinolestidae,Dinolestes,lewini,1,37327002,ARIN04_1512_L.avi,18983,6.3277,DColella,16,,Reef; Algae and invertebrates: Dense,60,2,1,2,No
ARNI04_1512,Kyphosidae,Kyphosus,sydneyanus,1,37361001,ARIN04_1512_L.avi,7519,2.5063,DColella,16,,Reef; Algae and invertebrates: Dense,60,2,1,2,No
ARNI04_1512,Carangidae,Pseudocaranx,sp,10,37337924,ARIN04_1512_L.avi,42234,14.078,DColella,16,,Reef; Algae and invertebrates: Dense,60,2,1,2,No
ARNO01_1512,Heterodontidae,Heterodontus,portusjacksoni,1,37007001,ARON01_1512_L.avi,63261,21.087,DColella,17.1,Edge of Halophila bed / sand,Seagrass; Sand; Transition,60,2,1,2,No
ARNO01_1512,Sillaginidae,Sillago,sp,1,37330904,ARON01_1512_L.avi,91261,30.4203,DColella,17.1,Edge of Halophila bed / sand,Seagrass; Sand; Transition,60,2,1,2,No
ARNO01_1512,Monacanthidae,Thamnaconus,degeni,100,37465037,ARON01_1512_L.avi,106969,35.6563,DColella,17.1,Edge of Halophila bed / sand,Seagrass; Sand; Transition,60,2,1,2,Yes
ARNO01_1512,Mullidae,Upeneichthys,vlamingii,1,37355029,ARON01_1512_L.avi,48009,16.003,DColella,17.1,Edge of Halophila bed / sand,Seagrass; Sand; Transition,60,2,1,2,No
ARNO02_1512,Monacanthidae,Thamnaconus,degeni,100,37465037,ARON02_1512_L.avi,86536,28.8453,DColella,17.2,,Halophila; Dense,60,2,1,2,Yes
ARNO02_1512,Ostraciidae,Aracana,sp,1,37466903,ARON02_1512_L.avi,26110,8.7033,DColella,17.2,,Halophila; Dense,60,2,1,2,No
ARNO03_1512,Mullidae,Upeneichthys,vlamingii,1,37355029,ARON03_1512_L.avi,42283,14.0943,DColella,16.9,,Sand,60,2,1,1,No
ARNO03_1512,Monacanthidae,Thamnaconus,degeni,150,37465037,ARON03_1512_L.avi,32578,10.8593,DColella,16.9,,Sand,60,2,1,1,Yes
ARNO04_1512,Monacanthidae,Thamnaconus,degeni,100,37465037,ARON04_1512_L.avi,52151,17.3837,DColella,16.5,,Sand,60,2,1,1,Yes
ARSI01_1512,Cheilodactylidae,Dactylophora,nigricans,2,37377005,ARIS01_1512_L.avi,8839,2.9463,JHicks,16,,Reef; Sand; Transition,60,2,1,2,No
ARSI01_1512,Mullidae,Upeneichthys,vlamingii,6,37355029,ARIS01_1512_L.avi,181661,60.5537,JHicks,16,,Reef; Sand; Transition,60,2,1,2,No
ARSI01_1512,Sepiidae,Sepia,apama,1,23607001,ARIS01_1512_L.avi,20700,6.9,JHicks,16,,Reef; Sand; Transition,60,2,1,2,No
ARSI01_1512,Carangidae,Pseudocaranx,sp,30,37337924,ARIS01_1512_L.avi,49541,16.5137,JHicks,16,,Reef; Sand; Transition,60,2,1,2,No
ARSI01_1512,Sparidae,Pagrus,auratus,1,37353001,ARIS01_1512_L.avi,63903,21.301,JHicks,16,,Reef; Sand; Transition,60,2,1,2,No
ARSI01_1512,Kyphosidae,Kyphosus,sydneyanus,1,37361001,ARIS01_1512_L.avi,15729,5.243,JHicks,16,,Reef; Sand; Transition,60,2,1,2,No
ARSI01_1512,Chaetodontidae,Chelmonops,curiosus,1,37365066,ARIS01_1512_L.avi,146296,48.7653,JHicks,16,,Reef; Sand; Transition,60,2,1,2,No
ARSI01_1512,Labridae,Austrolabrus,maculatus,2,37384025,ARIS01_1512_L.avi,12444,4.148,JHicks,16,,Reef; Sand; Transition,60,2,1,2,No
ARSI01_1512,Ostraciidae,Aracana,ornata,1,37466001,ARIS01_1512_L.avi,42098,14.0327,JHicks,16,,Reef; Sand; Transition,60,2,1,2,No
ARSI01_1512,Monacanthidae,Acanthaluteres,vittiger,2,37465002,ARIS01_1512_L.avi,159182,53.0607,JHicks,16,,Reef; Sand; Transition,60,2,1,2,No
ARSI01_1512,Labridae,Notolabrus,parilus,1,37384022,ARIS01_1512_L.avi,187054,62.3513,JHicks,16,,Reef; Sand; Transition,60,2,1,2,No
ARSI02_1512,Platycephalidae,Platycephalus,speculator,1,37296037,ARIS02_1512_L.avi,35376,11.792,JHicks,16,,Halophila; Dense,60,2,1,1,No
ARSI02_1512,Carangidae,Pseudocaranx,sp,30,37337924,ARIS02_1512_L.avi,104452,34.8173,JHicks,16,,Halophila; Dense,60,2,1,1,No
ARSI02_1512,Monacanthidae,Thamnaconus,degeni,40,37465037,ARIS02_1512_L.avi,173306,57.7687,JHicks,16,,Halophila; Dense,60,2,1,1,Yes
ARSI02_1512,Sparidae,Pagrus,auratus,7,37353001,ARIS02_1512_L.avi,16600,5.5333,JHicks,16,,Halophila; Dense,60,2,1,1,No
ARSI02_1512,Cheilodactylidae,Dactylophora,nigricans,2,37377005,ARIS02_1512_L.avi,10671,3.557,JHicks,16,,Halophila; Dense,60,2,1,1,No
ARSI02_1512,Labridae,Achoerodus,gouldii,2,37384002,ARIS02_1512_L.avi,140079,46.693,JHicks,16,,Halophila; Dense,60,2,1,1,No
ARSI03_1512,Gerreidae,Parequula,melbournensis,1,37349001,ARIS03_1512_L.avi,22383,7.461,JHicks,18,,Seagrass and algae,60,2,1,2,No
ARSI03_1512,Carangidae,Pseudocaranx,sp,3,37337924,ARIS03_1512_L.avi,30073,10.0243,JHicks,18,,Seagrass and algae,60,2,1,2,No
ARSI03_1512,Monacanthidae,Thamnaconus,degeni,150,37465037,ARIS03_1512_L.avi,115393,38.4643,JHicks,18,,Seagrass and algae,60,2,1,2,No
ARSI03_1512,Mullidae,Upeneichthys,vlamingii,1,37355029,ARIS03_1512_L.avi,152426,50.8087,JHicks,18,,Seagrass and algae,60,2,1,2,No
ARSI04_1512,Carangidae,Pseudocaranx,sp,20,37337924,ARIS04_1512_L.avi,172786,57.5953,JHicks,17,,Reef; Fucoid; Profile,60,2,1,2,No
ARSI04_1512,Mullidae,Upeneichthys,vlamingii,1,37355029,ARIS04_1512_L.avi,112307,37.4357,JHicks,17,,Reef; Fucoid; Profile,60,2,1,2,No
ARSI04_1512,Scorpididae,Scorpis,aequipinnis,1,37361004,ARIS04_1512_L.avi,93127,31.0423,JHicks,17,,Reef; Fucoid; Profile,60,2,1,2,No
ARSI04_1512,Gerreidae,Parequula,melbournensis,1,37349001,ARIS04_1512_L.avi,38312,12.7707,JHicks,17,,Reef; Fucoid; Profile,60,2,1,2,No
ARSI04_1512,Sparidae,Pagrus,auratus,1,37353001,ARIS04_1512_L.avi,167977,55.9923,JHicks,17,,Reef; Fucoid; Profile,60,2,1,2,No
ARSI04_1512,Labridae,Notolabrus,tetricus,1,37384003,ARIS04_1512_L.avi,103702,34.5673,JHicks,17,,Reef; Fucoid; Profile,60,2,1,2,No
ARSI04_1512,Labridae,Notolabrus,parilus,1,37384022,ARIS04_1512_L.avi,168650,56.2167,JHicks,17,,Reef; Fucoid; Profile,60,2,1,2,No
ARSI04_1512,Monacanthidae,Meuschenia,hippocrepis,5,37465004,ARIS04_1512_L.avi,158235,52.745,JHicks,17,,Reef; Fucoid; Profile,60,2,1,2,No
ARSI04_1512,Labridae,Achoerodus,gouldii,1,37384002,ARIS04_1512_L.avi,176922,58.974,JHicks,17,,Reef; Fucoid; Profile,60,2,1,2,No
ARSI04_1512,Kyphosidae,Kyphosus,sydneyanus,1,37361001,ARIS04_1512_L.avi,171079,57.0263,JHicks,17,,Reef; Fucoid; Profile,60,2,1,2,No
ARSI04_1512,Enoplosidae,Enoplosus,armatus,1,37366001,ARIS04_1512_L.avi,190576,63.5253,JHicks,17,,Reef; Fucoid; Profile,60,2,1,2,No
ARSI04_1512,Chaetodontidae,Chelmonops,curiosus,1,37365066,ARIS04_1512_L.avi,138336,46.112,JHicks,17,,Reef; Fucoid; Profile,60,2,1,2,No
ARSI04_1512,Serranidae,Caesioperca,rasor,1,37311003,ARIS04_1512_L.avi,150159,50.053,JHicks,17,,Reef; Fucoid; Profile,60,2,1,2,No
ARSI04_1512,Labridae,Austrolabrus,maculatus,3,37384025,ARIS04_1512_L.avi,32126,10.7087,JHicks,17,,Reef; Fucoid; Profile,60,2,1,2,No
ARSI04_1512,Monacanthidae,Thamnaconus,degeni,2,37465037,ARIS04_1512_L.avi,139825,46.6083,JHicks,17,,Reef; Fucoid; Profile,60,2,1,2,No
ARSI04_1512,Ostraciidae,Aracana,ornata,1,37466001,ARIS04_1512_L.avi,108084,36.028,JHicks,17,,Reef; Fucoid; Profile,60,2,1,2,No
ARSI04_1512,Monacanthidae,Acanthaluteres,brownii,15,37465001,ARIS04_1512_L.avi,133814,44.6047,JHicks,17,,Reef; Fucoid; Profile,60,2,1,2,No
ARSI04_1512,Monacanthidae,Meuschenia,galii,1,37465040,ARIS04_1512_L.avi,137918,45.9727,JHicks,17,,Reef; Fucoid; Profile,60,2,1,2,No
ARSO01_1612,Majidae,Leptomithrax,gaimardii,1,28880010,ARSO01_1612_L.avi,92796,30.932,DColella,11.5,,Amphibolis; medium,60,1,2,2,Yes
ARSO01_1612,Labridae,Austrolabrus,maculatus,1,37384025,ARSO01_1612_L.avi,50636,16.8787,DColella,11.5,,Amphibolis; medium,60,1,2,2,No
ARSO01_1612,Sparidae,Pagrus,auratus,3,37353001,ARSO01_1612_L.avi,125038,41.6793,DColella,11.5,,Amphibolis; medium,60,1,2,2,No
ARSO01_1612,Labridae,Notolabrus,parilus,1,37384022,ARSO01_1612_L.avi,115293,38.431,DColella,11.5,,Amphibolis; medium,60,1,2,2,No
ARSO02_1612,Labridae,Notolabrus,parilus,2,37384022,ARSO02_1612_L.avi,60501,20.167,DColella,12.8,,Algae and invertebrates; Sand; Medium,60,1,2,2,No
ARSO02_1612,Chaetodontidae,Chelmonops,curiosus,1,37365066,ARSO02_1612_L.avi,61862,20.6207,DColella,12.8,,Algae and invertebrates; Sand; Medium,60,1,2,2,No
ARSO02_1612,Monacanthidae,Meuschenia,hippocrepis,1,37465004,ARSO02_1612_L.avi,79016,26.3387,DColella,12.8,,Algae and invertebrates; Sand; Medium,60,1,2,2,Yes
ARSO02_1612,Dinolestidae,Dinolestes,lewini,7,37327002,ARSO02_1612_L.avi,80947,26.9823,DColella,12.8,,Algae and invertebrates; Sand; Medium,60,1,2,2,No
ARSO02_1612,Labridae,Notolabrus,tetricus,1,37384003,ARSO02_1612_L.avi,35946,11.982,DColella,12.8,,Algae and invertebrates; Sand; Medium,60,1,2,2,No
ARSO02_1612,Carangidae,Trachurus,novaezelandiae,6,37337003,ARSO02_1612_L.avi,137779,45.9263,DColella,12.8,,Algae and invertebrates; Sand; Medium,60,1,2,2,No
ARSO02_1612,Carangidae,Pseudocaranx,sp,19,37337924,ARSO02_1612_L.avi,141838,47.2793,DColella,12.8,,Algae and invertebrates; Sand; Medium,60,1,2,2,No
ARSO02_1612,Mullidae,Upeneichthys,vlamingii,1,37355029,ARSO02_1612_L.avi,15240,5.08,DColella,12.8,,Algae and invertebrates; Sand; Medium,60,1,2,2,No
ARSO02_1612,Labridae,Austrolabrus,maculatus,2,37384025,ARSO02_1612_L.avi,13352,4.4507,DColella,12.8,,Algae and invertebrates; Sand; Medium,60,1,2,2,No
ARSO02_1612,Monacanthidae,Acanthaluteres,brownii,1,37465001,ARSO02_1612_L.avi,179067,59.689,DColella,12.8,,Algae and invertebrates; Sand; Medium,60,1,2,2,No
ARSO02_1612,Sparidae,Pagrus,auratus,9,37353001,ARSO02_1612_L.avi,69933,23.311,DColella,12.8,,Algae and invertebrates; Sand; Medium,60,1,2,2,No
ARSO03_1612,Monacanthidae,Scobinichthys,granulatus,1,37465007,ARSO03_1612_L.avi,166604,55.5347,DColella,13,,Reef; Mixed algal; Flat,60,1,2,2,Yes
ARSO03_1612,Labridae,Austrolabrus,maculatus,1,37384025,ARSO03_1612_L.avi,29933,9.9777,DColella,13,,Reef; Mixed algal; Flat,60,1,2,2,No
ARSO03_1612,Monacanthidae,Acanthaluteres,brownii,1,37465001,ARSO03_1612_L.avi,165760,55.2533,DColella,13,,Reef; Mixed algal; Flat,60,1,2,2,No
ARSO04_1612,Loliginidae,Sepioteuthis,australis,1,23617005,ARSO04_1612_L.avi,51856,17.2853,DColella,15,,Algae; Sand; Sparse,60,1,2,2,No
ARSO04_1612,Heterodontidae,Heterodontus,portusjacksoni,1,37007001,ARSO04_1612_L.avi,165803,55.2677,DColella,15,,Algae; Sand; Sparse,60,1,2,2,No
ARSO04_1612,Gerreidae,Parequula,melbournensis,8,37349001,ARSO04_1612_L.avi,43000,14.3333,DColella,15,,Algae; Sand; Sparse,60,1,2,2,No
ARSO04_1612,Monacanthidae,Scobinichthys,granulatus,1,37465007,ARSO04_1612_L.avi,49090,16.3633,DColella,15,,Algae; Sand; Sparse,60,1,2,2,No
ARSO04_1612,Monacanthidae,Thamnaconus,degeni,1,37465037,ARSO04_1612_L.avi,49391,16.4637,DColella,15,,Algae; Sand; Sparse,60,1,2,2,No
ARSO04_1612,Portunidae,Nectocarcinus,integrifrons,2,28911010,ARSO04_1612_L.avi,37346,12.4487,DColella,15,,Algae; Sand; Sparse,60,1,2,2,No
ARSO04_1612,Mullidae,Upeneichthys,vlamingii,1,37355029,ARSO04_1612_L.avi,42814,14.2713,DColella,15,,Algae; Sand; Sparse,60,1,2,2,No
BSCI01_1605,Sillaginidae,Sillaginodes,punctatus,5,37330001,BSCI01_1605_L.avi,170158,56.7193,DMale,2.7,,Posidonia and algae; Dense,60,1,2,2,No
BSCI01_1605,Terapontidae,Pelates,octolineatus,1,37321020,BSCI01_1605_L.avi,34923,11.641,DMale,2.7,,Posidonia and algae; Dense,60,1,2,2,No
BSCI01_1605,Apogonidae,Vincentia,conspersa,1,37327033,BSCI01_1605_L.avi,157917,52.639,DMale,2.7,,Posidonia and algae; Dense,60,1,2,2,No
BSCI01_1605,Monacanthidae,Unknown,sp,3,37465903,BSCI01_1605_L.avi,142255,47.4183,DMale,2.7,,Posidonia and algae; Dense,60,1,2,2,No
BSCI01_1605,Gempylidae,Thyrsites,atun,1,37439001,BSCI01_1605_L.avi,63535,21.1783,DMale,2.7,,Posidonia and algae; Dense,60,1,2,2,No
BSCI01_1605,Odacidae,Neoodax,balteatus,20,37385005,BSCI01_1605_L.avi,48123,16.041,DMale,2.7,,Posidonia and algae; Dense,60,1,2,2,No
BSCI01_1605,Monacanthidae,Acanthaluteres,spilomelanurus,22,37465043,BSCI01_1605_L.avi,109194,36.398,DMale,2.7,,Posidonia and algae; Dense,60,1,2,2,No
BSCI01_1704,Apogonidae,Siphamia,cephalotes,1,37327032,BSCI01_1704 L.avi,21077,14.0513,DColella,3.2,Right cam mostly obscured,Posidonia (epiphytes); Dense,60,2,2,2,No
BSCI01_1704,Majidae,Naxia,aurita,1,28880007,BSCI01_1704 L.avi,34253,22.8353,DColella,3.2,Right cam mostly obscured,Posidonia (epiphytes); Dense,60,2,2,2,No
BSCI01_1704,Monacanthidae,Unknown,sp,22,37465903,BSCI01_1704 L.avi,51498,34.332,DColella,3.2,Right cam mostly obscured,Posidonia (epiphytes); Dense,60,2,2,2,No
BSCI01_1704,Triakidae,Mustelus,antarcticus,1,37017001,BSCI01_1704 L.avi,69011,46.0073,DColella,3.2,Right cam mostly obscured,Posidonia (epiphytes); Dense,60,2,2,2,No
BSCI01_1704,Odacidae,Haletta,semifasciata,1,37385009,BSCI01_1704 L.avi,94349,62.8993,DColella,3.2,Right cam mostly obscured,Posidonia (epiphytes); Dense,60,2,2,2,No
BSCI01_1704,Odacidae,Neoodax,balteatus,10,37385005,BSCI01_1704 L.avi,90663,60.442,DColella,3.2,Right cam mostly obscured,Posidonia (epiphytes); Dense,60,2,2,2,No
BSCI01_1704,Portunidae,Nectocarcinus,integrifrons,1,28911010,BSCI01_1704 L.avi,32064,21.376,DColella,3.2,Right cam mostly obscured,Posidonia (epiphytes); Dense,60,2,2,2,No
BSCI01_1704,Tetrarogidae,Gymnapistes,marmoratus,1,37287018,BSCI01_1704 L.avi,71194,47.4627,DColella,3.2,Right cam mostly obscured,Posidonia (epiphytes); Dense,60,2,2,2,No
BSCI02_1605,Unknown Fish,Unknown,sp,1,37990078,BSCI02_1605_L.avi,17174,5.7247,DMale,2.4,,Posidonia and algae; Dense,60,1,2,2,No
BSCI02_1605,Odacidae,Haletta,semifasciata,2,37385009,BSCI02_1605_L.avi,136119,45.373,DMale,2.4,,Posidonia and algae; Dense,60,1,2,2,No
BSCI02_1605,Apogonidae,Siphamia,cephalotes,1,37327032,BSCI02_1605_L.avi,17200,5.7333,DMale,2.4,,Posidonia and algae; Dense,60,1,2,2,No
BSCI02_1605,Arripidae,Arripis,georgianus,2,37344001,BSCI02_1605_L.avi,164262,54.754,DMale,2.4,,Posidonia and algae; Dense,60,1,2,2,No
BSCI02_1605,Atherinidae,Unknown,sp,100,37246911,BSCI02_1605_L.avi,111236,37.0787,DMale,2.4,,Posidonia and algae; Dense,60,1,2,2,No
BSCI02_1605,Sillaginidae,Sillaginodes,punctatus,1,37330001,BSCI02_1605_L.avi,42968,14.3227,DMale,2.4,,Posidonia and algae; Dense,60,1,2,2,No
BSCI02_1605,Monacanthidae,Unknown,sp,1,37465903,BSCI02_1605_L.avi,38582,12.8607,DMale,2.4,,Posidonia and algae; Dense,60,1,2,2,No
BSCI02_1605,Odacidae,Neoodax,balteatus,20,37385005,BSCI02_1605_L.avi,99927,33.309,DMale,2.4,,Posidonia and algae; Dense,60,1,2,2,No
BSCI02_1704,Atherinidae,Kestratherina,esox,2,37246003,BSCI02_1704 L.avi,39762,26.508,DColella,2.7,,Posidonia and algae; Dense,60,2,2,2,No
BSCI02_1704,Portunidae,Nectocarcinus,integrifrons,1,28911010,BSCI02_1704 L.avi,35578,23.7187,DColella,2.7,,Posidonia and algae; Dense,60,2,2,2,No
BSCI02_1704,Odacidae,Neoodax,balteatus,6,37385005,BSCI02_1704 L.avi,46038,30.692,DColella,2.7,,Posidonia and algae; Dense,60,2,2,2,No
BSCI02_1704,Monacanthidae,Unknown,sp,2,37465903,BSCI02_1704 L.avi,40549,27.0327,DColella,2.7,,Posidonia and algae; Dense,60,2,2,2,No
BSCI02_1704,Sillaginidae,Sillaginodes,punctatus,1,37330001,BSCI02_1704 L.avi,51327,34.218,DColella,2.7,,Posidonia and algae; Dense,60,2,2,2,No
BSCI02_1704,Apogonidae,Siphamia,cephalotes,12,37327032,BSCI02_1704 L.avi,24365,16.2433,DColella,2.7,,Posidonia and algae; Dense,60,2,2,2,No
BSCI02_1704,Apogonidae,Vincentia,conspersa,1,37327033,BSCI02_1704 L.avi,93489,62.326,DColella,2.7,,Posidonia and algae; Dense,60,2,2,2,No
BSCI02_1704,Sphyraenidae,Sphyraena,novaehollandiae,1,37382002,BSCI02_1704 L.avi,32657,21.7713,DColella,2.7,,Posidonia and algae; Dense,60,2,2,2,No
BSCI03_1605,Sphyraenidae,Sphyraena,novaehollandiae,1,37382002,BSCI03_1605_L.avi,134416,44.8053,JHicks,2.2,,Posidonia and algae; Dense,60,2,2,3,No
BSCI03_1605,Sillaginidae,Sillaginodes,punctatus,4,37330001,BSCI03_1605_L.avi,113583,37.861,JHicks,2.2,,Posidonia and algae; Dense,60,2,2,3,No
BSCI03_1605,Atherinidae,Unknown,sp,100,37246911,BSCI03_1605_L.avi,38795,12.9317,JHicks,2.2,,Posidonia and algae; Dense,60,2,2,3,No
BSCI03_1605,Odacidae,Neoodax,balteatus,10,37385005,BSCI03_1605_L.avi,129792,43.264,JHicks,2.2,,Posidonia and algae; Dense,60,2,2,3,No
BSCI03_1605,Rhinobatidae,Trygonorrhina,dumerilii,1,37027011,BSCI03_1605_L.avi,82785,27.595,JHicks,2.2,,Posidonia and algae; Dense,60,2,2,3,No
BSCI03_1704,Terapontidae,Pelates,octolineatus,20,37321020,BSCI03_1704 L.avi,44269,29.5127,DColella,2.9,,Posidonia and algae; Dense,60,1,2,2,No
BSCI03_1704,Sphyraenidae,Sphyraena,novaehollandiae,1,37382002,BSCI03_1704 L.avi,31306,20.8707,DColella,2.9,,Posidonia and algae; Dense,60,1,2,2,No
BSCI03_1704,Monacanthidae,Brachaluteres,jacksonianus,1,37465025,BSCI03_1704 L.avi,22852,15.2347,DColella,2.9,,Posidonia and algae; Dense,60,1,2,2,No
BSCI03_1704,Triakidae,Mustelus,antarcticus,1,37017001,BSCI03_1704 L.avi,26054,17.3693,DColella,2.9,,Posidonia and algae; Dense,60,1,2,2,No
BSCI03_1704,Monacanthidae,Meuschenia,freycineti,1,37465036,BSCI03_1704 L.avi,44559,29.706,DColella,2.9,,Posidonia and algae; Dense,60,1,2,2,No
BSCI03_1704,Odacidae,Neoodax,balteatus,6,37385005,BSCI03_1704 L.avi,20329,13.5527,DColella,2.9,,Posidonia and algae; Dense,60,1,2,2,No
BSCI03_1704,Apogonidae,Vincentia,conspersa,1,37327033,BSCI03_1704 L.avi,42847,28.5647,DColella,2.9,,Posidonia and algae; Dense,60,1,2,2,No
BSCI04_1605,Odacidae,Neoodax,balteatus,10,37385005,BSCI04_1605_L.avi,188009,62.6697,JHicks,2.2,,Posidonia (epiphytes); Dense,60,1,2,3,Yes
BSCI04_1605,Apogonidae,Vincentia,conspersa,1,37327033,BSCI04_1605_L.avi,121589,40.5297,JHicks,2.2,,Posidonia (epiphytes); Dense,60,1,2,3,No
BSCI04_1605,Sillaginidae,Unknown,sp,1,37330000,BSCI04_1605_L.avi,102964,34.3213,JHicks,2.2,,Posidonia (epiphytes); Dense,60,1,2,3,No
BSCI04_1605,Atherinidae,Unknown,sp,50,37246911,BSCI04_1605_L.avi,65907,21.969,JHicks,2.2,,Posidonia (epiphytes); Dense,60,1,2,3,No
BSCI04_1704,Odacidae,Neoodax,balteatus,4,37385005,BSCI04_1704 L.avi,87789,58.526,DColella,2.9,,Posidonia (epiphytes); Medium,60,1,2,2,No
BSCI04_1704,Apogonidae,Siphamia,cephalotes,1,37327032,BSCI04_1704 L.avi,57718,38.4787,DColella,2.9,,Posidonia (epiphytes); Medium,60,1,2,2,No
BSCI04_1704,Pandalidae,Chlorotocella,spinicaudus,1,28770025,BSCI04_1704 L.avi,24215,16.1433,DColella,2.9,,Posidonia (epiphytes); Medium,60,1,2,2,No
BSCO01_1605,Monacanthidae,Acanthaluteres,vittiger,3,37465002,BSCO01_1605_L.avi,48579,16.193,DMale,3.4,,Posidonia (epiphytes); Dense,60,1,2,2,No
BSCO01_1605,Gempylidae,Thyrsites,atun,1,37439001,BSCO01_1605_L.avi,135517,45.1723,DMale,3.4,,Posidonia (epiphytes); Dense,60,1,2,2,No
BSCO01_1605,Odacidae,Neoodax,balteatus,23,37385005,BSCO01_1605_L.avi,58037,19.3457,DMale,3.4,,Posidonia (epiphytes); Dense,60,1,2,2,No
BSCO01_1605,Sillaginidae,Sillaginodes,punctatus,5,37330001,BSCO01_1605_L.avi,105289,35.0963,DMale,3.4,,Posidonia (epiphytes); Dense,60,1,2,2,No
BSCO01_1605,Unknown Fish,Unknown,sp,1,37990078,BSCO01_1605_L.avi,176669,58.8897,DMale,3.4,,Posidonia (epiphytes); Dense,60,1,2,2,No
BSCO01_1704,Rhinobatidae,Trygonorrhina,dumerilii,1,37027011,BSCO01_1704 L.avi,66976,44.6507,DColella,5.2,,Algae; Caulocystis; Dense,60,1,2,2,No
BSCO01_1704,Odacidae,Haletta,semifasciata,6,37385009,BSCO01_1704 L.avi,41905,27.9367,DColella,5.2,,Algae; Caulocystis; Dense,60,1,2,2,No
BSCO01_1704,Odacidae,Neoodax,balteatus,20,37385005,BSCO01_1704 L.avi,17052,11.368,DColella,5.2,,Algae; Caulocystis; Dense,60,1,2,2,No
BSCO01_1704,Carangidae,Pseudocaranx,sp,12,37337924,BSCO01_1704 L.avi,51674,34.4493,DColella,5.2,,Algae; Caulocystis; Dense,60,1,2,2,No
BSCO01_1704,Monacanthidae,Unknown,sp,2,37465903,BSCO01_1704 L.avi,61123,40.7487,DColella,5.2,,Algae; Caulocystis; Dense,60,1,2,2,No
BSCO01_1704,Platycephalidae,Platycephalus,bassensis,1,37296003,BSCO01_1704 L.avi,86703,57.802,DColella,5.2,,Algae; Caulocystis; Dense,60,1,2,2,No
BSCO01_1704,Pandalidae,Chlorotocella,spinicaudus,1,28770025,BSCO01_1704 L.avi,59853,39.902,DColella,5.2,,Algae; Caulocystis; Dense,60,1,2,2,No
BSCO01_1704,Odacidae,Siphonognathus,attenuatus,2,37385004,BSCO01_1704 L.avi,34648,23.0987,DColella,5.2,,Algae; Caulocystis; Dense,60,1,2,2,No
BSCO01_1704,Apogonidae,Siphamia,cephalotes,50,37327032,BSCO01_1704 L.avi,50649,33.766,DColella,5.2,,Algae; Caulocystis; Dense,60,1,2,2,No
BSCO01_1704,Sphyraenidae,Sphyraena,novaehollandiae,1,37382002,BSCO01_1704 L.avi,12942,8.628,DColella,5.2,,Algae; Caulocystis; Dense,60,1,2,2,No
BSCO02_1605,Monacanthidae,Scobinichthys,granulatus,1,37465007,BSCO02_1605_L.avi,67896,22.632,DMale,3.4,,Posidonia (epiphytes); Dense,60,1,2,2,No
BSCO02_1605,Monacanthidae,Eubalichthys,gunnii,2,37465034,BSCO02_1605_L.avi,150684,50.228,DMale,3.4,,Posidonia (epiphytes); Dense,60,1,2,2,No
BSCO02_1605,Apogonidae,Siphamia,cephalotes,150,37327032,BSCO02_1605_L.avi,15133,5.0443,DMale,3.4,,Posidonia (epiphytes); Dense,60,1,2,2,No
BSCO02_1605,Odacidae,Neoodax,balteatus,30,37385005,BSCO02_1605_L.avi,41191,13.7303,DMale,3.4,,Posidonia (epiphytes); Dense,60,1,2,2,No
BSCO02_1605,Mullidae,Upeneichthys,vlamingii,1,37355029,BSCO02_1605_L.avi,101490,33.83,DMale,3.4,,Posidonia (epiphytes); Dense,60,1,2,2,No
BSCO02_1605,Sphyraenidae,Sphyraena,novaehollandiae,5,37382002,BSCO02_1605_L.avi,105923,35.3077,DMale,3.4,,Posidonia (epiphytes); Dense,60,1,2,2,No
BSCO02_1704,Monacanthidae,Unknown,sp,1,37465903,BSCO02_1704 L.avi,17910,11.94,DColella,5.1,,Heterozostera; Medium,60,1,2,1,No
BSCO02_1704,Mullidae,Upeneichthys,vlamingii,6,37355029,BSCO02_1704 L.avi,58182,38.788,DColella,5.1,,Heterozostera; Medium,60,1,2,1,No
BSCO02_1704,Odacidae,Neoodax,balteatus,25,37385005,BSCO02_1704 L.avi,25309,16.8727,DColella,5.1,,Heterozostera; Medium,60,1,2,1,No
BSCO02_1704,Portunidae,Nectocarcinus,integrifrons,1,28911010,BSCO02_1704 L.avi,20873,13.9153,DColella,5.1,,Heterozostera; Medium,60,1,2,1,No
BSCO02_1704,Rhinobatidae,Trygonorrhina,dumerilii,1,37027011,BSCO02_1704 L.avi,97109,64.7393,DColella,5.1,,Heterozostera; Medium,60,1,2,1,No
BSCO02_1704,Loliginidae,Sepioteuthis,australis,1,23617005,BSCO02_1704 L.avi,98088,65.392,DColella,5.1,,Heterozostera; Medium,60,1,2,1,No
BSCO02_1704,Sphyraenidae,Sphyraena,novaehollandiae,1,37382002,BSCO02_1704 L.avi,46413,30.942,DColella,5.1,,Heterozostera; Medium,60,1,2,1,No
BSCO02_1704,Sillaginidae,Sillaginodes,punctatus,3,37330001,BSCO02_1704 L.avi,53707,35.8047,DColella,5.1,,Heterozostera; Medium,60,1,2,1,No
BSCO03_1605,Sillaginidae,Sillaginodes,punctatus,1,37330001,BSCO03_1605_L.avi,114573,38.191,DMale,4.4,,Sand,60,1,2,2,No
BSCO03_1605,Unknown Fish,Unknown,sp,2,37990078,BSCO03_1605_L.avi,117144,39.048,DMale,4.4,,Sand,60,1,2,2,No
BSCO03_1605,Odacidae,Neoodax,balteatus,10,37385005,BSCO03_1605_L.avi,130448,43.4827,DMale,4.4,,Sand,60,1,2,2,No
BSCO03_1704,Monacanthidae,Unknown,sp,3,37465903,BSCO03_1704 L.avi,44045,29.3633,DColella,5.5,,Heterozostera; Dense,60,1,2,1,No
BSCO03_1704,Carangidae,Pseudocaranx,sp,150,37337924,BSCO03_1704 L.avi,74600,49.7333,DColella,5.5,,Heterozostera; Dense,60,1,2,1,No
BSCO03_1704,Odacidae,Siphonognathus,attenuatus,1,37385004,BSCO03_1704 L.avi,85411,56.9407,DColella,5.5,,Heterozostera; Dense,60,1,2,1,No
BSCO03_1704,Majidae,Naxia,aurita,1,28880007,BSCO03_1704 L.avi,92284,61.5227,DColella,5.5,,Heterozostera; Dense,60,1,2,1,No
BSCO03_1704,Platycephalidae,Platycephalus,speculator,1,37296037,BSCO03_1704 L.avi,68453,45.6353,DColella,5.5,,Heterozostera; Dense,60,1,2,1,No
BSCO03_1704,Sillaginidae,Sillaginodes,punctatus,7,37330001,BSCO03_1704 L.avi,78547,52.3647,DColella,5.5,,Heterozostera; Dense,60,1,2,1,No
BSCO03_1704,Syngnathidae,Leptoichthys,fistularius,1,37282013,BSCO03_1704 L.avi,10855,7.2367,DColella,5.5,,Heterozostera; Dense,60,1,2,1,No
BSCO03_1704,Odacidae,Neoodax,balteatus,20,37385005,BSCO03_1704 L.avi,44694,29.796,DColella,5.5,,Heterozostera; Dense,60,1,2,1,No
BSCO03_1704,Mullidae,Upeneichthys,vlamingii,2,37355029,BSCO03_1704 L.avi,52199,34.7993,DColella,5.5,,Heterozostera; Dense,60,1,2,1,No
BSCO03_1704,Apogonidae,Siphamia,cephalotes,2,37327032,BSCO03_1704 L.avi,11319,7.546,DColella,5.5,,Heterozostera; Dense,60,1,2,1,No
BSCO04_1605,Odacidae,Neoodax,balteatus,20,37385005,BSCO04_1605_L.avi,108933,36.311,DMale,3,,Posidonia; Dense,60,1,2,3,No
BSCO04_1605,Odacidae,Haletta,semifasciata,15,37385009,BSCO04_1605_L.avi,72399,24.133,DMale,3,,Posidonia; Dense,60,1,2,3,No
BSCO04_1605,Apogonidae,Siphamia,cephalotes,50,37327032,BSCO04_1605_L.avi,33109,11.0363,DMale,3,,Posidonia; Dense,60,1,2,3,No
BSCO04_1605,Monacanthidae,Acanthaluteres,vittiger,9,37465002,BSCO04_1605_L.avi,80315,26.7717,DMale,3,,Posidonia; Dense,60,1,2,3,No
BSCO04_1605,Monacanthidae,Unknown,sp,15,37465903,BSCO04_1605_L.avi,30368,10.1227,DMale,3,,Posidonia; Dense,60,1,2,3,No
BSCO04_1605,Arripidae,Arripis,georgianus,1,37344001,BSCO04_1605_L.avi,99298,33.0993,DMale,3,,Posidonia; Dense,60,1,2,3,No
BSCO04_1704,Portunidae,Nectocarcinus,integrifrons,1,28911010,BSCO04_1704 L.avi,85375,56.9167,DColella,5.8,,Halophila; medium,60,1,2,2,No
BSCO04_1704,Sillaginidae,Sillaginodes,punctatus,1,37330001,BSCO04_1704 L.avi,38722,25.8147,DColella,5.8,,Halophila; medium,60,1,2,2,No
BSCO04_1704,Platycephalidae,Platycephalus,bassensis,1,37296003,BSCO04_1704 L.avi,26240,17.4933,DColella,5.8,,Halophila; medium,60,1,2,2,No
BSCO04_1704,Monacanthidae,Unknown,sp,1,37465903,BSCO04_1704 L.avi,71157,47.438,DColella,5.8,,Halophila; medium,60,1,2,2,No
BSCO04_1704,Carangidae,Trachurus,sp,5,37337907,BSCO04_1704 L.avi,19626,13.084,DColella,5.8,,Halophila; medium,60,1,2,2,No
BSCO04_1704,Odacidae,Neoodax,balteatus,4,37385005,BSCO04_1704 L.avi,15810,10.54,DColella,5.8,,Halophila; medium,60,1,2,2,No
BSEI01_1605,Gerreidae,Parequula,melbournensis,1,37349001,BSEI01_1605_L.avi,37291,12.4303,DMale,2.2,,Posidonia and algae; Dense,60,1,2,3,No
BSEI01_1605,Odacidae,Neoodax,balteatus,12,37385005,BSEI01_1605_L.avi,161091,53.697,DMale,2.2,,Posidonia and algae; Dense,60,1,2,3,No
BSEI01_1605,Unknown Fish,Unknown,sp,1,37990078,BSEI01_1605_L.avi,43155,14.385,DMale,2.2,,Posidonia and algae; Dense,60,1,2,3,No
BSEI01_1605,Apogonidae,Siphamia,cephalotes,1,37327032,BSEI01_1605_L.avi,31487,10.4957,DMale,2.2,,Posidonia and algae; Dense,60,1,2,3,No
BSEI01_1605,Sillaginidae,Sillaginodes,punctatus,2,37330001,BSEI01_1605_L.avi,68162,22.7207,DMale,2.2,,Posidonia and algae; Dense,60,1,2,3,No
BSEI01_1704,Sillaginidae,Sillaginodes,punctatus,4,37330001,BSEI01_1704 L.avi,72829,48.5527,DColella,2.6,,Halophila and Zostera; Medium,60,1,2,2,No
BSEI01_1704,Portunidae,Portunus,armatus,1,28911005,BSEI01_1704 L.avi,20498,13.6653,DColella,2.6,,Halophila and Zostera; Medium,60,1,2,2,No
BSEI01_1704,Portunidae,Nectocarcinus,integrifrons,3,28911010,BSEI01_1704 L.avi,91284,60.856,DColella,2.6,,Halophila and Zostera; Medium,60,1,2,2,No
BSEI01_1704,Odacidae,Neoodax,balteatus,1,37385005,BSEI01_1704 L.avi,28480,18.9867,DColella,2.6,,Halophila and Zostera; Medium,60,1,2,2,No
BSEI02_1605,Arripidae,Arripis,georgianus,1,37344001,BSEI02_1605_L.avi,123253,41.0843,DMale,2,,Posidonia (epiphytes); Dense,60,1,2,3,No
BSEI02_1605,Odacidae,Neoodax,balteatus,1,37385005,BSEI02_1605_L.avi,178686,59.562,DMale,2,,Posidonia (epiphytes); Dense,60,1,2,3,No
BSEI02_1605,Sillaginidae,Sillaginodes,punctatus,5,37330001,BSEI02_1605_L.avi,62956,20.9853,DMale,2,,Posidonia (epiphytes); Dense,60,1,2,3,No
BSEI02_1605,Unknown Fish,Unknown,sp,1,37990078,BSEI02_1605_L.avi,27989,9.3297,DMale,2,,Posidonia (epiphytes); Dense,60,1,2,3,No
BSEI02_1605,Apogonidae,Siphamia,cephalotes,1,37327032,BSEI02_1605_L.avi,32052,10.684,DMale,2,,Posidonia (epiphytes); Dense,60,1,2,3,No
BSEI02_1704,Arripidae,Arripis,truttaceus,3,37344004,BSEI02_1704 R.avi,51871,34.5807,DColella,2.6,Right cam only,Algae; Caulocystis; Medium,60,1,2,3,No
BSEI02_1704,Tetraodontidae,Tetractenos,glaber,1,37467003,BSEI02_1704 R.avi,45429,30.286,DColella,2.6,Right cam only,Algae; Caulocystis; Medium,60,1,2,3,No
BSEI02_1704,Odacidae,Neoodax,balteatus,2,37385005,BSEI02_1704 R.avi,32605,21.7367,DColella,2.6,Right cam only,Algae; Caulocystis; Medium,60,1,2,3,No
BSEI02_1704,Portunidae,Nectocarcinus,integrifrons,2,28911010,BSEI02_1704 R.avi,58365,38.91,DColella,2.6,Right cam only,Algae; Caulocystis; Medium,60,1,2,3,No
BSEI02_1704,Sillaginidae,Sillaginodes,punctatus,1,37330001,BSEI02_1704 R.avi,31055,20.7033,DColella,2.6,Right cam only,Algae; Caulocystis; Medium,60,1,2,3,No
BSEI03_1605,Atherinidae,Unknown,sp,100,37246911,BSEI03_1605_L.avi,177966,59.322,DMale,2.2,,Posidonia (epiphytes); Dense,60,1,2,3,No
BSEI03_1605,Sillaginidae,Sillaginodes,punctatus,4,37330001,BSEI03_1605_L.avi,126845,42.2817,DMale,2.2,,Posidonia (epiphytes); Dense,60,1,2,3,No
BSEI03_1704,Terapontidae,Pelates,octolineatus,2,37321020,BSEI03_1704 L.avi,64782,43.188,DColella,3,,Algae obscuring view,60,3,2,3,No
BSEI03_1704,Odacidae,Neoodax,balteatus,2,37385005,BSEI03_1704 L.avi,47808,31.872,DColella,3,,Algae obscuring view,60,3,2,3,No
BSEI04_1605,Unknown Fish,Unknown,sp,2,37990078,BSEI04_1605_L.avi,71641,23.8803,DMale,2.6,Bad visibility,Posidonia (epiphytes); Dense,60,1,2,3,No
BSEI04_1605,Sillaginidae,Sillaginodes,punctatus,2,37330001,BSEI04_1605_L.avi,95897,31.9657,DMale,2.6,Bad visibility,Posidonia (epiphytes); Dense,60,1,2,3,No
BSEI04_1605,Odacidae,Neoodax,balteatus,4,37385005,BSEI04_1605_L.avi,153421,51.1403,DMale,2.6,Bad visibility,Posidonia (epiphytes); Dense,60,1,2,3,No
BSEI04_1704,Terapontidae,Pelates,octolineatus,50,37321020,BSEI04_1704 L.avi,53559,35.706,DColella,3.6,,Posidonia (epiphytes); Dense,60,2,2,2,Yes
BSEI04_1704,Syngnathidae,Leptoichthys,fistularius,1,37282013,BSEI04_1704 L.avi,16161,10.774,DColella,3.6,,Posidonia (epiphytes); Dense,60,2,2,2,No
BSEI04_1704,Monacanthidae,Unknown,sp,2,37465903,BSEI04_1704 L.avi,94233,62.822,DColella,3.6,,Posidonia (epiphytes); Dense,60,2,2,2,No
BSEI04_1704,Triakidae,Mustelus,antarcticus,1,37017001,BSEI04_1704 L.avi,80508,53.672,DColella,3.6,,Posidonia (epiphytes); Dense,60,2,2,2,No
BSEI04_1704,Odacidae,Neoodax,balteatus,5,37385005,BSEI04_1704 L.avi,36570,24.38,DColella,3.6,,Posidonia (epiphytes); Dense,60,2,2,2,Yes
BSEI04_1704,Gerreidae,Parequula,melbournensis,6,37349001,BSEI04_1704 L.avi,48722,32.4813,DColella,3.6,,Posidonia (epiphytes); Dense,60,2,2,2,No
BSEO01_1605,Unknown Fish,Unknown,sp,1,37990078,BSEO01_1605_L.avi,99732,33.244,DMale,2,,Posidonia; Dense,60,1,2,2,Yes
BSEO01_1605,Apogonidae,Siphamia,cephalotes,5,37327032,BSEO01_1605_L.avi,35476,11.8253,DMale,2,,Posidonia; Dense,60,1,2,2,No
BSEO01_1605,Ostraciidae,Aracana,ornata,1,37466001,BSEO01_1605_L.avi,102461,34.1537,DMale,2,,Posidonia; Dense,60,1,2,2,No
BSEO01_1605,Sillaginidae,Sillaginodes,punctatus,15,37330001,BSEO01_1605_L.avi,127399,42.4663,DMale,2,,Posidonia; Dense,60,1,2,2,No
BSEO01_1605,Delphinidae,Tursiops,truncatus,1,41116019,BSEO01_1605_L.avi,168722,56.2407,DMale,2,,Posidonia; Dense,60,1,2,2,No
BSEO01_1605,Terapontidae,Pelates,octolineatus,80,37321020,BSEO01_1605_L.avi,30792,10.264,DMale,2,,Posidonia; Dense,60,1,2,2,No
BSEO01_1605,Monacanthidae,Acanthaluteres,brownii,60,37465001,BSEO01_1605_L.avi,32809,10.9363,DMale,2,,Posidonia; Dense,60,1,2,2,No
BSEO01_1605,Monacanthidae,Acanthaluteres,spilomelanurus,12,37465043,BSEO01_1605_L.avi,93771,31.257,DMale,2,,Posidonia; Dense,60,1,2,2,No
BSEO01_1605,Monacanthidae,Unknown,sp,1,37465903,BSEO01_1605_L.avi,18261,6.087,DMale,2,,Posidonia; Dense,60,1,2,2,No
BSEO01_1605,Odacidae,Neoodax,balteatus,30,37385005,BSEO01_1605_L.avi,92459,30.8197,DMale,2,,Posidonia; Dense,60,1,2,2,No
BSEO01_1605,Monacanthidae,Scobinichthys,granulatus,1,37465007,BSEO01_1605_L.avi,178107,59.369,DMale,2,,Posidonia; Dense,60,1,2,2,No
BSEO01_1704,Rhinobatidae,Trygonorrhina,dumerilii,1,37027011,BSEO01_1704 L.avi,19700,13.1333,DColella,5.8,,Halophila; medium,60,1,2,2,No
BSEO01_1704,Monacanthidae,Unknown,sp,3,37465903,BSEO01_1704 L.avi,52626,35.084,DColella,5.8,,Halophila; medium,60,1,2,2,No
BSEO01_1704,Gerreidae,Parequula,melbournensis,2,37349001,BSEO01_1704 L.avi,67283,44.8553,DColella,5.8,,Halophila; medium,60,1,2,2,No
BSEO01_1704,Sillaginidae,Sillaginodes,punctatus,2,37330001,BSEO01_1704 L.avi,87114,58.076,DColella,5.8,,Halophila; medium,60,1,2,2,No
BSEO01_1704,Portunidae,Portunus,armatus,1,28911005,BSEO01_1704 L.avi,77652,51.768,DColella,5.8,,Halophila; medium,60,1,2,2,No
BSEO01_1704,Odacidae,Neoodax,balteatus,5,37385005,BSEO01_1704 L.avi,28808,19.2053,DColella,5.8,,Halophila; medium,60,1,2,2,No
BSEO01_1704,Mullidae,Upeneichthys,vlamingii,1,37355029,BSEO01_1704 L.avi,63009,42.006,DColella,5.8,,Halophila; medium,60,1,2,2,No
BSEO01_1704,Platycephalidae,Platycephalus,bassensis,1,37296003,BSEO01_1704 L.avi,38920,25.9467,DColella,5.8,,Halophila; medium,60,1,2,2,No
BSEO02_1605,Odacidae,Neoodax,balteatus,8,37385005,BSEO02_1605_L.avi,154225,51.4083,DMale,2.7,,Posidonia (epiphytes); Dense,60,1,2,3,No
BSEO02_1605,Sphyraenidae,Sphyraena,novaehollandiae,2,37382002,BSEO02_1605_L.avi,11275,3.7583,DMale,2.7,,Posidonia (epiphytes); Dense,60,1,2,3,No
BSEO02_1605,Sillaginidae,Sillaginodes,punctatus,7,37330001,BSEO02_1605_L.avi,60104,20.0347,DMale,2.7,,Posidonia (epiphytes); Dense,60,1,2,3,No
BSEO02_1605,Monacanthidae,Brachaluteres,jacksonianus,1,37465025,BSEO02_1605_L.avi,28679,9.5597,DMale,2.7,,Posidonia (epiphytes); Dense,60,1,2,3,No
BSEO02_1605,Unknown Fish,Unknown,sp,1,37990078,BSEO02_1605_L.avi,125065,41.6883,DMale,2.7,,Posidonia (epiphytes); Dense,60,1,2,3,No
BSEO02_1605,Monacanthidae,Eubalichthys,gunnii,1,37465034,BSEO02_1605_L.avi,118571,39.5237,DMale,2.7,,Posidonia (epiphytes); Dense,60,1,2,3,Yes
BSEO02_1605,Majidae,Leptomithrax,gaimardii,1,28880010,BSEO02_1605_L.avi,67585,22.5283,DMale,2.7,,Posidonia (epiphytes); Dense,60,1,2,3,No
BSEO02_1605,Monacanthidae,Unknown,sp,15,37465903,BSEO02_1605_L.avi,63124,21.0413,DMale,2.7,,Posidonia (epiphytes); Dense,60,1,2,3,No
BSEO02_1704,Monacanthidae,Thamnaconus,degeni,100,37465037,BSEO02_1704 L.avi,68456,45.6373,DColella,5.7,,Halophila; Dense,60,1,2,2,No
BSEO02_1704,Mullidae,Upeneichthys,vlamingii,2,37355029,BSEO02_1704 L.avi,46704,31.136,DColella,5.7,,Halophila; Dense,60,1,2,2,No
BSEO02_1704,Apogonidae,Siphamia,cephalotes,3,37327032,BSEO02_1704 L.avi,30157,20.1047,DColella,5.7,,Halophila; Dense,60,1,2,2,No
BSEO02_1704,Gerreidae,Parequula,melbournensis,13,37349001,BSEO02_1704 L.avi,46311,30.874,DColella,5.7,,Halophila; Dense,60,1,2,2,No
BSEO02_1704,Dasyatidae,Dasyatis,brevicaudata,1,37035001,BSEO02_1704 L.avi,48385,32.2567,DColella,5.7,,Halophila; Dense,60,1,2,2,Yes
BSEO02_1704,Carangidae,Pseudocaranx,sp,1,37337924,BSEO02_1704 L.avi,35958,23.972,DColella,5.7,,Halophila; Dense,60,1,2,2,No
BSEO02_1704,Odacidae,Neoodax,balteatus,3,37385005,BSEO02_1704 L.avi,25723,17.1487,DColella,5.7,,Halophila; Dense,60,1,2,2,No
BSEO02_1704,Platycephalidae,Platycephalus,bassensis,1,37296003,BSEO02_1704 L.avi,21939,14.626,DColella,5.7,,Halophila; Dense,60,1,2,2,No
BSEO03_1605,Majidae,Leptomithrax,gaimardii,1,28880010,BSEO03_1605_L.avi,96279,32.093,DMale,3.5,,Sand,60,1,2,3,No
BSEO03_1605,Syngnathidae,Hippocampus,sp,1,37282900,BSEO03_1605_L.avi,20681,6.8937,DMale,3.5,,Sand,60,1,2,3,No
BSEO03_1605,Portunidae,Nectocarcinus,integrifrons,4,28911010,BSEO03_1605_L.avi,159828,53.276,DMale,3.5,,Sand,60,1,2,3,No
BSEO03_1605,Monacanthidae,Meuschenia,freycineti,1,37465036,BSEO03_1605_L.avi,130176,43.392,DMale,3.5,,Sand,60,1,2,3,No
BSEO03_1704,Platycephalidae,Platycephalus,bassensis,2,37296003,BSEO03_1704 L.avi,92002,61.3347,DColella,5.7,,Halophila; medium,60,1,2,2,No
BSEO03_1704,Odacidae,Neoodax,balteatus,8,37385005,BSEO03_1704 L.avi,38001,25.334,DColella,5.7,,Halophila; medium,60,1,2,2,No
BSEO03_1704,Monacanthidae,Unknown,sp,2,37465903,BSEO03_1704 L.avi,69001,46.0007,DColella,5.7,,Halophila; medium,60,1,2,2,No
BSEO03_1704,Heterodontidae,Heterodontus,portusjacksoni,2,37007001,BSEO03_1704 L.avi,66166,44.1107,DColella,5.7,,Halophila; medium,60,1,2,2,No
BSEO03_1704,Dasyatidae,Dasyatis,brevicaudata,1,37035001,BSEO03_1704 L.avi,85977,57.318,DColella,5.7,,Halophila; medium,60,1,2,2,No
BSEO03_1704,Carangidae,Trachurus,novaezelandiae,1,37337003,BSEO03_1704 L.avi,44923,29.9487,DColella,5.7,,Halophila; medium,60,1,2,2,No
BSEO03_1704,Sillaginidae,Sillaginodes,punctatus,1,37330001,BSEO03_1704 L.avi,58366,38.9107,DColella,5.7,,Halophila; medium,60,1,2,2,No
BSEO04_1605,Unknown Fish,Unknown,sp,2,37990078,BSEO04_1605_L.avi,115480,38.4933,DMale,1.9,,Posidonia; Dense,60,1,2,2,No
BSEO04_1605,Monacanthidae,Meuschenia,freycineti,2,37465036,BSEO04_1605_L.avi,162978,54.326,DMale,1.9,,Posidonia; Dense,60,1,2,2,No
BSEO04_1605,Odacidae,Neoodax,balteatus,11,37385005,BSEO04_1605_L.avi,114470,38.1567,DMale,1.9,,Posidonia; Dense,60,1,2,2,No
BSEO04_1605,Ostraciidae,Aracana,ornata,1,37466001,BSEO04_1605_L.avi,123904,41.3013,DMale,1.9,,Posidonia; Dense,60,1,2,2,No
BSEO04_1605,Majidae,Leptomithrax,gaimardii,1,28880010,BSEO04_1605_L.avi,161900,53.9667,DMale,1.9,,Posidonia; Dense,60,1,2,2,No
BSEO04_1704,Gobiidae,Unknown,sp,3,37428000,BSEO04_1704 L.avi,18373,12.2487,DColella,5.6,,Sand,60,1,2,2,No
BSEO04_1704,Monacanthidae,Unknown,sp,1,37465903,BSEO04_1704 L.avi,66194,44.1293,DColella,5.6,,Sand,60,1,2,2,No
BSEO04_1704,Mullidae,Upeneichthys,vlamingii,1,37355029,BSEO04_1704 L.avi,85408,56.9387,DColella,5.6,,Sand,60,1,2,2,No
BSEO04_1704,Pinguipedidae,Parapercis,haackei,1,37390004,BSEO04_1704 L.avi,21538,14.3587,DColella,5.6,,Sand,60,1,2,2,No
BSEO04_1704,Platycephalidae,Platycephalus,bassensis,4,37296003,BSEO04_1704 L.avi,81931,54.6207,DColella,5.6,,Sand,60,1,2,2,No
BSEO04_1704,Dasyatidae,Dasyatis,brevicaudata,1,37035001,BSEO04_1704 L.avi,96880,64.5867,DColella,5.6,,Sand,60,1,2,2,No
BSEO04_1704,Sillaginidae,Sillaginodes,punctatus,1,37330001,BSEO04_1704 L.avi,55028,36.6853,DColella,5.6,,Sand,60,1,2,2,No
BSWI01_1605,Monacanthidae,Unknown,sp,1,37465903,BSWI01_1605_L.avi,34688,11.5627,JHicks,1.9,,Posidonia and algae; Dense,60,2,2,3,No
BSWI01_1605,Odacidae,Neoodax,balteatus,12,37385005,BSWI01_1605_L.avi,89222,29.7407,JHicks,1.9,,Posidonia and algae; Dense,60,2,2,3,No
BSWI01_1605,Portunidae,Nectocarcinus,integrifrons,1,28911010,BSWI01_1605_L.avi,178564,59.5213,JHicks,1.9,,Posidonia and algae; Dense,60,2,2,3,Yes
BSWI01_1605,Atherinidae,Unknown,sp,99,37246911,BSWI01_1605_L.avi,63678,21.226,JHicks,1.9,,Posidonia and algae; Dense,60,2,2,3,No
BSWI01_1704,Gerreidae,Parequula,melbournensis,1,37349001,BSWI01_1704 L.avi,57037,38.0247,DMale,2.5,,Posidonia (epiphytes); Dense,60,1,2,2,No
BSWI01_1704,Heterodontidae,Heterodontus,portusjacksoni,1,37007001,BSWI01_1704 L.avi,37068,24.712,DMale,2.5,,Posidonia (epiphytes); Dense,60,1,2,2,No
BSWI01_1704,Monacanthidae,Acanthaluteres,spilomelanurus,1,37465043,BSWI01_1704 L.avi,91515,61.01,DMale,2.5,,Posidonia (epiphytes); Dense,60,1,2,2,No
BSWI01_1704,Odacidae,Neoodax,balteatus,20,37385005,BSWI01_1704 L.avi,86596,57.7307,DMale,2.5,,Posidonia (epiphytes); Dense,60,1,2,2,No
BSWI01_1704,Portunidae,Nectocarcinus,integrifrons,1,28911010,BSWI01_1704 L.avi,33963,22.642,DMale,2.5,,Posidonia (epiphytes); Dense,60,1,2,2,No
BSWI01_1704,Rhinobatidae,Trygonorrhina,dumerilii,1,37027011,BSWI01_1704 L.avi,85016,56.6773,DMale,2.5,,Posidonia (epiphytes); Dense,60,1,2,2,No
BSWI01_1704,Arripidae,Arripis,truttaceus,1,37344004,BSWI01_1704 L.avi,68878,45.9187,DMale,2.5,,Posidonia (epiphytes); Dense,60,1,2,2,No
BSWI01_1704,Atherinidae,Unknown,sp,150,37246000,BSWI01_1704 L.avi,12294,8.196,DMale,2.5,,Posidonia (epiphytes); Dense,60,1,2,2,No
BSWI02_1605,Rhinobatidae,Trygonorrhina,dumerilii,1,37027011,BSWI02_1605_L.avi,60199,20.0663,JHicks,2.1,,Posidonia (epiphytes); Dense,60,1,2,3,No
BSWI02_1605,Odacidae,Neoodax,balteatus,19,37385005,BSWI02_1605_L.avi,101358,33.786,JHicks,2.1,,Posidonia (epiphytes); Dense,60,1,2,3,Yes
BSWI02_1605,Sillaginidae,Unknown,sp,1,37330000,BSWI02_1605_L.avi,108995,36.3317,JHicks,2.1,,Posidonia (epiphytes); Dense,60,1,2,3,No
BSWI02_1704,Apogonidae,Vincentia,conspersa,1,37327033,BSWI02_1704 L.avi,12916,8.6107,DMale,2.6,,Posidonia (epiphytes); Dense,60,2,2,2,No
BSWI02_1704,Terapontidae,Pelates,octolineatus,60,37321020,BSWI02_1704 L.avi,88273,58.8487,DMale,2.6,,Posidonia (epiphytes); Dense,60,2,2,2,No
BSWI02_1704,Portunidae,Nectocarcinus,integrifrons,1,28911010,BSWI02_1704 L.avi,40420,26.9467,DMale,2.6,,Posidonia (epiphytes); Dense,60,2,2,2,No
BSWI02_1704,Odacidae,Neoodax,balteatus,12,37385005,BSWI02_1704 L.avi,62967,41.978,DMale,2.6,,Posidonia (epiphytes); Dense,60,2,2,2,Yes
BSWI02_1704,Odacidae,Haletta,semifasciata,1,37385009,BSWI02_1704 L.avi,28499,18.9993,DMale,2.6,,Posidonia (epiphytes); Dense,60,2,2,2,No
BSWI02_1704,Monacanthidae,Unknown,sp,1,37465903,BSWI02_1704 L.avi,48267,32.178,DMale,2.6,,Posidonia (epiphytes); Dense,60,2,2,2,No
BSWI02_1704,Monacanthidae,Acanthaluteres,vittiger,1,37465002,BSWI02_1704 L.avi,22589,15.0593,DMale,2.6,,Posidonia (epiphytes); Dense,60,2,2,2,No
BSWI02_1704,Atherinidae,Kestratherina,esox,150,37246003,BSWI02_1704 L.avi,21166,14.1107,DMale,2.6,,Posidonia (epiphytes); Dense,60,2,2,2,No
BSWI02_1704,Hemiramphidae,Hyporhamphus,melanochir,25,37234001,BSWI02_1704 L.avi,66801,44.534,DMale,2.6,,Posidonia (epiphytes); Dense,60,2,2,2,No
BSWI03_1605,Odacidae,Neoodax,balteatus,18,37385005,BSWI03_1605_L.avi,84371,28.1237,JHicks,2,,Posidonia and algae; Dense,60,1,2,2,No
BSWI03_1605,Atherinidae,Unknown,sp,49,37246911,BSWI03_1605_L.avi,43361,14.4537,JHicks,2,,Posidonia and algae; Dense,60,1,2,2,No
BSWI03_1605,Apogonidae,Vincentia,conspersa,1,37327033,BSWI03_1605_L.avi,72838,24.2793,JHicks,2,,Posidonia and algae; Dense,60,1,2,2,No
BSWI03_1605,Monacanthidae,Meuschenia,freycineti,1,37465036,BSWI03_1605_L.avi,166128,55.376,JHicks,2,,Posidonia and algae; Dense,60,1,2,2,No
BSWI03_1605,Monacanthidae,Unknown,sp,5,37465903,BSWI03_1605_L.avi,75498,25.166,JHicks,2,,Posidonia and algae; Dense,60,1,2,2,No
BSWI03_1605,Sillaginidae,Unknown,sp,1,37330000,BSWI03_1605_L.avi,143214,47.738,JHicks,2,,Posidonia and algae; Dense,60,1,2,2,No
BSWI03_1605,Hemiramphidae,Hyporhamphus,melanochir,4,37234001,BSWI03_1605_L.avi,69260,23.0867,JHicks,2,,Posidonia and algae; Dense,60,1,2,2,No
BSWI03_1704,Monacanthidae,Unknown,sp,1,37465903,BSWI03_1704 L.avi,25456,16.9707,DMale,2.5,,Posidonia (epiphytes); Dense,60,1,2,2,No
BSWI03_1704,Apogonidae,Vincentia,conspersa,2,37327033,BSWI03_1704 L.avi,30517,20.3447,DMale,2.5,,Posidonia (epiphytes); Dense,60,1,2,2,No
BSWI03_1704,Apogonidae,Siphamia,cephalotes,1,37327032,BSWI03_1704 L.avi,43692,29.128,DMale,2.5,,Posidonia (epiphytes); Dense,60,1,2,2,No
BSWI03_1704,Portunidae,Nectocarcinus,integrifrons,1,28911010,BSWI03_1704 L.avi,26592,17.728,DMale,2.5,,Posidonia (epiphytes); Dense,60,1,2,2,No
BSWI03_1704,Odacidae,Neoodax,balteatus,15,37385005,BSWI03_1704 L.avi,55668,37.112,DMale,2.5,,Posidonia (epiphytes); Dense,60,1,2,2,No
BSWI03_1704,Rhinobatidae,Trygonorrhina,dumerilii,1,37027011,BSWI03_1704 L.avi,71965,47.9767,DMale,2.5,,Posidonia (epiphytes); Dense,60,1,2,2,No
BSWI03_1704,Syngnathidae,Unknown,sp,2,37282000,BSWI03_1704 L.avi,20876,13.9173,DMale,2.5,,Posidonia (epiphytes); Dense,60,1,2,2,No
BSWI03_1704,Sillaginidae,Sillaginodes,punctatus,1,37330001,BSWI03_1704 L.avi,69976,46.6507,DMale,2.5,,Posidonia (epiphytes); Dense,60,1,2,2,No
BSWI03_1704,Sphyraenidae,Sphyraena,novaehollandiae,1,37382002,BSWI03_1704 L.avi,62546,41.6973,DMale,2.5,,Posidonia (epiphytes); Dense,60,1,2,2,No
BSWI03_1704,Rhinobatidae,Aptychotrema,vincentiana,1,37027001,BSWI03_1704 L.avi,62914,41.9427,DMale,2.5,,Posidonia (epiphytes); Dense,60,1,2,2,No
BSWI04_1605,Odacidae,Haletta,semifasciata,3,37385009,BSWI04_1605_L.avi,180501,60.167,JHicks,2.6,,Posidonia (epiphytes); Dense,60,2,2,2,No
BSWI04_1605,Odacidae,Neoodax,balteatus,13,37385005,BSWI04_1605_L.avi,142159,47.3863,JHicks,2.6,,Posidonia (epiphytes); Dense,60,2,2,2,Yes
BSWI04_1605,Monacanthidae,Unknown,sp,1,37465903,BSWI04_1605_L.avi,177476,59.1587,JHicks,2.6,,Posidonia (epiphytes); Dense,60,2,2,2,No
BSWI04_1605,Arripidae,Arripis,truttaceus,1,37344004,BSWI04_1605_L.avi,60264,20.088,JHicks,2.6,,Posidonia (epiphytes); Dense,60,2,2,2,No
BSWI04_1605,Dinolestidae,Dinolestes,lewini,1,37327002,BSWI04_1605_L.avi,159869,53.2897,JHicks,2.6,,Posidonia (epiphytes); Dense,60,2,2,2,No
BSWI04_1605,Portunidae,Nectocarcinus,integrifrons,1,28911010,BSWI04_1605_L.avi,64038,21.346,JHicks,2.6,,Posidonia (epiphytes); Dense,60,2,2,2,No
BSWI04_1704,Odacidae,Neoodax,balteatus,25,37385005,BSWI04_1704 L.avi,45213,30.142,DMale,2.5,,Posidonia (epiphytes); Dense,60,1,2,2,No
BSWI04_1704,Sphyraenidae,Sphyraena,novaehollandiae,1,37382002,BSWI04_1704 L.avi,34445,22.9633,DMale,2.5,,Posidonia (epiphytes); Dense,60,1,2,2,No
BSWI04_1704,Sillaginidae,Sillaginodes,punctatus,1,37330001,BSWI04_1704 L.avi,40659,27.106,DMale,2.5,,Posidonia (epiphytes); Dense,60,1,2,2,No
BSWI04_1704,Portunidae,Nectocarcinus,integrifrons,2,28911010,BSWI04_1704 L.avi,89837,59.8913,DMale,2.5,,Posidonia (epiphytes); Dense,60,1,2,2,No
BSWI04_1704,Loliginidae,Sepioteuthis,australis,1,23617005,BSWI04_1704 L.avi,66515,44.3433,DMale,2.5,,Posidonia (epiphytes); Dense,60,1,2,2,No
BSWI04_1704,Atherinidae,Unknown,sp,150,37246000,BSWI04_1704 L.avi,22659,15.106,DMale,2.5,,Posidonia (epiphytes); Dense,60,1,2,2,No
BSWI04_1704,Apogonidae,Vincentia,conspersa,2,37327033,BSWI04_1704 L.avi,51434,34.2893,DMale,2.5,,Posidonia (epiphytes); Dense,60,1,2,2,No
BSWI04_1704,Rhinobatidae,Trygonorrhina,dumerilii,1,37027011,BSWI04_1704 L.avi,47284,31.5227,DMale,2.5,,Posidonia (epiphytes); Dense,60,1,2,2,No
BSWO01_1605,Odacidae,Neoodax,balteatus,13,37385005,BSWO01_1605_L.avi,147188,49.0627,DMale,3.4,,Posidonia and algae; Dense,60,1,2,3,No
BSWO01_1605,Unknown Fish,Unknown,sp,2,37990078,BSWO01_1605_L.avi,158805,52.935,DMale,3.4,,Posidonia and algae; Dense,60,1,2,3,No
BSWO01_1605,Octopodidae,Unknown,sp,1,23659921,BSWO01_1605_L.avi,144863,48.2877,DMale,3.4,,Posidonia and algae; Dense,60,1,2,3,No
BSWO01_1704,Monacanthidae,Acanthaluteres,sp,14,37465905,BSWO01_1704 L.avi,29850,19.9,DColella,1.9,,Heterozostera; Dense,60,1,2,1,No
BSWO01_1704,Portunidae,Nectocarcinus,integrifrons,1,28911010,BSWO01_1704 L.avi,28446,18.964,DColella,1.9,,Heterozostera; Dense,60,1,2,1,No
BSWO01_1704,Loliginidae,Sepioteuthis,australis,1,23617005,BSWO01_1704 L.avi,20476,13.6507,DColella,1.9,,Heterozostera; Dense,60,1,2,1,No
BSWO01_1704,Odacidae,Haletta,semifasciata,3,37385009,BSWO01_1704 L.avi,95755,63.8367,DColella,1.9,,Heterozostera; Dense,60,1,2,1,Yes
BSWO01_1704,Odacidae,Neoodax,balteatus,5,37385005,BSWO01_1704 L.avi,45967,30.6447,DColella,1.9,,Heterozostera; Dense,60,1,2,1,No
BSWO01_1704,Arripidae,Arripis,georgianus,2,37344001,BSWO01_1704 L.avi,75639,50.426,DColella,1.9,,Heterozostera; Dense,60,1,2,1,No
BSWO02_1605,Majidae,Leptomithrax,gaimardii,1,28880010,BSWO02_1605_L.avi,90901,30.3003,DMale,3.8,,Algae and heterozostera; Medium,60,1,2,2,No
BSWO02_1605,Octopodidae,Unknown,sp,1,23659921,BSWO02_1605_L.avi,102946,34.3153,DMale,3.8,,Algae and heterozostera; Medium,60,1,2,2,No
BSWO02_1605,Portunidae,Nectocarcinus,integrifrons,1,28911010,BSWO02_1605_L.avi,63327,21.109,DMale,3.8,,Algae and heterozostera; Medium,60,1,2,2,No
BSWO02_1605,Odacidae,Neoodax,balteatus,6,37385005,BSWO02_1605_L.avi,131855,43.9517,DMale,3.8,,Algae and heterozostera; Medium,60,1,2,2,No
BSWO02_1704,Portunidae,Nectocarcinus,integrifrons,1,28911010,BSWO02_1704_L.avi,40837,27.2247,DColella,1.5,,Posidonia (epiphytes); Dense,60,1,2,1,Yes
BSWO02_1704,Odacidae,Neoodax,balteatus,5,37385005,BSWO02_1704_L.avi,90187,60.1247,DColella,1.5,,Posidonia (epiphytes); Dense,60,1,2,1,Yes
BSWO02_1704,Odacidae,Haletta,semifasciata,1,37385009,BSWO02_1704_L.avi,76670,51.1133,DColella,1.5,,Posidonia (epiphytes); Dense,60,1,2,1,No
BSWO02_1704,Monacanthidae,Unknown,sp,1,37465903,BSWO02_1704_L.avi,25075,16.7167,DColella,1.5,,Posidonia (epiphytes); Dense,60,1,2,1,No
BSWO02_1704,Arripidae,Arripis,truttaceus,1,37344004,BSWO02_1704_L.avi,84647,56.4313,DColella,1.5,,Posidonia (epiphytes); Dense,60,1,2,1,No
BSWO02_1704,Sillaginidae,Sillaginodes,punctatus,1,37330001,BSWO02_1704_L.avi,55305,36.87,DColella,1.5,,Posidonia (epiphytes); Dense,60,1,2,1,No
BSWO03_1605,Sphyraenidae,Sphyraena,novaehollandiae,2,37382002,BSWO03_1605_L.avi,158572,52.8573,DMale,3.7,,Posidonia and algae; Dense,60,1,2,2,No
BSWO03_1605,Sillaginidae,Sillaginodes,punctatus,1,37330001,BSWO03_1605_L.avi,137335,45.7783,DMale,3.7,,Posidonia and algae; Dense,60,1,2,2,No
BSWO03_1605,Odacidae,Neoodax,balteatus,10,37385005,BSWO03_1605_L.avi,152201,50.7337,DMale,3.7,,Posidonia and algae; Dense,60,1,2,2,No
BSWO03_1605,Monacanthidae,Acanthaluteres,spilomelanurus,1,37465043,BSWO03_1605_L.avi,85847,28.6157,DMale,3.7,,Posidonia and algae; Dense,60,1,2,2,No
BSWO03_1605,Monacanthidae,Unknown,sp,19,37465903,BSWO03_1605_L.avi,140106,46.702,DMale,3.7,,Posidonia and algae; Dense,60,1,2,2,No
BSWO03_1605,Odacidae,Siphonognathus,attenuatus,1,37385004,BSWO03_1605_L.avi,77452,25.8173,DMale,3.7,,Posidonia and algae; Dense,60,1,2,2,No
BSWO03_1605,Majidae,Leptomithrax,gaimardii,2,28880010,BSWO03_1605_L.avi,79950,26.65,DMale,3.7,,Posidonia and algae; Dense,60,1,2,2,Yes
BSWO03_1605,Portunidae,Nectocarcinus,integrifrons,1,28911010,BSWO03_1605_L.avi,172849,57.6163,DMale,3.7,,Posidonia and algae; Dense,60,1,2,2,Yes
BSWO03_1605,Apogonidae,Vincentia,conspersa,1,37327033,BSWO03_1605_L.avi,56616,18.872,DMale,3.7,,Posidonia and algae; Dense,60,1,2,2,No
BSWO03_1704,Sillaginidae,Sillaginodes,punctatus,5,37330001,BSWO03_1704_L.avi,67962,45.308,DColella,2.1,,Posidonia (epiphytes); Medium,60,1,2,1,No
BSWO03_1704,Portunidae,Nectocarcinus,integrifrons,2,28911010,BSWO03_1704_L.avi,46266,30.844,DColella,2.1,,Posidonia (epiphytes); Medium,60,1,2,1,No
BSWO03_1704,Odacidae,Neoodax,balteatus,12,37385005,BSWO03_1704_L.avi,33016,22.0107,DColella,2.1,,Posidonia (epiphytes); Medium,60,1,2,1,No
BSWO03_1704,Arripidae,Arripis,truttaceus,1,37344004,BSWO03_1704_L.avi,55030,36.6867,DColella,2.1,,Posidonia (epiphytes); Medium,60,1,2,1,No
BSWO04_1605,Odacidae,Neoodax,balteatus,3,37385005,BSWO04_1605_L.avi,83529,27.843,DMale,3.4,,Algae; Sand; Medium,60,1,2,3,No
BSWO04_1704,Sillaginidae,Sillaginodes,punctatus,11,37330001,BSWO04_1704_L.avi,36783,24.522,DColella,2.6,,Heterozostera; Dense,60,1,2,1,No
BSWO04_1704,Portunidae,Nectocarcinus,integrifrons,1,28911010,BSWO04_1704_L.avi,64893,43.262,DColella,2.6,,Heterozostera; Dense,60,1,2,1,No
BSWO04_1704,Pandalidae,Chlorotocella,spinicaudus,1,28770025,BSWO04_1704_L.avi,33878,22.5853,DColella,2.6,,Heterozostera; Dense,60,1,2,1,No
BSWO04_1704,Odacidae,Neoodax,balteatus,4,37385005,BSWO04_1704_L.avi,88699,59.1327,DColella,2.6,,Heterozostera; Dense,60,1,2,1,No
BSWO04_1704,Loliginidae,Sepioteuthis,australis,1,23617005,BSWO04_1704_L.avi,74334,49.556,DColella,2.6,,Heterozostera; Dense,60,1,2,1,No
BSWO04_1704,Arripidae,Arripis,truttaceus,1,37344004,BSWO04_1704_L.avi,72725,48.4833,DColella,2.6,,Heterozostera; Dense,60,1,2,1,No
CACI01_1512,Labridae,Notolabrus,parilus,1,37384022,CACI01_1512_L.avi,55418,18.4727,DColella,6.7,,Reef; Mixed algal; Profile,60,1,1,2,No
CACI01_1512,Monacanthidae,Meuschenia,hippocrepis,3,37465004,CACI01_1512_L.avi,64380,21.46,DColella,6.7,,Reef; Mixed algal; Profile,60,1,1,2,Yes
CACI01_1512,Sparidae,Pagrus,auratus,1,37353001,CACI01_1512_L.avi,88179,29.393,DColella,6.7,,Reef; Mixed algal; Profile,60,1,1,2,No
CACI01_1512,Kyphosidae,Kyphosus,sydneyanus,9,37361001,CACI01_1512_L.avi,24259,8.0863,DColella,6.7,,Reef; Mixed algal; Profile,60,1,1,2,No
CACI01_1512,Labridae,Notolabrus,tetricus,3,37384003,CACI01_1512_L.avi,62711,20.9037,DColella,6.7,,Reef; Mixed algal; Profile,60,1,1,2,No
CACI01_1512,Chaetodontidae,Chelmonops,curiosus,1,37365066,CACI01_1512_L.avi,90358,30.1193,DColella,6.7,,Reef; Mixed algal; Profile,60,1,1,2,No
CACI01_1512,Scorpididae,Scorpis,aequipinnis,16,37361004,CACI01_1512_L.avi,62829,20.943,DColella,6.7,,Reef; Mixed algal; Profile,60,1,1,2,No
CACI01_1512,Scorpididae,Tilodon,sexfasciatus,1,37361003,CACI01_1512_L.avi,39266,13.0887,DColella,6.7,,Reef; Mixed algal; Profile,60,1,1,2,No
CACI01_1512,Kyphosidae,Girella,zebra,2,37361008,CACI01_1512_L.avi,37133,12.3777,DColella,6.7,,Reef; Mixed algal; Profile,60,1,1,2,No
CACI01_1512,Cheilodactylidae,Dactylophora,nigricans,1,37377005,CACI01_1512_L.avi,76585,25.5283,DColella,6.7,,Reef; Mixed algal; Profile,60,1,1,2,No
CACI01_1512,Arripidae,Arripis,georgianus,7,37344001,CACI01_1512_L.avi,184015,61.3383,DColella,6.7,,Reef; Mixed algal; Profile,60,1,1,2,No
CACI01_1512,Carangidae,Pseudocaranx,sp,3,37337924,CACI01_1512_L.avi,44785,14.9283,DColella,6.7,,Reef; Mixed algal; Profile,60,1,1,2,No
CACI01_1512,Cheilodactylidae,Cheilodactylus,nigripes,1,37377001,CACI01_1512_L.avi,25024,8.3413,DColella,6.7,,Reef; Mixed algal; Profile,60,1,1,2,No
CACI01_1612,Kyphosidae,Kyphosus,sydneyanus,1,37361001,CACI01_1612_L.avi,137733,45.911,DColella,6.5,,Reef; Mixed algal; Profile,60,1,1,2,No
CACI01_1612,Labridae,Austrolabrus,maculatus,1,37384025,CACI01_1612_L.avi,24949,8.3163,DColella,6.5,,Reef; Mixed algal; Profile,60,1,1,2,No
CACI01_1612,Scorpididae,Scorpis,aequipinnis,6,37361004,CACI01_1612_L.avi,112653,37.551,DColella,6.5,,Reef; Mixed algal; Profile,60,1,1,2,No
CACI01_1612,Monacanthidae,Meuschenia,hippocrepis,1,37465004,CACI01_1612_L.avi,24825,8.275,DColella,6.5,,Reef; Mixed algal; Profile,60,1,1,2,No
CACI01_1612,Carangidae,Pseudocaranx,sp,5,37337924,CACI01_1612_L.avi,141849,47.283,DColella,6.5,,Reef; Mixed algal; Profile,60,1,1,2,No
CACI01_1612,Labridae,Pictilabrus,laticlavius,2,37384020,CACI01_1612_L.avi,76609,25.5363,DColella,6.5,,Reef; Mixed algal; Profile,60,1,1,2,No
CACI01_1612,Labridae,Notolabrus,parilus,2,37384022,CACI01_1612_L.avi,146454,48.818,DColella,6.5,,Reef; Mixed algal; Profile,60,1,1,2,No
CACI01_1612,Sparidae,Pagrus,auratus,1,37353001,CACI01_1612_L.avi,115883,38.6277,DColella,6.5,,Reef; Mixed algal; Profile,60,1,1,2,No
CACI01_1612,Scorpididae,Tilodon,sexfasciatus,1,37361003,CACI01_1612_L.avi,151095,50.365,DColella,6.5,,Reef; Mixed algal; Profile,60,1,1,2,No
CACI01_1612,Labridae,Notolabrus,tetricus,2,37384003,CACI01_1612_L.avi,43584,14.528,DColella,6.5,,Reef; Mixed algal; Profile,60,1,1,2,No
CACI02_1512,Labridae,Notolabrus,tetricus,3,37384003,CACI02_1512_L.avi,47896,15.9653,DColella,6.1,,Reef; Fucoid; Profile,60,1,3,1,No
CACI02_1512,Labridae,Austrolabrus,maculatus,2,37384025,CACI02_1512_L.avi,18209,6.0697,DColella,6.1,,Reef; Fucoid; Profile,60,1,3,1,No
CACI02_1512,Labridae,Notolabrus,parilus,2,37384022,CACI02_1512_L.avi,88633,29.5443,DColella,6.1,,Reef; Fucoid; Profile,60,1,3,1,No
CACI02_1512,Scorpididae,Scorpis,aequipinnis,12,37361004,CACI02_1512_L.avi,103988,34.6627,DColella,6.1,,Reef; Fucoid; Profile,60,1,3,1,Yes
CACI02_1512,Mullidae,Upeneichthys,vlamingii,4,37355029,CACI02_1512_L.avi,99137,33.0457,DColella,6.1,,Reef; Fucoid; Profile,60,1,3,1,No
CACI02_1512,Monacanthidae,Meuschenia,hippocrepis,7,37465004,CACI02_1512_L.avi,40513,13.5043,DColella,6.1,,Reef; Fucoid; Profile,60,1,3,1,Yes
CACI02_1512,Pomacentridae,Parma,victoriae,1,37372006,CACI02_1512_L.avi,176675,58.8917,DColella,6.1,,Reef; Fucoid; Profile,60,1,3,1,No
CACI02_1512,Labridae,Pictilabrus,laticlavius,2,37384020,CACI02_1512_L.avi,63162,21.054,DColella,6.1,,Reef; Fucoid; Profile,60,1,3,1,No
CACI02_1512,Monacanthidae,Meuschenia,freycineti,1,37465036,CACI02_1512_L.avi,142845,47.615,DColella,6.1,,Reef; Fucoid; Profile,60,1,3,1,Yes
CACI02_1512,Chaetodontidae,Chelmonops,curiosus,1,37365066,CACI02_1512_L.avi,196658,65.5527,DColella,6.1,,Reef; Fucoid; Profile,60,1,3,1,No
CACI02_1512,Kyphosidae,Kyphosus,sydneyanus,1,37361001,CACI02_1512_L.avi,17124,5.708,DColella,6.1,,Reef; Fucoid; Profile,60,1,3,1,No
CACI02_1512,Kyphosidae,Girella,zebra,36,37361008,CACI02_1512_L.avi,152008,50.6693,DColella,6.1,,Reef; Fucoid; Profile,60,1,3,1,No
CACI02_1512,Cheilodactylidae,Cheilodactylus,nigripes,1,37377001,CACI02_1512_L.avi,154702,51.5673,DColella,6.1,,Reef; Fucoid; Profile,60,1,3,1,No
CACI02_1612,Scorpididae,Scorpis,aequipinnis,3,37361004,CACI02_1612_L.avi,102242,34.0807,DColella,8,,Reef; Fucoid; Profile,60,1,2,2,Yes
CACI02_1612,Labridae,Notolabrus,parilus,1,37384022,CACI02_1612_L.avi,87447,29.149,DColella,8,,Reef; Fucoid; Profile,60,1,2,2,No
CACI02_1612,Kyphosidae,Kyphosus,sydneyanus,2,37361001,CACI02_1612_L.avi,61775,20.5917,DColella,8,,Reef; Fucoid; Profile,60,1,2,2,No
CACI02_1612,Labridae,Austrolabrus,maculatus,2,37384025,CACI02_1612_L.avi,80886,26.962,DColella,8,,Reef; Fucoid; Profile,60,1,2,2,No
CACI02_1612,Monacanthidae,Meuschenia,hippocrepis,3,37465004,CACI02_1612_L.avi,65938,21.9793,DColella,8,,Reef; Fucoid; Profile,60,1,2,2,Yes
CACI02_1612,Labridae,Pictilabrus,laticlavius,2,37384020,CACI02_1612_L.avi,151112,50.3707,DColella,8,,Reef; Fucoid; Profile,60,1,2,2,No
CACI02_1612,Labridae,Notolabrus,tetricus,2,37384003,CACI02_1612_L.avi,98335,32.7783,DColella,8,,Reef; Fucoid; Profile,60,1,2,2,No
CACI03_1512,Scorpididae,Scorpis,aequipinnis,11,37361004,CACI03_1512_L.avi,59142,19.714,DColella,6.1,,Reef; Sand; Transition,60,1,2,1,No
CACI03_1512,Scorpididae,Tilodon,sexfasciatus,1,37361003,CACI03_1512_L.avi,15418,5.1393,DColella,6.1,,Reef; Sand; Transition,60,1,2,1,No
CACI03_1512,Carangidae,Pseudocaranx,sp,3,37337924,CACI03_1512_L.avi,32221,10.7403,DColella,6.1,,Reef; Sand; Transition,60,1,2,1,No
CACI03_1512,Cheilodactylidae,Cheilodactylus,nigripes,1,37377001,CACI03_1512_L.avi,31247,10.4157,DColella,6.1,,Reef; Sand; Transition,60,1,2,1,No
CACI03_1512,Phalacrocoracidae,Phalacrocorax,fuscescens,1,40048003,CACI03_1512_L.avi,118596,39.532,DColella,6.1,,Reef; Sand; Transition,60,1,2,1,No
CACI03_1512,Kyphosidae,Kyphosus,sydneyanus,2,37361001,CACI03_1512_L.avi,32420,10.8067,DColella,6.1,,Reef; Sand; Transition,60,1,2,1,No
CACI03_1512,Kyphosidae,Girella,zebra,1,37361008,CACI03_1512_L.avi,8030,2.6767,DColella,6.1,,Reef; Sand; Transition,60,1,2,1,No
CACI03_1512,Monacanthidae,Meuschenia,hippocrepis,1,37465004,CACI03_1512_L.avi,38707,12.9023,DColella,6.1,,Reef; Sand; Transition,60,1,2,1,No
CACI03_1512,Labridae,Notolabrus,tetricus,2,37384003,CACI03_1512_L.avi,69194,23.0647,DColella,6.1,,Reef; Sand; Transition,60,1,2,1,No
CACI03_1512,Labridae,Notolabrus,parilus,1,37384022,CACI03_1512_L.avi,37867,12.6223,DColella,6.1,,Reef; Sand; Transition,60,1,2,1,No
CACI03_1512,Sparidae,Pagrus,auratus,1,37353001,CACI03_1512_L.avi,95861,31.9537,DColella,6.1,,Reef; Sand; Transition,60,1,2,1,No
CACI03_1612,Sparidae,Pagrus,auratus,1,37353001,CACI03_1612_L.avi,111923,37.3077,DColella,7,,Sand,60,1,2,2,No
CACI03_1612,Scorpididae,Scorpis,aequipinnis,10,37361004,CACI03_1612_L.avi,82336,27.4453,DColella,7,,Sand,60,1,2,2,No
CACI03_1612,Monacanthidae,Meuschenia,hippocrepis,2,37465004,CACI03_1612_L.avi,117551,39.1837,DColella,7,,Sand,60,1,2,2,Yes
CACI03_1612,Labridae,Notolabrus,tetricus,1,37384003,CACI03_1612_L.avi,88614,29.538,DColella,7,,Sand,60,1,2,2,No
CACI04_1512,Monacanthidae,Meuschenia,hippocrepis,9,37465004,CACI04_1512_L.avi,72887,24.2957,DColella,6.9,BUVS leaning 45 deg to one side,Reef; Ecklonia; Profile,60,1,2,1,Yes
CACI04_1512,Kyphosidae,Girella,zebra,2,37361008,CACI04_1512_L.avi,58976,19.6587,DColella,6.9,BUVS leaning 45 deg to one side,Reef; Ecklonia; Profile,60,1,2,1,No
CACI04_1512,Ostraciidae,Aracana,aurita,1,37466003,CACI04_1512_L.avi,18232,6.0773,DColella,6.9,BUVS leaning 45 deg to one side,Reef; Ecklonia; Profile,60,1,2,1,No
CACI04_1512,Scorpididae,Tilodon,sexfasciatus,1,37361003,CACI04_1512_L.avi,73993,24.6643,DColella,6.9,BUVS leaning 45 deg to one side,Reef; Ecklonia; Profile,60,1,2,1,No
CACI04_1512,Arripidae,Arripis,georgianus,2,37344001,CACI04_1512_L.avi,40929,13.643,DColella,6.9,BUVS leaning 45 deg to one side,Reef; Ecklonia; Profile,60,1,2,1,No
CACI04_1512,Labridae,Pictilabrus,laticlavius,1,37384020,CACI04_1512_L.avi,27622,9.2073,DColella,6.9,BUVS leaning 45 deg to one side,Reef; Ecklonia; Profile,60,1,2,1,No
CACI04_1512,Labridae,Austrolabrus,maculatus,1,37384025,CACI04_1512_L.avi,23819,7.9397,DColella,6.9,BUVS leaning 45 deg to one side,Reef; Ecklonia; Profile,60,1,2,1,No
CACI04_1512,Kyphosidae,Kyphosus,sydneyanus,4,37361001,CACI04_1512_L.avi,134962,44.9873,DColella,6.9,BUVS leaning 45 deg to one side,Reef; Ecklonia; Profile,60,1,2,1,No
CACI04_1512,Carangidae,Pseudocaranx,sp,2,37337924,CACI04_1512_L.avi,96477,32.159,DColella,6.9,BUVS leaning 45 deg to one side,Reef; Ecklonia; Profile,60,1,2,1,No
CACI04_1512,Labridae,Notolabrus,parilus,2,37384022,CACI04_1512_L.avi,24311,8.1037,DColella,6.9,BUVS leaning 45 deg to one side,Reef; Ecklonia; Profile,60,1,2,1,No
CACI04_1512,Labridae,Notolabrus,tetricus,4,37384003,CACI04_1512_L.avi,59933,19.9777,DColella,6.9,BUVS leaning 45 deg to one side,Reef; Ecklonia; Profile,60,1,2,1,No
CACI04_1512,Sparidae,Pagrus,auratus,1,37353001,CACI04_1512_L.avi,24652,8.2173,DColella,6.9,BUVS leaning 45 deg to one side,Reef; Ecklonia; Profile,60,1,2,1,No
CACI04_1512,Cheilodactylidae,Cheilodactylus,nigripes,1,37377001,CACI04_1512_L.avi,22601,7.5337,DColella,6.9,BUVS leaning 45 deg to one side,Reef; Ecklonia; Profile,60,1,2,1,No
CACI04_1512,Scorpididae,Scorpis,aequipinnis,16,37361004,CACI04_1512_L.avi,138563,46.1877,DColella,6.9,BUVS leaning 45 deg to one side,Reef; Ecklonia; Profile,60,1,2,1,Yes
CACI04_1512,Plesiopidae,Trachinops,noarlungae,1,37316017,CACI04_1512_L.avi,25199,8.3997,DColella,6.9,BUVS leaning 45 deg to one side,Reef; Ecklonia; Profile,60,1,2,1,No
CACI04_1612,Kyphosidae,Girella,zebra,1,37361008,CACI04_1612_L.avi,93667,31.2223,DColella,6,,Reef; Mixed algal; Profile,60,1,2,2,No
CACI04_1612,Sphyraenidae,Sphyraena,novaehollandiae,1,37382002,CACI04_1612_L.avi,130362,43.454,DColella,6,,Reef; Mixed algal; Profile,60,1,2,2,No
CACI04_1612,Monacanthidae,Meuschenia,hippocrepis,2,37465004,CACI04_1612_L.avi,27412,9.1373,DColella,6,,Reef; Mixed algal; Profile,60,1,2,2,Yes
CACI04_1612,Labridae,Pictilabrus,laticlavius,1,37384020,CACI04_1612_L.avi,40311,13.437,DColella,6,,Reef; Mixed algal; Profile,60,1,2,2,No
CACI04_1612,Scorpididae,Scorpis,aequipinnis,8,37361004,CACI04_1612_L.avi,123457,41.1523,DColella,6,,Reef; Mixed algal; Profile,60,1,2,2,No
CACI04_1612,Labridae,Austrolabrus,maculatus,1,37384025,CACI04_1612_L.avi,51614,17.2047,DColella,6,,Reef; Mixed algal; Profile,60,1,2,2,No
CACI04_1612,Labridae,Notolabrus,parilus,3,37384022,CACI04_1612_L.avi,60719,20.2397,DColella,6,,Reef; Mixed algal; Profile,60,1,2,2,Yes
CACI04_1612,Kyphosidae,Kyphosus,sydneyanus,1,37361001,CACI04_1612_L.avi,29139,9.713,DColella,6,,Reef; Mixed algal; Profile,60,1,2,2,No
CACI04_1612,Labridae,Notolabrus,tetricus,2,37384003,CACI04_1612_L.avi,67371,22.457,DColella,6,,Reef; Mixed algal; Profile,60,1,2,2,No
CANI01_1512,Ostraciidae,Aracana,aurita,1,37466003,CANI01_1512_L.avi,171244,57.0813,DColella,11.9,,Algae; Pebble; Sparse,60,2,2,1,No
CANI01_1512,Mullidae,Upeneichthys,vlamingii,4,37355029,CANI01_1512_L.avi,94439,31.4797,DColella,11.9,,Algae; Pebble; Sparse,60,2,2,1,No
CANI01_1512,Apogonidae,Siphamia,cephalotes,2,37327032,CANI01_1512_L.avi,185867,61.9557,DColella,11.9,,Algae; Pebble; Sparse,60,2,2,1,No
CANI01_1512,Sillaginidae,Sillago,bassensis,4,37330002,CANI01_1512_L.avi,37268,12.4227,DColella,11.9,,Algae; Pebble; Sparse,60,2,2,1,No
CANI01_1512,Sillaginidae,Sillaginodes,punctatus,3,37330001,CANI01_1512_L.avi,166452,55.484,DColella,11.9,,Algae; Pebble; Sparse,60,2,2,1,No
CANI01_1512,Labridae,Notolabrus,parilus,1,37384022,CANI01_1512_L.avi,70080,23.36,DColella,11.9,,Algae; Pebble; Sparse,60,2,2,1,No
CANI01_1512,Loliginidae,Sepioteuthis,australis,1,23617005,CANI01_1512_L.avi,34767,11.589,DColella,11.9,,Algae; Pebble; Sparse,60,2,2,1,No
CANI01_1512,Portunidae,Nectocarcinus,integrifrons,5,28911010,CANI01_1512_L.avi,90484,30.1613,DColella,11.9,,Algae; Pebble; Sparse,60,2,2,1,No
CANI01_1612,Kyphosidae,Kyphosus,sydneyanus,1,37361001,CANI01_1612_L.avi,92198,30.7327,DColella,4.2,,Reef; Fucoid; Profile,60,1,1,2,No
CANI01_1612,Monacanthidae,Meuschenia,hippocrepis,4,37465004,CANI01_1612_L.avi,89572,29.8573,DColella,4.2,,Reef; Fucoid; Profile,60,1,1,2,No
CANI01_1612,Scorpididae,Scorpis,aequipinnis,2,37361004,CANI01_1612_L.avi,91342,30.4473,DColella,4.2,,Reef; Fucoid; Profile,60,1,1,2,No
CANI01_1612,Labridae,Notolabrus,tetricus,1,37384003,CANI01_1612_L.avi,77771,25.9237,DColella,4.2,,Reef; Fucoid; Profile,60,1,1,2,No
CANI01_1612,Scorpididae,Tilodon,sexfasciatus,1,37361003,CANI01_1612_L.avi,152200,50.7333,DColella,4.2,,Reef; Fucoid; Profile,60,1,1,2,No
CANI02_1512,Enoplosidae,Enoplosus,armatus,1,37366001,CANI02_1512_L.avi,172763,57.5877,DColella,10.6,,Reef; Mixed algal; Profile,60,1,1,1,No
CANI02_1512,Labridae,Notolabrus,parilus,3,37384022,CANI02_1512_L.avi,92682,30.894,DColella,10.6,,Reef; Mixed algal; Profile,60,1,1,1,No
CANI02_1512,Scorpididae,Scorpis,aequipinnis,8,37361004,CANI02_1512_L.avi,42461,14.1537,DColella,10.6,,Reef; Mixed algal; Profile,60,1,1,1,No
CANI02_1512,Monacanthidae,Scobinichthys,granulatus,2,37465007,CANI02_1512_L.avi,105525,35.175,DColella,10.6,,Reef; Mixed algal; Profile,60,1,1,1,No
CANI02_1512,Ostraciidae,Aracana,aurita,1,37466003,CANI02_1512_L.avi,40623,13.541,DColella,10.6,,Reef; Mixed algal; Profile,60,1,1,1,No
CANI02_1512,Carangidae,Pseudocaranx,sp,1,37337924,CANI02_1512_L.avi,45203,15.0677,DColella,10.6,,Reef; Mixed algal; Profile,60,1,1,1,No
CANI02_1512,Monacanthidae,Meuschenia,galii,1,37465040,CANI02_1512_L.avi,128362,42.7873,DColella,10.6,,Reef; Mixed algal; Profile,60,1,1,1,No
CANI02_1512,Labridae,Notolabrus,tetricus,1,37384003,CANI02_1512_L.avi,47568,15.856,DColella,10.6,,Reef; Mixed algal; Profile,60,1,1,1,No
CANI02_1512,Platycephalidae,Platycephalus,speculator,1,37296037,CANI02_1512_L.avi,124074,41.358,DColella,10.6,,Reef; Mixed algal; Profile,60,1,1,1,No
CANI02_1512,Cheilodactylidae,Dactylophora,nigricans,1,37377005,CANI02_1512_L.avi,53690,17.8967,DColella,10.6,,Reef; Mixed algal; Profile,60,1,1,1,No
CANI02_1512,Monacanthidae,Meuschenia,freycineti,2,37465036,CANI02_1512_L.avi,58556,19.5187,DColella,10.6,,Reef; Mixed algal; Profile,60,1,1,1,No
CANI02_1512,Labridae,Austrolabrus,maculatus,2,37384025,CANI02_1512_L.avi,10583,3.5277,DColella,10.6,,Reef; Mixed algal; Profile,60,1,1,1,No
CANI02_1512,Gerreidae,Parequula,melbournensis,1,37349001,CANI02_1512_L.avi,13778,4.5927,DColella,10.6,,Reef; Mixed algal; Profile,60,1,1,1,No
CANI02_1512,Ostraciidae,Anoplocapros,amygdaloides,1,37466015,CANI02_1512_L.avi,86223,28.741,DColella,10.6,,Reef; Mixed algal; Profile,60,1,1,1,No
CANI02_1512,Mullidae,Upeneichthys,vlamingii,2,37355029,CANI02_1512_L.avi,176495,58.8317,DColella,10.6,,Reef; Mixed algal; Profile,60,1,1,1,No
CANI02_1612,Labridae,Austrolabrus,maculatus,1,37384025,CANI02_1612_L.avi,77897,25.9657,DColella,10.1,,Cobble,60,1,2,2,No
CANI02_1612,Sparidae,Pagrus,auratus,11,37353001,CANI02_1612_L.avi,101460,33.82,DColella,10.1,,Cobble,60,1,2,2,No
CANI02_1612,Monacanthidae,Scobinichthys,granulatus,1,37465007,CANI02_1612_L.avi,107826,35.942,DColella,10.1,,Cobble,60,1,2,2,Yes
CANI02_1612,Heterodontidae,Heterodontus,portusjacksoni,1,37007001,CANI02_1612_L.avi,74780,24.9267,DColella,10.1,,Cobble,60,1,2,2,No
CANI02_1612,Gerreidae,Parequula,melbournensis,1,37349001,CANI02_1612_L.avi,22669,7.5563,DColella,10.1,,Cobble,60,1,2,2,No
CANI02_1612,Pentacerotidae,Pentaceropsis,recurvirostris,1,37367003,CANI02_1612_L.avi,143675,47.8917,DColella,10.1,,Cobble,60,1,2,2,No
CANI02_1612,Labridae,Notolabrus,parilus,1,37384022,CANI02_1612_L.avi,65938,21.9793,DColella,10.1,,Cobble,60,1,2,2,No
CANI03_1512,Labridae,Notolabrus,parilus,1,37384022,CANI03_1512_L.avi,12329,4.1097,DColella,6.9,,Reef; Mixed algal; Profile,60,1,2,1,No
CANI03_1512,Monacanthidae,Meuschenia,hippocrepis,5,37465004,CANI03_1512_L.avi,73768,24.5893,DColella,6.9,,Reef; Mixed algal; Profile,60,1,2,1,Yes
CANI03_1512,Labridae,Notolabrus,tetricus,2,37384003,CANI03_1512_L.avi,41453,13.8177,DColella,6.9,,Reef; Mixed algal; Profile,60,1,2,1,No
CANI03_1512,Labridae,Austrolabrus,maculatus,1,37384025,CANI03_1512_L.avi,17306,5.7687,DColella,6.9,,Reef; Mixed algal; Profile,60,1,2,1,No
CANI03_1512,Scorpididae,Scorpis,aequipinnis,3,37361004,CANI03_1512_L.avi,170844,56.948,DColella,6.9,,Reef; Mixed algal; Profile,60,1,2,1,No
CANI03_1512,Mullidae,Upeneichthys,vlamingii,1,37355029,CANI03_1512_L.avi,122250,40.75,DColella,6.9,,Reef; Mixed algal; Profile,60,1,2,1,No
CANI03_1512,Ostraciidae,Aracana,aurita,1,37466003,CANI03_1512_L.avi,141098,47.0327,DColella,6.9,,Reef; Mixed algal; Profile,60,1,2,1,No
CANI03_1512,Gobiesocidae,GOBIESOCIDAE,sp,1,37206000,CANI03_1512_L.avi,79991,26.6637,DColella,6.9,,Reef; Mixed algal; Profile,60,1,2,1,No
CANI03_1612,Labridae,Notolabrus,parilus,1,37384022,CANI03_1612_L.avi,74699,24.8997,DColella,3.8,,Reef; Fucoid; Profile,60,2,3,2,No
CANI03_1612,Cheilodactylidae,Cheilodactylus,nigripes,1,37377001,CANI03_1612_L.avi,95531,31.8437,DColella,3.8,,Reef; Fucoid; Profile,60,2,3,2,No
CANI03_1612,Labridae,Notolabrus,tetricus,1,37384003,CANI03_1612_L.avi,45997,15.3323,DColella,3.8,,Reef; Fucoid; Profile,60,2,3,2,No
CANI03_1612,Arripidae,Arripis,truttaceus,1,37344004,CANI03_1612_L.avi,170520,56.84,DColella,3.8,,Reef; Fucoid; Profile,60,2,3,2,No
CANI03_1612,Portunidae,Unknown,sp,1,28911931,CANI03_1612_L.avi,175685,58.5617,DColella,3.8,,Reef; Fucoid; Profile,60,2,3,2,No
CANI03_1612,Scorpididae,Scorpis,aequipinnis,4,37361004,CANI03_1612_L.avi,153518,51.1727,DColella,3.8,,Reef; Fucoid; Profile,60,2,3,2,No
CANI03_1612,Monacanthidae,Meuschenia,hippocrepis,5,37465004,CANI03_1612_L.avi,155762,51.9207,DColella,3.8,,Reef; Fucoid; Profile,60,2,3,2,Yes
CANI03_1612,Labridae,Pictilabrus,laticlavius,2,37384020,CANI03_1612_L.avi,123904,41.3013,DColella,3.8,,Reef; Fucoid; Profile,60,2,3,2,No
CANI04_1512,Cheilodactylidae,Dactylophora,nigricans,1,37377005,CANI04_1512_L.avi,127094,42.3647,DColella,6.5,,Reef; Mixed algal; Profile,55,1,1,1,No
CANI04_1512,Cheilodactylidae,Cheilodactylus,nigripes,1,37377001,CANI04_1512_L.avi,14444,4.8147,DColella,6.5,,Reef; Mixed algal; Profile,55,1,1,1,No
CANI04_1512,Chaetodontidae,Chelmonops,curiosus,1,37365066,CANI04_1512_L.avi,60393,20.131,DColella,6.5,,Reef; Mixed algal; Profile,55,1,1,1,No
CANI04_1512,Labridae,Austrolabrus,maculatus,2,37384025,CANI04_1512_L.avi,167613,55.871,DColella,6.5,,Reef; Mixed algal; Profile,55,1,1,1,No
CANI04_1512,Labridae,Notolabrus,parilus,3,37384022,CANI04_1512_L.avi,13858,4.6193,DColella,6.5,,Reef; Mixed algal; Profile,55,1,1,1,No
CANI04_1512,Scorpididae,Scorpis,aequipinnis,3,37361004,CANI04_1512_L.avi,44363,14.7877,DColella,6.5,,Reef; Mixed algal; Profile,55,1,1,1,Yes
CANI04_1512,Scorpididae,Tilodon,sexfasciatus,1,37361003,CANI04_1512_L.avi,10286,3.4287,DColella,6.5,,Reef; Mixed algal; Profile,55,1,1,1,No
CANI04_1512,Carangidae,Pseudocaranx,sp,2,37337924,CANI04_1512_L.avi,148496,49.4987,DColella,6.5,,Reef; Mixed algal; Profile,55,1,1,1,No
CANI04_1512,Labridae,Pictilabrus,laticlavius,1,37384020,CANI04_1512_L.avi,26833,8.9443,DColella,6.5,,Reef; Mixed algal; Profile,55,1,1,1,No
CANI04_1512,Pomacentridae,Parma,victoriae,1,37372006,CANI04_1512_L.avi,103253,34.4177,DColella,6.5,,Reef; Mixed algal; Profile,55,1,1,1,No
CANI04_1512,Labridae,Notolabrus,tetricus,4,37384003,CANI04_1512_L.avi,50186,16.7287,DColella,6.5,,Reef; Mixed algal; Profile,55,1,1,1,No
CANI04_1512,Mullidae,Upeneichthys,vlamingii,6,37355029,CANI04_1512_L.avi,57295,19.0983,DColella,6.5,,Reef; Mixed algal; Profile,55,1,1,1,No
CANI04_1512,Monacanthidae,Meuschenia,freycineti,1,37465036,CANI04_1512_L.avi,55829,18.6097,DColella,6.5,,Reef; Mixed algal; Profile,55,1,1,1,No
CANI04_1512,Kyphosidae,Kyphosus,sydneyanus,8,37361001,CANI04_1512_L.avi,44443,14.8143,DColella,6.5,,Reef; Mixed algal; Profile,55,1,1,1,No
CANI04_1512,Monacanthidae,Meuschenia,hippocrepis,8,37465004,CANI04_1512_L.avi,81877,27.2923,DColella,6.5,,Reef; Mixed algal; Profile,55,1,1,1,Yes
CANI04_1612,Labridae,Notolabrus,tetricus,1,37384003,CANI04_1612_L.avi,35012,11.6707,DColella,4.4,,Reef; Fucoid; Profile,60,1,2,2,No
CANI04_1612,Carangidae,Pseudocaranx,sp,12,37337924,CANI04_1612_L.avi,34420,11.4733,DColella,4.4,,Reef; Fucoid; Profile,60,1,2,2,No
CANI04_1612,Arripidae,Arripis,truttaceus,1,37344004,CANI04_1612_L.avi,102829,34.2763,DColella,4.4,,Reef; Fucoid; Profile,60,1,2,2,No
CANI04_1612,Scorpididae,Scorpis,aequipinnis,1,37361004,CANI04_1612_L.avi,112196,37.3987,DColella,4.4,,Reef; Fucoid; Profile,60,1,2,2,No
CANI04_1612,Labridae,Notolabrus,parilus,2,37384022,CANI04_1612_L.avi,79452,26.484,DColella,4.4,,Reef; Fucoid; Profile,60,1,2,2,No
CANI04_1612,Mullidae,Upeneichthys,vlamingii,1,37355029,CANI04_1612_L.avi,35012,11.6707,DColella,4.4,,Reef; Fucoid; Profile,60,1,2,2,No
CANI04_1612,Kyphosidae,Kyphosus,sydneyanus,11,37361001,CANI04_1612_L.avi,97689,32.563,DColella,4.4,,Reef; Fucoid; Profile,60,1,2,2,No
CANI04_1612,Monacanthidae,Meuschenia,hippocrepis,4,37465004,CANI04_1612_L.avi,67928,22.6427,DColella,4.4,,Reef; Fucoid; Profile,60,1,2,2,Yes
CANI04_1612,Labridae,Pictilabrus,laticlavius,1,37384020,CANI04_1612_L.avi,86208,28.736,DColella,4.4,,Reef; Fucoid; Profile,60,1,2,2,No
CANO01_1512,Labridae,Notolabrus,tetricus,1,37384003,CANO01_1512_L.avi,13426,4.4753,DColella,6.8,"Flat reef, mixed algae into sand",Reef; Sand; Transition,60,1,2,1,No
CANO01_1512,Cheilodactylidae,Cheilodactylus,nigripes,1,37377001,CANO01_1512_L.avi,169104,56.368,DColella,6.8,"Flat reef, mixed algae into sand",Reef; Sand; Transition,60,1,2,1,No
CANO01_1512,Monacanthidae,Meuschenia,hippocrepis,1,37465004,CANO01_1512_L.avi,115671,38.557,DColella,6.8,"Flat reef, mixed algae into sand",Reef; Sand; Transition,60,1,2,1,No
CANO01_1512,Labridae,Notolabrus,parilus,2,37384022,CANO01_1512_L.avi,13426,4.4753,DColella,6.8,"Flat reef, mixed algae into sand",Reef; Sand; Transition,60,1,2,1,No
CANO01_1512,Mullidae,Upeneichthys,vlamingii,1,37355029,CANO01_1512_L.avi,93375,31.125,DColella,6.8,"Flat reef, mixed algae into sand",Reef; Sand; Transition,60,1,2,1,No
CANO01_1512,Cheilodactylidae,Dactylophora,nigricans,1,37377005,CANO01_1512_L.avi,7977,2.659,DColella,6.8,"Flat reef, mixed algae into sand",Reef; Sand; Transition,60,1,2,1,No
CANO01_1612,Labridae,Pictilabrus,laticlavius,1,37384020,CANO01_1612_L.avi,39674,13.2247,DColella,4.5,,Cobble reef,60,1,3,2,No
CANO01_1612,Scorpididae,Scorpis,aequipinnis,1,37361004,CANO01_1612_L.avi,46317,15.439,DColella,4.5,,Cobble reef,60,1,3,2,No
CANO01_1612,Labridae,Notolabrus,parilus,1,37384022,CANO01_1612_L.avi,42487,14.1623,DColella,4.5,,Cobble reef,60,1,3,2,No
CANO02_1512,Mullidae,Upeneichthys,vlamingii,2,37355029,CANO02_1512_L.avi,69177,23.059,DColella,10.2,,Algae; Sand; Sparse,60,1,2,1,No
CANO02_1612,Labridae,Austrolabrus,maculatus,1,37384025,CANO02_1612_L.avi,155174,51.7247,DColella,4.5,lump of reef 1.5 m in front of cameras,Reef; Fucoid; Profile,60,2,3,2,No
CANO02_1612,Labridae,Notolabrus,tetricus,1,37384003,CANO02_1612_L.avi,52835,17.6117,DColella,4.5,lump of reef 1.5 m in front of cameras,Reef; Fucoid; Profile,60,2,3,2,No
CANO02_1612,Monacanthidae,Meuschenia,hippocrepis,1,37465004,CANO02_1612_L.avi,133047,44.349,DColella,4.5,lump of reef 1.5 m in front of cameras,Reef; Fucoid; Profile,60,2,3,2,No
CANO02_1612,Scorpididae,Tilodon,sexfasciatus,1,37361003,CANO02_1612_L.avi,36704,12.2347,DColella,4.5,lump of reef 1.5 m in front of cameras,Reef; Fucoid; Profile,60,2,3,2,No
CANO03_1512,Portunidae,Nectocarcinus,integrifrons,1,28911010,CANO03_1512_L.avi,55987,18.6623,DColella,9,,Sand,60,1,2,1,No
CANO03_1512,Mullidae,Upeneichthys,vlamingii,1,37355029,CANO03_1512_L.avi,53057,17.6857,DColella,9,,Sand,60,1,2,1,No
CANO03_1512,Ostraciidae,Aracana,ornata,1,37466001,CANO03_1512_L.avi,64026,21.342,DColella,9,,Sand,60,1,2,1,No
CANO03_1612,Scorpididae,Scorpis,aequipinnis,2,37361004,CANO03_1612_L.avi,67005,22.335,DColella,5.2,,Reef; Fucoid; Profile,60,1,1,2,No
CANO03_1612,Scorpididae,Tilodon,sexfasciatus,1,37361003,CANO03_1612_L.avi,53833,17.9443,DColella,5.2,,Reef; Fucoid; Profile,60,1,1,2,No
CANO03_1612,Arripidae,Arripis,truttaceus,1,37344004,CANO03_1612_L.avi,136451,45.4837,DColella,5.2,,Reef; Fucoid; Profile,60,1,1,2,No
CANO03_1612,Labridae,Pictilabrus,laticlavius,1,37384020,CANO03_1612_L.avi,17901,5.967,DColella,5.2,,Reef; Fucoid; Profile,60,1,1,2,No
CANO03_1612,Arripidae,Arripis,georgianus,6,37344001,CANO03_1612_L.avi,64452,21.484,DColella,5.2,,Reef; Fucoid; Profile,60,1,1,2,No
CANO03_1612,Gerreidae,Parequula,melbournensis,1,37349001,CANO03_1612_L.avi,138466,46.1553,DColella,5.2,,Reef; Fucoid; Profile,60,1,1,2,No
CANO03_1612,Labridae,Austrolabrus,maculatus,1,37384025,CANO03_1612_L.avi,25901,8.6337,DColella,5.2,,Reef; Fucoid; Profile,60,1,1,2,No
CANO04_1512,Scorpididae,Scorpis,aequipinnis,5,37361004,CANO04_1512_L.avi,57004,19.0013,DColella,6.8,,Reef; Mixed algal; Profile,60,1,1,1,Yes
CANO04_1512,Labridae,Austrolabrus,maculatus,1,37384025,CANO04_1512_L.avi,22282,7.4273,DColella,6.8,,Reef; Mixed algal; Profile,60,1,1,1,No
CANO04_1512,Monacanthidae,Meuschenia,australis,1,37465008,CANO04_1512_L.avi,38161,12.7203,DColella,6.8,,Reef; Mixed algal; Profile,60,1,1,1,No
CANO04_1512,Labridae,Notolabrus,tetricus,1,37384003,CANO04_1512_L.avi,30904,10.3013,DColella,6.8,,Reef; Mixed algal; Profile,60,1,1,1,No
CANO04_1512,Carangidae,Pseudocaranx,sp,1,37337924,CANO04_1512_L.avi,100560,33.52,DColella,6.8,,Reef; Mixed algal; Profile,60,1,1,1,No
CANO04_1512,Chaetodontidae,Chelmonops,curiosus,1,37365066,CANO04_1512_L.avi,107242,35.7473,DColella,6.8,,Reef; Mixed algal; Profile,60,1,1,1,No
CANO04_1512,Labridae,Notolabrus,parilus,1,37384022,CANO04_1512_L.avi,117000,39,DColella,6.8,,Reef; Mixed algal; Profile,60,1,1,1,No
CANO04_1512,Scorpididae,Tilodon,sexfasciatus,2,37361003,CANO04_1512_L.avi,87614,29.2047,DColella,6.8,,Reef; Mixed algal; Profile,60,1,1,1,No
CANO04_1512,Dinolestidae,Dinolestes,lewini,1,37327002,CANO04_1512_L.avi,33480,11.16,DColella,6.8,,Reef; Mixed algal; Profile,60,1,1,1,No
CANO04_1512,Kyphosidae,Girella,zebra,8,37361008,CANO04_1512_L.avi,168804,56.268,DColella,6.8,,Reef; Mixed algal; Profile,60,1,1,1,No
CANO04_1512,Kyphosidae,Kyphosus,sydneyanus,9,37361001,CANO04_1512_L.avi,169253,56.4177,DColella,6.8,,Reef; Mixed algal; Profile,60,1,1,1,No
CANO04_1512,Arripidae,Arripis,georgianus,3,37344001,CANO04_1512_L.avi,28991,9.6637,DColella,6.8,,Reef; Mixed algal; Profile,60,1,1,1,No
CANO04_1612,Scorpididae,Scorpis,aequipinnis,1,37361004,CANO04_1612_L.avi,133633,44.5443,DColella,4.5,,Reef; Mixed algal; Profile,60,1,2,2,No
CANO04_1612,Loliginidae,Sepioteuthis,australis,1,23617005,CANO04_1612_L.avi,185141,61.7137,DColella,4.5,,Reef; Mixed algal; Profile,60,1,2,2,No
CANO04_1612,Monacanthidae,Meuschenia,hippocrepis,1,37465004,CANO04_1612_L.avi,128982,42.994,DColella,4.5,,Reef; Mixed algal; Profile,60,1,2,2,Yes
CANO04_1612,Labridae,Pictilabrus,laticlavius,1,37384020,CANO04_1612_L.avi,78092,26.0307,DColella,4.5,,Reef; Mixed algal; Profile,60,1,2,2,No
CANO04_1612,Labridae,Notolabrus,parilus,1,37384022,CANO04_1612_L.avi,100347,33.449,DColella,4.5,,Reef; Mixed algal; Profile,60,1,2,2,No
CASI01_1512,Labridae,Austrolabrus,maculatus,1,37384025,CASI01_1512_L.avi,10570,3.5233,DColella,13,left cam obscured; used right cam for MaxN. No lengths,Reef; Fucoid; Profile,60,2,2,2,No
CASI01_1512,Mullidae,Upeneichthys,vlamingii,1,37355029,CASI01_1512_L.avi,8338,2.7793,DColella,13,left cam obscured; used right cam for MaxN. No lengths,Reef; Fucoid; Profile,60,2,2,2,No
CASI01_1512,Cheilodactylidae,Dactylophora,nigricans,1,37377005,CASI01_1512_L.avi,47899,15.9663,DColella,13,left cam obscured; used right cam for MaxN. No lengths,Reef; Fucoid; Profile,60,2,2,2,No
CASI01_1512,Gerreidae,Parequula,melbournensis,1,37349001,CASI01_1512_L.avi,15475,5.1583,DColella,13,left cam obscured; used right cam for MaxN. No lengths,Reef; Fucoid; Profile,60,2,2,2,No
CASI01_1512,Monacanthidae,Scobinichthys,granulatus,2,37465007,CASI01_1512_L.avi,35535,11.845,DColella,13,left cam obscured; used right cam for MaxN. No lengths,Reef; Fucoid; Profile,60,2,2,2,No
CASI01_1512,Labridae,Notolabrus,tetricus,1,37384003,CASI01_1512_L.avi,29691,9.897,DColella,13,left cam obscured; used right cam for MaxN. No lengths,Reef; Fucoid; Profile,60,2,2,2,No
CASI01_1512,Odacidae,Olisthops,cyanomelas,1,37385001,CASI01_1512_L.avi,118572,39.524,DColella,13,left cam obscured; used right cam for MaxN. No lengths,Reef; Fucoid; Profile,60,2,2,2,No
CASI01_1512,Sparidae,Pagrus,auratus,7,37353001,CASI01_1512_L.avi,127518,42.506,DColella,13,left cam obscured; used right cam for MaxN. No lengths,Reef; Fucoid; Profile,60,2,2,2,Yes
CASI01_1512,Labridae,Notolabrus,parilus,1,37384022,CASI01_1512_L.avi,24470,8.1567,DColella,13,left cam obscured; used right cam for MaxN. No lengths,Reef; Fucoid; Profile,60,2,2,2,No
CASI01_1512,Monacanthidae,Meuschenia,freycineti,1,37465036,CASI01_1512_L.avi,24301,8.1003,DColella,13,left cam obscured; used right cam for MaxN. No lengths,Reef; Fucoid; Profile,60,2,2,2,No
CASI01_1512,Monacanthidae,Acanthaluteres,spilomelanurus,1,37465043,CASI01_1512_L.avi,17440,5.8133,DColella,13,left cam obscured; used right cam for MaxN. No lengths,Reef; Fucoid; Profile,60,2,2,2,No
CASI01_1612,Carangidae,Trachurus,novaezelandiae,2,37337003,CASI01_1612_L.avi,42629,28.4193,DColella,13,,Algae; Invertebrate; Medium,60,1,1,3,No
CASI01_1612,Monacanthidae,Meuschenia,hippocrepis,1,37465004,CASI01_1612_L.avi,14663,9.7753,DColella,13,,Algae; Invertebrate; Medium,60,1,1,3,Yes
CASI01_1612,Monacanthidae,Scobinichthys,granulatus,1,37465007,CASI01_1612_L.avi,34375,22.9167,DColella,13,,Algae; Invertebrate; Medium,60,1,1,3,No
CASI01_1612,Cheilodactylidae,Dactylophora,nigricans,1,37377005,CASI01_1612_L.avi,36726,24.484,DColella,13,,Algae; Invertebrate; Medium,60,1,1,3,No
CASI01_1612,Monacanthidae,Meuschenia,galii,1,37465040,CASI01_1612_L.avi,56363,37.5753,DColella,13,,Algae; Invertebrate; Medium,60,1,1,3,No
CASI01_1612,Labridae,Notolabrus,tetricus,1,37384003,CASI01_1612_L.avi,30054,20.036,DColella,13,,Algae; Invertebrate; Medium,60,1,1,3,No
CASI01_1612,Labridae,Notolabrus,parilus,2,37384022,CASI01_1612_L.avi,52432,34.9547,DColella,13,,Algae; Invertebrate; Medium,60,1,1,3,No
CASI01_1612,Neosebastidae,Neosebastes,scorpaenoides,1,37287005,CASI01_1612_L.avi,36654,24.436,DColella,13,,Algae; Invertebrate; Medium,60,1,1,3,No
CASI01_1612,Heterodontidae,Heterodontus,portusjacksoni,1,37007001,CASI01_1612_L.avi,38171,25.4473,DColella,13,,Algae; Invertebrate; Medium,60,1,1,3,No
CASI01_1612,Carangidae,Pseudocaranx,sp,12,37337924,CASI01_1612_L.avi,28706,19.1373,DColella,13,,Algae; Invertebrate; Medium,60,1,1,3,No
CASI01_1612,Sparidae,Pagrus,auratus,2,37353001,CASI01_1612_L.avi,93479,62.3193,DColella,13,,Algae; Invertebrate; Medium,60,1,1,3,Yes
CASI02_1512,Monacanthidae,Meuschenia,galii,1,37465040,CASI02_1512_L.avi,17351,5.7837,DColella,14,,Reef; Fucoid; Flat,60,1,2,1,No
CASI02_1512,Mullidae,Upeneichthys,vlamingii,1,37355029,CASI02_1512_L.avi,17454,5.818,DColella,14,,Reef; Fucoid; Flat,60,1,2,1,No
CASI02_1512,Monacanthidae,Scobinichthys,granulatus,2,37465007,CASI02_1512_L.avi,112703,37.5677,DColella,14,,Reef; Fucoid; Flat,60,1,2,1,No
CASI02_1512,Labridae,Notolabrus,parilus,1,37384022,CASI02_1512_L.avi,13535,4.5117,DColella,14,,Reef; Fucoid; Flat,60,1,2,1,No
CASI02_1512,Carangidae,Pseudocaranx,sp,1,37337924,CASI02_1512_L.avi,33950,11.3167,DColella,14,,Reef; Fucoid; Flat,60,1,2,1,No
CASI02_1512,Labridae,Austrolabrus,maculatus,1,37384025,CASI02_1512_L.avi,11602,3.8673,DColella,14,,Reef; Fucoid; Flat,60,1,2,1,No
CASI02_1512,Sparidae,Pagrus,auratus,20,37353001,CASI02_1512_L.avi,111272,37.0907,DColella,14,,Reef; Fucoid; Flat,60,1,2,1,Yes
CASI02_1612,Carangidae,Unknown,sp,21,37337000,CASI02_1612_L.avi,52377,34.918,DColella,15,Very murky water,Algae; Invertebrate; Medium,60,1,1,3,No
CASI02_1612,Cheilodactylidae,Dactylophora,nigricans,1,37377005,CASI02_1612_L.avi,24617,16.4113,DColella,15,Very murky water,Algae; Invertebrate; Medium,60,1,1,3,No
CASI03_1512,Labridae,Austrolabrus,maculatus,1,37384025,CASI03_1512_L.avi,21650,7.2167,DColella,14,Dense Sargassum,Reef; Fucoid; Profile,60,1,2,1,No
CASI03_1512,Monacanthidae,Acanthaluteres,brownii,6,37465001,CASI03_1512_L.avi,9589,3.1963,DColella,14,Dense Sargassum,Reef; Fucoid; Profile,60,1,2,1,No
CASI03_1512,Cheilodactylidae,Cheilodactylus,nigripes,1,37377001,CASI03_1512_L.avi,18867,6.289,DColella,14,Dense Sargassum,Reef; Fucoid; Profile,60,1,2,1,No
CASI03_1512,Gerreidae,Parequula,melbournensis,18,37349001,CASI03_1512_L.avi,9464,3.1547,DColella,14,Dense Sargassum,Reef; Fucoid; Profile,60,1,2,1,No
CASI03_1512,Mullidae,Upeneichthys,vlamingii,1,37355029,CASI03_1512_L.avi,11905,3.9683,DColella,14,Dense Sargassum,Reef; Fucoid; Profile,60,1,2,1,No
CASI03_1512,Plesiopidae,Trachinops,noarlungae,1,37316017,CASI03_1512_L.avi,158065,52.6883,DColella,14,Dense Sargassum,Reef; Fucoid; Profile,60,1,2,1,No
CASI03_1512,Odacidae,Siphonognathus,sp,1,37385905,CASI03_1512_L.avi,164381,54.7937,DColella,14,Dense Sargassum,Reef; Fucoid; Profile,60,1,2,1,No
CASI03_1512,Carangidae,Pseudocaranx,sp,33,37337924,CASI03_1512_L.avi,51466,17.1553,DColella,14,Dense Sargassum,Reef; Fucoid; Profile,60,1,2,1,No
CASI03_1512,Platycephalidae,Platycephalus,speculator,1,37296037,CASI03_1512_L.avi,51337,17.1123,DColella,14,Dense Sargassum,Reef; Fucoid; Profile,60,1,2,1,No
CASI03_1512,Pomacentridae,Parma,victoriae,1,37372006,CASI03_1512_L.avi,162765,54.255,DColella,14,Dense Sargassum,Reef; Fucoid; Profile,60,1,2,1,No
CASI03_1512,Sparidae,Pagrus,auratus,40,37353001,CASI03_1512_L.avi,101094,33.698,DColella,14,Dense Sargassum,Reef; Fucoid; Profile,60,1,2,1,No
CASI03_1512,Odacidae,Olisthops,cyanomelas,1,37385001,CASI03_1512_L.avi,8688,2.896,DColella,14,Dense Sargassum,Reef; Fucoid; Profile,60,1,2,1,No
CASI03_1512,Monacanthidae,Meuschenia,galii,1,37465040,CASI03_1512_L.avi,23319,7.773,DColella,14,Dense Sargassum,Reef; Fucoid; Profile,60,1,2,1,No
CASI03_1512,Neosebastidae,Neosebastes,pandus,1,37287003,CASI03_1512_L.avi,184187,61.3957,DColella,14,Dense Sargassum,Reef; Fucoid; Profile,60,1,2,1,No
CASI03_1512,Labridae,Notolabrus,parilus,1,37384022,CASI03_1512_L.avi,17344,5.7813,DColella,14,Dense Sargassum,Reef; Fucoid; Profile,60,1,2,1,No
CASI03_1612,Carangidae,Pseudocaranx,sp,30,37337924,CASI03_1612_L.avi,18352,12.2347,DColella,14,,Reef; Fucoid; Profile,60,2,2,3,No
CASI03_1612,Heterodontidae,Heterodontus,portusjacksoni,3,37007001,CASI03_1612_L.avi,67076,44.7173,DColella,14,,Reef; Fucoid; Profile,60,2,2,3,Yes
CASI03_1612,Platycephalidae,Platycephalus,sp,2,37296913,CASI03_1612_L.avi,85506,57.004,DColella,14,,Reef; Fucoid; Profile,60,2,2,3,No
CASI03_1612,Labridae,Notolabrus,parilus,1,37384022,CASI03_1612_L.avi,67530,45.02,DColella,14,,Reef; Fucoid; Profile,60,2,2,3,No
CASI03_1612,Carangidae,Trachurus,novaezelandiae,1,37337003,CASI03_1612_L.avi,61617,41.078,DColella,14,,Reef; Fucoid; Profile,60,2,2,3,No
CASI03_1612,Sparidae,Pagrus,auratus,4,37353001,CASI03_1612_L.avi,33388,22.2587,DColella,14,,Reef; Fucoid; Profile,60,2,2,3,No
CASI04_1612,Labridae,Austrolabrus,maculatus,1,37384025,CASI04_1612_L.avi,48103,32.0687,DColella,13,Thick sediment covering reef,Reef; Mixed algal; Flat,60,1,2,3,No
CASI04_1612,Cheilodactylidae,Cheilodactylus,nigripes,1,37377001,CASI04_1612_L.avi,43438,28.9587,DColella,13,Thick sediment covering reef,Reef; Mixed algal; Flat,60,1,2,3,No
CASI04_1612,Mullidae,Upeneichthys,vlamingii,1,37355029,CASI04_1612_L.avi,49620,33.08,DColella,13,Thick sediment covering reef,Reef; Mixed algal; Flat,60,1,2,3,No
CASI04_1612,Labridae,Notolabrus,parilus,1,37384022,CASI04_1612_L.avi,79608,53.072,DColella,13,Thick sediment covering reef,Reef; Mixed algal; Flat,60,1,2,3,No
CASI04_1612,Sparidae,Pagrus,auratus,1,37353001,CASI04_1612_L.avi,21169,14.1127,DColella,13,Thick sediment covering reef,Reef; Mixed algal; Flat,60,1,2,3,No
CASI04_1612,Sillaginidae,Sillago,sp,8,37330904,CASI04_1612_L.avi,21075,14.05,DColella,13,Thick sediment covering reef,Reef; Mixed algal; Flat,60,1,2,3,No
CASI04_1612,Labridae,Pictilabrus,laticlavius,1,37384020,CASI04_1612_L.avi,61336,40.8907,DColella,13,Thick sediment covering reef,Reef; Mixed algal; Flat,60,1,2,3,No
CASI04_1612,Carangidae,Pseudocaranx,sp,8,37337924,CASI04_1612_L.avi,79961,53.3073,DColella,13,Thick sediment covering reef,Reef; Mixed algal; Flat,60,1,2,3,No
CASI04_1612,Sillaginidae,Sillaginodes,punctatus,2,37330001,CASI04_1612_L.avi,19667,13.1113,DColella,13,Thick sediment covering reef,Reef; Mixed algal; Flat,60,1,2,3,No
CASO01_1512,Labridae,Notolabrus,tetricus,1,37384003,CASO01_1512_L.avi,183861,61.287,DColella,12,,Reef; Sand; Transition,60,1,2,1,No
CASO01_1512,Mullidae,Upeneichthys,vlamingii,1,37355029,CASO01_1512_L.avi,168080,56.0267,DColella,12,,Reef; Sand; Transition,60,1,2,1,No
CASO01_1512,Labridae,Notolabrus,parilus,1,37384022,CASO01_1512_L.avi,62788,20.9293,DColella,12,,Reef; Sand; Transition,60,1,2,1,No
CASO01_1512,Cheilodactylidae,Cheilodactylus,nigripes,1,37377001,CASO01_1512_L.avi,49535,16.5117,DColella,12,,Reef; Sand; Transition,60,1,2,1,No
CASO01_1512,Sparidae,Pagrus,auratus,4,37353001,CASO01_1512_L.avi,140045,46.6817,DColella,12,,Reef; Sand; Transition,60,1,2,1,No
CASO01_1512,Pomacentridae,Parma,victoriae,1,37372006,CASO01_1512_L.avi,87496,29.1653,DColella,12,,Reef; Sand; Transition,60,1,2,1,No
CASO01_1612,Pentacerotidae,Pentaceropsis,recurvirostris,2,37367003,CASO01_1612_L.avi,10466,3.4887,DColella,7,,Reef; Mixed algal; Flat,60,1,2,2,No
CASO01_1612,Labridae,Pictilabrus,laticlavius,2,37384020,CASO01_1612_L.avi,25949,8.6497,DColella,7,,Reef; Mixed algal; Flat,60,1,2,2,No
CASO01_1612,Labridae,Austrolabrus,maculatus,1,37384025,CASO01_1612_L.avi,27119,9.0397,DColella,7,,Reef; Mixed algal; Flat,60,1,2,2,No
CASO01_1612,Mullidae,Upeneichthys,vlamingii,1,37355029,CASO01_1612_L.avi,58861,19.6203,DColella,7,,Reef; Mixed algal; Flat,60,1,2,2,No
CASO01_1612,Rhinobatidae,Trygonorrhina,dumerilii,1,37027011,CASO01_1612_L.avi,45325,15.1083,DColella,7,,Reef; Mixed algal; Flat,60,1,2,2,Yes
CASO01_1612,Cheilodactylidae,Cheilodactylus,nigripes,2,37377001,CASO01_1612_L.avi,8164,2.7213,DColella,7,,Reef; Mixed algal; Flat,60,1,2,2,No
CASO01_1612,Monacanthidae,Meuschenia,hippocrepis,2,37465004,CASO01_1612_L.avi,58913,19.6377,DColella,7,,Reef; Mixed algal; Flat,60,1,2,2,No
CASO01_1612,Scorpididae,Tilodon,sexfasciatus,1,37361003,CASO01_1612_L.avi,7633,2.5443,DColella,7,,Reef; Mixed algal; Flat,60,1,2,2,No
CASO01_1612,Labridae,Notolabrus,parilus,1,37384022,CASO01_1612_L.avi,62559,20.853,DColella,7,,Reef; Mixed algal; Flat,60,1,2,2,No
CASO02_1512,Odacidae,Siphonognathus,sp,1,37385905,CASO02_1512_L.avi,10956,3.652,DColella,10,Dense clumps of Amph on sand,Amphibolis; dense,60,1,2,1,No
CASO02_1512,Pomacentridae,Parma,victoriae,1,37372006,CASO02_1512_L.avi,111062,37.0207,DColella,10,Dense clumps of Amph on sand,Amphibolis; dense,60,1,2,1,No
CASO02_1512,Ostraciidae,Aracana,aurita,1,37466003,CASO02_1512_L.avi,192989,64.3297,DColella,10,Dense clumps of Amph on sand,Amphibolis; dense,60,1,2,1,No
CASO02_1512,Labridae,Austrolabrus,maculatus,1,37384025,CASO02_1512_L.avi,9415,3.1383,DColella,10,Dense clumps of Amph on sand,Amphibolis; dense,60,1,2,1,No
CASO02_1512,Rhinobatidae,Trygonorrhina,dumerilii,1,37027011,CASO02_1512_L.avi,40799,13.5997,DColella,10,Dense clumps of Amph on sand,Amphibolis; dense,60,1,2,1,No
CASO02_1512,Monacanthidae,Meuschenia,freycineti,1,37465036,CASO02_1512_L.avi,110672,36.8907,DColella,10,Dense clumps of Amph on sand,Amphibolis; dense,60,1,2,1,No
CASO02_1512,Ostraciidae,Aracana,ornata,1,37466001,CASO02_1512_L.avi,139193,46.3977,DColella,10,Dense clumps of Amph on sand,Amphibolis; dense,60,1,2,1,No
CASO02_1512,Monacanthidae,MONACANTHIDAE,sp,1,37465903,CASO02_1512_L.avi,125157,41.719,DColella,10,Dense clumps of Amph on sand,Amphibolis; dense,60,1,2,1,No
CASO02_1512,Paguridae,PAGURIDAE,sp,1,28835000,CASO02_1512_L.avi,35148,11.716,DColella,10,Dense clumps of Amph on sand,Amphibolis; dense,60,1,2,1,No
CASO02_1512,Labridae,Eupetrichthys,angustipes,1,37384105,CASO02_1512_L.avi,11370,3.79,DColella,10,Dense clumps of Amph on sand,Amphibolis; dense,60,1,2,1,No
CASO02_1612,Labridae,Pictilabrus,laticlavius,1,37384020,CASO02_1612_L.avi,17912,5.9707,DColella,7,,Reef; Fucoid; Profile,60,1,2,2,No
CASO02_1612,Labridae,Notolabrus,tetricus,1,37384003,CASO02_1612_L.avi,25256,8.4187,DColella,7,,Reef; Fucoid; Profile,60,1,2,2,No
CASO02_1612,Labridae,Notolabrus,parilus,2,37384022,CASO02_1612_L.avi,78566,26.1887,DColella,7,,Reef; Fucoid; Profile,60,1,2,2,No
CASO02_1612,Monacanthidae,Meuschenia,hippocrepis,1,37465004,CASO02_1612_L.avi,57505,19.1683,DColella,7,,Reef; Fucoid; Profile,60,1,2,2,Yes
CASO02_1612,Mullidae,Upeneichthys,vlamingii,1,37355029,CASO02_1612_L.avi,174902,58.3007,DColella,7,,Reef; Fucoid; Profile,60,1,2,2,No
CASO02_1612,Labridae,Austrolabrus,maculatus,1,37384025,CASO02_1612_L.avi,31819,10.6063,DColella,7,,Reef; Fucoid; Profile,60,1,2,2,No
CASO03_1512,Monacanthidae,Acanthaluteres,brownii,1,37465001,CASO03_1512_L.avi,65247,21.749,DColella,11,,Amphibolis; dense,60,1,2,1,No
CASO03_1512,Portunidae,Nectocarcinus,integrifrons,2,28911010,CASO03_1512_L.avi,160668,53.556,DColella,11,,Amphibolis; dense,60,1,2,1,No
CASO03_1512,Mullidae,Upeneichthys,vlamingii,1,37355029,CASO03_1512_L.avi,37157,12.3857,DColella,11,,Amphibolis; dense,60,1,2,1,No
CASO03_1512,Arripidae,Arripis,georgianus,2,37344001,CASO03_1512_L.avi,110375,36.7917,DColella,11,,Amphibolis; dense,60,1,2,1,No
CASO03_1512,Pomacentridae,Parma,victoriae,1,37372006,CASO03_1512_L.avi,65004,21.668,DColella,11,,Amphibolis; dense,60,1,2,1,No
CASO03_1512,Rhinobatidae,Trygonorrhina,dumerilii,1,37027011,CASO03_1512_L.avi,54294,18.098,DColella,11,,Amphibolis; dense,60,1,2,1,No
CASO03_1512,Odacidae,Siphonognathus,sp,1,37385905,CASO03_1512_L.avi,63729,21.243,DColella,11,,Amphibolis; dense,60,1,2,1,No
CASO03_1512,Labridae,Pictilabrus,laticlavius,1,37384020,CASO03_1512_L.avi,16665,5.555,DColella,11,,Amphibolis; dense,60,1,2,1,No
CASO03_1512,Monacanthidae,Scobinichthys,granulatus,4,37465007,CASO03_1512_L.avi,45798,15.266,DColella,11,,Amphibolis; dense,60,1,2,1,Yes
CASO03_1512,Ostraciidae,Aracana,ornata,1,37466001,CASO03_1512_L.avi,18973,6.3243,DColella,11,,Amphibolis; dense,60,1,2,1,No
CASO03_1512,Platycephalidae,Platycephalus,speculator,1,37296037,CASO03_1512_L.avi,52447,17.4823,DColella,11,,Amphibolis; dense,60,1,2,1,No
CASO03_1612,Monacanthidae,Meuschenia,hippocrepis,1,37465004,CASO03_1612_L.avi,15661,5.2203,DColella,5,,Reef; Fucoid; Flat,57,2,2,3,No
CASO03_1612,Rhinobatidae,Trygonorrhina,dumerilii,1,37027011,CASO03_1612_L.avi,49845,16.615,DColella,5,,Reef; Fucoid; Flat,57,2,2,3,No
CASO03_1612,Loliginidae,Sepioteuthis,australis,3,23617005,CASO03_1612_L.avi,133712,44.5707,DColella,5,,Reef; Fucoid; Flat,57,2,2,3,No
CASO03_1612,Labridae,Notolabrus,tetricus,1,37384003,CASO03_1612_L.avi,30876,10.292,DColella,5,,Reef; Fucoid; Flat,57,2,2,3,No
CASO03_1612,Labridae,Pictilabrus,laticlavius,1,37384020,CASO03_1612_L.avi,164113,54.7043,DColella,5,,Reef; Fucoid; Flat,57,2,2,3,No
CASO04_1512,Loliginidae,Sepioteuthis,australis,1,23617005,CASO04_1512_L.avi,154458,51.486,DColella,11,,Algae; Sand; Sparse,60,1,2,1,No
CASO04_1512,Sillaginidae,Sillaginodes,punctatus,2,37330001,CASO04_1512_L.avi,103802,34.6007,DColella,11,,Algae; Sand; Sparse,60,1,2,1,No
CASO04_1512,Cheilodactylidae,Dactylophora,nigricans,1,37377005,CASO04_1512_L.avi,96270,32.09,DColella,11,,Algae; Sand; Sparse,60,1,2,1,No
CASO04_1512,Tetraodontidae,Omegophora,armilla,1,37467002,CASO04_1512_L.avi,168158,56.0527,DColella,11,,Algae; Sand; Sparse,60,1,2,1,No
CASO04_1512,Mullidae,Upeneichthys,vlamingii,1,37355029,CASO04_1512_L.avi,139720,46.5733,DColella,11,,Algae; Sand; Sparse,60,1,2,1,No
CASO04_1612,Loliginidae,Sepioteuthis,australis,1,23617005,CASO04_1612_L.avi,43065,14.355,DColella,9,,Reef; Fucoid; Flat,55,1,2,3,No
CASO04_1612,Sparidae,Pagrus,auratus,1,37353001,CASO04_1612_L.avi,134687,44.8957,DColella,9,,Reef; Fucoid; Flat,55,1,2,3,No
CASO04_1612,Labridae,Pictilabrus,laticlavius,1,37384020,CASO04_1612_L.avi,19753,6.5843,DColella,9,,Reef; Fucoid; Flat,55,1,2,3,No
CASO04_1612,Labridae,Notolabrus,parilus,1,37384022,CASO04_1612_L.avi,47324,15.7747,DColella,9,,Reef; Fucoid; Flat,55,1,2,3,No
CASO04_1612,Labridae,Notolabrus,tetricus,1,37384003,CASO04_1612_L.avi,30090,10.03,DColella,9,,Reef; Fucoid; Flat,55,1,2,3,No
CASO04_1612,Monacanthidae,Meuschenia,hippocrepis,2,37465004,CASO04_1612_L.avi,83919,27.973,DColella,9,,Reef; Fucoid; Flat,55,1,2,3,No
CCCI01_1503,Scorpididae,Tilodon,sexfasciatus,1,37361003,CDCC-01R-1503.avi,145216,48.4053,DColella,30,,Reef; Fucoid; Profile,60,1,,,No
CCCI01_1503,Berycidae,Centroberyx,gerrardi,3,37258004,CDCC-01R-1503.avi,158549,52.8497,DColella,30,,Reef; Fucoid; Profile,60,1,,,No
CCCI01_1503,Berycidae,Centroberyx,lineatus,18,37258005,CDCC-01R-1503.avi,163489,54.4963,DColella,30,,Reef; Fucoid; Profile,60,1,,,No
CCCI01_1503,Dinolestidae,Dinolestes,lewini,1,37327002,CDCC-01R-1503.avi,19991,6.6637,DColella,30,,Reef; Fucoid; Profile,60,1,,,No
CCCI01_1503,Cheilodactylidae,Nemadactylus,valenciennesi,1,37377004,CDCC-01R-1503.avi,99178,33.0593,DColella,30,,Reef; Fucoid; Profile,60,1,,,No
CCCI01_1503,Labridae,Notolabrus,tetricus,1,37384003,CDCC-01R-1503.avi,88684,29.5613,DColella,30,,Reef; Fucoid; Profile,60,1,,,No
CCCI01_1503,Carangidae,Seriola,lalandi,1,37337006,CDCC-01R-1503.avi,10306,3.4353,DColella,30,,Reef; Fucoid; Profile,60,1,,,No
CCCI01_1503,Serranidae,Caesioperca,rasor,26,37311003,CDCC-01R-1503.avi,166658,55.5527,DColella,30,,Reef; Fucoid; Profile,60,1,,,No
CCCI01_1503,Scorpididae,Scorpis,aequipinnis,1,37361004,CDCC-01R-1503.avi,113569,37.8563,DColella,30,,Reef; Fucoid; Profile,60,1,,,No
CCCI04_1503,Dinolestidae,Dinolestes,lewini,2,37327002,CDCC-04R-1503.avi,37990,12.6633,DColella,27,,Reef; Fucoid; Profile,60,3,1,,No
CCCI04_1503,Dasyatidae,Dasyatis,brevicaudata,1,37035001,CDCC-04R-1503.avi,306285,102.095,DColella,27,,Reef; Fucoid; Profile,60,3,1,,No
CCCI04_1503,Kyphosidae,Girella,zebra,1,37361008,CDCC-04R-1503.avi,73944,24.648,DColella,27,,Reef; Fucoid; Profile,60,3,1,,No
CCCI04_1503,Berycidae,Centroberyx,gerrardi,12,37258004,CDCC-04R-1503.avi,61353,20.451,DColella,27,,Reef; Fucoid; Profile,60,3,1,,No
CCCI04_1503,Serranidae,Caesioperca,rasor,50,37311003,CDCC-04R-1503.avi,204419,68.1397,DColella,27,,Reef; Fucoid; Profile,60,3,1,,No
CCCI04_1503,Berycidae,Centroberyx,lineatus,2,37258005,CDCC-04R-1503.avi,36581,12.1937,DColella,27,,Reef; Fucoid; Profile,60,3,1,,No
CCCI04_1503,Monacanthidae,Meuschenia,flavolineata,1,37465035,CDCC-04R-1503.avi,38273,12.7577,DColella,27,,Reef; Fucoid; Profile,60,3,1,,No
CCCI04_1503,Moridae,Pseudophycis,barbata,1,37224003,CDCC-04R-1503.avi,60846,20.282,DColella,27,,Reef; Fucoid; Profile,60,3,1,,Yes
CCCI04_1503,Labridae,Achoerodus,gouldii,1,37384002,CDCC-04R-1503.avi,221096,73.6987,DColella,27,,Reef; Fucoid; Profile,60,3,1,,No
CCCI04_1503,Labridae,Notolabrus,tetricus,3,37384003,CDCC-04R-1503.avi,42526,14.1753,DColella,27,,Reef; Fucoid; Profile,60,3,1,,Yes
CCCI04_1503,Pempherididae,Pempheris,klunzingeri,2,37357003,CDCC-04R-1503.avi,72900,24.3,DColella,27,,Reef; Fucoid; Profile,60,3,1,,No
CCCI04_1503,Labridae,Pictilabrus,laticlavius,1,37384020,CDCC-04R-1503.avi,97038,32.346,DColella,27,,Reef; Fucoid; Profile,60,3,1,,No
CCCI04_1503,Scorpididae,Scorpis,aequipinnis,2,37361004,CDCC-04R-1503.avi,62583,20.861,DColella,27,,Reef; Fucoid; Profile,60,3,1,,No
CCCI04_1503,Labridae,Pseudolabrus,rubicundus,1,37384023,CDCC-04R-1503.avi,148744,49.5813,DColella,27,,Reef; Fucoid; Profile,60,3,1,,No
CCCI04_1503,Cheilodactylidae,Cheilodactylus,nigripes,2,37377001,CDCC-04R-1503.avi,64093,21.3643,DColella,27,,Reef; Fucoid; Profile,60,3,1,,No
CCCI04_1503,Cheilodactylidae,Nemadactylus,valenciennesi,3,37377004,CDCC-04R-1503.avi,167008,55.6693,DColella,27,,Reef; Fucoid; Profile,60,3,1,,No
CCEI01_1503,Labridae,Pictilabrus,laticlavius,2,37384020,CDC-B1R_1503.avi,68456,22.8187,DColella,30,View obstructed by reef,Reef; Ecklonia; Profile,60,,,,No
CCEI01_1503,Monacanthidae,Meuschenia,freycineti,1,37465036,CDC-B1R_1503.avi,172603,57.5343,DColella,30,View obstructed by reef,Reef; Ecklonia; Profile,60,,,,No
CCEI01_1503,Monacanthidae,Meuschenia,hippocrepis,1,37465004,CDC-B1R_1503.avi,128665,42.8883,DColella,30,View obstructed by reef,Reef; Ecklonia; Profile,60,,,,No
CCEI01_1503,Triakidae,Mustelus,antarcticus,1,37017001,CDC-B1R_1503.avi,215520,71.84,DColella,30,View obstructed by reef,Reef; Ecklonia; Profile,60,,,,No
CCEI01_1503,Serranidae,Caesioperca,rasor,12,37311003,CDC-B1R_1503.avi,125577,41.859,DColella,30,View obstructed by reef,Reef; Ecklonia; Profile,60,,,,No
CCEI01_1503,Labridae,Notolabrus,tetricus,2,37384003,CDC-B1R_1503.avi,82149,27.383,DColella,30,View obstructed by reef,Reef; Ecklonia; Profile,60,,,,No
CCEI01_1503,Labridae,Notolabrus,parilus,1,37384022,CDC-B1R_1503.avi,70560,23.52,DColella,30,View obstructed by reef,Reef; Ecklonia; Profile,60,,,,No
CCEI02_1503,Serranidae,Caesioperca,rasor,23,37311003,CDC-B2R_1503.avi,104756,34.9187,DColella,26,,Reef; Fucoid; Profile,60,,,,No
CCEI02_1503,Labridae,Notolabrus,tetricus,3,37384003,CDC-B2R_1503.avi,84874,28.2913,DColella,26,,Reef; Fucoid; Profile,60,,,,No
CCEI02_1503,Labridae,Pictilabrus,laticlavius,2,37384020,CDC-B2R_1503.avi,50843,16.9477,DColella,26,,Reef; Fucoid; Profile,60,,,,Yes
CCEI02_1503,Carangidae,Pseudocaranx,sp,1,37337924,CDC-B2R_1503.avi,143496,47.832,DColella,26,,Reef; Fucoid; Profile,60,,,,No
CCEI03_1503,Monacanthidae,Meuschenia,hippocrepis,1,37465004,CDC-B3L_1503.avi,82179,27.393,DColella,23,limited view due to close reef; left cam used,Reef; Fucoid; Profile,60,,,,No
CCEI03_1503,Serranidae,Caesioperca,rasor,8,37311003,CDC-B3L_1503.avi,122637,40.879,DColella,23,limited view due to close reef; left cam used,Reef; Fucoid; Profile,60,,,,No
CCEI03_1503,Parascylliidae,Parascyllium,variolatum,1,37013004,CDC-B3L_1503.avi,72983,24.3277,DColella,23,limited view due to close reef; left cam used,Reef; Fucoid; Profile,60,,,,Yes
CCEI03_1503,Labridae,Notolabrus,tetricus,3,37384003,CDC-B3L_1503.avi,95678,31.8927,DColella,23,limited view due to close reef; left cam used,Reef; Fucoid; Profile,60,,,,Yes
CCEI03_1503,Odacidae,Olisthops,cyanomelas,1,37385001,CDC-B3L_1503.avi,55014,18.338,DColella,23,limited view due to close reef; left cam used,Reef; Fucoid; Profile,60,,,,No
CCEI03_1503,Monacanthidae,Meuschenia,flavolineata,1,37465035,CDC-B3L_1503.avi,47076,15.692,DColella,23,limited view due to close reef; left cam used,Reef; Fucoid; Profile,60,,,,No
CCEI03_1503,Moridae,Lotella,rhacina,1,37224005,CDC-B3L_1503.avi,53925,17.975,DColella,23,limited view due to close reef; left cam used,Reef; Fucoid; Profile,60,,,,No
CCEI03_1503,Dinolestidae,Dinolestes,lewini,1,37327002,CDC-B3L_1503.avi,46054,15.3513,DColella,23,limited view due to close reef; left cam used,Reef; Fucoid; Profile,60,,,,No
CCEI03_1503,Labridae,Pictilabrus,laticlavius,2,37384020,CDC-B3L_1503.avi,65218,21.7393,DColella,23,limited view due to close reef; left cam used,Reef; Fucoid; Profile,60,,,,No
CCNI01_1503,Triakidae,Mustelus,antarcticus,1,37017001,CDC-A_WeirsCove01Rs_Mar2015.avi,55450,30.8364,DColella,19,Poor vis 3-4m; surgy,Reef; Fucoid; Profile,60,,,,No
CCNI01_1503,Labridae,Pictilabrus,laticlavius,2,37384020,CDC-A_WeirsCove01Rs_Mar2015.avi,29239,16.2601,DColella,19,Poor vis 3-4m; surgy,Reef; Fucoid; Profile,60,,,,No
CCNI01_1503,Serranidae,Caesioperca,rasor,14,37311003,CDC-A_WeirsCove01Rs_Mar2015.avi,106870,59.4317,DColella,19,Poor vis 3-4m; surgy,Reef; Fucoid; Profile,60,,,,No
CCNI01_1503,Odacidae,Heteroscarus,acroptilus,1,37385010,CDC-A_WeirsCove01Rs_Mar2015.avi,73040,40.6184,DColella,19,Poor vis 3-4m; surgy,Reef; Fucoid; Profile,60,,,,No
CCNI01_1503,Parascylliidae,Parascyllium,variolatum,1,37013004,CDC-A_WeirsCove01Rs_Mar2015.avi,105912,58.8989,DColella,19,Poor vis 3-4m; surgy,Reef; Fucoid; Profile,60,,,,Yes
CCNI01_1503,Labridae,Achoerodus,gouldii,1,37384002,CDC-A_WeirsCove01Rs_Mar2015.avi,43758,24.3343,DColella,19,Poor vis 3-4m; surgy,Reef; Fucoid; Profile,60,,,,No
CCNI01_1503,Cheilodactylidae,Cheilodactylus,nigripes,1,37377001,CDC-A_WeirsCove01Rs_Mar2015.avi,19922,11.0789,DColella,19,Poor vis 3-4m; surgy,Reef; Fucoid; Profile,60,,,,No
CCNI01_1503,Labridae,Notolabrus,tetricus,2,37384003,CDC-A_WeirsCove01Rs_Mar2015.avi,41037,22.8212,DColella,19,Poor vis 3-4m; surgy,Reef; Fucoid; Profile,60,,,,No
CCNI03_1503,Scorpididae,Scorpis,aequipinnis,1,37361004,CDC-A_WeirsCove03R_Mar2015.avi,45275,15.0917,DColella,17,Poor vis ,Reef; Ecklonia; Profile,60,,,,No
CCNI03_1503,Serranidae,Caesioperca,rasor,20,37311003,CDC-A_WeirsCove03R_Mar2015.avi,64746,21.582,DColella,17,Poor vis ,Reef; Ecklonia; Profile,60,,,,No
CCNI03_1503,Berycidae,Centroberyx,gerrardi,1,37258004,CDC-A_WeirsCove03R_Mar2015.avi,35821,11.9403,DColella,17,Poor vis ,Reef; Ecklonia; Profile,60,,,,No
CCNI03_1503,Labridae,Achoerodus,gouldii,1,37384002,CDC-A_WeirsCove03R_Mar2015.avi,133669,44.5563,DColella,17,Poor vis ,Reef; Ecklonia; Profile,60,,,,No
CCNI03_1503,Pempherididae,Pempheris,multiradiata,1,37357001,CDC-A_WeirsCove03R_Mar2015.avi,199766,66.5887,DColella,17,Poor vis ,Reef; Ecklonia; Profile,60,,,,No
CCNI03_1503,Labridae,Notolabrus,tetricus,3,37384003,CDC-A_WeirsCove03R_Mar2015.avi,40593,13.531,DColella,17,Poor vis ,Reef; Ecklonia; Profile,60,,,,No
CCNI03_1503,Dinolestidae,Dinolestes,lewini,1,37327002,CDC-A_WeirsCove03R_Mar2015.avi,30693,10.231,DColella,17,Poor vis ,Reef; Ecklonia; Profile,60,,,,No
CCNI03_1503,Cheilodactylidae,Cheilodactylus,nigripes,1,37377001,CDC-A_WeirsCove03R_Mar2015.avi,26227,8.7423,DColella,17,Poor vis ,Reef; Ecklonia; Profile,60,,,,No
CCNI03_1503,Odacidae,Olisthops,cyanomelas,1,37385001,CDC-A_WeirsCove03R_Mar2015.avi,71137,23.7123,DColella,17,Poor vis ,Reef; Ecklonia; Profile,60,,,,No
CCNI04_1503,Serranidae,Caesioperca,rasor,19,37311003,CDC-WeirsCove04R_Mar2015.avi,199095,66.365,DColella,18,Poor vis 2-3m,Reef; Fucoid; Profile,60,,,,No
CCNI04_1503,Myliobatidae,Myliobatis,tenuicaudatus,2,37039001,CDC-WeirsCove04R_Mar2015.avi,132565,44.1883,DColella,18,Poor vis 2-3m,Reef; Fucoid; Profile,60,,,,No
CCNI04_1503,Labridae,Notolabrus,tetricus,4,37384003,CDC-WeirsCove04R_Mar2015.avi,85579,28.5263,DColella,18,Poor vis 2-3m,Reef; Fucoid; Profile,60,,,,Yes
CCNI04_1503,Berycidae,Centroberyx,gerrardi,1,37258004,CDC-WeirsCove04R_Mar2015.avi,75109,25.0363,DColella,18,Poor vis 2-3m,Reef; Fucoid; Profile,60,,,,No
CCNI04_1503,Parascylliidae,Parascyllium,variolatum,1,37013004,CDC-WeirsCove04R_Mar2015.avi,62925,20.975,DColella,18,Poor vis 2-3m,Reef; Fucoid; Profile,60,,,,No
CCNI04_1503,Labridae,Pictilabrus,laticlavius,1,37384020,CDC-WeirsCove04R_Mar2015.avi,50195,16.7317,DColella,18,Poor vis 2-3m,Reef; Fucoid; Profile,60,,,,Yes
CCNI04_1503,Odacidae,Heteroscarus,acroptilus,1,37385010,CDC-WeirsCove04R_Mar2015.avi,62792,20.9307,DColella,18,Poor vis 2-3m,Reef; Fucoid; Profile,60,,,,No
CCNI04_1503,Carangidae,Trachurus,novaezelandiae,10,37337003,CDC-WeirsCove04R_Mar2015.avi,226523,75.5077,DColella,18,Poor vis 2-3m,Reef; Fucoid; Profile,60,,,,No
CCNI04_1503,Dinolestidae,Dinolestes,lewini,2,37327002,CDC-WeirsCove04R_Mar2015.avi,188260,62.7533,DColella,18,Poor vis 2-3m,Reef; Fucoid; Profile,60,,,,No
CCSI01_1503,Monacanthidae,Meuschenia,freycineti,1,37465036,CDCD01R_1503.avi,60319,20.1063,DColella,30,,Reef; Ecklonia; Profile,60,2,3,3,No
CCSI01_1503,Monacanthidae,Meuschenia,hippocrepis,2,37465004,CDCD01R_1503.avi,73438,24.4793,DColella,30,,Reef; Ecklonia; Profile,60,2,3,3,No
CCSI01_1503,Labridae,Pictilabrus,laticlavius,1,37384020,CDCD01R_1503.avi,101242,33.7473,DColella,30,,Reef; Ecklonia; Profile,60,2,3,3,Yes
CCSI01_1503,Cheilodactylidae,Nemadactylus,valenciennesi,1,37377004,CDCD01R_1503.avi,162978,54.326,DColella,30,,Reef; Ecklonia; Profile,60,2,3,3,No
CCSI01_1503,Labridae,Notolabrus,tetricus,3,37384003,CDCD01R_1503.avi,61529,20.5097,DColella,30,,Reef; Ecklonia; Profile,60,2,3,3,No
CCSI01_1503,Carangidae,Pseudocaranx,sp,1,37337924,CDCD01R_1503.avi,169614,56.538,DColella,30,,Reef; Ecklonia; Profile,60,2,3,3,No
CCSI01_1503,Muraenidae,Gymnothorax,prasinus,1,37060006,CDCD01R_1503.avi,77214,25.738,DColella,30,,Reef; Ecklonia; Profile,60,2,3,3,No
CCSI01_1503,Cheilodactylidae,Cheilodactylus,nigripes,2,37377001,CDCD01R_1503.avi,199530,66.51,DColella,30,,Reef; Ecklonia; Profile,60,2,3,3,No
CCSI01_1503,Berycidae,Centroberyx,gerrardi,4,37258004,CDCD01R_1503.avi,83411,27.8037,DColella,30,,Reef; Ecklonia; Profile,60,2,3,3,No
CCSI01_1503,Serranidae,Caesioperca,rasor,21,37311003,CDCD01R_1503.avi,99827,33.2757,DColella,30,,Reef; Ecklonia; Profile,60,2,3,3,No
CCSI01_1503,Labridae,Austrolabrus,maculatus,1,37384025,CDCD01R_1503.avi,41156,13.7187,DColella,30,,Reef; Ecklonia; Profile,60,2,3,3,No
CCSI01_1503,Arripidae,Arripis,truttaceus,2,37344004,CDCD01R_1503.avi,117975,39.325,DColella,30,,Reef; Ecklonia; Profile,60,2,3,3,No
CCSI01_1503,Odacidae,Olisthops,cyanomelas,1,37385001,CDCD01R_1503.avi,57813,19.271,DColella,30,,Reef; Ecklonia; Profile,60,2,3,3,No
CCSI02_1503,Monacanthidae,Meuschenia,galii,1,37465040,CDCD02R_1503.avi,210639,70.213,DColella,31,,Reef; Fucoid; Profile,60,3,2,3,No
CCSI02_1503,Monacanthidae,Meuschenia,flavolineata,1,37465035,CDCD02R_1503.avi,43283,14.4277,DColella,31,,Reef; Fucoid; Profile,60,3,2,3,No
CCSI02_1503,Palinuridae,Jasus,edwardsii,1,28820001,CDCD02R_1503.avi,44140,14.7133,DColella,31,,Reef; Fucoid; Profile,60,3,2,3,No
CCSI02_1503,Monacanthidae,Meuschenia,venusta,1,37465060,CDCD02R_1503.avi,84006,28.002,DColella,31,,Reef; Fucoid; Profile,60,3,2,3,No
CCSI02_1503,Dinolestidae,Dinolestes,lewini,2,37327002,CDCD02R_1503.avi,70461,23.487,DColella,31,,Reef; Fucoid; Profile,60,3,2,3,No
CCSI02_1503,Cheilodactylidae,Cheilodactylus,nigripes,1,37377001,CDCD02R_1503.avi,40970,13.6567,DColella,31,,Reef; Fucoid; Profile,60,3,2,3,No
CCSI02_1503,Berycidae,Centroberyx,gerrardi,3,37258004,CDCD02R_1503.avi,105629,35.2097,DColella,31,,Reef; Fucoid; Profile,60,3,2,3,No
CCSI02_1503,Serranidae,Caesioperca,rasor,20,37311003,CDCD02R_1503.avi,124477,41.4923,DColella,31,,Reef; Fucoid; Profile,60,3,2,3,No
CCSI02_1503,Monacanthidae,Meuschenia,hippocrepis,1,37465004,CDCD02R_1503.avi,37814,12.6047,DColella,31,,Reef; Fucoid; Profile,60,3,2,3,No
CCSI02_1503,Arripidae,Arripis,truttaceus,20,37344004,CDCD02R_1503.avi,36001,12.0003,DColella,31,,Reef; Fucoid; Profile,60,3,2,3,No
CCSI02_1503,Odacidae,Heteroscarus,acroptilus,1,37385010,CDCD02R_1503.avi,68737,22.9123,DColella,31,,Reef; Fucoid; Profile,60,3,2,3,No
CCSI02_1503,Labridae,Austrolabrus,maculatus,1,37384025,CDCD02R_1503.avi,161759,53.9197,DColella,31,,Reef; Fucoid; Profile,60,3,2,3,No
CCSI02_1503,Labridae,Pseudolabrus,rubicundus,1,37384023,CDCD02R_1503.avi,58740,19.58,DColella,31,,Reef; Fucoid; Profile,60,3,2,3,No
CCSI02_1503,Cheilodactylidae,Nemadactylus,valenciennesi,1,37377004,CDCD02R_1503.avi,174906,58.302,DColella,31,,Reef; Fucoid; Profile,60,3,2,3,No
CCSI02_1503,Labridae,Notolabrus,tetricus,2,37384003,CDCD02R_1503.avi,44321,14.7737,DColella,31,,Reef; Fucoid; Profile,60,3,2,3,No
CCSI02_1503,Pempherididae,Pempheris,sp,1,37357903,CDCD02R_1503.avi,79757,26.5857,DColella,31,,Reef; Fucoid; Profile,60,3,2,3,No
CCSI02_1503,Labridae,Pictilabrus,laticlavius,2,37384020,CDCD02R_1503.avi,79703,26.5677,DColella,31,,Reef; Fucoid; Profile,60,3,2,3,No
CCSI02_1503,Carangidae,Pseudocaranx,sp,1,37337924,CDCD02R_1503.avi,108260,36.0867,DColella,31,,Reef; Fucoid; Profile,60,3,2,3,No
CCSI03_1503,Arripidae,Arripis,truttaceus,10,37344004,CDCD03R_1503.avi,108566,36.1887,DColella,33,,Reef; Ecklonia; Profile,60,2,3,3,No
CCSI03_1503,Serranidae,Caesioperca,rasor,34,37311003,CDCD03R_1503.avi,71561,23.8537,DColella,33,,Reef; Ecklonia; Profile,60,2,3,3,No
CCSI03_1503,Berycidae,Centroberyx,gerrardi,2,37258004,CDCD03R_1503.avi,123699,41.233,DColella,33,,Reef; Ecklonia; Profile,60,2,3,3,No
CCSI03_1503,Cheilodactylidae,Cheilodactylus,nigripes,2,37377001,CDCD03R_1503.avi,165583,55.1943,DColella,33,,Reef; Ecklonia; Profile,60,2,3,3,No
CCSI03_1503,Dinolestidae,Dinolestes,lewini,2,37327002,CDCD03R_1503.avi,44356,14.7853,DColella,33,,Reef; Ecklonia; Profile,60,2,3,3,No
CCSI03_1503,Monacanthidae,Meuschenia,freycineti,1,37465036,CDCD03R_1503.avi,118827,39.609,DColella,33,,Reef; Ecklonia; Profile,60,2,3,3,No
CCSI03_1503,Monacanthidae,Meuschenia,hippocrepis,1,37465004,CDCD03R_1503.avi,71778,23.926,DColella,33,,Reef; Ecklonia; Profile,60,2,3,3,No
CCSI03_1503,Monacanthidae,Meuschenia,venusta,1,37465060,CDCD03R_1503.avi,33158,11.0527,DColella,33,,Reef; Ecklonia; Profile,60,2,3,3,No
CCSI03_1503,Labridae,Notolabrus,tetricus,3,37384003,CDCD03R_1503.avi,183175,61.0583,DColella,33,,Reef; Ecklonia; Profile,60,2,3,3,No
CCSI03_1503,Odacidae,Olisthops,cyanomelas,1,37385001,CDCD03R_1503.avi,53683,17.8943,DColella,33,,Reef; Ecklonia; Profile,60,2,3,3,No
CCSI03_1503,Parascylliidae,Parascyllium,variolatum,1,37013004,CDCD03R_1503.avi,69238,23.0793,DColella,33,,Reef; Ecklonia; Profile,60,2,3,3,No
CCSI03_1503,Labridae,Pictilabrus,laticlavius,1,37384020,CDCD03R_1503.avi,21055,7.0183,DColella,33,,Reef; Ecklonia; Profile,60,2,3,3,No
CCSI03_1503,Cheilodactylidae,Nemadactylus,valenciennesi,1,37377004,CDCD03R_1503.avi,57955,19.3183,DColella,33,,Reef; Ecklonia; Profile,60,2,3,3,No
CCSI04_1503,Monacanthidae,Meuschenia,hippocrepis,1,37465004,CDCD04R_1503.avi,13894,7.7189,DColella,35,,Reef; Fucoid; Profile,60,3,2,2,No
CCSI04_1503,Monacanthidae,Meuschenia,galii,1,37465040,CDCD04R_1503.avi,97594,54.2188,DColella,35,,Reef; Fucoid; Profile,60,3,2,2,No
CCSI04_1503,Labridae,Notolabrus,tetricus,2,37384003,CDCD04R_1503.avi,48399,26.8883,DColella,35,,Reef; Fucoid; Profile,60,3,2,2,No
CCSI04_1503,Odacidae,Olisthops,cyanomelas,1,37385001,CDCD04R_1503.avi,22200,12.3333,DColella,35,,Reef; Fucoid; Profile,60,3,2,2,No
CCSI04_1503,Labridae,Pictilabrus,laticlavius,1,37384020,CDCD04R_1503.avi,16277,9.0428,DColella,35,,Reef; Fucoid; Profile,60,3,2,2,No
CCSI04_1503,Dinolestidae,Dinolestes,lewini,1,37327002,CDCD04R_1503.avi,35360,19.6444,DColella,35,,Reef; Fucoid; Profile,60,3,2,2,No
CCSI04_1503,Monacanthidae,Meuschenia,flavolineata,2,37465035,CDCD04R_1503.avi,40445,22.4694,DColella,35,,Reef; Fucoid; Profile,60,3,2,2,No
CCSI04_1503,Berycidae,Centroberyx,gerrardi,1,37258004,CDCD04R_1503.avi,38898,21.61,DColella,35,,Reef; Fucoid; Profile,60,3,2,2,No
CCSI04_1503,Serranidae,Caesioperca,rasor,17,37311003,CDCD04R_1503.avi,82954,46.0855,DColella,35,,Reef; Fucoid; Profile,60,3,2,2,No
CCSI04_1503,Arripidae,Arripis,truttaceus,32,37344004,CDCD04R_1503.avi,44465,24.7028,DColella,35,,Reef; Fucoid; Profile,60,3,2,2,No
CECI01_1701,Loliginidae,Sepioteuthis,australis,1,23617005,CECI01_1701_L.avi,64006,21.3353,SWhitmarsh,13,,Algae med on sand,60,1,2,1,No
CECI01_1701,Portunidae,Nectocarcinus,integrifrons,3,28911010,CECI01_1701_L.avi,39662,13.2207,SWhitmarsh,13,,Algae med on sand,60,1,2,1,Yes
CECI01_1701,Monacanthidae,Acanthaluteres,vittiger,1,37465002,CECI01_1701_L.avi,165711,55.237,SWhitmarsh,13,,Algae med on sand,60,1,2,1,No
CECI01_1701,Gerreidae,Parequula,melbournensis,2,37349001,CECI01_1701_L.avi,32650,10.8833,SWhitmarsh,13,,Algae med on sand,60,1,2,1,No
CECI01_1701,Majidae,Leptomithrax,gaimardii,1,28880010,CECI01_1701_L.avi,48977,16.3257,SWhitmarsh,13,,Algae med on sand,60,1,2,1,No
CECI01_1701,Pinguipedidae,Parapercis,haackei,1,37390004,CECI01_1701_L.avi,17712,5.904,SWhitmarsh,13,,Algae med on sand,60,1,2,1,No
CECI01_1701,Tetraodontidae,Omegophora,armilla,1,37467002,CECI01_1701_L.avi,101287,33.7623,SWhitmarsh,13,,Algae med on sand,60,1,2,1,No
CECI01_1701,Monacanthidae,Scobinichthys,granulatus,1,37465007,CECI01_1701_L.avi,29556,9.852,SWhitmarsh,13,,Algae med on sand,60,1,2,1,No
CECI01_1701,Labridae,Austrolabrus,maculatus,1,37384025,CECI01_1701_L.avi,12607,4.2023,SWhitmarsh,13,,Algae med on sand,60,1,2,1,No
CECI01_1701,Rhinobatidae,Trygonorrhina,dumerilii,2,37027011,CECI01_1701_L.avi,114242,38.0807,SWhitmarsh,13,,Algae med on sand,60,1,2,1,Yes
CECI02_1701,Pinguipedidae,Parapercis,haackei,3,37390004,CECI02_1701_L.avi,47016,15.672,SWhitmarsh,13,,Reef; Sand; Transition,60,1,2,1,No
CECI02_1701,Monacanthidae,Acanthaluteres,brownii,1,37465001,CECI02_1701_L.avi,92321,30.7737,SWhitmarsh,13,,Reef; Sand; Transition,60,1,2,1,No
CECI02_1701,Monacanthidae,Scobinichthys,granulatus,1,37465007,CECI02_1701_L.avi,46814,15.6047,SWhitmarsh,13,,Reef; Sand; Transition,60,1,2,1,No
CECI02_1701,Portunidae,Nectocarcinus,integrifrons,1,28911010,CECI02_1701_L.avi,28683,9.561,SWhitmarsh,13,,Reef; Sand; Transition,60,1,2,1,Yes
CECI02_1701,Mullidae,Upeneichthys,vlamingii,1,37355029,CECI02_1701_L.avi,58716,19.572,SWhitmarsh,13,,Reef; Sand; Transition,60,1,2,1,No
CECI02_1701,Pempherididae,Pempheris,klunzingeri,1,37357003,CECI02_1701_L.avi,52420,17.4733,SWhitmarsh,13,,Reef; Sand; Transition,60,1,2,1,No
CECI02_1701,Portunidae,Portunus,armatus,1,28911005,CECI02_1701_L.avi,80469,26.823,SWhitmarsh,13,,Reef; Sand; Transition,60,1,2,1,Yes
CECI02_1701,Rhinobatidae,Trygonorrhina,dumerilii,2,37027011,CECI02_1701_L.avi,136829,45.6097,SWhitmarsh,13,,Reef; Sand; Transition,60,1,2,1,No
CECI02_1701,Loliginidae,Sepioteuthis,australis,1,23617005,CECI02_1701_L.avi,107941,35.9803,SWhitmarsh,13,,Reef; Sand; Transition,60,1,2,1,No
CECI02_1701,Sparidae,Pagrus,auratus,2,37353001,CECI02_1701_L.avi,165681,55.227,SWhitmarsh,13,,Reef; Sand; Transition,60,1,2,1,No
CECI02_1701,Majidae,Leptomithrax,gaimardii,1,28880010,CECI02_1701_L.avi,118999,39.6663,SWhitmarsh,13,,Reef; Sand; Transition,60,1,2,1,Yes
CECI02_1701,Gerreidae,Parequula,melbournensis,3,37349001,CECI02_1701_L.avi,100985,33.6617,SWhitmarsh,13,,Reef; Sand; Transition,60,1,2,1,No
CECI02_1701,Labridae,Austrolabrus,maculatus,1,37384025,CECI02_1701_L.avi,26246,8.7487,SWhitmarsh,13,,Reef; Sand; Transition,60,1,2,1,No
CECI02_1701,Carangidae,Trachurus,novaezelandiae,1,37337003,CECI02_1701_L.avi,32225,10.7417,SWhitmarsh,13,,Reef; Sand; Transition,60,1,2,1,No
CECI03_1701,Monacanthidae,Meuschenia,freycineti,1,37465036,CECI03_1701_L.avi,71015,23.6717,SWhitmarsh,13.4,,Reef; Algae and invertebrates: Medium,60,1,2,1,No
CECI03_1701,Labridae,Austrolabrus,maculatus,2,37384025,CECI03_1701_L.avi,42117,14.039,SWhitmarsh,13.4,,Reef; Algae and invertebrates: Medium,60,1,2,1,No
CECI03_1701,Sparidae,Pagrus,auratus,4,37353001,CECI03_1701_L.avi,48402,16.134,SWhitmarsh,13.4,,Reef; Algae and invertebrates: Medium,60,1,2,1,No
CECI03_1701,Labridae,Notolabrus,parilus,1,37384022,CECI03_1701_L.avi,181734,60.578,SWhitmarsh,13.4,,Reef; Algae and invertebrates: Medium,60,1,2,1,No
CECI03_1701,Pinguipedidae,Parapercis,haackei,2,37390004,CECI03_1701_L.avi,31535,10.5117,SWhitmarsh,13.4,,Reef; Algae and invertebrates: Medium,60,1,2,1,No
CECI03_1701,Gerreidae,Parequula,melbournensis,2,37349001,CECI03_1701_L.avi,32107,10.7023,SWhitmarsh,13.4,,Reef; Algae and invertebrates: Medium,60,1,2,1,No
CECI03_1701,Monacanthidae,Scobinichthys,granulatus,1,37465007,CECI03_1701_L.avi,84033,28.011,SWhitmarsh,13.4,,Reef; Algae and invertebrates: Medium,60,1,2,1,Yes
CECI03_1701,Rhinobatidae,Trygonorrhina,dumerilii,1,37027011,CECI03_1701_L.avi,80879,26.9597,SWhitmarsh,13.4,,Reef; Algae and invertebrates: Medium,60,1,2,1,Yes
CECI03_1701,Pempherididae,Pempheris,klunzingeri,20,37357003,CECI03_1701_L.avi,47974,15.9913,SWhitmarsh,13.4,,Reef; Algae and invertebrates: Medium,60,1,2,1,No
CECI03_1701,Carangidae,Trachurus,novaezelandiae,1,37337003,CECI03_1701_L.avi,141733,47.2443,SWhitmarsh,13.4,,Reef; Algae and invertebrates: Medium,60,1,2,1,No
CECI03_1701,Majidae,Naxia,aurita,1,28880007,CECI03_1701_L.avi,121955,40.6517,SWhitmarsh,13.4,,Reef; Algae and invertebrates: Medium,60,1,2,1,Yes
CECI04_1701,Rhinobatidae,Trygonorrhina,dumerilii,1,37027011,CECI04_1701_L.avi,101723,33.9077,SWhitmarsh,13.8,,Reef; Algae and invertebrates: Medium,60,1,2,1,No
CECI04_1701,Mullidae,Upeneichthys,vlamingii,1,37355029,CECI04_1701_L.avi,70592,23.5307,SWhitmarsh,13.8,,Reef; Algae and invertebrates: Medium,60,1,2,1,No
CECI04_1701,Pinguipedidae,Parapercis,haackei,1,37390004,CECI04_1701_L.avi,46621,15.5403,SWhitmarsh,13.8,,Reef; Algae and invertebrates: Medium,60,1,2,1,No
CECI04_1701,Sparidae,Pagrus,auratus,1,37353001,CECI04_1701_L.avi,83680,27.8933,SWhitmarsh,13.8,,Reef; Algae and invertebrates: Medium,60,1,2,1,No
CECI04_1701,Labridae,Austrolabrus,maculatus,2,37384025,CECI04_1701_L.avi,138566,46.1887,SWhitmarsh,13.8,,Reef; Algae and invertebrates: Medium,60,1,2,1,No
CECI04_1701,Monacanthidae,Scobinichthys,granulatus,2,37465007,CECI04_1701_L.avi,48514,16.1713,SWhitmarsh,13.8,,Reef; Algae and invertebrates: Medium,60,1,2,1,No
CECI04_1701,Majidae,Leptomithrax,gaimardii,2,28880010,CECI04_1701_L.avi,111567,37.189,SWhitmarsh,13.8,,Reef; Algae and invertebrates: Medium,60,1,2,1,Yes
CECI04_1701,Gerreidae,Parequula,melbournensis,3,37349001,CECI04_1701_L.avi,66789,22.263,SWhitmarsh,13.8,,Reef; Algae and invertebrates: Medium,60,1,2,1,No
CECI04_1701,Portunidae,Nectocarcinus,integrifrons,3,28911010,CECI04_1701_L.avi,76780,25.5933,SWhitmarsh,13.8,,Reef; Algae and invertebrates: Medium,60,1,2,1,Yes
CECI04_1701,Loliginidae,Sepioteuthis,australis,2,23617005,CECI04_1701_L.avi,116166,38.722,SWhitmarsh,13.8,,Reef; Algae and invertebrates: Medium,60,1,2,1,No
CECI04_1701,Carangidae,Trachurus,novaezelandiae,2,37337003,CECI04_1701_L.avi,107623,35.8743,SWhitmarsh,13.8,,Reef; Algae and invertebrates: Medium,60,1,2,1,No
CECI04_1701,Portunidae,Portunus,armatus,1,28911005,CECI04_1701_L.avi,99376,33.1253,SWhitmarsh,13.8,,Reef; Algae and invertebrates: Medium,60,1,2,1,Yes
CECO01_1701,Portunidae,Portunus,armatus,2,28911005,CECO01_1701_L.avi,187312,62.4373,SWhitmarsh,13,,Posidonia; Medium,60,1,2,1,Yes
CECO01_1701,Mullidae,Upeneichthys,vlamingii,2,37355029,CECO01_1701_L.avi,31879,10.6263,SWhitmarsh,13,,Posidonia; Medium,60,1,2,1,No
CECO01_1701,Loliginidae,Sepioteuthis,australis,1,23617005,CECO01_1701_L.avi,102612,34.204,SWhitmarsh,13,,Posidonia; Medium,60,1,2,1,No
CECO01_1701,Portunidae,Nectocarcinus,integrifrons,1,28911010,CECO01_1701_L.avi,14724,4.908,SWhitmarsh,13,,Posidonia; Medium,60,1,2,1,Yes
CECO01_1701,Monacanthidae,Scobinichthys,granulatus,1,37465007,CECO01_1701_L.avi,28301,9.4337,SWhitmarsh,13,,Posidonia; Medium,60,1,2,1,No
CECO01_1701,Gerreidae,Parequula,melbournensis,2,37349001,CECO01_1701_L.avi,73574,24.5247,SWhitmarsh,13,,Posidonia; Medium,60,1,2,1,No
CECO01_1701,Rhinobatidae,Trygonorrhina,dumerilii,2,37027011,CECO01_1701_L.avi,148128,49.376,SWhitmarsh,13,,Posidonia; Medium,60,1,2,1,No
CECO01_1701,Sillaginidae,Sillaginodes,punctatus,1,37330001,CECO01_1701_L.avi,70222,23.4073,SWhitmarsh,13,,Posidonia; Medium,60,1,2,1,No
CECO02_1701,Sillaginidae,Sillaginodes,punctatus,1,37330001,CECO02_1701_L.avi,86697,28.899,SWhitmarsh,14,,Posidonia; Dense,60,2,1,2,No
CECO02_1701,Mullidae,Upeneichthys,vlamingii,2,37355029,CECO02_1701_L.avi,111346,37.1153,SWhitmarsh,14,,Posidonia; Dense,60,2,1,2,No
CECO02_1701,Rhinobatidae,Trygonorrhina,dumerilii,1,37027011,CECO02_1701_L.avi,33461,11.1537,SWhitmarsh,14,,Posidonia; Dense,60,2,1,2,No
CECO02_1701,Gerreidae,Parequula,melbournensis,3,37349001,CECO02_1701_L.avi,20902,6.9673,SWhitmarsh,14,,Posidonia; Dense,60,2,1,2,No
CECO02_1701,Monacanthidae,Scobinichthys,granulatus,1,37465007,CECO02_1701_L.avi,52189,17.3963,SWhitmarsh,14,,Posidonia; Dense,60,2,1,2,No
CECO02_1701,Majidae,Leptomithrax,gaimardii,1,28880010,CECO02_1701_L.avi,164671,54.8903,SWhitmarsh,14,,Posidonia; Dense,60,2,1,2,Yes
CECO02_1701,Apogonidae,Siphamia,cephalotes,1,37327032,CECO02_1701_L.avi,156883,52.2943,SWhitmarsh,14,,Posidonia; Dense,60,2,1,2,No
CECO02_1701,Portunidae,Portunus,armatus,1,28911005,CECO02_1701_L.avi,103538,34.5127,SWhitmarsh,14,,Posidonia; Dense,60,2,1,2,Yes
CECO03_1701,Odacidae,Neoodax,balteatus,1,37385005,CECO03_1701_L.avi,17971,5.9903,SWhitmarsh,12.9,,Posidonia; Dense,60,2,2,2,No
CECO03_1701,Gerreidae,Parequula,melbournensis,10,37349001,CECO03_1701_L.avi,69219,23.073,SWhitmarsh,12.9,,Posidonia; Dense,60,2,2,2,No
CECO03_1701,Carangidae,Trachurus,novaezelandiae,1,37337003,CECO03_1701_L.avi,147677,49.2257,SWhitmarsh,12.9,,Posidonia; Dense,60,2,2,2,No
CECO03_1701,Sillaginidae,Sillaginodes,punctatus,1,37330001,CECO03_1701_L.avi,109368,36.456,SWhitmarsh,12.9,,Posidonia; Dense,60,2,2,2,No
CECO03_1701,Portunidae,Portunus,armatus,2,28911005,CECO03_1701_L.avi,147179,49.0597,SWhitmarsh,12.9,,Posidonia; Dense,60,2,2,2,Yes
CECO03_1701,Rhinobatidae,Trygonorrhina,dumerilii,1,37027011,CECO03_1701_L.avi,98130,32.71,SWhitmarsh,12.9,,Posidonia; Dense,60,2,2,2,Yes
CECO03_1701,Arripidae,Arripis,georgianus,7,37344001,CECO03_1701_L.avi,165010,55.0033,SWhitmarsh,12.9,,Posidonia; Dense,60,2,2,2,No
CECO04_1701,Sparidae,Pagrus,auratus,1,37353001,CECO04_1701_L.avi,44198,14.7327,SWhitmarsh,10.5,,Reef; Ecklonia; Flat,60,1,2,1,No
CECO04_1701,Pomacentridae,Parma,victoriae,1,37372006,CECO04_1701_L.avi,16651,5.5503,SWhitmarsh,10.5,,Reef; Ecklonia; Flat,60,1,2,1,No
CECO04_1701,Sillaginidae,Sillaginodes,punctatus,1,37330001,CECO04_1701_L.avi,67930,22.6433,SWhitmarsh,10.5,,Reef; Ecklonia; Flat,60,1,2,1,No
CECO04_1701,Monacanthidae,Acanthaluteres,brownii,7,37465001,CECO04_1701_L.avi,60342,20.114,SWhitmarsh,10.5,,Reef; Ecklonia; Flat,60,1,2,1,No
CECO04_1701,Scorpididae,Scorpis,aequipinnis,1,37361004,CECO04_1701_L.avi,27762,9.254,SWhitmarsh,10.5,,Reef; Ecklonia; Flat,60,1,2,1,No
CECO04_1701,Monacanthidae,Meuschenia,hippocrepis,1,37465004,CECO04_1701_L.avi,21308,7.1027,SWhitmarsh,10.5,,Reef; Ecklonia; Flat,60,1,2,1,No
CECO04_1701,Pinguipedidae,Parapercis,haackei,1,37390004,CECO04_1701_L.avi,99937,33.3123,SWhitmarsh,10.5,,Reef; Ecklonia; Flat,60,1,2,1,No
CECO04_1701,Odacidae,Olisthops,cyanomelas,1,37385001,CECO04_1701_L.avi,48876,16.292,SWhitmarsh,10.5,,Reef; Ecklonia; Flat,60,1,2,1,No
CECO04_1701,Labridae,Austrolabrus,maculatus,1,37384025,CECO04_1701_L.avi,12419,4.1397,SWhitmarsh,10.5,,Reef; Ecklonia; Flat,60,1,2,1,No
CECO04_1701,Loliginidae,Sepioteuthis,australis,1,23617005,CECO04_1701_L.avi,169159,56.3863,SWhitmarsh,10.5,,Reef; Ecklonia; Flat,60,1,2,1,No
CENI01_1701,Monacanthidae,Meuschenia,hippocrepis,1,37465004,CENI01_1701_L.avi,96835,32.2783,SWhitmarsh,11,,Reef; Algae and invertebrates: Medium,60,2,2,1,Yes
CENI01_1701,Chaetodontidae,Chelmonops,curiosus,1,37365066,CENI01_1701_L.avi,73889,24.6297,SWhitmarsh,11,,Reef; Algae and invertebrates: Medium,60,2,2,1,No
CENI01_1701,Loliginidae,Sepioteuthis,australis,1,23617005,CENI01_1701_L.avi,115615,38.5383,SWhitmarsh,11,,Reef; Algae and invertebrates: Medium,60,2,2,1,No
CENI01_1701,Majidae,Leptomithrax,gaimardii,1,28880010,CENI01_1701_L.avi,185377,61.7923,SWhitmarsh,11,,Reef; Algae and invertebrates: Medium,60,2,2,1,Yes
CENI01_1701,Gerreidae,Parequula,melbournensis,1,37349001,CENI01_1701_L.avi,109679,36.5597,SWhitmarsh,11,,Reef; Algae and invertebrates: Medium,60,2,2,1,No
CENI01_1701,Arripidae,Arripis,georgianus,2,37344001,CENI01_1701_L.avi,53705,17.9017,SWhitmarsh,11,,Reef; Algae and invertebrates: Medium,60,2,2,1,No
CENI01_1701,Rhinobatidae,Trygonorrhina,dumerilii,1,37027011,CENI01_1701_L.avi,104348,34.7827,SWhitmarsh,11,,Reef; Algae and invertebrates: Medium,60,2,2,1,No
CENI01_1701,Monacanthidae,Scobinichthys,granulatus,1,37465007,CENI01_1701_L.avi,112036,37.3453,SWhitmarsh,11,,Reef; Algae and invertebrates: Medium,60,2,2,1,No
CENI01_1701,Triakidae,Furgaleus,macki,1,37017003,CENI01_1701_L.avi,44353,14.7843,SWhitmarsh,11,,Reef; Algae and invertebrates: Medium,60,2,2,1,Yes
CENI01_1701,Pinguipedidae,Parapercis,haackei,1,37390004,CENI01_1701_L.avi,31125,10.375,SWhitmarsh,11,,Reef; Algae and invertebrates: Medium,60,2,2,1,No
CENI01_1701,Sparidae,Pagrus,auratus,1,37353001,CENI01_1701_L.avi,52253,17.4177,SWhitmarsh,11,,Reef; Algae and invertebrates: Medium,60,2,2,1,No
CENI02_1701,Gerreidae,Parequula,melbournensis,1,37349001,CENI02_1701_L.avi,25350,8.45,SWhitmarsh,11,,Reef; Fucoid; Flat,60,1,2,1,No
CENI02_1701,Mullidae,Upeneichthys,vlamingii,2,37355029,CENI02_1701_L.avi,35421,11.807,SWhitmarsh,11,,Reef; Fucoid; Flat,60,1,2,1,No
CENI02_1701,Loliginidae,Sepioteuthis,australis,1,23617005,CENI02_1701_L.avi,141252,47.084,SWhitmarsh,11,,Reef; Fucoid; Flat,60,1,2,1,No
CENI02_1701,Sillaginidae,Sillaginodes,punctatus,3,37330001,CENI02_1701_L.avi,93331,31.1103,SWhitmarsh,11,,Reef; Fucoid; Flat,60,1,2,1,No
CENI02_1701,Arripidae,Arripis,georgianus,6,37344001,CENI02_1701_L.avi,48650,16.2167,SWhitmarsh,11,,Reef; Fucoid; Flat,60,1,2,1,No
CENI02_1701,Carangidae,Pseudocaranx,sp,1,37337924,CENI02_1701_L.avi,173486,57.8287,SWhitmarsh,11,,Reef; Fucoid; Flat,60,1,2,1,No
CENI02_1701,Rhinobatidae,Trygonorrhina,dumerilii,1,37027011,CENI02_1701_L.avi,146685,48.895,SWhitmarsh,11,,Reef; Fucoid; Flat,60,1,2,1,Yes
CENI03_1701,Mullidae,Upeneichthys,vlamingii,1,37355029,CENI03_1701_L.avi,145926,48.642,SWhitmarsh,11.3,,Reef; Ecklonia; Profile,60,2,1,1,No
CENI03_1701,Monacanthidae,Acanthaluteres,brownii,4,37465001,CENI03_1701_L.avi,64970,21.6567,SWhitmarsh,11.3,,Reef; Ecklonia; Profile,60,2,1,1,No
CENI03_1701,Monacanthidae,Meuschenia,hippocrepis,1,37465004,CENI03_1701_L.avi,17541,5.847,SWhitmarsh,11.3,,Reef; Ecklonia; Profile,60,2,1,1,No
CENI03_1701,Monacanthidae,Scobinichthys,granulatus,1,37465007,CENI03_1701_L.avi,117121,39.0403,SWhitmarsh,11.3,,Reef; Ecklonia; Profile,60,2,1,1,No
CENI03_1701,Sparidae,Pagrus,auratus,1,37353001,CENI03_1701_L.avi,105813,35.271,SWhitmarsh,11.3,,Reef; Ecklonia; Profile,60,2,1,1,No
CENI03_1701,Labridae,Austrolabrus,maculatus,1,37384025,CENI03_1701_L.avi,123436,41.1453,SWhitmarsh,11.3,,Reef; Ecklonia; Profile,60,2,1,1,No
CENI03_1701,Labridae,Notolabrus,parilus,1,37384022,CENI03_1701_L.avi,30430,10.1433,SWhitmarsh,11.3,,Reef; Ecklonia; Profile,60,2,1,1,No
CENI03_1701,Gerreidae,Parequula,melbournensis,1,37349001,CENI03_1701_L.avi,34756,11.5853,SWhitmarsh,11.3,,Reef; Ecklonia; Profile,60,2,1,1,No
CENI03_1701,Cheilodactylidae,Nemadactylus,valenciennesi,1,37377004,CENI03_1701_L.avi,62894,20.9647,SWhitmarsh,11.3,,Reef; Ecklonia; Profile,60,2,1,1,No
CENI03_1701,Chaetodontidae,Chelmonops,curiosus,1,37365066,CENI03_1701_L.avi,157914,52.638,SWhitmarsh,11.3,,Reef; Ecklonia; Profile,60,2,1,1,No
CENI03_1701,Pempherididae,Pempheris,klunzingeri,1,37357003,CENI03_1701_L.avi,47786,15.9287,SWhitmarsh,11.3,,Reef; Ecklonia; Profile,60,2,1,1,No
CENI04_1701,Pempherididae,Pempheris,klunzingeri,1,37357003,CENI04_1701_L.avi,171435,57.145,SWhitmarsh,11.5,,Reef; Algae and invertebrates: Medium,60,1,2,1,No
CENI04_1701,Gerreidae,Parequula,melbournensis,2,37349001,CENI04_1701_L.avi,21751,7.2503,SWhitmarsh,11.5,,Reef; Algae and invertebrates: Medium,60,1,2,1,No
CENI04_1701,Odacidae,Siphonognathus,sp,1,37385905,CENI04_1701_L.avi,10489,3.4963,SWhitmarsh,11.5,,Reef; Algae and invertebrates: Medium,60,1,2,1,No
CENI04_1701,Monacanthidae,Scobinichthys,granulatus,1,37465007,CENI04_1701_L.avi,11223,3.741,SWhitmarsh,11.5,,Reef; Algae and invertebrates: Medium,60,1,2,1,Yes
CENI04_1701,Apogonidae,Siphamia,cephalotes,4,37327032,CENI04_1701_L.avi,14530,4.8433,SWhitmarsh,11.5,,Reef; Algae and invertebrates: Medium,60,1,2,1,No
CENI04_1701,Portunidae,Nectocarcinus,integrifrons,1,28911010,CENI04_1701_L.avi,33474,11.158,SWhitmarsh,11.5,,Reef; Algae and invertebrates: Medium,60,1,2,1,Yes
CENI04_1701,Rhinobatidae,Trygonorrhina,dumerilii,1,37027011,CENI04_1701_L.avi,175614,58.538,SWhitmarsh,11.5,,Reef; Algae and invertebrates: Medium,60,1,2,1,No
CENI04_1701,Pinguipedidae,Parapercis,haackei,1,37390004,CENI04_1701_L.avi,34647,11.549,SWhitmarsh,11.5,,Reef; Algae and invertebrates: Medium,60,1,2,1,No
CENO01_1701,Labridae,Austrolabrus,maculatus,1,37384025,CENO01_1701_L.avi,50080,16.6933,SWhitmarsh,11,strong current,Reef; Algae and invertebrates: Medium,60,1,2,1,No
CENO01_1701,Monacanthidae,Scobinichthys,granulatus,1,37465007,CENO01_1701_L.avi,145796,48.5987,SWhitmarsh,11,strong current,Reef; Algae and invertebrates: Medium,60,1,2,1,No
CENO01_1701,Portunidae,Portunus,armatus,5,28911005,CENO01_1701_L.avi,135883,45.2943,SWhitmarsh,11,strong current,Reef; Algae and invertebrates: Medium,60,1,2,1,Yes
CENO01_1701,Loliginidae,Sepioteuthis,australis,8,23617005,CENO01_1701_L.avi,150906,50.302,SWhitmarsh,11,strong current,Reef; Algae and invertebrates: Medium,60,1,2,1,No
CENO01_1701,Monacanthidae,Meuschenia,freycineti,2,37465036,CENO01_1701_L.avi,169163,56.3877,SWhitmarsh,11,strong current,Reef; Algae and invertebrates: Medium,60,1,2,1,No
CENO01_1701,Sillaginidae,Sillaginodes,punctatus,1,37330001,CENO01_1701_L.avi,98813,32.9377,SWhitmarsh,11,strong current,Reef; Algae and invertebrates: Medium,60,1,2,1,No
CENO01_1701,Portunidae,Nectocarcinus,integrifrons,1,28911010,CENO01_1701_L.avi,158168,52.7227,SWhitmarsh,11,strong current,Reef; Algae and invertebrates: Medium,60,1,2,1,No
CENO01_1701,Rhinobatidae,Trygonorrhina,dumerilii,1,37027011,CENO01_1701_L.avi,141553,47.1843,SWhitmarsh,11,strong current,Reef; Algae and invertebrates: Medium,60,1,2,1,No
CENO01_1701,Gerreidae,Parequula,melbournensis,1,37349001,CENO01_1701_L.avi,43828,14.6093,SWhitmarsh,11,strong current,Reef; Algae and invertebrates: Medium,60,1,2,1,No
CENO02_1701,Sillaginidae,Sillaginodes,punctatus,1,37330001,CENO02_1701_L.avi,53871,17.957,SWhitmarsh,11,,Reef; Algae and invertebrates: Dense,60,1,2,1,No
CENO02_1701,Carangidae,Pseudocaranx,sp,2,37337924,CENO02_1701_L.avi,149949,49.983,SWhitmarsh,11,,Reef; Algae and invertebrates: Dense,60,1,2,1,No
CENO02_1701,Portunidae,Portunus,armatus,4,28911005,CENO02_1701_L.avi,158082,52.694,SWhitmarsh,11,,Reef; Algae and invertebrates: Dense,60,1,2,1,Yes
CENO02_1701,Mullidae,Upeneichthys,vlamingii,1,37355029,CENO02_1701_L.avi,109545,36.515,SWhitmarsh,11,,Reef; Algae and invertebrates: Dense,60,1,2,1,No
CENO02_1701,Monacanthidae,Scobinichthys,granulatus,2,37465007,CENO02_1701_L.avi,68484,22.828,SWhitmarsh,11,,Reef; Algae and invertebrates: Dense,60,1,2,1,No
CENO02_1701,Gerreidae,Parequula,melbournensis,3,37349001,CENO02_1701_L.avi,34049,11.3497,SWhitmarsh,11,,Reef; Algae and invertebrates: Dense,60,1,2,1,No
CENO02_1701,Monacanthidae,Acanthaluteres,vittiger,4,37465002,CENO02_1701_L.avi,48462,16.154,SWhitmarsh,11,,Reef; Algae and invertebrates: Dense,60,1,2,1,No
CENO03_1701,Loliginidae,Sepioteuthis,australis,1,23617005,CENO03_1701_L.avi,51372,17.124,SWhitmarsh,11.7,,Reef; Algae and invertebrates: Dense,60,1,2,1,No
CENO03_1701,Monacanthidae,Scobinichthys,granulatus,2,37465007,CENO03_1701_L.avi,23891,7.9637,SWhitmarsh,11.7,,Reef; Algae and invertebrates: Dense,60,1,2,1,No
CENO03_1701,Pinguipedidae,Parapercis,haackei,1,37390004,CENO03_1701_L.avi,20231,6.7437,SWhitmarsh,11.7,,Reef; Algae and invertebrates: Dense,60,1,2,1,No
CENO03_1701,Majidae,Leptomithrax,gaimardii,1,28880010,CENO03_1701_L.avi,189793,63.2643,SWhitmarsh,11.7,,Reef; Algae and invertebrates: Dense,60,1,2,1,No
CENO03_1701,Monacanthidae,Acanthaluteres,vittiger,1,37465002,CENO03_1701_L.avi,116409,38.803,SWhitmarsh,11.7,,Reef; Algae and invertebrates: Dense,60,1,2,1,No
CENO03_1701,Sepiidae,Sepia,apama,1,23607001,CENO03_1701_L.avi,172500,57.5,SWhitmarsh,11.7,,Reef; Algae and invertebrates: Dense,60,1,2,1,No
CENO03_1701,Gerreidae,Parequula,melbournensis,3,37349001,CENO03_1701_L.avi,22481,7.4937,SWhitmarsh,11.7,,Reef; Algae and invertebrates: Dense,60,1,2,1,No
CENO03_1701,Portunidae,Portunus,armatus,7,28911005,CENO03_1701_L.avi,99788,33.2627,SWhitmarsh,11.7,,Reef; Algae and invertebrates: Dense,60,1,2,1,Yes
CENO03_1701,Mullidae,Upeneichthys,vlamingii,1,37355029,CENO03_1701_L.avi,40574,13.5247,SWhitmarsh,11.7,,Reef; Algae and invertebrates: Dense,60,1,2,1,No
CENO04_1701,Labridae,Notolabrus,parilus,1,37384022,CENO04_1701_L.avi,29345,9.7817,SWhitmarsh,11.3,,Reef; Algae and invertebrates: Dense,60,1,2,1,No
CENO04_1701,Portunidae,Portunus,armatus,2,28911005,CENO04_1701_L.avi,44863,14.9543,SWhitmarsh,11.3,,Reef; Algae and invertebrates: Dense,60,1,2,1,Yes
CENO04_1701,Labridae,Austrolabrus,maculatus,1,37384025,CENO04_1701_L.avi,22921,7.6403,SWhitmarsh,11.3,,Reef; Algae and invertebrates: Dense,60,1,2,1,No
CENO04_1701,Sparidae,Pagrus,auratus,2,37353001,CENO04_1701_L.avi,58920,19.64,SWhitmarsh,11.3,,Reef; Algae and invertebrates: Dense,60,1,2,1,No
CENO04_1701,Carangidae,Pseudocaranx,sp,1,37337924,CENO04_1701_L.avi,138357,46.119,SWhitmarsh,11.3,,Reef; Algae and invertebrates: Dense,60,1,2,1,No
CENO04_1701,Chaetodontidae,Chelmonops,curiosus,2,37365066,CENO04_1701_L.avi,125395,41.7983,SWhitmarsh,11.3,,Reef; Algae and invertebrates: Dense,60,1,2,1,No
CENO04_1701,Majidae,Leptomithrax,gaimardii,1,28880010,CENO04_1701_L.avi,111662,37.2207,SWhitmarsh,11.3,,Reef; Algae and invertebrates: Dense,60,1,2,1,Yes
CENO04_1701,Carangidae,Trachurus,novaezelandiae,28,37337003,CENO04_1701_L.avi,64935,21.645,SWhitmarsh,11.3,,Reef; Algae and invertebrates: Dense,60,1,2,1,No
CENO04_1701,Monacanthidae,Scobinichthys,granulatus,1,37465007,CENO04_1701_L.avi,42157,14.0523,SWhitmarsh,11.3,,Reef; Algae and invertebrates: Dense,60,1,2,1,No
CENO04_1701,Monacanthidae,Meuschenia,hippocrepis,2,37465004,CENO04_1701_L.avi,25254,8.418,SWhitmarsh,11.3,,Reef; Algae and invertebrates: Dense,60,1,2,1,No
CENO04_1701,Gerreidae,Parequula,melbournensis,2,37349001,CENO04_1701_L.avi,53938,17.9793,SWhitmarsh,11.3,,Reef; Algae and invertebrates: Dense,60,1,2,1,No
CENO04_1701,Mullidae,Upeneichthys,vlamingii,1,37355029,CENO04_1701_L.avi,73504,24.5013,SWhitmarsh,11.3,,Reef; Algae and invertebrates: Dense,60,1,2,1,No
CENO04_1701,Portunidae,Nectocarcinus,integrifrons,2,28911010,CENO04_1701_L.avi,26048,8.6827,SWhitmarsh,11.3,,Reef; Algae and invertebrates: Dense,60,1,2,1,Yes
CESI01_1701,Pinguipedidae,Parapercis,haackei,1,37390004,CESI01_1701_L.avi,45605,15.2017,SWhitmarsh,13,,Reef; Algae and invertebrates: Medium,60,1,2,1,No
CESI01_1701,Ostraciidae,Aracana,aurita,1,37466003,CESI01_1701_L.avi,36778,12.2593,SWhitmarsh,13,,Reef; Algae and invertebrates: Medium,60,1,2,1,No
CESI01_1701,Gerreidae,Parequula,melbournensis,2,37349001,CESI01_1701_L.avi,21216,7.072,SWhitmarsh,13,,Reef; Algae and invertebrates: Medium,60,1,2,1,No
CESI01_1701,Sillaginidae,Sillaginodes,punctatus,2,37330001,CESI01_1701_L.avi,123945,41.315,SWhitmarsh,13,,Reef; Algae and invertebrates: Medium,60,1,2,1,No
CESI01_1701,Odacidae,Neoodax,balteatus,1,37385005,CESI01_1701_L.avi,13917,4.639,SWhitmarsh,13,,Reef; Algae and invertebrates: Medium,60,1,2,1,No
CESI01_1701,Sphyraenidae,Sphyraena,novaehollandiae,1,37382002,CESI01_1701_L.avi,65423,21.8077,SWhitmarsh,13,,Reef; Algae and invertebrates: Medium,60,1,2,1,No
CESI01_1701,Loliginidae,Sepioteuthis,australis,17,23617005,CESI01_1701_L.avi,173535,57.845,SWhitmarsh,13,,Reef; Algae and invertebrates: Medium,60,1,2,1,No
CESI01_1701,Sparidae,Pagrus,auratus,1,37353001,CESI01_1701_L.avi,103493,34.4977,SWhitmarsh,13,,Reef; Algae and invertebrates: Medium,60,1,2,1,No
CESI01_1701,Portunidae,Nectocarcinus,integrifrons,4,28911010,CESI01_1701_L.avi,52873,17.6243,SWhitmarsh,13,,Reef; Algae and invertebrates: Medium,60,1,2,1,Yes
CESI01_1701,Rhinobatidae,Trygonorrhina,dumerilii,1,37027011,CESI01_1701_L.avi,167560,55.8533,SWhitmarsh,13,,Reef; Algae and invertebrates: Medium,60,1,2,1,No
CESI02_1701,Loliginidae,Sepioteuthis,australis,4,23617005,CESI02_1701_L.avi,21076,7.0253,SWhitmarsh,13,,Reef; Mixed Scaberia and Fucoid; Flat,60,2,2,1,No
CESI02_1701,Majidae,Leptomithrax,gaimardii,1,28880010,CESI02_1701_L.avi,110789,36.9297,SWhitmarsh,13,,Reef; Mixed Scaberia and Fucoid; Flat,60,2,2,1,Yes
CESI02_1701,Rhinobatidae,Trygonorrhina,dumerilii,1,37027011,CESI02_1701_L.avi,128979,42.993,SWhitmarsh,13,,Reef; Mixed Scaberia and Fucoid; Flat,60,2,2,1,No
CESI02_1701,Sillaginidae,Sillaginodes,punctatus,1,37330001,CESI02_1701_L.avi,80822,26.9407,SWhitmarsh,13,,Reef; Mixed Scaberia and Fucoid; Flat,60,2,2,1,No
CESI02_1701,Carangidae,Trachurus,novaezelandiae,9,37337003,CESI02_1701_L.avi,162834,54.278,SWhitmarsh,13,,Reef; Mixed Scaberia and Fucoid; Flat,60,2,2,1,No
CESI02_1701,Gerreidae,Parequula,melbournensis,1,37349001,CESI02_1701_L.avi,43306,14.4353,SWhitmarsh,13,,Reef; Mixed Scaberia and Fucoid; Flat,60,2,2,1,No
CESI02_1701,Sparidae,Pagrus,auratus,3,37353001,CESI02_1701_L.avi,120720,40.24,SWhitmarsh,13,,Reef; Mixed Scaberia and Fucoid; Flat,60,2,2,1,No
CESI02_1701,Monacanthidae,Scobinichthys,granulatus,1,37465007,CESI02_1701_L.avi,80018,26.6727,SWhitmarsh,13,,Reef; Mixed Scaberia and Fucoid; Flat,60,2,2,1,No
CESI02_1701,Odacidae,Siphonognathus,sp,1,37385905,CESI02_1701_L.avi,116852,38.9507,SWhitmarsh,13,,Reef; Mixed Scaberia and Fucoid; Flat,60,2,2,1,No
CESI02_1701,Portunidae,Nectocarcinus,integrifrons,1,28911010,CESI02_1701_L.avi,108679,36.2263,SWhitmarsh,13,,Reef; Mixed Scaberia and Fucoid; Flat,60,2,2,1,No
CESI03_1701,Monacanthidae,Scobinichthys,granulatus,2,37465007,CESI03_1701_R.avi,172132,57.3773,SWhitmarsh,13.4,,Reef; Algae and invertebrates: Dense,60,1,1,1,No
CESI03_1701,Majidae,Leptomithrax,gaimardii,1,28880010,CESI03_1701_R.avi,152265,50.755,SWhitmarsh,13.4,,Reef; Algae and invertebrates: Dense,60,1,1,1,No
CESI03_1701,Portunidae,Portunus,armatus,1,28911005,CESI03_1701_R.avi,8946,2.982,SWhitmarsh,13.4,,Reef; Algae and invertebrates: Dense,60,1,1,1,No
CESI03_1701,Pempherididae,Pempheris,klunzingeri,9,37357003,CESI03_1701_R.avi,7045,2.3483,SWhitmarsh,13.4,,Reef; Algae and invertebrates: Dense,60,1,1,1,No
CESI03_1701,Labridae,Austrolabrus,maculatus,2,37384025,CESI03_1701_R.avi,40976,13.6587,SWhitmarsh,13.4,,Reef; Algae and invertebrates: Dense,60,1,1,1,No
CESI03_1701,Sparidae,Pagrus,auratus,6,37353001,CESI03_1701_R.avi,39731,13.2437,SWhitmarsh,13.4,,Reef; Algae and invertebrates: Dense,60,1,1,1,Yes
CESI03_1701,Portunidae,Nectocarcinus,integrifrons,1,28911010,CESI03_1701_R.avi,20848,6.9493,SWhitmarsh,13.4,,Reef; Algae and invertebrates: Dense,60,1,1,1,No
CESI04_1701,Gerreidae,Parequula,melbournensis,1,37349001,CESI04_1701_L.avi,56065,18.6883,SWhitmarsh,13.7,,Reef; Mixed algal; Flat,60,1,2,1,No
CESI04_1701,Loliginidae,Sepioteuthis,australis,1,23617005,CESI04_1701_L.avi,118445,39.4817,SWhitmarsh,13.7,,Reef; Mixed algal; Flat,60,1,2,1,No
CESI04_1701,Rhinobatidae,Trygonorrhina,dumerilii,1,37027011,CESI04_1701_L.avi,115365,38.455,SWhitmarsh,13.7,,Reef; Mixed algal; Flat,60,1,2,1,No
CESI04_1701,Carangidae,Trachurus,novaezelandiae,5,37337003,CESI04_1701_L.avi,150804,50.268,SWhitmarsh,13.7,,Reef; Mixed algal; Flat,60,1,2,1,No
CESI04_1701,Majidae,Leptomithrax,gaimardii,2,28880010,CESI04_1701_L.avi,137669,45.8897,SWhitmarsh,13.7,,Reef; Mixed algal; Flat,60,1,2,1,Yes
CESI04_1701,Monacanthidae,Scobinichthys,granulatus,1,37465007,CESI04_1701_L.avi,49054,16.3513,SWhitmarsh,13.7,,Reef; Mixed algal; Flat,60,1,2,1,No
CESI04_1701,Portunidae,Nectocarcinus,integrifrons,4,28911010,CESI04_1701_L.avi,50875,16.9583,SWhitmarsh,13.7,,Reef; Mixed algal; Flat,60,1,2,1,Yes
CESO01_1701,Pempherididae,Pempheris,klunzingeri,1,37357003,CESO01_1701_L.avi,93162,31.054,SWhitmarsh,11,,Reef; Mixed Scaberia and Fucoid; Flat,60,2,2,1,No
CESO01_1701,Gerreidae,Parequula,melbournensis,2,37349001,CESO01_1701_L.avi,102657,34.219,SWhitmarsh,11,,Reef; Mixed Scaberia and Fucoid; Flat,60,2,2,1,No
CESO01_1701,Loliginidae,Sepioteuthis,australis,2,23617005,CESO01_1701_L.avi,183745,61.2483,SWhitmarsh,11,,Reef; Mixed Scaberia and Fucoid; Flat,60,2,2,1,No
CESO01_1701,Mullidae,Upeneichthys,vlamingii,1,37355029,CESO01_1701_L.avi,168353,56.1177,SWhitmarsh,11,,Reef; Mixed Scaberia and Fucoid; Flat,60,2,2,1,No
CESO01_1701,Portunidae,Nectocarcinus,integrifrons,1,28911010,CESO01_1701_L.avi,69242,23.0807,SWhitmarsh,11,,Reef; Mixed Scaberia and Fucoid; Flat,60,2,2,1,No
CESO01_1701,Labridae,Notolabrus,parilus,1,37384022,CESO01_1701_L.avi,46322,15.4407,SWhitmarsh,11,,Reef; Mixed Scaberia and Fucoid; Flat,60,2,2,1,No
CESO01_1701,Monacanthidae,Scobinichthys,granulatus,1,37465007,CESO01_1701_L.avi,45024,15.008,SWhitmarsh,11,,Reef; Mixed Scaberia and Fucoid; Flat,60,2,2,1,No
CESO01_1701,Rhinobatidae,Trygonorrhina,dumerilii,1,37027011,CESO01_1701_L.avi,52791,17.597,SWhitmarsh,11,,Reef; Mixed Scaberia and Fucoid; Flat,60,2,2,1,Yes
CESO02_1701,Gerreidae,Parequula,melbournensis,1,37349001,CESO02_1701_L.avi,49760,16.5867,SWhitmarsh,11,,Reef; Mixed Scaberia and Fucoid; Flat,60,2,2,1,No
CESO02_1701,Sphyraenidae,Sphyraena,novaehollandiae,1,37382002,CESO02_1701_L.avi,62197,20.7323,SWhitmarsh,11,,Reef; Mixed Scaberia and Fucoid; Flat,60,2,2,1,No
CESO02_1701,Portunidae,Nectocarcinus,integrifrons,1,28911010,CESO02_1701_L.avi,8842,2.9473,SWhitmarsh,11,,Reef; Mixed Scaberia and Fucoid; Flat,60,2,2,1,Yes
CESO02_1701,Odacidae,Siphonognathus,sp,2,37385905,CESO02_1701_L.avi,137147,45.7157,SWhitmarsh,11,,Reef; Mixed Scaberia and Fucoid; Flat,60,2,2,1,No
CESO02_1701,Mullidae,Upeneichthys,vlamingii,1,37355029,CESO02_1701_L.avi,131866,43.9553,SWhitmarsh,11,,Reef; Mixed Scaberia and Fucoid; Flat,60,2,2,1,No
CESO02_1701,Monacanthidae,Brachaluteres,jacksonianus,1,37465025,CESO02_1701_L.avi,133336,44.4453,SWhitmarsh,11,,Reef; Mixed Scaberia and Fucoid; Flat,60,2,2,1,No
CESO02_1701,Majidae,Leptomithrax,gaimardii,1,28880010,CESO02_1701_L.avi,60781,20.2603,SWhitmarsh,11,,Reef; Mixed Scaberia and Fucoid; Flat,60,2,2,1,Yes
CESO02_1701,Rhinobatidae,Trygonorrhina,dumerilii,1,37027011,CESO02_1701_L.avi,168102,56.034,SWhitmarsh,11,,Reef; Mixed Scaberia and Fucoid; Flat,60,2,2,1,Yes
CESO02_1701,Monacanthidae,Scobinichthys,granulatus,1,37465007,CESO02_1701_L.avi,62979,20.993,SWhitmarsh,11,,Reef; Mixed Scaberia and Fucoid; Flat,60,2,2,1,Yes
CESO03_1701,Carangidae,Trachurus,novaezelandiae,1,37337003,CESO03_1701_L.avi,75150,25.05,SWhitmarsh,11.1,,Reef; Algae and invertebrates: Dense,60,1,2,1,No
CESO03_1701,Pinguipedidae,Parapercis,haackei,1,37390004,CESO03_1701_L.avi,16336,5.4453,SWhitmarsh,11.1,,Reef; Algae and invertebrates: Dense,60,1,2,1,No
CESO03_1701,Gerreidae,Parequula,melbournensis,3,37349001,CESO03_1701_L.avi,32298,10.766,SWhitmarsh,11.1,,Reef; Algae and invertebrates: Dense,60,1,2,1,No
CESO03_1701,Sparidae,Pagrus,auratus,1,37353001,CESO03_1701_L.avi,105471,35.157,SWhitmarsh,11.1,,Reef; Algae and invertebrates: Dense,60,1,2,1,No
CESO03_1701,Portunidae,Nectocarcinus,integrifrons,2,28911010,CESO03_1701_L.avi,117806,39.2687,SWhitmarsh,11.1,,Reef; Algae and invertebrates: Dense,60,1,2,1,Yes
CESO03_1701,Monacanthidae,Scobinichthys,granulatus,1,37465007,CESO03_1701_L.avi,98852,32.9507,SWhitmarsh,11.1,,Reef; Algae and invertebrates: Dense,60,1,2,1,No
CESO03_1701,Rhinobatidae,Trygonorrhina,dumerilii,1,37027011,CESO03_1701_L.avi,75150,25.05,SWhitmarsh,11.1,,Reef; Algae and invertebrates: Dense,60,1,2,1,No
CESO03_1701,Majidae,Leptomithrax,gaimardii,1,28880010,CESO03_1701_L.avi,162275,54.0917,SWhitmarsh,11.1,,Reef; Algae and invertebrates: Dense,60,1,2,1,Yes
CESO03_1701,Enoplosidae,Enoplosus,armatus,1,37366001,CESO03_1701_L.avi,125542,41.8473,SWhitmarsh,11.1,,Reef; Algae and invertebrates: Dense,60,1,2,1,No
CESO03_1701,Loliginidae,Sepioteuthis,australis,2,23617005,CESO03_1701_L.avi,104748,34.916,SWhitmarsh,11.1,,Reef; Algae and invertebrates: Dense,60,1,2,1,No
CESO04_1701,Gerreidae,Parequula,melbournensis,2,37349001,CESO04_1701_L.avi,32506,10.8353,SWhitmarsh,11.2,,Reef; Algae and invertebrates: Medium,60,1,2,1,No
CESO04_1701,Labridae,Austrolabrus,maculatus,1,37384025,CESO04_1701_L.avi,27001,9.0003,SWhitmarsh,11.2,,Reef; Algae and invertebrates: Medium,60,1,2,1,No
CESO04_1701,Portunidae,Nectocarcinus,integrifrons,1,28911010,CESO04_1701_L.avi,149747,49.9157,SWhitmarsh,11.2,,Reef; Algae and invertebrates: Medium,60,1,2,1,Yes
CESO04_1701,Loliginidae,Sepioteuthis,australis,1,23617005,CESO04_1701_L.avi,102395,34.1317,SWhitmarsh,11.2,,Reef; Algae and invertebrates: Medium,60,1,2,1,No
CESO04_1701,Labridae,Notolabrus,parilus,1,37384022,CESO04_1701_L.avi,148185,49.395,SWhitmarsh,11.2,,Reef; Algae and invertebrates: Medium,60,1,2,1,No
CESO04_1701,Pinguipedidae,Parapercis,haackei,1,37390004,CESO04_1701_L.avi,23360,7.7867,SWhitmarsh,11.2,,Reef; Algae and invertebrates: Medium,60,1,2,1,No
CESO04_1701,Majidae,Leptomithrax,gaimardii,1,28880010,CESO04_1701_L.avi,78464,26.1547,SWhitmarsh,11.2,,Reef; Algae and invertebrates: Medium,60,1,2,1,Yes
CESO04_1701,Carangidae,Trachurus,novaezelandiae,1,37337003,CESO04_1701_L.avi,64522,21.5073,SWhitmarsh,11.2,,Reef; Algae and invertebrates: Medium,60,1,2,1,No
CESO04_1701,Sparidae,Pagrus,auratus,3,37353001,CESO04_1701_L.avi,166330,55.4433,SWhitmarsh,11.2,,Reef; Algae and invertebrates: Medium,60,1,2,1,No
CESO04_1701,Monacanthidae,Scobinichthys,granulatus,1,37465007,CESO04_1701_L.avi,11475,3.825,SWhitmarsh,11.2,,Reef; Algae and invertebrates: Medium,60,1,2,1,No
CHHO01_1511,Labridae,Austrolabrus,maculatus,1,37384025,CHOH01_1511_L.avi,92449,30.81633333,JSwales,15,,Reef; Fucoid; Profile,60,1,2,2,No
CHHO01_1511,Labridae,Notolabrus,parilus,3,37384022,CHOH01_1511_L.avi,127290,42.43,JSwales,15,,Reef; Fucoid; Profile,60,1,2,2,No
CHHO01_1511,Labridae,Pictilabrus,laticlavius,2,37384020,CHOH01_1511_L.avi,160994,53.66466667,JSwales,15,,Reef; Fucoid; Profile,60,1,2,2,No
CHHO01_1511,Labridae,Notolabrus,tetricus,3,37384003,CHOH01_1511_L.avi,55402,18.46733333,JSwales,15,,Reef; Fucoid; Profile,60,1,2,2,No
CHHO01_1511,Labridae,Achoerodus,gouldii,1,37384002,CHOH01_1511_L.avi,120961,40.32033333,JSwales,15,,Reef; Fucoid; Profile,60,1,2,2,No
CHHO01_1511,Cheilodactylidae,Dactylophora,nigricans,1,37377005,CHOH01_1511_L.avi,8798,2.932666667,JSwales,15,,Reef; Fucoid; Profile,60,1,2,2,No
CHHO01_1511,Odacidae,Olisthops,cyanomelas,1,37385001,CHOH01_1511_L.avi,63299,21.09966667,JSwales,15,,Reef; Fucoid; Profile,60,1,2,2,No
CHHO01_1511,Gerreidae,Parequula,melbournensis,5,37349001,CHOH01_1511_L.avi,21600,7.2,JSwales,15,,Reef; Fucoid; Profile,60,1,2,2,No
CHHO01_1511,Sillaginidae,Sillaginodes,punctatus,1,37330001,CHOH01_1511_L.avi,144470,48.15666667,JSwales,15,,Reef; Fucoid; Profile,60,1,2,2,No
CHHO01_1511,Labridae,LABRIDAE,sp,1,37384000,CHOH01_1511_L.avi,16180,5.393333333,JSwales,15,,Reef; Fucoid; Profile,60,1,2,2,No
CHHO01_1511,Monacanthidae,Meuschenia,hippocrepis,1,37465004,CHOH01_1511_L.avi,161263,0.037329398,JSwales,15,,Reef; Fucoid; Profile,60,1,2,2,No
CHHO01_1511,Odacidae,Heteroscarus,acroptilus,1,37385010,CHOH01_1511_L.avi,17284,5.761333333,JSwales,15,,Reef; Fucoid; Profile,60,1,2,2,No
CHHO01_1511,Labridae,Ophthalmolepis,lineolatus,1,37384040,CHOH01_1511_L.avi,102060,34.02,JSwales,15,,Reef; Fucoid; Profile,60,1,2,2,No
CHHO01_1511,Labridae,Eupetrichthys,angustipes,1,37384105,CHOH01_1511_L.avi,11664,3.888,JSwales,15,,Reef; Fucoid; Profile,60,1,2,2,No
CHHO02_1511,Labridae,Notolabrus,parilus,2,37384022,CHOH02_1511_L.avi,57015,31.7067,DColella,12,Adjacent reef,Posidonia; Dense,60,2,2,2,No
CHHO02_1511,Labridae,Pictilabrus,laticlavius,2,37384020,CHOH02_1511_L.avi,66734,37.1116,DColella,12,Adjacent reef,Posidonia; Dense,60,2,2,2,No
CHHO02_1511,Labridae,Notolabrus,tetricus,1,37384003,CHOH02_1511_L.avi,59675,33.186,DColella,12,Adjacent reef,Posidonia; Dense,60,2,2,2,Yes
CHHO02_1511,Sphyraenidae,Sphyraena,novaehollandiae,1,37382002,CHOH02_1511_L.avi,42450,23.6069,DColella,12,Adjacent reef,Posidonia; Dense,60,2,2,2,No
CHHO02_1511,Mullidae,Upeneichthys,vlamingii,1,37355029,CHOH02_1511_L.avi,21513,11.9636,DColella,12,Adjacent reef,Posidonia; Dense,60,2,2,2,No
CHHO02_1511,Arripidae,Arripis,georgianus,1,37344001,CHOH02_1511_L.avi,29510,16.4109,DColella,12,Adjacent reef,Posidonia; Dense,60,2,2,2,No
CHHO02_1511,Loliginidae,Sepioteuthis,australis,1,23617005,CHOH02_1511_L.avi,36701,20.4099,DColella,12,Adjacent reef,Posidonia; Dense,60,2,2,2,No
CHHO02_1511,Odacidae,Siphonognathus,sp,1,37385905,CHOH02_1511_L.avi,98430,54.7381,DColella,12,Adjacent reef,Posidonia; Dense,60,2,2,2,No
CHHO02_1511,Labridae,Eupetrichthys,angustipes,1,37384105,CHOH02_1511_L.avi,58677,32.631,DColella,12,Adjacent reef,Posidonia; Dense,60,2,2,2,No
CHHO02_1511,Odacidae,Olisthops,cyanomelas,1,37385001,CHOH02_1511_L.avi,66791,37.1433,DColella,12,Adjacent reef,Posidonia; Dense,60,2,2,2,No
CHHO02_1511,Monacanthidae,Acanthaluteres,vittiger,14,37465002,CHOH02_1511_L.avi,24089,13.3962,DColella,12,Adjacent reef,Posidonia; Dense,60,2,2,2,No
CHHO02_1511,Gastropteridae,Sagaminopteron,ornatum,1,24325002,CHOH02_1511_L.avi,83099,46.2123,DColella,12,Adjacent reef,Posidonia; Dense,60,2,2,2,No
CHHO03_1511,Monacanthidae,Meuschenia,flavolineata,2,37465035,CHOH03_1511_L.avi,39276,21.8418,DColella,15,,Reef; Fucoid; Profile,60,2,2,1,No
CHHO03_1511,Odacidae,Siphonognathus,sp,1,37385905,CHOH03_1511_L.avi,55476,30.8509,DColella,15,,Reef; Fucoid; Profile,60,2,2,1,No
CHHO03_1511,Monacanthidae,Meuschenia,freycineti,1,37465036,CHOH03_1511_L.avi,84893,47.21,DColella,15,,Reef; Fucoid; Profile,60,2,2,1,No
CHHO03_1511,Monacanthidae,Acanthaluteres,brownii,1,37465001,CHOH03_1511_L.avi,97812,54.3944,DColella,15,,Reef; Fucoid; Profile,60,2,2,1,No
CHHO03_1511,Labridae,Eupetrichthys,angustipes,1,37384105,CHOH03_1511_L.avi,34954,19.4383,DColella,15,,Reef; Fucoid; Profile,60,2,2,1,No
CHHO03_1511,Odacidae,Olisthops,cyanomelas,1,37385001,CHOH03_1511_L.avi,6853,3.811,DColella,15,,Reef; Fucoid; Profile,60,2,2,1,No
CHHO03_1511,Labridae,Notolabrus,parilus,2,37384022,CHOH03_1511_L.avi,102474,56.987,DColella,15,,Reef; Fucoid; Profile,60,2,2,1,No
CHHO03_1511,Labridae,Pictilabrus,laticlavius,2,37384020,CHOH03_1511_L.avi,40853,22.7188,DColella,15,,Reef; Fucoid; Profile,60,2,2,1,No
CHHO03_1511,Labridae,Dotalabrus,aurantiacus,2,37384018,CHOH03_1511_L.avi,102310,56.8958,DColella,15,,Reef; Fucoid; Profile,60,2,2,1,No
CHHO03_1511,Scorpididae,Scorpis,aequipinnis,6,37361004,CHOH03_1511_L.avi,55797,31.0294,DColella,15,,Reef; Fucoid; Profile,60,2,2,1,No
CHHO03_1511,Triakidae,Mustelus,antarcticus,1,37017001,CHOH03_1511_L.avi,78072,43.4168,DColella,15,,Reef; Fucoid; Profile,60,2,2,1,No
CHHO03_1511,Platycephalidae,Platycephalus,speculator,1,37296037,CHOH03_1511_L.avi,39352,21.8841,DColella,15,,Reef; Fucoid; Profile,60,2,2,1,No
CHHO03_1511,Dinolestidae,Dinolestes,lewini,1,37327002,CHOH03_1511_L.avi,107610,59.8432,DColella,15,,Reef; Fucoid; Profile,60,2,2,1,No
CHHO03_1511,Sillaginidae,Sillaginodes,punctatus,2,37330001,CHOH03_1511_L.avi,93218,51.8396,DColella,15,,Reef; Fucoid; Profile,60,2,2,1,No
CHHO03_1511,Mullidae,Upeneichthys,vlamingii,1,37355029,CHOH03_1511_L.avi,35839,19.9305,DColella,15,,Reef; Fucoid; Profile,60,2,2,1,No
CHHO03_1511,Odacidae,Heteroscarus,acroptilus,1,37385010,CHOH03_1511_L.avi,39971,22.2283,DColella,15,,Reef; Fucoid; Profile,60,2,2,1,No
CHHO03_1511,Labridae,Notolabrus,tetricus,4,37384003,CHOH03_1511_L.avi,111751,62.146,DColella,15,,Reef; Fucoid; Profile,60,2,2,1,No
CHHO03_1511,Kyphosidae,Girella,zebra,1,37361008,CHOH03_1511_L.avi,63789,35.4738,DColella,15,,Reef; Fucoid; Profile,60,2,2,1,No
CHHO03_1511,Enoplosidae,Enoplosus,armatus,2,37366001,CHOH03_1511_L.avi,7539,4.1925,DColella,15,,Reef; Fucoid; Profile,60,2,2,1,No
CHHO03_1511,Cheilodactylidae,Dactylophora,nigricans,1,37377005,CHOH03_1511_L.avi,7309,4.0646,DColella,15,,Reef; Fucoid; Profile,60,2,2,1,No
CHHO03_1511,Labridae,Achoerodus,gouldii,1,37384002,CHOH03_1511_L.avi,78046,43.4023,DColella,15,,Reef; Fucoid; Profile,60,2,2,1,No
CHHO03_1511,Myliobatidae,Myliobatis,tenuicaudatus,1,37039001,CHOH03_1511_L.avi,50976,28.3483,DColella,15,,Reef; Fucoid; Profile,60,2,2,1,Yes
CHHO04_1511,Monacanthidae,Meuschenia,hippocrepis,6,37465004,CHOH04_1511_L.avi,102199,56.8341,JHicks,18,,Algae; Sand; Medium,60,1,2,1,Yes
CHHO04_1511,Labridae,Pictilabrus,laticlavius,1,37384020,CHOH04_1511_L.avi,22592,12.5637,JHicks,18,,Algae; Sand; Medium,60,1,2,1,No
CHHO04_1511,Triakidae,Mustelus,antarcticus,1,37017001,CHOH04_1511_L.avi,112601,62.6187,JHicks,18,,Algae; Sand; Medium,60,1,2,1,No
CHHO04_1511,Labridae,Notolabrus,parilus,1,37384022,CHOH04_1511_L.avi,98376,54.708,JHicks,18,,Algae; Sand; Medium,60,1,2,1,No
CHHO04_1511,Odacidae,Olisthops,cyanomelas,1,37385001,CHOH04_1511_L.avi,53002,29.475,JHicks,18,,Algae; Sand; Medium,60,1,2,1,No
CHHO04_1511,Labridae,Notolabrus,tetricus,7,37384003,CHOH04_1511_L.avi,102819,57.1788,JHicks,18,,Algae; Sand; Medium,60,1,2,1,Yes
CHHO04_1511,Scorpididae,Scorpis,aequipinnis,2,37361004,CHOH04_1511_L.avi,111150,61.8118,JHicks,18,,Algae; Sand; Medium,60,1,2,1,No
CHHO04_1511,Monacanthidae,Meuschenia,freycineti,1,37465036,CHOH04_1511_L.avi,56985,31.69,JHicks,18,,Algae; Sand; Medium,60,1,2,1,No
CHHO04_1511,Berycidae,Centroberyx,gerrardi,1,37258004,CHOH04_1511_L.avi,98637,54.8532,JHicks,18,,Algae; Sand; Medium,60,1,2,1,Yes
CHHO04_1511,Mullidae,Upeneichthys,vlamingii,1,37355029,CHOH04_1511_L.avi,59772,33.2399,JHicks,18,,Algae; Sand; Medium,60,1,2,1,No
CHHO04_1511,Kyphosidae,Girella,zebra,2,37361008,CHOH04_1511_L.avi,89100,49.5495,JHicks,18,,Algae; Sand; Medium,60,1,2,1,No
CHHO04_1511,Enoplosidae,Enoplosus,armatus,2,37366001,CHOH04_1511_L.avi,7757,4.3138,JHicks,18,,Algae; Sand; Medium,60,1,2,1,No
CHHO04_1511,Dinolestidae,Dinolestes,lewini,1,37327002,CHOH04_1511_L.avi,14290,7.9468,JHicks,18,,Algae; Sand; Medium,60,1,2,1,No
CHHO04_1511,Carangidae,Pseudocaranx,sp,1,37337924,CHOH04_1511_L.avi,27707,15.4082,JHicks,18,,Algae; Sand; Medium,60,1,2,1,No
CHHO04_1511,Sillaginidae,Sillaginodes,punctatus,1,37330001,CHOH04_1511_L.avi,15459,8.5969,JHicks,18,,Algae; Sand; Medium,60,1,2,1,No
CHHO04_1511,Labridae,Achoerodus,gouldii,2,37384002,CHOH04_1511_L.avi,20473,11.3853,JHicks,18,,Algae; Sand; Medium,60,1,2,1,No
CHHO04_1511,Serranidae,Caesioperca,rasor,1,37311003,CHOH04_1511_L.avi,64632,35.9426,JHicks,18,,Algae; Sand; Medium,60,1,2,1,No
CHNI01_1511,Ostraciidae,Aracana,ornata,1,37466001,CHIN01_1511_L.avi,61993,20.6643,MKennedy,18,,Reef; Fucoid; Profile,60,1,3,2,No
CHNI01_1511,Monacanthidae,Meuschenia,galii,1,37465040,CHIN01_1511_L.avi,25686,8.562,MKennedy,18,,Reef; Fucoid; Profile,60,1,3,2,No
CHNI01_1511,Monacanthidae,Meuschenia,freycineti,1,37465036,CHIN01_1511_L.avi,44201,14.7337,MKennedy,18,,Reef; Fucoid; Profile,60,1,3,2,No
CHNI01_1511,Monacanthidae,Meuschenia,australis,1,37465008,CHIN01_1511_L.avi,101923,33.9743,MKennedy,18,,Reef; Fucoid; Profile,60,1,3,2,No
CHNI01_1511,Monacanthidae,Scobinichthys,granulatus,1,37465007,CHIN01_1511_L.avi,41733,13.911,MKennedy,18,,Reef; Fucoid; Profile,60,1,3,2,No
CHNI01_1511,Monacanthidae,Acanthaluteres,vittiger,2,37465002,CHIN01_1511_L.avi,24456,8.152,MKennedy,18,,Reef; Fucoid; Profile,60,1,3,2,No
CHNI01_1511,Labridae,Notolabrus,tetricus,2,37384003,CHIN01_1511_L.avi,51427,17.1423,MKennedy,18,,Reef; Fucoid; Profile,60,1,3,2,No
CHNI01_1511,Labridae,Pictilabrus,laticlavius,2,37384020,CHIN01_1511_L.avi,50103,16.701,MKennedy,18,,Reef; Fucoid; Profile,60,1,3,2,No
CHNI01_1511,Labridae,Austrolabrus,maculatus,2,37384025,CHIN01_1511_L.avi,169277,56.4257,MKennedy,18,,Reef; Fucoid; Profile,60,1,3,2,No
CHNI01_1511,Cheilodactylidae,Dactylophora,nigricans,1,37377005,CHIN01_1511_L.avi,167908,55.9693,MKennedy,18,,Reef; Fucoid; Profile,60,1,3,2,No
CHNI01_1511,Labridae,Eupetrichthys,angustipes,1,37384105,CHIN01_1511_L.avi,15046,5.0153,MKennedy,18,,Reef; Fucoid; Profile,60,1,3,2,No
CHNI01_1511,Odacidae,Siphonognathus,caninis,1,37385011,CHIN01_1511_L.avi,177722,59.2407,MKennedy,18,,Reef; Fucoid; Profile,60,1,3,2,No
CHNI01_1511,Labridae,Notolabrus,parilus,2,37384022,CHIN01_1511_L.avi,60570,20.19,MKennedy,18,,Reef; Fucoid; Profile,60,1,3,2,No
CHNI02_1511,Triakidae,Mustelus,antarcticus,2,37017001,CHIN02_1511_L.avi,158352,52.784,DColella,18,,Reef; Fucoid; Profile,60,1,1,1,Yes
CHNI02_1511,Sillaginidae,Sillaginodes,punctatus,1,37330001,CHIN02_1511_L.avi,81857,27.2857,DColella,18,,Reef; Fucoid; Profile,60,1,1,1,No
CHNI02_1511,Mullidae,Upeneichthys,vlamingii,2,37355029,CHIN02_1511_L.avi,124996,41.6653,DColella,18,,Reef; Fucoid; Profile,60,1,1,1,No
CHNI02_1511,Cheilodactylidae,Dactylophora,nigricans,1,37377005,CHIN02_1511_L.avi,104322,34.774,DColella,18,,Reef; Fucoid; Profile,60,1,1,1,No
CHNI02_1511,Labridae,Notolabrus,tetricus,1,37384003,CHIN02_1511_L.avi,114832,38.2773,DColella,18,,Reef; Fucoid; Profile,60,1,1,1,No
CHNI02_1511,Labridae,Pictilabrus,laticlavius,1,37384020,CHIN02_1511_L.avi,21317,7.1057,DColella,18,,Reef; Fucoid; Profile,60,1,1,1,No
CHNI02_1511,Labridae,Notolabrus,parilus,2,37384022,CHIN02_1511_L.avi,119716,39.9053,DColella,18,,Reef; Fucoid; Profile,60,1,1,1,No
CHNI02_1511,Labridae,Eupetrichthys,angustipes,1,37384105,CHIN02_1511_L.avi,85195,28.3983,DColella,18,,Reef; Fucoid; Profile,60,1,1,1,No
CHNI02_1511,Monacanthidae,Meuschenia,freycineti,1,37465036,CHIN02_1511_L.avi,175152,58.384,DColella,18,,Reef; Fucoid; Profile,60,1,1,1,No
CHNI02_1511,Monacanthidae,Acanthaluteres,vittiger,3,37465002,CHIN02_1511_L.avi,57356,19.1187,DColella,18,,Reef; Fucoid; Profile,60,1,1,1,No
CHNI03_1511,Monacanthidae,Acanthaluteres,vittiger,1,37465002,CHIN03_1511_L.avi,35087,11.6957,DColella,19,,Reef; Fucoid; Flat,60,1,2,1,No
CHNI03_1511,Triakidae,Mustelus,antarcticus,1,37017001,CHIN03_1511_L.avi,96916,32.3053,DColella,19,,Reef; Fucoid; Flat,60,1,2,1,No
CHNI03_1511,Labridae,Dotalabrus,aurantiacus,1,37384018,CHIN03_1511_L.avi,7645,2.5483,DColella,19,,Reef; Fucoid; Flat,60,1,2,1,No
CHNI03_1511,Labridae,Pictilabrus,laticlavius,1,37384020,CHIN03_1511_L.avi,37343,12.4477,DColella,19,,Reef; Fucoid; Flat,60,1,2,1,No
CHNI03_1511,Labridae,Eupetrichthys,angustipes,2,37384105,CHIN03_1511_L.avi,100910,33.6367,DColella,19,,Reef; Fucoid; Flat,60,1,2,1,No
CHNI03_1511,Ostraciidae,Aracana,ornata,1,37466001,CHIN03_1511_L.avi,11335,3.7783,DColella,19,,Reef; Fucoid; Flat,60,1,2,1,No
CHNI03_1511,Labridae,Notolabrus,parilus,1,37384022,CHIN03_1511_L.avi,41228,13.7427,DColella,19,,Reef; Fucoid; Flat,60,1,2,1,No
CHNI04_1511,Triakidae,Mustelus,antarcticus,2,37017001,CHIN04_1511_L.avi,185175,61.725,MKennedy,19,,Sand,60,1,2,1,No
CHNI04_1511,Gerreidae,Parequula,melbournensis,1,37349001,CHIN04_1511_L.avi,54724,18.2413,MKennedy,19,,Sand,60,1,2,1,No
CHNO01_1511,Monacanthidae,Meuschenia,freycineti,1,37465036,CHON01_1511_L.avi,174974,58.3247,JHicks,19,Strong Surge,Reef; Ecklonia; Profile,60,1,1,1,No
CHNO01_1511,Carangidae,Pseudocaranx,sp,3,37337924,CHON01_1511_L.avi,161996,53.9987,JHicks,19,Strong Surge,Reef; Ecklonia; Profile,60,1,1,1,No
CHNO01_1511,Labridae,Notolabrus,tetricus,2,37384003,CHON01_1511_L.avi,150465,50.155,JHicks,19,Strong Surge,Reef; Ecklonia; Profile,60,1,1,1,Yes
CHNO01_1511,Labridae,Pictilabrus,laticlavius,2,37384020,CHON01_1511_L.avi,42239,14.0797,JHicks,19,Strong Surge,Reef; Ecklonia; Profile,60,1,1,1,No
CHNO01_1511,Monacanthidae,Acanthaluteres,vittiger,1,37465002,CHON01_1511_L.avi,32063,10.6877,JHicks,19,Strong Surge,Reef; Ecklonia; Profile,60,1,1,1,No
CHNO01_1511,Heterodontidae,Heterodontus,portusjacksoni,1,37007001,CHON01_1511_L.avi,180468,60.156,JHicks,19,Strong Surge,Reef; Ecklonia; Profile,60,1,1,1,No
CHNO01_1511,Labridae,Notolabrus,parilus,1,37384022,CHON01_1511_L.avi,77896,25.9653,JHicks,19,Strong Surge,Reef; Ecklonia; Profile,60,1,1,1,No
CHNO02_1511,Labridae,Notolabrus,tetricus,4,37384003,CHON02_1511_L.avi,35450,11.8167,JHicks,19,,Reef; Fucoid; Flat,60,3,2,1,No
CHNO02_1511,Monacanthidae,Meuschenia,galii,1,37465040,CHON02_1511_L.avi,58064,19.3547,JHicks,19,,Reef; Fucoid; Flat,60,3,2,1,No
CHNO02_1511,Monacanthidae,Meuschenia,freycineti,1,37465036,CHON02_1511_L.avi,90597,30.199,JHicks,19,,Reef; Fucoid; Flat,60,3,2,1,No
CHNO02_1511,Labridae,Pictilabrus,laticlavius,2,37384020,CHON02_1511_L.avi,65608,21.8693,JHicks,19,,Reef; Fucoid; Flat,60,3,2,1,No
CHNO02_1511,Dasyatidae,Dasyatis,brevicaudata,1,37035001,CHON02_1511_L.avi,137207,45.7357,JHicks,19,,Reef; Fucoid; Flat,60,3,2,1,No
CHNO02_1511,Rhinobatidae,Trygonorrhina,dumerilii,1,37027011,CHON02_1511_L.avi,80765,26.9217,JHicks,19,,Reef; Fucoid; Flat,60,3,2,1,No
CHNO02_1511,Labridae,Notolabrus,parilus,2,37384022,CHON02_1511_L.avi,30809,10.2697,JHicks,19,,Reef; Fucoid; Flat,60,3,2,1,No
CHNO03_1511,Labridae,Notolabrus,tetricus,5,37384003,CHON03_1511_L.avi,80551,26.8503,JHicks,18,,Reef; Mixed algal; Profile,60,1,2,2,Yes
CHNO03_1511,Monacanthidae,Meuschenia,freycineti,1,37465036,CHON03_1511_L.avi,162220,54.0733,JHicks,18,,Reef; Mixed algal; Profile,60,1,2,2,No
CHNO03_1511,Labridae,Pictilabrus,laticlavius,3,37384020,CHON03_1511_L.avi,31057,10.3523,JHicks,18,,Reef; Mixed algal; Profile,60,1,2,2,No
CHNO03_1511,Rhinobatidae,Trygonorrhina,dumerilii,1,37027011,CHON03_1511_L.avi,94476,31.492,JHicks,18,,Reef; Mixed algal; Profile,60,1,2,2,No
CHNO03_1511,Myliobatidae,Myliobatis,tenuicaudatus,1,37039001,CHON03_1511_L.avi,106976,35.6587,JHicks,18,,Reef; Mixed algal; Profile,60,1,2,2,No
CHNO03_1511,Dasyatidae,Dasyatis,brevicaudata,1,37035001,CHON03_1511_L.avi,67834,22.6113,JHicks,18,,Reef; Mixed algal; Profile,60,1,2,2,No
CHNO03_1511,Labridae,Notolabrus,parilus,1,37384022,CHON03_1511_L.avi,118940,39.6467,JHicks,18,,Reef; Mixed algal; Profile,60,1,2,2,No
CHNO03_1511,Sillaginidae,Sillaginodes,punctatus,1,37330001,CHON03_1511_L.avi,138282,46.094,JHicks,18,,Reef; Mixed algal; Profile,60,1,2,2,No
CHNO04_1511,Labridae,Notolabrus,tetricus,5,37384003,CHON04_1511_L.avi,188181,62.727,JHicks,18,,Reef; Fucoid; Flat,60,1,2,2,Yes
CHNO04_1511,Monacanthidae,Meuschenia,galii,1,37465040,CHON04_1511_L.avi,138450,46.15,JHicks,18,,Reef; Fucoid; Flat,60,1,2,2,No
CHNO04_1511,Labridae,Pictilabrus,laticlavius,1,37384020,CHON04_1511_L.avi,22943,7.6477,JHicks,18,,Reef; Fucoid; Flat,60,1,2,2,No
CHNO04_1511,Monacanthidae,Acanthaluteres,vittiger,1,37465002,CHON04_1511_L.avi,19275,6.425,JHicks,18,,Reef; Fucoid; Flat,60,1,2,2,Yes
CHNO04_1511,Odacidae,Siphonognathus,sp,1,37385905,CHON04_1511_L.avi,153400,51.1333,JHicks,18,,Reef; Fucoid; Flat,60,1,2,2,No
CHNO04_1511,Mullidae,Upeneichthys,vlamingii,1,37355029,CHON04_1511_L.avi,114092,38.0307,JHicks,18,,Reef; Fucoid; Flat,60,1,2,2,No
CHNO04_1511,Carangidae,Pseudocaranx,sp,1,37337924,CHON04_1511_L.avi,81376,27.1253,JHicks,18,,Reef; Fucoid; Flat,60,1,2,2,No
CHNO04_1511,Rhinobatidae,Trygonorrhina,dumerilii,1,37027011,CHON04_1511_L.avi,47136,15.712,JHicks,18,,Reef; Fucoid; Flat,60,1,2,2,No
CHNO04_1511,Heterodontidae,Heterodontus,portusjacksoni,1,37007001,CHON04_1511_L.avi,154116,51.372,JHicks,18,,Reef; Fucoid; Flat,60,1,2,2,No
CHNO04_1511,Labridae,Notolabrus,parilus,1,37384022,CHON04_1511_L.avi,29768,9.9227,JHicks,18,,Reef; Fucoid; Flat,60,1,2,2,No
CHSI01_1511,Ostraciidae,Aracana,ornata,1,37466001,CHIS01_1511_L.avi,11740,6.5288,DColella,24,,Reef; Mixed algal; Flat,60,1,2,1,No
CHSI01_1511,Odacidae,Siphonognathus,beddomei,4,37385006,CHIS01_1511_L.avi,87921,48.8939,DColella,24,,Reef; Mixed algal; Flat,60,1,2,1,No
CHSI01_1511,Labridae,Eupetrichthys,angustipes,3,37384105,CHIS01_1511_L.avi,56066,31.179,DColella,24,,Reef; Mixed algal; Flat,60,1,2,1,No
CHSI01_1511,Gerreidae,Parequula,melbournensis,2,37349001,CHIS01_1511_L.avi,31549,17.5448,DColella,24,,Reef; Mixed algal; Flat,60,1,2,1,No
CHSI01_1511,Labridae,Pictilabrus,laticlavius,1,37384020,CHIS01_1511_L.avi,62051,34.5073,DColella,24,,Reef; Mixed algal; Flat,60,1,2,1,No
CHSI01_1511,Labridae,Dotalabrus,aurantiacus,1,37384018,CHIS01_1511_L.avi,29624,16.4743,DColella,24,,Reef; Mixed algal; Flat,60,1,2,1,No
CHSI01_1511,Cheilodactylidae,Dactylophora,nigricans,1,37377005,CHIS01_1511_L.avi,10285,5.7196,DColella,24,,Reef; Mixed algal; Flat,60,1,2,1,No
CHSI01_1511,Mullidae,Upeneichthys,vlamingii,1,37355029,CHIS01_1511_L.avi,70117,38.9929,DColella,24,,Reef; Mixed algal; Flat,60,1,2,1,No
CHSI01_1511,Sillaginidae,Sillaginodes,punctatus,2,37330001,CHIS01_1511_L.avi,105508,58.6742,DColella,24,,Reef; Mixed algal; Flat,60,1,2,1,No
CHSI01_1511,Labridae,Notolabrus,parilus,1,37384022,CHIS01_1511_L.avi,50082,27.8512,DColella,24,,Reef; Mixed algal; Flat,60,1,2,1,No
CHSI01_1511,Dinolestidae,Dinolestes,lewini,1,37327002,CHIS01_1511_L.avi,95331,53.0147,DColella,24,,Reef; Mixed algal; Flat,60,1,2,1,No
CHSI01_1511,Triakidae,Mustelus,antarcticus,1,37017001,CHIS01_1511_L.avi,51429,28.6003,DColella,24,,Reef; Mixed algal; Flat,60,1,2,1,No
CHSI02_1511,Labridae,Eupetrichthys,angustipes,1,37384105,CHIS02_1511_L.avi,28189,9.3963,MKennedy,23,,Reef; Foliaceous; Flat,60,1,2,1,No
CHSI02_1511,Mullidae,Upeneichthys,vlamingii,1,37355029,CHIS02_1511_L.avi,13070,4.3567,MKennedy,23,,Reef; Foliaceous; Flat,60,1,2,1,No
CHSI02_1511,Cheilodactylidae,Dactylophora,nigricans,2,37377005,CHIS02_1511_L.avi,17382,5.794,MKennedy,23,,Reef; Foliaceous; Flat,60,1,2,1,No
CHSI02_1511,Labridae,Notolabrus,tetricus,2,37384003,CHIS02_1511_L.avi,106807,35.6023,MKennedy,23,,Reef; Foliaceous; Flat,60,1,2,1,No
CHSI02_1511,Labridae,Notolabrus,parilus,1,37384022,CHIS02_1511_L.avi,30035,10.0117,MKennedy,23,,Reef; Foliaceous; Flat,60,1,2,1,No
CHSI02_1511,Gerreidae,Parequula,melbournensis,2,37349001,CHIS02_1511_L.avi,120819,40.273,MKennedy,23,,Reef; Foliaceous; Flat,60,1,2,1,No
CHSI02_1511,Carangidae,Pseudocaranx,sp,29,37337924,CHIS02_1511_L.avi,67906,22.6353,MKennedy,23,,Reef; Foliaceous; Flat,60,1,2,1,No
CHSI02_1511,Sillaginidae,Sillaginodes,punctatus,1,37330001,CHIS02_1511_L.avi,34214,11.4047,MKennedy,23,,Reef; Foliaceous; Flat,60,1,2,1,No
CHSI02_1511,Labridae,Dotalabrus,aurantiacus,1,37384018,CHIS02_1511_L.avi,55663,18.5543,MKennedy,23,,Reef; Foliaceous; Flat,60,1,2,1,No
CHSI03_1511,Enoplosidae,Enoplosus,armatus,1,37366001,CHIS03_1511_L.avi,58454,32.507,DColella,22,,Reef; Sand; Transition,60,1,2,1,No
CHSI03_1511,Labridae,Pictilabrus,laticlavius,2,37384020,CHIS03_1511_L.avi,41550,23.1064,DColella,22,,Reef; Sand; Transition,60,1,2,1,No
CHSI03_1511,Monacanthidae,Meuschenia,flavolineata,1,37465035,CHIS03_1511_L.avi,29836,16.5921,DColella,22,,Reef; Sand; Transition,60,1,2,1,No
CHSI03_1511,Monacanthidae,Acanthaluteres,vittiger,1,37465002,CHIS03_1511_L.avi,21903,12.1805,DColella,22,,Reef; Sand; Transition,60,1,2,1,No
CHSI03_1511,Labridae,Eupetrichthys,angustipes,1,37384105,CHIS03_1511_L.avi,12526,6.9659,DColella,22,,Reef; Sand; Transition,60,1,2,1,No
CHSI03_1511,Labridae,Notolabrus,parilus,1,37384022,CHIS03_1511_L.avi,21817,12.1327,DColella,22,,Reef; Sand; Transition,60,1,2,1,No
CHSI03_1511,Labridae,Notolabrus,tetricus,2,37384003,CHIS03_1511_L.avi,67988,37.8089,DColella,22,,Reef; Sand; Transition,60,1,2,1,No
CHSI03_1511,Mullidae,Upeneichthys,vlamingii,1,37355029,CHIS03_1511_L.avi,55975,31.1284,DColella,22,,Reef; Sand; Transition,60,1,2,1,No
CHSI03_1511,Cheilodactylidae,Dactylophora,nigricans,1,37377005,CHIS03_1511_L.avi,84294,46.8769,DColella,22,,Reef; Sand; Transition,60,1,2,1,No
CHSI03_1511,Serranidae,Caesioperca,rasor,8,37311003,CHIS03_1511_L.avi,91234,50.7363,DColella,22,,Reef; Sand; Transition,60,1,2,1,Yes
CHSI03_1511,Chaetodontidae,Chelmonops,curiosus,2,37365066,CHIS03_1511_L.avi,51602,28.6965,DColella,22,,Reef; Sand; Transition,60,1,2,1,No
CHSI03_1511,Gerreidae,Parequula,melbournensis,3,37349001,CHIS03_1511_L.avi,73895,41.0939,DColella,22,,Reef; Sand; Transition,60,1,2,1,No
CHSI03_1511,Carangidae,Pseudocaranx,sp,18,37337924,CHIS03_1511_L.avi,116346,64.7014,DColella,22,,Reef; Sand; Transition,60,1,2,1,No
CHSI03_1511,Sillaginidae,Sillaginodes,punctatus,1,37330001,CHIS03_1511_L.avi,66628,37.0526,DColella,22,,Reef; Sand; Transition,60,1,2,1,No
CHSI03_1511,Dinolestidae,Dinolestes,lewini,1,37327002,CHIS03_1511_L.avi,48669,27.0654,DColella,22,,Reef; Sand; Transition,60,1,2,1,No
CHSI03_1511,Serranidae,Hypoplectrodes,nigroruber,1,37311037,CHIS03_1511_L.avi,71549,39.7892,DColella,22,,Reef; Sand; Transition,60,1,2,1,No
CHSI03_1511,Labridae,LABRIDAE,sp,1,37384000,CHIS03_1511_L.avi,44938,24.9905,DColella,22,,Reef; Sand; Transition,60,1,2,1,No
CHSI04_1511,Labridae,Pictilabrus,laticlavius,1,37384020,CHIS04_1511_L.avi,34859,11.6197,JSwales,21,Surgey,Algae; Sand; Medium,60,1,2,2,No
CHSI04_1511,Platycephalidae,Platycephalus,speculator,1,37296037,CHIS04_1511_L.avi,180984,60.328,JSwales,21,Surgey,Algae; Sand; Medium,60,1,2,2,Yes
CHSI04_1511,Labridae,Notolabrus,parilus,2,37384022,CHIS04_1511_L.avi,162813,54.271,JSwales,21,Surgey,Algae; Sand; Medium,60,1,2,2,No
CHSI04_1511,Labridae,Notolabrus,tetricus,1,37384003,CHIS04_1511_L.avi,39439,13.1463,JSwales,21,Surgey,Algae; Sand; Medium,60,1,2,2,No
CHSI04_1511,Cheilodactylidae,Dactylophora,nigricans,1,37377005,CHIS04_1511_L.avi,62559,20.853,JSwales,21,Surgey,Algae; Sand; Medium,60,1,2,2,No
CHSI04_1511,Mullidae,Upeneichthys,vlamingii,1,37355029,CHIS04_1511_L.avi,127529,42.5097,JSwales,21,Surgey,Algae; Sand; Medium,60,1,2,2,No
CHSI04_1511,Gerreidae,Parequula,melbournensis,1,37349001,CHIS04_1511_L.avi,45172,15.0573,JSwales,21,Surgey,Algae; Sand; Medium,60,1,2,2,No
CHSI04_1511,Carangidae,Pseudocaranx,sp,7,37337924,CHIS04_1511_L.avi,154656,51.552,JSwales,21,Surgey,Algae; Sand; Medium,60,1,2,2,No
CHSI04_1511,Sillaginidae,Sillaginodes,punctatus,1,37330001,CHIS04_1511_L.avi,29043,9.681,JSwales,21,Surgey,Algae; Sand; Medium,60,1,2,2,No
CHSI04_1511,Serranidae,Caesioperca,rasor,5,37311003,CHIS04_1511_L.avi,67456,22.4853,JSwales,21,Surgey,Algae; Sand; Medium,60,1,2,2,No
CHSI04_1511,Monacanthidae,Meuschenia,hippocrepis,1,37465004,CHIS04_1511_L.avi,44927,14.9757,JSwales,21,Surgey,Algae; Sand; Medium,60,1,2,2,No
CHSO01_1511,Cheilodactylidae,Cheilodactylus,nigripes,1,37377001,CHOS01_1511_L.avi,21153,11.7634,JHicks,29,,Reef; Ecklonia; Profile,60,1,2,1,No
CHSO01_1511,Kyphosidae,Girella,zebra,1,37361008,CHOS01_1511_L.avi,46121,25.6484,JHicks,29,,Reef; Ecklonia; Profile,60,1,2,1,No
CHSO01_1511,Myliobatidae,Myliobatis,tenuicaudatus,1,37039001,CHOS01_1511_L.avi,37010,20.5817,JHicks,29,,Reef; Ecklonia; Profile,60,1,2,1,Yes
CHSO01_1511,Serranidae,Caesioperca,rasor,4,37311003,CHOS01_1511_L.avi,34425,19.1441,JHicks,29,,Reef; Ecklonia; Profile,60,1,2,1,No
CHSO01_1511,Serranidae,Hypoplectrodes,nigroruber,1,37311037,CHOS01_1511_L.avi,21053,11.7078,JHicks,29,,Reef; Ecklonia; Profile,60,1,2,1,No
CHSO01_1511,Sillaginidae,Sillaginodes,punctatus,1,37330001,CHOS01_1511_L.avi,76568,42.5804,JHicks,29,,Reef; Ecklonia; Profile,60,1,2,1,No
CHSO01_1511,Carangidae,Pseudocaranx,sp,7,37337924,CHOS01_1511_L.avi,61205,34.0368,JHicks,29,,Reef; Ecklonia; Profile,60,1,2,1,No
CHSO01_1511,Gerreidae,Parequula,melbournensis,1,37349001,CHOS01_1511_L.avi,26817,14.9132,JHicks,29,,Reef; Ecklonia; Profile,60,1,2,1,No
CHSO01_1511,Monacanthidae,Meuschenia,galii,1,37465040,CHOS01_1511_L.avi,21488,11.9497,JHicks,29,,Reef; Ecklonia; Profile,60,1,2,1,No
CHSO01_1511,Labridae,Notolabrus,tetricus,4,37384003,CHOS01_1511_L.avi,47951,26.6661,JHicks,29,,Reef; Ecklonia; Profile,60,1,2,1,No
CHSO01_1511,Labridae,Pictilabrus,laticlavius,4,37384020,CHOS01_1511_L.avi,19537,10.8648,JHicks,29,,Reef; Ecklonia; Profile,60,1,2,1,No
CHSO01_1511,Labridae,Notolabrus,parilus,1,37384022,CHOS01_1511_L.avi,46435,25.823,JHicks,29,,Reef; Ecklonia; Profile,60,1,2,1,No
CHSO01_1511,Labridae,Austrolabrus,maculatus,1,37384025,CHOS01_1511_L.avi,9942,5.5289,JHicks,29,,Reef; Ecklonia; Profile,60,1,2,1,No
CHSO01_1511,Odacidae,Olisthops,cyanomelas,1,37385001,CHOS01_1511_L.avi,20302,11.2902,JHicks,29,,Reef; Ecklonia; Profile,60,1,2,1,No
CHSO01_1511,Monacanthidae,Meuschenia,hippocrepis,2,37465004,CHOS01_1511_L.avi,113205,62.9546,JHicks,29,,Reef; Ecklonia; Profile,60,1,2,1,No
CHSO01_1511,Monacanthidae,Meuschenia,flavolineata,2,37465035,CHOS01_1511_L.avi,13299,7.3957,JHicks,29,,Reef; Ecklonia; Profile,60,1,2,1,No
CHSO01_1511,Scorpididae,Tilodon,sexfasciatus,1,37361003,CHOS01_1511_L.avi,38121,21.1995,JHicks,29,,Reef; Ecklonia; Profile,60,1,2,1,No
CHSO02_1511,Monacanthidae,Meuschenia,freycineti,2,37465036,CHOS02_1511_L.avi,36220,20.1424,JHicks,31,,Algae; Sand; Sparse,60,1,2,1,Yes
CHSO02_1511,Labridae,Notolabrus,parilus,3,37384022,CHOS02_1511_L.avi,39546,21.992,JHicks,31,,Algae; Sand; Sparse,60,1,2,1,No
CHSO02_1511,Labridae,Pictilabrus,laticlavius,2,37384020,CHOS02_1511_L.avi,53892,29.97,JHicks,31,,Algae; Sand; Sparse,60,1,2,1,No
CHSO02_1511,Labridae,Notolabrus,tetricus,4,37384003,CHOS02_1511_L.avi,23811,13.2416,JHicks,31,,Algae; Sand; Sparse,60,1,2,1,Yes
CHSO02_1511,Scorpididae,Tilodon,sexfasciatus,1,37361003,CHOS02_1511_L.avi,72630,40.3904,JHicks,31,,Algae; Sand; Sparse,60,1,2,1,No
CHSO02_1511,Mullidae,Upeneichthys,vlamingii,1,37355029,CHOS02_1511_L.avi,50718,28.2049,JHicks,31,,Algae; Sand; Sparse,60,1,2,1,No
CHSO02_1511,Sparidae,Pagrus,auratus,1,37353001,CHOS02_1511_L.avi,76589,42.592,JHicks,31,,Algae; Sand; Sparse,60,1,2,1,No
CHSO02_1511,Berycidae,Centroberyx,gerrardi,1,37258004,CHOS02_1511_L.avi,45284,25.183,JHicks,31,,Algae; Sand; Sparse,60,1,2,1,No
CHSO02_1511,Neosebastidae,Neosebastes,bougainvillii,2,37287004,CHOS02_1511_L.avi,32449,18.0453,JHicks,31,,Algae; Sand; Sparse,60,1,2,1,No
CHSO02_1511,Serranidae,Caesioperca,rasor,9,37311003,CHOS02_1511_L.avi,44588,24.7959,JHicks,31,,Algae; Sand; Sparse,60,1,2,1,Yes
CHSO02_1511,Gerreidae,Parequula,melbournensis,3,37349001,CHOS02_1511_L.avi,16529,9.192,JHicks,31,,Algae; Sand; Sparse,60,1,2,1,No
CHSO03_1511,Gerreidae,Parequula,melbournensis,2,37349001,CHOS03_1511_L.avi,77010,25.67,JHicks,30,,Algae; Sand; Medium,60,1,2,1,No
CHSO03_1511,Labridae,Notolabrus,tetricus,1,37384003,CHOS03_1511_L.avi,64738,21.5793,JHicks,30,,Algae; Sand; Medium,60,1,2,1,No
CHSO03_1511,Labridae,Notolabrus,parilus,1,37384022,CHOS03_1511_L.avi,29947,9.9823,JHicks,30,,Algae; Sand; Medium,60,1,2,1,No
CHSO03_1511,Diodontidae,Diodon,nichthemerus,1,37469001,CHOS03_1511_L.avi,124031,41.3437,JHicks,30,,Algae; Sand; Medium,60,1,2,1,No
CHSO03_1511,Serranidae,Caesioperca,rasor,1,37311003,CHOS03_1511_L.avi,168112,56.0373,JHicks,30,,Algae; Sand; Medium,60,1,2,1,No
CHSO04_1511,Dasyatidae,Dasyatis,brevicaudata,2,37035001,CHOS04_1511_L.avi,93256,31.0853,JHicks,32,,Reef; Fucoid; Flat,60,1,2,1,No
CHSO04_1511,Serranidae,Caesioperca,rasor,20,37311003,CHOS04_1511_L.avi,176080,58.6933,JHicks,32,,Reef; Fucoid; Flat,60,1,2,1,No
CHSO04_1511,Carangidae,Pseudocaranx,sp,2,37337924,CHOS04_1511_L.avi,151486,50.4953,JHicks,32,,Reef; Fucoid; Flat,60,1,2,1,No
CHSO04_1511,Kyphosidae,Girella,zebra,1,37361008,CHOS04_1511_L.avi,49068,16.356,JHicks,32,,Reef; Fucoid; Flat,60,1,2,1,No
CHSO04_1511,Scorpididae,Tilodon,sexfasciatus,2,37361003,CHOS04_1511_L.avi,73059,24.353,JHicks,32,,Reef; Fucoid; Flat,60,1,2,1,No
CHSO04_1511,Cheilodactylidae,Nemadactylus,valenciennesi,1,37377004,CHOS04_1511_L.avi,44379,14.793,JHicks,32,,Reef; Fucoid; Flat,60,1,2,1,No
CHSO04_1511,Labridae,Notolabrus,tetricus,2,37384003,CHOS04_1511_L.avi,88443,29.481,JHicks,32,,Reef; Fucoid; Flat,60,1,2,1,Yes
CHSO04_1511,Labridae,Pictilabrus,laticlavius,2,37384020,CHOS04_1511_L.avi,39418,13.1393,JHicks,32,,Reef; Fucoid; Flat,60,1,2,1,No
CHSO04_1511,Labridae,Notolabrus,parilus,1,37384022,CHOS04_1511_L.avi,48131,16.0437,JHicks,32,,Reef; Fucoid; Flat,60,1,2,1,Yes
CHSO04_1511,Labridae,Austrolabrus,maculatus,1,37384025,CHOS04_1511_L.avi,31413,10.471,JHicks,32,,Reef; Fucoid; Flat,60,1,2,1,No
CHSO04_1511,Labridae,Eupetrichthys,angustipes,1,37384105,CHOS04_1511_L.avi,20825,6.9417,JHicks,32,,Reef; Fucoid; Flat,60,1,2,1,No
CHSO04_1511,Monacanthidae,Meuschenia,hippocrepis,2,37465004,CHOS04_1511_L.avi,18470,6.1567,JHicks,32,,Reef; Fucoid; Flat,60,1,2,1,No
CHSO04_1511,Mullidae,Upeneichthys,vlamingii,1,37355029,CHOS04_1511_L.avi,153676,51.2253,JHicks,32,,Reef; Fucoid; Flat,60,1,2,1,No
CHSO04_1511,Cheilodactylidae,Cheilodactylus,nigripes,1,37377001,CHOS04_1511_L.avi,73964,24.6547,JHicks,32,,Reef; Fucoid; Flat,60,1,2,1,No
CHEI01_1511,Labridae,Achoerodus,gouldii,1,37384002,CISE01_1511_L.avi,36619,12.2063,JHicks,16,surge on bottom,Reef; Fucoid; Profile,60,2,2,1,No
CHEI01_1511,Kyphosidae,Girella,zebra,1,37361008,CISE01_1511_L.avi,60920,20.3067,JHicks,16,surge on bottom,Reef; Fucoid; Profile,60,2,2,1,No
CHEI01_1511,Sphyraenidae,Sphyraena,novaehollandiae,1,37382002,CISE01_1511_L.avi,46401,15.467,JHicks,16,surge on bottom,Reef; Fucoid; Profile,60,2,2,1,No
CHEI01_1511,Labridae,Notolabrus,tetricus,6,37384003,CISE01_1511_L.avi,70206,23.402,JHicks,16,surge on bottom,Reef; Fucoid; Profile,60,2,2,1,Yes
CHEI01_1511,Labridae,Pictilabrus,laticlavius,2,37384020,CISE01_1511_L.avi,39751,13.2503,JHicks,16,surge on bottom,Reef; Fucoid; Profile,60,2,2,1,No
CHEI01_1511,Labridae,Notolabrus,parilus,1,37384022,CISE01_1511_L.avi,64680,21.56,JHicks,16,surge on bottom,Reef; Fucoid; Profile,60,2,2,1,No
CHEI01_1511,Odacidae,Olisthops,cyanomelas,1,37385001,CISE01_1511_L.avi,40246,13.4153,JHicks,16,surge on bottom,Reef; Fucoid; Profile,60,2,2,1,No
CHEI01_1511,Monacanthidae,Meuschenia,hippocrepis,9,37465004,CISE01_1511_L.avi,167866,55.9553,JHicks,16,surge on bottom,Reef; Fucoid; Profile,60,2,2,1,Yes
CHEI01_1511,Cheilodactylidae,Cheilodactylus,nigripes,1,37377001,CISE01_1511_L.avi,52983,17.661,JHicks,16,surge on bottom,Reef; Fucoid; Profile,60,2,2,1,No
CHEI02_1511,Labridae,Notolabrus,tetricus,6,37384003,CISE02_1511_L.avi,39851,22.1616,JHicks,16,very surgy,Reef; Fucoid; Profile,60,2,2,1,No
CHEI02_1511,Kyphosidae,Kyphosus,sydneyanus,4,37361001,CISE02_1511_L.avi,72518,40.3281,JHicks,16,very surgy,Reef; Fucoid; Profile,60,2,2,1,No
CHEI02_1511,Scorpididae,Scorpis,aequipinnis,4,37361004,CISE02_1511_L.avi,30717,17.0821,JHicks,16,very surgy,Reef; Fucoid; Profile,60,2,2,1,No
CHEI02_1511,Kyphosidae,Girella,zebra,3,37361008,CISE02_1511_L.avi,66198,36.8135,JHicks,16,very surgy,Reef; Fucoid; Profile,60,2,2,1,No
CHEI02_1511,Enoplosidae,Enoplosus,armatus,2,37366001,CISE02_1511_L.avi,86282,47.9824,JHicks,16,very surgy,Reef; Fucoid; Profile,60,2,2,1,No
CHEI02_1511,Labridae,Achoerodus,gouldii,1,37384002,CISE02_1511_L.avi,13694,7.6154,JHicks,16,very surgy,Reef; Fucoid; Profile,60,2,2,1,No
CHEI02_1511,Labridae,Pictilabrus,laticlavius,1,37384020,CISE02_1511_L.avi,19005,10.5689,JHicks,16,very surgy,Reef; Fucoid; Profile,60,2,2,1,No
CHEI02_1511,Labridae,Notolabrus,parilus,1,37384022,CISE02_1511_L.avi,24164,13.4379,JHicks,16,very surgy,Reef; Fucoid; Profile,60,2,2,1,No
CHEI02_1511,Monacanthidae,Meuschenia,hippocrepis,10,37465004,CISE02_1511_L.avi,30537,16.982,JHicks,16,very surgy,Reef; Fucoid; Profile,60,2,2,1,Yes
CHEI02_1511,Monacanthidae,Meuschenia,flavolineata,1,37465035,CISE02_1511_L.avi,12634,7.0259,JHicks,16,very surgy,Reef; Fucoid; Profile,60,2,2,1,No
CHEI02_1511,Monacanthidae,Meuschenia,galii,1,37465040,CISE02_1511_L.avi,15479,8.6081,JHicks,16,very surgy,Reef; Fucoid; Profile,60,2,2,1,No
CHEI02_1511,Odacidae,Olisthops,cyanomelas,1,37385001,CISE02_1511_L.avi,12189,6.7784,JHicks,16,very surgy,Reef; Fucoid; Profile,60,2,2,1,No
CHEI02_1511,Pomacentridae,Parma,victoriae,1,37372006,CISE02_1511_L.avi,13376,7.4385,JHicks,16,very surgy,Reef; Fucoid; Profile,60,2,2,1,No
CHEI03_1511,Enoplosidae,Enoplosus,armatus,1,37366001,CISE03_1511_L.avi,22828,7.6093,JHicks,14,,Reef; Fucoid; Profile,60,3,2,1,No
CHEI03_1511,Labridae,Notolabrus,tetricus,9,37384003,CISE03_1511_L.avi,44330,14.7767,JHicks,14,,Reef; Fucoid; Profile,60,3,2,1,No
CHEI03_1511,Monacanthidae,Meuschenia,galii,1,37465040,CISE03_1511_L.avi,21103,7.0343,JHicks,14,,Reef; Fucoid; Profile,60,3,2,1,No
CHEI03_1511,Monacanthidae,Meuschenia,hippocrepis,1,37465004,CISE03_1511_L.avi,34332,11.444,JHicks,14,,Reef; Fucoid; Profile,60,3,2,1,Yes
CHEI03_1511,Odacidae,Olisthops,cyanomelas,1,37385001,CISE03_1511_L.avi,33828,11.276,JHicks,14,,Reef; Fucoid; Profile,60,3,2,1,No
CHEI03_1511,Cheilodactylidae,Cheilodactylus,nigripes,1,37377001,CISE03_1511_L.avi,13681,4.5603,JHicks,14,,Reef; Fucoid; Profile,60,3,2,1,No
CHEI03_1511,Triakidae,Mustelus,antarcticus,1,37017001,CISE03_1511_L.avi,68378,22.7927,JHicks,14,,Reef; Fucoid; Profile,60,3,2,1,No
CHEI03_1511,Labridae,Pictilabrus,laticlavius,3,37384020,CISE03_1511_L.avi,20356,6.7853,JHicks,14,,Reef; Fucoid; Profile,60,3,2,1,No
CHEI03_1511,Labridae,Achoerodus,gouldii,1,37384002,CISE03_1511_L.avi,59077,19.6923,JHicks,14,,Reef; Fucoid; Profile,60,3,2,1,No
CHEI04_1511,Monacanthidae,Meuschenia,hippocrepis,5,37465004,CISE04_1511_L.avi,87941,29.3137,JHicks,18,,Reef; Fucoid; Flat,60,1,2,2,Yes
CHEI04_1511,Monacanthidae,Meuschenia,galii,1,37465040,CISE04_1511_L.avi,80119,26.7063,JHicks,18,,Reef; Fucoid; Flat,60,1,2,2,No
CHEI04_1511,Odacidae,Olisthops,cyanomelas,1,37385001,CISE04_1511_L.avi,19366,6.4553,JHicks,18,,Reef; Fucoid; Flat,60,1,2,2,No
CHEI04_1511,Labridae,Notolabrus,parilus,1,37384022,CISE04_1511_L.avi,69400,23.1333,JHicks,18,,Reef; Fucoid; Flat,60,1,2,2,No
CHEI04_1511,Labridae,Pictilabrus,laticlavius,2,37384020,CISE04_1511_L.avi,38304,12.768,JHicks,18,,Reef; Fucoid; Flat,60,1,2,2,No
CHEI04_1511,Labridae,Notolabrus,tetricus,7,37384003,CISE04_1511_L.avi,47618,15.8727,JHicks,18,,Reef; Fucoid; Flat,60,1,2,2,Yes
CUEI01_1701,Tetraodontidae,Torquigener,pleurogramma,1,37467030,CUEI01_1701_L.avi,70864,23.6213,RGannon,6,,Reef; Fucoid; Flat,60,1,1,3,No
CUEI01_1701,Terapontidae,Pelates,octolineatus,8,37321020,CUEI01_1701_L.avi,157869,52.623,RGannon,6,,Reef; Fucoid; Flat,60,1,1,3,No
CUEI01_1701,Sparidae,Pagrus,auratus,5,37353001,CUEI01_1701_L.avi,156618,52.206,RGannon,6,,Reef; Fucoid; Flat,60,1,1,3,No
CUEI01_1701,Portunidae,Portunus,armatus,1,28911005,CUEI01_1701_L.avi,16377,5.459,RGannon,6,,Reef; Fucoid; Flat,60,1,1,3,No
CUEI02_1701,Arripidae,Arripis,georgianus,29,37344001,CUEI02_1701_L.avi,58625,19.5417,RGannon,5,,Reef; Fucoid; Flat,60,2,2,2,No
CUEI02_1701,Portunidae,Portunus,armatus,1,28911005,CUEI02_1701_L.avi,30221,10.0737,RGannon,5,,Reef; Fucoid; Flat,60,2,2,2,No
CUEI02_1701,Terapontidae,Pelates,octolineatus,132,37321020,CUEI02_1701_L.avi,172681,57.5603,RGannon,5,,Reef; Fucoid; Flat,60,2,2,2,No
CUEI03_1701,Arripidae,Arripis,georgianus,14,37344001,CUEI03_1701_L.avi,117252,39.084,RGannon,4.5,,Reef; Mixed algal; Flat,60,1,2,2,No
CUEI03_1701,Tetraodontidae,Torquigener,pleurogramma,1,37467030,CUEI03_1701_L.avi,27653,9.2177,RGannon,4.5,,Reef; Mixed algal; Flat,60,1,2,2,No
CUEI03_1701,Terapontidae,Pelates,octolineatus,106,37321020,CUEI03_1701_L.avi,131851,43.9503,RGannon,4.5,,Reef; Mixed algal; Flat,60,1,2,2,No
CUEI03_1701,Pinguipedidae,Parapercis,haackei,2,37390004,CUEI03_1701_L.avi,25840,8.6133,RGannon,4.5,,Reef; Mixed algal; Flat,60,1,2,2,No
CUEI03_1701,Odacidae,Neoodax,balteatus,1,37385005,CUEI03_1701_L.avi,67721,22.5737,RGannon,4.5,,Reef; Mixed algal; Flat,60,1,2,2,No
CUEI03_1701,Portunidae,Portunus,armatus,2,28911005,CUEI03_1701_L.avi,42999,14.333,RGannon,4.5,,Reef; Mixed algal; Flat,60,1,2,2,No
CUEI04_1701,Arripidae,Arripis,georgianus,7,37344001,CUEI04_1701_L.avi,49582,16.5273,RGannon,5,,Reef; Mixed algal; Flat,60,1,2,2,No
CUEI04_1701,Terapontidae,Pelates,octolineatus,114,37321020,CUEI04_1701_L.avi,76575,25.525,RGannon,5,,Reef; Mixed algal; Flat,60,1,2,2,No
CUEI04_1701,Sillaginidae,Sillaginodes,punctatus,1,37330001,CUEI04_1701_L.avi,58736,19.5787,RGannon,5,,Reef; Mixed algal; Flat,60,1,2,2,No
CUEI04_1701,Portunidae,Portunus,armatus,3,28911005,CUEI04_1701_L.avi,52360,17.4533,RGannon,5,,Reef; Mixed algal; Flat,60,1,2,2,No
CUEI04_1701,Pinguipedidae,Parapercis,haackei,2,37390004,CUEI04_1701_L.avi,164908,54.9693,RGannon,5,,Reef; Mixed algal; Flat,60,1,2,2,No
CUEO01_1701,Pinguipedidae,Parapercis,haackei,1,37390004,CUEO01_1701_L.avi,41338,13.7793,RGannon,4.5,,Reef; Mixed Scaberia and Fucoid; Flat,60,3,2,2,No
CUEO01_1701,Portunidae,Portunus,armatus,1,28911005,CUEO01_1701_L.avi,53776,17.9253,RGannon,4.5,,Reef; Mixed Scaberia and Fucoid; Flat,60,3,2,2,No
CUEO01_1701,Sparidae,Pagrus,auratus,4,37353001,CUEO01_1701_L.avi,125503,41.8343,RGannon,4.5,,Reef; Mixed Scaberia and Fucoid; Flat,60,3,2,2,No
CUEO01_1701,Terapontidae,Pelates,octolineatus,161,37321020,CUEO01_1701_L.avi,135512,45.1707,RGannon,4.5,,Reef; Mixed Scaberia and Fucoid; Flat,60,3,2,2,No
CUEO01_1701,Tetraodontidae,Torquigener,pleurogramma,1,37467030,CUEO01_1701_L.avi,134151,44.717,RGannon,4.5,,Reef; Mixed Scaberia and Fucoid; Flat,60,3,2,2,No
CUEO01_1701,Monacanthidae,Meuschenia,sp,1,37465902,CUEO01_1701_L.avi,39689,13.2297,RGannon,4.5,,Reef; Mixed Scaberia and Fucoid; Flat,60,3,2,2,No
CUEO02_1701,Monacanthidae,Acanthaluteres,brownii,1,37465001,CUEO02_1701_L.avi,39676,13.2253,RGannon,4,"No lengths, cameras obscured by algae",Reef; Mixed Scaberia and Fucoid; Flat,60,3,3,2,No
CUEO02_1701,Monacanthidae,Meuschenia,freycineti,1,37465036,CUEO02_1701_L.avi,45561,15.187,RGannon,4,"No lengths, cameras obscured by algae",Reef; Mixed Scaberia and Fucoid; Flat,60,3,3,2,No
CUEO02_1701,Terapontidae,Pelates,octolineatus,150,37321020,CUEO02_1701_L.avi,37436,12.4787,RGannon,4,"No lengths, cameras obscured by algae",Reef; Mixed Scaberia and Fucoid; Flat,60,3,3,2,No
CUEO02_1701,Tetraodontidae,Torquigener,pleurogramma,1,37467030,CUEO02_1701_L.avi,171099,57.033,RGannon,4,"No lengths, cameras obscured by algae",Reef; Mixed Scaberia and Fucoid; Flat,60,3,3,2,No
CUEO03_1701,Portunidae,Portunus,armatus,6,28911005,CUEO03_1701_L.avi,47225,15.7417,RGannon,5,,Reef; Mixed algal; Flat,60,1,1,2,No
CUEO03_1701,Terapontidae,Pelates,octolineatus,100,37321020,CUEO03_1701_L.avi,70553,23.5177,RGannon,5,,Reef; Mixed algal; Flat,60,1,1,2,No
CUEO03_1701,Arripidae,Arripis,georgianus,10,37344001,CUEO03_1701_L.avi,30173,10.0577,RGannon,5,,Reef; Mixed algal; Flat,60,1,1,2,No
CUEO03_1701,Myliobatidae,Myliobatis,tenuicaudatus,1,37039001,CUEO03_1701_L.avi,47949,15.983,RGannon,5,,Reef; Mixed algal; Flat,60,1,1,2,No
CUEO04_1701,Pinguipedidae,Parapercis,haackei,2,37390004,CUEO04_1701_L.avi,108395,36.1317,RGannon,5,,Reef; Algae and invertebrates: Medium,60,1,3,2,No
CUEO04_1701,Portunidae,Portunus,armatus,4,28911005,CUEO04_1701_L.avi,62238,20.746,RGannon,5,,Reef; Algae and invertebrates: Medium,60,1,3,2,No
CUEO04_1701,Sparidae,Pagrus,auratus,3,37353001,CUEO04_1701_L.avi,47497,15.8323,RGannon,5,,Reef; Algae and invertebrates: Medium,60,1,3,2,No
CUEO04_1701,Terapontidae,Pelates,octolineatus,200,37321020,CUEO04_1701_L.avi,163016,54.3387,RGannon,5,,Reef; Algae and invertebrates: Medium,60,1,3,2,No
CUEO04_1701,Tetraodontidae,Torquigener,pleurogramma,1,37467030,CUEO04_1701_L.avi,73401,24.467,RGannon,5,,Reef; Algae and invertebrates: Medium,60,1,3,2,No
CUEO04_1701,Arripidae,Arripis,georgianus,20,37344001,CUEO04_1701_L.avi,57827,19.2757,RGannon,5,,Reef; Algae and invertebrates: Medium,60,1,3,2,No
CUWI01_1701,Pinguipedidae,Parapercis,haackei,2,37390004,CUWI01_1701_L.avi,15260,5.0867,RGannon,6,,Pebble (10-64mm),60,1,2,2,No
CUWI01_1701,Portunidae,Portunus,armatus,4,28911005,CUWI01_1701_L.avi,26822,8.9407,RGannon,6,,Pebble (10-64mm),60,1,2,2,No
CUWI01_1701,Terapontidae,Pelates,octolineatus,150,37321020,CUWI01_1701_L.avi,39795,13.265,RGannon,6,,Pebble (10-64mm),60,1,2,2,No
CUWI02_1701,Portunidae,Portunus,armatus,1,28911005,CUWI02_1701_L.avi,40980,13.66,RGannon,4,,Reef; Mixed Scaberia and Fucoid; Flat,60,1,2,3,No
CUWI02_1701,Sillaginidae,Sillaginodes,punctatus,1,37330001,CUWI02_1701_L.avi,141622,47.2073,RGannon,4,,Reef; Mixed Scaberia and Fucoid; Flat,60,1,2,3,No
CUWI02_1701,Terapontidae,Pelates,octolineatus,150,37321020,CUWI02_1701_L.avi,30454,10.1513,RGannon,4,,Reef; Mixed Scaberia and Fucoid; Flat,60,1,2,3,No
CUWI02_1701,Tetraodontidae,Torquigener,pleurogramma,1,37467030,CUWI02_1701_L.avi,187367,62.4557,RGannon,4,,Reef; Mixed Scaberia and Fucoid; Flat,60,1,2,3,No
CUWI03_1701,Sillaginidae,Sillaginodes,punctatus,3,37330001,CUWI03_1701_R.avi,35058,11.686,RGannon,5,Only R. cam,Reef; Mixed Scaberia and Fucoid; Flat,60,2,2,2,No
CUWI03_1701,Arripidae,Arripis,georgianus,4,37344001,CUWI03_1701_R.avi,71363,23.7877,RGannon,5,Only R. cam,Reef; Mixed Scaberia and Fucoid; Flat,60,2,2,2,No
CUWI03_1701,Diodontidae,Diodon,nicthemerus,1,37469001,CUWI03_1701_R.avi,104827,34.9423,RGannon,5,Only R. cam,Reef; Mixed Scaberia and Fucoid; Flat,60,2,2,2,No
CUWI03_1701,Pinguipedidae,Parapercis,haackei,1,37390004,CUWI03_1701_R.avi,20064,6.688,RGannon,5,Only R. cam,Reef; Mixed Scaberia and Fucoid; Flat,60,2,2,2,No
CUWI03_1701,Sparidae,Pagrus,auratus,3,37353001,CUWI03_1701_R.avi,77120,25.7067,RGannon,5,Only R. cam,Reef; Mixed Scaberia and Fucoid; Flat,60,2,2,2,No
CUWI03_1701,Syngnathidae,Unknown,sp,1,37282000,CUWI03_1701_R.avi,151035,50.345,RGannon,5,Only R. cam,Reef; Mixed Scaberia and Fucoid; Flat,60,2,2,2,No
CUWI03_1701,Terapontidae,Pelates,octolineatus,60,37321020,CUWI03_1701_R.avi,125281,41.7603,RGannon,5,Only R. cam,Reef; Mixed Scaberia and Fucoid; Flat,60,2,2,2,No
CUWI03_1701,Portunidae,Portunus,armatus,4,28911005,CUWI03_1701_R.avi,104634,34.878,RGannon,5,Only R. cam,Reef; Mixed Scaberia and Fucoid; Flat,60,2,2,2,No
CUWI04_1701,Portunidae,Portunus,armatus,2,28911005,CUWI04_1701_R.avi,70046,23.3487,DColella,5,,Reef; Mixed Scaberia and Fucoid; Flat,60,2,2,2,Yes
CUWI04_1701,Terapontidae,Pelates,octolineatus,38,37321020,CUWI04_1701_R.avi,113435,37.8117,DColella,5,,Reef; Mixed Scaberia and Fucoid; Flat,60,2,2,2,Yes
CUWI04_1701,Odacidae,Neoodax,balteatus,1,37385005,CUWI04_1701_R.avi,60678,20.226,DColella,5,,Reef; Mixed Scaberia and Fucoid; Flat,60,2,2,2,No
CUWI04_1701,Arripidae,Arripis,georgianus,14,37344001,CUWI04_1701_R.avi,48275,16.0917,DColella,5,,Reef; Mixed Scaberia and Fucoid; Flat,60,2,2,2,No
CUWO01_1701,Terapontidae,Pelates,octolineatus,200,37321020,CUWO01_1701_L.avi,87477,29.159,RGannon,4.7,,Reef; Fucoid; Flat,60,1,2,1,No
CUWO01_1701,Pentacerotidae,Pentaceropsis,recurvirostris,1,37367003,CUWO01_1701_L.avi,155351,51.7837,RGannon,4.7,,Reef; Fucoid; Flat,60,1,2,1,No
CUWO01_1701,Pinguipedidae,Parapercis,haackei,1,37390004,CUWO01_1701_L.avi,35877,11.959,RGannon,4.7,,Reef; Fucoid; Flat,60,1,2,1,No
CUWO01_1701,Portunidae,Portunus,armatus,3,28911005,CUWO01_1701_L.avi,33705,11.235,RGannon,4.7,,Reef; Fucoid; Flat,60,1,2,1,No
CUWO01_1701,Sparidae,Pagrus,auratus,4,37353001,CUWO01_1701_L.avi,94608,31.536,RGannon,4.7,,Reef; Fucoid; Flat,60,1,2,1,No
CUWO01_1701,Tetraodontidae,Torquigener,pleurogramma,1,37467030,CUWO01_1701_L.avi,39852,13.284,RGannon,4.7,,Reef; Fucoid; Flat,60,1,2,1,No
CUWO01_1701,Arripidae,Arripis,georgianus,100,37344001,CUWO01_1701_L.avi,100166,33.3887,RGannon,4.7,,Reef; Fucoid; Flat,60,1,2,1,No
CUWO02_1701,Sparidae,Pagrus,auratus,1,37353001,CUWO02_1701_L.avi,117184,39.0613,RGannon,5,,Reef; Fucoid; Flat,60,1,2,3,No
CUWO02_1701,Terapontidae,Pelates,octolineatus,100,37321020,CUWO02_1701_L.avi,63774,21.258,RGannon,5,,Reef; Fucoid; Flat,60,1,2,3,No
CUWO02_1701,Arripidae,Arripis,georgianus,16,37344001,CUWO02_1701_L.avi,27515,9.1717,RGannon,5,,Reef; Fucoid; Flat,60,1,2,3,No
CUWO02_1701,Portunidae,Portunus,armatus,2,28911005,CUWO02_1701_L.avi,23643,7.881,RGannon,5,,Reef; Fucoid; Flat,60,1,2,3,No
CUWO03_1701,Arripidae,Arripis,georgianus,9,37344001,CUWO03_1701_L.avi,54186,18.062,RGannon,5,,Reef; Fucoid; Profile,60,1,2,2,No
CUWO03_1701,Pinguipedidae,Parapercis,haackei,1,37390004,CUWO03_1701_L.avi,8349,2.783,RGannon,5,,Reef; Fucoid; Profile,60,1,2,2,No
CUWO03_1701,Portunidae,Portunus,armatus,1,28911005,CUWO03_1701_L.avi,25170,8.39,RGannon,5,,Reef; Fucoid; Profile,60,1,2,2,No
CUWO03_1701,Sparidae,Pagrus,auratus,1,37353001,CUWO03_1701_L.avi,51220,17.0733,RGannon,5,,Reef; Fucoid; Profile,60,1,2,2,No
CUWO03_1701,Terapontidae,Pelates,octolineatus,80,37321020,CUWO03_1701_L.avi,90172,30.0573,RGannon,5,,Reef; Fucoid; Profile,60,1,2,2,No
CUWO04_1701,Terapontidae,Pelates,octolineatus,90,37321020,CUWO04_1701_L.avi,139878,46.626,RGannon,5,,Reef; Fucoid; Flat,60,1,1,2,No
FBEO01_1701,Portunidae,Portunus,armatus,5,28911005,FBEO01_1701_L.avi,26417,8.8057,SWhitmarsh,13,,Posidonia; Medium,60,1,2,2,Yes
FBEO01_1701,Delphinidae,Tursiops,sp,1,41116915,FBEO01_1701_L.avi,143627,47.8757,SWhitmarsh,13,,Posidonia; Medium,60,1,2,2,No
FBEO01_1701,Ostraciidae,Aracana,ornata,1,37466001,FBEO01_1701_L.avi,122848,40.9493,SWhitmarsh,13,,Posidonia; Medium,60,1,2,2,No
FBEO01_1701,Portunidae,Nectocarcinus,integrifrons,1,28911010,FBEO01_1701_L.avi,14317,4.7723,SWhitmarsh,13,,Posidonia; Medium,60,1,2,2,No
FBEO01_1701,Terapontidae,Pelates,octolineatus,138,37321020,FBEO01_1701_L.avi,66621,22.207,SWhitmarsh,13,,Posidonia; Medium,60,1,2,2,Yes
FBEO01_1701,Tetraodontidae,Torquigener,pleurogramma,1,37467030,FBEO01_1701_L.avi,46708,15.5693,SWhitmarsh,13,,Posidonia; Medium,60,1,2,2,No
FBEO02_1701,Pinguipedidae,Parapercis,haackei,1,37390004,FBEO02_1701_L.avi,14185,4.7283,SWhitmarsh,13,Bait empty at 16 min,Posidonia; Sparse,60,1,2,2,No
FBEO02_1701,Terapontidae,Pelates,octolineatus,188,37321020,FBEO02_1701_L.avi,15055,5.0183,SWhitmarsh,13,Bait empty at 16 min,Posidonia; Sparse,60,1,2,2,Yes
FBEO02_1701,Sphyraenidae,Sphyraena,novaehollandiae,1,37382002,FBEO02_1701_L.avi,133096,44.3653,SWhitmarsh,13,Bait empty at 16 min,Posidonia; Sparse,60,1,2,2,No
FBEO02_1701,Portunidae,Portunus,armatus,2,28911005,FBEO02_1701_L.avi,11574,3.858,SWhitmarsh,13,Bait empty at 16 min,Posidonia; Sparse,60,1,2,2,Yes
FBEO02_1701,Tetraodontidae,Torquigener,pleurogramma,4,37467030,FBEO02_1701_L.avi,133368,44.456,SWhitmarsh,13,Bait empty at 16 min,Posidonia; Sparse,60,1,2,2,No
FBEO03_1701,Portunidae,Portunus,armatus,4,28911005,FBEO03_1701_L.avi,42264,14.088,SWhitmarsh,13,,Posidonia (Pinna); Medium,60,1,2,2,Yes
FBEO03_1701,Tetraodontidae,Torquigener,pleurogramma,7,37467030,FBEO03_1701_L.avi,88943,29.6477,SWhitmarsh,13,,Posidonia (Pinna); Medium,60,1,2,2,No
FBEO03_1701,Sillaginidae,Sillaginodes,punctatus,1,37330001,FBEO03_1701_L.avi,120893,40.2977,SWhitmarsh,13,,Posidonia (Pinna); Medium,60,1,2,2,No
FBEO03_1701,Terapontidae,Pelates,octolineatus,42,37321020,FBEO03_1701_L.avi,62246,20.7487,SWhitmarsh,13,,Posidonia (Pinna); Medium,60,1,2,2,Yes
FBEO03_1701,Ostraciidae,Aracana,aurita,1,37466003,FBEO03_1701_L.avi,103109,34.3697,SWhitmarsh,13,,Posidonia (Pinna); Medium,60,1,2,2,No
FBEO03_1701,Carangidae,Pseudocaranx,sp,7,37337924,FBEO03_1701_L.avi,154800,51.6,SWhitmarsh,13,,Posidonia (Pinna); Medium,60,1,2,2,No
FBEO04_1701,Heterodontidae,Heterodontus,portusjacksoni,1,37007001,FBEO04_1701_L.avi,105265,35.0883,SWhitmarsh,13,,Sand,60,1,2,2,No
FBEO04_1701,Tetraodontidae,Torquigener,pleurogramma,1,37467030,FBEO04_1701_L.avi,23729,7.9097,SWhitmarsh,13,,Sand,60,1,2,2,No
FBEO04_1701,Carangidae,Pseudocaranx,sp,40,37337924,FBEO04_1701_L.avi,47460,15.82,SWhitmarsh,13,,Sand,60,1,2,2,No
FBEO04_1701,Pinguipedidae,Parapercis,haackei,2,37390004,FBEO04_1701_L.avi,42730,14.2433,SWhitmarsh,13,,Sand,60,1,2,2,No
FBEO04_1701,Terapontidae,Pelates,octolineatus,30,37321020,FBEO04_1701_L.avi,99183,33.061,SWhitmarsh,13,,Sand,60,1,2,2,Yes
FBEO04_1701,Portunidae,Portunus,armatus,6,28911005,FBEO04_1701_L.avi,76676,25.5587,SWhitmarsh,13,,Sand,60,1,2,2,Yes
FBNI01_1701,Carangidae,Trachurus,novaezelandiae,3,37337003,FBNI01_1701_L.avi,75304,25.1013,SWhitmarsh,12,,Heterozostera and algae; Sparse,60,1,2,2,No
FBNI01_1701,Terapontidae,Pelates,octolineatus,68,37321020,FBNI01_1701_L.avi,88827,29.609,SWhitmarsh,12,,Heterozostera and algae; Sparse,60,1,2,2,Yes
FBNI01_1701,Portunidae,Portunus,armatus,2,28911005,FBNI01_1701_L.avi,16071,5.357,SWhitmarsh,12,,Heterozostera and algae; Sparse,60,1,2,2,Yes
FBNI01_1701,Carangidae,Pseudocaranx,sp,12,37337924,FBNI01_1701_L.avi,49491,16.497,SWhitmarsh,12,,Heterozostera and algae; Sparse,60,1,2,2,No
FBNI01_1701,Tetraodontidae,Torquigener,pleurogramma,6,37467030,FBNI01_1701_L.avi,66259,22.0863,SWhitmarsh,12,,Heterozostera and algae; Sparse,60,1,2,2,No
FBNI02_1701,Carangidae,Pseudocaranx,sp,5,37337924,FBNI02_1701_L.avi,58507,19.5023,SWhitmarsh,14,,Heterozostera and algae; Sparse,60,1,2,2,No
FBNI02_1701,Portunidae,Portunus,armatus,2,28911005,FBNI02_1701_L.avi,117594,39.198,SWhitmarsh,14,,Heterozostera and algae; Sparse,60,1,2,2,No
FBNI02_1701,Tetraodontidae,Torquigener,pleurogramma,2,37467030,FBNI02_1701_L.avi,50316,16.772,SWhitmarsh,14,,Heterozostera and algae; Sparse,60,1,2,2,No
FBNI02_1701,Heterodontidae,Heterodontus,portusjacksoni,2,37007001,FBNI02_1701_L.avi,50707,16.9023,SWhitmarsh,14,,Heterozostera and algae; Sparse,60,1,2,2,No
FBNI02_1701,Terapontidae,Pelates,octolineatus,182,37321020,FBNI02_1701_L.avi,116000,38.6667,SWhitmarsh,14,,Heterozostera and algae; Sparse,60,1,2,2,Yes
FBNI03_1701,Carangidae,Pseudocaranx,sp,84,37337924,FBNI03_1701_L.avi,45028,15.0093,SWhitmarsh,15,,Heterozostera and algae; Sparse,60,1,2,2,No
FBNI03_1701,Pinguipedidae,Parapercis,haackei,3,37390004,FBNI03_1701_L.avi,14873,4.9577,SWhitmarsh,15,,Heterozostera and algae; Sparse,60,1,2,2,No
FBNI03_1701,Portunidae,Portunus,armatus,3,28911005,FBNI03_1701_L.avi,15600,5.2,SWhitmarsh,15,,Heterozostera and algae; Sparse,60,1,2,2,Yes
FBNI03_1701,Terapontidae,Pelates,octolineatus,86,37321020,FBNI03_1701_L.avi,108297,36.099,SWhitmarsh,15,,Heterozostera and algae; Sparse,60,1,2,2,Yes
FBNI04_1701,Portunidae,Portunus,armatus,5,28911005,FBNI04_1701_L.avi,36764,12.2547,SWhitmarsh,14,,Sand,60,1,2,2,Yes
FBNI04_1701,Tetraodontidae,Torquigener,pleurogramma,2,37467030,FBNI04_1701_L.avi,86214,28.738,SWhitmarsh,14,,Sand,60,1,2,2,No
FBNI04_1701,Carangidae,Pseudocaranx,sp,3,37337924,FBNI04_1701_L.avi,138006,46.002,SWhitmarsh,14,,Sand,60,1,2,2,No
FBNI04_1701,Pinguipedidae,Parapercis,haackei,2,37390004,FBNI04_1701_L.avi,163503,54.501,SWhitmarsh,14,,Sand,60,1,2,2,No
FBNI04_1701,Heterodontidae,Heterodontus,portusjacksoni,1,37007001,FBNI04_1701_L.avi,96046,32.0153,SWhitmarsh,14,,Sand,60,1,2,2,No
FBNI04_1701,Terapontidae,Pelates,octolineatus,40,37321020,FBNI04_1701_L.avi,130313,43.4377,SWhitmarsh,14,,Sand,60,1,2,2,Yes
FBSI01_1701,Ostraciidae,Aracana,ornata,1,37466001,FBSI01_1701_L.avi,155644,51.8813,SWhitmarsh,10,,Posidonia; Dense,60,1,2,1,No
FBSI01_1701,Tetraodontidae,Torquigener,pleurogramma,2,37467030,FBSI01_1701_L.avi,22892,7.6307,SWhitmarsh,10,,Posidonia; Dense,60,1,2,1,No
FBSI01_1701,Terapontidae,Pelates,octolineatus,58,37321020,FBSI01_1701_L.avi,62981,20.9937,SWhitmarsh,10,,Posidonia; Dense,60,1,2,1,Yes
FBSI02_1701,Gerreidae,Parequula,melbournensis,3,37349001,FBSI02_1701_L.avi,25082,8.3607,SWhitmarsh,12,,Posidonia; Medium,60,1,2,2,No
FBSI02_1701,Heterodontidae,Heterodontus,portusjacksoni,1,37007001,FBSI02_1701_L.avi,47902,15.9673,SWhitmarsh,12,,Posidonia; Medium,60,1,2,2,No
FBSI02_1701,Pinguipedidae,Parapercis,haackei,1,37390004,FBSI02_1701_L.avi,34547,11.5157,SWhitmarsh,12,,Posidonia; Medium,60,1,2,2,No
FBSI02_1701,Portunidae,Portunus,armatus,3,28911005,FBSI02_1701_L.avi,27848,9.2827,SWhitmarsh,12,,Posidonia; Medium,60,1,2,2,Yes
FBSI02_1701,Tetraodontidae,Torquigener,pleurogramma,3,37467030,FBSI02_1701_L.avi,55783,18.5943,SWhitmarsh,12,,Posidonia; Medium,60,1,2,2,No
FBSI02_1701,Terapontidae,Pelates,octolineatus,72,37321020,FBSI02_1701_L.avi,65627,21.8757,SWhitmarsh,12,,Posidonia; Medium,60,1,2,2,Yes
FBSI03_1701,Pinguipedidae,Parapercis,haackei,2,37390004,FBSI03_1701_L.avi,14288,4.7627,SWhitmarsh,12,bait empty at 27 min,Sand,60,1,2,2,No
FBSI03_1701,Carangidae,Trachurus,novaezelandiae,1,37337003,FBSI03_1701_L.avi,32770,10.9233,SWhitmarsh,12,bait empty at 27 min,Sand,60,1,2,2,No
FBSI03_1701,Carangidae,Pseudocaranx,sp,6,37337924,FBSI03_1701_L.avi,50292,16.764,SWhitmarsh,12,bait empty at 27 min,Sand,60,1,2,2,No
FBSI03_1701,Portunidae,Portunus,armatus,4,28911005,FBSI03_1701_L.avi,39370,13.1233,SWhitmarsh,12,bait empty at 27 min,Sand,60,1,2,2,Yes
FBSI03_1701,Tetraodontidae,Torquigener,pleurogramma,4,37467030,FBSI03_1701_L.avi,32017,10.6723,SWhitmarsh,12,bait empty at 27 min,Sand,60,1,2,2,No
FBSI03_1701,Terapontidae,Pelates,octolineatus,90,37321020,FBSI03_1701_L.avi,62492,20.8307,SWhitmarsh,12,bait empty at 27 min,Sand,60,1,2,2,Yes
FBSI04_1701,Portunidae,Portunus,armatus,3,28911005,FBSI04_1701_L.avi,32437,10.8123,SWhitmarsh,11,,Sand,60,1,2,2,Yes
FBSI04_1701,Terapontidae,Pelates,octolineatus,91,37321020,FBSI04_1701_L.avi,69835,23.2783,SWhitmarsh,11,,Sand,60,1,2,2,Yes
FBSI04_1701,Pinguipedidae,Parapercis,haackei,1,37390004,FBSI04_1701_L.avi,7492,2.4973,SWhitmarsh,11,,Sand,60,1,2,2,No
FBSI04_1701,Arripidae,Arripis,georgianus,1,37344001,FBSI04_1701_L.avi,47653,15.8843,SWhitmarsh,11,,Sand,60,1,2,2,No
FBSI04_1701,Sillaginidae,Sillaginodes,punctatus,3,37330001,FBSI04_1701_L.avi,165001,55.0003,SWhitmarsh,11,,Sand,60,1,2,2,No
FBWO01_1701,Tetraodontidae,Torquigener,pleurogramma,2,37467030,FBWO01_1701_L.avi,60411,20.137,SWhitmarsh,12,,Heterozostera and algae; Sparse,60,1,2,3,No
FBWO01_1701,Portunidae,Portunus,armatus,4,28911005,FBWO01_1701_L.avi,30930,10.31,SWhitmarsh,12,,Heterozostera and algae; Sparse,60,1,2,3,Yes
FBWO01_1701,Heterodontidae,Heterodontus,portusjacksoni,2,37007001,FBWO01_1701_L.avi,44204,14.7347,SWhitmarsh,12,,Heterozostera and algae; Sparse,60,1,2,3,Yes
FBWO01_1701,Penaeidae,Melicertus,latisulcatus,1,28711047,FBWO01_1701_L.avi,18529,6.1763,SWhitmarsh,12,,Heterozostera and algae; Sparse,60,1,2,3,No
FBWO01_1701,Pinguipedidae,Parapercis,haackei,2,37390004,FBWO01_1701_L.avi,36497,12.1657,SWhitmarsh,12,,Heterozostera and algae; Sparse,60,1,2,3,No
FBWO01_1701,Terapontidae,Pelates,octolineatus,76,37321020,FBWO01_1701_L.avi,132406,44.1353,SWhitmarsh,12,,Heterozostera and algae; Sparse,60,1,2,3,Yes
FBWO02_1701,Heterodontidae,Heterodontus,portusjacksoni,1,37007001,FBWO02_1701_L.avi,22548,7.516,SWhitmarsh,12,,Heterozostera and algae; Sparse,60,1,2,2,Yes
FBWO02_1701,Tetraodontidae,Torquigener,pleurogramma,5,37467030,FBWO02_1701_L.avi,58906,19.6353,SWhitmarsh,12,,Heterozostera and algae; Sparse,60,1,2,2,No
FBWO02_1701,Terapontidae,Pelates,octolineatus,62,37321020,FBWO02_1701_L.avi,128896,42.9653,SWhitmarsh,12,,Heterozostera and algae; Sparse,60,1,2,2,Yes
FBWO02_1701,Penaeidae,Melicertus,latisulcatus,1,28711047,FBWO02_1701_L.avi,35887,11.9623,SWhitmarsh,12,,Heterozostera and algae; Sparse,60,1,2,2,No
FBWO02_1701,Carangidae,Pseudocaranx,sp,2,37337924,FBWO02_1701_L.avi,29360,9.7867,SWhitmarsh,12,,Heterozostera and algae; Sparse,60,1,2,2,No
FBWO02_1701,Portunidae,Portunus,armatus,2,28911005,FBWO02_1701_L.avi,111111,37.037,SWhitmarsh,12,,Heterozostera and algae; Sparse,60,1,2,2,Yes
FBWO03_1701,Terapontidae,Pelates,octolineatus,70,37321020,FBWO03_1701_L.avi,39750,13.25,SWhitmarsh,12,,Heterozostera and algae; Sparse,60,1,2,2,Yes
FBWO03_1701,Portunidae,Portunus,armatus,2,28911005,FBWO03_1701_L.avi,35292,11.764,SWhitmarsh,12,,Heterozostera and algae; Sparse,60,1,2,2,No
FBWO03_1701,Gerreidae,Parequula,melbournensis,5,37349001,FBWO03_1701_L.avi,38077,12.6923,SWhitmarsh,12,,Heterozostera and algae; Sparse,60,1,2,2,No
FBWO04_1701,Heterodontidae,Heterodontus,portusjacksoni,1,37007001,FBWO04_1701_L.avi,46901,15.6337,SWhitmarsh,12,,Heterozostera and algae; Medium,60,1,2,2,No
FBWO04_1701,Penaeidae,Melicertus,latisulcatus,1,28711047,FBWO04_1701_L.avi,18597,6.199,SWhitmarsh,12,,Heterozostera and algae; Medium,60,1,2,2,No
FBWO04_1701,Portunidae,Portunus,armatus,2,28911005,FBWO04_1701_L.avi,34042,11.3473,SWhitmarsh,12,,Heterozostera and algae; Medium,60,1,2,2,Yes
FBWO04_1701,Tetraodontidae,Torquigener,pleurogramma,4,37467030,FBWO04_1701_L.avi,74644,24.8813,SWhitmarsh,12,,Heterozostera and algae; Medium,60,1,2,2,No
FBWO04_1701,Terapontidae,Pelates,octolineatus,96,37321020,FBWO04_1701_L.avi,95907,31.969,SWhitmarsh,12,,Heterozostera and algae; Medium,60,1,2,2,Yes
FBWO04_1701,Arripidae,Arripis,georgianus,1,37344001,FBWO04_1701_L.avi,116426,38.8087,SWhitmarsh,12,,Heterozostera and algae; Medium,60,1,2,2,No
FBWO04_1701,Dasyatidae,Dasyatis,brevicaudata,1,37035001,FBWO04_1701_L.avi,87173,29.0577,SWhitmarsh,12,,Heterozostera and algae; Medium,60,1,2,2,Yes
FBWO04_1701,Carangidae,Pseudocaranx,sp,2,37337924,FBWO04_1701_L.avi,90728,30.2427,SWhitmarsh,12,,Heterozostera and algae; Medium,60,1,2,2,No
ISDI01_1503,Scorpididae,Tilodon,sexfasciatus,1,37361003,Dog01R_Mar2015.avi,146789,48.9297,DColella,24,,Reef; Fucoid; Flat,60,,,,No
ISDI01_1503,Dinolestidae,Dinolestes,lewini,2,37327002,Dog01R_Mar2015.avi,59284,19.7613,DColella,24,,Reef; Fucoid; Flat,60,,,,No
ISDI01_1503,Labridae,Pictilabrus,laticlavius,1,37384020,Dog01R_Mar2015.avi,48515,16.1717,DColella,24,,Reef; Fucoid; Flat,60,,,,No
ISDI01_1503,Sepiidae,Sepia,apama,1,23607001,Dog01R_Mar2015.avi,51808,17.2693,DColella,24,,Reef; Fucoid; Flat,60,,,,No
ISDI01_1503,Labridae,Ophthalmolepis,lineolatus,25,37384040,Dog01R_Mar2015.avi,91971,30.657,DColella,24,,Reef; Fucoid; Flat,60,,,,No
ISDI01_1503,Odacidae,Olisthops,cyanomelas,2,37385001,Dog01R_Mar2015.avi,196824,65.608,DColella,24,,Reef; Fucoid; Flat,60,,,,No
ISDI01_1503,Labridae,Notolabrus,parilus,3,37384022,Dog01R_Mar2015.avi,55607,18.5357,DColella,24,,Reef; Fucoid; Flat,60,,,,No
ISDI01_1503,Monacanthidae,Acanthaluteres,vittiger,2,37465002,Dog01R_Mar2015.avi,34888,11.6293,DColella,24,,Reef; Fucoid; Flat,60,,,,Yes
ISDI01_1503,Scorpididae,Neatypus,obliquus,3,37361002,Dog01R_Mar2015.avi,142459,47.4863,DColella,24,,Reef; Fucoid; Flat,60,,,,No
ISDI01_1503,Myliobatidae,Myliobatis,tenuicaudatus,2,37039001,Dog01R_Mar2015.avi,92142,30.714,DColella,24,,Reef; Fucoid; Flat,60,,,,No
ISDI01_1503,Monacanthidae,Meuschenia,hippocrepis,3,37465004,Dog01R_Mar2015.avi,77031,25.677,DColella,24,,Reef; Fucoid; Flat,60,,,,No
ISDI01_1503,Urolophidae,Urolophus,sp,1,37038903,Dog01R_Mar2015.avi,40578,13.526,DColella,24,,Reef; Fucoid; Flat,60,,,,No
ISDI01_1503,Monacanthidae,Meuschenia,galii,1,37465040,Dog01R_Mar2015.avi,37224,12.408,DColella,24,,Reef; Fucoid; Flat,60,,,,No
ISDI01_1503,Monacanthidae,Meuschenia,freycineti,3,37465036,Dog01R_Mar2015.avi,81270,27.09,DColella,24,,Reef; Fucoid; Flat,60,,,,No
ISDI01_1503,Odacidae,Heteroscarus,acroptilus,1,37385010,Dog01R_Mar2015.avi,53925,17.975,DColella,24,,Reef; Fucoid; Flat,60,,,,No
ISDI01_1503,Gerreidae,Parequula,melbournensis,2,37349001,Dog01R_Mar2015.avi,59405,19.8017,DColella,24,,Reef; Fucoid; Flat,60,,,,No
ISDI01_1503,Dasyatidae,Dasyatis,brevicaudata,1,37035001,Dog01R_Mar2015.avi,122621,40.8737,DColella,24,,Reef; Fucoid; Flat,60,,,,Yes
ISDI01_1503,Heterodontidae,Heterodontus,portusjacksoni,1,37007001,Dog01R_Mar2015.avi,56821,18.9403,DColella,24,,Reef; Fucoid; Flat,60,,,,No
ISDI02_1503,Labridae,Ophthalmolepis,lineolatus,17,37384040,Dog02R_Mar2015.avi,143588,47.8627,DColella,20,,Sand; Algae; Medium,60,,,,Yes
ISDI02_1503,Monacanthidae,Meuschenia,hippocrepis,5,37465004,Dog02R_Mar2015.avi,107922,35.974,DColella,20,,Sand; Algae; Medium,60,,,,Yes
ISDI02_1503,Triakidae,Mustelus,antarcticus,1,37017001,Dog02R_Mar2015.avi,130578,43.526,DColella,20,,Sand; Algae; Medium,60,,,,No
ISDI02_1503,Myliobatidae,Myliobatis,tenuicaudatus,1,37039001,Dog02R_Mar2015.avi,85635,28.545,DColella,20,,Sand; Algae; Medium,60,,,,No
ISDI02_1503,Scorpididae,Neatypus,obliquus,1,37361002,Dog02R_Mar2015.avi,113505,37.835,DColella,20,,Sand; Algae; Medium,60,,,,No
ISDI02_1503,Labridae,Notolabrus,parilus,2,37384022,Dog02R_Mar2015.avi,81401,27.1337,DColella,20,,Sand; Algae; Medium,60,,,,No
ISDI02_1503,Monacanthidae,Meuschenia,freycineti,3,37465036,Dog02R_Mar2015.avi,208877,69.6257,DColella,20,,Sand; Algae; Medium,60,,,,No
ISDI02_1503,Tetraodontidae,Omegophora,armilla,1,37467002,Dog02R_Mar2015.avi,59243,19.7477,DColella,20,,Sand; Algae; Medium,60,,,,No
ISDI02_1503,Gerreidae,Parequula,melbournensis,2,37349001,Dog02R_Mar2015.avi,46454,15.4847,DColella,20,,Sand; Algae; Medium,60,,,,No
ISDI02_1503,Sillaginidae,Sillaginodes,punctatus,2,37330001,Dog02R_Mar2015.avi,59709,19.903,DColella,20,,Sand; Algae; Medium,60,,,,No
ISDI02_1503,Rhinobatidae,Trygonorrhina,dumerilii,1,37027011,Dog02R_Mar2015.avi,56322,18.774,DColella,20,,Sand; Algae; Medium,60,,,,No
ISDI02_1503,Mullidae,Upeneichthys,vlamingii,1,37355029,Dog02R_Mar2015.avi,54754,18.2513,DColella,20,,Sand; Algae; Medium,60,,,,No
ISDI02_1503,Labridae,Notolabrus,tetricus,3,37384003,Dog02R_Mar2015.avi,90575,30.1917,DColella,20,,Sand; Algae; Medium,60,,,,Yes
ISDI03_1503,Labridae,Notolabrus,parilus,2,37384022,Dog03R_Mar2015.avi,40137,13.379,DColella,19,"Poor vis 4-5m, very surgy",Reef; Mixed algal; Profile,60,,,,No
ISDI03_1503,Sillaginidae,Sillaginodes,punctatus,2,37330001,Dog03R_Mar2015.avi,128771,42.9237,DColella,19,"Poor vis 4-5m, very surgy",Reef; Mixed algal; Profile,60,,,,No
ISDI03_1503,Labridae,Pictilabrus,laticlavius,1,37384020,Dog03R_Mar2015.avi,47673,15.891,DColella,19,"Poor vis 4-5m, very surgy",Reef; Mixed algal; Profile,60,,,,No
ISDI03_1503,Gerreidae,Parequula,melbournensis,1,37349001,Dog03R_Mar2015.avi,55936,18.6453,DColella,19,"Poor vis 4-5m, very surgy",Reef; Mixed algal; Profile,60,,,,No
ISDI03_1503,Labridae,Notolabrus,tetricus,1,37384003,Dog03R_Mar2015.avi,44862,14.954,DColella,19,"Poor vis 4-5m, very surgy",Reef; Mixed algal; Profile,60,,,,Yes
ISDI03_1503,Scorpididae,Neatypus,obliquus,1,37361002,Dog03R_Mar2015.avi,34195,11.3983,DColella,19,"Poor vis 4-5m, very surgy",Reef; Mixed algal; Profile,60,,,,No
ISDI03_1503,Myliobatidae,Myliobatis,tenuicaudatus,2,37039001,Dog03R_Mar2015.avi,176867,58.9557,DColella,19,"Poor vis 4-5m, very surgy",Reef; Mixed algal; Profile,60,,,,No
ISDI03_1503,Monacanthidae,Meuschenia,hippocrepis,5,37465004,Dog03R_Mar2015.avi,183194,61.0647,DColella,19,"Poor vis 4-5m, very surgy",Reef; Mixed algal; Profile,60,,,,No
ISDI03_1503,Monacanthidae,Meuschenia,galii,5,37465040,Dog03R_Mar2015.avi,160633,53.5443,DColella,19,"Poor vis 4-5m, very surgy",Reef; Mixed algal; Profile,60,,,,Yes
ISDI03_1503,Monacanthidae,Meuschenia,freycineti,3,37465036,Dog03R_Mar2015.avi,146142,48.714,DColella,19,"Poor vis 4-5m, very surgy",Reef; Mixed algal; Profile,60,,,,No
ISDI03_1503,Heterodontidae,Heterodontus,portusjacksoni,1,37007001,Dog03R_Mar2015.avi,140485,46.8283,DColella,19,"Poor vis 4-5m, very surgy",Reef; Mixed algal; Profile,60,,,,Yes
ISDI03_1503,Dinolestidae,Dinolestes,lewini,2,37327002,Dog03R_Mar2015.avi,45156,15.052,DColella,19,"Poor vis 4-5m, very surgy",Reef; Mixed algal; Profile,60,,,,No
ISDI03_1503,Labridae,Austrolabrus,maculatus,2,37384025,Dog03R_Mar2015.avi,36525,12.175,DColella,19,"Poor vis 4-5m, very surgy",Reef; Mixed algal; Profile,60,,,,No
ISDI03_1503,Monacanthidae,Acanthaluteres,vittiger,4,37465002,Dog03R_Mar2015.avi,70254,23.418,DColella,19,"Poor vis 4-5m, very surgy",Reef; Mixed algal; Profile,60,,,,Yes
ISDI03_1503,Labridae,Ophthalmolepis,lineolatus,15,37384040,Dog03R_Mar2015.avi,130500,43.5,DColella,19,"Poor vis 4-5m, very surgy",Reef; Mixed algal; Profile,60,,,,No
ISEO01_1503,Sillaginidae,Sillaginodes,punctatus,2,37330001,Evans01Rs_Mar2015.avi,33712,18.7476,DColella,19,,Seagrass; Sand; Transition,60,,,,No
ISEO01_1503,Arripidae,Arripis,georgianus,17,37344001,Evans01Rs_Mar2015.avi,28905,16.0744,DColella,19,,Seagrass; Sand; Transition,60,,,,No
ISEO01_1503,Myliobatidae,Myliobatis,tenuicaudatus,2,37039001,Evans01Rs_Mar2015.avi,68884,38.3072,DColella,19,,Seagrass; Sand; Transition,60,,,,No
ISEO01_1503,Labridae,Notolabrus,parilus,2,37384022,Evans01Rs_Mar2015.avi,104338,58.0236,DColella,19,,Seagrass; Sand; Transition,60,,,,No
ISEO01_1503,Labridae,Ophthalmolepis,lineolatus,8,37384040,Evans01Rs_Mar2015.avi,91714,51.0032,DColella,19,,Seagrass; Sand; Transition,60,,,,No
ISEO01_1503,Gerreidae,Parequula,melbournensis,6,37349001,Evans01Rs_Mar2015.avi,34913,19.4155,DColella,19,,Seagrass; Sand; Transition,60,,,,No
ISEO01_1503,Carangidae,Pseudocaranx,sp,15,37337924,Evans01Rs_Mar2015.avi,83456,46.4109,DColella,19,,Seagrass; Sand; Transition,60,,,,No
ISEO01_1503,Loliginidae,Sepioteuthis,australis,4,23617005,Evans01Rs_Mar2015.avi,90036,50.0701,DColella,19,,Seagrass; Sand; Transition,60,,,,No
ISEO01_1503,Sillaginidae,Sillago,bassensis,8,37330002,Evans01Rs_Mar2015.avi,112163,62.3752,DColella,19,,Seagrass; Sand; Transition,60,,,,No
ISEO01_1503,Mullidae,Upeneichthys,vlamingii,3,37355029,Evans01Rs_Mar2015.avi,32996,18.3495,DColella,19,,Seagrass; Sand; Transition,60,,,,No
ISEO03_1503,Dinolestidae,Dinolestes,lewini,17,37327002,Evans03R_Mar2015.avi,22855,7.6183,DColella,24,,Reef; Ecklonia; Profile,60,,,,No
ISEO03_1503,Mullidae,Upeneichthys,vlamingii,1,37355029,Evans03R_Mar2015.avi,63230,21.0767,DColella,24,,Reef; Ecklonia; Profile,60,,,,No
ISEO03_1503,Monacanthidae,Acanthaluteres,vittiger,2,37465002,Evans03R_Mar2015.avi,84525,28.175,DColella,24,,Reef; Ecklonia; Profile,60,,,,No
ISEO03_1503,Labridae,Austrolabrus,maculatus,1,37384025,Evans03R_Mar2015.avi,51975,17.325,DColella,24,,Reef; Ecklonia; Profile,60,,,,No
ISEO03_1503,Cheilodactylidae,Cheilodactylus,nigripes,1,37377001,Evans03R_Mar2015.avi,71880,23.96,DColella,24,,Reef; Ecklonia; Profile,60,,,,No
ISEO03_1503,Cheilodactylidae,Nemadactylus,valenciennesi,1,37377004,Evans03R_Mar2015.avi,108761,36.2537,DColella,24,,Reef; Ecklonia; Profile,60,,,,No
ISEO03_1503,Enoplosidae,Enoplosus,armatus,2,37366001,Evans03R_Mar2015.avi,129739,43.2463,DColella,24,,Reef; Ecklonia; Profile,60,,,,No
ISEO03_1503,Labridae,Eupetrichthys,angustipes,1,37384105,Evans03R_Mar2015.avi,36020,12.0067,DColella,24,,Reef; Ecklonia; Profile,60,,,,No
ISEO03_1503,Monacanthidae,Meuschenia,freycineti,1,37465036,Evans03R_Mar2015.avi,94892,31.6307,DColella,24,,Reef; Ecklonia; Profile,60,,,,No
ISEO03_1503,Scorpididae,Scorpis,aequipinnis,1,37361004,Evans03R_Mar2015.avi,69586,23.1953,DColella,24,,Reef; Ecklonia; Profile,60,,,,No
ISEO03_1503,Monacanthidae,Scobinichthys,granulatus,1,37465007,Evans03R_Mar2015.avi,79824,26.608,DColella,24,,Reef; Ecklonia; Profile,60,,,,No
ISEO03_1503,Labridae,Pictilabrus,laticlavius,2,37384020,Evans03R_Mar2015.avi,13297,4.4323,DColella,24,,Reef; Ecklonia; Profile,60,,,,No
ISEO03_1503,Gerreidae,Parequula,melbournensis,1,37349001,Evans03R_Mar2015.avi,174886,58.2953,DColella,24,,Reef; Ecklonia; Profile,60,,,,No
ISEO03_1503,Labridae,Ophthalmolepis,lineolatus,12,37384040,Evans03R_Mar2015.avi,167319,55.773,DColella,24,,Reef; Ecklonia; Profile,60,,,,No
ISEO03_1503,Odacidae,Olisthops,cyanomelas,1,37385001,Evans03R_Mar2015.avi,6415,2.1383,DColella,24,,Reef; Ecklonia; Profile,60,,,,No
ISEO03_1503,Labridae,Notolabrus,tetricus,2,37384003,Evans03R_Mar2015.avi,52605,17.535,DColella,24,,Reef; Ecklonia; Profile,60,,,,No
ISEO03_1503,Labridae,Notolabrus,parilus,1,37384022,Evans03R_Mar2015.avi,153814,51.2713,DColella,24,,Reef; Ecklonia; Profile,60,,,,No
ISEO03_1503,Serranidae,Caesioperca,rasor,4,37311003,Evans03R_Mar2015.avi,189461,63.1537,DColella,24,,Reef; Ecklonia; Profile,60,,,,No
ISEO04_1503,Monacanthidae,Meuschenia,galii,1,37465040,Evans04R_Mar2015.avi,119420,39.8067,DColella,23,,Reef; Ecklonia; Profile,60,,,,No
ISEO04_1503,Serranidae,Caesioperca,rasor,2,37311003,Evans04R_Mar2015.avi,46871,15.6237,DColella,23,,Reef; Ecklonia; Profile,60,,,,No
ISEO04_1503,Odacidae,Siphonognathus,beddomei,1,37385006,Evans04R_Mar2015.avi,72871,24.2903,DColella,23,,Reef; Ecklonia; Profile,60,,,,No
ISEO04_1503,Labridae,Pictilabrus,laticlavius,3,37384020,Evans04R_Mar2015.avi,55347,18.449,DColella,23,,Reef; Ecklonia; Profile,60,,,,No
ISEO04_1503,Serranidae,Othos,dentex,1,37311005,Evans04R_Mar2015.avi,173634,57.878,DColella,23,,Reef; Ecklonia; Profile,60,,,,No
ISEO04_1503,Labridae,Ophthalmolepis,lineolatus,11,37384040,Evans04R_Mar2015.avi,148646,49.5487,DColella,23,,Reef; Ecklonia; Profile,60,,,,No
ISEO04_1503,Odacidae,Olisthops,cyanomelas,1,37385001,Evans04R_Mar2015.avi,15318,5.106,DColella,23,,Reef; Ecklonia; Profile,60,,,,No
ISEO04_1503,Monacanthidae,Meuschenia,hippocrepis,1,37465004,Evans04R_Mar2015.avi,51505,17.1683,DColella,23,,Reef; Ecklonia; Profile,60,,,,No
ISEO04_1503,Scorpididae,Tilodon,sexfasciatus,1,37361003,Evans04R_Mar2015.avi,98537,32.8457,DColella,23,,Reef; Ecklonia; Profile,60,,,,No
ISEO04_1503,Monacanthidae,Meuschenia,freycineti,1,37465036,Evans04R_Mar2015.avi,107676,35.892,DColella,23,,Reef; Ecklonia; Profile,60,,,,Yes
ISEO04_1503,Monacanthidae,Meuschenia,flavolineata,1,37465035,Evans04R_Mar2015.avi,20219,6.7397,DColella,23,,Reef; Ecklonia; Profile,60,,,,No
ISEO04_1503,Odacidae,Heteroscarus,acroptilus,1,37385010,Evans04R_Mar2015.avi,52663,17.5543,DColella,23,,Reef; Ecklonia; Profile,60,,,,No
ISEO04_1503,Dasyatidae,Dasyatis,brevicaudata,1,37035001,Evans04R_Mar2015.avi,191686,63.8953,DColella,23,,Reef; Ecklonia; Profile,60,,,,No
ISEO04_1503,Cheilodactylidae,Cheilodactylus,nigripes,1,37377001,Evans04R_Mar2015.avi,20766,6.922,DColella,23,,Reef; Ecklonia; Profile,60,,,,No
ISEO04_1503,Berycidae,Centroberyx,gerrardi,1,37258004,Evans04R_Mar2015.avi,105874,35.2913,DColella,23,,Reef; Ecklonia; Profile,60,,,,No
ISEO04_1503,Labridae,Austrolabrus,maculatus,3,37384025,Evans04R_Mar2015.avi,91718,30.5727,DColella,23,,Reef; Ecklonia; Profile,60,,,,No
ISEO04_1503,Labridae,Notolabrus,tetricus,3,37384003,Evans04R_Mar2015.avi,58569,19.523,DColella,23,,Reef; Ecklonia; Profile,60,,,,No
ISFI01_1503,Carangidae,Pseudocaranx,sp,13,37337924,Fenelon01R_Mar2015(1).avi,45141,15.047,DColella,20,,Reef; Fucoid: Profile,60,,,,No
ISFI01_1503,Myliobatidae,Myliobatis,tenuicaudatus,1,37039001,Fenelon01R_Mar2015(1).avi,68054,22.6847,DColella,20,,Reef; Fucoid: Profile,60,,,,No
ISFI01_1503,Monacanthidae,Acanthaluteres,vittiger,1,37465002,Fenelon01R_Mar2015(1).avi,17327,5.7757,DColella,20,,Reef; Fucoid: Profile,60,,,,No
ISFI01_1503,Labridae,Achoerodus,gouldii,1,37384002,Fenelon01R_Mar2015(1).avi,38215,12.7383,DColella,20,,Reef; Fucoid: Profile,60,,,,No
ISFI01_1503,Serranidae,Caesioperca,rasor,1,37311003,Fenelon01R_Mar2015(1).avi,19833,6.611,DColella,20,,Reef; Fucoid: Profile,60,,,,No
ISFI01_1503,Cheilodactylidae,Cheilodactylus,nigripes,2,37377001,Fenelon01R_Mar2015(1).avi,18551,6.1837,DColella,20,,Reef; Fucoid: Profile,60,,,,No
ISFI01_1503,Dinolestidae,Dinolestes,lewini,14,37327002,Fenelon01R_Mar2015(1).avi,20500,6.8333,DColella,20,,Reef; Fucoid: Profile,60,,,,No
ISFI01_1503,Kyphosidae,Girella,zebra,1,37361008,Fenelon01R_Mar2015(1).avi,26301,8.767,DColella,20,,Reef; Fucoid: Profile,60,,,,No
ISFI01_1503,Monacanthidae,Meuschenia,freycineti,1,37465036,Fenelon01R_Mar2015(1).avi,93770,31.2567,DColella,20,,Reef; Fucoid: Profile,60,,,,No
ISFI01_1503,Mullidae,Upeneichthys,vlamingii,1,37355029,Fenelon01R_Mar2015(1).avi,157608,52.536,DColella,20,,Reef; Fucoid: Profile,60,,,,No
ISFI01_1503,Monacanthidae,Meuschenia,hippocrepis,9,37465004,Fenelon01R_Mar2015(1).avi,80709,26.903,DColella,20,,Reef; Fucoid: Profile,60,,,,No
ISFI01_1503,Monacanthidae,Acanthaluteres,brownii,1,37465001,Fenelon01R_Mar2015(1).avi,56270,18.7567,DColella,20,,Reef; Fucoid: Profile,60,,,,No
ISFI01_1503,Cheilodactylidae,Nemadactylus,valenciennesi,2,37377004,Fenelon01R_Mar2015(1).avi,20771,6.9237,DColella,20,,Reef; Fucoid: Profile,60,,,,No
ISFI01_1503,Labridae,Notolabrus,parilus,1,37384022,Fenelon01R_Mar2015(1).avi,21384,7.128,DColella,20,,Reef; Fucoid: Profile,60,,,,Yes
ISFI01_1503,Labridae,Notolabrus,tetricus,3,37384003,Fenelon01R_Mar2015(1).avi,86044,28.6813,DColella,20,,Reef; Fucoid: Profile,60,,,,No
ISFI01_1503,Odacidae,Olisthops,cyanomelas,1,37385001,Fenelon01R_Mar2015(1).avi,66304,22.1013,DColella,20,,Reef; Fucoid: Profile,60,,,,No
ISFI01_1503,Labridae,Ophthalmolepis,lineolatus,26,37384040,Fenelon01R_Mar2015(1).avi,148634,49.5447,DColella,20,,Reef; Fucoid: Profile,60,,,,No
ISFI01_1503,Pomacentridae,Parma,victoriae,1,37372006,Fenelon01R_Mar2015(1).avi,27219,9.073,DColella,20,,Reef; Fucoid: Profile,60,,,,No
ISFI01_1503,Labridae,Pictilabrus,laticlavius,1,37384020,Fenelon01R_Mar2015(1).avi,27316,9.1053,DColella,20,,Reef; Fucoid: Profile,60,,,,No
ISFI01_1503,Monacanthidae,Meuschenia,galii,1,37465040,Fenelon01R_Mar2015(1).avi,20735,6.9117,DColella,20,,Reef; Fucoid: Profile,60,,,,No
ISFI02_1503,Serranidae,Caesioperca,rasor,13,37311003,Fenelon02R_Mar2015(1).avi,30643,10.2143,DColella,21,,Reef; Mixed algal; Profile,60,,,,No
ISFI02_1503,Scorpididae,Tilodon,sexfasciatus,2,37361003,Fenelon02R_Mar2015(1).avi,172379,57.4597,DColella,21,,Reef; Mixed algal; Profile,60,,,,No
ISFI02_1503,Monacanthidae,Meuschenia,galii,3,37465040,Fenelon02R_Mar2015(1).avi,69992,23.3307,DColella,21,,Reef; Mixed algal; Profile,60,,,,No
ISFI02_1503,Monacanthidae,Meuschenia,flavolineata,1,37465035,Fenelon02R_Mar2015(1).avi,19761,6.587,DColella,21,,Reef; Mixed algal; Profile,60,,,,No
ISFI02_1503,Odacidae,Olisthops,cyanomelas,1,37385001,Fenelon02R_Mar2015(1).avi,15236,5.0787,DColella,21,,Reef; Mixed algal; Profile,60,,,,No
ISFI02_1503,Cheilodactylidae,Cheilodactylus,nigripes,1,37377001,Fenelon02R_Mar2015(1).avi,15434,5.1447,DColella,21,,Reef; Mixed algal; Profile,60,,,,No
ISFI02_1503,Labridae,Notolabrus,tetricus,3,37384003,Fenelon02R_Mar2015(1).avi,38836,12.9453,DColella,21,,Reef; Mixed algal; Profile,60,,,,Yes
ISFI02_1503,Carangidae,Seriola,hippos,2,37337007,Fenelon02R_Mar2015(1).avi,43387,14.4623,DColella,21,,Reef; Mixed algal; Profile,60,,,,No
ISFI02_1503,Labridae,Notolabrus,parilus,2,37384022,Fenelon02R_Mar2015(1).avi,96938,32.3127,DColella,21,,Reef; Mixed algal; Profile,60,,,,No
ISFI02_1503,Labridae,Pictilabrus,laticlavius,3,37384020,Fenelon02R_Mar2015(1).avi,142984,47.6613,DColella,21,,Reef; Mixed algal; Profile,60,,,,No
ISFI02_1503,Monacanthidae,Meuschenia,hippocrepis,8,37465004,Fenelon02R_Mar2015(1).avi,51744,17.248,DColella,21,,Reef; Mixed algal; Profile,60,,,,Yes
ISFI02_1503,Scorpididae,Scorpis,aequipinnis,16,37361004,Fenelon02R_Mar2015(1).avi,18159,6.053,DColella,21,,Reef; Mixed algal; Profile,60,,,,No
ISFI02_1503,Monacanthidae,Meuschenia,freycineti,3,37465036,Fenelon02R_Mar2015(1).avi,41172,13.724,DColella,21,,Reef; Mixed algal; Profile,60,,,,Yes
ISFI02_1503,Berycidae,Centroberyx,gerrardi,1,37258004,Fenelon02R_Mar2015(1).avi,69482,23.1607,DColella,21,,Reef; Mixed algal; Profile,60,,,,No
ISFI02_1503,Dinolestidae,Dinolestes,lewini,8,37327002,Fenelon02R_Mar2015(1).avi,150839,50.2797,DColella,21,,Reef; Mixed algal; Profile,60,,,,No
ISFI02_1503,Kyphosidae,Girella,zebra,2,37361008,Fenelon02R_Mar2015(1).avi,19701,6.567,DColella,21,,Reef; Mixed algal; Profile,60,,,,No
ISFI02_1503,Kyphosidae,Kyphosus,sydneyanus,1,37361001,Fenelon02R_Mar2015(1).avi,84096,28.032,DColella,21,,Reef; Mixed algal; Profile,60,,,,No
ISFI02_1503,Labridae,Achoerodus,gouldii,1,37384002,Fenelon02R_Mar2015(1).avi,15832,5.2773,DColella,21,,Reef; Mixed algal; Profile,60,,,,No
ISFI02_1503,Carangidae,Pseudocaranx,sp,8,37337924,Fenelon02R_Mar2015(1).avi,50308,16.7693,DColella,21,,Reef; Mixed algal; Profile,60,,,,No
ISFI02_1503,Labridae,Ophthalmolepis,lineolatus,22,37384040,Fenelon02R_Mar2015(1).avi,71445,23.815,DColella,21,,Reef; Mixed algal; Profile,60,,,,No
ISFI04_1503,Myliobatidae,Myliobatis,tenuicaudatus,1,37039001,Fenelon04Rs_Mar2015.avi,82877,46.0889,DColella,23,,Sand Waves (>10cm),60,,,,No
ISFI04_1503,Gerreidae,Parequula,melbournensis,5,37349001,Fenelon04Rs_Mar2015.avi,50525,28.0975,DColella,23,,Sand Waves (>10cm),60,,,,No
ISFI04_1503,Carangidae,Seriola,lalandi,1,37337006,Fenelon04Rs_Mar2015.avi,29544,16.4298,DColella,23,,Sand Waves (>10cm),60,,,,No
ISFO01_1503,Myliobatidae,Myliobatis,tenuicaudatus,1,37039001,Freeling01R_Mar2015.avi,71115,23.705,DColella,15,,Posidonia; Dense,60,,,,No
ISFO01_1503,Monacanthidae,Acanthaluteres,vittiger,11,37465002,Freeling01R_Mar2015.avi,40727,13.5757,DColella,15,,Posidonia; Dense,60,,,,No
ISFO01_1503,Rhinobatidae,Aptychotrema,vincentiana,1,37027001,Freeling01R_Mar2015.avi,97813,32.6043,DColella,15,,Posidonia; Dense,60,,,,No
ISFO01_1503,Dinolestidae,Dinolestes,lewini,1,37327002,Freeling01R_Mar2015.avi,136332,45.444,DColella,15,,Posidonia; Dense,60,,,,No
ISFO01_1503,Monacanthidae,Meuschenia,galii,1,37465040,Freeling01R_Mar2015.avi,169664,56.5547,DColella,15,,Posidonia; Dense,60,,,,No
ISFO01_1503,Labridae,Notolabrus,parilus,2,37384022,Freeling01R_Mar2015.avi,100046,33.3487,DColella,15,,Posidonia; Dense,60,,,,No
ISFO01_1503,Odacidae,Olisthops,cyanomelas,1,37385001,Freeling01R_Mar2015.avi,28395,9.465,DColella,15,,Posidonia; Dense,60,,,,No
ISFO01_1503,Labridae,Ophthalmolepis,lineolatus,8,37384040,Freeling01R_Mar2015.avi,184524,61.508,DColella,15,,Posidonia; Dense,60,,,,No
ISFO01_1503,Monacanthidae,Scobinichthys,granulatus,1,37465007,Freeling01R_Mar2015.avi,133889,44.6297,DColella,15,,Posidonia; Dense,60,,,,No
ISFO01_1503,Loliginidae,Sepioteuthis,australis,1,23617005,Freeling01R_Mar2015.avi,73412,24.4707,DColella,15,,Posidonia; Dense,60,,,,No
ISFO01_1503,Sillaginidae,Sillaginodes,punctatus,3,37330001,Freeling01R_Mar2015.avi,191412,63.804,DColella,15,,Posidonia; Dense,60,,,,No
ISFO01_1503,Monacanthidae,Meuschenia,freycineti,9,37465036,Freeling01R_Mar2015.avi,185679,61.893,DColella,15,,Posidonia; Dense,60,,,,Yes
ISFO02_1503,Labridae,Ophthalmolepis,lineolatus,21,37384040,Freeling02R_Mar2015.avi,168500,56.1667,DColella,18,,Posidonia; Dense,60,,,,No
ISFO02_1503,Mullidae,Upeneichthys,vlamingii,1,37355029,Freeling02R_Mar2015.avi,57793,19.2643,DColella,18,,Posidonia; Dense,60,,,,No
ISFO02_1503,Rhinobatidae,Trygonorrhina,dumerilii,1,37027011,Freeling02R_Mar2015.avi,52903,17.6343,DColella,18,,Posidonia; Dense,60,,,,No
ISFO02_1503,Sphyraenidae,Sphyraena,novaehollandiae,1,37382002,Freeling02R_Mar2015.avi,239413,79.8043,DColella,18,,Posidonia; Dense,60,,,,No
ISFO02_1503,Gerreidae,Parequula,melbournensis,1,37349001,Freeling02R_Mar2015.avi,78357,26.119,DColella,18,,Posidonia; Dense,60,,,,No
ISFO02_1503,Odacidae,Olisthops,cyanomelas,1,37385001,Freeling02R_Mar2015.avi,7501,2.5003,DColella,18,,Posidonia; Dense,60,,,,No
ISFO02_1503,Labridae,Notolabrus,parilus,2,37384022,Freeling02R_Mar2015.avi,55876,18.6253,DColella,18,,Posidonia; Dense,60,,,,No
ISFO02_1503,Myliobatidae,Myliobatis,tenuicaudatus,3,37039001,Freeling02R_Mar2015.avi,129911,43.3037,DColella,18,,Posidonia; Dense,60,,,,No
ISFO02_1503,Monacanthidae,Meuschenia,freycineti,4,37465036,Freeling02R_Mar2015.avi,166116,55.372,DColella,18,,Posidonia; Dense,60,,,,No
ISFO02_1503,Enoplosidae,Enoplosus,armatus,2,37366001,Freeling02R_Mar2015.avi,24615,8.205,DColella,18,,Posidonia; Dense,60,,,,No
ISFO02_1503,Monacanthidae,Acanthaluteres,vittiger,9,37465002,Freeling02R_Mar2015.avi,23322,7.774,DColella,18,,Posidonia; Dense,60,,,,No
ISFO02_1503,Sillaginidae,Sillaginodes,punctatus,2,37330001,Freeling02R_Mar2015.avi,151225,50.4083,DColella,18,,Posidonia; Dense,60,,,,No
ISLO01_1503,Serranidae,Caesioperca,rasor,4,37311003,Lacey01R_Mar2015.avi,38171,12.7237,DColella,21,,Posidonia; Dense,60,,,,No
ISLO01_1503,Labridae,Notolabrus,parilus,2,37384022,Lacey01R_Mar2015.avi,40043,13.3477,DColella,21,,Posidonia; Dense,60,,,,No
ISLO01_1503,Monacanthidae,Acanthaluteres,vittiger,1,37465002,Lacey01R_Mar2015.avi,65421,21.807,DColella,21,,Posidonia; Dense,60,,,,No
ISLO01_1503,Labridae,Austrolabrus,maculatus,1,37384025,Lacey01R_Mar2015.avi,105205,35.0683,DColella,21,,Posidonia; Dense,60,,,,No
ISLO01_1503,Aulopidae,Latropiscis,purpurissatus,1,37117001,Lacey01R_Mar2015.avi,54749,18.2497,DColella,21,,Posidonia; Dense,60,,,,No
ISLO01_1503,Monacanthidae,Meuschenia,hippocrepis,3,37465004,Lacey01R_Mar2015.avi,156538,52.1793,DColella,21,,Posidonia; Dense,60,,,,Yes
ISLO01_1503,Monacanthidae,Meuschenia,freycineti,3,37465036,Lacey01R_Mar2015.avi,154938,51.646,DColella,21,,Posidonia; Dense,60,,,,Yes
ISLO01_1503,Cheilodactylidae,Nemadactylus,valenciennesi,1,37377004,Lacey01R_Mar2015.avi,110117,36.7057,DColella,21,,Posidonia; Dense,60,,,,No
ISLO01_1503,Mullidae,Upeneichthys,vlamingii,3,37355029,Lacey01R_Mar2015.avi,10394,3.4647,DColella,21,,Posidonia; Dense,60,,,,No
ISLO01_1503,Labridae,Notolabrus,tetricus,1,37384003,Lacey01R_Mar2015.avi,88924,29.6413,DColella,21,,Posidonia; Dense,60,,,,No
ISLO01_1503,Labridae,Ophthalmolepis,lineolatus,27,37384040,Lacey01R_Mar2015.avi,143414,47.8047,DColella,21,,Posidonia; Dense,60,,,,Yes
ISLO01_1503,Gerreidae,Parequula,melbournensis,2,37349001,Lacey01R_Mar2015.avi,50325,16.775,DColella,21,,Posidonia; Dense,60,,,,No
ISLO01_1503,Labridae,Pictilabrus,laticlavius,2,37384020,Lacey01R_Mar2015.avi,73011,24.337,DColella,21,,Posidonia; Dense,60,,,,No
ISLO01_1503,Carangidae,Pseudocaranx,sp,1,37337924,Lacey01R_Mar2015.avi,40481,13.4937,DColella,21,,Posidonia; Dense,60,,,,No
ISLO01_1503,Sillaginidae,Sillaginodes,punctatus,4,37330001,Lacey01R_Mar2015.avi,91904,30.6347,DColella,21,,Posidonia; Dense,60,,,,No
ISLO01_1503,Myliobatidae,Myliobatis,tenuicaudatus,2,37039001,Lacey01R_Mar2015.avi,137758,45.9193,DColella,21,,Posidonia; Dense,60,,,,No
ISLO02_1503,Labridae,Notolabrus,parilus,1,37384022,Lacey02R_Mar2015.avi,151058,50.3527,DColella,24,,Reef; Ecklonia; Profile,60,,,,No
ISLO02_1503,Scorpididae,Neatypus,obliquus,1,37361002,Lacey02R_Mar2015.avi,180691,60.2303,DColella,24,,Reef; Ecklonia; Profile,60,,,,No
ISLO02_1503,Odacidae,Olisthops,cyanomelas,2,37385001,Lacey02R_Mar2015.avi,21912,7.304,DColella,24,,Reef; Ecklonia; Profile,60,,,,No
ISLO02_1503,Labridae,Pictilabrus,laticlavius,3,37384020,Lacey02R_Mar2015.avi,36475,12.1583,DColella,24,,Reef; Ecklonia; Profile,60,,,,Yes
ISLO02_1503,Labridae,Notolabrus,tetricus,4,37384003,Lacey02R_Mar2015.avi,157292,52.4307,DColella,24,,Reef; Ecklonia; Profile,60,,,,No
ISLO02_1503,Myliobatidae,Myliobatis,tenuicaudatus,1,37039001,Lacey02R_Mar2015.avi,107383,35.7943,DColella,24,,Reef; Ecklonia; Profile,60,,,,No
ISLO02_1503,Monacanthidae,Meuschenia,hippocrepis,3,37465004,Lacey02R_Mar2015.avi,67244,22.4147,DColella,24,,Reef; Ecklonia; Profile,60,,,,No
ISLO02_1503,Monacanthidae,Meuschenia,galii,1,37465040,Lacey02R_Mar2015.avi,102264,34.088,DColella,24,,Reef; Ecklonia; Profile,60,,,,No
ISLO02_1503,Monacanthidae,Meuschenia,freycineti,1,37465036,Lacey02R_Mar2015.avi,55123,18.3743,DColella,24,,Reef; Ecklonia; Profile,60,,,,No
ISLO02_1503,Cheilodactylidae,Cheilodactylus,nigripes,1,37377001,Lacey02R_Mar2015.avi,8087,2.6957,DColella,24,,Reef; Ecklonia; Profile,60,,,,No
ISLO02_1503,Serranidae,Caesioperca,rasor,2,37311003,Lacey02R_Mar2015.avi,53516,17.8387,DColella,24,,Reef; Ecklonia; Profile,60,,,,No
ISLO02_1503,Labridae,Ophthalmolepis,lineolatus,8,37384040,Lacey02R_Mar2015.avi,167526,55.842,DColella,24,,Reef; Ecklonia; Profile,60,,,,No
ISLO03_1503,Labridae,Ophthalmolepis,lineolatus,8,37384040,Lacey03R_Mar2015.avi,94037,31.3457,DColella,24,,Reef;Sand; Transition,60,,,,No
ISLO03_1503,Mullidae,Upeneichthys,vlamingii,2,37355029,Lacey03R_Mar2015.avi,40939,13.6463,DColella,24,,Reef;Sand; Transition,60,,,,No
ISLO03_1503,Labridae,Austrolabrus,maculatus,1,37384025,Lacey03R_Mar2015.avi,17262,5.754,DColella,24,,Reef;Sand; Transition,60,,,,No
ISLO03_1503,Serranidae,Caesioperca,rasor,9,37311003,Lacey03R_Mar2015.avi,32454,10.818,DColella,24,,Reef;Sand; Transition,60,,,,No
ISLO03_1503,Aulopidae,Latropiscis,purpurissatus,2,37117001,Lacey03R_Mar2015.avi,123660,41.22,DColella,24,,Reef;Sand; Transition,60,,,,No
ISLO03_1503,Myliobatidae,Myliobatis,tenuicaudatus,3,37039001,Lacey03R_Mar2015.avi,156779,52.2597,DColella,24,,Reef;Sand; Transition,60,,,,Yes
ISLO03_1503,Scorpididae,Neatypus,obliquus,1,37361002,Lacey03R_Mar2015.avi,95570,31.8567,DColella,24,,Reef;Sand; Transition,60,,,,No
ISLO03_1503,Labridae,Notolabrus,parilus,2,37384022,Lacey03R_Mar2015.avi,18430,6.1433,DColella,24,,Reef;Sand; Transition,60,,,,No
ISLO03_1503,Carangidae,Pseudocaranx,sp,19,37337924,Lacey03R_Mar2015.avi,59452,19.8173,DColella,24,,Reef;Sand; Transition,60,,,,No
ISMI01_1503,Labridae,Pictilabrus,laticlavius,2,37384020,Mas01R.avi,169511,56.5037,DColella,20,,Reef; Mixedalgal; Profile,60,,,,No
ISMI01_1503,Kyphosidae,Kyphosus,sydneyanus,1,37361001,Mas01R.avi,93161,31.0537,DColella,20,,Reef; Mixedalgal; Profile,60,,,,No
ISMI01_1503,Labridae,Achoerodus,gouldii,1,37384002,Mas01R.avi,23242,7.7473,DColella,20,,Reef; Mixedalgal; Profile,60,,,,No
ISMI01_1503,Labridae,Austrolabrus,maculatus,1,37384025,Mas01R.avi,22075,7.3583,DColella,20,,Reef; Mixedalgal; Profile,60,,,,No
ISMI01_1503,Serranidae,Caesioperca,rasor,2,37311003,Mas01R.avi,48630,16.21,DColella,20,,Reef; Mixedalgal; Profile,60,,,,No
ISMI01_1503,Cheilodactylidae,Cheilodactylus,nigripes,2,37377001,Mas01R.avi,152162,50.7207,DColella,20,,Reef; Mixedalgal; Profile,60,,,,No
ISMI01_1503,Dasyatidae,Dasyatis,brevicaudata,1,37035001,Mas01R.avi,180507,60.169,DColella,20,,Reef; Mixedalgal; Profile,60,,,,Yes
ISMI01_1503,Dinolestidae,Dinolestes,lewini,17,37327002,Mas01R.avi,134580,44.86,DColella,20,,Reef; Mixedalgal; Profile,60,,,,No
ISMI01_1503,Enoplosidae,Enoplosus,armatus,1,37366001,Mas01R.avi,24908,8.3027,DColella,20,,Reef; Mixedalgal; Profile,60,,,,No
ISMI01_1503,Mullidae,Upeneichthys,vlamingii,1,37355029,Mas01R.avi,103522,34.5073,DColella,20,,Reef; Mixedalgal; Profile,60,,,,No
ISMI01_1503,Heterodontidae,Heterodontus,portusjacksoni,1,37007001,Mas01R.avi,208853,69.6177,DColella,20,,Reef; Mixedalgal; Profile,60,,,,No
ISMI01_1503,Scorpididae,Tilodon,sexfasciatus,1,37361003,Mas01R.avi,48541,16.1803,DColella,20,,Reef; Mixedalgal; Profile,60,,,,No
ISMI01_1503,Monacanthidae,Meuschenia,galii,1,37465040,Mas01R.avi,33507,11.169,DColella,20,,Reef; Mixedalgal; Profile,60,,,,No
ISMI01_1503,Monacanthidae,Meuschenia,hippocrepis,3,37465004,Mas01R.avi,36339,12.113,DColella,20,,Reef; Mixedalgal; Profile,60,,,,Yes
ISMI01_1503,Myliobatidae,Myliobatis,tenuicaudatus,1,37039001,Mas01R.avi,44012,14.6707,DColella,20,,Reef; Mixedalgal; Profile,60,,,,No
ISMI01_1503,Scorpididae,Neatypus,obliquus,2,37361002,Mas01R.avi,184291,61.4303,DColella,20,,Reef; Mixedalgal; Profile,60,,,,No
ISMI01_1503,Labridae,Notolabrus,parilus,1,37384022,Mas01R.avi,135080,45.0267,DColella,20,,Reef; Mixedalgal; Profile,60,,,,No
ISMI01_1503,Labridae,Notolabrus,tetricus,2,37384003,Mas01R.avi,26890,8.9633,DColella,20,,Reef; Mixedalgal; Profile,60,,,,No
ISMI01_1503,Odacidae,Olisthops,cyanomelas,2,37385001,Mas01R.avi,21412,7.1373,DColella,20,,Reef; Mixedalgal; Profile,60,,,,No
ISMI01_1503,Labridae,Ophthalmolepis,lineolatus,25,37384040,Mas01R.avi,99825,33.275,DColella,20,,Reef; Mixedalgal; Profile,60,,,,No
ISMI02_1503,Monacanthidae,Meuschenia,galii,1,37465040,Mas02R.avi,20209,6.7363,DColella,18,,Reef; Mixed algal; Profile,60,,,,No
ISMI02_1503,Scorpididae,Tilodon,sexfasciatus,4,37361003,Mas02R.avi,124972,41.6573,DColella,18,,Reef; Mixed algal; Profile,60,,,,No
ISMI02_1503,Heterodontidae,Heterodontus,portusjacksoni,1,37007001,Mas02R.avi,122278,40.7593,DColella,18,,Reef; Mixed algal; Profile,60,,,,No
ISMI02_1503,Monacanthidae,Meuschenia,freycineti,2,37465036,Mas02R.avi,78754,26.2513,DColella,18,,Reef; Mixed algal; Profile,60,,,,Yes
ISMI02_1503,Labridae,Achoerodus,gouldii,2,37384002,Mas02R.avi,29789,9.9297,DColella,18,,Reef; Mixed algal; Profile,60,,,,No
ISMI02_1503,Scorpididae,Scorpis,aequipinnis,25,37361004,Mas02R.avi,15626,5.2087,DColella,18,,Reef; Mixed algal; Profile,60,,,,No
ISMI02_1503,Enoplosidae,Enoplosus,armatus,7,37366001,Mas02R.avi,158864,52.9547,DColella,18,,Reef; Mixed algal; Profile,60,,,,No
ISMI02_1503,Myliobatidae,Myliobatis,tenuicaudatus,1,37039001,Mas02R.avi,137406,45.802,DColella,18,,Reef; Mixed algal; Profile,60,,,,No
ISMI02_1503,Berycidae,Centroberyx,gerrardi,1,37258004,Mas02R.avi,61448,20.4827,DColella,18,,Reef; Mixed algal; Profile,60,,,,No
ISMI02_1503,Kyphosidae,Girella,zebra,6,37361008,Mas02R.avi,12867,4.289,DColella,18,,Reef; Mixed algal; Profile,60,,,,No
ISMI02_1503,Cheilodactylidae,Cheilodactylus,nigripes,2,37377001,Mas02R.avi,12436,4.1453,DColella,18,,Reef; Mixed algal; Profile,60,,,,No
ISMI02_1503,Labridae,Ophthalmolepis,lineolatus,26,37384040,Mas02R.avi,54358,18.1193,DColella,18,,Reef; Mixed algal; Profile,60,,,,No
ISMI02_1503,Odacidae,Olisthops,cyanomelas,1,37385001,Mas02R.avi,123885,41.295,DColella,18,,Reef; Mixed algal; Profile,60,,,,No
ISMI02_1503,Labridae,Notolabrus,tetricus,1,37384003,Mas02R.avi,13489,4.4963,DColella,18,,Reef; Mixed algal; Profile,60,,,,No
ISMI02_1503,Labridae,Pictilabrus,laticlavius,2,37384020,Mas02R.avi,27968,9.3227,DColella,18,,Reef; Mixed algal; Profile,60,,,,No
ISMI02_1503,Cheilodactylidae,Nemadactylus,valenciennesi,1,37377004,Mas02R.avi,16931,5.6437,DColella,18,,Reef; Mixed algal; Profile,60,,,,No
ISMI02_1503,Monacanthidae,Meuschenia,hippocrepis,4,37465004,Mas02R.avi,101021,33.6737,DColella,18,,Reef; Mixed algal; Profile,60,,,,No
ISMI02_1503,Dinolestidae,Dinolestes,lewini,12,37327002,Mas02R.avi,93892,31.2973,DColella,18,,Reef; Mixed algal; Profile,60,,,,No
ISMI02_1503,Chaetodontidae,Chelmonops,curiosus,1,37365066,Mas02R.avi,28163,9.3877,DColella,18,,Reef; Mixed algal; Profile,60,,,,No
ISMI02_1503,Carangidae,Pseudocaranx,sp,3,37337924,Mas02R.avi,158864,52.9547,DColella,18,,Reef; Mixed algal; Profile,60,,,,No
ISMI02_1503,Serranidae,Caesioperca,rasor,4,37311003,Mas02R.avi,43549,14.5163,DColella,18,,Reef; Mixed algal; Profile,60,,,,No
ISMI03_1503,Gerreidae,Parequula,melbournensis,2,37349001,Mas03R.avi,28362,9.454,DColella,18,,Posidonia and amphibolis; Sparse,60,,,,No
ISMI03_1503,Monacanthidae,Acanthaluteres,vittiger,1,37465002,Mas03R.avi,99133,33.0443,DColella,18,,Posidonia and amphibolis; Sparse,60,,,,Yes
ISMI03_1503,Arripidae,Arripis,georgianus,2,37344001,Mas03R.avi,88889,29.6297,DColella,18,,Posidonia and amphibolis; Sparse,60,,,,No
ISMI03_1503,Monacanthidae,Meuschenia,freycineti,1,37465036,Mas03R.avi,259398,86.466,DColella,18,,Posidonia and amphibolis; Sparse,60,,,,No
ISMI03_1503,Myliobatidae,Myliobatis,tenuicaudatus,2,37039001,Mas03R.avi,175306,58.4353,DColella,18,,Posidonia and amphibolis; Sparse,60,,,,Yes
ISMI03_1503,Labridae,Ophthalmolepis,lineolatus,15,37384040,Mas03R.avi,136948,45.6493,DColella,18,,Posidonia and amphibolis; Sparse,60,,,,No
ISMI03_1503,Loliginidae,Sepioteuthis,australis,1,23617005,Mas03R.avi,116391,38.797,DColella,18,,Posidonia and amphibolis; Sparse,60,,,,No
ISMI03_1503,Carangidae,Seriola,hippos,2,37337007,Mas03R.avi,157267,52.4223,DColella,18,,Posidonia and amphibolis; Sparse,60,,,,No
ISMI03_1503,Carangidae,Seriola,lalandi,1,37337006,Mas03R.avi,150240,50.08,DColella,18,,Posidonia and amphibolis; Sparse,60,,,,No
ISMI03_1503,Sillaginidae,Sillaginodes,punctatus,3,37330001,Mas03R.avi,47130,15.71,DColella,18,,Posidonia and amphibolis; Sparse,60,,,,No
ISMI03_1503,Mullidae,Upeneichthys,vlamingii,3,37355029,Mas03R.avi,19408,6.4693,DColella,18,,Posidonia and amphibolis; Sparse,60,,,,No
ISMI03_1503,Labridae,Notolabrus,parilus,2,37384022,Mas03R.avi,36494,12.1647,DColella,18,,Posidonia and amphibolis; Sparse,60,,,,No
ISMI04_1503,Tetraodontidae,Omegophora,cyanopunctata,1,37467048,Mas04R.avi,29012,9.6707,DColella,16,,Posidonia; Dense,60,,,,No
ISMI04_1503,Mullidae,Upeneichthys,vlamingii,2,37355029,Mas04R.avi,29654,9.8847,DColella,16,,Posidonia; Dense,60,,,,No
ISMI04_1503,Sillaginidae,Sillaginodes,punctatus,3,37330001,Mas04R.avi,21123,7.041,DColella,16,,Posidonia; Dense,60,,,,No
ISMI04_1503,Labridae,Ophthalmolepis,lineolatus,17,37384040,Mas04R.avi,42764,14.2547,DColella,16,,Posidonia; Dense,60,,,,No
ISMI04_1503,Labridae,Notolabrus,parilus,2,37384022,Mas04R.avi,27143,9.0477,DColella,16,,Posidonia; Dense,60,,,,No
ISMI04_1503,Myliobatidae,Myliobatis,tenuicaudatus,1,37039001,Mas04R.avi,195346,65.1153,DColella,16,,Posidonia; Dense,60,,,,No
ISMI04_1503,Monacanthidae,Meuschenia,freycineti,2,37465036,Mas04R.avi,48581,16.1937,DColella,16,,Posidonia; Dense,60,,,,No
ISMI04_1503,Enoplosidae,Enoplosus,armatus,2,37366001,Mas04R.avi,35608,11.8693,DColella,16,,Posidonia; Dense,60,,,,No
ISMI04_1503,Arripidae,Arripis,georgianus,4,37344001,Mas04R.avi,175012,58.3373,DColella,16,,Posidonia; Dense,60,,,,No
ISMI04_1503,Monacanthidae,Acanthaluteres,vittiger,4,37465002,Mas04R.avi,56059,18.6863,DColella,16,,Posidonia; Dense,60,,,,No
ISMI04_1503,Gerreidae,Parequula,melbournensis,1,37349001,Mas04R.avi,63626,21.2087,DColella,16,,Posidonia; Dense,60,,,,No
ISPI01_1503,Arripidae,Arripis,georgianus,6,37344001,PetrelCove01R_Mar2015.avi,168096,56.032,DColella,18,surgy,Posidonia (epiphytes); Medium,77,,,,No
ISPI01_1503,Mullidae,Upeneichthys,vlamingii,1,37355029,PetrelCove01R_Mar2015.avi,40575,13.525,DColella,18,surgy,Posidonia (epiphytes); Medium,77,,,,No
ISPI01_1503,Rhinobatidae,Trygonorrhina,dumerilii,1,37027011,PetrelCove01R_Mar2015.avi,85469,28.4897,DColella,18,surgy,Posidonia (epiphytes); Medium,77,,,,No
ISPI01_1503,Sillaginidae,Sillaginodes,punctatus,4,37330001,PetrelCove01R_Mar2015.avi,68869,22.9563,DColella,18,surgy,Posidonia (epiphytes); Medium,77,,,,No
ISPI01_1503,Loliginidae,Sepioteuthis,australis,1,23617005,PetrelCove01R_Mar2015.avi,37268,12.4227,DColella,18,surgy,Posidonia (epiphytes); Medium,77,,,,No
ISPI01_1503,Gerreidae,Parequula,melbournensis,2,37349001,PetrelCove01R_Mar2015.avi,36607,12.2023,DColella,18,surgy,Posidonia (epiphytes); Medium,77,,,,No
ISPI01_1503,Labridae,Notolabrus,parilus,1,37384022,PetrelCove01R_Mar2015.avi,30311,10.1037,DColella,18,surgy,Posidonia (epiphytes); Medium,77,,,,No
ISPI01_1503,Myliobatidae,Myliobatis,tenuicaudatus,1,37039001,PetrelCove01R_Mar2015.avi,132289,44.0963,DColella,18,surgy,Posidonia (epiphytes); Medium,77,,,,No
ISPI01_1503,Monacanthidae,Meuschenia,freycineti,4,37465036,PetrelCove01R_Mar2015.avi,120009,40.003,DColella,18,surgy,Posidonia (epiphytes); Medium,77,,,,Yes
ISPI01_1503,Enoplosidae,Enoplosus,armatus,1,37366001,PetrelCove01R_Mar2015.avi,56688,18.896,DColella,18,surgy,Posidonia (epiphytes); Medium,77,,,,No
ISPI01_1503,Monacanthidae,Acanthaluteres,vittiger,10,37465002,PetrelCove01R_Mar2015.avi,41355,13.785,DColella,18,surgy,Posidonia (epiphytes); Medium,77,,,,No
ISPI01_1503,Heterodontidae,Heterodontus,portusjacksoni,2,37007001,PetrelCove01R_Mar2015.avi,107086,35.6953,DColella,18,surgy,Posidonia (epiphytes); Medium,77,,,,No
ISPI02_1503,Carangidae,Pseudocaranx,sp,1,37337924,PetrelCove02R_Mar2015.avi,171216,57.072,DColella,18,bad vis about 3m,Posidonia and algae; Medium,60,,,,No
ISPI02_1503,Monacanthidae,Scobinichthys,granulatus,1,37465007,PetrelCove02R_Mar2015.avi,26682,8.894,DColella,18,bad vis about 3m,Posidonia and algae; Medium,60,,,,No
ISPI02_1503,Sillaginidae,Sillaginodes,punctatus,2,37330001,PetrelCove02R_Mar2015.avi,105748,35.2493,DColella,18,bad vis about 3m,Posidonia and algae; Medium,60,,,,No
ISPI02_1503,Mullidae,Upeneichthys,vlamingii,1,37355029,PetrelCove02R_Mar2015.avi,25606,8.5353,DColella,18,bad vis about 3m,Posidonia and algae; Medium,60,,,,No
ISPI02_1503,Odacidae,Siphonognathus,sp,1,37385905,PetrelCove02R_Mar2015.avi,47955,15.985,DColella,18,bad vis about 3m,Posidonia and algae; Medium,60,,,,No
ISPI02_1503,Gerreidae,Parequula,melbournensis,3,37349001,PetrelCove02R_Mar2015.avi,30844,10.2813,DColella,18,bad vis about 3m,Posidonia and algae; Medium,60,,,,No
ISPI02_1503,Labridae,Notolabrus,parilus,1,37384022,PetrelCove02R_Mar2015.avi,25321,8.4403,DColella,18,bad vis about 3m,Posidonia and algae; Medium,60,,,,No
ISPI02_1503,Myliobatidae,Myliobatis,tenuicaudatus,1,37039001,PetrelCove02R_Mar2015.avi,138304,46.1013,DColella,18,bad vis about 3m,Posidonia and algae; Medium,60,,,,No
ISPI02_1503,Monacanthidae,Meuschenia,freycineti,5,37465036,PetrelCove02R_Mar2015.avi,183702,61.234,DColella,18,bad vis about 3m,Posidonia and algae; Medium,60,,,,No
ISPI02_1503,Heterodontidae,Heterodontus,portusjacksoni,3,37007001,PetrelCove02R_Mar2015.avi,135347,45.1157,DColella,18,bad vis about 3m,Posidonia and algae; Medium,60,,,,No
ISPI02_1503,Monacanthidae,Acanthaluteres,vittiger,10,37465002,PetrelCove02R_Mar2015.avi,34720,11.5733,DColella,18,bad vis about 3m,Posidonia and algae; Medium,60,,,,Yes
ISPI02_1503,Rhinobatidae,Trygonorrhina,dumerilii,1,37027011,PetrelCove02R_Mar2015.avi,95916,31.972,DColella,18,bad vis about 3m,Posidonia and algae; Medium,60,,,,No
ISPI03_1503,Labridae,Notolabrus,parilus,1,37384022,PetrelCove03R_Mar2015.avi,58499,19.4997,DColella,16,"surgy, murky, vis about 3m",Posidonia (epiphytes); Medium,,,,,No
ISPI03_1503,Monacanthidae,Meuschenia,freycineti,3,37465036,PetrelCove03R_Mar2015.avi,202803,67.601,DColella,16,"surgy, murky, vis about 3m",Posidonia (epiphytes); Medium,,,,,Yes
ISPI03_1503,Monacanthidae,Acanthaluteres,spilomelanurus,1,37465043,PetrelCove03R_Mar2015.avi,136570,45.5233,DColella,16,"surgy, murky, vis about 3m",Posidonia (epiphytes); Medium,,,,,No
ISPI03_1503,Monacanthidae,Acanthaluteres,vittiger,6,37465002,PetrelCove03R_Mar2015.avi,217714,72.5713,DColella,16,"surgy, murky, vis about 3m",Posidonia (epiphytes); Medium,,,,,No
ISPI03_1503,Heterodontidae,Heterodontus,portusjacksoni,2,37007001,PetrelCove03R_Mar2015.avi,99094,33.0313,DColella,16,"surgy, murky, vis about 3m",Posidonia (epiphytes); Medium,,,,,Yes
ISPI03_1503,Monacanthidae,Scobinichthys,granulatus,1,37465007,PetrelCove03R_Mar2015.avi,98852,32.9507,DColella,16,"surgy, murky, vis about 3m",Posidonia (epiphytes); Medium,,,,,Yes
ISPI03_1503,Gerreidae,Parequula,melbournensis,3,37349001,PetrelCove03R_Mar2015.avi,34710,11.57,DColella,16,"surgy, murky, vis about 3m",Posidonia (epiphytes); Medium,,,,,No
ISPI03_1503,Sillaginidae,Sillaginodes,punctatus,2,37330001,PetrelCove03R_Mar2015.avi,82604,27.5347,DColella,16,"surgy, murky, vis about 3m",Posidonia (epiphytes); Medium,,,,,No
ISPI03_1503,Sphyraenidae,Sphyraena,novaehollandiae,1,37382002,PetrelCove03R_Mar2015.avi,46519,15.5063,DColella,16,"surgy, murky, vis about 3m",Posidonia (epiphytes); Medium,,,,,No
ISPI03_1503,Rhinobatidae,Trygonorrhina,dumerilii,1,37027011,PetrelCove03R_Mar2015.avi,125131,41.7103,DColella,16,"surgy, murky, vis about 3m",Posidonia (epiphytes); Medium,,,,,No
ISPI03_1503,Carangidae,Pseudocaranx,sp,7,37337924,PetrelCove03R_Mar2015.avi,168390,56.13,DColella,16,"surgy, murky, vis about 3m",Posidonia (epiphytes); Medium,,,,,No
ISPI03_1503,Mullidae,Upeneichthys,vlamingii,1,37355029,PetrelCove03R_Mar2015.avi,40338,13.446,DColella,16,"surgy, murky, vis about 3m",Posidonia (epiphytes); Medium,,,,,No
ISPI04_1503,Enoplosidae,Enoplosus,armatus,1,37366001,PetrelCove04Rs_Mar2015.avi,92714,51.5593,DColella,16,,Posidonia(ang/sin); Dense,91,,,,No
ISPI04_1503,Sillaginidae,Sillaginodes,punctatus,1,37330001,PetrelCove04Rs_Mar2015.avi,91835,51.0705,DColella,16,,Posidonia(ang/sin); Dense,91,,,,No
ISPI04_1503,Mullidae,Upeneichthys,vlamingii,1,37355029,PetrelCove04Rs_Mar2015.avi,56610,31.4815,DColella,16,,Posidonia(ang/sin); Dense,91,,,,No
ISPI04_1503,Monacanthidae,Acanthaluteres,vittiger,19,37465002,PetrelCove04Rs_Mar2015.avi,58192,32.3613,DColella,16,,Posidonia(ang/sin); Dense,91,,,,No
ISPI04_1503,Heterodontidae,Heterodontus,portusjacksoni,1,37007001,PetrelCove04Rs_Mar2015.avi,93380,51.9297,DColella,16,,Posidonia(ang/sin); Dense,91,,,,No
ISPI04_1503,Monacanthidae,Meuschenia,freycineti,3,37465036,PetrelCove04Rs_Mar2015.avi,121112,67.3518,DColella,16,,Posidonia(ang/sin); Dense,91,,,,Yes
ISPI04_1503,Labridae,Notolabrus,parilus,3,37384022,PetrelCove04Rs_Mar2015.avi,99459,55.3103,DColella,16,,Posidonia(ang/sin); Dense,91,,,,No
ISPI04_1503,Monacanthidae,Scobinichthys,granulatus,1,37465007,PetrelCove04Rs_Mar2015.avi,88612,49.2782,DColella,16,,Posidonia(ang/sin); Dense,91,,,,No
ISPI04_1503,Sphyraenidae,Sphyraena,novaehollandiae,1,37382002,PetrelCove04Rs_Mar2015.avi,26865,14.9399,DColella,16,,Posidonia(ang/sin); Dense,91,,,,No
ISPI04_1503,Monacanthidae,Acanthaluteres,spilomelanurus,1,37465043,PetrelCove04Rs_Mar2015.avi,29426,16.3641,DColella,16,,Posidonia(ang/sin); Dense,91,,,,No
ISPI04_1503,Labridae,Ophthalmolepis,lineolatus,2,37384040,PetrelCove04Rs_Mar2015.avi,93726,52.1221,DColella,16,,Posidonia(ang/sin); Dense,91,,,,No
ISRO01_1503,Labridae,Ophthalmolepis,lineolatus,10,37384040,FrankC-01R_1503.avi,124076,41.3587,DColella,20,,Reef; Ecklonia; Profile,60,2,2,2,No
ISRO01_1503,Serranidae,Caesioperca,rasor,8,37311003,FrankC-01R_1503.avi,90905,30.3017,DColella,20,,Reef; Ecklonia; Profile,60,2,2,2,No
ISRO01_1503,Cheilodactylidae,Cheilodactylus,nigripes,2,37377001,FrankC-01R_1503.avi,74543,24.8477,DColella,20,,Reef; Ecklonia; Profile,60,2,2,2,No
ISRO01_1503,Chaetodontidae,Chelmonops,curiosus,1,37365066,FrankC-01R_1503.avi,35860,11.9533,DColella,20,,Reef; Ecklonia; Profile,60,2,2,2,No
ISRO01_1503,Dinolestidae,Dinolestes,lewini,2,37327002,FrankC-01R_1503.avi,23826,7.942,DColella,20,,Reef; Ecklonia; Profile,60,2,2,2,No
ISRO01_1503,Monacanthidae,Meuschenia,flavolineata,1,37465035,FrankC-01R_1503.avi,47901,15.967,DColella,20,,Reef; Ecklonia; Profile,60,2,2,2,No
ISRO01_1503,Monacanthidae,Meuschenia,galii,1,37465040,FrankC-01R_1503.avi,38665,12.8883,DColella,20,,Reef; Ecklonia; Profile,60,2,2,2,No
ISRO01_1503,Monacanthidae,Meuschenia,hippocrepis,2,37465004,FrankC-01R_1503.avi,79895,26.6317,DColella,20,,Reef; Ecklonia; Profile,60,2,2,2,No
ISRO01_1503,Myliobatidae,Myliobatis,tenuicaudatus,1,37039001,FrankC-01R_1503.avi,176196,58.732,DColella,20,,Reef; Ecklonia; Profile,60,2,2,2,No
ISRO01_1503,Labridae,Notolabrus,parilus,1,37384022,FrankC-01R_1503.avi,133937,44.6457,DColella,20,,Reef; Ecklonia; Profile,60,2,2,2,No
ISRO01_1503,Odacidae,Olisthops,cyanomelas,1,37385001,FrankC-01R_1503.avi,20102,6.7007,DColella,20,,Reef; Ecklonia; Profile,60,2,2,2,No
ISRO01_1503,Labridae,Pictilabrus,laticlavius,2,37384020,FrankC-01R_1503.avi,53130,17.71,DColella,20,,Reef; Ecklonia; Profile,60,2,2,2,No
ISRO01_1503,Labridae,Notolabrus,tetricus,3,37384003,FrankC-01R_1503.avi,48805,16.2683,DColella,20,,Reef; Ecklonia; Profile,60,2,2,2,No
ISRO02_1503,Labridae,Notolabrus,tetricus,4,37384003,FrankC-02L_1503.avi,29961,9.987,DColella,18,Used left cam,Reef; Mixed algal; Flat,60,2,1,2,No
ISRO02_1503,Labridae,Pictilabrus,laticlavius,1,37384020,FrankC-02L_1503.avi,85249,28.4163,DColella,18,Used left cam,Reef; Mixed algal; Flat,60,2,1,2,No
ISRO02_1503,Monacanthidae,Monacanthidae,sp,1,37465903,FrankC-02L_1503.avi,50249,16.7497,DColella,18,Used left cam,Reef; Mixed algal; Flat,60,2,1,2,No
ISRO02_1503,Labridae,Ophthalmolepis,lineolatus,11,37384040,FrankC-02L_1503.avi,81468,27.156,DColella,18,Used left cam,Reef; Mixed algal; Flat,60,2,1,2,No
ISRO02_1503,Labridae,Notolabrus,parilus,1,37384022,FrankC-02L_1503.avi,83222,27.7407,DColella,18,Used left cam,Reef; Mixed algal; Flat,60,2,1,2,No
ISRO02_1503,Myliobatidae,Myliobatis,tenuicaudatus,1,37039001,FrankC-02L_1503.avi,45706,15.2353,DColella,18,Used left cam,Reef; Mixed algal; Flat,60,2,1,2,No
ISRO02_1503,Monacanthidae,Meuschenia,venusta,1,37465060,FrankC-02L_1503.avi,124554,41.518,DColella,18,Used left cam,Reef; Mixed algal; Flat,60,2,1,2,No
ISRO02_1503,Monacanthidae,Meuschenia,hippocrepis,2,37465004,FrankC-02L_1503.avi,83870,27.9567,DColella,18,Used left cam,Reef; Mixed algal; Flat,60,2,1,2,No
ISRO02_1503,Monacanthidae,Meuschenia,galii,1,37465040,FrankC-02L_1503.avi,54001,18.0003,DColella,18,Used left cam,Reef; Mixed algal; Flat,60,2,1,2,No
ISRO02_1503,Dinolestidae,Dinolestes,lewini,1,37327002,FrankC-02L_1503.avi,30776,10.2587,DColella,18,Used left cam,Reef; Mixed algal; Flat,60,2,1,2,No
ISRO02_1503,Serranidae,Caesioperca,rasor,3,37311003,FrankC-02L_1503.avi,27860,9.2867,DColella,18,Used left cam,Reef; Mixed algal; Flat,60,2,1,2,No
ISRO03_1503,Monacanthidae,Meuschenia,flavolineata,1,37465035,FrankC-03R_1503.avi,164718,54.906,DColella,16,,Reef; Fucoid; Profile,60,3,2,2,No
ISRO03_1503,Serranidae,Caesioperca,rasor,2,37311003,FrankC-03R_1503.avi,30400,10.1333,DColella,16,,Reef; Fucoid; Profile,60,3,2,2,No
ISRO03_1503,Tetrarogidae,Tetrarogidae,sp,1,37287952,FrankC-03R_1503.avi,31862,10.6207,DColella,16,,Reef; Fucoid; Profile,60,3,2,2,No
ISRO03_1503,Scorpididae,Tilodon,sexfasciatus,1,37361003,FrankC-03R_1503.avi,32004,10.668,DColella,16,,Reef; Fucoid; Profile,60,3,2,2,No
ISRO03_1503,Labridae,Pictilabrus,laticlavius,1,37384020,FrankC-03R_1503.avi,43636,14.5453,DColella,16,,Reef; Fucoid; Profile,60,3,2,2,No
ISRO03_1503,Labridae,Achoerodus,gouldii,1,37384002,FrankC-03R_1503.avi,163017,54.339,DColella,16,,Reef; Fucoid; Profile,60,3,2,2,No
ISRO03_1503,Labridae,Ophthalmolepis,lineolatus,5,37384040,FrankC-03R_1503.avi,115201,38.4003,DColella,16,,Reef; Fucoid; Profile,60,3,2,2,No
ISRO03_1503,Kyphosidae,Girella,zebra,1,37361008,FrankC-03R_1503.avi,146849,48.9497,DColella,16,,Reef; Fucoid; Profile,60,3,2,2,No
ISRO03_1503,Odacidae,Olisthops,cyanomelas,1,37385001,FrankC-03R_1503.avi,27759,9.253,DColella,16,,Reef; Fucoid; Profile,60,3,2,2,No
ISRO03_1503,Labridae,Notolabrus,tetricus,2,37384003,FrankC-03R_1503.avi,62192,20.7307,DColella,16,,Reef; Fucoid; Profile,60,3,2,2,No
ISRO03_1503,Scorpididae,Neatypus,obliquus,1,37361002,FrankC-03R_1503.avi,37667,12.5557,DColella,16,,Reef; Fucoid; Profile,60,3,2,2,No
ISRO03_1503,Monacanthidae,Meuschenia,hippocrepis,7,37465004,FrankC-03R_1503.avi,76588,25.5293,DColella,16,,Reef; Fucoid; Profile,60,3,2,2,Yes
ISRO03_1503,Monacanthidae,Meuschenia,freycineti,2,37465036,FrankC-03R_1503.avi,159070,53.0233,DColella,16,,Reef; Fucoid; Profile,60,3,2,2,No
ISRO03_1503,Cheilodactylidae,Cheilodactylus,nigripes,1,37377001,FrankC-03R_1503.avi,49787,16.5957,DColella,16,,Reef; Fucoid; Profile,60,3,2,2,No
ISRO04_1503,Labridae,Notolabrus,tetricus,3,37384003,FrankC-04R_1503.avi,26050,14.4867,DColella,15,bait ran out at 40 mins,Reef; Fucoid; Flat,60,2,1,2,No
ISRO04_1503,Carangidae,Pseudocaranx,sp,50,37337924,FrankC-04R_1503.avi,33548,18.6564,DColella,15,bait ran out at 40 mins,Reef; Fucoid; Flat,60,2,1,2,Yes
ISRO04_1503,Serranidae,Caesioperca,rasor,1,37311003,FrankC-04R_1503.avi,55954,31.1167,DColella,15,bait ran out at 40 mins,Reef; Fucoid; Flat,60,2,1,2,No
ISRO04_1503,Cheilodactylidae,Cheilodactylus,nigripes,1,37377001,FrankC-04R_1503.avi,111126,61.7985,DColella,15,bait ran out at 40 mins,Reef; Fucoid; Flat,60,2,1,2,No
ISRO04_1503,Enoplosidae,Enoplosus,armatus,2,37366001,FrankC-04R_1503.avi,81423,45.2803,DColella,15,bait ran out at 40 mins,Reef; Fucoid; Flat,60,2,1,2,No
ISRO04_1503,Monacanthidae,Meuschenia,freycineti,3,37465036,FrankC-04R_1503.avi,86999,48.3812,DColella,15,bait ran out at 40 mins,Reef; Fucoid; Flat,60,2,1,2,Yes
ISRO04_1503,Monacanthidae,Meuschenia,galii,1,37465040,FrankC-04R_1503.avi,80025,44.5028,DColella,15,bait ran out at 40 mins,Reef; Fucoid; Flat,60,2,1,2,No
ISRO04_1503,Monacanthidae,Meuschenia,hippocrepis,5,37465004,FrankC-04R_1503.avi,79821,44.3894,DColella,15,bait ran out at 40 mins,Reef; Fucoid; Flat,60,2,1,2,No
ISRO04_1503,Scorpididae,Tilodon,sexfasciatus,1,37361003,FrankC-04R_1503.avi,106281,59.1041,DColella,15,bait ran out at 40 mins,Reef; Fucoid; Flat,60,2,1,2,No
ISRO04_1503,Labridae,Ophthalmolepis,lineolatus,20,37384040,FrankC-04R_1503.avi,68966,38.3528,DColella,15,bait ran out at 40 mins,Reef; Fucoid; Flat,60,2,1,2,No
ISRO04_1503,Labridae,Pictilabrus,laticlavius,1,37384020,FrankC-04R_1503.avi,22061,12.2684,DColella,15,bait ran out at 40 mins,Reef; Fucoid; Flat,60,2,1,2,No
ISRO04_1503,Pomacentridae,Parma,victoriae,1,37372006,FrankC-04R_1503.avi,93126,51.7885,DColella,15,bait ran out at 40 mins,Reef; Fucoid; Flat,60,2,1,2,No
ISRO04_1503,Odacidae,Olisthops,cyanomelas,1,37385001,FrankC-04R_1503.avi,17910,9.96,DColella,15,bait ran out at 40 mins,Reef; Fucoid; Flat,60,2,1,2,No
ISSI01_1503,Triakidae,Galeorhinus,galeus,1,37017008,StFrancis01R_Mar2015.avi,209469,69.823,DColella,20,,Seagrass; Sand; Transition,60,,,,No
ISSI01_1503,Monacanthidae,Meuschenia,scaber,1,37465005,StFrancis01R_Mar2015.avi,187006,62.3353,DColella,20,,Seagrass; Sand; Transition,60,,,,No
ISSI01_1503,Myliobatidae,Myliobatis,tenuicaudatus,2,37039001,StFrancis01R_Mar2015.avi,181287,60.429,DColella,20,,Seagrass; Sand; Transition,60,,,,No
ISSI01_1503,Labridae,Notolabrus,parilus,3,37384022,StFrancis01R_Mar2015.avi,70896,23.632,DColella,20,,Seagrass; Sand; Transition,60,,,,No
ISSI01_1503,Labridae,Ophthalmolepis,lineolatus,9,37384040,StFrancis01R_Mar2015.avi,134704,44.9013,DColella,20,,Seagrass; Sand; Transition,60,,,,No
ISSI01_1503,Gerreidae,Parequula,melbournensis,3,37349001,StFrancis01R_Mar2015.avi,95448,31.816,DColella,20,,Seagrass; Sand; Transition,60,,,,No
ISSI01_1503,Platycephalidae,Platycephalus,sp,1,37296913,StFrancis01R_Mar2015.avi,107301,35.767,DColella,20,,Seagrass; Sand; Transition,60,,,,No
ISSI01_1503,Sillaginidae,Sillaginodes,punctatus,2,37330001,StFrancis01R_Mar2015.avi,102608,34.2027,DColella,20,,Seagrass; Sand; Transition,60,,,,No
ISSI01_1503,Mullidae,Upeneichthys,vlamingii,1,37355029,StFrancis01R_Mar2015.avi,58552,19.5173,DColella,20,,Seagrass; Sand; Transition,60,,,,No
ISSI01_1503,Sillaginidae,Sillago,bassensis,1,37330002,StFrancis01R_Mar2015.avi,108298,36.0993,DColella,20,,Seagrass; Sand; Transition,60,,,,No
ISSI02_1503,Monacanthidae,Acanthaluteres,vittiger,10,37465002,StFrancis02R_Mar2015.avi,75287,25.0957,DColella,17,,Seagrass; Dense,60,,,,Yes
ISSI02_1503,Dasyatidae,Dasyatis,brevicaudata,1,37035001,StFrancis02R_Mar2015.avi,112335,37.445,DColella,17,,Seagrass; Dense,60,,,,Yes
ISSI02_1503,Enoplosidae,Enoplosus,armatus,2,37366001,StFrancis02R_Mar2015.avi,35515,11.8383,DColella,17,,Seagrass; Dense,60,,,,No
ISSI02_1503,Monacanthidae,Meuschenia,freycineti,2,37465036,StFrancis02R_Mar2015.avi,84297,28.099,DColella,17,,Seagrass; Dense,60,,,,No
ISSI02_1503,Gerreidae,Parequula,melbournensis,2,37349001,StFrancis02R_Mar2015.avi,31639,10.5463,DColella,17,,Seagrass; Dense,60,,,,No
ISSI02_1503,Sillaginidae,Sillaginodes,punctatus,2,37330001,StFrancis02R_Mar2015.avi,99612,33.204,DColella,17,,Seagrass; Dense,60,,,,No
ISSI02_1503,Myliobatidae,Myliobatis,tenuicaudatus,1,37039001,StFrancis02R_Mar2015.avi,53639,17.8797,DColella,17,,Seagrass; Dense,60,,,,No
ISSI02_1503,Labridae,Ophthalmolepis,lineolatus,5,37384040,StFrancis02R_Mar2015.avi,100733,33.5777,DColella,17,,Seagrass; Dense,60,,,,No
ISSI02_1503,Odacidae,Olisthops,cyanomelas,1,37385001,StFrancis02R_Mar2015.avi,52905,17.635,DColella,17,,Seagrass; Dense,60,,,,No
ISSI02_1503,Labridae,Notolabrus,parilus,2,37384022,StFrancis02R_Mar2015.avi,59330,19.7767,DColella,17,,Seagrass; Dense,60,,,,No
ISSI02_1503,Sphyraenidae,Sphyraena,forsteri,2,37382005,StFrancis02R_Mar2015.avi,21089,7.0297,DColella,17,,Seagrass; Dense,60,,,,No
ISSI03_1503,Gerreidae,Parequula,melbournensis,2,37349001,StFrancis03R_Mar2015.avi,38194,12.7313,DColella,22,,Algae; Sand; Sparse,60,,,,No
ISSI03_1503,Serranidae,Caesioperca,rasor,5,37311003,StFrancis03R_Mar2015.avi,165211,55.0703,DColella,22,,Algae; Sand; Sparse,60,,,,No
ISSI03_1503,Labridae,Achoerodus,gouldii,1,37384002,StFrancis03R_Mar2015.avi,134561,44.8537,DColella,22,,Algae; Sand; Sparse,60,,,,No
ISSI03_1503,Mullidae,Upeneichthys,vlamingii,1,37355029,StFrancis03R_Mar2015.avi,27029,9.0097,DColella,22,,Algae; Sand; Sparse,60,,,,No
ISSI03_1503,Rhinobatidae,Trygonorrhina,dumerilii,1,37027011,StFrancis03R_Mar2015.avi,83678,27.8927,DColella,22,,Algae; Sand; Sparse,60,,,,No
ISSI03_1503,Labridae,Pictilabrus,laticlavius,2,37384020,StFrancis03R_Mar2015.avi,83678,27.8927,DColella,22,,Algae; Sand; Sparse,60,,,,Yes
ISSI03_1503,Labridae,Ophthalmolepis,lineolatus,3,37384040,StFrancis03R_Mar2015.avi,33105,11.035,DColella,22,,Algae; Sand; Sparse,60,,,,No
ISSI03_1503,Labridae,Notolabrus,tetricus,5,37384003,StFrancis03R_Mar2015.avi,60976,20.3253,DColella,22,,Algae; Sand; Sparse,60,,,,Yes
ISSI03_1503,Labridae,Notolabrus,parilus,1,37384022,StFrancis03R_Mar2015.avi,20329,6.7763,DColella,22,,Algae; Sand; Sparse,60,,,,No
ISSI03_1503,Chironemidae,Chironemus,maculosus,1,37375002,StFrancis03R_Mar2015.avi,91275,30.425,DColella,22,,Algae; Sand; Sparse,60,,,,No
ISSI03_1503,Monacanthidae,Meuschenia,galii,1,37465040,StFrancis03R_Mar2015.avi,82454,27.4847,DColella,22,,Algae; Sand; Sparse,60,,,,Yes
ISSI03_1503,Monacanthidae,Meuschenia,freycineti,1,37465036,StFrancis03R_Mar2015.avi,179027,59.6757,DColella,22,,Algae; Sand; Sparse,60,,,,No
ISSI03_1503,Heterodontidae,Heterodontus,portusjacksoni,1,37007001,StFrancis03R_Mar2015.avi,52892,17.6307,DColella,22,,Algae; Sand; Sparse,60,,,,Yes
ISSI03_1503,Dasyatidae,Dasyatis,brevicaudata,1,37035001,StFrancis03R_Mar2015.avi,20243,6.7477,DColella,22,,Algae; Sand; Sparse,60,,,,No
ISSI03_1503,Cheilodactylidae,Dactylophora,nigricans,1,37377005,StFrancis03R_Mar2015.avi,87521,29.1737,DColella,22,,Algae; Sand; Sparse,60,,,,No
ISSI03_1503,Scorpididae,Neatypus,obliquus,4,37361002,StFrancis03R_Mar2015.avi,158352,52.784,DColella,22,,Algae; Sand; Sparse,60,,,,No
ISSI03_1503,Platycephalidae,Platycephalus,speculator,1,37296037,StFrancis03R_Mar2015.avi,91500,30.5,DColella,22,,Algae; Sand; Sparse,60,,,,No
ISSI03_1503,Labridae,Austrolabrus,maculatus,1,37384025,StFrancis03R_Mar2015.avi,98774,32.9247,DColella,22,,Algae; Sand; Sparse,60,,,,No
ISSI04_1503,Labridae,Notolabrus,parilus,1,37384022,StFrancis04R_Mar2015.avi,13741,4.5803,DColella,15,,Reef; Fucoid: Flat,60,,,,No
ISSI04_1503,Labridae,Notolabrus,tetricus,5,37384003,StFrancis04R_Mar2015.avi,64825,21.6083,DColella,15,,Reef; Fucoid: Flat,60,,,,Yes
ISSI04_1503,Odacidae,Olisthops,cyanomelas,1,37385001,StFrancis04R_Mar2015.avi,28388,9.4627,DColella,15,,Reef; Fucoid: Flat,60,,,,No
ISSI04_1503,Gerreidae,Parequula,melbournensis,1,37349001,StFrancis04R_Mar2015.avi,29916,9.972,DColella,15,,Reef; Fucoid: Flat,60,,,,No
ISSI04_1503,Aulopidae,Latropiscis ,purpurissatus,1,37117001,StFrancis04R_Mar2015.avi,34603,11.5343,DColella,15,,Reef; Fucoid: Flat,60,,,,No
ISSI04_1503,Labridae,Pictilabrus,laticlavius,2,37384020,StFrancis04R_Mar2015.avi,43521,14.507,DColella,15,,Reef; Fucoid: Flat,60,,,,No
ISSI04_1503,Scorpididae,Scorpis,aequipinnis,1,37361004,StFrancis04R_Mar2015.avi,69055,23.0183,DColella,15,,Reef; Fucoid: Flat,60,,,,No
ISSI04_1503,Cheilodactylidae,Nemadactylus,valenciennesi,1,37377004,StFrancis04R_Mar2015.avi,60711,20.237,DColella,15,,Reef; Fucoid: Flat,60,,,,No
ISSI04_1503,Cheilodactylidae,Dactylophora,nigricans,1,37377005,StFrancis04R_Mar2015.avi,12595,4.1983,DColella,15,,Reef; Fucoid: Flat,60,,,,No
ISSI04_1503,Carangidae,Pseudocaranx,wrighti,6,37337063,StFrancis04R_Mar2015.avi,96980,32.3267,DColella,15,,Reef; Fucoid: Flat,60,,,,No
ISSI04_1503,Monacanthidae,Acanthaluteres,vittiger,4,37465002,StFrancis04R_Mar2015.avi,15066,5.022,DColella,15,,Reef; Fucoid: Flat,60,,,,No
ISSI04_1503,Triakidae,Mustelus,antarcticus,1,37017001,StFrancis04R_Mar2015.avi,33227,11.0757,DColella,15,,Reef; Fucoid: Flat,60,,,,No
ISSI04_1503,Monacanthidae,Meuschenia,hippocrepis,2,37465004,StFrancis04R_Mar2015.avi,186956,62.3187,DColella,15,,Reef; Fucoid: Flat,60,,,,Yes
ISSI04_1503,Monacanthidae,Meuschenia,galii,2,37465040,StFrancis04R_Mar2015.avi,131461,43.8203,DColella,15,,Reef; Fucoid: Flat,60,,,,No
ISSI04_1503,Heterodontidae,Heterodontus,portusjacksoni,1,37007001,StFrancis04R_Mar2015.avi,85205,28.4017,DColella,15,,Reef; Fucoid: Flat,60,,,,Yes
ISSI04_1503,Serranidae,Caesioperca,rasor,1,37311003,StFrancis04R_Mar2015.avi,180838,60.2793,DColella,15,,Reef; Fucoid: Flat,60,,,,No
ISSI04_1503,Labridae,Achoerodus,gouldii,1,37384002,StFrancis04R_Mar2015.avi,42262,14.0873,DColella,15,,Reef; Fucoid: Flat,60,,,,No
ISSI04_1503,Myliobatidae,Myliobatis,tenuicaudatus,1,37039001,StFrancis04R_Mar2015.avi,113135,37.7117,DColella,15,,Reef; Fucoid: Flat,60,,,,No
ISSI04_1503,Monacanthidae,Meuschenia,freycineti,3,37465036,StFrancis04R_Mar2015.avi,52947,17.649,DColella,15,,Reef; Fucoid: Flat,60,,,,No
OANO01_1611,Monacanthidae,Thamnaconus,degeni,40,37465037,OANO01_1612_R.avi,59420,19.8067,MKennedy,17.5,Very bad vis,Unk,60,1,2,3,Yes
OANO03_1611,Monacanthidae,Thamnaconus,degeni,37,37465037,OANO03_1612_L.avi,125866,41.9553,MKennedy,17.8,Very bad vis,Unk,60,1,2,3,No
OANO03_1611,Terapontidae,Pelates,octolineatus,1,37321020,OANO03_1612_L.avi,56491,18.8303,MKennedy,17.8,Very bad vis,Unk,60,1,2,3,No
OANO04_1611,Terapontidae,Pelates,octolineatus,2,37321020,OANO04_1612_L.avi,60979,20.3263,MKennedy,17.1,Very bad vis,Unk,60,1,2,3,No
OANO04_1611,Monacanthidae,Thamnaconus,degeni,100,37465037,OANO04_1612_L.avi,83511,27.837,MKennedy,17.1,Very bad vis,Unk,60,1,2,3,Yes
OASI01_1611,Platycephalidae,Platycephalus,speculator,2,37296037,OASI01_1611_L.avi,56105,18.7017,DColella,16.6,Poor vis,Algae and invertebrates; Sand; Sparse,60,1,2,3,No
OASI01_1611,Sparidae,Pagrus,auratus,13,37353001,OASI01_1611_L.avi,76155,25.385,DColella,16.6,Poor vis,Algae and invertebrates; Sand; Sparse,60,1,2,3,Yes
OASI01_1611,Cheilodactylidae,Dactylophora,nigricans,1,37377005,OASI01_1611_L.avi,191166,63.722,DColella,16.6,Poor vis,Algae and invertebrates; Sand; Sparse,60,1,2,3,No
OASI01_1611,Carangidae,Pseudocaranx,sp,1,37337924,OASI01_1611_L.avi,26211,8.737,DColella,16.6,Poor vis,Algae and invertebrates; Sand; Sparse,60,1,2,3,No
OASI03_1611,Monacanthidae,Thamnaconus,degeni,50,37465037,OASI03_1611_L.avi,89677,29.8923,MKennedy,16.8,Poor vis,Algae and invertebrates; Sand; Medium,60,1,2,3,No
OASI03_1611,Carangidae,Pseudocaranx,sp,9,37337924,OASI03_1611_L.avi,147935,49.3117,MKennedy,16.8,Poor vis,Algae and invertebrates; Sand; Medium,60,1,2,3,No
OASI04_1611,Pinguipedidae,Parapercis,haackei,2,37390004,OASI04_1611_L.avi,43110,14.37,MKennedy,16.7,Poor vis,Invertebrates; Sand; Medium,60,1,2,3,No
OASI04_1611,Diodontidae,Unknown,sp,1,37469000,OASI04_1611_L.avi,62328,20.776,MKennedy,16.7,Poor vis,Invertebrates; Sand; Medium,60,1,2,3,No
OASI04_1611,Heterodontidae,Heterodontus,portusjacksoni,2,37007001,OASI04_1611_L.avi,81201,27.067,MKennedy,16.7,Poor vis,Invertebrates; Sand; Medium,60,1,2,3,No
OASI04_1611,Majidae,Leptomithrax,gaimardii,1,28880010,OASI04_1611_L.avi,169222,56.4073,MKennedy,16.7,Poor vis,Invertebrates; Sand; Medium,60,1,2,3,No
OASI04_1611,Monacanthidae,Thamnaconus,degeni,38,37465037,OASI04_1611_L.avi,64388,21.4627,MKennedy,16.7,Poor vis,Invertebrates; Sand; Medium,60,1,2,3,No
OASI04_1611,Mullidae,Upeneichthys,vlamingii,1,37355029,OASI04_1611_L.avi,186123,62.041,MKennedy,16.7,Poor vis,Invertebrates; Sand; Medium,60,1,2,3,No
OASI04_1611,Carangidae,Trachurus,novaezelandiae,2,37337003,OASI04_1611_L.avi,86408,28.8027,MKennedy,16.7,Poor vis,Invertebrates; Sand; Medium,60,1,2,3,No
OASO01_1611,Pinguipedidae,Parapercis,haackei,2,37390004,OASO01_1611_L.avi,7811,5.2073,DColella,16.9,,Sand,60,1,2,3,No
OASO01_1611,Portunidae,Portunus,armatus,3,28911005,OASO01_1611_L.avi,72371,48.2473,DColella,16.9,,Sand,60,1,2,3,Yes
OASO01_1611,Monacanthidae,Thamnaconus,degeni,80,37465037,OASO01_1611_L.avi,58411,38.9407,DColella,16.9,,Sand,60,1,2,3,Yes
OASO02_1611,Carangidae,Pseudocaranx,sp,1,37337924,OASO02_1611_L.avi,133267,44.4223,Mkennedy,17.2,Poor Vis,Sand,60,1,2,3,No
OASO02_1611,Portunidae,Portunus,armatus,4,28911005,OASO02_1611_L.avi,108710,36.2367,Mkennedy,17.2,Poor Vis,Sand,60,1,2,3,Yes
OASO02_1611,Monacanthidae,Thamnaconus,degeni,87,37465037,OASO02_1611_L.avi,63828,21.276,Mkennedy,17.2,Poor Vis,Sand,60,1,2,3,No
OASO03_1611,Portunidae,Portunus,armatus,1,28911005,OASO03_1611_L.avi,115420,38.4733,DColella,17.2,,Sand,60,1,2,3,No
OASO03_1611,Monacanthidae,Thamnaconus,degeni,80,37465037,OASO03_1611_L.avi,84026,28.0087,DColella,17.2,,Sand,60,1,2,3,Yes
OASO03_1611,Portunidae,Ovalipes,australiensis,1,28911003,OASO03_1611_L.avi,38017,12.6723,DColella,17.2,,Sand,60,1,2,3,No
OASO03_1611,Platycephalidae,Platycephalus,bassensis,1,37296003,OASO03_1611_L.avi,25140,8.38,DColella,17.2,,Sand,60,1,2,3,No
OASO03_1611,Pinguipedidae,Parapercis,haackei,4,37390004,OASO03_1611_L.avi,15930,5.31,DColella,17.2,,Sand,60,1,2,3,No
OASO04_1611,Cheilodactylidae,Cheilodactylus,nigripes,2,37377001,OASO04_1611_L.avi,108043,36.0143,DColella,17.1,,Algae and invertebrates; Sand; Sparse,60,1,2,3,No
OASO04_1611,Dinolestidae,Dinolestes,lewini,1,37327002,OASO04_1611_L.avi,50952,16.984,DColella,17.1,,Algae and invertebrates; Sand; Sparse,60,1,2,3,No
OASO04_1611,Labridae,Austrolabrus,maculatus,2,37384025,OASO04_1611_L.avi,48868,16.2893,DColella,17.1,,Algae and invertebrates; Sand; Sparse,60,1,2,3,No
OASO04_1611,Labridae,Notolabrus,tetricus,1,37384003,OASO04_1611_L.avi,84739,28.2463,DColella,17.1,,Algae and invertebrates; Sand; Sparse,60,1,2,3,No
OASO04_1611,Monacanthidae,Meuschenia,freycineti,2,37465036,OASO04_1611_L.avi,50667,16.889,DColella,17.1,,Algae and invertebrates; Sand; Sparse,60,1,2,3,No
OASO04_1611,Moridae,Pseudophycis,bachus,1,37224006,OASO04_1611_L.avi,140108,46.7027,DColella,17.1,,Algae and invertebrates; Sand; Sparse,60,1,2,3,No
OASO04_1611,Ostraciidae,Aracana,sp,1,37466903,OASO04_1611_L.avi,60668,20.2227,DColella,17.1,,Algae and invertebrates; Sand; Sparse,60,1,2,3,No
OASO04_1611,Scorpididae,Scorpis,aequipinnis,1,37361004,OASO04_1611_L.avi,10344,3.448,DColella,17.1,,Algae and invertebrates; Sand; Sparse,60,1,2,3,No
OASO04_1611,Chaetodontidae,Chelmonops,curiosus,2,37365066,OASO04_1611_L.avi,70923,23.641,DColella,17.1,,Algae and invertebrates; Sand; Sparse,60,1,2,3,No
OASO04_1611,Sphyraenidae,Sphyraena,novaehollandiae,2,37382002,OASO04_1611_L.avi,25990,8.6633,DColella,17.1,,Algae and invertebrates; Sand; Sparse,60,1,2,3,No
OASO04_1611,Sparidae,Pagrus,auratus,1,37353001,OASO04_1611_L.avi,76873,25.6243,DColella,17.1,,Algae and invertebrates; Sand; Sparse,60,1,2,3,No
OASO04_1611,Pinguipedidae,Parapercis,haackei,2,37390004,OASO04_1611_L.avi,16834,5.6113,DColella,17.1,,Algae and invertebrates; Sand; Sparse,60,1,2,3,No
OASO04_1611,Carangidae,Trachurus,novaezelandiae,120,37337003,OASO04_1611_L.avi,113550,37.85,DColella,17.1,,Algae and invertebrates; Sand; Sparse,60,1,2,3,No
OASO04_1611,Serranidae,Caesioperca,rasor,2,37311003,OASO04_1611_L.avi,61269,20.423,DColella,17.1,,Algae and invertebrates; Sand; Sparse,60,1,2,3,Yes
OASO04_1611,Terapontidae,Pelates,octolineatus,1,37321020,OASO04_1611_L.avi,34542,11.514,DColella,17.1,,Algae and invertebrates; Sand; Sparse,60,1,2,3,No
PENI01_1503,Labridae,Pictilabrus,laticlavius,1,37384020,PearsonB_01L_Mar2015.avi,28490,9.4967,DColella,15,,Reef; Foliacious; Profile,60,2,2,1,No
PENI01_1503,Dinolestidae,Dinolestes,lewini,1,37327002,PearsonB_01L_Mar2015.avi,81751,27.2503,DColella,15,,Reef; Foliacious; Profile,60,2,2,1,No
PENI01_1503,Serranidae,Caesioperca,rasor,8,37311003,PearsonB_01L_Mar2015.avi,30152,10.0507,DColella,15,,Reef; Foliacious; Profile,60,2,2,1,No
PENI01_1503,Labridae,Austrolabrus,maculatus,1,37384025,PearsonB_01L_Mar2015.avi,22731,7.577,DColella,15,,Reef; Foliacious; Profile,60,2,2,1,No
PENI01_1503,Mullidae,Upeneichthys,vlamingii,1,37355029,PearsonB_01L_Mar2015.avi,99103,33.0343,DColella,15,,Reef; Foliacious; Profile,60,2,2,1,No
PENI01_1503,Scorpididae,Tilodon,sexfasciatus,1,37361003,PearsonB_01L_Mar2015.avi,127505,42.5017,DColella,15,,Reef; Foliacious; Profile,60,2,2,1,No
PENI01_1503,Scorpididae,Scorpis,aequipinnis,3,37361004,PearsonB_01L_Mar2015.avi,10003,3.3343,DColella,15,,Reef; Foliacious; Profile,60,2,2,1,No
PENI01_1503,Carangidae,Pseudocaranx,sp,15,37337924,PearsonB_01L_Mar2015.avi,57019,19.0063,DColella,15,,Reef; Foliacious; Profile,60,2,2,1,No
PENI01_1503,Cheilodactylidae,Cheilodactylus,nigripes,2,37377001,PearsonB_01L_Mar2015.avi,100658,33.5527,DColella,15,,Reef; Foliacious; Profile,60,2,2,1,No
PENI01_1503,Odacidae,Olisthops,cyanomelas,1,37385001,PearsonB_01L_Mar2015.avi,17915,5.9717,DColella,15,,Reef; Foliacious; Profile,60,2,2,1,No
PENI01_1503,Monacanthidae,Meuschenia,hippocrepis,10,37465004,PearsonB_01L_Mar2015.avi,52184,17.3947,DColella,15,,Reef; Foliacious; Profile,60,2,2,1,Yes
PENI01_1503,Labridae,Achoerodus,gouldii,1,37384002,PearsonB_01L_Mar2015.avi,7819,2.6063,DColella,15,,Reef; Foliacious; Profile,60,2,2,1,No
PENI01_1503,Myliobatidae,Myliobatis,tenuicaudatus,1,37039001,PearsonB_01L_Mar2015.avi,107261,35.7537,DColella,15,,Reef; Foliacious; Profile,60,2,2,1,No
PENI01_1503,Monacanthidae,Meuschenia,galii,1,37465040,PearsonB_01L_Mar2015.avi,18102,6.034,DColella,15,,Reef; Foliacious; Profile,60,2,2,1,No
PENI01_1503,Scorpididae,Neatypus,obliquus,8,37361002,PearsonB_01L_Mar2015.avi,183243,61.081,DColella,15,,Reef; Foliacious; Profile,60,2,2,1,No
PENI01_1503,Labridae,Notolabrus,tetricus,5,37384003,PearsonB_01L_Mar2015.avi,17801,5.9337,DColella,15,,Reef; Foliacious; Profile,60,2,2,1,No
PENI01_1503,Monacanthidae,Meuschenia,flavolineata,1,37465035,PearsonB_01L_Mar2015.avi,106570,35.5233,DColella,15,,Reef; Foliacious; Profile,60,2,2,1,No
PENI01_1503,Cheilodactylidae,Nemadactylus,valenciennesi,2,37377004,PearsonB_01L_Mar2015.avi,12577,4.1923,DColella,15,,Reef; Foliacious; Profile,60,2,2,1,No
PENI02_1503,Scorpididae,Neatypus,obliquus,7,37361002,PearsonB_02R_Mar2015.avi,159692,53.2307,DColella,19,,Reef; Foliaceous; Profile,60,1,1,1,No
PENI02_1503,Monacanthidae,Meuschenia,venusta,1,37465060,PearsonB_02R_Mar2015.avi,106614,35.538,DColella,19,,Reef; Foliaceous; Profile,60,1,1,1,No
PENI02_1503,Monacanthidae,Meuschenia,hippocrepis,7,37465004,PearsonB_02R_Mar2015.avi,28490,9.4967,DColella,19,,Reef; Foliaceous; Profile,60,1,1,1,Yes
PENI02_1503,Monacanthidae,Meuschenia,flavolineata,1,37465035,PearsonB_02R_Mar2015.avi,107618,35.8727,DColella,19,,Reef; Foliaceous; Profile,60,1,1,1,No
PENI02_1503,Monacanthidae,Meuschenia,galii,1,37465040,PearsonB_02R_Mar2015.avi,49221,16.407,DColella,19,,Reef; Foliaceous; Profile,60,1,1,1,No
PENI02_1503,Labridae,Pictilabrus,laticlavius,1,37384020,PearsonB_02R_Mar2015.avi,146081,48.6937,DColella,19,,Reef; Foliaceous; Profile,60,1,1,1,No
PENI02_1503,Cheilodactylidae,Nemadactylus,valenciennesi,1,37377004,PearsonB_02R_Mar2015.avi,20736,6.912,DColella,19,,Reef; Foliaceous; Profile,60,1,1,1,No
PENI02_1503,Labridae,Achoerodus,gouldii,1,37384002,PearsonB_02R_Mar2015.avi,17081,5.6937,DColella,19,,Reef; Foliaceous; Profile,60,1,1,1,No
PENI02_1503,Enoplosidae,Enoplosus,armatus,2,37366001,PearsonB_02R_Mar2015.avi,51793,17.2643,DColella,19,,Reef; Foliaceous; Profile,60,1,1,1,No
PENI02_1503,Labridae,Austrolabrus,maculatus,1,37384025,PearsonB_02R_Mar2015.avi,19907,6.6357,DColella,19,,Reef; Foliaceous; Profile,60,1,1,1,No
PENI02_1503,Kyphosidae,Girella,zebra,1,37361008,PearsonB_02R_Mar2015.avi,34360,11.4533,DColella,19,,Reef; Foliaceous; Profile,60,1,1,1,No
PENI02_1503,Carangidae,Seriola,hippos,1,37337007,PearsonB_02R_Mar2015.avi,69098,23.0327,DColella,19,,Reef; Foliaceous; Profile,60,1,1,1,No
PENI02_1503,Scorpididae,Scorpis,aequipinnis,5,37361004,PearsonB_02R_Mar2015.avi,68586,22.862,DColella,19,,Reef; Foliaceous; Profile,60,1,1,1,No
PENI02_1503,Carangidae,Pseudocaranx,sp,10,37337924,PearsonB_02R_Mar2015.avi,90924,30.308,DColella,19,,Reef; Foliaceous; Profile,60,1,1,1,No
PENI02_1503,Mullidae,Upeneichthys,vlamingii,1,37355029,PearsonB_02R_Mar2015.avi,71508,23.836,DColella,19,,Reef; Foliaceous; Profile,60,1,1,1,No
PENI02_1503,Labridae,Ophthalmolepis,lineolatus,2,37384040,PearsonB_02R_Mar2015.avi,101651,33.8837,DColella,19,,Reef; Foliaceous; Profile,60,1,1,1,No
PENI02_1503,Dinolestidae,Dinolestes,lewini,1,37327002,PearsonB_02R_Mar2015.avi,15270,5.09,DColella,19,,Reef; Foliaceous; Profile,60,1,1,1,No
PENI02_1503,Serranidae,Caesioperca,rasor,12,37311003,PearsonB_02R_Mar2015.avi,128765,42.9217,DColella,19,,Reef; Foliaceous; Profile,60,1,1,1,No
PENI02_1503,Berycidae,Centroberyx,lineatus,2,37258005,PearsonB_02R_Mar2015.avi,26342,8.7807,DColella,19,,Reef; Foliaceous; Profile,60,1,1,1,No
PENI02_1503,Odacidae,Olisthops,cyanomelas,2,37385001,PearsonB_02R_Mar2015.avi,23807,7.9357,DColella,19,,Reef; Foliaceous; Profile,60,1,1,1,No
PENI02_1503,Labridae,Notolabrus,tetricus,5,37384003,PearsonB_02R_Mar2015.avi,116919,38.973,DColella,19,,Reef; Foliaceous; Profile,60,1,1,1,No
PENI02_1503,Labridae,Notolabrus,parilus,1,37384022,PearsonB_02R_Mar2015.avi,99167,33.0557,DColella,19,,Reef; Foliaceous; Profile,60,1,1,1,No
PENI02_1503,Cheilodactylidae,Cheilodactylus,nigripes,1,37377001,PearsonB_02R_Mar2015.avi,113588,37.8627,DColella,19,,Reef; Foliaceous; Profile,60,1,1,1,No
PENI02_1503,Dasyatidae,Dasyatis,brevicaudata,1,37035001,PearsonB_02R_Mar2015.avi,108434,36.1447,DColella,19,,Reef; Foliaceous; Profile,60,1,1,1,Yes
PENI03_1503,Scorpididae,Tilodon,sexfasciatus,2,37361003,PearsonB_03L_Mar2015.avi,57409,19.1363,DColella,18,,Reef; Foliaceous; Profile,60,1,3,1,No
PENI03_1503,Carangidae,Pseudocaranx,sp,2,37337924,PearsonB_03L_Mar2015.avi,125388,41.796,DColella,18,,Reef; Foliaceous; Profile,60,1,3,1,No
PENI03_1503,Scorpididae,Scorpis,aequipinnis,7,37361004,PearsonB_03L_Mar2015.avi,34973,11.6577,DColella,18,,Reef; Foliaceous; Profile,60,1,3,1,Yes
PENI03_1503,Scorpididae,Neatypus,obliquus,4,37361002,PearsonB_03L_Mar2015.avi,142925,47.6417,DColella,18,,Reef; Foliaceous; Profile,60,1,3,1,No
PENI03_1503,Mullidae,Upeneichthys,vlamingii,2,37355029,PearsonB_03L_Mar2015.avi,106358,35.4527,DColella,18,,Reef; Foliaceous; Profile,60,1,3,1,No
PENI03_1503,Monacanthidae,Meuschenia,flavolineata,1,37465035,PearsonB_03L_Mar2015.avi,116737,38.9123,DColella,18,,Reef; Foliaceous; Profile,60,1,3,1,No
PENI03_1503,Labridae,Achoerodus,gouldii,2,37384002,PearsonB_03L_Mar2015.avi,8040,2.68,DColella,18,,Reef; Foliaceous; Profile,60,1,3,1,No
PENI03_1503,Serranidae,Caesioperca,rasor,6,37311003,PearsonB_03L_Mar2015.avi,6701,2.2337,DColella,18,,Reef; Foliaceous; Profile,60,1,3,1,No
PENI03_1503,Cheilodactylidae,Cheilodactylus,nigripes,1,37377001,PearsonB_03L_Mar2015.avi,10114,3.3713,DColella,18,,Reef; Foliaceous; Profile,60,1,3,1,No
PENI03_1503,Odacidae,Olisthops,cyanomelas,2,37385001,PearsonB_03L_Mar2015.avi,78641,26.2137,DColella,18,,Reef; Foliaceous; Profile,60,1,3,1,No
PENI03_1503,Kyphosidae,Girella,zebra,1,37361008,PearsonB_03L_Mar2015.avi,44672,14.8907,DColella,18,,Reef; Foliaceous; Profile,60,1,3,1,No
PENI03_1503,Dinolestidae,Dinolestes,lewini,1,37327002,PearsonB_03L_Mar2015.avi,9578,3.1927,DColella,18,,Reef; Foliaceous; Profile,60,1,3,1,No
PENI03_1503,Monacanthidae,Meuschenia,galii,1,37465040,PearsonB_03L_Mar2015.avi,100439,33.4797,DColella,18,,Reef; Foliaceous; Profile,60,1,3,1,No
PENI03_1503,Monacanthidae,Meuschenia,hippocrepis,16,37465004,PearsonB_03L_Mar2015.avi,50860,16.9533,DColella,18,,Reef; Foliaceous; Profile,60,1,3,1,Yes
PENI03_1503,Labridae,Notolabrus,tetricus,5,37384003,PearsonB_03L_Mar2015.avi,11347,3.7823,DColella,18,,Reef; Foliaceous; Profile,60,1,3,1,Yes
PENI03_1503,Labridae,Ophthalmolepis,lineolatus,4,37384040,PearsonB_03L_Mar2015.avi,22852,7.6173,DColella,18,,Reef; Foliaceous; Profile,60,1,3,1,No
PENI03_1503,Labridae,Pictilabrus,laticlavius,1,37384020,PearsonB_03L_Mar2015.avi,117615,39.205,DColella,18,,Reef; Foliaceous; Profile,60,1,3,1,No
PENI04_1503,Odacidae,Olisthops,cyanomelas,1,37385001,PearsonB_04L_Mar2015.avi,53286,29.633,DColella,21,,Reef; Foliaceous; Profile,60,1,2,1,No
PENI04_1503,Heterodontidae,Heterodontus,portusjacksoni,1,37007001,PearsonB_04L_Mar2015.avi,52267,29.0663,DColella,21,,Reef; Foliaceous; Profile,60,1,2,1,No
PENI04_1503,Enoplosidae,Enoplosus,armatus,2,37366001,PearsonB_04L_Mar2015.avi,59049,32.8378,DColella,21,,Reef; Foliaceous; Profile,60,1,2,1,No
PENI04_1503,Cheilodactylidae,Cheilodactylus,nigripes,2,37377001,PearsonB_04L_Mar2015.avi,4968,2.7628,DColella,21,,Reef; Foliaceous; Profile,60,1,2,1,No
PENI04_1503,Monacanthidae,Meuschenia,flavolineata,1,37465035,PearsonB_04L_Mar2015.avi,50447,28.0542,DColella,21,,Reef; Foliaceous; Profile,60,1,2,1,No
PENI04_1503,Monacanthidae,Meuschenia,freycineti,1,37465036,PearsonB_04L_Mar2015.avi,56351,31.3374,DColella,21,,Reef; Foliaceous; Profile,60,1,2,1,No
PENI04_1503,Monacanthidae,Meuschenia,galii,2,37465040,PearsonB_04L_Mar2015.avi,27792,15.4555,DColella,21,,Reef; Foliaceous; Profile,60,1,2,1,No
PENI04_1503,Monacanthidae,Meuschenia,hippocrepis,20,37465004,PearsonB_04L_Mar2015.avi,104623,58.1821,DColella,21,,Reef; Foliaceous; Profile,60,1,2,1,No
PENI04_1503,Berycidae,Centroberyx,gerrardi,1,37258004,PearsonB_04L_Mar2015.avi,18068,10.0478,DColella,21,,Reef; Foliaceous; Profile,60,1,2,1,No
PENI04_1503,Scorpididae,Scorpis,aequipinnis,4,37361004,PearsonB_04L_Mar2015.avi,82945,46.1267,DColella,21,,Reef; Foliaceous; Profile,60,1,2,1,No
PENI04_1503,Labridae,Austrolabrus,maculatus,1,37384025,PearsonB_04L_Mar2015.avi,6094,3.3889,DColella,21,,Reef; Foliaceous; Profile,60,1,2,1,No
PENI04_1503,Serranidae,Caesioperca,rasor,9,37311003,PearsonB_04L_Mar2015.avi,24193,13.454,DColella,21,,Reef; Foliaceous; Profile,60,1,2,1,No
PENI04_1503,Labridae,Achoerodus,gouldii,1,37384002,PearsonB_04L_Mar2015.avi,21302,11.8463,DColella,21,,Reef; Foliaceous; Profile,60,1,2,1,No
PENI04_1503,Scorpididae,Neatypus,obliquus,11,37361002,PearsonB_04L_Mar2015.avi,110828,61.6327,DColella,21,,Reef; Foliaceous; Profile,60,1,2,1,No
PENI04_1503,Cheilodactylidae,Nemadactylus,valenciennesi,2,37377004,PearsonB_04L_Mar2015.avi,5472,3.043,DColella,21,,Reef; Foliaceous; Profile,60,1,2,1,No
PENI04_1503,Labridae,Bodianus,frenchii,1,37384057,PearsonB_04L_Mar2015.avi,57731,32.1049,DColella,21,,Reef; Foliaceous; Profile,60,1,2,1,No
PENI04_1503,Carangidae,Pseudocaranx,sp,10,37337924,PearsonB_04L_Mar2015.avi,16431,9.1375,DColella,21,,Reef; Foliaceous; Profile,60,1,2,1,No
PENI04_1503,Scorpididae,Tilodon,sexfasciatus,3,37361003,PearsonB_04L_Mar2015.avi,91632,50.9576,DColella,21,,Reef; Foliaceous; Profile,60,1,2,1,No
PENI04_1503,Mullidae,Upeneichthys,vlamingii,1,37355029,PearsonB_04L_Mar2015.avi,110309,61.3441,DColella,21,,Reef; Foliaceous; Profile,60,1,2,1,No
PENI04_1503,Serranidae,Othos,dentex,1,37311005,PearsonB_04L_Mar2015.avi,48411,26.9219,DColella,21,,Reef; Foliaceous; Profile,60,1,2,1,No
PENI04_1503,Labridae,Ophthalmolepis,lineolatus,1,37384040,PearsonB_04L_Mar2015.avi,6094,3.3889,DColella,21,,Reef; Foliaceous; Profile,60,1,2,1,No
PENI04_1503,Labridae,Notolabrus,tetricus,4,37384003,PearsonB_04L_Mar2015.avi,49308,27.4208,DColella,21,,Reef; Foliaceous; Profile,60,1,2,1,No
PENI04_1503,Labridae,Notolabrus,parilus,1,37384022,PearsonB_04L_Mar2015.avi,110051,61.2006,DColella,21,,Reef; Foliaceous; Profile,60,1,2,1,No
PENI04_1503,Labridae,Pictilabrus,laticlavius,1,37384020,PearsonB_04L_Mar2015.avi,108396,60.2803,DColella,21,,Reef; Foliaceous; Profile,60,1,2,1,No
PESI01_1503,Serranidae,Caesioperca,rasor,12,37311003,PearsonA_01Rs_Mar2015.avi,20061,11.1562,DColella,18,,Reef; Mixed algal; Profile,60,1,3,1,No
PESI01_1503,Mullidae,Upeneichthys,vlamingii,1,37355029,PearsonA_01Rs_Mar2015.avi,86076,47.8679,DColella,18,,Reef; Mixed algal; Profile,60,1,3,1,No
PESI01_1503,Labridae,Achoerodus,gouldii,1,37384002,PearsonA_01Rs_Mar2015.avi,93532,52.0142,DColella,18,,Reef; Mixed algal; Profile,60,1,3,1,No
PESI01_1503,Monacanthidae,Meuschenia,hippocrepis,8,37465004,PearsonA_01Rs_Mar2015.avi,9426,5.2419,DColella,18,,Reef; Mixed algal; Profile,60,1,3,1,Yes
PESI01_1503,Scorpididae,Scorpis,aequipinnis,1,37361004,PearsonA_01Rs_Mar2015.avi,9090,5.0551,DColella,18,,Reef; Mixed algal; Profile,60,1,3,1,No
PESI01_1503,Kyphosidae,Girella,zebra,1,37361008,PearsonA_01Rs_Mar2015.avi,7376,4.1019,DColella,18,,Reef; Mixed algal; Profile,60,1,3,1,No
PESI01_1503,Carangidae,Pseudocaranx,sp,1,37337924,PearsonA_01Rs_Mar2015.avi,9572,5.3231,DColella,18,,Reef; Mixed algal; Profile,60,1,3,1,No
PESI01_1503,Labridae,Pictilabrus,laticlavius,1,37384020,PearsonA_01Rs_Mar2015.avi,74684,41.5326,DColella,18,,Reef; Mixed algal; Profile,60,1,3,1,No
PESI01_1503,Monacanthidae,Meuschenia,galii,1,37465040,PearsonA_01Rs_Mar2015.avi,16914,9.4061,DColella,18,,Reef; Mixed algal; Profile,60,1,3,1,No
PESI01_1503,Tetraodontidae,Omegophora,cyanopunctata,1,37467048,PearsonA_01Rs_Mar2015.avi,104337,58.023,DColella,18,,Reef; Mixed algal; Profile,60,1,3,1,No
PESI01_1503,Scorpididae,Neatypus,obliquus,3,37361002,PearsonA_01Rs_Mar2015.avi,106293,59.1108,DColella,18,,Reef; Mixed algal; Profile,60,1,3,1,No
PESI01_1503,Cheilodactylidae,Cheilodactylus,nigripes,2,37377001,PearsonA_01Rs_Mar2015.avi,7500,4.1708,DColella,18,,Reef; Mixed algal; Profile,60,1,3,1,No
PESI01_1503,Berycidae,Centroberyx,gerrardi,3,37258004,PearsonA_01Rs_Mar2015.avi,8717,4.8476,DColella,18,,Reef; Mixed algal; Profile,60,1,3,1,No
PESI01_1503,Monacanthidae,Meuschenia,flavolineata,1,37465035,PearsonA_01Rs_Mar2015.avi,28099,15.6262,DColella,18,,Reef; Mixed algal; Profile,60,1,3,1,No
PESI01_1503,Cheilodactylidae,Nemadactylus,valenciennesi,1,37377004,PearsonA_01Rs_Mar2015.avi,29404,16.3519,DColella,18,,Reef; Mixed algal; Profile,60,1,3,1,No
PESI01_1503,Labridae,Notolabrus,tetricus,3,37384003,PearsonA_01Rs_Mar2015.avi,68301,37.983,DColella,18,,Reef; Mixed algal; Profile,60,1,3,1,No
PESI01_1503,Sepiidae,Sepia,apama,1,23607001,PearsonA_01Rs_Mar2015.avi,111169,61.8224,DColella,18,,Reef; Mixed algal; Profile,60,1,3,1,No
PESI01_1503,Sillaginidae,Sillaginodes,punctatus,1,37330001,PearsonA_01Rs_Mar2015.avi,42866,23.8383,DColella,18,,Reef; Mixed algal; Profile,60,1,3,1,No
PESI01_1503,Scorpididae,Tilodon,sexfasciatus,2,37361003,PearsonA_01Rs_Mar2015.avi,37363,20.778,DColella,18,,Reef; Mixed algal; Profile,60,1,3,1,No
PESI01_1503,Berycidae,Centroberyx,lineatus,1,37258005,PearsonA_01Rs_Mar2015.avi,20480,11.3892,DColella,18,,Reef; Mixed algal; Profile,60,1,3,1,No
PESI01_1503,Odacidae,Olisthops,cyanomelas,1,37385001,PearsonA_01Rs_Mar2015.avi,7795,4.3349,DColella,18,,Reef; Mixed algal; Profile,60,1,3,1,No
PESI02_1503,Labridae,Austrolabrus,maculatus,1,37384025,PearsonA_02R_Mar2015.avi,81077,27.0257,DColella,15,"good clear water, nearby high profile reef",Posidonia and amphibolis; Dense,60,2,2,1,No
PESI02_1503,Monacanthidae,Meuschenia,hippocrepis,9,37465004,PearsonA_02R_Mar2015.avi,54945,18.315,DColella,15,"good clear water, nearby high profile reef",Posidonia and amphibolis; Dense,60,2,2,1,Yes
PESI02_1503,Monacanthidae,Meuschenia,flavolineata,1,37465035,PearsonA_02R_Mar2015.avi,24105,8.035,DColella,15,"good clear water, nearby high profile reef",Posidonia and amphibolis; Dense,60,2,2,1,No
PESI02_1503,Aulopidae,Latropiscis,purpurissatus,1,37117001,PearsonA_02R_Mar2015.avi,17608,5.8693,DColella,15,"good clear water, nearby high profile reef",Posidonia and amphibolis; Dense,60,2,2,1,No
PESI02_1503,Carangidae,Pseudocaranx,sp,4,37337924,PearsonA_02R_Mar2015.avi,121141,40.3803,DColella,15,"good clear water, nearby high profile reef",Posidonia and amphibolis; Dense,60,2,2,1,No
PESI02_1503,Scorpididae,Scorpis,aequipinnis,11,37361004,PearsonA_02R_Mar2015.avi,15991,5.3303,DColella,15,"good clear water, nearby high profile reef",Posidonia and amphibolis; Dense,60,2,2,1,No
PESI02_1503,Carangidae,Seriola,hippos,1,37337007,PearsonA_02R_Mar2015.avi,79675,26.5583,DColella,15,"good clear water, nearby high profile reef",Posidonia and amphibolis; Dense,60,2,2,1,No
PESI02_1503,Carangidae,Seriola,lalandi,60,37337006,PearsonA_02R_Mar2015.avi,13365,4.455,DColella,15,"good clear water, nearby high profile reef",Posidonia and amphibolis; Dense,60,2,2,1,No
PESI02_1503,Sillaginidae,Sillaginodes,punctatus,1,37330001,PearsonA_02R_Mar2015.avi,20044,6.6813,DColella,15,"good clear water, nearby high profile reef",Posidonia and amphibolis; Dense,60,2,2,1,No
PESI02_1503,Sphyraenidae,Sphyraena,novaehollandiae,1,37382002,PearsonA_02R_Mar2015.avi,19482,6.494,DColella,15,"good clear water, nearby high profile reef",Posidonia and amphibolis; Dense,60,2,2,1,No
PESI02_1503,Enoplosidae,Enoplosus,armatus,2,37366001,PearsonA_02R_Mar2015.avi,89261,29.7537,DColella,15,"good clear water, nearby high profile reef",Posidonia and amphibolis; Dense,60,2,2,1,No
PESI02_1503,Cheilodactylidae,Cheilodactylus,nigripes,2,37377001,PearsonA_02R_Mar2015.avi,33836,11.2787,DColella,15,"good clear water, nearby high profile reef",Posidonia and amphibolis; Dense,60,2,2,1,No
PESI02_1503,Labridae,Pictilabrus,laticlavius,1,37384020,PearsonA_02R_Mar2015.avi,141104,47.0347,DColella,15,"good clear water, nearby high profile reef",Posidonia and amphibolis; Dense,60,2,2,1,No
PESI02_1503,Serranidae,Caesioperca,rasor,13,37311003,PearsonA_02R_Mar2015.avi,32971,10.9903,DColella,15,"good clear water, nearby high profile reef",Posidonia and amphibolis; Dense,60,2,2,1,No
PESI02_1503,Kyphosidae,Girella,zebra,1,37361008,PearsonA_02R_Mar2015.avi,49237,16.4123,DColella,15,"good clear water, nearby high profile reef",Posidonia and amphibolis; Dense,60,2,2,1,No
PESI02_1503,Labridae,Achoerodus,gouldii,1,37384002,PearsonA_02R_Mar2015.avi,16244,5.4147,DColella,15,"good clear water, nearby high profile reef",Posidonia and amphibolis; Dense,60,2,2,1,No
PESI02_1503,Monacanthidae,Acanthaluteres,vittiger,2,37465002,PearsonA_02R_Mar2015.avi,112235,37.4117,DColella,15,"good clear water, nearby high profile reef",Posidonia and amphibolis; Dense,60,2,2,1,No
PESI02_1503,Odacidae,Olisthops,cyanomelas,1,37385001,PearsonA_02R_Mar2015.avi,91361,30.4537,DColella,15,"good clear water, nearby high profile reef",Posidonia and amphibolis; Dense,60,2,2,1,No
PESI02_1503,Labridae,Notolabrus,tetricus,3,37384003,PearsonA_02R_Mar2015.avi,62070,20.69,DColella,15,"good clear water, nearby high profile reef",Posidonia and amphibolis; Dense,60,2,2,1,No
PESI02_1503,Mullidae,Upeneichthys,vlamingii,1,37355029,PearsonA_02R_Mar2015.avi,21576,7.192,DColella,15,"good clear water, nearby high profile reef",Posidonia and amphibolis; Dense,60,2,2,1,No
PESI02_1503,Scorpididae,Tilodon,sexfasciatus,4,37361003,PearsonA_02R_Mar2015.avi,86521,28.8403,DColella,15,"good clear water, nearby high profile reef",Posidonia and amphibolis; Dense,60,2,2,1,No
PESI02_1503,Cheilodactylidae,Nemadactylus,valenciennesi,1,37377004,PearsonA_02R_Mar2015.avi,15242,5.0807,DColella,15,"good clear water, nearby high profile reef",Posidonia and amphibolis; Dense,60,2,2,1,No
PESI02_1503,Labridae,Notolabrus,parilus,1,37384022,PearsonA_02R_Mar2015.avi,15868,5.2893,DColella,15,"good clear water, nearby high profile reef",Posidonia and amphibolis; Dense,60,2,2,1,No
PESI02_1503,Myliobatidae,Myliobatis,tenuicaudatus,1,37039001,PearsonA_02R_Mar2015.avi,160112,53.3707,DColella,15,"good clear water, nearby high profile reef",Posidonia and amphibolis; Dense,60,2,2,1,No
PESI03_1503,Sillaginidae,Sillaginodes,punctatus,1,37330001,PearsonA_03L_Mar2015.avi,50767,16.9223,DColella,15,,Reef; Foliaceous; Profile,60,1,1,1,No
PESI03_1503,Monacanthidae,Meuschenia,hippocrepis,8,37465004,PearsonA_03L_Mar2015.avi,123765,41.255,DColella,15,,Reef; Foliaceous; Profile,60,1,1,1,Yes
PESI03_1503,Cheilodactylidae,Dactylophora,nigricans,2,37377005,PearsonA_03L_Mar2015.avi,18514,6.1713,DColella,15,,Reef; Foliaceous; Profile,60,1,1,1,No
PESI03_1503,Serranidae,Caesioperca,rasor,2,37311003,PearsonA_03L_Mar2015.avi,67326,22.442,DColella,15,,Reef; Foliaceous; Profile,60,1,1,1,No
PESI03_1503,Labridae,Austrolabrus,maculatus,1,37384025,PearsonA_03L_Mar2015.avi,25971,8.657,DColella,15,,Reef; Foliaceous; Profile,60,1,1,1,No
PESI03_1503,Monacanthidae,MONACANTHIDAE,sp,1,37465903,PearsonA_03L_Mar2015.avi,166654,55.5513,DColella,15,,Reef; Foliaceous; Profile,60,1,1,1,No
PESI03_1503,Monacanthidae,Meuschenia,flavolineata,1,37465035,PearsonA_03L_Mar2015.avi,129836,43.2787,DColella,15,,Reef; Foliaceous; Profile,60,1,1,1,No
PESI03_1503,Odacidae,Olisthops,cyanomelas,1,37385001,PearsonA_03L_Mar2015.avi,45772,15.2573,DColella,15,,Reef; Foliaceous; Profile,60,1,1,1,No
PESI03_1503,Labridae,Notolabrus,parilus,1,37384022,PearsonA_03L_Mar2015.avi,40698,13.566,DColella,15,,Reef; Foliaceous; Profile,60,1,1,1,No
PESI03_1503,Carangidae,Seriola,hippos,3,37337007,PearsonA_03L_Mar2015.avi,24891,8.297,DColella,15,,Reef; Foliaceous; Profile,60,1,1,1,No
PESI03_1503,Labridae,Achoerodus,gouldii,2,37384002,PearsonA_03L_Mar2015.avi,38947,12.9823,DColella,15,,Reef; Foliaceous; Profile,60,1,1,1,No
PESI03_1503,Scorpididae,Scorpis,aequipinnis,7,37361004,PearsonA_03L_Mar2015.avi,39533,13.1777,DColella,15,,Reef; Foliaceous; Profile,60,1,1,1,No
PESI03_1503,Labridae,Pictilabrus,laticlavius,1,37384020,PearsonA_03L_Mar2015.avi,68722,22.9073,DColella,15,,Reef; Foliaceous; Profile,60,1,1,1,No
PESI03_1503,Carangidae,Pseudocaranx,sp,6,37337924,PearsonA_03L_Mar2015.avi,106503,35.501,DColella,15,,Reef; Foliaceous; Profile,60,1,1,1,Yes
PESI03_1503,Labridae,Notolabrus,tetricus,2,37384003,PearsonA_03L_Mar2015.avi,36435,12.145,DColella,15,,Reef; Foliaceous; Profile,60,1,1,1,No
PESI04_1503,Labridae,Pictilabrus,laticlavius,1,37384020,PearsonA_04L_Mar2015.avi,33723,11.241,DColella,21,,Reef; Foliaceous; Profile,60,1,3,3,No
PESI04_1503,Mullidae,Upeneichthys,vlamingii,1,37355029,PearsonA_04L_Mar2015.avi,40895,13.6317,DColella,21,,Reef; Foliaceous; Profile,60,1,3,3,No
PESI04_1503,Carangidae,Pseudocaranx,sp,4,37337924,PearsonA_04L_Mar2015.avi,69879,23.293,DColella,21,,Reef; Foliaceous; Profile,60,1,3,3,No
PESI04_1503,Labridae,Notolabrus,tetricus,2,37384003,PearsonA_04L_Mar2015.avi,58648,19.5493,DColella,21,,Reef; Foliaceous; Profile,60,1,3,3,Yes
PESI04_1503,Labridae,Notolabrus,parilus,2,37384022,PearsonA_04L_Mar2015.avi,55822,18.6073,DColella,21,,Reef; Foliaceous; Profile,60,1,3,3,No
PESI04_1503,Serranidae,Caesioperca,rasor,7,37311003,PearsonA_04L_Mar2015.avi,53645,17.8817,DColella,21,,Reef; Foliaceous; Profile,60,1,3,3,Yes
PESI04_1503,Labridae,Achoerodus,gouldii,1,37384002,PearsonA_04L_Mar2015.avi,130126,43.3753,DColella,21,,Reef; Foliaceous; Profile,60,1,3,3,No
PESI04_1503,Scorpididae,Neatypus,obliquus,3,37361002,PearsonA_04L_Mar2015.avi,115596,38.532,DColella,21,,Reef; Foliaceous; Profile,60,1,3,3,No
PESI04_1503,Monacanthidae,Meuschenia,flavolineata,1,37465035,PearsonA_04L_Mar2015.avi,22911,7.637,DColella,21,,Reef; Foliaceous; Profile,60,1,3,3,No
PESI04_1503,Monacanthidae,Meuschenia,galii,1,37465040,PearsonA_04L_Mar2015.avi,99856,33.2853,DColella,21,,Reef; Foliaceous; Profile,60,1,3,3,No
PESI04_1503,Monacanthidae,Meuschenia,hippocrepis,7,37465004,PearsonA_04L_Mar2015.avi,49314,16.438,DColella,21,,Reef; Foliaceous; Profile,60,1,3,3,Yes
PGCI01_1702,Carangidae,Trachurus,novaezelandiae,5,37337003,PGCI_01_1702_L.avi,65652,21.884,RGannon,13.8,,Posidonia; Dense,60,1,2,2,No
PGCI01_1702,Monacanthidae,Scobinichthys,granulatus,1,37465007,PGCI_01_1702_L.avi,55068,18.356,RGannon,13.8,,Posidonia; Dense,60,1,2,2,No
PGCI01_1702,Portunidae,Portunus,armatus,1,28911005,PGCI_01_1702_L.avi,91944,30.648,RGannon,13.8,,Posidonia; Dense,60,1,2,2,No
PGCI01_1702,Triakidae,Furgaleus,macki,1,37017003,PGCI_01_1702_L.avi,70262,23.4207,RGannon,13.8,,Posidonia; Dense,60,1,2,2,No
PGCI01_1702,Sillaginidae,Sillaginodes,punctatus,1,37330001,PGCI_01_1702_L.avi,32445,10.815,RGannon,13.8,,Posidonia; Dense,60,1,2,2,No
PGCI02_1702,Carangidae,Trachurus,novaezelandiae,20,37337003,PGCI_02_1702_L.avi,132730,44.2433,RGannon,13.6,,Posidonia; Dense,60,1,2,2,No
PGCI02_1702,Terapontidae,Pelates,octolineatus,4,37321020,PGCI_02_1702_L.avi,186464,62.1547,RGannon,13.6,,Posidonia; Dense,60,1,2,2,No
PGCI02_1702,Portunidae,Portunus,armatus,2,28911005,PGCI_02_1702_L.avi,72595,24.1983,RGannon,13.6,,Posidonia; Dense,60,1,2,2,No
PGCI02_1702,Monacanthidae,Scobinichthys,granulatus,3,37465007,PGCI_02_1702_L.avi,120788,40.2627,RGannon,13.6,,Posidonia; Dense,60,1,2,2,No
PGCI02_1702,Gerreidae,Parequula,melbournensis,1,37349001,PGCI_02_1702_L.avi,114777,38.259,RGannon,13.6,,Posidonia; Dense,60,1,2,2,No
PGCI03_1702,Loliginidae,Sepioteuthis,australis,1,23617005,PGCI_03_1702_L.avi,65087,21.6957,RGannon,13.8,Rope in view,Posidonia; Dense,60,2,2,2,No
PGCI03_1702,Sillaginidae,Sillaginodes,punctatus,1,37330001,PGCI_03_1702_L.avi,51439,17.1463,RGannon,13.8,Rope in view,Posidonia; Dense,60,2,2,2,No
PGCI03_1702,Carangidae,Trachurus,novaezelandiae,20,37337003,PGCI_03_1702_L.avi,92877,30.959,RGannon,13.8,Rope in view,Posidonia; Dense,60,2,2,2,No
PGCI03_1702,Portunidae,Portunus,armatus,2,28911005,PGCI_03_1702_L.avi,55408,18.4693,RGannon,13.8,Rope in view,Posidonia; Dense,60,2,2,2,No
PGCI03_1702,Monacanthidae,Scobinichthys,granulatus,2,37465007,PGCI_03_1702_L.avi,69665,23.2217,RGannon,13.8,Rope in view,Posidonia; Dense,60,2,2,2,No
PGCI04_1702,Portunidae,Portunus,armatus,2,28911005,PGCI_04_1702_L.avi,127695,42.565,RGannon,13.6,Left cam only,Posidonia; Dense,60,1,2,2,No
PGCI04_1702,Monacanthidae,Scobinichthys,granulatus,3,37465007,PGCI_04_1702_L.avi,148531,49.5103,RGannon,13.6,Left cam only,Posidonia; Dense,60,1,2,2,No
PGCI04_1702,Mullidae,Upeneichthys,vlamingii,1,37355029,PGCI_04_1702_L.avi,108834,36.278,RGannon,13.6,Left cam only,Posidonia; Dense,60,1,2,2,No
PGCI04_1702,Monacanthidae,Acanthaluteres,sp,5,37465905,PGCI_04_1702_L.avi,78271,26.0903,RGannon,13.6,Left cam only,Posidonia; Dense,60,1,2,2,No
PGCI04_1702,Monacanthidae,Meuschenia,freycineti,1,37465036,PGCI_04_1702_L.avi,181245,60.415,RGannon,13.6,Left cam only,Posidonia; Dense,60,1,2,2,No
PGCI04_1702,Apogonidae,Siphamia,cephalotes,1,37327032,PGCI_04_1702_L.avi,42353,14.1177,RGannon,13.6,Left cam only,Posidonia; Dense,60,1,2,2,No
PGCI04_1702,Carangidae,Trachurus,novaezelandiae,30,37337003,PGCI_04_1702_L.avi,53463,17.821,RGannon,13.6,Left cam only,Posidonia; Dense,60,1,2,2,No
PGCI04_1702,Sillaginidae,Sillaginodes,punctatus,1,37330001,PGCI_04_1702_L.avi,166288,55.4293,RGannon,13.6,Left cam only,Posidonia; Dense,60,1,2,2,No
PGCI04_1702,Tetraodontidae,Torquigener,pleurogramma,1,37467030,PGCI_04_1702_L.avi,132514,44.1713,RGannon,13.6,Left cam only,Posidonia; Dense,60,1,2,2,No
PGCO01_1702,Tetraodontidae,Torquigener,pleurogramma,3,37467030,PGCO01_1702_L.avi,108511,36.1703,RGannon,12.1,,Posidonia; Dense,60,1,2,2,No
PGCO01_1702,Monacanthidae,Scobinichthys,granulatus,2,37465007,PGCO01_1702_L.avi,185306,61.7687,RGannon,12.1,,Posidonia; Dense,60,1,2,2,No
PGCO01_1702,Sphyraenidae,Sphyraena,novaehollandiae,1,37382002,PGCO01_1702_L.avi,182285,60.7617,RGannon,12.1,,Posidonia; Dense,60,1,2,2,No
PGCO01_1702,Gerreidae,Parequula,melbournensis,1,37349001,PGCO01_1702_L.avi,30575,10.1917,RGannon,12.1,,Posidonia; Dense,60,1,2,2,No
PGCO01_1702,Arripidae,Arripis,georgianus,1,37344001,PGCO01_1702_L.avi,77712,25.904,RGannon,12.1,,Posidonia; Dense,60,1,2,2,No
PGCO01_1702,Portunidae,Portunus,armatus,2,28911005,PGCO01_1702_L.avi,113388,37.796,RGannon,12.1,,Posidonia; Dense,60,1,2,2,No
PGCO01_1702,Terapontidae,Pelates,octolineatus,1,37321020,PGCO01_1702_L.avi,79394,26.4647,RGannon,12.1,,Posidonia; Dense,60,1,2,2,No
PGCO01_1702,Sillaginidae,Sillaginodes,punctatus,1,37330001,PGCO01_1702_L.avi,157116,52.372,RGannon,12.1,,Posidonia; Dense,60,1,2,2,No
PGCO01_1702,Heterodontidae,Heterodontus,portusjacksoni,2,37007001,PGCO01_1702_L.avi,85175,28.3917,RGannon,12.1,,Posidonia; Dense,60,1,2,2,No
PGCO01_1702,Carangidae,Trachurus,novaezelandiae,2,37337003,PGCO01_1702_L.avi,56743,18.9143,RGannon,12.1,,Posidonia; Dense,60,1,2,2,No
PGCO02_1702,Odacidae,Siphonognathus,attenuatus,1,37385004,PGCO02_1702_L.avi,162550,54.1833,RGannon,12,,Posidonia and amphibolis; Dense,60,2,2,2,No
PGCO02_1702,Apogonidae,Siphamia,cephalotes,1,37327032,PGCO02_1702_L.avi,82346,27.4487,RGannon,12,,Posidonia and amphibolis; Dense,60,2,2,2,No
PGCO02_1702,Carangidae,Trachurus,novaezelandiae,2,37337003,PGCO02_1702_L.avi,131344,43.7813,RGannon,12,,Posidonia and amphibolis; Dense,60,2,2,2,No
PGCO02_1702,Tetraodontidae,Torquigener,pleurogramma,1,37467030,PGCO02_1702_L.avi,86327,28.7757,RGannon,12,,Posidonia and amphibolis; Dense,60,2,2,2,No
PGCO02_1702,Rhinobatidae,Trygonorrhina,dumerilii,1,37027011,PGCO02_1702_L.avi,131344,43.7813,RGannon,12,,Posidonia and amphibolis; Dense,60,2,2,2,No
PGCO02_1702,Gerreidae,Parequula,melbournensis,1,37349001,PGCO02_1702_L.avi,53826,17.942,RGannon,12,,Posidonia and amphibolis; Dense,60,2,2,2,No
PGCO02_1702,Portunidae,Portunus,armatus,1,28911005,PGCO02_1702_L.avi,90557,30.1857,RGannon,12,,Posidonia and amphibolis; Dense,60,2,2,2,No
PGCO02_1702,Heterodontidae,Heterodontus,portusjacksoni,2,37007001,PGCO02_1702_L.avi,161417,53.8057,RGannon,12,,Posidonia and amphibolis; Dense,60,2,2,2,No
PGCO02_1702,Sillaginidae,Sillaginodes,punctatus,1,37330001,PGCO02_1702_L.avi,169379,56.4597,RGannon,12,,Posidonia and amphibolis; Dense,60,2,2,2,No
PGCO02_1702,Monacanthidae,Scobinichthys,granulatus,2,37465007,PGCO02_1702_L.avi,28879,9.6263,RGannon,12,,Posidonia and amphibolis; Dense,60,2,2,2,No
PGCO02_1702,Myliobatidae,Myliobatis,tenuicaudatus,1,37039001,PGCO02_1702_L.avi,45043,15.0143,RGannon,12,,Posidonia and amphibolis; Dense,60,2,2,2,No
PGCO03_1702,Myliobatidae,Myliobatis,tenuicaudatus,1,37039001,PGCO03_1702_L.avi,103175,34.3917,RGannon,11.8,Rope in view,Posidonia; Dense,60,2,2,2,No
PGCO03_1702,Portunidae,Portunus,armatus,2,28911005,PGCO03_1702_L.avi,47381,15.7937,RGannon,11.8,Rope in view,Posidonia; Dense,60,2,2,2,No
PGCO03_1702,Tetraodontidae,Torquigener,pleurogramma,1,37467030,PGCO03_1702_L.avi,45361,15.1203,RGannon,11.8,Rope in view,Posidonia; Dense,60,2,2,2,No
PGCO03_1702,Monacanthidae,Meuschenia,freycineti,2,37465036,PGCO03_1702_L.avi,150423,50.141,RGannon,11.8,Rope in view,Posidonia; Dense,60,2,2,2,No
PGCO03_1702,Carangidae,Trachurus,novaezelandiae,16,37337003,PGCO03_1702_L.avi,123533,41.1777,RGannon,11.8,Rope in view,Posidonia; Dense,60,2,2,2,No
PGCO03_1702,Heterodontidae,Heterodontus,portusjacksoni,1,37007001,PGCO03_1702_L.avi,69502,23.1673,RGannon,11.8,Rope in view,Posidonia; Dense,60,2,2,2,No
PGCO03_1702,Pempherididae,Pempheris,klunzingeri,1,37357003,PGCO03_1702_L.avi,160203,53.401,RGannon,11.8,Rope in view,Posidonia; Dense,60,2,2,2,No
PGCO03_1702,Monacanthidae,Scobinichthys,granulatus,1,37465007,PGCO03_1702_L.avi,31804,10.6013,RGannon,11.8,Rope in view,Posidonia; Dense,60,2,2,2,No
PGCO03_1702,Gerreidae,Parequula,melbournensis,1,37349001,PGCO03_1702_L.avi,186141,62.047,RGannon,11.8,Rope in view,Posidonia; Dense,60,2,2,2,No
PGCO03_1702,Rhinobatidae,Trygonorrhina,dumerilii,1,37027011,PGCO03_1702_L.avi,124451,41.4837,RGannon,11.8,Rope in view,Posidonia; Dense,60,2,2,2,No
PGCO03_1702,Loliginidae,Sepioteuthis,australis,1,23617005,PGCO03_1702_L.avi,107961,35.987,RGannon,11.8,Rope in view,Posidonia; Dense,60,2,2,2,Yes
PGCO03_1702,Sillaginidae,Sillaginodes,punctatus,1,37330001,PGCO03_1702_L.avi,100172,33.3907,RGannon,11.8,Rope in view,Posidonia; Dense,60,2,2,2,No
PGCO04_1702,Sillaginidae,Sillaginodes,punctatus,1,37330001,PGCO04_1702_L.avi,64723,21.5743,RGannon,12.1,sea grass over camera for much of clip,Posidonia; Dense,60,3,2,2,No
PGCO04_1702,Rhinobatidae,Trygonorrhina,dumerilii,1,37027011,PGCO04_1702_L.avi,147822,49.274,RGannon,12.1,sea grass over camera for much of clip,Posidonia; Dense,60,3,2,2,No
PGCO04_1702,Apogonidae,Siphamia,cephalotes,1,37327032,PGCO04_1702_L.avi,41551,13.8503,RGannon,12.1,sea grass over camera for much of clip,Posidonia; Dense,60,3,2,2,No
PGCO04_1702,Ostraciidae,Aracana,sp,1,37466903,PGCO04_1702_L.avi,176841,58.947,RGannon,12.1,sea grass over camera for much of clip,Posidonia; Dense,60,3,2,2,No
PGCO04_1702,Portunidae,Portunus,armatus,2,28911005,PGCO04_1702_L.avi,101317,33.7723,RGannon,12.1,sea grass over camera for much of clip,Posidonia; Dense,60,3,2,2,No
PGCO04_1702,Loliginidae,Sepioteuthis,australis,1,23617005,PGCO04_1702_L.avi,68509,22.8363,RGannon,12.1,sea grass over camera for much of clip,Posidonia; Dense,60,3,2,2,No
PGCO04_1702,Monacanthidae,Meuschenia,freycineti,1,37465036,PGCO04_1702_L.avi,42084,14.028,RGannon,12.1,sea grass over camera for much of clip,Posidonia; Dense,60,3,2,2,No
PGCO04_1702,Heterodontidae,Heterodontus,portusjacksoni,1,37007001,PGCO04_1702_L.avi,64581,21.527,RGannon,12.1,sea grass over camera for much of clip,Posidonia; Dense,60,3,2,2,No
PGCO04_1702,Monacanthidae,Scobinichthys,granulatus,2,37465007,PGCO04_1702_L.avi,128990,42.9967,RGannon,12.1,sea grass over camera for much of clip,Posidonia; Dense,60,3,2,2,No
PGCO04_1702,Carangidae,Trachurus,novaezelandiae,1,37337003,PGCO04_1702_L.avi,116720,38.9067,RGannon,12.1,sea grass over camera for much of clip,Posidonia; Dense,60,3,2,2,No
PGCO04_1702,Tetraodontidae,Torquigener,pleurogramma,5,37467030,PGCO04_1702_L.avi,101317,33.7723,RGannon,12.1,sea grass over camera for much of clip,Posidonia; Dense,60,3,2,2,No
PGCO04_1702,Pempherididae,Pempheris,klunzingeri,9,37357003,PGCO04_1702_L.avi,81644,27.2147,RGannon,12.1,sea grass over camera for much of clip,Posidonia; Dense,60,3,2,2,No
PGEI01_1702,Carangidae,Trachurus,novaezelandiae,1,37337003,PGEI01_1702_L.avi,60660,20.22,RGannon,13.2,,Posidonia; Dense,60,1,2,3,No
PGEI01_1702,Monacanthidae,Scobinichthys,granulatus,2,37465007,PGEI01_1702_L.avi,101014,33.6713,RGannon,13.2,,Posidonia; Dense,60,1,2,3,No
PGEI01_1702,Arripidae,Arripis,georgianus,1,37344001,PGEI01_1702_L.avi,180767,60.2557,RGannon,13.2,,Posidonia; Dense,60,1,2,3,No
PGEI01_1702,Portunidae,Portunus,armatus,3,28911005,PGEI01_1702_L.avi,128254,42.7513,RGannon,13.2,,Posidonia; Dense,60,1,2,3,No
PGEI01_1702,Gerreidae,Parequula,melbournensis,2,37349001,PGEI01_1702_L.avi,62391,20.797,RGannon,13.2,,Posidonia; Dense,60,1,2,3,No
PGEI01_1702,Molpadiidae,Acanthaluteres,sp,1,37465905,PGEI01_1702_L.avi,49172,16.3907,RGannon,13.2,,Posidonia; Dense,60,1,2,3,No
PGEI02_1702,Tetraodontidae,Torquigener,pleurogramma,2,37467030,PGEI02_1702_L.avi,135834,45.278,RGannon,12.4,,Posidonia; Dense,60,1,2,2,No
PGEI02_1702,Monacanthidae,Scobinichthys,granulatus,1,37465007,PGEI02_1702_L.avi,27619,9.2063,RGannon,12.4,,Posidonia; Dense,60,1,2,2,No
PGEI02_1702,Carangidae,Trachurus,novaezelandiae,3,37337003,PGEI02_1702_L.avi,104803,34.9343,RGannon,12.4,,Posidonia; Dense,60,1,2,2,No
PGEI02_1702,Monacanthidae,Unknown,sp,1,37465903,PGEI02_1702_L.avi,84755,28.2517,RGannon,12.4,,Posidonia; Dense,60,1,2,2,No
PGEI02_1702,Sillaginidae,Sillaginodes,punctatus,1,37330001,PGEI02_1702_L.avi,60229,20.0763,RGannon,12.4,,Posidonia; Dense,60,1,2,2,No
PGEI02_1702,Sphyraenidae,Sphyraena,novaehollandiae,1,37382002,PGEI02_1702_L.avi,49241,16.4137,RGannon,12.4,,Posidonia; Dense,60,1,2,2,No
PGEI02_1702,Rhinobatidae,Trygonorrhina,dumerilii,1,37027011,PGEI02_1702_L.avi,87046,29.0153,RGannon,12.4,,Posidonia; Dense,60,1,2,2,No
PGEI02_1702,Apogonidae,Siphamia,cephalotes,1,37327032,PGEI02_1702_L.avi,28595,9.5317,RGannon,12.4,,Posidonia; Dense,60,1,2,2,No
PGEI02_1702,Portunidae,Portunus,armatus,1,28911005,PGEI02_1702_L.avi,105976,35.3253,RGannon,12.4,,Posidonia; Dense,60,1,2,2,No
PGEI03_1702,Monacanthidae,Scobinichthys,granulatus,3,37465007,PGEI03_1702_L.avi,91952,30.6507,RGannon,12.8,Left Cam only,Posidonia; Dense,60,1,2,2,No
PGEI03_1702,Mullidae,Upeneichthys,vlamingii,2,37355029,PGEI03_1702_L.avi,17975,5.9917,RGannon,12.8,Left Cam only,Posidonia; Dense,60,1,2,2,No
PGEI03_1702,Tetraodontidae,Torquigener,pleurogramma,1,37467030,PGEI03_1702_L.avi,86000,28.6667,RGannon,12.8,Left Cam only,Posidonia; Dense,60,1,2,2,No
PGEI03_1702,Portunidae,Portunus,armatus,2,28911005,PGEI03_1702_L.avi,157333,52.4443,RGannon,12.8,Left Cam only,Posidonia; Dense,60,1,2,2,No
PGEI03_1702,Sillaginidae,Sillaginodes,punctatus,1,37330001,PGEI03_1702_L.avi,34285,11.4283,RGannon,12.8,Left Cam only,Posidonia; Dense,60,1,2,2,No
PGEI03_1702,Gerreidae,Parequula,melbournensis,3,37349001,PGEI03_1702_L.avi,175481,58.4937,RGannon,12.8,Left Cam only,Posidonia; Dense,60,1,2,2,No
PGEI03_1702,Loliginidae,Sepioteuthis,australis,3,23617005,PGEI03_1702_L.avi,134483,44.8277,RGannon,12.8,Left Cam only,Posidonia; Dense,60,1,2,2,No
PGEI04_1702,Sillaginidae,Sillaginodes,punctatus,1,37330001,PGEI04_1702_L.avi,32397,10.799,RGannon,13.3,,Posidonia; Dense,60,1,2,2,No
PGEI04_1702,Odacidae,Siphonognathus,attenuatus,4,37385004,PGEI04_1702_L.avi,139993,46.6643,RGannon,13.3,,Posidonia; Dense,60,1,2,2,No
PGEI04_1702,Carangidae,Trachurus,novaezelandiae,40,37337003,PGEI04_1702_L.avi,169092,56.364,RGannon,13.3,,Posidonia; Dense,60,1,2,2,No
PGEI04_1702,Monacanthidae,Scobinichthys,granulatus,2,37465007,PGEI04_1702_L.avi,96502,32.1673,RGannon,13.3,,Posidonia; Dense,60,1,2,2,No
PGEI04_1702,Portunidae,Portunus,armatus,3,28911005,PGEI04_1702_L.avi,52988,17.6627,RGannon,13.3,,Posidonia; Dense,60,1,2,2,No
PGEI04_1702,Mullidae,Upeneichthys,vlamingii,1,37355029,PGEI04_1702_L.avi,31848,10.616,RGannon,13.3,,Posidonia; Dense,60,1,2,2,No
PGEI04_1702,Loliginidae,Sepioteuthis,australis,1,23617005,PGEI04_1702_L.avi,68851,22.9503,RGannon,13.3,,Posidonia; Dense,60,1,2,2,No
PGEI04_1702,Apogonidae,Siphamia,cephalotes,1,37327032,PGEI04_1702_L.avi,50109,16.703,RGannon,13.3,,Posidonia; Dense,60,1,2,2,No
PGEI04_1702,Odacidae,Siphonognathus,beddomei,1,37385006,PGEI04_1702_L.avi,158382,52.794,RGannon,13.3,,Posidonia; Dense,60,1,2,2,No
PGEO01_1702,Arripidae,Arripis,georgianus,2,37344001,PGEO01_1702_L.avi,49624,16.5413,RGannon,12.8,,Posidonia; Dense,60,1,2,2,No
PGEO01_1702,Heterodontidae,Heterodontus,portusjacksoni,2,37007001,PGEO01_1702_L.avi,65977,21.9923,RGannon,12.8,,Posidonia; Dense,60,1,2,2,No
PGEO01_1702,Monacanthidae,Unknown,sp,3,37465903,PGEO01_1702_L.avi,101152,33.7173,RGannon,12.8,,Posidonia; Dense,60,1,2,2,No
PGEO01_1702,Monacanthidae,Scobinichthys,granulatus,1,37465007,PGEO01_1702_L.avi,21337,7.1123,RGannon,12.8,,Posidonia; Dense,60,1,2,2,No
PGEO01_1702,Sparidae,Pagrus,auratus,3,37353001,PGEO01_1702_L.avi,107449,35.8163,RGannon,12.8,,Posidonia; Dense,60,1,2,2,No
PGEO01_1702,Apogonidae,Siphamia,cephalotes,1,37327032,PGEO01_1702_L.avi,79774,26.5913,RGannon,12.8,,Posidonia; Dense,60,1,2,2,No
PGEO01_1702,Portunidae,Portunus,armatus,1,28911005,PGEO01_1702_L.avi,51886,17.2953,RGannon,12.8,,Posidonia; Dense,60,1,2,2,No
PGEO02_1702,Portunidae,Portunus,armatus,1,28911005,PGEO02_1702_R.avi,23812,7.9373,RGannon,13.2,R Cam only. L Cam covered by seagrass,Posidonia; Dense,60,2,2,2,No
PGEO02_1702,Loliginidae,Sepioteuthis,australis,1,23617005,PGEO02_1702_R.avi,106714,35.5713,RGannon,13.2,R Cam only. L Cam covered by seagrass,Posidonia; Dense,60,2,2,2,No
PGEO02_1702,Dasyatidae,Dasyatis,brevicaudata,1,37035001,PGEO02_1702_R.avi,181154,60.3847,RGannon,13.2,R Cam only. L Cam covered by seagrass,Posidonia; Dense,60,2,2,2,No
PGEO02_1702,Heterodontidae,Heterodontus,portusjacksoni,2,37007001,PGEO02_1702_R.avi,99084,33.028,RGannon,13.2,R Cam only. L Cam covered by seagrass,Posidonia; Dense,60,2,2,2,No
PGEO02_1702,Monacanthidae,Scobinichthys,granulatus,2,37465007,PGEO02_1702_R.avi,164477,54.8257,RGannon,13.2,R Cam only. L Cam covered by seagrass,Posidonia; Dense,60,2,2,2,No
PGEO02_1702,Carangidae,Trachurus,novaezelandiae,1,37337003,PGEO02_1702_R.avi,71587,23.8623,RGannon,13.2,R Cam only. L Cam covered by seagrass,Posidonia; Dense,60,2,2,2,No
PGEO02_1702,Tetraodontidae,Torquigener,pleurogramma,1,37467030,PGEO02_1702_R.avi,105117,35.039,RGannon,13.2,R Cam only. L Cam covered by seagrass,Posidonia; Dense,60,2,2,2,No
PGEO02_1702,Apogonidae,Siphamia,cephalotes,1,37327032,PGEO02_1702_R.avi,34333,11.4443,RGannon,13.2,R Cam only. L Cam covered by seagrass,Posidonia; Dense,60,2,2,2,No
PGEO03_1702,Carangidae,Trachurus,novaezelandiae,1,37337003,PGEO03_1702_R.avi,42250,14.0833,RGannon,13.1,Right cam only,Posidonia; Dense,60,1,2,2,No
PGEO03_1702,Portunidae,Portunus,armatus,3,28911005,PGEO03_1702_R.avi,63852,21.284,RGannon,13.1,Right cam only,Posidonia; Dense,60,1,2,2,No
PGEO03_1702,Heterodontidae,Heterodontus,portusjacksoni,3,37007001,PGEO03_1702_R.avi,167466,55.822,RGannon,13.1,Right cam only,Posidonia; Dense,60,1,2,2,No
PGEO03_1702,Arripidae,Arripis,georgianus,1,37344001,PGEO03_1702_R.avi,91511,30.5037,RGannon,13.1,Right cam only,Posidonia; Dense,60,1,2,2,No
PGEO03_1702,Monacanthidae,Scobinichthys,granulatus,2,37465007,PGEO03_1702_R.avi,34081,11.3603,RGannon,13.1,Right cam only,Posidonia; Dense,60,1,2,2,No
PGEO03_1702,Sillaginidae,Sillaginodes,punctatus,1,37330001,PGEO03_1702_R.avi,73673,24.5577,RGannon,13.1,Right cam only,Posidonia; Dense,60,1,2,2,No
PGEO03_1702,Apogonidae,Siphamia,cephalotes,1,37327032,PGEO03_1702_R.avi,40852,13.6173,RGannon,13.1,Right cam only,Posidonia; Dense,60,1,2,2,No
PGEO04_1702,Gerreidae,Parequula,melbournensis,1,37349001,PGEO04_1702_L.avi,107320,35.7733,RGannon,13,,Posidonia; Dense,60,1,2,2,No
PGEO04_1702,Tetraodontidae,Torquigener,pleurogramma,3,37467030,PGEO04_1702_L.avi,125290,41.7633,RGannon,13,,Posidonia; Dense,60,1,2,2,No
PGEO04_1702,Portunidae,Portunus,armatus,2,28911005,PGEO04_1702_L.avi,185228,61.7427,RGannon,13,,Posidonia; Dense,60,1,2,2,No
PGEO04_1702,Monacanthidae,Scobinichthys,granulatus,1,37465007,PGEO04_1702_L.avi,77170,25.7233,RGannon,13,,Posidonia; Dense,60,1,2,2,No
PGEO04_1702,Apogonidae,Siphamia,cephalotes,1,37327032,PGEO04_1702_L.avi,174843,58.281,RGannon,13,,Posidonia; Dense,60,1,2,2,No
PGEO04_1702,Dasyatidae,Dasyatis,brevicaudata,1,37035001,PGEO04_1702_L.avi,132733,44.2443,RGannon,13,,Posidonia; Dense,60,1,2,2,No
PGEO04_1702,Sphyraenidae,Sphyraena,novaehollandiae,1,37382002,PGEO04_1702_L.avi,75624,25.208,RGannon,13,,Posidonia; Dense,60,1,2,2,No
PGEO04_1702,Heterodontidae,Heterodontus,portusjacksoni,2,37007001,PGEO04_1702_L.avi,74128,24.7093,RGannon,13,,Posidonia; Dense,60,1,2,2,No
PGWI01_1702,Carangidae,Trachurus,novaezelandiae,13,37337003,PGWI01_1702_L.avi,164640,54.88,RGannon,15.6,Poor Vis,Sand ripples,60,1,2,3,No
PGWI01_1702,Tetraodontidae,Tetractenos,glaber,1,37467003,PGWI01_1702_L.avi,78533,26.1777,RGannon,15.6,Poor Vis,Sand ripples,60,1,2,3,No
PGWI01_1702,Sillaginidae,Sillaginodes,punctatus,2,37330001,PGWI01_1702_L.avi,87624,29.208,RGannon,15.6,Poor Vis,Sand ripples,60,1,2,3,No
PGWI01_1702,Portunidae,Portunus,armatus,4,28911005,PGWI01_1702_L.avi,59112,19.704,RGannon,15.6,Poor Vis,Sand ripples,60,1,2,3,No
PGWI01_1702,Gerreidae,Parequula,melbournensis,1,37349001,PGWI01_1702_L.avi,14757,4.919,RGannon,15.6,Poor Vis,Sand ripples,60,1,2,3,No
PGWI02_1702,Apogonidae,Siphamia,cephalotes,1,37327032,PGWI02_1702L.avi,30103,10.0343,RGannon,15.3,,Posidonia; Dense,60,2,2,2,No
PGWI02_1702,Loliginidae,Sepioteuthis,australis,1,23617005,PGWI02_1702L.avi,112406,37.4687,RGannon,15.3,,Posidonia; Dense,60,2,2,2,No
PGWI02_1702,Monacanthidae,Scobinichthys,granulatus,2,37465007,PGWI02_1702L.avi,26622,8.874,RGannon,15.3,,Posidonia; Dense,60,2,2,2,No
PGWI02_1702,Gerreidae,Parequula,melbournensis,2,37349001,PGWI02_1702L.avi,73498,24.4993,RGannon,15.3,,Posidonia; Dense,60,2,2,2,No
PGWI02_1702,Portunidae,Portunus,armatus,1,28911005,PGWI02_1702L.avi,90302,30.1007,RGannon,15.3,,Posidonia; Dense,60,2,2,2,No
PGWI03_1702,Mullidae,Upeneichthys,vlamingii,1,37355029,PGWI03_1702_R.avi,171272,57.0907,RGannon,15.4,R. Cam only,Posidonia; Dense,60,1,2,3,No
PGWI03_1702,Odacidae,Siphonognathus,beddomei,1,37385006,PGWI03_1702_R.avi,25620,8.54,RGannon,15.4,R. Cam only,Posidonia; Dense,60,1,2,3,No
PGWI03_1702,Portunidae,Portunus,armatus,2,28911005,PGWI03_1702_R.avi,161983,53.9943,RGannon,15.4,R. Cam only,Posidonia; Dense,60,1,2,3,No
PGWI03_1702,Monacanthidae,Brachaluteres,jacksonianus,1,37465025,PGWI03_1702_R.avi,126497,42.1657,RGannon,15.4,R. Cam only,Posidonia; Dense,60,1,2,3,No
PGWI03_1702,Monacanthidae,Acanthaluteres,sp,3,37465905,PGWI03_1702_R.avi,136642,45.5473,RGannon,15.4,R. Cam only,Posidonia; Dense,60,1,2,3,No
PGWI03_1702,Arripidae,Arripis,georgianus,1,37344001,PGWI03_1702_R.avi,135407,45.1357,RGannon,15.4,R. Cam only,Posidonia; Dense,60,1,2,3,No
PGWI03_1702,Loliginidae,Sepioteuthis,australis,1,23617005,PGWI03_1702_R.avi,80591,26.8637,RGannon,15.4,R. Cam only,Posidonia; Dense,60,1,2,3,No
PGWI03_1702,Sillaginidae,Sillaginodes,punctatus,3,37330001,PGWI03_1702_R.avi,46311,15.437,RGannon,15.4,R. Cam only,Posidonia; Dense,60,1,2,3,No
PGWI03_1702,Monacanthidae,Meuschenia,freycineti,1,37465036,PGWI03_1702_R.avi,92174,30.7247,RGannon,15.4,R. Cam only,Posidonia; Dense,60,1,2,3,No
PGWI03_1702,Sphyraenidae,Sphyraena,novaehollandiae,1,37382002,PGWI03_1702_R.avi,21808,7.2693,RGannon,15.4,R. Cam only,Posidonia; Dense,60,1,2,3,No
PGWI03_1702,Gerreidae,Parequula,melbournensis,1,37349001,PGWI03_1702_R.avi,102693,34.231,RGannon,15.4,R. Cam only,Posidonia; Dense,60,1,2,3,No
PGWI03_1702,Carangidae,Trachurus,novaezelandiae,28,37337003,PGWI03_1702_R.avi,180116,60.0387,RGannon,15.4,R. Cam only,Posidonia; Dense,60,1,2,3,No
PGWI03_1702,Monacanthidae,Scobinichthys,granulatus,2,37465007,PGWI03_1702_R.avi,27011,9.0037,RGannon,15.4,R. Cam only,Posidonia; Dense,60,1,2,3,No
PGWI04_1702,Loliginidae,Sepioteuthis,australis,1,23617005,PGWI04_1702_L.avi,61741,20.5803,RGannon,15,,Posidonia; Dense,60,1,2,3,No
PGWI04_1702,Monacanthidae,Scobinichthys,granulatus,3,37465007,PGWI04_1702_L.avi,84765,28.255,RGannon,15,,Posidonia; Dense,60,1,2,3,No
PGWI04_1702,Sphyraenidae,Sphyraena,novaehollandiae,1,37382002,PGWI04_1702_L.avi,65131,21.7103,RGannon,15,,Posidonia; Dense,60,1,2,3,No
PGWI04_1702,Carangidae,Trachurus,novaezelandiae,12,37337003,PGWI04_1702_L.avi,138714,46.238,RGannon,15,,Posidonia; Dense,60,1,2,3,No
PGWI04_1702,Sillaginidae,Sillaginodes,punctatus,1,37330001,PGWI04_1702_L.avi,173076,57.692,RGannon,15,,Posidonia; Dense,60,1,2,3,No
PGWI04_1702,Monacanthidae,Acanthaluteres,sp,1,37465905,PGWI04_1702_L.avi,156286,52.0953,RGannon,15,,Posidonia; Dense,60,1,2,3,No
PGWI04_1702,Gerreidae,Parequula,melbournensis,2,37349001,PGWI04_1702_L.avi,34509,11.503,RGannon,15,,Posidonia; Dense,60,1,2,3,No
PGWI04_1702,Portunidae,Portunus,armatus,3,28911005,PGWI04_1702_L.avi,42266,14.0887,RGannon,15,,Posidonia; Dense,60,1,2,3,No
PGWO01_1702,Monacanthidae,Scobinichthys,granulatus,2,37465007,PGWO01_1602_L.avi,164251,54.7503,RGannon,12.3,,Amphibolis; dense,60,2,2,2,No
PGWO01_1702,Arripidae,Arripis,georgianus,1,37344001,PGWO01_1602_L.avi,167162,55.7207,RGannon,12.3,,Amphibolis; dense,60,2,2,2,No
PGWO01_1702,Portunidae,Portunus,armatus,1,28911005,PGWO01_1602_L.avi,60634,20.2113,RGannon,12.3,,Amphibolis; dense,60,2,2,2,No
PGWO01_1702,Monacanthidae,Unknown,sp,3,37465903,PGWO01_1602_L.avi,132068,44.0227,RGannon,12.3,,Amphibolis; dense,60,2,2,2,No
PGWO01_1702,Carangidae,Trachurus,novaezelandiae,1,37337003,PGWO01_1602_L.avi,167448,55.816,RGannon,12.3,,Amphibolis; dense,60,2,2,2,No
PGWO02_1702,Heterodontidae,Heterodontus,portusjacksoni,1,37007001,PGWO02_1602_L.avi,139786,46.5953,RGannon,13,Left cam only. No measurments.,Posidonia; Dense,60,1,2,2,No
PGWO02_1702,Portunidae,Portunus,armatus,2,28911005,PGWO02_1602_L.avi,187038,62.346,RGannon,13,Left cam only. No measurments.,Posidonia; Dense,60,1,2,2,No
PGWO02_1702,Monacanthidae,Meuschenia,flavolineata,1,37465035,PGWO02_1602_L.avi,114809,38.2697,RGannon,13,Left cam only. No measurments.,Posidonia; Dense,60,1,2,2,No
PGWO02_1702,Tetraodontidae,Torquigener,pleurogramma,1,37467030,PGWO02_1602_L.avi,174633,58.211,RGannon,13,Left cam only. No measurments.,Posidonia; Dense,60,1,2,2,No
PGWO02_1702,Monacanthidae,Scobinichthys,granulatus,3,37465007,PGWO02_1602_L.avi,186709,62.2363,RGannon,13,Left cam only. No measurments.,Posidonia; Dense,60,1,2,2,No
PGWO02_1702,Portunidae,Nectocarcinus,integrifrons,1,28911010,PGWO02_1602_L.avi,134293,44.7643,RGannon,13,Left cam only. No measurments.,Posidonia; Dense,60,1,2,2,No
PGWO02_1702,Apogonidae,Siphamia,cephalotes,3,37327032,PGWO02_1602_L.avi,80969,26.9897,RGannon,13,Left cam only. No measurments.,Posidonia; Dense,60,1,2,2,No
PGWO03_1702,Loliginidae,Sepioteuthis,australis,1,23617005,PGWO03_1602_L.avi,79074,26.358,RGannon,13,,Posidonia; Dense,60,1,2,2,No
PGWO03_1702,Monacanthidae,Scobinichthys,granulatus,4,37465007,PGWO03_1602_L.avi,141457,47.1523,RGannon,13,,Posidonia; Dense,60,1,2,2,No
PGWO03_1702,Gerreidae,Parequula,melbournensis,3,37349001,PGWO03_1602_L.avi,112006,37.3353,RGannon,13,,Posidonia; Dense,60,1,2,2,No
PGWO03_1702,Portunidae,Portunus,armatus,1,28911005,PGWO03_1602_L.avi,76707,25.569,RGannon,13,,Posidonia; Dense,60,1,2,2,No
PGWO03_1702,Rhinobatidae,Trygonorrhina,dumerilii,1,37027011,PGWO03_1602_L.avi,123103,41.0343,RGannon,13,,Posidonia; Dense,60,1,2,2,No
PGWO03_1702,Tetraodontidae,Torquigener,pleurogramma,3,37467030,PGWO03_1602_L.avi,181892,60.6307,RGannon,13,,Posidonia; Dense,60,1,2,2,No
PGWO04_1702,Rhinobatidae,Trygonorrhina,dumerilii,1,37027011,PGWO04_1602_L.avi,106710,35.57,RGannon,13.1,,Posidonia; Dense,60,1,2,2,No
PGWO04_1702,Portunidae,Portunus,armatus,2,28911005,PGWO04_1602_L.avi,67766,22.5887,RGannon,13.1,,Posidonia; Dense,60,1,2,2,No
PGWO04_1702,Carangidae,Trachurus,novaezelandiae,3,37337003,PGWO04_1602_L.avi,169712,56.5707,RGannon,13.1,,Posidonia; Dense,60,1,2,2,No
PGWO04_1702,Apogonidae,Siphamia,cephalotes,1,37327032,PGWO04_1602_L.avi,23003,7.6677,RGannon,13.1,,Posidonia; Dense,60,1,2,2,No
PGWO04_1702,Loliginidae,Sepioteuthis,australis,1,23617005,PGWO04_1602_L.avi,56020,18.6733,RGannon,13.1,,Posidonia; Dense,60,1,2,2,No
PGWO04_1702,Monacanthidae,Scobinichthys,granulatus,1,37465007,PGWO04_1602_L.avi,18684,6.228,RGannon,13.1,,Posidonia; Dense,60,1,2,2,No
PGWO04_1702,Tetraodontidae,Torquigener,pleurogramma,1,37467030,PGWO04_1602_L.avi,47766,15.922,RGannon,13.1,,Posidonia; Dense,60,1,2,2,No
PGWO04_1702,Heterodontidae,Heterodontus,portusjacksoni,1,37007001,PGWO04_1602_L.avi,144488,48.1627,RGannon,13.1,,Posidonia; Dense,60,1,2,2,No
PIEI01_1604,Labridae,Achoerodus,gouldii,1,37384002,PIIE01_1604_L.avi,76084,25.3613,JHicks,20,,Reef; Fucoid; Flat,60,2,1,2,No
PIEI01_1604,Odacidae,Heteroscarus,acroptilus,1,37385010,PIIE01_1604_L.avi,95250,31.75,JHicks,20,,Reef; Fucoid; Flat,60,2,1,2,No
PIEI01_1604,Monacanthidae,Meuschenia,galii,1,37465040,PIIE01_1604_L.avi,25549,8.5163,JHicks,20,,Reef; Fucoid; Flat,60,2,1,2,No
PIEI01_1604,Labridae,Notolabrus,tetricus,4,37384003,PIIE01_1604_L.avi,155347,51.7823,JHicks,20,,Reef; Fucoid; Flat,60,2,1,2,Yes
PIEI01_1604,Odacidae,Olisthops,cyanomelas,1,37385001,PIIE01_1604_L.avi,15561,5.187,JHicks,20,,Reef; Fucoid; Flat,60,2,1,2,No
PIEI01_1604,Labridae,Pictilabrus,laticlavius,2,37384020,PIIE01_1604_L.avi,26259,8.753,JHicks,20,,Reef; Fucoid; Flat,60,2,1,2,No
PIEI01_1604,Mullidae,Upeneichthys,vlamingii,1,37355029,PIIE01_1604_L.avi,39714,13.238,JHicks,20,,Reef; Fucoid; Flat,60,2,1,2,No
PIEI01_1604,Monacanthidae,Acanthaluteres,vittiger,6,37465002,PIIE01_1604_L.avi,14146,4.7153,JHicks,20,,Reef; Fucoid; Flat,60,2,1,2,Yes
PIEI01_1706,Labridae,Notolabrus,parilus,1,37384022,PIEI01_1706_L.avi,14416,9.6107,DEaston,22,,Reef; Mixed Ecklonia and Seirococceae; Profile,60,2,2,2,No
PIEI01_1706,Labridae,Notolabrus,tetricus,5,37384003,PIEI01_1706_L.avi,74911,49.9407,DEaston,22,,Reef; Mixed Ecklonia and Seirococceae; Profile,60,2,2,2,No
PIEI01_1706,Odacidae,Olisthops,cyanomelas,1,37385001,PIEI01_1706_L.avi,48952,32.6347,DEaston,22,,Reef; Mixed Ecklonia and Seirococceae; Profile,60,2,2,2,No
PIEI01_1706,Odacidae,Siphonognathus,beddomei,2,37385006,PIEI01_1706_L.avi,87361,58.2407,DEaston,22,,Reef; Mixed Ecklonia and Seirococceae; Profile,60,2,2,2,No
PIEI01_1706,Labridae,Ophthalmolepis,lineolatus,1,37384040,PIEI01_1706_L.avi,90259,60.1727,DEaston,22,,Reef; Mixed Ecklonia and Seirococceae; Profile,60,2,2,2,No
PIEI01_1706,Labridae,Pictilabrus,laticlavius,2,37384020,PIEI01_1706_L.avi,48985,32.6567,DEaston,22,,Reef; Mixed Ecklonia and Seirococceae; Profile,60,2,2,2,No
PIEI01_1706,Lamnidae,Carcharodon,carcharias,1,37010003,PIEI01_1706_L.avi,38801,25.8673,DEaston,22,,Reef; Mixed Ecklonia and Seirococceae; Profile,60,2,2,2,No
PIEI01_1706,Monacanthidae,Unknown,sp,2,37465903,PIEI01_1706_L.avi,5515,3.6767,DEaston,22,,Reef; Mixed Ecklonia and Seirococceae; Profile,60,2,2,2,No
PIEI01_1706,Monacanthidae,Unknown,sp,6,37465903,PIEI01_1706_L.avi,17939,11.9593,DEaston,22,,Reef; Mixed Ecklonia and Seirococceae; Profile,60,2,2,2,No
PIEI01_1706,Monacanthidae,Meuschenia,galii,1,37465040,PIEI01_1706_L.avi,13370,8.9133,DEaston,22,,Reef; Mixed Ecklonia and Seirococceae; Profile,60,2,2,2,Yes
PIEI01_1706,Monacanthidae,Scobinichthys,granulatus,2,37465007,PIEI01_1706_L.avi,6425,4.2833,DEaston,22,,Reef; Mixed Ecklonia and Seirococceae; Profile,60,2,2,2,No
PIEI01_1706,Odacidae,Heteroscarus,acroptilus,1,37385010,PIEI01_1706_L.avi,78686,52.4573,DEaston,22,,Reef; Mixed Ecklonia and Seirococceae; Profile,60,2,2,2,No
PIEI01_1706,Carangidae,Pseudocaranx,sp,1,37337924,PIEI01_1706_L.avi,79572,53.048,DEaston,22,,Reef; Mixed Ecklonia and Seirococceae; Profile,60,2,2,2,No
PIEI01_1706,Carangidae,Trachurus,novaezelandiae,5,37337003,PIEI01_1706_L.avi,70582,47.0547,DEaston,22,,Reef; Mixed Ecklonia and Seirococceae; Profile,60,2,2,2,No
PIEI02_1604,Labridae,Pictilabrus,laticlavius,1,37384020,PIIE02_1604_L.avi,22788,7.596,JHicks,23.7,,Reef; Flat; Ecklonia,60,2,1,2,No
PIEI02_1604,Mullidae,Upeneichthys,vlamingii,1,37355029,PIIE02_1604_L.avi,30337,10.1123,JHicks,23.7,,Reef; Flat; Ecklonia,60,2,1,2,No
PIEI02_1604,Carangidae,Pseudocaranx,sp,3,37337924,PIIE02_1604_L.avi,41656,13.8853,JHicks,23.7,,Reef; Flat; Ecklonia,60,2,1,2,No
PIEI02_1604,Gerreidae,Parequula,melbournensis,3,37349001,PIIE02_1604_L.avi,39169,13.0563,JHicks,23.7,,Reef; Flat; Ecklonia,60,2,1,2,No
PIEI02_1604,Labridae,Ophthalmolepis,lineolatus,5,37384040,PIIE02_1604_L.avi,112881,37.627,JHicks,23.7,,Reef; Flat; Ecklonia,60,2,1,2,No
PIEI02_1604,Labridae,Notolabrus,tetricus,4,37384003,PIIE02_1604_L.avi,96077,32.0257,JHicks,23.7,,Reef; Flat; Ecklonia,60,2,1,2,No
PIEI02_1604,Labridae,Notolabrus,parilus,1,37384022,PIIE02_1604_L.avi,39298,13.0993,JHicks,23.7,,Reef; Flat; Ecklonia,60,2,1,2,No
PIEI02_1604,Triakidae,Mustelus,antarcticus,1,37017001,PIIE02_1604_L.avi,54426,18.142,JHicks,23.7,,Reef; Flat; Ecklonia,60,2,1,2,No
PIEI02_1604,Labridae,Achoerodus,gouldii,1,37384002,PIIE02_1604_L.avi,33758,11.2527,JHicks,23.7,,Reef; Flat; Ecklonia,60,2,1,2,No
PIEI02_1604,Loliginidae,Sepioteuthis,australis,1,23617005,PIIE02_1604_L.avi,57145,19.0483,JHicks,23.7,,Reef; Flat; Ecklonia,60,2,1,2,No
PIEI02_1706,Odacidae,Olisthops,cyanomelas,1,37385001,PIEI02_1706_L.avi,9223,6.1487,DEaston,17,,Reef; Mixed algal; Profile,60,2,2,1,No
PIEI02_1706,Carangidae,Pseudocaranx,sp,2,37337924,PIEI02_1706_L.avi,53101,35.4007,DEaston,17,,Reef; Mixed algal; Profile,60,2,2,1,No
PIEI02_1706,Cheilodactylidae,Cheilodactylus,nigripes,1,37377001,PIEI02_1706_L.avi,6897,4.598,DEaston,17,,Reef; Mixed algal; Profile,60,2,2,1,No
PIEI02_1706,Dinolestidae,Dinolestes,lewini,52,37327002,PIEI02_1706_L.avi,62759,41.8393,DEaston,17,,Reef; Mixed algal; Profile,60,2,2,1,No
PIEI02_1706,Labridae,Notolabrus,parilus,2,37384022,PIEI02_1706_L.avi,16869,11.246,DEaston,17,,Reef; Mixed algal; Profile,60,2,2,1,Yes
PIEI02_1706,Labridae,Notolabrus,tetricus,4,37384003,PIEI02_1706_L.avi,18726,12.484,DEaston,17,,Reef; Mixed algal; Profile,60,2,2,1,Yes
PIEI02_1706,Monacanthidae,Meuschenia,freycineti,1,37465036,PIEI02_1706_L.avi,36271,24.1807,DEaston,17,,Reef; Mixed algal; Profile,60,2,2,1,No
PIEI02_1706,Monacanthidae,Meuschenia,hippocrepis,4,37465004,PIEI02_1706_L.avi,34167,22.778,DEaston,17,,Reef; Mixed algal; Profile,60,2,2,1,Yes
PIEI02_1706,Tetraodontidae,Omegophora,armilla,1,37467002,PIEI02_1706_L.avi,12406,8.2707,DEaston,17,,Reef; Mixed algal; Profile,60,2,2,1,No
PIEI02_1706,Odacidae,Heteroscarus,acroptilus,1,37385010,PIEI02_1706_L.avi,14076,9.384,DEaston,17,,Reef; Mixed algal; Profile,60,2,2,1,No
PIEI02_1706,Monacanthidae,Meuschenia,flavolineata,2,37465035,PIEI02_1706_L.avi,71822,47.8813,DEaston,17,,Reef; Mixed algal; Profile,60,2,2,1,No
PIEI02_1706,Labridae,Pictilabrus,laticlavius,3,37384020,PIEI02_1706_L.avi,36400,24.2667,DEaston,17,,Reef; Mixed algal; Profile,60,2,2,1,No
PIEI02_1706,Monacanthidae,Meuschenia,galii,3,37465040,PIEI02_1706_L.avi,29235,19.49,DEaston,17,,Reef; Mixed algal; Profile,60,2,2,1,Yes
PIEI03_1604,Monacanthidae,Meuschenia,hippocrepis,10,37465004,PIEI03_1604_L.avi,156145,52.0483,SWhitmarsh,20,,Reef; Ecklonia; Profile,60,2,2,2,Yes
PIEI03_1604,Carangidae,Trachurus,novaezelandiae,7,37337003,PIEI03_1604_L.avi,158006,52.6687,SWhitmarsh,20,,Reef; Ecklonia; Profile,60,2,2,2,No
PIEI03_1604,Odacidae,Siphonognathus,sp,1,37385905,PIEI03_1604_L.avi,12990,4.33,SWhitmarsh,20,,Reef; Ecklonia; Profile,60,2,2,2,No
PIEI03_1604,Carangidae,Pseudocaranx,sp,1,37337924,PIEI03_1604_L.avi,187955,62.6517,SWhitmarsh,20,,Reef; Ecklonia; Profile,60,2,2,2,No
PIEI03_1604,Labridae,Pictilabrus,laticlavius,2,37384020,PIEI03_1604_L.avi,18476,6.1587,SWhitmarsh,20,,Reef; Ecklonia; Profile,60,2,2,2,No
PIEI03_1604,Pomacentridae,Parma,victoriae,1,37372006,PIEI03_1604_L.avi,145939,48.6463,SWhitmarsh,20,,Reef; Ecklonia; Profile,60,2,2,2,No
PIEI03_1604,Labridae,Ophthalmolepis,lineolatus,1,37384040,PIEI03_1604_L.avi,44581,14.8603,SWhitmarsh,20,,Reef; Ecklonia; Profile,60,2,2,2,No
PIEI03_1604,Odacidae,Olisthops,cyanomelas,1,37385001,PIEI03_1604_L.avi,5668,1.8893,SWhitmarsh,20,,Reef; Ecklonia; Profile,60,2,2,2,No
PIEI03_1604,Labridae,Notolabrus,tetricus,7,37384003,PIEI03_1604_L.avi,116942,38.9807,SWhitmarsh,20,,Reef; Ecklonia; Profile,60,2,2,2,Yes
PIEI03_1604,Cheilodactylidae,Nemadactylus,valenciennesi,1,37377004,PIEI03_1604_L.avi,51144,17.048,SWhitmarsh,20,,Reef; Ecklonia; Profile,60,2,2,2,No
PIEI03_1604,Monacanthidae,Meuschenia,galii,2,37465040,PIEI03_1604_L.avi,9696,3.232,SWhitmarsh,20,,Reef; Ecklonia; Profile,60,2,2,2,No
PIEI03_1604,Monacanthidae,Meuschenia,flavolineata,2,37465035,PIEI03_1604_L.avi,8965,2.9883,SWhitmarsh,20,,Reef; Ecklonia; Profile,60,2,2,2,No
PIEI03_1604,Enoplosidae,Enoplosus,armatus,2,37366001,PIEI03_1604_L.avi,99075,33.025,SWhitmarsh,20,,Reef; Ecklonia; Profile,60,2,2,2,No
PIEI03_1604,Dinolestidae,Dinolestes,lewini,13,37327002,PIEI03_1604_L.avi,58104,19.368,SWhitmarsh,20,,Reef; Ecklonia; Profile,60,2,2,2,No
PIEI03_1604,Cheilodactylidae,Cheilodactylus,nigripes,1,37377001,PIEI03_1604_L.avi,14609,4.8697,SWhitmarsh,20,,Reef; Ecklonia; Profile,60,2,2,2,No
PIEI03_1604,Lamnidae,Carcharodon,carcharias,1,37010003,PIEI03_1604_L.avi,55011,18.337,SWhitmarsh,20,,Reef; Ecklonia; Profile,60,2,2,2,No
PIEI03_1604,Serranidae,Caesioperca,rasor,1,37311003,PIEI03_1604_L.avi,6689,2.2297,SWhitmarsh,20,,Reef; Ecklonia; Profile,60,2,2,2,Yes
PIEI03_1604,Labridae,Notolabrus,parilus,1,37384022,PIEI03_1604_L.avi,53389,17.7963,SWhitmarsh,20,,Reef; Ecklonia; Profile,60,2,2,2,No
PIEI04_1604,Cheilodactylidae,Cheilodactylus,nigripes,1,37377001,PIEI04_1604_L.avi,62588,20.8627,SWhitmarsh,21,,Reef; Fucoid; Profile,60,2,3,2,No
PIEI04_1604,Monacanthidae,Meuschenia,flavolineata,1,37465035,PIEI04_1604_L.avi,147479,49.1597,SWhitmarsh,21,,Reef; Fucoid; Profile,60,2,3,2,No
PIEI04_1604,Monacanthidae,Meuschenia,galii,2,37465040,PIEI04_1604_L.avi,30248,10.0827,SWhitmarsh,21,,Reef; Fucoid; Profile,60,2,3,2,Yes
PIEI04_1604,Monacanthidae,Meuschenia,hippocrepis,9,37465004,PIEI04_1604_L.avi,54407,18.1357,SWhitmarsh,21,,Reef; Fucoid; Profile,60,2,3,2,Yes
PIEI04_1604,Labridae,Notolabrus,tetricus,2,37384003,PIEI04_1604_L.avi,33044,11.0147,SWhitmarsh,21,,Reef; Fucoid; Profile,60,2,3,2,No
PIEI04_1604,Odacidae,Olisthops,cyanomelas,1,37385001,PIEI04_1604_L.avi,8670,2.89,SWhitmarsh,21,,Reef; Fucoid; Profile,60,2,3,2,No
PIEI04_1604,Labridae,Pictilabrus,laticlavius,1,37384020,PIEI04_1604_L.avi,45586,15.1953,SWhitmarsh,21,,Reef; Fucoid; Profile,60,2,3,2,No
PIEI04_1604,Carangidae,Pseudocaranx,sp,3,37337924,PIEI04_1604_L.avi,79726,26.5753,SWhitmarsh,21,,Reef; Fucoid; Profile,60,2,3,2,No
PIEI04_1604,Scorpididae,Scorpis,aequipinnis,1,37361004,PIEI04_1604_L.avi,18839,6.2797,SWhitmarsh,21,,Reef; Fucoid; Profile,60,2,3,2,No
PIEI04_1604,Carangidae,Seriola,lalandi,1,37337006,PIEI04_1604_L.avi,67173,22.391,SWhitmarsh,21,,Reef; Fucoid; Profile,60,2,3,2,No
PIEI04_1604,Scyliorhinidae,Asymbolus,vincenti,1,37015003,PIEI04_1604_L.avi,13776,4.592,SWhitmarsh,21,,Reef; Fucoid; Profile,60,2,3,2,No
PIEI04_1706,Odacidae,Olisthops,cyanomelas,1,37385001,PIEI04_1706_L.avi,8203,5.4687,DColella,20.9,,Reef; Ecklonia; Profile,60,1,2,2,No
PIEI04_1706,Monacanthidae,Meuschenia,hippocrepis,6,37465004,PIEI04_1706_L.avi,14452,9.6347,DColella,20.9,,Reef; Ecklonia; Profile,60,1,2,2,Yes
PIEI04_1706,Labridae,Austrolabrus,maculatus,1,37384025,PIEI04_1706_L.avi,16029,10.686,DColella,20.9,,Reef; Ecklonia; Profile,60,1,2,2,No
PIEI04_1706,Kyphosidae,Kyphosus,sydneyanus,1,37361001,PIEI04_1706_L.avi,7984,5.3227,DColella,20.9,,Reef; Ecklonia; Profile,60,1,2,2,No
PIEI04_1706,Enoplosidae,Enoplosus,armatus,2,37366001,PIEI04_1706_L.avi,19651,13.1007,DColella,20.9,,Reef; Ecklonia; Profile,60,1,2,2,No
PIEI04_1706,Diastylidae,Diastylis,tenuicauda,1,28097006,PIEI04_1706_L.avi,41429,27.6193,DColella,20.9,,Reef; Ecklonia; Profile,60,1,2,2,No
PIEI04_1706,Cheilodactylidae,Nemadactylus,valenciennesi,1,37377004,PIEI04_1706_L.avi,13930,9.2867,DColella,20.9,,Reef; Ecklonia; Profile,60,1,2,2,No
PIEI04_1706,Cheilodactylidae,Cheilodactylus,nigripes,1,37377001,PIEI04_1706_L.avi,4039,2.6927,DColella,20.9,,Reef; Ecklonia; Profile,60,1,2,2,No
PIEI04_1706,Carangidae,Pseudocaranx,sp,30,37337924,PIEI04_1706_L.avi,35776,23.8507,DColella,20.9,,Reef; Ecklonia; Profile,60,1,2,2,No
PIEI04_1706,Labridae,Notolabrus,parilus,1,37384022,PIEI04_1706_L.avi,22753,15.1687,DColella,20.9,,Reef; Ecklonia; Profile,60,1,2,2,No
PIEI04_1706,Monacanthidae,Meuschenia,galii,1,37465040,PIEI04_1706_L.avi,14053,9.3687,DColella,20.9,,Reef; Ecklonia; Profile,60,1,2,2,No
PIEI04_1706,Monacanthidae,Meuschenia,flavolineata,2,37465035,PIEI04_1706_L.avi,9111,6.074,DColella,20.9,,Reef; Ecklonia; Profile,60,1,2,2,No
PIEI04_1706,Scorpididae,Scorpis,aequipinnis,1,37361004,PIEI04_1706_L.avi,78000,52,DColella,20.9,,Reef; Ecklonia; Profile,60,1,2,2,No
PIEI04_1706,Labridae,Notolabrus,tetricus,5,37384003,PIEI04_1706_L.avi,14624,9.7493,DColella,20.9,,Reef; Ecklonia; Profile,60,1,2,2,No
PIEI04_1706,Labridae,Pictilabrus,laticlavius,2,37384020,PIEI04_1706_L.avi,27818,18.5453,DColella,20.9,,Reef; Ecklonia; Profile,60,1,2,2,No
PIEO01_1604,Labridae,Pictilabrus,laticlavius,2,37384020,PIOE01_1604_L.avi,33674,11.2247,JHicks,20,,Reef; Fucoid; Flat,60,2,3,1,No
PIEO01_1604,Carangidae,Pseudocaranx,sp,1,37337924,PIOE01_1604_L.avi,129706,43.2353,JHicks,20,,Reef; Fucoid; Flat,60,2,3,1,No
PIEO01_1604,Odacidae,Olisthops,cyanomelas,1,37385001,PIOE01_1604_L.avi,22964,7.6547,JHicks,20,,Reef; Fucoid; Flat,60,2,3,1,No
PIEO01_1604,Labridae,Notolabrus,tetricus,4,37384003,PIOE01_1604_L.avi,31961,10.6537,JHicks,20,,Reef; Fucoid; Flat,60,2,3,1,No
PIEO01_1604,Monacanthidae,Meuschenia,hippocrepis,11,37465004,PIOE01_1604_L.avi,127422,42.474,JHicks,20,,Reef; Fucoid; Flat,60,2,3,1,No
PIEO01_1604,Monacanthidae,Meuschenia,galii,1,37465040,PIOE01_1604_L.avi,20331,6.777,JHicks,20,,Reef; Fucoid; Flat,60,2,3,1,No
PIEO01_1604,Monacanthidae,Meuschenia,flavolineata,1,37465035,PIOE01_1604_L.avi,15054,5.018,JHicks,20,,Reef; Fucoid; Flat,60,2,3,1,No
PIEO01_1604,Odacidae,Heteroscarus,acroptilus,1,37385010,PIOE01_1604_L.avi,28066,9.3553,JHicks,20,,Reef; Fucoid; Flat,60,2,3,1,No
PIEO01_1604,Cheilodactylidae,Cheilodactylus,nigripes,1,37377001,PIOE01_1604_L.avi,20590,6.8633,JHicks,20,,Reef; Fucoid; Flat,60,2,3,1,No
PIEO01_1706,Labridae,Notolabrus,parilus,1,37384022,PIEO01_1706_L.avi,17882,11.9213,DEaston,19,,Reef; Mixed algal; Profile,60,3,3,2,No
PIEO01_1706,Triakidae,Mustelus,antarcticus,1,37017001,PIEO01_1706_L.avi,27777,18.518,DEaston,19,,Reef; Mixed algal; Profile,60,3,3,2,No
PIEO01_1706,Carangidae,Pseudocaranx,sp,25,37337924,PIEO01_1706_L.avi,37189,24.7927,DEaston,19,,Reef; Mixed algal; Profile,60,3,3,2,Yes
PIEO01_1706,Odacidae,Olisthops,cyanomelas,1,37385001,PIEO01_1706_L.avi,74742,49.828,DEaston,19,,Reef; Mixed algal; Profile,60,3,3,2,No
PIEO01_1706,Chironemidae,Chironemus,maculosus,1,37375002,PIEO01_1706_L.avi,31921,21.2807,DEaston,19,,Reef; Mixed algal; Profile,60,3,3,2,No
PIEO01_1706,Odacidae,Heteroscarus,acroptilus,1,37385010,PIEO01_1706_L.avi,12108,8.072,DEaston,19,,Reef; Mixed algal; Profile,60,3,3,2,No
PIEO01_1706,Monacanthidae,Scobinichthys,granulatus,1,37465007,PIEO01_1706_L.avi,26071,17.3807,DEaston,19,,Reef; Mixed algal; Profile,60,3,3,2,No
PIEO01_1706,Monacanthidae,Meuschenia,hippocrepis,4,37465004,PIEO01_1706_L.avi,19236,12.824,DEaston,19,,Reef; Mixed algal; Profile,60,3,3,2,Yes
PIEO01_1706,Monacanthidae,Meuschenia,galii,1,37465040,PIEO01_1706_L.avi,18841,12.5607,DEaston,19,,Reef; Mixed algal; Profile,60,3,3,2,No
PIEO01_1706,Labridae,Pictilabrus,laticlavius,3,37384020,PIEO01_1706_L.avi,45638,30.4253,DEaston,19,,Reef; Mixed algal; Profile,60,3,3,2,No
PIEO01_1706,Labridae,Notolabrus,fucicola,1,37384021,PIEO01_1706_L.avi,65847,43.898,DEaston,19,,Reef; Mixed algal; Profile,60,3,3,2,No
PIEO01_1706,Labridae,Ophthalmolepis,lineolatus,1,37384040,PIEO01_1706_L.avi,35134,23.4227,DEaston,19,,Reef; Mixed algal; Profile,60,3,3,2,No
PIEO01_1706,Labridae,Notolabrus,tetricus,3,37384003,PIEO01_1706_L.avi,22638,15.092,DEaston,19,,Reef; Mixed algal; Profile,60,3,3,2,Yes
PIEO02_1604,Enoplosidae,Enoplosus,armatus,1,37366001,PIOE02_1604_L.avi,177886,59.2953,JHicks,19,,Reef; Fucoid; Profile,60,2,1,2,No
PIEO02_1604,Myliobatidae,Myliobatis,tenuicaudatus,1,37039001,PIOE02_1604_L.avi,29431,9.8103,JHicks,19,,Reef; Fucoid; Profile,60,2,1,2,No
PIEO02_1604,Cheilodactylidae,Cheilodactylus,nigripes,2,37377001,PIOE02_1604_L.avi,139620,46.54,JHicks,19,,Reef; Fucoid; Profile,60,2,1,2,No
PIEO02_1604,Labridae,Austrolabrus,maculatus,1,37384025,PIOE02_1604_L.avi,143602,47.8673,JHicks,19,,Reef; Fucoid; Profile,60,2,1,2,No
PIEO02_1604,Chaetodontidae,Chelmonops,curiosus,2,37365066,PIOE02_1604_L.avi,37106,12.3687,JHicks,19,,Reef; Fucoid; Profile,60,2,1,2,No
PIEO02_1604,Monacanthidae,Meuschenia,hippocrepis,8,37465004,PIOE02_1604_L.avi,22823,7.6077,JHicks,19,,Reef; Fucoid; Profile,60,2,1,2,Yes
PIEO02_1604,Kyphosidae,Girella,zebra,1,37361008,PIOE02_1604_L.avi,132924,44.308,JHicks,19,,Reef; Fucoid; Profile,60,2,1,2,No
PIEO02_1604,Odacidae,Olisthops,cyanomelas,1,37385001,PIOE02_1604_L.avi,42409,14.1363,JHicks,19,,Reef; Fucoid; Profile,60,2,1,2,No
PIEO02_1604,Monacanthidae,Meuschenia,flavolineata,1,37465035,PIOE02_1604_L.avi,138478,46.1593,JHicks,19,,Reef; Fucoid; Profile,60,2,1,2,No
PIEO02_1604,Labridae,Pictilabrus,laticlavius,3,37384020,PIOE02_1604_L.avi,101546,33.8487,JHicks,19,,Reef; Fucoid; Profile,60,2,1,2,No
PIEO02_1604,Labridae,Achoerodus,gouldii,1,37384002,PIOE02_1604_L.avi,27728,9.2427,JHicks,19,,Reef; Fucoid; Profile,60,2,1,2,No
PIEO02_1604,Labridae,Notolabrus,tetricus,10,37384003,PIOE02_1604_L.avi,47721,15.907,JHicks,19,,Reef; Fucoid; Profile,60,2,1,2,No
PIEO02_1706,Carangidae,Pseudocaranx,sp,14,37337924,PIEO02_1706_L.avi,96613,64.4087,DEaston,17,right camera obsructed by bombie and algae,Reef; Algae and invertebrates: Dense,60,1,1,1,Yes
PIEO02_1706,Monacanthidae,Meuschenia,galii,1,37465040,PIEO02_1706_L.avi,14584,9.7227,DEaston,17,right camera obsructed by bombie and algae,Reef; Algae and invertebrates: Dense,60,1,1,1,Yes
PIEO02_1706,Cheilodactylidae,Cheilodactylus,nigripes,1,37377001,PIEO02_1706_L.avi,5087,3.3913,DEaston,17,right camera obsructed by bombie and algae,Reef; Algae and invertebrates: Dense,60,1,1,1,No
PIEO02_1706,Dinolestidae,Dinolestes,lewini,89,37327002,PIEO02_1706_L.avi,76377,50.918,DEaston,17,right camera obsructed by bombie and algae,Reef; Algae and invertebrates: Dense,60,1,1,1,No
PIEO02_1706,Labridae,Austrolabrus,maculatus,1,37384025,PIEO02_1706_L.avi,7936,5.2907,DEaston,17,right camera obsructed by bombie and algae,Reef; Algae and invertebrates: Dense,60,1,1,1,No
PIEO02_1706,Labridae,Notolabrus,tetricus,3,37384003,PIEO02_1706_L.avi,15611,10.4073,DEaston,17,right camera obsructed by bombie and algae,Reef; Algae and invertebrates: Dense,60,1,1,1,No
PIEO02_1706,Labridae,Ophthalmolepis,lineolatus,1,37384040,PIEO02_1706_L.avi,20331,13.554,DEaston,17,right camera obsructed by bombie and algae,Reef; Algae and invertebrates: Dense,60,1,1,1,No
PIEO02_1706,Labridae,Pictilabrus,laticlavius,2,37384020,PIEO02_1706_L.avi,19453,12.9687,DEaston,17,right camera obsructed by bombie and algae,Reef; Algae and invertebrates: Dense,60,1,1,1,No
PIEO02_1706,Monacanthidae,Unknown,sp,1,37465903,PIEO02_1706_L.avi,42708,28.472,DEaston,17,right camera obsructed by bombie and algae,Reef; Algae and invertebrates: Dense,60,1,1,1,No
PIEO02_1706,Odacidae,Siphonognathus,sp,1,,PIEO02_1706_L.avi,22835,15.2233,DEaston,17,right camera obsructed by bombie and algae,Reef; Algae and invertebrates: Dense,60,1,1,1,No
PIEO02_1706,Monacanthidae,Meuschenia,flavolineata,2,37465035,PIEO02_1706_L.avi,63653,42.4353,DEaston,17,right camera obsructed by bombie and algae,Reef; Algae and invertebrates: Dense,60,1,1,1,No
PIEO02_1706,Monacanthidae,Meuschenia,hippocrepis,8,37465004,PIEO02_1706_L.avi,39171,26.114,DEaston,17,right camera obsructed by bombie and algae,Reef; Algae and invertebrates: Dense,60,1,1,1,Yes
PIEO02_1706,Odacidae,Olisthops,cyanomelas,1,37385001,PIEO02_1706_L.avi,72171,48.114,DEaston,17,right camera obsructed by bombie and algae,Reef; Algae and invertebrates: Dense,60,1,1,1,No
PIEO02_1706,Monacanthidae,Acanthaluteres,vittiger,2,37465002,PIEO02_1706_L.avi,47193,31.462,DEaston,17,right camera obsructed by bombie and algae,Reef; Algae and invertebrates: Dense,60,1,1,1,Yes
PIEO03_1604,Monacanthidae,Meuschenia,flavolineata,1,37465035,PIEO03_1604_L.avi,9374,3.1247,SWhitmarsh,19,,Reef; Fucoid; Profile,60,2,1,1,No
PIEO03_1604,Carangidae,Pseudocaranx,sp,2,37337924,PIEO03_1604_L.avi,95788,31.9293,SWhitmarsh,19,,Reef; Fucoid; Profile,60,2,1,1,Yes
PIEO03_1604,Labridae,Austrolabrus,maculatus,1,37384025,PIEO03_1604_L.avi,10559,3.5197,SWhitmarsh,19,,Reef; Fucoid; Profile,60,2,1,1,No
PIEO03_1604,Cheilodactylidae,Dactylophora,nigricans,1,37377005,PIEO03_1604_L.avi,55410,18.47,SWhitmarsh,19,,Reef; Fucoid; Profile,60,2,1,1,No
PIEO03_1604,Enoplosidae,Enoplosus,armatus,2,37366001,PIEO03_1604_L.avi,10559,3.5197,SWhitmarsh,19,,Reef; Fucoid; Profile,60,2,1,1,No
PIEO03_1604,Monacanthidae,Meuschenia,galii,2,37465040,PIEO03_1604_L.avi,40508,13.5027,SWhitmarsh,19,,Reef; Fucoid; Profile,60,2,1,1,No
PIEO03_1604,Monacanthidae,Meuschenia,hippocrepis,4,37465004,PIEO03_1604_L.avi,97256,32.4187,SWhitmarsh,19,,Reef; Fucoid; Profile,60,2,1,1,Yes
PIEO03_1604,Myliobatidae,Myliobatis,tenuicaudatus,1,37039001,PIEO03_1604_L.avi,101984,33.9947,SWhitmarsh,19,,Reef; Fucoid; Profile,60,2,1,1,No
PIEO03_1604,Labridae,Notolabrus,tetricus,10,37384003,PIEO03_1604_L.avi,77572,25.8573,SWhitmarsh,19,,Reef; Fucoid; Profile,60,2,1,1,Yes
PIEO03_1604,Odacidae,Olisthops,cyanomelas,1,37385001,PIEO03_1604_L.avi,7772,2.5907,SWhitmarsh,19,,Reef; Fucoid; Profile,60,2,1,1,No
PIEO03_1604,Labridae,Pictilabrus,laticlavius,4,37384020,PIEO03_1604_L.avi,41548,13.8493,SWhitmarsh,19,,Reef; Fucoid; Profile,60,2,1,1,Yes
PIEO03_1604,Dinolestidae,Dinolestes,lewini,2,37327002,PIEO03_1604_L.avi,178239,59.413,SWhitmarsh,19,,Reef; Fucoid; Profile,60,2,1,1,No
PIEO03_1706,Carangidae,Pseudocaranx,sp,13,37337924,PIEO03_1706_L.avi,83569,55.7127,JHicks,14.1,,Algae; Dense; Sand,60,3,3,2,No
PIEO03_1706,Chironemidae,Chironemus,georgianus,1,37375003,PIEO03_1706_L.avi,31176,20.784,JHicks,14.1,,Algae; Dense; Sand,60,3,3,2,No
PIEO03_1706,Dasyatidae,Dasyatis,brevicaudata,1,37035001,PIEO03_1706_L.avi,47206,31.4707,JHicks,14.1,,Algae; Dense; Sand,60,3,3,2,No
PIEO03_1706,Enoplosidae,Enoplosus,armatus,1,37366001,PIEO03_1706_L.avi,60794,40.5293,JHicks,14.1,,Algae; Dense; Sand,60,3,3,2,No
PIEO03_1706,Labridae,Notolabrus,parilus,1,37384022,PIEO03_1706_L.avi,94693,63.1287,JHicks,14.1,,Algae; Dense; Sand,60,3,3,2,Yes
PIEO03_1706,Labridae,Notolabrus,tetricus,5,37384003,PIEO03_1706_L.avi,14310,9.54,JHicks,14.1,,Algae; Dense; Sand,60,3,3,2,No
PIEO03_1706,Labridae,Ophthalmolepis,lineolatus,1,37384040,PIEO03_1706_L.avi,46728,31.152,JHicks,14.1,,Algae; Dense; Sand,60,3,3,2,No
PIEO03_1706,Labridae,Pictilabrus,laticlavius,3,37384020,PIEO03_1706_L.avi,8643,5.762,JHicks,14.1,,Algae; Dense; Sand,60,3,3,2,No
PIEO03_1706,Monacanthidae,Meuschenia,hippocrepis,1,37465004,PIEO03_1706_L.avi,16773,11.182,JHicks,14.1,,Algae; Dense; Sand,60,3,3,2,No
PIEO03_1706,Odacidae,Olisthops,cyanomelas,1,37385001,PIEO03_1706_L.avi,11914,7.9427,JHicks,14.1,,Algae; Dense; Sand,60,3,3,2,No
PIEO03_1706,Odacidae,Heteroscarus,acroptilus,1,37385010,PIEO03_1706_L.avi,19719,13.146,JHicks,14.1,,Algae; Dense; Sand,60,3,3,2,No
PIEO04_1604,Labridae,Pictilabrus,laticlavius,2,37384020,PIEO04_1604_L.avi,42398,14.1327,SWhitmarsh,18,,Reef; Fucoid; Profile,60,2,2,1,No
PIEO04_1604,Monacanthidae,Meuschenia,flavolineata,1,37465035,PIEO04_1604_L.avi,43290,14.43,SWhitmarsh,18,,Reef; Fucoid; Profile,60,2,2,1,No
PIEO04_1604,Odacidae,Olisthops,cyanomelas,1,37385001,PIEO04_1604_L.avi,21602,7.2007,SWhitmarsh,18,,Reef; Fucoid; Profile,60,2,2,1,No
PIEO04_1604,Carangidae,Pseudocaranx,sp,2,37337924,PIEO04_1604_L.avi,46383,15.461,SWhitmarsh,18,,Reef; Fucoid; Profile,60,2,2,1,No
PIEO04_1604,Monacanthidae,Meuschenia,hippocrepis,8,37465004,PIEO04_1604_L.avi,123245,41.0817,SWhitmarsh,18,,Reef; Fucoid; Profile,60,2,2,1,Yes
PIEO04_1604,Scorpididae,Scorpis,aequipinnis,1,37361004,PIEO04_1604_L.avi,176384,58.7947,SWhitmarsh,18,,Reef; Fucoid; Profile,60,2,2,1,No
PIEO04_1604,Monacanthidae,Meuschenia,freycineti,1,37465036,PIEO04_1604_L.avi,116975,38.9917,SWhitmarsh,18,,Reef; Fucoid; Profile,60,2,2,1,No
PIEO04_1604,Labridae,Notolabrus,tetricus,9,37384003,PIEO04_1604_L.avi,65263,21.7543,SWhitmarsh,18,,Reef; Fucoid; Profile,60,2,2,1,Yes
PIEO04_1604,Enoplosidae,Enoplosus,armatus,2,37366001,PIEO04_1604_L.avi,133105,44.3683,SWhitmarsh,18,,Reef; Fucoid; Profile,60,2,2,1,No
PIEO04_1604,Dinolestidae,Dinolestes,lewini,4,37327002,PIEO04_1604_L.avi,23888,7.9627,SWhitmarsh,18,,Reef; Fucoid; Profile,60,2,2,1,No
PIEO04_1604,Cheilodactylidae,Dactylophora,nigricans,1,37377005,PIEO04_1604_L.avi,145613,48.5377,SWhitmarsh,18,,Reef; Fucoid; Profile,60,2,2,1,No
PIEO04_1604,Chaetodontidae,Chelmonops,curiosus,1,37365066,PIEO04_1604_L.avi,106539,35.513,SWhitmarsh,18,,Reef; Fucoid; Profile,60,2,2,1,No
PIEO04_1604,Lamnidae,Carcharodon,carcharias,1,37010003,PIEO04_1604_L.avi,171616,57.2053,SWhitmarsh,18,,Reef; Fucoid; Profile,60,2,2,1,No
PIEO04_1604,Monacanthidae,Meuschenia,galii,2,37465040,PIEO04_1604_L.avi,32827,10.9423,SWhitmarsh,18,,Reef; Fucoid; Profile,60,2,2,1,Yes
PIEO04_1706,Sphyraenidae,Sphyraena,novaehollandiae,1,37382002,PIEO04_1706_L.avi,85769,57.1793,JHicks,15.6,,Reef; Mixed Ecklonia and Seirococceae; Profile,60,1,2,2,No
PIEO04_1706,Scorpididae,Scorpis,aequipinnis,2,37361004,PIEO04_1706_L.avi,10899,7.266,JHicks,15.6,,Reef; Mixed Ecklonia and Seirococceae; Profile,60,1,2,2,No
PIEO04_1706,Pomacentridae,Parma,victoriae,1,37372006,PIEO04_1706_L.avi,76084,50.7227,JHicks,15.6,,Reef; Mixed Ecklonia and Seirococceae; Profile,60,1,2,2,No
PIEO04_1706,Odacidae,Olisthops,cyanomelas,1,37385001,PIEO04_1706_L.avi,4106,2.7373,JHicks,15.6,,Reef; Mixed Ecklonia and Seirococceae; Profile,60,1,2,2,No
PIEO04_1706,Myliobatidae,Myliobatis,tenuicaudatus,1,37039001,PIEO04_1706_L.avi,72424,48.2827,JHicks,15.6,,Reef; Mixed Ecklonia and Seirococceae; Profile,60,1,2,2,No
PIEO04_1706,Arripidae,Arripis,georgianus,2,37344001,PIEO04_1706_L.avi,21794,14.5293,JHicks,15.6,,Reef; Mixed Ecklonia and Seirococceae; Profile,60,1,2,2,No
PIEO04_1706,Monacanthidae,Meuschenia,hippocrepis,5,37465004,PIEO04_1706_L.avi,82551,55.034,JHicks,15.6,,Reef; Mixed Ecklonia and Seirococceae; Profile,60,1,2,2,No
PIEO04_1706,Monacanthidae,Meuschenia,galii,2,37465040,PIEO04_1706_L.avi,65031,43.354,JHicks,15.6,,Reef; Mixed Ecklonia and Seirococceae; Profile,60,1,2,2,No
PIEO04_1706,Labridae,Pictilabrus,laticlavius,3,37384020,PIEO04_1706_L.avi,17370,11.58,JHicks,15.6,,Reef; Mixed Ecklonia and Seirococceae; Profile,60,1,2,2,No
PIEO04_1706,Labridae,Notolabrus,tetricus,5,37384003,PIEO04_1706_L.avi,19090,12.7267,JHicks,15.6,,Reef; Mixed Ecklonia and Seirococceae; Profile,60,1,2,2,No
PIEO04_1706,Labridae,Notolabrus,parilus,1,37384022,PIEO04_1706_L.avi,10119,6.746,JHicks,15.6,,Reef; Mixed Ecklonia and Seirococceae; Profile,60,1,2,2,No
PIEO04_1706,Enoplosidae,Enoplosus,armatus,3,37366001,PIEO04_1706_L.avi,11645,7.7633,JHicks,15.6,,Reef; Mixed Ecklonia and Seirococceae; Profile,60,1,2,2,No
PIEO04_1706,Dinolestidae,Dinolestes,lewini,3,37327002,PIEO04_1706_L.avi,14915,9.9433,JHicks,15.6,,Reef; Mixed Ecklonia and Seirococceae; Profile,60,1,2,2,No
PIEO04_1706,Dasyatidae,Dasyatis,brevicaudata,1,37035001,PIEO04_1706_L.avi,35636,23.7573,JHicks,15.6,,Reef; Mixed Ecklonia and Seirococceae; Profile,60,1,2,2,No
PIEO04_1706,Cheilodactylidae,Cheilodactylus,nigripes,2,37377001,PIEO04_1706_L.avi,15352,10.2347,JHicks,15.6,,Reef; Mixed Ecklonia and Seirococceae; Profile,60,1,2,2,No
PIEO04_1706,Carangidae,Trachurus,novaezelandiae,13,37337003,PIEO04_1706_L.avi,23762,15.8413,JHicks,15.6,,Reef; Mixed Ecklonia and Seirococceae; Profile,60,1,2,2,No
PIEO04_1706,Carangidae,Pseudocaranx,sp,36,37337924,PIEO04_1706_L.avi,45034,30.0227,JHicks,15.6,,Reef; Mixed Ecklonia and Seirococceae; Profile,60,1,2,2,No
PIEO04_1706,Odacidae,Heteroscarus,acroptilus,1,37385010,PIEO04_1706_L.avi,10236,6.824,JHicks,15.6,,Reef; Mixed Ecklonia and Seirococceae; Profile,60,1,2,2,No
PINI01_1604,Loliginidae,Sepioteuthis,australis,1,23617005,GOPR0043.MP4,7291,55.5303,JHicks,27,,Algae; Invertebrate; Dense,60,1,2,1,No
PINI01_1604,Gerreidae,Parequula,melbournensis,2,37349001,GOPR0043.MP4,47005,15.6683,JHicks,27,,Algae; Invertebrate; Dense,60,1,2,1,No
PINI01_1604,Triakidae,Mustelus,antarcticus,2,37017001,GOPR0043.MP4,7485,55.595,JHicks,27,,Algae; Invertebrate; Dense,60,1,2,1,No
PINI01_1604,Monacanthidae,Meuschenia,sp,1,37465902,GOPR0043.MP4,48943,16.3143,JHicks,27,,Algae; Invertebrate; Dense,60,1,2,1,No
PINI01_1604,Labridae,Eupetrichthys,angustipes,1,37384105,GOPR0043.MP4,35739,11.913,JHicks,27,,Algae; Invertebrate; Dense,60,1,2,1,No
PINI01_1604,Labridae,Austrolabrus,maculatus,1,37384025,GOPR0043.MP4,26139,8.713,JHicks,27,,Algae; Invertebrate; Dense,60,1,2,1,No
PINI01_1604,Monacanthidae,Acanthaluteres,vittiger,1,37465002,GOPR0043.MP4,12130,39.4433,JHicks,27,,Algae; Invertebrate; Dense,60,1,2,1,No
PINI01_1604,Mullidae,Upeneichthys,vlamingii,2,37355029,GOPR0043.MP4,19909,59.7363,JHicks,27,,Algae; Invertebrate; Dense,60,1,2,1,No
PINI01_1706,Dasyatidae,Dasyatis,brevicaudata,1,37035001,PINI01_1706_L.avi,91453,60.9687,DEaston,26.9,,Algae and invertebrates; Sand; Sparse,60,1,2,1,Yes
PINI01_1706,Scyliorhinidae,Asymbolus,vincenti,1,37015003,PINI01_1706_L.avi,48230,32.1533,DEaston,26.9,,Algae and invertebrates; Sand; Sparse,60,1,2,1,No
PINI01_1706,Pinguipedidae,Parapercis,haackei,2,37390004,PINI01_1706_L.avi,10191,6.794,DEaston,26.9,,Algae and invertebrates; Sand; Sparse,60,1,2,1,No
PINI01_1706,Ostraciidae,Aracana,ornata,1,37466001,PINI01_1706_L.avi,21756,14.504,DEaston,26.9,,Algae and invertebrates; Sand; Sparse,60,1,2,1,No
PINI01_1706,Mullidae,Upeneichthys,vlamingii,3,37355029,PINI01_1706_L.avi,20943,13.962,DEaston,26.9,,Algae and invertebrates; Sand; Sparse,60,1,2,1,No
PINI01_1706,Monacanthidae,Thamnaconus,degeni,6,37465037,PINI01_1706_L.avi,82175,54.7833,DEaston,26.9,,Algae and invertebrates; Sand; Sparse,60,1,2,1,Yes
PINI01_1706,Loliginidae,Sepioteuthis,australis,1,23617005,PINI01_1706_L.avi,93561,62.374,DEaston,26.9,,Algae and invertebrates; Sand; Sparse,60,1,2,1,No
PINI01_1706,Gerreidae,Parequula,melbournensis,8,37349001,PINI01_1706_L.avi,23941,15.9607,DEaston,26.9,,Algae and invertebrates; Sand; Sparse,60,1,2,1,No
PINI01_1706,Triakidae,Mustelus,antarcticus,2,37017001,PINI01_1706_L.avi,78030,52.02,DEaston,26.9,,Algae and invertebrates; Sand; Sparse,60,1,2,1,Yes
PINI01_1706,Labridae,Austrolabrus,maculatus,1,37384025,PINI01_1706_L.avi,13456,8.9707,DEaston,26.9,,Algae and invertebrates; Sand; Sparse,60,1,2,1,No
PINI02_1604,Mullidae,Upeneichthys,vlamingii,2,37355029,GOPR0034L.MP4,18728,23.9427,JHicks,27,,Algae and invertebrates; Sand; Medium,60,2,1,1,No
PINI02_1604,Monacanthidae,Thamnaconus,degeni,2,37465037,GOPR0034L.MP4,39318,48.506,JHicks,27,,Algae and invertebrates; Sand; Medium,60,2,1,1,No
PINI02_1604,Gerreidae,Parequula,melbournensis,3,37349001,GOPR0034L.MP4,46592,15.5307,JHicks,27,,Algae and invertebrates; Sand; Medium,60,2,1,1,No
PINI02_1604,Pinguipedidae,Parapercis,ramsayi,1,37390002,GOPR0034L.MP4,4265,19.1217,JHicks,27,,Algae and invertebrates; Sand; Medium,60,2,1,1,No
PINI02_1604,Monacanthidae,Meuschenia,galii,1,37465040,GOPR0034L.MP4,8793,20.631,JHicks,27,,Algae and invertebrates; Sand; Medium,60,2,1,1,No
PINI02_1604,Labridae,Eupetrichthys,angustipes,3,37384105,GOPR0034L.MP4,33114,28.738,JHicks,27,,Algae and invertebrates; Sand; Medium,60,2,1,1,No
PINI02_1604,Labridae,Austrolabrus,maculatus,1,37384025,GOPR0034L.MP4,46143,15.381,JHicks,27,,Algae and invertebrates; Sand; Medium,60,2,1,1,No
PINI02_1604,Neosebastidae,Neosebastes,pandus,1,37287003,GOPR0034L.MP4,1162,53.4873,JHicks,27,,Algae and invertebrates; Sand; Medium,60,2,1,1,No
PINI02_1706,Loliginidae,Sepioteuthis,australis,2,23617005,PINI02_1706_L.avi,85010,56.6733,DEaston,26.9,,Algae and invertebrates; Sand; Sparse,60,1,2,1,No
PINI02_1706,Heterodontidae,Heterodontus,portusjacksoni,1,37007001,PINI02_1706_L.avi,55605,37.07,DEaston,26.9,,Algae and invertebrates; Sand; Sparse,60,1,2,1,No
PINI02_1706,Labridae,Austrolabrus,maculatus,2,37384025,PINI02_1706_L.avi,7371,4.914,DEaston,26.9,,Algae and invertebrates; Sand; Sparse,60,1,2,1,No
PINI02_1706,Monacanthidae,Acanthaluteres,vittiger,1,37465002,PINI02_1706_L.avi,60196,40.1307,DEaston,26.9,,Algae and invertebrates; Sand; Sparse,60,1,2,1,No
PINI02_1706,Monacanthidae,Scobinichthys,granulatus,1,37465007,PINI02_1706_L.avi,88085,58.7233,DEaston,26.9,,Algae and invertebrates; Sand; Sparse,60,1,2,1,No
PINI02_1706,Monacanthidae,Thamnaconus,degeni,10,37465037,PINI02_1706_L.avi,90174,60.116,DEaston,26.9,,Algae and invertebrates; Sand; Sparse,60,1,2,1,Yes
PINI02_1706,Mullidae,Upeneichthys,vlamingii,2,37355029,PINI02_1706_L.avi,90638,60.4253,DEaston,26.9,,Algae and invertebrates; Sand; Sparse,60,1,2,1,No
PINI02_1706,Pinguipedidae,Parapercis,haackei,1,37390004,PINI02_1706_L.avi,22909,15.2727,DEaston,26.9,,Algae and invertebrates; Sand; Sparse,60,1,2,1,No
PINI02_1706,Pinguipedidae,Parapercis,ramsayi,1,37390002,PINI02_1706_L.avi,6307,4.2047,DEaston,26.9,,Algae and invertebrates; Sand; Sparse,60,1,2,1,No
PINI02_1706,Scombridae,Scomber,australasicus,3,37441001,PINI02_1706_L.avi,66663,44.442,DEaston,26.9,,Algae and invertebrates; Sand; Sparse,60,1,2,1,No
PINI02_1706,Triakidae,Mustelus,antarcticus,3,37017001,PINI02_1706_L.avi,71031,47.354,DEaston,26.9,,Algae and invertebrates; Sand; Sparse,60,1,2,1,Yes
PINI02_1706,Gerreidae,Parequula,melbournensis,4,37349001,PINI02_1706_L.avi,18833,12.5553,DEaston,26.9,,Algae and invertebrates; Sand; Sparse,60,1,2,1,No
PINI03_1604,Monacanthidae,Acanthaluteres,vittiger,2,37465002,PAII03_1604_L.avi,38175,12.725,JHicks,27,,Reef; Fucoid; Flat,60,2,2,2,No
PINI03_1604,Mullidae,Upeneichthys,vlamingii,1,37355029,PAII03_1604_L.avi,127198,42.3993,JHicks,27,,Reef; Fucoid; Flat,60,2,2,2,No
PINI03_1604,Odacidae,Siphonognathus,sp,1,37385905,PAII03_1604_L.avi,138111,46.037,JHicks,27,,Reef; Fucoid; Flat,60,2,2,2,No
PINI03_1604,Labridae,Pictilabrus,laticlavius,2,37384020,PAII03_1604_L.avi,10429,3.4763,JHicks,27,,Reef; Fucoid; Flat,60,2,2,2,No
PINI03_1604,Gerreidae,Parequula,melbournensis,2,37349001,PAII03_1604_L.avi,25138,8.3793,JHicks,27,,Reef; Fucoid; Flat,60,2,2,2,No
PINI03_1604,Odacidae,Olisthops,cyanomelas,1,37385001,PAII03_1604_L.avi,39271,13.0903,JHicks,27,,Reef; Fucoid; Flat,60,2,2,2,No
PINI03_1604,Labridae,Notolabrus,tetricus,1,37384003,PAII03_1604_L.avi,10299,3.433,JHicks,27,,Reef; Fucoid; Flat,60,2,2,2,No
PINI03_1604,Labridae,Notolabrus,parilus,2,37384022,PAII03_1604_L.avi,35497,11.8323,JHicks,27,,Reef; Fucoid; Flat,60,2,2,2,No
PINI03_1604,Neosebastidae,Neosebastes,bougainvillii,1,37287004,PAII03_1604_L.avi,144841,48.2803,JHicks,27,,Reef; Fucoid; Flat,60,2,2,2,No
PINI03_1604,Cheilodactylidae,Nemadactylus,valenciennesi,1,37377004,PAII03_1604_L.avi,106168,35.3893,JHicks,27,,Reef; Fucoid; Flat,60,2,2,2,No
PINI03_1604,Monacanthidae,Meuschenia,freycineti,1,37465036,PAII03_1604_L.avi,67945,22.6483,JHicks,27,,Reef; Fucoid; Flat,60,2,2,2,No
PINI03_1604,Notocheiridae,Iso,rhothophilus,200,37247001,PAII03_1604_L.avi,161849,53.9497,JHicks,27,,Reef; Fucoid; Flat,60,2,2,2,No
PINI03_1604,Ostraciidae,Aracana,ornata,1,37466001,PAII03_1604_L.avi,177044,59.0147,JHicks,27,,Reef; Fucoid; Flat,60,2,2,2,No
PINI03_1604,Monacanthidae,Acanthaluteres,sp,2,37465905,PAII03_1604_L.avi,11584,3.8613,JHicks,27,,Reef; Fucoid; Flat,60,2,2,2,No
PINI03_1604,Serranidae,Caesioperca,rasor,6,37311003,PAII03_1604_L.avi,96396,32.132,JHicks,27,,Reef; Fucoid; Flat,60,2,2,2,No
PINI03_1706,Dasyatidae,Dasyatis,brevicaudata,1,37035001,PINI03_1706_L.avi,62986,41.9907,DEaston,27,,Algae; Invertebrate; Medium,60,1,1,2,No
PINI03_1706,Mullidae,Upeneichthys,vlamingii,2,37355029,PINI03_1706_L.avi,45760,30.5067,DEaston,27,,Algae; Invertebrate; Medium,60,1,1,2,No
PINI03_1706,Monacanthidae,Thamnaconus,degeni,9,37465037,PINI03_1706_L.avi,76933,51.2887,DEaston,27,,Algae; Invertebrate; Medium,60,1,1,2,Yes
PINI03_1706,Labridae,Notolabrus,parilus,1,37384022,PINI03_1706_L.avi,17906,11.9373,DEaston,27,,Algae; Invertebrate; Medium,60,1,1,2,No
PINI03_1706,Labridae,Eupetrichthys,angustipes,1,37384105,PINI03_1706_L.avi,32726,21.8173,DEaston,27,,Algae; Invertebrate; Medium,60,1,1,2,No
PINI03_1706,Gerreidae,Parequula,melbournensis,2,37349001,PINI03_1706_L.avi,14369,9.5793,DEaston,27,,Algae; Invertebrate; Medium,60,1,1,2,No
PINI03_1706,Carangidae,Pseudocaranx,sp,9,37337924,PINI03_1706_L.avi,15049,10.0327,DEaston,27,,Algae; Invertebrate; Medium,60,1,1,2,No
PINI03_1706,Labridae,Austrolabrus,maculatus,5,37384025,PINI03_1706_L.avi,12215,8.1433,DEaston,27,,Algae; Invertebrate; Medium,60,1,1,2,No
PINI04_1604,Labridae,Eupetrichthys,angustipes,3,37384105,PAII04_1604_L.avi,22134,7.378,JHicks,26,,Algae; Invertebrate; Medium,60,2,1,2,No
PINI04_1604,Monacanthidae,Brachaluteres,jacksonianus,1,37465025,PAII04_1604_L.avi,157369,52.4563,JHicks,26,,Algae; Invertebrate; Medium,60,2,1,2,No
PINI04_1604,Monacanthidae,Thamnaconus,degeni,1,37465037,PAII04_1604_L.avi,66389,22.1297,JHicks,26,,Algae; Invertebrate; Medium,60,2,1,2,Yes
PINI04_1604,Monacanthidae,Meuschenia,sp,2,37465902,PAII04_1604_L.avi,178876,59.6253,JHicks,26,,Algae; Invertebrate; Medium,60,2,1,2,Yes
PINI04_1604,Triakidae,Mustelus,antarcticus,1,37017001,PAII04_1604_L.avi,146777,48.9257,JHicks,26,,Algae; Invertebrate; Medium,60,2,1,2,No
PINI04_1604,Gerreidae,Parequula,melbournensis,2,37349001,PAII04_1604_L.avi,46705,15.5683,JHicks,26,,Algae; Invertebrate; Medium,60,2,1,2,No
PINI04_1604,Mullidae,Upeneichthys,vlamingii,1,37355029,PAII04_1604_L.avi,35040,11.68,JHicks,26,,Algae; Invertebrate; Medium,60,2,1,2,No
PINI04_1604,Labridae,Austrolabrus,maculatus,1,37384025,PAII04_1604_L.avi,16422,5.474,JHicks,26,,Algae; Invertebrate; Medium,60,2,1,2,No
PINI04_1706,Triakidae,Mustelus,antarcticus,1,37017001,PINI04_1706_L.avi,50153,33.4353,DEaston,26,,Algae; Invertebrate; Medium,60,1,2,2,No
PINI04_1706,Labridae,Notolabrus,tetricus,1,37384003,PINI04_1706_L.avi,76767,51.178,DEaston,26,,Algae; Invertebrate; Medium,60,1,2,2,No
PINI04_1706,Carangidae,Pseudocaranx,georgianus,1,37337062,PINI04_1706_L.avi,21193,14.1287,DEaston,26,,Algae; Invertebrate; Medium,60,1,2,2,No
PINI04_1706,Gerreidae,Parequula,melbournensis,4,37349001,PINI04_1706_L.avi,19486,12.9907,DEaston,26,,Algae; Invertebrate; Medium,60,1,2,2,No
PINI04_1706,Labridae,Austrolabrus,maculatus,1,37384025,PINI04_1706_L.avi,11624,7.7493,DEaston,26,,Algae; Invertebrate; Medium,60,1,2,2,No
PINI04_1706,Labridae,Notolabrus,parilus,1,37384022,PINI04_1706_L.avi,19971,13.314,DEaston,26,,Algae; Invertebrate; Medium,60,1,2,2,No
PINI04_1706,Loliginidae,Sepioteuthis,australis,1,23617005,PINI04_1706_L.avi,9868,6.5787,DEaston,26,,Algae; Invertebrate; Medium,60,1,2,2,No
PINI04_1706,Monacanthidae,Acanthaluteres,vittiger,2,37465002,PINI04_1706_L.avi,91789,61.1927,DEaston,26,,Algae; Invertebrate; Medium,60,1,2,2,No
PINI04_1706,Labridae,Eupetrichthys,angustipes,1,37384105,PINI04_1706_L.avi,14368,9.5787,DEaston,26,,Algae; Invertebrate; Medium,60,1,2,2,No
PINO01_1604,Loliginidae,Sepioteuthis,australis,1,23617005,PION01_1604_L.avi,89808,29.936,JHicks,27,,Invertebrates; Sand; Medium,60,2,1,1,No
PINO01_1604,Monacanthidae,MONACANTHIDAE,sp,1,37465903,PION01_1604_L.avi,56961,18.987,JHicks,27,,Invertebrates; Sand; Medium,60,2,1,1,No
PINO01_1604,Mullidae,Upeneichthys,vlamingii,1,37355029,PION01_1604_L.avi,15653,5.2177,JHicks,27,,Invertebrates; Sand; Medium,60,2,1,1,No
PINO01_1604,Monacanthidae,Thamnaconus,degeni,2,37465037,PION01_1604_L.avi,135927,45.309,JHicks,27,,Invertebrates; Sand; Medium,60,2,1,1,Yes
PINO01_1604,Monacanthidae,Acanthaluteres,vittiger,1,37465002,PION01_1604_L.avi,50440,16.8133,JHicks,27,,Invertebrates; Sand; Medium,60,2,1,1,No
PINO01_1604,Ostraciidae,Aracana,ornata,1,37466001,PION01_1604_L.avi,34175,11.3917,JHicks,27,,Invertebrates; Sand; Medium,60,2,1,1,No
PINO01_1604,Labridae,Austrolabrus,maculatus,3,37384025,PION01_1604_L.avi,23734,7.9113,JHicks,27,,Invertebrates; Sand; Medium,60,2,1,1,No
PINO01_1604,Labridae,Eupetrichthys,angustipes,2,37384105,PION01_1604_L.avi,22880,7.6267,JHicks,27,,Invertebrates; Sand; Medium,60,2,1,1,No
PINO01_1604,Neosebastidae,Neosebastes,bougainvillii,1,37287004,PION01_1604_L.avi,133665,44.555,JHicks,27,,Invertebrates; Sand; Medium,60,2,1,1,No
PINO01_1604,Pinguipedidae,Parapercis,ramsayi,1,37390002,PION01_1604_L.avi,97628,32.5427,JHicks,27,,Invertebrates; Sand; Medium,60,2,1,1,No
PINO01_1604,Sepiidae,Sepia,apama,1,23607001,PION01_1604_L.avi,147296,49.0987,JHicks,27,,Invertebrates; Sand; Medium,60,2,1,1,No
PINO01_1604,Gerreidae,Parequula,melbournensis,5,37349001,PION01_1604_L.avi,38938,12.9793,JHicks,27,,Invertebrates; Sand; Medium,60,2,1,1,No
PINO01_1706,Monacanthidae,Thamnaconus,degeni,10,37465037,PINO01_1706_L.avi,57046,38.0307,DEaston,27,,Invertebrates; Sand; sparse*,60,2,1,1,Yes
PINO01_1706,Labridae,Austrolabrus,maculatus,1,37384025,PINO01_1706_L.avi,11252,7.5013,DEaston,27,,Invertebrates; Sand; sparse*,60,2,1,1,No
PINO01_1706,Gerreidae,Parequula,melbournensis,5,37349001,PINO01_1706_L.avi,14854,9.9027,DEaston,27,,Invertebrates; Sand; sparse*,60,2,1,1,No
PINO01_1706,Dasyatidae,Dasyatis,brevicaudata,2,37035001,PINO01_1706_L.avi,71519,47.6793,DEaston,27,,Invertebrates; Sand; sparse*,60,2,1,1,No
PINO01_1706,Callorhinchidae,Callorhinchus,milii,1,37043001,PINO01_1706_L.avi,39458,26.3053,DEaston,27,,Invertebrates; Sand; sparse*,60,2,1,1,No
PINO01_1706,Monacanthidae,Scobinichthys,granulatus,1,37465007,PINO01_1706_L.avi,13410,8.94,DEaston,27,,Invertebrates; Sand; sparse*,60,2,1,1,No
PINO01_1706,Pinguipedidae,Parapercis,ramsayi,2,37390002,PINO01_1706_L.avi,6842,4.5613,DEaston,27,,Invertebrates; Sand; sparse*,60,2,1,1,No
PINO01_1706,Mullidae,Upeneichthys,vlamingii,2,37355029,PINO01_1706_L.avi,51007,34.0047,DEaston,27,,Invertebrates; Sand; sparse*,60,2,1,1,No
PINO01_1706,Pinguipedidae,Parapercis,haackei,1,37390004,PINO01_1706_L.avi,7542,5.028,DEaston,27,,Invertebrates; Sand; sparse*,60,2,1,1,No
PINO01_1706,Monacanthidae,Unknown,sp,10,37465903,PINO01_1706_L.avi,62103,41.402,DEaston,27,,Invertebrates; Sand; sparse*,60,2,1,1,Yes
PINO01_1706,Loliginidae,Sepioteuthis,australis,1,23617005,PINO01_1706_L.avi,43216,28.8107,DEaston,27,,Invertebrates; Sand; sparse*,60,2,1,1,No
PINO02_1604,Sepiidae,Sepia,apama,1,23607001,PION02_1604_L.avi,147586,49.1953,JHicks,27,,Algae and invertebrates; Sand; Medium,60,2,1,1,No
PINO02_1604,Gerreidae,Parequula,melbournensis,3,37349001,PION02_1604_L.avi,57237,19.079,JHicks,27,,Algae and invertebrates; Sand; Medium,60,2,1,1,No
PINO02_1604,Neosebastidae,Neosebastes,bougainvillii,2,37287004,PION02_1604_L.avi,189656,63.2187,JHicks,27,,Algae and invertebrates; Sand; Medium,60,2,1,1,No
PINO02_1604,Monacanthidae,Thamnaconus,degeni,2,37465037,PION02_1604_L.avi,109482,36.494,JHicks,27,,Algae and invertebrates; Sand; Medium,60,2,1,1,No
PINO02_1604,Labridae,Eupetrichthys,angustipes,2,37384105,PION02_1604_L.avi,93871,31.2903,JHicks,27,,Algae and invertebrates; Sand; Medium,60,2,1,1,No
PINO02_1604,Serranidae,Caesioperca,rasor,7,37311003,PION02_1604_L.avi,137100,45.7,JHicks,27,,Algae and invertebrates; Sand; Medium,60,2,1,1,No
PINO02_1604,Labridae,Austrolabrus,maculatus,1,37384025,PION02_1604_L.avi,15722,5.2407,JHicks,27,,Algae and invertebrates; Sand; Medium,60,2,1,1,No
PINO02_1604,Mullidae,Upeneichthys,vlamingii,7,37355029,PION02_1604_L.avi,146091,48.697,JHicks,27,,Algae and invertebrates; Sand; Medium,60,2,1,1,No
PINO02_1706,Gempylidae,Thyrsites,atun,1,37439001,PINO02_1706_L.avi,55719,37.146,DColella,27,,Algae and invertebrates; Sand; Medium,60,1,2,2,No
PINO02_1706,Dasyatidae,Dasyatis,brevicaudata,1,37035001,PINO02_1706_L.avi,85491,56.994,DColella,27,,Algae and invertebrates; Sand; Medium,60,1,2,2,No
PINO02_1706,Gerreidae,Parequula,melbournensis,2,37349001,PINO02_1706_L.avi,18430,12.2867,DColella,27,,Algae and invertebrates; Sand; Medium,60,1,2,2,No
PINO02_1706,Labridae,Eupetrichthys,angustipes,2,37384105,PINO02_1706_L.avi,8337,5.558,DColella,27,,Algae and invertebrates; Sand; Medium,60,1,2,2,No
PINO02_1706,Monacanthidae,Thamnaconus,degeni,6,37465037,PINO02_1706_L.avi,57637,38.4247,DColella,27,,Algae and invertebrates; Sand; Medium,60,1,2,2,No
PINO02_1706,Moridae,Pseudophycis,bachus,1,37224006,PINO02_1706_L.avi,22416,14.944,DColella,27,,Algae and invertebrates; Sand; Medium,60,1,2,2,Yes
PINO02_1706,Serranidae,Caesioperca,rasor,4,37311003,PINO02_1706_L.avi,45322,30.2147,DColella,27,,Algae and invertebrates; Sand; Medium,60,1,2,2,No
PINO02_1706,Carangidae,Trachurus,novaezelandiae,7,37337003,PINO02_1706_L.avi,44301,29.534,DColella,27,,Algae and invertebrates; Sand; Medium,60,1,2,2,No
PINO03_1604,Pinguipedidae,Parapercis,ramsayi,1,37390002,PINO03_1604_L.avi,152108,50.7027,SWhitmarsh,28,,Algae and invertebrates; Sand; Medium,60,2,1,1,No
PINO03_1604,Monacanthidae,Thamnaconus,degeni,2,37465037,PINO03_1604_L.avi,59917,19.9723,SWhitmarsh,28,,Algae and invertebrates; Sand; Medium,60,2,1,1,No
PINO03_1604,Carangidae,Trachurus,novaezelandiae,5,37337003,PINO03_1604_L.avi,187224,62.408,SWhitmarsh,28,,Algae and invertebrates; Sand; Medium,60,2,1,1,No
PINO03_1604,Rhinobatidae,Trygonorrhina,dumerilii,1,37027011,PINO03_1604_L.avi,154327,51.4423,SWhitmarsh,28,,Algae and invertebrates; Sand; Medium,60,2,1,1,No
PINO03_1604,Labridae,Eupetrichthys,angustipes,1,37384105,PINO03_1604_L.avi,16736,5.5787,SWhitmarsh,28,,Algae and invertebrates; Sand; Medium,60,2,1,1,No
PINO03_1604,Mullidae,Upeneichthys,vlamingii,4,37355029,PINO03_1604_L.avi,44804,14.9347,SWhitmarsh,28,,Algae and invertebrates; Sand; Medium,60,2,1,1,No
PINO03_1604,Gerreidae,Parequula,melbournensis,4,37349001,PINO03_1604_L.avi,51427,17.1423,SWhitmarsh,28,,Algae and invertebrates; Sand; Medium,60,2,1,1,No
PINO03_1706,Pinguipedidae,Parapercis,ramsayi,2,37390002,PINO03_1706_L.avi,38669,25.7793,DColella,28,,Invertebrates and algae; Sand; Sparse,60,1,2,2,No
PINO03_1706,Paguridae,Unknown,sp,1,28835000,PINO03_1706_L.avi,14025,9.35,DColella,28,,Invertebrates and algae; Sand; Sparse,60,1,2,2,No
PINO03_1706,Mullidae,Upeneichthys,vlamingii,1,37355029,PINO03_1706_L.avi,19589,13.0593,DColella,28,,Invertebrates and algae; Sand; Sparse,60,1,2,2,No
PINO03_1706,Monacanthidae,Thamnaconus,degeni,15,37465037,PINO03_1706_L.avi,73979,49.3193,DColella,28,,Invertebrates and algae; Sand; Sparse,60,1,2,2,Yes
PINO03_1706,Labridae,Eupetrichthys,angustipes,1,37384105,PINO03_1706_L.avi,9119,6.0793,DColella,28,,Invertebrates and algae; Sand; Sparse,60,1,2,2,No
PINO03_1706,Gerreidae,Parequula,melbournensis,5,37349001,PINO03_1706_L.avi,24319,16.2127,DColella,28,,Invertebrates and algae; Sand; Sparse,60,1,2,2,No
PINO03_1706,Carangidae,Trachurus,novaezelandiae,7,37337003,PINO03_1706_L.avi,64372,42.9147,DColella,28,,Invertebrates and algae; Sand; Sparse,60,1,2,2,No
PINO03_1706,Callorhinchidae,Callorhinchus,milii,1,37043001,PINO03_1706_L.avi,87071,58.0473,DColella,28,,Invertebrates and algae; Sand; Sparse,60,1,2,2,No
PINO04_1604,Pinguipedidae,Parapercis,ramsayi,2,37390002,PINO04_1604_L.avi,105946,35.3153,SWhitmarsh,27,,Algae and invertebrates; Sand; Medium,60,2,1,1,No
PINO04_1604,Labridae,Eupetrichthys,angustipes,2,37384105,PINO04_1604_L.avi,8528,2.8427,SWhitmarsh,27,,Algae and invertebrates; Sand; Medium,60,2,1,1,No
PINO04_1604,Monacanthidae,Acanthaluteres,vittiger,1,37465002,PINO04_1604_L.avi,36942,12.314,SWhitmarsh,27,,Algae and invertebrates; Sand; Medium,60,2,1,1,No
PINO04_1604,Gerreidae,Parequula,melbournensis,3,37349001,PINO04_1604_L.avi,70222,23.4073,SWhitmarsh,27,,Algae and invertebrates; Sand; Medium,60,2,1,1,No
PINO04_1604,Majidae,MAJIDAE,sp,1,28880911,PINO04_1604_L.avi,102093,34.031,SWhitmarsh,27,,Algae and invertebrates; Sand; Medium,60,2,1,1,No
PINO04_1604,Mullidae,Upeneichthys,vlamingii,2,37355029,PINO04_1604_L.avi,42469,14.1563,SWhitmarsh,27,,Algae and invertebrates; Sand; Medium,60,2,1,1,No
PINO04_1604,Carangidae,Trachurus,novaezelandiae,4,37337003,PINO04_1604_L.avi,47757,15.919,SWhitmarsh,27,,Algae and invertebrates; Sand; Medium,60,2,1,1,No
PINO04_1604,Labridae,Austrolabrus,maculatus,3,37384025,PINO04_1604_L.avi,58341,19.447,SWhitmarsh,27,,Algae and invertebrates; Sand; Medium,60,2,1,1,No
PINO04_1706,Monacanthidae,Acanthaluteres,vittiger,1,37465002,PINO04_1706_L.avi,46717,31.1447,DEaston,27,,Sponges; Sand; Sparse,60,1,2,1,Yes
PINO04_1706,Gerreidae,Parequula,melbournensis,5,37349001,PINO04_1706_L.avi,10230,6.82,DEaston,27,,Sponges; Sand; Sparse,60,1,2,1,No
PINO04_1706,Dasyatidae,Dasyatis,brevicaudata,2,37035001,PINO04_1706_L.avi,52983,35.322,DEaston,27,,Sponges; Sand; Sparse,60,1,2,1,Yes
PINO04_1706,Platycephalidae,Platycephalus,bassensis,1,37296003,PINO04_1706_L.avi,9158,6.1053,DEaston,27,,Sponges; Sand; Sparse,60,1,2,1,No
PINO04_1706,Pinguipedidae,Parapercis,ramsayi,2,37390002,PINO04_1706_L.avi,22487,14.9913,DEaston,27,,Sponges; Sand; Sparse,60,1,2,1,No
PINO04_1706,Pinguipedidae,Parapercis,haackei,1,37390004,PINO04_1706_L.avi,26337,17.558,DEaston,27,,Sponges; Sand; Sparse,60,1,2,1,No
PINO04_1706,Monacanthidae,Thamnaconus,degeni,7,37465037,PINO04_1706_L.avi,66953,44.6353,DEaston,27,,Sponges; Sand; Sparse,60,1,2,1,Yes
PINO04_1706,Triakidae,Mustelus,antarcticus,1,37017001,PINO04_1706_L.avi,27081,18.054,DEaston,27,,Sponges; Sand; Sparse,60,1,2,1,Yes
PINO04_1706,Monacanthidae,Unknown,sp,1,37465903,PINO04_1706_L.avi,40036,26.6907,DEaston,27,,Sponges; Sand; Sparse,60,1,2,1,Yes
PINO04_1706,Monacanthidae,Unknown,sp,5,37465903,PINO04_1706_L.avi,28139,18.7593,DEaston,27,,Sponges; Sand; Sparse,60,1,2,1,Yes
PINO04_1706,Labridae,Austrolabrus,maculatus,2,37384025,PINO04_1706_L.avi,8968,5.9787,DEaston,27,,Sponges; Sand; Sparse,60,1,2,1,No
PINO04_1706,Mullidae,Upeneichthys,vlamingii,1,37355029,PINO04_1706_L.avi,24504,16.336,DEaston,27,,Sponges; Sand; Sparse,60,1,2,1,No
PIWI01_1604,Chaetodontidae,Chelmonops,curiosus,1,37365066,PIWI01_1604_L.avi,97924,32.6413,SWhitmarsh,22,,Reef; Ecklonia; Profile,60,1,2,1,No
PIWI01_1604,Lamnidae,Carcharodon,carcharias,1,37010003,PIWI01_1604_L.avi,70104,23.368,SWhitmarsh,22,,Reef; Ecklonia; Profile,60,1,2,1,No
PIWI01_1604,Monacanthidae,Meuschenia,flavolineata,2,37465035,PIWI01_1604_L.avi,28522,9.5073,SWhitmarsh,22,,Reef; Ecklonia; Profile,60,1,2,1,No
PIWI01_1604,Monacanthidae,Meuschenia,galii,2,37465040,PIWI01_1604_L.avi,116785,38.9283,SWhitmarsh,22,,Reef; Ecklonia; Profile,60,1,2,1,No
PIWI01_1604,Monacanthidae,Meuschenia,hippocrepis,17,37465004,PIWI01_1604_L.avi,82174,27.3913,SWhitmarsh,22,,Reef; Ecklonia; Profile,60,1,2,1,Yes
PIWI01_1604,Cheilodactylidae,Nemadactylus,valenciennesi,2,37377004,PIWI01_1604_L.avi,182838,60.946,SWhitmarsh,22,,Reef; Ecklonia; Profile,60,1,2,1,No
PIWI01_1604,Labridae,Notolabrus,tetricus,2,37384003,PIWI01_1604_L.avi,33593,11.1977,SWhitmarsh,22,,Reef; Ecklonia; Profile,60,1,2,1,No
PIWI01_1604,Odacidae,Olisthops,cyanomelas,1,37385001,PIWI01_1604_L.avi,86892,28.964,SWhitmarsh,22,,Reef; Ecklonia; Profile,60,1,2,1,No
PIWI01_1604,Carangidae,Pseudocaranx,sp,2,37337924,PIWI01_1604_L.avi,91731,30.577,SWhitmarsh,22,,Reef; Ecklonia; Profile,60,1,2,1,No
PIWI01_1604,Labridae,Achoerodus,gouldii,1,37384002,PIWI01_1604_L.avi,180855,60.285,SWhitmarsh,22,,Reef; Ecklonia; Profile,60,1,2,1,No
PIWI01_1706,Labridae,Pictilabrus,laticlavius,2,37384020,PIWI01_1706_L.avi,13916,9.2773,DEaston,19.1,,Reef; Mixed algal; Profile,60,2,2,2,Yes
PIWI01_1706,Labridae,Austrolabrus,maculatus,1,37384025,PIWI01_1706_L.avi,7160,4.7733,DEaston,19.1,,Reef; Mixed algal; Profile,60,2,2,2,No
PIWI01_1706,Chaetodontidae,Chelmonops,curiosus,1,37365066,PIWI01_1706_L.avi,64919,43.2793,DEaston,19.1,,Reef; Mixed algal; Profile,60,2,2,2,No
PIWI01_1706,Labridae,Notolabrus,tetricus,8,37384003,PIWI01_1706_L.avi,44714,29.8093,DEaston,19.1,,Reef; Mixed algal; Profile,60,2,2,2,Yes
PIWI01_1706,Kyphosidae,Girella,zebra,1,37361008,PIWI01_1706_L.avi,99222,66.148,DEaston,19.1,,Reef; Mixed algal; Profile,60,2,2,2,No
PIWI01_1706,Monacanthidae,Meuschenia,galii,1,37465040,PIWI01_1706_L.avi,11455,7.6367,DEaston,19.1,,Reef; Mixed algal; Profile,60,2,2,2,No
PIWI01_1706,Monacanthidae,Meuschenia,hippocrepis,18,37465004,PIWI01_1706_L.avi,44553,29.702,DEaston,19.1,,Reef; Mixed algal; Profile,60,2,2,2,Yes
PIWI01_1706,Myliobatidae,Myliobatis,tenuicaudatus,4,37039001,PIWI01_1706_L.avi,21673,14.4487,DEaston,19.1,,Reef; Mixed algal; Profile,60,2,2,2,No
PIWI01_1706,Odacidae,Heteroscarus,acroptilus,1,37385010,PIWI01_1706_L.avi,71807,47.8713,DEaston,19.1,,Reef; Mixed algal; Profile,60,2,2,2,No
PIWI01_1706,Odacidae,Olisthops,cyanomelas,1,37385001,PIWI01_1706_L.avi,10238,6.8253,DEaston,19.1,,Reef; Mixed algal; Profile,60,2,2,2,No
PIWI01_1706,Scorpididae,Scorpis,aequipinnis,1,37361004,PIWI01_1706_L.avi,81182,54.1213,DEaston,19.1,,Reef; Mixed algal; Profile,60,2,2,2,No
PIWI01_1706,Labridae,Unknown,sp,1,37384000,PIWI01_1706_L.avi,4218,2.812,DEaston,19.1,,Reef; Mixed algal; Profile,60,2,2,2,No
PIWI01_1706,Carangidae,Pseudocaranx,sp,7,37337924,PIWI01_1706_L.avi,50903,33.9353,DEaston,19.1,,Reef; Mixed algal; Profile,60,2,2,2,No
PIWI01_1706,Cheilodactylidae,Cheilodactylus,nigripes,2,37377001,PIWI01_1706_L.avi,87489,58.326,DEaston,19.1,,Reef; Mixed algal; Profile,60,2,2,2,No
PIWI01_1706,Dasyatidae,Dasyatis,brevicaudata,1,37035001,PIWI01_1706_L.avi,50837,33.8913,DEaston,19.1,,Reef; Mixed algal; Profile,60,2,2,2,No
PIWI01_1706,Serranidae,Othos,dentex,1,37311005,PIWI01_1706_L.avi,70821,47.214,DEaston,19.1,,Reef; Mixed algal; Profile,60,2,2,2,No
PIWI01_1706,Labridae,Notolabrus,parilus,1,37384022,PIWI01_1706_L.avi,6855,4.57,DEaston,19.1,,Reef; Mixed algal; Profile,60,2,2,2,No
PIWI02_1604,Dinolestidae,Dinolestes,lewini,5,37327002,PIWI02_1604_L.avi,178120,59.3733,SWhitmarsh,16,,Reef; Mixed algal; Profile,60,1,2,1,No
PIWI02_1604,Scorpididae,Scorpis,aequipinnis,1,37361004,PIWI02_1604_L.avi,107476,35.8253,SWhitmarsh,16,,Reef; Mixed algal; Profile,60,1,2,1,No
PIWI02_1604,Carangidae,Pseudocaranx,sp,10,37337924,PIWI02_1604_L.avi,156531,52.177,SWhitmarsh,16,,Reef; Mixed algal; Profile,60,1,2,1,No
PIWI02_1604,Labridae,Pictilabrus,laticlavius,1,37384020,PIWI02_1604_L.avi,42967,14.3223,SWhitmarsh,16,,Reef; Mixed algal; Profile,60,1,2,1,No
PIWI02_1604,Odacidae,Olisthops,cyanomelas,1,37385001,PIWI02_1604_L.avi,19136,6.3787,SWhitmarsh,16,,Reef; Mixed algal; Profile,60,1,2,1,No
PIWI02_1604,Labridae,Notolabrus,tetricus,3,37384003,PIWI02_1604_L.avi,91996,30.6653,SWhitmarsh,16,,Reef; Mixed algal; Profile,60,1,2,1,No
PIWI02_1604,Monacanthidae,Meuschenia,hippocrepis,12,37465004,PIWI02_1604_L.avi,91017,30.339,SWhitmarsh,16,,Reef; Mixed algal; Profile,60,1,2,1,Yes
PIWI02_1604,Monacanthidae,Meuschenia,galii,2,37465040,PIWI02_1604_L.avi,81174,27.058,SWhitmarsh,16,,Reef; Mixed algal; Profile,60,1,2,1,Yes
PIWI02_1604,Kyphosidae,Girella,zebra,1,37361008,PIWI02_1604_L.avi,146007,48.669,SWhitmarsh,16,,Reef; Mixed algal; Profile,60,1,2,1,No
PIWI02_1604,Monacanthidae,Meuschenia,flavolineata,2,37465035,PIWI02_1604_L.avi,81174,27.058,SWhitmarsh,16,,Reef; Mixed algal; Profile,60,1,2,1,No
PIWI02_1706,Labridae,Notolabrus,parilus,1,37384022,PIWI02_1706_L.avi,23031,15.354,DEaston,15.1,,Reef; Mixed algal; Profile,60,1,3,2,No
PIWI02_1706,Monacanthidae,Meuschenia,flavolineata,3,37465035,PIWI02_1706_L.avi,3534,2.356,DEaston,15.1,,Reef; Mixed algal; Profile,60,1,3,2,No
PIWI02_1706,Monacanthidae,Meuschenia,hippocrepis,14,37465004,PIWI02_1706_L.avi,50380,33.5867,DEaston,15.1,,Reef; Mixed algal; Profile,60,1,3,2,Yes
PIWI02_1706,Myliobatidae,Myliobatis,tenuicaudatus,1,37039001,PIWI02_1706_L.avi,23134,15.4227,DEaston,15.1,,Reef; Mixed algal; Profile,60,1,3,2,Yes
PIWI02_1706,Odacidae,Heteroscarus,acroptilus,1,37385010,PIWI02_1706_L.avi,52093,34.7287,DEaston,15.1,,Reef; Mixed algal; Profile,60,1,3,2,No
PIWI02_1706,Pomacentridae,Parma,victoriae,1,37372006,PIWI02_1706_L.avi,87591,58.394,DEaston,15.1,,Reef; Mixed algal; Profile,60,1,3,2,No
PIWI02_1706,Labridae,Pictilabrus,laticlavius,2,37384020,PIWI02_1706_L.avi,26387,17.5913,DEaston,15.1,,Reef; Mixed algal; Profile,60,1,3,2,No
PIWI02_1706,Monacanthidae,Meuschenia,galii,1,37465040,PIWI02_1706_L.avi,5982,3.988,DEaston,15.1,,Reef; Mixed algal; Profile,60,1,3,2,No
PIWI02_1706,Monacanthidae,Unknown,sp,1,37465903,PIWI02_1706_L.avi,60140,40.0933,DEaston,15.1,,Reef; Mixed algal; Profile,60,1,3,2,No
PIWI02_1706,Labridae,Notolabrus,tetricus,7,37384003,PIWI02_1706_L.avi,31640,21.0933,DEaston,15.1,,Reef; Mixed algal; Profile,60,1,3,2,Yes
PIWI02_1706,Kyphosidae,Girella,zebra,1,37361008,PIWI02_1706_L.avi,10785,7.19,DEaston,15.1,,Reef; Mixed algal; Profile,60,1,3,2,No
PIWI02_1706,Enoplosidae,Enoplosus,armatus,2,37366001,PIWI02_1706_L.avi,85901,57.2673,DEaston,15.1,,Reef; Mixed algal; Profile,60,1,3,2,No
PIWI02_1706,Chironemidae,Chironemus,maculosus,1,37375002,PIWI02_1706_L.avi,23821,15.8807,DEaston,15.1,,Reef; Mixed algal; Profile,60,1,3,2,No
PIWI02_1706,Cheilodactylidae,Nemadactylus,valenciennesi,1,37377004,PIWI02_1706_L.avi,51243,34.162,DEaston,15.1,,Reef; Mixed algal; Profile,60,1,3,2,No
PIWI02_1706,Carangidae,Pseudocaranx,sp,23,37337924,PIWI02_1706_L.avi,76075,50.7167,DEaston,15.1,,Reef; Mixed algal; Profile,60,1,3,2,Yes
PIWI02_1706,Serranidae,Hypoplectrodes,nigroruber,1,37311037,PIWI02_1706_L.avi,22197,14.798,DEaston,15.1,,Reef; Mixed algal; Profile,60,1,3,2,No
PIWI03_1604,Monacanthidae,Meuschenia,flavolineata,2,37465035,PIIW03_1604_L.avi,178867,59.6223,JHicks,17,,Reef; Fucoid; Profile,60,2,2,1,No
PIWI03_1604,Monacanthidae,MONACANTHIDAE,sp,1,37465903,PIIW03_1604_L.avi,30602,10.2007,JHicks,17,,Reef; Fucoid; Profile,60,2,2,1,No
PIWI03_1604,Carangidae,Pseudocaranx,sp,1,37337924,PIIW03_1604_L.avi,116800,38.9333,JHicks,17,,Reef; Fucoid; Profile,60,2,2,1,No
PIWI03_1604,Labridae,Pictilabrus,laticlavius,2,37384020,PIIW03_1604_L.avi,118576,39.5253,JHicks,17,,Reef; Fucoid; Profile,60,2,2,1,No
PIWI03_1604,Labridae,Notolabrus,tetricus,5,37384003,PIIW03_1604_L.avi,119322,39.774,JHicks,17,,Reef; Fucoid; Profile,60,2,2,1,No
PIWI03_1604,Monacanthidae,Meuschenia,galii,1,37465040,PIIW03_1604_L.avi,11082,3.694,JHicks,17,,Reef; Fucoid; Profile,60,2,2,1,No
PIWI03_1604,Dinolestidae,Dinolestes,lewini,1,37327002,PIIW03_1604_L.avi,45707,15.2357,JHicks,17,,Reef; Fucoid; Profile,60,2,2,1,No
PIWI03_1604,Labridae,Achoerodus,gouldii,1,37384002,PIIW03_1604_L.avi,46324,15.4413,JHicks,17,,Reef; Fucoid; Profile,60,2,2,1,No
PIWI03_1604,Monacanthidae,Meuschenia,hippocrepis,13,37465004,PIIW03_1604_L.avi,95033,31.6777,JHicks,17,,Reef; Fucoid; Profile,60,2,2,1,No
PIWI03_1706,Labridae,Pictilabrus,laticlavius,4,37384020,PIWI03_1706_L.avi,19890,13.26,DColella,15,very surgy,Reef; Fucoid; Profile,60,2,3,2,No
PIWI03_1706,Carangidae,Pseudocaranx,sp,4,37337924,PIWI03_1706_L.avi,79215,52.81,DColella,15,very surgy,Reef; Fucoid; Profile,60,2,3,2,No
PIWI03_1706,Enoplosidae,Enoplosus,armatus,1,37366001,PIWI03_1706_L.avi,81755,54.5033,DColella,15,very surgy,Reef; Fucoid; Profile,60,2,3,2,No
PIWI03_1706,Kyphosidae,Girella,zebra,1,37361008,PIWI03_1706_L.avi,64559,43.0393,DColella,15,very surgy,Reef; Fucoid; Profile,60,2,3,2,No
PIWI03_1706,Labridae,Notolabrus,tetricus,6,37384003,PIWI03_1706_L.avi,23866,15.9107,DColella,15,very surgy,Reef; Fucoid; Profile,60,2,3,2,No
PIWI03_1706,Monacanthidae,Acanthaluteres,vittiger,1,37465002,PIWI03_1706_L.avi,42384,28.256,DColella,15,very surgy,Reef; Fucoid; Profile,60,2,3,2,No
PIWI03_1706,Monacanthidae,Meuschenia,hippocrepis,7,37465004,PIWI03_1706_L.avi,27382,18.2547,DColella,15,very surgy,Reef; Fucoid; Profile,60,2,3,2,Yes
PIWI03_1706,Moridae,Pseudophycis,barbata,1,37224003,PIWI03_1706_L.avi,25078,16.7187,DColella,15,very surgy,Reef; Fucoid; Profile,60,2,3,2,No
PIWI03_1706,Odacidae,Heteroscarus,acroptilus,1,37385010,PIWI03_1706_L.avi,17382,11.588,DColella,15,very surgy,Reef; Fucoid; Profile,60,2,3,2,No
PIWI03_1706,Serranidae,Hypoplectrodes,nigroruber,1,37311037,PIWI03_1706_L.avi,11301,7.534,DColella,15,very surgy,Reef; Fucoid; Profile,60,2,3,2,No
PIWI03_1706,Monacanthidae,Meuschenia,galii,1,37465040,PIWI03_1706_L.avi,25831,17.2207,DColella,15,very surgy,Reef; Fucoid; Profile,60,2,3,2,No
PIWI04_1604,Cheilodactylidae,Cheilodactylus,nigripes,1,37377001,PIIW04_1604_L.avi,86619,28.873,JHicks,20,,Reef; Fucoid; Profile,60,3,3,2,No
PIWI04_1604,Scyliorhinidae,Asymbolus,sp,1,37015902,PIIW04_1604_L.avi,27434,9.1447,JHicks,20,,Reef; Fucoid; Profile,60,3,3,2,No
PIWI04_1604,Labridae,Austrolabrus,maculatus,1,37384025,PIIW04_1604_L.avi,65902,21.9673,JHicks,20,,Reef; Fucoid; Profile,60,3,3,2,No
PIWI04_1604,Monacanthidae,Meuschenia,hippocrepis,2,37465004,PIIW04_1604_L.avi,71538,23.846,JHicks,20,,Reef; Fucoid; Profile,60,3,3,2,Yes
PIWI04_1604,Labridae,Notolabrus,tetricus,2,37384003,PIIW04_1604_L.avi,25964,8.6547,JHicks,20,,Reef; Fucoid; Profile,60,3,3,2,No
PIWI04_1604,Labridae,Pictilabrus,laticlavius,1,37384020,PIIW04_1604_L.avi,34439,11.4797,JHicks,20,,Reef; Fucoid; Profile,60,3,3,2,No
PIWI04_1706,Parascylliidae,Parascyllium,sp,1,,PIWI04_1706_L.avi,10082,6.7213,DColella,18,,Reef; Fucoid; Profile,60,2,2,2,No
PIWI04_1706,Labridae,Notolabrus,tetricus,3,37384003,PIWI04_1706_L.avi,8367,5.578,DColella,18,,Reef; Fucoid; Profile,60,2,2,2,No
PIWI04_1706,Labridae,Pictilabrus,laticlavius,1,37384020,PIWI04_1706_L.avi,4554,3.036,DColella,18,,Reef; Fucoid; Profile,60,2,2,2,No
PIWI04_1706,Monacanthidae,Meuschenia,hippocrepis,2,37465004,PIWI04_1706_L.avi,8571,5.714,DColella,18,,Reef; Fucoid; Profile,60,2,2,2,No
PIWO01_1604,Dinolestidae,Dinolestes,lewini,10,37327002,PIWO01_1604_L.avi,130867,43.6223,SWhitmarsh,16,,Reef; Fucoid; Profile,60,1,2,1,No
PIWO01_1604,Monacanthidae,Acanthaluteres,vittiger,2,37465002,PIWO01_1604_L.avi,38681,12.8937,SWhitmarsh,16,,Reef; Fucoid; Profile,60,1,2,1,Yes
PIWO01_1604,Labridae,Pictilabrus,laticlavius,2,37384020,PIWO01_1604_L.avi,80125,26.7083,SWhitmarsh,16,,Reef; Fucoid; Profile,60,1,2,1,No
PIWO01_1604,Labridae,Notolabrus,tetricus,1,37384003,PIWO01_1604_L.avi,21009,7.003,SWhitmarsh,16,,Reef; Fucoid; Profile,60,1,2,1,Yes
PIWO01_1604,Monacanthidae,Meuschenia,hippocrepis,11,37465004,PIWO01_1604_L.avi,150903,50.301,SWhitmarsh,16,,Reef; Fucoid; Profile,60,1,2,1,Yes
PIWO01_1604,Monacanthidae,Meuschenia,galii,1,37465040,PIWO01_1604_L.avi,36697,12.2323,SWhitmarsh,16,,Reef; Fucoid; Profile,60,1,2,1,No
PIWO01_1604,Monacanthidae,Meuschenia,flavolineata,1,37465035,PIWO01_1604_L.avi,38681,12.8937,SWhitmarsh,16,,Reef; Fucoid; Profile,60,1,2,1,No
PIWO01_1604,Carangidae,Trachurus,novaezelandiae,16,37337003,PIWO01_1604_L.avi,141432,47.144,SWhitmarsh,16,,Reef; Fucoid; Profile,60,1,2,1,No
PIWO01_1706,Monacanthidae,Acanthaluteres,vittiger,2,37465002,PIWO01_1706_L.avi,36054,24.036,DEaston,10.8,,Reef; Mixed algal; Profile,60,1,2,1,Yes
PIWO01_1706,Monacanthidae,Meuschenia,freycineti,1,37465036,PIWO01_1706_L.avi,8230,5.4867,DEaston,10.8,,Reef; Mixed algal; Profile,60,1,2,1,Yes
PIWO01_1706,Monacanthidae,Meuschenia,galii,1,37465040,PIWO01_1706_L.avi,17814,11.876,DEaston,10.8,,Reef; Mixed algal; Profile,60,1,2,1,No
PIWO01_1706,Monacanthidae,Meuschenia,hippocrepis,8,37465004,PIWO01_1706_L.avi,53013,35.342,DEaston,10.8,,Reef; Mixed algal; Profile,60,1,2,1,Yes
PIWO01_1706,Myliobatidae,Myliobatis,tenuicaudatus,1,37039001,PIWO01_1706_L.avi,21325,14.2167,DEaston,10.8,,Reef; Mixed algal; Profile,60,1,2,1,No
PIWO01_1706,Odacidae,Heteroscarus,acroptilus,1,37385010,PIWO01_1706_L.avi,6150,4.1,DEaston,10.8,,Reef; Mixed algal; Profile,60,1,2,1,No
PIWO01_1706,Lamnidae,Carcharodon,carcharias,1,37010003,PIWO01_1706_L.avi,96908,64.6053,DEaston,10.8,,Reef; Mixed algal; Profile,60,1,2,1,No
PIWO01_1706,Pomacentridae,Parma,victoriae,1,37372006,PIWO01_1706_L.avi,85660,57.1067,DEaston,10.8,,Reef; Mixed algal; Profile,60,1,2,1,No
PIWO01_1706,Cheilodactylidae,Cheilodactylus,nigripes,1,37377001,PIWO01_1706_L.avi,49806,33.204,DEaston,10.8,,Reef; Mixed algal; Profile,60,1,2,1,No
PIWO01_1706,Odacidae,Olisthops,cyanomelas,2,37385001,PIWO01_1706_L.avi,57363,38.242,DEaston,10.8,,Reef; Mixed algal; Profile,60,1,2,1,No
PIWO01_1706,Labridae,Pictilabrus,laticlavius,4,37384020,PIWO01_1706_L.avi,10614,7.076,DEaston,10.8,,Reef; Mixed algal; Profile,60,1,2,1,Yes
PIWO01_1706,Labridae,Notolabrus,tetricus,10,37384003,PIWO01_1706_L.avi,29721,19.814,DEaston,10.8,,Reef; Mixed algal; Profile,60,1,2,1,Yes
PIWO01_1706,Kyphosidae,Girella,zebra,1,37361008,PIWO01_1706_L.avi,73853,49.2353,DEaston,10.8,,Reef; Mixed algal; Profile,60,1,2,1,No
PIWO01_1706,Enoplosidae,Enoplosus,armatus,1,37366001,PIWO01_1706_L.avi,88971,59.314,DEaston,10.8,,Reef; Mixed algal; Profile,60,1,2,1,No
PIWO01_1706,Cheilodactylidae,Dactylophora,nigricans,1,37377005,PIWO01_1706_L.avi,5381,3.5873,DEaston,10.8,,Reef; Mixed algal; Profile,60,1,2,1,No
PIWO01_1706,Urolophidae,Urolophus,gigas,1,37038003,PIWO01_1706_L.avi,19823,13.2153,DEaston,10.8,,Reef; Mixed algal; Profile,60,1,2,1,No
PIWO01_1706,Chaetodontidae,Chelmonops,curiosus,1,37365066,PIWO01_1706_L.avi,29781,19.854,DEaston,10.8,,Reef; Mixed algal; Profile,60,1,2,1,No
PIWO01_1706,Carangidae,Pseudocaranx,sp,9,37337924,PIWO01_1706_L.avi,53241,35.494,DEaston,10.8,,Reef; Mixed algal; Profile,60,1,2,1,No
PIWO01_1706,Chironemidae,Chironemus,maculosus,1,37375002,PIWO01_1706_L.avi,13950,9.3,DEaston,10.8,,Reef; Mixed algal; Profile,60,1,2,1,No
PIWO02_1604,Labridae,Pictilabrus,laticlavius,2,37384020,PIWO02_1604_L.avi,22938,7.646,SWhitmarsh,17,,Reef; Fucoid; Profile,60,2,3,1,No
PIWO02_1604,Sphyraenidae,Sphyraena,novaehollandiae,1,37382002,PIWO02_1604_L.avi,78808,26.2693,SWhitmarsh,17,,Reef; Fucoid; Profile,60,2,3,1,No
PIWO02_1604,Labridae,Notolabrus,tetricus,8,37384003,PIWO02_1604_L.avi,112894,37.6313,SWhitmarsh,17,,Reef; Fucoid; Profile,60,2,3,1,Yes
PIWO02_1604,Dinolestidae,Dinolestes,lewini,3,37327002,PIWO02_1604_L.avi,187145,62.3817,SWhitmarsh,17,,Reef; Fucoid; Profile,60,2,3,1,No
PIWO02_1604,Cheilodactylidae,Cheilodactylus,nigripes,3,37377001,PIWO02_1604_L.avi,9762,3.254,SWhitmarsh,17,,Reef; Fucoid; Profile,60,2,3,1,No
PIWO02_1604,Chaetodontidae,Chelmonops,curiosus,1,37365066,PIWO02_1604_L.avi,36214,12.0713,SWhitmarsh,17,,Reef; Fucoid; Profile,60,2,3,1,No
PIWO02_1604,Pomacentridae,Parma,victoriae,1,37372006,PIWO02_1604_L.avi,131207,43.7357,SWhitmarsh,17,,Reef; Fucoid; Profile,60,2,3,1,No
PIWO02_1604,Odacidae,Olisthops,cyanomelas,1,37385001,PIWO02_1604_L.avi,13830,4.61,SWhitmarsh,17,,Reef; Fucoid; Profile,60,2,3,1,No
PIWO02_1604,Cheilodactylidae,Nemadactylus,valenciennesi,2,37377004,PIWO02_1604_L.avi,124668,41.556,SWhitmarsh,17,,Reef; Fucoid; Profile,60,2,3,1,No
PIWO02_1604,Myliobatidae,Myliobatis,tenuicaudatus,1,37039001,PIWO02_1604_L.avi,112082,37.3607,SWhitmarsh,17,,Reef; Fucoid; Profile,60,2,3,1,No
PIWO02_1604,Monacanthidae,Meuschenia,hippocrepis,9,37465004,PIWO02_1604_L.avi,100912,33.6373,SWhitmarsh,17,,Reef; Fucoid; Profile,60,2,3,1,Yes
PIWO02_1604,Monacanthidae,Meuschenia,flavolineata,1,37465035,PIWO02_1604_L.avi,7792,2.5973,SWhitmarsh,17,,Reef; Fucoid; Profile,60,2,3,1,No
PIWO02_1604,Enoplosidae,Enoplosus,armatus,1,37366001,PIWO02_1604_L.avi,79840,26.6133,SWhitmarsh,17,,Reef; Fucoid; Profile,60,2,3,1,No
PIWO02_1706,Odacidae,Olisthops,cyanomelas,1,37385001,PIWO02_1706_R.avi,78248,52.1653,DEaston,17.7,camera 1(left) turned off,Reef; Ecklonia; Profile,60,1,2,2,No
PIWO02_1706,Odacidae,Heteroscarus,acroptilus,1,37385010,PIWO02_1706_R.avi,43648,29.0987,DEaston,17.7,camera 1(left) turned off,Reef; Ecklonia; Profile,60,1,2,2,No
PIWO02_1706,Monacanthidae,Meuschenia,hippocrepis,6,37465004,PIWO02_1706_R.avi,44386,29.5907,DEaston,17.7,camera 1(left) turned off,Reef; Ecklonia; Profile,60,1,2,2,Yes
PIWO02_1706,Monacanthidae,Meuschenia,galii,1,37465040,PIWO02_1706_R.avi,9386,6.2573,DEaston,17.7,camera 1(left) turned off,Reef; Ecklonia; Profile,60,1,2,2,No
PIWO02_1706,Cheilodactylidae,Cheilodactylus,nigripes,1,37377001,PIWO02_1706_R.avi,93683,62.4553,DEaston,17.7,camera 1(left) turned off,Reef; Ecklonia; Profile,60,1,2,2,No
PIWO02_1706,Dasyatidae,Dasyatis,brevicaudata,1,37035001,PIWO02_1706_R.avi,11809,7.8727,DEaston,17.7,camera 1(left) turned off,Reef; Ecklonia; Profile,60,1,2,2,No
PIWO02_1706,Monacanthidae,Acanthaluteres,vittiger,3,37465002,PIWO02_1706_R.avi,10887,7.258,DEaston,17.7,camera 1(left) turned off,Reef; Ecklonia; Profile,60,1,2,2,No
PIWO02_1706,Carangidae,Pseudocaranx,sp,9,37337924,PIWO02_1706_R.avi,48998,32.6653,DEaston,17.7,camera 1(left) turned off,Reef; Ecklonia; Profile,60,1,2,2,No
PIWO02_1706,Labridae,Notolabrus,tetricus,9,37384003,PIWO02_1706_R.avi,36842,24.5613,DEaston,17.7,camera 1(left) turned off,Reef; Ecklonia; Profile,60,1,2,2,Yes
PIWO02_1706,Labridae,Pictilabrus,laticlavius,1,37384020,PIWO02_1706_R.avi,16384,10.9227,DEaston,17.7,camera 1(left) turned off,Reef; Ecklonia; Profile,60,1,2,2,No
PIWO02_1706,Lamnidae,Carcharodon,carcharias,1,37010003,PIWO02_1706_R.avi,94652,63.1013,DEaston,17.7,camera 1(left) turned off,Reef; Ecklonia; Profile,60,1,2,2,No
PIWO02_1706,Labridae,Notolabrus,parilus,1,37384022,PIWO02_1706_R.avi,44505,29.67,DEaston,17.7,camera 1(left) turned off,Reef; Ecklonia; Profile,60,1,2,2,No
PIWO03_1604,Carangidae,Seriola,lalandi,1,37337006,PIOW03_1604_L.avi,88014,29.338,JHicks,16,,Reef; Ecklonia; Profile,60,1,1,1,No
PIWO03_1604,Labridae,Pictilabrus,laticlavius,2,37384020,PIOW03_1604_L.avi,40134,13.378,JHicks,16,,Reef; Ecklonia; Profile,60,1,1,1,No
PIWO03_1604,Odacidae,Olisthops,cyanomelas,1,37385001,PIOW03_1604_L.avi,40134,13.378,JHicks,16,,Reef; Ecklonia; Profile,60,1,1,1,No
PIWO03_1604,Dinolestidae,Dinolestes,lewini,2,37327002,PIOW03_1604_L.avi,83639,27.8797,JHicks,16,,Reef; Ecklonia; Profile,60,1,1,1,No
PIWO03_1604,Enoplosidae,Enoplosus,armatus,1,37366001,PIOW03_1604_L.avi,99122,33.0407,JHicks,16,,Reef; Ecklonia; Profile,60,1,1,1,No
PIWO03_1604,Monacanthidae,Meuschenia,flavolineata,1,37465035,PIOW03_1604_L.avi,172368,57.456,JHicks,16,,Reef; Ecklonia; Profile,60,1,1,1,No
PIWO03_1604,Carangidae,Trachurus,novaezelandiae,100,37337003,PIOW03_1604_L.avi,108851,36.2837,JHicks,16,,Reef; Ecklonia; Profile,60,1,1,1,No
PIWO03_1604,Labridae,Notolabrus,tetricus,4,37384003,PIOW03_1604_L.avi,46537,15.5123,JHicks,16,,Reef; Ecklonia; Profile,60,1,1,1,Yes
PIWO03_1604,Monacanthidae,Meuschenia,hippocrepis,11,37465004,PIOW03_1604_L.avi,68442,22.814,JHicks,16,,Reef; Ecklonia; Profile,60,1,1,1,Yes
PIWO03_1706,Carangidae,Pseudocaranx,sp,50,37337924,PIWO03_1706_L.avi,58229,38.8193,DColella,15,,Reef; Ecklonia; Profile,60,2,3,2,No
PIWO03_1706,Odacidae,Olisthops,cyanomelas,1,37385001,PIWO03_1706_L.avi,2468,1.6453,DColella,15,,Reef; Ecklonia; Profile,60,2,3,2,No
PIWO03_1706,Monacanthidae,Meuschenia,hippocrepis,9,37465004,PIWO03_1706_L.avi,78961,52.6407,DColella,15,,Reef; Ecklonia; Profile,60,2,3,2,Yes
PIWO03_1706,Monacanthidae,Meuschenia,flavolineata,1,37465035,PIWO03_1706_L.avi,8208,5.472,DColella,15,,Reef; Ecklonia; Profile,60,2,3,2,No
PIWO03_1706,Labridae,Notolabrus,parilus,1,37384022,PIWO03_1706_L.avi,73764,49.176,DColella,15,,Reef; Ecklonia; Profile,60,2,3,2,No
PIWO03_1706,Labridae,Notolabrus,tetricus,7,37384003,PIWO03_1706_L.avi,44242,29.4947,DColella,15,,Reef; Ecklonia; Profile,60,2,3,2,No
PIWO03_1706,Labridae,Austrolabrus,maculatus,1,37384025,PIWO03_1706_L.avi,11742,7.828,DColella,15,,Reef; Ecklonia; Profile,60,2,3,2,No
PIWO03_1706,Labridae,Pictilabrus,laticlavius,4,37384020,PIWO03_1706_L.avi,21568,14.3787,DColella,15,,Reef; Ecklonia; Profile,60,2,3,2,No
PIWO04_1604,Dinolestidae,Dinolestes,lewini,1,37327002,PIOW04_1604_L.avi,53399,17.7997,JHicks,18,,Reef; Ecklonia; Profile,60,3,1,1,No
PIWO04_1604,Labridae,Ophthalmolepis,lineolatus,1,37384040,PIOW04_1604_L.avi,94633,31.5443,JHicks,18,,Reef; Ecklonia; Profile,60,3,1,1,No
PIWO04_1604,Carangidae,Trachurus,novaezelandiae,50,37337003,PIOW04_1604_L.avi,54991,18.3303,JHicks,18,,Reef; Ecklonia; Profile,60,3,1,1,No
PIWO04_1604,Labridae,Achoerodus,gouldii,1,37384002,PIOW04_1604_L.avi,64185,21.395,JHicks,18,,Reef; Ecklonia; Profile,60,3,1,1,No
PIWO04_1604,Labridae,Notolabrus,tetricus,2,37384003,PIOW04_1604_L.avi,10746,3.582,JHicks,18,,Reef; Ecklonia; Profile,60,3,1,1,No
PIWO04_1604,Monacanthidae,Meuschenia,hippocrepis,10,37465004,PIOW04_1604_L.avi,23592,7.864,JHicks,18,,Reef; Ecklonia; Profile,60,3,1,1,Yes
PIWO04_1604,Monacanthidae,Meuschenia,galii,2,37465040,PIOW04_1604_L.avi,156385,52.1283,JHicks,18,,Reef; Ecklonia; Profile,60,3,1,1,No
PIWO04_1604,Monacanthidae,Meuschenia,flavolineata,1,37465035,PIOW04_1604_L.avi,9136,3.0453,JHicks,18,,Reef; Ecklonia; Profile,60,3,1,1,No
PIWO04_1604,Cheilodactylidae,Cheilodactylus,nigripes,1,37377001,PIOW04_1604_L.avi,138571,46.1903,JHicks,18,,Reef; Ecklonia; Profile,60,3,1,1,No
PIWO04_1604,Diodontidae,Diodon,nicthemerus,1,37469001,PIOW04_1604_L.avi,9915,3.305,JHicks,18,,Reef; Ecklonia; Profile,60,3,1,1,No
PIWO04_1604,Kyphosidae,Girella,zebra,1,37361008,PIOW04_1604_L.avi,63275,21.0917,JHicks,18,,Reef; Ecklonia; Profile,60,3,1,1,No
PIWO04_1604,Labridae,Pictilabrus,laticlavius,2,37384020,PIOW04_1604_L.avi,60950,20.3167,JHicks,18,,Reef; Ecklonia; Profile,60,3,1,1,No
PIWO04_1604,Odacidae,Olisthops,cyanomelas,1,37385001,PIOW04_1604_L.avi,10055,3.3517,JHicks,18,,Reef; Ecklonia; Profile,60,3,1,1,No
PIWO04_1706,Cheilodactylidae,Dactylophora,nigricans,1,37377005,PIWO04_1706_L.avi,5318,3.5453,DColella,16,,Reef; Ecklonia; Profile,60,1,2,2,No
PIWO04_1706,Carangidae,Pseudocaranx,sp,11,37337924,PIWO04_1706_L.avi,34267,22.8447,DColella,16,,Reef; Ecklonia; Profile,60,1,2,2,No
PIWO04_1706,Cheilodactylidae,Cheilodactylus,nigripes,1,37377001,PIWO04_1706_L.avi,7266,4.844,DColella,16,,Reef; Ecklonia; Profile,60,1,2,2,No
PIWO04_1706,Labridae,Ophthalmolepis,lineolatus,1,37384040,PIWO04_1706_L.avi,14948,9.9653,DColella,16,,Reef; Ecklonia; Profile,60,1,2,2,No
PIWO04_1706,Pomacentridae,Parma,victoriae,1,37372006,PIWO04_1706_L.avi,68395,45.5967,DColella,16,,Reef; Ecklonia; Profile,60,1,2,2,No
PIWO04_1706,Odacidae,Olisthops,cyanomelas,1,37385001,PIWO04_1706_L.avi,5589,3.726,DColella,16,,Reef; Ecklonia; Profile,60,1,2,2,No
PIWO04_1706,Monacanthidae,Meuschenia,hippocrepis,17,37465004,PIWO04_1706_L.avi,22515,15.01,DColella,16,,Reef; Ecklonia; Profile,60,1,2,2,Yes
PIWO04_1706,Monacanthidae,Meuschenia,galii,1,37465040,PIWO04_1706_L.avi,6074,4.0493,DColella,16,,Reef; Ecklonia; Profile,60,1,2,2,No
PIWO04_1706,Monacanthidae,Meuschenia,flavolineata,3,37465035,PIWO04_1706_L.avi,8178,5.452,DColella,16,,Reef; Ecklonia; Profile,60,1,2,2,No
PIWO04_1706,Labridae,Pictilabrus,laticlavius,3,37384020,PIWO04_1706_L.avi,19027,12.6847,DColella,16,,Reef; Ecklonia; Profile,60,1,2,2,No
PIWO04_1706,Dasyatidae,Dasyatis,brevicaudata,1,37035001,PIWO04_1706_L.avi,24311,16.2073,DColella,16,,Reef; Ecklonia; Profile,60,1,2,2,No
PIWO04_1706,Labridae,Notolabrus,tetricus,6,37384003,PIWO04_1706_L.avi,29174,19.4493,DColella,16,,Reef; Ecklonia; Profile,60,1,2,2,No
PIWO04_1706,Labridae,Notolabrus,parilus,1,37384022,PIWO04_1706_L.avi,18500,12.3333,DColella,16,,Reef; Ecklonia; Profile,60,1,2,2,No
PIWO04_1706,Kyphosidae,Girella,zebra,1,37361008,PIWO04_1706_L.avi,7419,4.946,DColella,16,,Reef; Ecklonia; Profile,60,1,2,2,No
PIWO04_1706,Enoplosidae,Enoplosus,armatus,2,37366001,PIWO04_1706_L.avi,79881,53.254,DColella,16,,Reef; Ecklonia; Profile,60,1,2,2,No
PIWO04_1706,Lamnidae,Carcharodon,carcharias,1,37010003,PIWO04_1706_L.avi,36372,24.248,DColella,16,,Reef; Ecklonia; Profile,60,1,2,2,No
RHCI01_1512,Cheilodactylidae,Dactylophora,nigricans,1,37377005,RHIC01_1512_L.avi,80156,26.7187,DColella,17,small chunks of reef in seagrass,Amphibolis and posidonia; Medium,60,1,2,1,No
RHCI01_1512,Monacanthidae,Meuschenia,galii,1,37465040,RHIC01_1512_L.avi,161091,53.697,DColella,17,small chunks of reef in seagrass,Amphibolis and posidonia; Medium,60,1,2,1,No
RHCI01_1512,Monacanthidae,Meuschenia,hippocrepis,1,37465004,RHIC01_1512_L.avi,41702,13.9007,DColella,17,small chunks of reef in seagrass,Amphibolis and posidonia; Medium,60,1,2,1,No
RHCI01_1512,Odacidae,Neoodax,balteatus,1,37385005,RHIC01_1512_L.avi,56490,18.83,DColella,17,small chunks of reef in seagrass,Amphibolis and posidonia; Medium,60,1,2,1,No
RHCI01_1512,Labridae,Notolabrus,parilus,2,37384022,RHIC01_1512_L.avi,24450,8.15,DColella,17,small chunks of reef in seagrass,Amphibolis and posidonia; Medium,60,1,2,1,No
RHCI01_1512,Labridae,Notolabrus,tetricus,3,37384003,RHIC01_1512_L.avi,64896,21.632,DColella,17,small chunks of reef in seagrass,Amphibolis and posidonia; Medium,60,1,2,1,No
RHCI01_1512,Pomacentridae,Parma,victoriae,1,37372006,RHIC01_1512_L.avi,170653,56.8843,DColella,17,small chunks of reef in seagrass,Amphibolis and posidonia; Medium,60,1,2,1,No
RHCI01_1512,Carangidae,Pseudocaranx,sp,2,37337924,RHIC01_1512_L.avi,105056,35.0187,DColella,17,small chunks of reef in seagrass,Amphibolis and posidonia; Medium,60,1,2,1,No
RHCI01_1512,Mullidae,Upeneichthys,vlamingii,4,37355029,RHIC01_1512_L.avi,66432,22.144,DColella,17,small chunks of reef in seagrass,Amphibolis and posidonia; Medium,60,1,2,1,No
RHCI01_1512,Odacidae,Olisthops,cyanomelas,2,37385001,RHIC01_1512_L.avi,140327,46.7757,DColella,17,small chunks of reef in seagrass,Amphibolis and posidonia; Medium,60,1,2,1,No
RHCI01_1512,Sparidae,Pagrus,auratus,1,37353001,RHIC01_1512_L.avi,144537,48.179,DColella,17,small chunks of reef in seagrass,Amphibolis and posidonia; Medium,60,1,2,1,No
RHCI01_1512,Monacanthidae,Acanthaluteres,brownii,6,37465001,RHIC01_1512_L.avi,99760,33.2533,DColella,17,small chunks of reef in seagrass,Amphibolis and posidonia; Medium,60,1,2,1,No
RHCI01_1512,Labridae,Pictilabrus,laticlavius,2,37384020,RHIC01_1512_L.avi,162921,54.307,DColella,17,small chunks of reef in seagrass,Amphibolis and posidonia; Medium,60,1,2,1,No
RHCI01_1612,Monacanthidae,Meuschenia,hippocrepis,4,37465004,RHCI01_1612_L.avi,90043,30.0143,DColella,5,,Reef; Fucoid; Profile,60,2,3,1,Yes
RHCI01_1612,Labridae,Pictilabrus,laticlavius,1,37384020,RHCI01_1612_L.avi,22029,7.343,DColella,5,,Reef; Fucoid; Profile,60,2,3,1,No
RHCI01_1612,Scorpididae,Tilodon,sexfasciatus,1,37361003,RHCI01_1612_L.avi,8548,2.8493,DColella,5,,Reef; Fucoid; Profile,60,2,3,1,No
RHCI01_1612,Cheilodactylidae,Cheilodactylus,nigripes,1,37377001,RHCI01_1612_L.avi,129570,43.19,DColella,5,,Reef; Fucoid; Profile,60,2,3,1,No
RHCI01_1612,Carangidae,Pseudocaranx,sp,40,37337924,RHCI01_1612_L.avi,102329,34.1097,DColella,5,,Reef; Fucoid; Profile,60,2,3,1,Yes
RHCI01_1612,Labridae,Notolabrus,tetricus,6,37384003,RHCI01_1612_L.avi,24193,8.0643,DColella,5,,Reef; Fucoid; Profile,60,2,3,1,No
RHCI01_1612,Kyphosidae,Kyphosus,sydneyanus,1,37361001,RHCI01_1612_L.avi,149975,49.9917,DColella,5,,Reef; Fucoid; Profile,60,2,3,1,No
RHCI01_1612,Monacanthidae,Meuschenia,freycineti,1,37465036,RHCI01_1612_L.avi,86039,28.6797,DColella,5,,Reef; Fucoid; Profile,60,2,3,1,No
RHCI01_1612,Scorpididae,Scorpis,aequipinnis,4,37361004,RHCI01_1612_L.avi,131966,43.9887,DColella,5,,Reef; Fucoid; Profile,60,2,3,1,No
RHCI02_1512,Mullidae,Upeneichthys,vlamingii,1,37355029,RHIC02_1512_L.avi,133168,44.3893,DColella,7,"Amphibolis with small clumps of reef, Pos and Scaberia",Amphibolis; dense,60,1,2,1,No
RHCI02_1512,Labridae,Notolabrus,tetricus,2,37384003,RHIC02_1512_L.avi,15008,5.0027,DColella,7,"Amphibolis with small clumps of reef, Pos and Scaberia",Amphibolis; dense,60,1,2,1,No
RHCI02_1512,Labridae,Notolabrus,parilus,2,37384022,RHIC02_1512_L.avi,27586,9.1953,DColella,7,"Amphibolis with small clumps of reef, Pos and Scaberia",Amphibolis; dense,60,1,2,1,No
RHCI02_1512,Scorpididae,Scorpis,aequipinnis,1,37361004,RHIC02_1512_L.avi,88497,29.499,DColella,7,"Amphibolis with small clumps of reef, Pos and Scaberia",Amphibolis; dense,60,1,2,1,No
RHCI02_1512,Labridae,Dotalabrus,aurantiacus,1,37384018,RHIC02_1512_L.avi,22957,7.6523,DColella,7,"Amphibolis with small clumps of reef, Pos and Scaberia",Amphibolis; dense,60,1,2,1,No
RHCI02_1512,Carangidae,Pseudocaranx,sp,4,37337924,RHIC02_1512_L.avi,27129,9.043,DColella,7,"Amphibolis with small clumps of reef, Pos and Scaberia",Amphibolis; dense,60,1,2,1,No
RHCI02_1512,Pomacentridae,Parma,victoriae,1,37372006,RHIC02_1512_L.avi,23656,7.8853,DColella,7,"Amphibolis with small clumps of reef, Pos and Scaberia",Amphibolis; dense,60,1,2,1,No
RHCI02_1512,Labridae,Pictilabrus,laticlavius,1,37384020,RHIC02_1512_L.avi,120288,40.096,DColella,7,"Amphibolis with small clumps of reef, Pos and Scaberia",Amphibolis; dense,60,1,2,1,No
RHCI02_1512,Sphyraenidae,Sphyraena,novaehollandiae,1,37382002,RHIC02_1512_L.avi,38907,12.969,DColella,7,"Amphibolis with small clumps of reef, Pos and Scaberia",Amphibolis; dense,60,1,2,1,No
RHCI02_1612,Scorpididae,Scorpis,aequipinnis,3,37361004,RHCI02_1612_L.avi,168734,56.2447,DColella,8,,Reef; Fucoid; Profile,60,1,3,1,Yes
RHCI02_1612,Monacanthidae,Meuschenia,hippocrepis,4,37465004,RHCI02_1612_L.avi,89018,29.6727,DColella,8,,Reef; Fucoid; Profile,60,1,3,1,Yes
RHCI02_1612,Labridae,Notolabrus,parilus,2,37384022,RHCI02_1612_L.avi,16379,5.4597,DColella,8,,Reef; Fucoid; Profile,60,1,3,1,No
RHCI02_1612,Carangidae,Pseudocaranx,sp,28,37337924,RHCI02_1612_L.avi,115293,38.431,DColella,8,,Reef; Fucoid; Profile,60,1,3,1,No
RHCI02_1612,Labridae,Pictilabrus,laticlavius,2,37384020,RHCI02_1612_L.avi,15089,5.0297,DColella,8,,Reef; Fucoid; Profile,60,1,3,1,No
RHCI02_1612,Labridae,Notolabrus,tetricus,6,37384003,RHCI02_1612_L.avi,25450,8.4833,DColella,8,,Reef; Fucoid; Profile,60,1,3,1,No
RHCI03_1512,Pomacentridae,Parma,victoriae,1,37372006,RHIC03_1512_L.avi,74670,24.89,DColella,8,,Reef; Mixed algal; Profile,60,1,1,1,No
RHCI03_1512,Monacanthidae,Eubalichthys,mosaicus,1,37465003,RHIC03_1512_L.avi,74867,24.9557,DColella,8,,Reef; Mixed algal; Profile,60,1,1,1,No
RHCI03_1512,Kyphosidae,Girella,zebra,1,37361008,RHIC03_1512_L.avi,82945,27.6483,DColella,8,,Reef; Mixed algal; Profile,60,1,1,1,No
RHCI03_1512,Monacanthidae,Meuschenia,hippocrepis,1,37465004,RHIC03_1512_L.avi,94793,31.5977,DColella,8,,Reef; Mixed algal; Profile,60,1,1,1,No
RHCI03_1512,Sparidae,Pagrus,auratus,3,37353001,RHIC03_1512_L.avi,93568,31.1893,DColella,8,,Reef; Mixed algal; Profile,60,1,1,1,No
RHCI03_1512,Monacanthidae,Meuschenia,galii,1,37465040,RHIC03_1512_L.avi,10317,3.439,DColella,8,,Reef; Mixed algal; Profile,60,1,1,1,No
RHCI03_1512,Labridae,Notolabrus,tetricus,3,37384003,RHIC03_1512_L.avi,57426,19.142,DColella,8,,Reef; Mixed algal; Profile,60,1,1,1,No
RHCI03_1512,Labridae,Notolabrus,parilus,1,37384022,RHIC03_1512_L.avi,9914,3.3047,DColella,8,,Reef; Mixed algal; Profile,60,1,1,1,No
RHCI03_1512,Carangidae,Pseudocaranx,sp,12,37337924,RHIC03_1512_L.avi,102853,34.2843,DColella,8,,Reef; Mixed algal; Profile,60,1,1,1,No
RHCI03_1512,Scorpididae,Scorpis,aequipinnis,8,37361004,RHIC03_1512_L.avi,127719,42.573,DColella,8,,Reef; Mixed algal; Profile,60,1,1,1,No
RHCI03_1512,Myliobatidae,Myliobatis,tenuicaudatus,1,37039001,RHIC03_1512_L.avi,61908,20.636,DColella,8,,Reef; Mixed algal; Profile,60,1,1,1,No
RHCI03_1612,Labridae,Notolabrus,tetricus,3,37384003,RHCI03_1612_L.avi,47831,15.9437,DColella,9,,Reef; Fucoid; Flat,60,1,2,1,No
RHCI03_1612,Labridae,Austrolabrus,maculatus,1,37384025,RHCI03_1612_L.avi,19821,6.607,DColella,9,,Reef; Fucoid; Flat,60,1,2,1,No
RHCI03_1612,Labridae,Pictilabrus,laticlavius,2,37384020,RHCI03_1612_L.avi,25239,8.413,DColella,9,,Reef; Fucoid; Flat,60,1,2,1,No
RHCI03_1612,Labridae,Notolabrus,parilus,2,37384022,RHCI03_1612_L.avi,21083,7.0277,DColella,9,,Reef; Fucoid; Flat,60,1,2,1,No
RHCI03_1612,Sillaginidae,Sillaginodes,punctatus,1,37330001,RHCI03_1612_L.avi,49853,16.6177,DColella,9,,Reef; Fucoid; Flat,60,1,2,1,No
RHCI03_1612,Cheilodactylidae,Dactylophora,nigricans,1,37377005,RHCI03_1612_L.avi,56438,18.8127,DColella,9,,Reef; Fucoid; Flat,60,1,2,1,No
RHCI03_1612,Carangidae,Pseudocaranx,sp,23,37337924,RHCI03_1612_L.avi,172063,57.3543,DColella,9,,Reef; Fucoid; Flat,60,1,2,1,No
RHCI03_1612,Scorpididae,Scorpis,aequipinnis,1,37361004,RHCI03_1612_L.avi,92135,30.7117,DColella,9,,Reef; Fucoid; Flat,60,1,2,1,No
RHCI04_1512,Monacanthidae,Meuschenia,galii,1,37465040,RHIC04_1512_L.avi,34033,11.3443,DColella,6.2,,Reef; Fucoid; Profile,60,2,3,1,No
RHCI04_1512,Scorpididae,Scorpis,aequipinnis,5,37361004,RHIC04_1512_L.avi,19605,6.535,DColella,6.2,,Reef; Fucoid; Profile,60,2,3,1,No
RHCI04_1512,Carangidae,Pseudocaranx,sp,4,37337924,RHIC04_1512_L.avi,65996,21.9987,DColella,6.2,,Reef; Fucoid; Profile,60,2,3,1,No
RHCI04_1512,Scorpididae,Tilodon,sexfasciatus,1,37361003,RHIC04_1512_L.avi,50629,16.8763,DColella,6.2,,Reef; Fucoid; Profile,60,2,3,1,No
RHCI04_1512,Labridae,Notolabrus,parilus,1,37384022,RHIC04_1512_L.avi,11480,3.8267,DColella,6.2,,Reef; Fucoid; Profile,60,2,3,1,No
RHCI04_1512,Labridae,Notolabrus,tetricus,4,37384003,RHIC04_1512_L.avi,11741,3.9137,DColella,6.2,,Reef; Fucoid; Profile,60,2,3,1,No
RHCI04_1512,Labridae,Pictilabrus,laticlavius,2,37384020,RHIC04_1512_L.avi,16019,5.3397,DColella,6.2,,Reef; Fucoid; Profile,60,2,3,1,No
RHCI04_1512,Monacanthidae,Meuschenia,freycineti,1,37465036,RHIC04_1512_L.avi,151839,50.613,DColella,6.2,,Reef; Fucoid; Profile,60,2,3,1,No
RHCI04_1512,Labridae,Dotalabrus,aurantiacus,1,37384018,RHIC04_1512_L.avi,10163,3.3877,DColella,6.2,,Reef; Fucoid; Profile,60,2,3,1,No
RHCI04_1612,Labridae,Notolabrus,parilus,2,37384022,RHCI04_1612_R.avi,143333,47.7777,DColella,9,,Reef; Mixed algal; Profile,60,1,3,1,Yes
RHCI04_1612,Labridae,Austrolabrus,maculatus,2,37384025,RHCI04_1612_R.avi,94046,31.3487,DColella,9,,Reef; Mixed algal; Profile,60,1,3,1,No
RHCI04_1612,Arripidae,Arripis,georgianus,2,37344001,RHCI04_1612_R.avi,167725,55.9083,DColella,9,,Reef; Mixed algal; Profile,60,1,3,1,No
RHCI04_1612,Labridae,Notolabrus,tetricus,5,37384003,RHCI04_1612_R.avi,105736,35.2453,DColella,9,,Reef; Mixed algal; Profile,60,1,3,1,Yes
RHCI04_1612,Cheilodactylidae,Cheilodactylus,nigripes,1,37377001,RHCI04_1612_R.avi,87748,29.2493,DColella,9,,Reef; Mixed algal; Profile,60,1,3,1,No
RHCI04_1612,Scorpididae,Scorpis,aequipinnis,1,37361004,RHCI04_1612_R.avi,49166,16.3887,DColella,9,,Reef; Mixed algal; Profile,60,1,3,1,No
RHCI04_1612,Labridae,Dotalabrus,aurantiacus,1,37384018,RHCI04_1612_R.avi,36272,12.0907,DColella,9,,Reef; Mixed algal; Profile,60,1,3,1,No
RHCI04_1612,Myliobatidae,Myliobatis,tenuicaudatus,1,37039001,RHCI04_1612_R.avi,134103,44.701,DColella,9,,Reef; Mixed algal; Profile,60,1,3,1,No
RHCI04_1612,Sparidae,Pagrus,auratus,2,37353001,RHCI04_1612_R.avi,178255,59.4183,DColella,9,,Reef; Mixed algal; Profile,60,1,3,1,Yes
RHCI04_1612,Pomacentridae,Parma,victoriae,1,37372006,RHCI04_1612_R.avi,107649,35.883,DColella,9,,Reef; Mixed algal; Profile,60,1,3,1,No
RHCI04_1612,Carangidae,Pseudocaranx,sp,1,37337924,RHCI04_1612_R.avi,40729,13.5763,DColella,9,,Reef; Mixed algal; Profile,60,1,3,1,No
RHCI04_1612,Monacanthidae,Meuschenia,hippocrepis,2,37465004,RHCI04_1612_R.avi,75777,25.259,DColella,9,,Reef; Mixed algal; Profile,60,1,3,1,Yes
RHCI04_1612,Monacanthidae,Meuschenia,galii,1,37465040,RHCI04_1612_R.avi,23894,7.9647,DColella,9,,Reef; Mixed algal; Profile,60,1,3,1,No
RHCI04_1612,Labridae,Pictilabrus,laticlavius,2,37384020,RHCI04_1612_R.avi,14201,4.7337,DColella,9,,Reef; Mixed algal; Profile,60,1,3,1,Yes
RHCO01_1512,Carangidae,Pseudocaranx,sp,4,37337924,RHOC01_1512_R.avi,115580,38.5267,DColella,14,Left cam out of focus for 25 mins. Right cam used for MaxN. Small chunks of reef amongst seagrass,Posidonia; Dense,60,1,2,1,No
RHCO01_1512,Labridae,Notolabrus,parilus,2,37384022,RHOC01_1512_R.avi,45704,15.2347,DColella,14,Left cam out of focus for 25 mins. Right cam used for MaxN. Small chunks of reef amongst seagrass,Posidonia; Dense,60,1,2,1,No
RHCO01_1512,Labridae,Notolabrus,tetricus,2,37384003,RHOC01_1512_R.avi,34493,11.4977,DColella,14,Left cam out of focus for 25 mins. Right cam used for MaxN. Small chunks of reef amongst seagrass,Posidonia; Dense,60,1,2,1,No
RHCO01_1512,Arripidae,Arripis,georgianus,1,37344001,RHOC01_1512_R.avi,26092,8.6973,DColella,14,Left cam out of focus for 25 mins. Right cam used for MaxN. Small chunks of reef amongst seagrass,Posidonia; Dense,60,1,2,1,No
RHCO01_1512,Monacanthidae,Meuschenia,hippocrepis,1,37465004,RHOC01_1512_R.avi,106305,35.435,DColella,14,Left cam out of focus for 25 mins. Right cam used for MaxN. Small chunks of reef amongst seagrass,Posidonia; Dense,60,1,2,1,No
RHCO01_1512,Odacidae,Siphonognathus,beddomei,1,37385006,RHOC01_1512_R.avi,73353,24.451,DColella,14,Left cam out of focus for 25 mins. Right cam used for MaxN. Small chunks of reef amongst seagrass,Posidonia; Dense,60,1,2,1,No
RHCO01_1512,Loliginidae,Sepioteuthis,australis,4,23617005,RHOC01_1512_R.avi,55217,18.4057,DColella,14,Left cam out of focus for 25 mins. Right cam used for MaxN. Small chunks of reef amongst seagrass,Posidonia; Dense,60,1,2,1,No
RHCO01_1612,Cheilodactylidae,Dactylophora,nigricans,2,37377005,RHCO01_1612_L.avi,6075,2.025,DColella,4.8,,Reef; Mixed algal; Flat,60,1,2,1,No
RHCO01_1612,Carangidae,Pseudocaranx,sp,3,37337924,RHCO01_1612_L.avi,178750,59.5833,DColella,4.8,,Reef; Mixed algal; Flat,60,1,2,1,No
RHCO01_1612,Arripidae,Arripis,georgianus,4,37344001,RHCO01_1612_L.avi,157928,52.6427,DColella,4.8,,Reef; Mixed algal; Flat,60,1,2,1,No
RHCO01_1612,Mullidae,Upeneichthys,vlamingii,1,37355029,RHCO01_1612_L.avi,126825,42.275,DColella,4.8,,Reef; Mixed algal; Flat,60,1,2,1,No
RHCO01_1612,Monacanthidae,Meuschenia,hippocrepis,2,37465004,RHCO01_1612_L.avi,48656,16.2187,DColella,4.8,,Reef; Mixed algal; Flat,60,1,2,1,Yes
RHCO01_1612,Labridae,Notolabrus,parilus,2,37384022,RHCO01_1612_L.avi,93192,31.064,DColella,4.8,,Reef; Mixed algal; Flat,60,1,2,1,No
RHCO01_1612,Labridae,Notolabrus,tetricus,2,37384003,RHCO01_1612_L.avi,19750,6.5833,DColella,4.8,,Reef; Mixed algal; Flat,60,1,2,1,No
RHCO01_1612,Labridae,Pictilabrus,laticlavius,1,37384020,RHCO01_1612_L.avi,87175,29.0583,DColella,4.8,,Reef; Mixed algal; Flat,60,1,2,1,Yes
RHCO02_1512,Cheilodactylidae,Cheilodactylus,nigripes,1,37377001,RHOC02_1512_L.avi,40919,13.6397,DColella,15,,Reef; Mixed algal; Profile,60,1,3,1,No
RHCO02_1512,Cheilodactylidae,Dactylophora,nigricans,1,37377005,RHOC02_1512_L.avi,81524,27.1747,DColella,15,,Reef; Mixed algal; Profile,60,1,3,1,No
RHCO02_1512,Labridae,Austrolabrus,maculatus,1,37384025,RHOC02_1512_L.avi,24501,8.167,DColella,15,,Reef; Mixed algal; Profile,60,1,3,1,No
RHCO02_1512,Labridae,Pictilabrus,laticlavius,2,37384020,RHOC02_1512_L.avi,11736,3.912,DColella,15,,Reef; Mixed algal; Profile,60,1,3,1,No
RHCO02_1512,Carangidae,Pseudocaranx,sp,5,37337924,RHOC02_1512_L.avi,65757,21.919,DColella,15,,Reef; Mixed algal; Profile,60,1,3,1,No
RHCO02_1512,Monacanthidae,Meuschenia,freycineti,2,37465036,RHOC02_1512_L.avi,188421,62.807,DColella,15,,Reef; Mixed algal; Profile,60,1,3,1,No
RHCO02_1512,Labridae,Notolabrus,parilus,1,37384022,RHOC02_1512_L.avi,18468,6.156,DColella,15,,Reef; Mixed algal; Profile,60,1,3,1,No
RHCO02_1512,Labridae,Notolabrus,tetricus,6,37384003,RHOC02_1512_L.avi,16680,5.56,DColella,15,,Reef; Mixed algal; Profile,60,1,3,1,No
RHCO02_1512,Monacanthidae,Meuschenia,hippocrepis,2,37465004,RHOC02_1512_L.avi,115479,38.493,DColella,15,,Reef; Mixed algal; Profile,60,1,3,1,Yes
RHCO02_1512,Pomacentridae,Parma,victoriae,1,37372006,RHOC02_1512_L.avi,8708,2.9027,DColella,15,,Reef; Mixed algal; Profile,60,1,3,1,No
RHCO02_1612,Monacanthidae,Meuschenia,hippocrepis,2,37465004,RHCO02_1612_L.avi,146097,48.699,DColella,5.5,Reef edge into gravel,Reef; Mixed algal; Profile,60,1,2,1,Yes
RHCO02_1612,Cheilodactylidae,Cheilodactylus,nigripes,1,37377001,RHCO02_1612_L.avi,11845,3.9483,DColella,5.5,Reef edge into gravel,Reef; Mixed algal; Profile,60,1,2,1,No
RHCO02_1612,Carangidae,Pseudocaranx,sp,6,37337924,RHCO02_1612_L.avi,82459,27.4863,DColella,5.5,Reef edge into gravel,Reef; Mixed algal; Profile,60,1,2,1,No
RHCO02_1612,Labridae,Notolabrus,tetricus,6,37384003,RHCO02_1612_L.avi,7044,2.348,DColella,5.5,Reef edge into gravel,Reef; Mixed algal; Profile,60,1,2,1,No
RHCO02_1612,Monacanthidae,Meuschenia,freycineti,2,37465036,RHCO02_1612_L.avi,121329,40.443,DColella,5.5,Reef edge into gravel,Reef; Mixed algal; Profile,60,1,2,1,No
RHCO02_1612,Pomacentridae,Parma,victoriae,1,37372006,RHCO02_1612_L.avi,6750,2.25,DColella,5.5,Reef edge into gravel,Reef; Mixed algal; Profile,60,1,2,1,No
RHCO02_1612,Labridae,Notolabrus,parilus,1,37384022,RHCO02_1612_L.avi,11190,3.73,DColella,5.5,Reef edge into gravel,Reef; Mixed algal; Profile,60,1,2,1,No
RHCO02_1612,Arripidae,Arripis,georgianus,4,37344001,RHCO02_1612_L.avi,74114,24.7047,DColella,5.5,Reef edge into gravel,Reef; Mixed algal; Profile,60,1,2,1,No
RHCO02_1612,Labridae,Pictilabrus,laticlavius,2,37384020,RHCO02_1612_L.avi,8467,2.8223,DColella,5.5,Reef edge into gravel,Reef; Mixed algal; Profile,60,1,2,1,No
RHCO03_1512,Scorpididae,Tilodon,sexfasciatus,1,37361003,RHOC03_1512_L.avi,39608,13.2027,DColella,15,Use CamCal 05/06. Flat reef edge in background,Amphibolis; dense,60,1,3,1,No
RHCO03_1512,Arripidae,Arripis,georgianus,1,37344001,RHOC03_1512_L.avi,81299,27.0997,DColella,15,Use CamCal 05/06. Flat reef edge in background,Amphibolis; dense,60,1,3,1,No
RHCO03_1512,Monacanthidae,Meuschenia,hippocrepis,1,37465004,RHOC03_1512_L.avi,50924,16.9747,DColella,15,Use CamCal 05/06. Flat reef edge in background,Amphibolis; dense,60,1,3,1,No
RHCO03_1512,Monacanthidae,Scobinichthys,granulatus,1,37465007,RHOC03_1512_L.avi,75143,25.0477,DColella,15,Use CamCal 05/06. Flat reef edge in background,Amphibolis; dense,60,1,3,1,No
RHCO03_1512,Monacanthidae,Meuschenia,freycineti,1,37465036,RHOC03_1512_L.avi,77454,25.818,DColella,15,Use CamCal 05/06. Flat reef edge in background,Amphibolis; dense,60,1,3,1,No
RHCO03_1512,Odacidae,Siphonognathus,tanyourus,2,37385012,RHOC03_1512_L.avi,187098,62.366,DColella,15,Use CamCal 05/06. Flat reef edge in background,Amphibolis; dense,60,1,3,1,No
RHCO03_1512,Mullidae,Upeneichthys,vlamingii,1,37355029,RHOC03_1512_L.avi,36421,12.1403,DColella,15,Use CamCal 05/06. Flat reef edge in background,Amphibolis; dense,60,1,3,1,No
RHCO03_1512,Labridae,Dotalabrus,aurantiacus,2,37384018,RHOC03_1512_L.avi,188980,62.9933,DColella,15,Use CamCal 05/06. Flat reef edge in background,Amphibolis; dense,60,1,3,1,No
RHCO03_1512,Labridae,Notolabrus,parilus,1,37384022,RHOC03_1512_L.avi,20041,6.6803,DColella,15,Use CamCal 05/06. Flat reef edge in background,Amphibolis; dense,60,1,3,1,No
RHCO03_1512,Labridae,Notolabrus,tetricus,12,37384003,RHOC03_1512_L.avi,31760,10.5867,DColella,15,Use CamCal 05/06. Flat reef edge in background,Amphibolis; dense,60,1,3,1,No
RHCO03_1512,Scorpididae,Scorpis,aequipinnis,1,37361004,RHOC03_1512_L.avi,17054,5.6847,DColella,15,Use CamCal 05/06. Flat reef edge in background,Amphibolis; dense,60,1,3,1,No
RHCO03_1512,Labridae,Pictilabrus,laticlavius,2,37384020,RHOC03_1512_L.avi,48032,16.0107,DColella,15,Use CamCal 05/06. Flat reef edge in background,Amphibolis; dense,60,1,3,1,No
RHCO03_1612,Monacanthidae,Meuschenia,galii,2,37465040,RHCO03_1612_L.avi,26635,8.8783,DColella,3.6,,Reef; Fucoid; Profile,60,1,2,1,No
RHCO03_1612,Sillaginidae,Sillaginodes,punctatus,1,37330001,RHCO03_1612_L.avi,48746,16.2487,DColella,3.6,,Reef; Fucoid; Profile,60,1,2,1,No
RHCO03_1612,Labridae,Notolabrus,parilus,1,37384022,RHCO03_1612_L.avi,74316,24.772,DColella,3.6,,Reef; Fucoid; Profile,60,1,2,1,No
RHCO03_1612,Arripidae,Arripis,georgianus,4,37344001,RHCO03_1612_L.avi,165520,55.1733,DColella,3.6,,Reef; Fucoid; Profile,60,1,2,1,No
RHCO03_1612,Labridae,Pictilabrus,laticlavius,2,37384020,RHCO03_1612_L.avi,9710,3.2367,DColella,3.6,,Reef; Fucoid; Profile,60,1,2,1,No
RHCO03_1612,Monacanthidae,Meuschenia,hippocrepis,2,37465004,RHCO03_1612_L.avi,98213,32.7377,DColella,3.6,,Reef; Fucoid; Profile,60,1,2,1,No
RHCO03_1612,Pomacentridae,Parma,victoriae,1,37372006,RHCO03_1612_L.avi,30283,10.0943,DColella,3.6,,Reef; Fucoid; Profile,60,1,2,1,No
RHCO03_1612,Carangidae,Pseudocaranx,sp,1,37337924,RHCO03_1612_L.avi,39477,13.159,DColella,3.6,,Reef; Fucoid; Profile,60,1,2,1,No
RHCO03_1612,Labridae,Notolabrus,tetricus,6,37384003,RHCO03_1612_L.avi,10515,3.505,DColella,3.6,,Reef; Fucoid; Profile,60,1,2,1,No
RHCO04_1512,Nil,Nil,Nil,0,0,RHOC04_1512_L.avi,0,0,DColella,15,No fish observed on this rep/drop,Reef; Mixed algal; Flat,60,1,2,1,Nil
RHCO04_1612,Monacanthidae,Meuschenia,hippocrepis,1,37465004,RHCO04_1612_L.avi,160986,53.662,DColella,5.9,,Reef; Fucoid; Profile,60,1,1,1,No
RHCO04_1612,Labridae,Notolabrus,parilus,1,37384022,RHCO04_1612_L.avi,108943,36.3143,DColella,5.9,,Reef; Fucoid; Profile,60,1,1,1,No
RHCO04_1612,Labridae,Pictilabrus,laticlavius,1,37384020,RHCO04_1612_L.avi,99173,33.0577,DColella,5.9,,Reef; Fucoid; Profile,60,1,1,1,Yes
RHCO04_1612,Hemiramphidae,Hyporhamphus,melanochir,9,37234001,RHCO04_1612_L.avi,123886,41.2953,DColella,5.9,,Reef; Fucoid; Profile,60,1,1,1,No
RHCO04_1612,Arripidae,Arripis,georgianus,6,37344001,RHCO04_1612_L.avi,147921,49.307,DColella,5.9,,Reef; Fucoid; Profile,60,1,1,1,No
RHCO04_1612,Sillaginidae,Sillaginodes,punctatus,1,37330001,RHCO04_1612_L.avi,184349,61.4497,DColella,5.9,,Reef; Fucoid; Profile,60,1,1,1,No
RHEI01_1612,Scorpididae,Scorpis,aequipinnis,10,37361004,RHEI01_1612_L.avi,74744,24.9147,JHicks,5,,Reef; Fucoid; Profile,60,2,1,1,No
RHEI01_1612,Pomacentridae,Parma,victoriae,1,37372006,RHEI01_1612_L.avi,66844,22.2813,JHicks,5,,Reef; Fucoid; Profile,60,2,1,1,No
RHEI01_1612,Labridae,Notolabrus,tetricus,24,37384003,RHEI01_1612_L.avi,50857,16.9523,JHicks,5,,Reef; Fucoid; Profile,60,2,1,1,No
RHEI01_1612,Monacanthidae,Meuschenia,hippocrepis,8,37465004,RHEI01_1612_L.avi,137878,45.9593,JHicks,5,,Reef; Fucoid; Profile,60,2,1,1,Yes
RHEI01_1612,Monacanthidae,Meuschenia,galii,2,37465040,RHEI01_1612_L.avi,16585,5.5283,JHicks,5,,Reef; Fucoid; Profile,60,2,1,1,No
RHEI01_1612,Odacidae,Olisthops,cyanomelas,1,37385001,RHEI01_1612_L.avi,37608,12.536,JHicks,5,,Reef; Fucoid; Profile,60,2,1,1,No
RHEI01_1612,Cheilodactylidae,Cheilodactylus,nigripes,1,37377001,RHEI01_1612_L.avi,55920,18.64,JHicks,5,,Reef; Fucoid; Profile,60,2,1,1,No
RHEI01_1612,Labridae,Pictilabrus,laticlavius,3,37384020,RHEI01_1612_L.avi,19454,6.4847,JHicks,5,,Reef; Fucoid; Profile,60,2,1,1,No
RHEI01_1612,Labridae,Notolabrus,parilus,1,37384022,RHEI01_1612_L.avi,21256,7.0853,JHicks,5,,Reef; Fucoid; Profile,60,2,1,1,No
RHEI01_1612,Monacanthidae,Meuschenia,flavolineata,1,37465035,RHEI01_1612_L.avi,18303,6.101,JHicks,5,,Reef; Fucoid; Profile,60,2,1,1,No
RHEI02_1612,Carangidae,Pseudocaranx,sp,12,37337924,RHEI02_1612_L.avi,100816,33.6053,DColella,8,,Cobble,60,1,2,1,No
RHEI02_1612,Rhinobatidae,Trygonorrhina,dumerilii,1,37027011,RHEI02_1612_L.avi,89887,29.9623,DColella,8,,Cobble,60,1,2,1,No
RHEI02_1612,Mullidae,Upeneichthys,vlamingii,1,37355029,RHEI02_1612_L.avi,79829,26.6097,DColella,8,,Cobble,60,1,2,1,No
RHEI02_1612,Arripidae,Arripis,georgianus,6,37344001,RHEI02_1612_L.avi,79505,26.5017,DColella,8,,Cobble,60,1,2,1,No
RHEI02_1612,Labridae,Notolabrus,tetricus,3,37384003,RHEI02_1612_L.avi,56705,18.9017,DColella,8,,Cobble,60,1,2,1,No
RHEI02_1612,Majidae,Leptomithrax,gaimardii,4,28880010,RHEI02_1612_L.avi,176688,58.896,DColella,8,,Cobble,60,1,2,1,Yes
RHEI02_1612,Labridae,Notolabrus,parilus,4,37384022,RHEI02_1612_L.avi,34007,11.3357,DColella,8,,Cobble,60,1,2,1,No
RHEI02_1612,Labridae,Pictilabrus,laticlavius,1,37384020,RHEI02_1612_L.avi,62646,20.882,DColella,8,,Cobble,60,1,2,1,No
RHEI03_1612,Labridae,Notolabrus,parilus,1,37384022,RHEI03_1612_L.avi,17693,5.8977,DColella,9,,Reef; Fucoid; Profile,60,2,2,1,No
RHEI03_1612,Monacanthidae,Meuschenia,galii,1,37465040,RHEI03_1612_L.avi,20437,6.8123,DColella,9,,Reef; Fucoid; Profile,60,2,2,1,No
RHEI03_1612,Odacidae,Olisthops,cyanomelas,1,37385001,RHEI03_1612_L.avi,45963,15.321,DColella,9,,Reef; Fucoid; Profile,60,2,2,1,No
RHEI03_1612,Monacanthidae,Meuschenia,hippocrepis,3,37465004,RHEI03_1612_L.avi,70581,23.527,DColella,9,,Reef; Fucoid; Profile,60,2,2,1,Yes
RHEI03_1612,Scorpididae,Scorpis,aequipinnis,23,37361004,RHEI03_1612_L.avi,94677,31.559,DColella,9,,Reef; Fucoid; Profile,60,2,2,1,No
RHEI03_1612,Kyphosidae,Girella,zebra,1,37361008,RHEI03_1612_L.avi,42392,14.1307,DColella,9,,Reef; Fucoid; Profile,60,2,2,1,No
RHEI03_1612,Labridae,Notolabrus,tetricus,10,37384003,RHEI03_1612_L.avi,34002,11.334,DColella,9,,Reef; Fucoid; Profile,60,2,2,1,No
RHEI03_1612,Labridae,Pictilabrus,laticlavius,4,37384020,RHEI03_1612_L.avi,18274,6.0913,DColella,9,,Reef; Fucoid; Profile,60,2,2,1,Yes
RHEI03_1612,Kyphosidae,Kyphosus,sydneyanus,1,37361001,RHEI03_1612_L.avi,39570,13.19,DColella,9,,Reef; Fucoid; Profile,60,2,2,1,No
RHEI03_1612,Cheilodactylidae,Cheilodactylus,nigripes,1,37377001,RHEI03_1612_L.avi,8990,2.9967,DColella,9,,Reef; Fucoid; Profile,60,2,2,1,No
RHEI03_1612,Scorpididae,Tilodon,sexfasciatus,1,37361003,RHEI03_1612_L.avi,23035,7.6783,DColella,9,,Reef; Fucoid; Profile,60,2,2,1,No
RHEI03_1612,Pomacentridae,Parma,victoriae,2,37372006,RHEI03_1612_L.avi,161590,53.8633,DColella,9,,Reef; Fucoid; Profile,60,2,2,1,No
RHEI03_1612,Labridae,Austrolabrus,maculatus,1,37384025,RHEI03_1612_L.avi,29891,9.9637,DColella,9,,Reef; Fucoid; Profile,60,2,2,1,No
RHEI04_1612,Monacanthidae,Meuschenia,hippocrepis,2,37465004,RHEI04_1612_L.avi,35578,11.8593,DColella,10,,Reef; Fucoid; Profile,60,1,2,1,No
RHEI04_1612,Sparidae,Pagrus,auratus,8,37353001,RHEI04_1612_L.avi,103200,34.4,DColella,10,,Reef; Fucoid; Profile,60,1,2,1,Yes
RHEI04_1612,Carangidae,Pseudocaranx,sp,9,37337924,RHEI04_1612_L.avi,121238,40.4127,DColella,10,,Reef; Fucoid; Profile,60,1,2,1,No
RHEI04_1612,Labridae,Notolabrus,parilus,2,37384022,RHEI04_1612_L.avi,42117,14.039,DColella,10,,Reef; Fucoid; Profile,60,1,2,1,No
RHEI04_1612,Mullidae,Upeneichthys,vlamingii,1,37355029,RHEI04_1612_L.avi,25899,8.633,DColella,10,,Reef; Fucoid; Profile,60,1,2,1,No
RHEI04_1612,Labridae,Pictilabrus,laticlavius,2,37384020,RHEI04_1612_L.avi,32167,10.7223,DColella,10,,Reef; Fucoid; Profile,60,1,2,1,No
RHEI04_1612,Scorpididae,Tilodon,sexfasciatus,2,37361003,RHEI04_1612_L.avi,86920,28.9733,DColella,10,,Reef; Fucoid; Profile,60,1,2,1,Yes
RHEI04_1612,Cheilodactylidae,Cheilodactylus,nigripes,1,37377001,RHEI04_1612_L.avi,116781,38.927,DColella,10,,Reef; Fucoid; Profile,60,1,2,1,No
RHEI04_1612,Scorpididae,Scorpis,aequipinnis,3,37361004,RHEI04_1612_L.avi,34018,11.3393,DColella,10,,Reef; Fucoid; Profile,60,1,2,1,No
RHEI04_1612,Labridae,Notolabrus,tetricus,7,37384003,RHEI04_1612_L.avi,85417,28.4723,DColella,10,,Reef; Fucoid; Profile,60,1,2,1,No
RHEI04_1612,Kyphosidae,Girella,zebra,2,37361008,RHEI04_1612_L.avi,136631,45.5437,DColella,10,,Reef; Fucoid; Profile,60,1,2,1,Yes
RHNI01_1512,Mullidae,Upeneichthys,vlamingii,2,37355029,RHIN01_1512_L.avi,23134,7.7113,DColella,13.5,,Amphibolis; dense,60,1,2,1,No
RHNI01_1512,Triakidae,Mustelus,antarcticus,1,37017001,RHIN01_1512_L.avi,27879,9.293,DColella,13.5,,Amphibolis; dense,60,1,2,1,Yes
RHNI01_1512,Loliginidae,Sepioteuthis,australis,1,23617005,RHIN01_1512_L.avi,172252,57.4173,DColella,13.5,,Amphibolis; dense,60,1,2,1,No
RHNI01_1512,Monacanthidae,Scobinichthys,granulatus,1,37465007,RHIN01_1512_L.avi,145262,48.4207,DColella,13.5,,Amphibolis; dense,60,1,2,1,No
RHNI01_1512,Carangidae,Pseudocaranx,sp,6,37337924,RHIN01_1512_L.avi,118810,39.6033,DColella,13.5,,Amphibolis; dense,60,1,2,1,No
RHNI01_1512,Cheilodactylidae,Dactylophora,nigricans,1,37377005,RHIN01_1512_L.avi,203718,67.906,DColella,13.5,,Amphibolis; dense,60,1,2,1,No
RHNI01_1512,Labridae,Pictilabrus,laticlavius,2,37384020,RHIN01_1512_L.avi,79073,26.3577,DColella,13.5,,Amphibolis; dense,60,1,2,1,No
RHNI01_1512,Myliobatidae,Myliobatis,tenuicaudatus,1,37039001,RHIN01_1512_L.avi,71761,23.9203,DColella,13.5,,Amphibolis; dense,60,1,2,1,No
RHNI01_1512,Gerreidae,Parequula,melbournensis,1,37349001,RHIN01_1512_L.avi,28959,9.653,DColella,13.5,,Amphibolis; dense,60,1,2,1,No
RHNI01_1512,Labridae,Notolabrus,parilus,2,37384022,RHIN01_1512_L.avi,36602,12.2007,DColella,13.5,,Amphibolis; dense,60,1,2,1,No
RHNI01_1612,Mullidae,Upeneichthys,vlamingii,2,37355029,RHNI01_1612_L.avi,168742,56.2473,DColella,9.5,,Reef; Mixed algal; Flat,60,1,2,1,No
RHNI01_1612,Cheilodactylidae,Cheilodactylus,nigripes,1,37377001,RHNI01_1612_L.avi,18674,6.2247,DColella,9.5,,Reef; Mixed algal; Flat,60,1,2,1,No
RHNI01_1612,Labridae,Notolabrus,tetricus,6,37384003,RHNI01_1612_L.avi,114677,38.2257,DColella,9.5,,Reef; Mixed algal; Flat,60,1,2,1,No
RHNI01_1612,Monacanthidae,Meuschenia,hippocrepis,5,37465004,RHNI01_1612_L.avi,103573,34.5243,DColella,9.5,,Reef; Mixed algal; Flat,60,1,2,1,Yes
RHNI01_1612,Labridae,Austrolabrus,maculatus,1,37384025,RHNI01_1612_L.avi,136748,45.5827,DColella,9.5,,Reef; Mixed algal; Flat,60,1,2,1,No
RHNI01_1612,Labridae,Notolabrus,parilus,2,37384022,RHNI01_1612_L.avi,132636,44.212,DColella,9.5,,Reef; Mixed algal; Flat,60,1,2,1,No
RHNI01_1612,Labridae,Pictilabrus,laticlavius,3,37384020,RHNI01_1612_L.avi,86885,28.9617,DColella,9.5,,Reef; Mixed algal; Flat,60,1,2,1,No
RHNI02_1512,Labridae,Austrolabrus,maculatus,1,37384025,RHIN02_1512_L.avi,86001,28.667,DColella,11,,Reef; Fucoid; Profile,60,2,3,2,No
RHNI02_1512,Labridae,Pictilabrus,laticlavius,1,37384020,RHIN02_1512_L.avi,11824,3.9413,DColella,11,,Reef; Fucoid; Profile,60,2,3,2,No
RHNI02_1512,Cheilodactylidae,Cheilodactylus,nigripes,2,37377001,RHIN02_1512_L.avi,63211,21.0703,DColella,11,,Reef; Fucoid; Profile,60,2,3,2,No
RHNI02_1512,Mullidae,Upeneichthys,vlamingii,2,37355029,RHIN02_1512_L.avi,133015,44.3383,DColella,11,,Reef; Fucoid; Profile,60,2,3,2,No
RHNI02_1512,Monacanthidae,Meuschenia,galii,1,37465040,RHIN02_1512_L.avi,172006,57.3353,DColella,11,,Reef; Fucoid; Profile,60,2,3,2,No
RHNI02_1512,Carangidae,Pseudocaranx,sp,1,37337924,RHIN02_1512_L.avi,105177,35.059,DColella,11,,Reef; Fucoid; Profile,60,2,3,2,No
RHNI02_1512,Labridae,Notolabrus,tetricus,3,37384003,RHIN02_1512_L.avi,93677,31.2257,DColella,11,,Reef; Fucoid; Profile,60,2,3,2,No
RHNI02_1512,Labridae,Notolabrus,parilus,1,37384022,RHIN02_1512_L.avi,17513,5.8377,DColella,11,,Reef; Fucoid; Profile,60,2,3,2,No
RHNI02_1612,Sillaginidae,Sillaginodes,punctatus,2,37330001,RHNI02_1612_L.avi,44339,14.7797,DColella,9.5,,Reef; Mixed algal; Flat,60,1,2,2,No
RHNI02_1612,Sparidae,Pagrus,auratus,12,37353001,RHNI02_1612_L.avi,142551,47.517,DColella,9.5,,Reef; Mixed algal; Flat,60,1,2,2,No
RHNI02_1612,Carangidae,Pseudocaranx,sp,1,37337924,RHNI02_1612_L.avi,151361,50.4537,DColella,9.5,,Reef; Mixed algal; Flat,60,1,2,2,No
RHNI02_1612,Labridae,Austrolabrus,maculatus,1,37384025,RHNI02_1612_L.avi,17603,5.8677,DColella,9.5,,Reef; Mixed algal; Flat,60,1,2,2,No
RHNI02_1612,Labridae,Notolabrus,parilus,1,37384022,RHNI02_1612_L.avi,21661,7.2203,DColella,9.5,,Reef; Mixed algal; Flat,60,1,2,2,No
RHNI02_1612,Labridae,Notolabrus,tetricus,2,37384003,RHNI02_1612_L.avi,19357,6.4523,DColella,9.5,,Reef; Mixed algal; Flat,60,1,2,2,No
RHNI02_1612,Cheilodactylidae,Dactylophora,nigricans,1,37377005,RHNI02_1612_L.avi,78201,26.067,DColella,9.5,,Reef; Mixed algal; Flat,60,1,2,2,No
RHNI02_1612,Monacanthidae,Meuschenia,freycineti,1,37465036,RHNI02_1612_L.avi,48442,16.1473,DColella,9.5,,Reef; Mixed algal; Flat,60,1,2,2,No
RHNI02_1612,Labridae,Pictilabrus,laticlavius,1,37384020,RHNI02_1612_L.avi,96909,32.303,DColella,9.5,,Reef; Mixed algal; Flat,60,1,2,2,No
RHNI02_1612,Cheilodactylidae,Cheilodactylus,nigripes,2,37377001,RHNI02_1612_L.avi,69661,23.2203,DColella,9.5,,Reef; Mixed algal; Flat,60,1,2,2,No
RHNI03_1512,Loliginidae,Sepioteuthis,australis,1,23617005,RHIN03_1512_L.avi,28476,9.492,DColella,11.5,Amphibolis gowing in gravel and pbbles,Amphibolis; medium,60,1,2,1,No
RHNI03_1512,Cheilodactylidae,Dactylophora,nigricans,1,37377005,RHIN03_1512_L.avi,113766,37.922,DColella,11.5,Amphibolis gowing in gravel and pbbles,Amphibolis; medium,60,1,2,1,No
RHNI03_1512,Carangidae,Pseudocaranx,sp,14,37337924,RHIN03_1512_L.avi,121899,40.633,DColella,11.5,Amphibolis gowing in gravel and pbbles,Amphibolis; medium,60,1,2,1,No
RHNI03_1512,Scorpididae,Scorpis,aequipinnis,5,37361004,RHIN03_1512_L.avi,107170,35.7233,DColella,11.5,Amphibolis gowing in gravel and pbbles,Amphibolis; medium,60,1,2,1,No
RHNI03_1612,Labridae,Notolabrus,tetricus,4,37384003,RHNI03_1612_L.avi,88299,29.433,DColella,7.3,,Reef; Mixed algal; Profile,60,1,2,1,No
RHNI03_1612,Scorpididae,Scorpis,aequipinnis,1,37361004,RHNI03_1612_L.avi,168319,56.1063,DColella,7.3,,Reef; Mixed algal; Profile,60,1,2,1,No
RHNI03_1612,Labridae,Notolabrus,parilus,2,37384022,RHNI03_1612_L.avi,17507,5.8357,DColella,7.3,,Reef; Mixed algal; Profile,60,1,2,1,No
RHNI03_1612,Labridae,Austrolabrus,maculatus,1,37384025,RHNI03_1612_L.avi,13044,4.348,DColella,7.3,,Reef; Mixed algal; Profile,60,1,2,1,No
RHNI03_1612,Monacanthidae,Meuschenia,hippocrepis,2,37465004,RHNI03_1612_L.avi,75425,25.1417,DColella,7.3,,Reef; Mixed algal; Profile,60,1,2,1,Yes
RHNI03_1612,Carangidae,Pseudocaranx,sp,10,37337924,RHNI03_1612_L.avi,32473,10.8243,DColella,7.3,,Reef; Mixed algal; Profile,60,1,2,1,No
RHNI03_1612,Cheilodactylidae,Cheilodactylus,nigripes,1,37377001,RHNI03_1612_L.avi,75813,25.271,DColella,7.3,,Reef; Mixed algal; Profile,60,1,2,1,No
RHNI03_1612,Monacanthidae,Meuschenia,freycineti,1,37465036,RHNI03_1612_L.avi,67824,22.608,DColella,7.3,,Reef; Mixed algal; Profile,60,1,2,1,No
RHNI03_1612,Labridae,Pictilabrus,laticlavius,1,37384020,RHNI03_1612_L.avi,15770,5.2567,DColella,7.3,,Reef; Mixed algal; Profile,60,1,2,1,No
RHNI04_1512,Labridae,Pictilabrus,laticlavius,1,37384020,RHIN04_1512_R.avi,52090,17.3633,DColella,7.6,,Reef; Mixed algal; Profile,60,1,1,2,No
RHNI04_1512,Labridae,Austrolabrus,maculatus,2,37384025,RHIN04_1512_R.avi,24638,8.2127,DColella,7.6,,Reef; Mixed algal; Profile,60,1,1,2,No
RHNI04_1512,Arripidae,Arripis,georgianus,4,37344001,RHIN04_1512_R.avi,83681,27.8937,DColella,7.6,,Reef; Mixed algal; Profile,60,1,1,2,No
RHNI04_1512,Labridae,Dotalabrus,aurantiacus,2,37384018,RHIN04_1512_R.avi,27777,9.259,DColella,7.6,,Reef; Mixed algal; Profile,60,1,1,2,No
RHNI04_1512,Cheilodactylidae,Cheilodactylus,nigripes,1,37377001,RHIN04_1512_R.avi,182800,60.9333,DColella,7.6,,Reef; Mixed algal; Profile,60,1,1,2,No
RHNI04_1512,Scorpididae,Scorpis,aequipinnis,1,37361004,RHIN04_1512_R.avi,43159,14.3863,DColella,7.6,,Reef; Mixed algal; Profile,60,1,1,2,No
RHNI04_1512,Labridae,Notolabrus,tetricus,2,37384003,RHIN04_1512_R.avi,61272,20.424,DColella,7.6,,Reef; Mixed algal; Profile,60,1,1,2,No
RHNI04_1512,Labridae,Notolabrus,parilus,2,37384022,RHIN04_1512_R.avi,28997,9.6657,DColella,7.6,,Reef; Mixed algal; Profile,60,1,1,2,No
RHNI04_1512,Monacanthidae,Meuschenia,hippocrepis,2,37465004,RHIN04_1512_R.avi,53429,17.8097,DColella,7.6,,Reef; Mixed algal; Profile,60,1,1,2,Yes
RHNI04_1512,Monacanthidae,Meuschenia,sp,4,37465902,RHIN04_1512_R.avi,129031,43.0103,DColella,7.6,,Reef; Mixed algal; Profile,60,1,1,2,No
RHNI04_1512,Mullidae,Upeneichthys,vlamingii,3,37355029,RHIN04_1512_R.avi,30576,10.192,DColella,7.6,,Reef; Mixed algal; Profile,60,1,1,2,No
RHNI04_1512,Carangidae,Pseudocaranx,sp,4,37337924,RHIN04_1512_R.avi,103789,34.5963,DColella,7.6,,Reef; Mixed algal; Profile,60,1,1,2,No
RHNI04_1612,Cheilodactylidae,Dactylophora,nigricans,1,37377005,RHNI04_1612_L.avi,115606,38.5353,DColella,5,,Reef; Fucoid; Profile,60,1,2,1,No
RHNI04_1612,Labridae,Notolabrus,parilus,1,37384022,RHNI04_1612_L.avi,16923,5.641,DColella,5,,Reef; Fucoid; Profile,60,1,2,1,No
RHNI04_1612,Monacanthidae,Acanthaluteres,sp,4,37465905,RHNI04_1612_L.avi,34271,11.4237,DColella,5,,Reef; Fucoid; Profile,60,1,2,1,No
RHNI04_1612,Sillaginidae,Sillaginodes,punctatus,1,37330001,RHNI04_1612_L.avi,21779,7.2597,DColella,5,,Reef; Fucoid; Profile,60,1,2,1,No
RHNI04_1612,Labridae,Pictilabrus,laticlavius,1,37384020,RHNI04_1612_L.avi,77926,25.9753,DColella,5,,Reef; Fucoid; Profile,60,1,2,1,No
RHNO01_1512,Labridae,Pictilabrus,laticlavius,1,37384020,RHON01_1512_L.avi,28048,9.3493,DColella,6,,Reef; Fucoid; Profile,60,1,1,1,No
RHNO01_1512,Loliginidae,Sepioteuthis,australis,4,23617005,RHON01_1512_L.avi,100152,33.384,DColella,6,,Reef; Fucoid; Profile,60,1,1,1,No
RHNO01_1512,Monacanthidae,MONACANTHIDAE,sp,1,37465903,RHON01_1512_L.avi,130910,43.6367,DColella,6,,Reef; Fucoid; Profile,60,1,1,1,No
RHNO01_1512,Carangidae,Pseudocaranx,sp,2,37337924,RHON01_1512_L.avi,87158,29.0527,DColella,6,,Reef; Fucoid; Profile,60,1,1,1,No
RHNO01_1512,Scorpididae,Scorpis,aequipinnis,3,37361004,RHON01_1512_L.avi,35715,11.905,DColella,6,,Reef; Fucoid; Profile,60,1,1,1,No
RHNO01_1512,Labridae,Notolabrus,tetricus,2,37384003,RHON01_1512_L.avi,29361,9.787,DColella,6,,Reef; Fucoid; Profile,60,1,1,1,No
RHNO01_1512,Cheilodactylidae,Dactylophora,nigricans,1,37377005,RHON01_1512_L.avi,92468,30.8227,DColella,6,,Reef; Fucoid; Profile,60,1,1,1,No
RHNO01_1512,Kyphosidae,Girella,zebra,2,37361008,RHON01_1512_L.avi,42607,14.2023,DColella,6,,Reef; Fucoid; Profile,60,1,1,1,No
RHNO01_1612,Monacanthidae,Meuschenia,hippocrepis,1,37465004,RHNO01_1612_L.avi,71702,23.9007,DColella,6.4,,Amphibolis; pebble; medium,60,1,2,1,Yes
RHNO01_1612,Labridae,Notolabrus,parilus,2,37384022,RHNO01_1612_L.avi,14503,4.8343,DColella,6.4,,Amphibolis; pebble; medium,60,1,2,1,No
RHNO01_1612,Scorpididae,Scorpis,aequipinnis,1,37361004,RHNO01_1612_L.avi,9056,3.0187,DColella,6.4,,Amphibolis; pebble; medium,60,1,2,1,No
RHNO01_1612,Carangidae,Pseudocaranx,sp,6,37337924,RHNO01_1612_L.avi,28493,9.4977,DColella,6.4,,Amphibolis; pebble; medium,60,1,2,1,No
RHNO01_1612,Labridae,Notolabrus,tetricus,3,37384003,RHNO01_1612_L.avi,41198,13.7327,DColella,6.4,,Amphibolis; pebble; medium,60,1,2,1,No
RHNO01_1612,Mullidae,Upeneichthys,vlamingii,1,37355029,RHNO01_1612_L.avi,169052,56.3507,DColella,6.4,,Amphibolis; pebble; medium,60,1,2,1,No
RHNO01_1612,Labridae,Pictilabrus,laticlavius,2,37384020,RHNO01_1612_L.avi,177477,59.159,DColella,6.4,,Amphibolis; pebble; medium,60,1,2,1,No
RHNO01_1612,Arripidae,Arripis,georgianus,3,37344001,RHNO01_1612_L.avi,74157,24.719,DColella,6.4,,Amphibolis; pebble; medium,60,1,2,1,No
RHNO01_1612,Tetraodontidae,Omegophora,armilla,1,37467002,RHNO01_1612_L.avi,89033,29.6777,DColella,6.4,,Amphibolis; pebble; medium,60,1,2,1,No
RHNO02_1512,Kyphosidae,Kyphosus,sydneyanus,7,37361001,RHON02_1512_L.avi,70593,23.531,DColella,7,Chunks of reef in seagrass,Amphibolis; dense,60,1,2,1,No
RHNO02_1512,Scorpididae,Scorpis,aequipinnis,4,37361004,RHON02_1512_L.avi,13038,4.346,DColella,7,Chunks of reef in seagrass,Amphibolis; dense,60,1,2,1,No
RHNO02_1512,Mullidae,Upeneichthys,vlamingii,1,37355029,RHON02_1512_L.avi,90919,30.3063,DColella,7,Chunks of reef in seagrass,Amphibolis; dense,60,1,2,1,No
RHNO02_1512,Monacanthidae,Meuschenia,galii,1,37465040,RHON02_1512_L.avi,32030,10.6767,DColella,7,Chunks of reef in seagrass,Amphibolis; dense,60,1,2,1,No
RHNO02_1512,Monacanthidae,Meuschenia,hippocrepis,1,37465004,RHON02_1512_L.avi,88442,29.4807,DColella,7,Chunks of reef in seagrass,Amphibolis; dense,60,1,2,1,Yes
RHNO02_1512,Kyphosidae,Girella,zebra,26,37361008,RHON02_1512_L.avi,87078,29.026,DColella,7,Chunks of reef in seagrass,Amphibolis; dense,60,1,2,1,No
RHNO02_1512,Scorpididae,Tilodon,sexfasciatus,1,37361003,RHON02_1512_L.avi,98235,32.745,DColella,7,Chunks of reef in seagrass,Amphibolis; dense,60,1,2,1,No
RHNO02_1512,Labridae,Pictilabrus,laticlavius,2,37384020,RHON02_1512_L.avi,30655,10.2183,DColella,7,Chunks of reef in seagrass,Amphibolis; dense,60,1,2,1,No
RHNO02_1512,Cheilodactylidae,Dactylophora,nigricans,1,37377005,RHON02_1512_L.avi,146606,48.8687,DColella,7,Chunks of reef in seagrass,Amphibolis; dense,60,1,2,1,No
RHNO02_1512,Carangidae,Pseudocaranx,sp,6,37337924,RHON02_1512_L.avi,47519,15.8397,DColella,7,Chunks of reef in seagrass,Amphibolis; dense,60,1,2,1,No
RHNO02_1512,Cheilodactylidae,Nemadactylus,valenciennesi,1,37377004,RHON02_1512_L.avi,77780,25.9267,DColella,7,Chunks of reef in seagrass,Amphibolis; dense,60,1,2,1,No
RHNO02_1512,Labridae,Notolabrus,parilus,1,37384022,RHON02_1512_L.avi,25647,8.549,DColella,7,Chunks of reef in seagrass,Amphibolis; dense,60,1,2,1,No
RHNO02_1512,Labridae,Notolabrus,tetricus,6,37384003,RHON02_1512_L.avi,34638,11.546,DColella,7,Chunks of reef in seagrass,Amphibolis; dense,60,1,2,1,No
RHNO02_1612,Labridae,Notolabrus,tetricus,6,37384003,RHNO02_1612_L.avi,47905,15.9683,DColella,6.2,,Amphibolis; medium,60,1,1,1,Yes
RHNO02_1612,Carangidae,Pseudocaranx,sp,8,37337924,RHNO02_1612_L.avi,30167,10.0557,DColella,6.2,,Amphibolis; medium,60,1,1,1,No
RHNO02_1612,Arripidae,Arripis,georgianus,4,37344001,RHNO02_1612_L.avi,132728,44.2427,DColella,6.2,,Amphibolis; medium,60,1,1,1,No
RHNO02_1612,Scorpididae,Scorpis,aequipinnis,13,37361004,RHNO02_1612_L.avi,81390,27.13,DColella,6.2,,Amphibolis; medium,60,1,1,1,No
RHNO02_1612,Sillaginidae,Sillaginodes,punctatus,1,37330001,RHNO02_1612_L.avi,46965,15.655,DColella,6.2,,Amphibolis; medium,60,1,1,1,No
RHNO02_1612,Cheilodactylidae,Nemadactylus,valenciennesi,1,37377004,RHNO02_1612_L.avi,23160,7.72,DColella,6.2,,Amphibolis; medium,60,1,1,1,No
RHNO02_1612,Monacanthidae,Meuschenia,hippocrepis,5,37465004,RHNO02_1612_L.avi,163148,54.3827,DColella,6.2,,Amphibolis; medium,60,1,1,1,Yes
RHNO02_1612,Kyphosidae,Girella,zebra,33,37361008,RHNO02_1612_L.avi,94868,31.6227,DColella,6.2,,Amphibolis; medium,60,1,1,1,No
RHNO02_1612,Scorpididae,Tilodon,sexfasciatus,1,37361003,RHNO02_1612_L.avi,92671,30.8903,DColella,6.2,,Amphibolis; medium,60,1,1,1,No
RHNO02_1612,Labridae,Notolabrus,parilus,2,37384022,RHNO02_1612_L.avi,19633,6.5443,DColella,6.2,,Amphibolis; medium,60,1,1,1,No
RHNO02_1612,Kyphosidae,Kyphosus,sydneyanus,5,37361001,RHNO02_1612_L.avi,17145,5.715,DColella,6.2,,Amphibolis; medium,60,1,1,1,No
RHNO03_1512,Carangidae,Pseudocaranx,sp,21,37337924,RHON03_1512_L.avi,185355,61.785,DColella,7,,Reef; Mixed algal; Profile,60,1,2,1,No
RHNO03_1512,Labridae,Notolabrus,tetricus,3,37384003,RHON03_1512_L.avi,40901,13.6337,DColella,7,,Reef; Mixed algal; Profile,60,1,2,1,No
RHNO03_1512,Kyphosidae,Girella,zebra,4,37361008,RHON03_1512_L.avi,6039,2.013,DColella,7,,Reef; Mixed algal; Profile,60,1,2,1,No
RHNO03_1512,Monacanthidae,Meuschenia,hippocrepis,4,37465004,RHON03_1512_L.avi,117237,39.079,DColella,7,,Reef; Mixed algal; Profile,60,1,2,1,Yes
RHNO03_1512,Labridae,Notolabrus,parilus,2,37384022,RHON03_1512_L.avi,22702,7.5673,DColella,7,,Reef; Mixed algal; Profile,60,1,2,1,No
RHNO03_1512,Arripidae,Arripis,georgianus,8,37344001,RHON03_1512_L.avi,130344,43.448,DColella,7,,Reef; Mixed algal; Profile,60,1,2,1,No
RHNO03_1512,Scorpididae,Tilodon,sexfasciatus,3,37361003,RHON03_1512_L.avi,181894,60.6313,DColella,7,,Reef; Mixed algal; Profile,60,1,2,1,No
RHNO03_1512,Labridae,Pictilabrus,laticlavius,3,37384020,RHON03_1512_L.avi,26167,8.7223,DColella,7,,Reef; Mixed algal; Profile,60,1,2,1,No
RHNO03_1512,Pomacentridae,Parma,victoriae,1,37372006,RHON03_1512_L.avi,136500,45.5,DColella,7,,Reef; Mixed algal; Profile,60,1,2,1,No
RHNO03_1512,Scorpididae,Scorpis,aequipinnis,1,37361004,RHON03_1512_L.avi,153027,51.009,DColella,7,,Reef; Mixed algal; Profile,60,1,2,1,No
RHNO03_1512,Cheilodactylidae,Cheilodactylus,nigripes,2,37377001,RHON03_1512_L.avi,19280,6.4267,DColella,7,,Reef; Mixed algal; Profile,60,1,2,1,No
RHNO03_1612,Cheilodactylidae,Dactylophora,nigricans,1,37377005,RHNO03_1612_L.avi,85542,28.514,DColella,7.4,,Reef; Amphibolis; Dense; Profile,60,1,2,1,No
RHNO03_1612,Kyphosidae,Girella,zebra,5,37361008,RHNO03_1612_L.avi,70080,23.36,DColella,7.4,,Reef; Amphibolis; Dense; Profile,60,1,2,1,No
RHNO03_1612,Monacanthidae,Meuschenia,hippocrepis,2,37465004,RHNO03_1612_L.avi,122826,40.942,DColella,7.4,,Reef; Amphibolis; Dense; Profile,60,1,2,1,Yes
RHNO03_1612,Labridae,Notolabrus,tetricus,5,37384003,RHNO03_1612_L.avi,52515,17.505,DColella,7.4,,Reef; Amphibolis; Dense; Profile,60,1,2,1,No
RHNO03_1612,Arripidae,Arripis,georgianus,8,37344001,RHNO03_1612_L.avi,155166,51.722,DColella,7.4,,Reef; Amphibolis; Dense; Profile,60,1,2,1,No
RHNO03_1612,Sillaginidae,Sillaginodes,punctatus,1,37330001,RHNO03_1612_L.avi,49340,16.4467,DColella,7.4,,Reef; Amphibolis; Dense; Profile,60,1,2,1,No
RHNO03_1612,Mullidae,Upeneichthys,vlamingii,1,37355029,RHNO03_1612_L.avi,87310,29.1033,DColella,7.4,,Reef; Amphibolis; Dense; Profile,60,1,2,1,No
RHNO03_1612,Ostraciidae,Aracana,ornata,1,37466001,RHNO03_1612_L.avi,37029,12.343,DColella,7.4,,Reef; Amphibolis; Dense; Profile,60,1,2,1,No
RHNO03_1612,Labridae,Pictilabrus,laticlavius,4,37384020,RHNO03_1612_L.avi,22976,7.6587,DColella,7.4,,Reef; Amphibolis; Dense; Profile,60,1,2,1,Yes
RHNO03_1612,Carangidae,Pseudocaranx,sp,4,37337924,RHNO03_1612_L.avi,60468,20.156,DColella,7.4,,Reef; Amphibolis; Dense; Profile,60,1,2,1,No
RHNO03_1612,Scorpididae,Scorpis,aequipinnis,1,37361004,RHNO03_1612_L.avi,176932,58.9773,DColella,7.4,,Reef; Amphibolis; Dense; Profile,60,1,2,1,No
RHNO03_1612,Cheilodactylidae,Cheilodactylus,nigripes,1,37377001,RHNO03_1612_L.avi,38343,12.781,DColella,7.4,,Reef; Amphibolis; Dense; Profile,60,1,2,1,No
RHNO03_1612,Labridae,Notolabrus,parilus,2,37384022,RHNO03_1612_L.avi,32545,10.8483,DColella,7.4,,Reef; Amphibolis; Dense; Profile,60,1,2,1,No
RHNO03_1612,Monacanthidae,Acanthaluteres,brownii,1,37465001,RHNO03_1612_L.avi,174374,58.1247,DColella,7.4,,Reef; Amphibolis; Dense; Profile,60,1,2,1,No
RHNO04_1512,Monacanthidae,Meuschenia,galii,1,37465040,RHON04_1512_L.avi,67467,22.489,DColella,6,,Reef; Fucoid; Profile,60,1,1,1,No
RHNO04_1512,Kyphosidae,Kyphosus,sydneyanus,2,37361001,RHON04_1512_L.avi,94009,31.3363,DColella,6,,Reef; Fucoid; Profile,60,1,1,1,No
RHNO04_1512,Monacanthidae,Meuschenia,hippocrepis,1,37465004,RHON04_1512_L.avi,185172,61.724,DColella,6,,Reef; Fucoid; Profile,60,1,1,1,No
RHNO04_1512,Scorpididae,Tilodon,sexfasciatus,1,37361003,RHON04_1512_L.avi,69682,23.2273,DColella,6,,Reef; Fucoid; Profile,60,1,1,1,No
RHNO04_1512,Cheilodactylidae,Cheilodactylus,nigripes,1,37377001,RHON04_1512_L.avi,8511,2.837,DColella,6,,Reef; Fucoid; Profile,60,1,1,1,No
RHNO04_1512,Arripidae,Arripis,georgianus,1,37344001,RHON04_1512_L.avi,54929,18.3097,DColella,6,,Reef; Fucoid; Profile,60,1,1,1,No
RHNO04_1512,Labridae,Achoerodus,gouldii,1,37384002,RHON04_1512_L.avi,69318,23.106,DColella,6,,Reef; Fucoid; Profile,60,1,1,1,No
RHNO04_1512,Pomacentridae,Parma,victoriae,1,37372006,RHON04_1512_L.avi,11942,3.9807,DColella,6,,Reef; Fucoid; Profile,60,1,1,1,No
RHNO04_1512,Labridae,Pictilabrus,laticlavius,3,37384020,RHON04_1512_L.avi,68002,22.6673,DColella,6,,Reef; Fucoid; Profile,60,1,1,1,No
RHNO04_1512,Monacanthidae,MONACANTHIDAE,sp,1,37465903,RHON04_1512_L.avi,185380,61.7933,DColella,6,,Reef; Fucoid; Profile,60,1,1,1,No
RHNO04_1512,Labridae,Notolabrus,tetricus,4,37384003,RHON04_1512_L.avi,16614,5.538,DColella,6,,Reef; Fucoid; Profile,60,1,1,1,No
RHNO04_1512,Kyphosidae,Girella,zebra,9,37361008,RHON04_1512_L.avi,74593,24.8643,DColella,6,,Reef; Fucoid; Profile,60,1,1,1,No
RHNO04_1512,Labridae,Notolabrus,parilus,1,37384022,RHON04_1512_L.avi,8998,2.9993,DColella,6,,Reef; Fucoid; Profile,60,1,1,1,No
RHNO04_1512,Carangidae,Pseudocaranx,sp,7,37337924,RHON04_1512_L.avi,36119,12.0397,DColella,6,,Reef; Fucoid; Profile,60,1,1,1,No
RHNO04_1512,Plesiopidae,Paraplesiops,meleagris,1,37316009,RHON04_1512_L.avi,101014,33.6713,DColella,6,,Reef; Fucoid; Profile,60,1,1,1,No
RHNO04_1512,Scorpididae,Scorpis,aequipinnis,2,37361004,RHON04_1512_L.avi,13274,4.4247,DColella,6,,Reef; Fucoid; Profile,60,1,1,1,No
RHNO04_1612,Labridae,Notolabrus,tetricus,1,37384003,RHNO04_1612_L.avi,163121,54.3737,DColella,7.1,,Reef; Mixed algal; Profile,60,1,1,1,No
RHNO04_1612,Scorpididae,Scorpis,aequipinnis,1,37361004,RHNO04_1612_L.avi,6425,2.1417,DColella,7.1,,Reef; Mixed algal; Profile,60,1,1,1,No
RHNO04_1612,Kyphosidae,Girella,zebra,1,37361008,RHNO04_1612_L.avi,82613,27.5377,DColella,7.1,,Reef; Mixed algal; Profile,60,1,1,1,No
RHNO04_1612,Kyphosidae,Kyphosus,sydneyanus,1,37361001,RHNO04_1612_L.avi,84940,28.3133,DColella,7.1,,Reef; Mixed algal; Profile,60,1,1,1,No
RHNO04_1612,Carangidae,Pseudocaranx,sp,1,37337924,RHNO04_1612_L.avi,23469,7.823,DColella,7.1,,Reef; Mixed algal; Profile,60,1,1,1,No
RHSI01_1512,Mullidae,Upeneichthys,vlamingii,6,37355029,RHIS01_1512_L.avi,43223,14.4077,DColella,17.9,,Amphibolis and posidonia; Medium,60,1,2,2,No
RHSI01_1512,Labridae,Dotalabrus,aurantiacus,1,37384018,RHIS01_1512_L.avi,42375,14.125,DColella,17.9,,Amphibolis and posidonia; Medium,60,1,2,2,No
RHSI01_1512,Carangidae,Trachurus,novaezelandiae,4,37337003,RHIS01_1512_L.avi,82373,27.4577,DColella,17.9,,Amphibolis and posidonia; Medium,60,1,2,2,No
RHSI01_1512,Ostraciidae,Aracana,ornata,1,37466001,RHIS01_1512_L.avi,157686,52.562,DColella,17.9,,Amphibolis and posidonia; Medium,60,1,2,2,No
RHSI01_1512,Labridae,Austrolabrus,maculatus,2,37384025,RHIS01_1512_L.avi,148051,49.3503,DColella,17.9,,Amphibolis and posidonia; Medium,60,1,2,2,No
RHSI01_1512,Neosebastidae,Neosebastes,scorpaenoides,1,37287005,RHIS01_1512_L.avi,239323,79.7743,DColella,17.9,,Amphibolis and posidonia; Medium,60,1,2,2,No
RHSI01_1512,Labridae,Notolabrus,parilus,1,37384022,RHIS01_1512_L.avi,35687,11.8957,DColella,17.9,,Amphibolis and posidonia; Medium,60,1,2,2,No
RHSI01_1512,Labridae,Notolabrus,tetricus,1,37384003,RHIS01_1512_L.avi,182151,60.717,DColella,17.9,,Amphibolis and posidonia; Medium,60,1,2,2,No
RHSI01_1512,Sparidae,Pagrus,auratus,6,37353001,RHIS01_1512_L.avi,171087,57.029,DColella,17.9,,Amphibolis and posidonia; Medium,60,1,2,2,Yes
RHSI01_1512,Gerreidae,Parequula,melbournensis,1,37349001,RHIS01_1512_L.avi,156779,52.2597,DColella,17.9,,Amphibolis and posidonia; Medium,60,1,2,2,No
RHSI01_1512,Carangidae,Pseudocaranx,sp,24,37337924,RHIS01_1512_L.avi,233628,77.876,DColella,17.9,,Amphibolis and posidonia; Medium,60,1,2,2,No
RHSI02_1512,Ostraciidae,Aracana,aurita,1,37466003,RHIS02_1512_L.avi,44332,14.7773,DColella,16.8,,Posidonia; Medium,60,1,2,1,No
RHSI02_1512,Ostraciidae,Aracana,ornata,1,37466001,RHIS02_1512_L.avi,41715,13.905,DColella,16.8,,Posidonia; Medium,60,1,2,1,No
RHSI02_1512,Heterodontidae,Heterodontus,portusjacksoni,1,37007001,RHIS02_1512_L.avi,161059,53.6863,DColella,16.8,,Posidonia; Medium,60,1,2,1,No
RHSI02_1512,Monacanthidae,Thamnaconus,degeni,1,37465037,RHIS02_1512_L.avi,121225,40.4083,DColella,16.8,,Posidonia; Medium,60,1,2,1,Yes
RHSI02_1512,Carangidae,Pseudocaranx,sp,1,37337924,RHIS02_1512_L.avi,158808,52.936,DColella,16.8,,Posidonia; Medium,60,1,2,1,No
RHSI03_1512,Mullidae,Upeneichthys,vlamingii,1,37355029,RHIS03_1512_L.avi,23434,7.8113,DColella,16.6,,Seagrass and algae,60,2,2,1,No
RHSI03_1512,Ostraciidae,Aracana,aurita,1,37466003,RHIS03_1512_L.avi,179487,59.829,DColella,16.6,,Seagrass and algae,60,2,2,1,No
RHSI03_1512,Ostraciidae,Aracana,ornata,1,37466001,RHIS03_1512_L.avi,132489,44.163,DColella,16.6,,Seagrass and algae,60,2,2,1,No
RHSI03_1512,Labridae,Austrolabrus,maculatus,1,37384025,RHIS03_1512_L.avi,17472,5.824,DColella,16.6,,Seagrass and algae,60,2,2,1,No
RHSI03_1512,Carangidae,Trachurus,novaezelandiae,5,37337003,RHIS03_1512_L.avi,78435,26.145,DColella,16.6,,Seagrass and algae,60,2,2,1,No
RHSI03_1512,Monacanthidae,Meuschenia,galii,1,37465040,RHIS03_1512_L.avi,75821,25.2737,DColella,16.6,,Seagrass and algae,60,2,2,1,No
RHSI03_1512,Carangidae,Pseudocaranx,sp,5,37337924,RHIS03_1512_L.avi,51968,17.3227,DColella,16.6,,Seagrass and algae,60,2,2,1,No
RHSI03_1512,Gerreidae,Parequula,melbournensis,3,37349001,RHIS03_1512_L.avi,59652,19.884,DColella,16.6,,Seagrass and algae,60,2,2,1,No
RHSI03_1512,Neosebastidae,NEOSEBASTIDAE,sp,1,37287947,RHIS03_1512_L.avi,32910,10.97,DColella,16.6,,Seagrass and algae,60,2,2,1,No
RHSI03_1512,Pinguipedidae,Parapercis,haackei,1,37390004,RHIS03_1512_L.avi,58836,19.612,DColella,16.6,,Seagrass and algae,60,2,2,1,No
RHSI04_1512,Gerreidae,Parequula,melbournensis,1,37349001,RHIS04_1512_L.avi,58776,19.592,DColella,16.4,,Amphibolis; dense,60,1,2,1,No
RHSI04_1512,Loliginidae,Sepioteuthis,australis,3,23617005,RHIS04_1512_L.avi,31881,10.627,DColella,16.4,,Amphibolis; dense,60,1,2,1,No
RHSI04_1512,Labridae,Pictilabrus,laticlavius,1,37384020,RHIS04_1512_L.avi,22975,7.6583,DColella,16.4,,Amphibolis; dense,60,1,2,1,No
RHSI04_1512,Labridae,Notolabrus,parilus,1,37384022,RHIS04_1512_L.avi,15224,5.0747,DColella,16.4,,Amphibolis; dense,60,1,2,1,No
RHSI04_1512,Ostraciidae,Aracana,aurita,1,37466003,RHIS04_1512_L.avi,112613,37.5377,DColella,16.4,,Amphibolis; dense,60,1,2,1,No
RHSO01_1512,Odacidae,Heteroscarus,acroptilus,1,37385010,RHOS01_1512_L.avi,145965,48.655,DColella,15,,Reef; Ecklonia; Profile,55,1,3,1,No
RHSO01_1512,Ostraciidae,Aracana,sp,1,37466903,RHOS01_1512_L.avi,94418,31.4727,DColella,15,,Reef; Ecklonia; Profile,55,1,3,1,No
RHSO01_1512,Parascylliidae,Parascyllium,ferrugineum,1,37013005,RHOS01_1512_L.avi,70823,23.6077,DColella,15,,Reef; Ecklonia; Profile,55,1,3,1,No
RHSO01_1512,Labridae,Notolabrus,parilus,2,37384022,RHOS01_1512_L.avi,42554,14.1847,DColella,15,,Reef; Ecklonia; Profile,55,1,3,1,No
RHSO01_1512,Labridae,Notolabrus,tetricus,6,37384003,RHOS01_1512_L.avi,62519,20.8397,DColella,15,,Reef; Ecklonia; Profile,55,1,3,1,No
RHSO01_1512,Monacanthidae,Meuschenia,galii,2,37465040,RHOS01_1512_L.avi,139196,46.3987,DColella,15,,Reef; Ecklonia; Profile,55,1,3,1,No
RHSO01_1512,Dasyatidae,Dasyatis,brevicaudata,1,37035001,RHOS01_1512_L.avi,103476,34.492,DColella,15,,Reef; Ecklonia; Profile,55,1,3,1,No
RHSO01_1512,Monacanthidae,Meuschenia,hippocrepis,1,37465004,RHOS01_1512_L.avi,80060,26.6867,DColella,15,,Reef; Ecklonia; Profile,55,1,3,1,No
RHSO01_1512,Labridae,Pictilabrus,laticlavius,7,37384020,RHOS01_1512_L.avi,18274,6.0913,DColella,15,,Reef; Ecklonia; Profile,55,1,3,1,No
RHSO01_1512,Labridae,Ophthalmolepis,lineolatus,2,37384040,RHOS01_1512_L.avi,18936,6.312,DColella,15,,Reef; Ecklonia; Profile,55,1,3,1,No
RHSO01_1512,Sphyraenidae,Sphyraena,novaehollandiae,1,37382002,RHOS01_1512_L.avi,16947,5.649,DColella,15,,Reef; Ecklonia; Profile,55,1,3,1,No
RHSO01_1612,Labridae,Notolabrus,tetricus,4,37384003,RHSO01_1612_R.avi,73504,24.5013,DColella,10,Right cam only,Reef; Mixed algal; Profile,60,1,1,1,No
RHSO01_1612,Labridae,Notolabrus,parilus,1,37384022,RHSO01_1612_R.avi,41567,13.8557,DColella,10,Right cam only,Reef; Mixed algal; Profile,60,1,1,1,No
RHSO01_1612,Sphyraenidae,Sphyraena,novaehollandiae,2,37382002,RHSO01_1612_R.avi,74469,24.823,DColella,10,Right cam only,Reef; Mixed algal; Profile,60,1,1,1,No
RHSO01_1612,Labridae,Austrolabrus,maculatus,1,37384025,RHSO01_1612_R.avi,48234,16.078,DColella,10,Right cam only,Reef; Mixed algal; Profile,60,1,1,1,No
RHSO01_1612,Myliobatidae,Myliobatis,tenuicaudatus,1,37039001,RHSO01_1612_R.avi,111402,37.134,DColella,10,Right cam only,Reef; Mixed algal; Profile,60,1,1,1,No
RHSO01_1612,Monacanthidae,Meuschenia,freycineti,1,37465036,RHSO01_1612_R.avi,158235,52.745,DColella,10,Right cam only,Reef; Mixed algal; Profile,60,1,1,1,No
RHSO01_1612,Carangidae,Pseudocaranx,sp,2,37337924,RHSO01_1612_R.avi,136549,45.5163,DColella,10,Right cam only,Reef; Mixed algal; Profile,60,1,1,1,No
RHSO01_1612,Labridae,Pictilabrus,laticlavius,1,37384020,RHSO01_1612_R.avi,93712,31.2373,DColella,10,Right cam only,Reef; Mixed algal; Profile,60,1,1,1,No
RHSO02_1512,Labridae,Austrolabrus,maculatus,1,37384025,RHOS02_1512_L.avi,12807,4.269,DColella,15,Very strong current,Reef; Mixed algal; Flat,60,1,2,1,No
RHSO02_1512,Labridae,Pictilabrus,laticlavius,3,37384020,RHOS02_1512_L.avi,27441,9.147,DColella,15,Very strong current,Reef; Mixed algal; Flat,60,1,2,1,No
RHSO02_1512,Monacanthidae,Meuschenia,hippocrepis,2,37465004,RHOS02_1512_L.avi,52822,17.6073,DColella,15,Very strong current,Reef; Mixed algal; Flat,60,1,2,1,Yes
RHSO02_1512,Mullidae,Upeneichthys,vlamingii,2,37355029,RHOS02_1512_L.avi,166800,55.6,DColella,15,Very strong current,Reef; Mixed algal; Flat,60,1,2,1,No
RHSO02_1512,Labridae,Ophthalmolepis,lineolatus,3,37384040,RHOS02_1512_L.avi,113844,37.948,DColella,15,Very strong current,Reef; Mixed algal; Flat,60,1,2,1,No
RHSO02_1512,Labridae,Notolabrus,parilus,2,37384022,RHOS02_1512_L.avi,169452,56.484,DColella,15,Very strong current,Reef; Mixed algal; Flat,60,1,2,1,No
RHSO02_1512,Labridae,Notolabrus,tetricus,5,37384003,RHOS02_1512_L.avi,61888,20.6293,DColella,15,Very strong current,Reef; Mixed algal; Flat,60,1,2,1,No
RHSO02_1512,Monacanthidae,Meuschenia,galii,1,37465040,RHOS02_1512_L.avi,12216,4.072,DColella,15,Very strong current,Reef; Mixed algal; Flat,60,1,2,1,No
RHSO02_1612,Labridae,Notolabrus,tetricus,6,37384003,RHSO02_1612_L.avi,76488,25.496,DColella,14,,Reef; Fucoid; Flat,60,1,2,1,No
RHSO02_1612,Sillaginidae,Sillaginodes,punctatus,1,37330001,RHSO02_1612_L.avi,104337,34.779,DColella,14,,Reef; Fucoid; Flat,60,1,2,1,No
RHSO02_1612,Monacanthidae,Acanthaluteres,brownii,3,37465001,RHSO02_1612_L.avi,101785,33.9283,DColella,14,,Reef; Fucoid; Flat,60,1,2,1,No
RHSO02_1612,Labridae,Pictilabrus,laticlavius,7,37384020,RHSO02_1612_L.avi,17974,5.9913,DColella,14,,Reef; Fucoid; Flat,60,1,2,1,No
RHSO02_1612,Labridae,Notolabrus,parilus,2,37384022,RHSO02_1612_L.avi,12844,4.2813,DColella,14,,Reef; Fucoid; Flat,60,1,2,1,No
RHSO02_1612,Monacanthidae,Meuschenia,galii,1,37465040,RHSO02_1612_L.avi,14494,4.8313,DColella,14,,Reef; Fucoid; Flat,60,1,2,1,No
RHSO02_1612,Labridae,Ophthalmolepis,lineolatus,1,37384040,RHSO02_1612_L.avi,46894,15.6313,DColella,14,,Reef; Fucoid; Flat,60,1,2,1,No
RHSO03_1512,Labridae,Notolabrus,tetricus,5,37384003,RHOS03_1512_L.avi,87003,29.001,DColella,14,,Reef; Fucoid; Profile,60,1,2,1,Yes
RHSO03_1512,Labridae,Notolabrus,parilus,3,37384022,RHOS03_1512_L.avi,75727,25.2423,DColella,14,,Reef; Fucoid; Profile,60,1,2,1,No
RHSO03_1512,Labridae,Pictilabrus,laticlavius,5,37384020,RHOS03_1512_L.avi,29095,9.6983,DColella,14,,Reef; Fucoid; Profile,60,1,2,1,No
RHSO03_1512,Monacanthidae,Acanthaluteres,brownii,1,37465001,RHOS03_1512_L.avi,111027,37.009,DColella,14,,Reef; Fucoid; Profile,60,1,2,1,No
RHSO03_1512,Monacanthidae,Meuschenia,galii,1,37465040,RHOS03_1512_L.avi,43712,14.5707,DColella,14,,Reef; Fucoid; Profile,60,1,2,1,No
RHSO03_1512,Odacidae,Heteroscarus,acroptilus,2,37385010,RHOS03_1512_L.avi,58850,19.6167,DColella,14,,Reef; Fucoid; Profile,60,1,2,1,No
RHSO03_1512,Labridae,Ophthalmolepis,lineolatus,2,37384040,RHOS03_1512_L.avi,51112,17.0373,DColella,14,,Reef; Fucoid; Profile,60,1,2,1,No
RHSO03_1612,Sparidae,Pagrus,auratus,1,37353001,RHSO03_1612_L.avi,167663,55.8877,DColella,14,strong current,Reef; Algae and invertebrates: Dense,60,1,2,2,Yes
RHSO03_1612,Labridae,Notolabrus,tetricus,2,37384003,RHSO03_1612_L.avi,75818,25.2727,DColella,14,strong current,Reef; Algae and invertebrates: Dense,60,1,2,2,No
RHSO03_1612,Rhinobatidae,Trygonorrhina,dumerilii,1,37027011,RHSO03_1612_L.avi,68761,22.9203,DColella,14,strong current,Reef; Algae and invertebrates: Dense,60,1,2,2,No
RHSO03_1612,Labridae,Notolabrus,parilus,2,37384022,RHSO03_1612_L.avi,54034,18.0113,DColella,14,strong current,Reef; Algae and invertebrates: Dense,60,1,2,2,No
RHSO04_1512,Labridae,Notolabrus,parilus,2,37384022,RHOS04_1512_L.avi,26020,8.6733,DColella,14,,Reef; Mixed algal; Profile,60,1,2,1,No
RHSO04_1512,Odacidae,Siphonognathus,caninis,1,37385011,RHOS04_1512_L.avi,149649,49.883,DColella,14,,Reef; Mixed algal; Profile,60,1,2,1,No
RHSO04_1512,Labridae,Pictilabrus,laticlavius,1,37384020,RHOS04_1512_L.avi,13176,4.392,DColella,14,,Reef; Mixed algal; Profile,60,1,2,1,No
RHSO04_1512,Labridae,Austrolabrus,maculatus,1,37384025,RHOS04_1512_L.avi,14715,4.905,DColella,14,,Reef; Mixed algal; Profile,60,1,2,1,No
RHSO04_1512,Labridae,Notolabrus,tetricus,3,37384003,RHOS04_1512_L.avi,32421,10.807,DColella,14,,Reef; Mixed algal; Profile,60,1,2,1,No
RHSO04_1512,Mullidae,Upeneichthys,vlamingii,1,37355029,RHOS04_1512_L.avi,128265,42.755,DColella,14,,Reef; Mixed algal; Profile,60,1,2,1,No
RHSO04_1612,Rhinobatidae,Trygonorrhina,dumerilii,1,37027011,RHSO04_1612_L.avi,60376,20.1253,DColella,14,strong current; BRUVS blown upside down @ 5 mins,Algae; Cobble; Medium,60,3,3,1,No
RHSO04_1612,Labridae,Pictilabrus,laticlavius,1,37384020,RHSO04_1612_L.avi,20959,6.9863,DColella,14,strong current; BRUVS blown upside down @ 5 mins,Algae; Cobble; Medium,60,3,3,1,No
RHSO04_1612,Labridae,Notolabrus,tetricus,3,37384003,RHSO04_1612_L.avi,36700,12.2333,DColella,14,strong current; BRUVS blown upside down @ 5 mins,Algae; Cobble; Medium,60,3,3,1,No
RHSO04_1612,Labridae,Notolabrus,parilus,2,37384022,RHSO04_1612_L.avi,35538,11.846,DColella,14,strong current; BRUVS blown upside down @ 5 mins,Algae; Cobble; Medium,60,3,3,1,No
RHSO04_1612,Cheilodactylidae,Cheilodactylus,nigripes,1,37377001,RHSO04_1612_L.avi,115492,38.4973,DColella,14,strong current; BRUVS blown upside down @ 5 mins,Algae; Cobble; Medium,60,3,3,1,No
RHSO04_1612,Monacanthidae,Scobinichthys,granulatus,1,37465007,RHSO04_1612_L.avi,76192,25.3973,DColella,14,strong current; BRUVS blown upside down @ 5 mins,Algae; Cobble; Medium,60,3,3,1,No
RHSO04_1612,Labridae,Austrolabrus,maculatus,1,37384025,RHSO04_1612_L.avi,47448,15.816,DColella,14,strong current; BRUVS blown upside down @ 5 mins,Algae; Cobble; Medium,60,3,3,1,No
SGCI01_1601,Labridae,LABRIDAE,sp,1,37384000,SGIC01_1601_L.avi,184024,61.3413,DMale,6,,Reef; Fucoid; Flat,60,1,1,2,No
SGCI01_1601,Monacanthidae,Meuschenia,hippocrepis,4,37465004,SGIC01_1601_L.avi,86272,28.7573,DMale,6,,Reef; Fucoid; Flat,60,1,1,2,No
SGCI01_1601,Kyphosidae,Kyphosus,sydneyanus,1,37361001,SGIC01_1601_L.avi,66877,22.2923,DMale,6,,Reef; Fucoid; Flat,60,1,1,2,No
SGCI01_1601,Monacanthidae,Meuschenia,galii,1,37465040,SGIC01_1601_L.avi,21841,7.2803,DMale,6,,Reef; Fucoid; Flat,60,1,1,2,No
SGCI01_1601,Labridae,Notolabrus,tetricus,24,37384003,SGIC01_1601_L.avi,184881,61.627,DMale,6,,Reef; Fucoid; Flat,60,1,1,2,No
SGCI01_1601,Scorpididae,Scorpis,aequipinnis,7,37361004,SGIC01_1601_L.avi,154184,51.3947,DMale,6,,Reef; Fucoid; Flat,60,1,1,2,No
SGCI01_1601,Pomacentridae,Parma,victoriae,1,37372006,SGIC01_1601_L.avi,70457,23.4857,DMale,6,,Reef; Fucoid; Flat,60,1,1,2,No
SGCI01_1601,Labridae,Pictilabrus,laticlavius,3,37384020,SGIC01_1601_L.avi,29862,9.954,DMale,6,,Reef; Fucoid; Flat,60,1,1,2,No
SGCI01_1601,Odacidae,Heteroscarus,acroptilus,1,37385010,SGIC01_1601_L.avi,35377,11.7923,DMale,6,,Reef; Fucoid; Flat,60,1,1,2,No
SGCI01_1601,Odacidae,Olisthops,cyanomelas,1,37385001,SGIC01_1601_L.avi,28451,9.4837,DMale,6,,Reef; Fucoid; Flat,60,1,1,2,No
SGCI01_1601,Chaetodontidae,Chelmonops,curiosus,2,37365066,SGIC01_1601_L.avi,77062,25.6873,DMale,6,,Reef; Fucoid; Flat,60,1,1,2,No
SGCI01_1601,Cheilodactylidae,Cheilodactylus,nigripes,1,37377001,SGIC01_1601_L.avi,19684,6.5613,DMale,6,,Reef; Fucoid; Flat,60,1,1,2,No
SGCI01_1601,Labridae,Austrolabrus,maculatus,1,37384025,SGIC01_1601_L.avi,30594,10.198,DMale,6,,Reef; Fucoid; Flat,60,1,1,2,No
SGCI01_1601,Arripidae,Arripis,georgianus,1,37344001,SGIC01_1601_L.avi,46259,15.4197,DMale,6,,Reef; Fucoid; Flat,60,1,1,2,No
SGCI01_1601,Labridae,Achoerodus,gouldii,1,37384002,SGIC01_1601_L.avi,21932,7.3107,DMale,6,,Reef; Fucoid; Flat,60,1,1,2,No
SGCI01_1601,Labridae,Notolabrus,parilus,1,37384022,SGIC01_1601_L.avi,129680,43.2267,DMale,6,,Reef; Fucoid; Flat,60,1,1,2,No
SGCI01_1612,Labridae,Notolabrus,parilus,1,37384022,SGCI01_1612_L.avi,34824,11.608,DColella,6,BRUVS on 45 deg angle. Right cam stopped at 49 mins,Reef; Sand; Transition,60,1,2,1,No
SGCI01_1612,Labridae,Notolabrus,tetricus,9,37384003,SGCI01_1612_L.avi,46670,15.5567,DColella,6,BRUVS on 45 deg angle. Right cam stopped at 49 mins,Reef; Sand; Transition,60,1,2,1,No
SGCI01_1612,Labridae,Pictilabrus,laticlavius,1,37384020,SGCI01_1612_L.avi,14357,4.7857,DColella,6,BRUVS on 45 deg angle. Right cam stopped at 49 mins,Reef; Sand; Transition,60,1,2,1,No
SGCI01_1612,Carangidae,Pseudocaranx,sp,6,37337924,SGCI01_1612_L.avi,165000,55,DColella,6,BRUVS on 45 deg angle. Right cam stopped at 49 mins,Reef; Sand; Transition,60,1,2,1,No
SGCI01_1612,Labridae,Achoerodus,gouldii,1,37384002,SGCI01_1612_L.avi,160057,53.3523,DColella,6,BRUVS on 45 deg angle. Right cam stopped at 49 mins,Reef; Sand; Transition,60,1,2,1,No
SGCI02_1612,Labridae,Pictilabrus,laticlavius,3,37384020,SGCI02_1612_R.avi,18305,6.1017,DColella,7,Left cam obscured. MaxN recorded on right cam. Few lengths,Reef; Fucoid; Profile,53,1,2,1,No
SGCI02_1612,Sparidae,Pagrus,auratus,1,37353001,SGCI02_1612_R.avi,48107,16.0357,DColella,7,Left cam obscured. MaxN recorded on right cam. Few lengths,Reef; Fucoid; Profile,53,1,2,1,No
SGCI02_1612,Odacidae,Olisthops,cyanomelas,1,37385001,SGCI02_1612_R.avi,11939,3.9797,DColella,7,Left cam obscured. MaxN recorded on right cam. Few lengths,Reef; Fucoid; Profile,53,1,2,1,No
SGCI02_1612,Monacanthidae,Meuschenia,hippocrepis,5,37465004,SGCI02_1612_R.avi,59390,19.7967,DColella,7,Left cam obscured. MaxN recorded on right cam. Few lengths,Reef; Fucoid; Profile,53,1,2,1,Yes
SGCI02_1612,Plesiopidae,Paraplesiops,meleagris,1,37316009,SGCI02_1612_R.avi,43324,14.4413,DColella,7,Left cam obscured. MaxN recorded on right cam. Few lengths,Reef; Fucoid; Profile,53,1,2,1,No
SGCI02_1612,Scorpididae,Tilodon,sexfasciatus,1,37361003,SGCI02_1612_R.avi,9158,3.0527,DColella,7,Left cam obscured. MaxN recorded on right cam. Few lengths,Reef; Fucoid; Profile,53,1,2,1,No
SGCI02_1612,Labridae,Achoerodus,gouldii,1,37384002,SGCI02_1612_R.avi,8680,2.8933,DColella,7,Left cam obscured. MaxN recorded on right cam. Few lengths,Reef; Fucoid; Profile,53,1,2,1,No
SGCI02_1612,Labridae,Notolabrus,tetricus,7,37384003,SGCI02_1612_R.avi,95603,31.8677,DColella,7,Left cam obscured. MaxN recorded on right cam. Few lengths,Reef; Fucoid; Profile,53,1,2,1,No
SGCI02_1612,Cheilodactylidae,Cheilodactylus,nigripes,1,37377001,SGCI02_1612_R.avi,15640,5.2133,DColella,7,Left cam obscured. MaxN recorded on right cam. Few lengths,Reef; Fucoid; Profile,53,1,2,1,No
SGCI02_1612,Labridae,Austrolabrus,maculatus,1,37384025,SGCI02_1612_R.avi,12931,4.3103,DColella,7,Left cam obscured. MaxN recorded on right cam. Few lengths,Reef; Fucoid; Profile,53,1,2,1,No
SGCI02_1612,Labridae,Notolabrus,parilus,1,37384022,SGCI02_1612_R.avi,54279,18.093,DColella,7,Left cam obscured. MaxN recorded on right cam. Few lengths,Reef; Fucoid; Profile,53,1,2,1,No
SGCI02_1612,Scorpididae,Scorpis,aequipinnis,7,37361004,SGCI02_1612_R.avi,30929,10.3097,DColella,7,Left cam obscured. MaxN recorded on right cam. Few lengths,Reef; Fucoid; Profile,53,1,2,1,No
SGCI02_1612,Tetraodontidae,Omegophora,armilla,1,37467002,SGCI02_1612_R.avi,81430,27.1433,DColella,7,Left cam obscured. MaxN recorded on right cam. Few lengths,Reef; Fucoid; Profile,53,1,2,1,No
SGCI02_1612,Pomacentridae,Parma,victoriae,1,37372006,SGCI02_1612_R.avi,10578,3.526,DColella,7,Left cam obscured. MaxN recorded on right cam. Few lengths,Reef; Fucoid; Profile,53,1,2,1,No
SGCI02_1612,Kyphosidae,Girella,zebra,2,37361008,SGCI02_1612_R.avi,14335,4.7783,DColella,7,Left cam obscured. MaxN recorded on right cam. Few lengths,Reef; Fucoid; Profile,53,1,2,1,No
SGCI02_1612,Serranidae,Caesioperca,rasor,2,37311003,SGCI02_1612_R.avi,80356,26.7853,DColella,7,Left cam obscured. MaxN recorded on right cam. Few lengths,Reef; Fucoid; Profile,53,1,2,1,No
SGCI03_1601,Odacidae,Olisthops,cyanomelas,1,37385001,SGIC03_1601_L.avi,8718,2.906,DMale,13,,Reef; Mixed algal; Flat,60,1,2,1,No
SGCI03_1601,Kyphosidae,Kyphosus,sydneyanus,1,37361001,SGIC03_1601_L.avi,9523,3.1743,DMale,13,,Reef; Mixed algal; Flat,60,1,2,1,No
SGCI03_1601,Monacanthidae,Meuschenia,flavolineata,3,37465035,SGIC03_1601_L.avi,14713,4.9043,DMale,13,,Reef; Mixed algal; Flat,60,1,2,1,No
SGCI03_1601,Enoplosidae,Enoplosus,armatus,2,37366001,SGIC03_1601_L.avi,128838,42.946,DMale,13,,Reef; Mixed algal; Flat,60,1,2,1,No
SGCI03_1601,Monacanthidae,Meuschenia,freycineti,2,37465036,SGIC03_1601_L.avi,112413,37.471,DMale,13,,Reef; Mixed algal; Flat,60,1,2,1,No
SGCI03_1601,Dinolestidae,Dinolestes,lewini,1,37327002,SGIC03_1601_L.avi,32218,10.7393,DMale,13,,Reef; Mixed algal; Flat,60,1,2,1,No
SGCI03_1601,Labridae,Pictilabrus,laticlavius,1,37384020,SGIC03_1601_L.avi,12779,4.2597,DMale,13,,Reef; Mixed algal; Flat,60,1,2,1,No
SGCI03_1601,Cheilodactylidae,Nemadactylus,valenciennesi,1,37377004,SGIC03_1601_L.avi,41301,13.767,DMale,13,,Reef; Mixed algal; Flat,60,1,2,1,No
SGCI03_1601,Kyphosidae,Girella,zebra,1,37361008,SGIC03_1601_L.avi,14175,4.725,DMale,13,,Reef; Mixed algal; Flat,60,1,2,1,No
SGCI03_1601,Chaetodontidae,Chelmonops,curiosus,2,37365066,SGIC03_1601_L.avi,8529,2.843,DMale,13,,Reef; Mixed algal; Flat,60,1,2,1,No
SGCI03_1601,Monacanthidae,Meuschenia,hippocrepis,8,37465004,SGIC03_1601_L.avi,44801,14.9337,DMale,13,,Reef; Mixed algal; Flat,60,1,2,1,No
SGCI03_1601,Labridae,Ophthalmolepis,lineolatus,2,37384040,SGIC03_1601_L.avi,125467,41.8223,DMale,13,,Reef; Mixed algal; Flat,60,1,2,1,No
SGCI03_1601,Serranidae,Caesioperca,rasor,7,37311003,SGIC03_1601_L.avi,114482,38.1607,DMale,13,,Reef; Mixed algal; Flat,60,1,2,1,No
SGCI03_1601,Labridae,Achoerodus,gouldii,2,37384002,SGIC03_1601_L.avi,16578,5.526,DMale,13,,Reef; Mixed algal; Flat,60,1,2,1,No
SGCI03_1601,Labridae,Austrolabrus,maculatus,4,37384025,SGIC03_1601_L.avi,8875,2.9583,DMale,13,,Reef; Mixed algal; Flat,60,1,2,1,No
SGCI03_1601,Pomacentridae,Parma,victoriae,1,37372006,SGIC03_1601_L.avi,65955,21.985,DMale,13,,Reef; Mixed algal; Flat,60,1,2,1,No
SGCI03_1601,Scorpididae,Tilodon,sexfasciatus,2,37361003,SGIC03_1601_L.avi,16797,5.599,DMale,13,,Reef; Mixed algal; Flat,60,1,2,1,No
SGCI03_1601,Scorpididae,Scorpis,aequipinnis,16,37361004,SGIC03_1601_L.avi,28559,9.5197,DMale,13,,Reef; Mixed algal; Flat,60,1,2,1,No
SGCI03_1601,Moridae,Pseudophycis,barbata,2,37224003,SGIC03_1601_L.avi,28564,9.5213,DMale,13,,Reef; Mixed algal; Flat,60,1,2,1,No
SGCI03_1601,Labridae,Notolabrus,tetricus,9,37384003,SGIC03_1601_L.avi,54009,18.003,DMale,13,,Reef; Mixed algal; Flat,60,1,2,1,No
SGCI03_1612,Labridae,Ophthalmolepis,lineolatus,1,37384040,SGCI03_1612_L.avi,48170,16.0567,DColella,8,,Algae; Invertebrate; Medium,60,1,3,1,No
SGCI03_1612,Serranidae,Othos,dentex,1,37311005,SGCI03_1612_L.avi,49764,16.588,DColella,8,,Algae; Invertebrate; Medium,60,1,3,1,No
SGCI03_1612,Scorpididae,Scorpis,aequipinnis,2,37361004,SGCI03_1612_L.avi,150441,50.147,DColella,8,,Algae; Invertebrate; Medium,60,1,3,1,No
SGCI03_1612,Mullidae,Upeneichthys,vlamingii,1,37355029,SGCI03_1612_L.avi,37474,12.4913,DColella,8,,Algae; Invertebrate; Medium,60,1,3,1,No
SGCI03_1612,Kyphosidae,Girella,zebra,1,37361008,SGCI03_1612_L.avi,10368,3.456,DColella,8,,Algae; Invertebrate; Medium,60,1,3,1,No
SGCI03_1612,Serranidae,Caesioperca,rasor,22,37311003,SGCI03_1612_L.avi,10038,3.346,DColella,8,,Algae; Invertebrate; Medium,60,1,3,1,No
SGCI03_1612,Labridae,Achoerodus,gouldii,1,37384002,SGCI03_1612_L.avi,49857,16.619,DColella,8,,Algae; Invertebrate; Medium,60,1,3,1,No
SGCI03_1612,Labridae,Notolabrus,tetricus,3,37384003,SGCI03_1612_L.avi,124740,41.58,DColella,8,,Algae; Invertebrate; Medium,60,1,3,1,Yes
SGCI03_1612,Chaetodontidae,Chelmonops,curiosus,1,37365066,SGCI03_1612_L.avi,11502,3.834,DColella,8,,Algae; Invertebrate; Medium,60,1,3,1,No
SGCI03_1612,Monacanthidae,Meuschenia,freycineti,2,37465036,SGCI03_1612_L.avi,132995,44.3317,DColella,8,,Algae; Invertebrate; Medium,60,1,3,1,Yes
SGCI03_1612,Monacanthidae,Meuschenia,hippocrepis,2,37465004,SGCI03_1612_L.avi,18521,6.1737,DColella,8,,Algae; Invertebrate; Medium,60,1,3,1,Yes
SGCI03_1612,Enoplosidae,Enoplosus,armatus,1,37366001,SGCI03_1612_L.avi,63802,21.2673,DColella,8,,Algae; Invertebrate; Medium,60,1,3,1,No
SGCI03_1612,Scorpididae,Tilodon,sexfasciatus,3,37361003,SGCI03_1612_L.avi,10132,3.3773,DColella,8,,Algae; Invertebrate; Medium,60,1,3,1,No
SGCI03_1612,Labridae,Austrolabrus,maculatus,2,37384025,SGCI03_1612_L.avi,15670,5.2233,DColella,8,,Algae; Invertebrate; Medium,60,1,3,1,No
SGCI03_1612,Kyphosidae,Kyphosus,sydneyanus,1,37361001,SGCI03_1612_L.avi,10494,3.498,DColella,8,,Algae; Invertebrate; Medium,60,1,3,1,No
SGCI04_1601,Scorpididae,Scorpis,aequipinnis,9,37361004,SGIC04_1601_L.avi,15441,5.147,DMale,20,,Algae; Invertebrate; Dense,60,1,2,1,No
SGCI04_1601,Serranidae,Othos,dentex,2,37311005,SGIC04_1601_L.avi,133000,44.3333,DMale,20,,Algae; Invertebrate; Dense,60,1,2,1,No
SGCI04_1601,Monacanthidae,Eubalichthys,cyanoura,1,37465055,SGIC04_1601_L.avi,46753,15.5843,DMale,20,,Algae; Invertebrate; Dense,60,1,2,1,No
SGCI04_1601,Serranidae,Hypoplectrodes,nigroruber,1,37311037,SGIC04_1601_L.avi,26643,8.881,DMale,20,,Algae; Invertebrate; Dense,60,1,2,1,No
SGCI04_1601,Kyphosidae,Kyphosus,sydneyanus,1,37361001,SGIC04_1601_L.avi,19197,6.399,DMale,20,,Algae; Invertebrate; Dense,60,1,2,1,No
SGCI04_1601,Monacanthidae,Meuschenia,flavolineata,2,37465035,SGIC04_1601_L.avi,59312,19.7707,DMale,20,,Algae; Invertebrate; Dense,60,1,2,1,No
SGCI04_1601,Monacanthidae,Meuschenia,hippocrepis,2,37465004,SGIC04_1601_L.avi,130632,43.544,DMale,20,,Algae; Invertebrate; Dense,60,1,2,1,No
SGCI04_1601,Mullidae,Upeneichthys,vlamingii,1,37355029,SGIC04_1601_L.avi,34283,11.4277,DMale,20,,Algae; Invertebrate; Dense,60,1,2,1,No
SGCI04_1601,Enoplosidae,Enoplosus,armatus,1,37366001,SGIC04_1601_L.avi,49035,16.345,DMale,20,,Algae; Invertebrate; Dense,60,1,2,1,No
SGCI04_1601,Chaetodontidae,Chelmonops,curiosus,2,37365066,SGIC04_1601_L.avi,34136,11.3787,DMale,20,,Algae; Invertebrate; Dense,60,1,2,1,No
SGCI04_1601,Labridae,Notolabrus,tetricus,8,37384003,SGIC04_1601_L.avi,146210,48.7367,DMale,20,,Algae; Invertebrate; Dense,60,1,2,1,No
SGCI04_1601,Kyphosidae,Girella,zebra,2,37361008,SGIC04_1601_L.avi,28349,9.4497,DMale,20,,Algae; Invertebrate; Dense,60,1,2,1,No
SGCI04_1601,Labridae,Ophthalmolepis,lineolatus,2,37384040,SGIC04_1601_L.avi,51182,17.0607,DMale,20,,Algae; Invertebrate; Dense,60,1,2,1,No
SGCI04_1601,Cheilodactylidae,Nemadactylus,valenciennesi,1,37377004,SGIC04_1601_L.avi,15441,5.147,DMale,20,,Algae; Invertebrate; Dense,60,1,2,1,No
SGCI04_1601,Plesiopidae,Paraplesiops,meleagris,1,37316009,SGIC04_1601_L.avi,40134,13.378,DMale,20,,Algae; Invertebrate; Dense,60,1,2,1,No
SGCI04_1601,Pentacerotidae,Pentaceropsis,recurvirostris,1,37367003,SGIC04_1601_L.avi,125084,41.6947,DMale,20,,Algae; Invertebrate; Dense,60,1,2,1,No
SGCI04_1601,Cheilodactylidae,Cheilodactylus,nigripes,2,37377001,SGIC04_1601_L.avi,15230,5.0767,DMale,20,,Algae; Invertebrate; Dense,60,1,2,1,No
SGCI04_1601,Labridae,Pictilabrus,laticlavius,1,37384020,SGIC04_1601_L.avi,17918,5.9727,DMale,20,,Algae; Invertebrate; Dense,60,1,2,1,No
SGCI04_1601,Serranidae,Caesioperca,rasor,20,37311003,SGIC04_1601_L.avi,161727,53.909,DMale,20,,Algae; Invertebrate; Dense,60,1,2,1,No
SGCI04_1601,Carangidae,Pseudocaranx,wrighti,5,37337063,SGIC04_1601_L.avi,16116,5.372,DMale,20,,Algae; Invertebrate; Dense,60,1,2,1,No
SGCI04_1601,Scorpididae,Tilodon,sexfasciatus,5,37361003,SGIC04_1601_L.avi,17918,5.9727,DMale,20,,Algae; Invertebrate; Dense,60,1,2,1,No
SGCI04_1601,Labridae,Austrolabrus,maculatus,3,37384025,SGIC04_1601_L.avi,17311,5.7703,DMale,20,,Algae; Invertebrate; Dense,60,1,2,1,No
SGCI04_1601,Labridae,Achoerodus,gouldii,1,37384002,SGIC04_1601_L.avi,15107,5.0357,DMale,20,,Algae; Invertebrate; Dense,60,1,2,1,No
SGCI04_1601,Odacidae,Olisthops,cyanomelas,1,37385001,SGIC04_1601_L.avi,74596,24.8653,DMale,20,,Algae; Invertebrate; Dense,60,1,2,1,No
SGCI04_1612,Labridae,Achoerodus,gouldii,2,37384002,SGCI04_1612_L.avi,11154,3.718,DColella,8,,Reef; Ecklonia; Profile,60,2,2,1,No
SGCI04_1612,Monacanthidae,Meuschenia,hippocrepis,6,37465004,SGCI04_1612_L.avi,98602,32.8673,DColella,8,,Reef; Ecklonia; Profile,60,2,2,1,Yes
SGCI04_1612,Scorpididae,Scorpis,aequipinnis,6,37361004,SGCI04_1612_L.avi,48449,16.1497,DColella,8,,Reef; Ecklonia; Profile,60,2,2,1,No
SGCI04_1612,Odacidae,Olisthops,cyanomelas,2,37385001,SGCI04_1612_L.avi,141163,47.0543,DColella,8,,Reef; Ecklonia; Profile,60,2,2,1,No
SGCI04_1612,Pomacentridae,Parma,victoriae,1,37372006,SGCI04_1612_L.avi,19985,6.6617,DColella,8,,Reef; Ecklonia; Profile,60,2,2,1,No
SGCI04_1612,Labridae,Pictilabrus,laticlavius,1,37384020,SGCI04_1612_L.avi,16712,5.5707,DColella,8,,Reef; Ecklonia; Profile,60,2,2,1,No
SGCI04_1612,Labridae,Notolabrus,tetricus,8,37384003,SGCI04_1612_L.avi,61963,20.6543,DColella,8,,Reef; Ecklonia; Profile,60,2,2,1,Yes
SGCI04_1612,Kyphosidae,Girella,zebra,2,37361008,SGCI04_1612_L.avi,18045,6.015,DColella,8,,Reef; Ecklonia; Profile,60,2,2,1,No
SGCI04_1612,Cheilodactylidae,Cheilodactylus,nigripes,1,37377001,SGCI04_1612_L.avi,9531,3.177,DColella,8,,Reef; Ecklonia; Profile,60,2,2,1,No
SGCO01_1601,Labridae,Pictilabrus,laticlavius,2,37384020,SGCO01_1601_L.avi,63786,21.262,DColella,5,,Reef; Fucoid; Profile,60,1,1,1,No
SGCO01_1601,Pomacentridae,Parma,victoriae,1,37372006,SGCO01_1601_L.avi,182564,60.8547,DColella,5,,Reef; Fucoid; Profile,60,1,1,1,No
SGCO01_1601,Monacanthidae,Acanthaluteres,brownii,1,37465001,SGCO01_1601_L.avi,21011,7.0037,DColella,5,,Reef; Fucoid; Profile,60,1,1,1,No
SGCO01_1601,Labridae,Achoerodus,gouldii,1,37384002,SGCO01_1601_L.avi,9024,3.008,DColella,5,,Reef; Fucoid; Profile,60,1,1,1,No
SGCO01_1601,Arripidae,Arripis,georgianus,1,37344001,SGCO01_1601_L.avi,71926,23.9753,DColella,5,,Reef; Fucoid; Profile,60,1,1,1,No
SGCO01_1601,Cheilodactylidae,Cheilodactylus,nigripes,1,37377001,SGCO01_1601_L.avi,21871,7.2903,DColella,5,,Reef; Fucoid; Profile,60,1,1,1,No
SGCO01_1601,Kyphosidae,Kyphosus,sydneyanus,9,37361001,SGCO01_1601_L.avi,169061,56.3537,DColella,5,,Reef; Fucoid; Profile,60,1,1,1,No
SGCO01_1601,Monacanthidae,Meuschenia,hippocrepis,4,37465004,SGCO01_1601_L.avi,127175,42.3917,DColella,5,,Reef; Fucoid; Profile,60,1,1,1,Yes
SGCO01_1601,Labridae,Notolabrus,parilus,1,37384022,SGCO01_1601_L.avi,136018,45.3393,DColella,5,,Reef; Fucoid; Profile,60,1,1,1,No
SGCO01_1601,Mullidae,Upeneichthys,vlamingii,2,37355029,SGCO01_1601_L.avi,63624,21.208,DColella,5,,Reef; Fucoid; Profile,60,1,1,1,No
SGCO01_1601,Labridae,Notolabrus,tetricus,6,37384003,SGCO01_1601_L.avi,79363,26.4543,DColella,5,,Reef; Fucoid; Profile,60,1,1,1,No
SGCO01_1601,Scorpididae,Scorpis,aequipinnis,8,37361004,SGCO01_1601_L.avi,167229,55.743,DColella,5,,Reef; Fucoid; Profile,60,1,1,1,Yes
SGCO01_1612,Labridae,Notolabrus,tetricus,10,37384003,SGCO01_1612_L.avi,46482,15.494,DColella,3.2,,Reef; Ecklonia; Profile,60,1,2,2,No
SGCO01_1612,Kyphosidae,Kyphosus,sydneyanus,2,37361001,SGCO01_1612_L.avi,30173,10.0577,DColella,3.2,,Reef; Ecklonia; Profile,60,1,2,2,No
SGCO01_1612,Scorpididae,Tilodon,sexfasciatus,2,37361003,SGCO01_1612_L.avi,59099,19.6997,DColella,3.2,,Reef; Ecklonia; Profile,60,1,2,2,No
SGCO01_1612,Odacidae,Olisthops,cyanomelas,2,37385001,SGCO01_1612_L.avi,139761,46.587,DColella,3.2,,Reef; Ecklonia; Profile,60,1,2,2,No
SGCO01_1612,Labridae,Pictilabrus,laticlavius,2,37384020,SGCO01_1612_L.avi,21824,7.2747,DColella,3.2,,Reef; Ecklonia; Profile,60,1,2,2,No
SGCO01_1612,Cheilodactylidae,Cheilodactylus,nigripes,2,37377001,SGCO01_1612_L.avi,15730,5.2433,DColella,3.2,,Reef; Ecklonia; Profile,60,1,2,2,No
SGCO01_1612,Pomacentridae,Parma,victoriae,1,37372006,SGCO01_1612_L.avi,16253,5.4177,DColella,3.2,,Reef; Ecklonia; Profile,60,1,2,2,No
SGCO01_1612,Monacanthidae,Meuschenia,hippocrepis,4,37465004,SGCO01_1612_L.avi,28357,9.4523,DColella,3.2,,Reef; Ecklonia; Profile,60,1,2,2,Yes
SGCO01_1612,Kyphosidae,Girella,zebra,19,37361008,SGCO01_1612_L.avi,69771,23.257,DColella,3.2,,Reef; Ecklonia; Profile,60,1,2,2,No
SGCO01_1612,Scorpididae,Scorpis,aequipinnis,16,37361004,SGCO01_1612_L.avi,40934,13.6447,DColella,3.2,,Reef; Ecklonia; Profile,60,1,2,2,Yes
SGCO01_1612,Labridae,Achoerodus,gouldii,3,37384002,SGCO01_1612_L.avi,16461,5.487,DColella,3.2,,Reef; Ecklonia; Profile,60,1,2,2,No
SGCO02_1601,Monacanthidae,Meuschenia,hippocrepis,1,37465004,SGCO02_1601_L.avi,155066,51.6887,DColella,11,,Reef; Mixed algal; Profile,60,1,3,1,No
SGCO02_1601,Monacanthidae,Meuschenia,flavolineata,1,37465035,SGCO02_1601_L.avi,86077,28.6923,DColella,11,,Reef; Mixed algal; Profile,60,1,3,1,No
SGCO02_1601,Labridae,Achoerodus,gouldii,1,37384002,SGCO02_1601_L.avi,75553,25.1843,DColella,11,,Reef; Mixed algal; Profile,60,1,3,1,No
SGCO02_1601,Labridae,Austrolabrus,maculatus,2,37384025,SGCO02_1601_L.avi,25470,8.49,DColella,11,,Reef; Mixed algal; Profile,60,1,3,1,No
SGCO02_1601,Cheilodactylidae,Cheilodactylus,nigripes,2,37377001,SGCO02_1601_L.avi,78147,26.049,DColella,11,,Reef; Mixed algal; Profile,60,1,3,1,No
SGCO02_1601,Scorpididae,Scorpis,aequipinnis,6,37361004,SGCO02_1601_L.avi,43295,14.4317,DColella,11,,Reef; Mixed algal; Profile,60,1,3,1,No
SGCO02_1601,Labridae,Pictilabrus,laticlavius,2,37384020,SGCO02_1601_L.avi,32624,10.8747,DColella,11,,Reef; Mixed algal; Profile,60,1,3,1,No
SGCO02_1601,Labridae,Notolabrus,tetricus,4,37384003,SGCO02_1601_L.avi,24357,8.119,DColella,11,,Reef; Mixed algal; Profile,60,1,3,1,No
SGCO02_1601,Cheilodactylidae,Dactylophora,nigricans,1,37377005,SGCO02_1601_L.avi,22205,7.4017,DColella,11,,Reef; Mixed algal; Profile,60,1,3,1,No
SGCO02_1601,Kyphosidae,Girella,zebra,1,37361008,SGCO02_1601_L.avi,84394,28.1313,DColella,11,,Reef; Mixed algal; Profile,60,1,3,1,No
SGCO02_1601,Pomacentridae,Parma,victoriae,1,37372006,SGCO02_1601_L.avi,42137,14.0457,DColella,11,,Reef; Mixed algal; Profile,60,1,3,1,No
SGCO02_1601,Kyphosidae,Kyphosus,sydneyanus,25,37361001,SGCO02_1601_L.avi,163631,54.5437,DColella,11,,Reef; Mixed algal; Profile,60,1,3,1,No
SGCO02_1612,Kyphosidae,Kyphosus,sydneyanus,1,37361001,SGCO02_1612_L.avi,17583,5.861,DColella,9.1,,Posidonia; Sparse,60,1,2,2,No
SGCO02_1612,Mullidae,Upeneichthys,vlamingii,2,37355029,SGCO02_1612_L.avi,131832,43.944,DColella,9.1,,Posidonia; Sparse,60,1,2,2,No
SGCO02_1612,Labridae,Notolabrus,tetricus,3,37384003,SGCO02_1612_L.avi,80340,26.78,DColella,9.1,,Posidonia; Sparse,60,1,2,2,Yes
SGCO02_1612,Sillaginidae,Sillaginodes,punctatus,1,37330001,SGCO02_1612_L.avi,145693,48.5643,DColella,9.1,,Posidonia; Sparse,60,1,2,2,No
SGCO02_1612,Scorpididae,Scorpis,aequipinnis,5,37361004,SGCO02_1612_L.avi,34878,11.626,DColella,9.1,,Posidonia; Sparse,60,1,2,2,No
SGCO02_1612,Majidae,Leptomithrax,gaimardii,3,28880010,SGCO02_1612_L.avi,68350,22.7833,DColella,9.1,,Posidonia; Sparse,60,1,2,2,Yes
SGCO02_1612,Neosebastidae,Neosebastes,sp,2,37287927,SGCO02_1612_L.avi,60998,20.3327,DColella,9.1,,Posidonia; Sparse,60,1,2,2,No
SGCO02_1612,Labridae,Achoerodus,gouldii,1,37384002,SGCO02_1612_L.avi,173415,57.805,DColella,9.1,,Posidonia; Sparse,60,1,2,2,No
SGCO02_1612,Labridae,Notolabrus,parilus,1,37384022,SGCO02_1612_L.avi,84353,28.1177,DColella,9.1,,Posidonia; Sparse,60,1,2,2,No
SGCO03_1601,Labridae,Notolabrus,tetricus,3,37384003,SGCO03_1601_L.avi,24636,8.212,DColella,13,,Reef; Fucoid; Profile,60,1,1,2,No
SGCO03_1601,Pomacentridae,Parma,victoriae,1,37372006,SGCO03_1601_L.avi,74654,24.8847,DColella,13,,Reef; Fucoid; Profile,60,1,1,2,No
SGCO03_1601,Labridae,Achoerodus,gouldii,1,37384002,SGCO03_1601_L.avi,18177,6.059,DColella,13,,Reef; Fucoid; Profile,60,1,1,2,No
SGCO03_1601,Serranidae,Caesioperca,rasor,3,37311003,SGCO03_1601_L.avi,55895,18.6317,DColella,13,,Reef; Fucoid; Profile,60,1,1,2,No
SGCO03_1601,Cheilodactylidae,Cheilodactylus,nigripes,1,37377001,SGCO03_1601_L.avi,131392,43.7973,DColella,13,,Reef; Fucoid; Profile,60,1,1,2,No
SGCO03_1601,Kyphosidae,Girella,zebra,5,37361008,SGCO03_1601_L.avi,55951,18.6503,DColella,13,,Reef; Fucoid; Profile,60,1,1,2,Yes
SGCO03_1601,Kyphosidae,Kyphosus,sydneyanus,2,37361001,SGCO03_1601_L.avi,15115,5.0383,DColella,13,,Reef; Fucoid; Profile,60,1,1,2,No
SGCO03_1601,Monacanthidae,Meuschenia,freycineti,1,37465036,SGCO03_1601_L.avi,147454,49.1513,DColella,13,,Reef; Fucoid; Profile,60,1,1,2,No
SGCO03_1601,Monacanthidae,Meuschenia,hippocrepis,1,37465004,SGCO03_1601_L.avi,16717,5.5723,DColella,13,,Reef; Fucoid; Profile,60,1,1,2,No
SGCO03_1601,Scorpididae,Tilodon,sexfasciatus,1,37361003,SGCO03_1601_L.avi,94465,31.4883,DColella,13,,Reef; Fucoid; Profile,60,1,1,2,No
SGCO03_1601,Scorpididae,Scorpis,aequipinnis,8,37361004,SGCO03_1601_L.avi,44866,14.9553,DColella,13,,Reef; Fucoid; Profile,60,1,1,2,Yes
SGCO03_1601,Cheilodactylidae,Nemadactylus,valenciennesi,2,37377004,SGCO03_1601_L.avi,141132,47.044,DColella,13,,Reef; Fucoid; Profile,60,1,1,2,No
SGCO03_1601,Pentacerotidae,Pentaceropsis,recurvirostris,1,37367003,SGCO03_1601_L.avi,22877,7.6257,DColella,13,,Reef; Fucoid; Profile,60,1,1,2,No
SGCO03_1612,Monacanthidae,Meuschenia,hippocrepis,1,37465004,SGCO03_1612_L.avi,55813,18.6043,DColella,14.8,,Algae; Sand; Medium,60,1,2,2,No
SGCO03_1612,Scorpididae,Scorpis,aequipinnis,9,37361004,SGCO03_1612_L.avi,30521,10.1737,DColella,14.8,,Algae; Sand; Medium,60,1,2,2,Yes
SGCO03_1612,Serranidae,Caesioperca,rasor,3,37311003,SGCO03_1612_L.avi,23198,7.7327,DColella,14.8,,Algae; Sand; Medium,60,1,2,2,No
SGCO03_1612,Neosebastidae,Neosebastes,scorpaenoides,1,37287005,SGCO03_1612_L.avi,37383,12.461,DColella,14.8,,Algae; Sand; Medium,60,1,2,2,No
SGCO03_1612,Labridae,Achoerodus,gouldii,1,37384002,SGCO03_1612_L.avi,29219,9.7397,DColella,14.8,,Algae; Sand; Medium,60,1,2,2,No
SGCO03_1612,Scorpididae,Tilodon,sexfasciatus,1,37361003,SGCO03_1612_L.avi,46799,15.5997,DColella,14.8,,Algae; Sand; Medium,60,1,2,2,No
SGCO03_1612,Labridae,Notolabrus,tetricus,8,37384003,SGCO03_1612_L.avi,41559,13.853,DColella,14.8,,Algae; Sand; Medium,60,1,2,2,No
SGCO03_1612,Pentacerotidae,Pentaceropsis,recurvirostris,1,37367003,SGCO03_1612_L.avi,183519,61.173,DColella,14.8,,Algae; Sand; Medium,60,1,2,2,No
SGCO03_1612,Kyphosidae,Girella,zebra,4,37361008,SGCO03_1612_L.avi,45108,15.036,DColella,14.8,,Algae; Sand; Medium,60,1,2,2,Yes
SGCO03_1612,Labridae,Notolabrus,parilus,1,37384022,SGCO03_1612_L.avi,63806,21.2687,DColella,14.8,,Algae; Sand; Medium,60,1,2,2,No
SGCO03_1612,Labridae,Pictilabrus,laticlavius,1,37384020,SGCO03_1612_L.avi,20482,6.8273,DColella,14.8,,Algae; Sand; Medium,60,1,2,2,No
SGCO03_1612,Aulopidae,Latropiscis,purpurissatus,1,37117001,SGCO03_1612_L.avi,28395,9.465,DColella,14.8,,Algae; Sand; Medium,60,1,2,2,No
SGCO04_1601,Monacanthidae,Meuschenia,hippocrepis,5,37465004,SGCO04_1601_L.avi,43919,14.6397,DColella,13,,Reef; Ecklonia; Profile,60,1,2,1,Yes
SGCO04_1601,Plesiopidae,Paraplesiops,meleagris,1,37316009,SGCO04_1601_L.avi,93469,31.1563,DColella,13,,Reef; Ecklonia; Profile,60,1,2,1,No
SGCO04_1601,Labridae,Achoerodus,gouldii,1,37384002,SGCO04_1601_L.avi,12106,4.0353,DColella,13,,Reef; Ecklonia; Profile,60,1,2,1,No
SGCO04_1601,Labridae,Austrolabrus,maculatus,1,37384025,SGCO04_1601_L.avi,162081,54.027,DColella,13,,Reef; Ecklonia; Profile,60,1,2,1,No
SGCO04_1601,Cheilodactylidae,Cheilodactylus,nigripes,1,37377001,SGCO04_1601_L.avi,22251,7.417,DColella,13,,Reef; Ecklonia; Profile,60,1,2,1,No
SGCO04_1601,Kyphosidae,Girella,zebra,3,37361008,SGCO04_1601_L.avi,16289,5.4297,DColella,13,,Reef; Ecklonia; Profile,60,1,2,1,No
SGCO04_1601,Monacanthidae,Meuschenia,flavolineata,1,37465035,SGCO04_1601_L.avi,30315,10.105,DColella,13,,Reef; Ecklonia; Profile,60,1,2,1,No
SGCO04_1601,Labridae,Notolabrus,parilus,1,37384022,SGCO04_1601_L.avi,34250,11.4167,DColella,13,,Reef; Ecklonia; Profile,60,1,2,1,No
SGCO04_1601,Labridae,Notolabrus,tetricus,6,37384003,SGCO04_1601_L.avi,14188,4.7293,DColella,13,,Reef; Ecklonia; Profile,60,1,2,1,No
SGCO04_1601,Serranidae,Othos,dentex,1,37311005,SGCO04_1601_L.avi,57271,19.0903,DColella,13,,Reef; Ecklonia; Profile,60,1,2,1,No
SGCO04_1601,Pomacentridae,Parma,victoriae,1,37372006,SGCO04_1601_L.avi,17769,5.923,DColella,13,,Reef; Ecklonia; Profile,60,1,2,1,No
SGCO04_1601,Labridae,Pictilabrus,laticlavius,3,37384020,SGCO04_1601_L.avi,14444,4.8147,DColella,13,,Reef; Ecklonia; Profile,60,1,2,1,No
SGCO04_1601,Scorpididae,Scorpis,aequipinnis,4,37361004,SGCO04_1601_L.avi,49092,16.364,DColella,13,,Reef; Ecklonia; Profile,60,1,2,1,No
SGCO04_1601,Scorpididae,Tilodon,sexfasciatus,1,37361003,SGCO04_1601_L.avi,17939,5.9797,DColella,13,,Reef; Ecklonia; Profile,60,1,2,1,No
SGCO04_1601,Odacidae,Olisthops,cyanomelas,1,37385001,SGCO04_1601_L.avi,15248,5.0827,DColella,13,,Reef; Ecklonia; Profile,60,1,2,1,No
SGCO04_1612,Monacanthidae,Meuschenia,hippocrepis,1,37465004,SGCO04_1612_L.avi,121286,40.4287,DColella,11.6,,Reef; Fucoid; Profile,60,1,1,2,No
SGCO04_1612,Scorpididae,Tilodon,sexfasciatus,1,37361003,SGCO04_1612_L.avi,14998,4.9993,DColella,11.6,,Reef; Fucoid; Profile,60,1,1,2,No
SGCO04_1612,Labridae,Notolabrus,tetricus,3,37384003,SGCO04_1612_L.avi,174223,58.0743,DColella,11.6,,Reef; Fucoid; Profile,60,1,1,2,No
SGCO04_1612,Kyphosidae,Kyphosus,sydneyanus,1,37361001,SGCO04_1612_L.avi,21548,7.1827,DColella,11.6,,Reef; Fucoid; Profile,60,1,1,2,No
SGCO04_1612,Scorpididae,Scorpis,aequipinnis,1,37361004,SGCO04_1612_L.avi,34923,11.641,DColella,11.6,,Reef; Fucoid; Profile,60,1,1,2,No
SGEI01_1601,Chaetodontidae,Chelmonops,curiosus,1,37365066,SGIE01_1601_L.avi,11261,3.7537,DMale,7,,Reef; Ecklonia; Profile,60,1,2,1,No
SGEI01_1601,Monacanthidae,MONACANTHIDAE,sp,1,37465903,SGIE01_1601_L.avi,55179,18.393,DMale,7,,Reef; Ecklonia; Profile,60,1,2,1,No
SGEI01_1601,Monacanthidae,Acanthaluteres,brownii,1,37465001,SGIE01_1601_L.avi,156216,52.072,DMale,7,,Reef; Ecklonia; Profile,60,1,2,1,No
SGEI01_1601,Labridae,Achoerodus,gouldii,5,37384002,SGIE01_1601_L.avi,10425,3.475,DMale,7,,Reef; Ecklonia; Profile,60,1,2,1,No
SGEI01_1601,Labridae,Austrolabrus,maculatus,1,37384025,SGIE01_1601_L.avi,16948,5.6493,DMale,7,,Reef; Ecklonia; Profile,60,1,2,1,No
SGEI01_1601,Cheilodactylidae,Cheilodactylus,nigripes,1,37377001,SGIE01_1601_L.avi,8560,2.8533,DMale,7,,Reef; Ecklonia; Profile,60,1,2,1,No
SGEI01_1601,Cheilodactylidae,Dactylophora,nigricans,1,37377005,SGIE01_1601_L.avi,8642,2.8807,DMale,7,,Reef; Ecklonia; Profile,60,1,2,1,No
SGEI01_1601,Enoplosidae,Enoplosus,armatus,1,37366001,SGIE01_1601_L.avi,8996,2.9987,DMale,7,,Reef; Ecklonia; Profile,60,1,2,1,No
SGEI01_1601,Monacanthidae,Eubalichthys,cyanoura,1,37465055,SGIE01_1601_L.avi,135513,45.171,DMale,7,,Reef; Ecklonia; Profile,60,1,2,1,No
SGEI01_1601,Kyphosidae,Girella,zebra,4,37361008,SGIE01_1601_L.avi,165587,55.1957,DMale,7,,Reef; Ecklonia; Profile,60,1,2,1,No
SGEI01_1601,Kyphosidae,Kyphosus,sydneyanus,9,37361001,SGIE01_1601_L.avi,7718,2.5727,DMale,7,,Reef; Ecklonia; Profile,60,1,2,1,No
SGEI01_1601,Monacanthidae,Meuschenia,flavolineata,2,37465035,SGIE01_1601_L.avi,8324,2.7747,DMale,7,,Reef; Ecklonia; Profile,60,1,2,1,No
SGEI01_1601,Dinolestidae,Dinolestes,lewini,3,37327002,SGIE01_1601_L.avi,50176,16.7253,DMale,7,,Reef; Ecklonia; Profile,60,1,2,1,No
SGEI01_1601,Monacanthidae,Meuschenia,hippocrepis,3,37465004,SGIE01_1601_L.avi,9412,3.1373,DMale,7,,Reef; Ecklonia; Profile,60,1,2,1,No
SGEI01_1601,Labridae,Notolabrus,tetricus,6,37384003,SGIE01_1601_L.avi,21520,7.1733,DMale,7,,Reef; Ecklonia; Profile,60,1,2,1,No
SGEI01_1601,Odacidae,Olisthops,cyanomelas,1,37385001,SGIE01_1601_L.avi,27988,9.3293,DMale,7,,Reef; Ecklonia; Profile,60,1,2,1,No
SGEI01_1601,Serranidae,Othos,dentex,1,37311005,SGIE01_1601_L.avi,66289,22.0963,DMale,7,,Reef; Ecklonia; Profile,60,1,2,1,No
SGEI01_1601,Pomacentridae,Parma,victoriae,1,37372006,SGIE01_1601_L.avi,8368,2.7893,DMale,7,,Reef; Ecklonia; Profile,60,1,2,1,No
SGEI01_1601,Carangidae,Pseudocaranx,wrighti,3,37337063,SGIE01_1601_L.avi,160076,53.3587,DMale,7,,Reef; Ecklonia; Profile,60,1,2,1,No
SGEI01_1601,Scorpididae,Scorpis,aequipinnis,5,37361004,SGIE01_1601_L.avi,29522,9.8407,DMale,7,,Reef; Ecklonia; Profile,60,1,2,1,No
SGEI01_1601,Odacidae,Siphonognathus,sp,1,37385905,SGIE01_1601_L.avi,48172,16.0573,DMale,7,,Reef; Ecklonia; Profile,60,1,2,1,No
SGEI01_1601,Scorpididae,Tilodon,sexfasciatus,1,37361003,SGIE01_1601_L.avi,82395,27.465,DMale,7,,Reef; Ecklonia; Profile,60,1,2,1,No
SGEI01_1601,Monacanthidae,Meuschenia,galii,1,37465040,SGIE01_1601_L.avi,135701,45.2337,DMale,7,,Reef; Ecklonia; Profile,60,1,2,1,No
SGEI01_1612,Mullidae,Upeneichthys,vlamingii,4,37355029,SGEI01_1612_L.avi,132810,44.27,DColella,10,,Heterozostera and algae; Medium,60,1,2,1,No
SGEI01_1612,Gerreidae,Parequula,melbournensis,4,37349001,SGEI01_1612_L.avi,27401,9.1337,DColella,10,,Heterozostera and algae; Medium,60,1,2,1,No
SGEI01_1612,Sepiidae,Sepia,apama,1,23607001,SGEI01_1612_L.avi,181354,60.4513,DColella,10,,Heterozostera and algae; Medium,60,1,2,1,No
SGEI01_1612,Atherinidae,Unknown,sp,50,37246000,SGEI01_1612_L.avi,90573,30.191,DColella,10,,Heterozostera and algae; Medium,60,1,2,1,No
SGEI01_1612,Monacanthidae,Acanthaluteres,spilomelanurus,7,37465043,SGEI01_1612_L.avi,149187,49.729,DColella,10,,Heterozostera and algae; Medium,60,1,2,1,No
SGEI02_1601,Aplodactylidae,Aplodactylus,arctidens,1,37376001,SGIE02_1601_L.avi,145579,48.5263,DMale,6,,Reef; Fucoid; Profile,60,1,3,1,No
SGEI02_1601,Labridae,Notolabrus,tetricus,6,37384003,SGIE02_1601_L.avi,20945,6.9817,DMale,6,,Reef; Fucoid; Profile,60,1,3,1,No
SGEI02_1601,Labridae,LABRIDAE,sp,1,37384000,SGIE02_1601_L.avi,142782,47.594,DMale,6,,Reef; Fucoid; Profile,60,1,3,1,No
SGEI02_1601,Cheilodactylidae,Cheilodactylus,nigripes,1,37377001,SGIE02_1601_L.avi,9785,3.2617,DMale,6,,Reef; Fucoid; Profile,60,1,3,1,No
SGEI02_1601,Odacidae,Siphonognathus,beddomei,2,37385006,SGIE02_1601_L.avi,165801,55.267,DMale,6,,Reef; Fucoid; Profile,60,1,3,1,No
SGEI02_1601,Scorpididae,Scorpis,aequipinnis,3,37361004,SGIE02_1601_L.avi,24037,8.0123,DMale,6,,Reef; Fucoid; Profile,60,1,3,1,No
SGEI02_1601,Labridae,Pictilabrus,laticlavius,1,37384020,SGIE02_1601_L.avi,19452,6.484,DMale,6,,Reef; Fucoid; Profile,60,1,3,1,No
SGEI02_1601,Pentacerotidae,Pentaceropsis,recurvirostris,1,37367003,SGIE02_1601_L.avi,167326,55.7753,DMale,6,,Reef; Fucoid; Profile,60,1,3,1,No
SGEI02_1601,Pomacentridae,Parma,victoriae,2,37372006,SGIE02_1601_L.avi,59193,19.731,DMale,6,,Reef; Fucoid; Profile,60,1,3,1,No
SGEI02_1601,Odacidae,Olisthops,cyanomelas,2,37385001,SGIE02_1601_L.avi,12181,4.0603,DMale,6,,Reef; Fucoid; Profile,60,1,3,1,No
SGEI02_1601,Monacanthidae,MONACANTHIDAE,sp,1,37465903,SGIE02_1601_L.avi,114417,38.139,DMale,6,,Reef; Fucoid; Profile,60,1,3,1,No
SGEI02_1601,Monacanthidae,Meuschenia,hippocrepis,2,37465004,SGIE02_1601_L.avi,51608,17.2027,DMale,6,,Reef; Fucoid; Profile,60,1,3,1,No
SGEI02_1601,Monacanthidae,Meuschenia,galii,1,37465040,SGIE02_1601_L.avi,68080,22.6933,DMale,6,,Reef; Fucoid; Profile,60,1,3,1,No
SGEI02_1601,Kyphosidae,Kyphosus,sydneyanus,1,37361001,SGIE02_1601_L.avi,10386,3.462,DMale,6,,Reef; Fucoid; Profile,60,1,3,1,No
SGEI02_1601,Kyphosidae,Girella,zebra,8,37361008,SGIE02_1601_L.avi,10177,3.3923,DMale,6,,Reef; Fucoid; Profile,60,1,3,1,No
SGEI02_1601,Cheilodactylidae,Dactylophora,nigricans,1,37377005,SGIE02_1601_L.avi,184635,61.545,DMale,6,,Reef; Fucoid; Profile,60,1,3,1,No
SGEI02_1601,Gobiesocidae,GOBIESOCIDAE,sp,1,37206000,SGIE02_1601_L.avi,61849,20.6163,DMale,6,,Reef; Fucoid; Profile,60,1,3,1,No
SGEI02_1601,Labridae,Achoerodus,gouldii,3,37384002,SGIE02_1601_L.avi,12487,4.1623,DMale,6,,Reef; Fucoid; Profile,60,1,3,1,No
SGEI02_1601,Serranidae,Othos,dentex,2,37311005,SGIE02_1601_L.avi,138912,46.304,DMale,6,,Reef; Fucoid; Profile,60,1,3,1,No
SGEI02_1612,Scorpididae,Scorpis,aequipinnis,3,37361004,SGEI02_1612_L.avi,165109,55.0363,DColella,8,,Reef; Fucoid; Profile,60,3,1,1,No
SGEI02_1612,Kyphosidae,Girella,zebra,1,37361008,SGEI02_1612_L.avi,120967,40.3223,DColella,8,,Reef; Fucoid; Profile,60,3,1,1,No
SGEI02_1612,Cheilodactylidae,Cheilodactylus,nigripes,1,37377001,SGEI02_1612_L.avi,18113,6.0377,DColella,8,,Reef; Fucoid; Profile,60,3,1,1,No
SGEI02_1612,Monacanthidae,Meuschenia,hippocrepis,1,37465004,SGEI02_1612_L.avi,17731,5.9103,DColella,8,,Reef; Fucoid; Profile,60,3,1,1,No
SGEI02_1612,Enoplosidae,Enoplosus,armatus,2,37366001,SGEI02_1612_L.avi,71639,23.8797,DColella,8,,Reef; Fucoid; Profile,60,3,1,1,No
SGEI02_1612,Monacanthidae,Meuschenia,flavolineata,1,37465035,SGEI02_1612_L.avi,72023,24.0077,DColella,8,,Reef; Fucoid; Profile,60,3,1,1,No
SGEI02_1612,Pomacentridae,Parma,victoriae,1,37372006,SGEI02_1612_L.avi,15682,5.2273,DColella,8,,Reef; Fucoid; Profile,60,3,1,1,No
SGEI02_1612,Kyphosidae,Kyphosus,sydneyanus,1,37361001,SGEI02_1612_L.avi,21646,7.2153,DColella,8,,Reef; Fucoid; Profile,60,3,1,1,No
SGEI02_1612,Labridae,Pictilabrus,laticlavius,1,37384020,SGEI02_1612_L.avi,11447,3.8157,DColella,8,,Reef; Fucoid; Profile,60,3,1,1,No
SGEI02_1612,Labridae,Notolabrus,tetricus,7,37384003,SGEI02_1612_L.avi,101464,33.8213,DColella,8,,Reef; Fucoid; Profile,60,3,1,1,No
SGEI02_1612,Serranidae,Othos,dentex,1,37311005,SGEI02_1612_L.avi,41463,13.821,DColella,8,,Reef; Fucoid; Profile,60,3,1,1,No
SGEI03_1612,Cheilodactylidae,Dactylophora,nigricans,1,37377005,SGEI03_1612_R.avi,25734,8.578,DColella,10,Left cam obscured - no lengths,Reef; Ecklonia; Profile,60,2,3,1,No
SGEI03_1612,Labridae,Notolabrus,tetricus,5,37384003,SGEI03_1612_R.avi,80525,26.8417,DColella,10,Left cam obscured - no lengths,Reef; Ecklonia; Profile,60,2,3,1,No
SGEI03_1612,Kyphosidae,Girella,zebra,2,37361008,SGEI03_1612_R.avi,92357,30.7857,DColella,10,Left cam obscured - no lengths,Reef; Ecklonia; Profile,60,2,3,1,No
SGEI03_1612,Serranidae,Othos,dentex,1,37311005,SGEI03_1612_R.avi,36853,12.2843,DColella,10,Left cam obscured - no lengths,Reef; Ecklonia; Profile,60,2,3,1,No
SGEI03_1612,Cheilodactylidae,Cheilodactylus,nigripes,1,37377001,SGEI03_1612_R.avi,70094,23.3647,DColella,10,Left cam obscured - no lengths,Reef; Ecklonia; Profile,60,2,3,1,No
SGEI03_1612,Scorpididae,Scorpis,aequipinnis,1,37361004,SGEI03_1612_R.avi,13661,4.5537,DColella,10,Left cam obscured - no lengths,Reef; Ecklonia; Profile,60,2,3,1,No
SGEI03_1612,Kyphosidae,Kyphosus,sydneyanus,1,37361001,SGEI03_1612_R.avi,44597,14.8657,DColella,10,Left cam obscured - no lengths,Reef; Ecklonia; Profile,60,2,3,1,No
SGEI03_1612,Odacidae,Olisthops,cyanomelas,1,37385001,SGEI03_1612_R.avi,14372,4.7907,DColella,10,Left cam obscured - no lengths,Reef; Ecklonia; Profile,60,2,3,1,No
SGEI03_1612,Pomacentridae,Parma,victoriae,1,37372006,SGEI03_1612_R.avi,49274,16.4247,DColella,10,Left cam obscured - no lengths,Reef; Ecklonia; Profile,60,2,3,1,No
SGEI03_1612,Monacanthidae,Meuschenia,hippocrepis,4,37465004,SGEI03_1612_R.avi,113927,37.9757,DColella,10,Left cam obscured - no lengths,Reef; Ecklonia; Profile,60,2,3,1,Yes
SGEI03_1612,Labridae,Achoerodus,gouldii,1,37384002,SGEI03_1612_R.avi,10164,3.388,DColella,10,Left cam obscured - no lengths,Reef; Ecklonia; Profile,60,2,3,1,No
SGEI04_1601,Kyphosidae,Kyphosus,sydneyanus,1,37361001,SGIE04_1601_L.avi,12509,4.1697,DMale,9,,Reef; Ecklonia; Profile,60,2,3,1,No
SGEI04_1601,Monacanthidae,Meuschenia,flavolineata,2,37465035,SGIE04_1601_L.avi,13959,4.653,DMale,9,,Reef; Ecklonia; Profile,60,2,3,1,No
SGEI04_1601,Cheilodactylidae,Cheilodactylus,nigripes,1,37377001,SGIE04_1601_L.avi,15585,5.195,DMale,9,,Reef; Ecklonia; Profile,60,2,3,1,No
SGEI04_1601,Monacanthidae,Meuschenia,hippocrepis,4,37465004,SGIE04_1601_L.avi,19495,6.4983,DMale,9,,Reef; Ecklonia; Profile,60,2,3,1,No
SGEI04_1601,Chaetodontidae,Chelmonops,curiosus,2,37365066,SGIE04_1601_L.avi,83599,27.8663,DMale,9,,Reef; Ecklonia; Profile,60,2,3,1,No
SGEI04_1601,Scorpididae,Scorpis,aequipinnis,6,37361004,SGIE04_1601_L.avi,151610,50.5367,DMale,9,,Reef; Ecklonia; Profile,60,2,3,1,No
SGEI04_1601,Pentacerotidae,Pentaceropsis,recurvirostris,1,37367003,SGIE04_1601_L.avi,143094,47.698,DMale,9,,Reef; Ecklonia; Profile,60,2,3,1,No
SGEI04_1601,Pomacentridae,Parma,victoriae,1,37372006,SGIE04_1601_L.avi,147775,49.2583,DMale,9,,Reef; Ecklonia; Profile,60,2,3,1,No
SGEI04_1601,Plesiopidae,Paraplesiops,meleagris,1,37316009,SGIE04_1601_L.avi,36968,12.3227,DMale,9,,Reef; Ecklonia; Profile,60,2,3,1,No
SGEI04_1601,Kyphosidae,Girella,zebra,2,37361008,SGIE04_1601_L.avi,14657,4.8857,DMale,9,,Reef; Ecklonia; Profile,60,2,3,1,No
SGEI04_1601,Serranidae,Othos,dentex,2,37311005,SGIE04_1601_L.avi,40817,13.6057,DMale,9,,Reef; Ecklonia; Profile,60,2,3,1,No
SGEI04_1601,Odacidae,Olisthops,cyanomelas,1,37385001,SGIE04_1601_L.avi,109646,36.5487,DMale,9,,Reef; Ecklonia; Profile,60,2,3,1,No
SGEI04_1601,Labridae,Notolabrus,tetricus,3,37384003,SGIE04_1601_L.avi,41749,13.9163,DMale,9,,Reef; Ecklonia; Profile,60,2,3,1,No
SGEI04_1612,Monacanthidae,Meuschenia,flavolineata,2,37465035,SGEI04_1612_L.avi,23086,7.6953,DColella,8,,Reef; Mixed algal; Profile,60,1,3,1,No
SGEI04_1612,Serranidae,Othos,dentex,1,37311005,SGEI04_1612_L.avi,28724,9.5747,DColella,8,,Reef; Mixed algal; Profile,60,1,3,1,No
SGEI04_1612,Labridae,Austrolabrus,maculatus,2,37384025,SGEI04_1612_L.avi,52936,17.6453,DColella,8,,Reef; Mixed algal; Profile,60,1,3,1,No
SGEI04_1612,Labridae,Eupetrichthys,angustipes,1,37384105,SGEI04_1612_L.avi,153341,51.1137,DColella,8,,Reef; Mixed algal; Profile,60,1,3,1,No
SGEI04_1612,Cheilodactylidae,Dactylophora,nigricans,1,37377005,SGEI04_1612_L.avi,113790,37.93,DColella,8,,Reef; Mixed algal; Profile,60,1,3,1,No
SGEI04_1612,Monacanthidae,Meuschenia,hippocrepis,3,37465004,SGEI04_1612_L.avi,21225,7.075,DColella,8,,Reef; Mixed algal; Profile,60,1,3,1,Yes
SGEI04_1612,Labridae,Notolabrus,tetricus,3,37384003,SGEI04_1612_L.avi,18794,6.2647,DColella,8,,Reef; Mixed algal; Profile,60,1,3,1,No
SGEI04_1612,Labridae,Pictilabrus,laticlavius,1,37384020,SGEI04_1612_L.avi,17570,5.8567,DColella,8,,Reef; Mixed algal; Profile,60,1,3,1,No
SGEI04_1612,Serranidae,Hypoplectrodes,nigroruber,1,37311037,SGEI04_1612_L.avi,26629,8.8763,DColella,8,,Reef; Mixed algal; Profile,60,1,3,1,No
SGEI04_1612,Cheilodactylidae,Cheilodactylus,nigripes,1,37377001,SGEI04_1612_L.avi,158051,52.6837,DColella,8,,Reef; Mixed algal; Profile,60,1,3,1,No
SGEO01_1601,Labridae,Notolabrus,parilus,1,37384022,SGEO01_1601_R.avi,40522,13.5073,DColella,5,Used R image due to rope in view,Reef; Fucoid; Flat,60,1,2,1,No
SGEO01_1601,Labridae,Achoerodus,gouldii,4,37384002,SGEO01_1601_R.avi,21640,7.2133,DColella,5,Used R image due to rope in view,Reef; Fucoid; Flat,60,1,2,1,No
SGEO01_1601,Labridae,Pictilabrus,laticlavius,1,37384020,SGEO01_1601_R.avi,20549,6.8497,DColella,5,Used R image due to rope in view,Reef; Fucoid; Flat,60,1,2,1,No
SGEO01_1601,Kyphosidae,Kyphosus,sydneyanus,1,37361001,SGEO01_1601_R.avi,41788,13.9293,DColella,5,Used R image due to rope in view,Reef; Fucoid; Flat,60,1,2,1,No
SGEO01_1601,Scorpididae,Scorpis,aequipinnis,9,37361004,SGEO01_1601_R.avi,56670,18.89,DColella,5,Used R image due to rope in view,Reef; Fucoid; Flat,60,1,2,1,No
SGEO01_1601,Cheilodactylidae,Cheilodactylus,nigripes,2,37377001,SGEO01_1601_R.avi,15718,5.2393,DColella,5,Used R image due to rope in view,Reef; Fucoid; Flat,60,1,2,1,No
SGEO01_1601,Pomacentridae,Parma,victoriae,1,37372006,SGEO01_1601_R.avi,149772,49.924,DColella,5,Used R image due to rope in view,Reef; Fucoid; Flat,60,1,2,1,No
SGEO01_1601,Odacidae,Olisthops,cyanomelas,1,37385001,SGEO01_1601_R.avi,172887,57.629,DColella,5,Used R image due to rope in view,Reef; Fucoid; Flat,60,1,2,1,No
SGEO01_1601,Labridae,Notolabrus,tetricus,6,37384003,SGEO01_1601_R.avi,28892,9.6307,DColella,5,Used R image due to rope in view,Reef; Fucoid; Flat,60,1,2,1,No
SGEO01_1601,Monacanthidae,Meuschenia,hippocrepis,2,37465004,SGEO01_1601_R.avi,94473,31.491,DColella,5,Used R image due to rope in view,Reef; Fucoid; Flat,60,1,2,1,No
SGEO01_1601,Cheilodactylidae,Dactylophora,nigricans,1,37377005,SGEO01_1601_R.avi,102635,34.2117,DColella,5,Used R image due to rope in view,Reef; Fucoid; Flat,60,1,2,1,No
SGEO01_1601,Scorpididae,Tilodon,sexfasciatus,1,37361003,SGEO01_1601_R.avi,19503,6.501,DColella,5,Used R image due to rope in view,Reef; Fucoid; Flat,60,1,2,1,No
SGEO01_1612,Kyphosidae,Kyphosus,sydneyanus,1,37361001,SGEO01_1612_L.avi,156616,52.2053,DColella,4,,Reef; Fucoid; Profile,60,1,1,1,No
SGEO01_1612,Odacidae,Olisthops,cyanomelas,1,37385001,SGEO01_1612_L.avi,167321,55.7737,DColella,4,,Reef; Fucoid; Profile,60,1,1,1,No
SGEO01_1612,Labridae,Notolabrus,tetricus,8,37384003,SGEO01_1612_L.avi,178915,59.6383,DColella,4,,Reef; Fucoid; Profile,60,1,1,1,Yes
SGEO01_1612,Monacanthidae,Meuschenia,hippocrepis,2,37465004,SGEO01_1612_L.avi,110643,36.881,DColella,4,,Reef; Fucoid; Profile,60,1,1,1,No
SGEO01_1612,Scorpididae,Scorpis,aequipinnis,3,37361004,SGEO01_1612_L.avi,183612,61.204,DColella,4,,Reef; Fucoid; Profile,60,1,1,1,Yes
SGEO01_1612,Kyphosidae,Girella,zebra,1,37361008,SGEO01_1612_L.avi,178069,59.3563,DColella,4,,Reef; Fucoid; Profile,60,1,1,1,No
SGEO02_1601,Scorpididae,Tilodon,sexfasciatus,1,37361003,SGEO02_1601_L.avi,30738,10.246,DColella,9.1,,Reef; Mixed algal; Profile,60,1,1,2,No
SGEO02_1601,Odacidae,Olisthops,cyanomelas,1,37385001,SGEO02_1601_L.avi,61047,20.349,DColella,9.1,,Reef; Mixed algal; Profile,60,1,1,2,No
SGEO02_1601,Mullidae,Upeneichthys,vlamingii,3,37355029,SGEO02_1601_L.avi,51850,17.2833,DColella,9.1,,Reef; Mixed algal; Profile,60,1,1,2,No
SGEO02_1601,Scorpididae,Scorpis,aequipinnis,8,37361004,SGEO02_1601_L.avi,91136,30.3787,DColella,9.1,,Reef; Mixed algal; Profile,60,1,1,2,No
SGEO02_1601,Labridae,Pictilabrus,laticlavius,2,37384020,SGEO02_1601_L.avi,52977,17.659,DColella,9.1,,Reef; Mixed algal; Profile,60,1,1,2,No
SGEO02_1601,Pomacentridae,Parma,victoriae,1,37372006,SGEO02_1601_L.avi,10931,3.6437,DColella,9.1,,Reef; Mixed algal; Profile,60,1,1,2,No
SGEO02_1601,Labridae,Notolabrus,tetricus,6,37384003,SGEO02_1601_L.avi,139598,46.5327,DColella,9.1,,Reef; Mixed algal; Profile,60,1,1,2,No
SGEO02_1601,Monacanthidae,Meuschenia,hippocrepis,8,37465004,SGEO02_1601_L.avi,84577,28.1923,DColella,9.1,,Reef; Mixed algal; Profile,60,1,1,2,Yes
SGEO02_1601,Monacanthidae,Meuschenia,flavolineata,1,37465035,SGEO02_1601_L.avi,42874,14.2913,DColella,9.1,,Reef; Mixed algal; Profile,60,1,1,2,No
SGEO02_1601,Kyphosidae,Kyphosus,sydneyanus,1,37361001,SGEO02_1601_L.avi,40077,13.359,DColella,9.1,,Reef; Mixed algal; Profile,60,1,1,2,No
SGEO02_1601,Labridae,Achoerodus,gouldii,2,37384002,SGEO02_1601_L.avi,28454,9.4847,DColella,9.1,,Reef; Mixed algal; Profile,60,1,1,2,No
SGEO02_1601,Kyphosidae,Girella,zebra,6,37361008,SGEO02_1601_L.avi,60406,20.1353,DColella,9.1,,Reef; Mixed algal; Profile,60,1,1,2,No
SGEO02_1601,Dinolestidae,Dinolestes,lewini,1,37327002,SGEO02_1601_L.avi,52813,17.6043,DColella,9.1,,Reef; Mixed algal; Profile,60,1,1,2,No
SGEO02_1601,Cheilodactylidae,Dactylophora,nigricans,1,37377005,SGEO02_1601_L.avi,51396,17.132,DColella,9.1,,Reef; Mixed algal; Profile,60,1,1,2,No
SGEO02_1601,Cheilodactylidae,Cheilodactylus,nigripes,1,37377001,SGEO02_1601_L.avi,10688,3.5627,DColella,9.1,,Reef; Mixed algal; Profile,60,1,1,2,No
SGEO02_1612,Odacidae,Olisthops,cyanomelas,1,37385001,SGEO02_1612_L.avi,14891,4.9637,DColella,4,,Reef; Fucoid; Profile,60,1,2,2,No
SGEO02_1612,Labridae,Notolabrus,tetricus,8,37384003,SGEO02_1612_L.avi,81534,27.178,DColella,4,,Reef; Fucoid; Profile,60,1,2,2,No
SGEO02_1612,Scorpididae,Scorpis,aequipinnis,6,37361004,SGEO02_1612_L.avi,61423,20.4743,DColella,4,,Reef; Fucoid; Profile,60,1,2,2,No
SGEO02_1612,Pomacentridae,Parma,victoriae,1,37372006,SGEO02_1612_L.avi,12065,4.0217,DColella,4,,Reef; Fucoid; Profile,60,1,2,2,No
SGEO02_1612,Kyphosidae,Kyphosus,sydneyanus,1,37361001,SGEO02_1612_L.avi,19846,6.6153,DColella,4,,Reef; Fucoid; Profile,60,1,2,2,No
SGEO02_1612,Monacanthidae,Meuschenia,hippocrepis,1,37465004,SGEO02_1612_L.avi,37122,12.374,DColella,4,,Reef; Fucoid; Profile,60,1,2,2,No
SGEO02_1612,Labridae,Achoerodus,gouldii,1,37384002,SGEO02_1612_L.avi,103139,34.3797,DColella,4,,Reef; Fucoid; Profile,60,1,2,2,No
SGEO02_1612,Labridae,Pictilabrus,laticlavius,4,37384020,SGEO02_1612_L.avi,30813,10.271,DColella,4,,Reef; Fucoid; Profile,60,1,2,2,No
SGEO02_1612,Cheilodactylidae,Cheilodactylus,nigripes,1,37377001,SGEO02_1612_L.avi,99358,33.1193,DColella,4,,Reef; Fucoid; Profile,60,1,2,2,No
SGEO03_1601,Kyphosidae,Girella,zebra,2,37361008,SGEO03_1601_L.avi,145102,48.3673,DColella,9,"BRUVS landed upside down, image orientation corrected. No lengths",Reef; Mixed algal; Profile,60,3,2,1,No
SGEO03_1601,Cheilodactylidae,Nemadactylus,valenciennesi,1,37377004,SGEO03_1601_L.avi,64514,21.5047,DColella,9,"BRUVS landed upside down, image orientation corrected. No lengths",Reef; Mixed algal; Profile,60,3,2,1,No
SGEO03_1601,Monacanthidae,Meuschenia,flavolineata,1,37465035,SGEO03_1601_L.avi,17804,5.9347,DColella,9,"BRUVS landed upside down, image orientation corrected. No lengths",Reef; Mixed algal; Profile,60,3,2,1,No
SGEO03_1601,Kyphosidae,Kyphosus,sydneyanus,10,37361001,SGEO03_1601_L.avi,10815,3.605,DColella,9,"BRUVS landed upside down, image orientation corrected. No lengths",Reef; Mixed algal; Profile,60,3,2,1,No
SGEO03_1601,Tripterygiidae,Helcogramma,decurrens,1,37415015,SGEO03_1601_L.avi,58059,19.353,DColella,9,"BRUVS landed upside down, image orientation corrected. No lengths",Reef; Mixed algal; Profile,60,3,2,1,No
SGEO03_1601,Monacanthidae,Meuschenia,hippocrepis,5,37465004,SGEO03_1601_L.avi,77610,25.87,DColella,9,"BRUVS landed upside down, image orientation corrected. No lengths",Reef; Mixed algal; Profile,60,3,2,1,No
SGEO03_1601,Dinolestidae,Dinolestes,lewini,12,37327002,SGEO03_1601_L.avi,136914,45.638,DColella,9,"BRUVS landed upside down, image orientation corrected. No lengths",Reef; Mixed algal; Profile,60,3,2,1,No
SGEO03_1601,Cheilodactylidae,Dactylophora,nigricans,1,37377005,SGEO03_1601_L.avi,31632,10.544,DColella,9,"BRUVS landed upside down, image orientation corrected. No lengths",Reef; Mixed algal; Profile,60,3,2,1,No
SGEO03_1601,Chaetodontidae,Chelmonops,curiosus,1,37365066,SGEO03_1601_L.avi,28136,9.3787,DColella,9,"BRUVS landed upside down, image orientation corrected. No lengths",Reef; Mixed algal; Profile,60,3,2,1,No
SGEO03_1601,Cheilodactylidae,Cheilodactylus,nigripes,1,37377001,SGEO03_1601_L.avi,21171,7.057,DColella,9,"BRUVS landed upside down, image orientation corrected. No lengths",Reef; Mixed algal; Profile,60,3,2,1,No
SGEO03_1601,Arripidae,Arripis,truttaceus,100,37344004,SGEO03_1601_L.avi,9907,3.3023,DColella,9,"BRUVS landed upside down, image orientation corrected. No lengths",Reef; Mixed algal; Profile,60,3,2,1,No
SGEO03_1601,Labridae,Notolabrus,parilus,1,37384022,SGEO03_1601_L.avi,72318,24.106,DColella,9,"BRUVS landed upside down, image orientation corrected. No lengths",Reef; Mixed algal; Profile,60,3,2,1,No
SGEO03_1601,Odacidae,Olisthops,cyanomelas,1,37385001,SGEO03_1601_L.avi,45028,15.0093,DColella,9,"BRUVS landed upside down, image orientation corrected. No lengths",Reef; Mixed algal; Profile,60,3,2,1,No
SGEO03_1601,Labridae,Austrolabrus,maculatus,2,37384025,SGEO03_1601_L.avi,25587,8.529,DColella,9,"BRUVS landed upside down, image orientation corrected. No lengths",Reef; Mixed algal; Profile,60,3,2,1,No
SGEO03_1601,Labridae,Pictilabrus,laticlavius,1,37384020,SGEO03_1601_L.avi,47036,15.6787,DColella,9,"BRUVS landed upside down, image orientation corrected. No lengths",Reef; Mixed algal; Profile,60,3,2,1,No
SGEO03_1601,Scorpididae,Scorpis,aequipinnis,3,37361004,SGEO03_1601_L.avi,163261,54.4203,DColella,9,"BRUVS landed upside down, image orientation corrected. No lengths",Reef; Mixed algal; Profile,60,3,2,1,No
SGEO03_1601,Labridae,Achoerodus,gouldii,1,37384002,SGEO03_1601_L.avi,22605,7.535,DColella,9,"BRUVS landed upside down, image orientation corrected. No lengths",Reef; Mixed algal; Profile,60,3,2,1,No
SGEO03_1601,Gobiesocidae,Parvicrepis,sp,1,37206910,SGEO03_1601_L.avi,125087,41.6957,DColella,9,"BRUVS landed upside down, image orientation corrected. No lengths",Reef; Mixed algal; Profile,60,3,2,1,No
SGEO03_1601,Pomacentridae,Parma,victoriae,1,37372006,SGEO03_1601_L.avi,28747,9.5823,DColella,9,"BRUVS landed upside down, image orientation corrected. No lengths",Reef; Mixed algal; Profile,60,3,2,1,No
SGEO03_1601,Serranidae,Othos,dentex,1,37311005,SGEO03_1601_L.avi,65973,21.991,DColella,9,"BRUVS landed upside down, image orientation corrected. No lengths",Reef; Mixed algal; Profile,60,3,2,1,No
SGEO03_1601,Labridae,Notolabrus,tetricus,3,37384003,SGEO03_1601_L.avi,68121,22.707,DColella,9,"BRUVS landed upside down, image orientation corrected. No lengths",Reef; Mixed algal; Profile,60,3,2,1,No
SGEO03_1601,Sillaginidae,Sillaginodes,punctatus,2,37330001,SGEO03_1601_L.avi,150497,50.1657,DColella,9,"BRUVS landed upside down, image orientation corrected. No lengths",Reef; Mixed algal; Profile,60,3,2,1,No
SGEO03_1612,Kyphosidae,Girella,zebra,1,37361008,SGEO03_1612_L.avi,47767,15.9223,DColella,8,,Reef; Fucoid; Profile,60,1,1,1,No
SGEO03_1612,Arripidae,Arripis,georgianus,6,37344001,SGEO03_1612_L.avi,190946,63.6487,DColella,8,,Reef; Fucoid; Profile,60,1,1,1,No
SGEO03_1612,Cheilodactylidae,Cheilodactylus,nigripes,1,37377001,SGEO03_1612_L.avi,19147,6.3823,DColella,8,,Reef; Fucoid; Profile,60,1,1,1,No
SGEO03_1612,Scorpididae,Scorpis,aequipinnis,10,37361004,SGEO03_1612_L.avi,75877,25.2923,DColella,8,,Reef; Fucoid; Profile,60,1,1,1,No
SGEO03_1612,Labridae,Notolabrus,tetricus,8,37384003,SGEO03_1612_L.avi,72599,24.1997,DColella,8,,Reef; Fucoid; Profile,60,1,1,1,No
SGEO03_1612,Pomacentridae,Parma,victoriae,1,37372006,SGEO03_1612_L.avi,23922,7.974,DColella,8,,Reef; Fucoid; Profile,60,1,1,1,No
SGEO03_1612,Monacanthidae,Meuschenia,hippocrepis,2,37465004,SGEO03_1612_L.avi,176695,58.8983,DColella,8,,Reef; Fucoid; Profile,60,1,1,1,No
SGEO03_1612,Kyphosidae,Kyphosus,sydneyanus,14,37361001,SGEO03_1612_L.avi,20147,6.7157,DColella,8,,Reef; Fucoid; Profile,60,1,1,1,No
SGEO03_1612,Labridae,Austrolabrus,maculatus,1,37384025,SGEO03_1612_L.avi,46930,15.6433,DColella,8,,Reef; Fucoid; Profile,60,1,1,1,No
SGEO03_1612,Labridae,Pictilabrus,laticlavius,3,37384020,SGEO03_1612_L.avi,34988,11.6627,DColella,8,,Reef; Fucoid; Profile,60,1,1,1,No
SGEO04_1601,Labridae,Notolabrus,tetricus,2,37384003,SGEO04_1601_L.avi,157065,52.355,DColella,6,No left cam. No measure,Reef; Sand; Transition,60,1,2,1,No
SGEO04_1601,Mullidae,Upeneichthys,vlamingii,3,37355029,SGEO04_1601_L.avi,118070,39.3567,DColella,6,No left cam. No measure,Reef; Sand; Transition,60,1,2,1,No
SGEO04_1601,Scorpididae,Scorpis,aequipinnis,3,37361004,SGEO04_1601_L.avi,112299,37.433,DColella,6,No left cam. No measure,Reef; Sand; Transition,60,1,2,1,No
SGEO04_1601,Kyphosidae,Kyphosus,sydneyanus,1,37361001,SGEO04_1601_L.avi,20609,6.8697,DColella,6,No left cam. No measure,Reef; Sand; Transition,60,1,2,1,No
SGEO04_1601,Kyphosidae,Girella,zebra,2,37361008,SGEO04_1601_L.avi,186212,62.0707,DColella,6,No left cam. No measure,Reef; Sand; Transition,60,1,2,1,No
SGEO04_1601,Cheilodactylidae,Dactylophora,nigricans,1,37377005,SGEO04_1601_L.avi,187679,62.5597,DColella,6,No left cam. No measure,Reef; Sand; Transition,60,1,2,1,No
SGEO04_1601,Labridae,Achoerodus,gouldii,1,37384002,SGEO04_1601_L.avi,19395,6.465,DColella,6,No left cam. No measure,Reef; Sand; Transition,60,1,2,1,No
SGEO04_1601,Arripidae,Arripis,truttaceus,100,37344004,SGEO04_1601_L.avi,128123,42.7077,DColella,6,No left cam. No measure,Reef; Sand; Transition,60,1,2,1,No
SGEO04_1612,Scorpididae,Scorpis,aequipinnis,1,37361004,SGEO04_1612_L.avi,93408,31.136,DColella,6,,Reef; Fucoid; Profile,60,2,2,1,No
SGEO04_1612,Labridae,Notolabrus,parilus,1,37384022,SGEO04_1612_L.avi,27946,9.3153,DColella,6,,Reef; Fucoid; Profile,60,2,2,1,No
SGEO04_1612,Labridae,Pictilabrus,laticlavius,3,37384020,SGEO04_1612_L.avi,44882,14.9607,DColella,6,,Reef; Fucoid; Profile,60,2,2,1,No
SGEO04_1612,Labridae,Notolabrus,tetricus,6,37384003,SGEO04_1612_L.avi,39338,13.1127,DColella,6,,Reef; Fucoid; Profile,60,2,2,1,Yes
SGEO04_1612,Kyphosidae,Kyphosus,sydneyanus,2,37361001,SGEO04_1612_L.avi,79201,26.4003,DColella,6,,Reef; Fucoid; Profile,60,2,2,1,No
SGEO04_1612,Odacidae,Olisthops,cyanomelas,1,37385001,SGEO04_1612_L.avi,31442,10.4807,DColella,6,,Reef; Fucoid; Profile,60,2,2,1,No
SGWI01_1601,Sillaginidae,Sillago,bassensis,1,37330002,SGIW01_1601_L.avi,127954,42.6513,DMale,10,,Heterozostera and algae; Medium,60,1,2,1,No
SGWI01_1601,Scorpididae,Scorpis,aequipinnis,7,37361004,SGIW01_1601_L.avi,22514,7.5047,DMale,10,,Heterozostera and algae; Medium,60,1,2,1,No
SGWI01_1601,Loliginidae,Sepioteuthis,australis,3,23617005,SGIW01_1601_L.avi,108668,36.2227,DMale,10,,Heterozostera and algae; Medium,60,1,2,1,No
SGWI01_1601,Gerreidae,Parequula,melbournensis,1,37349001,SGIW01_1601_L.avi,33409,11.1363,DMale,10,,Heterozostera and algae; Medium,60,1,2,1,No
SGWI01_1601,Labridae,Notolabrus,tetricus,3,37384003,SGIW01_1601_L.avi,62257,20.7523,DMale,10,,Heterozostera and algae; Medium,60,1,2,1,No
SGWI01_1601,Labridae,Notolabrus,parilus,2,37384022,SGIW01_1601_L.avi,31908,10.636,DMale,10,,Heterozostera and algae; Medium,60,1,2,1,No
SGWI01_1601,Odacidae,Neoodax,balteatus,2,37385005,SGIW01_1601_L.avi,140272,46.7573,DMale,10,,Heterozostera and algae; Medium,60,1,2,1,No
SGWI01_1601,Kyphosidae,Girella,zebra,2,37361008,SGIW01_1601_L.avi,27309,9.103,DMale,10,,Heterozostera and algae; Medium,60,1,2,1,No
SGWI01_1601,Cheilodactylidae,Dactylophora,nigricans,1,37377005,SGIW01_1601_L.avi,10031,3.3437,DMale,10,,Heterozostera and algae; Medium,60,1,2,1,No
SGWI01_1601,Labridae,Austrolabrus,maculatus,1,37384025,SGIW01_1601_L.avi,65142,21.714,DMale,10,,Heterozostera and algae; Medium,60,1,2,1,No
SGWI01_1601,Labridae,Achoerodus,gouldii,1,37384002,SGIW01_1601_L.avi,67327,22.4423,DMale,10,,Heterozostera and algae; Medium,60,1,2,1,No
SGWI01_1601,Majidae,Leptomithrax,gaimardii,1,28880010,SGIW01_1601_L.avi,56951,18.9837,DMale,10,,Heterozostera and algae; Medium,60,1,2,1,No
SGWI01_1601,Mullidae,Upeneichthys,vlamingii,2,37355029,SGIW01_1601_L.avi,69984,23.328,DMale,10,,Heterozostera and algae; Medium,60,1,2,1,No
SGWI02_1601,Labridae,Achoerodus,gouldii,1,37384002,SGIW02_1601_L.avi,23000,7.6667,DMale,16,,Invertebrates and algae; Sand; Medium,60,1,2,1,No
SGWI02_1601,Labridae,Notolabrus,parilus,1,37384022,SGIW02_1601_L.avi,24104,8.0347,DMale,16,,Invertebrates and algae; Sand; Medium,60,1,2,1,No
SGWI02_1601,Labridae,Notolabrus,tetricus,6,37384003,SGIW02_1601_L.avi,44219,14.7397,DMale,16,,Invertebrates and algae; Sand; Medium,60,1,2,1,No
SGWI02_1601,Tetraodontidae,Omegophora,armilla,1,37467002,SGIW02_1601_L.avi,40432,13.4773,DMale,16,,Invertebrates and algae; Sand; Medium,60,1,2,1,No
SGWI02_1601,Serranidae,Othos,dentex,2,37311005,SGIW02_1601_L.avi,170239,56.7463,DMale,16,,Invertebrates and algae; Sand; Medium,60,1,2,1,No
SGWI02_1601,Pomacentridae,Parma,victoriae,1,37372006,SGIW02_1601_L.avi,17564,5.8547,DMale,16,,Invertebrates and algae; Sand; Medium,60,1,2,1,No
SGWI02_1601,Labridae,Pictilabrus,laticlavius,1,37384020,SGIW02_1601_L.avi,7491,2.497,DMale,16,,Invertebrates and algae; Sand; Medium,60,1,2,1,No
SGWI02_1601,Scorpididae,Scorpis,georgiana,3,37361015,SGIW02_1601_L.avi,73072,24.3573,DMale,16,,Invertebrates and algae; Sand; Medium,60,1,2,1,No
SGWI02_1601,Cheilodactylidae,Nemadactylus,valenciennesi,1,37377004,SGIW02_1601_L.avi,12884,4.2947,DMale,16,,Invertebrates and algae; Sand; Medium,60,1,2,1,No
SGWI02_1601,Serranidae,Caesioperca,rasor,8,37311003,SGIW02_1601_L.avi,46731,15.577,DMale,16,,Invertebrates and algae; Sand; Medium,60,1,2,1,No
SGWI02_1601,Scorpididae,Scorpis,aequipinnis,1,37361004,SGIW02_1601_L.avi,7831,2.6103,DMale,16,,Invertebrates and algae; Sand; Medium,60,1,2,1,No
SGWI02_1601,Kyphosidae,Kyphosus,sydneyanus,1,37361001,SGIW02_1601_L.avi,7831,2.6103,DMale,16,,Invertebrates and algae; Sand; Medium,60,1,2,1,No
SGWI02_1601,Kyphosidae,Girella,zebra,2,37361008,SGIW02_1601_L.avi,171597,57.199,DMale,16,,Invertebrates and algae; Sand; Medium,60,1,2,1,No
SGWI02_1601,Dinolestidae,Dinolestes,lewini,1,37327002,SGIW02_1601_L.avi,76517,25.5057,DMale,16,,Invertebrates and algae; Sand; Medium,60,1,2,1,No
SGWI02_1601,Cheilodactylidae,Dactylophora,nigricans,1,37377005,SGIW02_1601_L.avi,100469,33.4897,DMale,16,,Invertebrates and algae; Sand; Medium,60,1,2,1,No
SGWI02_1601,Scorpididae,Tilodon,sexfasciatus,2,37361003,SGIW02_1601_L.avi,13287,4.429,DMale,16,,Invertebrates and algae; Sand; Medium,60,1,2,1,No
SGWI02_1601,Cheilodactylidae,Cheilodactylus,nigripes,1,37377001,SGIW02_1601_L.avi,32380,10.7933,DMale,16,,Invertebrates and algae; Sand; Medium,60,1,2,1,No
SGWI02_1601,Mullidae,Upeneichthys,vlamingii,2,37355029,SGIW02_1601_L.avi,10163,3.3877,DMale,16,,Invertebrates and algae; Sand; Medium,60,1,2,1,No
SGWI02_1601,Labridae,Austrolabrus,maculatus,3,37384025,SGIW02_1601_L.avi,8977,2.9923,DMale,16,,Invertebrates and algae; Sand; Medium,60,1,2,1,No
SGWI02_1601,Ostraciidae,Aracana,sp,1,37466903,SGIW02_1601_L.avi,141747,47.249,DMale,16,,Invertebrates and algae; Sand; Medium,60,1,2,1,No
SGWI02_1601,Ostraciidae,Aracana,ornata,1,37466001,SGIW02_1601_L.avi,122984,40.9947,DMale,16,,Invertebrates and algae; Sand; Medium,60,1,2,1,No
SGWI02_1601,Chaetodontidae,Chelmonops,curiosus,2,37365066,SGIW02_1601_L.avi,6926,2.3087,DMale,16,,Invertebrates and algae; Sand; Medium,60,1,2,1,No
SGWI02_1612,Monacanthidae,Meuschenia,hippocrepis,3,37465004,SGWI02_1612_L.avi,33602,11.2007,DColella,14,,Reef; Mixed algal; Profile,60,2,3,1,No
SGWI02_1612,Scorpididae,Tilodon,sexfasciatus,2,37361003,SGWI02_1612_L.avi,192659,64.2197,DColella,14,,Reef; Mixed algal; Profile,60,2,3,1,No
SGWI02_1612,Pentacerotidae,Pentaceropsis,recurvirostris,1,37367003,SGWI02_1612_L.avi,172084,57.3613,DColella,14,,Reef; Mixed algal; Profile,60,2,3,1,No
SGWI02_1612,Kyphosidae,Girella,zebra,1,37361008,SGWI02_1612_L.avi,44541,14.847,DColella,14,,Reef; Mixed algal; Profile,60,2,3,1,No
SGWI02_1612,Pomacentridae,Parma,victoriae,1,37372006,SGWI02_1612_L.avi,68550,22.85,DColella,14,,Reef; Mixed algal; Profile,60,2,3,1,No
SGWI02_1612,Scorpididae,Scorpis,aequipinnis,2,37361004,SGWI02_1612_L.avi,54568,18.1893,DColella,14,,Reef; Mixed algal; Profile,60,2,3,1,No
SGWI02_1612,Monacanthidae,Meuschenia,flavolineata,1,37465035,SGWI02_1612_L.avi,32372,10.7907,DColella,14,,Reef; Mixed algal; Profile,60,2,3,1,No
SGWI02_1612,Labridae,Notolabrus,tetricus,4,37384003,SGWI02_1612_L.avi,71869,23.9563,DColella,14,,Reef; Mixed algal; Profile,60,2,3,1,No
SGWI02_1612,Tetraodontidae,Omegophora,armilla,1,37467002,SGWI02_1612_L.avi,57986,19.3287,DColella,14,,Reef; Mixed algal; Profile,60,2,3,1,No
SGWI02_1612,Chaetodontidae,Chelmonops,curiosus,2,37365066,SGWI02_1612_L.avi,60666,20.222,DColella,14,,Reef; Mixed algal; Profile,60,2,3,1,No
SGWI02_1612,Labridae,Austrolabrus,maculatus,1,37384025,SGWI02_1612_L.avi,46871,15.6237,DColella,14,,Reef; Mixed algal; Profile,60,2,3,1,No
SGWI02_1612,Serranidae,Othos,dentex,1,37311005,SGWI02_1612_L.avi,178142,59.3807,DColella,14,,Reef; Mixed algal; Profile,60,2,3,1,No
SGWI02_1612,Labridae,Achoerodus,gouldii,1,37384002,SGWI02_1612_L.avi,20636,6.8787,DColella,14,,Reef; Mixed algal; Profile,60,2,3,1,No
SGWI02_1612,Labridae,Pictilabrus,laticlavius,1,37384020,SGWI02_1612_L.avi,65168,21.7227,DColella,14,,Reef; Mixed algal; Profile,60,2,3,1,No
SGWI02_1612,Serranidae,Caesioperca,rasor,1,37311003,SGWI02_1612_L.avi,97105,32.3683,DColella,14,,Reef; Mixed algal; Profile,60,2,3,1,No
SGWI03_1601,Serranidae,Othos,dentex,1,37311005,SGIW03_1601_L.avi,51394,17.1313,DMale,10,,Reef; Fucoid; Profile,60,1,3,1,No
SGWI03_1601,Scorpididae,Scorpis,aequipinnis,12,37361004,SGIW03_1601_L.avi,154543,51.5143,DMale,10,,Reef; Fucoid; Profile,60,1,3,1,No
SGWI03_1601,Labridae,Pictilabrus,laticlavius,2,37384020,SGIW03_1601_L.avi,14509,4.8363,DMale,10,,Reef; Fucoid; Profile,60,1,3,1,No
SGWI03_1601,Pomacentridae,Parma,victoriae,2,37372006,SGIW03_1601_L.avi,34941,11.647,DMale,10,,Reef; Fucoid; Profile,60,1,3,1,No
SGWI03_1601,Kyphosidae,Girella,zebra,4,37361008,SGIW03_1601_L.avi,11920,3.9733,DMale,10,,Reef; Fucoid; Profile,60,1,3,1,No
SGWI03_1601,Scorpididae,Tilodon,sexfasciatus,2,37361003,SGIW03_1601_L.avi,14064,4.688,DMale,10,,Reef; Fucoid; Profile,60,1,3,1,No
SGWI03_1601,Cheilodactylidae,Cheilodactylus,nigripes,1,37377001,SGIW03_1601_L.avi,125778,41.926,DMale,10,,Reef; Fucoid; Profile,60,1,3,1,No
SGWI03_1601,Aplodactylidae,Aplodactylus,arctidens,1,37376001,SGIW03_1601_L.avi,115944,38.648,DMale,10,,Reef; Fucoid; Profile,60,1,3,1,No
SGWI03_1601,Labridae,Austrolabrus,maculatus,3,37384025,SGIW03_1601_L.avi,10754,3.5847,DMale,10,,Reef; Fucoid; Profile,60,1,3,1,No
SGWI03_1601,Tetraodontidae,Omegophora,armilla,1,37467002,SGIW03_1601_L.avi,17510,5.8367,DMale,10,,Reef; Fucoid; Profile,60,1,3,1,No
SGWI03_1601,Serranidae,Caesioperca,rasor,17,37311003,SGIW03_1601_L.avi,137162,45.7207,DMale,10,,Reef; Fucoid; Profile,60,1,3,1,No
SGWI03_1601,Kyphosidae,Kyphosus,sydneyanus,1,37361001,SGIW03_1601_L.avi,19179,6.393,DMale,10,,Reef; Fucoid; Profile,60,1,3,1,No
SGWI03_1601,Labridae,Achoerodus,gouldii,2,37384002,SGIW03_1601_L.avi,9444,3.148,DMale,10,,Reef; Fucoid; Profile,60,1,3,1,No
SGWI03_1601,Monacanthidae,Meuschenia,flavolineata,1,37465035,SGIW03_1601_L.avi,15279,5.093,DMale,10,,Reef; Fucoid; Profile,60,1,3,1,No
SGWI03_1601,Monacanthidae,Meuschenia,hippocrepis,3,37465004,SGIW03_1601_L.avi,28320,9.44,DMale,10,,Reef; Fucoid; Profile,60,1,3,1,No
SGWI03_1601,Cheilodactylidae,Nemadactylus,valenciennesi,1,37377004,SGIW03_1601_L.avi,13778,4.5927,DMale,10,,Reef; Fucoid; Profile,60,1,3,1,No
SGWI03_1601,Chaetodontidae,Chelmonops,curiosus,1,37365066,SGIW03_1601_L.avi,30000,10,DMale,10,,Reef; Fucoid; Profile,60,1,3,1,No
SGWI03_1601,Labridae,Notolabrus,parilus,1,37384022,SGIW03_1601_L.avi,117103,39.0343,DMale,10,,Reef; Fucoid; Profile,60,1,3,1,No
SGWI03_1601,Labridae,Notolabrus,tetricus,10,37384003,SGIW03_1601_L.avi,78860,26.2867,DMale,10,,Reef; Fucoid; Profile,60,1,3,1,No
SGWI03_1601,Odacidae,Olisthops,cyanomelas,1,37385001,SGIW03_1601_L.avi,8104,2.7013,DMale,10,,Reef; Fucoid; Profile,60,1,3,1,No
SGWI03_1601,Enoplosidae,Enoplosus,armatus,2,37366001,SGIW03_1601_L.avi,10305,3.435,DMale,10,,Reef; Fucoid; Profile,60,1,3,1,No
SGWI03_1612,Labridae,Notolabrus,parilus,2,37384022,SGWI03_1612_L.avi,37544,12.5147,DColella,15.6,,Invertebrates and algae; Sand; medium*,60,1,2,2,No
SGWI03_1612,Labridae,Pictilabrus,laticlavius,1,37384020,SGWI03_1612_L.avi,29796,9.932,DColella,15.6,,Invertebrates and algae; Sand; medium*,60,1,2,2,No
SGWI03_1612,Labridae,Austrolabrus,maculatus,2,37384025,SGWI03_1612_L.avi,26652,8.884,DColella,15.6,,Invertebrates and algae; Sand; medium*,60,1,2,2,No
SGWI03_1612,Platycephalidae,Platycephalus,sp,1,37296913,SGWI03_1612_L.avi,64392,21.464,DColella,15.6,,Invertebrates and algae; Sand; medium*,60,1,2,2,No
SGWI03_1612,Labridae,Achoerodus,gouldii,1,37384002,SGWI03_1612_L.avi,58836,19.612,DColella,15.6,,Invertebrates and algae; Sand; medium*,60,1,2,2,No
SGWI03_1612,Labridae,Notolabrus,tetricus,4,37384003,SGWI03_1612_L.avi,184828,61.6093,DColella,15.6,,Invertebrates and algae; Sand; medium*,60,1,2,2,No
SGWI03_1612,Cheilodactylidae,Dactylophora,nigricans,2,37377005,SGWI03_1612_L.avi,188446,62.8153,DColella,15.6,,Invertebrates and algae; Sand; medium*,60,1,2,2,No
SGWI03_1612,Scorpididae,Tilodon,sexfasciatus,2,37361003,SGWI03_1612_L.avi,24954,8.318,DColella,15.6,,Invertebrates and algae; Sand; medium*,60,1,2,2,No
SGWI03_1612,Serranidae,Caesioperca,rasor,2,37311003,SGWI03_1612_L.avi,54721,18.2403,DColella,15.6,,Invertebrates and algae; Sand; medium*,60,1,2,2,No
SGWI03_1612,Kyphosidae,Kyphosus,sydneyanus,1,37361001,SGWI03_1612_L.avi,13685,4.5617,DColella,15.6,,Invertebrates and algae; Sand; medium*,60,1,2,2,No
SGWI03_1612,Monacanthidae,Meuschenia,flavolineata,2,37465035,SGWI03_1612_L.avi,70075,23.3583,DColella,15.6,,Invertebrates and algae; Sand; medium*,60,1,2,2,No
SGWI03_1612,Sillaginidae,Sillaginodes,punctatus,1,37330001,SGWI03_1612_L.avi,73154,24.3847,DColella,15.6,,Invertebrates and algae; Sand; medium*,60,1,2,2,No
SGWI03_1612,Sphyraenidae,Sphyraena,novaehollandiae,1,37382002,SGWI03_1612_L.avi,20187,6.729,DColella,15.6,,Invertebrates and algae; Sand; medium*,60,1,2,2,No
SGWI03_1612,Kyphosidae,Girella,zebra,3,37361008,SGWI03_1612_L.avi,13768,4.5893,DColella,15.6,,Invertebrates and algae; Sand; medium*,60,1,2,2,No
SGWI03_1612,Scorpididae,Scorpis,aequipinnis,3,37361004,SGWI03_1612_L.avi,76489,25.4963,DColella,15.6,,Invertebrates and algae; Sand; medium*,60,1,2,2,Yes
SGWI04_1601,Kyphosidae,Girella,zebra,19,37361008,SGIW04_1601_L.avi,74707,24.9023,DMale,8,,Posidonia; Dense,60,3,1,1,No
SGWI04_1601,Odacidae,Olisthops,cyanomelas,1,37385001,SGIW04_1601_L.avi,9547,3.1823,DMale,8,,Posidonia; Dense,60,3,1,1,No
SGWI04_1601,Kyphosidae,Kyphosus,sydneyanus,1,37361001,SGIW04_1601_L.avi,23494,7.8313,DMale,8,,Posidonia; Dense,60,3,1,1,No
SGWI04_1601,Scorpididae,Scorpis,aequipinnis,4,37361004,SGIW04_1601_L.avi,15010,5.0033,DMale,8,,Posidonia; Dense,60,3,1,1,No
SGWI04_1601,Pomacentridae,Parma,victoriae,1,37372006,SGIW04_1601_L.avi,9932,3.3107,DMale,8,,Posidonia; Dense,60,3,1,1,No
SGWI04_1601,Labridae,Notolabrus,tetricus,7,37384003,SGIW04_1601_L.avi,173363,57.7877,DMale,8,,Posidonia; Dense,60,3,1,1,No
SGWI04_1601,Labridae,Notolabrus,parilus,1,37384022,SGIW04_1601_L.avi,16233,5.411,DMale,8,,Posidonia; Dense,60,3,1,1,No
SGWI04_1601,Monacanthidae,Meuschenia,hippocrepis,5,37465004,SGIW04_1601_L.avi,172034,57.3447,DMale,8,,Posidonia; Dense,60,3,1,1,No
SGWI04_1601,Odacidae,Haletta,semifasciata,1,37385009,SGIW04_1601_L.avi,137641,45.8803,DMale,8,,Posidonia; Dense,60,3,1,1,No
SGWI04_1601,Enoplosidae,Enoplosus,armatus,1,37366001,SGIW04_1601_L.avi,26573,8.8577,DMale,8,,Posidonia; Dense,60,3,1,1,No
SGWI04_1601,Cheilodactylidae,Dactylophora,nigricans,1,37377005,SGIW04_1601_L.avi,137012,45.6707,DMale,8,,Posidonia; Dense,60,3,1,1,No
SGWI04_1601,Cheilodactylidae,Cheilodactylus,nigripes,1,37377001,SGIW04_1601_L.avi,8394,2.798,DMale,8,,Posidonia; Dense,60,3,1,1,No
SGWI04_1601,Monacanthidae,Acanthaluteres,brownii,1,37465001,SGIW04_1601_L.avi,64571,21.5237,DMale,8,,Posidonia; Dense,60,3,1,1,No
SGWI04_1601,Labridae,Pictilabrus,laticlavius,1,37384020,SGIW04_1601_L.avi,7687,2.5623,DMale,8,,Posidonia; Dense,60,3,1,1,No
SGWI04_1601,Labridae,Achoerodus,gouldii,1,37384002,SGIW04_1601_L.avi,26884,8.9613,DMale,8,,Posidonia; Dense,60,3,1,1,No
SGWI04_1612,Cheilodactylidae,Cheilodactylus,nigripes,1,37377001,SGWI04_1612_L.avi,31004,10.3347,DColella,6,,Reef; Fucoid; Profile,60,1,2,2,No
SGWI04_1612,Odacidae,Olisthops,cyanomelas,1,37385001,SGWI04_1612_L.avi,42981,14.327,DColella,6,,Reef; Fucoid; Profile,60,1,2,2,No
SGWI04_1612,Odacidae,Heteroscarus,acroptilus,1,37385010,SGWI04_1612_L.avi,64798,21.5993,DColella,6,,Reef; Fucoid; Profile,60,1,2,2,No
SGWI04_1612,Labridae,Achoerodus,gouldii,1,37384002,SGWI04_1612_L.avi,56119,18.7063,DColella,6,,Reef; Fucoid; Profile,60,1,2,2,No
SGWI04_1612,Labridae,Notolabrus,tetricus,6,37384003,SGWI04_1612_L.avi,89557,29.8523,DColella,6,,Reef; Fucoid; Profile,60,1,2,2,No
SGWI04_1612,Labridae,Pictilabrus,laticlavius,1,37384020,SGWI04_1612_L.avi,152166,50.722,DColella,6,,Reef; Fucoid; Profile,60,1,2,2,No
SGWI04_1612,Monacanthidae,Meuschenia,hippocrepis,3,37465004,SGWI04_1612_L.avi,190936,63.6453,DColella,6,,Reef; Fucoid; Profile,60,1,2,2,Yes
SGWI04_1612,Labridae,Notolabrus,parilus,1,37384022,SGWI04_1612_L.avi,54630,18.21,DColella,6,,Reef; Fucoid; Profile,60,1,2,2,No
SGWI04_1612,Scorpididae,Tilodon,sexfasciatus,1,37361003,SGWI04_1612_L.avi,31889,10.6297,DColella,6,,Reef; Fucoid; Profile,60,1,2,2,No
SGWI04_1612,Scorpididae,Scorpis,aequipinnis,8,37361004,SGWI04_1612_L.avi,146691,48.897,DColella,6,,Reef; Fucoid; Profile,60,1,2,2,No
SGWI04_1612,Kyphosidae,Girella,zebra,1,37361008,SGWI04_1612_L.avi,51788,17.2627,DColella,6,,Reef; Fucoid; Profile,60,1,2,2,No
SGWI04_1612,Sillaginidae,Sillaginodes,punctatus,1,37330001,SGWI04_1612_L.avi,39421,13.1403,DColella,6,,Reef; Fucoid; Profile,60,1,2,2,No
SGWI04_1612,Cheilodactylidae,Dactylophora,nigricans,1,37377005,SGWI04_1612_L.avi,8882,2.9607,DColella,6,,Reef; Fucoid; Profile,60,1,2,2,No
SGWO01_1601,Monacanthidae,Acanthaluteres,brownii,1,37465001,SGWO01_1601_L.avi,107656,35.8853,DColella,6,,Reef; Ecklonia; Profile,60,3,3,1,No
SGWO01_1601,Scorpididae,Tilodon,sexfasciatus,1,37361003,SGWO01_1601_L.avi,178212,59.404,DColella,6,,Reef; Ecklonia; Profile,60,3,3,1,No
SGWO01_1601,Odacidae,Olisthops,cyanomelas,1,37385001,SGWO01_1601_L.avi,40022,13.3407,DColella,6,,Reef; Ecklonia; Profile,60,3,3,1,No
SGWO01_1601,Pomacentridae,Parma,victoriae,1,37372006,SGWO01_1601_L.avi,40757,13.5857,DColella,6,,Reef; Ecklonia; Profile,60,3,3,1,No
SGWO01_1601,Labridae,Austrolabrus,maculatus,1,37384025,SGWO01_1601_L.avi,12472,4.1573,DColella,6,,Reef; Ecklonia; Profile,60,3,3,1,No
SGWO01_1601,Scorpididae,Scorpis,aequipinnis,7,37361004,SGWO01_1601_L.avi,79481,26.4937,DColella,6,,Reef; Ecklonia; Profile,60,3,3,1,No
SGWO01_1601,Carangidae,Pseudocaranx,sp,8,37337924,SGWO01_1601_L.avi,149761,49.9203,DColella,6,,Reef; Ecklonia; Profile,60,3,3,1,No
SGWO01_1601,Labridae,Pictilabrus,laticlavius,3,37384020,SGWO01_1601_L.avi,51037,17.0123,DColella,6,,Reef; Ecklonia; Profile,60,3,3,1,No
SGWO01_1601,Monacanthidae,Meuschenia,hippocrepis,5,37465004,SGWO01_1601_L.avi,176065,58.6883,DColella,6,,Reef; Ecklonia; Profile,60,3,3,1,No
SGWO01_1601,Kyphosidae,Kyphosus,sydneyanus,4,37361001,SGWO01_1601_L.avi,9625,3.2083,DColella,6,,Reef; Ecklonia; Profile,60,3,3,1,No
SGWO01_1601,Cheilodactylidae,Cheilodactylus,nigripes,1,37377001,SGWO01_1601_L.avi,22694,7.5647,DColella,6,,Reef; Ecklonia; Profile,60,3,3,1,No
SGWO01_1601,Kyphosidae,Girella,zebra,21,37361008,SGWO01_1601_L.avi,111320,37.1067,DColella,6,,Reef; Ecklonia; Profile,60,3,3,1,No
SGWO01_1601,Labridae,Achoerodus,gouldii,1,37384002,SGWO01_1601_L.avi,8508,2.836,DColella,6,,Reef; Ecklonia; Profile,60,3,3,1,No
SGWO01_1601,Labridae,Notolabrus,tetricus,4,37384003,SGWO01_1601_L.avi,23080,7.6933,DColella,6,,Reef; Ecklonia; Profile,60,3,3,1,No
SGWO01_1601,Cheilodactylidae,Dactylophora,nigricans,1,37377005,SGWO01_1601_L.avi,127159,42.3863,DColella,6,,Reef; Ecklonia; Profile,60,3,3,1,No
SGWO01_1612,Mullidae,Upeneichthys,vlamingii,1,37355029,SGWO01_1612_L.avi,179394,59.798,DColella,5.7,,Reef; Fucoid; Profile,60,2,2,2,No
SGWO01_1612,Labridae,Austrolabrus,maculatus,1,37384025,SGWO01_1612_L.avi,9213,3.071,DColella,5.7,,Reef; Fucoid; Profile,60,2,2,2,No
SGWO01_1612,Labridae,Notolabrus,parilus,1,37384022,SGWO01_1612_L.avi,13915,4.6383,DColella,5.7,,Reef; Fucoid; Profile,60,2,2,2,No
SGWO01_1612,Kyphosidae,Kyphosus,sydneyanus,1,37361001,SGWO01_1612_L.avi,21847,7.2823,DColella,5.7,,Reef; Fucoid; Profile,60,2,2,2,No
SGWO01_1612,Cheilodactylidae,Cheilodactylus,nigripes,1,37377001,SGWO01_1612_L.avi,136092,45.364,DColella,5.7,,Reef; Fucoid; Profile,60,2,2,2,No
SGWO01_1612,Kyphosidae,Girella,zebra,2,37361008,SGWO01_1612_L.avi,122254,40.7513,DColella,5.7,,Reef; Fucoid; Profile,60,2,2,2,No
SGWO01_1612,Labridae,Achoerodus,gouldii,1,37384002,SGWO01_1612_L.avi,5685,1.895,DColella,5.7,,Reef; Fucoid; Profile,60,2,2,2,No
SGWO01_1612,Labridae,Notolabrus,tetricus,8,37384003,SGWO01_1612_L.avi,78671,26.2237,DColella,5.7,,Reef; Fucoid; Profile,60,2,2,2,No
SGWO01_1612,Scorpididae,Tilodon,sexfasciatus,1,37361003,SGWO01_1612_L.avi,122962,40.9873,DColella,5.7,,Reef; Fucoid; Profile,60,2,2,2,No
SGWO01_1612,Odacidae,Olisthops,cyanomelas,1,37385001,SGWO01_1612_L.avi,11975,3.9917,DColella,5.7,,Reef; Fucoid; Profile,60,2,2,2,No
SGWO01_1612,Pomacentridae,Parma,victoriae,1,37372006,SGWO01_1612_L.avi,11423,3.8077,DColella,5.7,,Reef; Fucoid; Profile,60,2,2,2,No
SGWO01_1612,Scorpididae,Scorpis,aequipinnis,9,37361004,SGWO01_1612_L.avi,127877,42.6257,DColella,5.7,,Reef; Fucoid; Profile,60,2,2,2,Yes
SGWO01_1612,Monacanthidae,Meuschenia,hippocrepis,8,37465004,SGWO01_1612_L.avi,53961,17.987,DColella,5.7,,Reef; Fucoid; Profile,60,2,2,2,Yes
SGWO01_1612,Labridae,Pictilabrus,laticlavius,4,37384020,SGWO01_1612_L.avi,21453,7.151,DColella,5.7,,Reef; Fucoid; Profile,60,2,2,2,No
SGWO02_1601,Monacanthidae,Meuschenia,hippocrepis,2,37465004,SGWO02_1601_L.avi,56315,18.7717,SWhitmarsh,6,,Reef; Ecklonia; Profile,60,1,1,1,Yes
SGWO02_1601,Arripidae,Arripis,georgianus,1,37344001,SGWO02_1601_L.avi,64259,21.4197,SWhitmarsh,6,,Reef; Ecklonia; Profile,60,1,1,1,No
SGWO02_1601,Cheilodactylidae,Dactylophora,nigricans,1,37377005,SGWO02_1601_L.avi,152580,50.86,SWhitmarsh,6,,Reef; Ecklonia; Profile,60,1,1,1,No
SGWO02_1601,Odacidae,Siphonognathus,beddomei,3,37385006,SGWO02_1601_L.avi,28480,9.4933,SWhitmarsh,6,,Reef; Ecklonia; Profile,60,1,1,1,No
SGWO02_1601,Labridae,Notolabrus,tetricus,3,37384003,SGWO02_1601_L.avi,59912,19.9707,SWhitmarsh,6,,Reef; Ecklonia; Profile,60,1,1,1,Yes
SGWO02_1601,Labridae,Pictilabrus,laticlavius,1,37384020,SGWO02_1601_L.avi,54671,18.2237,SWhitmarsh,6,,Reef; Ecklonia; Profile,60,1,1,1,Yes
SGWO02_1601,Carangidae,Pseudocaranx,sp,4,37337924,SGWO02_1601_L.avi,156949,52.3163,SWhitmarsh,6,,Reef; Ecklonia; Profile,60,1,1,1,No
SGWO02_1601,Scorpididae,Scorpis,aequipinnis,1,37361004,SGWO02_1601_L.avi,49861,16.6203,SWhitmarsh,6,,Reef; Ecklonia; Profile,60,1,1,1,No
SGWO02_1601,Loliginidae,Sepioteuthis,australis,1,23617005,SGWO02_1601_L.avi,70115,23.3717,SWhitmarsh,6,,Reef; Ecklonia; Profile,60,1,1,1,No
SGWO02_1601,Monacanthidae,Meuschenia,flavolineata,1,37465035,SGWO02_1601_L.avi,24901,8.3003,SWhitmarsh,6,,Reef; Ecklonia; Profile,60,1,1,1,No
SGWO02_1601,Kyphosidae,Girella,zebra,1,37361008,SGWO02_1601_L.avi,155340,51.78,SWhitmarsh,6,,Reef; Ecklonia; Profile,60,1,1,1,No
SGWO02_1612,Monacanthidae,Meuschenia,hippocrepis,10,37465004,SGWO02_1612_L.avi,35893,11.9643,DColella,5,,Reef; Fucoid; Flat,60,1,2,2,Yes
SGWO02_1612,Pomacentridae,Parma,victoriae,1,37372006,SGWO02_1612_L.avi,79114,26.3713,DColella,5,,Reef; Fucoid; Flat,60,1,2,2,No
SGWO02_1612,Scorpididae,Scorpis,aequipinnis,6,37361004,SGWO02_1612_L.avi,55036,18.3453,DColella,5,,Reef; Fucoid; Flat,60,1,2,2,Yes
SGWO02_1612,Labridae,Notolabrus,tetricus,6,37384003,SGWO02_1612_L.avi,104343,34.781,DColella,5,,Reef; Fucoid; Flat,60,1,2,2,No
SGWO02_1612,Arripidae,Arripis,georgianus,7,37344001,SGWO02_1612_L.avi,149238,49.746,DColella,5,,Reef; Fucoid; Flat,60,1,2,2,No
SGWO02_1612,Cheilodactylidae,Cheilodactylus,nigripes,1,37377001,SGWO02_1612_L.avi,22314,7.438,DColella,5,,Reef; Fucoid; Flat,60,1,2,2,No
SGWO02_1612,Labridae,Austrolabrus,maculatus,1,37384025,SGWO02_1612_L.avi,26881,8.9603,DColella,5,,Reef; Fucoid; Flat,60,1,2,2,No
SGWO02_1612,Labridae,Pictilabrus,laticlavius,5,37384020,SGWO02_1612_L.avi,45456,15.152,DColella,5,,Reef; Fucoid; Flat,60,1,2,2,Yes
SGWO02_1612,Kyphosidae,Girella,zebra,7,37361008,SGWO02_1612_L.avi,30824,10.2747,DColella,5,,Reef; Fucoid; Flat,60,1,2,2,Yes
SGWO03_1601,Monacanthidae,Brachaluteres,jacksonianus,1,37465025,SGWO03_1601_L.avi,90219,30.073,SWhitmarsh,6,,Posidonia; Dense,60,2,3,2,No
SGWO03_1601,Odacidae,Siphonognathus,sp,1,37385905,SGWO03_1601_L.avi,120604,40.2013,SWhitmarsh,6,,Posidonia; Dense,60,2,3,2,No
SGWO03_1601,Monacanthidae,Acanthaluteres,brownii,1,37465001,SGWO03_1601_L.avi,10783,3.5943,SWhitmarsh,6,,Posidonia; Dense,60,2,3,2,No
SGWO03_1601,Mullidae,Upeneichthys,vlamingii,1,37355029,SGWO03_1601_L.avi,178038,59.346,SWhitmarsh,6,,Posidonia; Dense,60,2,3,2,No
SGWO03_1601,Sillaginidae,Sillaginodes,punctatus,1,37330001,SGWO03_1601_L.avi,52754,17.5847,SWhitmarsh,6,,Posidonia; Dense,60,2,3,2,No
SGWO03_1601,Loliginidae,Sepioteuthis,australis,1,23617005,SGWO03_1601_L.avi,174774,58.258,SWhitmarsh,6,,Posidonia; Dense,60,2,3,2,No
SGWO03_1601,Scorpididae,Scorpis,aequipinnis,1,37361004,SGWO03_1601_L.avi,15840,5.28,SWhitmarsh,6,,Posidonia; Dense,60,2,3,2,No
SGWO03_1601,Labridae,Pictilabrus,laticlavius,1,37384020,SGWO03_1601_L.avi,10145,3.3817,SWhitmarsh,6,,Posidonia; Dense,60,2,3,2,No
SGWO03_1601,Labridae,Notolabrus,tetricus,1,37384003,SGWO03_1601_L.avi,10734,3.578,SWhitmarsh,6,,Posidonia; Dense,60,2,3,2,No
SGWO03_1601,Odacidae,Neoodax,balteatus,7,37385005,SGWO03_1601_L.avi,150411,50.137,SWhitmarsh,6,,Posidonia; Dense,60,2,3,2,No
SGWO03_1601,Kyphosidae,Girella,zebra,7,37361008,SGWO03_1601_L.avi,10783,3.5943,SWhitmarsh,6,,Posidonia; Dense,60,2,3,2,No
SGWO03_1601,Monacanthidae,Acanthaluteres,vittiger,1,37465002,SGWO03_1601_L.avi,15054,5.018,SWhitmarsh,6,,Posidonia; Dense,60,2,3,2,No
SGWO03_1601,Odacidae,Olisthops,cyanomelas,1,37385001,SGWO03_1601_L.avi,60637,20.2123,SWhitmarsh,6,,Posidonia; Dense,60,2,3,2,No
SGWO03_1612,Monacanthidae,Acanthaluteres,brownii,1,37465001,SGWO03_1612_L.avi,76406,25.4687,DColella,3.6,,Reef; Fucoid; Profile,60,1,2,2,No
SGWO03_1612,Labridae,Pictilabrus,laticlavius,3,37384020,SGWO03_1612_L.avi,42090,14.03,DColella,3.6,,Reef; Fucoid; Profile,60,1,2,2,Yes
SGWO03_1612,Kyphosidae,Girella,zebra,1,37361008,SGWO03_1612_L.avi,144858,48.286,DColella,3.6,,Reef; Fucoid; Profile,60,1,2,2,No
SGWO03_1612,Pomacentridae,Parma,victoriae,1,37372006,SGWO03_1612_L.avi,25154,8.3847,DColella,3.6,,Reef; Fucoid; Profile,60,1,2,2,No
SGWO03_1612,Scorpididae,Scorpis,aequipinnis,2,37361004,SGWO03_1612_L.avi,133919,44.6397,DColella,3.6,,Reef; Fucoid; Profile,60,1,2,2,No
SGWO03_1612,Loliginidae,Sepioteuthis,australis,2,23617005,SGWO03_1612_L.avi,81065,27.0217,DColella,3.6,,Reef; Fucoid; Profile,60,1,2,2,No
SGWO03_1612,Arripidae,Arripis,georgianus,23,37344001,SGWO03_1612_L.avi,69620,23.2067,DColella,3.6,,Reef; Fucoid; Profile,60,1,2,2,No
SGWO03_1612,Monacanthidae,Meuschenia,freycineti,1,37465036,SGWO03_1612_L.avi,144106,48.0353,DColella,3.6,,Reef; Fucoid; Profile,60,1,2,2,Yes
SGWO03_1612,Labridae,Notolabrus,tetricus,5,37384003,SGWO03_1612_L.avi,150119,50.0397,DColella,3.6,,Reef; Fucoid; Profile,60,1,2,2,Yes
SGWO03_1612,Monacanthidae,Meuschenia,hippocrepis,5,37465004,SGWO03_1612_L.avi,94016,31.3387,DColella,3.6,,Reef; Fucoid; Profile,60,1,2,2,No
SGWO03_1612,Cheilodactylidae,Dactylophora,nigricans,1,37377005,SGWO03_1612_L.avi,186871,62.2903,DColella,3.6,,Reef; Fucoid; Profile,60,1,2,2,No
SGWO04_1601,Labridae,Notolabrus,parilus,1,37384022,SGWO04_1601_L.avi,178001,59.3337,SWhitmarsh,6,,Reef; Ecklonia; Profile,60,2,1,1,No
SGWO04_1601,Monacanthidae,Meuschenia,hippocrepis,7,37465004,SGWO04_1601_L.avi,159853,53.2843,SWhitmarsh,6,,Reef; Ecklonia; Profile,60,2,1,1,Yes
SGWO04_1601,Scorpididae,Scorpis,aequipinnis,6,37361004,SGWO04_1601_L.avi,85953,28.651,SWhitmarsh,6,,Reef; Ecklonia; Profile,60,2,1,1,Yes
SGWO04_1601,Odacidae,Olisthops,cyanomelas,1,37385001,SGWO04_1601_L.avi,109752,36.584,SWhitmarsh,6,,Reef; Ecklonia; Profile,60,2,1,1,No
SGWO04_1601,Labridae,Pictilabrus,laticlavius,3,37384020,SGWO04_1601_L.avi,41582,13.8607,SWhitmarsh,6,,Reef; Ecklonia; Profile,60,2,1,1,No
SGWO04_1601,Pomacentridae,Parma,victoriae,1,37372006,SGWO04_1601_L.avi,14096,4.6987,SWhitmarsh,6,,Reef; Ecklonia; Profile,60,2,1,1,No
SGWO04_1601,Serranidae,Othos,dentex,1,37311005,SGWO04_1601_L.avi,85038,28.346,SWhitmarsh,6,,Reef; Ecklonia; Profile,60,2,1,1,No
SGWO04_1601,Mullidae,Upeneichthys,vlamingii,1,37355029,SGWO04_1601_L.avi,26088,8.696,SWhitmarsh,6,,Reef; Ecklonia; Profile,60,2,1,1,No
SGWO04_1601,Cheilodactylidae,Nemadactylus,valenciennesi,1,37377004,SGWO04_1601_L.avi,30859,10.2863,SWhitmarsh,6,,Reef; Ecklonia; Profile,60,2,1,1,No
SGWO04_1601,Scorpididae,Tilodon,sexfasciatus,1,37361003,SGWO04_1601_L.avi,47444,15.8147,SWhitmarsh,6,,Reef; Ecklonia; Profile,60,2,1,1,No
SGWO04_1601,Kyphosidae,Kyphosus,sydneyanus,3,37361001,SGWO04_1601_L.avi,8041,2.6803,SWhitmarsh,6,,Reef; Ecklonia; Profile,60,2,1,1,No
SGWO04_1601,Cheilodactylidae,Cheilodactylus,nigripes,1,37377001,SGWO04_1601_L.avi,31716,10.572,SWhitmarsh,6,,Reef; Ecklonia; Profile,60,2,1,1,No
SGWO04_1601,Labridae,Austrolabrus,maculatus,2,37384025,SGWO04_1601_L.avi,15912,5.304,SWhitmarsh,6,,Reef; Ecklonia; Profile,60,2,1,1,No
SGWO04_1601,Arripidae,Arripis,truttaceus,15,37344004,SGWO04_1601_L.avi,8510,2.8367,SWhitmarsh,6,,Reef; Ecklonia; Profile,60,2,1,1,No
SGWO04_1601,Labridae,Achoerodus,gouldii,1,37384002,SGWO04_1601_L.avi,109001,36.3337,SWhitmarsh,6,,Reef; Ecklonia; Profile,60,2,1,1,No
SGWO04_1601,Monacanthidae,Acanthaluteres,brownii,2,37465001,SGWO04_1601_L.avi,76116,25.372,SWhitmarsh,6,,Reef; Ecklonia; Profile,60,2,1,1,No
SGWO04_1601,Labridae,Notolabrus,tetricus,4,37384003,SGWO04_1601_L.avi,145052,48.3507,SWhitmarsh,6,,Reef; Ecklonia; Profile,60,2,1,1,Yes
SGWO04_1601,Carangidae,Pseudocaranx,sp,30,37337924,SGWO04_1601_L.avi,190067,63.3557,SWhitmarsh,6,,Reef; Ecklonia; Profile,60,2,1,1,No
SGWO04_1612,Labridae,Pictilabrus,laticlavius,1,37384020,SGWO04_1612_L.avi,34647,11.549,DColella,5.4,,Reef; Fucoid; Profile,60,2,1,2,No
SGWO04_1612,Monacanthidae,Meuschenia,hippocrepis,14,37465004,SGWO04_1612_L.avi,126276,42.092,DColella,5.4,,Reef; Fucoid; Profile,60,2,1,2,Yes
SGWO04_1612,Labridae,Notolabrus,tetricus,3,37384003,SGWO04_1612_L.avi,100651,33.5503,DColella,5.4,,Reef; Fucoid; Profile,60,2,1,2,Yes
SGWO04_1612,Odacidae,Olisthops,cyanomelas,1,37385001,SGWO04_1612_L.avi,95329,31.7763,DColella,5.4,,Reef; Fucoid; Profile,60,2,1,2,No
SGWO04_1612,Pomacentridae,Parma,victoriae,2,37372006,SGWO04_1612_L.avi,24155,8.0517,DColella,5.4,,Reef; Fucoid; Profile,60,2,1,2,No
SGWO04_1612,Arripidae,Arripis,georgianus,6,37344001,SGWO04_1612_L.avi,72337,24.1123,DColella,5.4,,Reef; Fucoid; Profile,60,2,1,2,No
SGWO04_1612,Kyphosidae,Girella,zebra,1,37361008,SGWO04_1612_L.avi,134072,44.6907,DColella,5.4,,Reef; Fucoid; Profile,60,2,1,2,No
SGWO04_1612,Kyphosidae,Kyphosus,sydneyanus,10,37361001,SGWO04_1612_L.avi,11421,3.807,DColella,5.4,,Reef; Fucoid; Profile,60,2,1,2,No
SGWO04_1612,Cheilodactylidae,Cheilodactylus,nigripes,1,37377001,SGWO04_1612_L.avi,14818,4.9393,DColella,5.4,,Reef; Fucoid; Profile,60,2,1,2,No
SGWO04_1612,Scorpididae,Scorpis,aequipinnis,15,37361004,SGWO04_1612_L.avi,65046,21.682,DColella,5.4,,Reef; Fucoid; Profile,60,2,1,2,No
WCCO01_1605,Monacanthidae,Unknown,sp,1,37465903,WCCO01_1605_L.avi,11843,3.9477,DColella,2.3,,Posidonia; Medium,60,1,2,2,No
WCCO01_1605,Hemiramphidae,Hyporhamphus,melanochir,1,37234001,WCCO01_1605_L.avi,17643,5.881,DColella,2.3,,Posidonia; Medium,60,1,2,2,No
WCCO01_1605,Rhinobatidae,Trygonorrhina,dumerilii,1,37027011,WCCO01_1605_L.avi,83770,27.9233,DColella,2.3,,Posidonia; Medium,60,1,2,2,No
WCCO01_1605,Portunidae,Nectocarcinus,integrifrons,2,28911010,WCCO01_1605_L.avi,87448,29.1493,DColella,2.3,,Posidonia; Medium,60,1,2,2,No
WCCO02_1605,Portunidae,Nectocarcinus,integrifrons,1,28911010,WCCO02_1605_L.avi,108361,36.1203,DColella,2.2,,Posidonia; Dense,60,1,2,2,No
WCCO02_1605,Atherinidae,Unknown,sp,100,37246911,WCCO02_1605_L.avi,24690,8.23,DColella,2.2,,Posidonia; Dense,60,1,2,2,No
WCCO03_1605,Portunidae,Nectocarcinus,integrifrons,1,28911010,WCCO03_1605_L.avi,88702,29.5673,DColella,2.3,A few scattered Pinna,Posidonia; Medium,60,2,2,2,No
WCCO03_1605,Odacidae,Neoodax,balteatus,3,37385005,WCCO03_1605_L.avi,54123,18.041,DColella,2.3,A few scattered Pinna,Posidonia; Medium,60,2,2,2,No
WCCO03_1605,Monacanthidae,Unknown,sp,1,37465903,WCCO03_1605_L.avi,25973,8.6577,DColella,2.3,A few scattered Pinna,Posidonia; Medium,60,2,2,2,No
WCCO04_1605,Portunidae,Nectocarcinus,integrifrons,7,28911010,WCCO04_1605_L.avi,157036,52.3453,DColella,2.1,,Posidonia; Sparse,60,1,2,2,No
WCCO04_1605,Loliginidae,Sepioteuthis,australis,1,23617005,WCCO04_1605_L.avi,84130,28.0433,DColella,2.1,,Posidonia; Sparse,60,1,2,2,No
WCNO01_1605,Odacidae,Neoodax,balteatus,17,37385005,WCNO01_1605_L.avi,113534,37.8447,DColella,3.3,,Posidonia (epiphytes); Dense,60,1,2,2,No
WCNO01_1605,Monacanthidae,Meuschenia,freycineti,1,37465036,WCNO01_1605_L.avi,143187,47.729,DColella,3.3,,Posidonia (epiphytes); Dense,60,1,2,2,No
WCNO01_1605,Odacidae,Haletta,semifasciata,4,37385009,WCNO01_1605_L.avi,116038,38.6793,DColella,3.3,,Posidonia (epiphytes); Dense,60,1,2,2,No
WCNO01_1605,Apogonidae,Vincentia,conspersa,1,37327033,WCNO01_1605_L.avi,25054,8.3513,DColella,3.3,,Posidonia (epiphytes); Dense,60,1,2,2,No
WCNO02_1605,Sepiidae,Sepia,apama,1,23607001,WCNO02_1605_L.avi,22053,7.351,JHicks,3.2,,Posidonia (epiphytes); Dense,60,1,2,1,No
WCNO02_1605,Portunidae,Nectocarcinus,integrifrons,1,28911010,WCNO02_1605_L.avi,184649,61.5497,JHicks,3.2,,Posidonia (epiphytes); Dense,60,1,2,1,No
WCNO02_1605,Unknown Fish,Unknown,sp,1,37990078,WCNO02_1605_L.avi,6939,2.313,JHicks,3.2,,Posidonia (epiphytes); Dense,60,1,2,1,No
WCNO02_1605,Atherinidae,Unknown,sp,60,37246911,WCNO02_1605_L.avi,48069,16.023,JHicks,3.2,,Posidonia (epiphytes); Dense,60,1,2,1,No
WCNO02_1605,Monacanthidae,Unknown,sp,13,37465903,WCNO02_1605_L.avi,27996,9.332,JHicks,3.2,,Posidonia (epiphytes); Dense,60,1,2,1,No
WCNO02_1605,Odacidae,Neoodax,balteatus,8,37385005,WCNO02_1605_L.avi,96110,32.0367,JHicks,3.2,,Posidonia (epiphytes); Dense,60,1,2,1,No
WCNO03_1605,Odacidae,Neoodax,balteatus,5,37385005,WCNO03_1605_L.avi,66643,22.2143,JHicks,2.3,,Posidonia; Medium,60,1,2,2,No
WCNO03_1605,Portunidae,Nectocarcinus,integrifrons,2,28911010,WCNO03_1605_L.avi,63050,21.0167,JHicks,2.3,,Posidonia; Medium,60,1,2,2,No
WCNO03_1605,Monacanthidae,Unknown,sp,3,37465903,WCNO03_1605_L.avi,104885,34.9617,JHicks,2.3,,Posidonia; Medium,60,1,2,2,No
WCNO03_1605,Loliginidae,Sepioteuthis,australis,1,23617005,WCNO03_1605_L.avi,126690,42.23,JHicks,2.3,,Posidonia; Medium,60,1,2,2,No
WCNO03_1605,Atherinidae,Unknown,sp,4,37246911,WCNO03_1605_L.avi,123609,41.203,JHicks,2.3,,Posidonia; Medium,60,1,2,2,No
WCNO04_1605,Monacanthidae,Unknown,sp,48,37465903,WCNO04_1605_L.avi,26969,8.9897,JHicks,3.1,,Posidonia (epiphytes); Dense,60,1,2,2,No
WCNO04_1605,Odacidae,Neoodax,balteatus,14,37385005,WCNO04_1605_L.avi,72736,24.2453,JHicks,3.1,,Posidonia (epiphytes); Dense,60,1,2,2,No
WCNO04_1605,Odacidae,Haletta,semifasciata,40,37385009,WCNO04_1605_L.avi,116633,38.8777,JHicks,3.1,,Posidonia (epiphytes); Dense,60,1,2,2,No
WCNO04_1605,Monacanthidae,Scobinichthys,granulatus,1,37465007,WCNO04_1605_L.avi,150582,50.194,JHicks,3.1,,Posidonia (epiphytes); Dense,60,1,2,2,Yes
WCNO04_1605,Atherinidae,Unknown,sp,56,37246911,WCNO04_1605_L.avi,51418,17.1393,JHicks,3.1,,Posidonia (epiphytes); Dense,60,1,2,2,No
WCSO01_1605,Atherinidae,Unknown,sp,100,37246911,WCSO01_1605_L.avi,23268,7.756,DColella,2.2,,Posidonia; Dense,60,1,2,1,No
WCSO01_1605,Portunidae,Nectocarcinus,integrifrons,3,28911010,WCSO01_1605_L.avi,87921,29.307,DColella,2.2,,Posidonia; Dense,60,1,2,1,No
WCSO01_1605,Monacanthidae,Unknown,sp,1,37465903,WCSO01_1605_L.avi,94629,31.543,DColella,2.2,,Posidonia; Dense,60,1,2,1,No
WCSO01_1605,Rhinobatidae,Trygonorrhina,dumerilii,1,37027011,WCSO01_1605_L.avi,148862,49.6207,DColella,2.2,,Posidonia; Dense,60,1,2,1,No
WCSO01_1605,Monacanthidae,Brachaluteres,jacksonianus,1,37465025,WCSO01_1605_L.avi,101847,33.949,DColella,2.2,,Posidonia; Dense,60,1,2,1,No
WCSO01_1605,Loliginidae,Sepioteuthis,australis,1,23617005,WCSO01_1605_L.avi,25606,8.5353,DColella,2.2,,Posidonia; Dense,60,1,2,1,No
WCSO02_1605,Atherinidae,Unknown,sp,100,37246911,WCSO02_1605_L.avi,22450,7.4833,DColella,2.6,,Posidonia; Dense,60,1,2,1,No
WCSO02_1605,Rhinobatidae,Trygonorrhina,dumerilii,1,37027011,WCSO02_1605_L.avi,169180,56.3933,DColella,2.6,,Posidonia; Dense,60,1,2,1,No
WCSO02_1605,Portunidae,Nectocarcinus,integrifrons,2,28911010,WCSO02_1605_L.avi,168779,56.2597,DColella,2.6,,Posidonia; Dense,60,1,2,1,No
WCSO03_1605,Atherinidae,Unknown,sp,150,37246911,WCSO03_1605_L.avi,27171,9.057,DColella,2.6,,Posidonia; Medium,60,1,2,2,No
WCSO03_1605,Portunidae,Nectocarcinus,integrifrons,1,28911010,WCSO03_1605_L.avi,107064,35.688,DColella,2.6,,Posidonia; Medium,60,1,2,2,No
WCSO03_1605,Loliginidae,Sepioteuthis,australis,1,23617005,WCSO03_1605_L.avi,108512,36.1707,DColella,2.6,,Posidonia; Medium,60,1,2,2,No
WCSO03_1605,Rhinobatidae,Trygonorrhina,dumerilii,1,37027011,WCSO03_1605_L.avi,135165,45.055,DColella,2.6,,Posidonia; Medium,60,1,2,2,No
