OpCode	ImagePtPair	Index	Lx	Ly	Rx	Ry
APO_012	0	0	1521.09129	876.49254	1166.64953	849.61567
APO_012	0	1	1879.20252	830.05970	1487.86149	783.41791
APO_012	1	0	1473.53935	825.05224	1199.43652	802.30597
APO_012	1	1	1897.33473	774.40672	1563.24029	729.96269
APO_012	2	0	634.62015	657.73881	31.22770	666.83582
APO_012	2	1	942.36411	689.97761	342.49738	685.47388
APO_012	3	0	986.86674	732.52612	630.75656	724.72015
APO_012	3	1	1220.06716	662.50746	854.89087	646.64179
APO_012	4	0	1265.65687	737.53358	932.83001	716.17164
APO_012	4	1	1464.10388	703.27985	1137.82476	675.36940
APO_012	5	0	1290.33683	839.28731	920.23820	817.92537
APO_012	5	1	1486.76915	756.17164	1116.67051	725.74254
APO_012	6	0	1101.73767	778.57090	834.71563	758.92537
APO_012	6	1	1289.10388	744.31716	976.24764	724.67164
APO_012	7	0	863.87093	596.17910	743.89297	589.42164
APO_012	7	1	1199.82057	584.08955	1094.44911	561.71642
APO_012	8	0	777.96222	663.69030	578.89192	660.59328
APO_012	8	1	937.12277	673.76493	737.04512	662.10448
APO_012	9	0	1507.19412	853.95522	1209.26023	825.42164
APO_012	9	1	1799.32424	854.45896	1443.46800	812.32463
APO_012	10	0	1482.24869	872.44403	979.16789	840.19030
APO_012	10	1	1688.75446	925.33582	1200.28017	884.01493
APO_012	11	0	1343.85939	717.93284	1123.02518	708.15672
APO_012	11	1	1767.19937	714.95522	1522.20357	674.63806
APO_012	12	0	1195.89192	687.39925	1054.43652	674.56343
APO_012	12	1	1418.51522	686.39179	1285.62225	664.99254
APO_012	13	0	1474.69780	649.36567	1186.38195	620.44776
APO_012	13	1	1850.94124	574.30970	1528.37566	546.39925
APO_012	14	0	1493.33368	508.82463	1361.66002	474.86940
APO_012	14	1	1691.78069	493.20896	1586.29801	453.71269
APO_012	15	0	1086.71563	371.51119	918.46275	355.80597
APO_012	15	1	1366.75761	353.88060	1185.40923	328.60448
APO_012	16	0	727.87618	924.91791	322.68520	927.52612
APO_012	16	1	545.04302	934.99254	120.20881	946.66791
APO_013	0	0	819.30640	744.88060	683.45016	735.62313
APO_013	0	1	662.66422	749.41418	512.70514	739.65299
APO_013	1	0	1100.41658	679.90299	838.19622	670.45149
APO_013	1	1	844.55089	709.11940	567.22036	699.16418
APO_013	2	0	1025.36936	621.47015	644.78594	609.50000
APO_013	2	1	688.14166	602.23507	250.85205	596.11940
APO_013	3	0	1576.40923	902.67164	1451.71459	906.50373
APO_013	3	1	1312.98846	903.67910	1160.08814	898.94776
APO_013	4	0	910.60756	683.54851	815.08604	677.35448
APO_013	4	1	618.47744	632.16791	501.45855	626.05970
APO_013	5	0	1415.60441	899.69030	1139.43547	889.09701
APO_013	5	1	931.18258	556.36567	566.00525	550.22015
APO_014	0	0	1353.35572	724.15672	949.03568	742.18657
APO_014	0	1	1589.57817	673.27985	1126.83211	693.82836
APO_014	1	0	1575.04302	660.19776	958.35467	678.34701
APO_014	1	1	1831.91605	736.26119	1094.84995	744.83955
APO_014	2	0	1233.87513	655.57463	765.58237	675.00000
APO_014	2	1	782.08080	517.04851	72.52886	548.05970
APO_014	3	0	1414.37251	495.99254	1285.91710	504.55597
APO_014	3	1	1206.35572	447.63433	1051.20567	453.17537
APO_014	4	0	789.45750	500.54104	517.99161	518.29104
APO_014	4	1	933.00420	440.59701	683.69990	454.82090
APO_014	5	0	575.39664	480.39179	369.78909	501.14925
APO_014	5	1	760.74816	444.12313	541.03778	458.83582
APO_014	6	0	1215.65687	645.45522	847.23400	667.92910
APO_014	6	1	1455.40504	593.57090	1030.57083	595.89552
APO_014	7	0	929.80378	443.36940	746.38090	452.63060
APO_014	7	1	1166.52991	453.44403	960.44176	462.70522
APO_014	8	0	1569.44386	443.28358	1329.32214	448.48134
APO_014	8	1	1886.75761	432.60075	1615.91186	443.94776
APO_014	9	0	1575.99161	554.32090	1179.61700	569.71642
APO_014	9	1	1903.88248	508.98507	1479.80588	524.88433
APO_014	10	0	1311.56348	618.58209	720.67576	653.72015
APO_014	10	1	1831.35362	594.40299	1143.40923	603.98507
APO_014	11	0	1455.89612	483.00000	1310.02099	498.18657
APO_014	11	1	1730.90136	482.49627	1566.39035	492.14179
APO_014	12	0	1187.72928	325.37687	1064.36201	334.73881
APO_014	12	1	1037.63484	302.20522	888.07660	313.07836
APO_014	13	0	800.95383	274.90299	585.24764	291.54104
APO_014	13	1	718.35152	341.39552	475.44701	362.56716
APO_014	14	0	679.77440	500.25746	441.48059	513.11940
APO_014	14	1	835.40923	514.36194	581.50157	533.26866
APO_014	15	0	654.08709	453.41045	495.87723	470.30224
APO_014	15	1	783.02728	456.43284	622.80273	473.82836
APO_014	16	0	1374.37251	335.40672	1207.22560	343.14179
APO_014	16	1	1124.04722	334.39925	957.90766	348.17910
APO_014	17	0	941.77335	87.64925	561.98636	100.24254
APO_014	17	1	476.12487	60.44776	51.05142	79.08582
APO_014	18	0	569.64953	72.03358	386.95908	99.23507
APO_014	18	1	837.09969	117.87313	677.07450	135.00000
APO_014	19	0	1290.21931	568.54851	1119.58657	580.57836
APO_014	19	1	1476.07450	590.71269	1288.31689	597.20149
APO_014	20	0	1020.20147	573.16791	685.95488	585.06716
APO_014	20	1	1498.51626	574.60821	1140.13746	582.08955
APO_014	21	0	1196.88458	564.86940	860.50262	582.26866
APO_014	21	1	1629.55614	485.59328	1234.61805	490.07090
APO_014	22	0	1631.61490	421.36940	1382.13746	435.83955
APO_014	22	1	1260.31794	449.77239	1064.52781	459.41418
APO_014	23	0	951.68311	196.12687	809.17943	208.33582
APO_014	23	1	1268.99685	115.52985	1088.71773	118.16791
APO_014	24	0	761.43232	346.94776	640.53515	362.60821
APO_014	24	1	925.12592	335.36194	790.62959	346.48881
APO_015	0	0	819.94753	531.86567	574.81847	513.91791
APO_015	0	1	986.15950	541.94030	741.03043	527.51866
APO_015	1	0	863.60126	613.42537	661.74816	602.27985
APO_015	1	1	972.89822	687.97761	762.48269	670.28358
APO_015	2	0	1293.30010	471.67910	954.81112	464.95522
APO_015	2	1	1555.71354	453.54478	1197.07765	449.84328
APO_015	3	0	1445.02099	606.74254	1058.67576	601.92537
APO_015	3	1	1737.65477	562.91791	1305.97901	561.62687
APO_015	4	0	1081.80063	372.45896	686.10178	359.54104
APO_015	4	1	1336.15530	417.79478	911.74711	413.44030
APO_015	5	0	1486.84155	862.38806	987.19832	850.29851
APO_015	5	1	1849.48583	763.65672	1212.84365	757.61194
APO_015	6	0	1637.94334	642.76119	1295.41763	641.64552
APO_015	6	1	1891.79433	521.86567	1526.60336	529.81716
APO_015	7	0	1343.60546	707.82836	977.12487	699.17910
APO_015	7	1	1546.70724	570.27985	1180.96118	564.39925
APO_015	8	0	1478.86988	650.97761	1332.30010	649.12687
APO_015	8	1	1608.81742	651.98507	1468.79538	656.17910
APO_015	9	0	1402.12067	901.40672	967.74187	893.91045
APO_015	9	1	1774.33473	982.50746	1226.12592	955.86940
APO_015	10	0	1053.74187	813.89552	482.63169	811.69776
APO_015	10	1	1304.57083	789.71642	737.49003	779.45896
APO_015	11	0	1086.74397	929.88806	560.35677	915.97015
APO_015	11	1	782.52571	972.20149	274.27072	959.29104
APO_015	12	0	431.80378	566.25000	230.87828	543.70149
APO_015	12	1	967.76915	685.72015	769.22141	671.32463
APO_015	13	0	848.77440	529.85075	686.85519	511.94776
APO_015	13	1	1061.82791	552.01493	875.73242	538.14179
APO_015	14	0	1236.26338	684.45149	992.11228	677.96269
APO_015	14	1	1496.66212	733.81716	1235.88982	729.34328
APO_015	15	0	562.80063	647.24627	92.00315	622.96269
APO_015	15	1	819.16999	612.48881	467.23924	592.73881
APO_015	16	0	1374.01889	765.67164	761.69675	764.51119
APO_015	16	1	1856.03358	803.01493	1286.18888	797.19403
APO_015	17	0	897.58657	519.20896	801.29276	503.05970
APO_015	17	1	1103.08499	543.38806	1011.32424	531.77239
APO_015	18	0	1130.30010	506.33209	752.52466	497.10448
APO_015	18	1	1882.72823	476.98507	1310.83841	488.80597
APO_015	19	0	949.89192	657.40672	719.94753	641.69403
APO_015	19	1	1251.20776	738.75000	1015.60336	743.95149
APO_015	20	0	1046.86254	584.90299	931.77440	571.23134
APO_015	20	1	1304.23924	606.05970	1175.55194	603.97388
APO_015	21	0	698.27492	748.25746	297.06925	728.64179
APO_015	21	1	998.46380	775.45896	655.18048	759.87313
APO_015	22	0	697.37775	579.19776	481.57608	559.31716
APO_015	22	1	926.04512	598.84328	726.86464	584.50373
APO_015	23	0	524.31899	64.98134	451.01364	56.41791
APO_015	23	1	795.79853	142.05224	741.12907	130.97015
APO_016	0	0	1482.81217	594.40299	1384.09234	584.32836
APO_016	0	1	1146.35887	542.01493	1051.66842	544.02985
APO_016	1	0	1122.11962	407.09701	602.00210	396.65299
APO_016	1	1	1410.72928	448.55597	879.61175	435.39925
APO_016	2	0	1846.96747	271.53358	1353.39874	266.09701
APO_016	2	1	1504.47009	298.73507	1129.76810	290.27612
APO_016	3	0	760.67051	500.54478	445.25184	496.97015
APO_016	3	1	608.56139	546.38433	256.37461	545.32836
APO_016	4	0	1317.20672	180.86567	996.37985	171.76866
APO_016	4	1	1116.24134	195.47388	824.62749	189.90299
APO_016	5	0	1169.60021	697.97388	689.40609	687.64552
APO_016	5	1	944.45855	541.81716	477.52046	532.97388
APO_016	6	0	893.89402	585.65672	482.05352	575.28731
APO_016	6	1	718.11228	407.33582	299.72403	395.95896
APO_016	7	0	855.11123	584.14552	495.14900	578.30970
APO_016	7	1	624.42917	512.11194	275.54774	506.77985
APO_016	8	0	1446.17733	512.70522	1113.58552	500.47015
APO_016	8	1	1202.39979	423.04104	923.19727	415.84328
APO_016	9	0	1223.37251	457.69776	1034.40923	448.79478
APO_016	9	1	1020.39244	420.92537	852.07975	413.02985
APO_016	10	0	553.72298	83.61940	249.26338	84.62687
APO_016	10	1	931.77335	86.13806	647.15215	81.07090
APO_016	11	0	883.38195	6.54851	486.81217	0.00000
APO_016	11	1	1219.83526	100.24254	883.70619	89.66418
APO_016	12	0	853.73767	485.65299	504.77440	477.68284
APO_016	12	1	1190.91291	451.81343	870.02728	441.54851
APO_016	13	0	751.26548	246.42537	530.89507	248.50000
APO_016	13	1	501.44386	202.09701	322.87828	213.74254
APO_016	14	0	895.36516	242.49627	695.19622	242.33209
APO_016	14	1	728.14586	369.43657	524.45121	374.30970
APO_016	15	0	761.79853	310.26866	538.11857	309.30224
APO_016	15	1	474.20147	266.44403	299.88143	278.57463
APO_016	16	0	1080.41973	539.94030	921.80273	534.08209
APO_016	16	1	568.16789	451.97388	416.29276	459.08582
APO_016	17	0	608.78384	372.71269	436.05247	376.93657
APO_016	17	1	358.45855	256.85448	200.33368	275.68657
APO_016	18	0	1367.60021	602.60821	1028.15530	591.24627
APO_016	18	1	1188.79643	555.76119	887.63064	548.42910
APO_016	19	0	1454.23190	557.77612	1197.60021	546.85821
APO_016	19	1	1303.13012	530.07090	1056.57188	519.15299
APO_016	20	0	1279.93284	463.11940	1033.01784	455.92910
APO_016	20	1	1605.80902	422.31716	1325.14795	404.54851
APO_016	21	0	1510.67681	247.43284	1225.00420	232.82463
APO_016	21	1	1227.61280	168.85075	980.72298	157.76866
APO_017	0	0	1573.47324	785.82090	600.37775	769.70149
APO_017	0	1	1013.38930	761.64179	167.21931	797.91045
APO_017	1	0	877.16999	315.17164	599.79119	332.91791
APO_017	1	1	620.29696	288.97761	272.90766	311.76119
APO_017	2	0	1549.72508	578.17910	1233.08919	592.51493
APO_017	2	1	1254.57293	498.58955	960.09864	512.92537
APO_017	3	0	1193.35782	338.63806	910.47534	356.33955
APO_017	3	1	970.73452	307.91045	675.26023	324.60448
APO_017	4	0	959.86254	561.46269	614.01679	578.94776
APO_017	4	1	1232.85310	620.39925	837.14376	632.84701
APO_017	5	0	1040.82057	607.15672	547.99580	618.58209
APO_017	5	1	726.52886	647.45522	58.42602	683.05970
APO_017	6	0	1780.48269	985.29851	1197.19622	968.17164
APO_017	6	1	890.49318	949.02985	227.50577	991.84701
APO_017	7	0	1078.10808	432.48134	780.55299	451.16045
APO_017	7	1	930.53200	466.23134	598.72718	484.91045
APO_017	8	0	1307.98111	885.02612	814.49528	899.21642
APO_017	8	1	1551.25498	691.08955	1039.96118	694.31716
APO_017	9	0	984.27282	746.54104	563.57083	764.58582
APO_017	9	1	754.59811	694.15299	302.16474	722.27239
APO_017	10	0	817.96432	670.97015	400.32109	693.89925
APO_017	10	1	613.05037	490.85448	186.76390	515.57836
APO_017	11	0	876.53095	374.26866	400.79958	387.87313
APO_017	11	1	627.21301	219.62313	16.62120	216.13806
APO_017	12	0	865.67891	157.42910	433.38510	167.04478
APO_017	12	1	1140.18048	167.00000	743.64743	183.66791
APO_017	13	0	1029.50682	973.20896	479.49633	995.37313
APO_017	13	1	1603.69360	664.92537	1190.68206	677.01493
APO_018	0	0	873.46590	593.63060	714.66422	594.13433
APO_018	0	1	1094.57817	571.46642	955.41973	577.51119
APO_018	1	0	973.75971	418.03731	758.03568	419.05970
APO_018	1	1	1157.60021	399.39925	973.60756	408.98507
APO_018	2	0	471.29696	186.05224	338.87408	189.14552
APO_018	2	1	723.13326	225.84701	598.76915	227.93284
APO_018	3	0	1111.34837	490.51119	948.39559	498.63060
APO_018	3	1	1288.64113	442.15299	1149.36097	452.28731
APO_018	4	0	1453.66107	343.48134	1336.96957	357.51119
APO_018	4	1	1725.64428	334.91791	1619.02623	355.49627
APO_018	5	0	1157.95383	621.15672	652.14586	621.12687
APO_018	5	1	1272.28751	601.51119	789.14481	602.99254
APO_018	6	0	1616.10808	617.72015	1237.50892	632.68284
APO_018	6	1	1484.64953	579.94030	1131.23400	591.88060
APO_018	7	0	1636.75866	505.89179	1310.03778	525.38806
APO_018	7	1	1767.71354	458.54104	1419.83841	483.07463
APO_018	8	0	1228.69360	620.19403	854.24134	626.51866
APO_018	8	1	1312.80693	603.57090	964.04197	613.92537
APO_018	9	0	1645.76600	584.57836	1399.24764	606.33955
APO_018	9	1	1445.30430	592.13433	1229.00630	613.39179
APO_018	10	0	741.77335	187.33955	618.57503	193.17910
APO_018	10	1	552.89612	169.70896	451.85939	173.53358
APO_018	11	0	941.74397	132.92537	859.29171	141.04478
APO_018	11	1	791.64953	84.56716	705.67156	95.20522
APO_018	12	0	693.70094	380.51866	383.40294	371.42164
APO_018	12	1	854.37251	398.14925	595.44911	399.12687
APO_018	13	0	514.15320	518.00746	376.35152	506.42164
APO_018	13	1	651.15215	452.01866	523.92760	448.99627
APO_018	14	0	582.21091	638.30970	351.74397	628.45896
APO_018	14	1	400.38510	612.61940	167.39979	593.70149
APO_018	15	0	1347.60441	525.00000	1125.16999	536.84328
APO_018	15	1	1170.81532	566.30597	945.35887	575.12687
APO_018	16	0	1274.05247	257.50373	1103.18888	266.60075
APO_018	16	1	1140.07555	210.65672	983.81847	221.76866
APO_018	17	0	1808.18468	525.57836	1507.62644	549.94030
APO_018	17	1	1528.14271	517.01493	1235.64323	535.33209
APO_018	18	0	1023.05771	532.69030	426.96222	525.68657
APO_018	18	1	1320.72823	412.80224	823.18573	414.59328
APO_018	19	0	1344.13851	781.94776	917.55404	784.80970
APO_018	19	1	1573.81322	761.29478	1124.05981	764.15672
APO_018	20	0	1119.64953	615.32090	777.23820	612.23881
APO_018	20	1	1504.45331	469.87313	1164.13326	488.11567
APO_018	21	0	1354.96327	159.68284	1088.87618	166.67537
APO_018	21	1	1020.02099	22.66791	717.10913	21.15672
APO_018	22	0	785.72928	308.28358	44.32319	278.05970
APO_018	22	1	1230.97587	296.19403	572.17209	300.22388
APO_018	23	0	832.06716	535.97015	500.10913	532.04104
APO_018	23	1	1029.50682	370.74627	721.72508	374.87687
APO_018	24	0	1056.57293	434.37687	707.15635	435.22388
APO_018	24	1	1364.82057	432.36194	1068.73347	446.54104
APO_018	25	0	1122.05037	526.05597	727.23820	529.25746
APO_018	25	1	1426.85834	509.48881	1076.78699	523.71642
APO_018	26	0	821.61700	288.91418	555.07240	283.87687
APO_018	26	1	1057.83945	185.64925	813.96013	185.64925
APO_018	27	0	1282.14166	405.50373	1032.74502	416.68284
APO_018	27	1	1563.14376	371.42164	1287.60336	388.97761
APO_018	28	0	399.98426	246.20149	223.01679	238.48134
APO_018	28	1	620.59286	209.93284	469.81637	207.25000
APO_018	29	0	1134.27072	415.07463	848.18468	425.14925
APO_018	29	1	225.64533	20.14925	30.22036	24.17910
APO_019	0	0	1450.35782	564.87313	1257.38405	565.22761
APO_019	0	1	1313.86254	566.38433	1134.99161	568.75373
APO_019	1	0	1655.67366	414.33209	1463.92445	414.02239
APO_019	1	1	1501.54984	435.48881	1329.94753	435.17910
APO_019	2	0	769.45855	829.30224	504.53935	821.31716
APO_019	2	1	927.10808	875.14179	666.72193	868.66791
APO_019	3	0	654.58972	576.97761	551.64848	566.97761
APO_019	3	1	555.36621	594.60821	461.99475	583.60075
APO_019	4	0	964.39454	620.54851	556.11857	613.45149
APO_019	4	1	751.34103	600.90299	370.76705	590.78358
APO_019	5	0	1310.61280	664.71269	912.65477	660.89552
APO_019	5	1	1529.71039	531.22388	1128.22665	527.91045
APO_019	6	0	1045.84260	335.17164	485.54040	318.35821
APO_019	6	1	739.10598	268.67910	143.04302	233.73134
APO_019	7	0	1102.03568	560.14925	756.98321	557.90672
APO_019	7	1	926.75761	405.00000	600.34103	395.70522
APO_019	8	0	802.92025	206.19776	434.60021	192.85075
APO_019	8	1	619.58342	220.80597	281.98741	206.95522
APO_019	9	0	1217.87618	602.23881	821.49738	597.11194
APO_019	9	1	1033.53200	464.72015	629.59811	456.06716
APO_019	10	0	805.14586	330.41418	198.95908	304.35448
APO_019	10	1	1080.15110	298.17537	541.96013	281.18284
APO_019	11	0	363.80378	331.63060	179.16789	321.41791
APO_019	11	1	525.48269	337.67537	340.34313	327.46269
APO_019	12	0	1667.70619	279.25373	1321.79853	281.03731
APO_019	12	1	1326.71983	211.25000	1042.26023	211.52239
APO_019	13	0	717.84785	459.56343	497.48793	454.98507
APO_019	13	1	1107.54145	439.81343	884.35782	428.39179
APO_019	14	0	637.24554	265.65299	478.21616	258.15672
APO_019	14	1	927.36097	204.19776	809.63274	196.19776
APO_019	15	0	739.81847	403.93284	549.90346	408.63806
APO_019	15	1	1027.41553	422.57090	798.71773	414.17910
APO_019	16	0	992.60546	347.89552	725.44386	340.71269
APO_019	16	1	1253.50787	362.00000	973.75446	353.30597
APO_019	17	0	1106.22141	744.72015	703.40189	735.80224
APO_019	17	1	801.49948	633.39552	425.87828	625.48507
APO_019	18	0	846.16999	344.55224	731.33263	336.49254
APO_019	18	1	1607.72298	88.65672	1597.64953	58.43284
APO_019	19	0	1462.17419	303.91045	945.80273	302.53358
APO_019	19	1	1348.34418	334.13433	849.60126	333.26119
APO_019	20	0	888.69360	282.23134	776.50997	276.86940
APO_019	20	1	1133.47849	216.74627	1019.78384	211.38433
APO_019	21	0	879.13851	329.52612	726.05771	325.35075
APO_019	21	1	1082.11857	362.77239	940.11857	352.55224
APO_019	22	0	1483.03253	446.90672	1278.55404	446.93657
APO_019	22	1	1869.34942	339.61194	1626.79119	347.09701
APO_019	23	0	1084.48059	368.66791	914.66842	364.74254
APO_019	23	1	1347.90136	254.82463	1160.96432	248.38060
APO_019	24	0	880.68101	441.33955	715.24029	438.17164
APO_019	24	1	669.13851	455.44403	500.17209	452.77985
APO_019	25	0	949.41658	94.19776	887.30640	91.17537
APO_019	25	1	764.06506	26.69776	699.94019	28.71269
APO_019	26	0	1364.89612	202.09701	1190.68206	199.47761
APO_019	26	1	1629.82791	133.58955	1488.85624	124.92537
APO_019	27	0	1760.83945	292.16418	1490.87093	296.19403
APO_019	27	1	767.59706	441.26866	451.29066	425.14925
APO_019	28	0	699.81532	235.20896	409.99895	227.63806
APO_019	28	1	965.25079	171.73881	681.47849	161.64925
APO_031	0	0	1689.73662	490.70149	1149.20357	503.32463
APO_031	0	1	1189.95383	642.90299	648.33998	647.09701
APO_031	1	0	685.59391	751.78731	112.82267	744.18657
APO_031	1	1	1109.39874	588.44403	736.02308	590.97761
APO_031	2	0	683.03253	163.07090	513.50577	159.38433
APO_031	2	1	1230.63379	196.04851	1028.15215	208.56716
APO_031	3	0	871.70829	317.26119	516.15320	306.23881
APO_031	3	1	1081.23610	231.62687	750.36097	228.66418
APO_031	4	0	496.41133	309.69030	62.45540	275.86194
APO_031	4	1	760.83945	270.90299	419.05561	254.70522
APO_031	5	0	1206.42497	266.18657	1050.83316	272.93284
APO_031	5	1	1359.03778	238.48134	1216.03778	252.27985
APO_031	6	0	815.82581	410.16418	592.28541	404.37313
APO_031	6	1	960.88353	357.27239	773.10388	361.05224
APO_031	7	0	1216.81007	208.70522	1063.11542	216.55597
APO_031	7	1	1047.57608	194.60075	905.96957	200.43657
APO_031	8	0	1519.95068	413.64552	1232.60546	429.70522
APO_031	8	1	1779.84575	300.30597	1463.28751	324.92910
APO_031	9	0	1568.43652	462.72015	1225.59811	482.30597
APO_031	9	1	1882.22455	430.98507	1489.52256	452.58582
APO_031	10	0	804.87723	586.63806	402.32319	576.75373
APO_031	10	1	1901.86779	589.14179	1493.07870	615.61567
APO_031	11	0	646.32214	418.37687	176.70514	394.19776
APO_031	11	1	890.60336	443.05970	485.45645	431.47388
APO_031	12	0	1531.16474	691.11940	1040.60126	696.24254
APO_031	12	1	1901.36411	639.57090	1433.62959	656.90299
APO_031	13	0	1471.61700	584.53358	1138.63903	596.72761
APO_031	13	1	1671.07135	522.57463	1390.47534	547.36194
APO_031	14	0	1716.49003	102.76119	1226.86884	142.05224
APO_031	14	1	1478.75656	63.97388	1064.18258	90.16791
APO_031	15	0	1308.49843	244.08209	1112.67156	255.42910
APO_031	15	1	1452.04512	241.05970	1265.28437	251.39925
APO_031	16	0	913.83316	471.75746	521.80483	465.44776
APO_031	16	1	1034.71459	416.85075	702.73347	417.45896
APO_031	17	0	644.70094	132.98507	372.71773	112.83582
APO_031	17	1	1670.17838	12.08955	1257.16684	36.26866
APO_033	0	0	1468.70934	775.74627	727.30325	759.62687
APO_033	0	1	1075.84470	803.95522	441.21721	793.88060
APO_033	1	0	1386.80273	604.47388	793.61910	592.32463
APO_033	1	1	1052.86569	625.14179	559.91501	607.94030
APO_033	2	0	621.42497	263.24254	289.86988	230.46642
APO_033	2	1	1181.42078	252.72388	885.67051	239.88806
APO_033	3	0	518.15635	429.85821	374.28122	403.51119
APO_033	3	1	844.38825	471.44776	662.11542	449.44403
APO_033	4	0	1079.79853	525.65299	823.41343	514.02239
APO_033	4	1	720.67996	427.92910	559.97272	409.91791
APO_033	5	0	1065.53515	625.46642	427.32949	611.58582
APO_033	5	1	1520.90241	598.57836	1016.29171	588.53358
APO_033	6	0	1609.71039	499.74254	1190.64848	499.53358
APO_033	6	1	1367.94753	438.79104	1011.34103	429.51493
APO_033	7	0	677.03568	335.41045	382.62015	306.52985
APO_033	7	1	831.15950	228.61940	574.51941	201.25000
APO_033	8	0	696.17524	481.83209	208.35152	449.16418
APO_033	8	1	881.52676	375.54478	497.76600	345.25746
APO_033	9	0	626.50682	591.76493	22.16159	566.19403
APO_033	9	1	975.04827	516.20522	427.11438	487.61194
APO_033	10	0	1145.45435	711.11940	477.48164	699.17910
APO_033	10	1	1412.90451	623.47015	841.52676	611.15299
APO_033	11	0	1012.64428	452.33582	715.94963	434.63060
APO_033	11	1	784.48059	471.47761	489.80063	449.74254
APO_033	12	0	1000.02099	484.75000	454.05037	462.20149
APO_033	12	1	1201.99370	430.85075	723.51522	415.35448
APO_033	13	0	1157.88143	644.77239	605.94019	627.88433
APO_033	13	1	1377.48269	534.45522	885.47849	522.10075
APO_033	14	0	1406.46065	517.90299	934.23295	507.50373
APO_033	14	1	1101.73872	542.08209	655.19832	527.14925
APO_033	15	0	1904.38615	583.61567	1346.50892	581.06716
APO_033	15	1	1523.10598	557.42164	1061.33683	559.14179
APO_033	16	0	1733.35782	87.64925	1373.45331	91.67910
APO_033	16	1	1524.33368	63.47015	1214.79643	59.44030
APO_033	17	0	1651.05561	352.94776	1430.20672	351.26119
APO_033	17	1	1450.09024	299.04851	1270.03882	290.30970
APO_033	18	0	786.68520	393.06716	647.65582	371.11194
APO_033	18	1	621.48059	351.25746	488.99895	328.29478
APO_033	19	0	1528.14061	521.69776	981.18153	517.71269
APO_033	19	1	887.15320	304.94403	577.91396	289.70149
APO_033	20	0	1435.99895	366.23881	1290.97272	353.45149
APO_033	20	1	1828.83526	290.42910	1698.69570	283.92537
APO_033	21	0	741.46065	491.00000	474.10808	463.62313
APO_033	21	1	315.05771	440.74627	96.20147	405.38433
APO_033	22	0	1495.46065	699.70522	916.26233	687.59328
APO_033	22	1	950.63379	600.66791	526.45121	582.60821
APO_033	23	0	784.16789	447.31343	368.23400	423.97761
APO_033	23	1	1029.45645	324.90672	680.31060	316.42910
APO_033	24	0	886.24134	44.32836	764.84050	25.18657
APO_033	24	1	1016.69255	65.98881	910.90556	46.34328
APO_033	25	0	1039.50472	139.53358	850.26967	121.39925
APO_033	25	1	874.30010	84.62687	714.78174	67.50000
APO_034	0	0	785.81322	725.01493	588.71459	700.72761
APO_034	0	1	431.22770	684.21269	274.45016	646.74627
APO_034	1	0	976.82476	549.90672	676.44281	531.31343
APO_034	1	1	831.26338	469.30970	549.01364	446.68657
APO_034	2	0	831.76705	435.05597	573.69360	414.44776
APO_034	2	1	661.52571	412.38806	423.09549	385.23134
APO_034	3	0	1069.89822	407.48881	794.68835	391.00746
APO_034	3	1	937.43232	375.75373	685.39140	356.25000
APO_034	4	0	769.32529	458.57090	478.07870	434.57090
APO_034	4	1	625.27492	436.40672	358.70829	406.36194
APO_034	5	0	912.97901	332.47388	702.98636	313.67537
APO_034	5	1	670.71249	293.18284	509.57608	268.84328
APO_034	6	0	1740.14795	508.30597	1558.55299	511.56343
APO_034	6	1	1474.71249	519.89179	1316.79014	514.58582
APO_034	7	0	1871.20252	626.97761	1496.60126	630.94776
APO_034	7	1	1528.70514	626.47388	1245.40294	620.68284
APO_034	8	0	975.73977	593.69030	610.19203	572.92910
APO_034	8	1	754.62749	492.44030	431.38825	466.64179
APO_034	9	0	1054.43442	540.23134	658.78069	523.34328
APO_034	9	1	737.12067	523.60821	408.95908	497.65299
APO_034	10	0	954.37985	458.17164	735.19622	440.83209
APO_034	10	1	676.35257	394.70149	509.04722	371.31716
APO_034	11	0	1021.34313	346.57836	922.02728	331.20149
APO_034	11	1	671.47639	275.18284	591.18993	261.05970
APO_034	12	0	649.97901	446.09701	364.63379	416.31343
APO_034	12	1	412.74921	393.70896	84.08814	356.36940
APO_034	13	0	1034.58237	606.16418	449.68101	587.57090
APO_034	13	1	878.44386	603.64552	280.44701	583.54104
APO_034	14	0	1358.85100	491.88806	1120.72928	480.40672
APO_034	14	1	487.55089	243.89179	147.07240	207.50746
APO_034	15	0	927.44596	688.75746	498.40923	669.23134
APO_034	15	1	671.58027	630.32463	266.21616	603.74627
APO_034	16	0	1191.24029	599.75000	816.13746	584.57836
APO_034	16	1	945.95173	548.36940	524.51102	529.67164
APO_034	17	0	1385.11123	576.05970	1054.09339	572.02985
APO_034	17	1	1139.31899	516.61940	854.13536	513.09328
APO_034	18	0	969.41658	232.11194	649.32844	208.57090
APO_034	18	1	732.69045	200.88060	385.40399	170.79104
APO_034	19	0	1326.94229	477.01493	1101.52991	467.75746
APO_034	19	1	1133.02833	464.92537	923.22980	452.64552
APO_034	20	0	1807.17733	394.48881	1285.25393	405.75000
APO_034	20	1	1394.56873	328.22015	1015.78909	326.16045
APO_034	21	0	1028.92445	492.24627	655.52361	479.14925
APO_034	21	1	794.71668	465.54851	478.23085	445.39925
APO_035	0	0	951.55299	580.99254	790.13746	572.04478
APO_035	0	1	703.24239	546.73881	557.44071	538.79851
APO_035	1	0	627.43861	545.89552	411.23610	545.17910
APO_035	1	1	442.59077	549.42164	228.90661	551.22388
APO_035	2	0	1547.33893	855.29104	1078.67366	833.51119
APO_035	2	1	1026.48374	667.18657	593.24449	629.54104
APO_035	3	0	1476.73977	700.97015	999.01574	684.17910
APO_035	3	1	1145.82686	641.02612	737.60965	631.79104
APO_035	4	0	1492.96013	584.63806	1217.25498	573.55597
APO_035	4	1	1241.12382	535.77612	990.09864	526.20522
APO_035	5	0	787.15950	382.99254	573.81007	379.80970
APO_035	5	1	588.71249	359.82090	335.06925	362.17910
APO_035	6	0	908.69570	650.66791	506.83211	640.22388
APO_035	6	1	647.79328	598.78358	250.96642	594.88806
APO_035	7	0	1134.15215	543.26866	980.61910	535.40299
APO_035	7	1	988.59077	483.82836	831.02833	476.46642
APO_035	8	0	737.05666	199.88806	547.36936	206.85075
APO_035	8	1	595.52466	246.23134	410.37041	254.70522
APO_035	9	0	748.05247	399.12687	538.86149	394.80224
APO_035	9	1	543.05771	375.45149	307.67576	376.16418
APO_035	10	0	1187.67366	683.05970	940.57083	674.77239
APO_035	10	1	540.96957	466.67164	332.32949	458.22761
APO_035	11	0	862.84680	464.67537	612.54565	459.11940
APO_035	11	1	685.05037	447.04478	450.86674	443.00000
APO_035	12	0	906.66632	548.79851	531.95803	541.22761
APO_035	12	1	730.38090	522.60448	394.45540	519.06343
APO_035	13	0	777.22246	361.41045	533.97272	360.38806
APO_035	13	1	562.49528	344.84328	326.62329	340.36940
APO_035	14	0	887.67366	678.11940	488.25498	664.53358
APO_035	14	1	647.42183	616.16045	263.61700	612.14552
APO_035	15	0	804.56768	746.12313	320.02833	740.09328
APO_035	15	1	561.29381	723.95896	109.80063	720.39179
APO_035	16	0	482.68835	226.98507	316.61175	236.02239
APO_035	16	1	286.25603	183.66418	112.62434	196.22761
APO_035	17	0	963.37251	573.58582	616.36936	564.66791
APO_035	17	1	779.02833	538.32463	453.17943	532.42910
APO_035	18	0	761.03043	523.47388	416.41133	516.30970
APO_035	18	1	538.91081	483.67910	215.06821	477.50373
APO_035	19	0	1030.29171	522.26119	770.94229	510.17164
APO_035	19	1	853.50262	467.35448	616.81847	465.84328
APO_035	20	0	1046.91291	575.15299	727.12277	565.58209
APO_035	20	1	862.06506	526.79478	572.99895	521.75746
APO_035	21	0	1283.35782	650.82090	983.16894	636.71642
APO_035	21	1	1849.48583	832.16418	1408.26863	805.97015
APO_035	22	0	579.21406	423.11940	288.10073	418.65299
APO_035	22	1	298.16474	298.69776	35.25708	297.25373
APO_035	23	0	1604.61175	767.70896	1136.16684	743.42910
APO_035	23	1	672.54669	487.81343	407.35887	485.14552
APO_035	24	0	1748.75131	787.83582	1309.54879	759.62687
APO_035	24	1	1017.41868	660.89552	687.00944	644.77612
APO_036	0	0	723.27387	1011.49254	204.89927	1018.54478
APO_036	0	1	1081.88877	1045.74627	520.47954	1019.04851
APO_036	1	0	1295.43232	965.65299	996.70409	925.91045
APO_036	1	1	1628.89507	1065.89552	1222.34942	1047.81343
APO_036	2	0	1437.15320	821.43657	1093.35152	805.56343
APO_036	2	1	1749.93389	854.68284	1332.09234	828.73507
APO_036	3	0	1497.50577	919.14179	1067.66422	898.25000
APO_036	3	1	1892.80168	922.36940	1333.95698	886.44403
APO_036	4	0	1036.71563	490.55597	616.50577	473.78358
APO_036	4	1	1343.45226	457.81343	862.80168	436.00373
APO_036	5	0	916.75236	920.37313	439.32949	915.10075
APO_036	5	1	1186.72088	795.44776	663.46380	787.65672
APO_036	6	0	671.18258	800.83955	298.30115	794.70896
APO_036	6	1	969.86044	784.72015	568.77335	771.53731
APO_036	7	0	811.69360	898.47761	464.34837	890.63806
APO_036	7	1	1040.36097	869.76493	755.47114	860.41418
APO_036	8	0	1011.37461	642.76119	497.62854	624.62687
APO_036	8	1	1269.25498	594.40299	826.02308	576.26866
APO_036	9	0	1018.36621	799.54851	542.65687	789.95149
APO_036	9	1	1321.29591	735.97761	782.90871	718.42164
APO_036	10	0	471.22350	762.70522	445.53515	748.23134
APO_036	10	1	1157.96852	520.16045	1105.85414	513.33955
APO_036	11	0	1340.55719	619.80597	1118.07555	611.58582
APO_036	11	1	1557.13641	625.85075	1296.37566	612.08955
APO_036	12	0	1579.51731	618.47388	1294.86464	602.51866
APO_036	12	1	1844.95278	637.61567	1505.52361	618.82836
APO_036	13	0	992.73452	588.94403	588.28961	566.19403
APO_036	13	1	1419.88353	427.19030	970.76600	413.91791
APO_037	0	0	647.48059	417.14179	579.71983	414.17910
APO_037	0	1	846.43127	380.87313	775.64848	374.38433
APO_037	1	0	1097.12802	727.20896	853.98846	720.37687
APO_037	1	1	1476.89717	771.03358	1196.98951	756.64552
APO_037	2	0	1186.84050	778.28731	917.52466	767.35448
APO_037	2	1	1601.69255	893.36567	1231.81637	871.62687
APO_037	3	0	1209.50577	805.04478	906.43232	791.13433
APO_037	3	1	1616.43547	818.47388	1270.53095	803.62313
APO_037	4	0	1040.74502	648.52239	589.29276	637.39179
APO_037	4	1	1313.23190	667.16045	827.52991	647.46642
APO_037	5	0	976.08290	565.43657	862.78909	556.94776
APO_037	5	1	1153.87933	590.62313	1025.97901	578.60821
APO_037	6	0	1440.31584	649.97388	1248.08290	638.20896
APO_037	6	1	1775.25813	706.89552	1540.67366	689.88433
APO_037	7	0	838.11123	955.07463	473.45226	945.00000
APO_037	7	1	1853.51522	896.64179	1420.35677	868.43284
APO_037	8	0	1124.30010	783.00373	830.74502	773.92164
APO_037	8	1	1283.96432	671.67910	959.68520	659.07090
APO_037	9	0	1173.66002	819.77612	898.74082	807.16791
APO_037	9	1	1332.82057	705.42910	1064.44911	692.31716
APO_037	10	0	1383.63064	1005.95149	835.45855	980.26119
APO_037	10	1	1788.03778	946.00746	1127.58867	910.74627
APO_037	11	0	1316.19727	688.23881	853.42497	671.41045
APO_037	11	1	1613.36411	653.48134	1051.36831	629.09701
APO_037	12	0	1325.07240	747.90672	1034.06506	736.29104
APO_037	12	1	1608.64008	674.86567	1251.65163	660.22761
APO_037	13	0	1225.03568	558.53358	907.31480	544.84328
APO_037	13	1	1580.83631	553.55597	1207.28437	539.08955
APO_037	14	0	1414.31270	945.00000	991.22770	924.85075
APO_037	14	1	1766.88353	876.49254	1271.26967	848.28358
APO_037	15	0	1317.60756	842.23881	942.87513	824.10448
APO_037	15	1	1599.66422	785.82090	1194.71144	765.67164
APO_037	16	0	1462.81112	725.92910	1189.50997	714.81716
APO_037	16	1	1722.70619	653.39179	1446.38300	642.78358
APO_037	17	0	1618.19937	737.31343	1427.61175	730.75000
APO_037	17	1	1398.09444	687.44403	1211.53620	690.95522
APO_037	18	0	1497.52466	684.55597	1035.27807	668.13433
APO_037	18	1	1801.23924	690.09701	1349.52676	664.08955
APO_037	19	0	682.10178	728.06343	559.79643	716.72015
APO_037	19	1	916.81322	673.66045	782.41973	665.84328
APO_039	0	0	288.96957	331.92537	44.82686	348.00000
APO_039	0	1	532.24344	305.73134	339.97901	322.30970
APO_039	1	0	1423.35152	329.51119	1098.06506	356.57836
APO_039	1	1	1859.55929	240.73881	1507.15215	275.86567
APO_039	2	0	1075.64953	165.91791	948.72298	185.80224
APO_039	2	1	1236.32109	152.31716	1122.49003	173.20896
APO_039	3	0	1227.75866	234.42537	1065.07135	254.30970
APO_039	3	1	1427.60021	188.53731	1260.06716	209.45896
APO_039	4	0	1197.61280	374.17910	902.69465	393.95522
APO_039	4	1	1363.82476	302.14552	1093.08290	333.50746
APO_039	5	0	924.20881	374.02985	615.75236	388.54851
APO_039	5	1	1112.07870	306.02612	834.84995	328.10075
APO_039	6	0	870.00210	269.08955	656.75236	289.75746
APO_039	6	1	1055.35362	252.46642	858.22141	273.13433
APO_039	7	0	1279.13851	179.59328	1170.17524	201.20896
APO_039	7	1	1472.54879	140.80597	1364.59286	155.36940
APO_039	8	0	1378.86569	265.22761	1230.61595	283.82090
APO_039	8	1	1590.91186	196.72015	1416.47114	217.32836
APO_039	9	0	1139.35152	501.02985	620.62015	519.57836
APO_039	9	1	1522.45331	510.10075	935.91920	525.11940
APO_039	10	0	1822.40504	543.89552	1313.17419	564.53358
APO_039	10	1	1458.75341	542.38433	1030.11018	564.53358
APO_039	11	0	1608.22665	361.48134	1341.33683	386.75746
APO_039	11	1	1838.40504	325.21269	1566.47849	357.54104
APO_039	12	0	801.79643	396.92537	609.43652	416.69776
APO_039	12	1	1913.95593	251.74627	1634.22560	278.52985
APO_039	13	0	1267.24029	554.10448	813.93494	582.31343
APO_039	13	1	1899.85310	731.41791	1216.87303	747.53731
APO_039	14	0	961.58342	236.34701	777.52046	262.66045
APO_039	14	1	1128.29906	223.75373	953.30220	244.52612
APO_039	15	0	960.57608	135.60075	765.93599	157.88433
APO_039	15	1	1130.81742	159.27612	951.79119	183.07090
APO_039	16	0	739.81847	207.02985	588.64323	228.40672
APO_039	16	1	913.58552	206.52612	758.38090	227.39925
APO_039	17	0	921.27072	12.59328	761.90661	44.83209
APO_039	17	1	1080.93494	77.07090	926.10388	99.73881
APO_039	18	0	1108.68625	0.50373	920.56348	25.69030
APO_039	18	1	1289.00105	49.36567	1095.49738	71.52985
APO_039	19	0	687.12382	385.48507	296.28541	394.62313
APO_039	19	1	890.10388	278.19030	582.87513	289.84701
APO_039	20	0	1299.27072	367.26119	1004.96957	386.44776
APO_039	20	1	1484.11857	263.49254	1203.92025	293.25746
APO_039	21	0	1434.19412	804.91791	673.16789	820.35075
APO_039	21	1	1801.63694	621.30224	1050.13746	638.73134
APO_039	22	0	1911.94124	278.05970	1500.78489	333.91045
APO_039	22	1	1112.10913	584.32836	694.16055	605.52239
APO_040	0	0	1713.94229	508.37687	1366.07870	504.12687
APO_040	0	1	1511.46590	505.35448	1191.30430	498.08209
APO_040	1	0	1005.62225	435.77985	797.75131	430.54104
APO_040	1	1	776.95488	392.96269	584.19412	393.26493
APO_040	2	0	697.41973	538.24627	371.43127	534.49627
APO_040	2	1	391.69045	495.93284	103.47744	491.17537
APO_040	3	0	810.04827	456.15672	601.79224	453.17910
APO_040	3	1	631.24449	431.47388	445.15005	424.46642
APO_040	4	0	1028.64113	313.42164	706.41343	307.43657
APO_040	4	1	868.97692	377.39552	554.30430	369.89925
APO_040	5	0	1423.58552	630.56343	1043.23295	617.63060
APO_040	5	1	1172.75656	643.66045	848.31165	638.78731
APO_040	6	0	958.82791	513.97761	551.39454	503.29851
APO_040	6	1	658.63903	498.36194	245.16159	489.69776
APO_040	7	0	1711.53725	426.89552	1429.48269	420.37687
APO_040	7	1	1452.64953	473.74254	1221.46590	468.23134
APO_040	8	0	1303.59286	475.20896	1135.13012	469.39925
APO_040	8	1	1113.20462	464.12687	933.66107	457.30970
APO_040	9	0	1022.47849	202.80597	935.60021	200.28731
APO_040	9	1	721.28227	271.31343	654.55089	272.82463
APO_040	10	0	900.97901	390.65299	661.90556	383.82463
APO_040	10	1	690.94753	375.54104	459.93284	380.29851
APO_040	11	0	915.58552	442.03358	641.25498	434.70149
APO_040	11	1	692.45855	476.79104	366.24974	468.95522
APO_040	12	0	619.76180	507.00000	348.86149	501.26866
APO_040	12	1	312.01784	501.45896	33.05876	505.80224
APO_040	13	0	1246.29171	470.51119	992.74711	460.88060
APO_040	13	1	1037.77125	504.26119	774.15320	499.66791
APO_040	14	0	1197.93914	602.48881	888.99056	593.36194
APO_040	14	1	969.27177	521.89179	681.98111	518.80970
APO_040	15	0	1240.75131	535.36194	843.42812	520.73507
APO_040	15	1	961.21301	512.69403	586.55509	511.16418
APO_040	16	0	906.49003	582.45522	544.90556	571.31343
APO_040	16	1	646.59496	508.40672	293.06925	505.82836
APO_040	17	0	953.00105	140.40672	438.73662	119.70896
APO_040	17	1	750.02099	266.84328	225.68311	246.14552
APO_040	18	0	936.48269	613.63060	539.58972	606.00000
APO_040	18	1	722.92550	558.22015	343.15740	548.07090
APO_040	19	0	785.20357	458.03731	481.14481	448.84701
APO_040	19	1	363.56873	412.03731	19.13221	404.46642
APO_040	20	0	563.85414	432.91045	424.30220	432.45149
APO_040	20	1	362.88877	411.25000	228.37356	409.78358
APO_040	21	0	531.49738	148.28731	238.23715	143.99254
APO_040	21	1	304.84470	157.35448	33.74607	161.11940
APO_041	0	0	751.29696	705.00000	632.72298	698.15672
APO_041	0	1	1092.28332	688.37687	944.49633	685.56343
APO_041	1	0	825.54250	594.84328	813.73767	587.86567
APO_041	1	1	1396.66737	640.47388	1340.49003	636.90299
APO_041	2	0	1339.23400	642.25373	1183.24134	633.98507
APO_041	2	1	1511.49003	606.99254	1362.54879	600.23507
APO_041	3	0	1405.88458	684.14925	1205.95488	679.22015
APO_041	3	1	1601.30955	684.65299	1413.46800	681.23507
APO_041	4	0	1224.18993	697.10448	1000.00630	689.81343
APO_041	4	1	1449.83526	717.25373	1234.21406	709.96269
APO_041	5	0	1872.15110	768.12687	1572.94229	757.97761
APO_041	5	1	1610.74502	771.14925	1310.02518	761.50373
APO_041	6	0	1035.18993	779.59328	767.17943	768.29104
APO_041	6	1	1224.57083	771.53358	1012.97167	761.74254
APO_041	7	0	862.45645	873.46642	580.91710	860.50373
APO_041	7	1	498.80483	928.37313	170.59077	914.87687
APO_041	8	0	1339.76915	787.83582	1132.25603	777.76119
APO_041	8	1	1845.45645	679.02985	1750.76600	681.04478
APO_041	9	0	1221.84785	766.89925	1000.75236	762.86940
APO_041	9	1	1346.75866	663.13060	1134.22560	653.55970
APO_041	10	0	1223.66842	774.61567	893.57188	765.59328
APO_041	10	1	1587.32004	711.64925	1266.24344	701.72388
APO_041	11	0	1046.76390	793.04851	735.80378	781.75746
APO_041	11	1	1324.28751	636.89179	978.07030	625.09701
APO_041	12	0	906.69360	107.79851	860.38825	103.76866
APO_041	12	1	1024.04932	126.43657	977.24029	117.36940
APO_041	13	0	1205.94019	822.26493	957.94019	820.48881
APO_041	13	1	1653.14481	799.59328	1414.61175	792.12687
APO_042	0	0	630.90661	832.08955	204.00630	864.69776
APO_042	0	1	1038.36516	791.41418	697.20776	809.31716
APO_042	1	0	994.61910	485.02985	299.51626	502.55597
APO_042	1	1	822.36306	505.17910	98.55089	525.22388
APO_042	2	0	1008.21826	539.93657	357.94229	562.50000
APO_042	2	1	884.31480	573.18284	247.63799	596.25000
APO_042	3	0	1079.14481	640.59328	363.38720	666.04478
APO_042	3	1	908.90346	670.81716	160.40714	701.80970
APO_042	4	0	1074.01994	569.46642	290.61910	595.14179
APO_042	4	1	889.67576	605.73507	115.34103	631.91418
APO_042	5	0	1481.31375	416.94030	1204.78489	463.43284
APO_042	5	1	1357.91396	446.66045	1029.00210	513.16418
APO_042	6	0	1117.05666	676.27239	512.52361	701.90299
APO_042	6	1	991.13851	756.86940	364.94753	789.04851
APO_042	7	0	1657.11123	507.00000	1425.92760	517.57836
APO_042	7	1	1424.91815	501.45896	1207.33368	513.54851
APO_042	8	0	1407.96747	784.94030	1137.96852	799.60821
APO_042	8	1	1194.41028	806.60075	931.46275	825.29851
APO_042	9	0	995.87723	602.19030	872.90661	611.97015
APO_042	9	1	1161.58552	630.39925	1030.55614	643.20149
APO_042	10	0	1233.41658	717.72761	1079.20357	727.69776
APO_042	10	1	666.95908	658.62687	562.33998	669.67910
APO_042	11	0	1715.19517	796.97388	1316.79119	806.82463
APO_042	11	1	1292.11018	721.41418	1013.58027	739.82836
APO_042	12	0	1093.91291	832.39925	810.71773	846.29104
APO_042	12	1	828.98111	812.75373	592.12382	827.14925
APO_042	13	0	951.37356	919.04104	551.83001	935.95522
APO_042	13	1	611.52781	955.57836	174.92550	983.78731
APO_042	14	0	1202.35257	800.30970	949.16789	820.24627
APO_042	14	1	1566.00420	858.23881	1273.90241	869.75000
APO_042	15	0	727.20672	766.41045	379.26967	779.57836
APO_042	15	1	483.42917	637.45522	71.02204	657.17164
APO_042	16	0	1014.89822	419.64552	864.68206	431.47388
APO_042	16	1	752.98846	418.63806	574.39979	430.00746
APO_043	0	0	1246.15635	809.95522	968.64953	803.85075
APO_043	0	1	1712.50472	843.28731	1327.92760	839.74627
APO_043	1	0	1176.23400	736.12687	897.17209	728.64552
APO_043	1	1	1489.86149	635.70896	1230.09969	634.44776
APO_043	2	0	979.95068	411.35448	954.32214	399.38433
APO_043	2	1	1152.71039	441.07463	1127.58552	428.60075
APO_043	3	0	1333.72508	902.68657	1003.31584	900.67164
APO_043	3	1	1835.38300	1009.47761	1394.16579	1005.44776
APO_043	4	0	745.28541	698.00746	632.16369	674.86567
APO_043	4	1	1600.18468	689.35448	1427.95698	702.55597
APO_043	5	0	1250.60126	673.99254	987.06506	669.51119
APO_043	5	1	1427.89402	670.97015	1175.94229	665.48134
APO_043	6	0	1426.62015	671.18657	1224.29486	667.49627
APO_043	6	1	1575.70724	638.44403	1390.59706	639.97015
APO_043	7	0	1435.68625	558.35075	1249.06506	557.35821
APO_043	7	1	1597.36516	543.23881	1433.40923	535.69776
APO_043	8	0	1315.99475	483.14925	1167.16789	475.08955
APO_043	8	1	1486.73977	467.53358	1341.94229	461.99254
APO_043	9	0	954.73767	567.70522	772.09444	549.43284
APO_043	9	1	1073.10073	494.16045	910.60441	482.43657
APO_043	10	0	1042.51312	742.79104	910.10178	730.22761
APO_043	10	1	1631.88667	720.49627	1483.40189	726.97015
APO_043	11	0	1762.85414	445.29851	983.16894	449.32836
APO_043	11	1	1261.19622	509.77612	638.65687	503.73134
APO_043	12	0	997.01679	668.77612	829.39559	653.92537
APO_043	12	1	1175.31689	701.51866	1012.73242	694.72761
APO_043	13	0	741.84785	616.47388	582.87723	593.17164
APO_043	13	1	903.02308	590.27985	758.65897	571.00746
APO_043	14	0	811.92025	902.68657	477.48164	876.49254
APO_043	14	1	1575.48793	455.37313	1196.72613	449.32836
APO_043	15	0	1128.22665	707.23881	815.94963	687.08955
APO_043	15	1	1287.38720	608.50746	989.21301	598.43284
APO_043	16	0	906.63799	573.73134	805.82581	555.40672
APO_043	16	1	1016.94229	567.68657	923.68520	553.89552
APO_043	17	0	1172.66422	762.18657	876.46170	751.40299
APO_043	17	1	1337.86884	664.46269	1059.79853	659.22015
APO_043	18	0	1240.66002	829.68657	939.92445	819.40672
APO_043	18	1	1450.69150	766.21642	1133.33473	763.99627
APO_044	0	0	1558.72193	915.39179	1127.28856	919.81343
APO_044	0	1	1242.08395	903.69403	814.33368	912.25746
APO_044	1	0	1219.25498	839.01866	856.15215	846.72761
APO_044	1	1	935.18363	683.86940	624.96642	689.05970
APO_044	2	0	1787.52256	911.97388	1367.05666	930.05970
APO_044	2	1	1486.32634	864.11940	1155.51417	877.67164
APO_044	3	0	888.43127	747.31343	678.70724	752.52612
APO_044	3	1	736.82581	716.58582	512.99895	714.74627
APO_044	4	0	551.41028	647.41045	478.49528	644.71269
APO_044	4	1	707.54879	667.05597	633.12277	668.38806
APO_044	5	0	574.46275	783.25746	396.94753	780.70522
APO_044	5	1	1151.03778	747.39925	913.93914	758.25746
APO_044	6	0	692.78069	562.59328	543.45750	564.73507
APO_044	6	1	600.10493	550.00000	448.26338	548.11194
APO_044	7	0	643.42078	492.07090	528.34732	494.71642
APO_044	7	1	556.28541	489.04851	436.67891	490.68657
APO_044	8	0	573.91396	634.62687	461.86254	629.21269
APO_044	8	1	470.15740	640.67164	361.63169	631.73134
APO_044	9	0	967.43652	685.02985	725.64218	691.20149
APO_044	9	1	1282.23190	693.08955	1048.62644	703.82836
APO_044	10	0	1326.82057	925.60075	977.95383	932.05970
APO_044	10	1	977.27177	945.24627	611.88458	945.50373
APO_045	0	0	1152.35572	708.38806	693.00315	703.63806
APO_045	0	1	1644.93494	670.30224	1161.42392	664.85075
APO_045	1	0	1482.81112	748.42164	1321.32214	757.14925
APO_045	1	1	1624.84680	755.47388	1457.81742	764.20149
APO_045	2	0	1671.76600	696.45149	1303.96432	694.58582
APO_045	2	1	1466.26758	653.63433	1145.30745	652.27239
APO_045	3	0	1787.66632	844.36940	1509.13746	850.88806
APO_045	3	1	1487.98111	840.33955	1259.31584	845.34701
APO_045	4	0	1687.30325	695.69030	1485.55404	702.16791
APO_045	4	1	1906.90451	802.98507	1709.68835	820.04104
APO_045	5	0	1251.61280	675.94776	995.38825	675.61567
APO_045	5	1	1406.24029	644.71642	1127.35047	642.87313
APO_045	6	0	1248.59077	703.65299	1015.03148	701.30597
APO_045	6	1	1378.03463	596.35821	1159.08185	595.01866
APO_045	7	0	1245.06506	782.23507	968.18993	780.39179
APO_045	7	1	1394.65582	735.38806	1076.98321	728.00373
APO_045	8	0	1738.69570	738.38060	1472.51941	740.80970
APO_045	8	1	1479.30430	691.53358	1239.82267	691.44403
APO_045	9	0	1390.18363	801.36194	1211.95488	805.25746
APO_045	9	1	1877.69150	861.97015	1606.18468	877.54104
APO_045	10	0	1472.89927	761.81716	1232.66422	761.56343
APO_045	10	1	1787.53410	784.05224	1490.04092	789.77239
APO_045	11	0	1665.64533	618.19403	1566.92550	624.41418
APO_045	11	1	1887.76495	609.12687	1800.62959	618.36940
APO_045	12	0	1094.55404	725.59328	961.87723	725.30970
APO_045	12	1	1718.79853	712.80597	1545.84575	717.85821
APO_045	13	0	1408.34418	655.75373	1275.66737	655.00746
APO_045	13	1	1708.96118	673.05224	1570.90976	679.24627
APO_045	14	0	1673.20042	725.20896	1515.73033	735.97761
APO_045	14	1	1848.47849	720.67537	1697.55614	730.43657
APO_045	15	0	1024.61280	639.75000	867.24869	638.23881
APO_045	15	1	1262.34627	550.58955	1130.66946	546.05597
APO_045	16	0	1156.25603	547.36194	983.86254	545.85075
APO_045	16	1	1422.69885	590.17910	1244.26128	589.67537
APO_045	17	0	1527.35887	909.70522	1090.10913	904.38433
APO_045	17	1	1702.13326	889.55597	1251.28437	880.20522
APO_045	18	0	1569.28541	741.28358	1286.91081	742.11194
APO_045	18	1	1750.60756	714.08209	1425.42078	715.41418
APO_045	19	0	1241.49108	628.41418	997.17943	625.63433
APO_045	19	1	1454.04092	657.12687	1169.43547	655.85821
APO_045	20	0	800.49528	593.42164	531.41028	588.54851
APO_045	20	1	922.88772	528.44030	681.00105	520.04104
APO_045	21	0	1049.79643	663.29478	824.04617	655.58582
APO_045	21	1	1181.25498	663.29478	966.58552	661.12687
APO_046	0	0	1386.15215	541.56343	1309.11962	534.45896
APO_046	0	1	1299.52046	518.89552	1218.96222	512.79851
APO_046	1	0	1102.03568	652.83582	660.81847	640.74627
APO_046	1	1	793.78804	693.13433	352.57083	693.13433
APO_046	2	0	830.49003	563.49627	708.63379	557.40672
APO_046	2	1	669.81847	580.11940	566.09444	580.07463
APO_046	3	0	969.40294	445.60448	766.57188	440.88060
APO_046	3	1	1150.22141	494.46642	923.71773	486.21642
APO_046	4	0	834.50472	660.19776	460.22980	652.96269
APO_046	4	1	585.69045	675.81343	255.23505	678.14925
APO_046	5	0	978.92865	591.28731	761.35572	586.61940
APO_046	5	1	1186.94544	658.78731	964.83945	650.59328
APO_046	6	0	1099.84050	678.62313	880.81847	676.13433
APO_046	6	1	1336.06296	683.15672	1098.40504	677.14179
APO_046	7	0	841.72088	381.82836	493.67786	374.66791
APO_046	7	1	445.83421	391.39925	79.07660	385.32463
APO_046	8	0	1609.66212	174.18284	1362.87618	163.41418
APO_046	8	1	1248.52886	199.87313	1040.58657	187.77239
APO_046	9	0	977.44596	605.00746	765.20672	600.98881
APO_046	9	1	800.65687	574.27985	564.24134	572.27612
APO_046	10	0	820.60756	695.11940	565.83526	690.95522
APO_046	10	1	595.46590	691.08955	296.87408	688.94030
APO_046	11	0	883.67366	803.22388	520.60021	797.42910
APO_046	11	1	649.96957	811.28358	177.59916	808.51119
APO_046	12	0	1219.09129	573.06716	835.38090	563.89552
APO_046	12	1	1621.97587	580.97761	1158.07135	564.04478
APO_046	13	0	1049.75026	679.52985	827.85414	674.53358
APO_046	13	1	745.53200	618.07463	524.64323	618.61940
APO_046	14	0	1755.76180	587.60075	1599.99370	579.43657
APO_046	14	1	1557.81847	569.46642	1410.10913	563.31716
APO_046	15	0	1326.68835	677.60075	1127.16999	671.33955
APO_046	15	1	1152.41763	638.81343	969.52046	633.05597
APO_046	16	0	908.58972	351.14179	775.70724	350.66791
APO_046	16	1	801.30745	330.48881	663.89192	332.53358
APO_046	17	0	778.64218	378.34328	662.38090	379.38060
APO_046	17	1	662.79748	368.77239	550.56558	370.31343
APO_046	18	0	765.87618	880.90672	228.16369	885.76493
APO_046	18	1	599.16055	730.79478	15.61385	735.65299
APO_046	19	0	562.63694	541.40672	348.48688	538.57090
APO_046	19	1	362.67891	506.14552	97.15425	504.82090
APO_046	20	0	426.05456	682.86194	18.13221	685.72015
APO_046	20	1	801.29066	626.44403	497.23295	620.94776
APO_046	21	0	1063.20357	783.29851	625.74397	774.21642
APO_046	21	1	871.30430	680.53731	385.49213	676.99627
APO_046	22	0	735.22560	691.16045	353.65582	685.53358
APO_046	22	1	528.21616	653.38060	26.19098	651.48134
APO_047	0	0	1194.00210	515.59328	677.99895	499.72761
APO_047	0	1	1326.46800	497.96269	814.99790	479.57836
APO_047	1	0	1372.30220	532.72015	791.82896	510.30597
APO_047	1	1	1532.73662	524.26493	926.81322	499.72761
APO_047	2	0	1416.32739	723.35821	787.74397	685.07463
APO_047	2	1	1573.47324	812.01493	916.68416	767.68657
APO_047	3	0	1265.22560	638.73134	658.80378	606.49254
APO_047	3	1	1382.07765	709.25373	795.80273	668.95522
APO_047	4	0	1171.21196	676.57836	450.98741	662.77612
APO_047	4	1	1345.98636	672.04478	603.09654	651.69403
APO_047	5	0	1062.41868	583.89179	403.64218	566.05970
APO_047	5	1	1215.53515	611.59701	522.00525	590.74254
APO_047	6	0	814.87723	570.41418	82.09864	565.89552
APO_047	6	1	966.48269	576.45896	271.98321	562.36940
APO_047	7	0	794.93599	465.68284	349.73033	456.63060
APO_047	7	1	901.21091	443.01493	468.59706	431.94776
APO_047	8	0	920.67891	749.53358	111.81532	762.30597
APO_047	8	1	1065.23295	720.82090	240.75551	719.99254
APO_047	9	0	1358.90661	752.91045	1154.78909	732.52612
APO_047	9	1	1581.02623	840.55970	1331.07450	812.61940
APO_047	10	0	1317.10178	747.87313	1019.32739	725.62313
APO_047	10	1	1040.25498	709.56343	745.32949	697.91791
APO_047	11	0	1278.83945	789.01493	1045.50472	778.15672
APO_047	11	1	598.35467	717.54851	393.98111	711.50000
APO_047	12	0	1210.73662	821.11940	916.14481	803.72761
APO_047	12	1	892.96118	678.97015	630.05876	667.21642
APO_047	13	0	1014.71773	788.06716	704.71773	778.29104
APO_047	13	1	645.02204	706.46269	318.62329	712.80597
APO_047	14	0	987.18153	951.54851	560.61175	939.98507
APO_047	14	1	576.10913	990.83955	83.16894	1010.48507
APO_047	15	0	1005.32844	751.71269	803.72508	740.52612
APO_047	15	1	750.97377	692.77612	583.62015	689.64925
APO_048	0	0	791.00839	694.82090	408.79958	685.29478
APO_048	0	1	525.57293	755.26866	19.64323	744.97015
APO_048	1	0	1555.13746	842.66418	836.09654	836.19403
APO_048	1	1	1238.64848	998.89925	386.82057	1009.47761
APO_048	2	0	1247.81952	734.85448	451.29066	739.47761
APO_048	2	1	1603.91605	581.21642	1017.41868	584.32836
APO_048	3	0	1297.23820	563.88060	888.13116	575.14179
APO_048	3	1	1755.71773	497.22015	1272.75131	524.79851
APO_048	4	0	728.30640	735.69776	411.72928	722.20149
APO_048	4	1	488.55824	724.11194	136.22036	705.57836
APO_048	5	0	676.85834	505.24254	432.91710	494.00746
APO_048	5	1	355.92865	553.19403	74.54355	524.43657
APO_048	6	0	872.68206	289.45149	639.31480	285.95522
APO_048	6	1	1044.53830	314.35448	809.81112	316.51493
APO_048	7	0	1296.35152	629.57090	1051.24869	644.66791
APO_048	7	1	1703.43861	650.72761	1407.33263	678.95522
APO_048	8	0	1228.96118	570.22388	1055.69780	580.29851
APO_048	8	1	1702.50472	563.40672	1561.39874	594.85821
APO_048	9	0	1190.68206	812.01493	676.93599	820.07463
APO_048	9	1	1599.66422	810.00000	1106.06506	814.02985
APO_048	10	0	1472.97482	530.66045	1332.75866	548.18657
APO_048	10	1	1156.16474	492.88060	1041.13221	502.34701
APO_048	11	0	1303.50472	568.20896	1152.87303	585.54104
APO_048	11	1	781.69990	628.65672	558.33263	620.60821
APO_049	0	0	1354.42078	299.39179	518.83211	314.72388
APO_049	0	1	1179.64638	418.77612	307.28961	402.87687
APO_049	1	0	1271.31375	390.99254	554.84680	402.88060
APO_049	1	1	1120.71563	386.45896	450.08290	396.83582
APO_049	2	0	1075.84470	562.16418	201.46905	576.26866
APO_049	2	1	1291.49003	608.53358	458.71773	619.57090
APO_049	3	0	1391.63379	482.18657	754.96852	496.49627
APO_049	3	1	1255.64218	422.74627	660.27807	439.07090
APO_049	4	0	1296.35047	677.75373	683.72928	690.69776
APO_049	4	1	1177.48374	628.89179	611.20042	639.82090
APO_049	5	0	1005.33054	372.76119	258.38405	381.49627
APO_049	5	1	857.66422	392.00000	129.94753	394.08955
APO_049	6	0	681.95383	420.43657	386.48688	436.86567
APO_049	6	1	581.72298	441.59328	275.17524	456.51119
APO_049	7	0	1006.96852	571.86567	586.20776	587.40672
APO_049	7	1	904.21931	575.89552	501.59077	591.43657
APO_049	8	0	1006.64848	297.11194	299.56034	302.10448
APO_049	8	1	857.56139	264.36940	53.76810	255.25746
APO_049	9	0	1306.41973	748.80970	958.79538	762.51119
APO_049	9	1	959.38930	649.57463	620.20776	666.30224
APO_049	10	0	783.56348	758.31716	479.60756	773.54851
APO_049	10	1	575.04302	749.25000	211.15005	766.49627
APO_049	11	0	649.93494	818.97761	300.18888	835.26866
APO_049	11	1	438.89612	819.98507	82.09864	839.29851
APO_049	12	0	983.64113	698.64552	794.06401	711.16418
APO_049	12	1	764.03987	701.66791	554.31584	719.72761
APO_049	13	0	1558.24344	722.90672	1340.56768	745.81716
APO_049	13	1	862.77020	653.42164	651.99895	669.49627
APO_049	14	0	572.77545	779.62313	241.34103	799.64179
APO_049	14	1	1028.14166	666.02985	766.21511	686.54104
APO_049	15	0	1191.40504	957.64552	656.78909	977.23881
APO_049	15	1	883.66107	1008.01866	247.80693	1045.74627
APO_049	16	0	868.59286	775.05970	501.94648	791.97761
APO_049	16	1	569.41133	860.69403	162.04302	884.63433
APO_049	17	0	1537.29906	629.28731	1346.71459	649.43657
APO_049	17	1	1337.84470	616.19030	1149.77859	634.32463
APO_050	0	0	1376.92130	650.41418	1161.31794	649.86567
APO_050	0	1	1528.52676	661.49627	1301.33893	651.88060
APO_050	1	0	789.54879	528.80970	537.86884	525.39179
APO_050	1	1	541.74187	471.88806	304.16474	468.97388
APO_050	2	0	1317.82371	330.43284	675.40609	315.74627
APO_050	2	1	971.80063	400.45149	415.00735	389.79478
APO_050	3	0	1466.81007	565.75746	1251.18153	557.81716
APO_050	3	1	1319.73767	537.54851	1120.22665	531.62313
APO_050	4	0	920.40923	824.69403	543.91291	818.54851
APO_050	4	1	674.61700	839.80597	342.44386	839.20149
APO_050	5	0	839.97482	505.73134	535.06716	500.39552
APO_050	5	1	484.88562	308.26866	43.31584	296.54478
APO_050	6	0	772.26967	588.44403	532.28437	585.23134
APO_050	6	1	522.44806	509.35821	310.16474	506.64925
APO_050	7	0	637.13851	274.06716	443.21196	276.47388
APO_050	7	1	896.02623	286.66045	710.66212	289.06716
APO_050	8	0	845.70724	662.89179	573.91291	658.62313
APO_050	8	1	629.12802	604.45896	272.21301	596.66418
APO_050	9	0	748.73242	616.55224	387.24029	611.48507
APO_050	9	1	473.22350	493.64179	20.65058	486.62687
APO_050	10	0	1011.44596	647.94403	500.86149	639.47015
APO_050	10	1	766.66107	508.91418	251.54355	503.46269
APO_050	11	0	803.48269	347.23134	568.68101	342.97761
APO_050	11	1	596.97692	318.01493	332.96222	316.78358
APO_050	12	0	1608.72928	467.91791	1456.75446	464.05224
APO_050	12	1	1362.43337	422.07836	1218.01364	414.18284
APO_050	13	0	947.43127	672.65299	603.10808	664.69776
APO_050	13	1	750.49528	580.97388	409.69780	576.04104
APO_050	14	0	782.48269	546.72015	476.68625	539.26866
APO_050	14	1	586.05037	401.64552	238.58762	394.38806
APO_050	15	0	901.24029	271.65299	753.20357	268.54104
APO_050	15	1	763.23400	307.92164	626.78174	307.32836
APO_050	16	0	495.82476	184.28731	289.97587	188.31716
APO_050	16	1	298.38510	133.41045	89.01049	144.49254
APO_050	17	0	856.69990	633.66045	374.13326	627.52612
APO_050	17	1	614.93704	629.63060	112.72718	629.03731
APO_050	18	0	786.68940	560.61940	417.95278	553.47761
APO_050	18	1	591.76810	521.32836	237.63799	516.20149
APO_050	19	0	760.89822	428.66045	504.24029	424.48134
APO_050	19	1	583.60546	401.45896	342.56139	397.27985
APO_050	20	0	648.14481	321.18657	496.68520	321.72015
APO_050	20	1	545.39559	317.66045	408.54250	319.70522
APO_050	21	0	1403.14586	624.76866	1183.45435	620.90299
APO_050	21	1	1603.10388	643.91045	1341.10388	632.99254
APO_050	22	0	640.67156	288.13433	401.80378	291.03731
APO_050	22	1	1297.35467	260.11567	942.98636	252.32090
APO_051	0	0	1166.50577	751.56716	832.06716	759.62687
APO_051	0	1	1631.89927	537.98507	1287.38720	584.32836
APO_051	1	0	1358.92130	770.20149	1049.13431	783.17910
APO_051	1	1	1535.71039	714.79104	1209.30220	724.24254
APO_051	2	0	1599.66422	780.48134	1246.27807	793.97761
APO_051	2	1	1853.01154	779.47388	1470.91605	784.91045
APO_051	3	0	1440.50367	729.40299	1196.63484	749.72388
APO_051	3	1	1832.36097	800.75000	1538.58972	815.23881
APO_051	4	0	1460.01364	771.93657	1026.26023	788.73507
APO_051	4	1	1665.00839	747.25373	1233.77335	748.94030
APO_051	5	0	1515.92130	608.72761	1204.56034	624.51866
APO_051	5	1	1708.82791	632.90672	1392.93389	643.15672
APO_051	6	0	1376.90766	710.48134	909.80797	716.43657
APO_051	6	1	1602.55299	682.77612	1144.01574	689.23507
APO_051	7	0	1053.79643	541.86567	767.72298	559.94030
APO_051	7	1	1237.63694	569.06716	960.62959	587.64552
APO_051	8	0	1031.37041	584.94776	715.84785	606.10448
APO_051	8	1	1283.71039	575.88060	949.04827	587.46642
APO_051	9	0	1607.21931	638.23881	1231.52466	645.15672
APO_051	9	1	1892.29801	570.73881	1466.73977	577.65672
APO_051	10	0	1240.70829	737.51866	682.66422	748.76493
APO_051	10	1	1665.70724	837.09701	1032.06401	830.65299
APO_051	11	0	590.30430	628.65672	193.41028	656.86567
APO_051	11	1	1714.50157	624.62687	1224.93179	626.64179
APO_051	12	0	837.94753	786.73881	402.93809	807.98507
APO_051	12	1	1083.23610	601.86940	735.36201	612.53731
APO_051	13	0	1068.12592	713.69776	600.37775	733.43284
APO_051	13	1	1269.77020	646.10448	892.50787	660.89552
APO_051	14	0	1186.16055	582.63433	906.61070	596.41791
APO_051	14	1	1370.50472	520.67537	1116.77020	524.95522
APO_051	15	0	1316.00630	808.86940	834.74502	821.80224
APO_051	15	1	1760.38300	754.46642	1181.81742	753.65299
APO_051	16	0	983.33054	708.40299	573.75236	730.08209
APO_051	16	1	1478.65163	747.50373	1016.55299	754.12687
APO_051	17	0	1209.76076	794.01119	758.16894	809.53731
APO_051	17	1	1769.40189	863.94030	1214.91291	861.76119
APO_051	18	0	318.37356	110.31716	118.36306	149.94776
APO_051	18	1	549.55929	151.11940	341.49003	183.69776
APO_051	19	0	1566.72298	754.94403	1166.48793	764.73507
APO_051	19	1	1884.74292	679.75373	1444.51522	682.62687
APO_052	0	0	1570.48374	681.04478	1383.21931	680.74254
APO_052	0	1	1662.15215	673.99254	1485.96852	668.14925
APO_052	1	0	1346.01679	700.98507	1150.46170	695.91791
APO_052	1	1	1426.60441	694.43657	1246.15950	687.85821
APO_052	2	0	533.14586	648.96269	327.42497	640.11940
APO_052	2	1	658.05666	633.34701	472.98636	627.52612
APO_052	3	0	1331.23400	473.60821	1221.86674	466.17164
APO_052	3	1	1538.74711	404.59701	1453.05247	391.61940
APO_052	4	0	1222.91710	787.83582	693.05352	783.80597
APO_052	4	1	1420.35677	737.46269	948.91920	725.37313
APO_052	5	0	878.40504	546.04478	558.06925	546.04478
APO_052	5	1	1089.85834	561.91045	790.79119	556.81343
APO_052	6	0	801.39664	670.88060	42.30850	672.02985
APO_052	6	1	1090.50472	611.94403	541.95698	604.84328
APO_052	7	0	1440.21931	812.98881	1041.60546	801.40299
APO_052	7	1	1682.98951	692.09328	1275.30955	683.52985
APO_052	8	0	723.67156	313.11194	305.94334	301.89552
APO_052	8	1	948.30955	323.18657	609.40923	317.02239
APO_052	9	0	604.35572	413.87313	103.58762	401.00746
APO_052	9	1	846.62225	413.36940	465.72823	405.54104
APO_052	10	0	1484.67891	820.39552	969.38825	808.26119
APO_052	10	1	1740.04092	760.45149	1243.88982	749.32463
APO_052	11	0	1309.09129	619.24627	693.40399	603.94030
APO_052	11	1	1620.86464	553.25746	1009.71039	540.97388
APO_052	12	0	933.68625	416.40672	658.79643	413.11194
APO_052	12	1	1097.37985	430.51119	841.62959	422.17910
APO_052	13	0	859.48059	601.55597	565.26023	596.75373
APO_052	13	1	1033.75131	567.80597	751.11542	564.51493
APO_052	14	0	1094.69570	622.71269	743.05666	615.39179
APO_052	14	1	1212.32529	601.11194	899.69885	596.75373
APO_052	15	0	1083.18993	523.16418	827.05771	518.06716
APO_052	15	1	1259.47534	501.50373	1006.86884	498.42164
APO_052	16	0	1141.87093	890.50373	263.92445	896.64179
APO_052	16	1	1497.46380	850.20522	733.34732	832.16418
APO_052	17	0	1053.68311	588.35821	922.72823	584.32836
APO_052	17	1	1911.94124	427.35448	1752.95698	416.44776
APO_052	18	0	1521.22665	674.54851	1245.88143	669.79851
APO_052	18	1	1818.89717	727.94403	1527.93809	721.17910
APO_052	19	0	801.83001	178.14179	661.77440	183.44403
APO_052	19	1	1082.87933	194.76493	946.34942	195.02985
APO_052	20	0	1300.96957	421.85448	1066.46590	419.30597
APO_052	20	1	1570.43442	311.03358	1314.27282	304.95896
APO_052	21	0	1545.07975	757.69403	1127.71983	747.32836
APO_052	21	1	1760.65163	705.30597	1388.11857	695.94776
APO_052	22	0	1544.67891	483.68284	1331.71249	476.30597
APO_052	22	1	1809.10703	458.49627	1584.05247	443.56343
APO_052	23	0	833.51731	405.35448	399.34837	396.57836
APO_052	23	1	1292.88353	443.38433	958.62959	431.82836
APO_052	24	0	1007.44386	352.16045	403.00630	325.74627
APO_052	24	1	1385.74711	460.63060	731.40084	446.64179
APO_052	25	0	1366.07660	605.48507	919.70514	593.55224
APO_052	25	1	1613.37985	469.98134	1140.31375	461.07090
APO_052	26	0	986.86569	459.60821	859.37671	459.27985
APO_052	26	1	1495.81742	483.10075	1324.68520	470.45149
APO_052	27	0	1192.75236	394.20896	866.27177	386.44776
APO_052	27	1	1507.61175	335.18657	1211.28751	327.51119
APO_053	0	0	1502.26233	750.49627	1382.06401	726.36194
APO_053	0	1	1273.59496	752.51119	1150.37461	740.97015
APO_053	1	0	1525.62434	641.39179	1155.71983	612.74254
APO_053	1	1	1796.09654	647.43657	1438.78384	608.71269
APO_053	2	0	1143.51312	472.45149	926.45435	458.08209
APO_053	2	1	1369.15845	495.11940	1121.37566	473.69776
APO_053	3	0	1277.02833	682.85075	947.48059	663.54478
APO_053	3	1	1546.99685	592.68284	1345.78069	563.62687
APO_053	4	0	1073.25289	521.44403	834.11018	508.14179
APO_053	4	1	1344.73242	434.29851	1162.00105	409.91418
APO_053	5	0	1050.40714	595.33209	821.10178	582.99254
APO_053	5	1	1368.72823	666.35821	1086.53725	638.90672
APO_053	6	0	1077.35152	488.97015	875.30745	475.78731
APO_053	6	1	1352.35677	490.48134	1174.89087	462.88060
APO_053	7	0	1240.44176	547.48134	963.26967	521.62313
APO_053	7	1	447.44386	533.70149	54.39664	536.51493
APO_053	8	0	1258.88458	425.60821	1096.64218	403.89925
APO_053	8	1	1509.71354	404.45149	1348.98216	369.64552
APO_053	9	0	972.26338	410.27239	718.59077	394.80597
APO_053	9	1	1204.45645	440.49627	992.58867	421.00000
APO_053	10	0	1255.77335	420.28358	963.44596	399.23134
APO_053	10	1	1107.18993	323.56716	835.51312	307.55224
APO_053	11	0	380.77650	554.10448	86.63169	562.16418
APO_053	11	1	896.53725	590.37313	592.31899	586.34328
APO_053	12	0	449.19832	143.51866	138.00630	149.10448
APO_053	12	1	661.24449	125.38433	389.84260	126.43657
APO_053	13	0	1355.35572	583.43657	903.62749	563.37313
APO_053	13	1	1528.14481	427.77985	1099.55614	401.67537
APO_053	14	0	840.96432	298.54851	587.45331	290.83955
APO_053	14	1	520.62854	277.39179	263.08814	283.28358
APO_053	15	0	792.06925	658.34328	126.92550	658.88060
APO_053	15	1	1088.22875	574.22015	604.40714	552.08955
APO_053	16	0	757.31584	478.66045	302.20357	467.46269
APO_053	16	1	1042.89822	435.33955	651.30220	418.85075
APO_053	17	0	1079.23820	659.26493	603.12382	645.67910
APO_053	17	1	1328.05247	438.63060	865.53725	422.52612
APO_053	18	0	937.28541	527.22388	523.03987	513.70149
APO_053	18	1	1149.83526	468.28731	785.45331	445.19403
APO_053	19	0	1312.95383	691.35448	715.21511	664.92537
APO_053	19	1	1507.37146	517.06343	991.22770	479.55224
APO_053	20	0	1381.39559	476.41045	1015.40399	447.31343
APO_053	20	1	1675.26233	347.88060	1331.24764	289.09701
APO_053	21	0	1492.88562	457.38806	1057.71249	433.20896
APO_053	21	1	1891.79433	263.95522	1422.37146	237.76119
APO_053	22	0	1017.41868	537.98507	18.13221	525.89552
APO_053	22	1	1345.81322	415.07463	598.36306	394.92537
APO_054	0	0	918.69885	566.19403	635.80378	579.69030
APO_054	0	1	1695.42078	470.51119	1430.63274	487.26493
APO_054	1	0	1355.07345	586.51866	1035.50262	600.13433
APO_054	1	1	1804.85310	561.33209	1486.10073	575.52612
APO_054	2	0	1270.79643	531.65299	825.76705	547.19403
APO_054	2	1	1430.46065	472.21269	1035.29486	488.25746
APO_054	3	0	999.34418	360.29851	622.32949	373.26119
APO_054	3	1	1155.98636	277.18284	795.08919	291.15299
APO_054	4	0	1109.64848	400.09328	722.56034	415.07090
APO_054	4	1	1255.87303	332.20522	903.90976	351.24254
APO_054	5	0	1154.75656	646.40299	703.22350	663.70522
APO_054	5	1	1346.65582	548.67910	919.29906	576.05597
APO_054	6	0	1151.73452	713.90299	683.58027	738.76119
APO_054	6	1	1391.98636	663.02612	921.31375	677.80970
APO_054	7	0	1509.82267	555.09701	1019.99161	575.41791
APO_054	7	1	1695.17419	452.83955	1211.38720	474.16791
APO_054	8	0	779.69360	391.51119	500.22665	404.43657
APO_054	8	1	956.48269	376.90299	700.18468	390.83582
APO_054	9	0	948.91920	648.80597	2.01469	693.13433
APO_054	9	1	1287.38720	594.40299	517.77545	610.52239
APO_054	10	0	1206.79958	288.13433	713.20042	300.22388
APO_054	10	1	1446.54774	183.35821	983.16894	205.52239
APO_054	11	0	1452.59182	112.83582	1212.67891	122.40672
APO_054	11	1	1676.71039	89.16045	1399.03778	97.22015
APO_054	12	0	552.13851	396.74254	271.50262	410.68284
APO_054	12	1	722.37985	375.08209	493.62225	386.50373
APO_054	13	0	710.79538	440.06343	404.47219	452.49254
APO_054	13	1	857.86779	399.76493	594.35677	413.20149
APO_054	14	0	1286.02099	176.64552	1103.39979	183.83209
APO_054	14	1	1566.56663	131.30970	1369.84260	130.43657
APO_054	15	0	1097.85519	427.55970	721.58342	441.29478
APO_054	15	1	1300.33158	288.02612	930.10388	305.28731
APO_054	16	0	982.30745	311.54104	641.62749	324.45896
APO_054	16	1	1132.90556	280.30970	841.08185	295.24254
APO_054	17	0	1289.93599	289.90672	914.33683	304.95896
APO_054	17	1	1433.98636	143.82463	1084.57817	157.86940
APO_054	18	0	855.08709	340.90672	436.91396	352.77239
APO_054	18	1	1114.98216	271.89552	732.21826	278.14179
APO_054	19	0	1142.32949	153.13433	779.68520	167.23881
APO_054	19	1	1519.69675	137.58955	1107.04197	172.08209
APO_054	20	0	1364.16474	514.73507	1141.14586	531.84701
APO_054	20	1	1744.72193	426.49627	1583.63694	438.19776
APO_055	0	0	1455.48269	737.61940	617.05247	723.48881
APO_055	0	1	1148.74607	702.86194	337.51417	702.83582
APO_055	1	0	1091.96222	672.98507	4.02938	689.10448
APO_055	1	1	1758.82476	681.04478	511.73137	670.97015
APO_055	2	0	1418.34208	830.14925	871.45121	827.43657
APO_055	2	1	1883.73557	894.62687	1178.18783	885.86940
APO_055	3	0	1433.03568	490.57463	976.50262	496.73507
APO_055	3	1	1783.62225	467.59328	1222.79853	484.64552
APO_055	4	0	1400.83316	624.39925	997.81847	629.44030
APO_055	4	1	1672.31270	534.23134	1202.81322	546.32463
APO_055	5	0	926.14586	422.68657	821.41028	423.20149
APO_055	5	1	1052.56768	435.27985	952.86884	438.81716
APO_055	6	0	1086.33054	513.38806	797.52886	515.28358
APO_055	6	1	1348.74397	441.85821	1013.60441	447.78358
APO_055	7	0	1426.78909	393.00746	1158.15845	403.45522
APO_055	7	1	1743.48269	377.91045	1424.69570	397.76493
APO_055	8	0	593.16055	345.82090	452.60546	341.03731
APO_055	8	1	746.78069	355.89552	615.29171	356.65299
APO_055	9	0	310.31165	248.70896	160.67156	243.33955
APO_055	9	1	548.54879	245.18284	411.50052	241.82836
APO_055	10	0	948.49843	479.45896	700.10178	473.08955
APO_055	10	1	1112.69570	461.82836	899.55614	465.02985
APO_055	11	0	1060.41763	613.58209	678.95068	608.50746
APO_055	11	1	1485.09339	538.03731	1007.35467	549.51119
APO_055	12	0	1202.77020	400.97015	402.93809	390.89552
APO_055	12	1	1676.22246	314.32836	834.08185	334.47761
APO_055	13	0	1879.70619	777.76119	1142.32949	777.76119
APO_055	13	1	1353.87198	588.35821	824.00839	598.43284
APO_055	14	0	1529.15005	731.41791	988.64533	727.35821
APO_055	14	1	1773.93494	470.15672	1261.13746	480.79478
APO_055	15	0	1680.25184	765.67164	566.12802	751.56716
APO_055	15	1	1883.73557	824.64552	734.45016	790.51119
APO_055	16	0	533.89297	372.76119	280.04197	352.61194
APO_055	16	1	821.99370	320.37313	586.27492	312.31343
APO_055	17	0	489.91815	289.00746	117.85939	263.57836
APO_055	17	1	768.44911	267.85075	423.58867	253.50373
APO_055	18	0	459.09129	500.08582	210.12382	490.12687
APO_055	18	1	1378.75866	524.17537	1076.80168	525.18284
APO_055	19	0	1349.84260	757.61194	826.02308	751.56716
APO_055	19	1	1595.63484	628.65672	1057.71249	638.73134
APO_055	20	0	1549.29696	284.10448	1055.69780	300.22388
APO_055	20	1	1829.33893	181.34328	1321.63694	207.53731
APO_055	21	0	1166.50577	660.89552	547.99580	652.83582
APO_055	21	1	1488.85624	634.70149	797.81742	628.65672
APO_055	22	0	1155.76705	410.27239	855.51312	409.94776
APO_055	22	1	1328.02308	413.79851	1036.83526	417.50373
APO_055	23	0	785.72298	369.00746	655.62749	368.96269
APO_055	23	1	931.78804	347.85075	786.07870	349.82090
APO_055	24	0	1498.92970	822.08955	999.28646	828.13433
APO_055	24	1	1744.72193	670.97015	1172.54984	691.11940
APO_055	25	0	1623.84050	812.01493	934.81637	810.00000
APO_055	25	1	1911.94124	658.88060	1208.81427	664.92537
APO_056	0	0	1177.98426	508.36567	883.20462	518.14552
APO_056	0	1	1032.70199	438.71642	751.74607	448.63060
APO_056	1	0	1277.64218	596.99254	932.97272	604.74254
APO_056	1	1	1473.06716	586.91791	1086.08919	596.68284
APO_056	2	0	1392.59391	415.56343	1062.22665	425.72015
APO_056	2	1	1543.69570	357.13060	1218.86884	368.79851
APO_056	3	0	1605.64743	432.18657	1226.92760	443.35075
APO_056	3	1	1816.24344	294.69403	1411.21826	311.08209
APO_056	4	0	1660.10493	499.99254	1321.33683	507.16418
APO_056	4	1	1884.23924	426.44776	1497.62225	439.16045
APO_056	5	0	706.88458	326.59328	585.92865	340.63806
APO_056	5	1	793.01259	265.64179	677.59706	280.69403
APO_056	6	0	1161.13851	533.16418	853.91396	541.31343
APO_056	6	1	1284.03463	440.47761	962.20357	451.14552
APO_056	7	0	1428.01679	491.62313	1168.63484	503.65299
APO_056	7	1	1558.46800	412.03358	1292.03463	419.02612
APO_056	8	0	568.16789	579.11194	208.86988	587.77612
APO_056	8	1	700.63379	557.45149	388.68101	563.59701
APO_056	9	0	1625.35152	667.01119	1284.68940	676.45149
APO_056	9	1	1856.03358	671.54478	1453.92340	684.00746
APO_056	10	0	1550.10178	683.01493	1174.96642	698.80597
APO_056	10	1	1856.83841	717.26866	1477.16999	727.01493
APO_056	11	0	678.95068	636.71642	271.98321	656.86567
APO_056	11	1	1650.03148	473.50746	1174.56453	497.68657
APO_056	12	0	1305.70724	329.80970	799.63694	343.55597
APO_056	12	1	990.26338	304.07463	410.38510	318.63806
APO_056	13	0	1058.80378	444.66045	832.84785	457.04478
APO_056	13	1	1265.81322	412.42164	1045.39769	413.22015
APO_056	14	0	818.10913	520.58582	522.40294	530.09701
APO_056	14	1	1042.74711	442.00373	765.17314	449.50000
APO_056	15	0	1343.73662	391.18657	840.04512	404.66791
APO_056	15	1	988.64533	297.68657	502.58447	311.98134
APO_056	16	0	1813.75446	294.48881	1342.47534	314.14925
APO_056	16	1	1372.00630	258.11194	986.05771	270.54104
APO_056	17	0	856.24344	493.65672	678.95068	511.79104
APO_056	17	1	1709.46485	336.23507	1414.74397	341.82090
APO_056	18	0	1456.04617	540.38433	1161.33683	554.87313
APO_056	18	1	1628.30220	569.09701	1299.84680	582.57836
APO_056	19	0	977.35572	297.85075	557.63484	305.03731
APO_056	19	1	1199.47534	278.20522	801.91605	288.91791
APO_056	20	0	1257.90136	361.82463	938.14586	374.26866
APO_056	20	1	1487.37251	240.92910	1179.40504	250.35075
APO_056	21	0	1520.66422	217.10821	1148.37356	235.74627
APO_056	21	1	1762.93075	44.83209	1374.01889	58.43284
APO_056	22	0	1336.03882	295.83582	815.94334	304.62313
APO_056	22	1	1657.81007	230.73134	1185.50892	255.41418
APO_057	0	0	959.71459	614.67910	779.05666	608.65299
APO_057	0	1	857.46905	612.16045	686.88458	604.62313
APO_057	1	0	1139.54145	653.64552	444.31689	645.67537
APO_057	1	1	836.33054	636.01493	123.98111	629.55597
APO_057	2	0	986.24869	752.29104	703.55404	742.36567
APO_057	2	1	1370.16684	676.42164	1107.69255	669.30970
APO_057	3	0	1800.62959	739.91791	1478.33893	737.32836
APO_057	3	1	1336.77335	704.69030	1095.06821	704.46642
APO_057	4	0	611.05037	700.33209	142.73452	693.54851
APO_057	4	1	830.14795	708.39179	480.69885	700.60075
APO_057	5	0	642.17524	535.68657	247.54669	526.73507
APO_057	5	1	805.36516	511.00373	435.92025	501.04478
APO_057	6	0	944.78069	748.83582	541.81007	743.04478
APO_057	6	1	766.98426	712.06343	321.70514	705.76866
APO_057	7	0	1072.06401	294.36940	956.14481	286.02985
APO_057	7	1	955.21196	307.46642	844.32949	301.64552
APO_057	8	0	1140.49003	760.29104	735.36201	745.52239
APO_057	8	1	933.48059	652.99627	570.15740	640.74627
APO_057	9	0	1043.81007	260.17164	971.68101	254.09701
APO_057	9	1	878.10178	252.11194	815.03882	249.56343
APO_057	10	0	472.97167	339.86940	304.21091	333.44030
APO_057	10	1	208.54355	196.30597	43.30850	195.92164
APO_057	11	0	1734.64848	763.65672	1237.01994	755.59701
APO_057	11	1	572.17209	652.83582	34.24974	632.68657
APO_057	12	0	481.54879	537.89552	365.19622	527.60821
APO_057	12	1	275.54669	540.91791	168.76390	533.14925
APO_057	13	0	1717.52361	706.13806	1340.56768	696.17910
APO_057	13	1	1021.73033	643.91045	727.01679	640.13806
APO_057	14	0	1581.54879	482.60075	1435.80902	477.44403
APO_057	14	1	1349.35572	459.93284	1213.68940	454.77612
APO_057	15	0	1327.35047	570.88433	1104.96432	564.72015
APO_057	15	1	1115.30430	515.47388	910.54669	510.82090
APO_057	16	0	1421.77650	682.49627	1089.56034	680.20896
APO_057	16	1	1195.12382	619.02612	925.86674	617.74627
APO_057	17	0	1156.50472	552.87313	916.13012	547.60821
APO_057	17	1	944.45855	538.26493	708.61700	526.95522
APO_057	18	0	1469.99685	596.39925	1023.05981	591.73507
APO_057	18	1	1151.67576	582.29478	774.24554	577.12687
APO_057	19	0	1284.79119	731.32836	871.89822	724.60075
APO_057	19	1	969.99580	645.19030	579.76810	636.44776
APO_057	20	0	1173.64428	866.42910	643.03463	859.85075
APO_057	20	1	838.70199	915.79478	295.34837	916.02985
APO_057	21	0	1662.29906	427.00000	1226.07135	420.31716
APO_057	21	1	1415.49948	477.87687	1024.60231	475.22388
APO_057	22	0	1187.74711	400.10448	915.87933	394.07463
APO_057	22	1	991.31480	385.49627	734.55719	379.46642
APO_057	23	0	1629.84260	477.99254	939.15215	470.46642
APO_057	23	1	1342.74921	451.79851	783.01364	449.30970
APO_057	24	0	1277.03043	717.57836	844.80273	709.14925
APO_057	24	1	1086.13851	646.55224	697.22665	639.13060
APO_057	25	0	809.33893	392.28358	330.40923	374.15299
APO_057	25	1	480.44071	294.55970	6.54774	269.88060
APO_057	26	0	1217.06401	352.91791	839.63379	347.39179
APO_057	26	1	1010.55824	350.39925	684.50262	341.85075
APO_057	27	0	983.16894	713.28358	400.92340	703.20896
APO_057	27	1	753.49423	592.38806	239.74816	582.31343
APO_057	28	0	550.90871	462.14179	263.42078	450.64552
APO_057	28	1	341.88458	376.00373	55.90766	367.52985
APO_058	0	0	1131.33368	718.00373	346.90661	708.63060
APO_058	0	1	1562.12697	669.55597	830.32844	650.01493
APO_058	1	0	1484.76705	504.51119	1348.30010	493.42910
APO_058	1	1	1617.73662	506.02239	1478.24764	494.94030
APO_058	2	0	227.82686	476.55597	56.91501	477.72761
APO_058	2	1	495.27702	473.02985	345.51941	469.16418
APO_058	3	0	1366.49213	575.03731	1140.97692	566.41418
APO_058	3	1	1724.60336	563.45149	1470.88248	551.80597
APO_058	4	0	1446.84470	352.96269	1271.38510	338.05970
APO_058	4	1	1790.85310	345.91045	1555.45645	322.44403
APO_058	5	0	1329.30745	539.77239	1094.99895	530.32090
APO_058	5	1	1582.15110	436.50746	1343.81322	422.52239
APO_058	6	0	1233.65373	551.22761	927.40294	543.70149
APO_058	6	1	1507.65163	322.53358	1179.05247	306.38060
APO_058	7	0	1012.17524	473.62313	729.44386	468.61567
APO_058	7	1	1144.64113	428.79104	899.68520	421.26493
APO_058	8	0	1286.80693	656.50373	829.73767	643.73507
APO_058	8	1	1580.01994	609.57090	1091.64743	595.37687
APO_058	9	0	1398.19517	578.28358	999.28646	570.22388
APO_058	9	1	1704.75866	520.02239	1289.69990	512.55597
APO_058	10	0	1554.92865	577.60075	1357.90136	566.19403
APO_058	10	1	1735.24344	476.85448	1541.23820	463.43284
APO_058	11	0	471.01364	338.05970	209.21931	335.46642
APO_058	11	1	678.02308	320.42910	454.00420	319.85075
APO_058	12	0	556.05456	82.61194	320.33578	80.59701
APO_058	12	1	749.46485	135.00000	489.56978	135.00000
APO_058	13	0	902.26338	425.94776	655.90661	421.05970
APO_058	13	1	1095.67366	456.17164	852.84260	446.24627
APO_058	14	0	1388.99580	700.92164	864.41448	685.36567
APO_058	14	1	1738.04092	601.68657	1137.40504	583.61194
APO_058	15	0	1369.23400	586.88433	952.05352	573.53731
APO_058	15	1	1570.19937	503.76866	1154.93179	488.65672
APO_058	16	0	985.18363	400.97015	652.75971	398.95522
APO_058	16	1	1317.60756	342.53731	936.83106	334.47761
APO_058	17	0	1486.84155	425.14925	1192.69675	413.05970
APO_058	17	1	1863.58867	344.55224	1515.04722	334.47761
APO_058	18	0	1037.56558	618.58209	535.90766	612.53731
APO_058	18	1	1402.22455	523.88060	892.50787	515.82090
APO_058	19	0	1241.04932	457.38806	872.36097	453.35821
APO_058	19	1	1587.57608	503.73134	1188.66737	487.61194
APO_058	20	0	1184.63799	392.91045	888.47849	382.83582
APO_058	20	1	1512.13012	308.79851	1292.33578	292.70896
APO_059	0	0	1081.88877	276.04478	378.76180	243.80597
APO_059	0	1	1623.84050	231.71642	884.44911	239.77612
APO_059	1	0	612.46590	515.82090	185.35152	489.62687
APO_059	1	1	916.68416	336.49254	543.96642	314.32836
APO_059	2	0	1134.27072	953.05970	701.11228	936.94030
APO_059	2	1	896.53725	844.25373	437.18783	824.10448
APO_059	3	0	1190.72193	710.81716	814.52361	701.33955
APO_059	3	1	1062.28541	622.66418	661.91081	611.67537
APO_059	4	0	773.01574	735.04478	450.52676	711.94403
APO_059	4	1	552.91081	662.00373	167.96642	634.87313
APO_059	5	0	1091.96222	779.77612	481.51102	777.76119
APO_059	5	1	1778.97167	880.52239	876.39035	850.29851
APO_059	6	0	1056.54145	959.10448	712.18888	941.52612
APO_059	6	1	775.49213	914.77612	413.00735	894.17537
APO_059	7	0	1135.10178	909.36567	783.79958	895.64552
APO_059	7	1	1373.33893	768.32090	1017.56034	757.53358
APO_059	8	0	1262.53095	930.01866	904.27807	923.08209
APO_059	8	1	1505.55299	794.66418	1125.89402	793.11940
APO_059	9	0	1192.69675	592.38806	382.79119	584.32836
APO_059	9	1	1760.83945	411.04478	732.75131	421.02985
APO_059	10	0	608.77020	1075.97015	132.46590	1063.37687
APO_059	10	1	1467.50892	993.35821	1041.23295	983.78731
APO_059	11	0	1154.13116	428.09701	360.62959	409.02985
APO_059	11	1	1570.07870	143.87313	775.69570	152.52239
APO_059	12	0	1291.41658	640.74627	676.93599	638.73134
APO_059	12	1	1887.76495	781.79104	1110.09444	753.58209
APO_060	0	0	1152.40294	691.11940	890.49318	705.22388
APO_060	0	1	1576.55614	561.18284	1440.31375	591.66045
APO_060	1	0	1257.46275	605.38060	896.81847	628.95149
APO_060	1	1	1731.62644	528.29478	1289.90556	552.99254
APO_060	2	0	1275.29906	471.49254	717.22980	491.64179
APO_060	2	1	1799.11857	523.88060	1085.91815	558.13433
APO_060	3	0	1384.95488	348.08955	1204.55089	376.47761
APO_060	3	1	1695.21721	288.64925	1539.49318	309.98507
APO_060	4	0	1491.62749	510.52985	1180.20881	535.92164
APO_060	4	1	1685.54145	435.97761	1418.94963	462.88060
APO_060	5	0	1196.72613	525.89552	752.82267	544.41418
APO_060	5	1	1477.68835	521.96269	992.57083	549.95522
APO_060	6	0	1576.27387	486.05224	1243.45121	509.34328
APO_060	6	1	1917.98531	418.09701	1487.22875	457.45896
APO_060	7	0	1394.40294	536.42537	994.70829	561.83209
APO_060	7	1	1666.88982	433.66418	1229.41973	462.59701
APO_060	8	0	762.24554	480.94030	534.50682	503.65299
APO_060	8	1	1377.18573	426.03358	1151.08185	454.42164
APO_060	9	0	1140.92235	520.98881	764.13956	543.40299
APO_060	9	1	1492.17419	321.92537	1159.35047	347.73507
APO_060	10	0	1289.38510	534.42537	975.59811	556.94403
APO_060	10	1	1465.67051	389.85448	1174.04512	416.90672
APO_060	11	0	1295.51731	224.91045	1024.94334	251.90299
APO_060	11	1	1599.23190	223.39925	1259.15110	255.93284
APO_060	12	0	1120.62434	145.57836	662.90346	164.91045
APO_060	12	1	1453.04827	99.23507	967.12172	136.70149
APO_060	13	0	1559.65687	417.07090	1153.72298	446.95149
APO_060	13	1	1767.16999	241.26866	1344.11123	279.71269
APO_060	14	0	1158.34418	324.66791	906.11647	345.02612
APO_060	14	1	1365.35362	270.76866	1104.05981	298.68284
APO_060	15	0	1518.26023	356.94776	1378.81847	380.84701
APO_060	15	1	1722.24764	308.58955	1584.82057	332.48881
APO_060	16	0	1583.57817	505.20896	1236.35362	531.81716
APO_060	16	1	905.14166	400.22761	655.44701	423.79851
APO_061	0	0	1674.04827	719.44403	862.25498	730.48134
APO_061	0	1	1394.50997	688.71642	387.35992	724.17164
APO_061	1	0	508.64218	700.67537	240.32949	717.10448
APO_061	1	1	669.81742	662.89552	395.96432	676.80597
APO_061	2	0	820.95383	727.79851	525.15950	741.56343
APO_061	2	1	667.33368	673.89925	311.09864	690.68657
APO_061	3	0	780.71563	658.74254	580.53515	673.12687
APO_061	3	1	939.87618	581.16791	717.53410	595.04851
APO_061	4	0	946.26338	302.02985	770.67156	321.20149
APO_061	4	1	1329.15950	215.13060	1098.97901	226.98507
APO_061	5	0	1734.32109	723.63806	1564.06296	740.72015
APO_061	5	1	1321.46170	696.86567	1175.22770	712.51119
APO_061	6	0	280.04197	362.68657	40.29381	385.06716
APO_061	6	1	673.55299	301.79104	408.98216	316.05597
APO_061	7	0	783.71459	844.25373	521.07555	873.58582
APO_061	7	1	1573.47324	735.44776	1319.15950	756.08209
APO_061	8	0	1342.12592	613.63060	1060.05247	624.66791
APO_061	8	1	1087.26758	581.39179	825.84470	591.42164
APO_061	9	0	598.32844	975.22388	295.15215	992.85448
APO_061	9	1	430.10178	994.36567	54.39664	1017.53731
APO_061	10	0	1504.52991	618.81343	1283.25184	632.85821
APO_061	10	1	1241.61280	593.12313	1043.29591	606.99254
APO_061	11	0	864.67156	674.51866	167.21931	713.26866
APO_061	11	1	1206.72193	528.52612	557.77754	544.87313
APO_062	0	0	1263.76915	952.17910	992.08290	945.00000
APO_062	0	1	1041.14586	950.66791	814.79014	950.54104
APO_062	1	0	839.14061	728.11194	598.54879	720.52612
APO_062	1	1	637.16789	707.96269	375.42183	699.87313
APO_062	2	0	735.44596	783.12313	373.92025	772.58582
APO_062	2	1	471.01784	781.10821	20.65058	772.39179
APO_062	3	0	1271.71354	749.25373	1094.07765	747.83209
APO_062	3	1	986.13116	697.36940	824.10913	697.45896
APO_062	4	0	1058.75866	1038.19030	630.59811	1025.59701
APO_062	4	1	606.52046	1000.41045	42.30850	999.40299
APO_062	5	0	1243.03043	941.47388	848.58237	932.32836
APO_062	5	1	933.77545	974.72015	478.09759	980.76493
APO_062	6	0	1299.96432	597.28731	1125.95698	596.07463
APO_062	6	1	1077.34103	582.67910	917.43652	580.96269
APO_062	7	0	736.46800	971.19403	326.88353	965.76493
APO_062	7	1	433.76076	906.71642	21.65792	917.40672
APO_062	8	0	967.08919	661.06716	736.14481	657.70522
APO_062	8	1	759.07240	671.64552	520.06925	674.32836
APO_062	9	0	1169.14061	724.26119	561.68835	716.39179
APO_062	9	1	824.12487	673.38433	101.74187	669.93284
APO_062	10	0	978.02623	792.89925	473.47219	791.00000
APO_062	10	1	676.32634	725.39925	33.24239	732.97015
APO_062	11	0	1666.14900	1029.62687	1251.12277	1011.49254
APO_062	11	1	779.68520	1005.44776	342.49738	1001.41791
APO_064	0	0	1032.29276	758.91045	821.81112	761.05970
APO_064	0	1	1181.88353	785.10448	955.78804	791.28358
APO_064	1	0	1428.24134	464.94030	1241.95488	476.20149
APO_064	1	1	1630.21406	459.39925	1432.84680	475.69776
APO_064	2	0	948.94334	785.50746	677.62749	785.10448
APO_064	2	1	1269.44701	723.73881	966.73557	726.16791
APO_064	3	0	1067.48793	813.63806	802.84785	819.10448
APO_064	3	1	1488.15950	820.81343	1163.82162	838.51866
APO_064	4	0	1393.30745	872.56343	926.84050	879.09701
APO_064	4	1	1735.65582	936.02985	1232.12592	936.04478
APO_064	5	0	1281.99475	814.73507	865.39559	816.91791
APO_064	5	1	1584.80588	818.70522	1136.34313	825.53731
APO_064	6	0	1557.43232	752.69030	1161.48374	760.27612
APO_064	6	1	1818.33473	725.99254	1338.77650	741.63806
APO_064	7	0	1177.50997	775.83209	793.82581	780.92910
APO_064	7	1	1451.00420	716.89552	1014.93809	719.47388
APO_064	8	0	1097.11647	863.85448	601.98741	867.60075
APO_064	8	1	1395.79433	802.39925	826.12172	800.10075
APO_064	9	0	1619.81112	775.74627	1335.78489	795.34328
APO_064	9	1	1432.74082	752.52612	1169.57293	763.10448
APO_064	10	0	1799.11857	805.97015	1345.81322	810.00000
APO_064	10	1	545.98111	624.62687	84.61700	608.50746
APO_064	11	0	1390.13641	1065.89552	725.28856	1071.94030
APO_064	11	1	1861.57398	1035.67164	1061.74187	1003.43284
APO_064	12	0	1368.71563	574.62313	918.47639	578.57836
APO_064	12	1	1661.34942	549.94030	1132.03358	561.95522
APO_064	13	0	1517.16789	666.43284	1211.25603	676.48134
APO_064	13	1	1806.77964	718.31716	1426.82791	732.89925
APO_065	0	0	893.94019	552.85448	494.95488	542.66045
APO_065	0	1	1194.12907	484.34701	810.75761	473.64925
APO_065	1	0	1575.99161	544.39925	1324.98426	537.10448
APO_065	1	1	1843.44176	509.64179	1572.28751	497.30970
APO_065	2	0	1496.91501	715.29851	888.47849	697.16418
APO_065	2	1	1899.85310	818.05970	1192.69675	771.71642
APO_065	3	0	969.06611	745.52239	662.83316	737.46269
APO_065	3	1	1656.07555	626.64179	1341.78384	608.50746
APO_065	4	0	1382.80378	622.62313	1253.69780	614.97761
APO_065	4	1	1697.18783	644.97761	1550.86464	643.69030
APO_065	5	0	1265.01679	558.55970	873.61280	542.91418
APO_065	5	1	1580.99685	442.16791	1111.84995	428.56716
APO_065	6	0	1411.79748	640.65672	1039.34418	629.30224
APO_065	6	1	1740.19203	715.20896	1311.83106	696.80224
APO_065	7	0	1619.88458	412.13433	1453.96957	397.41045
APO_065	7	1	1886.32739	356.22015	1686.66632	336.96269
APO_065	8	0	1361.96222	508.76866	1110.06506	494.64552
APO_065	8	1	1640.49318	550.07463	1325.13326	529.40299
APO_065	9	0	1504.97692	637.98507	1251.25603	626.63806
APO_065	9	1	1797.61070	658.63806	1471.86464	650.31343
APO_065	10	0	1489.74502	581.27612	1285.19727	570.79478
APO_065	10	1	1684.16264	503.70149	1460.47534	490.70149
APO_065	11	0	1500.32214	549.54104	1093.15950	531.36194
APO_065	11	1	1248.46905	603.52612	910.32634	595.33582
APO_065	12	0	1142.20881	506.14179	984.24554	497.81343
APO_065	12	1	1342.16684	465.33955	1170.10073	454.49254
APO_065	13	0	1498.83001	612.01493	1306.84050	602.65299
APO_065	13	1	1814.63274	604.45896	1590.40818	587.54104
APO_065	14	0	609.65687	417.70896	478.89612	421.39925
APO_065	14	1	891.20986	473.11940	747.85729	467.74254
APO_065	15	0	1355.07240	551.80224	935.53515	537.63806
APO_065	15	1	1663.32004	473.72388	1151.10703	457.54478
APO_065	16	0	1478.78279	572.23881	980.70829	561.60075
APO_065	16	1	1912.94858	554.47388	1258.73557	530.36940
APO_066	0	0	1198.41028	677.91791	1019.84785	675.93284
APO_066	0	1	1329.36516	678.92537	1138.21091	676.94030
APO_066	1	0	882.01364	740.46642	801.47324	734.25746
APO_066	1	1	1163.56663	750.54104	1070.93809	748.86567
APO_066	2	0	838.11123	999.40299	211.54250	1007.46269
APO_066	2	1	1240.93179	1035.16791	650.86884	1031.13806
APO_066	3	0	1466.69465	596.41791	886.91815	592.31343
APO_066	3	1	1905.89717	523.88060	1210.27597	527.83582
APO_066	4	0	1141.81112	544.75000	663.34418	537.43284
APO_066	4	1	1415.80902	520.57090	899.06296	513.25373
APO_066	5	0	1060.54250	771.51866	895.12697	764.48134
APO_066	5	1	1288.20252	773.02985	1100.62539	773.54851
APO_066	6	0	1367.97482	862.38806	1104.05037	858.35821
APO_066	6	1	1783.00105	900.67164	1418.34208	898.65672
APO_066	7	0	1082.93494	756.66045	911.04932	749.47388
APO_066	7	1	880.45855	792.92910	695.98111	783.22388
APO_066	8	0	1144.34418	729.40299	607.43966	708.02239
APO_066	8	1	1530.47114	818.35075	993.99370	804.29104
APO_066	9	0	794.94019	731.08955	566.00630	720.61567
APO_066	9	1	1042.74711	692.30224	805.75446	682.33209
APO_066	10	0	1043.25079	751.23881	759.92025	743.28358
APO_066	10	1	1257.56348	757.99254	1001.43127	753.57836
APO_066	11	0	1130.52466	630.62313	908.73767	625.73507
APO_066	11	1	1302.27702	582.26493	1102.65163	577.88060
APO_066	12	0	1378.54984	855.37687	1100.19727	851.35821
APO_066	12	1	1692.49003	829.40672	1359.61490	826.48881
APO_066	13	0	1089.94753	697.16418	197.43966	693.13433
APO_066	13	1	1573.47324	791.86567	606.42183	779.77612
APO_066	14	0	1458.63589	628.65672	624.55404	614.55224
APO_066	14	1	1857.54460	618.58209	1003.31584	604.47761
APO_069	0	0	1036.75866	827.72761	656.97587	816.77985
APO_069	0	1	448.37775	561.60075	257.37671	584.82836
APO_069	1	0	981.15425	751.56716	687.53515	739.59328
APO_069	1	1	1459.75866	587.52239	1305.08919	557.74627
APO_069	2	0	1065.18993	458.92537	873.69360	443.71269
APO_069	2	1	1218.81007	463.45896	1038.89822	442.20149
APO_069	3	0	1527.31480	481.70896	1395.86988	446.74627
APO_069	3	1	1711.15530	546.69030	1587.26548	508.70522
APO_069	4	0	1411.52676	446.18657	1128.91710	418.00746
APO_069	4	1	1183.36306	391.78358	903.77545	374.18284
APO_069	5	0	1488.90241	613.98507	906.19203	586.59328
APO_069	5	1	1177.47954	593.80597	525.17524	574.51866
APO_069	6	0	927.40714	408.00746	737.56139	399.73507
APO_069	6	1	1099.66317	382.82090	919.38720	364.97761
APO_069	7	0	971.96432	555.00373	665.21091	543.71269
APO_069	7	1	734.23085	439.64925	423.95173	448.50746
APO_069	8	0	1147.23400	802.22015	631.09759	786.11567
APO_069	8	1	1314.45331	584.10448	873.39140	556.05597
APO_069	9	0	862.79853	619.08209	474.56768	613.12687
APO_069	9	1	545.98846	565.68657	124.40714	573.92537
APO_069	10	0	900.38720	397.95896	667.07450	391.79478
APO_069	10	1	756.33683	303.25746	545.18573	305.65672
APO_069	11	0	567.58552	442.14179	305.22560	446.63060
APO_069	11	1	375.68625	348.44776	115.84470	360.99627
APO_069	12	0	428.76600	456.60075	248.31060	468.94030
APO_069	12	1	266.58342	390.61194	71.52151	411.51493
APO_069	13	0	550.02099	605.72015	216.53935	609.83955
APO_069	13	1	728.82476	543.76119	440.67366	543.85075
APO_069	14	0	517.97692	637.91418	195.92865	648.66791
APO_069	14	1	933.19622	542.29478	632.47114	534.30970
APO_069	15	0	1749.48898	316.82836	1289.29906	283.06716
APO_069	15	1	1350.07660	281.06343	960.52781	251.56343
APO_069	16	0	1297.14586	456.12687	1023.73033	431.56343
APO_069	16	1	1558.55194	395.17537	1288.15845	355.50000
APO_069	17	0	1184.20881	327.69030	936.29276	304.07463
APO_069	17	1	1368.04932	290.91791	1147.33158	259.24254
APO_069	18	0	1665.34627	366.90299	1493.25813	324.59328
APO_069	18	1	1401.92550	365.39179	1251.49528	335.17164
APO_069	19	0	1051.33998	247.51866	903.19727	233.51866
APO_069	19	1	1225.61070	263.63806	1080.99370	233.01493
APO_069	20	0	828.03778	652.83582	366.67366	646.79104
APO_069	20	1	1354.80693	198.50746	1131.11228	172.89552
APO_069	21	0	943.54984	355.27239	581.12697	340.97761
APO_069	21	1	1034.71459	382.97761	662.21826	369.18657
APO_069	22	0	695.06821	658.88060	207.51312	662.91045
APO_069	22	1	1865.60336	78.58209	1541.23820	38.28358
APO_070	0	0	1319.77964	817.28731	1028.24029	810.57090
APO_070	0	1	955.62434	767.92164	728.05142	751.13060
APO_070	1	0	1024.05352	736.58209	769.04302	724.61567
APO_070	1	1	1296.16684	768.39179	1040.01889	761.89179
APO_070	2	0	1288.00525	551.86567	1042.21406	547.59701
APO_070	2	1	561.66002	549.62313	277.21616	519.54851
APO_070	3	0	576.22665	253.39925	414.14586	228.27239
APO_070	3	1	757.04512	219.14552	575.32109	199.05597
APO_070	4	0	464.18678	529.60821	316.64218	497.11940
APO_070	4	1	966.41343	407.02612	831.61910	391.17537
APO_070	5	0	1218.58552	471.50373	812.30325	461.47388
APO_070	5	1	975.11962	287.12313	597.84050	271.65672
APO_070	6	0	1680.59286	411.44403	1427.53830	416.34328
APO_070	6	1	1403.57293	388.27239	1181.24239	382.08955
APO_070	7	0	1324.13641	308.88806	1054.01994	300.10448
APO_070	7	1	1124.17838	275.64179	897.88143	262.82836
APO_070	8	0	942.87513	600.44776	271.98321	576.26866
APO_070	8	1	1255.15215	503.73134	695.06821	493.65672
APO_070	9	0	625.92760	280.54851	372.05981	254.64552
APO_070	9	1	394.23820	222.11567	156.48793	190.16791
APO_070	10	0	1164.94963	466.58582	829.19937	454.51119
APO_070	10	1	943.83736	374.90672	621.68625	355.27612
APO_070	11	0	1373.74711	478.24627	966.36516	474.30597
APO_070	11	1	1126.44386	365.91418	762.88143	357.44030
APO_070	12	0	839.42392	406.22388	565.29171	389.23134
APO_070	12	1	598.66842	365.42164	328.56558	336.33955
APO_070	13	0	1009.39769	389.81343	779.61805	374.23881
APO_070	13	1	699.63903	343.47015	496.05037	322.35448
APO_070	14	0	1311.20672	273.25746	1011.94963	266.82463
APO_070	14	1	1125.85519	249.07836	815.51731	235.59328
APO_070	15	0	1238.08185	534.17164	839.33578	523.60821
APO_070	15	1	1050.71563	437.95896	654.48793	434.95149
APO_070	16	0	1118.96432	358.41418	971.26967	345.91045
APO_070	16	1	993.04617	327.68657	852.40294	308.13060
APO_070	17	0	1049.43127	331.41045	771.66317	316.16418
APO_070	17	1	828.82267	368.18284	576.74187	347.39552
APO_071	0	0	1180.53200	516.66045	429.16789	497.62313
APO_071	0	1	1346.24029	476.36194	642.22141	463.87313
APO_071	1	0	1224.85519	619.92537	276.55509	591.31716
APO_071	1	1	1374.94963	540.83955	519.82896	521.80224
APO_071	2	0	1156.35572	479.88806	603.94229	463.36940
APO_071	2	1	1261.62329	442.61194	742.45226	430.12313
APO_071	3	0	1214.09864	687.87313	523.63484	686.77612
APO_071	3	1	1400.45750	689.38433	726.11123	675.69403
APO_071	4	0	1321.88458	657.14552	709.99370	642.95149
APO_071	4	1	1473.49003	611.30597	870.87618	601.74627
APO_071	5	0	1546.91396	275.23881	674.59077	270.67537
APO_071	5	1	1720.68101	253.57836	873.03778	263.11940
APO_071	6	0	1510.38090	413.88806	1195.71878	414.39179
APO_071	6	1	1640.83211	428.49627	1313.57817	431.01493
APO_071	7	0	1261.55404	853.12687	986.14586	856.51866
APO_071	7	1	1697.47849	911.40672	1301.44491	907.39552
APO_071	8	0	707.81847	757.97761	502.22665	743.59328
APO_071	8	1	910.29486	784.17164	730.39035	774.82463
APO_071	9	0	937.18678	851.94030	661.08395	843.38806
APO_071	9	1	1602.45016	784.00746	1390.32424	787.16418
APO_071	10	0	1654.62225	761.54851	1455.40923	769.41418
APO_071	10	1	1480.35152	696.06343	1300.27807	701.41045
APO_071	11	0	840.12382	628.83209	590.99161	617.80970
APO_071	11	1	984.67786	530.60448	768.28437	525.12313
APO_071	12	0	1305.83316	714.31343	1056.31480	717.16418
APO_071	12	1	1401.02728	647.82090	1185.25498	650.16791
APO_071	13	0	1125.78174	500.03731	967.31480	495.17910
APO_071	13	1	1293.00105	490.46642	1123.45331	489.13433
APO_071	14	0	967.27072	485.13433	759.66842	479.41791
APO_071	14	1	1127.43861	446.85075	954.58972	441.13433
APO_071	15	0	817.78594	670.31716	585.39244	661.75000
APO_071	15	1	1082.71773	666.28731	848.30955	657.21642
APO_071	16	0	1325.20881	539.38806	1113.89927	535.07463
APO_071	16	1	1662.16579	541.40299	1454.28017	544.55597
APO_071	17	0	1038.07975	576.01119	770.73452	567.64179
APO_071	17	1	1319.12907	464.68657	1106.18048	467.39925
APO_071	18	0	896.53725	846.26866	511.73137	852.31343
APO_071	18	1	1899.85310	713.28358	1386.10703	717.31343
APO_071	19	0	1238.78174	793.47388	980.53200	793.14925
APO_071	19	1	1677.98636	864.08955	1379.64428	869.91418
APO_071	20	0	1410.77125	829.45149	1126.55404	831.48134
APO_071	20	1	1798.71773	875.06343	1480.44176	876.93284
APO_071	21	0	1189.41763	689.97388	984.23400	688.65299
APO_071	21	1	1342.53410	649.17164	1167.06716	654.39925
APO_072	0	0	1305.85939	599.46642	857.11647	620.81343
APO_072	0	1	1657.92655	683.08582	1120.03358	704.43284
APO_072	1	0	1130.25498	386.23881	850.73977	408.17910
APO_072	1	1	946.91815	258.29104	660.35152	279.22388
APO_072	2	0	1210.84050	642.53358	872.26653	663.98507
APO_072	2	1	1404.75446	644.04478	1030.92340	660.96269
APO_072	3	0	937.04722	671.77985	656.57608	688.45149
APO_072	3	1	1648.59706	533.19403	1352.61175	551.55597
APO_072	4	0	936.83106	743.50746	566.12802	753.58209
APO_072	4	1	1241.04932	687.08955	834.08185	707.23881
APO_072	5	0	1198.74082	687.08955	709.17104	713.28358
APO_072	5	1	1605.70829	797.91045	1043.60965	816.04478
APO_072	6	0	1565.91815	579.24254	1229.71563	607.32090
APO_072	6	1	1918.99265	467.91791	1512.77964	501.03358
APO_072	7	0	1261.41763	554.80970	982.78174	576.65299
APO_072	7	1	1438.71039	453.05597	1132.87618	480.44030
APO_072	8	0	1409.52466	737.13433	970.20042	758.94403
APO_072	8	1	1707.19517	666.10821	1215.14061	686.36194
APO_076	0	0	1374.62749	553.70149	1150.22665	542.94776
APO_076	0	1	1587.17733	617.67537	1318.45331	604.40299
APO_076	1	0	1796.42707	485.57836	1756.54145	468.67537
APO_076	1	1	1045.90241	358.87313	959.40294	350.32463
APO_076	2	0	1573.73977	774.69030	1163.65582	756.02239
APO_076	2	1	696.05352	605.83582	436.63169	601.03358
APO_076	3	0	666.86254	727.38806	269.96852	725.37313
APO_076	3	1	1710.47219	584.32836	1315.59286	576.26866
APO_076	4	0	1002.10073	590.85821	831.76180	585.25746
APO_076	4	1	839.41448	601.43657	679.14900	596.33955
APO_076	5	0	1281.89087	609.12687	1049.51626	595.60075
APO_076	5	1	516.84785	524.69030	227.20881	516.29478
APO_076	6	0	1323.32214	483.26493	1226.42497	471.42910
APO_076	6	1	1632.93494	488.98507	1494.88248	473.94776
APO_076	7	0	1190.99056	591.72015	900.83211	583.00373
APO_076	7	1	1006.64638	504.57463	706.91815	496.36194
APO_076	8	0	887.24764	432.53731	669.16999	429.14925
APO_076	8	1	735.13851	353.45149	466.69360	353.08582
APO_076	9	0	1305.57817	621.23134	1072.87933	609.17164
APO_076	9	1	1171.09759	529.04851	955.52361	519.00373
APO_076	10	0	1454.13012	609.06716	845.76495	589.86567
APO_076	10	1	883.50892	523.75746	265.95908	514.27985
APO_076	11	0	1058.78804	647.08209	635.25498	638.14925
APO_076	11	1	870.91815	655.14179	398.52886	649.73507
APO_076	12	0	1739.68835	477.68284	1334.74397	462.95522
APO_076	12	1	1455.61700	483.72761	1108.59496	470.00746
APO_076	13	0	995.47534	651.16045	722.14481	641.64552
APO_076	13	1	842.35887	608.34328	537.29696	601.85075
APO_076	14	0	903.58342	174.05224	741.29696	171.26866
APO_076	14	1	1187.15110	127.70896	1008.74711	111.82836
APO_076	15	0	993.24239	703.20896	702.44386	698.12313
APO_076	15	1	1704.42812	469.47761	1328.32844	473.20522
APO_076	16	0	500.43652	724.01866	40.29381	722.13806
APO_076	16	1	814.22455	653.49627	445.75026	645.06716
APO_076	17	0	1231.21196	645.02239	905.62749	634.77239
APO_076	17	1	1494.63274	655.09701	1172.57398	637.29104
APO_076	18	0	978.42707	722.90672	644.29171	710.29851
APO_076	18	1	727.09444	599.49254	352.16159	593.93657
APO_077	0	0	823.01259	838.54478	494.96852	829.42164
APO_077	0	1	585.78279	895.97015	260.76076	895.91418
APO_077	1	0	1562.39244	856.25000	1299.11647	824.90299
APO_077	1	1	1908.91920	986.71642	1568.07765	944.79104
APO_077	2	0	1164.37251	658.68284	946.08185	639.14179
APO_077	2	1	1014.78174	594.70896	781.38090	583.73134
APO_077	3	0	581.83945	739.34328	369.38720	735.07463
APO_077	3	1	417.13851	659.75373	181.01364	661.02612
APO_077	4	0	573.32109	665.32090	301.64848	665.30597
APO_077	4	1	461.00210	555.50746	206.95803	551.96642
APO_077	5	0	469.78804	623.06716	360.27702	619.29104
APO_077	5	1	228.52886	602.41418	128.08395	613.75000
APO_077	6	0	1897.83841	546.61567	1590.06716	504.55597
APO_077	6	1	1500.94439	515.88806	1261.67261	488.94030
APO_077	7	0	1138.33893	700.66045	689.33158	681.83955
APO_077	7	1	866.35572	616.03358	352.87828	602.25000
APO_077	8	0	1149.32109	683.01119	832.09339	667.41045
APO_077	8	1	1002.75236	606.44403	607.95908	594.87313
APO_077	9	0	659.94963	494.14179	344.15950	488.21642
APO_077	9	1	368.00210	438.36194	17.12487	439.54851
APO_077	10	0	1246.45645	787.75746	940.81322	771.28358
APO_077	10	1	1004.18993	731.84328	727.75971	716.37687
APO_077	11	0	950.19203	679.39552	483.63379	675.69030
APO_077	11	1	684.25289	506.61567	204.09444	500.58955
APO_077	12	0	884.22560	526.64552	524.72928	517.59328
APO_077	12	1	592.59916	437.98881	130.54774	428.86567
APO_077	13	0	1114.03043	569.36194	552.83211	553.22388
APO_077	13	1	848.09129	512.44030	229.67471	500.20149
APO_077	14	0	1188.91605	582.57463	711.32424	560.04104
APO_077	14	1	962.76705	458.65672	478.12382	448.21269
APO_077	15	0	787.91291	419.75000	360.20776	409.47015
APO_077	15	1	519.45540	332.60448	0.50367	321.74627
APO_077	16	0	1420.10073	659.58582	1327.58972	638.11940
APO_077	16	1	1312.31480	649.51119	1217.78909	629.05224
APO_078	0	0	977.83211	387.40672	523.78489	375.45149
APO_078	0	1	873.57188	400.00000	436.14586	387.54104
APO_078	1	0	1073.52991	363.22761	757.48898	353.28731
APO_078	1	1	985.89087	369.27239	651.71773	358.82836
APO_078	2	0	1378.53830	199.87313	694.79538	184.89552
APO_078	2	1	1216.85939	236.64552	563.84050	216.63060
APO_078	3	0	900.13326	216.57090	511.69255	203.91791
APO_078	3	1	786.80693	235.20896	393.83316	221.04478
APO_078	4	0	739.96537	161.16045	341.95488	148.50746
APO_078	4	1	622.10598	155.61940	217.54774	141.45522
APO_078	5	0	880.25498	563.40672	525.20357	558.47388
APO_078	5	1	637.48478	578.51866	229.04407	571.06716
APO_078	6	0	1235.64113	423.01493	604.68101	405.48881
APO_078	6	1	857.74816	441.97761	225.26338	424.91045
APO_078	7	0	1109.55929	779.98134	885.62644	773.95149
APO_078	7	1	853.69360	668.15299	636.30850	658.59701
APO_078	8	0	896.54879	751.96269	470.57083	747.01493
APO_078	8	1	472.83736	712.82090	81.09129	709.41418
APO_078	9	0	1370.05981	742.30597	1073.28122	733.00000
APO_078	9	1	535.70829	504.82463	166.17209	516.77985
APO_078	10	0	726.52676	660.91791	506.65897	657.98881
APO_078	10	1	558.30010	656.88806	313.24869	652.44776
APO_078	11	0	1660.10493	844.25373	1365.96013	836.19403
APO_078	11	1	838.11123	664.92537	612.46590	664.92537
APO_078	12	0	1156.35572	755.78358	946.61700	754.48134
APO_078	12	1	1441.43442	795.57836	1211.54879	790.24627
APO_078	13	0	1641.17419	955.30597	1173.26967	928.57836
APO_078	13	1	1196.45855	860.27985	856.77440	849.48134
APO_078	14	0	474.73662	575.70522	318.32109	573.88060
APO_078	14	1	275.78594	527.85075	101.74187	529.55224
APO_078	15	0	1253.47534	706.23134	919.93914	699.75000
APO_078	15	1	999.12067	686.08209	634.46170	682.65299
APO_078	16	0	753.23400	545.36194	599.70829	547.65299
APO_078	16	1	922.97167	550.39925	743.75866	542.61567
APO_078	17	0	936.72193	744.44030	597.71773	739.40299
APO_078	17	1	750.36306	661.82836	339.33368	649.73881
APO_078	18	0	806.80273	787.26866	434.64848	786.69030
APO_078	18	1	557.98846	690.55224	216.05456	685.44030
APO_078	19	0	888.87618	716.21642	566.12802	709.25373
APO_078	19	1	627.47009	690.02239	223.63064	679.02985
APO_078	20	0	672.96013	730.77985	420.21406	726.24627
APO_078	20	1	323.91501	701.05970	65.62854	701.05970
APO_079	0	0	1054.87723	299.88060	795.04302	306.65299
APO_079	0	1	1287.57398	311.97015	1008.09654	318.74254
APO_079	1	0	1587.34313	195.30970	1365.51522	193.76866
APO_079	1	1	1322.41133	197.82836	1123.24869	203.33955
APO_079	2	0	1372.06506	322.56343	1099.67576	328.48881
APO_079	2	1	1674.26863	361.35075	1392.30955	368.28358
APO_079	3	0	848.50892	548.64925	649.00525	559.64552
APO_079	3	1	730.64953	526.98881	527.11647	544.53358
APO_079	4	0	1147.98426	678.48134	825.46905	689.39925
APO_079	4	1	1607.35047	678.83209	1242.55614	691.48507
APO_079	5	0	693.03043	674.65299	372.94229	690.80224
APO_079	5	1	491.05771	577.93657	137.72718	593.07836
APO_079	6	0	779.44596	574.45896	411.21091	589.79478
APO_079	6	1	524.58762	597.12687	137.21301	612.46269
APO_079	7	0	1252.48793	624.02985	930.73767	632.71269
APO_079	7	1	1515.90871	611.43657	1132.20672	620.62313
APO_079	8	0	1256.01364	496.08209	860.72718	508.79478
APO_079	8	1	1572.29171	446.23134	1113.18888	459.19030
APO_079	9	0	1450.90661	371.17537	1086.49423	384.63806
APO_079	9	1	1230.53200	271.70149	854.12382	281.46642
APO_079	10	0	938.61910	381.98881	689.46065	389.39552
APO_079	10	1	678.22036	374.93657	426.54355	388.38806
APO_079	11	0	791.77335	550.07463	336.45331	562.16418
APO_079	11	1	1372.00420	429.17910	817.96432	427.16418
APO_079	12	0	1176.57922	588.35821	773.64113	614.55224
APO_079	12	1	1676.22246	548.05970	1120.16789	558.13433
APO_079	13	0	1061.50472	746.62687	603.72193	765.19403
APO_079	13	1	718.59077	792.25000	180.51417	814.96269
APO_079	14	0	440.66107	455.78731	168.64953	471.47388
APO_079	14	1	776.61070	475.93657	563.32109	485.54851
APO_079	15	0	1738.17419	171.39925	1512.12592	165.88806
APO_079	15	1	1345.25289	212.60075	1169.62854	214.75000
APO_079	16	0	1502.45331	343.09701	1008.78069	359.91045
APO_079	16	1	1287.38510	361.73507	737.80483	373.51119
APO_080	0	0	751.75971	492.45149	400.17524	471.97761
APO_080	0	1	944.16264	504.54104	656.04092	481.54851
APO_080	1	0	392.04302	123.20522	62.95908	90.58209
APO_080	1	1	595.52676	175.59328	291.12277	148.00746
APO_080	2	0	858.38825	401.20149	734.30325	384.82090
APO_080	2	1	1003.44596	381.55597	880.87198	366.18284
APO_080	3	0	1511.39244	211.14925	1093.53200	207.57836
APO_080	3	1	1729.48269	214.67537	1320.68835	220.17164
APO_080	4	0	1085.28227	260.45522	726.13116	243.96269
APO_080	4	1	1345.17733	183.38433	927.60021	175.45522
APO_080	5	0	1163.35152	116.89179	817.10178	100.24254
APO_080	5	1	1377.91605	103.29104	1046.77650	91.17537
APO_080	6	0	351.91081	259.47388	204.45121	236.42164
APO_080	6	1	676.77964	202.55224	515.72088	181.51493
APO_080	7	0	1283.50472	288.07463	914.66946	278.05970
APO_080	7	1	1001.95173	279.51119	582.24554	251.86567
APO_080	8	0	986.81007	502.98507	632.57817	485.19403
APO_080	8	1	702.23505	505.50373	322.81952	481.66791
APO_080	9	0	959.67051	314.83209	817.57503	298.48881
APO_080	9	1	845.84050	315.83955	697.19727	298.48881
APO_080	10	0	699.27177	372.25746	403.83736	347.39179
APO_080	10	1	883.11228	350.59701	585.15950	331.77612
APO_080	11	0	1406.25393	126.94030	880.41973	122.91045
APO_080	11	1	922.72823	44.32836	384.80588	18.13433
APO_080	12	0	827.36621	118.36194	648.05771	99.23507
APO_080	12	1	1028.83526	109.79851	834.41658	91.67910
APO_081	0	0	1915.97062	882.35448	1382.93494	851.05224
APO_081	0	1	1325.56139	840.33955	908.32214	825.74627
APO_081	1	0	414.35572	538.00746	289.81112	526.95522
APO_081	1	1	660.65163	546.57090	544.16579	539.04478
APO_081	2	0	1861.07030	550.05970	1585.20672	543.71269
APO_081	2	1	1611.75236	532.93284	1368.12382	533.63806
APO_081	3	0	1201.41973	653.55597	1083.02728	648.00000
APO_081	3	1	643.36306	629.58955	460.36306	619.34701
APO_081	4	0	956.73977	502.94030	850.94963	496.94403
APO_081	4	1	463.10178	425.22015	388.88458	422.25746
APO_081	5	0	662.53200	506.77985	448.04302	501.71269
APO_081	5	1	1229.49423	413.85821	1061.17419	399.81343
APO_081	6	0	1477.96432	544.21642	1287.25184	533.38806
APO_081	6	1	1139.70829	491.30970	975.22665	485.19403
APO_081	7	0	1423.93809	617.80970	882.42707	604.10075
APO_081	7	1	1076.90766	578.01493	570.65373	569.34328
APO_081	8	0	958.82476	426.11194	809.96118	419.20149
APO_081	8	1	761.88877	406.97015	624.60965	399.55597
APO_081	9	0	1084.08919	569.79104	606.87618	557.40672
APO_081	9	1	681.15005	662.22761	245.79224	665.88433
APO_082	0	0	951.47534	418.51119	818.49003	415.45896
APO_082	0	1	780.22665	420.02239	663.86254	419.99254
APO_082	1	0	1471.90871	401.85821	1292.90871	406.39179
APO_082	1	1	1170.71249	400.34701	988.18678	397.82836
APO_082	2	0	1142.68625	485.20896	944.77125	483.81716
APO_082	2	1	1336.60021	470.09701	1174.94963	475.25373
APO_082	3	0	778.65582	299.91045	595.00839	295.86567
APO_082	3	1	497.60651	298.39925	285.75341	283.77612
APO_082	4	0	1110.92550	511.62313	930.32214	512.97015
APO_082	4	1	1450.40084	520.69030	1261.62644	525.76119
APO_082	5	0	733.34732	550.07463	454.85205	538.96269
APO_082	5	1	1465.86569	451.39925	1219.10388	453.44403
APO_082	6	0	1339.43861	449.72761	1196.05561	451.80224
APO_082	6	1	963.03568	357.33209	822.33054	357.10075
APO_082	7	0	1289.29906	499.36940	1125.72193	497.08955
APO_082	7	1	600.74082	478.89552	413.44701	469.88806
APO_082	8	0	518.16789	98.62687	362.43232	98.22761
APO_082	8	1	678.33578	130.36194	535.69570	126.94030
APO_083	0	0	741.40609	805.97015	287.64533	805.30224
APO_083	0	1	1159.93914	694.22388	736.14481	696.53731
APO_083	1	0	1366.96432	726.79478	1028.33578	737.31343
APO_083	1	1	1023.99475	735.41418	736.70934	738.32090
APO_083	2	0	1619.81112	951.04478	811.92025	926.86567
APO_083	2	1	902.58132	938.95522	235.71878	971.19403
APO_083	3	0	1523.32424	731.88806	1170.13326	743.91791
APO_083	3	1	1160.67996	735.91791	858.86359	742.40672
APO_083	4	0	1744.72193	926.86567	1001.30115	912.76119
APO_083	4	1	680.96537	602.46269	290.11542	592.38806
APO_083	5	0	1222.91710	810.00000	797.81742	812.01493
APO_083	5	1	398.90871	513.80597	18.13221	483.58209
APO_083	6	0	1218.96013	712.70522	873.48269	720.73507
APO_083	6	1	991.30010	694.57090	680.07240	697.56343
APO_083	7	0	1706.44281	864.40299	582.24554	850.29851
APO_083	7	1	1095.99161	846.26866	40.29381	870.44776
APO_083	8	0	991.75446	625.36194	699.56768	626.60821
APO_083	8	1	773.66422	610.75373	458.81217	601.42164
APO_083	9	0	1235.00525	423.13433	817.96432	433.20896
APO_083	9	1	928.77230	413.05970	560.08395	409.02985
APO_083	10	0	1754.79538	727.38806	1279.32844	747.53731
APO_083	10	1	539.93704	356.64179	376.74711	344.55224
APO_083	11	0	1907.91186	840.22388	1041.59496	826.11940
APO_083	11	1	354.58552	437.23881	2.01469	405.00000
APO_084	0	0	1647.60021	796.70896	1166.08919	795.31343
APO_084	0	1	1298.55509	887.88433	855.32319	875.91045
APO_084	1	0	1701.50787	680.59328	1402.62225	683.87313
APO_084	1	1	1337.85624	663.46642	1112.00315	663.22015
APO_084	2	0	842.32844	454.39179	650.42392	443.10448
APO_084	2	1	691.22665	503.25373	488.24134	485.92164
APO_084	3	0	990.40818	507.28358	803.20357	490.97015
APO_084	3	1	844.34313	481.08955	677.28541	461.75373
APO_084	4	0	986.37880	377.32090	861.58657	364.47761
APO_084	4	1	863.48269	387.39552	748.76390	372.53731
APO_084	5	0	1215.52361	429.44403	982.97167	422.40672
APO_084	5	1	1041.25289	443.54851	833.38090	432.48134
APO_084	6	0	515.11542	415.99254	403.50472	397.14179
APO_084	6	1	338.83001	402.89552	241.82581	376.99254
APO_084	7	0	1455.88353	449.94776	1263.94648	450.58582
APO_084	7	1	1272.54669	455.99254	1100.25289	448.06716
APO_084	8	0	905.06401	733.07463	694.51626	713.69776
APO_084	8	1	801.30745	720.48134	577.16055	702.11194
APO_084	9	0	813.67786	769.04478	597.00525	748.03731
APO_084	9	1	666.60546	753.42910	448.92550	729.39925
APO_084	10	0	1241.04932	926.86567	624.55404	912.76119
APO_084	10	1	745.43547	699.17910	134.98426	687.08955
APO_084	11	0	1021.96432	764.77985	634.62749	753.58209
APO_084	11	1	827.54669	685.69403	499.64323	668.95522
APO_084	12	0	1209.40189	683.23134	915.47849	676.65299
APO_084	12	1	1003.39979	628.32463	733.14900	612.67910
APO_084	13	0	1491.67051	560.50373	1249.78804	562.91791
APO_084	13	1	1324.95488	571.58582	1065.94753	565.43657
APO_084	14	0	1205.92025	632.43284	990.78069	623.26119
APO_084	14	1	1022.07975	594.14925	839.67891	580.44403
APO_084	15	0	658.97587	626.04478	364.42812	595.57090
APO_084	15	1	382.75656	608.14925	61.44806	571.95522
APO_084	16	0	1005.51941	515.74254	766.26967	499.41791
APO_084	16	1	781.88877	383.76493	562.28227	360.89179
APO_084	17	0	1173.09339	484.03731	1057.94648	472.92537
APO_084	17	1	1072.35887	498.64552	956.20462	488.54104
APO_084	18	0	1342.80273	800.91418	930.78699	791.86567
APO_084	18	1	596.57608	584.27985	330.17838	564.35448
APO_084	19	0	1856.53725	616.02985	1664.01574	621.23134
APO_084	19	1	1503.46275	627.61567	1304.34732	631.02239
APO_084	20	0	1532.37566	618.97761	1332.33158	623.18657
APO_084	20	1	1298.67156	596.81343	1129.85519	589.94030
APO_084	21	0	1547.48583	649.70522	1267.35782	647.86940
APO_084	21	1	1215.06191	659.77985	993.35992	654.41791
APO_084	22	0	1472.73872	533.95522	954.96327	529.92537
APO_084	22	1	439.20252	409.02985	32.23505	372.76119
APO_084	23	0	1803.14795	640.74627	1436.47429	640.74627
APO_084	23	1	454.62015	564.94776	325.33368	537.11940
APO_085	0	0	1153.34837	341.76493	1034.48374	349.95896
APO_085	0	1	1376.47534	266.70896	1264.66212	271.37687
APO_085	1	0	976.80797	696.54104	786.07975	709.57836
APO_085	1	1	1290.09234	662.79104	1096.84575	674.31716
APO_085	2	0	1121.92970	686.97015	933.87828	703.94776
APO_085	2	1	1448.30955	640.62687	1252.70304	657.60448
APO_085	3	0	1411.59077	519.72761	1196.20462	525.13433
APO_085	3	1	1647.30955	495.54851	1402.71039	503.47388
APO_085	4	0	1611.24869	585.49627	1432.99161	596.42910
APO_085	4	1	1851.50052	564.84328	1672.73977	570.23507
APO_085	5	0	1614.77440	618.04478	1394.23820	632.56343
APO_085	5	1	1906.90451	615.02239	1647.08185	625.00746
APO_085	6	0	1381.75236	329.92537	1242.27807	333.33209
APO_085	6	1	1576.16999	349.57090	1431.65897	357.51119
APO_085	7	0	1664.63799	740.45149	1278.17524	753.11940
APO_085	7	1	1840.92340	753.54851	1416.68520	757.65299
APO_085	8	0	1652.29486	738.58582	1383.77650	751.87687
APO_085	8	1	1298.71668	698.28731	1101.21616	706.03731
APO_085	9	0	944.76810	742.46642	714.20462	753.16418
APO_085	9	1	1219.26967	773.69776	937.83526	783.38806
APO_085	10	0	1264.33368	721.32836	1035.94753	734.69030
APO_085	10	1	1504.08185	685.56343	1310.44911	695.90299
APO_085	11	0	1212.34103	706.48134	930.84050	718.79104
APO_085	11	1	1489.86464	767.43284	1183.68416	783.26866
APO_085	12	0	1516.77859	668.74254	1256.16055	677.94776
APO_085	12	1	1823.51522	722.64179	1522.09969	735.87687
APO_085	13	0	884.44911	691.11940	662.83316	705.22388
APO_085	13	1	1570.85100	601.22761	1344.16684	620.39925
APO_085	14	0	965.03673	683.05970	626.56873	709.25373
APO_085	14	1	1740.69255	679.02985	1398.19517	697.16418
APO_086	0	0	1285.37251	979.25373	701.11228	975.22388
APO_086	0	1	1797.10388	914.77612	1226.94648	880.52239
APO_086	1	0	1507.80273	512.89552	809.75131	505.83209
APO_086	1	1	1340.07975	498.79104	671.74502	486.69030
APO_086	2	0	1366.77440	463.02612	789.33998	448.89552
APO_086	2	1	1285.68311	446.90672	728.39559	435.29478
APO_086	3	0	1354.36097	514.20149	641.95383	501.47388
APO_086	3	1	1260.67786	507.65299	553.30745	471.25000
APO_086	4	0	1333.16369	712.88060	715.88772	703.69776
APO_086	4	1	1204.72718	702.30224	591.48059	692.61567
APO_086	5	0	1008.95698	580.11567	513.56034	573.34701
APO_086	5	1	889.08290	575.07836	416.35152	567.80597
APO_086	6	0	1041.42812	594.39925	722.54565	590.88806
APO_086	6	1	945.22665	599.43657	624.32949	591.39179
APO_086	7	0	1078.19622	612.53358	742.69255	606.50373
APO_086	7	1	982.49843	614.04478	642.96537	610.53358
APO_086	8	0	1352.83736	590.05970	944.37985	582.07090
APO_086	8	1	1259.15425	581.49627	849.68940	574.01119
APO_086	9	0	1341.93179	483.48881	946.33998	476.94030
APO_086	9	1	1239.68625	483.48881	851.64953	476.94030
APO_086	10	0	1383.66002	645.63060	603.94334	635.08209
APO_086	10	1	1528.71773	644.62313	806.41973	629.54104
APO_086	11	0	789.75866	668.95522	292.50892	666.08955
APO_086	11	1	653.14166	605.97015	163.56873	595.06343
APO_086	12	0	1032.74711	689.60821	771.41658	682.00746
APO_086	12	1	825.23400	709.75746	556.85205	705.17910
APO_086	13	0	899.27387	621.10075	746.73662	611.98881
APO_086	13	1	721.98111	636.21269	583.04302	627.10075
APO_086	14	0	719.38300	637.30597	464.29171	626.42910
APO_086	14	1	472.58342	659.97388	228.06925	650.60821
APO_086	15	0	1478.64848	792.39179	925.55194	782.57090
APO_086	15	1	1024.38195	826.87313	492.05037	828.00000
APO_086	16	0	1894.31270	910.41791	1382.75446	887.64552
APO_086	16	1	1383.75236	837.68657	959.64218	823.70149
APO_086	17	0	1161.19622	655.35448	969.52361	652.38433
APO_086	17	1	483.19412	689.29478	246.28961	668.52239
APO_086	18	0	1155.75131	627.05224	946.82791	621.76493
APO_086	18	1	677.71563	529.24254	531.36621	525.33209
APO_086	19	0	1041.41448	639.70522	866.54669	636.47388
APO_086	19	1	1265.54879	628.62313	1114.85729	625.89552
APO_087	0	0	1111.95698	803.53358	686.05666	819.92537
APO_087	0	1	684.71878	746.31716	141.22350	788.61940
APO_087	1	0	823.88772	599.21269	623.79224	618.91791
APO_087	1	1	896.92025	602.23507	688.26233	621.43657
APO_087	2	0	723.65687	610.29478	483.77125	630.00000
APO_087	2	1	803.74082	619.36194	565.86988	640.07463
APO_087	3	0	681.85205	628.93284	450.52886	650.14925
APO_087	3	1	751.86254	632.45896	528.59811	653.67537
APO_087	4	0	670.96222	398.67164	401.64218	421.08955
APO_087	4	1	935.39035	452.57090	726.28856	472.40672
APO_087	5	0	1445.40714	584.73881	1236.08290	601.98507
APO_087	5	1	1690.69570	618.48881	1446.11438	631.20149
APO_087	6	0	862.22246	385.52985	660.63799	405.02239
APO_087	6	1	1133.30325	448.03731	908.97587	463.56343
APO_087	7	0	855.54355	660.53731	330.22350	689.44403
APO_087	7	1	1319.23295	756.29104	759.87303	763.56343
APO_087	8	0	851.24554	685.33955	331.34837	717.08955
APO_087	8	1	1424.26967	785.96269	862.28437	789.23881
APO_087	9	0	746.85205	426.71269	550.61280	450.14179
APO_087	9	1	1263.04932	361.67910	1093.24764	380.93284
APO_087	10	0	925.59916	524.86940	585.18678	543.10448
APO_087	10	1	1516.96118	389.21642	1266.76600	398.25746
APO_087	11	0	1785.01574	584.32836	1327.68101	594.40299
APO_087	11	1	763.56768	197.46269	380.77650	213.58209
APO_087	12	0	711.15320	344.75746	528.74502	369.36194
APO_087	12	1	1342.96432	278.53358	1160.28437	299.98134
APO_088	0	0	1142.59286	928.29851	956.18468	913.33582
APO_088	0	1	554.28227	838.23507	446.24449	830.50000
APO_088	1	0	896.69255	868.93284	685.00105	856.28358
APO_088	1	1	701.77125	888.57836	494.10913	882.47761
APO_088	2	0	1138.36936	1023.07836	818.32844	1005.95149
APO_088	2	1	521.05771	856.16045	250.64218	854.91791
APO_088	3	0	1042.68835	893.89552	686.06716	879.61567
APO_088	3	1	645.09759	977.23881	228.16369	986.80970
APO_088	4	0	1466.32109	57.92910	1162.93075	25.69030
APO_088	4	1	1132.60860	97.72388	893.46590	77.07090
APO_088	5	0	1300.89822	425.01493	880.89087	407.32463
APO_088	5	1	1180.01679	416.45149	770.58657	398.25746
APO_088	6	0	914.88353	950.54104	475.40189	943.48881
APO_088	6	1	497.99580	879.95522	115.84470	880.85821
APO_089	0	0	1062.39244	746.38060	793.89927	770.52612
APO_089	0	1	1327.32424	663.76866	1110.12277	687.29478
APO_089	1	0	1142.42917	781.88806	915.09444	804.45896
APO_089	1	1	1430.52991	803.54851	1147.79119	832.16418
APO_089	2	0	1895.34942	731.63806	1496.08499	770.23134
APO_089	2	1	1499.96642	747.25373	1173.23085	777.28358
APO_089	3	0	977.73977	665.18657	761.09024	681.20522
APO_089	3	1	755.11647	701.95896	545.01469	712.94030
APO_089	4	0	1353.63379	746.92537	1191.80273	783.51866
APO_089	4	1	1180.37041	788.73507	1015.51731	816.76493
APO_089	5	0	873.13012	729.35821	652.92760	741.76866
APO_089	5	1	672.16474	803.91045	413.17943	813.29851
APO_090	0	0	848.07660	806.29104	547.69360	800.05224
APO_090	0	1	1243.08919	758.88060	927.21091	754.82463
APO_090	1	0	1186.65268	880.52239	768.49843	868.23881
APO_090	1	1	1339.53095	829.42164	870.24029	811.31716
APO_090	2	0	1309.31060	937.22015	898.44596	922.64179
APO_090	2	1	1501.71354	827.40672	1033.63379	808.66418
APO_090	3	0	1883.23190	895.37687	1548.14061	876.57836
APO_090	3	1	1533.68311	878.25000	1247.95173	875.06716
APO_090	4	0	1504.30640	742.24627	1273.80273	728.77985
APO_090	4	1	1243.90766	684.31716	991.74607	675.88806
APO_090	5	0	1323.65163	670.97015	940.62329	660.51866
APO_090	5	1	1686.77335	660.13433	1179.12277	645.15672
APO_090	6	0	906.25289	749.10448	490.21616	744.48134
APO_090	6	1	1187.30220	698.22761	735.50472	684.53731
APO_090	7	0	934.96222	781.34328	623.68940	775.20896
APO_090	7	1	1159.09654	735.00000	774.28751	722.31716
APO_090	8	0	690.11228	911.98507	282.03568	910.72761
APO_090	8	1	993.10808	915.40672	592.80168	905.69030
APO_091	0	0	1088.72928	849.60075	921.08185	837.84701
APO_091	0	1	491.90346	856.96269	336.62015	817.74627
APO_091	1	0	1099.81007	536.67910	903.94229	527.94776
APO_091	1	1	935.10913	585.54104	751.83316	570.26119
APO_091	2	0	997.72508	929.52612	746.30220	911.00746
APO_091	2	1	693.00315	950.68284	463.23820	920.57836
APO_091	3	0	1046.07765	1040.34701	634.48688	1027.36940
APO_091	3	1	1273.06401	976.23134	955.92340	967.66791
APO_091	4	0	1230.28227	284.93284	1087.72298	273.63806
APO_091	4	1	1543.84260	209.22015	1422.18153	199.99254
APO_091	5	0	915.77335	816.18657	635.71459	797.69776
APO_091	5	1	659.40399	789.99254	367.76076	764.95522
APO_091	6	0	1186.65268	940.97015	900.56663	928.88060
APO_091	6	1	499.64323	775.74627	324.36516	743.50746
APO_091	7	0	718.97167	454.73507	491.73662	435.30597
APO_091	7	1	309.52886	327.13806	36.26443	294.35075
APO_091	8	0	997.56348	596.66791	588.75866	582.72761
APO_091	8	1	812.71563	551.33209	380.74187	531.85075
APO_091	9	0	950.21826	629.41045	604.87618	611.44030
APO_091	9	1	712.48478	595.15672	358.07660	571.14179
APO_091	10	0	886.94963	757.88806	511.11857	741.00000
APO_091	10	1	691.02099	785.59328	258.27492	767.19403
APO_091	11	0	1012.21826	847.86567	525.93179	834.91791
APO_091	11	1	766.42602	895.72015	207.84470	886.78731
APO_091	12	0	632.79538	611.00746	299.68520	590.07463
APO_091	12	1	406.64638	597.91045	21.15425	568.41418
APO_091	13	0	1787.03043	699.17910	1313.57817	685.07463
APO_091	13	1	727.30325	469.47761	145.05771	437.23881
APO_092	0	0	1425.80693	456.64179	1186.81427	461.08955
APO_092	0	1	1522.51207	430.44776	1273.94963	436.91045
APO_092	1	0	1356.30010	383.09701	980.30850	380.99627
APO_092	1	1	1467.61175	367.48134	1086.07975	370.41791
APO_092	2	0	1166.18993	193.93284	841.78174	188.02239
APO_092	2	1	1273.47219	183.85821	948.05666	180.46642
APO_092	3	0	1559.66632	433.23134	1104.74082	441.05970
APO_092	3	1	1699.36516	447.94776	1240.22875	454.15672
APO_092	4	0	1464.15005	368.86194	1010.55404	363.48507
APO_092	4	1	1627.33998	383.47015	1128.91710	387.66418
APO_092	5	0	1253.81322	437.45896	1014.46905	435.05970
APO_092	5	1	1345.98531	451.56343	1106.64113	452.18657
APO_092	6	0	957.75971	170.45149	263.70829	122.28731
APO_092	6	1	1107.35047	186.06716	429.92025	157.54851
APO_092	7	0	1106.73033	302.91791	581.35152	282.59328
APO_092	7	1	1232.14481	327.09701	727.41658	316.84701
APO_092	8	0	1203.43547	423.81343	961.19622	422.70149
APO_092	8	1	1288.86569	442.05224	1046.82057	440.33209
APO_092	9	0	1454.19412	990.83955	1040.31899	993.35821
APO_092	9	1	1900.35677	1043.22761	1348.56663	1037.68657
APO_092	10	0	1201.27072	914.96269	861.23400	919.57090
APO_092	10	1	1502.97062	955.26119	1089.39769	951.30597
APO_092	11	0	501.37041	777.23881	157.34103	760.38060
APO_092	11	1	1136.96118	497.93284	926.66632	492.45149
APO_092	12	0	1410.49213	822.91791	1122.68625	829.97015
APO_092	12	1	1770.11438	881.85448	1381.07030	886.38806
APO_092	13	0	1281.34313	670.97015	741.40609	662.91045
APO_092	13	1	1837.39769	693.13433	1196.72613	689.10448
APO_092	14	0	1265.66842	587.17164	1097.24554	589.57090
APO_092	14	1	1577.94544	559.46642	1372.25079	566.90299
APO_092	15	0	1063.75656	739.47761	737.37671	731.41791
APO_092	15	1	1895.82371	400.97015	1502.95908	413.05970
APO_093	0	0	833.20147	582.05970	653.38825	600.00000
APO_093	0	1	1125.33158	531.68657	942.01259	554.90299
APO_093	1	0	1251.12277	677.01493	1102.03568	701.19403
APO_093	1	1	1689.23295	633.30224	1602.80588	677.30970
APO_093	2	0	1862.58132	234.17537	1606.30220	259.25746
APO_093	2	1	1637.43966	258.85821	1414.90661	283.94030
APO_093	3	0	1908.41553	89.16045	1667.14061	112.31716
APO_093	3	1	1690.82896	124.92537	1465.67156	148.08209
APO_093	4	0	1498.73977	422.45149	1319.43127	446.05224
APO_093	4	1	1223.73452	385.17537	1066.08395	408.27239
APO_093	5	0	806.30010	457.91791	588.84470	477.14925
APO_093	5	1	971.00105	470.51119	781.75131	488.23134
APO_093	6	0	1350.68625	554.67537	1057.58027	577.48134
APO_093	6	1	1557.19203	534.02239	1281.21091	559.34701
APO_093	7	0	1095.44386	558.26119	833.54250	581.21269
APO_093	7	1	1482.88353	401.20522	1275.67051	432.79104
APO_093	8	0	1220.73767	421.04478	1049.87408	443.45896
APO_093	8	1	1499.77230	416.00746	1328.40504	444.46642
APO_093	9	0	1789.40504	569.82090	1503.77230	598.51866
APO_093	9	1	1447.41133	594.50373	1152.20881	619.67537
APO_093	10	0	1455.20147	591.37687	1138.67156	618.44403
APO_093	10	1	1857.54460	622.56343	1475.58237	644.25373
APO_093	11	0	1224.93179	479.55224	658.80378	499.70149
APO_093	11	1	1917.98531	384.85075	1015.40399	427.16418
APO_093	12	0	406.13116	539.68284	3.02204	551.29851
APO_093	12	1	1081.88772	404.30224	864.26967	432.31716
APO_093	13	0	1186.65268	685.07463	763.56768	693.13433
APO_093	13	1	1713.99790	528.39925	1416.26967	553.06716
APO_093	14	0	464.27807	364.54851	157.88877	382.59328
APO_093	14	1	1028.33578	338.07463	797.39874	360.81343
APO_093	15	0	1016.49528	354.34328	711.96957	381.29104
APO_093	15	1	1420.99056	190.74627	1045.47219	224.71642
APO_093	16	0	1202.55089	449.97388	969.37356	469.60448
APO_093	16	1	1555.62539	538.63060	1252.43757	562.79478
APO_093	17	0	1210.87408	449.08955	804.09444	467.77239
APO_093	17	1	1583.22246	422.22388	1155.39035	435.61940
APO_093	18	0	1057.39979	339.05224	877.97272	361.14179
APO_093	18	1	1200.44281	323.94030	1013.46065	345.52612
APO_093	19	0	1334.41973	356.68284	989.28437	379.27612
APO_093	19	1	1523.90556	325.24254	1178.11542	352.36940
APO_093	20	0	1614.24029	519.16418	1322.11123	546.02985
APO_093	20	1	1464.14586	428.99627	1197.20042	452.83955
APO_093	21	0	1327.62015	450.79104	1012.76705	473.19403
APO_093	21	1	1537.65163	432.15299	1208.69570	458.08209
APO_094	0	0	1261.28541	543.54851	955.00315	535.51866
APO_094	0	1	1494.48583	588.38060	1207.34313	584.88433
APO_094	1	0	861.46590	481.02985	658.94334	475.08955
APO_094	1	1	1053.86884	500.17164	887.10703	485.66791
APO_094	2	0	586.68311	250.89552	235.71878	237.76119
APO_094	2	1	764.98321	248.37687	473.45226	235.74627
APO_094	3	0	471.43757	364.70149	66.48478	344.55224
APO_094	3	1	683.25498	346.54851	358.62329	336.01493
APO_094	4	0	855.42183	152.03731	580.23085	141.04478
APO_094	4	1	1034.72928	158.58582	795.80273	153.13433
APO_094	5	0	1383.85939	388.91791	1198.10178	382.87687
APO_094	5	1	1781.36097	356.12313	1546.65897	351.64179
APO_094	6	0	1565.97901	399.25000	1447.97167	390.99254
APO_094	6	1	1334.79328	407.81343	1213.26023	407.11194
APO_094	7	0	908.01364	687.30597	405.71563	686.06716
APO_094	7	1	1460.56348	607.05224	884.14481	603.73134
APO_094	8	0	1235.00525	666.94030	832.06716	662.91045
APO_094	8	1	1674.20776	834.17910	1098.00630	812.01493
APO_094	9	0	1247.09339	638.73134	914.66946	640.74627
APO_094	9	1	1627.86988	646.79104	1237.01994	644.77612
APO_094	10	0	1869.63274	503.56343	1553.72508	496.38060
APO_094	10	1	1210.14586	392.68284	1029.95068	386.97761
APO_094	11	0	1249.83316	558.76493	856.78594	550.57836
APO_094	11	1	1431.15530	490.76119	1062.78804	483.07836
APO_094	12	0	1190.90346	452.47761	860.31165	446.80970
APO_094	12	1	1349.43861	356.42910	1014.90976	351.79104
APO_094	13	0	1381.85939	668.37313	964.86988	661.35075
APO_094	13	1	1563.18153	572.66418	1159.28751	569.16791
APO_094	14	0	1645.49843	730.58582	1145.45121	718.50746
APO_094	14	1	1761.34313	640.41791	1295.54565	632.87313
APO_094	15	0	1174.27807	471.84701	846.68625	467.14925
APO_094	15	1	1375.74711	427.01493	1037.57817	421.81343
APO_094	16	0	566.39244	58.93657	366.24869	55.91418
APO_094	16	1	933.25498	107.29478	769.53515	103.76866
APO_094	17	0	1390.13641	560.14925	1113.35152	557.08209
APO_094	17	1	1821.78384	512.51493	1607.01154	516.14179
APO_094	18	0	1220.90241	586.34328	916.68416	578.28358
APO_094	18	1	1758.82476	449.32836	1549.29696	435.22388
APO_095	0	0	1058.09654	447.96269	924.20357	439.19403
APO_095	0	1	384.45855	413.15672	197.16474	432.49627
APO_095	1	0	1314.03987	347.23134	1034.48478	335.57090
APO_095	1	1	1754.13326	312.30970	1409.72088	293.76119
APO_095	2	0	1579.08919	391.67910	1410.35467	375.45149
APO_095	2	1	1359.48793	426.43657	1203.84890	414.23881
APO_095	3	0	820.59496	555.80224	473.49108	547.51119
APO_095	3	1	1362.37251	396.19776	1130.38720	383.11567
APO_095	4	0	1374.01889	761.64179	831.93284	746.42164
APO_095	4	1	1791.05981	723.53358	1264.72193	694.36194
APO_095	5	0	1773.11857	405.97761	1554.02308	385.05224
APO_095	5	1	1517.25289	414.54104	1310.24554	399.66045
APO_095	6	0	1191.07975	360.11940	1124.65687	354.25373
APO_095	6	1	1398.08919	363.14179	1335.69570	346.19403
APO_095	7	0	743.70199	393.43657	550.44806	394.48881
APO_095	7	1	1298.27702	325.71642	1134.47219	314.45522
APO_095	8	0	1085.14271	406.62313	916.76705	400.46642
APO_095	8	1	1315.82476	394.53358	1177.16579	379.81343
APO_095	9	0	1490.77125	325.61567	1231.46590	310.94403
APO_095	9	1	1746.63694	313.02239	1479.27282	296.33582
APO_095	10	0	1146.07450	404.07463	805.11542	395.60075
APO_095	10	1	949.64218	358.23507	622.28227	351.77612
APO_095	11	0	1382.56348	455.59328	1075.88772	444.73507
APO_095	11	1	1228.94334	421.33955	959.53935	416.02239
APO_095	12	0	1612.60021	158.25746	1401.82476	138.52612
APO_095	12	1	1410.62749	160.27239	1225.03568	144.57090
APO_095	13	0	1444.87723	140.12313	1292.02413	118.37687
APO_095	13	1	1287.22770	159.26493	1134.37461	148.09701
APO_095	14	0	1262.65897	135.96269	1075.67786	124.92537
APO_095	14	1	1111.05352	168.20149	920.54669	163.71269
APO_095	15	0	1161.95383	130.43657	986.33683	126.94030
APO_095	15	1	1010.34837	135.47388	850.84890	135.00000
APO_095	16	0	1010.83945	197.50373	811.72193	194.94030
APO_095	16	1	851.67891	220.67537	661.62749	219.62313
APO_096	0	0	1234.23295	759.29478	1005.05981	770.08209
APO_096	0	1	641.43547	738.54104	476.61175	722.31716
APO_096	1	0	740.97272	464.85075	556.43652	462.71642
APO_096	1	1	892.57817	490.54104	722.64848	491.42910
APO_096	2	0	643.27387	445.22015	529.23820	440.55224
APO_096	2	1	514.33368	510.70522	396.19307	500.52612
APO_096	3	0	482.86988	564.77985	327.99895	552.04478
APO_096	3	1	653.11123	550.67537	498.74397	540.96269
APO_096	4	0	734.13116	564.76866	576.30955	560.10448
APO_096	4	1	880.69990	580.88806	708.42812	579.95522
APO_096	5	0	1911.94124	773.73134	1503.22980	794.42164
APO_096	5	1	1200.18993	654.25746	990.85519	680.42164
APO_096	6	0	1831.85729	349.39179	1625.57083	378.01493
APO_096	6	1	1507.99580	388.17910	1329.91501	406.22388
APO_096	7	0	1162.47639	818.05970	856.24344	814.02985
APO_096	7	1	461.36411	733.43284	243.77754	723.35821
APO_096	8	0	1382.99685	949.53358	889.16684	951.54851
APO_096	8	1	1024.88562	915.78358	595.52571	920.82090
APO_096	9	0	954.60021	861.34701	641.33158	859.82463
APO_096	9	1	671.53620	846.73881	388.99161	836.65299
APO_096	10	0	912.11857	841.13806	545.92760	841.55224
APO_096	10	1	627.91081	893.41045	267.90031	884.87313
APO_096	11	0	1323.78069	723.84328	1130.35782	737.26866
APO_096	11	1	1132.88877	752.05224	947.52466	758.92910
APO_096	12	0	722.55614	591.46642	463.93494	583.53731
APO_096	12	1	443.52151	600.02985	104.47009	579.49254
APO_096	13	0	445.84680	675.14179	235.71878	657.06716
APO_096	13	1	248.91081	612.17537	48.85624	589.06343
APO_096	14	0	856.24029	472.80597	517.86884	467.47388
APO_096	14	1	634.62434	463.23507	248.90766	447.82836
APO_096	15	0	1016.91186	598.23507	624.64743	597.43657
APO_096	15	1	792.77754	560.45522	368.78174	549.58209
APO_096	16	0	621.67156	661.58582	55.90766	652.99254
APO_096	16	1	851.34627	703.39552	375.23610	697.32090
APO_096	17	0	914.24764	704.18657	513.76600	700.15672
APO_096	17	1	737.45855	666.91045	343.02099	661.36940
APO_096	18	0	754.19622	689.10448	379.45016	681.99254
APO_096	18	1	525.02518	701.69776	32.23505	690.48134
APO_096	19	0	601.12277	615.03731	294.14481	598.11940
APO_096	19	1	427.85939	613.52612	48.35257	601.64552
APO_097	0	0	845.70829	422.98507	602.03253	415.66045
APO_097	0	1	1099.05561	372.61194	888.11857	356.72388
APO_097	1	0	739.39140	781.79104	44.32319	797.91045
APO_097	1	1	1118.15320	854.32836	513.74607	844.25373
APO_097	2	0	1459.97272	571.45149	1195.53935	549.39179
APO_097	2	1	1636.25813	581.02239	1398.01574	546.36940
APO_097	3	0	864.70094	497.77239	693.32949	491.01493
APO_097	3	1	1057.10388	493.23881	899.83526	479.42910
APO_097	4	0	247.84470	353.45149	139.01364	372.90299
APO_097	4	1	867.39559	338.10075	758.64008	333.42164
APO_097	5	0	1281.97482	550.64552	1018.09339	527.69776
APO_097	5	1	899.18363	559.20896	613.76705	547.87687
APO_097	6	0	269.17209	398.62313	165.81532	412.95522
APO_097	6	1	680.05666	385.55597	591.93809	387.24627
APO_097	7	0	1208.70724	497.84328	1020.94229	480.00746
APO_097	7	1	625.32214	396.22761	450.34837	400.65672
APO_097	8	0	1411.87933	563.84701	1100.19203	541.13433
APO_097	8	1	1130.83001	532.61567	867.49528	515.94776
APO_097	9	0	1157.98636	635.14552	821.64848	617.14179
APO_097	9	1	817.85519	602.00000	534.25603	594.10448
APO_097	10	0	1139.22980	609.03731	856.10808	586.45896
APO_097	10	1	893.15320	586.13433	628.95173	574.87313
APO_097	11	0	926.39559	550.87313	683.34837	541.62687
APO_097	11	1	695.88143	535.85075	472.16789	530.24627
APO_097	12	0	1011.13746	227.50373	805.92760	212.06716
APO_097	12	1	853.48793	211.88806	646.76705	205.51866
APO_097	13	0	936.09024	164.53731	743.97587	153.13060
APO_097	13	1	796.57293	122.72761	593.37775	121.39552
APO_097	14	0	717.90556	157.78358	525.73662	160.49627
APO_097	14	1	563.27807	204.63060	369.59811	207.84701
APO_097	15	0	1069.05666	107.29478	901.58237	91.67910
APO_097	15	1	940.11647	68.50746	756.52466	57.92910
APO_097	16	0	726.60021	84.62687	531.02728	83.61940
APO_097	16	1	556.35887	42.81716	357.26023	49.36567
APO_097	17	0	799.64848	197.54851	722.81007	196.08209
APO_097	17	1	625.88143	156.74627	562.64218	167.36940
APO_097	18	0	1468.26233	448.02239	1381.97167	415.69030
APO_097	18	1	1043.06191	398.13806	962.05352	377.45149
APO_097	19	0	750.09444	256.90299	479.30010	252.85821
APO_097	19	1	936.95698	299.21642	696.38300	287.11194
APO_097	20	0	1035.53410	335.08209	668.88353	318.48881
APO_097	20	1	820.46590	310.90299	456.83736	300.35448
APO_097	21	0	1264.63484	570.48881	832.83736	548.53358
APO_097	21	1	1423.79538	526.16045	1006.10073	502.19030
APO_097	22	0	1879.70619	616.05970	1402.15215	574.38433
APO_097	22	1	1552.31899	574.75373	1176.00315	548.69403
APO_097	23	0	1375.54669	534.03731	959.56873	508.88060
APO_097	23	1	1596.15530	502.80597	1171.11123	476.64179
APO_097	24	0	1742.49003	395.38060	1368.68520	365.61567
APO_097	24	1	1539.00630	326.36940	1184.34103	298.61940
APO_097	25	0	521.21931	271.14925	397.79328	273.54851
APO_097	25	1	747.36831	224.80597	624.44596	226.19776
APO_098	0	0	882.17419	664.17910	627.71459	677.21642
APO_098	0	1	526.83316	633.22761	230.41763	647.36194
APO_098	1	0	1585.86149	557.94030	1256.69255	590.10448
APO_098	1	1	1447.35152	558.94776	1138.32949	583.55597
APO_098	2	0	1386.47534	204.98507	1043.43127	214.43657
APO_098	2	1	1212.70829	192.89552	862.61280	206.88060
APO_098	3	0	1081.79538	279.00746	833.64848	290.42910
APO_098	3	1	940.76705	302.17910	691.61280	314.60821
APO_098	4	0	1140.72508	313.76493	933.87933	324.68284
APO_098	4	1	999.69675	316.78731	799.39874	329.72015
APO_098	5	0	1035.45750	336.43284	862.86149	347.35075
APO_098	5	1	920.62015	346.50746	737.95068	358.43284
APO_098	6	0	1019.34313	409.85821	788.69990	421.90299
APO_098	6	1	877.81112	433.02985	654.72298	445.57836
APO_098	7	0	992.14481	396.25746	801.79538	404.77612
APO_098	7	1	882.84785	405.82836	691.99475	418.37687
APO_098	8	0	903.49843	516.64925	752.93914	528.69403
APO_098	8	1	784.12802	528.73881	631.55404	539.27239
APO_098	9	0	1167.73242	709.96269	896.87198	724.46642
APO_098	9	1	961.22665	688.80597	720.58657	710.36194
APO_098	10	0	776.15320	228.37687	479.57922	247.77239
APO_098	10	1	1015.39769	252.55597	697.16579	264.89925
APO_098	11	0	775.73662	720.85075	632.15950	733.47388
APO_098	11	1	498.21301	759.13433	322.80378	770.64552
APO_098	12	0	1314.97167	726.11194	1139.26233	740.46642
APO_098	12	1	1055.58027	763.38806	890.95173	781.26866
APO_098	13	0	880.89087	882.41418	715.77335	895.66045
APO_098	13	1	648.19412	893.49627	514.80797	905.23134
APO_099	0	0	1373.33683	392.71642	587.79643	375.82090
APO_099	0	1	1552.14061	446.11194	755.01574	428.20896
APO_099	1	0	1724.07135	475.45896	1078.80378	461.44403
APO_099	1	1	1904.38615	513.23881	1226.37985	496.20149
APO_099	2	0	1136.75971	228.76119	407.77440	202.67164
APO_099	2	1	1288.36516	296.26119	609.24344	277.72761
APO_099	3	0	1636.43232	575.30224	926.23400	554.87313
APO_099	3	1	1866.61070	613.58582	1049.63379	591.64552
APO_099	4	0	1540.82581	328.82836	965.22665	317.40672
APO_099	4	1	1712.07450	383.73507	1112.29906	377.85448
APO_099	5	0	935.13746	934.53358	587.86569	922.44776
APO_099	5	1	733.66842	879.62687	295.03987	874.93284
APO_099	6	0	933.07870	700.67537	630.21826	688.41791
APO_099	6	1	770.89612	618.06343	421.19412	608.82836
APO_099	7	0	874.32424	784.12687	569.48583	772.45149
APO_099	7	1	668.32214	765.99254	342.32949	755.82836
APO_099	8	0	804.67051	780.48134	526.38720	768.58582
APO_099	8	1	662.13116	773.42910	343.05037	760.52612
APO_099	9	0	1386.80273	466.94030	1300.61490	456.54104
APO_099	9	1	1242.75236	471.97761	1143.97272	461.07463
APO_099	10	0	1476.42392	917.66045	1270.58867	911.79478
APO_099	10	1	1172.70934	919.67537	955.79328	911.29104
APO_099	11	0	1877.69150	514.09701	1718.10073	498.45149
APO_099	11	1	1491.37461	550.86940	1364.22665	542.48881
APO_099	12	0	1455.82057	778.67537	1424.28437	779.68284
APO_099	12	1	1243.27072	775.14925	1198.63903	774.64552
APO_099	13	0	1544.37566	749.42910	1360.03043	743.26866
APO_099	13	1	1195.83421	760.00746	1030.12487	752.83955
APO_099	14	0	539.08290	847.70522	412.93284	835.07836
APO_099	14	1	1357.90136	757.61194	1075.08604	743.42910
APO_100	0	0	1256.24764	561.55597	417.04092	554.10448
APO_100	0	1	1106.65687	526.79851	211.54250	544.02985
APO_100	1	0	1191.21091	296.84328	492.21091	302.76493
APO_100	1	1	1037.08709	279.71642	314.41448	278.08209
APO_100	2	0	1343.82371	398.59701	514.75866	404.31716
APO_100	2	1	1203.29906	405.14552	301.70514	402.80597
APO_100	3	0	1003.71459	368.42910	355.08919	373.95522
APO_100	3	1	844.55404	361.37687	172.25603	364.38433
APO_100	4	0	985.58237	416.28358	411.50052	433.89925
APO_100	4	1	858.65687	431.89925	225.14166	456.56716
APO_100	5	0	988.33578	551.08209	223.63064	562.59328
APO_100	5	1	785.35572	521.86567	11.08080	558.05970
APO_100	6	0	954.96327	606.49254	238.74082	630.54851
APO_100	6	1	804.50577	636.50373	16.62120	665.30597
APO_100	7	0	1221.18153	731.94403	824.55299	742.29104
APO_100	7	1	417.00210	492.92537	42.81217	521.51866
APO_100	8	0	828.96432	623.79478	428.46800	644.59328
APO_100	8	1	635.05037	551.76119	148.42602	573.56716
APO_100	9	0	626.68311	394.03358	442.37775	419.41045
APO_100	9	1	809.51626	374.38806	632.26233	396.74254
APO_100	10	0	1062.43547	677.93284	748.93914	695.07463
APO_100	10	1	425.23820	516.02612	220.64218	544.72388
APO_100	11	0	969.84680	649.57090	736.14061	666.57836
APO_100	11	1	533.83001	580.70896	278.98426	613.70149
APO_100	12	0	898.35362	558.04104	606.33998	578.16418
APO_100	12	1	560.38930	508.17164	156.15740	533.15299
APO_100	13	0	1839.41238	642.76119	1367.97482	644.77612
APO_100	13	1	803.86149	552.08955	28.20567	564.17910
APO_100	14	0	816.51941	580.69776	505.10388	601.07836
APO_100	14	1	519.85624	458.29104	154.54774	478.16791
APO_100	15	0	788.41973	562.05970	499.85414	579.34328
APO_100	15	1	424.76810	534.85821	135.36306	557.00746
APO_100	16	0	921.54250	666.99627	567.39454	683.17164
APO_100	16	1	535.05771	782.03731	29.21301	822.01119
APO_100	17	0	1158.78804	732.08209	816.00525	741.53358
APO_100	17	1	786.24449	818.14179	334.02833	840.51866
APO_100	18	0	1161.05037	700.46642	897.71983	718.83582
APO_100	18	1	1358.49003	732.70522	1143.00839	755.10448
APO_100	19	0	1258.16999	780.58582	867.01994	793.59328
APO_100	19	1	937.33054	774.03731	455.30010	804.12687
APO_100	20	0	873.04932	706.24254	612.40189	727.57836
APO_100	20	1	655.96642	704.22761	427.55404	730.60075
APO_100	21	0	917.77335	784.86567	546.13746	801.88060
APO_100	21	1	503.80063	838.16418	37.77545	872.91791
APO_100	22	0	535.37985	486.37687	363.53830	510.14179
APO_100	22	1	367.15320	445.57463	187.75656	471.85821
APO_100	23	0	677.13326	588.63806	514.90556	607.83582
APO_100	23	1	360.82686	593.67537	188.52571	627.48134
APO_100	24	0	662.02308	689.66045	387.86149	710.87687
APO_100	24	1	322.04407	653.89552	20.14690	676.33209
APO_105	0	0	1669.80170	535.46218	1240.75472	549.06040
APO_105	0	1	1443.17280	364.84034	1019.77358	371.47651
APO_105	1	0	966.34561	515.49580	543.39623	530.93960
APO_105	1	1	1316.26062	549.98319	883.92453	547.24832
APO_105	2	0	1278.18697	368.47059	608.60377	389.59732
APO_105	2	1	882.94618	52.63866	210.11321	59.79866
APO_105	3	0	1622.66289	577.21008	943.69811	578.05369
APO_105	3	1	1138.58357	437.44538	655.69811	440.33557
APO_105	4	0	1617.22380	112.53782	1248.00000	134.09396
APO_105	4	1	1225.60907	49.00840	931.01887	59.79866
APO_105	5	0	1352.52125	784.13445	731.77358	788.25503
APO_105	5	1	861.18980	680.67227	259.01887	704.89933
APO_105	6	0	1338.01700	669.78151	876.67925	692.21477
APO_105	6	1	995.35411	332.16807	585.05660	342.48322
APO_105	7	0	1745.94901	328.53782	1331.32075	346.10738
APO_105	7	1	1327.13881	352.13445	898.41509	364.22819
APO_105	8	0	1192.97450	210.55462	1045.13208	219.26174
APO_105	8	1	957.28045	154.28571	809.66038	168.52349
APO_105	9	0	1207.47875	422.92437	936.45283	434.89933
APO_105	9	1	861.18980	384.80672	518.03774	396.84564
APO_105	10	0	273.76771	152.47059	10.86792	186.64430
APO_105	10	1	397.05382	239.59664	152.15094	282.68456
APO_105	11	0	725.21246	294.05042	498.11321	311.67785
APO_105	11	1	562.03966	281.34454	376.75472	304.42953
APO_105	12	0	1454.05099	257.74790	1302.33962	262.75168
APO_105	12	1	1310.82153	270.45378	1144.75472	266.37584
APO_105	13	0	1321.69972	168.80672	1097.66038	179.39597
APO_105	13	1	1178.47025	79.86555	950.94340	86.97987
APO_105	14	0	988.10198	214.18487	731.77358	221.07383
APO_105	14	1	1134.95751	192.40336	920.15094	206.57718
APO_105	15	0	1486.68555	326.72269	1289.66038	342.48322
APO_105	15	1	1196.60057	370.28571	1021.58491	378.72483
APO_105	16	0	777.79037	210.55462	532.52830	231.94631
APO_105	16	1	533.03116	141.57983	260.83019	163.08725
APO_105	17	0	1149.46176	506.42017	798.79245	509.19463
APO_105	17	1	872.06799	397.51261	510.79245	405.90604
APO_105	18	0	1638.98017	524.57143	1133.88679	534.56376
APO_105	18	1	1310.82153	395.69748	867.62264	405.90604
APO_105	19	0	1385.15581	21.78151	1037.88679	30.80537
APO_105	19	1	1872.86119	70.78992	1392.90566	103.28859
APO_105	20	0	1374.27762	324.90756	849.50943	342.48322
APO_105	20	1	1706.06232	228.70588	1179.16981	259.12752
APO_105	21	0	1484.87252	321.27731	1269.73585	318.92617
APO_105	21	1	1678.86686	147.02521	1461.73585	141.34228
APO_105	22	0	732.46459	150.65546	289.81132	161.27517
APO_105	22	1	935.52408	197.84874	574.18868	230.13423
APO_105	23	0	1309.00850	306.75630	1152.00000	300.80537
APO_105	23	1	1131.33144	261.37815	979.92453	248.25503
APO_105	24	0	997.16714	392.06723	630.33962	409.53020
APO_105	24	1	748.78187	375.73109	300.67925	385.97315
APO_105	25	0	1312.63456	580.84034	947.32075	588.92617
APO_105	25	1	1033.42776	502.78992	624.90566	518.25503
APO_105	26	0	1095.07082	263.19328	949.13208	271.81208
APO_105	26	1	919.20680	212.36975	773.43396	224.69799
APO_105	27	0	1323.51275	530.01681	990.79245	538.18792
APO_105	27	1	1111.38810	392.06723	807.84906	396.84564
APO_001	0	0	1561.92635	744.15966	1391.09434	741.08054
APO_001	0	1	1420.50992	744.15966	1252.52830	738.36242
APO_001	1	0	1147.64873	1070.92437	869.43396	1052.81879
APO_001	1	1	863.00283	1011.02521	592.30189	1011.14094
APO_001	2	0	1651.67139	323.09244	719.09434	306.24161
APO_001	2	1	908.32861	613.51261	124.98113	616.10738
APO_001	3	0	1356.14731	669.78151	1150.18868	670.46980
APO_001	3	1	1153.08782	591.73109	965.43396	590.73826
APO_001	4	0	812.23796	680.67227	626.71698	684.96644
APO_001	4	1	959.09348	698.82353	786.11321	688.59060
APO_001	5	0	790.48159	595.36134	16.30189	587.11409
APO_001	5	1	1000.79320	439.26050	418.41509	425.83893
APO_001	6	0	1176.65722	660.70588	914.71698	657.78523
APO_001	6	1	968.15864	644.36975	762.56604	637.85235
APO_001	7	0	895.61756	551.09244	881.90566	548.93289
APO_001	7	1	1164.85269	489.37815	1171.71698	480.97987
APO_001	8	0	349.52408	233.24370	362.26415	249.16107
APO_001	8	1	681.30878	272.26891	669.28302	277.24832
APO_001	9	0	1113.20113	784.13445	1052.37736	795.50336
APO_001	9	1	1561.01983	689.74790	1534.18868	695.83893
APO_001	10	0	801.68839	410.05882	716.69811	410.20134
APO_001	10	1	953.98300	311.13445	870.66038	306.00671
APO_001	11	0	514.90085	566.31933	275.32075	554.49664
APO_001	11	1	707.08215	497.34454	512.60377	483.82550
APO_001	12	0	1183.90935	348.50420	896.60377	333.42282
APO_001	12	1	808.61190	348.50420	592.30189	347.91946
APO_001	13	0	475.01416	484.63866	391.24528	482.01342
APO_001	13	1	730.65156	410.21849	617.66038	413.15436
APO_001	14	0	424.24929	698.82353	306.11321	692.21477
APO_001	14	1	183.11615	680.67227	48.90566	670.46980
APO_001	15	0	1142.64023	511.84034	1062.69811	506.80537
APO_001	15	1	961.33711	507.30252	886.09434	501.36913
APO_001	16	0	1527.90935	466.46218	1408.66038	454.25503
APO_001	16	1	1296.74788	467.36975	1168.66038	458.78523
APO_001	17	0	1250.51558	608.04202	1140.58491	603.75168
APO_001	17	1	1061.05382	608.94958	943.15094	601.03356
APO_001	18	0	1156.97734	407.80672	1136.79245	401.28859
APO_001	18	1	1015.56091	422.32773	996.41509	418.50336
APO_001	19	0	1918.18697	597.17647	1746.11321	590.73826
APO_001	19	1	1635.35411	624.40336	1483.47170	619.73154
APO_001	20	0	1591.84136	330.35294	1213.58491	317.11409
APO_001	20	1	1425.04249	339.42857	996.22642	326.17450
APO_001	21	0	1156.71388	479.19328	762.56604	469.32886
APO_001	21	1	911.95467	417.47899	458.26415	407.71812
APO_001	22	0	1323.51275	693.37815	1075.92453	688.59060
APO_001	22	1	1124.07932	689.74790	851.32075	675.90604
APO_001	23	0	868.44193	667.96639	691.92453	665.03356
APO_001	23	1	998.98017	584.47059	822.33962	572.61745
APO_001	24	0	879.32011	551.79832	643.01887	543.62416
APO_001	24	1	694.39093	557.24370	400.30189	556.30872
APO_001	25	0	1011.67139	526.38655	822.33962	516.44295
APO_001	25	1	868.44193	609.88235	659.32075	597.98658
APO_001	26	0	728.83853	638.92437	574.18868	637.85235
APO_001	26	1	819.49008	555.42857	673.81132	543.62416
APO_001	27	0	1245.55241	617.14286	1081.35849	616.10738
APO_001	27	1	1055.18414	622.58824	869.43396	617.91946
APO_001	28	0	1182.09632	791.39496	952.75472	786.44295
APO_001	28	1	931.89802	902.11765	706.41509	895.16779
APO_001	29	0	928.27195	640.73950	871.24528	636.04027
APO_001	29	1	1577.33711	588.10084	1452.67925	570.80537
APO_001	30	0	1872.86119	535.46218	1300.52830	527.31544
APO_001	30	1	1234.67422	569.94958	796.98113	556.30872
APO_001	31	0	237.50708	771.42857	202.86792	742.95302
APO_001	31	1	9.06516	729.68067	14.49057	708.52349
APO_001	32	0	736.09065	804.10084	630.33962	782.81879
APO_001	32	1	493.14448	805.91597	382.18868	790.06711
APO_001	33	0	580.16997	486.45378	326.03774	478.38926
APO_001	33	1	853.93768	493.71429	626.71698	494.69799
APO_002	0	0	859.31728	758.52941	582.33962	774.86577
APO_002	0	1	697.95751	749.45378	432.90566	765.80537
APO_002	1	0	514.90085	604.43697	452.83019	632.41611
APO_002	1	1	199.43343	642.55462	114.11321	655.97315
APO_002	2	0	768.72521	333.98319	626.71698	349.73154
APO_002	2	1	271.95467	212.36975	130.41509	250.06711
APO_002	3	0	1722.37960	757.81513	1344.00000	775.11409
APO_002	3	1	1560.11331	807.73109	1192.75472	830.38255
APO_002	4	0	1288.71388	779.59664	958.67925	790.06711
APO_002	4	1	1128.26062	820.43697	822.83019	841.71141
APO_002	5	0	1508.09065	916.63866	1136.18868	932.31544
APO_002	5	1	1344.91785	937.51261	984.03774	945.00000
APO_002	6	0	1051.73088	1008.30252	510.79245	1039.22819
APO_002	6	1	844.13881	1012.84034	306.11321	1050.10067
APO_002	7	0	998.90368	883.96639	278.94340	924.16107
APO_002	7	1	810.34844	901.21008	63.39623	962.21477
APO_002	8	0	391.61473	651.63025	18.11321	663.22148
APO_002	8	1	678.07365	722.42017	353.20755	746.57718
APO_002	9	0	1269.12181	825.88235	994.41509	851.67785
APO_002	9	1	1626.28895	845.84874	1307.77358	858.92617
APO_002	10	0	756.43343	603.26891	613.50943	617.79866
APO_002	10	1	592.35411	504.34454	413.35849	517.22819
APO_002	11	0	1432.29462	707.49580	1314.03774	731.79866
APO_002	11	1	1781.30312	619.46218	1641.88679	639.38255
APO_002	12	0	1125.77337	684.59664	909.88679	692.54362
APO_002	12	1	801.24079	829.80672	542.18868	838.41611
APO_002	13	0	1368.83853	597.17647	1123.01887	612.48322
APO_002	13	1	1726.00567	471.93277	1418.26415	491.07383
APO_002	14	0	1131.33144	789.57983	648.45283	811.81208
APO_002	14	1	1343.45609	680.67227	853.13208	708.52349
APO_002	15	0	1082.37960	646.18487	677.43396	672.28188
APO_002	15	1	1296.31728	611.69748	911.09434	626.97987
APO_002	16	0	629.12181	869.44538	268.07547	896.97987
APO_002	16	1	844.87252	805.91597	499.92453	835.36913
APO_002	17	0	853.93768	744.20168	374.94340	755.63758
APO_002	17	1	1100.50992	655.26050	633.96226	661.40940
APO_002	18	0	1129.51841	938.42017	621.28302	973.08725
APO_002	18	1	902.88952	818.62185	400.30189	860.73826
APO_002	19	0	940.96317	497.34454	711.84906	503.75839
APO_002	19	1	1071.50142	393.88235	851.32075	405.90604
APO_002	20	0	1011.67139	364.84034	873.05660	376.91275
APO_002	20	1	1124.07932	290.42017	976.30189	300.80537
APO_002	21	0	1109.57507	711.52941	751.69811	735.70470
APO_002	21	1	1385.15581	667.96639	987.16981	694.02685
APO_002	22	0	84.30595	756.91597	63.39623	768.32215
APO_002	22	1	690.76487	643.50420	617.66038	659.44966
APO_002	23	0	1890.99150	460.93277	1590.33962	482.01342
APO_002	23	1	1521.13314	450.04202	1278.79245	465.70470
APO_002	24	0	1386.42493	489.78992	1338.67925	497.36242
APO_002	24	1	1555.94334	430.79832	1524.33962	438.46980
APO_002	25	0	1377.90368	885.78151	902.35849	896.07383
APO_002	25	1	1900.96317	905.74790	1310.81132	932.31544
APO_002	26	0	1142.20963	715.15966	885.73585	732.08054
APO_002	26	1	1591.84136	767.79832	1204.52830	802.75168
APO_002	27	0	565.66572	520.94118	461.88679	538.18792
APO_002	27	1	786.85552	533.64706	686.49057	547.24832
APO_002	28	0	1608.15864	560.87395	1170.11321	599.79866
APO_002	28	1	1225.60907	626.21849	914.71698	634.22819
APO_003	0	0	915.24929	392.30252	764.98113	410.93960
APO_003	0	1	1054.85269	346.92437	928.00000	364.73154
APO_003	1	0	455.07082	397.51261	260.83019	404.09396
APO_003	1	1	242.94618	321.27731	27.16981	337.04698
APO_003	2	0	311.84136	528.20168	186.56604	527.31544
APO_003	2	1	96.09065	453.78151	21.73585	476.57718
APO_003	3	0	790.70538	542.69748	605.39623	556.89933
APO_003	3	1	637.50425	599.87395	431.50943	607.63758
APO_003	4	0	1044.41926	475.65546	827.84906	495.44966
APO_003	4	1	1270.14164	295.95798	1014.41509	319.67785
APO_003	5	0	1642.60623	83.49580	1564.98113	90.60403
APO_003	5	1	1454.05099	72.60504	1371.16981	94.22819
APO_003	6	0	356.26062	419.67227	212.83019	435.88591
APO_003	6	1	192.18130	439.63866	29.88679	456.72483
APO_003	7	0	895.10198	718.78992	530.71698	738.41611
APO_003	7	1	750.96601	772.33613	407.54717	780.09396
APO_003	8	0	585.60907	711.08403	217.35849	720.02013
APO_003	8	1	406.11898	702.91597	13.58491	705.52349
APO_003	9	0	540.28329	539.09244	409.35849	544.77852
APO_003	9	1	336.31728	582.71429	216.45283	588.26846
APO_003	10	0	743.34278	147.02521	565.13208	173.95973
APO_003	10	1	232.06799	163.36134	65.20755	193.89262
APO_003	11	0	933.35694	345.47899	796.88679	364.21477
APO_003	11	1	774.71671	262.89076	653.79245	285.38926
APO_003	12	0	506.74221	338.21008	412.07547	361.40940
APO_003	12	1	283.73938	343.65546	195.62264	375.90604
APO_003	13	0	898.44193	51.73109	812.07547	79.73154
APO_003	13	1	666.37394	36.30252	601.05660	77.01342
APO_003	14	0	474.10765	298.58824	439.24528	323.45638
APO_003	14	1	278.30028	322.18487	259.92453	343.38926
APO_003	15	0	1224.70255	267.21008	768.71698	292.53691
APO_003	15	1	1458.58357	239.98319	909.09434	266.26174
APO_003	16	0	558.37960	413.53782	451.18868	426.81208
APO_003	16	1	654.47025	395.38655	534.50943	409.59732
APO_003	17	0	589.23513	528.20168	364.07547	545.43624
APO_003	17	1	386.17564	528.20168	128.60377	540.00000
APO_003	18	0	647.00000	500.64706	413.88679	513.75168
APO_003	18	1	337.87819	486.12605	80.60377	486.57047
APO_003	19	0	1037.05382	464.67227	820.52830	465.70470
APO_003	19	1	670.82153	459.22689	469.13208	467.51678
APO_003	20	0	937.33711	312.20168	840.45283	331.61074
APO_003	20	1	1120.45326	308.57143	1032.45283	331.61074
APO_003	21	0	1044.30595	673.41176	476.37736	688.59060
APO_003	21	1	614.61756	608.06723	70.64151	608.85906
APO_003	22	0	1473.99433	255.93277	858.56604	308.05369
APO_003	22	1	832.18130	308.57143	14.49057	286.30872
APO_003	23	0	688.95184	370.28571	498.11321	385.97315
APO_003	23	1	389.80170	404.77311	195.62264	424.02685
APO_003	24	0	705.26912	706.08403	329.66038	715.77181
APO_003	24	1	449.63173	540.90756	65.20755	556.30872
APO_003	25	0	790.48159	506.42017	438.33962	527.31544
APO_003	25	1	509.46176	359.39496	45.28302	356.97987
APO_003	26	0	968.15864	747.83193	579.62264	761.07383
APO_003	26	1	757.84703	608.06723	336.90566	621.54362
APO_003	27	0	1493.93768	266.82353	1391.09434	277.24832
APO_003	27	1	1339.83003	297.68067	1228.07547	313.48993
APO_003	28	0	931.89802	589.91597	345.96226	596.17450
APO_003	28	1	688.95184	486.45378	7.24528	491.07383
APO_003	29	0	792.29462	397.51261	7.24528	385.97315
APO_003	29	1	1027.98867	366.65546	389.43396	371.47651
APO_004	0	0	935.52408	163.36134	820.52830	161.27517
APO_004	0	1	670.82153	132.50420	501.73585	135.90604
APO_004	1	0	818.81303	744.33613	686.20755	727.36242
APO_004	1	1	1001.92918	845.07563	861.00000	835.18121
APO_004	2	0	873.76204	879.42857	515.39623	869.79866
APO_004	2	1	987.98300	876.70588	630.41509	859.83221
APO_004	3	0	910.14164	969.27731	418.41509	973.08725
APO_004	3	1	779.60340	1076.36975	233.66038	1052.81879
APO_004	4	0	416.99717	658.89076	271.69811	666.84564
APO_004	4	1	598.30028	700.63866	456.45283	699.46309
APO_004	5	0	1147.64873	624.40336	735.39623	605.23490
APO_004	5	1	772.35127	573.57983	255.39623	576.24161
APO_004	6	0	824.92918	833.14286	114.11321	860.73826
APO_004	6	1	1058.81020	802.28571	474.56604	781.00671
APO_004	7	0	915.58074	588.10084	652.07547	570.80537
APO_004	7	1	1026.17564	608.06723	795.16981	596.17450
APO_004	8	0	781.41643	887.59664	340.52830	889.73154
APO_004	8	1	997.16714	891.22689	592.30189	884.29530
APO_004	9	0	667.19547	922.08403	86.94340	936.84564
APO_004	9	1	888.38527	947.49580	306.11321	951.34228
APO_004	10	0	1432.29462	918.45378	1086.79245	891.54362
APO_004	10	1	1599.09348	958.38655	1237.13208	931.40940
APO_004	11	0	1236.48725	893.04202	876.67925	873.42282
APO_004	11	1	1367.02550	874.89076	996.22642	848.05369
APO_004	12	0	1678.86686	773.24370	1456.30189	750.20134
APO_004	12	1	785.04249	849.47899	487.24528	873.42282
APO_004	13	0	725.21246	649.81513	469.13208	641.47651
APO_004	13	1	1521.13314	544.53782	1400.15094	530.93960
APO_004	14	0	953.65439	775.05882	679.24528	766.51007
APO_004	14	1	634.56091	695.19328	335.09434	692.21477
APO_004	15	0	779.73088	633.44538	604.98113	636.57718
APO_004	15	1	566.69972	617.10924	362.26415	624.79866
APO_004	16	0	1216.22663	809.95798	1013.16981	795.59060
APO_004	16	1	1005.00850	771.84034	731.50943	759.34899
APO_004	17	0	591.04816	992.87395	175.69811	994.83221
APO_004	17	1	1756.82720	1021.91597	1175.54717	976.71141
APO_004	18	0	1376.99717	743.25210	1189.35849	721.89933
APO_004	18	1	1580.05666	668.83193	1423.92453	649.41611
APO_004	19	0	1785.83569	526.38655	1474.41509	487.44966
APO_004	19	1	1457.67705	439.26050	1191.84906	407.71812
APO_004	20	0	979.03683	237.78151	516.22642	219.26174
APO_004	20	1	785.04249	250.48739	365.88679	246.44295
APO_004	21	0	1131.33144	312.20168	840.45283	291.74497
APO_004	21	1	980.84986	297.68067	700.98113	284.49664
APO_004	22	0	969.97167	559.05882	657.50943	541.81208
APO_004	22	1	768.72521	513.68067	498.11321	503.75839
APO_004	23	0	1252.80453	613.51261	815.09434	578.05369
APO_004	23	1	1080.56657	586.28571	704.60377	567.18121
APO_004	24	0	1073.31445	776.87395	626.71698	764.69799
APO_004	24	1	919.20680	675.22689	478.18868	661.40940
APO_004	25	0	1214.73088	833.14286	896.60377	824.49664
APO_004	25	1	1470.36827	805.91597	1128.45283	781.00671
APO_004	26	0	1087.81870	960.20168	454.64151	962.21477
APO_004	26	1	797.73371	844.03361	130.41509	857.11409
APO_004	27	0	719.77337	660.70588	382.18868	655.97315
APO_004	27	1	551.16147	600.80672	211.92453	612.48322
APO_004	28	0	964.53258	836.77311	485.43396	833.55705
APO_004	28	1	736.09065	689.74790	288.00000	683.15436
APO_004	29	0	993.54108	693.37815	661.13208	697.65101
APO_004	29	1	852.12465	602.62185	539.77358	601.61074
APO_005	0	0	499.47309	940.23529	306.11321	918.72483
APO_005	0	1	625.47875	891.22689	424.75472	874.32886
APO_005	1	0	899.11048	595.53782	758.47170	593.66443
APO_005	1	1	1013.33144	545.62185	874.39623	535.67785
APO_005	2	0	540.28329	1034.62185	96.00000	1029.26174
APO_005	2	1	754.22096	969.27731	280.75472	949.53020
APO_005	3	0	1753.20113	506.42017	1423.69811	498.32215
APO_005	3	1	1421.41643	495.52941	1146.56604	483.82550
APO_005	4	0	833.99433	834.95798	539.77358	820.87248
APO_005	4	1	989.91501	827.69748	664.75472	810.00000
APO_005	5	0	765.09915	947.49580	313.35849	942.28188
APO_005	5	1	928.27195	936.60504	440.15094	935.03356
APO_005	6	0	1379.71671	713.34454	746.26415	692.21477
APO_005	6	1	1881.92635	666.15126	1075.92453	632.41611
APO_005	7	0	1345.26912	657.07563	836.83019	641.47651
APO_005	7	1	1629.91501	588.10084	1032.45283	568.99329
APO_005	8	0	1196.60057	834.95798	499.92453	815.43624
APO_005	8	1	1497.56374	722.42017	836.83019	699.46309
APO_005	9	0	1095.07082	533.64706	945.50943	536.37584
APO_005	9	1	1700.62323	448.33613	1449.05660	429.46309
APO_005	10	0	1658.01700	240.35294	1600.81132	212.91946
APO_005	10	1	1422.32295	254.87395	1323.67925	229.22819
APO_005	11	0	924.68839	569.29412	744.67925	564.92617
APO_005	11	1	1118.68272	500.31933	963.84906	481.57047
APO_005	12	0	527.19263	617.69748	465.50943	606.08725
APO_005	12	1	736.59773	576.85714	674.71698	570.75168
APO_005	13	0	754.36261	136.13445	684.56604	142.24832
APO_005	13	1	971.92635	52.63866	883.81132	43.48993
APO_005	14	0	1296.31728	519.12605	851.32075	523.69128
APO_005	14	1	1595.46742	419.29412	1074.11321	409.53020
APO_005	15	0	1715.12748	464.67227	1512.45283	451.20805
APO_005	15	1	1464.92918	506.42017	1289.66038	482.01342
APO_005	16	0	1466.74221	406.58824	1289.66038	405.90604
APO_005	16	1	1620.84986	353.94958	1420.07547	324.36242
APO_005	17	0	1194.78754	566.31933	950.94340	565.36913
APO_005	17	1	1352.52125	437.44538	1104.90566	433.08725
APO_005	18	0	872.06799	742.38655	550.64151	741.14094
APO_005	18	1	1078.75354	793.21008	793.35849	784.63087
APO_005	19	0	853.93768	742.38655	623.09434	732.08054
APO_005	19	1	569.29178	800.47059	235.47170	799.12752
APO_005	20	0	859.37677	936.60504	514.41509	922.34899
APO_005	20	1	1145.83569	669.78151	782.49057	654.16107
APO_005	21	0	1178.47025	733.31092	965.43396	715.77181
APO_005	21	1	819.49008	931.15966	566.94340	916.91275
APO_005	22	0	935.60623	547.33613	872.07547	535.80537
APO_005	22	1	1173.11331	388.51261	1102.11321	379.96644
APO_005	23	0	224.81586	618.95798	68.83019	605.23490
APO_005	23	1	416.99717	568.13445	240.90566	556.30872
APO_005	24	0	1522.94618	515.49580	1206.33962	503.75839
APO_005	24	1	1793.08782	314.01681	1449.05660	297.18121
APO_005	25	0	542.09632	842.21849	246.33962	833.55705
APO_005	25	1	922.83286	833.14286	644.83019	820.87248
APO_005	26	0	656.31728	802.28571	112.30189	797.31544
APO_005	26	1	1017.11048	706.08403	460.07547	686.77852
APO_006	0	0	1521.58640	811.36134	958.56604	813.18121
APO_006	0	1	1204.30595	803.19328	667.84906	791.43624
APO_006	1	0	594.67422	539.09244	295.24528	520.06711
APO_006	1	1	373.48442	470.11765	57.96226	445.77181
APO_006	2	0	913.76771	428.36975	804.22642	429.46309
APO_006	2	1	806.79887	363.02521	690.11321	364.22819
APO_006	3	0	1075.12748	435.63025	892.98113	443.95973
APO_006	3	1	652.69122	475.56303	519.84906	467.51678
APO_006	4	0	935.52408	724.23529	333.28302	719.39597
APO_006	4	1	1216.54391	715.15966	594.11321	719.39597
APO_006	5	0	1161.52975	708.76471	821.00000	708.84564
APO_006	5	1	1347.36544	733.26891	983.11321	741.46309
APO_006	6	0	884.75921	481.00840	773.43396	492.88591
APO_006	6	1	1069.68839	439.26050	947.32075	443.95973
APO_006	7	0	581.98300	595.36134	418.41509	592.55034
APO_006	7	1	369.85836	515.49580	202.86792	509.19463
APO_006	8	0	533.03116	315.83193	12.67925	286.30872
APO_006	8	1	768.72521	279.52941	248.15094	244.63087
APO_006	9	0	1182.09632	738.75630	105.05660	746.57718
APO_006	9	1	1626.28895	938.42017	384.00000	931.40940
APO_006	10	0	984.47592	453.78151	632.15094	463.89262
APO_006	10	1	1127.70538	486.45378	758.94340	498.32215
APO_006	11	0	893.82436	481.00840	599.54717	485.63758
APO_006	11	1	1247.36544	506.42017	869.43396	514.63087
APO_006	12	0	313.65439	237.78151	278.94340	235.57047
APO_006	12	1	513.08782	259.56303	458.26415	260.93960
APO_006	13	0	652.69122	524.57143	525.28302	505.57047
APO_006	13	1	337.22380	453.78151	202.86792	443.95973
APO_006	14	0	1669.80170	504.60504	1483.47170	527.31544
APO_006	14	1	1898.24363	364.84034	1682.71698	391.40940
APO_006	15	0	1031.61473	499.15966	470.94340	500.13423
APO_006	15	1	1477.62040	393.88235	903.84906	414.96644
APO_006	16	0	882.94618	477.37815	335.09434	472.95302
APO_006	16	1	717.96034	326.72269	164.83019	302.61745
APO_006	17	0	888.38527	702.45378	434.71698	704.89933
APO_006	17	1	732.46459	595.36134	311.54717	572.61745
APO_006	18	0	1203.85269	471.93277	489.05660	469.32886
APO_006	18	1	1354.33428	379.36134	769.81132	384.16107
APO_006	19	0	1022.54958	767.79832	565.13208	770.13423
APO_006	19	1	1910.93484	571.76471	1382.03774	607.04698
APO_006	20	0	1241.92635	951.12605	67.01887	982.14765
APO_006	20	1	1860.16997	929.34454	452.83019	922.34899
APO_006	21	0	743.34278	531.83193	684.67925	523.69128
APO_006	21	1	1218.35694	459.22689	1208.15094	467.51678
APO_006	22	0	815.86402	519.12605	612.22642	507.38255
APO_006	22	1	1037.05382	388.43697	809.66038	393.22148
APO_007	0	0	1385.15581	568.09244	1237.56604	571.38255
APO_007	0	1	1760.45326	471.89076	1606.16981	482.59060
APO_007	1	0	1512.06799	766.84034	1154.49057	765.66443
APO_007	1	1	1882.83286	645.22689	1445.20755	651.50336
APO_007	2	0	263.79603	567.58824	14.49057	572.56376
APO_007	2	1	513.08782	549.43697	250.86792	578.90604
APO_007	3	0	716.78470	379.27731	513.50943	391.12752
APO_007	3	1	439.39093	372.92437	177.50943	392.03356
APO_007	4	0	1292.28895	748.47899	1017.71698	766.44966
APO_007	4	1	1624.07365	701.28571	1329.26415	718.42953
APO_007	5	0	1540.74788	773.94958	990.33962	772.34899
APO_007	5	1	1319.55807	762.15126	729.50943	774.16107
APO_007	6	0	835.79320	672.33613	9.05660	690.40268
APO_007	6	1	1076.92635	537.10924	380.37736	527.31544
APO_007	7	0	963.74788	891.22689	448.05660	902.41611
APO_007	7	1	1154.11615	808.63866	690.77358	826.30872
APO_007	8	0	1568.27195	377.54622	1412.83019	395.03356
APO_007	8	1	1874.67422	401.14286	1731.62264	402.28188
APO_007	9	0	1193.51275	576.68908	862.11321	583.14094
APO_007	9	1	1533.45609	758.20168	1108.45283	777.93960
APO_007	10	0	951.84136	226.89076	635.77358	233.75839
APO_007	10	1	712.52125	406.58824	316.98113	427.65101
APO_007	11	0	1292.69122	117.98319	880.30189	141.34228
APO_007	11	1	1483.05949	123.42857	1113.96226	152.21477
APO_007	12	0	1064.24929	695.19328	528.90566	708.52349
APO_007	12	1	1454.05099	711.52941	878.49057	726.64430
APO_007	13	0	1144.02266	355.76471	871.24528	371.47651
APO_007	13	1	1328.95184	444.70588	1068.67925	451.20805
APO_007	14	0	1209.29178	281.34454	1056.00000	288.12081
APO_007	14	1	980.84986	230.52101	820.52830	259.12752
APO_007	15	0	1811.21813	738.75630	1349.43396	741.14094
APO_007	15	1	1443.17280	706.08403	1061.43396	708.52349
APO_007	16	0	962.71955	626.21849	458.26415	648.72483
APO_007	16	1	750.59490	477.37815	244.52830	492.88591
APO_007	17	0	1212.91785	780.50420	675.62264	775.57047
APO_007	17	1	1557.39377	778.68908	987.16981	782.81879
APO_007	18	0	1439.54674	958.38655	532.52830	965.83893
APO_007	18	1	1813.03116	1050.95798	909.28302	1038.32215
APO_007	19	0	1464.92918	513.68067	1112.15094	540.00000
APO_007	19	1	1309.00850	402.95798	972.67925	418.59060
APO_007	20	0	1093.25779	488.26891	858.56604	507.38255
APO_007	20	1	964.53258	466.48739	739.01887	471.14094
APO_007	21	0	1134.95751	197.84874	965.43396	206.57718
APO_007	21	1	1009.85836	219.63025	856.75472	246.44295
APO_007	22	0	971.78470	299.49580	583.24528	317.11409
APO_007	22	1	833.99433	212.36975	478.18868	221.07383
APO_007	23	0	1055.18414	172.43697	41.66038	123.22148
APO_007	23	1	1394.22096	112.53782	652.07547	117.78523
APO_007	24	0	873.88102	326.72269	490.86792	326.17450
APO_007	24	1	1124.07932	261.37815	773.43396	282.68456
APO_007	25	0	1076.94051	504.60504	811.47170	514.63087
APO_007	25	1	1463.11615	562.68908	1141.13208	579.86577
APO_007	26	0	1842.03966	562.68908	1246.18868	572.61745
APO_007	26	1	1624.47592	539.09244	1019.77358	552.68456
APO_007	27	0	1089.63173	811.36134	92.37736	864.36242
APO_007	27	1	1515.69405	716.97479	675.62264	726.64430
APO_007	28	0	1696.99717	609.88235	1161.05660	610.67114
APO_007	28	1	1381.52975	477.37815	907.47170	478.38926
APO_007	29	0	1071.50142	419.29412	293.43396	429.46309
APO_007	29	1	1278.18697	323.09244	623.09434	329.79866
APO_007	30	0	1008.04533	633.47899	889.35849	632.41611
APO_007	30	1	558.41360	491.89916	420.22642	496.51007
APO_008	0	0	1214.73088	134.31933	999.84906	123.22148
APO_008	0	1	960.90652	65.34454	758.94340	43.48993
APO_008	1	0	911.95467	107.09244	628.52830	101.47651
APO_008	1	1	572.91785	43.56303	230.03774	16.30872
APO_008	2	0	746.96884	511.86555	512.60377	505.57047
APO_008	2	1	545.72238	470.11765	260.83019	456.64430
APO_008	3	0	1071.50142	43.56303	947.32075	34.42953
APO_008	3	1	814.05099	134.31933	693.73585	134.09396
APO_008	4	0	647.25212	540.90756	311.54717	534.56376
APO_008	4	1	491.33144	571.76471	123.16981	549.06040
APO_008	5	0	342.66289	617.14286	72.45283	596.17450
APO_008	5	1	473.20113	595.36134	222.79245	588.92617
APO_008	6	0	868.44193	782.31933	384.00000	779.19463
APO_008	6	1	1325.32578	746.01681	807.84906	744.76510
APO_008	7	0	687.13881	87.12605	385.81132	72.48322
APO_008	7	1	357.16714	99.83193	19.92453	77.91946
APO_008	8	0	694.39093	241.41176	615.84906	239.19463
APO_008	8	1	830.36827	199.66387	748.07547	193.89262
APO_008	9	0	300.96317	185.14286	134.03774	172.14765
APO_008	9	1	565.66572	192.40336	405.73585	190.26846
APO_008	10	0	745.15581	537.27731	436.52830	529.12752
APO_008	10	1	518.52691	555.42857	155.77358	549.06040
APO_008	11	0	723.39943	795.02521	59.77358	791.87919
APO_008	11	1	1176.65722	764.16807	550.64151	759.26174
APO_008	12	0	1102.32295	88.94118	914.71698	81.54362
APO_008	12	1	1245.55241	18.15126	1057.81132	18.12081
APO_008	13	0	939.15014	32.67227	436.52830	16.30872
APO_008	13	1	717.96034	125.24370	130.41509	79.73154
APO_008	14	0	610.99150	252.30252	307.92453	241.00671
APO_008	14	1	422.43626	297.68067	45.28302	284.49664
APO_008	15	0	998.98017	128.87395	856.75472	121.40940
APO_008	15	1	915.58074	177.88235	764.37736	177.58389
APO_008	16	0	794.10765	624.40336	508.98113	610.67114
APO_008	16	1	496.77054	686.11765	157.58491	677.71812
APO_008	17	0	497.06232	105.27731	456.39623	108.72483
APO_008	17	1	731.84986	124.33613	686.43396	125.93960
APO_008	18	0	718.64589	343.84874	612.64151	330.70470
APO_008	18	1	487.48442	258.53782	383.50943	256.40940
APO_008	19	0	721.58640	733.31092	177.50943	717.58389
APO_008	19	1	968.15864	608.06723	420.22642	583.48993
APO_008	20	0	915.58074	582.65546	492.67925	570.80537
APO_008	20	1	692.57790	450.15126	230.03774	429.46309
APO_009	0	0	630.93484	214.18487	380.37736	197.51678
APO_009	0	1	1037.05382	65.34454	773.43396	52.55034
APO_009	1	0	1357.96034	234.15126	1211.77358	224.69799
APO_009	1	1	1852.91785	88.94118	1689.96226	81.54362
APO_009	2	0	1407.57507	928.43697	925.81132	923.25503
APO_009	2	1	1182.75921	977.44538	719.32075	967.65101
APO_009	3	0	1561.01983	967.46218	967.24528	964.02685
APO_009	3	1	1287.25212	838.58824	775.24528	840.80537
APO_009	4	0	1222.23513	571.67227	865.56604	564.09396
APO_009	4	1	1057.24929	626.12605	679.00000	625.70470
APO_009	5	0	329.65439	829.43697	164.83019	782.00000
APO_009	5	1	646.02833	774.07563	516.22642	743.04027
APO_009	6	0	692.46176	792.28571	552.45283	773.18792
APO_009	6	1	468.55241	838.57143	349.58491	799.46309
APO_009	7	0	625.54958	745.44538	525.45283	722.08725
APO_009	7	1	863.05666	698.25210	754.58491	686.75168
APO_009	8	0	1510.25496	802.28571	815.09434	795.50336
APO_009	8	1	1890.99150	669.78151	1130.26415	668.65772
APO_009	9	0	971.78470	637.10924	441.96226	621.54362
APO_009	9	1	1278.18697	666.15126	717.28302	652.34899
APO_009	10	0	1073.31445	451.96639	816.90566	442.14765
APO_009	10	1	908.32861	397.51261	650.26415	382.34899
APO_009	11	0	986.28895	613.51261	682.86792	585.30201
APO_009	11	1	736.09065	495.52941	443.77358	474.76510
APO_009	12	0	1414.16431	413.84874	988.98113	414.96644
APO_009	12	1	1809.40510	364.84034	1392.90566	376.91275
APO_009	13	0	223.90935	676.58824	208.30189	636.59060
APO_009	13	1	755.12748	561.32773	730.86792	544.17450
APO_009	14	0	1517.50708	825.88235	1032.45283	840.80537
APO_009	14	1	1303.56941	644.36975	782.49057	641.47651
APO_009	15	0	1796.71388	225.07563	633.96226	246.44295
APO_009	15	1	1428.66856	361.21008	57.96226	313.48993
APO_009	16	0	1058.81020	520.94118	412.98113	514.63087
APO_009	16	1	1198.41360	321.27731	672.00000	308.05369
APO_009	17	0	1504.81586	484.63866	1117.58491	480.20134
APO_009	17	1	1258.24363	410.21849	916.52830	411.34228
APO_009	18	0	1446.79887	448.33613	1019.77358	447.58389
APO_009	18	1	1825.72238	372.10084	1369.35849	382.34899
APO_009	19	0	665.38244	441.07563	516.22642	422.21477
APO_009	19	1	268.32861	459.22689	77.88679	429.46309
APO_009	20	0	1130.09348	672.99160	921.00000	662.04027
APO_009	20	1	905.27762	672.08403	725.37736	655.69799
APO_009	21	0	1648.95184	777.92437	1408.39623	786.00000
APO_009	21	1	1345.26912	782.46218	1155.71698	786.00000
APO_009	22	0	1145.83569	165.17647	903.84906	159.46309
APO_009	22	1	835.80737	170.62185	570.56604	154.02685
APO_009	23	0	1073.38244	150.65546	965.39623	134.09396
APO_009	23	1	929.24646	185.14286	815.05660	166.71141
APO_009	24	0	1195.76204	84.40336	1124.79245	67.04698
APO_009	24	1	1035.30878	109.81513	959.96226	93.32215
APO_009	25	0	804.14731	135.22689	710.00000	124.12752
APO_009	25	1	656.38527	166.99160	566.90566	150.40268
APO_009	26	0	587.42210	42.65546	513.50943	36.24161
APO_009	26	1	384.36261	53.54622	331.47170	51.64430
APO_009	27	0	515.80737	136.13445	422.94340	124.12752
APO_009	27	1	350.82153	198.75630	272.60377	192.08054
APO_009	28	0	805.55524	309.87395	739.30189	292.65101
APO_009	28	1	696.77337	365.23529	629.71698	347.01342
APO_009	29	0	1021.81586	32.67227	894.79245	18.12081
APO_009	29	1	901.24929	38.11765	769.81132	20.83893
APO_010	0	0	717.96034	733.31092	431.09434	732.08054
APO_010	0	1	527.59207	782.31933	228.22642	779.19463
APO_010	1	0	1254.61756	894.85714	527.09434	880.67114
APO_010	1	1	953.65439	764.16807	289.81132	761.07383
APO_010	2	0	676.26062	747.83193	286.18868	746.57718
APO_010	2	1	493.14448	740.57143	74.26415	746.57718
APO_010	3	0	1571.89802	833.14286	920.15094	810.00000
APO_010	3	1	1878.30028	976.53782	1104.90566	925.97315
APO_010	4	0	924.64589	831.32773	438.33962	829.93289
APO_010	4	1	739.71671	814.99160	204.67925	815.43624
APO_010	5	0	1265.49575	804.10084	501.73585	791.87919
APO_010	5	1	975.41076	889.41176	119.54717	889.73154
APO_010	6	0	1657.11048	428.36975	1570.41509	416.77852
APO_010	6	1	1269.12181	399.32773	1171.92453	385.97315
APO_010	7	0	817.67705	245.04202	688.30189	241.00671
APO_010	7	1	516.71388	205.10924	374.94340	221.07383
APO_010	8	0	1044.30595	116.16807	835.01887	112.34899
APO_010	8	1	864.81586	92.57143	604.98113	86.97987
APO_010	9	0	935.52408	186.95798	719.09434	181.20805
APO_010	9	1	743.34278	194.21849	501.73585	193.89262
APO_010	10	0	1278.18697	54.45378	1092.22642	47.11409
APO_010	10	1	1120.45326	47.19328	929.20755	34.42953
APO_010	11	0	1720.56657	962.01681	931.01887	922.34899
APO_010	11	1	1026.17564	677.04202	233.66038	657.78523
APO_010	12	0	554.78754	644.36975	52.52830	643.28859
APO_010	12	1	1444.77904	629.94118	1077.73585	617.91946
APO_010	13	0	897.45042	510.05042	840.45283	518.25503
APO_010	13	1	83.39943	357.57983	21.73585	389.59732
APO_010	14	0	794.10765	399.32773	590.49057	398.65772
APO_010	14	1	1027.98867	419.29412	833.20755	407.71812
APO_010	15	0	946.40227	413.84874	559.69811	404.09396
APO_010	15	1	1327.13881	335.79832	936.45283	322.55034
APO_010	16	0	737.90368	729.68067	516.22642	732.08054
APO_010	16	1	297.33711	731.49580	18.11321	719.39597
APO_010	17	0	540.28329	758.72269	324.22642	762.88591
APO_010	17	1	788.66856	736.94118	601.35849	730.26846
APO_010	18	0	1321.69972	486.45378	1152.00000	476.57718
APO_010	18	1	1033.42776	477.37815	889.35849	482.01342
APO_010	19	0	1124.07932	740.57143	690.11321	719.39597
APO_010	19	1	852.12465	640.73950	362.26415	639.66443
APO_010	20	0	964.53258	537.27731	407.54717	523.69128
APO_010	20	1	717.96034	350.31933	9.05660	331.61074
APO_010	21	0	1134.95751	473.74790	720.90566	458.45638
APO_010	21	1	962.71955	333.98319	496.30189	318.92617
APO_010	22	0	1022.54958	491.89916	865.81132	471.14094
APO_010	22	1	1289.06516	517.31092	1104.90566	512.81879
APO_010	23	0	1060.62323	880.33613	77.88679	887.91946
APO_010	23	1	1637.16714	751.46218	746.26415	723.02013
APO_010	24	0	1481.24646	602.62185	1258.86792	597.98658
APO_010	24	1	1825.72238	530.01681	1543.24528	518.25503
APO_010	25	0	1064.24929	112.53782	525.28302	92.41611
APO_010	25	1	761.47309	78.05042	9.05660	10.87248
APO_011	0	0	1731.44476	427.73109	1633.81132	424.87919
APO_011	0	1	1838.41360	394.15126	1764.22642	386.82550
APO_011	1	0	1584.58924	468.30252	1287.84906	485.63758
APO_011	1	1	1901.86969	412.03361	1592.15094	411.34228
APO_011	2	0	467.76204	141.57983	440.15094	141.34228
APO_011	2	1	772.35127	179.69748	724.52830	168.52349
APO_011	3	0	982.66289	644.36975	639.39623	636.04027
APO_011	3	1	1816.65722	698.82353	1360.30189	677.71812
APO_011	4	0	821.30312	274.08403	565.13208	251.87919
APO_011	4	1	977.22380	346.68908	720.90566	333.42282
APO_011	5	0	1671.61473	461.04202	1441.81132	460.26846
APO_011	5	1	1473.99433	368.47059	1278.79245	369.66443
APO_011	6	0	699.83003	165.17647	336.90566	130.46980
APO_011	6	1	545.72238	170.62185	101.43396	128.65772
APO_011	7	0	440.56657	379.36134	5.43396	347.91946
APO_011	7	1	672.63456	352.13445	280.75472	320.73826
APO_011	8	0	1506.62890	348.75630	1393.81132	346.02685
APO_011	8	1	1751.38810	315.17647	1682.71698	295.28859
APO_011	9	0	1481.85836	247.16807	1287.84906	236.44966
APO_011	9	1	1169.11048	325.21849	970.86792	318.89933
APO_011	10	0	899.26346	506.42017	643.01887	491.07383
APO_011	10	1	1095.07082	448.33613	882.11321	433.08725
APO_011	11	0	1334.39093	562.68908	829.58491	568.99329
APO_011	11	1	1789.46176	604.43697	1271.54717	619.73154
APO_011	12	0	1584.58924	789.57983	1074.11321	781.00671
APO_011	12	1	1912.74788	720.60504	1391.09434	728.45638
APO_011	13	0	391.61473	397.51261	311.54717	378.72483
APO_011	13	1	592.86119	390.25210	489.05660	366.04027
APO_011	14	0	1359.77337	720.60504	990.79245	717.58389
APO_011	14	1	1553.76771	553.61345	1177.35849	572.61745
APO_011	15	0	1149.46176	522.75630	612.22642	520.06711
APO_011	15	1	1417.79037	402.95798	894.79245	400.46980
APO_011	16	0	687.13881	223.26050	458.26415	202.95302
APO_011	16	1	886.57224	225.07563	666.56604	206.57718
APO_011	17	0	1559.20680	428.36975	1177.35849	440.33557
APO_011	17	1	1760.45326	317.64706	1409.20755	322.55034
APO_011	18	0	1178.47025	397.51261	1099.47170	391.40940
APO_011	18	1	1307.19547	364.84034	1226.26415	355.16779
APO_011	19	0	1347.08215	631.66387	990.79245	623.35570
APO_011	19	1	1898.24363	484.63866	1412.83019	500.13423
APO_011	20	0	1145.83569	428.36975	876.67925	416.77852
APO_011	20	1	1615.41076	401.14286	1342.18868	391.40940
APO_011	21	0	386.17564	493.71429	150.33962	462.08054
APO_011	21	1	640.00000	477.37815	438.33962	454.83221
APO_011	22	0	1347.08215	551.79832	851.32075	541.81208
APO_011	22	1	1769.51841	363.02521	1257.05660	362.41611
APO_011	23	0	1535.63739	629.84874	1039.69811	630.60403
APO_011	23	1	1901.86969	477.37815	1391.09434	492.88591
APO_011	24	0	1185.72238	733.31092	695.54717	741.14094
APO_011	24	1	1510.25496	617.14286	1063.24528	623.35570
APO_011	25	0	1000.33994	518.39496	639.83019	503.68456
APO_011	25	1	909.68839	524.74790	573.71698	510.02685
APO_011	26	0	1246.49858	533.17647	933.60377	527.67785
APO_011	26	1	1191.20113	568.57143	862.05660	567.54362
APO_011	27	0	1764.07932	642.55462	1349.43396	632.41611
APO_011	27	1	435.12748	462.85714	72.45283	436.71141
APO_020	0	0	390.74788	420.70588	164.00000	441.21477
APO_020	0	1	539.86969	397.10924	332.00000	412.67450
APO_020	1	0	1512.06799	662.52101	1242.56604	666.84564
APO_020	1	1	1319.88669	686.11765	1074.11321	699.46309
APO_020	2	0	873.88102	833.14286	528.90566	853.48993
APO_020	2	1	759.66006	751.46218	438.33962	755.63758
APO_020	3	0	1490.31161	559.05882	1284.22642	567.18121
APO_020	3	1	1386.96884	553.61345	1186.41509	579.86577
APO_020	4	0	866.62890	544.53782	530.71698	549.06040
APO_020	4	1	1046.11898	504.60504	724.52830	523.69128
APO_020	5	0	855.75071	733.31092	117.73585	762.88591
APO_020	5	1	1071.50142	738.75630	476.37736	770.13423
APO_020	6	0	1067.87535	800.47059	800.60377	820.87248
APO_020	6	1	358.98017	569.94958	30.79245	596.17450
APO_020	7	0	1695.18414	938.42017	1103.09434	949.53020
APO_020	7	1	1066.06232	969.27731	518.03774	985.77181
APO_020	8	0	1183.90935	678.85714	804.22642	692.21477
APO_020	8	1	1773.14448	517.31092	1534.18868	523.69128
APO_020	9	0	794.10765	315.83193	458.26415	327.98658
APO_020	9	1	386.17564	283.15966	18.11321	302.61745
APO_020	10	0	1755.01416	183.32773	1554.11321	177.58389
APO_020	10	1	1461.30312	108.90756	1275.16981	112.34899
APO_020	11	0	1559.20680	426.55462	1485.28302	433.08725
APO_020	11	1	1802.15297	268.63866	1762.41509	262.75168
APO_020	12	0	944.58924	508.23529	719.09434	523.69128
APO_020	12	1	714.33428	437.44538	402.11321	447.58389
APO_020	13	0	567.47875	530.01681	402.11321	540.00000
APO_020	13	1	768.72521	551.79832	617.66038	567.18121
APO_020	14	0	1109.57507	911.19328	485.43396	940.46980
APO_020	14	1	835.80737	718.78992	211.92453	753.82550
APO_020	15	0	944.58924	210.55462	737.20755	224.69799
APO_020	15	1	785.04249	255.93277	539.77358	271.81208
APO_020	16	0	1319.88669	579.02521	972.67925	585.30201
APO_020	16	1	1129.51841	528.20168	836.83019	545.43624
APO_020	17	0	1695.18414	353.94958	1133.88679	373.28859
APO_020	17	1	1446.79887	74.42017	864.00000	105.10067
APO_021	0	0	1022.54958	486.45378	885.73585	507.38255
APO_021	0	1	137.79037	560.87395	3.62264	581.67785
APO_021	1	0	984.47592	530.01681	815.09434	547.24832
APO_021	1	1	1327.13881	608.06723	1097.66038	634.22819
APO_021	2	0	1550.14164	711.52941	1050.56604	732.08054
APO_021	2	1	1149.46176	698.82353	775.24528	713.95973
APO_021	3	0	1307.19547	591.73109	854.94340	607.04698
APO_021	3	1	966.34561	602.62185	505.35849	628.79195
APO_021	4	0	1258.24363	559.05882	854.94340	568.99329
APO_021	4	1	953.65439	535.46218	608.60377	554.49664
APO_021	5	0	915.58074	415.66387	601.35849	436.71141
APO_021	5	1	678.07365	308.57143	349.58491	324.36242
APO_021	6	0	1666.17564	638.92437	1304.15094	681.34228
APO_021	6	1	601.92635	433.81513	353.20755	445.77181
APO_021	7	0	1446.79887	508.23529	960.00000	516.44295
APO_021	7	1	1118.64023	504.60504	641.20755	523.69128
APO_021	8	0	911.95467	689.74790	545.20755	701.27517
APO_021	8	1	716.14731	569.94958	327.84906	592.55034
APO_021	9	0	892.01133	401.14286	624.90566	416.77852
APO_021	9	1	739.71671	377.54622	480.00000	396.84564
APO_021	10	0	1900.05666	791.39496	1101.28302	793.69128
APO_021	10	1	1303.56941	626.21849	742.64151	655.97315
APO_021	11	0	1564.64589	486.45378	1284.22642	514.63087
APO_021	11	1	1283.62606	481.00840	1012.52830	507.38255
APO_021	12	0	1087.81870	279.52941	900.22642	289.93289
APO_021	12	1	855.75071	239.59664	623.09434	270.00000
APO_021	13	0	1049.74504	397.51261	702.79245	407.71812
APO_021	13	1	821.30312	364.84034	508.98113	369.66443
APO_021	14	0	957.28045	539.09244	554.26415	547.24832
APO_021	14	1	661.75637	430.18487	228.22642	447.58389
APO_021	15	0	895.63739	655.26050	391.24528	681.34228
APO_021	15	1	596.48725	618.95798	115.92453	634.22819
APO_021	16	0	1151.27479	395.69748	903.84906	398.65772
APO_021	16	1	937.33711	292.23529	697.35849	317.11409
APO_021	17	0	1428.66856	283.15966	1338.56604	282.68456
APO_021	17	1	1229.23513	277.71429	1113.96226	293.55705
APO_022	0	0	750.59490	399.32773	474.56604	411.34228
APO_022	0	1	902.88952	422.92437	650.26415	429.46309
APO_022	1	0	950.02833	404.77311	782.49057	409.53020
APO_022	1	1	1073.31445	457.41176	925.58491	458.45638
APO_022	2	0	1376.09065	265.00840	1162.86792	271.81208
APO_022	2	1	1488.49858	259.56303	1298.71698	270.00000
APO_022	3	0	1497.56374	613.51261	1338.56604	621.54362
APO_022	3	1	1606.34561	648.00000	1458.11321	659.59732
APO_022	4	0	732.46459	834.95798	255.39623	858.92617
APO_022	4	1	1144.02266	851.29412	702.79245	858.92617
APO_022	5	0	868.44193	715.15966	630.33962	723.02013
APO_022	5	1	1056.99717	648.00000	847.69811	672.28188
APO_022	6	0	986.28895	629.84874	668.37736	632.41611
APO_022	6	1	1323.51275	617.14286	967.24528	623.35570
APO_022	7	0	1165.77904	958.38655	782.49057	969.46309
APO_022	7	1	942.77620	1009.21008	519.84906	1029.26174
APO_022	8	0	1600.90652	629.84874	1403.77358	636.04027
APO_022	8	1	1907.30878	698.82353	1728.00000	715.77181
APO_022	9	0	1072.07365	225.98319	1035.52830	236.77852
APO_022	9	1	1301.42210	287.69748	1267.37736	293.85906
APO_022	10	0	1148.26062	694.85714	918.32075	701.19463
APO_022	10	1	1320.49858	729.34454	1084.96226	735.62416
APO_022	11	0	620.05666	749.64706	188.37736	768.32215
APO_022	11	1	853.93768	825.88235	534.33962	840.80537
APO_022	12	0	1328.95184	762.35294	1200.90566	775.57047
APO_022	12	1	1430.48159	800.47059	1320.45283	828.12081
APO_022	13	0	1513.88102	717.57983	1384.16981	736.87248
APO_022	13	1	1667.08215	705.78151	1563.49057	728.71812
APO_022	14	0	1162.15297	804.10084	777.05660	808.18792
APO_022	14	1	1430.48159	820.43697	1075.92453	822.68456
APO_022	15	0	1396.03399	896.67227	1005.28302	895.16779
APO_022	15	1	1671.61473	922.08403	1344.00000	945.90604
APO_022	16	0	766.91218	702.45378	487.24528	713.95973
APO_022	16	1	1568.27195	827.69748	1289.66038	837.18121
APO_022	17	0	1177.33428	497.04202	1092.26415	507.59060
APO_022	17	1	1344.13314	536.06723	1268.86792	553.79866
APO_022	18	0	870.25496	626.21849	615.84906	626.97987
APO_022	18	1	634.56091	571.76471	365.88679	568.99329
APO_022	19	0	1484.87252	624.40336	1329.50943	639.66443
APO_022	19	1	1700.62323	651.63025	1555.92453	675.90604
APO_022	20	0	1249.17847	820.43697	851.32075	840.80537
APO_022	20	1	1446.79887	677.04202	1083.16981	679.53020
APO_022	21	0	1417.79037	974.72269	847.69811	962.21477
APO_022	21	1	1876.48725	1070.92437	1193.66038	1045.57047
APO_022	22	0	1047.93201	711.52941	661.13208	724.83221
APO_022	22	1	1298.13031	646.18487	958.18868	663.22148
APO_023	0	0	1669.80170	617.14286	1372.98113	641.47651
APO_023	0	1	1885.55241	544.53782	1563.16981	565.36913
APO_023	1	0	1359.77337	283.15966	889.35849	289.93289
APO_023	1	1	1711.50142	310.38655	1132.07547	342.48322
APO_023	2	0	1051.55807	511.86555	853.13208	514.63087
APO_023	2	1	944.58924	524.57143	753.50943	529.12752
APO_023	3	0	1075.12748	628.03361	773.43396	636.04027
APO_023	3	1	984.47592	633.47899	657.50943	637.85235
APO_023	4	0	1202.03966	555.42857	1045.13208	565.36913
APO_023	4	1	1283.62606	537.27731	1132.07547	545.43624
APO_023	5	0	1020.73654	495.52941	643.01887	485.63758
APO_023	5	1	1909.12181	528.20168	1258.86792	576.24161
APO_023	6	0	1513.88102	308.57143	996.22642	342.48322
APO_023	6	1	1234.67422	228.70588	813.28302	242.81879
APO_023	7	0	1113.20113	98.01681	907.47170	108.72483
APO_023	7	1	1240.11331	103.46218	1061.43396	106.91275
APO_023	8	0	1298.13031	304.94118	1108.52830	309.86577
APO_023	8	1	1435.92068	250.48739	1266.11321	268.18792
APO_023	9	0	688.95184	464.67227	570.56604	460.26846
APO_023	9	1	1160.33994	353.94958	1070.49057	376.91275
APO_023	10	0	1243.73938	308.57143	892.98113	320.73826
APO_023	10	1	1619.03683	339.42857	1148.37736	356.97987
APO_023	11	0	853.79320	406.32773	682.30189	406.15436
APO_023	11	1	1068.63739	402.69748	922.30189	407.06040
APO_023	12	0	1381.52975	248.67227	1092.22642	270.00000
APO_023	12	1	1029.80170	250.48739	758.94340	262.75168
APO_023	13	0	1058.81020	713.34454	559.69811	717.58389
APO_023	13	1	1794.90085	742.38655	1199.09434	733.89262
APO_023	14	0	312.74788	345.35294	193.81132	340.39597
APO_023	14	1	554.78754	364.41176	438.33962	362.14094
APO_023	15	0	973.59773	493.71429	599.54717	496.51007
APO_023	15	1	670.82153	339.42857	322.41509	320.73826
APO_023	16	0	881.13314	393.88235	617.66038	385.97315
APO_023	16	1	1098.69688	346.68908	798.79245	340.67114
APO_023	17	0	1067.87535	584.47059	635.77358	581.67785
APO_023	17	1	1299.94334	417.47899	921.96226	414.96644
APO_023	18	0	1252.80453	359.39496	969.05660	371.47651
APO_023	18	1	1477.62040	330.35294	1188.22642	344.29530
APO_023	19	0	1323.51275	540.90756	902.03774	552.68456
APO_023	19	1	1711.50142	513.68067	1200.90566	534.56376
APO_023	20	0	1413.25779	369.47899	1222.39623	385.29530
APO_023	20	1	1658.92351	285.98319	1455.15094	304.65772
APO_023	21	0	335.41076	569.94958	119.54717	558.12081
APO_023	21	1	712.52125	613.51261	470.94340	601.61074
APO_023	22	0	1573.71105	401.14286	1226.26415	418.59060
APO_023	22	1	1187.53541	486.45378	849.50943	492.88591
APO_023	23	0	882.94618	185.14286	338.71698	164.89933
APO_023	23	1	1202.03966	132.50420	657.50943	134.09396
APO_024	0	0	698.01700	591.73109	579.62264	607.04698
APO_024	0	1	444.19263	591.73109	335.09434	596.17450
APO_024	1	0	841.24646	666.15126	507.16981	681.34228
APO_024	1	1	641.81303	620.77311	293.43396	626.97987
APO_024	2	0	707.08215	691.56303	452.83019	701.27517
APO_024	2	1	522.15297	724.23529	206.49057	755.63758
APO_024	3	0	518.52691	771.42857	201.05660	779.19463
APO_024	3	1	358.98017	735.12605	32.60377	739.32886
APO_024	4	0	645.43909	519.12605	157.58491	540.00000
APO_024	4	1	763.28612	457.41176	338.71698	472.95302
APO_024	5	0	480.45326	546.35294	163.01887	565.36913
APO_024	5	1	678.07365	544.53782	431.09434	558.12081
APO_024	6	0	814.00850	599.67227	756.96226	612.30201
APO_024	6	1	667.15297	613.28571	607.52830	634.04698
APO_024	7	0	837.62040	742.38655	543.39623	757.44966
APO_024	7	1	581.98300	818.62185	193.81132	840.80537
APO_024	8	0	1198.41360	669.78151	815.09434	681.34228
APO_024	8	1	944.58924	579.02521	608.60377	585.30201
APO_024	9	0	942.77620	667.96639	518.03774	679.53020
APO_024	9	1	754.22096	562.68908	396.67925	581.67785
APO_024	10	0	1149.46176	666.15126	853.13208	677.71812
APO_024	10	1	966.34561	522.75630	682.86792	538.18792
APO_024	11	0	1887.36544	700.63866	1512.45283	732.08054
APO_024	11	1	1571.89802	731.49580	1253.43396	782.81879
APO_024	12	0	656.53541	673.74790	563.32075	684.02685
APO_024	12	1	532.34278	660.13445	440.15094	662.28188
APO_024	13	0	126.91218	692.00840	4.52830	695.01342
APO_024	13	1	306.40227	704.71429	180.22642	711.32215
APO_024	14	0	1013.50708	483.10084	969.24528	501.50336
APO_024	14	1	1209.31445	519.40336	1175.73585	557.67785
APO_024	15	0	1272.74788	731.49580	949.13208	764.69799
APO_024	15	1	235.69405	412.03361	7.24528	440.33557
APO_024	16	0	1481.24646	551.79832	1159.24528	572.61745
APO_024	16	1	1247.36544	462.85714	994.41509	492.88591
APO_024	17	0	1124.07932	776.87395	768.00000	800.93960
APO_024	17	1	1388.78187	586.28571	1072.30189	614.29530
APO_024	18	0	663.56941	533.64706	467.32075	545.43624
APO_024	18	1	304.58924	510.05042	68.83019	516.44295
APO_024	19	0	641.81303	827.69748	266.26415	842.61745
APO_024	19	1	853.93768	758.72269	548.83019	773.75839
APO_024	20	0	663.56941	442.89076	456.45283	456.64430
APO_024	20	1	310.02833	412.03361	159.39623	433.08725
APO_024	21	0	932.58074	336.25210	878.56604	356.07383
APO_024	21	1	752.18414	315.37815	695.62264	334.32886
APO_024	22	0	962.49575	191.04202	889.43396	219.26174
APO_024	22	1	740.39943	177.42857	657.58491	201.14094
APO_025	0	0	1568.27195	698.16807	1479.37736	672.77181
APO_025	0	1	1673.42776	708.15126	1587.15094	676.39597
APO_025	1	0	1617.22380	907.56303	1392.30189	880.67114
APO_025	1	1	1430.48159	871.26050	1224.75472	847.14765
APO_025	2	0	455.07082	842.21849	36.22642	848.05369
APO_025	2	1	650.87819	746.01681	300.67925	746.57718
APO_025	3	0	629.12181	773.24370	298.86792	771.94631
APO_025	3	1	785.04249	825.88235	447.39623	826.30872
APO_025	4	0	459.60340	566.74790	422.94340	566.32215
APO_025	4	1	271.95467	619.38655	230.03774	623.40268
APO_025	5	0	986.28895	631.66387	427.47170	625.16779
APO_025	5	1	687.13881	724.23529	121.35849	732.08054
APO_025	6	0	1100.50992	896.67227	869.43396	869.79866
APO_025	6	1	951.84136	876.70588	697.35849	866.17450
APO_025	7	0	1270.93484	746.01681	1110.33962	724.83221
APO_025	7	1	1189.34844	735.12605	1032.45283	710.33557
APO_025	8	0	1823.90935	996.50420	1545.05660	956.77852
APO_025	8	1	1660.73654	991.05882	1407.39623	960.40268
APO_025	9	0	1492.76771	645.21849	1421.75472	629.97987
APO_025	9	1	1283.36261	598.93277	1201.67925	578.33557
APO_025	10	0	1532.91785	957.47899	1240.75472	922.34899
APO_025	10	1	1873.76771	1018.28571	1583.09434	985.77181
APO_025	11	0	1568.27195	753.27731	1392.90566	733.89262
APO_025	11	1	1890.99150	784.13445	1709.88679	762.88591
APO_025	12	0	1444.98584	856.72269	797.86792	821.57718
APO_025	12	1	1619.94334	905.73109	940.05660	871.40940
APO_025	13	0	1402.37960	755.07563	790.62264	724.63087
APO_025	13	1	1580.05666	765.96639	962.69811	722.81879
APO_025	14	0	1633.54108	896.67227	1424.47170	872.51678
APO_025	14	1	1457.67705	859.46218	1271.41509	831.74497
APO_025	15	0	219.37677	651.01681	134.03774	657.69128
APO_025	15	1	81.58640	690.04202	8.15094	694.83893
APO_025	16	0	387.98867	932.97479	79.69811	935.03356
APO_025	16	1	621.86969	1027.36134	259.01887	1032.88591
APO_025	17	0	337.22380	936.60504	1.81132	947.71812
APO_025	17	1	1011.67139	845.84874	748.07547	824.49664
APO_025	18	0	244.75921	524.57143	186.56604	527.31544
APO_025	18	1	837.62040	499.15966	764.37736	496.51007
APO_025	19	0	1334.39093	932.97479	1057.81132	911.47651
APO_025	19	1	1541.07649	907.56303	1208.15094	873.42282
APO_025	20	0	1231.04816	631.66387	1177.35849	616.10738
APO_025	20	1	1350.70822	620.77311	1296.90566	597.98658
APO_025	21	0	1241.92635	816.80672	929.20755	793.69128
APO_025	21	1	1461.30312	684.30252	1112.15094	661.40940
APO_025	22	0	971.78470	729.68067	621.28302	726.64430
APO_025	22	1	1218.35694	628.03361	840.45283	619.73154
APO_025	23	0	1629.91501	729.68067	1313.20755	695.83893
APO_025	23	1	1254.61756	702.45378	920.15094	683.15436
APO_025	24	0	1660.73654	1005.57983	1152.00000	960.40268
APO_025	24	1	1350.70822	989.24370	838.64151	947.71812
APO_025	25	0	1141.64306	692.06723	952.30189	674.62416
APO_025	25	1	1334.73088	737.44538	1136.15094	720.83221
APO_025	26	0	1343.45609	816.80672	1019.77358	797.31544
APO_025	26	1	1883.73938	962.01681	1465.35849	902.41611
APO_026	0	0	870.25496	657.07563	557.88679	675.90604
APO_026	0	1	701.64306	638.92437	356.83019	661.40940
APO_026	1	0	897.33994	602.82353	639.35849	619.95302
APO_026	1	1	774.05382	615.52941	515.28302	628.10738
APO_026	2	0	1459.49008	609.88235	1217.20755	619.73154
APO_026	2	1	1292.69122	606.25210	1061.43396	621.54362
APO_026	3	0	823.58074	383.40336	689.33962	397.22148
APO_026	3	1	722.95751	381.58824	580.66038	402.65772
APO_026	4	0	779.60340	580.84034	425.66038	592.55034
APO_026	4	1	893.82436	542.72269	592.30189	545.43624
APO_026	5	0	1011.67139	776.87395	307.92453	820.87248
APO_026	5	1	1115.01416	716.97479	519.84906	744.76510
APO_026	6	0	1597.28045	617.14286	914.71698	637.85235
APO_026	6	1	1745.94901	562.68908	1121.20755	581.67785
APO_026	7	0	846.68555	700.63866	353.20755	721.20805
APO_026	7	1	944.58924	666.15126	516.22642	697.65101
APO_026	8	0	1058.81020	232.33613	525.28302	239.19463
APO_026	8	1	1250.99150	134.31933	702.79245	144.96644
APO_026	9	0	1229.23513	617.14286	996.22642	636.04027
APO_026	9	1	1006.23229	613.51261	789.73585	639.66443
APO_026	10	0	640.00000	406.58824	487.24528	424.02685
APO_026	10	1	910.14164	341.24370	753.50943	360.60403
APO_026	11	0	930.08499	666.15126	623.09434	683.15436
APO_026	11	1	467.76204	631.66387	108.67925	652.34899
APO_026	12	0	960.90652	323.09244	827.77358	338.85906
APO_026	12	1	756.03399	312.20168	641.20755	331.61074
APO_026	13	0	489.51841	324.90756	336.90566	351.54362
APO_026	13	1	183.11615	261.37815	54.33962	318.92617
APO_026	14	0	527.59207	261.37815	445.58491	291.74497
APO_026	14	1	781.41643	283.15966	693.73585	308.05369
APO_026	15	0	859.37677	484.63866	632.15094	501.94631
APO_026	15	1	585.60907	388.43697	364.07547	414.96644
APO_026	16	0	1269.12181	455.59664	1043.32075	462.08054
APO_026	16	1	471.38810	332.16807	204.67925	373.28859
APO_026	17	0	977.22380	428.36975	746.26415	436.71141
APO_026	17	1	576.54391	432.00000	367.69811	449.39597
APO_026	18	0	563.85269	295.86555	333.28302	311.67785
APO_026	18	1	833.99433	199.66387	608.60377	221.07383
APO_026	19	0	527.59207	446.52101	333.28302	465.70470
APO_026	19	1	754.22096	386.62185	588.67925	398.65772
APO_026	20	0	594.67422	707.89916	59.77358	744.76510
APO_026	20	1	908.32861	506.42017	441.96226	514.63087
APO_026	21	0	1292.69122	381.17647	1063.24528	391.40940
APO_026	21	1	1080.56657	357.57983	854.94340	376.91275
APO_026	22	0	741.52975	397.51261	501.73585	414.96644
APO_026	22	1	527.59207	357.57983	302.49057	375.10067
APO_026	23	0	1256.43059	613.51261	903.84906	626.97987
APO_026	23	1	1017.11048	568.13445	662.94340	579.86577
APO_026	24	0	1095.07082	510.05042	773.43396	538.18792
APO_026	24	1	857.56374	475.56303	527.09434	483.82550
APO_026	25	0	1082.37960	606.25210	809.66038	617.91946
APO_026	25	1	1283.62606	564.50420	1017.96226	588.92617
APO_027	0	0	1011.67139	775.05882	624.90566	770.13423
APO_027	0	1	1334.39093	813.17647	911.09434	822.68456
APO_027	1	0	1223.79603	760.53782	916.52830	771.94631
APO_027	1	1	1501.18980	816.80672	1162.86792	831.74497
APO_027	2	0	1169.40510	697.00840	923.77358	710.33557
APO_027	2	1	1321.69972	604.43697	1115.77358	621.54362
APO_027	3	0	1229.23513	667.96639	1016.15094	684.96644
APO_027	3	1	1807.59207	624.40336	1624.75472	655.97315
APO_027	4	0	1492.12465	963.83193	773.43396	967.65101
APO_027	4	1	1649.85836	838.58824	969.05660	838.99329
APO_027	5	0	899.26346	938.42017	181.13208	964.02685
APO_027	5	1	1105.94901	874.89076	566.94340	893.35570
APO_027	6	0	576.54391	657.07563	429.28302	650.53691
APO_027	6	1	681.69972	591.73109	545.20755	587.11409
APO_027	7	0	1542.88952	595.36134	1213.58491	617.91946
APO_027	7	1	1747.76204	515.49580	1411.01887	538.18792
APO_027	8	0	1058.81020	624.40336	762.56604	639.66443
APO_027	8	1	1325.32578	519.12605	1039.69811	530.93960
APO_027	9	0	1564.64589	520.94118	1153.81132	532.75168
APO_027	9	1	1836.60057	441.07563	1427.32075	472.95302
APO_027	10	0	1557.39377	664.33613	1278.79245	665.03356
APO_027	10	1	1793.08782	579.02521	1590.33962	596.17450
APO_027	11	0	1026.17564	785.94958	643.01887	777.38255
APO_027	11	1	1223.79603	600.80672	878.49057	608.85906
APO_027	12	0	1051.55807	584.47059	739.01887	603.42282
APO_027	12	1	1182.09632	488.26891	921.96226	500.13423
APO_027	13	0	1212.91785	802.28571	711.84906	817.24832
APO_027	13	1	1443.17280	756.90756	1028.83019	761.07383
APO_027	14	0	1443.17280	742.38655	1126.64151	762.88591
APO_027	14	1	1863.79603	582.65546	1550.49057	621.54362
APO_027	15	0	1667.98867	889.41176	1010.71698	887.91946
APO_027	15	1	1874.67422	602.62185	1276.98113	632.41611
APO_027	16	0	500.39660	749.64706	242.71698	741.14094
APO_027	16	1	598.30028	756.90756	349.58491	733.89262
APO_028	0	0	654.50425	718.78992	306.11321	690.40268
APO_028	0	1	364.41926	756.90756	10.86792	726.64430
APO_028	1	0	1097.91218	412.66387	968.32075	401.28188
APO_028	1	1	1247.48725	344.59664	1104.16981	333.32886
APO_028	2	0	721.58640	519.12605	572.37736	492.88591
APO_028	2	1	482.26629	464.67227	364.07547	443.95973
APO_028	3	0	1036.49858	492.07563	950.77358	478.24161
APO_028	3	1	1203.29745	460.31092	1121.94340	450.15436
APO_028	4	0	382.54958	455.59664	50.71698	414.96644
APO_028	4	1	877.50708	461.04202	646.64151	443.95973
APO_028	5	0	1189.34844	608.06723	1001.66038	594.36242
APO_028	5	1	884.75921	666.15126	729.96226	661.40940
APO_028	6	0	1503.00283	479.19328	1418.26415	483.82550
APO_028	6	1	1834.78754	500.97479	1758.79245	518.25503
APO_028	7	0	761.47309	675.22689	494.49057	648.72483
APO_028	7	1	306.40227	773.24370	5.43396	726.64430
APO_028	8	0	937.33711	758.72269	595.92453	733.89262
APO_028	8	1	659.94334	638.92437	391.24528	607.04698
APO_028	9	0	409.74504	188.77311	316.98113	166.71141
APO_028	9	1	241.13314	181.51261	164.83019	164.89933
APO_028	10	0	360.79320	370.28571	211.92453	347.91946
APO_028	10	1	152.29462	304.94118	3.62264	275.43624
APO_028	11	0	620.05666	432.00000	489.05660	407.71812
APO_028	11	1	478.64023	366.65546	353.20755	353.35570
APO_028	12	0	931.89802	568.13445	699.16981	550.87248
APO_028	12	1	621.86969	484.63866	367.69811	463.89262
APO_028	13	0	1076.94051	370.28571	983.54717	355.16779
APO_028	13	1	893.82436	372.10084	802.41509	367.85235
APO_028	14	0	1715.12748	511.86555	1405.58491	512.81879
APO_028	14	1	1316.26062	584.47059	1079.54717	568.99329
APO_028	15	0	533.03116	575.39496	286.18868	554.49664
APO_028	15	1	795.92068	546.35294	576.00000	505.57047
APO_028	16	0	652.69122	482.82353	420.22642	463.89262
APO_028	16	1	438.75354	402.95798	182.94340	371.47651
APO_028	17	0	984.47592	542.72269	679.24528	523.69128
APO_028	17	1	806.79887	395.69748	512.60377	369.66443
APO_028	18	0	442.37960	386.62185	242.71698	355.16779
APO_028	18	1	614.61756	330.35294	434.71698	302.61745
APO_028	19	0	547.53541	531.83193	260.83019	500.13423
APO_028	19	1	340.84986	381.17647	14.49057	344.29530
APO_028	20	0	551.16147	528.20168	237.28302	491.07383
APO_028	20	1	342.66289	397.51261	7.24528	366.04027
APO_028	21	0	663.56941	384.80672	398.49057	358.79195
APO_028	21	1	339.03683	275.89916	30.79245	239.19463
APO_028	22	0	830.36827	720.60504	121.35849	701.27517
APO_028	22	1	1225.60907	495.52941	681.05660	483.82550
APO_028	23	0	964.53258	382.99160	617.66038	358.79195
APO_028	23	1	721.58640	196.03361	445.58491	181.20805
APO_028	24	0	1129.51841	560.87395	655.69811	547.24832
APO_028	24	1	857.56374	386.62185	414.79245	358.79195
APO_028	25	0	1020.73654	620.77311	561.50943	601.61074
APO_028	25	1	714.33428	475.56303	277.13208	456.64430
APO_028	26	0	1595.46742	624.40336	1148.37736	623.35570
APO_028	26	1	1261.86969	500.97479	920.15094	496.51007
APO_029	0	0	1800.33994	476.42857	1511.33962	462.43624
APO_029	0	1	1640.79320	484.59664	1337.45283	468.77852
APO_029	1	0	881.13314	818.62185	376.75472	829.93289
APO_029	1	1	1397.84703	769.61345	896.60377	753.82550
APO_029	2	0	904.70255	608.06723	552.45283	578.05369
APO_029	2	1	516.71388	769.61345	9.05660	771.94631
APO_029	3	0	1591.84136	584.47059	1325.88679	572.61745
APO_029	3	1	1310.82153	698.82353	1010.71698	690.40268
APO_029	4	0	1616.31728	565.51261	1445.43396	560.65101
APO_029	4	1	1383.34278	602.72269	1209.05660	595.98658
APO_029	5	0	1243.73938	807.73109	418.41509	795.50336
APO_029	5	1	1740.50992	896.67227	960.00000	857.11409
APO_029	6	0	267.42210	284.06723	55.24528	293.96644
APO_029	6	1	454.16431	274.99160	268.98113	288.53020
APO_029	7	0	579.26346	481.00840	238.18868	481.51678
APO_029	7	1	799.54674	385.71429	499.01887	376.41611
APO_029	8	0	1070.38810	544.99160	716.88679	546.61745
APO_029	8	1	1298.83003	455.14286	887.15094	435.17450
APO_029	9	0	1115.71388	632.11765	834.62264	626.34899
APO_029	9	1	1321.49292	564.05042	1018.47170	559.30201
APO_029	10	0	1111.18130	469.66387	1001.26415	465.07383
APO_029	10	1	1267.10198	452.42017	1144.35849	446.95302
APO_029	11	0	1432.29462	689.74790	1228.07547	688.59060
APO_029	11	1	1667.98867	711.52941	1454.49057	708.52349
APO_029	12	0	940.96317	678.85714	744.45283	670.46980
APO_029	12	1	360.79320	553.61345	235.47170	570.80537
APO_029	13	0	1236.48725	517.31092	793.35849	521.87919
APO_029	13	1	1486.68555	598.99160	956.37736	628.79195
APO_029	14	0	754.93201	445.12605	637.58491	444.39597
APO_029	14	1	221.90085	443.31092	67.92453	450.73826
APO_029	15	0	1383.34278	609.88235	856.75472	592.55034
APO_029	15	1	1889.17847	631.66387	1248.00000	601.61074
APO_029	16	0	779.60340	481.00840	409.35849	474.76510
APO_029	16	1	1133.14448	482.82353	740.83019	462.08054
APO_029	17	0	1096.88385	746.01681	470.94340	748.38926
APO_029	17	1	794.10765	591.73109	213.73585	583.48993
APO_029	18	0	1544.70255	902.11765	1063.24528	880.67114
APO_029	18	1	1192.97450	814.99160	795.16981	795.50336
APO_029	19	0	696.20397	510.05042	376.75472	503.75839
APO_029	19	1	953.65439	557.24370	657.50943	549.06040
APO_029	20	0	843.05949	784.13445	490.86792	784.63087
APO_029	20	1	603.73938	711.52941	231.84906	713.95973
APO_030	0	0	1419.60340	707.89916	1273.35849	712.14765
APO_030	0	1	1667.98867	791.39496	1523.32075	808.18792
APO_030	1	0	863.00283	711.52941	733.58491	684.96644
APO_030	1	1	676.26062	724.23529	554.26415	703.08725
APO_030	2	0	1566.45892	880.33613	1244.37736	882.48322
APO_030	2	1	810.42493	787.76471	557.88679	761.07383
APO_030	3	0	1180.28329	551.79832	1016.15094	520.06711
APO_030	3	1	1463.11615	530.01681	1280.60377	527.31544
APO_030	4	0	1212.91785	722.42017	936.45283	719.39597
APO_030	4	1	1553.76771	733.31092	1258.86792	735.70470
APO_030	5	0	879.32011	557.24370	367.69811	538.18792
APO_030	5	1	1153.08782	559.05882	717.28302	540.00000
APO_030	6	0	989.91501	660.70588	637.58491	646.91275
APO_030	6	1	1154.90085	499.15966	833.20755	483.82550
APO_030	7	0	1662.54958	588.10084	1382.03774	592.55034
APO_030	7	1	1459.49008	504.60504	1191.84906	503.75839
APO_030	8	0	1382.44193	466.88235	1242.50943	460.21141
APO_030	8	1	1214.28329	507.72269	1088.09434	500.07718
APO_030	9	0	1675.24079	439.26050	1516.07547	449.39597
APO_030	9	1	1898.24363	415.66387	1720.75472	413.15436
APO_030	10	0	1144.02266	408.40336	664.75472	393.22148
APO_030	10	1	1470.36827	343.05882	994.41509	340.67114
APO_030	11	0	1056.99717	682.48739	789.73585	665.03356
APO_030	11	1	1463.11615	765.98319	1113.96226	764.69799
APO_030	12	0	1528.38527	678.85714	1108.52830	679.53020
APO_030	12	1	1907.30878	508.23529	1420.07547	516.44295
APO_030	13	0	1423.22946	949.31092	925.58491	947.71812
APO_030	13	1	1901.86969	864.00000	1276.98113	838.99329
APO_030	14	0	1247.36544	760.53782	612.22642	752.01342
APO_030	14	1	1791.27479	849.47899	1068.67925	829.93289
APO_030	15	0	257.45042	684.30252	137.66038	639.66443
APO_030	15	1	482.26629	687.93277	367.69811	650.53691
APO_030	16	0	1149.46176	693.37815	887.54717	688.59060
APO_030	16	1	1444.98584	542.72269	1177.35849	532.75168
APO_030	17	0	1178.47025	751.46218	920.15094	748.38926
APO_030	17	1	937.33711	736.94118	715.47170	721.20805
APO_030	18	0	966.34561	633.47899	690.11321	623.35570
APO_030	18	1	763.28612	537.27731	465.50943	512.81879
APO_038	0	0	1058.38244	480.51261	780.05660	500.50671
APO_038	0	1	850.33711	506.83193	586.24528	524.06376
APO_038	1	0	565.66572	673.41176	340.52830	690.40268
APO_038	1	1	297.33711	736.94118	5.43396	752.01342
APO_038	2	0	982.66289	666.15126	771.62264	690.40268
APO_038	2	1	781.41643	689.74790	576.00000	719.39597
APO_038	3	0	836.29178	759.12605	371.32075	782.37584
APO_038	3	1	683.09065	733.26050	125.43396	758.81879
APO_038	4	0	840.37110	740.52101	464.15094	757.91275
APO_038	4	1	621.90085	661.10924	238.18868	678.18121
APO_038	5	0	617.71671	366.89916	452.18868	392.55705
APO_038	5	1	422.81586	318.34454	270.15094	348.16107
APO_038	6	0	1633.34844	383.77311	1467.47170	402.26510
APO_038	6	1	1449.32578	403.28571	1272.30189	422.19799
APO_038	7	0	1095.07082	548.16807	720.90566	563.55705
APO_038	7	1	915.58074	555.42857	534.33962	576.24161
APO_038	8	0	1798.52691	844.03361	1391.09434	871.61074
APO_038	8	1	998.98017	657.07563	753.50943	657.78523
APO_038	9	0	324.53258	575.39496	117.73585	592.55034
APO_038	9	1	672.75637	615.80672	463.05660	657.49664
APO_038	10	0	1564.19263	520.89916	1333.09434	539.18121
APO_038	10	1	1865.60907	471.89076	1600.71698	503.39262
APO_038	11	0	901.22663	346.99160	685.50943	367.95302
APO_038	11	1	1046.72238	239.89916	866.64151	261.04027
APO_038	12	0	996.41926	299.72269	819.79245	322.96980
APO_038	12	1	819.64873	123.20168	609.67925	156.71141
APO_038	13	0	660.98017	597.11765	502.94340	609.59060
APO_038	13	1	436.16431	621.62185	245.28302	643.11409
APO_038	14	0	1039.18130	449.10924	956.15094	471.46980
APO_038	14	1	1194.64873	450.47059	1097.88679	474.18792
APO_038	15	0	927.60340	496.61345	824.33962	514.76174
APO_038	15	1	805.22380	441.25210	710.22642	460.85235
APO_038	16	0	1127.70538	876.70588	720.90566	896.97987
APO_038	16	1	741.52975	824.06723	266.26415	842.61745
APO_038	17	0	1503.00283	633.47899	1195.47170	650.53691
APO_038	17	1	1876.48725	628.03361	1534.18868	655.97315
APO_038	18	0	1285.56941	550.78151	1117.73585	569.13087
APO_038	18	1	1110.15864	479.53782	966.03774	499.36577
APO_038	19	0	919.73938	710.57143	560.20755	730.32215
APO_038	19	1	657.30312	557.19328	265.41509	569.95302
APO_073	0	0	1399.66006	49.00840	1322.26415	7.24832
APO_073	0	1	404.30595	21.78151	324.22642	38.05369
APO_073	1	0	339.94618	72.60504	243.13208	97.64430
APO_073	1	1	516.26346	94.84034	412.03774	115.76510
APO_073	2	0	286.65439	83.94958	225.05660	114.61409
APO_073	2	1	497.41926	106.63866	429.28302	129.56376
APO_073	3	0	588.43343	239.60504	459.58491	244.62416
APO_073	3	1	368.60340	216.91597	230.90566	242.81208
APO_073	4	0	509.49858	512.21849	135.84906	504.15772
APO_073	4	1	808.19547	514.48739	489.28302	507.83893
APO_073	5	0	1033.17847	385.11765	860.79245	377.60067
APO_073	5	1	1191.81870	304.79832	1030.60377	283.82550
APO_073	6	0	964.29745	595.44538	679.81132	581.57047
APO_073	6	1	777.10198	582.73950	453.84906	568.43289
APO_073	7	0	586.10198	414.05042	281.73585	405.34564
APO_073	7	1	758.33994	348.25210	490.49057	337.84564
APO_073	8	0	731.38527	598.21849	498.26415	585.76846
APO_073	8	1	610.81870	455.27731	340.67925	444.42617
APO_073	9	0	1295.31728	96.65546	1213.11321	64.32886
APO_073	9	1	1455.77054	75.78151	1382.01887	27.18121
APO_073	10	0	695.50425	71.24370	641.84906	79.73154
APO_073	10	1	823.32295	85.76471	770.45283	84.71477
APO_073	11	0	775.11615	31.76471	575.35849	24.46309
APO_073	11	1	986.78754	55.36134	782.30189	43.48993
APO_073	12	0	1265.49575	259.56303	1238.94340	241.00671
APO_073	12	1	1784.02266	208.73950	1852.98113	137.71812
APO_074	0	0	1912.74788	410.21849	1490.71698	424.02685
APO_074	0	1	1633.54108	330.35294	1235.32075	331.61074
APO_074	1	0	1348.52691	520.06723	1089.50943	522.10067
APO_074	1	1	1192.60623	485.57983	927.39623	486.76510
APO_074	2	0	1182.74221	728.15966	899.62264	723.15436
APO_074	2	1	1350.44759	690.94958	1074.41509	689.63087
APO_074	3	0	486.79887	525.25210	355.01887	514.61745
APO_074	3	1	369.85836	435.40336	265.35849	429.44966
APO_074	4	0	1051.55807	720.60504	717.28302	717.58389
APO_074	4	1	1207.47875	626.21849	923.77358	626.97987
APO_074	5	0	1156.71388	499.15966	921.96226	487.44966
APO_074	5	1	1026.17564	437.44538	795.16981	429.46309
APO_074	6	0	1162.15297	778.68908	844.07547	771.94631
APO_074	6	1	364.41926	669.78151	18.11321	645.10067
APO_074	7	0	1180.28329	666.15126	958.18868	672.28188
APO_074	7	1	770.53824	566.31933	652.07547	563.55705
APO_074	8	0	899.26346	943.86555	402.11321	940.46980
APO_074	8	1	1147.64873	844.03361	677.43396	844.42953
APO_074	9	0	1020.73654	471.93277	793.35849	478.38926
APO_074	9	1	837.62040	468.30252	586.86792	458.45638
APO_074	10	0	1026.17564	798.65546	472.75472	788.25503
APO_074	10	1	768.72521	713.34454	175.69811	704.89933
APO_074	11	0	710.70822	515.49580	565.13208	511.00671
APO_074	11	1	509.46176	502.78992	336.90566	480.20134
APO_074	12	0	719.77337	698.82353	487.24528	683.15436
APO_074	12	1	465.94901	731.49580	235.47170	715.77181
APO_074	13	0	649.06516	620.77311	550.64151	608.85906
APO_074	13	1	482.26629	666.15126	382.18868	652.34899
APO_074	14	0	917.39377	662.52101	778.86792	655.97315
APO_074	14	1	1116.82720	700.63866	967.24528	697.65101
APO_074	15	0	1044.96884	331.32773	1023.09434	328.72483
APO_074	15	1	906.27195	333.14286	885.43396	328.72483
APO_074	16	0	1851.10482	562.68908	1329.50943	567.18121
APO_074	16	1	1401.47309	569.94958	998.03774	563.55705
APO_074	17	0	1443.17280	495.52941	800.60377	489.26174
APO_074	17	1	1109.57507	259.56303	568.75472	244.63087
APO_074	18	0	1307.19547	713.34454	945.50943	706.71141
APO_074	18	1	1042.49292	720.60504	628.52830	699.46309
APO_074	19	0	928.27195	898.48739	476.37736	902.41611
APO_074	19	1	600.11331	773.24370	173.88679	761.07383
APO_074	20	0	670.66572	462.11765	647.07547	453.94631
APO_074	20	1	502.96034	412.20168	487.67925	405.92617
APO_102	0	0	716.14731	540.90756	387.62264	545.43624
APO_102	0	1	864.81586	470.11765	541.58491	472.95302
APO_102	1	0	1444.98584	288.60504	1119.39623	302.61745
APO_102	1	1	1542.88952	288.60504	1257.05660	300.80537
APO_102	2	0	1724.19263	604.43697	1246.18868	617.91946
APO_102	2	1	1847.47875	526.38655	1403.77358	543.62416
APO_102	3	0	1642.60623	446.52101	1449.05660	456.64430
APO_102	3	1	1539.26346	484.63866	1353.05660	501.94631
APO_102	4	0	1169.40510	789.57983	787.92453	791.87919
APO_102	4	1	1056.99717	689.74790	668.37736	694.02685
APO_102	5	0	1176.65722	588.10084	836.83019	597.98658
APO_102	5	1	1024.36261	618.95798	702.79245	630.60403
APO_102	6	0	1802.15297	818.62185	1449.96226	822.68456
APO_102	6	1	1613.59773	789.57983	1286.94340	810.90604
APO_102	7	0	1653.48442	677.13445	1314.20755	684.85906
APO_102	7	1	1878.30028	581.84034	1544.24528	597.87919
APO_102	8	0	857.56374	736.94118	612.22642	742.95302
APO_102	8	1	690.76487	809.54622	405.73585	810.00000
APO_102	9	0	824.92918	920.26891	447.39623	935.03356
APO_102	9	1	705.26912	894.85714	349.58491	898.79195
APO_102	10	0	958.05099	895.76471	524.94340	905.13423
APO_102	10	1	881.90368	922.99160	441.62264	937.75168
APO_102	11	0	694.39093	775.05882	231.84906	788.25503
APO_102	11	1	507.64873	778.68908	56.15094	788.25503
APO_102	12	0	1080.56657	667.96639	670.18868	677.71812
APO_102	12	1	1439.54674	475.56303	1046.94340	491.07383
APO_102	13	0	1196.60057	669.78151	813.28302	675.90604
APO_102	13	1	1412.35127	539.09244	1092.22642	558.12081
APO_102	14	0	773.30312	569.38655	670.88679	566.80537
APO_102	14	1	609.22380	563.94118	523.26415	574.05369
APO_102	15	0	1378.81020	541.15966	1247.00000	546.73826
APO_102	15	1	1606.34561	433.15966	1474.32075	447.97987
APO_102	16	0	1542.88952	579.88235	1356.67925	593.14094
APO_102	16	1	1831.16147	567.17647	1633.81132	585.89262
APO_102	17	0	562.03966	711.52941	177.50943	724.83221
APO_102	17	1	795.92068	635.29412	499.92453	639.66443
APO_102	18	0	1375.18414	653.71429	1045.94340	666.30872
APO_102	18	1	1572.80453	655.52941	1255.15094	675.36913
APO_103	0	0	877.50708	858.55462	624.90566	842.61745
APO_103	0	1	640.00000	934.78992	355.01887	918.72483
APO_103	1	0	1225.60907	865.81513	947.32075	855.30201
APO_103	1	1	991.72805	876.70588	686.49057	860.73826
APO_103	2	0	1399.66006	782.31933	1161.05660	781.00671
APO_103	2	1	1192.97450	791.39496	988.98113	781.00671
APO_103	3	0	824.92918	829.51261	532.52830	813.62416
APO_103	3	1	471.38810	662.52101	119.54717	646.91275
APO_103	4	0	829.61190	641.17647	714.69811	633.38255
APO_103	4	1	636.52408	684.73950	526.32075	676.87248
APO_103	5	0	1064.18130	738.87395	689.20755	727.16107
APO_103	5	1	716.98584	805.12605	293.43396	801.45638
APO_103	6	0	664.16431	626.48739	571.47170	615.43624
APO_103	6	1	452.03966	627.39496	360.45283	618.15436
APO_103	7	0	1608.15864	778.68908	1363.92453	784.63087
APO_103	7	1	1325.32578	780.50420	1099.47170	775.57047
APO_103	8	0	721.58640	551.79832	451.01887	540.00000
APO_103	8	1	473.20113	495.52941	210.11321	474.76510
APO_103	9	0	1372.46459	588.10084	1206.33962	579.86577
APO_103	9	1	1212.91785	640.73950	1041.50943	636.04027
APO_103	10	0	933.71105	615.32773	739.01887	608.85906
APO_103	10	1	783.22946	555.42857	603.16981	538.18792
APO_103	11	0	803.17280	738.75630	476.37736	735.70470
APO_103	11	1	1046.11898	693.37815	693.73585	681.34228
APO_103	12	0	1399.66006	765.98319	902.03774	762.88591
APO_103	12	1	1769.51841	778.68908	1229.88679	768.32215
APO_103	13	0	1042.49292	687.93277	757.13208	688.59060
APO_103	13	1	1229.23513	686.11765	960.00000	677.71812
APO_103	14	0	1553.76771	533.64706	1363.92453	525.50336
APO_103	14	1	1316.26062	522.75630	1086.79245	511.00671
APO_103	15	0	1162.15297	784.13445	952.75472	777.38255
APO_103	15	1	931.89802	735.12605	726.33962	724.83221
APO_103	16	0	826.74221	707.89916	713.66038	697.65101
APO_103	16	1	645.43909	693.37815	527.09434	681.34228
APO_103	17	0	1020.73654	896.67227	672.00000	887.91946
APO_103	17	1	725.21246	896.67227	331.47170	878.85906
APO_103	18	0	1100.50992	987.42857	621.28302	978.52349
APO_103	18	1	745.15581	1032.80672	39.84906	1047.38255
APO_103	19	0	796.54958	616.03361	825.88679	609.93289
APO_103	19	1	501.02550	606.95798	555.09434	598.15436
APO_104	0	0	1225.23513	599.95798	1040.47170	589.20805
APO_104	0	1	1034.86686	567.28571	832.16981	559.30872
APO_104	1	0	1091.51841	590.30252	1021.90566	586.25503
APO_104	1	1	1039.84703	595.74790	965.75472	591.69128
APO_104	2	0	1257.41076	619.34454	1198.50943	616.15436
APO_104	2	1	798.71388	606.63866	718.50943	605.28188
APO_104	3	0	1588.21530	923.89916	1224.45283	904.22819
APO_104	3	1	1289.06516	913.00840	992.60377	911.47651
APO_104	4	0	493.14448	559.05882	56.15094	549.06040
APO_104	4	1	794.10765	520.94118	434.71698	514.63087
APO_104	5	0	1223.79603	564.50420	1141.13208	563.55705
APO_104	5	1	1370.65156	559.05882	1293.28302	552.68456
APO_104	6	0	1428.66856	762.35294	1229.88679	762.88591
APO_104	6	1	1238.30028	753.27731	1019.77358	742.95302
APO_104	7	0	712.57507	455.14286	648.37736	460.46309
APO_104	7	1	539.43059	450.60504	481.73585	457.74497
APO_104	8	0	519.43343	725.58824	355.92453	718.79866
APO_104	8	1	275.58074	724.68067	123.16981	720.61074
APO_104	9	0	465.04249	439.26891	394.86792	448.22148
APO_104	9	1	261.07649	471.03361	211.92453	478.12081
APO_104	10	0	1784.02266	595.36134	1534.18868	588.92617
APO_104	10	1	1486.68555	557.24370	1298.71698	550.87248
APO_104	11	0	1666.17564	1018.28571	1094.03774	978.52349
APO_104	11	1	1397.84703	793.21008	871.24528	768.32215
APO_104	12	0	1624.47592	720.60504	1383.84906	712.14765
APO_104	12	1	1852.91785	653.44538	1568.60377	637.85235
APO_104	13	0	1388.78187	591.73109	1146.56604	583.48993
APO_104	13	1	1571.89802	504.60504	1304.15094	483.82550
APO_104	14	0	1142.20963	818.62185	804.22642	800.93960
APO_104	14	1	1316.26062	682.48739	987.16981	668.65772
APO_104	15	0	1778.58357	524.57143	1213.58491	518.25503
APO_104	15	1	1434.10765	500.97479	941.88679	492.88591
APO_075	0	0	1124.18363	521.47388	948.42497	540.23507
APO_075	0	1	1254.13116	509.88806	1076.35782	530.16045
APO_075	1	0	1326.66002	508.37687	1176.58867	520.58955
APO_075	1	1	1414.64113	506.34701	1266.60126	522.33955
APO_075	2	0	953.49108	504.67910	839.51312	526.64552
APO_075	2	1	1041.63379	493.59701	925.64113	510.52612
APO_075	3	0	853.73347	685.04104	539.86988	707.56343
APO_075	3	1	966.55614	697.63433	657.72928	717.63806
APO_075	4	0	361.98426	416.94030	127.42917	444.48134
APO_075	4	1	575.54145	455.72761	353.57817	480.24627
APO_075	5	0	989.13431	394.00000	799.52886	412.21269
APO_075	5	1	1156.35362	394.50373	964.22980	411.20522
APO_075	6	0	728.45435	418.39179	524.61595	442.43657
APO_075	6	1	853.86884	442.06716	659.60021	465.10448
APO_075	7	0	1365.57608	547.74627	1058.56873	560.02985
APO_075	7	1	1619.42707	578.47388	1269.10388	590.25373
APO_075	8	0	1088.64218	584.56343	735.02833	596.63433
APO_075	8	1	1311.76915	582.04478	974.27282	606.20522
APO_075	9	0	1102.03568	634.70149	737.54669	662.04478
APO_075	9	1	1360.51941	672.79104	989.38300	683.20149
APO_075	10	0	693.58342	560.94776	267.69360	581.57090
APO_075	10	1	994.27597	572.02985	643.68940	585.55597
APO_075	11	0	1076.07975	427.10448	850.78594	440.83582
APO_075	11	1	1281.57817	415.51866	1054.26967	427.73881
APO_075	12	0	1164.49108	721.34328	865.78174	739.66791
APO_075	12	1	1422.01259	713.57836	1075.81322	722.03731
APO_075	13	0	541.95173	568.20896	32.23505	598.43284
APO_075	13	1	1484.14481	668.36194	1026.39035	677.18657
APO_075	14	0	1501.13746	301.94030	1307.46065	313.39179
APO_075	14	1	1263.40399	266.67910	1061.16474	279.13806
APO_075	15	0	1275.29906	687.08955	634.45855	702.09701
APO_075	15	1	1630.25813	590.44403	1006.98636	595.91418
APO_075	16	0	1054.24449	382.18284	593.56873	392.28731
APO_075	16	1	1264.77964	400.31716	778.41658	409.91791
APO_075	17	0	1186.26233	295.96642	666.17733	305.81716
APO_075	17	1	1426.63694	337.27612	836.82896	349.77612
APO_075	18	0	1168.73767	528.22015	899.91396	542.58582
APO_075	18	1	1359.62959	507.56716	1064.11123	520.92537
APO_075	19	0	1175.67156	690.67164	779.95068	706.37313
APO_075	19	1	1365.55614	587.40672	998.04092	598.07090
APO_075	20	0	1009.21196	633.35075	613.23505	647.43657
APO_075	20	1	1211.68835	559.80597	810.67471	573.38806
APO_075	21	0	908.35572	502.46642	537.21931	517.85821
APO_075	21	1	1101.26233	538.73507	773.94544	553.11940
APO_075	22	0	1356.81952	140.47761	1074.82267	154.57090
APO_075	22	1	1743.64008	312.75373	1511.78804	321.79478
APO_032	0	0	838.96852	732.08209	543.07135	719.69776
APO_032	0	1	583.10283	713.44403	324.98111	701.05970
APO_032	1	0	994.88353	375.18657	874.83211	377.69030
APO_032	1	1	834.21196	334.38433	722.21931	338.90299
APO_032	2	0	593.21931	480.97015	286.59391	462.57090
APO_032	2	1	838.50787	510.69030	539.43757	506.89925
APO_032	3	0	1131.85414	475.91791	976.76600	480.92537
APO_032	3	1	855.33788	449.72388	697.22770	460.77612
APO_032	4	0	856.74397	301.63060	556.92445	297.70522
APO_032	4	1	428.17524	220.49627	61.44806	191.85821
APO_032	5	0	892.38720	574.71269	605.10808	570.63806
APO_032	5	1	723.65687	550.53358	367.87828	537.89552
APO_032	6	0	1437.76180	716.54104	893.82476	721.23881
APO_032	6	1	1189.95488	653.57463	726.60546	657.26493
APO_032	7	0	1159.90871	511.71269	732.67786	515.89179
APO_032	7	1	936.27807	423.55970	576.03568	419.67910
APO_032	8	0	820.71039	508.12687	437.07450	496.06716
APO_032	8	1	566.35572	446.67164	170.63169	435.11567
APO_032	9	0	942.07240	359.36567	759.69360	359.14179
APO_032	9	1	1107.78069	341.23134	933.96432	344.53358
APO_032	10	0	928.53200	395.11194	583.76705	393.02239
APO_032	10	1	1142.59286	377.98507	826.03358	381.94030
APO_032	11	0	1171.42392	250.17164	844.55299	256.15672
APO_032	11	1	965.42183	201.81343	594.22770	195.20522
APO_032	12	0	1151.27702	209.36940	996.66212	212.83582
APO_032	12	1	999.16789	181.66418	834.47954	186.13806
APO_032	13	0	1148.25498	281.90672	979.53725	288.39552
APO_032	13	1	1003.70094	281.40299	816.85100	285.87687
APO_032	14	0	1600.87933	202.24627	1197.62959	226.00746
APO_032	14	1	1310.76390	218.86940	932.19412	235.07463
APO_032	15	0	1341.95698	254.09701	1122.58237	266.30597
APO_032	15	1	1182.79643	213.29478	946.29696	215.42910
APO_032	16	0	1800.62959	361.51119	1477.38720	388.11940
APO_032	16	1	1537.71249	351.43657	1246.20147	369.98507
APO_032	17	0	1694.81742	237.85821	1522.85414	257.36194
APO_032	17	1	1519.53935	268.58582	1344.05037	282.04478
APO_032	18	0	1644.45016	193.52985	1374.27072	214.54478
APO_032	18	1	1440.71144	166.57090	1188.36621	181.91791
APO_032	19	0	1335.07135	335.73134	1135.10073	347.28731
APO_032	19	1	1183.46590	398.69776	976.44386	407.23134
APO_032	20	0	1448.90136	344.79851	1270.08499	357.86567
APO_032	20	1	1285.20776	393.66045	1106.39140	406.22388
APO_032	21	0	788.03778	249.07836	629.86569	249.54851
APO_032	21	1	634.92130	230.94403	490.85205	228.89552
APO_032	22	0	736.53830	360.32463	465.67051	351.02239
APO_032	22	1	590.47324	316.50000	353.35152	305.68657
APO_032	23	0	1260.25918	420.82090	1096.50892	429.50000
APO_032	23	1	1115.70514	390.59701	958.50262	395.75000
APO_032	24	0	550.20672	440.83209	380.07450	431.66791
APO_032	24	1	363.34418	407.08209	208.82581	390.86567
APO_032	25	0	757.52361	658.88060	102.74921	656.86567
APO_032	25	1	1184.63799	620.59701	664.84785	616.56716
APO_032	26	0	1843.44176	431.19403	1452.59182	449.32836
APO_032	26	1	630.59811	358.65672	255.86569	332.46269
APO_032	27	0	1557.35572	535.97015	854.22875	537.98507
APO_032	27	1	1065.77125	463.43284	550.01049	465.44776
