OpCode	ImagePtPair	Index	Lx	Ly	Rx	Ry
S101_D1	0	0	1736.15950	586.14552	1862.58132	552.73881
S101_D1	0	1	1608.22665	652.13433	1713.99790	632.83209
S101_D1	1	0	1301.68248	717.48139	510.12003	670.61042
S101_D1	1	1	1359.29588	723.51117	569.74320	675.97022
S101_D1	2	0	1616.78909	683.95896	1651.54250	658.91791
S101_D1	2	1	1747.74397	682.95149	1809.69570	655.89552
S101_D1	3	0	1491.56453	646.31343	1375.15740	618.16418
S101_D1	3	1	1617.48269	611.55597	1524.74816	573.83582
S101_D1	4	0	1604.21196	735.32463	1712.99056	720.79104
S101_D1	4	1	1754.81007	784.69030	1911.43757	782.75000
S101_D1	5	0	1463.80273	870.14925	1263.53410	854.17910
S101_D1	5	1	1286.00630	840.42910	1103.86988	824.45896
S101_D1	6	0	934.57608	899.57090	820.21196	882.11940
S101_D1	6	1	1268.49003	839.63806	1259.32214	832.76493
S101_D1	7	0	1005.61175	872.07090	739.68520	846.91791
S101_D1	7	1	767.87828	1002.53731	447.55509	960.76119
S101_D1	8	0	1334.54250	579.67537	1163.26233	546.27612
S101_D1	8	1	1156.74607	537.36194	952.22350	510.51119
S101_D1	9	0	484.79224	334.88806	679.34732	351.94030
S101_D1	9	1	434.92865	337.91045	628.98006	358.99254
S101_D1	10	0	712.79833	92.45658	925.83391	103.17618
S101_D1	11	0	550.42183	949.17164	366.59077	910.05970
S101_D1	11	1	707.06401	925.49627	559.49738	891.92537
S101_D1	12	0	1547.60860	717.00000	1626.68940	692.24254
S101_D1	12	1	1612.07870	758.30597	1684.61175	748.15672
S101_D1	13	0	1226.89927	846.14925	1040.60126	825.35821
S101_D1	13	1	1778.97167	983.42537	1321.47219	964.69776
S101_D1	14	0	1543.25289	668.37313	1377.37041	637.08582
S101_D1	14	1	1734.14481	569.13806	1646.83526	520.72388
S101_D1	15	0	1804.65897	751.74254	1695.36201	725.81716
S101_D1	15	1	1873.66212	672.65672	1834.87933	636.15299
S101_D1	16	0	1087.82581	792.09701	955.66737	775.05970
S101_D1	16	1	775.88458	733.80970	423.11752	707.20149
S101_D1	17	0	99.48478	808.01119	172.77859	773.31343
S101_D1	17	1	461.62539	726.91045	504.19517	709.84328
S101_D1	18	0	789.21826	525.07463	761.21826	514.51119
S101_D1	18	1	662.79643	482.25746	606.08709	480.25746
S101_D1	19	0	1462.84155	557.77612	1395.14586	522.73881
S101_D1	19	1	1730.79538	591.52612	1671.66212	547.42164
S101_D1	20	0	962.46800	812.29478	728.18468	787.21269
S101_D1	20	1	685.44806	931.17537	434.54355	891.48507
S101_D1	21	0	477.07240	623.54104	329.42497	616.90299
S101_D1	21	1	1730.61910	933.70522	1236.70829	913.72388
S101_D1	22	0	1228.14481	818.02985	1018.05352	797.56343
S101_D1	22	1	1288.08185	789.82090	1055.32529	768.34701
S101_D1	23	0	979.88772	638.89179	511.91291	609.76493
S101_D1	23	1	923.98006	540.66418	331.59811	515.56716
S101_D1	24	0	943.21826	809.67910	625.68520	780.13433
S101_D1	24	1	897.88772	882.21642	501.27807	845.11567
S101_D1	25	0	1011.21406	899.34328	685.11857	865.26493
S101_D1	25	1	870.68940	921.50746	579.34732	888.43657
S101_D1	26	0	1007.95803	875.66791	781.08604	856.19776
S101_D1	26	1	1027.60126	870.12687	735.75551	842.59701
S101_D2	0	0	1294.05373	712.46154	469.39149	705.64020
S101_D2	0	1	1348.31752	707.10174	528.34473	704.97022
S101_D2	1	0	550.57711	564.94045	874.99512	578.32010
S101_D2	2	0	501.72226	523.31514	715.72715	537.01489
S101_D2	2	1	375.10677	537.71960	582.41242	549.40943
S101_D2	3	0	819.01605	658.14888	816.85485	664.76923
S101_D2	3	1	874.61968	618.95533	881.83740	627.25062
S101_D2	4	0	800.91766	936.03474	718.96441	936.66501
S101_D2	4	1	649.51500	960.48883	563.54222	946.04467
S101_D2	5	0	977.25750	628.41687	345.07955	625.79404
S101_D2	5	1	657.72296	325.73697	132.97976	343.21340
S101_D2	6	0	495.58828	576.10918	540.83531	582.02481
S101_D2	6	1	641.63154	529.88089	652.37753	540.48635
S101_D2	7	0	1176.63015	480.08933	1159.05304	487.49876
S101_D2	7	1	1340.42638	428.50124	1362.03978	426.53102
S101_D2	8	0	1427.11584	531.31514	1391.73692	536.08437
S101_D2	8	1	1320.93301	543.03970	1300.29239	550.82382
S101_D2	9	0	806.91556	763.99504	789.78856	768.27047
S101_D2	9	1	710.44662	760.64516	725.14096	764.58561
S101_D2	10	0	1505.14096	481.33002	1660.40475	481.73945
S101_D2	10	1	1619.36288	477.98015	1801.75855	474.36973
S101_D2	11	0	620.19470	686.05459	695.18004	692.42928
S101_D2	11	1	721.68807	666.29032	807.05722	674.00496
S101_D2	12	0	810.30007	168.22581	958.19749	185.05459
S101_D2	12	1	997.20865	162.53102	1143.09630	167.30025
S101_D2	13	0	895.38730	531.46402	897.34334	538.24069
S101_D2	13	1	805.61759	530.79404	840.73482	539.24566
S101_D2	14	0	192.23168	622.92060	150.28542	623.98015
S101_D2	14	1	376.46057	649.71960	332.16957	646.75931
S101_D2	15	0	1645.33147	466.21340	1548.62526	460.30769
S101_D2	15	1	1783.33566	611.93300	1690.64899	626.79653
S101_D2	16	0	799.88137	815.64020	818.33845	819.05955
S101_D2	16	1	745.95255	851.48387	731.58339	848.53846
S101_D2	17	0	152.07258	547.70471	428.96720	562.00993
S101_D2	17	1	204.32659	534.64020	481.89114	545.93052
S101_D2	18	0	766.50523	662.80397	789.14585	668.00496
S101_D2	18	1	878.71738	618.58561	900.35311	626.46650
S101_D2	19	0	739.51779	803.22084	557.01186	797.62531
S101_D2	19	1	915.70761	813.60546	701.38032	815.04467
S101_D2	20	0	1622.35590	429.66501	1878.12980	421.30025
S101_D2	20	1	1620.68109	446.74938	1888.51361	440.72953
S101_D2	21	0	893.02094	870.79404	809.43196	874.70968
S101_D2	21	1	966.37753	838.63524	912.60014	846.90571
S101_D2	22	0	1034.44103	875.37965	868.77879	884.13400
S101_D2	22	1	938.97697	832.16625	816.18981	835.89578
S101_D2	23	0	208.42498	453.68238	146.37823	478.81390
S101_D2	23	1	394.66364	558.19851	361.08863	562.22581
S101_D2	24	0	469.98395	616.63524	658.74180	624.33499
S101_D2	24	1	386.91347	614.96030	584.38032	620.31514
S101_D2	25	0	800.25052	597.94541	967.04745	604.62531
S101_D2	25	1	696.74738	582.20099	876.27285	590.55583
S101_D2	26	0	690.01814	656.32010	815.88137	664.87593
S101_D2	26	1	544.97976	653.30521	654.76483	660.85608
S101_D3	0	0	1343.46197	732.33995	516.36776	707.26055
S101_D3	0	1	1396.38590	731.66998	567.95185	710.61042
S101_D3	1	0	663.54780	511.93052	952.11026	536.63027
S101_D3	2	0	1200.06490	533.59057	1406.87648	564.27543
S101_D3	2	1	1245.61968	547.32506	1453.10119	584.37469
S101_D3	3	0	1566.64201	627.44417	1596.29239	669.00993
S101_D3	3	1	1631.28960	632.80397	1686.39707	679.39454
S101_D3	4	0	717.11584	842.03970	569.15283	820.30521
S101_D3	4	1	608.92324	859.45906	413.06071	823.65509
S101_D3	5	0	1703.27983	815.66501	1884.82903	906.90074
S101_D3	5	1	1777.97627	862.89826	1896.55269	966.86352
S101_D3	6	0	495.88416	164.14392	554.43405	193.04467
S101_D3	6	1	521.34124	96.14144	607.69295	131.74194
S101_D3	7	0	894.05304	720.75682	828.22470	723.89330
S101_D3	7	1	1115.12770	612.89082	1062.02791	629.09181
S101_D3	8	0	696.74180	804.88089	674.35799	793.78908
S101_D3	8	1	526.58130	845.74938	497.83322	817.23821
S101_D3	9	0	479.78088	720.45409	521.87648	702.16377
S101_D3	9	1	326.70342	693.32010	366.11933	667.32506
S101_D3	10	0	1839.60921	819.60546	1884.49407	910.37965
S101_D3	10	1	1721.03280	829.32010	1716.34334	902.33995
S101_D3	11	0	1450.28262	907.02978	1487.05513	973.13896
S101_D3	11	1	1527.99372	915.73945	1534.95464	986.87345
S101_D3	12	0	1255.33357	536.98015	891.00349	535.70968
S101_D3	12	1	1080.33147	218.07692	535.79204	212.11663
S101_D3	13	0	1199.57153	582.20099	954.76692	589.32010
S101_D3	13	1	1359.34822	627.42432	1171.15213	646.60298
S101_D3	14	0	1524.76692	716.46402	1679.16260	777.98015
S101_D3	14	1	1670.47523	727.18362	1848.98814	798.74938
S101_D3	15	0	1568.64689	672.00496	1400.34613	706.17122
S101_D3	15	1	1623.24564	680.71464	1460.97418	721.24566
S101_D3	16	0	1568.98186	726.60794	1384.93789	766.13400
S101_D3	16	1	1626.59525	739.00248	1448.24564	780.20347
S101_D3	17	0	1149.35101	719.10422	1122.48500	742.48883
S101_D3	17	1	281.12352	470.08933	331.80321	469.41935
S101_D3	18	0	1148.51710	720.69479	1121.18981	741.69975
S101_D3	18	1	163.46127	223.26551	179.87439	248.79653
S101_D3	19	0	838.33147	487.57072	1023.02094	508.66501
S101_D3	19	1	911.68807	512.35980	1082.64410	535.12903
S101_D3	20	0	1061.41242	685.56576	1015.83043	700.91067
S101_D3	20	1	1291.53105	709.34988	1246.28402	738.42928
S101_D3	21	0	1400.19470	753.67990	1539.21424	810.96526
S101_D3	21	1	1488.62456	758.36973	1655.78088	821.68486
S101_D4	0	0	1270.91696	718.61042	502.08095	715.12159
S101_D4	0	1	1326.52059	720.62035	563.04396	718.47146
S101_D4	1	0	531.49895	619.70968	877.90928	642.33995
S101_D4	2	0	890.69993	148.98511	1120.40893	172.67990
S101_D4	2	1	686.37334	125.53598	919.76692	165.31017
S101_D4	3	0	217.69853	595.38462	437.08234	610.09926
S101_D4	3	1	155.73064	622.71960	394.70970	631.86600
S101_D4	4	0	639.57292	331.75931	823.78576	364.94045
S101_D4	4	1	487.50035	340.13400	714.25331	375.32506
S101_D4	5	0	1448.42498	714.05955	921.87439	727.06452
S101_D4	5	1	1766.63852	718.74938	1097.05932	735.10422
S101_D4	6	0	1483.69784	540.95037	1581.67690	561.09181
S101_D4	6	1	1594.06769	505.85360	1716.33147	521.60794
S101_D4	7	0	1744.31333	530.73945	1819.49546	545.31514
S101_D4	7	1	1636.62317	580.51613	1724.70133	605.38462
S101_D4	8	0	1215.25611	533.41191	978.97488	544.82134
S101_D4	8	1	1451.73901	579.97519	1243.92952	595.73945
S101_D4	9	0	1080.04257	482.94541	1336.95464	506.30521
S101_D4	9	1	1371.42359	567.90074	1599.19400	595.81638
S101_D4	10	0	1288.20447	494.91067	1500.05164	515.42928
S101_D4	10	1	1079.59386	483.29280	1337.66574	507.86104
S101_D4	11	0	1356.74040	700.59801	1416.16469	736.29777
S101_D4	11	1	1455.72156	702.62283	1549.31193	743.04715
S101_D4	12	0	1307.04815	673.50124	1364.44173	704.30025
S101_D4	12	1	1436.00837	722.74442	1580.15701	766.94293
S101_D4	13	0	1107.12282	674.22581	1325.94696	706.60050
S101_D4	13	1	1043.81507	673.04467	1271.01326	703.56328
S101_D4	14	0	1476.54850	641.99256	1711.14027	676.97270
S101_D4	14	1	1606.17865	627.81886	1885.66643	670.16129
S102_D1	0	0	1315.23726	724.21092	519.56106	714.11911
S102_D1	0	1	1369.50105	725.55087	574.49477	716.79901
S102_D1	1	0	557.37613	389.92556	819.98604	411.36476
S102_D1	2	0	1467.30914	995.85112	1104.67690	1040.00993
S102_D1	2	1	1626.23447	999.17618	1337.96371	1067.00744
S102_D1	3	0	271.32240	599.34243	198.97627	581.16873
S102_D1	3	1	453.36846	625.50372	413.51361	611.88586
S102_D1	4	0	1039.39288	149.66253	1080.99791	160.65757
S102_D1	4	1	946.60851	165.69231	969.79065	180.73697
S102_D1	5	0	567.18772	574.16129	303.43685	561.12903
S102_D1	5	1	391.67202	439.60298	97.43964	431.80149
S102_D1	6	0	794.87718	504.37469	832.11863	515.74938
S102_D1	6	1	676.11724	501.28040	705.98953	507.42432
S102_D1	7	0	1136.91137	664.67990	947.27355	675.91315
S102_D1	7	1	1337.33287	675.85608	1146.18772	699.91315
S102_D1	8	0	1394.27634	346.21588	1246.78995	350.03722
S102_D1	8	1	1251.23657	453.48635	1113.63154	462.87593
S102_D1	9	0	1156.87509	442.53598	1023.28960	453.44417
S102_D1	9	1	1227.67062	527.89826	1132.85276	542.51613
S102_D1	10	0	1016.21493	600.24566	923.82484	610.51117
S102_D1	10	1	1122.39777	583.87841	983.95045	595.49380
S102_D1	11	0	1381.25890	692.21588	1203.20865	717.26551
S102_D1	11	1	1493.45778	578.50868	1361.29728	600.68983
S102_D1	12	0	908.29518	919.77171	681.11096	909.58561
S102_D1	12	1	1112.74110	904.03226	864.95673	912.91315
S102_D1	13	0	1651.77181	439.95037	1890.85834	461.61290
S102_D1	13	1	1547.43126	438.09429	1759.38590	459.25062
S102_D1	14	0	1576.65806	618.78660	1650.51779	657.33002
S102_D1	14	1	1490.90789	572.89082	1588.38241	605.52854
S102_D1	15	0	872.81089	293.84367	1033.08723	311.38462
S102_D1	15	1	786.72575	294.01241	945.32729	312.90323
S102_D1	16	0	911.57851	433.17370	953.07258	446.85360
S102_D1	16	1	822.81368	385.92804	847.22470	398.76427
S102_D1	17	0	73.61968	816.46402	223.15003	766.08189
S102_D1	17	1	277.61130	771.41191	387.44871	741.27792
S102_D1	18	0	952.36008	534.97519	979.34822	548.61290
S102_D1	18	1	1013.65806	531.93797	1077.99442	549.79404
S102_D1	19	0	842.54850	741.51365	889.94348	749.09429
S102_D1	19	1	943.37195	775.76675	990.09700	788.91563
S102_D1	20	0	800.10188	707.75186	529.73273	696.39206
S102_D1	20	1	672.39567	632.85608	342.73831	616.09677
S102_D1	21	0	1488.00698	685.19107	1351.14027	719.11663
S102_D1	21	1	1696.26308	607.92556	1580.83391	640.66998
S102_D1	22	0	1084.34403	834.48883	941.10956	849.43176
S102_D1	22	1	1107.32449	685.98511	985.02512	700.25310
S102_D1	23	0	992.27076	740.36973	996.94906	756.03722
S102_D1	23	1	881.06350	765.00496	863.29937	772.06700
S102_D1	24	0	1038.17934	525.50620	1241.97418	548.16625
S102_D1	24	1	1180.70551	514.20099	1408.61759	540.23573
S102_D1	25	0	1265.01675	628.33747	1322.30286	657.60050
S102_D1	25	1	1367.68248	635.76179	1434.51500	669.74938
S102_D1	26	0	952.65597	716.95533	946.72087	729.01737
S102_D1	26	1	1059.17376	718.98015	1026.77669	737.11663
S102_D1	27	0	1.50733	833.45906	207.00698	777.72457
S102_D1	27	1	110.70482	820.97270	293.76204	774.34988
S102_D1	28	0	825.33706	343.22829	708.40684	354.91563
S102_D1	28	1	896.85136	391.31762	822.12631	401.31762
S102_D1	29	0	587.84578	433.78908	572.99372	442.78164
S102_D1	29	1	703.74250	461.29280	712.33775	470.62283
S102_D1	30	0	372.94348	706.39454	273.41521	679.94045
S102_D1	30	1	458.98116	595.58561	413.38172	585.33002
S102_D1	31	0	987.79135	1011.41687	699.81717	1005.79156
S102_D1	31	1	784.62945	996.02481	521.77739	971.33251
S102_D1	32	0	1448.97209	601.30769	1255.14236	622.75186
S102_D1	32	1	1338.76971	622.06203	1191.16469	644.51861
S102_D1	33	0	1639.76204	710.15385	1497.69365	750.81141
S102_D1	33	1	1515.65876	699.69231	1430.19888	738.15633
S102_D1	34	0	1765.91766	605.65757	1460.43266	629.77667
S102_D1	34	1	1497.94836	574.83871	1227.29937	589.57816
S102_D1	35	0	1401.91277	415.31017	1265.45080	424.89578
S102_D1	35	1	1476.60921	448.55087	1400.10537	461.67990
S102_D1	36	0	1462.93789	710.07692	1408.82554	748.07940
S102_D1	36	1	1329.62317	651.18859	1289.24424	680.24814
S102_D1	37	0	1082.20098	881.35732	973.16329	898.70223
S102_D1	37	1	1714.69714	976.04467	1583.74878	1065.15136
S102_D1	38	0	342.06281	653.73945	269.99791	633.31762
S102_D1	38	1	207.07327	685.29280	167.66713	654.57816
S102_D1	39	0	126.34962	665.89578	179.99372	636.68238
S102_D1	39	1	293.99791	713.81638	356.68597	690.17122
S102_D1	40	0	1128.03908	823.81390	975.02791	842.10422
S102_D1	40	1	1277.21214	775.92308	1205.80112	808.04218
S102_D1	41	0	180.13050	845.19603	7.70412	784.98015
S102_D1	41	1	271.74250	816.34243	178.86950	772.49380
S102_D1	42	0	116.49965	758.21836	65.31752	712.51365
S102_D1	42	1	229.11445	711.35236	235.37823	681.00248
S102_D1	43	0	967.74878	684.00000	720.96022	684.86849
S102_D1	43	1	708.91137	730.28536	355.57292	709.69727
S102_D1	44	0	382.85555	659.23573	322.06211	641.51861
S102_D1	44	1	445.99581	643.37469	431.59456	631.05707
S102_D2	0	0	1276.35869	699.61042	513.93650	687.30025
S102_D2	0	1	1334.64201	702.29032	565.52059	699.35980
S102_D2	1	0	1412.34473	583.95037	1776.63643	636.93052
S102_D2	2	0	413.36218	691.40695	576.46895	666.81638
S102_D2	2	1	520.10328	676.44417	678.52059	661.90323
S102_D2	3	0	413.58548	691.40695	576.91556	666.36973
S102_D2	3	1	590.66853	646.07196	748.41591	639.12407
S102_D2	4	0	496.87927	683.36725	645.91766	666.59305
S102_D2	4	1	435.91626	665.50124	615.10119	645.37717
S102_D2	5	0	383.22331	224.77667	638.23657	244.26303
S102_D2	5	1	527.25960	262.09926	779.42568	277.87345
S102_D2	6	0	1544.37264	484.74442	1687.67411	522.60298
S102_D2	6	1	1696.44522	468.66501	1868.86253	511.23325
S102_D2	7	0	1177.31472	393.74194	1377.19819	412.87345
S102_D2	7	1	1203.88835	414.28784	1414.26727	436.99256
S102_D2	8	0	1513.56315	351.62531	1724.25471	372.39454
S102_D2	8	1	1584.74250	355.50620	1793.08932	376.78164
S102_D2	9	0	852.42638	216.00744	994.42498	228.79653
S102_D2	9	1	922.09839	250.09181	1045.33915	262.88089
S102_D2	10	0	922.07048	392.68734	1008.46406	404.45658
S102_D2	10	1	1022.22401	395.38710	1087.34752	407.66253
S102_D2	11	0	586.19888	337.79404	853.53873	353.30769
S102_D2	11	1	646.15701	345.21836	904.95534	357.69479
S102_D2	12	0	688.17446	512.64020	699.44452	512.77667
S102_D2	12	1	784.81089	536.76923	816.01117	543.82382
S102_D2	13	0	463.70970	541.46154	606.66225	534.57072
S102_D2	13	1	564.53315	556.14144	695.42708	553.13151
S102_D2	14	0	825.16818	608.36228	904.25960	613.99256
S102_D2	14	1	928.83880	590.47643	991.07258	603.30025
S102_D2	15	0	1256.62456	531.00496	1302.47523	558.42928
S102_D2	15	1	1384.07746	529.31762	1452.70551	563.49132
S102_D2	16	0	1338.69016	512.27543	1500.19260	550.33747
S102_D2	16	1	1433.31682	510.41935	1612.73971	550.00000
S102_D2	17	0	638.27216	555.25062	759.63782	554.83871
S102_D2	17	1	742.44522	590.34739	844.04815	592.12903
S102_D2	18	0	1293.52268	360.90323	1497.78088	380.39950
S102_D2	18	1	1374.41591	364.95285	1577.33426	384.95533
S102_D2	19	0	1005.54082	341.96030	1233.26727	358.11414
S102_D2	19	1	1046.74110	364.40199	1266.59595	382.07444
S102_D2	20	0	772.41172	530.20099	890.03489	535.68734
S102_D2	20	1	874.24006	553.99256	973.10537	564.03474
S102_D2	21	0	1019.25541	676.28288	999.60572	692.70968
S102_D2	21	1	1147.43405	647.47395	1087.14236	669.26055
S102_D2	22	0	1621.31612	628.44913	1694.81298	691.80893
S102_D2	22	1	1577.99442	632.02233	1595.88765	690.02233
S102_D2	23	0	1132.36357	762.05955	1043.33357	783.75931
S102_D2	23	1	1593.87090	784.51861	1511.09351	857.58313
S102_D2	24	0	980.12980	749.49380	841.24634	755.44169
S102_D2	24	1	1062.08374	642.52109	954.01675	653.60546
S102_D2	25	0	1122.79274	711.40943	981.62317	727.39454
S102_D2	25	1	1239.69156	583.00496	1111.78925	603.44169
S102_D2	26	0	1285.03419	795.52109	980.38311	818.51117
S102_D2	26	1	1361.88067	617.33499	1092.22052	643.54839
S102_D2	27	0	769.65597	309.55335	421.32589	308.31266
S102_D2	27	1	679.39079	54.20347	271.10258	72.02978
S102_D2	28	0	1014.01675	758.37717	850.97627	763.05459
S102_D2	28	1	1139.17167	625.64020	967.42219	641.45409
S102_D2	29	0	1513.36288	543.54342	1612.47034	589.31762
S102_D2	29	1	1627.58479	536.45658	1740.09072	585.77419
S102_D2	30	0	544.51082	615.84119	679.68179	602.99256
S102_D2	30	1	606.98116	603.52357	749.18632	597.59305
S102_D3	0	0	1345.91486	702.10174	517.99093	667.22829
S102_D3	0	1	1399.50872	704.11166	567.56525	669.90819
S102_D3	1	0	1345.20586	566.41935	1671.45848	615.59057
S102_D3	2	0	1252.38241	574.83375	1270.22470	600.51365
S102_D3	2	1	1423.42428	620.76675	1477.66574	653.14640
S102_D3	3	0	1504.66643	315.84119	1687.75506	320.94045
S102_D3	3	1	1363.98255	350.23325	1495.04047	365.38213
S102_D3	4	0	1455.53873	315.61787	1607.36427	325.63027
S102_D3	4	1	1363.98255	349.33995	1494.14724	364.26551
S102_D3	5	0	639.83252	254.33002	727.58130	297.76675
S102_D3	5	1	408.70900	206.53846	467.20447	260.91811
S102_D3	6	0	579.09281	238.69727	649.42359	283.47395
S102_D3	6	1	408.03908	208.10174	466.53454	263.37469
S102_D3	7	0	519.94836	321.22333	701.09421	368.12655
S102_D3	7	1	388.19679	322.78660	576.93510	374.60298
S102_D3	8	0	465.46127	319.88337	656.43266	370.80645
S102_D3	8	1	389.53664	320.77667	576.04187	372.14640
S102_D3	9	0	770.47104	632.36973	851.52966	657.32258
S102_D3	9	1	679.13817	623.88337	766.00279	649.50620
S102_D3	10	0	1494.83810	547.33995	1735.32449	585.24566
S102_D3	10	1	1592.64689	534.83375	1859.70691	570.28288
S102_D3	11	0	869.09142	804.51365	804.08165	822.72953
S102_D3	11	1	1556.20098	962.58313	1331.30286	1010.50124
S102_D3	12	0	1309.46197	794.97022	1357.93022	842.09926
S102_D3	12	1	851.20865	741.63275	935.63224	772.45906
S102_D3	13	0	906.42219	828.69975	859.47872	852.34491
S102_D3	13	1	1246.64550	990.29280	1073.49895	1031.76179
S102_D4	0	0	1309.54013	723.53102	523.68248	691.07940
S102_D4	0	1	1362.46406	728.89082	577.27634	698.44913
S102_D4	1	0	1025.18074	468.95037	1322.26867	472.92060
S102_D4	2	0	1358.42149	619.58065	1554.21773	638.31017
S102_D4	2	1	1417.15143	644.59305	1613.17097	666.89578
S102_D4	3	0	1505.09142	549.35980	1800.30705	562.77916
S102_D4	3	1	1557.56874	536.18362	1861.49337	548.70968
S102_D4	4	0	486.76204	667.63275	477.43057	647.98015
S102_D4	4	1	548.39498	689.29529	533.48081	670.98263
S102_D4	5	0	1369.96581	646.77667	1558.82833	667.45658
S102_D4	5	1	1419.09351	663.52605	1631.84997	688.22581
S102_D4	6	0	463.89184	160.28040	596.75436	183.79404
S102_D4	6	1	274.08025	164.52357	421.90440	197.86352
S102_D4	7	0	1465.17655	568.20099	1369.69156	565.30769
S102_D4	7	1	1668.92673	459.11663	1643.78367	443.94045
S102_D4	8	0	1513.69086	745.28784	1371.44731	761.54094
S102_D4	8	1	1766.47523	795.98263	1638.96999	831.66501
S102_D4	9	0	1322.14027	565.68983	1084.02373	558.17618
S102_D4	9	1	1759.96092	462.60794	1491.92114	438.79156
S102_D4	10	0	942.79065	459.38710	1098.65248	460.07444
S102_D4	10	1	1170.07467	550.99007	1319.68388	556.59057
S102_D4	11	0	1556.33217	715.31017	1514.88555	735.74690
S102_D4	11	1	1806.64759	769.42928	1752.93161	804.53102
S102_D4	12	0	893.83112	590.50620	709.81019	579.56328
S102_D4	12	1	1788.69505	826.01241	1547.13259	859.12903
S102_D4	13	0	977.77320	516.17618	965.65527	509.89330
S102_D4	13	1	869.91556	506.34988	889.50733	500.06700
S102_D4	14	0	476.13119	487.82630	646.17934	485.89330
S102_D4	14	1	449.55757	448.52109	635.23726	448.37469
S102_D4	15	0	1642.26518	779.10422	1515.92603	805.70720
S102_D4	15	1	1808.70551	790.71712	1727.69784	825.58313
S102_D4	16	0	991.98604	374.58313	1102.05373	366.75931
S102_D4	16	1	937.94557	346.44417	1059.62526	342.64020
S102_D4	17	0	940.81926	536.41935	880.10886	529.77667
S102_D4	17	1	1086.41591	536.64268	1032.18144	530.00000
S102_D4	18	0	1793.38521	765.74194	1738.65736	801.79901
S102_D4	18	1	1538.72087	698.49380	1450.94348	713.33499
S103_D1	0	0	1315.46755	719.53102	523.28402	684.44913
S103_D1	0	1	1371.07118	724.89082	586.25680	695.16873
S103_D1	1	0	1136.18981	647.19603	1467.13189	673.99504
S103_D1	2	0	1192.91556	335.13400	1211.44033	320.51117
S103_D1	2	1	1291.17097	368.85608	1317.28821	357.13648
S103_D1	3	0	828.58409	375.40695	697.12840	368.19603
S103_D1	3	1	974.85066	368.26055	814.14166	359.70968
S103_D1	4	0	591.76274	314.09677	785.13119	324.90323
S103_D1	4	1	537.94557	311.41687	727.07118	324.00993
S103_D1	5	0	850.43964	571.11166	853.66294	565.34988
S103_D1	5	1	960.08374	533.59305	952.36497	529.84119
S103_D1	6	0	1080.31333	543.72953	989.95185	537.70471
S103_D1	6	1	1252.26029	505.76427	1138.22819	498.39950
S103_D1	7	0	1426.37334	751.16377	1313.20796	767.26551
S103_D1	7	1	1526.86183	738.65757	1378.41382	755.20596
S103_D1	8	0	1289.14934	43.59553	1190.99372	5.80645
S103_D1	8	1	1405.71598	116.62283	1324.30844	75.70720
S103_D1	9	0	523.85764	467.24069	527.68248	463.98759
S103_D1	9	1	547.52826	483.99007	583.95604	480.73697
S103_D1	10	0	1498.33217	609.86352	1534.77111	619.95533
S103_D1	10	1	1573.14027	594.45409	1588.14166	607.67246
S103_D1	11	0	815.90161	662.74194	672.26099	648.46898
S103_D1	11	1	526.10886	623.33995	420.20726	604.37717
S103_D1	12	0	1691.50872	737.45161	1525.67341	760.78164
S103_D1	12	1	1793.78367	653.92804	1607.18074	665.64516
S103_D1	13	0	283.94487	645.99256	488.23657	631.94293
S103_D1	13	1	421.50244	637.05955	608.82275	627.47643
S103_D1	14	0	1177.76692	456.35484	626.34543	428.97022
S103_D1	14	1	792.95255	488.43672	396.50663	469.31514
S103_D1	15	0	349.47244	676.28040	597.27634	663.73201
S103_D1	15	1	218.39079	671.81390	482.49616	655.69231
S103_D1	16	0	306.37404	655.51117	563.55687	643.40943
S103_D1	16	1	218.39079	672.93052	482.49616	657.70223
S103_D1	17	0	378.45150	679.93300	485.08444	660.77667
S103_D1	17	1	240.22401	645.76427	398.66434	629.28784
S103_D1	18	0	946.56455	1008.08933	725.71249	990.00000
S103_D1	18	1	1070.05373	1072.85360	816.59874	1065.70720
S103_D1	19	0	659.05234	309.14640	116.52756	296.87345
S103_D1	19	1	976.60851	271.28040	441.22959	253.87097
S103_D1	20	0	211.69574	383.04963	454.53036	393.46402
S103_D1	20	1	120.58618	383.27295	377.26588	398.82382
S103_D1	21	0	564.55059	668.84615	449.35799	643.57568
S103_D1	21	1	392.15701	633.78412	201.70970	606.28040
S103_D1	22	0	876.58548	236.50124	869.00279	230.59057
S103_D1	22	1	992.25890	238.95782	1012.81298	229.92060
S103_D1	23	0	284.02233	371.00993	469.27495	381.91067
S103_D1	23	1	424.70621	383.96278	590.53105	391.06700
S103_D1	24	0	894.45080	577.02730	1087.02303	579.27047
S103_D1	24	1	930.40335	601.81638	1109.80042	604.50620
S103_D1	25	0	647.07048	539.61787	746.15771	533.18362
S103_D1	25	1	727.01465	585.39950	842.40335	580.30521
S103_D1	26	0	1444.17725	567.15136	1658.22749	577.40695
S103_D1	26	1	1539.08304	556.20844	1755.14306	565.79404
S103_D1	27	0	711.24913	385.08189	505.98604	370.83871
S103_D1	27	1	591.55618	475.75186	436.53733	458.15881
S103_D1	28	0	939.51082	595.38958	866.68528	587.43921
S103_D1	28	1	857.11026	566.58065	818.45080	559.74690
S103_D1	29	0	1393.91486	585.56328	1348.78018	584.98015
S103_D1	29	1	1527.45290	604.54591	1496.16329	608.20596
S103_D1	30	0	1030.35241	600.81638	981.51779	592.12903
S103_D1	30	1	1130.17097	602.37965	1083.79274	597.48883
S103_D1	31	0	877.83252	636.48387	646.07397	616.83375
S103_D1	31	1	751.88695	655.68983	558.98395	633.58313
S103_D1	32	0	1100.24634	1005.70223	661.06629	981.98015
S103_D1	32	1	958.27355	1005.53598	453.71389	966.25310
S103_D1	33	0	1229.15841	724.19851	924.82554	716.88586
S103_D1	33	1	1371.18214	625.48883	990.47802	616.38958
S103_D1	34	0	1346.37334	633.25310	1254.77181	634.83375
S103_D1	34	1	1460.48360	638.38958	1382.72715	641.98015
S103_D1	35	0	515.61549	496.84615	607.54780	494.03970
S103_D1	35	1	587.74389	483.89330	661.14166	481.31017
S103_D1	36	0	496.23657	623.04963	563.01326	608.18610
S103_D1	36	1	562.33566	603.62035	605.21842	593.00000
S103_D1	37	0	1055.90858	912.24318	710.70482	894.11911
S103_D1	37	1	902.71947	891.69727	597.71110	861.96030
S103_D1	38	0	1311.08653	639.62035	1552.22121	658.12903
S103_D1	38	1	1219.08374	635.82382	1446.15003	648.74938
S103_D1	39	0	1119.64620	621.71712	1338.00349	631.96278
S103_D1	39	1	1038.13887	627.74690	1250.91347	632.63275
S103_D1	40	0	1499.16050	560.18362	1308.30635	546.69231
S103_D1	40	1	1086.12980	618.89082	1087.32519	615.84367
S103_D1	41	0	334.63643	613.48635	300.92673	595.35980
S103_D1	41	1	1058.99581	696.31266	960.77181	694.29032
S103_D1	42	0	334.72226	615.92308	300.17865	597.14640
S103_D1	42	1	1514.01465	656.20347	1483.39428	668.22333
S103_D2	0	0	1347.90509	698.34988	503.65527	661.24814
S103_D2	0	1	1402.83880	700.35980	559.25890	664.59801
S103_D2	1	0	792.97558	472.99007	1065.48918	518.13896
S103_D2	2	0	544.89951	630.75931	674.82066	656.79653
S103_D2	2	1	417.39079	595.02730	555.79763	623.29777
S103_D2	3	0	390.02652	648.78908	338.34473	658.59553
S103_D2	3	1	167.81856	632.61290	118.79693	633.95285
S103_D2	4	0	1404.48849	557.24318	1644.16888	602.22333
S103_D2	4	1	1479.51989	556.12655	1738.85136	599.76675
S103_D2	5	0	185.40265	425.79156	496.37195	478.76675
S103_D2	5	1	265.79344	434.27792	558.00488	485.01985
S103_D2	6	0	107.53454	557.57072	237.97348	578.40695
S103_D2	6	1	226.33426	569.85360	351.86043	592.92308
S103_D2	7	0	621.55757	314.78660	801.75157	363.00248
S103_D2	7	1	679.17097	296.92060	866.73412	342.67990
S103_D2	8	0	482.21912	543.11911	576.13189	574.21588
S103_D2	8	1	422.37264	498.45409	533.48011	530.66749
S103_D2	9	0	1512.27565	214.68734	1725.94557	213.55583
S103_D2	9	1	1599.58897	220.71712	1837.15283	211.76923
S103_D2	10	0	186.68528	644.45906	249.17027	653.17618
S103_D2	10	1	23.89393	621.45658	140.86602	630.17370
S103_D2	11	0	1234.45010	521.63275	1354.05234	554.43672
S103_D2	11	1	1262.81019	522.07940	1395.36427	557.56328
S103_D2	12	0	633.54710	595.32010	436.12980	598.47643
S103_D2	12	1	730.01605	586.61042	474.98535	590.88337
S103_D2	13	0	1012.54013	656.99256	974.68528	683.79901
S103_D2	13	1	938.40195	605.40447	921.09142	632.21092
S103_D2	14	0	1413.44941	861.76427	1189.68179	891.14392
S103_D2	14	1	1545.20098	889.00993	1357.16260	930.67246
S103_D2	15	0	1186.66643	651.78908	1131.74389	679.51613
S103_D2	15	1	1098.68318	625.43672	1057.15911	650.93052
S103_D2	16	0	612.93510	739.24318	502.74110	742.70720
S103_D2	16	1	736.42428	773.18859	573.52966	776.65261
S103_D2	17	0	881.81717	502.22829	656.60433	513.45409
S103_D2	17	1	1019.82135	553.59305	805.10398	563.25558
S103_D2	18	0	839.93510	587.27047	802.74250	606.47643
S103_D2	18	1	922.78227	587.49380	862.36567	607.14640
S103_D2	19	0	874.10119	604.24318	745.79902	619.87593
S103_D2	19	1	1000.49337	638.41191	845.61759	652.25806
S103_D2	20	0	1165.00279	739.66998	1109.70272	770.20099
S103_D2	20	1	1280.22959	753.73945	1220.01675	787.39702
S103_D2	21	0	1188.19051	717.98759	1092.60712	744.96030
S103_D2	21	1	1181.04466	579.52605	1129.67620	603.81886
S103_D2	22	0	746.51082	635.49876	666.83182	655.08437
S103_D2	22	1	623.02163	538.12903	531.28402	548.55831
S103_D2	23	0	128.46755	152.49876	181.02163	221.15385
S103_D2	23	1	374.55269	104.93052	408.12561	172.24566
S103_D2	24	0	1172.16190	280.91315	1386.66713	308.00000
S103_D2	24	1	1082.83880	282.92308	1291.53803	314.92308
S103_D2	25	0	1394.91137	655.38213	1290.72296	682.93548
S103_D2	25	1	1289.28681	583.91811	1179.73901	602.53846
S103_D2	26	0	908.47941	558.58313	1050.09072	597.46650
S103_D2	26	1	995.56943	523.74442	1141.64689	560.17122
S103_D2	27	0	1138.82763	627.06700	1206.75925	664.84615
S103_D2	27	1	1294.47313	604.28784	1367.98744	638.94045
S103_D2	28	0	737.49058	821.04715	492.81228	814.46650
S103_D2	28	1	572.68946	839.35980	283.91417	819.24318
S103_D2	29	0	1468.64550	490.26303	1763.41312	529.89578
S103_D2	29	1	1426.88695	460.33747	1716.29518	497.51365
S103_D3	0	0	1307.97558	687.42928	536.00070	680.37717
S103_D3	0	1	1363.57920	688.76923	598.97348	689.08685
S103_D3	1	0	936.77041	561.76923	1266.15492	584.21836
S103_D3	2	0	742.11096	649.95285	968.39218	659.67990
S103_D3	2	1	772.03419	646.15633	1005.46127	657.44665
S103_D3	3	0	105.62456	775.88834	461.60712	727.03226
S103_D3	3	1	13.17516	732.78660	392.38172	684.37717
S103_D3	4	0	1366.89881	518.89578	1635.97697	561.13896
S103_D3	4	1	1293.65387	516.43921	1564.07188	554.88586
S103_D3	5	0	440.20028	847.73697	567.50244	809.93052
S103_D3	5	1	306.21563	851.31017	436.19749	800.10422
S103_D3	6	0	646.48221	768.11663	423.92742	735.59305
S103_D3	6	1	572.12073	760.52357	275.20447	715.94045
S103_D3	7	0	933.64620	640.99007	769.14166	642.78660
S103_D3	7	1	817.74948	635.18362	631.13747	624.92060
S103_D3	8	0	599.40405	811.95037	596.02512	789.49628
S103_D3	8	1	487.97348	825.34988	490.62387	788.60298
S103_D3	9	0	948.36497	917.07692	808.80251	917.74194
S103_D3	9	1	862.61479	940.30273	693.35241	926.89826
S103_D3	10	0	1061.33706	831.04963	898.32729	844.44417
S103_D3	10	1	938.74110	817.20347	755.41033	814.96526
S103_D3	11	0	1038.79274	715.06700	911.50244	727.19851
S103_D3	11	1	942.99372	760.40199	799.84857	763.37717
S103_D3	12	0	1199.73273	727.97270	981.06141	746.75931
S103_D3	12	1	1352.25192	703.18362	1138.27006	728.22333
S103_D3	13	0	464.06001	979.44417	370.57641	918.66253
S103_D3	13	1	620.82205	944.82878	521.08583	905.48635
S103_D3	14	0	1052.90789	845.28784	912.91975	857.60794
S103_D3	14	1	1019.41172	903.57568	814.66434	905.62283
S103_D3	15	0	1912.85415	568.09429	996.32589	590.11414
S103_D3	15	1	1646.00140	658.31762	985.83043	683.24069
S103_D3	16	0	737.63573	668.52605	906.93510	673.54591
S103_D3	16	1	755.05373	637.70720	938.64480	644.96030
S103_D3	17	0	853.13189	774.25558	726.63712	767.89082
S103_D3	17	1	749.07048	679.56576	653.61549	657.79156
S103_D3	18	0	673.19958	711.95285	854.20098	711.95037
S103_D3	18	1	630.99442	715.07940	819.14166	712.17370
S103_D3	19	0	161.00488	796.73697	304.15213	738.30273
S103_D3	19	1	15.63154	782.89082	174.41033	712.17370
S103_D3	20	0	347.71528	439.66253	552.91905	438.53598
S103_D3	20	1	199.43894	411.52357	423.17725	411.06700
S103_D3	21	0	964.77460	579.95037	968.96930	592.02978
S103_D3	21	1	770.49686	583.97022	765.31263	583.76675
S103_D3	22	0	1517.57641	415.72953	1340.32380	436.26303
S103_D3	22	1	1870.87230	311.78164	1606.52966	323.15881
S103_D3	23	0	1323.98325	661.26303	1384.85764	705.97022
S103_D3	23	1	1420.22889	652.77667	1477.08374	702.84367
S103_D3	24	0	671.70691	701.94789	560.95883	683.55335
S103_D3	24	1	503.77948	770.06203	364.44801	730.22829
S103_D3	25	0	1195.60782	255.48139	1308.07397	267.33747
S103_D3	25	1	1085.96371	306.39950	1166.27355	319.14888
S103_D3	26	0	608.91835	817.70968	687.61759	798.35980
S103_D3	26	1	509.76971	795.37717	575.74040	766.87097
S103_D3	27	0	613.79204	822.68238	690.72366	801.07940
S103_D3	27	1	525.80879	794.54342	582.86602	766.46402
S103_D3	28	0	1077.97906	955.91067	807.62107	963.49380
S103_D3	28	1	857.79763	1036.97767	516.20447	1004.58561
S103_D3	29	0	734.07188	643.78908	870.13678	646.11166
S103_D3	29	1	803.74389	594.21092	966.15911	604.12655
S103_D3	30	0	364.36288	1043.37469	206.82833	956.21836
S103_D3	30	1	434.03489	926.79901	337.01675	864.87841
S103_D3	31	0	717.26169	877.01985	596.13329	851.59801
S103_D3	31	1	487.47802	858.70720	407.43824	813.85608
S103_D3	32	0	348.59805	752.78412	502.35520	717.40943
S103_D3	32	1	204.34124	789.85608	382.88555	739.07196
S103_D3	33	0	941.21982	513.83623	1185.02512	533.47395
S103_D3	33	1	874.00419	537.95533	1123.39218	555.35980
S103_D3	34	0	1035.71458	567.64268	1253.14166	593.91315
S103_D3	34	1	965.59595	562.95285	1187.48918	585.87345
S103_D4	0	0	1277.95604	720.99007	487.97558	708.83375
S103_D4	0	1	1327.53036	721.66005	540.22959	711.51365
S103_D4	1	0	357.73901	544.37965	690.78018	550.30025
S103_D4	2	0	118.27425	763.29280	124.91486	719.07940
S103_D4	2	1	246.89951	740.51365	273.41452	707.46650
S103_D4	3	0	346.60782	597.78660	592.40335	596.38958
S103_D4	3	1	284.52826	580.59057	552.87788	578.30025
S103_D4	4	0	425.82973	607.19355	604.92603	603.96030
S103_D4	4	1	437.21842	619.92308	621.00419	618.02978
S103_D4	5	0	693.10328	635.67246	344.61898	618.71960
S103_D4	5	1	545.27355	582.52109	65.11724	558.95782
S103_D4	6	0	1007.09072	744.91811	912.97348	756.41439
S103_D4	6	1	1134.59944	678.59057	1024.62736	695.44665
S103_D4	7	0	961.02373	607.25806	802.14724	615.18114
S103_D4	7	1	1002.55897	517.48139	765.52477	520.49132
S103_D4	8	0	1199.68179	720.82878	1067.09142	741.59801
S103_D4	8	1	1454.59874	665.70720	1285.60921	694.51613
S103_D4	9	0	376.53943	548.48635	589.90789	550.26303
S103_D4	9	1	267.34194	536.42680	489.19609	535.52357
S103_D4	10	0	1072.81089	565.88586	1321.84997	591.00993
S103_D4	10	1	1042.66434	547.34988	1289.69365	573.14392
S103_D4	11	0	324.84020	861.40695	17.86462	807.07692
S103_D4	11	1	1220.83950	1044.26799	644.46057	1048.06452
S103_D4	12	0	1073.48918	543.82878	1033.82903	558.40199
S103_D4	12	1	1135.12212	475.49132	1125.38521	489.61787
S103_D4	13	0	695.68109	609.54591	538.91486	602.43176
S103_D4	13	1	845.74389	558.62779	680.71528	560.66998
S103_D4	14	0	992.24843	752.07196	872.29658	761.59553
S103_D4	14	1	913.42080	696.46402	807.09072	700.62779
S103_D4	15	0	1108.57990	700.02978	989.74459	714.46650
S103_D4	15	1	1081.55967	673.00744	934.58758	684.54094
S103_D4	16	0	788.33426	935.48883	551.14096	913.05211
S103_D4	16	1	669.75785	895.73697	451.76902	867.49380
S103_D4	17	0	865.82205	862.90819	626.84229	851.86104
S103_D4	17	1	753.27495	880.77419	513.62526	861.24069
S103_D4	18	0	234.86113	583.17618	329.94696	569.99007
S103_D4	18	1	142.85834	576.02978	250.22610	559.49380
S103_D4	19	0	671.62736	923.95285	447.84997	894.77667
S103_D4	19	1	598.60572	942.93548	333.51640	906.16625
S103_D4	20	0	697.56036	937.07196	472.51082	906.52605
S103_D4	20	1	607.34403	872.53102	403.73203	841.98511
S103_D4	21	0	1162.21912	426.10422	1193.77320	440.33499
S103_D4	21	1	1083.16818	504.93797	1113.15911	522.07196
S103_D4	22	0	450.69505	869.34988	207.87997	823.57568
S103_D4	22	1	343.73064	863.76675	41.51570	809.50620
S103_D4	23	0	294.96371	485.67742	520.63433	492.95037
S103_D4	23	1	438.32729	509.79653	645.01675	517.51613
S103_D4	24	0	411.22191	422.84367	342.41521	426.00993
S103_D4	24	1	80.19539	411.58065	71.90509	416.53350
S103_D4	25	0	506.82066	866.27295	415.72366	834.56079
S103_D4	25	1	536.74389	911.16129	363.46964	875.42928
S104_D1	0	0	1317.16888	717.50124	543.52198	718.63772
S104_D1	0	1	1378.80181	719.51117	599.79553	717.96774
S104_D1	1	0	457.56036	845.79404	591.09281	841.00000
S104_D1	1	1	411.55897	860.75682	562.95604	853.05955
S104_D1	2	0	399.27425	526.60050	762.38381	554.00000
S104_D1	3	0	1163.46057	604.80893	1044.14027	623.66253
S104_D1	3	1	1259.66434	401.94293	1047.96581	409.54342
S104_D1	4	0	1086.82135	768.82878	1339.73412	807.33251
S104_D1	4	1	1018.71249	736.00000	1268.27565	767.35732
S104_D1	5	0	984.52896	846.27295	1224.70342	884.26551
S104_D1	5	1	942.32380	810.98759	1183.16818	843.62035
S104_D1	6	0	940.85136	689.60050	726.05373	699.71464
S104_D1	6	1	874.33496	524.28536	569.76762	535.51613
S104_D1	7	0	992.50663	816.65012	973.52826	839.92308
S104_D1	7	1	1136.54013	791.41439	1112.87230	819.60050
S104_D1	8	0	1045.29379	480.60050	1146.74110	499.93300
S104_D1	8	1	1191.33706	473.67742	1279.60921	490.55335
S104_D1	9	0	873.74878	604.05707	1009.38241	625.30769
S104_D1	9	1	1000.36427	634.87593	1123.49267	659.02978
S104_D1	10	0	229.15073	930.98759	263.11096	897.45409
S104_D1	10	1	186.05234	779.12655	273.15980	762.41191
S104_D1	11	0	1639.74389	515.70471	1694.77320	527.45161
S104_D1	11	1	1566.72226	450.71712	1571.73064	456.21092
S104_D1	12	0	525.71528	866.01489	447.38590	854.62779
S104_D1	12	1	370.51640	966.73449	318.76064	936.81141
S104_D1	13	0	1427.92882	620.70471	1158.00558	636.95285
S104_D1	13	1	1241.32589	458.65757	887.43894	467.53598
S104_D1	14	0	975.70691	382.00744	619.26099	395.84119
S104_D1	14	1	740.56385	449.67494	396.62317	464.62531
S104_D1	15	0	803.01675	564.69975	691.22052	579.64268
S104_D1	15	1	610.30216	522.04467	521.95324	537.65757
S104_D1	16	0	794.57013	803.51117	643.55269	807.03474
S104_D1	16	1	584.21424	729.81390	390.09839	725.07444
S104_D1	17	0	654.33636	754.71464	500.38381	746.95285
S104_D1	17	1	529.28402	750.24814	428.70202	747.17618
S104_D1	18	0	601.83112	716.37965	400.86113	714.71464
S104_D1	18	1	529.25611	735.36228	253.47802	724.98759
S104_D1	19	0	582.32659	855.13896	363.07467	841.95782
S104_D1	19	1	401.44731	928.16625	241.59525	898.68238
S104_D1	20	0	455.84089	974.53350	359.61759	947.97022
S104_D1	20	1	330.11863	1013.61538	204.86532	971.64268
S104_D1	21	0	285.91905	929.76923	287.71319	900.40943
S104_D1	21	1	220.26657	932.67246	201.06978	896.38958
S104_D1	22	0	850.43126	927.02978	598.16957	924.33002
S104_D1	22	1	933.72505	917.65012	651.54013	920.08685
S104_D1	23	0	181.54920	389.75682	299.99512	430.22581
S104_D1	23	1	59.17655	222.75434	194.81717	291.58561
S104_D1	24	0	395.94836	591.94789	477.74320	606.51613
S104_D1	24	1	265.09002	491.22829	361.17655	516.73945
S104_D1	25	0	388.80251	630.88089	243.81856	634.75186
S104_D1	25	1	537.26099	571.36973	300.98535	579.14392
S104_D1	26	0	622.35171	496.95782	505.63433	520.79156
S104_D1	26	1	792.95883	412.98759	596.07397	437.71464
S104_D2	0	0	1353.91486	723.33251	527.87369	690.51117
S104_D2	0	1	1408.17865	723.33251	578.78786	693.86104
S104_D2	1	0	811.65527	670.94045	1063.46964	686.27047
S104_D2	2	0	1316.25750	608.61290	1548.87858	655.06700
S104_D2	2	1	1258.64410	610.84615	1487.69225	651.49380
S104_D2	3	0	897.54920	929.54839	914.00349	938.31266
S104_D2	3	1	952.92952	907.21588	989.92812	921.56328
S104_D2	4	0	1267.24843	631.49628	1328.51989	663.75682
S104_D2	4	1	1210.75157	604.02730	1284.30495	631.37469
S104_D2	5	0	609.54920	882.67990	797.64410	881.07940
S104_D2	5	1	553.72226	900.76923	747.62317	887.10918
S104_D2	6	0	1199.38381	626.18610	1366.02512	662.21340
S104_D2	6	1	1154.49895	626.85608	1329.17934	659.31017
S104_D2	7	0	608.23866	893.09677	761.36497	884.54342
S104_D2	7	1	539.45987	909.84615	705.98465	893.02978
S104_D2	8	0	1414.51151	894.19355	1321.33636	942.33995
S104_D2	8	1	1332.11096	916.74938	1235.36288	956.63275
S104_D2	9	0	1349.52896	941.76179	1215.48849	983.20844
S104_D2	9	1	1284.32310	960.29777	1128.84508	992.36476
S104_D2	10	0	248.08514	536.31762	491.79972	539.23077
S104_D2	10	1	183.77251	549.04715	447.36148	546.37717
S104_D2	11	0	1147.99442	686.31017	1053.05443	704.95285
S104_D2	11	1	1176.80112	636.06203	1046.13189	652.02481
S104_D2	12	0	1156.92673	731.64516	1020.00488	746.49132
S104_D2	12	1	1182.60712	675.36725	990.97488	686.19355
S104_D2	13	0	1124.85694	817.83623	924.99302	825.84864
S104_D2	13	1	1274.47313	787.46402	1075.94906	807.98263
S104_D2	14	0	1211.24564	882.53598	1031.96371	904.19851
S104_D2	14	1	1335.40475	828.49132	1166.61828	861.09677
S104_D2	15	0	926.36497	849.78660	731.96650	843.29032
S104_D2	15	1	856.46964	878.14888	704.94627	869.41935
S104_D2	16	0	1246.46895	977.00993	1063.31403	1004.51613
S104_D2	16	1	1375.09421	965.17370	1172.06490	1002.05955
S104_D2	17	0	1053.66434	861.65012	902.50663	869.50372
S104_D2	17	1	1101.45220	875.71960	994.73273	890.27295
S104_D2	18	0	1352.99372	870.11911	1136.89672	900.95037
S104_D2	18	1	1440.53036	906.74442	1152.75157	938.24566
S104_D2	19	0	1523.60223	970.65509	1211.20586	1014.64516
S104_D2	19	1	1690.63643	905.66749	1362.83182	954.34739
S104_D2	20	0	1063.45010	605.99256	1253.49826	635.20596
S104_D2	20	1	1138.25820	563.33747	1353.09351	598.35732
S104_D2	21	0	1359.72226	414.33002	1472.71179	438.10670
S104_D2	21	1	1432.96720	412.32010	1559.80181	435.42680
S104_D2	22	0	1584.09421	977.71464	1264.06490	1024.80397
S104_D2	22	1	1371.95185	878.55831	1178.76134	915.37469
S104_D2	23	0	1390.99232	763.64268	910.70202	770.47395
S104_D2	23	1	1544.40475	783.07196	1123.51431	805.75931
S104_D2	24	0	690.21144	847.79653	603.56106	829.05707
S104_D2	24	1	471.14655	875.26551	388.29239	834.64020
S104_D2	25	0	1743.70412	628.21092	1873.99860	682.92060
S104_D2	25	1	1705.96511	660.81638	1862.38660	724.01241
S104_D3	0	0	1301.83112	708.45906	474.52408	706.22829
S104_D3	0	1	1356.76483	707.11911	532.13747	704.88834
S104_D3	1	0	537.66504	618.00993	848.45778	629.05955
S104_D3	2	0	1064.31682	695.41935	1241.29798	712.86600
S104_D3	2	1	953.33287	690.50620	1115.57572	704.60298
S104_D3	3	0	1596.97139	613.28784	1347.95534	621.79404
S104_D3	3	1	1774.72435	647.23325	1503.60084	661.54591
S104_D3	4	0	362.81158	561.39950	567.72435	573.42928
S104_D3	4	1	221.90440	555.59305	448.03140	567.62283
S104_D3	5	0	1350.12212	851.98263	951.10119	869.31514
S104_D3	5	1	1318.63573	832.55335	1004.91835	848.99256
S104_D3	6	0	1316.00419	868.35236	1093.15422	889.58809
S104_D3	6	1	1166.16678	810.75682	977.03419	830.18362
S104_D3	7	0	1426.34124	866.79156	727.37544	874.39702
S104_D3	7	1	1665.05722	920.61290	634.92603	928.44169
S104_D3	8	0	1377.35380	979.56824	1084.43894	1010.86849
S104_D3	8	1	1457.96790	924.85360	1222.88974	959.72705
S104_D3	9	0	196.43824	652.62283	472.05024	655.87593
S104_D3	9	1	405.23098	647.48635	650.02652	652.52605
S104_D3	10	0	737.15003	603.37221	513.55827	607.02233
S104_D3	10	1	455.57641	364.34739	266.49895	388.24069
S104_D3	11	0	1324.37264	867.25062	1047.18911	888.88089
S104_D3	11	1	1423.96790	934.24814	1124.67690	966.15136
S104_D3	12	0	1531.09979	126.17370	1660.73133	84.19355
S104_D3	12	1	1626.67551	125.72705	1791.36636	71.91067
S104_D3	13	0	339.96650	675.91315	537.45290	677.02978
S104_D3	13	1	201.51570	679.93300	424.45918	678.59305
S104_D3	14	0	1402.02512	416.36725	940.53873	404.19355
S104_D3	14	1	1106.42080	860.23821	814.47034	866.47395
S104_D3	15	0	1367.08932	885.69479	1224.30216	915.25062
S104_D3	15	1	1547.07537	957.82878	1433.09491	1006.14392
S104_D3	16	0	735.43126	540.61290	785.85694	551.50372
S104_D3	16	1	771.83043	544.40943	857.98535	554.85360
S104_D3	17	0	817.38381	544.64268	962.32589	556.03970
S104_D3	17	1	738.33287	538.61290	897.12003	549.33995
S104_D3	18	0	446.49546	648.99256	406.32100	650.64020
S104_D3	18	1	640.77320	653.45906	585.63712	657.11663
S104_D3	19	0	1464.40195	625.89330	1704.76064	646.56328
S104_D3	19	1	1555.06490	623.88337	1826.01675	647.45658
S104_D3	20	0	421.51012	521.31266	476.17027	534.83623
S104_D3	20	1	295.11793	496.52357	358.71040	513.62035
S104_D3	21	0	1443.97627	457.19603	1253.04466	458.80893
S104_D3	21	1	1376.31403	382.38213	1128.21563	376.40199
S104_D3	22	0	1130.89672	636.92804	1102.08653	652.83375
S104_D3	22	1	1079.31263	543.13151	1023.48221	551.66749
S104_D3	23	0	1247.66574	586.19603	1085.09421	592.72208
S104_D3	23	1	1196.30495	522.77171	1001.35380	526.61787
S104_D3	24	0	716.97627	654.57320	642.29728	658.49628
S104_D3	24	1	603.98255	644.97022	542.92533	645.99007
S104_D3	25	0	1365.19749	860.30273	1149.08025	884.52357
S104_D3	25	1	1512.58060	863.65261	1319.46406	897.69975
S104_D3	26	0	1341.75227	678.81886	1404.44243	699.46898
S104_D3	26	1	1282.57572	638.84367	1346.60572	656.81390
S104_D3	27	0	262.44033	642.79653	492.40265	643.38958
S104_D3	27	1	223.58479	641.45658	468.95534	644.28288
S104_D3	28	0	1810.57920	869.88834	1288.18981	905.15136
S104_D3	28	1	1684.63364	798.42432	1293.32589	824.53102
S104_D3	29	0	1337.94696	687.08933	1252.57781	699.76923
S104_D3	29	1	1302.88765	651.13400	1177.32310	663.14392
S104_D3	30	0	1528.31752	650.89330	1273.23447	664.91315
S104_D3	30	1	1483.87927	601.31514	1317.89602	609.75186
S104_D3	31	0	706.84997	516.86600	748.45220	527.52605
S104_D3	31	1	654.37264	484.70720	673.42080	496.03722
S104_D3	32	0	819.42777	792.56079	532.01186	788.29032
S104_D3	32	1	1088.29030	830.97270	779.66015	835.63524
S104_D3	33	0	1396.89881	881.75186	1285.82345	913.16873
S104_D3	33	1	1273.85625	839.99007	1104.72087	860.24069
S104_D4	0	0	1309.88765	723.25062	527.42080	681.60050
S104_D4	0	1	1372.19051	730.62035	587.04396	684.95037
S104_D4	1	0	1501.87788	445.02233	1771.05373	402.48883
S104_D4	1	1	1574.22959	391.87097	1846.53175	334.59801
S104_D4	2	0	1449.59386	407.25806	1525.47662	366.74194
S104_D4	2	1	1604.12282	325.96774	1709.70551	259.99256
S104_D4	3	0	574.79414	459.60298	870.90021	474.34243
S104_D4	4	0	210.09979	666.15385	148.01186	657.15633
S104_D4	4	1	305.00558	661.46402	255.64620	651.57320
S104_D4	5	0	766.03350	678.89330	923.85834	675.06700
S104_D4	5	1	799.97627	676.21340	966.73343	672.16377
S104_D4	6	0	543.19260	552.37221	468.44382	548.98263
S104_D4	6	1	199.54501	542.97270	147.35031	549.63275
S104_D4	7	0	354.15213	564.65012	468.86950	567.39702
S104_D4	7	1	235.35241	574.69975	384.45918	579.67990
S104_D4	8	0	259.94766	590.90571	445.22819	597.95285
S104_D4	8	1	169.28472	569.68983	363.94417	580.75682
S104_D4	9	0	470.48918	657.43921	561.63364	654.81886
S104_D4	9	1	600.45429	635.10670	689.58897	630.02978
S104_D4	10	0	851.26797	380.29529	911.02582	377.28288
S104_D4	10	1	794.10119	318.88089	837.55757	322.12159
S104_D4	11	0	1159.30635	550.03970	1348.94696	536.67742
S104_D4	11	1	1086.73133	546.24318	1267.43964	535.33747
S104_D4	12	0	1352.64341	528.39206	1200.11026	496.35732
S104_D4	12	1	1477.02582	405.56328	1326.27913	356.77916
S104_D4	13	0	1214.14934	650.27295	1045.24703	627.23573
S104_D4	13	1	1332.94906	567.64268	1121.39498	537.23573
S104_D4	14	0	1193.12142	637.99256	1298.03350	624.28288
S104_D4	14	1	1228.62736	603.82382	1353.63712	586.76427
S104_D4	15	0	1547.15143	542.38958	1718.71389	509.99256
S104_D4	15	1	1461.62456	520.50372	1637.65318	489.00000
S104_D4	16	0	925.18944	141.38450	970.48952	131.49627
S104_D4	16	1	1225.85750	112.66766	1282.30847	69.93145
S104_D4	17	0	1563.47802	537.78908	1584.12840	499.84119
S104_D4	17	1	1718.00698	454.48883	1786.66853	395.99504
S104_D4	18	0	923.00558	315.41191	869.78227	305.25806
S104_D4	18	1	863.08234	464.32506	824.59735	449.92804
S104_D4	19	0	1008.58828	873.81141	827.81507	852.20347
S104_D4	19	1	906.75087	1009.26799	607.40126	975.37717
S104_D4	20	0	1279.02652	450.73945	1072.37683	414.03970
S104_D4	20	1	1102.61340	441.35980	888.14794	413.14640
S104_D4	21	0	1152.96581	550.69975	963.51849	526.42928
S104_D4	21	1	1146.71319	503.57816	1035.42359	480.87097
S104_D4	22	0	377.72575	538.07940	195.84089	531.54591
S104_D4	22	1	150.84508	620.93300	49.35101	617.52605
S104_D4	23	0	758.32729	670.85856	504.03699	646.69231
S104_D4	23	1	545.29170	635.79653	263.75785	618.55335
S104_D4	24	0	1183.87788	807.67990	989.77948	788.02481
S104_D4	24	1	1558.03699	890.68734	1181.53943	868.50372
S104_D4	25	0	1080.81996	736.41687	991.77041	721.51861
S104_D4	25	1	672.36148	732.78660	701.21842	719.67494
S104_D4	26	0	1080.69295	653.92556	1025.99512	637.88586
S104_D4	26	1	1140.09281	607.02730	1044.08304	587.86104
S104_D4	27	0	689.04466	931.18114	385.37613	889.60050
S104_D4	27	1	601.06141	997.73201	247.81856	951.90819
S104_D4	28	0	716.45569	971.96030	299.92882	921.05707
S104_D4	28	1	472.60363	999.87593	95.37893	943.61290
S104_D4	29	0	624.09909	595.45161	614.95255	588.85112
S104_D4	29	1	744.23866	682.32506	790.24913	670.58809
S104_D4	30	0	237.69086	662.75931	193.78995	652.86600
S104_D4	30	1	490.37544	683.60546	438.88207	671.92556
S104_D4	31	0	1389.54641	435.48139	1279.23657	397.45906
S104_D4	31	1	1581.36776	302.82630	1483.91975	236.78908
S104_D4	32	0	1371.57781	623.65757	1445.35380	602.71464
S104_D4	32	1	1407.30705	528.52109	1507.65666	496.41191
S104_D4	33	0	529.65666	567.63275	379.24145	558.01985
S104_D4	33	1	370.21493	581.47891	145.66155	576.55583
S10_D1	0	0	1318.17097	714.65012	532.90719	665.70471
S10_D1	0	1	1375.78437	724.69975	590.52059	673.74442
S10_D1	1	0	1408.17865	163.47395	1748.49965	87.09677
S10_D1	2	0	346.99581	550.40943	320.68597	554.51613
S10_D1	2	1	186.21424	473.80893	148.29239	491.09181
S10_D1	3	0	173.47104	234.89330	61.40963	281.18610
S10_D1	3	1	145.59595	47.72208	78.82763	122.88834
S10_D1	4	0	268.42428	654.35980	210.35590	647.61290
S10_D1	4	1	84.19539	633.36725	20.76762	630.41687
S10_D1	5	0	823.15841	359.99752	831.47802	359.41191
S10_D1	5	1	919.40405	401.98263	924.82066	392.68734
S10_D1	6	0	923.57711	518.62531	1024.12282	509.10670
S10_D1	6	1	894.10049	460.11414	994.42289	455.28536
S10_D1	7	0	1364.49058	722.11911	1246.06281	705.20596
S10_D1	7	1	1275.39079	655.79156	1187.77948	635.52854
S10_D1	8	0	557.44033	563.48387	461.81089	562.29280
S10_D1	8	1	437.10258	555.80397	379.18702	557.15633
S10_D1	9	0	629.22889	486.91315	717.83740	491.18362
S10_D1	9	1	702.47383	470.16377	808.72366	472.64764
S10_D1	10	0	952.83880	433.48387	997.60572	424.41687
S10_D1	10	1	999.73343	457.15633	1067.50105	446.07940
S10_D1	11	0	322.48151	511.03226	377.94836	521.91563
S10_D1	11	1	220.42987	470.61042	312.51919	491.54342
S10_D1	12	0	1578.35659	139.40695	1896.55269	41.09181
S10_D1	12	1	1510.02442	107.91811	1810.80251	14.06948
S10_D1	13	0	682.73273	414.81638	758.45220	420.38710
S10_D1	13	1	490.65597	390.33995	567.47034	404.91315
S10_D1	14	0	121.47941	460.90819	290.68388	490.14392
S10_D1	14	1	202.76343	460.01489	364.15213	485.00744
S10_D1	15	0	400.84787	302.84615	518.80879	333.14640
S10_D1	15	1	446.62596	262.64764	558.78088	293.84119
S10_D1	16	0	1121.93371	490.71712	1085.17585	469.86600
S10_D1	16	1	1295.44382	506.34988	1240.82135	479.24566
S10_D1	17	0	932.36985	140.36476	905.78088	133.85112
S10_D1	17	1	1041.34403	168.50372	998.90021	150.60050
S10_D1	18	0	1062.66364	239.59305	1009.27774	225.70968
S10_D1	18	1	1176.77390	234.23325	1100.83391	206.72705
S10_D1	19	0	734.06420	293.30273	756.69295	299.77667
S10_D1	19	1	829.86322	265.83375	831.05443	268.06452
S10_D1	20	0	634.24564	276.77667	655.53454	290.84367
S10_D1	20	1	717.09281	248.19107	713.14794	258.68486
S10_D1	21	0	1273.05373	393.63027	1137.19749	359.09926
S10_D1	21	1	1418.58130	319.27543	1258.38451	269.78164
S10_D1	22	0	1177.26518	465.19603	1150.82973	444.28784
S10_D1	22	1	1258.32589	418.29777	1242.60921	388.90323
S10_D1	23	0	1499.20726	362.11663	1487.05024	310.34491
S10_D1	23	1	1623.81298	342.46402	1610.98604	280.19603
S10_D1	24	0	481.96371	223.34243	530.17865	252.42928
S10_D1	24	1	567.04396	179.12407	589.57851	205.08437
S10_D1	25	0	889.41312	228.18114	919.57851	224.89082
S10_D1	25	1	809.02233	252.52357	847.00349	253.25310
S10_D1	26	0	1312.18702	440.92556	1225.52826	407.76923
S10_D1	26	1	1414.90858	383.30769	1335.17237	339.87841
S10_D1	27	0	1144.81089	804.12655	1057.82973	791.60794
S10_D1	27	1	499.06350	743.84367	324.56734	722.60050
S10_D1	28	0	895.83810	388.36973	796.83950	378.27543
S10_D1	28	1	1020.89044	333.20844	895.09491	317.53102
S10_D1	29	0	1694.62875	173.74442	1383.01535	86.36228
S10_D1	29	1	1537.42010	219.07940	1302.17795	151.34988
S10_D1	30	0	477.87020	714.10422	288.38381	695.16377
S10_D1	30	1	140.19749	754.54591	22.55408	730.81638
S10_D1	31	0	1022.38590	430.84119	1012.95673	413.99256
S10_D1	31	1	708.40056	211.29529	696.96162	227.72208
S10_D1	32	0	1266.25750	254.31017	691.48151	214.03970
S10_D1	32	1	945.18493	187.85112	491.21842	177.50620
S10_D1	33	0	617.79274	533.38958	558.84020	531.23077
S10_D1	33	1	301.62247	511.27295	261.42777	519.38710
S10_D1	34	0	1133.17027	700.11663	1041.96650	688.06203
S10_D1	34	1	113.88695	192.31266	158.89742	256.75931
S10_D1	35	0	1340.26308	246.90571	1293.26448	198.22581
S10_D1	35	1	1603.76622	202.46402	1557.70761	123.36476
S10_D1	36	0	1091.96511	560.89578	1063.55757	545.42184
S10_D1	36	1	1113.17934	489.20844	1129.87997	471.27792
S10_D1	37	0	635.41312	626.16625	715.74320	621.63027
S10_D1	37	1	540.28402	621.92308	648.08095	619.62035
S10_D1	38	0	386.39637	705.68486	217.71249	689.99256
S10_D1	38	1	168.00140	706.35484	15.63154	690.79653
S10_D1	39	0	1558.27425	579.64268	1698.25541	549.73449
S10_D1	39	1	1634.19888	543.91067	1809.01605	505.73945
S10_D1	40	0	1773.95673	650.44417	1356.68458	607.35980
S10_D1	40	1	1376.56804	709.31266	1067.16957	682.06948
S10_D1	41	0	1188.19470	820.30769	1066.80042	806.53102
S10_D1	41	1	1396.98744	829.68734	1234.28123	816.80397
S10_D1	42	0	1500.33636	286.15633	1749.50454	225.77171
S10_D1	42	1	1545.89114	320.66005	1794.05443	258.26551
S10_D1	43	0	1522.10886	344.44417	1780.65597	287.74442
S10_D1	43	1	1580.72715	395.36228	1846.64341	339.66749
S10_D1	44	0	1436.57572	107.53102	1668.77879	30.48387
S10_D1	44	1	1470.80181	155.87593	1699.81856	78.78412
S10_D1	45	0	1376.45010	599.41439	1092.58339	566.66005
S10_D1	45	1	1664.92812	646.79653	1418.93650	610.54342
S10_D1	46	0	1042.46197	731.82878	988.81717	716.86849
S10_D1	46	1	1163.71807	745.45161	1099.57781	731.60794
S10_D1	47	0	1067.39218	765.68983	901.53803	747.85112
S10_D1	47	1	1212.98883	786.23573	1030.38660	766.61042
S10_D1	48	0	1057.42219	807.39702	862.01326	788.97022
S10_D1	48	1	1145.18214	858.76179	900.19888	837.43176
S10_D1	49	0	1191.26657	881.05955	900.58897	859.91563
S10_D1	49	1	1153.97418	872.57320	790.27495	846.29280
S10_D1	50	0	1119.32659	612.63275	892.55129	590.86849
S10_D1	50	1	963.01117	654.39454	765.48918	635.75682
S10_D1	51	0	1547.48290	686.71712	1695.92952	672.59305
S10_D1	51	1	1477.58758	690.73697	1597.22749	675.94293
S10_D1	52	0	1366.18144	677.56576	1538.27425	666.78660
S10_D1	52	1	1312.81089	666.84615	1468.37893	654.05707
S10_D1	53	0	413.00419	511.24318	502.82833	520.62283
S10_D1	53	1	451.41312	515.93300	548.82973	523.97270
S10_D1	54	0	1127.16120	643.29032	1222.66713	631.34988
S10_D1	54	1	1081.38311	649.32010	1161.48081	637.37965
S10_D1	55	0	941.68528	702.32258	864.75506	686.10174
S10_D1	55	1	838.74040	716.83871	746.62526	702.40447
S10_D1	56	0	1183.07188	838.24069	997.79972	821.28040
S10_D1	56	1	1303.65806	854.32010	1104.54082	838.69975
S10_D2	0	0	1313.98535	687.98015	518.21773	691.25062
S10_D2	0	1	1376.28821	693.33995	576.50105	699.29032
S10_D2	1	0	1435.97348	451.80645	1664.08165	448.97270
S10_D2	1	1	1514.35450	440.64020	1767.91975	434.67990
S10_D2	2	0	318.15073	365.66998	273.75087	392.05459
S10_D2	2	1	338.02512	378.62283	331.81089	403.66749
S10_D2	3	0	1315.98465	223.74194	1286.09211	204.04963
S10_D2	3	1	1349.92742	316.19851	1351.52128	300.07940
S10_D2	4	0	739.30426	66.90571	653.21633	92.67246
S10_D2	4	1	846.04536	121.62035	772.46267	137.11414
S10_D2	5	0	1293.18632	329.84864	1272.10956	319.20844
S10_D2	5	1	1340.75087	399.07940	1348.48081	393.12903
S10_D2	6	0	581.26308	169.61538	416.36288	202.31017
S10_D2	6	1	817.52268	69.11911	609.92812	89.26799
S10_D2	7	0	936.45918	595.29280	701.23866	596.38213
S10_D2	7	1	821.79135	451.30769	560.77948	455.82878
S10_D2	8	0	1412.21703	468.51613	1203.97488	467.61042
S10_D2	8	1	1470.93719	366.84367	1119.77181	355.14640
S10_D2	9	0	1330.96232	270.95285	856.95464	262.88586
S10_D2	9	1	1537.69435	158.92556	993.12142	133.88586
S10_D2	10	0	1318.42010	470.71464	931.27495	471.69479
S10_D2	10	1	1484.33775	367.09181	1053.64759	357.35236
S10_D2	11	0	1177.93650	484.17618	985.37334	484.46154
S10_D2	11	1	1293.38660	428.56824	1120.92114	425.05707
S10_D2	12	0	830.40126	476.97270	433.28472	486.15633
S10_D2	12	1	1016.63992	399.25558	575.53175	404.19603
S10_D2	13	0	1106.18981	453.39206	793.79135	456.49628
S10_D2	13	1	1030.48849	375.22829	649.31124	374.98263
S10_D2	14	0	1081.47662	415.22581	819.11933	419.87593
S10_D2	14	1	1222.83043	386.64020	941.71528	384.81390
S10_D2	15	0	1204.19679	384.01241	1035.85206	385.08933
S10_D2	15	1	1315.40405	323.49132	1101.72784	315.41191
S10_D2	16	0	1372.28402	491.05955	1133.86671	488.86352
S10_D2	16	1	1534.18214	457.33747	1312.28960	449.11166
S10_D2	17	0	1285.83810	615.95782	876.02303	614.36228
S10_D2	17	1	1424.28890	519.03474	901.48011	516.09926
S10_D2	18	0	1132.38311	583.64020	851.36148	585.48635
S10_D2	18	1	1264.13468	523.11911	919.91696	518.26551
S10_D3	0	0	1275.53385	687.39454	495.74320	678.01489
S10_D3	0	1	1333.14724	687.39454	547.99721	679.35484
S10_D3	1	0	225.09421	857.56824	612.30984	816.02978
S10_D3	2	0	421.60851	562.88337	514.39358	549.11663
S10_D3	2	1	268.22610	383.06948	384.90509	384.04218
S10_D3	3	0	1070.81786	486.03474	977.27495	497.20596
S10_D3	3	1	1221.99721	390.45161	1086.23866	401.50124
S10_D3_R	0	0	1321.58688	720.69975	531.60014	666.79901
S10_D3_R	0	1	1379.20028	727.39950	593.23308	673.49876
S10_D3_R	1	0	793.18911	637.81638	1085.27565	625.75682
S10_D3_R	2	0	1250.37125	613.98511	1499.88765	603.11663
S10_D3_R	2	1	1335.22819	585.39950	1601.26936	569.39454
S10_D3_R	3	0	1093.44103	888.79901	1024.88695	877.32258
S10_D3_R	3	1	1210.67760	838.55087	1149.71598	828.86104
S10_D3_R	4	0	1505.60782	738.47643	1433.84020	720.22333
S10_D3_R	4	1	1048.85904	884.60546	939.75227	866.97270
S10_D3_R	5	0	1623.51082	590.67990	1768.14306	559.98263
S10_D3_R	5	1	1513.64341	575.04715	1633.04187	545.68983
S10_D3_R	6	0	596.96720	534.01985	766.41312	537.40695
S10_D3_R	6	1	521.93580	521.29032	707.45987	530.03722
S10_D3_R	7	0	390.38311	553.66998	512.19958	561.14640
S10_D3_R	7	1	267.11724	502.75186	442.08095	519.60794
S10_D3_R	8	0	344.82833	531.78412	491.87858	543.28040
S10_D3_R	8	1	267.11724	502.97519	444.09072	519.38462
S10_D3_R	9	0	873.95813	305.25806	1003.84089	301.22581
S10_D3_R	9	1	758.50803	218.16129	905.36218	224.62531
S10_D3_R	10	0	1511.13119	588.18610	1489.40335	558.90323
S10_D3_R	10	1	1720.92812	374.68238	1662.24703	304.90323
S10_D3_R	11	0	804.91626	644.41191	924.57641	638.17122
S10_D3_R	11	1	913.89044	546.37221	1011.21982	538.56824
S10_D3_R	12	0	1181.07955	946.24566	812.06978	922.08933
S10_D3_R	12	1	1380.04676	904.03722	1056.36846	885.46402
S10_D3_R	13	0	533.28402	614.05955	544.51500	610.11166
S10_D3_R	13	1	673.07467	601.55335	705.74320	598.05211
S10_D3_R	14	0	1178.01326	721.65509	1090.92673	704.56576
S10_D3_R	14	1	1265.99651	685.92308	1201.68737	668.16377
S10_D3_R	15	0	1247.65387	836.16377	1021.84857	819.01737
S10_D3_R	15	1	1366.00698	888.64516	1072.53943	872.39206
S10_D3_R	16	0	1096.73133	761.33002	1029.85694	746.04963
S10_D3_R	16	1	1189.62736	759.99007	1131.01535	745.37965
S10_D3_R	17	0	641.47174	681.65509	724.20935	673.66005
S10_D3_R	17	1	540.75994	655.74938	648.50803	655.57072
S10_D3_R	18	0	574.87997	508.27543	770.39358	515.28288
S10_D3_R	18	1	391.09770	475.00000	616.98116	491.61042
S10_D3_R	19	0	664.67620	669.03970	705.43405	660.76923
S10_D3_R	19	1	563.29449	656.98015	596.23657	649.60298
S10_D3_R	20	0	548.05373	564.22829	488.70621	561.26551
S10_D3_R	20	1	452.70133	481.82134	348.02233	487.56824
S10_D3_R	21	0	991.45150	687.65261	1030.15143	677.01985
S10_D3_R	21	1	940.09072	678.94293	944.17795	666.30025
S10_D3_R	22	0	1173.07048	545.31017	1081.86741	523.11663
S10_D3_R	22	1	1347.92045	514.26799	1202.45359	481.80149
S10_D3_R	23	0	1052.71668	903.92060	820.07467	880.96030
S10_D3_R	23	1	796.81786	849.06203	583.54013	822.42680
S10_D3_R	24	0	1406.36218	632.35980	1494.51710	610.51613
S10_D3_R	24	1	1502.16120	634.14640	1615.54990	612.07940
S10_D3_R	25	0	1517.06211	680.78660	1188.91347	647.09181
S10_D3_R	25	1	1796.96790	727.36973	1571.54920	695.36228
S10_D3_R	26	0	1295.97348	831.90323	875.49826	801.86352
S10_D3_R	26	1	1427.50174	831.00993	1087.19400	807.22333
S10_D3_R	27	0	896.32868	789.73945	775.86950	772.38958
S10_D3_R	27	1	741.79972	757.13400	675.82763	739.56079
S10_D3_R	28	0	830.34543	721.86352	906.57920	711.63027
S10_D3_R	28	1	718.02163	737.49628	800.95464	728.37965
S10_D3_R	29	0	1176.80461	436.82382	538.40265	399.43424
S10_D3_R	29	1	757.81856	429.00993	327.98604	421.32258
S10_D3_R	30	0	339.17585	599.62035	396.82694	601.62283
S10_D3_R	30	1	480.97627	578.62779	544.65666	579.51365
S10_D3_R	31	0	978.43126	937.11911	775.95604	909.54591
S10_D3_R	31	1	1133.75157	849.99007	1124.26588	840.81638
S10_D3_R	32	0	1111.45220	818.89082	1040.42359	804.23077
S10_D3_R	32	1	735.45918	997.81638	407.39358	955.77667
S10_D4_R	0	0	1318.55757	717.00993	531.42638	699.92060
S10_D4_R	0	1	1376.17097	723.03970	585.69016	712.65012
S10_D4_R	1	0	1771.95743	597.99007	1802.96790	610.76675
S10_D4_R	1	1	1609.61270	618.31266	1624.09839	631.75931
S10_D4_R	2	0	557.37613	265.31017	868.22052	278.70968
S10_D4_R	3	0	563.81438	1026.22084	465.15283	980.57816
S10_D4_R	3	1	352.78856	948.05707	271.76832	892.14144
S10_D4_R	4	0	975.94627	855.94293	675.97488	837.93300
S10_D4_R	4	1	1371.57711	837.74690	995.33496	836.89330
S10_D4_R	5	0	1069.76413	902.69727	930.29798	899.88337
S10_D4_R	5	1	861.37264	940.70968	760.58409	924.44913
S10_D4_R	6	0	403.99791	759.17618	484.28751	729.32010
S10_D4_R	6	1	155.73901	753.60298	291.40893	715.48387
S10_D4_R	7	0	1532.06420	604.94293	1318.14724	616.61042
S10_D4_R	7	1	1690.40126	410.11414	1452.56664	397.67742
S10_D4_R	8	0	1193.16888	818.13896	1020.04257	821.38958
S10_D4_R	8	1	1429.58967	756.11663	1282.81368	769.86352
S10_D4_R	9	0	1236.47174	724.03970	1329.21144	743.30273
S10_D4_R	9	1	1103.45848	697.15385	1212.19819	707.34739
S10_D4_R	10	0	666.66574	792.56328	851.31612	785.51613
S10_D4_R	10	1	608.82903	770.67742	790.12980	759.61042
S10_D4_R	11	0	708.04327	716.26303	837.75087	710.13896
S10_D4_R	11	1	816.12421	696.83375	952.30775	695.62283
S10_D4_R	12	0	996.40614	1022.82878	770.97697	1008.75931
S10_D4_R	12	1	783.97627	1039.35484	501.82694	1000.94293
S10_D4_R	13	0	994.77181	759.00993	1071.22819	760.02978
S10_D4_R	13	1	1040.10328	742.03722	1104.72435	748.19355
S10_D4_R	14	0	1234.73273	962.07940	1244.03350	989.88586
S10_D4_R	14	1	1150.00349	869.30025	1168.23657	885.04715
S10_D4_R	15	0	1182.41103	816.14392	1031.96581	818.91067
S10_D4_R	15	1	1338.40195	892.43672	1236.19121	912.39950
S10_D4_R	16	0	1178.18911	523.52357	1154.52896	519.68983
S10_D4_R	16	1	1178.33496	623.19851	1197.77320	626.95782
S10_D4_R	17	0	1313.35590	696.46650	1487.96650	718.95533
S10_D4_R	17	1	1259.09211	689.09677	1427.45010	705.55583
S10_D4_R	18	0	791.07258	842.70968	809.14096	830.84864
S10_D4_R	18	1	747.30426	794.24814	794.17934	781.04715
S10_D4_R	19	0	1478.13957	664.50620	1356.46825	671.36476
S10_D4_R	19	1	1636.24145	615.37469	1506.53105	624.68983
S10_D4_R	20	0	963.32310	989.72208	446.62456	954.85112
S10_D4_R	20	1	1144.64899	888.10918	594.45429	866.19107
S10_D4_R	21	0	790.79972	520.83623	738.87648	513.18362
S10_D4_R	21	1	885.92882	511.23325	852.54013	506.03722
S10_D4_R	22	0	610.60921	457.77419	484.25750	452.69727
S10_D4_R	22	1	510.12073	316.40943	358.08863	324.06203
S10_D4_R	23	0	227.65527	617.01489	293.32240	599.83375
S10_D4_R	23	1	187.23657	586.64268	294.66225	572.14144
S10_D4_R	24	0	942.26657	670.19603	981.40405	670.00993
S10_D4_R	24	1	876.83740	652.77667	912.17865	648.57072
S10_D4_R	25	0	1017.61619	622.69231	1135.80461	622.95285
S10_D4_R	25	1	967.37195	611.52605	1102.53175	616.25310
S10_D4_R	26	0	1663.68667	556.09429	1459.23936	537.04218
S10_D4_R	26	1	1517.86671	636.49132	1358.97418	639.77171
S10_D4_R	27	0	1388.20796	709.11166	1317.03350	721.48883
S10_D4_R	27	1	1463.01605	637.64764	1432.26029	646.89826
S10_D4_R	28	0	1369.63573	603.95533	1321.41172	607.23573
S10_D4_R	28	1	1361.15003	561.30025	1365.40335	563.91067
S10_D4_R	29	0	1801.86322	704.01489	1721.95883	723.03722
S10_D4_R	29	1	1647.33426	749.79653	1556.71110	772.16873
S10_D4_R	30	0	1046.61828	733.64268	1023.74529	737.13151
S10_D4_R	30	1	946.35311	675.57816	928.83950	675.71712
S10_D4_R	31	0	1402.85206	1020.48139	1245.47313	1052.30769
S10_D4_R	31	1	1326.92742	960.63027	1222.24913	985.53350
S10_D4_R	32	0	1122.79972	695.17618	1016.37125	693.10918
S10_D4_R	32	1	1263.48360	663.46402	1126.46197	666.08685
S10_D4_R	33	0	630.49337	539.19603	655.56036	531.31266
S10_D4_R	33	1	403.38939	488.50124	427.78646	485.97767
S10_D4_R	34	0	475.87020	338.98015	669.50174	347.25062
S10_D4_R	34	1	411.78088	356.62283	608.98535	369.80645
S10_D4_R	35	0	535.49337	359.30273	751.00907	368.24318
S10_D4_R	35	1	476.31682	357.51613	698.30844	368.68983
S10_D4_R	36	0	522.52059	240.89330	695.38451	259.21340
S10_D4_R	36	1	475.62596	209.85112	646.25680	228.61787
S10_D4_R	37	0	619.52198	143.12407	784.57013	158.09429
S10_D4_R	37	1	579.77320	132.85112	740.35520	149.60794
S10_D4_R	38	0	649.89184	131.95782	855.35869	146.48139
S10_D4_R	38	1	611.25960	130.84119	808.46406	147.59801
S10_D4_R	39	0	640.78925	303.57320	832.41172	313.46402
S10_D4_R	39	1	681.87788	327.69231	873.27704	333.11663
S10_D4_R	40	0	386.66504	180.21836	573.08444	206.07196
S10_D4_R	40	1	316.32310	139.57320	503.85904	174.80645
S10_D4_R	41	0	343.12003	243.64268	547.62736	267.70968
S10_D4_R	41	1	277.02094	187.36476	489.56734	220.36476
S10_D4_R	42	0	439.34892	135.97270	641.47244	162.84864
S10_D4_R	42	1	362.75436	126.59305	575.15003	159.72208
S10_D4_R	43	0	235.49895	83.41191	517.09211	131.50372
S10_D4_R	43	1	178.10886	106.86104	476.22680	153.38958
S10_D4_R	44	0	1103.53733	862.42680	928.78018	859.42928
S10_D4_R	44	1	1448.27634	847.47643	1258.25750	865.68983
S11_D1	0	0	1347.98535	704.63027	515.31542	665.00993
S11_D1	0	1	1406.93859	707.31017	574.26867	668.35980
S11_D1	1	0	485.25680	473.82134	769.41103	521.08189
S11_D1	2	0	284.11305	183.29032	411.14236	250.10670
S11_D1	2	1	142.31263	171.00744	289.21633	242.51365
S11_D1	3	0	982.67411	491.76427	1047.81926	520.33747
S11_D1	3	1	1060.60851	510.07692	1115.70482	537.98015
S11_D1	4	0	1081.59944	467.64516	1168.62875	495.10174
S11_D1	4	1	1145.68876	477.69479	1234.72784	505.59801
S11_D1	5	0	1107.76064	424.52357	1182.24703	450.33002
S11_D1	5	1	1177.20935	433.67990	1246.78297	457.47643
S11_D1	6	0	760.37544	128.26799	608.50035	159.71464
S11_D1	6	1	665.46964	229.43424	549.32380	261.55087
S11_D1	7	0	592.67551	346.13400	592.18981	376.35980
S11_D1	7	1	481.46825	312.18859	471.15701	347.77419
S11_D1	8	0	1316.14027	522.75434	1409.92742	553.46650
S11_D1	8	1	1394.52128	534.14392	1495.45429	562.62283
S11_D1	9	0	1597.20726	378.11663	1390.38102	377.70223
S11_D1	9	1	1785.45569	335.46154	1580.63922	311.37469
S11_D1	10	0	1625.34334	585.20347	1607.03210	610.33995
S11_D1	10	1	1747.49267	612.22581	1753.07537	637.80893
S11_D1	11	0	901.76274	486.68983	931.39149	516.66005
S11_D1	11	1	878.09211	462.79404	930.49826	493.43424
S11_D1	12	0	852.09281	387.66005	971.27704	421.79653
S11_D1	12	1	818.59665	378.28040	925.94557	412.19355
S11_D1	13	0	494.47244	659.17370	286.87020	654.54342
S11_D1	13	1	205.21563	607.31017	30.14655	602.84367
S11_D1	14	0	372.14166	404.70968	443.67620	441.04963
S11_D1	14	1	245.30286	378.80397	309.02163	417.37717
S11_D1	15	0	144.54710	457.57320	0.22331	469.45906
S11_D1	15	1	198.81089	437.47395	31.26308	451.81638
S11_D1	16	0	1125.93719	536.18610	1283.36497	571.49628
S11_D1	16	1	1079.48918	529.70968	1235.35380	565.46650
S11_D1	17	0	705.93719	448.80645	549.41242	465.28536
S11_D1	17	1	492.15003	202.22333	298.45987	239.03474
S11_D1	18	0	1688.89672	709.82134	1583.98325	742.68734
S11_D1	18	1	1821.54152	641.26055	1763.74599	667.42680
S11_D1	19	0	858.68528	401.41687	561.04396	408.84615
S11_D1	19	1	675.79623	359.43176	414.10747	374.00744
S11_D1	20	0	811.56734	423.74938	974.42359	459.60546
S11_D1	20	1	758.42010	424.41935	925.74250	461.83871
S11_D1	21	0	982.23936	537.65012	826.73412	548.35732
S11_D1	21	1	902.51849	575.39206	707.93440	583.86600
S11_D1	22	0	1428.12003	534.40447	1564.87788	563.34988
S11_D1	22	1	1506.05443	537.53102	1645.93859	566.02978
S11_D1	23	0	1085.27565	900.44665	608.14027	891.19603
S11_D1	23	1	1305.01047	830.76923	777.40754	826.43176
S11_D1	24	0	444.94627	731.22581	299.51710	723.90571
S11_D1	24	1	498.31682	687.90074	391.29658	687.72705
S11_D1	25	0	1243.33426	658.92308	1011.03210	667.70968
S11_D1	25	1	1394.06699	649.99007	1172.93022	662.57320
S11_D1	26	0	690.37474	576.53350	531.53105	586.79404
S11_D1	26	1	643.92673	605.56576	432.82903	605.77667
S11_D1	27	0	1065.82903	696.40199	887.59525	713.07444
S11_D1	27	1	1158.72505	612.43176	982.50105	628.65757
S11_D1	28	0	512.05234	765.90323	476.47872	764.78660
S11_D1	28	1	624.15283	742.67742	583.21982	755.40695
S11_D1	29	0	595.79135	861.65012	271.35450	837.33995
S11_D1	29	1	424.82903	910.08685	45.55478	867.98015
S11_D1	30	0	332.08165	378.76675	526.37544	425.62035
S11_D1	30	1	389.24843	397.07940	568.58060	440.35980
S11_D1	31	0	923.00768	703.70968	738.83043	714.01985
S11_D1	31	1	812.02373	744.13151	676.52756	761.81141
S11_D1	32	0	1408.12910	447.30273	1539.46895	471.70223
S11_D1	32	1	1573.82345	404.20099	1747.59177	416.09429
S11_D1	33	0	616.06978	424.41687	380.04187	437.62035
S11_D1	33	1	796.05583	432.23325	571.41661	442.08685
S11_D1	34	0	1122.39218	622.83127	940.10816	638.78412
S11_D1	34	1	1249.90091	537.74442	1088.38451	549.23077
S11_D1	35	0	1190.68667	690.21340	1078.10328	710.27047
S11_D1	35	1	1086.40195	729.29529	955.50733	750.02233
S11_D1	36	0	343.25680	467.81638	528.66434	505.34988
S11_D1	36	1	403.54990	442.58065	582.70482	482.12407
S11_D1	37	0	1533.68458	570.35980	1367.57711	582.44665
S11_D1	37	1	1705.73343	369.66749	1566.63712	360.34491
S11_D1	38	0	1525.69435	395.46898	1779.98604	414.29280
S11_D1	38	1	1585.98744	367.55335	1847.87160	378.11414
S11_D1	39	0	1271.51431	229.13151	444.82903	199.65261
S11_D1	39	1	996.84578	203.67246	194.27774	183.57320
S11_D1	40	0	1705.62456	345.70720	1279.82066	319.88337
S11_D1	40	1	1567.93719	279.68983	1082.32100	249.12159
S11_D1	41	0	1481.46476	258.25558	938.37683	232.54342
S11_D1	41	1	1280.07048	214.96030	661.65457	194.00000
S11_D1	42	0	1022.71389	664.87345	1044.22889	694.96030
S11_D1	42	1	948.12910	668.66998	979.46964	696.74690
S11_D1	43	0	1338.34543	628.89330	1346.14166	657.69975
S11_D1	43	1	1263.09072	622.64020	1265.97418	650.10670
S11_D1	44	0	1386.49128	573.39950	1445.13189	600.94541
S11_D1	44	1	1415.74459	535.21092	1489.34682	560.97022
S11_D1	45	0	1344.73273	558.66005	1353.35241	585.75931
S11_D1	45	1	1394.30705	490.54591	1408.28611	511.61538
S11_D1	46	0	1325.47174	492.59057	1308.75297	510.47643
S11_D1	46	1	1260.48918	510.00993	1260.74180	533.47891
S11_D1	47	0	1164.56943	510.59305	1180.23936	533.75186
S11_D1	47	1	1077.03280	507.01985	1089.79972	530.62531
S11_D1	48	0	1421.46197	440.62283	1222.07886	443.12655
S11_D1	48	1	1535.79553	455.36228	1372.81158	456.52605
S11_D1	49	0	1493.92045	392.87841	1090.64689	380.82630
S11_D1	49	1	1312.81786	347.09677	908.87439	340.18114
S11_D1	50	0	1138.94068	417.13151	659.20447	410.02481
S11_D1	50	1	987.98465	463.80645	468.94627	458.26303
S11_D1	51	0	1097.03489	594.84367	1068.55199	620.89330
S11_D1	51	1	1012.62456	603.33002	977.44243	626.02978
S11_D1	52	0	636.96720	603.86600	327.91766	596.55335
S11_D1	52	1	493.25541	599.53598	173.48709	589.54342
S11_D1	53	0	917.54920	715.26303	904.44243	737.37965
S11_D1	53	1	828.00279	688.68734	819.80879	709.68734
S11_D1	54	0	1178.59595	472.26303	1189.51082	493.85360
S11_D1	54	1	1261.44313	421.79156	1248.24075	438.24566
S11_D1	55	0	1534.22680	339.09181	1642.96581	342.80893
S11_D1	55	1	1600.10258	281.47395	1682.26797	275.36476
S11_D1	56	0	1580.42289	374.74690	1842.73552	386.57072
S11_D1	56	1	1549.82973	403.55583	1792.26797	419.62283
S11_D1	57	0	431.06420	685.33251	353.10188	686.83623
S11_D1	57	1	249.96162	587.06948	201.92254	592.81638
S11_D1	58	0	372.47872	408.09677	512.14864	448.11663
S11_D1	58	1	485.69574	400.28040	619.78297	440.07692
S11_D1	59	0	752.34473	567.73945	939.77181	604.27295
S11_D1	59	1	731.13050	534.68734	919.67411	571.44417
S11_D1	60	0	159.15911	471.70720	75.03140	483.72208
S11_D1	60	1	252.94836	509.44913	213.20028	523.43921
S11_D1	61	0	309.44522	539.59801	398.46197	564.89330
S11_D1	61	1	190.19888	545.62779	275.41940	566.00993
S11_D2	0	0	1268.49128	718.75931	509.02233	716.80893
S11_D2	0	1	1318.06560	720.09926	559.93650	720.15881
S11_D2	1	0	489.30565	514.95037	869.56036	540.00000
S11_D2	2	0	1557.93719	77.88834	1740.26867	29.92556
S11_D2	2	1	1514.16888	119.65012	1678.85904	83.97022
S11_D2	3	0	18.08793	372.53102	351.56804	422.43424
S11_D2	3	1	73.02163	396.20347	391.54013	442.31017
S11_D2	4	0	366.65736	565.94541	430.40475	576.57568
S11_D2	4	1	179.30216	540.03970	278.33217	558.03970
S11_D2	5	0	989.49826	260.76179	1200.28542	277.63027
S11_D2	5	1	1064.52966	302.30025	1294.74459	317.38213
S11_D2	6	0	1423.44243	358.90074	1572.15073	360.82134
S11_D2	6	1	1356.22680	403.11911	1473.22540	412.63275
S11_D2	7	0	1467.93580	676.97519	1440.53594	712.15385
S11_D2	7	1	1550.78297	585.63524	1568.71458	607.63772
S11_D2	8	0	1358.86741	919.69479	1064.13957	953.52357
S11_D2	8	1	1535.28053	977.08933	1151.45290	1020.74442
S11_D2	9	0	304.33706	290.68238	348.40335	339.75931
S11_D2	9	1	166.19749	166.66253	240.76902	239.70968
S11_D2	10	0	1395.26727	251.79901	1636.45080	240.63275
S11_D2	10	1	1420.72435	209.36725	1672.62666	192.17122
S11_D2	11	0	1460.51779	149.17618	1809.23936	115.49380
S11_D2	11	1	1506.74250	107.86104	1858.81368	59.66253
S11_D2	12	0	1168.39358	663.12655	1287.61828	693.34988
S11_D2	12	1	1113.90649	651.96030	1209.23726	677.27047
S11_D2	13	0	917.59316	600.14144	920.74320	617.46402
S11_D2	13	1	1110.97767	514.60794	1091.99512	533.22084
S11_D2	14	0	1476.41242	520.77171	1141.50035	527.66501
S11_D2	14	1	1576.64689	254.08437	1292.64899	236.41191
S11_D2	15	0	1187.87788	695.53102	1075.41103	715.29777
S11_D2	15	1	1230.67481	535.03474	1182.07397	553.01489
S11_D2	16	0	458.80949	502.83623	363.50803	520.04963
S11_D2	16	1	519.99581	453.70471	464.66643	477.84119
S11_D2	17	0	1312.48918	734.54839	1405.24564	772.74194
S11_D2	17	1	1396.00628	636.95533	1528.28821	669.78908
S11_D2	18	0	1088.14166	793.59553	831.80391	805.66501
S11_D2	18	1	934.28262	715.65509	625.69086	720.35484
S11_D2	19	0	752.08304	423.25062	512.32449	441.86104
S11_D2	19	1	708.09142	468.13896	549.17027	486.97270
S11_D2	20	0	1300.99093	637.81638	980.82624	654.63524
S11_D2	20	1	1454.42359	564.06452	1208.60014	577.14144
S11_D2	21	0	1016.15003	527.03970	1272.55827	551.73201
S11_D2	21	1	1050.09281	506.04715	1304.93789	526.94293
S11_D2	22	0	1232.69505	674.79901	1074.73482	694.63524
S11_D2	22	1	1183.34403	614.72457	959.06141	628.08437
S11_D2	23	0	1309.10119	394.63524	1238.09839	401.97022
S11_D2	23	1	1366.93789	337.68734	1332.33426	338.76923
S11_D2	24	0	522.11793	683.08685	441.23517	684.00248
S11_D2	24	1	640.02442	628.59553	565.84089	640.00744
S11_D2	25	0	1174.53036	782.55335	993.15213	802.81638
S11_D2	25	1	1074.48849	779.65012	849.11863	794.77667
S11_D2	26	0	881.83601	787.27543	827.51989	798.15881
S11_D2	26	1	974.50872	745.73697	928.90161	762.65012
S11_D2	27	0	1016.28821	887.31266	686.35659	891.63027
S11_D2	27	1	827.36985	843.31762	531.60433	841.38213
S11_D2	28	0	909.54710	848.67742	689.25960	855.67494
S11_D2	28	1	780.68109	813.02730	602.15213	813.77171
S11_D2	29	0	805.44173	808.86352	718.21214	816.38462
S11_D2	29	1	682.84578	800.37717	623.08304	803.87841
S11_D2	30	0	853.38521	769.91563	786.54920	784.08933
S11_D2	30	1	734.58548	735.97022	680.92463	745.45409
S11_D2	31	0	1056.75087	860.01985	846.29518	877.91315
S11_D2	31	1	1159.91905	838.58065	893.18981	857.81390
S11_D3_R	0	0	1340.14934	673.91067	491.16678	632.16129
S11_D3_R	0	1	1397.09281	674.58065	549.45010	638.86104
S11_D3_R	1	0	1030.80693	683.08209	1182.91710	719.59328
S11_D3_R	1	1	984.97272	685.09701	1146.14900	724.12687
S11_D3_R	2	0	798.27387	839.58582	949.33263	871.61567
S11_D3_R	2	1	762.00944	814.90299	921.12697	846.93284
S11_D3_R	3	0	734.30745	846.13433	918.10493	878.66791
S11_D3_R	3	1	707.61280	825.48134	894.43232	852.97761
S11_D3_R	4	0	921.67366	875.35075	1096.40504	917.95896
S11_D3_R	4	1	890.44596	855.20149	1063.16264	894.78731
S11_D3_R	5	0	1179.32949	856.54851	1375.04302	918.08955
S11_D3_R	5	1	1155.65687	833.88060	1354.39244	891.39179
S11_D3_R	6	0	1283.08604	891.30597	1490.88772	955.36567
S11_D3_R	6	1	1250.85100	862.59328	1460.16369	928.16418
S11_D3_R	7	0	1219.11962	834.38433	1401.73767	893.40672
S11_D3_R	7	1	1175.30010	819.27239	1358.92550	876.78358
S11_D3_R	8	0	1218.61595	848.48881	1403.24869	907.00746
S11_D3_R	8	1	1186.88458	829.34701	1366.98426	885.85075
S11_D3_R	9	0	522.70409	956.38806	715.62644	970.18657
S11_D3_R	9	1	483.92130	935.23134	680.87303	950.03731
S11_D3_R	10	0	909.50157	962.25373	1077.18888	1003.43284
S11_D3_R	10	1	878.77754	928.50373	1051.50157	968.67537
S11_D3_R	11	0	926.97587	541.77612	1069.57503	577.98507
S11_D3_R	11	1	835.30745	534.72388	998.05352	569.42164
S11_D3_R	12	0	447.38405	977.23881	719.74082	988.82463
S11_D3_R	13	0	1148.60441	887.95522	1368.21091	948.02239
S11_D3_R	13	1	1043.33683	919.18657	1269.49108	973.71269
S11_D3_R	14	0	195.21196	627.24627	283.73767	636.28358
S11_D3_R	14	1	308.03463	541.61194	386.48688	565.25746
S11_D3_R	15	0	1182.04197	829.12687	1219.50892	874.04478
S11_D3_R	15	1	1065.18993	800.41418	1107.18993	836.76866
S11_D3_R	16	0	1051.73767	397.64552	1028.33683	418.58582
S11_D3_R	16	1	1155.99790	394.11940	1161.81007	416.57090
S11_D3_R	17	0	859.66317	865.39179	832.72928	884.99254
S11_D3_R	17	1	718.63484	878.99254	689.68625	887.00746
S11_D3_R	18	0	1147.40609	807.33209	1151.04932	846.38433
S11_D3_R	18	1	1057.75236	854.68284	1045.78174	884.66791
S11_D3_R	19	0	1620.87618	925.06716	1565.55929	987.02612
S11_D3_R	19	1	1474.30745	945.72015	1421.50892	1005.66418
S11_D3_R	20	0	1344.33683	845.46269	1294.56034	881.22761
S11_D3_R	20	1	1271.80797	947.21642	1199.36621	994.06343
S11_D3_R	21	0	850.71144	671.25000	820.40609	695.13060
S11_D3_R	21	1	796.31480	769.98134	754.92865	781.26866
S11_D3_R	22	0	537.81427	860.08582	430.63379	850.25000
S11_D3_R	22	1	469.81847	981.98881	316.80378	954.01866
S11_D3_R	23	0	833.75131	858.68284	518.69990	848.66791
S11_D3_R	23	1	583.92970	821.40672	301.11333	802.32463
S11_D3_R	24	0	823.28437	1012.50000	774.30325	1028.11567
S11_D3_R	24	1	734.63799	990.83955	670.54669	993.35821
S11_D3_R	25	0	552.86988	932.43657	436.23400	916.92537
S11_D3_R	25	1	722.60756	988.35075	578.26967	979.89179
S11_D3_R	26	0	681.71459	789.30224	687.13746	802.35448
S11_D3_R	26	1	551.26338	837.66045	579.85519	844.16418
S11_D3_R	27	0	1034.73977	739.76866	991.30640	759.87313
S11_D3_R	27	1	904.79224	759.41418	880.49843	778.00746
S11_D3_R	28	0	958.24869	616.62313	921.44701	637.34701
S11_D3_R	28	1	1085.17419	636.77239	1057.43861	661.02239
S11_D3_R	29	0	855.02413	457.48881	1041.03148	494.89552
S11_D3_R	29	1	901.86569	466.05224	1095.42812	502.95522
S11_D3_R	30	0	1460.16264	623.97015	777.10073	599.72015
S11_D3_R	30	1	1238.04302	582.16045	681.40294	567.48134
S11_D3_R	31	0	881.16789	607.45149	716.54250	614.47388
S11_D3_R	31	1	997.51626	605.94030	809.21826	621.52612
S11_D3_R	32	0	1241.31794	473.33955	1103.39874	486.31716
S11_D3_R	32	1	1199.51312	540.83955	1037.41763	552.30597
S11_D3_R	33	0	1187.92865	395.26119	1151.75131	408.74254
S11_D3_R	33	1	1258.94648	421.95896	1216.72508	434.93657
S11_D3_R	34	0	1138.81742	322.11940	1038.08290	334.97761
S11_D3_R	34	1	1235.01889	327.15672	1099.53095	331.95522
S11_D3_R	35	0	806.00210	400.62313	507.98006	412.23881
S11_D3_R	35	1	1071.11542	341.39925	826.98636	346.46642
S11_D3_R	36	0	684.50262	413.47388	406.75656	425.05970
S11_D3_R	36	1	904.10388	422.54104	619.81007	426.57090
S11_D3_R	37	0	1037.08604	715.39552	786.24449	718.47761
S11_D3_R	37	1	969.09024	576.36567	797.32529	591.03358
S11_D3_R	38	0	1347.01259	571.40672	1388.29906	597.68657
S11_D3_R	38	1	1229.15320	649.98881	1254.82581	677.27612
S11_D3_R	39	0	569.17524	627.95522	488.82267	633.26119
S11_D3_R	39	1	733.87618	605.28731	680.21826	621.17164
S11_D3_R	40	0	1104.26967	988.82463	375.74397	954.57090
S11_D3_R	40	1	774.64953	1027.61194	71.01049	976.23134
S11_D3_R	41	0	1202.43966	545.23881	1096.91081	568.05597
S11_D3_R	41	1	1337.42392	466.15299	1259.09339	482.42164
S11_D3_R	42	0	1598.16684	932.96269	1256.56034	964.14179
S11_D3_R	42	1	1442.53200	924.90299	1232.88772	962.63060
S11_D4	0	0	1315.14585	727.73201	539.61759	693.54591
S11_D4	0	1	1366.72994	728.73697	594.55129	694.21588
S11_D4	1	0	904.55408	208.62531	1254.33357	215.07940
S11_D4	2	0	1320.66364	556.06203	1390.89812	560.08933
S11_D4	2	1	1414.89951	504.02730	1505.45499	502.91811
S11_D4	3	0	632.26378	159.50620	664.21703	173.10918
S11_D4	3	1	711.09142	145.21340	760.68597	155.01985
S11_D4	4	0	942.37334	21.66253	759.77041	12.50620
S11_D4	4	1	1099.13538	176.20347	961.86392	159.00744
S11_D4	5	0	1007.30426	512.96774	972.03350	506.32506
S11_D4	5	1	1035.21773	368.02978	1044.56943	362.95037
S11_D4	6	0	538.35520	231.74194	353.64341	242.20347
S11_D4	6	1	455.28472	189.75682	229.88486	198.91067
S11_D4	7	0	761.01535	579.16625	759.94627	569.20844
S11_D4	7	1	728.85904	515.96526	714.16818	508.46402
S11_D4	8	0	602.02512	652.97270	399.70342	630.25310
S11_D4	8	1	504.21633	650.96278	264.82554	624.00000
S11_D4	9	0	661.61061	646.05459	676.69505	630.69231
S11_D4	9	1	693.93440	646.05459	722.41731	638.45409
S11_D4	10	0	348.93091	641.57816	136.83182	612.46402
S11_D4	10	1	353.67900	516.21588	112.54710	491.82630
S11_D4	11	0	962.75087	376.83623	1064.54780	369.39950
S11_D4	11	1	1027.28681	345.12407	1138.01605	341.48387
S11_D4	12	0	942.84857	547.08685	1156.48918	550.45658
S11_D4	12	1	1009.39428	531.45409	1227.94766	536.16377
S11_D4	13	0	1040.40265	363.84119	1087.95534	354.92804
S11_D4	13	1	1119.67690	410.96278	1170.35590	404.28288
S11_D4	14	0	1040.10258	686.00248	1023.97558	686.36973
S11_D4	14	1	986.06211	655.40695	1001.64480	653.54094
S11_D4	15	0	901.60433	583.00993	920.70202	579.17370
S11_D4	15	1	1045.41452	588.14640	1062.72575	587.21340
S11_D4	16	0	1231.13817	408.56576	1189.55687	396.94789
S11_D4	16	1	1362.88974	337.32506	1281.55967	318.78412
S11_D4	17	0	862.24494	690.01985	800.33217	677.00744
S11_D4	17	1	1002.92882	696.49628	972.05583	694.20347
S11_D4	18	0	1024.66225	523.97022	1081.65318	521.74938
S11_D4	18	1	1221.84299	504.76427	1263.20237	503.66005
S11_D4	19	0	908.17725	318.37717	936.59595	314.16377
S11_D4	19	1	974.27634	332.89330	1032.61828	327.56328
S11_D4	20	0	521.98535	143.86849	643.80181	165.35236
S11_D4	20	1	487.37264	38.45906	595.56734	69.32258
S11_D4	21	0	827.94487	484.45658	991.02512	483.56079
S11_D4	21	1	756.70970	501.65261	920.45987	502.09677
S11_D4	22	0	900.23866	841.19603	704.08304	823.16873
S11_D4	22	1	726.54780	761.86352	469.32449	734.63027
S11_D4	23	0	608.18981	128.45409	535.13259	144.62779
S11_D4	23	1	511.72087	48.13648	456.75157	73.42184
S11_D4	24	0	568.66434	215.12407	297.28542	213.82382
S11_D4	24	1	696.35450	386.23325	477.42219	378.97022
S11_D4	25	0	1570.04257	519.49628	1766.14096	523.31266
S11_D4	25	1	1621.40335	485.99752	1855.24075	484.90074
S11_D4	26	0	1447.12073	489.88337	1708.50872	493.96278
S11_D4	26	1	1494.46197	483.63027	1779.96720	485.25310
S11_D4	27	0	1568.47941	214.43424	1721.96511	171.02481
S11_D4	27	1	1619.39358	243.46650	1811.73482	197.15385
S11_D4	28	0	1580.09142	284.33499	1788.28751	252.09181
S11_D4	28	1	1628.99581	292.82134	1878.95045	259.46154
S11_D4	29	0	1170.29518	876.92308	877.46476	871.33995
S11_D4	29	1	872.14096	840.74938	647.01117	820.42184
S11_D4	30	0	543.88904	750.10918	377.83950	719.81638
S11_D4	30	1	312.29518	746.79404	88.87648	704.42184
S11_D4	31	0	753.89742	117.46898	871.24634	126.89578
S11_D4	31	1	863.76483	37.96526	967.49197	35.33251
S11_D4	32	0	797.26518	187.55087	931.77041	188.33747
S11_D4	32	1	893.06420	227.52605	1007.69505	224.06948
S11_D4	33	0	947.27146	799.95037	785.15003	786.55087
S11_D4	33	1	1273.14096	665.84367	1265.42219	673.27047
S11_D4	34	0	1407.57851	593.89330	1656.55897	612.00000
S11_D4	34	1	1151.61619	622.60298	1356.34473	631.98263
S11_D4	35	0	991.59665	858.48635	807.89742	848.21340
S11_D4	35	1	1743.62596	786.71712	1533.69435	815.30025
S11_D4	36	0	955.64550	778.14640	844.96581	770.89330
S11_D4	36	1	605.88695	772.90323	234.03350	733.58313
S11_D4	37	0	739.37125	678.45906	823.16957	665.74690
S11_D4	37	1	803.51640	623.45161	913.10677	622.21340
S11_D4	38	0	621.33426	759.28784	482.85764	731.78660
S11_D4	38	1	307.26588	711.63275	71.01186	671.31514
S11_D4	39	0	1847.87160	618.96278	1882.70761	633.86600
S11_D4	39	1	1702.94487	587.69727	1748.94627	597.68734
S11_D4	40	0	1412.82973	547.50620	1564.08234	557.35980
S11_D4	40	1	1483.39498	517.35732	1638.66713	522.52109
S11_D4	41	0	1534.63643	452.26303	1811.91905	449.25558
S11_D4	41	1	1556.52059	422.78412	1830.00698	414.19355
S11_D4	42	0	1321.75157	411.59305	1350.41172	404.33995
S11_D4	42	1	1374.45220	397.74690	1378.54850	386.69727
S11_D4	43	0	1536.01396	406.42432	1776.23517	396.25558
S11_D4	43	1	1466.34194	412.49876	1684.28821	401.14888
S11_D4	44	0	1450.46895	679.47643	1263.27634	684.80645
S11_D4	44	1	1577.97767	661.83375	1349.69644	664.93052
S11_D4	45	0	1081.23657	565.76675	1192.48709	570.18114
S11_D4	45	1	1148.22889	559.96030	1263.72226	561.02481
S11_D4	46	0	1099.77111	586.53598	1262.38241	588.49380
S11_D4	46	1	1172.56943	586.08933	1330.71458	591.17370
S11_D4	47	0	1247.46267	515.22333	1441.78367	518.29777
S11_D4	47	1	1183.15003	520.35980	1366.97558	521.64764
S11_D4	48	0	1600.97767	593.71216	1578.03768	599.13896
S11_D4	48	1	1759.58200	601.30521	1756.57223	609.93797
S11_D4	49	0	1068.26588	518.51861	1247.98604	521.63772
S11_D4	49	1	1042.97627	513.28784	1213.31752	513.87593
S11_D4	50	0	1004.46267	519.01241	1168.40265	517.43176
S11_D4	50	1	944.00209	519.51861	1103.75506	518.61290
S11_D4	51	0	948.57502	456.36228	1145.77669	457.61290
S11_D4	51	1	859.14027	447.58809	1050.98255	452.71960
S11_D4	52	0	910.88695	557.44665	587.61479	539.54591
S11_D4	52	1	1081.04745	531.54094	782.33915	515.65012
S11_D4	53	0	809.50035	566.85112	628.02861	553.41687
S11_D4	53	1	718.39079	621.34243	583.36706	606.56824
S11_D4	54	0	765.45987	506.66998	834.62875	504.34988
S11_D4	54	1	739.33287	455.75186	797.33636	454.32506
S11_D4	55	0	645.85764	733.92308	482.40056	704.92556
S11_D4	55	1	755.94836	750.89578	545.15003	726.58809
S11_D4	56	0	667.96511	685.23821	535.77111	667.63027
S11_D4	56	1	792.34752	695.95782	626.65736	677.23325
S11_D4	57	0	774.19121	783.30025	334.20028	743.24318
S11_D4	57	1	560.93231	745.78164	205.57502	707.28784
S11_D4	58	0	1117.14794	568.57320	740.96301	549.59305
S11_D4	58	1	1288.87160	553.61042	936.80391	539.32010
S11_D4	59	0	1185.95534	639.19355	863.81089	624.67990
S11_D4	59	1	1308.99791	694.80149	1021.30984	690.06452
S11_D4	60	0	1406.44243	701.43921	1374.29518	711.97022
S11_D4	60	1	1525.68876	690.94293	1499.79414	705.94045
S11_D4	61	0	1633.00558	487.20844	1442.87927	469.56079
S11_D4	61	1	1539.21633	523.38710	1403.35380	515.78908
S11_D4	62	0	547.68667	259.55583	582.83322	272.00993
S11_D4	62	1	410.35241	152.13648	448.39288	177.95037
S12_D3	0	0	1290.84857	702.29032	485.03210	702.56079
S12_D3	0	1	1349.13189	703.63027	545.32519	702.56079
S12_D3	1	0	1129.19679	323.20844	1108.99372	323.52854
S12_D3	1	1	1212.49058	270.05707	1177.10258	265.01737
S12_D3	2	0	1341.71249	356.68734	1241.34194	352.54094
S12_D3	2	1	1442.64759	299.29280	1315.92673	283.98015
S12_D3	3	0	1370.74250	289.91315	1299.84857	277.28040
S12_D3	3	1	1445.32729	223.13896	1347.63643	203.80645
S12_D3	4	0	1601.92673	570.40695	1637.92673	578.17370
S12_D3	4	1	1662.88974	592.96278	1701.56943	604.97270
S12_D3	5	0	1546.52756	923.50620	1646.94417	983.43921
S12_D3	5	1	1655.94836	907.87345	1779.58897	974.50620
S12_D3	6	0	258.04536	758.83871	465.70551	748.50372
S12_D3	6	1	112.44871	669.73201	358.51779	667.43672
S12_D3	7	0	1057.82833	847.15385	971.73971	857.69727
S12_D3	7	1	1153.85066	848.49380	1051.90719	863.50372
S12_D3	8	0	1727.42638	779.46154	1271.61828	804.06203
S12_D3	8	1	1555.70272	735.24318	1113.96301	749.12407
S12_D3	9	0	1036.22889	114.88089	1136.42289	114.30769
S12_D3	9	1	971.24634	159.09926	1076.57641	166.78908
S12_D3	10	0	1071.81926	843.38958	1081.50942	860.55335
S12_D3	10	1	1093.48011	832.00000	1088.20865	847.15385
S12_D3	11	0	1189.27565	964.67990	1213.81996	998.63275
S12_D3	11	1	1240.18981	945.25062	1256.24843	979.42680
S12_D3	12	0	909.61689	941.21340	741.94766	943.28536
S12_D3	12	1	812.25471	906.82134	671.38241	904.42680
S12_D3	13	0	854.44313	980.78908	618.44173	972.36476
S12_D3	13	1	718.44871	934.56079	504.10816	922.78660
S12_D3	14	0	593.13189	869.01985	520.62805	858.70720
S12_D3	14	1	480.13817	853.61042	429.74180	837.04467
S12_D3	15	0	1204.31612	928.87345	1159.49826	951.95782
S12_D3	15	1	1213.02512	948.07940	1192.32449	975.18362
S12_D3	16	0	974.11305	1019.47891	591.29728	1010.54591
S12_D3	16	1	805.96232	1011.43921	429.62247	995.35980
S12_D3	17	0	1098.18074	687.22829	1366.77669	705.68238
S12_D3	18	0	706.25750	878.62283	705.60642	872.87593
S12_D3	18	1	663.66574	743.58065	702.37404	747.50124
S12_D3	19	0	1564.35380	713.35236	1184.86811	728.25558
S12_D3	19	1	1833.35659	532.66501	1519.96999	530.14888
S12_D3	20	0	1327.03210	963.26303	1411.34194	1004.96278
S12_D3	20	1	1417.24843	934.45409	1579.49267	990.00000
S12_D3	21	0	91.77948	1002.95285	43.09839	954.51613
S12_D3	21	1	320.01605	980.37965	269.54850	945.56576
S12_D3	22	0	1184.58618	868.49380	1251.23657	894.70223
S12_D3	22	1	1254.92812	874.97022	1354.62805	905.19851
S12_D3	23	0	1570.52896	785.42184	1614.89532	822.07196
S12_D3	23	1	1694.91137	669.29280	1805.50174	695.50868
S12_D3	24	0	1507.74320	950.86352	1390.22959	996.47643
S12_D3	24	1	1468.21773	986.14888	1300.90649	1027.07196
S12_D3	25	0	1292.57711	1045.60794	1048.70412	1076.65012
S12_D3	25	1	1424.32868	934.83871	1275.83950	968.33995
S12_D3	26	0	1087.22819	920.24318	921.33426	930.98263
S12_D3	26	1	1423.48081	815.80397	1209.93719	841.12407
S12_D3	27	0	1396.79344	591.67494	1341.88207	600.10670
S12_D3	27	1	1215.39149	702.22581	1140.38241	715.79404
S12_D3	28	0	1737.55757	500.49380	1664.42080	497.90074
S12_D3	28	1	1839.60921	530.19603	1833.68807	532.06948
S12_D3	29	0	1471.19749	958.51365	1411.40056	1003.39950
S12_D3	29	1	1629.52268	969.00993	1567.04606	1026.40199
S12_D3	30	0	608.13189	800.12655	804.96441	800.71712
S12_D3	30	1	557.44103	803.47643	765.21563	802.50372
S12_D3	31	0	1196.70272	887.11166	1249.83810	914.88834
S12_D3	31	1	1274.86043	794.20844	1338.71458	818.18859
S12_D3	32	0	731.57292	872.34491	849.29588	872.67990
S12_D3	32	1	1050.31542	856.47395	1178.81089	874.86104
S12_D3	33	0	823.56734	837.46402	1005.04396	847.97022
S12_D3	33	1	1549.41452	904.17618	1578.57990	950.08933
S12_D3	34	0	1617.63643	893.64020	1670.98535	947.61042
S12_D3	34	1	1182.67411	979.40199	1232.01396	1008.53598
S12_D3	35	0	1036.91975	305.68983	597.94906	310.99752
S12_D3	35	1	857.15701	319.53598	432.92463	331.09677
S12_D3	36	0	574.94836	556.20844	382.40335	561.32258
S12_D3	36	1	467.53733	474.24814	272.08932	488.51861
S12_D3	37	0	37.29239	371.16377	133.31472	406.09429
S12_D3	37	1	315.92882	405.22581	387.16399	429.43672
S12_D3	38	0	931.69156	699.40695	1084.22749	709.22084
S12_D3	38	1	1009.84927	771.31762	1173.32729	788.05459
S12_D3	39	0	948.93719	828.93300	1120.16888	843.38958
S12_D3	39	1	1022.85206	820.00000	1196.98674	838.02978
S12_D3	40	0	321.90579	506.34739	305.30356	521.16377
S12_D3	40	1	405.64620	524.88337	414.05443	535.90323
S12_D3	41	0	977.89881	588.72953	928.16120	593.68983
S12_D3	41	1	862.00209	556.34739	790.60363	562.64764
S12_D3	42	0	1427.47244	611.01241	1413.89881	622.84864
S12_D3	42	1	1335.02303	556.74442	1351.59595	564.56079
S12_D3	43	0	1843.05652	336.76427	1159.05373	312.29032
S12_D3	43	1	1605.41312	105.43672	829.01465	76.54839
S12_D3	44	0	1532.95673	779.70968	1504.58967	812.55335
S12_D3	44	1	1388.25331	749.56079	1372.39149	775.03474
S12_D3	45	0	1684.44313	711.31017	1400.43545	729.56328
S12_D3	45	1	1467.30426	756.40199	1132.57781	770.97270
S12_D4	0	0	1286.96720	691.55831	515.91626	687.01737
S12_D4	0	1	1337.21144	691.55831	569.28681	690.81390
S12_D4	1	0	799.67481	350.43921	1117.06141	371.80149
S12_D4	2	0	348.72226	611.10670	607.62526	596.12655
S12_D4	2	1	451.66713	619.81638	694.26867	606.62283
S12_D4	3	0	1455.68109	366.81390	1311.37055	386.21340
S12_D4	3	1	1628.96790	287.75682	1473.25890	298.73945
S12_D4	4	0	957.86392	965.19603	535.65038	941.23821
S12_D4	4	1	752.42080	984.17866	266.11793	928.50868
S12_D4	5	0	1012.47872	511.46650	1180.64480	531.07692
S12_D4	5	1	1076.34473	507.89330	1245.85066	529.73697
S12_D4	6	0	219.88555	548.14640	473.22819	529.50620
S12_D4	6	1	138.34194	558.88337	410.66574	536.66998
S12_D4	7	0	1212.54920	576.03970	1444.70482	612.77667
S12_D4	7	1	1115.18702	555.71712	1332.60433	584.86104
S12_D4	8	0	328.33566	616.21092	319.66504	584.94293
S12_D4	8	1	177.37962	642.33995	189.92324	599.45906
S12_D4	9	0	297.81298	793.29280	108.52756	728.37717
S12_D4	9	1	177.45010	734.11166	79.49756	671.87593
S12_D4	10	0	500.76553	510.02233	714.79344	508.31514
S12_D4	10	1	206.53664	446.04715	479.74110	441.21340
S12_D4	11	0	893.84089	475.86104	854.17865	482.84864
S12_D4	11	1	793.92673	337.15385	738.85625	345.70471
S12_D4	12	0	382.20865	637.11911	370.14166	606.88337
S12_D4	12	1	632.05583	686.71960	582.10328	667.24318
S12_D4	13	0	519.49686	284.76179	506.77879	291.87097
S12_D4	13	1	628.91766	328.31017	635.62736	335.64268
S12_D4	14	0	173.31263	597.65012	148.42080	558.01737
S12_D4	14	1	384.25890	589.32010	347.53175	562.41687
S12_D4	15	0	336.00768	608.33747	399.94696	581.62283
S12_D4	15	1	79.41940	522.83375	235.59246	498.99256
S12_D4	16	0	1019.48779	1028.41191	555.95324	1009.65261
S12_D4	16	1	1078.64689	807.34243	880.72017	819.01489
S12_D4	17	0	1166.79972	983.19603	779.23587	988.88337
S12_D4	17	1	1792.49128	986.22333	1387.27495	1078.21340
S12_D4	18	0	803.67411	618.54591	1044.21912	629.80645
S12_D4	18	1	775.53733	611.17618	1022.78158	624.22333
S12_D4	19	0	420.33496	387.91563	665.64689	393.77916
S12_D4	19	1	349.09979	343.47395	603.12073	352.01737
S12_D4	20	0	538.59805	629.37965	588.03559	613.44913
S12_D4	20	1	387.64201	598.56079	463.42987	576.37717
S12_D4	21	0	1096.30565	744.08933	953.71389	757.31017
S12_D4	21	1	133.69295	580.90074	16.97139	539.17122
S12_D4	22	0	452.69505	803.26055	229.78367	744.97270
S12_D4	22	1	270.92254	820.23325	36.84578	746.53598
S12_D4	23	0	1155.57432	947.63027	755.44871	955.05707
S12_D4	23	1	1409.69853	960.13648	973.62038	1000.16873
S12_D4	24	0	381.50942	554.94293	440.19679	536.59553
S12_D4	24	1	657.95604	537.04963	728.29728	537.20347
S12_D4	25	0	1048.63433	503.15385	914.36078	511.52109
S12_D4	25	1	1058.90649	517.89330	1005.24703	530.95037
S12_D4	26	0	1030.22052	546.39702	930.82205	553.41439
S12_D4	26	1	912.53733	556.89330	812.91556	560.56079
S12_D4	27	0	1478.64620	544.93797	1475.68528	585.89578
S12_D4	27	1	1401.60502	464.31762	1375.64341	488.97270
S12_D4	28	0	459.30705	429.32010	496.81089	425.28040
S12_D4	28	1	297.40893	446.73945	396.09909	437.56328
S12_D4	29	0	608.28821	557.40447	571.28751	547.98759
S12_D4	29	1	438.79763	579.06700	422.78786	558.26055
S12_D4	30	0	498.39707	663.45409	456.05443	637.23325
S12_D4	30	1	383.39358	663.67742	330.77879	627.85360
S12_D4	31	0	1200.63154	308.47643	939.75785	311.49628
S12_D4	31	1	1366.77251	311.82630	1166.63852	317.52605
S12_D4	32	0	237.06909	652.64516	283.01186	614.15385
S12_D4	32	1	403.43336	644.82878	448.70621	618.17370
S12_D4	33	0	1618.28332	885.53102	1263.51082	950.91811
S12_D4	33	1	1707.60642	1001.21340	1225.77111	1077.99007
S12_D4	34	0	1260.16818	604.03970	1070.51989	628.01985
S12_D4	34	1	1400.62875	564.06452	1071.18981	584.69479
S12_D4	35	0	1257.24634	513.69479	1344.86602	540.69727
S12_D4	35	1	1413.56176	520.39454	1491.57920	554.99007
S12_D4	36	0	451.31682	688.95285	442.18074	656.91563
S12_D4	36	1	299.24424	619.49876	340.35241	587.46154
S12_D4	37	0	532.73552	610.55583	668.80112	602.10918
S12_D4	37	1	467.52966	558.07444	595.10956	548.95782
S12_D4	38	0	376.60572	405.21092	669.74250	408.21588
S12_D4	38	1	405.18911	453.89578	691.40335	456.45409
S12_D4	39	0	317.05373	480.64516	508.88067	474.24566
S12_D4	39	1	233.31333	416.77419	443.67481	416.18114
S12_D4	40	0	360.51082	524.80149	563.94976	514.82878
S12_D4	40	1	312.49965	476.33995	536.70621	470.38710
S12_D4	41	0	197.51640	483.03474	213.19679	457.36476
S12_D4	41	1	328.37474	530.15633	298.05373	501.13648
S12_D4	42	0	331.69435	591.78660	480.30565	570.00993
S12_D4	42	1	461.88276	596.69975	583.02722	580.28288
S12_D4	43	0	303.89812	645.22581	456.85834	619.14144
S12_D4	43	1	249.18772	620.88337	388.97278	593.01241
S12_D4	44	0	666.66504	561.60298	730.28821	557.91563
S12_D4	44	1	575.55548	522.07444	638.28542	515.48387
S12_D4	45	0	662.84857	587.27295	829.63992	591.84864
S12_D4	45	1	591.61340	577.00000	772.02652	573.75931
S12_D4	46	0	850.35380	607.19603	1036.16818	621.70223
S12_D4	46	1	888.09281	577.94045	1084.62596	593.56328
S12_D4	47	0	467.28751	238.08793	543.81894	249.18331
S12_D4	47	1	563.58256	279.66766	641.45516	289.15350
S13_D1	0	0	1278.61595	725.61940	498.22980	711.35448
S13_D1	0	1	1337.54565	723.60448	554.64113	711.85821
S13_D1	1	0	456.11647	504.03731	785.94648	511.48881
S13_D1	2	0	754.66364	326.73945	983.56943	345.97022
S13_D1	2	1	680.97209	328.30273	922.15980	349.54342
S13_D1	3	0	1046.77320	281.52605	1260.65666	296.34988
S13_D1	3	1	1021.53943	256.51365	1215.32519	270.89082
S13_D1	4	0	309.99232	185.12655	97.96371	213.27543
S13_D1	4	1	448.66643	222.19851	279.28960	244.54094
S13_D1	5	0	1527.67341	135.12407	1602.69295	114.67990
S13_D1	5	1	1592.43266	120.60794	1654.50035	94.58065
S13_D1	6	0	1503.60433	486.61538	1343.42080	500.62531
S13_D1	6	1	1755.88067	402.82630	1533.84089	407.90323
S13_D1	7	0	753.71528	596.10174	860.58548	605.11911
S13_D1	7	1	799.93999	601.90819	907.48011	612.71216
S13_D1	8	0	848.14934	98.05707	1088.71389	120.60298
S13_D1	8	1	920.05443	95.37717	1163.74529	112.33995
S13_D1	9	0	568.62666	632.79901	319.96860	615.93548
S13_D1	9	1	406.46057	441.64764	42.42847	431.47395
S13_D1	10	0	1329.90719	310.23573	1307.06141	314.94541
S13_D1	10	1	1452.27983	304.42928	1404.20028	305.56576
S13_D1	11	0	625.02442	753.34491	711.55059	749.06452
S13_D1	11	1	643.33566	753.56824	730.97837	750.85112
S13_D1	12	0	557.40126	675.70720	663.95394	671.75682
S13_D1	12	1	581.07188	673.47395	681.14864	670.86352
S13_D1	13	0	623.05373	678.61042	735.63573	677.56328
S13_D1	13	1	639.80181	679.50372	752.83043	680.91315
S13_D1	14	0	1123.76274	901.09677	929.16957	917.42680
S13_D1	14	1	904.31612	893.09677	625.93650	884.70968
S13_D1	15	0	994.30356	964.90323	624.78925	948.32010
S13_D1	15	1	1309.95534	1005.18610	913.67481	1030.86849
S13_D1	16	0	909.25541	969.67990	554.10188	955.36973
S13_D1	16	1	1219.81438	935.14144	847.80461	946.88337
S13_D1	17	0	1289.83043	558.62035	1281.17167	581.08685
S13_D1	17	1	1208.76971	581.62283	1151.20656	599.39950
S13_D1	18	0	846.60782	843.97022	841.54013	847.63275
S13_D1	18	1	738.30356	815.38462	768.29518	812.57072
S13_D1	19	0	1272.22749	345.54342	1480.68388	358.19355
S13_D1	19	1	1316.44243	347.55335	1515.07327	359.75682
S13_D1	20	0	1283.00140	541.56328	948.45150	547.94293
S13_D1	20	1	1540.13189	436.53102	1061.32519	436.21092
S13_D1	21	0	651.00279	845.59305	433.57572	821.11911
S13_D1	21	1	761.76343	786.85856	603.06629	775.33747
S13_D1	22	0	1191.11305	640.58561	983.35450	646.60050
S13_D1	22	1	1059.36148	592.79404	911.00279	602.60546
S13_D1	23	0	1280.02303	652.52854	1134.56734	668.14640
S13_D1	23	1	1426.06629	637.56576	1295.34892	661.66998
S13_D1	24	0	589.98535	546.82382	735.39218	555.47395
S13_D1	24	1	527.68248	576.52605	660.58409	578.25310
S13_D1	25	0	713.89812	584.63027	790.47174	591.75682
S13_D1	25	1	731.31612	611.42928	785.33566	616.76923
S13_D1	26	0	437.49895	427.37965	645.08234	443.91067
S13_D1	26	1	485.06350	427.60298	681.48151	443.91067
S13_D1	27	0	1449.62317	476.94045	1099.25471	483.49628
S13_D1	27	1	1660.20237	466.22084	1341.54361	472.77667
S13_D1	28	0	1390.42080	424.26303	1380.44941	435.89578
S13_D1	28	1	1494.03559	385.18114	1466.64620	392.12407
S13_D1	29	0	632.84927	592.24318	529.82973	590.05459
S13_D1	29	1	633.29588	653.21092	570.47174	648.56576
S13_D1	30	0	658.34403	831.54342	492.37334	809.69479
S13_D1	30	1	700.99581	807.20099	582.58967	788.70223
S13_D1	31	0	591.97627	902.15385	415.12352	870.74690
S13_D1	31	1	485.90509	938.77916	217.49616	890.39950
S13_D1	32	0	384.62387	318.48387	582.91626	341.74690
S13_D1	32	1	488.46197	336.79653	675.81228	357.82630
S13_D1	33	0	559.81996	960.62035	297.97697	915.41687
S13_D1	33	1	384.59386	1020.26551	32.75785	951.68983
S13_D1	34	0	1571.66923	924.84615	1264.09630	977.41191
S13_D1	34	1	1337.19609	927.97270	1027.61340	960.21588
S13_D1	35	0	1422.69714	941.21836	962.01605	968.24069
S13_D1	35	1	1117.94487	997.59305	667.75925	996.69975
S13_D1	36	0	1340.14096	901.79404	1007.87020	927.14640
S13_D1	36	1	821.55757	916.65012	684.11165	908.26303
S13_D1	37	0	625.76204	927.48635	496.60712	897.11663
S13_D1	37	1	311.48639	989.88089	149.39288	928.38958
S13_D1	38	0	1717.60991	77.71464	1865.32938	31.48883
S13_D1	38	1	1547.67271	95.35732	1637.55548	68.11414
S13_D1	39	0	687.57851	385.16377	932.68737	405.28288
S13_D1	39	1	386.66574	349.99007	657.77181	373.52357
S13_D1	40	0	1033.93719	694.63772	862.75227	702.66005
S13_D1	40	1	1772.53943	972.32258	1618.93719	1061.01737
S13_D1	41	0	711.17865	596.06948	818.00419	604.16625
S13_D1	41	1	739.31542	554.08437	850.83043	563.96774
S13_D1	42	0	1633.43475	446.55583	1643.93022	461.91563
S13_D1	42	1	1477.78925	390.72457	1482.25541	400.05459
S13_D1	43	0	1424.96371	180.46154	1483.44033	170.98511
S13_D1	43	1	1536.61759	96.93797	1615.19191	68.25558
S13_D1	44	0	1435.91277	493.11414	1289.33357	507.14392
S13_D1	44	1	1702.54222	523.26303	1562.24215	543.48635
S13_D1	45	0	1239.05443	649.98511	691.70412	633.92556
S13_D1	45	1	1118.13119	220.33747	669.48988	223.30769
S13_D1	46	0	1033.31612	464.90323	1060.27774	479.46650
S13_D1	46	1	957.39149	470.03970	982.78995	479.46650
S13_D1	47	0	859.52128	497.31017	912.09281	508.78412
S13_D1	47	1	780.47034	494.63027	849.56664	507.66749
S13_D1	48	0	1152.18772	699.75682	1002.65318	716.41439
S13_D1	48	1	1280.14306	721.19603	1110.28751	744.33002
S13_D1	49	0	1122.77251	650.86600	863.45150	653.61787
S13_D1	49	1	1008.88555	618.48387	731.92324	617.88586
S13_D1	50	0	870.87927	846.55583	802.00628	848.89578
S13_D1	50	1	802.77041	832.26303	710.89672	825.66998
S13_D1	51	0	1181.11445	902.50124	902.39498	919.31266
S13_D1	51	1	1022.34264	870.11911	732.90440	868.84119
S13_D1	52	0	696.03280	570.99007	760.18772	577.20347
S13_D1	52	1	720.37334	576.79653	802.16957	584.57320
S13_D1	53	0	1276.69505	843.84367	947.80251	856.16873
S13_D1	53	1	1167.72087	768.35980	884.60642	778.22829
S13_D1	54	0	1387.46267	916.85112	1115.17585	947.54342
S13_D1	54	1	1356.86950	867.94293	1155.14794	906.00496
S13_D1	55	0	831.26797	742.38710	794.41242	741.47891
S13_D1	55	1	740.38172	760.69975	708.88555	755.32506
S13_D2	0	0	1349.89114	696.45409	504.57362	654.30521
S13_D2	0	1	1408.17446	707.17370	565.53664	667.36973
S13_D2	1	0	1012.24564	509.22581	1294.20167	550.22084
S13_D2	2	0	1349.89812	329.51117	1569.17237	346.60298
S13_D2	2	1	1400.58897	340.00744	1627.45569	357.09926
S13_D2	3	0	1496.99372	291.13400	1570.38241	291.45658
S13_D2	3	1	1578.27774	313.01985	1673.99721	311.77916
S13_D2	4	0	1151.24703	481.81390	1299.19819	513.49380
S13_D2	4	1	1187.86950	498.11663	1350.33566	530.24318
S13_D2	5	0	1177.96650	318.42432	1310.85904	341.11414
S13_D2	5	1	1184.21912	350.80645	1328.50035	374.38958
S13_D2	6	0	857.20586	242.03474	915.85066	273.26799
S13_D2	6	1	956.13119	294.06948	1008.74669	321.50620
S13_D2	7	0	943.72017	374.97022	1089.26727	409.59553
S13_D2	7	1	988.82833	397.07940	1137.94836	429.47146
S13_D2	8	0	921.69156	446.69975	997.12003	473.73201
S13_D2	8	1	1002.08234	480.64516	1074.16120	509.24069
S13_D2	9	0	943.25471	539.49628	1048.15980	569.65509
S13_D2	9	1	1008.23726	573.88834	1108.67620	605.16377
S13_D2	10	0	1204.57781	417.88089	1281.79274	439.33002
S13_D2	10	1	1272.01675	451.37965	1363.96999	474.16873
S13_D2	11	0	1162.76064	321.69479	1202.90649	338.90074
S13_D2	11	1	1262.35590	344.25062	1296.47244	359.22333
S13_D2	12	0	993.20656	352.18610	1045.18772	375.86849
S13_D2	12	1	1068.01465	390.59801	1117.53943	411.82382
S13_D2	13	0	1272.86881	188.35236	1366.74948	195.83127
S13_D2	13	1	1357.27913	226.98759	1460.53873	231.33995
S13_D2	14	0	1299.89742	302.18610	1374.38032	313.25558
S13_D2	14	1	1401.94906	336.57816	1475.53873	346.08437
S13_D2	15	0	1436.94766	388.40943	1514.13747	398.43921
S13_D2	15	1	1540.11584	399.35236	1630.70412	409.60546
S13_D2	16	0	1303.80949	550.19107	1399.76971	575.66005
S13_D2	16	1	1383.53036	588.82630	1479.93719	622.78164
S13_D2	17	0	1301.92742	572.61538	1420.80042	607.75682
S13_D2	17	1	1238.73133	618.84367	1349.78856	656.44169
S13_D2	18	0	1268.82066	621.37469	1356.04117	656.44169
S13_D2	18	1	1353.00768	646.16377	1452.73343	682.79404
S13_D2	19	0	1117.78297	596.16377	1223.49965	628.35732
S13_D2	19	1	1176.51291	633.01241	1285.13259	668.77916
S13_D2	20	0	974.26657	602.04467	1096.63294	632.26303
S13_D2	20	1	1026.29728	638.22333	1147.99372	672.90819
S13_D2	21	0	526.14445	846.84864	528.91068	850.99256
S13_D2	21	1	321.14794	846.17866	373.93510	836.69975
S13_D2	22	0	489.75925	753.81638	504.29309	758.77916
S13_D2	22	1	622.40405	744.66005	621.30635	756.54591
S13_D2	23	0	825.20865	577.42928	826.21773	599.73945
S13_D2	23	1	841.28681	570.05955	889.86043	597.28288
S13_D2	24	0	1463.95813	888.29032	1478.67760	946.34491
S13_D2	24	1	1287.99163	861.71464	1282.16678	905.25310
S13_D2	25	0	1235.47313	611.11166	1259.30635	640.87345
S13_D2	25	1	1101.71179	553.94045	1142.06978	583.25558
S13_D2	26	0	1592.50803	803.19851	1756.53873	874.00496
S13_D2	26	1	1718.00698	763.66998	1901.46546	831.79653
S13_D2	27	0	1310.31612	648.85608	1511.07397	695.76923
S13_D2	27	1	1253.59595	651.98263	1457.03350	698.22581
S13_D2	28	0	1509.10119	680.30273	1666.42149	729.14144
S13_D2	28	1	1573.41382	620.00496	1732.96720	659.24069
S13_D2	29	0	1073.70412	763.99504	1134.51082	801.33251
S13_D2	29	1	987.73064	735.63275	1066.84857	770.73697
S13_D2	30	0	287.86950	793.70968	510.88835	805.14640
S13_D2	30	1	186.26448	796.38958	435.63364	802.24318
S13_D2	31	0	1616.95464	777.71216	1734.02442	839.51861
S13_D2	31	1	1751.60921	750.91315	1853.94068	813.61290
S13_D2	32	0	382.57990	770.00248	257.70482	757.63275
S13_D2	32	1	210.63294	736.28040	72.80600	720.78412
S13_D2	33	0	1705.40126	778.81638	1721.47941	833.93548
S13_D2	33	1	1769.93719	811.19851	1820.18144	876.59057
S13_D2	34	0	1145.43126	661.70968	1279.43126	701.73945
S13_D2	34	1	1178.92742	651.43672	1306.22819	691.68983
S13_D2	35	0	1666.83880	558.28288	1804.99651	588.69975
S13_D2	35	1	1709.04396	539.74690	1874.22191	567.48387
S13_D2	36	0	1547.47104	697.19355	1817.27844	757.36973
S13_D2	36	1	1488.96441	705.67990	1733.09142	767.19603
S13_D2	37	0	1559.62526	606.78660	1472.41242	629.69975
S13_D2	37	1	1824.31961	555.72705	1729.29100	566.80397
S13_D2	38	0	1490.19888	856.03226	1583.26797	919.82134
S13_D2	38	1	1420.97348	924.14640	1530.79065	993.74194
S13_D2	39	0	511.74180	789.85360	553.70272	796.71216
S13_D2	39	1	402.09770	750.32506	474.20516	759.86352
S13_D2	40	0	388.55129	588.23077	613.53105	618.51365
S13_D2	40	1	150.28193	585.32754	413.67062	613.15385
S13_D2	41	0	884.65387	328.25062	721.19609	344.06700
S13_D2	41	1	1036.94976	382.74194	912.79414	396.32506
S13_D2	42	0	1405.10049	746.38462	1262.15841	776.41191
S13_D2	42	1	1542.65806	693.23325	1376.26867	714.55087
S13_D2	43	0	1603.56874	990.34243	1530.53175	1063.25062
S13_D2	43	1	1403.67062	951.20347	1344.96301	1007.41935
S13_D2	44	0	257.12282	687.34988	373.34543	697.58561
S13_D2	44	1	143.23587	644.02481	315.06211	657.83375
S13_D2	45	0	219.38381	669.03722	350.34473	680.83623
S13_D2	45	1	145.02233	642.90819	317.29518	656.94045
S13_D2	46	0	960.18144	822.43921	353.10468	791.33995
S13_D2	46	1	732.99232	793.14640	155.16888	753.56079
S13_D2	47	0	1023.32589	373.97767	667.12352	376.38710
S13_D2	47	1	964.59595	322.61290	398.47802	310.89082
S13_D2	48	0	1088.32798	750.13648	833.70412	756.17618
S13_D2	48	1	824.80042	762.96278	561.91417	760.96278
S13_D2	49	0	1558.04327	674.98511	1308.12212	690.43176
S13_D2	49	1	1525.41172	544.37469	1145.30216	540.16873
S13_D2	50	0	332.56036	950.05211	271.73343	922.35236
S13_D2	50	1	193.21633	905.38710	156.95324	873.44417
S13_D2	51	0	349.90579	816.76427	37.73901	784.49628
S13_D2	51	1	463.05234	869.74938	265.66574	848.20099
S13_D2	52	0	1594.37125	741.49380	1249.94417	756.90571
S13_D2	52	1	1737.73482	766.28288	1313.58688	777.67494
S13_D2	53	0	1266.95534	758.16625	1034.70272	772.77667
S13_D2	53	1	1424.38730	745.21340	1142.11375	756.92060
S13_D2	54	0	211.58618	483.76427	252.10188	507.87345
S13_D2	54	1	317.65736	502.97022	323.33706	523.05955
S13_D2	55	0	835.22680	734.03722	715.91766	745.02233
S13_D2	55	1	778.95324	699.86849	626.81786	707.28040
S13_D2	56	0	854.65457	758.15633	737.13189	767.80149
S13_D2	56	1	886.36427	699.19851	740.25820	708.62035
S13_D2	57	0	994.94417	634.58561	670.72087	634.51613
S13_D2	57	1	1129.59874	578.53102	789.07397	578.90819
S13_D2	58	0	1152.46197	619.29529	925.82415	630.39206
S13_D2	58	1	1239.10537	567.70720	934.30984	570.09429
S13_D2	59	0	1125.59595	703.74442	935.88835	717.97767
S13_D2	59	1	1244.84229	620.89082	1053.12491	629.54094
S13_D2	60	0	1107.06141	704.41439	942.58758	723.78412
S13_D2	60	1	1194.82135	626.02730	1058.70761	641.15385
S13_D2	61	0	1492.69156	634.83871	1303.66294	650.14888
S13_D2	61	1	1598.76274	556.00496	1364.84927	560.81886
S13_D3	0	0	1329.16369	722.98507	509.11962	700.97015
S13_D3	0	1	1381.04197	722.98507	563.51626	704.49627
S13_D3	1	0	419.66737	539.07463	669.64533	547.54104
S13_D3	2	0	1250.80063	674.52985	1180.98426	699.85075
S13_D3	2	1	1332.39559	607.02985	1243.77545	631.00746
S13_D3	3	0	1228.58972	558.39552	1225.13746	583.20149
S13_D3	3	1	1132.38825	478.80597	1135.98741	499.07836
S13_D3	4	0	1191.98321	642.60821	1360.80693	677.54104
S13_D3	4	1	1129.02413	625.48134	1282.73767	656.88806
S13_D3	5	0	311.12592	449.51493	527.03778	458.73881
S13_D3	5	1	226.17314	421.64179	456.52361	433.21642
S13_D3	6	0	1613.60441	566.53358	1825.81322	616.44403
S13_D3	6	1	1532.00944	577.61567	1743.21091	624.00000
S13_D3	7	0	370.74187	500.76119	513.84470	505.20149
S13_D3	7	1	462.41028	551.13433	575.29276	552.21642
S13_D3	8	0	834.76390	749.48507	768.66107	748.05224
S13_D3	8	1	913.33683	742.09701	878.12592	746.70896
S13_D3	9	0	1130.54250	627.85821	806.68730	630.25373
S13_D3	9	1	1003.95278	572.11194	682.78384	568.79851
S13_D3	10	0	261.04092	521.52985	191.98216	508.17910
S13_D3	10	1	346.66527	571.56716	293.72403	552.17164
S13_D3	11	0	323.82267	44.83209	584.55404	103.76866
S13_D3	11	1	527.81007	77.57463	755.80273	121.90299
S13_D3	12	0	289.28227	141.66418	523.99895	187.83582
S13_D3	12	1	500.82476	225.28358	700.28437	257.85448
S13_D3	13	0	68.44806	137.14552	370.15320	193.89552
S13_D3	13	1	304.67051	213.71269	552.98636	253.83955
S13_D3	14	0	642.22560	275.33955	844.20357	296.32463
S13_D3	14	1	715.76180	291.96269	931.33893	320.50373
S13_D3	15	0	414.06191	319.66791	624.09864	343.17164
S13_D3	15	1	589.33998	343.34328	793.33263	370.87687
S13_D3	16	0	1249.91396	600.00746	1178.48688	622.46269
S13_D3	16	1	1439.63064	663.47761	1368.20357	699.02985
S13_D3	17	0	1558.98006	691.30597	1506.37671	739.17910
S13_D3	17	1	1736.27282	672.16418	1664.86569	728.09701
S13_D3	18	0	548.28437	502.80597	438.75131	498.31716
S13_D3	18	1	321.12802	557.20896	261.96222	539.11940
S13_D3	19	0	1336.42183	936.94030	1056.53935	968.67537
S13_D3	19	1	1700.90241	817.58209	1666.21826	886.82463
S13_D3	20	0	1204.91291	630.82090	1266.80273	663.82836
S13_D3	20	1	1225.39559	605.63433	1305.75341	642.00000
S13_D3	21	0	798.36621	632.05224	631.26548	624.72388
S13_D3	21	1	650.44281	475.52985	503.15320	464.50746
S13_D3	22	0	394.40399	558.27612	121.16159	539.45522
S13_D3	22	1	727.20672	690.67164	456.65058	672.85821
S13_D3	23	0	1051.91605	585.35821	1012.94544	602.68657
S13_D3	23	1	1177.16264	583.00746	1178.48583	609.73881
S13_D3	24	0	1215.07660	640.15672	1040.52781	654.82090
S13_D3	24	1	1034.32529	481.61194	878.28122	488.88806
S13_D3	25	0	1035.92550	468.00746	1138.99685	489.96269
S13_D3	25	1	1053.38615	460.28358	1175.59706	484.25373
S13_D3	26	0	930.60441	593.66045	918.88772	605.94030
S13_D3	26	1	790.07975	546.30970	765.26758	554.05597
S13_D3	27	0	162.37146	522.36567	346.53305	518.28358
S13_D3	27	1	62.30850	482.40299	270.64638	483.35821
S13_D3	28	0	1339.41973	132.91045	1091.26967	129.63433
S13_D3	28	1	1100.73767	104.37313	810.55614	107.47015
S13_D3	29	0	1023.60860	521.11940	872.86569	528.23134
S13_D3	29	1	821.46800	471.08209	686.50682	475.17164
S13_D3	30	0	522.43966	599.83582	431.89297	585.28358
S13_D3	30	1	348.50472	633.41791	287.17104	611.81343
S13_D3	31	0	264.13641	237.20149	385.66107	269.51493
S13_D3	31	1	343.38090	259.36567	476.32214	290.00000
S13_D3	32	0	645.80693	392.03731	447.88038	392.43284
S13_D3	32	1	349.69045	180.52239	137.63694	203.55970
S13_D3	33	0	1528.40818	553.60448	1242.97692	573.57463
S13_D3	33	1	1758.66002	592.76119	1520.23820	623.47761
S13_D3	34	0	458.65373	374.82836	529.03568	391.14179
S13_D3	34	1	552.67261	419.82836	622.71878	431.77612
S13_D3	35	0	879.39559	275.02239	856.40294	292.35075
S13_D3	35	1	784.70514	286.44030	778.83736	304.77612
S13_D3	36	0	694.30220	197.23881	517.68206	214.20149
S13_D3	36	1	527.41868	99.17910	360.20042	126.88806
S13_D3	37	0	272.70409	268.02239	359.73137	294.04478
S13_D3	37	1	134.36201	268.69403	262.69045	296.05970
S13_D3	38	0	1535.54879	644.50746	1552.32319	690.35821
S13_D3	38	1	1722.57922	556.85821	1771.58867	600.69403
S13_D3	39	0	1504.30535	272.97761	1738.00630	286.56716
S13_D3	39	1	1561.05247	318.98507	1818.92970	334.92537
S13_D3	40	0	1459.64638	242.08209	1677.56558	251.30597
S13_D3	40	1	1561.38825	319.32090	1818.92970	334.92537
S13_D4	0	0	1329.46964	730.61042	542.27425	667.33002
S13_D4	0	1	1390.43266	736.64020	603.90719	674.69975
S13_D4	1	0	849.46267	37.51861	1079.56734	24.78908
S13_D4	2	0	631.76274	285.26303	768.04466	299.99007
S13_D4	2	1	555.39149	276.55335	682.74110	295.52357
S13_D4	3	0	419.82415	182.85608	557.82484	221.69231
S13_D4	3	1	21.21424	83.24069	257.69365	173.88834
S13_D4	4	0	285.02512	231.80893	405.39358	277.26551
S13_D4	4	1	163.32240	133.54591	330.80879	201.33499
S13_D4	5	0	1552.05304	680.19851	1458.73273	654.73449
S13_D4	5	1	1572.15073	777.79156	1463.42219	760.81390
S13_D4	6	0	324.68318	450.17122	389.61619	467.11414
S13_D4	6	1	296.32310	510.02233	348.08095	519.81886
S13_D4	7	0	558.38451	788.39206	305.18911	761.38958
S13_D4	7	1	321.98255	752.75931	144.04187	730.00000
S13_D4	8	0	806.51082	857.30025	513.31542	822.91067
S13_D4	8	1	695.08025	918.71464	363.92254	875.83871
S13_D4	9	0	993.37613	429.20596	843.90928	410.49380
S13_D4	9	1	728.16888	368.12407	580.93510	366.16129
S13_D4	10	0	415.57851	290.68983	429.10258	318.30025
S13_D4	10	1	251.89393	304.31266	264.52477	340.63275
S13_D4	11	0	313.44382	486.48883	291.90161	497.45409
S13_D4	11	1	145.96301	375.04963	96.28402	404.99752
S13_D4	12	0	1575.47872	590.25062	926.87788	540.22333
S13_D4	12	1	1771.29728	423.41687	1166.10398	352.48139
S13_D4	13	0	767.32380	227.39702	811.34264	232.94045
S13_D4	13	1	871.38521	260.44913	906.24843	255.49628
S13_D4	14	0	1201.66294	186.41935	1181.80809	148.63772
S13_D4	14	1	1328.72505	248.95037	1338.12352	202.68238
S13_D4	15	0	570.15701	982.98015	153.71319	935.76923
S13_D4	15	1	848.16120	993.12655	367.85136	947.90571
S13_D4	16	0	976.50174	260.13400	924.18144	242.67742
S13_D4	16	1	891.86811	262.14392	854.28611	253.17370
S13_D4	17	0	1027.26029	381.17370	1070.51989	363.13400
S13_D4	17	1	933.91766	370.45409	976.28402	357.32754
S13_D4	18	0	1184.15073	528.14640	1074.28681	502.78660
S13_D4	18	1	1099.07048	504.25062	1005.73133	482.01737
S13_D4	19	0	1285.08583	552.26551	1228.42428	526.68238
S13_D4	19	1	1191.29658	536.40943	1154.28611	513.72953
S13_D4	20	0	1296.18283	642.27543	1186.15073	617.66501
S13_D4	20	1	1220.25820	603.64020	1128.09072	580.36973
S13_D4	21	0	1319.85345	584.88089	1094.79204	550.56824
S13_D4	21	1	1243.48221	634.23573	983.36148	601.26303
S13_D4	22	0	792.34543	551.84119	656.03350	540.59057
S13_D4	22	1	713.29449	519.23573	604.00279	511.78164
S13_D4	23	0	949.88137	641.58809	824.85415	621.43424
S13_D4	23	1	837.11096	601.38958	719.89951	586.59553
S13_D4	24	0	833.98465	625.06203	603.55618	605.57816
S13_D4	24	1	791.10956	558.51117	603.33287	545.50372
S13_D4	25	0	827.86602	969.36228	409.91417	927.33002
S13_D4	25	1	993.11375	948.14640	535.85973	911.92060
S13_D4	26	0	1432.92882	536.20099	1415.19888	501.41687
S13_D4	26	1	1356.33426	538.43424	1332.35171	508.78660
S13_D4	27	0	383.87788	115.36725	612.25680	162.57072
S13_D4	27	1	472.75436	114.69727	693.31752	153.86104
S13_D4	28	0	1296.36497	271.08933	1407.48988	231.31266
S13_D4	28	1	1253.71319	222.62779	1376.22680	181.06452
S13_D4	29	0	931.08444	517.26303	908.90789	506.61042
S13_D4	29	1	822.11026	511.00993	819.13817	504.37717
S13_D4	30	0	653.16957	464.91315	664.43126	463.40695
S13_D4	30	1	177.19609	652.04963	182.87509	648.75682
S13_D4	31	0	541.28821	207.65261	428.55059	231.30025
S13_D4	31	1	320.37055	157.02730	241.35241	203.00744
S13_D4	32	0	1239.19749	429.22084	1282.02233	400.54342
S13_D4	32	1	1342.58897	468.97270	1397.24913	434.48883
S13_D4	33	0	1072.33426	561.60794	957.83740	542.44169
S13_D4	33	1	1177.95883	476.52109	1085.12282	451.77171
S13_D4	34	0	476.21633	321.57320	540.79833	342.12903
S13_D4	34	1	623.15283	284.05459	674.11305	296.57072
S13_D4	35	0	347.18702	472.84615	416.30286	483.94541
S13_D4	35	1	480.05513	421.92804	538.89881	434.81390
S13_D4	36	0	326.16957	607.20844	342.94557	604.89578
S13_D4	36	1	333.31542	529.04467	377.78158	529.63524
S13_D4	37	0	1668.72366	626.10422	1645.39288	592.81390
S13_D4	37	1	1664.03419	484.73945	1656.33496	442.06948
S13_D4	38	0	1494.22540	788.77419	1354.99302	771.56328
S13_D4	38	1	1606.54920	814.45658	1503.26936	796.79901
S13_D4	39	0	883.77041	680.82382	547.73203	651.63027
S13_D4	39	1	1219.30914	849.55583	824.31752	817.68238
S13_D4	40	0	493.24634	260.35484	670.38311	288.47146
S13_D4	40	1	523.83950	326.68238	680.65527	347.87593
S18_D1_R	0	0	1310.56734	723.30025	513.40893	681.88089
S18_D1_R	0	1	1364.83112	727.32010	573.70202	687.91067
S18_D1_R	1	0	720.83740	412.70471	1054.45918	427.44417
S18_D1_R	2	0	989.74180	870.15633	1207.73203	869.85360
S18_D1_R	2	1	1044.45220	858.09677	1258.42289	859.35732
S18_D1_R	3	0	573.29588	674.08437	803.25680	672.78412
S18_D1_R	3	1	584.68458	717.18610	811.51919	711.86600
S18_D1_R	4	0	1472.83950	744.69727	1781.99581	742.82134
S18_D1_R	4	1	1520.40405	801.19851	1802.98674	805.12903
S18_D1_R	5	0	530.34264	1065.48387	674.35241	1035.11166
S18_D1_R	5	1	656.06490	1029.52854	795.60851	1009.20596
S18_D1_R	6	0	404.65248	976.57568	626.76134	949.27295
S18_D1_R	6	1	448.19749	939.50372	668.96650	917.78412
S18_D1_R	7	0	1197.83810	824.93548	1298.47662	817.80645
S18_D1_R	7	1	1301.00628	784.73697	1418.16957	778.50124
S18_D1_R	8	0	1431.52826	653.48635	1575.36218	635.98511
S18_D1_R	8	1	1528.89044	616.19107	1674.06420	591.09677
S18_D1_R	9	0	488.26797	860.19355	517.68528	835.58313
S18_D1_R	9	1	405.19749	888.33251	443.54710	859.03226
S18_D1_R	10	0	203.76204	990.06948	292.96650	944.30273
S18_D1_R	10	1	139.67271	969.52357	248.75157	925.54342
S18_D1_R	11	0	700.66364	951.71960	795.71319	935.59057
S18_D1_R	11	1	759.61689	948.14640	841.71458	931.12407
S18_D1_R	12	0	646.82763	992.86849	685.05024	968.25806
S18_D1_R	12	1	778.57920	900.85856	855.21075	887.63772
S18_D1_R	13	0	559.10956	883.41935	766.65318	867.49628
S18_D1_R	13	1	661.38451	860.86352	857.76274	850.74690
S18_D1_R	14	0	1002.16050	901.17370	807.16050	880.30025
S18_D1_R	14	1	904.15841	1069.28040	655.06141	1042.31762
S18_D1_R	15	0	1155.44941	922.65757	899.38311	899.75434
S18_D1_R	15	1	1405.52268	1038.46154	1054.10398	1024.93797
S18_D1_R	16	0	1469.89114	879.52854	1055.69505	857.90571
S18_D1_R	16	1	1218.70202	896.93548	785.07816	868.16625
S18_D1_R	17	0	873.57990	645.85608	304.00140	607.42680
S18_D1_R	17	1	1303.75297	636.87841	765.64829	599.97767
S18_D1_R	18	0	1213.17306	418.69479	651.68458	385.60794
S18_D1_R	18	1	971.70970	536.61290	646.70412	513.57568
S18_D1_R	19	0	1700.43405	377.34491	1809.18144	308.26551
S18_D1_R	19	1	1553.49756	456.84864	1645.49686	412.11166
S18_D1_R	20	0	1533.01396	309.46154	591.21982	244.21340
S18_D1_R	20	1	1601.52896	137.04467	978.77530	64.09429
S18_D1_R	21	0	1294.83182	482.10670	685.85904	440.73945
S18_D1_R	21	1	1026.48569	521.96030	538.99232	494.66253
S18_D1_R	22	0	977.50663	403.80397	699.12282	387.47891
S18_D1_R	22	1	1087.82066	423.00993	852.70551	398.06203
S18_D1_R	23	0	773.09351	684.28040	423.42428	659.89082
S18_D1_R	23	1	557.96162	740.48883	256.30356	716.76923
S18_D1_R	24	0	1029.37613	910.03226	748.32589	884.54591
S18_D1_R	24	1	932.90719	874.74690	560.79833	843.52357
S18_D1_R	25	0	635.26448	874.12903	441.80809	842.33747
S18_D1_R	25	1	786.22052	793.95533	625.59037	771.09677
S18_D1_R	26	0	379.68528	914.91067	382.99651	881.86352
S18_D1_R	26	1	183.97209	962.99256	197.20447	917.37221
S18_D1_R	27	0	1571.02373	618.73697	1486.22610	585.29777
S18_D1_R	27	1	1558.29518	652.01241	1537.14027	627.95285
S18_D1_R	28	0	573.30426	963.26303	716.87718	942.25558
S18_D1_R	28	1	618.18911	926.19107	759.52896	909.87345
S18_D1_R	29	0	1862.83322	374.65509	1333.84020	298.15385
S18_D1_R	29	1	1701.31542	542.18610	1344.04466	491.27295
S18_D1_R	30	0	1705.03419	830.70720	1725.27565	825.55335
S18_D1_R	30	1	1799.27006	837.40695	1891.86322	842.74938
S18_D3_R	0	0	1336.49686	727.66998	519.47174	704.46154
S18_D3_R	0	1	1389.42080	728.33995	573.06560	706.47146
S18_D3_R	1	0	1194.32519	516.37965	1481.87020	542.65012
S18_D3_R	2	0	410.90858	634.44913	429.83112	616.67246
S18_D3_R	2	1	305.28402	628.86600	374.45080	609.74938
S18_D3_R	3	0	1373.49128	509.81390	1360.97627	534.05707
S18_D3_R	3	1	1301.58618	552.69231	1279.24564	573.36228
S18_D3_R	4	0	1641.49895	530.04218	1723.08165	568.96278
S18_D3_R	4	1	1700.22889	519.76923	1817.98744	558.68983
S18_D3_R	5	0	974.32798	698.00000	838.89114	700.88834
S18_D3_R	5	1	736.08932	676.39702	590.82694	664.09926
S18_D3_R	6	0	790.10398	625.56328	775.49058	627.72953
S18_D3_R	6	1	658.57572	639.63275	663.83671	634.87593
S18_D3_R	7	0	1251.89602	294.72457	1464.24564	313.90074
S18_D3_R	7	1	1283.82903	284.22829	1504.44103	300.05459
S18_D3_R	8	0	1331.17027	285.79156	1565.40405	302.28784
S18_D3_R	8	1	1357.07397	287.57816	1598.23029	302.73449
S18_D3_R	9	0	1321.71179	391.90323	1424.79135	415.05955
S18_D3_R	9	1	1381.55827	364.65757	1493.34682	384.01737
S18_D3_R	10	0	850.75436	178.82382	1017.40405	203.33995
S18_D3_R	10	1	697.56525	195.79653	879.84648	223.66253
S18_D3_R	11	0	809.21912	187.08685	978.10188	210.03970
S18_D3_R	11	1	699.79833	196.01985	882.74948	224.55583
S18_D3_R	12	0	1165.28611	734.15881	943.59525	740.05955
S18_D3_R	12	1	1350.06350	479.84367	1032.17027	482.40943
S18_D3_R	13	0	593.06490	620.15881	599.54920	615.13400
S18_D3_R	13	1	488.33357	638.24814	530.10049	629.65012
S18_D3_R	14	0	1343.81926	475.44665	1335.92603	496.76179
S18_D3_R	14	1	1442.29798	439.04467	1486.65876	461.92308
S18_D3_R	15	0	1255.65666	517.33251	1179.16120	534.19355
S18_D3_R	15	1	1148.46895	516.21588	1111.27565	532.18362
S18_D3_R	16	0	1659.70482	541.06700	1696.41312	576.78412
S18_D3_R	16	1	1587.12980	535.93052	1633.21703	572.31762
S18_D3_R	17	0	1184.67760	840.91811	822.60921	839.91563
S18_D3_R	17	1	873.85764	829.01737	586.59735	809.92556
S18_D3_R	18	0	204.99651	716.52109	167.48081	672.64020
S18_D3_R	18	1	48.23447	731.03722	77.04117	680.00993
S18_D3_R	19	0	1313.35311	156.47643	1354.41172	162.86352
S18_D3_R	19	1	1412.27844	129.23077	1451.10398	125.79156
S18_D3_R	20	0	1044.61479	693.43672	980.46057	702.98015
S18_D3_R	20	1	1175.91975	718.67246	1104.39637	745.41191
S18_D3_R	21	0	941.78158	758.40199	796.21633	759.37965
S18_D3_R	21	1	969.02512	731.82630	870.13119	736.37717
S18_D3_R	22	0	656.54990	748.72953	517.03559	729.43672
S18_D3_R	22	1	506.26378	782.45161	387.96371	752.21588
S18_D3_R	23	0	430.92045	791.35980	324.21144	755.01985
S18_D3_R	23	1	259.86671	786.66998	168.78925	742.29032
S18_D3_R	24	0	612.67551	605.80645	765.51012	610.28288
S18_D3_R	24	1	547.46964	578.78412	711.02303	585.49380
S18_D3_R	25	0	379.22889	563.20844	337.47244	548.97519
S18_D3_R	25	1	172.19539	505.07692	152.35031	492.69727
S18_D3_R	26	0	598.77879	550.94541	506.32310	544.39206
S18_D3_R	26	1	728.52059	484.61787	644.32729	487.22084
S18_D3_R	27	0	1108.78227	584.76923	984.35520	602.05955
S18_D3_R	27	1	1005.39079	568.01985	923.61549	576.15385
S18_D3_R	28	0	1520.00768	580.89330	908.65387	576.60050
S18_D3_R	28	1	1372.19888	508.43672	946.34403	508.21092
S18_D3_R	29	0	572.98674	779.96278	269.09281	737.27047
S18_D3_R	29	1	306.79693	739.71216	29.92324	687.41687
S18_D3_R	30	0	271.00628	675.41935	292.48221	644.61042
S18_D3_R	30	1	121.61340	670.05955	181.27495	635.45409
S18_D3_R	31	0	560.55967	678.77916	520.07397	663.24566
S18_D3_R	31	1	413.84648	660.91315	391.67202	637.78660
S18_D3_R	32	0	1109.69086	535.48387	898.11026	540.88089
S18_D3_R	32	1	1302.62875	585.95533	1021.15283	594.03226
S18_D3_R	33	0	1153.46057	453.33002	1123.50733	467.90323
S18_D3_R	33	1	1194.10258	420.72457	1205.46127	443.33747
S18_D3_R	34	0	783.79274	573.30273	765.29867	578.00000
S18_D3_R	34	1	595.99093	588.71216	592.01186	583.35980
S18_D3_R	35	0	1339.16818	429.71960	1426.21633	452.30273
S18_D3_R	35	1	1433.62736	415.65012	1516.87927	438.00993
S18_D3_R	36	0	907.20796	463.07196	949.53733	483.20596
S18_D3_R	36	1	969.73412	423.54342	1025.68528	440.10422
S18_D3_R	37	0	1204.29867	878.99256	663.46267	876.15881
S18_D3_R	37	1	908.03210	839.67990	517.48221	813.62035
S18_D3_R	38	0	1334.11305	543.11911	1173.16120	560.69231
S18_D3_R	38	1	1230.72156	505.15385	1118.22749	519.37717
S18_D3_R	39	0	425.45848	688.03970	289.39009	655.96278
S18_D3_R	39	1	557.43336	638.46154	433.87020	619.78412
S18_D3_R	40	0	242.34334	675.00000	275.52826	642.62283
S18_D3_R	40	1	528.17027	619.87097	613.60921	618.98263
S18_D3_R	41	0	1406.22889	407.85360	1511.49197	428.66501
S18_D3_R	41	1	1326.28472	395.34739	1432.37334	416.93052
S18_D4	0	0	1287.35450	726.64020	502.56525	710.17122
S18_D4	0	1	1344.29798	730.66005	563.52826	716.20099
S18_D4	1	0	191.59805	410.66005	584.25680	428.36228
S18_D4	2	0	252.51012	713.10670	350.20935	685.37965
S18_D4	2	1	148.44871	698.81390	271.60502	669.30025
S18_D4	3	0	315.30635	727.68238	287.22121	699.52605
S18_D4	3	1	155.94278	712.15633	102.84717	673.72705
S18_D4	4	0	684.37334	341.88337	830.00488	361.23325
S18_D4	4	1	434.59525	372.16625	554.99302	388.16625
S18_D4	5	0	1570.14864	763.07692	1544.84648	817.75682
S18_D4	5	1	1733.83322	780.94293	1735.55129	850.58561
S18_D4	6	0	657.30356	722.44913	607.23378	713.59553
S18_D4	6	1	833.93999	634.68238	809.99721	640.56824
S18_D4	7	0	1202.43824	611.90323	1144.72087	631.26303
S18_D4	7	1	1381.30775	583.76427	1342.57153	606.25062
S18_D4	8	0	973.06141	520.23325	1018.77879	535.02978
S18_D4	8	1	1097.22052	541.00248	1144.05443	555.79901
S18_D4	9	0	1152.58548	361.68734	1365.45010	377.32010
S18_D4	9	1	1246.59805	355.21092	1474.87090	369.05707
S18_D4	10	0	834.30426	443.79653	1090.58548	461.32010
S18_D4	10	1	948.63782	430.39702	1193.75366	451.71712
S18_D4	11	0	1006.46755	355.55583	1151.89602	371.10918
S18_D4	11	1	1168.36567	331.43672	1328.30914	343.86352
S18_D4	12	0	506.13189	477.87345	669.52966	487.24566
S18_D4	12	1	359.64201	487.47643	556.31263	494.83871
S18_D4	13	0	1545.83950	396.28040	1863.50314	411.14392
S18_D4	13	1	1456.06978	396.28040	1746.48988	411.59057
S18_D4	14	0	1460.25541	135.23325	1720.36288	117.08933
S18_D4	14	1	1562.30705	126.30025	1843.85206	97.88337
S18_D4	15	0	1480.26518	573.50620	1601.00349	609.00000
S18_D4	15	1	1618.26936	574.17618	1754.63922	612.57320
S18_D4	16	0	1471.96162	371.02978	1472.29309	377.96278
S18_D4	16	1	1690.80321	350.03722	1708.99930	353.39702
S18_D4	17	0	1511.41800	153.58065	1118.02024	137.56079
S18_D4	17	1	1753.48360	167.65012	1405.19400	146.49380
S18_D4	18	0	1375.57920	590.80645	1257.75366	611.38958
S18_D4	18	1	1274.86741	586.11663	1199.69365	604.68983
S18_D4	19	0	1166.08863	496.45409	1233.93650	515.97022
S18_D4	19	1	1269.03350	509.40695	1351.61968	534.72953
S18_D4	20	0	1077.47941	456.33747	1046.42359	467.17618
S18_D4	20	1	947.51640	430.41439	940.57572	441.71712
S18_D4	21	0	702.35450	409.97022	806.27704	422.78412
S18_D4	21	1	603.20586	433.41935	712.26448	446.00993
S18_D4	22	0	890.36776	528.33251	869.01465	537.57320
S18_D4	22	1	739.41172	497.06700	723.41800	503.40447
S18_D4	23	0	891.29379	197.45409	576.42847	206.85360
S18_D4	23	1	1031.08444	180.25806	773.38590	187.87097
S18_D4	24	0	213.31263	522.78908	227.11793	514.83623
S18_D4	24	1	395.30844	486.61042	401.29798	487.81390
S18_D4	25	0	419.87160	561.97270	472.97906	559.82630
S18_D4	25	1	274.27495	536.29032	351.27634	531.68734
S18_D4	26	0	672.34264	331.40695	579.38102	342.89082
S18_D4	26	1	796.05513	335.42680	719.17167	346.46402
S18_D4	27	0	1034.27774	287.07692	1083.96720	297.61042
S18_D4	27	1	916.14794	264.96774	976.10956	279.74442
S18_D4	28	0	522.71528	571.14640	623.66574	571.60050
S18_D4	28	1	425.35311	558.41687	531.88625	557.08437
S18_D4	29	0	1785.03559	545.05707	1832.41521	576.37717
S18_D4	29	1	1631.62317	574.31266	1650.86602	608.31266
S18_D4	30	0	1383.39149	388.44913	1232.04327	399.44913
S18_D4	30	1	1474.50105	337.08437	1272.90858	339.15136
S18_D4	31	0	1127.83880	146.01241	996.57711	151.75186
S18_D4	31	1	1231.45359	74.99504	1058.21005	72.47146
S18_D4	32	0	909.87090	96.18859	545.98535	109.40199
S18_D4	32	1	761.43126	166.72705	418.53664	182.84367
S18_D4	33	0	1411.20726	246.88586	1317.54850	242.19603
S18_D4	33	1	1510.35590	229.01985	1380.29798	220.31017
S18_D4	34	0	1168.18214	361.24318	934.90928	366.39950
S18_D4	34	1	1025.48849	335.78412	773.01117	342.05707
S18_D4	35	0	1029.86043	429.96278	975.72435	444.40199
S18_D4	35	1	930.71179	375.47146	875.45918	388.57072
S18_D4	36	0	504.82694	528.84615	205.14864	517.20347
S18_D4	36	1	697.76483	502.71712	379.10537	496.88089
S18_D4	37	0	1150.35380	394.62283	1080.43057	404.23821
S18_D4	37	1	1175.36427	359.56079	1136.92742	368.05955
S18_D4	38	0	1244.70900	192.04963	1353.55827	192.57568
S18_D4	38	1	1302.99232	194.72953	1397.77320	192.35236
S18_D4	39	0	1319.07048	201.20596	1383.92812	196.14888
S18_D4	39	1	1404.82066	203.66253	1485.30984	198.82878
S18_D4	40	0	1548.91696	306.17370	1315.88555	292.65757
S18_D4	40	1	1606.97697	292.99752	1434.01535	287.74442
S18_D4	41	0	1320.53803	172.60298	1291.61200	167.49380
S18_D4	41	1	1418.57013	163.22333	1370.50035	149.38462
S18_D4	42	0	1742.69365	716.13400	1488.40265	741.29032
S18_D4	42	1	827.77181	279.98015	241.95534	279.50620
S18_D4	43	0	1421.77460	463.32258	849.19191	447.42928
S18_D4	43	1	744.93510	272.35980	168.77948	272.76923
S18_D4	44	0	1255.01256	321.81390	1399.97558	331.53598
S18_D4	44	1	1348.80181	313.32754	1507.83322	322.37965
S18_D4	45	0	1216.15701	293.67494	1403.54850	303.62035
S18_D4	45	1	1263.27495	328.51365	1446.20028	341.80893
S18_D4	46	0	1547.26518	365.47891	1749.16957	373.61042
S18_D4	46	1	1628.10258	366.81886	1840.50244	374.28040
S18_D4	47	0	549.37404	214.24318	750.90789	242.11663
S18_D4	47	1	480.14864	195.03722	681.23587	226.48387
S18_D4	48	0	220.40475	365.77916	426.62805	385.61290
S18_D4	48	1	120.36288	345.45658	344.45080	366.40695
S18_D4	49	0	369.32659	690.66005	321.81996	666.15633
S18_D4	49	1	267.72156	730.18859	196.32100	691.83871
S18_D4	50	0	707.79065	1042.48139	290.31403	1001.08933
S18_D4	50	1	1442.77251	748.92308	1261.10258	780.68238
S18_D4	51	0	1103.23657	603.79901	1119.45010	622.99007
S18_D4	51	1	1684.81228	577.83623	1829.41521	618.87345
S18_D4	52	0	1067.63433	642.04963	1093.69505	662.24566
S18_D4	52	1	1752.55827	545.76427	1864.61968	564.34739
S18_D4	53	0	274.45220	294.74690	486.53943	319.53350
S18_D4	53	1	197.85764	302.11663	447.68388	332.48635
S18_D4	54	0	857.60572	297.88834	873.85904	316.22829
S18_D4	54	1	930.85066	185.33251	887.03419	199.20596
S18_D4	55	0	1039.00628	519.02978	888.45220	527.13400
S18_D4	55	1	750.26378	484.02730	602.83601	486.99504
S18_D4	56	0	1281.07467	739.26551	1092.32868	764.00496
S18_D4	56	1	1060.52617	642.03474	860.53524	647.42928
S18_D4	57	0	1260.16050	429.15633	1433.72366	448.76923
S18_D4	57	1	1223.76134	385.83127	1412.06281	402.31762
S18_D4	58	0	863.81856	442.34988	984.01326	459.08685
S18_D4	58	1	950.68528	449.49628	1043.85973	465.11663
S18_D4	59	0	1083.56804	922.11414	728.76343	917.32258
S18_D4	59	1	811.96371	967.95037	472.94278	941.84615
S18_D4	60	0	1116.66643	581.71216	978.49267	593.61042
S18_D4	60	1	993.40056	665.01241	785.77809	666.41439
S18_D4	61	0	1013.70412	710.37717	849.22052	718.82382
S18_D4	61	1	895.53733	810.57816	644.63364	803.16873
S18_D4	62	0	1342.76064	403.99007	1216.00558	414.48139
S18_D4	62	1	1489.19051	351.08437	1390.12561	353.98263
S18_D4	63	0	1434.88625	159.24069	1667.68248	144.69479
S18_D4	63	1	1530.01535	177.10670	1785.36567	157.42432
S18_D4	64	0	1459.67341	186.93300	1769.49058	172.07692
S18_D4	64	1	1561.50174	194.97270	1900.34892	174.53350
S18_D4	65	0	1257.20796	673.56079	1276.11026	701.74690
S18_D4	65	1	1472.00558	614.37717	1582.46406	652.61290
S19_D1	0	0	1276.30565	692.43921	498.70761	685.18114
S19_D1	0	1	1323.87020	693.10918	549.62177	687.19107
S19_D1	1	0	941.69435	269.33002	1305.07327	283.96030
S19_D1	2	0	1108.58060	569.36725	1368.14375	599.97022
S19_D1	2	1	914.97278	601.74938	1164.93371	622.07940
S19_D1	3	0	1369.83810	600.89330	1300.59316	633.69975
S19_D1	3	1	1564.56246	599.33002	1493.75436	645.75931
S19_D1	4	0	1488.45987	697.13648	1343.66155	743.80645
S19_D1	4	1	1737.53105	733.97270	1499.97697	801.64764
S19_D1	5	0	671.53873	811.28288	605.39428	789.34988
S19_D1	5	1	552.06909	815.30273	511.38172	783.76675
S19_D1	6	0	330.06420	787.96278	271.77320	733.78660
S19_D1	6	1	198.08932	804.48883	108.75855	734.23325
S19_D1	7	0	828.80321	776.99007	632.72435	762.30769
S19_D1	7	1	722.28542	825.22829	444.25262	792.45658
S19_D1	8	0	940.56874	216.38213	1026.10119	226.94045
S19_D1	8	1	993.71598	190.69975	1131.94906	201.25806
S19_D1	9	0	589.31472	207.19355	146.04327	211.71216
S19_D1	9	1	758.35869	207.19355	371.56804	212.35980
S19_D1	10	0	688.18214	354.51613	511.94976	355.93548
S19_D1	10	1	510.65248	263.39950	350.94487	272.41191
S19_D1	11	0	717.08583	444.07444	416.56874	434.08437
S19_D1	11	1	613.02442	323.92556	254.22401	317.73201
S19_D1	12	0	705.78088	460.27047	696.80740	460.73449
S19_D1	12	1	802.91975	524.58809	812.92742	529.96526
S19_D1	13	0	960.65457	482.10670	937.48779	493.02233
S19_D1	13	1	1064.71598	434.76179	1051.59805	447.01737
S19_D1	14	0	1231.06629	325.58809	1077.38172	333.23821
S19_D1	14	1	1108.47034	330.94789	1004.36008	341.27792
S19_D1	15	0	1193.58548	618.64764	1179.62805	643.79404
S19_D1	15	1	1119.22401	616.86104	1075.34334	637.54094
S19_D1	16	0	954.56664	117.31514	757.95255	130.25806
S19_D1	16	1	1104.85276	171.80645	935.03559	178.71960
S19_D1	17	0	1491.26029	281.59305	1247.45359	284.54591
S19_D1	17	1	1315.29379	282.93300	1038.88416	287.00248
S19_D1	18	0	1521.36427	370.38710	1281.13259	385.88834
S19_D1	18	1	1703.81298	337.31762	1403.76343	350.82134
S19_D1	19	0	492.03280	632.66501	378.98395	603.50868
S19_D1	19	1	337.95045	575.38213	247.00907	546.89578
S19_D1	20	0	689.15492	562.95037	589.50454	553.89330
S19_D1	20	1	580.96232	499.63772	532.89602	490.58065
S19_D1	21	0	943.04187	611.61042	971.08863	623.18362
S19_D1	21	1	860.64131	641.42432	891.03280	647.63772
S19_D1	22	0	736.75017	404.09429	620.63503	410.92060
S19_D1	22	1	879.44382	358.53598	737.87160	365.69727
S19_D1	23	0	1130.16888	265.04467	659.86950	267.09677
S19_D1	23	1	942.59037	215.46650	623.35869	222.54342
S19_D1	24	0	611.59107	91.02233	584.21144	116.24069
S19_D1	24	1	759.64410	61.54342	721.54571	80.06203
S19_D1	25	0	403.26727	616.03474	63.87509	572.18114
S19_D1	25	1	409.29658	644.84367	170.39288	603.00000
S19_D1	26	0	903.88137	872.29280	749.29588	869.50372
S19_D1	26	1	648.99721	845.17866	545.99581	817.37717
S19_D1	27	0	418.55548	532.57320	376.30216	513.23325
S19_D1	27	1	533.55897	518.50372	523.23866	509.43672
S19_D1	28	0	375.03350	463.96278	447.33706	456.90571
S19_D1	28	1	267.62247	416.17122	392.84997	411.79404
S19_D1	29	0	1378.64271	640.56824	1353.40963	682.22829
S19_D1	29	1	1477.79135	600.14640	1510.61828	646.94293
S19_D1	30	0	1689.12352	315.75682	1428.76413	325.21588
S19_D1	30	1	1446.06141	345.37965	1317.90021	357.51861
S19_D1	31	0	1720.45290	571.76179	1831.31054	633.77171
S19_D1	31	1	1521.26239	529.55335	1575.84648	570.79404
S19_D1	32	0	359.78367	606.07940	456.71528	582.82630
S19_D1	32	1	111.33287	588.08685	231.93510	551.43424
S19_D1	33	0	470.36636	720.62035	483.68737	689.73697
S19_D1	33	1	212.01186	774.69231	239.62456	716.11663
S19_D1	34	0	901.89812	795.12903	739.51012	788.71712
S19_D1	34	1	798.06001	771.67990	545.68039	755.58809
S19_D1	35	0	1506.90021	354.92308	1815.21075	377.02978
S19_D1	35	1	1388.77041	314.05459	1665.59456	330.57816
S19_D1	36	0	1156.15283	439.32010	1069.31752	452.33995
S19_D1	36	1	996.48779	414.30769	913.00209	422.63772
S19_D1	37	0	668.50593	565.95533	659.12840	559.77916
S19_D1	37	1	817.00558	493.15136	832.63852	497.47146
S19_D1	38	0	1412.30705	642.33499	1303.67620	682.78164
S19_D1	38	1	1301.54641	515.93300	1153.60433	538.19851
S19_D1	39	0	1013.23587	666.17370	917.09072	676.50124
S19_D1	39	1	1113.94766	519.89578	1071.17306	534.68983
S19_D1	40	0	1262.90161	594.82630	1218.94906	623.39206
S19_D1	40	1	1059.24494	578.74690	1045.66225	595.92308
S19_D1	41	0	1224.85834	222.56328	1136.95464	229.82382
S19_D1	41	1	1291.18074	248.46898	1239.89951	254.61290
S19_D1	42	0	1547.65806	241.35236	1492.41312	245.28040
S19_D1	42	1	1469.05373	278.87097	1451.99442	287.48883
S19_D1	43	0	1622.01745	275.70720	1617.24006	284.77171
S19_D1	43	1	1553.46197	291.56328	1581.51082	300.18114
S19_D1	44	0	1510.74180	313.58809	1823.08444	329.41687
S19_D1	44	1	1536.64550	290.36228	1871.31891	298.59801
S19_D1	45	0	1621.27913	337.70720	1694.90579	353.53598
S19_D1	45	1	1661.47453	355.57320	1779.76274	370.95533
S19_D1	46	0	1539.19051	404.01985	1652.11933	432.80149
S19_D1	46	1	1566.02582	440.82630	1708.87788	473.62779
S19_D1	47	0	1255.54571	479.23325	1365.09002	507.33002
S19_D1	47	1	1331.91696	497.32258	1442.80112	528.99256
S19_D1	48	0	1217.17934	440.05707	1360.66643	462.34739
S19_D1	48	1	1140.80809	455.46650	1275.13957	476.19355
S19_D1	49	0	1126.96301	408.79156	1258.61479	427.95533
S19_D1	49	1	1199.76134	422.63772	1326.50035	443.58809
S19_D1	50	0	1506.84159	483.08685	1667.04257	520.92060
S19_D1	50	1	1476.47174	515.91563	1650.51779	560.00248
S19_D1	51	0	1185.82903	370.37965	1195.10188	383.75682
S19_D1	51	1	1282.96790	325.49132	1285.31821	340.20844
S19_D1	52	0	1295.47104	452.49876	1425.56804	480.59057
S19_D1	52	1	1332.31682	458.30521	1483.40475	487.06700
S19_D1	53	0	1431.87858	377.84615	1567.65318	399.91067
S19_D1	53	1	1514.05583	362.88337	1676.40405	383.16129
S19_D1	54	0	1529.24075	351.04715	1657.86950	368.64516
S19_D1	54	1	1426.96581	358.41687	1554.03140	375.79156
S19_D1	55	0	1396.34334	531.39454	1513.05443	572.17370
S19_D1	55	1	1357.04117	564.66998	1487.59735	605.44913
S19_D1	56	0	1176.41103	275.86600	904.90649	280.10422
S19_D1	56	1	1552.21214	174.88337	1317.10677	170.85856
S19_D1	57	0	1457.06420	517.64516	1535.15492	556.79901
S19_D1	57	1	1318.05513	511.61538	1411.21912	541.72457
S19_D1	58	0	298.18493	466.47395	311.46615	452.71960
S19_D1	58	1	399.00837	427.28040	450.47523	421.56576
S19_D1	59	0	727.35101	539.81886	940.01605	547.12903
S19_D1	59	1	831.85904	502.63524	1035.48011	516.31017
S19_D1	60	0	1210.28751	524.87841	1338.75436	553.90323
S19_D1	60	1	1307.76134	444.14640	1422.15980	469.48635
S19_D1	61	0	1735.07397	528.53846	1803.87579	583.48883
S19_D1	61	1	1501.27076	518.48883	1547.29518	559.03474
S19_D1	62	0	283.25541	636.11414	447.35799	608.17866
S19_D1	62	1	133.52756	594.24069	304.32938	561.61538
S19_D1	63	0	1440.33496	558.75931	1724.38241	610.39950
S19_D1	63	1	1522.73203	546.57072	1813.14724	604.03474
S19_D1	64	0	962.25541	575.66501	1209.06001	596.68983
S19_D1	64	1	904.64201	569.97022	1147.76204	588.65012
S19_D1	65	0	821.27983	540.66005	985.61479	549.03474
S19_D1	65	1	781.41940	535.30025	963.17237	544.34491
S19_D1	66	0	983.75436	601.86849	1174.57292	624.07444
S19_D1	66	1	928.82066	573.39454	1135.71738	593.59057
S19_D1	67	0	859.87160	571.74442	1049.93022	585.06452
S19_D1	67	1	798.57362	541.59553	993.65666	552.23573
S19_D2	0	0	1304.75715	631.92060	498.48779	632.02481
S19_D2	0	1	1363.71040	631.25062	554.76134	632.69479
S19_D2	1	0	771.00070	355.08685	627.98116	368.92308
S19_D2	1	1	598.49546	164.14392	429.34892	201.09429
S19_D2	2	0	766.16748	215.23821	601.65876	235.73945
S19_D2	2	1	737.69574	95.98263	482.74738	123.85360
S19_D2	3	0	1632.78856	531.22581	1720.36288	534.28040
S19_D2	3	1	1667.95953	564.72457	1773.62177	573.13896
S19_D2	4	0	1162.04536	704.08933	1046.12840	713.39950
S19_D2	4	1	1104.09700	690.35484	961.38311	700.33499
S19_D2	5	0	913.74459	522.21588	782.27006	525.88586
S19_D2	5	1	947.57572	555.37965	810.40684	562.73449
S19_D2	6	0	1433.58758	823.02481	1340.40405	852.58561
S19_D2	6	1	1233.95045	903.75682	1043.62805	922.26303
S19_D2	7	0	578.18423	411.40943	485.46546	429.34988
S19_D2	7	1	456.59316	352.78660	378.61270	376.08685
S19_D2	8	0	1503.66574	936.69479	1184.14027	967.81390
S19_D2	8	1	995.28193	1030.79156	232.06769	1015.01241
S19_D2	9	0	955.55129	541.95037	797.83740	547.52605
S19_D2	9	1	235.42498	504.54591	32.15632	514.81141
S19_D2	10	0	510.89323	576.38462	292.36776	576.99504
S19_D2	10	1	345.75715	593.13400	133.59595	592.73945
S19_D2	11	0	1566.88416	444.59057	1615.18493	439.14144
S19_D2	11	1	1611.09909	525.99256	1676.14794	527.91315
S19_D2	12	0	1668.10886	488.33995	1780.99093	483.65509
S19_D2	12	1	1760.89323	505.42432	1904.92673	506.09926
S19_D2	13	0	1816.49686	203.58065	1689.61619	157.31017
S19_D2	13	1	1519.72087	178.79156	1385.47104	150.94541
S19_D2	14	0	1621.23378	427.59305	1563.06001	416.83127
S19_D2	14	1	1752.87369	488.22581	1750.97348	482.48883
S19_D2	15	0	1634.63224	80.39702	1683.85206	19.09429
S19_D2	15	1	1762.25262	158.78412	1809.79763	103.51117
S19_D2	16	0	1583.02861	846.44417	1353.00209	879.52854
S19_D2	16	1	1782.66574	771.40695	1621.30635	804.82630
S19_D2	17	0	847.42638	352.47146	692.52408	364.83127
S19_D2	17	1	713.44173	422.81886	470.77948	433.50372
S19_D2	18	0	1783.00070	725.94045	1662.97418	753.96526
S19_D2	18	1	888.13329	845.03474	262.03070	833.48883
S19_D2	19	0	1276.14096	237.64516	1142.00907	228.26055
S19_D2	19	1	1403.09142	261.76427	1301.45080	245.67990
S19_D2	20	0	590.14794	95.09181	506.24564	132.06700
S19_D2	20	1	517.79623	237.79653	428.19958	272.42680
S19_D2	21	0	1055.03280	190.60794	986.75436	195.63275
S19_D2	21	1	967.60782	189.26799	883.58618	197.64268
S19_D2	22	0	1080.48988	122.60546	1071.83461	121.93548
S19_D2	22	1	997.41940	67.33251	979.05024	73.02730
S19_D2	23	0	1357.91417	300.82134	427.18981	291.65509
S19_D2	23	1	1747.23796	442.54342	881.20377	427.64020
S19_D2	24	0	1557.20447	538.47395	1500.27983	539.37717
S19_D2	24	1	1643.95953	694.91315	1608.47244	720.27047
S19_D2	25	0	1648.68109	750.13400	1623.89393	780.75931
S19_D2	25	1	1765.58269	731.03970	1797.40405	767.35980
S19_D2	26	0	1190.51082	354.85360	262.01675	354.99504
S19_D2	26	1	1790.88276	295.24069	865.84159	272.41191
S19_D2	27	0	1128.75436	167.30025	1009.02303	166.66005
S19_D2	27	1	1227.90300	153.90074	1134.29867	139.52605
S19_D2	28	0	1091.57362	120.06700	1026.44103	116.07692
S19_D2	28	1	1022.57153	111.69231	919.58828	114.73697
S19_D2	29	0	927.77739	161.27047	736.36427	172.01985
S19_D2	29	1	1047.35869	211.18362	904.18004	214.56328
S19_D2	30	0	1099.94766	197.44913	890.78158	195.80397
S19_D2	30	1	1224.88835	282.53598	1001.65387	274.52605
S19_D2	31	0	1661.33775	649.28040	1200.48709	655.59057
S19_D2	31	1	1359.87230	692.15881	965.34403	699.80893
S19_D2	32	0	1223.61061	773.10918	1013.64620	790.80893
S19_D2	32	1	1319.40963	837.76179	1117.48430	855.46154
S19_D2	33	0	1580.44592	571.11166	1545.65387	578.92556
S19_D2	33	1	1520.82275	604.94541	1423.39288	613.76427
S19_D2	34	0	1377.25541	400.42184	1224.22331	396.81638
S19_D2	34	1	1316.62736	502.25806	1108.99651	506.69231
S19_D3_R	0	0	1332.17655	723.63027	540.93022	714.44913
S19_D3_R	0	1	1385.10049	720.95037	591.84438	713.77916
S19_D3_R	1	0	1347.88555	364.46650	1779.31612	376.52605
S19_D3_R	2	0	1501.15771	763.67990	1571.20167	823.64020
S19_D3_R	2	1	1491.10886	733.19603	1569.19191	785.78660
S19_D3_R	3	0	788.91347	987.05211	412.81577	958.40199
S19_D3_R	3	1	827.43405	852.38710	515.31403	835.79653
S19_D3_R	4	0	1628.24843	709.56079	1697.92045	767.54094
S19_D3_R	4	1	1706.96441	711.90571	1820.51640	775.58065
S19_D3_R	5	0	1401.54920	729.28784	1414.99442	772.89330
S19_D3_R	5	1	1523.81019	659.94541	1587.49965	706.23077
S19_D3_R	6	0	1739.12073	215.15385	1773.62177	196.50372
S19_D3_R	6	1	1647.34124	180.65012	1713.32868	161.66501
S19_D3_R	7	0	321.98883	635.03970	348.94976	618.04963
S19_D3_R	7	1	196.71319	619.29529	236.40265	597.28040
S19_D3_R	8	0	1122.17725	980.90323	1058.22889	1008.43672
S19_D3_R	8	1	1112.79833	825.46898	1129.24075	851.99752
S19_D3_R	9	0	958.10398	715.15385	981.06001	730.30273
S19_D3_R	9	1	959.10886	624.70720	1012.54641	639.18610
S19_D3_R	10	0	1543.54152	730.36973	1810.13259	801.71960
S19_D3_R	10	1	1509.71040	713.28536	1752.18423	774.58561
S19_D3_R	11	0	905.34334	760.63524	939.82763	771.37965
S19_D3_R	11	1	818.25331	763.31514	869.48569	771.37965
S19_D3_R	12	0	814.74738	811.66005	697.14096	807.26055
S19_D3_R	12	1	896.47802	828.40943	808.68318	829.70471
S19_D3_R	13	0	1177.75157	638.15881	1250.95673	660.51613
S19_D3_R	13	1	1220.62666	609.34988	1310.57990	637.06700
S19_D3_R	14	0	1619.34822	577.39950	1842.95883	625.78908
S19_D3_R	14	1	1508.47592	547.58561	1709.30914	581.90571
S19_D3_R	15	0	955.12352	695.27295	1017.84717	709.70471
S19_D3_R	15	1	914.25820	659.42928	1003.44382	675.87097
S19_D3_R	16	0	714.44662	507.04467	753.01884	514.75434
S19_D3_R	16	1	879.91766	455.79156	930.54850	466.51613
S19_D3_R	17	0	1631.29239	627.68734	1655.71528	669.79901
S19_D3_R	17	1	1747.52408	589.83375	1843.96371	633.62035
S19_D3_R	18	0	1605.07188	726.26303	1875.11514	797.78412
S19_D3_R	18	1	1540.42428	661.61042	1797.73901	720.40199
S19_D3_R	19	0	1330.75925	649.96278	1325.55897	680.61787
S19_D3_R	19	1	1365.93022	558.84615	1399.58548	583.80645
S19_D3_R	20	0	847.17725	717.49876	928.42917	726.48883
S19_D3_R	20	1	821.05024	669.26055	939.48290	680.26055
S19_D3_R	21	0	637.51221	605.76427	689.98255	605.95533
S19_D3_R	21	1	722.25750	616.48387	800.18493	623.03970
S19_D3_R	22	0	1642.82484	830.58809	1149.66574	887.77171
S19_D3_R	22	1	1415.05094	742.15136	853.22470	754.11166
S19_D3_R	23	0	328.87858	450.42928	280.36288	449.47891
S19_D3_R	23	1	103.78437	398.84119	64.64759	402.24566
S19_D3_R	24	0	396.79274	505.46898	369.37962	505.18859
S19_D3_R	24	1	215.57851	457.56576	199.88904	456.28040
S19_D3_R	25	0	433.26239	583.44417	412.88346	576.79901
S19_D3_R	25	1	296.93301	553.63027	270.18981	543.97022
S19_D3_R	26	0	605.16748	583.09926	600.86671	584.49380
S19_D3_R	26	1	464.81856	540.55583	468.89184	533.24069
S19_D3_R	27	0	837.64620	637.96278	792.14515	638.35236
S19_D3_R	27	1	706.34124	583.02481	662.18004	582.40943
S19_D3_R	28	0	1112.77111	687.58809	1128.75157	707.13400
S19_D3_R	28	1	988.83531	646.04963	1010.17516	661.57568
S19_D3_R	29	0	1186.78786	784.80893	1139.46057	813.73449
S19_D3_R	29	1	1055.48290	736.23573	1009.49546	752.76675
S19_D3_R	30	0	1160.51221	818.15136	1048.87230	839.70720
S19_D3_R	30	1	1318.61410	890.84367	1175.15283	929.81886
S19_D3_R	31	0	1425.71738	752.69975	1408.24564	799.10918
S19_D3_R	31	1	1310.49058	706.13648	1325.51012	736.46650
S19_D3_R	32	0	1055.01117	840.92060	916.08444	852.59057
S19_D3_R	32	1	1676.49197	953.03970	1539.57502	1033.43672
S19_D3_R	33	0	1380.85973	914.68734	1307.18074	965.95285
S19_D3_R	33	1	1669.70761	781.32506	1763.57292	856.44913
S19_D4_R	0	0	1288.62387	690.00000	528.86811	683.59057
S19_D4_R	0	1	1346.90719	690.66998	582.46197	689.62035
S19_D4_R	1	0	807.92742	495.78164	1140.20935	513.20099
S19_D4_R	2	0	562.88038	809.56343	636.93075	782.69403
S19_D4_R	2	1	453.58342	793.94776	546.77335	763.04851
S19_D4_R	3	0	1270.37671	568.48881	1426.91710	604.50373
S19_D4_R	3	1	1221.52046	556.90299	1379.57188	588.88806
S19_D4_R	4	0	420.63484	652.04478	582.62749	632.90299
S19_D4_R	4	1	455.38825	680.25373	611.84050	661.11194
S19_D4_R	5	0	888.78489	516.72388	1100.20776	530.63060
S19_D4_R	5	1	864.10493	537.37687	1068.98006	551.78731
S19_D4_R	6	0	338.38510	753.44403	240.78909	700.32836
S19_D4_R	6	1	645.93914	535.19776	672.36936	532.88806
S19_D4_R	7	0	296.62644	985.29851	339.03463	911.02239
S19_D4_R	7	1	184.30745	1037.18284	244.84785	943.26119
S19_D4_R	8	0	916.01364	1023.07836	317.18678	984.29104
S19_D4_R	8	1	1173.89402	994.36567	524.69990	981.77239
S19_D4_R	9	0	1601.67891	756.85075	1426.63484	822.88806
S19_D4_R	9	1	1825.30955	780.52612	1609.97167	866.20896
S19_D4_R	10	0	1192.08604	143.05970	1029.02728	149.10448
S19_D4_R	10	1	1045.01364	101.75373	864.32634	109.81343
S19_D4_R	11	0	767.13012	332.04478	717.50892	338.62313
S19_D4_R	11	1	743.96118	296.78358	657.06821	300.84328
S19_D4_R	12	0	687.04617	420.19776	575.47324	417.20522
S19_D4_R	12	1	578.90241	386.64179	429.83316	389.18657
S19_D4_R	13	0	515.75551	297.08209	445.95068	304.55970
S19_D4_R	13	1	438.18993	278.44403	321.03987	283.40299
S19_D4_R	14	0	490.49843	464.83955	471.44596	457.60448
S19_D4_R	14	1	421.49528	449.22388	360.13431	438.96642
S19_D4_R	15	0	621.45331	537.88060	464.89822	522.58582
S19_D4_R	15	1	411.92550	548.96269	250.83736	525.10448
S19_D4_R	16	0	1420.77335	251.82090	1167.00839	254.58582
S19_D4_R	16	1	1224.34103	274.48881	971.58342	278.26119
S19_D4_R	17	0	1552.23190	347.02612	1404.24029	361.51119
S19_D4_R	17	1	1396.09339	346.52239	1284.86988	362.01493
S19_D4_R	18	0	1646.45016	515.28731	1667.81007	560.17537
S19_D4_R	18	1	1497.86674	553.06716	1506.13116	596.94776
S19_D4_R	19	0	982.40609	617.68657	964.72193	623.60075
S19_D4_R	19	1	883.18258	578.89925	872.54984	583.30224
S19_D4_R	20	0	1176.62434	497.32463	1395.44386	524.06716
S19_D4_R	20	1	1372.04932	451.98881	1667.42707	483.26493
S19_D4_R	21	0	443.40189	674.40299	379.52676	638.64179
S19_D4_R	21	1	210.70514	544.94403	158.41448	509.18284
S19_D4_R	22	0	351.74397	702.79104	438.02728	668.16791
S19_D4_R	22	1	254.53515	789.93657	325.70829	734.66045
S19_D4_R	23	0	1506.47324	649.17537	1215.71878	688.36194
S19_D4_R	23	1	1752.76915	654.71642	1336.60021	703.97761
S19_D4_R	24	0	1020.00525	383.09701	1285.50157	400.89552
S19_D4_R	24	1	951.00210	427.92910	1211.46170	445.22388
S19_D4_R	25	0	1486.33998	222.61567	1824.80588	219.82836
S19_D4_R	25	1	1403.23400	234.70522	1724.07135	233.93284
S19_D4_R	26	0	1151.54250	171.77239	1347.81112	178.32090
S19_D4_R	26	1	1273.93494	109.81343	1491.35782	107.79851
S19_D4_R	27	0	1493.98321	226.54104	1790.55614	228.92537
S19_D4_R	27	1	1402.81847	250.21642	1680.25184	259.14925
S19_D4_R	28	0	279.29591	477.56343	552.28856	473.38433
S19_D4_R	28	1	247.06086	463.96269	505.95068	457.76866
S19_D4_R	29	0	1144.65687	519.05970	1249.35887	546.54851
S19_D4_R	29	1	1264.02728	518.05224	1395.92760	548.05970
S19_D4_R	30	0	652.12067	383.51493	791.54669	393.41045
S19_D4_R	30	1	752.35152	317.52612	879.18573	330.94776
S19_D4_R	31	0	718.60546	273.70149	923.50892	290.64925
S19_D4_R	31	1	853.58972	271.18284	1055.47114	284.10075
S19_D4_R	32	0	912.94963	562.91791	833.43861	565.23881
S19_D4_R	32	1	659.60231	609.26119	585.12802	594.45522
S19_D4_R	33	0	1533.21196	668.26866	1645.49843	732.34701
S19_D4_R	33	1	1738.20672	660.71269	1905.39349	746.95522
S19_D4_R	34	0	732.62015	471.16418	868.13851	477.19403
S19_D4_R	34	1	844.93914	443.96269	996.57503	457.04478
S19_D4_R	35	0	1314.45331	407.23507	1200.79538	424.21269
S19_D4_R	35	1	1044.98846	444.00746	983.71249	454.94030
S19_D4_R	36	0	957.34418	344.83209	946.49843	350.71269
S19_D4_R	36	1	1052.53830	260.20522	1000.89507	275.15299
S19_D4_R	37	0	1082.75866	377.57463	1052.77335	392.52239
S19_D4_R	37	1	1183.99685	261.71642	1133.36097	271.62687
S19_D4_R	38	0	1452.68206	303.17164	1663.12697	318.23507
S19_D4_R	38	1	1367.05771	292.59328	1562.39244	307.15299
S19_D4_R	39	0	1570.03778	311.23134	1806.16999	323.27239
S19_D4_R	39	1	1469.30325	305.69030	1699.39140	322.76866
S19_D4_R	40	0	1515.13746	252.29478	1758.82476	259.29851
S19_D4_R	40	1	1415.41028	233.65672	1634.41763	237.63806
S19_D4_R	41	0	1564.07870	176.69030	1483.00525	173.08955
S19_D4_R	41	1	1455.78909	139.91791	1420.04617	130.77612
S19_D4_R	42	0	1272.05666	67.50000	1316.79224	53.39552
S19_D4_R	42	1	1209.60126	112.33209	1289.59391	113.33955
S19_D4_R	43	0	1398.71459	128.95522	1510.97167	124.42164
S19_D4_R	43	1	1261.71563	129.45896	1373.46905	127.94776
S19_D4_R	44	0	500.43652	510.47015	636.51731	505.72761
S19_D4_R	44	1	712.98636	412.74627	812.29906	416.06343
S201_D1	0	0	1314.67481	718.78908	554.96371	719.27047
S201_D1	0	1	1361.56943	718.34243	604.76134	720.61042
S201_D1	1	0	953.61619	620.47146	1319.74878	649.54839
S201_D1	2	0	192.56595	599.92804	322.31403	612.83375
S201_D1	2	1	306.67620	624.49380	433.74459	638.06948
S201_D1	3	0	232.11235	720.78660	536.66504	725.84615
S201_D1	3	1	179.63503	719.00000	491.78018	720.48635
S201_D1	4	0	1564.06211	972.15385	1486.45010	1034.66501
S201_D1	4	1	1639.09351	936.19851	1610.16260	1014.34243
S201_D1	5	0	233.26588	917.76923	361.62456	889.49876
S201_D1	5	1	162.47732	903.25310	333.93440	874.98263
S201_D1	6	0	1198.50035	778.36973	1254.70551	812.47395
S201_D1	6	1	1127.26518	775.91315	1205.57781	807.56079
S201_D1	7	0	205.41103	573.24318	514.17795	594.20347
S201_D1	7	1	308.13259	561.18362	603.05443	586.61042
S201_D1	8	0	270.39358	564.75682	568.21842	587.50372
S201_D1	8	1	204.74110	573.24318	513.95464	593.75682
S201_D1	9	0	675.20935	939.07692	928.89812	954.89330
S201_D1	9	1	611.78995	960.06948	863.24564	968.51613
S201_D1	10	0	374.95673	678.49380	552.53873	688.00000
S201_D1	10	1	313.77041	680.05707	499.61479	688.44665
S201_D1	11	0	1459.62736	947.51613	1495.22889	1012.10918
S201_D1	11	1	1395.31472	969.40199	1444.98465	1036.22829
S201_D1	12	0	863.03489	679.50620	1076.66574	705.75931
S201_D1	12	1	819.71319	686.20596	1032.00419	710.22581
S201_D1	13	0	781.08165	655.28288	980.81996	676.68983
S201_D1	13	1	822.17027	652.15633	1028.60782	675.79653
S201_D1	14	0	1464.20586	774.04218	1618.15980	825.63275
S201_D1	14	1	1525.83880	746.79653	1702.34682	797.04715
S201_D1	15	0	1165.55757	812.80149	1261.87020	851.23077
S201_D1	15	1	1118.66294	840.27047	1217.43196	877.13648
S201_D1	16	0	1540.46825	962.57320	1175.00209	1006.07940
S201_D1	16	1	1709.51221	944.93052	1308.54013	997.36973
S201_D1	17	0	754.07188	989.43921	942.01396	1007.19603
S201_D1	17	1	770.81996	944.10422	964.79135	967.22084
S201_D1	18	0	1211.15841	515.76179	899.30495	526.27543
S201_D1	18	1	1488.53315	344.14888	1059.66643	337.24318
S201_D1	19	0	993.14166	704.46650	1281.60712	739.33995
S201_D1	19	1	943.12073	718.75931	1232.25611	752.06948
S201_D1	20	0	1558.80181	554.64020	1794.58060	584.31514
S201_D1	20	1	1421.46755	587.69231	1616.38102	615.80397
S201_D1	21	0	1431.94487	431.91067	1308.21633	436.09429
S201_D1	21	1	1610.36776	448.43672	1390.39358	448.60050
S201_D1	22	0	1544.43336	899.59057	1639.41312	965.40447
S201_D1	22	1	1603.38660	799.31762	1677.59874	857.76179
S201_D1	23	0	469.27774	1034.74442	477.27774	1008.09429
S201_D1	23	1	403.62526	888.68983	406.93580	872.08933
S201_D1	24	0	1333.64620	562.28040	1559.06490	589.78412
S201_D1	24	1	1285.41172	587.06948	1511.05373	615.24318
S201_D1	25	0	1215.52617	645.98015	1446.08095	682.19355
S201_D1	25	1	1170.41800	677.24566	1390.47732	709.88586
S201_D1	26	0	1068.63712	812.71712	1178.82275	848.73945
S201_D1	26	1	1024.42219	836.38958	1107.36427	869.73201
S201_D1	27	0	1064.17097	759.56576	1172.79344	794.47146
S201_D1	27	1	1000.52826	781.22829	1093.07258	810.10422
S201_D1	28	0	799.21982	922.94045	464.41312	913.56576
S201_D1	28	1	747.85904	968.49876	440.29588	954.88089
S201_D1	29	0	1511.64620	571.49380	1727.85834	600.48883
S201_D1	29	1	1551.61828	539.55831	1782.56874	560.96030
S201_D1	30	0	471.41382	868.36476	477.64620	858.33995
S201_D1	30	1	394.81926	913.25310	411.77041	893.17866
S201_D1	31	0	1424.44452	600.98263	1643.10188	633.87345
S201_D1	31	1	1398.98744	603.66253	1611.83880	633.87345
S201_D1	32	0	1111.55548	739.03226	1304.61410	774.97767
S201_D1	32	1	1162.46964	709.55335	1360.88765	745.27543
S201_D1	33	0	1026.36357	655.38213	1261.31472	683.28288
S201_D1	33	1	979.24564	620.99007	1219.33287	650.90074
S201_D1	34	0	1050.25750	639.30273	1299.72366	669.43672
S201_D1	34	1	995.77041	615.18362	1241.66364	646.21092
S201_D1	35	0	1477.50593	916.87097	1502.25401	985.37221
S201_D1	35	1	1638.62526	800.33995	1766.09491	864.82134
S201_D1	36	0	1687.05583	571.43176	1770.82205	591.65509
S201_D1	36	1	1554.10119	704.75186	1607.86671	742.41935
S201_D1	37	0	1081.50803	304.99256	936.28402	319.50868
S201_D1	37	1	1255.68807	251.39454	1112.25052	253.40447
S201_D1	38	0	777.80670	177.48883	351.25262	219.68486
S201_D1	38	1	1045.77599	141.31017	603.81368	158.04715
S201_D1	39	0	870.06141	267.25558	493.97488	293.14888
S201_D1	39	1	1059.42638	253.63275	737.63992	269.19603
S201_D1	40	0	924.95743	682.33251	917.96441	698.72208
S201_D1	40	1	1033.26169	634.09429	1042.79344	659.64020
S201_D1	41	0	864.30495	756.41191	865.79763	775.03474
S201_D1	41	1	987.79414	707.95037	968.74250	735.05955
S201_D1	42	0	503.74180	989.93797	400.06141	967.48883
S201_D1	42	1	612.04606	945.04963	539.18214	937.56328
S201_D1	43	0	978.00349	485.57320	1025.89672	508.04218
S201_D1	43	1	1042.76274	460.78412	1110.75366	482.35980
S201_D1	44	0	1149.85973	504.33251	1203.33566	519.87841
S201_D1	44	1	1207.47313	489.14640	1280.60014	508.93548
S201_D1	45	0	1210.94278	551.53350	737.65248	560.67990
S201_D1	45	1	1483.82484	539.02730	1071.19400	554.95037
S201_D1	46	0	1622.06769	734.88834	1648.02791	780.73945
S201_D1	46	1	1553.73552	694.01985	1517.39288	735.85112
S201_D1	47	0	1517.15980	359.00000	1763.02512	354.60050
S201_D1	47	1	1554.67551	337.33747	1825.32798	329.81141
S201_D1	48	0	1089.76204	590.74690	1098.43894	614.47891
S201_D1	48	1	1211.68807	554.56824	1229.96720	576.96030
S201_D1	49	0	968.95255	592.08685	1154.26588	619.39206
S201_D1	49	1	1029.24564	575.11414	1221.70482	602.86600
S201_D1	50	0	1264.13050	947.22581	1339.94766	998.79901
S201_D1	50	1	1518.98814	777.41191	1634.24983	829.85360
S201_D2	0	0	1331.21773	699.85112	493.37753	660.81141
S201_D2	0	1	1383.47174	702.53102	548.31124	667.51117
S201_D2	1	0	803.90789	707.49380	1101.35380	753.05211
S201_D2	2	0	778.07188	670.85360	963.91905	704.74690
S201_D2	2	1	733.41033	647.62779	932.65597	683.53102
S201_D2	3	0	1569.42219	713.77667	1649.25611	757.95533
S201_D2	3	1	1660.08514	671.34491	1729.42359	713.29032
S201_D2	4	0	1624.93510	76.84119	1506.30495	40.23573
S201_D2	4	1	1753.33706	113.01985	1692.64899	66.13151
S201_D2	5	0	1214.12910	569.64268	1090.96511	583.16873
S201_D2	5	1	1366.64829	539.49380	1191.67690	551.23325
S201_D2	6	0	209.10258	636.67494	463.56176	658.92556
S201_D2	6	1	37.60223	600.71960	330.24703	625.42680
S201_D2	7	0	1375.87858	641.28288	1584.20935	686.28536
S201_D2	7	1	1307.09979	617.16377	1514.09072	661.27295
S201_D2	8	0	1415.62736	620.73697	1590.01535	660.37965
S201_D2	8	1	1364.26657	590.81141	1546.69365	630.67742
S201_D2	9	0	249.20935	688.25310	403.39358	697.76675
S201_D2	9	1	155.19679	676.41687	331.71179	687.27047
S201_D2	10	0	805.56525	564.33251	924.46057	595.98015
S201_D2	10	1	770.95255	542.00000	872.87648	570.96774
S201_D2	11	0	951.38521	552.71960	1078.98953	583.92060
S201_D2	11	1	914.76274	525.69727	1036.78437	557.34491
S201_D2	12	0	663.14096	612.40199	803.26727	643.25310
S201_D2	12	1	615.57641	604.36228	750.78995	632.98015
S201_D2	13	0	859.32589	593.83871	1009.27774	625.80645
S201_D2	13	1	833.42219	574.85608	981.14096	610.62035
S201_D2	14	0	697.90928	773.17370	655.97558	781.63275
S201_D2	14	1	447.33426	810.31017	399.14794	804.02978
S201_D2	15	0	392.81996	853.16377	341.85834	845.44665
S201_D2	15	1	379.19819	926.86104	263.03070	900.38462
S201_D2	16	0	1448.79833	338.31266	1488.24494	340.74690
S201_D2	16	1	1552.41312	342.10918	1612.40405	342.53350
S201_D2	17	0	842.56874	124.61538	1021.63712	162.63027
S201_D2	17	1	766.42080	100.49628	947.72226	148.56079
S201_D2	18	0	936.21773	539.23077	1130.34473	576.14640
S201_D2	18	1	962.56804	502.38213	1149.32589	535.72457
S201_D2	19	0	1146.72505	512.79901	1326.95673	546.99504
S201_D2	19	1	1072.36357	452.50124	1242.54641	485.13400
S201_D2	20	0	259.60782	661.45658	423.47244	674.57320
S201_D2	20	1	119.59386	667.03970	297.75017	677.02978
S201_D2	21	0	432.61479	849.63027	433.90858	843.94541
S201_D2	21	1	395.32240	823.05459	383.66434	814.24318
S201_D2	22	0	1154.95673	529.36228	1340.52966	564.95285
S201_D2	22	1	1070.76971	490.05707	1255.22610	524.75434
S201_D2	23	0	1066.97348	512.83623	1241.38102	546.86352
S201_D2	23	1	1081.26518	428.86600	1248.65318	459.70223
S201_D2	24	0	1029.08234	517.77916	1200.04327	554.42184
S201_D2	24	1	973.47872	501.25310	1135.28402	533.65261
S201_D2	25	0	1098.75436	495.89330	1271.72505	528.51613
S201_D2	25	1	1131.13398	468.42432	1291.15283	499.03722
S201_D2	26	0	1237.08304	642.68734	1434.61828	687.52357
S201_D2	26	1	1171.87718	591.99256	1352.66434	628.78908
S201_D2	27	0	977.62736	663.63524	1151.01814	702.59305
S201_D2	27	1	864.63364	646.66253	1051.19958	682.71712
S201_D2	28	0	1461.18911	747.97270	1243.14794	768.85608
S201_D2	28	1	1597.85345	746.85608	1362.84089	768.63275
S201_D2	29	0	1449.13050	724.74690	1332.69435	753.44665
S201_D2	29	1	1537.33706	710.23077	1441.44522	738.26055
S201_D2	30	0	800.59456	615.39702	649.47941	623.24318
S201_D2	30	1	854.85834	620.08685	730.54013	633.06948
S201_D2	31	0	894.60712	635.94293	832.37125	651.62035
S201_D2	31	1	975.66783	610.93052	890.20796	628.39454
S201_D2	32	0	1071.47872	759.41687	900.46895	770.42432
S201_D2	32	1	1144.72366	736.63772	1004.75366	756.80149
S201_D2	33	0	728.82763	860.80893	421.76902	841.62283
S201_D2	33	1	845.39428	842.71960	558.87997	836.48635
S201_D2	34	0	1144.20726	677.28288	1027.03210	693.06700
S201_D2	34	1	1237.54990	667.45658	1111.44243	688.82382
S201_D2	35	0	1127.90579	712.34491	962.27285	727.01241
S201_D2	35	1	1223.92812	719.71464	1065.44103	736.39206
S201_D2	36	0	1191.80321	813.55335	943.70482	825.17618
S201_D2	36	1	1077.02303	776.70471	823.11863	781.18114
S201_D2	37	0	574.17237	845.89578	506.31682	838.54591
S201_D2	37	1	445.32380	805.47395	390.19679	800.13400
S201_D2	38	0	303.08095	745.35980	493.26518	757.66998
S201_D2	38	1	396.87020	746.92308	580.57851	764.59305
S201_D2	39	0	772.20796	710.68983	960.77041	745.51613
S201_D2	39	1	844.55967	700.64020	1033.34543	738.59305
S201_D2	40	0	685.19888	687.24318	801.23866	714.49628
S201_D2	40	1	550.32100	679.20347	684.67202	705.33995
S201_D3	0	0	1352.91696	729.36973	528.14934	706.81141
S201_D3	0	1	1413.21005	729.36973	589.11235	708.82134
S201_D3	1	0	1357.53803	513.75931	1714.33357	556.68983
S201_D3	2	0	803.45080	668.26303	962.78925	683.18362
S201_D3	2	1	835.16050	668.26303	994.49895	683.85360
S201_D3	3	0	543.54850	699.36228	709.95673	695.35236
S201_D3	3	1	485.93510	685.96278	667.52826	681.95285
S201_D3	4	0	1413.71179	395.17122	1607.65248	419.49380
S201_D3	4	1	1474.00488	383.33499	1675.53803	404.30769
S201_D3	5	0	1501.47174	443.63275	1775.35659	477.11166
S201_D3	5	1	1548.81298	444.07940	1842.12561	478.00496
S201_D3	6	0	1450.95534	296.01241	1616.75925	308.94541
S201_D3	6	1	1521.29728	289.98263	1701.16957	302.46898
S201_D3	7	0	1529.55967	228.56824	1674.37264	230.11166
S201_D3	7	1	1616.64969	226.78164	1779.77390	224.30521
S201_D3	8	0	550.43266	378.91563	758.84927	396.15385
S201_D3	8	1	597.77390	367.30273	798.37474	387.89082
S201_D3	9	0	159.88835	769.39702	403.15073	736.78660
S201_D3	9	1	85.97348	778.77667	340.40126	739.01985
S201_D3	10	0	553.43196	484.43672	428.58897	477.36973
S201_D3	10	1	498.49826	440.44169	412.28751	437.61787
S201_D3	11	0	1021.44313	544.73945	1047.08304	559.50372
S201_D3	11	1	943.95534	529.55335	967.58548	542.30769
S201_D3	12	0	929.79204	668.52357	959.44243	684.19355
S201_D3	12	1	869.49895	684.82630	894.45987	691.33995
S201_D3	13	0	485.35171	873.68734	458.72087	839.98759
S201_D3	13	1	655.28890	887.75682	613.91975	867.23325
S201_D3	14	0	267.21842	898.79901	349.53733	852.67990
S201_D3	14	1	364.13398	868.20347	449.13259	832.80397
S201_D3	15	0	678.89602	781.67246	726.79065	776.49628
S201_D3	15	1	748.56804	769.61290	796.90928	772.92308
S201_D3	16	0	1054.01256	614.60298	1101.49895	631.89826
S201_D3	16	1	1158.29728	525.27295	1199.97767	545.24814
S201_D3	17	0	1644.06071	635.00496	1644.21493	679.77667
S201_D3	17	1	1794.34682	640.58809	1834.24983	695.18610
S201_D3	18	0	705.01256	678.72457	395.75157	653.79404
S201_D3	18	1	1041.63782	768.21340	678.78297	755.34243
S201_D3	19	0	1539.72226	637.50620	1689.12073	687.60298
S201_D3	19	1	1630.38521	618.30025	1794.74529	669.29032
S201_D3	20	0	1409.14794	622.16625	1639.07886	670.80149
S201_D3	20	1	1567.47313	571.91811	1831.79344	623.00993
S201_D3	21	0	555.65527	672.74194	599.64689	663.46154
S201_D3	21	1	467.00209	582.29529	492.01256	571.22829
S201_D3	22	0	766.19051	648.01489	722.32519	646.25806
S201_D3	22	1	571.73901	522.19851	519.44801	517.91811
S201_D3	23	0	202.88904	672.42680	350.04327	647.02978
S201_D3	23	1	119.37195	657.01737	258.93371	628.49380
S201_D3	24	0	1464.73133	647.98015	1623.90719	695.95533
S201_D3	24	1	1544.00558	640.83375	1716.80321	692.38213
S201_D3	25	0	1080.31682	546.56328	629.58967	538.09677
S201_D3	25	1	919.08863	578.49876	451.83671	564.22581
S201_D3	26	0	1022.55757	620.81638	1086.89881	638.50868
S201_D3	26	1	1075.25820	610.54342	1136.69644	630.91563
S201_D3	27	0	1112.92812	704.09677	964.21773	716.37965
S201_D3	27	1	1052.18842	669.03474	878.91417	671.26799
S201_D3	28	0	1232.13050	706.48635	1045.47034	724.09926
S201_D3	28	1	1330.16260	681.25062	1142.16260	700.87345
S201_D3	29	0	993.39149	858.54591	740.63224	855.16625
S201_D3	29	1	1111.29798	845.59305	849.38311	849.58313
S201_D3	30	0	991.87858	809.01737	636.43196	800.22084
S201_D3	30	1	885.80740	864.17866	504.45708	837.73945
S201_D3	31	0	994.55827	896.56079	653.84997	881.06452
S201_D3	31	1	849.18493	887.85112	526.56455	862.75186
S201_D3	32	0	1425.64341	906.08933	1091.70202	933.62531
S201_D3	32	1	1566.55059	882.19355	1226.35659	920.44913
S201_D3	33	0	337.56943	707.18362	394.68458	683.11663
S201_D3	33	1	262.76134	731.97270	318.09002	697.85608
S201_D3	34	0	992.72575	971.71464	494.51012	937.13648
S201_D3	34	1	813.63294	902.93052	343.33077	856.29280
S201_D3	35	0	1162.98325	515.63524	1223.85694	540.90074
S201_D3	35	1	1239.80112	529.70471	1307.15073	555.19355
S201_D3	36	0	1381.98535	585.76427	1403.54710	614.16129
S201_D3	36	1	1451.88067	554.05211	1472.77251	585.12903
S201_D3	37	0	1652.20586	559.49628	1755.42219	601.23573
S201_D3	37	1	1721.65457	526.89082	1863.72645	566.62035
S201_D3	38	0	1754.59037	802.25806	1539.21842	855.45409
S201_D3	38	1	1666.38381	687.91563	1542.79135	730.16873
S201_D3	39	0	473.84159	339.82630	558.34473	354.35980
S201_D3	39	1	355.93510	319.50372	452.27355	336.49380
S201_D3	40	0	1757.48360	736.94045	1712.49895	801.34988
S201_D3	40	1	1709.73343	488.26799	1873.63015	519.17866
S201_D3	41	0	629.74320	949.35236	518.42149	915.33251
S201_D3	41	1	1840.05583	300.88337	1905.26169	309.01241
S201_D3	42	0	625.76134	948.81141	517.82903	913.99256
S201_D3	42	1	1347.26797	666.42680	1277.48081	694.02978
S201_D3	43	0	1012.41103	359.38958	1074.93440	376.90571
S201_D3	43	1	1108.65666	345.99007	1174.97627	359.26303
S201_D3	44	0	890.03210	438.54591	848.25401	446.89578
S201_D3	44	1	1023.57013	411.74690	982.90858	421.21340
S201_D3	45	0	601.44103	446.82382	699.34403	454.89578
S201_D3	45	1	703.04606	434.31762	801.61898	448.19603
S201_D3	46	0	590.94696	567.31017	658.70342	566.22581
S201_D3	46	1	696.12491	554.13400	757.85206	560.64268
S201_D3	47	0	859.76343	593.13648	961.99163	608.85608
S201_D3	47	1	934.57153	587.10670	1047.51849	604.61290
S201_D3	48	0	919.26867	537.32754	1034.12003	555.92804
S201_D3	48	1	994.96999	534.64764	1112.72435	558.16129
S201_D3	49	0	1107.50105	524.43672	1255.28402	550.65261
S201_D3	49	1	1199.05722	525.55335	1349.96650	552.43921
S201_D3	50	0	1280.17795	414.31266	1309.26308	432.15633
S201_D3	50	1	1415.27913	387.73697	1439.00488	403.12407
S201_D3	51	0	1259.54641	489.68238	1404.75157	515.56576
S201_D3	51	1	1343.51012	470.92308	1499.21075	499.26303
S201_D3	52	0	207.28472	398.25310	353.49826	407.63275
S201_D3	52	1	309.11305	388.65012	439.69505	400.03970
S201_D3	53	0	349.87997	604.37221	563.68458	599.72208
S201_D3	53	1	233.75994	591.41935	467.21563	583.86600
S201_D3	54	0	1355.50733	454.85360	1657.68318	490.30273
S201_D3	54	1	1464.70482	455.74690	1787.42498	490.74938
S201_D4	0	0	1297.83880	707.10174	472.96581	708.00000
S201_D4	0	1	1355.45220	712.46154	531.24913	712.01985
S201_D4	1	0	1438.61689	507.39206	1709.21005	515.51613
S201_D4	1	1	1407.80042	460.04715	1665.66504	460.80149
S201_D4	2	0	940.84717	707.91315	1011.72226	717.62283
S201_D4	2	1	1029.50035	690.49380	1113.99721	704.00000
S201_D4	3	0	1097.29588	487.65012	1425.01465	499.53102
S201_D4	4	0	1405.78995	738.94293	1132.73273	753.53102
S201_D4	4	1	1570.14445	792.54094	1217.81298	814.72208
S201_D4	5	0	346.19539	495.55583	514.48779	512.11414
S201_D4	5	1	405.14864	479.69975	563.16888	497.37469
S201_D4	6	0	475.04396	481.03970	606.49058	498.26799
S201_D4	6	1	542.70621	474.33995	672.14306	490.00496
S201_D4	7	0	359.14724	401.53598	468.18632	426.85112
S201_D4	7	1	435.51849	403.54591	524.90649	425.73449
S201_D4	8	0	993.62387	477.69479	1113.77041	486.04715
S201_D4	8	1	1046.54780	479.03474	1165.80112	486.71712
S201_D4	9	0	1088.52966	513.87345	1233.46336	522.44913
S201_D4	9	1	1144.57990	515.88337	1287.72715	524.90571
S201_D4	10	0	1365.70272	405.90571	1455.07048	402.02233
S201_D4	10	1	1445.87020	387.59305	1541.04396	379.01985
S201_D4	11	0	1272.31542	587.34988	1481.26727	601.88586
S201_D4	11	1	1316.75366	579.75682	1525.03559	592.05955
S201_D4	12	0	1429.72226	520.93052	1633.49267	528.62035
S201_D4	12	1	1485.54920	522.94045	1700.48500	529.06700
S201_D4	13	0	472.24703	319.20596	622.86881	351.02730
S201_D4	13	1	494.80112	305.35980	629.34473	331.15136
S201_D4	14	0	1184.53803	638.09677	1268.04327	652.00496
S201_D4	14	1	1236.56874	660.20596	1332.80251	676.34739
S201_D4	15	0	983.89812	565.90819	1179.76064	573.63027
S201_D4	15	1	1028.55967	539.77916	1225.98535	552.19107
S201_D4	16	0	714.04275	691.74516	626.31350	694.57079
S201_D4	16	1	836.08801	646.67809	775.71836	652.99106
S201_D4	17	0	475.92882	431.60546	416.10398	450.11911
S201_D4	17	1	344.40056	325.52605	283.68248	358.77916
S201_D4	18	0	970.04257	234.88089	760.70970	244.37469
S201_D4	18	1	1069.86113	261.90323	843.55687	264.69727
S201_D4	19	0	964.90649	284.68238	825.69225	293.28288
S201_D4	19	1	1057.57920	277.98263	904.51989	282.56328
S201_D4	20	0	749.46895	478.50372	370.98186	488.32010
S201_D4	20	1	871.39498	454.60794	530.87020	463.75434
S201_D4	21	0	838.90440	503.35236	674.17865	509.57568
S201_D4	21	1	946.98535	490.62283	784.93929	499.97270
S201_D4	22	0	1105.36357	556.98015	1014.17097	563.50372
S201_D4	22	1	1175.70551	534.20099	1064.86183	540.72457
S201_D4	23	0	1039.71110	566.80645	836.86462	574.00000
S201_D4	23	1	1142.20935	581.54591	917.03210	586.95285
S201_D4	24	0	959.81926	661.25558	913.03210	670.84615
S201_D4	24	1	1031.94766	641.37965	967.51919	648.96030
S201_D4	25	0	517.36218	495.80893	523.49895	509.67246
S201_D4	25	1	604.67551	525.06452	598.75366	534.23821
S201_D4	26	0	509.76971	626.00744	429.70970	627.14144
S201_D4	26	1	606.90858	632.70720	525.50872	636.07444
S201_D4	27	0	296.91626	676.08189	207.28472	670.62283
S201_D4	27	1	400.08444	684.56824	286.55897	681.34243
S201_D4	28	0	453.87858	650.15385	615.28611	654.73945
S201_D4	28	1	406.98395	637.42432	569.73133	642.00993
S201_D4	29	0	519.85973	919.22333	363.97558	898.18610
S201_D4	29	1	460.90649	910.06700	272.64271	885.67990
S201_D4	30	0	22.33077	757.21092	101.60502	739.59305
S201_D4	30	1	85.08025	789.14640	135.10119	765.27543
S201_D4	31	0	1103.44033	532.17618	996.69923	538.30521
S201_D4	31	1	1258.86253	492.42432	1146.09211	497.88337
S201_D4	32	0	389.72296	619.27295	368.50872	622.85856
S201_D4	32	1	508.07258	461.65757	421.42917	476.85608
S202_D1	0	0	1303.96371	711.03970	527.07118	671.61042
S202_D1	0	1	1361.57711	720.41935	585.35450	681.66005
S202_D1	1	0	475.64550	336.32010	830.34473	368.01985
S202_D1	2	0	1539.01465	307.23077	1736.21773	245.78412
S202_D1	2	1	1526.95604	371.99504	1749.61619	314.79156
S202_D1	3	0	436.39358	552.49628	573.41312	556.77916
S202_D1	3	1	145.32240	314.13648	303.10956	360.62779
S202_D1	4	0	1448.09979	346.64516	1695.89812	296.78164
S202_D1	4	1	1516.43196	396.89330	1785.89114	349.03970
S202_D1	5	0	1477.22749	572.94293	1727.67411	548.68238
S202_D1	5	1	1510.72366	548.37717	1773.45220	524.11663
S202_D1	6	0	617.51012	921.43176	734.38381	904.90571
S202_D1	6	1	531.53664	902.22581	679.22680	884.35980
S202_D1	7	0	1159.47104	799.79901	1321.60712	800.10670
S202_D1	7	1	1125.97488	790.19603	1285.43126	786.93052
S202_D1	8	0	612.08165	624.30769	888.15003	628.67742
S202_D1	8	1	647.58758	632.12407	927.22889	636.27047
S202_D1	9	0	1269.15911	584.69479	1341.71179	567.60298
S202_D1	9	1	1376.57013	614.17370	1446.66643	595.51861
S202_D1	10	0	262.32729	213.95782	415.76204	266.62531
S202_D1	10	1	187.51919	119.93797	337.82763	190.69479
S202_D1	11	0	351.29867	563.51613	445.61968	573.65261
S202_D1	11	1	90.42917	493.51117	248.66225	522.06452
S202_D1	12	0	604.09979	602.64020	855.14934	607.66005
S202_D1	12	1	658.81019	610.00993	908.96650	611.90323
S202_D1	13	0	669.33357	607.96278	905.68388	611.20347
S202_D1	13	1	715.55827	615.33251	954.81158	616.33995
S202_D1	14	0	1466.40335	630.80893	1407.77320	605.02233
S202_D1	14	1	1361.89532	543.48883	1255.70063	516.80893
S202_D1	15	0	770.59735	502.74938	628.43266	497.98263
S202_D1	15	1	662.29309	416.09926	484.62247	417.58561
S202_D1	16	0	1255.51151	513.87593	1152.51082	486.77916
S202_D1	16	1	1169.31472	484.62035	1122.81089	457.30025
S202_D1	17	0	698.51989	665.82630	736.05443	658.00993
S202_D1	17	1	611.20656	673.86600	639.80879	665.82630
S202_D1	18	0	1000.61898	520.56824	645.12282	497.67990
S202_D1	18	1	736.96441	489.81886	366.28332	478.99007
S202_D1	19	0	802.73133	636.18859	796.68179	624.67494
S202_D1	19	1	884.46197	571.87097	893.15073	562.59057
S202_D1	20	0	729.18981	654.97519	593.84508	642.12159
S202_D1	20	1	770.27844	615.22333	681.82833	604.37965
S202_D1	21	0	1564.11305	947.52854	1437.83112	948.56079
S202_D1	21	1	1437.72087	878.07444	1365.92603	870.39702
S202_D1	22	0	1037.75297	785.07196	1018.31542	772.73945
S202_D1	22	1	924.08932	738.62035	937.92463	726.06452
S202_D1	23	0	952.22819	824.71464	998.88765	813.83127
S202_D1	23	1	874.96371	790.09926	916.04047	779.21588
S202_D1	24	0	815.52059	751.54591	788.79204	746.14640
S202_D1	24	1	698.50733	680.08189	675.57502	673.34243
S202_D1	25	0	964.96441	966.73945	1064.45080	958.57320
S202_D1	25	1	1045.57851	974.10918	1121.61759	971.30273
S202_D1	26	0	432.29449	619.87593	647.58618	622.17618
S202_D1	26	1	466.23726	603.79653	690.90789	608.33002
S202_D1	27	0	178.48849	841.79404	444.45150	819.47395
S202_D1	27	1	277.63712	859.43672	512.78367	838.67990
S202_D1	28	0	261.64410	892.04467	429.20796	865.12655
S202_D1	28	1	497.95743	935.77667	601.20865	910.64516
S202_D1	29	0	523.20796	432.78412	702.91696	445.10670
S202_D1	29	1	570.32589	455.56328	747.35520	466.32258
S202_D1	30	0	651.72435	398.25310	904.41312	411.26055
S202_D1	30	1	564.85764	365.87097	822.45918	384.01489
S202_D1	31	0	448.91766	673.51861	714.66364	673.76675
S202_D1	31	1	402.91626	640.24318	680.27425	646.96774
S202_D1	32	0	422.21005	667.83871	474.91975	661.66253
S202_D1	32	1	335.34334	585.65509	355.89672	592.20844
S202_D1	33	0	345.48221	1002.68486	347.04327	958.92060
S202_D1	33	1	240.75087	937.25062	305.50803	899.96278
S202_D1	34	0	855.47034	654.51861	775.39149	640.95037
S202_D1	34	1	1086.42428	640.85608	958.95045	625.31762
S202_D1	35	0	1491.03280	586.20347	1728.30495	562.91315
S202_D1	35	1	1549.53943	581.29032	1813.16190	555.99007
S202_D1	36	0	1219.76134	498.30025	1378.61619	477.42928
S202_D1	36	1	1228.91696	479.54094	1405.63643	458.44665
S202_D1	37	0	560.19539	594.72705	456.96301	587.15633
S202_D1	37	1	759.83252	600.75682	645.43475	588.49628
S202_D1	38	0	1018.75994	846.59057	880.44033	827.62283
S202_D1	38	1	1129.29728	797.90571	1004.82275	777.82134
S202_D1	39	0	1152.63643	813.39454	978.14306	792.22829
S202_D1	39	1	1063.09002	788.15881	847.28472	756.71960
S202_D1	40	0	1738.34613	528.09181	1339.33496	470.45409
S202_D1	40	1	1713.03489	331.29280	1243.45848	256.23573
S202_D1	41	0	720.44382	542.85360	767.78437	538.61290
S202_D1	41	1	498.47592	528.11414	569.26378	532.80645
S202_D1	42	0	452.00209	449.47891	559.45918	462.01985
S202_D1	42	1	592.01605	463.54839	699.24983	470.28288
S202_D1	43	0	466.50733	743.42184	696.50733	738.58809
S202_D1	43	1	578.60782	658.33499	805.03489	659.75434
S202_D1	44	0	554.35520	644.46402	402.46267	631.38710
S202_D1	44	1	398.93301	672.60298	252.62317	660.86600
S202_D1	45	0	674.94138	684.21588	608.95883	669.91563
S202_D1	45	1	553.67341	689.31266	484.35311	677.73201
S202_D1	46	0	1102.07886	459.14144	582.72994	428.26799
S202_D1	46	1	1267.10328	532.16873	806.48430	495.26551
S202_D1	47	0	1184.83182	926.85608	934.97906	907.22581
S202_D1	47	1	1029.18632	914.79653	760.79902	888.01985
S202_D1	48	0	980.84229	867.67494	838.98744	846.16377
S202_D1	48	1	857.79972	928.19603	697.63364	905.12159
S202_D1	49	0	559.43057	891.63275	614.04257	863.62283
S202_D1	49	1	637.14166	866.39702	706.04536	846.65012
S202_D1	50	0	1100.60712	900.89826	934.37334	883.43672
S202_D1	50	1	1068.89742	829.21092	952.01465	812.41935
S202_D1	51	0	766.79274	1027.29529	515.38381	988.55831
S202_D1	51	1	710.29588	959.40447	520.29658	926.02730
S202_D1	52	0	353.47034	912.57320	331.32519	878.17618
S202_D1	52	1	391.65597	900.29032	342.93719	865.89330
S202_D1	53	0	870.55827	741.27295	756.00488	723.32010
S202_D1	53	1	788.60433	729.66005	664.89532	711.26055
S202_D2	0	0	1305.68039	722.98015	514.55757	691.49132
S202_D2	0	1	1367.98325	727.66998	573.51082	695.51117
S202_D2	1	0	306.23295	1039.70149	314.96118	970.37313
S202_D2	1	1	137.50262	983.78731	146.23085	910.93284
S202_D2	2	0	295.82267	914.27239	495.66422	871.16791
S202_D2	2	1	496.78804	989.32836	677.49003	956.80224
S202_D2	3	0	481.24869	857.63060	630.81112	829.63060
S202_D2	3	1	597.09339	818.33955	724.99790	798.90299
S202_D2	4	0	387.67471	976.73507	586.46170	933.91791
S202_D2	4	1	482.86884	992.85448	663.52361	958.60075
S202_D2	5	0	247.07555	1005.95149	306.65687	935.93284
S202_D2	5	1	382.56348	1032.64925	443.65582	972.70522
S202_D2	6	0	188.03568	959.60821	277.18993	894.90299
S202_D2	6	1	310.93179	982.27612	408.64848	927.14179
S202_D2	7	0	1236.00839	351.34328	1586.74397	343.40299
S202_D2	8	0	413.18153	964.64552	381.00525	909.69030
S202_D2	8	1	298.34418	918.30224	342.72613	867.88060
S202_D2	9	0	1192.06821	988.03731	1199.87933	1008.55224
S202_D2	9	1	1348.20672	951.76866	1365.75551	986.72388
S202_D2	10	0	1148.87303	448.40299	877.35047	429.07090
S202_D2	10	1	1102.53515	303.83209	770.57188	283.49254
S202_D2	11	0	1737.71459	423.56343	1657.11542	395.90299
S202_D2	11	1	1599.20462	409.45896	1523.64218	389.35448
S202_D2	12	0	259.01364	936.43657	418.81112	880.35448
S202_D2	12	1	361.25918	999.40299	514.50892	948.35821
S202_D2	13	0	920.61175	523.98507	781.01679	511.38806
S202_D2	13	1	984.74607	437.00746	815.33473	429.78358
S202_D2	14	0	1189.57188	537.62687	1045.67996	525.36567
S202_D2	14	1	1087.15845	559.45522	927.48478	545.85075
S202_D2	15	0	1280.70409	591.82090	1122.23820	581.78358
S202_D2	15	1	1194.40818	592.82836	1057.76810	588.83582
S202_D2	16	0	783.07030	615.73881	739.25393	603.32836
S202_D2	16	1	842.83945	655.02985	809.09654	641.27612
S202_D2	17	0	1476.75341	549.11940	1412.37356	543.63433
S202_D2	17	1	1378.36936	567.25373	1305.25918	561.76866
S202_D2	18	0	1495.09654	653.20149	1443.81217	657.79104
S202_D2	18	1	1418.20252	672.00746	1342.74187	675.92537
S202_D2	19	0	1736.16474	684.18657	1686.89507	700.52985
S202_D2	19	1	1624.68520	745.30597	1553.25393	762.65672
S202_D2	20	0	1127.83316	946.83582	1139.89087	955.07463
S202_D2	20	1	1189.28122	989.82090	1193.28017	1007.46269
S202_D2	21	0	657.55824	824.96269	688.78279	799.44030
S202_D2	21	1	724.37880	845.44776	731.42707	827.98507
S202_D2	22	0	1530.84365	942.04478	1525.60126	987.23881
S202_D2	22	1	1452.60651	927.26866	1421.84470	960.37313
S202_D2	23	0	1019.04302	941.12687	837.69360	926.44403
S202_D2	23	1	1210.94229	945.66045	978.72193	946.59328
S202_D2	24	0	1132.09339	959.10448	1103.72193	959.10448
S202_D2	24	1	964.87408	1015.52239	947.58342	1016.02612
S202_D2	25	0	1764.89822	509.22761	1786.02308	500.66418
S202_D2	25	1	1542.77859	580.25373	1525.62434	578.74254
S202_D2	26	0	1491.49528	913.26493	1346.24554	938.95522
S202_D2	26	1	1667.27702	998.39552	1594.05247	1055.82090
S202_D3	0	0	1287.79972	722.66005	494.37334	708.75931
S202_D3	0	1	1345.41312	721.99007	556.00628	710.76923
S202_D3	1	0	1489.76134	697.52109	1804.54990	760.25062
S202_D3	1	1	1521.91766	707.79404	1849.43475	776.77667
S202_D3	2	0	1398.79135	762.44665	1464.68388	808.49628
S202_D3	2	1	1447.69574	775.84615	1537.92882	831.49876
S202_D3	3	0	1161.03629	848.55335	1124.55129	875.86600
S202_D3	3	1	997.35171	885.62531	975.38172	901.10174
S202_D3	4	0	859.24773	882.96774	778.89881	882.47395
S202_D3	4	1	781.31333	964.03474	673.27425	950.81141
S202_D3	5	0	1648.31821	445.23325	1661.23168	460.46402
S202_D3	5	1	1456.72017	424.01737	1447.07955	434.11166
S202_D3	6	0	1195.27774	500.65757	1332.50174	522.58313
S202_D3	6	1	1081.16748	505.79404	1223.75087	526.37965
S202_D3	7	0	1651.07188	591.42928	1761.67481	633.29280
S202_D3	7	1	1746.64759	598.12903	1842.95883	642.67246
S202_D3	8	0	237.06141	846.19851	8.93231	786.92556
S202_D3	8	1	299.58758	802.65012	151.40265	758.78660
S202_D3	9	0	1477.01326	513.33002	1693.92603	545.34988
S202_D3	9	1	1546.46197	502.61042	1756.22889	533.29032
S202_D3	10	0	1260.34613	723.66253	1119.22610	748.94789
S202_D3	10	1	1072.32100	662.91811	972.80879	677.75186
S202_D3	11	0	1227.84159	429.53846	1034.62805	435.68486
S202_D3	11	1	1104.57572	344.89826	929.22680	352.83127
S202_D3	12	0	964.73273	353.89330	979.19888	368.45409
S202_D3	12	1	1011.18074	371.53598	1046.63782	383.86352
S202_D3	13	0	1557.24564	516.43672	1641.99232	542.08189
S202_D3	13	1	1659.74389	503.48387	1801.88067	532.03226
S202_D3	14	0	1143.69644	507.60298	1163.18004	524.39950
S202_D3	14	1	1108.86043	489.06700	1148.88835	506.08685
S202_D3	15	0	1530.55618	754.20099	1409.09142	797.17370
S202_D3	15	1	1686.42498	772.73697	1581.03838	831.34243
S202_D3	16	0	1083.48360	865.38710	813.13119	872.03970
S202_D3	16	1	943.24634	880.79653	657.70900	872.93300
S202_D3	17	0	980.31542	825.63524	891.25750	836.05955
S202_D3	17	1	1064.24773	806.18114	984.60014	821.76675
S202_D3	18	0	1230.35241	806.43921	1056.29867	829.28784
S202_D3	18	1	1313.42289	848.42432	1084.43545	877.07940
S202_D3	19	0	1176.00419	772.78660	1088.00837	797.12903
S202_D3	19	1	1173.54780	789.98263	1132.60851	816.87841
S202_D3	20	0	874.35590	838.32010	568.83252	825.20347
S202_D3	20	1	719.38032	874.27543	424.35241	849.09926
S202_D3	21	0	1353.28053	912.05955	1106.98465	946.68238
S202_D3	21	1	1302.81298	857.12159	1126.18911	887.72457
S202_D3	22	0	407.69156	984.24318	248.05024	926.10670
S202_D3	22	1	688.43336	938.32754	539.95743	913.68983
S202_D3	23	0	636.08374	263.00000	724.02582	284.08685
S202_D3	23	1	505.22540	233.52109	598.75017	257.73449
S202_D3	24	0	285.19121	218.13648	433.16260	253.03970
S202_D3	24	1	104.08863	174.36476	285.10956	222.66749
S202_D3	25	0	191.71179	991.11663	115.63433	915.76427
S202_D3	25	1	303.58897	1010.54591	194.90858	944.79653
S202_D3	26	0	1370.88625	935.91811	1074.01256	969.72705
S202_D3	26	1	1499.51151	984.15633	1151.94696	1030.47146
S202_D3	27	0	213.90509	437.67742	234.91556	441.58065
S202_D3	27	1	279.55757	446.83375	296.10188	451.40695
S202_D3	28	0	1144.57362	611.92804	1214.28262	635.04715
S202_D3	28	1	1345.10398	635.37717	1427.31821	670.55583
S202_D3	29	0	235.81298	313.54839	606.95045	340.34739
S202_D3	30	0	374.55967	361.99504	569.11305	382.16873
S202_D3	30	1	111.26378	234.24814	369.01326	274.07444
S202_D3	31	0	1208.82833	345.42680	1185.78088	357.63027
S202_D3	31	1	1276.71389	374.68238	1270.86113	383.53598
S202_D3	32	0	629.60433	379.47395	474.56664	388.10422
S202_D3	32	1	752.20028	435.97519	552.50105	439.91563
S202_D3	33	0	648.13887	345.75186	631.44173	359.57072
S202_D3	33	1	746.61759	342.84864	710.49267	356.44417
S202_D3	34	0	357.56525	366.94541	172.73064	373.54591
S202_D3	34	1	504.72505	314.68734	317.21075	327.54094
S202_D3	35	0	1595.94487	474.38462	1430.16888	488.69727
S202_D3	35	1	1698.44313	514.80645	1563.48360	536.71216
S202_D3	36	0	1288.11096	636.79404	1289.81926	665.47395
S202_D3	36	1	1364.03559	674.08933	1364.85066	707.90571
S202_D3	37	0	1243.60642	863.67246	1156.38311	895.63524
S202_D3	37	1	1328.01675	841.33995	1243.47313	881.78908
S202_D3	38	0	558.66294	760.41191	328.21703	733.35980
S202_D3	38	1	695.55059	753.04218	411.95743	734.25310
S202_D3	39	0	1305.11165	913.76179	1040.91556	940.62531
S202_D3	39	1	1332.13189	849.89082	1118.62666	881.89082
S202_D3	40	0	1200.49965	551.46402	1087.80112	567.94541
S202_D3	40	1	1143.40126	472.54591	1054.97488	481.74194
S202_D3	41	0	1437.71319	843.66005	1321.31542	890.57320
S202_D3	41	1	1452.42289	464.33995	1625.56595	487.62283
S202_D3	42	0	1848.31821	780.37469	1733.20098	849.03970
S202_D3	42	1	1342.19539	689.09677	1383.61689	724.26303
S202_D3	43	0	1040.68318	856.55583	896.52826	868.75682
S202_D3	43	1	1811.47244	753.36476	1799.19051	823.41935
S202_D3	44	0	1595.75715	732.95285	1709.12421	792.67246
S202_D3	44	1	1290.27216	490.42184	1458.44243	514.58313
S202_D3	45	0	1141.49965	491.23325	1293.63573	508.46402
S202_D3	45	1	1513.84927	470.41439	1766.68528	496.30273
S202_D3	46	0	1037.67341	466.88337	1269.24773	488.77667
S202_D3	46	1	1549.87020	517.89578	1775.02582	551.84367
S202_D3	47	0	1447.28890	674.37469	1553.06281	718.22333
S202_D3	47	1	1285.83740	569.18859	1341.81786	592.82382
S202_D4	0	0	1286.25262	689.93052	515.16888	681.22829
S202_D4	0	1	1337.83671	690.60050	570.77251	685.24814
S202_D4	1	0	1020.96301	960.74442	1363.96371	1018.36228
S202_D4	2	0	992.35241	975.55335	1072.10119	1000.27295
S202_D4	2	1	1099.98674	977.78660	1184.20167	1017.46898
S202_D4	3	0	1322.90649	944.39950	1586.56664	1037.82134
S202_D4	3	1	1408.21005	855.51613	1695.09421	948.49132
S202_D4	4	0	1292.70133	927.24566	1394.76064	993.81886
S202_D4	4	1	1455.26936	852.20844	1577.64969	935.75434
S202_D4	5	0	692.49965	837.76427	633.87090	813.78660
S202_D4	5	1	580.84578	818.11166	549.01396	785.87097
S202_D4	6	0	1473.63294	923.24318	1280.36218	986.66005
S202_D4	6	1	1579.70412	909.62035	1428.19191	989.33995
S202_D4	7	0	1481.00209	878.13151	1418.14306	946.23821
S202_D4	7	1	1417.80600	883.49132	1384.87020	953.60794
S202_D4	8	0	270.03210	757.60050	312.91626	707.46650
S202_D4	8	1	357.79204	761.17370	405.14236	717.73945
S202_D4	9	0	595.49058	465.76427	507.20028	458.21340
S202_D4	9	1	516.43964	505.96278	472.36427	503.54839
S202_D4	10	0	1132.15980	861.28536	1082.77041	888.40199
S202_D4	10	1	1134.61619	845.87593	1136.36427	878.57568
S202_D4	11	0	212.39916	800.90323	111.44871	731.48387
S202_D4	11	1	401.98744	827.03226	275.57990	769.67246
S202_D4	12	0	920.33496	1003.78908	881.58618	1005.73449
S202_D4	12	1	846.86671	999.09926	839.60433	997.24814
S202_D4	13	0	1063.11096	720.64020	1141.76204	745.08685
S202_D4	13	1	1376.89044	898.65261	1484.79484	975.58065
S202_D4	14	0	356.35869	696.70471	233.13329	651.13896
S202_D4	14	1	131.93440	668.34243	100.71179	614.29032
S202_D4	15	0	1638.26029	936.23821	1563.81158	1036.22829
S202_D4	15	1	1436.16678	832.83871	1373.76832	895.30521
S202_D4	16	0	411.36288	1072.18362	50.69086	976.76179
S202_D4	16	1	694.08514	1021.30521	232.47802	960.27543
S202_D4	17	0	369.59665	1009.77171	390.44941	941.11911
S202_D4	17	1	289.20586	951.70720	291.00070	875.83127
S202_D4	18	0	881.20586	913.84615	1011.37195	924.46898
S202_D4	18	1	969.18911	1001.61290	1089.75297	1027.42184
S202_D4	19	0	459.75436	979.48635	506.28821	926.31266
S202_D4	19	1	293.61340	979.48635	370.74040	906.88337
S202_D4	20	0	266.93859	548.90074	391.77390	524.89826
S202_D4	20	1	122.45848	488.82630	282.57641	472.41687
S202_D4	21	0	426.50174	546.93548	384.38521	527.21588
S202_D4	21	1	263.26378	479.93797	262.90579	462.89826
S202_D4	22	0	1113.29449	651.62779	914.72017	658.80397
S202_D4	22	1	1191.67551	698.07940	1045.35520	717.31514
S202_D4	23	0	1252.44452	760.50868	1096.52198	785.77419
S202_D4	23	1	1169.15073	767.87841	1066.37544	793.14392
S202_D4	24	0	1061.21842	759.67246	1028.85973	777.51117
S202_D4	24	1	971.89532	768.60546	971.02303	781.97767
S202_D4	25	0	416.37264	735.15385	190.18004	685.25558
S202_D4	25	1	315.63433	469.69975	92.00279	446.60050
S202_D4	26	0	329.23796	819.77667	660.91835	784.57320
S202_D4	26	1	249.07048	828.93300	593.25611	784.12655
S202_D4	27	0	521.41382	447.52854	553.53036	444.19355
S202_D4	27	1	404.62387	398.17370	440.09002	394.83871
S202_D4	28	0	730.29728	676.66998	673.54920	665.92308
S202_D4	28	1	623.33287	637.58809	610.79972	624.16129
S202_D4	29	0	1274.80321	803.78164	1126.63922	837.12159
S202_D4	29	1	1128.09002	721.15136	934.59456	737.29529
S202_D4	30	0	740.72505	856.49380	706.52826	839.68238
S202_D4	30	1	647.60572	863.19355	655.16748	839.23573
S202_D4	31	0	321.79274	763.15136	305.74389	714.60546
S202_D4	31	1	154.08863	722.95285	226.91626	670.83375
S202_D4	32	0	657.65527	598.80645	359.32449	581.10422
S202_D4	32	1	529.47872	326.12903	321.81089	327.63275
S202_D4	33	0	134.45010	650.46402	329.68318	611.35732
S202_D4	33	1	140.70272	687.08933	348.21773	645.52605
S202_D4	34	0	348.35590	962.28288	399.14027	895.88586
S202_D4	34	1	187.12770	944.86352	304.45778	866.40695
S202_D4	35	0	1187.34543	766.79653	1402.98325	814.85112
S202_D4	35	1	1247.19191	772.37965	1482.25750	830.48387
S202_D4	36	0	341.47104	1076.42680	2.00977	974.58561
S202_D4	36	1	545.13119	1024.61538	155.47941	949.93300
S202_D4	37	0	1488.29239	686.45906	1659.47802	753.61290
S202_D4	37	1	1676.98744	645.14392	1862.46476	722.79404
S202_D4	38	0	1215.84089	882.34243	1286.88904	930.69479
S202_D4	38	1	1143.71249	864.69975	1240.66434	909.47891
S202_D4	39	0	1245.04327	552.75682	1218.56734	577.72457
S202_D4	39	1	1241.24703	597.86849	1258.09281	627.97270
S202_D4	40	0	1158.25052	474.08437	1013.50174	483.01737
S202_D4	40	1	997.24564	515.39950	895.14864	522.54591
S202_D4	41	0	742.87718	970.77667	846.78995	964.30025
S202_D4	41	1	818.13189	987.07940	890.78158	987.30273
S202_D4	42	0	269.50035	855.47643	593.85973	814.83375
S202_D4	42	1	186.20656	840.96030	534.01326	794.51117
S202_D4	43	0	1141.39498	869.21588	1013.55897	892.82878
S202_D4	43	1	1019.02233	829.91067	931.15841	842.58065
S202_D4	44	0	508.07467	704.19851	292.41312	665.59553
S202_D4	44	1	387.48849	606.82878	200.18702	574.47891
S202_D4	45	0	440.21912	799.02233	320.89672	749.27295
S202_D4	45	1	288.14655	773.56328	191.12770	715.72705
S202_D4	46	0	641.32659	877.56576	610.06560	852.05955
S202_D4	46	1	553.56664	834.46402	527.21842	802.25806
S202_D4	47	0	856.19749	940.00000	447.65248	905.50372
S202_D4	47	1	1074.56106	948.66998	662.47453	939.00248
S202_D4	48	0	560.68458	929.85360	341.03350	876.24566
S202_D4	48	1	446.57432	915.56079	299.27495	852.34988
S202_D4	49	0	498.38172	894.34491	402.88974	844.75682
S202_D4	49	1	583.90858	900.37469	520.38590	862.25310
S202_D4	50	0	922.59944	609.98511	472.88137	596.09926
S202_D4	50	1	714.47662	549.24069	265.20516	527.31514
S202_D4	51	0	877.93789	636.78412	713.54152	620.07196
S202_D4	51	1	787.94487	623.60794	677.81228	618.06203
S202_D4	52	0	619.78297	719.36725	208.56943	681.35980
S202_D4	52	1	526.88695	630.48387	26.12701	589.34988
S203_D2	0	0	1342.13050	726.93797	506.39079	709.31017
S203_D2	0	1	1399.74389	726.71464	564.00419	710.65012
S203_D2	1	0	354.36427	293.34988	584.75227	320.53350
S203_D2	1	1	321.53803	345.60794	557.73203	366.31514
S203_D2	2	0	194.25820	317.18114	411.46127	339.97767
S203_D2	2	1	118.11026	384.17866	356.30426	396.03226
S203_D2	3	0	442.14934	523.92060	731.55618	537.32010
S203_D2	4	0	458.98883	474.18114	541.79484	479.26055
S203_D2	4	1	189.67969	558.15136	299.05932	543.57816
S203_D2	5	0	1368.16748	263.42184	1505.84927	268.50620
S203_D2	5	1	1572.25890	114.88834	1687.16329	104.33995
S203_D2	6	0	1226.18981	297.65757	1084.19819	306.47891
S203_D2	6	1	1300.32798	146.04963	1133.11235	145.60298
S203_D2	7	0	1196.26657	263.07196	965.85485	268.65509
S203_D2	7	1	1212.35450	88.03970	981.03001	87.92556
S203_D2	8	0	1135.71389	237.32754	1069.35520	244.52109
S203_D2	8	1	1081.67341	308.34491	996.55687	320.89826
S203_D2	9	0	1072.57641	226.12159	930.05164	235.07444
S203_D2	9	1	1162.12282	121.38213	1067.16260	128.10174
S203_D2	10	0	627.41591	444.26551	449.47034	442.98759
S203_D2	10	1	432.91486	579.82382	357.53594	563.25062
S203_D2	11	0	914.54920	397.84367	864.50872	407.07692
S203_D2	11	1	950.72505	437.14888	946.23936	448.61538
S203_D2	12	0	455.10049	375.79901	456.12980	387.25806
S203_D2	12	1	503.55827	276.64268	531.16120	298.59801
S203_D2	13	0	689.84927	160.78164	700.00419	187.10174
S203_D2	13	1	712.62666	59.16873	748.01535	90.62531
S203_D2	14	0	927.89253	610.95533	498.72715	591.82878
S203_D2	14	1	778.94627	719.93797	237.01047	676.46898
S203_D2	15	0	1468.29449	221.86352	1336.47802	222.07940
S203_D2	15	1	1584.63782	218.96030	1467.11305	215.60298
S203_D2	16	0	1685.66364	364.14888	1441.74110	370.68238
S203_D2	16	1	1713.80042	332.88337	1507.61689	335.84367
S203_D2	17	0	576.99442	88.21340	692.23726	125.50868
S203_D2	17	1	629.47174	35.06203	759.67620	72.58065
S203_D2	18	0	1480.17934	155.57320	1706.18911	152.97022
S203_D2	18	1	1523.05443	154.23325	1758.44313	147.38710
S203_D2	19	0	1205.80251	630.88834	971.49965	638.24566
S203_D2	19	1	1205.57920	560.09429	987.35450	572.58809
S203_D2	20	0	547.90509	355.44665	351.31124	357.72705
S203_D2	20	1	659.11235	336.01737	519.90858	344.99752
S203_D2	21	0	639.93929	592.40943	699.80251	597.30273
S203_D2	21	1	476.47802	539.03474	561.35171	540.80149
S203_D2	22	0	1293.16748	240.17370	1243.46895	245.79653
S203_D2	22	1	1378.69435	246.20347	1368.96790	251.37965
S203_D2	23	0	503.92952	359.20347	438.27774	365.91067
S203_D2	23	1	136.34962	383.92308	57.22470	379.64764
S203_D2	24	0	757.89602	503.63027	769.12212	512.46402
S203_D2	24	1	695.59316	548.29529	695.87718	549.08933
S203_D2	25	0	943.84857	201.04715	721.08165	212.29777
S203_D2	25	1	1021.55967	81.56824	760.60712	94.15881
S203_D2	26	0	460.78088	644.43921	379.88695	625.76923
S203_D2	26	1	473.73273	612.28040	428.34473	600.53350
S203_D2	27	0	1152.13957	218.62283	1035.54710	228.84367
S203_D2	27	1	1250.39498	192.94045	1147.42428	196.01489
S203_D2	28	0	1197.78018	361.96774	1041.14027	362.87841
S203_D2	28	1	1273.25820	262.14144	1090.49128	269.52854
S203_D2	29	0	1018.68458	326.34491	894.52966	339.69479
S203_D2	29	1	985.41172	433.54094	877.78158	445.99752
S203_D2	30	0	1008.04466	570.42680	752.77181	569.49380
S203_D2	30	1	933.01326	600.57568	734.46057	598.30273
S203_D2	31	0	694.10398	541.42680	674.16120	545.30025
S203_D2	31	1	540.91486	550.80645	525.88486	542.39702
S203_D2	32	0	796.42359	338.44417	808.18911	354.25806
S203_D2	32	1	674.72087	413.48139	718.41940	420.13896
S203_D2	33	0	1110.13050	444.39950	927.05373	457.32506
S203_D2	33	1	1015.71389	241.66005	774.72296	243.26055
S203_D2	34	0	1485.88974	158.82382	1500.29867	154.46154
S203_D2	34	1	1324.88486	211.52854	1322.09909	218.33251
S203_D2	35	0	1436.48360	127.28288	974.52128	113.20099
S203_D2	35	1	1176.89672	314.43672	685.90440	305.71464
S203_D2	36	0	595.22749	300.08189	503.37334	316.81638
S203_D2	36	1	691.23866	97.67494	623.72505	122.89578
S203_D2	37	0	449.61549	241.67494	436.01256	263.15136
S203_D2	37	1	498.96650	285.22333	505.01465	301.78660
S203_D2	38	0	671.08165	310.23821	742.68318	329.74194
S203_D2	38	1	722.44243	230.28784	793.82066	249.56824
S203_D2	39	0	1049.66574	255.19603	797.05234	260.71216
S203_D2	39	1	1088.20935	66.74938	843.85834	71.37221
S203_D2	40	0	999.45290	254.50372	1115.26797	274.12407
S203_D2	40	1	936.25680	290.90571	1048.94557	309.18610
S203_D2	41	0	1300.67341	169.92556	1424.33426	177.35484
S203_D2	41	1	1411.65736	109.18114	1535.31821	106.56079
S203_D2	42	0	1485.97348	694.78412	1100.48011	708.39702
S203_D2	42	1	1700.79553	757.98511	1171.71528	777.62779
S203_D2	43	0	541.98535	176.57072	341.24983	193.31762
S203_D2	43	1	159.38102	330.15633	41.98186	333.05707
S203_D2	44	0	366.49058	165.17866	574.37404	203.56824
S203_D2	44	1	333.66434	274.38462	559.85904	304.28784
S203_D3	0	0	1337.30356	701.60298	507.86183	665.73945
S203_D3	0	1	1392.90719	706.96278	562.79553	671.09926
S203_D3	1	0	670.13957	638.43921	958.30356	677.73945
S203_D3	2	0	1320.24843	844.19107	1279.10328	885.64268
S203_D3	2	1	1237.62456	829.67494	1178.61479	864.65012
S203_D3	3	0	907.24703	776.91067	906.53733	800.51365
S203_D3	3	1	972.00628	789.41687	954.99512	813.68983
S203_D3	4	0	831.09909	811.07940	745.09072	822.92804
S203_D3	4	1	892.06211	862.22084	791.53873	883.22581
S203_D3	5	0	1053.51361	816.21588	977.15073	841.32010
S203_D3	5	1	946.54920	816.21588	895.19679	838.41687
S203_D3	6	0	1338.40265	897.79156	1099.24843	925.01489
S203_D3	6	1	1362.51989	985.78164	999.20656	986.65261
S203_D3	7	0	1648.46197	773.42680	1888.51361	849.79653
S203_D3	7	1	1553.33287	765.38710	1765.24773	832.60050
S203_D3	8	0	1324.67481	804.69975	1379.30635	854.71960
S203_D3	8	1	1307.92673	783.26055	1392.48151	834.17370
S203_D3	9	0	1180.13050	714.23077	1314.58897	761.03970
S203_D3	9	1	1222.55897	743.70968	1342.27913	789.40199
S203_D3	10	0	1327.38241	512.48387	1647.47941	554.83375
S203_D3	10	1	1380.97627	515.83375	1713.80181	558.63027
S203_D3	11	0	1672.73203	698.81390	1624.38032	733.53350
S203_D3	11	1	1804.48360	695.01737	1771.76343	733.08685
S203_D3	12	0	607.79902	134.21092	346.81856	168.83375
S203_D3	12	1	786.66853	122.15136	451.77320	149.40447
S203_D3	13	0	652.88695	467.84367	672.05304	495.88337
S203_D3	13	1	724.34543	450.87097	719.17097	477.79404
S203_D3	14	0	951.13259	497.59057	990.89881	524.15385
S203_D3	14	1	891.50942	516.57320	949.36357	545.14640
S203_D3	15	0	971.02582	643.00993	1128.16120	683.74938
S203_D3	15	1	896.21773	630.28040	1054.69295	668.33995
S203_D3	16	0	846.19679	677.62531	952.19470	708.31514
S203_D3	16	1	952.93789	680.08189	1045.09072	714.34491
S203_D3	17	0	1048.89742	603.83623	1174.74180	639.63275
S203_D3	17	1	1075.91766	585.97022	1212.48081	622.66005
S203_D3	18	0	1789.14166	797.61787	1833.80321	863.86600
S203_D3	18	1	1743.58688	769.03226	1815.26867	831.03722
S203_D3	19	0	1574.10537	709.33499	1787.60991	769.44913
S203_D3	19	1	1499.52059	688.11911	1707.44243	744.66005
S203_D3	20	0	1381.39079	675.83623	1570.55478	726.12407
S203_D3	20	1	1405.95464	664.44665	1589.98255	712.27792
S203_D3	21	0	91.33287	405.68238	444.73064	461.40943
S203_D3	21	1	206.11305	430.69479	537.18004	485.52854
S203_D4	0	0	1325.86043	723.57072	526.99232	715.20596
S203_D4	0	1	1385.48360	724.24069	582.55757	717.02978
S203_D4	1	0	873.73901	580.93300	1114.73482	602.06700
S203_D4	1	1	844.48569	587.63275	1084.81158	605.41687
S203_D4	2	0	233.57990	582.61042	271.90928	569.34739
S203_D4	2	1	49.35101	663.67742	108.00140	632.10174
S203_D4	3	0	222.17027	855.39206	173.89742	801.26551
S203_D4	3	1	191.35380	766.28536	189.08234	725.78164
S203_D4	4	0	344.45220	156.66998	576.61689	198.24318
S203_D4	4	1	289.74180	150.86352	539.10119	196.45658
S203_D4	5	0	133.11026	917.12903	412.27565	867.57568
S203_D4	5	1	163.70342	900.37965	443.31542	853.95285
S203_D4	6	0	1062.63643	420.97022	1133.78297	436.33995
S203_D4	6	1	994.75087	416.72705	1078.40265	432.54342
S203_D4	7	0	1146.41172	488.71960	1215.97488	505.52605
S203_D4	7	1	1217.64689	458.34739	1289.44313	476.27047
S203_D4	8	0	1317.36288	482.48883	1415.60642	500.86600
S203_D4	8	1	1355.10188	449.43672	1464.06420	467.36725
S203_D4	9	0	782.91835	529.47643	816.46127	536.86352
S203_D4	9	1	701.18772	508.26055	736.96371	513.19107
S203_D4	10	0	778.67551	560.96526	836.78227	568.57568
S203_D4	10	1	693.59525	556.94541	743.21633	562.32258
S203_D4	11	0	510.36497	511.30025	567.42359	512.77667
S203_D4	11	1	437.56664	526.26303	491.94557	527.29280
S203_D4	12	0	465.12142	654.17370	596.28611	646.64020
S203_D4	12	1	411.08095	671.36973	544.70202	658.92308
S203_D4	13	0	943.88904	715.89330	920.39428	723.50868
S203_D4	13	1	834.02163	692.44417	812.75994	699.83623
S203_D4	14	0	842.60782	401.91067	884.74320	414.51861
S203_D4	14	1	769.80949	462.65509	821.77041	475.26303
S203_D4	15	0	524.14864	960.56824	339.49826	911.61787
S203_D4	15	1	626.87020	871.01489	460.08444	842.61042
S203_D4	16	0	501.18981	601.32010	529.46197	597.35980
S203_D4	16	1	444.69295	599.31017	454.87718	589.32010
S203_D4	17	0	850.44871	615.76179	888.62666	625.74690
S203_D4	17	1	794.62177	651.94045	825.43057	657.01241
S203_D4	18	0	665.51291	621.78412	898.87020	635.10422
S203_D4	18	1	432.78925	662.46650	687.58409	660.82382
S203_D4	19	0	1350.56525	162.13400	1595.75715	158.11414
S203_D4	19	1	1501.96790	77.71712	1786.01535	44.21836
S203_D4	20	0	1199.84578	824.20844	995.84927	844.28784
S203_D4	20	1	1416.45429	849.89082	1149.93161	884.93300
S203_D4	21	0	1079.29728	860.64764	880.52059	870.83127
S203_D4	21	1	963.32449	1012.47146	687.50663	1006.12903
S203_D4	22	0	800.28611	861.61042	718.62736	853.74690
S203_D4	22	1	750.93510	921.23821	615.45918	905.78164
S203_D4	23	0	626.18004	941.22333	492.37334	911.78908
S203_D4	23	1	631.31612	892.53846	588.84229	874.04715
S203_D4	24	0	1224.36497	738.27047	1157.58828	764.66005
S203_D4	24	1	1119.01326	857.04218	944.59665	869.32258
S203_D4	25	0	1340.87439	709.37965	1174.82833	734.00496
S203_D4	25	1	1611.96999	648.63524	1292.73482	672.36725
S203_D4	26	0	725.84159	727.68734	850.08374	732.26303
S203_D4	26	1	630.04257	769.89578	770.13957	770.00496
S203_D4	27	0	497.73133	1021.86104	379.71110	980.86849
S203_D4	27	1	622.11375	903.49876	551.21144	878.36228
S203_D4	28	0	1591.78018	464.70968	1693.31472	485.69975
S203_D4	28	1	1684.89951	437.91067	1759.63712	455.55087
S203_D4	29	0	1259.24843	469.47146	1075.55897	482.30521
S203_D4	29	1	1152.40195	663.26799	1003.32519	678.55831
S203_D4	30	0	1557.00768	507.03474	1518.72715	528.09181
S203_D4	30	1	1334.36985	557.72953	1338.96441	581.46650
S203_D4	31	0	1266.81019	731.99752	1049.80949	752.27792
S203_D4	31	1	1397.44382	530.26055	1139.35450	543.61787
S203_D4	32	0	1071.67620	828.31017	933.07397	841.84615
S203_D4	32	1	899.95255	818.26055	821.86671	821.30025
S203_D4	33	0	1335.51779	96.25062	1043.03978	89.65012
S203_D4	33	1	1477.98814	94.68734	1311.45569	78.03722
S203_D4	34	0	1522.89532	756.65757	1342.01465	799.50372
S203_D4	34	1	1659.35450	579.18362	1530.72784	609.30025
S203_D4	35	0	1168.56943	528.43424	1247.57083	550.20596
S203_D4	35	1	1061.38172	590.29529	1145.74250	608.71712
S203_D4	36	0	1584.64341	273.80893	1559.58618	268.14144
S203_D4	36	1	1772.34613	144.73449	1752.20167	110.92804
S203_D4	37	0	512.26657	718.39206	630.21703	706.93548
S203_D4	37	1	563.40405	667.47395	693.41312	665.17370
S203_D4	38	0	890.04257	445.77916	1027.72226	461.49628
S203_D4	38	1	951.22889	412.28040	1077.51989	428.22084
S203_D4	39	0	339.98325	1033.89082	338.24634	971.58561
S203_D4	39	1	390.45080	986.32258	410.15143	936.97022
S203_D4	40	0	1391.47174	412.93300	1667.72435	432.99007
S203_D4	40	1	1331.40195	424.99256	1603.63503	443.93300
S203_D4	41	0	1103.34473	800.82630	951.62177	817.54839
S203_D4	41	1	1572.39498	568.48139	1390.30216	590.78660
S203_D4	42	0	747.09491	760.60298	862.14306	771.48387
S203_D4	42	1	477.72994	895.89578	575.27216	871.50868
S203_D4	43	0	1120.48081	149.52357	926.41452	157.15881
S203_D4	43	1	965.97348	223.37221	777.91486	237.77916
S203_D4	44	0	1054.62945	436.16129	1057.42987	447.70720
S203_D4	44	1	946.10188	463.85360	955.31333	477.37221
S203_D4	45	0	919.30495	460.28040	955.50035	474.42432
S203_D4	45	1	819.48639	504.27543	856.79833	516.40943
S203_D4	46	0	867.20796	623.72208	849.59805	634.29032
S203_D4	46	1	744.38870	655.65757	728.56525	654.61290
S203_D4	47	0	911.73692	669.30769	901.78158	678.97022
S203_D4	47	1	804.99581	713.97270	790.35101	716.26551
S203_D4	48	0	460.27844	687.68734	649.29518	679.10670
S203_D4	48	1	389.71319	693.94045	576.05024	684.24318
S203_D4	49	0	586.81228	418.10670	623.41452	428.71960
S203_D4	49	1	477.39149	399.34739	499.92533	407.28040
S203_D4	50	0	527.08374	438.04715	509.86881	446.42680
S203_D4	50	1	389.74948	484.27543	367.84508	484.39206
S203_D4	51	0	1450.15213	386.09677	1450.09351	396.84615
S203_D4	51	1	1390.08234	416.24566	1419.94696	429.45161
S203_D4	52	0	1524.73273	313.53350	1416.59316	310.43672
S203_D4	52	1	1673.87230	286.65757	1532.93650	276.71464
S203_D4	53	0	1486.63712	257.91067	1331.58548	250.79156
S203_D4	53	1	1378.10956	286.27295	1277.32170	287.41687
S203_D4	54	0	1291.96581	237.58065	1093.61759	233.49380
S203_D4	54	1	1227.20656	264.82630	960.74948	265.42928
S203_D4	55	0	1694.79972	360.26799	1686.70342	362.55583
S203_D4	55	1	1834.59037	262.89826	1835.39637	244.31514
S203_D4	56	0	1683.41103	380.81390	1734.20796	386.42184
S203_D4	56	1	1810.69644	319.62283	1882.48430	314.95782
S203_D5	0	0	1343.86602	701.66253	506.36218	665.74938
S203_D5	0	1	1398.79972	707.02233	561.29588	668.42928
S203_D5	1	0	1335.03559	797.75931	1558.34752	861.44665
S203_D5	1	1	1251.29518	801.77916	1456.74250	859.43672
S203_D5	2	0	837.55967	822.32010	883.11235	848.67246
S203_D5	2	1	751.58618	802.44417	823.04257	826.78660
S203_D5	3	0	558.90719	766.16873	690.97488	786.88586
S203_D5	3	1	575.20865	724.18362	724.02442	748.69727
S203_D5	4	0	1482.68667	845.78908	1459.49337	896.85608
S203_D5	4	1	1330.83740	843.77916	1303.17795	888.81638
S203_D5	5	0	1322.39358	854.88834	1677.48779	939.30521
S203_D5	6	0	938.62666	766.02233	1155.72017	809.93300
S203_D5	6	1	988.20098	762.44913	1213.55687	813.05955
S203_D5	7	0	1656.17865	987.09677	1477.11026	1049.40447
S203_D5	7	1	1709.99581	954.26799	1577.15213	1016.79901
S203_D5	8	0	1287.61410	995.58313	932.83671	1013.89578
S203_D5	8	1	1497.89881	1021.71216	1197.83182	1060.34739
S203_D5	9	0	1049.24634	770.48883	1108.52896	805.08933
S203_D5	9	1	1101.72366	736.32010	1108.75227	771.14392
S203_D5	10	0	1242.34613	817.32754	1282.64759	861.53102
S203_D5	10	1	1303.53245	756.58313	1333.11514	798.33002
S203_D5	11	0	1121.06211	494.23821	1225.03489	524.10670
S203_D5	11	1	1199.21982	458.72953	1299.61968	487.25806
S203_D5	12	0	380.31472	488.31762	538.29658	521.97767
S203_D5	12	1	436.36497	533.65261	576.70551	564.85608
S203_D5	13	0	598.61479	600.40447	736.77111	630.74442
S203_D5	13	1	662.48081	642.16625	787.46197	670.49628
S203_D5	14	0	719.91835	756.50124	757.80949	775.22829
S203_D5	14	1	815.04745	706.92308	839.98674	729.00000
S203_D5	15	0	572.48988	744.62035	726.20796	766.86104
S203_D5	15	1	596.83043	774.09926	736.25680	802.59305
S203_D5	16	0	1502.30426	623.78164	1532.45987	659.59553
S203_D5	16	1	1625.57013	580.67990	1687.65876	606.44417
S203_D5	17	0	688.76064	190.20347	841.97418	239.15385
S203_D5	17	1	778.97697	197.34988	927.50105	240.27047
S203_D5	18	0	822.67551	828.16873	891.94766	862.48139
S203_D5	18	1	753.45010	782.61042	814.68318	803.30025
S203_D5	19	0	574.47523	646.47643	736.27774	671.96278
S203_D5	19	1	336.42917	624.81390	519.74110	650.67990
S203_D5	20	0	255.36427	612.31266	500.02652	641.15633
S203_D5	20	1	89.18562	581.23325	367.12073	609.40695
S203_D5	21	0	1015.34334	654.24566	939.53594	672.74194
S203_D5	21	1	1105.11305	608.01737	1042.92742	627.63027
S203_D5	22	0	1283.63643	622.77916	1184.09281	642.37469
S203_D5	22	1	1195.87648	585.93052	1073.55548	599.04963
S203_D5	23	0	880.80042	654.81886	736.32519	664.54591
S203_D5	23	1	831.89602	565.71216	662.85694	574.32258
S203_D5	24	0	983.73343	714.25310	837.48360	727.30025
S203_D5	24	1	893.51710	687.90074	787.90928	701.17122
S203_D5	25	0	1155.66434	751.46402	1044.34403	777.02978
S203_D5	25	1	1210.82135	735.60794	1132.99721	762.51365
S203_D5	26	0	1203.97488	679.26551	1114.10956	702.46898
S203_D5	26	1	1216.92673	650.23325	1163.01396	675.22333
S203_D5	27	0	1156.44103	808.53598	938.16957	829.34243
S203_D5	27	1	1266.75506	769.23077	1001.36567	781.77419
S203_D5	28	0	1036.88695	712.10670	913.07467	718.62035
S203_D5	28	1	1045.37264	690.22084	957.06629	709.24069
S203_D5	29	0	1316.23657	773.02730	1161.33496	798.99752
S203_D5	29	1	1312.44033	807.64268	1084.51710	828.25310
S203_D5	30	0	1414.32310	660.64516	1324.54850	686.54839
S203_D5	30	1	1598.77530	581.36476	1426.15352	593.86849
S203_D5	31	0	1575.21703	692.86352	1733.98465	745.01241
S203_D5	31	1	1643.54920	692.41687	1845.41521	749.70223
S203_D5	32	0	402.39428	506.76675	520.40475	539.10918
S203_D5	32	1	142.47034	466.00000	298.66085	500.95037
S203_D5	33	0	1009.91556	735.74938	1035.44033	768.82630
S203_D5	33	1	1118.44313	721.45658	1122.30705	754.08685
S203_D5	34	0	1312.02442	823.02233	1223.41382	861.03474
S203_D5	34	1	1423.45499	818.77916	1329.48500	855.45161
S203_D5	35	0	1674.57223	946.01241	1664.46476	1021.26551
S203_D5	35	1	1481.63433	925.46650	1453.21563	990.22333
S203_D5	36	0	495.99372	704.43921	414.75087	706.87593
S203_D5	36	1	627.96860	665.35732	506.53036	673.15385
S203_D5	37	0	239.66364	766.01985	463.24564	776.74690
S203_D5	37	1	367.39567	775.17618	568.42359	792.60298
S203_D5	38	0	1335.36218	899.92308	1534.12142	972.72953
S203_D5	38	1	1413.07327	905.05955	1625.45429	986.12903
S203_D5	39	0	833.44173	564.63027	817.76204	586.06203
S203_D5	39	1	745.01186	608.84864	707.44801	626.48387
S203_D5	40	0	509.86253	631.75186	446.82066	639.38958
S203_D5	40	1	321.83740	700.98263	294.52477	700.80397
S203_D5	41	0	1436.91486	824.59057	1224.55478	854.14392
S203_D5	41	1	1704.16399	812.28784	1449.87230	847.44417
S203_D5	42	0	1161.09211	991.52605	795.36218	997.14640
S203_D5	42	1	1512.59805	875.00993	1336.31752	915.31017
S203_D5	43	0	1421.20656	915.83623	1263.02233	957.95037
S203_D5	43	1	1548.93859	933.92556	1434.74599	988.54591
S203_D5	44	0	847.91766	240.66253	638.38381	260.45906
S203_D5	44	1	792.98395	167.63524	558.66294	191.89826
S204_D1	0	0	1309.05792	714.56079	507.24145	691.18114
S204_D1	0	1	1364.32659	720.92556	569.87927	697.54591
S204_D1	1	0	1157.62736	521.24069	1495.26867	533.30025
S204_D1	2	0	1023.75994	625.13400	1192.22889	627.27047
S204_D1	2	1	998.63782	600.67990	1175.48081	605.16129
S204_D1	3	0	822.32938	702.18859	1017.26029	700.64020
S204_D1	3	1	801.22680	673.04467	1001.85206	676.85608
S204_D1	4	0	1496.67062	766.25062	1593.97697	797.68983
S204_D1	4	1	1533.85136	739.11663	1665.65876	771.22581
S204_D1	5	0	1562.00558	651.07940	1668.44382	679.83871
S204_D1	5	1	1588.13259	633.66005	1732.08653	656.38958
S204_D1	6	0	1281.12910	472.47891	1423.55478	473.12159
S204_D1	6	1	1304.57641	464.43921	1468.43964	464.74690
S204_D1	7	0	1097.48569	496.89578	1301.20935	499.88337
S204_D1	7	1	1070.35380	492.54094	1280.77669	499.88337
S204_D1	8	0	623.80321	711.08933	766.56385	704.36228
S204_D1	8	1	600.69086	726.83375	757.85485	721.78164
S204_D1	9	0	681.76622	764.73449	848.97906	758.00744
S204_D1	9	1	646.59525	770.42928	829.21633	763.36725
S204_D1	10	0	206.25611	754.96030	427.97627	723.82878
S204_D1	10	1	157.35171	745.58065	395.48500	715.78908
S204_D1	11	0	587.12282	451.29777	757.55338	454.93548
S204_D1	11	1	574.72924	461.68238	756.21354	467.66501
S204_D1	12	0	807.78856	430.84367	990.03070	434.01737
S204_D1	12	1	780.32170	418.78412	972.27774	422.62779
S204_D1	13	0	978.21842	586.37965	1161.80042	593.90819
S204_D1	13	1	954.10119	565.61042	1146.72715	571.12903
S204_D1	14	0	1069.73064	836.08189	1149.97697	845.35484
S204_D1	14	1	1011.44731	821.67742	1104.42219	827.60050
S204_D1	15	0	1667.52408	619.64020	1866.07118	643.79901
S204_D1	15	1	1583.78367	638.39950	1757.87858	663.89826
S204_D1	16	0	1581.77390	587.14640	1723.71249	600.25062
S204_D1	16	1	1503.72784	598.87097	1637.96232	614.99007
S204_D1	17	0	1191.53664	634.48635	1370.65597	647.92556
S204_D1	17	1	1129.90370	628.45658	1316.39218	638.54591
S204_D1	18	0	989.33845	764.73449	1154.38939	775.15881
S204_D1	18	1	1025.84927	726.21092	1190.23029	733.95533
S204_D1	19	0	973.59525	700.75186	1119.21842	705.14640
S204_D1	19	1	947.13329	675.96278	1105.48500	681.36228
S204_D1	20	0	783.95255	793.70471	851.45359	786.43424
S204_D1	20	1	864.00837	778.63027	932.17934	772.02978
S204_D1	21	0	443.80112	257.98015	629.39358	275.82382
S204_D1	21	1	395.56664	254.85360	599.69365	274.48387
S204_D1	22	0	1152.63782	163.71712	1239.50105	143.42432
S204_D1	22	1	1054.60572	188.72953	1138.56595	177.59305
S204_D1	23	0	1288.90091	320.92556	1400.21354	306.69975
S204_D1	23	1	1194.44173	337.67494	1304.41452	329.47891
S204_D1	24	0	1413.22819	374.28536	1553.34752	360.39454
S204_D1	24	1	1336.18702	407.11414	1471.95185	399.25310
S204_D1	25	0	1297.66643	406.77916	1404.62456	400.25806
S204_D1	25	1	1210.91137	415.48883	1326.57851	407.96278
S204_D1	26	0	1310.36078	432.23077	1526.85136	427.38462
S204_D1	26	1	1271.17027	430.89082	1493.02024	428.38958
S204_D1	27	0	1515.59735	290.61290	1622.22052	262.65261
S204_D1	27	1	1441.57083	350.57568	1551.54361	336.01489
S204_D1	28	0	824.25541	588.22084	936.12073	588.28536
S204_D1	28	1	731.80600	598.60546	853.38521	593.64516
S204_D1	29	0	798.79833	540.31762	966.26727	543.06203
S204_D1	29	1	735.49058	539.64764	911.66853	539.71216
S204_D1	30	0	927.75855	531.27295	1048.33287	531.00248
S204_D1	30	1	834.97418	542.66253	955.88346	544.73697
S204_D1	31	0	888.56804	605.64020	1038.28402	608.71960
S204_D1	31	1	819.23098	607.98511	976.65108	609.05459
S204_D1	32	0	209.88207	387.23573	389.56176	399.57568
S204_D1	32	1	303.67132	409.67990	476.31682	419.00496
S204_D1	33	0	367.94487	533.27295	525.85206	528.19355
S204_D1	33	1	318.03559	517.52854	497.04536	517.13896
S204_D1	34	0	461.85415	568.34988	598.65876	561.93052
S204_D1	34	1	526.83671	591.79901	667.99581	584.70968
S204_D1	35	0	566.36218	609.21836	721.58967	603.80397
S204_D1	35	1	517.79274	633.33747	687.42359	626.91811
S204_D1	36	0	1422.67411	211.24566	1527.27983	181.17618
S204_D1	36	1	1337.59386	251.77916	1448.89881	230.41935
S204_D1	37	0	1200.20377	655.15385	1353.25541	667.47395
S204_D1	37	1	1109.09421	637.39950	1274.87439	646.36973
S204_D1	38	0	1169.72226	610.60050	1346.22121	621.91563
S204_D1	38	1	1135.55618	589.49628	1329.13817	600.14144
S204_D1	39	0	1490.68318	698.76923	1596.61968	723.95037
S204_D1	39	1	1413.30705	687.37965	1527.95255	708.20596
S204_D1	40	0	1675.37474	729.11414	1801.08863	766.13400
S204_D1	40	1	1584.60014	730.45409	1688.20656	767.13896
S204_D1	41	0	1634.85415	478.55583	1824.87090	478.03722
S204_D1	41	1	1553.79344	490.95037	1738.11584	493.78164
S204_D1	42	0	835.11165	491.41439	850.24355	488.31017
S204_D1	42	1	960.05234	497.77916	991.93231	494.33995
S204_D1	43	0	493.29937	299.21836	531.79833	307.90819
S204_D1	43	1	416.92812	192.35732	484.90370	215.78660
S204_D1	44	0	1365.79344	970.45906	1384.98674	1011.66253
S204_D1	44	1	1449.86881	986.87345	1457.33845	1035.44665
S204_D1	45	0	447.09421	930.38462	415.44871	883.65012
S204_D1	45	1	396.84997	963.88337	336.73273	909.10918
S204_D1	46	0	1537.58130	410.65757	1365.71319	390.69727
S204_D1	46	1	1749.61200	254.21836	1536.20865	210.47395
S204_D1	47	0	1492.84020	920.21092	1322.31193	945.68983
S204_D1	47	1	1630.84438	957.39454	1391.98395	997.61290
S204_D1	48	0	1427.49546	682.04963	1566.81577	697.03474
S204_D1	48	1	1582.24773	649.55583	1748.03001	673.25062
S204_D1	49	0	1505.56176	663.28288	1536.30007	676.09429
S204_D1	49	1	1720.60712	595.61538	1775.79763	611.77667
S204_D1	50	0	1396.13050	690.47891	1135.12561	683.96526
S204_D1	50	1	1310.71528	614.77171	1029.61270	602.89826
S204_D1	51	0	1244.39288	698.18362	1121.72715	699.03970
S204_D1	51	1	1361.62945	689.47395	1239.63364	691.66998
S204_D1	52	0	1102.32938	693.33499	921.42010	689.66005
S204_D1	52	1	1175.01605	625.66749	951.56664	617.97270
S204_D1	53	0	1431.68248	905.83375	1175.07188	922.59305
S204_D1	53	1	1354.64131	937.65757	1055.49058	949.39206
S204_D1	54	0	1099.42708	844.83623	931.24634	837.13151
S204_D1	54	1	1182.83252	880.34491	1033.40963	882.01985
S204_D1	55	0	1143.97697	971.12655	873.25541	957.68734
S204_D1	55	1	1029.08514	929.92308	718.16818	908.10918
S204_D1	56	0	670.12142	941.33499	408.53454	897.95533
S204_D1	56	1	757.88137	953.39454	558.26239	922.07444
S204_D1	57	0	1407.16190	829.45906	1102.21842	830.81390
S204_D1	57	1	1297.62945	819.40943	980.96232	815.40447
S204_D1	58	0	1162.63992	778.54094	968.90370	771.85608
S204_D1	58	1	1239.68109	770.50124	987.99651	766.49628
S204_D1	59	0	1310.82275	986.20347	1076.22121	993.25310
S204_D1	59	1	1215.35869	976.48883	995.16050	978.84864
S204_D1	60	0	809.62736	298.45906	363.89114	283.67246
S204_D1	60	1	920.01814	116.85856	333.93301	101.06700
S204_D1	61	0	1034.20586	760.50620	878.34334	751.93548
S204_D1	61	1	878.11375	810.08437	721.91626	788.78412
S204_D1	62	0	957.88625	757.26551	920.24564	750.24069
S204_D1	62	1	1472.91556	1049.18114	1128.18004	1074.97519
S204_D1	63	0	859.06490	957.05955	646.93301	931.05459
S204_D1	63	1	1314.77879	876.36973	1290.31193	898.28040
S204_D1	64	0	565.97209	734.61042	509.06490	707.19107
S204_D1	64	1	1452.85694	754.98511	1330.22121	769.88586
S204_D1	65	0	671.20237	976.82382	534.18283	938.48387
S204_D1	65	1	781.06978	947.00993	679.89114	923.74442
S204_D1	66	0	1486.56385	311.14888	1486.11165	280.01737
S204_D1	66	1	1642.99093	207.30273	1703.50174	157.74690
S204_D1	67	0	635.40754	266.17618	668.94557	269.90571
S204_D1	67	1	795.51919	273.88089	847.14515	272.25062
S204_D1	68	0	356.38102	249.89082	433.80391	264.91563
S204_D1	68	1	532.90579	287.40943	616.69295	294.72953
S204_D1	69	0	370.11445	233.14144	339.62805	249.11166
S204_D1	69	1	308.81647	275.34988	355.03629	292.99504
S204_D1	70	0	1010.72296	576.96030	1115.40265	575.50868
S204_D1	70	1	1122.26518	552.84119	1235.31891	554.06948
S204_D1	71	0	262.89463	413.50620	42.87509	403.62531
S204_D1	71	1	544.93231	411.16129	265.62456	400.27543
S204_D1	72	0	486.95045	628.12159	427.07048	606.31266
S204_D1	72	1	720.75366	703.49380	662.21354	689.72457
S204_D1	73	0	859.34892	825.19851	845.35869	815.73449
S204_D1	73	1	1038.55338	827.20844	1005.80530	831.14392
S204_D1	74	0	398.24355	758.96526	171.18772	713.86104
S204_D1	74	1	680.61619	814.23821	492.08095	790.90819
S204_D1	75	0	1645.66643	306.75931	1625.56874	274.92308
S204_D1	75	1	1753.52408	244.78660	1812.47732	186.15136
S204_D2	0	0	1310.17865	724.73945	521.20028	678.44169
S204_D2	0	1	1367.12212	728.75931	578.14375	681.79156
S204_D2	1	0	1399.01465	319.96030	1736.44103	272.00993
S204_D2	2	0	1505.11165	331.25062	1780.32100	271.35484
S204_D2	2	1	1550.66643	313.49628	1841.28402	245.22581
S204_D2	3	0	1275.99930	232.50620	1347.21703	187.68486
S204_D2	3	1	1351.03070	228.48635	1436.65178	183.33002
S204_D2	4	0	1218.03559	210.72457	1303.99163	172.85360
S204_D2	4	1	1284.69295	197.99504	1389.07188	152.75434
S204_D2	5	0	1113.15073	186.59553	1216.18981	158.43921
S204_D2	5	1	1182.15283	202.00496	1290.55129	166.14392
S204_D2	6	0	902.21633	184.86104	1038.45918	180.55831
S204_D2	6	1	924.65876	173.80645	1069.61061	164.14392
S204_D2	7	0	907.91068	214.67494	952.70900	206.35236
S204_D2	7	1	960.49965	225.05955	1025.73064	213.05211
S204_D2	8	0	592.90440	103.87345	599.71110	133.98015
S204_D2	8	1	657.55199	113.25310	680.10188	134.31514
S204_D2	9	0	816.32380	162.16129	777.91068	165.13400
S204_D2	9	1	851.15980	161.49132	840.88346	161.44913
S204_D2	10	0	665.93789	318.77916	655.66155	330.12655
S204_D2	10	1	630.43196	246.42184	633.88904	268.82382
S204_D2	11	0	567.29170	279.97767	609.64131	300.89826
S204_D2	11	1	537.81507	212.31017	589.54361	241.60546
S204_D2	12	0	1088.98255	400.81141	1159.46895	385.42184
S204_D2	12	1	1140.90161	379.37221	1235.50523	355.27295
S204_D2	13	0	930.50314	129.95782	992.12910	122.82630
S204_D2	13	1	992.80600	137.99752	1068.16539	123.16129
S204_D2	14	0	1140.16539	649.63027	1205.51500	635.36476
S204_D2	14	1	1210.84229	624.84119	1300.30914	610.57568
S204_D2	15	0	573.27006	174.30521	674.58548	198.94541
S204_D2	15	1	499.24355	173.30025	594.86462	204.64020
S204_D2	16	0	1189.38521	282.88586	1332.42917	251.69479
S204_D2	16	1	1226.23098	288.58065	1364.25052	254.37469
S204_D2	17	0	1365.03559	569.90571	1539.66643	551.45409
S204_D2	17	1	1414.60991	543.44169	1621.73203	516.95037
S204_D2	18	0	1584.98186	551.72457	1777.30635	517.62531
S204_D2	18	1	1650.96930	544.68983	1843.96371	507.24069
S204_D2	19	0	1373.91835	586.06452	1400.26797	558.18610
S204_D2	19	1	1496.84927	594.43921	1530.56804	566.22581
S204_D2	20	0	1162.97209	577.88586	1109.03559	555.48635
S204_D2	20	1	1215.89602	614.39950	1193.44592	594.34491
S204_D2	21	0	1080.61270	210.28040	1227.60782	186.97519
S204_D2	21	1	1120.13817	218.65509	1276.17725	191.33002
S204_D2	22	0	1309.45359	603.14888	1476.91068	585.59553
S204_D2	22	1	1340.60502	569.65012	1510.07188	549.75186
S204_D2	23	0	1561.02303	426.10918	1398.48081	371.76923
S204_D2	23	1	1505.08444	422.08933	1405.51500	378.80397
S204_D2	24	0	1482.83043	486.10422	1451.25820	444.82878
S204_D2	24	1	1581.97906	488.44913	1593.95185	442.48387
S204_D2	25	0	1482.61270	603.36228	1380.69853	574.81638
S204_D2	25	1	1553.28960	567.18362	1499.60991	533.61290
S204_D2	26	0	1472.89881	548.08933	1375.00419	510.49876
S204_D2	26	1	1488.64201	557.46898	1434.96232	523.22829
S204_D2	27	0	1650.74180	547.08933	1607.91068	504.47395
S204_D2	27	1	1763.28890	502.20099	1760.31821	449.87097
S204_D2	28	0	1733.76622	420.56576	1639.35101	352.82630
S204_D2	28	1	1837.26936	421.90571	1805.82694	351.15136
S204_D2	29	0	1602.45848	630.80893	1550.58339	599.24814
S204_D2	29	1	1636.28960	612.04963	1643.36776	576.13400
S204_D2	30	0	1576.53873	472.88089	1342.11654	417.48635
S204_D2	30	1	1609.03001	501.01985	1447.62945	448.97519
S204_D2	31	0	1458.63224	506.04467	1335.08234	460.02978
S204_D2	31	1	1442.88904	538.53846	1383.31682	506.59305
S204_D2	32	0	1597.97627	457.47146	1466.05234	406.76675
S204_D2	32	1	1620.41870	461.15633	1545.43824	403.75186
S204_D2	33	0	564.07537	346.37717	512.42289	357.76675
S204_D2	33	1	448.84857	56.27792	362.36008	101.83623
S204_D2	34	0	1410.87230	773.08933	1459.76274	767.35484
S204_D2	34	1	1635.29658	768.73449	1840.94906	763.00000
S204_D2	35	0	1004.03280	439.13896	1009.96441	424.16129
S204_D2	35	1	905.88904	299.44913	932.58828	291.17122
S204_D2	36	0	610.84997	733.54591	655.22401	721.02978
S204_D2	36	1	719.71249	752.30521	724.56106	735.76923
S204_D2	37	0	641.42428	406.36973	640.64689	407.61042
S204_D2	37	1	635.06001	367.17618	657.39498	373.77667
S204_D2	38	0	400.07467	363.34988	322.63224	385.32506
S204_D2	38	1	385.33636	346.93548	356.12840	370.58561
S204_D2	39	0	902.85973	544.96526	1002.63712	534.30521
S204_D2	39	1	960.47313	543.62531	1072.30914	533.97022
S204_D2	40	0	946.34124	592.86352	1057.41172	583.00496
S204_D2	40	1	964.76413	538.93052	1080.85904	527.73201
S204_D2	41	0	1251.70551	301.54591	1321.73971	263.56576
S204_D2	41	1	1345.49477	294.17618	1405.14515	247.15136
S204_D2	42	0	1511.26727	625.23573	1694.57083	602.91067
S204_D2	42	1	1443.60502	654.37965	1626.23866	636.40943
S204_D2	43	0	1178.87369	269.49380	1252.70970	237.58313
S204_D2	43	1	911.90928	166.98759	946.88974	160.87097
S204_D2	44	0	1556.76902	535.97022	1875.78507	502.49380
S204_D2	44	1	1517.91347	498.11663	1821.85625	460.62035
S204_D2	45	0	1196.57781	754.78660	1163.14027	736.44665
S204_D2	45	1	1068.95743	817.42928	1040.20935	801.76923
S204_D2	46	0	680.47523	393.69975	678.72715	398.62035
S204_D2	46	1	491.89184	393.69975	515.26588	407.66501
S204_D2	47	0	867.96162	717.80397	938.32868	708.40447
S204_D2	47	1	713.20935	699.04467	802.33426	688.64020
S204_D2	48	0	1436.79344	782.05459	1519.98186	779.21340
S204_D2	48	1	1528.90789	760.28040	1651.62177	749.39950
S204_D2	49	0	1113.47592	813.87097	1078.75925	799.42184
S204_D2	49	1	1179.12840	882.20844	1096.84717	870.10422
S204_D2	50	0	1669.53385	689.81886	1618.21144	658.58065
S204_D2	50	1	1596.17725	655.31514	1618.88137	633.12159
S204_D2	51	0	641.59805	230.53598	783.94278	251.10918
S204_D2	51	1	690.50244	218.81141	829.83252	233.35484
S204_D2	52	0	961.66434	697.46402	1004.18702	686.81886
S204_D2	52	1	1036.36078	697.79901	1067.49477	686.14888
S204_D2	53	0	984.71040	766.54591	921.57851	754.45658
S204_D2	53	1	1085.53385	878.43176	1058.91277	867.01241
S204_D2	54	0	1242.68876	867.67494	903.55199	841.55583
S204_D2	54	1	1409.49965	862.65012	1137.69016	845.57568
S204_D2	55	0	241.08514	790.14392	241.72784	764.16873
S204_D2	55	1	405.88625	747.26551	416.57781	729.33002
S204_D2	56	0	692.73203	254.20596	798.67830	263.64020
S204_D2	56	1	591.23866	265.26055	703.54920	282.06452
S204_D2	57	0	1373.54710	748.49380	1205.64480	725.49876
S204_D2	57	1	1483.41452	683.50620	1403.27216	660.84615
S204_D2	58	0	1455.01814	650.04467	1735.78088	635.37469
S204_D2	58	1	1378.98186	642.00496	1641.32170	625.66005
S204_D2	59	0	1712.48011	753.26551	1881.14445	753.36476
S204_D2	59	1	1606.29728	737.18610	1760.89323	724.89082
S204_D2	60	0	1416.37334	242.87841	1307.48081	186.25310
S204_D2	60	1	1592.56315	101.17866	1457.87858	11.72457
S204_D2	61	0	604.09630	728.86849	366.33357	703.89826
S204_D2	61	1	466.09211	637.08189	174.06560	619.14640
S204_D2	62	0	326.07816	809.60050	166.36148	777.93052
S204_D2	62	1	537.77390	744.94789	406.19400	720.98263
S204_D2	63	0	1562.89602	608.84864	1855.01745	586.22829
S204_D2	63	1	1471.78646	640.00248	1745.48500	621.73697
S204_D2	64	0	1592.70761	530.12655	1913.63573	490.42184
S204_D2	64	1	1538.77879	569.99007	1854.68248	539.33002
S204_D2	65	0	1362.86183	314.30025	1653.03559	263.24069
S204_D2	65	1	1448.27704	335.40447	1752.18423	279.32010
S204_D2	66	0	1526.13608	361.80397	1485.92324	302.93300
S204_D2	66	1	1644.04257	295.14144	1623.25750	215.50124
S204_D4	0	0	1293.19819	692.04963	515.69784	682.85856
S204_D4	0	1	1344.78227	689.36973	570.63154	687.54839
S204_D4	1	0	576.13398	746.35236	861.35450	744.93052
S204_D4	2	0	369.11863	814.26303	206.67132	754.25806
S204_D4	2	1	328.58828	673.23325	184.22889	628.30273
S204_D4	3	0	724.22610	719.99752	295.43615	683.70471
S204_D4	3	1	632.44662	578.96774	138.33915	547.69975
S204_D4	4	0	838.57502	758.68486	657.21354	747.60794
S204_D4	4	1	663.72505	694.70223	491.07258	672.23573
S204_D4	5	0	867.83252	858.13896	768.41940	847.79404
S204_D4	5	1	802.18004	791.14144	690.03838	777.11166
S204_D4	6	0	615.98883	830.17618	591.04536	803.49628
S204_D4	6	1	407.64271	897.84367	408.15632	841.68486
S204_D4	7	0	614.54641	855.71960	568.11584	820.58065
S204_D4	7	1	505.34892	861.07940	478.34613	819.57568
S204_D4	8	0	608.20167	784.46898	725.03280	765.78412
S204_D4	8	1	547.90858	765.03970	685.50733	745.68486
S204_D4	9	0	1148.96930	686.45906	1359.79065	724.43424
S204_D4	9	1	1078.96232	676.40943	1277.39009	712.03970
S204_D4	10	0	1519.39009	689.69975	1709.30914	762.35484
S204_D4	10	1	1562.93510	673.28536	1786.01535	749.29032
S204_D4	11	0	333.73692	690.49876	532.96441	663.52854
S204_D4	11	1	199.41731	684.80397	424.10188	645.43921
S204_D4	12	0	498.38800	780.64020	631.99930	754.54591
S204_D4	12	1	648.78576	776.62035	781.72715	771.63027
S204_D4	13	0	1588.96720	628.81886	1383.94278	676.04467
S204_D4	13	1	1728.98116	579.57568	1524.96162	630.48635
S204_D4	14	0	639.79623	813.62531	601.92324	790.65509
S204_D4	14	1	763.73203	794.86600	744.95185	784.96030
S204_D4	15	0	1317.89812	836.57816	1346.88346	894.14888
S204_D4	15	1	1184.58339	808.43921	1179.40265	845.24069
S204_D4	16	0	455.79414	906.47891	335.02652	847.06948
S204_D4	16	1	655.76622	908.15385	457.95743	865.82878
S204_D4	17	0	204.32659	705.85608	246.53175	655.92060
S204_D4	17	1	20.09770	764.14392	141.01884	694.77916
S204_D4	18	0	1092.97697	783.37965	1095.41452	808.31514
S204_D4	18	1	1217.58269	761.94045	1188.53385	798.93548
S204_D4	19	0	1166.17725	809.49876	1247.60014	851.19355
S204_D4	19	1	1291.45290	810.83871	1365.84159	865.59801
S204_D4	20	0	1062.00419	855.39206	959.70133	869.27792
S204_D4	20	1	1164.15492	870.77667	1106.07955	903.11166
S204_D4	21	0	897.54641	808.21092	874.91347	813.90571
S204_D4	21	1	799.06769	850.08437	740.25890	842.04467
S204_D4	22	0	954.48988	845.05955	874.57851	850.08437
S204_D4	22	1	846.96720	874.87345	720.83112	862.81390
S204_D4	23	0	857.84997	835.95533	688.67341	823.90074
S204_D4	23	1	844.11654	877.49380	590.19470	856.72953
S204_D4	24	0	820.71807	732.87593	1027.49267	746.03970
S204_D4	24	1	862.25331	722.49132	1088.79065	740.34491
S204_D4	25	0	1438.47592	895.88089	1145.36357	945.38462
S204_D4	25	1	1659.55059	951.15385	1375.48221	1036.83623
S204_D4	26	0	333.32449	713.89082	282.18772	666.28536
S204_D4	26	1	506.83461	738.00993	492.87858	708.49380
S204_D4	27	0	573.48011	831.60298	605.07886	802.75682
S204_D4	27	1	442.51012	851.36725	488.51221	808.45161
S6_D1	0	0	1354.13189	697.15136	513.54361	657.63027
S6_D1	0	1	1405.71598	705.19107	569.81717	668.34988
S6_D1	1	0	541.29798	415.38462	799.88835	468.98263
S6_D1	2	0	1724.18632	247.63524	1357.81228	214.56824
S6_D1	2	1	1446.50314	148.47891	1005.09770	126.46650
S6_D1	3	0	966.03070	580.41687	816.64410	586.08437
S6_D1	3	1	1037.37753	556.96774	851.48011	566.99007
S6_D1	4	0	1289.17446	622.29032	1178.72226	643.40943
S6_D1	4	1	1191.36567	591.80645	1089.62247	611.25062
S6_D1	5	0	916.02582	576.21588	779.67411	591.16873
S6_D1	5	1	956.55618	572.19603	847.00140	585.80893
S6_D1	6	0	1417.92742	699.57320	1327.11654	729.32258
S6_D1	6	1	1396.15492	645.64020	1271.17795	666.00993
S6_D1	7	0	963.55618	759.45906	782.05024	767.29280
S6_D1	7	1	900.98186	545.96774	698.64410	553.23821
S6_D1	8	0	1148.88416	536.17618	1161.36567	559.66501
S6_D1	8	1	1274.15980	532.15633	1262.85904	554.97519
S6_D1	9	0	1275.79414	469.36228	1045.36078	474.50124
S6_D1	9	1	1583.95883	335.36725	1283.18353	318.39702
S6_D1	10	0	1115.02582	236.08685	705.70621	230.13648
S6_D1	10	1	1591.39707	134.78908	997.12282	94.80149
S6_D1	11	0	1177.35869	564.53102	1188.76204	590.72208
S6_D1	11	1	1230.95255	568.88586	1283.55618	598.76179
S6_D1	12	0	496.45778	436.97022	447.88346	460.86104
S6_D1	12	1	682.69644	458.40943	640.82135	483.64020
S6_D1	13	0	1380.72575	241.86104	807.63992	217.74194
S6_D1	13	1	969.39288	64.31762	272.37125	58.95782
S6_D1	14	0	1445.02442	683.71960	1445.69435	720.88089
S6_D1	14	1	1601.11654	689.07940	1552.88207	722.22084
S6_D1	15	0	1056.60502	183.45906	1132.13538	203.70968
S6_D1	15	1	890.12910	64.20347	914.74529	98.85856
S6_D1	16	0	1059.92533	307.04467	1269.65178	338.18610
S6_D1	16	1	986.56874	285.94045	1187.58618	319.42680
S6_D1	17	0	1023.55618	488.35980	1057.22610	512.50124
S6_D1	17	1	911.34403	463.23573	928.60084	490.05707
S6_D1	18	0	1255.42917	409.69975	1372.64410	431.85112
S6_D1	18	1	1310.02791	409.69975	1455.04466	433.86104
S6_D1	19	0	1537.08444	702.98015	1645.69574	750.76427
S6_D1	19	1	1567.90091	709.67990	1694.60014	758.80397
S6_D1	20	0	975.02373	640.85360	688.62038	644.27792
S6_D1	20	1	1133.46057	782.21836	719.10188	778.94293
S6_D1	21	0	1558.70970	246.33002	1326.37264	227.57568
S6_D1	21	1	1307.82345	248.67494	1095.24913	240.97519
S6_D1	22	0	993.62038	363.80149	839.18493	376.86600
S6_D1	22	1	1214.02512	400.98511	1090.40614	407.01489
S6_D1	23	0	831.25820	359.85360	750.08514	382.89578
S6_D1	23	1	938.11096	264.71712	900.14794	288.42928
S6_D1	24	0	687.51779	381.48635	649.49267	409.18610
S6_D1	24	1	877.77599	407.95037	836.73622	429.95533
S6_D1	25	0	592.97627	317.06452	323.23796	336.92804
S6_D1	25	1	380.61061	224.27295	1.67481	246.14640
S6_D1	26	0	553.68388	132.32010	516.46615	180.55831
S6_D1	26	1	743.94208	49.24318	643.41661	87.76675
S6_D1	27	0	856.30216	507.77419	934.28542	536.78412
S6_D1	27	1	911.23587	478.29529	1008.64689	509.98511
S6_D1	28	0	1383.57641	593.04218	1371.41033	613.37717
S6_D1	28	1	1594.93719	664.72953	1585.45080	697.79404
S6_D3	0	0	735.53733	627.78412	594.09909	618.79404
S6_D3	0	1	746.25611	626.10918	603.81298	616.78412
S6_D3	1	0	1405.49895	45.55831	1661.40963	33.49876
S6_D3	2	0	461.06071	481.75682	378.06769	474.92060
S6_D3	2	1	650.64899	538.70471	566.31612	532.53846
S6_D3	3	0	497.07746	296.62035	422.26378	309.17618
S6_D3	3	1	624.36288	317.72457	528.44662	327.93548
S6_D3	4	0	982.69574	98.82134	1149.20377	116.24069
S6_D3	4	1	926.75715	104.85112	1088.91068	126.62531
S6_D3	5	0	1357.17446	387.35236	1341.12352	401.65757
S6_D3	5	1	1341.43126	411.47146	1300.92812	426.78164
S6_D3	6	0	1702.15213	285.76179	1709.64410	285.41439
S6_D3	6	1	1745.69714	280.40199	1758.88346	279.04963
S6_D3	7	0	1593.74738	246.29032	1612.84020	245.51613
S6_D3	7	1	1713.66364	274.42928	1742.80530	272.98511
S6_D3	8	0	162.79135	407.81886	150.06281	405.31017
S6_D3	8	1	149.39288	399.44417	179.53943	400.62035
S6_D3	9	0	1670.78856	193.69975	1696.58060	184.26551
S6_D3	9	1	1726.72715	216.81390	1757.20865	207.37965
S6_D3	10	0	1097.98883	172.44665	1074.03489	180.35732
S6_D3	10	1	948.93091	240.78412	911.57851	252.04467
S6_D3	11	0	1283.43475	322.49380	1064.32938	325.17122
S6_D3	11	1	1518.24285	256.83623	1249.89812	251.13896
S6_D3	12	0	1064.90858	253.36973	1114.86462	265.45409
S6_D3	12	1	1202.24285	224.89578	1257.55827	234.97022
S6_D3	13	0	914.06001	227.57568	988.28262	245.09181
S6_D3	13	1	984.06699	233.60546	1065.32380	248.44169
S6_D3	14	0	1388.42987	253.21340	1213.60014	251.34491
S6_D3	14	1	1546.19679	198.61042	1374.04676	190.37717
S6_D3	15	0	767.19679	606.62283	599.05024	596.66749
S6_D3	15	1	767.53175	442.47891	593.02094	448.93797
S6_D3	16	0	762.50733	593.89330	620.48779	586.61787
S6_D3	16	1	741.06978	452.86352	620.15283	455.30273
S6_D3	17	0	720.25541	437.06452	594.32380	438.81886
S6_D3	17	1	503.20028	439.74442	387.98744	437.14392
S6_D3	18	0	947.27495	314.13896	883.36776	324.17866
S6_D3	18	1	831.71319	280.30521	800.29728	292.68983
S6_D3	19	0	1387.18911	144.17618	1337.07188	145.71960
S6_D3	19	1	1214.34892	125.75186	1167.58130	129.64020
S6_D3	20	0	772.43126	259.15136	857.73692	276.33499
S6_D3	20	1	567.43475	255.13151	618.90928	274.66005
S6_D3	21	0	735.82275	528.69727	547.14655	521.95037
S6_D3	21	1	1023.87648	341.70968	968.21144	350.85608
S6_D3	22	0	511.12421	331.94045	540.42708	344.86849
S6_D3	22	1	831.19400	162.59305	874.92533	181.62779
S6_D3	23	0	825.48151	528.40695	557.22470	520.68486
S6_D3	23	1	1070.33845	492.89826	821.17446	493.21588
S6_D3	24	0	1288.54152	484.09677	903.18074	483.87345
S6_D3	24	1	1580.62945	422.84119	1140.66853	421.90074
S6_D3	25	0	1079.75994	457.91811	911.50803	467.74442
S6_D3	25	1	1297.15003	389.58065	1129.23308	398.73697
S6_D3	26	0	1097.51291	417.71960	904.47383	422.52109
S6_D3	26	1	1238.90300	306.64268	1080.64410	312.58561
S6_D3	27	0	1121.66643	301.28288	929.57641	304.21092
S6_D3	27	1	1385.28123	302.28784	1174.09839	302.87097
S6_D3	28	0	865.91626	229.71216	767.74459	241.79156
S6_D3	28	1	1086.32100	309.77419	992.11305	317.49380
S6_D3	29	0	763.33915	481.36228	536.08514	475.43921
S6_D3	29	1	1003.17167	339.32754	776.25262	342.78412
S6_D3	30	0	709.30775	123.27543	747.22121	148.06452
S6_D3	30	1	769.26588	95.47146	819.90789	121.93548
S6_D3	31	0	765.58130	108.20099	584.09491	125.28536
S6_D3	31	1	1023.50174	25.79404	812.20377	35.50868
S6_D3	32	0	320.01396	197.49876	217.10747	219.96526
S6_D3	32	1	387.00628	203.52854	355.11165	226.66501
S6_D3	33	0	735.18632	331.52357	655.15003	342.27047
S6_D3	33	1	576.41452	325.49380	564.04047	335.57072
S6_D3	34	0	1088.45150	197.17618	1069.99651	207.16625
S6_D3	34	1	1181.23587	248.42928	1144.69295	255.06948
S6_D3	35	0	778.94976	160.32010	833.94976	181.28536
S6_D3	35	1	689.51500	153.28536	740.49546	177.93548
S6_D3	36	0	646.97488	80.25806	528.45639	105.75186
S6_D3	36	1	785.31403	114.42680	633.96930	132.21588
S6_D3	37	0	803.06699	195.15881	687.56315	209.59801
S6_D3	37	1	939.06141	186.78412	839.30077	198.87841
S6_D3	38	0	1029.28751	238.91067	967.76413	249.12159
S6_D3	38	1	1157.24285	237.23573	1081.31612	244.76675
S6_D3	39	0	957.27076	259.67990	930.24843	273.91067
S6_D3	39	1	1057.08932	279.77916	1011.64410	290.66005
S6_D3	40	0	1038.33147	311.26799	955.37055	319.80397
S6_D3	40	1	1122.07188	336.39206	1040.45080	345.26303
S6_D3	41	0	1129.55687	424.03970	801.74738	423.49380
S6_D3	41	1	1305.07676	370.77667	914.96441	366.88089
S6_D3	42	0	635.94208	273.68486	372.81228	279.05955
S6_D3	42	1	427.93091	259.95037	149.39288	264.32010
S6_D3	43	0	1331.44382	131.90074	1305.88137	133.66005
S6_D3	43	1	1223.92114	121.51613	1192.32938	124.28040
S6_D3	44	0	1014.64480	236.95037	955.74738	247.96526
S6_D3	44	1	1035.41242	210.48635	1006.32659	221.50124
S6_D3	45	0	739.37823	261.88337	638.14585	274.00000
S6_D3	45	1	928.96650	218.66998	820.36497	230.78660
S6_D3	46	0	1253.74459	186.26551	1227.12142	191.40943
S6_D3	46	1	1313.70272	170.18610	1315.55129	170.97519
S6_D3	47	0	1002.87927	134.22581	968.06001	146.38958
S6_D3	47	1	1148.92254	124.17618	1114.10328	131.65012
S6_D4	0	0	1328.99860	705.19851	522.38800	703.60546
S6_D4	0	1	1384.26727	710.89330	582.68109	709.97022
S6_D4	1	0	1670.17237	692.34491	1700.99372	721.26799
S6_D4	1	1	1807.17167	652.48139	1881.87299	678.72457
S6_D4	2	0	1408.00210	608.23507	1702.51626	627.16791
S6_D4	3	0	511.53943	780.94045	697.15073	779.57568
S6_D4	3	1	616.04745	774.91067	805.00837	775.89082
S6_D4	4	0	854.79135	648.25062	1073.70063	656.75434
S6_D4	4	1	890.96720	650.26055	1112.22121	664.12407
S6_D4	5	0	567.37055	818.28040	594.57362	812.48635
S6_D4	5	1	631.01326	796.17122	643.47802	794.39702
S6_D4	6	0	1229.60572	787.86104	1200.29239	808.92060
S6_D4	6	1	1246.01884	755.36725	1253.21633	775.75682
S6_D4	7	0	465.72435	947.00993	397.72994	922.55583
S6_D4	7	1	268.09700	952.70471	187.37404	916.19107
S6_D4	8	0	873.24843	616.97022	1070.09421	625.36476
S6_D4	8	1	951.96441	552.31762	1155.50942	567.07692
S6_D4	9	0	352.95045	902.67742	492.61340	882.23821
S6_D4	9	1	483.58548	770.02233	628.94278	765.66253
S6_D4	10	0	391.26029	913.13896	553.54152	893.73449
S6_D4	10	1	277.03838	957.02233	435.30007	927.23325
S6_D4	11	0	1445.69435	750.37221	1507.99721	776.50620
S6_D4	11	1	1365.48081	742.34988	1459.74180	769.49132
S6_D4	12	0	1579.67900	757.60794	1438.19260	785.29280
S6_D4	12	1	1762.56804	621.93797	1638.83461	636.22333
S6_D4	13	0	552.55897	727.82382	494.33426	723.14392
S6_D4	13	1	653.71738	636.03722	629.65876	639.73201
S6_D4	14	0	1520.33636	672.08437	1508.94278	691.00000
S6_D4	14	1	1602.73692	622.50620	1639.91277	640.41687
S6_D4	15	0	1504.77948	736.87345	1375.74948	760.88834
S6_D4	15	1	1683.64899	691.65012	1584.09560	713.65509
S6_D4	16	0	1470.61340	656.47643	1436.04257	674.46154
S6_D4	16	1	1587.84997	610.91811	1602.51849	625.21836
S6_D4	17	0	1261.62805	633.06452	1127.11165	644.84367
S6_D4	17	1	1395.61270	561.04218	1311.93999	568.60050
S6_D4	18	0	1599.29728	506.55583	1518.66923	506.86600
S6_D4	18	1	1821.04187	499.18610	1734.71947	495.47643
S6_D4	19	0	1393.11375	907.29280	1017.16818	928.57320
S6_D4	19	1	1637.87579	856.30521	1351.79484	889.71464
S6_D4	20	0	660.05513	876.24566	599.84299	868.46402
S6_D4	20	1	849.30844	826.66749	793.45080	828.26551
S6_D4	21	0	1154.48779	784.80645	972.00349	794.09677
S6_D4	21	1	1258.22610	961.07940	1010.27495	980.87345
S6_D4	22	0	1133.36078	606.00496	1361.15073	620.34988
S6_D4	22	1	1170.20656	603.66005	1406.70551	616.33002
S6_D4	23	0	528.95185	158.61290	715.48988	193.50620
S6_D4	23	1	179.20447	282.45658	436.51221	324.77916
S6_D4	24	0	1256.23098	578.07940	1205.47523	583.97767
S6_D4	24	1	1198.95255	533.19107	1174.32380	539.75931
S6_D4	25	0	1310.25541	715.63027	1107.46615	729.67990
S6_D4	25	1	1329.68318	621.83375	1183.83740	631.86352
S6_D4	26	0	1652.01047	700.91563	1184.50733	713.93548
S6_D4	26	1	1518.69574	605.10918	1213.64899	611.09429
S6_D4	27	0	946.57083	725.04963	870.30426	733.87345
S6_D4	27	1	868.18981	635.94293	812.02094	643.09181
S6_D4	28	0	1096.26308	703.48387	909.55897	711.33747
S6_D4	28	1	1213.16469	593.60794	1018.75645	598.44665
S6_D4	29	0	1056.06769	663.62035	898.50523	672.81390
S6_D4	29	1	1027.26099	570.82878	916.25820	581.02730
S6_D4	30	0	1079.60572	788.88337	912.28053	797.83127
S6_D4	30	1	1171.38521	692.40695	1035.54641	703.69975
S6_D4	31	0	1130.75645	828.26303	977.57362	841.68486
S6_D4	31	1	1198.75366	766.62531	1090.12073	783.39702
S6_D4	32	0	1220.08932	123.94541	1356.00907	109.54094
S6_D4	32	1	1289.09142	138.34988	1435.72994	117.58065
S6_D4	33	0	1312.20377	196.30273	1432.04536	176.87345
S6_D4	33	1	1374.17167	168.16377	1503.05722	143.70968
S6_D4	34	0	1237.50733	228.46154	1312.79902	219.41687
S6_D4	34	1	1310.52896	243.87097	1394.86462	230.80645
S6_D4	35	0	1029.03838	370.30521	1154.80600	376.10174
S6_D4	35	1	1078.27774	353.22084	1213.75925	358.01241
S6_D4	36	0	1196.18423	341.83127	1293.48011	343.27295
S6_D4	36	1	1254.13259	329.43672	1353.77320	326.18859
S6_D4	37	0	1074.92812	444.00248	1220.79344	451.13896
S6_D4	37	1	1125.84229	448.35732	1282.76134	456.16377
S6_D4	38	0	986.57851	206.39702	1108.82763	212.36725
S6_D4	38	1	1047.87648	211.08685	1175.81996	211.69727
S6_D4	39	0	933.98953	261.00000	1066.28751	270.65509
S6_D4	39	1	988.92324	272.72457	1121.22121	280.03474
S6_D4	40	0	1448.15562	384.79156	1656.25541	375.18114
S6_D4	40	1	1497.39498	395.84615	1721.90789	387.24069
S6_D4	41	0	1439.44662	466.52854	1617.06490	467.30273
S6_D4	41	1	1507.44382	471.88834	1702.81507	471.65757
S6_D4	42	0	1106.53524	409.66749	1283.15073	413.83623
S6_D4	42	1	1158.11933	423.40199	1337.07955	426.23077
S6_D4	43	0	836.92812	700.97519	812.37125	706.29032
S6_D4	43	1	961.19888	694.61042	932.28751	702.60546
S6_D4	44	0	1545.45359	566.33995	1026.80181	567.26055
S6_D4	44	1	1656.32589	511.73697	1280.36776	508.63772
S6_D4	45	0	1632.54361	635.01241	1452.11654	650.08933
S6_D4	45	1	1710.92463	557.29529	1584.42638	562.65757
S6_D4	46	0	1515.15562	755.35484	1394.79414	781.02978
S6_D4	46	1	1628.03768	738.94045	1527.77390	766.96030
S6_D4	47	0	1612.31821	747.64020	1589.77809	780.18610
S6_D4	47	1	1420.38521	749.31514	1418.27774	776.16625
S6_D4	48	0	927.32659	544.36973	953.98674	551.22581
S6_D4	48	1	973.88625	538.00496	1013.94487	546.53598
S6_D4	49	0	926.29030	876.94541	881.92812	883.91315
S6_D4	49	1	1022.08932	810.28288	1003.18423	821.94045
S6_D4	50	0	939.14306	753.94293	515.84229	751.43921
S6_D4	50	1	780.03629	637.03226	482.01117	637.20844
S6_D4	51	0	1330.46755	446.20347	1116.32659	444.28536
S6_D4	51	1	1082.59595	446.20347	889.76134	450.38462
S6_D4	52	0	524.93999	770.54839	336.48988	757.36973
S6_D4	52	1	305.20516	707.57072	107.37613	696.06700
S6_D4	53	0	523.68179	387.95533	264.81089	406.70471
S6_D4	53	1	712.93510	366.18114	430.28193	380.24069
S6_D4	54	0	854.88416	593.12655	636.75227	596.66253
S6_D4	54	1	982.50454	695.63275	751.64410	698.83375
S6_D4	55	0	916.82554	797.48387	717.50035	799.51861
S6_D4	55	1	985.82763	710.38710	831.38730	716.44169
S6_D4	56	0	877.96999	868.50124	752.00140	868.19107
S6_D4	56	1	992.86183	843.71216	827.36776	848.09181
S6_D4	57	0	1184.58130	897.76923	1015.29937	915.25558
S6_D4	57	1	1186.59107	802.29777	1068.55827	822.46402
S6_D4	58	0	1085.27285	891.15633	922.51500	904.53598
S6_D4	58	1	1008.90161	976.57816	859.20726	984.26303
S6_D4	59	0	1229.43405	544.08933	922.27774	548.90571
S6_D4	59	1	1126.26588	553.13400	888.11165	558.62035
S6_D4	60	0	1101.35380	742.84367	923.65248	751.92308
S6_D4	60	1	1209.54641	705.99504	1062.32659	717.08437
S6_D4	61	0	1067.18772	745.18859	910.25401	751.92308
S6_D4	61	1	1136.18981	683.55087	1016.77181	692.29529
S6_D4	62	0	1167.10398	610.10422	1234.82763	622.69479
S6_D4	62	1	1252.85415	604.40943	1324.26239	616.33002
S6_D4	63	0	1126.74738	874.00248	1005.28681	884.31017
S6_D4	63	1	1055.73552	878.02233	961.40684	889.66998
S6_D4	64	0	854.48081	449.75434	904.55408	460.77419
S6_D4	64	1	971.71738	428.98511	1012.07676	437.99504
S6_D4	65	0	758.33426	704.35980	905.84508	711.64516
S6_D4	65	1	836.04536	679.23573	992.26518	689.20099
S6_D4	66	0	1032.29239	718.33002	1115.07955	732.68983
S6_D4	66	1	1108.32868	705.26551	1204.17934	720.96526
S6_D4	67	0	1529.19191	631.34491	1520.21144	649.01241
S6_D4	67	1	1617.95673	658.14392	1653.52617	680.50124
S6_D4	68	0	1472.61270	375.96030	1576.43894	366.48387
S6_D4	68	1	1586.49965	340.45161	1682.95673	321.93052
S6_D4	69	0	1127.64201	457.98015	1061.61549	461.92556
S6_D4	69	1	1285.40893	437.21092	1232.11096	437.80645
S6_D4	70	0	838.99372	672.17866	897.16469	679.74938
S6_D4	70	1	730.13119	654.42432	813.42428	662.33002
S6_D4	71	0	1568.92045	939.97519	1337.27216	976.15385
S6_D4	71	1	1436.94557	987.20844	1266.93022	1029.08189
S6_D4	72	0	1278.72784	296.65012	1193.35171	292.39454
S6_D4	72	1	1488.41382	271.86104	1425.81507	250.52109
S6_D4	73	0	1303.84997	356.94789	1163.20516	353.69727
S6_D4	73	1	1565.45499	360.29777	1391.98395	346.66253
S6_D4	74	0	1181.26797	434.56079	1155.22680	437.19107
S6_D4	74	1	1012.44731	428.19603	1008.66434	434.89578
S6_D4	75	0	898.43405	620.95037	819.09421	628.99007
S6_D4	75	1	935.94976	575.05707	907.85904	582.76179
S6_D4	76	0	974.47034	699.00248	909.50244	706.51861
S6_D4	76	1	818.37823	704.02730	759.77460	707.18859
S6_D4	77	0	1317.67900	637.55583	899.09979	642.82134
S6_D4	77	1	1426.54152	644.92556	1115.15003	653.87593
S6_D4	78	0	1251.02163	583.28784	1064.23587	591.23325
S6_D4	78	1	1451.55129	624.35980	1313.87160	636.69479
S6_D4	79	0	1543.93929	915.66005	1130.02512	945.40447
S6_D4	79	1	1289.70342	887.18610	891.19749	899.51117
S6_D4	80	0	1394.24564	535.79156	1439.86392	542.25558
S6_D4	80	1	1327.92324	501.28784	1351.43405	508.42184
S6_D4	81	0	1218.70063	435.26055	1251.09351	435.49628
S6_D4	81	1	1291.05234	438.27543	1342.87299	440.52109
S6_D4	82	0	630.74948	879.99504	662.07955	872.01489
S6_D4	82	1	555.71807	847.50124	612.84020	833.49132
S6_D4	83	0	1107.86741	653.30521	977.46615	661.93052
S6_D4	83	1	1304.82484	655.65012	1211.93929	667.62531
S6_D4	84	0	1482.02861	645.57320	1300.60572	657.59801
S6_D4	84	1	1601.94487	755.11414	1484.83461	783.88834
S6_D4	85	0	970.29518	552.12903	950.46895	560.26799
S6_D4	85	1	1152.17934	492.16625	1118.28472	497.62531
S6_D4	86	0	1149.16469	480.77667	1046.60293	485.23077
S6_D4	86	1	1340.02582	518.71464	1271.69714	524.42432
S7_D1	0	0	1331.80740	702.13400	550.67690	653.89578
S7_D1	0	1	1380.04187	703.47395	604.27076	660.59553
S7_D1	1	0	493.06350	100.49628	787.82973	120.59553
S7_D1	2	0	1574.05792	265.33002	1585.63224	226.50372
S7_D1	2	1	1760.29658	183.25806	1787.94906	118.63772
S7_D1	3	0	1000.17516	137.67990	1154.28542	130.64516
S7_D1	3	1	1254.41103	69.67742	1426.27425	34.50372
S7_D1	4	0	1001.68807	469.04467	1058.27216	470.13896
S7_D1	4	1	878.08723	455.31017	944.38521	451.71464
S7_D1	5	0	1376.23168	558.70223	786.95743	533.53598
S7_D1	5	1	1631.47244	649.81886	865.00349	621.63772
S7_D1	6	0	1125.93022	650.02233	948.74459	643.11663
S7_D1	6	1	1052.23866	496.93300	950.75436	492.37221
S7_D1	7	0	473.82763	860.70968	22.77739	799.73945
S7_D1	7	1	526.41661	826.54094	139.34403	767.58065
S7_D1	8	0	810.97906	546.00496	790.82275	539.74938
S7_D1	8	1	730.25331	490.06203	732.53943	485.81638
S7_D1	9	0	640.89602	569.48635	390.38730	548.21092
S7_D1	9	1	523.99442	640.50372	251.37823	609.84864
S7_D1	10	0	880.80042	166.95533	996.98674	168.38213
S7_D1	10	1	460.29728	143.69727	620.67341	169.74442
S7_D1	11	0	418.28751	819.96030	257.79623	773.50372
S7_D1	11	1	532.84438	793.49628	365.98883	752.73449
S7_D1	12	0	1232.98465	790.58561	957.19958	783.99007
S7_D1	12	1	1377.35311	825.75931	1068.07188	831.89330
S7_D1	13	0	703.19191	400.41439	810.36288	400.07940
S7_D1	13	1	654.28751	356.53102	765.14306	357.87097
S7_D1	14	0	935.24075	726.31266	811.50733	714.78412
S7_D1	14	1	980.19191	499.32754	841.68109	488.16625
S7_D1	15	0	973.82763	636.33747	876.85206	625.84615
S7_D1	15	1	975.16748	484.92308	925.75645	474.43176
S7_D1	16	0	1460.17446	175.71712	1115.05234	130.16873
S7_D1	16	1	1284.31961	261.47395	931.49337	225.64020
S7_D1	17	0	1631.26308	224.18114	1600.11165	173.80645
S7_D1	17	1	1750.50942	197.38213	1722.03768	137.29280
S7_D1	18	0	1079.41382	558.26551	904.01535	541.62779
S7_D1	18	1	910.25820	474.51861	742.22889	457.88089
S7_D1	19	0	1505.81507	566.99007	1352.56036	563.02978
S7_D1	19	1	1344.36357	528.46650	1164.64689	513.78660
S7_D1	20	0	376.92045	446.03970	337.61200	438.54094
S7_D1	20	1	213.45918	452.73945	161.42219	441.89082
S7_D1	21	0	552.29449	315.32258	588.99372	322.81638
S7_D1	21	1	523.82275	405.76923	509.27285	402.54342
S7_D1	22	0	1225.30216	524.94789	1201.39777	515.26303
S7_D1	22	1	1299.66364	432.49132	1322.98883	424.14640
S7_D1	23	0	1219.70063	384.47891	1288.49965	373.42680
S7_D1	23	1	1270.61479	314.13151	1350.13259	297.71960
S7_D1	24	0	1135.02582	420.60794	1099.76413	410.66749
S7_D1	24	1	1091.81577	252.10918	1080.33636	238.81886
S7_D1	25	0	1346.11654	389.88089	1327.68597	372.57072
S7_D1	25	1	1466.03280	399.93052	1445.25750	380.61042
S7_D1	26	0	1001.81507	441.77419	938.59525	436.47395
S7_D1	26	1	949.89602	363.38710	924.52687	356.41191
S7_D1	27	0	726.88416	596.84864	718.92603	590.06948
S7_D1	27	1	845.46057	516.11663	886.74180	512.68734
S7_D1	28	0	1549.79553	601.24069	1343.62456	599.21588
S7_D1	28	1	1438.92324	669.57816	1161.40544	670.90323
S7_D2	0	0	1347.88555	727.59305	533.25890	707.49380
S7_D2	0	1	1404.15911	728.93300	586.85276	714.19355
S7_D2	1	0	1475.17097	317.56824	1823.53105	337.66749
S7_D2	2	0	1581.01884	531.53846	1750.17446	571.41935
S7_D2	2	1	1682.51221	498.03970	1872.77041	536.24566
S7_D2	3	0	407.97209	509.32506	618.39986	515.48635
S7_D2	3	1	272.98255	483.53102	495.46895	488.35236
S7_D2	4	0	121.59107	478.83871	284.85694	477.31514
S7_D2	4	1	73.35659	448.68983	262.74948	451.18610
S7_D2	5	0	318.84508	431.18114	289.18004	430.01985
S7_D2	5	1	387.84717	416.44169	382.96930	417.96030
S7_D2	6	0	194.22959	549.98759	312.47802	538.32506
S7_D2	6	1	166.76274	531.56328	310.80321	522.24566
S7_D2	7	0	374.89114	576.08933	452.11863	567.77916
S7_D2	7	1	211.76483	529.19107	320.47872	519.87593
S7_D2	8	0	1556.58828	581.20347	1601.80600	617.64764
S7_D2	8	1	1606.49756	497.79156	1696.93510	527.87097
S7_D2	9	0	1535.82066	499.13151	1631.28262	530.21588
S7_D2	9	1	1535.48569	426.43921	1663.10398	448.14392
S7_D2	10	0	446.20167	663.36476	473.37753	646.05459
S7_D2	10	1	321.93091	626.51613	359.49058	606.52605
S7_D2	11	0	1856.35729	630.71960	1517.80530	662.50372
S7_D2	11	1	1581.68876	590.52109	1249.16609	607.56576
S7_D2	12	0	851.95534	627.16625	849.89672	632.47146
S7_D2	12	1	996.32380	677.74938	981.87160	690.75931
S7_D2	13	0	1388.09211	761.38958	1345.20935	801.36476
S7_D2	13	1	1555.57292	765.07444	1511.35031	817.10918
S7_D2	14	0	680.09142	912.25062	471.82275	880.19603
S7_D2	14	1	600.70551	710.58809	465.12352	690.25806
S7_D2	15	0	1579.06769	809.96774	1474.91068	864.05955
S7_D2	15	1	1756.93231	817.33747	1583.10328	876.78908
S7_D2	16	0	480.88625	538.94293	342.67132	523.14392
S7_D2	16	1	399.49058	388.86849	252.56664	389.81886
S7_D2	17	0	814.40963	543.08933	614.21424	538.18362
S7_D2	17	1	817.75925	458.33747	666.13329	460.80149
S7_D2	18	0	1161.45778	617.30025	911.89602	622.97519
S7_D2	18	1	1009.05024	642.42432	791.64480	641.06452
S7_D2	19	0	897.63992	725.36476	716.35101	716.97022
S7_D2	19	1	753.18493	706.77171	588.06071	691.84615
S7_D2	20	0	1050.13887	859.34988	708.38730	848.50868
S7_D2	20	1	1221.30426	898.20844	838.68737	900.43176
S7_D2	21	0	286.60014	719.86352	158.10188	675.10918
S7_D2	21	1	148.59595	613.33747	37.18074	576.28784
S7_D2	22	0	682.15492	865.26303	516.86183	838.96278
S7_D2	22	1	565.92324	755.38710	420.39288	727.41191
S7_D2	23	0	1052.27774	901.97519	889.10119	906.66253
S7_D2	23	1	1139.70272	916.71464	1011.69714	928.77171
S7_D2	24	0	937.81019	628.96030	797.65387	628.37469
S7_D2	24	1	883.21144	592.44665	708.21912	587.84119
S7_D2	25	0	938.48011	677.53350	694.82066	670.91811
S7_D2	25	1	1020.21075	627.95533	717.93301	619.66501
S7_D2	26	0	1631.09142	792.40447	1536.67830	845.33499
S7_D2	26	1	1510.84020	778.66998	1435.85485	823.56079
S7_D2	27	0	1220.81786	882.77916	1074.73971	910.09429
S7_D2	27	1	1224.50244	824.82630	1134.69784	852.14144
S7_D2	28	0	1230.19679	822.14640	919.31752	830.70223
S7_D2	28	1	1117.64969	809.08189	864.71877	811.27295
S7_D2	29	0	1852.67271	201.01241	1152.23308	176.48139
S7_D2	29	1	1536.46895	245.23077	924.45918	228.06948
S7_D2	30	0	1488.95324	690.94293	1104.63015	705.61042
S7_D2	30	1	1834.29867	519.09429	1391.35729	529.40695
S7_D3	0	0	1282.34473	720.35980	532.90719	714.78908
S7_D3	0	1	1331.24913	719.68983	567.07327	717.46898
S7_D3	1	0	770.41172	643.17618	1062.49826	672.65509
S7_D3	2	0	536.34054	608.96030	585.49477	623.03970
S7_D3	2	1	112.79902	543.57568	240.81089	560.97519
S7_D3	3	0	197.62736	614.01489	267.96930	620.53102
S7_D3	3	1	81.73064	584.87097	156.76204	593.06203
S7_D3	4	0	208.75715	631.07940	281.83740	635.83871
S7_D3	4	1	136.07048	568.43672	204.46127	581.90571
S7_D3	5	0	1333.28402	624.88089	1339.10607	649.76179
S7_D3	5	1	1197.62456	616.17122	1227.22889	642.05707
S7_D3	6	0	1149.92742	669.58561	1183.05652	696.89578
S7_D3	6	1	1054.46336	674.27543	1088.26239	697.56576
S7_D3	7	0	1356.51640	465.52109	875.76413	471.14392
S7_D3	7	1	966.02931	324.26799	519.22401	343.65012
S7_D3	8	0	994.73064	123.27543	983.56874	144.37965
S7_D3	8	1	1155.17725	47.23325	1142.00558	50.58313
S7_D3	9	0	1180.63433	137.67990	1198.61410	140.35980
S7_D3	9	1	1325.33775	64.65261	1343.93999	53.23821
S7_D3	10	0	1055.35869	285.09429	1065.18493	299.27047
S7_D3	10	1	1185.51221	252.25806	1198.49965	259.40695
S7_D3	11	0	1413.20656	287.26055	1444.84229	285.13896
S7_D3	11	1	1542.83671	197.48387	1591.22052	176.60298
S7_D3	12	0	745.91068	318.25310	739.75227	346.16625
S7_D3	12	1	883.91486	251.92556	890.81996	278.16377
S7_D3	13	0	791.80042	351.08189	778.27285	378.32506
S7_D3	13	1	731.50733	214.74194	688.50314	251.69975
S7_D3	14	0	1370.49058	241.82382	1435.40265	237.65012
S7_D3	14	1	1470.97906	250.19851	1575.08165	237.31514
S7_D3	15	0	974.68388	336.98015	993.11445	358.22333
S7_D3	15	1	1097.94976	315.54094	1127.76902	329.07940
S7_D3	16	0	1092.25541	295.10670	1140.49756	310.32010
S7_D3	16	1	1222.89044	280.03226	1266.44313	286.20099
S7_D3	17	0	830.77111	467.34988	724.20656	484.46154
S7_D3	17	1	699.13119	485.43921	596.25122	503.89082
S7_D3	18	0	517.76692	587.66501	438.76692	599.40943
S7_D3	18	1	681.56315	571.25062	565.04745	584.66998
S7_D3	19	0	1135.18214	558.69479	1089.72715	577.34988
S7_D3	19	1	1027.32449	549.98511	994.93301	569.64516
S7_D3	20	0	1095.99163	531.22581	983.20935	550.55087
S7_D3	20	1	1083.26308	494.04218	1010.67620	513.03226
S7_D3	21	0	1193.80042	630.71712	1103.79553	652.05211
S7_D3	21	1	1304.67271	606.26303	1239.45499	629.27295
S7_D3	22	0	1180.73692	653.49628	1175.14236	679.18610
S7_D3	22	1	1282.56525	626.36228	1255.53315	648.70223
S7_D3	23	0	891.08723	601.68983	608.73273	614.85360
S7_D3	23	1	1053.20865	536.36725	749.08165	547.18610
S7_D3	24	0	893.76692	627.14888	708.88625	642.32258
S7_D3	24	1	1038.13538	545.74690	822.77320	559.24566
S7_D3	25	0	1266.55897	692.43424	983.80321	711.72457
S7_D3	25	1	1423.32100	679.36973	1062.85415	697.32010
S7_D3	26	0	1366.14027	589.87593	927.76134	599.33747
S7_D3	26	1	1285.76413	429.83623	753.58130	437.20347
S7_D3	27	0	1516.82694	387.92060	1485.53385	388.18610
S7_D3	27	1	1256.89672	433.81390	1247.37613	445.46898
S7_D3	28	0	350.15003	539.64020	527.85694	559.97519
S7_D3	28	1	230.23378	567.10918	405.26099	585.76923
S7_D3	29	0	971.37334	647.33499	860.32938	664.85360
S7_D3	29	1	1295.28123	550.52357	1104.51640	564.69231
S7_D3	30	0	187.24355	384.45409	359.53175	424.93548
S7_D3	30	1	131.30495	377.08437	318.66643	419.91067
S7_D3	31	0	773.83740	582.86104	965.60014	605.75434
S7_D3	31	1	731.96720	594.58561	908.65666	615.46898
S7_D3	32	0	244.94766	614.60298	447.84438	625.55335
S7_D3	32	1	152.83322	558.66005	385.87648	577.31514
S7_D3	33	0	565.31891	370.24069	781.45150	403.40447
S7_D3	33	1	639.34543	389.33499	850.11863	421.82878
S7_D3	34	0	1084.93231	629.81390	1082.35799	651.35484
S7_D3	34	1	929.84508	599.66501	936.98465	619.86600
S7_D3	35	0	1439.99442	452.30025	1292.28053	461.06452
S7_D3	35	1	1616.85415	423.82630	1483.54361	422.87593
S7_D3	36	0	1073.47802	496.38710	1273.13817	519.44665
S7_D3	36	1	1053.71528	516.82134	1236.29239	539.21092
S7_D3	37	0	1033.28262	636.07692	1182.02861	664.16129
S7_D3	37	1	942.17306	624.01737	1080.87020	648.41687
S7_D3	38	0	355.04047	501.93548	594.23378	527.84119
S7_D3	38	1	303.45639	505.62035	545.99930	530.85608
S7_D4	0	0	1362.79972	701.38958	521.20028	659.77667
S7_D4	0	1	1423.76274	712.10918	574.12421	673.17618
S7_D4	1	0	1095.99442	365.80645	1389.42080	410.02481
S7_D4	2	0	170.49546	419.52357	185.90370	449.91315
S7_D4	2	1	193.60782	358.55583	203.65666	393.97022
S7_D4	3	0	1206.27006	544.27047	904.24075	546.03722
S7_D4	3	1	1022.71110	589.15881	773.94068	596.95533
S7_D4	4	0	265.83601	487.97519	191.39777	504.74442
S7_D4	4	1	403.84020	485.63027	322.70272	503.73945
S7_D4	5	0	293.94278	427.05459	268.30426	453.87345
S7_D4	5	1	152.92394	368.76675	126.95045	402.62035
S7_D4	6	0	748.71947	167.45658	474.10119	191.81638
S7_D4	6	1	449.59874	113.52357	172.17027	156.30025
S7_D4	7	0	1042.30426	304.52109	1199.57572	334.91811
S7_D4	7	1	973.97209	309.54591	1140.62247	343.29280
S7_D4	8	0	1105.18214	333.30521	1265.28960	362.78412
S7_D4	8	1	998.99930	307.51117	1166.81089	339.00000
S7_D4	9	0	107.52268	441.58065	87.75994	463.67494
S7_D4	9	1	297.11096	434.88089	294.09630	462.66998
S7_D4	10	0	381.68388	312.99504	278.04815	347.39950
S7_D4	10	1	772.47802	204.99007	712.70063	238.98759
S7_D4	11	0	182.21912	246.09926	371.31403	310.30521
S7_D4	11	1	112.54710	238.39454	292.93301	305.28040
S7_D4	12	0	921.27495	380.68983	600.48290	388.21588
S7_D4	12	1	701.20516	300.96278	279.02861	310.55583
S7_D4	13	0	325.67411	261.02730	287.26099	303.87345
S7_D4	13	1	604.36218	122.67742	525.08374	168.20347
S7_D4	14	0	941.65946	255.08685	998.72994	283.14888
S7_D4	14	1	1087.36776	293.61042	1134.72435	315.97767
S7_D4	15	0	1437.32380	597.76427	1009.32589	592.74938
S7_D4	15	1	1256.04047	426.93548	866.28960	417.24566
S7_D4	16	0	1317.71598	418.22829	1217.64271	421.99256
S7_D4	16	1	1556.20865	336.15633	1498.00558	333.22084
S7_D4	17	0	1645.35799	238.88586	1755.21354	223.97022
S7_D4	17	1	1506.01396	262.33499	1587.06281	257.80397
S7_D4	18	0	910.18423	397.43921	599.76902	406.06452
S7_D4	18	1	786.91835	325.08189	551.86950	342.08189
S7_D4	19	0	912.81786	250.27543	924.85694	279.37965
S7_D4	19	1	780.50803	201.70223	766.08514	237.84119
S7_D4	20	0	1490.00698	384.00496	778.67690	352.13151
S7_D4	20	1	1749.60223	417.83871	1194.76902	387.70968
S7_D4	21	0	1050.81786	319.66005	1204.17446	350.54094
S7_D4	21	1	998.89881	316.64516	1167.99860	348.53102
S7_D4	22	0	986.60782	644.97022	590.75645	639.66998
S7_D4	22	1	1069.00837	640.28040	546.20656	626.94045
S7_D4	23	0	724.77948	782.90571	207.87230	752.02978
S7_D4	23	1	988.72924	786.25558	435.64620	762.07940
S7_D4	24	0	1421.78646	205.77667	1186.74040	195.55087
S7_D4	24	1	1515.24075	226.21092	1342.16260	211.29529
S7_D4	25	0	816.13050	140.77667	409.74180	159.23077
S7_D4	25	1	660.03838	127.04218	170.57920	145.49628
S7_D4	26	0	1000.21842	603.29529	377.54361	583.09429
S7_D4	26	1	776.46406	497.43921	118.95324	470.53846
S7_D4	27	0	546.55618	326.99007	299.15283	348.13648
S7_D4	27	1	393.81368	361.49380	94.82624	377.61538
S8_D1_R	0	0	1304.57711	657.00993	527.22959	654.31266
S8_D1_R	0	1	1354.82135	657.00993	577.47383	655.65261
S8_D1_R	1	0	124.60572	892.40695	497.08304	870.96774
S8_D1_R	2	0	1684.39916	387.94045	1716.67830	382.72705
S8_D1_R	2	1	1650.56804	409.71464	1673.80321	405.17122
S8_D1_R	3	0	1711.86602	418.08933	1725.05234	412.54094
S8_D1_R	3	1	1675.35520	444.88834	1681.50733	448.38462
S8_D1_R	4	0	1562.47313	366.83623	1621.21424	363.63275
S8_D1_R	4	1	1528.97697	379.90074	1575.65946	376.36228
S8_D1_R	5	0	1618.07676	383.25062	1664.75925	381.72208
S8_D1_R	5	1	1585.92045	399.33002	1632.60293	403.16129
S8_D1_R	6	0	1681.71947	403.01489	1674.13817	398.13648
S8_D1_R	6	1	1655.59246	426.12903	1636.28751	426.94541
S8_D1_R	7	0	1593.62456	370.18610	1567.95534	364.97270
S8_D1_R	7	1	1563.14306	373.87097	1553.21703	371.67246
S8_D1_R	8	0	1446.57641	405.02481	1537.80879	410.86600
S8_D1_R	8	1	1421.78925	418.75931	1517.37613	422.92556
S8_D1_R	9	0	1711.31891	417.30521	1741.80042	413.46154
S8_D1_R	9	1	1678.49267	423.66998	1715.33845	420.83127
S8_D1_R	10	0	678.30914	250.20099	637.34613	284.14640
S8_D1_R	10	1	614.66643	343.99752	640.02582	376.60298
S8_D1_R	11	0	322.66643	568.19603	575.02094	588.01489
S8_D1_R	11	1	274.09700	598.67990	545.20935	614.81390
S8_D1_R	12	0	1240.90858	302.35484	1152.09421	306.79404
S8_D1_R	12	1	1389.96650	282.59057	1300.14724	277.65012
S8_D1_R	13	0	1331.97488	186.58809	1267.94557	184.57816
S8_D1_R	13	1	1506.48988	68.67246	1445.81019	39.86352
S8_D1_R	14	0	357.62456	573.47643	391.65876	587.33995
S8_D1_R	14	1	185.45429	592.23573	263.36846	602.07940
S8_D1_R	15	0	1501.09421	319.10422	1531.06490	317.05955
S8_D1_R	15	1	1635.07886	220.28288	1642.60712	193.11414
S8_D1_R	16	0	1179.56385	375.36476	1145.14794	386.34491
S8_D1_R	16	1	1262.96930	344.54591	1225.87369	350.16625
S8_D1_R	17	0	1667.77390	335.30521	1781.99581	323.19107
S8_D1_R	17	1	1632.93789	364.78412	1754.52896	356.68983
S8_D1_R	18	0	804.55897	449.17122	762.61759	470.50372
S8_D1_R	18	1	922.13050	219.36973	875.33636	241.54839
S8_D1_R	19	0	1582.63154	764.75931	1101.75157	789.44913
S8_D1_R	19	1	1349.92533	1054.54094	810.81298	1075.64516
S8_D1_R	20	0	738.06978	102.25310	770.48779	142.46650
S8_D1_R	20	1	633.56176	78.46898	679.71319	127.72705
S8_D1_R	21	0	840.90300	128.04715	746.37055	159.21588
S8_D1_R	21	1	846.59735	174.61042	788.24075	204.43921
S8_D1_R	22	0	637.34613	250.22581	528.38032	287.60050
S8_D1_R	22	1	701.99372	239.17122	622.83950	274.53598
S8_D1_R	23	0	121.59386	523.50620	184.17306	542.65012
S8_D1_R	23	1	240.84020	565.37965	298.06001	578.15881
S8_D1_R	24	0	303.81298	527.86104	356.67830	543.99007
S8_D1_R	24	1	354.39218	544.27543	425.68039	562.41439
S8_D1_R	25	0	595.19958	598.82134	696.58828	616.35484
S8_D1_R	25	1	676.93022	597.48139	766.26029	615.34988
S8_D1_R	26	0	771.20656	272.58065	784.58548	299.48139
S8_D1_R	26	1	701.19958	291.33995	742.71528	321.59057
S8_D1_R	27	0	404.29728	1063.25062	532.61270	1035.78164
S8_D1_R	27	1	611.97348	857.56824	692.05443	857.23325
S8_D1_R	28	0	1152.64969	984.19355	723.78158	993.90819
S8_D1_R	28	1	1329.17446	964.09429	873.84438	986.53846
S8_D1_R	29	0	175.71319	217.02978	341.01117	283.50620
S8_D1_R	29	1	314.38730	152.71216	442.50454	222.53846
S8_D1_R	30	0	624.29239	266.05459	770.75436	300.46402
S8_D1_R	30	1	649.07955	189.00744	792.86183	234.47146
S8_D1_R	31	0	145.55687	355.66998	353.19470	401.84119
S8_D1_R	31	1	237.00140	310.44665	446.64899	360.97270
S8_D1_R	32	0	209.53454	430.37221	409.80321	467.16377
S8_D1_R	32	1	293.60991	386.15385	496.55827	426.63027
S8_D1_R	33	0	412.00837	583.19355	528.25541	598.30025
S8_D1_R	33	1	288.74250	569.45906	428.10188	585.23573
S8_D1_R	34	0	195.28262	686.17122	361.75855	684.71464
S8_D1_R	34	1	39.19051	746.80397	226.43405	730.27295
S8_D1_R	35	0	369.88416	399.29529	523.03559	431.23821
S8_D1_R	35	1	455.96930	331.96278	606.44103	371.94541
S8_D1_R	36	0	569.72715	602.96030	654.78576	618.97519
S8_D1_R	36	1	475.60293	623.72953	586.45359	636.05955
S8_D1_R	37	0	368.58548	625.89082	296.87160	638.44913
S8_D1_R	37	1	361.55129	510.65509	325.34334	533.59801
S8_D1_R	38	0	340.00419	924.87345	321.56315	900.44665
S8_D1_R	38	1	464.94487	823.03722	446.16888	814.68983
S8_D1_R	39	0	676.98674	793.85112	687.51710	799.52109
S8_D1_R	39	1	685.02582	855.48883	670.09909	858.81390
S8_D1_R	40	0	376.92254	831.09181	441.95743	820.89826
S8_D1_R	40	1	270.40475	886.02978	318.35659	862.77171
S8_D1_R	41	0	83.07048	1057.22084	87.09002	990.22333
S8_D1_R	41	1	710.91835	678.38958	722.94487	691.98511
S8_D1_R	42	0	642.54641	937.96526	592.88416	930.48883
S8_D1_R	42	1	290.18702	779.05955	381.27006	768.85608
S8_D1_R	43	0	267.51989	386.78164	383.79344	424.77419
S8_D1_R	43	1	143.91905	441.38462	300.05304	478.70720
S8_D1_R	44	0	373.03280	320.78908	438.72715	363.13648
S8_D1_R	44	1	256.80112	336.53350	320.82066	379.21588
S8_D1_R	45	0	695.03559	240.91563	681.74948	275.16129
S8_D1_R	45	1	734.89602	264.02978	756.11096	295.59553
S8_D1_R	46	0	497.74669	798.00744	584.83252	796.67494
S8_D1_R	46	1	345.33915	922.62283	447.83322	899.18114
S8_D1_R	47	0	979.82833	939.30521	736.12631	948.01489
S8_D1_R	47	1	1226.69505	993.90819	951.84159	1019.70223
S8_D1_R	48	0	519.61759	543.26055	673.46127	565.84367
S8_D1_R	48	1	572.20656	506.41191	724.71040	526.31514
S8_D1_R	49	0	344.59805	679.85856	422.25820	683.77916
S8_D1_R	49	1	424.65387	580.36725	502.98395	596.01241
S8_D1_R	50	0	522.56106	458.29529	696.82275	485.29529
S8_D1_R	50	1	487.39009	507.87345	659.97697	531.52357
S8_D1_R	51	0	498.44382	503.51861	655.62247	528.17370
S8_D1_R	51	1	460.25820	553.09677	611.07258	571.72208
S8_D1_R	52	0	594.93091	320.23821	609.10677	352.65012
S8_D1_R	52	1	732.60014	259.27047	735.05234	291.34739
S8_D1_R	53	0	241.50733	942.49876	361.72994	917.06948
S8_D1_R	53	1	334.62666	849.70720	429.05722	836.00248
S8_D1_R	54	0	298.78576	650.02233	486.55827	660.56079
S8_D1_R	54	1	327.59246	611.83375	531.10816	626.05707
S8_D1_R	55	0	273.20656	451.96526	316.09909	480.04467
S8_D1_R	55	1	201.85973	414.78164	220.63503	448.22084
S8_D1_R	56	0	425.82484	555.50868	549.75925	576.41191
S8_D1_R	56	1	464.01047	518.99504	592.96930	540.56824
S8_D1_R	57	0	580.90789	437.44665	569.51779	461.36476
S8_D1_R	57	1	634.16678	427.39702	643.20935	450.31017
S8_D1_R	58	0	595.93719	626.18362	598.28053	644.07196
S8_D1_R	58	1	648.86113	558.85112	648.18981	577.74442
S8_D1_R	59	0	516.55129	569.57072	560.42987	584.77916
S8_D1_R	59	1	428.45639	595.02978	476.01954	607.55831
S8_D1_R	60	0	433.84997	694.55831	560.12910	702.39702
S8_D1_R	60	1	449.92812	665.41439	591.28053	675.26303
S8_D1_R	61	0	353.64201	698.84864	403.21493	700.99256
S8_D1_R	61	1	431.68807	639.22084	484.94557	646.05459
S8_D1_R	62	0	322.39218	919.83375	366.60572	889.81886
S8_D1_R	62	1	343.82973	864.89578	385.69853	846.60546
S8_D1_R	63	0	499.66643	617.65012	548.38521	631.37717
S8_D1_R	63	1	574.36288	591.85608	623.08165	607.25806
S8_D1_R	64	0	341.72994	785.34491	420.12840	775.93548
S8_D1_R	64	1	331.68109	755.86600	444.24564	754.83127
S8_D1_R	65	0	226.51291	808.52109	346.20028	791.53102
S8_D1_R	65	1	407.05722	731.13896	490.56874	734.24814
S8_D1_R	66	0	824.00558	128.63524	523.87997	162.13400
S8_D1_R	66	1	791.80321	158.01489	640.06281	191.14640
S8_D1_R	67	0	772.94278	399.33251	261.27006	418.06452
S8_D1_R	67	1	763.89881	398.99752	454.82554	419.49132
S8_D1_R	68	0	225.64480	774.06203	289.64201	765.89330
S8_D1_R	68	1	394.13050	646.09677	378.74180	651.32754
S8_D1_R	69	0	264.57083	131.31514	220.40475	201.36973
S8_D1_R	69	1	130.25122	70.34739	157.76692	159.16129
S8_D2_R	0	0	1337.44033	725.86104	520.26657	706.21340
S8_D2_R	0	1	1388.35450	725.86104	573.19051	709.56328
S8_D2_R	1	0	853.48221	272.00993	1082.59595	300.14888
S8_D2_R	2	0	1196.02582	172.67990	1278.63712	183.65012
S8_D2_R	2	1	1268.71249	159.95037	1360.36776	165.56079
S8_D2_R	3	0	1324.33845	72.69231	1361.39498	72.60794
S8_D2_R	3	1	1387.31124	95.13648	1444.80042	93.04218
S8_D2_R	4	0	1389.32100	120.59553	1536.91486	119.50620
S8_D2_R	4	1	1451.28890	131.31514	1604.57711	128.88586
S8_D2_R	5	0	1647.00628	381.50372	1744.48011	402.18859
S8_D2_R	5	1	1740.46057	396.57816	1867.41103	418.26799
S8_D2_R	6	0	1604.23098	463.43176	1734.76622	496.45906
S8_D2_R	6	1	1653.80530	435.29280	1804.77320	461.28536
S8_D2_R	7	0	1121.27565	225.68238	1273.91626	243.18610
S8_D2_R	7	1	1188.26797	229.70223	1331.86462	243.52109
S8_D2_R	8	0	1216.06978	298.03970	1406.89602	319.22829
S8_D2_R	8	1	1267.98883	319.14392	1458.14515	338.65757
S8_D2_R	9	0	1233.64201	130.86352	1305.93091	137.02730
S8_D2_R	9	1	1318.72226	139.90819	1395.36567	143.05707
S8_D2_R	10	0	1253.73971	168.04715	1375.60293	178.56576
S8_D2_R	10	1	1317.04745	181.44665	1431.20656	189.28536
S8_D2_R	11	0	1366.21005	158.73449	1495.23657	161.30025
S8_D2_R	11	1	1421.36706	190.44665	1542.13119	195.46898
S8_D2_R	12	0	1280.90649	204.96278	1373.19609	214.45906
S8_D2_R	12	1	1351.47174	221.04218	1433.26588	227.18859
S8_D2_R	13	0	1587.33357	291.79156	1808.79274	298.83127
S8_D2_R	13	1	1641.15073	330.87345	1881.59107	343.94293
S8_D2_R	14	0	472.09979	136.83375	668.53803	176.03970
S8_D2_R	14	1	527.70342	150.00993	708.51012	186.08933
S8_D2_R	15	0	1402.25680	310.78164	1576.93650	323.72457
S8_D2_R	15	1	1442.45220	297.38213	1612.88904	308.98511
S8_D2_R	16	0	1419.22819	354.33002	1555.27565	372.18610
S8_D2_R	16	1	1488.23029	371.97270	1620.70482	391.39206
S8_D2_R	17	0	1480.19121	319.26799	1599.04396	332.21092
S8_D2_R	17	1	1547.18353	350.53350	1675.63852	366.37965
S8_D2_R	18	0	279.35101	677.97022	333.54152	655.96526
S8_D2_R	18	1	181.87718	658.54094	269.56385	631.17618
S8_D2_R	19	0	1191.56385	259.75931	1375.97209	278.22581
S8_D2_R	19	1	1265.25541	280.86352	1451.33845	297.65509
S8_D2_R	20	0	1001.25820	235.60050	1201.34613	257.98511
S8_D2_R	20	1	1063.89602	252.68486	1267.66853	272.38958
S8_D2_R	21	0	799.46895	714.03474	723.37823	710.11911
S8_D2_R	21	1	1018.53385	651.05707	929.37962	659.53598
S8_D2_R	22	0	1034.47104	961.88834	742.52477	953.91315
S8_D2_R	22	1	1197.59735	907.28536	920.38939	922.75931
S8_D2_R	23	0	808.18214	933.81886	585.05722	912.97767
S8_D2_R	23	1	655.43964	915.72953	492.60782	882.49380
S8_D2_R	24	0	996.71249	759.62035	910.28960	768.87593
S8_D2_R	24	1	906.27285	782.06452	822.19470	782.94541
S8_D2_R	25	0	361.99372	195.43424	528.49267	229.64516
S8_D2_R	25	1	212.60084	149.87593	400.53733	194.80645
S8_D2_R	26	0	1376.49267	61.63772	1653.12352	54.93797
S8_D2_R	26	1	1457.21842	71.68734	1743.56315	57.61787
S8_D2_R	27	0	1485.72505	560.01489	1601.15073	604.37221
S8_D2_R	27	1	1578.84438	567.71960	1710.68318	609.73201
S8_D2_R	28	0	1621.09909	819.51613	1343.85555	857.75682
S8_D2_R	28	1	1740.56874	776.86104	1534.78367	829.17122
S8_D2_R	29	0	859.51500	757.28536	790.54431	754.31017
S8_D2_R	29	1	1035.70482	756.95037	957.69016	771.05955
S8_D2_R	30	0	374.33915	790.53598	332.48290	754.66998
S8_D2_R	30	1	923.24564	835.69975	830.77111	835.99504
S8_D2_R	31	0	1099.74250	920.54591	845.45848	923.29529
S8_D2_R	31	1	1199.66085	1065.93052	809.95255	1061.98015
S8_D2_R	32	0	447.23796	357.39950	590.30914	373.63027
S8_D2_R	32	1	222.14375	315.86104	387.65736	337.45161
S8_D2_R	33	0	678.82484	133.32010	848.83740	164.08933
S8_D2_R	33	1	562.59316	119.25062	733.61061	156.38462
S8_D2_R	34	0	1137.87927	276.38213	934.62038	284.70720
S8_D2_R	34	1	1281.57781	332.32506	1120.85904	336.63027
S8_D2_R	35	0	1215.93510	516.60546	1262.91766	539.20347
S8_D2_R	35	1	1114.44173	470.37717	1177.58967	493.90571
S8_D2_R	36	0	299.23098	790.17618	295.66853	750.57072
S8_D2_R	36	1	140.12421	844.10918	144.26588	782.72953
S8_D2_R	37	0	955.26378	756.50124	855.58130	760.99504
S8_D2_R	37	1	908.36916	703.23821	863.28542	707.39702
S8_D2_R	38	0	310.84438	746.34988	208.33636	704.87097
S8_D2_R	38	1	134.98953	671.98263	13.72366	627.82382
S8_D2_R	39	0	645.47313	557.00496	580.03350	554.87593
S8_D2_R	39	1	767.73412	566.38462	700.28472	568.61042
S8_D2_R	40	0	1080.30984	577.56576	890.99930	581.76675
S8_D2_R	40	1	1318.46755	642.88834	1064.84438	654.45906
S8_D2_R	41	0	1358.04047	848.74442	988.21005	861.16129
S8_D2_R	41	1	1662.83740	822.43424	1358.34264	865.85112
S8_D2_R	42	0	1050.26727	286.43921	1009.76343	299.22581
S8_D2_R	42	1	963.17725	226.58809	882.70133	239.37469
S8_D2_R	43	0	441.72366	203.76923	662.49058	238.50620
S8_D2_R	43	1	361.33287	175.85360	588.12910	214.83375
S8_D2_R	44	0	571.80042	242.38710	795.69365	270.64020
S8_D2_R	44	1	624.50105	254.00000	847.72435	282.69975
S8_D2_R	45	0	808.93999	391.99504	867.78856	407.68983
S8_D2_R	45	1	731.89881	379.26551	779.69365	394.29032
S8_D2_R	46	0	984.11375	842.76675	856.74738	845.68734
S8_D2_R	46	1	953.96720	629.71464	887.55129	637.79404
S8_D2_R	47	0	552.37544	390.30025	658.01396	408.62035
S8_D2_R	47	1	848.96930	310.92556	917.27425	326.88337
S8_D2_R	48	0	334.33147	646.69975	479.62736	632.65509
S8_D2_R	48	1	377.87648	626.26551	523.50733	616.91067
S8_D2_R	49	0	496.77181	416.16625	387.97976	416.88586
S8_D2_R	49	1	645.49477	435.93052	502.87160	436.98511
S8_D2_R	50	0	523.54641	500.56328	520.72994	501.09429
S8_D2_R	50	1	447.17516	404.42184	469.48081	418.68734
S8_D2_R	51	0	191.87718	452.24566	342.41452	455.79404
S8_D2_R	51	1	176.13398	377.54342	335.71528	391.47643
S8_D2_R	52	0	849.98186	820.01737	703.18004	811.28784
S8_D2_R	52	1	877.78367	702.43672	780.89114	701.74690
S8_D2_R	53	0	1301.65946	384.61042	1008.76692	386.03474
S8_D2_R	53	1	1436.64899	379.92060	1182.94696	383.01985
S8_D2_R	54	0	1584.03350	356.98015	1244.31472	354.13151
S8_D2_R	54	1	1700.26518	372.72457	1417.82484	375.90571
S8_D2_R	55	0	766.15283	608.29529	708.56874	606.22581
S8_D2_R	55	1	732.65666	603.94045	646.60084	596.51117
S8_D2_R	56	0	705.04815	586.16377	461.64969	578.44417
S8_D2_R	56	1	883.91766	537.92556	616.40195	534.56079
S8_D2_R	57	0	669.20726	548.31017	396.33217	528.53102
S8_D2_R	57	1	826.30426	471.59801	549.07467	468.90323
S8_D2_R	58	0	610.92394	470.92804	624.77599	478.95285
S8_D2_R	58	1	693.65946	436.42432	705.83671	445.78908
S8_D2_R	59	0	1105.17027	614.64516	1067.40265	629.35980
S8_D2_R	59	1	1042.53245	587.84615	994.38102	601.55583
S8_D2_R	60	0	785.32100	939.81390	565.93719	915.19355
S8_D2_R	60	1	780.96650	897.94045	621.20586	880.35484
S8_D2_R	61	0	781.30147	893.25062	549.52408	867.62531
S8_D2_R	61	1	655.69086	918.37469	423.24355	880.01985
S8_D2_R	62	0	459.85694	720.12655	332.28193	692.67742
S8_D2_R	62	1	311.46895	735.53598	193.94278	693.01241
S8_D2_R	63	0	356.33915	782.30025	284.35799	745.80645
S8_D2_R	63	1	489.98883	785.65012	383.50663	754.18114
S8_D2_R	64	0	627.34892	375.27543	419.90649	379.48635
S8_D2_R	64	1	799.51919	404.08437	577.00349	402.93548
S8_D2_R	65	0	350.19191	473.69975	476.07955	478.91811
S8_D2_R	65	1	356.89114	342.38462	500.53175	363.34739
S8_D2_R	66	0	1270.15562	834.21588	1126.27285	862.81886
S8_D2_R	66	1	1527.40614	770.90323	1378.83391	812.90571
S8_D2_R	67	0	422.22819	816.29032	298.38730	771.01985
S8_D2_R	67	1	259.43685	861.17866	131.91137	799.49380
S8_D3	0	0	1337.83671	726.70968	515.85834	707.23077
S8_D3	0	1	1398.12980	729.38958	576.15143	711.92060
S8_D3	1	0	941.91207	590.91811	1267.49477	623.07692
S8_D3	2	0	1613.57851	382.86104	1827.55059	402.78412
S8_D3	2	1	1536.53733	394.92060	1726.83880	416.85360
S8_D3	3	0	1422.09979	467.40943	1585.38102	496.71216
S8_D3	3	1	1451.12980	477.01241	1628.03280	509.44169
S8_D3	4	0	492.67271	508.31017	632.47941	513.79404
S8_D3	4	1	571.50035	522.37965	694.33566	527.64020
S8_D3	5	0	1022.04257	483.44169	983.94278	497.69479
S8_D3	5	1	1102.43336	487.46154	1086.44103	501.71464
S8_D3	6	0	265.73622	345.74938	372.59037	360.43921
S8_D3	6	1	79.05094	258.87593	229.45010	286.29529
S8_D3	7	0	281.16957	315.67246	410.53943	335.31017
S8_D3	7	1	104.60223	274.24069	281.69086	303.37469
S8_D3	8	0	1520.02024	702.93300	1136.93580	723.31514
S8_D3	8	1	1854.79414	648.48139	1517.30844	679.80645
S8_D3	9	0	1082.99302	850.60546	913.07886	857.10422
S8_D3	9	1	1313.21144	659.45906	1128.89114	679.88337
S8_D3	10	0	1177.20865	606.80645	1151.83810	625.58313
S8_D3	10	1	1042.77739	595.41687	1033.62526	610.01737
S8_D3	11	0	251.93789	493.64020	479.22889	497.37717
S8_D3	11	1	116.39009	494.31017	374.49756	494.25062
S8_D3	12	0	1537.42010	708.50620	1720.61689	767.96278
S8_D3	12	1	1590.34403	668.97767	1818.20237	732.23077
S8_D3	13	0	798.30775	792.33499	730.35590	785.71216
S8_D3	13	1	700.49895	756.82630	662.02373	746.63027
S8_D3	14	0	1538.28821	575.66501	1366.64899	599.52109
S8_D3	14	1	1402.96371	609.38710	1275.53943	634.80645
S8_D3	15	0	1424.84857	907.67742	1398.26797	964.47891
S8_D3	15	1	1529.13329	925.54342	1498.30984	992.84119
S8_D3	16	0	1249.25122	747.86600	1215.66574	776.66005
S8_D3	16	1	1178.01605	744.29280	1132.81856	766.83375
S8_D3	17	0	204.54990	500.19603	259.63573	489.79653
S8_D3	17	1	43.54501	454.86104	122.30147	448.92804
S8_D3	18	0	882.57781	667.94293	774.39358	666.47643
S8_D3	18	1	859.57711	660.12655	652.24424	649.50372
S8_D3	19	0	783.76971	735.00000	764.06281	735.38213
S8_D3	19	1	916.41452	757.10918	877.27983	761.28784
S8_D3	20	0	983.96650	797.45658	605.04187	779.70968
S8_D3	20	1	888.42987	847.70223	321.90579	802.78660
S8_D3	21	0	846.82763	635.98511	153.16888	594.79156
S8_D3	21	1	1070.58200	749.65757	221.27774	703.99752
S8_D3	22	0	811.10119	559.10918	1003.97348	576.71712
S8_D3	22	1	874.07397	576.08189	1073.19888	597.26303
S8_D3	23	0	967.25820	609.31762	670.48011	601.30025
S8_D3	23	1	831.28611	446.40447	479.13957	437.31514
S8_D3	24	0	1069.17237	868.61290	806.50035	868.46898
S8_D3	24	1	863.50593	846.95037	647.50523	831.62035
S8_D3	25	0	643.97837	778.43921	444.94906	749.70968
S8_D3	25	1	423.35031	779.77916	260.05024	736.08685
S8_D3	26	0	254.66434	494.82878	223.93789	483.64020
S8_D3	26	1	198.39079	472.27295	128.80879	457.73449
S8_D3	27	0	198.61410	562.64020	339.28611	551.39702
S8_D3	27	1	264.71319	582.06948	377.47174	569.48635
S8_D3	28	0	1534.35241	640.63275	1155.10188	654.69231
S8_D3	28	1	1723.94068	596.63772	1237.94906	610.69727
S8_D3	29	0	1292.99581	650.21588	623.65457	636.01241
S8_D3	29	1	1530.12561	434.24318	831.97767	418.69975
S8_D3	30	0	1130.34264	455.75434	548.51919	439.93548
S8_D3	30	1	1270.50105	277.41439	499.75925	258.24566
S8_D3	31	0	1808.29798	647.29032	1342.14236	667.90323
S8_D3	31	1	1569.09909	653.90323	1149.39149	667.36973
S8_D3	32	0	559.61549	601.30025	418.10886	586.95037
S8_D3	32	1	711.24145	622.29280	577.99721	612.85608
S8_D3	33	0	512.27425	567.57816	476.16888	559.03474
S8_D3	33	1	613.20935	574.94789	553.87997	568.86104
S8_D3	34	0	954.99163	607.96278	611.15701	597.58065
S8_D3	34	1	1164.67760	616.89578	774.61828	612.99007
S8_D3	35	0	1055.64759	662.08933	845.45290	663.81638
S8_D3	35	1	906.25471	673.92556	683.33147	665.82630
S8_D3	36	0	1085.10188	766.64268	885.87927	772.18610
S8_D3	36	1	1043.34334	726.44417	820.45010	727.07444
S8_D3	37	0	1011.11863	867.69975	513.94627	841.61290
S8_D3	37	1	1240.00907	839.78412	681.42708	827.09677
S8_D3	38	0	1280.89184	842.46154	1054.02722	865.29529
S8_D3	38	1	1159.85904	763.62779	962.02442	773.73201
S8_D3	39	0	1028.43196	788.70968	815.04396	792.26303
S8_D3	39	1	957.19679	727.51861	705.84648	720.79901
S8_D3	40	0	813.64201	735.01985	510.78786	712.94789
S8_D3	40	1	940.92742	749.53598	674.47244	737.51365
S8_D3	41	0	580.18911	676.52605	524.00628	662.45409
S8_D3	41	1	540.66364	686.57568	458.13050	666.92060
S8_D3	42	0	1318.15980	956.15633	1083.22121	983.30025
S8_D3	42	1	1417.15073	1020.69727	1144.02652	1058.33747
S8_D3	43	0	1253.37125	908.14888	1126.36288	933.75682
S8_D3	43	1	1335.10188	935.39454	1175.04396	972.83871
S8_D3	44	0	1315.90649	870.55335	1248.96790	911.34739
S8_D3	44	1	1439.61898	887.97270	1362.83252	938.57320
S8_D3	45	0	1199.06490	665.70968	950.34752	673.43176
S8_D3	45	1	1090.31403	636.67742	814.12980	633.23325
S8_D3	46	0	803.57641	809.73945	747.66504	803.90323
S8_D3	46	1	328.62666	783.05707	101.51500	727.70223
S8_D3	47	0	319.04187	563.58809	407.61410	553.46898
S8_D3	47	1	436.27844	622.99256	510.78227	610.86352
S8_D4_R	0	0	1289.28332	708.00746	479.60441	702.14925
S8_D4_R	0	1	1345.35887	711.02985	538.70199	705.50746
S8_D4_R	1	0	1114.98426	429.11940	1356.55509	432.22388
S8_D4_R	2	0	1565.63064	146.31343	1716.31165	99.06716
S8_D4_R	2	1	1398.07555	156.72388	1543.71983	125.59701
S8_D4_R	3	0	1837.34103	379.75373	1703.62539	357.38060
S8_D4_R	3	1	1690.94019	442.21642	1508.53620	434.28358
S8_D4_R	4	0	682.88877	344.97761	555.34732	362.99254
S8_D4_R	4	1	822.57398	367.14179	733.98321	377.76866
S8_D4_R	5	0	1170.07765	427.74627	1225.31270	433.93284
S8_D4_R	5	1	1255.03043	404.23881	1284.07450	403.37313
S8_D4_R	6	0	1250.36201	159.01493	1193.81742	149.84328
S8_D4_R	6	1	1358.14795	108.30597	1248.54984	82.00746
S8_D4_R	7	0	1082.53095	300.68657	1025.66317	303.60448
S8_D4_R	7	1	1172.52046	213.70896	1054.87618	211.58955
S8_D4_R	8	0	1226.92970	293.22388	1185.17209	288.08209
S8_D4_R	8	1	1185.29276	334.52985	1198.60336	330.39552
S8_D4_R	9	0	1628.72928	645.08209	1594.92340	663.30597
S8_D4_R	9	1	1723.08395	595.38060	1724.87093	616.96269
S8_D4_R	10	0	1751.10178	803.17910	1549.55824	840.91791
S8_D4_R	10	1	1914.96327	755.82836	1749.68416	790.54478
S8_D4_R	11	0	1441.36621	848.04478	929.73137	862.39552
S8_D4_R	11	1	919.55509	882.14925	481.28541	874.79104
S8_D4_R	12	0	850.49843	805.65672	630.05456	801.36567
S8_D4_R	12	1	672.53410	828.15672	438.32319	817.82090
S8_D4_R	13	0	994.69675	409.67164	757.12067	415.94776
S8_D4_R	13	1	712.74187	438.41045	502.34523	449.50746
S8_D4_R	14	0	638.19517	414.47015	340.48688	427.83582
S8_D4_R	14	1	804.74292	318.76119	480.50787	335.14925
S8_D4_R	15	0	1426.44806	849.84328	843.34523	862.04478
S8_D4_R	15	1	1640.34103	783.68657	1113.64953	802.26866
S8_D4_R	16	0	177.29276	523.26866	304.41028	536.21642
S8_D4_R	16	1	13.43127	436.29104	139.20567	462.33582
S8_D4_R	17	0	1031.54879	428.20896	928.71249	434.98507
S8_D4_R	17	1	1215.55719	369.10448	1091.90241	367.82090
S8_D4_R	18	0	1041.17104	543.19403	991.50472	548.26119
S8_D4_R	18	1	1185.89297	466.96269	1154.69465	472.02985
S8_D4_R	19	0	1449.04722	722.72388	1230.84155	740.38806
S8_D4_R	19	1	1316.74921	700.89552	1147.23190	718.89552
S8_D4_R	20	0	827.56453	445.20149	738.81952	455.18657
S8_D4_R	20	1	697.95278	445.53731	615.92340	458.88060
S8_D4_R	21	0	1073.60965	420.63433	798.99475	423.53731
S8_D4_R	21	1	1182.06716	409.21642	914.16789	408.42537
S8_D4_R	22	0	847.08814	921.44030	259.81322	905.65672
S8_D4_R	22	1	1026.73137	842.52239	529.86569	838.93284
S8_D4_R	23	0	1517.31375	869.82836	900.69885	887.20149
S8_D4_R	23	1	1213.09549	830.87313	591.36726	832.24627
S8_D4_R	24	0	781.43337	875.88060	355.55299	858.44030
S8_D4_R	24	1	1220.97692	817.63433	869.01574	827.66418
S8_D4_R	25	0	872.38405	826.07463	567.81742	821.31343
S8_D4_R	25	1	1160.16999	1002.42537	566.89612	1001.75373
S8_D4_R	26	0	1712.19517	306.97761	1779.97901	276.43284
S8_D4_R	26	1	1797.81952	307.64925	1915.29906	268.70896
S8_D4_R	27	0	1312.07555	204.70896	1200.58027	189.58209
S8_D4_R	27	1	1510.18678	197.65672	1421.86044	169.76866
S8_D4_R	28	0	647.26338	390.76119	367.29276	405.70896
S8_D4_R	28	1	368.72193	46.67910	84.28122	100.17164
S8_D4_R	29	0	1245.73662	808.26119	638.13851	813.80597
S8_D4_R	29	1	1581.85414	554.46269	1373.46695	558.64179
S8_D4_R	30	0	1694.38825	433.00000	1601.41553	416.28358
S8_D4_R	30	1	1054.78804	522.44776	901.49633	528.84328
S8_D4_R	31	0	848.83736	413.99254	735.75131	420.32836
S8_D4_R	31	1	948.90031	423.05970	778.39559	432.41791
S8_D4_R	32	0	1352.79014	357.35821	1337.29696	349.60448
S8_D4_R	32	1	1190.27177	361.38806	1156.31060	360.35075
S8_D4_R	33	0	1523.93704	871.63433	1059.95383	894.89552
S8_D4_R	33	1	1339.92865	864.58209	806.10283	874.41045
S8_D4_R	34	0	1718.25603	778.92537	1530.56453	811.79104
S8_D4_R	34	1	1678.29801	820.56716	1405.31794	844.02985
S8_D4_R	35	0	1144.39769	401.62687	1084.67681	408.67910
S8_D4_R	35	1	958.03882	415.05970	869.44071	426.14179
S9_D2_R	0	0	1307.48709	714.28784	507.80181	692.75434
S9_D2_R	0	1	1366.44033	719.64764	564.07537	699.45409
S9_D2_R	1	0	1522.59595	740.61787	1154.54780	743.01737
S9_D2_R	1	1	1689.63015	793.54591	1266.64829	804.65509
S9_D2_R	2	0	1317.55478	270.06452	1247.44941	247.42432
S9_D2_R	2	1	1463.37474	330.80893	1439.71738	310.17866
S9_D2_R	3	0	1195.05234	190.39454	1287.71389	165.06948
S9_D2_R	3	1	1114.66155	290.44417	1215.36218	280.97519
S9_D2_R	4	0	862.37404	87.08189	882.33426	84.71216
S9_D2_R	4	1	895.87020	171.72208	956.02582	170.91563
S9_D2_R	5	0	932.36497	210.37717	1084.46127	205.06203
S9_D2_R	5	1	967.42428	302.83375	1131.35590	299.52854
S9_D2_R	6	0	820.41103	387.34491	973.03210	388.66501
S9_D2_R	6	1	853.68388	461.71216	1014.56734	463.03226
S9_D2_R	7	0	956.40544	389.57816	1043.37404	386.87841
S9_D2_R	7	1	991.68807	476.22829	1104.56036	472.41191
S9_D2_R	8	0	1464.63782	477.76179	1725.63712	480.02730
S9_D2_R	8	1	1417.74320	543.41935	1675.16957	552.60794
S9_D2_R	9	0	1360.02373	208.92804	1504.43405	183.82878
S9_D2_R	9	1	1326.75087	314.11414	1481.87997	293.92804
S9_D2_R	10	0	1365.35799	581.26799	1483.63573	587.40695
S9_D2_R	10	1	1324.04606	640.44913	1459.07188	654.85112
S9_D2_R	11	0	1515.30705	135.05955	1673.66783	80.47643
S9_D2_R	11	1	1455.46057	235.33251	1612.25820	200.84864
S9_D2_R	12	0	1127.14096	315.78164	1254.34473	302.99504
S9_D2_R	12	1	1101.46057	405.11166	1243.84927	403.49132
S9_D2_R	13	0	1484.54990	573.49876	1803.43336	592.25806
S9_D2_R	14	0	1432.15213	655.00993	1546.76553	671.98263
S9_D2_R	14	1	1282.75925	610.79156	1365.21633	618.83127
S9_D2_R	15	0	857.72715	451.55335	482.09211	436.09677
S9_D2_R	15	1	503.31333	407.39702	123.14794	395.09677
S9_D2_R	16	0	1087.67341	569.16873	1057.32310	564.43176
S9_D2_R	16	1	1197.54082	504.62779	1198.23029	498.55087
S9_D2_R	17	0	1687.73343	630.43921	1813.03838	650.16625
S9_D2_R	17	1	1612.03210	626.41935	1757.21144	643.91315
S9_D2_R	18	0	1547.17865	792.62283	1672.97488	835.84864
S9_D2_R	18	1	1630.91905	701.28288	1759.61828	736.91563
S9_D2_R	19	0	1632.97418	793.65509	1829.11375	845.15385
S9_D2_R	19	1	1695.50035	729.78412	1913.52408	778.37965
S9_D2_R	20	0	948.82694	655.42680	768.53664	642.94541
S9_D2_R	20	1	1111.84159	628.62779	956.56176	624.85608
S9_D2_R	21	0	1638.42010	784.27792	1630.44941	819.42184
S9_D2_R	21	1	1775.97767	669.04218	1744.33636	691.67990
S9_D2_R	22	0	1003.66713	619.69975	760.39288	603.16377
S9_D2_R	22	1	922.15980	624.61290	706.12910	610.31017
S9_D2_R	23	0	1466.38032	892.41439	782.96441	880.16625
S9_D2_R	23	1	1613.76343	957.17866	917.49197	952.69975
S9_D2_R	24	0	1147.80181	478.85112	1063.36497	467.01241
S9_D2_R	24	1	1095.99442	367.85856	984.31403	354.00993
S9_D2_R	25	0	403.73064	520.55087	391.34194	509.92060
S9_D2_R	25	1	511.81158	553.15633	510.14166	542.52605
S9_D2_R	26	0	1321.17655	646.21340	1241.02094	646.51613
S9_D2_R	26	1	1486.42428	664.07940	1406.71528	673.98511
S9_D2_R	27	0	790.62875	230.72705	670.62736	229.73201
S9_D2_R	27	1	597.77111	48.01489	474.86671	67.11911
S9_D2_R	28	0	800.52826	410.05459	574.36218	394.93797
S9_D2_R	28	1	828.44173	467.67246	667.92812	457.46898
S9_D2_R	29	0	1095.00419	602.26303	885.36288	590.71960
S9_D2_R	29	1	1230.55199	551.79156	977.36567	538.68486
S9_D2_R	30	0	1166.07327	553.03970	1001.76343	547.74938
S9_D2_R	30	1	1263.12421	463.03226	1046.11375	446.35236
S9_D2_R	31	0	1240.26797	595.93797	1011.19888	587.96774
S9_D2_R	31	1	1368.32938	507.75434	1085.11375	492.38462
S9_D2_R	32	0	1230.34334	664.22333	1120.17795	659.71960
S9_D2_R	32	1	1352.26936	644.12407	1238.53105	643.86352
S9_D2_R	33	0	1095.70621	459.85112	886.87160	443.67742
S9_D2_R	33	1	930.45848	480.17370	741.72156	461.32010
S9_D2_R	34	0	1040.61549	627.98263	880.13957	619.23573
S9_D2_R	34	1	1174.37683	605.65012	971.47244	586.85360
S9_D2_R	35	0	895.25960	413.19851	803.25820	400.37717
S9_D2_R	35	1	720.40963	464.78660	648.72924	453.75186
S9_D2_R	36	0	325.64410	45.11166	152.58618	79.50372
S9_D2_R	36	1	578.00837	14.51613	386.63922	35.28536
S9_D2_R	37	0	1583.50663	631.20596	1502.85625	639.78908
S9_D2_R	37	1	1845.34752	564.80397	1791.27076	569.14392
S9_D2_R	38	0	1395.57711	525.04715	1103.19609	510.15385
S9_D2_R	38	1	1581.36776	535.20347	1214.62526	515.39702
S9_D2_R	39	0	1140.97418	596.77419	1074.97418	593.27792
S9_D2_R	39	1	1273.84229	653.94541	1232.62945	659.38213
S9_D2_R	40	0	1328.25611	461.53598	1440.55408	456.42184
S9_D2_R	40	1	1454.42498	367.96278	1574.98535	350.34243
S9_D2_R	41	0	700.57851	351.29529	556.31682	347.49876
S9_D2_R	41	1	616.97348	91.67990	476.41940	108.44665
S9_D2_R	42	0	422.05164	326.94789	266.62945	332.30769
S9_D2_R	42	1	487.70412	463.62283	418.03210	455.58313
S9_D2_R	43	0	1025.03489	631.26303	857.51989	623.01985
S9_D2_R	43	1	171.60502	491.02978	33.71947	478.36725
S9_D2_R	44	0	879.05862	512.33995	551.50872	495.15633
S9_D2_R	44	1	1229.34473	465.63027	836.73273	446.64764
S9_D2_R	45	0	998.04257	530.96774	688.30426	510.01737
S9_D2_R	45	1	1269.95673	557.93052	941.77251	544.71960
S9_D3	0	0	1320.64341	665.06948	493.73343	662.52109
S9_D3	0	1	1378.25680	667.74938	554.02652	665.87097
S9_D3	1	0	691.36078	464.96278	925.83391	477.02233
S9_D3	2	0	1391.74110	253.71216	1151.48081	238.20844
S9_D3	2	1	1588.75506	114.43176	1260.95813	77.71216
S9_D3	3	0	797.42289	522.29280	728.45220	532.46154
S9_D3	3	1	754.99442	606.70968	702.99512	613.52854
S9_D3	4	0	1336.89812	402.33995	926.83950	398.92060
S9_D3	4	1	1796.73412	306.19355	1110.73273	284.06948
S9_D3	5	0	410.01396	819.44169	24.11724	792.37717
S9_D3	5	1	517.50035	954.84615	87.75994	915.78908
S9_D3	6	0	661.18074	430.87593	259.43266	441.90323
S9_D3	6	1	369.92673	207.95037	23.67062	242.31017
S9_D3	7	0	1555.78088	592.34988	1105.38381	596.76923
S9_D3	7	1	1673.39428	450.38462	1309.19400	441.85112
S9_D3	8	0	981.05234	296.55583	1009.19819	303.83623
S9_D3	8	1	1021.24773	246.53102	1084.00628	250.23821
S9_D3	9	0	1158.83950	144.99007	819.45080	143.20596
S9_D3	9	1	1259.10468	75.31266	952.54222	57.44913
S9_D3	10	0	778.94487	216.43921	831.31263	234.95285
S9_D3	10	1	891.26867	182.27047	959.26797	193.86104
S9_D3	11	0	873.37474	370.15385	835.60782	381.01737
S9_D3	11	1	784.72156	398.29280	743.82833	410.27295
S9_D3	12	0	717.20656	96.32754	323.56664	125.70720
S9_D3	12	1	814.56874	85.16129	498.41661	110.29777
S9_D3	13	0	1118.02512	495.03226	861.10537	497.85856
S9_D3	13	1	984.71040	433.39454	688.48849	438.90074
S9_D3	14	0	1568.14096	475.66998	841.12073	468.29032
S9_D3	14	1	1867.96930	227.84615	906.95673	198.20099
S9_D3	15	0	929.77181	630.40943	732.76204	632.98015
S9_D3	15	1	1051.93719	44.44169	922.59665	47.34491
S9_D3	16	0	982.51989	572.03970	813.15911	582.87345
S9_D3	16	1	506.55757	119.49380	420.01186	160.09429
S9_D3	17	0	1422.91696	620.39702	54.93371	606.99752
S9_D3	17	1	1638.63224	359.10670	514.50105	349.72705
S9_D3	18	0	1610.49546	731.61290	598.91137	730.27295
S9_D3	18	1	1873.10537	640.49628	945.93161	637.81638
S9_D3	19	0	311.79972	145.93052	287.63224	195.77419
S9_D3	19	1	423.23029	175.85608	421.17027	217.21340
S9_D3	20	0	760.27495	383.00496	853.23726	397.62283
S9_D3	20	1	842.89881	342.35980	900.35520	354.96774
S9_D3	21	0	889.65806	860.24814	551.19260	856.18362
S9_D3	21	1	594.89184	897.76675	327.88486	878.29280
S9_D3	22	0	1137.13957	627.53350	896.75157	631.19355
S9_D3	22	1	1459.10188	477.57320	1262.21842	475.59305
S9_D3	23	0	1219.85973	136.42680	1320.34403	122.67246
S9_D3	23	1	1290.19051	85.40199	1450.97906	56.12159
S9_D3	24	0	1130.63852	384.54094	925.16120	388.22333
S9_D3	24	1	961.14794	430.54591	817.08025	436.90819
S9_D3	25	0	1696.31612	193.15385	1503.96720	155.83623
S9_D3	25	1	1647.41172	216.82630	1406.15841	183.75186
S9_D3	26	0	854.76134	519.39950	855.98395	526.24566
S9_D3	26	1	1005.49407	445.70223	1006.71668	458.13151
S9_D3	27	0	1235.62456	153.23325	890.86881	147.40695
S9_D3	27	1	1417.39707	113.92804	1061.80461	91.08189
S9_D3	28	0	792.48988	285.01985	698.03419	298.97022
S9_D3	28	1	696.24424	258.22084	578.78786	280.43424
S9_D3	29	0	1006.63922	297.87593	702.94417	307.58313
S9_D3	29	1	924.46197	345.44417	666.76832	357.38462
S9_D3	30	0	915.37195	453.33995	42.87509	452.90323
S9_D3	30	1	1010.50105	415.15136	363.09839	419.40447
S9_D3	31	0	1106.46336	485.46154	581.49337	486.40199
S9_D3	31	1	945.45848	508.46402	439.66364	511.95037
S9_D3	32	0	1509.97558	621.01985	915.11514	620.39702
S9_D3	32	1	1538.78227	495.81390	1012.92394	489.08189
S9_D3	33	0	792.75297	359.89330	557.37613	373.84615
S9_D3	33	1	835.62805	371.95285	643.19051	383.51613
S9_D3	34	0	720.84787	362.57320	476.69505	376.91067
S9_D3	34	1	580.06909	366.34988	350.65457	385.37717
S9_D3	35	0	683.43057	566.36725	352.62805	569.20347
S9_D3	35	1	791.06490	604.33251	392.60014	605.82878
S9_D3	36	0	1128.38381	628.61042	566.74459	625.98759
S9_D3	36	1	1022.98255	719.95037	417.57502	714.64764
S9_D3	37	0	1338.50663	604.31762	821.32589	604.31762
S9_D3	37	1	1389.42080	510.52109	957.99023	510.52109
S9_D3	38	0	1542.27634	481.49876	1187.10398	479.70223
S9_D3	38	1	1735.07537	382.40695	1372.53873	364.85360
S9_D3	39	0	776.76274	717.66749	381.85625	710.17370
S9_D3	39	1	671.13817	796.94789	229.63433	781.67990
S9_D3	40	0	1052.66504	732.66005	255.53803	724.73201
S9_D3	40	1	1132.17027	813.34988	120.58618	801.29032
S9_D3	41	0	717.35799	411.57816	315.67411	425.34491
S9_D3	41	1	733.65946	499.56824	387.35590	503.28536
S9_D4_R	0	0	1332.57711	699.05955	503.17865	663.24069
S9_D4_R	0	1	1383.49128	701.73945	556.77251	666.59057
S9_D4_R	1	0	1487.22959	602.97767	1862.38660	661.93548
S9_D4_R	2	0	1170.89672	591.96526	1098.78995	612.17866
S9_D4_R	2	1	1238.33566	498.61538	1182.75366	517.26551
S9_D4_R	3	0	1120.20586	633.50372	1004.55408	652.82382
S9_D4_R	3	1	1130.47802	552.66005	1047.42917	570.19355
S9_D4_R	4	0	1152.09211	743.78412	1021.67341	765.12903
S9_D4_R	4	1	1218.86113	656.01737	1124.61828	676.69231
S9_D4_R	5	0	868.43405	685.34988	783.01814	700.86352
S9_D4_R	5	1	720.38102	658.77419	669.13119	673.84119
S9_D4_R	6	0	270.02512	330.49876	295.05443	372.86600
S9_D4_R	6	1	156.80809	264.39454	195.90579	317.48139
S9_D4_R	7	0	858.43475	563.54342	760.07397	578.88337
S9_D4_R	7	1	699.21633	503.24566	596.61270	521.04218
S9_D4_R	8	0	613.51012	131.22333	721.55967	184.67990
S9_D4_R	8	1	506.54571	88.56824	616.60502	150.73449
S9_D4_R	9	0	277.45010	64.34491	347.51779	139.63772
S9_D4_R	9	1	386.20098	156.80149	450.01605	216.68486
S9_D4_R	10	0	542.85973	481.83623	606.54920	513.07940
S9_D4_R	10	1	477.23587	427.59305	531.07118	459.70471
S9_D4_R	11	0	853.82135	560.08685	598.39358	564.89578
S9_D4_R	11	1	759.36218	505.14888	462.39916	509.06452
S9_D4_R	12	0	1279.74878	686.43672	1062.49826	706.15385
S9_D4_R	12	1	1591.51012	687.72953	1376.02233	706.15385
S9_D4_R	13	0	947.66574	144.15633	904.61828	167.45906
S9_D4_R	13	1	815.26657	10.27295	701.02024	48.18610
S9_D4_R	14	0	1552.26308	527.56328	1518.04187	542.58313
S9_D4_R	14	1	1771.99791	507.68734	1756.31542	517.23325
S9_D4_R	15	0	333.40195	127.63027	146.04327	177.72457
S9_D4_R	15	1	242.62736	32.49380	48.90440	97.32754
S9_D4_R	16	0	857.39358	358.79653	945.29518	389.69727
S9_D4_R	16	1	791.51779	336.68734	882.09909	372.50124
S9_D4_R	17	0	407.21144	280.24814	460.02582	329.22581
S9_D4_R	17	1	215.39009	171.71216	281.60293	236.32258
S9_D4_R	18	0	616.06001	432.64268	570.39009	457.94541
S9_D4_R	18	1	866.38800	364.75186	811.33915	389.16129
S9_D4_R	19	0	496.72435	285.38213	621.91766	333.41935
S9_D4_R	19	1	444.02373	209.89826	568.10049	262.84864
S9_D4_R	20	0	466.98604	517.23325	495.79204	540.62035
S9_D4_R	20	1	367.39079	553.41191	396.19679	571.88586
S9_D4_R	21	0	741.70063	174.64516	935.79833	221.07940
S9_D4_R	21	1	752.08444	131.43176	945.84717	183.22581
S9_D4_R	22	0	1681.39218	752.47891	1810.80251	814.67494
S9_D4_R	22	1	1566.16539	738.74442	1695.24075	793.90571
S9_D4_R	23	0	1530.53175	760.07444	1694.34054	821.40447
S9_D4_R	23	1	1430.37823	743.99504	1559.68597	795.61042
S9_D4_R	24	0	1663.08444	857.29032	1645.33147	919.65012
S9_D4_R	24	1	1872.43545	867.33995	1860.37683	936.06452
S9_D4_R	25	0	1183.24634	314.39702	1277.38241	334.78660
S9_D4_R	25	1	1272.12282	322.66005	1376.08444	341.03970
S9_D4_R	26	0	1376.75087	598.82630	1296.52617	620.75434
S9_D4_R	26	1	1564.10607	618.70223	1474.05583	640.85360
S9_D4_R	27	0	1143.63364	374.07692	1262.54780	398.15385
S9_D4_R	27	1	1230.27704	417.40199	1352.76413	442.81886
S9_D4_R	28	0	1637.54082	756.38958	1463.98744	788.42928
S9_D4_R	28	1	1520.08095	735.17370	1258.32100	754.70720
S9_D4_R	29	0	1460.07397	651.18610	1181.74459	661.93548
S9_D4_R	29	1	1302.64201	565.20596	949.95115	560.09926
S9_D4_R	30	0	1838.26936	517.20844	1844.52198	528.07196
S9_D4_R	30	1	1698.25541	428.77171	1735.10119	432.48883
S9_D4_R	31	0	328.44243	669.96526	295.16957	670.94293
S9_D4_R	31	1	237.77948	682.47146	194.90440	678.75931
S9_D4_R	32	0	824.10886	407.49876	780.96301	431.67742
S9_D4_R	32	1	952.51082	451.71712	950.90021	477.90571
S9_D4_R	33	0	1100.81717	361.46898	1129.17795	385.17370
S9_D4_R	33	1	1236.81158	362.13896	1247.97767	378.47395
S9_D4_R	34	0	1309.50035	255.66253	1317.96650	262.85360
S9_D4_R	34	1	1146.63433	226.98759	1139.46895	243.11166
S9_D4_R	35	0	1532.88625	431.50372	1488.61619	440.38213
S9_D4_R	35	1	1810.21144	353.29777	1657.19051	334.48387
S9_D4_R	36	0	1139.28681	652.80893	943.28751	666.98759
S9_D4_R	36	1	1020.89532	523.50620	828.73064	531.42928
S9_D4_R	37	0	1045.81926	504.09429	891.54920	516.69727
S9_D4_R	37	1	1012.99302	356.92308	858.49965	371.53598
S9_D4_R	38	0	708.52966	252.03474	468.39358	277.02481
S9_D4_R	38	1	678.71319	95.35484	455.23796	125.36973
S9_D4_R	39	0	863.13050	383.35236	671.42219	396.57320
S9_D4_R	39	1	917.08374	275.72457	663.96581	290.28536
S9_D4_R	40	0	960.60782	604.47146	775.91835	616.28536
S9_D4_R	40	1	884.46964	468.20596	714.96511	483.81638
S9_D4_R	41	0	310.44941	211.23573	153.41242	252.97519
S9_D4_R	41	1	527.50454	176.06203	290.41172	211.43672
S9_D4_R	42	0	623.87160	206.48387	608.20167	249.68486
S9_D4_R	42	1	559.22401	128.09677	560.63712	180.67742
S9_D4_R	43	0	741.62945	249.20099	756.11863	285.18114
S9_D4_R	43	1	689.04047	280.68983	688.79135	316.33499
S9_D4_R	44	0	1718.09072	387.21588	1072.16957	347.71216
S9_D4_R	44	1	1447.77669	428.08437	930.81577	411.02481
S9_D4_R	45	0	1308.41870	582.55335	357.67341	538.13896
S9_D4_R	45	1	974.12701	474.01737	155.69156	440.32258
S9_D4_R	46	0	1110.99372	600.36476	872.44592	607.31017
S9_D4_R	46	1	948.53733	598.35484	703.62526	606.64020
S9_D4_R	47	0	977.48569	649.59305	784.76902	657.78908
S9_D4_R	47	1	862.92882	553.78660	702.36846	569.01737
S9_D4_R	48	0	656.83461	633.70968	400.06211	630.40447
S9_D4_R	48	1	498.73273	611.93548	293.54431	610.97519
S9_D4_R	49	0	398.72715	695.11414	184.22889	683.05955
S9_D4_R	49	1	212.82345	646.54094	46.89463	639.84615
S9_D4_R	50	0	933.60991	708.79404	677.95185	703.69479
S9_D4_R	50	1	825.41731	661.22581	518.17516	658.47146
S9_D4_R	51	0	1222.37544	733.00496	1009.36567	747.76923
S9_D4_R	51	1	1341.95673	651.93797	1105.16469	664.02233
S9_D4_R	52	0	1099.94487	775.37469	846.29937	786.01489
S9_D4_R	52	1	1014.19470	777.38462	722.02861	776.97022
S9_D4_R	53	0	1781.32589	447.84864	1344.73692	427.01985
S9_D4_R	53	1	1680.83740	362.76179	1188.97976	330.20844
S9_D4_R	54	0	1471.22819	571.57568	418.11445	518.94045
S9_D4_R	54	1	1848.87788	529.41191	761.59805	472.75682
S9_D4_R	55	0	1374.76064	300.71712	1593.22749	315.72705
S9_D4_R	55	1	1589.23098	263.28784	1855.50314	258.82134
