OpCode	ImagePtPair	Index	Lx	Ly	Rx	Ry
Howe_001	0	0	1391.46746	862.52632	1114.06509	859.31579
Howe_001	0	1	1782.24852	916.34211	1481.26036	920.65789
Howe_001	1	0	1102.70414	345.44737	633.37278	329.68421
Howe_001	1	1	1248.26627	529.47368	874.79290	508.73684
Howe_001	2	0	1104.26627	964.89474	973.27811	960.63158
Howe_001	2	1	1307.34320	1004.68421	1184.87574	1011.78947
Howe_001	3	0	1526.49112	774.28947	1336.79290	777.71053
Howe_001	3	1	1768.62130	831.84211	1566.85207	835.97368
Howe_001	4	0	1133.98817	967.02632	1102.47337	978.39474
Howe_001	4	1	1029.60947	955.65789	986.02367	962.76316
Howe_001	5	0	469.08284	540.44737	156.21302	528.10526
Howe_001	5	1	586.24260	527.65789	301.06509	519.57895
Howe_001	6	0	925.63314	572.47368	208.75740	554.68421
Howe_001	6	1	1097.46746	647.78947	433.13609	634.26316
Howe_001	7	0	1502.48521	885.31579	1149.47929	879.63158
Howe_001	7	1	1631.71598	906.63158	1273.02959	895.26316
Howe_001	8	0	974.19527	956.00000	863.50888	954.23684
Howe_001	8	1	1323.63314	1022.44737	1182.77515	1030.97368
Howe_001	9	0	928.75740	915.15789	693.01775	918.00000
Howe_001	9	1	1441.92308	1055.84211	1268.14201	1062.94737
Howe_001	10	0	884.49704	812.84211	697.17160	801.47368
Howe_001	10	1	1457.04142	891.00000	1247.30769	892.42105
Howe_001	11	0	1242.28994	731.31579	867.34320	725.89474
Howe_001	11	1	1493.65089	739.84211	1114.44379	725.89474
Howe_001	12	0	1526.31361	677.31579	1199.81657	664.73684
Howe_001	12	1	1863.19527	676.00000	1435.55621	660.47368
Howe_001	13	0	1401.65680	833.73684	1008.10059	825.31579
Howe_001	13	1	1736.80473	882.05263	1292.12426	867.94737
Howe_001	14	0	1410.17751	899.52632	1008.93491	886.73684
Howe_001	14	1	1634.55621	906.63158	1248.93491	896.68421
Howe_001	15	0	1661.25444	216.00000	983.97041	218.76316
Howe_001	15	1	1397.82249	256.50000	817.10651	244.34211
Howe_001	16	0	1545.47337	431.57895	1189.21893	424.18421
Howe_001	16	1	1382.15976	443.65789	1070.63905	441.94737
Howe_001	17	0	1703.81657	545.26316	1381.49112	541.28947
Howe_001	17	1	1529.14201	528.21053	1254.92308	525.15789
Howe_001	18	0	1587.36686	599.26316	1274.09467	595.50000
Howe_001	18	1	1712.33728	591.44737	1401.90533	589.81579
Howe_001	19	0	1440.27219	301.65789	1256.39053	294.65789
Howe_001	19	1	1345.83432	362.05263	1152.01183	358.60526
Howe_001	20	0	1659.40828	721.36842	1346.72781	713.44737
Howe_001	20	1	1799.28994	768.26316	1484.47929	759.63158
Howe_001	21	0	1024.35503	122.28947	508.46746	99.10526
Howe_001	21	1	1140.09467	196.89474	690.95266	185.78947
Howe_001	22	0	1156.53846	497.21053	819.37278	494.76316
Howe_001	22	1	1280.79882	522.07895	951.44379	516.78947
Howe_001	23	0	1270.85799	615.86842	1020.31953	611.28947
Howe_001	23	1	1162.21893	595.97368	903.15976	589.26316
Howe_001	24	0	1292.15976	616.57895	1057.24260	612.71053
Howe_001	24	1	1175.00000	568.97368	950.73373	568.65789
Howe_001	25	0	1324.82249	558.31579	1086.35503	559.42105
Howe_001	25	1	1251.68639	533.44737	991.91716	531.71053
Howe_001	26	0	1584.76923	394.23684	1086.21893	390.86842
Howe_001	26	1	1366.07101	406.31579	940.65680	407.21053
Howe_001	27	0	1676.36686	473.81579	1160.06509	466.18421
Howe_001	27	1	1442.75740	493.71053	992.49112	479.68421
Howe_001	28	0	1405.11834	866.26316	1028.63314	859.36842
Howe_001	28	1	1638.01775	844.23684	1191.23669	825.26316
Howe_001	29	0	1482.78698	907.92105	906.43195	887.78947
Howe_001	29	1	1841.18343	898.89474	1113.05917	860.78947
Howe_001	30	0	1006.56805	980.52632	837.23077	976.26316
Howe_001	30	1	1321.83432	972.00000	1141.13609	990.47368
Howe_001	31	0	1036.04142	1075.73684	888.74556	1072.89474
Howe_001	31	1	1205.74556	1060.10526	1084.72189	1062.94737
Howe_001	32	0	883.40237	808.39474	298.04142	823.42105
Howe_001	32	1	604.34911	836.10526	20.59172	865.50000
Howe_002	0	0	1299.13609	714.02632	963.38462	712.63158
Howe_002	0	1	1109.84024	633.57895	824.21302	638.02632
Howe_002	1	0	818.66864	467.00000	326.62722	471.78947
Howe_002	1	1	649.24852	385.60526	98.69822	396.21053
Howe_002	2	0	1241.86391	635.71053	420.51479	649.00000
Howe_002	2	1	1110.50296	569.63158	180.51479	582.21053
Howe_002	3	0	855.66272	558.42105	545.05325	566.05263
Howe_002	3	1	743.47337	532.13158	397.36095	541.89474
Howe_002	4	0	920.15976	599.31579	480.03550	612.81579
Howe_002	4	1	768.91716	541.05263	293.28994	555.26316
Howe_002	5	0	1099.82840	323.63158	393.77515	322.10526
Howe_002	5	1	889.65089	385.44737	180.75740	401.68421
Howe_002	6	0	1648.04734	837.34211	1524.24852	837.73684
Howe_002	6	1	1405.68047	723.21053	1296.07692	721.97368
Howe_002	7	0	1224.62722	409.73684	686.68047	411.68421
Howe_002	7	1	1368.76923	421.81579	808.81065	425.89474
Howe_002	8	0	1853.25444	893.13158	1596.52071	888.39474
Howe_002	8	1	1525.55030	767.21053	1330.30178	766.44737
Howe_002	9	0	1874.55621	565.57895	1133.25444	542.84211
Howe_002	9	1	1238.34320	383.68421	718.57988	392.21053
Howe_002	10	0	1599.63314	759.02632	1416.33136	757.23684
Howe_002	10	1	1403.65680	820.84211	1228.16568	820.47368
Howe_002	11	0	1633.28402	919.42105	1439.10059	920.84211
Howe_002	11	1	1367.01183	898.81579	1189.15976	901.65789
Howe_002	12	0	1722.11834	776.13158	1428.80473	768.81579
Howe_002	12	1	1322.35503	783.94737	1042.53254	767.39474
Howe_002	13	0	1104.59763	711.78947	981.85799	713.00000
Howe_002	13	1	926.37278	709.65789	800.79290	713.00000
Howe_002	14	0	1083.34320	463.92105	866.82840	466.63158
Howe_002	14	1	966.18343	475.28947	743.98817	481.55263
Howe_002	15	0	1081.43787	327.28947	888.24260	329.47368
Howe_002	15	1	963.56805	349.31579	766.82249	355.05263
Howe_002	16	0	1222.34911	910.84211	1153.04734	918.55263
Howe_002	16	1	1139.98225	864.65789	1069.26036	868.81579
Howe_003	0	0	1742.48521	297.71053	1426.20710	298.86842
Howe_003	0	1	1544.37870	297.00000	1281.35503	288.92105
Howe_003	1	0	1735.38462	275.68421	1283.36095	277.68421
Howe_003	1	1	1903.66864	223.39474	1460.16568	230.78947
Howe_003	2	0	1505.32544	622.42105	653.25444	602.52632
Howe_003	2	1	1212.78107	639.47368	460.11834	619.57895
Howe_003	3	0	686.40828	640.65789	144.43195	611.02632
Howe_003	3	1	885.22485	623.60526	353.18935	598.94737
Howe_003	4	0	1251.59763	294.78947	1037.92899	283.13158
Howe_003	4	1	1330.41420	291.94737	1145.85799	280.28947
Howe_003	5	0	1613.90533	105.00000	1102.00000	107.92105
Howe_003	5	1	1409.40828	108.55263	963.53846	99.39474
Howe_003	6	0	1442.84024	321.15789	518.41420	299.73684
Howe_003	6	1	1132.35503	262.21053	286.00592	213.71053
Howe_003	7	0	683.41420	393.81579	409.63905	365.84211
Howe_003	7	1	543.53254	354.02632	238.51479	322.50000
Howe_003	8	0	806.20118	495.84211	661.75148	478.10526
Howe_003	8	1	712.47337	505.07895	569.44379	480.23684
Howe_003	9	0	499.17160	553.44737	220.82840	512.05263
Howe_003	9	1	317.39645	512.23684	22.01183	489.31579
Howe_003	10	0	1239.75740	516.42105	1049.42604	498.47368
Howe_003	10	1	541.06509	485.94737	36.92308	449.68421
Howe_003	11	0	538.97633	637.84211	408.06509	605.21053
Howe_003	11	1	1058.73964	534.10526	915.04734	521.36842
Howe_003	12	0	1532.30769	459.78947	1335.77515	457.21053
Howe_003	12	1	1756.68639	445.57895	1557.31361	441.57895
Howe_003	13	0	1325.95266	919.42105	938.09467	910.89474
Howe_003	13	1	1490.68639	1013.21053	1084.36686	1003.26316
Howe_003	14	0	641.69231	990.47368	258.46154	966.31579
Howe_003	14	1	465.59763	1023.15789	24.14201	996.15789
Howe_003	15	0	1466.42012	335.21053	1267.21893	327.18421
Howe_003	15	1	1652.45562	302.52632	1412.07101	295.92105
Howe_003	16	0	1340.74556	780.23684	835.73964	765.26316
Howe_003	16	1	1462.16568	660.15789	1002.60355	643.05263
Howe_003	17	0	496.35503	583.81579	404.65680	557.76316
Howe_003	17	1	609.96450	566.76316	512.58580	542.13158
Howe_003	18	0	841.76923	365.60526	460.07692	338.07895
Howe_003	18	1	1010.76331	416.76316	656.76331	393.50000
Howe_003	19	0	1081.05917	293.84211	864.70414	276.42105
Howe_003	19	1	927.68639	349.97368	711.33136	333.26316
Howe_003	20	0	661.62722	674.05263	340.90533	644.02632
Howe_003	20	1	843.40237	639.23684	539.72189	619.15789
Howe_003	21	0	600.53254	246.63158	392.46746	222.42105
Howe_003	21	1	734.02367	312.71053	547.97041	289.92105
Howe_003	22	0	1256.57988	563.18421	627.95858	547.68421
Howe_003	22	1	1047.11243	569.57895	455.41420	546.97368
Howe_003	23	0	1615.95858	887.31579	1038.10651	865.76316
Howe_003	23	1	1323.41420	926.39474	808.04734	904.13158
Howe_003	24	0	1091.51479	1023.15789	468.59763	1001.84211
Howe_003	24	1	820.98225	937.18421	257.00000	927.94737
Howe_003	25	0	1532.12426	724.92105	639.10651	695.18421
Howe_003	25	1	1897.27811	599.68421	970.40237	593.42105
Howe_003	26	0	1548.06509	854.07895	1083.93491	843.21053
Howe_003	26	1	1855.38462	911.60526	1286.34911	891.13158
Howe_003	27	0	587.11243	310.89474	573.67456	298.00000
Howe_003	27	1	707.11243	310.89474	689.41420	297.28947
Howe_003	28	0	1427.83432	813.73684	971.98817	790.44737
Howe_003	28	1	1636.59172	768.26316	1207.01775	749.94737
Howe_003	29	0	953.37870	906.42105	438.78107	891.28947
Howe_003	29	1	610.42012	906.42105	76.65089	887.02632
Howe_003	30	0	1508.52071	1066.50000	903.19527	1043.05263
Howe_003	30	1	914.74556	1066.50000	233.26627	1067.92105
Howe_003	31	0	654.52071	621.84211	391.04734	592.36842
Howe_003	31	1	880.31953	464.10526	674.61538	431.05263
Howe_003	32	0	968.52071	1034.52632	249.94083	1028.84211
Howe_003	32	1	1225.76923	803.02632	707.55030	783.68421
Howe_003	33	0	947.92308	910.18421	570.36686	889.92105
Howe_003	33	1	533.07692	884.68421	152.43195	841.94737
Howe_003	34	0	439.44379	484.92105	302.48521	457.65789
Howe_003	34	1	161.02959	332.21053	39.76331	307.73684
Howe_003	35	0	913.05325	644.26316	748.30178	629.10526
Howe_003	35	1	202.68639	693.97368	105.08876	648.63158
Howe_003	36	0	935.50296	123.63158	859.92899	108.00000
Howe_003	36	1	759.40828	48.31579	690.93491	38.36842
Howe_003	37	0	1011.47929	94.50000	955.07692	82.42105
Howe_003	37	1	867.33728	56.13158	820.87574	43.34211
Howe_005	0	0	1581.12426	225.84211	1214.42012	232.78947
Howe_005	0	1	1152.32544	22.50000	850.13609	14.21053
Howe_005	1	0	508.26036	339.57895	127.81065	312.63158
Howe_005	1	1	836.30769	366.57895	581.49112	359.28947
Howe_005	2	0	790.29586	192.63158	511.82840	181.73684
Howe_005	2	1	507.04734	194.52632	154.79290	174.42105
Howe_005	3	0	1047.79882	190.39474	594.89349	177.86842
Howe_005	3	1	862.47337	170.50000	427.31953	145.89474
Howe_005	4	0	934.43787	326.84211	144.85207	286.92105
Howe_005	4	1	1383.79290	361.47368	499.13018	338.00000
Howe_005	5	0	1410.52663	467.15789	1090.71006	470.15789
Howe_005	5	1	1671.57396	320.78947	1388.10059	331.18421
Howe_005	6	0	1546.24852	205.15789	1310.45562	203.34211
Howe_005	6	1	1750.03550	274.07895	1483.00000	277.23684
Howe_005	7	0	1160.32544	362.21053	1027.27219	358.68421
Howe_005	7	1	1380.44379	249.23684	1241.71006	249.97368
Howe_005	8	0	1663.85207	332.47368	1408.79882	339.47368
Howe_005	8	1	1315.21302	280.60526	1129.03550	297.55263
Howe_005	9	0	604.83432	319.02632	504.99408	310.28947
Howe_005	9	1	815.72189	332.52632	707.36095	330.89474
Howe_005	10	0	1403.58580	314.63158	1314.23077	315.65789
Howe_005	10	1	1669.14793	353.71053	1586.18343	351.89474
Howe_005	11	0	743.80473	276.02632	602.71598	269.02632
Howe_005	11	1	576.23077	224.15789	415.26036	220.71053
Howe_005	12	0	1127.31953	131.34211	1019.08284	132.18421
Howe_005	12	1	1514.98225	209.50000	1490.45562	199.42105
Howe_005	13	0	1662.21893	314.07895	1433.84024	322.60526
Howe_005	13	1	1870.26627	376.60526	1607.80473	395.07895
Howe_005	14	0	1278.39645	384.68421	1006.07101	387.13158
Howe_005	14	1	1119.34320	435.84211	869.02959	436.15789
Howe_005	15	0	1468.18935	655.07895	913.79882	645.63158
Howe_005	15	1	1810.65089	548.55263	1118.29586	553.26316
Howe_005	16	0	1109.92899	205.84211	796.81065	198.71053
Howe_005	16	1	960.81657	152.55263	685.33136	141.86842
Howe_005	17	0	1337.75148	110.84211	684.39053	109.15789
Howe_005	17	1	1684.24260	184.15789	972.67456	202.94737
Howe_005	18	0	1211.84615	320.63158	489.29586	303.47368
Howe_005	18	1	1585.47337	398.34211	699.47337	400.10526
Howe_005	19	0	1561.47929	180.34211	1052.13018	188.92105
Howe_005	19	1	1876.68639	236.73684	1286.44970	258.55263
Howe_005	20	0	1345.47929	547.81579	462.82249	544.92105
Howe_005	20	1	1800.71006	604.65789	879.01775	582.00000
Howe_005	21	0	1176.18935	355.15789	976.95266	350.07895
Howe_005	21	1	1411.21893	301.86842	1231.86391	301.76316
Howe_005	22	0	1278.10651	386.52632	656.55030	387.68421
Howe_005	22	1	1866.03550	432.00000	1119.23077	446.07895
Howe_005	23	0	1817.75148	393.15789	1762.85207	399.00000
Howe_005	23	1	1151.56213	240.60526	1090.03550	239.02632
Howe_005	24	0	730.57396	291.65789	423.07692	275.52632
Howe_005	24	1	911.63905	214.21053	665.20710	210.86842
Howe_005	25	0	1357.98817	428.68421	1091.89349	421.94737
Howe_005	25	1	1610.05917	373.26316	1376.62722	380.02632
Howe_005	26	0	1372.21893	726.65789	723.63314	719.55263
Howe_005	26	1	1760.76923	668.94737	1023.98817	664.13158
Howe_005	27	0	1401.25444	520.05263	989.26036	525.21053
Howe_005	27	1	1644.09467	544.21053	1187.36686	546.52632
Howe_005	28	0	949.77515	255.15789	735.23669	252.47368
Howe_005	28	1	1152.85207	272.21053	971.68639	268.10526
Howe_006	0	0	1752.38095	567.02419	1238.28652	557.66935
Howe_006	0	1	1668.57143	569.74597	1182.29558	564.74597
Howe_006	1	0	1103.67347	820.88710	704.50736	807.82258
Howe_006	1	1	535.51020	836.12903	6.52322	833.95161
Howe_006	2	0	1438.59864	531.44355	1195.57418	528.08468
Howe_006	2	1	1202.98639	454.70968	1008.33296	446.29032
Howe_006	3	0	771.63265	711.16532	440.20725	700.75806
Howe_006	3	1	551.76871	760.70161	176.56059	751.92742
Howe_006	4	0	1261.61224	1075.10081	553.75198	1064.21371
Howe_006	4	1	1526.10204	1057.68145	929.00113	1038.62903
Howe_006	5	0	816.12245	362.02419	565.09740	347.72581
Howe_006	5	1	687.68707	317.38710	392.77576	306.35484
Howe_006	6	0	750.81633	280.37097	416.69422	265.52823
Howe_006	6	1	553.31293	201.32661	138.61835	178.83468
Howe_006	7	0	951.75510	589.59677	735.65232	582.90323
Howe_006	7	1	737.87755	515.02016	501.90374	504.51613
Howe_006	8	0	999.59864	328.81855	845.67610	323.10081
Howe_006	8	1	1206.40136	278.19355	1063.66025	269.75403
Howe_006	9	0	1472.78231	333.52823	1430.45753	324.77016
Howe_006	9	1	1248.56463	258.40726	1183.11891	252.91532
Howe_006	10	0	1529.56463	839.80645	1113.26048	827.94758
Howe_006	10	1	1661.80952	913.83871	1218.71914	906.33468
Howe_006	11	0	877.18367	823.25403	413.98641	814.78629
Howe_006	11	1	724.25850	860.27016	229.16195	857.24597
Howe_006	12	0	1140.82993	368.79839	208.74292	335.32258
Howe_006	12	1	1386.27211	278.97984	478.36920	250.40323
Howe_006	13	0	687.64626	374.88306	21.74405	341.85484
Howe_006	13	1	980.43537	416.25403	384.84145	394.44355
Howe_006	14	0	885.25170	234.72581	636.25142	222.25403
Howe_006	14	1	1238.99320	144.36290	977.10306	133.25000
Howe_006	15	0	1103.67347	790.40323	719.06229	784.81048
Howe_006	15	1	324.35374	529.11290	51.09853	516.03226
Howe_006	16	0	879.74150	575.37903	683.87089	571.29839
Howe_006	16	1	709.94558	507.33468	524.59570	498.89919
Howe_006	17	0	1667.37415	161.91129	1478.30691	145.46774
Howe_006	17	1	1364.46259	127.36290	1210.13817	117.58065
Howe_006	18	0	1226.29252	194.14113	1131.08154	184.35484
Howe_006	18	1	995.54422	148.95968	881.02492	142.98387
Howe_006	19	0	1155.91837	557.41935	841.49490	548.70968
Howe_006	19	1	1893.87755	298.30645	1556.87429	300.48387
Howe_006	20	0	966.88435	208.72581	534.90374	191.61290
Howe_006	20	1	1126.34014	91.14516	768.16421	76.75403
Howe_006	21	0	727.72789	379.60081	551.30125	372.68952
Howe_006	21	1	912.76190	354.01613	756.23896	346.01613
Howe_006	22	0	798.53741	517.29032	477.45980	505.07661
Howe_006	22	1	658.67347	469.38710	295.35334	458.26210
Howe_006	23	0	1226.92517	661.40323	868.72820	652.08871
Howe_006	23	1	1385.02041	526.24194	986.03058	520.55645
Howe_006	24	0	1308.01361	340.58468	1243.59796	330.02016
Howe_006	24	1	1126.78912	337.31855	1058.95810	329.42742
Howe_006	25	0	1326.14966	87.64113	1054.21631	78.93145
Howe_006	25	1	1077.44218	68.58871	790.02605	60.42339
Howe_006	26	0	1243.70068	324.95968	1221.32050	312.82258
Howe_006	26	1	1101.11565	317.33871	1069.11212	309.55645
Howe_006	27	0	1452.19048	575.85887	1242.17327	578.45565
Howe_006	27	1	1591.51020	573.68145	1357.41676	574.10081
Howe_006	28	0	1048.58503	676.02419	589.18686	660.40726
Howe_006	28	1	820.01361	718.48387	301.07814	708.31048
Howe_006	29	0	1207.75510	686.23790	585.15289	672.56452
Howe_006	29	1	1484.21769	739.04032	807.48584	721.01210
Howe_006	30	0	903.09524	438.42742	603.09173	430.03629
Howe_006	30	1	1042.41497	461.29032	779.21857	453.98790
Howe_006	31	0	1033.93197	619.52016	603.52208	601.97581
Howe_006	31	1	1256.51701	587.40323	779.64892	573.12500
Howe_006	32	0	1475.08844	671.33065	960.36467	661.12903
Howe_006	32	1	1260.95918	544.54435	730.96489	533.20565
Howe_006	33	0	1280.40816	860.41532	674.10646	844.05242
Howe_006	33	1	1532.92517	830.47581	865.45413	809.75806
Howe_006	34	0	1391.82993	774.96371	863.82333	760.76613
Howe_006	34	1	1567.06803	667.18145	1041.66704	654.93548
Howe_006	35	0	1288.10204	404.11290	1082.48131	399.11694
Howe_006	35	1	1447.01361	363.28629	1217.29445	357.20161
Howe_006	36	0	1592.27211	902.41129	1093.72593	884.03226
Howe_006	36	1	1786.01361	777.75403	1303.31257	767.88710
Howe_006	37	0	1894.96599	510.79435	835.93658	493.10081
Howe_006	37	1	1472.65306	570.67339	503.79615	552.97984
Howe_006	38	0	1379.24490	420.47984	457.33522	397.34274
Howe_006	38	1	1076.65986	436.26613	135.52322	404.41935
Howe_006	39	0	1173.68027	576.40726	661.08267	561.97581
Howe_006	39	1	1015.31293	583.48387	407.22084	568.50806
Howe_007	0	0	754.25850	688.17339	648.94904	673.07661
Howe_007	0	1	870.17687	743.15323	756.03851	730.23387
Howe_007	1	0	364.97959	422.20565	41.31370	418.06452
Howe_007	1	1	625.65986	495.69355	372.26840	492.25403
Howe_007	2	0	575.97279	674.06452	300.00453	668.73387
Howe_007	2	1	700.59864	745.37500	465.80294	737.32258
Howe_007	3	0	1293.72789	924.85887	1132.85051	910.04839
Howe_007	3	1	1434.13605	954.25403	1264.40204	945.43145
Howe_007	4	0	1897.14286	740.75000	1723.33522	724.90323
Howe_007	4	1	1600.00000	577.44355	1438.48811	558.33065
Howe_007	5	0	1606.19048	902.89113	1439.92865	892.96371
Howe_007	5	1	1502.24490	826.13710	1336.10079	814.03226
Howe_007	6	0	924.82993	786.76210	712.37033	774.31048
Howe_007	6	1	800.20408	713.81855	599.84485	700.27823
Howe_007	7	0	1006.78912	650.29032	830.20498	641.10081
Howe_007	7	1	1105.29252	686.21774	947.62288	674.30645
Howe_007	8	0	924.06803	677.50806	687.23783	668.86290
Howe_007	8	1	1022.57143	710.16935	819.33296	697.16935
Howe_007	9	0	894.97959	766.93145	570.45074	756.60081
Howe_007	9	1	760.01361	702.69758	467.71008	696.72177
Howe_007	10	0	909.67347	793.06048	550.88109	785.45161
Howe_007	10	1	665.31973	761.48790	279.62401	757.68952
Howe_007	11	0	958.50340	982.99194	468.26840	976.47177
Howe_007	11	1	751.15646	886.09677	245.93545	886.10887
Howe_007	12	0	1367.25170	923.91129	1112.57418	908.50806
Howe_007	12	1	1576.77551	1036.59274	1288.15742	1016.83468
Howe_007	13	0	1622.45578	95.56452	1326.23669	74.57661
Howe_007	13	1	1395.51701	99.37500	1089.22650	79.47581
Howe_007	14	0	1400.22449	709.22581	964.25028	690.52823
Howe_007	14	1	1082.74830	598.96371	689.16761	585.99597
Howe_007	15	0	1298.64626	139.22581	737.12344	119.75806
Howe_007	15	1	1608.06803	195.35484	1042.01019	171.75806
Howe_007	16	0	1320.57823	364.40726	1051.04530	347.34274
Howe_007	16	1	1518.67347	298.54032	1270.66025	273.85484
Howe_007	17	0	1345.54422	787.89919	673.21971	772.88710
Howe_007	17	1	1605.68027	651.81048	892.29105	630.26613
Howe_007	18	0	1017.40136	411.10887	665.91733	398.83468
Howe_007	18	1	1251.06122	426.08468	872.23330	410.31452
Howe_007	19	0	1274.46259	373.28226	950.59456	358.39113
Howe_007	19	1	1443.71429	372.73790	1078.88448	358.93548
Howe_007	20	0	1135.13605	288.27823	857.09513	277.82661
Howe_007	20	1	1265.74830	314.95161	961.46659	299.60081
Howe_007	21	0	973.60544	75.42339	178.57191	23.60887
Howe_007	21	1	1244.08163	210.96774	468.31144	182.56048
Howe_007	22	0	1623.80952	309.12500	1098.07475	296.12903
Howe_007	22	1	1367.48299	328.72177	887.15742	309.19355
Howe_008	0	0	1460.68027	779.46774	1115.21857	786.04839
Howe_008	0	1	1604.35374	745.71774	1297.86863	751.20968
Howe_008	1	0	1305.37415	693.37903	1072.81767	701.12903
Howe_008	1	1	1180.20408	697.73387	948.87656	695.68548
Howe_008	2	0	1057.65306	690.84677	822.39185	698.69355
Howe_008	2	1	948.80952	698.46774	699.53794	704.13710
Howe_008	3	0	976.63946	686.16935	749.81087	690.87903
Howe_008	3	1	860.17687	705.76613	614.99773	708.29839
Howe_008	4	0	1462.85714	903.62903	965.22990	905.80645
Howe_008	4	1	1562.99320	838.30645	1147.87995	843.75000
Howe_009	0	0	1033.59864	531.97177	880.80634	517.55242
Howe_009	0	1	884.48299	516.72984	726.96716	503.39919
Howe_009	1	0	1057.03401	419.89919	946.25481	409.36694
Howe_009	1	1	1256.76190	403.56855	1140.86410	390.31452
Howe_009	2	0	1423.25850	506.70968	1245.86410	503.73387
Howe_009	2	1	1136.45578	499.08871	982.76104	484.68145
Howe_009	3	0	1495.06122	712.35081	1229.75425	712.42742
Howe_009	3	1	1717.10204	772.22984	1422.73273	781.01613
Howe_009	4	0	708.17007	718.45161	513.46659	686.68145
Howe_009	4	1	541.09524	762.00000	319.94451	732.95161
Howe_009	5	0	1304.04082	794.36694	1007.36127	788.92339
Howe_009	5	1	747.86395	703.78226	476.95243	677.18952
Howe_009	6	0	968.42177	827.04839	630.79502	806.90726
Howe_009	6	1	828.55782	898.90323	422.05210	879.85081
Howe_009	7	0	824.20408	760.09274	598.17894	736.14113
Howe_009	7	1	697.40136	801.46371	444.88335	772.61290
Howe_009	8	0	1514.55782	984.73790	981.26614	973.56048
Howe_009	8	1	1668.02721	952.62097	1175.87542	944.70968
Howe_009	9	0	837.27211	382.27419	622.79841	363.41532
Howe_009	9	1	953.19048	394.25000	751.08834	377.56855
Howe_009	10	0	1238.57143	556.45565	867.58777	546.53226
Howe_009	10	1	1405.64626	487.32258	1037.19139	479.03226
Howe_009	11	0	1299.23810	717.45565	881.56852	706.70968
Howe_009	11	1	1392.84354	663.56452	1015.29445	663.16129
Howe_009	12	0	1181.72109	490.44355	710.17327	470.89516
Howe_009	12	1	1389.06803	493.16532	839.00680	488.85887
Howe_009	13	0	881.07483	501.92339	630.83805	484.26210
Howe_009	13	1	782.57143	483.95968	496.02492	464.12097
Howe_009	14	0	892.50340	426.80242	566.14949	410.77419
Howe_009	14	1	780.39456	405.02823	402.58324	383.17742
Howe_009	15	0	361.58503	326.11290	170.46433	300.17339
Howe_009	15	1	518.86395	359.86290	340.61155	330.11290
Howe_009	16	0	1409.97279	675.16935	1045.38845	676.56452
Howe_009	16	1	1550.92517	537.44758	1199.77123	540.47581
Howe_009	17	0	1537.18367	498.46774	843.66931	498.62903
Howe_009	17	1	1884.93878	440.76613	1041.54020	452.90323
Howe_009	18	0	646.95918	587.34274	321.81200	559.75000
Howe_009	18	1	506.00680	477.92742	139.16195	443.25806
Howe_009	19	0	895.19728	748.40726	663.47792	725.73387
Howe_009	19	1	756.96599	781.61290	475.39185	755.12903
Howe_009	20	0	1011.71429	754.63306	727.71574	740.54435
Howe_009	20	1	827.76871	754.63306	542.89128	729.65726
Howe_009	21	0	768.85034	750.56855	537.25708	728.87500
Howe_009	21	1	594.15646	743.49194	361.13024	707.10081
Howe_009	22	0	1719.28571	741.77419	1395.48358	748.22984
Howe_009	22	1	1159.08163	606.25000	973.26614	597.27823
Howe_009	23	0	1573.87755	74.03226	684.93771	93.62903
Howe_009	23	1	1251.70068	50.08065	217.44054	4.35484
Howe_009	24	0	1112.38095	755.56452	791.48358	742.50000
Howe_009	24	1	346.12245	642.33871	121.76670	603.14516
Howe_009	25	0	856.75510	609.38306	612.01019	586.62097
Howe_009	25	1	648.86395	499.42339	412.50849	471.76210
Howe_009	26	0	1608.66667	448.92742	1272.39638	457.17742
Howe_009	26	1	1310.43537	379.79435	1017.44734	367.90323
Howe_009	27	0	1122.06122	362.21774	508.81087	337.50000
Howe_009	27	1	810.51701	187.60484	147.85957	130.64516
Howe_009	28	0	948.21088	568.41129	453.24009	560.45565
Howe_009	28	1	1144.67347	370.26613	722.48698	356.83468
Howe_009	29	0	1552.45578	403.10484	1454.12005	399.20161
Howe_009	29	1	1401.16327	399.29435	1298.65006	390.49194
Howe_009	30	0	863.39456	395.72581	809.64100	379.78226
Howe_009	30	1	1010.33333	340.74597	954.78256	328.06855
Howe_009	31	0	787.00000	331.78226	658.41110	314.07661
Howe_009	31	1	615.02721	303.47581	480.65345	280.32661
Howe_010	0	0	1152.80952	901.45161	893.35787	887.29839
Howe_010	0	1	1563.14966	762.09677	1404.34315	749.03226
Howe_010	1	0	630.39456	722.53226	486.76104	712.60484
Howe_010	1	1	707.67347	726.88710	568.30125	714.78226
Howe_010	2	0	777.87755	753.01613	553.62401	743.08871
Howe_010	2	1	855.15646	741.04032	646.03624	732.20161
Howe_010	3	0	887.26531	778.60081	700.93998	768.12903
Howe_010	3	1	960.73469	778.05645	779.76217	767.58468
Howe_010	4	0	916.48299	680.26210	825.58890	670.00000
Howe_010	4	1	971.44898	680.26210	883.21065	668.36694
Howe_010	5	0	967.63946	747.76210	766.87995	735.86694
Howe_010	5	1	1042.74150	744.49597	846.24575	730.96774
Howe_010	6	0	1560.35374	864.54032	1293.62967	839.47177
Howe_010	6	1	1683.34694	903.18952	1395.28313	875.39919
Howe_010	7	0	975.96599	712.81048	771.39864	697.76613
Howe_010	7	1	911.20408	736.21774	700.18686	722.26210
Howe_010	8	0	1171.88435	616.45968	1015.35221	600.08468
Howe_010	8	1	1103.85714	628.43548	947.40204	612.06048
Howe_010	9	0	1010.25170	662.18548	832.15855	651.79839
Howe_010	9	1	947.66667	672.52823	758.22877	659.96371
Howe_010	10	0	935.14966	577.81048	690.27860	566.33468
Howe_010	10	1	870.46939	593.98387	609.06002	577.84274
Howe_010	11	0	850.33333	593.98387	635.69649	586.00806
Howe_010	11	1	776.31973	608.68145	559.59230	597.98387
Howe_010	12	0	861.76190	664.20565	671.57418	654.59677
Howe_010	12	1	801.35374	683.25806	598.18800	673.64919
Howe_010	13	0	531.04762	636.12097	149.39185	635.97984
Howe_010	13	1	411.31973	650.27419	1.08720	648.65726
Howe_010	14	0	1309.13605	629.33468	1133.43148	612.05645
Howe_010	14	1	1236.21088	635.86694	1064.93771	620.76613
Howe_010	15	0	1302.60544	664.71774	1130.71348	647.98387
Howe_010	15	1	1225.87075	675.60484	1057.32729	662.13710
Howe_010	16	0	1220.42857	673.42742	1043.73726	656.69355
Howe_010	16	1	1153.48980	690.30242	968.72027	676.83468
Howe_010	17	0	1278.11565	721.33065	1101.35900	706.22984
Howe_010	17	1	1212.80952	724.05242	1033.95243	707.86290
Howe_010	18	0	1462.06122	652.19758	1303.57871	632.74194
Howe_010	18	1	1389.13605	651.10887	1236.71574	633.83065
Howe_010	19	0	1477.29932	662.54032	1291.61948	643.62903
Howe_010	19	1	1400.56463	663.62903	1223.66931	644.71774
Howe_010	20	0	1425.05442	694.65726	1244.86976	676.29032
Howe_010	20	1	1351.58503	689.75806	1173.11438	672.47984
Howe_010	21	0	525.38095	899.66935	85.88901	904.08871
Howe_010	21	1	616.80952	872.99597	214.72254	875.23790
Howe_010	22	0	854.56463	781.41532	653.71687	770.03629
Howe_010	22	1	927.48980	789.03629	714.60023	778.20161
Howe_010	23	0	887.14966	770.27419	678.35334	760.08871
Howe_010	23	1	948.10204	768.09677	746.30351	755.73387
Howe_010	24	0	1600.82313	790.60887	1513.01812	775.92339
Howe_010	24	1	1374.97279	769.37903	1290.14156	756.87097
Howe_010	25	0	1063.93197	851.02823	853.32390	840.14113
Howe_010	25	1	271.56463	799.17339	82.62741	787.10081
Howe_011	0	0	1170.74150	735.14516	841.66478	734.62097
Howe_011	0	1	1908.02721	685.69355	1562.55266	701.25000
Howe_011	1	0	1157.44898	625.25000	990.87656	628.03629
Howe_011	1	1	1267.92517	653.01210	1088.72480	656.88710
Howe_011	2	0	1291.89796	739.68145	1011.66478	742.72177
Howe_011	2	1	1414.34694	697.22177	1173.65798	705.70565
Howe_011	3	0	1381.14966	788.67339	1032.86523	789.53629
Howe_011	3	1	1552.03401	781.59677	1220.95130	788.44758
Howe_011	4	0	1584.76190	733.94758	1289.85051	742.43145
Howe_011	4	1	1748.57143	749.18952	1450.21291	764.20565
Howe_011	5	0	1047.12925	719.34274	770.08267	717.02419
Howe_011	5	1	863.18367	730.77419	590.15062	721.92339
Howe_011	6	0	1086.85714	766.15726	760.84145	762.20565
Howe_011	6	1	957.87755	789.56452	598.30464	780.71371
Howe_011	7	0	1110.25850	781.39919	745.07701	781.25806
Howe_011	7	1	1026.14286	859.21371	603.74066	855.83468
Howe_011	8	0	1245.08163	722.21371	963.60476	723.55645
Howe_011	8	1	1067.12245	706.42742	815.20159	704.50403
Howe_011	9	0	1409.93197	804.25000	1032.34202	806.85484
Howe_011	9	1	1719.49660	862.22581	1250.86976	862.37903
Howe_011	10	0	1476.80952	843.74597	1021.63533	846.10081
Howe_011	10	1	1803.53741	953.16532	1235.27067	942.99597
Howe_011	11	0	1159.95918	729.62097	879.72820	728.53226
Howe_011	11	1	796.64626	633.83468	508.94337	620.12500
Howe_011	12	0	639.17687	680.31452	384.24009	663.46774
Howe_011	12	1	1454.19728	601.79839	1221.02152	609.31855
Howe_012	0	0	1311.82993	954.20565	929.96942	936.83468
Howe_012	0	1	1133.87075	972.16935	777.21744	957.52016
Howe_012	1	0	972.94558	1065.30242	438.67837	1057.68145
Howe_012	1	1	776.48299	1048.97177	300.06002	1048.42742
Howe_012	2	0	609.22449	711.98387	167.42922	705.48387
Howe_012	2	1	846.50340	805.06855	509.75085	797.92742
Howe_012	3	0	1071.36735	503.31452	692.44054	491.64516
Howe_012	3	1	1491.00680	571.70968	1069.19026	558.08871
Howe_012	4	0	741.46259	939.55645	323.15855	937.87500
Howe_012	4	1	844.86395	961.33065	432.42242	955.83871
Howe_012	5	0	1510.16327	103.97177	1143.73726	89.27419
Howe_012	5	1	1716.96599	60.42339	1321.37939	38.64919
Howe_012	6	0	948.51020	560.61694	587.89694	550.78629
Howe_012	6	1	1110.14286	628.11694	718.90487	610.12097
Howe_012	7	0	1365.75510	623.98387	912.37939	609.00403
Howe_012	7	1	1190.51701	459.04435	736.79615	445.15323
Howe_012	8	0	1084.13605	510.35887	642.55379	497.88710
Howe_012	8	1	924.13605	375.35887	479.47339	364.52016
Howe_012	9	0	899.45578	557.85081	452.37599	552.73790
Howe_012	9	1	772.10884	440.27016	353.44054	434.06855
Howe_012	10	0	1167.59184	420.81452	636.56285	406.37097
Howe_012	10	1	1026.63946	269.48387	480.00566	252.86290
Howe_012	11	0	1286.23129	411.56048	954.44621	397.93548
Howe_012	11	1	1171.40136	293.97984	822.89468	281.98790
Howe_012	12	0	1113.88435	259.01613	780.61155	246.04839
Howe_012	12	1	963.13605	187.70565	589.26387	176.37097
Howe_012	13	0	1431.62585	350.22177	1273.26614	331.01210
Howe_012	13	1	1563.87075	322.45968	1408.07928	299.98387
Howe_012	14	0	879.25170	295.35484	508.81087	285.24194
Howe_012	14	1	757.77551	147.40726	354.42809	132.82258
Howe_012	15	0	1485.91837	548.83468	1150.19932	534.04032
Howe_012	15	1	1748.23129	488.95565	1338.28539	468.71774
Howe_012	16	0	1625.78231	660.39516	1478.29785	648.91532
Howe_012	16	1	1460.34014	625.01210	1325.00227	611.89919
Howe_012	17	0	1363.46939	583.09677	1146.32729	569.81048
Howe_012	17	1	1528.36735	584.72984	1311.03851	576.88710
Howe_012	18	0	1069.73469	575.69758	887.96716	565.29032
Howe_012	18	1	1197.62585	571.34274	1029.84711	561.47984
Howe_012	19	0	1104.86395	350.79839	788.80747	332.62903
Howe_012	19	1	1381.32653	297.45161	1039.40770	283.09274
Howe_012	20	0	1400.04082	754.13710	1082.20272	743.33065
Howe_012	20	1	1710.24490	570.14516	1373.64666	552.12903
Howe_012	21	0	1139.11565	698.64113	822.90260	689.34274
Howe_012	21	1	826.73469	565.81855	463.22310	551.63306
Howe_012	22	0	909.72789	345.27419	751.48698	338.76210
Howe_012	22	1	752.44898	193.39919	609.06342	201.04032
Howe_012	23	0	1355.74830	802.55242	1012.18573	791.72581
Howe_012	23	1	1761.63265	643.76210	1360.63420	630.05242
Howe_012	24	0	1431.15646	171.27419	1193.03058	154.17742
Howe_012	24	1	1783.81633	151.50403	1468.50963	127.92339
Howe_013	0	0	1631.36054	651.18952	1490.70781	664.65726
Howe_013	0	1	1547.55102	645.20161	1408.08041	653.22581
Howe_013	1	0	1242.99320	361.45161	1106.77237	350.56452
Howe_013	1	1	1525.98639	339.67742	1387.27067	330.96774
Howe_013	2	0	1442.63265	502.04839	1296.47565	499.72984
Howe_013	2	1	1817.14286	480.27823	1629.03284	483.35484
Howe_013	3	0	918.97279	532.56855	852.75425	517.89919
Howe_013	3	1	703.46259	523.31452	628.79049	504.83468
Howe_013	4	0	1449.79592	50.08065	1324.21291	34.83871
Howe_013	4	1	1175.51020	47.90323	1048.06342	34.83871
Howe_013	5	0	1052.71429	165.35484	913.37599	152.47984
Howe_013	5	1	783.32653	115.81855	663.31937	102.39919
Howe_013	6	0	1007.55102	346.31452	891.69875	333.98790
Howe_013	6	1	755.57823	300.04435	635.11891	284.99597
Howe_013	7	0	1105.14286	462.70161	1035.19026	454.35887
Howe_013	7	1	904.32653	482.29839	820.46772	470.14516
Howe_013	8	0	941.89796	425.98387	853.28879	412.02419
Howe_013	8	1	705.16327	411.83065	622.25821	391.88306
Howe_013	9	0	1266.23810	205.98790	1160.11438	193.58065
Howe_013	9	1	1005.55782	217.41935	891.03171	204.46774
Howe_013	10	0	1250.78231	421.88710	1167.77123	414.25403
Howe_013	10	1	1022.21088	383.23790	936.74066	371.25000
Howe_013	11	0	1018.10204	425.01210	901.46093	412.15323
Howe_013	11	1	1266.80952	370.57661	1130.86070	366.97177
Howe_013	12	0	1153.89796	522.29032	1029.79841	512.87500
Howe_013	12	1	1418.38776	495.61694	1285.83465	494.36694
Howe_013	13	0	1295.23810	69.67742	1143.73726	50.08065
Howe_013	13	1	1005.71429	34.83871	876.28539	19.59677
Howe_013	14	0	1036.60544	661.35484	912.20498	649.66935
Howe_013	14	1	1258.10204	651.55645	1132.36353	650.21371
Howe_013	15	0	1496.21769	676.40323	1268.69649	676.87097
Howe_013	15	1	1607.23810	680.75806	1367.63194	686.66935
Howe_013	16	0	1474.13605	598.94758	1477.63533	611.24194
Howe_013	16	1	1655.90476	601.12500	1674.41903	618.86290
Howe_013	17	0	1047.78912	667.02419	892.69649	655.22581
Howe_013	17	1	1333.74830	639.88710	1148.18913	635.08468
Howe_013	18	0	1148.63946	631.56048	927.11552	620.70565
Howe_013	18	1	1788.29932	664.37903	1466.04757	672.64516
Howe_013	19	0	796.95918	747.63306	552.76897	722.94758
Howe_013	19	1	1456.59184	731.88306	1191.23669	729.89919
Howe_013	20	0	1522.83673	790.38306	1258.98075	788.22581
Howe_013	20	1	992.21088	652.06855	847.92299	639.46774
Howe_013	21	0	1208.94558	853.83468	827.49490	842.43145
Howe_013	21	1	536.55102	863.69355	41.31370	838.97177
Howe_013	22	0	853.41497	877.35081	457.48698	854.42742
Howe_013	22	1	1027.02041	906.74597	591.21291	887.63306
Howe_013	23	0	1911.29252	259.11290	395.74179	252.58065
Howe_013	23	1	1530.34014	354.91935	245.70781	315.72581
Howe_013	24	0	1917.82313	348.38710	515.33409	309.19355
Howe_013	24	1	1639.18367	435.48387	410.96263	357.09677
Howe_013	25	0	1872.10884	468.14516	676.24009	448.54839
Howe_013	25	1	1573.87755	494.27419	508.81087	470.32258
Howe_013	26	0	1584.76190	494.27419	439.22990	465.96774
Howe_013	26	1	1358.36735	579.19355	186.99887	546.53226
Howe_013	27	0	1610.88435	600.96774	752.34428	583.54839
Howe_013	27	1	1419.31973	622.74194	569.69422	596.61290
Howe_013	28	0	1488.97959	659.75806	513.15968	633.62903
Howe_013	28	1	1275.64626	692.41935	306.59117	675.00000
Howe_013	29	0	1312.65306	731.61290	526.20612	707.66129
Howe_013	29	1	1153.74150	770.80645	306.59117	744.67742
Howe_013	30	0	1391.02041	485.56452	278.32390	468.14516
Howe_013	30	1	1192.92517	561.77419	23.91846	457.25806
Howe_013	31	0	1131.93197	552.16129	193.52208	509.51613
Howe_013	31	1	1359.41497	510.79032	428.35787	479.03226
Howe_013	32	0	1468.06803	651.85887	217.44054	618.38710
Howe_013	32	1	1861.76871	605.01210	519.13477	571.92339
Howe_013	33	0	1369.50340	375.15323	474.02039	344.03226
Howe_013	33	1	1534.54422	400.31855	702.60589	382.82258
Howe_013	34	0	1603.87755	752.21371	987.26048	736.17339
Howe_013	34	1	1828.09524	764.73387	1164.47452	747.60484
Howe_013	35	0	1273.46939	526.93548	531.80974	497.82258
Howe_013	35	1	1487.46259	532.02419	741.63986	517.96371
Howe_013	36	0	1582.58503	487.74194	898.02945	479.03226
Howe_013	36	1	1745.85034	526.93548	1058.93545	520.40323
Howe_013	37	0	1652.24490	470.32258	1043.71461	468.14516
Howe_013	37	1	1822.04082	531.29032	1224.19026	531.29032
Howe_013	38	0	1441.08844	600.96774	695.80974	577.01613
Howe_013	38	1	1617.41497	614.03226	876.28539	596.61290
Howe_013	39	0	886.10884	724.64113	698.90374	707.53226
Howe_013	39	1	1213.72789	676.73790	1030.50057	668.33871
Howe_013	40	0	1063.34014	731.65726	848.67271	719.39516
Howe_013	40	1	816.80952	721.85887	599.70328	700.88710
Howe_013	41	0	1398.06122	973.85081	890.58097	954.25403
Howe_013	41	1	1566.76871	921.04839	1110.73952	912.88306
Howe_013	42	0	1330.06803	973.30645	793.65798	958.06452
Howe_013	42	1	1872.10884	942.82258	1308.99207	934.11290
Howe_013	43	0	850.95238	722.83468	625.92525	703.11290
Howe_013	43	1	545.76190	736.92339	320.42129	704.74597
Howe_014	0	0	631.10884	838.06452	556.39977	859.96371
Howe_014	0	1	716.00680	798.32661	639.02718	821.31452
Howe_014	1	0	859.12925	934.44355	785.12911	963.21774
Howe_014	1	1	750.82993	870.20968	683.47565	896.80645
Howe_014	2	0	1030.58503	675.36694	936.16988	702.50403
Howe_014	2	1	877.65986	642.16129	775.80747	666.57661
Howe_014	3	0	538.93197	628.51613	349.52775	651.66935
Howe_014	3	1	797.43537	693.83871	599.48358	711.46774
Howe_014	4	0	971.02721	354.79032	860.58890	381.47984
Howe_014	4	1	1140.82313	394.52823	1018.77690	418.49597
Howe_014	5	0	907.71429	652.50403	867.28652	681.29032
Howe_014	5	1	1014.38095	659.03629	973.83239	687.82258
Howe_014	6	0	1496.01361	148.28629	1397.18120	162.27823
Howe_014	6	1	1362.13605	170.60484	1265.62967	184.59677
Howe_014	7	0	1372.76871	581.77016	1349.14949	614.20161
Howe_014	7	1	1208.41497	528.96774	1176.28426	564.66532
Howe_014	8	0	926.07483	718.00403	808.17894	741.87500
Howe_014	8	1	1089.34014	580.28226	991.91619	605.24194
Howe_014	9	0	1217.70748	632.52016	1235.47792	666.65726
Howe_014	9	1	1112.12925	620.54435	1123.49604	654.68145
Howe_014	10	0	1261.29252	841.39113	999.79841	870.17742
Howe_014	10	1	1462.10884	832.68145	1217.23896	864.73387
Howe_014	11	0	1382.05442	604.61694	1330.34541	635.80645
Howe_014	11	1	1720.55782	637.27823	1667.92186	672.82258
Howe_014	12	0	654.02721	665.52016	497.20498	685.59677
Howe_014	12	1	1343.86395	590.60484	1164.26501	617.69355
Howe_014	13	0	859.90476	587.46774	817.43148	614.93952
Howe_014	13	1	296.17007	445.79032	247.88562	478.70565
Howe_014	14	0	727.07483	836.12903	487.06682	864.43548
Howe_014	14	1	1423.67347	520.40323	1269.85277	550.88710
Howe_014	15	0	1649.01361	657.43145	1492.38165	689.69758
Howe_014	15	1	1460.71429	628.03629	1311.90600	660.84677
Howe_014	16	0	1276.87075	895.23790	994.84485	925.35484
Howe_014	16	1	1485.85034	917.01210	1197.60815	946.04032
Howe_014	17	0	1309.72109	1061.49194	921.69083	1078.91129
Howe_014	17	1	1628.08844	982.56048	1262.16082	1013.58871
Howe_014	18	0	839.62585	622.88306	767.08607	645.68145
Howe_014	18	1	951.19048	699.09274	870.91393	725.15726
Howe_014	19	0	1226.93878	719.91935	863.87089	740.55645
Howe_014	19	1	1410.34014	697.05645	1048.69536	720.41532
Howe_014	20	0	1719.72789	744.99597	1430.85051	774.64516
Howe_014	20	1	1886.25850	661.70968	1609.15176	691.90323
Howe_014	21	0	1077.12245	656.36290	877.36806	681.40323
Howe_014	21	1	1225.14966	686.84677	1021.96602	713.52016
Howe_014	22	0	1215.02721	598.72177	1059.09740	624.04839
Howe_014	22	1	1108.36054	546.46371	960.70555	568.52419
Howe_014	23	0	986.12245	528.88710	597.96149	548.70968
Howe_014	23	1	1135.23810	466.28629	789.30917	483.38710
Howe_014	24	0	1111.25850	702.15323	831.39411	725.07661
Howe_014	24	1	1208.12925	613.42339	958.05323	639.06855
Howe_014	25	0	1083.33333	691.05242	750.28086	712.15323
Howe_014	25	1	1224.28571	574.56048	919.34088	591.85081
Howe_014	26	0	1298.90476	144.07661	1147.08947	164.92339
Howe_014	26	1	1485.02721	139.17742	1317.23669	153.49194
Howe_014	27	0	1659.31973	451.60081	1557.16308	472.89516
Howe_014	27	1	1491.15646	443.97984	1379.40544	465.27419
Howe_014	28	0	1107.23810	489.72177	947.87429	509.97581
Howe_014	28	1	1279.75510	513.67339	1133.24236	536.10484
Howe_014	29	0	892.27211	470.66935	708.72480	494.66935
Howe_014	29	1	1042.47619	408.06855	876.30351	431.57258
Howe_014	30	0	1159.32653	650.70968	970.25481	674.35484
Howe_014	30	1	1337.82993	584.29839	1158.88448	611.20968
Howe_014	31	0	1464.87075	659.57661	1323.20838	691.74597
Howe_014	31	1	1723.37415	662.84274	1590.66025	696.10081
Howe_014	32	0	460.98639	579.79839	281.84485	601.98790
Howe_014	32	1	685.74830	575.98790	519.39864	595.45565
Howe_014	33	0	1469.82993	659.06452	1338.95017	690.36694
Howe_014	33	1	1634.72789	617.14919	1528.12344	646.81855
Howe_014	34	0	1515.88435	620.66935	1361.88562	649.85887
Howe_014	34	1	1863.09524	584.74194	1714.51869	615.26210
Howe_015	0	0	1469.95238	604.64919	1383.30125	602.91532
Howe_015	0	1	1678.38776	517.00806	1598.02378	515.27419
Howe_015	1	0	1084.12245	789.63306	917.26048	777.78629
Howe_015	1	1	1303.98639	707.97984	1131.43941	697.22177
Howe_015	2	0	1498.33333	681.30242	1286.73726	678.59677
Howe_015	2	1	1847.07483	494.12500	1584.32050	491.51613
Howe_015	3	0	518.48299	783.30645	401.41789	763.82258
Howe_015	3	1	792.01361	774.75806	687.35221	756.74597
Howe_015	4	0	1343.48980	774.70968	1199.31257	773.98790
Howe_015	4	1	1437.63946	745.85887	1290.09400	744.59274
Howe_015	5	0	710.52381	711.30645	554.96263	695.56855
Howe_015	5	1	607.12245	666.66935	461.46319	651.47581
Howe_015	6	0	574.35374	919.41532	340.29445	896.00806
Howe_015	6	1	612.44898	915.60484	379.43375	893.83065
Howe_015	7	0	586.85714	681.12500	545.60929	666.73387
Howe_015	7	1	732.70748	708.34274	686.94564	692.86290
Howe_015	8	0	1265.68027	848.91532	1077.10419	844.11694
Howe_015	8	1	1135.61224	918.04839	929.07135	910.04839
Howe_015	9	0	568.51020	963.34677	411.01359	939.01210
Howe_015	9	1	695.31293	1016.14919	529.51869	985.28226
Howe_015	10	0	1277.22449	787.63306	1174.93205	787.46774
Howe_015	10	1	1368.65306	794.16532	1277.67271	796.17742
Howe_015	11	0	866.68707	589.93548	760.12344	578.22581
Howe_015	11	1	683.28571	576.32661	582.90940	562.43952
Howe_015	12	0	1021.19048	736.26613	886.80634	725.54435
Howe_015	12	1	892.75510	717.75806	755.79841	705.40323
Howe_015	13	0	1056.21769	572.40323	978.72480	563.27823
Howe_015	13	1	878.80272	569.13710	802.59796	560.01210
Howe_015	14	0	812.17687	586.55645	726.66138	573.15323
Howe_015	14	1	972.17687	468.43145	893.00340	458.29435
Howe_015	15	0	863.77551	627.81048	711.17780	613.40323
Howe_015	15	1	736.42857	652.30645	565.49264	635.72177
Howe_015	16	0	1132.31973	568.95565	988.06795	558.90726
Howe_015	16	1	1009.87075	595.08468	870.65006	586.66935
Howe_015	17	0	1351.93197	754.05242	1152.50170	748.18145
Howe_015	17	1	1558.73469	659.33468	1383.53228	655.09677
Howe_015	18	0	1185.00680	598.17742	986.47225	588.31855
Howe_015	18	1	982.01361	564.42742	807.08381	546.94758
Howe_015	19	0	661.76871	984.19355	474.02039	966.77419
Howe_015	19	1	1195.10204	818.70968	1015.44734	810.00000
Howe_015	20	0	231.10204	824.96371	114.69989	799.37903
Howe_015	20	1	1033.47619	700.21371	894.03624	688.20161
Howe_015	21	0	1155.31293	818.91129	1095.90034	812.17742
Howe_015	21	1	698.40816	682.36290	670.77463	664.79435
Howe_015	22	0	1391.56463	740.60484	1069.80747	725.08065
Howe_015	22	1	454.31973	572.75403	15.22084	553.06452
Howe_015	23	0	1241.14966	208.40323	952.97508	195.32661
Howe_015	23	1	1145.36735	205.13710	844.79841	187.70565
Howe_015	24	0	1413.12245	294.41129	1064.95696	281.33468
Howe_015	24	1	1281.96599	295.50000	949.71348	280.24597
Howe_015	25	0	1271.62585	145.80242	852.40883	130.00403
Howe_015	25	1	1159.51701	143.62500	709.44168	124.01613
Howe_015	26	0	1318.97279	162.67742	980.69875	147.96774
Howe_015	26	1	1216.65986	169.20968	868.17327	152.86694
Howe_015	27	0	1535.03401	156.94355	1085.07022	150.14516
Howe_015	27	1	1422.38095	152.04435	952.43148	144.15726
Howe_015	28	0	1470.81633	107.40726	1004.07361	96.25403
Howe_015	28	1	1354.35374	107.95161	874.69649	89.72177
Howe_015	29	0	1208.16327	60.96774	569.69422	34.83871
Howe_015	29	1	1031.83673	87.09677	369.64892	43.54839
Howe_015	30	0	987.29932	134.11290	356.60249	89.27419
Howe_015	30	1	827.84354	183.10484	126.11552	128.46774
Howe_015	31	0	1547.01361	261.76613	1228.61948	251.13306
Howe_015	31	1	1428.37415	265.03226	1117.18120	254.94355
Howe_015	32	0	1491.50340	309.12500	1223.72707	297.94758
Howe_015	32	1	1387.01361	327.63306	1125.33522	314.27823
Howe_015	33	0	1331.50340	316.74597	1129.14043	302.30242
Howe_015	33	1	1245.51701	334.70968	1039.44621	321.35484
Howe_015	34	0	1734.42177	184.45565	1372.66365	179.04435
Howe_015	34	1	1588.57143	198.06452	1236.76331	187.20968
Howe_015	35	0	1848.16327	254.13306	1492.79955	250.35484
Howe_015	35	1	1694.14966	286.25000	1360.16082	278.66129
Howe_015	36	0	1676.73469	306.39113	1321.02152	298.80242
Howe_015	36	1	1609.25170	288.42742	1228.06569	280.83871
Howe_015	37	0	1552.65306	208.95161	1248.72254	197.00806
Howe_015	37	1	1447.61905	195.88710	1141.63307	179.04435
Howe_015	38	0	1561.56463	338.00806	1290.03624	329.28629
Howe_015	38	1	1478.84354	346.71774	1193.81880	336.90726
Howe_015	39	0	1553.94558	377.20161	1266.66138	367.39113
Howe_015	39	1	1476.66667	382.64516	1175.87995	371.20161
Howe_015	40	0	1451.59184	365.75403	1041.79275	360.23387
Howe_015	40	1	1359.07483	372.83065	964.05776	362.41129
Howe_015	41	0	1448.32653	458.29435	1255.42809	450.05242
Howe_015	41	1	1350.91156	474.62500	1168.45187	464.75000
Howe_015	42	0	1275.80952	461.01613	1123.33296	453.86290
Howe_015	42	1	1196.89796	476.80242	1046.68516	464.20565
Howe_015	43	0	1277.44218	510.55242	1151.60023	502.31048
Howe_015	43	1	1203.97279	515.45161	1073.32163	506.66532
Howe_015	44	0	1067.19728	392.84677	888.65572	381.42742
Howe_015	44	1	980.12245	402.64516	800.04870	389.59274
Howe_015	45	0	1211.95918	422.78629	1069.67497	414.08871
Howe_015	45	1	1136.31293	415.16532	990.85277	403.74597
Howe_015	46	0	672.80272	630.60081	431.83579	614.26613
Howe_015	46	1	845.86395	613.72581	637.31710	601.20161
Howe_015	47	0	1276.46939	784.30242	1124.02718	781.00000
Howe_015	47	1	1132.25170	771.78226	976.16761	766.30242
Howe_015	48	0	726.23129	882.92742	413.85844	869.53629
Howe_015	48	1	561.33333	782.76613	241.53681	767.19758
Howe_015	49	0	489.27891	918.96371	266.54247	892.39919
Howe_015	49	1	327.50340	902.26613	123.57531	867.90323
Howe_015	50	0	706.05442	719.58468	308.76557	698.95161
Howe_015	50	1	499.25170	618.33468	113.06908	600.96774
Howe_015	51	0	1159.32653	613.83468	935.59456	602.53226
Howe_015	51	1	1371.57143	608.93548	1129.66025	600.89919
Howe_015	52	0	1494.12245	705.48387	1225.93658	696.64516
Howe_015	52	1	1327.59184	661.93548	1064.48698	653.09677
Howe_015	53	0	882.44218	668.18952	730.53907	655.01210
Howe_015	53	1	797.00000	625.72984	641.38845	612.00806
Howe_015	54	0	956.31973	757.93145	884.03058	750.99597
Howe_015	54	1	554.68707	774.80645	506.67610	754.16532
Howe_015	55	0	1567.85714	466.87500	1041.54020	455.08065
Howe_015	55	1	1315.34014	385.76613	808.87882	365.80645
Howe_015	56	0	1049.25170	472.50000	632.75198	457.25806
Howe_015	56	1	1214.69388	409.35484	858.89015	396.29032
Howe_015	57	0	650.88435	683.70968	391.39298	664.11290
Howe_015	57	1	781.79592	708.37903	560.99660	692.41935
Howe_015	58	0	1097.91837	484.52016	893.02718	473.53629
Howe_015	58	1	982.00000	422.46371	800.07135	410.93548
Howe_015	59	0	1188.67347	713.04032	881.80974	698.70968
Howe_015	59	1	1323.63946	610.70161	1032.93092	600.18145
Howe_015	60	0	847.43537	576.98387	559.42016	561.16129
Howe_015	60	1	984.03401	591.68145	737.17780	575.85887
Howe_015	61	0	965.03401	525.98790	450.10193	500.80645
Howe_015	61	1	753.19728	357.09677	215.26614	326.61290
Howe_016	0	0	1394.74830	532.83871	1204.10079	523.01210
Howe_016	0	1	1737.09524	523.60484	1473.72707	508.85887
Howe_016	1	0	1719.10204	578.35484	1212.66704	563.35484
Howe_016	1	1	1338.69388	446.62097	843.58324	427.01210
Howe_016	2	0	1833.46939	1035.36290	1212.39071	983.64919
Howe_016	2	1	1450.34014	829.59677	851.13817	806.26613
Howe_016	3	0	1537.63265	178.27419	1121.99320	167.66129
Howe_016	3	1	1170.29252	254.11694	817.57644	243.87097
Howe_016	4	0	1066.84354	808.31855	710.44847	800.94758
Howe_016	4	1	713.63265	779.41935	273.31031	769.55645
Howe_016	5	0	932.16327	695.02823	700.30351	691.53226
Howe_016	5	1	744.95238	613.91935	461.66251	607.70161
Howe_016	6	0	738.26531	691.08871	448.68743	690.60887
Howe_016	6	1	484.44218	489.64516	200.58890	492.10887
Howe_016	7	0	1048.59864	848.11694	719.72820	838.30645
Howe_016	7	1	777.91156	651.55645	412.26614	649.72984
Howe_018	0	0	1363.18573	759.17910	1186.97587	765.56343
Howe_018	0	1	1128.31480	744.52612	915.08290	747.59328
Howe_018	1	0	1180.96118	311.73134	794.64428	307.02239
Howe_018	1	1	866.10493	320.04478	500.49948	305.51119
Howe_018	2	0	1460.65058	499.70149	1075.84470	503.73134
Howe_018	2	1	1760.83945	348.58209	1345.81322	356.64179
Howe_018	3	0	844.89087	374.89179	531.87828	364.70149
Howe_018	3	1	557.29381	209.66791	132.96957	171.26866
Howe_018	4	0	1079.48688	423.29478	830.05247	421.11940
Howe_018	4	1	828.65268	320.88806	580.23085	312.31343
Howe_018	5	0	1074.61490	436.54104	729.31794	427.16418
Howe_018	5	1	821.77125	430.49627	511.73137	417.08955
Howe_018	6	0	1036.58237	695.23134	580.23085	683.05970
Howe_018	6	1	669.81847	431.29478	207.51312	407.01493
Howe_018	7	0	936.63694	794.20149	529.86359	777.76119
Howe_018	7	1	585.57712	681.36567	128.94019	679.02985
Howe_018	8	0	673.43127	365.21642	463.37880	350.59701
Howe_018	8	1	424.94334	164.65672	215.57188	157.16418
Howe_019	0	0	1265.09129	667.29478	1203.77754	675.12687
Howe_019	0	1	1417.20042	652.68657	1367.47114	661.52612
Howe_019	1	0	1333.89927	631.11194	1059.72718	634.70149
Howe_019	1	1	1486.51207	505.68284	1251.12277	515.82090
Howe_019	2	0	1442.51836	715.29851	1158.44701	721.34328
Howe_019	2	1	1847.47114	640.74627	1482.81217	642.76119
Howe_019	3	0	843.66107	773.25373	352.57083	789.85075
Howe_019	3	1	1160.97482	713.81343	664.84785	711.26866
Howe_019	4	0	952.70829	230.76119	742.94334	231.77239
Howe_019	4	1	1193.96747	260.48134	984.70619	257.96642
Howe_019	5	0	1498.98636	263.51866	1110.09444	270.00000
Howe_019	5	1	1162.53305	186.95149	823.21511	192.16791
Howe_019	6	0	993.10493	498.14179	520.53515	505.62313
Howe_019	6	1	1345.32529	303.80597	818.89507	308.44403
Howe_019	7	0	368.67891	413.97761	187.36621	423.13433
Howe_019	7	1	629.15635	384.02985	472.27387	397.38433
Howe_019	8	0	1012.68940	916.04478	668.87723	922.83582
Howe_019	8	1	754.15320	737.48881	342.49738	745.52239
Howe_019	9	0	1158.44701	914.77612	783.71459	926.86567
Howe_019	9	1	1478.78279	836.19403	1027.49213	840.22388
Howe_019	10	0	1182.86988	766.67537	854.22875	771.71642
Howe_019	10	1	1451.32739	609.00746	1124.19727	608.50746
Howe_022	0	0	1256.76705	445.68284	940.86044	461.41791
Howe_022	0	1	1566.50892	349.09701	1239.10493	367.40672
Howe_022	1	0	1208.85834	603.49627	862.28751	620.59701
Howe_022	1	1	1424.49108	420.22761	1083.75551	437.01493
Howe_022	2	0	915.61280	356.02985	612.46590	362.68657
Howe_022	2	1	1106.85100	210.27239	846.16999	227.68657
Howe_022	3	0	1432.44491	660.89552	908.62539	672.98507
Howe_022	3	1	1787.03043	531.94030	1257.16684	546.04478
Howe_022	4	0	954.96327	445.29851	346.52676	449.32836
Howe_022	4	1	1355.88667	409.02985	862.28751	415.07463
Howe_022	5	0	1284.85205	335.75000	1071.81532	348.58209
Howe_022	5	1	1496.39454	190.67537	1277.31375	207.53731
Howe_022	6	0	1520.09864	140.98507	1384.90661	150.92537
Howe_022	6	1	1812.22875	103.20522	1666.96327	109.61940
Howe_022	7	0	1069.88562	641.97015	441.21721	654.85075
Howe_022	7	1	1338.34313	580.01119	820.53830	591.92537
Howe_025	0	0	1241.47619	871.55645	969.69875	869.33065
Howe_025	0	1	632.14286	699.08871	463.78935	703.06048
Howe_025	1	0	774.18367	761.00806	471.84598	762.26613
Howe_025	1	1	683.84354	783.87097	337.03284	793.83871
Howe_025	2	0	585.91837	734.25000	334.85844	737.75806
Howe_025	2	1	482.51701	748.40323	230.48698	751.91129
Howe_025	3	0	777.44218	886.20968	234.83579	907.98387
Howe_025	3	1	652.27211	926.49194	92.41223	948.26613
Howe_025	4	0	801.38776	948.26613	269.62627	977.66129
Howe_025	4	1	650.09524	987.45968	79.36580	1019.03226
Howe_025	5	0	973.59184	508.85887	873.42356	515.45161
Howe_025	5	1	1369.02041	507.44758	1250.51529	508.48790
Howe_025	6	0	992.70748	824.93145	759.63873	828.67742
Howe_025	6	1	1284.95238	897.33065	990.66931	902.16532
Howe_025	7	0	760.12925	959.15323	259.67384	982.01613
Howe_025	7	1	1057.81633	888.93145	677.37939	895.31452
Howe_025	8	0	1263.36735	657.45161	1066.76217	661.85484
Howe_025	8	1	1475.61224	680.31452	1243.95470	686.01210
Howe_025	9	0	949.25170	805.89919	441.08607	818.52823
Howe_025	9	1	1288.65986	805.27419	714.32390	810.95968
Howe_025	10	0	1238.23810	691.02016	1022.16761	693.39516
Howe_025	10	1	1447.76190	717.14919	1209.16648	721.15726
Howe_025	11	0	1095.89116	654.85484	1027.69309	665.03629
Howe_025	11	1	1366.01361	651.95968	1287.01586	656.61694
Howe_026	0	0	442.99320	545.27823	414.62401	518.42742
Howe_026	0	1	884.44218	525.37903	836.96942	511.27419
Howe_026	1	0	969.77551	477.31452	904.18347	465.27419
Howe_026	1	1	1374.67347	524.12903	1339.06455	517.53226
Howe_026	2	0	1012.35374	589.72177	926.58324	577.41532
Howe_026	2	1	1506.50340	618.36694	1419.89921	618.17742
Howe_026	3	0	1144.20408	573.31452	955.91393	559.72177
Howe_026	3	1	862.84354	498.19355	679.76444	478.06855
Howe_026	4	0	849.66667	916.66129	595.06229	888.38710
Howe_026	4	1	435.51701	844.80645	208.83918	801.49194
Howe_026	5	0	1777.07483	684.14113	1589.20159	691.83871
Howe_026	5	1	1538.70748	641.13710	1376.65345	638.49194
Howe_026	6	0	206.80272	637.98387	109.26387	599.02419
Howe_026	6	1	405.98639	642.33871	279.41110	608.27823
Howe_026	7	0	1434.25850	632.97177	1268.91393	629.25403
Howe_026	7	1	1259.02041	617.72984	1084.63307	608.56855
Howe_026	8	0	906.87755	794.00000	361.49490	778.70968
Howe_026	8	1	814.36054	785.29032	250.60023	777.07661
Howe_026	9	0	790.41497	769.50403	227.22537	752.03629
Howe_026	9	1	710.41497	789.64516	97.84824	772.72177
Howe_026	10	0	958.03401	804.34274	468.45187	782.49194
Howe_026	10	1	912.31973	798.89919	418.98414	780.85887
Howe_026	11	0	927.55782	775.49194	473.34428	755.81855
Howe_026	11	1	880.75510	766.78226	435.29219	749.28629
Howe_026	12	0	875.31293	746.64113	447.79502	725.33468
Howe_026	12	1	824.15646	743.37500	379.84485	720.43548
Howe_026	13	0	1064.96599	761.65726	864.31257	748.14516
Howe_026	13	1	134.42177	729.31855	13.59003	681.59274
Howe_026	14	0	1527.97959	747.52016	1321.56512	745.07661
Howe_026	14	1	1388.65986	713.22581	1199.79841	706.97177
Howe_026	15	0	1285.80272	749.15323	1133.47905	743.44355
Howe_026	15	1	1166.77551	713.62903	1010.28652	700.39113
Howe_026	16	0	871.93197	769.97177	708.80294	746.77016
Howe_026	16	1	198.63946	648.27419	85.34541	609.62500
Howe_026	17	0	1146.14966	688.36290	972.54813	680.79435
Howe_026	17	1	1367.64626	754.77419	1186.72707	751.56048
Howe_026	18	0	806.61905	750.50000	617.42016	727.22581
Howe_026	18	1	980.76871	715.66129	807.68063	698.37500
Howe_026	19	0	1423.91837	636.74597	1311.09626	633.60887
Howe_026	19	1	1199.15646	595.91935	1078.97848	585.70565
Howe_026	20	0	915.70068	689.88710	797.33296	670.22581
Howe_026	20	1	774.74830	686.62097	663.06342	660.97177
Howe_028	0	0	560.15646	698.04839	265.74292	703.59274
Howe_028	0	1	658.65986	690.42742	364.67837	695.97177
Howe_028	1	0	1145.03401	139.35484	600.13590	154.59677
Howe_028	1	1	1406.25850	226.45161	954.56399	256.93548
Howe_028	2	0	1471.56463	326.61290	1239.27180	351.06048
Howe_028	2	1	1695.48980	278.16532	1445.84032	308.60081
Howe_028	3	0	1048.10204	501.84677	795.77123	515.72177
Howe_028	3	1	812.45578	484.97177	531.03737	493.94758
Howe_028	4	0	767.05442	473.81048	647.22763	487.54839
Howe_028	4	1	582.02041	410.12097	456.42356	423.31452
Howe_028	5	0	830.25850	482.87097	652.39977	497.87500
Howe_028	5	1	999.51020	483.41532	845.92186	498.41935
Howe_028	6	0	364.31293	543.50403	59.79615	545.03629
Howe_028	6	1	588.53061	492.87903	326.16082	497.13306
Howe_028	7	0	1613.06122	418.89516	1439.81540	445.64516
Howe_028	7	1	1867.21088	357.92742	1670.30238	387.94355
Howe_028	8	0	361.82993	460.85887	295.37939	473.21371
Howe_028	8	1	562.64626	491.88710	487.27067	502.60887
Howe_028	9	0	1254.38095	611.82258	844.57984	628.88306
Howe_028	9	1	1088.39456	496.41935	724.22537	514.44355
Howe_028	10	0	940.40816	270.00000	267.45187	263.46774
Howe_028	10	1	1269.11565	180.72581	619.70555	195.96774
Howe_028	11	0	1457.42857	186.50000	1277.12911	204.88306
Howe_028	11	1	1268.04082	219.70565	1113.50510	241.35484
Howe_028	12	0	1303.14286	388.77419	1089.62854	408.94758
Howe_028	12	1	490.78912	361.33468	282.44621	369.54839
Howe_028	13	0	555.10204	293.95161	276.14949	298.30645
Howe_028	13	1	1347.84354	455.79839	1199.71687	479.18952
Howe_028	14	0	640.00000	376.69355	432.70668	394.11290
Howe_028	14	1	1436.73469	317.90323	1213.31823	348.38710
Howe_028	15	0	1307.39456	269.51613	895.94337	293.22581
Howe_028	15	1	1537.59864	256.45161	1083.48584	288.87097
Howe_028	16	0	950.57143	366.60484	563.19932	375.74597
Howe_028	16	1	1122.54422	319.24597	732.25934	334.91935
Howe_028	17	0	703.24490	289.41935	198.51076	283.04435
Howe_028	17	1	928.00680	283.97581	461.61382	287.39919
Howe_028	18	0	1136.29252	130.12903	538.57418	139.17339
Howe_028	18	1	1434.21088	79.47581	790.54473	111.35081
Howe_028	19	0	861.75510	36.47177	558.42695	49.29435
Howe_028	19	1	1038.62585	57.70161	726.94337	77.60081
Howe_028	20	0	630.45578	78.94355	69.58097	55.52419
Howe_028	20	1	874.80952	89.28629	339.75085	88.18548
Howe_028	21	0	894.68707	111.59274	460.97395	117.58065
Howe_028	21	1	1079.72109	94.17339	647.97282	111.04839
Howe_028	22	0	872.37415	74.03226	226.13817	56.61290
Howe_028	22	1	1093.87075	42.45968	510.98528	50.08065
Howe_028	23	0	1019.13605	165.70565	593.46659	175.13710
Howe_028	23	1	1235.73469	161.89516	794.05549	182.75806
Howe_028	24	0	960.00680	540.47984	889.00453	559.78226
Howe_028	24	1	1107.48980	487.13306	1030.34088	509.15726
Howe_028	25	0	528.21769	715.02419	69.03737	733.91129
Howe_028	25	1	828.80952	554.69758	419.52435	562.13710
Howe_028	26	0	1388.62585	366.10887	1116.64666	389.16129
Howe_028	26	1	1162.77551	401.49194	924.21178	421.27823
Howe_029	0	0	1344.20408	520.03226	1167.09740	504.27419
Howe_029	0	1	1549.91837	525.47581	1340.50623	503.72984
Howe_029	1	0	636.79592	509.76613	537.73160	495.63306
Howe_029	1	1	846.86395	468.39516	749.73613	462.42742
Howe_029	2	0	1114.90476	400.59274	928.87089	404.75403
Howe_029	2	1	938.03401	477.34677	756.54926	470.07661
Howe_029	3	0	1735.74830	485.99597	1366.19592	469.74597
Howe_029	3	1	1547.99320	483.81855	1211.81314	495.87500
Howe_029	4	0	1121.81633	593.74597	791.66704	564.20161
Howe_029	4	1	1016.78231	534.95565	711.21404	532.08468
Howe_029	5	0	1627.17687	626.35484	1067.63307	603.14516
Howe_029	5	1	1421.46259	599.13710	950.21518	563.95161
Howe_029	6	0	734.57823	314.66532	569.44621	338.87097
Howe_029	6	1	631.72109	329.36290	475.94677	351.39113
Howe_029	7	0	850.80952	279.81048	287.56852	272.37903
Howe_029	7	1	958.02041	244.97177	427.81767	259.31452
Howe_029	8	0	767.54422	346.76613	153.84258	295.78629
Howe_029	8	1	875.84354	316.28226	300.07135	291.97581
Howe_029	9	0	1125.44218	263.46774	491.41563	248.22581
Howe_029	9	1	907.75510	200.32258	215.26614	172.01613
Howe_029	10	0	852.40816	435.45161	547.95017	433.30645
Howe_029	10	1	620.57143	455.04839	243.53341	483.38710
Howe_029	11	0	957.82313	659.75806	647.97282	655.40323
Howe_029	11	1	1724.08163	280.88710	1637.32729	259.11290
Howe_029	12	0	590.08844	111.78226	510.87316	123.02419
Howe_029	12	1	386.00680	127.56855	323.87429	154.59677
Howe_029	13	0	525.87075	221.74194	453.25142	230.80645
Howe_029	13	1	326.68707	228.27419	279.84258	249.31452
Howe_029	14	0	799.79592	29.39516	733.32390	32.66129
Howe_029	14	1	651.22449	26.12903	597.42356	40.28226
Howe_029	15	0	1014.21769	64.77823	979.04757	50.08065
Howe_029	15	1	858.02721	88.18548	828.46999	82.19758
Howe_029	16	0	717.65986	112.87097	614.35900	115.68548
Howe_029	16	1	536.97959	153.69758	459.97622	167.39919
Howe_029	17	0	962.57143	98.41129	831.53001	88.72984
Howe_029	17	1	771.00680	161.55645	660.83918	160.04032
Howe_029	18	0	902.63265	130.51613	834.49490	125.20161
Howe_029	18	1	745.89796	113.09677	689.89694	115.94758
Howe_029	19	0	992.55102	627.00000	681.10306	622.27419
Howe_029	19	1	852.14286	494.17742	559.00453	478.08468
Howe_029	20	0	1336.78912	533.72177	905.83579	505.55645
Howe_029	20	1	1190.93878	433.01613	710.68290	460.91935
Howe_029	21	0	816.03401	493.48387	589.87316	474.33871
Howe_029	21	1	626.10204	470.07661	376.23783	442.22177
Howe_029	22	0	988.73469	399.37903	723.59909	400.30645
Howe_029	22	1	854.31293	426.05242	562.14949	449.29839
Howe_029	23	0	1167.31293	476.21371	960.38845	468.59274
Howe_029	23	1	1351.25850	460.97177	1121.83805	449.54032
Howe_029	24	0	1291.10204	447.25000	1084.56512	441.43548
Howe_029	24	1	1133.82313	442.89516	956.81880	430.54839
Howe_029	25	0	733.44898	636.84677	417.48584	635.80645
Howe_029	25	1	519.02721	561.72581	132.63873	570.48387
Howe_029	26	0	1007.23810	321.37500	952.38958	320.08065
Howe_029	26	1	501.06803	361.81855	454.22537	370.54435
Howe_029	27	0	1116.73469	418.06452	878.45980	405.00000
Howe_029	27	1	1406.25850	374.51613	1178.52775	354.91935
Howe_029	28	0	572.51701	563.95161	228.31257	561.77419
Howe_029	28	1	840.27211	572.66129	567.51982	566.12903
Howe_029	29	0	1188.95238	634.68548	797.93205	623.73387
Howe_029	29	1	1383.78231	597.66935	1030.04983	581.81855
Howe_029	30	0	927.92517	281.39919	991.90487	277.93548
Howe_029	30	1	140.40816	239.64113	245.12118	294.27016
Howe_030	0	0	1312.77551	465.61290	1112.83012	456.87097
Howe_030	0	1	1607.74150	446.56048	1356.90713	439.45161
Howe_030	1	0	1189.25850	560.45565	1012.42922	554.93548
Howe_030	1	1	1360.14286	555.01210	1166.81200	547.85887
Howe_030	2	0	1519.45578	513.87097	1279.84485	508.31048
Howe_030	2	1	1893.87755	552.35484	1597.58777	553.36694
Howe_030	3	0	1649.52381	890.70565	888.76331	859.14919
Howe_030	3	1	1758.91156	940.78629	938.23103	896.16532
Howe_030	4	0	1656.05442	862.39919	969.21631	832.47581
Howe_030	4	1	1744.21769	887.43952	1032.27407	853.16129
Howe_030	5	0	1639.49660	708.15323	1045.46999	689.81855
Howe_030	5	1	1735.27891	713.05242	1119.94337	688.72984
Howe_030	6	0	1800.04082	741.35887	1095.48131	712.13710
Howe_030	6	1	1847.93197	716.86290	1159.08267	693.62903
Howe_030	7	0	1095.74150	579.85887	632.27180	568.16129
Howe_030	7	1	1044.04082	553.72984	576.28086	543.66532
Howe_030	8	0	1160.50340	554.81855	918.14949	552.11290
Howe_030	8	1	1192.61224	577.13710	945.87316	568.98790
Howe_030	9	0	1239.41497	549.91935	993.71008	542.31452
Howe_030	9	1	1280.23129	553.18548	1031.76217	543.94758
Howe_030	10	0	1792.65306	660.25403	1650.23330	661.24194
Howe_030	10	1	1708.84354	633.03629	1560.53907	634.02419
Howe_030	11	0	992.89116	409.52823	868.08041	403.17339
Howe_030	11	1	1176.29252	393.74194	1044.20725	386.29839
Howe_030	12	0	944.83673	246.47581	764.83012	238.72984
Howe_030	12	1	1172.35374	152.65323	976.10872	139.20968
Howe_030	13	0	1469.17007	634.55645	1105.77463	622.77016
Howe_030	13	1	1731.48299	600.80645	1288.42469	586.29839
Howe_030	14	0	1033.74150	396.54435	924.82333	391.29435
Howe_030	14	1	393.21769	335.20968	389.84824	339.45161
Howe_030	15	0	603.59864	354.78629	484.44960	353.10484
Howe_030	15	1	736.93197	360.22984	618.71914	356.91532
Howe_030	16	0	893.79592	258.29032	673.12684	250.65323
Howe_030	16	1	1007.53741	299.11694	817.72480	289.30242
Howe_030	17	0	547.22449	385.24194	438.03398	386.70968
Howe_030	17	1	684.36735	414.63710	558.16988	406.85081
Howe_030	18	0	790.20408	219.91935	517.10872	210.08468
Howe_030	18	1	923.15646	260.52016	688.34315	254.72177
Howe_030	19	0	1210.34014	161.12903	930.64553	152.41935
Howe_030	19	1	1028.74830	144.91935	774.40883	139.78226
Howe_030	20	0	910.80272	226.65323	647.28652	218.48790
Howe_030	20	1	1027.80952	253.32661	791.34088	243.52823
Howe_030	21	0	1204.78912	415.20968	1033.50170	405.17339
Howe_030	21	1	1344.10884	388.53629	1167.77123	379.58871
Howe_030	22	0	1406.69388	413.57661	1210.17214	400.27419
Howe_030	22	1	1526.96599	398.87903	1345.04190	389.11290
Howe_030	23	0	1341.41497	771.77823	662.68177	754.33065
Howe_030	23	1	1473.11565	785.38710	823.04417	769.57258
Howe_030	24	0	1454.06803	777.30242	1034.97848	764.71774
Howe_030	24	1	1529.17007	774.58065	1125.75991	761.99597
Howe_032	0	0	1004.63946	249.02419	743.12344	270.98790
Howe_032	0	1	774.97959	288.76210	493.61042	306.37097
Howe_032	1	0	599.75510	555.57661	567.36127	577.73387
Howe_032	1	1	439.75510	550.67742	430.91733	569.02419
Howe_032	2	0	781.74830	717.07258	522.87995	738.29839
Howe_032	2	1	1460.87075	708.44355	1196.08154	732.81048
Howe_032	3	0	1232.95238	656.16532	1096.60249	681.09677
Howe_032	3	1	928.19048	607.17339	815.56059	628.29435
Howe_032	4	0	1007.89116	759.91935	737.12344	779.51613
Howe_032	4	1	1761.08844	749.03226	1419.88675	779.51613
Howe_032	5	0	1072.61905	690.06452	891.29445	709.46774
Howe_032	5	1	577.02041	582.87097	468.16421	605.54032
Howe_032	6	0	917.85034	574.04839	861.17554	598.09677
Howe_032	6	1	491.63946	516.97177	456.18233	537.20968
Howe_032	7	0	894.95238	733.94758	634.92639	751.20968
Howe_032	7	1	1124.06803	727.95968	905.86750	750.77016
Howe_032	8	0	916.69388	796.87097	589.13137	814.25403
Howe_032	8	1	507.71429	819.95161	135.35674	835.46774
Howe_032	9	0	1250.38095	769.37500	960.33296	792.43145
Howe_032	9	1	1667.37415	810.44355	1333.39298	825.54435
Howe_032	10	0	1893.87755	631.45161	1665.59456	668.46774
Howe_032	10	1	1576.05442	629.27419	1382.92186	659.75806
Howe_032	11	0	1081.90476	631.45161	917.59909	655.40323
Howe_032	11	1	1656.59864	661.10081	1494.57984	694.64113
Howe_032	12	0	1357.27211	975.48387	758.54247	994.13306
Howe_032	12	1	1439.99320	943.91129	855.30351	956.02823
Howe_032	13	0	1399.72109	850.28226	866.17554	857.50000
Howe_032	13	1	1484.07483	850.28226	939.01812	866.20968
Howe_032	14	0	1491.69388	1020.12097	914.01246	1002.29839
Howe_032	14	1	1590.90476	1060.40323	998.81427	1055.10081
Howe_032	15	0	1545.61224	928.50806	953.39411	936.78629
Howe_032	15	1	1586.97279	899.11290	1025.69309	912.29032
Howe_032	16	0	1336.28571	958.50806	710.71461	975.38306
Howe_032	16	1	1458.19048	963.95161	804.21404	973.75000
Howe_032	17	0	1378.73469	878.48790	762.35674	890.46371
Howe_032	17	1	1485.40136	905.70565	857.48698	911.14919
Howe_032	18	0	1429.34694	1014.03226	599.98981	1014.67742
Howe_032	18	1	1521.31973	1001.51210	693.48924	1005.96774
Howe_032	19	0	1775.23810	1001.61290	989.79162	997.80242
Howe_032	19	1	1886.25850	999.97984	1097.42469	979.83871
Howe_032	20	0	1350.87755	816.10887	770.19932	827.33871
Howe_032	20	1	1458.63265	827.54032	851.19592	836.04839
Howe_032	21	0	1425.43537	862.37903	774.54813	868.70968
Howe_032	21	1	1526.11565	888.50806	860.43715	894.29435
Howe_032	22	0	1271.29252	814.35484	919.77350	829.59677
Howe_032	22	1	668.29932	566.12903	472.09740	583.36694
Howe_032	23	0	1325.06803	552.11290	606.29445	562.55645
Howe_032	23	1	1196.63265	542.31452	394.28992	544.59274
Howe_032	24	0	1463.90476	684.73387	736.19592	693.20161
Howe_032	24	1	1337.64626	683.10081	549.19706	689.93548
Howe_032	25	0	1507.44218	624.31048	1327.89128	653.49194
Howe_032	25	1	1644.04082	660.23790	1459.44281	684.52016
Howe_032	26	0	1183.77551	763.85081	884.01925	789.11694
Howe_032	26	1	1336.15646	684.37500	1048.73046	709.64113
Howe_032	27	0	1431.00000	724.26210	1143.89921	747.84274
Howe_032	27	1	1334.67347	741.68145	1018.87089	761.45161
Howe_033	0	0	928.26531	1041.35081	785.66478	1033.72984
Howe_033	0	1	1162.82313	983.64919	1013.97735	988.00403
Howe_033	1	0	1384.48980	714.19355	934.99434	712.01613
Howe_033	1	1	1203.80952	548.70968	815.40204	542.17742
Howe_033	2	0	1268.72109	625.31855	952.59456	619.31452
Howe_033	2	1	1079.87755	502.83871	779.07135	496.06048
Howe_033	3	0	1110.61224	525.40726	704.50736	516.04839
Howe_033	3	1	932.10884	450.28629	569.69422	435.48387
Howe_033	4	0	1007.89116	890.56452	878.45980	892.74194
Howe_033	4	1	816.32653	857.90323	706.68177	847.01613
Howe_033	5	0	955.64626	629.27419	400.09060	614.03226
Howe_033	5	1	1219.04762	694.59677	732.77463	694.59677
Howe_033	6	0	713.12245	769.68145	534.86183	753.01210
Howe_033	6	1	513.93878	688.02823	346.77576	669.72581
Howe_034	0	0	575.98639	923.07661	411.92865	909.17742
Howe_034	0	1	703.33333	870.81855	546.74179	862.90726
Howe_034	1	0	452.55102	805.53226	341.74519	789.85887
Howe_034	1	1	304.52381	788.65726	203.67044	770.26210
Howe_034	2	0	1472.78231	976.02823	1382.92186	979.83871
Howe_034	2	1	1279.58503	916.14919	1196.53341	912.22581
Howe_034	3	0	59.31973	857.99597	160.36240	824.16532
Howe_034	3	1	416.87075	887.39113	443.57871	854.10484
Howe_034	4	0	1204.78912	497.90726	1060.51642	487.84677
Howe_034	4	1	1426.28571	507.70565	1256.75651	494.37903
Howe_034	5	0	483.37415	758.54032	316.91959	747.97177
Howe_034	5	1	256.43537	699.75000	69.58097	694.08065
Howe_034	6	0	657.55102	786.47581	651.13817	772.27823
Howe_034	6	1	737.55102	779.39919	728.32956	767.92339
Howe_034	7	0	933.87755	71.85484	145.68516	21.77419
Howe_034	7	1	1258.23129	300.48387	506.63647	280.88710
Howe_034	8	0	1589.11565	169.83871	1256.80634	154.59677
Howe_034	8	1	1774.14966	287.41935	1413.36353	272.17742
Howe_034	9	0	853.19048	889.20161	746.29219	878.43952
Howe_034	9	1	1501.65986	959.15323	1406.76784	963.40726
Howe_034	10	0	602.76190	855.83468	445.74858	844.40323
Howe_034	10	1	800.31293	826.43952	655.57871	812.83065
Howe_034	11	0	1310.10204	830.87097	1045.08834	822.26210
Howe_034	11	1	1501.12245	861.89919	1224.66365	849.54435
Howe_034	12	0	1219.94558	991.27016	1136.28879	992.90323
Howe_034	12	1	1063.75510	940.64516	985.16761	934.11290
Howe_034	13	0	866.78912	775.01613	724.76897	768.12903
Howe_034	13	1	999.57823	686.83065	874.25934	681.03226
Howe_034	14	0	561.46259	920.75806	439.98754	899.65726
Howe_034	14	1	723.63946	874.48790	603.06795	861.00806
Howe_034	15	0	1287.46259	755.35081	1081.46319	740.49194
Howe_034	15	1	1091.54422	699.82661	891.20272	691.50000
Howe_034	16	0	1371.04762	888.91532	1309.59456	887.77823
Howe_034	16	1	1517.98639	908.51210	1457.99773	912.27419
Howe_034	17	0	1812.24490	847.91129	1626.49264	844.95968
Howe_034	17	1	1598.91156	807.08468	1441.12458	801.41129
Howe_035	0	0	945.04762	422.62097	322.89921	424.59677
Howe_035	0	1	776.34014	376.89516	88.06342	373.42742
Howe_035	1	0	1527.90476	532.58065	1009.90940	549.20161
Howe_035	1	1	1373.34694	493.38710	878.35787	500.20968
Howe_035	2	0	1095.91837	716.95968	776.93205	734.98387
Howe_035	2	1	1768.70748	738.71774	1521.07588	781.99597
Howe_035	3	0	1223.31293	933.56855	800.09626	951.53226
Howe_035	3	1	1048.07483	995.62500	575.04530	1015.76613
Howe_035	4	0	1737.14286	983.10484	924.25255	964.59677
Howe_035	4	1	1494.42177	879.67742	787.26501	870.96774
Howe_035	5	0	1345.30612	807.82258	772.04417	810.00000
Howe_035	5	1	1196.19048	771.89516	635.05663	780.60484
Howe_035	6	0	1238.63946	795.84677	640.49264	815.44355
Howe_035	6	1	1099.31973	823.06452	504.59230	836.12903
Howe_035	7	0	1297.93197	861.16935	727.16535	867.70161
Howe_035	7	1	1141.19728	833.95161	597.78822	848.10484
Howe_035	8	0	1242.42177	958.06452	716.29332	976.57258
Howe_035	8	1	1102.01361	993.99194	570.60815	1012.50000
Howe_035	9	0	1217.86395	805.64516	623.28199	818.70968
Howe_035	9	1	1063.30612	788.22581	473.24802	802.37903
Howe_035	10	0	1463.75510	864.43548	878.15968	870.96774
Howe_035	10	1	1281.98639	836.12903	742.25934	851.37097
Howe_035	11	0	1270.01361	799.11290	685.72480	810.00000
Howe_035	11	1	1100.21769	768.62903	549.82446	786.04839
Howe_035	12	0	1375.32653	744.40323	778.50963	748.17742
Howe_035	12	1	1217.50340	737.87097	620.86523	751.44355
Howe_035	13	0	1269.52381	866.61290	701.46772	886.20968
Howe_035	13	1	1113.87755	784.95968	592.74745	803.46774
Howe_035	14	0	1277.66667	1014.67742	697.13024	1035.36290
Howe_035	14	1	1133.99320	963.50806	589.49717	977.66129
Howe_035	15	0	956.72789	791.49194	404.30011	806.73387
Howe_035	15	1	1074.27891	793.66935	530.41563	807.82258
Howe_035	16	0	985.89796	712.01613	710.25821	729.97581
Howe_035	16	1	644.12925	790.40323	329.73726	805.09677
Howe_035	17	0	919.50340	839.39516	511.30011	858.44355
Howe_035	17	1	527.66667	875.32258	61.97055	899.27419
Howe_035	18	0	1314.01361	526.41935	1128.57871	543.70968
Howe_035	18	1	1078.91156	515.53226	910.05096	535.00000
Howe_035	19	0	893.09524	626.43548	756.31144	641.93548
Howe_035	19	1	1388.29932	624.82258	1240.11665	651.73387
Howe_036	0	0	1674.01361	529.89516	1453.54926	536.37903
Howe_036	0	1	1769.79592	559.29032	1529.65345	561.41935
Howe_036	1	0	725.80952	576.51613	512.84598	563.00000
Howe_036	1	1	583.22449	536.23387	381.29445	518.36290
Howe_036	2	0	675.48299	348.92742	690.72367	344.95968
Howe_036	2	1	782.14966	339.12903	796.18233	331.89516
Howe_036	3	0	1271.85034	248.09677	1048.29898	238.07258
Howe_036	3	1	1028.04082	256.80645	774.32390	239.16129
Howe_036	4	0	464.02041	325.98387	455.53794	321.13710
Howe_036	4	1	282.25170	225.82258	307.67837	224.24194
Howe_036	5	0	1356.05442	320.42742	1190.72480	315.38710
Howe_036	5	1	1456.19048	269.25806	1275.52661	257.68548
Howe_036	6	0	845.83673	268.31452	744.72367	261.22581
Howe_036	6	1	757.67347	281.37903	653.39864	266.66935
Howe_036	7	0	1159.14966	591.79032	944.15968	586.58871
Howe_036	7	1	851.12245	745.29839	570.16195	721.58871
Howe_036	8	0	794.11565	290.18548	786.97395	286.64516
Howe_036	8	1	898.60544	282.56452	892.43262	274.66935
Howe_036	9	0	365.71429	273.02419	287.02152	266.25000
Howe_036	9	1	582.31293	246.89516	493.59003	232.50000
Howe_036	10	0	1291.08163	115.40323	1139.83465	96.89516
Howe_036	10	1	1533.80272	26.12903	1365.97282	11.97581
Howe_036	11	0	735.19048	592.71774	532.36920	571.69355
Howe_036	11	1	544.71429	495.82258	383.42242	478.06452
Howe_036	12	0	1370.67347	484.31452	1148.39185	472.06452
Howe_036	12	1	1081.14966	433.14516	900.50963	420.89516
Howe_036	13	0	640.00000	228.62903	524.70102	218.34677
Howe_036	13	1	798.91156	145.88710	666.03737	139.95968
Howe_036	14	0	666.22449	548.04839	367.47452	520.40323
Howe_036	14	1	449.62585	567.64516	110.89468	531.29032
Howe_036	15	0	507.21088	529.11290	41.31370	498.62903
Howe_036	15	1	724.64626	440.08871	341.38165	407.17742
Howe_036	16	0	785.47619	614.42742	581.59570	592.03226
Howe_036	16	1	593.91156	657.97581	358.71914	625.78226
Howe_036	17	0	1132.31973	506.10484	389.21857	489.91935
Howe_036	17	1	1542.65986	378.72581	708.85617	372.33871
Howe_036	18	0	1404.08163	383.71774	1312.52661	379.20161
Howe_036	18	1	1528.16327	381.54032	1448.42695	382.46774
Howe_036	19	0	1116.48980	774.64516	763.43828	769.44355
Howe_036	19	1	885.74150	784.44355	517.73046	769.44355
Howe_036	20	0	1218.81633	230.80645	1118.53794	221.74194
Howe_036	20	1	1339.63265	177.45968	1249.00227	165.12903
Howe_036	21	0	1319.32653	92.54032	806.70442	80.56452
Howe_036	21	1	1064.63265	116.49194	524.03171	89.27419
Howe_036	22	0	1795.91837	769.87097	1157.45527	749.81452
Howe_036	22	1	1494.42177	623.98387	981.32843	612.63710
Howe_036	23	0	1356.57823	545.02419	962.98528	538.26613
Howe_036	23	1	1148.68707	509.09677	766.20159	497.98387
Howe_036	24	0	1092.96599	176.37097	1040.27067	163.30645
Howe_036	24	1	1245.34694	141.53226	1194.65345	127.37903
Howe_036	25	0	254.69388	726.77419	11.95923	689.53226
Howe_036	25	1	486.53061	672.33871	207.65572	641.62903
Howe_036	26	0	669.36735	240.60484	552.28766	229.71774
Howe_036	26	1	493.04082	152.41935	402.25368	143.70968
Howe_036	27	0	546.39456	581.37097	300.06795	557.41935
Howe_036	27	1	840.96599	481.86290	633.83918	453.99194
Howe_036	28	0	748.84354	407.17742	152.20838	367.98387
Howe_036	28	1	1073.19728	391.93548	524.03171	361.45161
Howe_037	0	0	916.63265	736.06048	613.18233	718.54839
Howe_037	0	1	659.76190	873.23790	252.23103	838.30645
Howe_037	1	0	972.19048	834.49597	644.13703	816.30645
Howe_037	1	1	451.98639	942.27823	132.09513	905.35484
Howe_037	2	0	1814.96599	391.37097	1550.73046	400.00000
Howe_037	2	1	1519.45578	407.70161	1310.45866	405.44355
Howe_037	3	0	1682.72109	679.35484	1102.42356	683.70968
Howe_037	3	1	1412.78912	947.17742	761.04190	945.00000
Howe_037	4	0	788.02721	531.29032	624.14383	509.65726
Howe_037	4	1	914.61905	430.82258	763.84938	413.30645
Howe_037	5	0	1212.51701	910.16129	621.87995	897.09677
Howe_037	5	1	814.14966	764.27419	317.46319	746.85484
Howe_037	6	0	1142.48299	332.21371	488.09966	319.33871
Howe_037	6	1	785.17007	402.51613	63.05776	372.24194
Howe_037	7	0	854.00680	680.44355	543.60136	657.58065
Howe_037	7	1	482.91156	602.78629	56.53454	566.12903
Howe_037	8	0	600.17007	107.23790	551.96942	96.35081
Howe_037	8	1	506.56463	119.21371	465.53681	109.41532
Howe_037	9	0	714.51020	175.28226	660.86183	159.18952
Howe_037	9	1	628.52381	194.33468	574.42922	179.33065
Howe_037	10	0	1087.52381	314.36290	1011.92865	301.26210
Howe_037	10	1	992.28571	341.03629	918.97282	325.21371
Howe_037	11	0	1322.40136	209.71371	1284.07588	190.32661
Howe_037	11	1	1099.27211	279.93548	1055.76331	263.27016
Howe_037	12	0	851.15646	169.83871	634.92639	148.06452
Howe_037	12	1	694.42177	230.80645	487.06682	209.03226
Howe_037	13	0	1301.76871	505.16129	1180.70215	496.45161
Howe_037	13	1	496.32653	622.74194	410.96263	594.43548
Howe_037	14	0	1037.27891	690.78226	705.71574	673.55645
Howe_037	14	1	911.56463	707.65726	555.68177	688.25403
Howe_037	15	0	651.61905	630.55242	404.09966	602.33871
Howe_037	15	1	529.17007	619.66532	292.66138	586.00806
Howe_037	16	0	810.58503	716.46371	350.07928	692.41935
Howe_037	16	1	644.05442	723.54032	95.67384	705.48387
Howe_037	17	0	1417.78231	471.36290	1017.09740	471.36290
Howe_037	17	1	1601.18367	470.81855	1169.30578	468.09677
Howe_037	18	0	1061.97279	623.55645	783.52435	607.54435
Howe_037	18	1	967.82313	577.28629	709.59456	559.09677
Howe_037	19	0	1069.08163	623.93548	847.28652	613.82258
Howe_037	19	1	1132.21088	615.22581	901.64666	602.93548
Howe_037	20	0	1159.42177	685.99194	775.53114	673.70161
Howe_037	20	1	1212.21088	688.71371	820.65006	676.42339
Howe_037	21	0	880.23810	629.92339	581.66138	612.17339
Howe_037	21	1	948.80952	607.06048	635.47792	590.39919
Howe_037	22	0	862.19728	728.48387	578.52435	705.78226
Howe_037	22	1	918.79592	702.35484	644.84371	683.46371
Howe_037	23	0	827.91156	652.27419	610.59683	632.29435
Howe_037	23	1	888.86395	643.02016	678.54700	624.12903
Howe_037	24	0	876.89116	711.06452	572.54473	689.45161
Howe_037	24	1	815.93878	754.06855	491.54813	733.00000
Howe_037	25	0	851.00680	745.98790	551.93771	723.13710
Howe_037	25	1	788.96599	719.85887	491.05436	698.09677
Howe_037	26	0	679.80272	715.63306	451.82106	685.83468
Howe_037	26	1	612.86395	716.72177	391.48131	684.20161
Howe_037	27	0	369.59864	570.60887	207.65572	535.24194
Howe_037	27	1	279.25850	517.26210	137.53114	478.08468
Howe_037	28	0	804.62585	586.73387	569.48131	564.36694
Howe_037	28	1	964.08163	584.01210	760.82899	568.17742
Howe_037	29	0	1386.51020	481.41532	1179.25481	476.82258
Howe_037	29	1	1630.31973	438.95565	1411.91619	439.80645
Howe_037	30	0	1039.41497	427.12097	964.45187	414.58871
Howe_037	30	1	933.83673	471.21371	847.57758	456.50403
Howe_037	31	0	796.69388	511.49597	642.54473	490.84274
Howe_037	31	1	637.23810	574.64113	455.54587	552.35484
Howe_037	32	0	1332.24490	320.08065	667.54247	311.37097
Howe_037	32	1	1867.75510	165.48387	1139.38845	187.25806
Howe_037	33	0	713.80272	449.22984	420.90487	419.11694
Howe_037	33	1	405.23129	393.16129	21.74405	354.85081
Howe_037	34	0	647.02721	492.25403	348.91733	465.64516
Howe_037	34	1	778.18367	456.32661	525.04417	431.35081
Howe_037	35	0	1376.42857	686.58468	781.28992	680.21774
Howe_037	35	1	1658.19048	611.33871	1044.93658	608.36290
Howe_037	36	0	1134.90476	619.02419	853.86523	608.76210
Howe_037	36	1	1311.77551	564.58871	1031.07928	554.32661
Howe_037	37	0	434.67347	524.58065	149.61268	486.87097
Howe_037	37	1	714.94558	438.57258	503.49717	412.83871
Howe_037	38	0	1423.67347	757.74194	1061.10985	751.20968
Howe_037	38	1	511.56463	618.38710	258.75425	581.37097
Howe_037	39	0	409.25170	56.61290	78.27860	15.24194
Howe_037	39	1	740.13605	84.91935	421.83465	58.79032
Howe_039	0	0	433.31445	432.00000	217.35849	458.45638
Howe_039	0	1	242.94618	432.00000	1.81132	443.95973
Howe_039	1	0	348.10198	384.80672	280.75472	413.15436
Howe_039	1	1	484.07932	382.99160	407.54717	418.59060
Howe_039	2	0	1491.66289	957.47899	1121.75472	972.18121
Howe_039	2	1	1275.00567	960.20168	943.33962	976.71141
Howe_039	3	0	1258.83003	794.55462	938.54717	815.36242
Howe_039	3	1	1477.30028	764.60504	1155.00000	779.12081
Howe_039	4	0	1113.20113	684.30252	835.01887	699.46309
Howe_039	4	1	902.88952	577.21008	633.96226	558.12081
Howe_039	5	0	1096.25496	755.52941	865.79245	780.86577
Howe_039	5	1	909.51275	657.51261	694.62264	673.04698
Howe_039	6	0	1229.23513	566.31933	851.32075	578.05369
Howe_039	6	1	998.98017	524.57143	610.41509	538.18792
Howe_039	7	0	576.08499	878.52101	306.11321	888.82550
Howe_039	7	1	868.88952	834.95798	607.69811	861.64430
Howe_039	8	0	578.35694	624.40336	170.26415	645.10067
Howe_039	8	1	440.56657	711.52941	3.62264	724.83221
Howe_039	9	0	703.45609	844.03361	186.56604	875.23490
Howe_039	9	1	554.78754	736.94118	32.60377	748.38926
Howe_039	10	0	1452.23796	620.77311	1126.64151	641.47651
Howe_039	10	1	1281.81303	648.00000	923.77358	666.84564
Howe_039	11	0	1682.49292	553.61345	1215.39623	565.36913
Howe_039	11	1	1468.55524	631.66387	1045.13208	654.16107
Howe_039	12	0	1334.97167	844.89076	915.24528	851.82550
Howe_039	12	1	1171.79887	757.76471	744.07547	775.71812
Howe_039	13	0	1234.34844	710.57143	872.67925	728.60403
Howe_039	13	1	1097.46459	658.84034	722.33962	680.58389
Howe_039	14	0	1488.49858	756.68067	1232.20755	776.45638
Howe_039	14	1	1699.71671	660.47899	1391.60377	674.97987
Howe_039	15	0	1477.62040	41.74790	1159.24528	65.23490
Howe_039	15	1	1029.80170	72.60504	806.03774	81.54362
Howe_039	16	0	1499.37677	141.57983	1367.54717	148.59060
Howe_039	16	1	1142.20963	237.78151	1025.20755	248.25503
Howe_039	17	0	1200.22663	154.28571	1019.77358	177.58389
Howe_039	17	1	884.75921	217.81513	751.69811	226.51007
Howe_039	18	0	1051.55807	234.15126	990.79245	259.12752
Howe_039	18	1	823.11615	241.41176	780.67925	260.93960
Howe_039	19	0	1620.84986	254.11765	1494.33962	266.37584
Howe_039	19	1	1249.17847	294.05042	1119.39623	304.42953
Howe_039	20	0	1285.43909	577.21008	483.62264	590.73826
Howe_039	20	1	1426.85552	475.56303	715.47170	478.38926
Howe_039	21	0	901.07649	844.03361	400.30189	877.04698
Howe_039	21	1	781.41643	887.59664	195.62264	916.91275
Howe_039	22	0	1513.27195	551.31092	1269.39623	568.96644
Howe_039	22	1	1306.58640	584.89076	1063.81132	607.92617
Howe_039	23	0	991.72805	419.29412	952.75472	425.83893
Howe_039	23	1	164.98584	370.28571	101.43396	398.65772
Howe_039	24	0	139.60340	528.20168	9.05660	541.81208
Howe_039	24	1	436.94051	448.33613	300.67925	469.32886
Howe_039	25	0	1493.93768	424.73950	510.79245	414.96644
Howe_039	25	1	1214.73088	426.55462	38.03774	414.96644
Howe_040	0	0	1828.57143	573.81048	1535.13024	585.72581
Howe_040	0	1	1572.78912	519.91935	1300.29445	522.58065
Howe_040	1	0	1139.19048	297.80645	994.23103	293.37097
Howe_040	1	1	1411.84354	253.16935	1248.35221	247.51613
Howe_040	2	0	962.17687	237.33871	654.49604	217.74194
Howe_040	2	1	1301.76871	100.16129	1021.97055	82.74194
Howe_040	3	0	903.52381	201.89113	808.87882	198.14516
Howe_040	3	1	654.27211	217.13306	550.12458	213.38710
Howe_040	4	0	1108.29932	272.43145	989.27180	266.92339
Howe_040	4	1	1308.57143	226.16129	1171.92186	219.02016
Howe_040	5	0	631.06122	824.50000	141.33635	813.27823
Howe_040	5	1	749.15646	864.23790	302.24236	855.19355
Howe_040	6	0	1009.08163	674.04839	867.73386	671.98790
Howe_040	6	1	911.12245	627.77823	774.77803	621.36290
Howe_040	7	0	996.23810	344.13710	776.98641	335.57661
Howe_040	7	1	835.14966	381.69758	627.49604	369.87097
Howe_040	8	0	219.86395	472.50000	8.69762	455.08065
Howe_040	8	1	395.76871	384.19758	214.72254	373.80645
Howe_040	9	0	1049.25170	200.32258	597.96149	189.43548
Howe_040	9	1	729.25170	174.19355	326.16082	152.41935
Howe_040	10	0	731.74830	606.58468	521.85730	587.90323
Howe_040	10	1	538.55102	500.43548	284.84711	481.20968
Howe_040	11	0	1225.36054	379.31452	1164.33296	375.07258
Howe_040	11	1	1310.25850	323.79032	1261.63760	316.82661
Howe_040	12	0	964.16327	392.25403	532.59456	377.13710
Howe_040	12	1	1287.57823	295.21371	890.27407	284.46774
Howe_040	13	0	1882.99320	493.79032	1823.21518	505.47984
Howe_040	13	1	1678.36735	551.49194	1595.98981	561.54839
Howe_040	14	0	1878.63946	722.90323	1265.50396	727.25806
Howe_040	14	1	483.26531	542.17742	287.02152	513.87097
Howe_040	15	0	1254.22449	648.64516	852.36693	646.69355
Howe_040	15	1	573.25170	367.98387	259.49037	353.29839
Howe_040	16	0	1083.84354	362.69355	852.80294	359.31855
Howe_040	16	1	952.14286	397.53226	727.77463	389.80242
Howe_040	17	0	671.80272	537.06452	422.33635	521.52016
Howe_040	17	1	788.80952	464.12097	557.69309	452.38710
Howe_040	18	0	810.48980	519.08871	589.19932	506.34274
Howe_040	18	1	945.45578	514.18952	726.18686	503.62097
Howe_040	19	0	1517.27891	193.79032	830.62288	195.96774
Howe_040	19	1	1197.27891	165.48387	556.64779	145.88710
Howe_040	20	0	1158.34694	474.11290	784.96036	470.32258
Howe_040	20	1	982.56463	392.45968	587.08947	381.04839
Howe_040	21	0	1188.61224	662.39516	791.48358	655.40323
Howe_040	21	1	1040.58503	532.83871	637.10079	522.58065
Howe_040	22	0	1470.79592	363.60887	1337.96376	360.31452
Howe_040	22	1	1674.87755	309.17339	1558.66591	302.06855
Howe_040	23	0	1039.52381	61.38306	881.04757	54.97984
Howe_040	23	1	837.61905	58.66129	691.87429	56.61290
Howe_040	24	0	956.80272	121.80645	916.92525	119.21371
Howe_040	24	1	821.83673	135.41532	784.83012	135.00000
Howe_040	25	0	1568.17687	500.52823	1529.93998	509.83468
Howe_040	25	1	1418.51701	564.76210	1359.79275	565.35887
Howe_040	26	0	1144.13605	403.49194	997.34428	401.56855
Howe_040	26	1	935.15646	434.52016	804.90940	429.87500
Howe_040	27	0	730.34694	405.22177	692.35787	400.39919
Howe_040	27	1	546.94558	444.95968	511.33862	438.50403
Howe_040	28	0	824.26531	610.66532	611.83465	600.06452
Howe_040	28	1	473.78912	606.85484	238.92412	592.44355
Howe_040	29	0	565.23810	728.85887	412.70102	706.82661
Howe_040	29	1	344.82993	779.48387	176.77803	751.46371
Howe_040	30	0	550.78231	773.31452	388.13137	750.45565
Howe_040	30	1	264.98639	815.87097	119.04870	782.57258
Howe_040	31	0	623.40136	641.75806	503.45980	629.47984
Howe_040	31	1	344.76190	678.22984	257.20838	654.52016
Howe_040	32	0	853.79592	580.87097	617.07588	569.72984
Howe_040	32	1	612.70748	630.95161	324.61835	618.72177
Howe_040	33	0	1256.20408	555.00000	1191.72254	558.90726
Howe_040	33	1	1367.76871	551.18952	1308.59683	555.64113
Howe_040	34	0	409.31293	694.49597	298.89354	673.90726
Howe_040	34	1	168.76871	794.65726	39.05210	758.28226
Howe_040	35	0	1351.82313	581.97581	626.22877	570.48387
Howe_040	35	1	1519.68707	377.39516	871.93658	372.33871
Howe_040	36	0	1086.49660	471.93548	907.01246	469.96371
Howe_040	36	1	888.94558	525.82661	724.36240	518.95565
Howe_040	37	0	1334.42177	596.61290	808.87882	592.25806
Howe_040	37	1	1084.08163	862.25806	515.33409	855.72581
Howe_040	38	0	1223.40136	635.80645	745.82106	633.62903
Howe_040	38	1	892.51701	886.20968	363.12571	879.67742
Howe_041	0	0	1857.41497	387.29032	1549.62288	379.91129
Howe_041	0	1	1588.57143	361.70565	1340.33635	349.97177
Howe_041	1	0	1294.78231	174.65726	1191.44621	160.98387
Howe_041	1	1	1204.98639	157.78226	1088.16195	143.56452
Howe_041	2	0	1218.48980	52.80242	1115.04190	37.01613
Howe_041	2	1	1130.87075	46.27016	1025.34768	32.66129
Howe_041	3	0	419.16327	443.00403	45.66251	418.06452
Howe_041	3	1	586.23810	432.11694	250.05663	407.17742
Howe_041	4	0	674.85034	330.29032	302.24236	304.83871
Howe_041	4	1	509.95238	372.20565	34.79049	344.03226
Howe_041	5	0	1104.71429	340.91935	870.24236	328.41532
Howe_041	5	1	954.51020	355.07258	695.74632	344.20161
Howe_041	6	0	762.93878	417.70565	456.44621	399.55645
Howe_041	6	1	455.21769	454.53226	50.55493	424.83468
Howe_041	7	0	994.46939	278.81855	897.58890	271.27823
Howe_041	7	1	1161.54422	296.78226	1074.25934	279.44355
Howe_041	8	0	445.12245	202.89516	232.66138	191.61290
Howe_041	8	1	1272.22449	96.31855	1048.12911	81.65323
Howe_041	9	0	673.07483	102.57661	613.68630	108.87097
Howe_041	9	1	510.87755	1.08871	464.19592	12.52016
Howe_041	10	0	1210.55102	264.00806	1137.28313	252.47984
Howe_041	10	1	1059.80272	252.03226	985.07475	242.13710
Howe_041	11	0	646.53061	84.91935	93.49943	37.01613
Howe_041	11	1	946.93878	58.79032	545.77576	32.66129
Howe_041	12	0	1085.39456	179.25000	967.15855	164.31452
Howe_041	12	1	1286.21088	212.45565	1159.04983	197.52016
Howe_041	13	0	887.69388	376.97581	597.78369	361.00000
Howe_041	13	1	1010.68707	333.42742	720.09400	317.99597
Howe_041	14	0	687.40136	296.83065	352.25368	276.53226
Howe_041	14	1	509.17007	323.02419	115.24349	298.30645
Howe_041	15	0	868.46939	329.49194	575.75991	316.25403
Howe_041	15	1	957.17687	251.10484	649.68969	238.41129
Howe_041	16	0	499.01361	388.77419	181.97282	373.36290
Howe_041	16	1	740.44898	393.75806	463.01472	378.80645
Howe_041	17	0	600.36735	264.77419	324.42016	248.95968
Howe_041	17	1	820.23129	306.14516	546.20951	288.69758
Howe_041	18	0	1622.76871	293.43548	1304.12005	284.27419
Howe_041	18	1	1433.92517	321.74194	1069.28426	310.94758
Howe_041	19	0	737.04762	357.47581	470.63533	340.31452
Howe_041	19	1	1054.25850	382.53629	745.05323	358.22984
Howe_041	20	0	1843.80952	456.69355	1515.82673	449.39516
Howe_041	20	1	1691.42857	450.70565	1390.25481	441.77419
Howe_041	21	0	848.04762	339.09677	585.85844	325.08871
Howe_041	21	1	719.61224	299.35887	436.36806	282.62903
Howe_041	22	0	856.49660	371.50000	419.66025	348.38710
Howe_041	22	1	1041.53061	425.39113	624.05436	407.17742
Howe_042	0	0	1180.28329	450.15126	963.62264	445.77181
Howe_042	0	1	997.16714	428.36975	751.69811	434.89933
Howe_042	1	0	1383.34278	735.12605	1202.71698	739.32886
Howe_042	1	1	1167.59207	706.08403	998.03774	703.08725
Howe_042	2	0	1669.80170	756.90756	1387.47170	757.44966
Howe_042	2	1	1454.05099	697.00840	1217.20755	703.08725
Howe_042	3	0	1043.45703	896.78151	758.81132	905.26846
Howe_042	3	1	903.85364	927.94118	591.56604	937.88591
Howe_042	4	0	1437.73371	994.68908	1016.15094	1002.08054
Howe_042	4	1	1182.09632	1018.28571	733.58491	1036.51007
Howe_042	5	0	696.20397	669.78151	411.16981	679.53020
Howe_042	5	1	484.07932	584.47059	168.45283	592.55034
Howe_042	6	0	1417.79037	1011.02521	925.58491	1011.14094
Howe_042	6	1	476.82720	882.15126	81.50943	893.35570
Howe_042	7	0	545.72238	432.00000	389.43396	445.77181
Howe_042	7	1	284.64589	419.29412	159.39623	431.27517
Howe_042	8	0	890.19830	412.03361	778.86792	431.27517
Howe_042	8	1	732.46459	386.62185	623.09434	395.03356
Howe_042	9	0	1426.85552	720.60504	1267.92453	732.08054
Howe_042	9	1	1310.82153	664.33613	1155.62264	679.53020
Howe_042	10	0	948.99433	886.68908	710.33962	901.51007
Howe_042	10	1	795.79320	896.67227	524.67925	910.57047
Howe_042	11	0	1029.80170	473.74790	860.37736	485.63758
Howe_042	11	1	868.44193	451.96639	699.16981	453.02013
Howe_042	12	0	624.58924	740.95798	569.60377	737.78523
Howe_042	12	1	462.32295	750.03361	419.26415	748.65772
Howe_042	13	0	723.39943	584.47059	422.03774	592.55034
Howe_042	13	1	389.80170	488.26891	43.47170	492.88591
Howe_042	14	0	1892.80453	882.15126	1164.67925	864.36242
Howe_042	14	1	1305.38244	755.09244	757.13208	782.81879
Howe_042	15	0	716.14731	707.89916	547.01887	715.77181
Howe_042	15	1	875.69405	744.20168	717.28302	753.82550
Howe_042	16	0	1894.61756	560.87395	1411.01887	568.99329
Howe_042	16	1	1637.16714	566.31933	1224.45283	568.99329
Howe_042	17	0	1089.94901	910.81513	785.16981	913.28859
Howe_042	17	1	1260.37394	934.41176	937.32075	945.00000
Howe_042	18	0	1419.01416	856.36134	1143.81132	867.98658
Howe_042	18	1	1562.24363	848.19328	1305.92453	855.30201
Howe_042	19	0	1015.29745	433.81513	677.43396	436.71141
Howe_042	19	1	1205.66572	372.10084	860.37736	369.66443
Howe_042	20	0	1517.50708	598.99160	994.41509	607.04698
Howe_042	20	1	1713.31445	482.82353	1139.32075	489.26174
Howe_042	21	0	1377.90368	301.31092	934.64151	309.86577
Howe_042	21	1	1530.19830	388.43697	1117.58491	395.03356
Howe_042	22	0	707.08215	441.07563	351.39623	443.95973
Howe_042	22	1	884.75921	448.33613	545.20755	462.08054
Howe_042	23	0	1307.19547	780.50420	963.62264	786.44295
Howe_042	23	1	1426.85552	702.45378	1104.90566	704.89933
Howe_042	24	0	1791.27479	686.11765	1141.13208	672.28188
Howe_042	24	1	1522.94618	658.89076	958.18868	663.22148
Howe_042	25	0	1381.52975	212.36975	1070.49057	213.82550
Howe_042	25	1	1243.73938	252.30252	970.86792	257.31544
Howe_042	26	0	1475.80737	290.42017	1077.73585	302.61745
Howe_042	26	1	1303.56941	266.82353	932.83019	270.00000
Howe_043	0	0	687.89116	304.44758	404.26840	274.66935
Howe_043	0	1	549.65986	236.94758	237.92639	201.72581
Howe_043	1	0	851.74830	104.51613	578.60589	79.47581
Howe_043	1	1	742.36054	58.79032	467.16761	30.48387
Howe_043	2	0	748.41497	301.39516	599.31257	279.63306
Howe_043	2	1	902.42857	259.47984	765.65459	246.42742
Howe_043	3	0	1271.72109	299.10484	1131.96376	287.55645
Howe_043	3	1	1440.42857	285.49597	1302.11099	275.58065
Howe_043	4	0	1547.99320	268.05645	1335.23330	262.93548
Howe_043	4	1	1359.14966	236.48387	1178.13250	228.64113
Howe_043	5	0	920.59864	333.60484	762.22877	315.00000
Howe_043	5	1	1025.08844	334.14919	863.88222	319.35484
Howe_043	6	0	1372.87755	245.91935	1190.63533	235.95968
Howe_043	6	1	1512.74150	243.19758	1310.22763	233.78226
Howe_043	7	0	1458.16327	398.00000	1317.21291	393.03629
Howe_043	7	1	1242.65306	391.46774	1107.38279	381.60484
Howe_043	8	0	633.46939	505.16129	430.53228	474.67742
Howe_043	8	1	398.36735	531.29032	158.73160	496.45161
Howe_043	9	0	1472.46259	426.00000	1269.85277	418.06452
Howe_043	9	1	1259.12925	413.47984	1065.45866	405.00000
Howe_043	10	0	1323.53741	598.79032	845.84371	581.37097
Howe_043	10	1	1778.50340	725.08065	1152.43488	707.66129
Howe_043	11	0	1543.40136	209.03226	693.63533	191.61290
Howe_043	11	1	1042.72109	132.82258	178.30125	58.79032
Howe_043	12	0	1412.78912	261.29032	1145.91166	252.58065
Howe_043	12	1	1123.26531	337.50000	926.29672	330.96774
Howe_043	13	0	1023.27891	522.73790	641.44960	500.80645
Howe_043	13	1	778.92517	363.24194	239.18460	324.43548
Howe_043	14	0	1121.38776	664.79435	542.93658	643.63306
Howe_043	14	1	801.93197	659.89516	83.71461	635.40323
Howe_043	15	0	372.57143	558.12097	176.12684	511.69355
Howe_043	15	1	1560.81633	100.16129	1365.44281	92.95565
Howe_043	16	0	1380.13605	283.06452	1241.58550	267.82258
Howe_043	16	1	252.51701	596.61290	191.34768	540.00000
Howe_043	17	0	504.89796	139.06048	267.45187	113.22581
Howe_043	17	1	297.55102	50.33065	28.26727	10.88710
Howe_043	18	0	1362.72109	285.24194	756.69309	285.24194
Howe_043	18	1	1099.31973	492.09677	356.60249	457.25806
Howe_043	19	0	891.97279	312.79435	718.32729	293.33871
Howe_043	19	1	1053.60544	348.72177	869.44847	331.98790
Howe_043	20	0	1617.97959	31.57258	1499.64666	16.33065
Howe_043	20	1	1375.80272	73.48790	1268.61608	59.33468
Howe_043	21	0	1146.12925	853.66935	502.62854	817.08871
Howe_043	21	1	779.87075	826.99597	60.61042	808.90726
Howe_043	22	0	1144.40136	504.48387	502.33749	484.92339
Howe_043	22	1	757.69388	554.48790	32.61608	509.99597
Howe_044	0	0	1288.85034	351.18548	912.54926	328.45161
Howe_044	0	1	1433.61224	381.66935	1058.23443	358.93548
Howe_044	1	0	1438.91156	375.05645	1024.06682	349.05645
Howe_044	1	1	1593.46939	449.08871	1153.44394	424.17742
Howe_044	2	0	1425.85034	478.16129	949.53794	453.36290
Howe_044	2	1	1621.76871	538.04032	1089.78709	509.97581
Howe_044	3	0	810.25850	638.65323	614.45640	627.84677
Howe_044	3	1	907.12925	689.82258	707.95583	673.57258
Howe_044	4	0	732.80272	918.87097	718.61948	898.18548
Howe_044	4	1	885.18367	939.55645	866.47905	923.22581
Howe_044	5	0	1266.51701	913.42742	664.91619	892.74194
Howe_044	5	1	1523.38776	841.57258	935.62967	805.64516
Howe_044	6	0	758.74150	980.92742	453.36353	968.95161
Howe_044	6	1	493.16327	943.91129	244.62061	933.02419
Howe_045	0	0	622.56941	281.37815	482.71698	270.03356
Howe_045	0	1	802.05949	332.20168	650.26415	335.26846
Howe_045	1	0	828.55524	196.03361	219.16981	161.27517
Howe_045	1	1	1397.84703	176.06723	719.09434	172.14765
Howe_045	2	0	821.16997	713.19328	401.20755	713.96644
Howe_045	2	1	678.84703	700.48739	223.69811	687.69128
Howe_045	3	0	888.25212	551.64706	385.81132	538.19463
Howe_045	3	1	745.02266	577.05882	238.18868	568.09396
Howe_045	4	0	1273.69405	164.26891	690.11321	157.65101
Howe_045	4	1	1078.79320	174.25210	461.88679	146.77852
Howe_045	5	0	1038.90935	307.63866	561.50943	294.64430
Howe_045	5	1	882.98867	345.75630	410.26415	329.97987
Howe_045	6	0	880.17280	697.93277	623.66038	694.87919
Howe_045	6	1	1028.84136	632.58824	796.64151	632.36242
Howe_045	7	0	1366.11898	898.48739	767.79245	895.16779
Howe_045	7	1	1532.01133	953.84874	877.37736	947.71812
Howe_045	8	0	1480.33994	739.66387	1091.60377	742.12752
Howe_045	8	1	1573.71105	786.85714	1187.60377	798.30201
Howe_045	9	0	1267.30878	388.43697	925.58491	384.16107
Howe_045	9	1	1084.19263	377.54622	795.16981	369.66443
Howe_045	10	0	1254.61756	669.78151	751.69811	657.78523
Howe_045	10	1	1096.88385	580.84034	543.39623	554.49664
Howe_045	11	0	1376.09065	697.66387	976.47170	700.04027
Howe_045	11	1	1596.37394	714.90756	1151.26415	709.10067
Howe_045	12	0	1237.45042	722.71429	814.71698	716.53020
Howe_045	12	1	1060.67989	652.83193	637.20755	652.20134
Howe_045	13	0	714.33428	328.53782	427.47170	317.11409
Howe_045	13	1	406.11898	179.69748	12.67925	157.65101
Howe_045	14	0	850.31161	535.46218	534.33962	527.31544
Howe_045	14	1	551.16147	580.84034	124.98113	565.36913
Howe_045	15	0	1256.43059	816.80672	554.26415	815.43624
Howe_045	15	1	1916.37394	689.74790	1132.07547	688.59060
Howe_045	16	0	1122.26629	299.49580	923.77358	293.55705
Howe_045	16	1	888.38527	239.59664	697.35849	235.57047
Howe_045	17	0	566.08782	304.82353	307.92453	300.80537
Howe_045	17	1	326.76771	223.14286	5.43396	204.76510
Howe_045	18	0	1198.75637	55.36134	1032.09434	53.45638
Howe_045	18	1	1019.26629	16.33613	875.41509	17.21477
Howe_045	19	0	1050.08782	115.26050	913.45283	118.69128
Howe_045	19	1	858.81303	72.60504	716.92453	69.76510
Howe_045	20	0	1446.79887	166.99160	1307.77358	157.65101
Howe_045	20	1	1611.78470	168.80672	1463.54717	173.95973
Howe_045	21	0	913.76771	163.36134	811.47170	155.83893
Howe_045	21	1	351.72805	19.96639	369.50943	45.30201
Howe_045	22	0	869.43343	299.63025	755.32075	301.10738
Howe_045	22	1	741.61473	305.07563	609.50943	302.91946
Howe_046	0	0	1541.98300	440.16807	1444.52830	430.36913
Howe_046	0	1	1382.43626	431.09244	1288.75472	418.59060
Howe_046	1	0	1311.49858	468.91597	1140.83019	458.85906
Howe_046	1	1	1417.56091	505.21849	1231.39623	499.63087
Howe_046	2	0	678.07365	284.97479	376.75472	268.18792
Howe_046	2	1	921.01983	363.02521	684.67925	351.54362
Howe_046	3	0	1026.17564	348.50420	811.47170	340.67114
Howe_046	3	1	821.30312	125.24370	586.86792	114.16107
Howe_046	4	0	959.09348	635.29412	643.01887	616.10738
Howe_046	4	1	654.50425	453.78151	398.49057	440.33557
Howe_046	5	0	1376.31445	895.76471	919.45283	880.67114
Howe_046	5	1	1433.42493	939.32773	971.98113	922.34899
Howe_046	6	0	1510.25496	359.39496	1300.52830	344.29530
Howe_046	6	1	1865.60907	432.00000	1612.07547	424.02685
Howe_046	7	0	1176.65722	444.70588	996.22642	436.71141
Howe_046	7	1	1031.61473	370.28571	844.07547	356.97987
Howe_046	8	0	1133.14448	586.28571	813.28302	576.24161
Howe_046	8	1	1889.17847	722.42017	1485.28302	710.33557
Howe_046	9	0	819.49008	59.89916	653.88679	54.36242
Howe_046	9	1	1241.92635	364.84034	972.67925	360.60403
Howe_046	10	0	828.55524	166.99160	637.58491	155.83893
Howe_046	10	1	1483.05949	571.76471	1233.50943	558.12081
Howe_046	11	0	1220.16997	468.30252	762.56604	447.58389
Howe_046	11	1	935.52408	412.03361	403.92453	389.59732
Howe_046	12	0	1557.39377	515.49580	1242.56604	511.00671
Howe_046	12	1	1695.18414	548.16807	1423.69811	540.00000
Howe_046	13	0	1038.86686	428.36975	476.37736	404.09396
Howe_046	13	1	656.31728	310.38655	1.81132	239.19463
Howe_046	14	0	1129.51841	130.68908	921.96226	115.97315
Howe_046	14	1	953.65439	27.22689	749.88679	18.12081
Howe_046	15	0	1214.73088	611.69748	896.60377	590.73826
Howe_046	15	1	1390.59490	535.46218	1092.22642	527.31544
Howe_046	16	0	944.58924	497.34454	552.45283	485.63758
Howe_046	16	1	1145.83569	408.40336	780.67925	389.59732
Howe_046	17	0	1113.20113	613.51261	664.75472	597.98658
Howe_046	17	1	1334.39093	486.45378	891.16981	471.14094
Howe_046	18	0	1731.44476	475.56303	1110.33962	465.70470
Howe_046	18	1	1477.62040	372.10084	974.49057	347.91946
Howe_046	19	0	1100.56657	410.67227	912.18868	399.56376
Howe_046	19	1	1164.02266	436.08403	981.92453	428.55705
Howe_047	0	0	1444.98584	933.88235	1024.13208	911.47651
Howe_047	0	1	1687.93201	1025.54622	1198.92453	1000.26846
Howe_047	1	0	1519.32011	844.94118	1228.81132	834.46309
Howe_047	1	1	1655.29745	853.10924	1363.75472	838.99329
Howe_047	2	0	1329.03116	755.65546	1157.18868	746.59732
Howe_047	2	1	1227.50142	739.31933	1051.22642	730.28859
Howe_047	3	0	1390.67422	767.45378	1196.13208	762.00000
Howe_047	3	1	1290.05099	791.95798	1084.73585	781.02685
Howe_047	4	0	1464.02266	705.36975	1335.84906	705.57718
Howe_047	4	1	1909.12181	663.62185	1842.11321	653.02685
Howe_047	5	0	1558.30028	615.40336	1468.98113	607.77852
Howe_047	5	1	1728.72521	618.12605	1638.33962	608.68456
Howe_047	6	0	805.58074	836.77311	244.52830	829.02685
Howe_047	6	1	653.28612	876.70588	34.41509	888.82550
Howe_047	7	0	1658.92351	833.14286	827.77358	797.31544
Howe_047	7	1	1885.55241	775.05882	1108.52830	744.76510
Howe_047	8	0	1503.00283	312.20168	769.81132	295.36913
Howe_047	8	1	1731.44476	148.84034	1014.33962	150.40268
Howe_047	9	0	1218.35694	648.00000	1108.52830	639.66443
Howe_047	9	1	783.22946	608.06723	711.84906	597.98658
Howe_047	10	0	956.43343	591.07563	916.32075	588.81208
Howe_047	10	1	607.42493	628.28571	535.03774	621.42953
Howe_047	11	0	1331.96884	661.73950	1144.62264	652.24832
Howe_047	11	1	1529.58924	671.72269	1367.41509	666.74497
Howe_047	12	0	1187.53541	582.65546	1041.50943	574.42953
Howe_047	12	1	1762.26629	484.63866	1724.37736	458.45638
Howe_047	13	0	901.07649	613.51261	639.39623	608.85906
Howe_047	13	1	681.69972	579.02521	398.49057	574.42953
Howe_047	14	0	85.21246	335.79832	92.37736	355.16779
Howe_047	14	1	460.50992	370.28571	420.22642	382.34899
Howe_048	0	0	946.40227	898.48739	677.43396	873.42282
Howe_048	0	1	1876.48725	893.04202	1552.30189	871.61074
Howe_048	1	0	849.62890	839.49580	681.90566	829.93289
Howe_048	1	1	588.55241	888.50420	404.77358	881.57718
Howe_048	2	0	1686.11898	873.07563	1568.60377	866.17450
Howe_048	2	1	1245.55241	791.39496	1130.26415	793.69128
Howe_048	3	0	1243.73938	1049.14286	864.00000	1038.32215
Howe_048	3	1	418.81020	1027.36134	16.30189	1036.51007
Howe_048	4	0	804.98584	943.86555	561.50943	927.78523
Howe_048	4	1	574.73088	942.05042	335.09434	924.16107
Howe_048	5	0	833.99433	789.57983	630.33962	777.38255
Howe_048	5	1	1620.84986	793.21008	1344.00000	782.81879
Howe_048	6	0	635.46742	535.37815	650.22642	530.55705
Howe_048	6	1	400.67989	596.18487	430.15094	586.73154
Howe_050	0	0	1909.12181	584.47059	1546.86792	576.24161
Howe_050	0	1	1740.50992	598.99160	1420.07547	590.73826
Howe_050	1	0	1376.09065	376.51261	1195.11321	365.05369
Howe_050	1	1	1574.61756	302.09244	1386.20755	292.57047
Howe_050	2	0	845.00850	550.80672	656.60377	529.11409
Howe_050	2	1	708.12465	553.52941	531.62264	526.39597
Howe_050	3	0	1261.55241	527.32773	1070.88679	516.36242
Howe_050	3	1	1354.01700	513.71429	1169.60377	506.39597
Howe_050	4	0	1420.19263	510.99160	1160.54717	500.95973
Howe_050	4	1	1530.78754	494.65546	1274.66038	475.59060
Howe_050	5	0	1720.56657	604.43697	1371.16981	599.79866
Howe_050	5	1	1533.82436	593.54622	1228.07547	585.30201
Howe_050	6	0	1350.70822	579.02521	1079.54717	574.42953
Howe_050	6	1	1231.04816	582.65546	992.60377	568.99329
Howe_050	7	0	418.81020	658.89076	280.75472	621.54362
Howe_050	7	1	97.90368	649.81513	12.67925	607.04698
Howe_050	8	0	901.07649	648.00000	489.05660	623.35570
Howe_050	8	1	634.56091	736.94118	172.07547	708.52349
Howe_050	9	0	844.87252	713.34454	583.24528	690.40268
Howe_050	9	1	369.85836	687.93277	181.13208	646.91275
Howe_050	10	0	1402.66572	436.96639	1255.60377	427.77181
Howe_050	10	1	1218.64306	407.92437	1056.35849	388.81208
Howe_050	11	0	814.33711	438.78151	740.28302	415.99329
Howe_050	11	1	625.78187	441.50420	551.00000	422.33557
Howe_050	12	0	1129.51841	684.30252	581.43396	659.59732
Howe_050	12	1	627.30878	874.89076	10.86792	886.10738
Howe_050	13	0	650.87819	702.45378	427.47170	670.46980
Howe_050	13	1	371.67139	695.19328	105.05660	652.34899
Howe_050	14	0	1386.96884	956.57143	331.47170	956.77852
Howe_050	14	1	1849.29178	758.72269	851.32075	721.20805
Howe_050	15	0	342.66289	760.53782	108.67925	717.58389
Howe_050	15	1	531.21813	718.78992	322.41509	694.02685
Howe_050	16	0	1269.12181	549.98319	690.11321	529.12752
Howe_050	16	1	1591.84136	473.74790	979.92453	463.89262
Howe_050	17	0	1379.71671	702.45378	931.01887	688.59060
Howe_050	17	1	1562.83286	566.31933	1103.09434	552.68456
Howe_050	18	0	1060.62323	624.40336	583.24528	597.98658
Howe_050	18	1	879.32011	575.39496	289.81132	543.62416
Howe_050	19	0	971.78470	490.08403	548.83019	467.51678
Howe_050	19	1	788.66856	491.89916	364.07547	458.45638
Howe_050	20	0	1171.21813	549.98319	681.05660	530.93960
Howe_050	20	1	988.10198	421.10924	478.18868	400.46980
Howe_050	21	0	1196.60057	206.92437	652.07547	192.08054
Howe_050	21	1	955.46742	286.78992	472.75472	260.93960
Howe_050	22	0	1238.30028	455.59664	791.54717	440.33557
Howe_050	22	1	1084.19263	433.81513	670.18868	413.15436
Howe_050	23	0	1020.73654	346.68908	659.32075	324.36242
Howe_050	23	1	863.00283	297.68067	537.96226	266.37584
Howe_050	24	0	1637.16714	377.54622	1302.33962	367.85235
Howe_050	24	1	1508.44193	350.31933	1162.86792	337.04698
Howe_050	25	0	1298.04533	701.10924	903.67925	679.36913
Howe_050	25	1	1453.96601	702.01681	1056.73585	700.20805
Howe_050	26	0	754.22096	851.29412	148.52830	838.99329
Howe_050	26	1	919.20680	887.59664	358.64151	873.42282
Howe_050	27	0	1040.67989	771.42857	463.69811	742.95302
Howe_050	27	1	795.92068	860.36975	148.52830	858.92617
Howe_050	28	0	1221.98300	756.90756	800.60377	732.08054
Howe_050	28	1	1778.58357	831.32773	1229.88679	808.18792
Howe_050	29	0	1028.22096	430.15966	855.35849	411.18792
Howe_050	29	1	919.43909	435.60504	749.39623	415.71812
Howe_050	30	0	810.65722	462.83193	614.45283	439.27517
Howe_050	30	1	717.28612	461.01681	537.47170	439.27517
Howe_050	31	0	695.52975	420.17647	426.07547	386.72483
Howe_050	31	1	570.43059	443.77311	311.96226	409.37584
Howe_050	32	0	691.90368	523.63866	502.15094	496.35570
Howe_050	32	1	579.49575	504.57983	390.75472	476.42282
Howe_050	33	0	460.50992	533.64706	202.86792	498.32215
Howe_050	33	1	328.15864	526.38655	61.58491	491.07383
Howe_050	34	0	397.05382	522.75630	192.00000	485.63758
Howe_050	34	1	498.58357	562.68908	297.05660	527.31544
Howe_050	35	0	1791.27479	298.58824	1641.60377	286.59732
Howe_050	35	1	1534.73088	366.65546	1408.84906	351.83221
Howe_050	36	0	1580.96317	317.64706	1397.07547	303.81208
Howe_050	36	1	1328.04533	346.68908	1157.98113	326.46309
Howe_050	37	0	1648.04533	435.63025	717.28302	433.08725
Howe_050	37	1	1348.89518	459.22689	496.30189	445.77181
Howe_050	38	0	1890.99150	568.13445	1289.66038	558.12081
Howe_050	38	1	1666.17564	609.88235	1099.47170	599.79866
Howe_050	39	0	1889.17847	230.52101	1421.88679	239.19463
Howe_050	39	1	1640.79320	219.63025	1248.00000	208.38926
Howe_050	40	0	522.15297	680.67227	472.75472	650.53691
Howe_050	40	1	400.67989	655.26050	360.45283	617.91946
Howe_050	41	0	1512.06799	709.71429	1151.49057	696.87919
Howe_050	41	1	1666.17564	724.23529	1257.45283	721.34228
Howe_050	42	0	500.39660	740.57143	219.16981	706.71141
Howe_050	42	1	645.43909	749.64706	384.00000	719.39597
Howe_050	43	0	465.94901	758.72269	172.07547	724.83221
Howe_050	43	1	322.71955	805.91597	23.54717	761.07383
Howe_050	44	0	997.16714	388.43697	643.01887	364.22819
Howe_050	44	1	1142.20963	330.35294	800.60377	315.30201
Howe_050	45	0	1078.75354	234.15126	711.84906	208.38926
Howe_050	45	1	908.32861	216.00000	547.01887	188.45638
Howe_051	0	0	826.74221	216.00000	431.09434	188.45638
Howe_051	0	1	475.01416	105.27731	9.05660	45.30201
Howe_051	1	0	1470.36827	540.90756	806.03774	516.44295
Howe_051	1	1	1764.07932	531.83193	1084.98113	536.37584
Howe_051	2	0	619.64873	296.00840	416.60377	271.81208
Howe_051	2	1	473.69972	288.74790	233.66038	280.87248
Howe_051	3	0	701.64306	780.50420	380.37736	753.82550
Howe_051	3	1	518.52691	804.10084	193.81132	768.32215
Howe_051	4	0	1033.42776	827.69748	762.56604	813.62416
Howe_051	4	1	933.71105	813.17647	684.67925	790.06711
Howe_051	5	0	1026.69405	932.97479	616.05660	928.69128
Howe_051	5	1	922.44476	942.95798	487.45283	925.97315
Howe_051	6	0	1773.14448	292.23529	1295.09434	288.12081
Howe_051	6	1	1912.74788	186.95798	1438.18868	199.32886
Howe_051	7	0	947.07365	321.41176	897.47170	304.09396
Howe_051	7	1	1147.41360	335.93277	1095.81132	321.30872
Howe_051	8	0	951.60623	372.23529	847.66038	361.17450
Howe_051	8	1	1142.88102	379.49580	1053.24528	367.51678
Howe_051	9	0	1066.06232	825.88235	722.71698	810.00000
Howe_051	9	1	962.71955	873.07563	612.22642	853.48993
Howe_051	10	0	879.32011	962.01681	360.45283	942.28188
Howe_051	10	1	621.86969	987.42857	88.75472	967.65101
Howe_051	11	0	1778.58357	931.15966	1197.28302	900.60403
Howe_051	11	1	1510.25496	909.37815	947.32075	895.16779
Howe_051	12	0	1392.40793	350.31933	1041.50943	342.48322
Howe_051	12	1	1532.01133	366.65546	1168.30189	358.79195
Howe_051	13	0	1695.18414	455.59664	1229.88679	449.39597
Howe_051	13	1	1847.47875	439.26050	1378.41509	431.27517
Howe_051	14	0	1136.77054	446.52101	854.94340	431.27517
Howe_051	14	1	1263.68272	422.92437	958.18868	405.90604
Howe_051	15	0	1541.07649	473.74790	1101.28302	460.26846
Howe_051	15	1	1682.49292	373.91597	1213.58491	380.53691
Howe_051	16	0	1450.42493	412.03361	1052.37736	407.71812
Howe_051	16	1	1570.08499	312.20168	1150.18868	308.05369
Howe_051	17	0	1408.72521	802.28571	931.01887	781.00671
Howe_051	17	1	1744.13598	972.90756	1215.39623	953.15436
Howe_051	18	0	1051.55807	631.66387	706.41509	617.91946
Howe_051	18	1	1234.67422	555.42857	891.16981	543.62416
Howe_051	19	0	1510.25496	499.15966	1300.52830	491.07383
Howe_051	19	1	1916.37394	442.89076	1671.84906	445.77181
Howe_051	20	0	870.25496	851.29412	568.75472	835.36913
Howe_051	20	1	746.96884	858.55462	454.64151	838.99329
Howe_051	21	0	1629.91501	949.31092	1240.75472	953.15436
Howe_051	21	1	1898.24363	1052.77311	1429.13208	1029.26174
Howe_051	22	0	1776.77054	963.83193	1349.43396	953.15436
Howe_051	22	1	1914.56091	1005.57983	1494.33962	987.58389
Howe_051	23	0	1102.32295	555.42857	688.30189	534.56376
Howe_051	23	1	1216.54391	506.42017	825.96226	483.82550
Howe_051	24	0	1258.24363	749.64706	827.77358	739.32886
Howe_051	24	1	1091.44476	597.17647	644.83019	583.48993
Howe_051	25	0	1475.80737	778.68908	753.50943	762.88591
Howe_051	25	1	1834.78754	618.95798	1070.49057	614.29530
Howe_051	26	0	1361.58640	640.73950	1094.03774	625.16779
Howe_051	26	1	1486.68555	568.13445	1204.52830	563.55705
Howe_051	27	0	835.15864	354.23529	637.58491	336.88591
Howe_051	27	1	563.20397	294.33613	336.00000	274.36913
Howe_051	28	0	1183.87819	871.26050	857.00000	856.22819
Howe_051	28	1	533.03116	802.28571	236.62264	766.53020
Howe_051	29	0	709.96034	931.15966	235.47170	908.75839
Howe_051	29	1	952.00000	972.00000	446.49057	955.87248
Howe_051	30	0	1599.09348	410.21849	1197.28302	395.03356
Howe_051	30	1	748.78187	515.49580	353.20755	503.75839
Howe_058	0	0	982.51479	741.31579	680.24852	734.63158
Howe_058	0	1	1089.02367	651.07895	816.57988	642.26316
Howe_058	1	0	844.74556	616.97368	694.39053	609.71053
Howe_058	1	1	607.58580	630.47368	460.78107	619.65789
Howe_058	2	0	652.36686	586.63158	412.35503	578.21053
Howe_058	2	1	503.96450	608.65789	249.75148	602.36842
Howe_058	3	0	676.02367	160.39474	94.43787	116.00000
Howe_058	3	1	847.85799	190.23684	320.94675	164.31579
Howe_058	4	0	650.41420	247.26316	79.52663	216.00000
Howe_058	4	1	812.43195	272.36842	268.40237	245.92105
Howe_058	5	0	832.31361	348.39474	308.87574	328.34211
Howe_058	5	1	980.00592	349.10526	443.78698	332.60526
Howe_058	6	0	1165.76923	392.76316	582.10651	380.76316
Howe_058	6	1	1329.08284	448.18421	739.02959	440.44737
Howe_058	7	0	1502.82249	344.02632	877.00000	341.07895
Howe_058	7	1	1686.72781	376.00000	1033.92308	383.71053
Howe_058	8	0	731.21893	108.00000	171.83432	71.34211
Howe_058	8	1	881.75148	93.07895	312.42604	58.55263
Howe_058	9	0	963.61538	45.47368	396.91716	19.18421
Howe_058	9	1	1114.14793	38.36842	548.15976	24.15789
Howe_058	10	0	560.10651	461.26316	376.84024	453.15789
Howe_058	10	1	645.31361	438.52632	473.40828	430.42105
Howe_058	11	0	1327.60947	686.36842	1072.84615	693.92105
Howe_058	11	1	658.11834	728.84211	254.40828	713.15789
Howe_058	12	0	938.05325	765.15789	583.84024	757.05263
Howe_058	12	1	1726.05917	685.55263	1427.10059	677.02632
Howe_058	13	0	886.84024	746.52632	595.30178	734.21053
Howe_058	13	1	642.57988	808.34211	270.09467	796.02632
Howe_058	14	0	761.86982	725.92105	478.85207	717.86842
Howe_058	14	1	451.39053	777.71053	113.46746	761.81579
Howe_058	15	0	1580.02959	747.26316	1281.86982	747.00000
Howe_058	15	1	1354.94083	740.86842	1075.24260	742.73684
Howe_058	16	0	1714.54438	638.84211	1571.89941	655.13158
Howe_058	16	1	1407.08876	607.57895	1280.06509	612.50000
Howe_058	17	0	1398.77515	1038.07895	722.81657	1034.52632
Howe_058	17	1	1830.53254	1012.50000	1192.49112	979.10526
Howe_058	18	0	1885.20710	701.68421	1675.00592	713.65789
Howe_058	18	1	1638.10651	671.84211	1447.07692	680.97368
Howe_060	0	0	1303.82840	739.73684	1033.99408	760.94737
Howe_060	0	1	1451.04734	742.10526	1176.95266	761.42105
Howe_060	1	0	1027.47929	739.21053	759.37278	761.63158
Howe_060	1	1	1904.85207	772.42105	1463.02959	800.52632
Howe_060	2	0	1055.75148	684.15789	836.37278	707.36842
Howe_060	2	1	1701.94675	694.73684	1401.15385	722.73684
Howe_060	3	0	1622.23077	613.57895	1079.71598	626.26316
Howe_060	3	1	1450.86982	569.05263	950.48521	580.31579
Howe_060	4	0	1384.89941	532.10526	836.69231	544.15789
Howe_060	4	1	1224.42604	498.94737	724.97633	516.21053
Howe_060	5	0	1596.55030	506.42105	1041.85799	523.68421
Howe_060	5	1	1406.72781	500.73684	913.57396	518.00000
Howe_060	6	0	1055.88757	550.94737	950.08876	573.52632
Howe_060	6	1	1753.10651	448.42105	1676.07692	471.57895
Howe_060	7	0	1059.62722	884.47368	621.05325	902.78947
Howe_060	7	1	682.73373	877.10526	195.47929	907.84211
Howe_060	8	0	1458.93491	967.84211	919.27811	984.31579
Howe_060	8	1	1911.47929	1078.57895	1247.74556	1075.26316
Howe_060	9	0	1063.92308	737.73684	803.08284	760.26316
Howe_060	9	1	1242.85799	698.42105	1008.05325	724.73684
Howe_060	10	0	1140.13609	767.57895	840.63314	793.78947
Howe_060	10	1	1417.20710	758.36842	1109.97041	783.73684
Howe_060	11	0	1326.79290	767.84211	1047.95858	791.31579
Howe_060	11	1	1572.72781	754.10526	1284.23669	778.47368
Howe_060	12	0	1099.98225	615.31579	962.98817	638.15789
Howe_060	12	1	1242.46746	626.68421	1100.73964	651.89474
Howe_060	13	0	1126.06509	591.68421	1020.88757	616.78947
Howe_060	13	1	1011.50888	588.84211	896.28402	610.57895
Howe_060	14	0	1344.56805	709.84211	1110.07101	732.94737
Howe_060	14	1	1534.86391	705.57895	1322.14201	732.47368
Howe_061	0	0	1707.95383	585.55597	1549.16789	609.02239
Howe_061	0	1	1843.44176	546.26493	1698.75866	571.74627
Howe_061	1	0	685.99790	470.67537	582.67051	463.13433
Howe_061	1	1	571.16055	431.38433	463.80378	423.33955
Howe_061	2	0	1033.98006	312.41418	873.53830	314.87313
Howe_061	2	1	933.74921	360.26866	788.41763	359.70522
Howe_061	3	0	360.69675	1022.07090	242.59811	985.29851
Howe_061	3	1	562.16579	997.89179	432.98636	974.21642
Howe_061	4	0	1203.68835	707.45896	656.78909	699.17910
Howe_061	4	1	861.19098	774.95896	320.33578	773.73134
Howe_061	5	0	858.34103	1067.91045	538.13851	1068.41418
Howe_061	5	1	1232.29591	1057.33209	883.98321	1060.35448
Howe_061	6	0	735.83316	621.70149	574.25184	612.48881
Howe_061	6	1	559.54774	673.08209	361.70199	658.83209
Howe_061	7	0	915.14166	765.35448	774.24134	762.64552
Howe_061	7	1	1020.91291	730.59701	895.12277	727.38433
Howe_061	8	0	1162.94858	748.73134	1094.59706	760.00746
Howe_061	8	1	1064.22875	725.55970	992.85519	732.30224
Howe_061	9	0	966.51626	793.56343	885.06925	796.27612
Howe_061	9	1	855.70829	788.52612	778.55719	783.85821
Howe_061	10	0	732.81217	826.80970	608.31584	814.08209
Howe_061	10	1	858.22665	805.14925	729.70094	796.95522
Howe_061	11	0	570.56768	863.42164	418.84365	839.95522
Howe_061	11	1	425.50997	881.55597	252.63169	854.05970
Howe_061	12	0	937.41763	680.75746	773.63799	678.59328
Howe_061	12	1	1077.43861	643.48134	913.65897	641.31716
Howe_061	13	0	887.12382	751.47388	723.30010	744.91045
Howe_061	13	1	1005.99056	715.70896	839.14481	716.70149
Howe_061	14	0	1031.65163	707.99254	926.47114	710.98507
Howe_061	14	1	1097.12907	690.86567	987.17838	694.98507
Howe_061	15	0	872.49108	724.61567	752.84050	718.12687
Howe_061	15	1	948.04197	699.93284	826.88038	696.46642
Howe_061	16	0	986.88458	645.64552	917.09759	645.57090
Howe_061	16	1	1041.78489	621.46642	973.00525	623.91045
Howe_061	17	0	629.24449	684.34701	396.89402	664.92537
Howe_061	17	1	372.85939	599.02239	161.17524	575.39179
Howe_061	18	0	777.10178	795.89179	691.35887	786.98881
Howe_061	18	1	941.29906	701.19030	844.47534	698.33209
Howe_061	19	0	723.16474	668.00000	286.34418	656.04478
Howe_061	19	1	1138.24029	619.46642	774.39140	618.48881
Howe_061	20	0	1273.22455	529.29851	1129.95383	535.01493
Howe_061	20	1	1077.79958	525.77239	903.30115	529.47388
Howe_061	21	0	911.78804	753.72388	778.58552	751.01493
Howe_061	21	1	737.51731	780.42164	596.25603	769.65299
Howe_061	22	0	717.64218	711.71269	659.21196	700.49627
Howe_061	22	1	880.83211	669.39925	814.84680	664.73134
Howe_061	23	0	1657.49738	580.27985	1398.19517	596.41791
Howe_061	23	1	588.31165	875.76493	116.85205	870.44776
Howe_062	0	0	913.64008	832.14552	638.24764	852.88806
Howe_062	0	1	679.43232	818.04104	388.42602	836.76866
Howe_062	1	0	1891.29066	957.08955	1607.13012	991.34328
Howe_062	1	1	1692.33998	947.51866	1450.99161	978.75000
Howe_062	2	0	413.48059	763.50373	175.27807	778.49627
Howe_062	2	1	678.91605	750.91045	461.86779	766.91045
Howe_062	3	0	1003.53410	610.91791	803.36936	630.71269
Howe_062	3	1	851.42497	520.24627	683.49528	541.55224
Howe_062	4	0	968.08709	832.63433	721.44386	856.27985
Howe_062	4	1	1199.77650	910.20896	926.43861	924.28358
Howe_062	5	0	647.55404	846.51866	412.81112	866.35448
Howe_062	5	1	843.48269	865.66045	609.24344	879.45149
Howe_062	6	0	778.39140	476.52612	654.87303	498.60075
Howe_062	6	1	678.16055	445.79851	554.13851	467.87313
Howe_062	7	0	826.42078	507.05970	658.57503	526.00746
Howe_062	7	1	656.17943	475.32463	506.96957	494.27239
Howe_062	8	0	1188.18888	698.08209	927.19622	717.11940
Howe_062	8	1	1024.99895	642.16791	798.25603	663.22015
Howe_062	9	0	1430.22665	534.87313	1300.13851	557.43657
Howe_062	9	1	1561.18153	587.26119	1441.16684	609.82463
Howe_062	10	0	1561.81742	729.02985	1423.67471	761.78358
Howe_062	10	1	1413.23400	743.63806	1270.55824	776.39179
Howe_062	11	0	791.29171	701.77985	462.59706	717.01493
Howe_062	11	1	594.85939	623.19776	297.89612	641.95896
Howe_062	12	0	1340.93599	635.60075	1188.01679	658.01493
Howe_062	12	1	1452.75131	602.85821	1311.92025	626.27985
Howe_062	13	0	1367.05247	400.10448	1059.77020	413.97761
Howe_062	13	1	1097.08395	290.29104	832.11018	305.67537
Howe_062	14	0	1359.91605	576.26866	777.67051	586.34328
Howe_062	14	1	938.84575	396.94030	465.39349	405.00000
Howe_062	15	0	515.76076	614.55224	155.13116	634.70149
Howe_062	15	1	777.67051	421.11940	467.40818	433.20896
Howe_062	16	0	777.67051	745.52239	521.80483	763.65672
Howe_062	16	1	525.83421	630.67164	304.21826	638.73134
Howe_062	17	0	902.32634	738.75000	659.95488	758.03731
Howe_062	17	1	1086.67051	661.17537	874.51941	677.94403
Howe_062	18	0	1042.27072	677.67910	620.52466	689.10448
Howe_062	18	1	1265.39769	551.74627	904.59601	566.19403
Howe_063	0	0	1130.71983	701.38060	890.49318	699.17910
Howe_063	0	1	1468.47639	730.47761	1200.75551	705.22388
Howe_063	1	0	775.63694	404.02985	147.07240	402.98507
Howe_063	1	1	1134.31480	376.59701	676.93599	384.85075
Howe_063	2	0	982.20147	689.35075	707.15635	697.16418
Howe_063	2	1	1268.28751	550.32090	975.11018	548.05970
Howe_063	3	0	1209.99580	729.91791	785.72928	743.50746
Howe_063	3	1	1705.08185	682.52612	1142.89087	682.79104
Howe_063	4	0	918.86988	623.09701	707.43232	627.14179
Howe_063	4	1	1151.06296	596.90299	942.14376	598.42910
Howe_063	5	0	1290.12802	584.23881	956.97796	578.28358
Howe_063	5	1	1768.05247	523.73134	1362.77754	526.57090
Howe_063	6	0	1580.52466	594.69776	1321.17524	595.20149
Howe_063	6	1	1885.24659	498.20149	1603.73557	493.95149
Howe_064	0	0	767.60947	211.71053	584.91716	192.07895
Howe_064	0	1	1012.57988	213.84211	856.92308	197.50000
Howe_064	1	0	550.82840	728.10526	474.51479	696.94737
Howe_064	1	1	414.90533	766.36842	354.98817	722.21053
Howe_064	2	0	1611.49112	825.21053	1370.33728	847.31579
Howe_064	2	1	1759.18343	871.15789	1497.20118	857.26316
Howe_064	3	0	445.03550	649.21053	96.09467	615.78947
Howe_064	3	1	699.23077	676.94737	386.58580	651.00000
Howe_064	4	0	1359.55621	854.47368	1146.60355	851.10526
Howe_064	4	1	1449.49704	881.94737	1222.81657	880.47368
Howe_064	5	0	1639.55030	799.92105	1404.06509	801.21053
Howe_064	5	1	1439.31361	750.18421	1222.28994	747.21053
Howe_064	6	0	1479.54438	665.76316	1291.39053	665.02632
Howe_064	6	1	1769.95858	599.68421	1549.14201	602.50000
Howe_064	7	0	1106.91716	630.13158	928.50888	619.21053
Howe_064	7	1	1357.56805	519.28947	1171.34911	502.68421
Howe_064	8	0	1523.05917	817.68421	1228.36686	809.36842
Howe_064	8	1	1675.88166	837.15789	1357.12426	835.42105
Howe_064	9	0	1017.57988	833.42105	798.54438	813.31579
Howe_064	9	1	1146.10059	852.60526	937.71598	840.31579
Howe_064	10	0	1112.97041	940.02632	762.89349	921.73684
Howe_064	10	1	880.07101	998.28947	518.63314	977.15789
Howe_064	11	0	1159.37278	533.78947	948.82840	519.84211
Howe_064	11	1	1489.30769	519.78947	1248.26627	512.84211
Howe_064	12	0	1010.89941	609.39474	809.57988	592.50000
Howe_064	12	1	1210.42604	604.42105	1028.98817	592.50000
Howe_064	13	0	1178.74556	580.36842	974.77515	567.02632
Howe_064	13	1	1426.55621	613.76316	1223.29586	611.78947
Howe_064	14	0	1353.44970	586.68421	1020.57396	570.89474
Howe_064	14	1	1771.17751	552.31579	1407.65089	546.68421
Howe_064	15	0	1233.26627	883.26316	979.59763	873.86842
Howe_064	15	1	1099.77515	874.73684	865.98817	861.78947
Howe_064	16	0	1420.89941	341.57895	777.25444	320.31579
Howe_064	16	1	1077.62130	178.15789	523.69822	158.10526
Howe_064	17	0	881.17160	654.89474	603.87574	632.21053
Howe_064	17	1	1072.17751	600.18421	833.22485	588.15789
Howe_064	18	0	281.82840	809.05263	2.13018	769.50000
Howe_064	18	1	516.14793	712.42105	247.81065	681.39474
Howe_064	19	0	908.86391	452.84211	888.71598	438.42105
Howe_064	19	1	1117.62130	488.36842	1096.05325	477.50000
Howe_064	20	0	956.04142	597.07895	871.43787	580.28947
Howe_064	20	1	1104.44379	558.71053	1020.55030	540.50000
Howe_064	21	0	474.03550	506.42105	280.64497	478.94737
Howe_064	21	1	1397.36095	515.73684	1305.64497	512.36842
Howe_064	22	0	1600.66272	723.15789	745.42604	698.21053
Howe_064	22	1	1310.79882	575.15789	548.26627	550.15789
Howe_064	23	0	1332.38462	564.94737	1218.46746	557.13158
Howe_064	23	1	1494.27811	537.23684	1375.39053	530.13158
Howe_064	24	0	1559.00592	841.63158	1261.23077	830.42105
Howe_064	24	1	808.41420	807.89474	559.26627	755.89474
Howe_064	25	0	840.67456	143.55263	480.22485	110.84211
Howe_064	25	1	1047.30178	218.15789	691.82249	196.10526
Howe_064	26	0	618.75740	401.92105	402.35503	379.50000
Howe_064	26	1	756.50888	421.10526	520.93491	397.26316
Howe_064	27	0	1033.00592	552.86842	635.94675	537.10526
Howe_064	27	1	1233.24260	583.42105	772.27811	566.94737
Howe_064	28	0	987.56213	685.73684	641.62722	665.00000
Howe_064	28	1	1191.34911	675.07895	830.50296	659.31579
Howe_064	29	0	1379.39053	473.94737	857.07101	460.26316
Howe_064	29	1	1767.95266	472.94737	1127.60355	463.81579
Howe_064	30	0	1091.70414	712.63158	715.51479	689.81579
Howe_064	30	1	982.35503	602.50000	582.73373	574.71053
Howe_064	31	0	1134.37278	742.89474	687.27219	725.07895
Howe_064	31	1	1316.14793	675.39474	906.68047	657.57895
Howe_064	32	0	1010.59763	629.39474	715.59172	611.52632
Howe_064	32	1	1200.18343	654.26316	876.06509	637.81579
Howe_064	33	0	770.20710	217.42105	465.06509	191.73684
Howe_064	33	1	966.89349	293.44737	737.01775	276.28947
Howe_064	34	0	702.75148	390.78947	475.71598	371.50000
Howe_064	34	1	913.63905	407.84211	742.69822	387.13158
Howe_064	35	0	1121.23669	296.76316	966.61538	281.28947
Howe_064	35	1	1291.65089	352.89474	1152.65089	342.39474
Howe_064	36	0	873.92308	498.36842	731.52663	482.89474
Howe_064	36	1	1037.23669	498.36842	911.17160	488.57895
Howe_064	37	0	820.66864	459.28947	739.33728	444.52632
Howe_064	37	1	979.01183	474.92105	902.65089	471.52632
Howe_064	38	0	933.56805	533.18421	848.68639	516.28947
Howe_064	38	1	1079.30769	576.76316	993.53846	561.76316
Howe_064	39	0	1147.45562	193.26316	522.23669	163.39474
Howe_064	39	1	1760.94675	181.89474	1005.68047	190.89474
Howe_065	0	0	1220.13598	864.00000	775.24528	847.14765
Howe_065	0	1	1358.83286	859.46218	934.64151	846.24161
Howe_065	1	0	1176.15297	928.43697	715.45283	915.10067
Howe_065	1	1	1295.81303	943.86555	823.22642	933.22148
Howe_065	2	0	1376.20963	587.22689	1083.39623	579.06711
Howe_065	2	1	1464.14164	634.42017	1155.84906	628.89933
Howe_065	3	0	1478.52691	911.19328	905.43396	891.54362
Howe_065	3	1	1667.08215	873.07563	1080.22642	857.11409
Howe_065	4	0	1192.06799	828.60504	789.50943	816.34228
Howe_065	4	1	1376.99717	818.62185	970.64151	810.90604
Howe_065	5	0	1106.31445	441.91597	1004.83019	430.88591
Howe_065	5	1	1236.85269	441.00840	1146.11321	429.07383
Howe_065	6	0	1198.41360	499.15966	1063.24528	489.26174
Howe_065	6	1	1586.40227	504.60504	1472.60377	507.38255
Howe_065	7	0	1009.85836	829.51261	610.41509	810.00000
Howe_065	7	1	1477.62040	765.98319	1059.62264	757.44966
Howe_065	8	0	982.29178	324.45378	957.01887	308.28859
Howe_065	8	1	900.70538	337.15966	872.79245	324.59732
Howe_065	9	0	1093.25779	553.61345	796.98113	547.24832
Howe_065	9	1	1709.68839	439.26050	1403.77358	436.71141
Howe_065	10	0	1309.00850	346.68908	1106.71698	329.79866
Howe_065	10	1	1524.75921	277.71429	1338.56604	270.00000
Howe_065	11	0	649.06516	598.99160	440.15094	574.42953
Howe_065	11	1	906.51558	595.36134	695.54717	572.61745
Howe_065	12	0	491.33144	464.67227	371.32075	447.58389
Howe_065	12	1	736.09065	462.85714	624.90566	443.95973
Howe_065	13	0	911.95467	539.09244	699.16981	516.44295
Howe_065	13	1	1629.91501	393.88235	1468.98113	393.22148
Howe_065	14	0	745.15581	530.01681	608.60377	518.25503
Howe_065	14	1	1334.39093	471.93277	1130.26415	469.32886
Howe_065	15	0	1076.94051	706.08403	768.00000	688.59060
Howe_065	15	1	424.24929	858.55462	23.54717	811.81208
Howe_065	16	0	420.62323	702.45378	114.11321	674.09396
Howe_065	16	1	772.35127	720.60504	467.32075	703.08725
Howe_065	17	0	1274.56091	546.35294	1003.47170	532.75168
Howe_065	17	1	1671.61473	510.05042	1398.33962	516.44295
Howe_065	18	0	1147.64873	932.97479	635.77358	909.66443
Howe_065	18	1	1678.86686	927.52941	1059.62264	907.85235
Howe_065	19	0	1056.99717	486.45378	891.16981	471.14094
Howe_065	19	1	1196.60057	428.36975	1027.01887	422.21477
Howe_065	20	0	1149.66572	331.26050	1065.09434	320.73826
Howe_065	20	1	1253.00850	246.85714	1163.81132	236.47651
Howe_065	21	0	1183.90935	310.38655	1007.09434	298.99329
Howe_065	21	1	1332.57790	226.89076	1152.00000	212.01342
Howe_065	22	0	797.73371	546.35294	592.30189	527.31544
Howe_065	22	1	897.45042	437.44538	672.00000	416.77852
Howe_066	0	0	452.24554	739.47388	209.90661	701.84328
Howe_066	0	1	534.34418	783.29851	275.88772	748.69030
Howe_066	1	0	1259.53515	850.22388	1057.11962	843.03731
Howe_066	1	1	1341.13012	878.93657	1124.10808	874.26866
Howe_066	2	0	1460.30745	871.39179	1101.53200	861.08209
Howe_066	2	1	1681.41973	864.33955	1308.54145	847.98507
Howe_066	3	0	925.98321	452.43657	886.07135	441.94776
Howe_066	3	1	489.08709	463.47388	465.00210	443.74254
Howe_066	4	0	963.83736	519.69776	839.57188	501.02985
Howe_066	4	1	1210.13326	467.81343	1089.89717	458.71642
Howe_066	5	0	793.15950	647.91045	461.36411	614.55224
Howe_066	5	1	580.60965	539.60821	277.46905	502.45149
Howe_066	6	0	1388.62434	534.14552	1190.50577	527.86567
Howe_066	6	1	1691.83526	530.11567	1448.92025	529.50373
Howe_066	7	0	1888.26863	548.70896	1721.25498	555.06716
Howe_066	7	1	1764.36516	541.65672	1588.78909	544.48881
Howe_066	8	0	1251.87198	565.77239	1061.29486	556.82463
Howe_066	8	1	1025.21931	514.89552	843.70829	498.89552
Howe_066	9	0	981.98321	569.66045	849.69255	553.43657
Howe_066	9	1	778.49948	509.21269	665.85205	489.46269
Howe_066	10	0	1460.60756	309.58582	1398.33998	296.54851
Howe_066	10	1	1242.01364	277.34701	1167.65792	260.78358
Howe_066	11	0	777.07135	922.63806	471.43757	896.64179
Howe_066	11	1	390.14586	896.57836	115.34103	849.92537
Howe_066	12	0	822.22246	938.95522	478.85100	916.82836
Howe_066	12	1	628.30850	949.53358	261.26443	922.36940
Howe_066	13	0	1640.46170	949.02985	1320.80693	946.16418
Howe_066	13	1	1896.83106	997.89179	1523.78699	996.53731
Howe_066	14	0	1484.92865	811.46642	1224.16055	808.76866
Howe_066	14	1	1793.07450	898.80224	1470.96013	898.43284
Howe_066	15	0	1170.41763	513.97761	866.57922	500.47015
Howe_066	15	1	1356.77650	512.46642	999.04512	502.48507
Howe_066	16	0	931.92130	611.21642	516.80693	585.86567
Howe_066	16	1	1132.88667	557.31716	734.39349	539.01866
Howe_066	17	0	1093.14586	671.26119	648.76915	651.35075
Howe_066	17	1	1340.44911	586.13060	891.67051	571.63060
Howe_066	18	0	1230.14481	719.11567	858.31584	702.57090
Howe_066	18	1	1437.70514	674.43657	1036.11228	664.28731
Howe_066	19	0	1021.94753	727.72761	707.13431	711.08955
Howe_066	19	1	1182.61910	703.04478	821.46800	653.66418
Howe_066	20	0	1416.95068	667.05224	1082.53515	661.46642
Howe_066	20	1	1647.12907	702.81716	1248.24344	695.21642
Howe_066	21	0	1428.81847	786.95522	1013.50577	773.66791
Howe_066	21	1	1647.41238	786.45149	1150.50472	772.15672
Howe_066	22	0	1287.29696	582.64925	857.48059	569.06716
Howe_066	22	1	1541.65163	587.18284	1016.13746	576.11940
Howe_066	23	0	1067.48374	273.37687	844.96537	255.93284
Howe_066	23	1	1273.98951	253.22761	1056.00420	238.80597
Howe_066	24	0	1257.27177	501.43284	483.52571	475.52239
Howe_066	24	1	1639.05561	590.59328	958.99265	580.29851
Howe_066	25	0	870.17838	669.12687	581.37671	642.91791
Howe_066	25	1	526.11228	558.05970	80.08395	517.19776
Howe_066	26	0	1348.64113	355.70149	1205.37671	343.89552
Howe_066	26	1	1228.26338	387.43657	1095.07240	375.63060
Howe_066	27	0	1748.75131	894.62687	1273.28437	872.46269
Howe_066	27	1	670.89192	405.00000	402.93809	372.76119
Howe_067	0	0	1423.22946	896.67227	1194.56604	879.76510
Howe_067	0	1	1493.93768	903.02521	1257.96226	884.29530
Howe_067	1	0	1647.13881	893.94958	1468.07547	882.48322
Howe_067	1	1	1710.59490	912.10084	1526.94340	900.60403
Howe_067	2	0	1066.06232	972.90756	766.18868	962.21477
Howe_067	2	1	663.56941	860.36975	469.13208	849.86577
Howe_067	3	0	1367.02550	813.17647	1249.81132	815.43624
Howe_067	3	1	1887.36544	860.36975	1746.11321	842.61745
Howe_067	4	0	1628.10198	785.94958	1621.13208	781.00671
Howe_067	4	1	1194.78754	729.68067	1155.62264	724.83221
Howe_067	5	0	1468.55524	798.49580	1385.66038	789.16107
Howe_067	5	1	1813.93768	803.94118	1751.54717	793.69128
Howe_067	6	0	866.62890	914.82353	619.47170	900.60403
Howe_067	6	1	623.68272	909.37815	389.43396	898.79195
Howe_067	7	0	1414.16431	817.71429	1195.67925	802.18792
Howe_067	7	1	1600.00000	824.06723	1374.09434	816.68456
Howe_067	8	0	723.59773	760.78992	663.16981	748.37584
Howe_067	8	1	880.42493	736.28571	823.47170	725.72483
Howe_067	9	0	105.15581	618.95798	45.28302	621.54362
Howe_067	9	1	763.28612	564.50420	661.13208	558.12081
Howe_067	10	0	1305.38244	722.42017	1293.28302	712.14765
Howe_067	10	1	1669.80170	677.04202	1686.33962	672.28188
Howe_067	11	0	591.26629	739.28571	524.35849	729.61745
Howe_067	11	1	753.53258	792.83193	685.56604	778.54362
Howe_067	12	0	1249.17847	755.09244	1065.05660	750.20134
Howe_067	12	1	1903.68272	702.45378	1740.67925	688.59060
Howe_067	13	0	1916.37394	983.79832	1529.66038	950.43624
Howe_067	13	1	1468.55524	922.08403	1180.07547	898.79195
Howe_067	14	0	1570.99150	797.74790	1450.86792	790.97315
Howe_067	14	1	1809.40510	818.62185	1728.00000	815.43624
Howe_067	15	0	1627.19547	697.00840	1614.79245	685.87248
Howe_067	15	1	1422.32295	712.43697	1394.71698	702.18121
Howe_067	16	0	1308.39943	684.00840	1217.11321	666.77852
Howe_067	16	1	1535.93484	710.32773	1448.96226	705.73826
Howe_067	17	0	1869.23513	940.23529	1574.03774	913.28859
Howe_067	17	1	1444.98584	849.47899	1235.32075	828.12081
Howe_067	18	0	1064.24929	1016.47059	690.11321	1002.08054
Howe_067	18	1	696.20397	1040.06723	278.94340	1040.13423
Howe_067	19	0	1243.73938	809.54622	764.37736	793.69128
Howe_067	19	1	1408.72521	706.08403	934.64151	684.96644
Howe_067	20	0	1162.15297	729.68067	835.01887	712.14765
Howe_067	20	1	1301.75637	597.17647	985.35849	574.42953
Howe_067	21	0	1227.42210	746.01681	847.69811	733.89262
Howe_067	21	1	1341.64306	600.80672	983.54717	585.30201
Howe_067	22	0	1278.18697	582.65546	972.67925	565.36913
Howe_067	22	1	1394.22096	569.94958	1066.86792	552.68456
Howe_067	23	0	1318.91218	620.97479	974.50943	599.68456
Howe_067	23	1	1448.54391	585.57983	1060.54717	562.53691
Howe_067	24	0	10.87819	210.55462	72.45283	248.25503
Howe_067	24	1	382.54958	254.11765	394.86792	273.62416
Howe_067	25	0	199.43343	356.90756	258.11321	370.88591
Howe_067	25	1	506.74221	365.98319	529.81132	375.41611
Howe_067	26	0	134.16431	223.26050	182.94340	251.87919
Howe_067	26	1	480.45326	268.63866	481.81132	280.87248
Howe_067	27	0	319.09348	382.99160	322.41509	395.03356
Howe_067	27	1	621.86969	426.55462	599.54717	431.27517
Howe_071	0	0	1592.94334	901.27239	1322.17104	902.47388
Howe_071	0	1	1786.85729	942.57836	1501.98216	947.80970
Howe_071	1	0	967.71563	756.89552	753.49423	743.50746
Howe_071	1	1	1195.37566	741.78358	977.12487	743.50746
Howe_071	2	0	889.18153	767.60821	696.29171	756.94030
Howe_071	2	1	491.41448	707.75373	313.51312	693.78358
Howe_071	3	0	1376.49318	677.26119	1248.45750	677.14179
Howe_071	3	1	1151.35152	637.46642	1020.29381	631.30224
Howe_071	4	0	849.60546	678.52612	711.18573	668.95522
Howe_071	4	1	1122.59601	672.98507	973.31060	664.97761
Howe_071	5	0	847.50157	919.73507	431.14376	912.76119
Howe_071	5	1	542.35887	752.77612	80.58762	743.50746
Howe_071	6	0	1045.94753	577.55597	823.51626	568.33582
Howe_071	6	1	1262.52676	464.72015	983.18048	452.47761
Howe_071	7	0	1473.33368	735.43284	1232.64533	734.73507
Howe_071	7	1	1736.75446	624.61194	1435.62539	625.92910
Howe_071	8	0	1039.32529	892.51866	626.56873	888.58209
Howe_071	8	1	688.35152	734.39179	276.01259	723.35821
Howe_071	9	0	625.26967	539.53358	499.36936	532.60075
Howe_071	9	1	451.50262	524.92537	322.58027	513.45896
Howe_071	10	0	1248.66422	944.23881	847.75236	933.14179
Howe_071	10	1	1652.21091	800.61567	1141.89717	791.08955
Howe_071	11	0	1202.81112	816.45522	838.11123	799.92537
Howe_071	11	1	1328.72928	656.26866	1011.37461	648.80597
Howe_071	12	0	1270.92550	956.08209	880.41973	942.98507
Howe_071	12	1	1720.46065	925.15672	1216.07135	907.76119
Howe_071	13	0	986.11647	664.25373	560.08395	652.83582
Howe_071	13	1	608.73033	448.15299	143.04302	424.11194
Howe_071	14	0	1078.86254	697.24627	707.15635	685.07463
Howe_071	14	1	1237.01574	622.19030	894.31060	611.54104
Howe_071	15	0	905.22560	668.87687	499.38405	654.25373
Howe_071	15	1	744.05037	527.32836	336.19412	512.70522
Howe_072	0	0	1062.85205	613.40672	932.79643	597.00746
Howe_072	0	1	1414.91920	571.59701	1281.84365	568.41418
Howe_072	1	0	1867.61805	781.96269	1523.32529	779.00000
Howe_072	1	1	1732.63379	779.44403	1419.56873	777.48881
Howe_072	2	0	921.99790	895.23134	463.42812	871.56716
Howe_072	2	1	791.04302	945.10075	297.71983	919.92537
Howe_072	3	0	921.99790	858.45896	523.36516	836.30597
Howe_072	3	1	813.70829	898.25373	391.40294	870.05597
Howe_072	4	0	1123.05666	801.92537	874.37251	789.00000
Howe_072	4	1	1067.14900	811.49627	809.39874	794.54104
Howe_072	5	0	1335.75131	1008.47015	790.99790	986.30597
Howe_072	5	1	1241.56453	1009.98134	715.44701	987.81716
Howe_072	6	0	1071.81532	785.82090	717.22980	769.70149
Howe_072	6	1	1704.42812	471.49254	1545.26758	473.50746
Howe_072	7	0	1483.63169	303.64552	1182.38825	290.45896
Howe_072	7	1	1833.18048	193.83209	1422.13641	195.75746
Howe_072	8	0	1375.25918	529.57836	1086.07555	517.25373
Howe_072	8	1	1546.00420	507.41418	1248.76180	504.66045
Howe_072	9	0	1637.94334	744.64552	1270.23400	729.13433
Howe_072	9	1	1918.99265	696.79104	1488.32424	691.35448
Howe_072	10	0	1079.08290	637.20522	822.41763	626.41418
Howe_072	10	1	1248.31689	706.72015	967.97901	693.91418
Howe_072	11	0	797.86988	609.95522	613.00944	589.45149
Howe_072	11	1	921.77335	636.65299	716.26233	619.67537
Howe_072	12	0	621.94334	676.89552	372.98006	649.02239
Howe_072	12	1	756.42392	678.91045	482.78069	651.03731
Howe_072	13	0	1328.12697	857.66045	766.25603	834.08955
Howe_072	13	1	1634.00525	893.02239	949.59286	864.81716
Howe_072	14	0	865.72298	581.02239	730.24869	560.53358
Howe_072	14	1	1025.89087	542.73881	895.45331	527.28731
Howe_072	15	0	1252.73347	721.53358	1045.00105	710.46642
Howe_072	15	1	1032.12487	771.90672	775.03253	747.23881
Howe_072	16	0	1433.67576	930.11940	1074.24134	914.13433
Howe_072	16	1	1804.65897	802.26493	1414.29591	797.85075
Howe_072	17	0	789.75866	499.70149	552.02518	475.52239
Howe_072	17	1	1015.40399	505.74627	791.77335	487.61194
Howe_072	18	0	994.49423	602.53358	838.84680	583.79478
Howe_072	18	1	800.07660	584.90299	650.47324	564.14925
Howe_072	19	0	1053.35572	651.00746	850.67156	629.43657
Howe_072	19	1	1336.41973	610.70896	1123.15845	595.18284
Howe_072	20	0	1007.77440	513.39925	873.38090	496.46642
Howe_072	20	1	1216.29486	472.59701	1059.73977	461.20522
Howe_072	21	0	1434.37356	576.45896	1301.25603	572.88806
Howe_072	21	1	1746.23295	632.01493	1580.79433	639.38060
Howe_072	22	0	619.88458	676.12313	507.32529	641.11194
Howe_072	22	1	984.92445	521.00000	881.12277	510.37687
Howe_072	23	0	1481.77440	993.86194	992.66422	970.18657
Howe_072	23	1	1664.10388	942.98507	1209.24344	925.85821
Howe_072	24	0	1046.03568	491.89179	324.36516	461.41791
Howe_072	24	1	1509.10388	311.85075	771.62644	298.20896
Howe_072	25	0	1428.51626	419.14552	911.15635	404.60821
Howe_072	25	1	1813.72508	226.33209	1150.68206	232.95522
Howe_072	26	0	1196.60965	638.49254	861.98741	624.47388
Howe_072	26	1	1426.50157	438.83582	1093.26653	427.39925
Howe_072	27	0	1258.06821	765.04478	1000.43652	753.65299
Howe_072	27	1	1421.85100	592.53358	1193.25918	579.42164
Howe_072	28	0	930.09024	749.45896	580.23085	723.35821
Howe_072	28	1	677.54984	630.77239	287.28961	601.83582
Howe_072	29	0	995.25708	757.61194	580.23085	739.47761
Howe_072	29	1	1311.56348	691.11940	916.68416	668.95522
Howe_072	30	0	1650.03148	711.26866	1311.56348	703.20896
Howe_072	30	1	1871.64743	624.62687	1573.47324	626.64179
Howe_072	31	0	1448.56243	650.82090	1188.66737	650.82090
Howe_072	31	1	1652.04617	616.56716	1432.44491	606.49254
Howe_072	32	0	855.45331	516.79851	753.17838	503.14925
Howe_072	32	1	350.95068	609.57090	200.46170	575.66045
Howe_075	0	0	1529.29178	942.95798	1221.73585	954.06040
Howe_075	0	1	1652.57790	964.73950	1343.09434	980.33557
Howe_075	1	0	1768.61190	834.05042	1584.00000	853.48993
Howe_075	1	1	1867.42210	861.27731	1681.81132	888.82550
Howe_075	2	0	1035.24079	709.71429	494.49057	730.26846
Howe_075	2	1	763.28612	584.47059	5.43396	617.91946
Howe_075	3	0	756.03399	490.08403	521.66038	501.94631
Howe_075	3	1	465.94901	497.34454	219.16981	509.19463
Howe_075	4	0	1046.11898	900.30252	710.03774	913.28859
Howe_075	4	1	756.03399	785.94958	423.84906	795.50336
Howe_075	5	0	1305.38244	873.07563	932.83019	882.48322
Howe_075	5	1	1686.11898	918.45378	1208.15094	920.53691
Howe_075	6	0	1258.24363	842.21849	873.05660	849.86577
Howe_075	6	1	1575.52408	600.80672	1173.73585	607.04698
Howe_076	0	0	1885.55241	473.74790	1704.45283	494.69799
Howe_076	0	1	1604.53258	424.73950	1416.45283	443.95973
Howe_076	1	0	1328.95184	1040.06723	739.01887	1058.25503
Howe_076	1	1	924.64589	894.85714	394.86792	916.91275
Howe_076	2	0	766.91218	392.06723	624.90566	416.77852
Howe_076	2	1	549.34844	384.80672	398.49057	405.90604
Howe_076	3	0	730.65156	760.53782	469.13208	777.38255
Howe_076	3	1	897.45042	584.47059	679.24528	596.17450
Howe_076	4	0	1062.43626	865.81513	769.81132	893.35570
Howe_076	4	1	803.17280	724.23529	474.56604	741.14094
Howe_076	5	0	1394.22096	922.08403	1028.83019	949.53020
Howe_076	5	1	1802.15297	829.51261	1344.00000	848.05369
Howe_076	6	0	1278.18697	889.41176	902.03774	913.28859
Howe_076	6	1	1519.32011	691.56303	1083.16981	710.33557
Howe_076	7	0	1517.50708	274.08403	1295.09434	302.61745
Howe_076	7	1	1887.36544	252.30252	1604.83019	273.62416
Howe_076	8	0	1564.64589	484.63866	1420.07547	498.32215
Howe_076	8	1	1388.78187	510.05042	1229.88679	534.56376
Howe_078	0	0	1493.24449	347.97015	1447.72928	325.37687
Howe_078	0	1	843.61595	295.76119	746.33263	280.41045
Howe_078	1	0	541.37041	435.47388	316.57922	411.22015
Howe_078	1	1	740.82476	411.79851	541.21721	396.61194
Howe_078	2	0	841.61700	464.83582	639.24554	442.77612
Howe_078	2	1	1016.89507	448.21269	822.07870	434.71642
Howe_078	3	0	1289.00210	544.45896	990.92550	531.83209
Howe_078	3	1	1574.25918	468.91045	1223.11857	463.82836
Howe_078	4	0	980.81112	480.92537	735.50577	464.67537
Howe_078	4	1	1209.47849	495.02985	935.46380	474.75000
Howe_078	5	0	1077.13536	405.83955	907.40714	392.39179
Howe_078	5	1	1389.91605	459.73881	1201.04827	444.77985
Howe_078	6	0	883.94334	498.98507	670.86988	478.80597
Howe_078	6	1	1084.40504	503.51866	886.94544	488.88060
Howe_078	7	0	1254.88143	338.22015	1110.45121	327.16791
Howe_078	7	1	1479.51941	380.53358	1334.08185	367.46642
Howe_078	8	0	1584.55404	507.84328	1304.55404	504.98507
Howe_078	8	1	1863.08499	510.86567	1609.27597	504.48134
Howe_078	9	0	1447.05456	674.09328	1099.78174	666.53358
Howe_078	9	1	1830.34942	638.83209	1504.38405	641.06716
Howe_078	10	0	1182.54984	445.87313	925.18573	433.07463
Howe_078	10	1	1336.16999	437.30970	1041.53410	430.05224
Howe_078	11	0	897.39559	385.03731	632.16369	368.47388
Howe_078	11	1	1065.11857	404.17910	789.30955	384.59328
Howe_078	12	0	1031.72193	574.23881	642.68625	550.07463
Howe_078	12	1	880.11647	448.80970	511.73137	425.14925
Howe_078	13	0	1178.59391	640.74627	864.30220	626.64179
Howe_078	13	1	670.89192	453.35821	499.64323	427.16418
Howe_078	14	0	1168.11857	431.23134	1054.93914	417.70522
Howe_078	14	1	858.86359	418.13433	764.48059	398.50373
Howe_078	15	0	1335.85414	389.12687	987.19832	378.80597
Howe_078	15	1	1060.84890	345.30224	689.33263	327.27239
Howe_078	16	0	974.01364	325.65672	785.65268	311.88060
Howe_078	16	1	1190.59286	358.90299	952.87198	350.16418
Howe_078	17	0	1173.76285	525.66791	770.21511	511.39925
Howe_078	17	1	1502.05352	376.96269	1010.40609	371.94030
Howe_078	18	0	1341.63799	654.90299	943.07975	644.25373
Howe_078	18	1	1770.91291	511.79104	1208.51522	517.31343
Howe_078	19	0	1303.14795	634.78358	928.77230	616.56716
Howe_078	19	1	709.96852	580.29478	237.73347	564.17910
Howe_079	0	0	630.15581	802.28571	277.13208	788.25503
Howe_079	0	1	504.15014	812.26891	136.75472	801.84564
Howe_079	1	0	1091.71671	899.39496	398.49057	898.79195
Howe_079	1	1	996.53258	893.94958	297.96226	887.01342
Howe_079	2	0	861.18980	724.23529	454.64151	719.39597
Howe_079	2	1	574.73088	804.10084	39.84906	820.87248
Howe_079	3	0	1411.12465	530.42857	1267.92453	524.81208
Howe_079	3	1	1578.83003	524.07563	1470.79245	524.81208
Howe_079	4	0	626.13031	470.26891	451.01887	453.66443
Howe_079	4	1	763.92068	452.11765	607.69811	441.88591
Howe_079	5	0	1386.96884	709.71429	1164.67925	699.46309
Howe_079	5	1	812.23796	629.84874	608.60377	619.73154
Howe_079	6	0	252.01133	132.50420	19.92453	135.90604
Howe_079	6	1	533.03116	143.39496	327.84906	132.28188
Howe_079	7	0	1189.34844	1011.02521	536.15094	1007.51678
Howe_079	7	1	819.49008	813.17647	202.86792	826.30872
Howe_079	8	0	1649.85836	716.97479	1103.09434	695.83893
Howe_079	8	1	1405.09915	528.20168	769.81132	527.31544
Howe_079	9	0	1448.85269	596.19328	1144.75472	583.48993
Howe_079	9	1	1241.26062	426.47899	949.13208	405.90604
Howe_079	10	0	1060.62323	742.38655	675.62264	735.70470
Howe_079	10	1	790.48159	506.42017	418.41509	487.44966
Howe_079	11	0	1091.44476	784.13445	537.96226	764.69799
Howe_079	11	1	1562.83286	802.28571	835.01887	770.13423
Howe_081	0	0	252.91785	1031.89916	121.35849	964.93289
Howe_081	0	1	630.02833	997.41176	467.32075	958.59060
Howe_081	1	0	565.66572	923.89916	459.16981	881.57718
Howe_081	1	1	354.44759	935.69748	263.54717	883.38926
Howe_081	2	0	976.17280	865.81513	869.96226	855.30201
Howe_081	2	1	1217.30595	844.94118	1097.28302	844.42953
Howe_081	3	0	545.86686	874.89076	398.66038	839.89933
Howe_081	3	1	748.92635	814.99160	594.28302	790.97315
Howe_081	4	0	378.01700	947.49580	224.60377	894.26174
Howe_081	4	1	177.67705	969.27731	38.03774	907.85235
Howe_081	5	0	1116.82720	593.54622	599.54717	565.36913
Howe_081	5	1	743.34278	588.10084	94.18868	556.30872
Howe_081	6	0	1213.28045	850.38655	997.71698	841.71141
Howe_081	6	1	1472.54391	775.05882	1203.30189	764.69799
Howe_081	7	0	1742.68555	814.99160	1505.79245	820.87248
Howe_081	7	1	1450.78754	858.55462	1234.09434	855.30201
Howe_081	8	0	573.49858	949.31092	399.39623	910.57047
Howe_081	8	1	292.47875	962.01681	99.62264	901.51007
Howe_081	9	0	1874.67422	980.16807	1686.33962	1005.70470
Howe_081	9	1	1396.03399	896.67227	1276.98113	898.79195
Howe_081	10	0	1283.62606	711.52941	929.20755	699.46309
Howe_081	10	1	971.78470	640.73950	700.98113	616.10738
Howe_081	11	0	1243.73938	648.00000	1012.52830	628.79195
Howe_081	11	1	1013.48442	515.49580	793.35849	492.88591
Howe_081	12	0	1528.38527	667.96639	1305.96226	661.40940
Howe_081	12	1	1889.17847	582.65546	1590.33962	594.36242
Howe_081	13	0	1347.08215	943.86555	829.58491	920.53691
Howe_081	13	1	1756.82720	793.21008	1228.07547	786.44295
Howe_081	14	0	966.34561	936.60504	547.01887	920.53691
Howe_081	14	1	681.69972	756.90756	275.32075	744.76510
Howe_081	15	0	357.16714	862.18487	259.01887	812.21477
Howe_081	15	1	111.50142	869.44538	58.86792	809.49664
Howe_082	0	0	703.64589	628.69748	651.01887	603.90604
Howe_082	0	1	936.62040	602.37815	891.92453	587.59732
Howe_082	1	0	1387.87535	664.77311	1228.07547	662.42953
Howe_082	1	1	1919.09348	690.18487	1755.16981	705.91946
Howe_082	2	0	1782.20963	789.57983	822.33962	755.63758
Howe_082	2	1	1089.63173	597.17647	155.77358	565.36913
Howe_082	3	0	1096.88385	651.63025	900.22642	643.28859
Howe_082	3	1	1681.58640	623.01681	1510.64151	633.03356
Howe_082	4	0	541.18980	369.82353	341.43396	348.73826
Howe_082	4	1	322.71955	315.36975	171.16981	289.84564
Howe_082	5	0	509.46176	451.50420	379.47170	423.03356
Howe_082	5	1	714.33428	446.96639	602.26415	432.09396
Howe_082	6	0	1071.50142	667.96639	795.16981	645.10067
Howe_082	6	1	315.46742	731.49580	56.15094	683.15436
Howe_082	7	0	676.23513	266.28571	541.58491	247.34899
Howe_082	7	1	407.90652	260.84034	305.20755	246.44295
Howe_082	8	0	476.82720	498.28571	316.07547	471.65772
Howe_082	8	1	245.66572	491.93277	52.52830	459.87919
Howe_082	9	0	815.86402	611.69748	132.22642	578.05369
Howe_082	9	1	1232.86119	491.89916	644.83019	471.14094
Howe_082	10	0	1086.00567	751.46218	655.69811	735.70470
Howe_082	10	1	819.49008	462.85714	373.13208	425.83893
Howe_082	11	0	1292.69122	749.64706	833.20755	735.70470
Howe_082	11	1	1843.85269	887.59664	1162.86792	869.79866
Howe_082	12	0	1223.79603	689.74790	838.64151	686.77852
Howe_082	12	1	1553.76771	671.59664	1153.81132	657.78523
Howe_082	13	0	1338.01700	395.69748	974.49057	385.97315
Howe_082	13	1	1102.32295	201.47899	813.28302	184.83221
Howe_082	14	0	964.53258	499.15966	592.30189	460.26846
Howe_082	14	1	661.75637	363.02521	338.71698	329.79866
Howe_083	0	0	1011.00592	929.05263	680.88757	915.13158
Howe_083	0	1	773.84615	905.60526	417.45562	893.81579
Howe_083	1	0	322.92308	312.52632	246.08876	312.57895
Howe_083	1	1	589.90533	345.92105	498.42604	339.52632
Howe_083	2	0	1358.95266	615.76316	1081.71006	611.55263
Howe_083	2	1	1762.36686	366.50000	1424.29586	357.02632
Howe_083	3	0	640.55621	501.00000	387.40828	488.92105
Howe_083	3	1	768.36686	468.31579	520.89941	459.78947
Howe_083	4	0	381.96450	599.42105	121.42012	584.57895
Howe_083	4	1	500.62130	581.39474	245.68047	566.81579
Howe_083	5	0	1263.44970	636.76842	972.89941	629.06316
Howe_083	5	1	1158.36095	629.61053	896.56805	618.68421
Howe_083	6	0	1266.64497	727.71579	962.92308	720.43158
Howe_083	6	1	947.17160	672.60000	679.07101	660.91579
Howe_083	7	0	431.07692	518.83158	162.42604	509.70526
Howe_083	7	1	746.67456	409.89474	479.99408	397.00000
Howe_083	8	0	458.45562	381.52632	200.64497	370.38947
Howe_083	8	1	655.82840	314.77895	444.80473	307.56842
Howe_083	9	0	421.64497	646.82105	0.71006	635.55789
Howe_083	9	1	678.75740	629.68421	330.50888	616.36842
Howe_083	10	0	525.18343	900.68421	48.85207	898.80000
Howe_083	10	1	775.52071	911.27368	358.66272	901.74737
Howe_083	11	0	1297.98817	645.15789	883.31361	628.10526
Howe_083	11	1	1610.41420	801.47368	1215.62130	787.26316
Howe_083	12	0	982.94083	685.66316	841.03550	677.51579
Howe_083	12	1	1136.70414	573.18947	998.44970	564.90526
Howe_083	13	0	1342.48521	685.38947	1001.89349	674.51579
Howe_083	13	1	1210.41420	647.45263	819.05325	634.78947
Howe_083	14	0	980.18343	494.93684	690.89941	482.82105
Howe_083	14	1	1149.88757	471.67368	852.79290	459.55789
Howe_083	15	0	423.19527	554.21053	5.06509	543.93684
Howe_083	15	1	628.42604	612.20000	301.59172	598.65263
Howe_083	16	0	877.63314	471.78947	374.91124	437.68421
Howe_083	16	1	1082.13018	508.73684	494.20118	488.84211
Howe_083	17	0	844.77515	663.74737	518.24852	648.70526
Howe_083	17	1	1022.40237	592.74737	706.64497	580.96842
Howe_083	18	0	1198.57988	517.26316	786.12426	505.53684
Howe_083	18	1	1008.47337	471.68421	608.25444	452.21053
Howe_083	19	0	797.00000	138.46316	565.62722	128.80000
Howe_083	19	1	1132.95858	151.29474	929.42604	140.02105
Howe_083	20	0	1344.02959	324.26316	1150.75148	316.87368
Howe_083	20	1	1026.81065	301.45263	840.15976	290.43158
Howe_083	21	0	1263.90533	565.57895	1032.44379	553.81053
Howe_083	21	1	1644.49704	588.31579	1309.94675	574.67368
Howe_083	22	0	980.46154	529.34737	800.79290	519.58947
Howe_083	22	1	761.18343	358.10526	568.93491	346.04211
Howe_083	23	0	1473.39053	815.76842	1187.06509	813.22105
Howe_083	23	1	1808.28994	805.96842	1494.42012	798.41053
Howe_083	24	0	1050.07101	123.20000	742.45562	108.22105
Howe_083	24	1	1381.85799	129.37895	1042.31953	116.35789
Howe_083	25	0	1164.55030	398.44211	969.62130	389.85263
Howe_083	25	1	1344.57396	252.46316	1106.49112	241.85263
Howe_083	26	0	1901.89349	83.33684	1741.39053	54.88421
Howe_083	26	1	1519.59172	4.78947	1329.89941	0.35789
Howe_083	27	0	1568.65089	450.77895	1443.50296	440.40000
Howe_083	27	1	1863.19527	239.78947	1779.53846	215.76842
Howe_083	28	0	1280.50888	457.89474	1057.37870	453.10526
Howe_083	28	1	1596.23669	264.08421	1338.31361	248.77895
Howe_083	29	0	1153.57396	386.13684	593.42604	365.87368
Howe_083	29	1	1571.31361	282.11579	957.39645	273.44211
Howe_083	30	0	400.47337	741.78947	48.28402	730.42105
Howe_083	30	1	1226.98225	574.10526	1073.60947	565.57895
Howe_083	31	0	528.28402	753.15789	127.81065	736.10526
Howe_083	31	1	1715.50296	434.84211	1417.27811	423.47368
Howe_084	0	0	1008.28402	207.47368	854.91124	184.73684
Howe_084	0	1	687.33728	88.10526	502.72189	68.21053
Howe_084	1	0	1624.78107	770.42105	1231.68047	771.47368
Howe_084	1	1	1770.10651	874.15789	1343.86982	888.00000
Howe_084	2	0	1537.53254	915.15789	1030.59172	902.36842
Howe_084	2	1	1695.63905	927.00000	1216.62722	910.89474
Howe_084	3	0	516.92308	142.10526	235.73964	116.52632
Howe_084	3	1	839.57988	133.31579	608.30769	103.68421
Howe_084	4	0	1055.95266	437.47368	830.85207	423.00000
Howe_084	4	1	1298.55030	338.26316	1076.07692	326.31579
Howe_084	5	0	1198.57988	571.26316	193.13609	551.36842
Howe_084	5	1	1647.33728	511.57895	695.85799	486.00000
Howe_084	6	0	1177.01775	899.63158	604.01775	882.52632
Howe_084	6	1	966.36686	891.10526	385.79290	874.00000
Howe_084	7	0	1052.72189	394.10526	890.01183	373.63158
Howe_084	7	1	1332.95266	340.94737	1167.23669	327.26316
Howe_084	8	0	876.68047	470.21053	655.47929	448.47368
Howe_084	8	1	1073.60355	440.84211	830.62722	425.26316
Howe_084	9	0	1469.81657	560.15789	1256.65680	555.15789
Howe_084	9	1	678.51479	517.26316	542.03550	491.47368
Howe_084	10	0	1448.52071	216.00000	1200.24852	200.73684
Howe_084	10	1	1855.14793	60.15789	1533.75148	58.57895
Howe_084	11	0	883.74556	218.26316	710.27811	193.42105
Howe_084	11	1	669.30769	209.73684	495.36686	187.26316
Howe_084	12	0	614.86982	444.84211	537.34911	419.63158
Howe_084	12	1	404.69231	436.78947	338.41420	407.73684
Howe_084	13	0	464.33728	555.47368	251.17751	521.31579
Howe_084	13	1	612.97633	573.94737	396.02959	527.00000
Howe_084	14	0	782.93491	537.00000	591.15976	515.21053
Howe_084	14	1	518.52663	332.26316	324.77515	307.73684
Howe_084	15	0	1347.07692	409.57895	1281.39645	396.36842
Howe_084	15	1	1114.65089	322.42105	1035.13609	307.78947
Howe_084	16	0	945.79882	326.84211	79.52663	278.52632
Howe_084	16	1	1533.72781	287.05263	729.94083	272.84211
Howe_084	17	0	1176.58580	533.00000	769.88166	512.89474
Howe_084	17	1	917.30769	440.89474	438.88166	429.31579
Howe_084	18	0	1558.47929	619.68421	1129.00592	610.47368
Howe_084	18	1	1215.91124	615.84211	848.60355	600.47368
Howe_084	19	0	1109.57988	770.47368	690.30769	761.36842
Howe_084	19	1	829.38462	949.15789	329.31361	925.05263
Howe_085	0	0	1200.68639	575.05263	1112.13018	582.00000
Howe_085	0	1	1319.02959	575.52632	1239.94083	582.00000
Howe_085	1	0	1175.60355	326.26316	406.78698	327.50000
Howe_085	1	1	1035.72189	348.28947	201.57988	340.28947
Howe_085	2	0	1194.06509	208.21053	366.00592	202.13158
Howe_085	2	1	1062.70414	221.71053	160.08876	204.26316
Howe_085	3	0	1547.40237	356.44737	736.89349	367.28947
Howe_085	3	1	1414.62130	302.44737	562.92899	313.28947
Howe_085	4	0	1697.88166	72.47368	807.98225	103.02632
Howe_085	4	1	1528.88757	2.13158	635.43787	15.63158
Howe_085	5	0	1346.11243	119.97368	741.23077	127.18421
Howe_085	5	1	1223.98225	92.26316	599.21893	87.39474
Howe_085	6	0	1183.72781	219.13158	722.05917	224.52632
Howe_085	6	1	1075.79882	215.57895	631.17160	219.55263
Howe_085	7	0	1151.06509	246.13158	631.88166	250.10526
Howe_085	7	1	1038.16568	247.55263	512.59172	246.55263
Howe_085	8	0	932.30178	221.76316	416.57396	221.21053
Howe_085	8	1	815.85207	201.15789	304.38462	193.50000
Howe_085	9	0	782.91716	688.78947	541.47929	687.55263
Howe_085	9	1	885.16568	658.94737	645.85799	663.39474
Howe_085	10	0	750.25444	628.39474	557.81065	634.97368
Howe_085	10	1	844.69231	614.89474	651.53846	617.21053
Howe_085	11	0	940.55030	607.07895	711.89349	610.10526
Howe_085	11	1	1020.78698	603.52632	792.84024	617.21053
Howe_085	12	0	939.13018	589.31579	726.80473	595.18421
Howe_085	12	1	841.14201	571.55263	628.10651	578.84211
Howe_085	13	0	1586.28402	754.50000	1255.43787	759.42105
Howe_085	13	1	1460.60355	717.55263	1158.86982	719.63158
Howe_085	14	0	1480.48521	694.81579	1159.57988	700.44737
Howe_085	14	1	1621.78698	713.28947	1292.36095	717.50000
Howe_085	15	0	1343.20118	696.26316	1007.56805	700.92105
Howe_085	15	1	1446.15976	694.84211	1108.39645	698.07895
Howe_085	16	0	1245.21302	698.39474	950.76331	703.05263
Howe_085	16	1	1357.40237	704.78947	1041.65089	709.44737
Howe_085	17	0	909.33136	655.18421	694.36095	658.55263
Howe_085	17	1	1011.57988	643.81579	778.14793	657.84211
Howe_085	18	0	1023.53254	564.65789	934.66272	569.52632
Howe_085	18	1	1517.39645	529.81579	1427.73373	530.71053
Howe_085	19	0	990.44379	702.23684	741.78107	704.52632
Howe_085	19	1	1246.77515	707.92105	976.60355	713.15789
Howe_085	20	0	1062.15976	665.28947	852.34320	673.36842
Howe_085	20	1	1241.80473	654.63158	1071.04142	661.28947
Howe_085	21	0	837.31361	670.31579	636.26627	674.86842
Howe_085	21	1	1022.63905	673.15789	811.65089	686.23684
Howe_085	22	0	973.64497	718.63158	713.66272	724.60526
Howe_085	22	1	754.23669	727.86842	485.02367	730.28947
Howe_085	23	0	795.66864	797.73684	430.50296	808.52632
Howe_085	23	1	508.66272	896.68421	6.39053	923.55263
Howe_085	24	0	1302.21302	731.81579	1044.32544	735.73684
Howe_085	24	1	1448.48521	694.15789	1223.26036	701.63158
Howe_085	25	0	1128.78698	603.18421	1001.18343	610.89474
Howe_085	25	1	949.14201	611.00000	817.27811	615.15789
Howe_085	26	0	973.28402	584.71053	862.72189	588.86842
Howe_085	26	1	815.65089	606.02632	706.40828	610.68421
Howe_085	27	0	966.49112	487.00000	924.72781	491.50000
Howe_085	27	1	1243.41420	480.60526	1191.69822	483.71053
Howe_085	28	0	1366.15385	650.84211	1195.73964	656.52632
Howe_085	28	1	1885.91716	595.15789	1811.36095	606.97368
Howe_085	29	0	1244.15385	532.81579	1000.97041	538.34211
Howe_085	29	1	1355.63314	538.50000	1093.27811	539.76316
Howe_085	30	0	1133.38462	536.36842	915.05325	541.18421
Howe_085	30	1	1228.53254	539.21053	1000.97041	541.89474
Howe_085	31	0	1180.95858	508.65789	949.84615	513.47368
Howe_085	31	1	1261.90533	509.36842	1040.02367	514.89474
Howe_085	32	0	1216.69822	472.94737	977.53846	477.23684
Howe_085	32	1	1318.23669	475.07895	1067.71598	476.52632
Howe_085	33	0	998.00000	568.15789	821.32544	576.71053
Howe_085	33	1	1094.56805	558.92105	903.69231	564.63158
Howe_085	34	0	1028.53254	551.81579	797.18343	554.68421
Howe_085	34	1	1109.47929	546.84211	877.42012	550.42105
Howe_085	35	0	1199.53254	672.07895	1001.72189	674.68421
Howe_085	35	1	1325.21302	661.42105	1143.73373	667.57895
Howe_085	36	0	951.47929	736.10526	633.37278	753.15789
Howe_085	36	1	215.85799	616.73684	28.40237	628.10526
Howe_085	37	0	1237.39645	596.47368	1134.05917	599.15789
Howe_085	37	1	1795.02959	583.89474	1719.06509	588.97368
Howe_085	38	0	1392.92899	687.07895	1127.11243	690.44737
Howe_085	38	1	1782.24852	745.97368	1456.76331	755.42105
Howe_086	0	0	1387.92899	482.36842	1239.73964	464.36842
Howe_086	0	1	1298.93491	478.57895	1158.79290	465.31579
Howe_086	1	0	1269.71598	428.68421	1153.31361	416.10526
Howe_086	1	1	1140.48521	402.15789	1027.39645	391.00000
Howe_086	2	0	856.18343	316.31579	577.78698	312.26316
Howe_086	2	1	467.40828	281.26316	146.01183	284.31579
Howe_086	3	0	649.83432	565.94737	416.24852	558.84211
Howe_086	3	1	797.52663	553.63158	596.60355	550.78947
Howe_086	4	0	1226.35503	492.84211	1023.97041	481.42105
Howe_086	4	1	1429.90533	452.10526	1199.59172	439.73684
Howe_086	5	0	1220.56213	645.15789	952.96450	639.47368
Howe_086	5	1	1475.30769	645.78947	1220.60947	631.94737
Howe_086	6	0	921.58580	507.21053	687.15976	504.52632
Howe_086	6	1	668.65089	476.52632	440.66272	477.10526
Howe_086	7	0	1016.16568	604.00000	826.75148	596.31579
Howe_086	7	1	761.43195	605.47368	551.90533	597.73684
Howe_086	8	0	1624.79290	709.63158	1159.50296	686.47368
Howe_086	8	1	1829.11243	687.31579	1312.14793	658.15789
Howe_086	9	0	714.10059	189.31579	501.41420	190.42105
Howe_086	9	1	619.42604	229.57895	407.21302	234.47368
Howe_086	10	0	631.39053	198.84211	491.55030	205.36842
Howe_086	10	1	529.61538	203.57895	384.56805	214.84211
Howe_086	11	0	729.59763	456.68421	383.82840	450.63158
Howe_086	11	1	619.77515	399.36842	283.94675	395.68421
Howe_086	12	0	847.65089	151.89474	522.60355	144.94737
Howe_086	12	1	929.54438	204.94737	640.29586	199.89474
Howe_086	13	0	979.71598	346.05263	796.53254	340.84211
Howe_086	13	1	886.93491	329.00000	717.00592	328.05263
Howe_086	14	0	516.13018	279.21053	164.26036	283.68421
Howe_086	14	1	401.10059	174.52632	30.76923	177.57895
Howe_086	15	0	1582.15976	288.00000	1440.46154	258.42105
Howe_086	15	1	1478.01775	329.68421	1341.05325	307.68421
Howe_086	16	0	1563.57396	660.63158	1427.53254	641.94737
Howe_086	16	1	981.52663	605.78947	845.47929	593.89474
Howe_086	17	0	1012.84615	971.52632	485.60947	963.10526
Howe_086	17	1	789.73964	1005.73684	223.36095	1017.10526
Howe_086	18	0	459.35503	700.00000	255.51479	696.00000
Howe_086	18	1	601.84024	721.31579	395.63314	712.57895
Howe_086	19	0	801.40237	324.89474	460.11834	324.00000
Howe_086	19	1	411.07692	195.89474	43.55030	194.68421
Howe_086	20	0	1444.61538	563.57895	1309.74556	551.26316
Howe_086	20	1	1675.09467	616.78947	1521.01775	602.52632
Howe_086	21	0	1341.62722	539.84211	1255.95266	529.73684
Howe_086	21	1	662.69231	401.00000	568.34911	404.05263
Howe_086	22	0	1717.77515	285.94737	1717.48521	241.89474
Howe_086	22	1	1567.24260	320.52632	1562.69231	286.89474
Howe_086	23	0	1084.05325	582.68421	582.63314	575.63158
Howe_086	23	1	854.94083	484.15789	244.11243	474.57895
Howe_086	24	0	1203.88757	378.15789	700.17160	366.42105
Howe_086	24	1	936.95858	361.94737	413.52663	348.47368
Howe_086	25	0	924.13609	443.00000	461.66272	439.26316
Howe_086	25	1	691.06509	413.78947	200.83432	403.73684
Howe_086	26	0	1414.55030	663.42105	1090.47929	647.10526
Howe_086	26	1	1644.04142	699.63158	1325.13609	676.68421
Howe_086	27	0	882.40828	535.89474	630.98225	533.78947
Howe_086	27	1	1084.40828	507.31579	855.11243	495.57895
Howe_086	28	0	1098.09467	682.00000	886.15385	670.73684
Howe_086	28	1	968.82840	582.84211	790.72781	573.36842
Howe_086	29	0	1291.95858	512.57895	1172.33136	501.68421
Howe_086	29	1	1169.82840	468.52632	1035.05325	458.10526
Howe_086	30	0	1824.78107	633.94737	1254.72781	612.26316
Howe_086	30	1	1489.57396	508.10526	942.00000	488.84211
Howe_086	31	0	1724.43787	427.05263	1279.70414	409.63158
Howe_086	31	1	1361.30178	383.89474	1008.00592	372.89474
Howe_086	32	0	1422.60355	928.00000	684.44970	908.84211
Howe_086	32	1	992.49112	771.15789	453.88166	763.57895
Howe_086	33	0	1860.35503	542.84211	1192.89941	517.26316
Howe_086	33	1	1479.76331	525.78947	960.00000	508.73684
Howe_086	34	0	1894.43787	451.89474	1275.26627	446.21053
Howe_086	34	1	1564.97041	443.36842	1093.49112	429.15789
Howe_086	35	0	1087.81065	255.78947	832.18935	252.94737
Howe_086	35	1	957.81657	178.47368	729.07692	175.42105
Howe_086	36	0	1689.88166	571.31579	1186.71598	550.10526
Howe_086	36	1	1476.86391	514.47368	1059.59172	498.57895
Howe_086	37	0	951.47929	252.94737	440.23669	233.05263
Howe_086	37	1	707.21893	284.21053	105.08876	272.84211
Howe_086	38	0	888.99408	730.42105	269.82249	736.10526
Howe_086	38	1	1145.94675	768.94737	581.25444	753.89474
Howe_086	39	0	1404.14201	421.73684	988.40237	409.26316
Howe_086	39	1	1180.23669	510.31579	769.70414	488.84211
Howe_086	40	0	778.47337	435.10526	500.42604	428.36842
Howe_086	40	1	608.53254	339.89474	302.08284	337.42105
Howe_086	41	0	1002.01775	221.52632	508.40237	207.47368
Howe_086	41	1	753.02367	212.52632	255.62130	201.78947
Howe_086	42	0	774.47929	731.47368	90.88757	738.94737
Howe_086	42	1	1016.80473	682.10526	454.43787	693.47368
Howe_086	43	0	989.84615	839.10526	511.24260	829.89474
Howe_086	43	1	736.13609	899.10526	150.53254	912.31579
Howe_086	44	0	754.26036	654.36842	573.28994	648.36842
Howe_086	44	1	426.89349	646.42105	266.98817	642.10526
Howe_086	45	0	1546.02367	733.10526	1294.47929	721.73684
Howe_086	45	1	1721.17160	701.36842	1525.01183	691.89474
Howe_086	46	0	1347.93491	362.21053	497.07101	347.36842
Howe_086	46	1	770.26036	126.57895	61.06509	101.52632
Howe_086	47	0	1508.16568	1037.36842	1019.64497	1014.63158
Howe_086	47	1	306.74556	272.84211	36.92308	281.36842
Howe_086	48	0	684.94675	391.26316	398.14793	388.42105
Howe_086	48	1	479.66864	358.47368	128.81657	369.89474
Howe_087	0	0	933.17751	819.94737	717.97041	842.00000
Howe_087	0	1	631.40237	866.13158	365.78107	885.34211
Howe_087	1	0	515.48521	798.36842	322.59172	809.84211
Howe_087	1	1	811.57988	791.97368	614.42604	811.97368
Howe_087	2	0	939.81065	677.36842	377.63905	660.92105
Howe_087	2	1	797.08876	668.84211	200.83432	666.60526
Howe_087	3	0	862.81065	580.63158	731.02367	597.73684
Howe_087	3	1	739.26036	572.81579	596.82249	589.21053
Howe_087	4	0	1085.39053	655.23684	954.98817	676.55263
Howe_087	4	1	946.21893	638.89474	825.04734	659.50000
Howe_087	5	0	1482.56805	753.39474	1217.02367	786.68421
Howe_087	5	1	1321.38462	719.28947	1060.10059	747.60526
Howe_087	6	0	718.50888	618.02105	430.95858	632.96842
Howe_087	6	1	893.18343	643.43158	649.61538	659.04211
Howe_087	7	0	542.61538	843.82105	260.19527	857.42105
Howe_087	7	1	807.14201	818.08421	582.79290	832.75789
Howe_087	8	0	888.76331	707.35789	701.46746	726.68421
Howe_087	8	1	1484.05325	679.85263	1350.46746	710.85263
Howe_087	9	0	1026.49112	515.13158	426.54438	517.50000
Howe_087	9	1	1360.66864	364.94737	739.81065	372.71053
Howe_087	10	0	390.17160	795.31579	141.14793	806.97368
Howe_087	10	1	586.14793	782.52632	351.32544	797.02632
Howe_087	11	0	1475.49704	648.68421	1201.14793	670.55263
Howe_087	11	1	1721.17751	560.57895	1410.61538	595.94737
Howe_087	12	0	375.54438	605.23684	324.81065	622.55263
Howe_087	12	1	794.17751	642.92105	706.71598	648.52632
Howe_087	13	0	1000.91156	808.57258	410.96263	823.06452
Howe_087	13	1	773.42857	752.50403	73.92978	770.80645
Howe_087	14	0	879.86395	586.64919	245.70781	594.43548
Howe_087	14	1	701.36054	418.98790	6.52322	411.53226
Howe_087	15	0	1237.36686	536.36842	873.21302	551.71053
Howe_087	15	1	1428.37278	440.44737	1017.35503	460.05263
Howe_087	16	0	1462.35503	494.97368	1072.02959	510.50000
Howe_087	16	1	1732.17751	406.15789	1293.46154	426.44737
Howe_087	17	0	1862.48521	481.65789	1425.53254	503.89474
Howe_087	17	1	1650.88757	444.71053	1267.18935	452.73684
Howe_087	18	0	1517.02367	552.02632	1266.58580	579.86842
Howe_087	18	1	1735.01183	579.02632	1437.00000	601.89474
Howe_087	19	0	732.68707	296.84274	489.11778	314.75806
Howe_087	19	1	863.84354	368.69758	603.27407	384.97984
Howe_088	0	0	1487.13018	452.18421	1290.42012	429.76316
Howe_088	0	1	1411.86391	507.60526	1198.82249	484.47368
Howe_088	1	0	1134.85207	396.36842	906.67456	381.42105
Howe_088	1	1	975.08876	265.63158	743.36095	253.52632
Howe_088	2	0	955.57988	428.31579	605.70414	414.10526
Howe_088	2	1	779.48521	342.34211	433.86982	330.97368
Howe_088	3	0	879.47929	237.65789	626.81065	227.34211
Howe_088	3	1	750.95858	214.92105	484.79882	208.15789
Howe_088	4	0	1406.08876	353.78947	1140.41420	331.28947
Howe_088	4	1	1251.29586	365.86842	1021.12426	345.50000
Howe_088	5	0	741.39053	497.94737	333.72781	483.71053
Howe_088	5	1	559.61538	462.42105	46.15385	448.89474
Howe_088	6	0	948.94083	515.71053	635.98225	500.05263
Howe_088	6	1	1120.77515	592.44737	818.46746	574.65789
Howe_088	7	0	615.87574	113.44737	353.43787	105.15789
Howe_088	7	1	957.31361	171.15789	734.93491	155.73684
Howe_088	8	0	942.00592	337.47368	687.30769	324.39474
Howe_088	8	1	614.68639	247.26316	260.32544	238.47368
Howe_088	9	0	1199.89941	498.71053	837.25444	482.57895
Howe_088	9	1	900.25444	446.84211	450.98225	434.26316
Howe_088	10	0	1752.04734	389.10526	1515.85799	355.10526
Howe_088	10	1	1416.52663	301.86842	1190.65089	281.21053
Howe_088	11	0	988.99408	292.71053	703.42012	278.81579
Howe_088	11	1	720.59172	212.42105	359.04142	202.78947
Howe_088	12	0	1011.55030	839.05263	471.94675	827.71053
Howe_088	12	1	775.81065	832.65789	91.59763	842.50000
Howe_088	13	0	1031.98817	726.89474	597.30769	714.92105
Howe_088	13	1	759.32544	709.84211	310.44379	700.71053
Howe_088	14	0	1091.24260	525.15789	524.33728	507.15789
Howe_088	14	1	854.79290	486.07895	294.98817	472.34211
Howe_088	15	0	1084.90533	114.07895	728.05917	95.39474
Howe_088	15	1	1290.82249	163.81579	924.74556	140.15789
Howe_088	16	0	499.79290	91.94737	349.15385	101.60526
Howe_088	16	1	758.25444	117.52632	622.52663	113.68421
Howe_088	17	0	1231.71598	572.36842	975.36095	557.89474
Howe_088	17	1	1499.40828	615.00000	1222.46154	595.55263
Howe_088	18	0	1722.13018	226.78947	1294.02367	211.57895
Howe_088	18	1	1496.75740	105.00000	1110.78107	90.00000
Howe_088	19	0	927.01183	113.94737	749.95858	99.47368
Howe_088	19	1	760.31953	0.47368	578.32544	1.42105
Howe_088	20	0	303.94083	67.73684	38.34320	72.94737
Howe_088	20	1	523.58580	28.42105	300.11834	24.63158
Howe_088	21	0	478.56213	220.42105	150.53254	203.10526
Howe_088	21	1	716.39053	199.68421	403.34911	184.68421
Howe_088	22	0	1605.32544	661.34211	913.30178	631.28947
Howe_088	22	1	1355.22485	453.60526	755.03550	434.42105
Howe_088	23	0	1599.76331	402.89474	1148.61538	386.76316
Howe_088	23	1	1917.15976	277.68421	1391.45562	260.28947
Howe_088	24	0	1890.17751	236.68421	1498.01775	217.05263
Howe_088	24	1	1708.40237	292.81579	1312.69231	270.34211
Howe_088	25	0	1621.96450	397.18421	1124.00000	375.07895
Howe_088	25	1	1365.63314	326.84211	913.11243	304.02632
Howe_088	26	0	1664.37870	216.00000	1396.67456	181.10526
Howe_088	26	1	1891.59763	301.26316	1656.08284	276.31579
Howe_088	27	0	1183.76331	428.36842	773.86982	408.47368
Howe_088	27	1	610.07692	381.78947	187.07692	373.47368
Howe_089	0	0	335.23077	557.89474	39.76331	537.39474
Howe_089	0	1	1056.17160	836.42105	851.26036	828.10526
Howe_089	1	0	272.66272	737.26316	137.04142	714.78947
Howe_089	1	1	132.07101	713.10526	13.49112	688.50000
Howe_089	2	0	926.62722	642.07895	792.42604	628.10526
Howe_089	2	1	705.79882	504.23684	564.35503	489.31579
Howe_089	3	0	1863.19527	892.42105	1042.36686	841.26316
Howe_089	3	1	1414.43787	693.47368	764.02367	673.57895
Howe_089	4	0	1070.76923	684.94737	508.40237	679.26316
Howe_089	4	1	1760.94675	667.89474	957.15976	636.63158
Howe_089	5	0	319.60355	509.92105	2.84024	487.28947
Howe_089	5	1	559.52663	679.26316	287.53846	664.97368
Howe_089	6	0	1021.02959	741.81579	928.24260	738.18421
Howe_089	6	1	833.57396	630.26316	755.69822	625.92105
Howe_089	7	0	843.97633	579.10526	405.04734	560.52632
Howe_089	7	1	1042.08284	678.57895	645.75740	663.55263
Howe_089	8	0	1062.69822	429.81579	560.85207	410.00000
Howe_089	8	1	1326.11834	468.76316	793.61538	452.07895
Howe_089	9	0	1201.18935	820.28947	781.77515	809.76316
Howe_089	9	1	1405.68639	700.21053	927.21893	682.00000
Howe_089	10	0	872.77515	573.86842	593.27219	560.28947
Howe_089	10	1	1005.55621	664.81579	754.45562	650.52632
Howe_089	11	0	963.81065	709.44737	635.32544	698.18421
Howe_089	11	1	1202.39053	710.86842	868.93491	709.55263
Howe_089	12	0	1249.70414	198.94737	230.05917	142.10526
Howe_089	12	1	1627.45562	380.84211	758.34320	358.10526
Howe_089	13	0	1028.16568	650.84211	772.54438	639.47368
Howe_089	13	1	1138.93491	775.89474	908.87574	764.52632
Howe_090	0	0	538.47025	814.99160	358.64151	789.62416
Howe_090	0	1	443.28612	847.66387	245.43396	823.14765
Howe_090	1	0	754.22096	874.89076	326.03774	864.36242
Howe_090	1	1	522.15297	746.01681	88.75472	732.08054
Howe_090	2	0	1711.50142	537.27731	1208.15094	529.12752
Howe_090	2	1	1247.36544	432.00000	789.73585	425.83893
Howe_090	3	0	1078.75354	733.31092	766.18868	737.51678
Howe_090	3	1	817.67705	845.84874	412.98113	844.42953
Howe_090	4	0	1579.15014	733.31092	1320.45283	753.82550
Howe_090	4	1	1261.86969	687.93277	988.98113	690.40268
Howe_090	5	0	1051.55807	562.68908	842.26415	561.74497
Howe_090	5	1	785.04249	569.94958	530.71698	559.93289
Howe_090	6	0	1370.65156	422.92437	1253.43396	424.02685
Howe_090	6	1	1160.33994	461.04202	1048.75472	454.83221
Howe_091	0	0	1238.30028	615.32773	1104.90566	619.73154
Howe_091	0	1	1733.25779	626.21849	1546.86792	636.04027
Howe_091	1	0	1494.84419	465.99160	1434.56604	468.87919
Howe_091	1	1	1716.94051	407.00000	1681.81132	391.86577
Howe_091	2	0	1321.69972	756.90756	961.81132	762.88591
Howe_091	2	1	1789.46176	742.38655	1298.71698	737.51678
Howe_091	3	0	1483.05949	161.54622	1043.32075	177.58389
Howe_091	3	1	1769.51841	177.88235	1432.75472	179.39597
Howe_091	4	0	1394.22096	765.98319	1074.11321	781.00671
Howe_091	4	1	1733.25779	624.40336	1360.30189	626.97987
Howe_091	5	0	979.03683	749.64706	706.41509	766.51007
Howe_091	5	1	721.58640	613.51261	460.07547	603.42282
Howe_091	6	0	1165.77904	597.17647	746.26415	599.79866
Howe_091	6	1	1423.22946	421.10924	1034.26415	422.21477
Howe_091	7	0	221.18980	310.30252	114.11321	331.65772
Howe_091	7	1	405.21246	337.52941	287.09434	355.21477
Howe_092	0	0	1058.14731	584.64706	863.11321	582.47651
Howe_092	0	1	1265.73938	595.53782	1080.47170	598.78523
Howe_092	1	0	1856.54391	934.78992	1405.58491	951.34228
Howe_092	1	1	1029.80170	648.00000	806.03774	626.97987
Howe_092	2	0	1586.40227	824.06723	1088.60377	829.93289
Howe_092	2	1	1312.63456	593.54622	798.79245	597.98658
Howe_092	3	0	1316.26062	657.07563	996.22642	652.34899
Howe_092	3	1	1066.06232	475.56303	740.83019	467.51678
Howe_092	4	0	1055.18414	858.55462	635.77358	849.86577
Howe_092	4	1	806.79887	622.58824	306.11321	610.67114
Howe_092	5	0	1415.97734	448.33613	1344.00000	456.64430
Howe_092	5	1	1234.67422	408.40336	1137.50943	409.53020
Howe_092	6	0	919.20680	491.89916	773.43396	482.01342
Howe_092	6	1	1160.33994	464.67227	1003.47170	469.32886
Howe_092	7	0	759.66006	651.63025	496.30189	634.22819
Howe_092	7	1	500.39660	519.12605	244.52830	500.13423
Howe_092	8	0	1018.92351	671.59664	501.73585	654.16107
Howe_092	8	1	661.75637	375.73109	63.39623	351.54362
Howe_093	0	0	704.57224	771.05042	466.41509	761.65772
Howe_093	0	1	605.76204	800.09244	335.09434	794.27517
Howe_093	1	0	1542.88952	913.00840	1259.77358	890.63758
Howe_093	1	1	1804.87252	943.86555	1469.88679	917.81879
Howe_093	2	0	865.33428	795.93277	781.64151	786.44295
Howe_093	2	1	753.83286	816.80672	671.15094	810.00000
Howe_093	3	0	1815.75071	750.55462	1678.18868	732.08054
Howe_093	3	1	1653.48442	761.44538	1526.94340	746.57718
Howe_093	4	0	1534.73088	698.82353	1417.35849	689.49664
Howe_093	4	1	1423.22946	704.26891	1291.47170	687.68456
Howe_093	5	0	1242.56374	842.12605	1187.26415	831.88591
Howe_093	5	1	1135.59490	833.05042	1074.05660	823.73154
Howe_093	6	0	1095.07082	845.84874	644.83019	826.30872
Howe_093	6	1	843.05949	929.34454	414.79245	927.78523
Howe_093	7	0	945.03966	742.26891	790.28302	731.55705
Howe_093	7	1	849.85552	737.73109	694.28302	721.59060
Howe_093	8	0	1679.77337	416.32773	1395.03774	389.59732
Howe_093	8	1	1366.11898	533.40336	1107.03774	516.44295
Howe_093	9	0	1162.15297	671.59664	0.00000	661.40940
Howe_093	9	1	1840.22663	274.08403	662.94340	260.93960
Howe_093	10	0	1370.65156	275.89916	947.32075	257.31544
Howe_093	10	1	1673.42776	27.22689	1161.05660	0.00000
Howe_093	11	0	1640.79320	263.19328	1264.30189	228.32215
Howe_093	11	1	1905.49575	121.61345	1456.30189	97.85235
Howe_093	12	0	1231.04816	756.90756	1030.64151	735.70470
Howe_093	12	1	1551.95467	600.80672	1313.20755	574.42953
Howe_093	13	0	1439.54674	756.90756	858.56604	721.20805
Howe_093	13	1	1660.73654	598.99160	1048.75472	567.18121
Howe_093	14	0	1187.53541	862.18487	795.16981	858.92617
Howe_093	14	1	1343.45609	751.46218	1001.66038	732.08054
Howe_093	15	0	902.88952	588.10084	514.41509	587.11409
Howe_093	15	1	1091.44476	515.49580	670.18868	498.32215
Howe_093	16	0	833.99433	711.52941	503.54717	706.71141
Howe_093	16	1	995.35411	666.15126	653.88679	659.59732
Howe_093	17	0	924.64589	885.78151	566.94340	873.42282
Howe_093	17	1	746.96884	862.18487	393.05660	849.86577
Howe_093	18	0	1390.59490	851.29412	1066.86792	815.43624
Howe_093	18	1	1664.36261	816.80672	1284.22642	790.06711
Howe_093	19	0	973.59773	1018.28571	786.11321	1005.70470
Howe_093	19	1	1763.17280	801.14286	1622.94340	786.44295
Howe_093	20	0	1238.30028	907.56303	860.37736	893.35570
Howe_093	20	1	1515.69405	678.85714	1056.00000	657.78523
Howe_093	21	0	1914.56091	549.98319	1597.58491	521.87919
Howe_093	21	1	1726.00567	606.25210	1383.84906	599.79866
Howe_093	22	0	904.70255	680.67227	646.64151	670.46980
Howe_093	22	1	1047.93201	600.80672	787.92453	567.18121
Howe_093	23	0	572.91785	700.63866	220.98113	701.27517
Howe_093	23	1	850.31161	651.63025	463.69811	634.22819
Howe_093	24	0	1584.58924	1032.80672	1291.47170	994.83221
Howe_093	24	1	1898.24363	985.61345	1557.73585	962.21477
Howe_094	0	0	431.29745	632.07563	124.56604	620.28188
Howe_094	0	1	551.86402	652.94958	252.26415	646.55705
Howe_094	1	0	369.85836	651.63025	39.84906	626.97987
Howe_094	1	1	574.73088	638.92437	259.01887	626.97987
Howe_094	2	0	748.78187	524.57143	373.13208	507.38255
Howe_094	2	1	504.02266	462.85714	124.98113	445.77181
Howe_094	3	0	513.71671	458.32773	247.24528	442.65772
Howe_094	3	1	693.20680	432.00840	472.75472	417.28859
Howe_094	4	0	686.60340	458.82353	519.64151	448.15436
Howe_094	4	1	800.82436	402.55462	650.96226	395.60403
Howe_094	5	0	1828.44193	642.31092	1462.00000	636.83893
Howe_094	5	1	1648.04533	565.16807	1325.24528	566.16779
Howe_094	6	0	773.08499	514.22689	618.81132	503.54362
Howe_094	6	1	897.27762	475.20168	757.37736	469.11409
Howe_094	7	0	1107.76204	586.28571	815.09434	585.30201
Howe_094	7	1	687.13881	504.60504	463.69811	487.44966
Howe_094	8	0	1407.54958	671.34454	1086.73585	663.15436
Howe_094	8	1	1199.05099	646.84034	937.30189	642.31544
Howe_094	9	0	831.67705	546.35294	580.83019	530.90604
Howe_094	9	1	644.93484	559.05882	392.45283	550.83893
Howe_094	10	0	1158.26062	932.97479	419.32075	923.25503
Howe_094	10	1	825.56941	1017.37815	24.45283	1022.91946
Howe_094	11	0	1231.04816	401.14286	999.84906	398.65772
Howe_094	11	1	1071.50142	364.84034	862.18868	360.60403
Howe_094	12	0	988.10198	615.32773	612.22642	605.23490
Howe_094	12	1	737.90368	477.37815	402.11321	458.45638
Howe_094	13	0	614.61756	406.58824	336.90566	387.78523
Howe_094	13	1	516.71388	286.78992	260.83019	277.24832
Howe_094	14	0	447.81870	448.33613	345.96226	442.14765
Howe_094	14	1	204.87252	437.44538	135.84906	431.27517
Howe_094	15	0	1066.06232	495.52941	704.60377	491.07383
Howe_094	15	1	915.58074	379.36134	574.18868	364.22819
Howe_094	16	0	1056.99717	731.49580	628.52830	712.14765
Howe_094	16	1	904.70255	579.02521	505.35849	563.55705
Howe_094	17	0	1078.75354	531.83193	824.15094	520.06711
Howe_094	17	1	953.65439	448.33613	729.96226	433.08725
Howe_094	18	0	788.66856	194.21849	487.24528	177.58389
Howe_094	18	1	603.73938	159.73109	313.35849	144.96644
Howe_094	19	0	884.75921	430.18487	729.96226	416.77852
Howe_094	19	1	770.53824	372.10084	623.09434	362.41611
Howe_094	20	0	743.01700	459.26891	661.13208	451.39597
Howe_094	20	1	440.24079	436.57983	376.75472	431.46309
Howe_094	21	0	830.36827	464.67227	726.33962	456.64430
Howe_094	21	1	656.31728	466.48739	539.77358	467.51678
Howe_094	22	0	630.02833	407.40336	568.75472	405.96644
Howe_094	22	1	214.84419	370.19328	166.64151	369.72483
Howe_094	23	0	377.41926	380.21849	303.94340	376.48993
Howe_094	23	1	812.54674	403.81513	732.32075	398.23490
Howe_095	0	0	946.88952	546.67227	722.45283	530.00671
Howe_095	0	1	830.85552	528.52101	617.39623	506.44966
Howe_095	1	0	887.90935	362.97479	690.81132	346.96644
Howe_095	1	1	787.28612	387.47899	583.94340	365.99329
Howe_095	2	0	796.35127	442.84034	646.43396	423.97987
Howe_095	2	1	887.00283	451.00840	746.05660	430.32215
Howe_095	3	0	1139.01416	383.84874	1048.54717	369.61745
Howe_095	3	1	1071.02550	416.52101	982.43396	402.23490
Howe_095	4	0	1597.28045	483.82353	1455.39623	482.77181
Howe_095	4	1	1704.24929	510.14286	1578.56604	511.76510
Howe_095	5	0	933.22096	487.43697	804.24528	472.75168
Howe_095	5	1	1015.71388	492.88235	892.09434	476.37584
Howe_095	6	0	1336.49292	464.15966	1156.86792	457.75168
Howe_095	6	1	1462.49858	413.33613	1266.45283	406.10738
Howe_095	7	0	1860.16997	570.08403	1603.92453	578.60403
Howe_095	7	1	1604.53258	540.13445	1388.37736	536.92617
Howe_095	8	0	1432.29462	927.52941	914.71698	909.66443
Howe_095	8	1	1169.40510	947.49580	586.86792	929.59732
Howe_095	9	0	824.66289	733.94958	540.66038	715.24161
Howe_095	9	1	948.85552	762.08403	662.92453	747.85906
Howe_095	10	0	1075.12748	871.26050	621.28302	848.05369
Howe_095	10	1	1348.89518	885.78151	829.58491	864.36242
Howe_095	11	0	1149.46176	615.32773	411.16981	594.36242
Howe_095	11	1	1421.41643	379.36134	829.58491	375.10067
Howe_095	12	0	970.42493	892.67227	533.39623	889.01342
Howe_095	12	1	889.74504	835.49580	466.37736	822.87248
Howe_095	13	0	1056.28612	625.05882	940.35849	609.87919
Howe_095	13	1	980.13881	624.15126	860.66038	608.06711
Howe_095	14	0	1874.67422	1007.39496	1113.96226	983.95973
Howe_095	14	1	872.06799	869.44538	50.71698	878.85906
Howe_095	15	0	1339.83003	604.43697	1215.39623	583.48993
Howe_095	15	1	536.65722	479.19328	507.16981	449.39597
Howe_095	16	0	1321.69972	691.56303	1117.58491	701.27517
Howe_095	16	1	175.86402	330.35294	19.92453	327.98658
Howe_095	17	0	1117.31728	523.61345	974.66038	517.34228
Howe_095	17	1	1301.33994	589.86555	1177.52830	581.67114
Howe_095	18	0	1007.40227	477.28571	882.20755	460.40268
Howe_095	18	1	1188.70538	445.52101	1067.86792	432.31544
Howe_095	19	0	1374.27762	466.48739	791.54717	451.20805
Howe_095	19	1	1660.73654	586.28571	978.11321	579.86577
Howe_095	20	0	1158.52691	620.77311	697.35849	608.85906
Howe_095	20	1	1356.14731	635.29412	849.50943	630.60403
Howe_095	21	0	960.90652	597.17647	586.86792	579.86577
Howe_095	21	1	1153.08782	555.42857	757.13208	538.18792
Howe_095	22	0	926.45892	520.94118	347.77358	507.38255
Howe_095	22	1	1064.24929	575.39496	570.56604	552.68456
Howe_095	23	0	841.24646	477.37815	452.83019	453.02013
Howe_095	23	1	1024.36261	424.73950	594.11321	400.46980
Howe_095	24	0	1529.29178	608.51261	1326.52830	613.42953
Howe_095	24	1	1346.17564	610.32773	1170.75472	605.27517
Howe_095	25	0	1570.08499	978.35294	988.98113	954.96644
Howe_095	25	1	1796.71388	981.98319	1204.52830	964.02685
Howe_095	26	0	1199.16714	871.26050	686.67925	859.83221
Howe_095	26	1	1451.17847	886.68908	906.75472	879.76510
Howe_095	27	0	842.00000	675.22689	605.16981	648.72483
Howe_095	27	1	948.06232	705.17647	687.58491	684.06040
Howe_095	28	0	1673.42776	883.96639	1244.30189	880.67114
Howe_095	28	1	1867.42210	932.97479	1441.73585	933.22148
Howe_095	29	0	950.49008	804.10084	544.73585	786.84564
Howe_095	29	1	1131.79320	846.75630	684.20755	831.24161
Howe_095	30	0	1165.77904	711.52941	737.20755	688.59060
Howe_095	30	1	1905.49575	867.63025	1505.16981	861.64430
Howe_095	31	0	921.01983	673.41176	699.16981	654.16107
Howe_095	31	1	1863.79603	628.03361	1507.01887	623.35570
Howe_095	32	0	937.06232	596.25210	786.83019	581.30201
Howe_095	32	1	1086.63739	534.53782	922.67925	521.50336
Howe_095	33	0	1217.73371	484.88235	1153.07547	473.87919
Howe_095	33	1	1085.38244	465.82353	1005.45283	452.13423
Howe_095	34	0	1135.24079	571.10084	1019.94340	563.57718
Howe_095	34	1	965.72238	547.50420	853.30189	529.14765
Howe_095	35	0	1444.98584	756.90756	1074.11321	753.82550
Howe_095	35	1	1852.91785	624.40336	1521.50943	621.54362
Howe_095	36	0	727.02550	363.02521	704.60377	346.10738
Howe_095	36	1	1069.68839	451.96639	1083.16981	442.14765
Howe_095	37	0	910.14164	270.45378	688.30189	248.25503
Howe_095	37	1	659.94334	355.76471	470.94340	326.17450
Howe_095	38	0	804.98584	314.01681	599.54717	286.30872
Howe_095	38	1	1026.17564	179.69748	822.33962	164.89933
Howe_095	39	0	1579.15014	791.39496	1161.05660	782.81879
Howe_095	39	1	1909.12181	617.14286	1483.47170	621.54362
Howe_095	40	0	1006.23229	481.00840	719.09434	453.02013
Howe_095	40	1	1281.81303	531.83193	1008.90566	520.06711
Howe_096	0	0	824.02367	649.26316	282.79882	642.65789
Howe_096	0	1	1136.44970	800.60526	651.31953	785.47368
Howe_096	1	0	877.50888	301.02632	499.83432	290.57895
Howe_096	1	1	633.98817	134.84211	205.20710	123.63158
Howe_096	2	0	1289.30769	916.57895	467.88757	904.23684
Howe_096	2	1	1042.98225	953.15789	257.00000	949.71053
Howe_096	3	0	1190.05917	679.26316	974.20118	687.78947
Howe_096	3	1	1519.52663	886.73684	1272.42604	883.89474
Howe_096	4	0	627.69231	358.10526	497.04142	360.94737
Howe_096	4	1	386.27219	150.63158	247.10059	196.10526
Howe_096	5	0	946.43787	884.73684	311.00592	883.13158
Howe_096	5	1	739.10059	886.15789	44.02367	904.44737
Howe_096	6	0	1076.44970	716.21053	695.85799	704.84211
Howe_096	6	1	1530.88757	591.15789	1332.07101	585.47368
Howe_096	7	0	1041.33728	668.63158	869.62722	657.97368
Howe_096	7	1	860.27219	716.23684	711.99408	704.15789
Howe_096	8	0	781.06509	494.52632	499.88166	488.84211
Howe_096	8	1	505.56213	292.73684	167.57396	287.05263
Howe_096	9	0	598.71598	421.94737	480.81657	426.05263
Howe_096	9	1	732.91716	499.39474	623.37278	492.78947
Howe_096	10	0	944.36686	252.05263	695.08284	245.47368
Howe_096	10	1	1062.23669	256.31579	798.75148	247.60526
Howe_096	11	0	1245.31953	469.68421	1040.05325	460.71053
Howe_096	11	1	1334.07692	509.47368	1147.98225	497.65789
Howe_096	12	0	1134.73964	681.23684	940.44379	671.42105
Howe_096	12	1	915.33136	535.57895	740.91716	527.89474
Howe_096	13	0	1437.55030	468.92105	1395.00000	458.89474
Howe_096	13	1	913.09467	337.47368	838.33728	333.52632
Howe_096	14	0	1559.79882	809.21053	886.87574	787.05263
Howe_096	14	1	822.29586	571.02632	149.82249	563.78947
Howe_096	15	0	1050.17751	670.71053	676.90533	660.76316
Howe_096	15	1	879.05325	710.50000	544.12426	700.55263
Howe_096	16	0	888.99408	213.15789	275.50296	184.73684
Howe_096	16	1	1468.40237	360.94737	820.82840	338.21053
Howe_096	17	0	1281.63905	316.84211	1106.10059	300.31579
Howe_096	17	1	1024.95858	255.47368	826.00000	251.50000
Howe_096	18	0	1372.66864	264.81579	1118.32544	247.21053
Howe_096	18	1	1111.36686	244.21053	879.03550	235.84211
Howe_096	19	0	1044.44970	177.00000	714.88757	163.36842
Howe_096	19	1	793.08876	127.26316	516.07101	125.00000
Howe_096	20	0	1674.18935	377.78947	1429.26627	366.26316
Howe_096	20	1	1459.04142	292.52632	1229.02959	285.97368
Howe_096	21	0	1508.97633	263.57895	1329.73964	243.28947
Howe_096	21	1	1745.42604	269.97368	1566.13609	244.55263
Howe_096	22	0	1110.52071	285.26316	979.72189	282.57895
Howe_096	22	1	857.36095	86.68421	705.88757	87.39474
Howe_096	23	0	1498.81657	485.36842	1239.53846	479.18421
Howe_096	23	1	1315.62130	378.78947	1054.92308	371.89474
Howe_096	24	0	1691.07101	309.76316	1511.00592	287.05263
Howe_096	24	1	1404.20710	282.76316	1252.54438	270.00000
Howe_096	25	0	1642.00000	292.76316	1544.37870	264.34211
Howe_096	25	1	1470.87574	212.47368	1365.84024	190.44737
Howe_096	26	0	1520.57988	170.55263	1359.44970	149.23684
Howe_096	26	1	1260.66864	164.47368	1096.74556	150.76316
Howe_096	27	0	787.02959	237.84211	607.63905	234.60526
Howe_096	27	1	977.32544	328.07895	793.67456	321.28947
Howe_096	28	0	702.53254	163.94737	629.40828	171.47368
Howe_096	28	1	875.07692	215.10526	807.63314	212.68421
Howe_096	29	0	1319.05917	295.15789	1220.40828	279.13158
Howe_096	29	1	1127.34320	305.10526	1001.00000	295.47368
Howe_096	30	0	1638.81657	898.10526	1312.18935	878.21053
Howe_096	30	1	996.92308	565.57895	522.60355	551.36842
Howe_096	31	0	1354.11243	224.00000	1221.30178	204.63158
Howe_096	31	1	1522.39645	145.84211	1399.00592	119.65789
Howe_096	32	0	1304.45562	526.52632	902.31361	515.60526
Howe_096	32	1	1554.39645	476.78947	1089.05917	463.02632
Howe_096	33	0	1574.20118	811.42105	1078.36686	790.28947
Howe_096	33	1	1825.56213	715.50000	1296.35503	692.23684
Howe_096	34	0	1466.72189	694.68421	1143.49112	680.52632
Howe_096	34	1	1670.50888	553.28947	1324.50888	540.65789
Howe_096	35	0	1627.90533	590.94737	1248.53254	578.31579
Howe_096	35	1	1404.10059	512.10526	1066.75740	499.44737
Howe_096	36	0	1734.67456	753.55263	1382.92308	732.36842
Howe_096	36	1	1842.60355	591.84211	1516.28402	579.78947
Howe_096	37	0	1405.84024	739.68421	1061.92308	729.39474
Howe_096	37	1	1581.24260	595.36842	1221.50888	579.71053
Howe_096	38	0	1314.42604	799.94737	775.57396	787.81579
Howe_096	38	1	1540.93491	818.42105	1036.16568	795.63158
Howe_096	39	0	1822.01183	343.73684	962.84024	341.05263
Howe_096	39	1	1397.07101	222.42105	666.99408	212.31579
Howe_096	40	0	1622.50888	607.31579	1471.95266	595.28947
Howe_096	40	1	1504.63905	650.65789	1351.24260	642.89474
Howe_096	41	0	1558.75148	546.15789	940.34320	532.76316
Howe_096	41	1	1861.23669	614.36842	1222.23669	591.73684
Howe_097	0	0	1697.90368	948.40336	1600.30189	948.62416
Howe_097	0	1	1515.69405	907.56303	1418.26415	896.07383
Howe_097	1	0	788.66856	887.59664	499.92453	882.48322
Howe_097	1	1	603.73938	840.40336	275.32075	838.99329
Howe_097	2	0	1564.64589	897.57983	1461.73585	890.63758
Howe_097	2	1	1706.96884	883.05882	1604.83019	872.51678
Howe_097	3	0	1218.18697	710.95798	1147.07547	700.75168
Howe_097	3	1	1397.67705	819.86555	1325.49057	810.38255
Howe_097	4	0	998.81020	605.68067	901.64151	599.27517
Howe_097	4	1	1172.86119	541.24370	1073.71698	537.66443
Howe_097	5	0	955.29745	543.96639	888.05660	535.85235
Howe_097	5	1	1123.90935	530.35294	1052.88679	519.54362
Howe_097	6	0	779.30595	544.36975	604.43396	540.81879
Howe_097	6	1	974.20680	544.36975	823.60377	538.10067
Howe_097	7	0	779.30595	717.65546	679.24528	709.67114
Howe_097	7	1	924.34844	733.99160	826.86792	720.54362
Howe_097	8	0	1362.49292	623.43697	1178.18868	605.21477
Howe_097	8	1	1589.12181	519.97479	1402.79245	494.67785
Howe_097	9	0	1367.93201	667.90756	1262.41509	654.14094
Howe_097	9	1	1534.73088	610.73109	1428.15094	585.28188
Howe_097	10	0	901.07649	655.26050	508.98113	636.04027
Howe_097	10	1	523.96601	691.56303	50.71698	681.34228
Howe_097	11	0	1216.54391	455.59664	1056.00000	438.52349
Howe_097	11	1	1020.73654	375.73109	845.88679	366.04027
Howe_097	12	0	1309.00850	433.81513	1197.28302	411.34228
Howe_097	12	1	1180.28329	361.21008	1075.92453	335.23490
Howe_097	13	0	596.48725	631.66387	333.28302	626.97987
Howe_097	13	1	387.98867	477.37815	63.39623	478.38926
Howe_097	14	0	766.91218	775.05882	586.86792	775.57047
Howe_097	14	1	1020.73654	762.35294	818.71698	752.01342
Howe_097	15	0	717.96034	584.47059	498.11321	588.92617
Howe_097	15	1	358.98017	386.62185	25.35849	384.16107
Howe_097	16	0	1410.53824	869.44538	999.84906	857.11409
Howe_097	16	1	1747.76204	1052.77311	1331.32075	1011.14094
Howe_097	17	0	1749.57507	1000.13445	1441.81132	982.14765
Howe_097	17	1	1918.18697	913.00840	1586.71698	887.91946
Howe_097	18	0	643.62606	936.60504	177.50943	942.28188
Howe_097	18	1	843.05949	974.72269	438.33962	976.71141
Howe_097	19	0	926.45892	286.78992	758.94340	289.93289
Howe_097	19	1	770.53824	201.47899	579.62264	204.76510
Howe_097	20	0	1049.74504	439.26050	844.07547	425.83893
Howe_097	20	1	863.00283	395.69748	659.32075	391.40940
Howe_097	21	0	1680.67989	112.53782	931.01887	112.34899
Howe_097	21	1	1318.07365	254.11765	733.58491	215.63758
Howe_097	22	0	1842.03966	221.44538	1202.71698	202.95302
Howe_097	22	1	1464.92918	312.20168	938.26415	291.74497
Howe_097	23	0	1127.70538	873.07563	672.00000	867.98658
Howe_097	23	1	933.71105	758.72269	447.39623	768.32215
Howe_097	24	0	975.41076	257.74790	818.71698	246.44295
Howe_097	24	1	846.68555	265.00840	677.43396	255.50336
Howe_097	25	0	638.18697	92.57143	3.62264	52.55034
Howe_097	25	1	844.87252	274.08403	353.20755	231.94631
Howe_097	26	0	1250.99150	577.21008	873.05660	558.12081
Howe_097	26	1	1503.00283	571.76471	1084.98113	550.87248
Howe_097	27	0	1218.35694	814.99160	748.07547	797.31544
Howe_097	27	1	1443.17280	751.46218	920.15094	726.64430
Howe_097	28	0	1595.46742	820.43697	1173.73585	793.69128
Howe_097	28	1	1849.29178	702.45378	1378.41509	663.22148
Howe_097	29	0	1504.81586	967.46218	996.22642	936.84564
Howe_097	29	1	1776.77054	952.94118	1157.43396	898.79195
Howe_097	30	0	1339.83003	319.46218	909.28302	304.42953
Howe_097	30	1	1131.33144	330.35294	735.39623	309.86577
Howe_097	31	0	1571.89802	900.30252	1287.84906	877.04698
Howe_097	31	1	688.95184	727.86555	552.45283	717.58389
Howe_097	32	0	1671.61473	1030.99160	1418.26415	1014.76510
Howe_097	32	1	339.03683	606.25210	182.94340	619.73154
Howe_097	33	0	637.45892	962.01681	434.71698	956.77852
Howe_097	33	1	536.83569	954.75630	341.43396	942.28188
Howe_097	34	0	708.89518	116.16807	525.28302	119.59732
Howe_097	34	1	864.81586	199.66387	670.18868	201.14094
Howe_097	35	0	759.66006	205.10924	617.66038	195.70470
Howe_097	35	1	881.13314	243.22689	744.45283	248.25503
Howe_097	36	0	734.27762	234.15126	579.62264	228.32215
Howe_097	36	1	859.37677	268.63866	702.79245	268.18792
Howe_097	37	0	955.46742	239.59664	836.83019	226.51007
Howe_097	37	1	1051.55807	283.15966	934.64151	264.56376
Howe_097	38	0	975.41076	312.20168	802.41509	298.99329
Howe_097	38	1	1089.63173	395.69748	940.07547	384.16107
Howe_097	39	0	1455.68272	365.36134	1343.84906	333.66443
Howe_097	39	1	1584.40793	347.21008	1495.09434	306.48322
Howe_097	40	0	1345.26912	847.66387	878.49057	824.49664
Howe_097	40	1	998.98017	626.21849	416.60377	625.16779
Howe_097	41	0	1521.13314	589.91597	1092.22642	574.42953
Howe_097	41	1	1167.59207	655.26050	713.66038	626.97987
Howe_097	42	0	1064.24929	727.86555	469.13208	712.14765
Howe_097	42	1	714.33428	637.10924	173.88679	639.66443
Howe_100	0	0	1131.77337	653.48739	906.15094	645.16779
Howe_100	0	1	1280.44193	660.74790	1067.35849	652.41611
Howe_100	1	0	1258.24363	684.30252	903.84906	674.09396
Howe_100	1	1	1513.88102	484.63866	1117.58491	469.32886
Howe_100	2	0	1463.11615	736.94118	972.67925	719.39597
Howe_100	2	1	1878.30028	666.15126	1329.50943	637.85235
Howe_100	3	0	1604.53258	462.85714	1327.69811	451.20805
Howe_100	3	1	1916.37394	424.73950	1583.09434	402.28188
Howe_100	4	0	1370.65156	862.18487	762.56604	844.42953
Howe_100	4	1	1880.11331	943.86555	1025.20755	896.97987
Howe_100	5	0	1374.27762	731.49580	988.98113	703.08725
Howe_100	5	1	1720.56657	678.85714	1284.22642	652.34899
Howe_100	6	0	1548.32861	363.02521	1443.62264	340.67114
Howe_100	6	1	1707.87535	308.57143	1608.45283	277.24832
Howe_100	7	0	1514.78754	620.99160	1221.58491	611.48993
Howe_100	7	1	1728.72521	579.24370	1373.73585	562.56376
Howe_100	8	0	1515.69405	462.85714	1291.47170	443.95973
Howe_100	8	1	1836.60057	386.62185	1588.52830	360.60403
Howe_100	9	0	1125.89235	673.41176	664.75472	657.78523
Howe_100	9	1	1510.25496	504.60504	983.54717	498.32215
Howe_100	10	0	1319.88669	700.63866	956.37736	679.53020
Howe_100	10	1	1735.07082	522.75630	1238.94340	507.38255
Howe_100	11	0	1214.73088	442.89076	894.79245	420.40268
Howe_100	11	1	1606.34561	304.94118	1168.30189	295.36913
Howe_100	12	0	1345.26912	446.52101	1115.77358	429.46309
Howe_100	12	1	1600.90652	357.57983	1342.18868	347.91946
Howe_100	13	0	1715.12748	157.91597	1564.98113	117.78523
Howe_100	13	1	1506.62890	176.06723	1318.64151	150.40268
Howe_101	0	0	1584.30878	630.26891	1408.30189	655.03356
Howe_101	0	1	1340.45609	616.65546	1161.96226	640.53691
Howe_101	1	0	1816.65722	751.46218	1260.67925	752.01342
Howe_101	1	1	1339.83003	744.20168	956.37736	755.63758
Howe_101	2	0	1321.69972	510.05042	921.96226	527.31544
Howe_101	2	1	1060.62323	379.36134	550.64151	384.16107
Howe_101	3	0	1221.98300	548.16807	795.16981	559.93289
Howe_101	3	1	1017.11048	709.71429	469.13208	724.83221
Howe_101	4	0	1022.54958	720.60504	713.66038	730.26846
Howe_101	4	1	721.58640	608.06723	358.64151	628.79195
Howe_101	5	0	933.71105	310.38655	623.09434	320.73826
Howe_101	5	1	1182.09632	294.05042	920.15094	311.67785
Howe_101	6	0	357.16714	455.59664	231.84906	478.38926
Howe_101	6	1	587.42210	402.95798	454.64151	424.02685
Howe_101	7	0	624.85269	527.69748	653.47170	548.74497
Howe_101	7	1	1261.22663	503.19328	1283.81132	522.46980
Howe_102	0	0	1374.71388	937.51261	951.32075	917.81879
Howe_102	0	1	1521.56941	986.52101	1064.52830	971.27517
Howe_102	1	0	1285.43909	727.86555	970.86792	721.20805
Howe_102	1	1	565.66572	782.31933	161.20755	790.06711
Howe_102	2	0	1089.63173	433.81513	862.18868	425.83893
Howe_102	2	1	1385.15581	384.80672	1146.56604	376.91275
Howe_102	3	0	1444.98584	889.41176	1028.83019	858.92617
Howe_102	3	1	1740.50992	684.30252	1249.81132	659.59732
Howe_102	4	0	812.23796	844.03361	391.24528	831.74497
Howe_102	4	1	547.53541	604.43697	137.66038	599.79866
Howe_102	5	0	1107.76204	194.21849	979.92453	181.20805
Howe_102	5	1	1323.51275	156.10084	1182.79245	130.46980
Howe_102	6	0	1149.46176	873.07563	751.69811	855.30201
Howe_102	6	1	803.17280	862.18487	322.41509	869.79866
Howe_102	7	0	1062.09348	321.63866	1007.98113	316.48993
Howe_102	7	1	1355.80453	255.38655	1318.62264	228.60403
Howe_102	8	0	1263.68272	731.49580	1023.39623	715.77181
Howe_102	8	1	652.69122	657.07563	441.96226	652.34899
Howe_103	0	0	568.04734	295.57895	303.90533	275.68421
Howe_103	0	1	829.71006	212.13158	645.62722	210.15789
Howe_103	1	0	758.34320	258.63158	275.50296	235.89474
Howe_103	1	1	1113.37278	93.78947	735.62130	88.10526
Howe_103	2	0	898.14201	338.50000	854.68047	337.28947
Howe_103	2	1	1117.55030	325.71053	1081.18935	322.36842
Howe_103	3	0	560.10651	437.81579	477.34911	427.60526
Howe_103	3	1	318.68639	367.47368	262.20118	358.68421
Howe_103	4	0	1465.00000	228.07895	1234.60355	234.94737
Howe_103	4	1	1868.87574	162.68421	1577.71598	175.34211
Howe_103	5	0	387.48521	878.89474	98.69822	853.63158
Howe_103	5	1	642.39645	810.68421	390.53254	794.65789
Howe_103	6	0	1533.00592	738.42105	1246.40237	751.57895
Howe_103	6	1	1706.97041	772.52632	1404.74556	786.39474
Howe_103	7	0	791.91716	766.07895	548.49704	757.05263
Howe_103	7	1	900.55621	716.34211	688.37870	709.44737
Howe_103	8	0	469.26627	736.34211	285.72189	713.15789
Howe_103	8	1	621.21893	650.36842	458.97633	635.00000
Howe_103	9	0	995.38462	635.81579	822.37278	635.55263
Howe_103	9	1	876.09467	647.89474	685.33136	641.23684
Howe_103	10	0	1203.08284	771.26316	976.86982	773.73684
Howe_103	10	1	1311.01183	767.00000	1094.02959	773.73684
Howe_103	11	0	1242.82840	583.26316	1072.44970	585.39474
Howe_103	11	1	943.89349	547.02632	795.04142	544.50000
Howe_103	12	0	748.25444	777.39474	573.97633	765.73684
Howe_103	12	1	977.60355	656.60526	849.47929	648.50000
Howe_103	13	0	1174.86391	733.76316	1011.02959	740.18421
Howe_103	13	1	1360.18935	662.71053	1193.51479	668.42105
Howe_103	14	0	1251.55030	604.44737	1044.40237	606.60526
Howe_103	14	1	1516.40237	628.60526	1292.21302	637.86842
Howe_103	15	0	442.26036	576.26316	479.21893	563.42105
Howe_103	15	1	74.55621	480.13158	98.69822	466.76316
Howe_103	16	0	1423.22485	875.21053	1245.25444	892.31579
Howe_103	16	1	1562.39645	893.68421	1401.46746	917.89474
Howe_103	17	0	476.01775	587.02632	344.70414	571.21053
Howe_103	17	1	221.10651	542.26316	101.86391	522.18421
Howe_103	18	0	1003.28994	824.89474	891.66272	822.26316
Howe_103	18	1	1329.91716	654.36842	1282.85207	668.89474
Howe_103	19	0	181.77515	984.07895	38.34320	937.97368
Howe_103	19	1	434.55621	905.21053	301.77515	875.44737
Howe_103	20	0	701.38462	707.47368	599.58580	691.31579
Howe_103	20	1	944.22485	596.63158	847.39645	591.13158
Howe_103	21	0	1063.58580	734.68421	746.68639	733.71053
Howe_103	21	1	896.01183	667.89474	569.88166	659.10526
Howe_103	22	0	924.89349	379.71053	697.14793	371.52632
Howe_103	22	1	755.89941	309.36842	523.18343	300.47368
Howe_103	23	0	634.53254	590.13158	539.08284	578.44737
Howe_103	23	1	423.64497	464.36842	340.97633	452.68421
Howe_103	24	0	1661.88166	600.07895	1110.62722	601.65789
Howe_103	24	1	1401.28994	515.52632	851.43787	511.31579
Howe_103	25	0	1110.59763	341.65789	837.20710	341.00000
Howe_103	25	1	940.18343	280.55263	640.52071	268.52632
Howe_103	26	0	421.71006	548.50000	417.90533	531.31579
Howe_103	26	1	606.32544	458.26316	585.47929	453.86842
Howe_103	27	0	1509.93491	683.28947	1367.85207	698.89474
Howe_103	27	1	1326.73964	644.92105	1194.59763	651.28947
Howe_103	28	0	586.50296	824.21053	286.04142	808.76316
Howe_103	28	1	391.08284	792.81579	23.43195	773.63158
Howe_103	29	0	819.95266	555.71053	711.25444	549.52632
Howe_103	29	1	1020.89941	459.78947	909.36095	457.86842
Howe_103	30	0	774.36095	741.55263	550.75148	727.36842
Howe_103	30	1	1087.49704	671.21053	860.33728	666.97368
Howe_103	31	0	1238.82840	696.94737	1146.64497	707.76316
Howe_103	31	1	1089.71598	621.63158	1006.76331	625.34211
Howe_104	0	0	796.05442	357.65323	667.03058	357.87500
Howe_104	0	1	1060.20408	438.49194	926.00340	429.36694
Howe_104	1	0	903.28571	451.61694	802.44621	450.70565
Howe_104	1	1	1015.93878	460.87097	914.42809	454.51613
Howe_104	2	0	1256.16327	564.60484	1162.33522	557.41935
Howe_104	2	1	1057.52381	529.76613	963.37712	521.49194
Howe_104	3	0	1101.06122	502.54839	945.43828	496.99597
Howe_104	3	1	870.04762	499.18548	741.27180	494.04839
Howe_104	4	0	976.12245	643.82258	810.18120	643.70968
Howe_104	4	1	776.93878	565.43548	628.61835	570.76613
Howe_104	5	0	779.36054	249.72984	577.33296	254.83468
Howe_104	5	1	882.76190	277.49194	702.90487	277.69758
Howe_104	6	0	1240.46259	278.33468	994.42016	269.24597
Howe_104	6	1	1375.42857	306.64113	1119.44847	294.83065
Howe_104	7	0	1136.06803	462.80645	993.23669	455.07661
Howe_104	7	1	1220.42177	457.36290	1085.64892	449.63306
Howe_104	8	0	1388.11565	247.80242	1064.62627	237.54032
Howe_104	8	1	1567.70748	290.80645	1233.68630	278.36694
Howe_104	9	0	1801.36054	429.25000	1668.10532	409.78226
Howe_104	9	1	1668.57143	388.96774	1533.83579	370.04435
Howe_104	10	0	1141.53061	233.87903	943.58550	225.18548
Howe_104	10	1	900.98639	304.64516	725.60136	299.76210
Howe_104	11	0	534.57143	601.79839	327.18233	601.13710
Howe_104	11	1	813.21088	706.85887	612.57305	699.12097
Howe_104	12	0	974.48980	637.32661	869.26274	633.64113
Howe_104	12	1	843.87755	628.07258	748.03964	624.38710
Howe_104	13	0	1201.56463	507.46371	1039.78029	498.04839
Howe_104	13	1	944.69388	459.56048	783.74405	452.32258
Howe_104	14	0	1162.44898	894.91935	645.79841	912.33871
Howe_104	14	1	535.51020	559.59677	295.71914	561.77419
Howe_104	15	0	315.25170	795.12500	49.46772	795.83065
Howe_104	15	1	642.67347	742.12500	412.16082	735.64516
Howe_104	16	0	943.22449	688.73387	743.80634	680.87500
Howe_104	16	1	760.36735	652.80645	536.15062	653.11290
Howe_104	17	0	810.97959	628.31048	718.25708	626.43952
Howe_104	17	1	683.63265	589.66129	601.92639	589.96774
Howe_104	18	0	1575.85714	231.70161	1208.96942	211.20968
Howe_104	18	1	1241.16327	418.41532	931.31257	399.52016
Howe_104	19	0	1381.87755	601.08871	1288.25142	594.18952
Howe_104	19	1	846.59184	482.50000	803.18460	481.58871
Howe_104	20	0	1674.34694	460.56855	1563.39751	442.01613
Howe_104	20	1	1100.35374	451.10887	1043.33296	444.11290
Howe_104	21	0	806.82313	541.93548	574.80294	542.18952
Howe_104	21	1	644.64626	532.68145	381.28086	534.02419
Howe_104	22	0	1173.22449	122.58871	807.82446	112.88710
Howe_104	22	1	1301.65986	205.33065	989.38732	197.80645
Howe_104	23	0	1313.62585	625.71371	919.77350	614.03226
Howe_104	23	1	1123.14966	466.21774	739.29785	455.08065
Howe_104	24	0	1006.57143	714.35081	630.57758	709.83871
Howe_104	24	1	838.95238	636.50806	476.70781	640.35081
Howe_104	25	0	1568.41497	374.73387	1388.08154	356.97984
Howe_104	25	1	1413.85714	400.31855	1239.67837	385.83065
Howe_104	26	0	1436.72789	669.93952	1039.76897	662.20161
Howe_104	26	1	1524.89116	548.54839	1180.01812	543.53226
Howe_104	27	0	1412.72109	704.42339	951.11438	688.21774
Howe_104	27	1	1208.63946	660.33065	709.75538	652.83468
Howe_104	28	0	961.36735	450.41935	760.75991	447.21371
Howe_104	28	1	798.10204	420.47984	583.54587	419.45161
Howe_104	29	0	1339.80272	956.43145	555.24236	942.66129
Howe_104	29	1	1132.87075	758.10887	202.62967	771.20161
Howe_104	30	0	1544.66667	280.66129	1399.43715	262.42339
Howe_104	30	1	1300.31293	199.55242	1191.23783	185.66935
Howe_104	31	0	955.38776	533.70565	825.45980	534.63306
Howe_104	31	1	831.30612	516.83065	697.71348	516.66935
Howe_104	32	0	765.45578	593.04032	694.99547	593.42339
Howe_104	32	1	647.36054	602.29435	581.92639	599.41129
Howe_104	33	0	1125.91837	632.37903	957.22197	622.95968
Howe_104	33	1	940.88435	628.02419	769.67950	626.22581
Howe_104	34	0	710.57823	680.82258	526.47792	679.29032
Howe_104	34	1	584.86395	668.30242	416.12684	666.22581
Howe_104	35	0	1182.59184	807.53226	667.54247	801.29032
Howe_104	35	1	782.59184	753.64113	321.81200	751.20968
Howe_104	36	0	1351.09524	267.58065	1215.49264	256.93548
Howe_104	36	1	1619.39456	203.89113	1461.84711	178.47984
Howe_104	37	0	1859.04762	219.91935	656.67044	226.45161
Howe_104	37	1	1110.20408	516.04839	126.11552	496.45161
Howe_104	38	0	836.87075	543.21371	566.93771	545.29839
Howe_104	38	1	653.46939	534.50403	439.73499	534.95565
Howe_104	39	0	495.08163	215.84677	195.15289	223.32258
Howe_104	39	1	907.65986	118.50403	614.48358	114.85887
Howe_104	40	0	487.22449	267.62500	268.72933	276.70161
Howe_104	40	1	803.73469	334.10081	606.84938	332.22581
Howe_105	0	0	1721.18343	221.68421	1407.15385	216.55263
Howe_105	0	1	1229.82249	221.68421	978.45562	218.57895
Howe_105	1	0	1405.75148	160.81579	727.76331	173.55263
Howe_105	1	1	989.76923	269.86842	251.19527	269.47368
Howe_105	2	0	1482.62130	364.78947	1250.95858	362.81579
Howe_105	2	1	1782.26627	347.73684	1488.82840	340.07895
Howe_105	3	0	1789.34911	477.47368	1147.45562	488.84211
Howe_105	3	1	1491.12426	417.78947	832.18935	432.00000
Howe_105	4	0	814.52663	498.02632	596.35503	501.05263
Howe_105	4	1	558.19527	505.84211	313.75148	518.10526
Howe_105	5	0	1457.04142	264.31579	1042.36686	281.36842
Howe_105	5	1	1883.07692	56.84211	1368.99408	88.10526
Howe_105	6	0	908.63905	344.23684	656.97041	350.18421
Howe_105	6	1	1101.06509	335.71053	884.18935	335.97368
Howe_105	7	0	1170.17751	233.05263	497.04142	227.36842
Howe_105	7	1	826.50888	59.68421	68.16568	36.94737
Howe_105	8	0	1197.81657	465.86842	1009.65680	469.60526
Howe_105	8	1	1030.95266	447.39474	848.47337	456.10526
Howe_105	9	0	1351.95266	96.63158	775.38462	102.31579
Howe_105	9	1	981.25444	100.78947	514.08284	102.31579
Howe_105	10	0	810.74556	406.71053	593.53254	415.42105
Howe_105	10	1	442.27811	231.63158	178.18343	246.52632
Howe_105	11	0	1548.57988	571.26316	1296.53254	581.02632
Howe_105	11	1	1737.45562	541.42105	1461.97633	544.07895
Howe_105	12	0	916.53254	377.28947	714.85207	393.60526
Howe_105	12	1	617.59763	348.15789	428.63905	365.21053
Howe_105	13	0	774.13018	319.97368	681.01183	331.07895
Howe_105	13	1	595.90533	302.21053	511.30769	313.31579
Howe_105	14	0	1045.11834	452.68421	823.08284	456.23684
Howe_105	14	1	773.16568	426.39474	585.92308	432.78947
Howe_105	15	0	1056.44970	892.15789	459.05325	910.89474
Howe_105	15	1	876.80473	845.26316	158.82249	883.18421
Howe_105	16	0	1538.63314	927.86842	875.15385	930.52632
Howe_105	16	1	1831.88757	850.42105	1122.03550	842.86842
Howe_105	17	0	1417.34911	714.73684	931.73964	718.52632
Howe_105	17	1	1645.27811	736.76316	1080.85207	741.26316
Howe_105	18	0	1136.34320	569.05263	560.01183	578.86842
Howe_105	18	1	1325.92899	606.00000	775.15976	615.81579
Howe_105	19	0	1392.38462	824.15789	478.50888	838.31579
Howe_105	19	1	1068.98225	876.55263	61.06509	930.76316
Howe_105	20	0	910.97041	611.39474	690.66864	617.28947
Howe_105	20	1	767.53846	523.28947	547.94675	529.18421
Howe_105	21	0	746.87574	842.68421	330.02367	859.55263
Howe_105	21	1	614.09467	927.94737	119.28994	956.55263
Howe_105	22	0	1269.58580	699.15789	643.82840	716.23684
Howe_105	22	1	1785.08876	748.02632	1092.69231	737.76316
Howe_105	23	0	740.63314	120.73684	601.71006	133.57895
Howe_105	23	1	989.86391	122.86842	845.26036	126.47368
Howe_105	24	0	866.75740	900.23684	400.44970	922.81579
Howe_105	24	1	692.79290	1044.47368	92.90533	1075.02632
Howe_105	25	0	160.40237	456.94737	78.81657	470.39474
Howe_105	25	1	484.89941	451.97368	430.29586	464.71053
Howe_105	26	0	989.10059	617.73684	482.73964	623.21053
Howe_105	26	1	784.46746	471.31579	208.65680	474.00000
Howe_105	27	0	983.46154	822.36842	580.02959	844.65789
Howe_105	27	1	805.23669	897.68421	327.95858	912.86842
Howe_105	28	0	253.45562	649.42105	167.43195	654.13158
Howe_105	28	1	686.05917	587.63158	564.24852	591.10526
Howe_105	29	0	1474.73964	742.63158	1020.35503	747.26316
Howe_105	29	1	1772.96450	764.65789	1232.56213	762.86842
Howe_105	30	0	1335.42012	704.81579	928.91124	706.15789
Howe_105	30	1	1192.87574	571.13158	750.68639	576.84211
Howe_105	31	0	1056.04734	810.50000	573.72781	818.52632
Howe_105	31	1	866.46154	752.23684	306.74556	761.68421
Howe_105	32	0	1040.97633	669.05263	571.38462	674.68421
Howe_105	32	1	918.13609	585.21053	366.88757	592.97368
Howe_105	33	0	720.05325	702.39474	295.38462	716.21053
Howe_105	33	1	572.36095	572.36842	56.80473	591.15789
Howe_105	34	0	1302.68639	715.68421	946.66272	730.94737
Howe_105	34	1	1477.07101	690.26316	1143.53254	701.28947
Howe_105	35	0	1616.09467	36.94737	1107.69231	54.00000
Howe_105	35	1	1346.27219	85.26316	934.43787	96.63158
Howe_105	36	0	719.81657	659.21053	298.22485	662.21053
Howe_105	36	1	553.66272	533.44737	42.60355	548.52632
Howe_105	37	0	812.30769	230.21053	425.20118	245.36842
Howe_105	37	1	514.08284	122.21053	73.84615	113.68421
Howe_105	38	0	911.63905	298.28947	825.48521	302.05263
Howe_105	38	1	1681.42012	147.78947	1474.04734	144.86842
Howe_105	39	0	1066.77515	588.65789	859.72781	591.89474
Howe_105	39	1	900.62130	500.55263	648.13018	502.36842
Howe_105	40	0	684.49704	704.84211	178.93491	713.36842
Howe_105	40	1	1187.21893	611.05263	622.01183	616.73684
Howe_105	41	0	921.89941	166.81579	822.11243	176.34211
Howe_105	41	1	708.88166	136.26316	616.90533	150.05263
Howe_105	42	0	1359.92899	265.57895	1232.99408	263.52632
Howe_105	42	1	1036.85207	168.23684	820.31953	171.52632
Howe_105	43	0	540.10651	618.73684	407.29586	623.36842
Howe_105	43	1	400.22485	577.52632	289.42604	577.89474
Howe_105	44	0	794.68639	190.42105	472.43195	197.26316
Howe_105	44	1	621.43195	103.73684	269.35503	107.02632
Howe_105	45	0	697.88166	814.13158	330.92308	826.94737
Howe_105	45	1	550.18935	898.68421	111.47929	927.05263
Howe_105	46	0	1022.24260	183.92105	815.59172	188.97368
Howe_105	46	1	763.07101	212.34211	558.55030	218.81579
Howe_105	47	0	839.14201	563.73684	611.53846	568.55263
Howe_105	47	1	587.07101	523.23684	313.20710	516.13158
Howe_105	48	0	815.52676	321.26119	688.60441	330.48881
Howe_105	48	1	712.77754	361.55970	568.73033	371.29104
Howe_105	49	0	689.44379	353.76316	334.43787	357.42105
Howe_105	49	1	507.66864	295.50000	83.78698	306.26316
Howe_105	50	0	1050.55621	454.86842	974.88757	454.92105
Howe_105	50	1	1733.96450	448.47368	1576.31953	445.89474
Howe_107	0	0	381.26627	159.73684	304.11243	173.26316
Howe_107	0	1	534.63905	249.26316	444.70414	257.81579
Howe_107	1	0	1158.39053	205.84211	938.09467	185.52632
Howe_107	1	1	1377.08876	151.13158	1139.75148	128.68421
Howe_107	2	0	769.63905	397.81579	535.92308	382.89474
Howe_107	2	1	625.49704	295.50000	359.82840	286.26316
Howe_107	3	0	897.15385	242.31579	719.54438	234.21053
Howe_107	3	1	1074.66864	265.76316	882.14793	246.28947
Howe_107	4	0	1350.64497	682.78947	1129.47929	662.55263
Howe_107	4	1	1508.98817	711.92105	1288.53254	692.39474
Howe_107	5	0	893.45562	748.18421	426.46746	740.28947
Howe_107	5	1	642.09467	596.84211	187.45562	588.76316
Howe_107	6	0	1576.59763	409.13158	1373.81657	384.78947
Howe_107	6	1	1357.18935	345.18421	1129.55621	327.23684
Howe_107	7	0	801.65680	780.63158	371.16568	777.86842
Howe_107	7	1	1040.94675	693.94737	683.52663	698.42105
Howe_107	8	0	1673.58580	394.34211	932.90533	372.97368
Howe_107	8	1	1474.05917	309.07895	765.33136	289.13158
Howe_107	9	0	1427.29586	654.31579	976.53254	630.89474
Howe_107	9	1	1314.39645	591.07895	865.76331	569.78947
Howe_107	10	0	1363.39053	694.81579	811.08876	672.81579
Howe_107	10	1	1229.18935	652.18421	684.69822	634.44737
Howe_107	11	0	1219.69231	304.71053	1038.21893	285.50000
Howe_107	11	1	1138.03550	296.18421	959.40237	283.36842
Howe_107	12	0	1275.07692	400.63158	920.34911	384.97368
Howe_107	12	1	1179.92899	411.28947	811.00000	394.21053
Howe_107	13	0	668.26036	278.21053	370.65089	266.89474
Howe_107	13	1	553.23077	271.81579	258.46154	266.89474
Howe_107	14	0	1051.59763	566.89474	692.97041	554.94737
Howe_107	14	1	967.10059	571.15789	572.97041	554.23684
Howe_107	15	0	1031.53846	235.57895	807.10059	222.31579
Howe_107	15	1	966.92308	270.39474	756.68639	258.55263
Howe_107	16	0	1550.91124	814.13158	992.01183	784.86842
Howe_107	16	1	1739.07692	808.44737	1121.24260	769.23684
Howe_107	17	0	1051.38462	698.07895	503.46746	683.21053
Howe_107	17	1	1177.06509	730.05263	640.50888	713.05263
Howe_107	18	0	952.05917	868.84211	282.52663	867.44737
Howe_107	18	1	1087.68047	801.34211	483.47337	783.60526
Howe_107	19	0	1098.41420	141.18421	786.99408	122.76316
Howe_107	19	1	798.50888	127.89474	504.39053	114.94737
Howe_107	20	0	1026.92308	148.31579	806.82840	128.60526
Howe_107	20	1	1281.83432	70.15789	1022.68639	46.89474
Howe_107	21	0	1040.58580	37.84211	787.98225	15.63158
Howe_107	21	1	881.53254	108.89474	632.47929	90.23684
Howe_107	22	0	847.02367	55.86842	579.23077	40.50000
Howe_107	22	1	724.18343	119.10526	476.98225	104.44737
Howe_107	23	0	610.32544	364.07895	407.27219	360.21053
Howe_107	23	1	473.28402	327.13158	247.50888	323.97368
Howe_107	24	0	391.70414	147.52632	205.00000	149.28947
Howe_107	24	1	564.24852	152.50000	384.64497	150.00000
Howe_107	25	0	1569.92308	262.71053	1426.43195	230.44737
Howe_107	25	1	1689.92308	267.68421	1547.85207	231.86842
Howe_107	26	0	1301.76331	627.07895	846.88757	606.92105
Howe_107	26	1	1556.67456	581.60526	1085.46746	556.47368
Howe_107	27	0	743.04734	174.26316	577.37870	167.68421
Howe_107	27	1	916.30178	157.92105	754.18343	146.36842
Howe_107	28	0	1161.71598	284.18421	923.91124	263.50000
Howe_107	28	1	1041.71598	267.13158	794.68047	251.42105
Howe_107	29	0	975.68047	271.39474	752.07692	255.68421
Howe_107	29	1	854.97041	272.81579	640.59763	261.36842
Howe_107	30	0	1056.30769	198.47368	747.10651	180.36842
Howe_107	30	1	910.74556	220.50000	600.83432	203.10526
Howe_107	31	0	1147.23669	124.34211	851.48521	102.76316
Howe_107	31	1	996.70414	121.50000	705.92308	104.18421
Howe_107	32	0	1031.49704	82.42105	789.71006	62.26316
Howe_107	32	1	912.91716	108.00000	672.55030	93.52632
Howe_107	33	0	1167.01183	397.31579	898.63314	376.52632
Howe_107	33	1	1061.92308	409.39474	770.82249	395.00000
Howe_107	34	0	1089.61538	492.52632	831.88757	478.84211
Howe_107	34	1	1005.11834	456.28947	754.49112	443.31579
Howe_107	35	0	987.36686	388.78947	747.39053	377.23684
Howe_107	35	1	903.57988	422.89474	638.75148	407.07895
Howe_107	36	0	955.50296	595.60526	319.60947	571.71053
Howe_107	36	1	800.00000	497.55263	220.20118	479.34211
Howe_107	37	0	813.81657	31.97368	591.93491	19.18421
Howe_107	37	1	703.04734	61.10526	496.07692	51.86842
Howe_107	38	0	1644.40828	355.97368	1361.94083	333.10526
Howe_107	38	1	1486.77515	351.00000	1214.95858	330.97368
Howe_107	39	0	784.69231	255.00000	528.49704	242.89474
Howe_107	39	1	1624.35503	140.57895	1425.79882	103.47368
Howe_107	40	0	511.76923	404.18421	3.55030	390.71053
Howe_107	40	1	1871.71598	551.36842	1463.04142	522.71053
Howe_107	41	0	779.60947	290.36842	544.68639	282.60526
Howe_107	41	1	535.80473	139.39474	212.55621	130.60526
Howe_108	0	0	759.80473	374.52632	743.28402	378.34211
Howe_108	0	1	918.14793	381.63158	900.91716	386.15789
Howe_108	1	0	377.02959	570.31579	248.56213	577.55263
Howe_108	1	1	510.52071	563.21053	373.53254	570.44737
Howe_108	2	0	1442.10651	657.97368	1213.49704	664.73684
Howe_108	2	1	1704.11834	691.36842	1432.19527	700.26316
Howe_108	3	0	1130.00592	138.55263	932.02367	140.52632
Howe_108	3	1	1002.19527	90.23684	820.54438	95.05263
Howe_108	4	0	1170.78107	424.00000	1040.25444	424.10526
Howe_108	4	1	1371.01775	397.71053	1234.81065	394.26316
Howe_108	5	0	654.32544	535.10526	592.91716	541.21053
Howe_108	5	1	824.02959	459.78947	761.91124	462.34211
Howe_108	6	0	680.75148	559.21053	543.91716	565.36842
Howe_108	6	1	912.23077	505.21053	770.42604	509.23684
Howe_108	7	0	906.14201	526.07895	789.90533	530.76316
Howe_108	7	1	1063.77515	453.60526	953.92899	455.44737
Howe_108	8	0	752.04734	381.42105	504.91124	387.52632
Howe_108	8	1	529.08876	379.28947	203.59763	387.76316
Howe_108	9	0	653.07101	610.18421	459.04734	612.28947
Howe_108	9	1	983.24852	532.02632	791.25444	534.31579
Howe_108	10	0	1231.95266	488.31579	1080.05325	488.65789
Howe_108	10	1	1641.43787	419.86842	1451.82249	415.23684
Howe_108	11	0	1061.20118	509.42105	966.57988	512.21053
Howe_108	11	1	1174.81065	428.42105	1074.50888	431.92105
Howe_108	12	0	525.34320	326.07895	456.40828	341.00000
Howe_108	12	1	682.97633	294.81579	607.65089	311.15789
Howe_108	13	0	1491.69231	680.42105	1149.40828	690.15789
Howe_108	13	1	1667.07692	566.73684	1337.57396	573.63158
Howe_108	14	0	401.88757	382.00000	357.18935	394.26316
Howe_108	14	1	709.27811	276.36842	648.31361	289.10526
Howe_108	15	0	70.29586	412.23684	96.56805	434.07895
Howe_108	15	1	321.65680	353.26316	319.52663	373.68421
Howe_108	16	0	1834.08284	355.02632	1721.89349	341.68421
Howe_108	16	1	1533.01775	397.65789	1408.00592	395.00000
Howe_108	17	0	1080.27219	139.10526	980.69822	146.36842
Howe_108	17	1	857.59172	140.68421	764.84024	156.31579
Howe_108	18	0	979.72189	218.84211	885.55030	223.10526
Howe_108	18	1	758.18343	223.10526	662.59172	234.47368
Howe_108	19	0	799.36686	299.84211	689.57396	314.05263
Howe_108	19	1	589.88166	272.36842	481.33136	283.42105
Howe_108	20	0	579.94083	381.78947	477.07101	398.52632
Howe_108	20	1	320.05917	364.73684	255.53254	388.57895
Howe_108	21	0	533.07692	106.10526	421.68639	131.36842
Howe_108	21	1	227.75148	101.84211	143.34320	145.57895
Howe_108	22	0	1634.55621	288.47368	1518.10651	278.52632
Howe_108	22	1	1349.11243	267.15789	1232.66272	267.15789
Howe_108	23	0	1455.62130	322.57895	1309.34911	321.15789
Howe_108	23	1	1200.00000	335.36842	1056.56805	342.47368
Howe_108	24	0	565.20710	260.05263	448.75740	272.84211
Howe_108	24	1	336.56805	254.36842	249.94083	272.84211
Howe_108	25	0	1118.81065	208.47368	915.15976	218.86842
Howe_108	25	1	848.98817	150.92105	666.63905	164.86842
Howe_108	26	0	882.88757	536.52632	802.66272	542.13158
Howe_108	26	1	279.05325	515.73684	240.91124	532.84211
Howe_108	27	0	728.25444	811.89474	454.46746	816.36842
Howe_108	27	1	1489.66272	402.78947	1299.21302	403.50000
Howe_108	28	0	637.13018	564.73684	503.16568	572.63158
Howe_108	28	1	1291.32544	412.10526	1207.54438	411.42105
Howe_108	29	0	1067.44970	588.05263	955.84024	588.60526
Howe_108	29	1	558.80473	710.44737	407.88757	714.26316
Howe_108	30	0	693.46746	189.34211	542.58580	200.55263
Howe_108	30	1	834.76923	169.44737	686.72781	179.94737
Howe_108	31	0	1151.14201	776.55263	861.92899	788.26316
Howe_108	31	1	1875.97633	404.76316	1702.01183	396.60526
Howe_108	32	0	482.00592	199.57895	404.65680	222.02632
Howe_108	32	1	640.34911	188.92105	553.05917	207.10526
Howe_108	33	0	514.70414	545.26316	457.15385	553.57895
Howe_108	33	1	673.04734	541.00000	608.39645	546.47368
Howe_108	34	0	821.41420	519.26316	691.68639	525.86842
Howe_108	34	1	986.14793	439.68421	862.81065	443.44737
Howe_108	35	0	1224.56805	439.28947	954.86391	444.36842
Howe_108	35	1	1374.39053	357.57895	1079.83432	361.23684
Howe_108	36	0	1396.16568	309.97368	998.27811	316.71053
Howe_108	36	1	1555.92899	215.47368	1149.52071	225.05263
Howe_108	37	0	854.91124	756.00000	420.35503	770.21053
Howe_108	37	1	1775.14793	346.73684	1587.69231	346.73684
Howe_108	38	0	1179.30178	335.89474	907.01183	340.36842
Howe_108	38	1	1344.74556	291.84211	1069.61538	295.60526
Howe_108	39	0	1060.72189	301.78947	811.15385	305.55263
Howe_108	39	1	1197.76331	274.07895	965.23669	277.84211
Howe_108	40	0	672.28402	509.78947	347.02367	514.92105
Howe_108	40	1	860.44970	503.39474	567.85207	517.76316
Howe_108	41	0	1192.89941	829.89474	133.49112	872.52632
Howe_108	41	1	1647.33728	682.10526	539.64497	667.89474
Howe_108	42	0	763.24260	194.26316	509.58580	199.68421
Howe_108	42	1	612.71006	128.89474	315.02959	141.42105
Howe_108	43	0	820.89941	681.36842	615.40237	688.57895
Howe_108	43	1	1055.92899	616.00000	863.21302	616.81579
Howe_108	44	0	609.83432	694.97368	363.38462	696.71053
Howe_108	44	1	808.65089	571.34211	594.86391	569.52632
Howe_108	45	0	1052.12426	594.18421	898.81657	598.39474
Howe_108	45	1	1256.62130	574.28947	1094.08284	575.65789
Howe_108	46	0	1062.70414	571.07895	946.49112	571.00000
Howe_108	46	1	1230.98817	541.23684	1133.23669	546.13158
Howe_108	47	0	1166.36095	463.89474	1042.53846	465.07895
Howe_108	47	1	1341.03550	490.18421	1215.08284	492.78947
Howe_108	48	0	1149.22485	507.71053	965.60355	508.97368
Howe_108	48	1	917.74556	497.76316	719.21302	506.84211
Howe_108	49	0	1340.59172	889.57895	491.36095	912.31579
Howe_108	49	1	1652.72189	570.78947	853.42012	581.18421
Howe_108	50	0	212.90533	751.05263	48.28402	754.71053
Howe_108	50	1	474.20710	680.71053	295.38462	682.23684
Howe_108	51	0	942.70414	605.21053	808.75148	615.92105
Howe_108	51	1	1153.59172	555.47368	1028.86982	559.07895
Howe_108	52	0	1119.47929	559.86842	1004.69231	563.07895
Howe_108	52	1	980.30769	530.73684	847.76923	538.92105
Howe_108	53	0	1391.50888	376.05263	1250.92899	378.13158
Howe_108	53	1	1605.94675	364.68421	1448.32544	364.63158
Howe_108	54	0	1504.20118	611.18421	1293.97041	623.60526
Howe_108	54	1	1747.75148	549.36842	1504.85799	551.84211
Howe_108	55	0	1280.16568	564.78947	1079.53254	573.15789
Howe_108	55	1	1385.25444	443.28947	1214.44379	448.81579
Howe_109	0	0	1423.61538	544.50000	1293.60947	565.34211
Howe_109	0	1	1572.72781	577.18421	1451.24260	601.57895
Howe_109	1	0	1143.17751	583.26316	1039.40828	601.68421
Howe_109	1	1	1245.42604	522.15789	1135.97633	542.00000
Howe_109	2	0	972.69231	692.84211	771.84024	713.81579
Howe_109	2	1	1087.01183	720.55263	881.89941	740.10526
Howe_109	3	0	721.33136	641.68421	517.42604	658.23684
Howe_109	3	1	846.30178	630.31579	645.23669	644.02632
Howe_109	4	0	981.25444	546.39474	800.09467	563.42105
Howe_109	4	1	1094.15385	575.52632	906.60355	591.13158
Howe_109	5	0	1352.90533	605.36842	866.15385	620.86842
Howe_109	5	1	1492.78698	594.71053	971.24260	616.60526
Howe_109	6	0	538.01775	677.07895	268.60355	688.63158
Howe_109	6	1	727.60355	692.00000	475.23077	704.97368
Howe_109	7	0	1024.63314	360.23684	910.87574	373.92105
Howe_109	7	1	1134.69231	363.78947	1018.80473	384.57895
Howe_109	8	0	1395.41420	95.21053	1245.48521	111.23684
Howe_109	8	1	1540.26627	103.02632	1383.94675	114.78947
Howe_109	9	0	701.58580	166.55263	536.42604	194.47368
Howe_109	9	1	814.48521	205.63158	631.57396	224.31579
Howe_109	10	0	1157.17160	601.10526	935.06509	623.13158
Howe_109	10	1	1314.09467	544.97368	1070.68639	564.86842
Howe_109	11	0	1154.53846	529.94737	930.95858	545.50000
Howe_109	11	1	1311.46154	498.68421	1048.82840	516.36842
Howe_109	12	0	1259.88166	598.34211	1046.52663	617.73684
Howe_109	12	1	1444.49704	594.78947	1204.86982	616.31579
Howe_109	13	0	498.68639	757.42105	229.79290	770.02632
Howe_109	13	1	651.34911	716.21053	406.59763	728.81579
Howe_109	14	0	975.92308	509.44737	800.51479	522.73684
Howe_109	14	1	1216.63314	514.42105	1053.29586	532.68421
Howe_109	15	0	1847.57396	681.23684	1491.27219	695.44737
Howe_109	15	1	457.57988	488.60526	59.64497	495.52632
Howe_109	16	0	1000.23669	430.39474	596.04142	440.10526
Howe_109	16	1	670.90533	504.44737	134.91124	511.71053
Howe_109	17	0	1569.14793	1008.94737	1468.40237	1062.94737
Howe_109	17	1	1330.56805	1013.92105	1229.57396	1053.71053
Howe_109	18	0	1208.14793	1033.81579	620.86391	1046.60526
Howe_109	18	1	936.19527	1038.07895	225.36095	1078.57895
Howe_109	19	0	552.20118	742.89474	574.53846	758.07895
Howe_109	19	1	1122.89941	663.50000	1157.37870	692.07895
Howe_109	20	0	1148.61538	647.84211	987.40237	669.15789
Howe_109	20	1	1316.89941	590.28947	1167.75740	613.02632
Howe_109	21	0	1266.53846	769.47368	810.09467	782.21053
Howe_109	21	1	1591.74556	694.86842	1023.82249	699.78947
Howe_109	22	0	855.34320	735.73684	217.47929	755.57895
Howe_109	22	1	1254.33136	696.60526	625.53846	704.97368
Howe_109	23	0	1190.34320	593.78947	433.15976	600.28947
Howe_109	23	1	1475.07692	545.47368	733.51479	547.71053
Howe_109	24	0	1285.05325	392.73684	610.77515	395.28947
Howe_109	24	1	1494.19527	427.36842	870.65680	442.89474
Howe_109	25	0	1591.21893	696.71053	1245.81065	716.71053
Howe_109	25	1	655.87574	566.57895	400.94675	582.21053
Howe_110	0	0	1196.66272	598.10526	625.43787	594.52632
Howe_110	0	1	928.26036	510.71053	439.40237	503.57895
Howe_110	1	0	1641.65680	532.13158	1272.62722	538.50000
Howe_110	1	1	1830.53254	476.00000	1454.40237	490.89474
Howe_110	2	0	1434.26627	316.97368	1203.36095	325.97368
Howe_110	2	1	1654.38462	223.18421	1385.13609	233.60526
Howe_110	3	0	1191.40828	329.15789	1027.43787	329.44737
Howe_110	3	1	1320.63905	243.89474	1177.97041	244.89474
Howe_110	4	0	1025.59172	210.34211	1036.64497	210.00000
Howe_110	4	1	895.14201	173.34211	905.28402	180.86842
Howe_110	5	0	1212.72781	316.63158	1006.73964	318.97368
Howe_110	5	1	951.27219	135.00000	784.85799	137.65789
Howe_110	6	0	1429.88166	855.36842	851.04734	853.78947
Howe_110	6	1	1664.91124	828.36842	1055.54438	821.10526
Howe_110	7	0	1181.53846	304.10526	457.23077	291.89474
Howe_110	7	1	1712.66272	227.36842	969.10059	244.97368
Howe_110	8	0	953.84024	48.31579	700.73964	43.34211
Howe_110	8	1	795.49704	0.00000	555.17751	0.71053
Howe_110	9	0	1298.46154	790.05263	515.96450	792.84211
Howe_110	9	1	1536.28402	642.65789	840.04142	627.84211
Howe_110	10	0	1379.94675	445.31579	957.76923	454.02632
Howe_110	10	1	1595.09467	395.57895	1160.84615	395.05263
Howe_110	11	0	860.74556	568.55263	627.92899	559.68421
Howe_110	11	1	391.23669	569.42105	26.27219	555.21053
Howe_110	12	0	749.63314	461.26316	463.26627	447.65789
Howe_110	12	1	866.08284	442.07895	625.15976	436.28947
Howe_110	13	0	999.23669	369.26316	266.63314	343.84211
Howe_110	13	1	1296.93491	326.97368	625.27219	317.18421
Howe_110	14	0	1099.31361	294.00000	976.82840	293.78947
Howe_110	14	1	493.27811	6.39474	375.34320	12.78947
Howe_110	15	0	1089.47929	223.76316	925.08284	232.68421
Howe_110	15	1	1910.76923	114.39474	1725.46746	116.34211
Howe_110	16	0	600.18343	474.65789	231.40828	454.65789
Howe_110	16	1	792.60947	478.92105	477.90533	468.36842
Howe_110	17	0	1210.44970	577.94737	768.86982	578.21053
Howe_110	17	1	1476.01183	512.57895	987.56805	516.39474
Howe_110	18	0	1099.83432	499.42105	749.71598	505.36842
Howe_110	18	1	899.59763	443.28947	542.37870	435.73684
Howe_110	19	0	1103.01775	619.10526	673.69822	610.81579
Howe_110	19	1	872.97041	603.84211	446.38462	592.34211
Howe_110	20	0	1352.59172	300.63158	688.65089	295.81579
Howe_110	20	1	1087.73964	252.31579	532.43787	235.42105
Howe_110	21	0	1063.88166	438.92105	497.64497	423.71053
Howe_110	21	1	1328.02367	399.13158	787.34911	400.26316
Howe_111	0	0	1805.41420	565.26316	1605.86391	578.44737
Howe_111	0	1	1671.21302	560.28947	1480.89349	566.36842
Howe_111	1	0	1466.07692	698.97368	1251.05917	704.63158
Howe_111	1	1	1370.92899	693.28947	1151.65089	691.84211
Howe_111	2	0	1414.95266	598.78947	1157.33136	595.92105
Howe_111	2	1	1511.52071	628.63158	1238.27811	626.47368
Howe_111	3	0	1512.94083	815.50000	1292.24260	820.44737
Howe_111	3	1	1417.08284	784.94737	1197.09467	786.34211
Howe_111	4	0	1270.10059	752.97368	1098.39645	750.81579
Howe_111	4	1	1360.27811	738.76316	1187.86391	740.15789
Howe_111	5	0	1158.78107	595.50000	996.98225	587.23684
Howe_111	5	1	1236.17751	577.73684	1077.92899	572.31579
Howe_111	6	0	1099.84615	692.84211	891.18343	678.89474
Howe_111	6	1	1175.82249	687.86842	977.10059	681.02632
Howe_111	7	0	1236.17751	607.57895	1090.71006	599.31579
Howe_111	7	1	1303.63314	592.65789	1167.39645	586.52632
Howe_111	8	0	1061.50296	650.92105	875.56213	637.68421
Howe_111	8	1	1124.69822	640.26316	951.53846	631.28947
Howe_111	9	0	1150.97041	656.60526	944.43787	644.07895
Howe_111	9	1	1224.81657	642.39474	1026.80473	635.55263
Howe_111	10	0	1154.26036	811.28947	943.62722	805.52632
Howe_111	10	1	1245.85799	841.84211	1040.90533	837.50000
Howe_111	11	0	993.07692	774.34211	804.45562	758.63158
Howe_111	11	1	1072.60355	755.15789	893.92308	741.57895
Howe_111	12	0	1272.84024	777.89474	1054.10651	774.97368
Howe_111	12	1	1348.10651	808.44737	1115.17160	808.36842
Howe_111	13	0	1097.45562	801.34211	936.23669	787.76316
Howe_111	13	1	1170.59172	794.94737	1002.98225	788.47368
Howe_111	14	0	923.57988	542.36842	759.60947	523.44737
Howe_111	14	1	1001.68639	538.81579	844.10651	522.73684
Howe_111	15	0	1042.15976	579.31579	834.16568	568.21053
Howe_111	15	1	1110.32544	578.60526	918.66272	569.63158
Howe_111	16	0	1356.72189	788.44737	1153.11243	787.26316
Howe_111	16	1	1578.26036	671.21053	1387.43195	679.26316
Howe_111	17	0	1890.88757	724.21053	1690.52663	746.52632
Howe_111	17	1	1481.89349	738.42105	1285.79290	740.84211
Howe_111	18	0	1124.36095	731.60526	930.87574	719.89474
Howe_111	18	1	1299.74556	730.89474	1119.04142	727.71053
Howe_111	19	0	1419.86982	982.63158	1126.01183	982.65789
Howe_111	19	1	1562.59172	895.23684	1326.95858	898.81579
Howe_111	20	0	801.38462	506.13158	615.44379	480.55263
Howe_111	20	1	526.59172	449.28947	315.90533	420.81579
Howe_111	21	0	1551.97041	1021.02632	1286.04142	1033.10526
Howe_111	21	1	1760.01775	992.60526	1524.76331	1011.78947
Howe_111	22	0	1653.46154	481.86842	1469.05917	487.00000
Howe_111	22	1	1892.30769	407.76316	1711.18935	414.52632
Howe_111	23	0	1561.23669	865.50000	1094.04734	851.34211
Howe_111	23	1	1755.97633	697.05263	1293.57396	702.13158
Howe_111	24	0	960.58580	513.18421	849.59172	501.44737
Howe_111	24	1	827.80473	508.21053	704.02959	492.92105
Howe_111	25	0	1338.11243	484.76316	1210.98817	479.55263
Howe_111	25	1	1207.46154	486.18421	1084.59763	477.42105
Howe_111	26	0	1130.41420	855.47368	729.94083	849.78947
Howe_111	26	1	1646.56213	537.13158	1475.22485	547.28947
Howe_111	27	0	1112.00592	608.00000	1079.11243	597.34211
Howe_111	27	1	1589.25444	549.36842	1622.38462	560.63158
Howe_111	28	0	1280.94675	858.31579	914.55621	846.94737
Howe_111	28	1	636.21302	511.57895	482.84024	508.73684
Howe_111	29	0	729.43195	738.47368	489.29586	711.47368
Howe_111	29	1	823.86982	683.76316	605.74556	660.31579
Howe_111	30	0	1559.20118	403.42105	1217.73373	400.10526
Howe_111	30	1	1365.35503	354.39474	1076.43195	343.97368
Howe_111	31	0	850.41420	630.73684	618.36686	610.86842
Howe_111	31	1	697.04142	568.21053	480.61538	544.07895
Howe_111	32	0	1289.39053	749.84211	1037.23077	743.68421
Howe_111	32	1	1530.81065	763.34211	1277.37278	770.60526
Howe_111	33	0	1449.16568	795.15789	1130.07101	787.05263
Howe_111	33	1	1843.24852	804.39474	1475.86982	811.21053
Howe_111	34	0	998.13609	462.57895	814.16568	447.15789
Howe_111	34	1	828.43195	441.97368	670.73373	425.13158
