OpCode	Camera	MovieSeqIndex	StartTimeOffset	Format	Filename	Frames	Rate
NCMP_01052022_CL1-1_BRUV	0	0	0.00000	1	20220501_L16_MAH00366.MP4	81120	59.94018
NCMP_01052022_CL1-1_BRUV	0	0	0.00000	1	20220501_L16_MAH00367.MP4	81061	59.94018
NCMP_01052022_CL1-1_BRUV	0	0	0.00000	1	20220501_L16_MAH00368.MP4	81061	59.94018
NCMP_01052022_CL1-1_BRUV	0	0	0.00000	1	20220501_L16_MAH00369.MP4	40950	59.94018
NCMP_01052022_CL1-1_BRUV	1	0	0.00000	1	20220501_R15_MAH00351.MP4	81122	59.94006
NCMP_01052022_CL1-2_BRUV	0	0	0.00000	1	20220501_L32_MAH00357.MP4	81120	59.94018
NCMP_01052022_CL1-2_BRUV	0	0	0.00000	1	20220501_L32_MAH00358.MP4	81061	59.94018
NCMP_01052022_CL1-2_BRUV	0	0	0.00000	1	20220501_L32_MAH00359.MP4	81061	59.94018
NCMP_01052022_CL1-2_BRUV	0	0	0.00000	1	20220501_L32_MAH00360.MP4	27510	59.94018
NCMP_01052022_CL1-2_BRUV	1	0	0.00000	1	20220501_R31_MAH00287.MP4	81122	59.94006
NCMP_01052022_CL1-2_BRUV	1	0	0.00000	1	20220501_R31_MAH00288.MP4	81060	59.94006
NCMP_01052022_CL1-2_BRUV	1	0	0.00000	1	20220501_R31_MAH00289.MP4	81061	59.94006
NCMP_01052022_CL1-2_BRUV	1	0	0.00000	1	20220501_R31_MAH00290.MP4	29520	59.94006
NCMP_01052022_CL1-3_BRUV	0	0	0.00000	1	20220501_L6_MAH00452.MP4	81120	59.94018
NCMP_01052022_CL1-3_BRUV	0	0	0.00000	1	20220501_L6_MAH00453.MP4	81061	59.94018
NCMP_01052022_CL1-3_BRUV	0	0	0.00000	1	20220501_L6_MAH00454.MP4	81121	59.94018
NCMP_01052022_CL1-3_BRUV	0	0	0.00000	1	20220501_L6_MAH00455.MP4	40380	59.94018
NCMP_01052022_CL1-3_BRUV	1	0	0.00000	1	20220501_R5_MAH00386.MP4	81122	59.94006
NCMP_01052022_CL1-3_BRUV	1	0	0.00000	1	20220501_R5_MAH00387.MP4	81060	59.94006
NCMP_01052022_CL1-3_BRUV	1	0	0.00000	1	20220501_R5_MAH00388.MP4	81121	59.94006
NCMP_01052022_CL1-3_BRUV	1	0	0.00000	1	20220501_R5_MAH00389.MP4	43320	59.94006
NCMP_01052022_CL1-4_BRUV	0	0	0.00000	1	20220501_L28_MAH00371.MP4	81120	59.94018
NCMP_01052022_CL1-4_BRUV	0	0	0.00000	1	20220501_L28_MAH00372.MP4	81061	59.94018
NCMP_01052022_CL1-4_BRUV	0	0	0.00000	1	20220501_L28_MAH00373.MP4	81061	59.94018
NCMP_01052022_CL1-4_BRUV	0	0	0.00000	1	20220501_L28_MAH00374.MP4	53550	59.94018
NCMP_01052022_CL1-4_BRUV	1	0	0.00000	1	20220501_R27_MAH00371.MP4	81062	59.94006
NCMP_01052022_CL1-4_BRUV	1	0	0.00000	1	20220501_R27_MAH00372.MP4	81061	59.94006
NCMP_01052022_CL1-4_BRUV	1	0	0.00000	1	20220501_R27_MAH00373.MP4	81061	59.94006
NCMP_01052022_CL1-4_BRUV	1	0	0.00000	1	20220501_R27_MAH00374.MP4	51990	59.94006
NCMP_01052022_CL1-5_BRUV	0	0	0.00000	1	20220501_L8_MAH00358.MP4	81120	59.94018
NCMP_01052022_CL1-5_BRUV	0	0	0.00000	1	20220501_L8_MAH00359.MP4	81061	59.94018
NCMP_01052022_CL1-5_BRUV	0	0	0.00000	1	20220501_L8_MAH00360.MP4	81061	59.94018
NCMP_01052022_CL1-5_BRUV	0	0	0.00000	1	20220501_L8_MAH00361.MP4	41400	59.94018
NCMP_01052022_CL1-5_BRUV	1	0	0.00000	1	20220501_R7_MAH00397.MP4	81122	59.94006
NCMP_01052022_CL1-5_BRUV	1	0	0.00000	1	20220501_R7_MAH00398.MP4	81060	59.94006
NCMP_01052022_CL1-5_BRUV	1	0	0.00000	1	20220501_R7_MAH00399.MP4	81061	59.94006
NCMP_01052022_CL1-5_BRUV	1	0	0.00000	1	20220501_R7_MAH00400.MP4	46200	59.94006
NCMP_01052022_CL2-3_BRUV	0	0	0.00000	1	20220501_L2_MAH00325.MP4	81120	59.94018
NCMP_01052022_CL2-3_BRUV	0	0	0.00000	1	20220501_L2_MAH00326.MP4	81061	59.94018
NCMP_01052022_CL2-3_BRUV	0	0	0.00000	1	20220501_L2_MAH00327.MP4	81061	59.94018
NCMP_01052022_CL2-3_BRUV	0	0	0.00000	1	20220501_L2_MAH00328.MP4	69930	59.94018
NCMP_01052022_CL2-3_BRUV	1	0	0.00000	1	20220501_R1_MAH00409.MP4	81122	59.94006
NCMP_01052022_CL2-3_BRUV	1	0	0.00000	1	20220501_R1_MAH00410.MP4	81060	59.94006
NCMP_01052022_CL2-3_BRUV	1	0	0.00000	1	20220501_R1_MAH00411.MP4	81061	59.94006
NCMP_01052022_CL2-3_BRUV	1	0	0.00000	1	20220501_R1_MAH00412.MP4	71580	59.94006
NCMP_01052022_CL2-4_BRUV	0	0	0.00000	1	20220501_L4_MAH00335.MP4	81120	59.94018
NCMP_01052022_CL2-4_BRUV	0	0	0.00000	1	20220501_L4_MAH00336.MP4	81061	59.94018
NCMP_01052022_CL2-4_BRUV	0	0	0.00000	1	20220501_L4_MAH00337.MP4	81061	59.94018
NCMP_01052022_CL2-4_BRUV	0	0	0.00000	1	20220501_L4_MAH00338.MP4	73321	59.94018
NCMP_01052022_CL2-4_BRUV	1	0	0.00000	1	20220501_R3_MAH00023.MP4	81122	59.94006
NCMP_01052022_CL2-4_BRUV	1	0	0.00000	1	20220501_R3_MAH00024.MP4	81120	59.94006
NCMP_01052022_CL2-4_BRUV	1	0	0.00000	1	20220501_R3_MAH00025.MP4	81061	59.94006
NCMP_01052022_CL2-4_BRUV	1	0	0.00000	1	20220501_R3_MAH00026.MP4	67050	59.94006
NCMP_01052022_CL2-5_BRUV	0	0	0.00000	1	20220501_L10_MAH00069.MP4	81120	59.94006
NCMP_01052022_CL2-5_BRUV	0	0	0.00000	1	20220501_L10_MAH00070.MP4	81060	59.94006
NCMP_01052022_CL2-5_BRUV	0	0	0.00000	1	20220501_L10_MAH00071.MP4	81061	59.94006
NCMP_01052022_CL2-5_BRUV	0	0	0.00000	1	20220501_L10_MAH00072.MP4	60840	59.94006
NCMP_01052022_CL2-5_BRUV	0	0	0.00000	1	20220501_L10_MAH00069.MP4	81122	59.94006
NCMP_01052022_CL2-5_BRUV	1	0	0.00000	1	20220501_R9_MAH00433.MP4	81122	59.94006
NCMP_01052022_CL2-5_BRUV	1	0	0.00000	1	20220501_R9_MAH00434.MP4	81060	59.94006
NCMP_01052022_CL2-5_BRUV	1	0	0.00000	1	20220501_R9_MAH00435.MP4	81061	59.94006
NCMP_01052022_CL2-5_BRUV	1	0	0.00000	1	20220501_R9_MAH00436.MP4	58200	59.94006
NCMP_01052022_CL3-1_BRUV	0	0	0.00000	1	20220501_L2_MAH00329.MP4	81120	59.94006
NCMP_01052022_CL3-1_BRUV	0	0	0.00000	1	20220501_L2_MAH00330.MP4	81060	59.94006
NCMP_01052022_CL3-1_BRUV	0	0	0.00000	1	20220501_L2_MAH00331.MP4	81061	59.94006
NCMP_01052022_CL3-1_BRUV	0	0	0.00000	1	20220501_L2_MAH00332.MP4	38130	59.94006
NCMP_01052022_CL3-1_BRUV	0	0	0.00000	1	20220501_L2_MAH00329.MP4	81122	59.94006
NCMP_01052022_CL3-1_BRUV	1	0	0.00000	1	20220501_R1_MAH00413.MP4	81122	59.94006
NCMP_01052022_CL3-1_BRUV	1	0	0.00000	1	20220501_R1_MAH00414.MP4	81060	59.94006
NCMP_01052022_CL3-1_BRUV	1	0	0.00000	1	20220501_R1_MAH00415.MP4	81061	59.94006
NCMP_01052022_CL3-1_BRUV	1	0	0.00000	1	20220501_R1_MAH00416.MP4	39150	59.94006
NCMP_01052022_CL3-2_BRUV	0	0	0.00000	1	20220501_L10_MAH00073.MP4	81060	59.94006
NCMP_01052022_CL3-2_BRUV	0	0	0.00000	1	20220501_L10_MAH00074.MP4	81061	59.94006
NCMP_01052022_CL3-2_BRUV	0	0	0.00000	1	20220501_L10_MAH00075.MP4	81121	59.94006
NCMP_01052022_CL3-2_BRUV	0	0	0.00000	1	20220501_L10_MAH00076.MP4	42450	59.94006
NCMP_01052022_CL3-2_BRUV	0	0	0.00000	1	20220501_L10_MAH00073.MP4	81062	59.94006
NCMP_01052022_CL3-2_BRUV	1	0	0.00000	1	20220501_R9_MAH00437.MP4	81122	59.94006
NCMP_01052022_CL3-2_BRUV	1	0	0.00000	1	20220501_R9_MAH00438.MP4	81060	59.94006
NCMP_01052022_CL3-2_BRUV	1	0	0.00000	1	20220501_R9_MAH00439.MP4	81121	59.94006
NCMP_01052022_CL3-2_BRUV	1	0	0.00000	1	20220501_R9_MAH00440.MP4	42480	59.94006
NCMP_01052022_CL3-3_BRUV	0	0	0.00000	1	20220501_L8_MAH00362.MP4	81120	59.94006
NCMP_01052022_CL3-3_BRUV	0	0	0.00000	1	20220501_L8_MAH00363.MP4	81060	59.94006
NCMP_01052022_CL3-3_BRUV	0	0	0.00000	1	20220501_L8_MAH00364.MP4	81061	59.94006
NCMP_01052022_CL3-3_BRUV	0	0	0.00000	1	20220501_L8_MAH00365.MP4	21690	59.94006
NCMP_01052022_CL3-3_BRUV	0	0	0.00000	1	20220501_L8_MAH00362.MP4	81122	59.94006
NCMP_01052022_CL3-3_BRUV	1	0	0.00000	1	20220501_R7_MAH00401.MP4	81122	59.94006
NCMP_01052022_CL3-3_BRUV	1	0	0.00000	1	20220501_R7_MAH00402.MP4	81060	59.94006
NCMP_01052022_CL3-3_BRUV	1	0	0.00000	1	20220501_R7_MAH00403.MP4	81061	59.94006
NCMP_01052022_CL3-3_BRUV	1	0	0.00000	1	20220501_R7_MAH00404.MP4	21540	59.94006
NCMP_01052022_CL3-4_BRUV	0	0	0.00000	1	20220501_L4_MAH00339.MP4	81120	59.94006
NCMP_01052022_CL3-4_BRUV	0	0	0.00000	1	20220501_L4_MAH00340.MP4	81060	59.94006
NCMP_01052022_CL3-4_BRUV	0	0	0.00000	1	20220501_L4_MAH00341.MP4	81061	59.94006
NCMP_01052022_CL3-4_BRUV	0	0	0.00000	1	20220501_L4_MAH00342.MP4	44580	59.94006
NCMP_01052022_CL3-4_BRUV	0	0	0.00000	1	20220501_L4_MAH00339.MP4	81122	59.94006
NCMP_01052022_CL3-4_BRUV	1	0	0.00000	1	20220501_R3_MAH00027.MP4	81122	59.94006
NCMP_01052022_CL3-4_BRUV	1	0	0.00000	1	20220501_R3_MAH00028.MP4	81060	59.94006
NCMP_01052022_CL3-4_BRUV	1	0	0.00000	1	20220501_R3_MAH00029.MP4	81061	59.94006
NCMP_01052022_CL3-4_BRUV	1	0	0.00000	1	20220501_R3_MAH00030.MP4	43320	59.94006
NCMP_01052022_CL4-3_BRUV	0	0	0.00000	1	20220501_L6_MAH00456.MP4	81120	59.94006
NCMP_01052022_CL4-3_BRUV	0	0	0.00000	1	20220501_L6_MAH00457.MP4	81120	59.94006
NCMP_01052022_CL4-3_BRUV	0	0	0.00000	1	20220501_L6_MAH00458.MP4	81061	59.94006
NCMP_01052022_CL4-3_BRUV	0	0	0.00000	1	20220501_L6_MAH00459.MP4	64440	59.94006
NCMP_01052022_CL4-3_BRUV	0	0	0.00000	1	20220501_L6_MAH00456.MP4	81122	59.94006
NCMP_01052022_CL4-3_BRUV	1	0	0.00000	1	20220501_R5_MAH00390.MP4	81122	59.94006
NCMP_01052022_CL4-3_BRUV	1	0	0.00000	1	20220501_R5_MAH00391.MP4	81120	59.94006
NCMP_01052022_CL4-3_BRUV	1	0	0.00000	1	20220501_R5_MAH00392.MP4	81061	59.94006
NCMP_01052022_CL4-3_BRUV	1	0	0.00000	1	20220501_R5_MAH00393.MP4	64020	59.94006
NCMP_01052022_CL4-5_BRUV	0	0	0.00000	1	20220501_L32_MAH00361.MP4	81060	59.94006
NCMP_01052022_CL4-5_BRUV	0	0	0.00000	1	20220501_L32_MAH00362.MP4	81121	59.94006
NCMP_01052022_CL4-5_BRUV	0	0	0.00000	1	20220501_L32_MAH00363.MP4	81061	59.94006
NCMP_01052022_CL4-5_BRUV	0	0	0.00000	1	20220501_L32_MAH00364.MP4	56880	59.94006
NCMP_01052022_CL4-5_BRUV	0	0	0.00000	1	20220501_L32_MAH00361.MP4	81062	59.94006
NCMP_01052022_CL4-5_BRUV	1	0	0.00000	1	20220501_R31_MAH00291.MP4	81122	59.94006
NCMP_01052022_CL4-5_BRUV	1	0	0.00000	1	20220501_R31_MAH00292.MP4	81120	59.94006
NCMP_01052022_CL4-5_BRUV	1	0	0.00000	1	20220501_R31_MAH00293.MP4	81061	59.94006
NCMP_01052022_CL4-5_BRUV	1	0	0.00000	1	20220501_R31_MAH00294.MP4	57930	59.94006
NCMP_01052022_CL5-2_BRUV	0	0	0.00000	1	20220501_L16_MAH00370.MP4	81120	59.94006
NCMP_01052022_CL5-2_BRUV	0	0	0.00000	1	20220501_L16_MAH00371.MP4	81060	59.94006
NCMP_01052022_CL5-2_BRUV	0	0	0.00000	1	20220501_L16_MAH00372.MP4	81121	59.94006
NCMP_01052022_CL5-2_BRUV	0	0	0.00000	1	20220501_L16_MAH00373.MP4	8520	59.94006
NCMP_01052022_CL5-2_BRUV	0	0	0.00000	1	20220501_L16_MAH00370.MP4	81122	59.94006
NCMP_01052022_CL5-2_BRUV	1	0	0.00000	1	20220501_R15_MAH00351.MP4	81122	59.94006
NCMP_01052022_CL5-2_BRUV	1	0	0.00000	1	20220501_R15_MAH00352.MP4	81060	59.94006
NCMP_01052022_CL5-2_BRUV	1	0	0.00000	1	20220501_R15_MAH00353.MP4	81121	59.94006
NCMP_01052022_CL5-2_BRUV	1	0	0.00000	1	20220501_R15_MAH00354.MP4	6810	59.94006
NCMP_01052022_CL5-3_BRUV	0	0	0.00000	1	20220501_L6_MAH00460.MP4	81120	59.94006
NCMP_01052022_CL5-3_BRUV	0	0	0.00000	1	20220501_L6_MAH00461.MP4	81060	59.94006
NCMP_01052022_CL5-3_BRUV	0	0	0.00000	1	20220501_L6_MAH00462.MP4	81121	59.94006
NCMP_01052022_CL5-3_BRUV	0	0	0.00000	1	20220501_L6_MAH00463.MP4	41760	59.94006
NCMP_01052022_CL5-3_BRUV	0	0	0.00000	1	20220501_L6_MAH00460.MP4	81122	59.94006
NCMP_01052022_CL5-3_BRUV	1	0	0.00000	1	20220501_R5_MAH00394.MP4	81122	59.94006
NCMP_01052022_CL5-3_BRUV	1	0	0.00000	1	20220501_R5_MAH00395.MP4	81060	59.94006
NCMP_01052022_CL5-3_BRUV	1	0	0.00000	1	20220501_R5_MAH00396.MP4	81061	59.94006
NCMP_01052022_CL5-3_BRUV	1	0	0.00000	1	20220501_R5_MAH00397.MP4	45300	59.94006
NCMP_01052022_CL5-4_BRUV	0	0	0.00000	1	20220501_L10_MAH00078.MP4	81120	59.94006
NCMP_01052022_CL5-4_BRUV	0	0	0.00000	1	20220501_L10_MAH00079.MP4	81060	59.94006
NCMP_01052022_CL5-4_BRUV	0	0	0.00000	1	20220501_L10_MAH00080.MP4	78601	59.94006
NCMP_01052022_CL5-4_BRUV	0	0	0.00000	1	20220501_L10_MAH00078.MP4	81122	59.94006
NCMP_01052022_CL5-4_BRUV	1	0	0.00000	1	20220501_R9_MAH00441.MP4	81122	59.94006
NCMP_01052022_CL5-4_BRUV	1	0	0.00000	1	20220501_R9_MAH00442.MP4	81060	59.94006
NCMP_01052022_CL5-4_BRUV	1	0	0.00000	1	20220501_R9_MAH00443.MP4	77791	59.94006
NCMP_01052022_CL5-5_BRUV	0	0	0.00000	1	20220501_L28_MAH00379.MP4	81120	59.94018
NCMP_01052022_CL5-5_BRUV	0	0	0.00000	1	20220501_L28_MAH00380.MP4	81061	59.94018
NCMP_01052022_CL5-5_BRUV	0	0	0.00000	1	20220501_L28_MAH00381.MP4	81061	59.94018
NCMP_01052022_CL5-5_BRUV	0	0	0.00000	1	20220501_L28_MAH00382.MP4	35850	59.94018
NCMP_01052022_CL5-5_BRUV	1	0	0.00000	1	20220501_R27_MAH00379.MP4	81122	59.94006
NCMP_01052022_CL5-5_BRUV	1	0	0.00000	1	20220501_R27_MAH00380.MP4	81060	59.94006
NCMP_01052022_CL5-5_BRUV	1	0	0.00000	1	20220501_R27_MAH00381.MP4	81061	59.94006
NCMP_01052022_CL5-5_BRUV	1	0	0.00000	1	20220501_R27_MAH00382.MP4	36840	59.94006
NCMP_01052022_CL6-1_BRUV	0	0	0.00000	1	20220501_L8_MAH00366.MP4	81120	59.94018
NCMP_01052022_CL6-1_BRUV	0	0	0.00000	1	20220501_L8_MAH00367.MP4	81061	59.94018
NCMP_01052022_CL6-1_BRUV	0	0	0.00000	1	20220501_L8_MAH00368.MP4	81061	59.94018
NCMP_01052022_CL6-1_BRUV	0	0	0.00000	1	20220501_L8_MAH00369.MP4	66090	59.94018
NCMP_01052022_CL6-1_BRUV	1	0	0.00000	1	20220501_R7_MAH00405.MP4	81122	59.94006
NCMP_01052022_CL6-1_BRUV	1	0	0.00000	1	20220501_R7_MAH00406.MP4	81060	59.94006
NCMP_01052022_CL6-1_BRUV	1	0	0.00000	1	20220501_R7_MAH00407.MP4	81061	59.94006
NCMP_01052022_CL6-1_BRUV	1	0	0.00000	1	20220501_R7_MAH00408.MP4	66630	59.94006
NCMP_01052022_CL6-2_BRUV	0	0	0.00000	1	20220501_L4_MAH00343.MP4	81120	59.94018
NCMP_01052022_CL6-2_BRUV	0	0	0.00000	1	20220501_L4_MAH00344.MP4	81061	59.94018
NCMP_01052022_CL6-2_BRUV	0	0	0.00000	1	20220501_L4_MAH00345.MP4	81061	59.94018
NCMP_01052022_CL6-2_BRUV	0	0	0.00000	1	20220501_L4_MAH00346.MP4	79561	59.94018
NCMP_01052022_CL6-2_BRUV	1	0	0.00000	1	20220501_R3_MAH00031.MP4	81122	59.94006
NCMP_01052022_CL6-2_BRUV	1	0	0.00000	1	20220501_R3_MAH00032.MP4	81060	59.94006
NCMP_01052022_CL6-2_BRUV	1	0	0.00000	1	20220501_R3_MAH00033.MP4	81061	59.94006
NCMP_01052022_CL6-2_BRUV	1	0	0.00000	1	20220501_R3_MAH00034.MP4	81060	59.94006
NCMP_01052022_CL6-3_BRUV	0	0	0.00000	1	20220501_L2_MAH00333.MP4	81120	59.94018
NCMP_01052022_CL6-3_BRUV	0	0	0.00000	1	20220501_L2_MAH00334.MP4	81121	59.94018
NCMP_01052022_CL6-3_BRUV	0	0	0.00000	1	20220501_L2_MAH00335.MP4	81061	59.94018
NCMP_01052022_CL6-3_BRUV	0	0	0.00000	1	20220501_L2_MAH00336.MP4	81120	59.94018
NCMP_01052022_CL6-3_BRUV	0	0	0.00000	1	20220501_L2_MAH00337.MP4	13351	59.94018
NCMP_01052022_CL6-3_BRUV	1	0	0.00000	1	20220501_R1_MAH00417.MP4	81122	59.94006
NCMP_01052022_CL6-3_BRUV	1	0	0.00000	1	20220501_R1_MAH00418.MP4	81060	59.94006
NCMP_01052022_CL6-3_BRUV	1	0	0.00000	1	20220501_R1_MAH00419.MP4	81061	59.94006
NCMP_01052022_CL6-3_BRUV	1	0	0.00000	1	20220501_R1_MAH00420.MP4	81060	59.94006
NCMP_01052022_CL6-3_BRUV	1	0	0.00000	1	20220501_R1_MAH00421.MP4	13081	59.94006
NCMP_01052022_CL6-4_BRUV	0	0	0.00000	1	20220501_L32_MAH00365.MP4	81120	59.94006
NCMP_01052022_CL6-4_BRUV	0	0	0.00000	1	20220501_L32_MAH00366.MP4	81060	59.94006
NCMP_01052022_CL6-4_BRUV	0	0	0.00000	1	20220501_L32_MAH00367.MP4	81061	59.94006
NCMP_01052022_CL6-4_BRUV	0	0	0.00000	1	20220501_L32_MAH00368.MP4	81060	59.94006
NCMP_01052022_CL6-4_BRUV	0	0	0.00000	1	20220501_L32_MAH00369.MP4	57331	59.94006
NCMP_01052022_CL6-4_BRUV	0	0	0.00000	1	20220501_L32_MAH00365.MP4	81122	59.94006
NCMP_01052022_CL6-4_BRUV	1	0	0.00000	1	20220501_R31_MAH00295.MP4	81122	59.94006
NCMP_01052022_CL6-4_BRUV	1	0	0.00000	1	20220501_R31_MAH00296.MP4	81060	59.94006
NCMP_01052022_CL6-4_BRUV	1	0	0.00000	1	20220501_R31_MAH00297.MP4	81061	59.94006
NCMP_01052022_CL6-4_BRUV	1	0	0.00000	1	20220501_R31_MAH00298.MP4	81060	59.94006
NCMP_01052022_CL6-4_BRUV	1	0	0.00000	1	20220501_R31_MAH00299.MP4	55321	59.94006
NCMP_01052022_CL7-2_BRUV	0	0	0.00000	1	20220501_L4_MAH00347.MP4	81120	59.94006
NCMP_01052022_CL7-2_BRUV	0	0	0.00000	1	20220501_L4_MAH00348.MP4	81060	59.94006
NCMP_01052022_CL7-2_BRUV	0	0	0.00000	1	20220501_L4_MAH00349.MP4	81061	59.94006
NCMP_01052022_CL7-2_BRUV	0	0	0.00000	1	20220501_L4_MAH00350.MP4	81120	59.94006
NCMP_01052022_CL7-2_BRUV	0	0	0.00000	1	20220501_L4_MAH00351.MP4	8551	59.94006
NCMP_01052022_CL7-2_BRUV	0	0	0.00000	1	20220501_L4_MAH00347.MP4	81122	59.94006
NCMP_01052022_CL7-2_BRUV	1	0	0.00000	1	20220501_R3_MAH00036.MP4	81122	59.94006
NCMP_01052022_CL7-2_BRUV	1	0	0.00000	1	20220501_R3_MAH00037.MP4	81060	59.94006
NCMP_01052022_CL7-2_BRUV	1	0	0.00000	1	20220501_R3_MAH00038.MP4	81061	59.94006
NCMP_01052022_CL7-2_BRUV	1	0	0.00000	1	20220501_R3_MAH00039.MP4	81120	59.94006
NCMP_01052022_CL7-3_BRUV	0	0	0.00000	1	20220501_L8_MAH00370.MP4	81120	59.94006
NCMP_01052022_CL7-3_BRUV	0	0	0.00000	1	20220501_L8_MAH00371.MP4	81060	59.94006
NCMP_01052022_CL7-3_BRUV	0	0	0.00000	1	20220501_L8_MAH00372.MP4	81061	59.94006
NCMP_01052022_CL7-3_BRUV	0	0	0.00000	1	20220501_L8_MAH00373.MP4	16470	59.94006
NCMP_01052022_CL7-3_BRUV	0	0	0.00000	1	20220501_L8_MAH00370.MP4	81122	59.94006
NCMP_01052022_CL7-3_BRUV	1	0	0.00000	1	20220501_R7_MAH00409.MP4	81122	59.94006
NCMP_01052022_CL7-3_BRUV	1	0	0.00000	1	20220501_R7_MAH00410.MP4	81060	59.94006
NCMP_01052022_CL7-3_BRUV	1	0	0.00000	1	20220501_R7_MAH00411.MP4	81061	59.94006
NCMP_01052022_CL7-3_BRUV	1	0	0.00000	1	20220501_R7_MAH00412.MP4	16680	59.94006
NCMP_01052022_CL7-4_BRUV	0	0	0.00000	1	20220501_L32_MAH00370.MP4	81120	59.94006
NCMP_01052022_CL7-4_BRUV	0	0	0.00000	1	20220501_L32_MAH00371.MP4	81060	59.94006
NCMP_01052022_CL7-4_BRUV	0	0	0.00000	1	20220501_L32_MAH00372.MP4	81061	59.94006
NCMP_01052022_CL7-4_BRUV	0	0	0.00000	1	20220501_L32_MAH00373.MP4	59820	59.94006
NCMP_01052022_CL7-4_BRUV	0	0	0.00000	1	20220501_L32_MAH00370.MP4	81122	59.94006
NCMP_01052022_CL7-4_BRUV	1	0	0.00000	1	20220501_R31_MAH00300.MP4	81122	59.94006
NCMP_01052022_CL7-4_BRUV	1	0	0.00000	1	20220501_R31_MAH00301.MP4	81060	59.94006
NCMP_01052022_CL7-4_BRUV	1	0	0.00000	1	20220501_R31_MAH00302.MP4	81061	59.94006
NCMP_01052022_CL7-4_BRUV	1	0	0.00000	1	20220501_R31_MAH00303.MP4	59100	59.94006
NCMP_01052022_CL7-5_BRUV	0	0	0.00000	1	20220501_L2_MAH00339.MP4	81120	59.94006
NCMP_01052022_CL7-5_BRUV	0	0	0.00000	1	20220501_L2_MAH00340.MP4	81060	59.94006
NCMP_01052022_CL7-5_BRUV	0	0	0.00000	1	20220501_L2_MAH00341.MP4	81061	59.94006
NCMP_01052022_CL7-5_BRUV	0	0	0.00000	1	20220501_L2_MAH00342.MP4	14880	59.94006
NCMP_01052022_CL7-5_BRUV	0	0	0.00000	1	20220501_L2_MAH00339.MP4	81122	59.94006
NCMP_01052022_CL7-5_BRUV	1	0	0.00000	1	20220501_R1_MAH00422.MP4	81122	59.94006
NCMP_01052022_CL7-5_BRUV	1	0	0.00000	1	20220501_R1_MAH00423.MP4	81060	59.94006
NCMP_01052022_CL7-5_BRUV	1	0	0.00000	1	20220501_R1_MAH00424.MP4	81121	59.94006
NCMP_01052022_CL7-5_BRUV	1	0	0.00000	1	20220501_R1_MAH00425.MP4	15540	59.94006
NCMP_17032022_CNB1-1_BRUV	0	0	0.00000	1	20220317_L8_MAH00302.MP4	81120	59.94018
NCMP_17032022_CNB1-1_BRUV	0	0	0.00000	1	20220317_L8_MAH00303.MP4	81061	59.94018
NCMP_17032022_CNB1-1_BRUV	0	0	0.00000	1	20220317_L8_MAH00304.MP4	81061	59.94018
NCMP_17032022_CNB1-1_BRUV	0	0	0.00000	1	20220317_L8_MAH00305.MP4	68400	59.94018
NCMP_17032022_CNB1-1_BRUV	1	0	0.00000	1	20220317_R7_MAH00337.MP4	81120	59.94018
NCMP_17032022_CNB1-1_BRUV	1	0	0.00000	1	20220317_R7_MAH00338.MP4	81121	59.94018
NCMP_17032022_CNB1-1_BRUV	1	0	0.00000	1	20220317_R7_MAH00339.MP4	81061	59.94018
NCMP_17032022_CNB1-1_BRUV	1	0	0.00000	1	20220317_R7_MAH00340.MP4	69240	59.94018
NCMP_17032022_CNB1-3_BRUV	0	0	0.00000	1	20220317_L4_MAH00264.MP4	81122	59.94006
NCMP_17032022_CNB1-3_BRUV	0	0	0.00000	1	20220317_L4_MAH00265.MP4	81060	59.94006
NCMP_17032022_CNB1-3_BRUV	0	0	0.00000	1	20220317_L4_MAH00266.MP4	81121	59.94006
NCMP_17032022_CNB1-3_BRUV	0	0	0.00000	1	20220317_L4_MAH00267.MP4	67170	59.94006
NCMP_17032022_CNB1-3_BRUV	1	0	0.00000	1	20220317_R3_MAH00271.MP4	81122	59.94006
NCMP_17032022_CNB1-3_BRUV	1	0	0.00000	1	20220317_R3_MAH00272.MP4	81060	59.94006
NCMP_17032022_CNB1-3_BRUV	1	0	0.00000	1	20220317_R3_MAH00273.MP4	81061	59.94006
NCMP_17032022_CNB1-3_BRUV	1	0	0.00000	1	20220317_R3_MAH00274.MP4	68130	59.94006
NCMP_17032022_CNB1-5_BRUV	0	0	0.00000	1	20220317_L2_MAH00254.MP4	81120	59.94018
NCMP_17032022_CNB1-5_BRUV	0	0	0.00000	1	20220317_L2_MAH00255.MP4	81061	59.94018
NCMP_17032022_CNB1-5_BRUV	0	0	0.00000	1	20220317_L2_MAH00256.MP4	81061	59.94018
NCMP_17032022_CNB1-5_BRUV	0	0	0.00000	1	20220317_L2_MAH00257.MP4	81121	59.94018
NCMP_17032022_CNB1-5_BRUV	0	0	0.00000	1	20220317_L2_MAH00258.MP4	4861	59.94018
NCMP_17032022_CNB1-5_BRUV	1	0	0.00000	1	20220317_R1_MAH00338.MP4	81122	59.94006
NCMP_17032022_CNB1-5_BRUV	1	0	0.00000	1	20220317_R1_MAH00339.MP4	81060	59.94006
NCMP_17032022_CNB1-5_BRUV	1	0	0.00000	1	20220317_R1_MAH00340.MP4	81061	59.94006
NCMP_17032022_CNB1-5_BRUV	1	0	0.00000	1	20220317_R1_MAH00341.MP4	81120	59.94006
NCMP_17032022_CNB3-3_BRUV	0	0	0.00000	1	20220317_L6_MAH00383.MP4	81120	59.94018
NCMP_17032022_CNB3-3_BRUV	0	0	0.00000	1	20220317_L6_MAH00384.MP4	81061	59.94018
NCMP_17032022_CNB3-3_BRUV	0	0	0.00000	1	20220317_L6_MAH00385.MP4	81121	59.94018
NCMP_17032022_CNB3-3_BRUV	0	0	0.00000	1	20220317_L6_MAH00386.MP4	41790	59.94018
NCMP_17032022_CNB3-3_BRUV	1	0	0.00000	1	20220317_R5_MAH00318.MP4	81122	59.94006
NCMP_17032022_CNB3-3_BRUV	1	0	0.00000	1	20220317_R5_MAH00319.MP4	81060	59.94006
NCMP_17032022_CNB3-3_BRUV	1	0	0.00000	1	20220317_R5_MAH00320.MP4	81061	59.94006
NCMP_17032022_CNB3-3_BRUV	1	0	0.00000	1	20220317_R5_MAH00321.MP4	44100	59.94006
NCMP_17032022_CNB5-3_BRUV	0	0	0.00000	1	20220317_L2_MAH00264.MP4	81120	59.94018
NCMP_17032022_CNB5-3_BRUV	0	0	0.00000	1	20220317_L2_MAH00265.MP4	81061	59.94018
NCMP_17032022_CNB5-3_BRUV	0	0	0.00000	1	20220317_L2_MAH00266.MP4	81061	59.94018
NCMP_17032022_CNB5-3_BRUV	0	0	0.00000	1	20220317_L2_MAH00267.MP4	36660	59.94018
NCMP_17032022_CNB5-3_BRUV	1	0	0.00000	1	20220317_R1_MAH00348.MP4	81122	59.94006
NCMP_17032022_CNB5-3_BRUV	1	0	0.00000	1	20220317_R1_MAH00349.MP4	81060	59.94006
NCMP_17032022_CNB5-3_BRUV	1	0	0.00000	1	20220317_R1_MAH00350.MP4	81061	59.94006
NCMP_17032022_CNB5-3_BRUV	1	0	0.00000	1	20220317_R1_MAH00351.MP4	40680	59.94006
NCMP_17032022_CNB5-4_BRUV	0	0	0.00000	1	20220317_L4_MAH00273.MP4	81120	59.94018
NCMP_17032022_CNB5-4_BRUV	0	0	0.00000	1	20220317_L4_MAH00274.MP4	81061	59.94018
NCMP_17032022_CNB5-4_BRUV	0	0	0.00000	1	20220317_L4_MAH00275.MP4	81121	59.94018
NCMP_17032022_CNB5-4_BRUV	0	0	0.00000	1	20220317_L4_MAH00276.MP4	26640	59.94018
NCMP_17032022_CNB5-4_BRUV	1	0	0.00000	1	20220317_R3_MAH00280.MP4	81122	59.94006
NCMP_17032022_CNB5-4_BRUV	1	0	0.00000	1	20220317_R3_MAH00281.MP4	81060	59.94006
NCMP_17032022_CNB5-4_BRUV	1	0	0.00000	1	20220317_R3_MAH00282.MP4	81061	59.94006
NCMP_17032022_CNB5-4_BRUV	1	0	0.00000	1	20220317_R3_MAH00283.MP4	24720	59.94006
NCMP_17032022_CNB6-2_BRUV	0	0	0.00000	1	20220317_L6_MAH00387.MP4	81120	59.94018
NCMP_17032022_CNB6-2_BRUV	0	0	0.00000	1	20220317_L6_MAH00388.MP4	81061	59.94018
NCMP_17032022_CNB6-2_BRUV	0	0	0.00000	1	20220317_L6_MAH00389.MP4	81061	59.94018
NCMP_17032022_CNB6-2_BRUV	0	0	0.00000	1	20220317_L6_MAH00390.MP4	17190	59.94018
NCMP_17032022_CNB6-2_BRUV	1	0	0.00000	1	20220317_R5_MAH00322.MP4	81122	59.94006
NCMP_17032022_CNB6-2_BRUV	1	0	0.00000	1	20220317_R5_MAH00323.MP4	81060	59.94006
NCMP_17032022_CNB6-2_BRUV	1	0	0.00000	1	20220317_R5_MAH00324.MP4	81061	59.94006
NCMP_17032022_CNB6-2_BRUV	1	0	0.00000	1	20220317_R5_MAH00325.MP4	18270	59.94006
NCMP_17032022_CNB6-3_BRUV	0	0	0.00000	1	20220317_L26_MAH00295.MP4	81120	59.94018
NCMP_17032022_CNB6-3_BRUV	0	0	0.00000	1	20220317_L26_MAH00296.MP4	81061	59.94018
NCMP_17032022_CNB6-3_BRUV	0	0	0.00000	1	20220317_L26_MAH00297.MP4	81061	59.94018
NCMP_17032022_CNB6-3_BRUV	0	0	0.00000	1	20220317_L26_MAH00298.MP4	24150	59.94018
NCMP_17032022_CNB6-3_BRUV	1	0	0.00000	1	20220317_R25_MAH00301.MP4	81122	59.94006
NCMP_17032022_CNB6-3_BRUV	1	0	0.00000	1	20220317_R25_MAH00302.MP4	81060	59.94006
NCMP_17032022_CNB6-3_BRUV	1	0	0.00000	1	20220317_R25_MAH00303.MP4	81061	59.94006
NCMP_17032022_CNB6-3_BRUV	1	0	0.00000	1	20220317_R25_MAH00304.MP4	25650	59.94006
NCMP_17032022_CNB6-4_BRUV	0	0	0.00000	1	20220317_L10_MAH00009.MP4	81120	59.94018
NCMP_17032022_CNB6-4_BRUV	0	0	0.00000	1	20220317_L10_MAH00010.MP4	81061	59.94018
NCMP_17032022_CNB6-4_BRUV	0	0	0.00000	1	20220317_L10_MAH00011.MP4	81061	59.94018
NCMP_17032022_CNB6-4_BRUV	0	0	0.00000	1	20220317_L10_MAH00012.MP4	10830	59.94018
NCMP_17032022_CNB6-4_BRUV	1	0	0.00000	1	20220317_R9_MAH00372.MP4	81122	59.94006
NCMP_17032022_CNB6-4_BRUV	1	0	0.00000	1	20220317_R9_MAH00373.MP4	81060	59.94006
NCMP_17032022_CNB6-4_BRUV	1	0	0.00000	1	20220317_R9_MAH00374.MP4	81061	59.94006
NCMP_17032022_CNB6-4_BRUV	1	0	0.00000	1	20220317_R9_MAH00375.MP4	12330	59.94006
NCMP_17032022_CNB6-5_BRUV	0	0	0.00000	1	20220317_L8_MAH00311.MP4	81120	59.94018
NCMP_17032022_CNB6-5_BRUV	0	0	0.00000	1	20220317_L8_MAH00312.MP4	81061	59.94018
NCMP_17032022_CNB6-5_BRUV	0	0	0.00000	1	20220317_L8_MAH00313.MP4	81061	59.94018
NCMP_17032022_CNB6-5_BRUV	0	0	0.00000	1	20220317_L8_MAH00314.MP4	6720	59.94018
NCMP_17032022_CNB6-5_BRUV	1	0	0.00000	1	20220317_R7_MAH00346.MP4	81122	59.94006
NCMP_17032022_CNB6-5_BRUV	1	0	0.00000	1	20220317_R7_MAH00347.MP4	81120	59.94006
NCMP_17032022_CNB6-5_BRUV	1	0	0.00000	1	20220317_R7_MAH00348.MP4	81061	59.94006
NCMP_17032022_CNB6-5_BRUV	1	0	0.00000	1	20220317_R7_MAH00349.MP4	10320	59.94006
NCMP_17032022_CNB7-1_BRUV	0	0	0.00000	1	20220317_L2_MAH00268.MP4	81120	59.94018
NCMP_17032022_CNB7-1_BRUV	0	0	0.00000	1	20220317_L2_MAH00269.MP4	81061	59.94018
NCMP_17032022_CNB7-1_BRUV	0	0	0.00000	1	20220317_L2_MAH00270.MP4	81061	59.94018
NCMP_17032022_CNB7-1_BRUV	0	0	0.00000	1	20220317_L2_MAH00271.MP4	45600	59.94018
NCMP_17032022_CNB7-1_BRUV	1	0	0.00000	1	20220317_R1_MAH00352.MP4	81122	59.94006
NCMP_17032022_CNB7-1_BRUV	1	0	0.00000	1	20220317_R1_MAH00353.MP4	81060	59.94006
NCMP_17032022_CNB7-1_BRUV	1	0	0.00000	1	20220317_R1_MAH00354.MP4	81061	59.94006
NCMP_17032022_CNB7-1_BRUV	1	0	0.00000	1	20220317_R1_MAH00355.MP4	46170	59.94006
NCMP_17032022_CNB7-2_BRUV	0	0	0.00000	1	20220317_L4_MAH00277.MP4	81120	59.94018
NCMP_17032022_CNB7-2_BRUV	0	0	0.00000	1	20220317_L4_MAH00278.MP4	81061	59.94018
NCMP_17032022_CNB7-2_BRUV	0	0	0.00000	1	20220317_L4_MAH00279.MP4	81061	59.94018
NCMP_17032022_CNB7-2_BRUV	0	0	0.00000	1	20220317_L4_MAH00280.MP4	79231	59.94018
NCMP_17032022_CNB7-2_BRUV	1	0	0.00000	1	20220317_R3_MAH00284.MP4	81122	59.94006
NCMP_17032022_CNB7-2_BRUV	1	0	0.00000	1	20220317_R3_MAH00285.MP4	81060	59.94006
NCMP_17032022_CNB7-2_BRUV	1	0	0.00000	1	20220317_R3_MAH00286.MP4	81061	59.94006
NCMP_17032022_CNB7-2_BRUV	1	0	0.00000	1	20220317_R3_MAH00287.MP4	79890	59.94006
NCMP_17032022_CNB7-5_BRUV	0	0	0.00000	1	20220317_L20_MAH00279.MP4	81120	59.94018
NCMP_17032022_CNB7-5_BRUV	0	0	0.00000	1	20220317_L20_MAH00280.MP4	81061	59.94018
NCMP_17032022_CNB7-5_BRUV	0	0	0.00000	1	20220317_L20_MAH00281.MP4	81061	59.94018
NCMP_17032022_CNB7-5_BRUV	0	0	0.00000	1	20220317_L20_MAH00282.MP4	44400	59.94018
NCMP_17032022_CNB7-5_BRUV	1	0	0.00000	1	20220317_R19_MAH00213.MP4	81122	59.94006
NCMP_17032022_CNB7-5_BRUV	1	0	0.00000	1	20220317_R19_MAH00214.MP4	81060	59.94006
NCMP_17032022_CNB7-5_BRUV	1	0	0.00000	1	20220317_R19_MAH00215.MP4	81061	59.94006
NCMP_17032022_CNB7-5_BRUV	1	0	0.00000	1	20220317_R19_MAH00216.MP4	45570	59.94006
NCMP_18032022_INB1-1_BRUV	0	0	0.00000	1	20220318_L24_MAH00364.MP4	81062	59.94006
NCMP_18032022_INB1-1_BRUV	0	0	0.00000	1	20220318_L24_MAH00365.MP4	81061	59.94006
NCMP_18032022_INB1-1_BRUV	0	0	0.00000	1	20220318_L24_MAH00366.MP4	81061	59.94006
NCMP_18032022_INB1-1_BRUV	0	0	0.00000	1	20220318_L24_MAH00367.MP4	24750	59.94006
NCMP_18032022_INB1-1_BRUV	1	0	0.00000	1	20220318_R23_MAH00096.MP4	81062	59.94006
NCMP_18032022_INB1-1_BRUV	1	0	0.00000	1	20220318_R23_MAH00097.MP4	81121	59.94006
NCMP_18032022_INB1-1_BRUV	1	0	0.00000	1	20220318_R23_MAH00098.MP4	81061	59.94006
NCMP_18032022_INB1-1_BRUV	1	0	0.00000	1	20220318_R23_MAH00099.MP4	24510	59.94006
NCMP_18032022_INB1-2_BRUV	0	0	0.00000	1	20220318_L26_MAH00311.MP4	81062	59.94006
NCMP_18032022_INB1-2_BRUV	0	0	0.00000	1	20220318_L26_MAH00312.MP4	81061	59.94006
NCMP_18032022_INB1-2_BRUV	0	0	0.00000	1	20220318_L26_MAH00313.MP4	81061	59.94006
NCMP_18032022_INB1-2_BRUV	0	0	0.00000	1	20220318_L26_MAH00314.MP4	57510	59.94006
NCMP_18032022_INB1-2_BRUV	1	0	0.00000	1	20220318_R25_MAH00317.MP4	81122	59.94006
NCMP_18032022_INB1-2_BRUV	1	0	0.00000	1	20220318_R25_MAH00318.MP4	81060	59.94006
NCMP_18032022_INB1-2_BRUV	1	0	0.00000	1	20220318_R25_MAH00319.MP4	81061	59.94006
NCMP_18032022_INB1-2_BRUV	1	0	0.00000	1	20220318_R25_MAH00320.MP4	59070	59.94006
NCMP_18032022_INB1-3_BRUV	0	0	0.00000	1	20220318_L32_MAH00303.MP4	81122	59.94006
NCMP_18032022_INB1-3_BRUV	0	0	0.00000	1	20220318_L32_MAH00304.MP4	81060	59.94006
NCMP_18032022_INB1-3_BRUV	0	0	0.00000	1	20220318_L32_MAH00305.MP4	81061	59.94006
NCMP_18032022_INB1-3_BRUV	0	0	0.00000	1	20220318_L32_MAH00306.MP4	18000	59.94006
NCMP_18032022_INB1-3_BRUV	1	0	0.00000	1	20220318_R31_MAH00233.MP4	81122	59.94006
NCMP_18032022_INB1-3_BRUV	1	0	0.00000	1	20220318_R31_MAH00234.MP4	81060	59.94006
NCMP_18032022_INB1-3_BRUV	1	0	0.00000	1	20220318_R31_MAH00235.MP4	81121	59.94006
NCMP_18032022_INB1-4_BRUV	0	0	0.00000	1	20220318_L28_MAH00327.MP4	81062	59.94006
NCMP_18032022_INB1-4_BRUV	0	0	0.00000	1	20220318_L28_MAH00328.MP4	81061	59.94006
NCMP_18032022_INB1-4_BRUV	0	0	0.00000	1	20220318_L28_MAH00329.MP4	81061	59.94006
NCMP_18032022_INB1-4_BRUV	0	0	0.00000	1	20220318_L28_MAH00330.MP4	81120	59.94006
NCMP_18032022_INB1-5_BRUV	0	0	0.00000	1	20220318_L2_MAH00285.MP4	81122	59.94006
NCMP_18032022_INB1-5_BRUV	0	0	0.00000	1	20220318_L2_MAH00286.MP4	81060	59.94006
NCMP_18032022_INB1-5_BRUV	0	0	0.00000	1	20220318_L2_MAH00287.MP4	74041	59.94006
NCMP_18032022_INB1-5_BRUV	1	0	0.00000	1	20220318_R1_MAH00369.MP4	81122	59.94006
NCMP_18032022_INB1-5_BRUV	1	0	0.00000	1	20220318_R1_MAH00370.MP4	81060	59.94006
NCMP_18032022_INB1-5_BRUV	1	0	0.00000	1	20220318_R1_MAH00371.MP4	74101	59.94006
NCMP_18032022_INB2-1_BRUV	0	0	0.00000	1	20220318_L26_MAH00307.MP4	81122	59.94006
NCMP_18032022_INB2-1_BRUV	0	0	0.00000	1	20220318_L26_MAH00308.MP4	81060	59.94006
NCMP_18032022_INB2-1_BRUV	0	0	0.00000	1	20220318_L26_MAH00309.MP4	81061	59.94006
NCMP_18032022_INB2-1_BRUV	0	0	0.00000	1	20220318_L26_MAH00310.MP4	78810	59.94006
NCMP_18032022_INB2-1_BRUV	1	0	0.00000	1	20220318_R25_MAH00313.MP4	81122	59.94006
NCMP_18032022_INB2-1_BRUV	1	0	0.00000	1	20220318_R25_MAH00314.MP4	81060	59.94006
NCMP_18032022_INB2-1_BRUV	1	0	0.00000	1	20220318_R25_MAH00315.MP4	81061	59.94006
NCMP_18032022_INB2-1_BRUV	1	0	0.00000	1	20220318_R25_MAH00316.MP4	78840	59.94006
NCMP_18032022_INB2-2_BRUV	0	0	0.00000	1	20220318_L32_MAH00299.MP4	81122	59.94006
NCMP_18032022_INB2-2_BRUV	0	0	0.00000	1	20220318_L32_MAH00300.MP4	81060	59.94006
NCMP_18032022_INB2-2_BRUV	0	0	0.00000	1	20220318_L32_MAH00301.MP4	81061	59.94006
NCMP_18032022_INB2-2_BRUV	0	0	0.00000	1	20220318_L32_MAH00302.MP4	62580	59.94006
NCMP_18032022_INB2-2_BRUV	1	0	0.00000	1	20220318_R31_MAH00229.MP4	81122	59.94006
NCMP_18032022_INB2-2_BRUV	1	0	0.00000	1	20220318_R31_MAH00230.MP4	81060	59.94006
NCMP_18032022_INB2-2_BRUV	1	0	0.00000	1	20220318_R31_MAH00231.MP4	81061	59.94006
NCMP_18032022_INB2-2_BRUV	1	0	0.00000	1	20220318_R31_MAH00232.MP4	62880	59.94006
NCMP_18032022_INB2-3_BRUV	0	0	0.00000	1	20220318_L2_MAH00280.MP4	81122	59.94006
NCMP_18032022_INB2-3_BRUV	0	0	0.00000	1	20220318_L2_MAH00281.MP4	81060	59.94006
NCMP_18032022_INB2-3_BRUV	0	0	0.00000	1	20220318_L2_MAH00282.MP4	81061	59.94006
NCMP_18032022_INB2-3_BRUV	0	0	0.00000	1	20220318_L2_MAH00283.MP4	81060	59.94006
NCMP_18032022_INB2-3_BRUV	0	0	0.00000	1	20220318_L2_MAH00284.MP4	28591	59.94006
NCMP_18032022_INB2-3_BRUV	1	0	0.00000	1	20220318_R1_MAH00364.MP4	81122	59.94006
NCMP_18032022_INB2-3_BRUV	1	0	0.00000	1	20220318_R1_MAH00365.MP4	81060	59.94006
NCMP_18032022_INB2-3_BRUV	1	0	0.00000	1	20220318_R1_MAH00366.MP4	81061	59.94006
NCMP_18032022_INB2-3_BRUV	1	0	0.00000	1	20220318_R1_MAH00367.MP4	81060	59.94006
NCMP_18032022_INB2-3_BRUV	1	0	0.00000	1	20220318_R1_MAH00368.MP4	27421	59.94006
NCMP_18032022_INB2-5_BRUV	0	0	0.00000	1	20220318_L28_MAH00322.MP4	81122	59.94006
NCMP_18032022_INB2-5_BRUV	0	0	0.00000	1	20220318_L28_MAH00323.MP4	81060	59.94006
NCMP_18032022_INB2-5_BRUV	0	0	0.00000	1	20220318_L28_MAH00324.MP4	81121	59.94006
NCMP_18032022_INB2-5_BRUV	0	0	0.00000	1	20220318_L28_MAH00325.MP4	81060	59.94006
NCMP_18032022_INB2-5_BRUV	0	0	0.00000	1	20220318_L28_MAH00326.MP4	23941	59.94006
NCMP_18032022_INB3-1_BRUV	0	0	0.00000	1	20220318_L8_MAH00324.MP4	81122	59.94006
NCMP_18032022_INB3-1_BRUV	0	0	0.00000	1	20220318_L8_MAH00325.MP4	81120	59.94006
NCMP_18032022_INB3-1_BRUV	0	0	0.00000	1	20220318_L8_MAH00326.MP4	81061	59.94006
NCMP_18032022_INB3-1_BRUV	0	0	0.00000	1	20220318_L8_MAH00327.MP4	36090	59.94006
NCMP_18032022_INB3-1_BRUV	1	0	0.00000	1	20220318_R7_MAH00359.MP4	81122	59.94006
NCMP_18032022_INB3-1_BRUV	1	0	0.00000	1	20220318_R7_MAH00360.MP4	81060	59.94006
NCMP_18032022_INB3-1_BRUV	1	0	0.00000	1	20220318_R7_MAH00361.MP4	81061	59.94006
NCMP_18032022_INB3-1_BRUV	1	0	0.00000	1	20220318_R7_MAH00362.MP4	31470	59.94006
NCMP_18032022_INB3-2_BRUV	0	0	0.00000	1	20220318_L4_MAH00291.MP4	81122	59.94006
NCMP_18032022_INB3-2_BRUV	0	0	0.00000	1	20220318_L4_MAH00292.MP4	81060	59.94006
NCMP_18032022_INB3-2_BRUV	0	0	0.00000	1	20220318_L4_MAH00293.MP4	81061	59.94006
NCMP_18032022_INB3-2_BRUV	0	0	0.00000	1	20220318_L4_MAH00294.MP4	60150	59.94006
NCMP_18032022_INB3-2_BRUV	1	0	0.00000	1	20220318_R3_MAH00298.MP4	81122	59.94006
NCMP_18032022_INB3-2_BRUV	1	0	0.00000	1	20220318_R3_MAH00299.MP4	81060	59.94006
NCMP_18032022_INB3-2_BRUV	1	0	0.00000	1	20220318_R3_MAH00300.MP4	81061	59.94006
NCMP_18032022_INB3-2_BRUV	1	0	0.00000	1	20220318_R3_MAH00301.MP4	57390	59.94006
NCMP_18032022_INB3-3_BRUV	0	0	0.00000	1	20220318_L10_MAH00021.MP4	81122	59.94006
NCMP_18032022_INB3-3_BRUV	0	0	0.00000	1	20220318_L10_MAH00022.MP4	81060	59.94006
NCMP_18032022_INB3-3_BRUV	0	0	0.00000	1	20220318_L10_MAH00023.MP4	81061	59.94006
NCMP_18032022_INB3-3_BRUV	0	0	0.00000	1	20220318_L10_MAH00024.MP4	53940	59.94006
NCMP_18032022_INB3-3_BRUV	1	0	0.00000	1	20220318_R9_MAH00384.MP4	81122	59.94006
NCMP_18032022_INB3-3_BRUV	1	0	0.00000	1	20220318_R9_MAH00385.MP4	81060	59.94006
NCMP_18032022_INB3-3_BRUV	1	0	0.00000	1	20220318_R9_MAH00386.MP4	81061	59.94006
NCMP_18032022_INB3-3_BRUV	1	0	0.00000	1	20220318_R9_MAH00387.MP4	54210	59.94006
NCMP_18032022_INB3-4_BRUV	0	0	0.00000	1	20220318_L20_MAH00292.MP4	81122	59.94006
NCMP_18032022_INB3-4_BRUV	0	0	0.00000	1	20220318_L20_MAH00293.MP4	81060	59.94006
NCMP_18032022_INB3-4_BRUV	0	0	0.00000	1	20220318_L20_MAH00294.MP4	81061	59.94006
NCMP_18032022_INB3-4_BRUV	0	0	0.00000	1	20220318_L20_MAH00295.MP4	41550	59.94006
NCMP_18032022_INB3-4_BRUV	1	0	0.00000	1	20220318_R19_MAH00226.MP4	81122	59.94006
NCMP_18032022_INB3-4_BRUV	1	0	0.00000	1	20220318_R19_MAH00227.MP4	81060	59.94006
NCMP_18032022_INB3-4_BRUV	1	0	0.00000	1	20220318_R19_MAH00228.MP4	81121	59.94006
NCMP_18032022_INB3-4_BRUV	1	0	0.00000	1	20220318_R19_MAH00229.MP4	39270	59.94006
NCMP_18032022_INB3-5_BRUV	0	0	0.00000	1	20220318_L6_MAH00400.MP4	81122	59.94006
NCMP_18032022_INB3-5_BRUV	0	0	0.00000	1	20220318_L6_MAH00401.MP4	81060	59.94006
NCMP_18032022_INB3-5_BRUV	0	0	0.00000	1	20220318_L6_MAH00402.MP4	81061	59.94006
NCMP_18032022_INB3-5_BRUV	0	0	0.00000	1	20220318_L6_MAH00403.MP4	22200	59.94006
NCMP_18032022_INB3-5_BRUV	1	0	0.00000	1	20220318_R5_MAH00335.MP4	81122	59.94006
NCMP_18032022_INB3-5_BRUV	1	0	0.00000	1	20220318_R5_MAH00336.MP4	81060	59.94006
NCMP_18032022_INB3-5_BRUV	1	0	0.00000	1	20220318_R5_MAH00337.MP4	81061	59.94006
NCMP_18032022_INB3-5_BRUV	1	0	0.00000	1	20220318_R5_MAH00338.MP4	18960	59.94006
NCMP_18032022_INB4-1_BRUV	0	0	0.00000	1	20220318_L8_MAH00319.MP4	81122	59.94006
NCMP_18032022_INB4-1_BRUV	0	0	0.00000	1	20220318_L8_MAH00320.MP4	81060	59.94006
NCMP_18032022_INB4-1_BRUV	0	0	0.00000	1	20220318_L8_MAH00321.MP4	81121	59.94006
NCMP_18032022_INB4-1_BRUV	0	0	0.00000	1	20220318_L8_MAH00322.MP4	81060	59.94006
NCMP_18032022_INB4-1_BRUV	0	0	0.00000	1	20220318_L8_MAH00323.MP4	20431	59.94006
NCMP_18032022_INB4-1_BRUV	1	0	0.00000	1	20220318_R7_MAH00354.MP4	81122	59.94006
NCMP_18032022_INB4-1_BRUV	1	0	0.00000	1	20220318_R7_MAH00355.MP4	81060	59.94006
NCMP_18032022_INB4-1_BRUV	1	0	0.00000	1	20220318_R7_MAH00356.MP4	81121	59.94006
NCMP_18032022_INB4-1_BRUV	1	0	0.00000	1	20220318_R7_MAH00357.MP4	81060	59.94006
NCMP_18032022_INB4-2_BRUV	0	0	0.00000	1	20220318_L20_MAH00287.MP4	81122	59.94006
NCMP_18032022_INB4-2_BRUV	0	0	0.00000	1	20220318_L20_MAH00288.MP4	81060	59.94006
NCMP_18032022_INB4-2_BRUV	0	0	0.00000	1	20220318_L20_MAH00289.MP4	81061	59.94006
NCMP_18032022_INB4-2_BRUV	0	0	0.00000	1	20220318_L20_MAH00290.MP4	81060	59.94006
NCMP_18032022_INB4-2_BRUV	0	0	0.00000	1	20220318_L20_MAH00291.MP4	18661	59.94006
NCMP_18032022_INB4-2_BRUV	1	0	0.00000	1	20220318_R19_MAH00221.MP4	81122	59.94006
NCMP_18032022_INB4-2_BRUV	1	0	0.00000	1	20220318_R19_MAH00222.MP4	81060	59.94006
NCMP_18032022_INB4-2_BRUV	1	0	0.00000	1	20220318_R19_MAH00223.MP4	81061	59.94006
NCMP_18032022_INB4-2_BRUV	1	0	0.00000	1	20220318_R19_MAH00224.MP4	81120	59.94006
NCMP_18032022_INB4-3_BRUV	0	0	0.00000	1	20220318_L6_MAH00395.MP4	81122	59.94006
NCMP_18032022_INB4-3_BRUV	0	0	0.00000	1	20220318_L6_MAH00396.MP4	81060	59.94006
NCMP_18032022_INB4-3_BRUV	0	0	0.00000	1	20220318_L6_MAH00397.MP4	81061	59.94006
NCMP_18032022_INB4-3_BRUV	0	0	0.00000	1	20220318_L6_MAH00398.MP4	81060	59.94006
NCMP_18032022_INB4-3_BRUV	0	0	0.00000	1	20220318_L6_MAH00399.MP4	30511	59.94006
NCMP_18032022_INB4-3_BRUV	1	0	0.00000	1	20220318_R5_MAH00330.MP4	81122	59.94006
NCMP_18032022_INB4-3_BRUV	1	0	0.00000	1	20220318_R5_MAH00331.MP4	81060	59.94006
NCMP_18032022_INB4-3_BRUV	1	0	0.00000	1	20220318_R5_MAH00332.MP4	81061	59.94006
NCMP_18032022_INB4-3_BRUV	1	0	0.00000	1	20220318_R5_MAH00333.MP4	81060	59.94006
NCMP_18032022_INB4-3_BRUV	1	0	0.00000	1	20220318_R5_MAH00334.MP4	32161	59.94006
NCMP_18032022_INB4-4_BRUV	0	0	0.00000	1	20220318_L10_MAH00017.MP4	81122	59.94006
NCMP_18032022_INB4-4_BRUV	0	0	0.00000	1	20220318_L10_MAH00018.MP4	81060	59.94006
NCMP_18032022_INB4-4_BRUV	0	0	0.00000	1	20220318_L10_MAH00019.MP4	81061	59.94006
NCMP_18032022_INB4-4_BRUV	0	0	0.00000	1	20220318_L10_MAH00020.MP4	80910	59.94006
NCMP_18032022_INB4-4_BRUV	1	0	0.00000	1	20220318_R9_MAH00380.MP4	81122	59.94006
NCMP_18032022_INB4-4_BRUV	1	0	0.00000	1	20220318_R9_MAH00381.MP4	81060	59.94006
NCMP_18032022_INB4-4_BRUV	1	0	0.00000	1	20220318_R9_MAH00382.MP4	81061	59.94006
NCMP_18032022_INB4-4_BRUV	1	0	0.00000	1	20220318_R9_MAH00383.MP4	78840	59.94006
NCMP_18032022_INB4-5_BRUV	0	0	0.00000	1	20220318_L4_MAH00286.MP4	81122	59.94006
NCMP_18032022_INB4-5_BRUV	0	0	0.00000	1	20220318_L4_MAH00287.MP4	81060	59.94006
NCMP_18032022_INB4-5_BRUV	0	0	0.00000	1	20220318_L4_MAH00288.MP4	81121	59.94006
NCMP_18032022_INB4-5_BRUV	0	0	0.00000	1	20220318_L4_MAH00289.MP4	81060	59.94006
NCMP_18032022_INB4-5_BRUV	0	0	0.00000	1	20220318_L4_MAH00290.MP4	43741	59.94006
NCMP_18032022_INB4-5_BRUV	1	0	0.00000	1	20220318_R3_MAH00293.MP4	81122	59.94006
NCMP_18032022_INB4-5_BRUV	1	0	0.00000	1	20220318_R3_MAH00294.MP4	81060	59.94006
NCMP_18032022_INB4-5_BRUV	1	0	0.00000	1	20220318_R3_MAH00295.MP4	81061	59.94006
NCMP_18032022_INB4-5_BRUV	1	0	0.00000	1	20220318_R3_MAH00296.MP4	81120	59.94006
NCMP_18032022_INB5-1_BRUV	0	0	0.00000	1	20220318_L26_MAH00303.MP4	81122	59.94006
NCMP_18032022_INB5-1_BRUV	0	0	0.00000	1	20220318_L26_MAH00304.MP4	81060	59.94006
NCMP_18032022_INB5-1_BRUV	0	0	0.00000	1	20220318_L26_MAH00305.MP4	81061	59.94006
NCMP_18032022_INB5-1_BRUV	0	0	0.00000	1	20220318_L26_MAH00306.MP4	66390	59.94006
NCMP_18032022_INB5-1_BRUV	1	0	0.00000	1	20220318_R25_MAH00309.MP4	81122	59.94006
NCMP_18032022_INB5-1_BRUV	1	0	0.00000	1	20220318_R25_MAH00310.MP4	81060	59.94006
NCMP_18032022_INB5-1_BRUV	1	0	0.00000	1	20220318_R25_MAH00311.MP4	81061	59.94006
NCMP_18032022_INB5-1_BRUV	1	0	0.00000	1	20220318_R25_MAH00312.MP4	64320	59.94006
NCMP_18032022_INB5-2_BRUV	0	0	0.00000	1	20220318_L28_MAH00318.MP4	81122	59.94006
NCMP_18032022_INB5-2_BRUV	0	0	0.00000	1	20220318_L28_MAH00319.MP4	81060	59.94006
NCMP_18032022_INB5-2_BRUV	0	0	0.00000	1	20220318_L28_MAH00320.MP4	81061	59.94006
NCMP_18032022_INB5-2_BRUV	0	0	0.00000	1	20220318_L28_MAH00321.MP4	49860	59.94006
NCMP_18032022_INB5-3_BRUV	0	0	0.00000	1	20220318_L24_MAH00356.MP4	81122	59.94006
NCMP_18032022_INB5-3_BRUV	0	0	0.00000	1	20220318_L24_MAH00357.MP4	81060	59.94006
NCMP_18032022_INB5-3_BRUV	0	0	0.00000	1	20220318_L24_MAH00358.MP4	81121	59.94006
NCMP_18032022_INB5-3_BRUV	0	0	0.00000	1	20220318_L24_MAH00359.MP4	78930	59.94006
NCMP_18032022_INB5-3_BRUV	1	0	0.00000	1	20220318_R23_MAH00088.MP4	81122	59.94006
NCMP_18032022_INB5-3_BRUV	1	0	0.00000	1	20220318_R23_MAH00089.MP4	81060	59.94006
NCMP_18032022_INB5-3_BRUV	1	0	0.00000	1	20220318_R23_MAH00090.MP4	81061	59.94006
NCMP_18032022_INB5-3_BRUV	1	0	0.00000	1	20220318_R23_MAH00091.MP4	79500	59.94006
NCMP_18032022_INB5-4_BRUV	0	0	0.00000	1	20220318_L2_MAH00276.MP4	81120	59.94018
NCMP_18032022_INB5-4_BRUV	0	0	0.00000	1	20220318_L2_MAH00277.MP4	81061	59.94018
NCMP_18032022_INB5-4_BRUV	0	0	0.00000	1	20220318_L2_MAH00278.MP4	81061	59.94018
NCMP_18032022_INB5-4_BRUV	0	0	0.00000	1	20220318_L2_MAH00279.MP4	47910	59.94018
NCMP_18032022_INB5-4_BRUV	1	0	0.00000	1	20220318_R1_MAH00360.MP4	81122	59.94006
NCMP_18032022_INB5-4_BRUV	1	0	0.00000	1	20220318_R1_MAH00361.MP4	81120	59.94006
NCMP_18032022_INB5-4_BRUV	1	0	0.00000	1	20220318_R1_MAH00362.MP4	81061	59.94006
NCMP_18032022_INB5-4_BRUV	1	0	0.00000	1	20220318_R1_MAH00363.MP4	48270	59.94006
NCMP_18032022_INB5-5_BRUV	0	0	0.00000	1	20220318_L32_MAH00295.MP4	81122	59.94006
NCMP_18032022_INB5-5_BRUV	0	0	0.00000	1	20220318_L32_MAH00296.MP4	81060	59.94006
NCMP_18032022_INB5-5_BRUV	0	0	0.00000	1	20220318_L32_MAH00297.MP4	81061	59.94006
NCMP_18032022_INB5-5_BRUV	0	0	0.00000	1	20220318_L32_MAH00298.MP4	27630	59.94006
NCMP_18032022_INB5-5_BRUV	1	0	0.00000	1	20220318_R31_MAH00225.MP4	81122	59.94006
NCMP_18032022_INB5-5_BRUV	1	0	0.00000	1	20220318_R31_MAH00226.MP4	81120	59.94006
NCMP_18032022_INB5-5_BRUV	1	0	0.00000	1	20220318_R31_MAH00227.MP4	81061	59.94006
NCMP_18032022_INB5-5_BRUV	1	0	0.00000	1	20220318_R31_MAH00228.MP4	27600	59.94006
NCMP_18032022_INB6-1_BRUV	0	0	0.00000	1	20220318_L4_MAH00281.MP4	81122	59.94006
NCMP_18032022_INB6-1_BRUV	0	0	0.00000	1	20220318_L4_MAH00282.MP4	81120	59.94006
NCMP_18032022_INB6-1_BRUV	0	0	0.00000	1	20220318_L4_MAH00283.MP4	81061	59.94006
NCMP_18032022_INB6-1_BRUV	0	0	0.00000	1	20220318_L4_MAH00284.MP4	81060	59.94006
NCMP_18032022_INB6-2_BRUV	0	0	0.00000	1	20220318_L2_MAH00272.MP4	81122	59.94006
NCMP_18032022_INB6-2_BRUV	0	0	0.00000	1	20220318_L2_MAH00273.MP4	81060	59.94006
NCMP_18032022_INB6-2_BRUV	0	0	0.00000	1	20220318_L2_MAH00274.MP4	81061	59.94006
NCMP_18032022_INB6-2_BRUV	0	0	0.00000	1	20220318_L2_MAH00275.MP4	75540	59.94006
NCMP_18032022_INB6-2_BRUV	1	0	0.00000	1	20220318_R1_MAH00356.MP4	81062	59.94006
NCMP_18032022_INB6-2_BRUV	1	0	0.00000	1	20220318_R1_MAH00357.MP4	81061	59.94006
NCMP_18032022_INB6-2_BRUV	1	0	0.00000	1	20220318_R1_MAH00358.MP4	81061	59.94006
NCMP_18032022_INB6-2_BRUV	1	0	0.00000	1	20220318_R1_MAH00359.MP4	73620	59.94006
NCMP_18032022_INB6-4_BRUV	0	0	0.00000	1	20220318_L32_MAH00290.MP4	81122	59.94006
NCMP_18032022_INB6-4_BRUV	0	0	0.00000	1	20220318_L32_MAH00291.MP4	81060	59.94006
NCMP_18032022_INB6-4_BRUV	0	0	0.00000	1	20220318_L32_MAH00292.MP4	81061	59.94006
NCMP_18032022_INB6-4_BRUV	0	0	0.00000	1	20220318_L32_MAH00293.MP4	81120	59.94006
NCMP_18032022_INB6-4_BRUV	0	0	0.00000	1	20220318_L32_MAH00294.MP4	12931	59.94006
NCMP_18032022_INB6-4_BRUV	1	0	0.00000	1	20220318_R31_MAH00220.MP4	81122	59.94006
NCMP_18032022_INB6-4_BRUV	1	0	0.00000	1	20220318_R31_MAH00221.MP4	81060	59.94006
NCMP_18032022_INB6-4_BRUV	1	0	0.00000	1	20220318_R31_MAH00222.MP4	81061	59.94006
NCMP_18032022_INB6-4_BRUV	1	0	0.00000	1	20220318_R31_MAH00223.MP4	81060	59.94006
NCMP_18032022_INB7-1_BRUV	0	0	0.00000	1	20220318_L10_MAH00013.MP4	81122	59.94006
NCMP_18032022_INB7-1_BRUV	0	0	0.00000	1	20220318_L10_MAH00014.MP4	81060	59.94006
NCMP_18032022_INB7-1_BRUV	0	0	0.00000	1	20220318_L10_MAH00015.MP4	81061	59.94006
NCMP_18032022_INB7-1_BRUV	0	0	0.00000	1	20220318_L10_MAH00016.MP4	42480	59.94006
NCMP_18032022_INB7-1_BRUV	1	0	0.00000	1	20220318_R9_MAH00376.MP4	81122	59.94006
NCMP_18032022_INB7-1_BRUV	1	0	0.00000	1	20220318_R9_MAH00377.MP4	81060	59.94006
NCMP_18032022_INB7-1_BRUV	1	0	0.00000	1	20220318_R9_MAH00378.MP4	81061	59.94006
NCMP_18032022_INB7-1_BRUV	1	0	0.00000	1	20220318_R9_MAH00379.MP4	44550	59.94006
NCMP_18032022_INB7-2_BRUV	0	0	0.00000	1	20220318_L6_MAH00391.MP4	81122	59.94006
NCMP_18032022_INB7-2_BRUV	0	0	0.00000	1	20220318_L6_MAH00392.MP4	81120	59.94006
NCMP_18032022_INB7-2_BRUV	0	0	0.00000	1	20220318_L6_MAH00393.MP4	81061	59.94006
NCMP_18032022_INB7-2_BRUV	0	0	0.00000	1	20220318_L6_MAH00394.MP4	23490	59.94006
NCMP_18032022_INB7-2_BRUV	1	0	0.00000	1	20220318_R5_MAH00326.MP4	81122	59.94006
NCMP_18032022_INB7-2_BRUV	1	0	0.00000	1	20220318_R5_MAH00327.MP4	81060	59.94006
NCMP_18032022_INB7-2_BRUV	1	0	0.00000	1	20220318_R5_MAH00328.MP4	81061	59.94006
NCMP_18032022_INB7-2_BRUV	1	0	0.00000	1	20220318_R5_MAH00329.MP4	21660	59.94006
NCMP_18032022_INB7-3_BRUV	0	0	0.00000	1	20220318_L20_MAH00283.MP4	81120	59.94018
NCMP_18032022_INB7-3_BRUV	0	0	0.00000	1	20220318_L20_MAH00284.MP4	81061	59.94018
NCMP_18032022_INB7-3_BRUV	0	0	0.00000	1	20220318_L20_MAH00285.MP4	81061	59.94018
NCMP_18032022_INB7-3_BRUV	0	0	0.00000	1	20220318_L20_MAH00286.MP4	22650	59.94018
NCMP_18032022_INB7-3_BRUV	1	0	0.00000	1	20220318_R19_MAH00217.MP4	81122	59.94006
NCMP_18032022_INB7-3_BRUV	1	0	0.00000	1	20220318_R19_MAH00218.MP4	81060	59.94006
NCMP_18032022_INB7-3_BRUV	1	0	0.00000	1	20220318_R19_MAH00219.MP4	81061	59.94006
NCMP_18032022_INB7-3_BRUV	1	0	0.00000	1	20220318_R19_MAH00220.MP4	21900	59.94006
NCMP_18032022_INB7-4_BRUV	0	0	0.00000	1	20220318_L8_MAH00315.MP4	81120	59.94018
NCMP_18032022_INB7-4_BRUV	0	0	0.00000	1	20220318_L8_MAH00316.MP4	81121	59.94018
NCMP_18032022_INB7-4_BRUV	0	0	0.00000	1	20220318_L8_MAH00317.MP4	81061	59.94018
NCMP_18032022_INB7-4_BRUV	0	0	0.00000	1	20220318_L8_MAH00318.MP4	33360	59.94018
NCMP_18032022_INB7-4_BRUV	1	0	0.00000	1	20220318_R7_MAH00350.MP4	81122	59.94006
NCMP_18032022_INB7-4_BRUV	1	0	0.00000	1	20220318_R7_MAH00351.MP4	81060	59.94006
NCMP_18032022_INB7-4_BRUV	1	0	0.00000	1	20220318_R7_MAH00352.MP4	81061	59.94006
NCMP_18032022_INB7-4_BRUV	1	0	0.00000	1	20220318_R7_MAH00353.MP4	31740	59.94006
NCMP_18032022_INB7-4_BRUV	1	0	0.00000	1	20220318_R7_MAH00354.MP4	81122	59.94006
NCMP_20032022_CNB2-1_BRUV	0	0	0.00000	1	20220320_L24_MAH00374.MP4	81122	59.94006
NCMP_20032022_CNB2-1_BRUV	0	0	0.00000	1	20220320_L24_MAH00375.MP4	81060	59.94006
NCMP_20032022_CNB2-1_BRUV	0	0	0.00000	1	20220320_L24_MAH00376.MP4	81121	59.94006
NCMP_20032022_CNB2-1_BRUV	0	0	0.00000	1	20220320_L24_MAH00377.MP4	27300	59.94006
NCMP_20032022_CNB2-1_BRUV	1	0	0.00000	1	20220320_R23_MAH00107.MP4	81062	59.94006
NCMP_20032022_CNB2-1_BRUV	1	0	0.00000	1	20220320_R23_MAH00108.MP4	81061	59.94006
NCMP_20032022_CNB2-1_BRUV	1	0	0.00000	1	20220320_R23_MAH00109.MP4	81061	59.94006
NCMP_20032022_CNB2-1_BRUV	1	0	0.00000	1	20220320_R23_MAH00110.MP4	25890	59.94006
NCMP_20032022_CNB2-2_BRUV	0	0	0.00000	1	20220320_L10_MAH00030.MP4	81122	59.94006
NCMP_20032022_CNB2-2_BRUV	0	0	0.00000	1	20220320_L10_MAH00031.MP4	81060	59.94006
NCMP_20032022_CNB2-2_BRUV	0	0	0.00000	1	20220320_L10_MAH00032.MP4	81061	59.94006
NCMP_20032022_CNB2-2_BRUV	0	0	0.00000	1	20220320_L10_MAH00033.MP4	81060	59.94006
NCMP_20032022_CNB2-2_BRUV	0	0	0.00000	1	20220320_L10_MAH00034.MP4	6901	59.94006
NCMP_20032022_CNB2-2_BRUV	1	0	0.00000	1	20220320_R9_MAH00393.MP4	81122	59.94006
NCMP_20032022_CNB2-2_BRUV	1	0	0.00000	1	20220320_R9_MAH00394.MP4	81060	59.94006
NCMP_20032022_CNB2-2_BRUV	1	0	0.00000	1	20220320_R9_MAH00395.MP4	81061	59.94006
NCMP_20032022_CNB2-2_BRUV	1	0	0.00000	1	20220320_R9_MAH00396.MP4	81060	59.94006
NCMP_20032022_CNB2-2_BRUV	1	0	0.00000	1	20220320_R9_MAH00397.MP4	4741	59.94006
NCMP_20032022_CNB2-3_BRUV	0	0	0.00000	1	20220317_L6_MAH00379.MP4	81120	59.94018
NCMP_20032022_CNB2-3_BRUV	0	0	0.00000	1	20220317_L6_MAH00380.MP4	81121	59.94018
NCMP_20032022_CNB2-3_BRUV	0	0	0.00000	1	20220317_L6_MAH00381.MP4	81121	59.94018
NCMP_20032022_CNB2-3_BRUV	0	0	0.00000	1	20220317_L6_MAH00382.MP4	51600	59.94018
NCMP_20032022_CNB2-3_BRUV	1	0	0.00000	1	20220317_R5_MAH00314.MP4	81122	59.94006
NCMP_20032022_CNB2-3_BRUV	1	0	0.00000	1	20220317_R5_MAH00315.MP4	81120	59.94006
NCMP_20032022_CNB2-3_BRUV	1	0	0.00000	1	20220317_R5_MAH00316.MP4	81121	59.94006
NCMP_20032022_CNB2-3_BRUV	1	0	0.00000	1	20220317_R5_MAH00317.MP4	50400	59.94006
NCMP_20032022_CNB2-5_BRUV	0	0	0.00000	1	20220320_L6_MAH00409.MP4	81122	59.94006
NCMP_20032022_CNB2-5_BRUV	0	0	0.00000	1	20220320_L6_MAH00410.MP4	81060	59.94006
NCMP_20032022_CNB2-5_BRUV	0	0	0.00000	1	20220320_L6_MAH00411.MP4	81061	59.94006
NCMP_20032022_CNB2-5_BRUV	0	0	0.00000	1	20220320_L6_MAH00412.MP4	65250	59.94006
NCMP_20032022_CNB2-5_BRUV	1	0	0.00000	1	20220320_R5_MAH00344.MP4	81122	59.94006
NCMP_20032022_CNB2-5_BRUV	1	0	0.00000	1	20220320_R5_MAH00345.MP4	81060	59.94006
NCMP_20032022_CNB2-5_BRUV	1	0	0.00000	1	20220320_R5_MAH00346.MP4	81061	59.94006
NCMP_20032022_CNB2-5_BRUV	1	0	0.00000	1	20220320_R5_MAH00347.MP4	67230	59.94006
NCMP_20032022_CNB3-1_BRUV	0	0	0.00000	1	20220320_L8_MAH00328.MP4	81122	59.94006
NCMP_20032022_CNB3-1_BRUV	0	0	0.00000	1	20220320_L8_MAH00329.MP4	81060	59.94006
NCMP_20032022_CNB3-1_BRUV	0	0	0.00000	1	20220320_L8_MAH00330.MP4	81061	59.94006
NCMP_20032022_CNB3-1_BRUV	0	0	0.00000	1	20220320_L8_MAH00331.MP4	81060	59.94006
NCMP_20032022_CNB3-1_BRUV	0	0	0.00000	1	20220320_L8_MAH00332.MP4	79201	59.94006
NCMP_20032022_CNB3-1_BRUV	1	0	0.00000	1	20220320_R7_MAH00363.MP4	81122	59.94006
NCMP_20032022_CNB3-1_BRUV	1	0	0.00000	1	20220320_R7_MAH00364.MP4	81060	59.94006
NCMP_20032022_CNB3-1_BRUV	1	0	0.00000	1	20220320_R7_MAH00365.MP4	81061	59.94006
NCMP_20032022_CNB3-1_BRUV	1	0	0.00000	1	20220320_R7_MAH00366.MP4	81060	59.94006
NCMP_20032022_CNB3-1_BRUV	1	0	0.00000	1	20220320_R7_MAH00367.MP4	77761	59.94006
NCMP_20032022_CNB3-2_BRUV	0	0	0.00000	1	20220320_L20_MAH00296.MP4	81122	59.94006
NCMP_20032022_CNB3-2_BRUV	0	0	0.00000	1	20220320_L20_MAH00297.MP4	81060	59.94006
NCMP_20032022_CNB3-2_BRUV	0	0	0.00000	1	20220320_L20_MAH00298.MP4	81061	59.94006
NCMP_20032022_CNB3-2_BRUV	0	0	0.00000	1	20220320_L20_MAH00299.MP4	81060	59.94006
NCMP_20032022_CNB3-2_BRUV	0	0	0.00000	1	20220320_L20_MAH00300.MP4	60931	59.94006
NCMP_20032022_CNB3-2_BRUV	1	0	0.00000	1	20220320_R19_MAH00230.MP4	81122	59.94006
NCMP_20032022_CNB3-2_BRUV	1	0	0.00000	1	20220320_R19_MAH00231.MP4	81060	59.94006
NCMP_20032022_CNB3-2_BRUV	1	0	0.00000	1	20220320_R19_MAH00232.MP4	81061	59.94006
NCMP_20032022_CNB3-2_BRUV	1	0	0.00000	1	20220320_R19_MAH00233.MP4	81060	59.94006
NCMP_20032022_CNB3-2_BRUV	1	0	0.00000	1	20220320_R19_MAH00234.MP4	59611	59.94006
NCMP_20032022_CNB3-4_BRUV	0	0	0.00000	1	20220320_L24_MAH00368.MP4	81122	59.94006
NCMP_20032022_CNB3-4_BRUV	0	0	0.00000	1	20220320_L24_MAH00369.MP4	81120	59.94006
NCMP_20032022_CNB3-4_BRUV	0	0	0.00000	1	20220320_L24_MAH00370.MP4	81061	59.94006
NCMP_20032022_CNB3-4_BRUV	0	0	0.00000	1	20220320_L24_MAH00371.MP4	81060	59.94006
NCMP_20032022_CNB3-4_BRUV	0	0	0.00000	1	20220320_L24_MAH00372.MP4	81121	59.94006
NCMP_20032022_CNB3-4_BRUV	0	0	0.00000	1	20220320_L24_MAH00373.MP4	24450	59.94006
NCMP_20032022_CNB3-4_BRUV	1	0	0.00000	1	20220320_R23_MAH00101.MP4	81122	59.94006
NCMP_20032022_CNB3-4_BRUV	1	0	0.00000	1	20220320_R23_MAH00102.MP4	81120	59.94006
NCMP_20032022_CNB3-4_BRUV	1	0	0.00000	1	20220320_R23_MAH00103.MP4	81061	59.94006
NCMP_20032022_CNB3-4_BRUV	1	0	0.00000	1	20220320_R23_MAH00104.MP4	81060	59.94006
NCMP_20032022_CNB3-4_BRUV	1	0	0.00000	1	20220320_R23_MAH00105.MP4	81061	59.94006
NCMP_20032022_CNB3-4_BRUV	1	0	0.00000	1	20220320_R23_MAH00106.MP4	21990	59.94006
NCMP_20032022_CNB3-5_BRUV	0	0	0.00000	1	20220320_L32_MAH00307.MP4	81122	59.94006
NCMP_20032022_CNB3-5_BRUV	0	0	0.00000	1	20220320_L32_MAH00308.MP4	81060	59.94006
NCMP_20032022_CNB3-5_BRUV	0	0	0.00000	1	20220320_L32_MAH00309.MP4	81061	59.94006
NCMP_20032022_CNB3-5_BRUV	0	0	0.00000	1	20220320_L32_MAH00310.MP4	81060	59.94006
NCMP_20032022_CNB3-5_BRUV	0	0	0.00000	1	20220320_L32_MAH00311.MP4	81061	59.94006
NCMP_20032022_CNB3-5_BRUV	1	0	0.00000	1	20220320_R31_MAH00237.MP4	81122	59.94006
NCMP_20032022_CNB3-5_BRUV	1	0	0.00000	1	20220320_R31_MAH00238.MP4	81060	59.94006
NCMP_20032022_CNB3-5_BRUV	1	0	0.00000	1	20220320_R31_MAH00239.MP4	81061	59.94006
NCMP_20032022_CNB3-5_BRUV	1	0	0.00000	1	20220320_R31_MAH00240.MP4	81060	59.94006
NCMP_20032022_CNB3-5_BRUV	1	0	0.00000	1	20220320_R31_MAH00241.MP4	81061	59.94006
NCMP_20032022_CNB4-1_BRUV	0	0	0.00000	1	20220320_L10_MAH00025.MP4	81122	59.94006
NCMP_20032022_CNB4-1_BRUV	0	0	0.00000	1	20220320_L10_MAH00026.MP4	81060	59.94006
NCMP_20032022_CNB4-1_BRUV	0	0	0.00000	1	20220320_L10_MAH00027.MP4	81061	59.94006
NCMP_20032022_CNB4-1_BRUV	0	0	0.00000	1	20220320_L10_MAH00028.MP4	81060	59.94006
NCMP_20032022_CNB4-1_BRUV	0	0	0.00000	1	20220320_L10_MAH00029.MP4	32491	59.94006
NCMP_20032022_CNB4-1_BRUV	1	0	0.00000	1	20220320_R9_MAH00388.MP4	81122	59.94006
NCMP_20032022_CNB4-1_BRUV	1	0	0.00000	1	20220320_R9_MAH00389.MP4	81060	59.94006
NCMP_20032022_CNB4-1_BRUV	1	0	0.00000	1	20220320_R9_MAH00390.MP4	81061	59.94006
NCMP_20032022_CNB4-1_BRUV	1	0	0.00000	1	20220320_R9_MAH00391.MP4	81060	59.94006
NCMP_20032022_CNB4-1_BRUV	1	0	0.00000	1	20220320_R9_MAH00392.MP4	30241	59.94006
NCMP_20032022_CNB4-2_BRUV	0	0	0.00000	1	20220320_L2_MAH00288.MP4	81122	59.94006
NCMP_20032022_CNB4-2_BRUV	0	0	0.00000	1	20220320_L2_MAH00289.MP4	81060	59.94006
NCMP_20032022_CNB4-2_BRUV	0	0	0.00000	1	20220320_L2_MAH00290.MP4	81061	59.94006
NCMP_20032022_CNB4-2_BRUV	0	0	0.00000	1	20220320_L2_MAH00291.MP4	70950	59.94006
NCMP_20032022_CNB4-2_BRUV	1	0	0.00000	1	20220320_R1_MAH00372.MP4	81122	59.94006
NCMP_20032022_CNB4-2_BRUV	1	0	0.00000	1	20220320_R1_MAH00373.MP4	81060	59.94006
NCMP_20032022_CNB4-2_BRUV	1	0	0.00000	1	20220320_R1_MAH00374.MP4	81061	59.94006
NCMP_20032022_CNB4-2_BRUV	1	0	0.00000	1	20220320_R1_MAH00375.MP4	73260	59.94006
NCMP_20032022_CNB4-3_BRUV	0	0	0.00000	1	20220320_L26_MAH00315.MP4	81122	59.94006
NCMP_20032022_CNB4-3_BRUV	0	0	0.00000	1	20220320_L26_MAH00316.MP4	81060	59.94006
NCMP_20032022_CNB4-3_BRUV	0	0	0.00000	1	20220320_L26_MAH00317.MP4	81061	59.94006
NCMP_20032022_CNB4-3_BRUV	0	0	0.00000	1	20220320_L26_MAH00318.MP4	54840	59.94006
NCMP_20032022_CNB4-3_BRUV	1	0	0.00000	1	20220320_R25_MAH00321.MP4	81122	59.94006
NCMP_20032022_CNB4-3_BRUV	1	0	0.00000	1	20220320_R25_MAH00322.MP4	81060	59.94006
NCMP_20032022_CNB4-3_BRUV	1	0	0.00000	1	20220320_R25_MAH00323.MP4	81061	59.94006
NCMP_20032022_CNB4-3_BRUV	1	0	0.00000	1	20220320_R25_MAH00324.MP4	55980	59.94006
NCMP_20032022_CNB4-4_BRUV	0	0	0.00000	1	20220320_L28_MAH00332.MP4	81122	59.94006
NCMP_20032022_CNB4-4_BRUV	0	0	0.00000	1	20220320_L28_MAH00333.MP4	81060	59.94006
NCMP_20032022_CNB4-4_BRUV	0	0	0.00000	1	20220320_L28_MAH00334.MP4	81061	59.94006
NCMP_20032022_CNB4-4_BRUV	0	0	0.00000	1	20220320_L28_MAH00335.MP4	54480	59.94006
NCMP_20032022_CNB4-4_BRUV	1	0	0.00000	1	20220320_R27_MAH00333.MP4	81122	59.94006
NCMP_20032022_CNB4-4_BRUV	1	0	0.00000	1	20220320_R27_MAH00334.MP4	81060	59.94006
NCMP_20032022_CNB4-4_BRUV	1	0	0.00000	1	20220320_R27_MAH00335.MP4	81061	59.94006
NCMP_20032022_CNB4-4_BRUV	1	0	0.00000	1	20220320_R27_MAH00336.MP4	52380	59.94006
NCMP_20032022_CNB4-5_BRUV	0	0	0.00000	1	20220320_L4_MAH00296.MP4	81122	59.94006
NCMP_20032022_CNB4-5_BRUV	0	0	0.00000	1	20220320_L4_MAH00297.MP4	81060	59.94006
NCMP_20032022_CNB4-5_BRUV	0	0	0.00000	1	20220320_L4_MAH00298.MP4	81061	59.94006
NCMP_20032022_CNB4-5_BRUV	0	0	0.00000	1	20220320_L4_MAH00299.MP4	81060	59.94006
NCMP_20032022_CNB4-5_BRUV	0	0	0.00000	1	20220320_L4_MAH00300.MP4	12721	59.94006
NCMP_20032022_CNB4-5_BRUV	1	0	0.00000	1	20220320_R3_MAH00302.MP4	81122	59.94006
NCMP_20032022_CNB4-5_BRUV	1	0	0.00000	1	20220320_R3_MAH00303.MP4	81060	59.94006
NCMP_20032022_CNB4-5_BRUV	1	0	0.00000	1	20220320_R3_MAH00304.MP4	81061	59.94006
NCMP_20032022_CNB4-5_BRUV	1	0	0.00000	1	20220320_R3_MAH00305.MP4	81060	59.94006
NCMP_20032022_CNB4-5_BRUV	1	0	0.00000	1	20220320_R3_MAH00306.MP4	11101	59.94006
NCMP_21032022_EGB1-2_BRUV	0	0	0.00000	1	20220321_L10_MAH00035.MP4	81122	59.94006
NCMP_21032022_EGB1-2_BRUV	0	0	0.00000	1	20220321_L10_MAH00036.MP4	81060	59.94006
NCMP_21032022_EGB1-2_BRUV	0	0	0.00000	1	20220321_L10_MAH00037.MP4	81061	59.94006
NCMP_21032022_EGB1-2_BRUV	0	0	0.00000	1	20220321_L10_MAH00038.MP4	81060	59.94006
NCMP_21032022_EGB1-2_BRUV	0	0	0.00000	1	20220321_L10_MAH00039.MP4	5641	59.94006
NCMP_21032022_EGB1-2_BRUV	1	0	0.00000	1	20220321_R9_MAH00398.MP4	81122	59.94006
NCMP_21032022_EGB1-2_BRUV	1	0	0.00000	1	20220321_R9_MAH00399.MP4	81060	59.94006
NCMP_21032022_EGB1-2_BRUV	1	0	0.00000	1	20220321_R9_MAH00400.MP4	81061	59.94006
NCMP_21032022_EGB1-2_BRUV	1	0	0.00000	1	20220321_R9_MAH00401.MP4	81060	59.94006
NCMP_21032022_EGB1-2_BRUV	1	0	0.00000	1	20220321_R9_MAH00402.MP4	6271	59.94006
NCMP_21032022_EGB1-3_BRUV	0	0	0.00000	1	20220321_L6_MAH00413.MP4	81122	59.94006
NCMP_21032022_EGB1-3_BRUV	0	0	0.00000	1	20220321_L6_MAH00414.MP4	81060	59.94006
NCMP_21032022_EGB1-3_BRUV	0	0	0.00000	1	20220321_L6_MAH00415.MP4	81061	59.94006
NCMP_21032022_EGB1-3_BRUV	0	0	0.00000	1	20220321_L6_MAH00416.MP4	76620	59.94006
NCMP_21032022_EGB1-3_BRUV	1	0	0.00000	1	20220321_R5_MAH00348.MP4	81122	59.94006
NCMP_21032022_EGB1-3_BRUV	1	0	0.00000	1	20220321_R5_MAH00349.MP4	81060	59.94006
NCMP_21032022_EGB1-3_BRUV	1	0	0.00000	1	20220321_R5_MAH00350.MP4	81061	59.94006
NCMP_21032022_EGB1-3_BRUV	1	0	0.00000	1	20220321_R5_MAH00351.MP4	79380	59.94006
NCMP_21032022_EGB1-5_BRUV	0	0	0.00000	1	20220321_L32_MAH00319.MP4	81122	59.94006
NCMP_21032022_EGB1-5_BRUV	0	0	0.00000	1	20220321_L32_MAH00320.MP4	81060	59.94006
NCMP_21032022_EGB1-5_BRUV	0	0	0.00000	1	20220321_L32_MAH00321.MP4	81061	59.94006
NCMP_21032022_EGB1-5_BRUV	0	0	0.00000	1	20220321_L32_MAH00322.MP4	29400	59.94006
NCMP_21032022_EGB1-5_BRUV	1	0	0.00000	1	20220321_R31_MAH00249.MP4	81122	59.94006
NCMP_21032022_EGB1-5_BRUV	1	0	0.00000	1	20220321_R31_MAH00250.MP4	81060	59.94006
NCMP_21032022_EGB1-5_BRUV	1	0	0.00000	1	20220321_R31_MAH00251.MP4	81061	59.94006
NCMP_21032022_EGB1-5_BRUV	1	0	0.00000	1	20220321_R31_MAH00252.MP4	29430	59.94006
NCMP_21032022_EGB2-1_BRUV	0	0	0.00000	1	20220321_L26_MAH00319.MP4	81120	59.94018
NCMP_21032022_EGB2-1_BRUV	0	0	0.00000	1	20220321_L26_MAH00320.MP4	81061	59.94018
NCMP_21032022_EGB2-1_BRUV	0	0	0.00000	1	20220321_L26_MAH00321.MP4	81061	59.94018
NCMP_21032022_EGB2-1_BRUV	0	0	0.00000	1	20220321_L26_MAH00322.MP4	41190	59.94018
NCMP_21032022_EGB2-1_BRUV	1	0	0.00000	1	20220321_R25_MAH00325.MP4	81122	59.94006
NCMP_21032022_EGB2-1_BRUV	1	0	0.00000	1	20220321_R25_MAH00326.MP4	81060	59.94006
NCMP_21032022_EGB2-1_BRUV	1	0	0.00000	1	20220321_R25_MAH00327.MP4	81061	59.94006
NCMP_21032022_EGB2-1_BRUV	1	0	0.00000	1	20220321_R25_MAH00328.MP4	41400	59.94006
NCMP_21032022_EGB2-2_BRUV	0	0	0.00000	1	20220321_L28_MAH00336.MP4	81122	59.94006
NCMP_21032022_EGB2-2_BRUV	0	0	0.00000	1	20220321_L28_MAH00337.MP4	81060	59.94006
NCMP_21032022_EGB2-2_BRUV	0	0	0.00000	1	20220321_L28_MAH00338.MP4	81061	59.94006
NCMP_21032022_EGB2-2_BRUV	0	0	0.00000	1	20220321_L28_MAH00339.MP4	35430	59.94006
NCMP_21032022_EGB2-2_BRUV	1	0	0.00000	1	20220321_R27_MAH00337.MP4	81122	59.94006
NCMP_21032022_EGB2-2_BRUV	1	0	0.00000	1	20220321_R27_MAH00338.MP4	81060	59.94006
NCMP_21032022_EGB2-2_BRUV	1	0	0.00000	1	20220321_R27_MAH00339.MP4	81061	59.94006
NCMP_21032022_EGB2-2_BRUV	1	0	0.00000	1	20220321_R27_MAH00340.MP4	33390	59.94006
NCMP_21032022_EGB2-3_BRUV	0	0	0.00000	1	20220321_L4_MAH00301.MP4	81120	59.94018
NCMP_21032022_EGB2-3_BRUV	0	0	0.00000	1	20220321_L4_MAH00302.MP4	81061	59.94018
NCMP_21032022_EGB2-3_BRUV	0	0	0.00000	1	20220321_L4_MAH00303.MP4	81061	59.94018
NCMP_21032022_EGB2-3_BRUV	0	0	0.00000	1	20220321_L4_MAH00304.MP4	40620	59.94018
NCMP_21032022_EGB2-3_BRUV	1	0	0.00000	1	20220321_R3_MAH00307.MP4	81122	59.94006
NCMP_21032022_EGB2-3_BRUV	1	0	0.00000	1	20220321_R3_MAH00308.MP4	81060	59.94006
NCMP_21032022_EGB2-3_BRUV	1	0	0.00000	1	20220321_R3_MAH00309.MP4	81061	59.94006
NCMP_21032022_EGB2-3_BRUV	1	0	0.00000	1	20220321_R3_MAH00310.MP4	41280	59.94006
NCMP_21032022_EGB2-4_BRUV	0	0	0.00000	1	20220321_R7_MAH00368.MP4	81122	59.94006
NCMP_21032022_EGB2-4_BRUV	0	0	0.00000	1	20220321_R7_MAH00369.MP4	81060	59.94006
NCMP_21032022_EGB2-4_BRUV	0	0	0.00000	1	20220321_R7_MAH00370.MP4	81121	59.94006
NCMP_21032022_EGB2-4_BRUV	0	0	0.00000	1	20220321_R7_MAH00371.MP4	32820	59.94006
NCMP_21032022_EGB2-5_BRUV	0	0	0.00000	1	20220321_L2_MAH00292.MP4	81120	59.94018
NCMP_21032022_EGB2-5_BRUV	0	0	0.00000	1	20220321_L2_MAH00293.MP4	81061	59.94018
NCMP_21032022_EGB2-5_BRUV	0	0	0.00000	1	20220321_L2_MAH00294.MP4	81061	59.94018
NCMP_21032022_EGB2-5_BRUV	0	0	0.00000	1	20220321_L2_MAH00295.MP4	30990	59.94018
NCMP_21032022_EGB2-5_BRUV	1	0	0.00000	1	20220321_R1_MAH00376.MP4	81122	59.94006
NCMP_21032022_EGB2-5_BRUV	1	0	0.00000	1	20220321_R1_MAH00377.MP4	81060	59.94006
NCMP_21032022_EGB2-5_BRUV	1	0	0.00000	1	20220321_R1_MAH00378.MP4	81061	59.94006
NCMP_21032022_EGB2-5_BRUV	1	0	0.00000	1	20220321_R1_MAH00379.MP4	30540	59.94006
NCMP_21032022_EGB3-1_BRUV	0	0	0.00000	1	20220321_L2_MAH00296.MP4	81122	59.94006
NCMP_21032022_EGB3-1_BRUV	0	0	0.00000	1	20220321_L2_MAH00297.MP4	81060	59.94006
NCMP_21032022_EGB3-1_BRUV	0	0	0.00000	1	20220321_L2_MAH00298.MP4	81061	59.94006
NCMP_21032022_EGB3-1_BRUV	0	0	0.00000	1	20220321_L2_MAH00299.MP4	21150	59.94006
NCMP_21032022_EGB3-1_BRUV	1	0	0.00000	1	20220321_R1_MAH00380.MP4	81122	59.94006
NCMP_21032022_EGB3-1_BRUV	1	0	0.00000	1	20220321_R1_MAH00381.MP4	81060	59.94006
NCMP_21032022_EGB3-1_BRUV	1	0	0.00000	1	20220321_R1_MAH00382.MP4	81061	59.94006
NCMP_21032022_EGB3-1_BRUV	1	0	0.00000	1	20220321_R1_MAH00383.MP4	21030	59.94006
NCMP_21032022_EGB3-2_BRUV	0	0	0.00000	1	20220321_R7_MAH00372.MP4	81122	59.94006
NCMP_21032022_EGB3-2_BRUV	0	0	0.00000	1	20220321_R7_MAH00373.MP4	81060	59.94006
NCMP_21032022_EGB3-2_BRUV	0	0	0.00000	1	20220321_R7_MAH00374.MP4	81121	59.94006
NCMP_21032022_EGB3-2_BRUV	0	0	0.00000	1	20220321_R7_MAH00375.MP4	25140	59.94006
NCMP_21032022_EGB3-3_BRUV	0	0	0.00000	1	20220321_L4_MAH00305.MP4	81122	59.94006
NCMP_21032022_EGB3-3_BRUV	0	0	0.00000	1	20220321_L4_MAH00306.MP4	81060	59.94006
NCMP_21032022_EGB3-3_BRUV	0	0	0.00000	1	20220321_L4_MAH00307.MP4	81061	59.94006
NCMP_21032022_EGB3-3_BRUV	0	0	0.00000	1	20220321_L4_MAH00308.MP4	25830	59.94006
NCMP_21032022_EGB3-3_BRUV	1	0	0.00000	1	20220321_L4_MAH00305.MP4	81122	59.94006
NCMP_21032022_EGB3-3_BRUV	1	0	0.00000	1	20220321_L4_MAH00306.MP4	81060	59.94006
NCMP_21032022_EGB3-3_BRUV	1	0	0.00000	1	20220321_L4_MAH00307.MP4	81061	59.94006
NCMP_21032022_EGB3-3_BRUV	1	0	0.00000	1	20220321_L4_MAH00308.MP4	25830	59.94006
NCMP_21032022_EGB3-4_BRUV	0	0	0.00000	1	20220321_L26_MAH00323.MP4	81122	59.94006
NCMP_21032022_EGB3-4_BRUV	0	0	0.00000	1	20220321_L26_MAH00324.MP4	81060	59.94006
NCMP_21032022_EGB3-4_BRUV	0	0	0.00000	1	20220321_L26_MAH00325.MP4	81061	59.94006
NCMP_21032022_EGB3-4_BRUV	0	0	0.00000	1	20220321_L26_MAH00326.MP4	27360	59.94006
NCMP_21032022_EGB3-4_BRUV	1	0	0.00000	1	20220321_R25_MAH00329.MP4	81122	59.94006
NCMP_21032022_EGB3-4_BRUV	1	0	0.00000	1	20220321_R25_MAH00330.MP4	81060	59.94006
NCMP_21032022_EGB3-4_BRUV	1	0	0.00000	1	20220321_R25_MAH00331.MP4	81061	59.94006
NCMP_21032022_EGB3-4_BRUV	1	0	0.00000	1	20220321_R25_MAH00332.MP4	20280	59.94006
NCMP_21032022_EGB3-5_BRUV	0	0	0.00000	1	20220321_L28_MAH00340.MP4	81122	59.94006
NCMP_21032022_EGB3-5_BRUV	0	0	0.00000	1	20220321_L28_MAH00341.MP4	81060	59.94006
NCMP_21032022_EGB3-5_BRUV	0	0	0.00000	1	20220321_L28_MAH00342.MP4	81061	59.94006
NCMP_21032022_EGB3-5_BRUV	0	0	0.00000	1	20220321_L28_MAH00343.MP4	32820	59.94006
NCMP_21032022_EGB3-5_BRUV	1	0	0.00000	1	20220321_R27_MAH00341.MP4	81122	59.94006
NCMP_21032022_EGB3-5_BRUV	1	0	0.00000	1	20220321_R27_MAH00342.MP4	81060	59.94006
NCMP_21032022_EGB3-5_BRUV	1	0	0.00000	1	20220321_R27_MAH00343.MP4	81061	59.94006
NCMP_21032022_EGB3-5_BRUV	1	0	0.00000	1	20220321_R27_MAH00344.MP4	31500	59.94006
NCMP_21032022_EGB4-2_BRUV	0	0	0.00000	1	20220321_L6_MAH00417.MP4	81122	59.94006
NCMP_21032022_EGB4-2_BRUV	0	0	0.00000	1	20220321_L6_MAH00418.MP4	81060	59.94006
NCMP_21032022_EGB4-2_BRUV	0	0	0.00000	1	20220321_L6_MAH00419.MP4	81061	59.94006
NCMP_21032022_EGB4-2_BRUV	0	0	0.00000	1	20220321_L6_MAH00420.MP4	20280	59.94006
NCMP_21032022_EGB4-2_BRUV	1	0	0.00000	1	20220321_R5_MAH00352.MP4	81122	59.94006
NCMP_21032022_EGB4-2_BRUV	1	0	0.00000	1	20220321_R5_MAH00353.MP4	81060	59.94006
NCMP_21032022_EGB4-2_BRUV	1	0	0.00000	1	20220321_R5_MAH00354.MP4	81121	59.94006
NCMP_21032022_EGB4-2_BRUV	1	0	0.00000	1	20220321_R5_MAH00355.MP4	20400	59.94006
NCMP_21032022_EGB4-3_BRUV	0	0	0.00000	1	20220321_L10_MAH00040.MP4	81122	59.94006
NCMP_21032022_EGB4-3_BRUV	0	0	0.00000	1	20220321_L10_MAH00041.MP4	81060	59.94006
NCMP_21032022_EGB4-3_BRUV	0	0	0.00000	1	20220321_L10_MAH00042.MP4	81061	59.94006
NCMP_21032022_EGB4-3_BRUV	0	0	0.00000	1	20220321_L10_MAH00043.MP4	19950	59.94006
NCMP_21032022_EGB4-3_BRUV	1	0	0.00000	1	20220321_R9_MAH00404.MP4	81122	59.94006
NCMP_21032022_EGB4-3_BRUV	1	0	0.00000	1	20220321_R9_MAH00405.MP4	81060	59.94006
NCMP_21032022_EGB4-3_BRUV	1	0	0.00000	1	20220321_R9_MAH00406.MP4	81061	59.94006
NCMP_21032022_EGB4-3_BRUV	1	0	0.00000	1	20220321_R9_MAH00407.MP4	19470	59.94006
NCMP_21032022_EGB4-4_BRUV	0	0	0.00000	1	20220321_L32_MAH00323.MP4	81122	59.94006
NCMP_21032022_EGB4-4_BRUV	0	0	0.00000	1	20220321_L32_MAH00324.MP4	81120	59.94006
NCMP_21032022_EGB4-4_BRUV	0	0	0.00000	1	20220321_L32_MAH00325.MP4	81061	59.94006
NCMP_21032022_EGB4-4_BRUV	0	0	0.00000	1	20220321_L32_MAH00326.MP4	20370	59.94006
NCMP_21032022_EGB4-4_BRUV	1	0	0.00000	1	20220321_R31_MAH00253.MP4	81122	59.94006
NCMP_21032022_EGB4-4_BRUV	1	0	0.00000	1	20220321_R31_MAH00254.MP4	81060	59.94006
NCMP_21032022_EGB4-4_BRUV	1	0	0.00000	1	20220321_R31_MAH00255.MP4	81121	59.94006
NCMP_21032022_EGB4-4_BRUV	1	0	0.00000	1	20220321_R31_MAH00256.MP4	21900	59.94006
NCMP_21032022_EGB4-5_BRUV	0	0	0.00000	1	20220321_L24_MAH00382.MP4	81120	59.94018
NCMP_21032022_EGB4-5_BRUV	0	0	0.00000	1	20220321_L24_MAH00383.MP4	81061	59.94018
NCMP_21032022_EGB4-5_BRUV	0	0	0.00000	1	20220321_L24_MAH00384.MP4	81061	59.94018
NCMP_21032022_EGB4-5_BRUV	0	0	0.00000	1	20220321_L24_MAH00385.MP4	23190	59.94018
NCMP_21032022_EGB4-5_BRUV	1	0	0.00000	1	20220321_R23_MAH00115.MP4	81122	59.94006
NCMP_21032022_EGB4-5_BRUV	1	0	0.00000	1	20220321_R23_MAH00116.MP4	81060	59.94006
NCMP_21032022_EGB4-5_BRUV	1	0	0.00000	1	20220321_R23_MAH00117.MP4	81061	59.94006
NCMP_21032022_EGB4-5_BRUV	1	0	0.00000	1	20220321_R23_MAH00118.MP4	25200	59.94006
NCMP_21032022_EGB5-1_BRUV	0	0	0.00000	1	20220321_L32_MAH00327.MP4	81120	59.94018
NCMP_21032022_EGB5-1_BRUV	0	0	0.00000	1	20220321_L32_MAH00328.MP4	81061	59.94018
NCMP_21032022_EGB5-1_BRUV	0	0	0.00000	1	20220321_L32_MAH00329.MP4	81061	59.94018
NCMP_21032022_EGB5-1_BRUV	0	0	0.00000	1	20220321_L32_MAH00330.MP4	33900	59.94018
NCMP_21032022_EGB5-1_BRUV	1	0	0.00000	1	20220321_R31_MAH00257.MP4	81122	59.94006
NCMP_21032022_EGB5-1_BRUV	1	0	0.00000	1	20220321_R31_MAH00258.MP4	81060	59.94006
NCMP_21032022_EGB5-1_BRUV	1	0	0.00000	1	20220321_R31_MAH00259.MP4	81121	59.94006
NCMP_21032022_EGB5-1_BRUV	1	0	0.00000	1	20220321_R31_MAH00260.MP4	33780	59.94006
NCMP_21032022_EGB5-2_BRUV	0	0	0.00000	1	20220321_L10_MAH00044.MP4	81122	59.94006
NCMP_21032022_EGB5-2_BRUV	0	0	0.00000	1	20220321_L10_MAH00045.MP4	81120	59.94006
NCMP_21032022_EGB5-2_BRUV	0	0	0.00000	1	20220321_L10_MAH00046.MP4	81061	59.94006
NCMP_21032022_EGB5-2_BRUV	0	0	0.00000	1	20220321_L10_MAH00047.MP4	38160	59.94006
NCMP_21032022_EGB5-2_BRUV	1	0	0.00000	1	20220321_R9_MAH00408.MP4	81122	59.94006
NCMP_21032022_EGB5-2_BRUV	1	0	0.00000	1	20220321_R9_MAH00409.MP4	81120	59.94006
NCMP_21032022_EGB5-2_BRUV	1	0	0.00000	1	20220321_R9_MAH00410.MP4	81061	59.94006
NCMP_21032022_EGB5-2_BRUV	1	0	0.00000	1	20220321_R9_MAH00411.MP4	41220	59.94006
NCMP_21032022_EGB5-3_BRUV	0	0	0.00000	1	20220321_L24_MAH00386.MP4	81120	59.94018
NCMP_21032022_EGB5-3_BRUV	0	0	0.00000	1	20220321_L24_MAH00387.MP4	81061	59.94018
NCMP_21032022_EGB5-3_BRUV	0	0	0.00000	1	20220321_L24_MAH00388.MP4	81061	59.94018
NCMP_21032022_EGB5-3_BRUV	0	0	0.00000	1	20220321_L24_MAH00389.MP4	35670	59.94018
NCMP_21032022_EGB5-3_BRUV	1	0	0.00000	1	20220321_R23_MAH00119.MP4	81122	59.94006
NCMP_21032022_EGB5-3_BRUV	1	0	0.00000	1	20220321_R23_MAH00120.MP4	81060	59.94006
NCMP_21032022_EGB5-3_BRUV	1	0	0.00000	1	20220321_R23_MAH00121.MP4	81061	59.94006
NCMP_21032022_EGB5-3_BRUV	1	0	0.00000	1	20220321_R23_MAH00122.MP4	33690	59.94006
NCMP_21032022_EGB5-4_BRUV	0	0	0.00000	1	20220321_L6_MAH00421.MP4	81122	59.94006
NCMP_21032022_EGB5-4_BRUV	0	0	0.00000	1	20220321_L6_MAH00422.MP4	81060	59.94006
NCMP_21032022_EGB5-4_BRUV	0	0	0.00000	1	20220321_L6_MAH00423.MP4	81061	59.94006
NCMP_21032022_EGB5-4_BRUV	0	0	0.00000	1	20220321_L6_MAH00424.MP4	46470	59.94006
NCMP_21032022_EGB5-4_BRUV	1	0	0.00000	1	20220321_R5_MAH00356.MP4	81122	59.94006
NCMP_21032022_EGB5-4_BRUV	1	0	0.00000	1	20220321_R5_MAH00357.MP4	81060	59.94006
NCMP_21032022_EGB5-4_BRUV	1	0	0.00000	1	20220321_R5_MAH00358.MP4	81061	59.94006
NCMP_21032022_EGB5-4_BRUV	1	0	0.00000	1	20220321_R5_MAH00359.MP4	44700	59.94006
NCMP_21032022_EGB5-5_BRUV	0	0	0.00000	1	20220321_L2_MAH00300.MP4	81122	59.94006
NCMP_21032022_EGB5-5_BRUV	0	0	0.00000	1	20220321_L2_MAH00301.MP4	81060	59.94006
NCMP_21032022_EGB5-5_BRUV	0	0	0.00000	1	20220321_L2_MAH00302.MP4	81061	59.94006
NCMP_21032022_EGB5-5_BRUV	0	0	0.00000	1	20220321_L2_MAH00303.MP4	58380	59.94006
NCMP_21032022_EGB5-5_BRUV	1	0	0.00000	1	20220321_R1_MAH00384.MP4	81122	59.94006
NCMP_21032022_EGB5-5_BRUV	1	0	0.00000	1	20220321_R1_MAH00385.MP4	81120	59.94006
NCMP_21032022_EGB5-5_BRUV	1	0	0.00000	1	20220321_R1_MAH00386.MP4	81061	59.94006
NCMP_21032022_EGB5-5_BRUV	1	0	0.00000	1	20220321_R1_MAH00387.MP4	56910	59.94006
NCMP_21032022_EGB6-1_BRUV	0	0	0.00000	1	20220321_L6_MAH00425.MP4	81122	59.94006
NCMP_21032022_EGB6-1_BRUV	0	0	0.00000	1	20220321_L6_MAH00426.MP4	81060	59.94006
NCMP_21032022_EGB6-1_BRUV	0	0	0.00000	1	20220321_L6_MAH00427.MP4	81061	59.94006
NCMP_21032022_EGB6-1_BRUV	0	0	0.00000	1	20220321_L6_MAH00428.MP4	53910	59.94006
NCMP_21032022_EGB6-1_BRUV	1	0	0.00000	1	20220321_R5_MAH00360.MP4	81122	59.94006
NCMP_21032022_EGB6-1_BRUV	1	0	0.00000	1	20220321_R5_MAH00361.MP4	81060	59.94006
NCMP_21032022_EGB6-1_BRUV	1	0	0.00000	1	20220321_R5_MAH00362.MP4	81061	59.94006
NCMP_21032022_EGB6-1_BRUV	1	0	0.00000	1	20220321_R5_MAH00363.MP4	52050	59.94006
NCMP_21032022_EGB6-2_BRUV	0	0	0.00000	1	20220321_L2_MAH00304.MP4	81122	59.94006
NCMP_21032022_EGB6-2_BRUV	0	0	0.00000	1	20220321_L2_MAH00305.MP4	81060	59.94006
NCMP_21032022_EGB6-2_BRUV	0	0	0.00000	1	20220321_L2_MAH00306.MP4	81061	59.94006
NCMP_21032022_EGB6-2_BRUV	0	0	0.00000	1	20220321_L2_MAH00307.MP4	43800	59.94006
NCMP_21032022_EGB6-2_BRUV	1	0	0.00000	1	20220321_R1_MAH00388.MP4	81122	59.94006
NCMP_21032022_EGB6-2_BRUV	1	0	0.00000	1	20220321_R1_MAH00389.MP4	81060	59.94006
NCMP_21032022_EGB6-2_BRUV	1	0	0.00000	1	20220321_R1_MAH00390.MP4	81061	59.94006
NCMP_21032022_EGB6-2_BRUV	1	0	0.00000	1	20220321_R1_MAH00391.MP4	43890	59.94006
NCMP_21032022_EGB6-3_BRUV	0	0	0.00000	1	20220321_L28_MAH00344.MP4	81122	59.94006
NCMP_21032022_EGB6-3_BRUV	0	0	0.00000	1	20220321_L28_MAH00345.MP4	81120	59.94006
NCMP_21032022_EGB6-3_BRUV	0	0	0.00000	1	20220321_L28_MAH00346.MP4	81061	59.94006
NCMP_21032022_EGB6-3_BRUV	0	0	0.00000	1	20220321_L28_MAH00347.MP4	50400	59.94006
NCMP_21032022_EGB6-3_BRUV	1	0	0.00000	1	20220321_R27_MAH00345.MP4	81122	59.94006
NCMP_21032022_EGB6-3_BRUV	1	0	0.00000	1	20220321_R27_MAH00346.MP4	81060	59.94006
NCMP_21032022_EGB6-3_BRUV	1	0	0.00000	1	20220321_R27_MAH00347.MP4	81061	59.94006
NCMP_21032022_EGB6-3_BRUV	1	0	0.00000	1	20220321_R27_MAH00348.MP4	48450	59.94006
NCMP_21032022_EGB6-4_BRUV	0	0	0.00000	1	20220321_L26_MAH00327.MP4	81122	59.94006
NCMP_21032022_EGB6-4_BRUV	0	0	0.00000	1	20220321_L26_MAH00328.MP4	81060	59.94006
NCMP_21032022_EGB6-4_BRUV	0	0	0.00000	1	20220321_L26_MAH00329.MP4	81121	59.94006
NCMP_21032022_EGB6-4_BRUV	0	0	0.00000	1	20220321_L26_MAH00330.MP4	52200	59.94006
NCMP_21032022_EGB6-4_BRUV	1	0	0.00000	1	20220321_R25_MAH00333.MP4	81122	59.94006
NCMP_21032022_EGB6-4_BRUV	1	0	0.00000	1	20220321_R25_MAH00334.MP4	81060	59.94006
NCMP_21032022_EGB6-4_BRUV	1	0	0.00000	1	20220321_R25_MAH00335.MP4	81061	59.94006
NCMP_21032022_EGB6-4_BRUV	1	0	0.00000	1	20220321_R25_MAH00336.MP4	47790	59.94006
NCMP_21032022_EGB6-5_BRUV	0	0	0.00000	1	20220321_L10_MAH00048.MP4	81122	59.94006
NCMP_21032022_EGB6-5_BRUV	0	0	0.00000	1	20220321_L10_MAH00049.MP4	81060	59.94006
NCMP_21032022_EGB6-5_BRUV	0	0	0.00000	1	20220321_L10_MAH00050.MP4	81061	59.94006
NCMP_21032022_EGB6-5_BRUV	0	0	0.00000	1	20220321_L10_MAH00051.MP4	47460	59.94006
NCMP_21032022_EGB6-5_BRUV	1	0	0.00000	1	20220321_R9_MAH00412.MP4	81122	59.94006
NCMP_21032022_EGB6-5_BRUV	1	0	0.00000	1	20220321_R9_MAH00413.MP4	81060	59.94006
NCMP_21032022_EGB6-5_BRUV	1	0	0.00000	1	20220321_R9_MAH00414.MP4	81061	59.94006
NCMP_21032022_EGB6-5_BRUV	1	0	0.00000	1	20220321_R9_MAH00415.MP4	48600	59.94006
NCMP_21032022_EGB7-2_BRUV	0	0	0.00000	1	20220321_L24_MAH00390.MP4	81122	59.94006
NCMP_21032022_EGB7-2_BRUV	0	0	0.00000	1	20220321_L24_MAH00391.MP4	81060	59.94006
NCMP_21032022_EGB7-2_BRUV	0	0	0.00000	1	20220321_L24_MAH00392.MP4	81061	59.94006
NCMP_21032022_EGB7-2_BRUV	0	0	0.00000	1	20220321_L24_MAH00393.MP4	59010	59.94006
NCMP_21032022_EGB7-2_BRUV	1	0	0.00000	1	20220321_R23_MAH00123.MP4	81122	59.94006
NCMP_21032022_EGB7-2_BRUV	1	0	0.00000	1	20220321_R23_MAH00124.MP4	81060	59.94006
NCMP_21032022_EGB7-2_BRUV	1	0	0.00000	1	20220321_R23_MAH00125.MP4	81061	59.94006
NCMP_21032022_EGB7-2_BRUV	1	0	0.00000	1	20220321_R23_MAH00126.MP4	59820	59.94006
NCMP_21032022_EGB7-3_BRUV	0	0	0.00000	1	20220321_L32_MAH00331.MP4	81122	59.94006
NCMP_21032022_EGB7-3_BRUV	0	0	0.00000	1	20220321_L32_MAH00332.MP4	81120	59.94006
NCMP_21032022_EGB7-3_BRUV	0	0	0.00000	1	20220321_L32_MAH00333.MP4	81061	59.94006
NCMP_21032022_EGB7-3_BRUV	0	0	0.00000	1	20220321_L32_MAH00334.MP4	56370	59.94006
NCMP_21032022_EGB7-3_BRUV	1	0	0.00000	1	20220321_R31_MAH00261.MP4	81122	59.94006
NCMP_21032022_EGB7-3_BRUV	1	0	0.00000	1	20220321_R31_MAH00262.MP4	81120	59.94006
NCMP_21032022_EGB7-3_BRUV	1	0	0.00000	1	20220321_R31_MAH00263.MP4	81061	59.94006
NCMP_21032022_EGB7-3_BRUV	1	0	0.00000	1	20220321_R31_MAH00264.MP4	56880	59.94006
NCMP_21032022_EGB7-4_BRUV	0	0	0.00000	1	20220321_L4_MAH00309.MP4	81062	59.94006
NCMP_21032022_EGB7-4_BRUV	0	0	0.00000	1	20220321_L4_MAH00310.MP4	81121	59.94006
NCMP_21032022_EGB7-4_BRUV	0	0	0.00000	1	20220321_L4_MAH00311.MP4	81061	59.94006
NCMP_21032022_EGB7-4_BRUV	0	0	0.00000	1	20220321_L4_MAH00312.MP4	57090	59.94006
NCMP_21032022_EGB7-4_BRUV	1	0	0.00000	1	20220321_R3_MAH00315.MP4	81062	59.94006
NCMP_21032022_EGB7-4_BRUV	1	0	0.00000	1	20220321_R3_MAH00316.MP4	81121	59.94006
NCMP_21032022_EGB7-4_BRUV	1	0	0.00000	1	20220321_R3_MAH00317.MP4	81061	59.94006
NCMP_21032022_EGB7-4_BRUV	1	0	0.00000	1	20220321_R3_MAH00318.MP4	57720	59.94006
NCMP_21032022_EGB7-5_BRUV	0	0	0.00000	1	20220321_R7_MAH00376.MP4	81122	59.94006
NCMP_21032022_EGB7-5_BRUV	0	0	0.00000	1	20220321_R7_MAH00377.MP4	81120	59.94006
NCMP_21032022_EGB7-5_BRUV	0	0	0.00000	1	20220321_R7_MAH00378.MP4	81061	59.94006
NCMP_21032022_EGB7-5_BRUV	0	0	0.00000	1	20220321_R7_MAH00379.MP4	48510	59.94006
NCMP_22032022_EBS1-1_BRUV	0	0	0.00000	1	20220322_L4_MAH00313.MP4	81122	59.94006
NCMP_22032022_EBS1-1_BRUV	0	0	0.00000	1	20220322_L4_MAH00314.MP4	81060	59.94006
NCMP_22032022_EBS1-1_BRUV	0	0	0.00000	1	20220322_L4_MAH00315.MP4	81061	59.94006
NCMP_22032022_EBS1-1_BRUV	0	0	0.00000	1	20220322_L4_MAH00316.MP4	28110	59.94006
NCMP_22032022_EBS1-1_BRUV	1	0	0.00000	1	20220322_R3_MAH00001.MP4	81122	59.94006
NCMP_22032022_EBS1-1_BRUV	1	0	0.00000	1	20220322_R3_MAH00002.MP4	81060	59.94006
NCMP_22032022_EBS1-1_BRUV	1	0	0.00000	1	20220322_R3_MAH00003.MP4	81061	59.94006
NCMP_22032022_EBS1-1_BRUV	1	0	0.00000	1	20220322_R3_MAH00004.MP4	28770	59.94006
NCMP_22032022_EBS1-2_BRUV	0	0	0.00000	1	20220322_L8_MAH00341.MP4	81122	59.94006
NCMP_22032022_EBS1-2_BRUV	0	0	0.00000	1	20220322_L8_MAH00342.MP4	81060	59.94006
NCMP_22032022_EBS1-2_BRUV	0	0	0.00000	1	20220322_L8_MAH00343.MP4	81061	59.94006
NCMP_22032022_EBS1-2_BRUV	0	0	0.00000	1	20220322_L8_MAH00344.MP4	28470	59.94006
NCMP_22032022_EBS1-2_BRUV	1	0	0.00000	1	20220322_R7_MAH00380.MP4	81122	59.94006
NCMP_22032022_EBS1-2_BRUV	1	0	0.00000	1	20220322_R7_MAH00381.MP4	81060	59.94006
NCMP_22032022_EBS1-2_BRUV	1	0	0.00000	1	20220322_R7_MAH00382.MP4	81061	59.94006
NCMP_22032022_EBS1-2_BRUV	1	0	0.00000	1	20220322_R7_MAH00383.MP4	37260	59.94006
NCMP_22032022_EBS1-3_BRUV	0	0	0.00000	1	20220322_L24_MAH00394.MP4	81122	59.94006
NCMP_22032022_EBS1-3_BRUV	0	0	0.00000	1	20220322_L24_MAH00395.MP4	81060	59.94006
NCMP_22032022_EBS1-3_BRUV	0	0	0.00000	1	20220322_L24_MAH00396.MP4	81061	59.94006
NCMP_22032022_EBS1-3_BRUV	0	0	0.00000	1	20220322_L24_MAH00397.MP4	35970	59.94006
NCMP_22032022_EBS1-4_BRUV	0	0	0.00000	1	20220322_L26_MAH00331.MP4	81122	59.94006
NCMP_22032022_EBS1-4_BRUV	0	0	0.00000	1	20220322_L26_MAH00332.MP4	81060	59.94006
NCMP_22032022_EBS1-4_BRUV	0	0	0.00000	1	20220322_L26_MAH00333.MP4	81061	59.94006
NCMP_22032022_EBS1-4_BRUV	0	0	0.00000	1	20220322_L26_MAH00334.MP4	44640	59.94006
NCMP_22032022_EBS1-4_BRUV	1	0	0.00000	1	20220322_R25_MAH00337.MP4	81122	59.94006
NCMP_22032022_EBS1-4_BRUV	1	0	0.00000	1	20220322_R25_MAH00338.MP4	81060	59.94006
NCMP_22032022_EBS1-4_BRUV	1	0	0.00000	1	20220322_R25_MAH00339.MP4	81061	59.94006
NCMP_22032022_EBS1-4_BRUV	1	0	0.00000	1	20220322_R25_MAH00340.MP4	41910	59.94006
NCMP_22032022_EBS1-5_BRUV	0	0	0.00000	1	20220322_L2_MAH00308.MP4	81122	59.94006
NCMP_22032022_EBS1-5_BRUV	0	0	0.00000	1	20220322_L2_MAH00309.MP4	81060	59.94006
NCMP_22032022_EBS1-5_BRUV	0	0	0.00000	1	20220322_L2_MAH00310.MP4	81061	59.94006
NCMP_22032022_EBS1-5_BRUV	0	0	0.00000	1	20220322_L2_MAH00311.MP4	47670	59.94006
NCMP_22032022_EBS1-5_BRUV	1	0	0.00000	1	20220322_R1_MAH00392.MP4	81122	59.94006
NCMP_22032022_EBS1-5_BRUV	1	0	0.00000	1	20220322_R1_MAH00393.MP4	81060	59.94006
NCMP_22032022_EBS1-5_BRUV	1	0	0.00000	1	20220322_R1_MAH00394.MP4	81061	59.94006
NCMP_22032022_EBS1-5_BRUV	1	0	0.00000	1	20220322_R1_MAH00395.MP4	46170	59.94006
NCMP_22032022_EBS2-1_BRUV	0	0	0.00000	1	20220322_L10_MAH00052.MP4	81122	59.94006
NCMP_22032022_EBS2-1_BRUV	0	0	0.00000	1	20220322_L10_MAH00053.MP4	81060	59.94006
NCMP_22032022_EBS2-1_BRUV	0	0	0.00000	1	20220322_L10_MAH00054.MP4	81061	59.94006
NCMP_22032022_EBS2-1_BRUV	0	0	0.00000	1	20220322_L10_MAH00055.MP4	61170	59.94006
NCMP_22032022_EBS2-1_BRUV	1	0	0.00000	1	20220322_R9_MAH00416.MP4	81122	59.94006
NCMP_22032022_EBS2-1_BRUV	1	0	0.00000	1	20220322_R9_MAH00417.MP4	81060	59.94006
NCMP_22032022_EBS2-1_BRUV	1	0	0.00000	1	20220322_R9_MAH00418.MP4	81061	59.94006
NCMP_22032022_EBS2-1_BRUV	1	0	0.00000	1	20220322_R9_MAH00419.MP4	59790	59.94006
NCMP_22032022_EBS2-2_BRUV	0	0	0.00000	1	20220322_L6_MAH00429.MP4	81122	59.94006
NCMP_22032022_EBS2-2_BRUV	0	0	0.00000	1	20220322_L6_MAH00430.MP4	81060	59.94006
NCMP_22032022_EBS2-2_BRUV	0	0	0.00000	1	20220322_L6_MAH00431.MP4	81061	59.94006
NCMP_22032022_EBS2-2_BRUV	0	0	0.00000	1	20220322_L6_MAH00432.MP4	66390	59.94006
NCMP_22032022_EBS2-2_BRUV	1	0	0.00000	1	20220322_R5_MAH00364.MP4	81122	59.94006
NCMP_22032022_EBS2-2_BRUV	1	0	0.00000	1	20220322_R5_MAH00365.MP4	81060	59.94006
NCMP_22032022_EBS2-2_BRUV	1	0	0.00000	1	20220322_R5_MAH00366.MP4	81061	59.94006
NCMP_22032022_EBS2-2_BRUV	1	0	0.00000	1	20220322_R5_MAH00367.MP4	59730	59.94006
NCMP_22032022_EBS2-4_BRUV	0	0	0.00000	1	20220322_L28_MAH00348.MP4	81122	59.94006
NCMP_22032022_EBS2-4_BRUV	0	0	0.00000	1	20220322_L28_MAH00349.MP4	81060	59.94006
NCMP_22032022_EBS2-4_BRUV	0	0	0.00000	1	20220322_L28_MAH00350.MP4	81061	59.94006
NCMP_22032022_EBS2-4_BRUV	0	0	0.00000	1	20220322_L28_MAH00351.MP4	81060	59.94006
NCMP_22032022_EBS2-4_BRUV	1	0	0.00000	1	20220322_R27_MAH00349.MP4	81122	59.94006
NCMP_22032022_EBS2-4_BRUV	1	0	0.00000	1	20220322_R27_MAH00350.MP4	81060	59.94006
NCMP_22032022_EBS2-4_BRUV	1	0	0.00000	1	20220322_R27_MAH00351.MP4	81061	59.94006
NCMP_22032022_EBS2-4_BRUV	1	0	0.00000	1	20220322_R27_MAH00352.MP4	80790	59.94006
NCMP_23032022_CF1-1_BRUV	0	0	0.00000	1	20220323_L16_MAH00348.MP4	81120	59.94018
NCMP_23032022_CF1-1_BRUV	0	0	0.00000	1	20220323_L16_MAH00349.MP4	81061	59.94018
NCMP_23032022_CF1-1_BRUV	0	0	0.00000	1	20220323_L16_MAH00350.MP4	81061	59.94018
NCMP_23032022_CF1-1_BRUV	0	0	0.00000	1	20220323_L16_MAH00351.MP4	35010	59.94018
NCMP_23032022_CF1-1_BRUV	1	0	0.00000	1	20220323_R15_MAH00332.MP4	81122	59.94006
NCMP_23032022_CF1-1_BRUV	1	0	0.00000	1	20220323_R15_MAH00333.MP4	81060	59.94006
NCMP_23032022_CF1-1_BRUV	1	0	0.00000	1	20220323_R15_MAH00334.MP4	81061	59.94006
NCMP_23032022_CF1-1_BRUV	1	0	0.00000	1	20220323_R15_MAH00335.MP4	34350	59.94006
NCMP_23032022_CF1-2_BRUV	0	0	0.00000	1	20220323_L8_MAH00345.MP4	81120	59.94018
NCMP_23032022_CF1-2_BRUV	0	0	0.00000	1	20220323_L8_MAH00346.MP4	81061	59.94018
NCMP_23032022_CF1-2_BRUV	0	0	0.00000	1	20220323_L8_MAH00347.MP4	81061	59.94018
NCMP_23032022_CF1-2_BRUV	0	0	0.00000	1	20220323_L8_MAH00348.MP4	36390	59.94018
NCMP_23032022_CF1-2_BRUV	1	0	0.00000	1	20220323_R7_MAH00384.MP4	81122	59.94006
NCMP_23032022_CF1-2_BRUV	1	0	0.00000	1	20220323_R7_MAH00385.MP4	81060	59.94006
NCMP_23032022_CF1-2_BRUV	1	0	0.00000	1	20220323_R7_MAH00386.MP4	81061	59.94006
NCMP_23032022_CF1-2_BRUV	1	0	0.00000	1	20220323_R7_MAH00387.MP4	36300	59.94006
NCMP_23032022_CF1-3_BRUV	0	0	0.00000	1	20220323_L28_MAH00353.MP4	81120	59.94018
NCMP_23032022_CF1-3_BRUV	0	0	0.00000	1	20220323_L28_MAH00354.MP4	81061	59.94018
NCMP_23032022_CF1-3_BRUV	0	0	0.00000	1	20220323_L28_MAH00355.MP4	81061	59.94018
NCMP_23032022_CF1-3_BRUV	0	0	0.00000	1	20220323_L28_MAH00356.MP4	26250	59.94018
NCMP_23032022_CF1-3_BRUV	1	0	0.00000	1	20220323_R27_MAH00353.MP4	81122	59.94006
NCMP_23032022_CF1-3_BRUV	1	0	0.00000	1	20220323_R27_MAH00354.MP4	81060	59.94006
NCMP_23032022_CF1-3_BRUV	1	0	0.00000	1	20220323_R27_MAH00355.MP4	81061	59.94006
NCMP_23032022_CF1-3_BRUV	1	0	0.00000	1	20220323_R27_MAH00356.MP4	27300	59.94006
NCMP_23032022_CF1-4_BRUV	0	0	0.00000	1	20220323_L32_MAH00339.MP4	81120	59.94018
NCMP_23032022_CF1-4_BRUV	0	0	0.00000	1	20220323_L32_MAH00340.MP4	81061	59.94018
NCMP_23032022_CF1-4_BRUV	0	0	0.00000	1	20220323_L32_MAH00341.MP4	81061	59.94018
NCMP_23032022_CF1-4_BRUV	0	0	0.00000	1	20220323_L32_MAH00342.MP4	26310	59.94018
NCMP_23032022_CF1-4_BRUV	1	0	0.00000	1	20220323_R31_MAH00269.MP4	81122	59.94006
NCMP_23032022_CF1-4_BRUV	1	0	0.00000	1	20220323_R31_MAH00270.MP4	81060	59.94006
NCMP_23032022_CF1-4_BRUV	1	0	0.00000	1	20220323_R31_MAH00271.MP4	81061	59.94006
NCMP_23032022_CF1-4_BRUV	1	0	0.00000	1	20220323_R31_MAH00272.MP4	24120	59.94006
NCMP_23032022_CF1-5_BRUV	0	0	0.00000	1	20220323_L6_MAH00434.MP4	81120	59.94018
NCMP_23032022_CF1-5_BRUV	0	0	0.00000	1	20220323_L6_MAH00435.MP4	81061	59.94018
NCMP_23032022_CF1-5_BRUV	0	0	0.00000	1	20220323_L6_MAH00436.MP4	81061	59.94018
NCMP_23032022_CF1-5_BRUV	0	0	0.00000	1	20220323_L6_MAH00437.MP4	23670	59.94018
NCMP_23032022_CF1-5_BRUV	1	0	0.00000	1	20220323_R5_MAH00368.MP4	81122	59.94006
NCMP_23032022_CF1-5_BRUV	1	0	0.00000	1	20220323_R5_MAH00369.MP4	81060	59.94006
NCMP_23032022_CF1-5_BRUV	1	0	0.00000	1	20220323_R5_MAH00370.MP4	81061	59.94006
NCMP_23032022_CF1-5_BRUV	1	0	0.00000	1	20220323_R5_MAH00371.MP4	19860	59.94006
NCMP_23032022_CF2-1_BRUV	0	0	0.00000	1	20220323_L26_MAH00335.MP4	81120	59.94018
NCMP_23032022_CF2-1_BRUV	0	0	0.00000	1	20220323_L26_MAH00336.MP4	81061	59.94018
NCMP_23032022_CF2-1_BRUV	0	0	0.00000	1	20220323_L26_MAH00337.MP4	81061	59.94018
NCMP_23032022_CF2-1_BRUV	0	0	0.00000	1	20220323_L26_MAH00338.MP4	38220	59.94018
NCMP_23032022_CF2-1_BRUV	1	0	0.00000	1	20220323_R25_MAH00341.MP4	81122	59.94006
NCMP_23032022_CF2-1_BRUV	1	0	0.00000	1	20220323_R25_MAH00342.MP4	81060	59.94006
NCMP_23032022_CF2-1_BRUV	1	0	0.00000	1	20220323_R25_MAH00343.MP4	81061	59.94006
NCMP_23032022_CF2-1_BRUV	1	0	0.00000	1	20220323_R25_MAH00344.MP4	35520	59.94006
NCMP_23032022_CF2-2_BRUV	0	0	0.00000	1	20220323_L2_MAH00312.MP4	81122	59.94006
NCMP_23032022_CF2-2_BRUV	0	0	0.00000	1	20220323_L2_MAH00313.MP4	81060	59.94006
NCMP_23032022_CF2-2_BRUV	0	0	0.00000	1	20220323_L2_MAH00314.MP4	81061	59.94006
NCMP_23032022_CF2-2_BRUV	0	0	0.00000	1	20220323_L2_MAH00315.MP4	54930	59.94006
NCMP_23032022_CF2-2_BRUV	1	0	0.00000	1	20220323_R1_MAH00396.MP4	81122	59.94006
NCMP_23032022_CF2-2_BRUV	1	0	0.00000	1	20220323_R1_MAH00397.MP4	81060	59.94006
NCMP_23032022_CF2-2_BRUV	1	0	0.00000	1	20220323_R1_MAH00398.MP4	81061	59.94006
NCMP_23032022_CF2-2_BRUV	1	0	0.00000	1	20220323_R1_MAH00399.MP4	54750	59.94006
NCMP_23032022_CF2-3_BRUV	0	0	0.00000	1	20220323_L4_MAH00317.MP4	81120	59.94018
NCMP_23032022_CF2-3_BRUV	0	0	0.00000	1	20220323_L4_MAH00318.MP4	81061	59.94018
NCMP_23032022_CF2-3_BRUV	0	0	0.00000	1	20220323_L4_MAH00319.MP4	81061	59.94018
NCMP_23032022_CF2-3_BRUV	0	0	0.00000	1	20220323_L4_MAH00320.MP4	41760	59.94018
NCMP_23032022_CF2-3_BRUV	1	0	0.00000	1	20220323_R3_MAH00005.MP4	81122	59.94006
NCMP_23032022_CF2-3_BRUV	1	0	0.00000	1	20220323_R3_MAH00006.MP4	81060	59.94006
NCMP_23032022_CF2-3_BRUV	1	0	0.00000	1	20220323_R3_MAH00007.MP4	81061	59.94006
NCMP_23032022_CF2-3_BRUV	1	0	0.00000	1	20220323_R3_MAH00008.MP4	39090	59.94006
NCMP_23032022_CF2-4_BRUV	0	0	0.00000	1	20220323_L10_MAH00056.MP4	81122	59.94006
NCMP_23032022_CF2-4_BRUV	0	0	0.00000	1	20220323_L10_MAH00057.MP4	81060	59.94006
NCMP_23032022_CF2-4_BRUV	0	0	0.00000	1	20220323_L10_MAH00058.MP4	81061	59.94006
NCMP_23032022_CF2-4_BRUV	0	0	0.00000	1	20220323_L10_MAH00059.MP4	47310	59.94006
NCMP_23032022_CF2-4_BRUV	1	0	0.00000	1	20220323_R9_MAH00420.MP4	81122	59.94006
NCMP_23032022_CF2-4_BRUV	1	0	0.00000	1	20220323_R9_MAH00421.MP4	81060	59.94006
NCMP_23032022_CF2-4_BRUV	1	0	0.00000	1	20220323_R9_MAH00422.MP4	81061	59.94006
NCMP_23032022_CF2-4_BRUV	1	0	0.00000	1	20220323_R9_MAH00423.MP4	47970	59.94006
NCMP_23032022_CF2-5_BRUV	0	0	0.00000	1	20220323_L24_MAH00398.MP4	81120	59.94018
NCMP_23032022_CF2-5_BRUV	0	0	0.00000	1	20220323_L24_MAH00399.MP4	81061	59.94018
NCMP_23032022_CF2-5_BRUV	0	0	0.00000	1	20220323_L24_MAH00400.MP4	81061	59.94018
NCMP_23032022_CF2-5_BRUV	0	0	0.00000	1	20220323_L24_MAH00401.MP4	36360	59.94018
NCMP_23032022_CF2-5_BRUV	1	0	0.00000	1	20220323_R23_MAH00130.MP4	81122	59.94006
NCMP_23032022_CF2-5_BRUV	1	0	0.00000	1	20220323_R23_MAH00131.MP4	81060	59.94006
NCMP_23032022_CF2-5_BRUV	1	0	0.00000	1	20220323_R23_MAH00132.MP4	81061	59.94006
NCMP_23032022_CF2-5_BRUV	1	0	0.00000	1	20220323_R23_MAH00133.MP4	35310	59.94006
NCMP_23032022_CF3-1_BRUV	0	0	0.00000	1	20220323_L24_MAH00402.MP4	81120	59.94018
NCMP_23032022_CF3-1_BRUV	0	0	0.00000	1	20220323_L24_MAH00403.MP4	81061	59.94018
NCMP_23032022_CF3-1_BRUV	0	0	0.00000	1	20220323_L24_MAH00404.MP4	81061	59.94018
NCMP_23032022_CF3-1_BRUV	0	0	0.00000	1	20220323_L24_MAH00405.MP4	80161	59.94018
NCMP_23032022_CF3-1_BRUV	1	0	0.00000	1	20220323_R23_MAH00134.MP4	81122	59.94006
NCMP_23032022_CF3-1_BRUV	1	0	0.00000	1	20220323_R23_MAH00135.MP4	81060	59.94006
NCMP_23032022_CF3-1_BRUV	1	0	0.00000	1	20220323_R23_MAH00136.MP4	81061	59.94006
NCMP_23032022_CF3-1_BRUV	1	0	0.00000	1	20220323_R23_MAH00137.MP4	81120	59.94006
NCMP_23032022_CF3-2_BRUV	0	0	0.00000	1	20220323_L2_MAH00316.MP4	81122	59.94006
NCMP_23032022_CF3-2_BRUV	0	0	0.00000	1	20220323_L2_MAH00317.MP4	81060	59.94006
NCMP_23032022_CF3-2_BRUV	0	0	0.00000	1	20220323_L2_MAH00318.MP4	81061	59.94006
NCMP_23032022_CF3-2_BRUV	0	0	0.00000	1	20220323_L2_MAH00319.MP4	68520	59.94006
NCMP_23032022_CF3-2_BRUV	1	0	0.00000	1	20220323_R1_MAH00400.MP4	81122	59.94006
NCMP_23032022_CF3-2_BRUV	1	0	0.00000	1	20220323_R1_MAH00401.MP4	81060	59.94006
NCMP_23032022_CF3-2_BRUV	1	0	0.00000	1	20220323_R1_MAH00402.MP4	81061	59.94006
NCMP_23032022_CF3-2_BRUV	1	0	0.00000	1	20220323_R1_MAH00403.MP4	67350	59.94006
NCMP_23032022_CF3-3_BRUV	0	0	0.00000	1	20220323_L26_MAH00339.MP4	81120	59.94018
NCMP_23032022_CF3-3_BRUV	0	0	0.00000	1	20220323_L26_MAH00340.MP4	81061	59.94018
NCMP_23032022_CF3-3_BRUV	0	0	0.00000	1	20220323_L26_MAH00341.MP4	81061	59.94018
NCMP_23032022_CF3-3_BRUV	0	0	0.00000	1	20220323_L26_MAH00342.MP4	58320	59.94018
NCMP_23032022_CF3-3_BRUV	1	0	0.00000	1	20220323_R25_MAH00345.MP4	81122	59.94006
NCMP_23032022_CF3-3_BRUV	1	0	0.00000	1	20220323_R25_MAH00346.MP4	81060	59.94006
NCMP_23032022_CF3-3_BRUV	1	0	0.00000	1	20220323_R25_MAH00347.MP4	81061	59.94006
NCMP_23032022_CF3-3_BRUV	1	0	0.00000	1	20220323_R25_MAH00348.MP4	58710	59.94006
NCMP_23032022_CF3-4_BRUV	0	0	0.00000	1	20220323_L8_MAH00349.MP4	81120	59.94018
NCMP_23032022_CF3-4_BRUV	0	0	0.00000	1	20220323_L8_MAH00350.MP4	81061	59.94018
NCMP_23032022_CF3-4_BRUV	0	0	0.00000	1	20220323_L8_MAH00351.MP4	81061	59.94018
NCMP_23032022_CF3-4_BRUV	0	0	0.00000	1	20220323_L8_MAH00352.MP4	30480	59.94018
NCMP_23032022_CF3-4_BRUV	1	0	0.00000	1	20220323_R7_MAH00388.MP4	81122	59.94006
NCMP_23032022_CF3-4_BRUV	1	0	0.00000	1	20220323_R7_MAH00389.MP4	81060	59.94006
NCMP_23032022_CF3-4_BRUV	1	0	0.00000	1	20220323_R7_MAH00390.MP4	81061	59.94006
NCMP_23032022_CF3-4_BRUV	1	0	0.00000	1	20220323_R7_MAH00391.MP4	31080	59.94006
NCMP_23032022_CF3-5_BRUV	0	0	0.00000	1	20220323_L10_MAH00060.MP4	81120	59.94018
NCMP_23032022_CF3-5_BRUV	0	0	0.00000	1	20220323_L10_MAH00061.MP4	81061	59.94018
NCMP_23032022_CF3-5_BRUV	0	0	0.00000	1	20220323_L10_MAH00062.MP4	81061	59.94018
NCMP_23032022_CF3-5_BRUV	0	0	0.00000	1	20220323_L10_MAH00063.MP4	56490	59.94018
NCMP_23032022_CF3-5_BRUV	1	0	0.00000	1	20220323_R9_MAH00424.MP4	81122	59.94006
NCMP_23032022_CF3-5_BRUV	1	0	0.00000	1	20220323_R9_MAH00425.MP4	81060	59.94006
NCMP_23032022_CF3-5_BRUV	1	0	0.00000	1	20220323_R9_MAH00426.MP4	81061	59.94006
NCMP_23032022_CF3-5_BRUV	1	0	0.00000	1	20220323_R9_MAH00427.MP4	55170	59.94006
NCMP_23032022_CF4-1_BRUV	0	0	0.00000	1	20220323_L32_MAH00343.MP4	81120	59.94018
NCMP_23032022_CF4-1_BRUV	0	0	0.00000	1	20220323_L32_MAH00344.MP4	81061	59.94018
NCMP_23032022_CF4-1_BRUV	0	0	0.00000	1	20220323_L32_MAH00345.MP4	81061	59.94018
NCMP_23032022_CF4-1_BRUV	0	0	0.00000	1	20220323_L32_MAH00346.MP4	36060	59.94018
NCMP_23032022_CF4-1_BRUV	1	0	0.00000	1	20220323_R31_MAH00273.MP4	81122	59.94006
NCMP_23032022_CF4-1_BRUV	1	0	0.00000	1	20220323_R31_MAH00274.MP4	81060	59.94006
NCMP_23032022_CF4-1_BRUV	1	0	0.00000	1	20220323_R31_MAH00275.MP4	81061	59.94006
NCMP_23032022_CF4-1_BRUV	1	0	0.00000	1	20220323_R31_MAH00276.MP4	36330	59.94006
NCMP_23032022_CF4-2_BRUV	0	0	0.00000	1	20220323_L16_MAH00352.MP4	81120	59.94018
NCMP_23032022_CF4-2_BRUV	0	0	0.00000	1	20220323_L16_MAH00353.MP4	81061	59.94018
NCMP_23032022_CF4-2_BRUV	0	0	0.00000	1	20220323_L16_MAH00354.MP4	81061	59.94018
NCMP_23032022_CF4-2_BRUV	0	0	0.00000	1	20220323_L16_MAH00355.MP4	75571	59.94018
NCMP_23032022_CF4-2_BRUV	1	0	0.00000	1	20220323_R15_MAH00336.MP4	81122	59.94006
NCMP_23032022_CF4-2_BRUV	1	0	0.00000	1	20220323_R15_MAH00337.MP4	81060	59.94006
NCMP_23032022_CF4-2_BRUV	1	0	0.00000	1	20220323_R15_MAH00338.MP4	81061	59.94006
NCMP_23032022_CF4-2_BRUV	1	0	0.00000	1	20220323_R15_MAH00339.MP4	75780	59.94006
NCMP_23032022_CF4-3_BRUV	0	0	0.00000	1	20220323_L4_MAH00321.MP4	81060	59.94018
NCMP_23032022_CF4-3_BRUV	0	0	0.00000	1	20220323_L4_MAH00322.MP4	81061	59.94018
NCMP_23032022_CF4-3_BRUV	0	0	0.00000	1	20220323_L4_MAH00323.MP4	81061	59.94018
NCMP_23032022_CF4-3_BRUV	0	0	0.00000	1	20220323_L4_MAH00324.MP4	60481	59.94018
NCMP_23032022_CF4-3_BRUV	1	0	0.00000	1	20220323_R3_MAH00009.MP4	81062	59.94006
NCMP_23032022_CF4-3_BRUV	1	0	0.00000	1	20220323_R3_MAH00010.MP4	81061	59.94006
NCMP_23032022_CF4-3_BRUV	1	0	0.00000	1	20220323_R3_MAH00011.MP4	81061	59.94006
NCMP_23032022_CF4-3_BRUV	1	0	0.00000	1	20220323_R3_MAH00012.MP4	59250	59.94006
NCMP_23032022_CF4-4_BRUV	0	0	0.00000	1	20220323_L28_MAH00357.MP4	81120	59.94018
NCMP_23032022_CF4-4_BRUV	0	0	0.00000	1	20220323_L28_MAH00358.MP4	81061	59.94018
NCMP_23032022_CF4-4_BRUV	0	0	0.00000	1	20220323_L28_MAH00359.MP4	81061	59.94018
NCMP_23032022_CF4-4_BRUV	0	0	0.00000	1	20220323_L28_MAH00360.MP4	73471	59.94018
NCMP_23032022_CF4-4_BRUV	1	0	0.00000	1	20220323_R27_MAH00357.MP4	81122	59.94006
NCMP_23032022_CF4-4_BRUV	1	0	0.00000	1	20220323_R27_MAH00358.MP4	81060	59.94006
NCMP_23032022_CF4-4_BRUV	1	0	0.00000	1	20220323_R27_MAH00359.MP4	81061	59.94006
NCMP_23032022_CF4-4_BRUV	1	0	0.00000	1	20220323_R27_MAH00360.MP4	70080	59.94006
NCMP_23032022_CF4-5_BRUV	0	0	0.00000	1	20220323_L6_MAH00438.MP4	81120	59.94018
NCMP_23032022_CF4-5_BRUV	0	0	0.00000	1	20220323_L6_MAH00439.MP4	81061	59.94018
NCMP_23032022_CF4-5_BRUV	0	0	0.00000	1	20220323_L6_MAH00440.MP4	81061	59.94018
NCMP_23032022_CF4-5_BRUV	0	0	0.00000	1	20220323_L6_MAH00441.MP4	71131	59.94018
NCMP_23032022_CF4-5_BRUV	1	0	0.00000	1	20220323_R5_MAH00372.MP4	81122	59.94006
NCMP_23032022_CF4-5_BRUV	1	0	0.00000	1	20220323_R5_MAH00373.MP4	81060	59.94006
NCMP_23032022_CF4-5_BRUV	1	0	0.00000	1	20220323_R5_MAH00374.MP4	81061	59.94006
NCMP_23032022_CF4-5_BRUV	1	0	0.00000	1	20220323_R5_MAH00375.MP4	70920	59.94006
NCMP_23032022_CF5-1_BRUV	0	0	0.00000	1	20220323_L6_MAH00442.MP4	81120	59.94018
NCMP_23032022_CF5-1_BRUV	0	0	0.00000	1	20220323_L6_MAH00443.MP4	81061	59.94018
NCMP_23032022_CF5-1_BRUV	0	0	0.00000	1	20220323_L6_MAH00444.MP4	81061	59.94018
NCMP_23032022_CF5-1_BRUV	0	0	0.00000	1	20220323_L6_MAH00445.MP4	81061	59.94018
NCMP_23032022_CF5-1_BRUV	0	0	0.00000	1	20220323_L6_MAH00446.MP4	13921	59.94018
NCMP_23032022_CF5-1_BRUV	1	0	0.00000	1	20220323_R5_MAH00376.MP4	81122	59.94006
NCMP_23032022_CF5-1_BRUV	1	0	0.00000	1	20220323_R5_MAH00377.MP4	81060	59.94006
NCMP_23032022_CF5-1_BRUV	1	0	0.00000	1	20220323_R5_MAH00378.MP4	81061	59.94006
NCMP_23032022_CF5-1_BRUV	1	0	0.00000	1	20220323_R5_MAH00379.MP4	81060	59.94006
NCMP_23032022_CF5-1_BRUV	1	0	0.00000	1	20220323_R5_MAH00380.MP4	14851	59.94006
NCMP_23032022_CF5-2_BRUV	0	0	0.00000	1	20220323_L16_MAH00356.MP4	81120	59.94018
NCMP_23032022_CF5-2_BRUV	0	0	0.00000	1	20220323_L16_MAH00357.MP4	81061	59.94018
NCMP_23032022_CF5-2_BRUV	0	0	0.00000	1	20220323_L16_MAH00358.MP4	81061	59.94018
NCMP_23032022_CF5-2_BRUV	0	0	0.00000	1	20220323_L16_MAH00359.MP4	81061	59.94018
NCMP_23032022_CF5-2_BRUV	0	0	0.00000	1	20220323_L16_MAH00360.MP4	15421	59.94018
NCMP_23032022_CF5-2_BRUV	1	0	0.00000	1	20220323_R15_MAH00340.MP4	81122	59.94006
NCMP_23032022_CF5-2_BRUV	1	0	0.00000	1	20220323_R15_MAH00341.MP4	81060	59.94006
NCMP_23032022_CF5-2_BRUV	1	0	0.00000	1	20220323_R15_MAH00342.MP4	81061	59.94006
NCMP_23032022_CF5-2_BRUV	1	0	0.00000	1	20220323_R15_MAH00343.MP4	81060	59.94006
NCMP_23032022_CF5-2_BRUV	1	0	0.00000	1	20220323_R15_MAH00344.MP4	13771	59.94006
NCMP_23032022_CF5-3_BRUV	0	0	0.00000	1	20220323_L28_MAH00361.MP4	81120	59.94018
NCMP_23032022_CF5-3_BRUV	0	0	0.00000	1	20220323_L28_MAH00362.MP4	81061	59.94018
NCMP_23032022_CF5-3_BRUV	0	0	0.00000	1	20220323_L28_MAH00363.MP4	81061	59.94018
NCMP_23032022_CF5-3_BRUV	0	0	0.00000	1	20220323_L28_MAH00364.MP4	81061	59.94018
NCMP_23032022_CF5-3_BRUV	1	0	0.00000	1	20220323_R27_MAH00361.MP4	81122	59.94006
NCMP_23032022_CF5-3_BRUV	1	0	0.00000	1	20220323_R27_MAH00362.MP4	81060	59.94006
NCMP_23032022_CF5-3_BRUV	1	0	0.00000	1	20220323_R27_MAH00363.MP4	81061	59.94006
NCMP_23032022_CF5-3_BRUV	1	0	0.00000	1	20220323_R27_MAH00364.MP4	81060	59.94006
NCMP_23032022_CF5-3_BRUV	1	0	0.00000	1	20220323_R27_MAH00365.MP4	33121	59.94006
NCMP_23032022_CF5-4_BRUV	0	0	0.00000	1	20220323_L32_MAH00347.MP4	81120	59.94018
NCMP_23032022_CF5-4_BRUV	0	0	0.00000	1	20220323_L32_MAH00348.MP4	81061	59.94018
NCMP_23032022_CF5-4_BRUV	0	0	0.00000	1	20220323_L32_MAH00349.MP4	81061	59.94018
NCMP_23032022_CF5-4_BRUV	0	0	0.00000	1	20220323_L32_MAH00350.MP4	81061	59.94018
NCMP_23032022_CF5-4_BRUV	0	0	0.00000	1	20220323_L32_MAH00351.MP4	50971	59.94018
NCMP_23032022_CF5-4_BRUV	1	0	0.00000	1	20220323_R31_MAH00277.MP4	81122	59.94006
NCMP_23032022_CF5-4_BRUV	1	0	0.00000	1	20220323_R31_MAH00278.MP4	81060	59.94006
NCMP_23032022_CF5-4_BRUV	1	0	0.00000	1	20220323_R31_MAH00279.MP4	81061	59.94006
NCMP_23032022_CF5-4_BRUV	1	0	0.00000	1	20220323_R31_MAH00280.MP4	81060	59.94006
NCMP_23032022_CF5-4_BRUV	1	0	0.00000	1	20220323_R31_MAH00281.MP4	48451	59.94006
NCMP_23032022_CF5-5_BRUV	0	0	0.00000	1	20220323_L4_MAH00325.MP4	81120	59.94018
NCMP_23032022_CF5-5_BRUV	0	0	0.00000	1	20220323_L4_MAH00326.MP4	81061	59.94018
NCMP_23032022_CF5-5_BRUV	0	0	0.00000	1	20220323_L4_MAH00327.MP4	81061	59.94018
NCMP_23032022_CF5-5_BRUV	0	0	0.00000	1	20220323_L4_MAH00328.MP4	81061	59.94018
NCMP_23032022_CF5-5_BRUV	0	0	0.00000	1	20220323_L4_MAH00329.MP4	23941	59.94018
NCMP_23032022_CF5-5_BRUV	1	0	0.00000	1	20220323_R3_MAH00013.MP4	81122	59.94006
NCMP_23032022_CF5-5_BRUV	1	0	0.00000	1	20220323_R3_MAH00014.MP4	81060	59.94006
NCMP_23032022_CF5-5_BRUV	1	0	0.00000	1	20220323_R3_MAH00015.MP4	81061	59.94006
NCMP_23032022_CF5-5_BRUV	1	0	0.00000	1	20220323_R3_MAH00016.MP4	81060	59.94006
NCMP_23032022_CF5-5_BRUV	1	0	0.00000	1	20220323_R3_MAH00017.MP4	23641	59.94006
NCMP_24032022_CF6-1_BRUV	0	0	0.00000	1	20220324_L6_MAH00447.MP4	81120	59.94018
NCMP_24032022_CF6-1_BRUV	0	0	0.00000	1	20220324_L6_MAH00448.MP4	81061	59.94018
NCMP_24032022_CF6-1_BRUV	0	0	0.00000	1	20220324_L6_MAH00449.MP4	81061	59.94018
NCMP_24032022_CF6-1_BRUV	0	0	0.00000	1	20220324_L6_MAH00450.MP4	81061	59.94018
NCMP_24032022_CF6-1_BRUV	0	0	0.00000	1	20220324_L6_MAH00451.MP4	12931	59.94018
NCMP_24032022_CF6-1_BRUV	1	0	0.00000	1	20220324_R5_MAH00381.MP4	81122	59.94006
NCMP_24032022_CF6-1_BRUV	1	0	0.00000	1	20220324_R5_MAH00382.MP4	81060	59.94006
NCMP_24032022_CF6-1_BRUV	1	0	0.00000	1	20220324_R5_MAH00383.MP4	81061	59.94006
NCMP_24032022_CF6-1_BRUV	1	0	0.00000	1	20220324_R5_MAH00384.MP4	81060	59.94006
NCMP_24032022_CF6-1_BRUV	1	0	0.00000	1	20220324_R5_MAH00385.MP4	7741	59.94006
NCMP_24032022_CF6-2_BRUV	0	0	0.00000	1	20220324_L32_MAH00352.MP4	81122	59.94006
NCMP_24032022_CF6-2_BRUV	0	0	0.00000	1	20220324_L32_MAH00353.MP4	81060	59.94006
NCMP_24032022_CF6-2_BRUV	0	0	0.00000	1	20220324_L32_MAH00354.MP4	81061	59.94006
NCMP_24032022_CF6-2_BRUV	0	0	0.00000	1	20220324_L32_MAH00355.MP4	81060	59.94006
NCMP_24032022_CF6-2_BRUV	0	0	0.00000	1	20220324_L32_MAH00356.MP4	37291	59.94006
NCMP_24032022_CF6-2_BRUV	1	0	0.00000	1	20220324_R31_MAH00282.MP4	81122	59.94006
NCMP_24032022_CF6-2_BRUV	1	0	0.00000	1	20220324_R31_MAH00283.MP4	81060	59.94006
NCMP_24032022_CF6-2_BRUV	1	0	0.00000	1	20220324_R31_MAH00284.MP4	81061	59.94006
NCMP_24032022_CF6-2_BRUV	1	0	0.00000	1	20220324_R31_MAH00285.MP4	81060	59.94006
NCMP_24032022_CF6-2_BRUV	1	0	0.00000	1	20220324_R31_MAH00286.MP4	34711	59.94006
NCMP_24032022_CF6-3_BRUV	0	0	0.00000	1	20220324_L26_MAH00343.MP4	81120	59.94018
NCMP_24032022_CF6-3_BRUV	0	0	0.00000	1	20220324_L26_MAH00344.MP4	81061	59.94018
NCMP_24032022_CF6-3_BRUV	0	0	0.00000	1	20220324_L26_MAH00345.MP4	81061	59.94018
NCMP_24032022_CF6-3_BRUV	0	0	0.00000	1	20220324_L26_MAH00346.MP4	81061	59.94018
NCMP_24032022_CF6-3_BRUV	0	0	0.00000	1	20220324_L26_MAH00347.MP4	42181	59.94018
NCMP_24032022_CF6-3_BRUV	1	0	0.00000	1	20220324_R25_MAH00349.MP4	81122	59.94006
NCMP_24032022_CF6-3_BRUV	1	0	0.00000	1	20220324_R25_MAH00350.MP4	81060	59.94006
NCMP_24032022_CF6-3_BRUV	1	0	0.00000	1	20220324_R25_MAH00351.MP4	81061	59.94006
NCMP_24032022_CF6-3_BRUV	1	0	0.00000	1	20220324_R25_MAH00352.MP4	81060	59.94006
NCMP_24032022_CF6-3_BRUV	1	0	0.00000	1	20220324_R25_MAH00353.MP4	40051	59.94006
NCMP_24032022_CF6-4_BRUV	0	0	0.00000	1	20220324_L16_MAH00361.MP4	81120	59.94018
NCMP_24032022_CF6-4_BRUV	0	0	0.00000	1	20220324_L16_MAH00362.MP4	81061	59.94018
NCMP_24032022_CF6-4_BRUV	0	0	0.00000	1	20220324_L16_MAH00363.MP4	81061	59.94018
NCMP_24032022_CF6-4_BRUV	0	0	0.00000	1	20220324_L16_MAH00364.MP4	81061	59.94018
NCMP_24032022_CF6-4_BRUV	0	0	0.00000	1	20220324_L16_MAH00365.MP4	25381	59.94018
NCMP_24032022_CF6-4_BRUV	1	0	0.00000	1	20220324_R15_MAH00345.MP4	81122	59.94006
NCMP_24032022_CF6-4_BRUV	1	0	0.00000	1	20220324_R15_MAH00346.MP4	81060	59.94006
NCMP_24032022_CF6-4_BRUV	1	0	0.00000	1	20220324_R15_MAH00347.MP4	81061	59.94006
NCMP_24032022_CF6-4_BRUV	1	0	0.00000	1	20220324_R15_MAH00348.MP4	81060	59.94006
NCMP_24032022_CF6-4_BRUV	1	0	0.00000	1	20220324_R15_MAH00349.MP4	20071	59.94006
NCMP_24032022_CF6-5_BRUV	0	0	0.00000	1	20220324_L4_MAH00330.MP4	81120	59.94018
NCMP_24032022_CF6-5_BRUV	0	0	0.00000	1	20220324_L4_MAH00331.MP4	81061	59.94018
NCMP_24032022_CF6-5_BRUV	0	0	0.00000	1	20220324_L4_MAH00332.MP4	81061	59.94018
NCMP_24032022_CF6-5_BRUV	0	0	0.00000	1	20220324_L4_MAH00333.MP4	81061	59.94018
NCMP_24032022_CF6-5_BRUV	0	0	0.00000	1	20220324_L4_MAH00334.MP4	22081	59.94018
NCMP_24032022_CF6-5_BRUV	1	0	0.00000	1	20220324_R3_MAH00018.MP4	81122	59.94006
NCMP_24032022_CF6-5_BRUV	1	0	0.00000	1	20220324_R3_MAH00019.MP4	81060	59.94006
NCMP_24032022_CF6-5_BRUV	1	0	0.00000	1	20220324_R3_MAH00020.MP4	81061	59.94006
NCMP_24032022_CF6-5_BRUV	1	0	0.00000	1	20220324_R3_MAH00021.MP4	81060	59.94006
NCMP_24032022_CF6-5_BRUV	1	0	0.00000	1	20220324_R3_MAH00022.MP4	19141	59.94006
NCMP_24032022_CF7-1_BRUV	0	0	0.00000	1	20220324_L8_MAH00353.MP4	81120	59.94006
NCMP_24032022_CF7-1_BRUV	0	0	0.00000	1	20220324_L8_MAH00354.MP4	81060	59.94006
NCMP_24032022_CF7-1_BRUV	0	0	0.00000	1	20220324_L8_MAH00355.MP4	81061	59.94006
NCMP_24032022_CF7-1_BRUV	0	0	0.00000	1	20220324_L8_MAH00356.MP4	81060	59.94006
NCMP_24032022_CF7-1_BRUV	0	0	0.00000	1	20220324_L8_MAH00357.MP4	58651	59.94006
NCMP_24032022_CF7-1_BRUV	0	0	0.00000	1	20220324_L8_MAH00353.MP4	81122	59.94006
NCMP_24032022_CF7-1_BRUV	1	0	0.00000	1	20220324_R7_MAH00392.MP4	81122	59.94006
NCMP_24032022_CF7-1_BRUV	1	0	0.00000	1	20220324_R7_MAH00393.MP4	81060	59.94006
NCMP_24032022_CF7-1_BRUV	1	0	0.00000	1	20220324_R7_MAH00394.MP4	81061	59.94006
NCMP_24032022_CF7-1_BRUV	1	0	0.00000	1	20220324_R7_MAH00395.MP4	81060	59.94006
NCMP_24032022_CF7-1_BRUV	1	0	0.00000	1	20220324_R7_MAH00396.MP4	55141	59.94006
NCMP_24032022_CF7-2_BRUV	0	0	0.00000	1	20220324_L28_MAH00366.MP4	81120	59.94006
NCMP_24032022_CF7-2_BRUV	0	0	0.00000	1	20220324_L28_MAH00367.MP4	81060	59.94006
NCMP_24032022_CF7-2_BRUV	0	0	0.00000	1	20220324_L28_MAH00368.MP4	81061	59.94006
NCMP_24032022_CF7-2_BRUV	0	0	0.00000	1	20220324_L28_MAH00369.MP4	81060	59.94006
NCMP_24032022_CF7-2_BRUV	0	0	0.00000	1	20220324_L28_MAH00370.MP4	64741	59.94006
NCMP_24032022_CF7-2_BRUV	0	0	0.00000	1	20220324_L28_MAH00366.MP4	81122	59.94006
NCMP_24032022_CF7-2_BRUV	1	0	0.00000	1	20220324_R27_MAH00366.MP4	81122	59.94006
NCMP_24032022_CF7-2_BRUV	1	0	0.00000	1	20220324_R27_MAH00367.MP4	81060	59.94006
NCMP_24032022_CF7-2_BRUV	1	0	0.00000	1	20220324_R27_MAH00368.MP4	81061	59.94006
NCMP_24032022_CF7-2_BRUV	1	0	0.00000	1	20220324_R27_MAH00369.MP4	81060	59.94006
NCMP_24032022_CF7-2_BRUV	1	0	0.00000	1	20220324_R27_MAH00370.MP4	59101	59.94006
NCMP_24032022_CF7-3_BRUV	0	0	0.00000	1	20220324_L10_MAH00064.MP4	81120	59.94006
NCMP_24032022_CF7-3_BRUV	0	0	0.00000	1	20220324_L10_MAH00065.MP4	81060	59.94006
NCMP_24032022_CF7-3_BRUV	0	0	0.00000	1	20220324_L10_MAH00066.MP4	81061	59.94006
NCMP_24032022_CF7-3_BRUV	0	0	0.00000	1	20220324_L10_MAH00067.MP4	81060	59.94006
NCMP_24032022_CF7-3_BRUV	0	0	0.00000	1	20220324_L10_MAH00068.MP4	63991	59.94006
NCMP_24032022_CF7-3_BRUV	0	0	0.00000	1	20220324_L10_MAH00064.MP4	81122	59.94006
NCMP_24032022_CF7-3_BRUV	1	0	0.00000	1	20220324_R9_MAH00428.MP4	81122	59.94006
NCMP_24032022_CF7-3_BRUV	1	0	0.00000	1	20220324_R9_MAH00429.MP4	81060	59.94006
NCMP_24032022_CF7-3_BRUV	1	0	0.00000	1	20220324_R9_MAH00430.MP4	81061	59.94006
NCMP_24032022_CF7-3_BRUV	1	0	0.00000	1	20220324_R9_MAH00431.MP4	81060	59.94006
NCMP_24032022_CF7-3_BRUV	1	0	0.00000	1	20220324_R9_MAH00432.MP4	60691	59.94006
NCMP_24032022_CF7-4_BRUV	0	0	0.00000	1	20220324_L24_MAH00406.MP4	81122	59.94006
NCMP_24032022_CF7-4_BRUV	0	0	0.00000	1	20220324_L24_MAH00407.MP4	81120	59.94006
NCMP_24032022_CF7-4_BRUV	0	0	0.00000	1	20220324_L24_MAH00408.MP4	81061	59.94006
NCMP_24032022_CF7-4_BRUV	0	0	0.00000	1	20220324_L24_MAH00409.MP4	81060	59.94006
NCMP_24032022_CF7-4_BRUV	0	0	0.00000	1	20220324_L24_MAH00410.MP4	81121	59.94006
NCMP_24032022_CF7-4_BRUV	1	0	0.00000	1	20220324_R23_MAH00139.MP4	81122	59.94006
NCMP_24032022_CF7-4_BRUV	1	0	0.00000	1	20220324_R23_MAH00140.MP4	81060	59.94006
NCMP_24032022_CF7-4_BRUV	1	0	0.00000	1	20220324_R23_MAH00141.MP4	81061	59.94006
NCMP_24032022_CF7-4_BRUV	1	0	0.00000	1	20220324_R23_MAH00142.MP4	81120	59.94006
NCMP_24032022_CF7-4_BRUV	1	0	0.00000	1	20220324_R23_MAH00143.MP4	81061	59.94006
NCMP_24032022_CF7-5_BRUV	0	0	0.00000	1	20220324_L2_MAH00320.MP4	81120	59.94006
NCMP_24032022_CF7-5_BRUV	0	0	0.00000	1	20220324_L2_MAH00321.MP4	81060	59.94006
NCMP_24032022_CF7-5_BRUV	0	0	0.00000	1	20220324_L2_MAH00322.MP4	81061	59.94006
NCMP_24032022_CF7-5_BRUV	0	0	0.00000	1	20220324_L2_MAH00323.MP4	81060	59.94006
NCMP_24032022_CF7-5_BRUV	0	0	0.00000	1	20220324_L2_MAH00324.MP4	50161	59.94006
NCMP_24032022_CF7-5_BRUV	0	0	0.00000	1	20220324_L2_MAH00320.MP4	81122	59.94006
NCMP_24032022_CF7-5_BRUV	1	0	0.00000	1	20220324_R1_MAH00404.MP4	81122	59.94006
NCMP_24032022_CF7-5_BRUV	1	0	0.00000	1	20220324_R1_MAH00405.MP4	81060	59.94006
NCMP_24032022_CF7-5_BRUV	1	0	0.00000	1	20220324_R1_MAH00406.MP4	81061	59.94006
NCMP_24032022_CF7-5_BRUV	1	0	0.00000	1	20220324_R1_MAH00407.MP4	81120	59.94006
NCMP_24032022_CF7-5_BRUV	1	0	0.00000	1	20220324_R1_MAH00408.MP4	51361	59.94006
