OpCode	ImagePtPair	Index	Lx	Ly	Rx	Ry
BE01	0	0	150.53254	210.31579	2.84024	309.78947
BE01	0	1	462.95858	17.05263	249.94083	108.00000
BE01	1	0	1238.34320	73.89474	1110.53254	8.52632
BE01	1	1	1704.14201	264.31579	1667.21893	139.26316
BE01	2	0	874.79290	716.21053	613.49112	704.84211
BE01	2	1	1048.04734	639.47368	803.78698	625.26316
BE01	3	0	957.15976	1054.42105	445.91716	1040.21053
BE01	3	1	1244.02367	1043.05263	746.98225	1034.52632
BE01	4	0	1420.11834	1011.78947	985.56213	1008.94737
BE01	4	1	1655.85799	935.05263	1289.46746	932.21053
BE01	5	0	967.85289	452.55140	735.30473	438.33645
BE01	5	1	1132.61646	514.23364	952.74781	480.39252
BE01	6	0	1338.29247	148.59813	1240.43608	70.09346
BE01	6	1	1443.09107	279.81308	1369.89317	194.57944
BE01	7	0	678.81657	235.89474	90.88757	306.94737
BE01	7	1	1013.96450	270.00000	499.88166	284.21053
BE01	8	0	161.89349	238.73684	110.76923	315.47368
BE01	8	1	298.22485	159.15789	221.53846	233.05263
BE01	9	0	178.93491	255.78947	249.94083	312.63158
BE01	9	1	315.26627	170.52632	363.55030	218.84211
BE01	10	0	741.30178	301.26316	440.23669	315.47368
BE01	10	1	968.52071	176.21053	604.97041	167.68421
BE01	11	0	1564.97041	329.68421	1141.77515	258.63158
BE01	11	1	1888.75740	406.42105	1536.56805	301.26316
BE01	12	0	1059.40828	22.73684	738.46154	11.36842
BE01	12	1	1201.42012	116.52632	931.59763	62.52632
BE01	13	0	991.24260	88.10526	644.73373	82.42105
BE01	13	1	1181.53846	39.78947	829.34911	5.68421
BE01	14	0	894.67456	295.57895	516.92308	312.63158
BE01	14	1	1076.44970	338.21053	724.26036	329.68421
BE01	15	0	1028.16568	403.57895	607.81065	403.57895
BE01	15	1	1184.37870	480.31579	809.46746	454.73684
BE01	16	0	888.99408	730.42105	599.28994	707.68421
BE01	16	1	1593.37278	920.84211	1465.56213	855.47368
BE01	17	0	56.80473	56.84211	363.55030	142.10526
BE01	17	1	181.77515	198.94737	465.79882	247.26316
BE02	0	0	207.33728	358.10526	176.09467	349.57895
BE02	0	1	420.35503	440.52632	343.66864	417.78947
BE02	1	0	607.81065	235.89474	735.62130	224.52632
BE02	1	1	690.17751	139.26316	795.26627	133.57895
BE02	2	0	778.22485	466.10526	783.90533	451.89474
BE02	2	1	900.35503	505.89474	874.79290	503.05263
BE02	3	0	397.63314	309.78947	522.60355	309.78947
BE02	3	1	454.43787	235.89474	556.68639	227.36842
BE02	4	0	920.23669	332.52632	971.36095	324.00000
BE02	4	1	1013.96450	238.73684	1056.56805	230.21053
BE02	5	0	815.14793	690.63158	934.43787	676.42105
BE02	5	1	886.15385	628.10526	1008.28402	616.73684
BE02	6	0	1491.12426	460.42105	1599.05325	463.26316
BE02	6	1	1630.29586	500.21053	1735.38462	511.57895
BE02	7	0	1028.16568	784.42105	1073.60947	787.26316
BE02	7	1	1124.73373	841.26316	1138.93491	858.31579
BE02	8	0	1633.13609	676.42105	1624.61538	719.05263
BE02	8	1	1817.75148	696.31579	1823.43195	764.52632
BE02	9	0	704.37870	423.47368	903.19527	412.10526
BE02	9	1	761.18343	400.73684	960.00000	395.05263
BE02	10	0	562.36686	554.21053	630.53254	528.63158
BE02	10	1	758.34320	545.68421	820.82840	528.63158
BE02	11	0	616.33136	719.05263	647.57396	690.63158
BE02	11	1	781.06509	699.15789	817.98817	673.57895
BE02	12	0	1158.81657	699.15789	1215.62130	704.84211
BE02	12	1	1275.26627	656.52632	1343.43195	673.57895
BE02	13	0	1235.50296	1062.94737	1070.76923	1074.31579
BE02	13	1	1440.00000	963.47368	1235.50296	1008.94737
BE02	14	0	1488.28402	812.84211	1346.27219	861.15789
BE02	14	1	1661.53846	724.73684	1567.81065	775.89474
BE02	15	0	323.78698	690.63158	448.75740	639.47368
BE02	15	1	465.79882	673.57895	556.68639	639.47368
BE02	16	0	735.62130	673.57895	568.04734	648.00000
BE02	16	1	954.31953	565.57895	778.22485	559.89474
BE02	17	0	488.52071	270.00000	397.63314	272.84211
BE02	17	1	565.20710	343.89474	514.08284	338.21053
BE02	18	0	1050.88757	213.15789	979.88166	213.15789
BE02	18	1	1207.10059	187.57895	1127.57396	190.42105
BE02	19	0	309.58580	881.05263	127.81065	801.47368
BE02	19	1	579.40828	1000.42105	380.59172	940.73684
BE02	20	0	650.41420	733.26316	599.28994	693.47368
BE02	20	1	786.74556	750.31579	744.14201	741.78947
BE02	21	0	1261.06509	412.10526	920.23669	409.26316
BE02	21	1	1417.27811	545.68421	1056.56805	574.10526
BE02	22	0	1434.31953	750.31579	746.98225	767.36842
BE02	22	1	1562.13018	883.89474	954.31953	923.68421
BE02	23	0	360.71006	730.42105	264.14201	744.63158
BE02	23	1	542.48521	815.68421	423.19527	758.84211
BE02	24	0	482.84024	653.68421	266.98225	613.89474
BE02	24	1	647.57396	713.36842	397.63314	682.10526
BE02	25	0	1229.82249	571.26316	684.49704	633.78947
BE02	25	1	1420.11834	545.68421	920.23669	611.05263
BE02	26	0	1596.21302	704.84211	957.15976	721.89474
BE02	26	1	1797.86982	821.36842	1195.73964	892.42105
BE02	27	0	1618.93491	443.36842	1013.96450	616.73684
BE02	27	1	1823.43195	599.68421	1116.21302	778.73684
BE02	28	0	576.56805	537.15789	320.94675	423.47368
BE02	28	1	690.17751	636.63158	457.27811	508.73684
BE02	29	0	1366.15385	628.10526	1209.94083	628.10526
BE02	29	1	1485.44379	736.10526	1286.62722	727.57895
BE02	30	0	201.65680	704.84211	173.25444	727.57895
BE02	30	1	332.30769	736.10526	301.06509	747.47368
BE02	31	0	1300.82840	235.89474	1244.02367	221.68421
BE02	31	1	1474.08284	304.10526	1368.99408	292.73684
BE02	32	0	1272.42604	551.36842	994.08284	551.36842
BE02	32	1	1437.15976	417.78947	1107.69231	423.47368
BE02	33	0	1513.84615	730.42105	1181.53846	770.21053
BE02	33	1	1851.83432	517.26316	1539.40828	540.00000
BE03	0	0	1462.72189	605.36842	1681.42012	594.00000
BE03	0	1	1522.36686	594.00000	1755.26627	579.78947
BE03	1	0	1508.16568	514.42105	1724.02367	494.52632
BE03	1	1	1556.44970	565.57895	1786.50888	551.36842
BE03	2	0	874.79290	343.89474	809.46746	349.57895
BE03	2	1	1076.44970	423.47368	985.56213	426.31579
BE03	3	0	227.21893	454.73684	215.85799	488.84211
BE03	3	1	440.23669	503.05263	372.07101	522.94737
BE03	4	0	303.90533	841.26316	116.44970	821.36842
BE03	4	1	474.31953	883.89474	227.21893	861.15789
BE03	5	0	590.76923	363.78947	599.28994	375.15789
BE03	5	1	718.57988	423.47368	746.98225	432.00000
BE03	6	0	1306.50888	864.00000	1204.26036	898.10526
BE03	6	1	1405.91716	952.10526	1340.59172	972.00000
BE03	7	0	1158.81657	784.42105	883.31361	781.57895
BE03	7	1	1371.83432	716.21053	1127.57396	724.73684
BE03	8	0	1045.20710	676.42105	849.23077	690.63158
BE03	8	1	1286.62722	733.26316	1093.49112	741.78947
BE03	9	0	244.26036	227.36842	65.32544	306.94737
BE03	9	1	536.80473	306.94737	357.86982	352.42105
BE03	10	0	1286.62722	878.21053	917.39645	875.36842
BE03	10	1	1562.13018	969.15789	1190.05917	997.57895
BE03	11	0	1340.59172	181.89474	1195.73964	147.78947
BE03	11	1	1516.68639	275.68421	1397.39645	230.21053
BE03	12	0	1084.97041	372.31579	869.11243	375.15789
BE03	12	1	1377.51479	389.36842	1150.29586	363.78947
BE03	13	0	846.39053	210.31579	758.34320	227.36842
BE03	13	1	1039.52663	216.00000	931.59763	224.52632
BE03	14	0	829.34911	443.36842	622.01183	457.57895
BE03	14	1	1002.60355	366.63158	843.55030	366.63158
BE03	15	0	403.31361	233.05263	124.97041	292.73684
BE03	15	1	670.29586	358.10526	394.79290	380.84211
BE03	16	0	710.05917	14.21053	363.55030	71.05263
BE03	16	1	900.35503	59.68421	627.69231	79.57895
BE03	17	0	213.01775	278.52632	116.44970	343.89474
BE03	17	1	428.87574	329.68421	355.02959	363.78947
BE03	18	0	951.47929	662.21053	556.68639	659.36842
BE03	18	1	1181.53846	881.05263	746.98225	875.36842
BE03	19	0	1579.17160	787.26316	1144.61538	784.42105
BE03	19	1	1814.91124	801.47368	1403.07692	801.47368
BE03	20	0	1511.00592	497.36842	786.74556	454.73684
BE03	20	1	1772.30769	761.68421	1104.85207	756.00000
BE03	21	0	960.00000	468.94737	445.91716	483.15789
BE03	21	1	1153.13609	730.42105	590.76923	716.21053
BE03	22	0	1414.43787	440.52632	1121.89349	406.42105
BE03	22	1	1607.57396	477.47368	1371.83432	434.84211
BE03	23	0	1144.61538	557.05263	602.13018	545.68421
BE03	23	1	1263.90533	710.52632	815.14793	696.31579
BE04	0	0	465.79882	42.63158	275.50296	65.36842
BE04	0	1	744.14201	79.57895	531.12426	82.42105
BE04	1	0	874.79290	258.63158	656.09467	255.78947
BE04	1	1	1173.01775	324.00000	908.87574	329.68421
BE04	2	0	1559.28994	341.05263	1258.22485	346.73684
BE04	2	1	1755.26627	193.26316	1542.24852	156.31579
BE04	3	0	644.73373	153.47368	664.61538	159.15789
BE04	3	1	746.98225	85.26316	786.74556	93.78947
BE04	4	0	210.17751	204.63158	272.66272	218.84211
BE04	4	1	1110.53254	378.00000	883.31361	375.15789
BE04	5	0	124.97041	366.63158	51.12426	358.10526
BE04	5	1	428.87574	312.63158	289.70414	306.94737
BE04	6	0	266.98225	443.36842	5.68047	426.31579
BE04	6	1	477.15976	432.00000	227.21893	417.78947
BE04	7	0	661.77515	48.31579	471.47929	59.68421
BE04	7	1	920.23669	173.36842	710.05917	173.36842
BE04	8	0	1511.00592	196.10526	622.01183	190.42105
BE04	8	1	1905.79882	108.00000	1102.01183	73.89474
BE04	9	0	622.01183	400.73684	516.92308	395.05263
BE04	9	1	738.46154	429.15789	585.08876	420.63158
BE04	10	0	195.97633	616.73684	0.00000	554.21053
BE04	10	1	451.59763	517.26316	215.85799	491.68421
BE04	11	0	1218.46154	494.52632	809.46746	508.73684
BE04	11	1	1263.90533	247.26316	820.82840	238.73684
BE04	12	0	1297.98817	480.31579	897.51479	480.31579
BE04	12	1	1388.87574	295.57895	846.39053	289.89474
BE04	13	0	1403.07692	247.26316	1056.56805	235.89474
BE04	13	1	1621.77515	247.26316	1212.78107	224.52632
BE04	14	0	928.75740	139.26316	840.71006	142.10526
BE04	14	1	1130.41420	36.94737	1028.16568	28.42105
BE04	15	0	119.28994	39.78947	465.79882	62.52632
BE04	15	1	411.83432	59.68421	724.26036	71.05263
BE04	16	0	213.01775	62.52632	88.04734	96.63158
BE04	16	1	462.95858	193.26316	278.34320	198.94737
BE04	17	0	1079.28994	221.68421	854.91124	227.36842
BE04	17	1	1269.58580	298.42105	1065.08876	292.73684
BH01	0	0	366.39053	184.73684	53.96450	204.63158
BH01	0	1	616.33136	315.47368	210.17751	321.15789
BH01	1	0	923.07692	144.94737	829.34911	150.63158
BH01	1	1	1175.85799	287.05263	1076.44970	284.21053
BH01	2	0	1403.07692	764.52632	991.24260	801.47368
BH01	2	1	1530.88757	861.15789	1153.13609	915.15789
BH01	3	0	1110.53254	639.47368	650.41420	630.94737
BH01	3	1	1349.11243	773.05263	798.10651	787.26316
BH01	4	0	1087.81065	852.63158	465.79882	838.42105
BH01	4	1	1263.90533	846.94737	727.10059	804.31579
BH01	5	0	1769.46746	673.57895	1635.97633	738.94737
BH01	5	1	1917.15976	719.05263	1863.19527	838.42105
BH01	6	0	1175.85799	508.73684	1127.57396	514.42105
BH01	6	1	1337.75148	505.89474	1292.30769	514.42105
BH01	7	0	622.01183	210.31579	576.56805	210.31579
BH01	7	1	812.30769	309.78947	749.82249	318.31579
BH01	8	0	999.76331	190.42105	783.90533	184.73684
BH01	8	1	1195.73964	309.78947	903.19527	309.78947
BH01	9	0	854.91124	321.15789	622.01183	324.00000
BH01	9	1	1099.17160	477.47368	761.18343	483.15789
BH01	10	0	1366.15385	93.78947	840.71006	96.63158
BH01	10	1	1670.05917	201.78947	1136.09467	187.57895
BH01	11	0	820.82840	102.31579	482.84024	116.52632
BH01	11	1	1033.84615	88.10526	735.62130	93.78947
BH01	12	0	1289.46746	147.78947	1138.93491	147.78947
BH01	12	1	1462.72189	181.89474	1349.11243	176.21053
BH01	13	0	1099.17160	139.26316	888.99408	156.31579
BH01	13	1	1212.78107	281.36842	1050.88757	272.84211
BH01	14	0	627.69231	267.15789	462.95858	281.36842
BH01	14	1	849.23077	363.78947	653.25444	355.26316
BH01	15	0	832.18935	568.42105	426.03550	534.31579
BH01	15	1	1113.37278	628.10526	656.09467	619.57895
BH01	16	0	820.82840	542.84211	562.36686	531.47368
BH01	16	1	1008.28402	378.00000	718.57988	378.00000
BH01	17	0	1340.59172	568.42105	1042.36686	574.10526
BH01	17	1	1553.60947	505.89474	1255.38462	542.84211
BH01	18	0	1207.10059	423.47368	942.95858	420.63158
BH01	18	1	1417.27811	383.68421	1178.69822	378.00000
BH01	19	0	525.44379	409.26316	306.74556	389.36842
BH01	19	1	738.46154	432.00000	536.80473	417.78947
BH01	20	0	1150.29586	119.36842	979.88166	93.78947
BH01	20	1	1371.83432	298.42105	1249.70414	298.42105
BH01	21	0	164.73373	14.21053	90.88757	45.47368
BH01	21	1	576.56805	176.21053	423.19527	187.57895
BH01	22	0	1312.18935	238.73684	1280.94675	230.21053
BH01	22	1	1442.84024	304.10526	1397.39645	295.57895
BH01	23	0	1539.40828	318.31579	1599.05325	321.15789
BH01	23	1	1670.05917	338.21053	1738.22485	335.36842
BH01	24	0	1576.33136	230.21053	1593.37278	218.84211
BH01	24	1	1724.02367	261.47368	1732.54438	241.57895
BH01	25	0	1104.85207	170.52632	1045.20710	159.15789
BH01	25	1	1252.54438	210.31579	1158.81657	196.10526
BH01	26	0	1437.15976	457.57895	900.35503	457.57895
BH01	26	1	1664.37870	596.84211	1255.38462	633.78947
BH01	27	0	786.74556	756.00000	59.64497	721.89474
BH01	27	1	1011.12426	778.73684	363.55030	750.31579
BH01	28	0	1315.02959	289.89474	1329.23077	295.57895
BH01	28	1	1491.12426	386.52632	1516.68639	400.73684
BH01	29	0	994.08284	321.15789	991.24260	324.00000
BH01	29	1	1104.85207	346.73684	1107.69231	346.73684
BH01	30	0	1144.61538	338.21053	1124.73373	349.57895
BH01	30	1	1295.14793	352.42105	1263.90533	355.26316
BH01	31	0	1678.57988	667.89474	1567.81065	730.42105
BH01	31	1	1902.95858	719.05263	1820.59172	810.00000
BH01	32	0	1073.60947	110.84211	428.87574	130.73684
BH01	32	1	1564.97041	304.10526	869.11243	278.52632
BH01	33	0	854.91124	42.63158	829.34911	48.31579
BH01	33	1	985.56213	153.47368	954.31953	156.31579
BH01	34	0	715.73964	380.84211	602.13018	372.31579
BH01	34	1	1005.44379	400.73684	911.71598	386.52632
BH02	0	0	235.73964	753.15789	224.37870	750.31579
BH02	0	1	428.87574	815.68421	414.67456	804.31579
BH02	1	0	1045.20710	656.52632	1113.37278	622.42105
BH02	1	1	1181.53846	665.05263	1261.06509	616.73684
BH02	2	0	1346.27219	630.94737	1493.96450	576.94737
BH02	2	1	1434.31953	696.31579	1601.89349	622.42105
BH02	3	0	1511.00592	710.52632	1661.53846	648.00000
BH02	3	1	1627.45562	650.84211	1812.07101	576.94737
BH02	4	0	1630.29586	787.26316	1647.33728	756.00000
BH02	4	1	1826.27219	852.63158	1863.19527	812.84211
BH02	5	0	1576.33136	704.84211	1386.03550	667.89474
BH02	5	1	1843.31361	642.31579	1638.81657	579.78947
BH02	6	0	1459.88166	844.10526	1428.63905	824.21053
BH02	6	1	1635.97633	869.68421	1621.77515	838.42105
BH02	7	0	25.56213	585.47368	252.78107	602.52632
BH02	7	1	153.37278	594.00000	377.75148	605.36842
BH02	8	0	633.37278	724.73684	448.75740	713.36842
BH02	8	1	826.50888	648.00000	636.21302	645.15789
BH02	9	0	832.18935	622.42105	741.30178	602.52632
BH02	9	1	1002.60355	602.52632	923.07692	574.10526
BH02	10	0	1138.93491	574.10526	991.24260	545.68421
BH02	10	1	1323.55030	596.84211	1187.21893	554.21053
BH02	11	0	1229.82249	471.78947	1127.57396	423.47368
BH02	11	1	1417.27811	466.10526	1315.02959	412.10526
BH02	12	0	1564.97041	690.63158	1360.47337	659.36842
BH02	12	1	1806.39053	747.47368	1545.08876	710.52632
BH02	13	0	1638.81657	832.73684	1431.47929	798.63158
BH02	13	1	1914.31953	864.00000	1709.82249	838.42105
BH02	14	0	1547.92899	412.10526	1542.24852	326.84211
BH02	14	1	1650.17751	437.68421	1701.30178	349.57895
BH02	15	0	1635.97633	770.21053	1658.69822	733.26316
BH02	15	1	1846.15385	835.57895	1902.95858	795.78947
BH03	0	0	1141.77515	233.05263	1306.50888	218.84211
BH03	0	1	1207.10059	233.05263	1377.51479	204.63158
BH03	1	0	1280.94675	250.10526	1428.63905	207.47368
BH03	1	1	1337.75148	247.26316	1482.60355	213.15789
BH03	2	0	207.33728	753.15789	39.76331	747.47368
BH03	2	1	477.15976	693.47368	306.74556	696.31579
BH03	3	0	281.18343	25.57895	139.17160	122.21053
BH03	3	1	531.12426	181.89474	357.86982	233.05263
BH03	4	0	988.40237	667.89474	766.86391	665.05263
BH03	4	1	1170.17751	562.73684	942.95858	542.84211
BH03	5	0	443.07692	179.05263	31.24260	258.63158
BH03	5	1	732.78107	363.78947	329.46746	386.52632
BH03	6	0	755.50296	588.31579	667.45562	596.84211
BH03	6	1	979.88166	522.94737	843.55030	520.10526
BH03	7	0	1084.97041	494.52632	1045.20710	494.52632
BH03	7	1	1184.37870	460.42105	1167.33728	446.21053
BH03	8	0	116.44970	474.63158	337.98817	505.89474
BH03	8	1	190.29586	463.26316	406.15385	505.89474
BH03	9	0	1678.57988	628.10526	1400.23669	602.52632
BH03	9	1	1860.35503	531.47368	1655.85799	486.00000
BH03	10	0	1244.02367	648.00000	996.92308	648.00000
BH03	10	1	1491.12426	650.84211	1266.74556	642.31579
BH03	11	0	1150.29586	551.36842	1067.92899	542.84211
BH03	11	1	1326.39053	562.73684	1241.18343	545.68421
BH03	12	0	1468.40237	915.15789	960.00000	909.47368
BH03	12	1	1638.81657	875.36842	1147.45562	886.73684
BH03	13	0	880.47337	790.10526	633.37278	787.26316
BH03	13	1	1084.97041	821.36842	769.70414	821.36842
BH03	14	0	1454.20118	875.36842	960.00000	886.73684
BH03	14	1	1715.50296	1057.26316	1065.08876	1071.47368
BH03	15	0	928.75740	758.84211	675.97633	770.21053
BH03	15	1	1173.01775	818.52632	860.59172	815.68421
BH03	16	0	1377.51479	414.94737	1249.70414	392.21053
BH03	16	1	1547.92899	437.68421	1440.00000	397.89474
BH03	17	0	1689.94083	324.00000	1670.05917	252.94737
BH03	17	1	1829.11243	335.36842	1868.87574	258.63158
BH03	18	0	795.26627	440.52632	633.37278	446.21053
BH03	18	1	962.84024	440.52632	820.82840	437.68421
BH03	19	0	1303.66864	116.52632	1329.23077	59.68421
BH03	19	1	1425.79882	73.89474	1462.72189	8.52632
BH03	20	0	1096.33136	218.84211	1073.60947	201.78947
BH03	20	1	1224.14201	252.94737	1209.94083	230.21053
BH03	21	0	835.02959	179.05263	880.47337	198.94737
BH03	21	1	934.43787	204.63158	968.52071	213.15789
BH03	22	0	1116.21302	534.31579	1102.01183	537.15789
BH03	22	1	1388.87574	522.94737	1371.83432	486.00000
BH03	23	0	928.75740	1031.68421	161.89349	1003.26316
BH03	23	1	1692.78107	986.21053	900.35503	989.05263
BH03	24	0	298.22485	872.52632	99.40828	844.10526
BH03	24	1	701.53846	656.52632	548.16568	665.05263
BH03	25	0	920.23669	449.05263	982.72189	449.05263
BH03	25	1	1059.40828	420.63158	1099.17160	412.10526
BH03	26	0	906.03550	540.00000	710.05917	545.68421
BH03	26	1	1167.33728	594.00000	908.87574	576.94737
BH03	27	0	769.70414	770.21053	400.47337	756.00000
BH03	27	1	985.56213	829.89474	613.49112	824.21053
BH03	28	0	1704.14201	918.00000	1147.45562	946.42105
BH03	28	1	1868.87574	792.94737	1420.11834	784.42105
BH03	29	0	551.00592	775.89474	215.85799	773.05263
BH03	29	1	755.50296	900.94737	391.95266	872.52632
BH03	30	0	1167.33728	272.84211	789.58580	272.84211
BH03	30	1	1383.19527	230.21053	965.68047	198.94737
BH03	31	0	1150.29586	360.94737	874.79290	346.73684
BH03	31	1	1295.14793	326.84211	1045.20710	304.10526
BH03	32	0	1448.52071	852.63158	775.38462	844.10526
BH03	32	1	1672.89941	864.00000	971.36095	878.21053
BH03	33	0	857.75148	309.78947	420.35503	318.31579
BH03	33	1	965.68047	463.26316	570.88757	451.89474
BH03	34	0	829.34911	537.15789	565.20710	542.84211
BH03	34	1	971.36095	511.57895	732.78107	522.94737
BH03	35	0	1425.79882	392.21053	1343.43195	352.42105
BH03	35	1	1542.24852	400.73684	1491.12426	369.47368
BH03	36	0	1377.51479	306.94737	1272.42604	267.15789
BH03	36	1	1485.44379	264.31579	1400.23669	221.68421
BH03	37	0	1630.29586	93.78947	1550.76923	8.52632
BH03	37	1	1888.75740	162.00000	1809.23077	45.47368
BH03	38	0	1618.93491	235.89474	1459.88166	179.05263
BH03	38	1	1866.03550	372.31579	1684.26036	284.21053
BH03	39	0	1431.47929	127.89474	1437.15976	73.89474
BH03	39	1	1599.05325	170.52632	1618.93491	102.31579
BH03	40	0	1170.17751	113.68421	1079.28994	85.26316
BH03	40	1	1349.11243	193.26316	1226.98225	153.47368
BH03	41	0	1246.86391	230.21053	1175.85799	210.31579
BH03	41	1	1437.15976	247.26316	1354.79290	207.47368
BH03	42	0	284.02367	540.00000	272.66272	559.89474
BH03	42	1	431.71598	605.36842	374.91124	608.21053
BH04	0	0	1062.24852	437.68421	928.75740	440.52632
BH04	0	1	1244.02367	505.89474	1110.53254	503.05263
BH04	1	0	82.36686	670.73684	2.84024	625.26316
BH04	1	1	1198.57988	844.10526	755.50296	838.42105
BH04	2	0	786.74556	738.94737	658.93491	710.52632
BH04	2	1	954.31953	696.31579	820.82840	690.63158
BH04	3	0	624.85207	815.68421	411.83432	787.26316
BH04	3	1	911.71598	738.94737	749.82249	721.89474
BH04	4	0	999.76331	838.42105	636.21302	846.94737
BH04	4	1	1303.66864	972.00000	837.86982	977.68421
BH04	5	0	704.37870	790.10526	499.88166	756.00000
BH04	5	1	979.88166	784.42105	704.37870	770.21053
BH04	6	0	1789.34911	591.15789	1479.76331	630.94737
BH04	6	1	1570.65089	548.52632	1297.98817	571.26316
BH04	7	0	1170.17751	346.73684	664.61538	332.52632
BH04	7	1	1451.36095	403.57895	988.40237	403.57895
BH04	8	0	247.10059	417.78947	90.88757	409.26316
BH04	8	1	363.55030	486.00000	252.78107	466.10526
BH04	9	0	471.47929	321.15789	292.54438	335.36842
BH04	9	1	624.85207	417.78947	460.11834	400.73684
BH06	0	0	996.92308	412.10526	945.79882	412.10526
BH06	0	1	1147.45562	449.05263	1096.33136	454.73684
BH06	1	0	1653.01775	434.84211	1582.01183	446.21053
BH06	1	1	1914.31953	500.21053	1820.59172	537.15789
BH06	2	0	1192.89941	528.63158	1187.21893	531.47368
BH06	2	1	1278.10651	494.52632	1283.78698	503.05263
BH06	3	0	1653.01775	719.05263	1428.63905	758.84211
BH06	3	1	1749.58580	656.52632	1545.08876	710.52632
BH06	4	0	871.95266	821.36842	579.40828	784.42105
BH06	4	1	1011.12426	744.63158	690.17751	733.26316
BH06	5	0	1363.31361	474.63158	786.74556	474.63158
BH06	5	1	1647.33728	710.52632	1013.96450	747.47368
BH06	6	0	1440.00000	522.94737	1150.29586	542.84211
BH06	6	1	1687.10059	451.89474	1340.59172	466.10526
BH06	7	0	1618.93491	693.47368	1192.89941	702.00000
BH06	7	1	1905.79882	551.36842	1522.36686	591.15789
BH06	8	0	820.82840	309.78947	928.75740	309.78947
BH06	8	1	940.11834	255.78947	1042.36686	252.94737
BH06	9	0	641.89349	349.57895	908.87574	332.52632
BH06	9	1	704.37870	335.36842	974.20118	324.00000
BH06	10	0	633.37278	352.42105	908.87574	343.89474
BH06	10	1	690.17751	343.89474	965.68047	329.68421
BH06	11	0	272.66272	542.84211	153.37278	511.57895
BH06	11	1	448.75740	565.57895	306.74556	534.31579
BH06	12	0	255.62130	360.94737	303.90533	352.42105
BH06	12	1	400.47337	358.10526	400.47337	349.57895
BH06	13	0	164.73373	653.68421	65.32544	599.68421
BH06	13	1	440.23669	619.57895	352.18935	579.78947
BH06	14	0	590.76923	272.84211	639.05325	272.84211
BH06	14	1	772.54438	272.84211	803.78698	264.31579
BH06	15	0	1343.43195	622.42105	772.54438	630.94737
BH06	15	1	1758.10651	508.73684	1084.97041	522.94737
BH06	16	0	729.94083	738.94737	340.82840	687.78947
BH06	16	1	1031.00592	591.15789	653.25444	585.47368
BH06	17	0	741.30178	414.94737	255.62130	412.10526
BH06	17	1	1025.32544	514.42105	545.32544	503.05263
BH06	18	0	1025.32544	90.94737	789.58580	93.78947
BH06	18	1	1229.82249	252.94737	977.04142	250.10526
BH06	19	0	1025.32544	267.15789	772.54438	272.84211
BH06	19	1	1201.42012	306.94737	1005.44379	306.94737
BH06	20	0	741.30178	264.31579	545.32544	270.00000
BH06	20	1	920.23669	400.73684	724.26036	397.89474
BH06	21	0	0.00000	116.52632	2.84024	147.78947
BH06	21	1	218.69822	162.00000	198.81657	187.57895
BH06	22	0	880.47337	281.36842	681.65680	289.89474
BH06	22	1	1093.49112	227.36842	877.63314	230.21053
BH06	23	0	1681.42012	71.05263	1627.45562	28.42105
BH06	23	1	1857.51479	122.21053	1843.31361	90.94737
BH06	24	0	1022.48521	369.47368	749.82249	375.15789
BH06	24	1	1255.38462	338.21053	908.87574	335.36842
BH06	25	0	1343.43195	346.73684	1005.44379	358.10526
BH06	25	1	1579.17160	304.10526	1266.74556	295.57895
BH06	26	0	624.85207	363.78947	445.91716	360.94737
BH06	26	1	894.67456	386.52632	727.10059	383.68421
BH06	27	0	1295.14793	380.84211	1434.31953	369.47368
BH06	27	1	1403.07692	355.26316	1564.97041	343.89474
BH07	0	0	1777.98817	454.73684	1391.71598	397.89474
BH07	0	1	1902.95858	517.26316	1621.77515	468.94737
BH07	1	0	210.17751	474.63158	207.33728	511.57895
BH07	1	1	383.43195	602.52632	389.11243	613.89474
BH07	2	0	1547.92899	875.36842	1513.84615	898.10526
BH07	2	1	1749.58580	937.89474	1718.34320	986.21053
BH07	3	0	610.65089	22.73684	56.80473	99.47368
BH07	3	1	775.38462	281.36842	301.06509	312.63158
BH07	4	0	82.36686	642.31579	161.89349	659.36842
BH07	4	1	204.49704	648.00000	269.82249	659.36842
BH07	5	0	829.34911	758.84211	832.18935	761.68421
BH07	5	1	954.31953	883.89474	920.23669	886.73684
BH07	6	0	1062.24852	986.21053	1045.20710	1000.42105
BH07	6	1	1246.86391	1045.89474	1218.46154	1071.47368
BH07	7	0	414.67456	756.00000	352.18935	747.47368
BH07	7	1	627.69231	693.47368	562.36686	702.00000
BH07	8	0	551.00592	545.68421	658.93491	562.73684
BH07	8	1	684.49704	613.89474	781.06509	619.57895
BH07	9	0	1127.57396	920.84211	837.86982	903.78947
BH07	9	1	1249.70414	972.00000	1016.80473	980.52632
BH07	10	0	207.33728	110.84211	213.01775	193.26316
BH07	10	1	406.15385	144.94737	394.79290	213.15789
BH07	11	0	320.94675	31.26316	281.18343	122.21053
BH07	11	1	514.08284	34.10526	474.31953	99.47368
BH07	12	0	786.74556	190.42105	712.89941	204.63158
BH07	12	1	942.95858	170.52632	874.79290	181.89474
BH07	13	0	979.88166	258.63158	942.95858	255.78947
BH07	13	1	1121.89349	244.42105	1104.85207	230.21053
BH07	14	0	937.27811	82.42105	954.31953	82.42105
BH07	14	1	1025.32544	68.21053	1067.92899	59.68421
BH07	15	0	1604.73373	957.78947	766.86391	966.31579
BH07	15	1	1917.15976	923.68421	1062.24852	937.89474
BH07	16	0	1238.34320	417.78947	786.74556	400.73684
BH07	16	1	1431.47929	542.84211	925.91716	520.10526
BH07	17	0	1141.77515	611.05263	852.07101	608.21053
BH07	17	1	1283.78698	744.63158	977.04142	756.00000
BH07	18	0	920.23669	679.26316	374.91124	676.42105
BH07	18	1	1073.60947	829.89474	607.81065	812.84211
BH07	19	0	380.59172	380.84211	252.78107	414.94737
BH07	19	1	511.24260	505.89474	417.51479	528.63158
BH07	20	0	1650.17751	258.63158	1502.48521	187.57895
BH07	20	1	1749.58580	440.52632	1567.81065	392.21053
BH07	21	0	607.81065	457.57895	775.38462	474.63158
BH07	21	1	673.13609	551.36842	835.02959	562.73684
BH07	22	0	752.66272	1020.31579	244.26036	1054.42105
BH07	22	1	1175.85799	892.42105	633.37278	878.21053
BH07	23	0	383.43195	545.68421	443.07692	568.42105
BH07	23	1	457.27811	508.73684	514.08284	531.47368
BH07	24	0	485.68047	702.00000	0.00000	690.63158
BH07	24	1	766.86391	798.63158	147.69231	778.73684
BH07	25	0	474.31953	477.47368	156.21302	497.36842
BH07	25	1	704.37870	486.00000	292.54438	500.21053
BH07	26	0	210.17751	758.84211	198.81657	738.94737
BH07	26	1	465.79882	770.21053	451.59763	756.00000
BH08	0	0	275.50296	1003.26316	284.02367	960.63158
BH08	0	1	420.35503	937.89474	431.71598	912.31579
BH08	1	0	1107.69231	829.89474	1104.85207	804.31579
BH08	1	1	1224.14201	795.78947	1221.30178	761.68421
BH08	2	0	440.23669	801.47368	423.19527	792.94737
BH08	2	1	653.25444	849.78947	610.65089	829.89474
BH08	3	0	1451.36095	633.78947	1209.94083	594.00000
BH08	3	1	1732.54438	707.68421	1440.00000	659.36842
BH08	4	0	1209.94083	693.47368	1221.30178	650.84211
BH08	4	1	1303.66864	721.89474	1323.55030	670.73684
BH08	5	0	749.82249	693.47368	817.98817	670.73684
BH08	5	1	906.03550	738.94737	945.79882	707.68421
BH08	6	0	769.70414	1040.21053	664.61538	997.57895
BH08	6	1	883.31361	963.47368	752.66272	929.36842
BH08	7	0	945.79882	656.52632	1059.40828	622.42105
BH08	7	1	1082.13018	679.26316	1195.73964	645.15789
BH08	8	0	573.72781	713.36842	701.53846	687.78947
BH08	8	1	712.89941	744.63158	829.34911	719.05263
BH08	9	0	221.53846	761.68421	372.07101	753.15789
BH08	9	1	343.66864	787.26316	485.68047	764.52632
BH08	10	0	408.99408	488.84211	411.83432	508.73684
BH08	10	1	607.81065	474.63158	622.01183	471.78947
BH08	11	0	1599.05325	616.73684	1573.49112	548.52632
BH08	11	1	1806.39053	619.57895	1820.59172	540.00000
BH08	12	0	309.58580	918.00000	391.95266	895.26316
BH08	12	1	434.55621	932.21053	511.24260	898.10526
BH08	13	0	1425.79882	841.26316	1405.91716	798.63158
BH08	13	1	1536.56805	875.36842	1511.00592	838.42105
BH08	14	0	1593.37278	511.57895	1601.89349	426.31579
BH08	14	1	1729.70414	406.42105	1746.74556	289.89474
BH08	15	0	974.20118	875.36842	746.98225	846.94737
BH08	15	1	1204.26036	889.57895	979.88166	864.00000
BH08	16	0	48.28402	423.47368	0.00000	480.31579
BH08	16	1	247.10059	542.84211	170.41420	562.73684
BH08	17	0	590.76923	1051.57895	454.43787	1020.31579
BH08	17	1	741.30178	1065.78947	579.40828	1028.84211
BH08	18	0	661.77515	792.94737	502.72189	778.73684
BH08	18	1	781.06509	756.00000	678.81657	730.42105
BH08	19	0	1212.78107	378.00000	1445.68047	301.26316
BH08	19	1	1261.06509	395.05263	1499.64497	312.63158
BH09	0	0	301.06509	778.73684	366.39053	724.73684
BH09	0	1	471.47929	778.73684	511.24260	733.26316
BH09	1	0	630.53254	721.89474	769.70414	707.68421
BH09	1	1	755.50296	707.68421	883.31361	699.15789
BH09	2	0	869.11243	656.52632	1048.04734	662.21053
BH09	2	1	974.20118	682.10526	1153.13609	690.63158
BH09	3	0	994.08284	653.68421	1184.37870	665.05263
BH09	3	1	1070.76923	656.52632	1275.26627	662.21053
BH09	4	0	1178.69822	565.57895	1045.20710	568.42105
BH09	4	1	1371.83432	500.21053	1266.74556	511.57895
BH09	5	0	1383.19527	613.89474	1263.90533	645.15789
BH09	5	1	1590.53254	548.52632	1476.92308	579.78947
BH09	6	0	1621.77515	636.63158	1491.12426	679.26316
BH09	6	1	1854.67456	562.73684	1769.46746	613.89474
BH09	7	0	454.43787	824.21053	539.64497	778.73684
BH09	7	1	559.52663	861.15789	630.53254	810.00000
BH09	8	0	1653.01775	898.10526	1366.15385	1008.94737
BH09	8	1	1891.59763	906.63158	1570.65089	1028.84211
BH09	9	0	962.84024	801.47368	988.40237	810.00000
BH09	9	1	1104.85207	770.21053	1127.57396	778.73684
BH09	10	0	1317.86982	750.31579	1326.39053	784.42105
BH09	10	1	1448.52071	744.63158	1471.24260	775.89474
BH09	11	0	454.43787	852.63158	533.96450	795.78947
BH09	11	1	570.88757	770.21053	664.61538	733.26316
BH09	12	0	195.97633	869.68421	289.70414	787.26316
BH09	12	1	391.95266	775.89474	468.63905	721.89474
BH09	13	0	1516.68639	812.84211	1474.08284	872.52632
BH09	13	1	1681.42012	778.73684	1661.53846	852.63158
BH09	14	0	1297.98817	423.47368	1065.08876	440.52632
BH09	14	1	1462.72189	204.63158	1246.86391	190.42105
BH09	15	0	1354.79290	503.05263	1133.25444	514.42105
BH09	15	1	1584.85207	434.84211	1346.27219	449.05263
BH09	16	0	204.49704	932.21053	76.68639	824.21053
BH09	16	1	329.46746	810.00000	258.46154	747.47368
BH09	17	0	1016.80473	696.31579	911.71598	696.31579
BH09	17	1	1133.25444	781.57895	1002.60355	792.94737
BIHPZ01	0	0	1666.65268	371.28731	1528.56034	272.27612
BIHPZ01	0	1	1614.27072	295.72761	1412.21196	190.67164
BIHPZ01	1	0	605.40609	540.48881	924.67786	519.47388
BIHPZ01	1	1	495.60546	539.48134	817.39559	528.54104
BIHPZ01	2	0	943.95383	530.02612	1247.53935	481.05970
BIHPZ01	2	1	845.23400	523.98134	1148.81952	483.57836
BIHPZ01	3	0	838.66632	987.08582	764.21091	957.59328
BIHPZ01	3	1	640.21931	967.94403	559.21616	937.44403
BIHPZ01	4	0	1116.40609	745.99627	1142.10808	707.82836
BIHPZ01	4	1	1021.71563	853.79478	1041.37356	822.67910
BIHPZ01	5	0	1170.72298	1018.61194	849.86988	1000.91418
BIHPZ01	5	1	1298.65582	812.08209	1080.33263	789.36940
BIHPZ01	6	0	1638.95068	469.54478	1559.50262	383.44030
BIHPZ01	6	1	1831.35362	327.99627	1717.15215	197.05970
BIHPZ01	7	0	912.27702	1046.75373	570.90556	1021.56716
BIHPZ01	7	1	666.98846	1025.09328	359.36306	994.36567
BIHPZ01	8	0	1429.75131	945.00000	1299.02728	922.94776
BIHPZ01	8	1	1280.66422	968.17164	1172.10178	943.60075
BIHPZ01	9	0	1888.77230	810.61567	1728.10073	782.23134
BIHPZ01	9	1	1733.64113	776.36194	1581.53200	736.39179
BIHPZ01	10	0	1270.51312	687.89925	1256.57608	646.80224
BIHPZ01	10	1	1448.81322	653.64552	1426.31375	603.98507
BIHPZ01	11	0	286.07870	796.42164	301.19622	784.54104
BIHPZ01	11	1	112.81532	773.25000	171.24869	768.42164
BIHPZ01	12	0	1441.79224	750.48134	1432.75551	707.47388
BIHPZ01	12	1	1343.07240	809.92164	1282.15740	780.51493
BIHPZ01	13	0	215.10178	792.25000	325.75236	778.51119
BIHPZ01	13	1	368.21826	800.30970	454.18888	783.54851
BIHPZ01	14	0	522.73347	1036.67910	484.98321	995.87687
BIHPZ01	14	1	436.60546	1051.28731	390.79643	1010.48507
BIHPZ01	15	0	542.88038	933.91791	546.93494	902.68657
BIHPZ01	15	1	691.96747	936.94030	663.28332	906.21269
BIHPZ01	16	0	1326.19727	960.66791	1255.13536	944.26866
BIHPZ01	16	1	1454.63379	842.29104	1401.20042	813.80224
BIHPZ01	17	0	1052.12697	683.16045	1187.50892	641.06716
BIHPZ01	17	1	1033.49108	812.11567	1164.84365	777.57836
BIHPZ01	18	0	267.75656	357.70149	596.70094	373.66418
BIHPZ01	18	1	218.90031	310.85448	555.39979	335.38060
BIHPZ01	19	0	1413.67471	916.08955	1302.96957	899.61567
BIHPZ01	19	1	1759.83211	804.93284	1659.14481	770.49627
BIHPZ01	20	0	779.23400	769.29478	927.52256	739.07463
BIHPZ01	20	1	839.67471	793.97761	961.26863	766.77985
BIHPZ01	21	0	1070.88038	948.68284	1072.33263	920.72761
BIHPZ01	21	1	1009.43232	942.63806	1001.81847	915.18657
BIHPZ01	22	0	1551.62749	284.73507	1497.22665	179.32836
BIHPZ01	22	1	1751.58552	168.37313	1680.56348	17.12687
BIHPZ01	23	0	1237.10493	189.42910	959.98321	135.11567
BIHPZ01	23	1	1051.75341	233.75746	873.85519	199.08955
BIHPZ01	24	0	788.25498	681.96269	668.93179	665.35448
BIHPZ01	24	1	564.62434	664.83582	489.62434	666.36194
BIHPZ01	25	0	1048.86569	698.32836	922.01259	671.69030
BIHPZ01	25	1	841.35257	529.07463	683.27177	519.05970
BIHPZ02	0	0	1661.07467	627.76179	1683.51710	614.64516
BIHPZ02	0	1	1842.62387	563.77916	1868.08095	532.23821
BIHPZ02	1	0	1698.25541	410.11166	1648.68109	367.78164
BIHPZ02	1	1	1897.89253	300.57072	1847.31333	207.65757
BIHPZ02	2	0	528.76204	536.99504	494.43894	554.63027
BIHPZ02	2	1	651.69295	535.65509	636.12770	548.60050
BIHPZ02	3	0	1068.78088	366.17370	1406.83950	357.45658
BIHPZ02	3	1	1100.93719	371.31017	1445.69505	362.81638
BIHPZ02	4	0	393.85904	285.00744	675.58618	323.77667
BIHPZ02	4	1	461.74459	299.30025	743.69505	332.48635
BIHPZ02	5	0	163.03350	498.65012	561.90719	528.74690
BIHPZ02	5	1	207.47174	505.34988	600.31612	534.77667
BIHPZ02	6	0	385.46057	574.29032	556.14306	590.78908
BIHPZ02	6	1	427.33077	500.59305	596.33845	523.79156
BIHPZ02	7	0	1781.66085	305.86104	1911.62596	226.29032
BIHPZ02	7	1	1701.60502	335.33995	1786.35031	270.50868
BIHPZ02	8	0	1886.50384	795.93052	1831.57013	813.34988
BIHPZ02	8	1	1720.36288	778.51117	1623.89393	782.53102
BIHPZ02	9	0	704.75925	1006.30273	356.39916	730.27295
BIHPZ02	9	1	752.99372	708.83375	265.28960	990.22333
BIHPZ02	10	0	794.34822	1069.28040	385.87579	793.25062
BIHPZ02	10	1	834.70551	810.15633	319.27006	1030.75682
BIHPZ02	11	0	1326.35450	131.64516	798.37404	105.18610
BIHPZ02	11	1	1776.87788	120.25558	1277.11375	24.78908
BIHPZ02	12	0	349.75645	626.03474	689.86671	641.97519
BIHPZ02	12	1	298.84229	603.59057	639.95743	622.88089
BIHPZ02	13	0	286.05722	486.12903	465.68807	514.12407
BIHPZ02	13	1	146.37823	466.69975	340.41242	501.05955
BIHPZ02	14	0	1854.01256	425.27047	1905.93161	366.19107
BIHPZ02	14	1	1651.69574	431.30025	1667.10398	388.97022
BIHPZ02	15	0	60.62805	696.86600	109.53245	698.60050
BIHPZ02	15	1	199.97209	670.06700	254.90579	677.83127
BIHPZ02	16	0	1033.87927	312.93300	888.01605	310.54839
BIHPZ02	16	1	1235.55618	72.21340	1070.46336	46.56328
BIHPZ02	17	0	1040.83252	214.01985	525.83740	224.68486
BIHPZ02	17	1	722.16748	180.30025	410.94557	220.66501
BIHPZ02	18	0	60.24424	38.18859	11.05373	150.56576
BIHPZ02	18	1	313.47523	73.36228	218.39498	157.60050
BIHPZ02	19	0	78.38102	704.14392	111.20726	707.97022
BIHPZ02	19	1	297.78088	603.64764	293.42638	619.19851
BIHPZ02	20	0	277.73273	365.25310	276.05792	415.22829
BIHPZ02	20	1	507.51640	194.40943	425.45080	253.09429
BIHPZ02	21	0	32.49128	678.33002	137.26099	686.01241
BIHPZ02	21	1	289.40684	561.75434	375.75366	581.49628
BIHPZ02	22	0	1748.83461	217.34988	1627.50454	128.63524
BIHPZ02	22	1	1527.75994	132.93300	1425.85764	64.98759
BIHPZ02	23	0	477.84229	424.37469	640.54641	451.01985
BIHPZ02	23	1	364.96022	336.94293	529.41940	377.67990
BIHPZ02	24	0	459.08444	468.25806	626.57292	492.36476
BIHPZ02	24	1	325.76971	376.80645	500.62736	413.64268
BIHPZ02	25	0	304.33217	532.91067	498.95255	555.00744
BIHPZ02	25	1	277.87020	434.75931	454.73761	465.23077
BIHPZ02	26	0	411.74878	537.59057	593.34822	557.43424
BIHPZ02	26	1	352.12561	450.82878	527.02582	485.07692
BIHPZ02	27	0	485.61479	621.99007	676.58548	633.97022
BIHPZ02	27	1	407.23378	579.78164	591.84020	595.78164
BIHPZ02	28	0	1067.76762	430.39454	537.85555	430.46898
BIHPZ02	28	1	1353.48988	408.28536	799.12561	389.26551
BIHPZ02	29	0	1255.34613	542.28040	739.63015	537.96774
BIHPZ02	29	1	1400.04955	341.62283	800.30216	320.44913
BIHPZ02	30	0	743.48569	578.87097	380.54222	586.16377
BIHPZ02	30	1	933.07397	478.70968	565.77599	486.33747
BIHPZ02	31	0	1469.10677	518.53350	1338.96720	500.33002
BIHPZ02	31	1	1633.23796	474.98511	1518.17167	439.02730
BIHPZ02	32	0	1611.75157	610.03970	1553.67760	598.81638
BIHPZ02	32	1	1487.48081	590.27543	1385.52687	583.07196
BIHPZ02	33	0	1815.15701	263.17618	1284.91277	183.57320
BIHPZ02	33	1	1531.44452	157.99007	980.76762	107.19603
BIHPZ02	34	0	1880.13957	755.90571	1915.64550	764.94045
BIHPZ02	34	1	1717.68318	738.48635	1724.71738	744.17122
BIHPZ02	35	0	1658.78367	412.43921	1766.25262	368.24814
BIHPZ02	35	1	1730.13050	356.16129	1874.44522	291.53598
BIHPZ02	36	0	429.75645	466.62531	546.71319	490.03474
BIHPZ02	36	1	379.51221	418.72208	484.07537	450.17122
BIHPZ02	37	0	893.93789	5.69479	546.29728	34.83871
BIHPZ02	37	1	1085.20098	23.44913	725.50174	26.46402
BIHPZ02	38	0	1605.13608	680.43176	1589.39288	680.04467
BIHPZ02	38	1	1781.99581	693.16129	1824.53594	691.76923
BIHPZ02	39	0	779.43405	391.62035	533.89114	407.38462
BIHPZ02	39	1	566.39846	337.01737	304.44243	371.20596
BIHPZ02	40	0	506.47802	307.90074	63.97767	357.78412
BIHPZ02	40	1	745.97558	250.95285	313.85904	287.10174
BIHPZ02	41	0	532.54013	492.91563	165.13608	515.50372
BIHPZ02	41	1	786.10607	381.36476	358.07397	401.94293
BIHPZ02	42	0	805.24773	353.74690	489.04396	373.84615
BIHPZ02	42	1	732.89602	87.09677	404.63364	132.65509
BIHPZ02	43	0	623.02861	627.09677	209.01605	632.45658
BIHPZ02	43	1	754.33357	452.90323	227.77390	458.26303
BIHPZ02	44	0	687.34124	561.43921	415.35241	565.45906
BIHPZ02	44	1	636.42708	337.66749	376.49686	365.80645
BIHPZ02	45	0	409.99302	174.19355	48.23447	246.55087
BIHPZ02	45	1	690.02094	218.41191	330.94208	259.95037
BIHPZ02	46	0	372.94278	258.31762	237.68876	313.90819
BIHPZ02	46	1	549.80251	165.86104	385.40684	219.10670
BIHPZ03	0	0	1231.31891	499.80149	1169.68597	513.20099
BIHPZ03	0	1	1445.69435	353.74690	1362.62387	363.12655
BIHPZ03	1	0	468.49058	898.20596	387.73412	836.34491
BIHPZ03	1	1	366.99721	880.32010	321.07676	811.70968
BIHPZ03	2	0	1182.88835	729.59305	1130.28402	746.36725
BIHPZ03	2	1	1284.04676	735.62283	1274.09421	763.56328
BIHPZ03	3	0	1736.44103	663.27543	1016.94348	702.13400
BIHPZ03	3	1	1906.60154	715.53350	1288.93231	782.53102
BIHPZ03	4	0	1357.26448	720.89330	1267.49477	761.09181
BIHPZ03	4	1	1140.20935	656.57568	1033.02163	676.67494
BIHPZ03	5	0	1704.28472	565.45906	1904.59177	617.60050
BIHPZ03	5	1	1626.57362	577.51861	1794.55687	619.28784
BIHPZ03	6	0	1154.94766	771.81141	798.54850	782.53102
BIHPZ03	6	1	1335.82694	710.17370	992.82624	734.29280
BIHPZ03	7	0	546.65736	167.49380	547.99721	174.19355
BIHPZ03	7	1	592.21214	167.49380	628.38800	174.19355
BIHPZ03	8	0	828.62875	856.48635	814.10049	825.52357
BIHPZ03	8	1	702.51570	820.54591	705.57292	793.29529
BIHPZ03	9	0	447.55967	710.90074	577.39288	672.14392
BIHPZ03	9	1	347.96441	736.13648	502.36148	689.56328
BIHPZ03	10	0	1063.12910	270.40199	1052.96441	273.91811
BIHPZ03	10	1	1184.38521	193.80149	1156.80251	188.38462
BIHPZ03	11	0	254.32380	627.65012	544.26448	589.30025
BIHPZ03	11	1	412.42568	622.96030	688.52128	595.55335
BIHPZ03	12	0	1168.36288	358.79653	1515.86741	362.88586
BIHPZ03	12	1	1211.68458	331.77419	1571.02442	335.19355
BIHPZ03	13	0	391.23517	399.30521	414.01256	385.90571
BIHPZ03	13	1	554.69644	330.96774	580.15352	329.62779
BIHPZ03	14	0	83.25331	256.77171	9.37893	265.31017
BIHPZ03	14	1	357.25192	142.65261	261.27006	166.15385
BIHPZ03	15	0	292.08653	258.61042	444.82903	261.29032
BIHPZ03	15	1	442.14934	209.03226	582.83322	213.05211
BIHPZ03	16	0	368.45778	383.22581	249.21144	371.16625
BIHPZ03	16	1	602.93091	243.87097	471.62596	246.55087
BIHPZ03	17	0	754.33357	580.19851	596.23168	565.45906
BIHPZ03	17	1	888.31821	517.22084	795.86881	518.56079
BIHPZ03	18	0	880.27913	121.93548	677.96232	131.31514
BIHPZ03	18	1	1065.17795	30.81886	899.03699	22.77916
BIHPZ03	19	0	931.19330	219.75186	937.89253	225.11166
BIHPZ03	19	1	1065.17795	142.03474	1090.63503	142.03474
BIHPZ03	20	0	1853.00768	396.62531	1646.67132	401.98511
BIHPZ03	20	1	1552.88207	317.56824	1343.86602	313.54839
BIHPZ03	21	0	1324.47941	512.76675	1716.34334	535.84615
BIHPZ03	21	1	1470.07606	468.77171	1892.97976	495.87097
BIHPZ03	22	0	869.32589	574.60298	1050.48151	572.44665
BIHPZ03	22	1	788.26518	547.80397	966.51779	540.95782
BIHPZ03	23	0	991.98604	792.86352	1153.69505	804.10918
BIHPZ03	23	1	924.99372	777.90074	1080.45010	772.84367
BIHPZ03	24	0	619.00907	992.90323	411.33287	939.30521
BIHPZ03	24	1	255.91068	968.78412	60.29309	865.60794
BIHPZ03	25	0	1121.34752	197.27792	1262.11235	186.52854
BIHPZ03	25	1	997.63503	284.82134	1134.82694	277.64516
BIHPZ03	26	0	1574.31961	343.02730	1497.94836	326.94789
BIHPZ03	26	1	1183.08444	514.54094	1033.02163	502.48139
BIHPZ03	27	0	1077.23657	779.85112	1173.70551	798.61042
BIHPZ03	27	1	673.94278	711.51365	870.90021	702.13400
BIHPZ05	0	0	263.94976	262.63027	533.25890	290.76923
BIHPZ05	0	1	352.37962	245.21092	610.96999	272.00993
BIHPZ05	1	0	42.87509	218.41191	360.18004	278.55087
BIHPZ05	1	1	199.63712	292.10918	497.84927	327.12407
BIHPZ05	2	0	1562.26099	713.48635	1422.58618	675.37469
BIHPZ05	2	1	1734.76622	727.22084	1613.51431	679.39454
BIHPZ05	3	0	1121.45150	635.13648	1197.82275	598.95782
BIHPZ05	3	1	1260.79553	640.49628	1367.98325	594.93797
BIHPZ05	4	0	561.39567	803.97022	336.30147	802.63027
BIHPZ05	4	1	238.49267	998.26303	12.05862	976.82382
BIHPZ05	5	0	712.79833	497.12159	837.40405	495.78164
BIHPZ05	5	1	191.59805	464.96278	381.85625	494.44169
BIHPZ05	6	0	426.71249	597.64516	465.96441	601.01985
BIHPZ05	6	1	264.25611	570.84615	337.33915	587.28536
BIHPZ05	7	0	318.88346	540.00000	466.26657	546.69975
BIHPZ05	7	1	178.19958	456.92308	371.13747	495.78164
BIHPZ05	8	0	661.88416	473.00248	454.20796	493.10174
BIHPZ05	8	1	409.99302	416.72457	156.76204	468.98263
BIHPZ05	9	0	563.64969	269.86104	747.73761	268.34988
BIHPZ05	9	1	506.53873	287.57816	671.36636	300.91563
BIHPZ05	10	0	885.35241	56.18859	971.38870	25.45906
BIHPZ05	10	1	758.40195	27.84119	849.46267	18.75931
BIHPZ05	11	0	687.44033	48.76427	813.51640	47.41439
BIHPZ05	11	1	616.93091	17.88586	726.42638	33.24069
BIHPZ05	12	0	733.66504	94.99752	899.09909	82.67990
BIHPZ05	12	1	660.47592	74.24318	816.19609	74.74938
BIHPZ05	13	0	693.28053	218.91315	850.66434	217.35236
BIHPZ05	13	1	646.05094	216.55087	797.90789	213.13400
BIHPZ05	14	0	745.19958	215.70720	901.74599	202.16625
BIHPZ05	14	1	687.41870	207.27047	827.21703	192.71712
BIHPZ05	15	0	841.47592	230.54342	1023.28402	202.53102
BIHPZ05	15	1	760.08025	255.51613	953.94696	228.00993
BIHPZ05	16	0	845.85206	523.61787	921.49267	500.11414
BIHPZ05	16	1	813.02582	418.43176	898.04536	396.60298
BIHPZ05	17	0	1310.36985	99.15633	1205.86183	16.07940
BIHPZ05	17	1	1406.83880	142.03474	1357.26448	36.17866
BIHPZ05	18	0	779.94487	16.07940	515.10188	37.85360
BIHPZ05	18	1	786.30914	159.11911	607.55129	170.84367
BIHPZ05	19	0	728.34892	186.88586	635.17027	199.87593
BIHPZ05	19	1	860.32380	327.58065	795.61689	313.10174
BIHPZ05	20	0	819.44173	38.18859	685.76204	42.54342
BIHPZ05	20	1	984.91277	139.68983	869.65597	115.90571
BIHPZ05	21	0	993.62177	93.12655	901.47732	66.66253
BIHPZ05	21	1	811.40265	139.01985	728.97209	140.35980
BIHPZ05	22	0	1358.66643	272.64516	733.36916	243.66005
BIHPZ05	22	1	1617.25680	279.00993	999.99860	206.81141
BIHPZ05	23	0	1282.23308	502.48139	266.62945	523.92060
BIHPZ05	23	1	1775.29658	218.41191	671.26308	148.73449
BIHPZ05	24	0	1771.27704	242.53102	515.83740	210.98511
BIHPZ05	24	1	1350.18702	216.36973	173.51012	246.58561
BIHPZ05	25	0	1817.83671	193.92556	1847.64829	32.15881
BIHPZ05	25	1	1686.53175	229.76923	1680.16748	48.23821
BIHPZ05	26	0	1609.15562	222.43176	1050.18214	146.20596
BIHPZ05	26	1	1380.04187	310.86849	897.77460	257.42184
BIHPZ05	27	0	1661.40963	454.24318	965.77041	405.61787
BIHPZ05	27	1	1412.19819	407.34491	679.04327	384.84864
BIHPZ05	28	0	1399.99581	132.77171	1167.08932	50.24814
BIHPZ05	28	1	1253.95255	174.98015	1021.04606	115.90571
BIHPZ05	29	0	1731.08165	262.63027	1361.28402	158.11414
BIHPZ05	29	1	1537.11863	175.29032	1167.47104	85.75682
BIHPZ05	30	0	1139.21354	86.76179	886.97837	45.55831
BIHPZ05	30	1	998.52966	178.21340	786.48988	155.43424
BIHPZ05	31	0	1288.73692	79.05707	851.37264	32.15881
BIHPZ05	31	1	1087.42498	82.07196	714.70830	70.34739
BIHPZ05	32	0	711.45848	707.49380	373.81717	708.83375
BIHPZ05	32	1	909.75576	686.05459	444.82903	696.77419
BIHPZ05	33	0	845.44313	645.85608	463.58688	645.85608
BIHPZ05	33	1	971.38870	499.80149	623.02861	491.76179
BIHPZ05	34	0	1126.81089	96.47643	1019.62317	57.61787
BIHPZ05	34	1	1010.24424	155.43424	862.86113	132.65509
BIHPZ05	35	0	1434.97558	71.01737	774.43126	24.11911
BIHPZ05	35	1	1602.45639	219.75186	1161.64689	128.63524
BIHPZ06	0	0	1670.78856	663.27543	1635.42638	707.74938
BIHPZ06	0	1	1472.49128	615.03722	1425.74040	650.46650
BIHPZ06	1	0	1650.69086	49.57816	1362.51919	12.05955
BIHPZ06	1	1	1358.60433	93.79653	1082.49128	80.39702
BIHPZ06	2	0	1649.27983	272.56576	1643.31403	266.91067
BIHPZ06	2	1	1476.43964	349.94789	1452.05094	360.03722
BIHPZ06	3	0	1655.69993	459.41439	1715.76622	482.35484
BIHPZ06	3	1	1497.59805	511.33747	1532.54222	536.28784
BIHPZ06	4	0	730.46546	644.75682	590.87230	632.45658
BIHPZ06	4	1	545.56664	758.31762	381.85625	714.19355
BIHPZ06	5	0	597.57153	959.40447	411.33287	899.10670
BIHPZ06	5	1	360.41870	1029.08189	190.25820	928.58561
BIHPZ06	6	0	1087.99372	694.57072	1055.00070	700.33499
BIHPZ06	6	1	973.43685	770.94789	906.94766	766.32754
BIHPZ06	7	0	1480.33566	479.32754	1336.14515	493.07444
BIHPZ06	7	1	1270.64969	552.01985	1129.47383	566.43672
BIHPZ06	8	0	598.28193	861.87345	495.07886	813.01985
BIHPZ06	8	1	382.56664	888.33747	314.53454	816.36973
BIHPZ06	9	0	1186.59037	1027.40695	1075.97906	1051.19107
BIHPZ06	9	1	1021.78925	1019.36725	890.07537	1024.72705
BIHPZ06	10	0	767.21144	720.33995	917.85485	706.65012
BIHPZ06	10	1	903.87579	739.43424	1045.81019	741.82382
BIHPZ06	11	0	1568.37823	992.90323	1535.87160	1077.32010
BIHPZ06	11	1	1701.02303	905.80645	1738.85834	1013.00248
BIHPZ06	12	0	526.17237	744.71464	692.95953	712.66005
BIHPZ06	12	1	460.85485	756.10422	631.32659	716.67990
BIHPZ06	13	0	1359.29449	919.98511	1051.82763	957.72953
BIHPZ06	13	1	1217.27076	966.21340	900.09002	974.81390
BIHPZ06	14	0	591.53175	878.02978	697.51221	842.12407
BIHPZ06	14	1	527.21912	861.95037	633.86950	820.68486
BIHPZ06	15	0	438.03419	883.83127	339.12631	819.30521
BIHPZ06	15	1	685.23587	848.32258	578.28890	807.91563
BIHPZ06	16	0	1036.97906	971.79901	1061.84717	982.85360
BIHPZ06	16	1	956.25331	957.72953	996.19470	960.40943
BIHPZ06	17	0	1313.04955	1022.38213	840.08374	1042.48139
BIHPZ06	17	1	1113.41242	974.14392	620.34892	975.48387
BIHPZ06	18	0	1147.78367	331.56328	1221.18493	331.46898
BIHPZ06	18	1	1306.55548	330.89330	1374.59735	330.46402
BIHPZ06	19	0	17.08304	537.94541	134.31961	491.54839
BIHPZ06	19	1	238.82763	494.06203	308.83461	462.40447
BIHPZ06	20	0	956.71458	957.05955	940.98604	959.40447
BIHPZ06	20	1	783.53943	960.07444	766.47104	937.96526
BIHPZ06	21	0	743.17934	736.45906	750.99372	717.71464
BIHPZ06	21	1	644.70063	675.82630	656.86950	655.07196
BIHPZ06	22	0	1124.42847	724.79156	886.98395	731.21836
BIHPZ06	22	1	879.57153	815.23821	546.41452	795.02481
BIHPZ06	23	0	1561.10607	814.50868	1823.86602	901.90819
BIHPZ06	23	1	1520.24075	760.24069	1767.59246	812.46650
BIHPZ06	24	0	1606.47802	815.66501	1886.83880	903.52357
BIHPZ06	24	1	1530.44173	776.47146	1783.67062	846.24069
BIHPZ06	25	0	1547.05792	630.46402	1810.13259	690.08933
BIHPZ06	25	1	1470.68667	631.46898	1719.02303	671.33002
BIHPZ06	26	0	1377.07676	523.98511	1665.19191	551.67990
BIHPZ06	26	1	1288.98186	516.28040	1573.41242	536.60546
BIHPZ06	27	0	324.26518	364.34988	687.19679	351.56079
BIHPZ06	27	1	290.43405	369.70968	657.72017	355.91563
BIHPZ06	28	0	284.58548	239.42432	651.55618	237.59057
BIHPZ06	28	1	322.77111	235.06948	687.06211	235.58065
BIHPZ06	29	0	1715.00349	893.88337	1688.21633	996.92308
BIHPZ06	29	1	1554.89184	824.54094	1524.75506	895.42184
BIHPZ06	30	0	925.44103	676.86352	912.99581	675.19851
BIHPZ06	30	1	814.56874	607.85608	834.27983	598.82134
BIHPZ06	31	0	896.69574	716.45409	1022.29239	716.48635
BIHPZ06	31	1	991.15492	732.53350	1113.73692	736.92060
BIHPZ06	32	0	952.91068	969.11911	817.37474	966.22333
BIHPZ06	32	1	797.82345	897.43176	680.04047	868.07196
BIHPZ06	33	0	385.95464	122.60546	659.11863	126.29032
BIHPZ06	33	1	322.64689	51.25310	600.83531	69.34243
BIHPZ06	34	0	320.63712	107.53102	570.01884	122.60546
BIHPZ06	34	1	224.83810	25.79404	494.65248	50.24814
BIHPZ06	35	0	611.45848	415.78908	933.60014	408.80397
BIHPZ06	35	1	580.30705	372.91067	910.15283	365.59057
BIHPZ06	36	0	579.97209	421.48387	903.11863	415.50372
BIHPZ06	36	1	553.84508	364.53598	881.01117	360.23077
BIHPZ06	37	0	63.97767	300.66501	360.14096	289.56576
BIHPZ06	37	1	195.61759	352.58809	472.35311	338.13896
BIHPZ06	38	0	683.32170	647.19603	557.37613	623.07692
BIHPZ06	38	1	401.95394	533.30025	324.24285	514.54094
BIHPZ06	39	0	1200.92045	624.17866	1149.69784	647.84615
BIHPZ06	39	1	1111.82066	463.38462	1061.93789	472.98263
BIHPZ06	40	0	1279.55338	691.41439	1017.53664	713.81886
BIHPZ06	40	1	1100.30216	617.74938	866.80391	619.68734
BIHPZ06	41	0	1138.86950	1033.10174	593.55199	1031.76179
BIHPZ06	41	1	919.13468	927.24566	337.64131	908.48635
BIHPZ06	42	0	1284.91277	963.42432	644.92812	970.88337
BIHPZ06	42	1	1083.93580	901.78660	342.99860	863.71960
BIHPZ06	43	0	1038.39986	643.29529	524.20935	634.71960
BIHPZ06	43	1	1286.94138	664.06452	776.77041	671.56824
BIHPZ06	44	0	977.33217	1007.64268	807.01675	1000.27295
BIHPZ06	44	1	1124.71528	982.51861	951.05024	999.26799
BIHPZ06	45	0	435.55408	1002.61787	201.61270	913.81886
BIHPZ06	45	1	638.20586	967.10918	407.61410	903.43424
BIHPZ06	46	0	892.84717	744.96030	686.00349	723.20347
BIHPZ06	46	1	730.72575	769.07940	505.45918	737.27295
BIHPZ06	47	0	1601.53385	769.26551	1199.16260	828.08933
BIHPZ06	47	1	1396.20237	659.05459	1041.06071	691.41439
BIHPZ06	48	0	1184.61968	827.77419	1006.11584	844.25062
BIHPZ06	48	1	1036.56664	786.90571	867.44173	785.62779
BIHPZ06	49	0	1508.54431	747.97022	1285.29728	791.68983
BIHPZ06	49	1	1699.13747	715.81141	1483.25960	777.95533
BIHPZ07	0	0	1224.29728	681.94045	1185.11445	679.94293
BIHPZ07	0	1	1302.34334	793.82630	1257.13119	799.86849
BIHPZ07	1	0	126.61549	462.88089	421.76902	500.04963
BIHPZ07	1	1	198.29728	481.97519	478.37753	514.11911
BIHPZ07	2	0	196.28751	495.30025	246.19679	531.51861
BIHPZ07	2	1	27.13189	434.66749	121.25611	482.27543
BIHPZ07	3	0	489.07676	695.96278	429.98395	700.69975
BIHPZ07	3	1	320.59107	713.04715	282.93580	715.77419
BIHPZ07	4	0	1000.27704	885.83623	850.04745	882.05955
BIHPZ07	4	1	802.98465	846.97767	639.02163	839.51613
BIHPZ07	5	0	707.43894	1043.82134	469.32170	1023.72208
BIHPZ07	5	1	925.83391	1066.60050	673.98325	1058.56079
BIHPZ07	6	0	434.11026	964.76427	318.88346	939.30521
BIHPZ07	6	1	10.71877	1006.30273	6.69923	959.40447
BIHPZ07	7	0	405.61200	900.52605	371.80251	884.56576
BIHPZ07	7	1	241.81577	964.17370	218.72505	925.76923
BIHPZ07	8	0	315.07955	635.86600	357.11375	641.85608
BIHPZ07	8	1	150.94836	725.64268	168.19539	724.26303
BIHPZ07	9	0	749.36776	512.89578	843.01326	523.16873
BIHPZ07	9	1	637.82554	520.93548	747.54920	532.21340
BIHPZ07	10	0	219.00140	327.58561	513.22889	376.37717
BIHPZ07	10	1	309.77599	380.84864	587.92533	415.90571
BIHPZ07	11	0	86.42010	688.69975	223.06001	696.04467
BIHPZ07	11	1	185.56874	660.89578	307.13538	664.55583
BIHPZ07	12	0	1355.02094	864.94541	1337.68388	883.00000
BIHPZ07	12	1	1401.91556	880.68983	1390.27285	902.42928
BIHPZ07	13	0	730.66923	146.94045	713.06071	168.47643
BIHPZ07	13	1	910.54361	218.62779	904.32380	227.43424
BIHPZ07	14	0	1031.43615	416.71960	1062.82973	413.94045
BIHPZ07	14	1	906.16050	427.43921	928.84508	429.68486
BIHPZ07	15	0	1118.19121	480.03226	1144.22540	473.56824
BIHPZ07	15	1	940.32659	494.10174	967.70063	495.34243
BIHPZ07	16	0	1036.28960	577.59057	1007.27704	573.21092
BIHPZ07	16	1	855.74529	536.72208	811.65946	542.05707
BIHPZ07	17	0	1229.09839	427.23573	1271.96162	411.65509
BIHPZ07	17	1	1089.08444	408.14144	1095.43685	404.95533
BIHPZ07	18	0	1547.52268	635.13648	1436.38939	624.41439
BIHPZ07	18	1	1319.74878	675.33499	1218.66434	670.64268
BIHPZ07	19	0	1753.85904	850.86849	1589.05792	874.98759
BIHPZ07	19	1	1527.42498	797.27047	1311.70970	805.31017
BIHPZ07	20	0	994.16609	651.21588	908.41591	659.25558
BIHPZ07	20	1	806.58758	640.49628	708.77879	645.85608
BIHPZ07	21	0	648.48569	530.62035	596.23168	548.03970
BIHPZ07	21	1	475.64550	632.45658	426.07118	640.49628
BIHPZ07	22	0	1461.77251	497.12159	1220.60014	467.64268
BIHPZ07	22	1	1184.42428	403.32506	955.31054	403.32506
BIHPZ07	23	0	1184.42428	848.18859	976.74808	846.84864
BIHPZ07	23	1	1392.10049	781.19107	1247.39707	789.23077
BIHPZ07	24	0	1372.00279	805.31017	1255.43615	807.99007
BIHPZ07	24	1	1132.17027	755.73201	1014.26378	761.09181
BIHPZ07	25	0	569.43475	789.23077	392.57502	785.21092
BIHPZ07	25	1	830.70482	704.81390	640.44662	700.79404
BIHPZ07	26	0	1862.38660	533.30025	1835.58967	502.48139
BIHPZ07	26	1	1638.63224	506.50124	1559.58130	479.70223
BIHPZ07	27	0	1453.73343	786.55087	1380.04187	795.93052
BIHPZ07	27	1	1657.39009	826.74938	1574.31961	845.50868
BIHPZ07	28	0	873.57990	673.99504	813.16748	677.89082
BIHPZ07	28	1	675.28262	625.75682	650.71110	637.35732
BIHPZ07	29	0	372.51431	701.80893	311.51431	701.44913
BIHPZ07	29	1	226.13608	667.97519	148.38800	671.63524
BIHPZ07	30	0	198.29728	590.60050	300.66853	612.80893
BIHPZ07	30	1	22.44243	589.26055	150.60572	609.79404
BIHPZ07	31	0	347.35520	666.83623	378.38311	674.99752
BIHPZ07	31	1	187.24355	600.17370	263.49128	618.38462
BIHPZ07	32	0	1086.12073	532.42432	1052.76622	534.03970
BIHPZ07	32	1	922.65946	572.62283	891.98465	577.92308
BIHPZ07	33	0	379.17655	806.65012	349.69993	794.59057
BIHPZ07	33	1	17.41800	790.57072	33.49616	775.83127
BIHPZ07	34	0	896.35729	778.51117	568.09491	762.43176
BIHPZ07	34	1	582.83322	812.00993	239.83252	787.89082
BIHPZ07	35	0	1229.97906	364.46650	1378.42428	347.40943
BIHPZ07	35	1	1361.28402	356.42680	1527.14724	330.99504
BIHPZ07	36	0	996.84578	710.17370	564.07537	711.51365
BIHPZ07	36	1	702.07955	686.05459	243.85206	673.99504
BIHPZ07	37	0	1229.97906	436.82382	1223.27983	424.76427
BIHPZ07	37	1	1075.89672	483.72208	1077.23657	482.38213
BIHPZ07	38	0	352.91347	470.52854	374.16539	490.31514
BIHPZ07	38	1	557.90998	427.31514	537.62666	452.46154
BIHPZ07	39	0	1321.08863	726.25310	1212.56106	732.95285
BIHPZ07	39	1	1160.30705	790.57072	1019.62317	813.34988
BIHPZ07	40	0	250.55129	724.91315	143.36357	727.59305
BIHPZ07	40	1	494.40335	753.05211	359.07886	746.35236
BIHPZ07	41	0	1227.29937	526.60050	620.34892	523.92060
BIHPZ07	41	1	1496.60851	456.92308	970.04885	422.08437
BIHPZ07	42	0	592.21214	824.06948	365.77809	814.68983
BIHPZ07	42	1	380.51640	797.27047	123.26588	777.17122
BIHPZ07	43	0	589.53245	503.82134	564.07537	521.24069
BIHPZ07	43	1	388.55548	597.61787	373.81717	609.67742
BIHPZ07	44	0	48.23447	483.72208	215.71528	519.90074
BIHPZ07	44	1	191.59805	485.06203	356.39916	514.54094
BIHPZ07	45	0	379.20865	313.74938	738.47034	344.29032
BIHPZ07	45	1	246.89881	299.00993	628.26797	349.65012
BIHPZ07	46	0	1216.39009	428.67494	1070.42917	417.03474
BIHPZ07	46	1	950.20167	335.21092	786.69574	342.75186
BIHPZ07	47	0	754.59525	232.97519	817.83252	250.26055
BIHPZ07	47	1	605.53733	229.29032	662.74529	262.99007
BIHPZ07	48	0	746.95673	382.68486	810.22610	398.23573
BIHPZ07	48	1	618.66643	376.99007	686.29030	397.90074
BIHPZ07	49	0	582.83322	281.38958	601.68109	314.24069
BIHPZ07	49	1	367.11793	265.31017	386.95743	317.53102
BIHPZ07	50	0	1538.14375	318.90819	1547.52268	270.66998
BIHPZ07	50	1	1366.64341	273.34988	1370.66294	234.49132
BIHPZ09	0	0	639.72784	4.01985	853.61270	3.68486
BIHPZ09	0	1	713.75436	87.76675	944.05234	70.34739
BIHPZ09	1	0	760.01047	54.50124	931.75994	39.14640
BIHPZ09	1	1	799.87090	110.85856	977.98465	85.54839
BIHPZ09	2	0	770.87369	121.01985	953.59246	100.94293
BIHPZ09	2	1	802.86253	165.90323	993.62038	143.46402
BIHPZ09	3	0	963.34962	522.58065	925.83391	503.82134
BIHPZ09	3	1	1125.47104	475.68238	1089.29518	434.14392
BIHPZ09	4	0	1542.16329	493.10174	1518.04606	418.06452
BIHPZ09	4	1	1724.38241	459.60298	1736.44103	364.46650
BIHPZ09	5	0	1393.44033	314.88834	1459.09281	231.81141
BIHPZ09	5	1	1510.00698	404.66501	1609.15562	316.22829
BIHPZ09	6	0	472.08165	178.23821	547.57153	222.82134
BIHPZ09	6	1	533.37962	217.89082	614.39637	237.50124
BIHPZ09	7	0	572.24145	42.04715	748.98116	54.82630
BIHPZ09	7	1	625.33287	85.07444	810.78158	89.92308
BIHPZ09	8	0	511.45918	89.66501	660.15003	112.29529
BIHPZ09	8	1	594.02722	124.25558	748.91486	131.02481
BIHPZ09	9	0	284.10119	81.46154	481.58897	135.28784
BIHPZ09	9	1	349.41870	119.25806	542.71947	176.62779
BIHPZ09	10	0	1127.86741	80.12407	1241.71947	9.61787
BIHPZ09	10	1	1156.17167	150.99256	1298.16050	81.49876
BIHPZ09	11	0	869.56036	431.46402	810.60712	418.06452
BIHPZ09	11	1	1050.43964	383.22581	975.40823	351.06700
BIHPZ09	12	0	912.06699	148.85608	1116.55408	104.56328
BIHPZ09	12	1	881.75297	204.03226	1097.29379	162.43921
BIHPZ09	13	0	832.34264	167.06203	1057.36846	133.29280
BIHPZ09	13	1	793.82205	196.42184	1027.72435	165.18362
BIHPZ09	14	0	533.25890	399.30521	468.94627	420.74442
BIHPZ09	14	1	723.51710	318.90819	635.08723	321.58809
BIHPZ09	15	0	1243.51431	100.57816	1362.25401	12.99256
BIHPZ09	15	1	1254.06560	157.61042	1400.60712	74.91811
BIHPZ09	16	0	123.26588	131.31514	18.75785	243.87097
BIHPZ09	16	1	317.54361	259.95037	235.81298	318.90819
BIHPZ09	17	0	1443.01465	487.74194	1641.31193	403.32506
BIHPZ09	17	1	1563.60084	489.08189	1768.59735	395.28536
BIHPZ09	18	0	1377.36218	501.14144	1563.60084	419.40447
BIHPZ09	18	1	1488.56943	458.26303	1685.52687	368.48635
BIHPZ09	19	0	1526.08514	192.95285	1745.81996	58.95782
BIHPZ09	19	1	1617.19470	211.71216	1861.04676	60.29777
BIHPZ09	20	0	1004.99302	134.85856	1100.61549	88.40695
BIHPZ09	20	1	940.01047	195.09677	1049.70133	156.91315
BIHPZ09	21	0	348.23517	19.74194	433.77181	85.10174
BIHPZ09	21	1	280.90789	104.78412	398.09839	167.78164
BIHPZ09	22	0	750.45359	257.71960	808.76622	248.44169
BIHPZ09	22	1	666.88067	285.22333	747.28402	281.77171
BIHPZ09	23	0	618.98116	216.04218	756.83043	217.99007
BIHPZ09	23	1	614.96162	287.92308	768.72156	286.66501
BIHPZ09	24	0	1591.00279	854.36725	1584.42568	826.26303
BIHPZ09	24	1	1469.07676	855.21092	1446.58897	827.78164
BIHPZ09	25	0	1680.16748	904.46650	1377.36218	893.74690
BIHPZ09	25	1	1471.15143	948.68486	1207.20167	939.30521
BIHPZ09	26	0	1385.24913	569.91811	1487.72087	507.19851
BIHPZ09	26	1	1471.22261	547.13896	1572.80112	475.70968
BIHPZ09	27	0	605.71110	618.71712	604.73831	610.61042
BIHPZ09	27	1	760.96581	591.04467	734.70342	576.69479
BIHPZ09	28	0	990.14655	517.22084	966.02931	490.42184
BIHPZ09	28	1	1179.06420	454.16377	1144.22889	408.68486
BIHPZ09	29	0	1648.68876	565.54839	1895.04536	478.63772
BIHPZ09	29	1	1553.55967	559.47395	1789.19749	482.85608
BIHPZ09	30	0	14.73831	482.38213	270.64899	510.52109
BIHPZ09	30	1	636.42708	477.02233	821.32589	458.26303
BIHPZ09	31	0	474.30565	712.85360	226.43405	719.55335
BIHPZ09	31	1	718.15771	623.07692	432.77041	624.41687
BIHPZ09	32	0	1122.79135	830.76923	605.61061	814.68983
BIHPZ09	32	1	1443.01465	844.16873	920.47453	837.46898
BIHPZ09	33	0	657.39218	387.09926	743.32589	383.40695
BIHPZ09	33	1	808.79484	361.62035	875.07118	343.89082
BIHPZ09	34	0	1433.25401	507.87593	1470.72366	443.59801
BIHPZ09	34	1	1587.85625	590.53102	1640.28193	522.08933
BIHPZ09	35	0	734.23587	647.19603	594.89184	640.49628
BIHPZ09	35	1	535.93859	682.03474	412.67271	678.01489
BIHPZ09	36	0	1501.96790	696.77419	1175.04536	672.65509
BIHPZ09	36	1	1783.33566	750.37221	1441.67481	714.19355
BIHPZ09	37	0	936.55269	246.55087	620.34892	245.21092
BIHPZ09	37	1	1232.65876	56.27792	854.82205	10.71960
BIHPZ09	38	0	405.97348	163.47395	274.66853	226.45161
BIHPZ09	38	1	640.44662	272.00993	517.18074	297.46898
BIHPZ09	39	0	430.09072	9.37965	127.28542	104.51613
BIHPZ09	39	1	739.59525	99.15633	353.71947	138.01489
BIHPZ09	40	0	710.11863	143.37469	592.21214	163.47395
BIHPZ09	40	1	909.75576	133.99504	743.61479	127.29529
BIHPZ09	41	0	360.41870	163.47395	160.78158	238.51117
BIHPZ09	41	1	609.63015	180.89330	391.23517	221.09181
BIHPZ09	42	0	1010.24424	518.56079	616.32938	513.20099
BIHPZ09	42	1	659.20447	544.01985	314.86392	558.75931
BIHPZ09	43	0	1165.66643	538.66005	1018.28332	505.16129
BIHPZ09	43	1	1004.88486	424.76427	824.00558	403.32506
BIHPZ09	44	0	1417.55757	427.44417	1412.19819	348.38710
BIHPZ09	44	1	1582.35869	351.06700	1572.97976	250.57072
BIHPZ09	45	0	844.10328	830.76923	546.65736	818.70968
BIHPZ09	45	1	543.97767	754.39206	290.74669	751.71216
BIHPZ09	46	0	672.60293	707.49380	439.46964	706.15385
BIHPZ09	46	1	438.12980	605.65757	186.23866	628.43672
BIHPZ09	47	0	845.44313	727.59305	573.45429	715.53350
BIHPZ09	47	1	655.18493	582.87841	391.23517	588.23821
BIHPZ09	48	0	1586.37823	486.40199	1493.92882	412.70471
BIHPZ09	48	1	1729.74180	369.82630	1619.87439	263.97022
BIHPZ09	49	0	643.12631	833.44913	455.54780	820.04963
BIHPZ09	49	1	396.59456	758.41191	266.62945	761.09181
BIHPZ09	50	0	947.27146	545.35980	869.56036	522.58065
BIHPZ09	50	1	1129.49058	494.44169	1033.02163	460.94293
BIHPZ09	51	0	432.77041	541.33995	213.03559	570.81886
BIHPZ09	51	1	614.98953	495.78164	451.52826	501.14144
BIHPZ09	52	0	1643.99163	388.58561	651.16539	353.74690
BIHPZ09	52	1	992.82624	328.28784	112.54710	372.50620
BIHPZ09	53	0	1456.41312	546.69975	846.78297	527.94045
BIHPZ09	53	1	1732.42149	431.46402	1197.82275	361.78660
BIHPZ09	54	0	1501.96790	373.84615	1492.58897	286.74938
BIHPZ09	54	1	1314.38939	406.00496	1283.57292	344.36725
BIHPZ09	55	0	789.77669	845.77171	732.88765	820.87841
BIHPZ09	55	1	573.63294	743.90819	544.13678	730.43672
BIHPZ09	56	0	1733.61549	356.68734	1878.12980	226.49380
BIHPZ09	56	1	1613.53175	381.82878	1740.12561	272.55831
BIHPZ09	57	0	1179.06490	330.96774	1157.62736	282.72953
BIHPZ09	57	1	497.08304	451.56328	557.37613	456.92308
BIHPZ09	58	0	763.71249	924.56576	436.78995	908.48635
BIHPZ09	58	1	464.92673	885.70720	79.05094	873.64764
BIHPZ09	59	0	888.31821	300.14888	1101.35380	254.59057
BIHPZ09	59	1	1100.01396	328.28784	1317.06909	263.97022
BIHPZ09	60	0	1537.01186	818.26055	1510.35799	785.03722
BIHPZ09	60	1	1653.41103	801.38710	1641.32798	763.77667
BIHPZ09	61	0	732.13189	751.45658	751.51291	729.95037
BIHPZ09	61	1	769.48011	791.44665	780.98953	771.12159
BIHPZ09	62	0	199.43126	778.40199	240.03489	769.48387
BIHPZ09	62	1	267.76343	679.18610	297.98325	689.16625
BIHPZ09	63	0	1437.92463	501.26799	1465.18283	431.75682
BIHPZ09	63	1	1308.29449	497.72457	1332.82554	437.38462
BIHPZ09	64	0	48.23447	799.95037	6.69923	798.61042
BIHPZ09	64	1	420.71179	773.15136	356.39916	763.77171
BIHPZ09	65	0	909.75576	485.06203	746.29449	466.30273
BIHPZ09	65	1	643.12631	401.98511	523.87997	411.36476
BIHPZ09	66	0	172.84020	651.21588	33.49616	673.99504
BIHPZ09	66	1	435.45010	691.41439	242.51221	703.47395
BIHPZ09	67	0	724.85694	782.53102	569.43475	763.77171
BIHPZ09	67	1	920.47453	736.97270	734.23587	723.57320
BIHPZ09	68	0	405.97348	857.56824	318.75017	841.79156
BIHPZ09	68	1	597.57153	869.62779	449.05024	849.04715
BIHPZ09	69	0	140.11096	864.52605	191.54710	844.31266
BIHPZ09	69	1	333.54920	835.88089	338.70691	817.06700
BIHPZ09	70	0	875.13050	553.00000	949.19679	526.05459
BIHPZ09	70	1	743.15562	534.57568	827.94068	514.66501
BISZ01	0	0	1322.40609	554.45896	1298.56768	543.80224
BISZ01	0	1	1152.16474	471.34328	1149.48059	460.18284
BISZ01	1	0	1196.43966	102.25746	1442.19307	66.49254
BISZ01	1	1	1247.81427	99.23507	1491.55299	55.91418
BISZ01	2	0	613.65687	751.34328	399.33368	745.43284
BISZ01	2	1	747.13012	633.47015	601.30640	633.10075
BISZ01	3	0	1092.58237	390.84701	1033.18888	385.69030
BISZ01	3	1	879.02518	416.53731	848.84470	420.44776
BISZ01	4	0	300.59811	974.70149	351.53935	942.46269
BISZ01	4	1	480.40923	821.06343	488.53830	812.50000
BISZ01	5	0	1121.25918	274.80970	1324.02413	257.75746
BISZ01	5	1	1193.28437	226.45149	1385.97587	197.30970
BISZ01	6	0	955.60860	266.30597	982.57188	267.17910
BISZ01	6	1	1046.77335	134.83209	1020.85100	125.12687
BISZ01	7	0	1573.53095	158.48134	1494.76600	81.10075
BISZ01	7	1	1413.86674	165.53358	1308.91081	108.30224
BISZ01	8	0	1444.05666	578.96269	1337.75131	566.02985
BISZ01	8	1	1252.15740	595.58582	1158.44386	587.18657
BISZ01	9	0	1581.88772	159.60821	1505.49423	87.14552
BISZ01	9	1	1417.18678	160.61567	1310.57293	105.27985
BISZ01	10	0	1450.17419	578.01493	1337.53095	561.98507
BISZ01	10	1	1255.75656	596.65299	1164.77125	589.18657
BISZ01	11	0	836.10808	507.00000	979.03463	512.39179
BISZ01	11	1	701.12382	539.74254	854.12382	549.66791
BISZ01	12	0	1287.57817	707.57836	801.32109	701.60448
BISZ01	12	1	1005.68206	851.21642	577.18678	838.61940
BISZ01	13	0	877.91081	607.64552	740.61595	611.14179
BISZ01	13	1	1170.04092	625.27612	955.18048	626.75746
BISZ01	14	0	904.76600	529.85075	855.75131	533.04478
BISZ01	14	1	701.78594	503.65672	648.23820	512.89552
BISZ01	15	0	1244.12802	507.75746	1031.59077	495.75373
BISZ01	15	1	1503.01574	366.71269	1369.39874	321.73134
BISZ01	16	0	1202.09024	206.94030	1022.51207	192.97015
BISZ01	16	1	967.50577	195.05970	818.02099	195.48881
BISZ01	17	0	1402.87303	290.13433	1388.29906	249.04478
BISZ01	17	1	1284.50997	248.32463	1206.97692	216.80597
BISZ01	18	0	813.93494	280.07463	727.30325	292.16418
BISZ01	18	1	398.90871	52.38806	261.90976	122.91045
BISZ01	19	0	1314.16684	746.52612	1025.80273	741.42910
BISZ01	19	1	1052.76076	652.32836	816.77859	649.75000
BISZ01	20	0	556.89192	829.00373	481.21931	819.68657
BISZ01	20	1	622.87303	706.09328	604.61910	710.37687
BISZ01	21	0	910.16055	400.65299	993.56873	404.68284
BISZ01	21	1	1052.19622	358.33955	1154.74397	350.27985
BISZ01	22	0	1489.39140	700.03358	597.85100	684.71269
BISZ01	22	1	1127.21511	500.02239	57.92235	498.11567
BISZ01	23	0	528.00630	968.29851	470.69360	943.76493
BISZ01	23	1	698.24764	853.44776	630.35782	847.04851
BISZ03	0	0	1221.30325	341.12687	1593.48688	345.64552
BISZ03	0	1	1146.25603	299.82090	1510.38090	303.83582
BISZ03	1	0	1204.88562	61.95896	1487.14271	43.32090
BISZ03	1	1	1508.09654	55.91418	1831.65477	18.13433
BISZ03	2	0	1430.87723	407.50373	1713.49423	422.09701
BISZ03	2	1	1519.01994	424.12687	1823.79853	441.23881
BISZ03	3	0	756.32109	926.54851	451.30955	881.72015
BISZ03	3	1	372.71773	836.19403	46.84155	758.43657
BISZ03	4	0	927.93914	646.07463	1148.36936	652.91791
BISZ03	4	1	854.90661	633.98507	1068.78909	631.25746
BISZ03	5	0	1094.02099	833.95522	862.34418	845.34701
BISZ03	5	1	1339.30955	809.77612	985.74397	849.88060
BISZ03	6	0	806.19727	785.15299	737.64218	765.99627
BISZ03	6	1	969.38720	825.45149	896.29906	824.42910
BISZ03	7	0	1066.92445	789.16791	1082.26967	799.22388
BISZ03	7	1	924.38510	729.72761	930.16055	729.20522
BISZ03	8	0	660.84050	513.33955	751.04617	500.15672
BISZ03	8	1	749.99056	496.71642	825.58972	490.58582
BISZ03	9	0	684.64848	689.07463	588.58237	666.77239
BISZ03	9	1	525.48793	628.12313	495.40294	604.81343
BISZ03	10	0	1318.82162	752.73507	1068.46485	782.15672
BISZ03	10	1	1156.63903	701.85821	973.77440	713.14552
BISZ03	11	0	1378.37671	457.96269	1681.92445	474.79104
BISZ03	11	1	1314.41028	470.05224	1606.37356	489.39925
BISZ03	12	0	900.56663	689.10448	821.99370	677.01493
BISZ03	12	1	1146.35887	743.50746	1007.34523	751.56716
BISZ03	13	0	222.62329	696.21269	314.65582	638.82836
BISZ03	13	1	63.46275	754.14179	177.15320	678.62313
BISZ03	14	0	458.85100	631.94030	679.98006	607.02239
BISZ03	14	1	521.81007	558.89925	735.88772	543.04851
BISZ03	15	0	368.69360	596.67910	602.41448	566.22015
BISZ03	15	1	431.65268	591.64179	664.36621	565.71642
BISZ03	16	0	1030.85100	458.03731	1320.45016	469.22388
BISZ03	16	1	974.43966	429.32463	1257.49108	435.97761
BISZ03	17	0	323.06506	650.77612	577.74816	618.23881
BISZ03	17	1	249.02518	583.27612	522.34418	547.71642
BISZ03	18	0	1068.56768	844.02985	931.22560	851.76493
BISZ03	18	1	942.64953	811.79104	813.86988	807.94030
BISZ03	19	0	602.81427	653.13060	824.65373	642.22388
BISZ03	19	1	662.24764	587.14179	887.10913	576.73881
BISZ03	20	0	614.38405	640.97761	828.85100	625.03731
BISZ03	20	1	544.37356	629.39179	756.32214	605.89552
BISZ03	21	0	835.26023	419.85821	877.46590	418.94030
BISZ03	21	1	1055.36516	409.78358	1104.62225	409.36940
BISZ03	22	0	860.35362	400.83582	1122.72613	401.67537
BISZ03	22	1	393.66002	411.30597	684.67471	399.12687
BISZ03	23	0	830.55299	789.11940	537.02728	766.17537
BISZ03	23	1	620.01784	702.47761	325.98846	677.01493
BISZ03	24	0	590.30430	610.52239	92.67576	572.23881
BISZ03	24	1	882.43442	717.31343	335.33263	691.00000
BISZ03	25	0	191.39979	715.35448	44.32319	646.41418
BISZ03	25	1	409.99370	766.73507	192.90661	706.86194
BISZ03	26	0	908.62539	552.08955	511.73137	537.98507
BISZ03	26	1	650.74502	612.53731	318.32109	580.29851
BISZ06	0	0	1408.01751	828.22430	1242.54291	873.76636
BISZ06	0	1	1494.88266	836.63551	1322.68301	893.39252
BISZ06	1	0	1099.54466	309.53271	994.18564	310.65421
BISZ06	1	1	1339.40455	252.33645	1247.49562	244.48598
BISZ06	2	0	589.56217	365.60748	546.97023	358.87850
BISZ06	2	1	863.04729	346.54206	811.48862	347.66355
BISZ06	3	0	1406.65499	293.83178	1816.88266	296.07477
BISZ06	3	1	1483.99299	273.64486	1913.27496	272.52336
BISZ06	4	0	1216.46235	595.97196	1072.56217	609.41121
BISZ06	4	1	979.40455	528.68224	868.56918	536.51402
BISZ06	5	0	1148.86165	388.79439	1282.84588	394.30841
BISZ06	5	1	1061.99650	383.18692	1209.43082	383.65421
BISZ06	6	0	1102.24518	237.75701	1425.60946	234.95327
BISZ06	6	1	952.61296	229.34579	1273.17513	223.17757
BISZ06	7	0	124.41331	679.64486	395.65674	623.57944
BISZ06	7	1	224.16813	680.20561	471.87391	635.35514
BISZ06	8	0	700.52539	464.29907	557.05779	449.71963
BISZ06	8	1	367.63573	525.98131	266.76007	497.94393
BISZ06	9	0	476.91769	533.21495	672.56392	513.57944
BISZ06	9	1	343.53765	574.71028	554.31524	546.10280
BISZ06	10	0	1109.63222	665.04673	474.11559	650.46729
BISZ06	10	1	561.54116	640.37383	2.24168	597.75701
BISZ06	11	0	385.56918	548.41121	438.24869	517.00935
BISZ06	11	1	585.07881	506.91589	611.97898	494.57944
BISZ06	12	0	1535.55166	880.37383	1044.62347	936.44860
BISZ06	12	1	1394.32574	663.92523	1106.26970	691.96262
BISZ06	13	0	1272.15412	927.47664	712.85464	946.54206
BISZ06	13	1	1225.07881	774.95327	904.51839	801.86916
BISZ06	14	0	870.89317	397.00935	761.05079	395.88785
BISZ06	14	1	1144.37828	277.00935	1000.91068	273.64486
BISZ06	15	0	15.69177	524.85981	153.55517	482.24299
BISZ06	15	1	248.82662	493.45794	321.68126	466.54206
BISZ06	16	0	661.29597	578.69159	516.70753	559.62617
BISZ06	16	1	351.94396	511.40187	262.27671	484.48598
BISZ06	17	0	645.60420	865.79439	437.12785	822.05607
BISZ06	17	1	434.88616	813.08411	202.87215	751.40187
BISZ06	18	0	374.92119	498.72897	614.65324	480.71028
BISZ06	18	1	308.79159	446.01869	554.68827	426.31776
BISZ07	0	0	704.90241	970.69030	1030.86569	975.72761
BISZ07	0	1	657.05352	938.95522	985.53515	943.48881
BISZ07	1	0	1024.78174	750.28731	1073.20462	755.29478
BISZ07	1	1	1157.75131	782.02239	1242.94229	787.53358
BISZ07	2	0	644.39874	953.56343	727.59706	941.36567
BISZ07	2	1	562.30010	888.07836	643.98741	875.88060
BISZ07	3	0	389.40714	924.04478	315.52466	904.70149
BISZ07	3	1	592.38720	1003.13060	493.32109	982.27612
BISZ07	4	0	438.10073	742.48134	803.89822	752.18657
BISZ07	4	1	331.82581	670.95149	707.19307	683.17537
BISZ07	5	0	262.82267	693.61940	638.69360	705.33955
BISZ07	5	1	151.10178	652.44403	551.05456	670.58209
BISZ07	6	0	238.67156	556.17537	519.56139	581.85075
BISZ07	6	1	423.51941	634.25373	699.87618	650.35821
BISZ07	7	0	8.56243	824.99254	22.66527	808.44403
BISZ07	7	1	185.85519	921.20522	180.31480	893.57463
BISZ07	8	0	137.80797	915.78358	18.63589	882.77239
BISZ07	8	1	373.52676	1022.57463	208.52046	973.94776
BISZ07	9	0	37.77545	658.62313	175.19727	672.34328
BISZ07	9	1	182.83316	643.00746	299.60441	654.71269
BISZ07	10	0	804.62644	1054.30970	433.22560	1027.61194
BISZ07	10	1	575.45540	923.33955	113.83001	890.97761
BISZ07	11	0	259.06821	852.94776	32.73872	827.50746
BISZ07	11	1	346.70724	767.31343	226.65268	762.52612
BISZ07	12	0	854.62749	1024.58955	886.10178	1021.56716
BISZ07	12	1	1007.24029	1006.45522	1039.21826	1012.50000
BISZ07	13	0	489.76705	1054.81343	555.82581	1026.60448
BISZ07	13	1	612.66317	992.35075	688.29171	974.72015
BISZ07	14	0	976.92865	1036.17537	1032.88458	1043.22761
BISZ07	14	1	1121.48269	1028.61940	1175.42392	1044.23507
BISZ07	15	0	1654.62329	1023.07836	1698.88772	1077.98507
BISZ07	15	1	1690.88772	965.14925	1781.99370	1008.47015
BISZ07	16	0	981.82896	890.50373	1126.93179	896.20896
BISZ07	16	1	942.03882	828.54478	1085.63064	831.73134
BISZ07	17	0	500.43547	563.15672	683.77754	576.19403
BISZ07	17	1	457.62329	522.35448	651.03882	539.92537
BISZ07	18	0	286.01679	689.08955	616.29591	696.06716
BISZ07	18	1	271.41028	642.74627	602.19307	656.27239
BISZ07	19	0	730.06821	875.36194	926.14900	882.44403
BISZ07	19	1	781.44281	880.90299	982.56034	886.97761
BISZ07	20	0	405.89192	833.14179	625.70094	832.60448
BISZ07	20	1	500.07870	860.84701	720.89507	861.82090
BISZ07	21	0	214.56453	697.91418	480.98321	705.59328
BISZ07	21	1	114.83736	671.72015	394.35152	678.39179
BISZ07	22	0	24.67996	569.45149	71.01784	600.19403
BISZ07	22	1	289.28856	687.82463	322.44281	696.36194
BISZ07	23	0	496.16789	737.52985	458.41028	736.82090
BISZ07	23	1	652.30640	823.16418	575.26233	821.95149
BISZ07	24	0	744.47954	1073.45149	668.44281	1062.36940
BISZ07	24	1	657.34418	1051.28731	543.02833	1028.61940
BISZ07	25	0	807.89822	942.31343	646.60441	934.07463
BISZ07	25	1	604.41448	894.45896	442.11333	880.17537
BISZ07	26	0	153.11647	156.97015	171.24869	241.84328
BISZ07	26	1	319.83211	235.55224	322.35047	295.23881
BISZ07	27	0	620.63799	153.13433	540.17838	192.66045
BISZ07	27	1	666.97587	14.60821	530.60860	55.64552
BISZ07	28	0	345.15320	90.58209	266.21196	173.25000
BISZ07	28	1	518.92025	166.14179	436.45331	217.57836
BISZ07	29	0	383.74816	193.93657	433.42078	250.21642
BISZ07	29	1	314.24134	107.79851	340.74502	179.19030
BISZ07	30	0	188.81112	135.73881	209.60546	220.18284
BISZ07	30	1	361.57083	214.82463	361.21091	272.06716
BISZ07	31	0	209.21931	50.37313	207.35887	143.90299
BISZ07	31	1	390.03778	111.82836	369.54145	179.16418
BISZ07	32	0	267.33998	445.65299	377.90976	476.92910
BISZ07	32	1	195.81847	336.34328	298.83316	386.76119
BISZ07	33	0	696.97587	811.89179	654.77020	804.66045
BISZ07	33	1	573.07240	740.36194	572.67156	738.16791
BISZ07	34	0	376.10493	480.39179	197.63484	508.73507
BISZ07	34	1	526.19937	482.91045	391.04512	504.70522
BISZ07	35	0	986.39559	960.61567	924.14586	965.14925
BISZ07	35	1	1145.05247	1011.49254	1102.44596	1028.11567
BISZ07	36	0	772.58657	578.05597	547.53200	584.05970
BISZ07	36	1	899.51207	618.85821	734.39454	624.86194
BISZ07	37	0	624.00315	705.50000	505.42917	703.97761
BISZ07	37	1	780.64533	676.28358	690.27702	685.84328
BISZ07	38	0	929.72928	837.60075	793.15950	834.29104
BISZ07	38	1	706.09864	750.95896	595.21616	751.17537
BISZ07	39	0	994.70724	792.42537	867.95698	791.59701
BISZ07	39	1	841.08709	659.94403	715.84785	650.04851
BISZ07	40	0	827.63379	963.29478	695.58237	945.44030
BISZ07	40	1	647.82267	828.29478	532.39244	829.07836
BISZ07	41	0	620.66737	968.67537	335.26338	948.56343
BISZ07	41	1	693.19622	1022.57463	510.54145	1010.52239
BISZ07	42	0	447.01994	771.02985	285.82162	766.97015
BISZ07	42	1	225.40399	789.16418	40.02938	774.52612
BISZ07	43	0	1044.74502	861.28731	719.92130	856.30970
BISZ07	43	1	1283.98951	991.25000	974.04197	1000.91418
BISZ07	44	0	126.42183	336.17537	241.24869	396.94030
BISZ07	44	1	243.27387	381.51119	358.10073	427.66791
BISZ07	45	0	60.94439	343.97015	277.41028	399.58582
BISZ07	45	1	132.46590	359.58582	352.45750	412.17910
BISZ08	0	0	1361.05666	561.48134	1376.43547	506.48134
BISZ08	0	1	1270.39559	564.50373	1303.40294	513.53358
BISZ08	1	0	1509.70094	547.46642	1209.94019	495.22388
BISZ08	1	1	1663.82476	550.48881	1395.79538	483.63806
BISZ08	2	0	1317.05771	544.69030	1025.62015	509.93657
BISZ08	2	1	1584.50787	393.06716	1285.31060	317.51119
BISZ08	3	0	1567.51731	731.08955	1070.64218	709.66418
BISZ08	3	1	1749.84680	665.60448	1205.12277	630.07463
BISZ08	4	0	539.08709	292.39925	484.24554	319.08209
BISZ08	4	1	762.21406	287.86567	711.40189	287.85075
BISZ08	5	0	991.41763	594.63806	1127.35152	556.94403
BISZ08	5	1	1057.39874	580.02985	1216.50157	535.28358
BISZ08	6	0	1127.48688	649.54104	733.15215	636.63806
BISZ08	6	1	976.88877	850.52985	550.82267	825.03358
BISZ08	7	0	392.42497	264.45522	434.17524	302.69403
BISZ08	7	1	542.51941	391.39552	590.81742	402.43284
BISZ08	8	0	670.44281	564.79851	815.51626	547.22388
BISZ08	8	1	566.18258	501.83209	728.38090	492.31716
BISZ08	9	0	634.38720	567.37313	432.34627	568.77985
BISZ08	9	1	220.10913	470.22761	13.59916	530.17164
BISZ08	10	0	489.08709	79.45522	784.46170	92.68657
BISZ08	10	1	553.55719	131.33955	859.50892	124.92537
BISZ08	11	0	572.19307	219.49254	895.77335	209.04851
BISZ08	11	1	639.68520	269.86567	970.82057	251.36194
BISZ08	12	0	397.03148	197.96269	650.57922	217.99254
BISZ08	12	1	442.86569	225.16418	684.82896	242.67537
BISZ08	13	0	1307.11962	511.11940	1354.44701	451.89925
BISZ08	13	1	1358.99790	447.14552	1436.04197	374.32463
BISZ08	14	0	270.56873	509.00000	155.89612	538.47388
BISZ08	14	1	488.15530	499.42910	391.61490	518.32463
BISZ08	15	0	598.36306	372.76119	446.18888	397.30970
BISZ08	15	1	400.92340	396.94030	227.59496	440.12687
BISZ08	16	0	960.84365	521.50373	806.07870	505.08955
BISZ08	16	1	774.48478	424.78731	612.16474	424.99627
BISZ08	17	0	1090.56768	512.03731	984.13012	484.05224
BISZ08	17	1	912.26758	403.73507	810.36306	386.83209
BISZ08	18	0	1224.04197	334.42910	1168.72193	278.23507
BISZ08	18	1	1046.24554	331.40672	986.89612	296.87313
BISZ08	19	0	1582.40609	317.37687	1425.48269	218.74627
BISZ08	19	1	1376.90766	283.12313	1215.45121	205.64925
BISZ08	20	0	1612.09339	434.98507	1458.88353	348.02985
BISZ08	20	1	1428.75656	347.33582	1230.21616	277.00373
BISZ08	21	0	699.13746	331.35075	402.73662	358.90672
BISZ08	21	1	484.57293	246.22015	144.85624	309.54104
BISZ08	22	0	656.26233	620.10448	498.75866	620.29851
BISZ08	22	1	416.51417	609.02239	261.52886	623.82463
BISZ08	23	0	672.90661	102.76119	404.95278	143.05970
BISZ08	23	1	388.83526	104.77612	139.01364	187.38806
BISZ08	24	0	596.07135	715.72761	352.03043	715.25373
BISZ08	24	1	321.88038	503.53358	36.26443	540.33955
BISZ08	25	0	709.18258	593.08209	784.40294	576.08955
BISZ08	25	1	811.93179	599.12687	859.45016	581.12687
BISZ08	26	0	256.78909	333.28731	613.18573	351.83582
BISZ08	26	1	337.37671	292.48507	678.15950	308.01119
BISZ08	27	0	811.99056	522.55597	941.18153	496.64552
BISZ08	27	1	646.28227	515.50373	791.08709	503.69776
BISZ08	28	0	864.72613	544.20149	1012.97272	515.19776
BISZ08	28	1	799.75236	545.20896	951.52466	515.70149
BISZ08	29	0	899.98321	528.08209	1045.71144	494.54478
BISZ08	29	1	831.98741	516.49627	980.23400	487.99627
BISZ08	30	0	1083.93179	511.95149	1232.85834	461.32836
BISZ08	30	1	1020.46905	521.52239	1167.88458	476.44030
BISZ08	31	0	908.81427	566.13433	1048.89507	530.49627
BISZ08	31	1	842.32949	568.65299	987.44701	531.50373
BISZ08	32	0	742.45016	742.77612	647.01994	727.11940
BISZ08	32	1	594.87408	767.96269	454.11333	754.32090
BISZ08	33	0	656.86988	575.62687	429.41763	578.39552
BISZ08	33	1	867.74816	324.94776	508.25918	335.48134
BISZ08	34	0	326.25498	762.89925	270.97587	757.65299
BISZ08	34	1	45.70934	730.15672	8.56243	737.00000
BISZ08	35	0	290.29696	763.19030	64.34523	768.43657
BISZ08	35	1	562.78384	606.02612	362.01574	613.79104
BISZ08	36	0	511.29171	159.17910	766.42392	166.00746
BISZ08	36	1	232.25708	64.98134	529.69780	123.19030
BISZ09	0	0	51.37461	708.89552	365.89192	705.87313
BISZ09	0	1	155.63484	708.39179	454.03463	703.35448
BISZ09	1	0	730.33263	714.61567	960.45750	685.97761
BISZ09	1	1	679.46170	700.51119	908.07555	674.89552
BISZ09	2	0	746.62644	556.27985	844.90241	536.45896
BISZ09	2	1	599.05037	560.81343	725.02833	551.06716
BISZ09	3	0	1242.51626	710.36194	1366.25498	666.45896
BISZ09	3	1	1117.10178	703.30970	1236.30745	663.94030
BISZ09	4	0	734.75131	518.49627	668.82476	513.02985
BISZ09	4	1	547.88877	460.56716	525.27807	472.22761
BISZ09	5	0	1114.95383	408.16418	1114.35782	361.05224
BISZ09	5	1	913.98846	400.10448	895.76390	378.17910
BISZ09	6	0	1587.07240	430.00746	1482.80063	344.92164
BISZ09	6	1	1846.46380	396.25746	1749.24344	276.41418
BISZ09	7	0	792.35887	655.35448	963.31480	626.33955
BISZ09	7	1	895.10808	650.31716	1065.05666	616.76866
BISZ09	8	0	461.86149	613.02239	496.83211	614.47388
BISZ09	8	1	241.25289	585.31716	279.24554	601.88060
BISZ09	9	0	501.11962	136.00746	661.63064	158.06716
BISZ09	9	1	529.82896	65.98881	680.77020	86.03358
BISZ09	10	0	442.54250	87.14552	589.09759	118.88060
BISZ09	10	1	509.53095	81.60448	636.94648	107.79851
BISZ09	11	0	432.69045	829.25746	88.14271	825.65299
BISZ09	11	1	760.07765	835.30224	497.31060	822.36940
BISZ09	12	0	682.43966	686.42164	912.04617	659.15672
BISZ09	12	1	744.89507	677.35448	964.42812	648.57836
BISZ09	13	0	1198.04617	479.90299	1427.38090	415.09701
BISZ09	13	1	1274.60441	483.93284	1521.06401	410.56343
BISZ09	14	0	361.95803	643.76493	441.89192	647.17164
BISZ09	14	1	461.18153	547.04851	533.05666	552.47015
BISZ09	15	0	475.28437	589.36194	663.37356	579.52612
BISZ09	15	1	576.52256	581.30224	742.95383	567.94030
BISZ09	16	0	811.99161	828.35448	722.73452	808.27985
BISZ09	16	1	1030.58552	860.59328	953.41658	828.93284
BISZ09	17	0	1081.92760	954.57090	750.05247	938.53358
BISZ09	17	1	800.87828	985.29851	395.53515	951.58582
BISZ09	18	0	1847.97482	389.35448	1905.89717	260.52612
BISZ09	18	1	1669.67471	393.88806	1701.90976	284.20149
BISZ09	19	0	1539.21196	487.99254	1735.15215	396.17910
BISZ09	19	1	1701.89822	464.82090	1915.46695	357.89552
BISZ09	20	0	889.98426	768.05224	607.39244	755.17910
BISZ09	20	1	1090.94963	763.51866	876.35362	743.08955
BISZ09	21	0	679.66632	669.79851	360.36936	674.72761
BISZ09	21	1	364.87093	678.86567	134.22036	693.36567
BISZ09	22	0	1659.60126	835.51119	1556.39244	808.06716
BISZ09	22	1	1904.38615	753.90672	1822.83526	700.26866
BISZ09	23	0	1215.12382	743.90299	1233.65687	707.19403
BISZ09	23	1	1410.54879	720.73134	1420.01574	675.96269
BISZ09	24	0	1465.93494	879.06716	1244.77754	858.00000
BISZ09	24	1	1279.07240	786.88433	1122.38510	764.80970
BISZ09	25	0	1147.26338	772.52612	804.31899	756.14179
BISZ09	25	1	1522.28856	684.91045	1190.29591	654.01493
BISZ09	26	0	373.69990	791.96269	424.69255	780.44030
BISZ09	26	1	190.86674	782.89552	291.21931	774.89925
BISZ09	27	0	340.66737	647.54104	37.77545	674.19403
BISZ09	27	1	656.81427	721.02985	265.93914	723.55970
BISZ09	28	0	431.99790	774.45149	487.13012	761.63806
BISZ09	28	1	240.09864	802.15672	308.83001	788.83955
BISZ09	29	0	1245.52151	744.36194	1523.60965	696.54104
BISZ09	29	1	1514.48269	743.35448	1837.39769	682.43657
BISZ09	30	0	255.36201	670.74627	354.05666	673.20522
BISZ09	30	1	38.78279	644.55224	182.30430	659.60448
BOO01	0	0	1263.95893	429.94635	1084.55658	379.00596
BOO01	0	1	1264.36127	393.73174	1103.86924	339.57228
BOO01	1	0	1491.63453	452.37705	1809.75692	350.99404
BOO01	1	1	1442.14585	472.09389	1753.83068	379.96572
BOO01	2	0	1342.95474	712.34873	1307.53646	671.51118
BOO01	2	1	1507.91702	657.22206	1467.67058	603.50820
BOO01	3	0	1414.42414	348.15797	1784.40905	239.83458
BOO01	4	0	1558.03688	379.81073	1783.20201	265.82265
BOO01	4	1	1609.53730	388.26080	1868.09723	265.82265
BOO01	5	0	71.61777	722.83905	234.16597	721.39642
BOO01	5	1	244.22464	687.83159	348.43252	687.19374
BOO01	6	0	72.42246	869.04173	212.03688	847.81073
BOO01	6	1	461.14669	759.83458	513.60352	743.63934
BOO01	7	0	1377.29086	261.62742	1665.31433	149.47988
BOO01	7	1	1492.76446	282.55142	1798.08885	157.92996
BOO01	8	0	817.74853	547.65574	1012.79883	515.41282
BOO01	8	1	721.18525	558.52012	938.76697	530.30104
BOO01	9	0	1478.96647	611.15350	1342.28667	557.85842
BOO01	9	1	1616.16681	553.21013	1474.65884	484.22206
BOO01	10	0	535.16178	924.68703	207.70830	906.30849
BOO01	10	1	389.10981	1005.16393	18.50796	977.79434
BOO01	11	0	1125.39229	779.32042	1056.26739	750.94188
BOO01	11	1	1213.10394	721.37705	1190.24895	683.74367
BOO01	12	0	875.79128	786.83159	1027.75189	754.36066
BOO01	12	1	735.77452	749.81222	890.55155	721.36513
BOO01	13	0	890.14669	241.92250	515.38474	255.70343
BOO01	13	1	1016.48365	274.91803	702.07376	262.54396
BOO01	14	0	737.29086	432.51565	362.57083	452.02981
BOO01	14	1	900.24141	375.37705	552.07628	379.60060
BOO01	15	0	941.29086	441.61550	508.62280	443.98212
BOO01	15	1	1117.92121	448.05365	741.17938	429.09389
BOO01	16	0	797.98575	601.98212	383.22464	605.61550
BOO01	16	1	978.23722	532.77198	588.42163	526.34575
BOO01	17	0	1546.43252	483.76751	1156.11148	426.18927
BOO01	17	1	1372.21626	526.01788	934.01593	490.16841
BOO01	18	0	1458.97485	323.67064	1286.08382	244.09389
BOO01	18	1	1578.87427	207.78390	1404.86924	96.16990
BOO01	19	0	1207.56412	154.67958	1037.15759	97.37705
BOO01	19	1	1337.11987	163.93443	1194.07293	83.69598
BOO01	20	0	894.89690	393.70343	729.52473	381.59165
BOO01	20	1	974.96396	399.33681	852.64292	375.95827
BOO01	21	0	1400.79966	414.08197	1141.95054	354.71088
BOO01	21	1	1491.32775	372.63636	1291.62364	295.15797
BOO01	22	0	1222.23973	627.01788	1056.11484	592.39195
BOO01	22	1	1367.48701	567.06259	1181.64711	520.36513
BOO01	23	0	454.79380	787.32936	517.82984	768.76304
BOO01	23	1	626.19363	785.71982	690.43671	761.11773
BOO01	24	0	1071.95054	523.16542	1208.67812	475.77943
BOO01	24	1	988.26236	566.22057	1102.45851	526.07750
BOO01	25	0	952.15842	401.73920	675.31852	390.99404
BOO01	25	1	788.80553	440.36811	482.19195	447.73025
BOO01	26	0	634.84577	610.15350	43.45348	635.38450
BOO01	26	1	914.61526	587.86289	380.21794	592.32936
BOO01	27	0	1883.78877	750.15350	1751.81894	704.29657
BOO01	27	1	1686.23638	712.32936	1588.06370	662.85097
BOO01	28	0	682.27913	484.09389	892.93546	462.11773
BOO01	28	1	251.86924	689.04173	539.15004	678.57973
BOO01	29	0	1668.93546	796.42772	1089.41911	780.53502
BOO01	29	1	1867.29254	688.18629	1252.77200	659.81967
BOO01	30	0	432.68483	638.29657	305.06035	645.04173
BOO01	30	1	559.02179	614.95827	387.54149	618.48435
BOO01	31	0	1247.79883	726.82563	864.89103	705.30104
BOO01	31	1	1353.61609	584.78390	902.81056	554.76304
BOO01	32	0	1051.34535	439.69896	327.79883	453.40835
BOO01	32	1	1317.69908	334.67660	518.51132	326.25484
BOO01	33	0	1827.86253	608.59165	1569.17770	540.10581
BOO01	33	1	1684.22464	629.51565	1470.20034	571.49180
BOO01	34	0	1733.31098	780.69896	1413.60352	750.62742
BOO01	34	1	1580.41911	778.68703	1288.47360	750.62742
BOO01	35	0	1525.97485	716.20119	1320.81475	678.05365
BOO01	35	1	1404.86840	681.59613	1202.92707	643.44858
BOO01	36	0	1310.24057	519.67511	1240.68567	466.02981
BOO01	36	1	1216.89606	508.40835	1158.60687	460.79881
BOO01	37	0	736.14250	813.51118	132.77033	813.38450
BOO01	37	1	934.09723	811.09687	290.08801	805.33681
BOO01	38	0	596.42749	752.63934	583.65801	735.60358
BOO01	38	1	703.45180	744.99404	671.36966	725.94635
BOO01	39	0	695.30679	688.93741	808.44258	666.59613
BOO01	39	1	854.23386	649.90611	960.12741	620.32191
BOO01	40	0	62.76614	626.02981	332.66974	633.42772
BOO01	40	1	165.36463	591.02235	415.15088	598.01788
BOO01	41	0	339.58089	536.29806	576.07209	536.70343
BOO01	41	1	428.90193	520.60507	655.33445	515.77943
BOO01	42	0	1117.05281	866.81073	1091.35708	838.02981
BOO01	42	1	1256.26488	752.13115	1269.19447	714.09538
BOO01	43	0	535.31014	908.11773	230.71249	888.15350
BOO01	43	1	610.14669	824.01937	402.11232	809.68852
BOO01	44	0	235.13076	867.46796	164.96228	852.01788
BOO01	44	1	560.46354	779.05812	429.30427	766.71237
BOO01	45	0	391.53730	433.10134	414.72087	453.76304
BOO01	45	1	221.34451	447.58718	222.80134	484.74665
BOO01	46	0	1827.46018	473.94188	1897.87091	357.83607
BOO01	46	1	1628.29841	527.86140	1687.04107	442.73920
BOO01	47	0	32.59011	968.94188	73.62951	937.28465
BOO01	47	1	139.61442	904.56036	166.57167	882.15797
BOO01	48	0	284.24057	971.35618	50.69573	946.81073
BOO01	48	1	359.07712	926.28912	183.47024	906.57228
BOO02	0	0	1276.93965	496.66766	1340.03353	498.53353
BOO02	0	1	1231.87678	581.57079	1285.71668	587.05812
BOO02	1	0	1099.15088	717.56334	1107.00838	718.72578
BOO02	1	1	1192.49539	659.21759	1223.28667	665.20864
BOO02	2	0	1013.59598	472.88972	1191.52137	464.59165
BOO02	2	1	901.74350	418.16542	1078.05951	407.85544
BOO02	3	0	374.23973	651.32489	479.15423	612.92250
BOO02	3	1	270.83655	633.21759	403.11065	591.19374
BOO02	4	0	1168.23219	358.65127	1283.07209	348.30104
BOO02	4	1	1277.67058	315.59613	1396.13160	302.83159
BOO02	5	0	859.69740	534.77496	1065.41576	523.02981
BOO02	5	1	801.35708	523.91058	1007.47779	509.75112
BOO02	6	0	871.11484	669.99404	730.86924	653.94188
BOO02	6	1	643.90025	595.51565	497.91031	571.85544
BOO02	7	0	1205.09220	498.32489	1222.25566	496.57973
BOO02	7	1	1054.61442	537.75857	1079.42246	533.59911
BOO02	8	0	1716.41241	125.69151	1476.08382	79.67213
BOO02	8	1	1602.50210	298.81073	1413.67393	281.65127
BOO02	9	0	1807.34283	593.59165	1571.04107	627.94635
BOO02	9	1	1663.30260	652.74218	1466.43085	685.48733
BOO02	10	0	394.29505	390.68703	485.58005	379.00596
BOO02	10	1	299.34116	372.98212	417.58340	360.89866
BOO02	11	0	1422.04862	665.59165	1300.44342	684.84650
BOO02	11	1	1480.38894	625.75559	1388.95977	647.02235
BOO02	12	0	592.77536	827.94188	230.14250	772.78689
BOO02	12	1	408.90277	852.08495	81.67645	782.84650
BOO02	13	0	513.98659	987.04918	118.29003	902.23696
BOO02	13	1	615.78039	878.80775	255.89271	819.74814
BOO02	14	0	1131.94384	716.53949	949.97485	717.15350
BOO02	14	1	1048.65801	719.75857	898.87678	713.93443
BOO02	15	0	771.64292	407.97019	472.31852	404.34873
BOO02	15	1	563.22716	432.11326	283.61777	426.47988
BOO02	16	0	943.58005	177.10134	739.06790	177.45156
BOO02	16	1	1097.27661	146.92250	890.35038	139.62742
BOO02	17	0	1116.14250	183.68256	977.97066	173.27720
BOO02	17	1	1205.06119	64.17437	1041.81894	44.26230
BOO02	18	0	796.99078	106.22951	599.34954	117.09389
BOO02	18	1	617.14166	182.68256	439.61777	196.76602
BOO02	19	0	611.21710	457.96274	361.17435	447.54396
BOO02	19	1	430.56329	517.51565	172.87594	496.23249
BOO02	20	0	727.09304	535.62295	496.36295	520.37556
BOO02	20	1	484.88013	540.04918	265.81811	514.74218
BOO02	21	0	547.24392	573.44709	365.19782	548.54247
BOO02	21	1	381.47695	585.11624	181.72758	553.37109
BOO02	22	0	814.04443	593.37258	597.81727	578.08942
BOO02	22	1	968.14334	575.26528	751.91618	566.82265
BOO02	23	0	1000.73345	501.62891	826.75272	494.39344
BOO02	23	1	1147.86588	462.46051	936.19111	459.38599
BOO02	24	0	1457.82984	314.36066	1184.55658	303.01788
BOO02	24	1	1636.06957	277.74367	1378.48785	257.95082
BOO02	25	0	249.32188	964.51565	113.46186	869.59911
BOO02	25	1	417.50293	859.89568	274.40067	794.35320
BOO02	26	0	1277.97904	902.44858	980.29505	919.22504
BOO02	26	1	1096.92288	912.50820	812.11400	905.14158
BOO02	27	0	1338.64962	678.40835	1244.30260	694.19374
BOO02	27	1	1483.09220	591.49329	1419.32355	614.92399
BOO02	28	0	1062.31014	461.38897	1028.38474	454.99851
BOO02	28	1	1273.94468	540.65872	1235.59346	545.13264
BOO02	29	0	1709.17016	663.79881	1381.78290	699.81818
BOO02	29	1	1486.67225	712.48733	1203.14082	738.84948
BOO02	30	0	525.91618	938.79881	241.00587	867.83458
BOO02	30	1	367.79380	989.90164	6.83990	896.80626
BOO02	31	0	1609.94719	100.99851	1587.84577	50.70045
BOO02	31	1	1352.34619	173.59165	1285.70075	148.61550
BOO02	32	0	886.03018	640.41282	541.65465	623.83905
BOO02	32	1	727.50545	698.35618	431.81391	668.90611
BOO02	33	0	1076.37804	619.85395	766.23303	615.02086
BOO02	33	1	972.17016	592.08942	632.65381	581.62295
BOO02	34	0	497.35373	842.40835	236.23219	782.38450
BOO02	34	1	333.19614	880.23249	94.20369	803.30849
BOO02	35	0	506.67393	783.00596	333.52557	731.99404
BOO02	35	1	384.36044	789.44411	271.96647	730.78689
BOO02	36	0	905.02515	798.56781	375.66052	766.84650
BOO02	36	1	1118.26907	695.55738	568.78709	687.17437
BOO02	37	0	1776.76446	660.06706	1177.96312	696.05365
BOO02	37	1	1683.41995	753.42027	919.25398	790.21162
BOO02	38	0	1223.21291	686.81073	772.48282	687.87034
BOO02	38	1	1001.51970	645.76751	564.46940	633.95082
BOO02	39	0	1144.75524	735.09687	609.93462	726.49925
BOO02	39	1	947.93546	686.28465	502.10562	669.76304
BOO02	40	0	932.55239	972.36811	372.48617	929.34873
BOO02	40	1	1184.82397	953.05365	582.91366	942.22504
BOO02	41	0	923.29841	1021.86140	300.46605	970.79434
BOO02	41	1	1133.72590	1004.15648	448.12741	978.84203
BOO02	42	0	1761.07293	445.53204	1697.67058	453.81073
BOO02	42	1	1596.91534	525.20417	1527.07544	537.90909
BOO02	43	0	1554.37301	575.04620	1528.42414	595.65127
BOO02	43	1	1421.59849	665.58271	1390.01676	687.39493
BOO02	44	0	976.91953	621.61550	1017.90780	614.50820
BOO02	44	1	1047.73261	578.15797	1087.51383	573.46498
BOO02	45	0	833.73177	148.47988	332.52137	171.56781
BOO02	45	1	1082.78458	100.19374	530.07376	113.62444
BOO02	46	0	1671.70159	483.81073	1380.22464	493.70343
BOO02	46	1	1458.05532	460.87481	1237.79380	464.32936
BOO02	47	0	871.93546	355.73920	1206.26320	342.20119
BOO03	0	0	746.94719	631.69151	342.66974	632.99404
BOO03	0	1	944.09723	673.13711	468.60436	668.80626
BOO03	1	0	1074.99749	324.36066	1177.50126	312.97019
BOO03	1	1	1159.49036	347.69896	1270.04107	330.67511
BOO03	2	0	55.52389	69.21013	231.45096	169.95827
BOO03	2	1	168.98575	84.90313	323.18609	171.56781
BOO03	3	0	294.55658	302.91058	368.57586	353.37258
BOO03	3	1	365.36966	297.27720	449.84996	341.30104
BOO03	4	0	1574.81811	641.01788	1789.63956	632.07750
BOO03	4	1	1659.31098	642.62742	1887.40989	634.08942
BOO03	5	0	319.65381	206.12966	561.60352	258.17735
BOO03	5	1	357.87678	189.22951	596.60771	238.86289
BOO03	6	0	466.78709	236.82265	763.52137	272.98212
BOO03	7	0	766.27494	111.46051	835.78709	127.15350
BOO03	7	1	1007.68315	159.34426	1062.71081	152.10134
BOO03	8	0	130.36044	524.10581	169.79044	555.22951
BOO03	8	1	276.01006	571.98957	322.27997	593.45604
BOO03	9	0	1386.39229	902.38897	1032.59933	911.80328
BOO03	9	1	1590.38223	1041.21162	1297.74602	1076.37854
BOO03	10	0	1480.60352	942.38450	1055.76362	955.26080
BOO03	10	1	1220.75189	1052.63785	719.99413	1051.02832
BOO03	11	0	468.12322	607.02235	407.02515	615.27273
BOO03	11	1	355.46605	642.83458	273.84828	650.68256
BOO03	12	0	12.07041	338.73920	260.43923	398.81073
BOO03	12	1	267.15842	417.20417	473.68315	452.32787
BOO03	13	0	649.42749	395.67958	581.47443	515.91058
BOO03	13	1	848.18692	493.05663	851.89606	591.38897
BOO03	14	0	1146.16178	124.53204	537.11065	130.30551
BOO03	14	1	1307.90528	191.73025	702.85750	171.30104
BOO03	15	0	833.10645	384.78539	428.92205	403.38748
BOO03	15	1	985.99832	416.57377	602.33361	421.09240
BOO03	16	0	1124.00335	305.11326	513.01257	308.42474
BOO03	16	1	940.53311	341.32787	326.26320	360.26528
BOO03	17	0	1642.98240	233.82712	937.53730	177.07004
BOO03	17	1	1876.74602	315.51118	1133.48030	239.84203
BOO03	18	0	1099.07628	275.43219	658.89271	274.94635
BOO03	18	1	927.27410	233.58420	528.53227	250.80328
BOO03	19	0	623.53311	125.94635	236.67728	184.57973
BOO03	19	1	810.62448	123.12966	387.55742	160.03428
BOO03	20	0	673.42414	28.97168	106.71920	101.28614
BOO03	20	1	884.24057	95.36513	251.16178	137.90313
BOO03	21	0	1332.21291	83.69598	1200.38894	38.22653
BOO03	21	1	1230.41911	110.25335	1117.10310	78.86736
BOO03	22	0	1549.71249	577.11326	1244.68986	557.16841
BOO03	22	1	1755.31182	540.09389	1410.05448	504.05365
BOO03	23	0	24.54317	436.73920	96.96563	484.46796
BOO03	23	1	282.44761	473.75857	335.55742	506.19672
BOO03	24	0	1329.04023	782.70343	1397.04443	791.85097
BOO03	24	1	1492.39313	818.51565	1564.42079	834.90611
BOO03	25	0	353.40821	651.59165	263.00587	657.76304
BOO03	25	1	194.48114	678.55142	90.39899	681.90611
BOO03	26	0	726.38474	689.78689	524.98994	692.14903
BOO03	26	1	857.14753	711.91803	636.84241	710.25633
BOO03	27	0	1341.08801	805.86587	625.65801	796.37258
BOO03	27	1	1227.65046	600.50820	384.99413	599.61550
BOO03	28	0	1353.01760	600.95827	1137.11148	591.59165
BOO03	28	1	1044.90025	675.42027	826.06454	675.67511
BOO03	29	0	919.50964	504.49180	881.28332	508.38450
BOO03	29	1	818.11819	469.48435	798.80218	477.80328
BOO03	30	0	1044.65046	703.07004	672.85750	698.19225
BOO03	30	1	987.84158	560.98659	641.87678	558.56483
BOO03	31	0	1642.78290	652.30849	1526.91702	641.22802
BOO03	31	1	1524.89522	630.17735	1367.18525	617.08495
BOO03	32	0	390.16262	492.18480	344.18189	516.81073
BOO03	32	1	321.76362	473.67511	256.87259	503.12966
BOO03	33	0	890.95641	542.05514	694.06454	548.77496
BOO03	33	1	756.97485	555.73621	549.62196	562.85842
BOO03	34	0	1024.46689	643.94635	681.58424	640.76304
BOO03	34	1	890.48533	646.36066	599.50545	646.79881
BOO03	35	0	858.90444	748.59165	378.41576	736.59165
BOO03	35	1	957.88181	707.95082	532.11232	699.57228
BOO03	36	0	1406.30679	811.20119	944.04443	812.43219
BOO03	36	1	1620.54484	774.32489	1111.42079	773.40089
BOO03	37	0	1545.30595	868.88525	1021.29505	877.21610
BOO03	37	1	1793.95641	874.51863	1179.01509	882.04471
BOO03	38	0	1251.27158	716.39642	1006.61106	713.82712
BOO03	38	1	1356.28416	730.47988	1142.20201	731.93443
BOO03	39	0	1097.67058	567.16990	921.05281	563.50820
BOO03	39	1	958.45851	522.10283	750.86002	524.47690
BOO03	40	0	1264.91953	472.23696	990.55239	459.04173
BOO03	40	1	1534.49204	524.14456	1203.39396	499.68256
BOO03	41	0	1032.61526	595.47988	800.93546	593.99404
BOO03	41	1	825.40654	514.60060	557.11903	522.72727
BOO03	42	0	1285.73261	872.14158	853.64208	870.98659
BOO03	42	1	1051.50964	688.10581	673.70495	681.70343
BOO03	43	0	893.97066	553.89866	729.80302	557.61550
BOO03	43	1	678.71500	477.04322	451.08382	493.68703
BOO03	44	0	466.12238	363.38897	685.29925	392.35171
BOO03	44	1	394.50461	276.87630	607.24392	318.31297
BOO03	45	0	1320.11903	746.42027	1504.55993	755.02981
BOO03	45	1	1421.10813	702.56036	1623.65465	705.53651
BOO03	46	0	483.95138	499.32042	308.53311	523.83458
BOO03	46	1	288.00838	361.30253	98.10562	413.58122
BOO03	47	0	820.77536	450.00596	996.01341	457.65127
BOO03	47	1	688.00084	429.88674	870.48114	443.97019
BOO06	0	0	704.41911	958.07750	621.74015	919.05365
BOO06	0	1	787.70495	958.07750	702.39648	929.94188
BOO06	1	0	783.53311	499.66319	997.45432	495.02981
BOO06	1	1	710.30595	465.86289	929.45767	458.41282
BOO06	2	0	351.50210	415.22951	411.17770	401.58867
BOO06	2	1	229.18860	391.48882	314.21207	377.04322
BOO06	3	0	184.67728	623.16542	148.46605	574.99404
BOO06	3	1	345.21375	617.93443	288.88516	579.01788
BOO06	4	0	1224.31433	690.15350	1431.69321	717.91058
BOO06	4	1	1336.97150	701.42027	1559.23722	741.24888
BOO06	5	0	1702.73261	510.66319	1626.78290	542.32489
BOO06	5	1	1872.12070	725.46796	1785.21375	810.53949
BOO06	6	0	695.77536	926.01788	430.85750	878.69896
BOO06	6	1	425.89271	883.33681	256.23889	812.30551
BOO06	7	0	676.66052	720.43964	651.03269	696.22951
BOO06	7	1	782.47779	742.16841	721.44342	724.39642
BOO06	8	0	619.38894	775.14158	427.79883	733.65127
BOO06	8	1	462.07125	724.03875	273.29757	676.51267
BOO06	9	0	1231.11903	722.02981	1051.36547	739.66319
BOO06	9	1	1125.70411	724.44411	912.55574	731.61550
BOO06	10	0	1294.56412	718.62742	1264.06454	747.76304
BOO06	10	1	1387.10394	725.46796	1350.56915	762.65127
BOO06	11	0	1292.36966	887.22504	1108.56077	920.01788
BOO06	11	1	1195.80637	877.97019	993.89187	898.28912
BOO06	12	0	1521.61526	826.94635	1398.27578	888.17288
BOO06	12	1	1407.75105	799.18182	1317.40402	844.71535
BOO06	13	0	1242.65046	793.96572	1173.34116	821.83905
BOO06	13	1	1134.01676	751.71535	1082.41073	767.51714
BOO06	14	0	1081.22967	558.51714	1150.50964	565.76304
BOO06	14	1	1190.72842	596.00596	1277.24895	610.83010
BOO06	15	0	999.21123	696.60209	900.49036	696.99404
BOO06	15	1	876.30260	652.61550	823.23973	645.08644
BOO06	16	0	370.31098	535.39195	303.06454	507.84650
BOO06	16	1	194.48533	450.89121	169.88768	428.97914
BOO06	17	0	1119.48617	739.45604	1114.37720	751.48733
BOO06	17	1	932.79715	702.83905	925.67645	701.99404
BOO06	18	0	1503.81811	842.17735	1372.43923	902.57228
BOO06	18	1	1604.40486	892.47541	1565.96815	975.80626
BOO06	19	0	704.84241	148.88227	875.30679	149.68703
BOO06	19	1	577.70075	79.67213	749.37217	88.52459
BOO06	20	0	1560.38894	611.85097	1451.35205	649.62742
BOO06	20	1	1633.61609	563.56483	1585.73596	600.53651
BOO06	21	0	1531.41995	719.69001	1333.42749	765.88674
BOO06	21	1	1607.46354	691.92548	1475.85834	742.95082
BOO06	22	0	1123.35289	595.52906	1431.00587	610.57973
BOO06	23	0	1339.48617	606.02981	800.67309	617.10134
BOO06	23	1	1715.20536	622.59165	1118.16597	661.99404
BOO06	24	0	334.84158	488.94635	251.86924	465.21311
BOO06	24	1	111.85247	415.28912	75.23889	397.61252
BOO06	25	0	1510.23638	606.88227	1484.28332	642.78689
BOO06	25	1	1611.22548	574.28912	1614.24141	612.60805
BOO06	26	0	959.75189	641.36811	988.18525	642.33681
BOO06	26	1	1030.56496	583.42474	1070.26404	588.01490
BOO06	27	0	802.96228	335.12072	1027.78709	332.51565
BOO06	27	1	744.21961	326.26826	975.48198	322.85842
BOO06	28	0	8.04694	414.57973	143.63789	395.40835
BOO06	28	1	257.90444	413.37258	392.28835	398.22504
BOO06	29	0	708.63118	391.95380	740.82230	386.79881
BOO06	29	1	480.50042	287.73621	447.68148	287.82265
BOO06	30	0	913.84577	426.55738	1100.20117	424.91803
BOO06	30	1	1047.42498	495.36513	1222.51467	498.55440
BOO06	31	0	1138.31433	629.66319	493.76781	624.20119
BOO06	31	1	1243.32691	612.76304	687.69908	616.55589
BOO06	32	0	720.82230	612.23696	75.23889	581.12966
BOO06	32	1	760.65465	683.86140	215.25566	649.93741
BOO06	33	0	489.45096	772.59165	232.88852	718.31297
BOO06	33	1	662.86253	814.03726	368.07712	769.01341
BOO06	34	0	1109.03688	754.06557	857.40821	758.04173
BOO06	34	1	1186.68986	714.22951	986.96396	727.05812
BOO06	35	0	746.77117	1020.04471	447.59933	968.53949
BOO06	35	1	894.83487	975.78241	596.87008	948.42027
BOO06	36	0	1402.91953	739.26528	1108.84158	771.26080
BOO06	36	1	1477.75608	720.35320	1245.63956	760.79881
BOO06	37	0	1821.02263	740.74665	1826.25314	826.89419
BOO06	37	1	1699.51383	719.01788	1662.49790	787.05812
BOO06	38	0	218.07209	395.63934	399.61106	379.57973
BOO06	38	1	29.37133	311.13860	237.06287	307.95529
BOO06	39	0	355.67477	476.42325	265.54904	452.28018
BOO06	39	1	48.28164	167.39195	64.77787	190.21311
BOO06	40	0	450.68567	546.10134	429.00587	523.19672
BOO06	40	1	180.65381	535.94635	216.16429	501.46796
BOO06	41	0	27.35960	509.04620	274.36127	475.00596
BOO06	41	1	162.54820	564.57526	387.82313	527.71833
BOO06	42	0	1118.76027	731.68703	1054.25901	743.83458
BOO06	42	1	894.65298	665.29359	813.45516	658.20119
BOO06	43	0	121.73512	487.78390	377.62280	459.08197
BOO06	43	1	198.58340	555.78689	435.96312	522.65872
BOO06	44	0	800.03688	1010.38748	567.04862	972.96572
BOO06	44	1	520.64627	905.59165	331.66974	841.88674
BOO06	45	0	942.34870	374.54396	769.24392	375.39642
BOO06	45	1	1073.60352	205.75112	855.90025	203.26080
BOO06	46	0	1322.59598	370.27720	1402.01006	373.76602
BOO06	46	1	1244.94300	299.85991	1299.81391	298.11773
BOO06	47	0	380.78709	354.39642	293.08801	348.63934
BOO06	47	1	179.21123	258.62891	91.10981	268.96721
BOO06	48	0	276.15842	550.47094	168.58340	517.30104
BOO06	48	1	54.86756	478.44411	8.44929	450.50522
BOO06	49	0	562.54484	229.84650	645.38894	232.41580
BOO06	49	1	448.68064	235.07750	552.44677	238.45156
BOO06	50	0	965.17016	410.84203	293.07628	401.71535
BOO06	50	1	716.38474	514.17735	175.99329	496.67809
BOO06	51	0	557.11903	397.67958	368.61526	389.78689
BOO06	51	1	295.82230	355.42027	162.21123	349.95082
BOO06	52	0	276.09975	429.07750	204.39229	413.00596
BOO06	52	1	78.14501	408.15350	70.41073	391.27720
BOO06	53	0	1042.52557	387.10581	1060.72842	386.94933
BOO06	53	1	954.81391	389.11773	1000.77871	388.55887
BOO06	54	0	874.58005	445.17735	762.74434	442.01788
BOO06	54	1	711.22716	431.49627	605.02431	424.31297
BOO06	55	0	329.11484	708.38450	130.76278	652.04173
BOO06	55	1	433.72506	713.21311	259.51383	664.11326
BOO06	56	0	480.44342	446.62742	377.03688	431.11326
BOO06	56	1	519.06873	423.69151	458.31098	412.20119
BS01	0	0	1375.02623	342.22388	1213.60021	307.27612
BS01	0	1	1622.83316	296.88806	1446.29696	230.70896
BS01	1	0	1039.65058	314.93284	1146.53305	304.97761
BS01	1	1	960.07030	329.03731	1067.96013	328.14925
BS01	2	0	1156.09234	360.91791	1250.15845	344.94776
BS01	2	1	1214.51836	398.19403	1309.59182	382.22388
BS01	3	0	1089.82686	366.10448	1251.79014	356.11940
BS01	3	1	975.99685	350.99254	1142.99685	346.04478
BS01	4	0	714.08709	346.96269	906.27072	362.16418
BS01	4	1	752.36621	345.95522	950.59391	359.14179
BS01	5	0	1354.75866	306.66418	1655.73557	265.44776
BS01	5	1	1317.48688	300.61940	1612.41973	265.44776
BS01	6	0	503.37146	294.14925	743.42078	322.38806
BS01	6	1	557.76810	251.83582	797.82686	280.47015
BS01	7	0	1271.81952	342.02985	1391.20147	319.14179
BS01	7	1	1131.79853	328.93284	1246.14376	311.08209
BS01	8	0	769.15425	302.73881	977.18258	314.10448
BS01	8	1	836.64638	327.92537	1040.64533	335.26119
BS01	9	0	928.31480	322.88806	1129.29171	321.15672
BS01	9	1	956.52046	304.75373	1154.47534	300.00000
BS01	10	0	1126.73137	339.06716	1235.34208	333.06716
BS01	10	1	551.32004	353.83582	707.15635	378.80597
BS01	11	0	815.84155	60.44776	999.83421	71.52985
BS01	11	1	692.94544	20.14925	872.90871	43.32090
BS01	12	0	906.73872	314.31343	971.44491	315.29104
BS01	12	1	973.22350	266.96269	1054.04722	264.91791
BS01	13	0	932.20252	224.66418	882.96747	228.69403
BS01	13	1	1058.12067	155.14925	1003.84890	143.05970
BS01	14	0	1324.21616	247.83582	1601.67891	204.51493
BS01	14	1	1273.84890	230.70896	1539.22350	188.39552
BS01	15	0	1653.05352	131.97761	1774.94229	32.23881
BS01	15	1	1552.31899	94.70149	1654.06086	6.04478
BS01	16	0	839.94439	294.11940	867.61280	304.14925
BS01	16	1	498.45435	173.22388	508.99790	214.48507
BS01	17	0	360.62959	154.14179	598.12172	205.52239
BS01	17	1	567.13536	104.77612	779.44386	139.02985
BS01	18	0	1170.98846	479.16418	1245.17943	470.00746
BS01	18	1	1119.61385	486.21642	1196.82686	479.07463
BS01	19	0	1150.84155	419.72388	1227.04722	406.53731
BS01	19	1	1109.54040	441.88806	1194.81217	434.74627
BS01	20	0	1077.30535	425.76866	1106.16579	420.64179
BS01	20	1	1020.89402	435.84328	1057.81322	431.72388
BS01	21	0	977.57817	419.72388	1047.73977	421.64925
BS01	21	1	924.18888	415.69403	1005.43127	417.61940
BS01	22	0	1024.23085	540.75373	1087.67996	541.61194
BS01	22	1	973.86359	534.70896	1043.35677	535.56716
BS01	23	0	1040.34837	456.12687	1108.83421	451.94776
BS01	23	1	987.96642	472.24627	1058.46695	473.10448
BS01	24	0	959.40084	385.17164	1019.67996	383.06716
BS01	24	1	900.97482	376.10448	963.26863	379.03731
BS01	25	0	1249.84890	449.04478	1258.34942	436.02239
BS01	25	1	1186.38615	461.13433	1200.93075	450.12687
BS01	26	0	726.34942	292.16418	1008.42288	304.25373
BS01	26	1	853.27492	259.92537	1125.27492	260.93284
BS01	27	0	758.65897	24.17910	973.00420	41.30597
BS01	27	1	901.70199	105.78358	1133.17209	104.77612
BS01	28	0	1063.75446	101.75373	1305.90136	81.60448
BS01	28	1	1250.11333	140.03731	1524.49528	96.71642
BS01	29	0	545.53410	237.76119	574.89402	272.01493
BS01	29	1	742.97377	146.08209	770.31899	170.26119
BS01	30	0	430.69675	357.64925	554.74711	389.88806
BS01	30	1	604.96747	339.51493	717.93704	361.67910
BS02	0	0	343.50472	922.83582	416.03358	859.36567
BS02	0	1	205.49843	919.81343	307.24029	836.19403
BS02	1	0	646.71563	928.88060	668.98846	887.57463
BS02	1	1	550.01049	914.77612	571.27597	869.44030
BS02	2	0	1587.57608	724.98507	1902.87513	776.91045
BS02	2	1	1521.09129	730.02239	1824.30220	774.89552
BS02	3	0	1349.48898	822.08955	1582.53935	857.35075
BS02	3	1	1275.95278	821.08209	1503.96642	849.29104
BS02	4	0	1367.54774	953.05970	1478.78279	1001.41791
BS02	4	1	1407.84155	948.02239	1531.16474	999.40299
BS02	5	0	1264.71668	904.70149	1518.06925	939.96269
BS02	5	1	1173.04827	911.75373	1426.40084	937.94776
BS02	6	0	1385.55509	856.34328	1452.59182	893.61940
BS02	6	1	1445.99580	840.22388	1526.12802	883.54478
BS02	7	0	836.65792	589.00746	1076.85205	579.29104
BS02	7	1	802.40818	590.01493	1039.58027	578.28358
BS02	8	0	1253.16579	991.34328	1244.02623	1022.57463
BS02	8	1	1392.17943	969.17910	1365.91501	1016.52985
BS02	9	0	1571.45855	884.55224	1601.67891	945.00000
BS02	9	1	1685.28856	846.26866	1783.00105	920.82090
BS02	10	0	1079.57712	946.00746	1256.67996	960.11194
BS02	10	1	1005.03358	949.02985	1188.18048	952.05224
BS02	11	0	1274.67261	932.91045	1509.00315	972.20149
BS02	11	1	1186.02623	986.30597	1407.26128	1017.53731
BS02	12	0	918.70934	901.67910	1098.15320	894.62687
BS02	12	1	990.23085	818.05970	1188.81427	819.06716
BS02	13	0	1357.98951	954.06716	1534.18678	1003.43284
BS02	13	1	1406.34208	914.77612	1600.67156	967.16418
BS02	14	0	1680.25184	866.41791	1863.58867	949.02985
BS02	14	1	1556.34837	902.68657	1704.42812	970.18657
BS02	15	0	331.41658	940.97015	402.84260	866.41791
BS02	15	1	250.82896	891.60448	350.46065	813.02239
BS02	16	0	262.91710	734.15672	424.49738	681.24627
BS02	16	1	384.80588	718.03731	528.25393	677.21642
BS02	17	0	345.51941	661.61940	481.91605	620.79851
BS02	17	1	346.52676	757.32836	475.87198	704.41791
BS02	18	0	408.98216	909.73881	428.12172	845.26119
BS02	18	1	318.32109	921.82836	350.55614	848.28358
BS02	19	0	418.04827	717.29851	676.66527	678.29851
BS02	19	1	297.16684	655.84328	571.90136	614.82836
BS02	20	0	727.04722	556.94776	1086.65477	545.31343
BS02	20	1	602.13641	570.04478	965.77335	549.34328
BS02	21	0	1033.53620	942.98507	1237.70199	961.11940
BS02	21	1	963.02204	997.38806	1172.22455	997.38806
BS02	22	0	755.50892	1025.59701	638.65687	981.26866
BS02	22	1	965.03673	801.94030	824.00839	787.83582
BS02	23	0	879.04092	508.29104	1178.81322	497.20896
BS02	23	1	956.60651	455.90299	1252.34942	448.85075
BS02	24	0	924.98846	912.76119	1107.95908	906.71642
BS02	24	1	828.28332	925.85821	1021.32739	908.73134
BS02	25	0	1062.37880	1032.64925	1299.53305	1053.80597
BS02	25	1	1096.62854	979.25373	1336.80483	994.36567
BS02	26	0	1240.36516	670.64179	1314.58552	677.78358
BS02	26	1	1424.70934	479.22388	1533.17943	474.27612
BS03	0	0	1404.50367	276.04478	1577.50262	172.27612
BS03	0	1	1331.97482	270.00000	1479.79014	177.31343
BS03	1	0	1828.59601	271.00746	1845.45645	102.76119
BS03	1	1	1749.01574	233.73134	1754.79538	80.59701
BS03	2	0	1135.54250	153.13433	1307.53410	79.58955
BS03	2	1	1081.14586	161.19403	1244.07135	95.70896
BS03	3	0	1193.96852	155.14925	1399.20252	68.50746
BS03	3	1	1141.58657	141.04478	1340.77650	60.44776
BS03	4	0	1420.62120	260.93284	1662.11962	149.10448
BS03	4	1	1369.24659	240.78358	1596.64218	133.99254
BS03	5	0	1471.99580	243.80597	1704.42812	122.91045
BS03	5	1	1416.59182	213.58209	1630.89192	98.73134
BS03	6	0	1178.85834	277.05224	1410.28332	200.48507
BS03	6	1	1145.61595	263.95522	1368.98216	191.41791
BS03	7	0	1325.93075	335.48507	1596.64218	242.79851
BS03	7	1	1293.69570	320.37313	1554.33368	230.70896
BS03	8	0	509.44491	227.68657	732.68835	232.27612
BS03	8	1	454.04092	212.57463	678.29171	228.24627
BS03	9	0	589.02518	402.98507	839.46695	393.47015
BS03	9	1	546.71668	389.88806	797.15845	383.39552
BS03	10	0	225.64533	473.10448	372.71773	501.96269
BS03	10	1	123.90346	477.13433	265.93914	508.00746
BS03	11	0	146.06506	465.04478	286.08604	497.93284
BS03	11	1	0.00000	414.67164	166.21196	463.67910
BS03	12	0	225.64533	605.08209	367.68101	612.78358
BS03	12	1	154.12382	534.55970	324.36516	561.40299
BS03	13	0	223.63064	612.13433	351.56348	624.87313
BS03	13	1	135.99161	551.68657	291.12277	572.48507
BS03	14	0	1126.21196	592.38806	1056.67366	564.10448
BS03	14	1	1233.73137	563.98507	1151.36411	518.76866
BS03	15	0	789.24659	553.02239	703.90871	543.00746
BS03	15	1	693.54879	552.01493	577.99056	549.05224
BS03	16	0	939.34103	572.16418	899.33368	546.02985
BS03	16	1	1051.15635	494.58955	1023.23715	469.46269
BS03	17	0	768.26128	785.20896	701.90871	766.24627
BS03	17	1	960.66422	725.76866	878.19412	702.77612
BS03	18	0	548.66002	778.15672	525.62329	765.23881
BS03	18	1	703.79119	791.25373	676.72508	769.26866
BS03	19	0	1724.57503	526.14179	1835.38300	435.22388
BS03	19	1	1590.59811	488.86567	1678.23715	403.00746
BS03	20	0	1397.18783	385.09701	1523.10598	298.23134
BS03	20	1	1486.84155	385.09701	1628.87723	288.15672
BS03	21	0	1346.42288	308.90299	1144.45960	245.82090
BS03	21	1	1514.64953	245.43284	1288.50997	154.14179
BS03	22	0	1616.78909	415.93284	1117.26128	348.58209
BS03	22	1	1860.56663	397.79851	1363.05352	303.24627
BS03	23	0	1119.24659	251.86567	1280.96013	186.38060
BS03	23	1	1175.65792	249.85075	1338.37880	179.32836
BS03	24	0	1467.70199	836.19403	1102.06296	819.41791
BS03	24	1	1465.68730	735.44776	1188.69465	702.55224
BS03	25	0	497.62120	353.02239	755.88667	353.50000
BS03	25	1	701.10493	277.46269	935.19412	257.79104
BS03	26	0	837.36411	482.09701	609.04092	483.07463
BS03	26	1	952.20147	430.71642	755.10598	412.55224
BS03	27	0	325.37251	595.91045	65.47744	623.98507
BS03	27	1	402.93809	600.94776	217.58657	619.95522
BS03	28	0	570.15740	612.53731	200.46170	625.89552
BS03	28	1	795.80273	628.65672	420.06296	631.94030
BS03	29	0	1120.99685	608.01493	960.33578	581.55224
BS03	29	1	1260.01049	512.30597	1090.28332	476.77612
BS03	30	0	1130.06296	525.40299	1000.62959	487.85821
BS03	30	1	1265.04722	492.15672	1152.73872	441.51493
BS03	31	0	1366.96747	501.25373	1055.54879	458.68657
BS03	31	1	1633.91396	407.55970	1285.22350	328.72388
BS03	32	0	653.34942	526.30597	725.03358	518.27612
BS03	32	1	732.92970	464.85075	823.75341	446.74627
BS03	33	0	661.39349	243.80597	857.61385	235.74627
BS03	33	1	613.04092	192.42537	820.34208	189.40299
BS03	34	0	257.88038	656.28358	499.57712	656.26866
BS03	34	1	202.47639	587.77612	450.21721	594.81343
BS03	35	0	685.90766	367.05224	849.48164	356.16418
BS03	35	1	586.18048	303.58209	773.93075	300.75373
BS03	36	0	914.19412	157.16418	864.41448	136.00746
BS03	36	1	654.29906	59.44030	550.12277	89.66418
BS03	37	0	764.27597	383.89552	1054.27597	351.11194
BS03	37	1	831.76810	376.84328	1117.73872	338.01493
BS03	38	0	499.90136	536.75373	424.97482	549.56716
BS03	38	1	729.57608	322.16418	609.31899	336.99254
BS03	39	0	191.39559	729.25373	369.69570	724.95522
BS03	39	1	73.53620	704.06716	260.90241	705.81343
BS03	40	0	594.59182	705.47015	669.32739	688.49254
BS03	40	1	642.94439	605.73134	734.80483	589.76119
BS03	41	0	561.75341	62.46269	692.51102	79.58955
BS03	41	1	407.62959	32.23881	574.65163	71.52985
BS03	42	0	1087.93284	88.65672	1009.35992	40.29851
BS03	42	1	747.45016	28.20896	735.36201	28.20896
BS03	43	0	449.27597	90.67164	493.59916	130.97015
BS03	43	1	592.31899	110.82090	680.96537	126.94030
BS03	44	0	1095.73767	193.43284	1033.57712	146.08209
BS03	44	1	806.62959	124.92537	804.90976	112.83582
BS03	45	0	134.98426	175.29851	280.04197	243.80597
BS03	45	1	253.85100	147.08955	424.09234	210.55970
BS03	46	0	1342.03358	175.29851	1640.96537	62.46269
BS03	46	1	1400.45960	141.04478	1700.39874	12.08955
BS03	47	0	723.27387	90.67164	828.03778	84.62687
BS03	47	1	380.77650	143.05970	439.20252	191.41791
BS03	48	0	831.66527	485.11940	890.09234	463.85821
BS03	48	1	969.67156	396.46269	993.84890	360.08955
BS03	49	0	866.92235	522.39552	896.13641	495.08955
BS03	49	1	996.86988	480.08209	977.73137	448.74627
BS03	50	0	775.14271	281.08209	856.09129	263.95522
BS03	50	1	658.29066	234.73881	720.09969	235.74627
BS03	51	0	1011.79748	297.15672	1118.32634	249.85075
BS03	51	1	875.80588	256.85821	971.25393	224.66418
BS03	52	0	728.73347	100.70149	928.94544	79.58955
BS03	52	1	834.50472	60.40299	1023.63589	28.20896
BS03	53	0	64.47009	471.49254	314.29171	499.85821
BS03	53	1	273.99790	421.11940	486.54774	444.44776
BS03	54	0	255.86569	343.17164	423.08499	374.96269
BS03	54	1	115.84470	268.61940	305.22560	329.62687
BS04	0	0	1267.99685	128.95522	1455.61385	111.82836
BS04	0	1	1343.54774	165.22388	1555.34103	151.11940
BS04	1	0	147.07240	271.00746	250.82896	272.01493
BS04	1	1	291.12277	161.19403	352.57083	177.31343
BS04	2	0	617.50262	107.79851	825.01574	112.83582
BS04	2	1	710.17838	56.41791	906.61070	60.44776
BS04	3	0	1162.97482	102.76119	1250.17314	88.65672
BS04	3	1	1294.93704	53.39552	1373.06925	31.23134
BS04	4	0	1169.96642	546.87313	1267.87828	560.91791
BS04	4	1	1039.01154	545.86567	1126.84995	554.87313
BS04	5	0	1089.87093	420.88060	1209.45226	423.90299
BS04	5	1	967.98216	423.90299	1079.50472	424.91045
BS04	6	0	1240.72403	342.93284	1380.00315	346.07463
BS04	6	1	1125.88667	352.00000	1251.06296	352.11940
BS04	7	0	1239.09129	255.89552	1259.96642	252.87313
BS04	7	1	1070.86464	227.68657	1092.74711	223.65672
BS04	8	0	482.08499	371.83582	618.91605	361.12687
BS04	8	1	609.01049	336.57463	723.67996	333.92537
BS04	9	0	255.43232	249.93284	387.22665	254.33582
BS04	9	1	79.14690	202.58209	237.13221	213.02985
BS04	10	0	513.74607	243.80597	80.58762	261.94030
BS04	10	1	711.18573	10.07463	211.54250	48.35821
BS04	11	0	793.78804	219.62687	513.74607	225.67164
BS04	11	1	967.05142	92.68657	691.03882	102.76119
BS04	12	0	515.76076	600.44776	346.52676	570.22388
BS04	12	1	620.52466	493.65672	485.54040	481.56716
BS04	13	0	425.09969	691.11940	413.01154	650.23881
BS04	13	1	548.98111	585.65672	524.82686	560.57463
BS04	14	0	799.90136	722.02239	749.35677	710.26119
BS04	14	1	933.87828	662.58209	864.19412	659.88806
BS04	15	0	646.78489	771.38806	533.78489	736.45522
BS04	15	1	799.90136	680.71642	643.58552	664.92537
BS04	16	0	823.29171	387.82836	879.37880	387.39552
BS04	16	1	887.76180	287.08209	929.74607	286.64925
BS04	17	0	659.66107	404.65672	709.29801	399.08209
BS04	17	1	767.44701	389.54478	808.01784	384.97761
BS04	18	0	1478.78279	456.56716	1325.66632	475.52239
BS04	18	1	1512.02518	294.36567	1384.48898	291.05224
BS04	19	0	1099.36411	433.04478	687.00944	358.65672
BS04	19	1	1199.09129	362.52239	604.40714	417.08955
BS04	20	0	505.68730	575.86567	701.28227	554.85821
BS04	20	1	367.68101	599.03731	556.22455	567.95522
BS04	21	0	332.42392	799.92537	558.89297	751.79851
BS04	21	1	191.39559	824.10448	431.96747	757.84328
BS04	22	0	40.29381	775.10448	312.27702	704.18657
BS04	22	1	167.21931	690.47761	421.07030	642.73134
BS04	23	0	1523.10598	476.03731	1787.03043	501.94776
BS04	23	1	1447.55509	471.00000	1698.38405	492.88060
BS04	24	0	1715.50892	662.97761	1810.19937	726.83582
BS04	24	1	1648.01679	735.51493	1680.25184	808.44030
BS04	25	0	901.87828	816.04478	575.02518	794.95522
BS04	25	1	594.63799	860.37313	425.93809	813.08955
BS04	26	0	1131.40923	753.38806	976.99056	764.42537
BS04	26	1	1375.18678	578.08955	1189.54040	599.20149
BS04	27	0	325.37251	726.11194	583.78384	683.32090
BS04	27	1	403.94544	611.26119	664.37146	582.57463
BS04	28	0	487.55509	685.07463	423.08499	648.80597
BS04	28	1	120.88143	546.04478	144.05037	504.92537
BS04	29	0	552.02518	420.82090	408.98216	411.93284
BS04	29	1	132.96957	398.65672	47.34523	383.72388
BS04	30	0	664.87198	715.76866	621.93809	689.61940
BS04	30	1	809.92970	455.84328	782.10598	448.83582
BS04	31	0	1630.89192	327.06716	1598.67156	328.04478
BS04	31	1	1399.20252	309.94030	1350.86464	307.89552
BS04	32	0	908.90136	435.48507	1012.56978	434.97015
BS04	32	1	1084.17943	335.74627	1178.78174	337.24627
BS04	33	0	1089.94753	116.86567	797.81742	112.83582
BS04	33	1	954.96327	203.50746	691.03882	207.53731
BS04	34	0	1377.30430	446.98507	775.65582	455.37313
BS04	34	1	1114.38720	405.67910	580.23085	407.01493
BS04	35	0	607.20147	704.85075	356.60021	668.95522
BS04	35	1	411.77650	701.82836	136.99895	644.77612
BS04	36	0	323.13012	611.15672	261.90976	569.88060
BS04	36	1	155.91081	654.47761	120.88143	595.06716
BS04	37	0	1780.98636	537.85075	1601.67891	578.28358
BS04	37	1	1834.37566	480.42537	1728.60441	513.80597
BS04	38	0	816.96642	519.05970	491.53305	505.99254
BS04	38	1	637.65897	483.79851	386.76915	472.74627
BS04	39	0	908.38510	705.72388	428.12172	684.67164
BS04	39	1	663.60021	739.97761	240.75551	690.71642
BS04	40	0	527.84890	227.68657	344.51207	229.70149
BS04	40	1	689.02413	300.22388	469.42288	294.17910
BS04	41	0	1152.50367	760.08209	884.94544	774.50000
BS04	41	1	1215.96642	636.16418	1005.82686	647.55970
BS04	42	0	824.00839	650.82090	529.86359	634.70149
BS04	42	1	952.50367	510.61940	632.50367	506.85075
BS04	43	0	727.07660	470.02239	582.95173	463.20896
BS04	43	1	572.95278	418.64179	451.99685	407.79851
BS04	44	0	518.55614	216.14179	345.21826	224.44030
BS04	44	1	657.56978	323.94030	440.91605	320.14925
BS04	45	0	1612.75971	713.01493	1698.38405	777.14925
BS04	45	1	1456.62120	706.97015	1535.19412	754.98507
BS04	46	0	614.48059	725.37313	638.84155	694.77612
BS04	46	1	463.37880	842.23881	480.68835	791.49254
BS04	47	0	1250.18678	641.09701	1256.49633	662.93284
BS04	47	1	1121.24659	608.85821	1124.53410	621.62687
BS04	48	0	1500.94439	521.74627	1693.34732	550.87313
BS04	48	1	1409.27597	550.96269	1591.60546	580.08955
BS04	49	0	1395.85624	556.94776	1611.75236	583.91045
BS04	49	1	1293.10703	561.98507	1484.82686	585.92537
BS04	50	0	1598.65687	290.85821	1793.07450	288.13433
BS04	50	1	1651.03882	269.70149	1839.41238	263.95522
BS04	51	0	1541.23820	391.08209	1819.26548	411.12687
BS04	51	1	1585.56139	332.64925	1875.67681	340.60448
BS04	52	0	1199.19517	699.50000	1116.93809	715.16418
BS04	52	1	1249.56243	597.74627	1226.73872	613.41045
BS04	53	0	1571.45855	408.83582	1588.58342	420.74627
BS04	53	1	1453.59916	482.38060	1411.29066	499.32836
BS04	54	0	1410.83421	357.89552	1550.30430	360.96269
BS04	54	1	1306.07030	391.14179	1413.30535	394.20896
BS04	55	0	732.54040	768.05224	695.74607	745.90299
BS04	55	1	558.26967	805.32836	482.18888	763.02985
BS04	56	0	1365.26023	390.97761	1475.76076	399.96269
BS04	56	1	1235.31270	408.10448	1311.56348	413.05970
BS04	57	0	1414.51836	250.85821	1576.49528	243.80597
BS04	57	1	1301.69570	271.00746	1432.44491	264.96269
BS04	58	0	298.17419	890.59701	358.61490	820.24627
BS04	58	1	454.31270	741.49254	496.62120	700.35821
BS04	59	0	812.26758	663.61940	910.50367	655.66418
BS04	59	1	711.53305	752.27612	797.68101	733.23881
BS04	60	0	1235.03253	494.89552	1336.77545	510.66418
BS04	60	1	1127.24659	497.91791	1201.79119	504.61940
BS04	61	0	1410.31060	326.64925	1580.55299	329.32090
BS04	61	1	1295.47324	348.81343	1433.48059	350.47761
BS04	62	0	1584.55404	187.38806	1787.03043	165.22388
BS04	62	1	1463.67261	201.49254	1615.78174	185.37313
BS04	63	0	1613.76705	122.91045	1819.26548	88.65672
BS04	63	1	1490.87093	130.97015	1649.02413	103.76866
BS04	64	0	1474.75341	99.73881	1702.41343	68.50746
BS04	64	1	1368.98216	97.72388	1557.35572	72.53731
BS04	65	0	1098.07765	289.14179	783.62225	289.14179
BS04	65	1	1187.73137	155.14925	942.78279	156.15672
BS04	66	0	844.17943	570.00000	517.77545	548.90299
BS04	66	1	560.10808	595.18657	234.71144	559.98507
BS04	67	0	886.90031	788.84328	590.59182	769.23881
BS04	67	1	580.66737	880.52239	341.77754	810.54478
BS04	68	0	1055.35677	849.89552	729.09129	847.76119
BS04	68	1	1184.29696	610.11940	842.92130	615.03731
BS04	69	0	1251.89402	700.53731	881.90976	712.56716
BS04	69	1	1376.80483	515.16418	1091.43757	530.21642
BS04	70	0	1361.69465	624.97761	1079.34942	643.05224
BS04	70	1	1486.60546	521.20896	1312.04617	529.20896
BS04	71	0	668.66632	852.67910	292.13012	797.55224
BS04	71	1	776.45226	690.47761	476.47429	665.57463
BS04	72	0	1367.30535	258.91791	1074.15110	258.91791
BS04	72	1	1469.04722	86.64179	1212.15740	71.52985
BS04	73	0	1573.81112	306.26866	1427.40818	301.23134
BS04	73	1	1672.53095	176.30597	1593.62015	148.09701
BS04	74	0	1362.26863	442.27612	1126.21196	454.36567
BS04	74	1	1415.65792	301.23134	1262.20357	303.24627
BS04	75	0	1356.29801	449.35075	1114.13641	464.47761
BS04	75	1	1405.65792	308.30597	1246.09864	313.35821
BS04	76	0	962.88667	396.68657	692.07030	396.52239
BS04	76	1	1106.93704	179.07463	814.96642	183.94776
BS04	77	0	1448.17943	480.80597	1297.87093	482.77612
BS04	77	1	1261.82057	606.73881	1110.50472	613.74627
BS04	78	0	1596.64218	392.86567	1726.58972	399.96269
BS04	78	1	1439.49633	392.86567	1551.31165	402.98507
BS04	79	0	1599.66422	302.19403	1324.65897	295.18657
BS04	79	1	1392.15110	322.34328	1038.57293	318.35821
CT01	0	0	1833.49539	372.27273	1638.61526	302.72727
CT01	0	1	1628.29841	476.49031	1383.23638	441.15350
CT02	0	0	639.00587	648.20119	547.07628	620.49180
CT02	0	1	940.98240	657.98212	987.76362	647.84650
CT02	1	0	894.83403	348.21311	1252.32188	334.26528
CT03	0	0	1116.68986	844.70343	813.65465	831.52459
CT03	0	1	881.71920	921.96125	616.90696	901.13711
CT03	1	0	1358.37301	319.12221	1718.82649	215.57228
CT04	0	0	620.98240	846.23696	596.42330	811.87481
CT04	0	1	650.75608	820.08197	661.20117	789.74367
CT04	1	0	1472.83822	486.98212	1854.41744	513.28912
CT05	0	0	402.86505	372.30849	272.97066	365.39642
CT05	0	1	607.65968	312.35320	477.36295	313.08644
CT05	1	0	1015.25985	164.72727	1357.94719	157.55589
CT06	0	0	327.53311	509.88674	437.85750	486.97019
CT06	0	1	387.48282	597.60656	476.88097	566.97019
CT06	1	0	537.61861	234.11028	856.20872	226.14158
CT07	0	0	1237.39983	586.30104	1332.78709	533.11773
CT07	0	1	1131.58256	587.10581	1214.89941	541.16542
CT07	1	0	669.27494	281.01788	976.55658	260.12966
CT08	0	0	1392.86340	603.13084	1496.32224	596.46729
CT08	0	1	1514.47461	554.90654	1634.74606	539.83178
CT08	1	0	977.37303	758.13084	854.08056	759.25234
CT08	1	1	1154.46585	728.97196	1016.60245	728.97196
CT08	2	0	1373.02977	741.30841	1253.09982	753.64486
CT08	2	1	1542.27671	733.45794	1417.86340	737.94393
CT08	3	0	947.11033	805.23364	761.05079	811.96262
CT08	3	1	792.43433	804.11215	580.59545	799.62617
CT08	4	0	1551.28722	785.81308	1564.69352	797.38318
CT08	4	1	1289.57093	674.78505	1389.84238	669.53271
CT08	5	0	746.47986	718.87850	756.56743	720.00000
CT08	5	1	898.91419	723.36449	913.48511	724.48598
CT08	6	0	1649.87741	616.82243	1655.48161	606.72897
CT08	6	1	1858.35377	524.85981	1909.91243	492.33645
CT08	7	0	1170.15762	924.11215	870.89317	927.47664
CT08	7	1	1357.33800	831.02804	1148.86165	861.30841
CT08	8	0	827.18039	680.74766	811.48862	677.38318
CT08	8	1	947.11033	612.33645	926.93520	628.03738
CT08	9	0	891.06830	751.40187	767.77583	749.15888
CT08	9	1	1145.49912	723.36449	984.09807	730.09346
CT08	10	0	1491.83888	826.54206	1251.97898	840.00000
CT08	10	1	1330.43783	632.52336	1392.08406	625.79439
CT08	11	0	1388.32574	797.79439	1264.26095	802.99065
CT08	11	1	1538.51839	831.43925	1432.38704	848.41121
CT08	12	0	1269.91243	412.71028	926.93520	397.00935
CT08	12	1	1519.85989	322.99065	1209.38704	278.13084
CT08	13	0	1034.53590	558.50467	337.37303	558.50467
CT08	13	1	785.70928	522.61682	128.89667	531.58879
CT08	14	0	643.36252	285.98131	150.19264	328.59813
CT08	14	1	877.61821	261.30841	335.13135	283.73832
CT08	15	0	801.40105	319.62617	200.63047	340.93458
CT08	15	1	977.37303	327.47664	430.40280	340.93458
CT08	16	0	1434.67601	196.26168	647.84588	164.85981
CT08	16	1	1221.71629	299.43925	554.81611	294.95327
CT08	17	0	1572.53940	420.56075	786.83012	389.15888
CT08	17	1	1312.50438	495.70093	581.71629	486.72897
CT08	18	0	1120.84063	551.77570	334.01051	540.56075
CT08	18	1	1370.78809	496.82243	440.49037	477.75701
CT08	19	0	1333.80035	476.63551	577.23292	451.96262
CT08	19	1	1582.62697	431.77570	821.57618	405.98131
CT08	20	0	915.72680	668.41121	132.25919	651.58879
CT08	20	1	1143.25744	510.28037	309.35201	514.76636
CT08	21	0	782.34676	291.58879	81.82137	328.59813
CT08	21	1	967.28546	153.64486	341.85639	174.95327
CT08	22	0	248.82662	379.06542	0.00000	411.58879
CT08	22	1	1089.45709	1002.61682	756.56743	994.76636
CT08	23	0	1212.74956	661.68224	729.66725	653.83178
CT08	23	1	1512.01401	471.02804	1025.56918	444.11215
CT08	24	0	1718.24869	986.91589	1364.06305	1022.80374
CT08	24	1	885.46410	460.93458	709.49212	465.42056
CT08	25	0	1013.11559	769.57009	635.94046	760.83178
CT08	25	1	1022.64273	615.36449	689.74081	610.55140
CT08	26	0	1399.80560	841.34579	991.80736	848.30841
CT08	26	1	1352.73030	775.17757	1033.83888	778.77570
CT08	27	0	1321.47110	770.46729	1100.66550	777.19626
CT08	27	1	1453.73030	732.33645	1228.44133	735.70093
CT08	28	0	616.46235	854.57944	282.45184	840.00000
CT08	28	1	480.84063	758.13084	215.20140	745.79439
CT08	29	0	1264.30823	838.87850	1023.32750	841.12150
CT08	29	1	1364.06305	745.79439	1151.10333	742.42991
CT08	30	0	859.68476	888.22430	376.60245	859.06542
CT08	30	1	872.01401	771.58879	481.96147	755.88785
CT08	31	0	1769.80736	790.65421	1547.88091	804.11215
CT08	31	1	1683.50263	733.45794	1507.53065	737.94393
CT08	32	0	1114.11559	659.43925	679.22942	654.95327
CT08	32	1	962.80210	574.20561	558.17863	575.32710
CT08	33	0	1346.12960	842.24299	780.10508	838.87850
CT08	33	1	1508.65149	778.31776	994.18564	788.41121
CT08	34	0	749.84238	779.43925	514.46585	771.58879
CT08	34	1	603.01226	759.25234	375.48161	748.03738
CT08	35	0	1448.12609	788.50467	1187.02627	795.29907
CT08	35	1	1225.07881	698.78505	1037.95447	697.16822
CT08	36	0	1698.07356	656.07477	1439.15937	652.71028
CT08	36	1	1418.98424	584.29907	1152.22417	577.57009
CT08	37	0	1096.92995	758.87850	997.82137	763.56075
CT08	37	1	1187.15762	682.05607	1135.68476	685.05607
EB01	0	0	1667.10398	438.91811	1890.18842	323.90571
EB01	0	1	1560.25122	424.17866	1742.13538	321.56079
EB01	1	0	578.60014	732.96526	804.84717	708.64020
EB01	1	1	459.35380	759.42928	702.68388	740.46402
EB01	2	0	1510.87439	546.43424	1594.59805	465.55831
EB01	2	1	1623.42149	548.77916	1706.47523	465.55831
EB01	3	0	1122.28262	560.71960	1181.39498	565.16873
EB01	3	1	1184.92045	536.26551	1212.21144	522.29032
EB01	4	0	1526.08514	473.00248	1496.60851	384.56576
EB01	4	1	1656.05024	333.64764	1623.89393	215.73201
EB01	5	0	825.34543	384.56576	631.06769	389.92556
EB01	5	1	570.77460	375.18610	377.83671	406.00496
EB01	6	0	1620.54431	526.72953	1619.87439	436.11663
EB01	6	1	1806.11305	419.53350	1826.88067	302.79156
EB01	7	0	1152.71249	543.60546	1201.60014	501.31017
EB01	7	1	1025.76204	585.47891	1084.36357	556.24814
EB01	8	0	742.44452	771.81141	594.89184	765.56079
EB01	8	1	493.23308	775.16129	335.63154	768.24069
EB01	9	0	1032.66294	740.26055	1082.59595	700.79404
EB01	9	1	1164.63782	679.29280	1191.12352	639.15633
EB01	10	0	1320.42289	432.02978	1477.85066	360.33995
EB01	10	1	1224.62387	432.69975	1376.69225	368.37965
EB01	11	0	1889.18353	456.03970	1745.81996	346.25062
EB01	11	1	1629.92324	445.99007	1479.19051	367.01985
EB01	12	0	1672.12840	399.30521	1633.27285	306.84864
EB01	12	1	1497.94836	481.04218	1443.01465	423.42432
EB01	13	0	385.87579	853.54839	436.78995	841.48883
EB01	13	1	219.73482	845.50868	309.50454	832.10918
EB01	14	0	150.73273	605.67246	485.93301	607.71464
EB01	14	1	67.66225	615.05211	415.92603	619.43921
EB01	15	0	759.05024	326.98511	993.73761	299.42928
EB01	15	1	885.33077	317.60546	1120.68807	276.31514
EB01	16	0	931.19330	790.57072	869.56036	773.15136
EB01	16	1	711.45848	730.27295	632.40754	723.57320
EB01	17	0	1794.05443	814.68983	1443.01465	786.55087
EB01	17	1	1389.42080	1021.04218	1047.75994	1018.36228
EB01	18	0	570.77460	872.30769	475.64550	842.82878
EB01	18	1	665.90370	686.05459	566.75506	668.63524
EB01	19	0	288.06699	834.78908	170.16050	818.70968
EB01	19	1	147.38311	660.59553	52.25401	682.03474
EB01	20	0	885.54431	1009.98759	813.95743	978.49876
EB01	20	1	1010.15003	1023.38710	894.68318	1001.27792
EB01	21	0	515.67062	717.47146	468.91556	714.46898
EB01	21	1	331.10677	743.60050	322.20237	743.27792
EB01	22	0	1331.45150	841.25558	1221.03350	809.87841
EB01	22	1	1464.76622	775.59801	1335.59037	743.21588
EB01	23	0	1133.63433	937.96526	1022.85694	911.31514
EB01	23	1	941.70133	1006.97270	808.48151	982.33251
EB01	24	0	1554.36497	839.13151	1402.83461	816.07444
EB01	24	1	1383.19958	847.17122	1245.06769	819.42432
EB01	25	0	700.53385	1009.31762	620.60014	976.92804
EB01	25	1	535.39777	1021.37717	501.68876	984.63275
EB01	26	0	1382.53105	977.15881	1166.37962	967.10918
EB01	26	1	1209.35590	1078.66005	958.03350	1065.26055
EB01	27	0	889.45778	1011.99752	759.58479	985.19851
EB01	27	1	698.19470	1054.20596	593.77879	1023.38710
EB01	28	0	1552.58269	416.19603	1667.24773	318.67990
EB01	28	1	1421.61270	405.14144	1505.46127	324.37469
EB01	29	0	1321.09700	421.23077	1401.54431	348.36973
EB01	29	1	1507.67062	387.73201	1610.89532	289.07692
EB01	30	0	1521.26518	417.59553	1701.93999	320.75931
EB01	30	1	1416.75715	407.88089	1572.64480	323.43921
EB01	31	0	576.39218	718.95533	896.63922	692.26055
EB01	31	1	538.87648	733.69479	864.48290	708.33995
EB01	32	0	837.66155	452.26551	1105.01814	423.55583
EB01	32	1	806.51012	470.35484	1077.21633	442.98511
EB01	33	0	1249.81228	744.31266	1150.19121	714.37717
EB01	33	1	994.23657	785.51613	886.57641	759.93548
EB01	34	0	1119.08863	910.53102	982.28960	895.33002
EB01	34	1	862.52687	1014.00744	709.21144	991.89826
EB01	35	0	1589.05792	396.62531	1830.23029	278.70968
EB01	35	1	1410.85834	372.50620	1629.25331	272.00993
EB01	36	0	621.68737	941.53846	640.91835	916.55087
EB01	36	1	428.97278	959.85112	487.72924	934.86352
EB01	37	0	1843.62875	296.90074	1804.77320	159.45409
EB01	37	1	1623.89393	377.96774	1585.70830	278.70968
EB01	38	0	929.51082	540.61042	891.52477	517.29032
EB01	38	1	765.37962	556.68983	747.49128	544.08933
EB01	39	0	166.14096	671.40943	491.72366	664.61538
EB01	39	1	237.15283	647.96030	546.10258	644.34988
EB01	40	0	319.13957	710.13896	594.32310	694.26551
EB01	40	1	389.48151	666.59057	656.84927	652.72705
EB01	41	0	395.28751	740.51117	689.22889	718.16129
EB01	41	1	452.90091	716.16873	741.70621	699.17866
EB01	42	0	606.00349	632.32506	861.05304	606.63524
EB01	42	1	676.79204	579.17370	924.47244	552.14392
EB01	43	0	1097.62596	521.89330	1351.73273	466.34243
EB01	43	1	1144.29728	496.43424	1403.31682	433.51365
EB01	44	0	476.03210	652.09677	766.24634	632.54839
EB01	44	1	541.23796	619.93797	822.96650	598.60298
EB01	45	0	585.38172	396.01489	830.20935	383.83623
EB01	45	1	630.48988	367.20596	873.97767	354.13400
EB02	0	0	1008.86183	174.19355	1219.30984	168.82878
EB02	0	1	1109.68528	97.81638	1327.16748	76.70720
EB02	1	0	1358.55338	512.17618	1225.34054	505.48635
EB02	1	1	1061.10747	555.38958	894.06350	543.33995
EB02	2	0	1015.21773	300.54591	1184.66294	302.82878
EB02	2	1	1118.38590	244.93797	1294.30705	242.53102
EB02	3	0	871.66713	285.31017	1137.60642	274.98511
EB02	3	1	779.44103	270.79404	1051.85625	262.47891
EB02	4	0	234.80809	763.39950	491.37544	702.43176
EB02	4	1	118.91137	872.94045	393.23168	790.19851
EB02	5	0	949.05722	32.15881	1230.30914	18.75931
EB02	5	1	848.56874	25.45906	1135.18004	18.75931
EB02	6	0	1384.48290	84.75186	1750.84438	48.90819
EB02	6	1	1295.04815	59.29280	1638.63224	24.45409
EB02	7	0	1061.87439	141.36476	1439.62945	116.57568
EB02	7	1	1010.29030	165.48387	1385.70063	145.71960
EB02	8	0	1167.24075	67.66749	1493.12840	39.19355
EB02	8	1	1106.27774	40.53350	1424.79623	12.39454
EB02	9	0	1542.83322	172.18362	1627.91347	141.36476
EB02	9	1	1439.66504	207.69231	1526.08514	192.95285
EB02	10	0	406.81158	382.74690	756.34473	368.32010
EB02	10	1	353.21773	402.62283	708.55687	386.18610
EB02	11	0	938.00349	1013.67246	911.84717	997.92804
EB02	11	1	845.88904	1055.88089	840.16539	1032.09677
EB02	12	0	173.51012	217.22581	508.44871	219.53102
EB02	12	1	22.77739	250.05459	375.80391	250.34988
EB02	13	0	1470.76622	459.77667	1278.96441	462.59553
EB02	13	1	1233.27844	543.52357	1023.72366	546.67742
EB02	14	0	261.27006	597.61787	314.86392	561.43921
EB02	14	1	359.07886	400.64516	418.03210	389.92556
EB02	15	0	962.61549	180.08437	1097.04955	168.81886
EB02	15	1	882.05722	256.18362	1003.35380	247.01985
EB02	16	0	1147.74669	597.92556	1124.31891	599.23077
EB02	16	1	968.20726	656.88337	958.84787	651.48883
EB02	17	0	288.06699	916.52605	321.56315	838.80893
EB02	17	1	418.03210	750.37221	464.92673	708.83375
EB02	18	0	444.82903	759.75186	384.53594	719.55335
EB02	18	1	586.85276	593.59801	495.74320	574.83871
EB02	19	0	1128.06490	534.95285	1051.44871	543.67494
EB02	19	1	1281.81228	374.15881	1191.22121	367.27543
EB02	20	0	324.24285	660.59553	400.61410	627.09677
EB02	20	1	466.26657	541.33995	527.89951	519.90074
EB02	21	0	1059.25122	311.42432	1101.84020	304.80893
EB02	21	1	1194.57572	245.76675	1225.44103	230.77667
EB02	22	0	348.49756	853.38958	455.97697	796.86352
EB02	22	1	470.75855	732.45906	573.88346	695.02730
EB02	23	0	915.33357	323.23573	1123.60991	309.40943
EB02	23	1	834.27285	391.23821	1036.85485	374.39702
EB02	24	0	1286.14794	236.46898	1413.61270	227.67246
EB02	24	1	1327.01326	110.17866	1472.56595	97.02730
EB02	25	0	909.75576	726.25310	711.45848	704.81390
EB02	25	1	665.90370	979.50372	501.10258	908.48635
EB02	26	0	106.85276	784.38958	438.78646	720.67494
EB02	26	1	181.54920	768.64516	495.72994	709.95533
EB02	27	0	815.07955	302.37965	1091.46825	293.69479
EB02	27	1	864.98883	289.31514	1140.03768	277.28040
EB02	28	0	195.61759	889.07940	423.96232	817.70471
EB02	28	1	292.08653	831.46154	511.05234	773.82134
EB02	29	0	1067.32868	902.12159	701.19191	885.61042
EB02	29	1	721.50733	924.90074	382.74459	873.77171
EB02	30	0	822.76832	696.75931	638.22540	675.31762
EB02	30	1	550.44452	625.40695	391.69365	598.60546
EB02	31	0	1183.03070	304.38213	1199.68109	299.09181
EB02	31	1	1323.71458	222.31017	1332.66085	205.29529
EB02	32	0	1029.00209	834.78908	785.15003	821.38958
EB02	32	1	1154.94766	602.97767	936.55269	590.91811
EB02	33	0	569.85276	1000.49132	320.83740	928.66998
EB02	33	1	796.62177	769.68486	575.18911	739.51613
EB02	34	0	1255.57362	658.98759	1154.94836	671.09181
EB02	34	1	1475.47523	527.61042	1366.97906	538.10174
EB02	35	0	1027.35520	854.60050	728.13259	835.89082
EB02	35	1	668.89881	853.30025	357.94976	805.52605
EB02	36	0	1174.87858	673.62779	1097.93510	683.44665
EB02	36	1	1010.74738	753.68983	918.73064	747.76427
EB02	37	0	573.35380	835.89826	650.34124	796.18859
EB02	37	1	680.20656	749.13648	739.77599	724.16625
EB02	38	0	104.17306	1060.23573	138.33915	945.33499
EB02	38	1	280.02791	925.23573	320.55827	848.52357
EB02	39	0	1289.57781	131.64764	1317.06909	109.87593
EB02	39	1	1190.09421	314.88586	1203.18214	289.42928
EB02	40	0	1026.79344	461.85360	1160.29937	457.34491
EB02	40	1	1031.81786	382.79653	1162.97906	370.91811
EB02	41	0	1048.74180	533.19603	1072.59944	528.56576
EB02	41	1	972.70551	653.45658	989.86392	642.79653
EB02	42	0	844.69574	477.75434	1041.15771	467.17370
EB02	42	1	896.94976	412.09677	1083.02791	397.49628
EB02	43	0	1088.41452	327.23325	1261.69574	316.77916
EB02	43	1	1133.29937	266.26551	1317.29937	248.10670
EB02	44	0	593.55199	139.35484	856.16190	121.93548
EB02	44	1	210.35590	288.08933	511.82135	273.34988
EB02	45	0	400.61410	61.63772	683.32170	56.27792
EB02	45	1	8.03908	218.41191	343.00070	215.73201
EB02	46	0	475.64550	205.01241	740.93510	188.93300
EB02	46	1	66.99232	308.18859	388.55548	293.44913
EB02	47	0	495.74320	289.42928	751.65387	273.34988
EB02	47	1	80.39079	422.08437	422.05164	392.60546
EB02	48	0	331.98674	834.52854	268.69086	785.35484
EB02	48	1	455.92254	691.82382	396.31124	671.45906
EB02	49	0	431.88346	938.97022	438.03768	877.39950
EB02	49	1	249.66434	940.64516	278.93091	876.72953
EB02	50	0	481.57362	968.80397	467.17934	915.25310
EB02	50	1	598.14027	868.64268	563.98325	837.87097
EB02	51	0	548.61479	342.33995	794.66364	329.45409
EB02	51	1	470.90370	361.09926	723.65178	347.87841
EB03	0	0	675.60572	1013.00248	923.14794	1012.55583
EB03	0	1	784.13329	983.52357	1030.78227	990.00000
EB03	1	0	732.69086	1060.23573	908.06490	1061.24069
EB03	1	1	785.61479	1023.38710	960.65387	1023.72208
EB03	2	0	321.72017	914.31017	622.99442	906.31017
EB03	2	1	408.81019	904.59553	698.69574	898.27047
EB03	3	0	160.78158	385.04467	509.85485	425.87097
EB03	3	1	240.16748	407.82382	577.85206	444.96526
EB03	4	0	178.19958	911.16625	235.81298	885.70720
EB03	4	1	405.97348	853.54839	451.52826	842.82878
EB03	5	0	932.53315	214.39206	142.02373	242.53102
EB03	5	1	1377.36218	210.37221	569.43475	186.25310
EB03	6	0	837.40405	1058.56079	676.62247	1050.52109
EB03	6	1	663.22401	950.02481	505.12212	928.58561
EB03	7	0	1366.64341	850.86849	1239.35799	862.92804
EB03	7	1	1200.50244	844.16873	1074.55687	850.86849
EB03	8	0	1767.25750	790.57072	1788.69505	806.65012
EB03	8	1	1603.79623	769.13151	1586.37823	782.53102
EB03	9	0	1554.07188	745.33499	1813.81717	758.37469
EB03	9	1	1426.45150	709.82630	1652.70063	717.50620
EB03	10	0	428.75087	769.13151	395.25471	765.11166
EB03	10	1	241.17237	739.65261	242.51221	736.97270
EB03	11	0	751.34613	917.20347	697.53036	911.98015
EB03	11	1	608.20586	918.32010	569.35171	906.39702
EB03	12	0	1172.36567	219.75186	1066.51779	200.99256
EB03	12	1	1160.30705	28.13896	1035.70133	5.35980
EB03	13	0	1650.74529	571.47643	1821.07467	552.28288
EB03	13	1	1517.20726	550.70720	1673.02163	534.19355
EB03	14	0	1674.80809	992.90323	1713.66364	1045.16129
EB03	14	1	1831.57013	891.06700	1889.18353	936.62531
EB03	15	0	358.43057	656.89330	591.45150	667.21340
EB03	15	1	461.15213	609.54839	683.90091	623.88834
EB03	16	0	753.01535	905.86600	984.33426	914.00993
EB03	16	1	694.73203	875.27047	936.09979	878.05459
EB03	17	0	1453.87927	607.50868	1848.76483	600.38958
EB03	17	1	1420.15980	580.03970	1811.47244	570.91067
EB03	18	0	1283.56943	855.10422	1456.90998	873.93300
EB03	18	1	1161.86671	827.18859	1328.06141	839.09429
EB03	19	0	935.21284	820.04963	614.98953	810.66998
EB03	19	1	609.63015	795.93052	314.86392	785.21092
EB03	20	0	1591.93859	993.71960	1861.04676	1053.20099
EB03	20	1	1488.32380	961.33747	1742.69365	1006.97270
EB03	21	0	1201.61479	287.77916	1542.61689	265.60794
EB03	21	1	1157.39986	263.66005	1491.70272	242.15881
EB03	22	0	829.89951	1012.55583	1029.91766	1021.93548
EB03	22	1	748.39218	1027.51861	953.76971	1030.19851
EB03	23	0	972.43336	882.77667	1076.66574	887.88337
EB03	23	1	849.61410	857.54094	963.22540	867.56079
EB03	24	0	1487.81019	774.63772	1815.26867	794.30273
EB03	24	1	1387.32170	769.05459	1689.76971	784.25310
EB03	25	0	1515.72366	876.25062	1737.74250	907.75186
EB03	25	1	1406.97278	863.29777	1615.59316	887.65261
EB03	26	0	1564.94068	727.59305	1656.05024	735.63275
EB03	26	1	1370.66294	694.09429	1444.35450	699.45409
EB04	0	0	570.48779	291.67494	789.82763	289.65509
EB04	0	1	621.06699	294.35484	843.08653	293.00496
EB04	1	0	627.76622	305.07444	843.08653	303.38958
EB04	1	1	675.33077	300.38462	894.33566	298.36476
EB04	2	0	437.25052	772.58313	483.08165	729.08437
EB04	2	1	313.98465	731.04467	388.95743	683.86104
EB04	3	0	772.35590	650.71960	848.97976	641.43921
EB04	3	1	862.12561	629.28040	960.52198	627.03474
EB04	4	0	122.26099	718.13648	24.45220	649.79901
EB04	4	1	308.49965	707.75186	225.09421	656.49876
EB04	5	0	60.29309	482.38213	85.75017	452.90323
EB04	5	1	387.21563	509.18114	403.29379	491.76179
EB04	6	0	918.53873	825.13400	830.80809	817.61290
EB04	6	1	837.81298	816.42432	753.43196	801.19851
EB04	7	0	685.51640	458.69975	528.80809	450.98015
EB04	7	1	442.66923	491.19355	270.98395	473.10918
EB04	8	0	1316.62038	852.65012	1031.26588	885.70720
EB04	8	1	1630.14445	891.17370	1266.07397	962.41935
EB04	9	0	735.68667	768.32754	753.14375	753.51861
EB04	9	1	619.12003	698.65012	635.23726	671.78164
EB04	10	0	1136.50872	493.25062	1193.18632	501.34988
EB04	10	1	1221.58897	544.83871	1278.26657	558.29777
EB04	11	0	843.05373	145.38462	683.98116	152.75434
EB04	11	1	1023.26308	125.95533	811.93650	129.30521
EB04	12	0	292.32868	559.68238	341.66085	523.92060
EB04	12	1	169.06281	513.45409	245.19191	481.04218
EB04	13	0	100.06071	686.97767	240.50244	626.33995
EB04	13	1	236.72505	699.70720	342.33077	648.44913
EB04	14	0	694.95255	657.49876	653.84508	636.38958
EB04	14	1	550.91905	626.00993	515.84089	602.89082
EB04	15	0	810.84927	670.89826	848.12282	666.53846
EB04	15	1	696.96232	647.44913	731.55618	631.02978
EB04	16	0	382.53873	645.62035	378.34822	608.51117
EB04	16	1	210.03350	543.11414	241.01396	509.35484
EB04	17	0	783.49895	805.70968	698.73901	784.36973
EB04	17	1	977.10677	734.02233	882.29798	730.77171
EB04	18	0	242.51221	781.26799	6.69923	704.81390
EB04	18	1	495.74320	710.92060	229.11375	661.93548
EB04	19	0	1313.81228	670.89826	1416.88765	699.77171
EB04	19	1	1207.29449	581.79156	1304.34054	597.26551
EB04	20	0	840.84299	645.18610	841.40126	636.33002
EB04	20	1	977.50733	606.99752	1005.53245	611.54094
EB04	21	0	747.07118	540.35732	834.70202	527.79404
EB04	21	1	627.82484	463.98015	743.59246	450.74690
EB04	22	0	497.83671	842.15881	300.42638	782.92060
EB04	22	1	694.12421	801.29032	506.76274	766.17122
EB04	23	0	343.00070	763.77171	141.35380	698.40943
EB04	23	1	513.83112	669.30521	324.91277	630.07196
EB04	24	0	203.65666	839.47891	64.98255	754.01737
EB04	24	1	441.47941	773.15136	291.41661	710.46898
EB04	25	0	219.73482	612.35732	241.17237	566.79901
EB04	25	1	117.90649	439.50372	184.89881	420.74442
EB04	26	0	682.77460	612.32010	737.17097	597.56824
EB04	26	1	572.90719	527.23325	640.03210	513.82134
EB04	27	0	118.91137	523.26055	251.81368	488.68238
EB04	27	1	348.02512	562.78908	431.01814	533.23573
EB04	28	0	1265.36008	782.84864	1358.66364	818.21340
EB04	28	1	1126.68597	763.75434	1225.34892	786.38958
EB04	29	0	1595.25052	858.66005	1732.08653	945.10422
EB04	29	1	1502.46615	822.81638	1605.80600	889.49628
EB04	30	0	425.40126	775.16129	493.06350	730.77916
EB04	30	1	246.53175	705.48387	340.32100	654.40199
EB04	31	0	474.97558	670.64516	576.80391	638.96526
EB04	31	1	306.82484	646.52605	424.73133	606.13648
EB04	32	0	79.05094	508.36973	182.88904	474.89082
EB04	32	1	278.68807	605.51613	340.32100	565.33747
EB04	33	0	387.88555	723.98759	306.82484	671.65012
EB04	33	1	599.58130	696.51861	505.12212	669.64020
EB04	34	0	262.60991	496.43921	164.13119	465.36973
EB04	34	1	510.48151	429.44169	418.70202	419.81141
EB04	35	0	718.15771	774.49132	741.71598	755.64764
EB04	35	1	588.76274	678.67990	657.30565	654.48139
EB04	36	0	1196.14375	564.51861	1169.83531	579.38462
EB04	36	1	1017.94417	462.68238	990.96581	468.16873
EB04	37	0	208.43685	410.37221	414.88625	394.31017
EB04	37	1	140.43964	416.73697	362.96720	399.33499
EB04	38	0	535.93859	711.51365	324.24285	665.95533
EB04	38	1	206.33636	416.72457	136.66434	395.28536
EB04	39	0	1076.80321	708.37965	1309.63224	727.82878
EB04	39	1	1075.79833	663.49132	1304.60782	681.60050
EB04	40	0	752.38241	378.06700	950.39498	376.53350
EB04	40	1	685.05513	341.88834	890.43685	338.34491
EB04	41	0	1359.44173	646.20596	1704.28472	686.05459
EB04	41	1	1507.82973	686.06948	1883.82415	745.01241
EB04	42	0	1354.70063	481.15385	1695.24075	503.64020
EB04	42	1	1496.72435	563.56079	1872.10049	603.80149
EB04	43	0	1606.53873	826.08437	1823.86602	914.65757
EB04	43	1	1521.79344	774.16129	1710.64899	841.96526
EB04	44	0	1675.98814	767.83623	1885.49895	853.78412
EB04	44	1	1603.30147	723.28288	1773.95673	795.16129
EB04	45	0	368.45778	715.53350	352.37962	665.95533
EB04	45	1	841.42359	687.39454	949.95115	684.71464
EB04	46	0	1243.22610	789.66501	1524.24145	823.01489
EB04	46	1	1359.79274	795.69479	1665.93022	850.14888
EB04	47	0	211.69574	462.85856	240.50244	443.98759
EB04	47	1	44.88486	381.79156	95.79902	376.99007
EB04	48	0	653.17516	473.57816	729.54641	463.41687
EB04	48	1	744.28472	493.67742	809.26727	483.51613
EB04	49	0	647.81577	868.95782	592.21214	838.80893
EB04	49	1	515.84089	792.58065	501.10258	754.39206
EB04	50	0	692.03070	805.98015	681.98186	783.87097
EB04	50	1	553.35659	788.56079	569.33496	756.33002
EB04	51	0	964.34473	805.31017	879.50942	805.90819
EB04	51	1	827.68039	743.67246	764.95255	735.56079
EB04	52	0	779.79065	151.41439	954.86602	148.06452
EB04	52	1	690.70412	146.72457	871.12561	149.40447
EB04	53	0	860.63782	640.55087	922.80740	640.34988
EB04	53	1	784.93650	597.00248	849.11584	592.11166
EB04	54	0	1459.76274	211.04218	1551.54222	201.66253
EB04	54	1	1570.96999	176.87345	1662.74948	155.43424
EB04	55	0	1280.89323	757.07196	631.06769	766.45161
EB04	55	1	994.69993	734.14144	304.14515	703.47395
EB04	56	0	1317.06909	895.08685	858.47941	921.21588
EB04	56	1	1538.14375	897.76675	1119.74948	954.71464
EB04	57	0	318.54850	599.52109	419.28472	569.09677
EB04	57	1	122.59595	509.40943	264.19749	477.31017
EB04	58	0	1443.75715	926.75931	1511.96232	999.60298
EB04	58	1	1608.22331	877.18114	1716.95883	968.78412
EB04	59	0	353.04955	390.08685	355.53385	389.61290
EB04	59	1	208.34613	231.37469	230.92812	249.58809
EB04	60	0	506.46197	732.07940	514.50105	700.79404
EB04	60	1	359.07886	667.09181	379.17655	629.77667
EB04	61	0	128.62526	740.66998	198.96720	669.91067
EB04	61	1	298.11584	759.42928	348.36008	697.37965
EB04	62	0	636.44243	669.02978	556.76832	639.03970
EB04	62	1	795.21424	660.99007	720.89951	644.39950
EB04	63	0	964.14375	793.80893	990.85973	799.28040
EB04	63	1	840.87788	738.20099	889.70133	734.29280
EB05	0	0	242.64218	822.57836	147.05037	745.20896
EB05	0	1	411.37251	801.92537	291.60441	743.19403
EB05	1	0	1055.44281	707.99254	947.34732	711.48881
EB05	1	1	984.92865	699.93284	879.35152	698.89552
EB05	2	0	694.47219	477.41418	787.87303	467.93284
EB05	2	1	598.77440	518.72015	679.58342	496.64552
EB05	3	0	624.90241	464.89552	670.10073	452.57090
EB05	3	1	537.76705	505.69776	556.77440	488.83955
EB05	4	0	1628.42078	429.04478	1889.77964	448.15672
EB05	4	1	1497.96957	403.35448	1744.21826	418.43657
EB05	5	0	681.62329	699.20149	519.85519	663.03731
EB05	5	1	1248.28856	472.52612	1271.29591	478.48134
EB05	6	0	1364.43232	677.99254	1106.68625	706.06716
EB05	6	1	1721.55299	600.22015	1545.77020	648.56343
EB05	7	0	1037.64848	422.12687	1034.83945	424.22388
EB05	7	1	898.13116	344.55224	863.59077	347.15299
EB05	8	0	1178.55089	539.43657	982.12802	544.24627
EB05	8	1	1471.18468	498.13060	1306.49318	519.56343
EB05	9	0	105.77125	208.46642	501.88772	213.62313
EB05	9	1	32.73872	204.43657	448.49843	210.60075
EB05	10	0	1192.78594	905.70896	736.09444	915.27985
EB05	10	1	1462.75446	951.04478	968.79119	999.90672
EB05	11	0	1516.01259	291.94030	1911.43757	291.03731
EB05	11	1	1426.86254	280.85821	1798.11123	274.91791
EB05	12	0	973.78909	318.23881	1138.07975	315.52612
EB05	12	1	1086.61175	310.68284	1263.99790	309.98507
EB05	13	0	1135.13012	697.87313	876.35782	703.45896
EB05	13	1	910.49213	614.75746	613.44071	605.23134
EB05	14	0	875.70724	542.39925	887.65582	536.00746
EB05	14	1	702.94753	496.55970	697.26758	489.16045
EB05	15	0	1437.78174	489.19403	1474.43966	503.11940
EB05	15	1	1592.91291	494.23134	1619.49738	524.27612
EB05	16	0	468.69255	280.88806	453.26967	284.59328
EB05	16	1	264.70514	217.92164	268.92550	231.19776
EB05	17	0	1661.01259	580.85821	1652.12277	615.63060
EB05	17	1	1505.88143	573.30224	1427.98846	605.55597
EB05	18	0	1048.49423	781.20896	721.25184	773.49254
EB05	18	1	761.76705	687.39552	470.03882	664.00000
EB05	19	0	1037.53200	477.27985	1038.76390	479.87313
EB05	19	1	1197.69990	524.12687	1188.35467	533.77239
EB05	20	0	1148.19727	552.30597	1179.86988	566.35075
EB05	20	1	1273.10808	495.38433	1324.42392	507.91791
EB05	21	0	216.77440	356.02985	451.18258	344.38433
EB05	21	1	316.50157	367.11194	543.85834	354.45896
EB05	22	0	1196.81427	726.09701	904.22246	737.01119
EB05	22	1	1057.53515	574.68284	855.20042	576.07463
EB05	23	0	1142.32949	63.47015	1338.31480	46.34328
EB05	23	1	1226.44281	106.28731	1455.67051	82.10821
EB05	24	0	1412.24134	314.54851	1290.89927	311.39179
EB05	24	1	1564.35047	270.22015	1406.74397	262.52985
EB05	25	0	1624.55299	370.54851	1380.61175	375.75000
EB05	25	1	1412.77020	149.94776	1201.76285	137.97761
EB05	26	0	496.92865	473.08955	292.45121	453.54851
EB05	26	1	684.29486	385.94403	547.81322	376.98134
EB05	27	0	652.35572	182.27239	819.35152	182.55597
EB05	27	1	825.61910	199.90299	969.44596	198.17164
EB05	28	0	1000.89507	810.78358	605.66002	800.92910
EB05	28	1	851.73347	434.94030	507.20776	433.84328
EB06	0	0	1213.68335	353.35883	1162.50000	294.75000
EB06	0	1	1085.33307	355.61196	1053.75000	312.75000
EB06	1	0	696.15872	277.13491	818.50000	267.75000
EB06	1	1	612.84363	242.58693	729.25000	244.50000
EB06	2	0	1688.81939	310.35049	1866.00000	174.75000
EB06	2	1	1585.23847	282.56189	1749.00000	156.00000
EB06	3	0	1606.25489	342.64534	1772.25000	228.00000
EB06	3	1	1510.93041	311.10153	1661.25000	201.00000
EB06	4	0	1387.69038	337.09736	1091.50000	278.50000
EB06	4	1	1094.96169	403.94019	799.75000	376.00000
EB06	5	0	411.32134	400.63700	223.50000	436.50000
EB06	5	1	536.66927	435.93602	415.50000	452.25000
EB06	6	0	1514.21501	480.38804	1217.25000	424.50000
EB06	6	1	1254.51212	436.82754	1032.00000	390.00000
EB06	7	0	1205.32838	256.10570	1331.25000	183.00000
EB06	7	1	1347.93980	171.23783	1469.25000	72.75000
EB06	8	0	1083.71931	770.15994	343.00000	766.75000
EB06	8	1	1672.17905	692.80250	853.75000	676.00000
EB06	9	0	234.93354	716.86092	318.75000	712.00000
EB06	9	1	394.05786	750.65786	453.00000	736.00000
EB06	10	0	1211.55356	467.34631	1129.75000	420.75000
EB06	10	1	795.72869	414.77330	719.50000	406.50000
EB06	11	0	907.77248	405.21697	1075.75000	370.50000
EB06	11	1	389.86787	571.94854	581.50000	567.75000
EB06	12	0	1045.75371	154.71488	1343.50000	82.50000
EB06	12	1	807.06724	199.77747	1108.75000	159.75000
EB06	13	0	888.13057	142.69819	1171.00000	96.75000
EB06	13	1	664.45582	170.48679	965.50000	150.00000
EB06	14	0	871.22205	126.92629	1137.00000	83.25000
EB06	14	1	641.54261	135.18776	926.25000	123.00000
EB06	15	0	787.21970	47.31572	1000.50000	21.00000
EB06	15	1	513.25567	88.62309	780.00000	96.75000
EB06	16	0	830.45739	241.32545	1083.75000	202.50000
EB06	16	1	570.75450	285.63700	855.00000	274.50000
EB06	17	0	1010.59812	114.39917	1293.75000	48.00000
EB06	17	1	811.69273	176.73574	1105.50000	138.75000
EB06	18	0	1007.54418	107.39917	1200.25000	50.25000
EB06	18	1	663.02502	143.44924	886.75000	132.00000
EB06	19	0	615.48084	81.86370	901.00000	72.00000
EB06	19	1	374.54261	96.88456	679.75000	122.25000
EB06	20	0	594.46443	153.96384	895.00000	144.00000
EB06	20	1	364.03440	222.30876	697.75000	236.25000
EB06	21	0	796.71384	129.93046	1100.50000	91.50000
EB06	21	1	615.82252	169.73574	935.50000	154.50000
EB06	22	0	1441.87647	281.64117	1455.00000	188.25000
EB06	22	1	1640.78186	177.24618	1666.50000	37.50000
EB06	23	0	1235.83659	131.43255	1325.25000	46.50000
EB06	23	1	1367.18921	107.39917	1446.75000	4.50000
EB06	24	0	1344.13526	413.31433	1192.00000	355.50000
EB06	24	1	1529.53010	318.68289	1406.50000	222.75000
EB06	25	0	1173.75215	318.68289	1161.25000	267.75000
EB06	25	1	1290.09304	201.52017	1284.25000	121.50000
EB06	26	0	1302.10242	240.57441	1236.25000	162.00000
EB06	26	1	1217.28616	151.95132	1174.00000	85.50000
EB06	27	0	884.02580	179.73992	1005.25000	145.50000
EB06	27	1	991.35966	125.66481	1107.25000	77.25000
EB06	28	0	1656.54418	209.54103	1562.25000	79.50000
EB06	28	1	1458.38937	227.56606	1360.50000	129.00000
EB06	29	0	885.81548	375.46732	838.50000	356.50000
EB06	29	1	1036.68335	223.00556	984.00000	186.25000
EB06	30	0	352.77561	479.50904	200.25000	514.75000
EB06	30	1	566.69273	272.22114	436.50000	305.50000
EB06	31	0	1020.80610	719.49235	783.25000	700.50000
EB06	31	1	1198.69507	534.73574	962.50000	501.00000
EB06	32	0	1218.49023	573.90682	930.25000	545.50000
EB06	32	1	901.74277	451.48679	653.50000	469.75000
EB06	33	0	1217.73964	361.36161	757.00000	337.75000
EB06	33	1	1483.44722	328.31572	992.50000	271.75000
EB06	34	0	1183.16575	295.36718	1216.75000	233.25000
EB06	34	1	1021.78968	275.08901	1078.75000	230.25000
EB06	35	0	312.24394	671.66620	319.50000	673.00000
EB06	35	1	557.68569	557.50765	550.50000	550.00000
EB06	36	0	663.51837	777.56328	422.25000	769.00000
EB06	36	1	480.37529	705.46314	273.75000	704.50000
EB06	37	0	189.89836	867.45480	89.25000	852.00000
EB06	37	1	406.81783	797.60779	276.75000	786.00000
EB06	38	0	590.59187	898.99861	394.50000	871.50000
EB06	38	1	738.45739	751.04312	540.75000	739.50000
EB06	39	0	1261.17045	613.15160	1042.50000	583.00000
EB06	39	1	1078.77795	599.63282	891.75000	571.75000
EB06	40	0	865.57545	336.46732	1041.00000	303.00000
EB06	40	1	1013.44097	120.91794	1161.00000	65.25000
EB06	41	0	1483.65989	259.86092	1611.75000	150.75000
EB06	41	1	1370.32134	284.64534	1487.25000	188.25000
EB07	0	0	740.65285	323.85257	828.25000	315.75000
EB07	0	1	634.06959	380.93185	736.75000	373.50000
EB07	1	0	681.35653	461.29346	803.50000	450.00000
EB07	1	1	760.91869	428.24757	895.00000	418.50000
EB07	2	0	1371.82955	353.57024	1287.75000	343.50000
EB07	2	1	1587.24785	337.79833	1534.50000	327.75000
EB07	3	0	1526.45035	346.81085	1542.75000	333.75000
EB07	3	1	1658.55356	327.28373	1738.50000	309.75000
EB07	4	0	1000.28929	276.96384	1014.75000	264.00000
EB07	4	1	1168.42064	246.17107	1169.25000	232.50000
EB07	5	0	1197.69351	450.45480	1235.25000	447.75000
EB07	5	1	1040.82095	404.64117	1087.50000	393.75000
EB07	6	0	762.33073	380.91516	841.50000	371.50000
EB07	6	1	871.16575	305.05981	973.50000	295.00000
EB07	7	0	349.77326	401.05702	343.50000	389.50000
EB07	7	1	109.58561	408.56745	169.50000	394.75000
EB07	8	0	1102.93432	563.03616	1057.00000	559.50000
EB07	8	1	921.29242	482.67455	898.75000	475.50000
EB07	9	0	1478.65520	641.40473	1393.50000	656.25000
EB07	9	1	1693.32291	540.01391	1636.50000	558.00000
EB07	10	0	1176.33776	517.62031	934.50000	519.00000
EB07	10	1	1363.98436	454.53268	1141.50000	451.50000
EB07	11	0	1014.21110	487.57858	855.00000	481.50000
EB07	11	1	1132.80375	442.51599	1027.50000	439.50000
EB07	12	0	923.22127	79.61057	933.00000	75.00000
EB07	12	1	734.07349	37.55216	748.50000	42.00000
EB07	13	0	1804.40970	133.68567	1708.50000	78.00000
EB07	13	1	1553.71384	84.11683	1432.50000	42.00000
EB07	14	0	1015.91165	427.15577	914.50000	422.50000
EB07	14	1	856.78733	375.33380	780.25000	367.00000
EB07	15	0	1036.09226	474.16412	917.25000	460.75000
EB07	15	1	849.19625	432.85675	762.75000	421.75000
EB07	16	0	807.16341	428.35049	639.75000	421.00000
EB07	16	1	596.24863	411.07650	427.50000	403.75000
EB07	17	0	1080.89758	516.13491	957.00000	509.50000
EB07	17	1	898.50508	462.05981	782.25000	451.00000
EB07	18	0	1223.42455	358.11822	775.50000	352.50000
EB07	18	1	1117.59187	328.82754	669.00000	327.00000
EB07	19	0	988.96794	409.10570	836.25000	412.75000
EB07	19	1	811.82955	432.38804	657.00000	424.75000
EB07	20	0	1323.88350	965.09040	879.75000	994.50000
EB07	20	1	1260.08366	1035.68846	708.75000	1042.50000
EB07	21	0	829.96560	664.65786	775.00000	649.00000
EB07	21	1	637.06489	660.90264	589.75000	637.00000
EB07	22	0	369.28851	818.63700	160.50000	747.00000
EB07	22	1	318.24863	662.42003	237.00000	624.00000
EB07	23	0	473.62002	205.78581	673.00000	206.25000
EB07	23	1	319.74980	200.52851	524.50000	202.50000
EB07	24	0	261.95465	418.88178	519.75000	401.50000
EB07	24	1	176.38780	421.88595	444.75000	401.50000
EB07	25	0	1628.02189	727.91516	1588.50000	772.00000
EB07	25	1	1492.91634	682.85257	1441.50000	711.25000
EB07	26	0	866.17670	426.59249	910.50000	417.00000
EB07	26	1	938.23299	318.44228	1027.50000	312.00000
EB07	27	0	1052.32213	887.73296	606.00000	864.00000
EB07	27	1	1550.71149	1007.89986	874.50000	1041.00000
EB07	28	0	292.72869	576.80111	268.50000	541.50000
EB07	28	1	30.02346	438.60918	28.50000	420.00000
EB07	29	0	1755.62158	598.70376	1746.75000	631.00000
EB07	29	1	1604.75371	495.05981	1566.75000	504.25000
EB07	30	0	945.92572	463.65786	910.00000	456.75000
EB07	30	1	801.81314	486.18915	760.75000	476.25000
EB07	31	0	287.47459	455.61613	622.75000	433.50000
EB07	31	1	199.65598	448.85675	546.25000	422.25000
EB07	32	0	1048.08366	168.23366	1138.50000	152.25000
EB07	32	1	1181.68804	153.96384	1293.75000	132.00000
EB07	33	0	1694.82408	470.63282	1902.75000	481.75000
EB07	33	1	1562.72088	470.63282	1741.50000	478.00000
EB07	34	0	921.72009	575.29903	1125.00000	561.00000
EB07	34	1	1402.09539	561.78025	1638.00000	580.50000
EB07	35	0	1386.33307	533.66203	1424.25000	539.25000
EB07	35	1	1601.75137	451.79833	1656.75000	458.25000
EB07	36	0	1423.11181	451.79833	1506.75000	454.50000
EB07	36	1	1224.95700	402.98053	1304.25000	393.75000
EB07	37	0	1197.93589	621.53408	1140.00000	623.25000
EB07	37	1	1354.05786	544.17663	1334.25000	551.25000
EB07	38	0	875.31196	582.96523	746.25000	570.25000
EB07	38	1	1002.91165	480.82337	955.50000	476.50000
EB07	39	0	892.57545	658.82058	753.75000	642.25000
EB07	39	1	1081.72322	576.95688	960.75000	562.00000
EB07	40	0	1012.65520	439.21001	1057.50000	428.50000
EB07	40	1	875.29789	346.83171	965.25000	336.25000
EB07	41	0	627.86474	542.41725	465.75000	522.25000
EB07	41	1	838.77952	412.48679	671.25000	404.50000
EB07	42	0	513.77561	682.11127	419.25000	642.25000
EB07	42	1	744.20563	552.93185	614.25000	538.75000
EB07	43	0	394.05786	384.41725	455.25000	374.50000
EB07	43	1	195.90305	291.28790	305.25000	294.25000
EB07	44	0	911.42220	432.12656	994.00000	423.75000
EB07	44	1	736.53557	434.37969	831.25000	419.25000
EB07	45	0	1199.80610	260.61196	1149.00000	249.00000
EB07	45	1	1404.71618	196.02225	1361.25000	172.50000
EB07	46	0	869.33307	483.18915	921.00000	470.50000
EB07	46	1	1014.94683	369.03060	1087.50000	358.00000
EB07	47	0	159.12432	494.18637	57.00000	468.00000
EB07	47	1	451.85301	366.50904	372.00000	363.00000
EB07	48	0	576.45035	345.47983	486.00000	342.00000
EB07	48	1	642.50195	265.86926	648.00000	264.00000
EB07	49	0	919.73026	358.38804	1077.00000	349.00000
EB07	49	1	614.99218	239.72323	818.25000	232.75000
EB07	50	0	736.67396	173.49096	1068.25000	162.75000
EB07	50	1	591.81079	152.46175	922.00000	143.25000
EB07	51	0	1408.10008	623.64534	1545.00000	639.00000
EB07	51	1	1549.21032	597.35883	1679.25000	620.25000
EB08	0	0	980.63409	809.89013	1119.00000	816.00000
EB08	0	1	923.58952	778.34631	1065.00000	790.50000
EB08	1	0	843.82486	769.39638	765.25000	769.00000
EB08	1	1	1007.45270	717.57441	929.50000	717.25000
EB08	2	0	998.44566	556.85118	965.50000	552.25000
EB08	2	1	856.58483	580.88456	811.75000	582.25000
EB08	3	0	1501.17279	773.89013	1365.75000	778.50000
EB08	3	1	1658.04535	691.27538	1562.25000	691.50000
EB08	4	0	1107.07428	571.60779	994.00000	563.50000
EB08	4	1	1247.43393	517.53268	1084.00000	506.50000
EB08	5	0	1566.47381	592.61196	1564.50000	573.25000
EB08	5	1	1716.59109	576.84006	1704.00000	554.50000
EB08	6	0	793.02502	373.12239	297.00000	391.00000
EB08	6	1	1103.01720	337.07232	553.50000	339.25000
EB08	7	0	1372.33307	707.38804	1140.00000	708.00000
EB08	7	1	1577.99375	664.57858	1353.75000	654.75000
EB08	8	0	1399.35418	770.47566	1206.75000	773.25000
EB08	8	1	1559.22909	738.18081	1366.50000	739.50000
EB08	9	0	767.68804	643.89430	627.75000	648.00000
EB08	9	1	600.30727	586.06398	500.25000	594.75000
EB08	10	0	1110.81079	844.17246	968.50000	846.00000
EB08	10	1	1278.19156	786.34214	1119.25000	792.00000
EB08	11	0	1477.90461	364.59944	1603.50000	324.00000
EB08	11	1	1650.53948	385.62865	1796.25000	334.50000
EB08	12	0	318.24863	515.64117	416.25000	537.75000
EB08	12	1	478.87412	475.08484	538.50000	494.25000
EB08	13	0	526.91165	419.08206	483.75000	443.25000
EB08	13	1	297.23221	354.49235	279.00000	394.50000
EB08	14	0	1048.64347	348.84006	1224.25000	342.75000
EB08	14	1	960.07428	345.83588	1135.75000	344.25000
EB08	15	0	1156.08600	472.13074	1068.00000	462.75000
EB08	15	1	1234.14699	436.08067	1185.00000	424.50000
EB08	16	0	894.69898	635.38248	721.50000	646.50000
EB08	16	1	36.02815	301.91933	109.50000	369.00000
EB08	17	0	809.67396	330.64951	902.25000	341.50000
EB08	17	1	691.83190	302.86092	804.75000	319.75000
EB08	18	0	912.84597	367.11405	1056.00000	371.50000
EB08	18	1	1006.66927	337.82337	1159.50000	334.75000
EB08	19	0	494.63643	666.91933	358.50000	669.00000
EB08	19	1	318.24863	616.59944	249.00000	625.50000
EB08	20	0	294.22987	423.88178	321.75000	460.00000
EB08	20	1	516.40344	342.76912	540.00000	375.25000
EB08	21	0	1470.39875	753.08067	1290.75000	758.25000
EB08	21	1	1351.05551	816.91933	1072.50000	822.75000
EB08	22	0	1095.80610	785.01113	855.00000	782.50000
EB08	22	1	1237.66693	622.03477	1055.25000	619.00000
EB08	23	0	826.81783	817.43811	661.50000	811.50000
EB08	23	1	988.94449	664.97636	847.50000	663.00000
EB08	24	0	1424.20328	831.40473	1221.00000	843.75000
EB08	24	1	1214.78968	770.57024	983.25000	775.50000
EB08	25	0	240.18765	371.58275	255.75000	420.00000
EB08	25	1	499.89054	267.18776	465.75000	309.00000
EB08	26	0	469.11650	485.74131	594.75000	507.75000
EB08	26	1	592.96325	494.00278	711.75000	511.50000
EB08	27	0	604.93745	262.11405	797.50000	291.00000
EB08	27	1	380.51212	165.22949	565.75000	215.25000
EB08	28	0	416.57545	127.67733	511.50000	185.25000
EB08	28	1	327.25567	61.58554	393.00000	135.00000
EB08	29	0	283.72166	96.88456	360.75000	171.75000
EB08	29	1	78.81157	24.78442	159.75000	132.00000
EB08	30	0	683.03362	856.18915	451.50000	841.50000
EB08	30	1	1417.10711	306.42559	1516.50000	265.50000
EB08	31	0	1029.46677	303.65786	780.00000	304.50000
EB08	31	1	704.46286	213.53268	552.25000	244.50000
EB08	32	0	1169.70446	364.62448	997.50000	353.25000
EB08	32	1	975.30258	336.08484	830.25000	336.75000
EB08	33	0	1010.32134	229.06815	1049.25000	222.00000
EB08	33	1	1152.18217	162.22531	1173.75000	141.75000
EB08	34	0	868.16575	335.90264	827.50000	344.50000
EB08	34	1	684.27209	261.54937	657.25000	286.75000
EB08	35	0	506.64582	512.64117	352.50000	534.00000
EB08	35	1	285.97342	441.29207	109.50000	477.75000
EB08	36	0	219.92181	370.69402	294.00000	419.25000
EB08	36	1	48.03753	297.84284	138.00000	361.50000
EB08	37	0	240.93823	373.89847	311.25000	419.25000
EB08	37	1	76.55981	294.28790	157.50000	361.50000
EB08	38	0	736.17983	476.64534	675.25000	491.25000
EB08	38	1	593.56841	412.05563	502.75000	436.50000
FIHPZ01	0	0	1437.15976	949.26316	1363.31361	977.68421
FIHPZ01	0	1	1525.20710	906.63158	1485.44379	932.21053
FIHPZ01	1	0	161.89349	159.15789	116.44970	241.57895
FIHPZ01	1	1	400.47337	224.52632	315.26627	278.52632
FIHPZ01	2	0	764.02367	287.05263	798.10651	304.10526
FIHPZ01	2	1	945.79882	395.05263	977.04142	395.05263
FIHPZ01	3	0	1522.36686	278.52632	1405.91716	218.84211
FIHPZ01	3	1	1760.94675	190.42105	1667.21893	99.47368
FIHPZ01	4	0	332.30769	747.47368	124.97041	736.10526
FIHPZ01	4	1	548.16568	872.52632	323.78698	855.47368
FIHPZ01	5	0	1087.81065	710.52632	940.11834	713.36842
FIHPZ01	5	1	1383.19527	690.63158	1207.10059	690.63158
FIHPZ01	6	0	315.26627	676.42105	144.85207	656.52632
FIHPZ01	6	1	420.35503	790.10526	252.78107	770.21053
FIHPZ01	7	0	448.75740	738.94737	244.26036	733.26316
FIHPZ01	7	1	641.89349	980.52632	420.35503	923.68421
FIHPZ01	8	0	1394.55621	781.57895	1388.87574	784.42105
FIHPZ01	8	1	1542.24852	841.26316	1496.80473	852.63158
FIHPZ01	9	0	258.46154	687.78947	17.04142	684.94737
FIHPZ01	9	1	542.48521	810.00000	315.26627	784.42105
FIHPZ01	10	0	346.50888	417.78947	261.30178	468.94737
FIHPZ01	10	1	516.92308	585.47368	389.11243	599.68421
FIHPZ01	11	0	1244.02367	287.05263	951.47929	272.84211
FIHPZ01	11	1	1428.63905	409.26316	1178.69822	380.84211
FIHPZ01	12	0	1726.86391	275.68421	1050.88757	207.47368
FIHPZ01	12	1	1911.47929	352.42105	1388.87574	281.36842
FIHPZ01	13	0	363.55030	42.63158	383.43195	116.52632
FIHPZ01	13	1	499.88166	96.63158	502.72189	156.31579
FIHPZ01	14	0	258.46154	491.68421	150.53254	511.57895
FIHPZ01	14	1	465.79882	511.57895	366.39053	528.63158
FIHPZ01	15	0	815.14793	866.84211	681.65680	861.15789
FIHPZ01	15	1	1016.80473	838.42105	897.51479	838.42105
FIHPZ01	16	0	616.33136	571.26316	599.28994	585.47368
FIHPZ01	16	1	772.54438	653.68421	718.57988	662.21053
FIHPZ01	17	0	1343.43195	787.26316	894.67456	787.26316
FIHPZ01	17	1	1653.01775	682.10526	1201.42012	673.57895
FIHPZ01	18	0	809.46746	56.84211	806.62722	68.21053
FIHPZ01	18	1	957.15976	76.73684	942.95858	79.57895
FIHPZ01	19	0	1079.28994	397.89474	1141.77515	389.36842
FIHPZ01	19	1	1195.73964	383.68421	1255.38462	366.63158
FIHPZ01	20	0	1215.62130	889.57895	1121.89349	903.78947
FIHPZ01	20	1	1397.39645	915.15789	1320.71006	935.05263
FIHPZ01	21	0	176.09467	51.15789	207.33728	147.78947
FIHPZ01	21	1	264.14201	187.57895	298.22485	247.26316
FIHPZ01	22	0	590.76923	289.89474	704.37870	329.68421
FIHPZ01	22	1	715.73964	386.52632	809.46746	403.57895
FIHPZ01	23	0	1076.44970	440.52632	693.01775	429.15789
FIHPZ01	23	1	1414.43787	528.63158	903.19527	505.89474
FIHPZ01	24	0	213.01775	596.84211	181.77515	622.42105
FIHPZ01	24	1	428.87574	645.15789	383.43195	656.52632
FIHPZ01	25	0	1249.70414	775.89474	548.16568	764.52632
FIHPZ01	25	1	1471.24260	778.73684	877.63314	767.36842
FIHPZ01	26	0	434.55621	611.05263	79.52663	630.94737
FIHPZ01	26	1	701.53846	798.63158	352.18935	770.21053
FIHPZ01	27	0	570.88757	187.57895	255.62130	238.73684
FIHPZ01	27	1	698.69822	298.42105	474.31953	332.52632
FIHPZ01	28	0	888.99408	395.05263	718.57988	397.89474
FIHPZ01	28	1	1062.24852	511.57895	897.51479	508.73684
FIHPZ01	29	0	1031.00592	372.31579	815.14793	378.00000
FIHPZ01	29	1	1229.82249	468.94737	1025.32544	451.89474
FIHPZ01	30	0	1491.12426	318.31579	1386.03550	278.52632
FIHPZ01	30	1	1661.53846	400.73684	1593.37278	349.57895
FIHPZ01	31	0	1218.46154	582.63158	1087.81065	576.94737
FIHPZ01	31	1	1397.39645	710.52632	1323.55030	702.00000
FIHPZ02	0	0	1229.82249	952.10526	707.21893	940.73684
FIHPZ02	0	1	1459.88166	915.15789	1016.80473	912.31579
FIHPZ02	1	0	531.12426	440.52632	76.68639	471.78947
FIHPZ02	1	1	769.70414	332.52632	360.71006	349.57895
FIHPZ02	2	0	806.62722	585.47368	437.39645	596.84211
FIHPZ02	2	1	1067.92899	582.63158	698.69822	557.05263
FIHPZ02	3	0	1655.85799	531.47368	1533.72781	446.21053
FIHPZ02	3	1	1812.07101	437.68421	1758.10651	332.52632
FIHPZ02	4	0	664.61538	662.21053	508.40237	653.68421
FIHPZ02	4	1	795.26627	594.00000	667.45562	585.47368
FIHPZ02	5	0	795.26627	71.05263	806.62722	65.36842
FIHPZ02	5	1	942.95858	176.21053	951.47929	144.94737
FIHPZ02	6	0	1022.48521	176.21053	1062.24852	122.21053
FIHPZ02	6	1	1116.21302	235.89474	1184.37870	176.21053
FIHPZ02	7	0	1195.73964	170.52632	1261.06509	96.63158
FIHPZ02	7	1	1269.58580	196.10526	1334.91124	108.00000
FIHPZ02	8	0	1351.95266	383.68421	988.40237	341.05263
FIHPZ02	8	1	1539.40828	488.84211	1232.66272	426.31579
FIHPZ02	9	0	1263.90533	457.57895	942.95858	420.63158
FIHPZ02	9	1	1474.08284	537.15789	1175.85799	483.15789
FIHPZ02	10	0	531.12426	773.05263	295.38462	764.52632
FIHPZ02	10	1	761.18343	713.36842	519.76331	707.68421
FIHPZ02	11	0	1320.71006	395.05263	809.46746	383.68421
FIHPZ02	11	1	1428.63905	48.31579	857.75148	2.84211
FIHPZ02	12	0	1374.67456	838.42105	869.11243	821.36842
FIHPZ02	12	1	1593.37278	710.52632	1039.52663	687.78947
FIHPZ02	13	0	1283.78698	579.78947	1113.37278	542.84211
FIHPZ02	13	1	1457.04142	625.26316	1275.26627	579.78947
FIHPZ02	14	0	391.95266	392.21053	406.15385	423.47368
FIHPZ02	14	1	471.47929	409.26316	482.84024	429.15789
FIHPZ02	15	0	1099.17160	346.73684	1144.61538	292.73684
FIHPZ02	15	1	1286.62722	324.00000	1329.23077	244.42105
FIHPZ02	16	0	1190.05917	406.42105	1161.65680	352.42105
FIHPZ02	16	1	1320.71006	437.68421	1286.62722	378.00000
FIHPZ02	17	0	1508.16568	312.63158	1576.33136	218.84211
FIHPZ02	17	1	1655.85799	264.31579	1772.30769	136.42105
FIHPZ02	18	0	1511.00592	383.68421	1368.99408	298.42105
FIHPZ02	18	1	1692.78107	412.10526	1610.41420	312.63158
FIHPZ02	19	0	423.19527	19.89474	184.61538	113.68421
FIHPZ02	19	1	675.97633	156.31579	408.99408	187.57895
FIHPZ02	20	0	1150.29586	414.94737	988.40237	380.84211
FIHPZ02	20	1	1391.71598	389.36842	1181.53846	321.15789
FIHPZ02	21	0	582.24852	304.10526	139.17160	358.10526
FIHPZ02	21	1	942.95858	210.31579	579.40828	207.47368
FIHPZ02	22	0	860.59172	216.00000	795.26627	198.94737
FIHPZ02	22	1	1016.80473	198.94737	951.47929	156.31579
FIHPZ02	23	0	1087.81065	295.57895	1002.60355	247.26316
FIHPZ02	23	1	1263.90533	218.84211	1164.49704	153.47368
FIHPZ02	24	0	377.75148	304.10526	187.45562	369.47368
FIHPZ02	24	1	656.09467	432.00000	451.59763	446.21053
FIHPZ02	25	0	417.51479	545.68421	264.14201	562.73684
FIHPZ02	25	1	650.41420	537.15789	448.75740	540.00000
FIHPZ02	26	0	815.14793	488.84211	715.73964	483.15789
FIHPZ02	26	1	974.20118	503.05263	886.15385	471.78947
FIHPZ04	0	0	1505.32544	829.89474	1292.30769	838.42105
FIHPZ04	0	1	1795.02959	818.52632	1590.53254	821.36842
FIHPZ04	1	0	721.42012	574.10526	622.01183	582.63158
FIHPZ04	1	1	891.83432	648.00000	815.14793	653.68421
FIHPZ04	2	0	1278.10651	886.73684	977.04142	906.63158
FIHPZ04	2	1	1499.64497	940.73684	1235.50296	949.26316
FIHPZ04	3	0	1400.23669	648.00000	1187.21893	636.63158
FIHPZ04	3	1	1616.09467	633.78947	1468.40237	616.73684
FIHPZ04	4	0	1692.78107	773.05263	1502.48521	787.26316
FIHPZ04	4	1	1902.95858	702.00000	1755.26627	693.47368
FIHPZ04	5	0	1235.50296	542.84211	1067.92899	528.63158
FIHPZ04	5	1	1405.91716	497.36842	1232.66272	477.47368
FIHPZ04	6	0	1303.66864	827.05263	840.71006	824.21053
FIHPZ04	6	1	1661.53846	741.78947	1184.37870	733.26316
FIHPZ04	7	0	573.72781	574.10526	377.75148	588.31579
FIHPZ04	7	1	738.46154	630.94737	519.76331	636.63158
FIHPZ04	8	0	1579.17160	557.05263	1562.13018	534.31579
FIHPZ04	8	1	1689.94083	633.78947	1701.30178	616.73684
FIHPZ04	9	0	542.48521	298.42105	664.61538	329.68421
FIHPZ04	9	1	658.93491	355.26316	772.54438	375.15789
FIHPZ04	10	0	514.08284	369.47368	639.05325	392.21053
FIHPZ04	10	1	636.21302	360.94737	755.50296	383.68421
FIHPZ04	11	0	1187.21893	261.47368	1107.69231	233.05263
FIHPZ04	11	1	1377.51479	218.84211	1263.90533	176.21053
FIHPZ04	12	0	1280.94675	287.05263	1133.25444	255.78947
FIHPZ04	12	1	1482.60355	301.26316	1368.99408	250.10526
FIHPZ04	13	0	624.85207	528.63158	630.53254	540.00000
FIHPZ04	13	1	775.38462	486.00000	758.34320	505.89474
FIHPZ04	14	0	602.13018	588.31579	664.61538	594.00000
FIHPZ04	14	1	727.10059	574.10526	778.22485	585.47368
FIHPZ04	15	0	741.30178	218.84211	843.55030	235.89474
FIHPZ04	15	1	837.86982	261.47368	925.91716	278.52632
FIHPZ04	16	0	247.10059	281.36842	514.08284	324.00000
FIHPZ04	16	1	337.98817	264.31579	587.92899	309.78947
FIHPZ04	17	0	1045.20710	511.57895	1306.50888	505.89474
FIHPZ04	17	1	1079.28994	585.47368	1349.11243	579.78947
FIHPZ04	18	0	1360.47337	426.31579	1653.01775	395.05263
FIHPZ04	18	1	1397.39645	503.05263	1701.30178	480.31579
FIHPZ04	19	0	1121.89349	559.89474	786.74556	554.21053
FIHPZ04	19	1	1235.50296	633.78947	945.79882	633.78947
FIHPZ04	20	0	1394.55621	662.21053	1136.09467	659.36842
FIHPZ04	20	1	1570.65089	733.26316	1292.30769	733.26316
FIHPZ04	21	0	1590.53254	488.84211	1741.06509	446.21053
FIHPZ04	21	1	1735.38462	457.57895	1897.27811	414.94737
FIHPZ04	22	0	1215.62130	463.26316	1297.98817	451.89474
FIHPZ04	22	1	1300.82840	420.63158	1403.07692	400.73684
FIHPZ05	0	0	417.51479	119.36842	505.56213	127.89474
FIHPZ05	0	1	522.60355	173.36842	593.60947	184.73684
FIHPZ05	1	0	718.57988	650.84211	854.91124	645.15789
FIHPZ05	1	1	775.38462	648.00000	923.07692	642.31579
FIHPZ05	2	0	806.62722	287.05263	846.39053	287.05263
FIHPZ05	2	1	903.19527	306.94737	948.63905	306.94737
FIHPZ05	3	0	1564.97041	235.89474	1590.53254	227.36842
FIHPZ05	3	1	1769.46746	130.73684	1831.95266	90.94737
FIHPZ05	4	0	1368.99408	534.31579	1405.91716	559.89474
FIHPZ05	4	1	1496.80473	491.68421	1553.60947	511.57895
FIHPZ05	5	0	1610.41420	918.00000	1343.43195	1000.42105
FIHPZ05	5	1	1795.02959	900.94737	1542.24852	1003.26316
FIHPZ05	6	0	284.02367	801.47368	68.16568	724.73684
FIHPZ05	6	1	616.33136	801.47368	363.55030	756.00000
FIHPZ05	7	0	1457.04142	420.63158	1354.79290	434.84211
FIHPZ05	7	1	1559.28994	292.73684	1493.96450	284.21053
FIHPZ05	8	0	749.82249	565.57895	644.73373	551.36842
FIHPZ05	8	1	968.52071	630.94737	840.71006	628.10526
FIHPZ05	9	0	968.52071	551.36842	1192.89941	562.73684
FIHPZ05	9	1	1297.98817	522.94737	1550.76923	545.68421
FIHPZ05	10	0	616.33136	25.57895	914.55621	31.26316
FIHPZ05	10	1	653.25444	51.15789	948.63905	54.00000
FIHPZ05	11	0	65.32544	213.15789	480.00000	221.68421
FIHPZ05	11	1	198.81657	284.21053	587.92899	287.05263
FIHPZ05	12	0	161.89349	534.31579	343.66864	500.21053
FIHPZ05	12	1	295.38462	574.10526	451.59763	545.68421
FIHPZ05	13	0	1630.29586	414.94737	1797.86982	434.84211
FIHPZ05	13	1	1735.38462	363.78947	1897.27811	378.00000
FIHPZ05	14	0	1249.70414	693.47368	1104.85207	713.36842
FIHPZ05	14	1	1454.20118	656.52632	1343.43195	696.31579
FIHPZ05	15	0	971.36095	653.68421	1056.56805	662.21053
FIHPZ05	15	1	1104.85207	625.26316	1187.21893	633.78947
FIHPZ05	16	0	124.97041	557.05263	164.73373	511.57895
FIHPZ05	16	1	326.62722	537.15789	357.86982	503.05263
FIHPZ05	17	0	497.04142	557.05263	516.92308	528.63158
FIHPZ05	17	1	687.33728	596.84211	664.61538	585.47368
FIHPZ05	18	0	417.51479	360.94737	2.84024	358.10526
FIHPZ05	18	1	1911.47929	352.42105	1840.47337	358.10526
FIHPZ05	19	0	718.57988	801.47368	448.75740	767.36842
FIHPZ05	19	1	928.75740	875.36842	622.01183	849.78947
FIHPZ05	20	0	903.19527	599.68421	795.26627	596.84211
FIHPZ05	20	1	1039.52663	568.42105	957.15976	574.10526
FIHPZ05	21	0	1036.68639	517.26316	837.86982	505.89474
FIHPZ05	21	1	1190.05917	517.26316	1008.28402	525.78947
FIHPZ05	22	0	1618.93491	636.63158	1167.33728	684.94737
FIHPZ05	22	1	1880.23669	775.89474	1323.55030	869.68421
FIHPZ05	23	0	607.81065	628.10526	230.05917	588.31579
FIHPZ05	23	1	911.71598	770.21053	511.24260	747.47368
FIHPZ05	24	0	1232.66272	352.42105	1275.26627	360.94737
FIHPZ05	24	1	1323.55030	287.05263	1405.91716	284.21053
FIHPZ06	0	0	1244.02367	915.15789	1278.10651	926.52632
FIHPZ06	0	1	1386.03550	869.68421	1408.75740	889.57895
FIHPZ06	1	0	903.19527	980.52632	911.71598	983.36842
FIHPZ06	1	1	982.72189	963.47368	1022.48521	969.15789
FIHPZ06	2	0	516.92308	1031.68421	366.39053	991.89474
FIHPZ06	2	1	732.78107	926.52632	533.96450	906.63158
FIHPZ06	3	0	417.51479	804.31579	542.48521	810.00000
FIHPZ06	3	1	522.60355	864.00000	641.89349	875.36842
FIHPZ06	4	0	505.56213	616.73684	207.33728	619.57895
FIHPZ06	4	1	843.55030	568.42105	553.84615	571.26316
FIHPZ06	5	0	1309.34911	875.36842	1300.82840	889.57895
FIHPZ06	5	1	1457.04142	815.68421	1462.72189	835.57895
FIHPZ06	6	0	974.20118	1028.84211	528.28402	1017.47368
FIHPZ06	6	1	1178.69822	974.84211	766.86391	966.31579
FIHPZ06	7	0	1263.90533	926.52632	948.63905	940.73684
FIHPZ06	7	1	1459.88166	881.05263	1153.13609	869.68421
FIHPZ06	8	0	1272.42604	1014.63158	746.98225	1023.15789
FIHPZ06	8	1	1465.56213	929.36842	974.20118	935.05263
FIHPZ06	9	0	670.29586	980.52632	417.51479	940.73684
FIHPZ06	9	1	960.00000	1071.47368	556.68639	1057.26316
FIHPZ06	10	0	812.30769	625.26316	991.24260	630.94737
FIHPZ06	10	1	863.43195	520.10526	1036.68639	531.47368
FIHPZ06	11	0	1334.91124	321.15789	1647.33728	292.73684
FIHPZ06	11	1	1511.00592	363.78947	1854.67456	318.31579
FIHPZ06	12	0	1582.01183	889.57895	1280.94675	909.47368
FIHPZ06	12	1	1843.31361	704.84211	1468.40237	699.15789
FIHPZ06	13	0	494.20118	153.47368	508.40237	198.94737
FIHPZ06	13	1	604.97041	207.47368	619.17160	235.89474
FIHPZ06	14	0	1511.00592	326.84211	1743.90533	272.84211
FIHPZ06	14	1	1573.49112	324.00000	1817.75148	270.00000
FIHPZ06	15	0	8.52071	650.84211	159.05325	662.21053
FIHPZ06	15	1	193.13609	679.26316	281.18343	682.10526
FIHPZ06	16	0	772.54438	795.78947	781.06509	792.94737
FIHPZ06	16	1	937.27811	784.42105	914.55621	781.57895
FIHPZ07	0	0	965.68047	588.31579	917.39645	605.36842
FIHPZ07	0	1	1076.44970	696.31579	1011.12426	704.84211
FIHPZ07	1	0	1232.66272	628.10526	1181.53846	633.78947
FIHPZ07	1	1	1400.23669	574.10526	1357.63314	608.21053
FIHPZ07	2	0	1508.16568	622.42105	1445.68047	662.21053
FIHPZ07	2	1	1664.37870	585.47368	1584.85207	628.10526
FIHPZ07	3	0	1340.59172	383.68421	1232.66272	389.36842
FIHPZ07	3	1	1528.04734	380.84211	1383.19527	406.42105
FIHPZ07	4	0	286.86391	639.47368	298.22485	591.15789
FIHPZ07	4	1	417.51479	633.78947	383.43195	596.84211
FIHPZ07	5	0	1008.28402	386.52632	1173.01775	389.36842
FIHPZ07	5	1	1087.81065	454.73684	1261.06509	460.42105
FIHPZ07	6	0	235.73964	696.31579	218.69822	639.47368
FIHPZ07	6	1	403.31361	684.94737	374.91124	633.78947
FIHPZ07	7	0	934.43787	241.57895	360.71006	247.26316
FIHPZ07	7	1	1445.68047	176.21053	789.58580	162.00000
FIHPZ07	8	0	1488.28402	227.36842	1184.37870	210.31579
FIHPZ07	8	1	1695.62130	181.89474	1474.08284	162.00000
FIHPZ07	9	0	1474.08284	693.47368	1323.55030	730.42105
FIHPZ07	9	1	1601.89349	670.73684	1505.32544	719.05263
FIHPZ07	10	0	210.17751	289.89474	150.53254	287.05263
FIHPZ07	10	1	423.19527	289.89474	366.39053	292.73684
FIHPZ07	11	0	942.95858	866.84211	900.35503	866.84211
FIHPZ07	11	1	1022.48521	849.78947	971.36095	858.31579
FIHPZ07	12	0	255.62130	1008.94737	79.52663	906.63158
FIHPZ07	12	1	383.43195	994.73684	213.01775	909.47368
FIHPZ07	13	0	931.59763	423.47368	690.17751	423.47368
FIHPZ07	13	1	1249.70414	511.57895	1016.80473	514.42105
FIHPZ07	14	0	1437.15976	1051.57895	641.89349	1071.47368
FIHPZ07	14	1	1687.10059	957.78947	1008.28402	1003.26316
FIHPZ07	15	0	511.24260	602.52632	497.04142	576.94737
FIHPZ07	15	1	729.94083	551.36842	681.65680	534.31579
FIHPZ07	16	0	837.86982	869.68421	769.70414	852.63158
FIHPZ07	16	1	951.47929	818.52632	911.71598	818.52632
FIHPZ07	17	0	380.59172	343.89474	551.00592	338.21053
FIHPZ07	17	1	542.48521	338.21053	710.05917	338.21053
FIHPZ07	18	0	36.92308	196.10526	377.75148	204.63158
FIHPZ07	18	1	119.28994	125.05263	445.91716	139.26316
FIHPZ07	19	0	1178.69822	338.21053	1158.81657	343.89474
FIHPZ07	19	1	1366.15385	409.26316	1340.59172	429.15789
FIHPZ07	20	0	687.33728	991.89474	295.38462	943.57895
FIHPZ07	20	1	1397.39645	795.78947	954.31953	827.05263
FIHPZ07	21	0	661.77515	974.84211	551.00592	912.31579
FIHPZ07	21	1	1354.79290	693.47368	1229.82249	713.36842
FIHPZ07	22	0	1425.79882	585.47368	897.51479	605.36842
FIHPZ07	22	1	1814.91124	517.26316	1178.69822	548.52632
FIHPZ07	23	0	1633.13609	292.73684	1570.65089	292.73684
FIHPZ07	23	1	1877.39645	238.73684	1894.43787	221.68421
FIHPZ07	24	0	400.47337	355.26316	491.36095	346.73684
FIHPZ07	24	1	602.13018	363.78947	664.61538	360.94737
FIHPZ07	25	0	826.50888	281.36842	411.83432	278.52632
FIHPZ07	25	1	991.24260	406.42105	604.97041	412.10526
FIHPZ07	26	0	1516.68639	423.47368	1119.05325	432.00000
FIHPZ07	26	1	1749.58580	363.78947	1320.71006	372.31579
FIHPZ07	27	0	1630.29586	378.00000	1317.86982	386.52632
FIHPZ07	27	1	1831.95266	289.89474	1488.28402	287.05263
FIHPZ07	28	0	656.09467	653.68421	443.07692	630.94737
FIHPZ07	28	1	829.34911	753.15789	587.92899	733.26316
FIHPZ07	29	0	502.72189	918.00000	201.65680	835.57895
FIHPZ07	29	1	678.81657	861.15789	397.63314	807.15789
FIHPZ07	30	0	511.24260	429.15789	372.07101	423.47368
FIHPZ07	30	1	675.97633	432.00000	499.88166	414.94737
FIHPZ07	31	0	31.24260	676.42105	76.68639	611.05263
FIHPZ07	31	1	235.73964	653.68421	275.50296	611.05263
FIHPZ07	32	0	56.80473	744.63158	34.08284	673.57895
FIHPZ07	32	1	258.46154	690.63158	221.53846	639.47368
FIHPZ07	33	0	502.72189	542.84211	352.18935	514.42105
FIHPZ07	33	1	656.09467	414.94737	553.84615	400.73684
FIHPZ08	0	0	1607.57396	733.26316	1306.50888	710.52632
FIHPZ08	0	1	1746.74556	778.73684	1403.07692	756.00000
FIHPZ08	1	0	269.82249	733.26316	522.60355	721.89474
FIHPZ08	1	1	320.94675	724.73684	570.88757	716.21053
FIHPZ08	2	0	116.44970	360.94737	190.29586	420.63158
FIHPZ08	2	1	292.54438	329.68421	337.98817	372.31579
FIHPZ08	3	0	1448.52071	619.57895	1354.79290	548.52632
FIHPZ08	3	1	1655.85799	497.36842	1587.69231	417.78947
FIHPZ08	4	0	1564.97041	400.73684	1658.69822	292.73684
FIHPZ08	4	1	1647.33728	338.21053	1760.94675	210.31579
FIHPZ08	5	0	142.01183	790.10526	130.65089	792.94737
FIHPZ08	5	1	335.14793	738.94737	275.50296	736.10526
FIHPZ08	6	0	1258.22485	1031.68421	664.61538	1006.10526
FIHPZ08	6	1	1420.11834	989.05263	920.23669	989.05263
FIHPZ08	7	0	1008.28402	636.63158	596.44970	625.26316
FIHPZ08	7	1	1158.81657	770.21053	798.10651	750.31579
FIHPZ08	8	0	502.72189	454.73684	173.25444	486.00000
FIHPZ08	8	1	817.98817	389.36842	528.28402	395.05263
FIHPZ08	9	0	951.47929	193.26316	837.86982	176.21053
FIHPZ08	9	1	1127.57396	221.68421	1008.28402	176.21053
FIHPZ08	10	0	613.49112	460.42105	389.11243	483.15789
FIHPZ08	10	1	900.35503	375.15789	667.45562	358.10526
FIHPZ08	11	0	1695.62130	397.89474	1508.16568	298.42105
FIHPZ08	11	1	1914.31953	301.26316	1775.14793	147.78947
FIHPZ08	12	0	690.17751	289.89474	764.02367	281.36842
FIHPZ08	12	1	823.66864	301.26316	894.67456	281.36842
FIHPZ08	13	0	991.24260	252.94737	1033.84615	216.00000
FIHPZ08	13	1	1181.53846	306.94737	1246.86391	233.05263
FIHPZ08	14	0	1056.56805	810.00000	465.79882	835.57895
FIHPZ08	14	1	1383.19527	929.36842	803.78698	929.36842
FIHPZ08	15	0	923.07692	798.63158	562.36686	787.26316
FIHPZ08	15	1	1173.01775	824.21053	809.46746	807.15789
FIHPZ08	16	0	914.55621	76.73684	923.07692	59.68421
FIHPZ08	16	1	1090.65089	110.84211	1087.81065	54.00000
FIHPZ08	17	0	585.08876	636.63158	119.28994	650.84211
FIHPZ08	17	1	806.62722	613.89474	377.75148	622.42105
FIHPZ08	18	0	871.95266	500.21053	465.79882	511.57895
FIHPZ08	18	1	1016.80473	486.00000	678.81657	480.31579
FIHPZ08	19	0	727.10059	383.68421	488.52071	403.57895
FIHPZ08	19	1	974.20118	397.89474	735.62130	397.89474
FIHPZ08	20	0	1232.66272	440.52632	1056.56805	397.89474
FIHPZ08	20	1	1329.23077	332.52632	1201.42012	261.47368
FIHPZ09	0	0	1053.72781	332.52632	1087.81065	335.36842
FIHPZ09	0	1	1201.42012	386.52632	1215.62130	397.89474
FIHPZ09	1	0	1170.17751	108.00000	1141.77515	102.31579
FIHPZ09	1	1	1323.55030	147.78947	1332.07101	133.57895
FIHPZ09	2	0	1357.63314	201.78947	1363.31361	204.63158
FIHPZ09	2	1	1479.76331	284.21053	1522.36686	295.57895
FIHPZ09	3	0	1601.89349	261.47368	1621.77515	255.78947
FIHPZ09	3	1	1743.90533	315.47368	1817.75148	329.68421
FIHPZ09	4	0	1249.70414	810.00000	985.56213	846.94737
FIHPZ09	4	1	1496.80473	983.36842	1224.14201	1040.21053
FIHPZ09	5	0	337.98817	738.94737	252.78107	684.94737
FIHPZ09	5	1	531.12426	781.57895	434.55621	736.10526
FIHPZ09	6	0	826.50888	437.68421	656.09467	432.00000
FIHPZ09	6	1	1033.84615	514.42105	849.23077	511.57895
FIHPZ09	7	0	1442.84024	341.05263	1777.98817	349.57895
FIHPZ09	7	1	1522.36686	321.15789	1880.23669	324.00000
FIHPZ09	8	0	1570.65089	858.31579	1474.08284	937.89474
FIHPZ09	8	1	1786.50888	781.57895	1675.73964	889.57895
FIHPZ09	9	0	732.78107	255.78947	445.91716	258.63158
FIHPZ09	9	1	991.24260	375.15789	607.81065	378.00000
FIHPZ09	10	0	548.16568	440.52632	443.07692	426.31579
FIHPZ09	10	1	729.94083	397.89474	624.85207	386.52632
FIHPZ09	11	0	622.01183	457.57895	769.70414	449.05263
FIHPZ09	11	1	684.49704	576.94737	803.78698	565.57895
FIHPZ09	12	0	0.00000	520.10526	2.84024	474.63158
FIHPZ09	12	1	150.53254	525.78947	147.69231	486.00000
FIHPZ09	13	0	488.52071	633.78947	573.72781	599.68421
FIHPZ09	13	1	559.52663	645.15789	653.25444	622.42105
FIHPZ09	14	0	1138.93491	628.10526	1212.78107	648.00000
FIHPZ09	14	1	1187.21893	568.42105	1252.54438	591.15789
FIHPZ09	15	0	1493.96450	838.42105	843.55030	866.84211
FIHPZ09	15	1	1749.58580	815.68421	1127.57396	875.36842
FIHPZ09	16	0	1420.11834	795.78947	965.68047	827.05263
FIHPZ09	16	1	1616.09467	758.84211	1170.17751	801.47368
FIHPZ09	17	0	1073.60947	636.63158	630.53254	625.26316
FIHPZ09	17	1	1238.34320	457.57895	789.58580	451.89474
FIHPZ09	18	0	1244.02367	721.89474	846.39053	727.57895
FIHPZ09	18	1	1425.79882	636.63158	1065.08876	653.68421
FIHPZ09	19	0	800.94675	1000.42105	604.97041	963.47368
FIHPZ09	19	1	874.79290	966.31579	724.26036	937.89474
FIHPZ09	20	0	940.11834	704.84211	673.13609	687.78947
FIHPZ09	20	1	1039.52663	656.52632	820.82840	662.21053
FIHPZ09	21	0	940.11834	335.36842	627.69231	335.36842
FIHPZ09	21	1	1048.04734	335.36842	789.58580	329.68421
FIHPZ09	22	0	357.86982	898.10526	2.84024	795.78947
FIHPZ09	22	1	568.04734	1031.68421	102.24852	943.57895
FIHPZ09	23	0	1351.95266	88.10526	1297.98817	59.68421
FIHPZ09	23	1	1550.76923	125.05263	1499.64497	88.10526
FISZ01	0	0	1031.00592	756.00000	979.88166	767.36842
FISZ01	0	1	1215.62130	784.42105	1110.53254	804.31579
FISZ01	1	0	499.88166	372.31579	545.32544	358.10526
FISZ01	1	1	633.37278	375.15789	664.61538	363.78947
FISZ01	2	0	928.75740	451.89474	874.79290	449.05263
FISZ01	2	1	1090.65089	528.63158	1039.52663	531.47368
FISZ01	3	0	1235.50296	449.05263	1136.09467	451.89474
FISZ01	3	1	1377.51479	571.26316	1286.62722	591.15789
FISZ01	4	0	1175.85799	690.63158	1209.94083	710.52632
FISZ01	4	1	1249.70414	730.42105	1278.10651	744.63158
FISZ01	5	0	888.99408	756.00000	775.38462	750.31579
FISZ01	5	1	1016.80473	810.00000	877.63314	815.68421
FISZ01	6	0	366.39053	301.26316	431.71598	304.10526
FISZ01	6	1	497.04142	358.10526	539.64497	352.42105
FISZ01	7	0	136.33136	696.31579	107.92899	636.63158
FISZ01	7	1	363.55030	784.42105	332.30769	724.73684
FISZ01	8	0	235.73964	551.36842	252.78107	514.42105
FISZ01	8	1	460.11834	571.26316	431.71598	542.84211
FISZ01	9	0	772.54438	687.78947	744.14201	676.42105
FISZ01	9	1	945.79882	756.00000	925.91716	741.78947
FISZ01	10	0	897.51479	858.31579	707.21893	835.57895
FISZ01	10	1	1104.85207	866.84211	871.95266	878.21053
FISZ01	11	0	1601.89349	815.68421	1346.27219	881.05263
FISZ01	11	1	1848.99408	858.31579	1547.92899	957.78947
FISZ01	12	0	193.13609	815.68421	119.28994	730.42105
FISZ01	12	1	451.59763	818.52632	309.58580	753.15789
FISZ01	13	0	1187.21893	588.31579	812.30769	588.31579
FISZ01	13	1	1366.15385	838.42105	906.03550	861.15789
FISZ01	14	0	778.22485	798.63158	511.24260	767.36842
FISZ01	14	1	965.68047	667.89474	778.22485	673.57895
FISZ01	15	0	1442.84024	918.00000	1144.61538	966.31579
FISZ01	15	1	1681.42012	946.42105	1440.00000	1048.73684
FISZ01	16	0	886.15385	548.52632	778.22485	542.84211
FISZ01	16	1	996.92308	579.78947	903.19527	579.78947
FISZ01	17	0	167.57396	559.89474	130.65089	520.10526
FISZ01	17	1	352.18935	463.26316	261.30178	440.52632
FISZ01	18	0	940.11834	318.31579	494.20118	326.84211
FISZ01	18	1	1326.39053	426.31579	820.82840	420.63158
FISZ01	19	0	1428.63905	221.68421	1272.42604	216.00000
FISZ01	19	1	1658.69822	193.26316	1530.88757	162.00000
FISZ01	20	0	1525.20710	264.31579	1425.79882	255.78947
FISZ01	20	1	1732.54438	292.73684	1638.81657	281.36842
FISZ01	21	0	1641.65680	329.68421	1499.64497	329.68421
FISZ01	21	1	1831.95266	380.84211	1729.70414	386.52632
FISZ01	22	0	1289.46746	68.21053	1405.91716	34.10526
FISZ01	22	1	1440.00000	142.10526	1570.65089	73.89474
FISZ01	23	0	1289.46746	338.21053	1232.66272	329.68421
FISZ01	23	1	1411.59763	352.42105	1400.23669	360.94737
FISZ01	24	0	1056.56805	142.10526	1062.24852	36.94737
FISZ01	24	1	1212.78107	201.78947	1224.14201	136.42105
FISZ02	0	0	1409.52381	980.77739	1139.04762	1041.97183
FISZ02	0	1	1668.57143	957.87986	1413.33333	1041.97183
FISZ02	1	0	316.19048	1007.49117	114.28571	916.47887
FISZ02	1	1	662.85714	1003.67491	361.90476	931.69014
FISZ02	2	0	929.52381	667.84452	784.76190	650.28169
FISZ02	2	1	1161.90476	610.60071	967.61905	597.04225
FISZ02	3	0	1104.76190	91.59011	419.04762	95.07042
FISZ02	3	1	1512.38095	255.68905	811.42857	273.80282
FISZ02	4	0	632.38095	725.08834	209.52381	688.30986
FISZ02	4	1	857.14286	660.21201	495.23810	642.67606
FISZ02	5	0	792.38095	667.84452	529.52381	635.07042
FISZ02	5	1	956.19048	824.31095	620.95238	802.39437
FISZ03	0	0	823.66864	972.00000	386.27219	960.63158
FISZ03	0	1	1016.80473	935.05263	525.44379	923.68421
FISZ03	1	0	1621.77515	736.10526	1383.19527	699.15789
FISZ03	1	1	1834.79290	744.63158	1573.49112	704.84211
FISZ03	2	0	1345.28428	520.71429	1516.12688	469.28571
FISZ03	2	1	1537.92642	549.64286	1734.09015	472.50000
FISZ03	3	0	508.40237	790.10526	718.57988	770.21053
FISZ03	3	1	687.33728	687.78947	852.07101	667.89474
FISZ03	4	0	954.31953	864.00000	539.64497	852.63158
FISZ03	4	1	1289.46746	940.73684	803.78698	949.26316
FISZ03	5	0	951.47929	949.26316	846.39053	935.05263
FISZ03	5	1	1053.72781	883.89474	937.27811	866.84211
FISZ03	6	0	1073.60947	832.73684	925.91716	812.84211
FISZ03	6	1	1249.70414	895.26316	1087.81065	866.84211
FISZ03	7	0	1377.51479	630.94737	1573.49112	565.57895
FISZ03	7	1	1635.97633	551.36842	1880.23669	446.21053
FISZ03	8	0	1400.23669	522.94737	1493.96450	457.57895
FISZ03	8	1	1525.20710	466.10526	1618.93491	389.36842
FISZ03	9	0	1386.03550	486.00000	1471.24260	412.10526
FISZ03	9	1	1516.68639	443.36842	1590.53254	343.89474
FISZ03	10	0	1596.21302	378.00000	1735.38462	258.63158
FISZ03	10	1	1738.22485	332.52632	1891.59763	193.26316
FISZ03	11	0	1550.76923	241.57895	1485.44379	144.94737
FISZ03	11	1	1718.34320	270.00000	1709.82249	142.10526
FISZ03	12	0	1516.68639	608.21053	1630.29586	537.15789
FISZ03	12	1	1644.49704	525.78947	1775.14793	457.57895
FISZ03	13	0	670.29586	468.94737	707.21893	463.26316
FISZ03	13	1	800.94675	423.47368	832.18935	420.63158
FISZ03	14	0	1252.54438	758.84211	1184.37870	736.10526
FISZ03	14	1	1459.88166	730.42105	1403.07692	693.47368
FISZ03	15	0	977.04142	665.05263	772.54438	648.00000
FISZ03	15	1	1147.45562	699.15789	942.95858	673.57895
FISZ03	16	0	1323.55030	514.42105	1016.80473	480.31579
FISZ03	16	1	1542.24852	312.63158	1297.98817	221.68421
FISZ03	17	0	161.89349	343.89474	139.17160	400.73684
FISZ03	17	1	417.51479	173.36842	335.14793	233.05263
FISZ03	18	0	585.08876	295.57895	298.22485	321.15789
FISZ03	18	1	826.50888	406.42105	568.04734	403.57895
FISZ03	19	0	1192.89941	781.57895	1084.97041	750.31579
FISZ03	19	1	1397.39645	650.84211	1278.10651	608.21053
FISZ04	0	0	1585.56139	558.13433	1315.59286	582.31343
FISZ04	0	1	1712.48688	608.50746	1384.09234	644.77612
FISZ04	1	0	588.28961	38.28358	358.61490	84.62687
FISZ04	1	1	779.68520	261.94030	560.08395	259.92537
FISZ04	2	0	785.72928	566.19403	787.74397	558.13433
FISZ04	2	1	956.97796	618.58209	948.91920	610.52239
FISZ04	3	0	846.16999	98.73134	614.48059	96.71642
FISZ04	3	1	1098.00630	147.08955	830.05247	145.07463
FISZ04	4	0	366.67366	421.11940	145.05771	409.02985
FISZ04	4	1	638.65687	542.01493	366.67366	503.73134
FISZ04	5	0	306.23295	540.00000	120.88143	507.76119
FISZ04	5	1	672.90661	604.47761	423.08499	576.26866
FISZ04	6	0	672.90661	608.50746	497.62854	582.31343
FISZ04	6	1	938.84575	751.56716	670.89192	721.34328
FISZ04	7	0	1557.35572	284.10448	1269.25498	294.17910
FISZ04	7	1	1887.76495	241.79104	1509.00315	229.70149
FISZ04	8	0	465.39349	336.49254	404.95278	320.37313
FISZ04	8	1	981.15425	769.70149	785.72928	725.37313
FISZ04	9	0	584.26023	1039.70149	30.22036	942.98507
FISZ04	9	1	973.09549	1073.95522	356.60021	1043.73134
FISZ04	10	0	918.69885	729.40299	457.33473	693.13433
FISZ04	10	1	1098.00630	757.61194	646.71563	753.58209
FISZ04	11	0	868.33158	918.80597	157.14586	850.29851
FISZ04	11	1	999.28646	840.22388	392.86464	810.00000
FISZ04	12	0	449.27597	213.58209	282.05666	219.62687
FISZ04	12	1	725.28856	247.83582	483.52571	241.79104
FISZ04	13	0	1307.53410	666.94030	1309.54879	683.05970
FISZ04	13	1	1466.69465	672.98507	1464.67996	709.25373
FISZ06	0	0	593.60947	636.63158	599.28994	611.05263
FISZ06	0	1	698.69822	787.26316	670.29586	773.05263
FISZ06	1	0	465.79882	812.84211	269.82249	753.15789
FISZ06	1	1	622.01183	818.52632	434.55621	767.36842
FISZ06	2	0	596.44970	923.68421	542.48521	875.36842
FISZ06	2	1	644.73373	923.68421	607.81065	875.36842
FISZ06	3	0	1093.49112	906.63158	1065.08876	918.00000
FISZ06	3	1	1292.30769	929.36842	1269.58580	974.84211
FISZ06	4	0	761.18343	832.73684	766.86391	812.84211
FISZ06	4	1	883.31361	920.84211	886.15385	920.84211
FISZ06	5	0	173.25444	775.89474	19.88166	693.47368
FISZ06	5	1	394.79290	923.68421	190.29586	812.84211
FISZ06	6	0	891.83432	702.00000	849.23077	682.10526
FISZ06	6	1	1042.36686	744.63158	996.92308	747.47368
FISZ06	7	0	1306.50888	972.00000	1224.14201	1008.94737
FISZ06	7	1	1511.00592	1000.42105	1431.47929	1065.78947
FISZ06	8	0	829.34911	861.15789	795.26627	832.73684
FISZ06	8	1	960.00000	866.84211	931.59763	866.84211
FISZ06	9	0	789.58580	540.00000	920.23669	528.63158
FISZ06	9	1	877.63314	611.05263	996.92308	602.52632
FISZ06	10	0	1292.30769	949.26316	1303.66864	986.21053
FISZ06	10	1	1414.43787	972.00000	1420.11834	1028.84211
FISZ06	11	0	204.49704	744.63158	116.44970	676.42105
FISZ06	11	1	340.82840	781.57895	232.89941	719.05263
FISZ06	12	0	593.97993	221.78571	810.95159	212.14286
FISZ06	12	1	690.30100	260.35714	923.13856	241.07143
FISZ06	13	0	411.83432	378.00000	653.25444	366.63158
FISZ06	13	1	485.68047	306.94737	727.10059	306.94737
FISZ06	14	0	795.26627	372.31579	923.07692	363.78947
FISZ06	14	1	914.55621	409.26316	1042.36686	403.57895
FISZ06	15	0	1167.33728	952.10526	781.06509	957.78947
FISZ06	15	1	1522.36686	1011.78947	1141.77515	1071.47368
FISZ06	16	0	522.60355	34.10526	803.78698	42.63158
FISZ06	16	1	616.33136	105.15789	900.35503	110.84211
FISZ06	17	0	1388.87574	761.68421	1241.18343	810.00000
FISZ06	17	1	1579.17160	881.05263	1363.31361	966.31579
FISZ06	18	0	928.75740	497.36842	908.87574	497.36842
FISZ06	18	1	1121.89349	557.05263	1059.40828	588.31579
FISZ06	19	0	761.18343	542.84211	772.54438	548.52632
FISZ06	19	1	906.03550	645.15789	928.75740	656.52632
FISZ06	20	0	45.44379	613.89474	45.44379	571.26316
FISZ06	20	1	230.05917	738.94737	210.17751	682.10526
FISZ06	21	0	34.08284	258.63158	144.85207	261.47368
FISZ06	21	1	690.17751	733.26316	596.44970	730.42105
FISZ07	0	0	427.02341	504.64286	317.32888	523.92857
FISZ07	0	1	584.34783	511.07143	442.33723	530.35714
FISZ07	1	0	619.66555	405.00000	570.55092	417.85714
FISZ07	1	1	841.20401	385.71429	750.05008	376.07143
FISZ07	2	0	401.33779	347.14286	9.61603	417.85714
FISZ07	2	1	658.19398	366.42857	185.90985	414.64286
FISZ07	3	0	754.51505	241.07143	310.91820	289.28571
FISZ07	3	1	979.26421	228.21429	467.97997	247.50000
FISZ07	4	0	1515.45151	675.00000	887.87980	642.85714
FISZ07	4	1	1820.46823	639.64286	1185.97663	607.50000
FISZ07	5	0	1534.71572	633.21429	1073.78965	588.21429
FISZ07	5	1	1743.41137	610.71429	1304.57429	552.85714
FISZ07	6	0	1245.75251	392.14286	968.01336	331.07143
FISZ07	6	1	1431.97324	360.00000	1102.63773	298.92857
FISZ07	7	0	1335.65217	607.50000	897.49583	591.42857
FISZ07	7	1	1525.08361	591.42857	1105.84307	543.21429
FISZ07	8	0	1271.43813	597.85714	884.67446	562.50000
FISZ07	8	1	1390.23411	514.28571	1060.96828	475.71429
FISZ07	9	0	882.94314	630.00000	522.47078	633.21429
FISZ07	9	1	1075.58528	552.85714	708.38063	536.78571
FISZ07	10	0	635.71906	800.35714	137.82972	803.57143
FISZ07	10	1	918.26087	761.78571	339.76628	758.57143
FISZ07	11	0	841.20401	424.28571	429.51586	437.14286
FISZ07	11	1	1040.26756	504.64286	586.57763	498.21429
FISZ07	12	0	471.97324	536.78571	259.63272	559.28571
FISZ07	12	1	658.19398	491.78571	391.05175	517.50000
FISZ07	13	0	1049.89967	970.71429	233.98998	964.28571
FISZ07	13	1	1457.65886	842.14286	634.65776	842.14286
FISZ07	14	0	744.88294	12.85714	179.49917	73.92857
FISZ07	14	1	1030.63545	160.71429	458.36394	173.57143
FISZ07	15	0	1126.95652	247.50000	198.73122	282.85714
FISZ07	15	1	1582.87625	385.71429	641.06845	356.78571
FISZ07	16	0	1210.43478	912.85714	205.14190	928.92857
FISZ07	16	1	1621.40468	928.92857	727.61269	948.21429
FISZ07	17	0	873.31104	80.35714	506.44407	112.50000
FISZ07	17	1	1165.48495	154.28571	750.05008	118.92857
FISZ07	18	0	985.68562	270.00000	836.59432	244.28571
FISZ07	18	1	1252.17391	334.28571	1134.69115	266.78571
FISZ07	19	0	1049.89967	189.64286	750.05008	173.57143
FISZ07	19	1	1290.70234	276.42857	964.80801	225.00000
FISZ07	20	0	1133.37793	999.64286	352.58765	1009.28571
FISZ07	20	1	1573.24415	1063.92857	625.04174	1067.14286
FISZ07	21	0	362.80936	160.71429	96.16027	247.50000
FISZ07	21	1	590.76923	160.71429	307.71285	225.00000
FISZ07	22	0	995.31773	154.28571	804.54090	138.21429
FISZ07	22	1	1252.17391	189.64286	1057.76294	122.14286
FISZ07	23	0	256.85619	263.57143	182.70451	334.28571
FISZ07	23	1	581.13712	186.42857	474.39065	228.21429
FISZ07	24	0	234.38127	176.78571	282.07012	234.64286
FISZ07	24	1	481.60535	131.78571	500.03339	167.14286
FISZ07	25	0	199.06355	276.42857	0.00000	376.07143
FISZ07	25	1	1210.43478	652.50000	782.10351	630.00000
FISZ07	26	0	841.20401	225.00000	766.07679	205.71429
FISZ07	26	1	1444.81605	501.42857	1262.90484	491.78571
FISZ07	27	0	911.83946	96.42857	605.80968	96.42857
FISZ07	27	1	1261.80602	86.78571	971.21870	28.92857
FISZ07	28	0	1592.50836	517.50000	1294.95826	459.64286
FISZ07	28	1	1839.73244	495.00000	1599.46578	405.00000
FISZ08	0	0	1415.91973	273.21429	1019.29883	263.57143
FISZ08	0	1	1701.67224	392.14286	1208.41402	401.78571
FISZ08	1	0	1364.54849	122.14286	1051.35225	99.64286
FISZ08	1	1	1553.97993	83.57143	1288.54758	61.07143
FISZ08	2	0	1534.71572	167.14286	1176.36060	163.92857
FISZ08	2	1	1797.99331	263.57143	1426.37730	244.28571
FISZ08	3	0	658.19398	183.21429	605.80968	189.64286
FISZ08	3	1	889.36455	64.28571	833.38898	64.28571
FISZ08	4	0	150.90301	427.50000	22.43740	411.42857
FISZ08	4	1	443.07692	414.64286	291.68614	421.07143
FISZ08	5	0	1509.03010	376.07143	1202.00334	385.71429
FISZ08	5	1	1846.15385	366.42857	1474.45743	363.21429
FISZ08	6	0	1252.17391	234.64286	1012.88815	228.21429
FISZ08	6	1	1480.13378	241.07143	1227.64608	231.42857
FISZ08	7	0	587.55853	382.50000	576.96160	372.85714
FISZ08	7	1	735.25084	337.50000	689.14858	340.71429
FISZ08	8	0	459.13043	305.35714	403.87312	308.57143
FISZ08	8	1	590.76923	244.28571	506.44407	257.14286
FISZ08	9	0	1001.73913	961.07143	365.40902	932.14286
FISZ08	9	1	1181.53846	957.85714	548.11352	938.57143
FISZ08	10	0	1303.54515	340.71429	1057.76294	334.28571
FISZ08	10	1	1425.55184	343.92857	1182.77129	337.50000
FISZ08	11	0	224.74916	482.14286	25.64274	469.28571
FISZ08	11	1	462.34114	424.28571	288.48080	411.42857
FISZ08	12	0	696.72241	289.28571	298.09683	292.50000
FISZ08	12	1	963.21070	498.21429	538.49750	498.21429
FISZ08	13	0	741.67224	858.21429	99.36561	842.14286
FISZ08	13	1	927.89298	646.07143	301.30217	617.14286
FISZ08	14	0	398.12709	392.14286	243.60601	401.78571
FISZ08	14	1	844.41472	495.00000	583.37229	482.14286
FISZ08	15	0	898.99666	263.57143	913.52254	260.35714
FISZ08	15	1	1062.74247	318.21429	1076.99499	311.78571
FISZ08	16	0	1107.69231	334.28571	705.17529	334.28571
FISZ08	16	1	1454.44816	295.71429	1080.20033	286.07143
FISZ08	17	0	1216.85619	401.78571	1016.09349	405.00000
FISZ08	17	1	1435.18395	517.50000	1160.33389	540.00000
FISZ08	18	0	1473.71237	826.07143	910.31720	858.21429
FISZ08	18	1	1749.83278	732.85714	1266.11018	755.35714
FISZ09	0	0	902.20736	822.85714	935.95993	829.28571
FISZ09	0	1	998.52843	819.64286	1044.94157	826.07143
FISZ09	1	0	372.44147	90.00000	451.95326	154.28571
FISZ09	1	1	439.86622	225.00000	516.06010	263.57143
FISZ09	2	0	324.28094	665.35714	448.74791	668.57143
FISZ09	2	1	427.02341	652.50000	551.31886	658.92857
FISZ09	3	0	1274.64883	858.21429	1189.18197	864.64286
FISZ09	3	1	1451.23746	816.42857	1403.93990	835.71429
FISZ09	4	0	895.78595	928.92857	875.05843	909.64286
FISZ09	4	1	1085.21739	858.21429	1051.35225	871.07143
FISZ09	5	0	1393.44482	877.50000	1269.31553	890.35714
FISZ09	5	1	1573.24415	983.57143	1419.96661	1038.21429
FISZ09	6	0	301.80602	681.42857	269.24875	691.07143
FISZ09	6	1	404.54849	642.85714	391.05175	655.71429
FISZ09	7	0	391.70569	417.85714	400.66778	453.21429
FISZ09	7	1	532.97659	556.07143	525.67613	562.50000
FISZ09	8	0	581.13712	816.42857	445.54257	813.21429
FISZ09	8	1	719.19732	851.78571	605.80968	845.35714
FISZ09	9	0	1268.22742	501.42857	1166.74457	498.21429
FISZ09	9	1	1476.92308	511.07143	1355.85977	482.14286
FISZ09	10	0	671.03679	337.50000	750.05008	353.57143
FISZ09	10	1	793.04348	334.28571	849.41569	356.78571
FISZ09	11	0	1155.85284	408.21429	1163.53923	398.57143
FISZ09	11	1	1290.70234	392.14286	1282.13689	369.64286
FISZ09	12	0	1017.79264	504.64286	939.16528	507.85714
FISZ09	12	1	1191.17057	572.14286	1125.07513	572.14286
FISZ09	13	0	1014.58194	745.71429	782.10351	745.71429
FISZ09	13	1	1788.36120	935.35714	1577.02838	961.07143
FISZ09	14	0	324.28094	678.21429	384.64107	687.85714
FISZ09	14	1	545.81940	649.28571	596.19366	658.92857
LI03	0	0	1242.62280	773.85842	1044.73931	784.70343
LI03	0	1	1420.86253	785.52757	1213.32272	814.47988
LI03	1	0	858.16178	65.18629	833.60687	63.57675
LI03	1	1	929.77955	97.77943	930.78709	90.93890
LI03	2	0	1010.24895	25.35022	978.26404	15.29061
LI03	2	1	1101.17938	70.01490	1100.17519	51.90760
LI03	3	0	1005.95054	220.68703	1083.02850	209.11773
LI03	3	1	1091.24811	233.16095	1188.04107	223.20119
LI03	4	0	1090.44342	189.30104	1124.87259	177.32936
LI03	4	1	1171.71752	223.90611	1235.11567	208.71535
LI03	5	0	1392.47443	67.60060	1394.70914	31.78838
LI03	5	1	1491.85415	71.62444	1532.71417	25.35022
LI03	6	0	1306.37217	132.38450	1499.31433	104.21759
LI03	6	1	1399.31433	131.17735	1604.72925	96.16990
LI03	7	0	1430.12238	220.10581	1660.34199	194.09389
LI03	7	1	1495.30260	226.54396	1748.45599	199.32489
LI03	8	0	1788.43252	109.44858	1868.49958	43.85991
LI03	8	1	1623.47024	91.34128	1693.47863	39.83607
LI03	9	0	1576.79799	146.46796	1658.87678	107.83905
LI03	9	1	1492.70746	158.53949	1591.28248	125.54396
LI03	10	0	1089.20117	17.30253	952.40821	5.23100
LI03	10	1	1215.94049	51.90760	1118.97988	30.58122
LI03	11	0	1319.32607	380.36066	935.93546	376.76304
LI03	11	1	1546.77536	231.54396	1124.00587	211.79881
LI03	12	0	1388.40402	441.61550	1110.12657	440.72280
LI03	12	1	1617.74183	442.42027	1312.50712	443.13711
LI03	13	0	239.18441	740.65127	287.64292	686.36066
LI03	13	1	420.24057	743.46796	445.36295	699.63934
LI03	14	0	1588.77536	342.18927	1542.11567	331.50820
LI03	14	1	1775.86672	371.56334	1677.30427	364.10134
LI03	15	0	176.63034	449.67511	559.00587	427.12966
LI03	16	0	274.28667	352.02981	187.89606	348.85842
LI03	16	1	118.57837	317.82712	41.03940	323.10581
LI03	17	0	143.63789	759.43219	195.54065	694.21311
LI03	17	1	15.69153	818.58271	90.93043	733.64680
LI03	18	0	997.94300	675.35917	911.89103	667.23547
LI03	18	1	1023.69321	561.08197	947.69992	554.16542
LI03	19	0	674.01760	1079.19523	243.03688	1004.75410
LI03	19	1	509.86002	936.75112	114.28583	861.50522
LI03	20	0	1043.27158	665.36066	322.84158	651.20119
LI03	20	1	780.55323	708.19672	108.63370	675.39642
LI03	21	0	141.22381	839.46796	94.14920	757.88525
LI03	21	1	253.07628	883.32787	165.15759	803.62593
LI03	22	0	528.85750	217.53949	789.59598	216.11326
LI03	22	1	662.83906	203.85842	893.40151	196.39642
LI03	23	0	605.70578	265.42325	903.46018	255.14456
LI03	23	1	731.23806	236.45156	1019.33780	224.16542
LI03	24	0	1236.50210	388.07303	1515.33361	378.40089
LI03	24	1	1298.29841	473.91058	1586.54904	474.57079
LI03	25	0	1523.97904	455.02981	1564.58843	457.23249
LI03	25	1	1323.20788	411.16990	1347.72339	406.12966
LI03	26	0	129.95809	775.55291	58.34032	703.54396
LI03	26	1	384.64376	805.32936	241.00587	744.98957
LI03	27	0	1531.25566	371.76304	1617.95893	363.55589
LI03	27	1	1706.67896	459.08048	1811.48785	466.16393
LI03	28	0	748.44342	457.95827	855.45599	444.71833
LI03	28	1	840.58089	456.75112	935.12070	445.92548
LI03	29	0	813.62364	391.96721	779.41241	384.36066
LI03	29	1	645.66555	279.14158	587.09053	279.74069
LI03	30	0	542.26236	402.67362	770.99749	388.36066
LI03	30	1	472.65633	399.05216	716.68064	386.75112
LI03	31	0	309.33361	480.62742	612.00922	457.60358
LI03	31	1	218.40319	470.16542	527.51635	446.33681
LI03	32	0	486.76865	480.22504	696.90444	461.62742
LI03	32	1	528.61274	443.60805	748.00251	430.64382
LI03	33	0	846.23638	412.88674	904.37301	403.01788
LI03	33	1	723.92288	440.24888	798.15339	427.56334
LI03	34	0	1465.90025	763.08942	1313.32104	793.54844
LI03	34	1	1427.67728	739.75112	1292.80134	765.78390
LI03	35	0	1009.22464	499.43219	1066.50210	493.90611
LI03	35	1	922.72003	503.85842	959.47779	495.91803
LI03	36	0	1912.35541	161.95827	1568.31433	114.67958
LI03	36	1	1732.50629	158.73920	1474.56748	117.89866
LI03	37	0	1143.49120	86.11028	1339.30679	64.38152
LI03	37	1	829.25817	59.95529	1001.38055	52.71237
LI03	38	0	706.46689	553.58420	618.98240	535.77496
LI03	38	1	882.17770	377.53204	864.79128	368.57228
LI03	39	0	175.42330	889.82265	33.79715	800.92250
LI03	39	1	780.40402	636.97019	844.74769	619.51565
LI03	40	0	1224.76362	677.83458	1004.69740	682.94188
LI03	40	1	1078.30930	621.50075	896.86840	619.36513
LI03	41	0	713.15004	654.91803	397.69237	629.08942
LI03	41	1	799.25231	586.11028	550.98659	569.53651
LI03	42	0	715.56412	755.91654	532.88097	723.64978
LI03	42	1	571.12154	734.18778	388.03604	695.08048
LI03	43	0	1323.59598	774.31744	931.88516	787.33681
LI03	43	1	1143.74686	856.00149	737.14920	851.71833
LI03	44	0	967.89690	813.31297	494.80302	789.76304
LI03	44	1	709.99246	836.24888	231.26572	789.76304
LI03	45	0	1046.56748	934.73920	552.98575	911.80328
LI03	45	1	1277.11232	979.40387	655.58424	981.01341
LI03	46	0	471.43504	917.46796	283.17016	847.50373
LI03	46	1	384.52808	848.25782	193.44677	780.70790
LI03	47	0	502.84577	649.36066	337.98240	614.10581
LI03	47	1	334.66471	718.97317	158.53562	667.22057
LI03	48	0	852.61945	622.06557	418.45180	604.85097
LI03	48	1	1108.09220	666.19374	582.91199	659.64680
LI03	49	0	1339.86505	890.64382	869.06957	906.16990
LI03	49	1	1323.48617	765.81073	988.56832	781.28465
LI03	50	0	1071.17770	178.00596	1373.64292	157.42921
LI03	50	1	1148.02598	160.30104	1454.91702	138.11475
LI03	51	0	1029.36127	319.81073	1029.05281	310.06557
LI03	51	1	764.64627	358.01788	764.94719	354.21311
LI03	52	0	1234.66136	271.54396	1301.11400	256.31893
LI03	52	1	1469.60352	97.37705	1550.56915	54.72429
LI03	53	0	1500.81056	140.83458	1647.43923	99.79136
LI03	53	1	1643.64376	85.70790	1832.92121	21.72876
LI03	54	0	837.25901	743.12519	781.25147	722.87034
LI03	54	1	1063.78039	716.56781	963.11232	713.21311
LI03	55	0	570.07209	191.81520	599.43923	195.99404
LI03	55	1	707.67477	199.05812	745.08885	197.60358
LI03	56	0	226.37636	264.76751	372.18944	265.01788
LI03	56	1	310.46689	333.97765	426.50629	327.78987
LI03	57	0	566.52137	508.55589	449.44258	489.94188
LI03	57	1	408.39899	441.35768	366.55909	427.97466
LI03	58	0	384.37301	430.30849	377.38055	416.16095
LI03	58	1	606.06622	444.79434	572.92121	433.06110
LI05	0	0	1114.41157	624.10879	1315.84577	624.73920
LI05	0	1	1251.20956	610.42772	1449.42498	607.03428
LI05	1	0	1066.18944	116.96274	1402.03688	94.56036
LI08	0	0	989.57167	58.74814	1032.98240	14.88823
LI08	0	1	895.02012	78.06259	944.31433	49.49329
LI08	1	0	940.47863	197.00596	1275.87678	139.56036
LI09	0	0	1427.55239	692.46051	1058.27913	721.56781
LI09	0	1	1504.80302	723.84650	1110.18189	763.01341
LI09	1	0	1274.75608	350.40835	1643.98994	356.63934
LS01	0	0	239.74816	257.91045	400.62225	300.22388
LS01	0	1	546.98846	149.10448	667.56873	163.20896
LS01	1	0	395.88667	290.14925	570.86359	305.26119
LS01	1	1	53.38930	238.76866	269.66737	304.25373
LS01	2	0	390.84995	85.63433	623.24554	115.85821
LS01	2	1	600.37775	24.17910	791.47219	29.21642
LS01	3	0	1900.35677	730.04851	1515.24029	697.95896
LS01	3	1	1869.63274	893.76119	1381.26338	892.39925
LS01	4	0	482.12382	692.78731	363.71563	688.38806
LS01	4	1	670.49738	616.22015	508.77335	610.81343
LS01	5	0	1527.98006	432.83209	1459.07975	346.89179
LS01	5	1	1660.94963	344.67910	1663.06716	227.50746
LS01	6	0	728.81112	526.69030	814.74502	506.48134
LS01	6	1	841.13012	476.31716	919.50892	449.05597
LS01	7	0	983.87723	530.21642	967.35887	497.83209
LS01	7	1	1092.67051	473.29478	1047.44281	432.34701
LS01	8	0	903.28437	205.88806	1109.85414	167.41418
LS01	8	1	28.20567	322.38806	264.22665	375.97015
LS01	9	0	714.20357	278.88806	847.15950	264.58582
LS01	9	1	626.06086	302.05970	752.97272	299.84701
LS01	10	0	631.09759	276.87313	786.71878	273.65299
LS01	10	1	556.55404	306.08955	713.18258	307.90672
LS01	11	0	947.56768	258.35448	1059.72508	219.75373
LS01	11	1	849.35152	293.11194	964.02728	264.58582
LS01	12	0	553.35047	370.08955	703.12172	367.97388
LS01	12	1	464.70409	401.82463	614.47534	409.27985
LS01	13	0	416.85519	396.78731	574.18153	408.27239
LS01	13	1	321.66107	427.51493	486.03882	442.52612
LS01	14	0	311.26967	408.98507	486.54250	427.91791
LS01	14	1	203.48374	444.24627	390.34103	469.22388
LS01	15	0	261.90976	370.19776	444.73767	398.70149
LS01	15	1	184.34418	391.35448	369.69045	426.40672
LS01	16	0	414.52256	333.42537	556.55299	352.35821
LS01	16	1	301.69990	356.59701	454.81112	383.58955
LS01	17	0	339.01994	291.46642	464.36621	325.00746
LS01	17	1	199.50262	320.17910	334.92235	365.30597
LS01	18	0	409.03043	210.86940	576.68520	239.37313
LS01	18	1	302.25184	230.01119	470.41028	266.07090
LS01	19	0	923.45226	860.05970	604.40714	844.25373
LS01	19	1	1031.52151	245.82090	674.92130	231.71642
LS01	20	0	1340.04827	465.79851	829.44176	435.33582
LS01	20	1	1077.63484	502.06716	603.29276	493.26493
LS01	21	0	1072.96957	683.72015	796.21196	658.97761
LS01	21	1	1248.75131	566.85448	941.26967	537.57836
LS01	22	0	1550.92865	683.51866	1183.64218	652.13433
LS01	22	1	1794.70619	630.62687	1403.74711	577.07836
LS01	23	0	751.47954	370.74627	543.96642	378.80597
LS01	23	1	610.45121	449.32836	437.18783	465.44776
LS01	24	0	1235.00525	447.31343	781.69990	425.14925
LS01	24	1	1112.10913	495.67164	588.28961	487.61194
LS01	25	0	882.63694	572.22388	631.26967	569.82090
LS01	25	1	740.60126	641.73881	469.59077	641.35075
LS01	26	0	238.74502	631.03731	337.12487	635.30597
LS01	26	1	355.59706	596.27985	426.27492	600.04478
LS01	27	0	432.23400	807.89179	217.29276	796.23134
LS01	27	1	588.87618	665.83955	366.88353	662.74254
LS01	28	0	699.57922	688.36194	566.17838	677.79851
LS01	28	1	642.16055	744.27612	459.90346	733.71269
LS01	29	0	1144.19727	551.46269	942.71144	517.68284
LS01	29	1	1255.00525	427.04104	1022.29171	375.63060
LS01	30	0	1530.88353	532.07090	1210.42392	477.43284
LS01	30	1	1226.16159	642.38806	947.50682	613.94403
LS01	31	0	1889.77964	699.17910	1519.07660	658.88060
LS01	31	1	1521.09129	751.56716	1120.16789	729.40299
LS01	32	0	194.41763	602.93284	487.08604	601.91045
LS01	32	1	106.77859	635.67537	424.12697	636.16418
LS01	33	0	931.80483	243.80597	1114.18048	201.49254
LS01	33	1	812.93809	218.61940	989.26967	188.39552
LS01	34	0	226.55404	712.73507	219.74187	713.56343
LS01	34	1	435.07450	704.67537	476.61490	696.43657
LS01	35	0	67.49213	708.28358	87.63903	721.19403
LS01	35	1	306.23295	673.02239	364.65897	675.85821
LS01	36	0	946.32109	661.55597	794.22560	638.88806
LS01	36	1	759.45855	656.01493	607.86674	644.42910
LS01	37	0	257.88038	391.35075	276.01259	427.36567
LS01	37	1	350.55614	212.02239	375.73977	256.09701
LS01	38	0	1163.86464	462.52239	794.99685	440.44776
LS01	38	1	1355.26023	271.10448	978.33368	216.79104
LS01	39	0	917.52571	973.20896	535.90766	955.07463
LS01	39	1	818.80588	574.25373	386.82057	576.26866
LS01	40	0	1063.75656	709.25373	759.04617	688.77612
LS01	40	1	1277.96642	506.50000	943.39035	470.15672
LS01	41	0	1076.19412	566.88806	903.48059	540.64925
LS01	41	1	712.54250	661.58955	582.13746	651.47015
LS01	42	0	747.76810	478.05224	769.61175	467.46269
LS01	42	1	574.50472	453.87313	582.07765	453.76866
LS01	43	0	1173.14271	699.02985	831.28961	678.35821
LS01	43	1	809.49108	670.82090	510.95383	665.26119
LS01	44	0	934.40189	843.09701	602.62225	824.44030
LS01	44	1	685.58762	715.14925	431.37356	712.61194
LS01	45	0	929.71563	978.24627	574.18678	951.04478
LS01	45	1	610.38720	744.51493	314.29171	742.50000
LS01	46	0	677.95383	381.00746	943.08919	359.33209
LS01	46	1	628.59391	387.55597	897.75866	369.40672
LS01	47	0	646.22246	347.76119	918.91291	328.60448
LS01	47	1	598.87723	349.27239	874.58972	334.64925
LS01	48	0	1071.37880	207.42910	1007.42812	165.45896
LS01	48	1	636.64218	199.47761	607.20462	215.16418
LS01	49	0	572.07975	477.28358	585.36621	476.26119
LS01	49	1	769.01574	398.70149	738.98636	388.61194
LS01	50	0	580.68101	410.62687	596.19517	415.07463
LS01	50	1	889.93599	229.28358	869.18573	204.51493
LS02	0	0	1382.37356	403.84328	1431.48374	396.47388
LS02	0	1	1520.37985	421.47388	1529.19622	419.14179
LS02	1	0	1642.98006	393.73881	1685.28856	391.45522
LS02	1	1	1541.23820	492.47015	1556.34837	502.27612
LS02	2	0	535.08709	460.17164	779.75236	443.26866
LS02	2	1	607.11228	411.81343	842.71144	400.45149
LS02	3	0	687.03148	402.53358	839.38090	391.61567
LS02	3	1	786.75866	366.26493	953.21091	354.33955
LS02	4	0	640.41448	448.67537	821.42917	434.00746
LS02	4	1	749.71144	454.21642	918.13431	440.55597
LS02	5	0	683.22665	369.08582	827.97692	356.43284
LS02	5	1	821.23295	384.70149	975.04932	377.08582
LS02	6	0	682.72298	495.52239	863.23400	478.33582
LS02	6	1	777.91710	456.23134	972.02728	445.08955
LS02	7	0	1317.05666	304.85821	1499.25498	291.91045
LS02	7	1	1206.75236	300.32463	1376.35887	284.85821
LS02	8	0	1382.89087	353.11194	1721.68835	342.82836
LS02	8	1	1211.13851	327.42164	1541.37356	322.17537
LS02	9	0	1504.27597	403.48507	1368.61385	411.83955
LS02	9	1	1452.39769	294.67910	1381.20567	292.45522
LS02	10	0	362.52046	585.97015	581.70199	554.08955
LS02	10	1	471.31375	567.83582	670.34837	543.00746
LS02	11	0	933.14900	673.57463	907.22980	662.28358
LS02	11	1	752.83421	695.73881	747.06191	675.38060
LS02	12	0	693.95383	565.54104	934.14481	549.06716
LS02	12	1	610.34418	550.42910	854.06086	530.93284
LS02	13	0	889.08290	326.23881	1109.39559	317.27612
LS02	13	1	954.56034	271.83582	1177.89507	261.36194
LS02	14	0	300.62329	529.66791	590.79958	503.57836
LS02	14	1	210.96957	517.07463	513.23400	486.45149
LS02	15	0	1445.00944	318.22388	1573.25184	308.27985
LS02	15	1	1518.04197	259.79104	1674.49003	242.29104
LS02	16	0	1521.56768	231.07836	1551.59391	213.57836
LS02	16	1	1554.30640	185.23881	1626.64113	150.61194
LS02	17	0	1305.60860	249.84701	1328.45435	244.42537
LS02	17	1	1384.18153	140.53731	1406.01994	115.97388
LS02	18	0	1488.41343	360.51866	1711.67051	354.54851
LS02	18	1	1426.96537	353.97015	1629.57188	344.47388
LS02	19	0	700.71773	699.83955	536.03043	675.80970
LS02	19	1	372.32319	563.83209	205.62120	533.75746
LS02	20	0	997.31060	742.06716	959.61175	735.02985
LS02	20	1	775.19098	744.08209	739.50682	719.91791
LS02	21	0	1085.88772	767.08955	785.26548	761.80224
LS02	21	1	818.01994	772.37687	578.75971	745.17910
LS02	22	0	1207.29906	513.96269	1265.07870	513.93284
LS02	22	1	1022.95488	499.85821	1096.85205	495.79851
LS02	23	0	449.57922	572.91791	611.42497	544.05224
LS02	23	1	569.45331	552.26493	727.77335	529.94776
LS02	24	0	951.80588	57.42537	1339.76915	33.24627
LS02	24	1	1230.84050	115.85821	1656.07555	89.66418
LS02	25	0	1685.28856	721.48507	1310.34837	763.69403
LS02	25	1	1414.31270	575.40299	1140.10703	590.41045
LS02	26	0	798.96642	187.38806	1110.93704	176.30597
LS02	26	1	698.23190	117.87313	1002.14376	106.79104
LS02	27	0	973.03148	38.28358	1279.69675	13.09701
LS02	27	1	1034.98321	104.77612	1345.67786	80.59701
LS02	28	0	946.98741	97.72388	1258.49843	76.06343
LS02	28	1	1012.96852	143.05970	1327.50157	121.39925
LS02	29	0	888.71144	39.79478	1204.41028	21.66045
LS02	29	1	942.10073	79.58955	1253.26653	57.92910
LS02	30	0	910.93599	95.20522	1232.11228	74.55224
LS02	30	1	965.33263	136.51119	1293.05666	121.39925
LS02	31	0	894.96013	420.49254	941.62959	415.33582
LS02	31	1	1114.56139	282.47015	1174.32634	274.29104
LS02	32	0	1452.14481	142.55597	1865.09969	99.73881
LS02	32	1	1225.99580	71.02612	1570.45121	37.77985
LS02	33	0	466.30640	158.58582	725.96118	159.60821
LS02	33	1	361.03882	114.25746	630.26338	119.81343
LS02	34	0	653.80378	269.59328	908.01259	259.54851
LS02	34	1	753.53095	257.00000	1008.24344	244.94030
LS02	35	0	769.08709	425.80970	614.76076	422.26866
LS02	35	1	1032.50787	369.89552	933.58552	363.83582
LS02	36	0	1288.18888	427.88806	1452.45750	427.38433
LS02	36	1	1183.42497	438.46642	1335.10178	433.42910
LS02	37	0	1255.92445	402.86567	1424.77335	396.91045
LS02	37	1	1134.53935	430.06716	1301.87723	423.60821
LS02	38	0	676.41028	417.27985	700.51312	408.92537
LS02	38	1	774.62644	437.93284	805.78069	428.06716
LS02	39	0	962.26338	133.36940	724.82581	131.84328
LS02	39	1	1114.37251	157.54851	878.94963	149.97761
LS02	40	0	1333.21826	455.00000	1215.54879	459.20896
LS02	40	1	1229.96537	410.67164	1157.62644	405.30970
LS02	41	0	1378.95068	564.85448	1159.99895	580.32090
LS02	41	1	1479.68520	471.16045	1278.36201	476.04851
LS02	42	0	874.65687	83.11567	645.93599	87.14552
LS02	42	1	1026.26233	117.87313	797.03778	114.85075
LS02	43	0	1210.29276	714.26119	1032.68625	723.60821
LS02	43	1	1318.58237	645.25000	1187.31375	656.61194
LS02	44	0	1376.40294	571.44776	1158.19307	582.63806
LS02	44	1	1467.06401	472.21269	1271.51941	476.85448
LS02	45	0	1279.52046	390.67164	1336.21511	382.71642
LS02	45	1	1369.67786	433.48881	1418.81742	431.57836
LS02	46	0	1405.43861	513.07836	1388.59706	520.23507
LS02	46	1	1280.02413	504.01119	1267.21196	506.13060
LS02	47	0	1006.97272	638.41418	946.41028	629.42164
LS02	47	1	1133.89822	590.55970	1089.45331	590.13060
LS03	0	0	755.10283	413.54851	587.30745	429.65299
LS03	0	1	894.62015	360.15299	753.51941	367.69403
LS03	1	0	944.98741	417.57836	734.54250	420.20896
LS03	1	1	1084.00105	346.55224	891.18468	340.61940
LS03	2	0	874.80063	317.09701	635.83316	331.82463
LS03	2	1	920.63484	214.83955	744.62644	222.51493
LS03	3	0	1460.65058	257.91045	848.18468	225.67164
LS03	3	1	1650.03148	195.44776	1108.07975	128.95522
LS03	4	0	749.80273	216.60075	527.35152	246.37687
LS03	4	1	775.49003	146.58209	615.99790	178.87687
LS03	5	0	1301.49003	227.68657	670.89192	213.58209
LS03	5	1	1487.61595	166.58582	926.75761	118.88060
LS03	6	0	691.03882	50.37313	241.76285	112.83582
LS03	6	1	808.11962	36.26866	463.37880	78.58209
LS03	7	0	1048.18678	260.70522	746.26023	263.75746
LS03	7	1	1214.90241	206.80597	942.18888	186.68657
LS03	8	0	1345.70829	344.90299	618.01364	329.42164
LS03	8	1	1592.50787	383.18657	951.35782	344.01493
LS03	9	0	1396.58342	277.83209	1060.20042	241.41791
LS03	9	1	1494.79958	190.18284	1223.89402	133.11567
LS03	10	0	525.83421	513.80597	443.11857	531.67164
LS03	10	1	207.51312	429.17910	173.65373	475.25373
LS03	11	0	941.93914	496.91045	983.25184	499.80224
LS03	11	1	914.74082	417.32090	986.27387	421.72388
LS03	12	0	813.02413	481.13433	772.28541	490.24627
LS03	12	1	868.93179	411.61940	884.60441	419.22015
LS03	13	0	1164.49108	185.37313	30.22036	199.47761
LS03	13	1	1897.83841	78.58209	809.90556	16.11940
LS03	14	0	1128.75866	528.16045	983.35782	524.66418
LS03	14	1	958.51731	642.00373	776.34837	631.95896
LS03	15	0	842.09339	463.48507	651.40189	471.75746
LS03	15	1	589.24974	336.54478	441.37041	368.99627
LS03	16	0	406.20462	366.10448	500.35887	400.14925
LS03	16	1	636.38300	304.64925	677.14795	329.62687
LS03	17	0	1095.49843	248.91045	1268.49528	233.25373
LS03	17	1	1322.15110	207.60448	1484.06716	164.74627
LS03	18	0	302.67156	484.06716	390.79643	516.21642
LS03	18	1	494.57083	459.38433	534.84680	481.96269
LS03	19	0	468.88353	446.79104	564.56348	472.89552
LS03	19	1	313.75236	443.76866	412.95803	475.41418
LS03	20	0	975.60965	786.85075	350.55614	769.70149
LS03	20	1	1444.53305	592.38806	689.02413	580.29851
LS03	21	0	1305.51941	159.17910	928.77230	130.97015
LS03	21	1	1176.57922	46.34328	646.71563	44.32836
LS03	22	0	402.43861	486.24627	530.24029	509.75746
LS03	22	1	247.30745	391.54478	399.28541	433.69403
LS03	23	0	1599.03148	566.60821	1368.49528	542.45522
LS03	23	1	1767.25813	468.88433	1557.37251	421.55970
LS03	24	0	662.39979	135.48881	767.44701	165.62313
LS03	24	1	998.60126	113.33955	1099.18468	105.08582
LS03	25	0	1354.31270	208.86940	1220.90241	169.25373
LS03	25	1	862.32529	23.67537	778.76285	42.81716
LS03	26	0	820.51941	95.70896	863.68835	110.31716
LS03	26	1	615.02099	54.90672	663.22665	98.73134
LS03	27	0	206.50577	295.94030	433.88772	352.07463
LS03	27	1	93.68311	307.52612	332.64953	367.18657
LS03	28	0	1571.22455	561.98134	1053.68311	540.00000
LS03	28	1	1309.31480	362.50373	920.71354	340.52239
LS03	29	0	972.24449	576.62313	828.58237	577.32836
LS03	29	1	824.66842	469.83209	767.13431	479.10075
LS03	30	0	610.71144	265.57836	439.25603	304.05970
LS03	30	1	745.69570	184.47761	633.16999	211.87687
LS03	31	0	1004.88458	506.03731	577.20881	506.08209
LS03	31	1	644.25498	366.00000	180.31480	397.27612
LS03	32	0	981.87933	583.64179	785.81322	582.42537
LS03	32	1	1182.34103	393.23134	990.30430	369.85075
LS03	33	0	1075.17314	513.44776	215.57188	512.51493
LS03	33	1	1313.91396	326.05970	674.92130	313.03731
LS03	34	0	549.00315	149.10448	398.90871	204.51493
LS03	34	1	299.18153	87.64925	235.71878	167.23881
LS03	35	0	1048.07765	592.32836	703.12697	592.38806
LS03	35	1	1167.87933	468.71642	917.48164	461.91791
LS03	36	0	572.17209	511.79104	372.71773	533.95522
LS03	36	1	1093.97692	36.26866	735.36201	32.23881
LS03	37	0	977.68835	524.52985	572.76180	525.46269
LS03	37	1	1256.72298	333.11194	834.67156	318.93284
LS03	38	0	1213.45331	253.88060	976.26233	233.73134
LS03	38	1	1530.76705	68.50746	1270.40714	0.00000
LS03	39	0	1278.73242	380.32836	951.70304	360.37313
LS03	39	1	1572.87723	232.23134	1215.62749	170.97015
LS03	40	0	967.35572	526.18657	530.87093	528.12687
LS03	40	1	668.17419	381.11194	110.80797	410.25373
LS03	41	0	569.39454	38.78731	789.33578	78.58209
LS03	41	1	401.67156	6.54851	641.75971	67.50000
LS03	42	0	1030.65897	176.25746	1382.29486	158.83582
LS03	42	1	721.90766	165.67910	1079.08395	168.40672
LS04	0	0	523.99299	568.66355	601.98074	547.04673
LS04	0	1	314.39580	468.85047	444.50263	452.28037
LS04	1	0	307.11033	223.17757	173.73030	237.75701
LS04	1	1	465.14886	149.15888	312.71454	165.98131
LS04	2	0	703.88792	82.99065	709.49212	94.20561
LS04	2	1	589.56217	52.71028	607.49562	66.16822
LS04	3	0	988.58144	398.13084	813.73030	401.49533
LS04	3	1	1117.47811	315.14019	889.94746	322.99065
LS04	4	0	1374.91944	250.09346	1068.65674	248.97196
LS04	4	1	1524.55166	170.46729	1188.02627	154.20561
LS04	5	0	1275.51664	549.53271	1087.21541	557.38318
LS04	5	1	1406.65499	493.45794	1223.95797	514.76636
LS04	6	0	1282.24168	579.81308	1145.49912	596.63551
LS04	6	1	1149.98249	614.57944	1034.53590	633.64486
LS04	7	0	856.32224	629.15888	761.05079	620.18692
LS04	7	1	1006.51489	620.18692	873.13485	617.94393
LS04	8	0	721.82137	751.40187	678.10858	727.85047
LS04	8	1	607.49562	755.88785	590.68301	722.24299
LS04	9	0	493.16988	706.54206	462.90718	670.65421
LS04	9	1	606.37478	647.10280	568.26620	621.30841
LS04	10	0	1040.14011	407.10280	646.72504	401.49533
LS04	10	1	1248.61646	373.45794	815.97198	380.18692
LS04	11	0	147.95096	370.09346	217.44308	356.63551
LS04	11	1	299.26445	416.07477	291.41856	384.67290
LS04	12	0	1082.01401	328.36449	946.74081	324.27103
LS04	12	1	952.55692	372.66355	818.96497	373.05607
LS04	13	0	736.39229	194.01869	689.31699	194.01869
LS04	13	1	560.42032	135.70093	524.55342	144.67290
LS04	14	0	431.52364	300.56075	294.78109	294.95327
LS04	14	1	651.20841	294.95327	530.15762	294.95327
LS04	15	0	1654.36077	160.37383	1523.22242	127.85047
LS04	15	1	1395.44658	197.38318	1292.32925	183.92523
LS04	16	0	1002.03152	68.41121	829.42207	74.01869
LS04	16	1	810.36778	4.48598	608.61646	6.72897
LS04	17	0	325.60420	471.29907	480.62172	453.41121
LS04	17	1	426.47986	462.32710	594.38704	446.12150
LS04	18	0	789.13660	535.71963	935.61121	530.78505
LS04	18	1	829.48687	485.81308	992.21366	487.04673
LS04	19	0	1513.13485	287.10280	1468.30123	289.34579
LS04	19	1	1398.80911	268.03738	1373.02977	255.70093
LS04	20	0	397.33800	449.82243	567.66375	434.48598
LS04	20	1	308.23117	351.69159	500.97373	353.73832
LS04	21	0	186.61996	447.36449	379.40455	424.01869
LS04	21	1	266.76007	482.13084	442.73205	459.34579
LS04	22	0	1811.27846	211.40187	1699.19440	187.28972
LS04	22	1	1612.88967	217.00935	1485.11384	206.35514
LS04	23	0	637.91944	344.49533	743.70053	339.69159
LS04	23	1	740.47636	309.16822	850.74081	307.16822
LS04	24	0	801.56217	361.87850	935.36427	356.51402
LS04	24	1	896.27320	338.32710	1026.71278	331.28037
LS04	25	0	1137.32224	261.30841	1357.03678	258.60748
LS04	25	1	1049.33625	243.92523	1263.44658	243.46729
LS04	26	0	1102.01576	326.35514	1278.57793	327.01869
LS04	26	1	1170.94746	290.46729	1354.23468	292.81308
LS04	27	0	829.25569	333.53271	594.04553	342.62617
LS04	27	1	626.38354	218.01869	328.40630	239.44860
LS04	28	0	810.61646	637.46729	929.72855	634.39252
LS04	28	1	647.53415	595.97196	770.00876	578.31776
LS04	29	0	400.70053	522.56075	512.44483	501.84112
LS04	29	1	287.49562	448.54206	386.91068	427.82243
LS04	30	0	304.86865	699.81308	392.29422	660.56075
LS04	30	1	22.41681	680.74766	161.40105	621.30841
LS04	31	0	550.33275	261.30841	532.39930	263.55140
LS04	31	1	724.06305	268.03738	725.18389	263.55140
LS04	32	0	51.55867	828.78505	169.24694	743.55140
LS04	32	1	172.60946	789.53271	272.36427	724.48598
NR01	0	0	523.01259	753.97761	367.40609	709.48881
NR01	0	1	374.93284	745.41418	258.61280	688.83582
NR01	1	0	603.60021	718.21269	507.42707	685.30970
NR01	1	1	558.26967	754.98507	425.83211	717.04478
NR01	2	0	585.13116	687.66045	491.16369	657.26493
NR01	2	1	467.77545	705.79478	412.59077	662.30224
NR01	3	0	735.72928	647.36194	595.92760	631.07090
NR01	3	1	610.81847	664.48881	455.40294	636.10821
NR01	4	0	389.09339	605.51119	256.87303	565.85075
NR01	4	1	222.37775	653.36567	128.43652	603.12687
NR01	5	0	334.69675	532.97388	206.00210	502.38060
NR01	5	1	230.43652	625.66045	81.09129	581.46642
NR01	6	0	814.72928	282.33955	375.72928	284.35448
NR01	6	1	617.28961	326.66791	208.50997	328.68284
NR01	7	0	506.24029	218.80597	298.66737	227.93657
NR01	7	1	326.42917	235.42910	152.09864	244.55970
NR01	8	0	1191.67051	185.29478	811.56034	182.24254
NR01	8	1	1032.50997	242.21642	683.62749	243.19403
NR01	9	0	306.16684	817.02239	202.98006	744.46642
NR01	9	1	178.23400	863.86940	52.38195	775.69776
NR01	10	0	921.49423	198.22761	456.74711	205.95149
NR01	10	1	555.63064	349.48134	239.16055	345.48507
NR01	11	0	864.71459	592.39925	716.64848	585.46642
NR01	11	1	595.24974	611.54104	486.47009	591.51119
NR01	12	0	622.94648	552.05970	636.99056	536.32090
NR01	12	1	480.40714	448.29104	469.26758	441.61940
NR01	13	0	880.84680	451.39552	920.54565	449.59328
NR01	13	1	716.64953	436.78731	780.02099	430.95522
NR01	14	0	1516.96118	102.25746	1900.86044	66.99627
NR01	14	1	1419.75236	102.76119	1782.49738	74.55224
NR01	15	0	524.78804	834.20149	382.45331	779.59701
NR01	15	1	239.20567	736.98134	142.20147	674.31716
NR01	16	0	571.36201	404.17910	597.76600	397.76866
NR01	16	1	354.27912	385.03731	394.78594	374.59701
NR01	17	0	896.86149	476.70149	765.50472	473.97761
NR01	17	1	655.60231	430.35821	522.73452	425.61940
NR01	18	0	1000.89507	674.63806	980.91710	678.20896
NR01	18	1	883.53935	712.92164	840.39244	703.89925
NR01	19	0	1649.48688	244.45149	1865.09969	231.02985
NR01	19	1	1554.29276	226.31716	1742.70724	215.41418
NR01	20	0	1153.58237	229.02985	1194.13012	226.24627
NR01	20	1	1029.17524	199.81343	1053.60546	198.03731
NR01	21	0	561.04197	316.04478	276.01259	324.23881
NR01	21	1	321.79748	185.07463	36.26443	208.38060
NR01	22	0	1366.90976	484.98507	1646.56768	505.60821
NR01	22	1	1294.88458	507.14925	1557.41763	528.77985
NR01	23	0	1152.84890	459.29478	1092.40294	467.22388
NR01	23	1	1278.26338	405.39552	1222.35047	414.33209
NR01	24	0	773.82581	565.00746	827.38090	555.55597
NR01	24	1	902.76600	533.77612	966.89822	526.33955
NR01	25	0	622.22036	628.47761	722.61700	611.97388
NR01	25	1	706.33368	591.20149	794.13851	578.22388
NR01	26	0	927.92445	419.30970	1152.93179	420.95522
NR01	26	1	839.78174	443.48881	1061.76705	438.08209
NR01	27	0	493.37356	558.77985	696.97272	544.21642
NR01	27	1	602.67051	547.69776	791.66317	539.17910
NR01	28	0	1581.80378	560.42537	1369.91396	587.52612
NR01	28	1	1774.71039	536.75000	1601.60336	574.93284
NR02	0	0	422.51626	171.26866	222.62329	232.75000
NR02	0	1	194.35257	104.27239	19.64323	202.52612
NR02	1	0	969.00525	201.96269	1038.75866	196.86567
NR02	1	1	859.20462	191.38433	929.96537	198.37687
NR02	2	0	922.66737	271.98134	913.84785	273.93657
NR02	2	1	797.75656	258.38060	799.51417	274.44030
NR02	3	0	1106.00420	275.00373	1095.67366	264.36567
NR02	3	1	1005.77335	269.96642	967.23715	265.87687
NR02	4	0	1343.82896	415.47015	1433.30325	388.86194
NR02	4	1	1256.69360	402.87687	1358.75971	383.82463
NR02	5	0	1309.07555	382.22388	1473.09339	358.63806
NR02	5	1	1228.48793	365.60075	1382.93599	345.54104
NR02	6	0	880.35467	428.84701	899.33578	434.63060
NR02	6	1	757.45855	401.64552	776.43966	415.99254
NR02	7	0	751.44596	409.27985	704.07135	420.45149
NR02	7	1	600.34418	376.03358	550.95488	400.30224
NR02	8	0	617.97272	476.27612	568.07975	491.98134
NR02	8	1	470.39664	437.48881	439.64323	465.78731
NR02	9	0	978.05666	360.71269	970.51626	360.13433
NR02	9	1	847.60546	328.97761	838.05037	338.47388
NR02	10	0	796.73347	377.29478	909.01994	387.91045
NR02	10	1	706.07240	361.17537	814.83316	375.82090
NR02	11	0	260.47639	470.04851	444.28856	499.45896
NR02	11	1	156.21616	456.95149	363.19727	493.41418
NR02	12	0	576.64218	458.18657	690.17524	476.86940
NR02	12	1	680.39874	449.62313	778.31794	462.76493
NR02	13	0	690.47219	413.35448	755.65268	428.00746
NR02	13	1	789.19203	413.85821	844.80273	423.97761
NR02	14	0	262.41343	733.47388	268.45750	727.35448
NR02	14	1	85.62434	809.03358	122.89612	792.33582
NR02	15	0	436.55719	334.47388	693.50577	365.34701
NR02	15	1	493.97587	333.97015	744.37671	362.32463
NR02	16	0	1131.33263	254.15672	1419.73347	233.63806
NR02	16	1	1076.93599	256.17164	1368.35887	239.17910
NR02	17	0	1151.98321	219.39925	1454.48688	195.85821
NR02	17	1	1104.13431	219.39925	1409.15635	197.87313
NR02	18	0	301.57503	258.41418	608.01259	309.46642
NR02	18	1	183.21196	245.31716	503.24869	300.90299
NR02	19	0	281.75236	99.73881	664.17838	157.51866
NR02	19	1	355.79224	90.16791	729.65582	139.38433
NR02	20	0	550.41763	324.13433	910.44701	346.96269
NR02	20	1	639.56768	329.67537	994.05666	345.95522
NR02	21	0	1551.99475	190.46642	1772.42392	113.84328
NR02	21	1	1633.58972	196.51119	1858.55194	108.30224
NR02	22	0	1293.59077	606.35448	1202.62015	599.24627
NR02	22	1	1549.96013	588.22015	1425.24344	572.54851
NR02	23	0	1205.52361	652.51866	1059.23610	657.69030
NR02	23	1	1022.18678	528.09701	824.52466	526.72015
NR02	24	0	514.06821	560.32463	379.71563	573.46642
NR02	24	1	601.20357	563.85075	506.64113	574.47388
NR02	25	0	449.19727	468.09701	312.28227	495.11940
NR02	25	1	658.22141	478.17164	523.82476	492.60075
NR02	26	0	642.28122	839.26866	389.20042	822.98881
NR02	26	1	641.73347	609.51119	471.69675	614.94776
NR02	27	0	1286.02413	509.21269	1302.97272	495.16418
NR02	27	1	1346.46485	472.44030	1394.13746	452.34701
NR02	28	0	1319.43232	232.12687	1569.30010	189.16418
NR02	28	1	1416.64113	224.57090	1679.10073	168.00746
NR02	29	0	1757.31375	609.54104	1826.31689	590.53358
NR02	29	1	1638.44701	587.37687	1727.09339	567.36194
NR02	30	0	689.25498	558.39925	674.18888	566.48881
NR02	30	1	534.12382	553.86567	505.96222	570.01493
NR02	31	0	1267.02099	430.43657	1335.45435	408.02239
NR02	31	1	1430.71459	430.94030	1477.49003	399.96269
NR02	32	0	1341.56453	511.03358	1259.90346	495.67164
NR02	32	1	1228.23820	503.98134	1187.87828	489.62687
NR02	33	0	471.71459	426.46642	580.01994	453.11940
NR02	33	1	347.30745	382.64179	464.17524	420.37687
NR02	34	0	1191.92445	369.88060	1383.47219	351.48134
NR02	34	1	1080.61280	376.42910	1263.59811	368.10448
NR02	35	0	1155.00525	389.00746	1423.01994	373.02239
NR02	35	1	1065.35152	377.42164	1324.80378	365.97015
NR02	36	0	436.76600	629.88060	198.95068	635.17164
NR02	36	1	274.07975	685.79478	104.76390	684.53731
NR02	37	0	701.93599	577.43657	530.15320	584.45896
NR02	37	1	929.09234	510.44030	751.76915	512.42537
NR02	38	0	934.25184	457.99254	509.60965	466.89925
NR02	38	1	1280.20042	267.91045	791.32529	248.16045
NR02	39	0	1061.86988	287.43284	810.05037	283.69776
NR02	39	1	1179.66002	69.01119	910.74082	49.86940
NR02	40	0	1110.32949	576.56343	676.04302	574.56343
NR02	40	1	1392.92445	426.30224	991.32529	400.36194
NR02	41	0	640.07240	822.76493	409.78909	814.82463
NR02	41	1	895.93809	754.76119	669.18048	754.37687
NR02	42	0	1275.10808	785.20896	1013.46065	785.69776
NR02	42	1	1094.79328	753.97761	779.25289	744.89552
NR02	43	0	641.86149	612.94776	825.09654	624.94776
NR02	43	1	211.54250	614.96269	456.27387	634.91791
NR02	44	0	197.43966	186.74627	546.88038	247.99254
NR02	44	1	146.56873	242.15672	513.63799	302.39552
NR02	45	0	140.52466	135.36567	486.94334	208.19776
NR02	45	1	75.55089	171.13060	440.10178	244.46642
NR02	46	0	866.85834	337.63060	959.12277	337.20149
NR02	46	1	725.83001	302.36940	814.56873	320.07463
NR02	47	0	445.09339	260.49627	571.66317	299.14179
NR02	47	1	271.83001	228.25746	426.10178	281.00746
NR03	0	0	1109.72193	23.17164	910.26653	16.11940
NR03	0	1	943.00630	118.37687	749.59496	117.36940
NR03	1	0	493.48688	51.88433	572.36936	69.51493
NR03	1	1	349.94019	108.80597	446.95488	125.93284
NR03	2	0	724.70724	68.50746	783.15950	69.51493
NR03	2	1	602.81847	109.30970	661.27072	119.38433
NR03	3	0	863.21721	139.53358	837.55614	135.50373
NR03	3	1	685.92445	164.72015	676.38090	170.26119
NR03	4	0	1116.26967	118.04851	1024.67051	107.19030
NR03	4	1	924.87408	149.27985	845.36306	143.96269
NR03	5	0	1042.73347	206.20149	1002.45331	194.03358
NR03	5	1	905.73452	291.33209	886.60860	288.23134
NR03	6	0	1563.56034	475.85821	1566.82476	481.66791
NR03	6	1	1395.33368	481.39925	1384.99895	490.73507
NR03	7	0	1550.46485	379.64552	1669.07030	374.87687
NR03	7	1	1430.08709	424.98134	1523.00525	427.76866
NR03	8	0	626.24764	454.06343	451.92025	449.79851
NR03	8	1	427.80063	522.57090	256.99895	501.68284
NR03	9	0	846.04932	226.14552	678.44281	230.22761
NR03	9	1	649.11333	263.92537	495.10598	270.02239
NR03	10	0	943.25813	357.61940	801.33893	353.13806
NR03	10	1	782.58657	399.93284	662.32529	392.93284
NR03	11	0	1339.51626	197.67910	1192.14481	183.01493
NR03	11	1	1167.76390	226.39179	998.23085	216.76493
NR03	12	0	331.76285	264.11567	364.84365	274.69403
NR03	12	1	187.71249	306.93284	232.88143	308.94776
NR03	13	0	1236.69255	459.90299	1234.18888	456.39179
NR03	13	1	1079.54669	484.08209	1076.53935	480.06716
NR03	14	0	878.19622	453.04478	799.86884	447.13433
NR03	14	1	688.81532	426.85075	629.12382	418.92537
NR03	15	0	638.72193	366.90299	636.18888	361.95522
NR03	15	1	455.38510	285.29851	457.38510	286.39552
NR03	16	0	1076.20147	571.76119	1033.67891	571.61567
NR03	16	1	1294.79538	547.58209	1247.73977	552.97761
NR03	17	0	280.28122	495.08955	461.88772	470.45149
NR03	17	1	205.73767	469.90299	401.44701	446.77612
NR03	18	0	406.79958	463.13433	645.27387	442.92537
NR03	18	1	335.78174	456.58582	585.33683	436.37687
NR03	19	0	1074.24134	548.05970	1045.01364	545.80224
NR03	19	1	1210.23295	507.25746	1217.77335	506.00746
NR03	20	0	135.99161	441.48881	263.05771	420.49627
NR03	20	1	353.07450	437.45896	454.45331	424.52612
NR03	21	0	316.70094	528.66045	505.36621	504.06716
NR03	21	1	414.41343	472.74627	604.58972	458.22761
NR03	22	0	1.00735	532.15672	184.84785	498.86567
NR03	22	1	68.49948	498.40672	264.42812	470.15299
NR03	23	0	424.67576	653.60448	296.80063	614.68284
NR03	23	1	689.10388	531.70149	548.63694	512.92910
NR03	24	0	843.63484	436.54104	971.77440	427.85821
NR03	24	1	977.61175	448.63060	1108.26967	437.93284
NR03	25	0	830.09549	557.43657	839.83736	546.36940
NR03	25	1	948.45855	543.33209	982.88038	538.30970
NR03	26	0	1033.57922	618.38806	984.89507	616.38806
NR03	26	1	1187.70304	619.89925	1168.23190	623.94403
NR03	27	0	1514.21931	313.36194	1552.63484	299.89552
NR03	27	1	1690.50472	361.21642	1746.04512	350.77239
NR03	28	0	1079.72613	109.48507	1028.00944	98.53358
NR03	28	1	1056.05352	286.79851	1042.61595	277.86194
NR03	29	0	492.42078	338.00000	752.90976	328.05970
NR03	29	1	445.57922	311.80597	714.12697	302.87313
NR03	30	0	44.32319	625.36194	199.74502	577.55597
NR03	30	1	199.45435	577.50746	326.67051	542.29478
NR03	31	0	1429.04932	611.36194	1404.50472	630.10448
NR03	31	1	1262.83736	651.66045	1208.57608	665.86940
NR03	32	0	304.48059	690.03731	217.30745	641.85075
NR03	32	1	472.20357	715.72761	399.13326	670.05970
NR03	33	0	755.14481	639.92537	683.10808	622.10448
NR03	33	1	609.58342	677.20149	524.45121	646.28358
NR03	34	0	917.90661	573.06716	932.92865	564.17910
NR03	34	1	987.41343	498.01119	1037.69255	492.64925
NR03	35	0	324.34418	691.73507	275.54250	646.63806
NR03	35	1	420.04197	616.17537	401.96432	582.66418
NR03	36	0	826.21091	84.62687	1002.99790	78.07836
NR03	36	1	638.84470	39.29104	805.05456	42.81716
NR03	37	0	858.50262	400.10448	941.32949	393.21642
NR03	37	1	1006.58237	411.69030	1074.29906	396.23881
NR03	38	0	430.17419	375.27612	702.47219	361.58582
NR03	38	1	295.69360	397.94403	587.63484	380.22388
NR03	39	0	725.07870	238.15672	825.53095	234.08209
NR03	39	1	590.09444	242.69030	698.10178	243.14925
NR03	40	0	634.26758	538.06716	605.94334	524.69403
NR03	40	1	802.49423	559.72761	744.95698	547.36194
NR03	41	0	439.73033	323.37687	612.80378	317.30224
NR03	41	1	529.88772	353.09701	701.95383	342.99254
NR03	42	0	540.61175	448.43657	534.04932	434.39179
NR03	42	1	385.98426	488.73507	421.73033	471.16418
NR03	43	0	959.50577	208.49627	1244.49843	195.45896
NR03	43	1	1030.01994	191.87313	1322.06401	173.79851
NR03	44	0	1013.39874	253.83209	1306.95383	238.77985
NR03	44	1	944.39559	231.16418	1237.95068	217.62313
NR03	45	0	886.93179	533.88060	1054.59706	524.21642
NR03	45	1	798.78909	482.50000	972.49843	470.31716
NR03	46	0	713.93179	589.71642	657.19937	573.65672
NR03	46	1	517.49948	697.51493	429.53935	658.28358
NR03	47	0	477.54984	483.50373	707.56453	464.92537
NR03	47	1	533.45750	498.11194	753.90241	478.02239
NR03	48	0	109.29696	453.08955	166.71563	437.11940
NR03	48	1	194.41763	415.30970	266.94648	396.82090
NR03	49	0	442.62015	436.36194	292.65687	428.51119
NR03	49	1	560.47954	408.65672	437.21091	401.30970
NR03	50	0	1341.47324	25.69030	860.97692	15.11194
NR03	50	1	1559.05981	110.31716	1114.82791	77.57463
NR03	51	0	1687.26233	218.76119	1100.98321	195.05970
NR03	51	1	1417.79748	322.52985	906.56558	311.42164
NR03	52	0	1069.94334	580.97761	658.84470	578.02985
NR03	52	1	1261.84260	589.54104	878.44596	592.13433
NR03	53	0	779.23400	334.40299	731.22665	331.09701
NR03	53	1	914.72193	317.77985	861.17419	314.97761
NR03	54	0	643.37775	380.71269	224.82267	385.08209
NR03	54	1	846.86149	389.27612	448.45331	389.11194
NR03	55	0	842.55404	71.02612	433.48059	93.19030
NR03	55	1	1102.44911	47.35075	611.78069	53.89925
NR03	56	0	1320.78909	451.11940	1211.71563	450.63060
NR03	56	1	1433.61175	396.71642	1349.72193	394.71642
NR03	57	0	1654.56453	314.31343	1506.23400	301.17164
NR03	57	1	1724.07135	207.01866	1630.64113	168.69030
NR03	58	0	857.04197	319.92537	1211.40609	305.64552
NR03	58	1	757.81847	321.43657	1116.71563	312.19403
NR03	59	0	984.88038	265.21269	1340.06401	248.33955
NR03	59	1	862.99161	314.07463	1210.11647	304.25373
NR03	60	0	1136.46275	674.62313	1164.04302	676.07463
NR03	60	1	1646.83631	710.45149	1646.34732	761.11940
NR03	61	0	776.36201	794.50000	456.29171	764.30224
NR03	61	1	610.65373	917.91418	211.00315	859.00373
NR03	62	0	959.95488	808.73881	751.81427	793.43284
NR03	62	1	1147.82476	911.50000	877.22875	912.81716
NR03	63	0	392.10073	149.10448	475.64848	161.53358
NR03	63	1	225.38510	111.82836	327.06506	140.37687
NR03	64	0	504.31480	163.88806	706.05771	165.72761
NR03	64	1	673.54879	174.46642	860.68520	167.23881
NR03	65	0	181.32214	420.97015	470.74816	402.43657
NR03	65	1	58.42602	406.86567	387.13851	388.83582
NR04	0	0	1255.15215	661.39925	1429.78069	608.65299
NR04	0	1	1129.73767	608.00373	1308.39559	561.30224
NR04	1	0	1112.39140	715.65299	1201.64113	678.19403
NR04	1	1	1007.62749	642.10821	1106.95068	606.16045
NR04	2	0	464.53830	262.19030	230.17838	317.67164
NR04	2	1	245.44071	354.37313	29.71668	420.43284
NR04	3	0	792.07870	454.39179	691.56768	449.50373
NR04	3	1	623.85205	455.90299	533.41448	463.60821
NR04	4	0	455.07870	484.43657	451.10808	497.88806
NR04	4	1	345.27807	495.01493	334.25603	520.05224
NR04	5	0	701.93914	413.51866	712.48688	407.96269
NR04	5	1	620.34418	390.85075	609.23400	395.87313
NR04	6	0	1603.10073	478.33209	1417.32109	401.85821
NR04	6	1	1418.75656	489.91791	1234.48793	435.10448
NR04	7	0	258.38405	369.46642	324.54565	407.06716
NR04	7	1	128.94019	385.08209	201.64953	433.26119
NR04	8	0	754.76600	511.90299	262.41343	534.57090
NR04	8	1	468.67996	550.18657	14.60651	589.98134
NR04	9	0	1594.53830	369.37687	1319.11542	280.44403
NR04	9	1	1428.32634	345.70149	1208.30745	274.39925
NR04	10	0	1295.09024	578.84328	1268.41028	530.95522
NR04	10	1	1356.03463	615.11194	1355.54565	561.17910
NR04	11	0	1853.51522	358.81343	1777.46065	228.14552
NR04	11	1	1676.72613	403.14179	1606.71563	301.18657
NR04	12	0	1614.32949	719.72761	1751.26967	663.15672
NR04	12	1	1709.01994	693.02985	1868.12172	627.89552
NR04	13	0	1645.02728	676.84701	1833.87198	609.23134
NR04	13	1	1544.29276	601.28731	1707.45016	527.62687
NR04	14	0	1735.15215	789.22388	1875.67681	741.17910
NR04	14	1	1622.83316	724.24254	1752.27702	666.12313
NR04	15	0	909.55719	798.02612	875.78174	774.04104
NR04	15	1	998.70724	860.99254	963.92445	834.99254
NR04	16	0	1167.03882	791.82090	855.50262	770.24254
NR04	16	1	1321.16264	886.52239	1050.92760	852.85448
NR04	17	0	1675.21511	920.82090	1614.77440	907.49627
NR04	17	1	1827.32424	957.59328	1835.88667	948.29851
NR04	18	0	1102.63799	836.42910	952.94648	817.98134
NR04	18	1	1017.51731	713.01493	913.66002	678.95149
NR04	19	0	789.70829	751.41418	602.63484	736.58582
NR04	19	1	908.57503	745.87313	773.37985	725.50373
NR04	20	0	1231.80693	721.94776	1233.92445	676.54851
NR04	20	1	1159.27807	617.17164	1180.03148	572.27612
NR04	21	0	742.86569	830.79478	412.17419	814.91418
NR04	21	1	602.10493	634.32463	208.69045	647.17164
NR04	22	0	674.15950	967.36567	468.69255	942.06343
NR04	22	1	473.69780	858.55970	337.23400	848.36940
NR04	23	0	1285.65582	645.51119	1122.69990	607.23134
NR04	23	1	1117.42917	552.82463	971.59811	525.62687
NR04	24	0	1678.71459	945.97388	1454.67786	938.69776
NR04	24	1	1442.99580	849.25746	1244.14271	823.34328
NR04	25	0	435.29906	544.73507	353.51207	561.14179
NR04	25	1	222.74921	589.56716	142.97692	613.52985
NR04	26	0	1258.11542	761.75373	1115.67786	731.27985
NR04	26	1	1067.72718	770.82090	956.01364	742.36194
NR04	27	0	1566.16789	666.25746	1594.12382	607.82090
NR04	27	1	1731.37251	734.26119	1768.89822	682.37313
NR04	28	0	1733.75866	656.45896	1633.82476	597.60075
NR04	28	1	1514.15740	588.95896	1425.80797	524.55970
NR04	29	0	1625.15950	744.95522	1505.89087	699.56343
NR04	29	1	1429.73452	684.50746	1304.42183	637.60448
NR04	30	0	1479.52361	586.84328	1374.19622	530.60075
NR04	30	1	1315.32634	620.08955	1196.39979	577.95149
NR04	31	0	1151.56768	612.22388	1127.50157	569.63060
NR04	31	1	1035.21931	611.21642	1039.86254	577.18657
NR04	32	0	272.43232	644.80224	389.67471	647.14179
NR04	32	1	375.18153	573.27239	475.80273	576.11567
NR04	33	0	579.52781	595.98507	662.45435	587.02239
NR04	33	1	660.61910	547.62687	753.11542	533.12313
NR04	34	0	514.05037	572.30970	595.46590	568.88806
NR04	34	1	575.49843	547.12313	672.02413	542.19030
NR04	35	0	287.32214	618.72388	366.11962	624.62313
NR04	35	1	332.14900	559.78731	426.56034	566.19030
NR04	36	0	544.92445	607.95522	570.85834	601.61567
NR04	36	1	436.63484	554.55970	492.28541	560.30970
NR04	37	0	1332.99895	503.97761	1381.20147	441.05970
NR04	37	1	1518.85414	524.63060	1574.61175	449.11940
NR04	38	0	1093.29276	188.77612	1373.97272	111.82836
NR04	38	1	1167.83631	172.65672	1449.01994	86.13806
NR04	39	0	1082.71563	316.72388	1400.66737	246.82836
NR04	39	1	1160.28122	315.21269	1483.26967	232.22015
NR04	40	0	596.93494	658.20896	601.73662	651.10075
NR04	40	1	379.85205	678.35821	386.66842	675.27985
NR04	41	0	1304.11228	925.58582	974.13116	907.12687
NR04	41	1	1501.55194	832.89925	1181.14061	811.41791
NR04	42	0	1314.65687	1030.13060	919.45121	1022.07090
NR04	42	1	1569.51522	1024.08582	1130.49003	1026.10075
NR04	43	0	1339.33683	928.37687	885.70514	917.79851
NR04	43	1	1560.44911	1037.18284	1069.04197	1035.16791
NR04	44	0	1344.15320	778.20149	1032.86988	754.54104
NR04	44	1	1548.14061	747.97761	1260.02623	715.75373
NR04	45	0	1613.26338	678.85075	1643.48374	620.82836
NR04	45	1	1743.71459	727.20896	1808.18468	672.20896
NR04	46	0	656.33578	345.00746	632.49003	349.95522
NR04	46	1	435.72718	293.62687	387.20147	330.30970
NR04	47	0	1181.18573	571.43657	970.82162	538.04104
NR04	47	1	976.64533	394.97761	820.22350	372.81716
NR04	48	0	1444.31165	368.00373	1423.21616	282.33582
NR04	48	1	1711.25813	278.84328	1688.65163	147.33582
NR04	49	0	791.74082	588.96269	860.86254	562.05970
NR04	49	1	710.64953	596.01493	802.94019	575.66045
NR04	50	0	1008.64533	756.11194	1091.26653	722.76119
NR04	50	1	999.07555	671.98881	1078.67471	631.58582
NR04	51	0	1282.50892	429.60821	1317.14481	361.15672
NR04	51	1	1193.35887	397.36940	1216.91396	340.00000
NR04	52	0	1322.31480	692.09701	1456.86988	640.94776
NR04	52	1	1394.33998	693.10448	1539.97587	637.42164
NR04	53	0	219.81112	645.02239	261.30745	652.72761
NR04	53	1	330.11542	598.67910	364.56034	603.36194
NR04	54	0	860.90241	664.10448	766.74397	644.08955
NR04	54	1	678.06925	657.55597	580.88877	646.10448
NR04	55	0	790.64218	549.56716	874.01574	527.70149
NR04	55	1	666.23505	488.11194	773.28122	474.30597
NR04	56	0	1257.01679	723.17910	1167.70094	687.48507
NR04	56	1	1341.13012	641.57463	1305.70724	596.30970
NR04	57	0	1222.64533	755.44403	1227.96537	720.05224
NR04	57	1	1258.40609	757.45896	1305.02728	718.54104
NR04	58	0	372.93179	141.54851	684.83945	161.36940
NR04	58	1	434.88353	150.61567	743.26548	163.88806
NR04	59	0	206.71983	134.49627	546.83316	174.97015
NR04	59	1	273.70829	111.82836	599.21511	150.79104
NR04	60	0	921.75971	753.50373	945.54040	727.97388
NR04	60	1	1578.73347	718.48134	1747.74397	660.94776
NR05	0	0	1510.08604	363.85075	1608.90976	268.45896
NR05	0	1	1411.86988	395.08209	1509.18258	314.80224
NR05	1	0	426.11228	45.33582	365.48374	109.81343
NR05	1	1	449.28122	121.39925	422.90241	165.72761
NR05	2	0	1392.22560	194.82090	1566.75131	89.16045
NR05	2	1	1209.89612	205.39925	1360.74921	123.91791
NR05	3	0	1050.58237	427.48881	874.69990	400.97015
NR05	3	1	903.50997	447.63806	711.50997	438.75000
NR05	4	0	901.96852	142.55597	879.99790	121.35448
NR05	4	1	779.07240	149.10448	754.07975	147.04478
NR05	5	0	879.21826	573.86567	763.04197	559.97015
NR05	5	1	736.67891	565.80597	612.94753	560.47388
NR05	6	0	289.94648	817.49627	470.79224	795.16418
NR05	6	1	195.25603	776.19030	398.26338	762.92537
NR05	7	0	122.39244	937.64552	182.83316	909.27612
NR05	7	1	219.60126	873.16791	305.22560	849.33209
NR05	8	0	60.44071	683.73507	228.02413	690.61567
NR05	8	1	97.71249	630.84328	284.93914	640.74627
NR05	9	0	1110.55299	206.12687	966.14481	166.28731
NR05	9	1	939.30430	219.22388	829.14586	204.57090
NR05	10	0	859.73662	213.48881	705.84680	211.75373
NR05	10	1	599.33788	176.71642	469.62434	212.25746
NR05	11	0	814.64113	382.96269	788.61175	369.37687
NR05	11	1	636.34103	369.36194	635.49528	375.42164
NR05	12	0	703.31375	358.01493	620.66317	364.10448
NR05	12	1	498.82267	330.81343	432.79328	358.56343
NR05	13	0	613.09339	1010.48507	533.57503	977.74254
NR05	13	1	469.04302	1010.98881	400.10178	975.72761
NR05	14	0	388.97587	907.00746	456.67786	882.93657
NR05	14	1	308.89192	900.45896	384.65268	879.91418
NR05	15	0	1262.30745	563.02239	1333.57608	509.62313
NR05	15	1	1362.53830	521.21269	1447.90976	453.70896
NR05	16	0	1207.84785	812.09701	1131.23400	786.15672
NR05	16	1	1311.10073	754.16791	1239.01994	723.69403
NR05	17	0	1399.47324	603.47015	1079.73767	560.50000
NR05	17	1	1573.29591	405.48881	1237.56768	330.52985
NR05	18	0	681.00525	786.45149	783.51626	762.88060
NR05	18	1	554.07975	794.00746	655.07975	778.49627
NR05	19	0	756.41028	740.79478	934.86988	712.24627
NR05	19	1	843.04197	722.66045	1020.99790	692.09701
NR05	20	0	1172.65268	788.64552	979.31480	777.64179
NR05	20	1	1250.21826	660.69776	1129.91291	624.50746
NR05	21	0	1684.71039	943.17164	1147.64848	944.10448
NR05	21	1	1416.75656	914.96269	960.28227	913.37687
NR05	22	0	480.63064	726.60075	636.49108	713.68284
NR05	22	1	495.74082	610.74254	684.33998	597.32090
NR05	23	0	1604.51312	514.11194	1530.66002	440.23134
NR05	23	1	1729.10808	287.85075	1634.25918	166.42164
NR05	24	0	1142.40294	171.62313	1456.30745	88.15299
NR05	24	1	1257.74397	116.21269	1567.61910	22.66791
NR05	25	0	1221.92130	230.11194	1556.46905	139.02985
NR05	25	1	1326.68520	179.73881	1671.81007	59.94403
NR05	26	0	1365.79643	198.45149	1701.40609	80.09328
NR05	26	1	1469.55299	159.16045	1811.71039	14.60821
NR05	27	0	1329.33683	210.94030	1679.24449	101.25000
NR05	27	1	1426.04197	224.54104	1778.46800	92.18284
NR05	28	0	187.86988	637.03731	270.83631	648.45896
NR05	28	1	47.34523	661.21642	148.94753	677.17164
NR05	29	0	567.82162	424.03731	642.79958	427.54851
NR05	29	1	505.36621	441.16418	564.22665	449.71269
NR05	30	0	134.48059	483.16418	262.91710	512.18657
NR05	30	1	29.21301	486.18657	164.70094	525.78731
NR05	31	0	869.11542	781.65299	724.17419	757.51866
NR05	31	1	727.58342	781.14925	590.19727	760.54104
NR05	32	0	494.67156	834.41045	543.43966	817.20896
NR05	32	1	601.95383	794.11194	646.18888	773.38433
NR05	33	0	1121.07135	693.32090	942.44281	665.75373
NR05	33	1	982.05771	610.20522	794.86674	594.22388
NR05	34	0	23.67261	639.89552	196.38090	654.48881
NR05	34	1	146.56873	664.57836	294.59706	669.09701
NR05	35	0	782.33263	748.33209	853.54565	725.33955
NR05	35	1	694.69360	788.12687	759.35887	766.14179
NR05	36	0	1502.64848	324.66418	1324.64113	244.22015
NR05	36	1	1283.55089	373.52612	1097.98846	320.78731
NR05	37	0	895.16684	383.86567	747.22560	374.39925
NR05	37	1	685.63903	362.20522	548.27492	374.90299
NR05	38	0	1395.60441	144.85075	1303.77335	53.39552
NR05	38	1	1288.32214	189.17910	1153.67891	123.41418
NR05	39	0	521.56034	498.27612	505.29591	503.84701
NR05	39	1	399.67156	397.52985	419.16789	425.76866
NR05	40	0	197.66422	21.15672	127.93284	129.75373
NR05	40	1	403.16264	177.81716	329.40189	237.04851
NR05	41	0	1561.11542	449.02612	1490.33578	373.23507
NR05	41	1	1444.26338	583.52239	1369.09759	535.44776
NR05	42	0	958.64848	766.70522	771.39874	744.91045
NR05	42	1	776.31899	732.95522	656.05771	715.19030
NR05	43	0	404.18888	901.02239	277.01994	879.37687
NR05	43	1	127.67261	852.66418	35.25708	843.61194
NR05	44	0	1188.29171	646.10821	1039.70724	625.60448
NR05	44	1	1025.60546	753.40299	878.02833	726.85448
NR05	45	0	1473.80273	510.52985	1215.83211	456.15299
NR05	45	1	1210.88562	548.81343	991.69780	517.10448
NR05	46	0	248.00210	442.52612	75.04722	494.16045
NR05	46	1	366.31060	604.38806	247.80693	623.61940
NR06	0	0	1002.26233	38.78731	1318.18153	18.13433
NR06	0	1	815.90346	48.35821	1139.37775	31.73507
NR06	1	0	660.73662	297.03731	775.01259	293.12687
NR06	1	1	502.58342	286.96269	623.91081	285.06716
NR06	2	0	863.43547	348.93284	1058.25918	339.34701
NR06	2	1	815.08290	378.14925	1015.95068	369.57090
NR06	3	0	620.63484	803.05970	350.73767	759.50373
NR06	3	1	783.32109	755.20522	514.93494	738.85075
NR06	4	0	1710.69255	780.39552	1623.15950	846.95896
NR06	4	1	1539.94753	643.38060	1496.73767	677.70522
NR06	5	0	1556.15950	366.42910	1544.37671	360.88806
NR06	5	1	1392.96957	401.69030	1390.25289	397.15672
NR06	6	0	1342.56873	906.44403	924.50577	930.63806
NR06	6	1	1564.39140	754.92537	1237.72613	796.48134
NR06	7	0	1446.54984	296.33955	1748.75131	279.92537
NR06	7	1	1490.36936	325.55597	1794.08185	308.63806
NR06	8	0	1436.53515	285.92537	1743.71459	270.52612
NR06	8	1	1483.88038	308.59328	1797.10388	297.22388
NR06	9	0	425.03463	883.33209	191.39559	813.27239
NR06	9	1	303.64953	889.88060	92.17209	813.27239
NR06	10	0	1036.74397	962.65299	702.02728	951.14179
NR06	10	1	915.86254	931.92537	620.93599	903.79104
NR06	11	0	1641.51312	589.83955	1495.65687	615.26119
NR06	11	1	1870.13641	358.94776	1811.20672	353.88060
NR06	12	0	1319.42812	226.61567	1635.60441	205.96269
NR06	12	1	1217.18258	209.48881	1519.25603	188.83582
NR06	13	0	765.03043	933.91791	308.75131	886.81343
NR06	13	1	470.88562	1049.77612	11.08080	949.77985
NR06	14	0	69.00315	308.01493	1.00735	317.58582
NR06	14	1	289.10808	263.18284	214.06086	276.27985
NR06	15	0	404.87303	324.22388	643.95383	316.72761
NR06	15	1	323.27807	336.81716	560.34418	328.81716
NR06	16	0	1101.47324	536.91791	1015.91815	529.92537
NR06	16	1	1325.10388	594.84701	1240.05247	605.48507
NR06	17	0	1324.09339	236.98507	1656.25498	216.22761
NR06	17	1	1199.68625	231.44403	1517.24134	214.21269
NR06	18	0	494.92865	261.57836	641.68625	266.27612
NR06	18	1	612.28437	213.22015	747.96118	213.38433
NR06	19	0	955.31480	184.57090	1096.81847	174.08209
NR06	19	1	1062.09339	133.19030	1209.64113	116.65672
NR06	20	0	1798.61490	534.54104	1342.44596	559.23881
NR06	20	1	1493.38930	424.72761	1137.95488	433.80970
NR06	21	0	1516.61595	195.65299	1673.70409	168.75000
NR06	21	1	1558.42078	131.67910	1689.31794	80.09328
NR06	22	0	1536.58972	276.20522	1908.41553	254.88806
NR06	22	1	1431.82581	307.43657	1767.38720	293.67537
NR06	23	0	500.00525	291.40672	635.15215	289.94030
NR06	23	1	364.51731	251.10821	490.09444	255.68657
NR06	24	0	587.60441	376.08955	642.15950	368.01493
NR06	24	1	412.83001	361.98507	495.08709	354.91791
NR06	25	0	1494.51626	263.25373	1660.16684	241.99254
NR06	25	1	1341.90346	249.65299	1473.30430	232.92537
NR06	26	0	1566.47954	89.14552	1663.70724	36.77239
NR06	26	1	1444.08709	152.61567	1553.90661	128.45149
NR06	27	0	1544.26023	489.30970	1129.43652	499.38433
NR06	27	1	1828.83526	510.97015	1434.15845	534.64552
NR06	28	0	1173.73033	596.16418	1123.50262	596.80224
NR06	28	1	1352.03043	493.90672	1319.43127	499.58209
NR06	29	0	1511.01679	238.73507	1240.23085	225.59701
NR06	29	1	1702.41238	106.25373	1526.31689	62.38806
NR06	30	0	1275.07975	781.72761	931.57293	798.04104
NR06	30	1	1604.33263	650.99254	1214.13326	680.67164
NR07	0	0	1661.96118	730.46642	1886.25393	743.57836
NR07	0	1	1565.25603	733.48881	1777.46065	746.09701
NR07	1	0	727.09339	27.20149	749.33998	62.46269
NR07	1	1	634.41763	63.47015	644.07240	105.78358
NR07	2	0	270.88038	19.64552	397.43547	104.27239
NR07	2	1	209.93599	94.70149	334.47639	178.82463
NR07	3	0	456.51312	380.24254	608.44701	411.88806
NR07	3	1	532.56768	457.31343	670.90241	482.91418
NR07	4	0	988.48269	278.56343	801.97167	282.92910
NR07	4	1	763.84470	176.80970	583.88143	206.86567
NR07	5	0	1321.58972	358.04478	1269.22560	330.94776
NR07	5	1	1143.79328	334.87313	1090.42183	324.39925
NR07	6	0	448.45435	370.74627	601.42497	403.73881
NR07	6	1	556.74397	416.58582	692.08604	440.51119
NR07	7	0	468.40609	55.91418	542.90976	114.85075
NR07	7	1	413.00210	112.33209	473.40294	177.31343
NR07	8	0	904.33683	520.49627	1090.71563	524.23134
NR07	8	1	1021.69255	426.29851	1211.09339	424.49254
NR07	9	0	880.63484	669.58582	866.96222	674.36194
NR07	9	1	1051.88353	637.34701	1031.15950	637.08582
NR07	10	0	1229.12277	790.92537	1220.70724	798.43657
NR07	10	1	1100.68625	864.47015	1082.19727	874.50000
NR07	11	0	1027.99475	640.02985	1221.40294	645.70522
NR07	11	1	1109.58972	591.16791	1296.95383	592.30970
NR07	12	0	1481.35887	772.55597	1654.56453	785.48881
NR07	12	1	1611.30640	777.59328	1792.06716	792.54104
NR07	13	0	441.64113	766.05224	431.03463	762.42164
NR07	13	1	315.21931	789.22388	318.21196	780.05224
NR07	14	0	1143.85205	978.24627	1059.26338	998.89925
NR07	14	1	1379.57083	984.79478	1282.89402	1010.98881
NR07	15	0	176.78909	387.40672	517.48688	430.54104
NR07	15	1	60.44071	391.94030	417.75971	440.11194
NR07	16	0	843.99056	636.29478	1097.39874	641.83582
NR07	16	1	769.95068	659.46642	1029.90661	668.53358
NR07	17	0	1010.70619	617.65672	1270.66212	624.20522
NR07	17	1	935.15530	638.30970	1191.08185	644.35448
NR07	18	0	1138.65582	818.47388	951.65582	820.69030
NR07	18	1	1024.82581	810.41418	806.09444	809.10448
NR07	19	0	599.03463	765.02985	530.52361	763.60821
NR07	19	1	471.60546	756.97015	419.21196	757.56343
NR07	20	0	1121.81007	828.02985	869.33578	829.17910
NR07	20	1	860.40399	788.73881	667.36306	782.83582
NR07	21	0	1252.23295	887.20149	1217.42078	901.63060
NR07	21	1	1047.74187	889.21642	1030.55824	896.08955
NR07	22	0	563.59077	794.77985	692.21931	796.54104
NR07	22	1	716.20357	801.83209	832.24029	804.60075
NR07	23	0	378.18993	786.49627	538.83316	786.89925
NR07	23	1	514.18153	790.52612	664.75131	790.42537
NR07	24	0	688.61910	798.73507	705.15215	797.25373
NR07	24	1	542.05037	737.27985	577.72298	740.33209
NR07	25	0	607.58342	880.93284	427.53935	859.06716
NR07	25	1	800.99370	911.66045	613.89822	904.90672
NR07	26	0	1775.99370	744.02239	1598.80273	749.60821
NR07	26	1	1544.30430	717.82836	1415.46590	721.90299
NR07	27	0	1490.13326	655.89552	1125.18888	646.53358
NR07	27	1	1203.03987	615.59701	904.58027	612.78358
NR07	28	0	1248.14481	843.08209	1143.10073	855.67537
NR07	28	1	1062.28961	760.47015	1006.10178	770.54478
NR07	29	0	748.43547	655.91045	1067.90241	668.08955
NR07	29	1	689.00210	663.46642	1004.94334	673.63060
NR07	30	0	663.41763	818.94776	682.32214	818.79851
NR07	30	1	779.26233	872.34328	792.62644	881.76493
NR07	31	0	1306.95698	845.40672	983.66632	849.03731
NR07	31	1	976.03882	809.40672	751.97692	803.19776
NR07	32	0	1375.42917	907.29104	1343.20881	927.14179
NR07	32	1	1640.86464	801.00373	1631.81322	812.29104
NR07	33	0	1295.61910	677.99254	1082.31794	676.07463
NR07	33	1	1160.13116	620.56716	991.15320	617.13806
NR07	34	0	1571.60441	605.89552	1423.12277	592.47388
NR07	34	1	1414.45855	611.94030	1297.20462	606.07463
NR07	35	0	1178.41343	431.84328	1337.87303	420.77612
NR07	35	1	1126.03148	469.11940	1276.92865	463.59328
NR07	36	0	1356.46380	793.25373	1230.04092	804.87313
NR07	36	1	1193.27387	755.97761	1065.84365	759.53731
NR07	37	0	931.40609	674.98507	1182.87303	683.47388
NR07	37	1	881.03882	673.47388	1132.00210	679.94776
NR07	38	0	1092.58132	684.55597	1355.63274	691.53358
NR07	38	1	1051.78384	659.36940	1311.30955	664.83582
NR07	39	0	1251.12277	548.05970	400.92340	531.94030
NR07	39	1	1098.00630	278.05970	116.85205	292.16418
NR07	40	0	855.23295	642.90299	522.90976	643.94030
NR07	40	1	694.05771	630.30970	439.80378	633.86567
NR07	41	0	1413.43861	725.96269	710.46800	717.19030
NR07	41	1	1128.86359	727.47388	493.88877	709.63433
NR07	42	0	1826.82057	934.26866	1212.29591	961.62313
NR07	42	1	1530.66107	835.53731	967.23715	843.36194
NR08	0	0	181.85939	255.77612	207.59077	258.02239
NR08	0	1	412.03778	248.22015	424.16999	253.48881
NR08	1	0	539.36621	332.69403	502.49843	323.65672
NR08	1	1	695.40294	460.71642	591.14481	445.55970
NR08	2	0	1281.50262	459.41418	1201.80797	473.28358
NR08	2	1	1535.85729	370.25373	1478.82791	383.61940
NR08	3	0	1466.10073	220.98507	1781.99370	210.00746
NR08	3	1	1339.17524	208.89552	1628.87723	198.92537
NR08	4	0	1223.82267	445.30970	494.91081	451.41418
NR08	4	1	1421.76600	476.54104	668.17419	485.16418
NR08	5	0	78.57293	529.96269	140.02099	479.92164
NR08	5	1	15.11018	594.94403	85.62434	541.37687
NR08	6	0	860.60756	936.94030	367.35782	894.25000
NR08	6	1	617.33368	1035.16791	195.10178	953.69030
NR08	7	0	1024.75131	651.48134	429.31375	641.12687
NR08	7	1	764.85624	602.11567	199.63903	577.15299
NR08	8	0	1530.66422	557.49627	1460.79643	589.48134
NR08	8	1	1673.70724	555.48134	1589.23295	594.01493
NR08	9	0	1383.29171	1032.14552	703.45016	1052.79851
NR08	9	1	1145.05456	896.64179	601.70829	891.10075
NR08	10	0	619.78069	220.80597	365.37251	230.43657
NR08	10	1	428.38510	219.29478	144.26023	233.45896
NR08	11	0	912.10073	367.46642	738.29171	362.97761
NR08	11	1	781.14586	398.19403	590.21196	395.72015
NR08	12	0	966.38090	714.64552	684.67891	704.00746
NR08	12	1	1108.92025	614.90672	829.73662	617.86940
NR08	13	0	409.14900	368.36940	396.25184	360.05970
NR08	13	1	289.77859	280.72015	285.94753	281.98134
NR08	14	0	556.12277	427.54851	564.04932	417.97761
NR08	14	1	433.22665	368.10821	450.72298	362.06343
NR08	15	0	584.22560	746.92537	269.85834	698.06716
NR08	15	1	390.31165	670.86194	140.91815	623.51493
NR08	16	0	654.77440	475.52239	365.15215	466.98507
NR08	16	1	424.50262	464.73134	192.39244	446.83582
NR08	17	0	276.75551	349.80970	171.24869	343.05224
NR08	17	1	129.68311	246.54478	10.57712	257.92164
NR08	18	0	972.89927	710.02239	848.03148	712.08209
NR08	18	1	1717.01994	537.45149	1682.01259	589.25746
NR08	19	0	1296.54250	787.97761	1054.36306	833.55597
NR08	19	1	1425.98636	807.11940	1232.15950	853.70522
NR08	20	0	913.37775	856.11940	602.00315	837.91045
NR08	20	1	1143.55614	810.78358	829.15950	820.78358
NR08	21	0	1229.18258	291.97015	1619.81112	291.00746
NR08	21	1	1368.69990	298.51866	1759.83211	296.04478
NR08	22	0	791.23400	56.92164	1134.56873	52.38806
NR08	22	1	983.63694	58.93657	1342.08185	45.33582
NR08	23	0	1481.25603	513.22388	1536.75236	539.34328
NR08	23	1	1619.26233	402.90672	1721.60021	426.50746
NR08	24	0	1390.98006	403.57090	1413.63484	413.60075
NR08	24	1	1469.55299	350.17537	1548.61910	355.16791
NR08	25	0	1224.96118	286.08955	1512.39874	285.16418
NR08	25	1	1165.52781	228.16045	1454.47639	224.71642
NR08	26	0	414.27807	476.85075	408.21931	461.38433
NR08	26	1	623.30220	519.16418	541.18888	501.68284
NR08	27	0	672.88458	503.57836	681.59811	494.58582
NR08	27	1	795.27702	457.73881	803.48688	454.28731
OG01	0	0	886.71853	393.41307	1063.75000	381.25000
OG01	0	1	781.63643	325.06815	954.25000	313.00000
OG01	1	0	768.87647	298.03060	961.75000	286.00000
OG01	1	1	624.76388	210.15855	812.50000	204.25000
OG01	2	0	710.33073	338.58693	849.25000	327.25000
OG01	2	1	561.71462	324.31711	721.75000	310.75000
OG01	3	0	404.09148	213.91377	433.75000	219.25000
OG01	3	1	449.87725	180.86787	533.50000	176.50000
OG01	4	0	846.93745	384.40056	967.75000	373.75000
OG01	4	1	759.86943	361.86926	902.50000	344.50000
OG01	5	0	96.07506	342.47566	24.00000	333.00000
OG01	5	1	436.84128	310.93185	342.00000	307.50000
OG01	6	0	1067.65754	247.84423	1027.75000	240.00000
OG01	6	1	967.82955	196.77330	971.50000	183.00000
OG01	7	0	784.15637	222.30876	1026.25000	210.00000
OG01	7	1	664.06255	214.04729	912.25000	202.50000
OG01	8	0	948.74120	168.23366	852.00000	162.00000
OG01	8	1	1149.89836	142.69819	1049.25000	125.25000
OG01	9	0	1691.82174	443.11544	1598.25000	450.25000
OG01	9	1	1448.63174	380.02782	1362.75000	370.00000
OG01	10	0	497.63878	418.14743	638.25000	397.50000
OG01	10	1	401.56372	403.87761	549.00000	386.25000
OG01	11	0	234.18296	476.16134	216.00000	443.50000
OG01	11	1	114.08913	426.59249	156.00000	409.75000
OG01	12	0	424.83190	206.53686	414.00000	213.00000
OG01	12	1	260.45348	141.94715	305.25000	156.00000
OG01	13	0	111.08679	352.84423	173.25000	333.25000
OG01	13	1	307.74042	366.36300	353.25000	354.25000
OG01	14	0	829.10008	367.87761	570.00000	355.50000
OG01	14	1	963.45504	302.53686	769.50000	293.25000
OG01	15	0	979.96794	331.82754	816.00000	321.00000
OG01	15	1	1087.30180	343.84423	954.75000	330.00000
OG01	16	0	1049.77248	486.54242	885.00000	480.00000
OG01	16	1	868.88116	436.22253	711.75000	429.75000
OG01	17	0	1176.62158	542.87065	1093.50000	543.00000
OG01	17	1	1038.51368	476.02782	932.25000	463.50000
OG01	18	0	803.58014	494.80389	658.50000	482.25000
OG01	18	1	665.47224	440.72879	590.25000	424.50000
OG01	19	0	489.58014	85.61892	278.25000	90.00000
OG01	19	1	705.74902	196.77330	521.25000	189.00000
OG01	20	0	401.01095	332.71210	249.75000	321.75000
OG01	20	1	188.59500	286.14743	126.00000	281.25000
OG01	21	0	572.14464	457.38526	433.50000	444.75000
OG01	21	1	432.53557	387.53825	383.25000	373.50000
OG01	22	0	1397.88585	417.18081	1401.00000	419.25000
OG01	22	1	1280.79437	315.03894	1238.25000	309.00000
OG01	23	0	1514.68335	181.00139	1484.25000	150.00000
OG01	23	1	1352.55668	145.70236	1261.50000	115.50000
OG01	24	0	354.27678	214.79833	509.25000	213.00000
OG01	24	1	220.67240	192.26704	411.75000	198.75000
OG01	25	0	300.98514	161.47427	536.25000	165.75000
OG01	25	1	424.83190	134.43672	634.50000	137.25000
OG01	26	0	507.39640	338.90682	672.75000	326.50000
OG01	26	1	397.06020	296.84840	579.00000	286.75000
OG01	27	0	161.37608	391.87344	432.75000	372.25000
OG01	27	1	302.48632	387.36718	565.50000	367.75000
OG01	28	0	782.29554	120.91794	972.00000	109.50000
OG01	28	1	954.93041	49.56885	1167.75000	30.75000
OG01	29	0	258.95231	338.66620	530.25000	326.25000
OG01	29	1	358.78030	299.61196	633.00000	288.00000
OG01	30	0	751.76622	263.61613	845.50000	252.75000
OG01	30	1	877.86474	265.11822	979.00000	253.50000
OG01	31	0	949.92103	266.62031	1066.50000	253.50000
OG01	31	1	1058.00547	257.60779	1154.25000	246.75000
OG01	32	0	657.94292	144.95132	865.50000	139.50000
OG01	32	1	760.02267	160.72323	962.25000	150.00000
OG01	33	0	786.29320	144.95132	1000.50000	129.75000
OG01	33	1	871.10946	138.94298	1083.75000	122.25000
OG01	34	0	956.67631	229.06815	1111.50000	216.00000
OG01	34	1	1031.73495	236.57858	1191.00000	219.00000
OG01	35	0	1073.76779	212.54520	1237.50000	193.50000
OG01	35	1	1172.09461	189.26287	1339.50000	170.25000
OG01	36	0	525.11384	298.07477	730.40105	289.34579
OG01	36	1	429.84238	229.10280	660.90893	224.29907
OG01	37	0	120.84441	261.36300	207.00000	258.00000
OG01	37	1	14.26114	227.56606	165.00000	237.00000
OG01	38	0	181.64191	467.31293	258.00000	442.50000
OG01	38	1	427.83425	490.59527	377.25000	468.00000
OG01	39	0	421.82955	428.09458	298.50000	403.50000
OG01	39	1	846.66145	440.11127	753.00000	435.00000
OG01	40	0	1221.08600	205.78581	1363.50000	183.75000
OG01	40	1	1341.93041	172.73992	1491.00000	145.50000
OG01	41	0	1175.92416	303.57441	1292.25000	293.50000
OG01	41	1	1283.25801	299.81919	1370.25000	288.25000
OG01	42	0	936.48319	201.27955	1132.75000	186.00000
OG01	42	1	793.12119	229.81919	989.50000	218.25000
OG01	43	0	383.54965	392.65786	487.50000	373.75000
OG01	43	1	288.22518	322.05981	405.75000	315.25000
OG01	44	0	475.87177	549.86926	427.50000	515.50000
OG01	44	1	312.99453	558.13074	300.00000	522.25000
OG01	45	0	466.11415	539.63282	429.00000	510.25000
OG01	45	1	305.48866	531.37135	285.00000	500.50000
OG01	46	0	298.73339	156.21697	211.50000	175.50000
OG01	46	1	607.97498	174.24200	463.50000	175.50000
OG01	47	0	757.68335	232.07232	657.75000	233.25000
OG01	47	1	600.81079	178.74826	518.25000	183.75000
OG01	48	0	719.06177	340.97357	154.50000	330.00000
OG01	48	1	1002.78342	186.25869	501.00000	162.00000
OG01	49	0	451.10242	463.89013	648.25000	442.75000
OG01	49	1	320.50039	428.59110	537.25000	409.00000
OG01	50	0	995.27756	572.29485	696.00000	567.00000
OG01	50	1	666.52072	404.06120	499.50000	403.50000
OG01	51	0	1108.10946	108.15021	1072.75000	91.50000
OG01	51	1	1183.91869	72.85118	1220.50000	48.75000
OG01	52	0	523.90930	466.13074	415.50000	445.00000
OG01	52	1	312.99453	366.99305	225.75000	354.25000
OG01	53	0	833.15090	386.03616	216.00000	387.00000
OG01	53	1	601.97029	148.70654	198.00000	168.00000
OG01	54	0	1811.16497	421.13908	1450.00000	431.50000
OG01	54	1	1670.05473	298.71905	1234.75000	294.25000
OG01	55	0	745.89054	482.64951	676.00000	470.25000
OG01	55	1	583.01329	382.76078	544.00000	375.00000
OG01	56	0	826.20328	502.92768	671.50000	492.75000
OG01	56	1	975.56998	406.04312	825.25000	400.50000
OG01	57	0	1417.10711	207.28790	823.50000	205.50000
OG01	57	1	996.77873	64.58971	496.50000	66.00000
OG01	58	0	1618.26427	533.24061	1302.00000	544.50000
OG01	58	1	1856.95074	596.32823	1522.50000	634.50000
OG01	59	0	1086.84910	662.42003	693.00000	654.00000
OG01	59	1	954.74590	551.26565	669.00000	555.00000
OG01	60	0	1070.33620	690.95967	502.50000	669.00000
OG01	60	1	873.68256	611.34910	424.50000	588.00000
OG01	61	0	487.69231	87.69231	434.26741	88.46154
OG01	61	1	555.38462	101.53846	539.56765	106.92308
OG01	62	0	935.22767	408.49533	914.17338	396.96262
OG01	62	1	1113.44133	345.69159	1082.29947	327.42991
OG01	63	0	789.88091	341.88785	801.88266	323.98131
OG01	63	1	598.21716	269.55140	615.26270	265.66355
OG01	64	0	802.15385	324.07692	814.70857	305.92308
OG01	64	1	613.69231	273.30769	618.71177	267.46154
OG01	65	0	1646.15385	499.92308	1776.26902	516.00000
OG01	65	1	1513.84615	453.76923	1600.25620	463.69231
OG01	66	0	1132.23077	410.76923	1105.43475	403.61538
OG01	66	1	1004.53846	330.76923	919.42994	301.30769
OG01	67	0	424.61538	359.07692	422.73819	350.23077
OG01	67	1	186.92308	249.84615	229.81585	251.76923
OG01	68	0	52.30769	354.46154	5.38030	333.30769
OG01	68	1	322.30769	342.92308	268.24660	330.23077
OG01	69	0	566.11181	421.65786	701.50000	402.75000
OG01	69	1	636.66693	410.39221	778.75000	393.75000
OG01	70	0	1522.18921	461.72462	1317.75000	464.25000
OG01	70	1	1396.84128	299.49930	1192.50000	291.00000
OG01	71	0	1412.60360	258.35883	1165.00000	244.50000
OG01	71	1	1467.39640	77.35744	1265.50000	38.25000
OG01	72	0	1324.03440	201.27955	979.75000	182.25000
OG01	72	1	1318.78030	70.59805	1063.75000	44.25000
OG01	73	0	1368.09070	301.91933	1124.25000	292.50000
OG01	73	1	1453.65754	161.47427	1270.50000	130.50000
OG01	74	0	757.20328	147.95549	692.50000	150.75000
OG01	74	1	621.34715	36.80111	583.00000	53.25000
OG01	75	0	1608.50665	509.64951	1359.75000	520.75000
OG01	75	1	1767.63096	430.03894	1596.75000	433.00000
OG01	76	0	1356.30962	545.69958	1105.50000	549.25000
OG01	76	1	1488.41282	389.48261	1232.25000	386.50000
OG01	77	0	1518.43628	469.90682	1225.75000	471.75000
OG01	77	1	1640.03127	307.68150	1399.00000	290.25000
OG01	78	0	1477.15403	466.90264	1205.50000	465.75000
OG01	78	1	1664.05004	391.79833	1442.50000	392.25000
OG01	79	0	1283.50274	571.29764	978.25000	574.50000
OG01	79	1	1215.19937	362.50765	940.00000	351.75000
OG01	80	0	1303.01798	324.20445	1093.00000	307.50000
OG01	80	1	1333.04144	548.76634	1082.50000	534.00000
OG01	81	0	1061.39875	389.01947	684.00000	384.00000
OG01	81	1	985.58952	138.17107	615.00000	135.75000
OG01	82	0	843.65911	749.54103	295.50000	739.50000
OG01	82	1	1897.48241	504.70097	1839.00000	522.00000
OG02	0	0	1315.30727	264.36718	1172.25000	201.00000
OG02	0	1	1455.66693	145.70236	1225.50000	57.00000
OG02	1	0	856.58952	439.91516	852.00000	418.50000
OG02	1	1	955.66693	340.77747	954.75000	310.50000
OG02	2	0	1317.43628	111.90542	1264.50000	22.50000
OG02	2	1	1143.30023	159.22114	1090.50000	99.00000
OG02	3	0	1774.38624	238.83171	945.00000	156.00000
OG02	3	1	1415.60594	330.45897	703.50000	300.00000
OG02	4	0	1892.97889	249.34631	1254.00000	135.00000
OG02	4	1	1661.79828	163.72740	1179.00000	66.00000
OG02	5	0	1450.88350	632.44228	1101.25000	596.25000
OG02	5	1	1656.54418	473.22114	1263.25000	398.25000
OG02	6	0	1306.77091	622.67872	1013.50000	586.50000
OG02	6	1	1464.39406	434.16690	1145.50000	377.25000
OG02	7	0	822.30258	360.39221	436.75000	375.25000
OG02	7	1	1054.23378	305.56606	586.00000	303.25000
OG02	8	0	759.59343	585.81363	481.50000	585.00000
OG02	8	1	668.02189	404.06120	343.50000	424.50000
OG02	9	0	1013.29163	600.83449	342.00000	606.00000
OG02	9	1	1134.88663	459.63839	588.00000	451.50000
OG02	10	0	927.72478	841.16829	573.00000	825.00000
OG02	10	1	674.02658	770.57024	370.50000	763.50000
OG02	11	0	1188.92885	883.22670	805.50000	867.00000
OG02	11	1	953.24472	988.37274	579.00000	970.50000
OG02	12	0	1227.95934	748.03894	888.00000	724.50000
OG02	12	1	1248.97576	516.71766	921.00000	484.50000
OG02	13	0	908.20954	564.78442	658.50000	549.00000
OG02	13	1	1062.83034	452.12796	753.00000	435.00000
OG02	14	0	1538.70211	286.89847	1386.00000	190.50000
OG02	14	1	1721.84519	157.71905	1624.50000	4.50000
OG02	15	0	1247.47459	286.89847	1152.00000	234.00000
OG02	15	1	1600.25020	201.27955	1462.50000	87.00000
OG02	16	0	929.59656	169.73574	1101.25000	121.50000
OG02	16	1	1003.15403	126.17524	1183.00000	68.25000
OG02	17	0	1288.92572	516.40056	1218.75000	459.75000
OG02	17	1	1168.83190	445.05146	1039.50000	405.75000
OG02	18	0	1633.27600	490.82754	1516.00000	410.25000
OG02	18	1	1402.09539	472.05146	1324.00000	409.50000
OG02	19	0	926.22361	695.46592	372.00000	694.50000
OG02	19	1	1022.29867	294.40890	561.00000	297.00000
OG02	20	0	1056.43159	973.35188	801.75000	951.75000
OG02	20	1	838.76153	1049.20723	591.75000	1020.00000
OG02	21	0	1047.81861	362.00278	1059.00000	322.50000
OG02	21	1	887.19312	333.46314	888.00000	307.50000
OG02	22	0	728.06880	417.57997	505.50000	424.50000
OG02	22	1	591.46208	524.22809	390.00000	538.50000
OG02	23	0	270.21110	674.43672	138.00000	693.00000
OG02	23	1	112.58796	639.88873	45.00000	663.00000
OG02	24	0	189.89836	601.63282	180.75000	623.25000
OG02	24	1	52.54105	588.86509	77.25000	617.25000
OG02	25	0	979.11884	490.88595	929.25000	463.50000
OG02	25	1	1097.71149	443.57024	1035.75000	405.75000
OG02	26	0	905.56138	300.12100	706.50000	293.25000
OG02	26	1	819.24394	238.53547	576.75000	247.50000
OG02	27	0	685.63956	409.77330	591.00000	412.50000
OG02	27	1	790.72166	347.43672	699.00000	342.75000
OG02	28	0	760.69820	303.12517	713.25000	302.25000
OG02	28	1	829.00156	233.27816	782.25000	219.75000
OG02	29	0	635.91165	373.08067	433.50000	394.50000
OG02	29	1	481.29085	408.37969	306.75000	435.75000
OG02	30	0	1625.77013	336.46732	1227.00000	250.50000
OG02	30	1	1439.62471	307.92768	1026.00000	243.00000
OG02	31	0	1023.79984	408.56745	837.00000	387.00000
OG02	31	1	914.21423	271.87761	729.00000	262.50000
OG02	32	0	375.29320	339.47149	268.50000	379.50000
OG02	32	1	163.62783	52.57302	0.00000	163.50000
OG02	33	0	447.34949	724.00556	217.50000	729.00000
OG02	33	1	722.06411	704.47844	492.00000	697.50000
OG02	34	0	983.26818	746.53686	697.50000	733.50000
OG02	34	1	960.86005	637.58693	778.50000	620.25000
OG02	35	0	1306.33776	674.43811	1120.50000	635.50000
OG02	35	1	1453.45270	536.24618	1325.25000	477.25000
OG02	36	0	1846.44253	581.65369	1761.75000	499.00000
OG02	36	1	1691.07115	541.09736	1637.25000	460.75000
OG02	37	0	225.17592	745.03477	87.00000	750.00000
OG02	37	1	463.86239	632.37830	196.50000	648.00000
OG02	38	0	1448.63174	596.32823	1428.00000	535.50000
OG02	38	1	1504.17514	513.71349	1536.00000	438.00000
OG02	39	0	475.12119	430.07650	519.75000	443.50000
OG02	39	1	279.96873	424.81919	348.75000	454.00000
OG02	40	0	1109.36669	645.89708	904.50000	619.50000
OG02	40	1	1169.41360	501.69680	1033.50000	463.50000
OG02	41	0	1847.94371	455.13213	1660.50000	357.00000
OG02	41	1	1582.23612	506.20306	1377.00000	442.50000
OG02	42	0	1639.28069	515.21558	1861.50000	424.50000
OG02	42	1	990.77404	512.21140	1089.00000	477.00000
OG02	43	0	1756.37217	267.37135	1266.00000	160.50000
OG02	43	1	1321.03206	247.84423	744.00000	213.00000
OG02	44	0	397.81079	989.87483	354.00000	961.50000
OG02	44	1	1022.29867	594.82615	1105.50000	564.00000
OG02	45	0	1386.33307	217.05146	1402.50000	120.00000
OG02	45	1	1543.95622	174.99305	1554.75000	46.50000
OG02	46	0	1145.58249	303.66203	1345.00000	234.75000
OG02	46	1	1234.15168	258.59944	1437.25000	174.75000
OG02	47	0	787.13995	598.61196	918.00000	572.50000
OG02	47	1	670.04848	618.89013	808.50000	598.00000
OG02	48	0	438.34246	489.89013	393.75000	509.25000
OG02	48	1	180.89132	462.10153	127.50000	507.00000
OG02	49	0	474.37060	660.91794	450.00000	658.50000
OG02	49	1	574.94918	606.84284	556.50000	606.00000
OG02	50	0	520.90696	724.00556	448.50000	714.00000
OG02	50	1	644.00313	618.85953	574.50000	612.00000
OG02	51	0	165.12901	737.52434	120.00000	740.50000
OG02	51	1	324.25332	642.89291	273.00000	653.50000
OG02	52	0	516.40344	740.52851	510.75000	731.50000
OG02	52	1	648.50665	659.41586	648.00000	650.50000
OG03	0	0	881.37060	108.15021	960.00000	107.25000
OG03	0	1	1010.47146	85.61892	1093.50000	85.50000
OG03	1	0	603.47146	368.01113	598.50000	363.00000
OG03	1	1	690.53948	273.37969	639.00000	280.50000
OG03	2	0	1122.87725	213.29624	1185.00000	216.00000
OG03	2	1	1209.94527	90.12517	1269.00000	73.50000
OG03	3	0	1128.88194	255.35466	699.00000	256.50000
OG03	3	1	1310.52385	54.07510	942.00000	42.00000
OG03	4	0	1447.13057	363.50487	1164.00000	372.00000
OG03	4	1	1544.70680	90.12517	1263.00000	67.50000
OG03	5	0	665.01955	513.71349	502.50000	502.50000
OG03	5	1	451.85301	360.50070	319.50000	354.00000
OG03	6	0	573.44801	509.20723	270.00000	489.00000
OG03	6	1	798.62392	428.09458	525.00000	423.00000
OG03	7	0	972.06489	311.91099	913.50000	315.75000
OG03	7	1	1137.19390	229.29624	1072.50000	230.25000
OG03	8	0	895.82955	199.77747	892.50000	196.50000
OG03	8	1	1055.70446	177.24618	1060.50000	174.00000
OG03	9	0	1035.43862	215.54937	1104.00000	209.25000
OG03	9	1	1138.26896	140.44506	1205.25000	133.50000
OG03	10	0	1693.32291	840.18498	1410.00000	915.00000
OG03	10	1	1730.85223	699.73992	1496.25000	765.00000
OG03	11	0	1369.67162	275.85257	1614.75000	273.00000
OG03	11	1	1245.07428	267.59110	1474.50000	267.00000
OG03	12	0	1906.48944	842.67038	1638.00000	936.00000
OG03	12	1	1652.79124	998.88734	1362.00000	1074.00000
OG03	13	0	1463.64347	582.80946	1276.50000	621.00000
OG03	13	1	1493.66693	264.36718	1605.00000	261.00000
OG03	14	0	930.15637	128.42837	1114.75000	124.50000
OG03	14	1	789.04613	100.63978	988.75000	98.25000
OG03	15	0	1083.81783	691.10987	456.00000	679.50000
OG03	15	1	1299.98671	631.77747	720.00000	627.00000
OG03	16	0	1241.44097	629.52434	385.50000	631.75000
OG03	16	1	1573.22909	399.55494	604.50000	403.00000
OG03	17	0	782.11102	453.63004	500.25000	444.25000
OG03	17	1	586.95856	390.54242	310.50000	389.50000
OG03	18	0	1673.80766	3.00417	1195.50000	3.00000
OG03	18	1	1645.28538	216.30042	972.00000	199.50000
OG03	19	0	916.14699	568.16829	752.50000	567.75000
OG03	19	1	1031.73729	369.14186	864.25000	367.50000
OG03	20	0	1142.39249	567.78860	31.50000	556.50000
OG03	20	1	1538.70211	375.52156	363.00000	372.00000
OG03	21	0	1194.93354	784.08901	393.00000	777.00000
OG03	21	1	861.67318	656.41168	153.00000	630.00000
OG03	22	0	833.15090	787.09318	28.50000	742.50000
OG03	22	1	1028.30336	638.38665	378.00000	624.00000
OG03	23	0	1825.42611	419.08206	1272.00000	432.00000
OG03	23	1	1601.75137	513.71349	1143.00000	535.50000
OG03	24	0	818.13917	99.13769	594.00000	105.00000
OG03	24	1	639.49961	129.17942	432.00000	141.00000
OG03	25	0	971.25880	109.65229	805.50000	123.00000
OG03	25	1	812.13448	63.08762	642.00000	72.00000
OG03	26	0	983.26818	178.74826	688.50000	183.00000
OG03	26	1	1142.39249	165.22949	864.00000	171.00000
OG03	27	0	713.94214	283.89430	674.50000	282.75000
OG03	27	1	551.81548	215.54937	558.25000	222.75000
OG03	28	0	417.32604	575.34214	192.75000	556.50000
OG03	28	1	324.25332	638.42976	30.75000	588.75000
OG03	29	0	601.97029	587.31572	412.50000	549.00000
OG03	29	1	318.24863	467.14882	123.00000	441.00000
OG03	30	0	853.07428	298.90264	829.00000	297.00000
OG03	30	1	1004.69273	238.06815	964.00000	237.00000
OG03	31	0	1712.08757	459.92350	1600.50000	494.25000
OG03	31	1	1552.96325	354.02643	1508.25000	357.00000
OG03	32	0	785.56841	328.20584	963.00000	333.00000
OG03	32	1	940.18921	158.47010	1118.25000	153.00000
OG03	33	0	769.61298	337.14743	954.00000	337.50000
OG03	33	1	927.23612	159.90125	1098.00000	153.00000
OG03	34	0	1142.39249	486.67594	535.50000	496.50000
OG03	34	1	1444.12823	339.47149	984.00000	340.50000
OG03	35	0	912.18452	151.71071	1105.75000	147.00000
OG03	35	1	798.84597	173.49096	989.50000	171.00000
OG03	36	0	643.85770	293.65786	603.00000	305.25000
OG03	36	1	688.14230	154.71488	687.75000	163.50000
OG03	37	0	1802.15794	705.00974	1706.25000	782.25000
OG03	37	1	1750.36747	864.23088	1653.00000	946.50000
OG03	38	0	1300.69038	137.44089	1329.75000	111.00000
OG03	38	1	1125.05317	161.47427	1136.25000	156.75000
OG03	39	0	1155.07662	243.33797	1293.00000	228.00000
OG03	39	1	1022.97342	238.08067	1153.50000	237.75000
OG03	40	0	797.34480	368.91099	804.25000	367.50000
OG03	40	1	951.21501	263.76495	922.00000	257.25000
OG03	41	0	561.43862	190.01391	402.00000	199.50000
OG03	41	1	317.49805	48.06676	230.25000	84.75000
OG03	42	0	1154.37529	39.05424	1164.25000	15.75000
OG03	42	1	956.22048	87.12100	1000.00000	71.25000
OG03	43	0	791.11806	413.07371	277.50000	403.50000
OG03	43	1	960.75059	452.12796	555.00000	444.00000
OG03	44	0	603.47146	473.15716	304.50000	460.50000
OG03	44	1	391.80610	267.37135	139.50000	283.50000
OG03	45	0	1297.01329	40.55633	1026.00000	19.50000
OG03	45	1	1091.35262	67.59388	849.00000	63.00000
OG03	46	0	937.87647	241.83588	832.50000	248.25000
OG03	46	1	927.36826	65.34075	839.25000	72.00000
OG03	47	0	1182.56763	340.97357	1073.25000	339.75000
OG03	47	1	1027.19625	347.73296	914.25000	346.50000
OG03	48	0	1325.92963	89.37413	1317.00000	65.25000
OG03	48	1	1184.81939	156.21697	1173.00000	141.75000
OG03	49	0	482.12119	158.47010	485.50000	171.75000
OG03	49	1	479.11884	51.07093	509.50000	72.75000
OG03	50	0	604.46677	313.18498	424.75000	306.00000
OG03	50	1	617.97733	172.73992	500.50000	183.75000
OG03	51	0	587.84832	75.85535	632.25000	87.75000
OG03	51	1	724.45504	84.86787	746.25000	91.50000
OG03	52	0	724.54730	231.32128	462.00000	238.50000
OG03	52	1	930.20797	139.69402	604.50000	147.00000
OG04	0	0	906.80844	469.86926	787.00000	453.75000
OG04	0	1	1316.62862	475.12656	1098.25000	432.00000
OG04	1	0	644.30962	489.86092	654.00000	483.25000
OG04	1	1	990.32995	561.21001	919.50000	532.00000
OG04	2	0	802.49101	359.64951	406.50000	376.50000
OG04	2	1	1429.98124	224.46175	828.00000	174.00000
OG04	3	0	777.76857	333.35466	670.00000	333.25000
OG04	3	1	1177.08053	367.90264	1033.75000	322.75000
OG04	4	0	875.18374	153.21280	388.50000	180.00000
OG04	4	1	1435.12119	117.16273	988.50000	46.50000
OG04	5	0	1208.44410	283.89430	652.50000	261.00000
OG04	5	1	1720.34402	157.71905	1263.00000	43.50000
OG04	6	0	558.43628	229.81919	127.50000	294.00000
OG04	6	1	1103.36200	93.12935	705.00000	73.50000
OG04	7	0	938.23299	216.30042	222.00000	253.50000
OG04	7	1	1655.79359	211.79416	1111.50000	124.50000
OG04	8	0	797.12275	321.44645	346.50000	345.00000
OG04	8	1	1405.09773	79.61057	955.50000	15.00000
OG04	9	0	740.07819	449.12378	292.50000	475.50000
OG04	9	1	1429.11650	247.84423	811.50000	196.50000
OG04	10	0	1352.82486	308.89013	1565.25000	214.50000
OG04	10	1	1481.17514	235.28790	1698.75000	115.50000
OG04	11	0	1339.31431	197.73574	1497.00000	96.75000
OG04	11	1	1461.65989	126.38665	1605.00000	0.00000
OG04	12	0	1661.04769	245.59110	1863.75000	94.50000
OG04	12	1	1482.40813	245.59110	1672.50000	125.25000
OG04	13	0	1360.06255	226.81502	1588.50000	118.50000
OG04	13	1	1486.16106	166.73157	1716.00000	36.00000
OG04	14	0	1358.32838	184.75661	1590.75000	69.75000
OG04	14	1	1468.66458	132.18359	1713.75000	2.25000
OG04	15	0	1149.89836	428.09458	1248.00000	375.00000
OG04	15	1	1358.56138	440.11127	1474.50000	363.00000
OG04	16	0	950.24238	446.11961	1078.50000	405.00000
OG04	16	1	1104.86317	358.99861	1210.50000	309.00000
OG04	17	0	132.85379	686.37135	279.75000	684.00000
OG04	17	1	264.95700	678.86092	391.50000	675.75000
OG04	18	0	162.12666	669.93046	48.00000	682.50000
OG04	18	1	270.21110	471.65508	168.00000	511.50000
OG04	19	0	311.49335	722.65369	351.75000	719.50000
OG04	19	1	178.63956	648.30042	245.25000	656.50000
OG04	20	0	168.88194	834.55911	142.50000	821.50000
OG04	20	1	9.00704	770.72045	30.75000	774.25000
OG04	21	0	79.56216	540.75104	222.00000	561.00000
OG04	21	1	229.67944	564.78442	346.50000	583.50000
OG04	22	0	1301.51681	142.69819	390.00000	141.00000
OG04	22	1	1757.87334	339.47149	867.00000	277.50000
OG04	23	0	1331.91400	322.09736	1628.25000	225.75000
OG04	23	1	1224.58014	354.39221	1513.50000	271.50000
OG04	24	0	532.84832	143.44924	774.25000	150.00000
OG04	24	1	580.88585	126.17524	820.00000	124.50000
OG04	25	0	1555.21501	659.41586	1060.50000	622.50000
OG04	25	1	1882.47068	578.30320	1581.00000	508.50000
OG04	26	0	833.15090	632.37830	697.50000	613.50000
OG04	26	1	604.97263	572.29485	499.50000	574.50000
OG04	27	0	334.01095	572.32545	571.50000	570.75000
OG04	27	1	228.92885	545.28790	475.50000	553.50000
OG04	28	0	1196.43471	81.11266	850.50000	39.00000
OG04	28	1	966.75528	139.69402	709.50000	126.00000
OG04	29	0	912.71306	169.73574	925.50000	135.00000
OG04	29	1	1047.81861	199.77747	1080.00000	154.50000
OG04	30	0	1208.44410	492.68428	1210.50000	438.00000
OG04	30	1	1360.06255	470.15299	1377.00000	405.00000
OG04	31	0	169.63253	502.62031	402.75000	519.75000
OG04	31	1	211.66536	501.11822	454.50000	515.25000
OG04	32	0	531.34011	455.37135	766.75000	447.75000
OG04	32	1	628.16575	461.37969	848.50000	447.00000
OG04	33	0	1266.60125	493.84840	1252.75000	438.00000
OG04	33	1	1430.22909	526.14325	1447.75000	461.25000
OG04	34	0	1382.94214	628.28512	1305.25000	582.00000
OG04	34	1	1221.56607	552.42976	1096.00000	510.00000
OG04	35	0	1696.32525	724.00556	1537.50000	681.00000
OG04	35	1	1453.13526	675.93880	1327.50000	622.50000
OG04	36	0	489.31431	355.13074	561.00000	368.50000
OG04	36	1	628.92338	352.87761	702.00000	352.00000
OG04	37	0	1323.94918	580.61196	864.75000	549.75000
OG04	37	1	1119.03909	559.58275	731.25000	540.75000
OG04	38	0	1415.60594	531.73853	1131.00000	480.00000
OG04	38	1	1595.74668	455.13213	1309.50000	388.50000
OG04	39	0	1095.17514	517.66620	716.50000	500.50000
OG04	39	1	911.28147	381.72740	529.75000	385.75000
OG04	40	0	683.64582	396.13908	385.00000	421.00000
OG04	40	1	501.25332	370.60362	185.50000	414.25000
OG04	41	0	573.30962	541.09040	442.00000	548.50000
OG04	41	1	398.42299	453.21836	283.75000	481.75000
OG04	42	0	982.97263	654.94854	642.25000	640.00000
OG04	42	1	845.61532	543.79416	461.50000	539.50000
OG04	43	0	1132.33933	509.99722	744.25000	498.25000
OG04	43	1	962.70680	407.85535	575.50000	402.25000
OG04	44	0	1166.41126	479.16551	729.00000	450.00000
OG04	44	1	1393.08835	422.08623	949.50000	379.50000
OG04	45	0	1115.37138	647.39917	747.00000	625.50000
OG04	45	1	1235.46521	561.78025	924.00000	541.50000
OG04	46	0	1423.11181	126.17524	1185.00000	39.00000
OG04	46	1	1589.74199	148.70654	1365.00000	31.50000
OG04	47	0	983.26818	611.34910	658.50000	597.00000
OG04	47	1	1152.90070	558.77608	873.00000	532.50000
OG04	48	0	1429.11650	632.37830	928.50000	606.00000
OG04	48	1	1522.18921	494.18637	1077.00000	447.00000
OG04	49	0	1357.06020	330.45897	1053.00000	273.00000
OG04	49	1	1151.39953	319.94437	823.50000	289.50000
OG04	50	0	747.58405	492.68428	589.50000	484.50000
OG04	50	1	839.15559	561.78025	720.00000	543.00000
OG04	51	0	1652.79124	506.20306	1354.50000	438.00000
OG04	51	1	1849.44488	369.51321	1545.00000	258.00000
OG04	52	0	1357.06020	739.02643	1060.50000	714.00000
OG04	52	1	1463.64347	671.43255	1234.50000	630.00000
OG04	53	0	1188.92885	908.76217	795.00000	889.50000
OG04	53	1	1340.54730	746.53686	972.00000	724.50000
OG04	54	0	1346.55199	929.79138	970.50000	912.00000
OG04	54	1	1490.66458	790.09736	1174.50000	766.50000
OG04	55	0	854.16732	597.83032	603.00000	588.00000
OG04	55	1	1035.80923	573.79694	805.50000	555.00000
OG04	56	0	1181.42299	636.88456	807.00000	616.50000
OG04	56	1	1298.51446	458.13630	954.00000	438.00000
OG04	57	0	1378.07662	874.21419	834.00000	858.00000
OG04	57	1	1564.22205	674.43672	1060.50000	645.00000
OG04	58	0	388.80375	642.89291	511.50000	634.50000
OG04	58	1	552.43159	671.43255	664.50000	658.50000
OG04	59	0	282.22048	1048.45619	123.00000	1014.00000
OG04	59	1	57.04457	871.21001	12.00000	858.00000
OG04	60	0	728.68100	330.65369	841.50000	316.75000
OG04	60	1	676.89054	274.32545	807.00000	265.00000
OG04	61	0	683.64582	348.67872	812.25000	337.00000
OG04	61	1	643.11415	287.84423	789.00000	282.25000
OG04	62	0	1137.89289	261.36300	1279.50000	196.00000
OG04	62	1	1043.31900	235.07650	1188.75000	178.75000
OG05	0	0	1062.85536	369.45480	1055.25000	361.75000
OG05	0	1	1132.65989	279.32962	1122.75000	263.50000
OG05	1	0	1078.08366	299.66620	912.25000	291.00000
OG05	1	1	1171.15637	108.90125	1060.00000	87.00000
OG05	2	0	681.31431	598.90682	484.00000	604.00000
OG05	2	1	748.11650	537.32128	600.25000	543.25000
OG05	3	0	1218.95231	204.28373	1101.00000	177.00000
OG05	3	1	1378.07662	76.60640	1305.00000	19.50000
OG05	4	0	1478.65520	603.09736	1029.75000	586.75000
OG05	4	1	1562.72088	708.99444	1088.25000	696.25000
OG05	5	0	797.12275	207.28790	214.50000	247.50000
OG05	5	1	534.41751	39.05424	34.50000	123.00000
OG05	6	0	1227.95934	518.21975	721.50000	499.50000
OG05	6	1	1330.03909	297.41307	853.50000	274.50000
OG05	7	0	1368.67396	363.33380	892.75000	337.50000
OG05	7	1	1506.78186	195.10014	1059.25000	144.75000
OG05	8	0	1525.94214	448.15577	923.50000	420.75000
OG05	8	1	1825.42611	345.26287	1120.00000	279.00000
OG05	9	0	110.33620	360.50070	261.00000	412.75000
OG05	9	1	293.47928	193.01808	405.75000	253.00000
OG05	10	0	1294.01095	270.37552	1134.00000	241.50000
OG05	10	1	1577.73260	313.93602	1501.50000	267.00000
OG05	11	0	1558.21736	177.99722	1779.75000	96.75000
OG05	11	1	1400.59421	130.68150	1561.50000	72.00000
OG05	12	0	1303.01798	285.39638	798.00000	261.00000
OG05	12	1	1474.15168	88.62309	942.00000	22.50000
OG05	13	0	1678.31118	190.76495	1303.50000	114.00000
OG05	13	1	1475.65285	118.66481	1126.50000	66.00000
OG05	14	0	1601.75137	671.43255	1053.00000	660.00000
OG05	14	1	1913.99531	632.37830	1317.00000	606.00000
OG05	15	0	849.66380	243.33797	493.50000	271.50000
OG05	15	1	686.03597	94.63143	307.50000	148.50000
OG05	16	0	1883.97185	348.48401	1066.50000	277.50000
OG05	16	1	1603.25254	232.82337	682.50000	189.00000
OG05	17	0	1534.19859	597.83032	1036.50000	574.50000
OG05	17	1	1781.89210	696.96801	1170.00000	684.00000
OG05	18	0	1811.16497	302.13491	1585.50000	224.25000
OG05	18	1	1628.77248	251.81502	1496.25000	185.25000
OG05	19	0	920.68100	102.14186	802.50000	111.75000
OG05	19	1	741.29085	54.07510	627.75000	88.50000
OG05	20	0	772.81548	168.98470	778.50000	189.75000
OG05	20	1	630.95465	108.15021	629.25000	145.50000
OG05	21	0	1442.62705	387.53825	933.00000	357.00000
OG05	21	1	1531.19625	148.70654	990.00000	91.50000
OG05	22	0	656.17514	184.75661	588.00000	219.00000
OG05	22	1	516.56607	239.58275	456.75000	279.75000
OG05	23	0	624.45504	443.40473	451.50000	463.00000
OG05	23	1	366.25332	431.38804	207.75000	464.50000
OG05	24	0	713.05708	552.76773	339.00000	567.00000
OG05	24	1	396.30962	548.26147	4.50000	568.50000
OG05	25	0	259.70289	597.34214	402.75000	610.75000
OG05	25	1	129.85145	622.12656	318.00000	634.75000
OG05	26	0	489.38233	526.62031	586.75000	541.75000
OG05	26	1	337.76388	519.10987	471.25000	542.50000
OG05	27	0	833.15090	226.81502	352.50000	258.00000
OG05	27	1	971.25880	9.01252	495.00000	31.50000
OG05	28	0	1382.58014	506.20306	963.00000	484.50000
OG05	28	1	1484.65989	253.85257	994.50000	213.00000
OG05	29	0	1408.10008	539.24896	957.00000	522.00000
OG05	29	1	1756.37217	665.42420	1288.50000	655.50000
OG05	30	0	1128.88194	288.40056	375.00000	292.50000
OG05	30	1	800.12510	312.43394	205.50000	342.00000
OG05	31	0	1244.47224	378.52573	657.00000	375.00000
OG05	31	1	1194.93354	207.28790	741.00000	199.50000
OG05	32	0	1067.33385	515.21558	661.50000	510.00000
OG05	32	1	867.67787	351.48818	465.00000	367.50000
OG05	33	0	708.55356	352.99026	306.00000	379.50000
OG05	33	1	441.34480	435.60501	127.50000	466.50000
OG05	34	0	1705.24003	308.67872	1302.00000	244.50000
OG05	34	1	1537.10868	162.22531	1167.00000	102.75000
OG05	35	0	1327.69507	158.47010	1044.00000	120.00000
OG05	35	1	1103.26974	121.66898	831.00000	117.00000
OG05	36	0	1907.99062	196.77330	1122.00000	92.25000
OG05	36	1	1546.20797	132.18359	818.25000	78.00000
OG05	37	0	969.39875	350.69958	650.25000	355.50000
OG05	37	1	844.80141	218.51599	480.75000	250.50000
OG05	38	0	1445.42924	226.06398	1059.00000	181.50000
OG05	38	1	1247.27443	130.68150	843.00000	109.50000
OG05	39	0	718.19390	445.59527	539.25000	461.50000
OG05	39	1	508.78030	453.10570	280.50000	479.50000
OG05	40	0	689.03831	277.88595	492.00000	300.00000
OG05	40	1	878.18608	123.17107	648.00000	142.50000
OG05	41	0	781.94918	456.73157	447.00000	472.75000
OG05	41	1	541.76153	604.68707	190.50000	613.00000
OG05	42	0	581.68100	591.10153	423.75000	599.50000
OG05	42	1	349.74980	692.49235	260.25000	693.25000
OG05	43	0	1100.35966	63.08762	918.00000	49.50000
OG05	43	1	923.22127	181.75243	769.50000	189.00000
OG05	44	0	1423.11181	480.16412	993.25000	457.50000
OG05	44	1	1693.32291	389.28790	1345.75000	336.75000
OG05	45	0	929.22596	127.67733	439.50000	159.00000
OG05	45	1	544.92572	228.31711	120.00000	277.50000
OG05	46	0	621.48554	196.77330	315.00000	241.50000
OG05	46	1	289.72635	42.05841	6.00000	142.50000
OG05	47	0	1229.46052	85.61892	1026.00000	66.00000
OG05	47	1	1038.81157	24.03338	871.50000	4.50000
OG05	48	0	60.79750	81.86370	48.75000	187.50000
OG05	48	1	249.19468	8.26147	183.00000	99.00000
OG05	49	0	211.66536	259.86092	57.00000	333.00000
OG05	49	1	426.33307	66.09179	258.00000	141.00000
OG05	50	0	373.79203	326.15994	345.75000	371.50000
OG05	50	1	87.06802	251.80668	116.25000	328.75000
OG05	51	0	173.38546	559.22253	22.50000	581.50000
OG05	51	1	334.01095	385.73157	232.50000	424.00000
OG05	52	0	346.77091	444.31293	279.00000	475.75000
OG05	52	1	480.37529	270.07093	408.75000	311.50000
OG05	53	0	337.76388	141.94715	274.50000	212.25000
OG05	53	1	516.40344	24.78442	456.75000	87.75000
OG06	0	0	312.24394	668.64534	615.75000	660.00000
OG06	0	1	216.16888	635.59944	526.50000	630.00000
OG06	1	0	966.80375	799.42976	859.75000	776.25000
OG06	1	1	1212.99609	677.76078	1079.50000	643.50000
OG06	2	0	1153.91165	604.60779	1210.50000	559.75000
OG06	2	1	1035.31900	593.34214	1111.50000	556.00000
OG06	3	0	655.88819	815.43394	638.50000	799.00000
OG06	3	1	453.98045	759.10570	467.50000	745.75000
OG06	4	0	342.26740	734.37552	486.75000	727.00000
OG06	4	1	485.62940	722.35883	616.50000	706.00000
OG06	5	0	228.92885	923.78303	376.50000	892.50000
OG06	5	1	113.33855	898.99861	246.75000	873.75000
OG06	6	0	840.65676	889.23505	546.00000	876.00000
OG06	6	1	591.46208	790.09736	276.00000	790.50000
OG06	7	0	365.53557	556.16412	435.00000	565.75000
OG06	7	1	138.85848	517.10987	234.75000	545.50000
OG06	8	0	527.05786	898.24757	613.75000	871.50000
OG06	8	1	686.93276	835.15994	778.00000	807.75000
OG06	9	0	1622.76779	752.15577	1588.50000	709.50000
OG06	9	1	1844.94136	678.55355	1839.75000	616.50000
OG06	10	0	737.64113	788.39221	942.25000	757.75000
OG06	10	1	653.57545	789.14325	854.50000	762.25000
OG06	11	0	194.40188	678.17663	385.50000	674.25000
OG06	11	1	337.76388	660.90264	496.50000	654.75000
OG06	12	0	277.71697	778.42142	383.25000	769.00000
OG06	12	1	84.06568	749.88178	233.25000	741.25000
OG06	13	0	204.15950	684.89847	425.25000	680.25000
OG06	13	1	285.97342	652.60362	492.00000	648.75000
OG06	14	0	1230.42690	203.53268	1056.75000	146.25000
OG06	14	1	1076.55668	55.57719	848.25000	21.75000
OG06	15	0	978.98045	174.99305	899.25000	145.50000
OG06	15	1	863.39015	72.85118	746.25000	75.00000
OG06	16	0	703.07662	298.16412	776.50000	293.25000
OG06	16	1	828.42455	241.83588	871.75000	228.00000
OG06	17	0	961.27834	290.65369	975.25000	263.25000
OG06	17	1	885.46912	246.34214	871.00000	226.50000
OG06	18	0	586.10242	285.37552	651.75000	292.50000
OG06	18	1	686.68100	235.80668	755.25000	234.00000
OG06	19	0	1071.83425	257.60779	1099.50000	209.25000
OG06	19	1	1145.39171	184.00556	1136.25000	125.25000
OG06	20	0	1190.42690	280.13908	1185.00000	220.50000
OG06	20	1	1310.52072	195.27121	1265.25000	112.50000
OG06	21	0	939.88585	378.11822	1056.75000	336.75000
OG06	21	1	1036.71149	388.63282	1140.75000	345.75000
OG06	22	0	1295.85066	755.15160	1003.75000	729.25000
OG06	22	1	1484.99844	702.57858	1171.00000	666.25000
OG06	23	0	1420.44801	651.50765	1144.00000	614.50000
OG06	23	1	1518.77482	672.53686	1315.75000	631.00000
OG06	24	0	1551.80063	882.82893	848.25000	879.75000
OG06	24	1	1306.35887	737.87761	722.25000	725.25000
OG06	25	0	1886.97420	805.11822	1438.50000	780.00000
OG06	25	1	1664.80063	772.07232	1299.00000	736.50000
OG06	26	0	1043.31509	265.86926	459.00000	273.00000
OG06	26	1	1283.50274	124.67316	667.50000	93.00000
OG06	27	0	1892.97889	737.52434	1311.00000	711.00000
OG06	27	1	1594.24550	680.44506	1015.50000	655.50000
OG06	28	0	1292.50977	925.28512	760.50000	918.00000
OG06	28	1	1505.67631	835.15994	999.00000	825.00000
OG06	29	0	971.25880	558.77608	711.00000	544.50000
OG06	29	1	1130.38311	537.74687	901.50000	508.50000
OG06	30	0	1682.81470	708.98470	978.00000	685.50000
OG06	30	1	1439.62471	554.26982	804.00000	522.00000
OG06	31	0	594.46443	748.03894	415.50000	738.00000
OG06	31	1	762.59578	677.44089	573.00000	667.50000
OG06	32	0	1633.27600	545.25730	1453.50000	480.00000
OG06	32	1	1888.47537	322.94854	1704.00000	189.00000
OG06	33	0	238.68647	483.42976	509.25000	496.50000
OG06	33	1	168.13135	417.33797	433.50000	442.50000
OG06	34	0	526.16106	778.64534	644.25000	756.25000
OG06	34	1	358.78030	751.60779	505.50000	740.50000
OG06	35	0	244.69116	934.29764	19.50000	918.00000
OG06	35	1	1199.43706	907.26008	1071.00000	879.00000
OG06	36	0	1745.11337	186.25869	1044.00000	93.00000
OG06	36	1	1402.09539	256.85675	744.00000	219.00000
OG06	37	0	1044.81626	221.55772	303.00000	247.50000
OG06	37	1	1191.93120	440.11127	609.00000	432.00000
OG06	38	0	1566.47381	479.16551	1053.00000	430.50000
OG06	38	1	1336.79437	500.19471	913.50000	466.75000
OG06	39	0	860.28616	412.59944	13.50000	456.00000
OG06	39	1	1067.44801	453.90682	357.00000	475.50000
OG06	40	0	982.63174	598.85814	700.75000	586.00000
OG06	40	1	816.75215	543.28095	477.25000	547.75000
OG06	41	0	415.82486	677.44089	289.00000	683.50000
OG06	41	1	537.41986	800.61196	427.00000	781.75000
OG06	42	0	1103.29789	543.40890	571.50000	535.50000
OG06	42	1	1265.42455	509.61196	834.75000	483.00000
OG06	43	0	1131.82017	587.72045	914.25000	559.50000
OG06	43	1	1036.49570	442.76912	852.75000	418.50000
OG06	44	0	977.94996	711.64256	672.00000	697.50000
OG06	44	1	779.79515	574.95271	465.00000	579.00000
OG06	45	0	1609.25723	590.31989	1369.50000	535.50000
OG06	45	1	1777.38858	438.60918	1534.50000	334.50000
OG06	46	0	1402.09539	805.11822	987.00000	784.50000
OG06	46	1	1604.75371	633.88039	1131.00000	598.50000
OG06	47	0	960.75059	473.15716	795.00000	454.50000
OG06	47	1	855.66849	423.58832	748.50000	409.50000
OG06	48	0	1453.13526	171.23783	871.50000	114.00000
OG06	48	1	1340.54730	189.26287	937.50000	133.50000
OG06	49	0	1516.18452	357.49652	1429.50000	270.00000
OG06	49	1	1426.11415	262.86509	1270.50000	175.50000
OG06	50	0	381.29789	462.64256	204.00000	501.00000
OG06	50	1	277.71697	235.82754	94.50000	312.00000
OG06	51	0	672.52541	627.87204	424.50000	628.50000
OG06	51	1	586.95856	417.57997	346.50000	442.50000
OG06	52	0	852.66615	608.34492	598.50000	594.00000
OG06	52	1	1058.32682	624.86787	772.50000	603.00000
OG06	53	0	944.23769	431.09875	489.00000	436.50000
OG06	53	1	1190.43002	423.58832	765.00000	402.00000
OG06	54	0	398.56138	690.47566	455.25000	684.25000
OG06	54	1	261.20407	535.00974	333.75000	555.25000
OG06	55	0	81.06333	1060.47288	3.00000	1014.00000
OG06	55	1	1915.49648	609.84701	1407.00000	538.50000
OG06	56	0	576.63878	803.91099	890.25000	774.00000
OG06	56	1	440.03206	776.12239	771.00000	744.75000
OG06	57	0	12.00938	860.69541	9.00000	843.00000
OG06	57	1	1139.39015	854.68707	1068.00000	825.00000
OG06	58	0	182.39249	740.13491	304.50000	735.00000
OG06	58	1	403.81548	767.92350	486.00000	756.00000
OG07	0	0	1266.82486	487.08901	1308.00000	484.00000
OG07	0	1	1398.92807	509.62031	1427.25000	524.50000
OG07	1	0	1090.67866	786.18915	832.50000	785.50000
OG07	1	1	933.05551	681.04312	681.75000	660.25000
OG07	2	0	729.64660	853.03199	322.50000	796.75000
OG07	2	1	993.10242	799.70793	517.50000	781.00000
OG07	3	0	1142.39249	301.91933	841.75000	300.00000
OG07	3	1	1291.00860	168.23366	1017.25000	156.75000
OG07	4	0	1853.94840	612.85118	1729.50000	663.00000
OG07	4	1	1675.30884	597.83032	1489.50000	636.00000
OG07	5	0	1272.99453	570.79277	1051.50000	583.50000
OG07	5	1	1173.91712	474.65925	913.50000	469.50000
OG07	6	0	933.72948	751.04312	712.50000	748.50000
OG07	6	1	788.11572	627.87204	586.50000	615.00000
OG07	7	0	1232.65285	649.89430	1366.00000	666.25000
OG07	7	1	1140.33073	628.11405	1255.00000	636.25000
OG07	8	0	1681.31353	389.55355	1698.75000	390.00000
OG07	8	1	1465.89523	432.36300	1471.50000	441.00000
OG07	9	0	1177.08366	614.65369	814.50000	608.50000
OG07	9	1	1333.95622	578.60362	1000.50000	583.00000
OG07	10	0	1074.25332	726.55911	701.25000	701.50000
OG07	10	1	882.10321	607.14325	530.25000	592.00000
OG07	11	0	932.22830	246.34214	666.00000	253.50000
OG07	11	1	866.17670	67.59388	639.00000	87.00000
OG07	12	0	1206.94292	435.60501	1159.50000	433.50000
OG07	12	1	1091.35262	381.52990	1050.00000	375.00000
OG07	13	0	646.46677	378.36300	504.75000	364.50000
OG07	13	1	472.33073	378.36300	282.75000	362.25000
OG07	14	0	1275.49492	227.56606	1100.25000	207.75000
OG07	14	1	1040.56138	232.82337	867.00000	221.25000
OG07	15	0	433.83894	280.89013	684.75000	268.50000
OG07	15	1	547.92807	214.04729	794.25000	202.50000
OG07	16	0	853.64816	369.88178	1056.25000	360.00000
OG07	16	1	762.07662	340.59110	978.25000	334.50000
OG07	17	0	344.51916	857.69124	204.00000	770.25000
OG07	17	1	77.31040	865.20167	1.50000	761.25000
OG07	18	0	269.31040	326.12239	415.50000	315.00000
OG07	18	1	385.65129	319.36300	515.25000	304.50000
OG07	19	0	965.85457	270.54520	1065.00000	259.50000
OG07	19	1	1030.40500	242.00556	1144.50000	231.00000
OG07	20	0	1125.87959	85.61892	1000.50000	67.50000
OG07	20	1	723.56529	73.60223	558.00000	82.50000
OG07	21	0	1032.35809	259.10987	920.50000	246.00000
OG07	21	1	711.85770	228.31711	567.25000	223.50000
OG07	22	0	879.23847	117.91377	766.00000	115.50000
OG07	22	1	467.91712	28.53964	406.00000	45.00000
OG07	23	0	1020.34871	60.08345	864.25000	49.50000
OG07	23	1	587.26036	3.75522	435.25000	15.00000
OG07	24	0	500.64113	100.63978	504.25000	107.25000
OG07	24	1	201.15715	1.50209	270.25000	36.75000
OG07	25	0	871.66458	428.62448	1161.00000	414.75000
OG07	25	1	774.83894	437.63700	1068.75000	423.00000
OG07	26	0	943.06959	373.85675	1284.00000	359.50000
OG07	26	1	1017.37764	337.80668	1356.75000	328.75000
OG07	27	0	1837.43550	656.41168	823.50000	687.00000
OG07	27	1	1438.12353	872.71210	51.00000	847.50000
OG07	28	0	618.48319	383.03199	558.00000	372.00000
OG07	28	1	762.59578	210.29207	730.50000	202.50000
OG07	29	0	762.59578	306.42559	384.00000	282.00000
OG07	29	1	1022.29867	434.10292	718.50000	418.50000
OG07	30	0	1708.33464	805.11822	1524.00000	853.50000
OG07	30	1	1460.64113	702.97636	1269.00000	725.25000
OG07	31	0	1058.20876	304.17246	987.75000	285.75000
OG07	31	1	1208.32604	221.55772	1159.50000	210.75000
OG07	32	0	1233.84597	220.80668	1233.75000	209.25000
OG07	32	1	1325.41751	111.15438	1346.25000	88.50000
OG07	33	0	1293.89289	274.13074	1222.50000	264.75000
OG07	33	1	1435.00313	182.50348	1363.50000	164.25000
OG07	34	0	1404.22909	244.08901	1377.75000	230.25000
OG07	34	1	1529.57701	144.95132	1483.50000	113.25000
OG07	35	0	1202.33776	178.74826	1089.25000	159.75000
OG07	35	1	1350.20328	105.14604	1259.50000	81.75000
OG07	36	0	874.33151	291.40473	706.00000	283.50000
OG07	36	1	1034.95700	206.53686	883.00000	198.00000
OG07	37	0	1417.00547	288.40056	1321.00000	265.50000
OG07	37	1	1595.64504	251.59944	1486.00000	227.25000
OG07	38	0	1523.58874	66.84284	1300.75000	21.00000
OG07	38	1	1709.73417	45.81363	1558.00000	0.75000
OG07	39	0	486.30962	211.04312	329.25000	211.50000
OG07	39	1	672.45504	153.21280	537.75000	154.50000
OG07	40	0	339.19468	136.68985	406.50000	138.00000
OG07	40	1	496.81783	64.58971	548.25000	72.75000
OG07	41	0	451.78264	357.49652	285.75000	342.75000
OG07	41	1	589.13995	284.64534	463.50000	274.50000
OG07	42	0	518.58483	425.84145	264.00000	402.75000
OG07	42	1	680.71149	385.28512	489.75000	361.50000
OG07	43	0	813.56998	210.29207	917.50000	204.75000
OG07	43	1	698.73026	140.44506	799.75000	134.25000
OG07	44	0	606.40813	205.78581	637.75000	208.50000
OG07	44	1	457.04144	100.63978	477.25000	115.50000
OG07	45	0	781.17748	291.62448	896.50000	291.00000
OG07	45	1	674.59421	230.78999	775.00000	230.25000
OG07	46	0	1591.99375	536.67455	1597.50000	565.50000
OG07	46	1	1818.67084	467.57858	1849.50000	498.75000
OG07	47	0	881.43628	475.84840	445.50000	466.00000
OG07	47	1	548.17592	633.56745	20.25000	573.25000
OG07	48	0	642.34011	338.64951	818.25000	331.75000
OG07	48	1	768.43862	294.33797	933.75000	280.75000
OG07	49	0	1572.47850	822.39221	1267.50000	866.25000
OG07	49	1	1896.73182	953.82476	1500.00000	1062.00000
OG07	50	0	609.30023	681.94019	200.25000	636.00000
OG07	50	1	784.93745	551.25869	471.75000	518.25000
OG07	51	0	399.31196	485.17385	441.00000	454.50000
OG07	51	1	567.44332	461.14047	600.00000	439.50000
OG07	52	0	1085.34793	802.11405	748.50000	802.50000
OG07	52	1	821.14152	690.95967	568.50000	666.00000
OG07	53	0	561.43862	352.99026	450.00000	345.00000
OG07	53	1	309.24159	309.42976	217.50000	288.00000
OG07	54	0	1019.29633	392.04451	397.50000	378.00000
OG07	54	1	795.62158	187.76078	114.00000	199.50000
OG07	55	0	1379.57780	244.84006	690.00000	235.50000
OG07	55	1	1245.97342	276.38387	772.50000	261.00000
OG07	56	0	890.19547	554.26982	481.50000	531.00000
OG07	56	1	816.63800	425.09040	270.00000	406.50000
OG07	57	0	538.92103	470.15299	214.50000	444.00000
OG07	57	1	768.60047	355.99444	429.00000	357.00000
OG07	58	0	1337.54496	351.48818	396.00000	340.50000
OG07	58	1	878.18608	337.96940	76.50000	324.00000
OG07	59	0	1445.62940	474.65925	792.00000	483.00000
OG07	59	1	1143.89367	471.65508	438.00000	456.00000
OG07	60	0	1292.50977	491.18220	885.00000	490.50000
OG07	60	1	1106.36435	304.92350	694.50000	292.50000
OG07	61	0	1220.45348	615.85535	1017.00000	648.00000
OG07	61	1	833.15090	533.24061	645.00000	564.00000
OG07	62	0	833.15090	734.52017	238.50000	682.50000
OG07	62	1	534.41751	617.35744	55.50000	580.50000
OG07	63	0	1142.39249	354.49235	640.50000	340.50000
OG07	63	1	1445.62940	283.89430	904.50000	270.00000
OG07	64	0	1418.60829	542.25313	198.00000	535.50000
OG07	64	1	953.24472	690.95967	0.00000	642.00000
OG07	65	0	1358.56138	578.30320	858.00000	580.50000
OG07	65	1	1718.84285	280.89013	1279.50000	274.50000
OG07	66	0	271.71228	500.19471	310.50000	472.50000
OG07	66	1	562.93980	330.45897	574.50000	315.00000
OG07	67	0	1143.89367	522.72601	1149.00000	505.50000
OG07	67	1	421.82955	519.72184	253.50000	484.50000
OG08	0	0	1516.18452	582.38387	1779.75000	570.00000
OG08	0	1	1414.85536	565.10987	1647.00000	552.00000
OG08	1	0	1304.43628	474.35883	1435.00000	458.50000
OG08	1	1	1172.33307	436.05563	1277.50000	424.00000
OG08	2	0	1294.17279	526.63282	912.00000	519.00000
OG08	2	1	1131.29554	475.56189	779.25000	472.50000
OG08	3	0	1207.10477	458.28790	896.25000	451.50000
OG08	3	1	1089.26271	395.95132	743.25000	390.00000
OG08	4	0	1739.85927	554.74131	1209.00000	525.75000
OG08	4	1	1590.49257	428.56606	1004.25000	390.00000
OG08	5	0	1194.18296	357.96801	941.25000	344.25000
OG08	5	1	1065.83268	340.69402	850.50000	338.25000
OG08	6	0	728.06880	97.63561	316.50000	143.25000
OG08	6	1	838.40500	23.28234	465.00000	63.00000
OG08	7	0	1847.94371	814.13074	1258.50000	825.00000
OG08	7	1	1600.25020	752.54520	982.50000	747.00000
OG08	8	0	1378.38702	339.63282	1224.25000	306.00000
OG08	8	1	1452.69507	241.99722	1309.00000	194.25000
OG08	9	0	1596.05708	470.31433	1277.50000	437.25000
OG08	9	1	1430.92807	426.00278	1158.25000	397.50000
OG08	10	0	1399.40344	202.19193	1462.75000	149.25000
OG08	10	1	1430.92807	133.09597	1507.75000	67.50000
OG08	11	0	1309.16106	894.10292	958.00000	904.50000
OG08	11	1	1198.07428	839.27677	789.25000	834.00000
OG08	12	0	697.82955	528.44228	675.00000	535.50000
OG08	12	1	555.96873	391.00139	555.00000	417.00000
OG08	13	0	829.93276	383.49096	934.50000	387.00000
OG08	13	1	918.50195	426.30042	1039.50000	427.50000
OG08	14	0	603.47146	521.22392	163.50000	538.50000
OG08	14	1	951.74355	510.70932	540.00000	519.00000
OG08	15	0	944.23769	153.21280	870.00000	163.50000
OG08	15	1	1140.89132	150.20862	1060.50000	129.00000
OG08	16	0	222.92416	211.04312	258.75000	278.50000
OG08	16	1	449.60125	236.57858	439.50000	290.50000
OG08	17	0	729.42690	453.88178	766.50000	475.50000
OG08	17	1	578.55903	465.89847	658.50000	480.00000
OG08	18	0	1537.95152	620.64534	1348.50000	610.50000
OG08	18	1	1345.80141	555.30459	1183.50000	542.25000
OG08	19	0	303.98749	465.83588	341.25000	498.25000
OG08	19	1	119.34324	447.81085	201.00000	487.75000
OG08	20	0	1315.59187	353.64534	1359.00000	325.75000
OG08	20	1	1469.46208	301.07232	1534.50000	253.75000
OG08	21	0	457.85770	301.16829	559.50000	342.75000
OG08	21	1	245.44175	186.25869	349.50000	250.50000
OG08	22	0	815.13683	390.54242	477.00000	411.00000
OG08	22	1	1094.35496	247.84423	738.00000	244.50000
OG08	23	0	1372.07193	827.64951	1248.00000	837.00000
OG08	23	1	1615.26192	884.72879	1519.50000	906.00000
OG08	24	0	1448.63174	768.85257	1527.00000	786.00000
OG08	24	1	1415.60594	807.15577	1440.00000	826.50000
OG08	25	0	764.09695	690.95967	504.00000	696.00000
OG08	25	1	945.73886	515.21558	700.50000	520.50000
OG08	26	0	405.31665	522.72601	478.50000	541.50000
OG08	26	1	331.75919	467.14882	433.50000	492.00000
OG08	27	0	331.00860	588.88178	583.50000	607.00000
OG08	27	1	381.29789	584.37552	635.25000	602.50000
OG08	28	0	279.96873	524.60779	539.50000	546.75000
OG08	28	1	324.25332	526.86092	589.75000	549.00000
OG08	29	0	378.29554	192.26704	295.50000	259.50000
OG08	29	1	559.93745	157.71905	496.50000	210.00000
OG08	30	0	1034.30805	402.55911	904.50000	405.00000
OG08	30	1	834.65207	381.52990	732.00000	390.00000
OG08	31	0	43.53401	660.91794	252.00000	657.00000
OG08	31	1	680.03127	668.42837	868.50000	676.50000
OG08	32	0	1768.38155	854.68707	1725.00000	892.50000
OG08	32	1	942.73651	602.33658	999.00000	601.50000
OG08	33	0	154.62080	393.54659	151.50000	444.00000
OG08	33	1	294.22987	334.96523	276.00000	384.00000
OG08	34	0	586.35184	81.11266	596.50000	129.00000
OG08	34	1	680.92572	56.32823	674.50000	94.50000
OG08	35	0	168.13135	418.91516	229.50000	458.25000
OG08	35	1	396.30962	322.78164	434.25000	361.50000
OG08	36	0	867.80141	361.13491	829.75000	368.25000
OG08	36	1	1082.46912	360.38387	1011.25000	353.25000
OG08	37	0	1310.30258	477.90682	1023.25000	462.75000
OG08	37	1	1479.18452	426.83588	1242.25000	391.50000
OG08	38	0	1276.52619	356.23783	1219.75000	335.25000
OG08	38	1	1407.87881	323.94298	1365.25000	289.50000
OG08	39	0	1067.11259	358.49096	955.75000	353.25000
OG08	39	1	1186.45582	296.90542	1038.25000	278.25000
OG08	40	0	1168.04848	440.67038	955.50000	429.00000
OG08	40	1	1324.17045	364.06398	1132.50000	343.50000
OG08	41	0	1547.70915	138.19193	1150.50000	72.00000
OG08	41	1	1751.86865	133.68567	1434.00000	42.00000
OG08	42	0	1486.16106	340.97357	1431.00000	304.50000
OG08	42	1	1600.25020	321.44645	1585.50000	268.50000
OG08	43	0	1724.84754	476.16134	1465.50000	433.50000
OG08	43	1	1876.46599	389.04033	1671.00000	318.00000
OG08	44	0	1360.06255	184.75661	1017.00000	148.50000
OG08	44	1	1559.71853	52.57302	1152.00000	3.00000
OG08	45	0	1206.94292	528.73435	975.00000	520.50000
OG08	45	1	1310.52385	377.02364	1108.50000	351.00000
OG08	46	0	144.11259	195.27121	9.00000	271.50000
OG08	46	1	381.29789	136.68985	210.00000	213.00000
OG08	47	0	7.50586	259.86092	58.50000	334.50000
OG08	47	1	184.64425	313.93602	222.00000	376.50000
OG08	48	0	1637.77952	462.64256	1393.50000	429.00000
OG08	48	1	1885.47303	351.48818	1626.00000	282.00000
OG08	49	0	1079.34324	686.45341	960.00000	684.00000
OG08	49	1	1251.97811	617.35744	1122.00000	619.50000
OG08	50	0	875.37764	690.37135	943.50000	696.00000
OG08	50	1	756.78499	685.86509	820.50000	687.00000
OG08	51	0	103.58092	301.14325	438.75000	361.00000
OG08	51	1	44.28460	286.87344	396.00000	346.75000
OG08	52	0	882.25020	256.10570	940.75000	261.75000
OG08	52	1	649.56841	191.51599	727.00000	222.00000
OG08	53	0	1269.86005	733.33797	1227.00000	738.00000
OG08	53	1	1539.32056	652.22531	1461.75000	646.50000
OG08	54	0	824.65051	159.22114	1063.00000	166.50000
OG08	54	1	751.09304	135.18776	986.50000	150.75000
OG08	55	0	1046.07349	374.77051	1050.25000	372.75000
OG08	55	1	901.21032	306.42559	873.25000	315.75000
OG08	56	0	575.91634	487.64951	872.25000	505.75000
OG08	56	1	475.33776	467.37135	770.25000	486.25000
OG08	57	0	1009.80610	232.07232	1053.00000	227.25000
OG08	57	1	1267.25723	199.02643	1318.50000	165.75000
OG08	58	0	816.63800	124.67316	868.50000	132.00000
OG08	58	1	1122.87725	126.17524	1195.50000	103.50000
PN01	0	0	1415.83268	368.37989	825.26237	377.91620
PN01	0	1	1656.64965	296.73184	1049.73998	292.18994
PN01	1	0	1102.89317	487.96089	1058.38649	490.88268
PN01	1	1	1366.54595	635.66480	1295.64493	658.69832
PN01	2	0	696.95915	307.03911	618.79419	308.19553
PN01	2	1	973.59701	355.96648	856.02828	344.53073
PN01	3	0	815.55145	283.16760	28.40534	298.70391
PN01	3	1	1155.27258	289.90503	351.12019	295.18436
PN01	4	0	1151.70071	156.74302	758.31186	154.65363
PN01	4	1	1390.00393	239.70391	1012.45169	244.90503
PN01	5	0	1158.90573	239.62011	1038.75177	238.34078
PN01	5	1	1319.52239	405.83799	1214.85782	415.54749
PN01	6	0	580.67557	467.59777	206.63001	447.98883
PN01	6	1	1018.06756	399.72067	594.24980	398.21229
PN01	7	0	517.25295	316.21788	230.64179	317.59218
PN01	7	1	800.84682	394.19553	474.68892	393.25140
PN01	8	0	1388.11705	402.40223	1185.27101	409.14525
PN01	8	1	1617.87353	351.11732	1409.98979	356.06145
PN01	9	0	1561.43833	446.16760	1546.74470	464.13966
PN01	9	1	1764.54910	472.81564	1746.08484	502.35196
PN01	10	0	724.69285	421.91620	455.37706	411.39106
PN01	10	1	997.95679	479.77654	697.89081	461.27374
PN01	11	0	623.52946	465.45810	95.27101	443.73184
PN01	11	1	834.50746	610.02235	413.02121	596.53073
PN01	12	0	1594.82168	590.55866	1573.15947	628.00559
PN01	12	1	1805.97643	577.48603	1782.55460	625.24022
PN01	13	0	800.44855	622.60894	472.87431	601.49162
PN01	13	1	644.80833	180.92737	319.30008	195.13966
PN02	0	0	470.34093	69.62011	156.85782	150.83799
PN02	0	1	708.25059	259.87151	394.37863	293.98324
PN02	1	0	291.18853	102.78771	521.64336	147.45251
PN02	1	1	659.26159	259.47486	857.71642	247.90503
PN02	2	0	495.61822	304.03352	155.36685	362.68156
PN02	2	1	771.87903	322.88827	407.24430	346.08939
PN02	3	0	545.14061	208.62011	327.80676	255.66480
PN02	3	1	666.30322	269.70950	462.79497	291.86592
PN02	4	0	465.72977	307.67598	331.77376	350.81564
PN02	4	1	605.74548	360.72067	473.54910	382.99441
PN02	5	0	412.81461	344.11173	199.88060	391.94413
PN02	5	1	649.10683	463.77654	423.10134	479.43017
PN02	6	0	1257.07855	611.67598	1103.47133	571.44134
PN02	6	1	1449.12883	649.13408	1360.87903	594.56983
PN02	7	0	1309.75727	802.90503	906.78319	787.12849
PN02	7	1	1679.06834	727.39106	1286.08170	688.72626
PN02	8	0	905.92459	529.75419	351.77062	542.44134
PN02	8	1	1095.96386	692.91061	624.51218	673.92179
PN02	9	0	1615.64572	649.67598	1269.99214	605.13966
PN02	9	1	1914.72113	780.94972	1582.36449	739.48603
PN02	10	0	651.47997	451.06145	592.97172	453.31844
PN02	10	1	839.57188	540.08380	793.50746	521.70950
PN02	11	0	1661.83818	268.05587	1571.11155	146.07263
PN02	11	1	1792.05027	417.13408	1769.44619	299.42458
PN02	12	0	1503.22859	407.41341	1160.14611	341.76536
PN02	12	1	1868.46819	481.53073	1584.15318	383.00000
PN02	13	0	1431.08013	435.75978	1490.96308	353.67039
PN02	13	1	1658.32207	481.89944	1767.41555	383.37989
PN02	14	0	107.75177	323.15642	214.82875	379.34637
PN02	14	1	252.04085	388.01676	354.34171	423.34078
PN02	15	0	1379.28358	764.51955	829.53653	746.64804
PN02	15	1	1631.92459	828.10056	1084.43048	811.50838
PN02	16	0	616.62372	374.08380	207.76277	416.70391
PN02	16	1	855.17832	413.55307	544.38649	416.88268
PN02	17	0	804.97722	378.67598	708.67636	366.92737
PN02	17	1	1143.64493	470.21788	1010.88531	425.18436
PN02	18	0	919.84525	502.21788	692.49647	488.23464
PN02	18	1	1271.98272	565.50279	1033.41005	535.26257
PN02	19	0	1572.26709	509.21788	1115.04870	454.26257
PN02	19	1	1847.60408	526.73743	1467.39906	450.89385
PN02	20	0	686.45090	383.63687	632.14061	385.44134
PN02	20	1	901.62765	459.05587	867.04242	428.06704
PN02	21	0	1308.74627	360.03911	846.73527	317.06145
PN02	21	1	1592.54203	493.77095	1264.06520	430.64804
PN02	22	0	1193.42498	697.59777	836.54046	668.71508
PN02	22	1	1399.09819	512.26257	1101.27258	464.97765
PN02	23	0	1381.81618	688.72067	768.80518	669.10615
PN02	23	1	1594.22781	785.75978	1062.88374	765.27374
PN02	24	0	687.76119	481.17318	67.87117	517.37430
PN02	24	1	1101.02121	594.30168	398.17753	594.30168
PN02	25	0	910.42498	576.95531	404.02357	578.00559
PN02	25	1	1311.08170	627.69274	876.60644	597.48603
PN02	26	0	245.36685	410.06704	276.47997	447.05587
PN02	26	1	388.14768	392.72067	378.28672	422.16760
PN03	0	0	1325.68735	308.84358	1376.81225	275.81006
PN03	0	1	1500.89552	276.66480	1575.06127	222.59218
PN03	1	0	231.16654	644.91620	320.45090	655.10615
PN03	1	1	366.65750	580.05587	456.44462	594.01676
PN03	2	0	236.41241	600.98883	328.26394	618.31285
PN03	2	1	670.38806	554.02793	705.54203	565.49162
PN03	3	0	637.77533	551.01117	616.32600	562.75978
PN03	3	1	866.11469	506.00559	816.69285	509.95531
PN03	4	0	1017.23409	699.35754	667.94423	692.02235
PN03	4	1	1241.82482	999.05028	824.71642	987.98883
PN03	5	0	1432.65672	330.49721	860.48233	300.92179
PN03	5	1	1710.42577	327.48045	1105.06991	267.48603
PN03	6	0	1596.96386	312.80447	1525.82561	251.75978
PN03	6	1	1892.85153	321.40223	1799.57266	233.91061
PN03	7	0	44.99607	410.00000	140.95915	452.31844
PN03	7	1	239.05734	382.84916	330.99843	423.65922
PN03	8	0	1045.36449	667.30726	778.32757	667.22905
PN03	8	1	1283.61194	468.41341	1052.06520	453.87151
PN03	9	0	1356.71328	390.55307	1272.57738	369.85475
PN03	9	1	1703.83189	510.37430	1569.81304	472.38547
PN03	10	0	624.10055	191.72626	718.09662	220.50279
PN03	10	1	1222.42105	187.18436	1211.47997	157.56425
PN03	11	0	1084.30401	758.17318	1001.15161	761.41899
PN03	11	1	1314.92773	802.40782	1305.14768	809.10056
PN03	12	0	1259.02357	530.62570	1240.85860	521.72067
PN03	12	1	1440.76748	577.13408	1420.59152	560.18436
PN03	13	0	619.22310	756.44134	429.46897	749.91061
PN03	13	1	928.31658	842.76536	712.33857	831.88827
PN03	14	0	747.96072	299.24022	490.02671	324.38547
PN03	14	1	905.57266	335.44134	705.04321	347.55866
PN03	15	0	866.20660	280.52514	787.27101	289.57542
PN03	15	1	1041.41477	304.65922	960.46819	298.12291
PN03	16	0	1292.08013	554.26257	831.98665	542.30726
PN03	16	1	1893.60566	484.53073	1496.46347	430.59218
PN04	0	0	570.11783	345.41899	170.43205	340.89385
PN04	0	1	818.97879	301.67598	470.57345	301.67598
PN04	1	0	1210.96072	510.49721	1007.96622	514.55307
PN04	1	1	1464.53653	498.01117	1280.26866	520.62570
PN04	2	0	776.27808	962.80447	239.70071	905.22905
PN04	2	1	1150.61194	881.91620	609.92930	876.79330
PN04	3	0	1394.30951	396.58101	851.83582	403.64246
PN04	3	1	1580.13119	208.61453	1011.71249	200.43575
PN04	4	0	169.44540	187.66480	240.84918	207.35754
PN04	4	1	361.24430	104.45251	409.77298	125.40223
PN04	5	0	1723.17361	283.53631	1660.85075	271.05028
PN04	5	1	1822.46661	114.48603	1826.23723	61.84358
PN04	6	0	1481.30636	35.44693	1440.38099	0.75419
PN04	6	1	1711.56559	83.96648	1687.34407	35.69832
PN04	7	0	931.04949	158.74860	708.01335	161.42458
PN04	7	1	1232.19639	80.56425	1040.49804	62.49721
PN04	8	0	557.21760	360.25140	569.34643	350.87709
PN04	8	1	869.86881	303.86592	817.37156	295.20112
PN04	9	0	614.37942	410.31285	207.04870	405.36872
PN04	9	1	957.10919	553.34637	482.66536	545.07263
PN04	10	0	756.68421	318.18436	630.18146	314.84916
PN04	10	1	1075.24116	250.91620	968.07227	252.79888
PN04	11	0	1050.80518	670.50279	602.99057	666.18994
PN04	11	1	1474.31658	492.58101	957.48547	500.77095
PN04	12	0	820.08955	622.18436	339.50746	617.29609
PN04	12	1	1110.08327	396.57542	578.68735	387.62011
PN04	13	0	687.14611	248.38547	804.31658	247.21788
PN04	13	1	837.71956	154.86592	954.89002	151.18436
PN05	0	0	1471.05106	291.64246	1375.45640	287.23464
PN05	0	1	1648.01885	153.62570	1559.71406	126.84358
PN05	1	0	623.35192	724.26257	377.46033	686.30726
PN05	1	1	798.56009	804.70950	539.59701	774.04469
PN05	2	0	702.44540	536.38547	601.45640	523.32961
PN05	2	1	915.08170	536.88268	820.12019	532.97207
PN05	3	0	309.19089	610.89385	124.30244	566.89385
PN05	3	1	643.96229	623.41899	460.45090	598.02235
PN05	4	0	1451.25844	718.31285	745.56088	670.26257
PN05	4	1	1677.24430	670.29609	953.19639	592.83240
PN05	5	0	1148.07070	660.03352	890.31658	666.95531
PN05	5	1	1248.85232	372.46369	967.48547	351.96648
PN05	6	0	1239.62137	583.83799	1251.77376	599.44134
PN05	6	1	1391.45169	484.28492	1454.88452	496.87151
PN05	7	0	1158.16496	902.97207	765.14847	908.90503
PN05	7	1	1418.84053	904.73184	1007.22231	943.59777
PN05	8	0	969.16496	587.58101	502.11862	576.11173
PN05	8	1	1198.41870	722.58101	749.81932	724.03911
PN05	9	0	1676.41791	791.84358	1485.28044	860.07821
PN05	9	1	1904.16339	832.56983	1679.84446	935.74860
PN05	10	0	639.67086	220.82123	430.68185	234.20112
PN05	10	1	758.99921	418.28492	519.27258	416.53631
PN05	11	0	533.95758	670.61453	591.01414	642.92737
PN05	11	1	688.55302	711.84358	734.54910	692.70391
PN05	12	0	1505.27887	413.37989	1353.79969	430.18436
PN05	12	1	1755.34957	197.96089	1555.26159	184.12849
PN06	0	0	1367.83818	581.17877	1340.89317	527.03911
PN06	0	1	1517.65750	518.83240	1529.42419	442.82123
PN06	1	0	1177.04556	529.07263	1321.94108	473.63687
PN06	1	1	1329.37863	559.24022	1495.13826	496.26257
PN06	2	0	710.51296	531.32402	638.32600	523.78771
PN06	2	1	832.68107	540.87709	771.30322	524.79330
PN06	3	0	389.91673	118.54749	198.74077	206.33520
PN06	3	1	518.16811	333.48045	353.94815	364.92737
PN06	4	0	325.67478	238.65363	200.60880	302.70950
PN06	4	1	449.35114	343.48603	346.65750	380.13966
PN06	5	0	393.90024	120.54190	52.78869	208.39106
PN06	5	1	513.21445	372.33520	262.53496	408.65922
PN06	6	0	766.15554	517.63687	631.00314	510.26816
PN06	6	1	872.48704	634.78771	757.19324	615.85475
PN06	7	0	1123.13904	411.91620	983.03064	375.37430
PN06	7	1	1234.49804	494.37430	1128.32522	448.02793
PN06	8	0	1498.95365	549.26257	1375.29694	487.80447
PN06	8	1	1643.99686	607.58659	1543.46661	542.10615
PN06	9	0	903.73684	431.58659	781.15711	411.37430
PN06	9	1	951.24666	580.91620	831.68342	559.94972
PN06	10	0	1647.79576	904.54190	1283.37706	891.79888
PN06	10	1	1832.01885	730.73743	1455.84682	691.04469
PN06	11	0	549.65279	435.60335	699.98115	432.91061
PN06	11	1	727.37471	404.17877	861.36371	381.12291
PN06	12	0	582.85860	652.65922	382.86960	654.20670
PN06	12	1	787.22624	705.20112	595.28123	689.65363
PN06	13	0	1457.46740	414.10615	1537.58130	329.34637
PN06	13	1	1652.03142	394.49721	1738.42969	282.33520
PN06	14	0	1042.48782	200.77095	568.65829	196.26816
PN06	14	1	1373.58445	229.02793	879.58602	178.27374
PN06	15	0	1494.46033	783.59777	1351.64572	748.21229
PN06	15	1	1719.69207	753.93296	1582.65907	709.74860
PN06	16	0	585.47997	440.83799	560.74627	448.66480
PN06	16	1	683.51610	510.72626	681.65750	504.72626
PN06	17	0	1542.37549	682.07263	515.46190	674.64804
PN06	17	1	1858.91595	730.21788	857.50746	713.69274
PN06	18	0	1500.50196	666.92737	1282.72584	625.63128
PN06	18	1	1737.25766	747.54749	1496.12019	706.50838
PN06	19	0	1510.21603	696.74302	1441.53181	648.60335
PN06	19	1	1677.38020	693.97765	1664.75255	638.54749
PN07	0	0	699.82875	730.54749	491.64729	726.37989
PN07	0	1	804.40063	749.40223	607.27965	747.24581
PN07	1	0	1231.99372	340.59218	1069.12569	323.22346
PN07	1	1	1286.82639	98.51955	1122.59544	63.15642
PN07	2	0	1370.90809	412.31285	1217.93009	385.40782
PN07	2	1	1550.64101	475.16201	1408.22074	445.99441
PN07	3	0	1110.98115	919.37430	718.43441	916.35196
PN07	3	1	1290.71406	763.00559	923.70306	760.53631
PN07	4	0	1139.09112	344.65363	980.08405	333.40223
PN07	4	1	1324.35428	402.47486	1167.86096	376.39106
PN07	5	0	1189.21053	886.79330	828.85467	878.24581
PN07	5	1	1392.30558	787.70391	1077.71563	790.75978
PN07	6	0	1218.39592	934.23464	813.15397	928.21788
PN07	6	1	1440.35978	839.70950	1065.53417	846.51397
PN07	7	0	1104.10369	430.91061	731.13511	424.94972
PN07	7	1	1092.32757	182.32402	744.99372	176.13966
PN07	8	0	799.43441	396.69274	796.90416	411.54190
PN07	8	1	944.47761	522.89385	908.51453	525.92737
PN07	9	0	1342.58680	666.43575	1307.36292	662.51955
PN07	9	1	1499.69599	678.25140	1486.59309	673.32961
PN07	10	0	1671.92616	892.17877	1518.56481	918.74302
PN07	10	1	1839.59309	907.01117	1720.41870	940.36313
PN07	11	0	288.54124	539.66480	29.41084	558.15084
PN07	11	1	566.31029	572.09497	333.64179	581.63128
PN07	12	0	1461.92616	624.48045	1241.00471	616.13966
PN07	12	1	1758.61744	670.73184	1580.14218	651.45251
PN07	13	0	1117.04556	383.35196	1020.55381	374.85475
PN07	13	1	1272.39513	437.15084	1187.46661	419.10056
PN07	14	0	893.03849	776.08380	656.18696	768.31285
PN07	14	1	1227.43598	874.24022	949.47054	881.98324
PN07	15	0	821.12097	901.25698	311.39984	877.65363
PN07	15	1	1089.08641	988.24022	561.81383	981.54190
PN07	16	0	874.89474	804.26257	317.89081	779.52514
PN07	16	1	1034.19717	1052.84916	579.02121	1032.98883
PN07	17	0	1104.98115	491.45251	776.94815	484.88268
PN07	17	1	1387.62451	540.19553	1109.15318	524.59777
PN07	18	0	813.92773	212.45810	733.70935	222.58659
PN07	18	1	918.94580	438.30168	806.24116	447.99441
PN07	19	0	955.31893	499.28492	731.58523	500.89385
PN07	19	1	1161.69756	486.96648	958.57659	474.24581
PN07	20	0	863.10055	715.95531	601.12255	702.37430
PN07	20	1	1085.16418	864.56983	764.80990	858.39665
PN07	21	0	703.10762	522.13408	661.70071	529.48603
PN07	21	1	851.92145	581.71508	819.31265	587.81006
PN07	22	0	1126.48547	992.80447	706.80518	985.54749
PN07	22	1	1408.56559	926.28492	1019.42262	930.65363
PN07	23	0	840.76119	420.00559	615.79419	430.01117
PN07	23	1	1053.92694	411.45810	832.22781	404.87151
PN08	0	0	559.97015	585.83240	270.94815	563.36313
PN08	0	1	738.06520	689.28492	456.23409	661.83240
PN08	1	0	746.58445	816.93296	750.81932	792.71508
PN08	1	1	947.03771	575.12849	974.60644	572.83240
PN08	2	0	969.15161	367.22346	846.44148	362.87709
PN08	2	1	1040.29065	226.44134	933.16575	218.07263
PN08	3	0	1742.12726	620.80447	1024.10055	659.16201
PN08	3	1	1765.67243	275.37430	1057.28201	270.00000
PN08	4	0	1425.80833	513.53073	996.02907	526.30168
PN08	4	1	1500.41555	77.07821	1050.62058	47.43017
PN08	5	0	1151.76277	500.31285	952.97172	505.00000
PN08	5	1	1300.01728	341.77095	1064.18068	340.20112
PN08	6	0	84.46190	764.74860	34.68971	687.82123
PN08	6	1	336.33936	897.48603	256.40220	817.54190
PN08	7	0	478.11469	164.41341	72.39592	190.05587
PN08	7	1	843.11076	410.27933	386.11155	408.77095
PN08	8	0	323.49097	288.40223	91.24902	295.86034
PN08	8	1	597.36449	469.68715	363.48940	457.48045
PN08	9	0	552.38806	376.84358	201.54046	367.19553
PN08	9	1	904.92773	518.86034	581.01571	511.39665
PN08	10	0	1285.24509	613.15642	1076.88924	616.92737
PN08	10	1	1368.43048	398.68715	1087.37156	370.33520
PN08	11	0	1081.28358	705.25698	699.76984	705.34078
PN08	11	1	1254.93873	532.51955	947.33150	541.00000
PN08	12	0	681.66143	906.74302	346.18460	860.96089
PN08	12	1	953.52946	885.11173	616.14061	859.15642
PN08	13	0	22.62372	672.15084	2.01100	609.66480
PN08	13	1	257.54203	751.31285	192.78633	689.23464
PN08	14	0	495.40299	293.80447	362.74234	298.10615
PN08	14	1	670.47054	130.64246	480.53496	144.40223
PN08	15	0	1708.84525	387.65363	876.29222	392.17877
PN08	15	1	1600.25137	31.67598	894.39120	9.05028
PN08	16	0	1010.52632	561.11732	907.47447	554.07821
PN08	16	1	1108.91280	337.07821	993.05420	316.50279
PN08	17	0	1302.83582	672.41899	1037.27808	688.58101
PN08	17	1	1323.13668	347.29609	1082.19717	346.27374
SM01	0	0	1760.87981	510.40223	1754.84682	550.48603
SM01	0	1	1833.77848	410.84916	1840.56559	431.82682
SM01	1	0	1313.68421	372.56983	619.89002	389.16201
SM01	1	1	1637.95758	390.67039	930.58916	404.24581
SM01	2	0	791.17361	589.67039	542.83975	574.41899
SM01	2	1	977.52396	519.94413	715.50746	517.27933
SM01	3	0	1605.45483	460.44693	1562.79811	479.90503
SM01	3	1	1831.69207	405.89385	1820.45719	426.35754
SM01	4	0	238.99607	173.98883	262.27494	186.16201
SM01	4	1	419.98586	250.91620	444.27023	250.77095
SM01	5	0	529.62922	195.66480	529.28201	191.50279
SM01	5	1	681.71092	288.17877	673.77141	281.76536
SM01	6	0	1110.07070	650.11173	1019.57581	671.22905
SM01	6	1	1301.62844	662.78212	1219.81932	690.77654
SM01	7	0	226.08955	848.83240	89.48940	767.41899
SM01	7	1	437.74705	821.93296	309.19089	752.68156
SM01	8	0	1080.62372	614.96648	986.66222	619.64246
SM01	8	1	1293.28672	654.68715	1197.56559	673.44134
SM01	9	0	927.64729	260.88827	979.33543	261.30726
SM01	9	1	1093.05185	249.32402	1130.41163	244.71508
SM01	10	0	568.60958	847.70950	429.85075	790.39106
SM01	10	1	987.90259	858.26816	907.96544	858.26816
SM01	11	0	718.83582	661.22346	367.42498	629.16201
SM01	11	1	877.86332	901.00559	488.39356	869.99441
SM01	12	0	897.45090	419.17318	766.61037	413.70950
SM01	12	1	1002.27416	542.10615	881.73998	545.18994
SM01	13	0	986.62529	330.93855	834.53731	332.27933
SM01	13	1	1158.56559	249.98883	976.81540	247.81006
SM01	14	0	1109.24352	510.21229	886.80676	515.94413
SM01	14	1	1247.30165	370.20670	1003.44698	383.49721
SM01	15	0	1431.45405	545.49162	1056.11312	566.43575
SM01	15	1	1631.84289	363.85475	1228.48154	373.31285
SM01	16	0	1140.98665	391.93855	1056.84525	393.21229
SM01	16	1	1276.98036	301.43575	1179.01335	301.95531
SM01	17	0	1033.40848	326.35754	909.53496	326.79888
SM01	17	1	1128.41005	172.44693	983.94030	168.12291
SM01	18	0	665.82168	413.68715	701.92066	405.55866
SM01	18	1	809.60801	406.64804	853.49961	402.29050
SM01	19	0	1548.54831	510.84358	1078.90573	533.21788
SM01	19	1	1777.29929	465.59218	1265.42577	489.22346
SM03	0	0	1315.03614	655.42458	838.44540	646.38547
SM03	0	1	1595.42655	534.28492	1091.37706	507.56425
SM03	1	0	500.41241	595.54190	289.34800	605.10615
SM03	1	1	694.72506	564.87151	466.56716	571.92179
SM03	2	0	581.88531	980.74860	224.09505	943.68156
SM03	2	1	864.62844	800.89944	500.57895	790.51397
SM03	3	0	1500.49882	830.31285	1533.02357	847.50279
SM03	3	1	1675.95837	822.77095	1734.62608	845.74302
SM03	4	0	1384.57188	473.63128	921.53967	452.51397
SM03	4	1	1515.78947	236.81564	1084.43048	188.54749
SM03	5	0	1394.70935	784.85475	1235.33857	791.15642
SM03	5	1	1487.69442	640.00559	1310.58445	630.75419
SM03	6	0	1660.49647	550.71508	1406.53496	525.72626
SM03	6	1	1699.92223	359.67039	1379.71642	302.68156
SM03	7	0	1659.04713	474.81564	1285.12412	436.17318
SM03	7	1	1874.75255	370.12849	1527.08170	296.48045
SM03	8	0	1060.23645	445.09497	875.83425	440.08939
SM03	8	1	1201.10369	624.28492	987.11469	619.20670
SM03	9	0	1186.41948	237.39106	622.56088	232.02793
SM03	9	1	1346.14218	50.53073	848.89081	16.34078
SM03	10	0	383.02671	226.00559	171.56795	284.79888
SM03	10	1	452.89081	422.78212	299.60644	452.17318
SM03	11	0	899.64886	443.96089	239.69521	452.24022
SM03	11	1	1139.88531	542.06145	486.79654	532.93855
SM04	0	0	400.91909	426.50279	26.39434	417.72626
SM04	0	1	628.16182	410.41341	273.74705	407.41899
SM04	1	0	1318.76826	464.95531	1176.90966	472.58659
SM04	1	1	1570.37156	433.24022	1390.32679	442.67039
SM04	2	0	218.26316	233.54190	193.69678	252.72067
SM04	2	1	531.50746	391.68156	466.44698	381.98883
SM04	3	0	630.14611	784.70391	345.58837	737.62570
SM04	3	1	969.81932	812.01117	670.72584	795.67039
SM04	4	0	250.27808	397.82682	344.92066	384.11732
SM04	4	1	463.70935	286.00000	535.41005	284.98324
SM04	5	0	700.26394	801.53073	262.58680	761.08380
SM04	5	1	898.59859	774.63128	464.69207	748.76536
SM04	6	0	351.20110	361.44693	112.67321	360.47486
SM04	6	1	647.84682	447.91061	363.50353	444.03352
SM04	7	0	926.91673	436.34637	661.46897	440.17318
SM04	7	1	1101.37156	623.98324	811.10369	622.08380
SM04	8	0	821.85467	777.71508	518.45640	750.02793
SM04	8	1	1090.99529	880.92737	744.24116	874.00000
SM04	9	0	724.27258	428.41341	523.24116	422.45251
SM04	9	1	1026.12019	422.50279	862.60094	421.70950
SM04	10	0	1199.03456	368.51955	1127.04556	366.70391
SM04	10	1	1426.27730	373.54749	1347.24980	371.22905
SM04	11	0	396.36449	483.44693	189.33543	465.93296
SM04	11	1	724.13119	519.97765	425.87903	499.87151
SM04	12	0	937.80283	491.45251	755.22859	486.98324
SM04	12	1	1111.88531	675.77095	919.07070	678.67039
SM04	13	0	880.22152	373.14525	652.90809	370.71508
SM04	13	1	1106.96151	451.07821	848.98036	446.38547
SM04	14	0	13.57423	355.97765	168.92380	349.94413
SM04	14	1	1410.21210	716.48045	1286.53574	764.74860
SM04	15	0	1545.80283	809.84358	1138.37942	845.51397
SM04	15	1	1888.57816	913.18994	1311.82797	1006.40782
SM06	0	0	1450.69128	868.87709	1301.46033	842.81564
SM06	0	1	1551.24116	830.91620	1456.30715	797.56425
SM06	1	0	1339.77769	722.55307	1251.00864	684.03911
SM06	1	1	1488.08877	770.82123	1419.93244	732.55866
SM06	2	0	1321.15318	935.74860	1180.27258	911.44693
SM06	2	1	1557.34957	729.20670	1407.55695	683.44693
SM06	3	0	952.19953	784.35196	970.48233	757.18436
SM06	3	1	1184.97251	830.10615	1201.74705	793.13408
SM06	4	0	1225.52474	437.12849	625.04870	425.83240
SM06	4	1	1523.29851	237.59218	786.99764	187.33520
SM06	5	0	875.85782	43.74302	479.33307	68.33520
SM06	5	1	919.70935	270.73184	599.83582	271.03352
SM06	6	0	810.58680	827.77095	548.49882	810.04469
SM06	6	1	1045.87353	956.73743	737.28123	938.25698
SM06	7	0	1101.61273	285.30168	856.60173	253.32961
SM06	7	1	1327.59859	271.72626	1053.93087	211.59777
SM06	8	0	1427.14297	601.00559	1086.09505	561.65922
SM06	8	1	1691.33778	489.63687	1254.76748	407.30168
SM06	9	0	1278.99450	452.51397	1201.11155	399.70950
SM06	9	1	1475.71642	480.76536	1370.78947	410.26816
SM06	10	0	258.54046	397.22346	25.64022	453.05587
SM06	10	1	478.17910	543.00000	193.54595	569.67598
SM06	11	0	1631.17203	587.70950	1545.66379	514.51397
SM06	11	1	1820.95994	540.19553	1730.42419	448.64804
SM06	12	0	1351.96308	556.86592	1323.10055	497.18436
SM06	12	1	1530.18775	521.92179	1499.81697	442.12849
SM06	13	0	1473.04556	759.31285	1658.06756	709.10615
SM06	13	1	1652.77848	754.78771	1885.81304	698.54749
SM06	14	0	294.29851	657.47486	45.49882	675.51955
SM06	14	1	605.93323	709.24581	336.15004	707.25140
SM06	15	0	670.67321	470.39106	392.23645	485.02235
SM06	15	1	827.02828	553.60335	563.17125	548.87709
SNR02	0	0	1039.52663	659.36842	1121.89349	667.89474
SNR02	0	1	1084.97041	613.89474	1173.01775	628.10526
SNR02	1	0	681.65680	252.94737	948.63905	252.94737
SNR02	1	1	795.26627	238.73684	1059.40828	230.21053
SNR02	2	0	1008.28402	301.26316	1195.73964	304.10526
SNR02	2	1	1116.21302	403.57895	1300.82840	414.94737
SNR02	3	0	991.24260	230.21053	1246.86391	224.52632
SNR02	3	1	1031.00592	247.26316	1292.30769	244.42105
SNR02	4	0	988.40237	335.36842	1226.98225	321.15789
SNR02	4	1	1022.48521	301.26316	1269.58580	298.42105
SNR02	5	0	1056.56805	693.47368	1167.33728	696.31579
SNR02	5	1	1102.01183	684.94737	1201.42012	699.15789
SNR02	6	0	1002.60355	721.89474	1110.53254	730.42105
SNR02	6	1	1059.40828	721.89474	1164.49704	736.10526
SNR02	7	0	724.26036	1034.52632	624.85207	991.89474
SNR02	7	1	769.70414	986.21053	698.69822	952.10526
SNR02	8	0	707.21893	514.42105	817.98817	508.73684
SNR02	8	1	857.75148	540.00000	962.84024	531.47368
SNR02	9	0	1198.57988	397.89474	1323.55030	400.73684
SNR02	9	1	1269.58580	332.52632	1403.07692	329.68421
SNR02	10	0	457.27811	818.52632	482.84024	778.73684
SNR02	10	1	622.01183	864.00000	610.65089	824.21053
SNR02	11	0	1164.49704	764.52632	1144.61538	781.57895
SNR02	11	1	1263.90533	736.10526	1235.50296	764.52632
SNR02	12	0	1065.08876	247.26316	1269.58580	241.57895
SNR02	12	1	1153.13609	272.84211	1363.31361	270.00000
SNR02	13	0	406.15385	795.78947	448.75740	744.63158
SNR02	13	1	582.24852	767.36842	604.97041	733.26316
SNR02	14	0	869.11243	579.78947	957.15976	574.10526
SNR02	14	1	1045.20710	645.15789	1121.89349	648.00000
SNR02	15	0	1596.21302	699.15789	1332.07101	758.84211
SNR02	15	1	1885.91716	591.15789	1511.00592	648.00000
SNR02	16	0	837.86982	662.21053	59.64497	628.10526
SNR02	16	1	1329.23077	497.36842	477.15976	486.00000
SNR02	17	0	286.86391	488.84211	195.97633	457.57895
SNR02	17	1	448.75740	505.89474	389.11243	480.31579
SNR02	18	0	712.89941	579.78947	832.18935	565.57895
SNR02	18	1	857.75148	537.15789	968.52071	531.47368
SNR02	19	0	1008.28402	346.73684	1238.34320	343.89474
SNR02	19	1	1093.49112	372.31579	1334.91124	372.31579
SNR02	20	0	1241.18343	497.36842	1431.47929	511.57895
SNR02	20	1	1371.83432	505.89474	1579.17160	517.26316
SNR02	21	0	863.43195	753.15789	906.03550	744.63158
SNR02	21	1	962.84024	707.68421	1028.16568	702.00000
SNR02	22	0	295.38462	733.26316	318.10651	673.57895
SNR02	22	1	431.71598	730.42105	471.47929	682.10526
SNR02	23	0	1613.25444	744.63158	1431.47929	810.00000
SNR02	23	1	1829.11243	670.73684	1752.42604	738.94737
SNR02	24	0	639.05325	906.63158	337.98817	844.10526
SNR02	24	1	869.11243	781.57895	585.08876	758.84211
SNR02	25	0	1119.05325	827.05263	826.50888	810.00000
SNR02	25	1	1275.26627	787.26316	1079.28994	810.00000
SNR02	26	0	945.79882	883.89474	752.66272	886.73684
SNR02	26	1	1175.85799	895.26316	971.36095	903.78947
SNR02	27	0	1522.36686	372.31579	1718.34320	383.68421
SNR02	27	1	1667.21893	346.73684	1900.11834	341.05263
SNR03	0	0	1434.31953	821.36842	1400.23669	795.78947
SNR03	0	1	1573.49112	832.73684	1601.89349	810.00000
SNR03	1	0	1675.73964	747.47368	1789.34911	699.15789
SNR03	1	1	1786.50888	767.36842	1917.15976	710.52632
SNR03	2	0	420.35503	869.68421	204.49704	852.63158
SNR03	2	1	647.57396	983.36842	448.75740	954.94737
SNR03	3	0	639.05325	858.31579	460.11834	844.10526
SNR03	3	1	843.55030	903.78947	641.89349	878.21053
SNR03	4	0	1678.57988	656.52632	1607.57396	605.36842
SNR03	4	1	1786.50888	520.10526	1667.21893	420.63158
SNR03	5	0	994.08284	656.52632	301.06509	662.21053
SNR03	5	1	1278.10651	514.42105	460.11834	508.73684
SNR03	6	0	1471.24260	585.47368	994.08284	554.21053
SNR03	6	1	1718.34320	673.57895	1136.09467	645.15789
SNR03	7	0	1616.09467	486.00000	1474.08284	400.73684
SNR03	7	1	1749.58580	437.68421	1630.29586	332.52632
SNR03	8	0	925.91716	400.73684	386.27219	417.78947
SNR03	8	1	1121.89349	341.05263	622.01183	335.36842
SNR03	9	0	119.28994	937.89474	201.65680	838.42105
SNR03	9	1	284.02367	855.47368	340.82840	801.47368
SNR03	10	0	1729.70414	943.57895	1655.85799	920.84211
SNR03	10	1	1888.75740	866.84211	1846.15385	858.31579
SNR03	11	0	1278.10651	292.73684	1070.76923	241.57895
SNR03	11	1	1371.83432	369.47368	1215.62130	309.78947
SNR03	12	0	886.15385	625.26316	917.39645	588.31579
SNR03	12	1	996.92308	534.31579	1008.28402	503.05263
SNR03	13	0	900.35503	346.73684	854.91124	329.68421
SNR03	13	1	999.76331	235.89474	928.75740	201.78947
SNR03	14	0	576.56805	187.57895	533.96450	207.47368
SNR03	14	1	715.73964	71.05263	647.57396	76.73684
SNR03	15	0	275.50296	332.52632	426.03550	366.63158
SNR03	15	1	372.07101	287.05263	511.24260	309.78947
SNR03	16	0	372.07101	56.84211	485.68047	108.00000
SNR03	16	1	477.15976	48.31579	573.72781	88.10526
SNR03	17	0	1343.43195	434.84211	1684.26036	329.68421
SNR03	17	1	1465.56213	409.26316	1834.79290	292.73684
SNR03	18	0	502.72189	14.21053	460.11834	68.21053
SNR03	18	1	551.00592	204.63158	508.40237	224.52632
SNR03	19	0	1130.41420	224.52632	1405.91716	142.10526
SNR03	19	1	1224.14201	204.63158	1505.32544	122.21053
SNR03	20	0	1479.76331	844.10526	1411.59763	821.36842
SNR03	20	1	1721.18343	784.42105	1670.05917	744.63158
SNR03	21	0	391.95266	861.15789	204.49704	849.78947
SNR03	21	1	741.30178	733.26316	485.68047	730.42105
SNR05	0	0	852.07101	451.89474	695.85799	460.42105
SNR05	0	1	1028.16568	557.05263	900.35503	545.68421
SNR05	1	0	85.20710	738.94737	11.36095	733.26316
SNR05	1	1	306.74556	767.36842	224.37870	756.00000
SNR05	2	0	516.92308	750.31579	712.89941	756.00000
SNR05	2	1	647.57396	798.63158	846.39053	804.31579
SNR05	3	0	596.44970	835.57895	746.98225	841.26316
SNR05	3	1	715.73964	878.21053	849.23077	883.89474
SNR05	4	0	647.57396	784.42105	633.37278	781.57895
SNR05	4	1	860.59172	838.42105	815.14793	838.42105
SNR05	5	0	428.87574	974.84211	320.94675	935.05263
SNR05	5	1	551.00592	960.63158	411.83432	926.52632
SNR05	6	0	582.24852	1071.47368	230.05917	1023.15789
SNR05	6	1	670.29586	989.05263	372.07101	952.10526
SNR05	7	0	1289.46746	684.94737	639.05325	673.57895
SNR05	7	1	1624.61538	682.10526	854.91124	656.52632
SNR05	8	0	1596.21302	994.73684	977.04142	1008.94737
SNR05	8	1	1917.15976	957.78947	1235.50296	983.36842
SNR05	9	0	1812.07101	781.57895	1394.55621	795.78947
SNR05	9	1	1902.95858	926.52632	1564.97041	966.31579
SNR05	10	0	88.04734	628.10526	207.33728	642.31579
SNR05	10	1	210.17751	642.31579	312.42604	656.52632
SNR05	11	0	244.26036	628.10526	369.23077	636.63158
SNR05	11	1	403.31361	639.47368	522.60355	648.00000
SNR05	12	0	352.18935	707.68421	423.19527	713.36842
SNR05	12	1	505.56213	736.10526	525.44379	727.57895
SNR05	13	0	221.53846	730.42105	8.52071	747.47368
SNR05	13	1	511.24260	818.52632	247.10059	798.63158
SNR05	14	0	894.67456	636.63158	366.39053	633.78947
SNR05	14	1	1175.85799	810.00000	673.13609	792.94737
SNR05	15	0	1050.88757	559.89474	664.61538	562.73684
SNR05	15	1	1371.83432	676.42105	954.31953	667.89474
SNR05	16	0	73.84615	719.05263	8.52071	719.05263
SNR05	16	1	329.46746	750.31579	224.37870	747.47368
SNR05	17	0	619.17160	218.84211	369.23077	258.63158
SNR05	17	1	880.47337	397.89474	622.01183	400.73684
SNR05	18	0	1275.26627	503.05263	982.72189	486.00000
SNR05	18	1	1505.32544	784.42105	1167.33728	773.05263
SNR05	19	0	252.78107	486.00000	0.00000	517.26316
SNR05	19	1	494.20118	449.05263	258.46154	477.47368
SNR05	20	0	28.40237	724.73684	224.37870	747.47368
SNR05	20	1	568.04734	889.57895	562.36686	892.42105
SNR05	21	0	448.75740	1077.15789	261.30178	1040.21053
SNR05	21	1	633.37278	954.94737	423.19527	949.26316
SNR05	22	0	93.72781	673.57895	357.86982	682.10526
SNR05	22	1	346.50888	665.05263	553.84615	679.26316
SNR05	23	0	337.98817	633.78947	298.22485	639.47368
SNR05	23	1	1141.77515	1060.10526	820.82840	1057.26316
SNR06	0	0	1312.18935	679.26316	977.04142	713.36842
SNR06	0	1	1891.59763	721.89474	1582.01183	812.84211
SNR06	1	0	238.57988	204.63158	266.98225	227.36842
SNR06	1	1	298.22485	312.63158	318.10651	315.47368
SNR06	2	0	1102.01183	25.57895	1334.91124	14.21053
SNR06	2	1	1136.09467	59.68421	1366.15385	34.10526
SNR06	3	0	1309.34911	343.89474	1067.92899	360.94737
SNR06	3	1	1545.08876	451.89474	1275.26627	463.26316
SNR06	4	0	1124.73373	423.47368	971.36095	423.47368
SNR06	4	1	1306.50888	423.47368	1173.01775	423.47368
SNR06	5	0	1312.18935	480.31579	1141.77515	500.21053
SNR06	5	1	1525.20710	437.68421	1422.95858	443.36842
SNR06	6	0	1562.13018	491.68421	1448.52071	511.57895
SNR06	6	1	1758.10651	312.63158	1689.94083	312.63158
SNR06	7	0	1022.48521	568.42105	746.98225	562.73684
SNR06	7	1	1175.85799	486.00000	908.87574	491.68421
SNR06	8	0	1502.48521	579.78947	1107.69231	613.89474
SNR06	8	1	1797.86982	716.21053	1309.34911	773.05263
SNR06	9	0	553.84615	326.84211	559.52663	335.36842
SNR06	9	1	670.29586	312.63158	678.81657	315.47368
SNR06	10	0	914.55621	321.15789	954.31953	324.00000
SNR06	10	1	1022.48521	335.36842	1070.76923	326.84211
SNR06	11	0	798.10651	562.73684	380.59172	534.31579
SNR06	11	1	1127.57396	724.73684	579.40828	721.89474
SNR06	12	0	553.84615	403.57895	619.17160	397.89474
SNR06	12	1	721.42012	395.05263	761.18343	380.84211
SNR06	13	0	1065.08876	395.05263	1127.57396	403.57895
SNR06	13	1	1212.78107	432.00000	1258.22485	451.89474
SNR06	14	0	908.87574	804.31579	391.95266	775.89474
SNR06	14	1	1096.33136	838.42105	568.04734	827.05263
SNR06	15	0	1789.34911	690.63158	1539.40828	770.21053
SNR06	15	1	1900.11834	738.94737	1655.85799	841.26316
SNR06	16	0	1187.21893	164.84211	1297.98817	153.47368
SNR06	16	1	1309.34911	156.31579	1442.84024	142.10526
SNR06	17	0	1252.54438	275.68421	1244.02367	270.00000
SNR06	17	1	1417.27811	244.42105	1465.56213	227.36842
SNR07	0	0	886.15385	747.47368	894.67456	721.89474
SNR07	0	1	985.56213	730.42105	999.76331	702.00000
SNR07	1	0	781.06509	238.73684	525.44379	255.78947
SNR07	1	1	1070.76923	275.68421	778.22485	267.15789
SNR07	2	0	1175.85799	983.36842	792.42604	972.00000
SNR07	2	1	1332.07101	991.89474	940.11834	983.36842
SNR07	3	0	599.28994	412.10526	675.97633	414.94737
SNR07	3	1	701.53846	511.57895	769.70414	497.36842
SNR07	4	0	817.98817	756.00000	803.78698	727.57895
SNR07	4	1	1042.36686	673.57895	1019.64497	653.68421
SNR07	5	0	656.09467	682.10526	670.29586	662.21053
SNR07	5	1	815.14793	653.68421	832.18935	633.78947
SNR07	6	0	45.44379	594.00000	275.50296	611.05263
SNR07	6	1	934.43787	588.31579	1067.92899	559.89474
SNR07	7	0	587.92899	511.57895	471.47929	514.42105
SNR07	7	1	758.34320	534.31579	675.97633	528.63158
SNR07	8	0	426.03550	409.26316	727.10059	403.57895
SNR07	8	1	522.60355	403.57895	820.82840	395.05263
SNR07	9	0	857.75148	602.52632	602.13018	582.63158
SNR07	9	1	1090.65089	713.36842	849.23077	696.31579
SNR07	10	0	1337.75148	636.63158	1241.18343	599.68421
SNR07	10	1	1516.68639	582.63158	1386.03550	511.57895
SNR07	11	0	443.07692	784.42105	215.85799	778.73684
SNR07	11	1	687.33728	773.05263	474.31953	764.52632
SNR07	12	0	207.33728	659.36842	301.06509	659.36842
SNR07	12	1	369.23077	662.21053	451.59763	665.05263
SNR07	13	0	670.29586	846.94737	377.75148	829.89474
SNR07	13	1	863.43195	835.57895	616.33136	832.73684
SNR07	14	0	408.99408	684.94737	73.84615	693.47368
SNR07	14	1	656.09467	699.15789	272.66272	716.21053
SNR07	15	0	1621.77515	812.84211	1408.75740	775.89474
SNR07	15	1	1880.23669	645.15789	1689.94083	574.10526
SNR07	16	0	1553.60947	804.31579	1635.97633	758.84211
SNR07	16	1	1692.78107	756.00000	1795.02959	724.73684
SNR07	17	0	1201.42012	540.00000	1309.34911	491.68421
SNR07	17	1	1368.99408	582.63158	1493.96450	522.94737
SNR07	18	0	1141.77515	838.42105	857.75148	810.00000
SNR07	18	1	1317.86982	736.10526	1073.60947	707.68421
SNR07	19	0	900.35503	997.57895	207.33728	991.89474
SNR07	19	1	1522.36686	912.31579	1065.08876	883.89474
SNR07	20	0	712.89941	730.42105	792.42604	702.00000
SNR07	20	1	843.55030	704.84211	931.59763	676.42105
SNR08	0	0	701.53846	576.94737	925.91716	562.73684
SNR08	0	1	877.63314	656.52632	1102.01183	653.68421
SNR08	1	0	718.57988	940.73684	505.56213	892.42105
SNR08	1	1	911.71598	923.68421	647.57396	861.15789
SNR08	2	0	573.72781	758.84211	340.82840	707.68421
SNR08	2	1	622.01183	835.57895	423.19527	790.10526
SNR08	3	0	1008.28402	693.47368	1187.21893	696.31579
SNR08	3	1	1102.01183	667.89474	1289.46746	673.57895
SNR08	4	0	1400.23669	568.42105	1201.42012	579.78947
SNR08	4	1	1618.93491	662.21053	1428.63905	696.31579
SNR08	5	0	1084.97041	736.10526	925.91716	738.94737
SNR08	5	1	1283.78698	761.68421	1144.61538	784.42105
SNR08	6	0	355.02959	309.78947	51.12426	324.00000
SNR08	6	1	670.29586	352.42105	340.82840	355.26316
SNR08	7	0	650.41420	45.47368	0.00000	88.10526
SNR08	7	1	920.23669	164.84211	298.22485	176.21053
SNR08	8	0	264.14201	494.52632	286.86391	468.94737
SNR08	8	1	437.39645	611.05263	408.99408	585.47368
SNR08	9	0	39.76331	338.21053	218.69822	326.84211
SNR08	9	1	235.73964	343.89474	383.43195	332.52632
SNR08	10	0	249.94083	528.63158	241.42012	503.05263
SNR08	10	1	411.83432	622.42105	383.43195	591.15789
SNR08	11	0	1084.97041	670.73684	1334.91124	679.26316
SNR08	11	1	1102.01183	704.84211	1346.27219	713.36842
SNR08	12	0	306.74556	574.10526	227.21893	525.78947
SNR08	12	1	1226.98225	943.57895	786.74556	937.89474
SNR08	13	0	627.69231	812.84211	627.69231	773.05263
SNR08	13	1	1209.94083	815.68421	1244.02367	852.63158
SNR08	14	0	1016.80473	108.00000	903.19527	108.00000
SNR08	14	1	1136.09467	162.00000	1053.72781	150.63158
SNR08	15	0	891.83432	156.31579	806.62722	150.63158
SNR08	15	1	1019.64497	170.52632	940.11834	170.52632
SNR08	16	0	1028.16568	335.36842	982.72189	326.84211
SNR08	16	1	1121.89349	335.36842	1102.01183	329.68421
SNR08	17	0	613.49112	190.42105	590.76923	196.10526
SNR08	17	1	735.62130	221.68421	712.89941	213.15789
SNR08	18	0	684.49704	82.42105	661.77515	93.78947
SNR08	18	1	789.58580	108.00000	778.22485	110.84211
SNR08	19	0	800.94675	25.57895	783.90533	31.26316
SNR08	19	1	908.87574	59.68421	897.51479	48.31579
SNR08	20	0	1411.59763	73.89474	1434.31953	31.26316
SNR08	20	1	1491.12426	96.63158	1550.76923	59.68421
SNR08	21	0	599.28994	378.00000	587.92899	366.63158
SNR08	21	1	715.73964	403.57895	707.21893	397.89474
SNR08	22	0	1099.17160	397.89474	1073.60947	395.05263
SNR08	22	1	1209.94083	449.05263	1181.53846	446.21053
SNR08	23	0	744.14201	687.78947	891.83432	673.57895
SNR08	23	1	1144.61538	770.21053	1244.02367	784.42105
SNR09	0	0	224.37870	287.05263	230.05917	346.73684
SNR09	0	1	357.86982	287.05263	357.86982	338.21053
SNR09	1	0	596.44970	767.36842	420.35503	758.84211
SNR09	1	1	769.70414	773.05263	570.88757	770.21053
SNR09	2	0	471.47929	824.21053	386.27219	815.68421
SNR09	2	1	565.20710	756.00000	462.95858	750.31579
SNR09	3	0	298.22485	449.05263	397.63314	486.00000
SNR09	3	1	391.95266	341.05263	474.31953	386.52632
SNR09	4	0	357.86982	906.63158	173.25444	881.05263
SNR09	4	1	622.01183	841.26316	414.67456	824.21053
SNR09	5	0	1462.72189	503.05263	1437.15976	483.15789
SNR09	5	1	1576.33136	508.73684	1567.81065	477.47368
SNR09	6	0	502.72189	804.31579	323.78698	792.94737
SNR09	6	1	809.46746	684.94737	613.49112	684.94737
SNR09	7	0	1124.73373	270.00000	1013.96450	267.15789
SNR09	7	1	1377.51479	315.47368	1278.10651	281.36842
SNR09	8	0	951.47929	508.73684	783.90533	508.73684
SNR09	8	1	1178.69822	355.26316	988.40237	346.73684
SNR09	9	0	266.98225	392.21053	190.29586	432.00000
SNR09	9	1	471.47929	298.42105	355.02959	335.36842
SNR09	10	0	761.18343	244.42105	667.45562	272.84211
SNR09	10	1	914.55621	247.26316	789.58580	258.63158
SNR09	11	0	1326.39053	196.10526	1244.02367	162.00000
SNR09	11	1	1468.40237	207.47368	1371.83432	147.78947
SNR09	12	0	1343.43195	127.89474	1326.39053	73.89474
SNR09	12	1	1468.40237	108.00000	1474.08284	39.78947
SNR09	13	0	968.52071	392.21053	888.99408	392.21053
SNR09	13	1	1184.37870	397.89474	1067.92899	389.36842
SNR09	14	0	1192.89941	130.73684	1201.42012	102.31579
SNR09	14	1	1317.86982	108.00000	1346.27219	68.21053
SNR09	15	0	1502.48521	426.31579	1536.56805	392.21053
SNR09	15	1	1655.85799	454.73684	1689.94083	412.10526
SNR09	16	0	1212.78107	216.00000	920.23669	196.10526
SNR09	16	1	1582.01183	173.36842	1391.71598	93.78947
SNR09	17	0	213.01775	287.05263	5.68047	358.10526
SNR09	17	1	670.29586	281.36842	460.11834	312.63158
SNR09	18	0	556.68639	270.00000	690.17751	306.94737
SNR09	18	1	636.21302	136.42105	735.62130	170.52632
SNR09	19	0	917.39645	360.94737	888.99408	363.78947
SNR09	19	1	1079.28994	400.73684	1025.32544	400.73684
SNR09	20	0	744.14201	559.89474	604.97041	582.63158
SNR09	20	1	1062.24852	630.94737	923.07692	622.42105
SNR09	21	0	1136.09467	940.73684	758.34320	937.89474
SNR09	21	1	1562.13018	648.00000	1329.23077	642.31579
SNR09	22	0	806.62722	147.78947	221.53846	198.94737
SNR09	22	1	1295.14793	196.10526	619.17160	176.21053
SNR09	23	0	1124.73373	88.10526	888.99408	73.89474
SNR09	23	1	1380.35503	156.31579	1096.33136	113.68421
SNR09	24	0	599.28994	736.10526	153.37278	713.36842
SNR09	24	1	886.15385	579.78947	462.95858	585.47368
SNR09	25	0	264.14201	534.31579	8.52071	559.89474
SNR09	25	1	536.80473	326.84211	238.57988	372.31579
SNR09	26	0	900.35503	542.84211	559.52663	551.36842
SNR09	26	1	1116.21302	520.10526	815.14793	514.42105
SNR09	27	0	1175.85799	716.21053	817.98817	744.63158
SNR09	27	1	1505.32544	684.94737	1181.53846	670.73684
SNR09	28	0	1184.37870	665.05263	846.39053	656.52632
SNR09	28	1	1408.75740	562.73684	1170.17751	571.26316
SNR09	29	0	110.76923	525.78947	244.26036	551.36842
SNR09	29	1	227.21893	412.10526	366.39053	449.05263
SNR09	30	0	1465.56213	358.10526	1175.85799	326.84211
SNR09	30	1	1857.51479	244.42105	1516.68639	127.89474
SNR09	31	0	1207.10059	341.05263	1192.89941	318.31579
SNR09	31	1	1883.07692	520.10526	1706.98225	486.00000
SNR10	0	0	431.71598	531.47368	227.21893	514.42105
SNR10	0	1	724.26036	554.21053	531.12426	540.00000
SNR10	1	0	516.92308	764.52632	528.28402	730.42105
SNR10	1	1	616.33136	650.84211	633.37278	639.47368
SNR10	2	0	565.20710	594.00000	695.85799	568.42105
SNR10	2	1	724.26036	611.05263	849.23077	599.68421
SNR10	3	0	292.54438	741.78947	349.34911	690.63158
SNR10	3	1	400.47337	704.84211	451.59763	662.21053
SNR10	4	0	346.50888	602.52632	434.55621	574.10526
SNR10	4	1	465.79882	613.89474	542.48521	579.78947
SNR10	5	0	1096.33136	542.84211	1036.68639	548.52632
SNR10	5	1	1215.62130	491.68421	1164.49704	497.36842
SNR10	6	0	1104.85207	616.73684	880.47337	611.05263
SNR10	6	1	1187.21893	545.68421	1013.96450	551.36842
SNR10	7	0	1650.17751	611.05263	1215.62130	656.52632
SNR10	7	1	1848.99408	483.15789	1454.20118	491.68421
SNR10	8	0	1559.28994	886.73684	894.67456	918.00000
SNR10	8	1	1758.10651	756.00000	1173.01775	810.00000
SNR10	9	0	1016.80473	545.68421	641.89349	540.00000
SNR10	9	1	1184.37870	443.36842	835.02959	443.36842
SNR10	10	0	1315.02959	727.57895	888.99408	738.94737
SNR10	10	1	1493.96450	625.26316	1070.76923	636.63158
SNR10	11	0	1244.02367	684.94737	783.90533	707.68421
SNR10	11	1	1414.43787	633.78947	911.71598	608.21053
SNR10	12	0	587.92899	1017.47368	127.81065	937.89474
SNR10	12	1	693.01775	852.63158	309.58580	801.47368
SNR10	13	0	866.27219	1054.42105	383.43195	1003.26316
SNR10	13	1	1116.21302	966.31579	636.21302	954.94737
SNR10	14	0	525.44379	596.84211	406.15385	576.94737
SNR10	14	1	755.50296	676.42105	613.49112	665.05263
SNR10	15	0	1127.57396	576.94737	965.68047	576.94737
SNR10	15	1	1374.67456	511.57895	1187.21893	528.63158
SNR10	16	0	1312.18935	923.68421	1073.60947	966.31579
SNR10	16	1	1607.57396	977.68421	1349.11243	1037.36842
SNR10	17	0	925.91716	520.10526	940.11834	520.10526
SNR10	17	1	1124.73373	594.00000	1144.61538	594.00000
SNR10	18	0	516.92308	912.31579	241.42012	846.94737
SNR10	18	1	772.54438	1023.15789	400.47337	974.84211
SNR10	19	0	167.57396	878.21053	238.57988	795.78947
SNR10	19	1	272.66272	875.36842	320.94675	801.47368
SNR10	20	0	803.78698	1023.15789	494.20118	991.89474
SNR10	20	1	1633.13609	554.21053	1457.04142	594.00000
SNR10	21	0	408.99408	221.68421	320.94675	241.57895
SNR10	21	1	639.05325	309.78947	542.48521	306.94737
SNR10	22	0	187.45562	656.52632	130.65089	605.36842
SNR10	22	1	448.75740	542.84211	343.66864	522.94737
SNR10	23	0	1036.68639	406.42105	817.98817	395.05263
SNR10	23	1	1286.62722	346.73684	988.40237	343.89474
SNR10	24	0	210.17751	883.89474	119.28994	787.26316
SNR10	24	1	465.79882	750.31579	374.91124	710.52632
SNR10	25	0	423.19527	835.57895	565.20710	787.26316
SNR10	25	1	525.44379	821.36842	667.45562	787.26316
