OpCode	Camera	MovieSeqIndex	StartTimeOffset	Format	Filename	Frames	Rate
NMP_20190803_MF-10_BRUV	0	0	0.00000	0	MF-10_L528_MAH00158.MP4	81120	59.94018
NMP_20190803_MF-10_BRUV	0	0	0.00000	0	MF-10_L528_MAH00159.MP4	81061	59.94018
NMP_20190803_MF-10_BRUV	0	0	0.00000	0	MF-10_L528_MAH00160.MP4	81061	59.94018
NMP_20190803_MF-10_BRUV	0	0	0.00000	0	MF-10_L528_MAH00161.MP4	81061	59.94018
NMP_20190803_MF-10_BRUV	0	0	0.00000	0	MF-10_L528_MAH00162.MP4	6121	59.94018
NMP_20190803_MF-10_BRUV	1	0	0.00000	0	MF-10_R527_MAH00097.MP4	81120	59.94018
NMP_20190803_MF-10_BRUV	1	0	0.00000	0	MF-10_R527_MAH00098.MP4	81061	59.94018
NMP_20190803_MF-10_BRUV	1	0	0.00000	0	MF-10_R527_MAH00099.MP4	81061	59.94018
NMP_20190803_MF-10_BRUV	1	0	0.00000	0	MF-10_R527_MAH00100.MP4	81061	59.94018
NMP_20190803_MF-10_BRUV	1	0	0.00000	0	MF-10_R527_MAH00101.MP4	7501	59.94018
NMP_20190803_MF-11_BRUV	0	0	0.00000	0	MF-11_L528_MAH00163.MP4	81120	59.94018
NMP_20190803_MF-11_BRUV	0	0	0.00000	0	MF-11_L528_MAH00164.MP4	81061	59.94018
NMP_20190803_MF-11_BRUV	0	0	0.00000	0	MF-11_L528_MAH00165.MP4	81061	59.94018
NMP_20190803_MF-11_BRUV	0	0	0.00000	0	MF-11_L528_MAH00166.MP4	44430	59.94018
NMP_20190803_MF-11_BRUV	0	0	0.00000	0	MF-11_L528_MAH00167.MP4	150	59.94018
NMP_20190803_MF-11_BRUV	1	0	0.00000	0	MF-11_R527_MAH00102.MP4	81120	59.94018
NMP_20190803_MF-11_BRUV	1	0	0.00000	0	MF-11_R527_MAH00103.MP4	81061	59.94018
NMP_20190803_MF-11_BRUV	1	0	0.00000	0	MF-11_R527_MAH00104.MP4	81061	59.94018
NMP_20190803_MF-11_BRUV	1	0	0.00000	0	MF-11_R527_MAH00105.MP4	48810	59.94018
NMP_20190803_MF-12_BRUV	0	0	0.00000	0	MF-12_L530_MAH00098.MP4	81120	59.94018
NMP_20190803_MF-12_BRUV	0	0	0.00000	0	MF-12_L530_MAH00099.MP4	81061	59.94018
NMP_20190803_MF-12_BRUV	0	0	0.00000	0	MF-12_L530_MAH00100.MP4	81061	59.94018
NMP_20190803_MF-12_BRUV	0	0	0.00000	0	MF-12_L530_MAH00101.MP4	69330	59.94018
NMP_20190803_MF-12_BRUV	1	0	0.00000	0	MF-12_R529_MAH00099.MP4	81120	59.94018
NMP_20190803_MF-12_BRUV	1	0	0.00000	0	MF-12_R529_MAH00100.MP4	81061	59.94018
NMP_20190803_MF-12_BRUV	1	0	0.00000	0	MF-12_R529_MAH00101.MP4	81061	59.94018
NMP_20190803_MF-12_BRUV	1	0	0.00000	0	MF-12_R529_MAH00102.MP4	67320	59.94018
NMP_20190803_MF-13_BRUV	0	0	0.00000	0	MF-13_L1B_MAH00169.MP4	81120	59.94018
NMP_20190803_MF-13_BRUV	0	0	0.00000	0	MF-13_L1B_MAH00170.MP4	81061	59.94018
NMP_20190803_MF-13_BRUV	0	0	0.00000	0	MF-13_L1B_MAH00171.MP4	81061	59.94018
NMP_20190803_MF-13_BRUV	0	0	0.00000	0	MF-13_L1B_MAH00172.MP4	81061	59.94018
NMP_20190803_MF-13_BRUV	0	0	0.00000	0	MF-13_L1B_MAH00173.MP4	6661	59.94018
NMP_20190803_MF-13_BRUV	1	0	0.00000	0	MF-13_R4B_MAH00097.MP4	81120	59.94018
NMP_20190803_MF-13_BRUV	1	0	0.00000	0	MF-13_R4B_MAH00098.MP4	81061	59.94018
NMP_20190803_MF-13_BRUV	1	0	0.00000	0	MF-13_R4B_MAH00099.MP4	81061	59.94018
NMP_20190803_MF-13_BRUV	1	0	0.00000	0	MF-13_R4B_MAH00100.MP4	81061	59.94018
NMP_20190803_MF-13_BRUV	1	0	0.00000	0	MF-13_R4B_MAH00101.MP4	6811	59.94018
NMP_20190803_MF-14_BRUV	0	0	0.00000	0	MF-14_L526_MAH00106.MP4	81120	59.94018
NMP_20190803_MF-14_BRUV	0	0	0.00000	0	MF-14_L526_MAH00107.MP4	81061	59.94018
NMP_20190803_MF-14_BRUV	0	0	0.00000	0	MF-14_L526_MAH00108.MP4	81061	59.94018
NMP_20190803_MF-14_BRUV	0	0	0.00000	0	MF-14_L526_MAH00109.MP4	81061	59.94018
NMP_20190803_MF-14_BRUV	0	0	0.00000	0	MF-14_L526_MAH00110.MP4	7951	59.94018
NMP_20190803_MF-14_BRUV	1	0	0.00000	0	MF-14_R525_MAH00099.MP4	81120	59.94018
NMP_20190803_MF-14_BRUV	1	0	0.00000	0	MF-14_R525_MAH00100.MP4	81061	59.94018
NMP_20190803_MF-14_BRUV	1	0	0.00000	0	MF-14_R525_MAH00101.MP4	81061	59.94018
NMP_20190803_MF-14_BRUV	1	0	0.00000	0	MF-14_R525_MAH00102.MP4	81121	59.94018
NMP_20190803_MF-14_BRUV	1	0	0.00000	0	MF-14_R525_MAH00103.MP4	7471	59.94018
NMP_20190803_MF-15_BRUV	0	0	0.00000	0	MF-15_L8_MAH00121.MP4	81120	59.94018
NMP_20190803_MF-15_BRUV	0	0	0.00000	0	MF-15_L8_MAH00122.MP4	81121	59.94018
NMP_20190803_MF-15_BRUV	0	0	0.00000	0	MF-15_L8_MAH00123.MP4	81061	59.94018
NMP_20190803_MF-15_BRUV	0	0	0.00000	0	MF-15_L8_MAH00124.MP4	81120	59.94018
NMP_20190803_MF-15_BRUV	0	0	0.00000	0	MF-15_L8_MAH00125.MP4	46171	59.94018
NMP_20190803_MF-15_BRUV	0	0	0.00000	0	MF-15_L8_MAH00126.MP4	30	59.94018
NMP_20190803_MF-15_BRUV	0	0	0.00000	0	MF-15_L8_MAH00127.MP4	60	59.94018
NMP_20190803_MF-15_BRUV	1	0	0.00000	0	MF-15_R07_MAH00156.MP4	81120	59.94018
NMP_20190803_MF-15_BRUV	1	0	0.00000	0	MF-15_R07_MAH00157.MP4	81121	59.94018
NMP_20190803_MF-15_BRUV	1	0	0.00000	0	MF-15_R07_MAH00158.MP4	81121	59.94018
NMP_20190803_MF-15_BRUV	1	0	0.00000	0	MF-15_R07_MAH00159.MP4	81120	59.94018
NMP_20190803_MF-15_BRUV	1	0	0.00000	0	MF-15_R07_MAH00160.MP4	54451	59.94018
NMP_20190803_MF-16_BRUV	0	0	0.00000	0	MF-16_L10_MAH00006.MP4	81060	59.94018
NMP_20190803_MF-16_BRUV	0	0	0.00000	0	MF-16_L10_MAH00007.MP4	81061	59.94018
NMP_20190803_MF-16_BRUV	0	0	0.00000	0	MF-16_L10_MAH00008.MP4	81061	59.94018
NMP_20190803_MF-16_BRUV	0	0	0.00000	0	MF-16_L10_MAH00009.MP4	81061	59.94018
NMP_20190803_MF-16_BRUV	0	0	0.00000	0	MF-16_L10_MAH00010.MP4	66361	59.94018
NMP_20190803_MF-16_BRUV	1	0	0.00000	0	MF-16_R9_MAH00158.MP4	81120	59.94018
NMP_20190803_MF-16_BRUV	1	0	0.00000	0	MF-16_R9_MAH00159.MP4	81061	59.94018
NMP_20190803_MF-16_BRUV	1	0	0.00000	0	MF-16_R9_MAH00160.MP4	81061	59.94018
NMP_20190803_MF-16_BRUV	1	0	0.00000	0	MF-16_R9_MAH00161.MP4	81121	59.94018
NMP_20190803_MF-16_BRUV	1	0	0.00000	0	MF-16_R9_MAH00162.MP4	64141	59.94018
NMP_20190803_MF-17_BRUV	0	0	0.00000	0	MF-17_L6_MAH00159.MP4	81120	59.94018
NMP_20190803_MF-17_BRUV	0	0	0.00000	0	MF-17_L6_MAH00160.MP4	81061	59.94018
NMP_20190803_MF-17_BRUV	0	0	0.00000	0	MF-17_L6_MAH00161.MP4	81061	59.94018
NMP_20190803_MF-17_BRUV	0	0	0.00000	0	MF-17_L6_MAH00162.MP4	81061	59.94018
NMP_20190803_MF-17_BRUV	0	0	0.00000	0	MF-17_L6_MAH00163.MP4	69421	59.94018
NMP_20190803_MF-17_BRUV	1	0	0.00000	0	MF-17_R05_MAH00090.MP4	81120	59.94018
NMP_20190803_MF-17_BRUV	1	0	0.00000	0	MF-17_R05_MAH00091.MP4	81061	59.94018
NMP_20190803_MF-17_BRUV	1	0	0.00000	0	MF-17_R05_MAH00092.MP4	81061	59.94018
NMP_20190803_MF-17_BRUV	1	0	0.00000	0	MF-17_R05_MAH00093.MP4	81061	59.94018
NMP_20190803_MF-17_BRUV	1	0	0.00000	0	MF-17_R05_MAH00094.MP4	69631	59.94018
NMP_20190803_MF-18_BRUV	0	0	0.00000	0	MF-18_L2_MAH00078.MP4	81120	59.94018
NMP_20190803_MF-18_BRUV	0	0	0.00000	0	MF-18_L2_MAH00079.MP4	81061	59.94018
NMP_20190803_MF-18_BRUV	0	0	0.00000	0	MF-18_L2_MAH00080.MP4	81061	59.94018
NMP_20190803_MF-18_BRUV	0	0	0.00000	0	MF-18_L2_MAH00081.MP4	81061	59.94018
NMP_20190803_MF-18_BRUV	0	0	0.00000	0	MF-18_L2_MAH00082.MP4	70111	59.94018
NMP_20190803_MF-18_BRUV	1	0	0.00000	0	MF-18_R03_MAH00092.MP4	81120	59.94018
NMP_20190803_MF-18_BRUV	1	0	0.00000	0	MF-18_R03_MAH00093.MP4	81061	59.94018
NMP_20190803_MF-18_BRUV	1	0	0.00000	0	MF-18_R03_MAH00094.MP4	81121	59.94018
NMP_20190803_MF-18_BRUV	1	0	0.00000	0	MF-18_R03_MAH00095.MP4	81060	59.94018
NMP_20190803_MF-18_BRUV	1	0	0.00000	0	MF-18_R03_MAH00096.MP4	68551	59.94018
NMP_20190803_MF-19_BRUV	0	0	0.00000	0	MF-19_L532_MAH00087.MP4	81120	59.94018
NMP_20190803_MF-19_BRUV	0	0	0.00000	0	MF-19_L532_MAH00088.MP4	81061	59.94018
NMP_20190803_MF-19_BRUV	0	0	0.00000	0	MF-19_L532_MAH00089.MP4	81061	59.94018
NMP_20190803_MF-19_BRUV	0	0	0.00000	0	MF-19_L532_MAH00090.MP4	81061	59.94018
NMP_20190803_MF-19_BRUV	0	0	0.00000	0	MF-19_L532_MAH00091.MP4	81061	59.94018
NMP_20190803_MF-19_BRUV	0	0	0.00000	0	MF-19_L532_MAH00092.MP4	13800	59.94018
NMP_20190803_MF-19_BRUV	1	0	0.00000	0	MF-19_R531_MAH00151.MP4	81120	59.94018
NMP_20190803_MF-19_BRUV	1	0	0.00000	0	MF-19_R531_MAH00152.MP4	81121	59.94018
NMP_20190803_MF-19_BRUV	1	0	0.00000	0	MF-19_R531_MAH00153.MP4	81061	59.94018
NMP_20190803_MF-19_BRUV	1	0	0.00000	0	MF-19_R531_MAH00154.MP4	81060	59.94018
NMP_20190803_MF-19_BRUV	1	0	0.00000	0	MF-19_R531_MAH00155.MP4	81121	59.94018
NMP_20190803_MF-19_BRUV	1	0	0.00000	0	MF-19_R531_MAH00156.MP4	13590	59.94018
NMP_20190803_MF-1_BRUV	0	0	0.00000	0	MF-1_L524_MAH00172.MP4	81300	59.94018
NMP_20190803_MF-1_BRUV	0	0	0.00000	0	MF-1_L524_MAH00173.MP4	81420	59.94018
NMP_20190803_MF-1_BRUV	0	0	0.00000	0	MF-1_L524_MAH00174.MP4	81300	59.94018
NMP_20190803_MF-1_BRUV	0	0	0.00000	0	MF-1_L524_MAH00175.MP4	81301	59.94018
NMP_20190803_MF-1_BRUV	0	0	0.00000	0	MF-1_L524_MAH00176.MP4	18121	59.94018
NMP_20190803_MF-1_BRUV	1	0	0.00000	0	MF-1_R523_MAH00100.MP4	81180	59.94018
NMP_20190803_MF-1_BRUV	1	0	0.00000	0	MF-1_R523_MAH00101.MP4	81241	59.94018
NMP_20190803_MF-1_BRUV	1	0	0.00000	0	MF-1_R523_MAH00102.MP4	81301	59.94018
NMP_20190803_MF-1_BRUV	1	0	0.00000	0	MF-1_R523_MAH00103.MP4	81241	59.94018
NMP_20190803_MF-1_BRUV	1	0	0.00000	0	MF-1_R523_MAH00104.MP4	10921	59.94018
NMP_20190803_MF-20_BRUV	0	0	0.00000	0	MF-20_L524_MAH00177.MP4	81120	59.94018
NMP_20190803_MF-20_BRUV	0	0	0.00000	0	MF-20_L524_MAH00178.MP4	81061	59.94018
NMP_20190803_MF-20_BRUV	0	0	0.00000	0	MF-20_L524_MAH00179.MP4	81061	59.94018
NMP_20190803_MF-20_BRUV	0	0	0.00000	0	MF-20_L524_MAH00180.MP4	77581	59.94018
NMP_20190803_MF-20_BRUV	1	0	0.00000	0	MF-20_R523_MAH00105.MP4	81120	59.94018
NMP_20190803_MF-20_BRUV	1	0	0.00000	0	MF-20_R523_MAH00106.MP4	81061	59.94018
NMP_20190803_MF-20_BRUV	1	0	0.00000	0	MF-20_R523_MAH00107.MP4	81061	59.94018
NMP_20190803_MF-20_BRUV	1	0	0.00000	0	MF-20_R523_MAH00108.MP4	81061	59.94018
NMP_20190803_MF-20_BRUV	1	0	0.00000	0	MF-20_R523_MAH00109.MP4	81061	59.94018
NMP_20190803_MF-20_BRUV	1	0	0.00000	0	MF-20_R523_MAH00110.MP4	8910	59.94018
NMP_20190803_MF-21_BRUV	0	0	0.00000	0	MF-21_L524_MAH00181.MP4	81120	59.94018
NMP_20190803_MF-21_BRUV	0	0	0.00000	0	MF-21_L524_MAH00182.MP4	81061	59.94018
NMP_20190803_MF-21_BRUV	0	0	0.00000	0	MF-21_L524_MAH00183.MP4	81061	59.94018
NMP_20190803_MF-21_BRUV	0	0	0.00000	0	MF-21_L524_MAH00184.MP4	20490	59.94018
NMP_20190803_MF-21_BRUV	1	0	0.00000	0	MF-21_R523_MAH00111.MP4	81120	59.94018
NMP_20190803_MF-21_BRUV	1	0	0.00000	0	MF-21_R523_MAH00112.MP4	81061	59.94018
NMP_20190803_MF-21_BRUV	1	0	0.00000	0	MF-21_R523_MAH00113.MP4	81061	59.94018
NMP_20190803_MF-21_BRUV	1	0	0.00000	0	MF-21_R523_MAH00114.MP4	24360	59.94018
NMP_20190803_MF-22_BRUV	0	0	0.00000	0	MF-22_L532_MAH00093.MP4	81120	59.94018
NMP_20190803_MF-22_BRUV	0	0	0.00000	0	MF-22_L532_MAH00094.MP4	81061	59.94018
NMP_20190803_MF-22_BRUV	0	0	0.00000	0	MF-22_L532_MAH00095.MP4	81061	59.94018
NMP_20190803_MF-22_BRUV	0	0	0.00000	0	MF-22_L532_MAH00096.MP4	23970	59.94018
NMP_20190803_MF-22_BRUV	1	0	0.00000	0	MF-22_R531_MAH00157.MP4	81120	59.94018
NMP_20190803_MF-22_BRUV	1	0	0.00000	0	MF-22_R531_MAH00158.MP4	81061	59.94018
NMP_20190803_MF-22_BRUV	1	0	0.00000	0	MF-22_R531_MAH00159.MP4	81061	59.94018
NMP_20190803_MF-22_BRUV	1	0	0.00000	0	MF-22_R531_MAH00160.MP4	21330	59.94018
NMP_20190803_MF-23_BRUV	0	0	0.00000	0	MF-23_L2_MAH00083.MP4	81120	59.94018
NMP_20190803_MF-23_BRUV	0	0	0.00000	0	MF-23_L2_MAH00084.MP4	81061	59.94018
NMP_20190803_MF-23_BRUV	0	0	0.00000	0	MF-23_L2_MAH00085.MP4	81061	59.94018
NMP_20190803_MF-23_BRUV	0	0	0.00000	0	MF-23_L2_MAH00086.MP4	81061	59.94018
NMP_20190803_MF-23_BRUV	0	0	0.00000	0	MF-23_L2_MAH00087.MP4	81061	59.94018
NMP_20190803_MF-23_BRUV	0	0	0.00000	0	MF-23_L2_MAH00088.MP4	81060	59.94018
NMP_20190803_MF-23_BRUV	0	0	0.00000	0	MF-23_L2_MAH00089.MP4	81061	59.94018
NMP_20190803_MF-23_BRUV	0	0	0.00000	0	MF-23_L2_MAH00090.MP4	34650	59.94018
NMP_20190803_MF-23_BRUV	1	0	0.00000	0	MF-23_R03_MAH00097.MP4	81120	59.94018
NMP_20190803_MF-23_BRUV	1	0	0.00000	0	MF-23_R03_MAH00098.MP4	81061	59.94018
NMP_20190803_MF-23_BRUV	1	0	0.00000	0	MF-23_R03_MAH00099.MP4	81061	59.94018
NMP_20190803_MF-23_BRUV	1	0	0.00000	0	MF-23_R03_MAH00100.MP4	81061	59.94018
NMP_20190803_MF-23_BRUV	1	0	0.00000	0	MF-23_R03_MAH00101.MP4	81061	59.94018
NMP_20190803_MF-23_BRUV	1	0	0.00000	0	MF-23_R03_MAH00102.MP4	81060	59.94018
NMP_20190803_MF-23_BRUV	1	0	0.00000	0	MF-23_R03_MAH00103.MP4	81121	59.94018
NMP_20190803_MF-23_BRUV	1	0	0.00000	0	MF-23_R03_MAH00104.MP4	35250	59.94018
NMP_20190803_MF-24_BRUV	0	0	0.00000	0	MF-24_L6_MAH00164.MP4	81120	59.94018
NMP_20190803_MF-24_BRUV	0	0	0.00000	0	MF-24_L6_MAH00165.MP4	81061	59.94018
NMP_20190803_MF-24_BRUV	0	0	0.00000	0	MF-24_L6_MAH00166.MP4	81061	59.94018
NMP_20190803_MF-24_BRUV	0	0	0.00000	0	MF-24_L6_MAH00167.MP4	59070	59.94018
NMP_20190803_MF-24_BRUV	1	0	0.00000	0	MF-24_R05_MAH00095.MP4	81120	59.94018
NMP_20190803_MF-24_BRUV	1	0	0.00000	0	MF-24_R05_MAH00096.MP4	81061	59.94018
NMP_20190803_MF-24_BRUV	1	0	0.00000	0	MF-24_R05_MAH00097.MP4	81061	59.94018
NMP_20190803_MF-24_BRUV	1	0	0.00000	0	MF-24_R05_MAH00098.MP4	58260	59.94018
NMP_20190803_MF-25_BRUV	0	0	0.00000	0	MF-25_L10_MAH00011.MP4	81120	59.94018
NMP_20190803_MF-25_BRUV	0	0	0.00000	0	MF-25_L10_MAH00012.MP4	81061	59.94018
NMP_20190803_MF-25_BRUV	0	0	0.00000	0	MF-25_L10_MAH00013.MP4	81061	59.94018
NMP_20190803_MF-25_BRUV	0	0	0.00000	0	MF-25_L10_MAH00014.MP4	64530	59.94018
NMP_20190803_MF-25_BRUV	0	0	0.00000	0	MF-25_L10_MAH00015.MP4	120	59.94018
NMP_20190803_MF-25_BRUV	1	0	0.00000	0	MF-25_R9_MAH00163.MP4	81120	59.94018
NMP_20190803_MF-25_BRUV	1	0	0.00000	0	MF-25_R9_MAH00164.MP4	81061	59.94018
NMP_20190803_MF-25_BRUV	1	0	0.00000	0	MF-25_R9_MAH00165.MP4	81061	59.94018
NMP_20190803_MF-25_BRUV	1	0	0.00000	0	MF-25_R9_MAH00166.MP4	66180	59.94018
NMP_20190803_MF-26_BRUV	0	0	0.00000	0	MF-26_L8_MAH00128.MP4	81120	59.94018
NMP_20190803_MF-26_BRUV	0	0	0.00000	0	MF-26_L8_MAH00129.MP4	81061	59.94018
NMP_20190803_MF-26_BRUV	0	0	0.00000	0	MF-26_L8_MAH00130.MP4	81061	59.94018
NMP_20190803_MF-26_BRUV	0	0	0.00000	0	MF-26_L8_MAH00131.MP4	81061	59.94018
NMP_20190803_MF-26_BRUV	0	0	0.00000	0	MF-26_L8_MAH00132.MP4	1381	59.94018
NMP_20190803_MF-26_BRUV	1	0	0.00000	0	MF-26_R07_MAH00161.MP4	81120	59.94018
NMP_20190803_MF-26_BRUV	1	0	0.00000	0	MF-26_R07_MAH00162.MP4	81061	59.94018
NMP_20190803_MF-26_BRUV	1	0	0.00000	0	MF-26_R07_MAH00163.MP4	81061	59.94018
NMP_20190803_MF-26_BRUV	1	0	0.00000	0	MF-26_R07_MAH00164.MP4	79111	59.94018
NMP_20190803_MF-27_BRUV	0	0	0.00000	0	MF-27_L526_MAH00111.MP4	81120	59.94018
NMP_20190803_MF-27_BRUV	0	0	0.00000	0	MF-27_L526_MAH00112.MP4	81061	59.94018
NMP_20190803_MF-27_BRUV	0	0	0.00000	0	MF-27_L526_MAH00113.MP4	81061	59.94018
NMP_20190803_MF-27_BRUV	0	0	0.00000	0	MF-27_L526_MAH00114.MP4	81061	59.94018
NMP_20190803_MF-27_BRUV	0	0	0.00000	0	MF-27_L526_MAH00115.MP4	8281	59.94018
NMP_20190803_MF-27_BRUV	1	0	0.00000	0	MF-27_R525_MAH00104.MP4	81120	59.94018
NMP_20190803_MF-27_BRUV	1	0	0.00000	0	MF-27_R525_MAH00105.MP4	81061	59.94018
NMP_20190803_MF-27_BRUV	1	0	0.00000	0	MF-27_R525_MAH00106.MP4	81061	59.94018
NMP_20190803_MF-27_BRUV	1	0	0.00000	0	MF-27_R525_MAH00107.MP4	81061	59.94018
NMP_20190803_MF-27_BRUV	1	0	0.00000	0	MF-27_R525_MAH00108.MP4	11701	59.94018
NMP_20190803_MF-28_BRUV	0	0	0.00000	0	MF-28_R4B_MAH00102.MP4	81120	59.94018
NMP_20190803_MF-28_BRUV	0	0	0.00000	0	MF-28_R4B_MAH00103.MP4	81061	59.94018
NMP_20190803_MF-28_BRUV	0	0	0.00000	0	MF-28_R4B_MAH00104.MP4	81061	59.94018
NMP_20190803_MF-28_BRUV	0	0	0.00000	0	MF-28_R4B_MAH00105.MP4	81061	59.94018
NMP_20190803_MF-28_BRUV	0	0	0.00000	0	MF-28_R4B_MAH00106.MP4	3211	59.94018
NMP_20190803_MF-29_BRUV	0	0	0.00000	0	MF-29_L530_MAH00102.MP4	81120	59.94018
NMP_20190803_MF-29_BRUV	0	0	0.00000	0	MF-29_L530_MAH00103.MP4	81061	59.94018
NMP_20190803_MF-29_BRUV	0	0	0.00000	0	MF-29_L530_MAH00104.MP4	81061	59.94018
NMP_20190803_MF-29_BRUV	0	0	0.00000	0	MF-29_L530_MAH00105.MP4	81061	59.94018
NMP_20190803_MF-29_BRUV	0	0	0.00000	0	MF-29_L530_MAH00106.MP4	16921	59.94018
NMP_20190803_MF-29_BRUV	1	0	0.00000	0	MF-29_R529_MAH00103.MP4	81120	59.94018
NMP_20190803_MF-29_BRUV	1	0	0.00000	0	MF-29_R529_MAH00104.MP4	81061	59.94018
NMP_20190803_MF-29_BRUV	1	0	0.00000	0	MF-29_R529_MAH00105.MP4	81061	59.94018
NMP_20190803_MF-29_BRUV	1	0	0.00000	0	MF-29_R529_MAH00106.MP4	81061	59.94018
NMP_20190803_MF-29_BRUV	1	0	0.00000	0	MF-29_R529_MAH00107.MP4	20401	59.94018
NMP_20190803_MF-2_BRUV	0	0	0.00000	0	MF-2_L532_MAH00083.MP4	81120	59.94018
NMP_20190803_MF-2_BRUV	0	0	0.00000	0	MF-2_L532_MAH00084.MP4	81061	59.94018
NMP_20190803_MF-2_BRUV	0	0	0.00000	0	MF-2_L532_MAH00085.MP4	81061	59.94018
NMP_20190803_MF-2_BRUV	0	0	0.00000	0	MF-2_L532_MAH00086.MP4	70381	59.94018
NMP_20190803_MF-2_BRUV	1	0	0.00000	0	MF-2_R531_MAH00147.MP4	81120	59.94018
NMP_20190803_MF-2_BRUV	1	0	0.00000	0	MF-2_R531_MAH00148.MP4	81061	59.94018
NMP_20190803_MF-2_BRUV	1	0	0.00000	0	MF-2_R531_MAH00149.MP4	81061	59.94018
NMP_20190803_MF-2_BRUV	1	0	0.00000	0	MF-2_R531_MAH00150.MP4	75931	59.94018
NMP_20190803_MF-30_BRUV	0	0	0.00000	0	MF-30_L528_MAH00168.MP4	81120	59.94018
NMP_20190803_MF-30_BRUV	0	0	0.00000	0	MF-30_L528_MAH00169.MP4	81061	59.94018
NMP_20190803_MF-30_BRUV	0	0	0.00000	0	MF-30_L528_MAH00170.MP4	81061	59.94018
NMP_20190803_MF-30_BRUV	0	0	0.00000	0	MF-30_L528_MAH00171.MP4	81121	59.94018
NMP_20190803_MF-30_BRUV	0	0	0.00000	0	MF-30_L528_MAH00172.MP4	28741	59.94018
NMP_20190803_MF-30_BRUV	1	0	0.00000	0	MF-30_R527_MAH00106.MP4	81120	59.94018
NMP_20190803_MF-30_BRUV	1	0	0.00000	0	MF-30_R527_MAH00107.MP4	81061	59.94018
NMP_20190803_MF-30_BRUV	1	0	0.00000	0	MF-30_R527_MAH00108.MP4	81121	59.94018
NMP_20190803_MF-30_BRUV	1	0	0.00000	0	MF-30_R527_MAH00109.MP4	81060	59.94018
NMP_20190803_MF-30_BRUV	1	0	0.00000	0	MF-30_R527_MAH00110.MP4	29671	59.94018
NMP_20190803_MF-3_BRUV	0	0	0.00000	0	MF-3_L2_MAH00074.MP4	81122	59.94006
NMP_20190803_MF-3_BRUV	0	0	0.00000	0	MF-3_L2_MAH00075.MP4	81060	59.94006
NMP_20190803_MF-3_BRUV	0	0	0.00000	0	MF-3_L2_MAH00076.MP4	81061	59.94006
NMP_20190803_MF-3_BRUV	0	0	0.00000	0	MF-3_L2_MAH00077.MP4	64980	59.94006
NMP_20190803_MF-3_BRUV	1	0	0.00000	0	MF-3_R03_MAH00088.MP4	81122	59.94006
NMP_20190803_MF-3_BRUV	1	0	0.00000	0	MF-3_R03_MAH00089.MP4	81060	59.94006
NMP_20190803_MF-3_BRUV	1	0	0.00000	0	MF-3_R03_MAH00090.MP4	81061	59.94006
NMP_20190803_MF-3_BRUV	1	0	0.00000	0	MF-3_R03_MAH00091.MP4	59760	59.94006
NMP_20190803_MF-4_BRUV	0	0	0.00000	0	MF-4_L6_MAH00155.MP4	81120	59.94018
NMP_20190803_MF-4_BRUV	0	0	0.00000	0	MF-4_L6_MAH00156.MP4	81061	59.94018
NMP_20190803_MF-4_BRUV	0	0	0.00000	0	MF-4_L6_MAH00157.MP4	81061	59.94018
NMP_20190803_MF-4_BRUV	0	0	0.00000	0	MF-4_L6_MAH00158.MP4	51570	59.94018
NMP_20190803_MF-4_BRUV	1	0	0.00000	0	MF-4_R05_MAH00086.MP4	81120	59.94018
NMP_20190803_MF-4_BRUV	1	0	0.00000	0	MF-4_R05_MAH00087.MP4	81061	59.94018
NMP_20190803_MF-4_BRUV	1	0	0.00000	0	MF-4_R05_MAH00088.MP4	81061	59.94018
NMP_20190803_MF-4_BRUV	1	0	0.00000	0	MF-4_R05_MAH00089.MP4	54180	59.94018
NMP_20190803_MF-5_BRUV	0	0	0.00000	0	MF-5_L10_MAH00002.MP4	81120	59.94018
NMP_20190803_MF-5_BRUV	0	0	0.00000	0	MF-5_L10_MAH00003.MP4	81061	59.94018
NMP_20190803_MF-5_BRUV	0	0	0.00000	0	MF-5_L10_MAH00004.MP4	81061	59.94018
NMP_20190803_MF-5_BRUV	0	0	0.00000	0	MF-5_L10_MAH00005.MP4	59190	59.94018
NMP_20190803_MF-5_BRUV	1	0	0.00000	0	MF-5_R9_MAH00154.MP4	81120	59.94018
NMP_20190803_MF-5_BRUV	1	0	0.00000	0	MF-5_R9_MAH00155.MP4	81061	59.94018
NMP_20190803_MF-5_BRUV	1	0	0.00000	0	MF-5_R9_MAH00156.MP4	81061	59.94018
NMP_20190803_MF-5_BRUV	1	0	0.00000	0	MF-5_R9_MAH00157.MP4	52290	59.94018
NMP_20190803_MF-7_BRUV	0	0	0.00000	0	MF-7_L526_MAH00102.MP4	81120	59.94018
NMP_20190803_MF-7_BRUV	0	0	0.00000	0	MF-7_L526_MAH00103.MP4	81061	59.94018
NMP_20190803_MF-7_BRUV	0	0	0.00000	0	MF-7_L526_MAH00104.MP4	81061	59.94018
NMP_20190803_MF-7_BRUV	0	0	0.00000	0	MF-7_L526_MAH00105.MP4	63210	59.94018
NMP_20190803_MF-7_BRUV	1	0	0.00000	0	MF-7_R525_MAH00095.MP4	81120	59.94018
NMP_20190803_MF-7_BRUV	1	0	0.00000	0	MF-7_R525_MAH00096.MP4	81061	59.94018
NMP_20190803_MF-7_BRUV	1	0	0.00000	0	MF-7_R525_MAH00097.MP4	81121	59.94018
NMP_20190803_MF-7_BRUV	1	0	0.00000	0	MF-7_R525_MAH00098.MP4	61830	59.94018
NMP_20190803_MF-8_BRUV	0	0	0.00000	0	MF-8_L1B_MAH00165.MP4	81120	59.94018
NMP_20190803_MF-8_BRUV	0	0	0.00000	0	MF-8_L1B_MAH00166.MP4	81061	59.94018
NMP_20190803_MF-8_BRUV	0	0	0.00000	0	MF-8_L1B_MAH00167.MP4	81061	59.94018
NMP_20190803_MF-8_BRUV	0	0	0.00000	0	MF-8_L1B_MAH00168.MP4	71071	59.94018
NMP_20190803_MF-8_BRUV	1	0	0.00000	0	MF-8_R4B_MAH00093.MP4	81120	59.94018
NMP_20190803_MF-8_BRUV	1	0	0.00000	0	MF-8_R4B_MAH00094.MP4	81061	59.94018
NMP_20190803_MF-8_BRUV	1	0	0.00000	0	MF-8_R4B_MAH00095.MP4	81061	59.94018
NMP_20190803_MF-8_BRUV	1	0	0.00000	0	MF-8_R4B_MAH00096.MP4	70020	59.94018
NMP_20190803_MF-9_BRUV	0	0	0.00000	0	MF-9_L530_MAH00094.MP4	81120	59.94018
NMP_20190803_MF-9_BRUV	0	0	0.00000	0	MF-9_L530_MAH00095.MP4	81061	59.94018
NMP_20190803_MF-9_BRUV	0	0	0.00000	0	MF-9_L530_MAH00096.MP4	81061	59.94018
NMP_20190803_MF-9_BRUV	0	0	0.00000	0	MF-9_L530_MAH00097.MP4	78361	59.94018
NMP_20190803_MF-9_BRUV	1	0	0.00000	0	MF-9_R529_MAH00094.MP4	81120	59.94018
NMP_20190803_MF-9_BRUV	1	0	0.00000	0	MF-9_R529_MAH00095.MP4	81061	59.94018
NMP_20190803_MF-9_BRUV	1	0	0.00000	0	MF-9_R529_MAH00096.MP4	81061	59.94018
NMP_20190803_MF-9_BRUV	1	0	0.00000	0	MF-9_R529_MAH00097.MP4	81061	59.94018
NMP_20190803_MF-9_BRUV	1	0	0.00000	0	MF-9_R529_MAH00098.MP4	2011	59.94018
NMP_20190804_MF-31_BRUV	0	0	0.00000	0	MF-31_L528_MAH00173.MP4	81120	59.94018
NMP_20190804_MF-31_BRUV	0	0	0.00000	0	MF-31_L528_MAH00174.MP4	81061	59.94018
NMP_20190804_MF-31_BRUV	0	0	0.00000	0	MF-31_L528_MAH00175.MP4	81061	59.94018
NMP_20190804_MF-31_BRUV	0	0	0.00000	0	MF-31_L528_MAH00176.MP4	2250	59.94018
NMP_20190804_MF-31_BRUV	1	0	0.00000	0	MF-31_R527_MAH00111.MP4	81120	59.94018
NMP_20190804_MF-31_BRUV	1	0	0.00000	0	MF-31_R527_MAH00112.MP4	81061	59.94018
NMP_20190804_MF-31_BRUV	1	0	0.00000	0	MF-31_R527_MAH00113.MP4	81061	59.94018
NMP_20190804_MF-31_BRUV	1	0	0.00000	0	MF-31_R527_MAH00114.MP4	900	59.94018
NMP_20190804_MF-32_BRUV	0	0	0.00000	0	MF-32_L2_MAH00091.MP4	81120	59.94018
NMP_20190804_MF-32_BRUV	0	0	0.00000	0	MF-32_L2_MAH00092.MP4	81061	59.94018
NMP_20190804_MF-32_BRUV	0	0	0.00000	0	MF-32_L2_MAH00093.MP4	81061	59.94018
NMP_20190804_MF-32_BRUV	0	0	0.00000	0	MF-32_L2_MAH00094.MP4	12390	59.94018
NMP_20190804_MF-32_BRUV	1	0	0.00000	0	MF-32_R03_MAH00105.MP4	81120	59.94018
NMP_20190804_MF-32_BRUV	1	0	0.00000	0	MF-32_R03_MAH00106.MP4	81061	59.94018
NMP_20190804_MF-32_BRUV	1	0	0.00000	0	MF-32_R03_MAH00107.MP4	81061	59.94018
NMP_20190804_MF-32_BRUV	1	0	0.00000	0	MF-32_R03_MAH00108.MP4	11580	59.94018
NMP_20190804_MF-33_BRUV	0	0	0.00000	0	MF-33_L530_MAH00107.MP4	81120	59.94018
NMP_20190804_MF-33_BRUV	0	0	0.00000	0	MF-33_L530_MAH00108.MP4	81061	59.94018
NMP_20190804_MF-33_BRUV	0	0	0.00000	0	MF-33_L530_MAH00109.MP4	81061	59.94018
NMP_20190804_MF-33_BRUV	0	0	0.00000	0	MF-33_L530_MAH00110.MP4	18330	59.94018
NMP_20190804_MF-33_BRUV	1	0	0.00000	0	MF-33_R529_MAH00108.MP4	81120	59.94018
NMP_20190804_MF-33_BRUV	1	0	0.00000	0	MF-33_R529_MAH00109.MP4	81061	59.94018
NMP_20190804_MF-33_BRUV	1	0	0.00000	0	MF-33_R529_MAH00110.MP4	81061	59.94018
NMP_20190804_MF-33_BRUV	1	0	0.00000	0	MF-33_R529_MAH00111.MP4	21210	59.94018
NMP_20190804_MF-34_BRUV	0	0	0.00000	0	MF-34_L1B_MAH00175.MP4	81120	59.94018
NMP_20190804_MF-34_BRUV	0	0	0.00000	0	MF-34_L1B_MAH00176.MP4	81061	59.94018
NMP_20190804_MF-34_BRUV	0	0	0.00000	0	MF-34_L1B_MAH00177.MP4	81061	59.94018
NMP_20190804_MF-34_BRUV	0	0	0.00000	0	MF-34_L1B_MAH00178.MP4	27540	59.94018
NMP_20190804_MF-34_BRUV	1	0	0.00000	0	MF-34_R4B_MAH00107.MP4	81120	59.94018
NMP_20190804_MF-34_BRUV	1	0	0.00000	0	MF-34_R4B_MAH00108.MP4	81061	59.94018
NMP_20190804_MF-34_BRUV	1	0	0.00000	0	MF-34_R4B_MAH00109.MP4	81061	59.94018
NMP_20190804_MF-34_BRUV	1	0	0.00000	0	MF-34_R4B_MAH00110.MP4	27270	59.94018
NMP_20190804_MF-35_BRUV	0	0	0.00000	0	MF-35_L8_MAH00133.MP4	81120	59.94018
NMP_20190804_MF-35_BRUV	0	0	0.00000	0	MF-35_L8_MAH00134.MP4	81061	59.94018
NMP_20190804_MF-35_BRUV	0	0	0.00000	0	MF-35_L8_MAH00135.MP4	81061	59.94018
NMP_20190804_MF-35_BRUV	0	0	0.00000	0	MF-35_L8_MAH00136.MP4	43680	59.94018
NMP_20190804_MF-35_BRUV	1	0	0.00000	0	MF-35_R07_MAH00165.MP4	81120	59.94018
NMP_20190804_MF-35_BRUV	1	0	0.00000	0	MF-35_R07_MAH00166.MP4	81061	59.94018
NMP_20190804_MF-35_BRUV	1	0	0.00000	0	MF-35_R07_MAH00167.MP4	81061	59.94018
NMP_20190804_MF-35_BRUV	1	0	0.00000	0	MF-35_R07_MAH00168.MP4	45180	59.94018
NMP_20190804_MF-36_BRUV	0	0	0.00000	0	MF-36_L10_MAH00016.MP4	81120	59.94018
NMP_20190804_MF-36_BRUV	0	0	0.00000	0	MF-36_L10_MAH00017.MP4	81061	59.94018
NMP_20190804_MF-36_BRUV	0	0	0.00000	0	MF-36_L10_MAH00018.MP4	81061	59.94018
NMP_20190804_MF-36_BRUV	0	0	0.00000	0	MF-36_L10_MAH00019.MP4	47070	59.94018
NMP_20190804_MF-36_BRUV	1	0	0.00000	0	MF-36_R9_MAH00167.MP4	81120	59.94018
NMP_20190804_MF-36_BRUV	1	0	0.00000	0	MF-36_R9_MAH00168.MP4	81061	59.94018
NMP_20190804_MF-36_BRUV	1	0	0.00000	0	MF-36_R9_MAH00169.MP4	81061	59.94018
NMP_20190804_MF-36_BRUV	1	0	0.00000	0	MF-36_R9_MAH00170.MP4	46650	59.94018
NMP_20190804_MF-37_BRUV	0	0	0.00000	0	MF-37_L6_MAH00168.MP4	81120	59.94018
NMP_20190804_MF-37_BRUV	0	0	0.00000	0	MF-37_L6_MAH00169.MP4	81061	59.94018
NMP_20190804_MF-37_BRUV	0	0	0.00000	0	MF-37_L6_MAH00170.MP4	81061	59.94018
NMP_20190804_MF-37_BRUV	0	0	0.00000	0	MF-37_L6_MAH00171.MP4	50130	59.94018
NMP_20190804_MF-38_BRUV	0	0	0.00000	0	MF-38_L532_MAH00097.MP4	81120	59.94018
NMP_20190804_MF-38_BRUV	0	0	0.00000	0	MF-38_L532_MAH00098.MP4	81061	59.94018
NMP_20190804_MF-38_BRUV	0	0	0.00000	0	MF-38_L532_MAH00099.MP4	81061	59.94018
NMP_20190804_MF-38_BRUV	0	0	0.00000	0	MF-38_L532_MAH00100.MP4	68280	59.94018
NMP_20190804_MF-38_BRUV	1	0	0.00000	0	MF-38_R531_MAH00161.MP4	81120	59.94018
NMP_20190804_MF-38_BRUV	1	0	0.00000	0	MF-38_R531_MAH00162.MP4	81061	59.94018
NMP_20190804_MF-38_BRUV	1	0	0.00000	0	MF-38_R531_MAH00163.MP4	81061	59.94018
NMP_20190804_MF-38_BRUV	1	0	0.00000	0	MF-38_R531_MAH00164.MP4	63540	59.94018
NMP_20190804_MF-39_BRUV	0	0	0.00000	0	MF-39_L526_MAH00116.MP4	81120	59.94018
NMP_20190804_MF-39_BRUV	0	0	0.00000	0	MF-39_L526_MAH00117.MP4	81061	59.94018
NMP_20190804_MF-39_BRUV	0	0	0.00000	0	MF-39_L526_MAH00118.MP4	81061	59.94018
NMP_20190804_MF-39_BRUV	0	0	0.00000	0	MF-39_L526_MAH00119.MP4	81121	59.94018
NMP_20190804_MF-39_BRUV	0	0	0.00000	0	MF-39_L526_MAH00120.MP4	331	59.94018
NMP_20190804_MF-39_BRUV	1	0	0.00000	0	MF-39_R525_MAH00109.MP4	81120	59.94018
NMP_20190804_MF-39_BRUV	1	0	0.00000	0	MF-39_R525_MAH00110.MP4	81061	59.94018
NMP_20190804_MF-39_BRUV	1	0	0.00000	0	MF-39_R525_MAH00111.MP4	81061	59.94018
NMP_20190804_MF-39_BRUV	1	0	0.00000	0	MF-39_R525_MAH00112.MP4	81061	59.94018
NMP_20190804_MF-39_BRUV	1	0	0.00000	0	MF-39_R525_MAH00113.MP4	2851	59.94018
NMP_20190804_MF-40_BRUV	0	0	0.00000	0	MF-40_L524_MAH00185.MP4	81120	59.94018
NMP_20190804_MF-40_BRUV	0	0	0.00000	0	MF-40_L524_MAH00186.MP4	81061	59.94018
NMP_20190804_MF-40_BRUV	0	0	0.00000	0	MF-40_L524_MAH00187.MP4	81061	59.94018
NMP_20190804_MF-40_BRUV	0	0	0.00000	0	MF-40_L524_MAH00188.MP4	81061	59.94018
NMP_20190804_MF-40_BRUV	0	0	0.00000	0	MF-40_L524_MAH00189.MP4	9121	59.94018
NMP_20190804_MF-40_BRUV	1	0	0.00000	0	MF-40_R523_MAH00115.MP4	81120	59.94018
NMP_20190804_MF-40_BRUV	1	0	0.00000	0	MF-40_R523_MAH00116.MP4	81061	59.94018
NMP_20190804_MF-40_BRUV	1	0	0.00000	0	MF-40_R523_MAH00117.MP4	81061	59.94018
NMP_20190804_MF-40_BRUV	1	0	0.00000	0	MF-40_R523_MAH00118.MP4	81061	59.94018
NMP_20190804_MF-40_BRUV	1	0	0.00000	0	MF-40_R523_MAH00119.MP4	12331	59.94018
NMP_20190804_MS-41_BRUV	0	0	0.00000	0	MS-41_L524_MAH00190.MP4	81120	59.94018
NMP_20190804_MS-41_BRUV	0	0	0.00000	0	MS-41_L524_MAH00191.MP4	81061	59.94018
NMP_20190804_MS-41_BRUV	0	0	0.00000	0	MS-41_L524_MAH00192.MP4	81061	59.94018
NMP_20190804_MS-41_BRUV	0	0	0.00000	0	MS-41_L524_MAH00193.MP4	27150	59.94018
NMP_20190804_MS-41_BRUV	1	0	0.00000	0	MS-41_R523_MAH00120.MP4	81120	59.94018
NMP_20190804_MS-41_BRUV	1	0	0.00000	0	MS-41_R523_MAH00121.MP4	81061	59.94018
NMP_20190804_MS-41_BRUV	1	0	0.00000	0	MS-41_R523_MAH00122.MP4	81061	59.94018
NMP_20190804_MS-41_BRUV	1	0	0.00000	0	MS-41_R523_MAH00123.MP4	27780	59.94018
NMP_20190804_MS-42_BRUV	0	0	0.00000	0	MS-42_L526_MAH00121.MP4	81120	59.94018
NMP_20190804_MS-42_BRUV	0	0	0.00000	0	MS-42_L526_MAH00122.MP4	81061	59.94018
NMP_20190804_MS-42_BRUV	0	0	0.00000	0	MS-42_L526_MAH00123.MP4	81061	59.94018
NMP_20190804_MS-42_BRUV	0	0	0.00000	0	MS-42_L526_MAH00124.MP4	36600	59.94018
NMP_20190804_MS-42_BRUV	1	0	0.00000	0	MS-42_R525_MAH00114.MP4	81120	59.94018
NMP_20190804_MS-42_BRUV	1	0	0.00000	0	MS-42_R525_MAH00115.MP4	81121	59.94018
NMP_20190804_MS-42_BRUV	1	0	0.00000	0	MS-42_R525_MAH00116.MP4	81061	59.94018
NMP_20190804_MS-42_BRUV	1	0	0.00000	0	MS-42_R525_MAH00117.MP4	33240	59.94018
NMP_20190804_MS-43_BRUV	0	0	0.00000	0	MS-43_L532_MAH00101.MP4	81120	59.94018
NMP_20190804_MS-43_BRUV	0	0	0.00000	0	MS-43_L532_MAH00102.MP4	81061	59.94018
NMP_20190804_MS-43_BRUV	0	0	0.00000	0	MS-43_L532_MAH00103.MP4	81061	59.94018
NMP_20190804_MS-43_BRUV	0	0	0.00000	0	MS-43_L532_MAH00104.MP4	43290	59.94018
NMP_20190804_MS-43_BRUV	1	0	0.00000	0	MS-43_R531_MAH00165.MP4	81120	59.94018
NMP_20190804_MS-43_BRUV	1	0	0.00000	0	MS-43_R531_MAH00166.MP4	81061	59.94018
NMP_20190804_MS-43_BRUV	1	0	0.00000	0	MS-43_R531_MAH00167.MP4	81061	59.94018
NMP_20190804_MS-43_BRUV	1	0	0.00000	0	MS-43_R531_MAH00168.MP4	43380	59.94018
NMP_20190804_MS-44_BRUV	0	0	0.00000	0	MS-44_L6_MAH00172.MP4	81120	59.94018
NMP_20190804_MS-44_BRUV	0	0	0.00000	0	MS-44_L6_MAH00173.MP4	81061	59.94018
NMP_20190804_MS-44_BRUV	0	0	0.00000	0	MS-44_L6_MAH00174.MP4	81121	59.94018
NMP_20190804_MS-44_BRUV	0	0	0.00000	0	MS-44_L6_MAH00175.MP4	54720	59.94018
NMP_20190804_MS-45_BRUV	0	0	0.00000	0	MS-45_L8_MAH00137.MP4	81120	59.94018
NMP_20190804_MS-45_BRUV	0	0	0.00000	0	MS-45_L8_MAH00138.MP4	81061	59.94018
NMP_20190804_MS-45_BRUV	0	0	0.00000	0	MS-45_L8_MAH00139.MP4	81061	59.94018
NMP_20190804_MS-45_BRUV	0	0	0.00000	0	MS-45_L8_MAH00140.MP4	63630	59.94018
NMP_20190804_MS-45_BRUV	1	0	0.00000	0	MS-45_R07_MAH00169.MP4	81180	59.94018
NMP_20190804_MS-45_BRUV	1	0	0.00000	0	MS-45_R07_MAH00170.MP4	81121	59.94018
NMP_20190804_MS-45_BRUV	1	0	0.00000	0	MS-45_R07_MAH00171.MP4	81061	59.94018
NMP_20190804_MS-45_BRUV	1	0	0.00000	0	MS-45_R07_MAH00172.MP4	46770	59.94018
NMP_20190804_MS-46_BRUV	0	0	0.00000	0	MS-46_L1B_MAH00179.MP4	81120	59.94018
NMP_20190804_MS-46_BRUV	0	0	0.00000	0	MS-46_L1B_MAH00180.MP4	81061	59.94018
NMP_20190804_MS-46_BRUV	0	0	0.00000	0	MS-46_L1B_MAH00181.MP4	81061	59.94018
NMP_20190804_MS-46_BRUV	0	0	0.00000	0	MS-46_L1B_MAH00182.MP4	53610	59.94018
NMP_20190804_MS-46_BRUV	1	0	0.00000	0	MS-46_R4B_MAH00111.MP4	81120	59.94018
NMP_20190804_MS-46_BRUV	1	0	0.00000	0	MS-46_R4B_MAH00112.MP4	81061	59.94018
NMP_20190804_MS-46_BRUV	1	0	0.00000	0	MS-46_R4B_MAH00113.MP4	81061	59.94018
NMP_20190804_MS-46_BRUV	1	0	0.00000	0	MS-46_R4B_MAH00114.MP4	53340	59.94018
NMP_20190804_MS-47_BRUV	0	0	0.00000	0	MS-47_L530_MAH00111.MP4	81120	59.94018
NMP_20190804_MS-47_BRUV	0	0	0.00000	0	MS-47_L530_MAH00112.MP4	81061	59.94018
NMP_20190804_MS-47_BRUV	0	0	0.00000	0	MS-47_L530_MAH00113.MP4	81061	59.94018
NMP_20190804_MS-47_BRUV	0	0	0.00000	0	MS-47_L530_MAH00114.MP4	62730	59.94018
NMP_20190804_MS-47_BRUV	0	0	0.00000	0	MS-47_L530_MAH00115.MP4	150	59.94018
NMP_20190804_MS-47_BRUV	1	0	0.00000	0	MS-47_R529_MAH00112.MP4	81120	59.94018
NMP_20190804_MS-47_BRUV	1	0	0.00000	0	MS-47_R529_MAH00113.MP4	81061	59.94018
NMP_20190804_MS-47_BRUV	1	0	0.00000	0	MS-47_R529_MAH00114.MP4	81061	59.94018
NMP_20190804_MS-47_BRUV	1	0	0.00000	0	MS-47_R529_MAH00115.MP4	65820	59.94018
NMP_20190804_MS-48_BRUV	0	0	0.00000	0	MS-48_L2_MAH00095.MP4	81120	59.94018
NMP_20190804_MS-48_BRUV	0	0	0.00000	0	MS-48_L2_MAH00096.MP4	81061	59.94018
NMP_20190804_MS-48_BRUV	0	0	0.00000	0	MS-48_L2_MAH00097.MP4	81061	59.94018
NMP_20190804_MS-48_BRUV	0	0	0.00000	0	MS-48_L2_MAH00098.MP4	66150	59.94018
NMP_20190804_MS-48_BRUV	1	0	0.00000	0	MS-48_R03_MAH00109.MP4	81120	59.94018
NMP_20190804_MS-48_BRUV	1	0	0.00000	0	MS-48_R03_MAH00110.MP4	81061	59.94018
NMP_20190804_MS-48_BRUV	1	0	0.00000	0	MS-48_R03_MAH00111.MP4	81061	59.94018
NMP_20190804_MS-48_BRUV	1	0	0.00000	0	MS-48_R03_MAH00112.MP4	65730	59.94018
NMP_20190804_MS-49_BRUV	0	0	0.00000	0	MS-49_L10_MAH00020.MP4	81120	59.94018
NMP_20190804_MS-49_BRUV	0	0	0.00000	0	MS-49_L10_MAH00021.MP4	81061	59.94018
NMP_20190804_MS-49_BRUV	0	0	0.00000	0	MS-49_L10_MAH00022.MP4	81061	59.94018
NMP_20190804_MS-49_BRUV	0	0	0.00000	0	MS-49_L10_MAH00023.MP4	72121	59.94018
NMP_20190804_MS-49_BRUV	1	0	0.00000	0	MS-49_R9_MAH00171.MP4	81120	59.94018
NMP_20190804_MS-49_BRUV	1	0	0.00000	0	MS-49_R9_MAH00172.MP4	81061	59.94018
NMP_20190804_MS-49_BRUV	1	0	0.00000	0	MS-49_R9_MAH00173.MP4	81061	59.94018
NMP_20190804_MS-49_BRUV	1	0	0.00000	0	MS-49_R9_MAH00174.MP4	73501	59.94018
NMP_20190804_MS-50_BRUV	0	0	0.00000	0	MS-50_L528_MAH00177.MP4	81120	59.94018
NMP_20190804_MS-50_BRUV	0	0	0.00000	0	MS-50_L528_MAH00178.MP4	81061	59.94018
NMP_20190804_MS-50_BRUV	0	0	0.00000	0	MS-50_L528_MAH00179.MP4	81061	59.94018
NMP_20190804_MS-50_BRUV	0	0	0.00000	0	MS-50_L528_MAH00180.MP4	80701	59.94018
NMP_20190804_MS-50_BRUV	1	0	0.00000	0	MS-50_R527_MAH00115.MP4	81120	59.94018
NMP_20190804_MS-50_BRUV	1	0	0.00000	0	MS-50_R527_MAH00116.MP4	81061	59.94018
NMP_20190804_MS-50_BRUV	1	0	0.00000	0	MS-50_R527_MAH00117.MP4	81061	59.94018
NMP_20190804_MS-50_BRUV	1	0	0.00000	0	MS-50_R527_MAH00118.MP4	78871	59.94018
NMP_20190804_MS-51_BRUV	0	0	0.00000	0	MS-51_L528_MAH00181.MP4	81120	59.94018
NMP_20190804_MS-51_BRUV	0	0	0.00000	0	MS-51_L528_MAH00182.MP4	81121	59.94018
NMP_20190804_MS-51_BRUV	0	0	0.00000	0	MS-51_L528_MAH00183.MP4	81061	59.94018
NMP_20190804_MS-51_BRUV	0	0	0.00000	0	MS-51_L528_MAH00184.MP4	7590	59.94018
NMP_20190804_MS-51_BRUV	1	0	0.00000	0	MS-51_R527_MAH00119.MP4	81120	59.94018
NMP_20190804_MS-51_BRUV	1	0	0.00000	0	MS-51_R527_MAH00120.MP4	81061	59.94018
NMP_20190804_MS-51_BRUV	1	0	0.00000	0	MS-51_R527_MAH00121.MP4	81061	59.94018
NMP_20190804_MS-51_BRUV	1	0	0.00000	0	MS-51_R527_MAH00122.MP4	10410	59.94018
NMP_20190804_MS-52_BRUV	0	0	0.00000	0	MS-52_L10_MAH00024.MP4	81120	59.94018
NMP_20190804_MS-52_BRUV	0	0	0.00000	0	MS-52_L10_MAH00025.MP4	81061	59.94018
NMP_20190804_MS-52_BRUV	0	0	0.00000	0	MS-52_L10_MAH00026.MP4	81061	59.94018
NMP_20190804_MS-52_BRUV	0	0	0.00000	0	MS-52_L10_MAH00027.MP4	12150	59.94018
NMP_20190804_MS-52_BRUV	1	0	0.00000	0	MS-52_R9_MAH00175.MP4	81120	59.94018
NMP_20190804_MS-52_BRUV	1	0	0.00000	0	MS-52_R9_MAH00176.MP4	81061	59.94018
NMP_20190804_MS-52_BRUV	1	0	0.00000	0	MS-52_R9_MAH00177.MP4	81061	59.94018
NMP_20190804_MS-52_BRUV	1	0	0.00000	0	MS-52_R9_MAH00178.MP4	10290	59.94018
NMP_20190804_MS-53_BRUV	0	0	0.00000	0	MS-53_L2_MAH00099.MP4	81120	59.94018
NMP_20190804_MS-53_BRUV	0	0	0.00000	0	MS-53_L2_MAH00100.MP4	81121	59.94018
NMP_20190804_MS-53_BRUV	0	0	0.00000	0	MS-53_L2_MAH00101.MP4	81061	59.94018
NMP_20190804_MS-53_BRUV	0	0	0.00000	0	MS-53_L2_MAH00102.MP4	18600	59.94018
NMP_20190804_MS-53_BRUV	1	0	0.00000	0	MS-53_R03_MAH00113.MP4	81120	59.94018
NMP_20190804_MS-53_BRUV	1	0	0.00000	0	MS-53_R03_MAH00114.MP4	81121	59.94018
NMP_20190804_MS-53_BRUV	1	0	0.00000	0	MS-53_R03_MAH00115.MP4	81061	59.94018
NMP_20190804_MS-53_BRUV	1	0	0.00000	0	MS-53_R03_MAH00116.MP4	20070	59.94018
NMP_20190804_MS-54_BRUV	0	0	0.00000	0	MS-54_L530_MAH00116.MP4	81120	59.94018
NMP_20190804_MS-54_BRUV	0	0	0.00000	0	MS-54_L530_MAH00117.MP4	81061	59.94018
NMP_20190804_MS-54_BRUV	0	0	0.00000	0	MS-54_L530_MAH00118.MP4	81061	59.94018
NMP_20190804_MS-54_BRUV	0	0	0.00000	0	MS-54_L530_MAH00119.MP4	26610	59.94018
NMP_20190804_MS-54_BRUV	1	0	0.00000	0	MS-54_R529_MAH00116.MP4	81120	59.94018
NMP_20190804_MS-54_BRUV	1	0	0.00000	0	MS-54_R529_MAH00117.MP4	81061	59.94018
NMP_20190804_MS-54_BRUV	1	0	0.00000	0	MS-54_R529_MAH00118.MP4	81121	59.94018
NMP_20190804_MS-54_BRUV	1	0	0.00000	0	MS-54_R529_MAH00119.MP4	27090	59.94018
NMP_20190804_MS-55_BRUV	0	0	0.00000	0	MS-55_L1B_MAH00183.MP4	81120	59.94018
NMP_20190804_MS-55_BRUV	0	0	0.00000	0	MS-55_L1B_MAH00184.MP4	81061	59.94018
NMP_20190804_MS-55_BRUV	0	0	0.00000	0	MS-55_L1B_MAH00185.MP4	81121	59.94018
NMP_20190804_MS-55_BRUV	0	0	0.00000	0	MS-55_L1B_MAH00186.MP4	42270	59.94018
NMP_20190804_MS-55_BRUV	1	0	0.00000	0	MS-55_R4B_MAH00115.MP4	81120	59.94018
NMP_20190804_MS-55_BRUV	1	0	0.00000	0	MS-55_R4B_MAH00116.MP4	81061	59.94018
NMP_20190804_MS-55_BRUV	1	0	0.00000	0	MS-55_R4B_MAH00117.MP4	81121	59.94018
NMP_20190804_MS-55_BRUV	1	0	0.00000	0	MS-55_R4B_MAH00118.MP4	42030	59.94018
NMP_20190804_MS-56_BRUV	0	0	0.00000	0	MS-56_L8_MAH00141.MP4	81120	59.94018
NMP_20190804_MS-56_BRUV	0	0	0.00000	0	MS-56_L8_MAH00142.MP4	81061	59.94018
NMP_20190804_MS-56_BRUV	0	0	0.00000	0	MS-56_L8_MAH00143.MP4	81061	59.94018
NMP_20190804_MS-56_BRUV	0	0	0.00000	0	MS-56_L8_MAH00144.MP4	38490	59.94018
NMP_20190804_MS-56_BRUV	1	0	0.00000	0	MS-56_R07_MAH00173.MP4	81120	59.94018
NMP_20190804_MS-56_BRUV	1	0	0.00000	0	MS-56_R07_MAH00174.MP4	81061	59.94018
NMP_20190804_MS-56_BRUV	1	0	0.00000	0	MS-56_R07_MAH00175.MP4	81061	59.94018
NMP_20190804_MS-56_BRUV	1	0	0.00000	0	MS-56_R07_MAH00176.MP4	40170	59.94018
NMP_20190804_MS-56_BRUV	1	0	0.00000	0	MS-56_R07_MAH00177.MP4	90	59.94018
NMP_20190804_MS-57_BRUV	0	0	0.00000	0	MS-57_L6_MAH00176.MP4	81120	59.94018
NMP_20190804_MS-57_BRUV	0	0	0.00000	0	MS-57_L6_MAH00177.MP4	81061	59.94018
NMP_20190804_MS-57_BRUV	0	0	0.00000	0	MS-57_L6_MAH00178.MP4	81061	59.94018
NMP_20190804_MS-57_BRUV	0	0	0.00000	0	MS-57_L6_MAH00179.MP4	44550	59.94018
NMP_20190804_MS-58_BRUV	0	0	0.00000	0	MS-58_L532_MAH00105.MP4	81120	59.94018
NMP_20190804_MS-58_BRUV	0	0	0.00000	0	MS-58_L532_MAH00106.MP4	81061	59.94018
NMP_20190804_MS-58_BRUV	0	0	0.00000	0	MS-58_L532_MAH00107.MP4	81061	59.94018
NMP_20190804_MS-58_BRUV	0	0	0.00000	0	MS-58_L532_MAH00108.MP4	45840	59.94018
NMP_20190804_MS-58_BRUV	0	0	0.00000	0	MS-58_L532_MAH00109.MP4	150	59.94018
NMP_20190804_MS-58_BRUV	1	0	0.00000	0	MS-58_R531_MAH00169.MP4	81120	59.94018
NMP_20190804_MS-58_BRUV	1	0	0.00000	0	MS-58_R531_MAH00170.MP4	81061	59.94018
NMP_20190804_MS-58_BRUV	1	0	0.00000	0	MS-58_R531_MAH00171.MP4	81061	59.94018
NMP_20190804_MS-58_BRUV	1	0	0.00000	0	MS-58_R531_MAH00172.MP4	46710	59.94018
NMP_20190804_MS-59_BRUV	0	0	0.00000	0	MS-59_L526_MAH00125.MP4	81120	59.94018
NMP_20190804_MS-59_BRUV	0	0	0.00000	0	MS-59_L526_MAH00126.MP4	81061	59.94018
NMP_20190804_MS-59_BRUV	0	0	0.00000	0	MS-59_L526_MAH00127.MP4	81061	59.94018
NMP_20190804_MS-59_BRUV	0	0	0.00000	0	MS-59_L526_MAH00128.MP4	51720	59.94018
NMP_20190804_MS-59_BRUV	1	0	0.00000	0	MS-59_R525_MAH00118.MP4	81120	59.94018
NMP_20190804_MS-59_BRUV	1	0	0.00000	0	MS-59_R525_MAH00119.MP4	81061	59.94018
NMP_20190804_MS-59_BRUV	1	0	0.00000	0	MS-59_R525_MAH00120.MP4	81061	59.94018
NMP_20190804_MS-59_BRUV	1	0	0.00000	0	MS-59_R525_MAH00121.MP4	54000	59.94018
NMP_20190804_MS-60_BRUV	0	0	0.00000	0	MS-60_L524_MAH00194.MP4	81120	59.94018
NMP_20190804_MS-60_BRUV	0	0	0.00000	0	MS-60_L524_MAH00195.MP4	81061	59.94018
NMP_20190804_MS-60_BRUV	0	0	0.00000	0	MS-60_L524_MAH00196.MP4	81061	59.94018
NMP_20190804_MS-60_BRUV	0	0	0.00000	0	MS-60_L524_MAH00197.MP4	66540	59.94018
NMP_20190804_MS-60_BRUV	1	0	0.00000	0	MS-60_R523_MAH00124.MP4	81120	59.94018
NMP_20190804_MS-60_BRUV	1	0	0.00000	0	MS-60_R523_MAH00125.MP4	81061	59.94018
NMP_20190804_MS-60_BRUV	1	0	0.00000	0	MS-60_R523_MAH00126.MP4	81061	59.94018
NMP_20190804_MS-60_BRUV	1	0	0.00000	0	MS-60_R523_MAH00127.MP4	67440	59.94018
NMP_20190805_MF-61_BRUV	0	0	0.00000	0	MF-61_L524_MAH00198.MP4	81120	59.94018
NMP_20190805_MF-61_BRUV	0	0	0.00000	0	MF-61_L524_MAH00199.MP4	81061	59.94018
NMP_20190805_MF-61_BRUV	0	0	0.00000	0	MF-61_L524_MAH00200.MP4	81061	59.94018
NMP_20190805_MF-61_BRUV	0	0	0.00000	0	MF-61_L524_MAH00201.MP4	38400	59.94018
NMP_20190805_MF-61_BRUV	1	0	0.00000	0	MF-61_R523_MAH00128.MP4	81120	59.94018
NMP_20190805_MF-61_BRUV	1	0	0.00000	0	MF-61_R523_MAH00129.MP4	81061	59.94018
NMP_20190805_MF-61_BRUV	1	0	0.00000	0	MF-61_R523_MAH00130.MP4	81061	59.94018
NMP_20190805_MF-61_BRUV	1	0	0.00000	0	MF-61_R523_MAH00131.MP4	41250	59.94018
NMP_20190805_MF-62_BRUV	0	0	0.00000	0	MF-62_L526_MAH00129.MP4	81120	59.94018
NMP_20190805_MF-62_BRUV	0	0	0.00000	0	MF-62_L526_MAH00130.MP4	81061	59.94018
NMP_20190805_MF-62_BRUV	0	0	0.00000	0	MF-62_L526_MAH00131.MP4	81061	59.94018
NMP_20190805_MF-62_BRUV	0	0	0.00000	0	MF-62_L526_MAH00132.MP4	32580	59.94018
NMP_20190805_MF-63_BRUV	0	0	0.00000	0	MF-63_L532_MAH00110.MP4	81120	59.94018
NMP_20190805_MF-63_BRUV	0	0	0.00000	0	MF-63_L532_MAH00111.MP4	81061	59.94018
NMP_20190805_MF-63_BRUV	0	0	0.00000	0	MF-63_L532_MAH00112.MP4	81061	59.94018
NMP_20190805_MF-63_BRUV	0	0	0.00000	0	MF-63_L532_MAH00113.MP4	52680	59.94018
NMP_20190805_MF-63_BRUV	1	0	0.00000	0	MF-63_R531_MAH00173.MP4	81120	59.94018
NMP_20190805_MF-63_BRUV	1	0	0.00000	0	MF-63_R531_MAH00174.MP4	81061	59.94018
NMP_20190805_MF-63_BRUV	1	0	0.00000	0	MF-63_R531_MAH00175.MP4	81061	59.94018
NMP_20190805_MF-63_BRUV	1	0	0.00000	0	MF-63_R531_MAH00176.MP4	55500	59.94018
NMP_20190805_MF-64_BRUV	0	0	0.00000	0	MF-64_L6_MAH00180.MP4	81120	59.94018
NMP_20190805_MF-64_BRUV	0	0	0.00000	0	MF-64_L6_MAH00181.MP4	81061	59.94018
NMP_20190805_MF-64_BRUV	0	0	0.00000	0	MF-64_L6_MAH00182.MP4	81061	59.94018
NMP_20190805_MF-64_BRUV	0	0	0.00000	0	MF-64_L6_MAH00183.MP4	77821	59.94018
NMP_20190805_MF-64_BRUV	1	0	0.00000	0	MF-64_R5_MAH00111.MP4	81120	59.94018
NMP_20190805_MF-64_BRUV	1	0	0.00000	0	MF-64_R5_MAH00112.MP4	81061	59.94018
NMP_20190805_MF-64_BRUV	1	0	0.00000	0	MF-64_R5_MAH00113.MP4	81061	59.94018
NMP_20190805_MF-64_BRUV	1	0	0.00000	0	MF-64_R5_MAH00114.MP4	78751	59.94018
NMP_20190805_MF-65_BRUV	0	0	0.00000	0	MF-65_L530_MAH00120.MP4	81120	59.94018
NMP_20190805_MF-65_BRUV	0	0	0.00000	0	MF-65_L530_MAH00121.MP4	81061	59.94018
NMP_20190805_MF-65_BRUV	0	0	0.00000	0	MF-65_L530_MAH00122.MP4	81061	59.94018
NMP_20190805_MF-65_BRUV	0	0	0.00000	0	MF-65_L530_MAH00123.MP4	75031	59.94018
NMP_20190805_MF-65_BRUV	1	0	0.00000	0	MF-65_R529_MAH00120.MP4	81120	59.94018
NMP_20190805_MF-65_BRUV	1	0	0.00000	0	MF-65_R529_MAH00121.MP4	81061	59.94018
NMP_20190805_MF-65_BRUV	1	0	0.00000	0	MF-65_R529_MAH00122.MP4	81061	59.94018
NMP_20190805_MF-65_BRUV	1	0	0.00000	0	MF-65_R529_MAH00123.MP4	80341	59.94018
NMP_20190805_MF-66_BRUV	0	0	0.00000	0	MF-66_L8_MAH00145.MP4	81120	59.94018
NMP_20190805_MF-66_BRUV	0	0	0.00000	0	MF-66_L8_MAH00146.MP4	81061	59.94018
NMP_20190805_MF-66_BRUV	0	0	0.00000	0	MF-66_L8_MAH00147.MP4	81061	59.94018
NMP_20190805_MF-66_BRUV	0	0	0.00000	0	MF-66_L8_MAH00148.MP4	81061	59.94018
NMP_20190805_MF-66_BRUV	0	0	0.00000	0	MF-66_L8_MAH00149.MP4	8821	59.94018
NMP_20190805_MF-66_BRUV	1	0	0.00000	0	MF-66_R07_MAH00178.MP4	81120	59.94018
NMP_20190805_MF-66_BRUV	1	0	0.00000	0	MF-66_R07_MAH00179.MP4	81061	59.94018
NMP_20190805_MF-66_BRUV	1	0	0.00000	0	MF-66_R07_MAH00180.MP4	81061	59.94018
NMP_20190805_MF-66_BRUV	1	0	0.00000	0	MF-66_R07_MAH00181.MP4	81061	59.94018
NMP_20190805_MF-66_BRUV	1	0	0.00000	0	MF-66_R07_MAH00182.MP4	8551	59.94018
NMP_20190805_MF-67_BRUV	0	0	0.00000	0	MF-67_L1B_MAH00187.MP4	81120	59.94018
NMP_20190805_MF-67_BRUV	0	0	0.00000	0	MF-67_L1B_MAH00188.MP4	81061	59.94018
NMP_20190805_MF-67_BRUV	0	0	0.00000	0	MF-67_L1B_MAH00189.MP4	81061	59.94018
NMP_20190805_MF-67_BRUV	0	0	0.00000	0	MF-67_L1B_MAH00190.MP4	81061	59.94018
NMP_20190805_MF-67_BRUV	0	0	0.00000	0	MF-67_L1B_MAH00191.MP4	26941	59.94018
NMP_20190805_MF-67_BRUV	1	0	0.00000	0	MF-67_R4B_MAH00119.MP4	81120	59.94018
NMP_20190805_MF-67_BRUV	1	0	0.00000	0	MF-67_R4B_MAH00120.MP4	81061	59.94018
NMP_20190805_MF-67_BRUV	1	0	0.00000	0	MF-67_R4B_MAH00121.MP4	81061	59.94018
NMP_20190805_MF-67_BRUV	1	0	0.00000	0	MF-67_R4B_MAH00122.MP4	81061	59.94018
NMP_20190805_MF-67_BRUV	1	0	0.00000	0	MF-67_R4B_MAH00123.MP4	26101	59.94018
NMP_20190805_MF-68_BRUV	0	0	0.00000	0	MF-68_L2_MAH00103.MP4	81120	59.94018
NMP_20190805_MF-68_BRUV	0	0	0.00000	0	MF-68_L2_MAH00104.MP4	81061	59.94018
NMP_20190805_MF-68_BRUV	0	0	0.00000	0	MF-68_L2_MAH00105.MP4	81061	59.94018
NMP_20190805_MF-68_BRUV	0	0	0.00000	0	MF-68_L2_MAH00106.MP4	81061	59.94018
NMP_20190805_MF-68_BRUV	0	0	0.00000	0	MF-68_L2_MAH00107.MP4	27931	59.94018
NMP_20190805_MF-68_BRUV	1	0	0.00000	0	MF-68_R03_MAH00117.MP4	81120	59.94018
NMP_20190805_MF-68_BRUV	1	0	0.00000	0	MF-68_R03_MAH00118.MP4	81061	59.94018
NMP_20190805_MF-68_BRUV	1	0	0.00000	0	MF-68_R03_MAH00119.MP4	81061	59.94018
NMP_20190805_MF-68_BRUV	1	0	0.00000	0	MF-68_R03_MAH00120.MP4	81061	59.94018
NMP_20190805_MF-68_BRUV	1	0	0.00000	0	MF-68_R03_MAH00121.MP4	28261	59.94018
NMP_20190805_MF-69_BRUV	0	0	0.00000	0	MF-69_L10_MAH00028.MP4	81120	59.94018
NMP_20190805_MF-69_BRUV	0	0	0.00000	0	MF-69_L10_MAH00029.MP4	81061	59.94018
NMP_20190805_MF-69_BRUV	0	0	0.00000	0	MF-69_L10_MAH00030.MP4	81061	59.94018
NMP_20190805_MF-69_BRUV	0	0	0.00000	0	MF-69_L10_MAH00031.MP4	81061	59.94018
NMP_20190805_MF-69_BRUV	0	0	0.00000	0	MF-69_L10_MAH00032.MP4	32461	59.94018
NMP_20190805_MF-69_BRUV	1	0	0.00000	0	MF-69_R9_MAH00179.MP4	81120	59.94018
NMP_20190805_MF-69_BRUV	1	0	0.00000	0	MF-69_R9_MAH00180.MP4	81061	59.94018
NMP_20190805_MF-69_BRUV	1	0	0.00000	0	MF-69_R9_MAH00181.MP4	81061	59.94018
NMP_20190805_MF-69_BRUV	1	0	0.00000	0	MF-69_R9_MAH00182.MP4	81061	59.94018
NMP_20190805_MF-69_BRUV	1	0	0.00000	0	MF-69_R9_MAH00183.MP4	31891	59.94018
NMP_20190805_MF-70_BRUV	0	0	0.00000	0	MF-70_L528_MAH00185.MP4	81122	59.94006
NMP_20190805_MF-70_BRUV	0	0	0.00000	0	MF-70_L528_MAH00186.MP4	81060	59.94006
NMP_20190805_MF-70_BRUV	0	0	0.00000	0	MF-70_L528_MAH00187.MP4	81061	59.94006
NMP_20190805_MF-70_BRUV	0	0	0.00000	0	MF-70_L528_MAH00188.MP4	81060	59.94006
NMP_20190805_MF-70_BRUV	0	0	0.00000	0	MF-70_L528_MAH00189.MP4	42841	59.94006
NMP_20190805_MF-70_BRUV	1	0	0.00000	0	MF-70_R527_MAH00123.MP4	81122	59.94006
NMP_20190805_MF-70_BRUV	1	0	0.00000	0	MF-70_R527_MAH00124.MP4	81060	59.94006
NMP_20190805_MF-70_BRUV	1	0	0.00000	0	MF-70_R527_MAH00125.MP4	81061	59.94006
NMP_20190805_MF-70_BRUV	1	0	0.00000	0	MF-70_R527_MAH00126.MP4	81060	59.94006
NMP_20190805_MF-70_BRUV	1	0	0.00000	0	MF-70_R527_MAH00127.MP4	45301	59.94006
NMP_20190805_OF-21_BRUV	0	0	0.00000	0	OF-21_L528_MAH00198.MP4	81120	59.94018
NMP_20190805_OF-21_BRUV	0	0	0.00000	0	OF-21_L528_MAH00199.MP4	81061	59.94018
NMP_20190805_OF-21_BRUV	0	0	0.00000	0	OF-21_L528_MAH00200.MP4	81061	59.94018
NMP_20190805_OF-21_BRUV	0	0	0.00000	0	OF-21_L528_MAH00201.MP4	3540	59.94018
NMP_20190805_OF-21_BRUV	1	0	0.00000	0	OF-21_R527_MAH00136.MP4	81120	59.94018
NMP_20190805_OF-21_BRUV	1	0	0.00000	0	OF-21_R527_MAH00137.MP4	81061	59.94018
NMP_20190805_OF-21_BRUV	1	0	0.00000	0	OF-21_R527_MAH00138.MP4	81061	59.94018
NMP_20190805_OF-21_BRUV	1	0	0.00000	0	OF-21_R527_MAH00139.MP4	6300	59.94018
NMP_20190805_OF-22_BRUV	0	0	0.00000	0	OF-22_L10_MAH00041.MP4	81120	59.94018
NMP_20190805_OF-22_BRUV	0	0	0.00000	0	OF-22_L10_MAH00042.MP4	81061	59.94018
NMP_20190805_OF-22_BRUV	0	0	0.00000	0	OF-22_L10_MAH00043.MP4	75931	59.94018
NMP_20190805_OF-22_BRUV	1	0	0.00000	0	OF-22_R9_MAH00192.MP4	81120	59.94018
NMP_20190805_OF-22_BRUV	1	0	0.00000	0	OF-22_R9_MAH00193.MP4	81061	59.94018
NMP_20190805_OF-22_BRUV	1	0	0.00000	0	OF-22_R9_MAH00194.MP4	75661	59.94018
NMP_20190805_OF-23_BRUV	0	0	0.00000	0	OF-23_L2_MAH00116.MP4	81120	59.94018
NMP_20190805_OF-23_BRUV	0	0	0.00000	0	OF-23_L2_MAH00117.MP4	81061	59.94018
NMP_20190805_OF-23_BRUV	0	0	0.00000	0	OF-23_L2_MAH00118.MP4	81121	59.94018
NMP_20190805_OF-23_BRUV	0	0	0.00000	0	OF-23_L2_MAH00119.MP4	60	59.94018
NMP_20190805_OF-23_BRUV	1	0	0.00000	0	OF-23_R03_MAH00130.MP4	81120	59.94018
NMP_20190805_OF-23_BRUV	1	0	0.00000	0	OF-23_R03_MAH00131.MP4	81061	59.94018
NMP_20190805_OF-23_BRUV	1	0	0.00000	0	OF-23_R03_MAH00132.MP4	80971	59.94018
NMP_20190805_OF-24_BRUV	0	0	0.00000	0	OF-24_L1B_MAH00200.MP4	81120	59.94018
NMP_20190805_OF-24_BRUV	0	0	0.00000	0	OF-24_L1B_MAH00201.MP4	81061	59.94018
NMP_20190805_OF-24_BRUV	0	0	0.00000	0	OF-24_L1B_MAH00202.MP4	81061	59.94018
NMP_20190805_OF-24_BRUV	0	0	0.00000	0	OF-24_L1B_MAH00203.MP4	7800	59.94018
NMP_20190805_OF-24_BRUV	1	0	0.00000	0	OF-24_R4B_MAH00132.MP4	81120	59.94018
NMP_20190805_OF-24_BRUV	1	0	0.00000	0	OF-24_R4B_MAH00133.MP4	81061	59.94018
NMP_20190805_OF-24_BRUV	1	0	0.00000	0	OF-24_R4B_MAH00134.MP4	81061	59.94018
NMP_20190805_OF-24_BRUV	1	0	0.00000	0	OF-24_R4B_MAH00135.MP4	7530	59.94018
NMP_20190805_OF-25_BRUV	0	0	0.00000	0	OF-25_L8_MAH00158.MP4	81120	59.94018
NMP_20190805_OF-25_BRUV	0	0	0.00000	0	OF-25_L8_MAH00159.MP4	81061	59.94018
NMP_20190805_OF-25_BRUV	0	0	0.00000	0	OF-25_L8_MAH00160.MP4	81061	59.94018
NMP_20190805_OF-25_BRUV	0	0	0.00000	0	OF-25_L8_MAH00161.MP4	16860	59.94018
NMP_20190805_OF-25_BRUV	1	0	0.00000	0	OF-25_R07_MAH00191.MP4	81120	59.94018
NMP_20190805_OF-25_BRUV	1	0	0.00000	0	OF-25_R07_MAH00192.MP4	81061	59.94018
NMP_20190805_OF-25_BRUV	1	0	0.00000	0	OF-25_R07_MAH00193.MP4	81061	59.94018
NMP_20190805_OF-25_BRUV	1	0	0.00000	0	OF-25_R07_MAH00194.MP4	16440	59.94018
NMP_20190805_OF-26_BRUV	0	0	0.00000	0	OF-26_L530_MAH00132.MP4	81120	59.94018
NMP_20190805_OF-26_BRUV	0	0	0.00000	0	OF-26_L530_MAH00133.MP4	81061	59.94018
NMP_20190805_OF-26_BRUV	0	0	0.00000	0	OF-26_L530_MAH00134.MP4	81061	59.94018
NMP_20190805_OF-26_BRUV	0	0	0.00000	0	OF-26_L530_MAH00135.MP4	22230	59.94018
NMP_20190805_OF-26_BRUV	1	0	0.00000	0	OF-26_R529_MAH00132.MP4	81120	59.94018
NMP_20190805_OF-26_BRUV	1	0	0.00000	0	OF-26_R529_MAH00133.MP4	81061	59.94018
NMP_20190805_OF-26_BRUV	1	0	0.00000	0	OF-26_R529_MAH00134.MP4	81061	59.94018
NMP_20190805_OF-26_BRUV	1	0	0.00000	0	OF-26_R529_MAH00135.MP4	24750	59.94018
NMP_20190805_OF-26_BRUV	1	0	0.00000	0	OF-26_R529_MAH00136.MP4	150	59.94018
NMP_20190805_OF-27_BRUV	0	0	0.00000	0	OF-27_L6_MAH00192.MP4	81120	59.94018
NMP_20190805_OF-27_BRUV	0	0	0.00000	0	OF-27_L6_MAH00193.MP4	81061	59.94018
NMP_20190805_OF-27_BRUV	0	0	0.00000	0	OF-27_L6_MAH00194.MP4	81061	59.94018
NMP_20190805_OF-27_BRUV	0	0	0.00000	0	OF-27_L6_MAH00195.MP4	30180	59.94018
NMP_20190805_OF-27_BRUV	1	0	0.00000	0	OF-27_R5_MAH00123.MP4	81120	59.94018
NMP_20190805_OF-27_BRUV	1	0	0.00000	0	OF-27_R5_MAH00124.MP4	81061	59.94018
NMP_20190805_OF-27_BRUV	1	0	0.00000	0	OF-27_R5_MAH00125.MP4	81121	59.94018
NMP_20190805_OF-27_BRUV	1	0	0.00000	0	OF-27_R5_MAH00126.MP4	29970	59.94018
NMP_20190805_OF-28_BRUV	0	0	0.00000	0	OF-28_L532_MAH00122.MP4	81120	59.94018
NMP_20190805_OF-28_BRUV	0	0	0.00000	0	OF-28_L532_MAH00123.MP4	81121	59.94018
NMP_20190805_OF-28_BRUV	0	0	0.00000	0	OF-28_L532_MAH00124.MP4	81061	59.94018
NMP_20190805_OF-28_BRUV	0	0	0.00000	0	OF-28_L532_MAH00125.MP4	37380	59.94018
NMP_20190805_OF-28_BRUV	1	0	0.00000	0	OF-28_R531_MAH00185.MP4	81120	59.94018
NMP_20190805_OF-28_BRUV	1	0	0.00000	0	OF-28_R531_MAH00186.MP4	81121	59.94018
NMP_20190805_OF-28_BRUV	1	0	0.00000	0	OF-28_R531_MAH00187.MP4	81061	59.94018
NMP_20190805_OF-28_BRUV	1	0	0.00000	0	OF-28_R531_MAH00188.MP4	38310	59.94018
NMP_20190805_OF-29_BRUV	0	0	0.00000	0	OF-29_L526_MAH00141.MP4	81120	59.94018
NMP_20190805_OF-29_BRUV	0	0	0.00000	0	OF-29_L526_MAH00142.MP4	81061	59.94018
NMP_20190805_OF-29_BRUV	0	0	0.00000	0	OF-29_L526_MAH00143.MP4	81061	59.94018
NMP_20190805_OF-29_BRUV	0	0	0.00000	0	OF-29_L526_MAH00144.MP4	46890	59.94018
NMP_20190805_OF-29_BRUV	1	0	0.00000	0	OF-29_R525_MAH00134.MP4	81120	59.94018
NMP_20190805_OF-29_BRUV	1	0	0.00000	0	OF-29_R525_MAH00135.MP4	81121	59.94018
NMP_20190805_OF-29_BRUV	1	0	0.00000	0	OF-29_R525_MAH00136.MP4	81061	59.94018
NMP_20190805_OF-29_BRUV	1	0	0.00000	0	OF-29_R525_MAH00137.MP4	47340	59.94018
NMP_20190805_OF-30_BRUV	0	0	0.00000	0	OF-30_L524_MAH00210.MP4	81120	59.94018
NMP_20190805_OF-30_BRUV	0	0	0.00000	0	OF-30_L524_MAH00211.MP4	81061	59.94018
NMP_20190805_OF-30_BRUV	0	0	0.00000	0	OF-30_L524_MAH00212.MP4	81061	59.94018
NMP_20190805_OF-30_BRUV	0	0	0.00000	0	OF-30_L524_MAH00213.MP4	49050	59.94018
NMP_20190805_OF-30_BRUV	1	0	0.00000	0	OF-30_R523_MAH00140.MP4	81120	59.94018
NMP_20190805_OF-30_BRUV	1	0	0.00000	0	OF-30_R523_MAH00141.MP4	81061	59.94018
NMP_20190805_OF-30_BRUV	1	0	0.00000	0	OF-30_R523_MAH00142.MP4	81061	59.94018
NMP_20190805_OF-30_BRUV	1	0	0.00000	0	OF-30_R523_MAH00143.MP4	49380	59.94018
NMP_20190805_OS-10_BRUV	0	0	0.00000	0	OS-10_L524_MAH00202.MP4	81120	59.94018
NMP_20190805_OS-10_BRUV	0	0	0.00000	0	OS-10_L524_MAH00203.MP4	81061	59.94018
NMP_20190805_OS-10_BRUV	0	0	0.00000	0	OS-10_L524_MAH00204.MP4	81121	59.94018
NMP_20190805_OS-10_BRUV	0	0	0.00000	0	OS-10_L524_MAH00205.MP4	66540	59.94018
NMP_20190805_OS-10_BRUV	1	0	0.00000	0	OS-10_R523_MAH00132.MP4	81120	59.94018
NMP_20190805_OS-10_BRUV	1	0	0.00000	0	OS-10_R523_MAH00133.MP4	81061	59.94018
NMP_20190805_OS-10_BRUV	1	0	0.00000	0	OS-10_R523_MAH00134.MP4	81061	59.94018
NMP_20190805_OS-10_BRUV	1	0	0.00000	0	OS-10_R523_MAH00135.MP4	64110	59.94018
NMP_20190805_OS-11_BRUV	0	0	0.00000	0	OS-11_L524_MAH00206.MP4	81122	59.94006
NMP_20190805_OS-11_BRUV	0	0	0.00000	0	OS-11_L524_MAH00207.MP4	81060	59.94006
NMP_20190805_OS-11_BRUV	0	0	0.00000	0	OS-11_L524_MAH00208.MP4	81121	59.94006
NMP_20190805_OS-11_BRUV	0	0	0.00000	0	OS-11_L524_MAH00209.MP4	6600	59.94006
NMP_20190805_OS-11_BRUV	1	0	0.00000	0	OS-11_R523_MAH00136.MP4	81122	59.94006
NMP_20190805_OS-11_BRUV	1	0	0.00000	0	OS-11_R523_MAH00137.MP4	81120	59.94006
NMP_20190805_OS-11_BRUV	1	0	0.00000	0	OS-11_R523_MAH00138.MP4	81061	59.94006
NMP_20190805_OS-11_BRUV	1	0	0.00000	0	OS-11_R523_MAH00139.MP4	9510	59.94006
NMP_20190805_OS-12_BRUV	0	0	0.00000	0	OS-12_L526_MAH00137.MP4	81120	59.94018
NMP_20190805_OS-12_BRUV	0	0	0.00000	0	OS-12_L526_MAH00138.MP4	81061	59.94018
NMP_20190805_OS-12_BRUV	0	0	0.00000	0	OS-12_L526_MAH00139.MP4	81121	59.94018
NMP_20190805_OS-12_BRUV	0	0	0.00000	0	OS-12_L526_MAH00140.MP4	8340	59.94018
NMP_20190805_OS-12_BRUV	1	0	0.00000	0	OS-12_R525_MAH00130.MP4	81120	59.94018
NMP_20190805_OS-12_BRUV	1	0	0.00000	0	OS-12_R525_MAH00131.MP4	81061	59.94018
NMP_20190805_OS-12_BRUV	1	0	0.00000	0	OS-12_R525_MAH00132.MP4	81121	59.94018
NMP_20190805_OS-12_BRUV	1	0	0.00000	0	OS-12_R525_MAH00133.MP4	8550	59.94018
NMP_20190805_OS-13_BRUV	0	0	0.00000	0	OS-13_L532_MAH00118.MP4	81120	59.94018
NMP_20190805_OS-13_BRUV	0	0	0.00000	0	OS-13_L532_MAH00119.MP4	81121	59.94018
NMP_20190805_OS-13_BRUV	0	0	0.00000	0	OS-13_L532_MAH00120.MP4	81061	59.94018
NMP_20190805_OS-13_BRUV	0	0	0.00000	0	OS-13_L532_MAH00121.MP4	17040	59.94018
NMP_20190805_OS-13_BRUV	1	0	0.00000	0	OS-13_R531_MAH00181.MP4	81120	59.94018
NMP_20190805_OS-13_BRUV	1	0	0.00000	0	OS-13_R531_MAH00182.MP4	81121	59.94018
NMP_20190805_OS-13_BRUV	1	0	0.00000	0	OS-13_R531_MAH00183.MP4	81061	59.94018
NMP_20190805_OS-13_BRUV	1	0	0.00000	0	OS-13_R531_MAH00184.MP4	17460	59.94018
NMP_20190805_OS-14_BRUV	0	0	0.00000	0	OS-14_L6_MAH00188.MP4	81120	59.94018
NMP_20190805_OS-14_BRUV	0	0	0.00000	0	OS-14_L6_MAH00189.MP4	81061	59.94018
NMP_20190805_OS-14_BRUV	0	0	0.00000	0	OS-14_L6_MAH00190.MP4	81061	59.94018
NMP_20190805_OS-14_BRUV	0	0	0.00000	0	OS-14_L6_MAH00191.MP4	23160	59.94018
NMP_20190805_OS-14_BRUV	1	0	0.00000	0	OS-14_R5_MAH00119.MP4	81120	59.94018
NMP_20190805_OS-14_BRUV	1	0	0.00000	0	OS-14_R5_MAH00120.MP4	81121	59.94018
NMP_20190805_OS-14_BRUV	1	0	0.00000	0	OS-14_R5_MAH00121.MP4	81061	59.94018
NMP_20190805_OS-14_BRUV	1	0	0.00000	0	OS-14_R5_MAH00122.MP4	22860	59.94018
NMP_20190805_OS-15_BRUV	0	0	0.00000	0	OS-15_L530_MAH00128.MP4	81120	59.94018
NMP_20190805_OS-15_BRUV	0	0	0.00000	0	OS-15_L530_MAH00129.MP4	81121	59.94018
NMP_20190805_OS-15_BRUV	0	0	0.00000	0	OS-15_L530_MAH00130.MP4	81061	59.94018
NMP_20190805_OS-15_BRUV	0	0	0.00000	0	OS-15_L530_MAH00131.MP4	31290	59.94018
NMP_20190805_OS-15_BRUV	1	0	0.00000	0	OS-15_R529_MAH00128.MP4	81120	59.94018
NMP_20190805_OS-15_BRUV	1	0	0.00000	0	OS-15_R529_MAH00129.MP4	81121	59.94018
NMP_20190805_OS-15_BRUV	1	0	0.00000	0	OS-15_R529_MAH00130.MP4	81061	59.94018
NMP_20190805_OS-15_BRUV	1	0	0.00000	0	OS-15_R529_MAH00131.MP4	31530	59.94018
NMP_20190805_OS-16_BRUV	0	0	0.00000	0	OS-16_L8_MAH00154.MP4	81120	59.94018
NMP_20190805_OS-16_BRUV	0	0	0.00000	0	OS-16_L8_MAH00155.MP4	81061	59.94018
NMP_20190805_OS-16_BRUV	0	0	0.00000	0	OS-16_L8_MAH00156.MP4	81061	59.94018
NMP_20190805_OS-16_BRUV	0	0	0.00000	0	OS-16_L8_MAH00157.MP4	32220	59.94018
NMP_20190805_OS-16_BRUV	1	0	0.00000	0	OS-16_R07_MAH00187.MP4	81120	59.94018
NMP_20190805_OS-16_BRUV	1	0	0.00000	0	OS-16_R07_MAH00188.MP4	81061	59.94018
NMP_20190805_OS-16_BRUV	1	0	0.00000	0	OS-16_R07_MAH00189.MP4	81061	59.94018
NMP_20190805_OS-16_BRUV	1	0	0.00000	0	OS-16_R07_MAH00190.MP4	31920	59.94018
NMP_20190805_OS-17_BRUV	0	0	0.00000	0	OS-17_L1B_MAH00196.MP4	81120	59.94018
NMP_20190805_OS-17_BRUV	0	0	0.00000	0	OS-17_L1B_MAH00197.MP4	81061	59.94018
NMP_20190805_OS-17_BRUV	0	0	0.00000	0	OS-17_L1B_MAH00198.MP4	81061	59.94018
NMP_20190805_OS-17_BRUV	0	0	0.00000	0	OS-17_L1B_MAH00199.MP4	39630	59.94018
NMP_20190805_OS-17_BRUV	1	0	0.00000	0	OS-17_R4B_MAH00128.MP4	81120	59.94018
NMP_20190805_OS-17_BRUV	1	0	0.00000	0	OS-17_R4B_MAH00129.MP4	81061	59.94018
NMP_20190805_OS-17_BRUV	1	0	0.00000	0	OS-17_R4B_MAH00130.MP4	81061	59.94018
NMP_20190805_OS-17_BRUV	1	0	0.00000	0	OS-17_R4B_MAH00131.MP4	39150	59.94018
NMP_20190805_OS-18_BRUV	0	0	0.00000	0	OS-18_L2_MAH00112.MP4	81120	59.94018
NMP_20190805_OS-18_BRUV	0	0	0.00000	0	OS-18_L2_MAH00113.MP4	81061	59.94018
NMP_20190805_OS-18_BRUV	0	0	0.00000	0	OS-18_L2_MAH00114.MP4	81121	59.94018
NMP_20190805_OS-18_BRUV	0	0	0.00000	0	OS-18_L2_MAH00115.MP4	42210	59.94018
NMP_20190805_OS-18_BRUV	1	0	0.00000	0	OS-18_R03_MAH00126.MP4	81120	59.94018
NMP_20190805_OS-18_BRUV	1	0	0.00000	0	OS-18_R03_MAH00127.MP4	81061	59.94018
NMP_20190805_OS-18_BRUV	1	0	0.00000	0	OS-18_R03_MAH00128.MP4	81121	59.94018
NMP_20190805_OS-18_BRUV	1	0	0.00000	0	OS-18_R03_MAH00129.MP4	41880	59.94018
NMP_20190805_OS-19_BRUV	0	0	0.00000	0	OS-19_L10_MAH00037.MP4	81120	59.94018
NMP_20190805_OS-19_BRUV	0	0	0.00000	0	OS-19_L10_MAH00038.MP4	81061	59.94018
NMP_20190805_OS-19_BRUV	0	0	0.00000	0	OS-19_L10_MAH00039.MP4	81061	59.94018
NMP_20190805_OS-19_BRUV	0	0	0.00000	0	OS-19_L10_MAH00040.MP4	43140	59.94018
NMP_20190805_OS-19_BRUV	1	0	0.00000	0	OS-19_R9_MAH00188.MP4	81120	59.94018
NMP_20190805_OS-19_BRUV	1	0	0.00000	0	OS-19_R9_MAH00189.MP4	81061	59.94018
NMP_20190805_OS-19_BRUV	1	0	0.00000	0	OS-19_R9_MAH00190.MP4	81061	59.94018
NMP_20190805_OS-19_BRUV	1	0	0.00000	0	OS-19_R9_MAH00191.MP4	42660	59.94018
NMP_20190805_OS-1_BRUV	0	0	0.00000	0	OS-1_L528_MAH00190.MP4	81120	59.94018
NMP_20190805_OS-1_BRUV	0	0	0.00000	0	OS-1_L528_MAH00191.MP4	81061	59.94018
NMP_20190805_OS-1_BRUV	0	0	0.00000	0	OS-1_L528_MAH00192.MP4	81121	59.94018
NMP_20190805_OS-1_BRUV	0	0	0.00000	0	OS-1_L528_MAH00193.MP4	24540	59.94018
NMP_20190805_OS-1_BRUV	0	0	0.00000	0	OS-8_L532_MAH00114.MP4	81120	59.94018
NMP_20190805_OS-1_BRUV	1	0	0.00000	0	OS-1_R527_MAH00128.MP4	81120	59.94018
NMP_20190805_OS-1_BRUV	1	0	0.00000	0	OS-1_R527_MAH00129.MP4	81061	59.94018
NMP_20190805_OS-1_BRUV	1	0	0.00000	0	OS-1_R527_MAH00130.MP4	81061	59.94018
NMP_20190805_OS-1_BRUV	1	0	0.00000	0	OS-1_R527_MAH00131.MP4	28050	59.94018
NMP_20190805_OS-20_BRUV	0	0	0.00000	0	OS-20_L528_MAH00194.MP4	81120	59.94018
NMP_20190805_OS-20_BRUV	0	0	0.00000	0	OS-20_L528_MAH00195.MP4	81061	59.94018
NMP_20190805_OS-20_BRUV	0	0	0.00000	0	OS-20_L528_MAH00196.MP4	81121	59.94018
NMP_20190805_OS-20_BRUV	0	0	0.00000	0	OS-20_L528_MAH00197.MP4	52860	59.94018
NMP_20190805_OS-20_BRUV	1	0	0.00000	0	OS-20_R527_MAH00132.MP4	81120	59.94018
NMP_20190805_OS-20_BRUV	1	0	0.00000	0	OS-20_R527_MAH00133.MP4	81121	59.94018
NMP_20190805_OS-20_BRUV	1	0	0.00000	0	OS-20_R527_MAH00134.MP4	81121	59.94018
NMP_20190805_OS-20_BRUV	1	0	0.00000	0	OS-20_R527_MAH00135.MP4	52560	59.94018
NMP_20190805_OS-2_BRUV	0	0	0.00000	0	OS-2_L10_MAH00033.MP4	81120	59.94018
NMP_20190805_OS-2_BRUV	0	0	0.00000	0	OS-2_L10_MAH00034.MP4	81061	59.94018
NMP_20190805_OS-2_BRUV	0	0	0.00000	0	OS-2_L10_MAH00035.MP4	81061	59.94018
NMP_20190805_OS-2_BRUV	0	0	0.00000	0	OS-2_L10_MAH00036.MP4	11640	59.94018
NMP_20190805_OS-2_BRUV	1	0	0.00000	0	OS-2_R9_MAH00184.MP4	81120	59.94018
NMP_20190805_OS-2_BRUV	1	0	0.00000	0	OS-2_R9_MAH00185.MP4	81061	59.94018
NMP_20190805_OS-2_BRUV	1	0	0.00000	0	OS-2_R9_MAH00186.MP4	81061	59.94018
NMP_20190805_OS-2_BRUV	1	0	0.00000	0	OS-2_R9_MAH00187.MP4	12630	59.94018
NMP_20190805_OS-3_BRUV	0	0	0.00000	0	OS-3_L2_MAH00108.MP4	81120	59.94018
NMP_20190805_OS-3_BRUV	0	0	0.00000	0	OS-3_L2_MAH00109.MP4	81061	59.94018
NMP_20190805_OS-3_BRUV	0	0	0.00000	0	OS-3_L2_MAH00110.MP4	81061	59.94018
NMP_20190805_OS-3_BRUV	0	0	0.00000	0	OS-3_L2_MAH00111.MP4	16380	59.94018
NMP_20190805_OS-3_BRUV	1	0	0.00000	0	OS-3_R03_MAH00122.MP4	81120	59.94018
NMP_20190805_OS-3_BRUV	1	0	0.00000	0	OS-3_R03_MAH00123.MP4	81061	59.94018
NMP_20190805_OS-3_BRUV	1	0	0.00000	0	OS-3_R03_MAH00124.MP4	81061	59.94018
NMP_20190805_OS-3_BRUV	1	0	0.00000	0	OS-3_R03_MAH00125.MP4	16260	59.94018
NMP_20190805_OS-4_BRUV	0	0	0.00000	0	OS-4_L1B_MAH00192.MP4	81120	59.94018
NMP_20190805_OS-4_BRUV	0	0	0.00000	0	OS-4_L1B_MAH00193.MP4	81061	59.94018
NMP_20190805_OS-4_BRUV	0	0	0.00000	0	OS-4_L1B_MAH00194.MP4	81061	59.94018
NMP_20190805_OS-4_BRUV	0	0	0.00000	0	OS-4_L1B_MAH00195.MP4	25140	59.94018
NMP_20190805_OS-4_BRUV	1	0	0.00000	0	OS-4_R4B_MAH00124.MP4	81120	59.94018
NMP_20190805_OS-4_BRUV	1	0	0.00000	0	OS-4_R4B_MAH00125.MP4	81061	59.94018
NMP_20190805_OS-4_BRUV	1	0	0.00000	0	OS-4_R4B_MAH00126.MP4	81061	59.94018
NMP_20190805_OS-4_BRUV	1	0	0.00000	0	OS-4_R4B_MAH00127.MP4	26340	59.94018
NMP_20190805_OS-5_BRUV	0	0	0.00000	0	OS-5_L8_MAH00150.MP4	81120	59.94018
NMP_20190805_OS-5_BRUV	0	0	0.00000	0	OS-5_L8_MAH00151.MP4	81061	59.94018
NMP_20190805_OS-5_BRUV	0	0	0.00000	0	OS-5_L8_MAH00152.MP4	81061	59.94018
NMP_20190805_OS-5_BRUV	0	0	0.00000	0	OS-5_L8_MAH00153.MP4	27780	59.94018
NMP_20190805_OS-5_BRUV	1	0	0.00000	0	OS-5_R07_MAH00183.MP4	81120	59.94018
NMP_20190805_OS-5_BRUV	1	0	0.00000	0	OS-5_R07_MAH00184.MP4	81121	59.94018
NMP_20190805_OS-5_BRUV	1	0	0.00000	0	OS-5_R07_MAH00185.MP4	81061	59.94018
NMP_20190805_OS-5_BRUV	1	0	0.00000	0	OS-5_R07_MAH00186.MP4	26940	59.94018
NMP_20190805_OS-6_BRUV	0	0	0.00000	0	OS-6_L530_MAH00124.MP4	81120	59.94018
NMP_20190805_OS-6_BRUV	0	0	0.00000	0	OS-6_L530_MAH00125.MP4	81061	59.94018
NMP_20190805_OS-6_BRUV	0	0	0.00000	0	OS-6_L530_MAH00126.MP4	81061	59.94018
NMP_20190805_OS-6_BRUV	0	0	0.00000	0	OS-6_L530_MAH00127.MP4	32850	59.94018
NMP_20190805_OS-6_BRUV	1	0	0.00000	0	OS-6_R529_MAH00124.MP4	81120	59.94018
NMP_20190805_OS-6_BRUV	1	0	0.00000	0	OS-6_R529_MAH00125.MP4	81061	59.94018
NMP_20190805_OS-6_BRUV	1	0	0.00000	0	OS-6_R529_MAH00126.MP4	81061	59.94018
NMP_20190805_OS-6_BRUV	1	0	0.00000	0	OS-6_R529_MAH00127.MP4	34920	59.94018
NMP_20190805_OS-7_BRUV	0	0	0.00000	0	OS-7_L6_MAH00184.MP4	81120	59.94018
NMP_20190805_OS-7_BRUV	0	0	0.00000	0	OS-7_L6_MAH00185.MP4	81061	59.94018
NMP_20190805_OS-7_BRUV	0	0	0.00000	0	OS-7_L6_MAH00186.MP4	81061	59.94018
NMP_20190805_OS-7_BRUV	0	0	0.00000	0	OS-7_L6_MAH00187.MP4	45870	59.94018
NMP_20190805_OS-7_BRUV	1	0	0.00000	0	OS-7_R5_MAH00115.MP4	81120	59.94018
NMP_20190805_OS-7_BRUV	1	0	0.00000	0	OS-7_R5_MAH00116.MP4	81061	59.94018
NMP_20190805_OS-7_BRUV	1	0	0.00000	0	OS-7_R5_MAH00117.MP4	81061	59.94018
NMP_20190805_OS-7_BRUV	1	0	0.00000	0	OS-7_R5_MAH00118.MP4	45660	59.94018
NMP_20190805_OS-8_BRUV	0	0	0.00000	0	OS-8_L532_MAH00114.MP4	81120	59.94018
NMP_20190805_OS-8_BRUV	0	0	0.00000	0	OS-8_L532_MAH00115.MP4	81121	59.94018
NMP_20190805_OS-8_BRUV	0	0	0.00000	0	OS-8_L532_MAH00116.MP4	81061	59.94018
NMP_20190805_OS-8_BRUV	0	0	0.00000	0	OS-8_L532_MAH00117.MP4	53670	59.94018
NMP_20190805_OS-8_BRUV	1	0	0.00000	0	OS-8_R531_MAH00177.MP4	81120	59.94018
NMP_20190805_OS-8_BRUV	1	0	0.00000	0	OS-8_R531_MAH00178.MP4	81121	59.94018
NMP_20190805_OS-8_BRUV	1	0	0.00000	0	OS-8_R531_MAH00179.MP4	81061	59.94018
NMP_20190805_OS-8_BRUV	1	0	0.00000	0	OS-8_R531_MAH00180.MP4	52290	59.94018
NMP_20190805_OS-9_BRUV	0	0	0.00000	0	OS9_L526_MAH00133.MP4	81122	59.94006
NMP_20190805_OS-9_BRUV	0	0	0.00000	0	OS9_L526_MAH00134.MP4	81060	59.94006
NMP_20190805_OS-9_BRUV	0	0	0.00000	0	OS9_L526_MAH00135.MP4	81061	59.94006
NMP_20190805_OS-9_BRUV	0	0	0.00000	0	OS9_L526_MAH00136.MP4	56760	59.94006
NMP_20190805_OS-9_BRUV	1	0	0.00000	0	OS9_R525_MAH00126.MP4	81122	59.94006
NMP_20190805_OS-9_BRUV	1	0	0.00000	0	OS9_R525_MAH00127.MP4	81060	59.94006
NMP_20190805_OS-9_BRUV	1	0	0.00000	0	OS9_R525_MAH00128.MP4	81061	59.94006
NMP_20190805_OS-9_BRUV	1	0	0.00000	0	OS9_R525_MAH00129.MP4	59970	59.94006
NMP_20190806_CS-10_BRUV	0	0	0.00000	0	CS-10_L530_MAH00148.MP4	81120	59.94018
NMP_20190806_CS-10_BRUV	0	0	0.00000	0	CS-10_L530_MAH00149.MP4	81061	59.94018
NMP_20190806_CS-10_BRUV	0	0	0.00000	0	CS-10_L530_MAH00150.MP4	81061	59.94018
NMP_20190806_CS-10_BRUV	0	0	0.00000	0	CS-10_L530_MAH00151.MP4	81061	59.94018
NMP_20190806_CS-10_BRUV	0	0	0.00000	0	CS-10_L530_MAH00152.MP4	58441	59.94018
NMP_20190806_CS-10_BRUV	1	0	0.00000	0	CS-10_R529_MAH00150.MP4	81120	59.94018
NMP_20190806_CS-10_BRUV	1	0	0.00000	0	CS-10_R529_MAH00151.MP4	81061	59.94018
NMP_20190806_CS-10_BRUV	1	0	0.00000	0	CS-10_R529_MAH00152.MP4	81061	59.94018
NMP_20190806_CS-10_BRUV	1	0	0.00000	0	CS-10_R529_MAH00153.MP4	81061	59.94018
NMP_20190806_CS-10_BRUV	1	0	0.00000	0	CS-10_R529_MAH00154.MP4	58801	59.94018
NMP_20190806_CS-11_BRUV	0	0	0.00000	0	CS-11_L1B_MAH00216.MP4	81120	59.94018
NMP_20190806_CS-11_BRUV	0	0	0.00000	0	CS-11_L1B_MAH00217.MP4	81061	59.94018
NMP_20190806_CS-11_BRUV	0	0	0.00000	0	CS-11_L1B_MAH00218.MP4	81061	59.94018
NMP_20190806_CS-11_BRUV	0	0	0.00000	0	CS-11_L1B_MAH00219.MP4	81061	59.94018
NMP_20190806_CS-11_BRUV	0	0	0.00000	0	CS-11_L1B_MAH00220.MP4	56941	59.94018
NMP_20190806_CS-11_BRUV	1	0	0.00000	0	CS-11_R4B_MAH00149.MP4	81120	59.94018
NMP_20190806_CS-11_BRUV	1	0	0.00000	0	CS-11_R4B_MAH00150.MP4	81061	59.94018
NMP_20190806_CS-11_BRUV	1	0	0.00000	0	CS-11_R4B_MAH00151.MP4	81061	59.94018
NMP_20190806_CS-11_BRUV	1	0	0.00000	0	CS-11_R4B_MAH00152.MP4	81061	59.94018
NMP_20190806_CS-11_BRUV	1	0	0.00000	0	CS-11_R4B_MAH00153.MP4	56221	59.94018
NMP_20190806_CS-12_BRUV	0	0	0.00000	0	CS-12_L2_MAH00133.MP4	81120	59.94018
NMP_20190806_CS-12_BRUV	0	0	0.00000	0	CS-12_L2_MAH00134.MP4	81061	59.94018
NMP_20190806_CS-12_BRUV	0	0	0.00000	0	CS-12_L2_MAH00135.MP4	81061	59.94018
NMP_20190806_CS-12_BRUV	0	0	0.00000	0	CS-12_L2_MAH00136.MP4	81061	59.94018
NMP_20190806_CS-12_BRUV	0	0	0.00000	0	CS-12_L2_MAH00137.MP4	53821	59.94018
NMP_20190806_CS-12_BRUV	1	0	0.00000	0	CS-12_R03_MAH00146.MP4	81120	59.94018
NMP_20190806_CS-12_BRUV	1	0	0.00000	0	CS-12_R03_MAH00147.MP4	81061	59.94018
NMP_20190806_CS-12_BRUV	1	0	0.00000	0	CS-12_R03_MAH00148.MP4	81061	59.94018
NMP_20190806_CS-12_BRUV	1	0	0.00000	0	CS-12_R03_MAH00149.MP4	81061	59.94018
NMP_20190806_CS-12_BRUV	1	0	0.00000	0	CS-12_R03_MAH00150.MP4	54001	59.94018
NMP_20190806_CS-13_BRUV	0	0	0.00000	0	CS-13_L8_MAH00175.MP4	81120	59.94018
NMP_20190806_CS-13_BRUV	0	0	0.00000	0	CS-13_L8_MAH00176.MP4	81061	59.94018
NMP_20190806_CS-13_BRUV	0	0	0.00000	0	CS-13_L8_MAH00177.MP4	81061	59.94018
NMP_20190806_CS-13_BRUV	0	0	0.00000	0	CS-13_L8_MAH00178.MP4	81061	59.94018
NMP_20190806_CS-13_BRUV	0	0	0.00000	0	CS-13_L8_MAH00179.MP4	77281	59.94018
NMP_20190806_CS-13_BRUV	1	0	0.00000	0	CS-13_R07_MAH00209.MP4	81120	59.94018
NMP_20190806_CS-13_BRUV	1	0	0.00000	0	CS-13_R07_MAH00210.MP4	81061	59.94018
NMP_20190806_CS-13_BRUV	1	0	0.00000	0	CS-13_R07_MAH00211.MP4	81061	59.94018
NMP_20190806_CS-13_BRUV	1	0	0.00000	0	CS-13_R07_MAH00212.MP4	81061	59.94018
NMP_20190806_CS-13_BRUV	1	0	0.00000	0	CS-13_R07_MAH00213.MP4	79951	59.94018
NMP_20190806_CS-14_BRUV	0	0	0.00000	0	CS-14_L10_MAH00058.MP4	81120	59.94018
NMP_20190806_CS-14_BRUV	0	0	0.00000	0	CS-14_L10_MAH00059.MP4	81061	59.94018
NMP_20190806_CS-14_BRUV	0	0	0.00000	0	CS-14_L10_MAH00060.MP4	81061	59.94018
NMP_20190806_CS-14_BRUV	0	0	0.00000	0	CS-14_L10_MAH00061.MP4	81061	59.94018
NMP_20190806_CS-14_BRUV	0	0	0.00000	0	CS-14_L10_MAH00062.MP4	77761	59.94018
NMP_20190806_CS-14_BRUV	1	0	0.00000	0	CS-14_R9_MAH00209.MP4	81120	59.94018
NMP_20190806_CS-14_BRUV	1	0	0.00000	0	CS-14_R9_MAH00210.MP4	81061	59.94018
NMP_20190806_CS-14_BRUV	1	0	0.00000	0	CS-14_R9_MAH00211.MP4	81061	59.94018
NMP_20190806_CS-14_BRUV	1	0	0.00000	0	CS-14_R9_MAH00212.MP4	81061	59.94018
NMP_20190806_CS-14_BRUV	1	0	0.00000	0	CS-14_R9_MAH00213.MP4	78871	59.94018
NMP_20190806_CS-15_BRUV	0	0	0.00000	0	CS-15_L528_MAH00216.MP4	81120	59.94018
NMP_20190806_CS-15_BRUV	0	0	0.00000	0	CS-15_L528_MAH00217.MP4	81121	59.94018
NMP_20190806_CS-15_BRUV	0	0	0.00000	0	CS-15_L528_MAH00218.MP4	81061	59.94018
NMP_20190806_CS-15_BRUV	0	0	0.00000	0	CS-15_L528_MAH00219.MP4	81060	59.94018
NMP_20190806_CS-15_BRUV	0	0	0.00000	0	CS-15_L528_MAH00220.MP4	81121	59.94018
NMP_20190806_CS-15_BRUV	0	0	0.00000	0	CS-15_L528_MAH00221.MP4	450	59.94018
NMP_20190806_CS-15_BRUV	0	0	0.00000	0	CS-15_R527_MAH00155.MP4	81121	59.94018
NMP_20190806_CS-15_BRUV	1	0	0.00000	0	CS-15_R527_MAH00154.MP4	81120	59.94018
NMP_20190806_CS-15_BRUV	1	0	0.00000	0	CS-15_R527_MAH00155.MP4	81121	59.94018
NMP_20190806_CS-15_BRUV	1	0	0.00000	0	CS-15_R527_MAH00156.MP4	81061	59.94018
NMP_20190806_CS-15_BRUV	1	0	0.00000	0	CS-15_R527_MAH00157.MP4	81060	59.94018
NMP_20190806_CS-15_BRUV	1	0	0.00000	0	CS-15_R527_MAH00158.MP4	80611	59.94018
NMP_20190806_CS-1_BRUV	0	0	0.00000	0	CS-1_L530_MAH00141.MP4	81120	59.94018
NMP_20190806_CS-1_BRUV	0	0	0.00000	0	CS-1_L530_MAH00142.MP4	81061	59.94018
NMP_20190806_CS-1_BRUV	0	0	0.00000	0	CS-1_L530_MAH00143.MP4	81061	59.94018
NMP_20190806_CS-1_BRUV	0	0	0.00000	0	CS-1_L530_MAH00144.MP4	81061	59.94018
NMP_20190806_CS-1_BRUV	0	0	0.00000	0	CS-1_L530_MAH00145.MP4	81061	59.94018
NMP_20190806_CS-1_BRUV	0	0	0.00000	0	CS-1_L530_MAH00146.MP4	81060	59.94018
NMP_20190806_CS-1_BRUV	0	0	0.00000	0	CS-1_L530_MAH00147.MP4	54361	59.94018
NMP_20190806_CS-1_BRUV	1	0	0.00000	0	CS-1_R529_MAH00143.MP4	81120	59.94018
NMP_20190806_CS-1_BRUV	1	0	0.00000	0	CS-1_R529_MAH00144.MP4	81061	59.94018
NMP_20190806_CS-1_BRUV	1	0	0.00000	0	CS-1_R529_MAH00145.MP4	81061	59.94018
NMP_20190806_CS-1_BRUV	1	0	0.00000	0	CS-1_R529_MAH00146.MP4	81061	59.94018
NMP_20190806_CS-1_BRUV	1	0	0.00000	0	CS-1_R529_MAH00147.MP4	81061	59.94018
NMP_20190806_CS-1_BRUV	1	0	0.00000	0	CS-1_R529_MAH00148.MP4	81060	59.94018
NMP_20190806_CS-1_BRUV	1	0	0.00000	0	CS-1_R529_MAH00149.MP4	56911	59.94018
NMP_20190806_CS-2_BRUV	0	0	0.00000	0	CS-2_L6_MAH00201.MP4	81120	59.94018
NMP_20190806_CS-2_BRUV	0	0	0.00000	0	CS-2_L6_MAH00202.MP4	81121	59.94018
NMP_20190806_CS-2_BRUV	0	0	0.00000	0	CS-2_L6_MAH00203.MP4	81061	59.94018
NMP_20190806_CS-2_BRUV	0	0	0.00000	0	CS-2_L6_MAH00204.MP4	81060	59.94018
NMP_20190806_CS-2_BRUV	0	0	0.00000	0	CS-2_L6_MAH00205.MP4	81061	59.94018
NMP_20190806_CS-2_BRUV	0	0	0.00000	0	CS-2_L6_MAH00206.MP4	81060	59.94018
NMP_20190806_CS-2_BRUV	0	0	0.00000	0	CS-2_L6_MAH00207.MP4	54781	59.94018
NMP_20190806_CS-2_BRUV	1	0	0.00000	0	CS-2_R5_MAH00133.MP4	81120	59.94018
NMP_20190806_CS-2_BRUV	1	0	0.00000	0	CS-2_R5_MAH00134.MP4	81061	59.94018
NMP_20190806_CS-2_BRUV	1	0	0.00000	0	CS-2_R5_MAH00135.MP4	81061	59.94018
NMP_20190806_CS-2_BRUV	1	0	0.00000	0	CS-2_R5_MAH00136.MP4	81061	59.94018
NMP_20190806_CS-2_BRUV	1	0	0.00000	0	CS-2_R5_MAH00137.MP4	81061	59.94018
NMP_20190806_CS-2_BRUV	1	0	0.00000	0	CS-2_R5_MAH00138.MP4	81060	59.94018
NMP_20190806_CS-2_BRUV	1	0	0.00000	0	CS-2_R5_MAH00139.MP4	55591	59.94018
NMP_20190806_CS-3_BRUV	0	0	0.00000	0	CS-3_L532_MAH00132.MP4	81120	59.94018
NMP_20190806_CS-3_BRUV	0	0	0.00000	0	CS-3_L532_MAH00133.MP4	81061	59.94018
NMP_20190806_CS-3_BRUV	0	0	0.00000	0	CS-3_L532_MAH00134.MP4	81061	59.94018
NMP_20190806_CS-3_BRUV	0	0	0.00000	0	CS-3_L532_MAH00135.MP4	81061	59.94018
NMP_20190806_CS-3_BRUV	0	0	0.00000	0	CS-3_L532_MAH00136.MP4	81061	59.94018
NMP_20190806_CS-3_BRUV	0	0	0.00000	0	CS-3_L532_MAH00137.MP4	81060	59.94018
NMP_20190806_CS-3_BRUV	0	0	0.00000	0	CS-3_L532_MAH00138.MP4	62251	59.94018
NMP_20190806_CS-3_BRUV	1	0	0.00000	0	CS-3_R531_MAH00195.MP4	81120	59.94018
NMP_20190806_CS-3_BRUV	1	0	0.00000	0	CS-3_R531_MAH00196.MP4	81061	59.94018
NMP_20190806_CS-3_BRUV	1	0	0.00000	0	CS-3_R531_MAH00197.MP4	81061	59.94018
NMP_20190806_CS-3_BRUV	1	0	0.00000	0	CS-3_R531_MAH00198.MP4	81061	59.94018
NMP_20190806_CS-3_BRUV	1	0	0.00000	0	CS-3_R531_MAH00199.MP4	81061	59.94018
NMP_20190806_CS-3_BRUV	1	0	0.00000	0	CS-3_R531_MAH00200.MP4	81060	59.94018
NMP_20190806_CS-3_BRUV	1	0	0.00000	0	CS-3_R531_MAH00201.MP4	63001	59.94018
NMP_20190806_CS-4_BRUV	0	0	0.00000	0	CS-4_L526_MAH00150.MP4	81120	59.94018
NMP_20190806_CS-4_BRUV	0	0	0.00000	0	CS-4_L526_MAH00151.MP4	81061	59.94018
NMP_20190806_CS-4_BRUV	0	0	0.00000	0	CS-4_L526_MAH00152.MP4	81061	59.94018
NMP_20190806_CS-4_BRUV	0	0	0.00000	0	CS-4_L526_MAH00153.MP4	81061	59.94018
NMP_20190806_CS-4_BRUV	0	0	0.00000	0	CS-4_L526_MAH00154.MP4	81061	59.94018
NMP_20190806_CS-4_BRUV	0	0	0.00000	0	CS-4_L526_MAH00155.MP4	81060	59.94018
NMP_20190806_CS-4_BRUV	0	0	0.00000	0	CS-4_L526_MAH00156.MP4	66751	59.94018
NMP_20190806_CS-5_BRUV	0	0	0.00000	0	CS-5_L524_MAH00219.MP4	81120	59.94018
NMP_20190806_CS-5_BRUV	0	0	0.00000	0	CS-5_L524_MAH00220.MP4	81061	59.94018
NMP_20190806_CS-5_BRUV	0	0	0.00000	0	CS-5_L524_MAH00221.MP4	81061	59.94018
NMP_20190806_CS-5_BRUV	0	0	0.00000	0	CS-5_L524_MAH00222.MP4	81061	59.94018
NMP_20190806_CS-5_BRUV	0	0	0.00000	0	CS-5_L524_MAH00223.MP4	81061	59.94018
NMP_20190806_CS-5_BRUV	0	0	0.00000	0	CS-5_L524_MAH00224.MP4	81060	59.94018
NMP_20190806_CS-5_BRUV	0	0	0.00000	0	CS-5_L524_MAH00225.MP4	70441	59.94018
NMP_20190806_CS-5_BRUV	1	0	0.00000	0	CS-5_R523_MAH00149.MP4	81120	59.94018
NMP_20190806_CS-5_BRUV	1	0	0.00000	0	CS-5_R523_MAH00150.MP4	81061	59.94018
NMP_20190806_CS-5_BRUV	1	0	0.00000	0	CS-5_R523_MAH00151.MP4	81061	59.94018
NMP_20190806_CS-5_BRUV	1	0	0.00000	0	CS-5_R523_MAH00152.MP4	81061	59.94018
NMP_20190806_CS-5_BRUV	1	0	0.00000	0	CS-5_R523_MAH00153.MP4	81061	59.94018
NMP_20190806_CS-5_BRUV	1	0	0.00000	0	CS-5_R523_MAH00154.MP4	81060	59.94018
NMP_20190806_CS-5_BRUV	1	0	0.00000	0	CS-5_R523_MAH00155.MP4	72331	59.94018
NMP_20190806_CS-5_BRUV	1	0	0.00000	0	CS-5_L524_MAH00219.MP4	81120	59.94018
NMP_20190806_CS-6_BRUV	0	0	0.00000	0	CS-6_L524_MAH00226.MP4	81120	59.94018
NMP_20190806_CS-6_BRUV	0	0	0.00000	0	CS-6_L524_MAH00227.MP4	81121	59.94018
NMP_20190806_CS-6_BRUV	0	0	0.00000	0	CS-6_L524_MAH00228.MP4	81061	59.94018
NMP_20190806_CS-6_BRUV	0	0	0.00000	0	CS-6_L524_MAH00229.MP4	81120	59.94018
NMP_20190806_CS-6_BRUV	0	0	0.00000	0	CS-6_L524_MAH00230.MP4	34081	59.94018
NMP_20190806_CS-6_BRUV	0	0	0.00000	0	CS-6_R523_MAH00156.MP4	81120	59.94018
NMP_20190806_CS-6_BRUV	1	0	0.00000	0	CS-6_R523_MAH00156.MP4	81120	59.94018
NMP_20190806_CS-6_BRUV	1	0	0.00000	0	CS-6_R523_MAH00157.MP4	81061	59.94018
NMP_20190806_CS-6_BRUV	1	0	0.00000	0	CS-6_R523_MAH00158.MP4	81061	59.94018
NMP_20190806_CS-6_BRUV	1	0	0.00000	0	CS-6_R523_MAH00159.MP4	81061	59.94018
NMP_20190806_CS-6_BRUV	1	0	0.00000	0	CS-6_R523_MAH00160.MP4	35401	59.94018
NMP_20190806_CS-7_BRUV	0	0	0.00000	0	CS-7_L526_MAH00157.MP4	81120	59.94018
NMP_20190806_CS-7_BRUV	0	0	0.00000	0	CS-7_L526_MAH00158.MP4	81061	59.94018
NMP_20190806_CS-7_BRUV	0	0	0.00000	0	CS-7_L526_MAH00159.MP4	81061	59.94018
NMP_20190806_CS-7_BRUV	0	0	0.00000	0	CS-7_L526_MAH00160.MP4	81061	59.94018
NMP_20190806_CS-7_BRUV	0	0	0.00000	0	CS-7_L526_MAH00161.MP4	50191	59.94018
NMP_20190806_CS-8_BRUV	0	0	0.00000	0	CS-8_L532_MAH00139.MP4	81120	59.94018
NMP_20190806_CS-8_BRUV	0	0	0.00000	0	CS-8_L532_MAH00140.MP4	81061	59.94018
NMP_20190806_CS-8_BRUV	0	0	0.00000	0	CS-8_L532_MAH00141.MP4	81061	59.94018
NMP_20190806_CS-8_BRUV	0	0	0.00000	0	CS-8_L532_MAH00142.MP4	81061	59.94018
NMP_20190806_CS-8_BRUV	0	0	0.00000	0	CS-8_L532_MAH00143.MP4	45841	59.94018
NMP_20190806_CS-8_BRUV	1	0	0.00000	0	CS-8_R531_MAH00202.MP4	81120	59.94018
NMP_20190806_CS-8_BRUV	1	0	0.00000	0	CS-8_R531_MAH00203.MP4	81061	59.94018
NMP_20190806_CS-8_BRUV	1	0	0.00000	0	CS-8_R531_MAH00204.MP4	81061	59.94018
NMP_20190806_CS-8_BRUV	1	0	0.00000	0	CS-8_R531_MAH00205.MP4	81061	59.94018
NMP_20190806_CS-8_BRUV	1	0	0.00000	0	CS-8_R531_MAH00206.MP4	45421	59.94018
NMP_20190806_CS-9_BRUV	0	0	0.00000	0	CS-9_L6_MAH00208.MP4	81120	59.94018
NMP_20190806_CS-9_BRUV	0	0	0.00000	0	CS-9_L6_MAH00209.MP4	81061	59.94018
NMP_20190806_CS-9_BRUV	0	0	0.00000	0	CS-9_L6_MAH00210.MP4	81061	59.94018
NMP_20190806_CS-9_BRUV	0	0	0.00000	0	CS-9_L6_MAH00211.MP4	81061	59.94018
NMP_20190806_CS-9_BRUV	0	0	0.00000	0	CS-9_L6_MAH00212.MP4	43531	59.94018
NMP_20190806_CS-9_BRUV	1	0	0.00000	0	CS-9_R5_MAH00140.MP4	81120	59.94018
NMP_20190806_CS-9_BRUV	1	0	0.00000	0	CS-9_R5_MAH00141.MP4	81061	59.94018
NMP_20190806_CS-9_BRUV	1	0	0.00000	0	CS-9_R5_MAH00142.MP4	81061	59.94018
NMP_20190806_CS-9_BRUV	1	0	0.00000	0	CS-9_R5_MAH00143.MP4	81061	59.94018
NMP_20190806_CS-9_BRUV	1	0	0.00000	0	CS-9_R5_MAH00144.MP4	43291	59.94018
NMP_20190806_OF-31_BRUV	0	0	0.00000	0	OF-31_L524_MAH00214.MP4	81120	59.94018
NMP_20190806_OF-31_BRUV	0	0	0.00000	0	OF-31_L524_MAH00215.MP4	81061	59.94018
NMP_20190806_OF-31_BRUV	0	0	0.00000	0	OF-31_L524_MAH00216.MP4	81061	59.94018
NMP_20190806_OF-31_BRUV	0	0	0.00000	0	OF-31_L524_MAH00217.MP4	81061	59.94018
NMP_20190806_OF-31_BRUV	0	0	0.00000	0	OF-31_L524_MAH00218.MP4	59701	59.94018
NMP_20190806_OF-31_BRUV	1	0	0.00000	0	OF-31_R523_MAH00144.MP4	81120	59.94018
NMP_20190806_OF-31_BRUV	1	0	0.00000	0	OF-31_R523_MAH00145.MP4	81061	59.94018
NMP_20190806_OF-31_BRUV	1	0	0.00000	0	OF-31_R523_MAH00146.MP4	81061	59.94018
NMP_20190806_OF-31_BRUV	1	0	0.00000	0	OF-31_R523_MAH00147.MP4	81061	59.94018
NMP_20190806_OF-31_BRUV	1	0	0.00000	0	OF-31_R523_MAH00148.MP4	61741	59.94018
NMP_20190806_OF-32_BRUV	0	0	0.00000	0	OF-32_L526_MAH00145.MP4	81120	59.94018
NMP_20190806_OF-32_BRUV	0	0	0.00000	0	OF-32_L526_MAH00146.MP4	81121	59.94018
NMP_20190806_OF-32_BRUV	0	0	0.00000	0	OF-32_L526_MAH00147.MP4	81061	59.94018
NMP_20190806_OF-32_BRUV	0	0	0.00000	0	OF-32_L526_MAH00148.MP4	81060	59.94018
NMP_20190806_OF-32_BRUV	0	0	0.00000	0	OF-32_L526_MAH00149.MP4	80491	59.94018
NMP_20190806_OF-33_BRUV	0	0	0.00000	0	OF-33_L532_MAH00126.MP4	81120	59.94018
NMP_20190806_OF-33_BRUV	0	0	0.00000	0	OF-33_L532_MAH00127.MP4	81061	59.94018
NMP_20190806_OF-33_BRUV	0	0	0.00000	0	OF-33_L532_MAH00128.MP4	81061	59.94018
NMP_20190806_OF-33_BRUV	0	0	0.00000	0	OF-33_L532_MAH00129.MP4	81121	59.94018
NMP_20190806_OF-33_BRUV	0	0	0.00000	0	OF-33_L532_MAH00130.MP4	81121	59.94018
NMP_20190806_OF-33_BRUV	0	0	0.00000	0	OF-33_L532_MAH00131.MP4	690	59.94018
NMP_20190806_OF-33_BRUV	1	0	0.00000	0	OF-33_R531_MAH00189.MP4	81120	59.94018
NMP_20190806_OF-33_BRUV	1	0	0.00000	0	OF-33_R531_MAH00190.MP4	81061	59.94018
NMP_20190806_OF-33_BRUV	1	0	0.00000	0	OF-33_R531_MAH00191.MP4	81121	59.94018
NMP_20190806_OF-33_BRUV	1	0	0.00000	0	OF-33_R531_MAH00192.MP4	81060	59.94018
NMP_20190806_OF-33_BRUV	1	0	0.00000	0	OF-33_R531_MAH00193.MP4	81061	59.94018
NMP_20190806_OF-33_BRUV	1	0	0.00000	0	OF-33_R531_MAH00194.MP4	2910	59.94018
NMP_20190806_OF-34_BRUV	0	0	0.00000	0	OF-34_L6_MAH00196.MP4	81120	59.94018
NMP_20190806_OF-34_BRUV	0	0	0.00000	0	OF-34_L6_MAH00197.MP4	81061	59.94018
NMP_20190806_OF-34_BRUV	0	0	0.00000	0	OF-34_L6_MAH00198.MP4	81121	59.94018
NMP_20190806_OF-34_BRUV	0	0	0.00000	0	OF-34_L6_MAH00199.MP4	81060	59.94018
NMP_20190806_OF-34_BRUV	0	0	0.00000	0	OF-34_L6_MAH00200.MP4	73921	59.94018
NMP_20190806_OF-34_BRUV	1	0	0.00000	0	OF-34_R5_MAH00127.MP4	81120	59.94018
NMP_20190806_OF-34_BRUV	1	0	0.00000	0	OF-34_R5_MAH00128.MP4	81061	59.94018
NMP_20190806_OF-34_BRUV	1	0	0.00000	0	OF-34_R5_MAH00129.MP4	81121	59.94018
NMP_20190806_OF-34_BRUV	1	0	0.00000	0	OF-34_R5_MAH00130.MP4	81060	59.94018
NMP_20190806_OF-34_BRUV	1	0	0.00000	0	OF-34_R5_MAH00131.MP4	81061	59.94018
NMP_20190806_OF-34_BRUV	1	0	0.00000	0	OF-34_R5_MAH00132.MP4	4110	59.94018
NMP_20190806_OF-35_BRUV	0	0	0.00000	0	OF-35_L530_MAH00136.MP4	81120	59.94018
NMP_20190806_OF-35_BRUV	0	0	0.00000	0	OF-35_L530_MAH00137.MP4	81061	59.94018
NMP_20190806_OF-35_BRUV	0	0	0.00000	0	OF-35_L530_MAH00138.MP4	81121	59.94018
NMP_20190806_OF-35_BRUV	0	0	0.00000	0	OF-35_L530_MAH00139.MP4	81060	59.94018
NMP_20190806_OF-35_BRUV	0	0	0.00000	0	OF-35_L530_MAH00140.MP4	79381	59.94018
NMP_20190806_OF-35_BRUV	1	0	0.00000	0	OF-35_R529_MAH00137.MP4	81120	59.94018
NMP_20190806_OF-35_BRUV	1	0	0.00000	0	OF-35_R529_MAH00138.MP4	81061	59.94018
NMP_20190806_OF-35_BRUV	1	0	0.00000	0	OF-35_R529_MAH00139.MP4	81121	59.94018
NMP_20190806_OF-35_BRUV	1	0	0.00000	0	OF-35_R529_MAH00140.MP4	81060	59.94018
NMP_20190806_OF-35_BRUV	1	0	0.00000	0	OF-35_R529_MAH00141.MP4	81061	59.94018
NMP_20190806_OF-35_BRUV	1	0	0.00000	0	OF-35_R529_MAH00142.MP4	17700	59.94018
NMP_20190806_OF-36_BRUV	0	0	0.00000	0	OF-36_L8_MAH00162.MP4	81120	59.94018
NMP_20190806_OF-36_BRUV	0	0	0.00000	0	OF-36_L8_MAH00163.MP4	81061	59.94018
NMP_20190806_OF-36_BRUV	0	0	0.00000	0	OF-36_L8_MAH00164.MP4	81061	59.94018
NMP_20190806_OF-36_BRUV	0	0	0.00000	0	OF-36_L8_MAH00165.MP4	81061	59.94018
NMP_20190806_OF-36_BRUV	0	0	0.00000	0	OF-36_L8_MAH00166.MP4	77281	59.94018
NMP_20190806_OF-36_BRUV	1	0	0.00000	0	OF-36_R07_MAH00195.MP4	81120	59.94018
NMP_20190806_OF-36_BRUV	1	0	0.00000	0	OF-36_R07_MAH00196.MP4	81061	59.94018
NMP_20190806_OF-36_BRUV	1	0	0.00000	0	OF-36_R07_MAH00197.MP4	81061	59.94018
NMP_20190806_OF-36_BRUV	1	0	0.00000	0	OF-36_R07_MAH00198.MP4	81061	59.94018
NMP_20190806_OF-36_BRUV	1	0	0.00000	0	OF-36_R07_MAH00199.MP4	81061	59.94018
NMP_20190806_OF-36_BRUV	1	0	0.00000	0	OF-36_R07_MAH00200.MP4	5790	59.94018
NMP_20190806_OF-37_BRUV	0	0	0.00000	0	OF-37_L1B_MAH00204.MP4	81120	59.94018
NMP_20190806_OF-37_BRUV	0	0	0.00000	0	OF-37_L1B_MAH00205.MP4	81061	59.94018
NMP_20190806_OF-37_BRUV	0	0	0.00000	0	OF-37_L1B_MAH00206.MP4	81061	59.94018
NMP_20190806_OF-37_BRUV	0	0	0.00000	0	OF-37_L1B_MAH00207.MP4	81061	59.94018
NMP_20190806_OF-37_BRUV	0	0	0.00000	0	OF-37_L1B_MAH00208.MP4	71821	59.94018
NMP_20190806_OF-37_BRUV	1	0	0.00000	0	OF-37_R4B_MAH00136.MP4	81120	59.94018
NMP_20190806_OF-37_BRUV	1	0	0.00000	0	OF-37_R4B_MAH00137.MP4	81061	59.94018
NMP_20190806_OF-37_BRUV	1	0	0.00000	0	OF-37_R4B_MAH00138.MP4	81061	59.94018
NMP_20190806_OF-37_BRUV	1	0	0.00000	0	OF-37_R4B_MAH00139.MP4	81061	59.94018
NMP_20190806_OF-37_BRUV	1	0	0.00000	0	OF-37_R4B_MAH00140.MP4	81061	59.94018
NMP_20190806_OF-37_BRUV	1	0	0.00000	0	OF-37_R4B_MAH00141.MP4	27540	59.94018
NMP_20190806_OF-38_BRUV	0	0	0.00000	0	OF-38_L2_MAH00120.MP4	81120	59.94018
NMP_20190806_OF-38_BRUV	0	0	0.00000	0	OF-38_L2_MAH00121.MP4	81061	59.94018
NMP_20190806_OF-38_BRUV	0	0	0.00000	0	OF-38_L2_MAH00122.MP4	81061	59.94018
NMP_20190806_OF-38_BRUV	0	0	0.00000	0	OF-38_L2_MAH00123.MP4	81061	59.94018
NMP_20190806_OF-38_BRUV	0	0	0.00000	0	OF-38_L2_MAH00124.MP4	81061	59.94018
NMP_20190806_OF-38_BRUV	0	0	0.00000	0	OF-38_L2_MAH00125.MP4	26580	59.94018
NMP_20190806_OF-38_BRUV	1	0	0.00000	0	OF-38_R03_MAH00133.MP4	81120	59.94018
NMP_20190806_OF-38_BRUV	1	0	0.00000	0	OF-38_R03_MAH00134.MP4	81061	59.94018
NMP_20190806_OF-38_BRUV	1	0	0.00000	0	OF-38_R03_MAH00135.MP4	81061	59.94018
NMP_20190806_OF-38_BRUV	1	0	0.00000	0	OF-38_R03_MAH00136.MP4	81061	59.94018
NMP_20190806_OF-38_BRUV	1	0	0.00000	0	OF-38_R03_MAH00137.MP4	81061	59.94018
NMP_20190806_OF-38_BRUV	1	0	0.00000	0	OF-38_R03_MAH00138.MP4	27930	59.94018
NMP_20190806_OF-39_BRUV	0	0	0.00000	0	OF-39_L10_MAH00044.MP4	81120	59.94018
NMP_20190806_OF-39_BRUV	0	0	0.00000	0	OF-39_L10_MAH00045.MP4	81061	59.94018
NMP_20190806_OF-39_BRUV	0	0	0.00000	0	OF-39_L10_MAH00046.MP4	81061	59.94018
NMP_20190806_OF-39_BRUV	0	0	0.00000	0	OF-39_L10_MAH00047.MP4	81061	59.94018
NMP_20190806_OF-39_BRUV	0	0	0.00000	0	OF-39_L10_MAH00048.MP4	81061	59.94018
NMP_20190806_OF-39_BRUV	0	0	0.00000	0	OF-39_L10_MAH00049.MP4	43710	59.94018
NMP_20190806_OF-39_BRUV	1	0	0.00000	0	OF-39_R9_MAH00195.MP4	81120	59.94018
NMP_20190806_OF-39_BRUV	1	0	0.00000	0	OF-39_R9_MAH00196.MP4	81061	59.94018
NMP_20190806_OF-39_BRUV	1	0	0.00000	0	OF-39_R9_MAH00197.MP4	81061	59.94018
NMP_20190806_OF-39_BRUV	1	0	0.00000	0	OF-39_R9_MAH00198.MP4	81061	59.94018
NMP_20190806_OF-39_BRUV	1	0	0.00000	0	OF-39_R9_MAH00199.MP4	81061	59.94018
NMP_20190806_OF-39_BRUV	1	0	0.00000	0	OF-39_R9_MAH00200.MP4	43470	59.94018
NMP_20190806_OF-40_BRUV	0	0	0.00000	0	OF-40_L528_MAH00202.MP4	81120	59.94018
NMP_20190806_OF-40_BRUV	0	0	0.00000	0	OF-40_L528_MAH00203.MP4	81061	59.94018
NMP_20190806_OF-40_BRUV	0	0	0.00000	0	OF-40_L528_MAH00204.MP4	81061	59.94018
NMP_20190806_OF-40_BRUV	0	0	0.00000	0	OF-40_L528_MAH00205.MP4	81061	59.94018
NMP_20190806_OF-40_BRUV	0	0	0.00000	0	OF-40_L528_MAH00206.MP4	81061	59.94018
NMP_20190806_OF-40_BRUV	0	0	0.00000	0	OF-40_L528_MAH00207.MP4	45450	59.94018
NMP_20190806_OF-40_BRUV	1	0	0.00000	0	OF-40_R527_MAH00140.MP4	81120	59.94018
NMP_20190806_OF-40_BRUV	1	0	0.00000	0	OF-40_R527_MAH00141.MP4	81061	59.94018
NMP_20190806_OF-40_BRUV	1	0	0.00000	0	OF-40_R527_MAH00142.MP4	81061	59.94018
NMP_20190806_OF-40_BRUV	1	0	0.00000	0	OF-40_R527_MAH00143.MP4	81061	59.94018
NMP_20190806_OF-40_BRUV	1	0	0.00000	0	OF-40_R527_MAH00144.MP4	81061	59.94018
NMP_20190806_OF-40_BRUV	1	0	0.00000	0	OF-40_R527_MAH00145.MP4	46230	59.94018
NMP_20190806_OF-41_BRUV	0	0	0.00000	0	OF-41_L528_MAH00208.MP4	81120	59.94018
NMP_20190806_OF-41_BRUV	0	0	0.00000	0	OF-41_L528_MAH00209.MP4	81061	59.94018
NMP_20190806_OF-41_BRUV	0	0	0.00000	0	OF-41_L528_MAH00210.MP4	81061	59.94018
NMP_20190806_OF-41_BRUV	0	0	0.00000	0	OF-41_L528_MAH00211.MP4	81121	59.94018
NMP_20190806_OF-41_BRUV	0	0	0.00000	0	OF-41_L528_MAH00212.MP4	81061	59.94018
NMP_20190806_OF-41_BRUV	0	0	0.00000	0	OF-41_L528_MAH00213.MP4	81060	59.94018
NMP_20190806_OF-41_BRUV	0	0	0.00000	0	OF-41_L528_MAH00214.MP4	81061	59.94018
NMP_20190806_OF-41_BRUV	0	0	0.00000	0	OF-41_L528_MAH00215.MP4	6870	59.94018
NMP_20190806_OF-41_BRUV	1	0	0.00000	0	OF-41_R527_MAH00146.MP4	81120	59.94018
NMP_20190806_OF-41_BRUV	1	0	0.00000	0	OF-41_R527_MAH00147.MP4	81061	59.94018
NMP_20190806_OF-41_BRUV	1	0	0.00000	0	OF-41_R527_MAH00148.MP4	81061	59.94018
NMP_20190806_OF-41_BRUV	1	0	0.00000	0	OF-41_R527_MAH00149.MP4	81061	59.94018
NMP_20190806_OF-41_BRUV	1	0	0.00000	0	OF-41_R527_MAH00150.MP4	81121	59.94018
NMP_20190806_OF-41_BRUV	1	0	0.00000	0	OF-41_R527_MAH00151.MP4	81060	59.94018
NMP_20190806_OF-41_BRUV	1	0	0.00000	0	OF-41_R527_MAH00152.MP4	81061	59.94018
NMP_20190806_OF-41_BRUV	1	0	0.00000	0	OF-41_R527_MAH00153.MP4	9300	59.94018
NMP_20190806_OF-42_BRUV	0	0	0.00000	0	OF-42_L10_MAH00050.MP4	81120	59.94018
NMP_20190806_OF-42_BRUV	0	0	0.00000	0	OF-42_L10_MAH00051.MP4	81061	59.94018
NMP_20190806_OF-42_BRUV	0	0	0.00000	0	OF-42_L10_MAH00052.MP4	81061	59.94018
NMP_20190806_OF-42_BRUV	0	0	0.00000	0	OF-42_L10_MAH00053.MP4	81061	59.94018
NMP_20190806_OF-42_BRUV	0	0	0.00000	0	OF-42_L10_MAH00054.MP4	81061	59.94018
NMP_20190806_OF-42_BRUV	0	0	0.00000	0	OF-42_L10_MAH00055.MP4	81060	59.94018
NMP_20190806_OF-42_BRUV	0	0	0.00000	0	OF-42_L10_MAH00056.MP4	81061	59.94018
NMP_20190806_OF-42_BRUV	0	0	0.00000	0	OF-42_L10_MAH00057.MP4	15660	59.94018
NMP_20190806_OF-42_BRUV	1	0	0.00000	0	OF-42_R9_MAH00201.MP4	81120	59.94018
NMP_20190806_OF-42_BRUV	1	0	0.00000	0	OF-42_R9_MAH00202.MP4	81061	59.94018
NMP_20190806_OF-42_BRUV	1	0	0.00000	0	OF-42_R9_MAH00203.MP4	81061	59.94018
NMP_20190806_OF-42_BRUV	1	0	0.00000	0	OF-42_R9_MAH00204.MP4	81061	59.94018
NMP_20190806_OF-42_BRUV	1	0	0.00000	0	OF-42_R9_MAH00205.MP4	81061	59.94018
NMP_20190806_OF-42_BRUV	1	0	0.00000	0	OF-42_R9_MAH00206.MP4	81060	59.94018
NMP_20190806_OF-42_BRUV	1	0	0.00000	0	OF-42_R9_MAH00207.MP4	81061	59.94018
NMP_20190806_OF-42_BRUV	1	0	0.00000	0	OF-42_R9_MAH00208.MP4	15510	59.94018
NMP_20190806_OF-43_BRUV	0	0	0.00000	0	OF-43_L8_MAH00167.MP4	6000	59.94018
NMP_20190806_OF-43_BRUV	0	0	0.00000	0	OF-43_L8_MAH00168.MP4	81120	59.94018
NMP_20190806_OF-43_BRUV	0	0	0.00000	0	OF-43_L8_MAH00169.MP4	81061	59.94018
NMP_20190806_OF-43_BRUV	0	0	0.00000	0	OF-43_L8_MAH00170.MP4	81061	59.94018
NMP_20190806_OF-43_BRUV	0	0	0.00000	0	OF-43_L8_MAH00171.MP4	81061	59.94018
NMP_20190806_OF-43_BRUV	0	0	0.00000	0	OF-43_L8_MAH00172.MP4	81061	59.94018
NMP_20190806_OF-43_BRUV	0	0	0.00000	0	OF-43_L8_MAH00173.MP4	81060	59.94018
NMP_20190806_OF-43_BRUV	0	0	0.00000	0	OF-43_L8_MAH00174.MP4	52531	59.94018
NMP_20190806_OF-43_BRUV	1	0	0.00000	0	OF-43_R07_MAH00201.MP4	6000	59.94018
NMP_20190806_OF-43_BRUV	1	0	0.00000	0	OF-43_R07_MAH00202.MP4	81120	59.94018
NMP_20190806_OF-43_BRUV	1	0	0.00000	0	OF-43_R07_MAH00203.MP4	81061	59.94018
NMP_20190806_OF-43_BRUV	1	0	0.00000	0	OF-43_R07_MAH00204.MP4	81061	59.94018
NMP_20190806_OF-43_BRUV	1	0	0.00000	0	OF-43_R07_MAH00205.MP4	81061	59.94018
NMP_20190806_OF-43_BRUV	1	0	0.00000	0	OF-43_R07_MAH00206.MP4	81061	59.94018
NMP_20190806_OF-43_BRUV	1	0	0.00000	0	OF-43_R07_MAH00207.MP4	81060	59.94018
NMP_20190806_OF-43_BRUV	1	0	0.00000	0	OF-43_R07_MAH00208.MP4	52141	59.94018
NMP_20190806_OF-44_BRUV	0	0	0.00000	0	OF-44_L2_MAH00126.MP4	81120	59.94018
NMP_20190806_OF-44_BRUV	0	0	0.00000	0	OF-44_L2_MAH00127.MP4	81061	59.94018
NMP_20190806_OF-44_BRUV	0	0	0.00000	0	OF-44_L2_MAH00128.MP4	81061	59.94018
NMP_20190806_OF-44_BRUV	0	0	0.00000	0	OF-44_L2_MAH00129.MP4	81061	59.94018
NMP_20190806_OF-44_BRUV	0	0	0.00000	0	OF-44_L2_MAH00130.MP4	81061	59.94018
NMP_20190806_OF-44_BRUV	0	0	0.00000	0	OF-44_L2_MAH00131.MP4	81060	59.94018
NMP_20190806_OF-44_BRUV	0	0	0.00000	0	OF-44_L2_MAH00132.MP4	54421	59.94018
NMP_20190806_OF-44_BRUV	1	0	0.00000	0	OF-44_R03_MAH00139.MP4	81120	59.94018
NMP_20190806_OF-44_BRUV	1	0	0.00000	0	OF-44_R03_MAH00140.MP4	81061	59.94018
NMP_20190806_OF-44_BRUV	1	0	0.00000	0	OF-44_R03_MAH00141.MP4	81061	59.94018
NMP_20190806_OF-44_BRUV	1	0	0.00000	0	OF-44_R03_MAH00142.MP4	81061	59.94018
NMP_20190806_OF-44_BRUV	1	0	0.00000	0	OF-44_R03_MAH00143.MP4	81061	59.94018
NMP_20190806_OF-44_BRUV	1	0	0.00000	0	OF-44_R03_MAH00144.MP4	81060	59.94018
NMP_20190806_OF-44_BRUV	1	0	0.00000	0	OF-44_R03_MAH00145.MP4	54391	59.94018
NMP_20190806_OF-45_BRUV	0	0	0.00000	0	OF-45_L1B_MAH00209.MP4	81120	59.94018
NMP_20190806_OF-45_BRUV	0	0	0.00000	0	OF-45_L1B_MAH00210.MP4	81061	59.94018
NMP_20190806_OF-45_BRUV	0	0	0.00000	0	OF-45_L1B_MAH00211.MP4	81061	59.94018
NMP_20190806_OF-45_BRUV	0	0	0.00000	0	OF-45_L1B_MAH00212.MP4	81061	59.94018
NMP_20190806_OF-45_BRUV	0	0	0.00000	0	OF-45_L1B_MAH00213.MP4	81061	59.94018
NMP_20190806_OF-45_BRUV	0	0	0.00000	0	OF-45_L1B_MAH00214.MP4	81060	59.94018
NMP_20190806_OF-45_BRUV	0	0	0.00000	0	OF-45_L1B_MAH00215.MP4	56101	59.94018
NMP_20190806_OF-45_BRUV	1	0	0.00000	0	OF-45_R4B_MAH00142.MP4	81120	59.94018
NMP_20190806_OF-45_BRUV	1	0	0.00000	0	OF-45_R4B_MAH00143.MP4	81061	59.94018
NMP_20190806_OF-45_BRUV	1	0	0.00000	0	OF-45_R4B_MAH00144.MP4	81061	59.94018
NMP_20190806_OF-45_BRUV	1	0	0.00000	0	OF-45_R4B_MAH00145.MP4	81061	59.94018
NMP_20190806_OF-45_BRUV	1	0	0.00000	0	OF-45_R4B_MAH00146.MP4	81061	59.94018
NMP_20190806_OF-45_BRUV	1	0	0.00000	0	OF-45_R4B_MAH00147.MP4	81060	59.94018
NMP_20190806_OF-45_BRUV	1	0	0.00000	0	OF-45_R4B_MAH00148.MP4	57211	59.94018
NMP_20190808_PF-10_BRUV	0	0	0.00000	0	PF-10_L524_MAH00231.MP4	81120	59.94018
NMP_20190808_PF-10_BRUV	0	0	0.00000	0	PF-10_L524_MAH00232.MP4	81121	59.94018
NMP_20190808_PF-10_BRUV	0	0	0.00000	0	PF-10_L524_MAH00233.MP4	81061	59.94018
NMP_20190808_PF-10_BRUV	0	0	0.00000	0	PF-10_L524_MAH00234.MP4	81060	59.94018
NMP_20190808_PF-10_BRUV	0	0	0.00000	0	PF-10_L524_MAH00235.MP4	81061	59.94018
NMP_20190808_PF-10_BRUV	0	0	0.00000	0	PF-10_L524_MAH00236.MP4	15330	59.94018
NMP_20190808_PF-10_BRUV	1	0	0.00000	0	PF-10_R523_MAH00161.MP4	81120	59.94018
NMP_20190808_PF-10_BRUV	1	0	0.00000	0	PF-10_R523_MAH00162.MP4	81121	59.94018
NMP_20190808_PF-10_BRUV	1	0	0.00000	0	PF-10_R523_MAH00163.MP4	81061	59.94018
NMP_20190808_PF-10_BRUV	1	0	0.00000	0	PF-10_R523_MAH00164.MP4	81060	59.94018
NMP_20190808_PF-10_BRUV	1	0	0.00000	0	PF-10_R523_MAH00165.MP4	81061	59.94018
NMP_20190808_PF-10_BRUV	1	0	0.00000	0	PF-10_R523_MAH00166.MP4	18510	59.94018
NMP_20190808_PF-11_BRUV	0	0	0.00000	0	PF-11_L524_MAH00237.MP4	81120	59.94018
NMP_20190808_PF-11_BRUV	0	0	0.00000	0	PF-11_L524_MAH00238.MP4	81061	59.94018
NMP_20190808_PF-11_BRUV	0	0	0.00000	0	PF-11_L524_MAH00239.MP4	81061	59.94018
NMP_20190808_PF-11_BRUV	0	0	0.00000	0	PF-11_L524_MAH00240.MP4	81061	59.94018
NMP_20190808_PF-11_BRUV	0	0	0.00000	0	PF-11_L524_MAH00241.MP4	45151	59.94018
NMP_20190808_PF-11_BRUV	1	0	0.00000	0	PF-11_R523_MAH00167.MP4	81120	59.94018
NMP_20190808_PF-11_BRUV	1	0	0.00000	0	PF-11_R523_MAH00168.MP4	81061	59.94018
NMP_20190808_PF-11_BRUV	1	0	0.00000	0	PF-11_R523_MAH00169.MP4	81061	59.94018
NMP_20190808_PF-11_BRUV	1	0	0.00000	0	PF-11_R523_MAH00170.MP4	81061	59.94018
NMP_20190808_PF-11_BRUV	1	0	0.00000	0	PF-11_R523_MAH00171.MP4	46201	59.94018
NMP_20190808_PF-12_BRUV	0	0	0.00000	0	PF-12_L526_MAH00168.MP4	81120	59.94018
NMP_20190808_PF-12_BRUV	0	0	0.00000	0	PF-12_L526_MAH00169.MP4	81061	59.94018
NMP_20190808_PF-12_BRUV	0	0	0.00000	0	PF-12_L526_MAH00170.MP4	81061	59.94018
NMP_20190808_PF-12_BRUV	0	0	0.00000	0	PF-12_L526_MAH00171.MP4	81061	59.94018
NMP_20190808_PF-12_BRUV	0	0	0.00000	0	PF-12_L526_MAH00172.MP4	25321	59.94018
NMP_20190808_PF-12_BRUV	1	0	0.00000	0	PF-12_R533_MAH00011.MP4	81120	59.94018
NMP_20190808_PF-12_BRUV	1	0	0.00000	0	PF-12_R533_MAH00012.MP4	81061	59.94018
NMP_20190808_PF-12_BRUV	1	0	0.00000	0	PF-12_R533_MAH00013.MP4	81061	59.94018
NMP_20190808_PF-12_BRUV	1	0	0.00000	0	PF-12_R533_MAH00014.MP4	81121	59.94018
NMP_20190808_PF-12_BRUV	1	0	0.00000	0	PF-12_R533_MAH00015.MP4	28411	59.94018
NMP_20190808_PF-13_BRUV	0	0	0.00000	0	PF-13_L532_MAH00149.MP4	81060	59.94018
NMP_20190808_PF-13_BRUV	0	0	0.00000	0	PF-13_L532_MAH00150.MP4	81061	59.94018
NMP_20190808_PF-13_BRUV	0	0	0.00000	0	PF-13_L532_MAH00151.MP4	81061	59.94018
NMP_20190808_PF-13_BRUV	0	0	0.00000	0	PF-13_L532_MAH00152.MP4	81061	59.94018
NMP_20190808_PF-13_BRUV	0	0	0.00000	0	PF-13_L532_MAH00153.MP4	31051	59.94018
NMP_20190808_PF-13_BRUV	1	0	0.00000	0	PF-13_R531_MAH00212.MP4	81120	59.94018
NMP_20190808_PF-13_BRUV	1	0	0.00000	0	PF-13_R531_MAH00213.MP4	81061	59.94018
NMP_20190808_PF-13_BRUV	1	0	0.00000	0	PF-13_R531_MAH00214.MP4	81061	59.94018
NMP_20190808_PF-13_BRUV	1	0	0.00000	0	PF-13_R531_MAH00215.MP4	81061	59.94018
NMP_20190808_PF-13_BRUV	1	0	0.00000	0	PF-13_R531_MAH00216.MP4	32881	59.94018
NMP_20190808_PF-14_BRUV	0	0	0.00000	0	PF-14_L6_MAH00219.MP4	81060	59.94018
NMP_20190808_PF-14_BRUV	0	0	0.00000	0	PF-14_L6_MAH00220.MP4	81061	59.94018
NMP_20190808_PF-14_BRUV	0	0	0.00000	0	PF-14_L6_MAH00221.MP4	81061	59.94018
NMP_20190808_PF-14_BRUV	0	0	0.00000	0	PF-14_L6_MAH00222.MP4	81061	59.94018
NMP_20190808_PF-14_BRUV	0	0	0.00000	0	PF-14_L6_MAH00223.MP4	24001	59.94018
NMP_20190808_PF-14_BRUV	1	0	0.00000	0	PF-14_R5_MAH00151.MP4	81060	59.94018
NMP_20190808_PF-14_BRUV	1	0	0.00000	0	PF-14_R5_MAH00152.MP4	81061	59.94018
NMP_20190808_PF-14_BRUV	1	0	0.00000	0	PF-14_R5_MAH00153.MP4	81061	59.94018
NMP_20190808_PF-14_BRUV	1	0	0.00000	0	PF-14_R5_MAH00154.MP4	81061	59.94018
NMP_20190808_PF-14_BRUV	1	0	0.00000	0	PF-14_R5_MAH00155.MP4	25051	59.94018
NMP_20190808_PF-15_BRUV	0	0	0.00000	0	PF-15_L530_MAH00158.MP4	81120	59.94018
NMP_20190808_PF-15_BRUV	0	0	0.00000	0	PF-15_L530_MAH00159.MP4	81061	59.94018
NMP_20190808_PF-15_BRUV	0	0	0.00000	0	PF-15_L530_MAH00160.MP4	81061	59.94018
NMP_20190808_PF-15_BRUV	0	0	0.00000	0	PF-15_L530_MAH00161.MP4	81061	59.94018
NMP_20190808_PF-15_BRUV	0	0	0.00000	0	PF-15_L530_MAH00162.MP4	25021	59.94018
NMP_20190808_PF-15_BRUV	1	0	0.00000	0	PF-15_R529_MAH00160.MP4	81120	59.94018
NMP_20190808_PF-15_BRUV	1	0	0.00000	0	PF-15_R529_MAH00161.MP4	81061	59.94018
NMP_20190808_PF-15_BRUV	1	0	0.00000	0	PF-15_R529_MAH00162.MP4	81061	59.94018
NMP_20190808_PF-15_BRUV	1	0	0.00000	0	PF-15_R529_MAH00163.MP4	81061	59.94018
NMP_20190808_PF-15_BRUV	1	0	0.00000	0	PF-15_R529_MAH00164.MP4	27451	59.94018
NMP_20190808_PF-16_BRUV	0	0	0.00000	0	PF-16_L1B_MAH00226.MP4	81120	59.94018
NMP_20190808_PF-16_BRUV	0	0	0.00000	0	PF-16_L1B_MAH00227.MP4	81061	59.94018
NMP_20190808_PF-16_BRUV	0	0	0.00000	0	PF-16_L1B_MAH00228.MP4	81061	59.94018
NMP_20190808_PF-16_BRUV	0	0	0.00000	0	PF-16_L1B_MAH00229.MP4	81061	59.94018
NMP_20190808_PF-16_BRUV	0	0	0.00000	0	PF-16_L1B_MAH00230.MP4	23311	59.94018
NMP_20190808_PF-16_BRUV	1	0	0.00000	0	PF-16_R4B_MAH00160.MP4	81120	59.94018
NMP_20190808_PF-16_BRUV	1	0	0.00000	0	PF-16_R4B_MAH00161.MP4	81061	59.94018
NMP_20190808_PF-16_BRUV	1	0	0.00000	0	PF-16_R4B_MAH00162.MP4	81061	59.94018
NMP_20190808_PF-16_BRUV	1	0	0.00000	0	PF-16_R4B_MAH00163.MP4	81061	59.94018
NMP_20190808_PF-16_BRUV	1	0	0.00000	0	PF-16_R4B_MAH00164.MP4	24571	59.94018
NMP_20190808_PF-17_BRUV	0	0	0.00000	0	PF-17_L2_MAH00143.MP4	81120	59.94018
NMP_20190808_PF-17_BRUV	0	0	0.00000	0	PF-17_L2_MAH00144.MP4	81061	59.94018
NMP_20190808_PF-17_BRUV	0	0	0.00000	0	PF-17_L2_MAH00145.MP4	81061	59.94018
NMP_20190808_PF-17_BRUV	0	0	0.00000	0	PF-17_L2_MAH00146.MP4	81061	59.94018
NMP_20190808_PF-17_BRUV	0	0	0.00000	0	PF-17_L2_MAH00147.MP4	21061	59.94018
NMP_20190808_PF-17_BRUV	1	0	0.00000	0	PF-17_R03_MAH00162.MP4	81120	59.94018
NMP_20190808_PF-17_BRUV	1	0	0.00000	0	PF-17_R03_MAH00163.MP4	81061	59.94018
NMP_20190808_PF-17_BRUV	1	0	0.00000	0	PF-17_R03_MAH00164.MP4	81061	59.94018
NMP_20190808_PF-17_BRUV	1	0	0.00000	0	PF-17_R03_MAH00165.MP4	81061	59.94018
NMP_20190808_PF-17_BRUV	1	0	0.00000	0	PF-17_R03_MAH00166.MP4	22141	59.94018
NMP_20190808_PF-18_BRUV	0	0	0.00000	0	PF-18_L8_MAH00185.MP4	81120	59.94018
NMP_20190808_PF-18_BRUV	0	0	0.00000	0	PF-18_L8_MAH00186.MP4	81061	59.94018
NMP_20190808_PF-18_BRUV	0	0	0.00000	0	PF-18_L8_MAH00187.MP4	81061	59.94018
NMP_20190808_PF-18_BRUV	0	0	0.00000	0	PF-18_L8_MAH00188.MP4	81061	59.94018
NMP_20190808_PF-18_BRUV	0	0	0.00000	0	PF-18_L8_MAH00189.MP4	28621	59.94018
NMP_20190808_PF-18_BRUV	1	0	0.00000	0	PF-18_R07_MAH00219.MP4	81120	59.94018
NMP_20190808_PF-18_BRUV	1	0	0.00000	0	PF-18_R07_MAH00220.MP4	81061	59.94018
NMP_20190808_PF-18_BRUV	1	0	0.00000	0	PF-18_R07_MAH00221.MP4	81061	59.94018
NMP_20190808_PF-18_BRUV	1	0	0.00000	0	PF-18_R07_MAH00222.MP4	81061	59.94018
NMP_20190808_PF-18_BRUV	1	0	0.00000	0	PF-18_R07_MAH00223.MP4	29941	59.94018
NMP_20190808_PF-19_BRUV	0	0	0.00000	0	PF-19_L10_MAH00068.MP4	81120	59.94018
NMP_20190808_PF-19_BRUV	0	0	0.00000	0	PF-19_L10_MAH00069.MP4	81061	59.94018
NMP_20190808_PF-19_BRUV	0	0	0.00000	0	PF-19_L10_MAH00070.MP4	81061	59.94018
NMP_20190808_PF-19_BRUV	0	0	0.00000	0	PF-19_L10_MAH00071.MP4	81061	59.94018
NMP_20190808_PF-19_BRUV	0	0	0.00000	0	PF-19_L10_MAH00072.MP4	39961	59.94018
NMP_20190808_PF-19_BRUV	1	0	0.00000	0	PF-19_R9_MAH00219.MP4	81120	59.94018
NMP_20190808_PF-19_BRUV	1	0	0.00000	0	PF-19_R9_MAH00220.MP4	81061	59.94018
NMP_20190808_PF-19_BRUV	1	0	0.00000	0	PF-19_R9_MAH00221.MP4	81061	59.94018
NMP_20190808_PF-19_BRUV	1	0	0.00000	0	PF-19_R9_MAH00222.MP4	81061	59.94018
NMP_20190808_PF-19_BRUV	1	0	0.00000	0	PF-19_R9_MAH00223.MP4	40081	59.94018
NMP_20190808_PF-1_BRUV	0	0	0.00000	0	PF-1_L528_MAH00222.MP4	81120	59.94018
NMP_20190808_PF-1_BRUV	0	0	0.00000	0	PF-1_L528_MAH00223.MP4	81061	59.94018
NMP_20190808_PF-1_BRUV	0	0	0.00000	0	PF-1_L528_MAH00224.MP4	81061	59.94018
NMP_20190808_PF-1_BRUV	0	0	0.00000	0	PF-1_L528_MAH00225.MP4	81061	59.94018
NMP_20190808_PF-1_BRUV	0	0	0.00000	0	PF-1_L528_MAH00226.MP4	49351	59.94018
NMP_20190808_PF-1_BRUV	1	0	0.00000	0	PF-1_R527_MAH00159.MP4	81120	59.94018
NMP_20190808_PF-1_BRUV	1	0	0.00000	0	PF-1_R527_MAH00160.MP4	81061	59.94018
NMP_20190808_PF-1_BRUV	1	0	0.00000	0	PF-1_R527_MAH00161.MP4	81061	59.94018
NMP_20190808_PF-1_BRUV	1	0	0.00000	0	PF-1_R527_MAH00162.MP4	81061	59.94018
NMP_20190808_PF-1_BRUV	1	0	0.00000	0	PF-1_R527_MAH00163.MP4	50761	59.94018
NMP_20190808_PF-20_BRUV	0	0	0.00000	0	PF-20_L528_MAH00227.MP4	81120	59.94018
NMP_20190808_PF-20_BRUV	0	0	0.00000	0	PF-20_L528_MAH00228.MP4	81061	59.94018
NMP_20190808_PF-20_BRUV	0	0	0.00000	0	PF-20_L528_MAH00229.MP4	81061	59.94018
NMP_20190808_PF-20_BRUV	0	0	0.00000	0	PF-20_L528_MAH00230.MP4	81061	59.94018
NMP_20190808_PF-20_BRUV	0	0	0.00000	0	PF-20_L528_MAH00231.MP4	31531	59.94018
NMP_20190808_PF-20_BRUV	1	0	0.00000	0	PF-20_R527_MAH00164.MP4	81120	59.94018
NMP_20190808_PF-20_BRUV	1	0	0.00000	0	PF-20_R527_MAH00165.MP4	81061	59.94018
NMP_20190808_PF-20_BRUV	1	0	0.00000	0	PF-20_R527_MAH00166.MP4	81061	59.94018
NMP_20190808_PF-20_BRUV	1	0	0.00000	0	PF-20_R527_MAH00167.MP4	81061	59.94018
NMP_20190808_PF-20_BRUV	1	0	0.00000	0	PF-20_R527_MAH00168.MP4	32431	59.94018
NMP_20190808_PF-2_BRUV	0	0	0.00000	0	PF-2_L10_MAH00063.MP4	81120	59.94018
NMP_20190808_PF-2_BRUV	0	0	0.00000	0	PF-2_L10_MAH00064.MP4	81121	59.94018
NMP_20190808_PF-2_BRUV	0	0	0.00000	0	PF-2_L10_MAH00065.MP4	81061	59.94018
NMP_20190808_PF-2_BRUV	0	0	0.00000	0	PF-2_L10_MAH00066.MP4	81060	59.94018
NMP_20190808_PF-2_BRUV	0	0	0.00000	0	PF-2_L10_MAH00067.MP4	59701	59.94018
NMP_20190808_PF-2_BRUV	1	0	0.00000	0	PF-2_R9_MAH00214.MP4	81120	59.94018
NMP_20190808_PF-2_BRUV	1	0	0.00000	0	PF-2_R9_MAH00215.MP4	81061	59.94018
NMP_20190808_PF-2_BRUV	1	0	0.00000	0	PF-2_R9_MAH00216.MP4	81061	59.94018
NMP_20190808_PF-2_BRUV	1	0	0.00000	0	PF-2_R9_MAH00217.MP4	81061	59.94018
NMP_20190808_PF-2_BRUV	1	0	0.00000	0	PF-2_R9_MAH00218.MP4	60871	59.94018
NMP_20190808_PF-3_BRUV	0	0	0.00000	0	PF-3_L8_MAH00180.MP4	81122	59.94006
NMP_20190808_PF-3_BRUV	0	0	0.00000	0	PF-3_L8_MAH00181.MP4	81060	59.94006
NMP_20190808_PF-3_BRUV	0	0	0.00000	0	PF-3_L8_MAH00182.MP4	81061	59.94006
NMP_20190808_PF-3_BRUV	0	0	0.00000	0	PF-3_L8_MAH00183.MP4	81060	59.94006
NMP_20190808_PF-3_BRUV	0	0	0.00000	0	PF-3_L8_MAH00184.MP4	37411	59.94006
NMP_20190808_PF-3_BRUV	1	0	0.00000	0	PF-3_R07_MAH00214.MP4	81122	59.94006
NMP_20190808_PF-3_BRUV	1	0	0.00000	0	PF-3_R07_MAH00215.MP4	81060	59.94006
NMP_20190808_PF-3_BRUV	1	0	0.00000	0	PF-3_R07_MAH00216.MP4	81061	59.94006
NMP_20190808_PF-3_BRUV	1	0	0.00000	0	PF-3_R07_MAH00217.MP4	81060	59.94006
NMP_20190808_PF-3_BRUV	1	0	0.00000	0	PF-3_R07_MAH00218.MP4	45901	59.94006
NMP_20190808_PF-4_BRUV	0	0	0.00000	0	PF-4_L2_MAH00138.MP4	81120	59.94018
NMP_20190808_PF-4_BRUV	0	0	0.00000	0	PF-4_L2_MAH00139.MP4	81061	59.94018
NMP_20190808_PF-4_BRUV	0	0	0.00000	0	PF-4_L2_MAH00140.MP4	81061	59.94018
NMP_20190808_PF-4_BRUV	0	0	0.00000	0	PF-4_L2_MAH00141.MP4	81061	59.94018
NMP_20190808_PF-4_BRUV	0	0	0.00000	0	PF-4_L2_MAH00142.MP4	62491	59.94018
NMP_20190808_PF-4_BRUV	1	0	0.00000	0	PF-4_R03_MAH00157.MP4	81120	59.94018
NMP_20190808_PF-4_BRUV	1	0	0.00000	0	PF-4_R03_MAH00158.MP4	81061	59.94018
NMP_20190808_PF-4_BRUV	1	0	0.00000	0	PF-4_R03_MAH00159.MP4	81061	59.94018
NMP_20190808_PF-4_BRUV	1	0	0.00000	0	PF-4_R03_MAH00160.MP4	81061	59.94018
NMP_20190808_PF-4_BRUV	1	0	0.00000	0	PF-4_R03_MAH00161.MP4	48991	59.94018
NMP_20190808_PF-5_BRUV	0	0	0.00000	0	PF-5_L1B_MAH00221.MP4	81120	59.94018
NMP_20190808_PF-5_BRUV	0	0	0.00000	0	PF-5_L1B_MAH00222.MP4	81061	59.94018
NMP_20190808_PF-5_BRUV	0	0	0.00000	0	PF-5_L1B_MAH00223.MP4	81061	59.94018
NMP_20190808_PF-5_BRUV	0	0	0.00000	0	PF-5_L1B_MAH00224.MP4	81061	59.94018
NMP_20190808_PF-5_BRUV	0	0	0.00000	0	PF-5_L1B_MAH00225.MP4	68881	59.94018
NMP_20190808_PF-5_BRUV	1	0	0.00000	0	PF-5_R4B_MAH00154.MP4	81120	59.94018
NMP_20190808_PF-5_BRUV	1	0	0.00000	0	PF-5_R4B_MAH00155.MP4	81061	59.94018
NMP_20190808_PF-5_BRUV	1	0	0.00000	0	PF-5_R4B_MAH00156.MP4	81061	59.94018
NMP_20190808_PF-5_BRUV	1	0	0.00000	0	PF-5_R4B_MAH00157.MP4	81061	59.94018
NMP_20190808_PF-5_BRUV	1	0	0.00000	0	PF-5_R4B_MAH00158.MP4	70201	59.94018
NMP_20190808_PF-5_BRUV	1	0	0.00000	0	PF-5_R4B_MAH00159.MP4	60	59.94018
NMP_20190808_PF-6_BRUV	0	0	0.00000	0	PF-6_L530_MAH00153.MP4	81120	59.94018
NMP_20190808_PF-6_BRUV	0	0	0.00000	0	PF-6_L530_MAH00154.MP4	81061	59.94018
NMP_20190808_PF-6_BRUV	0	0	0.00000	0	PF-6_L530_MAH00155.MP4	81061	59.94018
NMP_20190808_PF-6_BRUV	0	0	0.00000	0	PF-6_L530_MAH00156.MP4	81061	59.94018
NMP_20190808_PF-6_BRUV	0	0	0.00000	0	PF-6_L530_MAH00157.MP4	75331	59.94018
NMP_20190808_PF-6_BRUV	1	0	0.00000	0	PF-6_R529_MAH00155.MP4	81120	59.94018
NMP_20190808_PF-6_BRUV	1	0	0.00000	0	PF-6_R529_MAH00156.MP4	81061	59.94018
NMP_20190808_PF-6_BRUV	1	0	0.00000	0	PF-6_R529_MAH00157.MP4	81061	59.94018
NMP_20190808_PF-6_BRUV	1	0	0.00000	0	PF-6_R529_MAH00158.MP4	81061	59.94018
NMP_20190808_PF-6_BRUV	1	0	0.00000	0	PF-6_R529_MAH00159.MP4	76681	59.94018
NMP_20190808_PF-7_BRUV	0	0	0.00000	0	PF-7_L6_MAH00213.MP4	81120	59.94018
NMP_20190808_PF-7_BRUV	0	0	0.00000	0	PF-7_L6_MAH00214.MP4	81061	59.94018
NMP_20190808_PF-7_BRUV	0	0	0.00000	0	PF-7_L6_MAH00215.MP4	81121	59.94018
NMP_20190808_PF-7_BRUV	0	0	0.00000	0	PF-7_L6_MAH00216.MP4	81060	59.94018
NMP_20190808_PF-7_BRUV	0	0	0.00000	0	PF-7_L6_MAH00217.MP4	81061	59.94018
NMP_20190808_PF-7_BRUV	0	0	0.00000	0	PF-7_L6_MAH00218.MP4	1890	59.94018
NMP_20190808_PF-7_BRUV	1	0	0.00000	0	PF-7_R5_MAH00145.MP4	81120	59.94018
NMP_20190808_PF-7_BRUV	1	0	0.00000	0	PF-7_R5_MAH00146.MP4	81061	59.94018
NMP_20190808_PF-7_BRUV	1	0	0.00000	0	PF-7_R5_MAH00147.MP4	81061	59.94018
NMP_20190808_PF-7_BRUV	1	0	0.00000	0	PF-7_R5_MAH00148.MP4	81061	59.94018
NMP_20190808_PF-7_BRUV	1	0	0.00000	0	PF-7_R5_MAH00149.MP4	81061	59.94018
NMP_20190808_PF-7_BRUV	1	0	0.00000	0	PF-7_R5_MAH00150.MP4	2910	59.94018
NMP_20190808_PF-8_BRUV	0	0	0.00000	0	PF-8_L532_MAH00144.MP4	81120	59.94018
NMP_20190808_PF-8_BRUV	0	0	0.00000	0	PF-8_L532_MAH00145.MP4	81061	59.94018
NMP_20190808_PF-8_BRUV	0	0	0.00000	0	PF-8_L532_MAH00146.MP4	81061	59.94018
NMP_20190808_PF-8_BRUV	0	0	0.00000	0	PF-8_L532_MAH00147.MP4	81061	59.94018
NMP_20190808_PF-8_BRUV	0	0	0.00000	0	PF-8_L532_MAH00148.MP4	77551	59.94018
NMP_20190808_PF-8_BRUV	1	0	0.00000	0	PF-8_R531_MAH00207.MP4	81120	59.94018
NMP_20190808_PF-8_BRUV	1	0	0.00000	0	PF-8_R531_MAH00208.MP4	81061	59.94018
NMP_20190808_PF-8_BRUV	1	0	0.00000	0	PF-8_R531_MAH00209.MP4	81061	59.94018
NMP_20190808_PF-8_BRUV	1	0	0.00000	0	PF-8_R531_MAH00210.MP4	81061	59.94018
NMP_20190808_PF-8_BRUV	1	0	0.00000	0	PF-8_R531_MAH00211.MP4	78361	59.94018
NMP_20190808_PF-9_BRUV	0	0	0.00000	0	PF-9_L526_MAH00162.MP4	81120	59.94018
NMP_20190808_PF-9_BRUV	0	0	0.00000	0	PF-9_L526_MAH00163.MP4	81061	59.94018
NMP_20190808_PF-9_BRUV	0	0	0.00000	0	PF-9_L526_MAH00164.MP4	81061	59.94018
NMP_20190808_PF-9_BRUV	0	0	0.00000	0	PF-9_L526_MAH00165.MP4	81061	59.94018
NMP_20190808_PF-9_BRUV	0	0	0.00000	0	PF-9_L526_MAH00166.MP4	81061	59.94018
NMP_20190808_PF-9_BRUV	0	0	0.00000	0	PF-9_L526_MAH00167.MP4	8940	59.94018
NMP_20190808_PF-9_BRUV	1	0	0.00000	0	PF-9_R533_MAH00005.MP4	81120	59.94018
NMP_20190808_PF-9_BRUV	1	0	0.00000	0	PF-9_R533_MAH00006.MP4	81061	59.94018
NMP_20190808_PF-9_BRUV	1	0	0.00000	0	PF-9_R533_MAH00007.MP4	81121	59.94018
NMP_20190808_PF-9_BRUV	1	0	0.00000	0	PF-9_R533_MAH00008.MP4	81060	59.94018
NMP_20190808_PF-9_BRUV	1	0	0.00000	0	PF-9_R533_MAH00009.MP4	81061	59.94018
NMP_20190808_PF-9_BRUV	1	0	0.00000	0	PF-9_R533_MAH00010.MP4	10140	59.94018
NMP_20190809_PF-41_BRUV	0	0	0.00000	0	PF-41_L10_MAH00082.MP4	81120	59.94018
NMP_20190809_PF-41_BRUV	0	0	0.00000	0	PF-41_L10_MAH00083.MP4	81061	59.94018
NMP_20190809_PF-41_BRUV	0	0	0.00000	0	PF-41_L10_MAH00084.MP4	81061	59.94018
NMP_20190809_PF-41_BRUV	0	0	0.00000	0	PF-41_L10_MAH00085.MP4	81061	59.94018
NMP_20190809_PF-41_BRUV	0	0	0.00000	0	PF-41_L10_MAH00086.MP4	45631	59.94018
NMP_20190809_PF-41_BRUV	1	0	0.00000	0	PF-41_R9_MAH00233.MP4	81120	59.94018
NMP_20190809_PF-41_BRUV	1	0	0.00000	0	PF-41_R9_MAH00234.MP4	81061	59.94018
NMP_20190809_PF-41_BRUV	1	0	0.00000	0	PF-41_R9_MAH00235.MP4	81061	59.94018
NMP_20190809_PF-41_BRUV	1	0	0.00000	0	PF-41_R9_MAH00236.MP4	81061	59.94018
NMP_20190809_PF-41_BRUV	1	0	0.00000	0	PF-41_R9_MAH00237.MP4	46591	59.94018
NMP_20190809_PF-42_BRUV	0	0	0.00000	0	PF-42_L8_MAH00199.MP4	81120	59.94018
NMP_20190809_PF-42_BRUV	0	0	0.00000	0	PF-42_L8_MAH00200.MP4	81061	59.94018
NMP_20190809_PF-42_BRUV	0	0	0.00000	0	PF-42_L8_MAH00201.MP4	81061	59.94018
NMP_20190809_PF-42_BRUV	0	0	0.00000	0	PF-42_L8_MAH00202.MP4	81061	59.94018
NMP_20190809_PF-42_BRUV	0	0	0.00000	0	PF-42_L8_MAH00203.MP4	58861	59.94018
NMP_20190809_PF-42_BRUV	1	0	0.00000	0	PF-42_R07_MAH00233.MP4	81120	59.94018
NMP_20190809_PF-42_BRUV	1	0	0.00000	0	PF-42_R07_MAH00234.MP4	81061	59.94018
NMP_20190809_PF-42_BRUV	1	0	0.00000	0	PF-42_R07_MAH00235.MP4	81061	59.94018
NMP_20190809_PF-42_BRUV	1	0	0.00000	0	PF-42_R07_MAH00236.MP4	81061	59.94018
NMP_20190809_PF-42_BRUV	1	0	0.00000	0	PF-42_R07_MAH00237.MP4	58681	59.94018
NMP_20190809_PF-43_BRUV	0	0	0.00000	0	PF-43_L528_MAH00241.MP4	81120	59.94018
NMP_20190809_PF-43_BRUV	0	0	0.00000	0	PF-43_L528_MAH00242.MP4	81061	59.94018
NMP_20190809_PF-43_BRUV	0	0	0.00000	0	PF-43_L528_MAH00243.MP4	81061	59.94018
NMP_20190809_PF-43_BRUV	0	0	0.00000	0	PF-43_L528_MAH00244.MP4	81061	59.94018
NMP_20190809_PF-43_BRUV	0	0	0.00000	0	PF-43_L528_MAH00245.MP4	56401	59.94018
NMP_20190809_PF-43_BRUV	1	0	0.00000	0	PF-43_R527_MAH00178.MP4	81120	59.94018
NMP_20190809_PF-43_BRUV	1	0	0.00000	0	PF-43_R527_MAH00179.MP4	81061	59.94018
NMP_20190809_PF-43_BRUV	1	0	0.00000	0	PF-43_R527_MAH00180.MP4	81061	59.94018
NMP_20190809_PF-43_BRUV	1	0	0.00000	0	PF-43_R527_MAH00181.MP4	81061	59.94018
NMP_20190809_PF-43_BRUV	1	0	0.00000	0	PF-43_R527_MAH00182.MP4	57721	59.94018
NMP_20190809_PF-44_BRUV	0	0	0.00000	0	PF-44_L2_MAH00157.MP4	81120	59.94018
NMP_20190809_PF-44_BRUV	0	0	0.00000	0	PF-44_L2_MAH00158.MP4	81061	59.94018
NMP_20190809_PF-44_BRUV	0	0	0.00000	0	PF-44_L2_MAH00159.MP4	81061	59.94018
NMP_20190809_PF-44_BRUV	0	0	0.00000	0	PF-44_L2_MAH00160.MP4	81061	59.94018
NMP_20190809_PF-44_BRUV	0	0	0.00000	0	PF-44_L2_MAH00161.MP4	70441	59.94018
NMP_20190809_PF-44_BRUV	1	0	0.00000	0	PF-44_R03_MAH00176.MP4	81120	59.94018
NMP_20190809_PF-44_BRUV	1	0	0.00000	0	PF-44_R03_MAH00177.MP4	81061	59.94018
NMP_20190809_PF-44_BRUV	1	0	0.00000	0	PF-44_R03_MAH00178.MP4	81061	59.94018
NMP_20190809_PF-44_BRUV	1	0	0.00000	0	PF-44_R03_MAH00179.MP4	81061	59.94018
NMP_20190809_PF-44_BRUV	1	0	0.00000	0	PF-44_R03_MAH00180.MP4	70141	59.94018
NMP_20190809_PF-45_BRUV	0	0	0.00000	0	PF-45_L1B_MAH00240.MP4	81120	59.94018
NMP_20190809_PF-45_BRUV	0	0	0.00000	0	PF-45_L1B_MAH00241.MP4	81061	59.94018
NMP_20190809_PF-45_BRUV	0	0	0.00000	0	PF-45_L1B_MAH00242.MP4	81061	59.94018
NMP_20190809_PF-45_BRUV	0	0	0.00000	0	PF-45_L1B_MAH00243.MP4	81061	59.94018
NMP_20190809_PF-45_BRUV	0	0	0.00000	0	PF-45_L1B_MAH00244.MP4	79411	59.94018
NMP_20190809_PF-45_BRUV	1	0	0.00000	0	PF-45_R4B_MAH00174.MP4	81120	59.94018
NMP_20190809_PF-45_BRUV	1	0	0.00000	0	PF-45_R4B_MAH00175.MP4	81061	59.94018
NMP_20190809_PF-45_BRUV	1	0	0.00000	0	PF-45_R4B_MAH00176.MP4	81061	59.94018
NMP_20190809_PF-45_BRUV	1	0	0.00000	0	PF-45_R4B_MAH00177.MP4	81061	59.94018
NMP_20190809_PF-45_BRUV	1	0	0.00000	0	PF-45_R4B_MAH00178.MP4	79411	59.94018
NMP_20190809_PF-45_BRUV	1	0	0.00000	0	PF-45_R4B_MAH00179.MP4	90	59.94018
NMP_20190809_PF-46_BRUV	0	0	0.00000	0	PF-46_L530_MAH00172.MP4	81120	59.94018
NMP_20190809_PF-46_BRUV	0	0	0.00000	0	PF-46_L530_MAH00173.MP4	81061	59.94018
NMP_20190809_PF-46_BRUV	0	0	0.00000	0	PF-46_L530_MAH00174.MP4	81061	59.94018
NMP_20190809_PF-46_BRUV	0	0	0.00000	0	PF-46_L530_MAH00175.MP4	81061	59.94018
NMP_20190809_PF-46_BRUV	0	0	0.00000	0	PF-46_L530_MAH00176.MP4	81061	59.94018
NMP_20190809_PF-46_BRUV	0	0	0.00000	0	PF-46_L530_MAH00177.MP4	420	59.94018
NMP_20190809_PF-46_BRUV	1	0	0.00000	0	PF-46_R529_MAH00174.MP4	81120	59.94018
NMP_20190809_PF-46_BRUV	1	0	0.00000	0	PF-46_R529_MAH00175.MP4	81061	59.94018
NMP_20190809_PF-46_BRUV	1	0	0.00000	0	PF-46_R529_MAH00176.MP4	81061	59.94018
NMP_20190809_PF-46_BRUV	1	0	0.00000	0	PF-46_R529_MAH00177.MP4	81061	59.94018
NMP_20190809_PF-46_BRUV	1	0	0.00000	0	PF-46_R529_MAH00178.MP4	81121	59.94018
NMP_20190809_PF-46_BRUV	1	0	0.00000	0	PF-46_R529_MAH00179.MP4	1050	59.94018
NMP_20190809_PF-47_BRUV	0	0	0.00000	0	PF-47_L6_MAH00233.MP4	81120	59.94018
NMP_20190809_PF-47_BRUV	0	0	0.00000	0	PF-47_L6_MAH00234.MP4	81061	59.94018
NMP_20190809_PF-47_BRUV	0	0	0.00000	0	PF-47_L6_MAH00235.MP4	81061	59.94018
NMP_20190809_PF-47_BRUV	0	0	0.00000	0	PF-47_L6_MAH00236.MP4	81061	59.94018
NMP_20190809_PF-47_BRUV	0	0	0.00000	0	PF-47_L6_MAH00237.MP4	77911	59.94018
NMP_20190809_PF-47_BRUV	1	0	0.00000	0	PF-47_R5_MAH00165.MP4	81120	59.94018
NMP_20190809_PF-47_BRUV	1	0	0.00000	0	PF-47_R5_MAH00166.MP4	81061	59.94018
NMP_20190809_PF-47_BRUV	1	0	0.00000	0	PF-47_R5_MAH00167.MP4	81061	59.94018
NMP_20190809_PF-47_BRUV	1	0	0.00000	0	PF-47_R5_MAH00168.MP4	81061	59.94018
NMP_20190809_PF-47_BRUV	1	0	0.00000	0	PF-47_R5_MAH00169.MP4	78751	59.94018
NMP_20190809_PF-48_BRUV	0	0	0.00000	0	PF-48_L532_MAH00163.MP4	81120	59.94018
NMP_20190809_PF-48_BRUV	0	0	0.00000	0	PF-48_L532_MAH00164.MP4	81061	59.94018
NMP_20190809_PF-48_BRUV	0	0	0.00000	0	PF-48_L532_MAH00165.MP4	81061	59.94018
NMP_20190809_PF-48_BRUV	0	0	0.00000	0	PF-48_L532_MAH00166.MP4	81061	59.94018
NMP_20190809_PF-48_BRUV	0	0	0.00000	0	PF-48_L532_MAH00167.MP4	80491	59.94018
NMP_20190809_PF-48_BRUV	1	0	0.00000	0	PF-48_R531_MAH00226.MP4	81120	59.94018
NMP_20190809_PF-48_BRUV	1	0	0.00000	0	PF-48_R531_MAH00227.MP4	81061	59.94018
NMP_20190809_PF-48_BRUV	1	0	0.00000	0	PF-48_R531_MAH00228.MP4	81061	59.94018
NMP_20190809_PF-48_BRUV	1	0	0.00000	0	PF-48_R531_MAH00229.MP4	81061	59.94018
NMP_20190809_PF-48_BRUV	1	0	0.00000	0	PF-48_R531_MAH00230.MP4	81061	59.94018
NMP_20190809_PF-48_BRUV	1	0	0.00000	0	PF-48_R531_MAH00231.MP4	270	59.94018
NMP_20190809_PF-49_BRUV	0	0	0.00000	0	PF-49_R533_MAH00024.MP4	81060	59.94018
NMP_20190809_PF-49_BRUV	0	0	0.00000	0	PF-49_R533_MAH00025.MP4	81061	59.94018
NMP_20190809_PF-49_BRUV	0	0	0.00000	0	PF-49_R533_MAH00026.MP4	81061	59.94018
NMP_20190809_PF-49_BRUV	0	0	0.00000	0	PF-49_R533_MAH00027.MP4	81061	59.94018
NMP_20190809_PF-49_BRUV	0	0	0.00000	0	PF-49_R533_MAH00028.MP4	79561	59.94018
NMP_20190809_PF-49_BRUV	1	0	0.00000	0	PF-49_R533_MAH00024.MP4	81060	59.94018
NMP_20190809_PF-50_BRUV	0	0	0.00000	0	PF-50_L524_MAH00251.MP4	81120	59.94018
NMP_20190809_PF-50_BRUV	0	0	0.00000	0	PF-50_L524_MAH00252.MP4	81061	59.94018
NMP_20190809_PF-50_BRUV	0	0	0.00000	0	PF-50_L524_MAH00253.MP4	81061	59.94018
NMP_20190809_PF-50_BRUV	0	0	0.00000	0	PF-50_L524_MAH00254.MP4	81061	59.94018
NMP_20190809_PF-50_BRUV	0	0	0.00000	0	PF-50_L524_MAH00255.MP4	81061	59.94018
NMP_20190809_PF-50_BRUV	0	0	0.00000	0	PF-50_L524_MAH00256.MP4	16860	59.94018
NMP_20190809_PF-50_BRUV	1	0	0.00000	0	PF-50_R523_MAH00181.MP4	81120	59.94018
NMP_20190809_PF-50_BRUV	1	0	0.00000	0	PF-50_R523_MAH00182.MP4	81061	59.94018
NMP_20190809_PF-50_BRUV	1	0	0.00000	0	PF-50_R523_MAH00183.MP4	81061	59.94018
NMP_20190809_PF-50_BRUV	1	0	0.00000	0	PF-50_R523_MAH00184.MP4	81061	59.94018
NMP_20190809_PF-50_BRUV	1	0	0.00000	0	PF-50_R523_MAH00185.MP4	81061	59.94018
NMP_20190809_PF-50_BRUV	1	0	0.00000	0	PF-50_R523_MAH00186.MP4	14700	59.94018
NMP_20190809_PS-21_BRUV	0	0	0.00000	0	PS-21_L528_MAH00232.MP4	81120	59.94018
NMP_20190809_PS-21_BRUV	0	0	0.00000	0	PS-21_L528_MAH00233.MP4	81061	59.94018
NMP_20190809_PS-21_BRUV	0	0	0.00000	0	PS-21_L528_MAH00234.MP4	81061	59.94018
NMP_20190809_PS-21_BRUV	0	0	0.00000	0	PS-21_L528_MAH00235.MP4	50070	59.94018
NMP_20190809_PS-21_BRUV	1	0	0.00000	0	PS-21_R527_MAH00169.MP4	81120	59.94018
NMP_20190809_PS-21_BRUV	1	0	0.00000	0	PS-21_R527_MAH00170.MP4	81061	59.94018
NMP_20190809_PS-21_BRUV	1	0	0.00000	0	PS-21_R527_MAH00171.MP4	81061	59.94018
NMP_20190809_PS-21_BRUV	1	0	0.00000	0	PS-21_R527_MAH00172.MP4	52350	59.94018
NMP_20190809_PS-22_BRUV	0	0	0.00000	0	PS-22_L10_MAH00073.MP4	81120	59.94018
NMP_20190809_PS-22_BRUV	0	0	0.00000	0	PS-22_L10_MAH00074.MP4	81061	59.94018
NMP_20190809_PS-22_BRUV	0	0	0.00000	0	PS-22_L10_MAH00075.MP4	81061	59.94018
NMP_20190809_PS-22_BRUV	0	0	0.00000	0	PS-22_L10_MAH00076.MP4	30780	59.94018
NMP_20190809_PS-22_BRUV	1	0	0.00000	0	PS-22_R9_MAH00224.MP4	81120	59.94018
NMP_20190809_PS-22_BRUV	1	0	0.00000	0	PS-22_R9_MAH00225.MP4	81061	59.94018
NMP_20190809_PS-22_BRUV	1	0	0.00000	0	PS-22_R9_MAH00226.MP4	81061	59.94018
NMP_20190809_PS-22_BRUV	1	0	0.00000	0	PS-22_R9_MAH00227.MP4	31560	59.94018
NMP_20190809_PS-23_BRUV	0	0	0.00000	0	PS-23_L8_MAH00190.MP4	81120	59.94018
NMP_20190809_PS-23_BRUV	0	0	0.00000	0	PS-23_L8_MAH00191.MP4	81061	59.94018
NMP_20190809_PS-23_BRUV	0	0	0.00000	0	PS-23_L8_MAH00192.MP4	81061	59.94018
NMP_20190809_PS-23_BRUV	0	0	0.00000	0	PS-23_L8_MAH00193.MP4	30900	59.94018
NMP_20190809_PS-23_BRUV	1	0	0.00000	0	PS-23_R07_MAH00224.MP4	81120	59.94018
NMP_20190809_PS-23_BRUV	1	0	0.00000	0	PS-23_R07_MAH00225.MP4	81061	59.94018
NMP_20190809_PS-23_BRUV	1	0	0.00000	0	PS-23_R07_MAH00226.MP4	81061	59.94018
NMP_20190809_PS-23_BRUV	1	0	0.00000	0	PS-23_R07_MAH00227.MP4	31920	59.94018
NMP_20190809_PS-24_BRUV	0	0	0.00000	0	PS-24_L2_MAH00148.MP4	81120	59.94018
NMP_20190809_PS-24_BRUV	0	0	0.00000	0	PS-24_L2_MAH00149.MP4	81061	59.94018
NMP_20190809_PS-24_BRUV	0	0	0.00000	0	PS-24_L2_MAH00150.MP4	81061	59.94018
NMP_20190809_PS-24_BRUV	0	0	0.00000	0	PS-24_L2_MAH00151.MP4	35280	59.94018
NMP_20190809_PS-24_BRUV	1	0	0.00000	0	PS-24_R03_MAH00167.MP4	81120	59.94018
NMP_20190809_PS-24_BRUV	1	0	0.00000	0	PS-24_R03_MAH00168.MP4	81061	59.94018
NMP_20190809_PS-24_BRUV	1	0	0.00000	0	PS-24_R03_MAH00169.MP4	81061	59.94018
NMP_20190809_PS-24_BRUV	1	0	0.00000	0	PS-24_R03_MAH00170.MP4	35220	59.94018
NMP_20190809_PS-25_BRUV	0	0	0.00000	0	PS-25_L1B_MAH00231.MP4	81120	59.94018
NMP_20190809_PS-25_BRUV	0	0	0.00000	0	PS-25_L1B_MAH00232.MP4	81061	59.94018
NMP_20190809_PS-25_BRUV	0	0	0.00000	0	PS-25_L1B_MAH00233.MP4	81061	59.94018
NMP_20190809_PS-25_BRUV	0	0	0.00000	0	PS-25_L1B_MAH00234.MP4	42660	59.94018
NMP_20190809_PS-25_BRUV	1	0	0.00000	0	PS-25_R4B_MAH00165.MP4	81120	59.94018
NMP_20190809_PS-25_BRUV	1	0	0.00000	0	PS-25_R4B_MAH00166.MP4	81061	59.94018
NMP_20190809_PS-25_BRUV	1	0	0.00000	0	PS-25_R4B_MAH00167.MP4	81061	59.94018
NMP_20190809_PS-25_BRUV	1	0	0.00000	0	PS-25_R4B_MAH00168.MP4	43710	59.94018
NMP_20190809_PS-26_BRUV	0	0	0.00000	0	PS-26_L530_MAH00163.MP4	81120	59.94018
NMP_20190809_PS-26_BRUV	0	0	0.00000	0	PS-26_L530_MAH00164.MP4	81061	59.94018
NMP_20190809_PS-26_BRUV	0	0	0.00000	0	PS-26_L530_MAH00165.MP4	81061	59.94018
NMP_20190809_PS-26_BRUV	0	0	0.00000	0	PS-26_L530_MAH00166.MP4	49920	59.94018
NMP_20190809_PS-26_BRUV	1	0	0.00000	0	PS-26_R529_MAH00165.MP4	81120	59.94018
NMP_20190809_PS-26_BRUV	1	0	0.00000	0	PS-26_R529_MAH00166.MP4	81061	59.94018
NMP_20190809_PS-26_BRUV	1	0	0.00000	0	PS-26_R529_MAH00167.MP4	81061	59.94018
NMP_20190809_PS-26_BRUV	1	0	0.00000	0	PS-26_R529_MAH00168.MP4	53190	59.94018
NMP_20190809_PS-27_BRUV	0	0	0.00000	0	PS-27_L6_MAH00224.MP4	81120	59.94018
NMP_20190809_PS-27_BRUV	0	0	0.00000	0	PS-27_L6_MAH00225.MP4	81061	59.94018
NMP_20190809_PS-27_BRUV	0	0	0.00000	0	PS-27_L6_MAH00226.MP4	81061	59.94018
NMP_20190809_PS-27_BRUV	0	0	0.00000	0	PS-27_L6_MAH00227.MP4	58440	59.94018
NMP_20190809_PS-27_BRUV	1	0	0.00000	0	PS-27_R5_MAH00156.MP4	81120	59.94018
NMP_20190809_PS-27_BRUV	1	0	0.00000	0	PS-27_R5_MAH00157.MP4	81061	59.94018
NMP_20190809_PS-27_BRUV	1	0	0.00000	0	PS-27_R5_MAH00158.MP4	81061	59.94018
NMP_20190809_PS-27_BRUV	1	0	0.00000	0	PS-27_R5_MAH00159.MP4	58260	59.94018
NMP_20190809_PS-28_BRUV	0	0	0.00000	0	PS-28_L532_MAH00154.MP4	81120	59.94018
NMP_20190809_PS-28_BRUV	0	0	0.00000	0	PS-28_L532_MAH00155.MP4	81061	59.94018
NMP_20190809_PS-28_BRUV	0	0	0.00000	0	PS-28_L532_MAH00156.MP4	81061	59.94018
NMP_20190809_PS-28_BRUV	0	0	0.00000	0	PS-28_L532_MAH00157.MP4	62160	59.94018
NMP_20190809_PS-28_BRUV	1	0	0.00000	0	PS-28_R531_MAH00217.MP4	81120	59.94018
NMP_20190809_PS-28_BRUV	1	0	0.00000	0	PS-28_R531_MAH00218.MP4	81061	59.94018
NMP_20190809_PS-28_BRUV	1	0	0.00000	0	PS-28_R531_MAH00219.MP4	81061	59.94018
NMP_20190809_PS-28_BRUV	1	0	0.00000	0	PS-28_R531_MAH00220.MP4	64230	59.94018
NMP_20190809_PS-29_BRUV	0	0	0.00000	0	PS-29_L526_MAH00173.MP4	81120	59.94018
NMP_20190809_PS-29_BRUV	0	0	0.00000	0	PS-29_L526_MAH00174.MP4	81061	59.94018
NMP_20190809_PS-29_BRUV	0	0	0.00000	0	PS-29_L526_MAH00175.MP4	81061	59.94018
NMP_20190809_PS-29_BRUV	0	0	0.00000	0	PS-29_L526_MAH00176.MP4	57930	59.94018
NMP_20190809_PS-29_BRUV	1	0	0.00000	0	PS-29_R533_MAH00016.MP4	81120	59.94018
NMP_20190809_PS-29_BRUV	1	0	0.00000	0	PS-29_R533_MAH00017.MP4	81061	59.94018
NMP_20190809_PS-29_BRUV	1	0	0.00000	0	PS-29_R533_MAH00018.MP4	81061	59.94018
NMP_20190809_PS-29_BRUV	1	0	0.00000	0	PS-29_R533_MAH00019.MP4	58740	59.94018
NMP_20190809_PS-30_BRUV	0	0	0.00000	0	PS-30_L524_MAH00242.MP4	81120	59.94018
NMP_20190809_PS-30_BRUV	0	0	0.00000	0	PS-30_L524_MAH00243.MP4	81061	59.94018
NMP_20190809_PS-30_BRUV	0	0	0.00000	0	PS-30_L524_MAH00244.MP4	81121	59.94018
NMP_20190809_PS-30_BRUV	0	0	0.00000	0	PS-30_L524_MAH00245.MP4	66690	59.94018
NMP_20190809_PS-30_BRUV	1	0	0.00000	0	PS-30_R523_MAH00172.MP4	81120	59.94018
NMP_20190809_PS-30_BRUV	1	0	0.00000	0	PS-30_R523_MAH00173.MP4	81061	59.94018
NMP_20190809_PS-30_BRUV	1	0	0.00000	0	PS-30_R523_MAH00174.MP4	81061	59.94018
NMP_20190809_PS-30_BRUV	1	0	0.00000	0	PS-30_R523_MAH00175.MP4	68160	59.94018
NMP_20190809_PS-31_BRUV	0	0	0.00000	0	PS-31_L524_MAH00246.MP4	81120	59.94018
NMP_20190809_PS-31_BRUV	0	0	0.00000	0	PS-31_L524_MAH00247.MP4	81061	59.94018
NMP_20190809_PS-31_BRUV	0	0	0.00000	0	PS-31_L524_MAH00248.MP4	81061	59.94018
NMP_20190809_PS-31_BRUV	0	0	0.00000	0	PS-31_L524_MAH00249.MP4	81061	59.94018
NMP_20190809_PS-31_BRUV	0	0	0.00000	0	PS-31_L524_MAH00250.MP4	3511	59.94018
NMP_20190809_PS-31_BRUV	1	0	0.00000	0	PS-31_R523_MAH00176.MP4	81120	59.94018
NMP_20190809_PS-31_BRUV	1	0	0.00000	0	PS-31_R523_MAH00177.MP4	81061	59.94018
NMP_20190809_PS-31_BRUV	1	0	0.00000	0	PS-31_R523_MAH00178.MP4	81061	59.94018
NMP_20190809_PS-31_BRUV	1	0	0.00000	0	PS-31_R523_MAH00179.MP4	81061	59.94018
NMP_20190809_PS-31_BRUV	1	0	0.00000	0	PS-31_R523_MAH00180.MP4	7711	59.94018
NMP_20190809_PS-32_BRUV	0	0	0.00000	0	PS-32_L526_MAH00177.MP4	81120	59.94018
NMP_20190809_PS-32_BRUV	0	0	0.00000	0	PS-32_L526_MAH00178.MP4	81061	59.94018
NMP_20190809_PS-32_BRUV	0	0	0.00000	0	PS-32_L526_MAH00179.MP4	81061	59.94018
NMP_20190809_PS-32_BRUV	0	0	0.00000	0	PS-32_L526_MAH00180.MP4	80131	59.94018
NMP_20190809_PS-32_BRUV	1	0	0.00000	0	PS-32_R533_MAH00020.MP4	81120	59.94018
NMP_20190809_PS-32_BRUV	1	0	0.00000	0	PS-32_R533_MAH00021.MP4	81061	59.94018
NMP_20190809_PS-32_BRUV	1	0	0.00000	0	PS-32_R533_MAH00022.MP4	81061	59.94018
NMP_20190809_PS-32_BRUV	1	0	0.00000	0	PS-32_R533_MAH00023.MP4	80161	59.94018
NMP_20190809_PS-33_BRUV	0	0	0.00000	0	PS-33_L532_MAH00158.MP4	81120	59.94018
NMP_20190809_PS-33_BRUV	0	0	0.00000	0	PS-33_L532_MAH00159.MP4	81061	59.94018
NMP_20190809_PS-33_BRUV	0	0	0.00000	0	PS-33_L532_MAH00160.MP4	81121	59.94018
NMP_20190809_PS-33_BRUV	0	0	0.00000	0	PS-33_L532_MAH00161.MP4	81060	59.94018
NMP_20190809_PS-33_BRUV	0	0	0.00000	0	PS-33_L532_MAH00162.MP4	11161	59.94018
NMP_20190809_PS-33_BRUV	1	0	0.00000	0	PS-33_R531_MAH00221.MP4	81120	59.94018
NMP_20190809_PS-33_BRUV	1	0	0.00000	0	PS-33_R531_MAH00222.MP4	81061	59.94018
NMP_20190809_PS-33_BRUV	1	0	0.00000	0	PS-33_R531_MAH00223.MP4	81121	59.94018
NMP_20190809_PS-33_BRUV	1	0	0.00000	0	PS-33_R531_MAH00224.MP4	81060	59.94018
NMP_20190809_PS-33_BRUV	1	0	0.00000	0	PS-33_R531_MAH00225.MP4	12571	59.94018
NMP_20190809_PS-34_BRUV	0	0	0.00000	0	PS-34_L6_MAH00228.MP4	81120	59.94018
NMP_20190809_PS-34_BRUV	0	0	0.00000	0	PS-34_L6_MAH00229.MP4	81061	59.94018
NMP_20190809_PS-34_BRUV	0	0	0.00000	0	PS-34_L6_MAH00230.MP4	81061	59.94018
NMP_20190809_PS-34_BRUV	0	0	0.00000	0	PS-34_L6_MAH00231.MP4	81061	59.94018
NMP_20190809_PS-34_BRUV	0	0	0.00000	0	PS-34_L6_MAH00232.MP4	11071	59.94018
NMP_20190809_PS-34_BRUV	1	0	0.00000	0	PS-34_R5_MAH00160.MP4	81120	59.94018
NMP_20190809_PS-34_BRUV	1	0	0.00000	0	PS-34_R5_MAH00161.MP4	81121	59.94018
NMP_20190809_PS-34_BRUV	1	0	0.00000	0	PS-34_R5_MAH00162.MP4	81061	59.94018
NMP_20190809_PS-34_BRUV	1	0	0.00000	0	PS-34_R5_MAH00163.MP4	81120	59.94018
NMP_20190809_PS-34_BRUV	1	0	0.00000	0	PS-34_R5_MAH00164.MP4	13261	59.94018
NMP_20190809_PS-35_BRUV	0	0	0.00000	0	PS-35_L530_MAH00167.MP4	81120	59.94018
NMP_20190809_PS-35_BRUV	0	0	0.00000	0	PS-35_L530_MAH00168.MP4	81061	59.94018
NMP_20190809_PS-35_BRUV	0	0	0.00000	0	PS-35_L530_MAH00169.MP4	81061	59.94018
NMP_20190809_PS-35_BRUV	0	0	0.00000	0	PS-35_L530_MAH00170.MP4	81121	59.94018
NMP_20190809_PS-35_BRUV	0	0	0.00000	0	PS-35_L530_MAH00171.MP4	15841	59.94018
NMP_20190809_PS-35_BRUV	1	0	0.00000	0	PS-35_R529_MAH00169.MP4	81120	59.94018
NMP_20190809_PS-35_BRUV	1	0	0.00000	0	PS-35_R529_MAH00170.MP4	81061	59.94018
NMP_20190809_PS-35_BRUV	1	0	0.00000	0	PS-35_R529_MAH00171.MP4	81061	59.94018
NMP_20190809_PS-35_BRUV	1	0	0.00000	0	PS-35_R529_MAH00172.MP4	81121	59.94018
NMP_20190809_PS-35_BRUV	1	0	0.00000	0	PS-35_R529_MAH00173.MP4	16021	59.94018
NMP_20190809_PS-36_BRUV	0	0	0.00000	0	PS-36_L1B_MAH00235.MP4	81120	59.94018
NMP_20190809_PS-36_BRUV	0	0	0.00000	0	PS-36_L1B_MAH00236.MP4	81061	59.94018
NMP_20190809_PS-36_BRUV	0	0	0.00000	0	PS-36_L1B_MAH00237.MP4	81061	59.94018
NMP_20190809_PS-36_BRUV	0	0	0.00000	0	PS-36_L1B_MAH00238.MP4	81121	59.94018
NMP_20190809_PS-36_BRUV	0	0	0.00000	0	PS-36_L1B_MAH00239.MP4	17551	59.94018
NMP_20190809_PS-36_BRUV	1	0	0.00000	0	PS-36_R4B_MAH00169.MP4	81120	59.94018
NMP_20190809_PS-36_BRUV	1	0	0.00000	0	PS-36_R4B_MAH00170.MP4	81061	59.94018
NMP_20190809_PS-36_BRUV	1	0	0.00000	0	PS-36_R4B_MAH00171.MP4	81061	59.94018
NMP_20190809_PS-36_BRUV	1	0	0.00000	0	PS-36_R4B_MAH00172.MP4	81061	59.94018
NMP_20190809_PS-36_BRUV	1	0	0.00000	0	PS-36_R4B_MAH00173.MP4	17371	59.94018
NMP_20190809_PS-37_BRUV	0	0	0.00000	0	PS-37_L2_MAH00152.MP4	81120	59.94018
NMP_20190809_PS-37_BRUV	0	0	0.00000	0	PS-37_L2_MAH00153.MP4	81061	59.94018
NMP_20190809_PS-37_BRUV	0	0	0.00000	0	PS-37_L2_MAH00154.MP4	81061	59.94018
NMP_20190809_PS-37_BRUV	0	0	0.00000	0	PS-37_L2_MAH00155.MP4	81061	59.94018
NMP_20190809_PS-37_BRUV	0	0	0.00000	0	PS-37_L2_MAH00156.MP4	25471	59.94018
NMP_20190809_PS-37_BRUV	1	0	0.00000	0	PS-37_R03_MAH00171.MP4	81120	59.94018
NMP_20190809_PS-37_BRUV	1	0	0.00000	0	PS-37_R03_MAH00172.MP4	81061	59.94018
NMP_20190809_PS-37_BRUV	1	0	0.00000	0	PS-37_R03_MAH00173.MP4	81061	59.94018
NMP_20190809_PS-37_BRUV	1	0	0.00000	0	PS-37_R03_MAH00174.MP4	81061	59.94018
NMP_20190809_PS-37_BRUV	1	0	0.00000	0	PS-37_R03_MAH00175.MP4	26611	59.94018
NMP_20190809_PS-38_BRUV	0	0	0.00000	0	PS-38_L8_MAH00194.MP4	81120	59.94018
NMP_20190809_PS-38_BRUV	0	0	0.00000	0	PS-38_L8_MAH00195.MP4	81121	59.94018
NMP_20190809_PS-38_BRUV	0	0	0.00000	0	PS-38_L8_MAH00196.MP4	81061	59.94018
NMP_20190809_PS-38_BRUV	0	0	0.00000	0	PS-38_L8_MAH00197.MP4	81060	59.94018
NMP_20190809_PS-38_BRUV	0	0	0.00000	0	PS-38_L8_MAH00198.MP4	32611	59.94018
NMP_20190809_PS-38_BRUV	1	0	0.00000	0	PS-38_R07_MAH00228.MP4	81120	59.94018
NMP_20190809_PS-38_BRUV	1	0	0.00000	0	PS-38_R07_MAH00229.MP4	81121	59.94018
NMP_20190809_PS-38_BRUV	1	0	0.00000	0	PS-38_R07_MAH00230.MP4	81061	59.94018
NMP_20190809_PS-38_BRUV	1	0	0.00000	0	PS-38_R07_MAH00231.MP4	81060	59.94018
NMP_20190809_PS-38_BRUV	1	0	0.00000	0	PS-38_R07_MAH00232.MP4	32461	59.94018
NMP_20190809_PS-39_BRUV	0	0	0.00000	0	PS-39_L10_MAH00077.MP4	81120	59.94018
NMP_20190809_PS-39_BRUV	0	0	0.00000	0	PS-39_L10_MAH00078.MP4	81061	59.94018
NMP_20190809_PS-39_BRUV	0	0	0.00000	0	PS-39_L10_MAH00079.MP4	81061	59.94018
NMP_20190809_PS-39_BRUV	0	0	0.00000	0	PS-39_L10_MAH00080.MP4	81061	59.94018
NMP_20190809_PS-39_BRUV	0	0	0.00000	0	PS-39_L10_MAH00081.MP4	17881	59.94018
NMP_20190809_PS-39_BRUV	1	0	0.00000	0	PS-39_R9_MAH00228.MP4	81120	59.94018
NMP_20190809_PS-39_BRUV	1	0	0.00000	0	PS-39_R9_MAH00229.MP4	81061	59.94018
NMP_20190809_PS-39_BRUV	1	0	0.00000	0	PS-39_R9_MAH00230.MP4	81061	59.94018
NMP_20190809_PS-39_BRUV	1	0	0.00000	0	PS-39_R9_MAH00231.MP4	81061	59.94018
NMP_20190809_PS-39_BRUV	1	0	0.00000	0	PS-39_R9_MAH00232.MP4	18991	59.94018
NMP_20190809_PS-40_BRUV	0	0	0.00000	0	PS-40_L528_MAH00236.MP4	81120	59.94018
NMP_20190809_PS-40_BRUV	0	0	0.00000	0	PS-40_L528_MAH00237.MP4	81121	59.94018
NMP_20190809_PS-40_BRUV	0	0	0.00000	0	PS-40_L528_MAH00238.MP4	81061	59.94018
NMP_20190809_PS-40_BRUV	0	0	0.00000	0	PS-40_L528_MAH00239.MP4	81060	59.94018
NMP_20190809_PS-40_BRUV	0	0	0.00000	0	PS-40_L528_MAH00240.MP4	29761	59.94018
NMP_20190809_PS-40_BRUV	1	0	0.00000	0	PS-40_R527_MAH00173.MP4	81120	59.94018
NMP_20190809_PS-40_BRUV	1	0	0.00000	0	PS-40_R527_MAH00174.MP4	81061	59.94018
NMP_20190809_PS-40_BRUV	1	0	0.00000	0	PS-40_R527_MAH00175.MP4	81061	59.94018
NMP_20190809_PS-40_BRUV	1	0	0.00000	0	PS-40_R527_MAH00176.MP4	81061	59.94018
NMP_20190809_PS-40_BRUV	1	0	0.00000	0	PS-40_R527_MAH00177.MP4	29341	59.94018
NMP_20190810_CF-16_BRUV	0	0	0.00000	0	CF-16_L524_MAH00257.MP4	81120	59.94018
NMP_20190810_CF-16_BRUV	0	0	0.00000	0	CF-16_L524_MAH00258.MP4	81061	59.94018
NMP_20190810_CF-16_BRUV	0	0	0.00000	0	CF-16_L524_MAH00259.MP4	81061	59.94018
NMP_20190810_CF-16_BRUV	0	0	0.00000	0	CF-16_L524_MAH00260.MP4	81061	59.94018
NMP_20190810_CF-16_BRUV	0	0	0.00000	0	CF-16_L524_MAH00261.MP4	30061	59.94018
NMP_20190810_CF-16_BRUV	1	0	0.00000	0	CF-16_R523_MAH00187.MP4	81120	59.94018
NMP_20190810_CF-16_BRUV	1	0	0.00000	0	CF-16_R523_MAH00188.MP4	81061	59.94018
NMP_20190810_CF-16_BRUV	1	0	0.00000	0	CF-16_R523_MAH00189.MP4	81061	59.94018
NMP_20190810_CF-16_BRUV	1	0	0.00000	0	CF-16_R523_MAH00190.MP4	81061	59.94018
NMP_20190810_CF-16_BRUV	1	0	0.00000	0	CF-16_R523_MAH00191.MP4	33301	59.94018
NMP_20190810_CF-17_BRUV	0	0	0.00000	0	CF-17_L526_MAH00186.MP4	81120	59.94018
NMP_20190810_CF-17_BRUV	0	0	0.00000	0	CF-17_L526_MAH00187.MP4	81061	59.94018
NMP_20190810_CF-17_BRUV	0	0	0.00000	0	CF-17_L526_MAH00188.MP4	81121	59.94018
NMP_20190810_CF-17_BRUV	0	0	0.00000	0	CF-17_L526_MAH00189.MP4	81060	59.94018
NMP_20190810_CF-17_BRUV	0	0	0.00000	0	CF-17_L526_MAH00190.MP4	42661	59.94018
NMP_20190810_CF-17_BRUV	1	0	0.00000	0	CF-17_R533_MAH00029.MP4	81120	59.94018
NMP_20190810_CF-17_BRUV	1	0	0.00000	0	CF-17_R533_MAH00030.MP4	81061	59.94018
NMP_20190810_CF-17_BRUV	1	0	0.00000	0	CF-17_R533_MAH00031.MP4	81061	59.94018
NMP_20190810_CF-17_BRUV	1	0	0.00000	0	CF-17_R533_MAH00032.MP4	81121	59.94018
NMP_20190810_CF-17_BRUV	1	0	0.00000	0	CF-17_R533_MAH00033.MP4	42331	59.94018
NMP_20190810_CF-18_BRUV	0	0	0.00000	0	CF-18_L532_MAH00168.MP4	81120	59.94018
NMP_20190810_CF-18_BRUV	0	0	0.00000	0	CF-18_L532_MAH00169.MP4	81061	59.94018
NMP_20190810_CF-18_BRUV	0	0	0.00000	0	CF-18_L532_MAH00170.MP4	81061	59.94018
NMP_20190810_CF-18_BRUV	0	0	0.00000	0	CF-18_L532_MAH00171.MP4	81061	59.94018
NMP_20190810_CF-18_BRUV	0	0	0.00000	0	CF-18_L532_MAH00172.MP4	42631	59.94018
NMP_20190810_CF-18_BRUV	1	0	0.00000	0	CF-18_R531_MAH00232.MP4	81120	59.94018
NMP_20190810_CF-18_BRUV	1	0	0.00000	0	CF-18_R531_MAH00233.MP4	81061	59.94018
NMP_20190810_CF-18_BRUV	1	0	0.00000	0	CF-18_R531_MAH00234.MP4	81061	59.94018
NMP_20190810_CF-18_BRUV	1	0	0.00000	0	CF-18_R531_MAH00235.MP4	81061	59.94018
NMP_20190810_CF-18_BRUV	1	0	0.00000	0	CF-18_R531_MAH00236.MP4	43831	59.94018
NMP_20190810_CF-19_BRUV	0	0	0.00000	0	CF-19_L6_MAH00238.MP4	81120	59.94018
NMP_20190810_CF-19_BRUV	0	0	0.00000	0	CF-19_L6_MAH00239.MP4	81061	59.94018
NMP_20190810_CF-19_BRUV	0	0	0.00000	0	CF-19_L6_MAH00240.MP4	81061	59.94018
NMP_20190810_CF-19_BRUV	0	0	0.00000	0	CF-19_L6_MAH00241.MP4	81061	59.94018
NMP_20190810_CF-19_BRUV	0	0	0.00000	0	CF-19_L6_MAH00242.MP4	52951	59.94018
NMP_20190810_CF-19_BRUV	1	0	0.00000	0	CF-19_R5_MAH00170.MP4	81120	59.94018
NMP_20190810_CF-19_BRUV	1	0	0.00000	0	CF-19_R5_MAH00171.MP4	81061	59.94018
NMP_20190810_CF-19_BRUV	1	0	0.00000	0	CF-19_R5_MAH00172.MP4	81061	59.94018
NMP_20190810_CF-19_BRUV	1	0	0.00000	0	CF-19_R5_MAH00173.MP4	81061	59.94018
NMP_20190810_CF-19_BRUV	1	0	0.00000	0	CF-19_R5_MAH00174.MP4	57481	59.94018
NMP_20190810_CF-20_BRUV	0	0	0.00000	0	CF-20_L530_MAH00178.MP4	81120	59.94018
NMP_20190810_CF-20_BRUV	0	0	0.00000	0	CF-20_L530_MAH00179.MP4	81061	59.94018
NMP_20190810_CF-20_BRUV	0	0	0.00000	0	CF-20_L530_MAH00180.MP4	81061	59.94018
NMP_20190810_CF-20_BRUV	0	0	0.00000	0	CF-20_L530_MAH00181.MP4	81061	59.94018
NMP_20190810_CF-20_BRUV	0	0	0.00000	0	CF-20_L530_MAH00182.MP4	56431	59.94018
NMP_20190810_CF-20_BRUV	1	0	0.00000	0	CF-20_R529_MAH00180.MP4	81120	59.94018
NMP_20190810_CF-20_BRUV	1	0	0.00000	0	CF-20_R529_MAH00181.MP4	81061	59.94018
NMP_20190810_CF-20_BRUV	1	0	0.00000	0	CF-20_R529_MAH00182.MP4	81061	59.94018
NMP_20190810_CF-20_BRUV	1	0	0.00000	0	CF-20_R529_MAH00183.MP4	81061	59.94018
NMP_20190810_CF-20_BRUV	1	0	0.00000	0	CF-20_R529_MAH00184.MP4	58081	59.94018
NMP_20190810_CF-21_BRUV	0	0	0.00000	0	CF-21_L1B_MAH00245.MP4	81060	59.94018
NMP_20190810_CF-21_BRUV	0	0	0.00000	0	CF-21_L1B_MAH00246.MP4	81121	59.94018
NMP_20190810_CF-21_BRUV	0	0	0.00000	0	CF-21_L1B_MAH00247.MP4	81061	59.94018
NMP_20190810_CF-21_BRUV	0	0	0.00000	0	CF-21_L1B_MAH00248.MP4	81061	59.94018
NMP_20190810_CF-21_BRUV	0	0	0.00000	0	CF-21_L1B_MAH00249.MP4	50281	59.94018
NMP_20190810_CF-21_BRUV	1	0	0.00000	0	CF-21_R4B_MAH00180.MP4	81120	59.94018
NMP_20190810_CF-21_BRUV	1	0	0.00000	0	CF-21_R4B_MAH00181.MP4	81121	59.94018
NMP_20190810_CF-21_BRUV	1	0	0.00000	0	CF-21_R4B_MAH00182.MP4	81061	59.94018
NMP_20190810_CF-21_BRUV	1	0	0.00000	0	CF-21_R4B_MAH00183.MP4	81060	59.94018
NMP_20190810_CF-21_BRUV	1	0	0.00000	0	CF-21_R4B_MAH00184.MP4	51361	59.94018
NMP_20190810_CF-22_BRUV	0	0	0.00000	0	CF-22_L2_MAH00162.MP4	81120	59.94018
NMP_20190810_CF-22_BRUV	0	0	0.00000	0	CF-22_L2_MAH00163.MP4	81061	59.94018
NMP_20190810_CF-22_BRUV	0	0	0.00000	0	CF-22_L2_MAH00164.MP4	81061	59.94018
NMP_20190810_CF-22_BRUV	0	0	0.00000	0	CF-22_L2_MAH00165.MP4	81061	59.94018
NMP_20190810_CF-22_BRUV	0	0	0.00000	0	CF-22_L2_MAH00166.MP4	58801	59.94018
NMP_20190810_CF-22_BRUV	1	0	0.00000	0	CF-22_R3_MAH00181.MP4	81120	59.94018
NMP_20190810_CF-22_BRUV	1	0	0.00000	0	CF-22_R3_MAH00182.MP4	81061	59.94018
NMP_20190810_CF-22_BRUV	1	0	0.00000	0	CF-22_R3_MAH00183.MP4	81061	59.94018
NMP_20190810_CF-22_BRUV	1	0	0.00000	0	CF-22_R3_MAH00184.MP4	81061	59.94018
NMP_20190810_CF-22_BRUV	1	0	0.00000	0	CF-22_R3_MAH00185.MP4	58711	59.94018
NMP_20190810_CF-23_BRUV	0	0	0.00000	0	CF-23_L528_MAH00246.MP4	81120	59.94018
NMP_20190810_CF-23_BRUV	0	0	0.00000	0	CF-23_L528_MAH00247.MP4	81061	59.94018
NMP_20190810_CF-23_BRUV	0	0	0.00000	0	CF-23_L528_MAH00248.MP4	81061	59.94018
NMP_20190810_CF-23_BRUV	0	0	0.00000	0	CF-23_L528_MAH00249.MP4	81061	59.94018
NMP_20190810_CF-23_BRUV	0	0	0.00000	0	CF-23_L528_MAH00250.MP4	74371	59.94018
NMP_20190810_CF-23_BRUV	1	0	0.00000	0	CF-23_R527_MAH00183.MP4	81120	59.94018
NMP_20190810_CF-23_BRUV	1	0	0.00000	0	CF-23_R527_MAH00184.MP4	81061	59.94018
NMP_20190810_CF-23_BRUV	1	0	0.00000	0	CF-23_R527_MAH00185.MP4	81061	59.94018
NMP_20190810_CF-23_BRUV	1	0	0.00000	0	CF-23_R527_MAH00186.MP4	81061	59.94018
NMP_20190810_CF-23_BRUV	1	0	0.00000	0	CF-23_R527_MAH00187.MP4	75571	59.94018
NMP_20190810_CF-24_BRUV	0	0	0.00000	0	CF-24_L8_MAH00204.MP4	81120	59.94018
NMP_20190810_CF-24_BRUV	0	0	0.00000	0	CF-24_L8_MAH00205.MP4	81061	59.94018
NMP_20190810_CF-24_BRUV	0	0	0.00000	0	CF-24_L8_MAH00206.MP4	81061	59.94018
NMP_20190810_CF-24_BRUV	0	0	0.00000	0	CF-24_L8_MAH00207.MP4	81061	59.94018
NMP_20190810_CF-24_BRUV	0	0	0.00000	0	CF-24_L8_MAH00208.MP4	74431	59.94018
NMP_20190810_CF-24_BRUV	1	0	0.00000	0	CF-24_R7_MAH00238.MP4	81120	59.94018
NMP_20190810_CF-24_BRUV	1	0	0.00000	0	CF-24_R7_MAH00239.MP4	81061	59.94018
NMP_20190810_CF-24_BRUV	1	0	0.00000	0	CF-24_R7_MAH00240.MP4	81061	59.94018
NMP_20190810_CF-24_BRUV	1	0	0.00000	0	CF-24_R7_MAH00241.MP4	81061	59.94018
NMP_20190810_CF-24_BRUV	1	0	0.00000	0	CF-24_R7_MAH00242.MP4	75691	59.94018
NMP_20190810_CF-25_BRUV	0	0	0.00000	0	CF-25_L10_MAH00087.MP4	81120	59.94018
NMP_20190810_CF-25_BRUV	0	0	0.00000	0	CF-25_L10_MAH00088.MP4	81121	59.94018
NMP_20190810_CF-25_BRUV	0	0	0.00000	0	CF-25_L10_MAH00089.MP4	81121	59.94018
NMP_20190810_CF-25_BRUV	0	0	0.00000	0	CF-25_L10_MAH00090.MP4	81120	59.94018
NMP_20190810_CF-25_BRUV	0	0	0.00000	0	CF-25_L10_MAH00091.MP4	80191	59.94018
NMP_20190810_CF-25_BRUV	1	0	0.00000	0	CF-25_R9_MAH00238.MP4	81120	59.94018
NMP_20190810_CF-25_BRUV	1	0	0.00000	0	CF-25_R9_MAH00239.MP4	81121	59.94018
NMP_20190810_CF-25_BRUV	1	0	0.00000	0	CF-25_R9_MAH00240.MP4	81181	59.94018
NMP_20190810_CF-25_BRUV	1	0	0.00000	0	CF-25_R9_MAH00241.MP4	81180	59.94018
NMP_20190810_CF-25_BRUV	1	0	0.00000	0	CF-25_R9_MAH00242.MP4	79681	59.94018
NMP_20190810_CF-26_BRUV	0	0	0.00000	0	CF-26_L10_MAH00092.MP4	81120	59.94018
NMP_20190810_CF-26_BRUV	0	0	0.00000	0	CF-26_L10_MAH00093.MP4	81121	59.94018
NMP_20190810_CF-26_BRUV	0	0	0.00000	0	CF-26_L10_MAH00094.MP4	81061	59.94018
NMP_20190810_CF-26_BRUV	0	0	0.00000	0	CF-26_L10_MAH00095.MP4	18360	59.94018
NMP_20190810_CF-26_BRUV	1	0	0.00000	0	CF-26_R9_MAH00243.MP4	81120	59.94018
NMP_20190810_CF-26_BRUV	1	0	0.00000	0	CF-26_R9_MAH00244.MP4	81061	59.94018
NMP_20190810_CF-26_BRUV	1	0	0.00000	0	CF-26_R9_MAH00245.MP4	81061	59.94018
NMP_20190810_CF-26_BRUV	1	0	0.00000	0	CF-26_R9_MAH00246.MP4	19680	59.94018
NMP_20190810_CF-27_BRUV	0	0	0.00000	0	CF-27_L8_MAH00209.MP4	81180	59.94018
NMP_20190810_CF-27_BRUV	0	0	0.00000	0	CF-27_L8_MAH00210.MP4	81061	59.94018
NMP_20190810_CF-27_BRUV	0	0	0.00000	0	CF-27_L8_MAH00211.MP4	81061	59.94018
NMP_20190810_CF-27_BRUV	0	0	0.00000	0	CF-27_L8_MAH00212.MP4	23940	59.94018
NMP_20190810_CF-27_BRUV	1	0	0.00000	0	CF-27_R7_MAH00243.MP4	81180	59.94018
NMP_20190810_CF-27_BRUV	1	0	0.00000	0	CF-27_R7_MAH00244.MP4	81181	59.94018
NMP_20190810_CF-27_BRUV	1	0	0.00000	0	CF-27_R7_MAH00245.MP4	81301	59.94018
NMP_20190810_CF-27_BRUV	1	0	0.00000	0	CF-27_R7_MAH00246.MP4	24691	59.94018
NMP_20190810_CF-28_BRUV	0	0	0.00000	0	CF-28_L528_MAH00251.MP4	81120	59.94018
NMP_20190810_CF-28_BRUV	0	0	0.00000	0	CF-28_L528_MAH00252.MP4	81061	59.94018
NMP_20190810_CF-28_BRUV	0	0	0.00000	0	CF-28_L528_MAH00253.MP4	81121	59.94018
NMP_20190810_CF-28_BRUV	0	0	0.00000	0	CF-28_L528_MAH00254.MP4	30420	59.94018
NMP_20190810_CF-28_BRUV	1	0	0.00000	0	CF-28_R527_MAH00188.MP4	81120	59.94018
NMP_20190810_CF-28_BRUV	1	0	0.00000	0	CF-28_R527_MAH00189.MP4	81061	59.94018
NMP_20190810_CF-28_BRUV	1	0	0.00000	0	CF-28_R527_MAH00190.MP4	81061	59.94018
NMP_20190810_CF-28_BRUV	1	0	0.00000	0	CF-28_R527_MAH00191.MP4	32760	59.94018
NMP_20190810_CF-29_BRUV	0	0	0.00000	0	CF-29_L2_MAH00167.MP4	81120	59.94018
NMP_20190810_CF-29_BRUV	0	0	0.00000	0	CF-29_L2_MAH00168.MP4	81061	59.94018
NMP_20190810_CF-29_BRUV	0	0	0.00000	0	CF-29_L2_MAH00169.MP4	81061	59.94018
NMP_20190810_CF-29_BRUV	0	0	0.00000	0	CF-29_L2_MAH00170.MP4	38220	59.94018
NMP_20190810_CF-29_BRUV	1	0	0.00000	0	CF-29_R3_MAH00186.MP4	81120	59.94018
NMP_20190810_CF-29_BRUV	1	0	0.00000	0	CF-29_R3_MAH00187.MP4	81061	59.94018
NMP_20190810_CF-29_BRUV	1	0	0.00000	0	CF-29_R3_MAH00188.MP4	81061	59.94018
NMP_20190810_CF-29_BRUV	1	0	0.00000	0	CF-29_R3_MAH00189.MP4	38160	59.94018
NMP_20190810_CF-30_BRUV	0	0	0.00000	0	CF-30_L1B_MAH00250.MP4	81120	59.94018
NMP_20190810_CF-30_BRUV	0	0	0.00000	0	CF-30_L1B_MAH00251.MP4	81061	59.94018
NMP_20190810_CF-30_BRUV	0	0	0.00000	0	CF-30_L1B_MAH00252.MP4	81061	59.94018
NMP_20190810_CF-30_BRUV	0	0	0.00000	0	CF-30_L1B_MAH00253.MP4	48960	59.94018
NMP_20190810_CF-30_BRUV	1	0	0.00000	0	CF-30_R4B_MAH00185.MP4	81120	59.94018
NMP_20190810_CF-30_BRUV	1	0	0.00000	0	CF-30_R4B_MAH00186.MP4	81061	59.94018
NMP_20190810_CF-30_BRUV	1	0	0.00000	0	CF-30_R4B_MAH00187.MP4	81061	59.94018
NMP_20190810_CS-31_BRUV	0	0	0.00000	0	CS-31_L530_MAH00183.MP4	81120	59.94018
NMP_20190810_CS-31_BRUV	0	0	0.00000	0	CS-31_L530_MAH00184.MP4	81061	59.94018
NMP_20190810_CS-31_BRUV	0	0	0.00000	0	CS-31_L530_MAH00185.MP4	81061	59.94018
NMP_20190810_CS-31_BRUV	0	0	0.00000	0	CS-31_L530_MAH00186.MP4	53070	59.94018
NMP_20190810_CS-31_BRUV	1	0	0.00000	0	CS-31_R529_MAH00185.MP4	81120	59.94018
NMP_20190810_CS-31_BRUV	1	0	0.00000	0	CS-31_R529_MAH00186.MP4	81061	59.94018
NMP_20190810_CS-31_BRUV	1	0	0.00000	0	CS-31_R529_MAH00187.MP4	81061	59.94018
NMP_20190810_CS-31_BRUV	1	0	0.00000	0	CS-31_R529_MAH00188.MP4	53640	59.94018
NMP_20190810_CS-32_BRUV	0	0	0.00000	0	CS-32_L6_MAH00243.MP4	81120	59.94018
NMP_20190810_CS-32_BRUV	0	0	0.00000	0	CS-32_L6_MAH00244.MP4	81061	59.94018
NMP_20190810_CS-32_BRUV	0	0	0.00000	0	CS-32_L6_MAH00245.MP4	81061	59.94018
NMP_20190810_CS-32_BRUV	0	0	0.00000	0	CS-32_L6_MAH00246.MP4	46410	59.94018
NMP_20190810_CS-32_BRUV	1	0	0.00000	0	CS-32_R5_MAH00175.MP4	81120	59.94018
NMP_20190810_CS-32_BRUV	1	0	0.00000	0	CS-32_R5_MAH00176.MP4	81061	59.94018
NMP_20190810_CS-32_BRUV	1	0	0.00000	0	CS-32_R5_MAH00177.MP4	81061	59.94018
NMP_20190810_CS-32_BRUV	1	0	0.00000	0	CS-32_R5_MAH00178.MP4	45210	59.94018
NMP_20190810_CS-33_BRUV	0	0	0.00000	0	CS-33_L532_MAH00173.MP4	81120	59.94018
NMP_20190810_CS-33_BRUV	0	0	0.00000	0	CS-33_L532_MAH00174.MP4	81181	59.94018
NMP_20190810_CS-33_BRUV	0	0	0.00000	0	CS-33_L532_MAH00175.MP4	81241	59.94018
NMP_20190810_CS-33_BRUV	0	0	0.00000	0	CS-33_L532_MAH00176.MP4	55381	59.94018
NMP_20190810_CS-33_BRUV	1	0	0.00000	0	CS-33_R531_MAH00237.MP4	81120	59.94018
NMP_20190810_CS-33_BRUV	1	0	0.00000	0	CS-33_R531_MAH00238.MP4	81181	59.94018
NMP_20190810_CS-33_BRUV	1	0	0.00000	0	CS-33_R531_MAH00239.MP4	81181	59.94018
NMP_20190810_CS-33_BRUV	1	0	0.00000	0	CS-33_R531_MAH00240.MP4	53671	59.94018
NMP_20190810_CS-34_BRUV	0	0	0.00000	0	CS-34_R533_MAH00034.MP4	81120	59.94018
NMP_20190810_CS-34_BRUV	0	0	0.00000	0	CS-34_R533_MAH00035.MP4	81121	59.94018
NMP_20190810_CS-34_BRUV	0	0	0.00000	0	CS-34_R533_MAH00036.MP4	81061	59.94018
NMP_20190810_CS-34_BRUV	0	0	0.00000	0	CS-34_R533_MAH00037.MP4	52650	59.94018
NMP_20190810_CS-35_BRUV	0	0	0.00000	0	CS-35_L524_MAH00262.MP4	81120	59.94018
NMP_20190810_CS-35_BRUV	0	0	0.00000	0	CS-35_L524_MAH00263.MP4	81061	59.94018
NMP_20190810_CS-35_BRUV	0	0	0.00000	0	CS-35_L524_MAH00264.MP4	81061	59.94018
NMP_20190810_CS-35_BRUV	0	0	0.00000	0	CS-35_L524_MAH00265.MP4	55710	59.94018
NMP_20190810_CS-35_BRUV	1	0	0.00000	0	CS-35_R523_MAH00192.MP4	81120	59.94018
NMP_20190810_CS-35_BRUV	1	0	0.00000	0	CS-35_R523_MAH00193.MP4	81061	59.94018
NMP_20190810_CS-35_BRUV	1	0	0.00000	0	CS-35_R523_MAH00194.MP4	81061	59.94018
NMP_20190810_CS-35_BRUV	1	0	0.00000	0	CS-35_R523_MAH00195.MP4	60270	59.94018
NMP_20190810_CS-36_BRUV	0	0	0.00000	0	CS-36_L524_MAH00266.MP4	81120	59.94018
NMP_20190810_CS-36_BRUV	0	0	0.00000	0	CS-36_L524_MAH00267.MP4	81121	59.94018
NMP_20190810_CS-36_BRUV	0	0	0.00000	0	CS-36_L524_MAH00268.MP4	81061	59.94018
NMP_20190810_CS-36_BRUV	0	0	0.00000	0	CS-36_L524_MAH00269.MP4	65730	59.94018
NMP_20190810_CS-36_BRUV	1	0	0.00000	0	CS-36_R253_MAH00196.MP4	81120	59.94018
NMP_20190810_CS-36_BRUV	1	0	0.00000	0	CS-36_R253_MAH00197.MP4	81121	59.94018
NMP_20190810_CS-36_BRUV	1	0	0.00000	0	CS-36_R253_MAH00198.MP4	81121	59.94018
NMP_20190810_CS-36_BRUV	1	0	0.00000	0	CS-36_R253_MAH00199.MP4	66840	59.94018
NMP_20190810_CS-37_BRUV	0	0	0.00000	0	CS-37_L526_MAH00193.MP4	81120	59.94018
NMP_20190810_CS-37_BRUV	0	0	0.00000	0	CS-37_L526_MAH00194.MP4	81061	59.94018
NMP_20190810_CS-37_BRUV	0	0	0.00000	0	CS-37_L526_MAH00195.MP4	81061	59.94018
NMP_20190810_CS-37_BRUV	0	0	0.00000	0	CS-37_L526_MAH00196.MP4	72301	59.94018
NMP_20190810_CS-37_BRUV	1	0	0.00000	0	CS-37_R533_MAH00038.MP4	81120	59.94018
NMP_20190810_CS-37_BRUV	1	0	0.00000	0	CS-37_R533_MAH00039.MP4	81121	59.94018
NMP_20190810_CS-37_BRUV	1	0	0.00000	0	CS-37_R533_MAH00040.MP4	81061	59.94018
NMP_20190810_CS-37_BRUV	1	0	0.00000	0	CS-37_R533_MAH00041.MP4	73860	59.94018
NMP_20190810_CS-38_BRUV	0	0	0.00000	0	CS-38_L532_MAH00177.MP4	81120	59.94018
NMP_20190810_CS-38_BRUV	0	0	0.00000	0	CS-38_L532_MAH00178.MP4	81121	59.94018
NMP_20190810_CS-38_BRUV	0	0	0.00000	0	CS-38_L532_MAH00179.MP4	81061	59.94018
NMP_20190810_CS-38_BRUV	0	0	0.00000	0	CS-38_L532_MAH00180.MP4	77070	59.94018
NMP_20190810_CS-38_BRUV	1	0	0.00000	0	CS-38_R531_MAH00241.MP4	81120	59.94018
NMP_20190810_CS-38_BRUV	1	0	0.00000	0	CS-38_R531_MAH00242.MP4	81121	59.94018
NMP_20190810_CS-38_BRUV	1	0	0.00000	0	CS-38_R531_MAH00243.MP4	81061	59.94018
NMP_20190810_CS-38_BRUV	1	0	0.00000	0	CS-38_R531_MAH00244.MP4	77490	59.94018
NMP_20190810_CS-39_BRUV	0	0	0.00000	0	CS-39_L6_MAH00247.MP4	81120	59.94018
NMP_20190810_CS-39_BRUV	0	0	0.00000	0	CS-39_L6_MAH00248.MP4	81121	59.94018
NMP_20190810_CS-39_BRUV	0	0	0.00000	0	CS-39_L6_MAH00249.MP4	81061	59.94018
NMP_20190810_CS-39_BRUV	0	0	0.00000	0	CS-39_L6_MAH00250.MP4	76530	59.94018
NMP_20190810_CS-39_BRUV	1	0	0.00000	0	CS-39_R5_MAH00179.MP4	81120	59.94018
NMP_20190810_CS-39_BRUV	1	0	0.00000	0	CS-39_R5_MAH00180.MP4	81121	59.94018
NMP_20190810_CS-39_BRUV	1	0	0.00000	0	CS-39_R5_MAH00181.MP4	81061	59.94018
NMP_20190810_CS-39_BRUV	1	0	0.00000	0	CS-39_R5_MAH00182.MP4	77160	59.94018
NMP_20190810_CS-40_BRUV	0	0	0.00000	0	CS-40_L530_MAH00187.MP4	81120	59.94018
NMP_20190810_CS-40_BRUV	0	0	0.00000	0	CS-40_L530_MAH00188.MP4	81061	59.94018
NMP_20190810_CS-40_BRUV	0	0	0.00000	0	CS-40_L530_MAH00189.MP4	81061	59.94018
NMP_20190810_CS-40_BRUV	0	0	0.00000	0	CS-40_L530_MAH00190.MP4	81061	59.94018
NMP_20190810_CS-40_BRUV	0	0	0.00000	0	CS-40_L530_MAH00191.MP4	28201	59.94018
NMP_20190810_CS-40_BRUV	1	0	0.00000	0	CS-40_R529_MAH00189.MP4	81120	59.94018
NMP_20190810_CS-40_BRUV	1	0	0.00000	0	CS-40_R529_MAH00190.MP4	81061	59.94018
NMP_20190810_CS-40_BRUV	1	0	0.00000	0	CS-40_R529_MAH00191.MP4	81061	59.94018
NMP_20190810_CS-40_BRUV	1	0	0.00000	0	CS-40_R529_MAH00192.MP4	81061	59.94018
NMP_20190810_CS-40_BRUV	1	0	0.00000	0	CS-40_R529_MAH00193.MP4	30871	59.94018
NMP_20190810_CS-41_BRUV	0	0	0.00000	0	CS-41_L1B_MAH00254.MP4	81120	59.94018
NMP_20190810_CS-41_BRUV	0	0	0.00000	0	CS-41_L1B_MAH00255.MP4	81061	59.94018
NMP_20190810_CS-41_BRUV	0	0	0.00000	0	CS-41_L1B_MAH00256.MP4	81061	59.94018
NMP_20190810_CS-41_BRUV	0	0	0.00000	0	CS-41_L1B_MAH00257.MP4	81061	59.94018
NMP_20190810_CS-41_BRUV	0	0	0.00000	0	CS-41_L1B_MAH00258.MP4	27091	59.94018
NMP_20190810_CS-42_BRUV	0	0	0.00000	0	CS-42_L2_MAH00171.MP4	81120	59.94018
NMP_20190810_CS-42_BRUV	0	0	0.00000	0	CS-42_L2_MAH00172.MP4	81061	59.94018
NMP_20190810_CS-42_BRUV	0	0	0.00000	0	CS-42_L2_MAH00173.MP4	81061	59.94018
NMP_20190810_CS-42_BRUV	0	0	0.00000	0	CS-42_L2_MAH00174.MP4	81061	59.94018
NMP_20190810_CS-42_BRUV	0	0	0.00000	0	CS-42_L2_MAH00175.MP4	26971	59.94018
NMP_20190810_CS-42_BRUV	1	0	0.00000	0	CS-42_R3_MAH00190.MP4	81120	59.94018
NMP_20190810_CS-42_BRUV	1	0	0.00000	0	CS-42_R3_MAH00191.MP4	81061	59.94018
NMP_20190810_CS-42_BRUV	1	0	0.00000	0	CS-42_R3_MAH00192.MP4	81121	59.94018
NMP_20190810_CS-42_BRUV	1	0	0.00000	0	CS-42_R3_MAH00193.MP4	81060	59.94018
NMP_20190810_CS-42_BRUV	1	0	0.00000	0	CS-42_R3_MAH00194.MP4	26851	59.94018
NMP_20190810_CS-43_BRUV	0	0	0.00000	0	CS-43_L528_MAH00255.MP4	81120	59.94018
NMP_20190810_CS-43_BRUV	0	0	0.00000	0	CS-43_L528_MAH00256.MP4	81061	59.94018
NMP_20190810_CS-43_BRUV	0	0	0.00000	0	CS-43_L528_MAH00257.MP4	81061	59.94018
NMP_20190810_CS-43_BRUV	0	0	0.00000	0	CS-43_L528_MAH00258.MP4	81061	59.94018
NMP_20190810_CS-43_BRUV	0	0	0.00000	0	CS-43_L528_MAH00259.MP4	39241	59.94018
NMP_20190810_CS-43_BRUV	1	0	0.00000	0	CS-43_R527_MAH00192.MP4	81120	59.94018
NMP_20190810_CS-43_BRUV	1	0	0.00000	0	CS-43_R527_MAH00193.MP4	81061	59.94018
NMP_20190810_CS-43_BRUV	1	0	0.00000	0	CS-43_R527_MAH00194.MP4	81061	59.94018
NMP_20190810_CS-43_BRUV	1	0	0.00000	0	CS-43_R527_MAH00195.MP4	81061	59.94018
NMP_20190810_CS-43_BRUV	1	0	0.00000	0	CS-43_R527_MAH00196.MP4	40741	59.94018
NMP_20190810_CS-44_BRUV	0	0	0.00000	0	CS-44_L8_MAH00213.MP4	81120	59.94018
NMP_20190810_CS-44_BRUV	0	0	0.00000	0	CS-44_L8_MAH00214.MP4	81061	59.94018
NMP_20190810_CS-44_BRUV	0	0	0.00000	0	CS-44_L8_MAH00215.MP4	81061	59.94018
NMP_20190810_CS-44_BRUV	0	0	0.00000	0	CS-44_L8_MAH00216.MP4	81061	59.94018
NMP_20190810_CS-44_BRUV	0	0	0.00000	0	CS-44_L8_MAH00217.MP4	42451	59.94018
NMP_20190810_CS-44_BRUV	1	0	0.00000	0	CS-44_R7_MAH00247.MP4	81120	59.94018
NMP_20190810_CS-44_BRUV	1	0	0.00000	0	CS-44_R7_MAH00248.MP4	81061	59.94018
NMP_20190810_CS-44_BRUV	1	0	0.00000	0	CS-44_R7_MAH00249.MP4	81061	59.94018
NMP_20190810_CS-44_BRUV	1	0	0.00000	0	CS-44_R7_MAH00250.MP4	81061	59.94018
NMP_20190810_CS-44_BRUV	1	0	0.00000	0	CS-44_R7_MAH00251.MP4	43381	59.94018
NMP_20190810_CS-45_BRUV	0	0	0.00000	0	CS-45_L10_MAH00096.MP4	81120	59.94018
NMP_20190810_CS-45_BRUV	0	0	0.00000	0	CS-45_L10_MAH00097.MP4	81061	59.94018
NMP_20190810_CS-45_BRUV	0	0	0.00000	0	CS-45_L10_MAH00098.MP4	81061	59.94018
NMP_20190810_CS-45_BRUV	0	0	0.00000	0	CS-45_L10_MAH00099.MP4	81061	59.94018
NMP_20190810_CS-45_BRUV	0	0	0.00000	0	CS-45_L10_MAH00100.MP4	46201	59.94018
NMP_20190810_CS-45_BRUV	1	0	0.00000	0	CS-45_R9_MAH00247.MP4	81120	59.94018
NMP_20190810_CS-45_BRUV	1	0	0.00000	0	CS-45_R9_MAH00248.MP4	81061	59.94018
NMP_20190810_CS-45_BRUV	1	0	0.00000	0	CS-45_R9_MAH00249.MP4	81061	59.94018
NMP_20190810_CS-45_BRUV	1	0	0.00000	0	CS-45_R9_MAH00250.MP4	81061	59.94018
NMP_20190810_CS-45_BRUV	1	0	0.00000	0	CS-45_R9_MAH00251.MP4	46081	59.94018
