Sample,Family,Genus,Species,Count,Code,Filename,Frame,Time (mins),TapeReader,Depth,Comment,Habitat,Soak time,Bias,FOV,Vis,Has fed
BSCI01_1803,Arripidae,Arripis,georgianus,6,37344001,BSCI01_L.avi,153503,42.6823,YEglinton,3.3,NA,Posidonia;Dense,60,2,1,3,No
BSCI01_1803,Gerreidae,Parequula,melbournensis,9,37349001,BSCI01_L.avi,39798,11.066,YEglinton,3.3,NA,Posidonia;Dense,60,2,1,3,No
BSCI01_1803,Monacanthidae,unknown,sp,2,37465903,BSCI01_L.avi,64692,17.9879,YEglinton,3.3,NA,Posidonia;Dense,60,2,1,3,No
BSCI01_1803,Monacanthidae,Acanthaluteres,vittiger,3,37465002,BSCI01_L.avi,89599,24.9134,YEglinton,3.3,NA,Posidonia;Dense,60,2,1,3,No
BSCI01_1803,Mullidae,Upeneichthys,vlamingii,1,37355029,BSCI01_L.avi,22377,6.222,YEglinton,3.3,NA,Posidonia;Dense,60,2,1,3,No
BSCI01_1803,Odacidae,Haletta,semifasciata,1,37385009,BSCI01_L.avi,37642,10.4665,YEglinton,3.3,NA,Posidonia;Dense,60,2,1,3,No
BSCI01_1803,Odacidae,Neoodax,balteatus,7,37385005,BSCI01_L.avi,78724,21.8896,YEglinton,3.3,NA,Posidonia;Dense,60,2,1,3,No
BSCI01_1803,Portunidae,Nectocarcinus,integrifrons,1,28911010,BSCI01_L.avi,172340,47.92,YEglinton,3.3,NA,Posidonia;Dense,60,2,1,3,No
BSCI01_1803,Portunidae,Portunus,armatus,1,28911005,BSCI01_L.avi,124439,34.6009,YEglinton,3.3,NA,Posidonia;Dense,60,2,1,3,No
BSCI01_1803,Sillaginidae,Sillaginodes,punctatus,2,37330001,BSCI01_L.avi,45072,12.5325,YEglinton,3.3,NA,Posidonia;Dense,60,2,1,3,No
BSCI01_1803,Sphyraenidae,Sphyraena,novaehollandiae,1,37382002,BSCI01_L.avi,146217,40.6564,YEglinton,3.3,NA,Posidonia;Dense,60,2,1,3,No
BSCI01_1803,Terapontidae,Pelates,octolineatus,40,37321020,BSCI01_L.avi,166970,46.4268,YEglinton,3.3,NA,Posidonia;Dense,60,2,1,3,No
BSCI02_1803,Atherinidae,Kestratherina,esox,1,37246003,BSCI02_L.avi,211625,58.8434,YEglinton,2.8,NA,Posidonia (epiphytes); Dense,60,2,1,2,No
BSCI02_1803,Gerreidae,Parequula,melbournensis,7,37349001,BSCI02_L.avi,135437,37.6589,YEglinton,2.8,NA,Posidonia (epiphytes); Dense,60,2,1,2,No
BSCI02_1803,Monacanthidae,Acanthaluteres,vittiger,35,37465002,BSCI02_L.avi,127714,35.5115,YEglinton,2.8,NA,Posidonia (epiphytes); Dense,60,2,1,2,No
BSCI02_1803,Monacanthidae,Nelusetta,ayraud,1,37465006,BSCI02_L.avi,53198,14.792,YEglinton,2.8,NA,Posidonia (epiphytes); Dense,60,2,1,2,No
BSCI02_1803,Odacidae,Haletta,semifasciata,1,37385009,BSCI02_L.avi,114525,31.8442,YEglinton,2.8,NA,Posidonia (epiphytes); Dense,60,2,1,2,No
BSCI02_1803,Odacidae,Neoodax,balteatus,14,37385005,BSCI02_L.avi,203279,56.5227,YEglinton,2.8,NA,Posidonia (epiphytes); Dense,60,2,1,2,No
BSCI02_1803,Portunidae,Nectocarcinus,integrifrons,1,28911010,BSCI02_L.avi,56184,15.6222,YEglinton,2.8,NA,Posidonia (epiphytes); Dense,60,2,1,2,No
BSCI02_1803,Portunidae,Portunus,armatus,1,28911005,BSCI02_L.avi,92055,25.5964,YEglinton,2.8,NA,Posidonia (epiphytes); Dense,60,2,1,2,No
BSCI02_1803,Terapontidae,Pelates,octolineatus,8,37321020,BSCI02_L.avi,121544,33.7959,YEglinton,2.8,NA,Posidonia (epiphytes); Dense,60,2,1,2,No
BSCI02_1803,Tetraodontidae,unknown,sp,1,37467e3,BSCI02_L.avi,33686,9.3666,YEglinton,2.8,NA,Posidonia (epiphytes); Dense,60,2,1,2,No
BSCI03_1803,Arripidae,Arripis,georgianus,1,37344001,BSCI03_L.avi,32091,8.9231,YEglinton,2.8,NA,Posidonia;Epiphyte:Dense,60,2,1,2,No
BSCI03_1803,Arripidae,Arripis,truttaceus,3,37344004,BSCI03_L.avi,201338,55.983,YEglinton,2.8,NA,Posidonia;Epiphyte:Dense,60,2,1,2,No
BSCI03_1803,Gerreidae,Parequula,melbournensis,3,37349001,BSCI03_L.avi,32668,9.0835,YEglinton,2.8,NA,Posidonia;Epiphyte:Dense,60,2,1,2,No
BSCI03_1803,Monacanthidae,unknown,sp,20,37465903,BSCI03_L.avi,48490,13.4829,YEglinton,2.8,NA,Posidonia;Epiphyte:Dense,60,2,1,2,No
BSCI03_1803,Odacidae,Haletta,semifasciata,2,37385009,BSCI03_L.avi,149841,41.664,YEglinton,2.8,NA,Posidonia;Epiphyte:Dense,60,2,1,2,No
BSCI03_1803,Odacidae,Neoodax,balteatus,8,37385005,BSCI03_L.avi,188807,52.4987,YEglinton,2.8,NA,Posidonia;Epiphyte:Dense,60,2,1,2,No
BSCI03_1803,Portunidae,Portunus,armatus,1,28911005,BSCI03_L.avi,24384,6.7801,YEglinton,2.8,NA,Posidonia;Epiphyte:Dense,60,2,1,2,No
BSCI03_1803,Rhinobatidae,Trygonorrhina,dumerilii,1,37027011,BSCI03_L.avi,30301,8.4253,YEglinton,2.8,NA,Posidonia;Epiphyte:Dense,60,2,1,2,No
BSCI03_1803,Sphyraenidae,Sphyraena,novaehollandiae,1,37382002,BSCI03_L.avi,216969,60.3293,YEglinton,2.8,NA,Posidonia;Epiphyte:Dense,60,2,1,2,No
BSCI03_1803,Terapontidae,Pelates,octolineatus,60,37321020,BSCI03_L.avi,182794,50.8268,YEglinton,2.8,NA,Posidonia;Epiphyte:Dense,60,2,1,2,No
BSCI04_1803,Apogonidae,unknown,sp,1,37327003,BSCI04_L.avi,17772,4.9416,YEglinton,2.8,NA,Posidonia;Epiphyte;Dense,60,2,1,2,No
BSCI04_1803,Clupeidae,Hyperlophus,vittatus,50,37085005,BSCI04_L.avi,20110,5.5917,YEglinton,2.8,NA,Posidonia;Epiphyte;Dense,60,2,1,2,No
BSCI04_1803,Odacidae,Haletta,semifasciata,2,37385009,BSCI04_L.avi,172517,47.9692,YEglinton,2.8,NA,Posidonia;Epiphyte;Dense,60,2,1,2,No
BSCI04_1803,Odacidae,Neoodax,balteatus,7,37385005,BSCI04_L.avi,146954,40.8613,YEglinton,2.8,NA,Posidonia;Epiphyte;Dense,60,2,1,2,No
BSCI04_1803,Portunidae,Nectocarcinus,integrifrons,1,28911010,BSCI04_L.avi,171324,47.6375,YEglinton,2.8,NA,Posidonia;Epiphyte;Dense,60,2,1,2,No
BSCI04_1803,Portunidae,Portunus,armatus,2,28911005,BSCI04_L.avi,115068,31.9952,YEglinton,2.8,NA,Posidonia;Epiphyte;Dense,60,2,1,2,No
BSCI04_1803,Rhinobatidae,Trygonorrhina,dumerilii,1,37027011,BSCI04_L.avi,58353,16.2253,YEglinton,2.8,NA,Posidonia;Epiphyte;Dense,60,2,1,2,No
BSCI04_1803,Sillaginidae,Sillaginodes,punctatus,1,37330001,BSCI04_L.avi,38233,10.6309,YEglinton,2.8,NA,Posidonia;Epiphyte;Dense,60,2,1,2,No
BSCI04_1803,Sphyraenidae,Sphyraena,novaehollandiae,1,37382002,BSCI04_L.avi,11480,3.1921,YEglinton,2.8,NA,Posidonia;Epiphyte;Dense,60,2,1,2,No
BSCI04_1803,Terapontidae,Pelates,octolineatus,12,37321020,BSCI04_L.avi,153135,42.58,YEglinton,2.8,NA,Posidonia;Epiphyte;Dense,60,2,1,2,No
BSCI04_1803,Urolophidae,Trygonoptera,mucosa,1,37038015,BSCI04_L.avi,140807,39.1521,YEglinton,2.8,NA,Posidonia;Epiphyte;Dense,60,2,1,2,No
BSCO01_1803,Arripidae,Arripis,georgianus,7,37344001,BSCO01_L.avi,83103,23.1072,YEglinton,5.1,NA,Posidonia; sparse,60,2,1,2,No
BSCO01_1803,Monacanthidae,unknown,sp,4,37465903,BSCO01_L.avi,65967,18.3425,YEglinton,5.1,NA,Posidonia; sparse,60,2,1,2,No
BSCO01_1803,Odacidae,Haletta,semifasciata,3,37385009,BSCO01_L.avi,103972,28.9099,YEglinton,5.1,NA,Posidonia; sparse,60,2,1,2,No
BSCO01_1803,Odacidae,Neoodax,balteatus,9,37385005,BSCO01_L.avi,171255,47.6183,YEglinton,5.1,NA,Posidonia; sparse,60,2,1,2,No
BSCO01_1803,Portunidae,Nectocarcinus,integrifrons,1,28911010,BSCO01_L.avi,96011,26.6963,YEglinton,5.1,NA,Posidonia; sparse,60,2,1,2,No
BSCO01_1803,Portunidae,Portunus,armatus,1,28911005,BSCO01_L.avi,66606,18.5201,YEglinton,5.1,NA,Posidonia; sparse,60,2,1,2,No
BSCO01_1803,Sillaginidae,Sillaginodes,punctatus,3,37330001,BSCO01_L.avi,197327,54.8678,YEglinton,5.1,NA,Posidonia; sparse,60,2,1,2,No
BSCO02_1803,Arripidae,Arripis,georgianus,3,37344001,BSCO02_L.avi,41800,11.6227,YEglinton,5.1,NA,Posidonia;Epiphytes;Dense,60,2,1,1,No
BSCO02_1803,Atherinidae,unknown,sp,30,37246e3,BSCO02_L.avi,23889,6.6425,YEglinton,5.1,NA,Posidonia;Epiphytes;Dense,60,2,1,1,No
BSCO02_1803,Loliginidae,Sepioteuthis,australis,1,23617005,BSCO02_L.avi,174804,48.6051,YEglinton,5.1,NA,Posidonia;Epiphytes;Dense,60,2,1,1,No
BSCO02_1803,Monacanthidae,unknown,sp,3,37465903,BSCO02_L.avi,51550,14.3337,YEglinton,5.1,NA,Posidonia;Epiphytes;Dense,60,2,1,1,No
BSCO02_1803,Mullidae,Upeneichthys,vlamingii,1,37355029,BSCO02_L.avi,7011,1.9494,YEglinton,5.1,NA,Posidonia;Epiphytes;Dense,60,2,1,1,No
BSCO02_1803,Odacidae,Neoodax,balteatus,12,37385005,BSCO02_L.avi,77842,21.6444,YEglinton,5.1,NA,Posidonia;Epiphytes;Dense,60,2,1,1,No
BSCO02_1803,Pentacerotidae,Pentaceropsis,recurvirostris,1,37367003,BSCO02_L.avi,55224,15.3553,YEglinton,5.1,NA,Posidonia;Epiphytes;Dense,60,2,1,1,No
BSCO02_1803,Portunidae,Portunus,armatus,1,28911005,BSCO02_L.avi,184317,51.2503,YEglinton,5.1,NA,Posidonia;Epiphytes;Dense,60,2,1,1,No
BSCO02_1803,Rhinobatidae,Trygonorrhina,dumerilii,1,37027011,BSCO02_L.avi,158673,44.1198,YEglinton,5.1,NA,Posidonia;Epiphytes;Dense,60,2,1,1,No
BSCO02_1803,Sillaginidae,Sillaginodes,punctatus,3,37330001,BSCO02_L.avi,123765,34.4135,YEglinton,5.1,NA,Posidonia;Epiphytes;Dense,60,2,1,1,No
BSCO02_1803,Sphyraenidae,Sphyraena,novaehollandiae,1,37382002,BSCO02_L.avi,60294,16.765,YEglinton,5.1,NA,Posidonia;Epiphytes;Dense,60,2,1,1,No
BSCO02_1803,Terapontidae,Pelates,octolineatus,1,37321020,BSCO02_L.avi,63684,17.7077,YEglinton,5.1,NA,Posidonia;Epiphytes;Dense,60,2,1,1,No
BSCO03_1803,Arripidae,Arripis,georgianus,2,37344001,BSCO03_L.avi,142710,39.6812,YEglinton,5.2,NA,Posidonia;Epiphytes;Dense,60,2,1,1,No
BSCO03_1803,Atherinidae,unknown,sp,30,37246e3,BSCO03_L.avi,125694,34.9498,YEglinton,5.2,NA,Posidonia;Epiphytes;Dense,60,2,1,1,No
BSCO03_1803,Molpadiidae,unknown,sp,1,25436e3,BSCO03_L.avi,164181,45.6513,YEglinton,5.2,NA,Posidonia;Epiphytes;Dense,60,2,1,1,No
BSCO03_1803,Mullidae,Upeneichthys,vlamingii,2,37355029,BSCO03_L.avi,202338,56.2611,YEglinton,5.2,NA,Posidonia;Epiphytes;Dense,60,2,1,1,No
BSCO03_1803,Odacidae,Haletta,semifasciata,1,37385009,BSCO03_L.avi,209275,58.19,YEglinton,5.2,NA,Posidonia;Epiphytes;Dense,60,2,1,1,No
BSCO03_1803,Odacidae,Neoodax,balteatus,15,37385005,BSCO03_L.avi,208327,57.9264,YEglinton,5.2,NA,Posidonia;Epiphytes;Dense,60,2,1,1,No
BSCO03_1803,Portunidae,Nectocarcinus,integrifrons,1,28911010,BSCO03_L.avi,35295,9.814,YEglinton,5.2,NA,Posidonia;Epiphytes;Dense,60,2,1,1,No
BSCO03_1803,Portunidae,Portunus,armatus,1,28911005,BSCO03_L.avi,64574,17.9551,YEglinton,5.2,NA,Posidonia;Epiphytes;Dense,60,2,1,1,No
BSCO03_1803,Sillaginidae,Sillaginodes,punctatus,3,37330001,BSCO03_L.avi,79772,22.181,YEglinton,5.2,NA,Posidonia;Epiphytes;Dense,60,2,1,1,No
BSCO03_1803,Sphyraenidae,Sphyraena,novaehollandiae,1,37382002,BSCO03_L.avi,154886,43.0668,YEglinton,5.2,NA,Posidonia;Epiphytes;Dense,60,2,1,1,No
BSCO04_1803,Arripidae,Arripis,georgianus,4,37344001,BSCO04_L.avi,50567,14.0604,YEglinton,5.5,NA,Halophila;Sparse,60,2,1,1,No
BSCO04_1803,Dasyatidae,Dasyatis,brevicaudata,1,37035001,BSCO04_L.avi,212843,59.1821,YEglinton,5.5,NA,Halophila;Sparse,60,2,1,1,No
BSCO04_1803,Monacanthidae,unknown,sp,5,37465903,BSCO04_L.avi,136945,38.0782,YEglinton,5.5,NA,Halophila;Sparse,60,2,1,1,No
BSCO04_1803,Odacidae,Haletta,semifasciata,1,37385009,BSCO04_L.avi,154861,43.0599,YEglinton,5.5,NA,Halophila;Sparse,60,2,1,1,No
BSCO04_1803,Odacidae,Neoodax,balteatus,23,37385005,BSCO04_L.avi,80677,22.4326,YEglinton,5.5,NA,Halophila;Sparse,60,2,1,1,No
BSCO04_1803,Platycephalidae,Platycephalus,speculator,1,37296037,BSCO04_L.avi,17542,4.8776,YEglinton,5.5,NA,Halophila;Sparse,60,2,1,1,No
BSCO04_1803,Portunidae,Nectocarcinus,integrifrons,3,28911010,BSCO04_L.avi,107277,29.8289,YEglinton,5.5,NA,Halophila;Sparse,60,2,1,1,No
BSCO04_1803,Portunidae,Portunus,armatus,1,28911005,BSCO04_L.avi,80037,22.2547,YEglinton,5.5,NA,Halophila;Sparse,60,2,1,1,No
BSCO04_1803,Sillaginidae,Sillaginodes,punctatus,4,37330001,BSCO04_L.avi,154610,42.9901,YEglinton,5.5,NA,Halophila;Sparse,60,2,1,1,No
BSEI01_1803,Arripidae,Arripis,georgianus,7,37344001,BSEI01_L.avi,206748,57.4873,YEglinton,2.7,NA,Halophila;Sparse,60,2,1,2,No
BSEI01_1803,Carangidae,Pseudocaranx,georgianus,1,37337062,BSEI01_L.avi,97329,27.0628,YEglinton,2.7,NA,Halophila;Sparse,60,2,1,2,No
BSEI01_1803,Gerreidae,Parequula,melbournensis,20,37349001,BSEI01_L.avi,25106,6.9808,YEglinton,2.7,NA,Halophila;Sparse,60,2,1,2,No
BSEI01_1803,Odacidae,Neoodax,balteatus,1,37385005,BSEI01_L.avi,129803,36.0924,YEglinton,2.7,NA,Halophila;Sparse,60,2,1,2,No
BSEI01_1803,Portunidae,Nectocarcinus,integrifrons,3,28911010,BSEI01_L.avi,93323,25.9489,YEglinton,2.7,NA,Halophila;Sparse,60,2,1,2,No
BSEI01_1803,Portunidae,Portunus,armatus,2,28911005,BSEI01_L.avi,67394,18.7392,YEglinton,2.7,NA,Halophila;Sparse,60,2,1,2,No
BSEI01_1803,Sillaginidae,Sillaginodes,punctatus,2,37330001,BSEI01_L.avi,15318,4.2592,YEglinton,2.7,NA,Halophila;Sparse,60,2,1,2,No
BSEI01_1803,Sphyraenidae,Sphyraena,novaehollandiae,1,37382002,BSEI01_L.avi,203490,56.5814,YEglinton,2.7,NA,Halophila;Sparse,60,2,1,2,No
BSEI01_1803,Terapontidae,Pelates,octolineatus,2,37321020,BSEI01_L.avi,146635,40.7726,YEglinton,2.7,NA,Halophila;Sparse,60,2,1,2,No
BSEI02_1803,Arripidae,Arripis,georgianus,1,37344001,BSEI02_L.avi,184313,51.2492,YEglinton,2.7,NA,Seagrass;Sparse,60,2,1,2,No
BSEI02_1803,Arripidae,Arripis,truttaceus,2,37344004,BSEI02_L.avi,110972,30.8563,YEglinton,2.7,NA,Seagrass;Sparse,60,2,1,2,No
BSEI02_1803,Atherinidae,unknown,sp,5,37246e3,BSEI02_L.avi,48888,13.5936,YEglinton,2.7,NA,Seagrass;Sparse,60,2,1,2,No
BSEI02_1803,Carangidae,Pseudocaranx,sp,1,37337062,BSEI02_L.avi,144499,40.1787,YEglinton,2.7,NA,Seagrass;Sparse,60,2,1,2,No
BSEI02_1803,Odacidae,Neoodax,balteatus,3,37385005,BSEI02_L.avi,216693,60.2526,YEglinton,2.7,NA,Seagrass;Sparse,60,2,1,2,No
BSEI02_1803,Portunidae,Nectocarcinus,integrifrons,1,28911010,BSEI02_L.avi,191605,53.2767,YEglinton,2.7,NA,Seagrass;Sparse,60,2,1,2,No
BSEI02_1803,Portunidae,Portunus,armatus,1,28911005,BSEI02_L.avi,114515,31.8415,YEglinton,2.7,NA,Seagrass;Sparse,60,2,1,2,No
BSEI02_1803,Sillaginidae,Sillaginodes,punctatus,3,37330001,BSEI02_L.avi,100324,27.8956,YEglinton,2.7,NA,Seagrass;Sparse,60,2,1,2,No
BSEI02_1803,Sphyraenidae,Sphyraena,novaehollandiae,1,37382002,BSEI02_L.avi,120877,33.6105,YEglinton,2.7,NA,Seagrass;Sparse,60,2,1,2,No
BSEI02_1803,Terapontidae,Pelates,octolineatus,20,37321020,BSEI02_L.avi,171777,47.7635,YEglinton,2.7,NA,Seagrass;Sparse,60,2,1,2,No
BSEI03_1803,Arripidae,Arripis,georgianus,1,37344001,BSEI03_L.avi,79242,22.0336,YEglinton,2.7,NA,Caulocystis;Dense,60,2,1,2,No
BSEI03_1803,Atherinidae,unknown,sp,1,37246e3,BSEI03_L.avi,68394,19.0173,YEglinton,2.7,NA,Caulocystis;Dense,60,2,1,2,No
BSEI03_1803,Carangidae,Pseudocaranx,sp,1,37337062,BSEI03_L.avi,140023,38.9341,YEglinton,2.7,NA,Caulocystis;Dense,60,2,1,2,No
BSEI03_1803,Hemiramphidae,Hyporhamphus,melanochir,2,37234001,BSEI03_L.avi,214055,59.5191,YEglinton,2.7,NA,Caulocystis;Dense,60,2,1,2,No
BSEI03_1803,Odacidae,Neoodax,balteatus,3,37385005,BSEI03_L.avi,44202,12.2906,YEglinton,2.7,NA,Caulocystis;Dense,60,2,1,2,No
BSEI03_1803,Portunidae,Portunus,armatus,1,28911005,BSEI03_L.avi,55905,15.5447,YEglinton,2.7,NA,Caulocystis;Dense,60,2,1,2,No
BSEI03_1803,Sillaginidae,Sillaginodes,punctatus,1,37330001,BSEI03_L.avi,78999,21.9661,YEglinton,2.7,NA,Caulocystis;Dense,60,2,1,2,No
BSEI03_1803,Terapontidae,Pelates,octolineatus,50,37321020,BSEI03_L.avi,209635,58.2901,YEglinton,2.7,NA,Caulocystis;Dense,60,2,1,2,No
BSEI04_1803,Apogonidae,unknown,sp,1,37327926,BSEI04_L.avi,45233,12.5773,YEglinton,3.3,NA,Posidonia(Epiphytes);algae;Dense,60,2,1,2,No
BSEI04_1803,Arripidae,Arripis,georgianus,5,37344001,BSEI04_L.avi,205655,57.1834,YEglinton,3.3,NA,Posidonia)Epiphytes);algae;Dense,60,2,1,2,No
BSEI04_1803,Carangidae,Pseudocaranx,georgianus,2,37337062,BSEI04_L.avi,203865,56.6857,YEglinton,3.3,NA,Posidonia)Epiphytes);algae;Dense,60,2,1,2,No
BSEI04_1803,Odacidae,Neoodax,balteatus,4,37385005,BSEI04_L.avi,23763,6.6074,YEglinton,3.3,NA,Posidonia)Epiphytes);algae;Dense,60,2,1,2,No
BSEI04_1803,Portunidae,Portunus,armatus,1,28911005,BSEI04_L.avi,71312,19.8287,YEglinton,3.3,NA,Posidonia)Epiphytes);algae;Dense,60,2,1,2,No
BSEI04_1803,Terapontidae,Pelates,octolineatus,40,37321020,BSEI04_L.avi,60462,16.8118,YEglinton,3.3,NA,Posidonia)Epiphytes);algae;Dense,60,2,1,2,No
BSEO01_1804,Arripidae,Arripis,georgianus,20,37344001,BSEO01_L.avi,211634,58.8459,YEglinton,5.4,NA,Halophila;Medium,60,2,1,3,No
BSEO01_1804,Atherinidae,unknown,sp,22,37246e3,BSEO01_L.avi,22532,6.2651,YEglinton,5.4,NA,Halophila;Medium,60,2,1,3,No
BSEO01_1804,Carangidae,Pseudocaranx,sp,20,37337062,BSEO01_L.avi,215278,59.8591,YEglinton,5.4,NA,Halophila;Medium,60,2,1,3,No
BSEO01_1804,Monacanthidae,unknown,sp,1,37465903,BSEO01_L.avi,134829,37.4899,YEglinton,5.4,NA,Halophila;Medium,60,2,1,3,No
BSEO01_1804,Odacidae,Neoodax,balteatus,6,37385005,BSEO01_L.avi,86538,24.0623,YEglinton,5.4,NA,Halophila;Medium,60,2,1,3,No
BSEO01_1804,Platycephalidae,Platycephalus,bassensis,1,37296003,BSEO01_L.avi,151886,42.2327,YEglinton,5.4,NA,Halophila;Medium,60,2,1,3,No
BSEO01_1804,Portunidae,Portunus,armatus,1,28911005,BSEO01_L.avi,55102,15.3214,YEglinton,5.4,NA,Halophila;Medium,60,2,1,3,No
BSEO01_1804,Sillaginidae,Sillaginodes,punctatus,1,37330001,BSEO01_L.avi,136828,38.0457,YEglinton,5.4,NA,Halophila;Medium,60,2,1,3,No
BSEO02_1803,Arripidae,Arripis,georgianus,1,37344001,BSEO02_L.avi,124824,34.7079,DEaston,5.5,NA,Halophila; Dense,60,2,1,2,No
BSEO02_1803,Arripidae,Arripis,truttaceus,1,37344004,BSEO02_L.avi,124296,34.5611,DEaston,5.5,NA,Halophila; Dense,60,2,1,2,No
BSEO02_1803,Carangidae,Pseudocaranx,sp,8,37337924,BSEO02_L.avi,160596,44.6545,DEaston,5.5,NA,Halophila; Dense,60,2,1,2,No
BSEO02_1803,Dasyatidae,Dasyatis,brevicaudata,1,37035001,BSEO02_L.avi,124269,34.5536,DEaston,5.5,NA,Halophila; Dense,60,2,1,2,Yes
BSEO02_1803,Monacanthidae,unknown,sp,2,37465903,BSEO02_L.avi,42387,11.7859,DEaston,5.5,NA,Halophila; Dense,60,2,1,2,Yes
BSEO02_1803,Octopodidae,unknown,sp,1,23659921,BSEO02_L.avi,148470,41.2828,DEaston,5.5,NA,Halophila; Dense,60,2,1,2,No
BSEO02_1803,Odacidae,Neoodax,balteatus,10,37385005,BSEO02_L.avi,187666,52.1815,DEaston,5.5,NA,Halophila; Dense,60,2,1,2,Yes
BSEO02_1803,Portunidae,Portunus,armatus,1,28911005,BSEO02_L.avi,79404,22.0787,DEaston,5.5,NA,Halophila; Dense,60,2,1,2,No
BSEO02_1803,Sillaginidae,Sillaginodes,punctatus,2,37330001,BSEO02_L.avi,91503,25.4429,DEaston,5.5,NA,Halophila; Dense,60,2,1,2,No
BSEO03_1804,Arripidae,Arripis,georgianus,2,37344001,BSEO03_L.avi,205790,57.2209,DEaston,5.1,NA,Halophila; Dense,60,2,1,2,No
BSEO03_1804,Monacanthidae,unknown,sp,1,37465903,BSEO03_L.avi,67802,18.8527,DEaston,5.1,NA,Halophila; Dense,60,2,1,2,No
BSEO03_1804,Mullidae,Upeneichthys,vlamingii,2,37355029,BSEO03_L.avi,29529,8.2107,DEaston,5.1,NA,Halophila; Dense,60,2,1,2,No
BSEO03_1804,Odacidae,Neoodax,balteatus,14,37385005,BSEO03_L.avi,42818,11.9058,DEaston,5.1,NA,Halophila; Dense,60,2,1,2,Yes
BSEO03_1804,Ostraciidae,Aracana,ornata,1,37466001,BSEO03_L.avi,59651,16.5863,DEaston,5.1,NA,Halophila; Dense,60,2,1,2,No
BSEO03_1804,Platycephalidae,Platycephalus,bassensis,3,37296003,BSEO03_L.avi,176229,49.0014,DEaston,5.1,NA,Halophila; Dense,60,2,1,2,No
BSEO03_1804,Portunidae,Nectocarcinus,integrifrons,2,28911010,BSEO03_L.avi,124747,34.6865,DEaston,5.1,NA,Halophila; Dense,60,2,1,2,Yes
BSEO03_1804,Sillaginidae,Sillaginodes,punctatus,2,37330001,BSEO03_L.avi,35679,9.9207,DEaston,5.1,NA,Halophila; Dense,60,2,1,2,No
BSEO04_1804,Arripidae,Arripis,georgianus,1,37344001,BSEO04_L.avi,219789,61.1134,DEaston,5.1,NA,Posidonia (epiphytes); Sparse,60,2,1,2,No
BSEO04_1804,Arripidae,Arripis,truttaceus,2,37344004,BSEO04_L.avi,185940,51.7015,DEaston,5.1,NA,Posidonia (epiphytes); Sparse,60,2,1,2,No
BSEO04_1804,Dasyatidae,Dasyatis,brevicaudata,2,37035001,BSEO04_L.avi,218996,60.8929,DEaston,5.1,NA,Posidonia (epiphytes); Sparse,60,2,1,2,No
BSEO04_1804,Monacanthidae,unknown,sp,1,37465903,BSEO04_L.avi,21589,6.0029,DEaston,5.1,NA,Posidonia (epiphytes); Sparse,60,2,1,2,No
BSEO04_1804,Odacidae,Neoodax,balteatus,2,37385005,BSEO04_L.avi,104509,29.0592,DEaston,5.1,NA,Posidonia (epiphytes); Sparse,60,2,1,2,No
BSEO04_1804,Platycephalidae,Platycephalus,bassensis,1,37296003,BSEO04_L.avi,36176,10.0589,DEaston,5.1,NA,Posidonia (epiphytes); Sparse,60,2,1,2,No
BSEO04_1804,Portunidae,Portunus,armatus,1,28911005,BSEO04_L.avi,20521,5.706,DEaston,5.1,NA,Posidonia (epiphytes); Sparse,60,2,1,2,No
BSEO04_1804,Sillaginidae,Sillaginodes,punctatus,1,37330001,BSEO04_L.avi,210175,58.4402,DEaston,5.1,NA,Posidonia (epiphytes); Sparse,60,2,1,2,No
BSWI01_1803,Arripidae,Arripis,georgianus,1,37344001,BSWI01_L.avi,205919,57.2568,DEaston,2.7,NA,Posidonia and algae; Dense,60,2,1,2,No
BSWI01_1803,Atherinidae,unknown,sp,1,37246911,BSWI01_L.avi,56900,15.8213,DEaston,2.7,NA,Posidonia and algae; Dense,60,2,1,2,No
BSWI01_1803,Hemiramphidae,Hyporhamphus,melanochir,28,37234001,BSWI01_L.avi,128167,35.6375,DEaston,2.7,NA,Posidonia and algae; Dense,60,2,1,2,No
BSWI01_1803,Monacanthidae,unknown,sp,53,37465903,BSWI01_L.avi,2696,0.7496,DEaston,2.7,NA,Posidonia and algae; Dense,60,2,1,2,No
BSWI01_1803,Mullidae,Upeneichthys,vlamingii,1,37355029,BSWI01_L.avi,18661,5.1888,DEaston,2.7,NA,Posidonia and algae; Dense,60,2,1,2,No
BSWI01_1803,Odacidae,Haletta,semifasciata,1,37385009,BSWI01_L.avi,37107,10.3178,DEaston,2.7,NA,Posidonia and algae; Dense,60,2,1,2,No
BSWI01_1803,Odacidae,Neoodax,balteatus,2,37385005,BSWI01_L.avi,17224,4.7892,DEaston,2.7,NA,Posidonia and algae; Dense,60,2,1,2,No
BSWI01_1803,Portunidae,Portunus,armatus,1,28911005,BSWI01_L.avi,57168,15.8958,DEaston,2.7,NA,Posidonia and algae; Dense,60,2,1,2,Yes
BSWI01_1803,Terapontidae,Pelates,octolineatus,68,37321020,BSWI01_L.avi,149193,41.4839,DEaston,2.7,NA,Posidonia and algae; Dense,60,2,1,2,Yes
BSWI02_1803,Apogonidae,Siphamia,cephalotes,1,37327032,BSWI02_R.avi,8564,2.3813,DEaston,1.5,NA,Posidonia (epiphytes); Dense,60,2,1,2,No
BSWI02_1803,Apogonidae,Vincentia,conspersa,1,37327033,BSWI02_R.avi,32976,9.1691,DEaston,1.5,NA,Posidonia (epiphytes); Dense,60,2,1,2,No
BSWI02_1803,Gempylidae,Thyrsites,atun,1,37439001,BSWI02_R.avi,178877,49.7376,DEaston,1.5,NA,Posidonia (epiphytes); Dense,60,2,1,2,No
BSWI02_1803,Gerreidae,Parequula,melbournensis,1,37349001,BSWI02_R.avi,110526,30.7323,DEaston,1.5,NA,Posidonia (epiphytes); Dense,60,2,1,2,No
BSWI02_1803,Monacanthidae,Meuschenia,freycineti,1,37465036,BSWI02_R.avi,194949,54.2065,DEaston,1.5,NA,Posidonia (epiphytes); Dense,60,2,1,2,No
BSWI02_1803,Odacidae,Neoodax,balteatus,9,37385005,BSWI02_R.avi,145394,40.4275,DEaston,1.5,NA,Posidonia (epiphytes); Dense,60,2,1,2,Yes
BSWI02_1803,Portunidae,Nectocarcinus,integrifrons,1,28911010,BSWI02_R.avi,92716,25.7801,DEaston,1.5,NA,Posidonia (epiphytes); Dense,60,2,1,2,No
BSWI02_1803,Portunidae,Portunus,armatus,2,28911005,BSWI02_R.avi,80411,22.3587,DEaston,1.5,NA,Posidonia (epiphytes); Dense,60,2,1,2,Yes
BSWI02_1803,Sphyraenidae,Sphyraena,novaehollandiae,1,37382002,BSWI02_R.avi,122599,34.0893,DEaston,1.5,NA,Posidonia (epiphytes); Dense,60,2,1,2,No
BSWI02_1803,Terapontidae,Pelates,octolineatus,17,37321020,BSWI02_R.avi,25523,7.0968,DEaston,1.5,NA,Posidonia (epiphytes); Dense,60,2,1,2,Yes
BSWI03_1803,Apogonidae,unknown,sp,1,37327926,BSWI03_L.avi,16936,4.7091,DEaston,2.4,NA,Posidonia (epiphytes); Dense,60,2,1,2,No
BSWI03_1803,Heterodontidae,Heterodontus,portusjacksoni,1,37007001,BSWI03_L.avi,202944,56.4296,DEaston,2.4,NA,Posidonia (epiphytes); Dense,60,2,1,2,No
BSWI03_1803,Odacidae,Neoodax,balteatus,11,37385005,BSWI03_L.avi,189870,52.7943,DEaston,2.4,NA,Posidonia (epiphytes); Dense,60,2,1,2,Yes
BSWI03_1803,Portunidae,Nectocarcinus,integrifrons,1,28911010,BSWI03_L.avi,169910,47.2443,DEaston,2.4,NA,Posidonia (epiphytes); Dense,60,2,1,2,No
BSWI03_1803,Portunidae,Portunus,armatus,3,28911005,BSWI03_L.avi,113315,31.5078,DEaston,2.4,NA,Posidonia (epiphytes); Dense,60,2,1,2,Yes
BSWI03_1803,Sphyraenidae,Sphyraena,novaehollandiae,1,37382002,BSWI03_L.avi,96036,26.7033,DEaston,2.4,NA,Posidonia (epiphytes); Dense,60,2,1,2,No
BSWI03_1803,Terapontidae,Pelates,octolineatus,57,37321020,BSWI03_L.avi,75094,20.8803,DEaston,2.4,NA,Posidonia (epiphytes); Dense,60,2,1,2,No
BSWI04_1803,Apogonidae,unknown,sp,1,37327926,BSWI04_L.avi,50904,14.1541,DEaston,2.5,NA,Posidonia (epiphytes); Dense,60,2,1,2,No
BSWI04_1803,Arripidae,Arripis,georgianus,2,37344001,BSWI04_L.avi,137572,38.2526,DEaston,2.5,NA,Posidonia (epiphytes); Dense,60,2,1,2,No
BSWI04_1803,Gerreidae,Parequula,melbournensis,8,37349001,BSWI04_L.avi,217235,60.4033,DEaston,2.5,NA,Posidonia (epiphytes); Dense,60,2,1,2,No
BSWI04_1803,Odacidae,Neoodax,balteatus,3,37385005,BSWI04_L.avi,106649,29.6543,DEaston,2.5,NA,Posidonia (epiphytes); Dense,60,2,1,2,No
BSWI04_1803,Portunidae,Nectocarcinus,integrifrons,1,28911010,BSWI04_L.avi,44563,12.391,DEaston,2.5,NA,Posidonia (epiphytes); Dense,60,2,1,2,Yes
BSWI04_1803,Portunidae,Portunus,armatus,1,28911005,BSWI04_L.avi,52705,14.6549,DEaston,2.5,NA,Posidonia (epiphytes); Dense,60,2,1,2,Yes
BSWI04_1803,Rhinobatidae,Trygonorrhina,dumerilii,1,37027011,BSWI04_L.avi,173797,48.3251,DEaston,2.5,NA,Posidonia (epiphytes); Dense,60,2,1,2,No
BSWI04_1803,Sillaginidae,Sillaginodes,punctatus,1,37330001,BSWI04_L.avi,111543,31.0151,DEaston,2.5,NA,Posidonia (epiphytes); Dense,60,2,1,2,No
BSWI04_1803,Sphyraenidae,Sphyraena,novaehollandiae,1,37382002,BSWI04_L.avi,22222,6.1789,DEaston,2.5,NA,Posidonia (epiphytes); Dense,60,2,1,2,No
BSWI04_1803,Terapontidae,Pelates,octolineatus,49,37321020,BSWI04_L.avi,154280,42.8983,DEaston,2.5,NA,Posidonia (epiphytes); Dense,60,2,1,2,Yes
BSWO01_1804,Carangidae,Pseudocaranx,sp,21,37337924,BSWO01_L.avi,54552,15.1685,DEaston,1.8,NA,Epiphytes; Dense,60,2,1,2,No
BSWO01_1804,Loliginidae,Sepioteuthis,australis,3,23617005,BSWO01_L.avi,110211,30.6447,DEaston,1.8,NA,Epiphytes; Dense,60,2,1,2,No
BSWO01_1804,Myliobatidae,Myliobatis,tenuicaudatus,1,37039001,BSWO01_L.avi,47522,13.2137,DEaston,1.8,NA,Epiphytes; Dense,60,2,1,2,No
BSWO01_1804,Odacidae,Neoodax,balteatus,5,37385005,BSWO01_L.avi,99815,27.7541,DEaston,1.8,NA,Epiphytes; Dense,60,2,1,2,No
BSWO01_1804,Platycephalidae,Platycephalus,speculator,1,37296037,BSWO01_L.avi,27567,7.6651,DEaston,1.8,NA,Epiphytes; Dense,60,2,1,2,No
BSWO01_1804,Portunidae,Nectocarcinus,integrifrons,1,28911010,BSWO01_L.avi,161182,44.8175,DEaston,1.8,NA,Epiphytes; Dense,60,2,1,2,No
BSWO01_1804,Sillaginidae,unknown,sp,2,37327926,BSWO01_L.avi,10797,3.0022,DEaston,1.8,NA,Epiphytes; Dense,60,2,1,2,No
BSWO01_1804,Sillaginidae,Sillaginodes,punctatus,4,37330001,BSWO01_L.avi,95822,26.6438,DEaston,1.8,NA,Epiphytes; Dense,60,2,1,2,No
BSWO02_1803,Arripidae,Arripis,georgianus,3,37344001,BSWO02_L.avi,212916,59.2024,DEaston,1.5,NA,Posidonia (epiphytes); Dense,60,2,1,2,No
BSWO02_1803,Arripidae,Arripis,truttaceus,2,37344004,BSWO02_L.avi,207730,57.7604,DEaston,1.5,NA,Posidonia (epiphytes); Dense,60,2,1,2,No
BSWO02_1803,Odacidae,Neoodax,balteatus,5,37385005,BSWO02_L.avi,77794,21.631,DEaston,1.5,NA,Posidonia (epiphytes); Dense,60,2,1,2,No
BSWO02_1803,Portunidae,Nectocarcinus,integrifrons,2,28911010,BSWO02_L.avi,39447,10.9684,DEaston,1.5,NA,Posidonia (epiphytes); Dense,60,2,1,2,No
BSWO02_1803,Rhinobatidae,Trygonorrhina,dumerilii,1,37027011,BSWO02_L.avi,165787,46.0979,DEaston,1.5,NA,Posidonia (epiphytes); Dense,60,2,1,2,No
BSWO02_1803,Sillaginidae,Sillaginodes,punctatus,3,37330001,BSWO02_L.avi,113778,31.6365,DEaston,1.5,NA,Posidonia (epiphytes); Dense,60,2,1,2,No
BSWO03_1803,Odacidae,Neoodax,balteatus,2,37385005,BSWO03_L.avi,15591,4.3352,DEaston,1.9,NA,Posidonia (epiphytes); Dense,60,2,1,1,No
BSWO03_1803,Portunidae,Nectocarcinus,integrifrons,5,28911010,BSWO03_L.avi,119567,33.2462,DEaston,1.9,NA,Posidonia (epiphytes); Dense,60,2,1,1,No
BSWO03_1803,Rhinobatidae,Trygonorrhina,dumerilii,1,37027011,BSWO03_L.avi,97822,27.1999,DEaston,1.9,NA,Posidonia (epiphytes); Dense,60,2,1,1,No
BSWO03_1803,Sillaginidae,Sillaginodes,punctatus,1,37330001,BSWO03_L.avi,196632,54.6745,DEaston,1.9,NA,Posidonia (epiphytes); Dense,60,2,1,1,No
BSWO04_1803,Arripidae,Arripis,georgianus,1,37344001,BSWO04_L.avi,110899,30.836,DEaston,2.5,NA,Heterozostera (epiphyte); Medium,60,2,1,1,No
BSWO04_1803,Odacidae,Neoodax,balteatus,3,37385005,BSWO04_L.avi,8711,2.4221,DEaston,2.5,NA,Heterozostera (epiphyte); Medium,60,2,1,1,No
BSWO04_1803,Ostraciidae,Aracana,ornata,1,37466001,BSWO04_L.avi,113680,31.6093,DEaston,2.5,NA,Heterozostera (epiphyte); Medium,60,2,1,1,No
BSWO04_1803,Rhinobatidae,Trygonorrhina,dumerilii,1,37027011,BSWO04_L.avi,18556,5.1596,DEaston,2.5,NA,Heterozostera (epiphyte); Medium,60,2,1,1,No
BSWO04_1803,Sillaginidae,Sillaginodes,punctatus,5,37330001,BSWO04_L.avi,45865,12.753,DEaston,2.5,NA,Heterozostera (epiphyte); Medium,60,2,1,1,No
ARSO01_1712,Arripidae,Arripis,georgianus,2,37344001,ARSO01_L.avi,75413,25.1377,DEaston,11,NA,Algae; Epiphyte; Dense,60,2,1,2,No
ARSO01_1712,Carangidae,Pseudocaranx,sp,1,37337924,ARSO01_L.avi,51105,17.035,DEaston,11,NA,Algae; Epiphyte; Dense,60,2,1,2,No
ARSO01_1712,Cheilodactylidae,Dactylophora,nigricans,1,37377005,ARSO01_L.avi,12503,4.1677,DEaston,11,NA,Algae; Epiphyte; Dense,60,2,1,2,No
ARSO01_1712,Gerreidae,Parequula,melbournensis,1,37349001,ARSO01_L.avi,82041,27.347,DEaston,11,NA,Algae; Epiphyte; Dense,60,2,1,2,No
ARSO01_1712,Heterodontidae,Heterodontus,portusjacksoni,1,37007001,ARSO01_L.avi,192441,64.147,DEaston,11,NA,Algae; Epiphyte; Dense,60,2,1,2,No
ARSO01_1712,Labridae,Austrolabrus,maculatus,2,37384025,ARSO01_L.avi,21281,7.0937,DEaston,11,NA,Algae; Epiphyte; Dense,60,2,1,2,No
ARSO01_1712,Monacanthidae,Scobinichthys,granulatus,1,37465007,ARSO01_L.avi,60961,20.3203,DEaston,11,NA,Algae; Epiphyte; Dense,60,2,1,2,Yes
ARSO01_1712,Pinguipedidae,Parapercis,haackei,1,37390004,ARSO01_L.avi,59433,19.811,DEaston,11,NA,Algae; Epiphyte; Dense,60,2,1,2,No
ARSO01_1712,Rhinobatidae,Trygonorrhina,dumerilii,1,37027011,ARSO01_L.avi,190540,63.5133,DEaston,11,NA,Algae; Epiphyte; Dense,60,2,1,2,No
ARSO02_1712,Carangidae,Pseudocaranx,sp,8,37337924,ARSO02_L.avi,172809,57.603,DEaston,12,NA,Algae; Epiphyte; Dense,60,2,1,2,No
ARSO02_1712,Carangidae,Trachurus,novaezelandiae,1,37337003,ARSO02_L.avi,172987,57.6623,DEaston,12,NA,Algae; Epiphyte; Dense,60,2,1,2,No
ARSO02_1712,Dinolestidae,Dinolestes,lewini,23,37327002,ARSO02_L.avi,157314,52.438,DEaston,12,NA,Algae; Epiphyte; Dense,60,2,1,2,No
ARSO02_1712,Gerreidae,Parequula,melbournensis,1,37349001,ARSO02_L.avi,170886,56.962,DEaston,12,NA,Algae; Epiphyte; Dense,60,2,1,2,No
ARSO02_1712,Labridae,Austrolabrus,maculatus,2,37384025,ARSO02_L.avi,14947,4.9823,DEaston,12,NA,Algae; Epiphyte; Dense,60,2,1,2,No
ARSO02_1712,Labridae,Notolabrus,parilus,2,37384022,ARSO02_L.avi,27162,9.054,DEaston,12,NA,Algae; Epiphyte; Dense,60,2,1,2,No
ARSO02_1712,Labridae,Pictilabrus,laticlavius,1,37384020,ARSO02_L.avi,130492,43.4973,DEaston,12,NA,Algae; Epiphyte; Dense,60,2,1,2,No
ARSO02_1712,Monacanthidae,unknown,sp,1,37465903,ARSO02_L.avi,45976,15.3253,DEaston,12,NA,Algae; Epiphyte; Dense,60,2,1,2,No
ARSO02_1712,Monacanthidae,Meuschenia,hippocrepis,2,37465004,ARSO02_L.avi,187148,62.3827,DEaston,12,NA,Algae; Epiphyte; Dense,60,2,1,2,Yes
ARSO02_1712,Monacanthidae,Scobinichthys,granulatus,1,37465007,ARSO02_L.avi,24220,8.0733,DEaston,12,NA,Algae; Epiphyte; Dense,60,2,1,2,No
ARSO02_1712,Mullidae,Upeneichthys,vlamingii,2,37355029,ARSO02_L.avi,32100,10.7,DEaston,12,NA,Algae; Epiphyte; Dense,60,2,1,2,No
ARSO02_1712,Neosebastidae,Neosebastes,bougainvillii,2,37287004,ARSO02_L.avi,94028,31.3427,DEaston,12,NA,Algae; Epiphyte; Dense,60,2,1,2,No
ARSO03_1712,Gerreidae,Parequula,melbournensis,3,37349001,ARSO03_L.avi,180446,50.1739,DEaston,13,NA,Algae; Dense,60,2,1,2,No
ARSO03_1712,Heterodontidae,Heterodontus,portusjacksoni,1,37007001,ARSO03_L.avi,191819,53.3362,DEaston,13,NA,Algae; Dense,60,2,1,2,Yes
ARSO03_1712,Labridae,Austrolabrus,maculatus,2,37384025,ARSO03_L.avi,44327,12.3253,DEaston,13,NA,Algae; Dense,60,2,1,2,No
ARSO03_1712,Labridae,Notolabrus,parilus,2,37384022,ARSO03_L.avi,101492,28.2204,DEaston,13,NA,Algae; Dense,60,2,1,2,No
ARSO03_1712,Monacanthidae,unknown,sp,1,37465903,ARSO03_L.avi,43084,11.9797,DEaston,13,NA,Algae; Dense,60,2,1,2,No
ARSO03_1712,Monacanthidae,Meuschenia,hippocrepis,1,37465004,ARSO03_L.avi,144805,40.2638,DEaston,13,NA,Algae; Dense,60,2,1,2,Yes
ARSO03_1712,Monacanthidae,Scobinichthys,granulatus,1,37465007,ARSO03_L.avi,119523,33.234,DEaston,13,NA,Algae; Dense,60,2,1,2,Yes
ARSO03_1712,Mullidae,Upeneichthys,vlamingii,2,37355029,ARSO03_L.avi,31392,8.7287,DEaston,13,NA,Algae; Dense,60,2,1,2,No
ARSO03_1712,Rhinobatidae,Trygonorrhina,dumerilii,1,37027011,ARSO03_L.avi,180502,50.1895,DEaston,13,NA,Algae; Dense,60,2,1,2,No
ARSO04_1712,Heterodontidae,Heterodontus,portusjacksoni,1,37007001,ARSO04_L.avi,91303,30.4343,DEaston,15,NA,Posidonia and algae; Dense,60,2,1,2,Yes
ARSO04_1712,Labridae,Austrolabrus,maculatus,1,37384025,ARSO04_L.avi,107799,35.933,DEaston,15,NA,Posidonia and algae; Dense,60,2,1,2,No
ARSO04_1712,Monacanthidae,unknown,sp,10,37465903,ARSO04_L.avi,155700,51.9,DEaston,15,NA,Posidonia and algae; Dense,60,2,1,2,No
CACI01_1712,Cheilodactylidae,Dactylophora,nigricans,2,37377005,CACI01_L.avi,7776,5.184,DEaston,6.4,NA,Reef; Fucoid; Profile,60,2,1,1,No
CACI01_1712,Hemiramphidae,Hyporhamphus,melanochir,1,37234001,CACI01_L.avi,15674,10.4493,DEaston,6.4,NA,Reef; Fucoid; Profile,60,2,1,1,No
CACI01_1712,Kyphosidae,Girella,zebra,79,37361008,CACI01_L.avi,40550,27.0333,DEaston,6.4,NA,Reef; Fucoid; Profile,60,2,1,1,No
CACI01_1712,Kyphosidae,Kyphosus,sydneyanus,19,37361001,CACI01_L.avi,8561,5.7073,DEaston,6.4,NA,Reef; Fucoid; Profile,60,2,1,1,No
CACI01_1712,Labridae,Austrolabrus,maculatus,1,37384025,CACI01_L.avi,3567,2.378,DEaston,6.4,NA,Reef; Fucoid; Profile,60,2,1,1,No
CACI01_1712,Labridae,Notolabrus,parilus,3,37384022,CACI01_L.avi,33867,22.578,DEaston,6.4,NA,Reef; Fucoid; Profile,60,2,1,1,No
CACI01_1712,Labridae,Notolabrus,tetricus,1,37384003,CACI01_L.avi,12532,8.3547,DEaston,6.4,NA,Reef; Fucoid; Profile,60,2,1,1,No
CACI01_1712,Labridae,Pictilabrus,laticlavius,1,37384020,CACI01_L.avi,18692,12.4613,DEaston,6.4,NA,Reef; Fucoid; Profile,60,2,1,1,No
CACI01_1712,Monacanthidae,Meuschenia,hippocrepis,4,37465004,CACI01_L.avi,95338,63.5587,DEaston,6.4,NA,Reef; Fucoid; Profile,60,2,1,1,Yes
CACI01_1712,Scorpididae,Scorpis,aequipinnis,5,37361004,CACI01_L.avi,82827,55.218,DEaston,6.4,NA,Reef; Fucoid; Profile,60,2,1,1,Yes
CACI01_1712,Scorpididae,Tilodon,sexfasciatus,1,37361003,CACI01_L.avi,5406,3.604,DEaston,6.4,NA,Reef; Fucoid; Profile,60,2,1,1,No
CACI01_1712,Sparidae,Pagrus,auratus,1,37353001,CACI01_L.avi,57110,38.0733,DEaston,6.4,NA,Reef; Fucoid; Profile,60,2,1,1,No
CACI02_1712,Cheilodactylidae,Cheilodactylus,nigripes,1,37377001,CACI02_L.avi,5399,3.5993,DEaston,6.9,NA,Reef; Ecklonia and Fucoid; Profile,60,3,1,2,No
CACI02_1712,Enoplosidae,Enoplosus,armatus,3,37366001,CACI02_L.avi,3369,2.246,DEaston,6.9,NA,Reef; Ecklonia and Fucoid; Profile,60,3,1,2,No
CACI02_1712,Kyphosidae,Girella,zebra,16,37361008,CACI02_L.avi,5615,3.7433,DEaston,6.9,NA,Reef; Ecklonia and Fucoid; Profile,60,3,1,2,No
CACI02_1712,Kyphosidae,Kyphosus,sydneyanus,6,37361001,CACI02_L.avi,13148,8.7653,DEaston,6.9,NA,Reef; Ecklonia and Fucoid; Profile,60,3,1,2,No
CACI02_1712,Labridae,Notolabrus,parilus,2,37384022,CACI02_L.avi,5201,3.4673,DEaston,6.9,NA,Reef; Ecklonia and Fucoid; Profile,60,3,1,2,No
CACI02_1712,Labridae,Notolabrus,tetricus,2,37384003,CACI02_L.avi,84683,56.4553,DEaston,6.9,NA,Reef; Ecklonia and Fucoid; Profile,60,3,1,2,No
CACI02_1712,Labridae,Pictilabrus,laticlavius,1,37384020,CACI02_L.avi,26102,17.4013,DEaston,6.9,NA,Reef; Ecklonia and Fucoid; Profile,60,3,1,2,No
CACI02_1712,Monacanthidae,Meuschenia,hippocrepis,6,37465004,CACI02_L.avi,9052,6.0347,DEaston,6.9,NA,Reef; Ecklonia and Fucoid; Profile,60,3,1,2,Yes
CACI02_1712,Pempherididae,Pempheris,klunzingeri,2,37357003,CACI02_L.avi,65836,43.8907,DEaston,6.9,NA,Reef; Ecklonia and Fucoid; Profile,60,3,1,2,No
CACI02_1712,Pomacentridae,Parma,victoriae,1,37372006,CACI02_L.avi,4948,3.2987,DEaston,6.9,NA,Reef; Ecklonia and Fucoid; Profile,60,3,1,2,No
CACI02_1712,Scorpididae,Scorpis,aequipinnis,22,37361004,CACI02_L.avi,45232,30.1547,DEaston,6.9,NA,Reef; Ecklonia and Fucoid; Profile,60,3,1,2,Yes
CACI02_1712,Scorpididae,Tilodon,sexfasciatus,1,37361003,CACI02_L.avi,64459,42.9727,DEaston,6.9,NA,Reef; Ecklonia and Fucoid; Profile,60,3,1,2,No
CACI03_1712,Arripidae,Arripis,georgianus,1,37344001,CACI03_L.avi,22341,14.894,DEaston,7,NA,Reef; Ecklonia and Fucoid; Profile,60,3,1,2,No
CACI03_1712,Arripidae,Arripis,truttaceus,2,37344004,CACI03_L.avi,55082,36.7213,DEaston,7,NA,Reef; Ecklonia and Fucoid; Profile,60,3,1,2,Yes
CACI03_1712,Carangidae,Pseudocaranx,sp,2,37337924,CACI03_L.avi,46420,30.9467,DEaston,7,NA,Reef; Ecklonia and Fucoid; Profile,60,3,1,2,No
CACI03_1712,Cheilodactylidae,Cheilodactylus,nigripes,1,37377001,CACI03_L.avi,7231,4.8207,DEaston,7,NA,Reef; Ecklonia and Fucoid; Profile,60,3,1,2,No
CACI03_1712,Cheilodactylidae,Dactylophora,nigricans,1,37377005,CACI03_L.avi,95593,63.7287,DEaston,7,NA,Reef; Ecklonia and Fucoid; Profile,60,3,1,2,No
CACI03_1712,Kyphosidae,Girella,zebra,1,37361008,CACI03_L.avi,23756,15.8373,DEaston,7,NA,Reef; Ecklonia and Fucoid; Profile,60,3,1,2,No
CACI03_1712,Kyphosidae,Kyphosus,sydneyanus,1,37361001,CACI03_L.avi,43943,29.2953,DEaston,7,NA,Reef; Ecklonia and Fucoid; Profile,60,3,1,2,No
CACI03_1712,Labridae,Austrolabrus,maculatus,3,37384025,CACI03_L.avi,19255,12.8367,DEaston,7,NA,Reef; Ecklonia and Fucoid; Profile,60,3,1,2,No
CACI03_1712,Labridae,Notolabrus,parilus,2,37384022,CACI03_L.avi,40435,26.9567,DEaston,7,NA,Reef; Ecklonia and Fucoid; Profile,60,3,1,2,No
CACI03_1712,Labridae,Notolabrus,tetricus,1,37384003,CACI03_L.avi,39223,26.1487,DEaston,7,NA,Reef; Ecklonia and Fucoid; Profile,60,3,1,2,No
CACI03_1712,Labridae,Pictilabrus,laticlavius,2,37384020,CACI03_L.avi,21578,14.3853,DEaston,7,NA,Reef; Ecklonia and Fucoid; Profile,60,3,1,2,No
CACI03_1712,Monacanthidae,Meuschenia,hippocrepis,3,37465004,CACI03_L.avi,58007,38.6713,DEaston,7,NA,Reef; Ecklonia and Fucoid; Profile,60,3,1,2,Yes
CACI03_1712,Plagusiidae,Plagusia,chabrus,2,28935905,CACI03_L.avi,28193,18.7953,DEaston,7,NA,Reef; Ecklonia and Fucoid; Profile,60,3,1,2,No
CACI03_1712,Plesiopidae,Trachinops,noarlungae,11,37316017,CACI03_L.avi,23751,15.834,DEaston,7,NA,Reef; Ecklonia and Fucoid; Profile,60,3,1,2,No
CACI03_1712,Scorpididae,Scorpis,aequipinnis,8,37361004,CACI03_L.avi,61292,40.8613,DEaston,7,NA,Reef; Ecklonia and Fucoid; Profile,60,3,1,2,Yes
CACI03_1712,Sparidae,Pagrus,auratus,2,37353001,CACI03_L.avi,40854,27.236,DEaston,7,NA,Reef; Ecklonia and Fucoid; Profile,60,3,1,2,No
CACI03_1712,Sphyraenidae,Sphyraena,novaehollandiae,5,37382002,CACI03_L.avi,58953,39.302,DEaston,7,NA,Reef; Ecklonia and Fucoid; Profile,60,3,1,2,No
CACI04_1712,Kyphosidae,Girella,zebra,2,37361008,CACI04_L.avi,22536,15.024,DEaston,6.9,NA,Reef; Ecklonia and Fucoid; Profile,60,2,2,1,No
CACI04_1712,Kyphosidae,Kyphosus,sydneyanus,2,37361001,CACI04_L.avi,68404,45.6027,DEaston,6.9,NA,Reef; Ecklonia and Fucoid; Profile,60,2,2,1,No
CACI04_1712,Labridae,Notolabrus,parilus,1,37384022,CACI04_L.avi,7705,5.1367,DEaston,6.9,NA,Reef; Ecklonia and Fucoid; Profile,60,2,2,1,No
CACI04_1712,Labridae,Notolabrus,tetricus,3,37384003,CACI04_L.avi,59115,39.41,DEaston,6.9,NA,Reef; Ecklonia and Fucoid; Profile,60,2,2,1,Yes
CACI04_1712,Labridae,Pictilabrus,laticlavius,1,37384020,CACI04_L.avi,10730,7.1533,DEaston,6.9,NA,Reef; Ecklonia and Fucoid; Profile,60,2,2,1,No
CACI04_1712,Monacanthidae,Meuschenia,galii,1,37465040,CACI04_L.avi,80730,53.82,DEaston,6.9,NA,Reef; Ecklonia and Fucoid; Profile,60,2,2,1,No
CACI04_1712,Monacanthidae,Meuschenia,hippocrepis,7,37465004,CACI04_L.avi,38795,25.8633,DEaston,6.9,NA,Reef; Ecklonia and Fucoid; Profile,60,2,2,1,Yes
CACI04_1712,Scorpididae,Scorpis,aequipinnis,10,37361004,CACI04_L.avi,63726,42.484,DEaston,6.9,NA,Reef; Ecklonia and Fucoid; Profile,60,2,2,1,Yes
CACI04_1712,Sphyraenidae,Sphyraena,novaehollandiae,3,37382002,CACI04_L.avi,51760,34.5067,DEaston,6.9,NA,Reef; Ecklonia and Fucoid; Profile,60,2,2,1,No
CANI01_1712,Cheilodactylidae,Dactylophora,nigricans,1,37377005,CANI01_L.avi,99734,33.2447,DEaston,11,NA,Posidonia; Dense,60,2,1,2,No
CANI01_1712,Labridae,Austrolabrus,maculatus,1,37384025,CANI01_L.avi,98494,32.8313,DEaston,11,NA,Posidonia; Dense,60,2,1,2,No
CANI01_1712,Labridae,Notolabrus,parilus,1,37384022,CANI01_L.avi,122094,40.698,DEaston,11,NA,Posidonia; Dense,60,2,1,2,No
CANI01_1712,Monacanthidae,Meuschenia,hippocrepis,1,37465004,CANI01_L.avi,66036,22.012,DEaston,11,NA,Posidonia; Dense,60,2,1,2,No
CANI01_1712,Sillaginidae,Sillaginodes,punctatus,3,37330001,CANI01_L.avi,79815,26.605,DEaston,11,NA,Posidonia; Dense,60,2,1,2,No
CANI01_1712,Sparidae,Pagrus,auratus,1,37353001,CANI01_L.avi,64520,21.5067,DEaston,11,NA,Posidonia; Dense,60,2,1,2,No
CANI02_1712,Carangidae,Pseudocaranx,sp,21,37337924,CANI02_L.avi,129673,43.2243,DEaston,10.5,NA,Algae; Dense,60,2,1,1,No
CANI02_1712,Carangidae,Trachurus,novaezelandiae,24,37337003,CANI02_L.avi,52429,17.4763,DEaston,10.5,NA,Algae; Dense,60,2,1,1,No
CANI02_1712,Dinolestidae,Dinolestes,lewini,1,37327002,CANI02_L.avi,47374,15.7913,DEaston,10.5,NA,Algae; Dense,60,2,1,1,No
CANI02_1712,Labridae,Austrolabrus,maculatus,1,37384025,CANI02_L.avi,14937,4.979,DEaston,10.5,NA,Algae; Dense,60,2,1,1,No
CANI02_1712,Labridae,Notolabrus,parilus,2,37384022,CANI02_L.avi,135210,45.07,DEaston,10.5,NA,Algae; Dense,60,2,1,1,No
CANI02_1712,Labridae,Notolabrus,tetricus,1,37384003,CANI02_L.avi,71104,23.7013,DEaston,10.5,NA,Algae; Dense,60,2,1,1,No
CANI02_1712,Mullidae,Upeneichthys,vlamingii,1,37355029,CANI02_L.avi,62006,20.6687,DEaston,10.5,NA,Algae; Dense,60,2,1,1,No
CANI02_1712,Scorpididae,Scorpis,aequipinnis,3,37361004,CANI02_L.avi,50795,16.9317,DEaston,10.5,NA,Algae; Dense,60,2,1,1,No
CANI02_1712,Sillaginidae,Sillaginodes,punctatus,4,37330001,CANI02_L.avi,154741,51.5803,DEaston,10.5,NA,Algae; Dense,60,2,1,1,No
CANI02_1712,Sphyraenidae,Sphyraena,novaehollandiae,1,37382002,CANI02_L.avi,185924,61.9747,DEaston,10.5,NA,Algae; Dense,60,2,1,1,No
CANI03_1712,Arripidae,Arripis,georgianus,1,37344001,CANI03_L.avi,89013,24.7505,DEaston,5,NA,Reef; Fucoid; Profile,60,2,1,2,No
CANI03_1712,Arripidae,Arripis,truttaceus,37,37344004,CANI03_L.avi,135652,37.7187,DEaston,5,NA,Reef; Fucoid; Profile,60,2,1,2,No
CANI03_1712,Carangidae,Pseudocaranx,sp,2,37337924,CANI03_L.avi,86458,24.0401,DEaston,5,NA,Reef; Fucoid; Profile,60,2,1,2,No
CANI03_1712,Cheilodactylidae,Cheilodactylus,nigripes,1,37377001,CANI03_L.avi,18824,5.2341,DEaston,5,NA,Reef; Fucoid; Profile,60,2,1,2,No
CANI03_1712,Kyphosidae,Girella,zebra,1,37361008,CANI03_L.avi,143212,39.8208,DEaston,5,NA,Reef; Fucoid; Profile,60,2,1,2,No
CANI03_1712,Kyphosidae,Kyphosus,sydneyanus,3,37361001,CANI03_L.avi,15911,4.4241,DEaston,5,NA,Reef; Fucoid; Profile,60,2,1,2,No
CANI03_1712,Labridae,Austrolabrus,maculatus,1,37384025,CANI03_L.avi,52058,14.475,DEaston,5,NA,Reef; Fucoid; Profile,60,2,1,2,No
CANI03_1712,Labridae,Notolabrus,parilus,3,37384022,CANI03_L.avi,109617,30.4796,DEaston,5,NA,Reef; Fucoid; Profile,60,2,1,2,No
CANI03_1712,Labridae,Notolabrus,tetricus,2,37384003,CANI03_L.avi,90233,25.0897,DEaston,5,NA,Reef; Fucoid; Profile,60,2,1,2,No
CANI03_1712,Labridae,Pictilabrus,laticlavius,1,37384020,CANI03_L.avi,26060,7.2461,DEaston,5,NA,Reef; Fucoid; Profile,60,2,1,2,No
CANI03_1712,Monacanthidae,Eubalichthys,mosaicus,1,37465003,CANI03_L.avi,172350,47.9228,DEaston,5,NA,Reef; Fucoid; Profile,60,2,1,2,No
CANI03_1712,Monacanthidae,Meuschenia,hippocrepis,2,37465004,CANI03_L.avi,15288,4.2509,DEaston,5,NA,Reef; Fucoid; Profile,60,2,1,2,No
CANI03_1712,Scorpididae,Scorpis,aequipinnis,6,37361004,CANI03_L.avi,34406,9.5668,DEaston,5,NA,Reef; Fucoid; Profile,60,2,1,2,No
CANI03_1712,Sillaginidae,Sillaginodes,punctatus,1,37330001,CANI03_L.avi,216360,60.16,DEaston,5,NA,Reef; Fucoid; Profile,60,2,1,2,No
CANI04_1712,Arripidae,Arripis,georgianus,1,37344001,CANI04_L.avi,113503,37.8343,DEaston,6.5,NA,Algae; Dense,60,2,1,2,No
CANI04_1712,Arripidae,Arripis,truttaceus,50,37344004,CANI04_L.avi,64676,21.5587,DEaston,6.5,NA,Algae; Dense,60,2,1,2,No
CANI04_1712,Cheilodactylidae,Cheilodactylus,nigripes,1,37377001,CANI04_L.avi,101566,33.8553,DEaston,6.5,NA,Algae; Dense,60,2,1,2,No
CANI04_1712,Kyphosidae,Girella,zebra,2,37361008,CANI04_L.avi,48681,16.227,DEaston,6.5,NA,Algae; Dense,60,2,1,2,No
CANI04_1712,Kyphosidae,Kyphosus,sydneyanus,8,37361001,CANI04_L.avi,67906,22.6353,DEaston,6.5,NA,Algae; Dense,60,2,1,2,No
CANI04_1712,Labridae,Austrolabrus,maculatus,1,37384025,CANI04_L.avi,11909,3.9697,DEaston,6.5,NA,Algae; Dense,60,2,1,2,No
CANI04_1712,Labridae,Notolabrus,parilus,1,37384022,CANI04_L.avi,12378,4.126,DEaston,6.5,NA,Algae; Dense,60,2,1,2,No
CANI04_1712,Labridae,Notolabrus,tetricus,2,37384003,CANI04_L.avi,58261,19.4203,DEaston,6.5,NA,Algae; Dense,60,2,1,2,No
CANI04_1712,Labridae,Pictilabrus,laticlavius,2,37384020,CANI04_L.avi,41168,13.7227,DEaston,6.5,NA,Algae; Dense,60,2,1,2,No
CANI04_1712,Monacanthidae,Meuschenia,hippocrepis,3,37465004,CANI04_L.avi,19065,6.355,DEaston,6.5,NA,Algae; Dense,60,2,1,2,Yes
CANI04_1712,Mullidae,Upeneichthys,vlamingii,5,37355029,CANI04_L.avi,130285,43.4283,DEaston,6.5,NA,Algae; Dense,60,2,1,2,No
CANI04_1712,Odacidae,Siphonognathus,beddomei,1,37385006,CANI04_L.avi,169789,56.5963,DEaston,6.5,NA,Algae; Dense,60,2,1,2,No
CANI04_1712,Pentacerotidae,Pentaceropsis,recurvirostris,1,37367003,CANI04_L.avi,150570,50.19,DEaston,6.5,NA,Algae; Dense,60,2,1,2,No
CANI04_1712,Pomacentridae,Parma,victoriae,1,37372006,CANI04_L.avi,53893,17.9643,DEaston,6.5,NA,Algae; Dense,60,2,1,2,No
CANI04_1712,Scorpididae,Scorpis,aequipinnis,1,37361004,CANI04_L.avi,23820,7.94,DEaston,6.5,NA,Algae; Dense,60,2,1,2,No
CANI04_1712,Scorpididae,Tilodon,sexfasciatus,1,37361003,CANI04_L.avi,72092,24.0307,DEaston,6.5,NA,Algae; Dense,60,2,1,2,No
CANI04_1712,Sillaginidae,Sillaginodes,punctatus,1,37330001,CANI04_L.avi,24952,8.3173,DEaston,6.5,NA,Algae; Dense,60,2,1,2,No
CANO01_1712,Arripidae,Arripis,georgianus,5,37344001,CANO01_L.avi,29292,9.764,DEaston,6.1,NA,Algae; Dense,60,2,1,2,No
CANO01_1712,Cheilodactylidae,Dactylophora,nigricans,1,37377005,CANO01_L.avi,13479,4.493,DEaston,6.1,NA,Algae; Dense,60,2,1,2,No
CANO01_1712,Kyphosidae,Kyphosus,sydneyanus,1,37361001,CANO01_L.avi,117986,39.3287,DEaston,6.1,NA,Algae; Dense,60,2,1,2,No
CANO01_1712,Labridae,Austrolabrus,maculatus,2,37384025,CANO01_L.avi,41214,13.738,DEaston,6.1,NA,Algae; Dense,60,2,1,2,No
CANO01_1712,Labridae,Notolabrus,parilus,2,37384022,CANO01_L.avi,47915,15.9717,DEaston,6.1,NA,Algae; Dense,60,2,1,2,No
CANO01_1712,Labridae,Pictilabrus,laticlavius,4,37384020,CANO01_L.avi,72004,24.0013,DEaston,6.1,NA,Algae; Dense,60,2,1,2,No
CANO02_1712,Cheilodactylidae,Cheilodactylus,nigripes,1,37377001,CANO02_L.avi,80908,26.9693,DEaston,7,NA,Reef; Fucoid; Flat,60,2,1,2,No
CANO02_1712,Cheilodactylidae,Dactylophora,nigricans,1,37377005,CANO02_L.avi,117806,39.2687,DEaston,7,NA,Reef; Fucoid; Flat,60,2,1,2,No
CANO02_1712,Kyphosidae,Girella,zebra,21,37361008,CANO02_L.avi,103765,34.5883,DEaston,7,NA,Reef; Fucoid; Flat,60,2,1,2,No
CANO02_1712,Kyphosidae,Kyphosus,sydneyanus,9,37361001,CANO02_L.avi,184980,61.66,DEaston,7,NA,Reef; Fucoid; Flat,60,2,1,2,No
CANO02_1712,Labridae,Austrolabrus,maculatus,1,37384025,CANO02_L.avi,46876,15.6253,DEaston,7,NA,Reef; Fucoid; Flat,60,2,1,2,No
CANO02_1712,Labridae,Notolabrus,parilus,2,37384022,CANO02_L.avi,54280,18.0933,DEaston,7,NA,Reef; Fucoid; Flat,60,2,1,2,No
CANO02_1712,Labridae,Pictilabrus,laticlavius,2,37384020,CANO02_L.avi,55801,18.6003,DEaston,7,NA,Reef; Fucoid; Flat,60,2,1,2,No
CANO02_1712,Loliginidae,Sepioteuthis,australis,1,23617005,CANO02_L.avi,172840,57.6133,DEaston,7,NA,Reef; Fucoid; Flat,60,2,1,2,No
CANO02_1712,Mullidae,Upeneichthys,vlamingii,1,37355029,CANO02_L.avi,68196,22.732,DEaston,7,NA,Reef; Fucoid; Flat,60,2,1,2,No
CANO02_1712,Scorpididae,Scorpis,aequipinnis,1,37361004,CANO02_L.avi,54417,18.139,DEaston,7,NA,Reef; Fucoid; Flat,60,2,1,2,No
CANO03_1712,Cheilodactylidae,Dactylophora,nigricans,1,37377005,CANO03_L.avi,161808,44.9915,DEaston,5.8,NA,Reef; Fucoid; Flat,60,2,1,1,No
CANO03_1712,Labridae,Austrolabrus,maculatus,2,37384025,CANO03_L.avi,24760,6.8846,DEaston,5.8,NA,Reef; Fucoid; Flat,60,2,1,1,No
CANO03_1712,Labridae,Notolabrus,parilus,1,37384022,CANO03_L.avi,41182,11.4509,DEaston,5.8,NA,Reef; Fucoid; Flat,60,2,1,1,No
CANO03_1712,Labridae,Pictilabrus,laticlavius,1,37384020,CANO03_L.avi,114875,31.9416,DEaston,5.8,NA,Reef; Fucoid; Flat,60,2,1,1,No
CANO03_1712,Loliginidae,Sepioteuthis,australis,15,23617005,CANO03_L.avi,125256,34.8281,DEaston,5.8,NA,Reef; Fucoid; Flat,60,2,1,1,No
CANO03_1712,Mullidae,Upeneichthys,vlamingii,2,37355029,CANO03_L.avi,127694,35.506,DEaston,5.8,NA,Reef; Fucoid; Flat,60,2,1,1,No
CANO03_1712,Pentacerotidae,Pentaceropsis,recurvirostris,2,37367003,CANO03_L.avi,227187,63.1705,DEaston,5.8,NA,Reef; Fucoid; Flat,60,2,1,1,No
CANO03_1712,Plagusiidae,Plagusia,chabrus,1,28935905,CANO03_L.avi,89282,24.8253,DEaston,5.8,NA,Reef; Fucoid; Flat,60,2,1,1,Yes
CANO04_1712,Arripidae,Arripis,georgianus,2,37344001,CANO04_L.avi,131754,43.918,DEaston,6.2,NA,Reef; Fucoid; Flat,60,2,1,1,No
CANO04_1712,Gerreidae,Parequula,melbournensis,1,37349001,CANO04_L.avi,52681,17.5603,DEaston,6.2,NA,Reef; Fucoid; Flat,60,2,1,1,No
CANO04_1712,Kyphosidae,Girella,zebra,1,37361008,CANO04_L.avi,66160,22.0533,DEaston,6.2,NA,Reef; Fucoid; Flat,60,2,1,1,No
CANO04_1712,Labridae,Austrolabrus,maculatus,1,37384025,CANO04_L.avi,17970,5.99,DEaston,6.2,NA,Reef; Fucoid; Flat,60,2,1,1,No
CANO04_1712,Labridae,Notolabrus,parilus,1,37384022,CANO04_L.avi,58880,19.6267,DEaston,6.2,NA,Reef; Fucoid; Flat,60,2,1,1,No
CANO04_1712,Labridae,Notolabrus,tetricus,1,37384003,CANO04_L.avi,37812,12.604,DEaston,6.2,NA,Reef; Fucoid; Flat,60,2,1,1,No
CANO04_1712,Labridae,Pictilabrus,laticlavius,4,37384020,CANO04_L.avi,24954,8.318,DEaston,6.2,NA,Reef; Fucoid; Flat,60,2,1,1,No
CANO04_1712,Loliginidae,Sepioteuthis,australis,3,23617005,CANO04_L.avi,173591,57.8637,DEaston,6.2,NA,Reef; Fucoid; Flat,60,2,1,1,No
CANO04_1712,Mullidae,Upeneichthys,vlamingii,1,37355029,CANO04_L.avi,64222,21.4073,DEaston,6.2,NA,Reef; Fucoid; Flat,60,2,1,1,No
CANO04_1712,Pomacentridae,Parma,victoriae,1,37372006,CANO04_L.avi,72174,24.058,DEaston,6.2,NA,Reef; Fucoid; Flat,60,2,1,1,No
CANO04_1712,Scorpididae,Tilodon,sexfasciatus,1,37361003,CANO04_L.avi,112660,37.5533,DEaston,6.2,NA,Reef; Fucoid; Flat,60,2,1,1,No
CASI01_1712,Cheilodactylidae,Dactylophora,nigricans,1,37377005,CASI01_R.avi,6246,4.164,DEaston,12.5,NA,Reef; Fucoid; Flat,60,2,3,2,No
CASI01_1712,Labridae,Austrolabrus,maculatus,1,37384025,CASI01_R.avi,5772,3.848,DEaston,12.5,NA,Reef; Fucoid; Flat,60,2,3,2,No
CASI01_1712,Labridae,Notolabrus,parilus,4,37384022,CASI01_R.avi,45736,30.4907,DEaston,12.5,NA,Reef; Fucoid; Flat,60,2,3,2,No
CASI01_1712,Monacanthidae,Meuschenia,hippocrepis,7,37465004,CASI01_R.avi,11513,7.6753,DEaston,12.5,NA,Reef; Fucoid; Flat,60,2,3,2,Yes
CASI01_1712,Monacanthidae,Scobinichthys,granulatus,2,37465007,CASI01_R.avi,42381,28.254,DEaston,12.5,NA,Reef; Fucoid; Flat,60,2,3,2,No
CASI01_1712,Odacidae,Olisthops,cyanomelas,1,37385001,CASI01_R.avi,80941,53.9607,DEaston,12.5,NA,Reef; Fucoid; Flat,60,2,3,2,No
CASI01_1712,Sillaginidae,Sillaginodes,punctatus,4,37330001,CASI01_R.avi,25346,16.8973,DEaston,12.5,NA,Reef; Fucoid; Flat,60,2,3,2,No
CASI02_1712,Arripidae,Arripis,georgianus,1,37344001,CASI02_L.avi,23551,15.7007,DEaston,14.5,NA,Reef; Fucoid; Flat,60,2,1,2,No
CASI02_1712,Cheilodactylidae,Dactylophora,nigricans,1,37377005,CASI02_L.avi,4407,2.938,DEaston,14.5,NA,Reef; Fucoid; Flat,60,2,1,2,No
CASI02_1712,Gerreidae,Parequula,melbournensis,1,37349001,CASI02_L.avi,37057,24.7047,DEaston,14.5,NA,Reef; Fucoid; Flat,60,2,1,2,No
CASI02_1712,Labridae,Austrolabrus,maculatus,2,37384025,CASI02_L.avi,40835,27.2233,DEaston,14.5,NA,Reef; Fucoid; Flat,60,2,1,2,No
CASI02_1712,Labridae,Notolabrus,parilus,3,37384022,CASI02_L.avi,43823,29.2153,DEaston,14.5,NA,Reef; Fucoid; Flat,60,2,1,2,No
CASI02_1712,Labridae,Notolabrus,tetricus,1,37384003,CASI02_L.avi,8775,5.85,DEaston,14.5,NA,Reef; Fucoid; Flat,60,2,1,2,No
CASI02_1712,Labridae,Pictilabrus,laticlavius,1,37384020,CASI02_L.avi,34657,23.1047,DEaston,14.5,NA,Reef; Fucoid; Flat,60,2,1,2,No
CASI02_1712,Loliginidae,Sepioteuthis,australis,1,23617005,CASI02_L.avi,25136,16.7573,DEaston,14.5,NA,Reef; Fucoid; Flat,60,2,1,2,No
CASI02_1712,Monacanthidae,Meuschenia,galii,1,37465040,CASI02_L.avi,26208,17.472,DEaston,14.5,NA,Reef; Fucoid; Flat,60,2,1,2,No
CASI02_1712,Monacanthidae,Meuschenia,hippocrepis,1,37465004,CASI02_L.avi,46630,31.0867,DEaston,14.5,NA,Reef; Fucoid; Flat,60,2,1,2,No
CASI02_1712,Monacanthidae,Scobinichthys,granulatus,2,37465007,CASI02_L.avi,17081,11.3873,DEaston,14.5,NA,Reef; Fucoid; Flat,60,2,1,2,No
CASI02_1712,Mullidae,Upeneichthys,vlamingii,3,37355029,CASI02_L.avi,53669,35.7793,DEaston,14.5,NA,Reef; Fucoid; Flat,60,2,1,2,No
CASI02_1712,Neosebastidae,Neosebastes,scorpaenoides,1,37287005,CASI02_L.avi,61671,41.114,DEaston,14.5,NA,Reef; Fucoid; Flat,60,2,1,2,No
CASI02_1712,Odacidae,Siphonognathus,caninis,1,37385011,CASI02_L.avi,44509,29.6727,DEaston,14.5,NA,Reef; Fucoid; Flat,60,2,1,2,No
CASI02_1712,Scyliorhinidae,Asymbolus,vincenti,1,37015003,CASI02_L.avi,22726,15.1507,DEaston,14.5,NA,Reef; Fucoid; Flat,60,2,1,2,Yes
CASI02_1712,Sillaginidae,Sillaginodes,punctatus,3,37330001,CASI02_L.avi,53471,35.6473,DEaston,14.5,NA,Reef; Fucoid; Flat,60,2,1,2,No
CASI03_1712,Arripidae,Arripis,georgianus,1,37344001,CASI03_L.avi,9741,6.494,DEaston,14.2,NA,Reef; Fucoid; Flat,60,3,3,3,No
CASI03_1712,Carangidae,Trachurus,novaezelandiae,5,37337003,CASI03_L.avi,91751,61.1673,DEaston,14.2,NA,Reef; Fucoid; Flat,60,3,3,3,No
CASI03_1712,Dinolestidae,Dinolestes,lewini,1,37327002,CASI03_L.avi,54365,36.2433,DEaston,14.2,NA,Reef; Fucoid; Flat,60,3,3,3,No
CASI03_1712,Gerreidae,Parequula,melbournensis,1,37349001,CASI03_L.avi,63246,42.164,DEaston,14.2,NA,Reef; Fucoid; Flat,60,3,3,3,No
CASI03_1712,Labridae,Austrolabrus,maculatus,1,37384025,CASI03_L.avi,20022,13.348,DEaston,14.2,NA,Reef; Fucoid; Flat,60,3,3,3,No
CASI03_1712,Labridae,Notolabrus,parilus,2,37384022,CASI03_L.avi,67011,44.674,DEaston,14.2,NA,Reef; Fucoid; Flat,60,3,3,3,No
CASI03_1712,Labridae,Pictilabrus,laticlavius,1,37384020,CASI03_L.avi,10984,7.3227,DEaston,14.2,NA,Reef; Fucoid; Flat,60,3,3,3,No
CASI03_1712,Odacidae,Siphonognathus,caninis,1,37385011,CASI03_L.avi,18675,12.45,DEaston,14.2,NA,Reef; Fucoid; Flat,60,3,3,3,No
CASI03_1712,Scombridae,Scomber,australasicus,4,37441001,CASI03_L.avi,49827,33.218,DEaston,14.2,NA,Reef; Fucoid; Flat,60,3,3,3,No
CASI03_1712,Sillaginidae,Sillaginodes,punctatus,1,37330001,CASI03_L.avi,90596,60.3973,DEaston,14.2,NA,Reef; Fucoid; Flat,60,3,3,3,No
CASI03_1712,Sparidae,Pagrus,auratus,1,37353001,CASI03_L.avi,69942,46.628,DEaston,14.2,NA,Reef; Fucoid; Flat,60,3,3,3,No
CASI04_1712,Carangidae,Pseudocaranx,sp,12,37337924,CASI04_R.avi,27397,18.2647,DEaston,13,NA,Reef; Mixed algal; Profile,60,3,1,3,No
CASI04_1712,Heterodontidae,Heterodontus,portusjacksoni,1,37007001,CASI04_R.avi,34186,22.7907,DEaston,13,NA,Reef; Mixed algal; Profile,60,3,1,3,Yes
CASI04_1712,Labridae,Austrolabrus,maculatus,2,37384025,CASI04_R.avi,17764,11.8427,DEaston,13,NA,Reef; Mixed algal; Profile,60,3,1,3,No
CASI04_1712,Labridae,Notolabrus,parilus,2,37384022,CASI04_R.avi,19347,12.898,DEaston,13,NA,Reef; Mixed algal; Profile,60,3,1,3,No
CASI04_1712,Labridae,Pictilabrus,laticlavius,2,37384020,CASI04_R.avi,14672,9.7813,DEaston,13,NA,Reef; Mixed algal; Profile,60,3,1,3,No
CASI04_1712,Monacanthidae,Meuschenia,galii,1,37465040,CASI04_R.avi,81693,54.462,DEaston,13,NA,Reef; Mixed algal; Profile,60,3,1,3,No
CASI04_1712,Monacanthidae,Scobinichthys,granulatus,1,37465007,CASI04_R.avi,38471,25.6473,DEaston,13,NA,Reef; Mixed algal; Profile,60,3,1,3,No
CASI04_1712,Mullidae,Upeneichthys,vlamingii,4,37355029,CASI04_R.avi,83505,55.67,DEaston,13,NA,Reef; Mixed algal; Profile,60,3,1,3,No
CASI04_1712,Neosebastidae,Neosebastes,scorpaenoides,1,37287005,CASI04_R.avi,90401,60.2673,DEaston,13,NA,Reef; Mixed algal; Profile,60,3,1,3,No
CASI04_1712,Pentacerotidae,Pentaceropsis,recurvirostris,1,37367003,CASI04_R.avi,36336,24.224,DEaston,13,NA,Reef; Mixed algal; Profile,60,3,1,3,No
CASI04_1712,Serranidae,Hypoplectrodes,nigroruber,1,37311037,CASI04_R.avi,19485,12.99,DEaston,13,NA,Reef; Mixed algal; Profile,60,3,1,3,No
CASI04_1712,Sillaginidae,Sillaginodes,punctatus,1,37330001,CASI04_R.avi,35219,23.4793,DEaston,13,NA,Reef; Mixed algal; Profile,60,3,1,3,No
CASI04_1712,Sparidae,Pagrus,auratus,1,37353001,CASI04_R.avi,29675,19.7833,DEaston,13,NA,Reef; Mixed algal; Profile,60,3,1,3,No
CASO01_1712,Cheilodactylidae,Cheilodactylus,nigripes,1,37377001,CASO01_L.avi,9615,6.41,DEaston,7,NA,Reef; Ecklonia and Fucoid; Flat,60,2,1,1,No
CASO01_1712,Cheilodactylidae,Dactylophora,nigricans,1,37377005,CASO01_L.avi,33234,22.156,DEaston,7,NA,Reef; Ecklonia and Fucoid; Flat,60,2,1,1,No
CASO01_1712,Dinolestidae,Dinolestes,lewini,7,37327002,CASO01_L.avi,30953,20.6353,DEaston,7,NA,Reef; Ecklonia and Fucoid; Flat,60,2,1,1,No
CASO01_1712,Labridae,Austrolabrus,maculatus,2,37384025,CASO01_L.avi,17749,11.8327,DEaston,7,NA,Reef; Ecklonia and Fucoid; Flat,60,2,1,1,No
CASO01_1712,Labridae,Notolabrus,parilus,1,37384022,CASO01_L.avi,27412,18.2747,DEaston,7,NA,Reef; Ecklonia and Fucoid; Flat,60,2,1,1,No
CASO01_1712,Labridae,Notolabrus,tetricus,4,37384003,CASO01_L.avi,46800,31.2,DEaston,7,NA,Reef; Ecklonia and Fucoid; Flat,60,2,1,1,No
CASO01_1712,Labridae,Pictilabrus,laticlavius,4,37384020,CASO01_L.avi,19600,13.0667,DEaston,7,NA,Reef; Ecklonia and Fucoid; Flat,60,2,1,1,No
CASO01_1712,Monacanthidae,Meuschenia,freycineti,1,37465036,CASO01_L.avi,58888,39.2587,DEaston,7,NA,Reef; Ecklonia and Fucoid; Flat,60,2,1,1,Yes
CASO01_1712,Monacanthidae,Meuschenia,hippocrepis,11,37465004,CASO01_L.avi,51902,34.6013,DEaston,7,NA,Reef; Ecklonia and Fucoid; Flat,60,2,1,1,Yes
CASO01_1712,Scyliorhinidae,Asymbolus,vincenti,1,37015003,CASO01_L.avi,16098,10.732,DEaston,7,NA,Reef; Ecklonia and Fucoid; Flat,60,2,1,1,No
CASO02_1712,Arripidae,Arripis,georgianus,4,37344001,CASO02_L.avi,46834,31.2227,DEaston,8.4,NA,Reef; Fucoid; Flat,60,2,1,1,No
CASO02_1712,Carangidae,Pseudocaranx,sp,2,37337924,CASO02_L.avi,66432,44.288,DEaston,8.4,NA,Reef; Fucoid; Flat,60,2,1,1,No
CASO02_1712,Cheilodactylidae,Cheilodactylus,nigripes,2,37377001,CASO02_L.avi,78708,52.472,DEaston,8.4,NA,Reef; Fucoid; Flat,60,2,1,1,No
CASO02_1712,Labridae,Austrolabrus,maculatus,3,37384025,CASO02_L.avi,18996,12.664,DEaston,8.4,NA,Reef; Fucoid; Flat,60,2,1,1,No
CASO02_1712,Labridae,Dotalabrus,aurantiacus,1,37384018,CASO02_L.avi,47397,31.598,DEaston,8.4,NA,Reef; Fucoid; Flat,60,2,1,1,No
CASO02_1712,Labridae,Notolabrus,parilus,2,37384022,CASO02_L.avi,44515,29.6767,DEaston,8.4,NA,Reef; Fucoid; Flat,60,2,1,1,No
CASO02_1712,Labridae,Notolabrus,tetricus,2,37384003,CASO02_L.avi,50441,33.6273,DEaston,8.4,NA,Reef; Fucoid; Flat,60,2,1,1,No
CASO02_1712,Labridae,Pictilabrus,laticlavius,3,37384020,CASO02_L.avi,22340,14.8933,DEaston,8.4,NA,Reef; Fucoid; Flat,60,2,1,1,No
CASO02_1712,Monacanthidae,unknown,sp,2,37465903,CASO02_L.avi,44374,29.5827,DEaston,8.4,NA,Reef; Fucoid; Flat,60,2,1,1,Yes
CASO02_1712,Monacanthidae,Meuschenia,hippocrepis,8,37465004,CASO02_L.avi,50849,33.8993,DEaston,8.4,NA,Reef; Fucoid; Flat,60,2,1,1,Yes
CASO02_1712,Pomacentridae,Parma,victoriae,1,37372006,CASO02_L.avi,90718,60.4787,DEaston,8.4,NA,Reef; Fucoid; Flat,60,2,1,1,No
CASO03_1712,Cheilodactylidae,Dactylophora,nigricans,1,37377005,CASO03_L.avi,10935,7.29,DEaston,6.7,NA,Reef; Fucoid; Flat,60,2,1,1,No
CASO03_1712,Labridae,Austrolabrus,maculatus,1,37384025,CASO03_L.avi,21131,14.0873,DEaston,6.7,NA,Reef; Fucoid; Flat,60,2,1,1,No
CASO03_1712,Labridae,Notolabrus,parilus,2,37384022,CASO03_L.avi,29298,19.532,DEaston,6.7,NA,Reef; Fucoid; Flat,60,2,1,1,No
CASO03_1712,Labridae,Notolabrus,tetricus,1,37384003,CASO03_L.avi,13521,9.014,DEaston,6.7,NA,Reef; Fucoid; Flat,60,2,1,1,No
CASO03_1712,Labridae,Pictilabrus,laticlavius,2,37384020,CASO03_L.avi,14246,9.4973,DEaston,6.7,NA,Reef; Fucoid; Flat,60,2,1,1,No
CASO03_1712,Monacanthidae,unknown,sp,3,37465903,CASO03_L.avi,80936,53.9573,DEaston,6.7,NA,Reef; Fucoid; Flat,60,2,1,1,No
CASO03_1712,Monacanthidae,Meuschenia,hippocrepis,1,37465004,CASO03_L.avi,48697,32.4647,DEaston,6.7,NA,Reef; Fucoid; Flat,60,2,1,1,No
CASO03_1712,Sillaginidae,Sillaginodes,punctatus,1,37330001,CASO03_L.avi,45284,30.1893,DEaston,6.7,NA,Reef; Fucoid; Flat,60,2,1,1,No
CASO04_1712,Carangidae,Pseudocaranx,sp,2,37337924,CASO04_L.avi,24699,16.466,DEaston,10.2,NA,Sand,60,2,1,1,No
CASO04_1712,Cheilodactylidae,Cheilodactylus,nigripes,2,37377001,CASO04_L.avi,38770,25.8467,DEaston,10.2,NA,Sand,60,2,1,1,No
CASO04_1712,Labridae,Austrolabrus,maculatus,1,37384025,CASO04_L.avi,7048,4.6987,DEaston,10.2,NA,Sand,60,2,1,1,No
CASO04_1712,Labridae,Notolabrus,tetricus,2,37384003,CASO04_L.avi,56187,37.458,DEaston,10.2,NA,Sand,60,2,1,1,No
CASO04_1712,Labridae,Pictilabrus,laticlavius,2,37384020,CASO04_L.avi,42818,28.5453,DEaston,10.2,NA,Sand,60,2,1,1,Yes
CASO04_1712,Loliginidae,Sepioteuthis,australis,1,23617005,CASO04_L.avi,52325,34.8833,DEaston,10.2,NA,Sand,60,2,1,1,No
CASO04_1712,Monacanthidae,Eubalichthys,mosaicus,1,37465003,CASO04_L.avi,81183,54.122,DEaston,10.2,NA,Sand,60,2,1,1,No
CASO04_1712,Monacanthidae,Meuschenia,freycineti,1,37465036,CASO04_L.avi,66930,44.62,DEaston,10.2,NA,Sand,60,2,1,1,Yes
CASO04_1712,Monacanthidae,Meuschenia,hippocrepis,2,37465004,CASO04_L.avi,40770,27.18,DEaston,10.2,NA,Sand,60,2,1,1,Yes
CASO04_1712,Rhinobatidae,Trygonorrhina,dumerilii,1,37027011,CASO04_L.avi,50123,33.4153,DEaston,10.2,NA,Sand,60,2,1,1,No
CASO04_1712,Sillaginidae,Sillaginodes,punctatus,1,37330001,CASO04_L.avi,35112,23.408,DEaston,10.2,NA,Sand,60,2,1,1,No
PIEI01_1806,Cheilodactylidae,Dactylophora,nigricans,1,37377005,PIEI01_L.avi,69325,46.2167,JHicks,22,NA,Reef; Fucoid; Flat,60,2,1,2,No
PIEI01_1806,Chironemidae,Chironemus,maculosus,1,37375002,PIEI01_L.avi,54724,36.4827,JHicks,22,NA,Reef; Fucoid; Flat,60,2,1,2,No
PIEI01_1806,Labridae,Notolabrus,parilus,5,37384022,PIEI01_L.avi,10861,7.2407,JHicks,22,NA,Reef; Fucoid; Flat,60,2,1,2,No
PIEI01_1806,Labridae,Notolabrus,tetricus,7,37384003,PIEI01_L.avi,19129,12.7527,JHicks,22,NA,Reef; Fucoid; Flat,60,2,1,2,No
PIEI01_1806,Labridae,Pictilabrus,laticlavius,2,37384020,PIEI01_L.avi,23002,15.3347,JHicks,22,NA,Reef; Fucoid; Flat,60,2,1,2,No
PIEI01_1806,Lamnidae,Carcharodon,carcharias,1,37010003,PIEI01_L.avi,20414,13.6093,JHicks,22,NA,Reef; Fucoid; Flat,60,2,1,2,No
PIEI01_1806,Monacanthidae,Acanthaluteres,vittiger,1,37465002,PIEI01_L.avi,58442,38.9613,JHicks,22,NA,Reef; Fucoid; Flat,60,2,1,2,No
PIEI01_1806,Mullidae,Upeneichthys,vlamingii,1,37355029,PIEI01_L.avi,36892,24.5947,JHicks,22,NA,Reef; Fucoid; Flat,60,2,1,2,No
PIEI01_1806,Odacidae,Heteroscarus,acroptilus,1,37385010,PIEI01_L.avi,40210,26.8067,JHicks,22,NA,Reef; Fucoid; Flat,60,2,1,2,No
PIEI01_1806,Pinguipedidae,Parapercis,haackei,1,37390004,PIEI01_L.avi,47810,31.8733,JHicks,22,NA,Reef; Fucoid; Flat,60,2,1,2,No
PIEI02_1806,Labridae,Notolabrus,parilus,3,37384022,PIEI02_L.avi,48628,32.4187,JHicks,24,NA,Reef; Mixed Ecklonia and Seirococceae; Profile,60,3,1,2,No
PIEI02_1806,Labridae,Notolabrus,tetricus,6,37384003,PIEI02_L.avi,27631,18.4207,JHicks,24,NA,Reef; Mixed Ecklonia and Seirococceae; Profile,60,3,1,2,No
PIEI02_1806,Labridae,Ophthalmolepis,lineolatus,1,37384040,PIEI02_L.avi,49112,32.7413,JHicks,24,NA,Reef; Mixed Ecklonia and Seirococceae; Profile,60,3,1,2,No
PIEI02_1806,Labridae,Pictilabrus,laticlavius,3,37384020,PIEI02_L.avi,14981,9.9873,JHicks,24,NA,Reef; Mixed Ecklonia and Seirococceae; Profile,60,3,1,2,No
PIEI02_1806,Lamnidae,Carcharodon,carcharias,1,37010003,PIEI02_L.avi,58685,39.1233,JHicks,24,NA,Reef; Mixed Ecklonia and Seirococceae; Profile,60,3,1,2,No
PIEI02_1806,Monacanthidae,Acanthaluteres,vittiger,2,37465002,PIEI02_L.avi,35099,23.3993,JHicks,24,NA,Reef; Mixed Ecklonia and Seirococceae; Profile,60,3,1,2,No
PIEI02_1806,Monacanthidae,Meuschenia,flavolineata,1,37465035,PIEI02_L.avi,19516,13.0107,JHicks,24,NA,Reef; Mixed Ecklonia and Seirococceae; Profile,60,3,1,2,No
PIEI02_1806,Monacanthidae,Meuschenia,galii,3,37465040,PIEI02_L.avi,24886,16.5907,JHicks,24,NA,Reef; Mixed Ecklonia and Seirococceae; Profile,60,3,1,2,Yes
PIEI02_1806,Monacanthidae,Meuschenia,hippocrepis,1,37465004,PIEI02_L.avi,8561,5.7073,JHicks,24,NA,Reef; Mixed Ecklonia and Seirococceae; Profile,60,3,1,2,No
PIEI02_1806,Odacidae,Olisthops,cyanomelas,1,37385001,PIEI02_L.avi,55082,36.7213,JHicks,24,NA,Reef; Mixed Ecklonia and Seirococceae; Profile,60,3,1,2,No
PIEI02_1806,Parascylliidae,Parascyllium,variolatum,1,37013004,PIEI02_L.avi,15953,10.6353,JHicks,24,NA,Reef; Mixed Ecklonia and Seirococceae; Profile,60,3,1,2,No
PIEI03_1806,Carangidae,Pseudocaranx,sp,22,37337924,PIEI03_L.avi,12361,8.2407,JHicks,22,NA,Reef; Mixed Ecklonia and Seirococceae; Profile,60,2,2,2,No
PIEI03_1806,Carangidae,Trachurus,novaezelandiae,1,37337003,PIEI03_L.avi,36095,24.0633,JHicks,22,NA,Reef; Mixed Ecklonia and Seirococceae; Profile,60,2,2,2,No
PIEI03_1806,Cheilodactylidae,Cheilodactylus,nigripes,2,37377001,PIEI03_L.avi,74574,49.716,JHicks,22,NA,Reef; Mixed Ecklonia and Seirococceae; Profile,60,2,2,2,No
PIEI03_1806,Cheilodactylidae,Nemadactylus,valenciennesi,1,37377004,PIEI03_L.avi,32247,21.498,JHicks,22,NA,Reef; Mixed Ecklonia and Seirococceae; Profile,60,2,2,2,No
PIEI03_1806,Enoplosidae,Enoplosus,armatus,2,37366001,PIEI03_L.avi,28658,19.1053,JHicks,22,NA,Reef; Mixed Ecklonia and Seirococceae; Profile,60,2,2,2,No
PIEI03_1806,Labridae,Notolabrus,parilus,1,37384022,PIEI03_L.avi,28626,19.084,JHicks,22,NA,Reef; Mixed Ecklonia and Seirococceae; Profile,60,2,2,2,No
PIEI03_1806,Labridae,Notolabrus,tetricus,13,37384003,PIEI03_L.avi,27282,18.188,JHicks,22,NA,Reef; Mixed Ecklonia and Seirococceae; Profile,60,2,2,2,No
PIEI03_1806,Labridae,Ophthalmolepis,lineolatus,3,37384040,PIEI03_L.avi,34189,22.7927,JHicks,22,NA,Reef; Mixed Ecklonia and Seirococceae; Profile,60,2,2,2,No
PIEI03_1806,Labridae,Pictilabrus,laticlavius,3,37384020,PIEI03_L.avi,17953,11.9687,JHicks,22,NA,Reef; Mixed Ecklonia and Seirococceae; Profile,60,2,2,2,No
PIEI03_1806,Monacanthidae,Acanthaluteres,brownii,1,37465001,PIEI03_L.avi,51888,34.592,JHicks,22,NA,Reef; Mixed Ecklonia and Seirococceae; Profile,60,2,2,2,No
PIEI03_1806,Monacanthidae,Acanthaluteres,spilomelanurus,1,37465043,PIEI03_L.avi,64130,42.7533,JHicks,22,NA,Reef; Mixed Ecklonia and Seirococceae; Profile,60,2,2,2,No
PIEI03_1806,Monacanthidae,Meuschenia,flavolineata,1,37465035,PIEI03_L.avi,42766,28.5107,JHicks,22,NA,Reef; Mixed Ecklonia and Seirococceae; Profile,60,2,2,2,No
PIEI03_1806,Monacanthidae,Meuschenia,galii,1,37465040,PIEI03_L.avi,22971,15.314,JHicks,22,NA,Reef; Mixed Ecklonia and Seirococceae; Profile,60,2,2,2,No
PIEI03_1806,Monacanthidae,Meuschenia,hippocrepis,9,37465004,PIEI03_L.avi,26327,17.5513,JHicks,22,NA,Reef; Mixed Ecklonia and Seirococceae; Profile,60,2,2,2,No
PIEI03_1806,Odacidae,Heteroscarus,acroptilus,1,37385010,PIEI03_L.avi,8055,5.37,JHicks,22,NA,Reef; Mixed Ecklonia and Seirococceae; Profile,60,2,2,2,No
PIEI03_1806,Odacidae,Olisthops,cyanomelas,1,37385001,PIEI03_L.avi,7848,5.232,JHicks,22,NA,Reef; Mixed Ecklonia and Seirococceae; Profile,60,2,2,2,No
PIEI03_1806,Scorpididae,Scorpis,aequipinnis,4,37361004,PIEI03_L.avi,19642,13.0947,JHicks,22,NA,Reef; Mixed Ecklonia and Seirococceae; Profile,60,2,2,2,No
PIEI03_1806,Serranidae,Caesioperca,rasor,1,37311003,PIEI03_L.avi,17051,11.3673,JHicks,22,NA,Reef; Mixed Ecklonia and Seirococceae; Profile,60,2,2,2,No
PIEI03_1806,Sphyraenidae,Sphyraena,novaehollandiae,2,37382002,PIEI03_L.avi,8809,5.8727,JHicks,22,NA,Reef; Mixed Ecklonia and Seirococceae; Profile,60,2,2,2,No
PIEI04_1806,Cheilodactylidae,Cheilodactylus,nigripes,1,37377001,PIEI04_L.avi,80512,53.6747,JHicks,19,NA,Reef; Ecklonia and mixed algae; Profile,60,2,2,2,No
PIEI04_1806,Cheilodactylidae,Nemadactylus,valenciennesi,1,37377004,PIEI04_L.avi,19700,13.1333,JHicks,19,NA,Reef; Ecklonia and mixed algae; Profile,60,2,2,2,No
PIEI04_1806,Enoplosidae,Enoplosus,armatus,1,37366001,PIEI04_L.avi,74592,49.728,JHicks,19,NA,Reef; Ecklonia and mixed algae; Profile,60,2,2,2,No
PIEI04_1806,Labridae,Achoerodus,gouldii,1,37384002,PIEI04_L.avi,8912,5.9413,JHicks,19,NA,Reef; Ecklonia and mixed algae; Profile,60,2,2,2,No
PIEI04_1806,Labridae,Austrolabrus,maculatus,1,37384025,PIEI04_L.avi,16983,11.322,JHicks,19,NA,Reef; Ecklonia and mixed algae; Profile,60,2,2,2,No
PIEI04_1806,Labridae,Notolabrus,parilus,2,37384022,PIEI04_L.avi,12074,8.0493,JHicks,19,NA,Reef; Ecklonia and mixed algae; Profile,60,2,2,2,No
PIEI04_1806,Labridae,Notolabrus,tetricus,5,37384003,PIEI04_L.avi,14297,9.5313,JHicks,19,NA,Reef; Ecklonia and mixed algae; Profile,60,2,2,2,No
PIEI04_1806,Labridae,Pictilabrus,laticlavius,2,37384020,PIEI04_L.avi,12424,8.2827,JHicks,19,NA,Reef; Ecklonia and mixed algae; Profile,60,2,2,2,No
PIEI04_1806,Monacanthidae,Meuschenia,galii,1,37465040,PIEI04_L.avi,51929,34.6193,JHicks,19,NA,Reef; Ecklonia and mixed algae; Profile,60,2,2,2,No
PIEI04_1806,Monacanthidae,Meuschenia,hippocrepis,10,37465004,PIEI04_L.avi,22014,14.676,JHicks,19,NA,Reef; Ecklonia and mixed algae; Profile,60,2,2,2,Yes
PIEI04_1806,Odacidae,Olisthops,cyanomelas,1,37385001,PIEI04_L.avi,9810,6.54,JHicks,19,NA,Reef; Ecklonia and mixed algae; Profile,60,2,2,2,No
PIEI04_1806,Scorpididae,Scorpis,aequipinnis,1,37361004,PIEI04_L.avi,58029,38.686,JHicks,19,NA,Reef; Ecklonia and mixed algae; Profile,60,2,2,2,No
PIEI04_1806,Scyliorhinidae,Asymbolus,vincenti,1,37015003,PIEI04_L.avi,15233,10.1553,JHicks,19,NA,Reef; Ecklonia and mixed algae; Profile,60,2,2,2,No
PIEI04_1806,Serranidae,Othos,dentex,1,37311005,PIEI04_L.avi,26783,17.8553,JHicks,19,NA,Reef; Ecklonia and mixed algae; Profile,60,2,2,2,No
PIEO01_1806,Carangidae,Pseudocaranx,sp,1,37337924,PIEO01_L.avi,64187,42.7913,JHicks,22,NA,Reef; Mixed Ecklonia and Seirococceae; Profile,60,2,2,2,No
PIEO01_1806,Labridae,Notolabrus,parilus,2,37384022,PIEO01_L.avi,39368,26.2453,JHicks,22,NA,Reef; Mixed Ecklonia and Seirococceae; Profile,60,2,2,2,No
PIEO01_1806,Labridae,Notolabrus,tetricus,7,37384003,PIEO01_L.avi,23264,15.5093,JHicks,22,NA,Reef; Mixed Ecklonia and Seirococceae; Profile,60,2,2,2,No
PIEO01_1806,Labridae,Pictilabrus,laticlavius,2,37384020,PIEO01_L.avi,16005,10.67,JHicks,22,NA,Reef; Mixed Ecklonia and Seirococceae; Profile,60,2,2,2,No
PIEO01_1806,Monacanthidae,Acanthaluteres,vittiger,1,37465002,PIEO01_L.avi,46486,30.9907,JHicks,22,NA,Reef; Mixed Ecklonia and Seirococceae; Profile,60,2,2,2,No
PIEO01_1806,Monacanthidae,Meuschenia,galii,1,37465040,PIEO01_L.avi,6168,4.112,JHicks,22,NA,Reef; Mixed Ecklonia and Seirococceae; Profile,60,2,2,2,No
PIEO01_1806,Monacanthidae,Meuschenia,hippocrepis,9,37465004,PIEO01_L.avi,43363,28.9087,JHicks,22,NA,Reef; Mixed Ecklonia and Seirococceae; Profile,60,2,2,2,Yes
PIEO01_1806,Odacidae,Olisthops,cyanomelas,1,37385001,PIEO01_L.avi,23816,15.8773,JHicks,22,NA,Reef; Mixed Ecklonia and Seirococceae; Profile,60,2,2,2,No
PIEO02_1806,Carangidae,Pseudocaranx,sp,3,37337924,PIEO02_L.avi,58126,38.7507,JHicks,16,NA,Reef;Ecklonia ;Profile,60,2,3,2,No
PIEO02_1806,Kyphosidae,Girella,zebra,1,37361008,PIEO02_L.avi,24883,16.5887,JHicks,16,NA,Reef;Ecklonia ;Profile,60,2,3,2,No
PIEO02_1806,Labridae,Notolabrus,tetricus,6,37384003,PIEO02_L.avi,27935,18.6233,JHicks,16,NA,Reef;Ecklonia ;Profile,60,2,3,2,No
PIEO02_1806,Labridae,Pictilabrus,laticlavius,2,37384020,PIEO02_L.avi,30822,20.548,JHicks,16,NA,Reef;Ecklonia ;Profile,60,2,3,2,No
PIEO02_1806,Monacanthidae,Meuschenia,flavolineata,1,37465035,PIEO02_L.avi,59112,39.408,JHicks,16,NA,Reef;Ecklonia ;Profile,60,2,3,2,No
PIEO02_1806,Monacanthidae,Meuschenia,galii,1,37465040,PIEO02_L.avi,13305,8.87,JHicks,16,NA,Reef;Ecklonia ;Profile,60,2,3,2,No
PIEO02_1806,Monacanthidae,Meuschenia,hippocrepis,5,37465004,PIEO02_L.avi,54704,36.4693,JHicks,16,NA,Reef;Ecklonia ;Profile,60,2,3,2,Yes
PIEO02_1806,Odacidae,Olisthops,cyanomelas,1,37385001,PIEO02_L.avi,66359,44.2393,JHicks,16,NA,Reef;Ecklonia ;Profile,60,2,3,2,No
PIEO03_1806,Enoplosidae,Enoplosus,armatus,2,37366001,PIEO03_L.avi,28801,19.2007,JHicks,16,NA,Reef; Mixed Ecklonia and Seirococceae; Profile,60,3,2,2,No
PIEO03_1806,Labridae,Notolabrus,parilus,1,37384022,PIEO03_L.avi,49975,33.3167,JHicks,16,NA,Reef; Mixed Ecklonia and Seirococceae; Profile,60,3,2,2,No
PIEO03_1806,Labridae,Notolabrus,tetricus,8,37384003,PIEO03_L.avi,30884,20.5893,JHicks,16,NA,Reef; Mixed Ecklonia and Seirococceae; Profile,60,3,2,2,No
PIEO03_1806,Labridae,Ophthalmolepis,lineolatus,1,37384040,PIEO03_L.avi,38675,25.7833,JHicks,16,NA,Reef; Mixed Ecklonia and Seirococceae; Profile,60,3,2,2,No
PIEO03_1806,Labridae,Pictilabrus,laticlavius,2,37384020,PIEO03_L.avi,26739,17.826,JHicks,16,NA,Reef; Mixed Ecklonia and Seirococceae; Profile,60,3,2,2,No
PIEO03_1806,Monacanthidae,Acanthaluteres,vittiger,1,37465002,PIEO03_L.avi,14759,9.8393,JHicks,16,NA,Reef; Mixed Ecklonia and Seirococceae; Profile,60,3,2,2,No
PIEO03_1806,Monacanthidae,Meuschenia,galii,1,37465040,PIEO03_L.avi,38900,25.9333,JHicks,16,NA,Reef; Mixed Ecklonia and Seirococceae; Profile,60,3,2,2,No
PIEO03_1806,Monacanthidae,Meuschenia,hippocrepis,5,37465004,PIEO03_L.avi,38196,25.464,JHicks,16,NA,Reef; Mixed Ecklonia and Seirococceae; Profile,60,3,2,2,No
PIEO03_1806,Odacidae,Heteroscarus,acroptilus,1,37385010,PIEO03_L.avi,7046,4.6973,JHicks,16,NA,Reef; Mixed Ecklonia and Seirococceae; Profile,60,3,2,2,No
PIEO03_1806,Odacidae,Olisthops,cyanomelas,1,37385001,PIEO03_L.avi,57108,38.072,JHicks,16,NA,Reef; Mixed Ecklonia and Seirococceae; Profile,60,3,2,2,No
PINI01_1806,Dasyatidae,Dasyatis,brevicaudata,1,37035001,PINI01_L.avi,80008,53.3387,JHicks,27,NA,Reef; Invertebrate; Dense; Flat,60,2,1,2,No
PINI01_1806,Gerreidae,Parequula,melbournensis,4,37349001,PINI01_L.avi,12784,8.5227,JHicks,27,NA,Reef; Invertebrate; Dense; Flat,60,2,1,2,No
PINI01_1806,Loliginidae,Sepioteuthis,australis,1,23617005,PINI01_L.avi,25474,16.9827,JHicks,27,NA,Reef; Invertebrate; Dense; Flat,60,2,1,2,No
PINI01_1806,Monacanthidae,Acanthaluteres,vittiger,1,37465002,PINI01_L.avi,66260,44.1733,JHicks,27,NA,Reef; Invertebrate; Dense; Flat,60,2,1,2,No
PINI01_1806,Monacanthidae,Scobinichthys,granulatus,1,37465007,PINI01_L.avi,9897,6.598,JHicks,27,NA,Reef; Invertebrate; Dense; Flat,60,2,1,2,No
PINI01_1806,Monacanthidae,Thamnaconus,degeni,11,37465037,PINI01_L.avi,38799,25.866,JHicks,27,NA,Reef; Invertebrate; Dense; Flat,60,2,1,2,No
PINI01_1806,Mullidae,Upeneichthys,vlamingii,3,37355029,PINI01_L.avi,60281,40.1873,JHicks,27,NA,Reef; Invertebrate; Dense; Flat,60,2,1,2,No
PINI01_1806,Pinguipedidae,Parapercis,ramsayi,1,37390002,PINI01_L.avi,19740,13.16,JHicks,27,NA,Reef; Invertebrate; Dense; Flat,60,2,1,2,No
PINI01_1806,Scyliorhinidae,Asymbolus,vincenti,1,37015003,PINI01_L.avi,22177,14.7847,JHicks,27,NA,Reef; Invertebrate; Dense; Flat,60,2,1,2,No
PINI02_1806,Dasyatidae,Dasyatis,brevicaudata,1,37035001,PINI02_L.avi,93775,62.5167,JHicks,28,NA,Reef; Algae and invertebrates,60,2,1,2,No
PINI02_1806,Gerreidae,Parequula,melbournensis,6,37349001,PINI02_L.avi,30862,20.5747,JHicks,28,NA,Reef; Algae and invertebrates,60,2,1,2,No
PINI02_1806,Labridae,Austrolabrus,maculatus,1,37384025,PINI02_L.avi,10267,6.8447,JHicks,28,NA,Reef; Algae and invertebrates,60,2,1,2,No
PINI02_1806,Labridae,Notolabrus,parilus,1,37384022,PINI02_L.avi,13509,9.006,JHicks,28,NA,Reef; Algae and invertebrates,60,2,1,2,Yes
PINI02_1806,Monacanthidae,Acanthaluteres,vittiger,11,37465002,PINI02_L.avi,54707,36.4713,JHicks,28,NA,Reef; Algae and invertebrates,60,2,1,2,No
PINI02_1806,Monacanthidae,Meuschenia,freycineti,1,37465036,PINI02_L.avi,83263,55.5087,JHicks,28,NA,Reef; Algae and invertebrates,60,2,1,2,No
PINI02_1806,Monacanthidae,Thamnaconus,degeni,2,37465037,PINI02_L.avi,55152,36.768,JHicks,28,NA,Reef; Algae and invertebrates,60,2,1,2,Yes
PINI02_1806,Mullidae,Upeneichthys,vlamingii,1,37355029,PINI02_L.avi,20027,13.3513,JHicks,28,NA,Reef; Algae and invertebrates,60,2,1,2,No
PINI02_1806,Pinguipedidae,Parapercis,ramsayi,2,37390002,PINI02_L.avi,56003,37.3353,JHicks,28,NA,Reef; Algae and invertebrates,60,2,1,2,No
PINI02_1806,Scyliorhinidae,Asymbolus,vincenti,1,37015003,PINI02_L.avi,84338,56.2253,JHicks,28,NA,Reef; Algae and invertebrates,60,2,1,2,No
PINI03_1806,Gerreidae,Parequula,melbournensis,4,37349001,PINI03_L.avi,30642,20.428,JHicks,27,NA,Reef; Algae and invertebrates,60,2,1,3,No
PINI03_1806,Labridae,Notolabrus,parilus,3,37384022,PINI03_L.avi,16149,10.766,JHicks,27,NA,Reef; Algae and invertebrates,60,2,1,3,No
PINI03_1806,Labridae,Notolabrus,tetricus,1,37384003,PINI03_L.avi,40791,27.194,JHicks,27,NA,Reef; Algae and invertebrates,60,2,1,3,No
PINI03_1806,Labridae,Ophthalmolepis,lineolatus,1,37384040,PINI03_L.avi,55073,36.7153,JHicks,27,NA,Reef; Algae and invertebrates,60,2,1,3,No
PINI03_1806,Labridae,Pictilabrus,laticlavius,1,37384020,PINI03_L.avi,40308,26.872,JHicks,27,NA,Reef; Algae and invertebrates,60,2,1,3,No
PINI03_1806,Monacanthidae,Acanthaluteres,vittiger,4,37465002,PINI03_L.avi,88095,58.73,JHicks,27,NA,Reef; Algae and invertebrates,60,2,1,3,No
PINI03_1806,Monacanthidae,Thamnaconus,degeni,2,37465037,PINI03_L.avi,91723,61.1487,JHicks,27,NA,Reef; Algae and invertebrates,60,2,1,3,No
PINI03_1806,Moridae,Lotella,rhacina,1,37224005,PINI03_L.avi,37041,24.694,JHicks,27,NA,Reef; Algae and invertebrates,60,2,1,3,No
PINI03_1806,Mullidae,Upeneichthys,vlamingii,2,37355029,PINI03_L.avi,15611,10.4073,JHicks,27,NA,Reef; Algae and invertebrates,60,2,1,3,No
PINI03_1806,Scyliorhinidae,Asymbolus,vincenti,1,37015003,PINI03_L.avi,31259,20.8393,JHicks,27,NA,Reef; Algae and invertebrates,60,2,1,3,No
PINI04_1806,Gerreidae,Parequula,melbournensis,5,37349001,PINI04_L.avi,62498,41.6653,JHicks,27,NA,Reef; Algae and invertebrates: Medium,60,2,1,2,No
PINI04_1806,Loliginidae,Sepioteuthis,australis,1,23617005,PINI04_L.avi,59403,39.602,JHicks,27,NA,Reef; Algae and invertebrates: Medium,60,2,1,2,No
PINI04_1806,Monacanthidae,unknown,sp,1,37465903,PINI04_L.avi,89997,59.998,JHicks,27,NA,Reef; Algae and invertebrates: Medium,60,2,1,2,No
PINI04_1806,Monacanthidae,Acanthaluteres,vittiger,5,37465002,PINI04_L.avi,55344,36.896,JHicks,27,NA,Reef; Algae and invertebrates: Medium,60,2,1,2,No
PINI04_1806,Monacanthidae,Thamnaconus,degeni,1,37465037,PINI04_L.avi,81679,54.4527,JHicks,27,NA,Reef; Algae and invertebrates: Medium,60,2,1,2,No
PINI04_1806,Mullidae,Upeneichthys,vlamingii,1,37355029,PINI04_L.avi,21692,14.4613,JHicks,27,NA,Reef; Algae and invertebrates: Medium,60,2,1,2,No
PINI04_1806,Ostraciidae,Aracana,aurita,1,37466003,PINI04_L.avi,49488,32.992,JHicks,27,NA,Reef; Algae and invertebrates: Medium,60,2,1,2,No
PINI04_1806,Pinguipedidae,Parapercis,haackei,1,37390004,PINI04_L.avi,50988,33.992,JHicks,27,NA,Reef; Algae and invertebrates: Medium,60,2,1,2,No
PINO01_1806,Dasyatidae,Dasyatis,brevicaudata,1,37035001,PINO01_L.avi,49260,32.84,JHicks,27,NA,Algae; Invertebrate; Sparse,60,2,1,2,No
PINO01_1806,Gerreidae,Parequula,melbournensis,3,37349001,PINO01_L.avi,27136,18.0907,JHicks,27,NA,Algae; Invertebrate; Sparse,60,2,1,2,No
PINO01_1806,Monacanthidae,Acanthaluteres,vittiger,20,37465002,PINO01_L.avi,77153,51.4353,JHicks,27,NA,Algae; Invertebrate; Sparse,60,2,1,2,Yes
PINO01_1806,Monacanthidae,Thamnaconus,degeni,4,37465037,PINO01_L.avi,80394,53.596,JHicks,27,NA,Algae; Invertebrate; Sparse,60,2,1,2,Yes
PINO01_1806,Mullidae,Upeneichthys,vlamingii,3,37355029,PINO01_L.avi,95232,63.488,JHicks,27,NA,Algae; Invertebrate; Sparse,60,2,1,2,No
PINO01_1806,Pinguipedidae,Parapercis,haackei,1,37390004,PINO01_L.avi,22790,15.1933,JHicks,27,NA,Algae; Invertebrate; Sparse,60,2,1,2,No
PINO01_1806,Pinguipedidae,Parapercis,ramsayi,2,37390002,PINO01_L.avi,19191,12.794,JHicks,27,NA,Algae; Invertebrate; Sparse,60,2,1,2,No
PINO02_1806,Dasyatidae,Dasyatis,brevicaudata,1,37035001,PINO02_L.avi,28708,19.1387,JHicks,27,NA,Algae; Medium; Sand,60,2,1,2,No
PINO02_1806,Gerreidae,Parequula,melbournensis,2,37349001,PINO02_L.avi,22140,14.76,JHicks,27,NA,Algae; Medium; Sand,60,2,1,2,No
PINO02_1806,Labridae,Notolabrus,parilus,1,37384022,PINO02_L.avi,29868,19.912,JHicks,27,NA,Algae; Medium; Sand,60,2,1,2,No
PINO02_1806,Monacanthidae,Thamnaconus,degeni,8,37465037,PINO02_L.avi,54944,36.6293,JHicks,27,NA,Algae; Medium; Sand,60,2,1,2,No
PINO02_1806,Mullidae,Upeneichthys,vlamingii,1,37355029,PINO02_L.avi,19577,13.0513,JHicks,27,NA,Algae; Medium; Sand,60,2,1,2,No
PINO02_1806,Pinguipedidae,Parapercis,ramsayi,1,37390002,PINO02_L.avi,10446,6.964,JHicks,27,NA,Algae; Medium; Sand,60,2,1,2,No
PINO02_1806,Serranidae,Caesioperca,rasor,6,37311003,PINO02_L.avi,83974,55.9827,JHicks,27,NA,Algae; Medium; Sand,60,2,1,2,No
PINO02_1806,Triakidae,Mustelus,antarcticus,2,37017001,PINO02_L.avi,82748,55.1653,JHicks,27,NA,Algae; Medium; Sand,60,2,1,2,No
PINO03_1806,Asteriidae,Coscinasterias,muricata,1,25154011,PINO03_R.avi,19990,13.3267,JHicks,28,NA,Algae; Invertebrate; Sparse,60,2,1,2,No
PINO03_1806,Carangidae,Pseudocaranx,sp,12,37337924,PINO03_R.avi,94150,62.7667,JHicks,28,NA,Algae; Invertebrate; Sparse,60,2,1,2,No
PINO03_1806,Gerreidae,Parequula,melbournensis,5,37349001,PINO03_R.avi,42334,28.2227,JHicks,28,NA,Algae; Invertebrate; Sparse,60,2,1,2,No
PINO03_1806,Labridae,Austrolabrus,maculatus,1,37384025,PINO03_R.avi,22164,14.776,JHicks,28,NA,Algae; Invertebrate; Sparse,60,2,1,2,No
PINO03_1806,Monacanthidae,Acanthaluteres,vittiger,8,37465002,PINO03_R.avi,49966,33.3107,JHicks,28,NA,Algae; Invertebrate; Sparse,60,2,1,2,No
PINO03_1806,Monacanthidae,Thamnaconus,degeni,6,37465037,PINO03_R.avi,38904,25.936,JHicks,28,NA,Algae; Invertebrate; Sparse,60,2,1,2,No
PINO03_1806,Mullidae,Upeneichthys,vlamingii,1,37355029,PINO03_R.avi,10649,7.0993,JHicks,28,NA,Algae; Invertebrate; Sparse,60,2,1,2,No
PINO03_1806,Pinguipedidae,Parapercis,haackei,1,37390004,PINO03_R.avi,10752,7.168,JHicks,28,NA,Algae; Invertebrate; Sparse,60,2,1,2,No
PINO03_1806,Pinguipedidae,Parapercis,ramsayi,4,37390002,PINO03_R.avi,13609,9.0727,JHicks,28,NA,Algae; Invertebrate; Sparse,60,2,1,2,No
PINO03_1806,Scyliorhinidae,Asymbolus,vincenti,1,37015003,PINO03_R.avi,64772,43.1813,JHicks,28,NA,Algae; Invertebrate; Sparse,60,2,1,2,No
PINO04_1806,Carangidae,Pseudocaranx,sp,3,37337924,PINO04_L.avi,83423,55.6153,JHicks,27,NA,Invertebrates; Sand; medium*,60,2,1,1,No
PINO04_1806,Gerreidae,Parequula,melbournensis,1,37349001,PINO04_L.avi,9263,6.1753,JHicks,27,NA,Invertebrates; Sand; medium*,60,2,1,1,No
PINO04_1806,Labridae,Austrolabrus,maculatus,3,37384025,PINO04_L.avi,15669,10.446,JHicks,27,NA,Invertebrates; Sand; medium*,60,2,1,1,No
PINO04_1806,Monacanthidae,Acanthaluteres,vittiger,1,37465002,PINO04_L.avi,73137,48.758,JHicks,27,NA,Invertebrates; Sand; medium*,60,2,1,1,No
PINO04_1806,Monacanthidae,Thamnaconus,degeni,11,37465037,PINO04_L.avi,53609,35.7393,JHicks,27,NA,Invertebrates; Sand; medium*,60,2,1,1,No
PINO04_1806,Mullidae,Upeneichthys,vlamingii,1,37355029,PINO04_L.avi,35253,23.502,JHicks,27,NA,Invertebrates; Sand; medium*,60,2,1,1,No
PINO04_1806,Pinguipedidae,Parapercis,haackei,1,37390004,PINO04_L.avi,9120,6.08,JHicks,27,NA,Invertebrates; Sand; medium*,60,2,1,1,No
PINO04_1806,Pinguipedidae,Parapercis,ramsayi,4,37390002,PINO04_L.avi,36786,24.524,JHicks,27,NA,Invertebrates; Sand; medium*,60,2,1,1,No
PIWI01_1806,Carangidae,Seriola,lalandi,1,37337006,PIWI01_L.avi,37794,25.196,JHicks,19,NA,Reef; Invertebrate; Dense; Profile,60,2,2,2,No
PIWI01_1806,Cheilodactylidae,Cheilodactylus,nigripes,2,37377001,PIWI01_L.avi,12765,8.51,JHicks,19,NA,Reef; Invertebrate; Dense; Profile,60,2,2,2,No
PIWI01_1806,Cheilodactylidae,Nemadactylus,valenciennesi,2,37377004,PIWI01_L.avi,72792,48.528,JHicks,19,NA,Reef; Invertebrate; Dense; Profile,60,2,2,2,No
PIWI01_1806,Kyphosidae,Girella,zebra,1,37361008,PIWI01_L.avi,51016,34.0107,JHicks,19,NA,Reef; Invertebrate; Dense; Profile,60,2,2,2,No
PIWI01_1806,Labridae,Achoerodus,gouldii,1,37384002,PIWI01_L.avi,11529,7.686,JHicks,19,NA,Reef; Invertebrate; Dense; Profile,60,2,2,2,No
PIWI01_1806,Labridae,Austrolabrus,maculatus,1,37384025,PIWI01_L.avi,19908,13.272,JHicks,19,NA,Reef; Invertebrate; Dense; Profile,60,2,2,2,No
PIWI01_1806,Labridae,Notolabrus,parilus,1,37384022,PIWI01_L.avi,21274,14.1827,JHicks,19,NA,Reef; Invertebrate; Dense; Profile,60,2,2,2,No
PIWI01_1806,Labridae,Notolabrus,tetricus,7,37384003,PIWI01_L.avi,19531,13.0207,JHicks,19,NA,Reef; Invertebrate; Dense; Profile,60,2,2,2,No
PIWI01_1806,Labridae,Ophthalmolepis,lineolatus,2,37384040,PIWI01_L.avi,39737,26.4913,JHicks,19,NA,Reef; Invertebrate; Dense; Profile,60,2,2,2,No
PIWI01_1806,Labridae,Pictilabrus,laticlavius,2,37384020,PIWI01_L.avi,17128,11.4187,JHicks,19,NA,Reef; Invertebrate; Dense; Profile,60,2,2,2,No
PIWI01_1806,Lamnidae,Carcharodon,carcharias,1,37010003,PIWI01_L.avi,37752,25.168,JHicks,19,NA,Reef; Invertebrate; Dense; Profile,60,2,2,2,No
PIWI01_1806,Monacanthidae,Meuschenia,flavolineata,2,37465035,PIWI01_L.avi,70586,47.0573,JHicks,19,NA,Reef; Invertebrate; Dense; Profile,60,2,2,2,No
PIWI01_1806,Monacanthidae,Meuschenia,freycineti,1,37465036,PIWI01_L.avi,31202,20.8013,JHicks,19,NA,Reef; Invertebrate; Dense; Profile,60,2,2,2,No
PIWI01_1806,Monacanthidae,Meuschenia,galii,1,37465040,PIWI01_L.avi,27552,18.368,JHicks,19,NA,Reef; Invertebrate; Dense; Profile,60,2,2,2,No
PIWI01_1806,Monacanthidae,Meuschenia,hippocrepis,10,37465004,PIWI01_L.avi,20713,13.8087,JHicks,19,NA,Reef; Invertebrate; Dense; Profile,60,2,2,2,No
PIWI01_1806,Odacidae,Olisthops,cyanomelas,1,37385001,PIWI01_L.avi,67262,44.8413,JHicks,19,NA,Reef; Invertebrate; Dense; Profile,60,2,2,2,No
PIWI01_1806,Pentacerotidae,Pentaceropsis,recurvirostris,1,37367003,PIWI01_L.avi,14744,9.8293,JHicks,19,NA,Reef; Invertebrate; Dense; Profile,60,2,2,2,No
PIWI01_1806,Scorpididae,Scorpis,aequipinnis,1,37361004,PIWI01_L.avi,59729,39.8193,JHicks,19,NA,Reef; Invertebrate; Dense; Profile,60,2,2,2,No
PIWI01_1806,Serranidae,Othos,dentex,1,37311005,PIWI01_L.avi,22234,14.8227,JHicks,19,NA,Reef; Invertebrate; Dense; Profile,60,2,2,2,No
PIWI02_1806,Cheilodactylidae,Cheilodactylus,nigripes,1,37377001,PIWI02_L.avi,7070,4.7133,JHicks,15,NA,Reef; Seirococcaceae; Profile,60,2,3,2,No
PIWI02_1806,Enoplosidae,Enoplosus,armatus,2,37366001,PIWI02_L.avi,91681,61.1207,JHicks,15,NA,Reef; Seirococcaceae; Profile,60,2,3,2,No
PIWI02_1806,Kyphosidae,Girella,zebra,1,37361008,PIWI02_L.avi,42604,28.4027,JHicks,15,NA,Reef; Seirococcaceae; Profile,60,2,3,2,No
PIWI02_1806,Labridae,Notolabrus,parilus,1,37384022,PIWI02_L.avi,34123,22.7487,JHicks,15,NA,Reef; Seirococcaceae; Profile,60,2,3,2,No
PIWI02_1806,Labridae,Notolabrus,tetricus,9,37384003,PIWI02_L.avi,35835,23.89,JHicks,15,NA,Reef; Seirococcaceae; Profile,60,2,3,2,No
PIWI02_1806,Labridae,Pictilabrus,laticlavius,2,37384020,PIWI02_L.avi,8748,5.832,JHicks,15,NA,Reef; Seirococcaceae; Profile,60,2,3,2,No
PIWI02_1806,Monacanthidae,Acanthaluteres,vittiger,2,37465002,PIWI02_L.avi,31100,20.7333,JHicks,15,NA,Reef; Seirococcaceae; Profile,60,2,3,2,No
PIWI02_1806,Monacanthidae,Meuschenia,flavolineata,1,37465035,PIWI02_L.avi,6816,4.544,JHicks,15,NA,Reef; Seirococcaceae; Profile,60,2,3,2,No
PIWI02_1806,Monacanthidae,Meuschenia,galii,2,37465040,PIWI02_L.avi,20502,13.668,JHicks,15,NA,Reef; Seirococcaceae; Profile,60,2,3,2,Yes
PIWI02_1806,Monacanthidae,Meuschenia,hippocrepis,16,37465004,PIWI02_L.avi,39666,26.444,JHicks,15,NA,Reef; Seirococcaceae; Profile,60,2,3,2,No
PIWI02_1806,Moridae,Lotella,rhacina,1,37224005,PIWI02_L.avi,16184,10.7893,JHicks,15,NA,Reef; Seirococcaceae; Profile,60,2,3,2,No
PIWI02_1806,Odacidae,Olisthops,cyanomelas,1,37385001,PIWI02_L.avi,66023,44.0153,JHicks,15,NA,Reef; Seirococcaceae; Profile,60,2,3,2,No
PIWI02_1806,Odacidae,Siphonognathus,beddomei,1,37385006,PIWI02_L.avi,50373,33.582,JHicks,15,NA,Reef; Seirococcaceae; Profile,60,2,3,2,No
PIWI02_1806,Pomacentridae,Parma,victoriae,1,37372006,PIWI02_L.avi,7974,5.316,JHicks,15,NA,Reef; Seirococcaceae; Profile,60,2,3,2,No
PIWI03_1806,Labridae,Notolabrus,parilus,1,37384022,PIWI03_L.avi,52143,34.762,JHicks,17,NA,Reef; Mixed algal; Profile,60,3,2,3,Yes
PIWI03_1806,Labridae,Notolabrus,tetricus,6,37384003,PIWI03_L.avi,58021,38.6807,JHicks,17,NA,Reef; Mixed algal; Profile,60,3,2,3,No
PIWI03_1806,Labridae,Pictilabrus,laticlavius,3,37384020,PIWI03_L.avi,19410,12.94,JHicks,17,NA,Reef; Mixed algal; Profile,60,3,2,3,No
PIWI03_1806,Monacanthidae,unknown,sp,1,37465903,PIWI03_L.avi,49063,32.7087,JHicks,17,NA,Reef; Mixed algal; Profile,60,3,2,3,No
PIWI03_1806,Monacanthidae,Meuschenia,galii,1,37465040,PIWI03_L.avi,19221,12.814,JHicks,17,NA,Reef; Mixed algal; Profile,60,3,2,3,No
PIWI03_1806,Monacanthidae,Meuschenia,hippocrepis,7,37465004,PIWI03_L.avi,40362,26.908,JHicks,17,NA,Reef; Mixed algal; Profile,60,3,2,3,Yes
PIWI04_1806,Chaetodontidae,Chelmonops,curiosus,1,37365066,PIWI04_L.avi,89779,59.8527,JHicks,19,NA,Reef; Seirococcaceae; Fucoid; Profile,60,2,2,2,No
PIWI04_1806,Cheilodactylidae,Cheilodactylus,nigripes,2,37377001,PIWI04_L.avi,64273,42.8487,JHicks,19,NA,Reef; Seirococcaceae; Fucoid; Profile,60,2,2,2,No
PIWI04_1806,Enoplosidae,Enoplosus,armatus,2,37366001,PIWI04_L.avi,5689,3.7927,JHicks,19,NA,Reef; Seirococcaceae; Fucoid; Profile,60,2,2,2,No
PIWI04_1806,Labridae,Notolabrus,tetricus,7,37384003,PIWI04_L.avi,68126,45.4173,JHicks,19,NA,Reef; Seirococcaceae; Fucoid; Profile,60,2,2,2,No
PIWI04_1806,Labridae,Pictilabrus,laticlavius,5,37384020,PIWI04_L.avi,60573,40.382,JHicks,19,NA,Reef; Seirococcaceae; Fucoid; Profile,60,2,2,2,No
PIWI04_1806,Lamnidae,Carcharodon,carcharias,1,37010003,PIWI04_L.avi,76267,50.8447,JHicks,19,NA,Reef; Seirococcaceae; Fucoid; Profile,60,2,2,2,No
PIWI04_1806,Monacanthidae,Acanthaluteres,vittiger,1,37465002,PIWI04_L.avi,45785,30.5233,JHicks,19,NA,Reef; Seirococcaceae; Fucoid; Profile,60,2,2,2,No
PIWI04_1806,Monacanthidae,Meuschenia,flavolineata,2,37465035,PIWI04_L.avi,5689,3.7927,JHicks,19,NA,Reef; Seirococcaceae; Fucoid; Profile,60,2,2,2,No
PIWI04_1806,Monacanthidae,Meuschenia,galii,2,37465040,PIWI04_L.avi,8023,5.3487,JHicks,19,NA,Reef; Seirococcaceae; Fucoid; Profile,60,2,2,2,No
PIWI04_1806,Monacanthidae,Meuschenia,hippocrepis,3,37465004,PIWI04_L.avi,16904,11.2693,JHicks,19,NA,Reef; Seirococcaceae; Fucoid; Profile,60,2,2,2,No
PIWI04_1806,Odacidae,Heteroscarus,acroptilus,1,37385010,PIWI04_L.avi,18088,12.0587,JHicks,19,NA,Reef; Seirococcaceae; Fucoid; Profile,60,2,2,2,No
PIWI04_1806,Odacidae,Olisthops,cyanomelas,1,37385001,PIWI04_L.avi,5555,3.7033,JHicks,19,NA,Reef; Seirococcaceae; Fucoid; Profile,60,2,2,2,No
PIWI04_1806,Scyliorhinidae,Asymbolus,vincenti,1,37015003,PIWI04_L.avi,7734,5.156,JHicks,19,NA,Reef; Seirococcaceae; Fucoid; Profile,60,2,2,2,No
PIWO01_1806,Carangidae,Pseudocaranx,sp,28,37337924,PIWO01_L.avi,91589,61.0593,DEaston,12,NA,Reef; Ecklonia and Fucoid; Profile,60,3,1,2,Yes
PIWO01_1806,Cheilodactylidae,Cheilodactylus,nigripes,1,37377001,PIWO01_L.avi,7751,5.1673,DEaston,12,NA,Reef; Ecklonia and Fucoid; Profile,60,3,1,2,No
PIWO01_1806,Chironemidae,Chironemus,maculosus,1,37375002,PIWO01_L.avi,54695,36.4633,DEaston,12,NA,Reef; Ecklonia and Fucoid; Profile,60,3,1,2,No
PIWO01_1806,Enoplosidae,Enoplosus,armatus,4,37366001,PIWO01_L.avi,13399,8.9327,DEaston,12,NA,Reef; Ecklonia and Fucoid; Profile,60,3,1,2,No
PIWO01_1806,Kyphosidae,Girella,zebra,1,37361008,PIWO01_L.avi,23516,15.6773,DEaston,12,NA,Reef; Ecklonia and Fucoid; Profile,60,3,1,2,No
PIWO01_1806,Labridae,Notolabrus,parilus,1,37384022,PIWO01_L.avi,10982,7.3213,DEaston,12,NA,Reef; Ecklonia and Fucoid; Profile,60,3,1,2,No
PIWO01_1806,Labridae,Notolabrus,tetricus,4,37384003,PIWO01_L.avi,68945,45.9633,DEaston,12,NA,Reef; Ecklonia and Fucoid; Profile,60,3,1,2,No
PIWO01_1806,Labridae,Pictilabrus,laticlavius,3,37384020,PIWO01_L.avi,16264,10.8427,DEaston,12,NA,Reef; Ecklonia and Fucoid; Profile,60,3,1,2,No
PIWO01_1806,Monacanthidae,Meuschenia,flavolineata,1,37465035,PIWO01_L.avi,46335,30.89,DEaston,12,NA,Reef; Ecklonia and Fucoid; Profile,60,3,1,2,No
PIWO01_1806,Monacanthidae,Meuschenia,galii,2,37465040,PIWO01_L.avi,71306,47.5373,DEaston,12,NA,Reef; Ecklonia and Fucoid; Profile,60,3,1,2,Yes
PIWO01_1806,Monacanthidae,Meuschenia,hippocrepis,3,37465004,PIWO01_L.avi,74162,49.4413,DEaston,12,NA,Reef; Ecklonia and Fucoid; Profile,60,3,1,2,Yes
PIWO01_1806,Ocypodidae,Heteroscarus,acroptilus,1,37385010,PIWO01_L.avi,15047,10.0313,DEaston,12,NA,Reef; Ecklonia and Fucoid; Profile,60,3,1,2,No
PIWO02_1806,Carangidae,Pseudocaranx,sp,183,37337924,PIWO02_L.avi,14480,9.6533,DEaston,17,NA,Reef; Ecklonia; Profile,60,1,1,1,Yes
PIWO02_1806,Chaetodontidae,Chelmonops,curiosus,1,37365066,PIWO02_L.avi,13102,8.7347,DEaston,17,NA,Reef; Ecklonia; Profile,60,1,1,1,No
PIWO02_1806,Cheilodactylidae,Cheilodactylus,nigripes,2,37377001,PIWO02_L.avi,7784,5.1893,DEaston,17,NA,Reef; Ecklonia; Profile,60,1,1,1,No
PIWO02_1806,Labridae,Austrolabrus,maculatus,1,37384025,PIWO02_L.avi,11531,7.6873,DEaston,17,NA,Reef; Ecklonia; Profile,60,1,1,1,No
PIWO02_1806,Labridae,Notolabrus,parilus,1,37384022,PIWO02_L.avi,64799,43.1993,DEaston,17,NA,Reef; Ecklonia; Profile,60,1,1,1,No
PIWO02_1806,Labridae,Notolabrus,tetricus,4,37384003,PIWO02_L.avi,38768,25.8453,DEaston,17,NA,Reef; Ecklonia; Profile,60,1,1,1,No
PIWO02_1806,Labridae,Pictilabrus,laticlavius,1,37384020,PIWO02_L.avi,13070,8.7133,DEaston,17,NA,Reef; Ecklonia; Profile,60,1,1,1,No
PIWO02_1806,Monacanthidae,Meuschenia,hippocrepis,2,37465004,PIWO02_L.avi,34913,23.2753,DEaston,17,NA,Reef; Ecklonia; Profile,60,1,1,1,Yes
PIWO03_1806,Dinolestidae,Dinolestes,lewini,1,37327002,PIWO03_R.avi,50239,33.4927,DEaston,17,NA,Reef; Ecklonia; Profile,60,2,1,1,No
PIWO03_1806,Carangidae,Pseudocaranx,sp,62,37337924,PIWO03_R.avi,34904,23.2693,DEaston,17,NA,Reef; Ecklonia; Profile,60,2,1,1,Yes
PIWO03_1806,Cheilodactylidae,Cheilodactylus,nigripes,1,37377001,PIWO03_R.avi,8933,5.9553,DEaston,17,NA,Reef; Ecklonia; Profile,60,2,1,1,No
PIWO03_1806,Enoplosidae,Enoplosus,armatus,2,37366001,PIWO03_R.avi,3972,2.648,DEaston,17,NA,Reef; Ecklonia; Profile,60,2,1,1,No
PIWO03_1806,Labridae,Achoerodus,gouldii,1,37384002,PIWO03_R.avi,72586,48.3907,DEaston,17,NA,Reef; Ecklonia; Profile,60,2,1,1,No
PIWO03_1806,Labridae,Austrolabrus,maculatus,2,37384025,PIWO03_R.avi,12590,8.3933,DEaston,17,NA,Reef; Ecklonia; Profile,60,2,1,1,No
PIWO03_1806,Labridae,Notolabrus,tetricus,5,37384003,PIWO03_R.avi,18472,12.3147,DEaston,17,NA,Reef; Ecklonia; Profile,60,2,1,1,No
PIWO03_1806,Labridae,Ophthalmolepis,lineolatus,1,37384040,PIWO03_R.avi,15182,10.1213,DEaston,17,NA,Reef; Ecklonia; Profile,60,2,1,1,No
PIWO03_1806,Labridae,Pictilabrus,laticlavius,2,37384020,PIWO03_R.avi,18331,12.2207,DEaston,17,NA,Reef; Ecklonia; Profile,60,2,1,1,No
PIWO03_1806,Lamnidae,Carcharodon,carcharias,1,37010003,PIWO03_R.avi,53895,35.93,DEaston,17,NA,Reef; Ecklonia; Profile,60,2,1,1,No
PIWO03_1806,Monacanthidae,Meuschenia,flavolineata,1,37465035,PIWO03_R.avi,4581,3.054,DEaston,17,NA,Reef; Ecklonia; Profile,60,2,1,1,No
PIWO03_1806,Monacanthidae,Meuschenia,galii,1,37465040,PIWO03_R.avi,19030,12.6867,DEaston,17,NA,Reef; Ecklonia; Profile,60,2,1,1,No
PIWO03_1806,Monacanthidae,Meuschenia,hippocrepis,7,37465004,PIWO03_R.avi,29733,19.822,DEaston,17,NA,Reef; Ecklonia; Profile,60,2,1,1,Yes
PIWO03_1806,Odacidae,Heteroscarus,acroptilus,1,37385010,PIWO03_R.avi,8500,5.6667,DEaston,17,NA,Reef; Ecklonia; Profile,60,2,1,1,No
PIWO03_1806,Odacidae,Olisthops,cyanomelas,1,37385001,PIWO03_R.avi,12982,8.6547,DEaston,17,NA,Reef; Ecklonia; Profile,60,2,1,1,No
PIWO03_1806,Odacidae,Siphonognathus,beddomei,1,37385006,PIWO03_R.avi,63441,42.294,DEaston,17,NA,Reef; Ecklonia; Profile,60,2,1,1,No
PIWO04_1806,Dinolestidae,Dinolestes,lewini,7,37327002,PIWO04_L.avi,25975,17.3167,DEaston,17,NA,Reef; Ecklonia; Profile,60,2,1,1,No
PIWO04_1806,Carangidae,Pseudocaranx,sp,85,37337924,PIWO04_L.avi,70063,46.7087,DEaston,17,NA,Reef; Ecklonia; Profile,60,2,1,1,Yes
PIWO04_1806,Cheilodactylidae,Cheilodactylus,nigripes,1,37377001,PIWO04_L.avi,5740,3.8267,DEaston,17,NA,Reef; Ecklonia; Profile,60,2,1,1,No
PIWO04_1806,Enoplosidae,Enoplosus,armatus,1,37366001,PIWO04_L.avi,60860,40.5733,DEaston,17,NA,Reef; Ecklonia; Profile,60,2,1,1,No
PIWO04_1806,Kyphosidae,Girella,zebra,1,37361008,PIWO04_L.avi,6582,4.388,DEaston,17,NA,Reef; Ecklonia; Profile,60,2,1,1,No
PIWO04_1806,Labridae,Achoerodus,gouldii,1,37384002,PIWO04_L.avi,82204,54.8027,DEaston,17,NA,Reef; Ecklonia; Profile,60,2,1,1,No
PIWO04_1806,Labridae,Notolabrus,tetricus,5,37384003,PIWO04_L.avi,30392,20.2613,DEaston,17,NA,Reef; Ecklonia; Profile,60,2,1,1,No
PIWO04_1806,Labridae,Pictilabrus,laticlavius,2,37384020,PIWO04_L.avi,56323,37.5487,DEaston,17,NA,Reef; Ecklonia; Profile,60,2,1,1,No
PIWO04_1806,Monacanthidae,Acanthaluteres,vittiger,1,37465002,PIWO04_L.avi,6946,4.6307,DEaston,17,NA,Reef; Ecklonia; Profile,60,2,1,1,No
PIWO04_1806,Monacanthidae,Meuschenia,flavolineata,2,37465035,PIWO04_L.avi,14149,9.4327,DEaston,17,NA,Reef; Ecklonia; Profile,60,2,1,1,No
PIWO04_1806,Monacanthidae,Meuschenia,galii,1,37465040,PIWO04_L.avi,11266,7.5107,DEaston,17,NA,Reef; Ecklonia; Profile,60,2,1,1,No
PIWO04_1806,Monacanthidae,Meuschenia,hippocrepis,7,37465004,PIWO04_L.avi,22327,14.8847,DEaston,17,NA,Reef; Ecklonia; Profile,60,2,1,1,Yes
PIWO04_1806,Odacidae,Olisthops,cyanomelas,1,37385001,PIWO04_L.avi,5101,3.4007,DEaston,17,NA,Reef; Ecklonia; Profile,60,2,1,1,No
RHCI01_1712,Arripidae,Arripis,georgianus,5,37344001,RHCI01_L.avi,47620,31.7467,DEaston,4.9,NA,Reef;Mixed Algal;Profile,60,3,1,1,No
RHCI01_1712,Carangidae,Pseudocaranx,sp,17,37337924,RHCI01_L.avi,69596,46.3973,DEaston,4.9,NA,Reef;Mixed Algal;Profile,60,3,1,1,Yes
RHCI01_1712,Cheilodactylidae,Cheilodactylus,nigripes,1,37377001,RHCI01_L.avi,6678,4.452,DEaston,4.9,NA,Reef;Mixed Algal;Profile,60,3,1,1,No
RHCI01_1712,Kyphosidae,Girella,zebra,1,37361008,RHCI01_L.avi,6823,4.5487,DEaston,4.9,NA,Reef;Mixed Algal;Profile,60,3,1,1,No
RHCI01_1712,Kyphosidae,Kyphosus,sydneyanus,1,37361001,RHCI01_L.avi,19112,12.7413,DEaston,4.9,NA,Reef;Mixed Algal;Profile,60,3,1,1,No
RHCI01_1712,Labridae,Austrolabrus,maculatus,1,37384025,RHCI01_L.avi,6168,4.112,DEaston,4.9,NA,Reef;Mixed Algal;Profile,60,3,1,1,No
RHCI01_1712,Labridae,Dotalabrus,aurantiacus,1,37384018,RHCI01_L.avi,78500,52.3333,DEaston,4.9,NA,Reef;Mixed Algal;Profile,60,3,1,1,No
RHCI01_1712,Labridae,Notolabrus,parilus,1,37384022,RHCI01_L.avi,5121,3.414,DEaston,4.9,NA,Reef;Mixed Algal;Profile,60,3,1,1,Yes
RHCI01_1712,Labridae,Notolabrus,tetricus,13,37384003,RHCI01_L.avi,27153,18.102,DEaston,4.9,NA,Reef;Mixed Algal;Profile,60,3,1,1,Yes
RHCI01_1712,Labridae,Pictilabrus,laticlavius,4,37384020,RHCI01_L.avi,22671,15.114,DEaston,4.9,NA,Reef;Mixed Algal;Profile,60,3,1,1,No
RHCI01_1712,Monacanthidae,Meuschenia,freycineti,2,37465036,RHCI01_L.avi,22331,14.8873,DEaston,4.9,NA,Reef;Mixed Algal;Profile,60,3,1,1,Yes
RHCI01_1712,Monacanthidae,Meuschenia,hippocrepis,3,37465004,RHCI01_L.avi,43892,29.2613,DEaston,4.9,NA,Reef;Mixed Algal;Profile,60,3,1,1,Yes
RHCI01_1712,Scorpididae,Scorpis,aequipinnis,6,37361004,RHCI01_L.avi,33485,22.3233,DEaston,4.9,NA,Reef;Mixed Algal;Profile,60,3,1,1,Yes
RHCI01_1712,Scorpididae,Tilodon,sexfasciatus,2,37361003,RHCI01_L.avi,4778,3.1853,DEaston,4.9,NA,Reef;Mixed Algal;Profile,60,3,1,1,No
RHCI02_1712,Arripidae,Arripis,georgianus,1,37344001,RHCI02_L.avi,90435,60.29,DEaston,7.5,NA,Reef;algae and invertebrates; medium;profile,60,1,2,1,No
RHCI02_1712,Carangidae,Pseudocaranx,sp,5,37337924,RHCI02_L.avi,14413,9.6087,DEaston,7.5,NA,Reef;algae and invertebrates; medium;profile,60,1,2,1,No
RHCI02_1712,Cheilodactylidae,Cheilodactylus,nigripes,1,37377001,RHCI02_L.avi,52830,35.22,DEaston,7.5,NA,Reef;algae and invertebrates; medium;profile,60,1,2,1,No
RHCI02_1712,Cheilodactylidae,Dactylophora,nigricans,1,37377005,RHCI02_L.avi,34067,22.7113,DEaston,7.5,NA,Reef;algae and invertebrates; medium;profile,60,1,2,1,No
RHCI02_1712,Hemiramphidae,Hyporhamphus,melanochir,13,37234001,RHCI02_L.avi,66297,44.198,DEaston,7.5,NA,Reef;algae and invertebrates; medium;profile,60,1,2,1,No
RHCI02_1712,Labridae,Austrolabrus,maculatus,2,37384025,RHCI02_L.avi,9479,6.3193,DEaston,7.5,NA,Reef;algae and invertebrates; medium;profile,60,1,2,1,No
RHCI02_1712,Labridae,Notolabrus,parilus,2,37384022,RHCI02_L.avi,52516,35.0107,DEaston,7.5,NA,Reef;algae and invertebrates; medium;profile,60,1,2,1,No
RHCI02_1712,Labridae,Notolabrus,tetricus,4,37384003,RHCI02_L.avi,41032,27.3547,DEaston,7.5,NA,Reef;algae and invertebrates; medium;profile,60,1,2,1,No
RHCI02_1712,Labridae,Pictilabrus,laticlavius,2,37384020,RHCI02_L.avi,13282,8.8547,DEaston,7.5,NA,Reef;algae and invertebrates; medium;profile,60,1,2,1,No
RHCI02_1712,Monacanthidae,Meuschenia,hippocrepis,1,37465004,RHCI02_L.avi,45451,30.3007,DEaston,7.5,NA,Reef;algae and invertebrates; medium;profile,60,1,2,1,Yes
RHCI03_1712,Carangidae,Pseudocaranx,sp,6,37337924,RHCI03_L.avi,34260,22.84,DEaston,8.1,NA,Reef;Fucoid;Profile,60,2,1,1,No
RHCI03_1712,Cheilodactylidae,Cheilodactylus,nigripes,1,37377001,RHCI03_L.avi,4964,3.3093,DEaston,8.1,NA,Reef;Fucoid;Profile,60,2,1,1,No
RHCI03_1712,Cheilodactylidae,Dactylophora,nigricans,2,37377005,RHCI03_L.avi,16739,11.1593,DEaston,8.1,NA,Reef;Fucoid;Profile,60,2,1,1,No
RHCI03_1712,Labridae,Austrolabrus,maculatus,1,37384025,RHCI03_L.avi,19258,12.8387,DEaston,8.1,NA,Reef;Fucoid;Profile,60,2,1,1,No
RHCI03_1712,Labridae,Dotalabrus,aurantiacus,1,37384018,RHCI03_L.avi,7521,5.014,DEaston,8.1,NA,Reef;Fucoid;Profile,60,2,1,1,No
RHCI03_1712,Labridae,Notolabrus,parilus,3,37384022,RHCI03_L.avi,27095,18.0633,DEaston,8.1,NA,Reef;Fucoid;Profile,60,2,1,1,No
RHCI03_1712,Labridae,Notolabrus,tetricus,3,37384003,RHCI03_L.avi,22179,14.786,DEaston,8.1,NA,Reef;Fucoid;Profile,60,2,1,1,No
RHCI03_1712,Labridae,Pictilabrus,laticlavius,1,37384020,RHCI03_L.avi,4847,3.2313,DEaston,8.1,NA,Reef;Fucoid;Profile,60,2,1,1,No
RHCI03_1712,Monacanthidae,Meuschenia,galii,1,37465040,RHCI03_L.avi,54777,36.518,DEaston,8.1,NA,Reef;Fucoid;Profile,60,2,1,1,No
RHCI03_1712,Odacidae,Siphonognathus,caninis,1,37385011,RHCI03_L.avi,39208,26.1387,DEaston,8.1,NA,Reef;Fucoid;Profile,60,2,1,1,No
RHCI03_1712,Pomacentridae,Parma,victoriae,1,37372006,RHCI03_L.avi,58599,39.066,DEaston,8.1,NA,Reef;Fucoid;Profile,60,2,1,1,No
RHCI03_1712,Scorpididae,Scorpis,aequipinnis,4,37361004,RHCI03_L.avi,23984,15.9893,DEaston,8.1,NA,Reef;Fucoid;Profile,60,2,1,1,No
RHCI03_1712,Sparidae,Pagrus,auratus,2,37353001,RHCI03_L.avi,24443,16.2953,DEaston,8.1,NA,Reef;Fucoid;Profile,60,2,1,1,Yes
RHCI04_1712,Cheilodactylidae,Cheilodactylus,nigripes,1,37377001,RHCI04_L.avi,22818,15.212,Deaston,7.5,NA,Reef;Mixed Algal;Profile,60,1,1,1,No
RHCI04_1712,Cheilodactylidae,Dactylophora,nigricans,5,37377005,RHCI04_L.avi,22275,14.85,Deaston,7.5,NA,Reef;Mixed Algal;Profile,60,1,1,1,No
RHCI04_1712,Kyphosidae,Girella,zebra,1,37361008,RHCI04_L.avi,75444,50.296,Deaston,7.5,NA,Reef;Mixed Algal;Profile,60,1,1,1,No
RHCI04_1712,Kyphosidae,Kyphosus,sydneyanus,1,37361001,RHCI04_L.avi,42637,28.4247,Deaston,7.5,NA,Reef;Mixed Algal;Profile,60,1,1,1,No
RHCI04_1712,Labridae,Notolabrus,parilus,2,37384022,RHCI04_L.avi,16499,10.9993,Deaston,7.5,NA,Reef;Mixed Algal;Profile,60,1,1,1,No
RHCI04_1712,Labridae,Notolabrus,tetricus,9,37384003,RHCI04_L.avi,36958,24.6387,Deaston,7.5,NA,Reef;Mixed Algal;Profile,60,1,1,1,Yes
RHCI04_1712,Labridae,Pictilabrus,laticlavius,2,37384020,RHCI04_L.avi,10353,6.902,Deaston,7.5,NA,Reef;Mixed Algal;Profile,60,1,1,1,No
RHCI04_1712,Monacanthidae,Eubalichthys,mosaicus,1,37465003,RHCI04_L.avi,94756,63.1707,Deaston,7.5,NA,Reef;Mixed Algal;Profile,60,1,1,1,No
RHCI04_1712,Monacanthidae,Meuschenia,freycineti,1,37465036,RHCI04_L.avi,8695,5.7967,Deaston,7.5,NA,Reef;Mixed Algal;Profile,60,1,1,1,No
RHCI04_1712,Monacanthidae,Meuschenia,galii,1,37465040,RHCI04_L.avi,79502,53.0013,Deaston,7.5,NA,Reef;Mixed Algal;Profile,60,1,1,1,No
RHCI04_1712,Monacanthidae,Meuschenia,hippocrepis,1,37465004,RHCI04_L.avi,18598,12.3987,Deaston,7.5,NA,Reef;Mixed Algal;Profile,60,1,1,1,Yes
RHCI04_1712,Pomacentridae,Parma,victoriae,1,37372006,RHCI04_L.avi,51985,34.6567,Deaston,7.5,NA,Reef;Mixed Algal;Profile,60,1,1,1,No
RHCI04_1712,Scorpididae,Scorpis,aequipinnis,10,37361004,RHCI04_L.avi,46665,31.11,Deaston,7.5,NA,Reef;Mixed Algal;Profile,60,1,1,1,Yes
RHCI04_1712,Sphyraenidae,Sphyraena,novaehollandiae,1,37382002,RHCI04_L.avi,85391,56.9273,Deaston,7.5,NA,Reef;Mixed Algal;Profile,60,1,1,1,No
RHCO01_1712,Kyphosidae,Girella,zebra,2,37361008,RHCO01_L.avi,183876,61.292,DEaston,5.2,NA,Reef;Mixed Algal;Flat,60,2,1,2,No
RHCO01_1712,Labridae,Notolabrus,parilus,3,37384022,RHCO01_L.avi,88564,29.5213,DEaston,5.2,NA,Reef;Mixed Algal;Flat,60,2,1,2,No
RHCO01_1712,Labridae,Notolabrus,tetricus,1,37384003,RHCO01_L.avi,17200,5.7333,DEaston,5.2,NA,Reef;Mixed Algal;Flat,60,2,1,2,No
RHCO01_1712,Monacanthidae,Meuschenia,hippocrepis,1,37465004,RHCO01_L.avi,180568,60.1893,DEaston,5.2,NA,Reef;Mixed Algal;Flat,60,2,1,2,No
RHCO01_1712,Mullidae,Upeneichthys,vlamingii,2,37355029,RHCO01_L.avi,49632,16.544,DEaston,5.2,NA,Reef;Mixed Algal;Flat,60,2,1,2,No
RHCO01_1712,Sillaginidae,Sillaginodes,punctatus,1,37330001,RHCO01_L.avi,54100,18.0333,DEaston,5.2,NA,Reef;Mixed Algal;Flat,60,2,1,2,No
RHCO02_1712,Arripidae,Arripis,georgianus,1,37344001,RHCO02_L.avi,164200,45.6566,DEaston,4.2,abundance only,Reef;Fucoid;Profile,60,1,1,2,No
RHCO02_1712,Cheilodactylidae,Cheilodactylus,nigripes,1,37377001,RHCO02_L.avi,176360,49.0378,DEaston,4.2,abundance only,Reef;Fucoid;Profile,60,1,1,2,No
RHCO02_1712,Cheilodactylidae,Dactylophora,nigricans,1,37377005,RHCO02_L.avi,52208,14.5167,DEaston,4.2,abundance only,Reef;Fucoid;Profile,60,1,1,2,No
RHCO02_1712,Labridae,Notolabrus,parilus,1,37384022,RHCO02_L.avi,22667,6.3027,DEaston,4.2,abundance only,Reef;Fucoid;Profile,60,1,1,2,No
RHCO02_1712,Labridae,Notolabrus,tetricus,6,37384003,RHCO02_L.avi,33383,9.2823,DEaston,4.2,abundance only,Reef;Fucoid;Profile,60,1,1,2,Yes
RHCO02_1712,Labridae,Pictilabrus,laticlavius,2,37384020,RHCO02_L.avi,68716,19.1068,DEaston,4.2,abundance only,Reef;Fucoid;Profile,60,1,1,2,No
RHCO02_1712,Monacanthidae,Acanthaluteres,brownii,1,37465001,RHCO02_L.avi,185205,51.4972,DEaston,4.2,abundance only,Reef;Fucoid;Profile,60,1,1,2,No
RHCO03_1712,Carangidae,Pseudocaranx,sp,23,37337924,RHCO03_L.avi,27184,9.0613,DEaston,5.5,NA,water column,60,1,1,2,Yes
RHCO03_1712,Labridae,Notolabrus,tetricus,1,37384003,RHCO03_L.avi,50599,16.8663,DEaston,5.5,NA,water column,60,1,1,2,Yes
RHCO03_1712,Monacanthidae,Meuschenia,freycineti,1,37465036,RHCO03_L.avi,51991,17.3303,DEaston,5.5,NA,water column,60,1,1,2,Yes
RHCO03_1712,Monacanthidae,Meuschenia,hippocrepis,2,37465004,RHCO03_L.avi,51996,17.332,DEaston,5.5,NA,water column,60,1,1,2,Yes
RHCO03_1712,Scorpididae,Scorpis,aequipinnis,8,37361004,RHCO03_L.avi,96788,32.2627,DEaston,5.5,NA,water column,60,1,1,2,Yes
RHCO03_1712,Sillaginidae,Sillaginodes,punctatus,1,37330001,RHCO03_L.avi,59999,19.9997,DEaston,5.5,NA,water column,60,1,1,2,No
RHCO04_1712,Labridae,Notolabrus,parilus,3,37384022,RHCO04_L.avi,73650,24.55,DEaston,4.8,NA,Reef;Fucoid;Profile,60,3,1,2,No
RHCO04_1712,Labridae,Notolabrus,tetricus,2,37384003,RHCO04_L.avi,13668,4.556,DEaston,4.8,NA,Reef;Fucoid;Profile,60,3,1,2,Yes
RHCO04_1712,Labridae,Pictilabrus,laticlavius,2,37384020,RHCO04_L.avi,21862,7.2873,DEaston,4.8,NA,Reef;Fucoid;Profile,60,3,1,2,Yes
RHCO04_1712,Mullidae,Upeneichthys,vlamingii,1,37355029,RHCO04_L.avi,32259,10.753,DEaston,4.8,NA,Reef;Fucoid;Profile,60,3,1,2,No
RHCO04_1712,Sillaginidae,Sillago,bassensis,2,37330002,RHCO04_L.avi,31161,10.387,DEaston,4.8,NA,Reef;Fucoid;Profile,60,3,1,2,No
RHEI01_1712,Cheilodactylidae,Cheilodactylus,nigripes,1,37377001,RHEI01_L.avi,4903,3.2687,DEaston,6.4,NA,Reef;Fucoid;Flat,60,2,1,1,No
RHEI01_1712,Cheilodactylidae,Dactylophora,nigricans,1,37377005,RHEI01_L.avi,34420,22.9467,DEaston,6.4,NA,Reef;Fucoid;Flat,60,2,1,1,No
RHEI01_1712,Kyphosidae,Girella,zebra,1,37361008,RHEI01_L.avi,71646,47.764,DEaston,6.4,NA,Reef;Fucoid;Flat,60,2,1,1,No
RHEI01_1712,Kyphosidae,Kyphosus,sydneyanus,3,37361001,RHEI01_L.avi,35447,23.6313,DEaston,6.4,NA,Reef;Fucoid;Flat,60,2,1,1,No
RHEI01_1712,Labridae,Notolabrus,parilus,1,37384022,RHEI01_L.avi,18489,12.326,DEaston,6.4,NA,Reef;Fucoid;Flat,60,2,1,1,No
RHEI01_1712,Labridae,Notolabrus,tetricus,15,37384003,RHEI01_L.avi,26439,17.626,DEaston,6.4,NA,Reef;Fucoid;Flat,60,2,1,1,Yes
RHEI01_1712,Labridae,Pictilabrus,laticlavius,5,37384020,RHEI01_L.avi,10914,7.276,DEaston,6.4,NA,Reef;Fucoid;Flat,60,2,1,1,Yes
RHEI01_1712,Monacanthidae,Meuschenia,freycineti,1,37465036,RHEI01_L.avi,29841,19.894,DEaston,6.4,NA,Reef;Fucoid;Flat,60,2,1,1,Yes
RHEI01_1712,Monacanthidae,Meuschenia,hippocrepis,2,37465004,RHEI01_L.avi,21839,14.5593,DEaston,6.4,NA,Reef;Fucoid;Flat,60,2,1,1,Yes
RHEI01_1712,Plagusiidae,Plagusia,chabrus,1,28935905,RHEI01_L.avi,66267,44.178,DEaston,6.4,NA,Reef;Fucoid;Flat,60,2,1,1,No
RHEI01_1712,Pomacentridae,Parma,victoriae,1,37372006,RHEI01_L.avi,30578,20.3853,DEaston,6.4,NA,Reef;Fucoid;Flat,60,2,1,1,No
RHEI01_1712,Scorpididae,Scorpis,aequipinnis,6,37361004,RHEI01_L.avi,38739,25.826,DEaston,6.4,NA,Reef;Fucoid;Flat,60,2,1,1,Yes
RHEI01_1712,Scorpididae,Tilodon,sexfasciatus,1,37361003,RHEI01_L.avi,3236,2.1573,DEaston,6.4,NA,Reef;Fucoid;Flat,60,2,1,1,No
RHEI02_1712,Dinolestidae,Dinolestes,lewini,1,37327002,RHEI02_L.avi,86590,57.7267,DEaston,8,NA,Reef;Scaberia;Seagrass;Sparse;Flat,60,2,1,1,No
RHEI02_1712,Gerreidae,Parequula,melbournensis,2,37349001,RHEI02_L.avi,86969,57.9793,DEaston,8,NA,Reef;Scaberia;Seagrass;Sparse;Flat,60,2,1,1,No
RHEI02_1712,Kyphosidae,Kyphosus,sydneyanus,1,37361001,RHEI02_L.avi,15935,10.6233,DEaston,8,NA,Reef;Scaberia;Seagrass;Sparse;Flat,60,2,1,1,No
RHEI02_1712,Labridae,Notolabrus,parilus,2,37384022,RHEI02_L.avi,8261,5.5073,DEaston,8,NA,Reef;Scaberia;Seagrass;Sparse;Flat,60,2,1,1,No
RHEI02_1712,Labridae,Notolabrus,tetricus,5,37384003,RHEI02_L.avi,12586,8.3907,DEaston,8,NA,Reef;Scaberia;Seagrass;Sparse;Flat,60,2,1,1,Yes
RHEI02_1712,Monacanthidae,Eubalichthys,mosaicus,2,37465003,RHEI02_L.avi,78295,52.1967,DEaston,8,NA,Reef;Scaberia;Seagrass;Sparse;Flat,60,2,1,1,No
RHEI02_1712,Mullidae,Upeneichthys,vlamingii,2,37355029,RHEI02_L.avi,10221,6.814,DEaston,8,NA,Reef;Scaberia;Seagrass;Sparse;Flat,60,2,1,1,No
RHEI03_1712,Arripidae,Arripis,georgianus,1,37344001,RHEI03_L.avi,15721,10.4807,DEaston,7,NA,Reef;Fucoid;Profile,60,1,1,1,No
RHEI03_1712,Arripidae,Arripis,truttaceus,21,37344004,RHEI03_L.avi,11961,7.974,DEaston,7,NA,Reef;Fucoid;Profile,60,1,1,1,No
RHEI03_1712,Cheilodactylidae,Cheilodactylus,nigripes,2,37377001,RHEI03_L.avi,78586,52.3907,DEaston,7,NA,Reef;Fucoid;Profile,60,1,1,1,No
RHEI03_1712,Kyphosidae,Girella,zebra,7,37361008,RHEI03_L.avi,66523,44.3487,DEaston,7,NA,Reef;Fucoid;Profile,60,1,1,1,No
RHEI03_1712,Kyphosidae,Kyphosus,sydneyanus,41,37361001,RHEI03_L.avi,85378,56.9187,DEaston,7,NA,Reef;Fucoid;Profile,60,1,1,1,No
RHEI03_1712,Labridae,Notolabrus,tetricus,17,37384003,RHEI03_L.avi,29842,19.8947,DEaston,7,NA,Reef;Fucoid;Profile,60,1,1,1,Yes
RHEI03_1712,Labridae,Pictilabrus,laticlavius,1,37384020,RHEI03_L.avi,6645,4.43,DEaston,7,NA,Reef;Fucoid;Profile,60,1,1,1,No
RHEI03_1712,Monacanthidae,Meuschenia,galii,1,37465040,RHEI03_L.avi,27670,18.4467,DEaston,7,NA,Reef;Fucoid;Profile,60,1,1,1,No
RHEI03_1712,Monacanthidae,Meuschenia,hippocrepis,2,37465004,RHEI03_L.avi,25602,17.068,DEaston,7,NA,Reef;Fucoid;Profile,60,1,1,1,Yes
RHEI03_1712,Mullidae,Upeneichthys,vlamingii,1,37355029,RHEI03_L.avi,61069,40.7127,DEaston,7,NA,Reef;Fucoid;Profile,60,1,1,1,No
RHEI03_1712,Odacidae,Olisthops,cyanomelas,1,37385001,RHEI03_L.avi,8071,5.3807,DEaston,7,NA,Reef;Fucoid;Profile,60,1,1,1,No
RHEI03_1712,Pomacentridae,Parma,victoriae,1,37372006,RHEI03_L.avi,8821,5.8807,DEaston,7,NA,Reef;Fucoid;Profile,60,1,1,1,No
RHEI03_1712,Scorpididae,Scorpis,aequipinnis,21,37361004,RHEI03_L.avi,39705,26.47,DEaston,7,NA,Reef;Fucoid;Profile,60,1,1,1,Yes
RHEI03_1712,Scorpididae,Tilodon,sexfasciatus,1,37361003,RHEI03_L.avi,12940,8.6267,DEaston,7,NA,Reef;Fucoid;Profile,60,1,1,1,No
RHEI04_1712,Labridae,Notolabrus,parilus,1,37384022,RHEI04_L.avi,57437,38.2913,DEaston,8.6,NA,Reef;Mixed Algal;Flat,60,2,1,1,No
RHEI04_1712,Labridae,Notolabrus,tetricus,4,37384003,RHEI04_L.avi,50146,33.4307,DEaston,8.6,NA,Reef;Mixed Algal;Flat,60,2,1,1,No
RHEI04_1712,Labridae,Pictilabrus,laticlavius,3,37384020,RHEI04_L.avi,37302,24.868,DEaston,8.6,NA,Reef;Mixed Algal;Flat,60,2,1,1,No
RHEI04_1712,Loliginidae,Sepioteuthis,australis,1,23617005,RHEI04_L.avi,47704,31.8027,DEaston,8.6,NA,Reef;Mixed Algal;Flat,60,2,1,1,No
RHEI04_1712,Monacanthidae,Meuschenia,hippocrepis,1,37465004,RHEI04_L.avi,52458,34.972,DEaston,8.6,NA,Reef;Mixed Algal;Flat,60,2,1,1,No
RHEI04_1712,Mullidae,Upeneichthys,vlamingii,3,37355029,RHEI04_L.avi,87031,58.0207,DEaston,8.6,NA,Reef;Mixed Algal;Flat,60,2,1,1,No
RHEI04_1712,Scorpididae,Tilodon,sexfasciatus,1,37361003,RHEI04_L.avi,40314,26.876,DEaston,8.6,NA,Reef;Mixed Algal;Flat,60,2,1,1,No
RHNI01_1712,Cheilodactylidae,Dactylophora,nigricans,1,37377005,RHNI01_L.avi,73434,24.478,DEaston,10.2,NA,Reef;Mixed Algal;Flat,60,2,1,2,No
RHNI01_1712,Labridae,Austrolabrus,maculatus,1,37384025,RHNI01_L.avi,86112,28.704,DEaston,10.2,NA,Reef;Mixed Algal;Flat,60,2,1,2,No
RHNI01_1712,Labridae,Notolabrus,parilus,1,37384022,RHNI01_L.avi,44258,14.7527,DEaston,10.2,NA,Reef;Mixed Algal;Flat,60,2,1,2,No
RHNI01_1712,Labridae,Notolabrus,tetricus,3,37384003,RHNI01_L.avi,78236,26.0787,DEaston,10.2,NA,Reef;Mixed Algal;Flat,60,2,1,2,No
RHNI01_1712,Labridae,Pictilabrus,laticlavius,3,37384020,RHNI01_L.avi,81695,27.2317,DEaston,10.2,NA,Reef;Mixed Algal;Flat,60,2,1,2,No
RHNI01_1712,Monacanthidae,Eubalichthys,mosaicus,1,37465003,RHNI01_L.avi,74418,24.806,DEaston,10.2,NA,Reef;Mixed Algal;Flat,60,2,1,2,No
RHNI01_1712,Monacanthidae,Meuschenia,freycineti,1,37465036,RHNI01_L.avi,93468,31.156,DEaston,10.2,NA,Reef;Mixed Algal;Flat,60,2,1,2,No
RHNI01_1712,Monacanthidae,Meuschenia,hippocrepis,2,37465004,RHNI01_L.avi,115942,38.6473,DEaston,10.2,NA,Reef;Mixed Algal;Flat,60,2,1,2,No
RHNI01_1712,Monacanthidae,Scobinichthys,granulatus,1,37465007,RHNI01_L.avi,132807,44.269,DEaston,10.2,NA,Reef;Mixed Algal;Flat,60,2,1,2,No
RHNI01_1712,Pomacentridae,Parma,victoriae,2,37372006,RHNI01_L.avi,153745,51.2483,DEaston,10.2,NA,Reef;Mixed Algal;Flat,60,2,1,2,No
RHNI01_1712,Scorpididae,Scorpis,aequipinnis,1,37361004,RHNI01_L.avi,91210,30.4033,DEaston,10.2,NA,Reef;Mixed Algal;Flat,60,2,1,2,Yes
RHNI02_1712,Labridae,Notolabrus,parilus,2,37384022,RHNI02_L.avi,123662,34.3848,DEaston,10.9,Abundance only,Amphibolis;Dense,60,2,1,2,No
RHNI02_1712,Labridae,Notolabrus,tetricus,1,37384003,RHNI02_L.avi,65630,18.2487,DEaston,10.9,Abundance only,Amphibolis;Dense,60,2,1,2,No
RHNI02_1712,Sparidae,Pagrus,auratus,8,37353001,RHNI02_L.avi,122781,34.1399,DEaston,10.9,Abundance only,Amphibolis;Dense,60,2,1,2,No
RHNI03_1712,Cheilodactylidae,Cheilodactylus,nigripes,1,37377001,RHNI03_L.avi,16440,5.48,DEaston,6.6,NA,Reef;Mixed Algal;Flat,60,2,1,2,No
RHNI03_1712,Cheilodactylidae,Dactylophora,nigricans,1,37377005,RHNI03_L.avi,106941,35.647,DEaston,6.6,NA,Reef;Mixed Algal;Flat,60,2,1,2,No
RHNI03_1712,Labridae,Notolabrus,parilus,3,37384022,RHNI03_L.avi,102152,34.0507,DEaston,6.6,NA,Reef;Mixed Algal;Flat,60,2,1,2,No
RHNI03_1712,Labridae,Notolabrus,tetricus,2,37384003,RHNI03_L.avi,164783,54.9277,DEaston,6.6,NA,Reef;Mixed Algal;Flat,60,2,1,2,No
RHNI03_1712,Labridae,Pictilabrus,laticlavius,1,37384020,RHNI03_L.avi,127206,42.402,DEaston,6.6,NA,Reef;Mixed Algal;Flat,60,2,1,2,No
RHNI03_1712,Monacanthidae,Meuschenia,hippocrepis,1,37465004,RHNI03_L.avi,106691,35.5637,DEaston,6.6,NA,Reef;Mixed Algal;Flat,60,2,1,2,Yes
RHNI03_1712,Mullidae,Upeneichthys,vlamingii,1,37355029,RHNI03_L.avi,31963,10.6543,DEaston,6.6,NA,Reef;Mixed Algal;Flat,60,2,1,2,No
RHNI03_1712,Scorpididae,Scorpis,aequipinnis,11,37361004,RHNI03_L.avi,115191,38.397,DEaston,6.6,NA,Reef;Mixed Algal;Flat,60,2,1,2,Yes
RHNI04_1712,Cheilodactylidae,Cheilodactylus,nigripes,1,37377001,RHNI04_L.avi,105573,35.191,DEaston,4,NA,Reef;Mixed Algal;Flat,60,3,2,2,No
RHNI04_1712,Cheilodactylidae,Dactylophora,nigricans,1,37377005,RHNI04_L.avi,10407,3.469,DEaston,4,NA,Reef;Mixed Algal;Flat,60,3,2,2,No
RHNI04_1712,Labridae,Notolabrus,parilus,2,37384022,RHNI04_L.avi,54656,18.2187,DEaston,4,NA,Reef;Mixed Algal;Flat,60,3,2,2,No
RHNI04_1712,Labridae,Pictilabrus,laticlavius,1,37384020,RHNI04_L.avi,38384,12.7947,DEaston,4,NA,Reef;Mixed Algal;Flat,60,3,2,2,No
RHNI04_1712,Mullidae,Upeneichthys,vlamingii,1,37355029,RHNI04_L.avi,37902,12.634,DEaston,4,NA,Reef;Mixed Algal;Flat,60,3,2,2,No
RHNI04_1712,Sillaginidae,Sillaginodes,punctatus,5,37330001,RHNI04_L.avi,80915,26.9717,DEaston,4,NA,Reef;Mixed Algal;Flat,60,3,2,2,No
RHNO01_1712,Labridae,Notolabrus,parilus,4,37384022,RHNO01_L.avi,138669,46.223,DEaston,3,NA,Posidonia and algae; medium,60,2,1,2,No
RHNO01_1712,Labridae,Notolabrus,tetricus,3,37384003,RHNO01_L.avi,36221,12.0737,DEaston,3,NA,Posidonia and algae; medium,60,2,1,2,No
RHNO01_1712,Labridae,Pictilabrus,laticlavius,2,37384020,RHNO01_L.avi,50827,16.9423,DEaston,3,NA,Posidonia and algae; medium,60,2,1,2,No
RHNO01_1712,Monacanthidae,Meuschenia,freycineti,1,37465036,RHNO01_L.avi,181302,60.434,DEaston,3,NA,Posidonia and algae; medium,60,2,1,2,No
RHNO02_1712,Carangidae,Pseudocaranx,sp,46,37337924,RHNO02_L.avi,38230,12.7433,DEaston,5,NA,Reef;Mixed Algal;Flat,60,2,1,2,No
RHNO02_1712,Cheilodactylidae,Cheilodactylus,nigripes,1,37377001,RHNO02_L.avi,42376,14.1253,DEaston,5,NA,Reef;Mixed Algal;Flat,60,2,1,2,No
RHNO02_1712,Cheilodactylidae,Dactylophora,nigricans,1,37377005,RHNO02_L.avi,169418,56.4727,DEaston,5,NA,Reef;Mixed Algal;Flat,60,2,1,2,No
RHNO02_1712,Kyphosidae,Girella,zebra,21,37361008,RHNO02_L.avi,183152,61.0507,DEaston,5,NA,Reef;Mixed Algal;Flat,60,2,1,2,No
RHNO02_1712,Kyphosidae,Kyphosus,sydneyanus,15,37361001,RHNO02_L.avi,7859,2.6197,DEaston,5,NA,Reef;Mixed Algal;Flat,60,2,1,2,No
RHNO02_1712,Labridae,Notolabrus,parilus,1,37384022,RHNO02_L.avi,11506,3.8353,DEaston,5,NA,Reef;Mixed Algal;Flat,60,2,1,2,No
RHNO02_1712,Labridae,Notolabrus,tetricus,10,37384003,RHNO02_L.avi,99053,33.0177,DEaston,5,NA,Reef;Mixed Algal;Flat,60,2,1,2,Yes
RHNO02_1712,Labridae,Pictilabrus,laticlavius,2,37384020,RHNO02_L.avi,181855,60.6183,DEaston,5,NA,Reef;Mixed Algal;Flat,60,2,1,2,No
RHNO02_1712,Monacanthidae,Meuschenia,hippocrepis,2,37465004,RHNO02_L.avi,89091,29.697,DEaston,5,NA,Reef;Mixed Algal;Flat,60,2,1,2,Yes
RHNO02_1712,Mullidae,Upeneichthys,vlamingii,1,37355029,RHNO02_L.avi,50213,16.7377,DEaston,5,NA,Reef;Mixed Algal;Flat,60,2,1,2,No
RHNO02_1712,Pomacentridae,Parma,victoriae,2,37372006,RHNO02_L.avi,28169,9.3897,DEaston,5,NA,Reef;Mixed Algal;Flat,60,2,1,2,No
RHNO02_1712,Scorpididae,Scorpis,aequipinnis,8,37361004,RHNO02_L.avi,34506,11.502,DEaston,5,NA,Reef;Mixed Algal;Flat,60,2,1,2,No
RHNO02_1712,Scorpididae,Tilodon,sexfasciatus,1,37361003,RHNO02_L.avi,53917,17.9723,DEaston,5,NA,Reef;Mixed Algal;Flat,60,2,1,2,No
RHNO04_1712,Cheilodactylidae,Cheilodactylus,nigripes,1,37377001,RHNO04_L.avi,22770,7.59,DEaston,5.5,NA,Reef;Fucoid;Flat,60,2,2,2,No
RHNO04_1712,Cheilodactylidae,Dactylophora,nigricans,1,37377005,RHNO04_L.avi,34097,11.3657,DEaston,5.5,NA,Reef;Fucoid;Flat,60,2,2,2,No
RHNO04_1712,Kyphosidae,Girella,zebra,2,37361008,RHNO04_L.avi,164506,54.8353,DEaston,5.5,NA,Reef;Fucoid;Flat,60,2,2,2,No
RHNO04_1712,Kyphosidae,Kyphosus,sydneyanus,4,37361001,RHNO04_L.avi,135803,45.2677,DEaston,5.5,NA,Reef;Fucoid;Flat,60,2,2,2,No
RHNO04_1712,Labridae,Achoerodus,gouldii,1,37384002,RHNO04_L.avi,9890,3.2967,DEaston,5.5,NA,Reef;Fucoid;Flat,60,2,2,2,No
RHNO04_1712,Labridae,Notolabrus,parilus,2,37384022,RHNO04_L.avi,50431,16.8103,DEaston,5.5,NA,Reef;Fucoid;Flat,60,2,2,2,No
RHNO04_1712,Labridae,Notolabrus,tetricus,9,37384003,RHNO04_L.avi,164963,54.9877,DEaston,5.5,NA,Reef;Fucoid;Flat,60,2,2,2,Yes
RHNO04_1712,Labridae,Pictilabrus,laticlavius,2,37384020,RHNO04_L.avi,118539,39.513,DEaston,5.5,NA,Reef;Fucoid;Flat,60,2,2,2,No
RHNO04_1712,Monacanthidae,Eubalichthys,mosaicus,1,37465003,RHNO04_L.avi,17950,5.9833,DEaston,5.5,NA,Reef;Fucoid;Flat,60,2,2,2,No
RHNO04_1712,Monacanthidae,Meuschenia,hippocrepis,2,37465004,RHNO04_L.avi,154984,51.6613,DEaston,5.5,NA,Reef;Fucoid;Flat,60,2,2,2,Yes
RHNO04_1712,Pomacentridae,Parma,victoriae,1,37372006,RHNO04_L.avi,22006,7.3353,DEaston,5.5,NA,Reef;Fucoid;Flat,60,2,2,2,No
RHNO04_1712,Scorpididae,Scorpis,aequipinnis,6,37361004,RHNO04_L.avi,40450,13.4833,DEaston,5.5,NA,Reef;Fucoid;Flat,60,2,2,2,Yes
RHNO04_1712,Scorpididae,Tilodon,sexfasciatus,1,37361003,RHNO04_L.avi,152713,50.9043,DEaston,5.5,NA,Reef;Fucoid;Flat,60,2,2,2,No
RHNO04_1712,Sillaginidae,Sillaginodes,punctatus,1,37330001,RHNO04_L.avi,111950,37.3167,DEaston,5.5,NA,Reef;Fucoid;Flat,60,2,2,2,No
RHSO01_1712,Labridae,Notolabrus,parilus,1,37384022,RHSO01_L.avi,13e3,8.6667,DEaston,13.6,NA,Posidonia;Dense,60,2,1,1,No
RHSO01_1712,Loliginidae,Sepioteuthis,australis,1,23617005,RHSO01_L.avi,33957,22.638,DEaston,13.6,NA,Posidonia;Dense,60,2,1,1,No
RHSO01_1712,Monacanthidae,unknown,sp,1,37465903,RHSO01_L.avi,92642,61.7613,DEaston,13.6,NA,Posidonia;Dense,60,2,1,1,No
RHSO01_1712,Myliobatidae,Myliobatis,tenuicaudatus,1,37039001,RHSO01_L.avi,11487,7.658,DEaston,13.6,NA,Posidonia;Dense,60,2,1,1,No
RHSO01_1712,Sillaginidae,Sillaginodes,punctatus,1,37330001,RHSO01_L.avi,29977,19.9847,DEaston,13.6,NA,Posidonia;Dense,60,2,1,1,No
RHSO01_1712,Sphyraenidae,Sphyraena,novaehollandiae,1,37382002,RHSO01_L.avi,28530,19.02,DEaston,13.6,NA,Posidonia;Dense,60,2,1,1,No
RHSO02_1712,Labridae,Austrolabrus,maculatus,1,37384025,RHSO02_L.avi,5247,3.498,DEaston,13.5,NA,Reef;Ecklonia and Fucoid;Profile,60,3,3,1,No
RHSO02_1712,Labridae,Notolabrus,parilus,2,37384022,RHSO02_L.avi,9798,6.532,DEaston,13.5,NA,Reef;Ecklonia and Fucoid;Profile,60,3,3,1,No
RHSO02_1712,Labridae,Notolabrus,tetricus,2,37384003,RHSO02_L.avi,18941,12.6273,DEaston,13.5,NA,Reef;Ecklonia and Fucoid;Profile,60,3,3,1,No
RHSO02_1712,Labridae,Pictilabrus,laticlavius,2,37384020,RHSO02_L.avi,14481,9.654,DEaston,13.5,NA,Reef;Ecklonia and Fucoid;Profile,60,3,3,1,No
RHSO02_1712,Monacanthidae,unknown,sp,1,37465903,RHSO02_L.avi,55192,36.7947,DEaston,13.5,NA,Reef;Ecklonia and Fucoid;Profile,60,3,3,1,No
RHSO02_1712,Mullidae,Upeneichthys,vlamingii,1,37355029,RHSO02_L.avi,12973,8.6487,DEaston,13.5,NA,Reef;Ecklonia and Fucoid;Profile,60,3,3,1,No
RHSO02_1712,Odacidae,Siphonognathus,caninis,1,37385011,RHSO02_L.avi,6613,4.4087,DEaston,13.5,NA,Reef;Ecklonia and Fucoid;Profile,60,3,3,1,No
RHSO02_1712,Sillaginidae,Sillaginodes,punctatus,4,37330001,RHSO02_L.avi,35541,23.694,DEaston,13.5,NA,Reef;Ecklonia and Fucoid;Profile,60,3,3,1,No
RHSO04_1712,Labridae,Austrolabrus,maculatus,1,37384025,RHSO04_L.avi,73787,49.1913,DEaston,12.7,NA,Reef;Fucoid;Flat,60,2,1,2,No
RHSO04_1712,Labridae,Notolabrus,parilus,3,37384022,RHSO04_L.avi,30385,20.2567,DEaston,12.7,NA,Reef;Fucoid;Flat,60,2,1,2,No
RHSO04_1712,Labridae,Notolabrus,tetricus,4,37384003,RHSO04_L.avi,21818,14.5453,DEaston,12.7,NA,Reef;Fucoid;Flat,60,2,1,2,No
RHSO04_1712,Labridae,Ophthalmolepis,lineolatus,1,37384040,RHSO04_L.avi,9992,6.6613,DEaston,12.7,NA,Reef;Fucoid;Flat,60,2,1,2,No
RHSO04_1712,Labridae,Pictilabrus,laticlavius,3,37384020,RHSO04_L.avi,10559,7.0393,DEaston,12.7,NA,Reef;Fucoid;Flat,60,2,1,2,No
RHSO04_1712,Monacanthidae,Scobinichthys,granulatus,1,37465007,RHSO04_L.avi,62840,41.8933,DEaston,12.7,NA,Reef;Fucoid;Flat,60,2,1,2,No
RHSO04_1712,Ostraciidae,Aracana,ornata,1,37466001,RHSO04_L.avi,24685,16.4567,DEaston,12.7,NA,Reef;Fucoid;Flat,60,2,1,2,No
SGCI01_1712,Arripidae,Arripis,georgianus,4,37344001,SGCI01_L.avi,26200,17.4667,YEglinton,6,NA,Posidonia; Dense,60,2,1,1,No
SGCI01_1712,Cheilodactylidae,Cheilodactylus,nigripes,2,37377001,SGCI01_L.avi,17208,11.472,YEglinton,6,NA,Posidonia; Dense,60,2,1,1,No
SGCI01_1712,Cheilodactylidae,Dactylophora,nigricans,1,37377005,SGCI01_L.avi,8394,5.596,YEglinton,6,NA,Posidonia; Dense,60,2,1,1,No
SGCI01_1712,Enoplosidae,Enoplosus,armatus,1,37366001,SGCI01_L.avi,18163,12.1087,YEglinton,6,NA,Posidonia; Dense,60,2,1,1,No
SGCI01_1712,Kyphosidae,Girella,zebra,1,37361008,SGCI01_L.avi,16339,10.8927,YEglinton,6,NA,Posidonia; Dense,60,2,1,1,No
SGCI01_1712,Labridae,Achoerodus,gouldii,1,37384002,SGCI01_L.avi,40809,27.206,YEglinton,6,NA,Posidonia; Dense,60,2,1,1,No
SGCI01_1712,Labridae,Notolabrus,tetricus,13,37384003,SGCI01_L.avi,39332,26.2213,YEglinton,6,NA,Posidonia; Dense,60,2,1,1,No
SGCI01_1712,Labridae,Pictilabrus,laticlavius,2,37384020,SGCI01_L.avi,16219,10.8127,YEglinton,6,NA,Posidonia; Dense,60,2,1,1,No
SGCI01_1712,Monacanthidae,Meuschenia,hippocrepis,1,37465004,SGCI01_L.avi,18185,12.1233,YEglinton,6,NA,Posidonia; Dense,60,2,1,1,No
SGCI01_1712,Odacidae,Olisthops,cyanomelas,1,37385001,SGCI01_L.avi,8337,5.558,YEglinton,6,NA,Posidonia; Dense,60,2,1,1,No
SGCI01_1712,Pomacentridae,Parma,victoriae,1,37372006,SGCI01_L.avi,59811,39.874,YEglinton,6,NA,Posidonia; Dense,60,2,1,1,No
SGCI01_1712,Sillaginidae,Sillaginodes,punctatus,2,37330001,SGCI01_L.avi,57346,38.2307,YEglinton,6,NA,Posidonia; Dense,60,2,1,1,No
SGCI02_1712,Kyphosidae,Girella,zebra,2,37361008,SGCI02_L.avi,8992,5.9947,YEglinton,10,NA,Reef;Ecklonia;Fucoid;Profile,60,3,3,2,No
SGCI02_1712,Kyphosidae,Kyphosus,sydneyanus,2,37361001,SGCI02_L.avi,12846,8.564,YEglinton,10,NA,Reef;Ecklonia;Fucoid;Profile,60,3,3,2,No
SGCI02_1712,Labridae,Achoerodus,gouldii,2,37384002,SGCI02_L.avi,4995,3.33,YEglinton,10,NA,Reef;Ecklonia;Fucoid;Profile,60,3,3,2,No
SGCI02_1712,Labridae,Notolabrus,tetricus,8,37384003,SGCI02_L.avi,14235,9.49,YEglinton,10,NA,Reef;Ecklonia;Fucoid;Profile,60,3,3,2,No
SGCI02_1712,Labridae,Pictilabrus,laticlavius,1,37384020,SGCI02_L.avi,4781,3.1873,YEglinton,10,NA,Reef;Ecklonia;Fucoid;Profile,60,3,3,2,No
SGCI02_1712,Monacanthidae,Meuschenia,flavolineata,2,37465035,SGCI02_L.avi,79959,53.306,YEglinton,10,NA,Reef;Ecklonia;Fucoid;Profile,60,3,3,2,No
SGCI02_1712,Monacanthidae,Meuschenia,hippocrepis,4,37465004,SGCI02_L.avi,30045,20.03,YEglinton,10,NA,Reef;Ecklonia;Fucoid;Profile,60,3,3,2,No
SGCI02_1712,Odacidae,Olisthops,cyanomelas,1,37385001,SGCI02_L.avi,53600,35.7333,YEglinton,10,NA,Reef;Ecklonia;Fucoid;Profile,60,3,3,2,No
SGCI02_1712,Pomacentridae,Parma,victoriae,2,37372006,SGCI02_L.avi,85345,56.8967,YEglinton,10,NA,Reef;Ecklonia;Fucoid;Profile,60,3,3,2,No
SGCI02_1712,Scorpididae,Scorpis,aequipinnis,10,37361004,SGCI02_L.avi,24686,16.4573,YEglinton,10,NA,Reef;Ecklonia;Fucoid;Profile,60,3,3,2,No
SGCI02_1712,Serranidae,Othos,dentex,1,37311005,SGCI02_L.avi,75106,50.0707,YEglinton,10,NA,Reef;Ecklonia;Fucoid;Profile,60,3,3,2,No
SGCI03_1712,Dinolestidae,Dinolestes,lewini,15,37327002,SGCI03_L.avi,19866,13.244,YEglinton,13.6,NA,Reef;Ecklonia;Profile,60,2,2,2,No
SGCI03_1712,Aplodactylidae,Aplodactylus,arctidens,1,37376001,SGCI03_L.avi,91058,60.7053,YEglinton,13.6,NA,Reef;Ecklonia;Profile,60,2,2,2,No
SGCI03_1712,Chaetodontidae,Chelmonops,curiosus,2,37365066,SGCI03_L.avi,74727,49.818,YEglinton,13.6,NA,Reef;Ecklonia;Profile,60,2,2,2,No
SGCI03_1712,Cheilodactylidae,Cheilodactylus,nigripes,2,37377001,SGCI03_L.avi,7405,4.9367,YEglinton,13.6,NA,Reef;Ecklonia;Profile,60,2,2,2,No
SGCI03_1712,Enoplosidae,Enoplosus,armatus,2,37366001,SGCI03_L.avi,29964,19.976,YEglinton,13.6,NA,Reef;Ecklonia;Profile,60,2,2,2,No
SGCI03_1712,Kyphosidae,Girella,zebra,1,37361008,SGCI03_L.avi,7132,4.7547,YEglinton,13.6,NA,Reef;Ecklonia;Profile,60,2,2,2,No
SGCI03_1712,Kyphosidae,Kyphosus,sydneyanus,1,37361001,SGCI03_L.avi,30732,20.488,YEglinton,13.6,NA,Reef;Ecklonia;Profile,60,2,2,2,No
SGCI03_1712,Labridae,Achoerodus,gouldii,2,37384002,SGCI03_L.avi,13057,8.7047,YEglinton,13.6,NA,Reef;Ecklonia;Profile,60,2,2,2,No
SGCI03_1712,Labridae,Notolabrus,tetricus,6,37384003,SGCI03_L.avi,38028,25.352,YEglinton,13.6,NA,Reef;Ecklonia;Profile,60,2,2,2,No
SGCI03_1712,Monacanthidae,Meuschenia,flavolineata,2,37465035,SGCI03_L.avi,11028,7.352,YEglinton,13.6,NA,Reef;Ecklonia;Profile,60,2,2,2,No
SGCI03_1712,Monacanthidae,Meuschenia,freycineti,1,37465036,SGCI03_L.avi,39435,26.29,YEglinton,13.6,NA,Reef;Ecklonia;Profile,60,2,2,2,No
SGCI03_1712,Monacanthidae,Meuschenia,hippocrepis,4,37465004,SGCI03_L.avi,9934,6.6227,YEglinton,13.6,NA,Reef;Ecklonia;Profile,60,2,2,2,No
SGCI03_1712,Odacidae,Olisthops,cyanomelas,1,37385001,SGCI03_L.avi,70323,46.882,YEglinton,13.6,NA,Reef;Ecklonia;Profile,60,2,2,2,No
SGCI03_1712,Plesiopidae,Paraplesiops,meleagris,1,37316009,SGCI03_L.avi,8765,5.8433,YEglinton,13.6,NA,Reef;Ecklonia;Profile,60,2,2,2,No
SGCI03_1712,Pomacentridae,Parma,victoriae,1,37372006,SGCI03_L.avi,7330,4.8867,YEglinton,13.6,NA,Reef;Ecklonia;Profile,60,2,2,2,No
SGCI03_1712,Scorpididae,Scorpis,aequipinnis,6,37361004,SGCI03_L.avi,50016,33.344,YEglinton,13.6,NA,Reef;Ecklonia;Profile,60,2,2,2,No
SGCI03_1712,Scorpididae,Tilodon,sexfasciatus,1,37361003,SGCI03_L.avi,63498,42.332,YEglinton,13.6,NA,Reef;Ecklonia;Profile,60,2,2,2,No
SGCI03_1712,Serranidae,Caesioperca,rasor,50,37311003,SGCI03_L.avi,27091,18.0607,YEglinton,13.6,NA,Reef;Ecklonia;Profile,60,2,2,2,No
SGCI03_1712,Serranidae,Othos,dentex,1,37311005,SGCI03_L.avi,28564,19.0427,YEglinton,13.6,NA,Reef;Ecklonia;Profile,60,2,2,2,No
SGCI04_1712,Aplodactylidae,Aplodactylus,arctidens,1,37376001,SGCI04_L.avi,12090,8.06,YEglinton,19,NA,Reef;Ecklonia;Fucoid;Profile,60,3,2,1,No
SGCI04_1712,Chaetodontidae,Chelmonops,curiosus,1,37365066,SGCI04_L.avi,41348,27.5653,YEglinton,19,NA,Reef;Ecklonia;Fucoid;Profile,60,3,2,1,No
SGCI04_1712,Cheilodactylidae,Cheilodactylus,nigripes,1,37377001,SGCI04_L.avi,52835,35.2233,YEglinton,19,NA,Reef;Ecklonia;Fucoid;Profile,60,3,2,1,No
SGCI04_1712,Kyphosidae,Girella,zebra,1,37361008,SGCI04_L.avi,29056,19.3707,YEglinton,19,NA,Reef;Ecklonia;Fucoid;Profile,60,3,2,1,No
SGCI04_1712,Kyphosidae,Kyphosus,sydneyanus,1,37361001,SGCI04_L.avi,4565,3.0433,YEglinton,19,NA,Reef;Ecklonia;Fucoid;Profile,60,3,2,1,No
SGCI04_1712,Labridae,Achoerodus,gouldii,1,37384002,SGCI04_L.avi,3062,2.0413,YEglinton,19,NA,Reef;Ecklonia;Fucoid;Profile,60,3,2,1,No
SGCI04_1712,Labridae,Austrolabrus,maculatus,1,37384025,SGCI04_L.avi,5622,3.748,YEglinton,19,NA,Reef;Ecklonia;Fucoid;Profile,60,3,2,1,No
SGCI04_1712,Labridae,Notolabrus,parilus,1,37384022,SGCI04_L.avi,9929,6.6193,YEglinton,19,NA,Reef;Ecklonia;Fucoid;Profile,60,3,2,1,No
SGCI04_1712,Labridae,Notolabrus,tetricus,7,37384003,SGCI04_L.avi,44879,29.9193,YEglinton,19,NA,Reef;Ecklonia;Fucoid;Profile,60,3,2,1,No
SGCI04_1712,Labridae,Pictilabrus,laticlavius,1,37384020,SGCI04_L.avi,5246,3.4973,YEglinton,19,NA,Reef;Ecklonia;Fucoid;Profile,60,3,2,1,No
SGCI04_1712,Monacanthidae,Meuschenia,flavolineata,1,37465035,SGCI04_L.avi,71085,47.39,YEglinton,19,NA,Reef;Ecklonia;Fucoid;Profile,60,3,2,1,No
SGCI04_1712,Monacanthidae,Meuschenia,freycineti,1,37465036,SGCI04_L.avi,14956,9.9707,YEglinton,19,NA,Reef;Ecklonia;Fucoid;Profile,60,3,2,1,No
SGCI04_1712,Monacanthidae,Meuschenia,hippocrepis,4,37465004,SGCI04_L.avi,20966,13.9773,YEglinton,19,NA,Reef;Ecklonia;Fucoid;Profile,60,3,2,1,No
SGCI04_1712,Odacidae,Olisthops,cyanomelas,1,37385001,SGCI04_L.avi,5519,3.6793,YEglinton,19,NA,Reef;Ecklonia;Fucoid;Profile,60,3,2,1,No
SGCI04_1712,Pomacentridae,Parma,victoriae,1,37372006,SGCI04_L.avi,13335,8.89,YEglinton,19,NA,Reef;Ecklonia;Fucoid;Profile,60,3,2,1,No
SGCI04_1712,Scorpididae,Scorpis,aequipinnis,2,37361004,SGCI04_L.avi,77839,51.8927,YEglinton,19,NA,Reef;Ecklonia;Fucoid;Profile,60,3,2,1,No
SGCI04_1712,Scorpididae,Tilodon,sexfasciatus,1,37361003,SGCI04_L.avi,75166,50.1107,YEglinton,19,NA,Reef;Ecklonia;Fucoid;Profile,60,3,2,1,No
SGCI04_1712,Serranidae,Caesioperca,rasor,1,37311003,SGCI04_L.avi,5868,3.912,YEglinton,19,NA,Reef;Ecklonia;Fucoid;Profile,60,3,2,1,No
SGCI04_1712,Serranidae,Othos,dentex,2,37311005,SGCI04_L.avi,90765,60.51,YEglinton,19,NA,Reef;Ecklonia;Fucoid;Profile,60,3,2,1,No
SGCO01_1712,Arripidae,Arripis,georgianus,7,37344001,SGCO01_R.avi,177909,59.303,YEglinton,5.5,NA,Reef;Fucoid;Profile,60,1,2,2,No
SGCO01_1712,Kyphosidae,Girella,zebra,25,37361008,SGCO01_R.avi,9911,3.3037,YEglinton,5.5,NA,Reef;Fucoid;Profile,60,1,2,2,No
SGCO01_1712,Labridae,Achoerodus,gouldii,1,37384002,SGCO01_R.avi,11619,3.873,YEglinton,5.5,NA,Reef;Fucoid;Profile,60,1,2,2,No
SGCO01_1712,Labridae,Austrolabrus,maculatus,1,37384025,SGCO01_R.avi,39476,13.1587,YEglinton,5.5,NA,Reef;Fucoid;Profile,60,1,2,2,No
SGCO01_1712,Labridae,Notolabrus,parilus,1,37384022,SGCO01_R.avi,165014,55.0047,YEglinton,5.5,NA,Reef;Fucoid;Profile,60,1,2,2,No
SGCO01_1712,Labridae,Notolabrus,tetricus,7,37384003,SGCO01_R.avi,77162,25.7207,YEglinton,5.5,NA,Reef;Fucoid;Profile,60,1,2,2,No
SGCO01_1712,Labridae,Pictilabrus,laticlavius,1,37384020,SGCO01_R.avi,13200,4.4,YEglinton,5.5,NA,Reef;Fucoid;Profile,60,1,2,2,No
SGCO01_1712,Monacanthidae,Meuschenia,freycineti,1,37465036,SGCO01_R.avi,143040,47.68,YEglinton,5.5,NA,Reef;Fucoid;Profile,60,1,2,2,No
SGCO01_1712,Monacanthidae,Meuschenia,hippocrepis,1,37465004,SGCO01_R.avi,42367,14.1223,YEglinton,5.5,NA,Reef;Fucoid;Profile,60,1,2,2,No
SGCO01_1712,Scorpididae,Scorpis,aequipinnis,11,37361004,SGCO01_R.avi,25138,8.3793,YEglinton,5.5,NA,Reef;Fucoid;Profile,60,1,2,2,No
SGCO01_1712,Sillaginidae,Sillaginodes,punctatus,1,37330001,SGCO01_R.avi,91145,30.3817,YEglinton,5.5,NA,Reef;Fucoid;Profile,60,1,2,2,No
SGCO01_1712,Sphyraenidae,Sphyraena,novaehollandiae,1,37382002,SGCO01_R.avi,97724,32.5747,YEglinton,5.5,NA,Reef;Fucoid;Profile,60,1,2,2,No
SGCO02_1712,Arripidae,Arripis,georgianus,11,37344001,SGCO02_L.avi,118806,39.602,YEglinton,8.8,NA,Reef; Fucoid; Profile,60,3,1,2,No
SGCO02_1712,Carangidae,Pseudocaranx,sp,25,37337924,SGCO02_L.avi,9330,3.11,YEglinton,8.8,NA,Reef; Fucoid; Profile,60,3,1,2,No
SGCO02_1712,Cheilodactylidae,Dactylophora,nigricans,1,37377005,SGCO02_L.avi,47793,15.931,YEglinton,8.8,NA,Reef; Fucoid; Profile,60,3,1,2,No
SGCO02_1712,Cheilodactylidae,Nemadactylus,valenciennesi,1,37377004,SGCO02_L.avi,181756,60.5853,YEglinton,8.8,NA,Reef; Fucoid; Profile,60,3,1,2,No
SGCO02_1712,Kyphosidae,Girella,zebra,6,37361008,SGCO02_L.avi,158272,52.7573,YEglinton,8.8,NA,Reef; Fucoid; Profile,60,3,1,2,No
SGCO02_1712,Kyphosidae,Kyphosus,sydneyanus,1,37361001,SGCO02_L.avi,10361,3.4537,YEglinton,8.8,NA,Reef; Fucoid; Profile,60,3,1,2,No
SGCO02_1712,Labridae,Achoerodus,gouldii,1,37384002,SGCO02_L.avi,181537,60.5123,YEglinton,8.8,NA,Reef; Fucoid; Profile,60,3,1,2,No
SGCO02_1712,Labridae,Austrolabrus,maculatus,2,37384025,SGCO02_L.avi,19135,6.3783,YEglinton,8.8,NA,Reef; Fucoid; Profile,60,3,1,2,No
SGCO02_1712,Labridae,Notolabrus,parilus,1,37384022,SGCO02_L.avi,17987,5.9957,YEglinton,8.8,NA,Reef; Fucoid; Profile,60,3,1,2,No
SGCO02_1712,Labridae,Notolabrus,tetricus,10,37384003,SGCO02_L.avi,68683,22.8943,YEglinton,8.8,NA,Reef; Fucoid; Profile,60,3,1,2,No
SGCO02_1712,Labridae,Pictilabrus,laticlavius,1,37384020,SGCO02_L.avi,12553,4.1843,YEglinton,8.8,NA,Reef; Fucoid; Profile,60,3,1,2,No
SGCO02_1712,Mullidae,Upeneichthys,vlamingii,1,37355029,SGCO02_L.avi,14372,4.7907,YEglinton,8.8,NA,Reef; Fucoid; Profile,60,3,1,2,No
SGCO02_1712,Neosebastidae,Neosebastes,scorpaenoides,1,37287005,SGCO02_L.avi,66638,22.2127,YEglinton,8.8,NA,Reef; Fucoid; Profile,60,3,1,2,No
SGCO02_1712,Scorpididae,Scorpis,aequipinnis,8,37361004,SGCO02_L.avi,157803,52.601,YEglinton,8.8,NA,Reef; Fucoid; Profile,60,3,1,2,No
SGCO02_1712,Scorpididae,Tilodon,sexfasciatus,1,37361003,SGCO02_L.avi,10544,3.5147,YEglinton,8.8,NA,Reef; Fucoid; Profile,60,3,1,2,No
SGCO03_1712,Chaetodontidae,Chelmonops,curiosus,1,37365066,SGCO03_L.avi,142631,47.5437,YEglinton,14.1,NA,Reef;Profile,60,2,1,2,No
SGCO03_1712,Cheilodactylidae,Cheilodactylus,nigripes,1,37377001,SGCO03_L.avi,17540,5.8467,YEglinton,14.1,NA,Reef;Profile,60,2,1,2,No
SGCO03_1712,Cheilodactylidae,Dactylophora,nigricans,1,37377005,SGCO03_L.avi,188043,62.681,YEglinton,14.1,NA,Reef;Profile,60,2,1,2,No
SGCO03_1712,Cheilodactylidae,Nemadactylus,valenciennesi,2,37377004,SGCO03_L.avi,17617,5.8723,YEglinton,14.1,NA,Reef;Profile,60,2,1,2,No
SGCO03_1712,Enoplosidae,Enoplosus,armatus,2,37366001,SGCO03_L.avi,88707,29.569,YEglinton,14.1,NA,Reef;Profile,60,2,1,2,No
SGCO03_1712,Kyphosidae,Girella,zebra,13,37361008,SGCO03_L.avi,22955,7.6517,YEglinton,14.1,NA,Reef;Profile,60,2,1,2,No
SGCO03_1712,Kyphosidae,Kyphosus,sydneyanus,2,37361001,SGCO03_L.avi,19505,6.5017,YEglinton,14.1,NA,Reef;Profile,60,2,1,2,No
SGCO03_1712,Labridae,Achoerodus,gouldii,4,37384002,SGCO03_L.avi,17640,5.88,YEglinton,14.1,NA,Reef;Profile,60,2,1,2,No
SGCO03_1712,Labridae,Notolabrus,parilus,1,37384022,SGCO03_L.avi,39321,13.107,YEglinton,14.1,NA,Reef;Profile,60,2,1,2,No
SGCO03_1712,Labridae,Notolabrus,tetricus,8,37384003,SGCO03_L.avi,43482,14.494,YEglinton,14.1,NA,Reef;Profile,60,2,1,2,No
SGCO03_1712,Labridae,Pictilabrus,laticlavius,2,37384020,SGCO03_L.avi,34960,11.6533,YEglinton,14.1,NA,Reef;Profile,60,2,1,2,No
SGCO03_1712,Monacanthidae,Meuschenia,freycineti,1,37465036,SGCO03_L.avi,140314,46.7713,YEglinton,14.1,NA,Reef;Profile,60,2,1,2,No
SGCO03_1712,Monacanthidae,Meuschenia,hippocrepis,1,37465004,SGCO03_L.avi,33619,11.2063,YEglinton,14.1,NA,Reef;Profile,60,2,1,2,No
SGCO03_1712,Pentacerotidae,Pentaceropsis,recurvirostris,1,37367003,SGCO03_L.avi,28755,9.585,YEglinton,14.1,NA,Reef;Profile,60,2,1,2,No
SGCO03_1712,Pomacentridae,Parma,victoriae,1,37372006,SGCO03_L.avi,66208,22.0693,YEglinton,14.1,NA,Reef;Profile,60,2,1,2,No
SGCO03_1712,Scorpididae,Scorpis,aequipinnis,12,37361004,SGCO03_L.avi,22955,7.6517,YEglinton,14.1,NA,Reef;Profile,60,2,1,2,No
SGCO03_1712,Scorpididae,Tilodon,sexfasciatus,2,37361003,SGCO03_L.avi,17136,5.712,YEglinton,14.1,NA,Reef;Profile,60,2,1,2,No
SGCO03_1712,Serranidae,Caesioperca,rasor,4,37311003,SGCO03_L.avi,16701,5.567,YEglinton,14.1,NA,Reef;Profile,60,2,1,2,No
SGCO04_1712,Chaetodontidae,Chelmonops,curiosus,2,37365066,SGCO04_L.avi,209676,58.3015,YEglinton,11.6,NA,Reef;Fucoid;Profile,60,3,3,1,No
SGCO04_1712,Cheilodactylidae,Dactylophora,nigricans,1,37377005,SGCO04_L.avi,106894,29.7224,YEglinton,11.6,NA,Reef;Fucoid;Profile,60,3,3,1,No
SGCO04_1712,Kyphosidae,Girella,zebra,2,37361008,SGCO04_L.avi,225381,62.6683,YEglinton,11.6,NA,Reef;Fucoid;Profile,60,3,3,1,No
SGCO04_1712,Kyphosidae,Kyphosus,sydneyanus,1,37361001,SGCO04_L.avi,33494,9.3132,YEglinton,11.6,NA,Reef;Fucoid;Profile,60,3,3,1,No
SGCO04_1712,Labridae,Achoerodus,gouldii,1,37384002,SGCO04_L.avi,27183,7.5584,YEglinton,11.6,NA,Reef;Fucoid;Profile,60,3,3,1,No
SGCO04_1712,Labridae,Austrolabrus,maculatus,2,37384025,SGCO04_L.avi,28070,7.805,YEglinton,11.6,NA,Reef;Fucoid;Profile,60,3,3,1,No
SGCO04_1712,Labridae,Notolabrus,parilus,1,37384022,SGCO04_L.avi,39378,10.9492,YEglinton,11.6,NA,Reef;Fucoid;Profile,60,3,3,1,No
SGCO04_1712,Labridae,Notolabrus,tetricus,22,37384003,SGCO04_L.avi,69293,19.2673,YEglinton,11.6,NA,Reef;Fucoid;Profile,60,3,3,1,No
SGCO04_1712,Labridae,Pictilabrus,laticlavius,2,37384020,SGCO04_L.avi,30003,8.3425,YEglinton,11.6,NA,Reef;Fucoid;Profile,60,3,3,1,No
SGCO04_1712,Monacanthidae,Meuschenia,hippocrepis,1,37465004,SGCO04_L.avi,19732,5.4866,YEglinton,11.6,NA,Reef;Fucoid;Profile,60,3,3,1,No
SGCO04_1712,Odacidae,Olisthops,cyanomelas,1,37385001,SGCO04_L.avi,150202,41.7644,YEglinton,11.6,NA,Reef;Fucoid;Profile,60,3,3,1,No
SGCO04_1712,Pomacentridae,Parma,victoriae,1,37372006,SGCO04_L.avi,20896,5.8102,YEglinton,11.6,NA,Reef;Fucoid;Profile,60,3,3,1,No
SGCO04_1712,Scorpididae,Scorpis,aequipinnis,6,37361004,SGCO04_L.avi,48385,13.4537,YEglinton,11.6,NA,Reef;Fucoid;Profile,60,3,3,1,No
SGCO04_1712,Scorpididae,Tilodon,sexfasciatus,1,37361003,SGCO04_L.avi,18618,5.1768,YEglinton,11.6,NA,Reef;Fucoid;Profile,60,3,3,1,No
SGCO04_1712,Serranidae,Caesioperca,rasor,1,37311003,SGCO04_L.avi,54871,15.2572,YEglinton,11.6,NA,Reef;Fucoid;Profile,60,3,3,1,No
SGEI01_1801,Arripidae,Arripis,georgianus,6,37344001,SGEI01_L.avi,78394,52.2627,JHicks,9.3,NA,Heterozostera (epiphyte);Dense,60,1,1,1,No
SGEI01_1801,Cheilodactylidae,Dactylophora,nigricans,1,37377005,SGEI01_L.avi,89293,59.5287,JHicks,9.3,NA,Heterozostera (epiphyte);Dense,60,1,1,1,No
SGEI01_1801,Gerreidae,Parequula,melbournensis,2,37349001,SGEI01_L.avi,31060,20.7067,JHicks,9.3,NA,Heterozostera (epiphyte);Dense,60,1,1,1,No
SGEI01_1801,Kyphosidae,Kyphosus,sydneyanus,3,37361001,SGEI01_L.avi,50767,33.8447,JHicks,9.3,NA,Heterozostera (epiphyte);Dense,60,1,1,1,No
SGEI01_1801,Labridae,Achoerodus,gouldii,1,37384002,SGEI01_L.avi,53158,35.4387,JHicks,9.3,NA,Heterozostera (epiphyte);Dense,60,1,1,1,No
SGEI01_1801,Labridae,Notolabrus,tetricus,1,37384003,SGEI01_L.avi,11518,7.6787,JHicks,9.3,NA,Heterozostera (epiphyte);Dense,60,1,1,1,No
SGEI01_1801,Monacanthidae,Acanthaluteres,vittiger,1,37465002,SGEI01_L.avi,63067,42.0447,JHicks,9.3,NA,Heterozostera (epiphyte);Dense,60,1,1,1,No
SGEI01_1801,Mullidae,Upeneichthys,vlamingii,1,37355029,SGEI01_L.avi,5020,3.3467,JHicks,9.3,NA,Heterozostera (epiphyte);Dense,60,1,1,1,No
SGEI01_1801,Odacidae,Neoodax,balteatus,1,37385005,SGEI01_L.avi,79725,53.15,JHicks,9.3,NA,Heterozostera (epiphyte);Dense,60,1,1,1,No
SGEI01_1801,Scorpididae,Scorpis,aequipinnis,10,37361004,SGEI01_L.avi,27714,18.476,JHicks,9.3,NA,Heterozostera (epiphyte);Dense,60,1,1,1,Yes
SGEI02_1801,Carangidae,Pseudocaranx,sp,6,37337924,SGEI02_L.avi,65208,43.472,JHicks,2.8,NA,Sand,60,1,1,1,No
SGEI02_1801,Carangidae,Trachurus,novaezelandiae,1,37337003,SGEI02_L.avi,34807,23.2047,JHicks,2.8,NA,Sand,60,1,1,1,No
SGEI02_1801,Kyphosidae,Girella,zebra,5,37361008,SGEI02_L.avi,10654,7.1027,JHicks,2.8,NA,Sand,60,1,1,1,No
SGEI02_1801,Kyphosidae,Kyphosus,sydneyanus,3,37361001,SGEI02_L.avi,39729,26.486,JHicks,2.8,NA,Sand,60,1,1,1,No
SGEI02_1801,Labridae,Notolabrus,parilus,1,37384022,SGEI02_L.avi,59332,39.5547,JHicks,2.8,NA,Sand,60,1,1,1,No
SGEI02_1801,Labridae,Notolabrus,tetricus,2,37384003,SGEI02_L.avi,56122,37.4147,JHicks,2.8,NA,Sand,60,1,1,1,Yes
SGEI02_1801,Monacanthidae,Meuschenia,flavolineata,1,37465035,SGEI02_L.avi,89665,59.7767,JHicks,2.8,NA,Sand,60,1,1,1,No
SGEI02_1801,Monacanthidae,Meuschenia,hippocrepis,3,37465004,SGEI02_L.avi,61789,41.1927,JHicks,2.8,NA,Sand,60,1,1,1,Yes
SGEI02_1801,Mullidae,Upeneichthys,vlamingii,1,37355029,SGEI02_L.avi,51420,34.28,JHicks,2.8,NA,Sand,60,1,1,1,Yes
SGEI02_1801,Platycephalidae,Platycephalus,speculator,1,37296037,SGEI02_L.avi,15467,10.3113,JHicks,2.8,NA,Sand,60,1,1,1,No
SGEI02_1801,Pomacentridae,Parma,victoriae,1,37372006,SGEI02_L.avi,50538,33.692,JHicks,2.8,NA,Sand,60,1,1,1,No
SGEI02_1801,Scorpididae,Scorpis,aequipinnis,7,37361004,SGEI02_L.avi,91382,60.9213,JHicks,2.8,NA,Sand,60,1,1,1,Yes
SGEI03_1801,Dinolestidae,Dinolestes,lewini,9,37327002,SGEI03_L.avi,34077,22.718,JHicks,9.8,NA,Reef; Ecklonia; Profile,60,1,1,2,No
SGEI03_1801,Cheilodactylidae,Cheilodactylus,nigripes,1,37377001,SGEI03_L.avi,67054,44.7027,JHicks,9.8,NA,Reef; Ecklonia; Profile,60,1,1,2,No
SGEI03_1801,Kyphosidae,Girella,zebra,2,37361008,SGEI03_L.avi,41537,27.6913,JHicks,9.8,NA,Reef; Ecklonia; Profile,60,1,1,2,No
SGEI03_1801,Kyphosidae,Kyphosus,sydneyanus,1,37361001,SGEI03_L.avi,38518,25.6787,JHicks,9.8,NA,Reef; Ecklonia; Profile,60,1,1,2,No
SGEI03_1801,Labridae,Achoerodus,gouldii,1,37384002,SGEI03_L.avi,24470,16.3133,JHicks,9.8,NA,Reef; Ecklonia; Profile,60,1,1,2,No
SGEI03_1801,Labridae,Notolabrus,parilus,1,37384022,SGEI03_L.avi,56529,37.686,JHicks,9.8,NA,Reef; Ecklonia; Profile,60,1,1,2,No
SGEI03_1801,Labridae,Notolabrus,tetricus,4,37384003,SGEI03_L.avi,54521,36.3473,JHicks,9.8,NA,Reef; Ecklonia; Profile,60,1,1,2,No
SGEI03_1801,Labridae,Pictilabrus,laticlavius,1,37384020,SGEI03_L.avi,43916,29.2773,JHicks,9.8,NA,Reef; Ecklonia; Profile,60,1,1,2,No
SGEI03_1801,Monacanthidae,Meuschenia,hippocrepis,9,37465004,SGEI03_L.avi,61539,41.026,JHicks,9.8,NA,Reef; Ecklonia; Profile,60,1,1,2,Yes
SGEI03_1801,Pomacentridae,Parma,victoriae,1,37372006,SGEI03_L.avi,42851,28.5673,JHicks,9.8,NA,Reef; Ecklonia; Profile,60,1,1,2,No
SGEI03_1801,Scorpididae,Scorpis,aequipinnis,8,37361004,SGEI03_L.avi,69696,46.464,JHicks,9.8,NA,Reef; Ecklonia; Profile,60,1,1,2,Yes
SGEI04_1801,Chaetodontidae,Chelmonops,curiosus,2,37365066,SGEI04_L.avi,4785,3.19,JHicks,9.4,NA,Reef; Mixed algal; Profile,60,3,1,2,No
SGEI04_1801,Cheilodactylidae,Cheilodactylus,nigripes,1,37377001,SGEI04_L.avi,71153,47.4353,JHicks,9.4,NA,Reef; Mixed algal; Profile,60,3,1,2,No
SGEI04_1801,Enoplosidae,Enoplosus,armatus,2,37366001,SGEI04_L.avi,4281,2.854,JHicks,9.4,NA,Reef; Mixed algal; Profile,60,3,1,2,No
SGEI04_1801,Kyphosidae,Girella,zebra,1,37361008,SGEI04_L.avi,50551,33.7007,JHicks,9.4,NA,Reef; Mixed algal; Profile,60,3,1,2,No
SGEI04_1801,Kyphosidae,Kyphosus,sydneyanus,1,37361001,SGEI04_L.avi,4661,3.1073,JHicks,9.4,NA,Reef; Mixed algal; Profile,60,3,1,2,No
SGEI04_1801,Labridae,Achoerodus,gouldii,2,37384002,SGEI04_L.avi,16989,11.326,JHicks,9.4,NA,Reef; Mixed algal; Profile,60,3,1,2,No
SGEI04_1801,Labridae,Austrolabrus,maculatus,3,37384025,SGEI04_L.avi,10761,7.174,JHicks,9.4,NA,Reef; Mixed algal; Profile,60,3,1,2,No
SGEI04_1801,Labridae,Notolabrus,tetricus,4,37384003,SGEI04_L.avi,28222,18.8147,JHicks,9.4,NA,Reef; Mixed algal; Profile,60,3,1,2,No
SGEI04_1801,Labridae,Pictilabrus,laticlavius,3,37384020,SGEI04_L.avi,20031,13.354,JHicks,9.4,NA,Reef; Mixed algal; Profile,60,3,1,2,No
SGEI04_1801,Monacanthidae,Meuschenia,flavolineata,2,37465035,SGEI04_L.avi,5933,3.9553,JHicks,9.4,NA,Reef; Mixed algal; Profile,60,3,1,2,No
SGEI04_1801,Monacanthidae,Meuschenia,hippocrepis,3,37465004,SGEI04_L.avi,31233,20.822,JHicks,9.4,NA,Reef; Mixed algal; Profile,60,3,1,2,No
SGEI04_1801,Odacidae,Olisthops,cyanomelas,1,37385001,SGEI04_L.avi,10806,7.204,JHicks,9.4,NA,Reef; Mixed algal; Profile,60,3,1,2,No
SGEI04_1801,Ophidiidae,Genypterus,tigerinus,1,37228008,SGEI04_L.avi,34074,22.716,JHicks,9.4,NA,Reef; Mixed algal; Profile,60,3,1,2,No
SGEI04_1801,Pomacentridae,Parma,victoriae,1,37372006,SGEI04_L.avi,5294,3.5293,JHicks,9.4,NA,Reef; Mixed algal; Profile,60,3,1,2,No
SGEI04_1801,Scorpididae,Scorpis,aequipinnis,5,37361004,SGEI04_L.avi,90135,60.09,JHicks,9.4,NA,Reef; Mixed algal; Profile,60,3,1,2,No
SGEI04_1801,Serranidae,Othos,dentex,1,37311005,SGEI04_L.avi,36188,24.1253,JHicks,9.4,NA,Reef; Mixed algal; Profile,60,3,1,2,No
SGEO01_1801,Arripidae,Arripis,truttaceus,1,37344004,SGEO01_L.avi,82115,54.7433,JHicks,4,NA,Sand,60,2,1,2,No
SGEO01_1801,Labridae,Notolabrus,tetricus,5,37384003,SGEO01_L.avi,68698,45.7987,JHicks,4,NA,Sand,60,2,1,2,Yes
SGEO01_1801,Mullidae,Upeneichthys,vlamingii,1,37355029,SGEO01_L.avi,31153,20.7687,JHicks,4,NA,Sand,60,2,1,2,No
SGEO01_1801,Scorpididae,Scorpis,aequipinnis,17,37361004,SGEO01_L.avi,87670,58.4467,JHicks,4,NA,Sand,60,2,1,2,Yes
SGEO01_1801,Sillaginidae,Sillago,sp,1,37330904,SGEO01_L.avi,93724,62.4827,JHicks,4,NA,Sand,60,2,1,2,No
SGEO02_1801,Chaetodontidae,Chelmonops,curiosus,2,37365066,SGEO02_L.avi,18913,12.6087,JHicks,4,NA,Reef; Mixed algal; Profile,60,2,3,1,No
SGEO02_1801,Cheilodactylidae,Cheilodactylus,nigripes,1,37377001,SGEO02_L.avi,27826,18.5507,JHicks,4,NA,Reef; Mixed algal; Profile,60,2,3,1,No
SGEO02_1801,Kyphosidae,Girella,zebra,2,37361008,SGEO02_L.avi,4008,2.672,JHicks,4,NA,Reef; Mixed algal; Profile,60,2,3,1,No
SGEO02_1801,Kyphosidae,Kyphosus,sydneyanus,1,37361001,SGEO02_L.avi,3410,2.2733,JHicks,4,NA,Reef; Mixed algal; Profile,60,2,3,1,No
SGEO02_1801,Labridae,Achoerodus,gouldii,1,37384002,SGEO02_L.avi,9660,6.44,JHicks,4,NA,Reef; Mixed algal; Profile,60,2,3,1,No
SGEO02_1801,Labridae,Austrolabrus,maculatus,1,37384025,SGEO02_L.avi,22536,15.024,JHicks,4,NA,Reef; Mixed algal; Profile,60,2,3,1,No
SGEO02_1801,Labridae,Notolabrus,parilus,1,37384022,SGEO02_L.avi,54221,36.1473,JHicks,4,NA,Reef; Mixed algal; Profile,60,2,3,1,No
SGEO02_1801,Labridae,Notolabrus,tetricus,3,37384003,SGEO02_L.avi,10634,7.0893,JHicks,4,NA,Reef; Mixed algal; Profile,60,2,3,1,No
SGEO02_1801,Labridae,Pictilabrus,laticlavius,2,37384020,SGEO02_L.avi,17438,11.6253,JHicks,4,NA,Reef; Mixed algal; Profile,60,2,3,1,No
SGEO02_1801,Monacanthidae,Meuschenia,hippocrepis,1,37465004,SGEO02_L.avi,23817,15.878,JHicks,4,NA,Reef; Mixed algal; Profile,60,2,3,1,No
SGEO02_1801,Moridae,Lotella,rhacina,1,37224005,SGEO02_L.avi,84772,56.5147,JHicks,4,NA,Reef; Mixed algal; Profile,60,2,3,1,No
SGEO02_1801,Odacidae,Olisthops,cyanomelas,1,37385001,SGEO02_L.avi,43209,28.806,JHicks,4,NA,Reef; Mixed algal; Profile,60,2,3,1,No
SGEO02_1801,Odacidae,Siphonognathus,beddomei,1,37385006,SGEO02_L.avi,39591,26.394,JHicks,4,NA,Reef; Mixed algal; Profile,60,2,3,1,No
SGEO02_1801,Pomacentridae,Parma,victoriae,1,37372006,SGEO02_L.avi,9447,6.298,JHicks,4,NA,Reef; Mixed algal; Profile,60,2,3,1,No
SGEO02_1801,Scorpididae,Scorpis,aequipinnis,8,37361004,SGEO02_L.avi,50536,33.6907,JHicks,4,NA,Reef; Mixed algal; Profile,60,2,3,1,No
SGEO03_1801,Aplodactylidae,Aplodactylus,arctidens,1,37376001,SGEO03_L.avi,81052,54.0347,JHicks,6.8,NA,Reef; Seirococcaceae; Profile,60,2,2,1,No
SGEO03_1801,Kyphosidae,Kyphosus,sydneyanus,8,37361001,SGEO03_L.avi,3484,2.3227,JHicks,6.8,NA,Reef; Seirococcaceae; Profile,60,2,2,1,No
SGEO03_1801,Labridae,Achoerodus,gouldii,1,37384002,SGEO03_L.avi,3864,2.576,JHicks,6.8,NA,Reef; Seirococcaceae; Profile,60,2,2,1,No
SGEO03_1801,Labridae,Austrolabrus,maculatus,1,37384025,SGEO03_L.avi,87514,58.3427,JHicks,6.8,NA,Reef; Seirococcaceae; Profile,60,2,2,1,No
SGEO03_1801,Labridae,Notolabrus,tetricus,8,37384003,SGEO03_L.avi,37709,25.1393,JHicks,6.8,NA,Reef; Seirococcaceae; Profile,60,2,2,1,Yes
SGEO03_1801,Labridae,Pictilabrus,laticlavius,1,37384020,SGEO03_L.avi,5804,3.8693,JHicks,6.8,NA,Reef; Seirococcaceae; Profile,60,2,2,1,No
SGEO03_1801,Monacanthidae,Meuschenia,flavolineata,1,37465035,SGEO03_L.avi,14863,9.9087,JHicks,6.8,NA,Reef; Seirococcaceae; Profile,60,2,2,1,No
SGEO03_1801,Monacanthidae,Meuschenia,freycineti,2,37465036,SGEO03_L.avi,77336,51.5573,JHicks,6.8,NA,Reef; Seirococcaceae; Profile,60,2,2,1,No
SGEO03_1801,Monacanthidae,Meuschenia,hippocrepis,2,37465004,SGEO03_L.avi,31157,20.7713,JHicks,6.8,NA,Reef; Seirococcaceae; Profile,60,2,2,1,Yes
SGEO03_1801,Monacanthidae,Nelusetta,ayraud,1,37465006,SGEO03_L.avi,84517,56.3447,JHicks,6.8,NA,Reef; Seirococcaceae; Profile,60,2,2,1,Yes
SGEO03_1801,Scorpididae,Scorpis,aequipinnis,6,37361004,SGEO03_L.avi,9774,6.516,JHicks,6.8,NA,Reef; Seirococcaceae; Profile,60,2,2,1,No
SGEO03_1801,Serranidae,Othos,dentex,1,37311005,SGEO03_L.avi,6099,4.066,JHicks,6.8,NA,Reef; Seirococcaceae; Profile,60,2,2,1,No
SGEO04_1801,Cheilodactylidae,Cheilodactylus,nigripes,1,37377001,SGEO04_L.avi,35030,23.3533,JHicks,7.7,NA,Reef;Ecklonia and Fucoid;Profile,60,1,1,2,No
SGEO04_1801,Cheilodactylidae,Dactylophora,nigricans,2,37377005,SGEO04_L.avi,29613,19.742,JHicks,7.7,NA,Reef;Ecklonia and Fucoid;Profile,60,1,1,2,No
SGEO04_1801,Kyphosidae,Kyphosus,sydneyanus,1,37361001,SGEO04_L.avi,34797,23.198,JHicks,7.7,NA,Reef;Ecklonia and Fucoid;Profile,60,1,1,2,No
SGEO04_1801,Labridae,Achoerodus,gouldii,1,37384002,SGEO04_L.avi,50946,33.964,JHicks,7.7,NA,Reef;Ecklonia and Fucoid;Profile,60,1,1,2,No
SGEO04_1801,Labridae,Notolabrus,tetricus,5,37384003,SGEO04_L.avi,47696,31.7973,JHicks,7.7,NA,Reef;Ecklonia and Fucoid;Profile,60,1,1,2,No
SGEO04_1801,Labridae,Pictilabrus,laticlavius,2,37384020,SGEO04_L.avi,8410,5.6067,JHicks,7.7,NA,Reef;Ecklonia and Fucoid;Profile,60,1,1,2,No
SGEO04_1801,Odacidae,Olisthops,cyanomelas,1,37385001,SGEO04_L.avi,80563,53.7087,JHicks,7.7,NA,Reef;Ecklonia and Fucoid;Profile,60,1,1,2,No
SGEO04_1801,Pomacentridae,Parma,victoriae,1,37372006,SGEO04_L.avi,11038,7.3587,JHicks,7.7,NA,Reef;Ecklonia and Fucoid;Profile,60,1,1,2,No
SGEO04_1801,Scorpididae,Scorpis,aequipinnis,4,37361004,SGEO04_L.avi,79453,52.9687,JHicks,7.7,NA,Reef;Ecklonia and Fucoid;Profile,60,1,1,2,No
SGWI01_1801,Chaetodontidae,Chelmonops,curiosus,1,37365066,SGWI01_L.avi,72117,48.078,JHicks,7.3,NA,Reef;Fucoid;Flat,60,2,1,2,No
SGWI01_1801,Cheilodactylidae,Cheilodactylus,nigripes,1,37377001,SGWI01_L.avi,90257,60.1713,JHicks,7.3,NA,Reef;Fucoid;Flat,60,2,1,2,No
SGWI01_1801,Kyphosidae,Girella,zebra,1,37361008,SGWI01_L.avi,17907,11.938,JHicks,7.3,NA,Reef;Fucoid;Flat,60,2,1,2,No
SGWI01_1801,Kyphosidae,Kyphosus,sydneyanus,1,37361001,SGWI01_L.avi,7110,4.74,JHicks,7.3,NA,Reef;Fucoid;Flat,60,2,1,2,No
SGWI01_1801,Labridae,Achoerodus,gouldii,1,37384002,SGWI01_L.avi,8035,5.3567,JHicks,7.3,NA,Reef;Fucoid;Flat,60,2,1,2,No
SGWI01_1801,Labridae,Notolabrus,parilus,1,37384022,SGWI01_L.avi,77233,51.4887,JHicks,7.3,NA,Reef;Fucoid;Flat,60,2,1,2,No
SGWI01_1801,Labridae,Notolabrus,tetricus,18,37384003,SGWI01_L.avi,33053,22.0353,JHicks,7.3,NA,Reef;Fucoid;Flat,60,2,1,2,No
SGWI01_1801,Labridae,Pictilabrus,laticlavius,2,37384020,SGWI01_L.avi,10030,6.6867,JHicks,7.3,NA,Reef;Fucoid;Flat,60,2,1,2,No
SGWI01_1801,Monacanthidae,Meuschenia,hippocrepis,3,37465004,SGWI01_L.avi,19437,12.958,JHicks,7.3,NA,Reef;Fucoid;Flat,60,2,1,2,No
SGWI01_1801,Odacidae,Olisthops,cyanomelas,1,37385001,SGWI01_L.avi,42396,28.264,JHicks,7.3,NA,Reef;Fucoid;Flat,60,2,1,2,No
SGWI01_1801,Pomacentridae,Parma,victoriae,1,37372006,SGWI01_L.avi,19491,12.994,JHicks,7.3,NA,Reef;Fucoid;Flat,60,2,1,2,No
SGWI01_1801,Scorpididae,Scorpis,aequipinnis,15,37361004,SGWI01_L.avi,11146,7.4307,JHicks,7.3,NA,Reef;Fucoid;Flat,60,2,1,2,No
SGWI01_1801,Scorpididae,Tilodon,sexfasciatus,1,37361003,SGWI01_L.avi,41630,27.7533,JHicks,7.3,NA,Reef;Fucoid;Flat,60,2,1,2,No
SGWI02_1801,Cheilodactylidae,Dactylophora,nigricans,1,37377005,SGWI02_L.avi,27776,18.5173,JHicks,10.2,NA,Reef; Ecklonia; Profile,60,2,1,2,No
SGWI02_1801,Kyphosidae,Kyphosus,sydneyanus,1,37361001,SGWI02_L.avi,7037,4.6913,JHicks,10.2,NA,Reef; Ecklonia; Profile,60,2,1,2,No
SGWI02_1801,Labridae,Achoerodus,gouldii,1,37384002,SGWI02_L.avi,8411,5.6073,JHicks,10.2,NA,Reef; Ecklonia; Profile,60,2,1,2,No
SGWI02_1801,Labridae,Notolabrus,tetricus,8,37384003,SGWI02_L.avi,20120,13.4133,JHicks,10.2,NA,Reef; Ecklonia; Profile,60,2,1,2,No
SGWI02_1801,Labridae,Pictilabrus,laticlavius,1,37384020,SGWI02_L.avi,11249,7.4993,JHicks,10.2,NA,Reef; Ecklonia; Profile,60,2,1,2,No
SGWI02_1801,Monacanthidae,Meuschenia,hippocrepis,5,37465004,SGWI02_L.avi,21497,14.3313,JHicks,10.2,NA,Reef; Ecklonia; Profile,60,2,1,2,No
SGWI02_1801,Odacidae,Olisthops,cyanomelas,2,37385001,SGWI02_L.avi,26831,17.8873,JHicks,10.2,NA,Reef; Ecklonia; Profile,60,2,1,2,No
SGWI02_1801,Plesiopidae,Paraplesiops,meleagris,1,37316009,SGWI02_L.avi,20921,13.9473,JHicks,10.2,NA,Reef; Ecklonia; Profile,60,2,1,2,No
SGWI02_1801,Scorpididae,Scorpis,aequipinnis,2,37361004,SGWI02_L.avi,35637,23.758,JHicks,10.2,NA,Reef; Ecklonia; Profile,60,2,1,2,No
SGWI02_1801,Scorpididae,Tilodon,sexfasciatus,1,37361003,SGWI02_L.avi,15489,10.326,JHicks,10.2,NA,Reef; Ecklonia; Profile,60,2,1,2,No
SGWI02_1801,Serranidae,Caesioperca,rasor,1,37311003,SGWI02_L.avi,17041,11.3607,JHicks,10.2,NA,Reef; Ecklonia; Profile,60,2,1,2,No
SGWI02_1801,Serranidae,Othos,dentex,1,37311005,SGWI02_L.avi,38710,25.8067,JHicks,10.2,NA,Reef; Ecklonia; Profile,60,2,1,2,No
SGWI03_1801,Chaetodontidae,Chelmonops,curiosus,1,37365066,SGWI03_L.avi,73568,49.0453,JHicks,14.8,NA,Algae; Sand; Sparse,60,1,1,2,No
SGWI03_1801,Cheilodactylidae,Cheilodactylus,nigripes,1,37377001,SGWI03_L.avi,34784,23.1893,JHicks,14.8,NA,Algae; Sand; Sparse,60,1,1,2,No
SGWI03_1801,Cheilodactylidae,Dactylophora,nigricans,1,37377005,SGWI03_L.avi,15327,10.218,JHicks,14.8,NA,Algae; Sand; Sparse,60,1,1,2,No
SGWI03_1801,Cheilodactylidae,Nemadactylus,valenciennesi,1,37377004,SGWI03_L.avi,8961,5.974,JHicks,14.8,NA,Algae; Sand; Sparse,60,1,1,2,No
SGWI03_1801,Enoplosidae,Enoplosus,armatus,2,37366001,SGWI03_L.avi,23150,15.4333,JHicks,14.8,NA,Algae; Sand; Sparse,60,1,1,2,No
SGWI03_1801,Kyphosidae,Girella,zebra,5,37361008,SGWI03_L.avi,15893,10.5953,JHicks,14.8,NA,Algae; Sand; Sparse,60,1,1,2,No
SGWI03_1801,Kyphosidae,Kyphosus,sydneyanus,1,37361001,SGWI03_L.avi,5721,3.814,JHicks,14.8,NA,Algae; Sand; Sparse,60,1,1,2,No
SGWI03_1801,Labridae,Achoerodus,gouldii,1,37384002,SGWI03_L.avi,29167,19.4447,JHicks,14.8,NA,Algae; Sand; Sparse,60,1,1,2,No
SGWI03_1801,Labridae,Austrolabrus,maculatus,2,37384025,SGWI03_L.avi,8176,5.4507,JHicks,14.8,NA,Algae; Sand; Sparse,60,1,1,2,No
SGWI03_1801,Labridae,Notolabrus,parilus,1,37384022,SGWI03_L.avi,17133,11.422,JHicks,14.8,NA,Algae; Sand; Sparse,60,1,1,2,No
SGWI03_1801,Labridae,Notolabrus,tetricus,6,37384003,SGWI03_L.avi,89591,59.7273,JHicks,14.8,NA,Algae; Sand; Sparse,60,1,1,2,No
SGWI03_1801,Labridae,Pictilabrus,laticlavius,1,37384020,SGWI03_L.avi,7631,5.0873,JHicks,14.8,NA,Algae; Sand; Sparse,60,1,1,2,No
SGWI03_1801,Majidae,Naxia,aurita,1,28880007,SGWI03_L.avi,37812,25.208,JHicks,14.8,NA,Algae; Sand; Sparse,60,1,1,2,Yes
SGWI03_1801,Monacanthidae,Meuschenia,hippocrepis,1,37465004,SGWI03_L.avi,18604,12.4027,JHicks,14.8,NA,Algae; Sand; Sparse,60,1,1,2,No
SGWI03_1801,Mullidae,Upeneichthys,vlamingii,1,37355029,SGWI03_L.avi,18093,12.062,JHicks,14.8,NA,Algae; Sand; Sparse,60,1,1,2,No
SGWI03_1801,Platycephalidae,Platycephalus,speculator,1,37296037,SGWI03_L.avi,39758,26.5053,JHicks,14.8,NA,Algae; Sand; Sparse,60,1,1,2,No
SGWI03_1801,Scorpididae,Scorpis,aequipinnis,16,37361004,SGWI03_L.avi,90901,60.6007,JHicks,14.8,NA,Algae; Sand; Sparse,60,1,1,2,Yes
SGWI03_1801,Scorpididae,Tilodon,sexfasciatus,1,37361003,SGWI03_L.avi,5148,3.432,JHicks,14.8,NA,Algae; Sand; Sparse,60,1,1,2,No
SGWI03_1801,Serranidae,Caesioperca,rasor,1,37311003,SGWI03_L.avi,62153,41.4353,JHicks,14.8,NA,Algae; Sand; Sparse,60,1,1,2,No
SGWI03_1801,Serranidae,Othos,dentex,1,37311005,SGWI03_L.avi,40165,26.7767,JHicks,14.8,NA,Algae; Sand; Sparse,60,1,1,2,No
SGWI04_1801,Arripidae,Arripis,georgianus,30,37344001,SGWI04_L.avi,21894,14.596,JHicks,5.4,NA,Reef; Mixed algal; Profile,60,3,2,2,No
SGWI04_1801,Dinolestidae,Dinolestes,lewini,2,37327002,SGWI04_L.avi,88492,58.9947,JHicks,5.4,NA,Reef; Mixed algal; Profile,60,3,2,2,No
SGWI04_1801,Kyphosidae,Girella,zebra,2,37361008,SGWI04_L.avi,69497,46.3313,JHicks,5.4,NA,Reef; Mixed algal; Profile,60,3,2,2,No
SGWI04_1801,Labridae,Achoerodus,gouldii,1,37384002,SGWI04_L.avi,28314,18.876,JHicks,5.4,NA,Reef; Mixed algal; Profile,60,3,2,2,No
SGWI04_1801,Labridae,Notolabrus,parilus,2,37384022,SGWI04_L.avi,38731,25.8207,JHicks,5.4,NA,Reef; Mixed algal; Profile,60,3,2,2,No
SGWI04_1801,Labridae,Notolabrus,tetricus,10,37384003,SGWI04_L.avi,61390,40.9267,JHicks,5.4,NA,Reef; Mixed algal; Profile,60,3,2,2,No
SGWI04_1801,Labridae,Pictilabrus,laticlavius,1,37384020,SGWI04_L.avi,17303,11.5353,JHicks,5.4,NA,Reef; Mixed algal; Profile,60,3,2,2,No
SGWI04_1801,Monacanthidae,Meuschenia,hippocrepis,3,37465004,SGWI04_L.avi,36491,24.3273,JHicks,5.4,NA,Reef; Mixed algal; Profile,60,3,2,2,No
SGWI04_1801,Odacidae,Olisthops,cyanomelas,1,37385001,SGWI04_L.avi,7391,4.9273,JHicks,5.4,NA,Reef; Mixed algal; Profile,60,3,2,2,No
SGWI04_1801,Pomacentridae,Parma,victoriae,1,37372006,SGWI04_L.avi,7521,5.014,JHicks,5.4,NA,Reef; Mixed algal; Profile,60,3,2,2,No
SGWI04_1801,Scorpididae,Scorpis,aequipinnis,5,37361004,SGWI04_L.avi,61044,40.696,JHicks,5.4,NA,Reef; Mixed algal; Profile,60,3,2,2,No
SGWI04_1801,Scorpididae,Tilodon,sexfasciatus,1,37361003,SGWI04_L.avi,23766,15.844,JHicks,5.4,NA,Reef; Mixed algal; Profile,60,3,2,2,No
SGWO01_1801,Arripidae,Arripis,georgianus,12,37344001,SGWO01_L.avi,90395,60.2633,JHicks,6,NA,Water Column,60,1,1,2,Yes
SGWO01_1801,Kyphosidae,Girella,zebra,1,37361008,SGWO01_L.avi,30600,20.4,JHicks,6,NA,Water Column,60,1,1,2,No
SGWO01_1801,Kyphosidae,Kyphosus,sydneyanus,1,37361001,SGWO01_L.avi,8977,5.9847,JHicks,6,NA,Water Column,60,1,1,2,No
SGWO01_1801,Labridae,Notolabrus,tetricus,3,37384003,SGWO01_L.avi,26524,17.6827,JHicks,6,NA,Water Column,60,1,1,2,No
SGWO01_1801,Monacanthidae,Meuschenia,hippocrepis,3,37465004,SGWO01_L.avi,46489,30.9927,JHicks,6,NA,Water Column,60,1,1,2,Yes
SGWO01_1801,Pomacentridae,Parma,victoriae,1,37372006,SGWO01_L.avi,9664,6.4427,JHicks,6,NA,Water Column,60,1,1,2,No
SGWO01_1801,Scorpididae,Scorpis,aequipinnis,14,37361004,SGWO01_L.avi,17842,11.8947,JHicks,6,NA,Water Column,60,1,1,2,Yes
SGWO02_1801,Arripidae,Arripis,georgianus,8,37344001,SGWO02_L.avi,93704,62.4693,JHicks,5.4,NA,Reef;Fucoid;Flat,60,2,2,2,No
SGWO02_1801,Kyphosidae,Girella,zebra,8,37361008,SGWO02_L.avi,13080,8.72,JHicks,5.4,NA,Reef;Fucoid;Flat,60,2,2,2,No
SGWO02_1801,Labridae,Achoerodus,gouldii,1,37384002,SGWO02_L.avi,54722,36.4813,JHicks,5.4,NA,Reef;Fucoid;Flat,60,2,2,2,No
SGWO02_1801,Labridae,Notolabrus,tetricus,2,37384003,SGWO02_L.avi,6878,4.5853,JHicks,5.4,NA,Reef;Fucoid;Flat,60,2,2,2,No
SGWO02_1801,Labridae,Pictilabrus,laticlavius,2,37384020,SGWO02_L.avi,16771,11.1807,JHicks,5.4,NA,Reef;Fucoid;Flat,60,2,2,2,No
SGWO02_1801,Monacanthidae,Meuschenia,hippocrepis,1,37465004,SGWO02_L.avi,74758,49.8387,JHicks,5.4,NA,Reef;Fucoid;Flat,60,2,2,2,No
SGWO02_1801,Monacanthidae,Thamnaconus,degeni,9,37465037,SGWO02_L.avi,16353,10.902,JHicks,5.4,NA,Reef;Fucoid;Flat,60,2,2,2,No
SGWO02_1801,Scorpididae,Scorpis,aequipinnis,3,37361004,SGWO02_L.avi,58313,38.8753,JHicks,5.4,NA,Reef;Fucoid;Flat,60,2,2,2,Yes
SGWO02_1801,Scorpididae,Tilodon,sexfasciatus,1,37361003,SGWO02_L.avi,13233,8.822,JHicks,5.4,NA,Reef;Fucoid;Flat,60,2,2,2,No
SGWO03_1801,Arripidae,Arripis,georgianus,5,37344001,SGWO03_L.avi,75192,50.128,JHicks,3.8,NA,Reef;Mixed Algal;Profile,60,2,1,2,No
SGWO03_1801,Cheilodactylidae,Cheilodactylus,nigripes,1,37377001,SGWO03_L.avi,45057,30.038,JHicks,3.8,NA,Reef;Mixed Algal;Profile,60,2,1,2,No
SGWO03_1801,Cheilodactylidae,Dactylophora,nigricans,1,37377005,SGWO03_L.avi,3490,2.3267,JHicks,3.8,NA,Reef;Mixed Algal;Profile,60,2,1,2,No
SGWO03_1801,Labridae,Notolabrus,tetricus,8,37384003,SGWO03_L.avi,9288,6.192,JHicks,3.8,NA,Reef;Mixed Algal;Profile,60,2,1,2,Yes
SGWO03_1801,Labridae,Pictilabrus,laticlavius,6,37384020,SGWO03_L.avi,26036,17.3573,JHicks,3.8,NA,Reef;Mixed Algal;Profile,60,2,1,2,No
SGWO03_1801,Monacanthidae,Meuschenia,hippocrepis,2,37465004,SGWO03_L.avi,27019,18.0127,JHicks,3.8,NA,Reef;Mixed Algal;Profile,60,2,1,2,No
SGWO03_1801,Scorpididae,Scorpis,aequipinnis,3,37361004,SGWO03_L.avi,62116,41.4107,JHicks,3.8,NA,Reef;Mixed Algal;Profile,60,2,1,2,No
SGWO04_1801,Carangidae,Pseudocaranx,sp,3,37337924,SGWO04_L.avi,90676,60.4507,JHicks,5.4,NA,Reef;Ecklonia and Fucoid;Profile,60,3,2,2,No
SGWO04_1801,Kyphosidae,Girella,zebra,2,37361008,SGWO04_L.avi,33969,22.646,JHicks,5.4,NA,Reef;Ecklonia and Fucoid;Profile,60,3,2,2,No
SGWO04_1801,Labridae,Achoerodus,gouldii,1,37384002,SGWO04_L.avi,5749,3.8327,JHicks,5.4,NA,Reef;Ecklonia and Fucoid;Profile,60,3,2,2,No
SGWO04_1801,Labridae,Austrolabrus,maculatus,1,37384025,SGWO04_L.avi,5875,3.9167,JHicks,5.4,NA,Reef;Ecklonia and Fucoid;Profile,60,3,2,2,No
SGWO04_1801,Labridae,Notolabrus,tetricus,6,37384003,SGWO04_L.avi,13991,9.3273,JHicks,5.4,NA,Reef;Ecklonia and Fucoid;Profile,60,3,2,2,Yes
SGWO04_1801,Labridae,Pictilabrus,laticlavius,4,37384020,SGWO04_L.avi,14543,9.6953,JHicks,5.4,NA,Reef;Ecklonia and Fucoid;Profile,60,3,2,2,No
SGWO04_1801,Monacanthidae,Meuschenia,hippocrepis,3,37465004,SGWO04_L.avi,74941,49.9607,JHicks,5.4,NA,Reef;Ecklonia and Fucoid;Profile,60,3,2,2,No
SGWO04_1801,Odacidae,Olisthops,cyanomelas,1,37385001,SGWO04_L.avi,47683,31.7887,JHicks,5.4,NA,Reef;Ecklonia and Fucoid;Profile,60,3,2,2,No
SGWO04_1801,Pomacentridae,Parma,victoriae,1,37372006,SGWO04_L.avi,6149,4.0993,JHicks,5.4,NA,Reef;Ecklonia and Fucoid;Profile,60,3,2,2,No
SGWO04_1801,Scorpididae,Scorpis,aequipinnis,9,37361004,SGWO04_L.avi,24668,16.4453,JHicks,5.4,NA,Reef;Ecklonia and Fucoid;Profile,60,3,2,2,Yes
