Sample,Family,Genus,Species,Count,Length,Code,Filename,Frame,Time (mins),Precision (mm),RMS (mm),Range (mm),Direction (deg),Comment,Stage,Activity
BSCI01_1803,Gerreidae,Parequula,melbournensis,1,130.92,37349001,BSCI01_L.avi,39917,11.0991,2.036,2.801,1388.834,18.3,NA,AD,Passing
BSCI01_1803,Gerreidae,Parequula,melbournensis,1,105.535,37349001,BSCI01_L.avi,39999,11.1219,1.522,2.324,1483.258,21.727,NA,AD,Passing
BSCI01_1803,Monacanthidae,unknown,sp,1,79.646,37465903,BSCI01_L.avi,64692,17.9879,0.844,1.756,1003.307,8.947,NA,AD,Passing
BSCI01_1803,Sphyraenidae,Sphyraena,novaehollandiae,1,632.548,37382002,BSCI01_L.avi,146217,40.6564,6.188,6.994,2610.542,26.333,NA,AD,Passing
BSCI01_1803,Arripidae,Arripis,georgianus,1,118.125,37344001,BSCI01_L.avi,153503,42.6823,1.045,1.733,1436.908,19.647,NA,AD,Passing
BSCI01_1803,Arripidae,Arripis,georgianus,1,110.204,37344001,BSCI01_L.avi,153503,42.6823,1.753,3.353,1541.733,13.953,NA,AD,Passing
BSCI01_1803,Arripidae,Arripis,georgianus,1,158.988,37344001,BSCI01_L.avi,153503,42.6823,2.502,3.883,1557.819,15.549,NA,AD,Passing
BSCI01_1803,Arripidae,Arripis,georgianus,1,183.559,37344001,BSCI01_L.avi,153503,42.6823,3.07,9.689,2046.307,26.394,NA,AD,Passing
BSCI01_1803,Terapontidae,Pelates,octolineatus,1,177.177,37321020,BSCI01_L.avi,167196,46.4897,1.922,2.191,1352.61,20.139,NA,AD,Passing
BSCI01_1803,Terapontidae,Pelates,octolineatus,1,128.33,37321020,BSCI01_L.avi,167401,46.5467,0.823,6.228,1058.299,4.626,NA,AD,Passing
BSCI01_1803,Terapontidae,Pelates,octolineatus,1,181.37,37321020,BSCI01_L.avi,167401,46.5467,1.874,3.189,1616.867,24.214,NA,AD,Passing
BSCI02_1803,Monacanthidae,Acanthaluteres,vittiger,1,118.467,37465002,BSCI02_L.avi,127718,35.5126,1.363,7.791,1376.553,15.408,NA,AD,Passing
BSCI02_1803,Monacanthidae,Acanthaluteres,vittiger,1,144.144,37465002,BSCI02_L.avi,127718,35.5126,1.181,7.613,1444.481,18.07,NA,AD,Passing
BSCI02_1803,Monacanthidae,Acanthaluteres,vittiger,1,147.947,37465002,BSCI02_L.avi,127718,35.5126,0.966,1.061,1215.152,22.727,NA,AD,Passing
BSCI02_1803,Monacanthidae,Acanthaluteres,vittiger,1,128.024,37465002,BSCI02_L.avi,127728,35.5154,1.649,2.464,1606.631,18.829,NA,AD,Passing
BSCI02_1803,Monacanthidae,Acanthaluteres,vittiger,1,144.421,37465002,BSCI02_L.avi,127791,35.5329,1.474,4.954,1178.053,25.48,NA,AD,Passing
BSCI02_1803,Monacanthidae,Acanthaluteres,vittiger,1,163.739,37465002,BSCI02_L.avi,127887,35.5596,1.526,2.878,1315.284,23.441,NA,AD,Passing
BSCI02_1803,Monacanthidae,Acanthaluteres,vittiger,1,133.297,37465002,BSCI02_L.avi,127887,35.5596,1.737,3.057,1393.991,19.031,NA,AD,Passing
BSCI02_1803,Monacanthidae,Acanthaluteres,vittiger,1,148.618,37465002,BSCI02_L.avi,127922,35.5694,2.549,4.028,1881.375,13.334,NA,AD,Passing
BSCI02_1803,Monacanthidae,Acanthaluteres,vittiger,1,133.497,37465002,BSCI02_L.avi,127969,35.5824,1.332,6.546,1385.528,12.366,NA,AD,Passing
BSCI02_1803,Monacanthidae,Acanthaluteres,vittiger,1,146.723,37465002,BSCI02_L.avi,128102,35.6194,1.454,11.166,1836.658,12.715,NA,AD,Passing
BSCI02_1803,Gerreidae,Parequula,melbournensis,1,101.091,37349001,BSCI02_L.avi,135435,37.6584,1.023,5.209,1249.351,20.33,NA,AD,Passing
BSCI02_1803,Gerreidae,Parequula,melbournensis,1,91.337,37349001,BSCI02_L.avi,135675,37.7251,1.599,2.433,1426.063,21.935,NA,AD,Passing
BSCI02_1803,Odacidae,Neoodax,balteatus,1,108.93,37385005,BSCI02_L.avi,203400,56.5564,0.611,3.347,808.729,20.737,NA,AD,Passing
BSCI02_1803,Odacidae,Neoodax,balteatus,1,111.803,37385005,BSCI02_L.avi,203420,56.5619,0.693,4.776,884.817,17.343,NA,AD,Passing
BSCI02_1803,Odacidae,Neoodax,balteatus,1,102.005,37385005,BSCI02_L.avi,204004,56.7243,0.945,4.63,1014.095,14.535,NA,AD,Passing
BSCI02_1803,Atherinidae,Kestratherina,esox,1,63.26,37246003,BSCI02_L.avi,211625,58.8434,0.729,2.231,866.649,22.528,NA,AD,Passing
BSCI03_1803,Arripidae,Arripis,georgianus,1,151.582,37344001,BSCI03_L.avi,32091,8.9231,4.065,11.643,1766.315,23.735,NA,AD,Passing
BSCI03_1803,Gerreidae,Parequula,melbournensis,1,117.144,37349001,BSCI03_L.avi,32662,9.0818,0.649,8.082,801.867,21.306,NA,AD,Passing
BSCI03_1803,Terapontidae,Pelates,octolineatus,1,205.702,37321020,BSCI03_L.avi,182776,50.8218,3.601,15.362,1808.423,23.263,NA,AD,Passing
BSCI03_1803,Terapontidae,Pelates,octolineatus,1,194.341,37321020,BSCI03_L.avi,182776,50.8218,2.178,20.355,1662.481,25.122,NA,AD,Passing
BSCI03_1803,Terapontidae,Pelates,octolineatus,1,179.567,37321020,BSCI03_L.avi,182776,50.8218,2.639,16.522,1738.328,13.703,NA,AD,Passing
BSCI03_1803,Terapontidae,Pelates,octolineatus,1,181.763,37321020,BSCI03_L.avi,182776,50.8218,1.831,13.369,1829.299,9.443,NA,AD,Passing
BSCI03_1803,Terapontidae,Pelates,octolineatus,1,200.66,37321020,BSCI03_L.avi,182786,50.8246,2.751,17.334,1865.103,12.538,NA,AD,Passing
BSCI03_1803,Terapontidae,Pelates,octolineatus,1,174.084,37321020,BSCI03_L.avi,182787,50.8248,3.893,13.201,1950.202,20.301,NA,AD,Passing
BSCI03_1803,Terapontidae,Pelates,octolineatus,1,213.857,37321020,BSCI03_L.avi,182788,50.8251,3.391,11.545,1857.573,12.487,NA,AD,Passing
BSCI03_1803,Terapontidae,Pelates,octolineatus,1,201.748,37321020,BSCI03_L.avi,182788,50.8251,2.748,16.403,1874.999,11.252,NA,AD,Passing
BSCI03_1803,Terapontidae,Pelates,octolineatus,1,182.949,37321020,BSCI03_L.avi,182869,50.8476,3.994,16.124,1857.632,27.704,NA,AD,Passing
BSCI03_1803,Terapontidae,Pelates,octolineatus,1,177.785,37321020,BSCI03_L.avi,182869,50.8476,1.976,20.605,1810.193,15.497,NA,AD,Passing
BSCI03_1803,Terapontidae,Pelates,octolineatus,1,193.464,37321020,BSCI03_L.avi,182870,50.8479,4.332,16.118,2008.562,17.118,NA,AD,Passing
BSCI03_1803,Terapontidae,Pelates,octolineatus,1,171.247,37321020,BSCI03_L.avi,182871,50.8482,1.851,18.83,1986.077,9.286,NA,AD,Passing
BSCI03_1803,Terapontidae,Pelates,octolineatus,1,193.771,37321020,BSCI03_L.avi,182871,50.8482,1.501,17.346,1948.192,4.833,NA,AD,Passing
BSCI03_1803,Odacidae,Neoodax,balteatus,1,89.624,37385005,BSCI03_L.avi,188793,52.4948,1.168,11.674,1105.973,15.523,NA,AD,Passing
BSCI03_1803,Sphyraenidae,Sphyraena,novaehollandiae,1,477.546,37382002,BSCI03_L.avi,216969,60.3293,6.705,23.324,2748.411,26.158,NA,AD,Passing
BSCI04_1803,Sphyraenidae,Sphyraena,novaehollandiae,1,425.857,37382002,BSCI04_L.avi,11507,3.1996,2.426,5.934,1853.817,22.897,NA,AD,Passing
BSCI04_1803,Clupeidae,Hyperlophus,vittatus,1,45.535,37085005,BSCI04_L.avi,20446,5.6851,0.552,1.113,707.93,13.089,NA,AD,Passing
BSCO01_1803,Monacanthidae,unknown,sp,1,55.872,37465903,BSCO01_L.avi,66042,18.3633,1.158,2.142,1085.324,9.627,NA,AD,Passing
BSCO01_1803,Arripidae,Arripis,georgianus,1,149.929,37344001,BSCO01_L.avi,83063,23.0961,3.552,4.566,1654.639,16.004,NA,AD,Passing
BSCO01_1803,Arripidae,Arripis,georgianus,1,117.094,37344001,BSCO01_L.avi,83063,23.0961,2.001,6.418,1956.739,5.729,NA,AD,Passing
BSCO01_1803,Arripidae,Arripis,georgianus,1,127.686,37344001,BSCO01_L.avi,83129,23.1144,2.508,1.104,1977.562,22.844,NA,AD,Passing
BSCO01_1803,Arripidae,Arripis,georgianus,1,125.015,37344001,BSCO01_L.avi,83130,23.1147,3.389,3.724,2250.291,20.576,NA,AD,Passing
BSCO01_1803,Odacidae,Neoodax,balteatus,1,103.979,37385005,BSCO01_L.avi,171255,47.6183,0.818,4.716,1032.744,19.317,NA,AD,Passing
BSCO01_1803,Odacidae,Neoodax,balteatus,1,74.044,37385005,BSCO01_L.avi,171258,47.6191,1.2,2.008,1091.349,15.977,NA,AD,Passing
BSCO01_1803,Sillaginidae,Sillaginodes,punctatus,1,265.658,37330001,BSCO01_L.avi,197334,54.8697,3.159,3.749,1578.612,24.376,NA,AD,Passing
BSCO03_1803,Sillaginidae,Sillaginodes,punctatus,1,263.673,37330001,BSCO03_L.avi,79795,22.1874,2.087,5.528,1457.29,16.634,NA,AD,Passing
BSCO03_1803,Sillaginidae,Sillaginodes,punctatus,1,318.143,37330001,BSCO03_L.avi,79884,22.2121,3.31,7.928,1652.169,17.541,NA,AD,Passing
BSCO03_1803,Arripidae,Arripis,georgianus,1,180.284,37344001,BSCO03_L.avi,142723,39.6848,1.736,11.166,2136.114,5.26,NA,AD,Passing
BSCO03_1803,Sphyraenidae,Sphyraena,novaehollandiae,1,312.955,37382002,BSCO03_L.avi,154886,43.0668,1.459,7.452,1902.566,4.77,NA,AD,Passing
BSCO03_1803,Monacanthidae,Acanthaluteres,vittiger,1,152.857,37465002,BSCO03_L.avi,164066,45.6194,2.314,6.022,1547.529,20.484,NA,AD,Passing
BSCO03_1803,Odacidae,Neoodax,balteatus,1,98.573,37385005,BSCO03_L.avi,208326,57.9261,0.962,4.998,1061.481,13.578,NA,AD,Passing
BSCO03_1803,Odacidae,Neoodax,balteatus,1,98.413,37385005,BSCO03_L.avi,208394,57.945,0.773,3.123,969.836,12.999,NA,AD,Passing
BSCO03_1803,Odacidae,Neoodax,balteatus,1,101.458,37385005,BSCO03_L.avi,208469,57.9658,0.967,6.664,1079.074,14.159,NA,AD,Passing
BSCO03_1803,Odacidae,Neoodax,balteatus,1,107.661,37385005,BSCO03_L.avi,208634,58.0117,0.849,5.648,1110.387,12.561,NA,AD,Passing
BSCO04_1803,Odacidae,Neoodax,balteatus,1,92.441,37385005,BSCO04_L.avi,80641,22.4226,1,4.182,1133.292,24.542,NA,AD,Passing
BSCO04_1803,Monacanthidae,unknown,sp,1,65.461,37465903,BSCO04_L.avi,136945,38.0782,0.79,0.768,1011.193,6.924,NA,AD,Passing
BSCO04_1803,Monacanthidae,unknown,sp,1,52.828,37465903,BSCO04_L.avi,136945,38.0782,0.747,4.196,998.881,8.929,NA,AD,Passing
BSCO04_1803,Sillaginidae,Sillaginodes,punctatus,1,293.313,37330001,BSCO04_L.avi,154666,43.0057,2.004,1.322,1374.04,20.421,NA,AD,Passing
BSCO04_1803,Sillaginidae,Sillaginodes,punctatus,1,305.152,37330001,BSCO04_L.avi,154804,43.044,2.384,5.503,1759.769,21.156,NA,AD,Passing
BSCO04_1803,Dasyatidae,Dasyatis,brevicaudata,1,312.978,37035001,BSCO04_L.avi,215557,59.9367,1.711,4.117,1242.328,18.529,NA,AD,Passing
BSEI01_1803,Sphyraenidae,Sphyraena,novaehollandiae,1,611.534,37382002,BSEI01_L.avi,203609,56.6145,1.85,11.35,1804.588,10.127,NA,AD,Passing
BSEI01_1803,Arripidae,Arripis,georgianus,1,198.103,37344001,BSEI01_L.avi,206774,57.4945,2.106,6.241,1830.856,6.282,NA,AD,Passing
BSEI02_1803,Sillaginidae,Sillaginodes,punctatus,1,255.005,37330001,BSEI02_L.avi,100324,27.8956,1.806,8.993,1656.025,24.237,NA,AD,Passing
BSEI02_1803,Sillaginidae,Sillaginodes,punctatus,1,234.213,37330001,BSEI02_L.avi,100324,27.8956,2.641,6.669,1782.638,23.054,NA,AD,Passing
BSEI02_1803,Arripidae,Arripis,truttaceus,1,320.325,37344004,BSEI02_L.avi,110965,30.8544,2.669,7.902,2053.907,22.734,NA,AD,Passing
BSEI02_1803,Arripidae,Arripis,truttaceus,1,265.298,37344004,BSEI02_L.avi,110985,30.8599,1.535,3.062,2052.232,6.384,NA,AD,Passing
BSEI02_1803,Sphyraenidae,Sphyraena,novaehollandiae,1,462.751,37382002,BSEI02_L.avi,121017,33.6494,3.462,7.717,1736.415,21.84,NA,AD,Passing
BSEI02_1803,Arripidae,Arripis,georgianus,1,173.975,37344001,BSEI02_L.avi,184313,51.2492,2.702,10.501,1756.055,12.752,NA,AD,Passing
BSEI02_1803,Odacidae,Neoodax,balteatus,1,95.834,37385005,BSEI02_L.avi,216707,60.2565,0.941,3.894,1241.174,17.686,NA,AD,Passing
BSEI03_1803,Terapontidae,Pelates,octolineatus,1,187.185,37321020,BSEI03_L.avi,209605,58.2817,0.642,2.221,826.654,5.756,NA,AD,Passing
BSEI03_1803,Terapontidae,Pelates,octolineatus,1,213.046,37321020,BSEI03_L.avi,209661,58.2973,0.652,4.255,843.22,8.744,NA,AD,Passing
BSEI04_1803,Terapontidae,Pelates,octolineatus,1,142.37,37321020,BSEI04_L.avi,60462,16.8118,1.425,5.021,1923.874,4.192,NA,AD,Passing
BSEI04_1803,Terapontidae,Pelates,octolineatus,1,158.701,37321020,BSEI04_L.avi,60462,16.8118,2.006,2.218,1975.7,1.424,NA,AD,Passing
BSEI04_1803,Carangidae,Pseudocaranx,georgianus,1,202.252,37337062,BSEI04_L.avi,203887,56.6918,1.37,0.94,1454.959,17.97,NA,AD,Passing
BSEI04_1803,Arripidae,Arripis,georgianus,1,102.922,37344001,BSEI04_L.avi,205631,57.1767,0.875,5.225,1150.464,13.375,NA,AD,Passing
BSEI04_1803,Arripidae,Arripis,georgianus,1,107.316,37344001,BSEI04_L.avi,205631,57.1767,0.878,3.812,1031.445,15.471,NA,AD,Passing
BSEI04_1803,Arripidae,Arripis,georgianus,1,160.565,37344001,BSEI04_L.avi,205655,57.1834,0.796,2.055,980.573,13.665,NA,AD,Passing
BSEO01_1804,Monacanthidae,unknown,sp,1,81.089,37465903,BSEO01_L.avi,134829,37.4899,1.061,9.924,1203.141,19.757,NA,AD,Passing
BSEO01_1804,Arripidae,Arripis,georgianus,1,109.534,37344001,BSEO01_L.avi,211634,58.8459,3.206,17.146,1928.41,17.75,NA,AD,Passing
BSEO01_1804,Arripidae,Arripis,georgianus,1,108.733,37344001,BSEO01_L.avi,211634,58.8459,2.354,14.177,1959.671,11.643,NA,AD,Passing
BSEO01_1804,Arripidae,Arripis,georgianus,1,115.172,37344001,BSEO01_L.avi,211674,58.857,2.812,16.066,1728.679,22.748,NA,AD,Passing
BSEO01_1804,Arripidae,Arripis,georgianus,1,103.575,37344001,BSEO01_L.avi,211687,58.8606,2.041,21.11,1796.074,24.309,NA,AD,Passing
BSEO02_1803,Monacanthidae,unknown,sp,1,59.59,37465903,BSEO02_L.avi,42387,11.7859,0.791,1.791,1014.154,19.654,NA,AD,Passing
BSEO02_1803,Sillaginidae,Sillaginodes,punctatus,1,225.993,37330001,BSEO02_L.avi,70837,19.6966,1.064,7.98,1259.92,15.545,NA,AD,Attracted
BSEO02_1803,Dasyatidae,Dasyatis,brevicaudata,1,403.936,37035001,BSEO02_L.avi,136355,37.9142,2.221,5.211,1108.525,13.363,measure,AD,Feeding
BSEO02_1803,Arripidae,Arripis,georgianus,1,118.277,37344001,BSEO02_L.avi,144980,40.3124,0.627,1.917,783.486,16.02,measure,AD,Passing
BSEO02_1803,Octopodidae,unknown,sp,1,63.676,37465903,BSEO02_L.avi,148470,41.2828,0.711,1.526,929.161,14.519,NA,AD,Passing
BSEO02_1803,Odacidae,Neoodax,balteatus,1,101.307,37385005,BSEO02_L.avi,187666,52.1815,0.886,0.745,957.052,16.221,NA,AD,Passing
BSEO02_1803,Odacidae,Neoodax,balteatus,1,95.19,37385005,BSEO02_L.avi,187666,52.1815,0.967,2.206,972.66,15.047,NA,AD,Passing
BSEO02_1803,Odacidae,Neoodax,balteatus,1,64.15,37385005,BSEO02_L.avi,187666,52.1815,0.76,1.334,994.802,16.747,NA,AD,Passing
BSEO03_1804,Sillaginidae,Sillaginodes,punctatus,1,259.536,37330001,BSEO03_L.avi,35679,9.9207,5.164,1.726,2199.663,31.284,NA,AD,Passing
BSEO03_1804,Sillaginidae,Sillaginodes,punctatus,1,228.94,37330001,BSEO03_L.avi,35679,9.9207,3.899,4.603,2311.305,27.36,NA,AD,Passing
BSEO03_1804,Odacidae,Neoodax,balteatus,1,99.231,37385005,BSEO03_L.avi,42818,11.9058,1.574,0.356,1343.567,16.823,NA,AD,Passing
BSEO03_1804,Odacidae,Neoodax,balteatus,1,92.167,37385005,BSEO03_L.avi,42823,11.9071,0.832,17.783,1070.274,15.372,NA,AD,Passing
BSEO03_1804,Platycephalidae,Platycephalus,bassensis,1,274.561,37296003,BSEO03_L.avi,49111,13.6556,0.955,2.595,1009.834,20.755,measure,AD,Passing
BSEO03_1804,Arripidae,Arripis,georgianus,1,76.611,37344001,BSEO03_L.avi,78763,21.9004,0.723,1.614,913.833,12.216,NA,AD,Passing
BSEO03_1804,Mullidae,Upeneichthys,vlamingii,1,138.774,37355029,BSEO03_L.avi,101842,28.3177,1.211,6.069,1495.78,13.609,measure,AD,Attracted
BSEO03_1804,Arripidae,Arripis,georgianus,1,163.58,37344001,BSEO03_L.avi,206580,57.4406,1.439,3.017,1629.486,1.498,NA,AD,Passing
BSEO04_1804,Portunidae,Portunus,armatus,1,90.954,28911005,BSEO04_L.avi,20521,5.706,2.92,1.724,2614.495,10.662,NA,AD,Passing
BSEO04_1804,Platycephalidae,Platycephalus,bassensis,1,210.656,37296003,BSEO04_L.avi,36176,10.0589,2.991,1.957,1437.588,18.354,NA,AD,Passing
BSEO04_1804,Odacidae,Neoodax,balteatus,1,69.279,37385005,BSEO04_L.avi,104509,29.0592,0.841,4.584,1075.69,16.721,NA,AD,Passing
BSEO04_1804,Dasyatidae,Dasyatis,brevicaudata,1,818.875,37035001,BSEO04_L.avi,187516,52.1398,1.78,4.57,1737.581,11.627,NA,AD,Attracted
BSEO04_1804,Arripidae,Arripis,truttaceus,1,171.169,37344004,BSEO04_L.avi,188168,52.3211,2.496,1.167,1751.037,10.893,measure,AD,Passing
BSEO04_1804,Arripidae,Arripis,georgianus,1,174.954,37344001,BSEO04_L.avi,219789,61.1134,3.401,5.703,1839.185,28.906,NA,AD,Passing
BSWI01_1803,Monacanthidae,unknown,sp,1,140.754,37465903,BSWI01_L.avi,2696,0.7496,2.437,1.813,1402.769,21.88,NA,AD,Passing
BSWI01_1803,Monacanthidae,unknown,sp,1,114.549,37465903,BSWI01_L.avi,2696,0.7496,3.785,0.74,1775.427,17.94,NA,AD,Passing
BSWI01_1803,Monacanthidae,unknown,sp,1,127.484,37465903,BSWI01_L.avi,2696,0.7496,2.897,14.243,1746.081,29.484,NA,AD,Passing
BSWI01_1803,Mullidae,Upeneichthys,vlamingii,1,150.117,37355029,BSWI01_L.avi,18661,5.1888,3.011,0.267,1474.855,24.509,NA,AD,Passing
BSWI01_1803,Terapontidae,Pelates,octolineatus,1,119.593,37321020,BSWI01_L.avi,79682,22.156,0.79,2.777,950.353,7.127,NA,AD,Attracted
BSWI01_1803,Terapontidae,Pelates,octolineatus,1,120.527,37321020,BSWI01_L.avi,79682,22.156,0.844,1.646,968.507,12.973,NA,AD,Attracted
BSWI01_1803,Terapontidae,Pelates,octolineatus,1,129.271,37321020,BSWI01_L.avi,79682,22.156,0.955,2.604,883.277,12.7,NA,AD,Attracted
BSWI01_1803,Terapontidae,Pelates,octolineatus,1,127.245,37321020,BSWI01_L.avi,79682,22.156,1.341,5.542,1046.659,14.384,NA,AD,Attracted
BSWI01_1803,Monacanthidae,unknown,sp,1,112.825,37465903,BSWI01_L.avi,79682,22.156,1.111,1.406,855.089,9.098,NA,AD,Passing
BSWI01_1803,Hemiramphidae,Hyporhamphus,melanochir,1,169.376,37234001,BSWI01_L.avi,128167,35.6375,1.951,0.748,1241.105,17.485,NA,AD,Passing
BSWI01_1803,Hemiramphidae,Hyporhamphus,melanochir,1,205.395,37234001,BSWI01_L.avi,128167,35.6375,1.032,1.489,1341.76,13.098,NA,AD,Passing
BSWI01_1803,Hemiramphidae,Hyporhamphus,melanochir,1,194.3,37234001,BSWI01_L.avi,128167,35.6375,2.301,3.143,1769.147,6.848,NA,AD,Passing
BSWI01_1803,Hemiramphidae,Hyporhamphus,melanochir,1,246.473,37234001,BSWI01_L.avi,128167,35.6375,2.574,1.178,1629.13,14.333,NA,AD,Passing
BSWI01_1803,Arripidae,Arripis,georgianus,1,187.276,37344001,BSWI01_L.avi,205919,57.2568,2.166,2.798,1845.783,18.548,NA,AD,Passing
BSWI03_1803,Portunidae,Portunus,armatus,1,123.673,28911005,BSWI03_L.avi,18009,5.0075,1.178,0.996,1323.711,17.911,measure,AD,Attracted
BSWI03_1803,Terapontidae,Pelates,octolineatus,1,151.327,37321020,BSWI03_L.avi,75094,20.8803,3.29,2.043,1703.037,3.697,NA,AD,Passing
BSWI03_1803,Terapontidae,Pelates,octolineatus,1,116.938,37321020,BSWI03_L.avi,75094,20.8803,2.205,1.264,1837.912,7.986,NA,AD,Passing
BSWI03_1803,Terapontidae,Pelates,octolineatus,1,174.729,37321020,BSWI03_L.avi,75094,20.8803,3.57,13.198,2219.295,7.004,NA,AD,Passing
BSWI03_1803,Terapontidae,Pelates,octolineatus,1,112.652,37321020,BSWI03_L.avi,75094,20.8803,3.491,3.268,1652.274,14.483,NA,AD,Passing
BSWI03_1803,Terapontidae,Pelates,octolineatus,1,123.197,37321020,BSWI03_L.avi,75094,20.8803,1.783,1.081,1643.646,3.347,NA,AD,Passing
BSWI03_1803,Terapontidae,Pelates,octolineatus,1,103.475,37321020,BSWI03_L.avi,75094,20.8803,1.338,0.404,1581.797,1.537,NA,AD,Passing
BSWI03_1803,Terapontidae,Pelates,octolineatus,1,112.186,37321020,BSWI03_L.avi,75094,20.8803,2.302,0.466,1579.668,5.517,NA,AD,Passing
BSWI03_1803,Odacidae,Neoodax,balteatus,1,101.124,37385005,BSWI03_L.avi,193834,53.8965,0.87,2.774,1098.272,16.876,measure,AD,Attracted
BSWI03_1803,Odacidae,Neoodax,balteatus,1,82.306,37385005,BSWI03_L.avi,193834,53.8965,0.924,1.76,998.091,15.252,measure,AD,Attracted
BSWI03_1803,Odacidae,Neoodax,balteatus,1,78.478,37385005,BSWI03_L.avi,193834,53.8965,0.934,3.486,1031.406,14.536,measure,AD,Attracted
BSWI03_1803,Heterodontidae,Heterodontus,portusjacksoni,1,403.184,37007001,BSWI03_L.avi,211940,58.931,1.052,1.261,1289.945,13.558,measure,AD,Attracted
BSWI04_1803,Sphyraenidae,Sphyraena,novaehollandiae,1,472.52,37382002,BSWI04_L.avi,22222,6.1789,2.238,15.339,1719.186,8.726,NA,AD,Passing
BSWI04_1803,Odacidae,Neoodax,balteatus,1,112.315,37385005,BSWI04_L.avi,106649,29.6543,0.682,7.946,908.627,20.838,NA,AD,Passing
BSWI04_1803,Odacidae,Neoodax,balteatus,1,103.353,37385005,BSWI04_L.avi,106649,29.6543,0.875,7.72,991.602,21.374,NA,AD,Passing
BSWI04_1803,Arripidae,Arripis,georgianus,1,188.905,37344001,BSWI04_L.avi,137572,38.2526,2.818,20.38,2725.218,7.011,NA,AD,Passing
BSWI04_1803,Terapontidae,Pelates,octolineatus,1,197.823,37321020,BSWI04_L.avi,154285,42.8997,2.575,10.464,1520.828,16.905,NA,AD,Passing
BSWI04_1803,Terapontidae,Pelates,octolineatus,1,171.525,37321020,BSWI04_L.avi,154285,42.8997,2.786,9.626,1500.419,9.23,NA,AD,Passing
BSWI04_1803,Terapontidae,Pelates,octolineatus,1,165.306,37321020,BSWI04_L.avi,154285,42.8997,1.124,11.346,1564.754,1.763,NA,AD,Passing
BSWI04_1803,Terapontidae,Pelates,octolineatus,1,184.394,37321020,BSWI04_L.avi,154285,42.8997,1.372,10.386,1415.716,20.097,NA,AD,Passing
BSWO01_1804,Carangidae,Pseudocaranx,sp,1,195.977,37337000,BSWO01_L.avi,51922,14.4372,1.846,1.509,1248.417,15.427,NA,AD,Attracted
BSWO01_1804,Carangidae,Pseudocaranx,sp,1,148.584,37337000,BSWO01_L.avi,51922,14.4372,0.799,4.83,1042.769,7.79,NA,AD,Attracted
BSWO01_1804,Carangidae,Pseudocaranx,sp,1,190.542,37337000,BSWO01_L.avi,51922,14.4372,1.308,0.89,1252.857,18.132,NA,AD,Attracted
BSWO01_1804,Carangidae,Pseudocaranx,sp,1,205.249,37337000,BSWO01_L.avi,51922,14.4372,2.282,0.771,1232.111,21.442,NA,AD,Attracted
BSWO01_1804,Myliobatidae,Myliobatis,tenuicaudatus,1,802.289,37039001,BSWO01_L.avi,60155,16.7264,5.86,19.759,3687.677,4.905,measure,AD,Passing
BSWO01_1804,Sillaginidae,Sillaginodes,punctatus,1,454.914,37330001,BSWO01_L.avi,95822,26.6438,16.918,4.86,3845.738,1.627,NA,AD,Passing
BSWO01_1804,Sillaginidae,Sillaginodes,punctatus,1,375.367,37330001,BSWO01_L.avi,96162,26.7383,2.492,10.878,1215.627,20.857,NA,AD,Passing
BSWO01_1804,Odacidae,Neoodax,balteatus,1,86.649,37385005,BSWO01_L.avi,99815,27.7541,1.856,0.629,1524.586,27.35,NA,AD,Passing
BSWO01_1804,Odacidae,Neoodax,balteatus,1,73.957,37385005,BSWO01_L.avi,99815,27.7541,1.352,0.981,1352.103,24.302,NA,AD,Passing
BSWO01_1804,Loliginidae,Sepioteuthis,australis,1,241.692,23617005,BSWO01_L.avi,110211,30.6447,4.634,2.151,2221.709,18.495,NA,AD,Passing
BSWO02_1803,Sillaginidae,Sillaginodes,punctatus,1,329.529,37330001,BSWO02_L.avi,72554,20.174,6.263,13.014,2230.864,5.51,NA,AD,Attracted
BSWO02_1803,Arripidae,Arripis,truttaceus,1,291.143,37344004,BSWO02_L.avi,207750,57.7659,3.63,5.94,1584.366,17.605,NA,AD,Passing
BSWO02_1803,Arripidae,Arripis,truttaceus,1,301.585,37344004,BSWO02_L.avi,207750,57.7659,3.788,5.761,1770.228,24.133,NA,AD,Passing
BSWO02_1803,Arripidae,Arripis,georgianus,1,176.31,37344001,BSWO02_L.avi,212916,59.2024,4.989,9.372,2148.773,6.528,NA,AD,Attracted
BSWO02_1803,Arripidae,Arripis,georgianus,1,157.629,37344001,BSWO02_L.avi,212921,59.2037,3.077,6.592,1911.783,6.742,NA,AD,Attracted
BSWO03_1803,Odacidae,Neoodax,balteatus,1,70.086,37385005,BSWO03_L.avi,15591,4.3352,4.94,5.258,1992.441,24.802,NA,AD,Passing
BSWO03_1803,Sillaginidae,Sillaginodes,punctatus,1,283.213,37330001,BSWO03_L.avi,225304,62.6469,6.918,7.739,2598.661,26.833,measure,AD,Attracted
BSWO04_1803,Odacidae,Neoodax,balteatus,1,59.168,37385005,BSWO04_L.avi,8711,2.4221,3.174,2.215,2242.656,23.033,NA,AD,Passing
BSWO04_1803,Sillaginidae,Sillaginodes,punctatus,1,292.159,37330001,BSWO04_L.avi,45865,12.753,4.339,1.481,1825.311,21.334,NA,AD,Passing
BSWO04_1803,Sillaginidae,Sillaginodes,punctatus,1,286.515,37330001,BSWO04_L.avi,45865,12.753,2.237,2.445,2709.899,7.693,NA,AD,Passing
BSWO04_1803,Sillaginidae,Sillaginodes,punctatus,1,322.639,37330001,BSWO04_L.avi,45865,12.753,10.153,11.37,2851.823,9.683,NA,AD,Passing
ARSO01_1712,Cheilodactylidae,Dactylophora,nigricans,1,682.144,37377005,ARSO01_L.avi,12505,4.1683,1.276,15.303,1598.286,13.396,NA,AD,Passing
ARSO01_1712,Labridae,Austrolabrus,maculatus,1,94.947,37384025,ARSO01_L.avi,21281,7.0937,2.317,16.679,2172.483,11.117,NA,AD,Passing
ARSO01_1712,Pinguipedidae,Parapercis,haackei,1,106.435,37390004,ARSO01_L.avi,59433,19.811,4.9,21.945,2541.521,9.763,NA,AD,Passing
ARSO01_1712,Arripidae,Arripis,georgianus,1,166.386,37344001,ARSO01_L.avi,75413,25.1377,7.757,16.253,2787.194,21.271,NA,AD,Passing
ARSO02_1712,Labridae,Austrolabrus,maculatus,1,134.787,37384025,ARSO02_L.avi,14947,4.9823,4.578,3.905,1980.598,22.573,NA,AD,Passing
ARSO02_1712,Neosebastidae,Neosebastes,bougainvillii,1,249.134,37287004,ARSO02_L.avi,93997,31.3323,6.199,2.225,2235.063,16.998,NA,AD,Passing
ARSO02_1712,Labridae,Notolabrus,parilus,1,386.7,37384022,ARSO02_L.avi,116321,38.7737,1.636,1.567,1710.843,18.909,measure,M,Passing
ARSO02_1712,Labridae,Pictilabrus,laticlavius,1,198.836,37384020,ARSO02_L.avi,130492,43.4973,1.261,4.27,1730.356,12.352,NA,AD,Passing
ARSO02_1712,Dinolestidae,Dinolestes,lewini,1,178.704,37327002,ARSO02_L.avi,157314,52.438,2.864,1.812,1974.365,8.37,NA,AD,Passing
ARSO02_1712,Dinolestidae,Dinolestes,lewini,1,248.196,37327002,ARSO02_L.avi,157314,52.438,3.302,1.002,2026.603,13.395,NA,AD,Passing
ARSO02_1712,Dinolestidae,Dinolestes,lewini,1,177.247,37327002,ARSO02_L.avi,157314,52.438,1.514,1.468,1761.198,17.111,NA,AD,Passing
ARSO02_1712,Dinolestidae,Dinolestes,lewini,1,180.635,37327002,ARSO02_L.avi,157314,52.438,1.595,3.598,1675.544,19.516,NA,AD,Passing
ARSO02_1712,Dinolestidae,Dinolestes,lewini,1,219.916,37327002,ARSO02_L.avi,157314,52.438,2.298,0.694,1889.605,17.976,NA,AD,Passing
ARSO02_1712,Dinolestidae,Dinolestes,lewini,1,155.81,37327002,ARSO02_L.avi,157314,52.438,2.697,3.486,1669.379,20.892,NA,AD,Passing
ARSO02_1712,Dinolestidae,Dinolestes,lewini,1,170.244,37327002,ARSO02_L.avi,157314,52.438,2.683,3.841,1695.7,20.082,NA,AD,Passing
ARSO02_1712,Carangidae,Pseudocaranx,sp,1,179.553,37337924,ARSO02_L.avi,172809,57.603,1.961,3.071,1681.799,11.869,NA,AD,Passing
ARSO02_1712,Carangidae,Pseudocaranx,sp,1,225.883,37337924,ARSO02_L.avi,172809,57.603,1.08,1.287,1848.734,4.082,NA,AD,Passing
ARSO02_1712,Carangidae,Pseudocaranx,sp,1,202.652,37337924,ARSO02_L.avi,172809,57.603,1.053,2.19,2043.423,0.985,NA,AD,Passing
ARSO02_1712,Carangidae,Pseudocaranx,sp,1,186.309,37337924,ARSO02_L.avi,172809,57.603,1.709,0.763,1923.241,10.448,NA,AD,Passing
ARSO02_1712,Carangidae,Pseudocaranx,sp,1,136.435,37337924,ARSO02_L.avi,172809,57.603,1.288,2.943,1671.352,14.801,NA,AD,Passing
ARSO02_1712,Carangidae,Pseudocaranx,sp,1,183.953,37337924,ARSO02_L.avi,172809,57.603,2.342,6.066,1835.964,11.698,NA,AD,Passing
ARSO02_1712,Carangidae,Trachurus,novaezelandiae,1,182.95,37337924,ARSO02_L.avi,172987,57.6623,1.873,3.159,2108.509,16.765,NA,AD,Passing
ARSO02_1712,Monacanthidae,Meuschenia,hippocrepis,1,270.989,37337924,ARSO02_L.avi,187148,62.3827,0.85,3.852,1509.238,8.49,NA,AD,Passing
ARSO02_1712,Monacanthidae,Meuschenia,hippocrepis,1,206.235,37465004,ARSO02_L.avi,187148,62.3827,0.875,2.542,1324.336,7.824,NA,AD,Passing
ARSO04_1712,Monacanthidae,unknown,sp,1,47.627,37 465903,ARSO04_L.avi,135620,45.2067,0.456,6.097,677.857,10.489,measure,AD,Attracted
ARSO04_1712,Heterodontidae,Heterodontus,portusjacksoni,1,459.787,37007001,ARSO04_L.avi,175658,58.5527,1.818,31.454,1237.279,15.491,measure2,AD,Feeding
CACI01_1712,Scorpididae,Tilodon,sexfasciatus,1,207.524,37361003,CACI01_L.avi,5406,3.604,13.767,2.833,2934.048,3.48,NA,AD,Passing
CACI01_1712,Labridae,Austrolabrus,maculatus,1,134.043,37384025,CACI01_L.avi,6630,4.42,2.329,1.022,1672.807,20.539,measure,AD,Passing
CACI01_1712,Cheilodactylidae,Dactylophora,nigricans,1,423.832,37377005,CACI01_L.avi,7776,5.184,8.856,1.451,2265.567,10.379,NA,AD,Passing
CACI01_1712,Cheilodactylidae,Dactylophora,nigricans,1,507.726,37377005,CACI01_L.avi,7776,5.184,3.975,1.485,2451.768,17.8,NA,AD,Passing
CACI01_1712,Kyphosidae,Kyphosus,sydneyanus,1,361.543,37361001,CACI01_L.avi,8561,5.7073,3.407,1.125,2105.75,14.632,NA,AD,Passing
CACI01_1712,Kyphosidae,Kyphosus,sydneyanus,1,374.829,37361001,CACI01_L.avi,8561,5.7073,2.283,0.574,1795.042,19.602,NA,AD,Passing
CACI01_1712,Kyphosidae,Kyphosus,sydneyanus,1,381.849,37361001,CACI01_L.avi,8561,5.7073,8.391,0.714,2333.435,26.389,NA,AD,Passing
CACI01_1712,Kyphosidae,Kyphosus,sydneyanus,1,414.393,37361001,CACI01_L.avi,8561,5.7073,4.892,1.952,1754.836,15.022,NA,AD,Passing
CACI01_1712,Kyphosidae,Kyphosus,sydneyanus,1,392.297,37361001,CACI01_L.avi,8561,5.7073,3.706,2.599,2268.95,16.164,NA,AD,Passing
CACI01_1712,Kyphosidae,Kyphosus,sydneyanus,1,437.523,37361001,CACI01_L.avi,8561,5.7073,2.351,0.414,2254.819,2.225,NA,AD,Passing
CACI01_1712,Kyphosidae,Kyphosus,sydneyanus,1,335.704,37361001,CACI01_L.avi,8561,5.7073,3.539,0.713,1795.924,21.087,NA,AD,Passing
CACI01_1712,Kyphosidae,Kyphosus,sydneyanus,1,414.892,37361001,CACI01_L.avi,8561,5.7073,6.689,2.472,2193.524,22.049,NA,AD,Passing
CACI01_1712,Kyphosidae,Kyphosus,sydneyanus,1,303.426,37361001,CACI01_L.avi,8561,5.7073,1.617,1.694,1847.341,9.414,NA,AD,Passing
CACI01_1712,Kyphosidae,Kyphosus,sydneyanus,1,392.22,37361001,CACI01_L.avi,8561,5.7073,2.358,4.242,2011.754,7.599,NA,AD,Passing
CACI01_1712,Kyphosidae,Kyphosus,sydneyanus,1,367.575,37361001,CACI01_L.avi,8561,5.7073,2.473,8.891,2055.826,8.472,NA,AD,Passing
CACI01_1712,Kyphosidae,Kyphosus,sydneyanus,1,350.963,37361001,CACI01_L.avi,8561,5.7073,2.007,2.398,1961.879,11.679,NA,AD,Passing
CACI01_1712,Labridae,Notolabrus,tetricus,1,413.603,37384003,CACI01_L.avi,12532,8.3547,4.247,5.745,1931.581,8.508,NA,AD,Passing
CACI01_1712,Hemiramphidae,Hyporhamphus,melanochir,1,264.779,37234001,CACI01_L.avi,15674,10.4493,0.675,2.212,596.022,19.495,NA,AD,Passing
CACI01_1712,Labridae,Pictilabrus,laticlavius,1,211.291,37384020,CACI01_L.avi,27391,18.2607,2.629,1.92,1479.417,23.603,measure,AD,Passing
CACI01_1712,Labridae,Notolabrus,parilus,1,266.953,37384022,CACI01_L.avi,33867,22.578,1.817,3.617,1903.32,2.838,NA,AD,Passing
CACI01_1712,Labridae,Notolabrus,parilus,1,264.376,37384022,CACI01_L.avi,33869,22.5793,4.287,2.319,2277.516,5.185,NA,AD,Passing
CACI01_1712,Kyphosidae,Girella,zebra,1,231.899,37361008,CACI01_L.avi,40551,27.034,5.992,0.323,2426.505,18.411,NA,AD,Passing
CACI01_1712,Kyphosidae,Girella,zebra,1,195.385,37361008,CACI01_L.avi,40551,27.034,8,1.606,2242.972,19.153,NA,AD,Passing
CACI01_1712,Kyphosidae,Girella,zebra,1,270.25,37361008,CACI01_L.avi,40551,27.034,6.524,2.555,2355.056,16.052,NA,AD,Passing
CACI01_1712,Kyphosidae,Girella,zebra,1,187.305,37361008,CACI01_L.avi,40551,27.034,3.644,3.812,2364.218,7.773,NA,AD,Passing
CACI01_1712,Kyphosidae,Girella,zebra,1,224.21,37361008,CACI01_L.avi,40551,27.034,3.462,2.596,2619.424,7.417,NA,AD,Passing
CACI01_1712,Kyphosidae,Girella,zebra,1,152.766,37361008,CACI01_L.avi,40551,27.034,2.351,2.846,2211.168,4.956,NA,AD,Passing
CACI01_1712,Kyphosidae,Girella,zebra,1,199.81,37361008,CACI01_L.avi,40551,27.034,3.732,0.221,2511.519,5.548,NA,AD,Passing
CACI01_1712,Kyphosidae,Girella,zebra,1,199.566,37361008,CACI01_L.avi,40551,27.034,4.022,2.544,2321.394,10.294,NA,AD,Passing
CACI01_1712,Kyphosidae,Girella,zebra,1,221.13,37361008,CACI01_L.avi,40551,27.034,4.168,2.224,2010.941,23.515,NA,AD,Passing
CACI01_1712,Kyphosidae,Girella,zebra,1,213.254,37361008,CACI01_L.avi,40551,27.034,6.008,0.748,2461.425,8.638,NA,AD,Passing
CACI01_1712,Kyphosidae,Girella,zebra,1,182,37361008,CACI01_L.avi,40551,27.034,7.271,0.843,2213.992,10.336,NA,AD,Passing
CACI01_1712,Kyphosidae,Girella,zebra,1,159.108,37361008,CACI01_L.avi,40551,27.034,6.559,0.142,2225.876,27.27,NA,AD,Passing
CACI01_1712,Kyphosidae,Girella,zebra,1,219.336,37361008,CACI01_L.avi,40551,27.034,6.58,0.829,2422.053,25.382,NA,AD,Passing
CACI01_1712,Kyphosidae,Girella,zebra,1,205.29,37361008,CACI01_L.avi,40551,27.034,5.022,3.467,2249.324,1.664,NA,AD,Passing
CACI01_1712,Kyphosidae,Girella,zebra,1,173.613,37361008,CACI01_L.avi,40551,27.034,2.488,1.366,2337.259,8.307,NA,AD,Passing
CACI01_1712,Kyphosidae,Girella,zebra,1,230.392,37361008,CACI01_L.avi,40551,27.034,5.555,13.708,2353.86,6.636,NA,AD,Passing
CACI01_1712,Kyphosidae,Girella,zebra,1,189.838,37361008,CACI01_L.avi,40551,27.034,4.917,2.458,2330.513,19.65,NA,AD,Passing
CACI01_1712,Kyphosidae,Girella,zebra,1,200.272,37361008,CACI01_L.avi,40551,27.034,8.179,0.922,2227.633,22.037,NA,AD,Passing
CACI01_1712,Kyphosidae,Girella,zebra,1,230.742,37361008,CACI01_L.avi,40551,27.034,8.919,1.96,2239.104,14.909,NA,AD,Passing
CACI01_1712,Kyphosidae,Girella,zebra,1,232.764,37361008,CACI01_L.avi,40551,27.034,11.324,1.087,2750.746,15.091,NA,AD,Passing
CACI01_1712,Kyphosidae,Girella,zebra,1,235.465,37361008,CACI01_L.avi,40551,27.034,9.489,0.358,2298.337,19.004,NA,AD,Passing
CACI01_1712,Kyphosidae,Girella,zebra,1,219.229,37361008,CACI01_L.avi,40551,27.034,10.384,3.601,2437.434,19.654,NA,AD,Passing
CACI01_1712,Kyphosidae,Girella,zebra,1,224.589,37361008,CACI01_L.avi,40551,27.034,7.348,2.114,2121.521,26.269,NA,AD,Passing
CACI01_1712,Kyphosidae,Girella,zebra,1,151.044,37361008,CACI01_L.avi,40551,27.034,9.52,0.722,2412.493,26.491,NA,AD,Passing
CACI01_1712,Kyphosidae,Girella,zebra,1,93.734,37361008,CACI01_L.avi,40551,27.034,1,3.286,983.513,8.088,NA,AD,Passing
CACI01_1712,Sparidae,Pagrus,auratus,1,282.626,37353001,CACI01_L.avi,57288,38.192,4.055,2.816,2154.491,24.656,NA,AD,Passing
CACI01_1712,Scorpididae,Scorpis,aequipinnis,1,211.262,37361004,CACI01_L.avi,82827,55.218,3.106,2.037,2042.557,4.266,NA,AD,Passing
CACI01_1712,Scorpididae,Scorpis,aequipinnis,1,143.303,37361004,CACI01_L.avi,82827,55.218,0.908,2.887,1030.038,14.522,NA,AD,Passing
CACI01_1712,Monacanthidae,Meuschenia,hippocrepis,1,125.525,37465004,CACI01_L.avi,95333,63.5553,1.588,1.968,1449.792,18.8,NA,AD,Passing
CACI01_1712,Monacanthidae,Meuschenia,hippocrepis,1,231.141,37465004,CACI01_L.avi,95333,63.5553,2.241,1.213,1030.908,0.829,NA,AD,Passing
CACI02_1712,Enoplosidae,Enoplosus,armatus,1,234.479,37366001,CACI02_L.avi,3369,2.246,2.625,0.476,2424.271,5.877,NA,AD,Passing
CACI02_1712,Enoplosidae,Enoplosus,armatus,1,172.849,37366001,CACI02_L.avi,3369,2.246,2.41,9.385,2386.61,10.322,NA,AD,Passing
CACI02_1712,Pomacentridae,Parma,victoriae,1,166.303,37372006,CACI02_L.avi,4948,3.2987,4.394,2.57,1755.412,23.777,NA,AD,Passing
CACI02_1712,Cheilodactylidae,Cheilodactylus,nigripes,1,240.32,37377001,CACI02_L.avi,5399,3.5993,1.668,3.017,1315.33,27.432,NA,AD,Passing
CACI02_1712,Kyphosidae,Girella,zebra,1,341.745,37361008,CACI02_L.avi,5615,3.7433,9.318,4.561,2431.807,23.351,NA,AD,Passing
CACI02_1712,Kyphosidae,Girella,zebra,1,224.166,37361008,CACI02_L.avi,5615,3.7433,4.787,1.957,2428.959,19.752,NA,AD,Passing
CACI02_1712,Kyphosidae,Girella,zebra,1,347.367,37361008,CACI02_L.avi,5615,3.7433,11.343,6.236,2409.463,16.522,NA,AD,Passing
CACI02_1712,Monacanthidae,Meuschenia,hippocrepis,1,306.737,37465004,CACI02_L.avi,9041,6.0273,1.823,1.919,1519.838,20.868,NA,AD,Passing
CACI02_1712,Monacanthidae,Meuschenia,hippocrepis,1,180.381,37465004,CACI02_L.avi,9041,6.0273,2.345,1.123,1609.352,14.355,NA,AD,Passing
CACI02_1712,Kyphosidae,Kyphosus,sydneyanus,1,426.298,37361001,CACI02_L.avi,13148,8.7653,5.509,5.217,2362.758,15.409,NA,AD,Passing
CACI02_1712,Kyphosidae,Kyphosus,sydneyanus,1,341.739,37361001,CACI02_L.avi,13148,8.7653,4.581,8.297,2586.569,28.327,NA,AD,Passing
CACI02_1712,Kyphosidae,Kyphosus,sydneyanus,1,319.321,37361001,CACI02_L.avi,13148,8.7653,5.409,1.626,1671.568,11.223,NA,AD,Passing
CACI02_1712,Scorpididae,Scorpis,aequipinnis,1,206.456,37361004,CACI02_L.avi,45232,30.1547,1.305,0.838,1319.631,18.673,NA,AD,Passing
CACI02_1712,Scorpididae,Scorpis,aequipinnis,1,179.17,37361004,CACI02_L.avi,45232,30.1547,3.165,1.043,1518.739,10.133,NA,AD,Passing
CACI02_1712,Scorpididae,Scorpis,aequipinnis,1,166.684,37361004,CACI02_L.avi,45232,30.1547,3.664,2.946,1472.156,25.071,NA,AD,Passing
CACI02_1712,Scorpididae,Scorpis,aequipinnis,1,201.782,37361004,CACI02_L.avi,45232,30.1547,2.586,1.079,1354.616,17.496,NA,AD,Passing
CACI02_1712,Scorpididae,Scorpis,aequipinnis,1,271.315,37361004,CACI02_L.avi,45232,30.1547,1.968,2.948,1250.575,13.324,NA,AD,Passing
CACI02_1712,Scorpididae,Tilodon,sexfasciatus,1,222.974,37361003,CACI02_L.avi,64459,42.9727,3.93,3.803,1815.513,19.992,NA,AD,Passing
CACI02_1712,Labridae,Notolabrus,tetricus,1,412.047,37384003,CACI02_L.avi,84678,56.452,5.253,2.552,2630.464,8.125,NA,AD,Passing
CACI03_1712,Labridae,Pictilabrus,laticlavius,1,181.802,37384020,CACI03_L.avi,21578,14.3853,2.56,2.375,1271.366,12.233,NA,AD,Passing
CACI03_1712,Labridae,Notolabrus,tetricus,1,347.897,37384003,CACI03_L.avi,39192,26.128,7.96,11.288,2123.134,19.526,NA,AD,Passing
CACI03_1712,Labridae,Notolabrus,tetricus,1,340.196,37384003,CACI03_L.avi,39232,26.1547,15.367,7.618,2985.543,17.547,NA,AD,Passing
CACI03_1712,Labridae,Notolabrus,parilus,1,273.748,37384022,CACI03_L.avi,40435,26.9567,5.861,7.183,2279.446,20.458,NA,AD,Passing
CACI03_1712,Kyphosidae,Kyphosus,sydneyanus,1,382.871,37361001,CACI03_L.avi,43943,29.2953,8.489,7.98,3695.765,21.061,NA,AD,Passing
CACI03_1712,Carangidae,Pseudocaranx,sp,1,253.233,37337924,CACI03_L.avi,46420,30.9467,1.461,8.519,1442.71,18.18,NA,AD,Passing
CACI03_1712,Arripidae,Arripis,truttaceus,1,437.506,37344004,CACI03_L.avi,55088,36.7253,1.173,3.725,998.131,16.897,NA,AD,Passing
CACI03_1712,Monacanthidae,Meuschenia,hippocrepis,1,311.27,37465004,CACI03_L.avi,58007,38.6713,2.072,4.184,1388.683,13.806,NA,AD,Passing
CACI03_1712,Monacanthidae,Meuschenia,hippocrepis,1,304.892,37465004,CACI03_L.avi,58009,38.6727,2.51,6.55,1762.052,29.456,NA,AD,Passing
CACI03_1712,Scorpididae,Scorpis,aequipinnis,1,257.465,37361004,CACI03_L.avi,61292,40.8613,1.394,5.815,952.188,11.425,NA,AD,Passing
CACI03_1712,Scorpididae,Scorpis,aequipinnis,1,272.006,37361004,CACI03_L.avi,61292,40.8613,1.774,16.121,1395.507,31.456,NA,AD,Passing
CACI03_1712,Sparidae,Pagrus,auratus,1,412.886,37353001,CACI03_L.avi,66568,44.3787,6.005,9.056,2195.382,26.754,measure,AD,Attracted
CACI03_1712,Sparidae,Pagrus,auratus,1,314.45,37353001,CACI03_L.avi,66568,44.3787,3.333,7.595,1677.397,18.161,measure,AD,Attracted
CACI04_1712,Labridae,Notolabrus,parilus,1,226.989,37384022,CACI04_L.avi,7705,5.1367,0.741,3.747,940.088,27.597,NA,AD,Passing
CACI04_1712,Labridae,Pictilabrus,laticlavius,1,208.363,37384020,CACI04_L.avi,10730,7.1533,1.19,0.515,1550.561,5.7,NA,AD,Passing
CACI04_1712,Kyphosidae,Girella,zebra,1,206.889,37361008,CACI04_L.avi,22536,15.024,2.774,0.906,3230.346,5.603,NA,AD,Passing
CACI04_1712,Kyphosidae,Girella,zebra,1,239.142,37361008,CACI04_L.avi,22536,15.024,2.785,6.289,3005.605,6.206,NA,AD,Passing
CACI04_1712,Monacanthidae,Meuschenia,hippocrepis,1,241.956,37465004,CACI04_L.avi,38795,25.8633,1.36,0.384,1421.627,13.863,NA,AD,Passing
CACI04_1712,Monacanthidae,Meuschenia,hippocrepis,1,263.716,37465004,CACI04_L.avi,38809,25.8727,1.389,0.384,1322.499,9.344,NA,AD,Passing
CACI04_1712,Scorpididae,Scorpis,aequipinnis,1,157.17,37361004,CACI04_L.avi,63726,42.484,1.134,1.721,942.579,21.371,NA,AD,Passing
CACI04_1712,Scorpididae,Scorpis,aequipinnis,1,207.445,37361004,CACI04_L.avi,63726,42.484,3.329,3.306,1672.002,1.529,NA,AD,Passing
CACI04_1712,Scorpididae,Scorpis,aequipinnis,1,262.496,37361004,CACI04_L.avi,63726,42.484,2.9,6.08,1153.695,14.386,NA,AD,Passing
CACI04_1712,Kyphosidae,Kyphosus,sydneyanus,1,390.007,37361001,CACI04_L.avi,68397,45.598,1.614,3.512,1631.573,12.348,NA,AD,Passing
CACI04_1712,Kyphosidae,Kyphosus,sydneyanus,1,502.101,37361001,CACI04_L.avi,68397,45.598,6.068,8.689,2346.95,5.483,NA,AD,Passing
CACI04_1712,Monacanthidae,Meuschenia,galii,1,323.377,37465040,CACI04_L.avi,80730,53.82,1.408,1.098,1081.63,28.082,NA,AD,Passing
CACI04_1712,Labridae,Notolabrus,tetricus,1,314.493,37384003,CACI04_L.avi,82832,55.2213,7.202,3.218,2025.707,23.132,measure,F,Attracted
CACI04_1712,Labridae,Notolabrus,tetricus,1,238.983,37384003,CACI04_L.avi,82832,55.2213,7.473,2.513,2430.286,7.732,measure,F,Attracted
CACI04_1712,Labridae,Notolabrus,tetricus,1,295.563,37384003,CACI04_L.avi,82832,55.2213,3.703,2.568,1863.653,19.885,measure,F,Attracted
CANI01_1712,Sparidae,Pagrus,auratus,1,287.726,37353001,CANI01_L.avi,64520,21.5067,1.875,1.901,2801.014,4.627,NA,AD,Passing
CANI01_1712,Monacanthidae,Meuschenia,hippocrepis,1,352.618,37465004,CANI01_L.avi,66036,22.012,15.406,0.285,5009.3,9.585,NA,AD,Passing
CANI01_1712,Sillaginidae,Sillaginodes,punctatus,1,283.948,37330001,CANI01_L.avi,79815,26.605,3.69,0.794,1862.935,12.98,NA,AD,Passing
CANI01_1712,Sillaginidae,Sillaginodes,punctatus,1,295.955,37330001,CANI01_L.avi,79815,26.605,5.094,1.334,1963.812,3.66,NA,AD,Passing
CANI01_1712,Sillaginidae,Sillaginodes,punctatus,1,318.149,37330001,CANI01_L.avi,79815,26.605,2.637,0.573,2346.321,11.291,NA,AD,Passing
CANI01_1712,Cheilodactylidae,Dactylophora,nigricans,1,383.571,37377005,CANI01_L.avi,99734,33.2447,1.613,3.069,1908.487,6.955,NA,AD,Passing
CANI01_1712,Labridae,Notolabrus,parilus,1,283.326,37384022,CANI01_L.avi,122094,40.698,8.095,0.647,2665.791,22.007,NA,AD,Passing
CANI02_1712,Dinolestidae,Dinolestes,lewini,1,192.878,37327002,CANI02_L.avi,47374,15.7913,2.077,14.41,2676.557,10.898,NA,AD,Passing
CANI02_1712,Scorpididae,Scorpis,aequipinnis,1,250.379,37361004,CANI02_L.avi,50795,16.9317,12.126,16.133,3059.876,16.456,NA,AD,Passing
CANI02_1712,Scorpididae,Scorpis,aequipinnis,1,255.531,37361004,CANI02_L.avi,50795,16.9317,9.925,15.838,3682.345,9.597,NA,AD,Passing
CANI02_1712,Scorpididae,Scorpis,aequipinnis,1,259.916,37361004,CANI02_L.avi,50795,16.9317,6.404,11.673,3824.498,21.688,NA,AD,Passing
CANI02_1712,Carangidae,Trachurus,novaezelandiae,1,190.454,37337003,CANI02_L.avi,52429,17.4763,3.583,15.322,2625.478,17.652,NA,AD,Passing
CANI02_1712,Carangidae,Trachurus,novaezelandiae,1,194.229,37337003,CANI02_L.avi,52429,17.4763,3.146,15.317,2942.017,14.881,NA,AD,Passing
CANI02_1712,Carangidae,Trachurus,novaezelandiae,1,200.429,37337003,CANI02_L.avi,52429,17.4763,5.779,17.88,2835.181,12.748,NA,AD,Passing
CANI02_1712,Carangidae,Trachurus,novaezelandiae,1,177.622,37337003,CANI02_L.avi,52429,17.4763,5.834,14.608,2689.642,19.03,NA,AD,Passing
CANI02_1712,Carangidae,Trachurus,novaezelandiae,1,199.585,37337003,CANI02_L.avi,52429,17.4763,5.272,25.631,3396.877,22.272,NA,AD,Passing
CANI02_1712,Carangidae,Trachurus,novaezelandiae,1,184.61,37337003,CANI02_L.avi,52429,17.4763,3.785,18.2,3319.956,11.923,NA,AD,Passing
CANI02_1712,Carangidae,Trachurus,novaezelandiae,1,198.801,37337003,CANI02_L.avi,52429,17.4763,7.875,20.339,3626.846,7.594,NA,AD,Passing
CANI02_1712,Carangidae,Trachurus,novaezelandiae,1,194.373,37337003,CANI02_L.avi,52434,17.478,1.932,18.056,3592.631,7.372,NA,AD,Passing
CANI02_1712,Carangidae,Trachurus,novaezelandiae,1,197.556,37337003,CANI02_L.avi,52434,17.478,7.4,13.754,3213.15,10.28,NA,AD,Passing
CANI02_1712,Mullidae,Upeneichthys,vlamingii,1,174.604,37355029,CANI02_L.avi,62006,20.6687,4.77,13.699,2744.581,20.76,NA,AD,Passing
CANI02_1712,Sillaginidae,Sillaginodes,punctatus,1,344.11,37330001,CANI02_L.avi,62856,20.952,2.793,14.771,1906.637,13.515,measure,AD,Passing
CANI02_1712,Sillaginidae,Sillaginodes,punctatus,1,349.891,37330001,CANI02_L.avi,62856,20.952,2.172,12.33,2176.452,20.526,measure,AD,Passing
CANI02_1712,Labridae,Notolabrus,tetricus,1,290.345,37384003,CANI02_L.avi,71104,23.7013,1.708,10.261,1518.77,17.955,NA,AD,Passing
CANI02_1712,Carangidae,Pseudocaranx,sp,1,186.44,37337924,CANI02_L.avi,129673,43.2243,3.06,8.124,1589.85,16.562,NA,AD,Passing
CANI02_1712,Carangidae,Pseudocaranx,sp,1,208.328,37337924,CANI02_L.avi,129673,43.2243,1.078,9.755,1856.517,8.562,NA,AD,Passing
CANI02_1712,Carangidae,Pseudocaranx,sp,1,202.132,37337924,CANI02_L.avi,129673,43.2243,2.756,6.909,1687.112,18.222,NA,AD,Passing
CANI02_1712,Carangidae,Pseudocaranx,sp,1,212.31,37337924,CANI02_L.avi,129673,43.2243,1.367,8.259,1838.956,5.25,NA,AD,Passing
CANI02_1712,Carangidae,Pseudocaranx,sp,1,227.406,37337924,CANI02_L.avi,129673,43.2243,1.359,7.987,1930.302,2.277,NA,AD,Passing
CANI02_1712,Carangidae,Pseudocaranx,sp,1,201.305,37337924,CANI02_L.avi,129673,43.2243,2.015,9.834,2042.957,4.829,NA,AD,Passing
CANI02_1712,Carangidae,Pseudocaranx,sp,1,224.601,37337924,CANI02_L.avi,129673,43.2243,4.037,12.594,1720.781,15.478,NA,AD,Passing
CANI02_1712,Carangidae,Pseudocaranx,sp,1,208.609,37337924,CANI02_L.avi,129673,43.2243,1.449,9.833,2038.026,8.386,NA,AD,Passing
CANI02_1712,Carangidae,Pseudocaranx,sp,1,212.63,37337924,CANI02_L.avi,129673,43.2243,2.866,11.644,2082.317,17.85,NA,AD,Passing
CANI02_1712,Carangidae,Pseudocaranx,sp,1,211.514,37337924,CANI02_L.avi,129673,43.2243,3.838,9.561,1787.435,19.477,NA,AD,Passing
CANI02_1712,Carangidae,Pseudocaranx,sp,1,188.691,37337924,CANI02_L.avi,129673,43.2243,1.277,7.774,1751.919,11.915,NA,AD,Passing
CANI02_1712,Carangidae,Pseudocaranx,sp,1,231.693,37337924,CANI02_L.avi,129673,43.2243,4.511,6.595,2160.326,18.391,NA,AD,Passing
CANI02_1712,Carangidae,Pseudocaranx,sp,1,248.731,37337924,CANI02_L.avi,129673,43.2243,2.643,9.962,1765.742,19.141,NA,AD,Passing
CANI02_1712,Labridae,Notolabrus,parilus,1,329.915,37384022,CANI02_L.avi,135210,45.07,15.867,11.283,4131.215,16.974,NA,AD,Passing
CANI02_1712,Sphyraenidae,Sphyraena,novaehollandiae,1,595.6,37382002,CANI02_L.avi,185924,61.9747,9.912,20.256,5113.182,17.66,NA,AD,Passing
CANI04_1712,Labridae,Austrolabrus,maculatus,1,185.014,37384025,CANI04_L.avi,11909,3.9697,2.53,18.577,2554.902,3.414,NA,AD,Passing
CANI04_1712,Labridae,Notolabrus,parilus,1,276.478,37384022,CANI04_L.avi,12378,4.126,3.23,30.222,3916.345,5.038,NA,AD,Passing
CANI04_1712,Monacanthidae,Meuschenia,hippocrepis,1,330.744,37465004,CANI04_L.avi,19065,6.355,0.806,6.893,1396.923,13.021,NA,AD,Passing
CANI04_1712,Monacanthidae,Meuschenia,hippocrepis,1,266.58,37465004,CANI04_L.avi,19065,6.355,0.866,10.019,1601.234,2.456,NA,AD,Passing
CANI04_1712,Monacanthidae,Meuschenia,hippocrepis,1,303.784,37465004,CANI04_L.avi,19065,6.355,1.595,6.882,1591.475,5.678,NA,AD,Passing
CANI04_1712,Scorpididae,Scorpis,aequipinnis,1,310.003,37361004,CANI04_L.avi,23820,7.94,3.637,15.275,2591.351,20.575,NA,AD,Passing
CANI04_1712,Sillaginidae,Sillaginodes,punctatus,1,482.292,37330001,CANI04_L.avi,24952,8.3173,2.633,30.201,3747.625,4.261,NA,AD,Passing
CANI04_1712,Labridae,Pictilabrus,laticlavius,1,275.86,37384020,CANI04_L.avi,41168,13.7227,9.409,20.938,3585.288,20.925,NA,AD,Passing
CANI04_1712,Labridae,Pictilabrus,laticlavius,1,218.598,37384020,CANI04_L.avi,41168,13.7227,10.964,28.638,2917.467,3.459,NA,AD,Passing
CANI04_1712,Kyphosidae,Girella,zebra,1,286.449,37361008,CANI04_L.avi,48681,16.227,15.024,26.806,3418.279,21.17,NA,AD,Passing
CANI04_1712,Kyphosidae,Girella,zebra,1,332.174,37361008,CANI04_L.avi,48681,16.227,12.925,22.239,3131.197,23.701,NA,AD,Passing
CANI04_1712,Pomacentridae,Parma,victoriae,1,216.363,37372006,CANI04_L.avi,53898,17.966,6.461,15.266,2539.68,21.407,NA,AD,Passing
CANI04_1712,Labridae,Notolabrus,tetricus,1,395.799,37384003,CANI04_L.avi,58261,19.4203,3.914,8.339,1730.482,16.991,NA,AD,Passing
CANI04_1712,Labridae,Notolabrus,tetricus,1,349.572,37384003,CANI04_L.avi,58261,19.4203,17.265,26.988,3780.348,16.227,NA,AD,Passing
CANI04_1712,Arripidae,Arripis,truttaceus,1,304.915,37344004,CANI04_L.avi,64676,21.5587,3.829,12.02,2137.95,13.629,NA,AD,Passing
CANI04_1712,Arripidae,Arripis,truttaceus,1,313.012,37344004,CANI04_L.avi,64676,21.5587,1.316,12.571,2054.275,8.531,NA,AD,Passing
CANI04_1712,Arripidae,Arripis,truttaceus,1,312.565,37344004,CANI04_L.avi,64676,21.5587,1.582,10.805,2083.761,9.902,NA,AD,Passing
CANI04_1712,Arripidae,Arripis,truttaceus,1,299.358,37344004,CANI04_L.avi,64676,21.5587,2.94,12.335,2084.098,9.086,NA,AD,Passing
CANI04_1712,Arripidae,Arripis,truttaceus,1,330.22,37344004,CANI04_L.avi,64676,21.5587,2.634,16.484,2264.746,4.054,NA,AD,Passing
CANI04_1712,Arripidae,Arripis,truttaceus,1,338.938,37344004,CANI04_L.avi,64676,21.5587,3.772,13.87,2128.124,7.906,NA,AD,Passing
CANI04_1712,Arripidae,Arripis,truttaceus,1,331.544,37344004,CANI04_L.avi,64676,21.5587,3.637,11.595,2044.516,18.347,NA,AD,Passing
CANI04_1712,Arripidae,Arripis,truttaceus,1,341.012,37344004,CANI04_L.avi,64676,21.5587,4.006,9.915,2078.399,19.214,NA,AD,Passing
CANI04_1712,Arripidae,Arripis,truttaceus,1,292.286,37344004,CANI04_L.avi,64676,21.5587,3.87,15.025,2225.113,7.379,NA,AD,Passing
CANI04_1712,Arripidae,Arripis,truttaceus,1,352.951,37344004,CANI04_L.avi,64676,21.5587,6.384,14.79,2327.738,15.887,NA,AD,Passing
CANI04_1712,Arripidae,Arripis,truttaceus,1,361.098,37344004,CANI04_L.avi,64676,21.5587,4.755,12.901,2198.988,18.03,NA,AD,Passing
CANI04_1712,Arripidae,Arripis,truttaceus,1,308.857,37344004,CANI04_L.avi,64676,21.5587,1.145,11.078,2035.054,12.748,NA,AD,Passing
CANI04_1712,Arripidae,Arripis,truttaceus,1,294.349,37344004,CANI04_L.avi,64676,21.5587,1.75,11.603,2122.997,14.261,NA,AD,Passing
CANI04_1712,Arripidae,Arripis,truttaceus,1,317.768,37344004,CANI04_L.avi,64676,21.5587,4.072,13.257,1959.605,13.324,NA,AD,Passing
CANI04_1712,Kyphosidae,Kyphosus,sydneyanus,1,413.594,37361001,CANI04_L.avi,67906,22.6353,6.731,1.243,2452.226,13.708,NA,AD,Passing
CANI04_1712,Kyphosidae,Kyphosus,sydneyanus,1,383.165,37361001,CANI04_L.avi,67906,22.6353,3.812,26.34,1701.981,16.524,NA,AD,Passing
CANI04_1712,Scorpididae,Tilodon,sexfasciatus,1,258.285,37361003,CANI04_L.avi,72092,24.0307,2.42,10.918,1940.585,8.16,NA,AD,Passing
CANI04_1712,Arripidae,Arripis,georgianus,1,251.489,37344001,CANI04_L.avi,113503,37.8343,3.333,18.892,2755.963,14.292,NA,AD,Passing
CANI04_1712,Mullidae,Upeneichthys,vlamingii,1,195.351,37355029,CANI04_L.avi,130285,43.4283,3.394,19.02,2154.754,9.445,NA,AD,Passing
CANI04_1712,Mullidae,Upeneichthys,vlamingii,1,238.828,37355029,CANI04_L.avi,130285,43.4283,6.583,17.003,2445.649,3.642,NA,AD,Passing
CANI04_1712,Mullidae,Upeneichthys,vlamingii,1,204.993,37355029,CANI04_L.avi,130285,43.4283,1.831,24.045,3212.064,3.145,NA,AD,Passing
CANI04_1712,Pentacerotidae,Pentaceropsis,recurvirostris,1,529.589,37367003,CANI04_L.avi,150585,50.195,7.328,19.32,3074.932,17.572,NA,AD,Passing
CANO01_1712,Arripidae,Arripis,georgianus,1,110.908,37344001,CANO01_L.avi,29292,9.764,3.629,13.754,3174.123,16.323,NA,AD,Passing
CANO01_1712,Labridae,Pictilabrus,laticlavius,1,223.791,37384020,CANO01_L.avi,71340,23.78,8.307,8.954,3248.383,16.202,measure,M,Passing
CANO01_1712,Labridae,Notolabrus,parilus,1,283.05,37384022,CANO01_L.avi,123224,41.0747,2.211,18.738,2487.845,25.37,measure,AD,Passing
CANO01_1712,Cheilodactylidae,Dactylophora,nigricans,1,519.306,37377005,CANO01_L.avi,152157,50.719,2.821,12.659,3052.66,10.087,measure,J,Passing
CANO02_1712,Scorpididae,Scorpis,aequipinnis,1,208.277,37361004,CANO02_L.avi,54417,18.139,2.238,3.331,1975.584,11.158,NA,AD,Passing
CANO02_1712,Labridae,Pictilabrus,laticlavius,1,208.549,37384020,CANO02_L.avi,57198,19.066,4.732,14.932,2299.498,20.45,measure,M,Attracted
CANO02_1712,Mullidae,Upeneichthys,vlamingii,1,187.411,37355029,CANO02_L.avi,68196,22.732,1.153,1.948,1936.045,4.487,NA,AD,Passing
CANO02_1712,Kyphosidae,Girella,zebra,1,182.718,37361008,CANO02_L.avi,103765,34.5883,9.201,2.486,3931.628,3.737,NA,AD,Passing
CANO02_1712,Kyphosidae,Girella,zebra,1,177.053,37361008,CANO02_L.avi,103765,34.5883,2.189,6.625,3782.766,3.309,NA,AD,Passing
CANO02_1712,Kyphosidae,Girella,zebra,1,139.339,37361008,CANO02_L.avi,103765,34.5883,9.216,15.025,3829.073,14.125,NA,AD,Passing
CANO02_1712,Cheilodactylidae,Dactylophora,nigricans,1,379.181,37377005,CANO02_L.avi,117806,39.2687,2.083,4.525,1879.732,8.808,NA,AD,Passing
CANO02_1712,Labridae,Austrolabrus,maculatus,1,105.535,37384025,CANO02_L.avi,128050,42.6833,1.712,2.7,2421.083,4.352,measure,AD,Passing
CANO04_1712,Labridae,Austrolabrus,maculatus,1,119.465,37384025,CANO04_L.avi,17970,5.99,3.322,3.804,2386.066,6.271,NA,AD,Passing
CANO04_1712,Labridae,Pictilabrus,laticlavius,1,220.481,37384020,CANO04_L.avi,20598,6.866,2.442,2.994,2122.293,13.28,mesasure,F,Passing
CANO04_1712,Gerreidae,Parequula,melbournensis,1,145.15,37349001,CANO04_L.avi,52681,17.5603,3.902,4.937,1749.63,17.848,NA,AD,Passing
CANO04_1712,Labridae,Notolabrus,parilus,1,443.724,37384022,CANO04_L.avi,59027,19.6757,3.461,2.91,2450.771,21.049,measure,M,Attracted
CANO04_1712,Kyphosidae,Girella,zebra,1,226.045,37361008,CANO04_L.avi,66160,22.0533,3.536,6.864,2602.272,14.679,NA,AD,Passing
CANO04_1712,Pomacentridae,Parma,victoriae,1,165.73,37372006,CANO04_L.avi,72174,24.058,1.105,2.613,2046.651,6.914,NA,AD,Passing
CANO04_1712,Loliginidae,Sepioteuthis,australis,1,270.26,23617005,CANO04_L.avi,101316,33.772,4.573,4.786,2657.71,10.432,measure,AD,Passing
CANO04_1712,Scorpididae,Tilodon,sexfasciatus,1,195.237,37361003,CANO04_L.avi,112660,37.5533,2.601,4.243,2545.83,9.873,NA,AD,Passing
CANO04_1712,Arripidae,Arripis,georgianus,1,224.288,37344001,CANO04_L.avi,131754,43.918,9.726,4.64,3141.247,14.153,NA,AD,Passing
CASO01_1712,Cheilodactylidae,Cheilodactylus,nigripes,1,288.788,37377001,CASO01_L.avi,9615,6.41,7.051,1.256,2041.602,28.569,NA,AD,Passing
CASO01_1712,Labridae,Pictilabrus,laticlavius,1,225.237,37384020,CASO01_L.avi,19600,13.0667,3.86,4.81,2714.473,16.287,NA,AD,Passing
CASO01_1712,Labridae,Pictilabrus,laticlavius,1,199.012,37384020,CASO01_L.avi,19600,13.0667,10.5,2.608,3286.521,13.49,NA,AD,Passing
CASO01_1712,Labridae,Austrolabrus,maculatus,1,132.314,37384025,CASO01_L.avi,30240,20.16,2.507,2.836,1609.622,24.391,measure,AD,Passing
CASO01_1712,Dinolestidae,Dinolestes,lewini,1,312.604,37327002,CASO01_L.avi,30953,20.6353,9.231,2.041,3268.006,18.201,NA,AD,Passing
CASO01_1712,Dinolestidae,Dinolestes,lewini,1,203.431,37327002,CASO01_L.avi,30953,20.6353,7.171,0.607,3020.802,18.658,NA,AD,Passing
CASO01_1712,Dinolestidae,Dinolestes,lewini,1,245.875,37327002,CASO01_L.avi,30953,20.6353,7.585,4.179,3154.419,22.579,NA,AD,Passing
CASO01_1712,Cheilodactylidae,Dactylophora,nigricans,1,440.408,37377005,CASO01_L.avi,33234,22.156,4.013,0.574,2775.87,12.683,NA,AD,Passing
CASO01_1712,Labridae,Notolabrus,tetricus,1,211.363,37384003,CASO01_L.avi,46800,31.2,1.658,0.997,1501.184,24.979,NA,AD,Passing
CASO01_1712,Labridae,Notolabrus,tetricus,1,300.151,37384003,CASO01_L.avi,46800,31.2,7.945,1.868,3510.27,17.498,NA,AD,Passing
CASO01_1712,Monacanthidae,Meuschenia,hippocrepis,1,247.45,37465004,CASO01_L.avi,51894,34.596,4.909,1.206,1594.437,22.554,NA,AD,Passing
CASO01_1712,Monacanthidae,Meuschenia,hippocrepis,1,197.542,37465004,CASO01_L.avi,51902,34.6013,1.319,0.865,1341.176,5.614,NA,AD,Passing
CASO01_1712,Monacanthidae,Meuschenia,hippocrepis,1,186.387,37465004,CASO01_L.avi,51902,34.6013,3.598,1.063,1462.109,5.72,NA,AD,Passing
CASO01_1712,Monacanthidae,Meuschenia,hippocrepis,1,137.96,37465004,CASO01_L.avi,51902,34.6013,0.917,1.024,1238.508,2.144,NA,AD,Passing
CASO01_1712,Labridae,Notolabrus,parilus,1,526.599,37384022,CASO01_L.avi,53091,35.394,12.952,13.733,2830.602,17.704,NA,AD,Passing
CASO01_1712,Labridae,Notolabrus,parilus,1,335.663,37384022,CASO01_L.avi,53232,35.488,3.868,1.524,3112.42,8.43,NA,AD,Passing
CASO01_1712,Monacanthidae,Meuschenia,freycineti,1,290.848,37465036,CASO01_L.avi,58888,39.2587,1.107,8.371,904.925,16.456,NA,AD,Passing
CASO02_1712,Labridae,Austrolabrus,maculatus,1,81.185,37384025,CASO02_L.avi,19007,12.6713,3.108,1.107,1769.657,17.755,NA,AD,Passing
CASO02_1712,Labridae,Pictilabrus,laticlavius,1,149.233,37384020,CASO02_L.avi,22336,14.8907,5.18,0.96,1771.362,26.035,NA,AD,Passing
CASO02_1712,Cheilodactylidae,Cheilodactylus,nigripes,1,255.202,37377001,CASO02_L.avi,28909,19.2727,4.859,1.461,2528.349,19.884,NA,AD,Passing
CASO02_1712,Monacanthidae,unknown,sp,1,187.817,37 465903,CASO02_L.avi,44374,29.5827,1.689,1.556,1426.413,12.426,NA,AD,Passing
CASO02_1712,Labridae,Notolabrus,parilus,1,246.563,37384022,CASO02_L.avi,44515,29.6767,6.211,2.737,2096.689,21.881,NA,AD,Passing
CASO02_1712,Arripidae,Arripis,georgianus,1,147.326,37344001,CASO02_L.avi,46834,31.2227,10.336,1.949,2580.105,21.219,NA,AD,Passing
CASO02_1712,Arripidae,Arripis,georgianus,1,139.525,37344001,CASO02_L.avi,46834,31.2227,9.231,2.336,2519.903,27.435,NA,AD,Passing
CASO02_1712,Labridae,Dotalabrus,aurantiacus,1,101.168,37384018,CASO02_L.avi,47397,31.598,2.726,2.662,2337.836,15.131,NA,AD,Passing
CASO02_1712,Labridae,Notolabrus,tetricus,1,279.637,37384003,CASO02_L.avi,50441,33.6273,3.759,5.917,1871.854,19.442,NA,AD,Passing
CASO02_1712,Monacanthidae,Meuschenia,hippocrepis,1,183.276,37465004,CASO02_L.avi,50846,33.8973,1.621,4.555,1224.849,11.343,NA,AD,Passing
CASO02_1712,Monacanthidae,Meuschenia,hippocrepis,1,195.527,37465004,CASO02_L.avi,50849,33.8993,1.221,1.463,1315.634,18.515,NA,AD,Passing
CASO02_1712,Monacanthidae,Meuschenia,hippocrepis,1,131.86,37465004,CASO02_L.avi,50849,33.8993,3.557,2.546,1614.897,15.554,NA,AD,Passing
CASO02_1712,Monacanthidae,Meuschenia,hippocrepis,1,213.305,37465004,CASO02_L.avi,50849,33.8993,5.178,3.824,2986.55,9.903,NA,AD,Passing
CASO02_1712,Carangidae,Pseudocaranx,sp,1,278.466,37337924,CASO02_L.avi,66432,44.288,5.408,6.154,2040.254,24.193,NA,AD,Passing
CASO02_1712,Pomacentridae,Parma,victoriae,1,143.749,37372006,CASO02_L.avi,90718,60.4787,10.555,3.439,3246.193,12.387,NA,AD,Passing
CASO03_1712,Cheilodactylidae,Dactylophora,nigricans,1,816.78,37377005,CASO03_L.avi,13126,8.7507,19.027,7.12,4303.834,22.167,measure,AD,Passing
CASO03_1712,Labridae,Notolabrus,tetricus,1,292.475,37384003,CASO03_L.avi,13521,9.014,22.134,7.822,4547.614,23.319,NA,AD,Passing
CASO03_1712,Labridae,Pictilabrus,laticlavius,1,261.862,37384020,CASO03_L.avi,14246,9.4973,13.316,4.434,2765.258,25.776,NA,AD,Passing
CASO03_1712,Labridae,Notolabrus,parilus,1,326.212,37384022,CASO03_L.avi,29342,19.5613,8.457,4.657,2399.241,12.163,NA,AD,Passing
CASO03_1712,Sillaginidae,Sillaginodes,punctatus,1,375.478,37330001,CASO03_L.avi,47377,31.5847,1.788,2.345,1487.731,4.769,NA,AD,Attracted
CASO03_1712,Monacanthidae,Meuschenia,hippocrepis,1,336.724,37465004,CASO03_L.avi,48697,32.4647,17.959,0.509,3559.235,24.155,NA,AD,Passing
CASO04_1712,Carangidae,Pseudocaranx,sp,1,201.237,37337924,CASO04_L.avi,24699,16.466,4.837,2.813,2028.385,3.731,NA,AD,Passing
CASO04_1712,Carangidae,Pseudocaranx,sp,1,203.472,37337924,CASO04_L.avi,24699,16.466,4.592,0.542,1750.734,30.948,NA,AD,Passing
CASO04_1712,Sillaginidae,Sillaginodes,punctatus,1,345.317,37330001,CASO04_L.avi,36192,24.128,2.959,0.792,2021.862,11.033,measure,AD,Attracted
CASO04_1712,Monacanthidae,Meuschenia,hippocrepis,1,173.46,37465004,CASO04_L.avi,40770,27.18,0.746,3.273,923.206,12.797,NA,AD,Passing
CASO04_1712,Monacanthidae,Meuschenia,hippocrepis,1,192.074,37465004,CASO04_L.avi,40780,27.1867,1.253,3.203,1135.191,13.296,NA,AD,Passing
CASO04_1712,Labridae,Pictilabrus,laticlavius,1,199.941,37384020,CASO04_L.avi,42818,28.5453,1.544,1.547,1101.823,20.958,NA,AD,Passing
CASO04_1712,Labridae,Pictilabrus,laticlavius,1,245.31,37384020,CASO04_L.avi,42818,28.5453,2.822,2.534,1174.424,17.308,NA,AD,Passing
CASO04_1712,Cheilodactylidae,Cheilodactylus,nigripes,1,231.159,37377001,CASO04_L.avi,43122,28.748,3.956,1.183,1501.933,27.938,measure,AD,Passing
CASO04_1712,Cheilodactylidae,Cheilodactylus,nigripes,1,249.942,37377001,CASO04_L.avi,43127,28.7513,4.97,0.646,1740.978,23.827,measure,AD,Passing
CASO04_1712,Loliginidae,Sepioteuthis,australis,1,187.833,23617005,CASO04_L.avi,52325,34.8833,4.85,3.006,2225.413,14.797,NA,AD,Passing
CASO04_1712,Labridae,Notolabrus,tetricus,1,388.243,37384003,CASO04_L.avi,56534,37.6893,0.889,4.938,998.858,19.273,measure,M,Attracted
CASO04_1712,Monacanthidae,Meuschenia,freycineti,1,232.517,37465036,CASO04_L.avi,66930,44.62,2.399,0.822,1260.194,24.927,NA,AD,Passing
PIEI01_1806,Labridae,Notolabrus,parilus,1,302.094,37384022,PIEI01_L.avi,10874,7.2493,4.492,1.58,2119.631,22.051,NA,AD,Passing
PIEI01_1806,Labridae,Notolabrus,parilus,1,351.468,37384022,PIEI01_L.avi,10885,7.2567,1.685,3.597,1258.655,24.093,NA,AD,Passing
PIEI01_1806,Labridae,Notolabrus,parilus,1,282.936,37384022,PIEI01_L.avi,10930,7.2867,1.739,8.648,955.565,10.18,NA,AD,Passing
PIEI01_1806,Labridae,Notolabrus,tetricus,1,336.461,37384003,PIEI01_L.avi,19129,12.7527,1.211,2.713,1425.835,8.784,NA,AD,Passing
PIEI01_1806,Labridae,Notolabrus,tetricus,1,365.129,37384003,PIEI01_L.avi,19129,12.7527,7.759,3.444,2320.397,24.717,NA,AD,Passing
PIEI01_1806,Labridae,Notolabrus,tetricus,1,261.686,37384003,PIEI01_L.avi,19152,12.768,0.573,2.996,653.028,12.683,NA,AD,Passing
PIEI01_1806,Labridae,Notolabrus,tetricus,1,216.622,37384003,PIEI01_L.avi,19159,12.7727,0.858,2.085,1043.287,10.546,NA,AD,Passing
PIEI01_1806,Labridae,Notolabrus,tetricus,1,257.215,37384003,PIEI01_L.avi,19181,12.7873,0.949,1.186,1006.97,14.903,NA,AD,Passing
PIEI01_1806,Labridae,Pictilabrus,laticlavius,1,140.122,37384020,PIEI01_L.avi,23002,15.3347,4.742,1.966,2083.673,23.351,NA,AD,Passing
PIEI01_1806,Mullidae,Upeneichthys,vlamingii,1,245.939,37355029,PIEI01_L.avi,36892,24.5947,5.459,6.03,2107.957,9.644,NA,AD,Passing
PIEI01_1806,Odacidae,Heteroscarus,acroptilus,1,178.576,37385010,PIEI01_L.avi,42216,28.144,1.564,8.415,1302.418,12.536,Measure,AD,Passing
PIEI01_1806,Monacanthidae,Acanthaluteres,vittiger,1,271.757,37465002,PIEI01_L.avi,58442,38.9613,4.801,4.103,2107.293,17.359,NA,AD,Passing
PIEI01_1806,Cheilodactylidae,Dactylophora,nigricans,1,711.225,37377005,PIEI01_L.avi,69325,46.2167,6.15,11.951,3078.36,23.63,NA,AD,Passing
PIEI02_1806,Monacanthidae,Meuschenia,hippocrepis,1,341.263,37465004,PIEI02_L.avi,8561,5.7073,1.711,8.281,1402.104,28.648,NA,AD,Passing
PIEI02_1806,Labridae,Pictilabrus,laticlavius,1,194.316,37384020,PIEI02_L.avi,14981,9.9873,3.431,1.305,1888.571,12.219,NA,AD,Passing
PIEI02_1806,Labridae,Pictilabrus,laticlavius,1,153.061,37384020,PIEI02_L.avi,14981,9.9873,5.193,2.27,2184.236,8.796,NA,AD,Passing
PIEI02_1806,Monacanthidae,Meuschenia,galii,1,251.245,37465040,PIEI02_L.avi,24936,16.624,5.135,3.727,1694.271,9.692,NA,AD,Passing
PIEI02_1806,Monacanthidae,Meuschenia,galii,1,243.588,37465040,PIEI02_L.avi,24936,16.624,5.702,7.301,2539.991,10.575,NA,AD,Passing
PIEI02_1806,Monacanthidae,Meuschenia,flavolineata,1,242.613,37465035,PIEI02_L.avi,30716,20.4773,3.867,1.037,1819.42,27.925,Measure,AD,Passing
PIEI02_1806,Monacanthidae,Acanthaluteres,vittiger,1,225.681,37465002,PIEI02_L.avi,33143,22.0953,1.575,4.432,1463.868,19.73,NA,AD,Attracted
PIEI02_1806,Labridae,Notolabrus,parilus,1,303.843,37384022,PIEI02_L.avi,45272,30.1813,3.166,4.898,2027.474,20.908,Measure,AD,Passing
PIEI02_1806,Labridae,Notolabrus,parilus,1,326.96,37384022,PIEI02_L.avi,45272,30.1813,2.022,2.886,1859.145,10.903,Measure,AD,Passing
PIEI02_1806,Labridae,Ophthalmolepis,lineolatus,1,212.703,37384040,PIEI02_L.avi,49186,32.7907,3.593,1.74,1724.743,21.159,Measure,AD,Passing
PIEI02_1806,Lamnidae,Carcharodon,carcharias,1,3008.191,37010003,PIEI02_L.avi,67896,45.264,36.542,7.741,4362.203,11.268,NA,M,Attracted
PIEI02_1806,Odacidae,Olisthops,cyanomelas,1,303.533,37385001,PIEI02_L.avi,71421,47.614,3.057,4.722,2198.787,16.913,Measure,AD,Passing
PIEI02_1806,Labridae,Ophthalmolepis,lineolatus,1,224.359,37384040,PIEI02_L.avi,72569,48.3793,1.85,5.506,1435.887,17.571,Measure,AD,Passing
PIEI02_1806,Labridae,Notolabrus,tetricus,1,282.368,37384003,PIEI02_L.avi,80682,53.788,14.669,6.854,3762.641,3.114,NA,AD,Passing
PIEI02_1806,Labridae,Notolabrus,tetricus,1,294.893,37384003,PIEI02_L.avi,80691,53.794,1.51,1.746,1581.276,11.937,Measure,AD,Passing
PIEI02_1806,Labridae,Notolabrus,tetricus,1,225.122,37384003,PIEI02_L.avi,80704,53.8027,2.333,7.899,1754.663,25.682,Measure,AD,Passing
PIEI02_1806,Labridae,Notolabrus,tetricus,1,255.15,37384003,PIEI02_L.avi,80713,53.8087,19.653,9.013,3400.91,25.468,NA,AD,Passing
PIEI03_1806,Odacidae,Heteroscarus,acroptilus,1,198.338,37385010,PIEI03_L.avi,8061,5.374,1.924,2.579,1461.659,27.59,NA,AD,Passing
PIEI03_1806,Odacidae,Olisthops,cyanomelas,1,319.542,37385001,PIEI03_L.avi,8323,5.5487,14.337,2.491,3054.913,19.748,Measure,AD,Passing
PIEI03_1806,Sphyraenidae,Sphyraena,novaehollandiae,1,714.336,37382002,PIEI03_L.avi,8809,5.8727,48.46,3.752,5234.649,23.756,NA,AD,Passing
PIEI03_1806,Sphyraenidae,Sphyraena,novaehollandiae,1,561.559,37382002,PIEI03_L.avi,8809,5.8727,23.914,10.293,3586.595,19.18,NA,AD,Passing
PIEI03_1806,Serranidae,Caesioperca,rasor,1,240.671,37311003,PIEI03_L.avi,17051,11.3673,2.024,5.656,1698.049,20.446,NA,AD,Passing
PIEI03_1806,Labridae,Pictilabrus,laticlavius,1,193.181,37384020,PIEI03_L.avi,17927,11.9513,4.509,2.138,1622.458,20.342,NA,AD,Passing
PIEI03_1806,Labridae,Pictilabrus,laticlavius,1,175.426,37384020,PIEI03_L.avi,17953,11.9687,1.697,3.557,1209.928,27.011,NA,AD,Passing
PIEI03_1806,Scorpididae,Scorpis,aequipinnis,1,319.984,37361004,PIEI03_L.avi,19607,13.0713,3.399,6.877,1447.723,11.58,NA,AD,Passing
PIEI03_1806,Scorpididae,Scorpis,aequipinnis,1,325.538,37361004,PIEI03_L.avi,19642,13.0947,6.78,1.093,1975.595,23.87,NA,AD,Passing
PIEI03_1806,Scorpididae,Scorpis,aequipinnis,1,291.506,37361004,PIEI03_L.avi,19642,13.0947,4.43,0.959,1509.969,17.746,NA,AD,Passing
PIEI03_1806,Monacanthidae,Meuschenia,galii,1,258.745,37465040,PIEI03_L.avi,23084,15.3893,1.274,2.341,958.439,27.872,NA,AD,Passing
PIEI03_1806,Monacanthidae,Meuschenia,hippocrepis,1,304.81,37465004,PIEI03_L.avi,26327,17.5513,1.106,4.115,1248.457,5.048,NA,AD,Passing
PIEI03_1806,Monacanthidae,Meuschenia,hippocrepis,1,213.249,37465004,PIEI03_L.avi,26327,17.5513,1.715,1.933,2128.432,11.465,NA,AD,Passing
PIEI03_1806,Monacanthidae,Meuschenia,hippocrepis,1,220.52,37465004,PIEI03_L.avi,26327,17.5513,17.312,5.604,3436.665,23.978,NA,AD,Passing
PIEI03_1806,Monacanthidae,Meuschenia,hippocrepis,1,407.312,37465004,PIEI03_L.avi,26327,17.5513,9.082,1.295,2331.892,9.396,NA,AD,Passing
PIEI03_1806,Monacanthidae,Meuschenia,hippocrepis,1,330.351,37465004,PIEI03_L.avi,26382,17.588,1.072,11.018,1261.229,16.309,NA,AD,Passing
PIEI03_1806,Labridae,Notolabrus,parilus,1,356.459,37384022,PIEI03_L.avi,28626,19.084,1.208,6.483,1082.068,23.796,NA,AD,Passing
PIEI03_1806,Enoplosidae,Enoplosus,armatus,1,152.621,37366001,PIEI03_L.avi,28764,19.176,5.131,1.976,1977.031,14.467,NA,AD,Passing
PIEI03_1806,Cheilodactylidae,Nemadactylus,valenciennesi,1,459.253,37377004,PIEI03_L.avi,32247,21.498,13.448,4.497,2953.25,25.866,NA,AD,Passing
PIEI03_1806,Labridae,Ophthalmolepis,lineolatus,1,249.953,37384040,PIEI03_L.avi,34179,22.786,6.923,5.566,2206.207,28.055,NA,AD,Passing
PIEI03_1806,Labridae,Ophthalmolepis,lineolatus,1,265.687,37384040,PIEI03_L.avi,34209,22.806,3.413,5.152,1737.628,14.742,NA,AD,Passing
PIEI03_1806,Labridae,Ophthalmolepis,lineolatus,1,358.735,37384040,PIEI03_L.avi,34263,22.842,5.986,8.53,2697.27,23.222,NA,AD,Passing
PIEI03_1806,Carangidae,Pseudocaranx,sp,1,196.895,37337924,PIEI03_L.avi,38476,25.6507,3.507,5.401,3190.56,17.04,Measure,AD,Passing
PIEI03_1806,Carangidae,Pseudocaranx,sp,1,164.662,37337924,PIEI03_L.avi,38476,25.6507,6.996,7.458,3275.626,16.917,Measure,AD,Passing
PIEI03_1806,Carangidae,Pseudocaranx,sp,1,170.514,37337924,PIEI03_L.avi,38476,25.6507,15.449,4.624,3374.928,18.721,Measure,AD,Passing
PIEI03_1806,Carangidae,Pseudocaranx,sp,1,161.567,37337924,PIEI03_L.avi,38476,25.6507,7.911,5.358,3408.427,20.682,Measure,AD,Passing
PIEI03_1806,Carangidae,Pseudocaranx,sp,1,217.897,37337924,PIEI03_L.avi,38476,25.6507,17.038,6.871,3396.142,22.547,Measure,AD,Passing
PIEI03_1806,Carangidae,Pseudocaranx,sp,1,198.463,37337924,PIEI03_L.avi,38476,25.6507,16.389,7.316,3666.658,24.652,Measure,AD,Passing
PIEI03_1806,Carangidae,Pseudocaranx,sp,1,184.824,37337924,PIEI03_L.avi,38476,25.6507,12.23,3.52,3535.472,22.215,Measure,AD,Passing
PIEI03_1806,Carangidae,Pseudocaranx,sp,1,205.577,37337924,PIEI03_L.avi,38476,25.6507,15.005,8.925,3320.016,27.597,Measure,AD,Passing
PIEI03_1806,Carangidae,Pseudocaranx,sp,1,211.287,37337924,PIEI03_L.avi,38476,25.6507,18.272,12.304,3426.012,26.566,Measure,AD,Passing
PIEI03_1806,Carangidae,Pseudocaranx,sp,1,198.075,37337924,PIEI03_L.avi,38476,25.6507,22.865,7.244,3761.468,24.071,Measure,AD,Passing
PIEI03_1806,Carangidae,Pseudocaranx,sp,1,189.092,37337924,PIEI03_L.avi,38476,25.6507,24.315,7.984,3759.579,21.49,Measure,AD,Passing
PIEI03_1806,Carangidae,Pseudocaranx,sp,1,206.633,37337924,PIEI03_L.avi,38476,25.6507,6.041,5.789,3452.7,20.072,Measure,AD,Passing
PIEI03_1806,Monacanthidae,Meuschenia,flavolineata,1,254.127,37465035,PIEI03_L.avi,42766,28.5107,2.382,5.652,1617.895,26.912,NA,AD,Passing
PIEI03_1806,Monacanthidae,Acanthaluteres,brownii,1,326.13,37465001,PIEI03_L.avi,51881,34.5873,5.884,4.124,1875.423,20.317,NA,AD,Passing
PIEI03_1806,Monacanthidae,Acanthaluteres,spilomelanurus,1,188.001,37465043,PIEI03_L.avi,64130,42.7533,2.393,5.31,1514.1,27.987,NA,AD,Passing
PIEI03_1806,Cheilodactylidae,Cheilodactylus,nigripes,1,286.986,37377001,PIEI03_L.avi,74416,49.6107,15.842,4.606,4118.258,6.322,NA,AD,Passing
PIEI03_1806,Cheilodactylidae,Cheilodactylus,nigripes,1,324.984,37377001,PIEI03_L.avi,74561,49.7073,5.841,1.226,3337.825,5.176,NA,AD,Passing
PIEI04_1806,Labridae,Achoerodus,gouldii,1,771.29,37384002,PIEI04_L.avi,8953,5.9687,2.202,2.753,1532.476,27.231,NA,AD,Passing
PIEI04_1806,Labridae,Pictilabrus,laticlavius,1,174.374,37384020,PIEI04_L.avi,9810,6.54,1.031,1.031,1229.393,18.323,NA,AD,Passing
PIEI04_1806,Labridae,Notolabrus,parilus,1,388.053,37384022,PIEI04_L.avi,12074,8.0493,3.093,2.781,2096.582,17.907,NA,AD,Passing
PIEI04_1806,Labridae,Notolabrus,tetricus,1,357.115,37384003,PIEI04_L.avi,14316,9.544,0.819,2.659,878.016,16.116,NA,AD,Passing
PIEI04_1806,Labridae,Notolabrus,tetricus,1,317.807,37384003,PIEI04_L.avi,14321,9.5473,3.896,5.863,1462.117,15.745,NA,AD,Passing
PIEI04_1806,Labridae,Notolabrus,tetricus,1,373.361,37384003,PIEI04_L.avi,14333,9.5553,7.717,2.448,2041.401,24.591,NA,AD,Passing
PIEI04_1806,Monacanthidae,Meuschenia,hippocrepis,1,383.344,37465004,PIEI04_L.avi,22004,14.6693,2.241,4.101,1583.979,30.73,NA,AD,Passing
PIEI04_1806,Monacanthidae,Meuschenia,hippocrepis,1,304.943,37465004,PIEI04_L.avi,22014,14.676,1.436,3.866,1458.795,24.658,NA,AD,Passing
PIEI04_1806,Monacanthidae,Meuschenia,hippocrepis,1,303.472,37465004,PIEI04_L.avi,22014,14.676,0.934,2.531,1087.256,18.04,NA,AD,Passing
PIEI04_1806,Serranidae,Othos,dentex,1,440.457,37311005,PIEI04_L.avi,28083,18.722,1.024,5.487,1058.89,18.482,NA,AD,Passing
PIEI04_1806,Monacanthidae,Meuschenia,galii,1,293.21,37465040,PIEI04_L.avi,51929,34.6193,3.246,4.012,1649.032,32.041,NA,AD,Passing
PIEI04_1806,Cheilodactylidae,Cheilodactylus,nigripes,1,409.16,37377001,PIEI04_L.avi,80515,53.6767,13.528,7.973,2832.913,28.238,NA,AD,Passing
PIEI04_1806,Scorpididae,Scorpis,aequipinnis,1,333.382,37361004,PIEI04_L.avi,82763,55.1753,8.046,4.657,2147.177,17.356,Measure,AD,Passing
PIEI04_1806,Odacidae,Olisthops,cyanomelas,1,401.029,37385001,PIEI04_L.avi,84189,56.126,9.385,1.698,2917.671,19.891,Measure,AD,Passing
PIEO01_1806,Monacanthidae,Meuschenia,galii,1,239.51,37465040,PIEO01_L.avi,6289,4.1927,2.082,3.391,1846.202,10.926,NA,AD,Passing
PIEO01_1806,Labridae,Notolabrus,tetricus,1,266.755,37384003,PIEO01_L.avi,23264,15.5093,7.368,2.561,2305.469,5.973,NA,AD,Passing
PIEO01_1806,Labridae,Notolabrus,tetricus,1,235.707,37384003,PIEO01_L.avi,23273,15.5153,2.437,1.004,1317.209,26.396,NA,AD,Passing
PIEO01_1806,Labridae,Notolabrus,tetricus,1,304.975,37384003,PIEO01_L.avi,23332,15.5547,4.322,0.906,2314.402,26.131,NA,AD,Passing
PIEO01_1806,Labridae,Notolabrus,tetricus,1,380.921,37384003,PIEO01_L.avi,23353,15.5687,1.57,0.914,1550.025,18.304,NA,AD,Passing
PIEO01_1806,Monacanthidae,Meuschenia,hippocrepis,1,368.937,37465004,PIEO01_L.avi,43209,28.806,1.391,2.204,1323.903,9.455,NA,AD,Passing
PIEO01_1806,Monacanthidae,Meuschenia,hippocrepis,1,345.64,37465004,PIEO01_L.avi,43363,28.9087,3.119,4.573,2387.64,3.329,NA,AD,Passing
PIEO01_1806,Monacanthidae,Meuschenia,hippocrepis,1,376.886,37465004,PIEO01_L.avi,43363,28.9087,2.389,8.153,1745.124,28.478,NA,AD,Passing
PIEO01_1806,Monacanthidae,Meuschenia,hippocrepis,1,391.294,37465004,PIEO01_L.avi,43363,28.9087,2.831,4.839,1314.409,21.818,NA,AD,Passing
PIEO01_1806,Monacanthidae,Meuschenia,hippocrepis,1,350.975,37465004,PIEO01_L.avi,43371,28.914,3.423,2.296,1946.223,19.358,NA,AD,Passing
PIEO01_1806,Monacanthidae,Acanthaluteres,vittiger,1,278.199,37465002,PIEO01_L.avi,46486,30.9907,5.537,9.11,3150.783,13.178,Measure,AD,Passing
PIEO01_1806,Carangidae,Pseudocaranx,sp,1,272.492,37337924,PIEO01_L.avi,64369,42.9127,4.412,2.292,1723.94,4.759,NA,AD,Attracted
PIEO02_1806,Monacanthidae,Meuschenia,hippocrepis,1,368.624,37465004,PIEO02_L.avi,27874,18.5827,3.72,54.359,1650.13,20.675,NA,AD,Passing
PIEO02_1806,Labridae,Notolabrus,tetricus,1,242.323,37384003,PIEO02_L.avi,54761,36.5073,2.275,48.803,1156.965,27.149,NA,AD,Passing
PIEO02_1806,Labridae,Notolabrus,tetricus,1,275.876,37384003,PIEO02_L.avi,54761,36.5073,2.143,30.184,1527.425,16.218,NA,AD,Passing
PINI02_1806,Labridae,Austrolabrus,maculatus,1,119.735,37384025,PINI02_L.avi,10267,6.8447,0.779,0.413,952.033,20.137,NA,AD,Passing
PINI02_1806,Mullidae,Upeneichthys,vlamingii,1,132.519,37355029,PINI02_L.avi,20027,13.3513,6.889,4.07,2242.466,25.498,NA,AD,Passing
PINI02_1806,Pinguipedidae,Parapercis,ramsayi,1,145.492,37390002,PINI02_L.avi,44217,29.478,1.095,2.539,1014.93,19.405,Measure,AD,Passing
PINI02_1806,Labridae,Notolabrus,parilus,1,213.711,37384022,PINI02_L.avi,45866,30.5773,0.561,2.417,728.804,5.355,Measure,F,Feeding
PINI02_1806,Monacanthidae,Acanthaluteres,vittiger,1,96.418,37465002,PINI02_L.avi,54707,36.4713,0.77,1.024,717.897,21.335,NA,AD,Passing
PINI02_1806,Monacanthidae,Acanthaluteres,vittiger,1,59.736,37465002,PINI02_L.avi,54707,36.4713,1.363,1.359,1116.729,21.764,NA,AD,Passing
PINI02_1806,Monacanthidae,Acanthaluteres,vittiger,1,86.892,37465002,PINI02_L.avi,54707,36.4713,1.03,3.738,1329.908,1.197,NA,AD,Passing
PINI02_1806,Monacanthidae,Acanthaluteres,vittiger,1,154.474,37465002,PINI02_L.avi,54707,36.4713,2.145,3.631,1200.876,18.185,NA,AD,Passing
PINI02_1806,Monacanthidae,Acanthaluteres,vittiger,1,145.542,37465002,PINI02_L.avi,54731,36.4873,0.98,2.615,1279.087,7.372,NA,AD,Passing
PINI02_1806,Monacanthidae,Acanthaluteres,vittiger,1,123.167,37465002,PINI02_L.avi,54731,36.4873,2.555,4.274,1203.577,3.909,NA,AD,Passing
PINI02_1806,Monacanthidae,Thamnaconus,degeni,1,199.05,37465037,PINI02_L.avi,55152,36.768,0.998,2.068,1242.372,5.558,NA,AD,Passing
PINI02_1806,Monacanthidae,Thamnaconus,degeni,1,188.308,37465037,PINI02_L.avi,55204,36.8027,4.651,4.223,1591.758,13.684,NA,AD,Passing
PINI02_1806,Gerreidae,Parequula,melbournensis,1,118.692,37349001,PINI02_L.avi,80764,53.8427,1.557,2.864,1323.519,26.022,Measure,AD,Passing
PINI02_1806,Gerreidae,Parequula,melbournensis,1,63.096,37349001,PINI02_L.avi,80798,53.8653,2.866,0.684,1312.152,27.205,Measure,AD,Passing
PINI02_1806,Gerreidae,Parequula,melbournensis,1,118.987,37349001,PINI02_L.avi,80814,53.876,2.883,1.56,1454.476,25.697,Measure,AD,Passing
PINI02_1806,Monacanthidae,Meuschenia,freycineti,1,322.011,37465036,PINI02_L.avi,83263,55.5087,3.575,0.517,1622.992,24.637,NA,AD,Passing
PINI02_1806,Dasyatidae,Dasyatis,brevicaudata,1,1143.637,37035001,PINI02_L.avi,94404,62.936,4.548,38.582,2360.946,17.151,NA,AD,Passing
PINI03_1806,Mullidae,Upeneichthys,vlamingii,1,214.12,37355029,PINI03_L.avi,15622,10.4147,5.757,0.78,1835.632,30.009,NA,AD,Passing
PINI03_1806,Gerreidae,Parequula,melbournensis,1,104.388,37349001,PINI03_L.avi,30757,20.5047,0.957,1.307,970.942,21.839,NA,AD,Passing
PINI03_1806,Gerreidae,Parequula,melbournensis,1,128.6,37349001,PINI03_L.avi,30757,20.5047,3.152,1.814,1541.384,5.131,NA,AD,Passing
PINI03_1806,Scyliorhinidae,Asymbolus,vincenti,1,360.838,37015003,PINI03_L.avi,37032,24.688,1.104,1.395,1140.14,10.996,NA,AD,Passing
PINI03_1806,Labridae,Pictilabrus,laticlavius,1,239.453,37384020,PINI03_L.avi,40308,26.872,8.133,2.707,2224.671,24.203,NA,AD,Passing
PINI03_1806,Labridae,Notolabrus,tetricus,1,227.354,37384003,PINI03_L.avi,40791,27.194,2.355,1.713,1604.038,19.966,NA,AD,Passing
PINI03_1806,Labridae,Notolabrus,parilus,1,329.704,37384022,PINI03_L.avi,44497,29.6647,2.643,0.913,1388.147,13.712,Measure,AD,Passing
PINI03_1806,Labridae,Notolabrus,parilus,1,288.858,37384022,PINI03_L.avi,44892,29.928,0.942,3.107,968.371,27.476,Measure,AD,Passing
PINI03_1806,Moridae,Lotella,rhacina,1,352.46,37224005,PINI03_L.avi,45860,30.5733,1.1,0.686,1032.722,22.242,Measure,AD,Passing
PINI03_1806,Labridae,Ophthalmolepis,lineolatus,1,216.513,37384040,PINI03_L.avi,55073,36.7153,11.188,0.6,2836.218,21.161,NA,AD,Passing
PINI03_1806,Monacanthidae,Acanthaluteres,vittiger,1,157.383,37465002,PINI03_L.avi,88066,58.7107,0.933,2.111,993.557,21.029,NA,AD,Passing
PINI03_1806,Monacanthidae,Acanthaluteres,vittiger,1,219.69,37465002,PINI03_L.avi,88095,58.73,0.979,1.174,823.035,13.204,NA,AD,Passing
PINI03_1806,Monacanthidae,Acanthaluteres,vittiger,1,175.975,37465002,PINI03_L.avi,88182,58.788,0.674,0.667,659.243,14.218,NA,AD,Passing
PINI03_1806,Monacanthidae,Thamnaconus,degeni,1,188.597,37465037,PINI03_L.avi,91708,61.1387,1.375,2.296,983.35,1.783,NA,AD,Passing
PINI03_1806,Monacanthidae,Thamnaconus,degeni,1,166.916,37465037,PINI03_L.avi,91812,61.208,2.126,0.78,1202.709,2.397,NA,AD,Passing
PINI04_1806,Ostraciidae,Aracana,aurita,1,114.94,37466003,PINI04_L.avi,49520,33.0133,5.095,1.257,2015.857,29.098,NA,AD,Passing
PINI04_1806,Monacanthidae,Acanthaluteres,vittiger,1,120.422,37465002,PINI04_L.avi,55344,36.896,1.195,8.674,1079.876,10.985,NA,AD,Passing
PINI04_1806,Monacanthidae,Acanthaluteres,vittiger,1,121.385,37465002,PINI04_L.avi,55344,36.896,2.876,1.548,1538.234,18.54,NA,AD,Passing
PINI04_1806,Monacanthidae,Acanthaluteres,vittiger,1,147.785,37465002,PINI04_L.avi,55378,36.9187,2.36,1.676,1436.783,4.805,NA,AD,Passing
PINI04_1806,Mullidae,Upeneichthys,vlamingii,1,154.97,37355029,PINI04_L.avi,58259,38.8393,2.319,1.221,1464.46,32.446,Measure,AD,Passing
PINI04_1806,Gerreidae,Parequula,melbournensis,1,136.537,37349001,PINI04_L.avi,58967,39.3113,3.971,5.155,1554.064,24.267,Measure,AD,Passing
PINI04_1806,Gerreidae,Parequula,melbournensis,1,135.669,37349001,PINI04_L.avi,58967,39.3113,4.324,16.636,1723.909,31.083,Measure,AD,Passing
PINI04_1806,Gerreidae,Parequula,melbournensis,1,116.824,37349001,PINI04_L.avi,58967,39.3113,2.703,4.125,1538.701,31.127,Measure,AD,Passing
PINI04_1806,Loliginidae,Sepioteuthis,australis,1,285.373,23617005,PINI04_L.avi,59403,39.602,11.921,9.058,3420.166,23.652,NA,AD,Passing
PINI04_1806,Monacanthidae,Thamnaconus,degeni,1,138.979,37465037,PINI04_L.avi,81679,54.4527,0.973,8.944,1326.184,2.598,NA,AD,Passing
PINO01_1806,Pinguipedidae,Parapercis,ramsayi,1,148.406,37390002,PINO01_L.avi,18091,12.0607,1.499,0.682,1461.124,24.724,Measure,AD,Passing
PINO01_1806,Pinguipedidae,Parapercis,haackei,1,116.551,37390004,PINO01_L.avi,23015,15.3433,5.16,2.666,2658.748,30.451,NA,AD,Passing
PINO01_1806,Gerreidae,Parequula,melbournensis,1,115.882,37349001,PINO01_L.avi,27204,18.136,1.935,0.885,1779.303,15.116,NA,AD,Passing
PINO01_1806,Mullidae,Upeneichthys,vlamingii,1,161.931,37355029,PINO01_L.avi,36367,24.2447,1.819,2.09,1473.634,23.411,NA,AD,Attracted
PINO01_1806,Dasyatidae,Dasyatis,brevicaudata,1,813.835,37035001,PINO01_L.avi,51030,34.02,3.001,5.353,2288.299,9.42,Measure,F,Attracted
PINO01_1806,Monacanthidae,Acanthaluteres,vittiger,1,149.776,37465002,PINO01_L.avi,69186,46.124,1.561,0.813,1334.659,9.698,NA,AD,Passing
PINO01_1806,Monacanthidae,Acanthaluteres,vittiger,1,106.152,37465002,PINO01_L.avi,69186,46.124,1.032,0.875,862.725,12.462,NA,AD,Passing
PINO01_1806,Monacanthidae,Acanthaluteres,vittiger,1,157.368,37465002,PINO01_L.avi,69186,46.124,1.044,2.828,995.471,5.145,NA,AD,Passing
PINO01_1806,Monacanthidae,Acanthaluteres,vittiger,1,152.603,37465002,PINO01_L.avi,69186,46.124,0.902,1.963,985.463,15.375,NA,AD,Passing
PINO01_1806,Monacanthidae,Thamnaconus,degeni,1,179.278,37465037,PINO01_L.avi,80385,53.59,1.169,0.893,1173.361,4.773,NA,AD,Passing
PINO01_1806,Monacanthidae,Thamnaconus,degeni,1,160.543,37465037,PINO01_L.avi,80387,53.5913,1.545,9.623,1243.774,1.308,NA,AD,Passing
PINO02_1806,Mullidae,Upeneichthys,vlamingii,1,221.552,37355029,PINO02_L.avi,19577,13.0513,3.859,2.842,2094.971,25.707,NA,AD,Passing
PINO02_1806,Gerreidae,Parequula,melbournensis,1,130.875,37349001,PINO02_L.avi,22130,14.7533,1.751,3.34,972.27,22.043,NA,AD,Passing
PINO02_1806,Dasyatidae,Dasyatis,brevicaudata,1,907.76,37035001,PINO02_L.avi,29014,19.3427,5.916,11.806,1900.849,19.142,NA,AD,Passing
PINO02_1806,Labridae,Notolabrus,parilus,1,318.932,37384022,PINO02_L.avi,30518,20.3453,4.521,1.187,1819.475,24.753,NA,AD,Passing
PINO02_1806,Monacanthidae,Thamnaconus,degeni,1,139.475,37465037,PINO02_L.avi,54944,36.6293,0.89,2.21,808.077,21.066,NA,AD,Passing
PINO02_1806,Monacanthidae,Thamnaconus,degeni,1,159.731,37465037,PINO02_L.avi,54944,36.6293,1.485,2.938,1253.075,20.92,NA,AD,Passing
PINO02_1806,Monacanthidae,Thamnaconus,degeni,1,137.083,37465037,PINO02_L.avi,54944,36.6293,1.116,0.832,934.676,18.287,NA,AD,Passing
PINO02_1806,Monacanthidae,Thamnaconus,degeni,1,143.041,37465037,PINO02_L.avi,54959,36.6393,2.047,1.311,1403.406,20.399,NA,AD,Passing
PINO02_1806,Triakidae,Mustelus,antarcticus,1,1259.53,37017001,PINO02_L.avi,82655,55.1033,6.903,19.133,2346.335,12.54,NA,AD,Passing
PINO02_1806,Triakidae,Mustelus,antarcticus,1,1422.525,37017001,PINO02_L.avi,82918,55.2787,5.919,15.284,3083.141,12.1,NA,AD,Passing
PINO02_1806,Serranidae,Caesioperca,rasor,1,170.268,37311003,PINO02_L.avi,83949,55.966,3.415,4.867,1760.91,28.845,NA,AD,Passing
PINO02_1806,Serranidae,Caesioperca,rasor,1,174.719,37311003,PINO02_L.avi,83969,55.9793,6.362,9.34,2796.002,25.663,NA,AD,Passing
PINO02_1806,Serranidae,Caesioperca,rasor,1,195.641,37311003,PINO02_L.avi,83974,55.9827,3.523,3.908,2005.2,8.988,NA,AD,Passing
PINO02_1806,Serranidae,Caesioperca,rasor,1,158.759,37311003,PINO02_L.avi,83974,55.9827,1.923,3.474,1997.069,10.93,NA,AD,Passing
PINO04_1806,Gerreidae,Parequula,melbournensis,1,61.097,37349001,PINO04_L.avi,9263,6.1753,2.246,25.564,1347.034,31.763,NA,AD,Passing
PINO04_1806,Labridae,Austrolabrus,maculatus,1,76.574,37384025,PINO04_L.avi,11158,7.4387,1.141,4.699,1362.411,15.625,Measure,AD,Passing
PINO04_1806,Mullidae,Upeneichthys,vlamingii,1,170.787,37355029,PINO04_L.avi,35253,23.502,4.538,80.518,2016.943,22.421,NA,AD,Passing
PINO04_1806,Pinguipedidae,Parapercis,ramsayi,1,71.211,37390002,PINO04_L.avi,36416,24.2773,1.308,22.675,1401.224,21.322,Measure,AD,Passing
PINO04_1806,Pinguipedidae,Parapercis,ramsayi,1,122.291,37390002,PINO04_L.avi,36416,24.2773,3.034,7.593,1768.761,19.079,Measure,AD,Passing
PIWI01_1806,Cheilodactylidae,Cheilodactylus,nigripes,1,311.309,37377001,PIWI01_L.avi,12753,8.502,0.763,0.694,736.398,18.863,NA,AD,Passing
PIWI01_1806,Labridae,Pictilabrus,laticlavius,1,203.573,37384020,PIWI01_L.avi,16027,10.6847,0.456,2.069,598.993,14.093,Measure,AD,Passing
PIWI01_1806,Labridae,Notolabrus,tetricus,1,234.772,37384003,PIWI01_L.avi,19495,12.9967,0.642,2.401,735.499,11.293,NA,AD,Passing
PIWI01_1806,Labridae,Notolabrus,tetricus,1,242.1,37384003,PIWI01_L.avi,19510,13.0067,1.645,1.098,950.603,19.529,NA,AD,Passing
PIWI01_1806,Labridae,Notolabrus,tetricus,1,236.269,37384003,PIWI01_L.avi,19531,13.0207,2.086,7.516,1459.153,23.885,NA,AD,Passing
PIWI01_1806,Labridae,Notolabrus,tetricus,1,261.125,37384003,PIWI01_L.avi,19540,13.0267,1.747,6.537,1638.302,20.873,NA,AD,Passing
PIWI01_1806,Labridae,Austrolabrus,maculatus,1,147.232,37384025,PIWI01_L.avi,19910,13.2733,1.309,1.748,1268.809,28.362,NA,AD,Passing
PIWI01_1806,Monacanthidae,Meuschenia,hippocrepis,1,335.044,37465004,PIWI01_L.avi,20713,13.8087,2.166,1.573,1578.505,23.12,NA,AD,Passing
PIWI01_1806,Monacanthidae,Meuschenia,hippocrepis,1,250.449,37465004,PIWI01_L.avi,20713,13.8087,1.372,2.847,1131.842,12.327,NA,AD,Passing
PIWI01_1806,Monacanthidae,Meuschenia,hippocrepis,1,316.714,37465004,PIWI01_L.avi,20731,13.8207,0.826,2.334,791.761,9.251,NA,AD,Passing
PIWI01_1806,Monacanthidae,Meuschenia,hippocrepis,1,371.05,37465004,PIWI01_L.avi,20741,13.8273,2.504,5.341,1371.374,25.091,NA,AD,Passing
PIWI01_1806,Labridae,Notolabrus,parilus,1,360.25,37384022,PIWI01_L.avi,22528,15.0187,0.889,2.358,900.323,17.947,Measure,M,Attracted
PIWI01_1806,Monacanthidae,Meuschenia,galii,1,214.801,37465040,PIWI01_L.avi,27531,18.354,4.688,2.825,1708.243,27.506,NA,AD,Passing
PIWI01_1806,Monacanthidae,Meuschenia,freycineti,1,337.727,37465036,PIWI01_L.avi,31202,20.8013,1.124,2.445,1124.625,27.927,NA,AD,Passing
PIWI01_1806,Serranidae,Othos,dentex,1,320.091,37311005,PIWI01_L.avi,44445,29.63,2.359,6.869,1371.271,20.826,Measure,AD,Passing
PIWI01_1806,Kyphosidae,Girella,zebra,1,290.925,37361008,PIWI01_L.avi,51009,34.006,2.096,3.8,1646.768,26.907,NA,AD,Passing
PIWI01_1806,Labridae,Ophthalmolepis,lineolatus,1,275.581,37384040,PIWI01_L.avi,54402,36.268,1.779,5.811,1138.112,25.866,Measure,AD,Passing
PIWI01_1806,Odacidae,Olisthops,cyanomelas,1,335.093,37385001,PIWI01_L.avi,67262,44.8413,9.383,2.084,3068.119,26.261,NA,AD,Passing
PIWI01_1806,Monacanthidae,Meuschenia,flavolineata,1,269.025,37465035,PIWI01_L.avi,70599,47.066,16.787,1.464,3281.322,27.622,NA,AD,Passing
PIWI01_1806,Monacanthidae,Meuschenia,flavolineata,1,260.543,37465035,PIWI01_L.avi,70599,47.066,3.863,3.738,1729.273,20.401,NA,AD,Passing
PIWI02_1806,Pomacentridae,Parma,victoriae,1,145.505,37372006,PIWI02_L.avi,7974,5.316,7.578,9.024,2974.149,25.549,NA,AD,Passing
PIWI02_1806,Monacanthidae,Meuschenia,galii,1,208.14,37465040,PIWI02_L.avi,20502,13.668,2.133,1.323,1248.926,22.29,NA,AD,Passing
PIWI02_1806,Monacanthidae,Meuschenia,galii,1,261.141,37465040,PIWI02_L.avi,20821,13.8807,1.101,2.7,1263.112,7.67,NA,AD,Passing
PIWI02_1806,Monacanthidae,Acanthaluteres,vittiger,1,275.172,37465002,PIWI02_L.avi,31114,20.7427,0.57,2.597,687.476,14.556,NA,AD,Passing
PIWI02_1806,Labridae,Notolabrus,parilus,1,410.84,37384022,PIWI02_L.avi,34127,22.7513,3.088,8.955,1276.991,25.213,NA,AD,Passing
PIWI02_1806,Labridae,Notolabrus,tetricus,1,281.351,37384003,PIWI02_L.avi,35838,23.892,5.246,6.913,2168.405,5.376,NA,AD,Passing
PIWI02_1806,Labridae,Notolabrus,tetricus,1,242.807,37384003,PIWI02_L.avi,35838,23.892,3.442,8.561,2031.99,5.743,NA,AD,Passing
PIWI02_1806,Labridae,Notolabrus,tetricus,1,223.306,37384003,PIWI02_L.avi,35838,23.892,0.42,2.888,476.792,3.139,NA,AD,Passing
PIWI02_1806,Labridae,Notolabrus,tetricus,1,258.672,37384003,PIWI02_L.avi,35879,23.9193,0.871,2.861,913.743,20.867,NA,AD,Passing
PIWI02_1806,Labridae,Notolabrus,tetricus,1,260.949,37384003,PIWI02_L.avi,35924,23.9493,1.37,3.431,1515.44,16.709,NA,AD,Passing
PIWI02_1806,Monacanthidae,Meuschenia,hippocrepis,1,351.74,37465004,PIWI02_L.avi,39619,26.4127,4.482,0.657,1602.142,26.507,NA,AD,Passing
PIWI02_1806,Monacanthidae,Meuschenia,hippocrepis,1,339.076,37465004,PIWI02_L.avi,39646,26.4307,5.462,0.487,2137.075,12.484,NA,AD,Passing
PIWI02_1806,Monacanthidae,Meuschenia,hippocrepis,1,281.378,37465004,PIWI02_L.avi,39653,26.4353,1.191,1.888,1427.907,10.606,NA,AD,Passing
PIWI02_1806,Monacanthidae,Meuschenia,hippocrepis,1,378.893,37465004,PIWI02_L.avi,39655,26.4367,2.354,10.945,1161.987,20.775,NA,AD,Passing
PIWI02_1806,Monacanthidae,Meuschenia,hippocrepis,1,260.925,37465004,PIWI02_L.avi,39666,26.444,1.209,2.777,1424.827,18.38,NA,AD,Passing
PIWI02_1806,Monacanthidae,Meuschenia,hippocrepis,1,336.45,37465004,PIWI02_L.avi,39666,26.444,7.004,5.768,2664.881,20.832,NA,AD,Passing
PIWI02_1806,Monacanthidae,Meuschenia,hippocrepis,1,241.846,37465004,PIWI02_L.avi,39666,26.444,7.556,3.491,2167.684,10.691,NA,AD,Passing
PIWI02_1806,Kyphosidae,Girella,zebra,1,280.083,37361008,PIWI02_L.avi,42624,28.416,1.442,5.277,1908.667,1.303,NA,AD,Passing
PIWI02_1806,Monacanthidae,Meuschenia,flavolineata,1,224.159,37465035,PIWI02_L.avi,57045,38.03,3.759,3.524,1528.699,22.24,Measure,AD,Passing
PIWI02_1806,Enoplosidae,Enoplosus,armatus,1,180.748,37366001,PIWI02_L.avi,91737,61.158,5.35,2.523,1798.988,3.544,NA,AD,Passing
PIWI03_1806,Monacanthidae,Meuschenia,galii,1,265.227,37465040,PIWI03_L.avi,19221,12.814,1.695,2.522,1240.097,25.653,NA,AD,Passing
PIWI03_1806,Labridae,Pictilabrus,laticlavius,1,250.49,37384020,PIWI03_L.avi,19381,12.9207,1.894,8.753,1290.198,13.368,NA,AD,Passing
PIWI03_1806,Labridae,Pictilabrus,laticlavius,1,164.032,37384020,PIWI03_L.avi,19425,12.95,1.316,6.68,1372.514,7.73,NA,AD,Passing
PIWI03_1806,Monacanthidae,Meuschenia,hippocrepis,1,336.205,37465004,PIWI03_L.avi,40326,26.884,1.042,7.538,1138.272,17.229,NA,AD,Passing
PIWI03_1806,Monacanthidae,Meuschenia,hippocrepis,1,286.219,37465004,PIWI03_L.avi,40357,26.9047,0.68,4.109,736.705,17.614,NA,AD,Passing
PIWI03_1806,Monacanthidae,Meuschenia,hippocrepis,1,278.925,37465004,PIWI03_L.avi,40362,26.908,1.487,1.549,1292.405,29.283,NA,AD,Passing
PIWI03_1806,Monacanthidae,unknown,sp,1,341.075,37465903,PIWI03_L.avi,49074,32.716,1.492,2.947,1174.824,30.156,NA,AD,Passing
PIWI03_1806,Labridae,Notolabrus,parilus,1,194.399,37384022,PIWI03_L.avi,57370,38.2467,0.651,5.272,740.455,24.076,Measure,AD,Passing
PIWI03_1806,Labridae,Notolabrus,tetricus,1,238.036,37384003,PIWI03_L.avi,57987,38.658,1.992,2.403,1316.818,17.73,NA,AD,Passing
PIWI03_1806,Labridae,Notolabrus,tetricus,1,244.746,37384003,PIWI03_L.avi,58021,38.6807,1.108,9.334,1393.544,16.269,NA,AD,Passing
PIWI03_1806,Labridae,Notolabrus,tetricus,1,267.195,37384003,PIWI03_L.avi,58021,38.6807,1.188,0.655,1028.017,21.179,NA,AD,Passing
PIWI03_1806,Labridae,Notolabrus,tetricus,1,208.392,37384003,PIWI03_L.avi,58037,38.6913,1.293,14.076,937.292,21.376,NA,AD,Passing
PIWI04_1806,Odacidae,Olisthops,cyanomelas,1,334.97,37385001,PIWI04_L.avi,5752,3.8347,3.453,2.505,1937.296,24.466,NA,AD,Passing
PIWI04_1806,Enoplosidae,Enoplosus,armatus,1,188.98,37366001,PIWI04_L.avi,5849,3.8993,4.959,1.174,2134.11,28.261,NA,AD,Passing
PIWI04_1806,Monacanthidae,Meuschenia,galii,1,253.05,37465040,PIWI04_L.avi,8023,5.3487,3.598,0.411,2635.598,15.221,NA,AD,Passing
PIWI04_1806,Monacanthidae,Meuschenia,galii,1,199.577,37465040,PIWI04_L.avi,8023,5.3487,5.26,0.967,2385.492,15.561,NA,AD,Passing
PIWI04_1806,Labridae,Notolabrus,tetricus,1,397.057,37384003,PIWI04_L.avi,8023,5.3487,5.962,1.969,2593.194,4.406,NA,AD,Passing
PIWI04_1806,Monacanthidae,Meuschenia,hippocrepis,1,259.885,37465004,PIWI04_L.avi,16904,11.2693,1.736,2.795,1751.485,7.819,NA,AD,Passing
PIWI04_1806,Monacanthidae,Meuschenia,hippocrepis,1,206.829,37465004,PIWI04_L.avi,16904,11.2693,2.532,2.98,1669.726,20.807,NA,AD,Passing
PIWI04_1806,Monacanthidae,Meuschenia,hippocrepis,1,288.611,37465004,PIWI04_L.avi,16904,11.2693,1.655,0.537,1441.037,7.494,NA,AD,Passing
PIWI04_1806,Odacidae,Heteroscarus,acroptilus,1,228.974,37385010,PIWI04_L.avi,23001,15.334,6.325,1.097,1916.369,14.193,Measure,AD,Passing
PIWI04_1806,Monacanthidae,Meuschenia,flavolineata,1,216.745,37465035,PIWI04_L.avi,42327,28.218,5.857,0.665,2257.781,17.234,Measure,AD,Passing
PIWI04_1806,Monacanthidae,Acanthaluteres,vittiger,1,251.002,37465002,PIWI04_L.avi,45785,30.5233,1.337,2.635,981.288,20.699,NA,AD,Passing
PIWI04_1806,Labridae,Pictilabrus,laticlavius,1,169.795,37384020,PIWI04_L.avi,60523,40.3487,7.532,2.158,2431.56,5.847,NA,AD,Passing
PIWI04_1806,Labridae,Pictilabrus,laticlavius,1,181.94,37384020,PIWI04_L.avi,60548,40.3653,2.101,1.751,2007.689,7.405,NA,AD,Passing
PIWI04_1806,Cheilodactylidae,Cheilodactylus,nigripes,1,315.449,37377001,PIWI04_L.avi,63632,42.4213,4.071,2.053,2195.038,13.222,NA,AD,Attracted
PIWI04_1806,Labridae,Notolabrus,tetricus,1,259.421,37384003,PIWI04_L.avi,68126,45.4173,3.472,0.439,1775.464,20.569,NA,AD,Passing
PIWI04_1806,Labridae,Notolabrus,tetricus,1,284.069,37384003,PIWI04_L.avi,68162,45.4413,1.369,4.665,1236.215,23.431,NA,AD,Passing
PIWI04_1806,Labridae,Notolabrus,tetricus,1,234.656,37384003,PIWI04_L.avi,68162,45.4413,1.621,5.745,1254.537,21.797,NA,AD,Passing
PIWI04_1806,Lamnidae,Carcharodon,carcharias,1,3200.937,37010003,PIWI04_L.avi,76267,50.8447,14.124,4.869,4313.511,12.766,NA,M,Passing
PIWI04_1806,Chaetodontidae,Chelmonops,curiosus,1,118.658,37365066,PIWI04_L.avi,89765,59.8433,1.903,1.797,1283.048,30.094,NA,AD,Passing
PIWO01_1806,Cheilodactylidae,Cheilodactylus,nigripes,1,292.202,37377001,PIWO01_L.avi,7751,5.1673,4.217,1.941,2332.977,21.086,NA,AD,Passing
PIWO01_1806,Labridae,Pictilabrus,laticlavius,1,197.69,37384020,PIWO01_L.avi,8411,5.6073,0.483,2.802,577.598,8.308,NA,AD,Attracted
PIWO01_1806,Labridae,Notolabrus,tetricus,1,173.257,37384003,PIWO01_L.avi,11483,7.6553,0.817,1.772,1034.524,13.039,measure,F,Attracted
PIWO01_1806,Enoplosidae,Enoplosus,armatus,1,156.276,37366001,PIWO01_L.avi,13149,8.766,6.753,6.062,2570.69,31.528,NA,AD,Attracted
PIWO01_1806,Carangidae,Pseudocaranx,sp,1,212.455,37337924,PIWO01_L.avi,38723,25.8153,0.81,1.753,792.982,5.593,measure,AD,Attracted
PIWO01_1806,Carangidae,Pseudocaranx,sp,1,201.779,37337924,PIWO01_L.avi,38723,25.8153,0.973,1.307,799.819,6.834,measure,AD,Attracted
PIWO01_1806,Carangidae,Pseudocaranx,sp,1,222.939,37337924,PIWO01_L.avi,38723,25.8153,0.666,5.161,839.521,19.406,measure,AD,Attracted
PIWO01_1806,Carangidae,Pseudocaranx,sp,1,191.016,37337924,PIWO01_L.avi,38723,25.8153,0.895,2.47,805.206,15.887,measure,AD,Attracted
PIWO01_1806,Monacanthidae,Meuschenia,flavolineata,1,241.79,37337924,PIWO01_L.avi,46335,30.89,1.289,2.582,1050.735,12.809,NA,AD,Passing
PIWO01_1806,Chironemidae,Chironemus,maculosus,1,170.098,37337924,PIWO01_L.avi,54695,36.4633,0.87,10.525,992.659,7.787,NA,AD,Passing
PIWO01_1806,Monacanthidae,Meuschenia,galii,1,215.932,37337924,PIWO01_L.avi,71306,47.5373,1.269,2.892,1200.824,7.465,NA,AD,Passing
PIWO01_1806,Monacanthidae,Meuschenia,hippocrepis,1,267.338,37337924,PIWO01_L.avi,74162,49.4413,1.072,2.551,997.928,7.226,NA,AD,Passing
PIWO01_1806,Monacanthidae,Meuschenia,hippocrepis,1,211.99,37337924,PIWO01_L.avi,74162,49.4413,1.522,5.899,1041.697,20.063,NA,AD,Passing
PIWO02_1806,Cheilodactylidae,Cheilodactylus,nigripes,1,324.41,37337924,PIWO02_L.avi,7784,5.1893,3.782,2.19,2002.852,27.101,NA,AD,Passing
PIWO02_1806,Labridae,Austrolabrus,maculatus,1,156.091,37337924,PIWO02_L.avi,11531,7.6873,7.617,4.554,2283.523,26.504,NA,AD,Passing
PIWO02_1806,Labridae,Pictilabrus,laticlavius,1,125.769,37337924,PIWO02_L.avi,13075,8.7167,2.351,1.675,1751.454,29.671,NA,AD,Passing
PIWO02_1806,Carangidae,Pseudocaranx,sp,1,207.193,37337924,PIWO02_L.avi,14480,9.6533,3.243,1.819,1892.986,26.647,NA,AD,Passing
PIWO02_1806,Carangidae,Pseudocaranx,sp,1,176.103,37337924,PIWO02_L.avi,14480,9.6533,4.325,2.794,1545.234,24.169,NA,AD,Passing
PIWO02_1806,Carangidae,Pseudocaranx,sp,1,197.404,37337924,PIWO02_L.avi,14480,9.6533,3.075,3.374,1829.238,27.779,NA,AD,Passing
PIWO02_1806,Carangidae,Pseudocaranx,sp,1,193.125,37337924,PIWO02_L.avi,14480,9.6533,2.335,6.886,1765.338,13.579,NA,AD,Passing
PIWO02_1806,Carangidae,Pseudocaranx,sp,1,199.035,37337924,PIWO02_L.avi,14480,9.6533,3.163,4.121,1797.958,2.536,NA,AD,Passing
PIWO02_1806,Carangidae,Pseudocaranx,sp,1,197.543,37337924,PIWO02_L.avi,14480,9.6533,3.633,2.531,1800.399,4.703,NA,AD,Passing
PIWO02_1806,Carangidae,Pseudocaranx,sp,1,223.684,37337924,PIWO02_L.avi,14480,9.6533,4.703,7.016,2428.607,18.315,NA,AD,Passing
PIWO02_1806,Carangidae,Pseudocaranx,sp,1,227.435,37337924,PIWO02_L.avi,14480,9.6533,4.573,4.633,1856.99,15.85,NA,AD,Passing
PIWO02_1806,Carangidae,Pseudocaranx,sp,1,238.3,37337924,PIWO02_L.avi,14480,9.6533,5.105,1.242,1657.399,25.223,NA,AD,Passing
PIWO02_1806,Carangidae,Pseudocaranx,sp,1,218.183,37337924,PIWO02_L.avi,14480,9.6533,4.29,5.092,2085.395,25.644,NA,AD,Passing
PIWO02_1806,Carangidae,Pseudocaranx,sp,1,225.491,37337924,PIWO02_L.avi,14480,9.6533,3.31,5.435,1353.976,21.419,NA,AD,Passing
PIWO02_1806,Carangidae,Pseudocaranx,sp,1,211.788,37337924,PIWO02_L.avi,14480,9.6533,3.254,0.658,1374.282,28.041,NA,AD,Passing
PIWO02_1806,Carangidae,Pseudocaranx,sp,1,220.418,37337924,PIWO02_L.avi,14480,9.6533,3.163,4.128,1414.21,19.968,NA,AD,Passing
PIWO02_1806,Carangidae,Pseudocaranx,sp,1,204.054,37337924,PIWO02_L.avi,14480,9.6533,2.304,4.181,1711.733,12.415,NA,AD,Passing
PIWO02_1806,Carangidae,Pseudocaranx,sp,1,204.272,37337924,PIWO02_L.avi,14480,9.6533,3.055,6.118,1790.052,11.079,NA,AD,Passing
PIWO02_1806,Carangidae,Pseudocaranx,sp,1,224.76,37337924,PIWO02_L.avi,14480,9.6533,3.957,0.426,1504.919,23.054,NA,AD,Passing
PIWO02_1806,Carangidae,Pseudocaranx,sp,1,232.851,37337924,PIWO02_L.avi,14480,9.6533,3.644,3.378,1368.358,23.281,NA,AD,Passing
PIWO02_1806,Carangidae,Pseudocaranx,sp,1,250.992,37337924,PIWO02_L.avi,14480,9.6533,5.057,4.14,1674.645,24.928,NA,AD,Passing
PIWO02_1806,Carangidae,Pseudocaranx,sp,1,241.13,37337924,PIWO02_L.avi,14480,9.6533,4.923,4.356,1669.803,19.739,NA,AD,Passing
PIWO02_1806,Carangidae,Pseudocaranx,sp,1,180.459,37337924,PIWO02_L.avi,14480,9.6533,2.828,2.016,1829.194,15.843,NA,AD,Passing
PIWO02_1806,Carangidae,Pseudocaranx,sp,1,253.54,37337924,PIWO02_L.avi,14480,9.6533,8.449,4.356,2177.49,3.016,NA,AD,Passing
PIWO02_1806,Monacanthidae,Meuschenia,hippocrepis,1,262.88,37465004,PIWO02_L.avi,34855,23.2367,7.262,5.878,2148.236,28.454,NA,AD,Passing
PIWO02_1806,Labridae,Notolabrus,tetricus,1,224.783,37384003,PIWO02_L.avi,38773,25.8487,1.252,2.096,1131.402,25.14,NA,AD,Passing
PIWO02_1806,Labridae,Notolabrus,tetricus,1,212.511,37384003,PIWO02_L.avi,38801,25.8673,1.829,1.064,1009.858,21.089,NA,AD,Passing
PIWO02_1806,Labridae,Notolabrus,parilus,1,405.371,37384022,PIWO02_L.avi,64799,43.1993,2.437,2.968,1625.849,28.231,measure,M,Attracted
PIWO04_1806,Odacidae,Olisthops,cyanomelas,1,307.513,37385001,PIWO04_L.avi,5101,3.4007,10.591,5.608,2438.949,10.154,NA,AD,Passing
PIWO04_1806,Labridae,Notolabrus,tetricus,1,311.092,37384003,PIWO04_L.avi,5740,3.8267,2.399,0.973,1744.567,9.328,NA,F,Attracted
PIWO04_1806,Kyphosidae,Girella,zebra,1,261.04,37361008,PIWO04_L.avi,6582,4.388,3.812,2.27,2093.096,25.591,NA,AD,Passing
PIWO04_1806,Monacanthidae,Acanthaluteres,vittiger,1,260.556,37465002,PIWO04_L.avi,6946,4.6307,11.773,1.641,3069.477,26.022,NA,AD,Passing
PIWO04_1806,Monacanthidae,Meuschenia,flavolineata,1,153.593,37465035,PIWO04_L.avi,14149,9.4327,6.906,4.754,2082.884,20.579,NA,AD,Passing
PIWO04_1806,Monacanthidae,Meuschenia,hippocrepis,1,330.521,37465004,PIWO04_L.avi,22327,14.8847,2.234,2.136,1428.553,2.699,NA,AD,Passing
PIWO04_1806,Monacanthidae,Meuschenia,hippocrepis,1,375.096,37465004,PIWO04_L.avi,22327,14.8847,3.862,2.79,1437.742,12.973,NA,AD,Passing
PIWO04_1806,Dinolestidae,Dinolestes,lewini,1,198.328,37 327002,PIWO04_L.avi,25975,17.3167,8.725,5.099,2558.022,23.978,NA,AD,Passing
PIWO04_1806,Dinolestidae,Dinolestes,lewini,1,187.848,37 327002,PIWO04_L.avi,25975,17.3167,5.186,2.998,1842.749,31.418,NA,AD,Passing
PIWO04_1806,Monacanthidae,Meuschenia,galii,1,257.976,37465040,PIWO04_L.avi,26218,17.4787,0.666,0.276,852.447,13.448,measure,AD,Passing
PIWO04_1806,Labridae,Pictilabrus,laticlavius,1,216.426,37384020,PIWO04_L.avi,56323,37.5487,1.446,3.857,844.089,17.766,NA,AD,Passing
PIWO04_1806,Carangidae,Pseudocaranx,sp,1,222.662,37337924,PIWO04_L.avi,70063,46.7087,0.858,8.107,1086.133,17.1,NA,AD,Passing
PIWO04_1806,Carangidae,Pseudocaranx,sp,1,171.079,37337924,PIWO04_L.avi,70063,46.7087,2.463,6.856,1301.648,27.725,NA,AD,Passing
PIWO04_1806,Carangidae,Pseudocaranx,sp,1,217.002,37337924,PIWO04_L.avi,70063,46.7087,1.411,2.945,1564.699,15.09,NA,AD,Passing
PIWO04_1806,Carangidae,Pseudocaranx,sp,1,229.242,37337924,PIWO04_L.avi,70063,46.7087,3.405,0.262,1572.34,23.172,NA,AD,Passing
PIWO04_1806,Carangidae,Pseudocaranx,sp,1,218.723,37337924,PIWO04_L.avi,70063,46.7087,3.341,1.405,1759.54,19.757,NA,AD,Passing
PIWO04_1806,Carangidae,Pseudocaranx,sp,1,215.977,37337924,PIWO04_L.avi,70063,46.7087,2.297,4.019,1604.682,11.286,NA,AD,Passing
PIWO04_1806,Carangidae,Pseudocaranx,sp,1,235.622,37337924,PIWO04_L.avi,70063,46.7087,1.804,2.3,1735.198,8.072,NA,AD,Passing
PIWO04_1806,Carangidae,Pseudocaranx,sp,1,202.639,37337924,PIWO04_L.avi,70063,46.7087,4.885,4.293,1806.973,20.14,NA,AD,Passing
PIWO04_1806,Carangidae,Pseudocaranx,sp,1,231.881,37337924,PIWO04_L.avi,70063,46.7087,2.881,4.44,1675.351,24.097,NA,AD,Passing
PIWO04_1806,Carangidae,Pseudocaranx,sp,1,185.284,37337924,PIWO04_L.avi,70063,46.7087,1.222,10.527,1520.49,5.83,NA,AD,Passing
PIWO04_1806,Carangidae,Pseudocaranx,sp,1,232.108,37337924,PIWO04_L.avi,70063,46.7087,2.65,3.617,1809.337,25.631,NA,AD,Passing
PIWO04_1806,Carangidae,Pseudocaranx,sp,1,210.717,37337924,PIWO04_L.avi,70063,46.7087,6.723,5.474,2445.883,28.274,NA,AD,Passing
PIWO04_1806,Labridae,Achoerodus,gouldii,1,633.74,37384002,PIWO04_L.avi,82204,54.8027,6.183,6.289,3164.397,15.36,NA,AD,Passing
RHCI01_1712,Scorpididae,Tilodon,sexfasciatus,1,240.137,37361003,RHCI01_L.avi,4778,3.1853,2.036,2.732,1832.453,14.288,NA,AD,Passing
RHCI01_1712,Scorpididae,Tilodon,sexfasciatus,1,144.533,37361003,RHCI01_L.avi,4778,3.1853,1.61,0.312,1093.181,28.041,NA,AD,Passing
RHCI01_1712,Labridae,Austrolabrus,maculatus,1,138.519,37384025,RHCI01_L.avi,6168,4.112,5.012,0.177,1900.725,32.928,NA,AD,Passing
RHCI01_1712,Cheilodactylidae,Cheilodactylus,nigripes,1,299.271,37377001,RHCI01_L.avi,6678,4.452,1.514,0.11,1154.64,24.144,NA,AD,Passing
RHCI01_1712,Kyphosidae,Girella,zebra,1,261.158,37361008,RHCI01_L.avi,10653,7.102,2.489,5.205,1562.712,24.282,NA,AD,Attracted
RHCI01_1712,Labridae,Notolabrus,parilus,1,238.486,37384022,RHCI01_L.avi,20103,13.402,1.213,1.596,841.077,14.471,NA,F,Feeding
RHCI01_1712,Monacanthidae,Meuschenia,freycineti,1,261.195,37465036,RHCI01_L.avi,22298,14.8653,1.706,3.314,1725.512,9.916,NA,AD,Passing
RHCI01_1712,Monacanthidae,Meuschenia,freycineti,1,303.505,37465036,RHCI01_L.avi,22298,14.8653,2.214,1.799,1306.856,10.732,NA,AD,Passing
RHCI01_1712,Labridae,Pictilabrus,laticlavius,1,194.634,37384020,RHCI01_L.avi,22671,15.114,2.719,0.548,1371.204,19.053,NA,AD,Passing
RHCI01_1712,Labridae,Pictilabrus,laticlavius,1,201.438,37384020,RHCI01_L.avi,22671,15.114,0.753,6.958,821.445,16.36,NA,AD,Passing
RHCI01_1712,Labridae,Notolabrus,tetricus,1,213.733,37384003,RHCI01_L.avi,27153,18.102,2.039,15.047,1080.068,25.013,NA,AD,Passing
RHCI01_1712,Labridae,Notolabrus,tetricus,1,235.486,37384003,RHCI01_L.avi,27153,18.102,1.532,3.543,1721.931,8.925,NA,AD,Passing
RHCI01_1712,Labridae,Notolabrus,tetricus,1,236.121,37384003,RHCI01_L.avi,27153,18.102,3.991,2.268,1933.991,14.909,NA,AD,Passing
RHCI01_1712,Labridae,Notolabrus,tetricus,1,181.492,37384003,RHCI01_L.avi,27153,18.102,3.821,1.826,1504.445,22.699,NA,AD,Passing
RHCI01_1712,Scorpididae,Scorpis,aequipinnis,1,212.184,37361004,RHCI01_L.avi,33485,22.3233,1.077,0.769,925.2,20.9,NA,AD,Passing
RHCI01_1712,Scorpididae,Scorpis,aequipinnis,1,229.495,37361004,RHCI01_L.avi,33485,22.3233,0.999,3.405,1136.33,11.215,NA,AD,Passing
RHCI01_1712,Scorpididae,Scorpis,aequipinnis,1,241.004,37361004,RHCI01_L.avi,33485,22.3233,2.294,2.507,1111.905,25.739,NA,AD,Passing
RHCI01_1712,Monacanthidae,Meuschenia,hippocrepis,1,269.467,37465004,RHCI01_L.avi,43892,29.2613,0.86,3.013,1055.381,14.86,NA,AD,Passing
RHCI01_1712,Monacanthidae,Meuschenia,hippocrepis,1,354.412,37465004,RHCI01_L.avi,43892,29.2613,1.082,2.889,1314.018,9.614,NA,AD,Passing
RHCI01_1712,Monacanthidae,Meuschenia,hippocrepis,1,354.04,37465004,RHCI01_L.avi,43892,29.2613,1.309,2.438,1159.467,9.495,NA,AD,Passing
RHCI01_1712,Kyphosidae,Kyphosus,sydneyanus,1,212.402,37361001,RHCI01_L.avi,47627,31.7513,1.347,7.146,1507.517,21.18,NA,AD,Passing
RHCI01_1712,Carangidae,Pseudocaranx,sp,1,230.711,37337924,RHCI01_L.avi,69596,46.3973,7.564,2.659,2282.77,15.518,NA,AD,Passing
RHCI01_1712,Carangidae,Pseudocaranx,sp,1,274.917,37337924,RHCI01_L.avi,69596,46.3973,11.969,4.547,3347.199,20.36,NA,AD,Passing
RHCI01_1712,Carangidae,Pseudocaranx,sp,1,176.783,37337924,RHCI01_L.avi,69596,46.3973,9.941,2.196,2446.215,17.039,NA,AD,Passing
RHCI01_1712,Carangidae,Pseudocaranx,sp,1,267.41,37337924,RHCI01_L.avi,69596,46.3973,8.609,7.038,3426.776,20.454,NA,AD,Passing
RHCI01_1712,Labridae,Dotalabrus,aurantiacus,1,124.658,37384018,RHCI01_L.avi,78500,52.3333,0.899,1.097,1011.568,18.447,NA,AD,Passing
RHCI02_1712,Carangidae,Pseudocaranx,sp,1,269.474,37337924,RHCI02_L.avi,14407,9.6047,5.538,7.296,1653.022,10.995,measure,AD,Attracted
RHCI02_1712,Carangidae,Pseudocaranx,sp,1,267.989,37337924,RHCI02_L.avi,14407,9.6047,2.997,2.208,1824.544,21.501,measure,AD,Attracted
RHCI02_1712,Carangidae,Pseudocaranx,sp,1,268.761,37337924,RHCI02_L.avi,14407,9.6047,3.902,2.281,1495.099,24.749,measure,AD,Attracted
RHCI02_1712,Cheilodactylidae,Dactylophora,nigricans,1,656.36,37377005,RHCI02_L.avi,34067,22.7113,2.814,1.472,1901.836,21.139,NA,AD,Passing
RHCI02_1712,Labridae,Notolabrus,tetricus,1,178.325,37384003,RHCI02_L.avi,41032,27.3547,2.666,1.912,1379.817,20.14,NA,AD,Passing
RHCI02_1712,Monacanthidae,Meuschenia,hippocrepis,1,354.293,37465004,RHCI02_L.avi,49935,33.29,1.126,1.434,641.189,5.908,NA,AD,Passing
RHCI02_1712,Cheilodactylidae,Cheilodactylus,nigripes,1,293.544,37377001,RHCI02_L.avi,52830,35.22,2.271,2.056,1511.344,27.609,NA,AD,Passing
RHCI02_1712,Hemiramphidae,Hyporhamphus,melanochir,1,214.507,37234001,RHCI02_L.avi,78288,52.192,3.756,4.45,1791.898,15.589,measure2,AD,Attracted
RHCI02_1712,Hemiramphidae,Hyporhamphus,melanochir,1,206.989,37234001,RHCI02_L.avi,78288,52.192,5.493,0.917,1841.15,19.219,measure2,AD,Attracted
RHCI02_1712,Hemiramphidae,Hyporhamphus,melanochir,1,195.814,37234001,RHCI02_L.avi,78288,52.192,7.455,7.599,2226.01,22.421,measure2,AD,Attracted
RHCI02_1712,Hemiramphidae,Hyporhamphus,melanochir,1,196.7,37234001,RHCI02_L.avi,78288,52.192,4.632,16.509,2026.111,21.969,measure2,AD,Attracted
RHCI02_1712,Hemiramphidae,Hyporhamphus,melanochir,1,202.83,37234001,RHCI02_L.avi,78288,52.192,3.708,1.736,1975.705,11.787,measure2,AD,Attracted
RHCI02_1712,Arripidae,Arripis,georgianus,1,291.963,37344001,RHCI02_L.avi,90435,60.29,9.226,8.856,2368.374,6.457,NA,AD,Passing
RHCI03_1712,Labridae,Pictilabrus,laticlavius,1,145.006,37384020,RHCI03_L.avi,4822,3.2147,3.701,1.238,1431.813,29.635,NA,AD,Passing
RHCI03_1712,Cheilodactylidae,Cheilodactylus,nigripes,1,290.428,37377001,RHCI03_L.avi,4964,3.3093,1.495,0.955,1404.47,14.208,NA,AD,Passing
RHCI03_1712,Cheilodactylidae,Dactylophora,nigricans,1,404.648,37377005,RHCI03_L.avi,16739,11.1593,5.643,1.666,1912.625,7.031,NA,AD,Passing
RHCI03_1712,Cheilodactylidae,Dactylophora,nigricans,1,578.854,37377005,RHCI03_L.avi,16739,11.1593,18.179,7.403,4401.057,15.527,NA,AD,Passing
RHCI03_1712,Labridae,Notolabrus,tetricus,1,237.617,37384003,RHCI03_L.avi,22179,14.786,9.155,3.861,2227.929,3.045,NA,AD,Passing
RHCI03_1712,Labridae,Notolabrus,tetricus,1,172.088,37384003,RHCI03_L.avi,22179,14.786,12.87,4.911,2590.446,11.459,NA,AD,Passing
RHCI03_1712,Scorpididae,Scorpis,aequipinnis,1,224.169,37361004,RHCI03_L.avi,23984,15.9893,7.618,1.789,2047.592,5.057,NA,AD,Passing
RHCI03_1712,Scorpididae,Scorpis,aequipinnis,1,249.843,37361004,RHCI03_L.avi,23984,15.9893,4.477,9.582,1453.932,10.22,NA,AD,Passing
RHCI03_1712,Scorpididae,Scorpis,aequipinnis,1,286.112,37361004,RHCI03_L.avi,23984,15.9893,11.067,1.633,2946.363,27.627,NA,AD,Passing
RHCI03_1712,Sparidae,Pagrus,auratus,1,216.352,37353001,RHCI03_L.avi,24475,16.3167,1.473,1.411,942.588,8.329,NA,AD,Passing
RHCI03_1712,Sparidae,Pagrus,auratus,1,281.242,37353001,RHCI03_L.avi,24475,16.3167,9.256,1.621,2406.152,6.916,NA,AD,Passing
RHCI03_1712,Labridae,Notolabrus,parilus,1,395.338,37384022,RHCI03_L.avi,27095,18.0633,4.505,0.862,2745.206,10.01,NA,AD,Passing
RHCI03_1712,Labridae,Notolabrus,parilus,1,220.085,37384022,RHCI03_L.avi,27095,18.0633,7.837,0.764,3252.819,19.947,NA,AD,Passing
RHCI03_1712,Carangidae,Pseudocaranx,sp,1,271.978,37337924,RHCI03_L.avi,34260,22.84,1.274,1.079,1726.293,6.615,NA,AD,Passing
RHCI03_1712,Carangidae,Pseudocaranx,sp,1,231.221,37337924,RHCI03_L.avi,34260,22.84,2.076,0.48,1766.242,17.79,NA,AD,Passing
RHCI03_1712,Carangidae,Pseudocaranx,sp,1,250.345,37337924,RHCI03_L.avi,34260,22.84,6.274,0.983,2022.086,8.894,NA,AD,Passing
RHCI03_1712,Carangidae,Pseudocaranx,sp,1,246.591,37337924,RHCI03_L.avi,34260,22.84,2.597,3.996,2745.692,4.985,NA,AD,Passing
RHCI03_1712,Monacanthidae,Meuschenia,galii,1,273.694,37465040,RHCI03_L.avi,54777,36.518,2.68,0.306,1671.545,14.36,NA,AD,Passing
RHCI03_1712,Pomacentridae,Parma,victoriae,1,139.905,37372006,RHCI03_L.avi,58599,39.066,4.595,1.222,1757.72,18.304,NA,AD,Passing
RHCI04_1712,Monacanthidae,Meuschenia,freycineti,1,386.536,37465036,RHCI04_L.avi,8695,5.7967,1.287,0.213,1577.339,13.372,NA,AD,Passing
RHCI04_1712,Labridae,Notolabrus,parilus,1,223.52,37384022,RHCI04_L.avi,16499,10.9993,1.104,1.64,1454.238,16.773,NA,AD,Passing
RHCI04_1712,Monacanthidae,Meuschenia,hippocrepis,1,195.276,37465004,RHCI04_L.avi,18598,12.3987,0.628,1.289,559.909,13.479,NA,AD,Passing
RHCI04_1712,Cheilodactylidae,Dactylophora,nigricans,1,619.514,37377005,RHCI04_L.avi,22272,14.848,7.678,1.526,2531.972,1.781,NA,AD,Passing
RHCI04_1712,Cheilodactylidae,Dactylophora,nigricans,1,528.519,37377005,RHCI04_L.avi,22275,14.85,4.698,1.601,1971.067,13.501,NA,AD,Passing
RHCI04_1712,Cheilodactylidae,Dactylophora,nigricans,1,544.946,37377005,RHCI04_L.avi,22275,14.85,17.055,1.76,3277.227,25.588,NA,AD,Passing
RHCI04_1712,Cheilodactylidae,Cheilodactylus,nigripes,1,303.838,37377001,RHCI04_L.avi,22891,15.2607,2.087,0.63,2043.382,16.516,NA,AD,Passing
RHCI04_1712,Labridae,Notolabrus,tetricus,1,202.04,37384003,RHCI04_L.avi,36958,24.6387,2.536,3.577,1096.9,2.79,NA,AD,Passing
RHCI04_1712,Labridae,Notolabrus,tetricus,1,155.887,37384003,RHCI04_L.avi,36988,24.6587,0.717,1.875,706.215,14.372,NA,AD,Passing
RHCI04_1712,Labridae,Notolabrus,tetricus,1,230.534,37384003,RHCI04_L.avi,36988,24.6587,3.444,1.119,1710.043,12.285,NA,AD,Passing
RHCI04_1712,Kyphosidae,Kyphosus,sydneyanus,1,329.828,37361001,RHCI04_L.avi,42643,28.4287,4.525,1.153,1753.49,29.611,NA,AD,Passing
RHCI04_1712,Scorpididae,Scorpis,aequipinnis,1,230.246,37361004,RHCI04_L.avi,46665,31.11,1.692,4.329,978.349,6.313,NA,AD,Passing
RHCI04_1712,Scorpididae,Scorpis,aequipinnis,1,184.489,37361004,RHCI04_L.avi,46665,31.11,5.038,5.216,1808.699,12.296,NA,AD,Passing
RHCI04_1712,Scorpididae,Scorpis,aequipinnis,1,264.27,37361004,RHCI04_L.avi,46665,31.11,3.715,4.903,1485.258,25.222,NA,AD,Passing
RHCI04_1712,Scorpididae,Scorpis,aequipinnis,1,287.731,37361004,RHCI04_L.avi,46665,31.11,10.878,1.221,2480.017,16.735,NA,AD,Passing
RHCI04_1712,Scorpididae,Scorpis,aequipinnis,1,160.93,37361004,RHCI04_L.avi,46665,31.11,0.859,11.564,1153.261,4.528,NA,AD,Passing
RHCI04_1712,Pomacentridae,Parma,victoriae,1,164.689,37372006,RHCI04_L.avi,51990,34.66,2.004,3.499,1397.871,30.403,NA,AD,Passing
RHCI04_1712,Kyphosidae,Girella,zebra,1,277.174,37361008,RHCI04_L.avi,75444,50.296,3.481,4.718,2249.244,21,NA,AD,Passing
RHCI04_1712,Monacanthidae,Meuschenia,galii,1,314.535,37465040,RHCI04_L.avi,79502,53.0013,4.364,2.07,2064.324,24.107,NA,AD,Passing
RHCI04_1712,Monacanthidae,Eubalichthys,mosaicus,1,304.49,37465003,RHCI04_L.avi,94756,63.1707,5.295,1.616,2471.487,28.058,NA,AD,Passing
RHCO01_1712,Labridae,Notolabrus,tetricus,1,96.996,37384003,RHCO01_L.avi,17202,5.734,1.964,1.723,2328.306,13.564,NA,AD,Passing
RHCO01_1712,Mullidae,Upeneichthys,vlamingii,1,202.525,37355029,RHCO01_L.avi,49632,16.544,5.11,0.55,3637.289,14.935,NA,AD,Passing
RHCO01_1712,Labridae,Notolabrus,parilus,1,249.64,37384022,RHCO01_L.avi,88564,29.5213,19.118,2.556,4780.393,6.586,NA,AD,Passing
RHCO01_1712,Kyphosidae,Girella,zebra,1,117.452,37361008,RHCO01_L.avi,183889,61.2963,2.599,13.067,2020.964,22.519,NA,AD,Passing
RHCO03_1712,Carangidae,Pseudocaranx,sp,1,218.402,37337924,RHCO03_L.avi,27184,9.0613,3.334,0.92,1703.271,11.336,NA,AD,Passing
RHCO03_1712,Carangidae,Pseudocaranx,sp,1,132.739,37337924,RHCO03_L.avi,27184,9.0613,0.999,1.497,1623.432,4.408,NA,AD,Passing
RHCO03_1712,Carangidae,Pseudocaranx,sp,1,237.754,37337924,RHCO03_L.avi,27184,9.0613,1.849,1.912,1725.377,10.502,NA,AD,Passing
RHCO03_1712,Carangidae,Pseudocaranx,sp,1,246.856,37337924,RHCO03_L.avi,27184,9.0613,2.128,4.683,1896.924,13.353,NA,AD,Passing
RHCO03_1712,Carangidae,Pseudocaranx,sp,1,281.987,37337924,RHCO03_L.avi,27199,9.0663,3.032,0.275,1659.357,20.958,NA,AD,Passing
RHCO03_1712,Carangidae,Pseudocaranx,sp,1,215.592,37337924,RHCO03_L.avi,27199,9.0663,2.583,2.062,1790.239,21.043,NA,AD,Passing
RHCO03_1712,Labridae,Notolabrus,tetricus,1,323.655,37384003,RHCO03_L.avi,50779,16.9263,4.015,25.137,1662.184,24.99,measure,AD,Feeding
RHCO03_1712,Monacanthidae,Meuschenia,hippocrepis,1,273.13,37465004,RHCO03_L.avi,52147,17.3823,0.784,3.807,954.964,5.125,NA,AD,Attracted
RHCO03_1712,Monacanthidae,Meuschenia,freycineti,1,361.576,37465036,RHCO03_L.avi,85373,28.4577,4.247,3.622,1790.794,10.971,NA,AD,Passing
RHCO03_1712,Scorpididae,Scorpis,aequipinnis,1,220.384,37361004,RHCO03_L.avi,96788,32.2627,3.639,1.082,1940.893,11.745,NA,AD,Passing
RHCO03_1712,Scorpididae,Scorpis,aequipinnis,1,289.577,37361004,RHCO03_L.avi,96804,32.268,4.036,1.794,1897.664,6.54,NA,AD,Passing
RHCO03_1712,Scorpididae,Scorpis,aequipinnis,1,225.63,37361004,RHCO03_L.avi,96804,32.268,3.086,7.483,2695.73,12.789,NA,AD,Passing
RHCO04_1712,Labridae,Notolabrus,tetricus,1,181.194,37384003,RHCO04_L.avi,13668,4.556,3.564,8.915,2095.036,15.774,NA,AD,Passing
RHCO04_1712,Labridae,Notolabrus,tetricus,1,182.129,37384003,RHCO04_L.avi,13668,4.556,4.925,12.183,2029.873,21.629,NA,AD,Passing
RHCO04_1712,Sillaginidae,Sillago,bassensis,1,181.27,37330002,RHCO04_L.avi,31164,10.388,3.611,15.303,1851.062,24.046,NA,AD,Passing
RHCO04_1712,Mullidae,Upeneichthys,vlamingii,1,122.47,37355029,RHCO04_L.avi,32259,10.753,3.201,11.216,1880.415,19.94,NA,AD,Passing
RHCO04_1712,Labridae,Notolabrus,parilus,1,254.806,37384022,RHCO04_L.avi,73650,24.55,3.938,15.551,2648.296,10.676,NA,AD,Passing
RHCO04_1712,Labridae,Notolabrus,parilus,1,216.027,37384022,RHCO04_L.avi,73650,24.55,1.076,11.44,1928.983,4.027,NA,AD,Passing
RHCO04_1712,Labridae,Pictilabrus,laticlavius,1,159.732,37384020,RHCO04_L.avi,115821,38.607,1.907,11.012,1335.649,0.578,measure,M,Feeding
RHEI01_1712,Scorpididae,Tilodon,sexfasciatus,1,154.416,37361003,RHEI01_L.avi,3236,2.1573,2.026,2.311,1508.453,25.024,NA,AD,Passing
RHEI01_1712,Cheilodactylidae,Cheilodactylus,nigripes,1,179.309,37377001,RHEI01_L.avi,4945,3.2967,15.286,1.002,3365.718,21.222,NA,AD,Passing
RHEI01_1712,Labridae,Pictilabrus,laticlavius,1,178.05,37384020,RHEI01_L.avi,10906,7.2707,0.698,0.415,919.181,18.044,NA,AD,Passing
RHEI01_1712,Monacanthidae,Meuschenia,hippocrepis,1,290.688,37465004,RHEI01_L.avi,21839,14.5593,2.096,6.055,1325.448,10.348,NA,AD,Passing
RHEI01_1712,Monacanthidae,Meuschenia,hippocrepis,1,136.951,37465004,RHEI01_L.avi,21872,14.5813,1.134,0.478,731.763,19.995,NA,AD,Passing
RHEI01_1712,Labridae,Notolabrus,tetricus,1,234.775,37384003,RHEI01_L.avi,26442,17.628,1.327,2.58,1163.256,27.013,NA,AD,Passing
RHEI01_1712,Labridae,Notolabrus,tetricus,1,239.191,37384003,RHEI01_L.avi,26442,17.628,3.927,1.921,2053.718,22.398,NA,AD,Passing
RHEI01_1712,Labridae,Notolabrus,tetricus,1,233.094,37384003,RHEI01_L.avi,26449,17.6327,1.449,1.795,1319.644,16.647,NA,AD,Passing
RHEI01_1712,Monacanthidae,Meuschenia,freycineti,1,288.567,37465036,RHEI01_L.avi,29917,19.9447,5.049,0.39,1761.725,12.378,NA,AD,Passing
RHEI01_1712,Cheilodactylidae,Dactylophora,nigricans,1,490.58,37377005,RHEI01_L.avi,34420,22.9467,9.508,5.258,2815.426,25.824,NA,AD,Passing
RHEI01_1712,Scorpididae,Scorpis,aequipinnis,1,243.083,37361004,RHEI01_L.avi,38730,25.82,1.792,1.129,1030.522,21.704,NA,AD,Passing
RHEI01_1712,Scorpididae,Scorpis,aequipinnis,1,170.886,37361004,RHEI01_L.avi,38730,25.82,2.113,1.261,1005.344,6.598,NA,AD,Passing
RHEI01_1712,Scorpididae,Scorpis,aequipinnis,1,215.728,37361004,RHEI01_L.avi,38730,25.82,1.461,1.607,1398.231,6.901,NA,AD,Passing
RHEI01_1712,Scorpididae,Scorpis,aequipinnis,1,216.114,37361004,RHEI01_L.avi,38730,25.82,5.079,0.875,1750.908,19.759,NA,AD,Passing
RHEI01_1712,Kyphosidae,Girella,zebra,1,230.8,37361008,RHEI01_L.avi,71646,47.764,3.496,2.343,1845.222,12.18,NA,AD,Passing
RHEI02_1712,Labridae,Notolabrus,parilus,1,211.341,37384022,RHEI02_L.avi,8261,5.5073,6.612,1.662,3052.248,18.643,NA,AD,Passing
RHEI02_1712,Labridae,Notolabrus,parilus,1,281.4,37384022,RHEI02_L.avi,8261,5.5073,13.371,1.983,3062.112,10.013,NA,AD,Passing
RHEI02_1712,Labridae,Notolabrus,tetricus,1,147.062,37384003,RHEI02_L.avi,12586,8.3907,5.359,0.83,1764.794,27.949,NA,AD,Passing
RHEI02_1712,Labridae,Notolabrus,tetricus,1,235.451,37384003,RHEI02_L.avi,12586,8.3907,6.09,3.712,2801.547,22.356,NA,AD,Passing
RHEI02_1712,Labridae,Notolabrus,tetricus,1,210.925,37384003,RHEI02_L.avi,12586,8.3907,5.018,2.337,1589.79,14.815,NA,AD,Passing
RHEI02_1712,Labridae,Notolabrus,tetricus,1,188.774,37384003,RHEI02_L.avi,12586,8.3907,4,0.453,1465.818,22.723,NA,AD,Passing
RHEI02_1712,Kyphosidae,Kyphosus,sydneyanus,1,464.831,37361001,RHEI02_L.avi,15935,10.6233,22.882,4.499,5362.384,22.611,NA,AD,Passing
RHEI02_1712,Monacanthidae,Eubalichthys,mosaicus,1,217.666,37465003,RHEI02_L.avi,78295,52.1967,3.652,0.582,1503.294,30.563,NA,AD,Passing
RHEI02_1712,Dinolestidae,Dinolestes,lewini,1,256.747,37327002,RHEI02_L.avi,86590,57.7267,7.072,2.587,2037.186,26.372,NA,AD,Passing
RHEI03_1712,Labridae,Pictilabrus,laticlavius,1,199.35,37384020,RHEI03_L.avi,6645,4.43,3.879,1.71,2038.709,22.158,NA,AD,Passing
RHEI03_1712,Odacidae,Olisthops,cyanomelas,1,380.724,37385001,RHEI03_L.avi,8053,5.3687,13.644,7.18,2927.124,25.659,NA,AD,Passing
RHEI03_1712,Pomacentridae,Parma,victoriae,1,199.051,37372006,RHEI03_L.avi,8829,5.886,2.985,1.303,1653.46,23.87,NA,AD,Passing
RHEI03_1712,Arripidae,Arripis,truttaceus,1,361.92,37344004,RHEI03_L.avi,11962,7.9747,7.894,4.91,3115.58,16.16,NA,AD,Passing
RHEI03_1712,Arripidae,Arripis,truttaceus,1,311.97,37344004,RHEI03_L.avi,11962,7.9747,6.68,4.121,3324.418,7.674,NA,AD,Passing
RHEI03_1712,Arripidae,Arripis,truttaceus,1,385.84,37344004,RHEI03_L.avi,11962,7.9747,7.949,2.015,3016.156,24.125,NA,AD,Passing
RHEI03_1712,Arripidae,Arripis,truttaceus,1,349.891,37344004,RHEI03_L.avi,11962,7.9747,4.579,7.143,3164.614,4.093,NA,AD,Passing
RHEI03_1712,Arripidae,Arripis,truttaceus,1,372.138,37344004,RHEI03_L.avi,11962,7.9747,3.173,1.908,3051.49,10.979,NA,AD,Passing
RHEI03_1712,Arripidae,Arripis,truttaceus,1,355.968,37344004,RHEI03_L.avi,11962,7.9747,3.671,4.993,3589.878,10.396,NA,AD,Passing
RHEI03_1712,Arripidae,Arripis,truttaceus,1,362.072,37344004,RHEI03_L.avi,11962,7.9747,5.472,3.662,3520.242,13.779,NA,AD,Passing
RHEI03_1712,Arripidae,Arripis,truttaceus,1,414.074,37344004,RHEI03_L.avi,11962,7.9747,15.142,3.478,3096.481,7.365,NA,AD,Passing
RHEI03_1712,Arripidae,Arripis,georgianus,1,211.731,37344001,RHEI03_L.avi,15695,10.4633,9.046,9.343,3160.57,21.856,NA,AD,Passing
RHEI03_1712,Monacanthidae,Meuschenia,hippocrepis,1,199.48,37465004,RHEI03_L.avi,25619,17.0793,2.424,0.327,1409.281,9.845,NA,AD,Passing
RHEI03_1712,Scorpididae,Scorpis,aequipinnis,1,260.208,37361004,RHEI03_L.avi,26339,17.5593,3.088,1.866,1622.443,12.256,NA,AD,Feeding
RHEI03_1712,Scorpididae,Scorpis,aequipinnis,1,238.618,37361004,RHEI03_L.avi,26339,17.5593,1.567,1.37,1719.503,10.743,NA,AD,Feeding
RHEI03_1712,Scorpididae,Scorpis,aequipinnis,1,224.137,37361004,RHEI03_L.avi,26339,17.5593,2.14,3.407,1769.981,13.359,NA,AD,Feeding
RHEI03_1712,Labridae,Notolabrus,tetricus,1,232.57,37384003,RHEI03_L.avi,29842,19.8947,3.925,2.29,1467.762,2.296,NA,AD,Passing
RHEI03_1712,Labridae,Notolabrus,tetricus,1,232.958,37384003,RHEI03_L.avi,29844,19.896,7.029,6.475,2175.845,22.653,NA,AD,Passing
RHEI03_1712,Labridae,Notolabrus,tetricus,1,253.445,37384003,RHEI03_L.avi,29844,19.896,3.125,1.681,1976.475,19.337,NA,AD,Passing
RHEI03_1712,Scorpididae,Scorpis,aequipinnis,1,218.368,37361004,RHEI03_L.avi,39706,26.4707,3.161,1.449,1630.177,24.395,NA,AD,Passing
RHEI03_1712,Scorpididae,Scorpis,aequipinnis,1,178.492,37361004,RHEI03_L.avi,39706,26.4707,3.943,3.533,2037.669,16.595,NA,AD,Passing
RHEI03_1712,Scorpididae,Scorpis,aequipinnis,1,235.4,37361004,RHEI03_L.avi,39706,26.4707,3.413,3.563,1612.315,14.408,NA,AD,Passing
RHEI03_1712,Kyphosidae,Girella,zebra,1,258.643,37361008,RHEI03_L.avi,66523,44.3487,2.585,8.423,1419.581,13.532,NA,AD,Passing
RHEI03_1712,Kyphosidae,Girella,zebra,1,239.5,37361008,RHEI03_L.avi,66523,44.3487,2.108,2.359,1826.072,20.095,NA,AD,Passing
RHEI03_1712,Kyphosidae,Girella,zebra,1,245.101,37361008,RHEI03_L.avi,66523,44.3487,3.892,3.015,2153.65,16.787,NA,AD,Passing
RHEI03_1712,Kyphosidae,Girella,zebra,1,250.033,37361008,RHEI03_L.avi,66523,44.3487,3.937,0.656,1994.092,18.786,NA,AD,Passing
RHEI03_1712,Cheilodactylidae,Cheilodactylus,nigripes,1,268.671,37377001,RHEI03_L.avi,78586,52.3907,14.688,6.693,2788.968,19.461,NA,AD,Passing
RHEI03_1712,Kyphosidae,Kyphosus,sydneyanus,1,409.37,37361001,RHEI03_L.avi,85378,56.9187,2.512,8.688,1602.324,16.758,NA,AD,Passing
RHEI03_1712,Kyphosidae,Kyphosus,sydneyanus,1,397.966,37361001,RHEI03_L.avi,85379,56.9193,3.606,10.592,1566.193,15.617,NA,AD,Passing
RHEI03_1712,Kyphosidae,Kyphosus,sydneyanus,1,396.981,37361001,RHEI03_L.avi,85379,56.9193,1.662,21.719,1630.629,7.933,NA,AD,Passing
RHEI03_1712,Kyphosidae,Kyphosus,sydneyanus,1,374.809,37361001,RHEI03_L.avi,85379,56.9193,2.714,4.083,1599.849,24.194,NA,AD,Passing
RHEI03_1712,Kyphosidae,Kyphosus,sydneyanus,1,381.994,37361001,RHEI03_L.avi,85379,56.9193,5.978,8.756,1784.352,23.992,NA,AD,Passing
RHEI03_1712,Kyphosidae,Kyphosus,sydneyanus,1,384.244,37361001,RHEI03_L.avi,85379,56.9193,3.608,9.208,1542.466,15.961,NA,AD,Passing
RHEI03_1712,Kyphosidae,Kyphosus,sydneyanus,1,344.23,37361001,RHEI03_L.avi,85379,56.9193,2.036,7.425,1669.544,6.329,NA,AD,Passing
RHEI03_1712,Kyphosidae,Kyphosus,sydneyanus,1,371.062,37361001,RHEI03_L.avi,85379,56.9193,2.067,1.921,1799.199,2.037,NA,AD,Passing
RHEI03_1712,Kyphosidae,Kyphosus,sydneyanus,1,396.938,37361001,RHEI03_L.avi,85379,56.9193,1.486,2.028,1512.444,11.359,NA,AD,Passing
RHEI04_1712,Labridae,Pictilabrus,laticlavius,1,191.57,37384020,RHEI04_L.avi,37302,24.868,2.413,1.236,1435.303,26.556,NA,AD,Passing
RHEI04_1712,Labridae,Pictilabrus,laticlavius,1,208.554,37384020,RHEI04_L.avi,37312,24.8747,6.126,5.022,2177.075,14.633,NA,AD,Passing
RHEI04_1712,Scorpididae,Tilodon,sexfasciatus,1,161.551,37361003,RHEI04_L.avi,40314,26.876,2.822,1.711,1745.032,16.407,NA,AD,Passing
RHEI04_1712,Loliginidae,Sepioteuthis,australis,1,165.694,23617005,RHEI04_L.avi,47704,31.8027,4.563,2.126,2141.319,23.835,NA,AD,Passing
RHEI04_1712,Labridae,Notolabrus,tetricus,1,176.426,37384003,RHEI04_L.avi,50147,33.4313,3.655,4.459,2214.728,1.108,NA,AD,Passing
RHEI04_1712,Labridae,Notolabrus,tetricus,1,158.222,37384003,RHEI04_L.avi,50147,33.4313,4.492,0.335,2025.313,3.643,NA,AD,Passing
RHEI04_1712,Monacanthidae,Meuschenia,hippocrepis,1,222.546,37465004,RHEI04_L.avi,52458,34.972,2.642,1.171,1318.953,12.417,NA,AD,Passing
RHEI04_1712,Mullidae,Upeneichthys,vlamingii,1,133.423,37355029,RHEI04_L.avi,87031,58.0207,8.23,2.779,2323.955,27.332,NA,AD,Passing
RHEI04_1712,Mullidae,Upeneichthys,vlamingii,1,107.56,37355029,RHEI04_L.avi,87031,58.0207,3.757,3.948,2338.01,1.856,NA,AD,Passing
RHEI04_1712,Mullidae,Upeneichthys,vlamingii,1,117.213,37355029,RHEI04_L.avi,87031,58.0207,1.97,3.648,2411.684,5.442,NA,AD,Passing
RHNI01_1712,Labridae,Notolabrus,tetricus,1,167.257,37384003,RHNI01_L.avi,19734,6.578,5.794,0.8,2829.91,13.376,NA,AD,Attracted
RHNI01_1712,Labridae,Pictilabrus,laticlavius,1,154.728,37384020,RHNI01_L.avi,23762,7.9207,3.754,1.047,2015.492,12.976,measure,M,Attracted
RHNI01_1712,Monacanthidae,Eubalichthys,mosaicus,1,253.851,37465003,RHNI01_L.avi,74418,24.806,1.411,1.475,1472.837,12.753,NA,AD,Passing
RHNI01_1712,Scorpididae,Scorpis,aequipinnis,1,204.436,37361004,RHNI01_L.avi,91210,30.4033,1.254,1.959,1327.264,6.466,measure,AD,Feeding
RHNI01_1712,Monacanthidae,Meuschenia,freycineti,1,214.818,37465036,RHNI01_L.avi,93440,31.1467,1.434,5.205,1794.393,17.616,NA,AD,Passing
RHNI01_1712,Monacanthidae,Meuschenia,hippocrepis,1,205.488,37465004,RHNI01_L.avi,112912,37.6373,1.033,1.161,1563.017,7.074,measure,AD,Attracted
RHNI01_1712,Pomacentridae,Parma,victoriae,1,157.16,37372006,RHNI01_L.avi,154699,51.5663,1.859,0.904,1542.257,5.051,measure,AD,Attracted
RHNI01_1712,Labridae,Notolabrus,parilus,1,375.629,37384022,RHNI01_L.avi,179310,59.77,4.417,5.021,2845.29,14.39,measure,AD,Passing
RHNI03_1712,Monacanthidae,Meuschenia,hippocrepis,1,223.852,37465004,RHNI03_L.avi,106691,35.5637,1.168,22.146,1446.071,13.237,NA,AD,Passing
RHNI03_1712,Cheilodactylidae,Dactylophora,nigricans,1,645.929,37377005,RHNI03_L.avi,106941,35.647,1.638,19.219,1876.481,1.608,NA,AD,Passing
RHNI03_1712,Scorpididae,Scorpis,aequipinnis,1,191.827,37361004,RHNI03_L.avi,115191,38.397,1.691,6.459,1593.335,3.738,NA,AD,Passing
RHNI03_1712,Scorpididae,Scorpis,aequipinnis,1,208.887,37361004,RHNI03_L.avi,115191,38.397,3.779,2.752,1800.054,8.286,NA,AD,Passing
RHNI03_1712,Scorpididae,Scorpis,aequipinnis,1,182.513,37361004,RHNI03_L.avi,115191,38.397,2.406,9.239,1419.883,21.1,NA,AD,Passing
RHNI03_1712,Labridae,Notolabrus,tetricus,1,264.491,37384003,RHNI03_L.avi,164783,54.9277,17.149,20.338,4046.663,8.177,NA,AD,Passing
RHNI04_1712,Cheilodactylidae,Dactylophora,nigricans,1,396.027,37377005,RHNI04_L.avi,10407,3.469,6.702,1.21,2251.673,17.145,NA,AD,Passing
RHNI04_1712,Mullidae,Upeneichthys,vlamingii,1,202.335,37355029,RHNI04_L.avi,37902,12.634,4.141,4.571,2207.903,20.455,NA,AD,Passing
RHNI04_1712,Labridae,Notolabrus,parilus,1,201.898,37384022,RHNI04_L.avi,54656,18.2187,3.818,5.102,1874.079,10.826,NA,AD,Passing
RHNI04_1712,Sillaginidae,Sillaginodes,punctatus,1,423.689,37330001,RHNI04_L.avi,80915,26.9717,4.184,12.442,2037.729,21.064,NA,AD,Passing
RHNI04_1712,Sillaginidae,Sillaginodes,punctatus,1,426.381,37330001,RHNI04_L.avi,80915,26.9717,2.088,4.495,2039.605,14.453,NA,AD,Passing
RHNI04_1712,Sillaginidae,Sillaginodes,punctatus,1,493.246,37330001,RHNI04_L.avi,80915,26.9717,1.385,6.79,2294.807,9.116,NA,AD,Passing
RHNI04_1712,Cheilodactylidae,Cheilodactylus,nigripes,1,176.689,37377001,RHNI04_L.avi,105573,35.191,2.288,3.785,1480.324,13.257,NA,AD,Passing
RHNO01_1712,Labridae,Pictilabrus,laticlavius,1,196.654,37384020,RHNO01_L.avi,25044,8.348,4.236,17.41,2260.759,17.218,NA,M,Passing
RHNO01_1712,Labridae,Notolabrus,tetricus,1,306.846,37384003,RHNO01_L.avi,36221,12.0737,8.669,22.641,3970.894,12.142,NA,AD,Passing
RHNO01_1712,Labridae,Notolabrus,tetricus,1,181.187,37384003,RHNO01_L.avi,36221,12.0737,1.601,22.128,3114.451,14.114,NA,AD,Passing
RHNO01_1712,Labridae,Notolabrus,parilus,1,132.109,37384022,RHNO01_L.avi,137784,45.928,6.346,13.243,2292.644,13.584,NA,AD,Passing
RHNO01_1712,Monacanthidae,Meuschenia,freycineti,1,196.056,37465036,RHNO01_L.avi,181293,60.431,3.951,17.55,2648.385,18.945,NA,AD,Passing
RHNO02_1712,Kyphosidae,Kyphosus,sydneyanus,1,411.531,37361001,RHNO02_L.avi,7859,2.6197,2.132,3.407,2508.684,1.94,NA,AD,Passing
RHNO02_1712,Kyphosidae,Kyphosus,sydneyanus,1,469.732,37361001,RHNO02_L.avi,7859,2.6197,3.987,1.633,2703.076,1.518,NA,AD,Passing
RHNO02_1712,Kyphosidae,Kyphosus,sydneyanus,1,398.639,37361001,RHNO02_L.avi,7859,2.6197,4.829,7.487,2443.219,11.298,NA,AD,Passing
RHNO02_1712,Kyphosidae,Kyphosus,sydneyanus,1,389.39,37361001,RHNO02_L.avi,7859,2.6197,5.001,4.369,2507.19,12.271,NA,AD,Passing
RHNO02_1712,Kyphosidae,Kyphosus,sydneyanus,1,340.052,37361001,RHNO02_L.avi,7859,2.6197,3.779,6.882,2393.019,19.351,NA,AD,Passing
RHNO02_1712,Kyphosidae,Kyphosus,sydneyanus,1,428.63,37361001,RHNO02_L.avi,7859,2.6197,5.909,5.195,2511.932,3.638,NA,AD,Passing
RHNO02_1712,Kyphosidae,Kyphosus,sydneyanus,1,328.678,37361001,RHNO02_L.avi,7859,2.6197,6.921,2.894,2429.814,7.688,NA,AD,Passing
RHNO02_1712,Kyphosidae,Kyphosus,sydneyanus,1,545.826,37361001,RHNO02_L.avi,7859,2.6197,6.045,8.445,2883.66,13.385,NA,AD,Passing
RHNO02_1712,Kyphosidae,Kyphosus,sydneyanus,1,409.257,37361001,RHNO02_L.avi,7859,2.6197,1.626,3.91,2051.256,16.719,NA,AD,Passing
RHNO02_1712,Pomacentridae,Parma,victoriae,1,158.241,37372006,RHNO02_L.avi,28169,9.3897,3.409,1.801,2849.051,6.3,NA,AD,Passing
RHNO02_1712,Pomacentridae,Parma,victoriae,1,148.019,37372006,RHNO02_L.avi,28169,9.3897,8.128,2.027,2525.656,7.579,NA,AD,Passing
RHNO02_1712,Scorpididae,Scorpis,aequipinnis,1,238.985,37361004,RHNO02_L.avi,34506,11.502,0.824,6.863,1546.656,2.077,NA,AD,Passing
RHNO02_1712,Scorpididae,Scorpis,aequipinnis,1,192.505,37361004,RHNO02_L.avi,34506,11.502,1.085,5.573,1745.099,7.48,NA,AD,Passing
RHNO02_1712,Scorpididae,Scorpis,aequipinnis,1,187.635,37361004,RHNO02_L.avi,34506,11.502,3.626,4.027,1801.398,12.869,NA,AD,Passing
RHNO02_1712,Carangidae,Pseudocaranx,sp,1,365.683,37337924,RHNO02_L.avi,38327,12.7757,5.627,4.865,2682.231,18.445,measure,AD,Attracted
RHNO02_1712,Carangidae,Pseudocaranx,sp,1,300.157,37337924,RHNO02_L.avi,38327,12.7757,2.618,3.594,2095.713,10.858,measure,AD,Attracted
RHNO02_1712,Carangidae,Pseudocaranx,sp,1,262.142,37337924,RHNO02_L.avi,38327,12.7757,3.773,6.223,1847.28,12.029,measure,AD,Attracted
RHNO02_1712,Carangidae,Pseudocaranx,sp,1,278.533,37337924,RHNO02_L.avi,38327,12.7757,2.674,4.695,2084.971,4.888,measure,AD,Attracted
RHNO02_1712,Carangidae,Pseudocaranx,sp,1,270.038,37337924,RHNO02_L.avi,38327,12.7757,3.543,6.387,1900.374,9.857,measure,AD,Attracted
RHNO02_1712,Carangidae,Pseudocaranx,sp,1,200.739,37337924,RHNO02_L.avi,38327,12.7757,2.69,5.195,1943.706,7.68,measure,AD,Attracted
RHNO02_1712,Carangidae,Pseudocaranx,sp,1,307.519,37337924,RHNO02_L.avi,38327,12.7757,3.835,11.532,1859.73,16.935,measure,AD,Attracted
RHNO02_1712,Carangidae,Pseudocaranx,sp,1,340.345,37337924,RHNO02_L.avi,38327,12.7757,4.363,19.766,1841.662,23.061,measure,AD,Attracted
RHNO02_1712,Carangidae,Pseudocaranx,sp,1,299.093,37337924,RHNO02_L.avi,38327,12.7757,4.124,7.247,1906.535,17.295,measure,AD,Attracted
RHNO02_1712,Carangidae,Pseudocaranx,sp,1,260.482,37337924,RHNO02_L.avi,38327,12.7757,4.129,7.54,1830.947,18.274,measure,AD,Attracted
RHNO02_1712,Carangidae,Pseudocaranx,sp,1,243.989,37337924,RHNO02_L.avi,38327,12.7757,3.768,6.317,1771.112,12.047,measure,AD,Attracted
RHNO02_1712,Carangidae,Pseudocaranx,sp,1,250.577,37337924,RHNO02_L.avi,38327,12.7757,3.365,8.735,1884.255,6.453,measure,AD,Attracted
RHNO02_1712,Carangidae,Pseudocaranx,sp,1,264.974,37337924,RHNO02_L.avi,38327,12.7757,4.13,3.149,1875.856,10.803,measure,AD,Attracted
RHNO02_1712,Scorpididae,Tilodon,sexfasciatus,1,246.154,37361003,RHNO02_L.avi,53917,17.9723,7.036,15.604,2220.607,27.25,NA,AD,Passing
RHNO02_1712,Monacanthidae,Meuschenia,hippocrepis,1,338.288,37465004,RHNO02_L.avi,79569,26.523,3.13,5.456,1713.784,10.184,measure,AD,Feeding
RHNO02_1712,Labridae,Notolabrus,tetricus,1,214.877,37384003,RHNO02_L.avi,99053,33.0177,2.84,2.694,1677.265,9.987,NA,AD,Passing
RHNO02_1712,Labridae,Pictilabrus,laticlavius,1,193.938,37384020,RHNO02_L.avi,181718,60.5727,7.195,5.213,2441.266,10.217,NA,AD,Passing
RHNO02_1712,Kyphosidae,Girella,zebra,1,186.051,37361008,RHNO02_L.avi,183152,61.0507,2.305,2.388,2627.877,5.58,NA,AD,Passing
RHNO02_1712,Kyphosidae,Girella,zebra,1,233.254,37361008,RHNO02_L.avi,183152,61.0507,2.451,4.256,2681.11,5.479,NA,AD,Passing
RHNO02_1712,Kyphosidae,Girella,zebra,1,191.886,37361008,RHNO02_L.avi,183152,61.0507,5.529,5.395,2338.483,1.931,NA,AD,Passing
RHNO02_1712,Kyphosidae,Girella,zebra,1,229.804,37361008,RHNO02_L.avi,183152,61.0507,5.114,2.941,2244.587,6.989,NA,AD,Passing
RHNO02_1712,Kyphosidae,Girella,zebra,1,182.949,37361008,RHNO02_L.avi,183152,61.0507,2.627,3.753,2146.304,11.145,NA,AD,Passing
RHNO02_1712,Kyphosidae,Girella,zebra,1,194.49,37361008,RHNO02_L.avi,183152,61.0507,2.183,2.107,2294.644,11.389,NA,AD,Passing
RHNO02_1712,Kyphosidae,Girella,zebra,1,215.471,37361008,RHNO02_L.avi,183152,61.0507,2.387,0.462,2423.321,8.433,NA,AD,Passing
RHNO02_1712,Kyphosidae,Girella,zebra,1,191.677,37361008,RHNO02_L.avi,183152,61.0507,4.99,3.009,2225.955,5.113,NA,AD,Passing
RHNO02_1712,Kyphosidae,Girella,zebra,1,222.712,37361008,RHNO02_L.avi,183152,61.0507,4.302,6.499,2217.168,17.8,NA,AD,Passing
RHNO02_1712,Kyphosidae,Girella,zebra,1,154.01,37361008,RHNO02_L.avi,183152,61.0507,2.258,7.57,1556.281,20.988,NA,AD,Passing
RHNO04_1712,Labridae,Achoerodus,gouldii,1,383.913,37384002,RHNO04_L.avi,13452,4.484,1.741,7.988,2186.745,10.17,measure,F,Attracted
RHNO04_1712,Monacanthidae,Eubalichthys,mosaicus,1,234.32,37465003,RHNO04_L.avi,17950,5.9833,1.55,3.793,2143.957,8.513,NA,AD,Passing
RHNO04_1712,Cheilodactylidae,Dactylophora,nigricans,1,572.214,37377005,RHNO04_L.avi,34097,11.3657,1.415,4.176,2038.831,6.96,NA,AD,Passing
RHNO04_1712,Labridae,Notolabrus,tetricus,1,247.284,37384003,RHNO04_L.avi,37517,12.5057,7.51,15.855,2854.801,8.502,measure,F,Feeding
RHNO04_1712,Labridae,Notolabrus,tetricus,1,290.186,37384003,RHNO04_L.avi,37525,12.5083,12.988,10.088,3169.613,4.442,measure,F,Feeding
RHNO04_1712,Labridae,Notolabrus,tetricus,1,187.724,37384003,RHNO04_L.avi,37525,12.5083,2.035,2.851,3393.646,5.119,measure,F,Feeding
RHNO04_1712,Scorpididae,Scorpis,aequipinnis,1,186.463,37361004,RHNO04_L.avi,40418,13.4727,1.608,1.29,1582.149,10.608,NA,AD,Passing
RHNO04_1712,Scorpididae,Scorpis,aequipinnis,1,210.016,37361004,RHNO04_L.avi,40433,13.4777,1.177,1.923,1889.123,2.532,NA,AD,Passing
RHNO04_1712,Scorpididae,Scorpis,aequipinnis,1,193.206,37361004,RHNO04_L.avi,40433,13.4777,0.885,2.288,1637.585,2.786,NA,AD,Passing
RHNO04_1712,Scorpididae,Scorpis,aequipinnis,1,196.579,37361004,RHNO04_L.avi,40450,13.4833,1.8,4.41,1633.601,13.787,NA,AD,Passing
RHNO04_1712,Labridae,Notolabrus,parilus,1,241.758,37384022,RHNO04_L.avi,50431,16.8103,6.12,6.384,3142.489,14.978,NA,AD,Passing
RHNO04_1712,Cheilodactylidae,Cheilodactylus,nigripes,1,277.62,37377001,RHNO04_L.avi,66342,22.114,1.688,1.67,1689.613,7.029,measure,AD,Passing
RHNO04_1712,Sillaginidae,Sillaginodes,punctatus,1,324.69,37330001,RHNO04_L.avi,113025,37.675,2.515,1.747,3257.451,11.57,measure,AD,Attracted
RHNO04_1712,Labridae,Pictilabrus,laticlavius,1,186.156,37384020,RHNO04_L.avi,118533,39.511,2.083,4.769,2523.843,4.261,NA,AD,Passing
RHNO04_1712,Labridae,Pictilabrus,laticlavius,1,205.462,37384020,RHNO04_L.avi,118539,39.513,5.772,7.642,3305.066,12.367,NA,AD,Passing
RHNO04_1712,Kyphosidae,Kyphosus,sydneyanus,1,357.414,37361001,RHNO04_L.avi,135803,45.2677,2.144,5.184,1952.29,8.444,NA,AD,Passing
RHNO04_1712,Kyphosidae,Kyphosus,sydneyanus,1,355.027,37361001,RHNO04_L.avi,135811,45.2703,2.075,5.338,2255.138,8.982,NA,AD,Passing
RHNO04_1712,Scorpididae,Tilodon,sexfasciatus,1,153.532,37361003,RHNO04_L.avi,152713,50.9043,2.327,0.331,1873.451,5.095,NA,AD,Passing
RHNO04_1712,Monacanthidae,Meuschenia,hippocrepis,1,243.834,37465004,RHNO04_L.avi,154984,51.6613,1.861,3.97,1384.77,11.008,NA,AD,Passing
RHNO04_1712,Monacanthidae,Meuschenia,hippocrepis,1,359.089,37465004,RHNO04_L.avi,154984,51.6613,3.6,5.229,1659.033,7.4,NA,AD,Passing
RHNO04_1712,Kyphosidae,Girella,zebra,1,212.759,37361008,RHNO04_L.avi,164506,54.8353,1.206,4.894,1889.474,11.75,NA,AD,Passing
RHSO01_1712,Myliobatidae,Myliobatis,tenuicaudatus,1,976.612,37039001,RHSO01_L.avi,12713,8.4753,3.066,4.871,2599.923,1.7,measure,AD,Attracted
RHSO01_1712,Labridae,Notolabrus,parilus,1,222.742,37384022,RHSO01_L.avi,1.30E+04,8.6667,1.746,0.579,1735.846,6.521,NA,AD,Passing
RHSO01_1712,Loliginidae,Sepioteuthis,australis,1,237.795,23617005,RHSO01_L.avi,33957,22.638,6.68,5.002,2389.31,24.765,NA,AD,Passing
RHSO01_1712,Sphyraenidae,Sphyraena,novaehollandiae,1,590.316,37382002,RHSO01_L.avi,44364,29.576,5.161,2.936,3100.858,15.893,NA,AD,Passing
RHSO02_1712,Labridae,Austrolabrus,maculatus,1,66.039,37384025,RHSO02_L.avi,5249,3.4993,1.28,0.686,1726.31,12.02,NA,AD,Passing
RHSO02_1712,Odacidae,Siphonognathus,caninis,1,95.594,37385011,RHSO02_L.avi,6613,4.4087,3.723,4.95,1556.714,15.332,NA,AD,Passing
RHSO02_1712,Labridae,Notolabrus,parilus,1,248.18,37384022,RHSO02_L.avi,9789,6.526,3.646,2.641,1885.006,14.825,NA,AD,Passing
RHSO02_1712,Mullidae,Upeneichthys,vlamingii,1,213.189,37355029,RHSO02_L.avi,12973,8.6487,8.582,12.05,2422.973,16.364,NA,AD,Passing
RHSO02_1712,Labridae,Pictilabrus,laticlavius,1,203.228,37384020,RHSO02_L.avi,14457,9.638,0.941,0.231,1194.958,15.364,NA,AD,Passing
RHSO02_1712,Labridae,Notolabrus,tetricus,1,247.206,37384003,RHSO02_L.avi,18968,12.6453,0.464,0.917,547.525,14.384,NA,AD,Passing
RHSO02_1712,Sillaginidae,Sillaginodes,punctatus,1,388.327,37330001,RHSO02_L.avi,35541,23.694,6.153,0.927,2225.493,19.561,NA,AD,Passing
RHSO02_1712,Sillaginidae,Sillaginodes,punctatus,1,233.905,37330001,RHSO02_L.avi,35541,23.694,2.76,3.188,2431.319,19.296,NA,AD,Passing
RHSO02_1712,Sillaginidae,Sillaginodes,punctatus,1,360.322,37330001,RHSO02_L.avi,35541,23.694,1.221,0.258,1335.848,12.627,NA,AD,Passing
RHSO02_1712,Monacanthidae,unknown,sp,1,277.198,37465903,RHSO02_L.avi,55192,36.7947,1.797,1.251,1807.296,15.609,NA,AD,Passing
RHSO04_1712,Labridae,Ophthalmolepis,lineolatus,1,177.264,37384040,RHSO04_L.avi,9956,6.6373,1.413,1.515,1200.717,30.65,NA,AD,Passing
RHSO04_1712,Labridae,Pictilabrus,laticlavius,1,197.742,37384020,RHSO04_L.avi,10450,6.9667,1.55,2.137,1374.722,18.205,measure,M,Attracted
RHSO04_1712,Labridae,Notolabrus,tetricus,1,191.069,37384003,RHSO04_L.avi,21818,14.5453,2.415,0.304,1225.68,27.56,NA,AD,Passing
RHSO04_1712,Ostraciidae,Aracana,ornata,1,67.06,37466001,RHSO04_L.avi,24682,16.4547,2.845,0.877,1220.073,14.485,NA,AD,Passing
RHSO04_1712,Labridae,Notolabrus,parilus,1,351.481,37384022,RHSO04_L.avi,30385,20.2567,2.506,6.228,1646.117,14.129,NA,AD,Passing
RHSO04_1712,Labridae,Notolabrus,parilus,1,204.524,37384022,RHSO04_L.avi,30385,20.2567,2.683,4.149,1166.487,22.985,NA,AD,Passing
RHSO04_1712,Monacanthidae,Scobinichthys,granulatus,1,228.955,37465007,RHSO04_L.avi,62805,41.87,2.051,1.781,1218.124,30.469,NA,AD,Passing
SGCI01_1712,Odacidae,Olisthops,cyanomelas,1,301.161,37385001,SGCI01_L.avi,8337,5.558,5.189,1.62,1848.826,20.818,measure,M,Passing
SGCI01_1712,Kyphosidae,Girella,zebra,1,210.057,37361008,SGCI01_L.avi,16386,10.924,2.714,2.503,1779.677,21.726,measure,AD,Passing
SGCI01_1712,Monacanthidae,Meuschenia,hippocrepis,1,253.388,37465004,SGCI01_L.avi,19893,13.262,1.41,3.567,1372.865,4.944,measure,AD,Attracted
SGCI01_1712,Labridae,Notolabrus,tetricus,1,326.099,37384003,SGCI01_L.avi,22351,14.9007,1.079,1.743,1116.755,15.138,measure,M,Passing
SGCI01_1712,Labridae,Pictilabrus,laticlavius,1,186.034,37384020,SGCI01_L.avi,23551,15.7007,4.228,0.729,1803.931,29.808,measure,AD,Passing
SGCI01_1712,Labridae,Notolabrus,tetricus,1,235.637,37384003,SGCI01_L.avi,39332,26.2213,4.514,1.069,1779.449,19.605,NA,AD,Passing
SGCI01_1712,Labridae,Notolabrus,tetricus,1,154.978,37384003,SGCI01_L.avi,39332,26.2213,4.544,2.95,1878.074,23.779,NA,AD,Passing
SGCI01_1712,Labridae,Notolabrus,tetricus,1,233.924,37384003,SGCI01_L.avi,39342,26.228,3.552,2.879,1872.913,22.852,NA,AD,Passing
SGCI01_1712,Labridae,Notolabrus,tetricus,1,157.881,37384003,SGCI01_L.avi,39355,26.2367,2.566,0.929,1862.074,6.095,NA,AD,Passing
SGCI01_1712,Labridae,Notolabrus,tetricus,1,313.806,37384003,SGCI01_L.avi,39361,26.2407,10.244,1.511,2613.955,7.848,NA,AD,Passing
SGCI01_1712,Labridae,Notolabrus,tetricus,1,226.747,37384003,SGCI01_L.avi,39386,26.2573,3.2,4.515,1591.302,8.598,NA,AD,Passing
SGCI01_1712,Labridae,Notolabrus,tetricus,1,249.445,37384003,SGCI01_L.avi,39404,26.2693,1.763,1.906,2215.264,3.784,NA,AD,Passing
SGCI01_1712,Labridae,Achoerodus,gouldii,1,368.542,37384002,SGCI01_L.avi,41048,27.3653,4.835,0.669,2452.672,15.813,measure,F,Passing
SGCI01_1712,Sillaginidae,Sillaginodes,punctatus,1,351.589,37330001,SGCI01_L.avi,50211,33.474,2.564,3.474,1905.613,17.751,measure,AD,Passing
SGCI02_1712,Labridae,Pictilabrus,laticlavius,1,165.596,37384020,SGCI02_L.avi,4781,3.1873,3.268,4.093,1510.135,30.464,NA,AD,Passing
SGCI02_1712,Scorpididae,Scorpis,aequipinnis,1,277.152,37361004,SGCI02_L.avi,24686,16.4573,0.81,4.779,965.248,8.344,NA,AD,Passing
SGCI02_1712,Scorpididae,Scorpis,aequipinnis,1,184.093,37361004,SGCI02_L.avi,24686,16.4573,2.188,3.041,1185.377,28.929,NA,AD,Passing
SGCI02_1712,Scorpididae,Scorpis,aequipinnis,1,190.759,37361004,SGCI02_L.avi,24691,16.4607,0.93,4.235,958.006,21.924,NA,AD,Passing
SGCI02_1712,Scorpididae,Scorpis,aequipinnis,1,185.576,37361004,SGCI02_L.avi,24713,16.4753,0.83,2.708,1033.765,12.264,NA,AD,Passing
SGCI02_1712,Scorpididae,Scorpis,aequipinnis,1,222.938,37361004,SGCI02_L.avi,24730,16.4867,0.515,0.338,590.73,4.888,NA,AD,Passing
SGCI02_1712,Monacanthidae,Meuschenia,hippocrepis,1,296.67,37465004,SGCI02_L.avi,30026,20.0173,0.534,4.87,658.877,5.247,NA,AD,Passing
SGCI03_1712,Cheilodactylidae,Cheilodactylus,nigripes,1,315.787,37377001,SGCI03_L.avi,7418,4.9453,3.367,0.834,1575.508,17.076,NA,AD,Passing
SGCI03_1712,Monacanthidae,Meuschenia,hippocrepis,1,364.029,37465004,SGCI03_L.avi,9934,6.6227,1.146,7.176,1303.686,9.531,NA,AD,Passing
SGCI03_1712,Monacanthidae,Meuschenia,hippocrepis,1,275.967,37465004,SGCI03_L.avi,9934,6.6227,1.766,2.701,2130.409,9.003,NA,AD,Passing
SGCI03_1712,Monacanthidae,Meuschenia,hippocrepis,1,253.928,37465004,SGCI03_L.avi,9997,6.6647,1.002,2.392,1272.709,6.199,NA,AD,Passing
SGCI03_1712,Monacanthidae,Meuschenia,flavolineata,1,281.876,37465035,SGCI03_L.avi,11041,7.3607,3.966,4.659,2114.659,18.727,NA,AD,Passing
SGCI03_1712,Dinolestidae,Dinolestes,lewini,1,205.091,37 327002,SGCI03_L.avi,19866,13.244,3.035,5.827,2462.916,10.362,NA,AD,Passing
SGCI03_1712,Dinolestidae,Dinolestes,lewini,1,198.931,37 327002,SGCI03_L.avi,19866,13.244,7.339,10.683,3011.698,19.161,NA,AD,Passing
SGCI03_1712,Serranidae,Caesioperca,rasor,1,156.578,37311003,SGCI03_L.avi,27096,18.064,1.998,2.705,1442.032,27.285,NA,AD,Passing
SGCI03_1712,Serranidae,Caesioperca,rasor,1,167.892,37311003,SGCI03_L.avi,27099,18.066,3.19,2.543,1609.406,27.607,NA,AD,Passing
SGCI03_1712,Serranidae,Caesioperca,rasor,1,158.263,37311003,SGCI03_L.avi,27100,18.0667,1.139,4.674,1161.579,12.619,NA,AD,Passing
SGCI03_1712,Serranidae,Caesioperca,rasor,1,133.193,37311003,SGCI03_L.avi,27100,18.0667,1.827,1.824,1856.931,19.607,NA,AD,Passing
SGCI03_1712,Serranidae,Caesioperca,rasor,1,142.545,37311003,SGCI03_L.avi,27100,18.0667,1.435,6.298,1237.749,12.586,NA,AD,Passing
SGCI03_1712,Serranidae,Caesioperca,rasor,1,180.538,37311003,SGCI03_L.avi,27101,18.0673,1.622,3.277,1068.471,18.836,NA,AD,Passing
SGCI03_1712,Serranidae,Caesioperca,rasor,1,113.439,37311003,SGCI03_L.avi,27103,18.0687,0.918,14.381,845.777,24.578,NA,AD,Passing
SGCI03_1712,Serranidae,Caesioperca,rasor,1,174.455,37311003,SGCI03_L.avi,27124,18.0827,0.812,1.876,996.485,15.956,NA,AD,Passing
SGCI03_1712,Serranidae,Caesioperca,rasor,1,184.069,37311003,SGCI03_L.avi,27133,18.0887,0.755,1.923,918.57,17.776,NA,AD,Passing
SGCI03_1712,Serranidae,Caesioperca,rasor,1,144.143,37311003,SGCI03_L.avi,27141,18.094,0.419,2.124,518.605,17.582,NA,AD,Passing
SGCI03_1712,Serranidae,Caesioperca,rasor,1,182.508,37311003,SGCI03_L.avi,27154,18.1027,0.498,1.187,616.129,6.79,NA,AD,Passing
SGCI03_1712,Serranidae,Caesioperca,rasor,1,166.885,37311003,SGCI03_L.avi,27169,18.1127,0.828,5.881,983.329,12.769,NA,AD,Passing
SGCI03_1712,Serranidae,Caesioperca,rasor,1,166.497,37311003,SGCI03_L.avi,27171,18.114,0.655,0.538,839.776,14.917,NA,AD,Passing
SGCI03_1712,Labridae,Notolabrus,tetricus,1,258.037,37384003,SGCI03_L.avi,38030,25.3533,3.351,3.407,1446.548,27.26,NA,AD,Passing
SGCI03_1712,Labridae,Notolabrus,tetricus,1,273.441,37384003,SGCI03_L.avi,38030,25.3533,2.184,3.298,1533.47,18.615,NA,AD,Passing
SGCI03_1712,Labridae,Notolabrus,tetricus,1,235.903,37384003,SGCI03_L.avi,38064,25.376,10.484,5.045,2607.972,24.904,NA,AD,Passing
SGCI03_1712,Monacanthidae,Meuschenia,freycineti,1,328.982,37465036,SGCI03_L.avi,39435,26.29,9.98,6.691,2508.077,26.01,NA,AD,Passing
SGCI03_1712,Serranidae,Othos,dentex,1,503.476,37311005,SGCI03_L.avi,42332,28.2213,1.043,2.686,1099.802,19.662,measure,AD,Passing
SGCI03_1712,Scorpididae,Scorpis,aequipinnis,1,274.956,37361004,SGCI03_L.avi,49947,33.298,1.434,2.565,1423.31,15.369,NA,AD,Passing
SGCI03_1712,Scorpididae,Scorpis,aequipinnis,1,289.825,37361004,SGCI03_L.avi,49982,33.3213,3.441,2.3,1671.491,2.769,NA,AD,Passing
SGCI03_1712,Scorpididae,Scorpis,aequipinnis,1,219.466,37361004,SGCI03_L.avi,50002,33.3347,4.142,3.834,1722.267,24.734,NA,AD,Passing
SGCI03_1712,Scorpididae,Scorpis,aequipinnis,1,292.733,37361004,SGCI03_L.avi,50045,33.3633,1.546,2.056,1591.211,9.112,NA,AD,Passing
SGCI03_1712,Scorpididae,Tilodon,sexfasciatus,1,187.245,37361003,SGCI03_L.avi,63935,42.6233,1.904,1.621,1639.151,20.965,measure,AD,Passing
SGCI03_1712,Chaetodontidae,Chelmonops,curiosus,1,172.769,37365066,SGCI03_L.avi,74727,49.818,1.763,1.987,1875.138,13.564,NA,AD,Passing
SGCI03_1712,Aplodactylidae,Aplodactylus,arctidens,1,377.121,37376001,SGCI03_L.avi,91127,60.7513,3.07,5.858,2142.657,14.566,need id,AD,Passing
SGCI04_1712,Pomacentridae,Parma,victoriae,1,183.284,37372006,SGCI04_L.avi,13325,8.8833,1.684,2.311,1794.104,16.349,NA,AD,Passing
SGCI04_1712,Monacanthidae,Meuschenia,freycineti,1,446.031,37465036,SGCI04_L.avi,15011,10.0073,0.856,2.683,892.652,20.123,NA,AD,Passing
SGCI04_1712,Monacanthidae,Meuschenia,hippocrepis,1,297.991,37465004,SGCI04_L.avi,21006,14.004,1.388,2.04,1284.343,15.777,NA,AD,Passing
SGCI04_1712,Monacanthidae,Meuschenia,hippocrepis,1,311.48,37465004,SGCI04_L.avi,21329,14.2193,0.85,1.877,1078.281,16.453,NA,AD,Passing
SGCI04_1712,Kyphosidae,Girella,zebra,1,317.422,37361008,SGCI04_L.avi,29069,19.3793,3.043,3.201,2000.4,23.404,NA,AD,Passing
SGCI04_1712,Chaetodontidae,Chelmonops,curiosus,1,156.523,37365066,SGCI04_L.avi,41348,27.5653,2.431,5.266,2049.945,20.516,NA,AD,Passing
SGCI04_1712,Labridae,Notolabrus,tetricus,1,95.563,37384003,SGCI04_L.avi,44893,29.9287,0.735,41.122,815.021,19.939,NA,AD,Passing
SGCI04_1712,Labridae,Notolabrus,tetricus,1,238.039,37384003,SGCI04_L.avi,44893,29.9287,1.059,2.123,913.093,11.204,NA,AD,Passing
SGCI04_1712,Labridae,Notolabrus,tetricus,1,227.349,37384003,SGCI04_L.avi,44950,29.9667,4.161,5.142,2114.306,20.794,NA,AD,Passing
SGCI04_1712,Labridae,Notolabrus,tetricus,1,250.023,37384003,SGCI04_L.avi,44988,29.992,2.283,6.662,1891.786,19.977,NA,AD,Passing
SGCI04_1712,Monacanthidae,Meuschenia,flavolineata,1,283.994,37465035,SGCI04_L.avi,71131,47.4207,1.643,5.442,1662.661,16.187,NA,AD,Passing
SGCI04_1712,Scorpididae,Tilodon,sexfasciatus,1,241.688,37361003,SGCI04_L.avi,75166,50.1107,6.734,3.294,2490.94,23.89,NA,AD,Passing
SGCI04_1712,Scorpididae,Scorpis,aequipinnis,1,220.631,37361004,SGCI04_L.avi,77901,51.934,1.704,2.139,1353.528,17.026,NA,AD,Passing
SGCO02_1712,Carangidae,Pseudocaranx,georgianus,1,110.134,37337062,SGCO02_L.avi,9330,3.11,2.104,7.251,1914.388,14.849,NA,AD,Passing
SGCO02_1712,Carangidae,Pseudocaranx,georgianus,1,109.653,37337062,SGCO02_L.avi,9330,3.11,1.214,9.489,1836.714,12.052,NA,AD,Passing
SGCO02_1712,Carangidae,Pseudocaranx,georgianus,1,110.498,37337062,SGCO02_L.avi,9331,3.1103,1.244,4.542,1902.982,8.72,NA,AD,Passing
SGCO02_1712,Carangidae,Pseudocaranx,georgianus,1,148.87,37337062,SGCO02_L.avi,9331,3.1103,2.186,3.392,1911.754,14.382,NA,AD,Passing
SGCO02_1712,Carangidae,Pseudocaranx,georgianus,1,174.459,37337062,SGCO02_L.avi,9331,3.1103,4.844,9.33,2056.06,18.076,NA,AD,Passing
SGCO02_1712,Carangidae,Pseudocaranx,georgianus,1,166.454,37337062,SGCO02_L.avi,9331,3.1103,3.541,0.716,1976.456,12.223,NA,AD,Passing
SGCO02_1712,Carangidae,Pseudocaranx,georgianus,1,205.044,37337062,SGCO02_L.avi,9331,3.1103,3.856,8.571,1752.32,22.521,NA,AD,Passing
SGCO02_1712,Carangidae,Pseudocaranx,georgianus,1,138.177,37337062,SGCO02_L.avi,9331,3.1103,3.613,5.399,1884.507,14.637,NA,AD,Passing
SGCO02_1712,Carangidae,Pseudocaranx,georgianus,1,159.704,37337062,SGCO02_L.avi,9347,3.1157,4.584,22.464,1904.874,25.462,NA,AD,Passing
SGCO02_1712,Labridae,Pictilabrus,laticlavius,1,211.685,37384020,SGCO02_L.avi,12539,4.1797,1.376,1.872,1917.851,16.989,NA,AD,Passing
SGCO02_1712,Labridae,Notolabrus,parilus,1,252.538,37384022,SGCO02_L.avi,17987,5.9957,3.361,1.203,2061.524,14.424,NA,AD,Passing
SGCO02_1712,Cheilodactylidae,Dactylophora,nigricans,1,519.313,37377005,SGCO02_L.avi,47834,15.9447,9.475,2.473,3025.661,14.141,NA,AD,Passing
SGCO02_1712,Neosebastidae,Neosebastes,scorpaenoides,1,332.319,37287005,SGCO02_L.avi,66638,22.2127,1.905,15.355,1839.357,12.578,NA,AD,Passing
SGCO02_1712,Labridae,Notolabrus,tetricus,1,328.419,37384003,SGCO02_L.avi,68683,22.8943,0.919,8.45,1454.962,12.014,NA,AD,Passing
SGCO02_1712,Labridae,Notolabrus,tetricus,1,238.699,37384003,SGCO02_L.avi,68683,22.8943,2.63,5.71,2348.47,10.645,NA,AD,Passing
SGCO02_1712,Labridae,Notolabrus,tetricus,1,231.859,37384003,SGCO02_L.avi,68699,22.8997,1.201,8.481,1480.624,15.377,NA,AD,Passing
SGCO02_1712,Arripidae,Arripis,georgianus,1,159.711,37344001,SGCO02_L.avi,118806,39.602,2.41,6.729,2614.303,16.265,NA,AD,Passing
SGCO02_1712,Arripidae,Arripis,georgianus,1,183.023,37344001,SGCO02_L.avi,118806,39.602,5.363,8.527,2958.129,9.883,NA,AD,Passing
SGCO02_1712,Arripidae,Arripis,georgianus,1,198.618,37344001,SGCO02_L.avi,118806,39.602,7.095,5.078,3252.646,8.311,NA,AD,Passing
SGCO02_1712,Arripidae,Arripis,georgianus,1,175.483,37344001,SGCO02_L.avi,118806,39.602,4.787,15.388,2752.73,17.087,NA,AD,Passing
SGCO02_1712,Arripidae,Arripis,georgianus,1,169.126,37344001,SGCO02_L.avi,118806,39.602,3.379,9.237,3056.3,16.097,NA,AD,Passing
SGCO02_1712,Arripidae,Arripis,georgianus,1,171.582,37344001,SGCO02_L.avi,118806,39.602,5.617,14.692,3237.844,24.353,NA,AD,Passing
SGCO02_1712,Arripidae,Arripis,georgianus,1,181.084,37344001,SGCO02_L.avi,118825,39.6083,6.432,10.235,3197.042,12.369,NA,AD,Passing
SGCO02_1712,Arripidae,Arripis,georgianus,1,178.922,37344001,SGCO02_L.avi,118826,39.6087,5.459,11.59,3263.713,12.416,NA,AD,Passing
SGCO02_1712,Scorpididae,Scorpis,aequipinnis,1,196.259,37361004,SGCO02_L.avi,157861,52.6203,1.231,5.317,1761.796,2.872,NA,AD,Passing
SGCO02_1712,Kyphosidae,Girella,zebra,1,247.81,37361008,SGCO02_L.avi,158233,52.7443,1.264,9.846,1942.052,4.072,NA,AD,Passing
SGCO02_1712,Kyphosidae,Girella,zebra,1,218.896,37361008,SGCO02_L.avi,158249,52.7497,2.461,4.047,1827.026,11.945,NA,AD,Passing
SGCO02_1712,Kyphosidae,Girella,zebra,1,227.675,37361008,SGCO02_L.avi,158272,52.7573,3.114,8.18,1993.885,8.629,NA,AD,Passing
SGCO02_1712,Kyphosidae,Girella,zebra,1,281.778,37361008,SGCO02_L.avi,158284,52.7613,5.698,4.279,2119.925,23.324,NA,AD,Passing
SGCO02_1712,Labridae,Achoerodus,gouldii,1,555.134,37384002,SGCO02_L.avi,181537,60.5123,5.011,7.19,2639.114,1.62,NA,AD,Passing
SGCO02_1712,Cheilodactylidae,Nemadactylus,valenciennesi,1,393.724,37377004,SGCO02_L.avi,181776,60.592,7.681,9.089,3569.03,8.037,NA,AD,Passing
SGCO03_1712,Serranidae,Caesioperca,rasor,1,153.434,37311003,SGCO03_L.avi,16701,5.567,2.524,0.318,2307.422,21.055,NA,AD,Passing
SGCO03_1712,Serranidae,Caesioperca,rasor,1,140.173,37311003,SGCO03_L.avi,16749,5.583,2.178,4.173,1939.69,19.475,NA,AD,Passing
SGCO03_1712,Serranidae,Caesioperca,rasor,1,142.687,37311003,SGCO03_L.avi,16764,5.588,1.211,9.409,1631.381,2.733,NA,AD,Passing
SGCO03_1712,Cheilodactylidae,Nemadactylus,valenciennesi,1,341.734,37377004,SGCO03_L.avi,17702,5.9007,2.85,5.374,2711.482,14.311,NA,AD,Passing
SGCO03_1712,Labridae,Achoerodus,gouldii,1,579.131,37384002,SGCO03_L.avi,17729,5.9097,3.01,6.701,2017.577,9.535,NA,AD,Passing
SGCO03_1712,Labridae,Achoerodus,gouldii,1,381.388,37384002,SGCO03_L.avi,17817,5.939,1.391,2.529,1755.468,14.707,NA,AD,Passing
SGCO03_1712,Labridae,Achoerodus,gouldii,1,574.165,37384002,SGCO03_L.avi,17841,5.947,1.803,3.839,2829.755,7.853,NA,AD,Passing
SGCO03_1712,Scorpididae,Scorpis,aequipinnis,1,263.891,37361004,SGCO03_L.avi,22995,7.665,1.407,5.49,1902.17,6.733,NA,AD,Passing
SGCO03_1712,Scorpididae,Scorpis,aequipinnis,1,221.061,37361004,SGCO03_L.avi,23011,7.6703,2.624,2.677,2007.136,10.034,NA,AD,Passing
SGCO03_1712,Scorpididae,Scorpis,aequipinnis,1,251.474,37361004,SGCO03_L.avi,23011,7.6703,0.73,13.641,1206.641,10.254,NA,AD,Passing
SGCO03_1712,Scorpididae,Scorpis,aequipinnis,1,225.673,37361004,SGCO03_L.avi,23056,7.6853,1.408,1.645,2058.871,9.812,NA,AD,Passing
SGCO03_1712,Pentacerotidae,Pentaceropsis,recurvirostris,1,581.976,37367003,SGCO03_L.avi,28755,9.585,18.239,9.798,4802.095,19.403,NA,AD,Passing
SGCO03_1712,Monacanthidae,Meuschenia,hippocrepis,1,263.918,37465004,SGCO03_L.avi,33619,11.2063,3.16,2.742,2820.699,5.375,NA,AD,Passing
SGCO03_1712,Labridae,Notolabrus,parilus,1,337.954,37384022,SGCO03_L.avi,39336,13.112,3.093,6.69,2725.177,15.856,NA,AD,Passing
SGCO03_1712,Labridae,Notolabrus,tetricus,1,189.843,37384003,SGCO03_L.avi,43589,14.5297,1.596,10.581,1694.287,8.561,NA,AD,Passing
SGCO03_1712,Cheilodactylidae,Dactylophora,nigricans,1,502.536,37377005,SGCO03_L.avi,188043,62.681,3.054,10.004,2111.047,9.552,NA,AD,Passing
SGEI01_1801,Mullidae,Upeneichthys,vlamingii,1,153.724,37355029,SGEI01_L.avi,5020,3.3467,11.502,1.211,3185.479,16.997,NA,AD,Passing
SGEI01_1801,Mullidae,Upeneichthys,vlamingii,1,132.605,37355029,SGEI01_L.avi,8528,5.6853,5.115,0.048,2033.082,21.648,MEASURE,AD,Passing
SGEI01_1801,Scorpididae,Scorpis,aequipinnis,1,178.631,37361004,SGEI01_L.avi,18198,12.132,0.582,0.438,722.067,12.858,MEASURE,AD,Passing
SGEI01_1801,Scorpididae,Scorpis,aequipinnis,1,177.609,37361004,SGEI01_L.avi,18198,12.132,0.753,1.828,953.656,4.371,MEASURE,AD,Passing
SGEI01_1801,Scorpididae,Scorpis,aequipinnis,1,252.942,37361004,SGEI01_L.avi,18198,12.132,2.258,0.637,1898.263,15.141,MEASURE,AD,Passing
SGEI01_1801,Scorpididae,Scorpis,aequipinnis,1,200.474,37361004,SGEI01_L.avi,18204,12.136,6.134,1.125,2218.797,20.88,MEASURE,AD,Passing
SGEI01_1801,Labridae,Notolabrus,tetricus,1,334.046,37384003,SGEI01_L.avi,20702,13.8013,2.19,1.022,1840.555,13.223,MEASURE,M,Attracted
SGEI01_1801,Kyphosidae,Kyphosus,sydneyanus,1,427.302,37361001,SGEI01_L.avi,50767,33.8447,10.991,1.121,2921.465,20.847,NA,AD,Passing
SGEI01_1801,Kyphosidae,Kyphosus,sydneyanus,1,393.869,37361001,SGEI01_L.avi,50767,33.8447,2.796,2.212,2113.343,8.421,NA,AD,Passing
SGEI01_1801,Kyphosidae,Kyphosus,sydneyanus,1,396.647,37361001,SGEI01_L.avi,50767,33.8447,7.138,2.541,2083.502,20.58,NA,AD,Passing
SGEI01_1801,Labridae,Achoerodus,gouldii,1,774.194,37384002,SGEI01_L.avi,53150,35.4333,19.279,8.982,3449.461,20.898,NA,AD,Passing
SGEI01_1801,Monacanthidae,Acanthaluteres,vittiger,1,124.657,37465002,SGEI01_L.avi,73205,48.8033,0.49,0.525,626.138,5.497,NA,AD,Passing
SGEI01_1801,Arripidae,Arripis,georgianus,1,131.064,37344001,SGEI01_L.avi,78394,52.2627,5.016,1.82,2028.661,20.889,NA,AD,Passing
SGEI01_1801,Arripidae,Arripis,georgianus,1,137.311,37344001,SGEI01_L.avi,78394,52.2627,8.675,0.347,2463.633,19.172,NA,AD,Passing
SGEI01_1801,Arripidae,Arripis,georgianus,1,144.041,37344001,SGEI01_L.avi,78394,52.2627,5.203,0.735,2535.652,16.354,NA,AD,Passing
SGEI01_1801,Arripidae,Arripis,georgianus,1,148.643,37344001,SGEI01_L.avi,78398,52.2653,1.861,0.196,2328.774,17.108,NA,AD,Passing
SGEI01_1801,Arripidae,Arripis,georgianus,1,134.324,37344001,SGEI01_L.avi,78398,52.2653,2.339,0.301,2584.649,15.392,NA,AD,Passing
SGEI01_1801,Odacidae,Neoodax,balteatus,1,105.678,37385005,SGEI01_L.avi,79725,53.15,1.545,0.074,1814.982,9.047,NA,AD,Passing
SGEI01_1801,Cheilodactylidae,Dactylophora,nigricans,1,475.613,37377005,SGEI01_L.avi,89293,59.5287,4.386,2.559,2231.354,21.332,NA,AD,Passing
SGEI02_1801,Kyphosidae,Girella,zebra,1,176.712,37361008,SGEI02_L.avi,10614,7.076,5.748,1.515,2944.921,15.414,NA,AD,Passing
SGEI02_1801,Kyphosidae,Girella,zebra,1,237.591,37361008,SGEI02_L.avi,10654,7.1027,11.393,2.07,2677.26,27.607,NA,AD,Passing
SGEI02_1801,Kyphosidae,Girella,zebra,1,167.168,37361008,SGEI02_L.avi,10654,7.1027,8.622,1.189,2976.559,27.737,NA,AD,Passing
SGEI02_1801,Platycephalidae,Platycephalus,speculator,1,452.615,37296037,SGEI02_L.avi,15485,10.3233,4.918,1.815,1700.357,21.634,NA,AD,Passing
SGEI02_1801,Carangidae,Trachurus,novaezelandiae,1,46.229,37337003,SGEI02_L.avi,34807,23.2047,0.656,3.501,726.271,17.418,NA,AD,Passing
SGEI02_1801,Kyphosidae,Kyphosus,sydneyanus,1,302.914,37361001,SGEI02_L.avi,39778,26.5187,16.989,22.314,4548.965,25.42,NA,AD,Passing
SGEI02_1801,Pomacentridae,Parma,victoriae,1,192.715,37372006,SGEI02_L.avi,50538,33.692,9.842,6.177,3400.86,26.725,NA,AD,Passing
SGEI02_1801,Mullidae,Upeneichthys,vlamingii,1,184.661,37355029,SGEI02_L.avi,51420,34.28,5.763,0.184,1979.27,28.519,NA,AD,Passing
SGEI02_1801,Labridae,Notolabrus,tetricus,1,212.912,37384003,SGEI02_L.avi,56399,37.5993,1.233,3.934,1440.708,4.111,NA,AD,Passing
SGEI02_1801,Labridae,Notolabrus,tetricus,1,418.728,37384003,SGEI02_L.avi,56456,37.6373,1.88,7.679,1228.628,13.175,NA,AD,Passing
SGEI02_1801,Labridae,Notolabrus,parilus,1,294.434,37384022,SGEI02_L.avi,59874,39.916,5.353,4.461,2302.562,13.27,NA,AD,Passing
SGEI02_1801,Monacanthidae,Meuschenia,hippocrepis,1,426.066,37465004,SGEI02_L.avi,61789,41.1927,1.509,8.845,907.798,12.177,NA,AD,Passing
SGEI02_1801,Monacanthidae,Meuschenia,hippocrepis,1,344.451,37465004,SGEI02_L.avi,61808,41.2053,2.213,2.414,1182.451,8.62,NA,AD,Passing
SGEI02_1801,Monacanthidae,Meuschenia,hippocrepis,1,348.764,37465004,SGEI02_L.avi,61838,41.2253,2.543,10.307,1603.69,26.394,NA,AD,Passing
SGEI02_1801,Carangidae,Pseudocaranx,sp,1,100.353,37 337924,SGEI02_L.avi,65208,43.472,1.631,5.948,1222.278,25.793,NA,AD,Passing
SGEI02_1801,Scorpididae,Scorpis,aequipinnis,1,146.48,37361004,SGEI02_L.avi,91382,60.9213,0.776,7.623,946.617,18.06,NA,AD,Passing
SGEI02_1801,Scorpididae,Scorpis,aequipinnis,1,158.388,37361004,SGEI02_L.avi,91382,60.9213,0.637,10.438,823.954,15.438,NA,AD,Passing
SGEI02_1801,Scorpididae,Scorpis,aequipinnis,1,181.906,37361004,SGEI02_L.avi,91382,60.9213,0.753,14.968,847.626,14.275,NA,AD,Passing
SGEI02_1801,Scorpididae,Scorpis,aequipinnis,1,158.502,37361004,SGEI02_L.avi,91382,60.9213,1.344,1.738,1187.839,12.935,NA,AD,Passing
SGEI02_1801,Scorpididae,Scorpis,aequipinnis,1,147.734,37361004,SGEI02_L.avi,91426,60.9507,1.636,8.298,1081.661,20.21,NA,AD,Passing
SGEI03_1801,Labridae,Achoerodus,gouldii,1,536.457,37384002,SGEI03_L.avi,24506,16.3373,1.941,1.873,2098.42,7.263,NA,AD,Passing
SGEI03_1801,Dinolestidae,Dinolestes,lewini,1,262.261,37 327002,SGEI03_L.avi,34077,22.718,17.981,7.593,3459.243,27.641,NA,AD,Passing
SGEI03_1801,Dinolestidae,Dinolestes,lewini,1,287.249,37 327002,SGEI03_L.avi,34077,22.718,14.932,2.684,3158.028,21.053,NA,AD,Passing
SGEI03_1801,Dinolestidae,Dinolestes,lewini,1,307.587,37 327002,SGEI03_L.avi,34077,22.718,13.359,3.094,2924.466,28.552,NA,AD,Passing
SGEI03_1801,Dinolestidae,Dinolestes,lewini,1,245.362,37 327002,SGEI03_L.avi,34083,22.722,8.561,10.499,2438.208,27.665,NA,AD,Passing
SGEI03_1801,Dinolestidae,Dinolestes,lewini,1,163.943,37 327002,SGEI03_L.avi,34083,22.722,5.415,21.458,1745.384,23.699,NA,AD,Passing
SGEI03_1801,Kyphosidae,Girella,zebra,1,296.796,37361008,SGEI03_L.avi,37186,24.7907,4.303,2.135,1595.397,25.773,Measure,AD,Passing
SGEI03_1801,Kyphosidae,Kyphosus,sydneyanus,1,470.608,37361001,SGEI03_L.avi,38525,25.6833,18.21,1.407,3193.33,27.051,NA,AD,Passing
SGEI03_1801,Pomacentridae,Parma,victoriae,1,212.075,37372006,SGEI03_L.avi,42851,28.5673,1.401,3.377,1497.453,26.16,NA,AD,Passing
SGEI03_1801,Labridae,Pictilabrus,laticlavius,1,144.472,37384020,SGEI03_L.avi,43916,29.2773,4.475,2.24,2322.616,20.037,NA,AD,Passing
SGEI03_1801,Labridae,Notolabrus,parilus,1,247.315,37384022,SGEI03_L.avi,56529,37.686,7.1,9.641,2233.625,28.414,NA,AD,Passing
SGEI03_1801,Scorpididae,Scorpis,aequipinnis,1,207.292,37361004,SGEI03_L.avi,56950,37.9667,1.443,5.136,1606.969,15.549,Measure,AD,Passing
SGEI03_1801,Scorpididae,Scorpis,aequipinnis,1,175.59,37361004,SGEI03_L.avi,56950,37.9667,1.465,10.732,1105.587,22.02,Measure,AD,Passing
SGEI03_1801,Scorpididae,Scorpis,aequipinnis,1,193.43,37361004,SGEI03_L.avi,56950,37.9667,1.993,3.638,1567.935,7.892,Measure,AD,Passing
SGEI03_1801,Scorpididae,Scorpis,aequipinnis,1,173.295,37361004,SGEI03_L.avi,56950,37.9667,1.252,1.43,1071.335,22.82,Measure,AD,Passing
SGEI03_1801,Monacanthidae,Meuschenia,hippocrepis,1,285.313,37465004,SGEI03_L.avi,61516,41.0107,1.868,5.842,1439.599,17.813,NA,AD,Passing
SGEI03_1801,Monacanthidae,Meuschenia,hippocrepis,1,319.788,37465004,SGEI03_L.avi,61516,41.0107,3.67,6.202,1719.247,25.817,NA,AD,Passing
SGEI03_1801,Monacanthidae,Meuschenia,hippocrepis,1,293.821,37465004,SGEI03_L.avi,61534,41.0227,2.515,4.173,1615.962,14.562,NA,AD,Passing
SGEI03_1801,Monacanthidae,Meuschenia,hippocrepis,1,331.075,37465004,SGEI03_L.avi,61539,41.026,2.924,7.237,1390.753,15.323,NA,AD,Passing
SGEI03_1801,Monacanthidae,Meuschenia,hippocrepis,1,430.557,37465004,SGEI03_L.avi,61539,41.026,4.179,6.686,1518.592,6.836,NA,AD,Passing
SGEI03_1801,Monacanthidae,Meuschenia,hippocrepis,1,415.773,37465004,SGEI03_L.avi,61539,41.026,4.533,10.74,1763.33,25.079,NA,AD,Passing
SGEI03_1801,Monacanthidae,Meuschenia,hippocrepis,1,334.433,37465004,SGEI03_L.avi,61539,41.026,5.459,8.256,2442.557,26.951,NA,AD,Passing
SGEI03_1801,Monacanthidae,Meuschenia,hippocrepis,1,291.876,37465004,SGEI03_L.avi,61539,41.026,1.244,5.188,1327.608,10.569,NA,AD,Passing
SGEI03_1801,Monacanthidae,Meuschenia,hippocrepis,1,294.493,37465004,SGEI03_L.avi,61539,41.026,3.741,4.088,1439.324,20.593,NA,AD,Passing
SGEI03_1801,Cheilodactylidae,Cheilodactylus,nigripes,1,348.098,37377001,SGEI03_L.avi,67059,44.706,3.049,3.156,1934.872,31.697,NA,AD,Passing
SGEI03_1801,Labridae,Notolabrus,tetricus,1,363.941,37384003,SGEI03_L.avi,70231,46.8207,3.737,12.176,2259.5,24.71,NA,AD,Passing
SGEI03_1801,Labridae,Notolabrus,tetricus,1,419.476,37384003,SGEI03_L.avi,70232,46.8213,3.324,2.615,1701.677,16.388,NA,AD,Passing
SGEI04_1801,Enoplosidae,Enoplosus,armatus,1,204.965,37366001,SGEI04_L.avi,4373,2.9153,2.479,1.663,1761.996,17.066,NA,AD,Passing
SGEI04_1801,Kyphosidae,Kyphosus,sydneyanus,1,380.427,37361001,SGEI04_L.avi,4754,3.1693,3.219,4.351,1328.167,20.297,NA,AD,Passing
SGEI04_1801,Chaetodontidae,Chelmonops,curiosus,1,199.074,37365066,SGEI04_L.avi,4785,3.19,1.641,1.169,1836.5,12.845,NA,AD,Passing
SGEI04_1801,Pomacentridae,Parma,victoriae,1,212.591,37372006,SGEI04_L.avi,5301,3.534,4.504,1.199,1767.543,30.64,NA,AD,Passing
SGEI04_1801,Monacanthidae,Meuschenia,flavolineata,1,302.576,37465035,SGEI04_L.avi,5933,3.9553,4.462,2.399,1756.432,17.116,NA,AD,Passing
SGEI04_1801,Monacanthidae,Meuschenia,flavolineata,1,316.41,37465035,SGEI04_L.avi,5986,3.9907,5.392,1.638,2149.932,18.822,NA,AD,Passing
SGEI04_1801,Labridae,Austrolabrus,maculatus,1,137.812,37384025,SGEI04_L.avi,6350,4.2333,1.467,0.997,1257.436,25.39,Measure,AD,Attracted
SGEI04_1801,Labridae,Austrolabrus,maculatus,1,109.801,37384025,SGEI04_L.avi,6350,4.2333,1.11,0.155,1198.057,13.379,Measure,AD,Attracted
SGEI04_1801,Odacidae,Olisthops,cyanomelas,1,326.743,37385001,SGEI04_L.avi,10806,7.204,3.633,0.838,1745.271,29.985,NA,AD,Passing
SGEI04_1801,Labridae,Achoerodus,gouldii,1,330.545,37384002,SGEI04_L.avi,16989,11.326,1.994,0.655,1605.97,21.472,NA,AD,Passing
SGEI04_1801,Labridae,Achoerodus,gouldii,1,318.179,37384002,SGEI04_L.avi,17107,11.4047,3.296,0.817,1827.095,18.346,NA,AD,Passing
SGEI04_1801,Labridae,Pictilabrus,laticlavius,1,137.307,37384020,SGEI04_L.avi,20031,13.354,1.97,4.202,2114.685,14.223,NA,AD,Passing
SGEI04_1801,Labridae,Pictilabrus,laticlavius,1,197.394,37384020,SGEI04_L.avi,20031,13.354,5.143,3.082,2075.151,18.103,NA,AD,Passing
SGEI04_1801,Labridae,Pictilabrus,laticlavius,1,240.804,37384020,SGEI04_L.avi,20067,13.378,1.56,3.425,1485.174,17.02,NA,AD,Passing
SGEI04_1801,Labridae,Notolabrus,tetricus,1,297.616,37384003,SGEI04_L.avi,28222,18.8147,5.51,2.646,2209.726,22.462,NA,AD,Passing
SGEI04_1801,Labridae,Notolabrus,tetricus,1,336.862,37384003,SGEI04_L.avi,28245,18.83,1.124,0.554,837.841,19.36,NA,AD,Passing
SGEI04_1801,Monacanthidae,Meuschenia,hippocrepis,1,315.563,37465004,SGEI04_L.avi,31215,20.81,5.025,1.704,1641.376,20.458,NA,AD,Passing
SGEI04_1801,Monacanthidae,Meuschenia,hippocrepis,1,376.425,37465004,SGEI04_L.avi,31228,20.8187,1.705,1.04,1687.738,14.209,NA,AD,Passing
SGEI04_1801,Monacanthidae,Meuschenia,hippocrepis,1,230.32,37465004,SGEI04_L.avi,31281,20.854,1.5,2.677,1387.547,13.016,NA,AD,Passing
SGEI04_1801,Serranidae,Othos,dentex,1,329.807,37311005,SGEI04_L.avi,36188,24.1253,1.243,0.405,1166.093,22.929,NA,AD,Passing
SGEI04_1801,Labridae,Notolabrus,tetricus,1,411.449,37384003,SGEI04_L.avi,46703,31.1353,4.307,1.535,1497.725,23.134,Measure,AD,Passing
SGEI04_1801,Kyphosidae,Girella,zebra,1,258.357,37361008,SGEI04_L.avi,50557,33.7047,3.099,1.1,2050.092,17.519,NA,AD,Passing
SGEI04_1801,Cheilodactylidae,Cheilodactylus,nigripes,1,330.567,37377001,SGEI04_L.avi,71153,47.4353,2.535,1.854,1582.23,24.308,NA,AD,Passing
SGEI04_1801,Scorpididae,Scorpis,aequipinnis,1,310.11,37361004,SGEI04_L.avi,90135,60.09,4.474,1.353,1640.542,30.252,NA,AD,Passing
SGEI04_1801,Scorpididae,Scorpis,aequipinnis,1,220.107,37361004,SGEI04_L.avi,90135,60.09,2.744,1.746,1476.062,26.441,NA,AD,Passing
SGEI04_1801,Scorpididae,Scorpis,aequipinnis,1,239.445,37361004,SGEI04_L.avi,90135,60.09,3.537,1.484,1432.813,16.552,NA,AD,Passing
SGEI04_1801,Scorpididae,Scorpis,aequipinnis,1,188.666,37361004,SGEI04_L.avi,90141,60.094,3.4,0.378,1827.792,14.196,NA,AD,Passing
SGEO01_1801,Mullidae,Upeneichthys,vlamingii,1,161.603,37355029,SGEO01_L.avi,31153,20.7687,9.369,1.516,2463.759,19.675,NA,AD,Passing
SGEO01_1801,Labridae,Notolabrus,tetricus,1,402.95,37384003,SGEO01_L.avi,52044,34.696,5.256,1.559,1840.207,25.134,Measure,M,Passing
SGEO01_1801,Labridae,Notolabrus,tetricus,1,217.746,37384003,SGEO01_L.avi,68504,45.6693,1.868,0.807,1364.942,17.554,Measure,AD,Passing
SGEO01_1801,Labridae,Notolabrus,tetricus,1,250.299,37384003,SGEO01_L.avi,68534,45.6893,1.906,1.467,1365.448,18.06,Measure,AD,Passing
SGEO01_1801,Arripidae,Arripis,truttaceus,1,320.434,37344004,SGEO01_L.avi,82119,54.746,3.538,2.436,1853.522,23.229,NA,AD,Passing
SGEO01_1801,Siliculidae,Sillago,sp,1,190.476,37 330904,SGEO01_L.avi,93724,62.4827,2.714,2.836,1996.613,20.313,NA,AD,Passing
SGEO01_1801,Scorpididae,Scorpis,aequipinnis,1,185.703,37361004,SGEO01_L.avi,93724,62.4827,1.79,1.735,1341.16,30.884,NA,AD,Passing
SGEO01_1801,Scorpididae,Scorpis,aequipinnis,1,159.375,37361004,SGEO01_L.avi,93724,62.4827,1.685,0.495,1353.018,21.289,NA,AD,Passing
SGEO01_1801,Scorpididae,Scorpis,aequipinnis,1,170.04,37361004,SGEO01_L.avi,93724,62.4827,1.426,1.526,1217.221,14.483,NA,AD,Passing
SGEO01_1801,Scorpididae,Scorpis,aequipinnis,1,190.295,37361004,SGEO01_L.avi,93724,62.4827,1.568,0.849,1309.172,14.606,NA,AD,Passing
SGEO01_1801,Scorpididae,Scorpis,aequipinnis,1,188.596,37361004,SGEO01_L.avi,93724,62.4827,2.617,2.541,1529.581,12.931,NA,AD,Passing
SGEO01_1801,Scorpididae,Scorpis,aequipinnis,1,226.317,37361004,SGEO01_L.avi,93724,62.4827,2.17,1.591,1412.087,14.135,NA,AD,Passing
SGEO02_1801,Kyphosidae,Kyphosus,sydneyanus,1,433.529,37361001,SGEO02_L.avi,3655,2.4367,10.016,1.622,2377.686,27.024,Measure,AD,Passing
SGEO02_1801,Kyphosidae,Girella,zebra,1,260.094,37361008,SGEO02_L.avi,4008,2.672,1.688,2.766,1912.025,13.748,NA,AD,Passing
SGEO02_1801,Kyphosidae,Girella,zebra,1,341.546,37361008,SGEO02_L.avi,4008,2.672,8.451,0.847,3246.315,7.734,NA,AD,Passing
SGEO02_1801,Labridae,Notolabrus,tetricus,1,180.89,37384003,SGEO02_L.avi,10634,7.0893,1.321,5.936,823.724,11.741,NA,AD,Passing
SGEO02_1801,Labridae,Notolabrus,tetricus,1,315.361,37384003,SGEO02_L.avi,10651,7.1007,2.472,3.634,1257.266,26.856,NA,AD,Passing
SGEO02_1801,Labridae,Notolabrus,tetricus,1,159.944,37384003,SGEO02_L.avi,10686,7.124,1.938,3.655,2215.178,9.706,NA,AD,Passing
SGEO02_1801,Labridae,Achoerodus,gouldii,1,445.865,37384002,SGEO02_L.avi,12552,8.368,2.769,1.845,1488.284,17.684,Measure,F,Attracted
SGEO02_1801,Scorpididae,Scorpis,aequipinnis,1,192.656,37361004,SGEO02_L.avi,17438,11.6253,1.544,0.819,1017.361,27.54,NA,AD,Passing
SGEO02_1801,Scorpididae,Scorpis,aequipinnis,1,198.067,37361004,SGEO02_L.avi,17438,11.6253,1.487,1.804,1670.63,11.708,NA,AD,Passing
SGEO02_1801,Scorpididae,Scorpis,aequipinnis,1,159.416,37361004,SGEO02_L.avi,17438,11.6253,3.092,0.9,1796.723,20.929,NA,AD,Passing
SGEO02_1801,Chaetodontidae,Chelmonops,curiosus,1,221.204,37365066,SGEO02_L.avi,19047,12.698,1.768,2.303,1599.884,19.879,NA,AD,Passing
SGEO02_1801,Labridae,Austrolabrus,maculatus,1,117.172,37384025,SGEO02_L.avi,22542,15.028,1.481,2.174,1333.026,22.929,NA,AD,Passing
SGEO02_1801,Labridae,Pictilabrus,laticlavius,1,192.966,37384020,SGEO02_L.avi,22810,15.2067,1.088,5.083,900.689,17.954,Measure,AD,Passing
SGEO02_1801,Labridae,Pictilabrus,laticlavius,1,188.794,37384020,SGEO02_L.avi,22820,15.2133,1.77,1.205,1006.668,10.428,Measure,AD,Passing
SGEO02_1801,Monacanthidae,Meuschenia,hippocrepis,1,184.333,37465004,SGEO02_L.avi,23835,15.89,1.205,0.102,1136.575,30.236,NA,AD,Passing
SGEO02_1801,Cheilodactylidae,Cheilodactylus,nigripes,1,325.024,37377001,SGEO02_L.avi,27826,18.5507,1.889,6.235,1825.632,17.05,NA,AD,Passing
SGEO02_1801,Pomacentridae,Parma,victoriae,1,164.876,37372006,SGEO02_L.avi,46730,31.1533,1.057,5.432,1088.468,28.675,Measure,AD,Passing
SGEO02_1801,Odacidae,Olisthops,cyanomelas,1,384.082,37385001,SGEO02_L.avi,52763,35.1753,7.831,10.872,2292.345,8.254,Measure,AD,Passing
SGEO02_1801,Labridae,Notolabrus,parilus,1,236.412,37384022,SGEO02_L.avi,54221,36.1473,3.119,7.097,2238.431,7.559,NA,AD,Passing
SGEO03_1801,Kyphosidae,Kyphosus,sydneyanus,1,394.615,37361001,SGEO03_L.avi,3484,2.3227,3.47,0.725,1665.225,21.406,NA,AD,Passing
SGEO03_1801,Kyphosidae,Kyphosus,sydneyanus,1,315.678,37361001,SGEO03_L.avi,3484,2.3227,2.766,1.292,1596.966,29.077,NA,AD,Passing
SGEO03_1801,Kyphosidae,Kyphosus,sydneyanus,1,363.595,37361001,SGEO03_L.avi,3489,2.326,4.133,3.149,1736.281,23.416,NA,AD,Passing
SGEO03_1801,Kyphosidae,Kyphosus,sydneyanus,1,453.536,37361001,SGEO03_L.avi,3489,2.326,5.252,13.183,1775.996,27.062,NA,AD,Passing
SGEO03_1801,Labridae,Pictilabrus,laticlavius,1,173.433,37384020,SGEO03_L.avi,7186,4.7907,2.957,0.435,1978.606,19.51,Measure,AD,Passing
SGEO03_1801,Scorpididae,Scorpis,aequipinnis,1,193.523,37361004,SGEO03_L.avi,8255,5.5033,7.371,3.521,2077.612,31.34,NA,AD,Passing
SGEO03_1801,Scorpididae,Scorpis,aequipinnis,1,182.512,37361004,SGEO03_L.avi,8257,5.5047,2.858,0.733,1396.351,20.953,NA,AD,Passing
SGEO03_1801,Scorpididae,Scorpis,aequipinnis,1,155.412,37361004,SGEO03_L.avi,8257,5.5047,3.996,2.242,2417.366,22.711,NA,AD,Passing
SGEO03_1801,Labridae,Achoerodus,gouldii,1,447.616,37384002,SGEO03_L.avi,8328,5.552,2.455,0.437,1811.377,20.608,Measure,F,Passing
SGEO03_1801,Serranidae,Othos,dentex,1,460.816,37311005,SGEO03_L.avi,10040,6.6933,3.128,2.366,1332.861,24.755,Measure,AD,Passing
SGEO03_1801,Monacanthidae,Meuschenia,flavolineata,1,315.21,37465035,SGEO03_L.avi,4.10E+04,27.3333,3.275,5.383,1556.117,12.374,Measure,AD,Passing
SGEO03_1801,Labridae,Notolabrus,tetricus,1,170.844,37384003,SGEO03_L.avi,43102,28.7347,1.86,2.46,1486.724,30.114,Measure,AD,Passing
SGEO03_1801,Labridae,Notolabrus,tetricus,1,214.35,37384003,SGEO03_L.avi,43102,28.7347,2.04,7.312,1657.768,21.369,Measure,AD,Passing
SGEO03_1801,Labridae,Notolabrus,tetricus,1,219.194,37384003,SGEO03_L.avi,43102,28.7347,1.478,6.083,1713.389,11.951,Measure,AD,Passing
SGEO03_1801,Labridae,Notolabrus,tetricus,1,223.342,37384003,SGEO03_L.avi,43102,28.7347,1.51,2.843,1078.772,16.067,Measure,AD,Passing
SGEO03_1801,Monacanthidae,Meuschenia,hippocrepis,1,362.648,37465004,SGEO03_L.avi,46267,30.8447,1.242,1.11,1277.963,19.559,Measure,AD,Passing
SGEO03_1801,Monacanthidae,Meuschenia,freycineti,1,402.558,37465036,SGEO03_L.avi,77343,51.562,1.769,1.311,1387.539,15.49,NA,AD,Passing
SGEO03_1801,Monacanthidae,Meuschenia,freycineti,1,399.312,37465036,SGEO03_L.avi,77343,51.562,2.711,8.3,1574.984,20.874,NA,AD,Passing
SGEO03_1801,Aplodactylidae,Aplodactylus,arctidens,1,421.437,37376001,SGEO03_L.avi,81052,54.0347,2.68,1.352,1843.521,23.731,NA,AD,Passing
SGEO03_1801,Monacanthidae,Nelusetta,ayraud,1,418.834,37465006,SGEO03_L.avi,84607,56.4047,1.959,8.871,1461.089,18.182,NA,AD,Passing
SGEO03_1801,Labridae,Austrolabrus,maculatus,1,137.581,37384025,SGEO03_L.avi,87514,58.3427,4.166,2.591,1753.087,15.48,NA,AD,Passing
SGEO04_1801,Labridae,Pictilabrus,laticlavius,1,194.603,37384020,SGEO04_L.avi,8415,5.61,3.428,2.874,2165.793,30.318,NA,AD,Passing
SGEO04_1801,Pomacentridae,Parma,victoriae,1,163.761,37372006,SGEO04_L.avi,11728,7.8187,2.81,3.1,1641.498,23.165,Measure,AD,Attracted
SGEO04_1801,Cheilodactylidae,Dactylophora,nigricans,1,497.451,37377005,SGEO04_L.avi,29603,19.7353,4.122,2.572,2313,19.373,NA,AD,Passing
SGEO04_1801,Cheilodactylidae,Dactylophora,nigricans,1,474.278,37377005,SGEO04_L.avi,29627,19.7513,7.99,4.412,2773.927,24.273,NA,AD,Passing
SGEO04_1801,Kyphosidae,Kyphosus,sydneyanus,1,382.53,37361001,SGEO04_L.avi,34818,23.212,6.434,2.333,2570.684,24.348,NA,AD,Passing
SGEO04_1801,Cheilodactylidae,Cheilodactylus,nigripes,1,320.773,37377001,SGEO04_L.avi,35032,23.3547,3.166,1.949,1938.117,22.41,NA,AD,Passing
SGEO04_1801,Labridae,Notolabrus,tetricus,1,193.168,37384003,SGEO04_L.avi,47665,31.7767,2.028,4.718,1403.772,19.455,NA,AD,Passing
SGEO04_1801,Labridae,Notolabrus,tetricus,1,300.695,37384003,SGEO04_L.avi,47696,31.7973,5.378,0.866,2055.605,17.27,NA,AD,Passing
SGEO04_1801,Labridae,Notolabrus,tetricus,1,297.745,37384003,SGEO04_L.avi,47721,31.814,5.791,6,3440.103,21.825,NA,AD,Passing
SGEO04_1801,Labridae,Achoerodus,gouldii,1,476.841,37384002,SGEO04_L.avi,76122,50.748,3.945,1.323,2182.462,23.427,Measure,AD,Passing
SGEO04_1801,Scorpididae,Scorpis,aequipinnis,1,220.26,37361004,SGEO04_L.avi,79425,52.95,3.376,4.51,1567.658,20.074,NA,AD,Passing
SGEO04_1801,Scorpididae,Scorpis,aequipinnis,1,243.83,37361004,SGEO04_L.avi,79428,52.952,5.417,1.049,1961.38,26.761,NA,AD,Passing
SGEO04_1801,Scorpididae,Scorpis,aequipinnis,1,208.934,37361004,SGEO04_L.avi,79453,52.9687,2.222,3.759,1520.679,20.608,NA,AD,Passing
SGWI01_1801,Kyphosidae,Kyphosus,sydneyanus,1,468.209,37361001,SGWI01_L.avi,7125,4.75,3.883,5.04,2624.455,21.864,NA,AD,Passing
SGWI01_1801,Labridae,Achoerodus,gouldii,1,378.301,37384002,SGWI01_L.avi,8030,5.3533,4.909,3.571,2356.84,24.317,NA,AD,Passing
SGWI01_1801,Labridae,Pictilabrus,laticlavius,1,182.522,37384020,SGWI01_L.avi,10026,6.684,1.154,3.309,1210.349,27.098,NA,AD,Passing
SGWI01_1801,Scorpididae,Scorpis,aequipinnis,1,251.537,37361004,SGWI01_L.avi,11143,7.4287,1.276,7.93,1057.583,28.422,NA,AD,Passing
SGWI01_1801,Scorpididae,Scorpis,aequipinnis,1,249.822,37361004,SGWI01_L.avi,11143,7.4287,1.331,1.659,1266.942,2.515,NA,AD,Passing
SGWI01_1801,Scorpididae,Scorpis,aequipinnis,1,231.955,37361004,SGWI01_L.avi,11146,7.4307,3.71,1.643,1738.116,21.676,NA,AD,Passing
SGWI01_1801,Scorpididae,Scorpis,aequipinnis,1,266.893,37361004,SGWI01_L.avi,11146,7.4307,4.695,3.515,2388.835,16.084,NA,AD,Passing
SGWI01_1801,Scorpididae,Scorpis,aequipinnis,1,199.462,37361004,SGWI01_L.avi,11146,7.4307,2.58,3.882,1929.713,12.512,NA,AD,Passing
SGWI01_1801,Scorpididae,Scorpis,aequipinnis,1,225.559,37361004,SGWI01_L.avi,11146,7.4307,2.191,2.112,1321.025,11.002,NA,AD,Passing
SGWI01_1801,Scorpididae,Scorpis,aequipinnis,1,166.265,37361004,SGWI01_L.avi,11146,7.4307,5.437,2.72,1986.157,9.717,NA,AD,Passing
SGWI01_1801,Kyphosidae,Girella,zebra,1,234.295,37361008,SGWI01_L.avi,17907,11.938,4.14,11.547,3488.187,12.493,NA,AD,Passing
SGWI01_1801,Monacanthidae,Meuschenia,hippocrepis,1,322.301,37465004,SGWI01_L.avi,19427,12.9513,3.701,1.981,1520.107,33.246,NA,AD,Passing
SGWI01_1801,Monacanthidae,Meuschenia,hippocrepis,1,364.892,37465004,SGWI01_L.avi,19437,12.958,6.305,4.662,2093.864,22.378,NA,AD,Passing
SGWI01_1801,Scorpididae,Tilodon,sexfasciatus,1,224.701,37361003,SGWI01_L.avi,41617,27.7447,2.638,8.133,1895.964,13.895,NA,AD,Passing
SGWI01_1801,Labridae,Notolabrus,tetricus,1,218.369,37384003,SGWI01_L.avi,41630,27.7533,3.887,6.3,2109.331,26.152,NA,AD,Passing
SGWI01_1801,Labridae,Notolabrus,tetricus,1,254.268,37384003,SGWI01_L.avi,41630,27.7533,8.09,3.94,2442.619,14.862,NA,AD,Passing
SGWI01_1801,Labridae,Notolabrus,tetricus,1,205.408,37384003,SGWI01_L.avi,41632,27.7547,5.393,5.115,2607.753,18.479,NA,AD,Passing
SGWI01_1801,Labridae,Notolabrus,tetricus,1,153.765,37384003,SGWI01_L.avi,41644,27.7627,2.462,2.395,1289.723,33.179,NA,AD,Passing
SGWI01_1801,Labridae,Notolabrus,tetricus,1,271.907,37384003,SGWI01_L.avi,41644,27.7627,1.455,1.94,1249.776,22.311,NA,AD,Passing
SGWI01_1801,Labridae,Notolabrus,tetricus,1,210.843,37384003,SGWI01_L.avi,41649,27.766,1.28,0.408,876.051,21.854,NA,AD,Passing
SGWI01_1801,Odacidae,Olisthops,cyanomelas,1,357.783,37385001,SGWI01_L.avi,42372,28.248,11.162,5.517,3245.797,17.829,NA,AD,Passing
SGWI01_1801,Chaetodontidae,Chelmonops,curiosus,1,175.918,37365066,SGWI01_L.avi,72117,48.078,2.173,3.706,2707.84,4.755,NA,AD,Passing
SGWI01_1801,Labridae,Notolabrus,parilus,1,313.011,37384022,SGWI01_L.avi,77233,51.4887,1.324,1.992,1356.027,21.366,NA,AD,Passing
SGWI01_1801,Cheilodactylidae,Cheilodactylus,nigripes,1,315.837,37377001,SGWI01_L.avi,90224,60.1493,3.038,0.797,1757.393,29.289,NA,AD,Passing
SGWI02_1801,Kyphosidae,Kyphosus,sydneyanus,1,389.507,37361001,SGWI02_L.avi,7037,4.6913,3.472,1.359,1702.611,24.586,NA,AD,Passing
SGWI02_1801,Scorpididae,Tilodon,sexfasciatus,1,208.395,37361003,SGWI02_L.avi,15489,10.326,3.422,3.45,1382.468,27.299,NA,AD,Passing
SGWI02_1801,Serranidae,Caesioperca,rasor,1,167.004,37311003,SGWI02_L.avi,17041,11.3607,1.201,3.32,1235.118,23.527,NA,AD,Passing
SGWI02_1801,Labridae,Notolabrus,tetricus,1,216.743,37384003,SGWI02_L.avi,20120,13.4133,4.689,0.597,1683.172,22.075,NA,AD,Passing
SGWI02_1801,Labridae,Notolabrus,tetricus,1,199.054,37384003,SGWI02_L.avi,20120,13.4133,10.031,1.96,2756.603,17.097,NA,AD,Passing
SGWI02_1801,Labridae,Notolabrus,tetricus,1,221.651,37384003,SGWI02_L.avi,20120,13.4133,7.031,2.38,2018.263,20.442,NA,AD,Passing
SGWI02_1801,Labridae,Notolabrus,tetricus,1,161.56,37384003,SGWI02_L.avi,20120,13.4133,2.219,3.672,1313.026,13.419,NA,AD,Passing
SGWI02_1801,Labridae,Notolabrus,tetricus,1,250.036,37384003,SGWI02_L.avi,20120,13.4133,4.078,1.039,1798.969,12.508,NA,AD,Passing
SGWI02_1801,Monacanthidae,Meuschenia,hippocrepis,1,296.489,37465004,SGWI02_L.avi,21405,14.27,1.005,2.118,1293.904,5.31,NA,AD,Passing
SGWI02_1801,Monacanthidae,Meuschenia,hippocrepis,1,209.688,37465004,SGWI02_L.avi,21480,14.32,0.924,1.647,1007.846,24.896,NA,AD,Passing
SGWI02_1801,Labridae,Pictilabrus,laticlavius,1,178.765,37384020,SGWI02_L.avi,22366,14.9107,4.962,0.1,2657.023,15.224,Measure,AD,Passing
SGWI02_1801,Odacidae,Olisthops,cyanomelas,1,322.345,37385001,SGWI02_L.avi,26827,17.8847,28.722,4.715,4935.504,12.667,NA,AD,Passing
SGWI02_1801,Odacidae,Olisthops,cyanomelas,1,310.598,37385001,SGWI02_L.avi,26843,17.8953,2.608,9.601,1583.671,30.546,NA,AD,Passing
SGWI02_1801,Cheilodactylidae,Dactylophora,nigricans,1,423.153,37377005,SGWI02_L.avi,27776,18.5173,2.895,3.563,1791.075,22.76,NA,AD,Passing
SGWI02_1801,Scorpididae,Scorpis,aequipinnis,1,118.75,37361004,SGWI02_L.avi,35621,23.7473,3.858,4.817,1542.488,23.703,NA,AD,Passing
SGWI02_1801,Scorpididae,Scorpis,aequipinnis,1,137.296,37361004,SGWI02_L.avi,35637,23.758,5.156,4.052,1698.213,25.018,NA,AD,Passing
SGWI02_1801,Serranidae,Othos,dentex,1,474.922,37311005,SGWI02_L.avi,44707,29.8047,0.872,0.36,810.734,11.854,Measure,AD,Attracted
SGWI02_1801,Labridae,Achoerodus,gouldii,1,418.231,37384002,SGWI02_L.avi,44787,29.858,3.519,7.31,1734.549,9.988,Measure,AD,Passing
SGWI03_1801,Scorpididae,Tilodon,sexfasciatus,1,196.195,37361003,SGWI03_L.avi,5148,3.432,2.568,1.5,1563.512,13.428,NA,AD,Passing
SGWI03_1801,Kyphosidae,Kyphosus,sydneyanus,1,487.047,37361001,SGWI03_L.avi,5721,3.814,13.91,3.09,3690.414,11.251,NA,AD,Passing
SGWI03_1801,Labridae,Austrolabrus,maculatus,1,117.4,37384025,SGWI03_L.avi,8176,5.4507,3.85,2.287,1639.371,29.547,NA,AD,Passing
SGWI03_1801,Labridae,Austrolabrus,maculatus,1,145.273,37384025,SGWI03_L.avi,8193,5.462,2.569,3.173,2009.589,19.962,NA,AD,Passing
SGWI03_1801,Cheilodactylidae,Nemadactylus,valenciennesi,1,386.299,37377004,SGWI03_L.avi,10912,7.2747,3.637,6.655,2562.414,8.867,Measure,AD,Passing
SGWI03_1801,Labridae,Pictilabrus,laticlavius,1,202.06,37384020,SGWI03_L.avi,15303,10.202,1.304,2.168,1226.44,30.316,NA,AD,Passing
SGWI03_1801,Cheilodactylidae,Dactylophora,nigricans,1,473.259,37377005,SGWI03_L.avi,15307,10.2047,2.54,3.312,1832.928,23.991,NA,AD,Passing
SGWI03_1801,Kyphosidae,Girella,zebra,1,228.581,37361008,SGWI03_L.avi,15888,10.592,4.021,1.298,1929.551,9.644,NA,AD,Passing
SGWI03_1801,Kyphosidae,Girella,zebra,1,255.103,37361008,SGWI03_L.avi,15893,10.5953,3.479,1.117,2051.843,19.007,NA,AD,Passing
SGWI03_1801,Kyphosidae,Girella,zebra,1,251.013,37361008,SGWI03_L.avi,15893,10.5953,1.604,6.989,2076.249,5.98,NA,AD,Passing
SGWI03_1801,Kyphosidae,Girella,zebra,1,236.917,37361008,SGWI03_L.avi,15893,10.5953,1.684,0.58,2025.123,2.485,NA,AD,Passing
SGWI03_1801,Monacanthidae,Meuschenia,hippocrepis,1,377.638,37465004,SGWI03_L.avi,18710,12.4733,3.116,1.143,1532.317,20.836,NA,AD,Passing
SGWI03_1801,Labridae,Notolabrus,parilus,1,263.357,37384022,SGWI03_L.avi,21156,14.104,7.581,1.343,2335.767,21.282,Measure,AD,Passing
SGWI03_1801,Enoplosidae,Enoplosus,armatus,1,123.91,37366001,SGWI03_L.avi,23110,15.4067,10.876,15.211,2903.891,11.62,NA,AD,Passing
SGWI03_1801,Cheilodactylidae,Cheilodactylus,nigripes,1,353.44,37377001,SGWI03_L.avi,34784,23.1893,2.087,0.37,1874.212,23.564,NA,AD,Passing
SGWI03_1801,Serranidae,Othos,dentex,1,552.9,37311005,SGWI03_L.avi,40175,26.7833,8.842,1.528,2162.643,27.56,NA,AD,Passing
SGWI03_1801,Platycephalidae,Platycephalus,speculator,1,584.777,37296037,SGWI03_L.avi,40572,27.048,2.117,0.86,1787.813,20.04,NA,AD,Passing
SGWI03_1801,Serranidae,Caesioperca,rasor,1,213.4,37311003,SGWI03_L.avi,62153,41.4353,4.688,8.505,1751.767,24.644,NA,AD,Passing
SGWI03_1801,Labridae,Achoerodus,gouldii,1,619.879,37384002,SGWI03_L.avi,70331,46.8873,4.879,6.915,2441.883,15.335,Measure,AD,Passing
SGWI03_1801,Majidae,Naxia,aurita,1,105.576,28880007,SGWI03_L.avi,75051,50.034,1.509,1.676,1188.906,31.475,Measure,AD,Attracted
SGWI03_1801,Labridae,Notolabrus,tetricus,1,378.154,37384003,SGWI03_L.avi,89554,59.7027,1.282,0.226,1279.228,16.884,NA,AD,Passing
SGWI03_1801,Labridae,Notolabrus,tetricus,1,248.37,37384003,SGWI03_L.avi,89591,59.7273,2.028,6.099,1604.362,5.847,NA,AD,Passing
SGWI03_1801,Labridae,Notolabrus,tetricus,1,213.489,37384003,SGWI03_L.avi,89591,59.7273,4.043,5.955,2803.275,5.847,NA,AD,Passing
SGWI03_1801,Labridae,Notolabrus,tetricus,1,459.666,37384003,SGWI03_L.avi,89598,59.732,6.954,8.947,3068.149,28.578,NA,AD,Passing
SGWI03_1801,Scorpididae,Scorpis,aequipinnis,1,246.057,37361004,SGWI03_L.avi,90901,60.6007,2.209,14.27,1723.263,24.474,NA,AD,Passing
SGWI03_1801,Scorpididae,Scorpis,aequipinnis,1,168.437,37361004,SGWI03_L.avi,90901,60.6007,2.706,1.708,2438.095,15.782,NA,AD,Passing
SGWI03_1801,Scorpididae,Scorpis,aequipinnis,1,241.792,37361004,SGWI03_L.avi,90901,60.6007,2.592,4.436,1561.313,3.872,NA,AD,Passing
SGWI03_1801,Scorpididae,Scorpis,aequipinnis,1,215.396,37361004,SGWI03_L.avi,90901,60.6007,2.483,7.677,2362.361,10.14,NA,AD,Passing
SGWI03_1801,Scorpididae,Scorpis,aequipinnis,1,209.193,37361004,SGWI03_L.avi,90901,60.6007,6.245,0.426,1940.748,3.322,NA,AD,Passing
SGWI03_1801,Scorpididae,Scorpis,aequipinnis,1,197.269,37361004,SGWI03_L.avi,90901,60.6007,3.45,3.451,1406.784,22.125,NA,AD,Passing
SGWI04_1801,Labridae,Pictilabrus,laticlavius,1,198.361,37384020,SGWI04_L.avi,25090,16.7267,0.7,2.746,740.585,12.14,Meausre,AD,Passing
SGWI04_1801,Monacanthidae,Meuschenia,hippocrepis,1,427.797,37465004,SGWI04_L.avi,36473,24.3153,4.185,1.476,2335.351,9.456,NA,AD,Passing
SGWI04_1801,Monacanthidae,Meuschenia,hippocrepis,1,328.848,37465004,SGWI04_L.avi,36473,24.3153,1.489,1.529,1068.529,15.857,NA,AD,Passing
SGWI04_1801,Labridae,Achoerodus,gouldii,1,302.257,37384002,SGWI04_L.avi,42249,28.166,1.876,0.962,1516.352,25.21,Measure,AD,Passing
SGWI04_1801,Scorpididae,Scorpis,aequipinnis,1,145.678,37361004,SGWI04_L.avi,61044,40.696,1.208,2.54,1308.821,18.983,NA,AD,Passing
SGWI04_1801,Scorpididae,Scorpis,aequipinnis,1,159.007,37361004,SGWI04_L.avi,61044,40.696,1.814,1.353,1857.993,9.213,NA,AD,Passing
SGWI04_1801,Scorpididae,Scorpis,aequipinnis,1,211.422,37361004,SGWI04_L.avi,61051,40.7007,3.388,3.754,1300.237,15.774,NA,AD,Passing
SGWI04_1801,Scorpididae,Scorpis,aequipinnis,1,198.892,37361004,SGWI04_L.avi,61057,40.7047,1.119,3.027,1175.006,10.272,NA,AD,Passing
SGWI04_1801,Labridae,Notolabrus,parilus,1,185.15,37384022,SGWI04_L.avi,70588,47.0587,4.498,1.574,1642.982,26.427,M,AD,Passing
SGWI04_1801,Labridae,Notolabrus,parilus,1,231.785,37384022,SGWI04_L.avi,70598,47.0653,0.511,1.399,630.831,6.269,M,AD,Passing
SGWI04_1801,Arripidae,Arripis,georgianus,1,69.412,37344001,SGWI04_L.avi,90361,60.2407,2.568,31.944,1637.868,30.744,Measure,AD,Passing
SGWI04_1801,Arripidae,Arripis,georgianus,1,65.12,37344001,SGWI04_L.avi,90361,60.2407,2.045,57.561,1540.817,34.758,Measure,AD,Passing
SGWI04_1801,Arripidae,Arripis,georgianus,1,94.093,37344001,SGWI04_L.avi,90361,60.2407,5.079,5.402,2720.272,24.291,Measure,AD,Passing
SGWI04_1801,Arripidae,Arripis,georgianus,1,81.656,37344001,SGWI04_L.avi,90361,60.2407,4.617,3.997,2911.712,13.597,Measure,AD,Passing
SGWI04_1801,Arripidae,Arripis,georgianus,1,82.665,37344001,SGWI04_L.avi,90361,60.2407,11.381,4.356,2903.483,16.263,Measure,AD,Passing
SGWO01_1801,Kyphosidae,Kyphosus,sydneyanus,1,379.156,37361001,SGWO01_L.avi,8977,5.9847,5.507,8.29,2724.171,28.562,NA,AD,Passing
SGWO01_1801,Scorpididae,Scorpis,aequipinnis,1,177.256,37361004,SGWO01_L.avi,17831,11.8873,1.326,5.687,1309.412,19.936,NA,AD,Passing
SGWO01_1801,Scorpididae,Scorpis,aequipinnis,1,171.12,37361004,SGWO01_L.avi,17837,11.8913,0.961,7.274,1284.881,18.471,NA,AD,Passing
SGWO01_1801,Scorpididae,Scorpis,aequipinnis,1,171.883,37361004,SGWO01_L.avi,17842,11.8947,1.178,0.787,1245.684,11.006,NA,AD,Passing
SGWO01_1801,Scorpididae,Scorpis,aequipinnis,1,188.405,37361004,SGWO01_L.avi,17842,11.8947,2.493,18.925,1612.815,8.953,NA,AD,Passing
SGWO01_1801,Scorpididae,Scorpis,aequipinnis,1,179.078,37361004,SGWO01_L.avi,17842,11.8947,2.395,6.387,1315.605,14.762,NA,AD,Passing
SGWO01_1801,Scorpididae,Scorpis,aequipinnis,1,264.699,37361004,SGWO01_L.avi,17842,11.8947,1.075,4.837,1279.304,16.186,NA,AD,Passing
SGWO01_1801,Labridae,Notolabrus,tetricus,1,237.468,37384003,SGWO01_L.avi,26519,17.6793,1.489,3.852,1127.48,20.827,NA,AD,Passing
SGWO01_1801,Labridae,Notolabrus,tetricus,1,282.516,37384003,SGWO01_L.avi,26519,17.6793,1.214,4.702,1141.789,18.354,NA,AD,Passing
SGWO01_1801,Kyphosidae,Girella,zebra,1,205.513,37361008,SGWO01_L.avi,30600,20.4,3.425,3.985,1865.202,19.092,NA,AD,Passing
SGWO01_1801,Monacanthidae,Meuschenia,hippocrepis,1,159.951,37465004,SGWO01_L.avi,46467,30.978,2.711,4.677,1428.723,16.888,NA,AD,Passing
SGWO01_1801,Monacanthidae,Meuschenia,hippocrepis,1,164.448,37465004,SGWO01_L.avi,46483,30.9887,1.301,3.664,1281.345,16.614,NA,AD,Passing
SGWO01_1801,Monacanthidae,Meuschenia,hippocrepis,1,187.646,37465004,SGWO01_L.avi,46489,30.9927,3.12,4.255,1506.247,16.156,NA,AD,Passing
SGWO01_1801,Arripidae,Arripis,georgianus,1,135.452,37344001,SGWO01_L.avi,90395,60.2633,1.729,5.115,1408.076,27.681,NA,AD,Passing
SGWO01_1801,Arripidae,Arripis,georgianus,1,168.616,37344001,SGWO01_L.avi,90395,60.2633,1.601,7.522,1394.085,29.124,NA,AD,Passing
SGWO01_1801,Arripidae,Arripis,georgianus,1,163.785,37344001,SGWO01_L.avi,90395,60.2633,1.621,0.411,1401.463,23.038,NA,AD,Passing
SGWO01_1801,Arripidae,Arripis,georgianus,1,183.107,37344001,SGWO01_L.avi,90395,60.2633,3.886,6.182,1748.186,16.636,NA,AD,Passing
SGWO01_1801,Arripidae,Arripis,georgianus,1,176.178,37344001,SGWO01_L.avi,90395,60.2633,4.98,3.761,2016.474,18.764,NA,AD,Passing
SGWO01_1801,Arripidae,Arripis,georgianus,1,170.613,37344001,SGWO01_L.avi,90395,60.2633,5.154,5.881,2062.779,19.043,NA,AD,Passing
SGWO01_1801,Arripidae,Arripis,georgianus,1,164.322,37344001,SGWO01_L.avi,90399,60.266,2.323,9.522,1852.642,21.175,NA,AD,Passing
SGWO02_1801,Kyphosidae,Girella,zebra,1,235.912,37361008,SGWO02_L.avi,13080,8.72,5.008,5.876,3785.864,8.22,NA,AD,Passing
SGWO02_1801,Kyphosidae,Girella,zebra,1,226.765,37361008,SGWO02_L.avi,13080,8.72,5.521,2.678,3663.1,10.791,NA,AD,Passing
SGWO02_1801,Kyphosidae,Girella,zebra,1,251.758,37361008,SGWO02_L.avi,13080,8.72,19.584,6.308,3748.93,13.55,NA,AD,Passing
SGWO02_1801,Kyphosidae,Girella,zebra,1,252.537,37361008,SGWO02_L.avi,13080,8.72,12.185,4.965,3415.201,19.315,NA,AD,Passing
SGWO02_1801,Kyphosidae,Girella,zebra,1,289.174,37361008,SGWO02_L.avi,13080,8.72,12.244,2.072,3609.441,19.311,NA,AD,Passing
SGWO02_1801,Kyphosidae,Girella,zebra,1,205.818,37361008,SGWO02_L.avi,13091,8.7273,8.406,2.737,3704.275,18.994,NA,AD,Passing
SGWO02_1801,Kyphosidae,Girella,zebra,1,237.534,37361008,SGWO02_L.avi,13091,8.7273,10.897,2.758,3988.976,20.749,NA,AD,Passing
SGWO02_1801,Scorpididae,Tilodon,sexfasciatus,1,214.328,37361003,SGWO02_L.avi,13228,8.8187,3.461,2.725,2257.931,19.076,NA,AD,Passing
SGWO02_1801,Labridae,Pictilabrus,laticlavius,1,192.643,37384020,SGWO02_L.avi,14718,9.812,3.227,1.477,1442.752,28.276,Measure,M,Passing
SGWO02_1801,Monacanthidae,Thamnaconus,degeni,1,242.403,37465037,SGWO02_L.avi,16351,10.9007,5.422,3.972,3056.825,9.789,NA,AD,Passing
SGWO02_1801,Monacanthidae,Thamnaconus,degeni,1,240.071,37465037,SGWO02_L.avi,16353,10.902,4.606,1.31,1901.071,28.625,NA,AD,Passing
SGWO02_1801,Monacanthidae,Thamnaconus,degeni,1,276.149,37465037,SGWO02_L.avi,16353,10.902,8.137,1.075,2538.209,23.102,NA,AD,Passing
SGWO02_1801,Monacanthidae,Thamnaconus,degeni,1,247.499,37465037,SGWO02_L.avi,16353,10.902,4.007,1.601,3027.866,11.087,NA,AD,Passing
SGWO02_1801,Monacanthidae,Thamnaconus,degeni,1,273.633,37465037,SGWO02_L.avi,16353,10.902,4.364,1.169,2370.896,23.35,NA,AD,Passing
SGWO02_1801,Monacanthidae,Thamnaconus,degeni,1,283.307,37465037,SGWO02_L.avi,16353,10.902,9.612,1.587,3607.388,20.808,NA,AD,Passing
SGWO02_1801,Monacanthidae,Thamnaconus,degeni,1,218.546,37465037,SGWO02_L.avi,16353,10.902,9.933,2.343,3411.572,28.789,NA,AD,Passing
SGWO02_1801,Scorpididae,Scorpis,aequipinnis,1,197.195,37361004,SGWO02_L.avi,58313,38.8753,1.735,1.43,1286.589,17.326,NA,AD,Passing
SGWO02_1801,Scorpididae,Scorpis,aequipinnis,1,157.38,37361004,SGWO02_L.avi,58313,38.8753,3.174,4.498,1442.011,10.374,NA,AD,Passing
SGWO02_1801,Scorpididae,Scorpis,aequipinnis,1,161.692,37361004,SGWO02_L.avi,58315,38.8767,1.046,4.731,1326.522,16.872,NA,AD,Passing
SGWO02_1801,Monacanthidae,Meuschenia,hippocrepis,1,243.175,37465004,SGWO02_L.avi,74758,49.8387,1.042,1.541,1118.732,7.789,NA,AD,Passing
SGWO02_1801,Arripidae,Arripis,georgianus,1,140.638,37344001,SGWO02_L.avi,93704,62.4693,2.954,7.908,1879.853,29.788,NA,AD,Passing
SGWO02_1801,Arripidae,Arripis,georgianus,1,137.55,37344001,SGWO02_L.avi,93704,62.4693,4.111,6.975,2388.441,19.075,NA,AD,Passing
SGWO02_1801,Arripidae,Arripis,georgianus,1,156.479,37344001,SGWO02_L.avi,93704,62.4693,5.913,11.409,2689.357,23.975,NA,AD,Passing
SGWO02_1801,Arripidae,Arripis,georgianus,1,141.559,37344001,SGWO02_L.avi,93704,62.4693,1.761,1.623,2334.676,3.269,NA,AD,Passing
SGWO02_1801,Arripidae,Arripis,georgianus,1,168.774,37344001,SGWO02_L.avi,93704,62.4693,4.842,0.6,2634.264,4.744,NA,AD,Passing
SGWO02_1801,Arripidae,Arripis,georgianus,1,146.3,37344001,SGWO02_L.avi,93708,62.472,2.477,13.75,2276.865,11.912,NA,AD,Passing
SGWO02_1801,Labridae,Achoerodus,gouldii,1,405.2,37384002,SGWO02_L.avi,94802,63.2013,4.612,6.83,2091.353,20.99,NA,F,Passing
SGWO03_1801,Cheilodactylidae,Dactylophora,nigricans,1,435.881,37377005,SGWO03_L.avi,3493,2.3287,4.649,2.664,2000.108,26.013,NA,AD,Passing
SGWO03_1801,Labridae,Notolabrus,tetricus,1,125.232,37384003,SGWO03_L.avi,9288,6.192,4.041,2.581,2099.435,11.264,NA,AD,Passing
SGWO03_1801,Labridae,Notolabrus,tetricus,1,139.079,37384003,SGWO03_L.avi,9288,6.192,2.597,1.329,1680.46,14.151,NA,AD,Passing
SGWO03_1801,Labridae,Notolabrus,tetricus,1,158.563,37384003,SGWO03_L.avi,9288,6.192,3.411,4.402,2519.889,10.511,NA,AD,Passing
SGWO03_1801,Labridae,Notolabrus,tetricus,1,214.629,37384003,SGWO03_L.avi,9288,6.192,1.974,2.348,1203.465,1.151,NA,AD,Passing
SGWO03_1801,Labridae,Pictilabrus,laticlavius,1,178.799,37384020,SGWO03_L.avi,10580,7.0533,3.405,2.079,1451.78,6.128,Measure,AD,Passing
SGWO03_1801,Labridae,Pictilabrus,laticlavius,1,174.423,37384020,SGWO03_L.avi,10580,7.0533,2.423,3.685,1620.457,22.393,Measure,AD,Passing
SGWO03_1801,Labridae,Pictilabrus,laticlavius,1,175.559,37384020,SGWO03_L.avi,10580,7.0533,5.107,0.672,1818.841,26.683,Measure,AD,Passing
SGWO03_1801,Monacanthidae,Meuschenia,hippocrepis,1,146.483,37465004,SGWO03_L.avi,27019,18.0127,0.762,1.661,789.47,17.13,NA,AD,Passing
SGWO03_1801,Monacanthidae,Meuschenia,hippocrepis,1,147.215,37465004,SGWO03_L.avi,27019,18.0127,2.382,12.905,1952.123,12.874,NA,AD,Passing
SGWO03_1801,Cheilodactylidae,Cheilodactylus,nigripes,1,254.377,37377001,SGWO03_L.avi,45057,30.038,4.453,0.565,1809.627,22.536,NA,AD,Passing
SGWO03_1801,Scorpididae,Scorpis,aequipinnis,1,107.176,37361004,SGWO03_L.avi,62116,41.4107,1.051,1.437,956.767,14.583,NA,AD,Passing
SGWO03_1801,Scorpididae,Scorpis,aequipinnis,1,134.762,37361004,SGWO03_L.avi,62116,41.4107,1.946,2.311,1568.9,29.404,NA,AD,Passing
SGWO03_1801,Scorpididae,Scorpis,aequipinnis,1,141.245,37361004,SGWO03_L.avi,62116,41.4107,2.42,0.578,1747.66,27.304,NA,AD,Passing
SGWO03_1801,Arripidae,Arripis,georgianus,1,137.38,37344001,SGWO03_L.avi,72243,48.162,0.984,1.159,944.981,19.769,Measure,AD,Passing
SGWO03_1801,Arripidae,Arripis,georgianus,1,148.975,37344001,SGWO03_L.avi,72243,48.162,0.908,3.698,994.314,14.322,Measure,AD,Passing
SGWO03_1801,Arripidae,Arripis,georgianus,1,131.797,37344001,SGWO03_L.avi,72243,48.162,1.825,3.74,1535.589,15.889,Measure,AD,Passing
SGWO03_1801,Arripidae,Arripis,georgianus,1,148.497,37344001,SGWO03_L.avi,72247,48.1647,2.269,7.917,1552.356,13.944,Measure,AD,Passing
SGWO04_1801,Labridae,Austrolabrus,maculatus,1,129.693,37384025,SGWO04_L.avi,5875,3.9167,2.949,1.246,1446.124,22.107,NA,AD,Passing
SGWO04_1801,Labridae,Pictilabrus,laticlavius,1,167.706,37384020,SGWO04_L.avi,12357,8.238,4.117,6.584,2736.272,9.134,Measure,M,Passing
SGWO04_1801,Labridae,Pictilabrus,laticlavius,1,178.223,37384020,SGWO04_L.avi,12357,8.238,2.087,6.702,1784.854,18.981,Measure,M,Passing
SGWO04_1801,Labridae,Achoerodus,gouldii,1,469.669,37384002,SGWO04_L.avi,13136,8.7573,2.669,10.421,1852.85,18.168,Measure,F,Passing
SGWO04_1801,Labridae,Notolabrus,tetricus,1,183.985,37384003,SGWO04_L.avi,13723,9.1487,1.926,2.621,1648.606,8.568,Measure,F,Passing
SGWO04_1801,Labridae,Notolabrus,tetricus,1,162.211,37384003,SGWO04_L.avi,13723,9.1487,0.84,20.784,1181.415,22.919,Measure,F,Passing
SGWO04_1801,Labridae,Notolabrus,tetricus,1,202.589,37384003,SGWO04_L.avi,13727,9.1513,2.369,5.112,1733.812,12.722,Measure,F,Passing
SGWO04_1801,Monacanthidae,Meuschenia,hippocrepis,1,175.764,37465004,SGWO04_L.avi,20863,13.9087,2.526,6.254,1136.398,12.91,NA,J,Attracted
SGWO04_1801,Scorpididae,Scorpis,aequipinnis,1,170.283,37361004,SGWO04_L.avi,24623,16.4153,0.76,16.418,944.586,23.954,NA,AD,Passing
SGWO04_1801,Scorpididae,Scorpis,aequipinnis,1,178.225,37361004,SGWO04_L.avi,24650,16.4333,0.837,2.449,1060.551,7.234,NA,AD,Passing
SGWO04_1801,Scorpididae,Scorpis,aequipinnis,1,210.836,37361004,SGWO04_L.avi,24668,16.4453,1.682,9.32,1303.209,19.682,NA,AD,Passing
SGWO04_1801,Kyphosidae,Girella,zebra,1,221.487,37361008,SGWO04_L.avi,29723,19.8153,4.43,2.638,2244.242,28.614,NA,AD,Passing
SGWO04_1801,Odacidae,Olisthops,cyanomelas,1,289.906,37385001,SGWO04_L.avi,57867,38.578,5.196,31.382,1880.028,21.618,Measure,M,Passing
SGWO04_1801,Pomacentridae,Parma,victoriae,1,192.542,37372006,SGWO04_L.avi,80963,53.9753,2.932,2.848,2692.736,10.54,Measure,AD,Passing
