Sample,Family,Genus,Species,Count,Length,Code,Filename,Frame,Time (mins),Precision (mm),RMS (mm),Range (mm),Direction (deg),Comment,Stage,Activity
PN_I01_2110,Plesiopidae,Trachinops,noarlungae,1,53.507,37316017,GH011770.MP4,10822,7.2147,1.615,0.642,809.65,14.033,Starts at 1:45,AD,Passing
PN_I01_2110,Labridae,Austrolabrus,maculatus,1,193.371,37384025,GH011770.MP4,20959,13.9727,7.754,1.151,2397.176,8.606,Starts at 1:45,AD,Passing
PN_I01_2110,Kyphosidae,Kyphosus,sydneyanus,1,410.071,37361001,GH021770.MP4,5702,21.438,2.74,0.328,1832.038,21.051,Starts at 1:45,AD,Passing
PN_I01_2110,Kyphosidae,Kyphosus,sydneyanus,1,342.372,37361001,GH021770.MP4,5702,21.438,3.272,0.828,1888.243,14.273,Starts at 1:45,AD,Passing
PN_I01_2110,Kyphosidae,Kyphosus,sydneyanus,1,422.284,37361001,GH021770.MP4,5702,21.438,5.874,0.51,2022.735,10.446,Starts at 1:45,AD,Passing
PN_I01_2110,Labridae,Notolabrus,tetricus,1,267.782,37384003,GH021770.MP4,7114,22.3793,2.722,1.421,1229.117,34.574,Starts at 1:45,AD,Passing
PN_I01_2110,Monacanthidae,Meuschenia,freycineti,1,299.055,37465036,GH021770.MP4,13316,26.514,0.776,3.011,725.607,17.087,Starts at 1:45,AD,Passing
PN_I01_2110,Sparidae,Chrysophrys,auratus,1,396.85,37353001,GH021770.MP4,19238,30.462,2.717,0.225,1644.696,24.1,Starts at 1:45,AD,Passing
PN_I01_2110,Scorpididae,Scorpis,lineolata,1,164.385,37361009,GH031770.MP4,3461,37.5807,1.131,1.041,922.617,7.844,Starts at 1:45,AD,Passing
PN_I01_2110,Scorpididae,Scorpis,aequipinnis,5,226.865,37361004,GH031770.MP4,4370,38.1867,4.8,0.998,1766.285,16.94,Starts at 1:45,AD,Passing
PN_I01_2110,Scorpididae,Scorpis,aequipinnis,5,206.269,37361004,GH031770.MP4,4370,38.1867,5.64,2.657,1784.964,11.377,Starts at 1:45,AD,Passing
PN_I01_2110,Monacanthidae,Meuschenia,hippocrepis,4,307.991,37465004,GH031770.MP4,6720,39.7533,1.649,1.373,804.883,12.906,Starts at 1:45,AD,Passing
PN_I01_2110,Monacanthidae,Meuschenia,hippocrepis,4,314.267,37465004,GH031770.MP4,6720,39.7533,2.921,3.023,1216.365,24.532,Starts at 1:45,AD,Passing
PN_I03_2110,Sillaginidae,Sillago,bassensis,1,145.924,37330002,GOPR0103.MP4,5677,3.7847,2.167,1.14,1201.116,19.814,Starts at 1:50,AD,Passing
PN_I03_2110,Sillaginidae,Sillago,bassensis,1,202.933,37330002,GOPR0103.MP4,8866,5.9107,1.757,5.94,760.644,28.394,Starts at 1:50,AD,Passing
PN_I03_2110,Mullidae,Upeneichthys,vlamingii,1,141.721,37355029,GOPR0103.MP4,11371,7.5807,3.526,0.904,1510.442,24.161,Starts at 1:50,AD,Passing
PN_I03_2110,Labridae,Notolabrus,parilus,1,385.229,99379455,GOPR0103.MP4,15555,10.37,4.112,1.195,1779.445,17.977,Starts at 1:50,AD,Passing
PN_I03_2110,Loliginidae,Sepioteuthis,australis,1,250.241,23617005,GOPR0103.MP4,19445,12.9633,5.425,2.008,1564.647,28.427,Starts at 1:50,AD,Passing
PN_I03_2110,Scorpididae,Scorpis,aequipinnis,1,215.328,37361004,GP010103.MP4,10366,24.5907,2.563,4.489,1148.976,30.235,Starts at 1:50,AD,Passing
PN_I03_2110,Scorpididae,Scorpis,aequipinnis,1,206.762,37361004,GP010103.MP4,14541,27.374,2.277,2.879,998.767,18.479,Starts at 1:50,AD,Passing
PN_I03_2110,Scorpididae,Scorpis,aequipinnis,1,351.514,37361004,GP010103.MP4,14541,27.374,3.747,2.149,1195.767,28.731,Starts at 1:50,AD,Passing
PN_I03_2110,Labridae,Austrolabrus,maculatus,1,124.011,37384025,GP020103.MP4,25128,52.112,4.197,7.025,2628.157,12.006,Starts at 1:50,AD,Passing
PN_I04_2110,Labridae,Pictilabrus,laticlavius,1,286.903,37384020,GH011770.MP4,8851,5.9007,1.056,7.737,997.298,17.352,Starts at 4:00. Tilted on side. RHS camera obstructed,AD,Passing
PN_I04_2110,Labridae,Notolabrus,parilus,1,338,99379455,GH011770.MP4,15805,10.5367,3.593,5.883,1552.355,12.301,Starts at 4:00. Tilted on side. RHS camera obstructed,AD,Passing
PN_I04_2110,Scorpididae,Scorpis,aequipinnis,1,253.226,37361004,GH011770.MP4,15992,10.6613,2.73,2.244,1229.852,21.99,Starts at 4:00. Tilted on side. RHS camera obstructed,AD,Passing
PN_I04_2110,Monacanthidae,Meuschenia,freycineti,1,356.291,37465036,GH011770.MP4,26090,17.3933,1.804,6.435,808.255,11.481,Starts at 4:00. Tilted on side. RHS camera obstructed,AD,Passing
PN_I04_2110,Monacanthidae,Meuschenia,hippocrepis,1,297.501,37465004,GH021770.MP4,13612,26.7113,1.848,4.498,887.902,27.838,Starts at 4:00. Tilted on side. RHS camera obstructed,AD,Passing
PN_I04_2110,Monacanthidae,Meuschenia,hippocrepis,1,298.792,37465004,GH021770.MP4,13622,26.718,1.223,1.544,1189.154,5.641,Starts at 4:00. Tilted on side. RHS camera obstructed,AD,Passing
PN_I04_2110,Monacanthidae,Meuschenia,hippocrepis,1,327.068,37465004,GH021770.MP4,13622,26.718,1.455,2.832,1237.431,2.124,Starts at 4:00. Tilted on side. RHS camera obstructed,AD,Passing
PN_I04_2110,Scorpididae,Scorpis,aequipinnis,3,233.059,37361004,GH021770.MP4,18709,30.1093,2.054,4.166,1215.49,15.919,Starts at 4:00. Tilted on side. RHS camera obstructed,AD,Passing
PN_I04_2110,Kyphosidae,Kyphosus,sydneyanus,1,484.35,37361001,GH031770.MP4,23210,50.7467,4.255,4.799,1987.284,34.049,Starts at 4:00. Tilted on side. RHS camera obstructed,AD,Passing
PN_I04_2110,Labridae,Notolabrus,tetricus,1,331.374,37384003,GH031770.MP4,23833,51.162,2.424,1.18,1212.89,16.873,Starts at 4:00. Tilted on side. RHS camera obstructed,AD,Passing
ISDI01_2111,Gerreidae,Parequula,melbournensis,1,157.096,37349001,LGH010043.MP4,11806,7.8707,4.322,3.889,1406.84,40.204,start at 3.8mins,AD,Passing
ISDI01_2111,Monacanthidae,Meuschenia,galii,1,212,37465040,LGH010043.MP4,15113,10.0753,3.581,1.387,1598.381,19.072,start at 3.8mins,AD,Passing
ISDI01_2111,Myliobatidae,Myliobatis,tenuicaudatus,1,620.189,37039001,LGH010043.MP4,25338,16.892,7.081,2.235,2010.748,27.268,start at 3.8mins,AD,Passing
ISDI01_2111,Dasyatidae,Bathytoshia,brevicaudata,1,816.565,99379210,LGH010043.MP4,26271,17.514,4.444,9.603,2189.632,7.514,start at 3.8mins,AD,Attracted
ISDI01_2111,Mullidae,Upeneichthys,vlamingii,1,208.869,37355029,LGH010043.MP4,26331,17.554,1.791,0.961,1104.248,30.018,start at 3.8mins,AD,Passing
ISDI01_2111,Labridae,Notolabrus,parilus,1,286.669,99379455,LGH020043.MP4,6243,21.7987,1.596,0.647,1217.773,17.307,start at 3.8mins,AD,Passing
ISDI01_2111,Labridae,Notolabrus,parilus,1,293.683,99379455,LGH020043.MP4,6243,21.7987,2.865,3.452,1699.57,19.024,start at 3.8mins,AD,Passing
ISDI01_2111,Labridae,Austrolabrus,maculatus,1,145.582,37384025,LGH020043.MP4,12499,25.9693,2.919,0.575,1051.295,26.971,start at 3.8mins,AD,Passing
ISDI01_2111,Trygonorrhinidae,Trygonorrhina,dumerilii,1,1125.542,37027011,LGH020043.MP4,25279,34.4893,12.626,2.778,3086.985,21.513,start at 3.8mins,AD,Passing
ISDI01_2111,Monacanthidae,Meuschenia,hippocrepis,1,336.355,37465004,LGH030043.MP4,70,35.32,3.163,1.82,1182.508,24.376,start at 3.8mins,AD,Passing
ISDI01_2111,Labridae,Ophthalmolepis,lineolatus,1,149.935,37384040,LGH030043.MP4,21961,49.914,0.713,1.526,635.957,20.503,start at 3.8mins,AD,Passing
ISDI01_2111,Labridae,Ophthalmolepis,lineolatus,1,299.358,37384040,LGH030043.MP4,21961,49.914,3.49,0.727,1563.802,39.481,start at 3.8mins,AD,Passing
ISDI01_2111,Labridae,Ophthalmolepis,lineolatus,1,148.834,37384040,LGH030043.MP4,21961,49.914,1.48,2.092,1088.239,27.827,start at 3.8mins,AD,Passing
ISDI01_2111,Labridae,Ophthalmolepis,lineolatus,1,239.893,37384040,LGH030043.MP4,21961,49.914,6.041,1.651,1974.558,15.732,start at 3.8mins,AD,Passing
ISDI01_2111,Labridae,Ophthalmolepis,lineolatus,1,322.342,37384040,LGH030043.MP4,21961,49.914,3.743,1.458,1358.531,28.21,start at 3.8mins,AD,Passing
ISDI01_2111,Labridae,Ophthalmolepis,lineolatus,1,168.021,37384040,LGH030043.MP4,21961,49.914,8.312,1.521,2458.781,13.597,start at 3.8mins,AD,Passing
ISDI01_2111,Serranidae,Caesioperca,rasor,1,242.776,99378025,LGH040043.MP4,1234,53.7327,3.275,7.033,1411.489,35.045,start at 3.8mins,AD,Passing
ISDI01_2111,Scorpididae,Neatypus,obliquus,1,118.223,37361002,LGH040043.MP4,5397,56.508,0.593,4.229,570.377,13.641,start at 3.8mins,AD,Passing
ISDI01_2111,Scorpididae,Neatypus,obliquus,1,115.086,37361002,LGH040043.MP4,5397,56.508,1.62,0.259,871.969,21.546,start at 3.8mins,AD,Passing
ISDI01_2111,Scorpididae,Neatypus,obliquus,1,128.952,37361002,LGH040043.MP4,5397,56.508,0.497,10.009,459.662,27.01,start at 3.8mins,AD,Passing
ISDI01_2111,Monacanthidae,Acanthaluteres,vittiger,1,170.776,37465002,LGH040043.MP4,9093,58.972,1.319,0.902,936.8,13.372,start at 3.8mins,AD,Passing
ISDI01_2111,Monacanthidae,Acanthaluteres,vittiger,1,200.926,37465002,LGH040043.MP4,9093,58.972,2.12,1.698,910.759,14.788,start at 3.8mins,AD,Passing
ISDI01_2111,Monacanthidae,Acanthaluteres,vittiger,1,170.859,37465002,LGH040043.MP4,9093,58.972,1.3,1.103,1119.665,4.709,start at 3.8mins,AD,Passing
ISDI01_2111,Monacanthidae,Acanthaluteres,vittiger,1,199.523,37465002,LGH040043.MP4,9093,58.972,2.734,3.06,1025.591,29.588,start at 3.8mins,AD,Passing
ISDI02_2111,Labridae,Eupetrichthys,angustipes,1,121.583,37384105,LGOPR0119.MP4,7356,4.904,4.696,7.119,1951.867,32.139,NA,AD,Passing
ISDI02_2111,Mullidae,Upeneichthys,vlamingii,1,204.536,37355029,LGOPR0119.MP4,12900,8.6,1.436,1.588,1344.53,10.96,NA,AD,Attracted
ISDI02_2111,Dasyatidae,Bathytoshia,brevicaudata,1,658.132,99379210,LGOPR0119.MP4,18777,12.518,3.03,7.684,1197.778,4.157,NA,AD,Passing
ISDI02_2111,Gerreidae,Parequula,melbournensis,1,126.033,37349001,LGOPR0119.MP4,20631,13.754,1.229,1.847,1316.132,15.47,NA,AD,Passing
ISDI02_2111,Labridae,Notolabrus,parilus,1,285.911,99379455,LGOPR0119.MP4,20897,13.9313,1.488,1.238,1440.827,7.582,NA,AD,Passing
ISDI02_2111,Carangidae,Seriola,hippos,1,1436.397,37337007,LGP010119.MP4,7806,22.884,13.168,45.038,2914.218,29.349,NA,AD,Passing
ISDI02_2111,Monacanthidae,Meuschenia,freycineti,1,386.212,37465036,LGP010119.MP4,12758,26.1853,1.277,2.187,906.921,11.592,NA,AD,Feeding
ISDI02_2111,Scorpididae,Neatypus,obliquus,1,111.219,37361002,LGP010119.MP4,17318,29.2253,2.778,0.97,1114.891,15.916,NA,AD,Attracted
ISDI02_2111,Labridae,Ophthalmolepis,lineolatus,1,226.142,37384040,LGP020119.MP4,4832,38.5813,1.207,5.653,902.68,19.27,NA,AD,Passing
ISDI02_2111,Labridae,Ophthalmolepis,lineolatus,1,215.605,37384040,LGP020119.MP4,4832,38.5813,4.835,2.334,1653.073,11.865,NA,AD,Passing
ISDI02_2111,Labridae,Ophthalmolepis,lineolatus,1,265.775,37384040,LGP020119.MP4,4832,38.5813,4.046,17.042,1463.172,16.523,NA,AD,Passing
ISDI02_2111,Labridae,Ophthalmolepis,lineolatus,1,288.09,37384040,LGP020119.MP4,4832,38.5813,4.445,3.241,1423.569,4.826,NA,AD,Passing
ISDI02_2111,Labridae,Ophthalmolepis,lineolatus,1,217.993,37384040,LGP020119.MP4,4832,38.5813,3.556,5.933,1259.389,13.731,NA,AD,Passing
ISDI02_2111,Triakidae,Mustelus,antarcticus,1,930.744,37017001,LGP020119.MP4,9232,41.5147,4.658,8.13,2109.99,18.656,NA,AD,Attracted
ISDI02_2111,Monacanthidae,Acanthaluteres,vittiger,1,228.172,37465002,LGP020119.MP4,18204,47.496,0.878,1.718,757.562,29.267,NA,AD,Passing
ISDI02_2111,Monacanthidae,Meuschenia,galii,1,170.159,37465040,LGP020119.MP4,18204,47.496,2.869,3.413,1082.162,15.389,NA,AD,Passing
ISDI02_2111,Triakidae,Galeorhinus,galeus,1,1176.242,37017008,LGP030119.MP4,3146,55.1373,6.052,7.873,2149.972,10.645,NA,AD,Attracted
ISDI03_2111,Labridae,Pictilabrus,laticlavius,1,222.252,37384020,LGOPR1796.MP4,9378,6.252,4.261,1.65,1497.17,23.231,NA,AD,Passing
ISDI03_2111,Labridae,Notolabrus,tetricus,1,384.07,37384003,LGOPR1796.MP4,18614,12.4093,3.625,11.305,1365.465,36.359,NA,AD,Passing
ISDI03_2111,Monacanthidae,Meuschenia,hippocrepis,1,360.786,37465004,LGOPR1796.MP4,25354,16.9027,4.731,1.498,1427.958,8.78,NA,AD,Attracted
ISDI03_2111,Labridae,Ophthalmolepis,lineolatus,1,262.427,37384040,LGP011796.MP4,3824,20.2293,1.654,1.443,1256.507,25.255,NA,AD,Passing
ISDI03_2111,Labridae,Ophthalmolepis,lineolatus,1,156.084,37384040,LGP011796.MP4,3824,20.2293,2.421,1.161,1088.504,16.433,NA,AD,Passing
ISDI03_2111,Labridae,Ophthalmolepis,lineolatus,1,146.99,37384040,LGP011796.MP4,3824,20.2293,0.928,3.911,923.328,6.953,NA,AD,Passing
ISDI03_2111,Labridae,Ophthalmolepis,lineolatus,1,260.493,37384040,LGP011796.MP4,3824,20.2293,4.237,5.163,1801.732,33.194,NA,AD,Passing
ISDI03_2111,Carangidae,Seriola,hippos,1,1117.695,37337007,LGP011796.MP4,12791,26.2073,5.082,9.402,2434.495,8.075,NA,AD,Passing
ISDI03_2111,Dasyatidae,Bathytoshia,brevicaudata,1,1002.304,99379210,LGP021796.MP4,13052,44.0613,2.211,21.08,1396.273,9.245,NA,AD,Feeding
ISDI04_2111,Labridae,Notolabrus,parilus,1,226.795,99379455,LGH011784.MP4,11491,7.6607,2.123,3.399,1043.101,32.908,start at 2.9mins,AD,Passing
ISDI04_2111,Labridae,Notolabrus,parilus,1,234.389,99379455,LGH011784.MP4,11500,7.6667,2.231,2.445,1261.042,10.245,start at 2.9mins,AD,Passing
ISDI04_2111,Mullidae,Upeneichthys,vlamingii,1,237.517,37355029,LGH011784.MP4,11583,7.722,1.575,5.28,914.211,28.08,start at 2.9mins,AD,Passing
ISDI04_2111,Monacanthidae,Scobinichthys,granulatus,1,167.059,37465007,LGH011784.MP4,18006,12.004,2.049,0.692,1206.714,34.736,start at 2.9mins,AD,Passing
ISDI04_2111,Gerreidae,Parequula,melbournensis,1,131.946,37349001,LGH011784.MP4,18597,12.398,1.769,1.397,908.59,23.969,start at 2.9mins,AD,Passing
ISDI04_2111,Carangidae,Pseudocaranx,sp,1,320.401,37337924,LGH011784.MP4,20573,13.7153,1.575,1.179,1344.154,24.324,start at 2.9mins,AD,Passing
ISDI04_2111,Monacanthidae,Meuschenia,freycineti,1,302.22,37337924,LGH011784.MP4,23670,15.78,1.164,11.253,674.183,10.135,start at 2.9mins,AD,Passing
ISDI04_2111,Monacanthidae,Meuschenia,freycineti,1,291.28,37337924,LGH011784.MP4,23670,15.78,8.213,1.19,1964.108,34.521,start at 2.9mins,AD,Passing
ISDI04_2111,Monacanthidae,Meuschenia,freycineti,1,336.212,37337924,LGH011784.MP4,23670,15.78,3.119,1.463,1056.223,18.513,start at 2.9mins,AD,Passing
ISDI04_2111,Monacanthidae,Meuschenia,galii,1,267.174,37337924,LGH021784.MP4,15415,27.9133,1.152,4.114,897.607,34.451,start at 2.9mins,AD,Passing
ISDI04_2111,Monacanthidae,Acanthaluteres,vittiger,1,170.429,37337924,LGH031784.MP4,1454,36.2427,2.421,2.516,1360.318,24.194,start at 2.9mins,AD,Passing
ISDI04_2111,Monacanthidae,Acanthaluteres,vittiger,1,181.951,37337924,LGH031784.MP4,1454,36.2427,1.49,2.884,1124.696,19.842,start at 2.9mins,AD,Passing
ISDI04_2111,Monacanthidae,Acanthaluteres,vittiger,1,188.363,37337924,LGH031784.MP4,1454,36.2427,2.939,4.845,1324.507,19.037,start at 2.9mins,AD,Passing
ISDI04_2111,Monacanthidae,Acanthaluteres,vittiger,1,134.755,37337924,LGH031784.MP4,1454,36.2427,1.364,3.261,1389.153,17.397,start at 2.9mins,AD,Passing
ISDI04_2111,Monacanthidae,Acanthaluteres,vittiger,1,160.951,37465002,LGH031784.MP4,1454,36.2427,3.036,2.584,1239.645,6.74,start at 2.9mins,AD,Passing
ISDI04_2111,Myliobatidae,Myliobatis,tenuicaudatus,1,453.071,37039001,LGH031784.MP4,2111,36.6807,1.369,3.581,1077.172,16.437,start at 2.9mins,AD,Attracted
ISDI04_2111,Myliobatidae,Myliobatis,tenuicaudatus,1,629.922,37039001,LGH031784.MP4,2122,36.688,7.534,7.773,2029.8,27.359,start at 2.9mins,AD,Attracted
ISDI04_2111,Labridae,Ophthalmolepis,lineolatus,1,212.89,37384040,LGH031784.MP4,9456,41.5773,1.006,1.033,737.379,11.9,start at 2.9mins,AD,Attracted
ISDI04_2111,Labridae,Ophthalmolepis,lineolatus,1,173.391,37384040,LGH031784.MP4,9456,41.5773,1.704,4.167,1507.159,14.802,start at 2.9mins,AD,Attracted
ISDI04_2111,Labridae,Ophthalmolepis,lineolatus,1,151.038,37384040,LGH031784.MP4,9456,41.5773,1.071,1.962,895.726,33.4,start at 2.9mins,AD,Attracted
ISDI04_2111,Labridae,Ophthalmolepis,lineolatus,1,160.232,37384040,LGH031784.MP4,9456,41.5773,3.119,2.515,1626.57,31.509,start at 2.9mins,AD,Attracted
ISDI04_2111,Sillaginidae,Sillaginodes,punctatus,1,427.86,37330001,LGH031784.MP4,10335,42.1633,4.062,10.594,1300.8,32.219,start at 2.9mins,AD,Passing
ISDI04_2111,Labridae,Notolabrus,tetricus,1,394.041,37384003,LGH031784.MP4,16853,46.5087,2.052,12.402,878.758,8.42,start at 2.9mins,AD,Passing
ISDI04_2111,Triakidae,Mustelus,antarcticus,1,1175.494,37017001,LGH041784.MP4,6569,57.2893,11.387,3.36,1939.449,23.32,start at 2.9mins,AD,Passing
ISEO01_2111,Labridae,Notolabrus,tetricus,1,375.043,37384003,LGOPR0120.MP4,13918,9.2787,2.385,5.555,1437.492,22.824,NA,AD,Passing
ISEO01_2111,Dinolestidae,Dinolestes,lewini,1,184.238,37327002,LGOPR0120.MP4,14981,9.9873,6.686,7.083,1859.37,31.769,NA,AD,Passing
ISEO01_2111,Dinolestidae,Dinolestes,lewini,1,197.595,37327002,LGOPR0120.MP4,14981,9.9873,4.918,3.025,1829.28,31.51,NA,AD,Passing
ISEO01_2111,Labridae,Notolabrus,parilus,1,193.203,99379455,LGOPR0120.MP4,23721,15.814,6.469,4.972,1789.457,12.725,NA,AD,Passing
ISEO01_2111,Myliobatidae,Myliobatis,tenuicaudatus,1,1191.722,37039001,LGP010120.MP4,18267,29.858,3.655,3.078,2066.023,16.188,NA,AD,Passing
ISEO01_2111,Gerreidae,Parequula,melbournensis,1,143.833,37349001,LGP010120.MP4,19035,30.37,6.524,3.048,1832.92,28.867,NA,AD,Passing
ISEO01_2111,Labridae,Achoerodus,gouldii,1,915.481,37384002,LGP010120.MP4,19279,30.5327,3.989,0.424,1733.958,3.909,NA,AD,Passing
ISEO01_2111,Scorpididae,Tilodon,sexfasciatus,1,189.168,37361003,LGP010120.MP4,20952,31.648,5.034,3.695,1672.584,32.956,NA,AD,Passing
ISEO01_2111,Labridae,Ophthalmolepis,lineolatus,1,260.247,37384040,LGP010120.MP4,23361,33.254,1.952,3.07,1488.58,7.112,NA,AD,Passing
ISEO01_2111,Labridae,Ophthalmolepis,lineolatus,1,209.449,37384040,LGP010120.MP4,23361,33.254,4.423,2.873,1911.204,19.978,NA,AD,Passing
ISEO01_2111,Labridae,Ophthalmolepis,lineolatus,1,176.584,37384040,LGP010120.MP4,23361,33.254,3.268,4.414,1226.749,19.084,NA,AD,Passing
ISEO01_2111,Labridae,Ophthalmolepis,lineolatus,1,187.682,37384040,LGP010120.MP4,23361,33.254,1.488,8.33,1364.372,15.778,NA,AD,Passing
ISEO01_2111,Labridae,Ophthalmolepis,lineolatus,1,199.089,37384040,LGP010120.MP4,23361,33.254,1.554,1.822,1238.511,13.289,NA,AD,Passing
ISEO01_2111,Labridae,Ophthalmolepis,lineolatus,1,160.95,37384040,LGP010120.MP4,23361,33.254,1.638,5.678,1274.969,7.787,NA,AD,Passing
ISEO01_2111,Monacanthidae,Meuschenia,freycineti,1,264.947,37465036,LGP020120.MP4,338,35.5853,0.804,8.591,720.903,25.96,NA,AD,Passing
ISEO01_2111,Monacanthidae,Meuschenia,hippocrepis,1,389.474,37465004,LGP020120.MP4,4747,38.5247,5.049,8.474,1507.002,20.117,NA,AD,Passing
ISEO01_2111,Monacanthidae,Meuschenia,hippocrepis,1,269.956,37465004,LGP020120.MP4,4757,38.5313,3.552,10.524,1380.994,24.897,NA,AD,Passing
ISEO01_2111,Monacanthidae,Meuschenia,hippocrepis,1,271.842,37465004,LGP020120.MP4,4757,38.5313,2.708,4.004,1193.532,10.682,NA,AD,Passing
ISEO01_2111,Carangidae,Pseudocaranx,sp,1,232.651,37337924,LGP020120.MP4,16439,46.3193,5.447,3.664,1803.493,28.277,NA,AD,Passing
ISEO01_2111,Carangidae,Pseudocaranx,sp,1,231.72,37337924,LGP020120.MP4,16439,46.3193,2.886,3.822,1941.531,11.013,NA,AD,Passing
ISEO02_2111,Mullidae,Upeneichthys,vlamingii,1,141.656,37355029,LGH010044.MP4,8138,5.4253,2.722,0.762,1655.899,24.783,start at 4.8mins,AD,Passing
ISEO02_2111,Gerreidae,Parequula,melbournensis,1,144.96,37349001,LGH010044.MP4,8398,5.5987,1.67,1.489,993.741,29.511,start at 4.8mins,AD,Passing
ISEO02_2111,Monacanthidae,Acanthaluteres,vittiger,1,195.519,37465002,LGH010044.MP4,18018,12.012,5.121,3.568,2031.577,15.607,start at 4.8mins,AD,Passing
ISEO02_2111,Labridae,Pictilabrus,laticlavius,1,165.605,37384020,LGH010044.MP4,24550,16.3667,2.008,5.641,1851.882,1.715,start at 4.8mins,AD,Passing
ISEO02_2111,Monacanthidae,Meuschenia,flavolineata,1,276.495,37465035,LGH010044.MP4,25407,16.938,5.07,0.36,1915.986,30.695,start at 4.8mins,AD,Passing
ISEO02_2111,Sillaginidae,Sillaginodes,punctatus,1,436.399,37330001,LGH020044.MP4,1894,18.8993,8.366,5.103,2230.096,4.958,start at 4.8mins,AD,Attracted
ISEO02_2111,Pomacentridae,Parma,victoriae,1,218.667,37372006,LGH020044.MP4,10608,24.7087,4.336,2.75,1454.051,29.784,start at 4.8mins,AD,Attracted
ISEO02_2111,Monacanthidae,Meuschenia,galii,1,191.057,37465040,LGH020044.MP4,20319,31.1827,1.36,3.154,712.674,14.49,start at 4.8mins,AD,Passing
ISEO02_2111,Labridae,Ophthalmolepis,lineolatus,1,240.819,37384040,LGH020044.MP4,21145,31.7333,2.149,0.337,1113.374,15.531,start at 4.8mins,AD,Passing
ISEO02_2111,Labridae,Ophthalmolepis,lineolatus,1,168.426,37384040,LGH020044.MP4,21145,31.7333,3.031,2.178,1193.05,26.66,start at 4.8mins,AD,Passing
ISEO02_2111,Labridae,Ophthalmolepis,lineolatus,1,143.762,37384040,LGH020044.MP4,21145,31.7333,2.499,1.252,1312.682,19.97,start at 4.8mins,AD,Passing
ISEO02_2111,Labridae,Ophthalmolepis,lineolatus,1,138.78,37384040,LGH020044.MP4,21145,31.7333,1.935,1.853,1414.474,18.499,start at 4.8mins,AD,Passing
ISEO02_2111,Labridae,Ophthalmolepis,lineolatus,1,127.28,37384040,LGH020044.MP4,21145,31.7333,1.366,1.158,1260.786,4.28,start at 4.8mins,AD,Passing
ISEO02_2111,Labridae,Ophthalmolepis,lineolatus,1,133.673,37384040,LGH020044.MP4,21145,31.7333,1.403,0.102,1335.683,10.523,start at 4.8mins,AD,Passing
ISEO02_2111,Labridae,Ophthalmolepis,lineolatus,1,90.29,37384040,LGH020044.MP4,21145,31.7333,1.715,4.16,1080.618,12.782,start at 4.8mins,AD,Passing
ISEO02_2111,Labridae,Achoerodus,gouldii,1,1036.003,37384002,LGH020044.MP4,25452,34.6047,6.884,2.491,2216.238,16.239,start at 4.8mins,AD,Attracted
ISEO02_2111,Serranidae,Caesioperca,rasor,1,184.637,99378025,LGH030044.MP4,3982,37.928,1.55,0.247,942.212,15.57,start at 4.8mins,AD,Passing
ISEO02_2111,Serranidae,Caesioperca,rasor,1,219.675,99378025,LGH030044.MP4,3982,37.928,3.589,1.65,1226.488,23.252,start at 4.8mins,AD,Passing
ISEO02_2111,Myliobatidae,Myliobatis,tenuicaudatus,1,524.545,37039001,LGH030044.MP4,10501,42.274,1.944,1.703,1154.282,3.196,start at 4.8mins,AD,Feeding
ISEO02_2111,Dinolestidae,Dinolestes,lewini,1,241.321,37327002,LGH040044.MP4,12439,61.2027,13.392,1.597,3266.183,27.941,start at 4.8mins,AD,Passing
ISEO02_2111,Scorpididae,Tilodon,sexfasciatus,1,185.035,37361003,LGH040044.MP4,16392,63.838,4.527,0.607,1941.299,15.09,start at 4.8mins,AD,Passing
ISEO03_2111,Gerreidae,Parequula,melbournensis,1,137.545,37349001,LGH011785.MP4,10500,7,3.369,2.001,1960.689,22.052,start at 3.5mins,AD,Passing
ISEO03_2111,Monacanthidae,Acanthaluteres,vittiger,1,187.892,37465002,LGH011785.MP4,10676,7.1173,1.682,1.547,1190.008,21.797,start at 3.5mins,AD,Passing
ISEO03_2111,Labridae,Heteroscarus,acroptilus,1,127.831,37385010,LGH011785.MP4,19479,12.986,3.387,1.923,1282.554,22.367,start at 3.5mins,AD,Passing
ISEO03_2111,Labridae,Notolabrus,parilus,1,241.676,99379455,LGH011785.MP4,23747,15.8313,0.98,3.687,766.288,24.489,start at 3.5mins,AD,Passing
ISEO03_2111,Cheilodactylidae,Cheilodactylus,nigripes,1,314.046,37377001,LGH021785.MP4,7962,22.9447,11.45,3.537,3419.972,15.685,start at 3.5mins,AD,Passing
ISEO03_2111,Serranidae,Caesioperca,rasor,1,178.517,99378025,LGH021785.MP4,15283,27.8253,2.24,2.166,1224.247,23.52,start at 3.5mins,AD,Passing
ISEO03_2111,Serranidae,Caesioperca,rasor,1,222.611,99378025,LGH021785.MP4,15283,27.8253,3.589,4.017,1267.807,28.623,start at 3.5mins,AD,Passing
ISEO03_2111,Mullidae,Upeneichthys,vlamingii,1,211.028,37355029,LGH021785.MP4,19809,30.8427,9.331,9.411,2215.396,28.772,start at 3.5mins,AD,Passing
ISEO03_2111,Monacanthidae,Meuschenia,hippocrepis,1,398.565,37465004,LGH031785.MP4,475,35.59,4.671,0.156,1407.221,32.853,start at 3.5mins,AD,Passing
ISEO03_2111,Myliobatidae,Myliobatis,tenuicaudatus,1,637.09,37039001,LGH031785.MP4,9991,41.934,6.157,2.494,2298.969,14.694,start at 3.5mins,AD,Passing
ISEO03_2111,Monacanthidae,Meuschenia,galii,1,219.752,37465040,LGH031785.MP4,19606,48.344,2.078,2.138,1414.909,28.726,start at 3.5mins,AD,Passing
ISEO03_2111,Labridae,Notolabrus,tetricus,1,269.337,37384003,LGH031785.MP4,22191,50.0673,2.49,9.342,1060.646,23.489,start at 3.5mins,AD,Passing
ISEO03_2111,Labridae,Notolabrus,tetricus,1,313.298,37384003,LGH031785.MP4,22191,50.0673,1.85,11.226,840.857,18.016,start at 3.5mins,AD,Passing
ISEO03_2111,Labridae,Ophthalmolepis,lineolatus,1,240.005,37384040,LGH031785.MP4,25983,52.5953,1.285,3.508,1375.23,15.32,start at 3.5mins,AD,Passing
ISEO03_2111,Labridae,Ophthalmolepis,lineolatus,1,255.353,37384040,LGH031785.MP4,25983,52.5953,3.018,4.4,1185.761,18.218,start at 3.5mins,AD,Passing
ISEO03_2111,Labridae,Ophthalmolepis,lineolatus,1,290.462,37384040,LGH031785.MP4,25983,52.5953,4.169,1.949,1403.968,23.03,start at 3.5mins,AD,Passing
ISEO03_2111,Labridae,Ophthalmolepis,lineolatus,1,218.121,37384040,LGH031785.MP4,25983,52.5953,2.453,0.988,1093.221,16.195,start at 3.5mins,AD,Passing
ISEO03_2111,Labridae,Ophthalmolepis,lineolatus,1,240.662,37384040,LGH031785.MP4,25983,52.5953,3.737,1.712,1457.87,7.055,start at 3.5mins,AD,Passing
ISEO03_2111,Monacanthidae,Meuschenia,freycineti,1,179.55,37465036,LGH041785.MP4,11212,60.3847,1.506,2.621,1328.795,19.251,start at 3.5mins,AD,Passing
ISEO04_2111,Carangidae,Pseudocaranx,sp,1,160.005,37337924,LGOPR1797.MP4,9618,6.412,2.765,24.496,1345.191,26.231,Start at 2.6mins,AD,Passing
ISEO04_2111,Carangidae,Pseudocaranx,sp,1,163.808,37337924,LGOPR1797.MP4,9618,6.412,6.71,3.744,1949.062,33.615,Start at 2.6mins,AD,Passing
ISEO04_2111,Carangidae,Pseudocaranx,sp,1,171.721,37337924,LGOPR1797.MP4,9618,6.412,3.046,7.959,1318.429,38.636,Start at 2.6mins,AD,Passing
ISEO04_2111,Serranidae,Caesioperca,rasor,1,210.494,99378025,LGOPR1797.MP4,13458,8.972,1.835,5.62,1239.563,26.902,Start at 2.6mins,AD,Attracted
ISEO04_2111,Serranidae,Caesioperca,rasor,1,166.027,99378025,LGOPR1797.MP4,13458,8.972,3.609,6.911,1414.548,29.265,Start at 2.6mins,AD,Attracted
ISEO04_2111,Monacanthidae,Meuschenia,hippocrepis,1,372.942,37465004,LGP011797.MP4,7396,22.6107,1.826,5.507,1396.605,15.555,Start at 2.6mins,AD,Attracted
ISEO04_2111,Monacanthidae,Meuschenia,hippocrepis,1,386.07,37465004,LGP011797.MP4,7396,22.6107,5.274,5.458,2110.017,19.451,Start at 2.6mins,AD,Attracted
ISEO04_2111,Labridae,Notolabrus,tetricus,1,315.808,37384003,LGP011797.MP4,7402,22.6147,1.018,16.627,985.796,9.012,Start at 2.6mins,M,Attracted
ISEO04_2111,Labridae,Ophthalmolepis,lineolatus,1,180.416,37384040,LGP031797.MP4,3916,55.6507,1.142,14.107,943.031,12.929,Start at 2.6mins,AD,Passing
ISEO04_2111,Labridae,Ophthalmolepis,lineolatus,1,232.349,37384040,LGP031797.MP4,3916,55.6507,4.236,14.601,1493.707,12.079,Start at 2.6mins,AD,Passing
ISEO04_2111,Labridae,Ophthalmolepis,lineolatus,1,142.998,37384040,LGP031797.MP4,3916,55.6507,1.086,18.835,776.353,19.162,Start at 2.6mins,AD,Passing
ISEO04_2111,Labridae,Ophthalmolepis,lineolatus,1,233.077,37384040,LGP031797.MP4,3916,55.6507,2.511,13.785,1173.851,26.727,Start at 2.6mins,AD,Passing
ISEO04_2111,Labridae,Ophthalmolepis,lineolatus,1,161.33,37384040,LGP031797.MP4,3916,55.6507,2.906,16.408,1669.013,22.047,Start at 2.6mins,AD,Passing
ISLO01_2111,Labridae,Olisthops,cyanomelas,1,310.823,37385001,LGH010065.MP4,4316,2.8773,3.077,2.542,1514.88,19.796,NA,AD,Passing
ISLO01_2111,Monacanthidae,Meuschenia,freycineti,1,264.38,37465036,LGH010065.MP4,10975,7.3167,2.504,9.434,961.236,34.684,NA,AD,Passing
ISLO01_2111,Cheilodactylidae,Nemadactylus,valenciennesi,1,642.464,37377004,LGH010065.MP4,12306,8.204,8.751,8.808,1893.149,30.078,NA,AD,Passing
ISLO01_2111,Enoplosidae,Enoplosus,armatus,1,200.257,37366001,LGH010065.MP4,12669,8.446,6.964,1.924,2535.268,17.418,NA,AD,Passing
ISLO01_2111,Enoplosidae,Enoplosus,armatus,1,247.316,37366001,LGH010065.MP4,12669,8.446,4.954,2.859,2669.5,20.965,NA,AD,Passing
ISLO01_2111,Serranidae,Othos,dentex,1,461.957,37311005,LGH010065.MP4,15051,10.034,1.792,1.117,913.094,14.359,NA,AD,Attracted
ISLO01_2111,Labridae,Notolabrus,tetricus,1,383.425,37384003,LGH010065.MP4,16448,10.9653,6.01,5.271,1618.509,19.611,NA,AD,Passing
ISLO01_2111,Monacanthidae,Meuschenia,hippocrepis,1,256.711,37465004,LGH010065.MP4,16507,11.0047,1.086,9.848,997.574,16.858,NA,AD,Feeding
ISLO01_2111,Monacanthidae,Meuschenia,hippocrepis,1,391.173,37465004,LGH010065.MP4,16507,11.0047,2.787,3.952,1288.69,20.328,NA,AD,Feeding
ISLO01_2111,Labridae,Achoerodus,gouldii,1,808.489,37384002,LGH010065.MP4,16548,11.032,5.508,5.117,1519.792,23.721,NA,M,Attracted
ISLO01_2111,Cheilodactylidae,Cheilodactylus,nigripes,1,371.9,37377001,LGH010065.MP4,19003,12.6687,9.247,14.934,2119.048,24.637,NA,AD,Passing
ISLO01_2111,Labridae,Ophthalmolepis,lineolatus,1,172.898,37384040,LGH010065.MP4,26143,17.4287,2.374,3.733,1444.724,26.666,NA,AD,Attracted
ISLO01_2111,Labridae,Ophthalmolepis,lineolatus,1,239.509,37384040,LGH010065.MP4,26143,17.4287,4.644,2.526,1406.784,20.987,NA,AD,Attracted
ISLO01_2111,Labridae,Ophthalmolepis,lineolatus,1,258.043,37384040,LGH010065.MP4,26143,17.4287,1.435,3.317,1259.905,17.796,NA,AD,Attracted
ISLO01_2111,Serranidae,Caesioperca,rasor,1,134.17,99378025,LGH020065.MP4,4860,20.8767,4.656,2.565,2771.358,20.325,NA,AD,Passing
ISLO01_2111,Monacanthidae,Meuschenia,flavolineata,1,322.609,37465035,LGH020065.MP4,5471,21.284,7.464,11.177,1962.591,35.954,NA,AD,Passing
ISLO01_2111,Dasyatidae,Bathytoshia,brevicaudata,1,483.017,37035001,LGH030065.MP4,5744,39.1027,1.142,11.076,1003.362,11.007,NA,AD,Feeding
ISLO02_2111,Labridae,Olisthops,cyanomelas,1,368.79,37385001,LGH012239.MP4,4527,3.018,2.096,36.11,1498.919,31.704,start at 2.8mins,AD,Passing
ISLO02_2111,Labridae,Pictilabrus,laticlavius,1,220.681,37384020,LGH012239.MP4,18309,12.206,4.002,32.065,2020.079,24.741,start at 2.8mins,AD,Passing
ISLO02_2111,Labridae,Pictilabrus,laticlavius,1,175.287,37384020,LGH012239.MP4,18309,12.206,2.709,41.39,1404.271,28.606,start at 2.8mins,AD,Passing
ISLO02_2111,Serranidae,Caesioperca,rasor,1,175.625,99378025,LGH022239.MP4,941,18.264,8.986,20.771,2656.881,34.388,start at 2.8mins,AD,Passing
ISLO02_2111,Serranidae,Caesioperca,rasor,1,155.479,99378025,LGH022239.MP4,955,18.2733,5.133,42.126,1692.641,28.09,start at 2.8mins,AD,Passing
ISLO02_2111,Serranidae,Caesioperca,rasor,1,164.252,99378025,LGH022239.MP4,955,18.2733,5.637,32.418,1851.769,11.975,start at 2.8mins,AD,Passing
ISLO02_2111,Serranidae,Caesioperca,rasor,1,138.648,99378025,LGH022239.MP4,955,18.2733,10.557,25.976,2366.627,26.284,start at 2.8mins,AD,Passing
ISLO02_2111,Labridae,Notolabrus,parilus,1,251.042,99379455,LGH022239.MP4,2630,19.39,3.207,40.746,1313.659,26.889,start at 2.8mins,AD,Passing
ISLO02_2111,Dinolestidae,Dinolestes,lewini,1,176.278,37327002,LGH022239.MP4,2730,19.4567,14.453,13.846,2963.831,28.544,start at 2.8mins,AD,Passing
ISLO02_2111,Monacanthidae,Meuschenia,galii,1,248.201,37465040,LGH022239.MP4,4514,20.646,1.407,42.073,1381.98,10.923,start at 2.8mins,AD,Passing
ISLO02_2111,Cheilodactylidae,Nemadactylus,valenciennesi,1,330.08,37377004,LGH022239.MP4,6816,22.1807,2.321,43.095,1523.244,33.839,start at 2.8mins,AD,Passing
ISLO02_2111,Labridae,Notolabrus,tetricus,1,374.09,37384003,LGH032239.MP4,11784,43.1293,0.88,58.037,873.772,25.118,start at 2.8mins,AD,Passing
ISLO02_2111,Labridae,Notolabrus,tetricus,1,321.543,37384003,LGH032239.MP4,11784,43.1293,4.228,34.305,1779.654,21.814,start at 2.8mins,AD,Passing
ISLO02_2111,Labridae,Ophthalmolepis,lineolatus,1,291.194,37384040,LGH032239.MP4,22621,50.354,6.154,35.665,1714.863,13.309,start at 2.8mins,AD,Attracted
ISLO02_2111,Labridae,Ophthalmolepis,lineolatus,1,206.751,37384040,LGH032239.MP4,22621,50.354,1.698,44.847,966.967,3.273,start at 2.8mins,AD,Attracted
ISLO02_2111,Labridae,Ophthalmolepis,lineolatus,1,284.913,37384040,LGH032239.MP4,22621,50.354,1.661,34.339,1425.469,16.013,start at 2.8mins,AD,Attracted
ISLO02_2111,Labridae,Ophthalmolepis,lineolatus,1,130.28,37384040,LGH032239.MP4,22621,50.354,4.259,33.655,1911.277,26.542,start at 2.8mins,AD,Attracted
ISLO02_2111,Monacanthidae,Meuschenia,hippocrepis,1,360.625,37465004,LGH042239.MP4,8345,58.4733,7.229,20.186,2372.869,28.661,start at 2.8mins,AD,Passing
ISLO02_2111,Monacanthidae,Meuschenia,hippocrepis,1,307.78,37465004,LGH042239.MP4,8345,58.4733,6.93,15.586,2907.599,15.968,start at 2.8mins,AD,Passing
ISLO02_2111,Monacanthidae,Meuschenia,hippocrepis,1,285.725,37465004,LGH042239.MP4,8345,58.4733,6.285,33.794,1988.428,10.674,start at 2.8mins,AD,Passing
ISLO02_2111,Monacanthidae,Meuschenia,hippocrepis,1,251.431,37465004,LGH042239.MP4,8345,58.4733,7.431,14.224,3299.38,15.847,start at 2.8mins,AD,Passing
ISLO03_2111,Labridae,Notolabrus,tetricus,1,341.822,37384003,LGH010036.MP4,6395,4.2633,1.724,1.678,1023.268,19.388,start at 4mins,M,Attracted
ISLO03_2111,Monacanthidae,Meuschenia,galii,1,188.868,37465040,LGH010036.MP4,14882,9.9213,1.537,4.283,1106.379,21.815,start at 4mins,AD,Passing
ISLO03_2111,Monacanthidae,Acanthaluteres,brownii,1,303.268,37465001,LGH010036.MP4,15148,10.0987,3.03,0.646,1798.047,27.062,start at 4mins,AD,Passing
ISLO03_2111,Labridae,Notolabrus,parilus,1,388.635,99379455,LGH010036.MP4,15337,10.2247,3.928,11.343,1321.323,31.511,start at 4mins,AD,Passing
ISLO03_2111,Gerreidae,Parequula,melbournensis,1,138.738,37349001,LGH010036.MP4,15930,10.62,2.034,11.838,1114.074,34.526,start at 4mins,AD,Passing
ISLO03_2111,Monacanthidae,Meuschenia,flavolineata,1,127.23,37465035,LGH010036.MP4,18289,12.1927,2.065,7.572,1146.787,30.589,start at 4mins,AD,Passing
ISLO03_2111,Mullidae,Upeneichthys,vlamingii,1,228.318,37355029,LGH010036.MP4,19919,13.2793,1.63,1.028,964.747,19.796,start at 4mins,AD,Passing
ISLO03_2111,Serranidae,Caesioperca,rasor,1,169.953,99378025,LGH020036.MP4,10316,24.514,5.918,0.575,2519.089,17.125,start at 4mins,AD,Passing
ISLO03_2111,Labridae,Ophthalmolepis,lineolatus,1,240.082,37384040,LGH020036.MP4,11159,25.076,1.651,3.883,1214.307,28.721,start at 4mins,AD,Attracted
ISLO03_2111,Labridae,Ophthalmolepis,lineolatus,1,317.87,37384040,LGH020036.MP4,11165,25.08,1.621,2.204,1227.926,22.251,start at 4mins,AD,Attracted
ISLO03_2111,Monacanthidae,Meuschenia,hippocrepis,1,345.41,37465004,LGH040036.MP4,630,53.33,5.251,2.496,1500.699,26.716,start at 4mins,AD,Feeding
ISLO04_2111,Monacanthidae,Meuschenia,flavolineata,1,281.302,37465035,LGH011775.MP4,8476,5.6507,8.272,2.562,2106.231,34.29,NA,AD,Passing
ISLO04_2111,Monacanthidae,Meuschenia,flavolineata,1,243.536,37465035,LGH011775.MP4,8476,5.6507,13.57,7.045,3831.593,16.84,NA,AD,Passing
ISLO04_2111,Monacanthidae,Meuschenia,galii,1,254.308,37465040,LGH011775.MP4,13267,8.8447,0.648,3.223,467.308,15.344,NA,AD,Passing
ISLO04_2111,Labridae,Pictilabrus,laticlavius,1,197.859,37384020,LGH011775.MP4,16468,10.9787,1.195,8.404,841.696,24.772,NA,AD,Passing
ISLO04_2111,Labridae,Ophthalmolepis,lineolatus,1,149.47,37384040,LGH041775.MP4,2723,54.7253,2.751,1.841,1220.622,18.844,NA,AD,Passing
ISLO04_2111,Labridae,Ophthalmolepis,lineolatus,1,249.866,37384040,LGH041775.MP4,2723,54.7253,1.579,1.098,1299.149,21.237,NA,AD,Passing
ISLO04_2111,Labridae,Ophthalmolepis,lineolatus,1,194.437,37384040,LGH041775.MP4,2723,54.7253,2.142,2.529,1331.569,8.699,NA,AD,Passing
ISLO04_2111,Monacanthidae,Meuschenia,hippocrepis,1,336.081,37465004,LGH041775.MP4,2727,54.728,3.777,1.995,1534.906,15.253,NA,AD,Attracted
ISMI01_2111,Mullidae,Upeneichthys,vlamingii,1,116.264,37355029,GOPR0118L.MP4,8120,5.4133,2.401,1.91,1581.126,19.278,at times algae obsures view,AD,Passing
ISMI01_2111,Mullidae,Upeneichthys,vlamingii,1,134.577,37355029,GOPR0118L.MP4,8120,5.4133,4.707,0.699,1715.224,28.44,at times algae obsures view,AD,Passing
ISMI01_2111,Monacanthidae,Meuschenia,galii,1,246.84,37465040,GOPR0118L.MP4,9793,6.5287,10.37,3.071,2233.046,11.697,at times algae obsures view,AD,Passing
ISMI01_2111,Monacanthidae,Meuschenia,galii,1,270.901,37465040,GOPR0118L.MP4,9793,6.5287,18.043,2.354,2709.656,2.262,at times algae obsures view,AD,Passing
ISMI01_2111,Cheilodactylidae,Cheilodactylus,nigripes,1,246.883,37377001,GOPR0118L.MP4,13212,8.808,4.552,2.652,1783.417,32.82,at times algae obsures view,AD,Passing
ISMI01_2111,Labridae,Austrolabrus,maculatus,1,130.742,37384025,GOPR0118L.MP4,19403,12.9353,3.019,0.311,1564.006,11.7,at times algae obsures view,AD,Passing
ISMI01_2111,Serranidae,Caesioperca,rasor,1,129.039,99378025,GOPR0118L.MP4,24890,16.5933,1.556,1.93,962.765,33.312,at times algae obsures view,AD,Passing
ISMI01_2111,Serranidae,Caesioperca,rasor,1,138.788,99378025,GOPR0118L.MP4,24890,16.5933,3.992,2.1,1487.694,13.157,at times algae obsures view,AD,Passing
ISMI01_2111,Serranidae,Caesioperca,rasor,1,139.843,99378025,GOPR0118L.MP4,24890,16.5933,2.463,0.293,1706.383,15.682,at times algae obsures view,AD,Passing
ISMI01_2111,Serranidae,Caesioperca,rasor,1,123.017,99378025,GOPR0118L.MP4,24890,16.5933,8.13,2.462,2235.926,14.995,at times algae obsures view,AD,Passing
ISMI01_2111,Triakidae,Furgaleus,macki,1,1342.043,37017003,GP010118L.MP4,1622,18.7613,9.679,7.089,2023.124,23.751,at times algae obsures view,AD,Passing
ISMI01_2111,Labridae,Notolabrus,tetricus,1,365.474,37384003,GP010118L.MP4,7858,22.9187,5.418,2.138,1513.698,21.815,at times algae obsures view,AD,Passing
ISMI01_2111,Scorpididae,Neatypus,obliquus,1,119.154,37361002,GP010118L.MP4,11259,25.186,4.524,2.253,1891.119,3.414,at times algae obsures view,AD,Passing
ISMI01_2111,Kyphosidae,Girella,zebra,1,315.211,37361008,GP010118L.MP4,13674,26.796,5.695,2.842,2209.92,21.64,at times algae obsures view,AD,Passing
ISMI01_2111,Kyphosidae,Girella,zebra,1,290.635,37361008,GP010118L.MP4,13674,26.796,4.823,2.56,1913.142,27.573,at times algae obsures view,AD,Passing
ISMI01_2111,Labridae,Notolabrus,parilus,1,741.36,99379455,GP010118L.MP4,13782,26.868,16.669,56.468,3387.509,34.999,at times algae obsures view,AD,Passing
ISMI01_2111,Myliobatidae,Myliobatis,tenuicaudatus,1,626.091,37039001,GP010118L.MP4,18270,29.86,4.354,5.236,1845.35,23.061,at times algae obsures view,AD,Attracted
ISMI01_2111,Labridae,Olisthops,cyanomelas,1,330.969,37385001,GP020118L.MP4,15464,45.6693,12.776,4.749,3736.433,17.8,at times algae obsures view,AD,Passing
ISMI01_2111,Labridae,Ophthalmolepis,lineolatus,1,215.268,37384040,GP020118L.MP4,15729,45.846,0.92,6.405,649.621,20.287,at times algae obsures view,AD,Passing
ISMI01_2111,Labridae,Ophthalmolepis,lineolatus,1,172.814,37384040,GP020118L.MP4,15729,45.846,1.497,1.898,1375.797,9.638,at times algae obsures view,AD,Passing
ISMI01_2111,Labridae,Ophthalmolepis,lineolatus,1,196.811,37384040,GP020118L.MP4,15729,45.846,2.728,5.447,1345.542,16.648,at times algae obsures view,AD,Passing
ISMI01_2111,Labridae,Ophthalmolepis,lineolatus,1,151.805,37384040,GP020118L.MP4,15729,45.846,1.943,4.443,1094.891,16.641,at times algae obsures view,AD,Passing
ISMI01_2111,Labridae,Ophthalmolepis,lineolatus,1,177.508,37384040,GP020118L.MP4,15729,45.846,1.675,0.575,1354.055,14.888,at times algae obsures view,AD,Passing
ISMI01_2111,Carangidae,Pseudocaranx,sp,1,274.303,37337924,GP030118L.MP4,1067,53.7513,14.306,5.485,2814.723,21.884,at times algae obsures view,AD,Passing
ISMI01_2111,Carangidae,Pseudocaranx,sp,1,269.275,37337924,GP030118L.MP4,1067,53.7513,16.096,2.368,2879.01,17.944,at times algae obsures view,AD,Passing
ISMI01_2111,Monacanthidae,Meuschenia,hippocrepis,1,237.713,37465004,GP030118L.MP4,1415,53.9833,3.863,6.839,1892.675,31.211,at times algae obsures view,AD,Passing
ISMI02_2111,Carangidae,Seriola,lalandi,1,1199.884,37337006,LGH010042.MP4,2039,1.3593,16.785,11.627,3721.53,29.223,start at 1.3493mins,AD,Passing
ISMI02_2111,Labridae,Achoerodus,gouldii,1,937.309,37384002,LGH010042.MP4,3514,2.3427,4.918,5.488,2173.225,27.602,start at 1.3493mins,AD,Passing
ISMI02_2111,Labridae,Achoerodus,gouldii,1,622.836,37384002,LGH010042.MP4,3514,2.3427,11.47,1.472,2599.45,28.411,start at 1.3493mins,AD,Passing
ISMI02_2111,Labridae,Achoerodus,gouldii,1,463.078,37384002,LGH010042.MP4,3514,2.3427,3.678,3.222,1476.871,34.313,start at 1.3493mins,AD,Passing
ISMI02_2111,Labridae,Notolabrus,tetricus,1,344.58,37384003,LGH010042.MP4,4359,2.906,2.669,4.545,1156.487,17.602,start at 1.3493mins,AD,Passing
ISMI02_2111,Carangidae,Pseudocaranx,sp,1,255.975,37337924,LGH010042.MP4,6113,4.0753,4.056,2.733,2324.646,13.879,start at 1.3493mins,AD,Passing
ISMI02_2111,Cheilodactylidae,Nemadactylus,valenciennesi,1,467.92,37377004,LGH010042.MP4,6494,4.3293,5.806,1.545,1576.529,36.546,start at 1.3493mins,AD,Passing
ISMI02_2111,Scorpididae,Scorpis,aequipinnis,1,300.378,37361004,LGH010042.MP4,7394,4.9293,4.377,0.97,1399.351,21.357,start at 1.3493mins,AD,Attracted
ISMI02_2111,Scorpididae,Scorpis,aequipinnis,1,306.68,37361004,LGH010042.MP4,7394,4.9293,7.265,0.701,2691.939,10.226,start at 1.3493mins,AD,Attracted
ISMI02_2111,Scorpididae,Scorpis,aequipinnis,1,300.245,37361004,LGH010042.MP4,7394,4.9293,13.666,1.141,2610.764,15.32,start at 1.3493mins,AD,Attracted
ISMI02_2111,Scorpididae,Scorpis,aequipinnis,1,298.829,37361004,LGH010042.MP4,7394,4.9293,11.931,4.047,2730.004,31.361,start at 1.3493mins,AD,Attracted
ISMI02_2111,Scorpididae,Scorpis,aequipinnis,1,297.359,37361004,LGH010042.MP4,7394,4.9293,2.098,2.513,1120.299,25.055,start at 1.3493mins,AD,Attracted
ISMI02_2111,Scorpididae,Scorpis,aequipinnis,1,316.044,37361004,LGH010042.MP4,7394,4.9293,7.888,2.244,2340.317,17.756,start at 1.3493mins,AD,Attracted
ISMI02_2111,Mullidae,Upeneichthys,vlamingii,1,167.858,37355029,LGH010042.MP4,7905,5.27,5.614,0.434,1986.293,8.992,start at 1.3493mins,AD,Passing
ISMI02_2111,Serranidae,Othos,dentex,1,538.466,37311005,LGH010042.MP4,10651,7.1007,11.107,0.472,3148.071,20.798,start at 1.3493mins,AD,Attracted
ISMI02_2111,Dinolestidae,Dinolestes,lewini,1,306.472,37327002,LGH010042.MP4,11438,7.6253,15.923,8.059,3980.012,28.38,start at 1.3493mins,AD,Passing
ISMI02_2111,Kyphosidae,Kyphosus,sydneyanus,1,557.312,37361001,LGH010042.MP4,18525,12.35,2.463,2.316,1926.657,11.593,start at 1.3493mins,AD,Passing
ISMI02_2111,Monacanthidae,Meuschenia,galii,1,249.616,37465040,LGH010042.MP4,25568,17.0453,1.716,0.957,1497.607,13.02,start at 1.3493mins,AD,Passing
ISMI02_2111,Labridae,Ophthalmolepis,lineolatus,1,269.349,37384040,LGH020042.MP4,5525,21.32,1.671,2.358,1619.167,11.575,start at 1.3493mins,AD,Passing
ISMI02_2111,Labridae,Ophthalmolepis,lineolatus,1,240.584,37384040,LGH020042.MP4,5525,21.32,4.989,2.782,1554.218,15.565,start at 1.3493mins,AD,Passing
ISMI02_2111,Labridae,Ophthalmolepis,lineolatus,1,217.82,37384040,LGH020042.MP4,5525,21.32,3.212,1.545,2221.133,8.101,start at 1.3493mins,AD,Passing
ISMI02_2111,Labridae,Ophthalmolepis,lineolatus,1,269.736,37384040,LGH020042.MP4,5525,21.32,9.014,2.961,2890.78,10.434,start at 1.3493mins,AD,Passing
ISMI02_2111,Labridae,Ophthalmolepis,lineolatus,1,333.498,37384040,LGH020042.MP4,5525,21.32,6.504,2.69,2486.221,19.985,start at 1.3493mins,AD,Passing
ISMI02_2111,Labridae,Ophthalmolepis,lineolatus,1,149.674,37384040,LGH020042.MP4,5525,21.32,12.23,1.705,3710.596,4.824,start at 1.3493mins,AD,Passing
ISMI02_2111,Myliobatidae,Myliobatis,tenuicaudatus,1,481.304,37039001,LGH020042.MP4,10845,24.8667,14.337,2.571,2744.585,29.695,start at 1.3493mins,AD,Passing
ISMI02_2111,Monacanthidae,Meuschenia,freycineti,1,315.843,37465036,LGH020042.MP4,16036,28.3273,7.028,1.53,2095.314,16.983,start at 1.3493mins,AD,Passing
ISMI02_2111,Monacanthidae,Meuschenia,hippocrepis,1,374.633,37465004,LGH020042.MP4,16669,28.7493,2.752,16.45,1517.565,7.59,start at 1.3493mins,AD,Passing
ISMI02_2111,Monacanthidae,Meuschenia,hippocrepis,1,245.217,37465004,LGH020042.MP4,16669,28.7493,4.325,6.078,1374.189,2.885,start at 1.3493mins,AD,Passing
ISMI02_2111,Labridae,Dotalabrus,aurantiacus,1,142.32,37384018,LGH030042.MP4,3320,37.4867,8.748,4.76,2587.727,22.145,start at 1.3493mins,AD,Passing
ISMI02_2111,Serranidae,Caesioperca,rasor,1,209.708,99378025,LGH030042.MP4,11251,42.774,8.209,1.307,1853.989,19.034,start at 1.3493mins,AD,Passing
ISMI02_2111,Serranidae,Caesioperca,rasor,1,189.178,99378025,LGH030042.MP4,11251,42.774,2.609,0.5,1255.63,21.613,start at 1.3493mins,AD,Passing
ISMI02_2111,Serranidae,Caesioperca,rasor,1,246.538,99378025,LGH030042.MP4,11251,42.774,13.177,1.399,3143.404,27.094,start at 1.3493mins,AD,Passing
ISMI02_2111,Serranidae,Caesioperca,rasor,1,157.496,99378025,LGH030042.MP4,11251,42.774,8.343,0.762,2931.347,20.309,start at 1.3493mins,AD,Passing
ISMI02_2111,Enoplosidae,Enoplosus,armatus,1,153.947,37366001,LGH030042.MP4,14030,44.6267,2.675,0.651,2008.517,16.777,start at 1.3493mins,AD,Passing
ISMI02_2111,Enoplosidae,Enoplosus,armatus,1,218.889,37366001,LGH030042.MP4,14030,44.6267,6.029,0.682,1981.937,21.11,start at 1.3493mins,AD,Passing
ISMI02_2111,Kyphosidae,Girella,zebra,1,330.703,37361008,LGH040042.MP4,9606,59.314,4.143,3.008,2205.626,25.759,start at 1.3493mins,AD,Passing
ISMI02_2111,Kyphosidae,Girella,zebra,1,278.192,37361008,LGH040042.MP4,9606,59.314,4.052,3.475,1602.588,28.985,start at 1.3493mins,AD,Passing
ISMI02_2111,Kyphosidae,Girella,zebra,1,279.667,37361008,LGH040042.MP4,9606,59.314,8.154,0.591,1881.499,26.457,start at 1.3493mins,AD,Passing
ISMI02_2111,Kyphosidae,Girella,zebra,1,307.22,37361008,LGH040042.MP4,9606,59.314,6.661,0.096,2429.618,27,start at 1.3493mins,AD,Passing
ISMI03_2111,Monacanthidae,Meuschenia,galii,1,239.591,37465040,1LGAlGH011783.MP4,13383,8.922,0.85,2.841,719.049,20.086,Start at 4.13mins,AD,Attracted
ISMI03_2111,Gerreidae,Parequula,melbournensis,1,127.2,37349001,1LGAlGH011783.MP4,18544,12.3627,1.697,9.486,1168.694,39.531,Start at 4.13mins,AD,Passing
ISMI03_2111,Dinolestidae,Dinolestes,lewini,1,274.227,37327002,1LGAlGH011783.MP4,21974,14.6493,11.44,3.281,3058.619,18.389,Start at 4.13mins,AD,Passing
ISMI03_2111,Labridae,Achoerodus,gouldii,1,858.291,37384002,1LGAlGH011783.MP4,24140,16.0933,5.211,5.446,1597.189,23.686,Start at 4.13mins,M,Attracted
ISMI03_2111,Monacanthidae,Meuschenia,hippocrepis,1,294.444,37465004,2lGH021783.MP4,1920,18.9167,1.782,1.781,1126.665,19.649,Start at 4.13mins,AD,Attracted
ISMI03_2111,Monacanthidae,Meuschenia,hippocrepis,1,396.051,37465004,2lGH021783.MP4,1920,18.9167,3.109,5.824,1094.683,15.497,Start at 4.13mins,AD,Attracted
ISMI03_2111,Monacanthidae,Meuschenia,hippocrepis,1,280.416,37465004,2lGH021783.MP4,1920,18.9167,1.598,2.721,894.833,20.731,Start at 4.13mins,AD,Attracted
ISMI03_2111,Labridae,Austrolabrus,maculatus,1,223.205,37384025,2lGH021783.MP4,15420,27.9167,2.872,1.029,1389.502,34.125,Start at 4.13mins,AD,Passing
ISMI03_2111,Labridae,Ophthalmolepis,lineolatus,1,289.379,37384040,3LGH031783.MP4,4513,38.282,4.44,2.035,1893.155,29.632,Start at 4.13mins,AD,Passing
ISMI03_2111,Labridae,Ophthalmolepis,lineolatus,1,188.076,37384040,3LGH031783.MP4,4513,38.282,6.758,2.272,1965.012,28.215,Start at 4.13mins,AD,Passing
ISMI03_2111,Labridae,Ophthalmolepis,lineolatus,1,162.039,37384040,3LGH031783.MP4,4513,38.282,2.661,1.412,1141.601,22.45,Start at 4.13mins,AD,Passing
ISMI03_2111,Monacanthidae,Meuschenia,freycineti,1,299.348,37465036,3LGH031783.MP4,25358,52.1787,1.4,2.612,968.958,29.386,Start at 4.13mins,AD,Passing
ISMI04_2111,Monacanthidae,Acanthaluteres,vittiger,1,231.105,37465002,LGOPR1795.MP4,16778,11.1853,1.82,1.995,875.505,25.712,start at 2mins,AD,Passing
ISMI04_2111,Labridae,Olisthops,cyanomelas,1,253.857,37385001,LGOPR1795.MP4,20345,13.5633,2.316,1.262,1238.321,33.692,start at 2mins,AD,Passing
ISMI04_2111,Monacanthidae,Meuschenia,galii,1,250.3,37465040,LGOPR1795.MP4,20962,13.9747,2.802,1.565,1390.472,15.604,start at 2mins,AD,Passing
ISMI04_2111,Labridae,Achoerodus,gouldii,1,769.585,37384002,LGOPR1795.MP4,21316,14.2107,2.264,26.737,1228.586,23.471,start at 2mins,AD,Passing
ISMI04_2111,Sillaginidae,Sillaginodes,punctatus,1,417.649,37330001,LGP011795.MP4,13343,26.5753,3.551,10.992,1547.685,20.227,start at 2mins,AD,Passing
ISMI04_2111,Monacanthidae,Meuschenia,hippocrepis,1,339.576,37465004,LGP021795.MP4,9850,41.9267,4.797,5.341,2096.343,14.195,start at 2mins,AD,Passing
ISMI04_2111,Monacanthidae,Meuschenia,hippocrepis,1,230.069,37465004,LGP021795.MP4,9850,41.9267,4.405,1.805,1880.673,23.127,start at 2mins,AD,Passing
ISMI04_2111,Monacanthidae,Meuschenia,freycineti,1,154.606,37465036,LGP021795.MP4,17688,47.152,1.596,4.35,944.764,24.513,start at 2mins,AD,Passing
ISGO01_2111,Labridae,Notolabrus,tetricus,1,433.466,37384003,LGH012240.MP4,6064,4.0427,2.988,1.052,1536.07,20.411,Start 1.2mins,AD,Passing
ISGO01_2111,Arripidae,Arripis,georgianus,1,197.372,37344001,LGH012240.MP4,16902,11.268,2.692,10.371,1609.632,32.902,Start 1.2mins,AD,Passing
ISGO01_2111,Arripidae,Arripis,georgianus,1,205.676,37344001,LGH012240.MP4,16902,11.268,3.387,8.226,1860.996,30.343,Start 1.2mins,AD,Passing
ISGO01_2111,Labridae,Olisthops,cyanomelas,1,276.509,37385001,LGH012240.MP4,21356,14.2373,3.398,2.335,2234.665,14.588,Start 1.2mins,AD,Passing
ISGO01_2111,Labridae,Notolabrus,parilus,1,295.495,99379455,LGH022240.MP4,10854,24.8727,3.194,0.975,1365.995,18.493,Start 1.2mins,AD,Attracted
ISGO01_2111,Labridae,Ophthalmolepis,lineolatus,1,279.418,37384040,LGH022240.MP4,10894,24.8993,7.08,4.693,1846.952,21.633,Start 1.2mins,AD,Passing
ISGO01_2111,Labridae,Ophthalmolepis,lineolatus,1,209.217,37384040,LGH022240.MP4,10894,24.8993,2.253,3.525,1377.501,3.4,Start 1.2mins,AD,Passing
ISGO01_2111,Labridae,Ophthalmolepis,lineolatus,1,254.89,37384040,LGH022240.MP4,10894,24.8993,5.24,1.749,1694.134,4.174,Start 1.2mins,AD,Passing
ISGO01_2111,Labridae,Ophthalmolepis,lineolatus,1,242.95,37384040,LGH022240.MP4,10894,24.8993,2.23,3.626,1520.906,18.346,Start 1.2mins,AD,Passing
ISGO01_2111,Labridae,Ophthalmolepis,lineolatus,1,164.542,37384040,LGH022240.MP4,10894,24.8993,2.29,5.15,1232.158,31.017,Start 1.2mins,AD,Passing
ISGO01_2111,Labridae,Ophthalmolepis,lineolatus,1,284.845,37384040,LGH022240.MP4,10894,24.8993,2.501,2.329,1473.135,23.005,Start 1.2mins,AD,Passing
ISGO01_2111,Scorpididae,Tilodon,sexfasciatus,1,139.153,37361003,LGH022240.MP4,12186,25.7607,0.664,3.006,706.559,22.696,Start 1.2mins,AD,Attracted
ISGO01_2111,Triakidae,Mustelus,antarcticus,1,1059.024,37017001,LGH022240.MP4,13453,26.6053,3.071,6.946,1113.655,2.952,Start 1.2mins,AD,Attracted
ISGO01_2111,Monacanthidae,Meuschenia,hippocrepis,1,126.589,37465004,LGH022240.MP4,18851,30.204,2.145,2.614,925.247,14.202,Start 1.2mins,AD,Passing
ISGO01_2111,Monacanthidae,Meuschenia,flavolineata,1,150.176,37465035,LGH042240.MP4,2986,54.9007,3.266,1.143,1670.803,17.044,Start 1.2mins,AD,Passing
ISGO02_2111,Labridae,Ophthalmolepis,lineolatus,1,225.162,37384040,LGH030066.MP4,24031,51.294,1.633,4.005,1282.08,18.197,"facing up, start at 2 mins",AD,Passing
ISGO02_2111,Labridae,Ophthalmolepis,lineolatus,1,182.582,37384040,LGH030066.MP4,24031,51.294,1.319,1.996,1285.905,18.996,"facing up, start at 2 mins",AD,Passing
ISGO02_2111,Labridae,Ophthalmolepis,lineolatus,1,244.008,37384040,LGH030066.MP4,24031,51.294,2.392,1.476,1407.325,24.954,"facing up, start at 2 mins",AD,Passing
ISGO02_2111,Monacanthidae,Meuschenia,hippocrepis,1,340.649,37465004,LGH040066.MP4,6668,57.3553,2.171,0.296,1138.097,15.283,"facing up, start at 2 mins",AD,Passing
ISGO02_2111,Monacanthidae,Meuschenia,hippocrepis,1,263.227,37465004,LGH040066.MP4,6668,57.3553,2.834,1.047,1357.363,6.429,"facing up, start at 2 mins",AD,Passing
ISGO04_2111,Labridae,Notolabrus,tetricus,1,336.589,37384003,LGH010037.MP4,23852,15.9013,5.14,6.336,1560.595,25.077,start at 6 mins,AD,Passing
ISGO04_2111,Serranidae,Caesioperca,rasor,1,158.024,99378025,LGH020037.MP4,24783,34.1587,0.697,3.634,632.86,24.936,start at 6 mins,AD,Passing
ISGO04_2111,Monacanthidae,Meuschenia,hippocrepis,1,213.275,37465004,LGH030037.MP4,15029,45.2927,3.571,3.985,1532.634,25.53,start at 6 mins,AD,Passing
ISGO04_2111,Labridae,Ophthalmolepis,lineolatus,1,142.673,37384040,LGH040037.MP4,1655,54.0133,1.37,4.238,1097.499,21.648,start at 6 mins,AD,Passing
ISGO04_2111,Labridae,Ophthalmolepis,lineolatus,1,122.621,37384040,LGH040037.MP4,1655,54.0133,1.026,6.067,911.313,25.664,start at 6 mins,AD,Passing
ISGO04_2111,Scorpididae,Scorpis,aequipinnis,1,277.043,37361004,LGH040037.MP4,5730,56.73,4.007,4.538,1906.873,22.599,start at 6 mins,AD,Passing
ISGO04_2111,Labridae,Notolabrus,parilus,1,351.083,99379455,LGH040037.MP4,10642,60.0047,1.643,6.988,766.163,21.408,start at 6 mins,AD,Passing
ISSI01_2111,Labridae,Olisthops,cyanomelas,1,328.815,37385001,LGH012238.MP4,3914,2.6093,3.562,2.686,2041.232,29.136,start at 2.4mins,AD,Passing
ISSI01_2111,Labridae,Olisthops,cyanomelas,1,342.983,37385001,LGH012238.MP4,3914,2.6093,11.934,5.382,2864.321,24.632,start at 2.4mins,AD,Passing
ISSI01_2111,Monacanthidae,Meuschenia,flavolineata,1,277.95,37465035,LGH012238.MP4,4754,3.1693,3.991,2.143,2002.438,36.547,start at 2.4mins,AD,Passing
ISSI01_2111,Monacanthidae,Meuschenia,freycineti,1,209.941,37465036,LGH012238.MP4,6311,4.2073,1.619,2.09,1093.47,30.99,start at 2.4mins,AD,Attracted
ISSI01_2111,Monacanthidae,Meuschenia,galii,1,202.761,37465040,LGH012238.MP4,8867,5.9113,5.033,5.201,1915.606,31.348,start at 2.4mins,AD,Passing
ISSI01_2111,Labridae,Achoerodus,gouldii,1,663.411,37384002,LGH012238.MP4,9196,6.1307,5.443,1.435,2221.735,25.055,start at 2.4mins,AD,Passing
ISSI01_2111,Labridae,Heteroscarus,acroptilus,1,173.753,37385010,LGH012238.MP4,14894,9.9293,1.767,3.612,1575.515,11.024,start at 2.4mins,AD,Passing
ISSI01_2111,Labridae,Pictilabrus,laticlavius,1,181.083,37384020,LGH012238.MP4,18195,12.13,1.448,5.361,1358.9,5.859,start at 2.4mins,AD,Passing
ISSI01_2111,Labridae,Ophthalmolepis,lineolatus,1,214.279,37384040,LGH022238.MP4,6134,21.726,1.008,2.872,690.854,13.265,start at 2.4mins,AD,Attracted
ISSI01_2111,Labridae,Ophthalmolepis,lineolatus,1,240.957,37384040,LGH022238.MP4,6134,21.726,1.038,1.485,930.633,18.81,start at 2.4mins,AD,Attracted
ISSI01_2111,Labridae,Ophthalmolepis,lineolatus,1,237.244,37384040,LGH022238.MP4,12882,26.2247,1.123,3.071,1025.709,20.969,start at 2.4mins,AD,Passing
ISSI01_2111,Enoplosidae,Enoplosus,armatus,1,201.583,37366001,LGH022238.MP4,17194,29.0993,2.21,1.82,1489.249,20.302,start at 2.4mins,AD,Passing
ISSI01_2111,Enoplosidae,Enoplosus,armatus,1,219.1,37366001,LGH022238.MP4,17194,29.0993,6.436,2.112,1970.085,16.886,start at 2.4mins,AD,Passing
ISSI01_2111,Arripidae,Arripis,truttaceus,1,498.982,37344004,LGH022238.MP4,25729,34.7893,4.497,7.053,1752.67,16.785,start at 2.4mins,AD,Passing
ISSI01_2111,Labridae,Notolabrus,tetricus,1,366.562,37384003,LGH032238.MP4,772,35.788,11.28,7.829,3021.807,25.25,start at 2.4mins,AD,Passing
ISSI01_2111,Labridae,Notolabrus,tetricus,1,230.519,37384003,LGH032238.MP4,772,35.788,3.201,5.202,1690.002,25.944,start at 2.4mins,AD,Passing
ISSI01_2111,Carangidae,Pseudocaranx,sp,1,228.66,37337924,LGH032238.MP4,23839,51.166,3.732,1.976,1837.414,20.817,start at 2.4mins,AD,Passing
ISSI01_2111,Carangidae,Pseudocaranx,sp,1,265.709,37337924,LGH032238.MP4,23839,51.166,6.6,1.53,1819.867,11.969,start at 2.4mins,AD,Passing
ISSI01_2111,Monacanthidae,Meuschenia,hippocrepis,1,312.196,37465004,LGH042238.MP4,3416,55.1873,3.487,3.329,1352.72,19.697,start at 2.4mins,AD,Passing
ISSI02_2111,Labridae,Pictilabrus,laticlavius,1,307.891,37384020,LGH010064.MP4,11101,7.4007,2.94,3.935,1289.514,38.257,start at 6.7mins,AD,Attracted
ISSI02_2111,Labridae,Ophthalmolepis,lineolatus,1,256.301,37384040,LGH010064.MP4,12063,8.042,1.5,1.396,1564.863,7.743,start at 6.7mins,AD,Attracted
ISSI02_2111,Labridae,Ophthalmolepis,lineolatus,1,321.895,37384040,LGH010064.MP4,12063,8.042,6.718,1.288,2468.72,14.233,start at 6.7mins,AD,Attracted
ISSI02_2111,Labridae,Ophthalmolepis,lineolatus,1,287.906,37384040,LGH010064.MP4,12063,8.042,6.894,1.153,1979.101,23.923,start at 6.7mins,AD,Attracted
ISSI02_2111,Labridae,Ophthalmolepis,lineolatus,1,323.484,37384040,LGH010064.MP4,12063,8.042,3.137,23.729,1219.87,33.773,start at 6.7mins,AD,Attracted
ISSI02_2111,Labridae,Siphonognathus,caninis,1,118.937,37385011,LGH010064.MP4,18093,12.062,0.782,0.765,703.529,14.374,start at 6.7mins,AD,Passing
ISSI02_2111,Serranidae,Caesioperca,rasor,1,210.047,99378025,LGH010064.MP4,21373,14.2487,1.731,1.5,970.137,27.199,start at 6.7mins,AD,Passing
ISSI02_2111,Labridae,Achoerodus,gouldii,1,792.189,37384002,LGH010064.MP4,22312,14.8747,4.024,19,1890.962,28.132,start at 6.7mins,AD,Passing
ISSI02_2111,Labridae,Notolabrus,tetricus,1,239.608,37384003,LGH020064.MP4,5175,21.0867,3.54,5.102,1684.496,31.711,start at 6.7mins,AD,Attracted
ISSI02_2111,Labridae,Notolabrus,tetricus,1,257.187,37384003,LGH020064.MP4,5175,21.0867,3.828,1.669,1290.133,10.927,start at 6.7mins,AD,Attracted
ISSI02_2111,Monacanthidae,Meuschenia,galii,1,260.81,37465040,LGH020064.MP4,7311,22.5107,5.494,4.052,1462.984,8.446,start at 6.7mins,AD,Passing
ISSI02_2111,Myliobatidae,Myliobatis,tenuicaudatus,1,915.944,37039001,LGH020064.MP4,9775,24.1533,2.151,10.702,1230.879,16.901,start at 6.7mins,AD,Feeding
ISSI02_2111,Carangidae,Seriola,hippos,1,1085.731,37337007,LGH020064.MP4,12963,26.2787,7.639,2.255,2792.032,17.252,start at 6.7mins,AD,Passing
ISSI02_2111,Gerreidae,Parequula,melbournensis,1,150.246,37349001,LGH020064.MP4,17000,28.97,4.014,2.089,1673.96,26.364,start at 6.7mins,AD,Passing
ISSI02_2111,Gerreidae,Parequula,melbournensis,1,176.068,37349001,LGH020064.MP4,17000,28.97,3.122,2.173,1412.457,33.657,start at 6.7mins,AD,Passing
ISSI02_2111,Monacanthidae,Meuschenia,hippocrepis,1,376.008,37465004,LGH020064.MP4,18222,29.7847,3.906,1.519,1640.495,12.722,start at 6.7mins,AD,Passing
ISSI02_2111,Monacanthidae,Acanthaluteres,vittiger,1,202.228,37465002,LGH030064.MP4,5521,38.954,2.411,4.278,2342.282,13.663,start at 6.7mins,AD,Passing
ISSI02_2111,Carangidae,Seriola,lalandi,1,1035.493,37337006,LGH030064.MP4,7983,40.5953,5.476,0.971,2956.067,21.299,start at 6.7mins,AD,Passing
ISSI02_2111,Labridae,Odax,cyanomelas,1,326.086,99378082,LGH030064.MP4,18507,47.6113,4.053,1.034,2152.932,23.149,start at 6.7mins,AD,Passing
ISSI02_2111,Carangidae,Pseudocaranx,sp,1,280.84,37337924,LGH040064.MP4,928,53.5287,15.018,2.905,2969.332,27.744,start at 6.7mins,AD,Passing
ISSI02_2111,Carangidae,Pseudocaranx,sp,1,259.454,37337924,LGH040064.MP4,928,53.5287,13.771,0.465,2677.988,17.257,start at 6.7mins,AD,Passing
ISSI02_2111,Monacanthidae,Meuschenia,freycineti,1,331.411,37465036,LGH040064.MP4,2819,54.7893,1.94,11.658,1132.533,29.798,start at 6.7mins,AD,Passing
ISSI03_2111,Monacanthidae,Acanthaluteres,vittiger,1,139.877,37465002,GH030035.MP4,9849,41.8393,0.943,6.196,844.891,19.965,facing up,AD,Passing
ISSI03_2111,Monacanthidae,Acanthaluteres,vittiger,1,150.907,37465002,GH030035.MP4,9849,41.8393,1.08,0.267,1009.913,5.895,facing up,AD,Passing
ISSI03_2111,Labridae,Ophthalmolepis,lineolatus,1,125.06,37384040,GH040035.MP4,5439,56.536,1.414,2.164,1125.577,17.443,facing up,AD,Passing
ISSI03_2111,Labridae,Ophthalmolepis,lineolatus,1,113.018,37384040,GH040035.MP4,5439,56.536,1.144,0.697,1067.958,2.055,facing up,AD,Passing
ISSI04_2111,Diodontidae,Diodon,nicthemerus,1,177.949,37469001,LGH011774.MP4,26120,17.4133,10.525,2.03,3037.215,16.711,Start at 8.1mins,AD,Passing
ISSI04_2111,Carangidae,Pseudocaranx,sp,1,138.031,37337924,LGH031774.MP4,3553,37.642,2.497,1.213,1143.004,35.258,Start at 8.1mins,AD,Passing
ISSI04_2111,Carangidae,Pseudocaranx,sp,1,122.677,37337924,LGH031774.MP4,3553,37.642,2.988,1.628,1294.59,33.551,Start at 8.1mins,AD,Passing
ISSI04_2111,Mullidae,Upeneichthys,vlamingii,1,176.133,37355029,LGH031774.MP4,23487,50.9313,8.257,2.555,2611.416,27.903,Start at 8.1mins,AD,Passing
ISSI04_2111,Myliobatidae,Myliobatis,tenuicaudatus,1,538.772,37039001,LGH041774.MP4,4431,55.864,3.084,9.457,1519.318,26.904,Start at 8.1mins,AD,Attracted
ISSI04_2111,Myliobatidae,Myliobatis,tenuicaudatus,1,708.607,37039001,LGH041774.MP4,4431,55.864,9.598,8.849,2759.656,27.227,Start at 8.1mins,AD,Attracted
ISSI04_2111,Gerreidae,Parequula,melbournensis,1,73.434,37349001,LGH041774.MP4,16891,64.1707,1.961,0.778,1197,14.237,Start at 8.1mins,AD,Passing
ISSI04_2111,Gerreidae,Parequula,melbournensis,1,86.23,37349001,LGH041774.MP4,16891,64.1707,4.065,2.996,1373.206,35.775,Start at 8.1mins,AD,Passing
SKNO24_2205,Labridae,Pictilabrus,laticlavius,1,168.871,37384020,LGOPR0127.MP4,16101,10.734,1.147,13.976,967.049,31.665,NA,AD,Attracted
SKNO24_2205,Labridae,Notolabrus,tetricus,1,276.319,37384003,LGOPR0127.MP4,21916,14.6107,1.549,5.62,1209.505,13.532,NA,AD,Passing
SKNO24_2205,Serranidae,Caesioperca,rasor,1,166.54,99378025,LGP010127.MP4,10405,24.6167,1.979,1.09,1642.752,11.141,NA,AD,Attracted
SKNO24_2205,Serranidae,Caesioperca,rasor,1,205.685,99378025,LGP010127.MP4,16454,28.6493,5.834,1.889,1548.329,35.373,NA,AD,Passing
SKNO24_2205,Dasyatidae,Bathytoshia,brevicaudata,1,563.052,37035001,LGP020127.MP4,20334,48.916,1.539,0.268,1092.884,18.065,NA,AD,Passing
SKNO24_2205,Heterodontidae,Heterodontus,portusjacksoni,1,523.866,37007001,LGP030127.MP4,9492,59.368,1.703,5.771,1203.152,23.445,NA,AD,Passing
SKNO25_2205,Scorpididae,Tilodon,sexfasciatus,1,261.177,37361003,lGOPR1802.MP4,15479,10.3193,3.424,3.028,1662.733,31.763,start 2.5mins,AD,Passing
SKNO25_2205,Labridae,Pictilabrus,laticlavius,1,230.177,37384020,lGOPR1802.MP4,16531,11.0207,3.097,8.623,1595.467,35.729,start 2.5mins,AD,Passing
SKNO25_2205,Berycidae,Centroberyx,gerrardi,1,330.486,37258004,lGP011802.MP4,9161,23.7873,1.986,2.688,1285.973,22.989,start 2.5mins,AD,Passing
SKNO25_2205,Serranidae,Caesioperca,rasor,1,152.415,99378025,lGP011802.MP4,24353,33.9153,3.141,4.413,2041.989,14.441,start 2.5mins,AD,Passing
SKNO25_2205,Serranidae,Caesioperca,rasor,1,182.576,99378025,lGP011802.MP4,24353,33.9153,9.348,1.6,2003.993,23.024,start 2.5mins,AD,Passing
SKNO25_2205,Serranidae,Caesioperca,rasor,1,131.665,99378025,lGP011802.MP4,24353,33.9153,5.695,4.61,2108.325,26.675,start 2.5mins,AD,Passing
SKNO25_2205,Serranidae,Caesioperca,rasor,1,144.157,99378025,lGP011802.MP4,24353,33.9153,3.039,5.125,1848.27,20.037,start 2.5mins,AD,Passing
SKNO25_2205,Serranidae,Caesioperca,rasor,1,140.817,99378025,lGP011802.MP4,24353,33.9153,4.634,2.107,2358.859,12.772,start 2.5mins,AD,Passing
SKNO25_2205,Monacanthidae,Meuschenia,hippocrepis,1,398.83,37465004,lGP021802.MP4,7363,40.2687,4.608,2.391,1737.665,22.741,start 2.5mins,AD,Passing
SKNO25_2205,Monacanthidae,Meuschenia,hippocrepis,1,433.044,37465004,lGP021802.MP4,7367,40.2713,2.149,0.673,1171.183,4.757,start 2.5mins,AD,Passing
SKNO25_2205,Triakidae,Galeorhinus,galeus,1,1263.523,37017008,lGP021802.MP4,12053,43.3953,5.227,20.768,1554.985,13.253,start 2.5mins,AD,Passing
SKNO25_2205,Monacanthidae,Meuschenia,flavolineata,1,277.682,37465035,lGP021802.MP4,18959,47.9993,2.367,2.473,2297.592,6.955,start 2.5mins,AD,Passing
SKNO25_2205,Monacanthidae,Meuschenia,flavolineata,1,227.678,37465035,lGP021802.MP4,18959,47.9993,2.583,3.106,1881.373,31.089,start 2.5mins,AD,Passing
SKNO25_2205,Labridae,Achoerodus,gouldii,1,461.718,37384002,lGP021802.MP4,21725,49.8433,3.466,4.677,1656.743,15.812,start 2.5mins,AD,Passing
SKNO25_2205,Monacanthidae,Meuschenia,galii,1,304.053,37465040,lGP021802.MP4,23407,50.9647,3.162,9.062,1751.922,20.157,start 2.5mins,AD,Passing
SKNO25_2205,Labridae,Notolabrus,tetricus,1,277.864,37384003,lGP031802.MP4,1421,53.9873,0.528,1.658,520.789,19.866,start 2.5mins,AD,Passing
SKNO25_2205,Carangidae,Pseudocaranx,sp,1,339.599,37337924,lGP031802.MP4,9047,59.0713,2.308,12.962,1890.695,7.794,start 2.5mins,AD,Passing
SKNO27_2205,Labridae,Pictilabrus,laticlavius,1,211.277,37384020,LGH010050.MP4,10587,7.058,2.262,6.546,1051.003,24.763,Start at 3 mins,AD,Passing
SKNO27_2205,Monacanthidae,Meuschenia,galii,1,299.575,37465040,LGH010050.MP4,11183,7.4553,2.306,6.553,1627.005,14.504,Start at 3 mins,AD,Passing
SKNO27_2205,Labridae,Achoerodus,gouldii,1,740.732,37384002,LGH010050.MP4,12237,8.158,6.13,12.533,1555.415,20.868,Start at 3 mins,AD,Passing
SKNO27_2205,Berycidae,Centroberyx,gerrardi,1,326.721,37258004,LGH020050.MP4,18,17.6487,2.362,7.778,947.937,21.511,Start at 3 mins,AD,Passing
SKNO27_2205,Berycidae,Centroberyx,gerrardi,1,163.226,37258004,LGH020050.MP4,18,17.6487,2.083,8.648,858.175,10.504,Start at 3 mins,AD,Passing
SKNO27_2205,Serranidae,Othos,dentex,1,575.244,37311005,LGH020050.MP4,236,17.794,1.907,4.481,1127.335,13.195,Start at 3 mins,AD,Attracted
SKNO27_2205,Labridae,Notolabrus,tetricus,1,291.278,37384003,LGH030050.MP4,10473,42.2553,2.923,4.866,1063.629,16.773,Start at 3 mins,AD,Passing
SKNO27_2205,Serranidae,Caesioperca,rasor,1,204.334,99378025,LGH030050.MP4,14285,44.7967,1.56,1.25,1069.409,14.492,Start at 3 mins,AD,Attracted
SKNO27_2205,Serranidae,Caesioperca,rasor,1,210.552,99378025,LGH030050.MP4,14285,44.7967,4.323,15.435,1783.012,27.167,Start at 3 mins,AD,Attracted
SKNO27_2205,Serranidae,Caesioperca,rasor,1,201.568,99378025,LGH030050.MP4,14285,44.7967,4.638,9.056,1909.881,23.37,Start at 3 mins,AD,Attracted
SKNO27_2205,Monacanthidae,Meuschenia,hippocrepis,1,319.699,37465004,LGH030050.MP4,19892,48.5347,1.5,7.594,1353.725,2.327,Start at 3 mins,AD,Passing
SKNO27_2205,Cheilodactylidae,Nemadactylus,valenciennesi,1,627.49,37377004,LGH030050.MP4,22170,50.0533,7.251,11.135,2335.169,21.242,Start at 3 mins,AD,Attracted
SKNO29_2205,Scorpididae,Scorpis,aequipinnis,1,304.065,37361004,LGH012245.MP4,26271,17.514,4.312,5.589,1929.037,30.601,Start at 3.8mins,AD,Passing
SKNO29_2205,Cheilodactylidae,Nemadactylus,valenciennesi,1,780.29,37377004,LGH022245.MP4,5175,21.0867,5.685,46.885,1732.238,28.362,Start at 3.8mins,AD,Passing
SKNO29_2205,Serranidae,Caesioperca,rasor,1,190.281,99378025,LGH022245.MP4,9804,24.1727,1.306,3.501,1121.876,21.629,Start at 3.8mins,AD,Attracted
SKNO29_2205,Serranidae,Caesioperca,rasor,1,160.372,99378025,LGH022245.MP4,9804,24.1727,1.969,1.994,1179.12,8.598,Start at 3.8mins,AD,Attracted
SKNO29_2205,Serranidae,Caesioperca,rasor,1,189.689,99378025,LGH022245.MP4,9804,24.1727,1.727,0.75,966.932,16.094,Start at 3.8mins,AD,Attracted
SKNO29_2205,Serranidae,Caesioperca,rasor,1,177.511,99378025,LGH022245.MP4,9804,24.1727,4.377,1.024,1640.503,27.583,Start at 3.8mins,AD,Attracted
SKNO29_2205,Serranidae,Caesioperca,rasor,1,171.674,99378025,LGH022245.MP4,9804,24.1727,2.074,1.685,1513.985,31.251,Start at 3.8mins,AD,Attracted
SKNO29_2205,Cheilodactylidae,Cheilodactylus,nigripes,1,358.451,37377001,LGH022245.MP4,12178,25.7553,4.97,3.216,1711.816,27.225,Start at 3.8mins,AD,Passing
SKNO29_2205,Labridae,Notolabrus,tetricus,1,342.657,37384003,LGH032245.MP4,8800,41.14,1.279,1.319,920.004,20.476,Start at 3.8mins,AD,Passing
SKNO29_2205,Monacanthidae,Meuschenia,hippocrepis,1,340.368,37465004,LGH032245.MP4,11256,42.7773,5.281,1.76,1564.936,15.78,Start at 3.8mins,AD,Passing
SKNO29_2205,Monacanthidae,Meuschenia,hippocrepis,1,319.076,37465004,LGH032245.MP4,11256,42.7773,3.863,0.406,1467.955,14.949,Start at 3.8mins,AD,Passing
SKNO29_2205,Monacanthidae,Meuschenia,hippocrepis,1,349.547,37465004,LGH032245.MP4,11256,42.7773,3.679,0.385,1900.477,25.055,Start at 3.8mins,AD,Passing
SKNO29_2205,Carangidae,Seriola,lalandi,1,866.785,37337006,LGH032245.MP4,18546,47.6373,18.02,6.926,3198.967,33.383,Start at 3.8mins,AD,Attracted
SKNO29_2205,Berycidae,Centroberyx,gerrardi,1,478.633,37258004,LGH042245.MP4,13428,61.862,1.231,9.664,798.048,23.198,Start at 3.8mins,AD,Passing
SKNO29_2205,Berycidae,Centroberyx,gerrardi,1,331.811,37258004,LGH042245.MP4,13428,61.862,1.35,4.241,1251.66,21.772,Start at 3.8mins,AD,Passing
SKNO29_2205,Scorpididae,Scorpis,lineolata,1,306.481,37361009,LGH042245.MP4,14209,62.3827,1.233,8.846,1055.865,25.723,Start at 3.8mins,AD,Attracted
SKNO31_2205,Labridae,Pictilabrus,laticlavius,1,206.944,37384020,LGH011791.MP4,20889,13.926,0.915,4.172,882.803,20.49,Start at 3 mins,AD,Passing
SKNO31_2205,Labridae,Notolabrus,tetricus,1,272.07,37384003,LGH021791.MP4,7117,22.3813,4.626,4.813,2146.652,13.841,Start at 3 mins,AD,Passing
SKNO31_2205,Cheilodactylidae,Nemadactylus,valenciennesi,1,539.297,37377004,LGH021791.MP4,12780,26.1567,13.335,1.431,2595.138,3.46,Start at 3 mins,AD,Passing
SKNO31_2205,Cheilodactylidae,Nemadactylus,valenciennesi,1,930.243,37377004,LGH021791.MP4,12780,26.1567,7.336,41.51,1558.698,29.127,Start at 3 mins,AD,Passing
SKNO31_2205,Berycidae,Centroberyx,gerrardi,1,250.229,37258004,LGH021791.MP4,12791,26.164,2.395,1.931,1022.766,33.556,Start at 3 mins,AD,Passing
SKNO31_2205,Berycidae,Centroberyx,gerrardi,1,204.885,37258004,LGH021791.MP4,12791,26.164,2.022,4.49,1001.947,18.916,Start at 3 mins,AD,Passing
SKNO31_2205,Serranidae,Caesioperca,rasor,1,281.951,99378025,LGH021791.MP4,17874,29.5527,1.701,33.551,1138.429,34.946,Start at 3 mins,AD,Passing
SKNO31_2205,Serranidae,Caesioperca,rasor,1,190.249,99378025,LGH021791.MP4,17874,29.5527,4.517,3.475,1620.435,26.304,Start at 3 mins,AD,Passing
SKNO31_2205,Triakidae,Galeorhinus,galeus,1,1242.067,37017008,LGH031791.MP4,5464,38.916,16.706,3.112,2669.902,19.056,Start at 3 mins,AD,Passing
SKNO31_2205,Monacanthidae,Meuschenia,hippocrepis,1,421.01,37465004,LGH031791.MP4,15838,45.832,6.138,2.1,1617.696,26.728,Start at 3 mins,AD,Passing
SKNO31_2205,Monacanthidae,Meuschenia,hippocrepis,1,395.029,37465004,LGH031791.MP4,15838,45.832,1.772,4.516,851.014,7.88,Start at 3 mins,AD,Passing
SKNO32_2205,Labridae,Achoerodus,gouldii,1,379.545,37384002,LGOPR1804.MP4,5942,3.9613,7.535,8.703,2129.851,30.546,start at 3 mins,AD,Passing
SKNO32_2205,Scorpididae,Scorpis,aequipinnis,1,286.877,37361004,LGOPR1804.MP4,8250,5.5,4.843,0.781,1657.596,21.831,start at 3 mins,AD,Passing
SKNO32_2205,Monacanthidae,Meuschenia,flavolineata,1,295.257,37465035,LGOPR1804.MP4,10840,7.2267,10.114,2.436,2534.499,21.841,start at 3 mins,AD,Passing
SKNO32_2205,Labridae,Notolabrus,tetricus,1,298.951,37384003,LGOPR1804.MP4,11491,7.6607,2.976,2.005,1828.678,7.432,start at 3 mins,AD,Passing
SKNO32_2205,Labridae,Notolabrus,tetricus,1,159.649,37384003,LGOPR1804.MP4,11491,7.6607,2.596,4.752,1399.166,13.025,start at 3 mins,AD,Passing
SKNO32_2205,Labridae,Heteroscarus,acroptilus,1,218.048,37385010,LGOPR1804.MP4,11782,7.8547,1.236,1.357,1033.158,20.985,start at 3 mins,AD,Passing
SKNO32_2205,Moridae,Lotella,rhacina,1,276.308,37224005,LGOPR1804.MP4,16237,10.8247,1.804,11.483,1071.048,23.57,start at 3 mins,AD,Passing
SKNO32_2205,Berycidae,Centroberyx,gerrardi,1,235.771,37258004,LGOPR1804.MP4,18107,12.0713,7.26,2.273,2330.068,15.873,start at 3 mins,AD,Attracted
SKNO32_2205,Berycidae,Centroberyx,gerrardi,1,240.433,37258004,LGOPR1804.MP4,18107,12.0713,7.986,5.304,2228.266,11.994,start at 3 mins,AD,Attracted
SKNO32_2205,Serranidae,Caesioperca,rasor,1,151.477,99378025,LGP011804.MP4,653,18.1153,3.284,5.62,1707.053,29.316,start at 3 mins,AD,Passing
SKNO32_2205,Serranidae,Caesioperca,rasor,1,124.604,99378025,LGP011804.MP4,653,18.1153,1.513,0.139,764.602,22.988,start at 3 mins,AD,Passing
SKNO32_2205,Serranidae,Caesioperca,rasor,1,113.071,99378025,LGP011804.MP4,653,18.1153,3.977,4.3,1602.146,25.204,start at 3 mins,AD,Passing
SKNO32_2205,Scorpididae,Tilodon,sexfasciatus,1,285.792,37361003,LGP011804.MP4,6944,22.3093,6.256,5.548,1873.335,20.797,start at 3 mins,AD,Passing
SKNO32_2205,Carangidae,Pseudocaranx,sp,1,313.148,37337924,LGP011804.MP4,8721,23.494,3.607,6.118,1511.358,23.202,start at 3 mins,AD,Passing
SKNO32_2205,Cheilodactylidae,Nemadactylus,valenciennesi,1,398.372,37377004,LGP011804.MP4,12887,26.2713,3.29,2.076,2203.689,13.12,start at 3 mins,AD,Passing
SKNO32_2205,Monacanthidae,Meuschenia,hippocrepis,1,429.704,37465004,LGP011804.MP4,21761,32.1873,1.762,0.821,904.826,8.781,start at 3 mins,AD,Attracted
SKNO32_2205,Monacanthidae,Meuschenia,hippocrepis,1,260.061,37465004,LGP011804.MP4,21761,32.1873,2.131,9.208,1373.058,34.007,start at 3 mins,AD,Attracted
SKNO32_2205,Berycidae,Centroberyx,lineatus,1,225.854,37258005,LGP011804.MP4,23664,33.456,5.756,1.334,2238.507,19.189,start at 3 mins,AD,Passing
SKNO32_2205,Berycidae,Centroberyx,lineatus,1,210.206,37258005,LGP011804.MP4,23664,33.456,4.759,3.182,2043.088,22.159,start at 3 mins,AD,Passing
SKNO32_2205,Berycidae,Centroberyx,lineatus,1,204.484,37258005,LGP011804.MP4,23664,33.456,2.399,1.424,1538.625,23.624,start at 3 mins,AD,Passing
SKNO32_2205,Berycidae,Centroberyx,lineatus,1,209.891,37258005,LGP011804.MP4,23664,33.456,4.41,4.327,2064.71,16.038,start at 3 mins,AD,Passing
SKNO32_2205,Berycidae,Centroberyx,lineatus,1,233.559,37258005,LGP011804.MP4,23664,33.456,2.317,2.534,1629.237,10.547,start at 3 mins,AD,Passing
SKNO32_2205,Berycidae,Centroberyx,lineatus,1,229.791,37258005,LGP011804.MP4,23664,33.456,5.732,1.421,1817.47,27.964,start at 3 mins,AD,Passing
SKNO32_2205,Berycidae,Centroberyx,lineatus,1,192.895,37258005,LGP011804.MP4,23664,33.456,3.659,12.526,1812.062,31.891,start at 3 mins,AD,Passing
SKNO32_2205,Berycidae,Centroberyx,lineatus,1,223.598,37258005,LGP011804.MP4,23664,33.456,2.213,3.895,1918.8,19.389,start at 3 mins,AD,Passing
SKNO33_2205,Labridae,Achoerodus,gouldii,1,996.404,37384002,LGH010072.MP4,22536,15.024,6.289,1.16,2085.546,27.72,start at 4mins,AD,Passing
SKNO33_2205,Berycidae,Centroberyx,gerrardi,1,263.748,37258004,LGH020072.MP4,4682,20.758,2.109,2.276,1191.377,25.63,start at 4mins,AD,Passing
SKNO33_2205,Berycidae,Centroberyx,gerrardi,1,203.194,37258004,LGH020072.MP4,4682,20.758,1.985,0.742,990.812,22.655,start at 4mins,AD,Passing
SKNO33_2205,Scorpididae,Scorpis,aequipinnis,1,267.067,37361004,LGH020072.MP4,6637,22.0613,2.409,0.144,1057.775,18.238,start at 4mins,AD,Passing
SKNO33_2205,Scorpididae,Scorpis,aequipinnis,1,328.589,37361004,LGH020072.MP4,6637,22.0613,2.042,7.102,1058.261,17.78,start at 4mins,AD,Passing
SKNO33_2205,Cheilodactylidae,Nemadactylus,valenciennesi,1,645.665,37377004,LGH020072.MP4,7332,22.5247,8.45,1.524,3026.298,20.692,start at 4mins,AD,Passing
SKNO33_2205,Monacanthidae,Meuschenia,hippocrepis,1,355.522,37465004,LGH020072.MP4,8696,23.434,1.308,1.286,1093.506,9.473,start at 4mins,AD,Passing
SKNO33_2205,Monacanthidae,Meuschenia,hippocrepis,1,375.482,37465004,LGH020072.MP4,8696,23.434,7.342,5.946,1781.347,23.094,start at 4mins,AD,Passing
SKNO33_2205,Berycidae,Centroberyx,lineatus,1,207.634,37258005,LGH020072.MP4,10619,24.716,5.876,0.728,2087.187,4.748,start at 4mins,AD,Passing
SKNO33_2205,Berycidae,Centroberyx,lineatus,1,211.776,37258005,LGH020072.MP4,10619,24.716,4.916,0.989,1627.71,28.867,start at 4mins,AD,Passing
SKNO33_2205,Berycidae,Centroberyx,lineatus,1,251.004,37258005,LGH020072.MP4,10619,24.716,6.534,1.001,1962.325,9.026,start at 4mins,AD,Passing
SKNO33_2205,Berycidae,Centroberyx,lineatus,1,198.327,37258005,LGH020072.MP4,10619,24.716,9.653,0.452,2163.619,3.74,start at 4mins,AD,Passing
SKNO33_2205,Berycidae,Centroberyx,lineatus,1,236.668,37258005,LGH020072.MP4,10619,24.716,3.007,1.25,2333.142,9.829,start at 4mins,AD,Passing
SKNO33_2205,Berycidae,Centroberyx,lineatus,1,171.845,37258005,LGH020072.MP4,10619,24.716,7.035,1.957,2015.845,12.168,start at 4mins,AD,Passing
SKNO33_2205,Berycidae,Centroberyx,lineatus,1,191.166,37258005,LGH020072.MP4,10619,24.716,4.807,1.402,1724.611,14.935,start at 4mins,AD,Passing
SKNO33_2205,Berycidae,Centroberyx,lineatus,1,228.42,37258005,LGH020072.MP4,10619,24.716,3.936,1.386,2296.121,6.904,start at 4mins,AD,Passing
SKNO33_2205,Berycidae,Centroberyx,lineatus,1,221.498,37258005,LGH020072.MP4,10619,24.716,6.028,0.612,2204.279,14.737,start at 4mins,AD,Passing
SKNO33_2205,Berycidae,Centroberyx,lineatus,1,178.439,37258005,LGH020072.MP4,10619,24.716,8.175,2.91,1914.314,14.981,start at 4mins,AD,Passing
SKNO33_2205,Berycidae,Centroberyx,lineatus,1,187.543,37258005,LGH020072.MP4,10619,24.716,3.548,1.229,1570.45,29.472,start at 4mins,AD,Passing
SKNO33_2205,Berycidae,Centroberyx,lineatus,1,206.99,37258005,LGH020072.MP4,10619,24.716,5.558,1.019,1800.654,20.8,start at 4mins,AD,Passing
SKNO33_2205,Berycidae,Centroberyx,lineatus,1,188.226,37258005,LGH020072.MP4,10619,24.716,10.15,1.606,2227.073,31.629,start at 4mins,AD,Passing
SKNO33_2205,Berycidae,Centroberyx,lineatus,1,214.184,37258005,LGH020072.MP4,10619,24.716,3.483,7.919,1459.711,25.646,start at 4mins,AD,Passing
SKNO33_2205,Berycidae,Centroberyx,lineatus,1,210.907,37258005,LGH020072.MP4,10619,24.716,4.22,2.892,1564.35,30.251,start at 4mins,AD,Passing
SKNO33_2205,Berycidae,Centroberyx,lineatus,1,231.002,37258005,LGH020072.MP4,10619,24.716,4.678,1.672,1800.458,25.274,start at 4mins,AD,Passing
SKNO33_2205,Labridae,Notolabrus,tetricus,1,282.604,37384003,LGH030072.MP4,18108,47.3453,2.211,0.546,1036.678,20.401,start at 4mins,AD,Passing
SKNO33_2205,Labridae,Notolabrus,tetricus,1,289.067,37384003,LGH030072.MP4,18108,47.3453,1.112,0.7,1107.781,16.734,start at 4mins,AD,Passing
SKNO33_2205,Carangidae,Pseudocaranx,sp,1,354.626,37337924,LGH030072.MP4,20914,49.216,4.311,2.163,1449.39,16.686,start at 4mins,AD,Passing
SKNO33_2205,Serranidae,Caesioperca,rasor,1,170.534,99378025,LGH040072.MP4,12224,61.0593,2.391,7.808,1257.646,28.66,start at 4mins,AD,Passing
SKNO33_2205,Serranidae,Caesioperca,rasor,1,151.485,99378025,LGH040072.MP4,12224,61.0593,1.392,3,1022.816,36.371,start at 4mins,AD,Passing
SKNO33_2205,Serranidae,Caesioperca,rasor,1,142.49,99378025,LGH040072.MP4,12232,61.0647,2.939,4.595,1917.861,17.585,start at 4mins,AD,Passing
SKNO34_2205,Labridae,Pictilabrus,laticlavius,1,153.861,37384020,LGH012246.MP4,10977,7.318,1.101,2.307,1199.984,16.968,start at 3.5mins,AD,Passing
SKNO34_2205,Labridae,Heteroscarus,acroptilus,1,213.144,37385010,LGH012246.MP4,21474,14.316,9.788,6.595,2514.83,15.777,start at 3.5mins,AD,Passing
SKNO34_2205,Labridae,Notolabrus,tetricus,1,310.585,37384003,LGH022246.MP4,3438,19.9287,4.975,3.95,1645.737,24.872,start at 3.5mins,AD,Passing
SKNO34_2205,Labridae,Notolabrus,tetricus,1,317.201,37384003,LGH022246.MP4,3438,19.9287,5.641,1.374,1449.435,13.22,start at 3.5mins,AD,Passing
SKNO34_2205,Monacanthidae,Meuschenia,flavolineata,1,250.218,37465035,LGH022246.MP4,3681,20.0907,8.879,2.153,2909.84,28.342,start at 3.5mins,AD,Passing
SKNO34_2205,Scorpididae,Tilodon,sexfasciatus,1,324.522,37361003,LGH022246.MP4,6014,21.646,9.13,2.766,1995.549,22.457,start at 3.5mins,AD,Passing
SKNO34_2205,Labridae,Achoerodus,gouldii,1,1015.749,37384002,LGH022246.MP4,9742,24.1313,5.835,4.798,2198.63,13.93,start at 3.5mins,AD,Passing
SKNO34_2205,Serranidae,Caesioperca,rasor,1,196.105,99378025,LGH022246.MP4,10471,24.6173,3.726,6.208,1586.719,23.335,start at 3.5mins,AD,Passing
SKNO34_2205,Serranidae,Caesioperca,rasor,1,168.336,99378025,LGH022246.MP4,10471,24.6173,2.043,4.744,1418.746,19.635,start at 3.5mins,AD,Passing
SKNO34_2205,Serranidae,Caesioperca,rasor,1,192.822,99378025,LGH022246.MP4,10471,24.6173,8.873,0.71,2205.187,25.266,start at 3.5mins,AD,Passing
SKNO34_2205,Serranidae,Caesioperca,rasor,1,120.282,99378025,LGH022246.MP4,10471,24.6173,5.261,3.806,1881.539,16.932,start at 3.5mins,AD,Passing
SKNO34_2205,Monacanthidae,Meuschenia,hippocrepis,1,392.046,37465004,LGH032246.MP4,4694,38.4027,1.907,1.912,1293.848,22.624,start at 3.5mins,AD,Passing
SKNO34_2205,Monacanthidae,Meuschenia,hippocrepis,1,329.093,37465004,LGH032246.MP4,4694,38.4027,1.411,1.383,1412.047,6.408,start at 3.5mins,AD,Passing
SKNO34_2205,Monacanthidae,Meuschenia,hippocrepis,1,347.409,37465004,LGH032246.MP4,4694,38.4027,1.719,2.28,1569.871,7.722,start at 3.5mins,AD,Passing
SKNO34_2205,Cheilodactylidae,Cheilodactylus,nigripes,1,351.108,37377001,LGH032246.MP4,7268,40.1187,6.178,5.423,2112.66,14.745,start at 3.5mins,AD,Passing
SKNO36_2205,Labridae,Pictilabrus,laticlavius,1,175.303,37384020,LGH010051.MP4,11936,7.9573,0.984,3.999,941.52,18.76,NA,AD,Passing
SKNO36_2205,Serranidae,Caesioperca,rasor,1,133.484,99378025,LGH010051.MP4,23911,15.9407,0.666,6.215,673.55,23.247,NA,AD,Passing
SKNO36_2205,Monacanthidae,Meuschenia,galii,1,219.262,37465040,LGH010051.MP4,25805,17.2033,1.65,0.978,887.811,29.726,NA,AD,Passing
SKNO36_2205,Labridae,Notolabrus,tetricus,1,205.863,37384003,LGH020051.MP4,9631,24.0573,1.333,10.087,1274.742,23.128,NA,AD,Passing
SKNO36_2205,Labridae,Notolabrus,tetricus,1,279.071,37384003,LGH020051.MP4,9631,24.0573,1.031,9.835,816.236,24.258,NA,AD,Passing
SKNO36_2205,Berycidae,Centroberyx,gerrardi,1,276.418,37258004,LGH020051.MP4,19756,30.8073,0.728,3.147,549.359,10.546,NA,AD,Passing
SKNO37_2205,Scorpididae,Scorpis,aequipinnis,1,335.615,37361004,LGOPR0128.MP4,9255,6.17,4.558,3.425,2251.041,18.558,NA,AD,Passing
SKNO37_2205,Serranidae,Caesioperca,rasor,1,225.135,99378025,LGOPR0128.MP4,16565,11.0433,6.991,0.256,2122.754,21.016,NA,AD,Passing
SKNO37_2205,Serranidae,Caesioperca,rasor,1,143.908,99378025,LGOPR0128.MP4,16565,11.0433,6.276,1.714,1740.291,22.526,NA,AD,Passing
SKNO37_2205,Serranidae,Caesioperca,rasor,1,203.393,99378025,LGOPR0128.MP4,16565,11.0433,7.55,3.906,2524.615,17.149,NA,AD,Passing
SKNO37_2205,Serranidae,Caesioperca,rasor,1,216.407,99378025,LGOPR0128.MP4,16565,11.0433,7.381,4.396,1840.298,37.635,NA,AD,Passing
SKNO37_2205,Serranidae,Caesioperca,rasor,1,173.419,99378025,LGOPR0128.MP4,16565,11.0433,9.251,5.198,2258.178,39.752,NA,AD,Passing
SKNO37_2205,Serranidae,Caesioperca,rasor,1,139.644,99378025,LGOPR0128.MP4,16565,11.0433,2.601,2.529,1670.075,20.85,NA,AD,Passing
SKNO37_2205,Labridae,Notolabrus,tetricus,1,192.197,37384003,LGOPR0128.MP4,16565,11.0433,10.381,3,3100.224,14.807,NA,AD,Passing
SKNO37_2205,Berycidae,Centroberyx,gerrardi,1,334.284,37258004,LGOPR0128.MP4,19622,13.0813,2.192,14.137,1005.225,27.923,NA,AD,Passing
SKNO37_2205,Labridae,Notolabrus,tetricus,1,287.399,37384003,LGOPR0128.MP4,23163,15.442,6.927,9.289,1687.355,38.655,NA,AD,Passing
SKNO37_2205,Monacanthidae,Meuschenia,hippocrepis,1,303.932,37465004,LGP010128.MP4,7483,22.6687,1.833,47.253,879.47,34.167,NA,AD,Passing
SKNO37_2205,Kyphosidae,Girella,zebra,1,341.697,37361008,LGP020128.MP4,11245,42.8567,3.437,5.325,2201.968,14.161,NA,AD,Passing
SKNO37_2205,Scorpididae,Tilodon,sexfasciatus,1,279.472,37361003,LGP020128.MP4,20729,49.1793,1.796,6.861,1408.326,24.048,NA,AD,Attracted
SKNO37_2205,Carangidae,Pseudocaranx,sp,1,206.41,37337924,LGP020128.MP4,22800,50.56,1.649,11.559,1188.599,21.969,NA,AD,Passing
SKNO37_2205,Labridae,Achoerodus,gouldii,1,657.726,37384002,LGP020128.MP4,23032,50.7147,6.2,2.081,2474.244,19.551,NA,M,Attracted
SKNO38_2205,Kyphosidae,Girella,zebra,1,313.932,37361008,LGH022247.MP4,624,18.0527,12.122,5.106,2958.577,29.177,start at 4mins,AD,Passing
SKNO38_2205,Scorpididae,Scorpis,aequipinnis,1,338.695,37361004,LGH022247.MP4,5935,21.5933,8.774,1.125,2292.053,25.928,start at 4mins,AD,Attracted
SKNO38_2205,Labridae,Notolabrus,tetricus,1,226.417,37384003,LGH022247.MP4,7687,22.7613,8.116,1.248,2355.762,31.855,start at 4mins,AD,Passing
SKNO38_2205,Labridae,Notolabrus,tetricus,1,396.603,37384003,LGH022247.MP4,7687,22.7613,2.237,16.631,820.215,2.624,start at 4mins,AD,Passing
SKNO38_2205,Monacanthidae,Meuschenia,hippocrepis,1,391.07,37465004,LGH032247.MP4,2952,37.2413,0.957,1.51,952.296,16.556,start at 4mins,AD,Passing
SKNO38_2205,Monacanthidae,Meuschenia,hippocrepis,1,291.248,37465004,LGH032247.MP4,2952,37.2413,1.715,0.274,899.221,6.668,start at 4mins,AD,Passing
SKNO38_2205,Carangidae,Seriola,lalandi,1,478.216,37337006,LGH032247.MP4,18163,47.382,2.305,2.467,1501.363,21.267,start at 4mins,AD,Attracted
SKNO38_2205,Carangidae,Seriola,lalandi,1,411.949,37337006,LGH032247.MP4,18163,47.382,5.75,1.62,1709.526,5.1,start at 4mins,AD,Attracted
SKNO38_2205,Serranidae,Caesioperca,rasor,1,178.481,99378025,LGH042247.MP4,10196,59.7073,2.72,1.52,1757.698,16.534,start at 4mins,AD,Passing
SKNO38_2205,Serranidae,Caesioperca,rasor,1,170.014,99378025,LGH042247.MP4,10196,59.7073,9.978,4.595,2844.381,21.08,start at 4mins,AD,Passing
SKNO38_2205,Serranidae,Caesioperca,rasor,1,182.377,99378025,LGH042247.MP4,10196,59.7073,16.288,2.543,2655.541,20.014,start at 4mins,AD,Passing
SKNO38_2205,Serranidae,Caesioperca,rasor,1,147.413,99378025,LGH042247.MP4,10196,59.7073,9.373,1.115,2786.429,16.191,start at 4mins,AD,Passing
SKNO38_2205,Berycidae,Centroberyx,gerrardi,1,276.056,37258004,LGH042247.MP4,14117,62.3213,3.726,0.562,1345.704,22.038,start at 4mins,AD,Passing
SKNO38_2205,Berycidae,Centroberyx,gerrardi,1,299.424,37258004,LGH042247.MP4,14117,62.3213,2.769,1.734,1221.711,23.341,start at 4mins,AD,Passing
SKNO38_2205,Berycidae,Centroberyx,gerrardi,1,259.072,37258004,LGH042247.MP4,14117,62.3213,8.795,1.842,2847.945,25.152,start at 4mins,AD,Passing
SKNO38_2205,Berycidae,Centroberyx,gerrardi,1,354.896,37258004,LGH042247.MP4,14117,62.3213,11.321,6.229,2380.767,11.341,start at 4mins,AD,Passing
SKNO38_2205,Berycidae,Centroberyx,gerrardi,1,251.117,37258004,LGH042247.MP4,14117,62.3213,3.275,1.338,1259.793,17.575,start at 4mins,AD,Passing
SKNO38_2205,Berycidae,Centroberyx,gerrardi,1,362.963,37258004,LGH042247.MP4,14117,62.3213,8.71,8.545,2885.643,36.967,start at 4mins,AD,Passing
SKNO39_2205,Serranidae,Caesioperca,rasor,1,191.632,99378025,LGH010073.MP4,9712,6.4747,0.746,1.762,602.683,14.912,Start at 4mins,AD,Passing
SKNO39_2205,Serranidae,Caesioperca,rasor,1,192.116,99378025,LGH010073.MP4,9712,6.4747,1.352,0.761,947.317,29.444,Start at 4mins,AD,Passing
SKNO39_2205,Serranidae,Caesioperca,rasor,1,198.72,99378025,LGH010073.MP4,9712,6.4747,0.99,1.127,858.067,17.533,Start at 4mins,AD,Passing
SKNO39_2205,Serranidae,Caesioperca,rasor,1,196.997,99378025,LGH010073.MP4,9712,6.4747,1.216,2.348,1158.632,8.017,Start at 4mins,AD,Passing
SKNO39_2205,Dinolestidae,Dinolestes,lewini,1,387.408,37327002,LGH010073.MP4,24253,16.1687,11.605,1.182,2614.597,16.132,Start at 4mins,AD,Passing
SKNO39_2205,Berycidae,Centroberyx,gerrardi,1,318.891,37258004,LGH010073.MP4,24495,16.33,1.034,0.786,1043.36,4.313,Start at 4mins,AD,Attracted
SKNO39_2205,Berycidae,Centroberyx,gerrardi,1,243.001,37258004,LGH010073.MP4,24495,16.33,2.526,1.551,1477.945,20.459,Start at 4mins,AD,Attracted
SKNO39_2205,Berycidae,Centroberyx,gerrardi,1,228.934,37258004,LGH010073.MP4,24495,16.33,2.642,1.649,1281.408,13.632,Start at 4mins,AD,Attracted
SKNO39_2205,Berycidae,Centroberyx,gerrardi,1,281.727,37258004,LGH010073.MP4,24495,16.33,1.066,5.551,1091.446,4.142,Start at 4mins,AD,Attracted
SKNO39_2205,Berycidae,Centroberyx,lineatus,1,214.491,37258005,LGH020073.MP4,0,17.6367,11.234,1.083,2503.915,18.291,Start at 4mins,AD,Passing
SKNO39_2205,Berycidae,Centroberyx,lineatus,1,247.328,37258005,LGH020073.MP4,0,17.6367,13.382,0.678,2452.074,27.376,Start at 4mins,AD,Passing
SKNO39_2205,Berycidae,Centroberyx,lineatus,1,259.374,37258005,LGH020073.MP4,0,17.6367,11.095,7.158,2331.992,31.36,Start at 4mins,AD,Passing
SKNO39_2205,Berycidae,Centroberyx,lineatus,1,193.983,37258005,LGH020073.MP4,0,17.6367,12.317,5.253,2542.445,32.046,Start at 4mins,AD,Passing
SKNO39_2205,Labridae,Notolabrus,tetricus,1,335.549,37384003,LGH020073.MP4,11290,25.1633,1.765,5.195,1103.222,32.7,Start at 4mins,AD,Passing
SKNO39_2205,Labridae,Notolabrus,tetricus,1,336.351,37384003,LGH020073.MP4,11290,25.1633,4.45,1.417,1432.488,32.71,Start at 4mins,AD,Passing
SKNO39_2205,Monacanthidae,Meuschenia,galii,1,297.972,37465040,LGH020073.MP4,15226,27.7873,6.264,1.305,1637.013,22.737,Start at 4mins,AD,Passing
SKNO39_2205,Triakidae,Mustelus,antarcticus,1,1234.653,37017001,LGH030073.MP4,5088,38.6653,2.864,2.819,1282.409,4.465,Start at 4mins,AD,Attracted
SKNO39_2205,Cheilodactylidae,Nemadactylus,valenciennesi,1,627.837,37377004,LGH030073.MP4,21232,49.428,4.289,1.211,2522.852,12.534,Start at 4mins,AD,Passing
SKNO39_2205,Cheilodactylidae,Nemadactylus,valenciennesi,1,579.36,37377004,LGH030073.MP4,21232,49.428,7.71,3.97,2753.662,3.676,Start at 4mins,AD,Passing
SKNO39_2205,Monacanthidae,Meuschenia,hippocrepis,1,338.894,37465004,LGH030073.MP4,21601,49.674,1.696,1.122,1357.221,11.171,Start at 4mins,AD,Passing
SKNO39_2205,Monacanthidae,Meuschenia,hippocrepis,1,321.619,37465004,LGH030073.MP4,21615,49.6833,3.875,1.091,1548.227,5.56,Start at 4mins,AD,Passing
SKNO39_2205,Carangidae,Pseudocaranx,sp,1,366.306,37337924,LGH030073.MP4,26006,52.6107,3.222,3.986,1326.081,32.775,Start at 4mins,AD,Passing
SKNO39_2205,Carangidae,Pseudocaranx,sp,1,321.618,37337924,LGH030073.MP4,26006,52.6107,2.935,3.768,1594.495,25.312,Start at 4mins,AD,Passing
SKNO39_2205,Carangidae,Pseudocaranx,sp,1,274.814,37337924,LGH030073.MP4,26006,52.6107,4.828,1.393,1861.853,22.274,Start at 4mins,AD,Passing
SKNO39_2205,Carangidae,Pseudocaranx,sp,1,322.264,37337924,LGH030073.MP4,26006,52.6107,7.659,2.189,1886.737,25.973,Start at 4mins,AD,Passing
SKNO39_2205,Labridae,Achoerodus,gouldii,1,978.767,37384002,LGH040073.MP4,3253,55.0787,3.345,0.826,1809.449,13.73,Start at 4mins,AD,Passing
SKNO40_2205,Carangidae,Pseudocaranx,sp,1,248.052,37337924,LGP011805.MP4,684,18.136,1.991,15.208,1198.854,5.644,NA,AD,Passing
SKNO40_2205,Carangidae,Pseudocaranx,sp,1,344.053,37337924,LGP011805.MP4,684,18.136,8.261,9.579,1992.717,14.796,NA,AD,Passing
SKNO40_2205,Carangidae,Pseudocaranx,sp,1,336.461,37337924,LGP011805.MP4,684,18.136,2.484,6.017,2069.163,8.177,NA,AD,Passing
SKNO40_2205,Carangidae,Pseudocaranx,sp,1,335.769,37337924,LGP011805.MP4,684,18.136,3.089,38.996,1931.173,14.663,NA,AD,Passing
SKNO40_2205,Carangidae,Pseudocaranx,sp,1,606.556,37337924,LGP011805.MP4,684,18.136,8.225,33.823,2345.01,28.381,NA,AD,Passing
SKNO40_2205,Carangidae,Pseudocaranx,sp,1,392.144,37337924,LGP011805.MP4,684,18.136,3.673,33.84,1902.387,22.861,NA,AD,Passing
SKNO40_2205,Serranidae,Caesioperca,rasor,1,125.672,99378025,LGP011805.MP4,25985,35.0033,1.134,33.431,1065.338,14.575,NA,AD,Passing
SKNO41_2205,Scorpididae,Tilodon,sexfasciatus,1,298.929,37361003,LGOPR0129.MP4,4860,3.24,5.517,2.897,3402.653,10.555,Start at 2.2mins,AD,Passing
SKNO41_2205,Berycidae,Centroberyx,gerrardi,1,254.084,37258004,LGOPR0129.MP4,8921,5.9473,0.981,5.792,815.176,12.039,Start at 2.2mins,AD,Passing
SKNO41_2205,Serranidae,Caesioperca,rasor,1,159.267,99378025,LGOPR0129.MP4,23001,15.334,2.074,5.08,1097.867,12.249,Start at 2.2mins,AD,Passing
SKNO41_2205,Serranidae,Caesioperca,rasor,1,108.737,99378025,LGOPR0129.MP4,23001,15.334,1.305,2.593,1317.797,3.631,Start at 2.2mins,AD,Passing
SKNO41_2205,Serranidae,Caesioperca,rasor,1,171.621,99378025,LGOPR0129.MP4,23001,15.334,6.968,4.627,2256.881,32.082,Start at 2.2mins,AD,Passing
SKNO41_2205,Serranidae,Caesioperca,rasor,1,120.042,99378025,LGOPR0129.MP4,23001,15.334,6.208,8.646,1958.267,30.371,Start at 2.2mins,AD,Passing
SKNO41_2205,Serranidae,Caesioperca,rasor,1,96.428,99378025,LGOPR0129.MP4,23001,15.334,1.838,0.945,1123.535,0.966,Start at 2.2mins,AD,Passing
SKNO41_2205,Serranidae,Caesioperca,rasor,1,127.085,99378025,LGOPR0129.MP4,23001,15.334,1.318,0.929,1425.781,2.475,Start at 2.2mins,AD,Passing
SKNO41_2205,Serranidae,Caesioperca,rasor,1,130.26,99378025,LGOPR0129.MP4,23001,15.334,4.701,0.507,1363.426,8.786,Start at 2.2mins,AD,Passing
SKNO41_2205,Berycidae,Centroberyx,lineatus,1,190.404,37258005,LGOPR0129.MP4,23871,15.914,3.556,1.753,1301.678,29.077,Start at 2.2mins,AD,Attracted
SKNO41_2205,Berycidae,Centroberyx,lineatus,1,172.794,37258005,LGOPR0129.MP4,23871,15.914,1.079,1.137,1095.457,21.268,Start at 2.2mins,AD,Attracted
SKNO41_2205,Berycidae,Centroberyx,lineatus,1,182.908,37258005,LGOPR0129.MP4,23871,15.914,1.643,1.155,1215.404,17.117,Start at 2.2mins,AD,Attracted
SKNO41_2205,Berycidae,Centroberyx,lineatus,1,179.061,37258005,LGOPR0129.MP4,23871,15.914,2.613,3.375,1680.018,20.107,Start at 2.2mins,AD,Attracted
SKNO41_2205,Berycidae,Centroberyx,lineatus,1,181.278,37258005,LGOPR0129.MP4,23871,15.914,3.443,1.485,1849.487,23.169,Start at 2.2mins,AD,Attracted
SKNO41_2205,Berycidae,Centroberyx,lineatus,1,163.192,37258005,LGOPR0129.MP4,23871,15.914,1.373,4.915,1229.883,19.407,Start at 2.2mins,AD,Attracted
SKNO41_2205,Berycidae,Centroberyx,lineatus,1,162.197,37258005,LGOPR0129.MP4,23871,15.914,2.005,5.429,1504.584,23.965,Start at 2.2mins,AD,Attracted
SKNO41_2205,Monacanthidae,Meuschenia,hippocrepis,1,495.696,37465004,LGP010129.MP4,9867,24.258,3.951,12.869,1138.113,35.774,Start at 2.2mins,AD,Passing
SKNO41_2205,Labridae,Notolabrus,tetricus,1,320.654,37384003,LGP020129.MP4,9989,42.0193,6.876,20.872,1867.44,31.12,Start at 2.2mins,AD,Passing
SKNO41_2205,Carangidae,Pseudocaranx,sp,1,402.229,37337924,LGP020129.MP4,24440,51.6533,5.937,21.132,2283.511,22.869,Start at 2.2mins,AD,Attracted
SKNO41_2205,Carangidae,Pseudocaranx,sp,1,340.147,37337924,LGP020129.MP4,24440,51.6533,5.161,10.488,1525.891,6.427,Start at 2.2mins,AD,Attracted
SKNO41_2205,Carangidae,Pseudocaranx,sp,1,415.309,37337924,LGP020129.MP4,24440,51.6533,4.443,21.511,1355.43,3.899,Start at 2.2mins,AD,Attracted
SKNO42_2205,Heterodontidae,Heterodontus,portusjacksoni,1,586.164,37007001,LGH011794.MP4,15019,10.0127,3.979,3.562,2497.609,15.63,start at 5.3mins,AD,Passing
SKNO42_2205,Myliobatidae,Myliobatis,tenuicaudatus,1,791.941,37039001,LGH021794.MP4,12836,26.194,3.164,11.832,2165.56,19.08,start at 5.3mins,AD,Passing
SKNO42_2205,Monacanthidae,Meuschenia,scaber,1,208.465,37465005,LGH031794.MP4,4813,38.482,4.762,8.06,1849.231,24.871,start at 5.3mins,AD,Passing
SKNO42_2205,Monacanthidae,Meuschenia,scaber,1,477.408,37465005,LGH031794.MP4,4813,38.482,5.461,52.073,1869.836,36.05,start at 5.3mins,AD,Passing
SKNO42_2205,Serranidae,Caesioperca,rasor,1,188.537,99378025,LGH031794.MP4,8477,40.9247,4.252,7.259,1350.228,33.295,start at 5.3mins,AD,Passing
SKNO42_2205,Serranidae,Caesioperca,rasor,1,162.385,99378025,LGH031794.MP4,8477,40.9247,5.826,4.433,1726.089,28.687,start at 5.3mins,AD,Passing
SKNO42_2205,Labridae,Siphonognathus,caninis,1,67.268,37385011,LGH041794.MP4,1341,53.804,0.847,2.097,722.169,23.758,start at 5.3mins,AD,Passing
SKNO42_2205,Carangidae,Pseudocaranx,sp,1,319.463,37337924,LGH041794.MP4,16707,64.048,3.772,2.434,2257.876,14.606,start at 5.3mins,AD,Passing
SKNO42_2205,Rajidae,Spiniraja,whitleyi,1,871.088,37031006,LGH041794.MP4,17247,64.408,8.288,4.02,1680.123,19.562,start at 5.3mins,AD,Passing
SKNO43_2205,Scorpididae,Tilodon,sexfasciatus,1,365.276,37361003,LGH010053.MP4,6544,4.3627,6.759,4.285,1701.615,27.346,start at 4.24mins,AD,Passing
SKNO43_2205,Kyphosidae,Girella,zebra,1,228.959,37361008,LGH010053.MP4,7667,5.1113,8.222,8.124,2206.694,28.963,start at 4.24mins,AD,Passing
SKNO43_2205,Berycidae,Centroberyx,gerrardi,1,264.097,37258004,LGH010053.MP4,9442,6.2947,0.816,3.952,802.821,21.216,start at 4.24mins,AD,Passing
SKNO43_2205,Berycidae,Centroberyx,lineatus,1,155.295,37258005,LGH010053.MP4,10605,7.07,2.209,8.663,1546.701,23.701,start at 4.24mins,AD,Passing
SKNO43_2205,Berycidae,Centroberyx,lineatus,1,218.749,37258005,LGH010053.MP4,10605,7.07,2.351,1.578,1650.617,16.918,start at 4.24mins,AD,Passing
SKNO43_2205,Berycidae,Centroberyx,lineatus,1,181.58,37258005,LGH010053.MP4,10605,7.07,1.838,1.614,1522.579,14.323,start at 4.24mins,AD,Passing
SKNO43_2205,Berycidae,Centroberyx,lineatus,1,193.38,37258005,LGH010053.MP4,10605,7.07,4.272,2.562,2377.766,7.898,start at 4.24mins,AD,Passing
SKNO43_2205,Berycidae,Centroberyx,lineatus,1,192.702,37258005,LGH010053.MP4,10605,7.07,6.783,1.991,2227.642,16.611,start at 4.24mins,AD,Passing
SKNO43_2205,Berycidae,Centroberyx,lineatus,1,196.129,37258005,LGH010053.MP4,10605,7.07,3.906,3.104,2078.553,13.327,start at 4.24mins,AD,Passing
SKNO43_2205,Labridae,Notolabrus,tetricus,1,360.941,37384003,LGH010053.MP4,20099,13.3993,9.657,0.956,2397.35,9.046,start at 4.24mins,AD,Passing
SKNO43_2205,Cheilodactylidae,Cheilodactylus,nigripes,1,356.451,37377001,LGH020053.MP4,4168,20.4153,16.455,1.901,3239.355,10.594,start at 4.24mins,AD,Passing
SKNO43_2205,Serranidae,Caesioperca,rasor,1,319.802,99378025,LGH020053.MP4,11593,25.3653,6.462,7.968,1342.118,29.739,start at 4.24mins,AD,Attracted
SKNO43_2205,Serranidae,Caesioperca,rasor,1,147.514,99378025,LGH020053.MP4,11593,25.3653,1.479,5.965,978.39,19.409,start at 4.24mins,AD,Attracted
SKNO43_2205,Serranidae,Caesioperca,rasor,1,120.091,99378025,LGH020053.MP4,11593,25.3653,2.117,0.844,1467.029,15.186,start at 4.24mins,AD,Attracted
SKNO43_2205,Monacanthidae,Meuschenia,hippocrepis,1,320.132,37465004,LGH020053.MP4,12760,26.1433,4.627,23.59,1618.418,28.363,start at 4.24mins,AD,Passing
SKNO43_2205,Carangidae,Pseudocaranx,sp,1,476.503,37337924,LGH030053.MP4,15360,45.5133,17.7,26.603,3194.731,24.801,start at 4.24mins,AD,Passing
SKNO43_2205,Carangidae,Pseudocaranx,sp,1,215.633,37337924,LGH030053.MP4,15360,45.5133,17.004,2.026,2802.965,18.547,start at 4.24mins,AD,Passing
SKNO43_2205,Carangidae,Pseudocaranx,sp,1,266.917,37337924,LGH030053.MP4,15360,45.5133,12.358,1.297,2895.571,22.544,start at 4.24mins,AD,Passing
SKNO43_2205,Serranidae,Caesioperca,lepidoptera,1,152.655,37311002,LGH040053.MP4,3821,55.4573,3.64,1.359,2033.889,11.421,start at 4.24mins,AD,Attracted
SKNO49_2205,Serranidae,Caesioperca,rasor,1,118.826,99378025,L_GH010080 (1).MP4,22788,15.192,3.315,0.831,1406.604,6.682,start at 6.1mins,AD,Passing
SKNO49_2205,Serranidae,Caesioperca,rasor,1,167.882,99378025,L_GH010080 (1).MP4,22788,15.192,5.706,1.059,1596.655,10.177,start at 6.1mins,AD,Passing
SKNO49_2205,Serranidae,Caesioperca,rasor,1,130.905,99378025,L_GH010080 (1).MP4,22788,15.192,1.332,5.238,734.845,25.022,start at 6.1mins,AD,Passing
SKNO49_2205,Serranidae,Caesioperca,rasor,1,175.584,99378025,L_GH010080 (1).MP4,22788,15.192,2.748,0.532,1268.315,35.921,start at 6.1mins,AD,Passing
SKNO49_2205,Carangidae,Seriola,lalandi,1,533.549,37337006,L_GH010080 (2).MP4,12749,26.136,7.725,0.687,3135.877,13.937,start at 6.1mins,AD,Passing
SKNO49_2205,Carangidae,Seriola,lalandi,1,445.491,37337006,L_GH010080 (2).MP4,12749,26.136,3.458,1.047,2840.649,5,start at 6.1mins,AD,Passing
SKNO49_2205,Carangidae,Seriola,lalandi,1,496.957,37337006,L_GH010080 (2).MP4,12749,26.136,5.732,2.171,2896.779,16.158,start at 6.1mins,AD,Passing
SKNO49_2205,Monacanthidae,Meuschenia,scaber,1,206.415,37465005,L_GH010080 (2).MP4,13822,26.8513,2.3,1.643,1047.376,24.594,start at 6.1mins,AD,Passing
SKNO49_2205,Gerreidae,Parequula,melbournensis,1,172.035,37349001,L_GH010080 (3).MP4,3091,37.334,7.314,1.208,2508.7,21.227,start at 6.1mins,AD,Passing
SKNO49_2205,Monacanthidae,Meuschenia,hippocrepis,1,377.576,37465004,L_GH010080 (3).MP4,5877,39.1913,2.171,2.494,1476.363,4.257,start at 6.1mins,AD,Passing
SKNO49_2205,Monacanthidae,Meuschenia,hippocrepis,1,378.621,37465004,L_GH010080 (3).MP4,5877,39.1913,2.437,0.33,1315.721,14.222,start at 6.1mins,AD,Passing
SKNO49_2205,Labridae,Notolabrus,tetricus,1,359.817,37384003,L_GH010080 (3).MP4,18138,47.3653,5.726,0.799,1502.443,19.694,start at 6.1mins,AD,Passing
SKNO49_2205,Labridae,Notolabrus,tetricus,1,365.455,37384003,L_GH010080 (3).MP4,18138,47.3653,5.435,0.833,2064.207,31.523,start at 6.1mins,AD,Passing
SKNO49_2205,Triakidae,Galeorhinus,galeus,1,1000.283,37017008,L_GH010080 (3).MP4,24297,51.4713,2.592,1.976,1627.993,3.606,start at 6.1mins,AD,Attracted
SKNO49_2205,Carangidae,Pseudocaranx,sp,1,356.66,37337924,L_GH010080 (4).MP4,3245,55.0733,4.2,0.361,1384.86,33.453,start at 6.1mins,AD,Passing
SKNO49_2205,Cheilodactylidae,Nemadactylus,valenciennesi,1,313.506,37377004,L_GH010080 (4).MP4,8532,58.598,3.326,2.428,1618.042,29.05,start at 6.1mins,AD,Passing
SKNO54_2205,Labridae,Notolabrus,tetricus,1,439.982,37384003,L_GOPR0136 (1).MP4,13012,8.6747,2.499,1.257,1135.781,28.901,start at 3mins,AD,Passing
SKNO54_2205,Serranidae,Caesioperca,rasor,1,119.352,99378025,L_GOPR0136 (3).MP4,11949,43.326,1.175,0.312,840.752,5.511,start at 3mins,AD,Passing
SKNO54_2205,Serranidae,Caesioperca,rasor,1,211.308,99378025,L_GOPR0136 (3).MP4,11949,43.326,1.159,1.959,896.419,10.855,start at 3mins,AD,Passing
SKNO54_2205,Monacanthidae,Meuschenia,scaber,1,231.946,37465005,L_GOPR0136 (4).MP4,9850,59.6067,4.143,8.787,1664.246,23.613,start at 3mins,AD,Attracted
SKNO54_2205,Monacanthidae,Meuschenia,scaber,1,243.795,37465005,L_GOPR0136 (4).MP4,9850,59.6067,2.194,0.523,1390.16,13.668,start at 3mins,AD,Attracted
SKNO54_2205,Monacanthidae,Meuschenia,scaber,1,213.785,37465005,L_GOPR0136 (4).MP4,9850,59.6067,2.784,2.56,1345.245,2.124,start at 3mins,AD,Attracted
SKNO58_2205,Mullidae,Upeneichthys,vlamingii,1,168.282,37355029,L_GH010060 (1).MP4,11787,7.858,3.031,5.695,2289.447,21.14,start at 2.3mins,AD,Passing
SKNO58_2205,Mullidae,Upeneichthys,vlamingii,1,215.127,37355029,L_GH010060 (1).MP4,11787,7.858,4.95,3.802,2599.183,20.634,start at 2.3mins,AD,Passing
SKNO58_2205,Mullidae,Upeneichthys,vlamingii,1,255.048,37355029,L_GH010060 (1).MP4,11787,7.858,8.378,2.305,2280.271,20.781,start at 2.3mins,AD,Passing
SKNO58_2205,Labridae,Eupetrichthys,angustipes,1,97.111,37384105,L_GH010060 (3).MP4,10626,42.3573,4.774,6.474,2030.377,22.38,start at 2.3mins,AD,Passing
SKNO58_2205,Monacanthidae,Meuschenia,scaber,1,153.317,37465005,L_GH010060 (3).MP4,16655,46.3767,1.928,4.69,850.887,5.334,start at 2.3mins,AD,Passing
SKNO58_2205,Monacanthidae,Meuschenia,scaber,1,212.607,37465005,L_GH010060 (3).MP4,16655,46.3767,1.1,2.902,621.972,1.831,start at 2.3mins,AD,Passing
SKNO58_2205,Carangidae,Seriola,lalandi,1,609.558,37337006,L_GH010060 (3).MP4,17520,46.9533,14.702,7.104,2885.989,13.577,start at 2.3mins,AD,Passing
SKNO91_2205,Serranidae,Caesioperca,rasor,1,102.937,99378025,L_GH012254 (1).MP4,12791,8.5273,0.917,1.693,648.33,12.054,Start at 3.3mins,AD,Passing
SKNO91_2205,Serranidae,Caesioperca,rasor,1,86.137,99378025,L_GH012254 (1).MP4,12791,8.5273,0.901,0.158,919.098,19.261,Start at 3.3mins,AD,Passing
SKNO91_2205,Serranidae,Caesioperca,rasor,1,149.151,99378025,L_GH012254 (1).MP4,12791,8.5273,1.411,9.004,1003.757,32.931,Start at 3.3mins,AD,Passing
SKNO91_2205,Labridae,Austrolabrus,maculatus,1,94.802,37384025,L_GH012254 (1).MP4,12908,8.6053,0.79,11.192,663.291,24.361,Start at 3.3mins,AD,Passing
SKNO91_2205,Labridae,Notolabrus,tetricus,1,415.877,37384003,L_GH012254 (2).MP4,2432,19.258,9.801,3.728,2084.691,14.214,Start at 3.3mins,AD,Passing
SKNO91_2205,Berycidae,Centroberyx,gerrardi,1,236.793,37258004,L_GH012254 (2).MP4,3412,19.9113,4.976,2.498,1518.054,19.168,Start at 3.3mins,AD,Passing
SKNO91_2205,Berycidae,Centroberyx,gerrardi,1,267.033,37258004,L_GH012254 (2).MP4,3412,19.9113,1.834,5.032,1377.501,26.545,Start at 3.3mins,AD,Passing
SKNO91_2205,Monacanthidae,Meuschenia,hippocrepis,1,379.424,37465004,L_GH012254 (2).MP4,25492,34.6313,4.529,1.25,2473.369,12.65,Start at 3.3mins,AD,Passing
SKNO91_2205,Carangidae,Pseudocaranx,sp,1,265.689,37337924,L_GH012254 (4).MP4,14181,62.364,1.781,1.495,1792.133,1.519,Start at 3.3mins,AD,Passing
SKNO91_2205,Carangidae,Pseudocaranx,sp,1,258.744,37337924,L_GH012254 (4).MP4,14181,62.364,0.982,4.402,973.32,19.59,Start at 3.3mins,AD,Passing
SKNO91_2205,Carangidae,Pseudocaranx,sp,1,263.555,37337924,L_GH012254 (4).MP4,14181,62.364,6.23,1.128,1745.811,16.65,Start at 3.3mins,AD,Passing
SKNO91_2205,Carangidae,Pseudocaranx,sp,1,244.974,37337924,L_GH012254 (4).MP4,14181,62.364,5.114,0.588,1562.589,24.93,Start at 3.3mins,AD,Passing
SKNO91_2205,Carangidae,Pseudocaranx,sp,1,267.857,37337924,L_GH012254 (4).MP4,14181,62.364,5.881,1.382,1725.894,18.328,Start at 3.3mins,AD,Passing
SKNO91_2205,Carangidae,Pseudocaranx,sp,1,255.963,37337924,L_GH012254 (4).MP4,14181,62.364,5.313,1.644,1964.188,8.618,Start at 3.3mins,AD,Passing
SKNO92_2205,Labridae,Pictilabrus,laticlavius,1,205.206,37384020,L_GOPR1813 (1).MP4,14486,9.6573,2.321,0.738,1189.734,29.895,start at 3.1mins,AD,Passing
SKNO92_2205,Serranidae,Caesioperca,rasor,1,110.103,99378025,L_GOPR1813 (1).MP4,23184,15.456,0.547,4.9,546.697,21.869,start at 3.1mins,AD,Attracted
SKNO92_2205,Serranidae,Caesioperca,rasor,1,160.938,99378025,L_GOPR1813 (1).MP4,23184,15.456,6.3,4.012,1836.818,19.976,start at 3.1mins,AD,Attracted
SKNO92_2205,Serranidae,Caesioperca,rasor,1,109.555,99378025,L_GOPR1813 (1).MP4,23184,15.456,1.799,0.913,956.318,9.518,start at 3.1mins,AD,Attracted
SKNO92_2205,Serranidae,Caesioperca,rasor,1,112.076,99378025,L_GOPR1813 (1).MP4,23184,15.456,1.485,0.441,1234.248,16.894,start at 3.1mins,AD,Attracted
SKNO92_2205,Serranidae,Caesioperca,rasor,1,84.426,99378025,L_GOPR1813 (1).MP4,23184,15.456,1.387,1.123,1081.723,16.911,start at 3.1mins,AD,Attracted
SKNO92_2205,Triakidae,Mustelus,antarcticus,1,1538.936,37017001,L_GOPR1813 (2).MP4,4944,20.976,7.202,7.579,2102.772,3.759,start at 3.1mins,AD,Attracted
SKNO92_2205,Berycidae,Centroberyx,gerrardi,1,302.743,37258004,L_GOPR1813 (2).MP4,7919,22.9593,2.635,0.823,1560.301,16.593,start at 3.1mins,AD,Attracted
SKNO92_2205,Berycidae,Centroberyx,gerrardi,1,244.016,37258004,L_GOPR1813 (2).MP4,7919,22.9593,1.092,1.932,718.134,18.713,start at 3.1mins,AD,Attracted
SKNO92_2205,Monacanthidae,Meuschenia,hippocrepis,1,261.244,37465004,L_GOPR1813 (2).MP4,20725,31.4967,2.313,3.197,1632.221,24.203,start at 3.1mins,AD,Attracted
SKNO92_2205,Monacanthidae,Meuschenia,hippocrepis,1,293.646,37465004,L_GOPR1813 (2).MP4,20725,31.4967,7.527,0.795,2075.169,10.228,start at 3.1mins,AD,Attracted
SKNO92_2205,Monacanthidae,Meuschenia,hippocrepis,1,377.337,37465004,L_GOPR1813 (2).MP4,20725,31.4967,3.347,0.58,1363.766,7.137,start at 3.1mins,AD,Attracted
SKNO92_2205,Labridae,Notolabrus,tetricus,1,491.985,37384003,L_GOPR1813 (2).MP4,25344,34.576,3.06,4.586,1589.939,33.306,start at 3.1mins,AD,Attracted
SKNO92_2205,Cheilodactylidae,Nemadactylus,valenciennesi,1,483.873,37377004,L_GOPR1813 (4).MP4,12879,61.626,1.967,9.615,1289.3,24.985,start at 3.1mins,AD,Attracted
SKNO93_2205,Cheilodactylidae,Dactylophora,nigricans,1,312.127,37377005,L_GH011802 (1).MP4,4824,3.216,4.221,3.791,2292.377,17.682,start at 2.3mins,AD,Passing
SKNO93_2205,Cheilodactylidae,Dactylophora,nigricans,1,330.025,37377005,L_GH011802 (1).MP4,4824,3.216,4.138,5.272,2685.391,11.978,start at 2.3mins,AD,Passing
SKNO93_2205,Monacanthidae,Meuschenia,galii,1,325.225,37465040,L_GH011802 (1).MP4,5604,3.736,8.366,8.102,1920.219,30.054,start at 2.3mins,AD,Passing
SKNO93_2205,Labridae,Notolabrus,tetricus,1,274.534,37384003,L_GH011802 (1).MP4,8506,5.6707,2.928,3.15,1825.056,17.36,start at 2.3mins,AD,Passing
SKNO93_2205,Labridae,Achoerodus,gouldii,1,478.266,37384002,L_GH011802 (1).MP4,10857,7.238,5.836,1.019,2447.765,21.659,start at 2.3mins,AD,Passing
SKNO93_2205,Labridae,Pseudolabrus,rubicundus,1,194.86,37384023,L_GH011802 (1).MP4,12493,8.3287,2.374,3.221,2380.396,7.128,start at 2.3mins,AD,Passing
SKNO93_2205,Labridae,Austrolabrus,maculatus,1,119.958,37384025,L_GH011802 (1).MP4,12514,8.3427,2.187,2.974,1364.697,26.873,start at 2.3mins,AD,Passing
SKNO93_2205,Berycidae,Centroberyx,gerrardi,1,272.696,37258004,L_GH011802 (1).MP4,14639,9.7593,1.807,1.345,1310.236,17.483,start at 2.3mins,AD,Passing
SKNO93_2205,Carangidae,Seriola,lalandi,1,929.686,37337006,L_GH011802 (1).MP4,17610,11.74,9.326,15.046,2650.875,26.798,start at 2.3mins,AD,Attracted
SKNO93_2205,Palinuridae,Jasus,edwardsii,1,135.333,28820001,L_GH011802 (2).MP4,241,17.7973,2.432,1.648,1268.512,25.887,start at 2.3mins,AD,Attracted
SKNO93_2205,Scorpididae,Tilodon,sexfasciatus,1,367.296,37361003,L_GH011802 (2).MP4,503,17.972,3.137,2.513,1828.003,17.258,start at 2.3mins,AD,Passing
SKNO93_2205,Monacanthidae,Meuschenia,flavolineata,1,248.833,37465035,L_GH011802 (3).MP4,21033,49.2953,6.65,8.77,3195.61,20.685,start at 2.3mins,AD,Passing
SKNO93_2205,Monacanthidae,Meuschenia,hippocrepis,1,306.256,37465004,L_GH011802 (3).MP4,26321,52.8207,3.866,1.049,1645.119,23.478,start at 2.3mins,AD,Attracted
SKNO93_2205,Monacanthidae,Meuschenia,hippocrepis,1,365.707,37465004,L_GH011802 (3).MP4,26321,52.8207,3.771,5.956,1434.838,14.077,start at 2.3mins,AD,Attracted
SKNO93_2205,Monacanthidae,Meuschenia,hippocrepis,1,329.19,37465004,L_GH011802 (3).MP4,26321,52.8207,2.588,5.155,1101.217,10.883,start at 2.3mins,AD,Attracted
SKNO93_2205,Monacanthidae,Meuschenia,hippocrepis,1,412.487,37465004,L_GH011802 (3).MP4,26321,52.8207,1.999,1.234,1160.854,2.447,start at 2.3mins,AD,Attracted
SKNO93_2205,Serranidae,Caesioperca,rasor,1,169.616,99378025,L_GH011802 (4).MP4,14950,62.8767,2.233,1.488,1499.277,20.861,start at 2.3mins,AD,Passing
SKNO93_2205,Serranidae,Caesioperca,rasor,1,205.528,99378025,L_GH011802 (4).MP4,14950,62.8767,1.911,0.932,1050.118,12.712,start at 2.3mins,AD,Passing
SKNO93_2205,Serranidae,Caesioperca,rasor,1,190.441,99378025,L_GH011802 (4).MP4,14950,62.8767,2.097,1.524,1746.124,9.456,start at 2.3mins,AD,Passing
SKNO93_2205,Serranidae,Caesioperca,rasor,1,110.183,99378025,L_GH011802 (4).MP4,14950,62.8767,2.396,0.705,1580.274,2.513,start at 2.3mins,AD,Passing
SKNO93_2205,Serranidae,Caesioperca,rasor,1,112.452,99378025,L_GH011802 (4).MP4,14950,62.8767,1.486,1.257,1472.107,6.489,start at 2.3mins,AD,Passing
SKNO93_2205,Serranidae,Caesioperca,rasor,1,224.373,99378025,L_GH011802 (4).MP4,14950,62.8767,1.938,2.856,1168.163,19.312,start at 2.3mins,AD,Passing
SKEO44_2205,Labridae,Austrolabrus,maculatus,1,112.019,37384025,GH010079_L (1).MP4,11520,7.68,4.955,1.179,1754.942,30.166,NA,AD,Passing
SKEO44_2205,Labridae,Pictilabrus,laticlavius,1,141.28,37384020,GH010079_L (1).MP4,12432,8.288,7.147,7.42,2607.446,34.955,NA,AD,Passing
SKEO44_2205,Labridae,Pictilabrus,laticlavius,1,182.799,37384020,GH010079_L (1).MP4,12432,8.288,5.151,2.639,2271.856,32.167,NA,AD,Passing
SKEO44_2205,Gerreidae,Parequula,melbournensis,1,172.813,37349001,GH010079_L (1).MP4,14888,9.9253,1.742,0.349,1080.277,27.563,NA,AD,Passing
SKEO44_2205,Mullidae,Upeneichthys,vlamingii,1,208.97,37355029,GH010079_L (1).MP4,20623,13.7487,11.122,9.776,2503.004,36.257,NA,AD,Passing
SKEO44_2205,Serranidae,Hypoplectrodes,nigroruber,1,185.094,37311037,GH010079_L (2).MP4,1323,18.5187,2.409,0.094,1502.762,30.001,NA,AD,Passing
SKEO44_2205,Labridae,Notolabrus,parilus,1,422.478,99379455,GH010079_L (2).MP4,12166,25.7473,4.239,2.196,1701.206,16.418,NA,AD,Passing
SKEO44_2205,Monacanthidae,Meuschenia,galii,1,293.34,37465040,GH010079_L (2).MP4,13870,26.8833,20.154,2.819,3216.635,16.56,NA,AD,Passing
SKEO44_2205,Monacanthidae,Meuschenia,galii,1,238.315,37465040,GH010079_L (2).MP4,13906,26.9073,4.744,17.935,2311.002,33.39,NA,AD,Passing
SKEO44_2205,Monacanthidae,Meuschenia,galii,1,279.472,37465040,GH010079_L (2).MP4,13906,26.9073,7.56,2.466,2544.481,23.576,NA,AD,Passing
SKEO44_2205,Labridae,Notolabrus,tetricus,1,345.745,37384003,GH010079_L (2).MP4,16651,28.7373,1.25,2.228,1149.302,14.841,NA,AD,Feeding
SKEO44_2205,Labridae,Notolabrus,tetricus,1,232.249,37384003,GH010079_L (2).MP4,16651,28.7373,1.817,0.929,1294.573,24,NA,AD,Feeding
SKEO44_2205,Labridae,Notolabrus,tetricus,1,266.107,37384003,GH010079_L (2).MP4,16651,28.7373,1.577,1.14,1309.416,20.2,NA,AD,Feeding
SKEO44_2205,Labridae,Notolabrus,tetricus,1,259.96,37384003,GH010079_L (2).MP4,16651,28.7373,2.015,0.33,1197.329,18.45,NA,AD,Feeding
SKEO44_2205,Serranidae,Caesioperca,rasor,1,242.751,99378025,GH010079_L (3).MP4,567,35.6513,5.54,2.717,1780.203,35.575,NA,AD,Passing
SKEO44_2205,Heterodontidae,Heterodontus,portusjacksoni,1,676.744,37007001,GH010079_L (3).MP4,3496,37.604,5.135,3.285,2463.532,24.754,NA,AD,Passing
SKEO44_2205,Carangidae,Pseudocaranx,sp,1,81.301,37337924,GH010079_L (3).MP4,5301,38.8073,1.684,1.207,1066.957,20.986,NA,AD,Passing
SKEO44_2205,Carangidae,Pseudocaranx,sp,1,113.821,37337924,GH010079_L (3).MP4,5301,38.8073,2.278,0.655,1013.284,20.837,NA,AD,Passing
SKEO44_2205,Carangidae,Pseudocaranx,sp,1,74.949,37337924,GH010079_L (3).MP4,5308,38.812,1.202,0.857,1078.971,21.066,NA,AD,Passing
SKEO44_2205,Monacanthidae,Meuschenia,hippocrepis,1,310.462,37465004,GH010079_L (3).MP4,6994,39.936,1.64,2.077,1093.43,24.954,NA,AD,Passing
SKEO44_2205,Monacanthidae,Meuschenia,hippocrepis,1,368.021,37465004,GH010079_L (3).MP4,6994,39.936,1.416,1.378,1173.624,15.056,NA,AD,Passing
SKEO44_2205,Monacanthidae,Meuschenia,hippocrepis,1,324.143,37465004,GH010079_L (3).MP4,6994,39.936,3.651,1.736,1593.698,22.55,NA,AD,Passing
SKEO44_2205,Monacanthidae,Meuschenia,hippocrepis,1,388.48,37465004,GH010079_L (3).MP4,6994,39.936,1.285,1.23,993.177,15.567,NA,AD,Passing
SKEO44_2205,Monacanthidae,Meuschenia,hippocrepis,1,394.973,37465004,GH010079_L (3).MP4,6994,39.936,5.472,3.923,1552.774,22.34,NA,AD,Passing
SKEO44_2205,Monacanthidae,Meuschenia,hippocrepis,1,369.139,37465004,GH010079_L (3).MP4,6994,39.936,5.32,2.242,1705.115,21.582,NA,AD,Passing
SKEO44_2205,Monacanthidae,Meuschenia,hippocrepis,1,369.504,37465004,GH010079_L (3).MP4,6994,39.936,1.638,1.601,1115.022,12.726,NA,AD,Passing
SKEO44_2205,Monacanthidae,Meuschenia,flavolineata,1,227.782,37465035,GH010079_L (3).MP4,13736,44.4307,19.154,2.662,2910.215,25.167,NA,AD,Passing
SKEO44_2205,Monacanthidae,Meuschenia,flavolineata,1,229.709,37465035,GH010079_L (3).MP4,13794,44.4693,16.294,3.091,2934.97,29.17,NA,AD,Passing
SKEO44_2205,Triakidae,Mustelus,antarcticus,1,1145.93,37017001,GH010079_L (3).MP4,15808,45.812,15.184,3.169,3244.653,24.738,NA,AD,Passing
SKEO44_2205,Triakidae,Mustelus,antarcticus,1,1086.613,37017001,GH010079_L (3).MP4,15895,45.87,3.975,0.882,2092.589,22.496,NA,AD,Passing
SKEO44_2205,Labridae,Achoerodus,gouldii,1,819.466,37384002,GH010079_L (4).MP4,9723,59.392,4.457,0.503,2529.789,11.278,NA,AD,Passing
SKEO44_2205,Monacanthidae,Meuschenia,freycineti,1,340.207,37465036,GH010079_L (4).MP4,13874,62.1593,14.037,1.74,2657.291,15.848,NA,AD,Passing
SKEO46_2205,Labridae,Achoerodus,gouldii,1,698.258,37384002,GH011801_L (2).MP4,195,17.7667,6.515,1.595,1848.561,4.622,NA,AD,Passing
SKEO46_2205,Labridae,Achoerodus,gouldii,1,817.71,37384002,GH011801_L (2).MP4,1306,18.5073,15.983,0.769,4155.67,15.647,NA,AD,Passing
SKEO46_2205,Cheilodactylidae,Nemadactylus,valenciennesi,1,670.995,37377004,GH011801_L (2).MP4,2359,19.2093,18.642,15.208,3546.63,30.816,NA,AD,Passing
SKEO46_2205,Cheilodactylidae,Nemadactylus,valenciennesi,1,482.529,37377004,GH011801_L (2).MP4,2542,19.3313,33.605,4.886,4446.272,25.487,NA,AD,Passing
SKEO46_2205,Labridae,Olisthops,cyanomelas,1,338.855,37385001,GH011801_L (2).MP4,3901,20.2373,17.4,8.036,4088.763,24.899,NA,AD,Passing
SKEO46_2205,Kyphosidae,Girella,zebra,1,397.684,37361008,GH011801_L (2).MP4,4170,20.4167,10.42,2.759,3056.972,24.691,NA,AD,Passing
SKEO46_2205,Labridae,Pictilabrus,laticlavius,1,187.247,37384020,GH011801_L (2).MP4,4367,20.548,1.397,2.225,1115.132,23.74,NA,AD,Passing
SKEO46_2205,Serranidae,Caesioperca,rasor,1,224.265,99378025,GH011801_L (2).MP4,4748,20.802,16.503,1.457,2802.012,11.631,NA,AD,Passing
SKEO46_2205,Labridae,Notolabrus,tetricus,1,303.675,37384003,GH011801_L (2).MP4,5620,21.3833,3.416,3.515,1274.051,14.441,NA,AD,Passing
SKEO46_2205,Labridae,Notolabrus,tetricus,1,285.484,37384003,GH011801_L (2).MP4,5682,21.4247,16.378,0.89,2715.35,13.154,NA,AD,Passing
SKEO46_2205,Labridae,Notolabrus,tetricus,1,248.402,37384003,GH011801_L (2).MP4,5682,21.4247,5.06,0.561,2373.811,3.446,NA,AD,Passing
SKEO46_2205,Labridae,Notolabrus,tetricus,1,374.514,37384003,GH011801_L (2).MP4,5752,21.4713,3.464,2.635,1448.057,21.349,NA,AD,Passing
SKEO46_2205,Monacanthidae,Meuschenia,freycineti,1,323.162,37465036,GH011801_L (2).MP4,5777,21.488,4.148,0.978,1752.111,8.92,NA,AD,Passing
SKEO46_2205,Monacanthidae,Meuschenia,galii,1,219.558,37465040,GH011801_L (2).MP4,7815,22.8467,6.493,7.591,2120.523,31.33,NA,AD,Passing
SKEO46_2205,Carangidae,Pseudocaranx,sp,1,88.858,37337924,GH011801_L (2).MP4,17917,29.5813,8.528,1.449,1887.802,25.184,NA,AD,Passing
SKEO46_2205,Carangidae,Pseudocaranx,sp,1,90.124,37337924,GH011801_L (2).MP4,17917,29.5813,8.589,2.673,1900.329,25.783,NA,AD,Passing
SKEO46_2205,Carangidae,Pseudocaranx,sp,1,88.688,37337924,GH011801_L (2).MP4,17917,29.5813,7.543,4.619,1784.333,25.959,NA,AD,Passing
SKEO46_2205,Carangidae,Pseudocaranx,sp,1,99.503,37337924,GH011801_L (2).MP4,17917,29.5813,7.511,3.782,1785.56,27.246,NA,AD,Passing
SKEO46_2205,Carangidae,Pseudocaranx,sp,1,88.082,37337924,GH011801_L (2).MP4,17917,29.5813,7.227,4.524,1750.955,27.034,NA,AD,Passing
SKEO46_2205,Monacanthidae,Meuschenia,hippocrepis,1,344.112,37465004,GH011801_L (3).MP4,7220,40.0867,1.44,1.751,756.477,17.331,NA,AD,Passing
SKEO46_2205,Monacanthidae,Meuschenia,hippocrepis,1,403.091,37465004,GH011801_L (3).MP4,7220,40.0867,5.267,15.144,2527.406,24.345,NA,AD,Passing
SKEO46_2205,Monacanthidae,Meuschenia,hippocrepis,1,369.682,37465004,GH011801_L (3).MP4,7220,40.0867,5.425,4.364,2939.296,19.948,NA,AD,Passing
SKEO46_2205,Monacanthidae,Meuschenia,hippocrepis,1,403.15,37465004,GH011801_L (3).MP4,7271,40.1207,3.613,2.189,1379.972,14.332,NA,AD,Passing
SKEO46_2205,Monacanthidae,Meuschenia,hippocrepis,1,348.613,37465004,GH011801_L (3).MP4,7271,40.1207,3.898,3.171,1593.769,20.829,NA,AD,Passing
SKEO46_2205,Dinolestidae,Dinolestes,lewini,1,214.817,37327002,GH011801_L (3).MP4,11049,42.6393,12.791,9.375,3472.739,22.87,NA,AD,Passing
SKEO46_2205,Monacanthidae,Meuschenia,venusta,1,217.153,37465060,GH011801_L (3).MP4,15215,45.4167,5.583,1.893,1888.738,20.951,NA,AD,Passing
SKEO46_2205,Monacanthidae,Meuschenia,flavolineata,1,202.142,37465035,GH011801_L (4).MP4,273,53.092,5.762,0.658,2057.081,13.94,NA,AD,Passing
SKEO46_2205,Triakidae,Mustelus,antarcticus,1,1535.909,37017001,GH011801_L (4).MP4,8942,58.8713,11.007,1.939,2156.205,11.695,NA,AD,Passing
SKEO46_2205,Cheilodactylidae,Cheilodactylus,nigripes,1,337.571,37377001,GH011801_L (4).MP4,11839,60.8027,10.103,4.171,2270.398,14.289,NA,AD,Passing
SKEO46_2205,Cheilodactylidae,Cheilodactylus,nigripes,1,312.71,37377001,GH011801_L (4).MP4,11839,60.8027,8.953,6.248,2079.795,22.937,NA,AD,Passing
SKEO46_2205,Labridae,Pictilabrus,laticlavius,1,197.89,37384020,GH011801_L (4).MP4,12038,60.9353,11.862,4.669,2752.261,13.027,NA,AD,Passing
SKEO48_2205,Labridae,Achoerodus,gouldii,1,887.584,37384002,L_GH010059 (1).MP4,7077,4.718,6.272,9.684,2078.033,7.457,very obstructed at times,AD,Passing
SKEO48_2205,Scorpididae,Scorpis,aequipinnis,1,357.536,37361004,L_GH010059 (1).MP4,7281,4.854,5.73,12.002,2322.283,20.436,very obstructed at times,AD,Passing
SKEO48_2205,Monacanthidae,Meuschenia,galii,1,309.612,37465040,L_GH010059 (1).MP4,9402,6.268,6.363,12.578,1841.643,22.511,very obstructed at times,AD,Passing
SKEO48_2205,Labridae,Olisthops,cyanomelas,1,315.21,37385001,L_GH010059 (1).MP4,9784,6.5227,11.297,4.797,2557.045,17.322,very obstructed at times,AD,Passing
SKEO48_2205,Labridae,Pictilabrus,laticlavius,1,179.158,37384020,L_GH010059 (1).MP4,10085,6.7233,8.009,5.123,2070.572,18.924,very obstructed at times,AD,Passing
SKEO48_2205,Myliobatidae,Myliobatis,tenuicaudatus,1,668.905,37039001,L_GH010059 (1).MP4,19557,13.038,9.744,7.734,2553.3,14.038,very obstructed at times,AD,Passing
SKEO48_2205,Kyphosidae,Girella,zebra,1,271.681,37361008,L_GH010059 (1).MP4,20172,13.448,8.742,5.173,2529.596,20.527,very obstructed at times,AD,Passing
SKEO48_2205,Kyphosidae,Girella,zebra,1,279.451,37361008,L_GH010059 (1).MP4,20172,13.448,11.099,5.154,2335.961,8.753,very obstructed at times,AD,Passing
SKEO48_2205,Kyphosidae,Girella,zebra,1,301.907,37361008,L_GH010059 (1).MP4,20178,13.452,15.554,7.026,2838.433,6.266,very obstructed at times,AD,Passing
SKEO48_2205,Labridae,Pictilabrus,laticlavius,1,164.124,37384020,L_GH010059 (1).MP4,20791,13.8607,2.247,7.274,1784.037,31.939,very obstructed at times,M,Passing
SKEO48_2205,Serranidae,Caesioperca,rasor,1,178.039,99378025,L_GH010059 (2).MP4,202,17.7713,1.722,14.637,1065.11,22.213,very obstructed at times,AD,Passing
SKEO48_2205,Gerreidae,Parequula,melbournensis,1,189.357,37349001,L_GH010059 (2).MP4,1800,18.8367,15.737,14.264,2662.972,24.104,very obstructed at times,AD,Passing
SKEO48_2205,Monacanthidae,Meuschenia,hippocrepis,1,293.532,37465004,L_GH010059 (2).MP4,8395,23.2333,2.78,10.112,1213.115,16.453,very obstructed at times,AD,Feeding
SKEO48_2205,Monacanthidae,Meuschenia,hippocrepis,1,303.637,37465004,L_GH010059 (2).MP4,8395,23.2333,1.788,4.588,1276.205,17.623,very obstructed at times,AD,Feeding
SKEO48_2205,Monacanthidae,Meuschenia,hippocrepis,1,285.478,37465004,L_GH010059 (2).MP4,8395,23.2333,1.08,1.174,863.545,16.844,very obstructed at times,AD,Feeding
SKEO48_2205,Monacanthidae,Meuschenia,hippocrepis,1,332.012,37465004,L_GH010059 (2).MP4,8412,23.2447,1.881,6.421,1182.483,11.058,very obstructed at times,AD,Feeding
SKEO48_2205,Monacanthidae,Meuschenia,hippocrepis,1,305.528,37465004,L_GH010059 (2).MP4,8412,23.2447,2.034,9.534,1049.918,22.393,very obstructed at times,AD,Feeding
SKEO48_2205,Monacanthidae,Meuschenia,hippocrepis,1,364.821,37465004,L_GH010059 (2).MP4,8424,23.2527,1.774,7.322,1309.936,18.683,very obstructed at times,AD,Feeding
SKEO48_2205,Monacanthidae,Meuschenia,hippocrepis,1,405.738,37465004,L_GH010059 (2).MP4,8424,23.2527,2.16,3.153,1204.403,15.595,very obstructed at times,AD,Feeding
SKEO48_2205,Monacanthidae,Meuschenia,flavolineata,1,329.182,37465035,L_GH010059 (2).MP4,11380,25.2233,13.964,13.244,2524.379,20.184,very obstructed at times,AD,Passing
SKEO48_2205,Labridae,Notolabrus,tetricus,1,314.109,37384003,L_GH010059 (2).MP4,17215,29.1133,3.699,2.967,1413.782,10.338,very obstructed at times,AD,Passing
SKEO48_2205,Labridae,Notolabrus,tetricus,1,227.722,37384003,L_GH010059 (2).MP4,17280,29.1567,3.914,4.061,1945.588,22.861,very obstructed at times,AD,Passing
SKEO48_2205,Labridae,Notolabrus,tetricus,1,245.72,37384003,L_GH010059 (2).MP4,17280,29.1567,1.541,2.52,786.994,16.785,very obstructed at times,AD,Passing
SKEO48_2205,Labridae,Notolabrus,tetricus,1,319.928,37384003,L_GH010059 (2).MP4,17287,29.1613,5.291,10.822,2257.232,28.951,very obstructed at times,AD,Passing
SKEO48_2205,Triakidae,Mustelus,antarcticus,1,1210.206,37017001,L_GH010059 (3).MP4,120,35.3533,4.332,6.972,2175.946,10.286,very obstructed at times,AD,Passing
SKEO48_2205,Labridae,Austrolabrus,maculatus,1,158.178,37384025,L_GH010059 (3).MP4,8969,41.2527,3.805,3.843,1400.404,33.118,very obstructed at times,AD,Passing
SKEO48_2205,Cheilodactylidae,Cheilodactylus,nigripes,1,299.093,37377001,L_GH010059 (4).MP4,2254,54.4127,11.833,11.274,2974.822,25.972,very obstructed at times,AD,Passing
SKEO48_2205,Cheilodactylidae,Cheilodactylus,nigripes,1,316.125,37377001,L_GH010059 (4).MP4,2254,54.4127,16.42,7.09,2825.068,18.673,very obstructed at times,AD,Passing
SKEO48_2205,Labridae,Siphonognathus,beddomei,1,61.317,37385006,L_GH010059 (4).MP4,14677,62.6947,1.123,1.962,909.699,23.339,very obstructed at times,AD,Passing
SKEO50_2205,Scorpididae,Scorpis,aequipinnis,1,331.822,37361004,L_GH012253 (1).MP4,4918,3.2787,5.183,4.083,1912.706,20.918,NA,AD,Passing
SKEO50_2205,Enoplosidae,Enoplosus,armatus,1,224.057,37366001,L_GH012253 (1).MP4,8564,5.7093,3.488,2.401,1592.497,16.983,NA,AD,Passing
SKEO50_2205,Enoplosidae,Enoplosus,armatus,1,228.502,37366001,L_GH012253 (1).MP4,8564,5.7093,2.58,2.986,1473.799,24.374,NA,AD,Passing
SKEO50_2205,Kyphosidae,Girella,zebra,1,265.744,37361008,L_GH012253 (1).MP4,8916,5.944,2.38,7.102,1638.236,22.958,NA,AD,Passing
SKEO50_2205,Kyphosidae,Girella,zebra,1,335.905,37361008,L_GH012253 (1).MP4,8998,5.9987,5.914,4.365,2060.124,15.91,NA,AD,Passing
SKEO50_2205,Kyphosidae,Girella,zebra,1,290.037,37361008,L_GH012253 (1).MP4,8998,5.9987,9.334,1.725,2092.222,21.493,NA,AD,Passing
SKEO50_2205,Kyphosidae,Girella,zebra,1,340.789,37361008,L_GH012253 (1).MP4,9145,6.0967,4.962,2.228,2149.167,20.207,NA,AD,Passing
SKEO50_2205,Monacanthidae,Meuschenia,flavolineata,1,308.002,37465035,L_GH012253 (1).MP4,9384,6.256,4.903,2.94,2193.156,19.247,NA,AD,Passing
SKEO50_2205,Berycidae,Centroberyx,lineatus,1,290.131,37258005,L_GH012253 (1).MP4,10297,6.8647,17.823,4.632,3730.763,20.542,NA,AD,Passing
SKEO50_2205,Berycidae,Centroberyx,lineatus,1,262.959,37258005,L_GH012253 (1).MP4,10406,6.9373,14.121,6.217,4009.638,26.784,NA,AD,Passing
SKEO50_2205,Serranidae,Caesioperca,rasor,1,152.753,99378025,L_GH012253 (2).MP4,4042,20.3313,6.698,5.117,2668.07,14.906,NA,AD,Passing
SKEO50_2205,Labridae,Notolabrus,tetricus,1,340.603,37384003,L_GH012253 (2).MP4,4088,20.362,2.531,3.803,1564.517,24.507,NA,AD,Passing
SKEO50_2205,Labridae,Notolabrus,tetricus,1,235.615,37384003,L_GH012253 (2).MP4,4088,20.362,9.624,6.312,2946.163,34.269,NA,AD,Passing
SKEO50_2205,Labridae,Notolabrus,tetricus,1,271.468,37384003,L_GH012253 (2).MP4,4117,20.3813,1.546,3.195,1286.512,21.357,NA,AD,Passing
SKEO50_2205,Labridae,Notolabrus,tetricus,1,287.708,37384003,L_GH012253 (2).MP4,4117,20.3813,2.369,3.327,1637.224,4.01,NA,AD,Passing
SKEO50_2205,Labridae,Achoerodus,gouldii,1,665.34,37384002,L_GH012253 (2).MP4,10857,24.8747,10.323,6.567,2927.431,22.586,NA,AD,Passing
SKEO50_2205,Plesiopidae,Paraplesiops,meleagris,1,351.17,37316009,L_GH012253 (2).MP4,15502,27.9713,4.125,5.378,1990.786,24.898,NA,AD,Passing
SKEO50_2205,Pentacerotidae,Pentaceropsis,recurvirostris,1,375.875,37367003,L_GH012253 (2).MP4,19748,30.802,15.215,8.338,4731.977,15.767,NA,AD,Passing
SKEO50_2205,Cheilodactylidae,Cheilodactylus,nigripes,1,328.715,37377001,L_GH012253 (3).MP4,6595,39.67,13.711,6.648,3467.159,35.761,NA,AD,Passing
SKEO50_2205,Dinolestidae,Dinolestes,lewini,1,328.531,37327002,L_GH012253 (3).MP4,6860,39.8467,11.654,3.217,2828.467,9.721,NA,AD,Passing
SKEO50_2205,Dinolestidae,Dinolestes,lewini,1,294.962,37327002,L_GH012253 (3).MP4,6963,39.9153,6.976,7.7,2606.592,23.437,NA,AD,Passing
SKEO50_2205,Monacanthidae,Meuschenia,hippocrepis,1,404.679,37465004,L_GH012253 (3).MP4,14321,44.8207,19.001,4.991,3332.85,22.473,NA,AD,Passing
SKEO50_2205,Monacanthidae,Meuschenia,hippocrepis,1,279.396,37465004,L_GH012253 (3).MP4,14321,44.8207,8.916,7.549,2390.748,26.662,NA,AD,Passing
SKEO50_2205,Monacanthidae,Meuschenia,hippocrepis,1,354.385,37465004,L_GH012253 (3).MP4,14560,44.98,2.165,2.24,1759.31,14.925,NA,AD,Passing
SKEO50_2205,Monacanthidae,Meuschenia,hippocrepis,1,342.856,37465004,L_GH012253 (3).MP4,14560,44.98,10.795,7.342,3166.699,20.408,NA,AD,Passing
SKEO50_2205,Monacanthidae,Meuschenia,hippocrepis,1,351.671,37465004,L_GH012253 (3).MP4,14560,44.98,6.392,5.523,2714.717,15.064,NA,AD,Passing
SKEO50_2205,Monacanthidae,Meuschenia,hippocrepis,1,313.876,37465004,L_GH012253 (3).MP4,14577,44.9913,2.749,2.936,1610.185,7.998,NA,AD,Passing
SKEO50_2205,Monacanthidae,Meuschenia,hippocrepis,1,394.164,37465004,L_GH012253 (3).MP4,14577,44.9913,5.652,0.803,1981.437,11.826,NA,AD,Passing
SKEO50_2205,Monacanthidae,Meuschenia,hippocrepis,1,325.302,37465004,L_GH012253 (3).MP4,14577,44.9913,6.045,8.623,1871.287,34.543,NA,AD,Passing
SKEO50_2205,Labridae,Pictilabrus,laticlavius,1,197.495,37384020,L_GH012253 (3).MP4,16626,46.3573,15.67,4.305,3472.18,21.981,NA,AD,Passing
SKEO50_2205,Labridae,Pictilabrus,laticlavius,1,168.379,37384020,L_GH012253 (3).MP4,16626,46.3573,13.934,2.819,3296.48,19.327,NA,AD,Passing
SKEO50_2205,Labridae,Olisthops,cyanomelas,1,350.839,37385001,L_GH012253 (3).MP4,21076,49.324,14.273,2.322,2980.341,11.905,NA,AD,Passing
SKEO51_2205,Labridae,Pictilabrus,laticlavius,1,226.561,37384020,L_GOPR1811 (1).MP4,8631,5.754,1.021,2.11,759.239,20.653,"facing down, limited feild of view",AD,Passing
SKEO51_2205,Berycidae,Centroberyx,gerrardi,1,273.282,37258004,L_GOPR1811 (1).MP4,17505,11.67,0.575,3.771,581.168,24.005,"facing down, limited feild of view",AD,Passing
SKEO51_2205,Monacanthidae,Meuschenia,hippocrepis,1,310.362,37465004,L_GOPR1811 (1).MP4,24682,16.4547,0.656,7.406,544.954,15.747,"facing down, limited feild of view",AD,Passing
SKEO51_2205,Monacanthidae,Meuschenia,hippocrepis,1,392.297,37465004,L_GOPR1811 (1).MP4,24838,16.5587,1.444,1.708,742.115,22.3,"facing down, limited feild of view",AD,Passing
SKEO51_2205,Labridae,Notolabrus,tetricus,1,216.67,37384003,L_GOPR1811 (2).MP4,2718,19.492,0.543,5.965,512.151,8.683,"facing down, limited feild of view",AD,Passing
SKEO51_2205,Labridae,Notolabrus,tetricus,1,256.793,37384003,L_GOPR1811 (2).MP4,2895,19.61,0.615,0.841,526.754,3.383,"facing down, limited feild of view",AD,Passing
SKEO51_2205,Myliobatidae,Myliobatis,tenuicaudatus,1,728.309,37039001,L_GOPR1811 (3).MP4,23061,50.734,0.93,12.914,792.348,10.149,"facing down, limited feild of view",AD,Passing
SKEO52_2205,Labridae,Pictilabrus,laticlavius,1,184.31,37384020,L_GOPR0135 (1).MP4,13400,8.9333,1.394,16.53,918.252,18.749,"Landed on side and liooking up, difficult to see detail, veru hard to measure",AD,Passing
SKEO52_2205,Dinolestidae,Dinolestes,lewini,1,393.176,37327002,L_GOPR0135 (1).MP4,21377,14.2513,4.239,1.901,2026.551,10.701,"Landed on side and liooking up, difficult to see detail, veru hard to measure",AD,Passing
SKEO52_2205,Dinolestidae,Dinolestes,lewini,1,333.053,37327002,L_GOPR0135 (1).MP4,21400,14.2667,6.232,3.244,2238.15,24.62,"Landed on side and liooking up, difficult to see detail, veru hard to measure",AD,Passing
SKEO52_2205,Serranidae,Caesioperca,rasor,1,201.74,99378025,L_GOPR0135 (1).MP4,24567,16.378,3.426,7.148,1998.067,19.886,"Landed on side and liooking up, difficult to see detail, veru hard to measure",AD,Passing
SKEO52_2205,Serranidae,Caesioperca,rasor,1,184.21,99378025,L_GOPR0135 (1).MP4,24567,16.378,3.919,6.926,1650.957,24.975,"Landed on side and liooking up, difficult to see detail, veru hard to measure",AD,Passing
SKEO52_2205,Monacanthidae,Meuschenia,galii,1,306.789,37465040,L_GOPR0135 (2).MP4,4047,20.378,0.988,2.19,741.029,9.548,"Landed on side and liooking up, difficult to see detail, veru hard to measure",AD,Passing
SKEO52_2205,Kyphosidae,Girella,zebra,1,300.542,37361008,L_GOPR0135 (2).MP4,11743,25.5087,4.176,2.303,1751.363,21.569,"Landed on side and liooking up, difficult to see detail, veru hard to measure",AD,Passing
SKEO52_2205,Labridae,Notolabrus,tetricus,1,291.599,37384003,L_GOPR0135 (2).MP4,21596,32.0773,0.868,12.76,775.473,16.478,"Landed on side and liooking up, difficult to see detail, veru hard to measure",AD,Passing
SKEO52_2205,Monacanthidae,Meuschenia,hippocrepis,1,356.091,37465004,L_GOPR0135 (3).MP4,19298,48.2253,1.337,17.56,1332.28,24.326,"Landed on side and liooking up, difficult to see detail, veru hard to measure",AD,Passing
SKEO52_2205,Monacanthidae,Meuschenia,hippocrepis,1,308.9,37465004,L_GOPR0135 (3).MP4,19298,48.2253,3.089,11.35,2332.053,14.504,"Landed on side and liooking up, difficult to see detail, veru hard to measure",AD,Passing
SKEO52_2205,Monacanthidae,Meuschenia,hippocrepis,1,386.812,37465004,L_GOPR0135 (3).MP4,19298,48.2253,14.905,14.156,2650.194,11.058,"Landed on side and liooking up, difficult to see detail, veru hard to measure",AD,Passing
SKEO52_2205,Monacanthidae,Meuschenia,hippocrepis,1,317.114,37465004,L_GOPR0135 (3).MP4,19298,48.2253,3.457,4.952,1798.571,20.809,"Landed on side and liooking up, difficult to see detail, veru hard to measure",AD,Passing
SKEO52_2205,Monacanthidae,Meuschenia,hippocrepis,1,302.785,37465004,L_GOPR0135 (3).MP4,19298,48.2253,4.44,6.756,2228.082,33.428,"Landed on side and liooking up, difficult to see detail, veru hard to measure",AD,Passing
SKEO52_2205,Labridae,Achoerodus,gouldii,1,573.708,37384002,L_GOPR0135 (3).MP4,21587,49.7513,5.155,18.284,2089.901,12.637,"Landed on side and liooking up, difficult to see detail, veru hard to measure",AD,Passing
SKEO52_2205,Scorpididae,Scorpis,aequipinnis,1,393.024,37361004,L_GOPR0135 (4).MP4,12930,61.66,2.847,16.9,1402.522,31.805,"Landed on side and liooking up, difficult to see detail, veru hard to measure",AD,Passing
