OpCode	ImagePtPair	Index	Lx	Ly	Rx	Ry
AD12	0	0	571.26023	465.78731	546.16789	450.83955
AD12	0	1	757.61910	420.45149	724.97167	417.59328
AD12	1	0	1696.36936	696.69776	1540.68940	779.89179
AD12	1	1	1853.51522	805.99254	1683.22875	916.40299
AD12	2	0	1508.82581	634.16418	1344.58657	689.18657
AD12	2	1	1684.10388	606.96269	1502.23610	682.63806
AD12	3	0	1567.25603	653.21642	1449.33683	719.07463
AD12	3	1	1712.31375	587.22761	1586.33578	654.59701
AD12	4	0	928.77230	824.10448	751.47954	818.05970
AD12	4	1	1841.42707	628.65672	1907.91186	733.43284
AD12	5	0	803.86149	523.88060	840.12592	525.89552
AD12	5	1	1549.29696	546.04478	1615.78174	604.47761
AD12	6	0	1404.26758	643.27612	1218.88772	695.14925
AD12	6	1	1701.43442	633.20149	1573.47324	703.20896
AD12	7	0	1670.17838	985.29851	1374.01889	1073.95522
AD12	7	1	1909.92655	858.35821	1668.16369	967.16418
AD12	8	0	1003.31584	1067.91045	715.21511	1065.89552
AD12	8	1	1196.72613	1005.44776	946.90451	1025.59701
AD12	9	0	1427.92655	798.21642	1439.82371	866.80224
AD12	9	1	926.69675	782.60075	933.49108	795.72761
AD12	10	0	1355.88667	618.58209	1003.31584	660.89552
AD12	10	1	1915.97062	745.52239	1746.73662	856.34328
AD12	11	0	1007.55089	676.51119	1093.01049	694.95522
AD12	11	1	1345.51522	684.57090	1450.11438	746.83955
AD12	12	0	613.43652	358.05970	377.01049	340.22015
AD12	12	1	879.37566	413.47015	666.62225	408.72761
AD12	13	0	902.78594	445.01493	800.38825	449.90299
AD12	13	1	1093.17419	471.71269	992.79119	480.12687
AD12	14	0	1492.88562	681.04478	1283.35782	755.59701
AD12	14	1	1799.11857	602.46269	1611.75236	683.05970
AD12	15	0	1528.66107	373.17164	1216.02833	410.03731
AD12	15	1	1767.40189	354.02985	1463.83526	397.44403
AD12	16	0	1089.94753	769.70149	886.46380	749.55224
AD12	16	1	1265.22560	656.86567	1039.58027	687.08955
AD12	17	0	1543.40294	774.95522	1172.54984	836.19403
AD12	17	1	1717.16999	739.69403	1422.37146	820.07463
AD12	18	0	1721.55299	659.27985	1632.40294	738.42537
AD12	18	1	1884.23924	720.73507	1799.11857	831.61567
AD12	19	0	503.78594	460.15672	452.11647	439.60821
AD12	19	1	728.42392	410.28731	681.79119	403.33955
AD12	20	0	1350.21196	364.89179	1178.41448	401.05597
AD12	20	1	1566.79119	249.53731	1412.11857	278.64925
AD12	21	0	1607.72298	388.88060	1361.93075	439.25373
AD12	21	1	1913.95593	342.53731	1601.67891	388.88060
AD12	22	0	1582.03568	640.44403	1251.12277	677.01493
AD12	22	1	1888.26863	580.50000	1557.35572	654.85075
AD12	23	0	1480.79748	660.89552	991.22770	699.17910
AD12	23	1	1861.57398	501.71642	1287.38720	546.04478
AD12	24	0	1062.42183	485.96642	754.64218	497.77239
AD12	24	1	1247.77335	349.45522	995.90136	362.26866
AD12	25	0	862.68311	527.68657	483.04722	504.85075
AD12	25	1	1155.82057	591.66045	763.59286	599.55224
AD12	26	0	850.20881	697.73507	679.37775	688.66791
AD12	26	1	1089.45331	637.79104	934.23610	657.43657
AD12	27	0	1223.36306	642.73134	830.74187	653.88433
AD12	27	1	1518.51522	497.15299	1149.06296	528.45522
AD12	28	0	1291.60546	356.53358	1136.51731	375.75000
AD12	28	1	1538.40504	280.47015	1435.69885	297.67164
AD12	29	0	1426.40084	155.14925	390.84995	128.95522
AD12	29	1	1889.77964	191.41791	902.58132	217.61194
AD12	30	0	1602.81847	522.03731	1489.05037	580.28358
AD12	30	1	1794.21406	515.99254	1674.90556	591.36567
AD12	31	0	886.29696	907.14552	602.68311	881.98881
AD12	31	1	1156.26548	826.54851	881.21406	843.70522
AD12	32	0	1251.59496	350.90672	1106.54040	373.55970
AD12	32	1	1577.97482	277.86567	1421.83945	307.06716
AD12	33	0	1639.95803	422.25373	1323.65163	461.41791
AD12	33	1	1915.97062	298.20896	1561.38510	326.41791
AD12	34	0	1631.89927	437.23881	950.93389	465.44776
AD12	34	1	1913.95593	292.16418	1307.53410	330.44776
AD12	35	0	822.96537	456.08209	660.95803	448.72015
AD12	35	1	974.57083	441.97761	836.23610	448.21642
AD18	0	0	537.73872	3.52612	201.26758	11.58582
AD18	0	1	949.74292	4.53358	592.31899	10.07463
AD18	1	0	273.99790	68.50746	0.00000	62.46269
AD18	1	1	616.49528	2.01493	336.45331	0.00000
AD18	2	0	273.11647	654.68657	151.60546	592.32463
AD18	2	1	463.00105	728.73507	307.24029	675.44030
AD18	3	0	1085.86988	299.11194	1058.24134	311.17164
AD18	3	1	1219.34313	279.46642	1186.17419	300.08955
AD18	4	0	627.45435	544.76493	710.98741	536.60075
AD18	4	1	708.04197	519.07463	787.54565	515.94776
AD18	5	0	961.92130	677.58582	844.80378	678.13433
AD18	5	1	1079.27702	637.28731	973.74397	652.44403
AD18	6	0	1136.03148	159.99254	1257.38825	177.48881
AD18	6	1	1231.22560	178.63060	1358.62644	198.14179
AD18	7	0	750.33683	486.00746	751.35887	482.54104
AD18	7	1	883.81007	468.88060	867.20357	473.47388
AD18	8	0	834.15320	548.53358	859.36306	549.19403
AD18	8	1	1003.38720	537.95522	1034.13746	550.20149
AD18	9	0	706.32214	559.89552	728.26023	555.86567
AD18	9	1	883.61490	547.80597	910.08604	550.82836
AD18	10	0	887.96957	534.24627	947.50997	543.86194
AD18	10	1	1072.31375	461.20522	1130.84680	483.91791
AD18	11	0	81.09129	852.99254	0.50367	747.65299
AD18	11	1	312.27702	777.43284	222.62329	708.36194
AD18	12	0	1460.93284	569.38806	1352.61280	617.35075
AD18	12	1	1660.38720	498.36194	1608.47849	557.91045
AD18	13	0	291.24449	670.14925	341.94334	618.45896
AD18	13	1	437.81322	683.24627	458.79538	642.13433
AD18	14	0	1047.41763	677.08209	1021.32949	696.66045
AD18	14	1	1165.78069	639.80597	1149.76600	668.45149
AD18	15	0	953.68625	357.69030	1022.82581	368.60821
AD18	15	1	1157.67366	332.50373	1228.82791	356.51866
AD18	16	0	931.34418	779.41791	779.70829	772.15672
AD18	16	1	1167.56663	675.14552	1023.48583	702.64179
AD18	17	0	1198.54669	588.10448	1186.81217	620.41418
AD18	17	1	1470.52991	597.17164	1470.88353	648.62313
AD18	18	0	1136.61280	232.83955	1104.00735	248.24627
AD18	18	1	1498.17419	148.37687	1472.19203	169.66418
AD18	19	0	1285.37251	963.13433	803.86149	975.22388
AD18	19	1	1631.89927	729.40299	1140.31480	779.77612
AD18	20	0	845.88562	969.17910	476.27492	935.42910
AD18	20	1	1149.09654	995.37313	716.02308	986.30597
AD18	21	0	1575.48793	1037.68657	1122.18258	1077.98507
AD18	21	1	1877.69150	969.17910	1422.37146	1073.95522
AD18	22	0	727.30325	1007.46269	563.06821	970.26866
AD18	22	1	797.81742	930.89552	647.18153	898.73881
AD18	23	0	318.32109	957.08955	78.57293	856.34328
AD18	23	1	1406.25393	612.53731	1374.01889	662.91045
AD18	24	0	1136.02833	699.42537	1109.24554	732.91045
AD18	24	1	1354.62225	552.83955	1384.75446	597.40672
AD18	25	0	866.73033	720.72015	306.71249	667.41418
AD18	25	1	1230.97587	421.11940	656.26128	418.06716
AD18	26	0	684.99475	670.97015	350.55614	644.77612
AD18	26	1	1017.41868	602.46269	668.87723	596.41791
AD18	27	0	1208.81427	729.40299	884.44911	751.56716
AD18	27	1	1494.90031	767.68657	1168.52046	832.16418
AD18	28	0	1646.00210	505.74627	1476.76810	556.11940
AD18	28	1	1895.82371	548.05970	1772.92760	632.68657
AD18	29	0	1452.59182	1045.74627	787.74397	1029.62687
AD18	29	1	1913.95593	1013.50746	1166.50577	1069.92537
AD18	30	0	760.79328	707.22388	556.05456	670.97015
AD18	30	1	985.93494	666.42164	793.78804	670.97015
AD18	31	0	1377.54355	594.07090	1139.52466	616.66791
AD18	31	1	1667.65897	506.92537	1410.50052	557.22761
AD18	32	0	1317.57608	609.58582	1290.53935	649.11194
AD18	32	1	1456.58972	586.91791	1456.24764	637.52612
AD18	33	0	1475.27072	544.41418	1268.30430	585.71642
AD18	33	1	1729.62539	610.40299	1497.47534	676.38806
AD18	34	0	1192.78174	697.32090	1092.58342	714.29104
AD18	34	1	1383.16999	587.50746	1295.05981	619.58955
AD18	35	0	1376.66842	550.96269	1171.39664	588.35448
AD18	35	1	1643.61490	577.66045	1450.43127	631.17164
AD33	0	0	747.66422	935.42910	645.56873	906.00000
AD33	0	1	936.03778	970.18657	820.84680	965.94403
AD33	1	0	793.10283	588.42910	55.38195	535.01866
AD33	1	1	1184.96013	668.52239	429.61070	643.82463
AD33	2	0	752.08499	1059.85075	663.61490	1020.91791
AD33	2	1	936.08185	890.73134	862.62120	880.38060
AD33	3	0	490.20147	1023.73881	358.11647	942.05970
AD33	3	1	756.64428	942.13433	615.49318	906.79851
AD33	4	0	680.46905	693.33955	750.12697	679.20522
AD33	4	1	827.03778	734.14179	890.14795	733.10448
AD33	5	0	1354.99685	898.25373	1341.92865	960.41791
AD33	5	1	1524.90241	890.19403	1527.61595	975.52985
AD33	6	0	1409.72718	900.11940	1366.57083	966.82836
AD33	6	1	1596.75761	909.85821	1566.69675	1003.43284
AD33	7	0	1849.98951	965.23134	1739.74397	1077.48134
AD33	7	1	1594.12382	962.20896	1477.33054	1049.77612
AD33	8	0	1481.80797	889.71642	841.70514	912.41791
AD33	8	1	1790.55929	743.13060	1145.41973	800.08582
AD33	9	0	1538.01154	718.12687	1536.02623	789.71642
AD33	9	1	1720.34103	681.18657	1752.26967	771.24627
AD33	10	0	262.20567	806.97761	289.28646	737.29104
AD33	10	1	479.45645	871.11940	475.64533	798.07463
AD33	11	0	970.91815	963.73507	868.53095	962.17910
AD33	11	1	1117.02728	962.63060	1000.99685	981.32090
AD33	12	0	1424.47744	826.01493	1132.86464	872.71642
AD33	12	1	1621.45960	833.82090	1390.05037	906.52985
AD33	13	0	1319.06611	891.32090	1156.69570	931.37313
AD33	13	1	1533.63064	939.67910	1358.16474	1014.32090
AD33	14	0	1239.28122	645.37313	1159.61700	680.13433
AD33	14	1	1438.06401	633.95522	1383.24764	695.58209
AD33	15	0	1001.68101	374.65672	984.37985	387.14179
AD33	15	1	1192.06925	416.29851	1198.60860	441.20896
AD33	16	0	910.11438	211.97761	768.00210	214.65672
AD33	16	1	1119.54040	314.01493	980.88772	327.82836
AD33	17	0	479.57817	534.03731	375.98006	501.78358
AD33	17	1	743.16684	634.11194	612.03463	614.28358
AD33	18	0	592.16369	679.67537	646.85939	650.72761
AD33	18	1	770.96747	636.85821	805.51626	626.54851
AD33	19	0	880.26863	724.49254	911.37880	724.78358
AD33	19	1	973.61595	707.36567	1000.69675	719.07463
AD33	20	0	1124.12172	658.48507	1046.97692	675.93284
AD33	20	1	1239.96642	672.25373	1149.72613	705.14925
AD33	21	0	1514.42078	988.27612	1173.37985	1052.14925
AD33	21	1	1784.00839	831.22388	1455.77230	918.15672
AD33	22	0	939.71773	991.73134	837.49423	991.73134
AD33	22	1	1140.85100	989.71642	1034.59811	1009.86567
AD33	23	0	664.30850	992.35075	580.56453	960.11194
AD33	23	1	1339.81427	896.35448	1185.93914	939.96269
AD33	24	0	1606.39349	959.32090	1354.08814	1056.52985
AD33	24	1	1834.03987	778.31343	1666.83945	885.32836
AD37	0	0	1404.93284	876.84328	1086.69045	919.30970
AD37	0	1	1648.71039	940.81716	1300.24764	1009.98134
AD37	1	0	1209.58342	653.14179	1149.10913	683.01493
AD37	1	1	1340.03463	634.50373	1292.15215	664.88060
AD37	2	0	1515.66737	715.07463	1361.10178	789.56343
AD37	2	1	1657.19937	705.50373	1573.65163	781.00000
AD37	3	0	932.62434	754.52612	594.85939	731.44403
AD37	3	1	1195.03778	741.42910	862.30955	750.08209
AD37	4	0	382.79119	705.22388	116.85205	628.65672
AD37	4	1	791.77335	775.74627	447.26128	735.44776
AD37	5	0	1403.60756	615.77612	1244.75656	667.61194
AD37	5	1	1675.32634	608.53731	1576.65373	680.11940
AD37	6	0	1185.38510	884.49254	809.56243	897.81343
AD37	6	1	1420.84155	807.07463	1065.79538	856.44030
AD37	7	0	689.66737	528.02239	719.17838	520.66045
AD37	7	1	1050.70409	521.63806	1084.82162	532.57090
AD37	8	0	265.93914	733.43284	151.10178	662.91045
AD37	8	1	435.17314	640.74627	306.23295	596.41791
AD37	9	0	574.18678	550.07463	626.56873	527.91045
AD37	9	1	1075.84470	578.28358	1067.78594	582.31343
AD37	10	0	1530.15740	431.08955	1301.53410	458.73134
AD37	10	1	1755.80273	448.21642	1499.98111	510.11194
AD37	11	0	1461.65792	338.40299	1322.68835	380.14925
AD37	11	1	1613.76705	371.64925	1445.58447	419.44030
AD37	12	0	1415.32004	424.03731	1262.24764	465.78358
AD37	12	1	1567.42917	484.48507	1422.41553	544.36567
AD37	13	0	1256.07030	160.18657	1044.27807	172.27612
AD37	13	1	1420.26758	175.29851	1191.35047	183.35821
AD37	14	0	347.46800	570.22388	16.11752	517.83582
AD37	14	1	617.43652	491.64179	328.39454	471.49254
AD37	15	0	471.37146	482.57463	302.20357	455.37313
AD37	15	1	616.42917	435.22388	459.34942	433.20896
AD37	16	0	625.49528	364.70149	381.78384	352.99254
AD37	16	1	772.74607	342.85821	541.95173	340.90299
AD37	17	0	593.97482	300.02985	368.57817	297.89552
AD37	17	1	735.00315	278.87313	514.64323	247.52239
AD37	18	0	320.98426	300.02985	227.54984	295.88060
AD37	18	1	464.02728	237.56716	386.71039	238.45522
AD37	19	0	287.74187	357.45522	133.86674	335.17164
AD37	19	1	443.88038	332.26866	298.06401	319.05224
AD37	20	0	468.05666	117.67910	261.79958	120.58209
AD37	20	1	605.05561	77.38060	429.01889	90.35821
AD37	21	0	263.92445	276.04478	54.28646	267.67164
AD37	21	1	352.57083	183.35821	198.33683	189.08955
AD37	22	0	1575.48793	503.37313	1454.60651	572.39552
AD37	22	1	1741.69990	568.85821	1595.63484	655.00746
AD37	23	0	1591.60546	565.83582	1476.76810	627.80597
AD37	23	1	1721.55299	615.20149	1618.80378	706.38806
AD37	24	0	1264.21826	428.82090	1169.52781	454.52239
AD37	24	1	1408.26863	461.05970	1323.65163	503.88806
AD37	25	0	1569.44386	371.39552	1414.31270	421.27612
AD37	25	1	1771.92025	412.70149	1613.76705	472.65672
AD37	26	0	1204.69570	69.51493	1090.52676	68.50746
AD37	26	1	1349.75341	41.30597	1227.52571	43.32090
AD37	27	0	823.68101	7.05224	713.37251	9.06716
AD37	27	1	985.86359	40.29851	875.55509	44.32836
AD37	28	0	1041.26758	282.08955	981.32634	294.17910
AD37	28	1	1182.29591	285.11194	1133.43547	293.17164
AD37	29	0	632.28541	238.76866	547.16055	226.67910
AD37	29	1	777.34313	215.59701	693.22560	228.69403
AD37	30	0	370.54879	207.53731	152.58762	189.40299
AD37	30	1	531.72403	227.68657	343.98321	214.58955
AD37	31	0	816.62959	286.70896	529.33473	265.97015
AD37	31	1	993.92235	311.89552	718.71563	303.24627
AD37	32	0	954.63589	278.64925	663.31165	285.11194
AD37	32	1	1158.11962	201.07463	871.83211	240.78358
AD37	33	0	1455.61385	286.78358	1320.74711	306.64925
AD37	33	1	1606.71563	302.90299	1487.96642	336.87313
AD37	34	0	1554.33368	333.12687	1409.39349	367.09701
AD37	34	1	1731.62644	319.02239	1566.53935	363.06716
AD37	35	0	1519.07660	412.71642	1415.43757	446.68657
AD37	35	1	1690.32529	429.84328	1595.75236	482.95522
AD37	36	0	1647.00944	147.75373	1650.14900	166.61194
AD37	36	1	1788.03778	151.78358	1803.26548	181.72388
AD37	37	0	1740.69255	118.53731	1565.53200	129.33582
AD37	37	1	1917.98531	110.47761	1757.93494	137.39552
AD37	38	0	1233.99790	143.72388	1152.52046	148.47761
AD37	38	1	1347.82791	170.92537	1245.19622	178.70149
AD37	39	0	1052.83526	288.57463	973.21301	292.54478
AD37	39	1	1208.97377	304.69403	1125.32214	326.79851
AD37	40	0	1083.05561	344.99254	937.23924	350.96269
AD37	40	1	1178.75341	382.26866	1061.14271	387.23134
AD37	41	0	1177.58552	353.24627	1080.28227	383.20149
AD37	41	1	1285.37146	316.97761	1182.02413	330.81343
AD37	42	0	1421.36411	157.16418	1296.86149	167.60448
AD37	42	1	1540.23085	170.26119	1393.56663	195.81343
AD37	43	0	711.90976	185.37313	64.47009	164.21642
AD37	43	1	1061.45855	191.41791	400.92340	185.37313
AD37	44	0	853.94544	311.30597	522.81217	292.16418
AD37	44	1	1085.63484	371.75373	811.92025	370.74627
AD37	45	0	1364.95278	421.14179	989.71039	433.93284
AD37	45	1	1631.89927	426.17910	1206.28961	465.16418
AD37	46	0	1094.83526	121.90299	784.40923	133.99254
AD37	46	1	1304.36306	160.18657	933.49633	175.29851
AD37	47	0	550.32739	428.52239	321.34313	377.54478
AD37	47	1	697.39979	481.91791	420.06296	454.11194
AD37	48	0	635.96957	695.85448	389.41868	655.05224
AD37	48	1	821.82476	616.76866	623.12277	610.22015
AD37	49	0	1288.48478	427.00000	824.06611	427.93284
AD37	49	1	1645.58867	463.77239	1246.64743	489.89179
AD37	50	0	1121.02833	645.20149	754.17209	648.59328
AD37	50	1	1373.36831	576.19030	1054.36097	607.79104
AD37	51	0	950.90346	386.42910	777.28227	392.60821
AD37	51	1	1177.05247	361.74627	1024.58552	369.94030
AD37	52	0	1299.38510	511.88806	1239.88143	540.99254
AD37	52	1	1487.75866	536.57090	1424.72928	584.31343
AD37	53	0	1615.78174	697.56343	1523.60965	771.91791
AD37	53	1	1828.33158	712.17164	1823.29486	813.72761
AD06	0	0	1616.28541	276.16045	1507.42183	311.52239
AD06	0	1	1786.52676	346.68284	1677.15950	395.64552
AD06	1	0	1159.42497	813.40299	990.26338	829.83209
AD06	1	1	1288.86884	668.32836	1167.55614	715.48507
AD06	2	0	922.79643	597.17164	744.88143	589.73507
AD06	2	1	1116.71039	538.23507	974.55614	550.44403
AD06	3	0	1569.44386	882.53731	1302.56978	952.05224
AD06	3	1	1727.59706	909.73881	1443.59811	996.38060
AD06	4	0	1593.25735	756.75000	1424.38615	827.29851
AD06	4	1	1732.63379	729.66418	1585.56139	816.21642
AD06	5	0	819.15845	785.01493	640.79853	759.84328
AD06	5	1	973.28227	808.18657	786.86359	804.17164
AD06	6	0	1128.71039	821.08209	953.01889	838.20896
AD06	6	1	1324.13536	834.17910	1141.39244	875.48507
AD06	7	0	1007.06296	549.22388	918.18783	558.01493
AD06	7	1	1126.93704	538.14179	1055.18678	552.97761
AD06	8	0	1107.17314	542.23134	1157.09969	563.06716
AD06	8	1	1202.87093	534.17164	1253.80483	565.08209
AD06	9	0	958.08499	754.79104	913.90871	761.91791
AD06	9	1	1137.39244	783.00000	1085.15740	813.29851
AD06	10	0	1276.40609	827.32836	1091.20147	863.67164
AD06	10	1	1474.85310	869.64179	1291.66317	935.20149
AD06	11	0	974.72508	582.08955	994.94544	590.02985
AD06	11	1	1117.76810	596.19403	1150.07660	616.22388
AD06	12	0	806.73242	583.24627	840.06296	577.95522
AD06	12	1	959.84890	562.08955	982.09864	570.90299
AD06	13	0	955.02099	485.30970	463.04722	463.38433
AD06	13	1	1152.96432	292.88433	760.71773	297.65672
AD06	14	0	1120.18258	718.11194	898.60546	724.58582
AD06	14	1	1311.07450	692.92537	1047.69255	721.05970
AD06	15	0	1257.16684	803.95522	987.92340	824.10448
AD06	15	1	1422.37146	902.68657	1180.32634	950.03731
AD06	16	0	888.80063	344.38433	1097.95908	359.94030
AD06	16	1	964.35152	360.00000	1173.00630	376.56343
AD06	17	0	771.84260	519.17910	811.76915	520.17164
AD06	17	1	994.46590	462.76119	1025.32634	474.83582
AD06	18	0	651.48164	1014.51493	275.41028	939.96269
AD06	18	1	916.41343	983.28358	628.98846	954.06716
AD67	0	0	1153.24764	964.14179	945.76390	987.31343
AD67	0	1	1365.79748	1024.58955	1130.10808	1073.95522
AD67	1	0	557.46800	115.85821	161.17524	106.79104
AD67	1	1	836.50262	79.58955	481.51102	84.62687
AD67	2	0	985.65163	632.34328	840.25498	626.43284
AD67	2	1	1164.95908	590.02985	1032.65792	607.29104
AD67	3	0	1096.67366	413.45522	1064.27597	438.46269
AD67	3	1	1245.76076	530.32090	1217.39244	562.38060
AD67	4	0	1359.59077	291.55224	1258.69360	318.57463
AD67	4	1	1545.94963	307.67164	1474.26548	339.73134
AD67	5	0	1011.09444	19.14179	944.62120	26.19403
AD67	5	1	1142.04932	151.11940	1088.67156	163.20896
AD67	6	0	753.28332	500.86567	761.73977	469.91791
AD67	6	1	878.19412	586.50000	880.60651	586.78358
AD67	7	0	867.49738	390.70149	680.53305	391.18657
AD67	7	1	1076.01784	439.05970	892.07555	452.64179
AD67	8	0	732.35047	565.15672	569.76915	546.69403
AD67	8	1	980.15740	575.23134	800.45121	571.88060
AD67	9	0	911.65792	443.25373	839.73767	453.00000
AD67	9	1	1066.78909	552.05970	959.61175	566.84328
AD67	10	0	355.51207	773.64179	186.35887	701.24627
AD67	10	1	546.90766	672.89552	382.79119	624.67910
AD67	11	0	760.73242	349.88060	597.11542	328.66418
AD67	11	1	929.96642	439.54478	785.48898	444.52239
AD67	12	0	790.92340	585.89552	614.57817	568.42537
AD67	12	1	970.23085	574.81343	797.91501	579.50746
AD67	13	0	268.96118	616.14925	142.03568	560.97761
AD67	13	1	448.26863	570.81343	296.15950	518.66418
AD67	14	0	355.59286	621.52985	246.79958	558.84328
AD67	14	1	500.65058	602.38806	394.87933	564.88806
AD67	15	0	1694.35467	192.42537	1537.20881	220.63433
AD67	15	1	1883.73557	301.23134	1719.53830	345.55970
AD67	16	0	1156.43232	209.55224	1158.11962	223.38806
AD67	16	1	1240.04197	256.90299	1248.78069	277.79104
AD67	17	0	692.37985	324.34328	637.03358	319.08209
AD67	17	1	776.99685	241.73134	713.59182	244.52985
AD67	18	0	1008.08499	1006.45522	883.58552	1010.48507
AD67	18	1	1130.98111	871.45522	1018.56978	895.63433
AD67	19	0	1357.90136	952.05224	1237.01994	1005.44776
AD67	19	1	1535.19412	938.95522	1433.45226	1017.53731
AD67	20	0	663.55614	257.47761	545.46800	246.82836
AD67	20	1	896.25289	345.12687	744.92235	347.57463
AD67	21	0	279.03463	181.34328	226.65268	173.28358
AD67	21	1	499.64323	266.97761	435.17314	258.91791
AD67	22	0	337.46065	431.26119	333.43127	396.14925
AD67	22	1	533.89297	414.13433	494.60651	395.14179
AD67	23	0	434.16579	507.82836	384.80588	480.77612
AD67	23	1	590.30430	489.69403	528.85624	469.69403
AD67	24	0	890.09234	315.33582	902.93075	318.26866
AD67	24	1	1025.07660	251.86567	1043.95908	262.85821
AD67	25	0	861.51207	114.85075	715.32844	117.87313
AD67	25	1	1088.16474	141.04478	905.71668	151.11940
AD67	26	0	644.74082	283.65672	453.25498	270.97761
AD67	26	1	851.24659	222.20149	656.73872	226.64925
AD67	27	0	988.07030	273.02239	839.06821	280.04478
AD67	27	1	1218.75236	250.85821	1048.59601	266.94776
AD67	28	0	1059.59182	154.14179	955.74711	163.20896
AD67	28	1	1283.22246	144.06716	1123.97377	156.15672
AD67	29	0	1160.32634	339.51493	1020.21721	352.61194
AD67	29	1	1353.73662	314.32836	1245.86254	333.47015
AD67	30	0	916.54879	398.95522	667.64638	398.95522
AD67	30	1	1089.81217	361.67910	886.24029	370.74627
AD67	31	0	269.96852	382.83582	22.16159	335.98507
AD67	31	1	529.86359	415.07463	286.08604	397.44030
AD67	32	0	328.39454	640.20896	167.21931	582.26866
AD67	32	1	560.08395	569.68657	395.88667	542.97761
AD67	33	0	489.56978	632.14925	299.18153	574.20896
AD67	33	1	656.78909	485.05970	468.41553	465.40299
AD67	34	0	600.37775	449.32836	504.54145	435.69403
AD67	34	1	785.72928	459.40299	690.90031	446.77612
AD67	35	0	1388.12172	525.89552	1166.50577	558.13433
AD67	35	1	1593.62015	640.74627	1357.90136	689.10448
AD67	36	0	961.00735	517.83582	755.50892	521.86567
AD67	36	1	1166.50577	537.98507	912.65477	544.02985
AD67	37	0	1335.73977	467.46269	1182.62329	489.62687
AD67	37	1	1517.06191	529.92537	1335.73977	570.22388
AD67	38	0	777.49003	628.11940	575.43861	615.23134
AD67	38	1	933.62854	598.90299	757.76810	597.09701
AD67	39	0	1146.17838	716.77612	922.97272	727.05970
AD67	39	1	1304.33158	586.81343	1065.00839	609.18657
AD67	40	0	1138.95383	28.20896	774.37985	34.25373
AD67	40	1	1489.50997	40.29851	1104.78909	45.33582
AD67	41	0	761.55299	1069.92537	48.35257	971.19403
AD67	41	1	1166.50577	773.73134	513.74607	753.58209
AD67	42	0	1145.35152	988.32090	988.62959	1008.47015
AD67	42	1	1787.03043	822.08955	1648.01679	925.85821
AD67	43	0	619.33368	1030.63433	489.56978	969.17910
AD67	43	1	255.86569	894.62687	197.43966	810.00000
AD67	44	0	1103.52676	574.66418	912.81427	584.39552
AD67	44	1	1335.21616	605.89552	1147.52571	631.74627
AD67	45	0	1296.45331	305.26119	1181.61595	323.98507
AD67	45	1	1451.58447	263.95522	1339.76915	289.73134
AD67	46	0	1020.97482	429.79851	875.49738	439.87313
AD67	46	1	1179.12802	474.12687	1069.91501	497.29851
AD67	47	0	1241.58342	482.18657	1042.71668	508.38060
AD67	47	1	1391.67786	579.91045	1203.89192	610.13433
AD67	48	0	1403.76600	604.08955	1175.68625	633.30597
AD67	48	1	1606.71563	613.86567	1404.35362	673.60448
AD67	49	0	673.64428	543.10448	353.57817	508.97015
AD67	49	1	930.51731	520.94030	618.50997	506.95522
AD67	50	0	779.10073	723.45522	332.30010	679.35075
AD67	50	1	1099.43652	629.76119	536.79119	594.72388
AD67	51	0	816.26967	618.04478	490.24764	598.26866
AD67	51	1	1156.75236	628.11940	807.56139	618.41791
AD67	52	0	1319.62225	523.97761	1070.39454	552.79851
AD67	52	1	1589.59077	500.80597	1309.13536	534.66418
AD67	53	0	832.98111	724.36567	592.50472	703.79851
AD67	53	1	1001.20776	743.50746	744.61385	734.02239
AD67	54	0	1296.05561	839.20149	923.43966	852.31343
AD67	54	1	1518.67891	662.89552	1147.07030	703.20896
AD67	55	0	1015.07975	960.11194	875.96222	980.26119
AD67	55	1	1365.63589	967.16418	1232.56243	1022.57463
AD67	56	0	459.65268	939.96269	439.04932	877.50000
AD67	56	1	772.93704	879.51493	712.03987	854.32836
AD67	57	0	961.67471	1019.55224	791.54984	1008.47015
AD67	57	1	1372.67156	1006.45522	1245.86254	1071.94030
AD67	58	0	887.52781	1014.51493	694.77020	997.38806
AD67	58	1	1254.20147	992.35075	1067.48793	1027.61194
AD74	0	0	1337.91605	860.37313	1190.87198	911.75373
AD74	0	1	1527.29696	868.43284	1366.15005	941.97761
AD74	1	0	1245.43127	975.22388	966.23295	998.39552
AD74	1	1	1566.77440	922.83582	1311.75236	994.36567
AD74	2	0	902.58132	1061.86567	386.82057	1031.64179
AD74	2	1	1235.00525	920.82090	783.71459	934.92537
AD74	3	0	1388.12172	973.20896	1110.09444	1023.58209
AD74	3	1	1609.73767	938.95522	1372.00420	1025.59701
AD74	4	0	850.19937	836.19403	453.30535	789.85075
AD74	4	1	1146.35887	670.97015	815.94963	683.05970
AD81	0	0	1521.19517	497.76866	1613.85939	552.55224
AD81	0	1	1592.71668	390.97761	1707.20672	443.07463
AD81	1	0	1369.95803	916.60821	1322.91396	978.75000
AD81	1	1	1442.99056	863.21269	1416.59706	932.91045
AD81	2	0	990.89927	969.68284	487.47639	945.50373
AD81	2	1	1165.67366	1037.18284	604.32844	1027.10821
AD81	3	0	1383.03882	929.12687	1336.93599	996.38060
AD81	3	1	1440.45750	880.76866	1413.99790	951.54851
AD81	4	0	958.48374	648.01493	879.30430	655.17537
AD81	4	1	1047.13012	682.77239	979.53515	699.00000
AD81	5	0	1475.25603	917.20149	1236.50262	979.75746
AD81	5	1	1566.92445	880.93284	1356.88038	961.11940
AD81	6	0	944.18993	472.12687	590.38825	463.04478
AD81	6	1	1128.53410	462.55597	742.49738	462.03731
AD81	7	0	890.34418	462.67537	943.13851	471.81716
AD81	7	1	1005.68520	384.59701	1059.48688	401.29478
AD81	8	0	840.52046	537.84701	928.41028	543.23881
AD81	8	1	916.07135	481.42910	1010.50892	491.85821
AD81	9	0	1591.60546	710.34701	1299.41448	770.83582
AD81	9	1	1818.76180	756.69030	1497.35782	845.89179
AD81	10	0	852.80063	645.21642	566.59811	623.00746
AD81	10	1	1045.20357	601.39179	752.45331	602.35448
AD81	11	0	1447.78909	589.21642	1272.26023	634.46269
AD81	11	1	1612.99370	535.31716	1444.51626	587.61567
AD81	12	0	809.48793	523.44403	780.37356	518.02239
AD81	12	1	940.94648	553.16418	905.78804	559.32836
AD81	13	0	1570.64218	702.23881	1365.31165	768.32090
AD81	13	1	1752.97167	616.60448	1552.17419	692.76119
AD81	14	0	854.22875	1077.98507	495.61385	1047.76119
AD81	14	1	1085.91815	1069.92537	737.37671	1063.88060
AD81	15	0	1000.88667	644.70149	857.20042	645.75373
AD81	15	1	1157.69675	690.70896	995.87828	709.89552
AD81	16	0	745.63484	376.27239	784.94019	372.67164
AD81	16	1	913.35782	452.83955	948.63379	462.83955
AD81	17	0	1078.61280	333.47015	1105.16055	353.67164
AD81	17	1	1220.64848	222.64925	1249.21091	241.33955
AD81	18	0	725.31480	591.27612	712.69360	582.02985
AD81	18	1	838.13746	577.17164	827.02728	575.98507
AD81	19	0	1307.15635	549.89552	1305.73977	585.44030
AD81	19	1	1473.36831	606.98507	1487.39769	662.00746
AD81	20	0	827.66422	479.13433	850.70094	477.60821
AD81	20	1	940.48688	441.85821	960.50157	446.88060
AD81	21	0	1626.86254	681.47388	1529.52466	753.26493
AD81	21	1	1780.48269	728.82463	1682.64113	824.29104
AD81	22	0	1373.33683	826.02985	1273.28437	876.49254
AD81	22	1	1496.73662	817.46642	1412.29801	864.40299
AD81	23	0	1560.09444	461.62313	1291.77440	501.57836
AD81	23	1	1777.17733	433.91791	1456.97901	482.43657
AD81	24	0	724.13116	637.86940	482.12382	601.73507
AD81	24	1	903.43861	553.74627	593.43547	538.26493
AD81	25	0	374.39979	183.99254	353.43652	177.35448
AD81	25	1	563.27702	182.98507	518.13746	181.88806
AD81	26	0	1190.86988	499.01493	1139.85519	520.51119
AD81	26	1	1323.33578	485.91791	1266.27702	520.00746
AD81	27	0	1018.23400	526.55970	1004.85519	539.97015
AD81	27	1	1129.54565	542.67910	1122.21091	560.62313
AD81	28	0	664.53200	822.54851	498.37775	791.57836
AD81	28	1	847.86884	834.63806	635.88038	816.26119
AD81	29	0	1481.08395	923.84328	1304.29276	990.83955
AD81	29	1	1649.31060	904.70149	1437.76600	990.33582
AD81	30	0	1016.21931	610.65299	989.83316	623.61567
AD81	30	1	1131.05666	600.57836	1105.17419	624.11940
AD81	31	0	1041.26338	498.22761	822.27072	502.86567
AD81	31	1	1191.35782	608.04104	983.44596	623.25746
AD81	32	0	999.60860	610.04478	1007.15320	622.89179
AD81	32	1	1090.77335	560.17537	1108.39140	580.07463
AD81	33	0	147.07240	578.28358	26.19098	511.79104
AD81	33	1	425.09969	572.23881	312.27702	533.95522
AD81	34	0	165.70829	605.28731	16.11752	537.98507
AD81	34	1	298.17419	450.64179	159.16055	411.04478
AD81	35	0	393.09444	650.51866	355.19727	603.14179
AD81	35	1	549.23295	629.36194	491.69255	595.58582
AD81	36	0	831.94753	879.06716	606.39979	854.90299
AD81	36	1	1005.21091	871.51119	784.19622	858.93284
AD81	37	0	270.50997	454.91045	68.49948	406.82090
AD81	37	1	458.37985	499.23881	262.91710	462.73507
AD81	38	0	625.41028	172.82090	581.26338	176.82090
AD81	38	1	740.75131	203.54851	693.07870	205.53358
AD81	39	0	648.73033	40.29851	537.92235	48.35821
AD81	39	1	791.77335	135.00000	662.83316	139.02985
AD81	40	0	735.60546	519.07463	677.15320	502.20149
AD81	40	1	872.60441	516.05224	810.62644	506.23134
AD81	41	0	866.31689	139.02985	769.61175	149.10448
AD81	41	1	1019.43337	159.17910	934.81637	165.22388
AD81	42	0	1506.50262	601.31716	1461.10913	657.97015
AD81	42	1	1634.93914	663.27612	1594.07870	733.52985
AD81	43	0	666.62015	970.18657	388.21931	909.83582
AD81	43	1	852.97901	991.84701	576.59286	952.14925
AD81	44	0	989.10913	978.24627	661.68625	964.14179
AD81	44	1	1187.55614	1030.13060	829.40923	1036.17537
AD81	45	0	1436.47429	854.32836	952.94858	894.62687
AD81	45	1	1881.72088	717.31343	1335.73977	793.88060
AD81	46	0	364.65897	322.38806	84.61700	294.17910
AD81	46	1	765.58237	322.38806	362.64428	308.28358
AD81	47	0	543.96642	201.49254	489.56978	203.50746
AD81	47	1	749.46485	155.14925	684.99475	171.26866
AD81	48	0	707.67261	898.65672	243.77754	856.34328
AD81	48	1	995.77335	987.31343	445.24659	940.97015
AD81	49	0	1742.70724	500.69403	1718.53095	570.92910
AD81	49	1	1896.83106	573.23134	1876.68416	667.64552
AD81	50	0	1202.77020	906.71642	967.05142	922.83582
AD81	50	1	1382.07765	876.49254	1148.37356	930.89552
AD81	51	0	248.45121	197.57836	309.49528	190.06716
AD81	51	1	402.07135	218.23134	432.39140	212.73507
AD81	52	0	572.34418	578.32463	542.00630	552.36940
AD81	52	1	713.37251	614.59328	678.50157	598.20896
AD81	53	0	896.53725	300.22388	747.45016	288.13433
AD81	53	1	1071.81532	124.92537	954.96327	135.00000
AD81	54	0	1432.80063	60.95149	1429.40714	73.04104
AD81	54	1	1642.32844	120.39179	1649.00839	145.07463
AD81	55	0	1210.82896	896.64179	815.11752	904.53731
AD81	55	1	1531.16474	731.41791	1138.97901	780.11567
AD81	56	0	1287.38720	546.04478	1182.62329	588.35821
AD81	56	1	1523.10598	570.22388	1398.19517	634.70149
AD81	57	0	448.45121	438.85075	563.14586	422.80597
AD81	57	1	608.11542	511.89179	701.15215	494.83955
AD81	58	0	802.84995	336.76866	791.01154	340.87313
AD81	58	1	997.26758	403.26119	955.20881	407.36567
AD81	59	0	1172.54984	890.59701	775.65582	900.67164
AD81	59	1	1631.89927	896.64179	1226.94648	942.98507
AD81	60	0	959.53620	917.86567	604.92235	897.14552
AD81	60	1	1243.10388	917.86567	874.38720	932.91045
AD81	61	0	1089.02833	628.16418	716.01364	624.25373
AD81	61	1	1384.68416	557.13806	950.72508	575.89552
AD81	62	0	943.95173	980.47761	621.54355	960.74254
AD81	62	1	1205.86149	899.37687	909.64428	916.91791
AD81	63	0	640.50262	225.08955	649.56873	224.40672
AD81	63	1	839.95698	230.12687	834.92025	233.97761
AD81	64	0	870.35992	848.38433	395.64218	813.62687
AD81	64	1	1139.32109	905.80970	636.90136	898.25373
AD81	65	0	1099.56139	929.21642	760.05037	920.90299
AD81	65	1	1312.61490	841.56716	1019.44176	870.52985
AD81	66	0	703.68311	483.50746	513.53200	469.11567
AD81	66	1	943.93494	586.77239	702.91291	574.39552
AD81	67	0	1433.21931	822.58955	954.73767	851.30597
AD81	67	1	1683.54460	624.11940	1310.99790	679.79851
AD81	68	0	840.12592	656.86567	251.83631	616.56716
AD81	68	1	1168.52046	763.65672	598.36306	759.62687
AD81	69	0	1299.23820	587.19776	1015.07240	608.39925
AD81	69	1	1509.26967	620.94776	1242.22875	670.35821
AD81	70	0	933.38825	173.23881	924.53200	182.45149
AD81	70	1	1090.03043	163.16418	1078.15215	175.90299
AD81	71	0	728.95908	690.72761	514.23085	659.58582
AD81	71	1	959.13746	623.22761	730.30640	617.77612
AD81	72	0	744.27492	308.22015	271.98321	284.10448
AD81	72	1	1027.49213	78.58209	543.96642	80.59701
AD81	73	0	662.48478	510.36194	415.39244	484.44030
AD81	73	1	939.00105	337.07836	627.43861	331.80970
AD81	74	0	1063.69360	918.26866	718.08709	923.38060
AD81	74	1	1244.51207	842.20522	946.25079	863.94030
AD81	75	0	246.45121	562.60821	125.34523	503.32463
AD81	75	1	449.43127	543.97015	328.32529	510.88060
AD81	76	0	30.22036	755.59701	0.00000	656.86567
AD81	76	1	241.76285	709.25373	155.13116	636.71642
AD81	77	0	386.82057	493.65672	380.77650	459.40299
AD81	77	1	177.29276	445.29851	213.55719	411.04478
AD81	78	0	983.19727	544.60448	833.77859	549.04851
AD81	78	1	1168.54879	405.57463	998.98321	402.46269
AD81	79	0	1189.25603	572.63806	1221.55404	602.10448
AD81	79	1	1324.24029	537.88060	1380.71459	577.92537
AD81	80	0	605.06506	942.19403	457.33473	880.52239
AD81	80	1	849.84995	878.22015	670.89192	862.38806
AD81	81	0	450.63484	782.95896	217.58657	713.28358
AD81	81	1	629.43861	639.89925	425.09969	600.44776
AD81	82	0	96.70514	249.85075	0.00000	209.55224
AD81	82	1	370.70304	183.35821	273.99790	167.23881
AD81	83	0	602.88877	1029.12313	304.84470	959.60821
AD81	83	1	868.32424	893.11567	598.48583	865.41045
AD81	84	0	1398.19517	217.61194	1116.13851	231.71642
AD81	84	1	1601.67891	274.02985	1329.69570	306.26866
AD81	85	0	1162.47639	372.76119	1013.38930	384.85075
AD81	85	1	1307.53410	429.17910	1158.44701	451.34328
AD81	86	0	237.73347	411.04478	227.66002	376.79104
AD81	86	1	406.96747	370.74627	352.57083	340.52239
AD81	87	0	1411.13116	972.84701	1280.39244	1037.18284
AD81	87	1	1559.71459	908.36940	1474.30640	991.84701
AD81	88	0	445.24659	211.56716	378.76180	205.52239
AD81	88	1	606.42183	280.07463	529.86359	272.01493
AD81	89	0	1063.75656	118.88060	1087.93284	132.98507
AD81	89	1	1178.59391	128.95522	1198.74082	147.08955
AD81	90	0	880.41973	850.29851	425.09969	816.04478
AD81	90	1	1069.80063	967.16418	604.40714	940.97015
AD81	91	0	640.50262	674.65672	493.59916	642.76119
AD81	91	1	814.77335	527.56716	701.11228	515.82090
AD81	92	0	335.34837	641.54478	270.89612	584.78731
AD81	92	1	552.93494	553.39179	480.42392	521.31716
AD81	93	0	1500.94439	783.80597	1134.27072	832.16418
AD81	93	1	1706.44281	711.26866	1369.98951	779.77612
AD81	94	0	1523.10598	507.76119	1378.04827	552.08955
AD81	94	1	1851.50052	487.61194	1694.35467	552.08955
AD81	95	0	162.28961	306.53358	136.49528	281.22388
AD81	95	1	426.71773	246.58955	389.33893	240.42164
AD81	96	0	1911.94124	683.05970	1791.05981	781.79104
AD81	96	1	1611.75236	703.20896	1464.67996	795.89552
AD81	97	0	1317.28227	921.36194	1149.88143	963.63806
AD81	97	1	1542.92760	961.66045	1352.86149	1038.19030
AD81	98	0	1292.05037	906.96269	1135.67891	955.57836
AD81	98	1	1522.22875	962.87687	1340.16999	1037.68657
AD81	99	0	747.74502	465.25373	723.45855	458.11194
AD81	99	1	940.65163	409.33955	906.29171	413.27985
AD84	0	0	1043.17104	1020.89552	805.40609	1027.28358
AD84	0	1	1209.38300	1009.81343	965.23820	1027.28358
AD84	1	0	1232.82581	997.38806	828.16789	1001.41791
AD84	1	1	1407.60021	1036.17537	994.37985	1075.97015
AD84	2	0	1167.39559	723.88433	1030.95803	759.50746
AD84	2	1	1258.05666	598.95896	1152.84680	628.03358
AD84	3	0	1067.48374	834.10075	986.76285	836.82463
AD84	3	1	1146.56034	678.44776	1074.40189	699.30597
AD84	4	0	662.28227	831.00746	398.05456	784.55597
AD84	4	1	904.54879	827.48134	644.85414	809.23881
AD84	5	0	250.34837	852.60448	177.72718	774.12687
AD84	5	1	478.51207	785.10448	392.79538	734.83582
AD84	6	0	592.99475	932.97761	573.66422	894.08955
AD84	6	1	752.15530	908.79851	718.21826	890.56343
AD84	7	0	1177.50997	206.36567	549.04407	212.30597
AD84	7	1	1688.81427	99.73881	1011.91920	105.01119
AD84	8	0	614.75656	438.78731	431.06191	417.27985
AD84	8	1	872.13326	491.17537	725.71039	487.80224
AD84	9	0	1590.59811	677.54478	930.95908	707.58955
AD84	9	1	1870.13641	743.53358	1274.46380	817.40299
AD84	10	0	937.30430	574.23507	330.38930	547.43657
AD84	10	1	1230.44176	630.14925	653.74711	630.55224
AD84	11	0	1098.84785	850.82836	903.66002	864.05970
AD84	11	1	1259.51941	908.25373	998.35047	932.56716
AD84	12	0	894.34418	663.51119	785.00210	664.91045
AD84	12	1	1037.89087	728.99627	891.78069	730.39552
AD84	13	0	141.62434	863.64179	18.63589	757.13433
AD84	13	1	435.26548	832.91418	311.77335	764.18657
AD84	14	0	229.36726	680.45149	38.27912	602.85821
AD84	14	1	512.93494	671.88806	335.44596	626.53358
AD84	15	0	572.17209	620.59701	122.89612	574.25373
AD84	15	1	950.93389	822.08955	483.52571	785.82090
AD84	16	0	873.96957	646.53731	602.29696	636.44776
AD84	16	1	1072.41658	794.13060	771.53095	780.51493
AD84	17	0	1390.95488	794.58582	1071.66842	830.35448
AD84	17	1	1632.21406	798.11194	1319.97901	862.08955
AD84	18	0	1207.68730	981.77239	1078.00315	1021.56716
AD84	18	1	1741.69990	936.43657	1626.68940	1050.27985
AD84	19	0	811.92025	1013.50746	732.66107	984.29104
AD84	19	1	1242.35467	948.02239	1133.49423	971.69776
AD87	0	0	1417.93284	821.14925	1214.88877	877.38060
AD87	0	1	1515.30955	876.89552	1324.35362	942.52985
AD87	1	0	1581.69780	798.09701	1439.25184	875.77612
AD87	1	1	1689.14795	783.32090	1568.19203	869.39552
AD87	2	0	1238.56768	817.98507	975.98216	842.76119
AD87	2	1	1365.82896	792.79851	1109.62329	833.69403
AD87	3	0	994.14376	746.08209	904.56034	753.38060
AD87	3	1	1090.17733	734.66418	1001.26548	750.02239
AD87	4	0	713.51626	558.44776	767.95488	549.30597
AD87	4	1	807.19937	590.68657	857.94439	588.26119
AD87	5	0	1707.78594	641.75373	1508.62434	711.07463
AD87	5	1	1858.55194	659.21642	1677.18678	750.02985
AD87	6	0	1435.07555	395.52239	1277.41658	425.62687
AD87	6	1	1683.88982	442.87313	1496.68206	491.78358
AD87	7	0	369.73033	624.35821	92.67576	561.63433
AD87	7	1	793.62120	481.93284	468.83211	461.35075
AD87	8	0	1258.00210	829.39552	897.40818	851.60448
AD87	8	1	1581.88353	1010.48507	1205.52571	1072.94776
AD87	9	0	1182.15110	647.58955	1029.09759	668.00000
AD87	9	1	1299.33893	650.61194	1166.09654	684.79104
AD87	10	0	1391.21511	556.26119	1416.09549	601.81343
AD87	10	1	1532.24344	522.67910	1590.36621	575.28358
AD87	11	0	562.09864	215.59701	834.08185	219.62687
AD87	11	1	1152.40294	292.16418	1414.31270	314.32836
AD87	12	0	1278.67366	824.81343	1199.85205	866.69403
AD87	12	1	1472.75551	866.11940	1383.18888	936.20896
AD87	13	0	779.49213	602.21642	638.79643	588.48507
AD87	13	1	1049.70934	604.68657	889.28961	605.94776
AD87	14	0	837.61175	433.21642	912.37461	433.91791
AD87	14	1	991.39979	468.14179	1057.43232	484.62687
AD87	15	0	771.19832	598.68657	633.14690	577.81343
AD87	15	1	1045.86779	603.72388	882.29696	601.65672
AD87	16	0	857.16159	432.61940	927.80588	437.91791
AD87	16	1	1007.92760	469.22388	1072.52781	483.25373
AD87	17	0	1063.09759	691.44030	1047.63694	704.81343
AD87	17	1	1260.20147	680.35821	1246.75551	718.58209
AD87	18	0	566.11962	881.03731	520.61700	835.34328
AD87	18	1	749.79224	868.94776	685.15005	845.75373
AD87	19	0	1133.63903	587.03731	1132.68101	610.05970
AD87	19	1	1293.47114	566.88806	1306.61595	600.32090
AD87	20	0	505.43337	972.32836	446.36726	914.29104
AD87	20	1	726.71354	934.71642	648.84365	901.19403
AD87	21	0	783.61910	640.71642	687.31060	629.73881
AD87	21	1	905.17209	695.11940	799.12592	690.18657
AD87	22	0	1470.40609	811.82090	1320.38195	876.10448
AD87	22	1	1712.86464	838.05970	1552.11857	935.91045
AD87	23	0	1191.12172	670.16418	1117.33263	696.32090
AD87	23	1	1275.73872	701.73134	1211.35152	740.31343
AD87	24	0	900.02204	669.08955	825.41658	670.02985
AD87	24	1	1073.53725	631.28358	1021.96957	639.97015
AD87	25	0	249.93284	629.37313	135.01889	565.69403
AD87	25	1	388.94648	613.92537	264.63064	565.69403
AD87	26	0	394.09969	621.03731	2.01469	553.92537
AD87	26	1	589.18888	642.86567	242.77020	592.88060
AD87	27	0	895.27597	649.85821	695.28122	637.29104
AD87	27	1	989.29486	594.11194	807.76810	592.62687
AD87	28	0	744.17838	531.65672	599.22980	516.15672
AD87	28	1	889.57188	499.41791	751.33893	495.00000
AD87	29	0	949.25184	801.67910	896.96013	809.66418
AD87	29	1	1073.49108	784.88806	1024.55719	803.28358
AD87	30	0	965.18048	323.00746	919.71983	336.82836
AD87	30	1	1059.19937	360.28358	1015.75341	370.41045
AD87	31	0	1257.48478	471.97761	1195.95068	496.95522
AD87	31	1	1391.79748	469.96269	1344.70199	505.68657
AD87	32	0	1520.41868	1004.10448	1250.27597	1072.61194
AD87	32	1	1665.47639	981.26866	1389.28961	1073.95522
AD87	33	0	759.53830	942.98507	709.17104	916.79104
AD87	33	1	1170.53515	890.59701	1138.30010	918.80597
AD87	34	0	456.80273	968.61940	367.55509	894.23134
AD87	34	1	1034.81952	915.26866	919.72928	924.07463
AD87	35	0	801.84680	892.61194	693.05352	870.44776
AD87	35	1	1307.31794	686.64179	1293.18258	728.76866
AD87	36	0	180.16055	455.39925	275.34103	420.65672
AD87	36	1	528.31794	512.09701	591.14376	491.68284
AD87	37	0	120.59182	614.44403	213.69465	554.32463
AD87	37	1	493.30955	613.94030	558.71039	579.51119
AD87	38	0	35.67156	559.76866	120.91396	500.91791
AD87	38	1	400.43022	535.68657	478.14586	505.38060
AD87	39	0	340.48269	771.71642	425.09969	717.31343
AD87	39	1	1776.95698	922.83582	1706.44281	1039.70149
AD09	0	0	1165.84995	633.98507	1213.64428	663.09701
AD09	0	1	1345.15740	633.98507	1410.07660	685.26119
AD09	1	0	69.50682	520.06716	44.32319	461.07463
AD09	1	1	218.59391	517.04478	178.30010	463.08955
AD09	2	0	1015.40399	830.14925	842.14061	834.17910
AD09	2	1	1146.35887	856.34328	961.00735	874.47761
AD09	3	0	920.02623	525.97761	709.84995	516.02239
AD09	3	1	1090.26758	578.36567	869.01049	592.58955
AD09	4	0	741.40609	523.88060	616.49528	511.79104
AD09	4	1	856.24344	523.88060	739.39140	535.97015
AD09	5	0	1307.97482	598.25373	1184.98951	635.09701
AD09	5	1	1414.75341	546.87313	1313.92970	592.78358
AD09	6	0	986.12907	637.48507	803.24659	640.58209
AD09	6	1	1118.09129	520.61940	930.17209	526.73881
AD09	7	0	614.03358	553.71642	511.73137	537.98507
AD09	7	1	708.72403	641.36567	596.34837	622.61194
AD09	8	0	535.90766	759.62687	408.98216	713.28358
AD09	8	1	628.58342	723.35821	491.58447	685.07463
AD09	9	0	882.10703	530.08209	764.32004	532.26119
AD09	9	1	986.87093	474.67164	882.17943	482.89552
AD09	10	0	1038.95278	598.08955	861.02623	602.94776
AD09	10	1	1188.03987	632.34328	997.01784	649.29104
AD09	11	0	816.12172	227.68657	825.11438	236.75373
AD09	11	1	898.72403	285.11194	903.68730	297.20149
AD09	12	0	409.98951	592.20896	336.45331	548.14179
AD09	12	1	520.79748	539.82090	440.20986	515.90299
AD09	13	0	1361.23190	280.04478	967.73242	289.14179
AD09	13	1	1588.89192	213.55224	1173.23085	230.70896
AD09	14	0	567.79853	750.21642	94.69045	681.99254
AD09	14	1	793.44386	727.04478	349.54879	685.01493
AD09	15	0	1287.09234	537.92537	1155.11438	564.05970
AD09	15	1	1371.70934	555.05224	1277.00315	585.21642
AD09	16	0	1311.26863	539.05970	1184.15110	563.09701
AD09	16	1	1408.98111	544.09701	1290.92970	588.28358
AD09	17	0	926.07030	583.89552	831.32004	584.91791
AD09	17	1	1030.83421	631.24627	919.96642	645.36567
AD09	18	0	1196.18783	252.87313	1222.91710	265.97015
AD09	18	1	1276.77545	300.22388	1299.47534	326.41791
AD09	19	0	1534.18678	563.52239	1433.45226	619.41045
AD09	19	1	1670.17838	502.06716	1574.48059	558.96269
AD09	20	0	942.11438	131.97761	944.96013	145.07463
AD09	20	1	1031.76810	84.62687	1042.67261	94.70149
AD09	21	0	1529.15005	983.28358	1043.60965	1037.68657
AD09	21	1	1730.61910	876.49254	1283.35782	938.95522
AD09	22	0	1263.21091	814.02985	944.88982	846.26866
AD09	22	1	1426.40084	894.62687	1075.84470	934.92537
AD09	23	0	479.49633	975.22388	263.92445	888.58209
AD09	23	1	765.58237	793.88060	517.77545	759.62687
AD09	24	0	201.46905	844.25373	229.67471	759.62687
AD09	24	1	1007.34523	608.50746	1011.37461	628.65672
AD09	25	0	1025.47744	912.76119	892.50787	928.88060
AD09	25	1	1597.64953	993.35821	1333.72508	1049.77612
AD09	26	0	817.96432	934.92537	292.13012	862.38806
AD09	26	1	491.58447	838.20896	46.33788	757.61194
AD09	27	0	543.96642	1033.65672	406.96747	979.25373
AD09	27	1	771.62644	949.02985	602.39244	916.79104
AD09	28	0	1206.56348	886.56716	892.94648	907.72388
AD09	28	1	1495.67156	890.59701	1202.20147	930.89552
AD09	29	0	1135.67366	1035.67164	932.80168	1047.76119
AD09	29	1	1378.44386	925.85821	1156.43232	981.26866
AD09	30	0	1465.68730	640.07463	1401.21721	705.02985
AD09	30	1	1673.20042	642.08955	1619.81112	714.09701
AD09	31	0	384.80588	876.49254	268.96118	795.26866
AD09	31	1	194.41763	844.25373	97.71249	748.92537
AD09	32	0	758.49633	578.20896	552.01889	560.08955
AD09	32	1	943.84785	570.14925	684.98846	561.09701
AD09	33	0	587.94544	599.92537	514.65897	579.06716
AD09	33	1	742.06925	569.70149	657.70199	547.83582
AD09	34	0	917.15215	1065.89552	650.01259	1051.79104
AD09	34	1	1381.53830	888.58209	1198.00839	933.91791
AD09	35	0	628.58342	1051.79104	455.32004	1001.41791
AD09	35	1	1235.00525	807.98507	1112.10913	842.23881
AD09	36	0	837.20252	406.37313	588.72508	398.34328
AD09	36	1	984.27492	345.92537	742.84890	348.97761
AD09	37	0	1268.94544	451.05970	1141.17314	475.07463
AD09	37	1	1401.91501	445.01493	1286.23085	471.04478
AD09	38	0	1187.17314	515.19403	1065.76915	535.16418
AD09	38	1	1325.17943	502.09701	1192.69465	532.14179
AD09	39	0	1561.38510	537.98507	1057.71249	568.20896
AD09	39	1	1778.97167	588.35821	1309.54879	654.85075
AD09	40	0	1351.96013	340.19403	1018.68835	352.29851
AD09	40	1	1521.19412	298.88806	1225.19412	319.05224
AD09	41	0	1171.11542	219.62687	1031.65163	229.70149
AD09	41	1	1411.87093	250.85821	1246.21616	278.05970
AD09	42	0	199.45435	870.44776	1.00735	760.03731
AD09	42	1	517.77545	759.62687	272.99056	708.65672
AD09	43	0	922.72823	967.16418	441.21721	922.83582
AD09	43	1	1172.54984	707.23881	721.25918	719.32836
AD09	44	0	965.03673	705.22388	905.99685	711.05970
AD09	44	1	1134.27072	666.94030	1091.34837	691.91791
AD09	45	0	565.58552	691.97761	477.48164	672.98507
AD09	45	1	787.20147	681.90299	676.93599	666.94030
AD09	46	0	1558.36306	686.91045	1390.13641	745.52239
AD09	46	1	1840.41973	715.11940	1648.01679	799.92537
AD09	47	0	1286.65897	637.44030	901.36516	660.22388
AD09	47	1	1562.67156	584.04478	1191.48059	612.87313
AD09	48	0	1519.07660	670.47761	1150.38825	721.34328
AD09	48	1	1680.25184	534.47015	1327.68101	576.26866
AD09	49	0	1199.73242	596.29851	1090.16684	616.20896
AD09	49	1	1369.97377	573.12687	1301.70934	589.00746
AD13	0	0	1001.46275	704.45149	1031.23820	663.66418
AD13	0	1	1311.22141	759.86194	1367.18783	745.26866
AD13	1	0	508.15635	530.49627	647.57188	484.55597
AD13	1	1	1304.17104	411.53358	1422.28122	377.69403
AD13	2	0	574.00630	1020.55970	446.58762	919.46642
AD13	2	1	806.19937	1043.22761	630.93179	964.29851
AD13	3	0	1304.96957	975.88433	1232.23400	966.41791
AD13	3	1	1479.74397	876.14552	1432.19203	858.61940
AD13	4	0	1400.16369	1044.39179	1247.84785	1029.38433
AD13	4	1	1580.47849	973.36567	1469.96747	981.52985
AD13	5	0	1578.21196	790.94030	1587.07240	779.10448
AD13	5	1	1802.34627	774.82090	1882.22455	775.07463
AD13	6	0	1647.00944	680.07463	1471.21616	650.69776
AD13	6	1	1836.89402	637.76119	1700.89087	611.91045
AD13	7	0	1611.75236	691.15672	1421.59811	654.17910
AD13	7	1	1792.06716	647.83582	1643.21406	613.88060
AD13	8	0	753.16055	801.48881	659.31480	731.00000
AD13	8	1	901.74397	779.82836	794.80273	721.93284
AD13	9	0	834.50997	575.02239	953.89612	532.66045
AD13	9	1	1008.78069	565.45149	1128.16684	526.61567
AD13	10	0	899.30010	494.17164	1016.88458	454.71642
AD13	10	1	1024.71459	532.95896	1139.78069	493.50373
AD13	11	0	1087.18993	716.58582	973.09549	666.94030
AD13	11	1	1296.21406	696.43657	1186.65268	662.91045
AD13	12	0	1582.18258	769.78731	1522.61700	752.75000
AD13	12	1	1759.47534	689.69403	1721.06401	682.73134
AD13	13	0	1310.33788	1076.97761	966.50367	1052.79851
AD13	13	1	1696.15110	1004.94403	1353.82791	988.82463
AD13	14	0	76.55824	789.85075	26.19098	693.13433
AD13	14	1	1130.24134	1029.62687	942.87513	985.29851
AD13	15	0	992.71773	245.82090	859.82791	193.43284
AD13	15	1	1147.84890	278.05970	1028.05456	220.63433
AD13	16	0	1381.35152	611.94030	1372.07555	580.27985
AD13	16	1	1513.81742	650.22388	1512.60021	629.14179
AD13	17	0	663.07975	1016.52985	509.97692	926.86567
AD13	17	1	1296.69990	956.08209	1209.07450	931.90299
AD13	18	0	1141.32214	964.14179	1055.69780	935.93284
AD13	18	1	1793.07450	1009.47761	1749.75866	1024.58955
AD13	19	0	1119.56139	851.52612	1059.75236	807.48134
AD13	19	1	1307.43127	873.69030	1232.00839	849.29104
AD13	20	0	416.31165	665.67910	207.16159	573.34701
AD13	20	1	697.36097	749.80224	499.79538	664.01866
AD13	21	0	650.25289	556.53358	357.56873	484.55597
AD13	21	1	963.03358	519.76119	577.67366	445.26493
AD13	22	0	914.31165	607.67164	645.98846	532.55970
AD13	22	1	1180.75446	444.96642	974.88667	379.42537
AD13	23	0	819.96222	748.54104	752.03568	693.18657
AD13	23	1	1030.49738	739.97761	973.65163	693.18657
AD13	24	0	877.80797	686.68657	858.91815	633.48134
AD13	24	1	1068.69990	719.93284	1043.76600	669.24627
AD13	25	0	1083.70829	602.19403	905.00630	543.62313
AD13	25	1	1264.02308	525.12313	1139.21406	473.60448
AD13	26	0	1280.42183	619.48134	1291.50262	583.67537
AD13	26	1	1414.90241	628.54851	1439.58237	612.89179
AD13	27	0	1312.98426	983.28358	1167.50997	953.17164
AD13	27	1	1538.62959	954.06716	1409.77650	950.65299
AD13	28	0	1280.49528	550.77985	1124.07975	503.08955
AD13	28	1	1457.78804	487.30970	1337.63694	437.10075
AD13	29	0	1578.50997	689.29104	1391.23400	650.60821
AD13	29	1	1874.16579	606.17537	1682.86044	563.46269
AD13	30	0	1245.60860	697.66418	1050.08395	646.86194
AD13	30	1	1478.30535	602.45896	1329.11857	555.68657
AD13	31	0	1608.73033	758.11567	1429.57293	726.24627
AD13	31	1	1841.93075	678.52612	1678.89087	646.15299
AD13	32	0	1206.79958	1039.70149	1037.16369	1000.91418
AD13	32	1	1638.76285	946.54851	1605.90241	952.05224
AD13	33	0	1082.68625	341.86567	1036.74921	292.95896
AD13	33	1	1220.69255	494.49627	1202.45750	451.13060
AD13	34	0	1559.37041	359.67537	1313.03253	291.01866
AD13	34	1	1902.37146	396.44776	1610.70304	326.27985
AD13	35	0	905.12697	505.07463	832.48059	452.20149
AD13	35	1	1136.81637	506.08209	1032.43861	455.72761
AD14	0	0	637.24134	952.55597	439.20776	848.75373
AD14	0	1	729.91710	995.87687	541.45331	916.25373
AD14	1	0	743.75656	909.19030	559.79328	832.92910
AD14	1	1	972.92760	806.93284	766.80273	735.70896
AD14	2	0	970.36621	700.37687	898.66737	654.38433
AD14	2	1	1068.07870	717.50373	998.39454	675.54104
AD14	3	0	1409.06821	905.49627	1340.34418	893.40672
AD14	3	1	1500.73662	921.11194	1436.54565	921.61567
AD14	4	0	1154.42917	865.09328	1013.41448	822.60448
AD14	4	1	1345.32109	945.69030	1164.01259	918.81716
AD14	5	0	472.60231	597.57090	424.23400	534.33955
AD14	5	1	672.05666	646.43284	607.57083	588.74254
AD14	6	0	491.59077	594.85821	438.70829	536.97761
AD14	6	1	696.08185	657.32090	623.05247	595.91418
AD14	7	0	189.75656	882.05970	4.02938	755.63806
AD14	7	1	479.36831	866.44403	293.64113	777.80224
AD20	0	0	1418.34208	515.13433	1196.94544	461.26866
AD20	0	1	1559.37041	438.56716	1306.74607	382.68657
AD20	1	0	1097.14376	604.31343	911.90871	552.24627
AD20	1	1	1198.88562	543.86567	1032.79014	494.82090
AD20	2	0	51.37461	723.31343	6.04407	618.25373
AD20	2	1	265.93914	637.67910	211.54250	550.75373
AD20	3	0	730.69360	993.86194	602.56453	912.22388
AD20	3	1	853.08604	932.91045	701.28437	856.81343
AD20	4	0	99.22350	258.15672	26.69465	218.67537
AD20	4	1	305.72928	203.75373	225.14166	169.30970
AD20	5	0	625.23085	916.28358	538.74502	829.71269
AD20	5	1	835.26233	844.75373	748.77650	778.83582
AD20	6	0	1394.01679	452.66045	1026.18258	388.87687
AD20	6	1	1567.79958	288.50373	1187.90976	211.22015
AD20	7	0	761.63484	795.91791	550.55404	717.78358
AD20	7	1	952.52676	836.72015	689.06401	764.63060
AD20	8	0	897.96957	628.45896	874.37356	577.57090
AD20	8	1	1002.22980	621.91045	984.67786	578.07463
AD20	9	0	1500.26338	729.54851	1377.56139	695.76866
AD20	9	1	1645.82476	756.75000	1522.11542	735.05970
AD20	10	0	946.17943	566.63806	709.58027	497.05970
AD20	10	1	1224.71039	567.64552	957.38720	511.66791
AD20	11	0	1675.21511	661.54478	1691.33263	642.48881
AD20	11	1	1786.02308	662.04851	1831.85729	646.01493
AD20	12	0	759.89192	680.67164	639.61280	612.59328
AD20	12	1	903.43861	697.79851	770.06401	629.21642
AD20	13	0	281.78279	693.48507	241.18993	608.96269
AD20	13	1	482.74816	791.71269	353.00525	704.67164
AD20	14	0	530.99685	836.19403	440.01154	748.02239
AD20	14	1	710.30430	856.34328	596.15005	778.24627
AD20	15	0	1313.98951	983.28358	1036.01889	937.94776
AD20	15	1	1505.38510	909.73881	1226.40714	873.47015
AD20	16	0	659.84995	675.58955	369.69570	593.83582
AD20	16	1	854.26758	754.17164	502.66527	658.31343
AD20	17	0	120.88143	678.94030	81.59496	586.94776
AD20	17	1	288.10073	693.04478	234.71144	605.08209
AD20	18	0	1148.05771	557.83209	1076.80378	511.67164
AD20	18	1	1284.55299	528.11194	1212.29171	478.92910
AD20	19	0	1085.91815	967.16418	965.03673	926.86567
AD20	19	1	1740.69255	961.11940	1621.82581	963.13433
AD20	20	0	1026.83526	282.01493	585.85729	216.05224
AD20	20	1	1288.74502	547.98507	694.65058	470.94030
AD20	21	0	963.02204	1075.97015	114.83736	955.07463
AD20	21	1	1243.06401	876.49254	624.55404	789.85075
AD20	22	0	291.59077	402.57836	319.12697	362.01493
AD20	22	1	1209.60126	560.07463	1123.85100	514.15672
AD20	23	0	1684.28122	548.05970	1547.32949	511.97761
AD20	23	1	1770.91291	554.10448	1634.46485	527.59328
AD20	24	0	838.77545	903.69403	478.15740	812.20149
AD20	24	1	1080.03463	1070.42910	659.98321	983.47015
AD20	25	0	701.44806	712.16791	441.37461	622.13433
AD20	25	1	1039.91605	507.14925	772.28856	437.81343
AD20	26	0	766.95488	805.81716	445.27072	726.67164
AD20	26	1	1011.23610	933.26119	637.67366	852.60448
AD20	27	0	605.23400	897.64552	510.66002	803.95522
AD20	27	1	776.48269	788.83955	680.39769	719.32836
AD20	28	0	1347.72718	870.99254	1174.88877	837.22761
AD20	28	1	1579.41658	862.93284	1415.14061	842.76866
AD20	29	0	579.76705	836.47015	511.04302	753.54851
AD20	29	1	788.79119	797.17910	712.00839	729.87313
AD20	30	0	720.69360	910.24254	592.91815	829.00373
AD20	30	1	896.47534	1043.22761	724.37671	970.55224
AD20	31	0	980.17524	614.96269	984.30745	566.93284
AD20	31	1	1136.81742	631.08209	1146.49003	592.62313
AD20	32	0	301.45855	562.44403	365.10913	501.51866
AD20	32	1	469.18153	570.00000	506.64113	508.06716
AD20	33	0	1542.89612	922.84701	1367.97482	922.83582
AD20	33	1	1697.01994	856.85821	1603.69360	860.37313
AD20	34	0	933.48059	684.00746	872.62749	629.02239
AD20	34	1	1115.30640	684.00746	1048.91291	638.59328
AD20	35	0	1171.61280	1009.47761	971.32634	956.58582
AD20	35	1	1387.68835	965.65299	1170.27702	934.92537
AD20	36	0	678.72718	868.55970	590.31165	790.51119
AD20	36	1	871.63379	848.91418	774.15215	789.00000
AD20	37	0	1337.99161	940.35821	1020.86674	893.20149
AD20	37	1	1576.22875	884.94776	1280.76180	859.45149
AD20	38	0	1369.85939	972.70522	1157.16789	934.92537
AD20	38	1	1574.35047	1027.10821	1284.09339	1005.44776
AD27	0	0	1101.96222	1008.97388	960.16055	962.12687
AD27	0	1	1254.57503	1015.01866	1122.84680	995.37313
AD27	1	0	1474.04302	997.89179	1113.21931	968.17164
AD27	1	1	1669.46800	977.23881	1316.70304	966.15672
AD27	2	0	1698.88772	763.85821	1522.07240	747.97761
AD27	2	1	1917.98531	768.89552	1674.68520	758.55597
AD27	3	0	1584.75971	121.61940	1565.75971	36.77239
AD27	3	1	1710.17419	191.63806	1711.82476	111.32463
AD27	4	0	967.93599	291.43657	919.21196	248.06716
AD27	4	1	1108.96432	311.58582	1056.21091	262.67537
AD27	5	0	921.90661	384.47388	880.40294	337.48134
AD27	5	1	1038.25498	414.19403	1005.31375	365.69030
AD27	6	0	602.30010	395.84328	601.60126	354.38433
AD27	6	1	720.66317	400.88060	713.41658	358.91791
AD27	7	0	700.76705	607.57090	715.59811	561.58582
AD27	7	1	824.67051	610.08955	827.91710	560.07463
AD27	8	0	1208.17838	73.54478	1130.35467	11.08209
AD27	8	1	1295.31375	126.94030	1235.11857	61.45522
AD27	9	0	675.80693	603.42537	686.86988	552.35448
AD27	9	1	801.72508	605.44030	802.21091	555.37687
AD27	10	0	1191.61595	351.45149	1231.27072	308.97761
AD27	10	1	1278.75131	376.13433	1324.45016	328.11940
AD27	11	0	481.47219	312.01493	338.69780	275.25373
AD27	11	1	635.09234	280.27985	513.47219	239.99254
AD27	12	0	1633.91396	394.66791	1544.26023	345.20149
AD27	12	1	1850.99685	295.93657	1781.99370	229.84701
AD27	13	0	646.71563	568.20896	777.67051	521.86567
AD27	13	1	1460.65058	562.16418	1511.01784	533.95522
AD27	14	0	1126.49108	245.18284	1108.23715	205.23507
AD27	14	1	1216.14481	355.50000	1186.81007	318.57463
AD27	15	0	931.56978	308.65299	932.45540	263.66791
AD27	15	1	1049.42917	334.84701	1039.23400	299.43284
AD27	16	0	1550.51312	480.40672	1519.89612	442.00746
AD27	16	1	1693.05247	463.78358	1689.13012	424.37687
AD27	17	0	1682.26653	289.53731	1688.05981	234.11194
AD27	17	1	1767.38720	413.45522	1797.35677	369.11194
AD27	18	0	630.26338	368.28358	605.14271	325.09328
AD27	18	1	762.22560	349.14179	721.49108	306.45522
AD27	19	0	779.35047	312.87313	764.80693	275.22388
AD27	19	1	922.89717	353.67537	894.25079	310.98881
AD27	20	0	850.83001	1026.60448	681.43337	951.54851
AD27	20	1	1168.64743	997.38806	965.00105	954.57090
AD27	21	0	1347.23400	966.15672	1152.22665	937.44403
AD27	21	1	1437.89507	1016.02612	1233.82162	999.90672
AD27	22	0	736.53935	850.50373	594.96537	777.88806
AD27	22	1	913.32844	866.62313	730.45331	786.95522
AD27	23	0	683.77440	1075.97015	438.21931	962.07836
AD27	23	1	873.65897	972.20149	574.71459	893.06716
AD27	24	0	439.06506	578.91791	410.05771	522.32463
AD27	24	1	627.94229	593.52612	589.36516	539.45149
AD27	25	0	602.04617	891.52612	574.50577	822.57836
AD27	25	1	708.82476	914.69776	674.73662	850.78731
AD27	26	0	1057.85939	473.91791	1030.62749	431.41418
AD27	26	1	1216.51626	483.99254	1217.49003	437.96269
AD27	27	0	1224.47324	319.30224	1224.73767	264.15672
AD27	27	1	1349.88772	269.93657	1355.18888	212.27239
AD27	28	0	885.29276	109.29478	638.75656	54.81716
AD27	28	1	1089.28017	172.76493	873.46800	113.75373
AD27	29	0	1282.91396	188.25746	1125.46905	117.67910
AD27	29	1	1430.49003	259.78731	1269.51941	186.69030
AD27	30	0	860.59811	314.07463	627.67156	260.36940
AD27	30	1	1038.39454	341.27612	822.59286	291.09701
AD27	31	0	790.58762	376.53731	595.94019	324.34328
AD27	31	1	960.82896	394.16791	769.70724	336.93657
AD27	32	0	498.64638	429.57463	217.07240	363.67910
AD27	32	1	761.05981	515.71269	446.74711	445.78731
AD27	33	0	490.08395	556.01119	246.78909	489.10821
AD27	33	1	734.86884	557.52239	475.45645	490.61940
AD27	34	0	814.53515	521.58209	650.01364	459.84328
AD27	34	1	967.65163	586.56343	777.44281	521.29851
AD27	35	0	840.70094	645.60075	712.46905	591.00746
AD27	35	1	979.71459	638.04478	843.92760	590.50373
AD27	36	0	1138.84785	558.50373	988.98741	500.01119
AD27	36	1	1299.01574	589.73507	1133.03778	552.39925
AD27	37	0	1018.39559	418.03358	807.23715	353.43657
AD27	37	1	1160.43127	518.27612	917.54145	443.60448
AD27	38	0	964.59077	493.59328	840.53935	444.98507
AD27	38	1	1112.67051	491.57836	949.33263	449.51866
AD27	39	0	1400.74502	344.19030	1263.75971	283.04851
AD27	39	1	1544.79538	427.80970	1422.92025	365.66045
AD27	40	0	1348.70094	472.60075	1279.87723	432.65672
AD27	40	1	1503.83211	478.14179	1448.10388	439.20522
AD27	41	0	1256.02518	460.51119	1110.06506	408.18284
AD27	41	1	1405.11228	524.98881	1229.43547	473.66791
AD27	42	0	1167.09759	418.09328	981.12487	356.29851
AD27	42	1	1275.89087	543.01866	1039.04722	482.73507
AD27	43	0	1391.33368	575.18657	1190.46275	535.69776
AD27	43	1	1549.99056	631.10075	1344.08290	594.63433
AD27	44	0	1573.14586	215.62313	1373.76390	133.55970
AD27	44	1	1744.39454	274.05597	1599.40923	193.00000
AD27	45	0	1671.18573	318.82836	1608.06821	246.91418
AD27	45	1	1826.31689	384.81716	1793.41973	323.48134
AD27	46	0	1607.21931	341.49627	1494.74187	275.62687
AD27	46	1	1754.29171	413.02612	1673.04197	351.69030
AD27	47	0	1639.45435	576.17910	1621.82581	552.12687
AD27	47	1	1787.03043	539.91045	1812.21406	514.34701
AD27	48	0	1542.24554	736.30224	1182.74187	699.76866
AD27	48	1	1892.29801	765.51866	1437.09654	739.05970
AD27	49	0	302.13851	784.77985	90.58027	676.73134
AD27	49	1	468.35047	719.29478	281.97587	636.93657
AD27	50	0	558.55089	722.15299	332.62120	636.29851
AD27	50	1	840.60756	649.61567	641.87618	589.45149
AD27	51	0	681.73452	472.39179	717.28541	430.42164
AD27	51	1	854.49423	493.54851	875.43861	451.57836
AD27	52	0	1230.05456	960.61567	947.68625	917.89552
AD27	52	1	1479.37251	997.38806	1225.20986	980.86194
AD27	53	0	1023.11962	747.54851	1018.58657	709.59328
AD27	53	1	1508.24449	625.36194	1577.39874	605.45149
AD27	54	0	1226.51731	248.06716	956.97692	191.26866
AD27	54	1	1407.83945	214.31716	1156.93494	148.45149
AD27	55	0	1456.05771	326.35448	1144.37356	256.70896
AD27	55	1	1670.62225	385.79478	1314.61490	318.16418
AD27	56	0	1479.89612	477.73881	1259.75551	426.33209
AD27	56	1	1658.69990	543.22388	1390.71039	495.84701
AD27	57	0	1656.57922	424.58209	1414.00315	368.53731
AD27	57	1	1847.47114	503.16418	1630.07870	450.14179
AD27	58	0	1438.63903	629.27239	1182.94753	585.16791
AD27	58	1	1678.38720	694.25373	1403.55614	659.21642
AD27	59	0	240.45121	543.31343	42.81217	474.35075
AD27	59	1	509.41238	513.08955	320.33578	450.67537
AD27	60	0	839.88877	399.98507	690.76705	350.53358
AD27	60	1	1000.05666	418.62313	850.43127	365.14179
AD27	61	0	958.51731	471.72761	907.21196	423.45896
AD27	61	1	1115.66317	413.29478	1063.85414	364.52239
AD27	62	0	1242.30430	416.08209	1047.28227	357.22761
AD27	62	1	1427.65582	478.54478	1212.99056	425.23134
AD27	63	0	799.84050	203.70896	422.56139	146.55224
AD27	63	1	919.71459	281.78731	601.36516	213.04478
AD27	64	0	665.52466	366.47388	242.46590	303.91045
AD27	64	1	794.96852	388.63806	456.02308	324.05970
AD27	65	0	858.02099	480.61194	659.14271	415.13060
AD27	65	1	975.88038	556.17164	808.22980	492.70522
AD27	66	0	644.64953	544.21642	378.29276	483.65299
AD27	66	1	780.64113	520.03731	558.10388	461.99254
AD27	67	0	326.78909	645.30597	0.00000	562.16418
AD27	67	1	483.43127	578.30970	191.39559	517.83582
AD27	68	0	1133.18993	548.86940	993.15005	500.18657
AD27	68	1	1232.41343	492.95522	1136.69675	428.15299
AD27	69	0	1242.48688	538.29104	1155.33263	497.16418
AD27	69	1	1322.57083	485.39925	1250.02308	449.30970
AD27	70	0	1270.76810	639.00746	1112.64218	592.59328
AD27	70	1	1383.08709	605.76119	1250.14481	573.45149
AD27	71	0	1117.04302	918.80597	1028.38090	879.85075
AD27	71	1	1718.53095	992.35075	1648.69675	1011.49254
AD27	72	0	951.85100	870.38433	806.43232	813.79104
AD27	72	1	1631.89927	870.44776	1311.56348	856.34328
AD27	73	0	1141.94019	596.25000	1126.83001	565.82090
AD27	73	1	1378.16264	611.36194	1376.65163	582.94776
AD27	74	0	859.98741	631.57090	884.41763	585.75000
AD27	74	1	981.37251	588.25000	1005.80273	547.46642
AD27	75	0	1159.68625	285.37313	738.43966	264.02612
AD27	75	1	1373.24344	435.98881	940.41238	390.46269
AD27	76	0	1531.91815	691.56343	1228.93284	651.55597
AD27	76	1	1700.64848	669.90299	1453.57083	636.44403
AD27	77	0	1545.77125	381.15672	1041.92130	320.07463
AD27	77	1	1850.49318	308.11567	1249.93809	246.02612
AD27	78	0	1153.15320	391.20522	812.74502	335.80597
AD27	78	1	1385.34627	439.56343	999.10388	368.04478
AD27	79	0	655.61595	443.73881	560.24134	405.33955
AD27	79	1	774.48269	504.69030	687.16684	459.74254
AD27	80	0	533.32319	913.76866	278.02728	810.00000
AD27	80	1	860.20672	952.55597	543.96642	874.47761
AD27	81	0	1065.35152	420.86567	584.90346	363.60075
AD27	81	1	1198.32109	380.06343	819.61490	322.79851
AD27	82	0	861.21616	275.64179	1044.54355	242.64552
AD27	82	1	1107.51207	274.13060	1300.40923	240.63060
AD03	0	0	1493.12382	804.24627	1331.63484	782.58582
AD03	0	1	1679.98636	781.07463	1504.89822	768.48134
AD03	1	0	322.05771	569.45149	200.62749	496.92537
AD03	1	1	518.49003	580.53358	373.38720	512.54104
AD03	2	0	594.90661	355.74627	393.40294	306.51493
AD03	2	1	754.06716	485.20522	531.91291	423.88433
AD03	3	0	1599.43232	548.15672	1519.22665	511.66791
AD03	3	1	1740.96432	512.39179	1681.91291	473.38433
AD03	4	0	1498.17524	375.54104	1469.91081	318.39552
AD03	4	1	1655.82476	324.66418	1658.28437	259.96269
AD03	5	0	641.58342	362.94776	587.43966	313.97015
AD03	5	1	790.16684	390.65299	726.45331	339.66045
AD03	6	0	851.81112	297.59701	792.70409	250.32463
AD03	6	1	982.26233	341.42164	932.72508	296.16418
AD03	7	0	647.75971	40.22388	661.52046	11.58582
AD03	7	1	790.80273	76.49254	785.42392	36.77239
AD03	8	0	383.91081	820.67910	33.74607	705.88806
AD03	8	1	661.93809	871.55597	233.20042	754.75000
AD03	9	0	1272.23400	930.54851	1043.57608	895.48134
AD03	9	1	1421.82476	925.00746	1185.61175	902.02985
AD03	10	0	1661.61595	900.93284	1466.69465	898.65672
AD03	10	1	1883.73557	919.06716	1686.29591	920.82090
AD03	11	0	1438.54669	964.64552	1295.00210	947.51866
AD03	11	1	1650.59286	942.98507	1523.66946	943.48881
AD03	12	0	1142.31165	1041.71642	886.46380	999.40299
AD03	12	1	1253.11962	963.13433	1011.37461	924.85075
AD03	13	0	1408.93284	872.19403	1203.32949	838.42910
AD03	13	1	1588.74397	816.27985	1377.60021	795.61194
AD03	14	0	994.51417	1037.18284	752.15740	970.72761
AD03	14	1	1307.29486	956.58582	1075.01154	930.42910
AD03	15	0	1547.28227	856.34328	1424.38615	856.34328
AD03	15	1	1750.76600	828.13433	1652.04617	830.14925
AD03	16	0	420.94648	255.89552	362.77020	218.61940
AD03	16	1	689.90766	180.33582	635.76076	144.06716
AD03	17	0	36.26443	189.40299	7.05142	164.21642
AD03	17	1	375.73977	142.05224	323.35782	119.88806
AD03	18	0	1434.45960	675.00000	1202.75656	637.97388
AD03	18	1	1797.10388	511.79104	1556.83841	470.23134
AD03	19	0	425.20881	631.97015	214.23085	552.11194
AD03	19	1	667.97901	597.71642	422.24764	529.44403
AD03	20	0	1480.79748	947.01493	1045.62434	914.77612
AD03	20	1	1619.81112	616.56716	1277.31375	580.29851
AD03	21	0	1357.90136	638.73134	1067.78594	586.34328
AD03	21	1	1678.23715	785.82090	1361.93075	749.55224
AD03	22	0	886.67891	582.81716	903.74502	537.74254
AD03	22	1	1090.66632	514.81343	1097.15530	475.27985
AD03	23	0	252.95173	616.16045	122.90031	536.26493
AD03	23	1	554.65163	663.00746	435.17733	588.65299
AD03	24	0	1021.16055	389.15672	1109.82162	344.53731
AD03	24	1	1151.10808	350.87313	1246.82057	309.77985
AD03	25	0	337.32214	210.92537	322.74502	180.42164
AD03	25	1	532.74711	261.29851	499.53410	223.74254
AD03	26	0	270.33368	270.86940	262.80797	235.83209
AD03	26	1	444.10073	326.27985	403.83631	281.67164
AD03	27	0	647.21511	728.06716	716.21511	672.46642
AD03	27	1	1745.72928	712.46642	1870.13641	696.45149
AD03	28	0	697.92550	622.56343	596.80063	558.80970
AD03	28	1	938.68101	554.05597	827.48269	505.41418
AD03	29	0	896.02833	653.82836	683.34523	585.54104
AD03	29	1	1208.80902	663.90299	983.53410	602.66791
AD03	30	0	1245.62434	931.39925	1017.47324	883.60075
AD03	30	1	1470.26233	970.69030	1215.92025	950.59701
AD03	31	0	1344.13851	483.85821	1215.33054	426.10821
AD03	31	1	1595.97482	542.29104	1504.43861	506.20149
AD03	32	0	278.02728	566.19403	406.96747	515.82090
AD03	32	1	936.83106	604.47761	1039.58027	564.17910
AD03	33	0	471.22350	763.25373	436.18678	684.55597
AD03	33	1	695.35782	752.17164	625.56768	690.60075
AD03	34	0	943.10913	479.35448	930.39979	425.48881
AD03	34	1	1125.43861	465.75373	1118.77335	415.41418
AD03	35	0	1439.50997	697.01119	1124.07660	656.89179
AD03	35	1	1689.83526	533.29851	1449.44911	482.60075
AD03	36	0	1513.69780	953.05970	1168.39979	926.36194
AD03	36	1	1882.38615	948.52612	1587.39874	969.68284
AD03	37	0	1561.38510	805.97015	1201.95173	772.33582
AD03	37	1	1823.29486	707.23881	1492.06716	677.63433
AD03	38	0	1366.96537	714.61194	1043.60965	668.95522
AD03	38	1	1523.10388	546.86940	1247.09339	501.71642
AD03	39	0	1314.95488	739.52985	1047.63903	695.14925
AD03	39	1	1465.55299	613.09328	1235.00525	562.16418
AD03	40	0	1113.08709	623.70522	864.77125	565.31343
AD03	40	1	1391.11438	585.42164	1110.56348	534.58582
AD03	41	0	1123.88458	856.20522	832.42183	799.16791
AD03	41	1	1343.48583	915.64552	1105.41238	880.26866
AD03	42	0	772.89612	692.69776	649.31899	630.26866
AD03	42	1	978.39454	634.26493	830.64113	574.35448
AD03	43	0	677.38825	771.32836	678.18993	697.62313
AD03	43	1	822.44596	689.22015	802.09339	637.17537
AD03	44	0	1350.64218	516.61567	1057.07660	453.63433
AD03	44	1	1595.42707	566.98881	1305.89087	519.11940
AD03	45	0	1696.36936	429.17910	1287.38720	370.74627
AD03	45	1	1837.39769	574.25373	1513.03253	521.86567
AD39	0	0	1042.31480	880.38433	887.59811	824.84328
AD39	0	1	1187.37251	885.92537	1021.57503	846.50373
AD39	1	0	1331.20462	837.14179	1183.70094	818.33955
AD39	1	1	1526.62959	915.72388	1383.15530	920.09328
AD39	2	0	905.71563	915.92537	566.80378	827.06716
AD39	2	1	1090.56348	936.57836	658.97587	862.32836
AD39	3	0	1426.40084	874.47761	1019.43337	830.14925
AD39	3	1	1762.85414	1021.56716	1220.90241	1011.49254
AD39	4	0	1178.59391	967.16418	842.14061	926.86567
AD39	4	1	1476.76810	1019.55224	1118.15320	993.35821
AD39	5	0	1149.76390	704.26866	1035.55089	664.92537
AD39	5	1	1335.73977	652.83582	1228.96118	606.49254
AD39	6	0	1186.65268	624.62687	1001.30115	578.28358
AD39	6	1	1400.20986	546.04478	1218.88772	503.73134
AD39	7	0	1309.54879	807.98507	1063.75656	761.64179
AD39	7	1	1708.45750	763.65672	1412.29801	741.49254
AD39	8	0	580.31375	338.70896	440.78384	294.17910
AD39	8	1	720.33473	344.75373	588.86359	303.24627
AD39	9	0	723.35677	187.58955	584.83421	155.14925
AD39	9	1	842.22350	253.07463	717.80378	207.53731
AD39	10	0	796.89297	321.58209	703.70094	275.03731
AD39	10	1	900.64953	366.91791	801.41343	321.38060
AD39	11	0	1401.21721	387.60448	1329.02623	340.19403
AD39	11	1	1555.34103	323.12687	1485.16474	262.61940
AD39	12	0	1471.73137	470.21642	1357.23190	430.86567
AD39	12	1	1651.03882	405.73881	1519.41448	354.29851
AD39	13	0	1299.47534	186.38060	970.30640	120.89552
AD39	13	1	1583.54669	222.64925	1257.39979	146.08209
AD39	14	0	966.94544	170.26119	631.24764	121.90299
AD39	14	1	1156.32634	238.76866	846.81952	195.44776
AD39	15	0	1011.26863	200.48507	696.72508	164.21642
AD39	15	1	1185.53935	265.97015	887.11333	229.70149
AD39	16	0	1040.48164	283.09701	655.42392	221.64179
AD39	16	1	1259.07555	353.61940	913.30430	293.17164
AD39	17	0	1228.85519	352.61194	1064.40609	276.04478
AD39	17	1	1378.94963	414.06716	1254.79433	372.76119
AD39	18	0	951.83526	383.84328	798.46695	332.46269
AD39	18	1	1087.82686	409.02985	954.60546	363.69403
AD39	19	0	863.18888	456.38060	762.20252	415.07463
AD39	19	1	1022.34942	489.62687	909.27492	440.26119
AD39	20	0	769.50577	355.63433	400.56558	298.20896
AD39	20	1	984.07030	398.95522	612.10808	334.47761
AD39	21	0	389.32844	299.08209	213.55719	250.85821
AD39	21	1	631.09129	325.27612	448.26863	281.08209
AD39	22	0	525.32004	225.53731	161.17524	177.31343
AD39	22	1	703.62015	271.88060	397.90136	215.59701
AD39	23	0	1127.94544	300.93284	970.52676	245.80597
AD39	23	1	1288.11333	323.09701	1111.55509	270.99254
AD39	24	0	1397.91396	299.92537	1024.92340	240.76866
AD39	24	1	1513.75866	368.43284	1218.33368	306.25373
AD39	25	0	1511.74397	399.66418	1329.14166	338.49254
AD39	25	1	1672.91920	382.53731	1541.69150	314.31343
AD39	26	0	1157.15845	496.38060	922.17419	438.23134
AD39	26	1	1344.52466	414.77612	1103.49633	354.61194
AD39	27	0	1485.55299	323.09701	1213.29696	255.88060
AD39	27	1	1617.51522	322.08955	1418.79538	250.84328
AD39	28	0	1228.67996	472.20149	987.65163	414.05224
AD39	28	1	1376.75971	459.10448	1174.01049	412.03731
AD39	29	0	1309.26758	385.55970	1139.76076	329.42537
AD39	29	1	1413.02413	413.76866	1284.81847	358.64179
AD39	30	0	757.54879	323.20149	434.79853	270.00000
AD39	30	1	976.14271	294.99254	640.29696	233.73134
AD39	31	0	597.38090	232.52985	124.53620	173.28358
AD39	31	1	790.79119	144.88060	354.21091	99.73881
AD39	32	0	691.06401	89.47015	450.91605	52.38806
AD39	32	1	825.04092	60.25373	623.17209	25.18657
AD39	33	0	967.07660	479.35821	447.89402	395.93284
AD39	33	1	1036.58342	388.68657	622.16474	328.43284
AD39	34	0	831.07030	502.61940	582.87828	447.31343
AD39	34	1	992.24554	559.03731	753.11962	502.72388
AD39	35	0	534.64428	626.44776	316.30640	550.64925
AD39	35	1	744.17209	729.20896	473.45226	647.36567
AD39	36	0	1272.85729	135.00000	1003.31375	66.49254
AD39	36	1	1493.46590	145.07463	1195.71668	65.48507
AD39	37	0	1580.09759	203.50746	1256.15740	117.87313
AD39	37	1	1742.28017	234.73881	1471.72928	150.11194
AD39	38	0	1670.17838	255.70149	1268.24554	177.31343
AD39	38	1	1872.65477	334.28358	1527.13326	260.93284
AD39	39	0	1658.09024	384.65672	1369.98741	324.40299
AD39	39	1	1780.98636	386.67164	1575.48583	313.32090
AD39	40	0	1468.70934	481.37313	1251.12067	435.22388
AD39	40	1	1684.28122	523.68657	1453.59706	475.52239
AD39	41	0	1027.49213	352.41791	888.47639	299.21642
AD39	41	1	1191.68940	431.00000	1036.55614	376.79104
AD39	42	0	893.70304	252.84328	622.65163	199.47761
AD39	42	1	1100.20881	302.20896	830.16474	243.80597
AD39	43	0	1714.50157	585.79104	1441.51102	544.81343
AD39	43	1	1917.98531	636.16418	1679.24449	615.33582
AD39	44	0	1468.70934	611.98507	1224.93179	577.05224
AD39	44	1	1577.50262	713.73881	1381.07030	683.84328
AD39	45	0	1476.76810	761.08955	1275.29906	730.18657
AD39	45	1	1597.64953	828.58955	1402.22455	812.79851
AD39	46	0	1608.73033	133.99254	1427.40818	51.38060
AD39	46	1	1800.12592	118.88060	1662.11962	19.14179
AD39	47	0	1215.60021	273.95522	926.65163	217.61194
AD39	47	1	1408.00315	303.17164	1099.91501	240.78358
AD39	48	0	1432.17943	300.14925	1065.66527	230.70896
AD39	48	1	1677.97167	314.25373	1308.43547	239.77612
AD39	49	0	1257.90871	176.23134	825.91710	104.77612
AD39	49	1	1545.00210	148.02239	1042.49633	60.44776
AD39	50	0	866.05142	164.14179	610.34523	117.87313
AD39	50	1	1062.48374	197.38806	798.71878	147.08955
AD39	51	0	1124.93914	252.79851	1090.84890	223.65672
AD39	51	1	1246.82791	222.57463	1212.73767	165.22388
AD39	52	0	1565.41448	372.35821	1236.54879	308.76866
AD39	52	1	1835.38300	439.85821	1493.42183	376.26866
AD39	53	0	1396.18048	369.33582	1195.24764	308.76866
AD39	53	1	1569.44386	469.07463	1378.58447	415.55970
AD39	54	0	310.26233	65.48507	210.53515	54.40299
AD39	54	1	489.56978	150.11194	367.68101	123.91791
AD39	55	0	275.00525	187.38806	235.71878	170.26119
AD39	55	1	428.12172	203.50746	365.66632	178.32090
AD39	56	0	272.99056	376.79104	158.15320	339.51493
AD39	56	1	465.39349	447.31343	332.42392	391.90299
AD39	57	0	366.67366	392.91045	310.26233	349.58955
AD39	57	1	524.82686	413.05970	456.32739	374.77612
AD39	58	0	1686.29591	562.67910	1535.19412	524.95522
AD39	58	1	1872.65477	571.74627	1755.80273	539.05970
AD39	59	0	1392.15110	552.64925	1112.13641	505.71642
AD39	59	1	1597.64953	594.96269	1319.64953	555.08209
AD39	60	0	1683.27387	703.76866	1363.97272	666.91045
AD39	60	1	1889.77964	623.17164	1583.57398	586.31343
AD39	61	0	1096.74711	549.44776	932.82896	502.69403
AD39	61	1	1250.87093	583.70149	1065.79853	531.91045
AD39	62	0	925.49843	491.01493	823.02833	443.25373
AD39	62	1	1102.79119	492.02239	983.19622	441.23881
AD39	63	0	737.25393	223.65672	544.16579	178.32090
AD39	63	1	953.83316	247.83582	740.59811	191.41791
AD39	64	0	1572.46590	793.88060	1315.60756	763.65672
AD39	64	1	1772.92760	836.19403	1538.23085	824.10448
AD39	65	0	743.00420	199.47761	583.02623	179.32836
AD39	65	1	868.92235	314.32836	700.88562	271.00746
AD39	66	0	1413.30535	215.59701	1241.99685	142.05224
AD39	66	1	1556.34837	234.73881	1381.01049	163.20896
AD39	67	0	1091.78384	528.00746	910.54879	469.00000
AD39	67	1	1248.92970	519.94776	1047.54774	464.97015
AD39	68	0	963.85100	503.82836	804.77754	454.89552
AD39	68	1	1070.62959	533.04478	931.70304	483.10448
AD39	69	0	1028.32109	453.45522	878.31375	401.50000
AD39	69	1	1161.29066	492.74627	1009.26863	444.82090
AD39	70	0	934.63799	372.85821	813.84365	326.94776
AD39	70	1	1056.52676	414.16418	936.73977	370.26866
AD39	71	0	1507.99580	258.64925	1345.93075	199.47761
AD39	71	1	1658.09024	301.97015	1501.06191	239.77612
AD39	72	0	1714.50157	636.90299	1494.90031	598.61940
AD39	72	1	1914.96327	664.10448	1637.94334	643.95522
AD39	73	0	718.18888	647.57463	494.33578	582.82836
AD39	73	1	1008.30430	715.07463	750.20147	660.40299
AD39	74	0	954.96327	32.23881	844.15530	0.00000
AD39	74	1	1228.96118	104.77612	1144.34418	44.32836
AD39	75	0	1418.34208	562.67910	1168.29801	513.29851
AD39	75	1	1722.56034	689.61940	1420.13431	660.38806
AD39	76	0	337.13012	644.67164	187.36621	568.20896
AD39	76	1	651.42183	641.64925	441.21721	576.26866
AD39	77	0	896.68101	190.41045	527.65163	143.05970
AD39	77	1	1088.07660	303.24627	704.94439	244.81343
AD39	78	0	1057.85624	111.82836	747.25289	61.45522
AD39	78	1	1232.12697	212.57463	918.50157	143.05970
AD39	79	0	984.32004	56.41791	818.77440	7.05224
AD39	79	1	1131.39244	129.96269	969.87618	67.50000
AD39	80	0	707.84995	378.19403	432.85729	321.06716
AD39	80	1	869.02518	339.91045	609.14271	289.83582
AD39	81	0	1486.84155	258.42537	1111.01154	184.29104
AD39	81	1	1675.21511	386.37313	1297.37041	308.20896
AD39	82	0	1633.91396	147.08955	1096.55614	49.36567
AD39	82	1	1895.82371	251.86567	1233.55509	143.05970
AD39	83	0	1329.85729	191.41791	1015.10703	127.94776
AD39	83	1	1520.24554	238.76866	1132.96642	161.19403
AD39	84	0	826.46065	214.58955	320.29906	156.15672
AD39	84	1	1074.26758	285.11194	672.86988	223.65672
AD39	85	0	807.94544	938.95522	643.57083	875.48507
AD39	85	1	992.28961	879.51493	834.96642	822.08955
AD39	86	0	989.66632	203.50746	664.96013	147.08955
AD39	86	1	1214.30430	229.70149	835.20147	168.24627
AD39	87	0	383.08395	833.84701	187.01469	727.47388
AD39	87	1	681.76180	777.93284	500.29906	710.85075
AD39	88	0	1305.94544	380.90299	1184.63799	328.43284
AD39	88	1	1457.04722	381.91045	1365.96013	328.43284
AD39	89	0	1603.11228	388.96269	1382.07765	326.41791
AD39	89	1	1756.22875	366.79851	1502.95908	284.10448
AD39	90	0	831.94544	350.94776	714.93075	303.18657
AD39	90	1	946.78279	359.00746	825.73872	308.22388
AD39	91	0	1169.64428	678.29851	892.41658	631.14179
AD39	91	1	1442.63484	630.94776	1140.22350	577.74627
AD39	92	0	1642.98006	377.78358	1414.31270	316.22388
AD39	92	1	1812.21406	358.64179	1547.28227	286.00000
AD39	93	0	1332.71773	385.84328	1220.90241	330.32836
AD39	93	1	1491.87828	385.84328	1397.18783	331.33582
AD39	94	0	1200.07030	720.24627	923.43861	663.00746
AD39	94	1	1468.02413	687.00000	1233.70094	676.10448
AD39	95	0	1625.85519	786.82836	1435.46695	762.64925
AD39	95	1	1839.41238	928.88060	1582.53935	954.06716
AD39	96	0	532.21091	543.41791	376.74711	511.73134
AD39	96	1	793.11333	677.41045	568.14271	600.38806
AD39	97	0	1443.52571	672.20896	1149.30640	623.82090
AD39	97	1	1763.86149	663.14179	1490.79643	630.87313
AD39	98	0	303.21091	784.02239	183.33683	695.14925
AD39	98	1	534.90031	826.33582	398.90871	713.28358
AD39	99	0	749.63694	612.66418	551.73977	542.58955
AD39	99	1	938.01049	748.67164	677.65792	675.57463
AD39	100	0	739.49003	358.16418	447.54879	302.85821
AD39	100	1	1059.82581	452.86567	748.74502	384.46269
AD39	101	0	1081.94544	340.82836	781.02623	288.00000
AD39	101	1	1265.28227	376.08955	956.30430	318.22388
AD39	102	0	1104.10703	451.64925	935.15005	397.81343
AD39	102	1	1199.80483	407.32090	1049.98741	358.52239
AD39	103	0	671.96747	122.91045	554.95278	86.64179
AD39	103	1	796.87828	143.05970	681.87828	101.75373
AD39	104	0	403.67366	330.04478	44.32319	266.97761
AD39	104	1	705.87723	281.68657	287.09339	231.71642
AD39	105	0	488.18783	356.99254	311.26967	313.11194
AD39	105	1	632.23820	340.87313	445.24659	278.85821
AD39	106	0	834.92340	221.64179	615.71773	177.31343
AD39	106	1	980.98846	185.37313	777.90031	135.00000
AD39	107	0	731.16684	320.37313	541.17419	268.99254
AD39	107	1	894.35677	270.00000	694.29066	221.64179
AD39	108	0	852.04827	394.92537	671.12172	338.50746
AD39	108	1	996.09864	375.78358	797.03987	317.35075
AD39	109	0	935.65792	351.60448	804.09129	304.25373
AD39	109	1	1079.70829	313.32090	942.09759	259.92537
AD39	110	0	1063.59077	464.44030	901.80378	410.03731
AD39	110	1	1228.79538	461.41791	1059.95698	412.05224
AD39	111	0	1538.21616	329.44030	1311.56348	256.90299
AD39	111	1	1730.61910	242.79851	1476.76810	160.18657
AD39	112	0	1646.00210	331.45522	1499.93704	259.92537
AD39	112	1	1783.00105	429.17910	1660.10493	363.69403
AD39	113	0	1315.59286	141.04478	1161.46905	76.56716
AD39	113	1	1447.55509	109.81343	1272.27702	38.28358
AD39	114	0	1341.78384	293.17164	1223.92445	234.73881
AD39	114	1	1473.74607	360.67164	1357.90136	294.17910
AD39	115	0	783.75446	208.54478	548.28332	166.23134
AD39	115	1	963.06191	286.11940	719.53200	226.67910
AD39	116	0	986.23085	95.70896	750.75971	44.32836
AD39	116	1	1113.15635	205.52239	881.71459	139.02985
AD04	0	0	753.16474	1024.08582	461.36411	930.89552
AD04	0	1	1063.93075	943.99254	721.25918	868.43284
AD04	1	0	1339.41133	114.59701	994.70934	41.80970
AD04	1	1	1646.65163	217.35821	1373.97482	141.04478
AD04	2	0	731.61280	985.41045	436.76390	891.41045
AD04	2	1	923.00839	869.55224	672.48269	798.72388
AD04	3	0	477.48164	427.16418	227.66002	344.55224
AD04	3	1	713.20042	531.94030	497.62854	473.50746
AD04	4	0	592.37461	432.28731	437.31165	370.03358
AD04	4	1	843.70724	544.61940	661.94963	482.86940
AD04	5	0	827.26023	934.26866	436.53200	839.21642
AD04	5	1	1043.83945	877.34701	645.55614	795.39179
AD47	0	0	362.35782	398.08955	319.18888	349.02239
AD47	0	1	647.43652	398.08955	580.09129	355.06716
AD47	1	0	1154.20881	268.67910	1118.93809	217.61194
AD47	1	1	1320.42078	348.26866	1307.31165	293.17164
AD47	2	0	778.60021	581.97015	734.84995	526.82836
AD47	2	1	975.03253	573.91045	897.03253	527.83582
AD47	3	0	812.74816	288.13433	713.84995	240.45522
AD47	3	1	960.82791	413.05970	883.08395	368.40299
AD47	4	0	1099.84260	258.60448	1059.76915	202.50000
AD47	4	1	1256.98846	323.08209	1241.09129	268.99254
AD47	5	0	883.02623	441.90299	882.68101	396.89552
AD47	5	1	1025.06191	491.26866	1031.76810	451.29851
AD47	6	0	425.87933	360.55224	408.63694	321.59701
AD47	6	1	602.16474	457.26866	561.75341	400.17910
AD47	7	0	1406.25393	302.76866	1462.66527	247.62687
AD47	7	1	1534.18678	370.26866	1617.79643	325.20149
AD47	8	0	833.32004	582.07463	851.91605	540.87313
AD47	8	1	978.37775	587.11194	990.92970	545.91045
AD47	9	0	317.31375	58.43284	201.46905	38.28358
AD47	9	1	574.18678	52.38806	424.09234	26.19403
AD47	10	0	1542.24554	561.74627	1496.91501	532.91791
AD47	10	1	1751.77335	548.64925	1753.78804	518.81343
AD47	11	0	1054.51207	407.01493	945.83526	354.85821
AD47	11	1	1284.18678	426.15672	1135.21616	372.99254
AD47	12	0	1099.90241	330.16418	945.34313	278.05970
AD47	12	1	1366.84890	306.99254	1191.13536	248.84328
AD47	13	0	396.60756	699.01493	290.11542	620.10448
AD47	13	1	575.91501	681.88806	461.36411	604.99254
AD47	14	0	260.90241	630.14925	270.97587	560.88806
AD47	14	1	364.65897	557.61194	359.62225	500.44030
AD47	15	0	1408.26863	940.97015	1185.03358	923.84328
AD47	15	1	1601.67891	1015.52239	1370.38510	1017.53731
AD47	16	0	1738.67786	865.41045	1690.32529	872.46269
AD47	16	1	1847.47114	770.70896	1839.41238	775.74627
AD47	17	0	1247.04827	690.25373	1210.44491	654.41791
AD47	17	1	1305.47429	596.55970	1290.02518	558.70896
AD47	18	0	839.09969	723.26866	797.47429	666.26866
AD47	18	1	953.93704	680.95522	920.37041	635.03731
AD47	19	0	1528.14271	757.82836	1369.98951	732.08209
AD47	19	1	1738.67786	770.92537	1586.56873	757.26866
AD47	20	0	736.07030	495.84328	497.78384	436.83582
AD47	20	1	881.12802	536.14179	670.03987	480.15672
AD47	21	0	785.72928	745.52239	560.08395	670.97015
AD47	21	1	922.72823	737.46269	689.02413	660.89552
AD47	22	0	380.53410	812.29104	59.43337	707.14925
AD47	22	1	641.43652	764.94030	307.24029	674.91045
AD47	23	0	1521.09129	811.64179	1318.61490	792.91045
AD47	23	1	1719.53830	816.67910	1519.07660	806.00746
AD47	24	0	1133.67366	697.24627	856.71039	639.29104
AD47	24	1	1344.20881	615.64179	1062.20881	569.77612
AD47	25	0	1400.20986	601.73134	1235.64428	562.04478
AD47	25	1	1642.98006	613.82090	1455.24554	578.16418
AD47	26	0	160.16789	132.98507	85.62434	110.82090
AD47	26	1	439.20252	99.73881	335.44596	75.55970
AD47	27	0	1142.90871	368.93284	1120.93809	325.11194
AD47	27	1	1311.13536	388.07463	1283.12067	337.20149
AD47	28	0	1438.48898	602.67910	1400.20986	570.82836
AD47	28	1	1649.02413	643.98507	1633.91396	620.19403
AD47	29	0	727.90871	509.23881	641.16579	453.94776
AD47	29	1	966.64953	483.04478	848.67891	426.74627
AD47	30	0	241.76285	749.55224	122.89612	654.85075
AD47	30	1	614.48059	846.26866	435.17314	757.61194
AD47	31	0	678.95068	864.40299	360.62959	773.73134
AD47	31	1	876.39035	886.56716	562.09864	803.95522
AD47	32	0	1438.48898	733.43284	1275.29906	709.25373
AD47	32	1	1778.97167	807.98507	1504.97377	799.92537
AD47	33	0	723.27387	896.64179	269.96852	803.95522
AD47	33	1	946.90451	930.89552	443.23190	834.17910
AD47	34	0	455.83526	718.97015	336.45331	634.70149
AD47	34	1	597.87093	775.38806	459.34942	679.02985
AD47	35	0	1005.86464	950.03731	778.71773	884.55224
AD47	35	1	1160.99580	970.18657	932.84155	921.82836
AD47	36	0	1278.85729	634.87313	1179.27597	592.73881
AD47	36	1	1366.49633	662.07463	1296.12802	650.16418
AD47	37	0	923.86464	649.69403	839.97482	595.68657
AD47	37	1	1100.15005	691.00000	1004.17209	648.07463
AD47	38	0	1085.84260	728.06716	910.71039	672.86567
AD47	38	1	1272.20147	731.08955	1055.76810	683.94776
AD47	39	0	670.94544	186.38060	574.98216	148.09701
AD47	39	1	850.25289	78.58209	721.04722	38.28358
AD47	40	0	784.77545	263.95522	541.73977	216.60448
AD47	40	1	980.20042	417.08955	727.09129	358.65672
AD47	41	0	944.71039	615.65672	824.40189	561.80597
AD47	41	1	1161.28961	630.76866	1057.09864	584.97761
AD47	42	0	659.68835	550.87313	636.85729	491.96269
AD47	42	1	846.04722	559.94030	792.99580	514.12687
AD47	43	0	1630.89192	800.93284	1572.46590	789.85075
AD47	43	1	1843.44176	888.58209	1810.19937	908.73134
AD47	44	0	1630.89192	684.71642	1591.60546	667.85821
AD47	44	1	1845.45645	714.94030	1856.53725	712.18657
AD47	45	0	1489.86359	695.91791	1511.01784	675.79851
AD47	45	1	1648.01679	721.10448	1699.39140	710.05224
AD47	46	0	1041.79853	648.08955	876.71144	592.79851
AD47	46	1	1243.26758	652.11940	1121.49633	608.91791
AD47	47	0	888.43127	288.99254	792.51207	240.78358
AD47	47	1	1111.05456	296.04478	1000.02518	247.83582
AD47	48	0	658.80378	658.88060	572.17209	592.38806
AD47	48	1	854.22875	626.64179	761.55299	578.28358
AD47	49	0	1633.91396	648.80597	1519.07660	630.67164
AD47	49	1	1893.80902	709.25373	1746.73662	693.13433
AD47	50	0	1485.83421	752.79104	1357.90136	729.63433
AD47	50	1	1729.61175	833.38806	1587.57608	817.28358
AD47	51	0	1511.01784	765.67164	1388.12172	743.50746
AD47	51	1	1758.82476	844.25373	1621.82581	822.08955
AD47	52	0	806.93809	592.05970	892.76915	543.89552
AD47	52	1	948.97377	590.04478	1031.78279	546.91791
AD47	53	0	828.03778	675.00000	767.59706	614.55224
AD47	53	1	1791.05981	600.44776	1893.80902	586.34328
AD47	54	0	903.03463	296.11940	102.74921	231.71642
AD47	54	1	1407.71459	246.75373	584.26023	153.13433
AD47	55	0	974.36516	412.59701	953.68835	364.00000
AD47	55	1	1190.94439	444.83582	1200.48793	405.30597
AD52	0	0	849.82791	1041.71642	526.83526	973.20896
AD52	0	1	983.80483	914.77612	682.97377	855.33582
AD52	1	0	239.74816	583.00746	203.48374	521.86567
AD52	1	1	570.15740	662.59701	473.45226	594.40299
AD52	2	0	948.57817	415.21642	695.10703	360.07463
AD52	2	1	1172.20881	382.97761	938.88458	327.83582
AD52	3	0	536.54145	404.55224	509.60756	359.82090
AD52	3	1	734.98846	426.71642	707.04722	377.95522
AD52	4	0	1188.97482	916.79104	940.86044	866.41791
AD52	4	1	1297.76810	792.87313	1065.77125	763.65672
AD52	5	0	1138.89402	783.80597	796.54145	708.44776
AD52	5	1	1307.12067	859.36567	961.74607	809.19403
AD52	6	0	786.67366	618.52239	497.59286	554.97761
AD52	6	1	1052.61280	727.32836	758.49528	662.77612
AD52	7	0	578.37146	496.36567	359.62225	435.52985
AD52	7	1	766.74502	626.32836	547.99580	559.44776
AD52	8	0	867.18783	892.61194	670.89192	830.14925
AD52	8	1	1061.60546	949.02985	793.78804	886.56716
AD52	9	0	1253.77545	727.69403	1074.62854	687.73881
AD52	9	1	1131.88667	642.05970	954.75446	606.13433
AD52	10	0	1687.30325	795.89552	1512.02518	785.07463
AD52	10	1	1421.36411	792.87313	1258.17419	767.94776
AD52	11	0	427.11438	203.50746	408.98216	185.37313
AD52	11	1	1760.83945	920.82090	1654.06086	938.95522
AD52	12	0	1313.78384	583.17164	1284.84995	550.87313
AD52	12	1	1441.71668	612.38806	1448.03987	580.08955
AD52	13	0	1512.02518	781.82836	1410.28332	764.92537
AD52	13	1	1715.50892	735.48507	1658.09024	723.61940
AD52	14	0	664.65163	597.09701	623.37880	539.07463
AD52	14	1	876.19412	558.81343	828.87723	510.86567
AD52	15	0	550.18153	466.64179	430.37985	408.98507
AD52	15	1	820.15005	500.89552	694.30430	449.28358
AD52	16	0	684.90136	380.99254	488.90976	330.04478
AD52	16	1	827.94439	375.95522	679.29801	328.02985
AD52	17	0	849.63064	129.96269	374.20357	70.52239
AD52	17	1	1302.93599	318.35821	688.49528	244.81343
AD61	0	0	428.94753	1049.77612	292.80693	946.00746
AD61	0	1	1072.64113	1051.79104	906.28017	995.37313
AD61	1	0	445.24659	691.11940	241.76285	612.53731
AD61	1	1	638.65687	679.02985	406.96747	602.46269
AD61	2	0	717.18048	1004.44030	535.84260	914.77612
AD61	2	1	843.09864	1025.59701	637.58447	947.01493
AD61	3	0	278.02728	1043.73134	145.05771	914.77612
AD61	3	1	840.12592	880.52239	737.37671	832.16418
AD61	4	0	721.71039	1068.91791	389.88038	965.14925
AD61	4	1	931.23820	939.96269	648.76810	861.38060
AD61	5	0	1010.74711	1044.73881	867.07030	993.35821
AD61	5	1	1202.14271	1044.73881	1021.19412	1010.48507
AD61	6	0	949.52676	1015.52239	813.82791	960.11194
AD61	6	1	1133.87093	1047.76119	1006.23085	1018.54478
AD61	7	0	778.40923	1026.60448	627.62959	962.12687
AD61	7	1	1001.03253	1026.60448	826.07660	973.20896
AD61	8	0	785.72928	898.65672	171.24869	775.74627
AD61	8	1	1321.63694	793.88060	501.65792	717.31343
AD61	9	0	1132.65163	979.25373	1036.11542	945.00000
AD61	9	1	1347.21616	977.23881	1265.79014	966.15672
AD61	10	0	114.83736	616.56716	18.13221	525.89552
AD61	10	1	406.96747	656.86567	304.21826	586.34328
AD61	11	0	165.20462	668.95522	70.51417	580.29851
AD61	11	1	320.33578	668.95522	157.14586	590.37313
AD61	12	0	392.86464	382.83582	360.62959	314.32836
AD61	12	1	632.61280	278.05970	566.12802	231.71642
AD61	13	0	541.32109	473.90299	90.66107	391.50000
AD61	13	1	636.01154	468.86567	195.42497	398.55224
AD61	14	0	623.89297	1020.55970	188.37356	895.63433
AD61	14	1	765.92865	961.11940	333.43127	856.34328
AD61	15	0	358.61490	797.91045	0.00000	679.02985
AD61	15	1	491.58447	797.91045	126.92550	697.16418
AD61	16	0	350.55614	679.02985	114.83736	622.61194
AD61	16	1	493.59916	660.89552	245.79224	598.43284
AD61	17	0	282.05666	886.56716	118.86674	787.83582
AD61	17	1	471.43757	832.16418	247.80693	755.59701
AD61	18	0	167.21931	699.17910	84.61700	622.61194
AD61	18	1	513.74607	737.46269	376.74711	648.80597
AD68	0	0	888.47849	924.85075	396.89402	826.11940
AD68	0	1	1093.97692	1033.65672	550.01049	949.02985
AD68	1	0	1245.07870	699.17910	973.09549	646.79104
AD68	1	1	1394.16579	610.52239	1142.32949	564.17910
AD68	2	0	1412.29801	757.61194	934.81637	709.25373
AD68	2	1	1625.85519	662.91045	1172.54984	612.53731
AD68	3	0	1345.81322	878.50746	892.50787	826.11940
AD68	3	1	1563.39979	807.98507	1132.25603	775.74627
AD68	4	0	1406.25393	570.22388	944.88982	519.85075
AD68	4	1	1646.00210	479.55224	1224.93179	407.01493
AD68	5	0	1484.82686	433.20896	1071.81532	370.74627
AD68	5	1	1817.25079	441.26866	1406.25393	374.77612
AD68	6	0	356.60021	542.01493	292.13012	487.61194
AD68	6	1	525.83421	544.02985	437.18783	497.68657
AD68	7	0	1073.83001	594.40299	1039.58027	556.11940
AD68	7	1	1214.85834	588.35821	1174.56453	540.00000
AD68	8	0	1063.96013	843.24627	1068.73242	804.24627
AD68	8	1	1194.91501	840.22388	1201.70199	817.34328
AD68	9	0	965.03673	991.34328	866.31689	959.10448
AD68	9	1	1619.81112	1019.55224	1581.53200	1037.68657
AD68	10	0	731.33263	892.61194	763.56768	836.19403
AD68	10	1	1100.02099	874.47761	1136.28541	842.23881
AD68	11	0	1245.07870	610.52239	912.65477	558.13433
AD68	11	1	1504.97377	580.29851	1230.97587	544.02985
AD68	12	0	1654.06086	483.58209	1611.75236	439.25373
AD68	12	1	1885.75026	513.80597	1865.60336	469.47761
AD68	13	0	958.99265	535.97015	745.43547	477.53731
AD68	13	1	1220.90241	523.88060	942.87513	479.55224
AD68	14	0	1517.06191	723.35821	1208.81427	689.10448
AD68	14	1	1783.00105	824.10448	1365.96013	793.88060
AD68	15	0	610.45121	993.35821	537.92235	906.71642
AD68	15	1	1108.07975	1003.43284	977.12487	967.16418
AD68	16	0	1205.36411	1021.56716	554.03987	975.22388
AD68	16	1	1353.44386	861.38060	832.06716	795.89552
AD68	17	0	1260.97482	692.47761	914.19622	634.17910
AD68	17	1	1536.98741	583.67164	1168.04722	540.48507
AD68	18	0	821.99370	755.59701	441.21721	672.98507
AD68	18	1	1118.15320	644.77612	725.28856	586.34328
AD68	19	0	1475.76076	648.90299	1079.87408	604.47761
AD68	19	1	1754.79538	705.32090	1386.10703	666.94030
AD68	20	0	158.15320	546.21642	74.54355	473.50746
AD68	20	1	431.14376	502.89552	308.24764	451.34328
AD68	21	0	1688.31060	740.76119	1619.81112	723.54478
AD68	21	1	1846.46380	838.48507	1793.07450	855.52239
AD68	22	0	1124.19727	499.70149	950.93389	433.20896
AD68	22	1	1347.82791	447.31343	1182.62329	390.89552
AD68	23	0	1059.41658	625.26119	731.47534	562.08955
AD68	23	1	1337.44386	567.83582	980.28961	508.69403
AD68	24	0	1277.31375	886.56716	797.81742	822.08955
AD68	24	1	1650.03148	991.34328	1021.44806	942.98507
AD68	25	0	995.25708	884.55224	709.17104	814.02985
AD68	25	1	747.45016	908.73134	475.46695	812.01493
AD68	26	0	973.49003	955.07463	497.62854	848.28358
AD68	26	1	1286.77440	1050.78358	739.39140	1021.56716
AD68	27	0	924.74292	914.77612	467.40818	824.10448
AD68	27	1	1299.47534	983.28358	709.17104	938.95522
AD68	28	0	1437.48164	403.66418	828.03778	322.38806
AD68	28	1	1818.25813	543.70149	1095.99161	475.52239
AD68	29	0	956.78384	603.97015	756.58552	546.93284
AD68	29	1	1179.40714	589.86567	973.16474	532.82836
AD68	30	0	1186.65268	666.94030	922.72823	616.56716
AD68	30	1	1412.29801	592.38806	1110.09444	537.98507
AD68	31	0	1273.32844	534.14179	1033.53620	491.64179
AD68	31	1	1559.41448	508.95522	1303.50472	461.41791
AD68	32	0	1556.34837	637.44030	1382.07765	589.97015
AD68	32	1	1804.15530	642.47761	1575.48793	599.03731
AD68	33	0	874.37566	908.73134	644.70094	832.16418
AD68	33	1	1067.78594	711.26866	830.05247	654.85075
AD68	34	0	1289.40189	844.25373	1023.69570	789.85075
AD68	34	1	1549.29696	906.71642	1284.59811	897.64925
AD83	0	0	1113.43861	1016.52985	925.33578	971.19403
AD83	0	1	1389.45121	1066.90299	1182.20881	1045.74627
AD83	1	0	1251.12277	888.58209	1218.88772	868.43284
AD83	1	1	1656.07555	916.79104	1714.50157	963.13433
AD83	2	0	1067.78594	979.25373	948.85834	939.96269
AD83	2	1	1553.32634	935.93284	1467.64113	946.00746
AD83	3	0	1166.12172	896.64179	1097.24659	863.39552
AD83	3	1	1331.32634	901.67910	1265.47324	876.49254
AD83	4	0	989.29906	877.50000	835.07030	819.06716
AD83	4	1	1280.42183	921.82836	1075.82581	887.57463
AD83	5	0	443.23190	1065.89552	265.93914	947.01493
AD83	5	1	705.14166	888.58209	564.11333	814.02985
AD83	6	0	904.59601	1035.67164	594.33368	961.11940
AD83	6	1	1208.81427	783.80597	884.44911	733.43284
AD83	7	0	1055.69780	993.35821	676.93599	918.80597
AD83	7	1	1351.85729	932.91045	882.43442	874.47761
AD83	8	0	1075.84470	963.13433	811.92025	922.83582
AD83	8	1	1412.29801	953.05970	1164.49108	920.82090
AD83	9	0	886.46380	953.05970	727.30325	892.61194
AD83	9	1	1293.43127	858.35821	1228.96118	830.14925
AD83	10	0	588.28961	1003.43284	398.90871	904.70149
AD83	10	1	1067.78594	906.71642	961.00735	866.41791
AD05	0	0	1013.38930	471.49254	433.15845	457.38806
AD05	0	1	1226.94648	370.74627	691.03882	368.73134
AD05	1	0	108.28961	182.14179	24.67996	232.55597
AD05	1	1	252.84365	140.83582	171.75236	187.72388
AD05	2	0	614.29696	53.89925	427.11438	90.67164
AD05	2	1	794.61175	57.42537	620.52466	84.62687
AD05	3	0	1470.72403	311.15672	1064.65897	289.14179
AD05	3	1	1712.48688	290.00000	1259.07660	275.03731
AD05	4	0	1083.90346	338.50746	439.20252	318.35821
AD05	4	1	1424.38615	402.98507	684.99475	407.01493
AD05	5	0	574.18678	499.70149	118.86674	493.65672
AD05	5	1	684.99475	219.62687	306.23295	243.80597
AD05	6	0	743.42078	126.94030	207.51312	153.13433
AD05	6	1	1102.03568	155.14925	481.51102	169.25373
AD05	7	0	523.81952	68.50746	304.21826	104.77612
AD05	7	1	1138.30010	642.76119	600.37775	687.08955
AD05	8	0	1416.32739	608.50746	632.61280	594.40299
AD05	8	1	1915.97062	763.65672	1095.99161	759.62687
AD05	9	0	1380.06296	417.08955	580.23085	419.10448
AD05	9	1	1893.80902	265.97015	880.41973	235.74627
AD05	10	0	225.64533	104.77612	145.05771	155.14925
AD05	10	1	477.48164	18.13433	352.57083	68.50746
AD05	11	0	676.93599	437.23881	20.14690	439.25373
AD05	11	1	1156.43232	98.73134	491.58447	84.62687
AD05	12	0	1224.93179	1029.62687	431.14376	1015.52239
AD05	12	1	1551.31165	951.04478	844.15530	971.19403
AD05	13	0	942.87513	932.91045	370.70304	900.67164
AD05	13	1	1303.50472	928.88060	616.49528	938.95522
AD05	14	0	896.53725	217.61194	342.49738	233.73134
AD05	14	1	1259.18153	419.10448	680.96537	421.11940
AD05	15	0	860.02099	148.09701	32.23505	213.58209
AD05	15	1	1335.48793	477.53731	386.82057	471.49254
AD05	16	0	624.22560	63.47015	319.32844	96.71642
AD05	16	1	943.55404	72.53731	554.03987	95.70896
AD05	17	0	876.52046	219.26866	338.75551	245.50746
AD05	17	1	1328.81847	355.27612	785.00944	321.06716
AD05	18	0	723.27072	366.02985	119.87408	372.07463
AD05	18	1	1259.17838	405.32090	551.01784	401.29104
AD05	19	0	828.37356	168.24627	31.22770	192.42537
AD05	19	1	1414.64848	79.58955	434.16579	60.44776
AD05	20	0	765.58237	533.95522	8.05876	533.95522
AD05	20	1	1319.62225	556.11940	529.86359	550.07463
AD05	21	0	149.08709	66.49254	0.00000	128.95522
AD05	21	1	552.02518	34.25373	282.05666	72.53731
AD11	0	0	350.81427	246.48507	27.19832	273.52239
AD11	0	1	667.12067	330.10448	365.66632	333.97015
AD11	1	0	140.02099	797.91045	101.74187	768.45522
AD11	1	1	503.67261	750.55970	416.03358	732.18657
AD11	2	0	304.21826	281.34328	339.24764	309.80597
AD11	2	1	479.49633	308.54478	479.26863	328.94776
AD11	3	0	590.59286	328.97761	481.22455	336.91791
AD11	3	1	793.06925	314.87313	667.58342	322.81343
AD11	4	0	760.95383	956.08209	12.08814	900.67164
AD11	4	1	1091.36306	951.04478	390.84995	938.95522
AD11	5	0	387.55614	427.97761	311.26967	439.81343
AD11	5	1	590.03253	447.11940	475.46695	452.91045
AD11	6	0	688.78384	442.17164	770.48269	449.87313
AD11	6	1	911.40714	410.94030	986.05456	412.59701
AD11	7	0	1051.69465	583.94030	1149.77650	591.15672
AD11	7	1	1141.34837	545.65672	1242.45226	549.85075
AD11	8	0	269.96852	777.76119	143.04302	755.67910
AD11	8	1	530.87093	790.85821	365.66632	769.78358
AD11	9	0	1427.40818	234.47015	1359.91605	207.53731
AD11	9	1	1721.55299	260.66418	1637.94334	227.68657
AD11	10	0	814.35677	761.41791	722.46695	755.07463
AD11	10	1	1620.81847	472.88060	1583.54669	466.64179
AD11	11	0	1610.74502	640.00000	1509.00315	647.79851
AD11	11	1	1854.52256	668.20896	1775.94963	682.05224
AD11	12	0	1285.37251	560.14925	912.65477	560.14925
AD11	12	1	1609.73767	548.05970	1245.07870	542.01493
AD11	13	0	1476.76810	443.28358	1408.26863	445.29851
AD11	13	1	1684.28122	443.28358	1611.75236	425.14925
AD11	14	0	1015.40399	626.64179	985.16684	627.82090
AD11	14	1	1178.59391	652.83582	1143.32004	666.10448
AD11	15	0	860.82057	648.13433	882.53410	651.63433
AD11	15	1	1025.01784	657.20149	1038.67261	670.77612
AD11	16	0	930.04092	540.96269	1064.33578	545.05970
AD11	16	1	1048.90766	534.91791	1183.20252	548.08209
AD11	17	0	376.57817	464.59701	120.88143	472.83582
AD11	17	1	669.71563	475.67910	453.30535	483.91791
AD11	18	0	763.28437	652.83582	494.09339	644.84328
AD11	18	1	1050.37775	667.94776	783.20147	659.95522
AD11	19	0	685.16579	480.48507	576.89402	486.73134
AD11	19	1	859.43652	563.09701	772.31899	568.33582
AD11	20	0	837.85834	563.37313	650.84365	563.77612
AD11	20	1	1051.41553	552.29104	889.58447	548.66418
AD11	21	0	1601.67891	540.12687	1289.40189	544.32090
AD11	21	1	1912.94858	521.99254	1589.59077	516.11194
AD11	22	0	992.86988	584.70896	736.94544	584.60448
AD11	22	1	1217.50787	465.82836	986.76705	463.70896
AD11	23	0	844.77650	550.73881	517.73977	555.43284
AD11	23	1	1068.40714	665.58955	716.18678	667.26119
AD11	24	0	744.90976	882.53731	448.90241	864.40299
AD11	24	1	1163.96537	955.07463	782.33368	929.88806
AD21	0	0	316.30640	256.90299	142.03568	290.13433
AD21	0	1	582.24554	201.49254	417.04092	232.70896
AD21	1	0	972.62225	323.29104	878.43232	327.17164
AD21	1	1	1185.17209	297.09701	1117.17314	293.92537
AD21	2	0	968.21826	208.54478	484.30640	217.61194
AD21	2	1	1265.38510	122.91045	845.94334	112.83582
AD21	3	0	1326.80588	293.79104	1147.46905	284.10448
AD21	3	1	1596.77440	274.64925	1451.68730	245.82090
AD21	4	0	1275.53410	342.84328	1095.60651	339.88060
AD21	4	1	1544.49528	393.21642	1360.53830	378.16418
AD21	5	0	1478.78279	556.10448	1274.54145	556.10448
AD21	5	1	1767.89087	472.48507	1544.50997	460.39552
AD21	6	0	1632.90661	473.49254	1559.62015	452.33582
AD21	6	1	1902.87513	514.79851	1822.53725	510.76866
AD21	7	0	469.47534	339.08209	279.03463	355.15672
AD21	7	1	728.36306	272.58955	560.08395	286.64925
AD21	8	0	528.68940	576.26866	35.25708	565.20896
AD21	8	1	983.00210	543.02239	470.43022	538.00746
AD21	9	0	1534.18678	407.61940	1363.94544	400.61194
AD21	9	1	1845.45645	407.61940	1662.11962	387.51493
AD21	10	0	1426.40084	576.13433	1077.84365	574.99254
AD21	10	1	1693.34732	474.38060	1390.12067	467.19403
AD21	11	0	1469.71668	543.08955	1287.76915	552.27612
AD21	11	1	1759.83211	490.70149	1494.27492	475.70896
AD21	12	0	965.34313	531.56716	476.55614	534.44030
AD21	12	1	1229.26758	470.11194	833.15635	476.00746
AD21	13	0	1000.64428	260.54478	831.88772	255.73134
AD21	13	1	1236.36306	338.11940	1053.50367	333.30597
AD21	14	0	964.10178	357.24627	1041.37251	364.81343
AD21	14	1	1107.14481	364.29851	1186.43022	362.79851
AD21	15	0	932.38720	359.95522	851.45331	369.20149
AD21	15	1	1140.90766	322.67910	1049.90031	316.81343
AD21	16	0	1400.20986	197.46269	1343.79853	181.34328
AD21	16	1	1660.10493	261.94030	1611.75236	243.80597
AD21	17	0	1534.18678	496.45522	1402.22455	487.96269
AD21	17	1	1799.11857	448.09701	1699.39140	440.61194
AD21	18	0	1356.89402	558.87313	1101.82791	567.50746
AD21	18	1	1668.16369	553.83582	1395.97272	554.41045
AD21	19	0	507.69570	341.27612	513.75446	365.95522
AD21	19	1	704.12802	337.24627	698.09864	353.86567
AD21	20	0	1068.99790	381.00746	1140.92340	382.04478
AD21	20	1	1230.17314	373.95522	1311.16474	372.97761
AD21	21	0	689.02413	322.38806	145.05771	328.43284
AD21	21	1	1071.81532	229.70149	570.15740	247.83582
AD21	22	0	103.75656	385.02239	43.31584	406.85075
AD21	22	1	355.59286	353.79104	295.15215	374.61194
AD21	23	0	1264.79853	145.07463	1184.44596	132.98507
AD21	23	1	1483.39244	107.79851	1402.03253	80.59701
AD21	24	0	1324.80588	108.80597	1132.71039	95.70896
AD21	24	1	1518.21616	70.52239	1281.79748	42.31343
AD21	25	0	1442.53305	293.17164	1186.75446	278.88806
AD21	25	1	1648.03148	252.87313	1364.04722	227.50746
AD21	26	0	1188.54879	921.82836	710.04197	907.72388
AD21	26	1	1415.20147	962.12687	892.37146	975.22388
AD21	27	0	1293.43127	244.81343	853.76915	233.73134
AD21	27	1	1518.06925	50.37313	1035.09129	20.14925
AD21	28	0	1348.22455	389.03731	1011.49108	381.66418
AD21	28	1	1542.64218	375.94030	1311.67996	361.51493
AD21	29	0	1411.29066	135.00000	1006.71878	115.85821
AD21	29	1	1687.30325	121.90299	1323.02518	86.64179
AD21	30	0	940.48898	190.85075	729.31794	201.49254
AD21	30	1	1142.96537	267.41791	896.53725	267.98507
AD21	31	0	1510.01049	509.23881	955.49738	506.30597
AD21	31	1	1899.85310	339.98507	1248.63484	314.88806
AD21	32	0	535.90766	598.43284	0.00000	582.31343
AD21	32	1	852.21406	556.11940	239.74816	548.05970
AD21	33	0	1567.42917	255.89552	1547.28227	232.72388
AD21	33	1	1746.73662	221.64179	1767.89087	179.32836
AD21	34	0	563.68206	427.93284	178.30010	436.86567
AD21	34	1	778.24659	458.15672	428.12172	463.05970
AD21	35	0	393.98321	330.32836	257.88038	350.44776
AD21	35	1	563.21721	155.02985	418.04827	187.23881
AD21	36	0	849.94544	193.43284	890.90241	202.50000
AD21	36	1	1070.55404	176.30597	1094.38615	169.25373
AD21	37	0	333.08604	200.48507	221.61595	234.73881
AD21	37	1	605.06925	165.22388	477.48164	189.40299
AD21	38	0	1103.08499	871.45522	371.30850	857.35075
AD21	38	1	1328.73033	852.31343	718.84260	849.29104
AD21	39	0	1261.19622	860.37313	678.01259	854.32836
AD21	39	1	1700.39874	909.73881	1101.09759	926.86567
AD21	40	0	1324.37880	403.32090	1243.04827	399.06716
AD21	40	1	1592.33263	402.31343	1493.87723	378.91791
AD21	41	0	1010.48269	424.70149	933.90871	432.00746
AD21	41	1	1298.58342	451.90299	1179.70094	449.13433
AD21	42	0	1331.71039	664.92537	977.12487	683.05970
AD21	42	1	1885.75026	556.11940	1768.89822	552.08955
AD21	43	0	1202.77020	483.58209	1158.44701	485.59701
AD21	43	1	1837.39769	431.19403	1839.41238	412.08955
AD21	44	0	1188.66737	675.00000	862.28751	683.05970
AD21	44	1	1829.33893	320.37313	1569.44386	298.20896
AD21	45	0	1090.89402	297.83582	1174.41658	296.13433
AD21	45	1	1266.17209	266.60448	1356.74607	256.84328
AD21	46	0	954.96327	562.16418	318.32109	556.11940
AD21	46	1	1206.79958	114.85075	554.03987	116.86567
AD21	47	0	1156.43232	624.58209	926.85939	632.20896
AD21	47	1	1776.95698	420.06716	1751.87513	410.56716
AD21	48	0	1025.47744	261.94030	1041.59496	263.95522
AD21	48	1	1676.22246	74.55224	1871.64743	4.02985
AD23	0	0	430.21931	767.05970	264.62434	748.18657
AD23	0	1	622.11857	751.94776	434.86569	741.63806
AD23	1	0	1392.42183	1054.30970	673.76076	1062.36940
AD23	1	1	1743.48164	955.07463	1034.39035	978.24627
AD23	2	0	485.43337	1018.54478	312.26758	982.44776
AD23	2	1	715.10808	980.26119	523.30640	958.77239
AD23	3	0	1127.91501	540.26119	510.14271	548.08209
AD23	3	1	1487.03358	456.64179	817.38300	460.43284
AD23	4	0	954.16055	422.40299	570.68206	439.63806
AD23	4	1	1091.15950	263.22388	613.42392	267.30224
AD23	5	0	1585.49108	223.51866	1337.34103	191.78731
AD23	5	1	1779.90871	211.93284	1554.92760	165.59328
AD23	6	0	1062.18258	622.22015	1028.35152	628.60821
AD23	6	1	1193.64113	622.72388	1175.92760	628.10448
AD23	7	0	1037.74187	432.15299	269.31060	433.22015
AD23	7	1	1307.71039	232.67537	474.30535	214.60075
AD23	8	0	789.66422	732.32090	226.85205	727.39925
AD23	8	1	975.51941	580.19403	503.87198	585.34701
AD23	9	0	779.32634	497.84701	459.13536	503.20896
AD23	9	1	926.90241	406.67164	631.89507	413.04104
AD23	10	0	431.19412	607.06716	233.98006	604.45896
AD23	10	1	637.69990	587.42164	388.10388	591.86567
AD23	11	0	963.90661	621.37687	395.00735	610.49254
AD23	11	1	1208.69150	634.47388	682.60441	634.67164
AD23	12	0	960.53200	168.57090	674.66422	175.80224
AD23	12	1	1147.39454	91.50000	821.23295	84.62687
AD23	13	0	1155.11333	242.60448	723.88877	233.10821
AD23	13	1	1354.06401	321.18657	959.10388	302.11940
AD23	14	0	306.23295	757.07463	150.09444	736.67164
AD23	14	1	464.38615	787.29851	320.33578	767.90299
AD23	15	0	521.20462	789.66791	313.80797	764.24627
AD23	15	1	641.58237	708.06343	443.75551	698.76119
AD23	16	0	630.84470	544.26493	167.07975	555.37313
AD23	16	1	814.68520	376.01866	352.93494	395.69030
AD23	17	0	789.94753	76.06343	434.76810	101.25000
AD23	17	1	1061.42707	115.85821	631.20042	121.39925
AD23	18	0	876.53620	609.91418	496.61280	608.59328
AD23	18	1	1175.21406	578.68284	776.15110	582.39925
AD23	19	0	874.77125	569.52612	948.60231	573.58582
AD23	19	1	1016.30325	597.23134	1092.65268	604.31343
AD23	20	0	408.59286	779.00000	115.84470	751.88806
AD23	20	1	612.07660	773.96269	334.43861	758.94030
AD23	21	0	368.62434	821.58209	62.45540	790.04104
AD23	21	1	549.94648	732.92537	338.46800	718.51119
AD23	22	0	1082.38930	839.16791	949.37461	850.82836
AD23	22	1	1281.84365	884.50373	1158.39874	919.33582
AD23	23	0	1632.56453	697.75000	1462.16159	704.50746
AD23	23	1	1724.07135	504.40672	1454.29591	461.60821
AD23	24	0	1490.36726	821.81716	1045.57712	833.98507
AD23	24	1	1917.98531	847.00373	1415.77650	882.84701
AD23	25	0	1585.05771	677.38060	1622.32949	690.43284
AD23	25	1	1767.89087	574.61940	1830.84995	571.04851
AD23	26	0	733.65687	1058.33955	481.88877	1029.67910
AD23	26	1	854.03463	919.81343	667.74397	914.32463
AD23	27	0	1376.76076	1042.39179	1007.02833	1067.91045
AD23	27	1	1724.29486	885.22761	1268.43442	925.85821
AD23	28	0	1613.76705	983.28358	1486.84155	1023.58209
AD23	28	1	1821.28017	876.49254	1730.61910	920.82090
AD23	29	0	1127.53200	935.36567	1089.08709	952.76119
AD23	29	1	1301.29906	846.20522	1284.51207	868.63806
AD23	30	0	1041.26758	624.68284	865.00630	630.53731
AD23	30	1	1269.43127	579.34701	1080.57817	588.72761
AD23	31	0	870.13851	580.92910	787.88877	584.25373
AD23	31	1	1015.69990	585.96642	940.50157	589.79478
AD23	32	0	346.52676	537.74627	326.37985	540.52985
AD23	32	1	532.88562	591.14179	506.69465	592.91791
AD23	33	0	394.81322	657.58955	434.16579	651.14179
AD23	33	1	519.72403	596.13433	546.98846	593.71642
AD23	34	0	1662.11962	710.83582	1632.90661	723.26866
AD23	34	1	1866.61070	646.35821	1850.49318	663.82836
AD23	35	0	714.17524	657.94030	592.50262	655.61940
AD23	35	1	904.05981	699.24627	759.72193	699.94776
AD23	36	0	1100.89402	824.10448	1111.52676	840.22388
AD23	36	1	1290.27492	821.08209	1315.01049	849.29104
AD23	37	0	318.47744	779.38806	163.65687	754.72015
AD23	37	1	480.66002	669.07090	343.46800	659.51493
AD23	38	0	1375.02623	901.67910	1169.85100	926.86567
AD23	38	1	1757.81742	842.23881	1552.64218	890.59701
AD23	39	0	1629.88458	456.12687	1666.14900	448.15672
AD23	39	1	1799.11857	486.35075	1892.80168	474.35075
AD23	40	0	400.92340	989.32836	366.16474	979.25373
AD23	40	1	1130.24134	971.19403	758.27387	1002.42537
AD23	41	0	614.48059	1041.71642	402.93809	1031.64179
AD23	41	1	1434.45960	1051.79104	1112.10913	1057.83582
AD23	42	0	1382.77125	431.98881	1103.73767	429.93284
AD23	42	1	1682.96013	465.73881	1367.15845	458.64552
AD23	43	0	696.79643	834.85448	712.82162	828.45896
AD23	43	1	1252.82162	778.06716	1308.57188	791.56343
AD23	44	0	629.67261	1064.38433	423.80483	1050.27985
AD23	44	1	896.11542	1058.33955	668.58972	1049.27239
AD23	45	0	1721.55299	790.05224	1653.55719	820.01119
AD23	45	1	1884.74292	737.16045	1800.62959	757.04478
AD23	46	0	1058.56873	533.74254	906.35152	536.69403
AD23	46	1	1197.58237	439.54478	1040.83211	426.37687
AD25	0	0	1265.12067	847.41791	713.20042	844.25373
AD25	0	1	1547.68101	957.23134	987.19832	977.23881
AD25	1	0	824.40714	641.44030	256.98006	645.01119
AD25	1	1	1011.26967	541.19776	401.53410	530.66418
AD25	2	0	1084.90766	354.27985	579.74921	349.45149
AD25	2	1	1425.39035	385.00746	811.94229	373.12687
AD25	3	0	454.09864	564.27985	252.47744	566.48881
AD25	3	1	681.75866	552.19030	491.21826	560.44403
AD25	4	0	310.32634	590.47015	42.81217	581.18657
AD25	4	1	418.61595	497.78358	200.46170	507.64179
AD25	5	0	384.39979	438.48134	315.48478	446.06716
AD25	5	1	580.83211	405.23507	510.40609	416.85075
AD25	6	0	548.99895	341.05224	642.23400	355.58582
AD25	6	1	686.50157	308.81343	772.18153	321.83582
AD25	7	0	738.89612	509.42910	641.83736	504.42164
AD25	7	1	909.13746	482.22761	774.30325	489.30970
AD25	8	0	584.47324	333.30224	668.01364	347.94030
AD25	8	1	720.46485	387.20149	798.46485	396.29851
AD25	9	0	1228.23400	565.32836	1024.21196	583.22761
AD25	9	1	1348.61175	616.70896	1114.36936	624.53358
AD25	10	0	1289.05771	545.14925	1211.30010	546.14179
AD25	10	1	1441.16684	544.64552	1355.85414	546.64552
AD25	11	0	641.56873	493.45896	452.27492	495.82836
AD25	11	1	847.06716	532.75000	639.13746	537.63806
AD25	12	0	1059.97692	352.22015	942.60126	354.73881
AD25	12	1	1205.53830	428.28358	1071.03778	427.77985
AD25	13	0	1610.74502	605.05224	1343.36621	604.85821
AD25	13	1	1806.16999	635.27612	1485.90556	640.62313
AD25	14	0	750.66107	399.17537	423.00315	404.01866
AD25	14	1	1045.30955	484.30597	666.27702	487.13433
AD25	15	0	1621.82581	516.52612	1578.00630	513.16418
AD25	15	1	1830.84995	492.85075	1808.18468	484.45149
AD25	16	0	867.54355	358.07463	162.18678	365.61567
AD25	16	1	1282.83631	292.41418	568.08919	291.88060
AD25	17	0	350.54984	518.29104	217.51731	519.77239
AD25	17	1	461.35782	427.11567	361.56768	434.64179
AD25	18	0	1123.35152	554.75000	1024.33368	556.42910
AD25	18	1	1286.54145	545.17910	1191.04932	553.91045
AD25	19	0	1735.15215	551.89179	1738.17419	550.75000
AD25	19	1	1815.73977	476.83582	1841.42707	464.10821
AD25	20	0	973.59811	257.98134	782.64218	260.44030
AD25	20	1	1109.08604	368.80224	954.39454	364.71269
AD25	21	0	848.06506	470.18657	827.04302	473.26493
AD25	21	1	968.44281	470.69030	957.49423	472.25746
AD25	22	0	1627.36621	558.36940	1366.06506	557.11194
AD25	22	1	1791.05981	573.48134	1551.92025	573.23134
AD25	23	0	701.11228	513.80597	632.61280	517.83582
AD25	23	1	1855.52991	535.97015	1746.73662	527.91045
AD25	24	0	664.41133	353.08582	503.23505	370.64179
AD25	24	1	903.65582	453.83209	716.79224	454.26119
AD25	25	0	434.53200	232.97015	439.52466	261.37687
AD25	25	1	573.54565	250.60075	568.46485	276.48881
AD25	26	0	868.19727	268.96269	883.06506	275.49627
AD25	26	1	982.53095	305.73507	994.88038	303.20149
AD25	27	0	1072.53620	449.04104	643.09864	471.98134
AD25	27	1	1359.62959	496.89552	1023.37146	495.65672
AD25	28	0	859.00630	443.88433	853.21616	447.39925
AD25	28	1	1077.09654	486.19776	1073.32109	487.69776
AD25	29	0	868.28541	291.55224	788.27177	281.02239
AD25	29	1	1016.86884	413.95896	951.96537	391.84328
AD25	30	0	1194.26758	312.93284	951.23085	304.73881
AD25	30	1	1490.42707	337.11194	1194.00105	329.42164
AD25	31	0	1224.78279	503.26493	1256.54355	505.17910
AD25	31	1	1466.04197	528.95522	1514.42392	521.29851
AD25	32	0	729.31794	467.46269	76.55824	471.49254
AD25	32	1	1210.82896	537.98507	654.77440	535.97015
AD28	0	0	53.38930	405.32090	102.24554	426.58582
AD28	0	1	230.17838	376.10448	243.27387	399.38433
AD28	1	0	1554.06506	711.50373	1494.62015	728.39179
AD28	1	1	1688.04197	725.10448	1643.20357	745.01493
AD28	2	0	124.77125	496.26119	95.19412	505.28358
AD28	2	1	341.85414	493.23881	276.51626	501.25373
AD28	3	0	1621.32214	392.08955	1309.75341	370.65299
AD28	3	1	1895.32004	382.01493	1615.98636	356.54851
AD28	4	0	687.79014	349.11194	84.50367	357.12687
AD28	4	1	1022.22875	357.67537	447.65163	357.63060
AD28	5	0	1596.87723	763.04851	1509.15005	784.85448
AD28	5	1	1739.92025	821.48134	1654.71144	856.88806
AD28	6	0	316.75656	596.28358	8.05876	590.42910
AD28	6	1	554.99370	681.91791	276.01259	671.02612
AD28	7	0	1003.51731	470.60075	964.70514	473.69403
AD28	7	1	1156.13012	494.27612	1127.89507	495.35448
AD28	8	0	975.84470	590.45896	854.16789	598.13433
AD28	8	1	1118.88772	536.55970	1030.45331	537.68657
AD28	9	0	868.65687	445.94776	848.77125	453.22015
AD28	9	1	1072.64428	501.86194	1060.81742	505.60821
AD28	10	0	1070.22770	528.55597	1086.00315	533.39179
AD28	10	1	1278.24449	552.73507	1304.09339	553.03731
AD28	11	0	1376.03358	177.31343	950.93389	153.13433
AD28	11	1	1871.64743	370.74627	1426.40084	356.64179
AD28	12	0	1269.24134	799.88060	1132.93284	811.21269
AD28	12	1	1440.99370	853.77985	1306.69990	878.71269
AD28	13	0	823.98846	749.84328	676.39559	745.47761
AD28	13	1	1028.98321	753.36940	835.55614	739.93657
AD28	14	0	1211.49528	565.18657	915.00630	560.87313
AD28	14	1	1498.08499	603.97388	1156.76915	608.72761
AD28	15	0	849.29276	510.69030	999.06506	510.80970
AD28	15	1	977.22560	504.64552	1128.00525	509.29851
AD28	16	0	1536.99161	407.88806	1195.26023	395.69403
AD28	16	1	1755.58552	472.86940	1497.96747	461.68284
AD28	17	0	875.77859	498.86567	477.16474	496.40672
AD28	17	1	1189.56663	508.94030	723.96432	511.01493
AD28	18	0	1032.69045	232.76119	630.38825	236.04104
AD28	18	1	1191.85100	367.76119	800.12592	364.99627
AD28	19	0	954.78594	879.02239	635.27177	875.03358
AD28	19	1	1149.20357	957.10075	826.16369	962.68284
AD28	20	0	1589.59077	737.96269	1523.91081	755.26493
AD28	20	1	1764.36516	739.97761	1715.30640	765.84328
AD28	21	0	1464.21931	620.03358	1368.43652	628.46269
AD28	21	1	1571.50157	729.34328	1470.17838	749.35821
AD28	22	0	1455.22770	910.29478	1022.51102	925.36567
AD28	22	1	1731.74397	950.08955	1376.08919	989.33955
AD28	23	0	1050.52466	593.23134	853.30850	599.18657
AD28	23	1	1329.05561	540.33955	1106.15215	538.73881
AD28	24	0	701.92550	539.51866	785.32634	545.08955
AD28	24	1	869.64848	532.97015	942.97587	543.07463
AD28	25	0	1188.20881	504.77985	1141.55404	509.90672
AD28	25	1	1422.92025	477.57836	1367.19937	472.12687
AD28	26	0	401.80797	254.92537	450.11647	284.14179
AD28	26	1	559.96118	240.31716	582.58237	266.00746
AD28	27	0	310.56768	283.37313	382.50157	316.07463
AD28	27	1	451.09234	276.82463	495.82791	306.00000
AD28	28	0	1019.43337	719.32836	1044.01049	723.85821
AD28	28	1	335.43966	612.75746	369.34732	615.49627
AD28	29	0	863.27912	517.40299	855.14586	523.65299
AD28	29	1	1051.14900	523.95149	1053.08919	529.19403
AD28	30	0	1162.24134	333.21642	1123.18993	323.37687
AD28	30	1	1244.33998	427.41418	1206.79958	422.10821
AD28	31	0	733.42917	627.63060	41.59182	621.09701
AD28	31	1	1009.94544	667.42537	432.44176	661.89925
AD28	32	0	537.23400	360.90672	456.67576	372.07836
AD28	32	1	655.09339	469.20896	556.40294	470.30597
AD28	33	0	341.59811	186.52239	238.70409	223.30970
AD28	33	1	487.66317	290.79478	354.54879	309.44776
AD28	34	0	479.60441	170.40299	397.35887	196.31716
AD28	34	1	620.63274	281.72761	537.88353	294.54478
AD28	35	0	1489.43652	693.76493	1314.95488	703.91791
AD28	35	1	1673.78069	673.61567	1528.00839	679.23507
AD28	36	0	1581.50577	936.94030	1466.84050	969.68284
AD28	36	1	1775.41973	977.74254	1628.51941	1041.21269
AD28	37	0	752.92550	429.32463	602.30010	432.30224
AD28	37	1	905.03463	473.65299	729.22560	476.63060
AD28	38	0	1037.56558	687.08955	392.86464	662.91045
AD28	38	1	1289.40189	616.56716	729.31794	606.49254
AD28	39	0	1372.18363	386.91791	604.49213	380.65299
AD28	39	1	1700.07450	416.63806	867.91291	385.18657
AD28	40	0	850.06506	467.16418	681.59811	488.36567
AD28	40	1	1027.86149	570.42910	847.81007	590.11940
AD28	41	0	1619.45435	505.19776	1592.61280	501.00000
AD28	41	1	1705.58237	548.51866	1724.07135	548.35075
AD28	42	0	753.96222	445.32463	179.62854	452.08209
AD28	42	1	1075.80902	386.38806	497.94963	391.13060
AD28	43	0	459.77440	262.47015	314.41763	287.70149
AD28	43	1	562.52361	355.15672	367.30325	367.29104
AD28	44	0	962.82581	589.73134	890.93284	593.24254
AD28	44	1	1073.63379	643.63060	979.07555	652.17910
AD28	45	0	1382.40294	531.92537	1343.78174	535.97015
AD28	45	1	1528.46800	556.10448	1501.93494	556.11940
AD28	46	0	1364.30010	619.17164	1268.94019	622.59328
AD28	46	1	1501.29906	585.92537	1435.15215	587.33209
AD28	47	0	1558.21931	620.80224	1498.92970	631.45149
AD28	47	1	1703.27702	604.17910	1644.49108	609.28731
AD28	48	0	1441.03568	469.05597	1135.76705	472.21269
AD28	48	1	1651.57083	552.17164	1308.52676	559.35821
AD28	49	0	1634.41763	729.41418	1621.45435	751.00000
AD28	49	1	1762.35047	752.58582	1762.98636	784.24627
AD28	50	0	1009.42917	555.64179	906.29276	557.77612
AD28	50	1	1134.84365	597.95522	1044.29906	604.62313
AD28	51	0	725.31165	500.33209	289.32319	512.88433
AD28	51	1	1004.34627	631.80597	556.26967	630.75746
AD28	52	0	1265.97692	778.49627	1108.07975	793.88060
AD28	52	1	1444.27702	787.56343	1329.69570	816.04478
AD29	0	0	769.62015	587.06716	492.30430	582.75746
AD29	0	1	946.91291	533.67164	660.02728	532.88806
AD29	1	0	1308.03568	117.87313	1091.48478	97.22015
AD29	1	1	1457.62644	108.30224	1275.82896	74.55224
AD29	2	0	764.30430	358.47761	501.53200	363.08582
AD29	2	1	887.70409	433.02985	600.75551	435.62313
AD29	3	0	692.56139	762.27612	279.97272	735.11940
AD29	3	1	942.38300	648.93657	468.34627	642.43284
AD29	4	0	1145.03568	31.73507	1026.36306	19.14179
AD29	4	1	1317.79538	31.23134	1193.07870	4.53358
AD29	5	0	1208.11647	72.03358	1103.08709	51.38060
AD29	5	1	1365.76600	88.65672	1253.68520	60.44776
AD29	6	0	550.99685	311.26119	173.26338	325.23134
AD29	6	1	765.56139	250.81343	283.06401	256.72388
AD29	7	0	778.99685	304.67910	627.17314	308.99254
AD29	7	1	926.06925	342.96269	731.93704	343.24627
AD29	8	0	647.12172	209.55224	457.78384	233.73134
AD29	8	1	847.58342	236.75373	618.95908	244.81343
AD29	9	0	560.01994	481.99254	302.18153	483.87313
AD29	9	1	892.44386	509.19403	563.08395	508.05224
AD29	10	0	1268.37985	116.86567	1087.77020	90.67164
AD29	10	1	1443.65792	171.26866	1308.37880	143.05970
AD29	11	0	291.12277	404.16418	35.25708	417.96269
AD29	11	1	647.72298	434.38806	220.60860	442.14179
AD29	12	0	1400.20986	171.26866	1388.12172	135.00000
AD29	12	1	1676.22246	85.63433	1678.23715	45.33582
AD29	13	0	896.81322	105.78358	717.76180	115.85821
AD29	13	1	1080.15005	97.72388	847.70934	90.67164
AD29	14	0	330.25498	167.23881	308.92445	202.50000
AD29	14	1	635.48059	152.12687	564.79014	183.35821
AD29	15	0	1116.13851	588.35821	850.19937	580.29851
AD29	15	1	1915.97062	417.08955	1690.32529	394.92537
AD29	16	0	289.94648	303.14179	173.26338	324.34328
AD29	16	1	516.59916	482.47015	396.89402	479.49254
AD29	17	0	671.43861	329.06716	435.26967	335.97015
AD29	17	1	998.82581	300.85821	734.45121	299.70149
AD29	18	0	1386.10703	22.16418	1077.85939	4.02985
AD29	18	1	1688.31060	98.73134	1386.10703	60.44776
AD29	19	0	858.57817	346.41791	655.25498	356.64179
AD29	19	1	1122.50262	176.15672	874.85624	166.23134
AD29	20	0	440.20357	169.25373	361.54250	199.47761
AD29	20	1	654.76810	120.89552	551.93075	136.00746
AD29	21	0	628.58342	4.02985	286.08604	38.28358
AD29	21	1	963.02204	54.40299	582.24554	62.46269
AD29	22	0	799.83211	320.37313	271.98321	336.49254
AD29	22	1	1152.40294	288.13433	682.98006	282.08955
AD29	23	0	743.42078	614.55224	346.52676	602.46269
AD29	23	1	1170.53515	485.59701	662.83316	479.55224
AD29	24	0	948.91920	364.70149	550.01049	368.73134
AD29	24	1	1319.62225	394.92537	836.09654	382.83582
AD29	25	0	1255.15215	201.49254	664.84785	197.46269
AD29	25	1	1700.39874	60.44776	803.86149	46.34328
AD29	26	0	201.46905	175.29851	21.15425	219.62687
AD29	26	1	582.24554	228.69403	306.23295	254.88806
AD29	27	0	1096.09339	383.14179	589.46800	390.34328
AD29	27	1	1492.98741	348.88806	877.56873	326.87313
AD29	28	0	308.09339	523.90299	104.76390	524.91045
AD29	28	1	635.48059	566.21642	362.64428	567.22388
AD29	29	0	715.73347	289.02239	353.46800	306.93284
AD29	29	1	1107.59077	367.60448	679.84785	371.41045
AD29	30	0	144.05037	73.54478	92.67576	133.99254
AD29	30	1	327.38720	158.17164	218.59391	198.47015
AD29	31	0	285.07870	58.43284	229.57922	110.82090
AD29	31	1	479.49633	73.54478	395.79119	108.80597
AD29	32	0	257.88038	3.02239	139.92550	57.42537
AD29	32	1	406.96747	20.14925	238.64533	69.51493
AD29	33	0	202.47639	279.06716	57.41868	305.20149
AD29	33	1	453.30535	246.82836	219.60126	266.91791
AD29	34	0	251.83631	137.01493	148.07975	176.24627
AD29	34	1	480.50367	182.35075	360.62959	213.52239
AD29	35	0	130.95488	53.39552	51.37461	118.82090
AD29	35	1	386.82057	98.73134	238.74082	137.96269
AD29	36	0	187.36621	191.41791	2.01469	221.64179
AD29	36	1	487.55509	126.94030	234.71144	159.17910
AD29	37	0	367.68101	97.72388	239.74816	140.03731
AD29	37	1	551.01784	94.70149	398.90871	135.00000
AD29	38	0	1452.59182	82.61194	1241.04932	52.38806
AD29	38	1	1591.60546	66.49254	1429.42288	21.15672
AD29	39	0	511.73137	52.38806	290.11542	98.73134
AD29	39	1	703.12697	80.59701	511.73137	100.74627
AD29	40	0	1154.77020	266.05224	1107.11333	258.35075
AD29	40	1	1872.15110	112.83582	1849.98951	48.86194
AD34	0	0	1273.07765	370.74627	1153.86464	346.34328
AD34	0	1	1345.60651	290.14925	1263.66527	268.76866
AD34	1	0	553.08499	491.08955	562.03358	492.20149
AD34	1	1	654.82686	405.45522	644.63589	411.60448
AD34	2	0	1505.98111	157.16418	1263.32844	122.91045
AD34	2	1	1762.85414	115.85821	1477.89297	58.43284
AD34	3	0	377.35047	661.57463	219.60126	646.64179
AD34	3	1	610.04722	527.58209	425.09969	522.72388
AD34	4	0	198.44701	560.29104	13.09549	558.61940
AD34	4	1	363.65163	452.49254	205.49843	462.91045
AD34	5	0	1529.15005	505.97761	973.13746	477.58955
AD34	5	1	1676.22246	323.62687	1118.19517	297.25373
AD34	6	0	459.34942	5.03731	277.01994	52.38806
AD34	6	1	416.03358	184.36567	311.26967	216.60448
AD34	7	0	621.87933	175.29851	597.94544	194.44030
AD34	7	1	765.92970	106.79104	726.88562	124.92537
AD34	8	0	851.88667	45.33582	888.73977	53.39552
AD34	8	1	1021.12067	25.18657	1060.99580	19.14179
AD34	9	0	536.71773	195.44776	501.18153	221.64179
AD34	9	1	738.18678	89.66418	673.43757	113.84328
AD34	10	0	1233.87933	193.43284	905.14376	192.42537
AD34	10	1	1396.06191	36.26866	994.79748	14.10448
AD34	11	0	96.70514	778.52985	75.55089	750.36567
AD34	11	1	209.52781	651.58955	145.05771	638.53731
AD34	12	0	909.15950	128.95522	827.43861	136.00746
AD34	12	1	1147.90031	78.58209	1014.80483	64.47761
AD34	13	0	1538.21616	588.44030	990.78384	589.24627
AD34	13	1	1805.16264	491.72388	1154.98111	475.40299
AD34	14	0	255.86569	842.23881	139.01364	812.01493
AD34	14	1	415.02623	574.25373	310.26233	574.25373
AD34	15	0	596.34837	628.65672	376.74711	616.56716
AD34	15	1	1432.44491	415.07463	1009.35992	407.01493
AD34	16	0	326.37985	834.17910	145.05771	795.89552
AD34	16	1	832.06716	392.91045	682.98006	402.98507
AD34	17	0	477.29906	321.38060	391.16684	344.82836
AD34	17	1	702.94439	220.63433	607.74607	243.07463
AD34	18	0	744.94544	235.74627	725.83526	250.85821
AD34	18	1	857.76810	146.08209	824.55509	159.17910
AD34	19	0	346.35782	574.84328	151.10178	587.62687
AD34	19	1	671.73033	428.76119	413.01154	458.67164
AD34	20	0	141.02833	767.00000	64.47009	718.98507
AD34	20	1	361.63694	560.47015	289.10808	551.74627
AD34	21	0	249.82162	530.52985	206.50577	543.55224
AD34	21	1	470.43022	398.55224	424.09234	425.67910
AD34	22	0	666.24764	400.80597	280.04197	417.11194
AD34	22	1	920.09864	226.51493	529.86359	237.78358
AD34	23	0	638.87198	205.52239	587.17314	231.71642
AD34	23	1	785.94439	230.70896	711.07660	239.77612
AD34	24	0	625.68835	246.82836	471.96747	266.97761
AD34	24	1	820.10598	161.19403	590.83421	177.31343
AD34	25	0	306.23295	265.97015	122.89612	291.15672
AD34	25	1	546.98846	170.26119	338.46800	197.46269
AD34	26	0	771.65163	223.65672	573.20357	229.70149
AD34	26	1	977.15005	59.44030	797.84155	67.50000
AD54	0	0	1288.33473	478.33582	1075.62225	475.16418
AD54	0	1	1505.92130	433.00000	1255.93704	427.81343
AD54	1	0	1342.79119	521.13433	1248.17419	521.96269
AD54	1	1	1490.87093	529.19403	1404.31270	523.97761
AD54	2	0	235.71878	468.98507	257.88038	475.88806
AD54	2	1	450.28332	483.08955	425.09969	488.98507
AD54	3	0	1652.04617	778.15672	1520.08395	802.18657
AD54	3	1	1843.44176	766.06716	1689.31794	794.12687
AD54	4	0	1667.15635	825.16418	1588.58342	857.35075
AD54	4	1	1889.77964	842.29104	1871.64743	877.50000
AD54	5	0	530.96747	840.22388	420.20357	828.13433
AD54	5	1	768.70094	895.63433	616.63589	884.55224
AD54	6	0	368.51941	849.29104	167.21931	817.19403
AD54	6	1	650.57608	842.23881	448.26863	807.11940
AD54	7	0	1178.34313	664.07463	895.20357	670.52239
AD54	7	1	1425.14271	593.55224	1165.17209	591.94030
AD54	8	0	471.85729	702.08209	221.61595	681.88806
AD54	8	1	694.48059	699.05970	472.44491	681.88806
AD54	9	0	514.24029	606.07463	381.70304	594.91791
AD54	9	1	791.26023	580.88806	621.45121	592.90299
AD54	10	0	885.23295	815.03731	598.49108	810.00000
AD54	10	1	1100.80483	1007.46269	810.03358	1013.50746
AD54	11	0	1222.91710	490.17164	682.11647	481.43284
AD54	11	1	1586.56873	692.67164	1034.68730	687.96269
AD54	12	0	933.32109	880.52239	643.40923	869.44030
AD54	12	1	1134.79014	1047.76119	867.03987	1043.73134
AD54	13	0	1221.90976	877.50000	840.44701	872.46269
AD54	13	1	1485.83421	901.67910	1195.03253	927.87313
AD54	14	0	1214.66632	1015.52239	913.01994	1027.61194
AD54	14	1	1460.45855	983.28358	1168.88562	1007.46269
AD54	15	0	1496.91501	911.75373	1311.56348	942.98507
AD54	15	1	1677.22980	838.20896	1549.29696	872.46269
AD54	16	0	726.27702	945.00000	509.02623	920.82090
AD54	16	1	963.00315	918.80597	764.89192	920.82090
AD54	17	0	602.82791	625.14179	654.75446	627.00746
AD54	17	1	749.90031	659.39552	797.79748	663.27612
AD54	18	0	1608.73033	663.36567	1527.13536	674.89552
AD54	18	1	1880.71354	655.30597	1825.30955	673.88806
AD54	19	0	435.17314	922.83582	205.49843	880.52239
AD54	19	1	691.03882	880.52239	483.52571	866.41791
AD54	20	0	753.98951	822.29104	523.63694	805.50746
AD54	20	1	985.67891	677.21642	720.06925	669.50000
AD54	21	0	710.77020	1039.70149	24.17629	993.35821
AD54	21	1	1100.61280	970.18657	539.93704	961.11940
AD54	22	0	956.87198	670.85075	758.32109	660.28358
AD54	22	1	1178.48793	566.07463	966.84155	575.65672
AD54	23	0	1628.87723	782.79851	1455.61385	802.12687
AD54	23	1	1893.80902	775.74627	1686.29591	801.11940
AD54	24	0	1505.98111	754.21642	1296.27597	764.89552
AD54	24	1	1731.62644	763.28358	1404.06191	787.05970
AD54	25	0	534.95278	600.88806	645.62749	602.72388
AD54	25	1	672.95908	604.91791	775.57503	604.73881
AD54	26	0	1742.70724	746.29104	1669.17104	768.74627
AD54	26	1	1861.57398	730.17164	1776.95698	754.64179
AD54	27	0	115.84470	667.41045	7.05142	649.78358
AD54	27	1	325.37251	701.66418	202.47639	690.08209
AD54	28	0	771.09969	407.91791	768.18783	417.99254
AD54	28	1	896.01049	407.91791	891.08395	412.95522
AD54	29	0	1444.53305	917.79851	1139.27597	943.99254
AD54	29	1	1690.32529	921.82836	1335.70829	955.07463
AD54	30	0	1108.74711	503.07463	887.49738	505.22388
AD54	30	1	1307.19412	504.08209	1077.88562	502.20149
AD54	31	0	302.20357	407.85821	243.77754	423.85821
AD54	31	1	470.43022	471.32836	384.80588	480.27612
AD54	32	0	1055.76915	592.29851	796.70304	593.65672
AD54	32	1	1201.83421	518.75373	943.77545	518.09701
AD54	33	0	1164.32634	649.20149	937.85100	644.25373
AD54	33	1	1353.70724	597.82090	1129.24659	597.91045
AD54	34	0	832.09129	403.36567	633.73242	406.43284
AD54	34	1	895.55404	594.78358	666.97482	593.82090
AD54	35	0	1490.87093	163.20896	1274.11438	133.99254
AD54	35	1	1644.99475	275.03731	1357.72403	249.85075
AD54	36	0	1381.07030	258.44030	896.62225	249.85075
AD54	36	1	1644.99475	341.05224	1046.71668	321.38060
AD54	37	0	876.07975	846.26866	673.67471	841.23134
AD54	37	1	1076.54145	814.02985	833.84260	802.94776
AD54	38	0	1525.12067	888.58209	1317.60756	912.76119
AD54	38	1	1747.74397	935.93284	1543.25289	971.19403
AD54	39	0	1488.85624	606.28358	1473.74607	615.92537
AD54	39	1	1603.69360	604.26866	1601.67891	615.92537
AD54	40	0	1175.71773	526.38060	1148.95278	529.61194
AD54	40	1	1277.45960	575.74627	1252.70934	583.00746
AD54	41	0	756.04092	692.64179	707.92340	684.98507
AD54	41	1	901.09864	595.92537	870.10598	601.36567
AD54	42	0	255.30745	835.70149	25.18363	800.29104
AD54	42	1	498.07765	809.50746	317.31375	785.17910
AD54	43	0	816.34313	976.23134	623.29276	967.16418
AD54	43	1	1006.73137	972.20149	806.62959	966.15672
AD54	44	0	1235.04932	850.81343	941.21196	853.74627
AD54	44	1	1516.09864	756.11194	1328.03253	790.27612
AD54	45	0	789.43127	424.53731	675.67366	432.09701
AD54	45	1	958.66527	630.05970	818.71668	629.55970
AD54	46	0	870.44596	564.30597	795.84365	571.20149
AD54	46	1	1065.87093	533.07463	979.18048	536.94776
AD54	47	0	1699.39140	569.28358	1559.37041	573.08209
AD54	47	1	1880.71354	549.13433	1792.06716	544.87313
AD54	48	0	531.18888	798.91791	549.32109	791.32836
AD54	48	1	671.20986	796.90299	671.20986	788.30597
AD54	49	0	119.87408	645.92537	11.08080	632.75373
AD54	49	1	332.42392	723.50000	235.71878	707.30597
AD54	50	0	617.51207	800.15672	588.80588	793.90299
AD54	50	1	822.00315	832.39552	758.03987	828.15672
AD54	51	0	918.88667	904.70149	657.55614	896.64179
AD54	51	1	1054.87828	775.74627	770.37880	772.72388
AD54	52	0	423.08499	316.00000	320.33578	339.74627
AD54	52	1	607.42917	480.21642	446.25393	486.83582
AD54	53	0	1468.70934	679.02985	657.36621	677.73881
AD54	53	1	1712.48688	537.98507	1015.98111	524.60448
AD54	54	0	1134.59391	308.58955	825.49738	307.94030
AD54	54	1	1400.53305	318.66418	1087.40714	308.94776
AD54	55	0	905.74711	698.28358	568.14271	689.10448
AD54	55	1	1074.98111	630.78358	769.85624	630.04478
AD54	56	0	1146.35887	652.83582	1311.56348	660.89552
AD54	56	1	1678.23715	610.52239	1915.97062	620.59701
AD54	57	0	527.84890	1013.50746	74.54355	979.25373
AD54	57	1	1907.91186	1019.55224	1443.55509	1068.91791
AD54	58	0	982.55509	920.82090	828.59916	917.79851
AD54	58	1	1400.40084	918.80597	1315.59286	941.97761
AD54	59	0	892.60756	847.27612	780.93809	848.28358
AD54	59	1	1064.86359	828.13433	982.40714	835.18657
AD59	0	0	1309.54879	980.26119	930.01259	990.33582
AD59	0	1	1493.89297	976.23134	1192.92970	1005.44776
AD59	1	0	1041.59496	1039.70149	529.86359	1019.55224
AD59	1	1	1498.92970	1021.56716	1057.71249	1035.67164
AD59	2	0	1630.89192	642.19403	1655.06821	651.20149
AD59	2	1	1749.75866	653.27612	1799.11857	668.32836
AD59	3	0	839.69570	548.29104	844.10808	549.89552
AD59	3	1	984.75341	527.13433	994.20252	533.77612
AD59	4	0	507.31375	693.00000	275.00525	682.11940
AD59	4	1	612.07765	671.84328	412.00420	663.98507
AD59	5	0	1185.99685	652.87313	1122.01889	663.24627
AD59	5	1	1288.74607	645.82090	1227.79014	652.16418
AD59	6	0	1638.95068	754.98507	1388.12172	769.14925
AD59	6	1	1812.21406	793.26866	1526.12802	818.51493
AD59	7	0	1572.46590	678.88060	1483.81952	689.96269
AD59	7	1	1697.37671	693.99254	1620.81847	708.09701
AD59	8	0	1751.77335	742.12687	1713.49423	769.26866
AD59	8	1	1855.52991	762.27612	1823.29486	790.42537
AD59	9	0	540.73242	715.93284	341.20357	700.23881
AD59	9	1	680.75341	718.95522	475.18048	706.28358
AD59	10	0	1586.56873	714.14179	1475.76076	733.91791
AD59	10	1	1698.38405	726.23134	1612.75971	745.00000
AD59	11	0	1350.04827	900.67164	902.69570	903.69403
AD59	11	1	1542.45121	914.77612	1105.17209	925.85821
AD59	12	0	1503.96642	697.11940	1525.12067	711.72388
AD59	12	1	1676.22246	711.22388	1720.54565	731.87313
AD59	13	0	660.81847	810.00000	459.34942	803.95522
AD59	13	1	1424.38615	916.79104	1013.38930	936.94030
AD59	14	0	1126.21196	1027.61194	634.62749	1019.55224
AD59	14	1	1817.25079	818.05970	1611.75236	848.28358
AD59	15	0	1232.99056	862.38806	864.30220	856.34328
AD59	15	1	1889.77964	854.32836	1760.83945	886.56716
AD59	16	0	1241.06296	614.16418	1157.15845	615.32090
AD59	16	1	1346.83421	538.60448	1265.95173	535.73134
AD69	0	0	755.50892	886.56716	473.45226	890.59701
AD69	0	1	1797.10388	795.89552	1384.09234	807.98507
AD69	1	0	513.74607	153.13433	263.92445	179.32836
AD69	1	1	1007.34523	145.07463	666.86254	141.04478
AD69	2	0	710.87303	938.95522	262.91710	907.72388
AD69	2	1	1072.50997	843.24627	650.74502	833.17164
AD69	3	0	1418.34208	809.55224	965.99895	814.57463
AD69	3	1	1750.76600	635.26119	1317.56243	642.29851
AD69	4	0	1316.60021	525.28358	949.71878	523.73134
AD69	4	1	1656.07555	470.88060	1282.14271	439.10448
AD69	5	0	599.04197	241.79104	63.46275	262.84328
AD69	5	1	1031.19307	323.39552	356.60021	330.34328
AD69	6	0	1154.41763	814.02985	747.45016	810.00000
AD69	6	1	1702.41343	830.14925	1204.78489	848.28358
AD69	7	0	181.32214	267.98507	106.77859	302.23881
AD69	7	1	1124.19727	558.13433	852.21406	546.04478
AD69	8	0	438.84260	591.43284	250.82896	570.39552
AD69	8	1	676.57608	458.44776	490.57712	457.55970
AD69	9	0	785.57817	780.85075	524.43966	767.84328
AD69	9	1	1071.66422	740.55224	736.98951	742.65672
AD69	10	0	569.90346	469.97761	448.60126	481.10448
AD69	10	1	799.57817	396.43284	713.53305	389.42537
AD69	11	0	1260.18888	727.41045	862.28751	719.32836
AD69	11	1	1556.34837	793.90299	1200.75551	816.04478
AD69	12	0	606.19727	753.70896	223.63064	715.29851
AD69	12	1	944.66527	606.61940	560.08395	596.41791
AD69	13	0	497.62854	856.34328	265.93914	832.16418
AD69	13	1	832.06716	850.29851	543.96642	836.19403
AD71	0	0	244.78489	654.59701	195.42497	642.55224
AD71	0	1	516.76810	728.14179	455.32004	715.08955
AD71	1	0	1327.68101	263.95522	837.14481	251.86567
AD71	1	1	1685.28856	167.23881	1232.02413	129.96269
AD71	2	0	656.14481	1034.66418	288.06401	995.37313
AD71	2	1	1081.24449	942.98507	677.90661	936.94030
AD71	3	0	1372.41553	222.64925	746.10073	213.58209
AD71	3	1	1578.92130	245.82090	1015.06191	221.64179
AD71	4	0	680.37985	422.06716	375.73977	430.68657
AD71	4	1	889.90766	506.69403	576.20147	510.27612
AD71	5	0	1467.70199	771.11940	1001.54879	783.22388
AD71	5	1	1700.39874	730.82090	1242.30430	746.95522
AD71	6	0	1507.99580	916.19403	1095.23190	927.29104
AD71	6	1	1644.99475	759.02985	1293.67891	769.11940
AD71	7	0	669.99790	911.75373	328.39454	888.58209
AD71	7	1	885.56978	914.77612	553.03253	902.68657
AD71	8	0	1342.79119	814.02985	1197.73347	829.14179
AD71	8	1	1598.65687	841.23134	1482.81217	897.64925
AD71	9	0	254.85834	545.55224	200.46170	547.73134
AD71	9	1	502.66527	539.50746	415.02623	544.70896
AD71	10	0	391.48269	485.13433	139.01364	494.92537
AD71	10	1	673.53935	432.74627	431.14376	443.54478
AD71	11	0	608.21091	903.69403	454.70409	880.52239
AD71	11	1	862.06191	840.22388	658.18783	828.13433
AD71	12	0	351.26233	635.09701	92.67576	626.38806
AD71	12	1	654.47324	612.93284	413.01154	609.26119
AD71	13	0	721.75446	636.97761	633.68835	635.85075
AD71	13	1	911.13536	647.05224	791.84155	648.94776
AD71	14	0	1200.12907	778.76866	1159.46800	787.83582
AD71	14	1	1308.92235	888.58209	1280.34942	911.75373
AD71	15	0	1317.60756	608.50746	828.03778	610.52239
AD71	15	1	1559.37041	610.52239	1021.44806	608.50746
AD71	16	0	847.23190	956.08209	715.13746	945.00000
AD71	16	1	1080.93599	887.57463	920.63589	883.54478
AD71	17	0	591.51207	983.28358	447.69570	958.09701
AD71	17	1	851.40714	977.23881	636.06925	961.11940
AD71	18	0	215.57188	811.32836	247.80693	787.37313
AD71	18	1	379.76915	764.98507	371.71039	744.05224
AD71	19	0	980.57083	667.73881	808.66002	659.85821
AD71	19	1	1223.34103	650.61194	1052.43757	654.82090
AD71	20	0	1329.69570	794.18657	1215.13746	800.41045
AD71	20	1	1597.64953	724.67164	1479.06191	747.01493
AD71	21	0	932.71039	595.08209	940.49003	598.99254
AD71	21	1	1087.84155	604.14925	1111.73872	609.06716
AD71	22	0	1478.78279	756.23134	1383.08499	775.25373
AD71	22	1	1743.71459	731.04478	1679.24449	753.08955
AD71	23	0	1431.43757	832.93284	967.95278	845.37313
AD71	23	1	1589.59077	683.82836	1102.93704	684.17910
AD71	24	0	594.33368	892.61194	207.51312	860.37313
AD71	24	1	811.92025	953.05970	423.08499	922.83582
AD71	25	0	444.78384	743.88806	345.51941	728.95522
AD71	25	1	596.89297	779.14925	455.32004	765.22388
AD71	26	0	426.76915	643.42537	55.40399	634.85821
AD71	26	1	606.07660	588.01493	272.99056	581.46269
AD71	27	0	1062.87933	578.45522	829.85729	579.95522
AD71	27	1	1244.20147	588.52985	1014.20147	591.03731
AD71	28	0	655.01994	593.20149	229.67471	585.37313
AD71	28	1	903.83421	494.47015	422.07765	494.70149
AD71	29	0	1444.53305	592.23881	1301.00420	593.23134
AD71	29	1	1611.75236	549.92537	1435.98846	547.89552
AD71	30	0	1138.83631	426.03731	763.31375	430.71642
AD71	30	1	1400.74607	461.29851	1026.23085	462.95522
AD71	31	0	649.64428	775.73134	281.04932	755.31343
AD71	31	1	812.83421	714.27612	496.62120	699.90299
AD71	32	0	600.47534	950.03731	228.66737	914.77612
AD71	32	1	844.25289	961.11940	404.95278	931.90299
AD71	33	0	155.13116	683.93284	33.24239	669.06716
AD71	33	1	352.57083	698.03731	218.59391	684.17910
AD71	34	0	1277.34313	864.40299	788.85205	865.41045
AD71	34	1	1509.03253	859.36567	962.11542	866.41791
AD71	35	0	1150.85729	610.08955	1152.57817	613.91045
AD71	35	1	1280.80483	587.92537	1286.55509	593.76119
AD71	36	0	780.93809	764.77612	660.62225	761.85821
AD71	36	1	942.11333	788.95522	794.59916	786.03731
AD71	37	0	1055.97482	409.94776	1009.53410	419.07463
AD71	37	1	1181.89297	381.73881	1153.58447	384.82090
AD71	38	0	1165.62959	384.50746	1154.28437	381.24627
AD71	38	1	1309.67996	355.29104	1301.35677	343.97015
AD71	39	0	1150.72613	927.87313	944.57922	937.94776
AD71	39	1	1605.03882	1013.50746	1242.75341	1049.77612
AD71	40	0	136.99895	789.01493	177.29276	766.11194
AD71	40	1	738.38405	833.34328	697.08290	823.53731
AD71	41	0	1180.96118	933.91791	819.08709	936.94030
AD71	41	1	1481.15005	846.26866	1179.71668	860.37313
AD71	42	0	1104.05037	624.62687	701.11228	616.56716
AD71	42	1	1182.62329	386.86567	842.14061	386.86567
AD71	43	0	682.02728	718.32090	430.30640	715.44030
AD71	43	1	1011.42917	869.44030	690.20147	865.55224
AD71	44	0	253.85100	514.51493	140.02099	524.66418
AD71	44	1	455.32004	595.11194	321.34313	591.15672
AD71	45	0	1243.06401	810.00000	896.53725	820.07463
AD71	45	1	1478.78279	757.61194	1150.38825	777.76119
AD71	46	0	379.40923	564.99254	397.43861	567.85075
AD71	46	1	521.44491	606.29851	530.40818	610.16418
AD71	47	0	330.53620	784.81343	363.65163	768.91045
AD71	47	1	925.87723	853.32090	951.45226	855.33582
AD71	48	0	652.75971	624.62687	336.45331	622.61194
AD71	48	1	1051.66842	836.19403	693.05352	824.10448
AD71	49	0	228.66737	478.68657	260.90241	488.85075
AD71	49	1	462.37146	561.29851	454.31270	558.36567
AD71	50	0	1395.17314	491.05970	1376.03358	483.38806
AD71	50	1	1564.40714	454.79104	1583.54669	450.14179
AD71	51	0	982.62959	457.64925	823.49738	458.92537
AD71	51	1	1141.79014	544.29104	995.75341	543.55224
AD71	52	0	643.48269	326.58955	408.66632	344.61940
AD71	52	1	822.79014	500.88060	588.98111	502.79104
AD71	53	0	397.01994	454.88060	444.75551	468.65672
AD71	53	1	662.95908	516.33582	695.58447	510.97015
AD71	54	0	382.78384	440.31343	89.65373	453.42537
AD71	54	1	609.43652	617.62687	288.10073	611.59701
AD71	55	0	998.32109	490.29104	849.49738	490.83582
AD71	55	1	1260.23085	611.18657	1066.07660	615.76119
AD71	56	0	1222.04197	806.47015	911.37985	816.42537
AD71	56	1	1551.44386	715.79851	1118.89297	719.70896
AD71	57	0	1174.98951	686.34328	895.77650	691.51493
AD71	57	1	1340.19412	557.38806	1098.25289	559.53731
AD01	0	0	1323.65163	276.04478	634.62749	292.16418
AD01	0	1	1909.92655	332.46269	1206.79958	405.00000
AD01	1	0	1232.99056	173.28358	334.43861	187.38806
AD01	1	1	1509.00315	18.13433	664.84785	78.58209
AD01	2	0	1289.40189	253.88060	598.36306	263.95522
AD01	2	1	1730.61910	324.40299	950.93389	370.74627
AD01	3	0	751.47954	243.80597	263.92445	237.76119
AD01	3	1	1039.58027	278.05970	479.49633	272.01493
AD01	4	0	1039.58027	437.23881	475.46695	425.14925
AD01	4	1	1222.91710	340.52239	751.47954	360.67164
AD01	5	0	856.24344	660.89552	16.11752	568.20896
AD01	5	1	1178.59391	648.80597	328.39454	600.44776
AD01	6	0	1181.63064	56.41791	385.81322	66.49254
AD01	6	1	1542.26023	125.93284	639.66422	127.94776
AD01	7	0	1516.05456	110.82090	708.96013	141.04478
AD01	7	1	1912.94858	107.79851	976.91396	108.80597
AD01	8	0	1330.70304	77.57463	593.90241	113.84328
AD01	8	1	1666.14900	45.33582	932.37041	77.57463
AD01	9	0	1114.70304	274.27612	673.64428	275.03731
AD01	9	1	1327.25289	390.13433	873.09864	426.15672
AD01	10	0	1481.80483	507.56716	878.79748	550.48507
AD01	10	1	1734.64848	648.61194	931.17943	692.53731
AD01	11	0	1434.45960	306.26866	853.46800	356.64179
AD01	11	1	1589.59077	242.79851	1085.15740	285.11194
AD01	12	0	1268.27702	330.29851	726.26233	343.41045
AD01	12	1	1523.13536	466.30597	950.90031	507.62687
AD01	13	0	1069.80063	632.68657	400.92340	610.52239
AD01	13	1	1249.10808	392.91045	737.37671	409.02985
AD01	14	0	1270.67366	91.67910	831.01259	120.89552
AD01	14	1	1532.58342	78.58209	998.23190	115.85821
AD01	15	0	1210.23295	131.97761	684.94753	145.07463
AD01	15	1	1547.69360	219.62687	935.77650	244.81343
AD01	16	0	1609.73767	6.04478	1007.34523	14.10448
AD01	16	1	1909.92655	64.47761	1235.00525	106.79104
AD01	17	0	1166.28437	9.06716	554.37251	38.28358
AD01	17	1	1476.54669	133.99254	898.88458	161.19403
AD01	18	0	778.10808	156.15672	57.41868	106.79104
AD01	18	1	1075.27492	132.98507	417.04092	101.75373
AD01	19	0	1239.03463	18.13433	838.53305	34.25373
AD01	19	1	1498.92970	153.13433	985.60546	181.34328
AD01	20	0	1258.46800	146.08209	781.53305	162.20149
AD01	20	1	1604.99475	108.80597	1023.29591	121.90299
AD01	21	0	1075.35887	19.14179	386.01259	11.08209
AD01	21	1	1454.12067	18.13433	752.68625	29.21642
AD01	22	0	1139.17419	170.26119	698.57188	179.32836
AD01	22	1	1447.42183	150.11194	977.60651	173.28358
AD01	23	0	985.92340	69.51493	639.41028	88.65672
AD01	23	1	1277.04617	118.88060	876.13641	140.03731
AD01	24	0	717.27072	76.56716	92.67576	47.35075
AD01	24	1	1235.04617	37.27612	532.88562	25.18657
AD01	25	0	1132.51941	162.20149	822.44806	172.27612
AD01	25	1	1496.17104	12.08955	1126.66632	43.32090
AD01	26	0	505.50577	62.46269	94.69045	40.29851
AD01	26	1	929.59811	180.33582	481.51102	177.31343
AD01	27	0	999.28646	132.98507	585.79853	153.13433
AD01	27	1	1386.10703	173.28358	965.56768	183.35821
AD01	28	0	600.78594	114.85075	79.58027	104.77612
AD01	28	1	1066.17943	332.46269	527.84890	326.41791
AD01	29	0	965.65897	198.47015	284.07135	177.31343
AD01	29	1	1254.76705	206.52985	488.56243	218.61940
AD01	30	0	984.79853	131.97761	449.27597	129.96269
AD01	30	1	1256.78174	210.55970	617.50262	196.45522
AD01	31	0	1488.85624	212.57463	295.90346	211.56716
AD01	31	1	1684.28122	70.52239	782.45121	108.80597
AD01	32	0	1518.06925	211.56716	331.86674	201.49254
AD01	32	1	1700.39874	63.47015	801.28961	104.77612
AD01	33	0	1531.16474	31.23134	1108.66002	63.47015
AD01	33	1	1849.48583	29.21642	1415.90031	89.66418
AD01	34	0	874.82896	97.72388	76.55824	43.32090
AD01	34	1	1229.41448	101.75373	477.48164	116.86567
AD01	35	0	1091.40818	163.20896	383.79853	138.02239
AD01	35	1	1336.19307	240.78358	652.75971	244.81343
AD01	36	0	1364.95278	291.15672	715.30010	308.19403
AD01	36	1	1625.85519	228.69403	1031.60651	233.64179
AD01	37	0	965.95383	294.17910	219.53515	230.54478
AD01	37	1	1303.41448	205.52239	598.29696	219.46269
AD01	38	0	1220.99056	264.76866	755.32844	283.58209
AD01	38	1	1678.32529	330.25373	1058.53935	383.32090
AD26	0	0	1425.39349	893.71642	866.75341	947.01493
AD26	0	1	1697.37671	810.09701	1114.56034	883.54478
AD26	1	0	1293.10703	504.00746	1039.73977	549.31343
AD26	1	1	1389.81217	434.49254	1196.88562	495.91791
AD26	2	0	597.77754	613.83582	263.92445	552.75373
AD26	2	1	900.98846	616.85821	481.51102	598.08955
AD26	3	0	1493.89297	666.29851	1154.35782	734.21642
AD26	3	1	1789.04512	634.05970	1476.70829	750.33582
AD26	4	0	968.33578	657.57463	800.07870	681.01493
AD26	4	1	1294.71563	574.96269	1102.28227	646.76119
AD26	5	0	725.84995	443.32090	430.29171	420.11194
AD26	5	1	973.65687	422.16418	669.03253	425.14925
AD26	6	0	418.94544	685.11194	208.52046	621.36567
AD26	6	1	566.01784	601.49254	332.42392	556.88806
AD26	7	0	296.92445	608.37313	158.15320	543.40299
AD26	7	1	526.59916	516.69403	335.44596	470.86567
AD26	8	0	392.75446	697.75373	156.13851	609.74627
AD26	8	1	593.21616	487.19403	386.82057	451.57463
AD26	9	0	1362.04827	402.98507	1177.79224	478.88060
AD26	9	1	1502.06925	320.37313	1315.79853	390.22388
AD26	10	0	1239.79119	771.08955	923.07765	817.05224
AD26	10	1	1380.81952	804.33582	1052.01784	870.44776
AD26	11	0	656.88562	592.35821	509.28437	559.16418
AD26	11	1	730.42183	418.06716	581.81322	403.00746
AD26	12	0	1328.68835	238.76866	1121.08499	283.09701
AD26	12	1	1503.96642	110.82090	1298.37775	156.15672
AD26	13	0	1327.85729	125.93284	1249.54879	176.30597
AD26	13	1	1456.79748	73.54478	1381.51102	128.95522
AD26	14	0	529.90136	401.24627	575.37985	392.08955
AD26	14	1	651.79014	341.80597	689.20986	347.76119
AD26	15	0	589.94544	666.49254	384.80588	614.29851
AD26	15	1	689.67261	529.47761	488.56243	500.45522
AD26	16	0	1473.74607	260.93284	1374.01889	331.45522
AD26	16	1	1561.38510	131.97761	1478.78279	193.43284
AD26	17	0	264.93179	746.59701	224.63799	662.20896
AD26	17	1	529.86359	707.30597	464.38615	660.19403
AD26	18	0	840.71773	546.47015	855.39454	557.65672
AD26	18	1	983.76076	402.40299	1013.54774	436.76119
AD31	0	0	191.39559	122.91045	310.26233	113.84328
AD31	0	1	367.68101	193.43284	445.24659	183.35821
AD31	1	0	943.71773	763.76866	628.44596	762.47015
AD31	1	1	1111.94439	629.77612	846.03253	667.76866
AD31	2	0	744.68835	620.35821	76.55824	545.05970
AD31	2	1	976.37775	545.80597	380.77650	516.85075
AD31	3	0	484.12907	192.42537	494.73242	192.42537
AD31	3	1	671.49528	145.07463	661.95173	158.17164
AD31	4	0	637.24554	209.55224	722.52571	226.27612
AD31	4	1	840.72928	245.82090	912.91396	277.65672
AD31	5	0	817.20252	522.23134	354.57817	485.85821
AD31	5	1	916.92970	434.58209	530.86359	424.40299
AD31	6	0	510.67366	730.15672	27.19832	629.02239
AD31	6	1	679.90766	713.02985	233.70409	641.11194
AD31	7	0	1131.91710	369.41045	946.54879	402.92537
AD31	7	1	1424.04722	418.77612	1231.62749	483.52239
AD31	8	0	611.11542	615.33582	208.52046	580.51493
AD31	8	1	894.17943	717.08955	482.51836	695.36567
AD31	9	0	330.26967	583.56716	14.10283	491.53731
AD31	9	1	472.30535	525.13433	204.49108	466.35075
AD31	10	0	1252.49738	357.33582	1207.71773	416.83582
AD31	10	1	1457.99580	371.44030	1415.23085	453.10448
AD31	11	0	525.59286	430.92537	412.96013	404.19403
AD31	11	1	684.75341	508.50000	573.12802	498.89552
AD31	12	0	1427.40818	480.39552	743.53410	498.58955
AD31	12	1	1710.47219	490.47015	999.39979	539.89552
AD31	13	0	1863.58867	864.40299	973.09549	942.98507
AD31	13	1	566.12802	610.52239	34.24974	560.14925
AD31	14	0	358.61490	519.85075	181.32214	451.34328
AD31	14	1	1114.12382	642.76119	886.46380	679.02985
AD31	15	0	241.76285	161.19403	0.00000	112.83582
AD31	15	1	546.98846	174.29104	351.56348	171.26866
AD31	16	0	431.14376	383.84328	14.10283	336.49254
AD31	16	1	765.58237	498.69403	199.45435	456.38060
AD31	17	0	1465.68730	350.07463	1408.26863	423.76866
AD31	17	1	1636.93599	314.81343	1615.78174	411.67910
AD31	18	0	1184.66632	270.00000	1207.28437	324.97761
AD31	18	1	1348.86359	242.79851	1389.61385	317.92537
AD31	19	0	1244.48269	315.33582	1008.83736	350.16418
AD31	19	1	1472.14271	420.11194	1246.57083	488.18657
AD31	20	0	1150.38825	407.01493	1041.69570	452.85075
AD31	20	1	1365.96013	499.70149	1245.17943	587.85075
AD31	21	0	1373.01154	490.17164	1056.36516	547.70149
AD31	21	1	1748.75131	456.92537	1401.88458	547.70149
AD35	0	0	543.07030	516.70896	567.72613	493.44776
AD35	0	1	753.60546	529.80597	752.07030	525.68657
AD35	1	0	705.77859	655.85821	699.56348	656.01493
AD35	1	1	911.27702	690.11194	885.92235	700.34328
AD35	2	0	1309.71039	374.04478	1068.15110	416.79104
AD35	2	1	1490.02518	305.53731	1239.39979	357.35075
AD35	3	0	922.90136	708.12687	611.45331	673.54478
AD35	3	1	1157.61280	688.98507	833.06925	710.82090
AD35	4	0	171.24869	374.49254	151.10178	321.26119
AD35	4	1	357.60756	438.97015	302.20357	392.79104
AD35	5	0	958.43861	563.19403	968.73977	592.97761
AD35	5	1	1093.42288	598.45522	1099.69465	643.35075
AD35	6	0	955.90976	542.73881	962.90136	568.85821
AD35	6	1	1085.85729	587.06716	1096.87828	632.32836
AD35	7	0	1457.62854	534.29104	1246.81217	602.16418
AD35	7	1	1584.55404	433.54478	1351.57608	513.50746
AD35	8	0	1373.01154	320.69403	730.27807	333.03731
AD35	8	1	1579.51731	482.89552	960.96013	525.46269
AD35	9	0	800.99685	525.61194	788.03358	529.43284
AD35	9	1	997.42917	563.89552	986.48059	593.91045
AD35	10	0	119.87408	463.58955	35.25708	384.87313
AD35	10	1	422.07765	523.02985	327.38720	468.49254
AD35	11	0	357.32214	580.66418	385.71773	529.94776
AD35	11	1	569.87198	549.43284	577.11333	529.94776
AD35	12	0	1426.40084	845.26119	933.98426	896.64179
AD35	12	1	1670.17838	836.19403	1131.42392	899.66418
AD35	13	0	1420.35677	784.12687	1023.98426	844.25373
AD35	13	1	1628.87723	716.62687	1249.62959	808.99254
AD35	14	0	1224.71039	653.84328	1217.04932	712.31343
AD35	14	1	1349.62120	772.72388	1346.99685	853.35821
AD35	15	0	1298.43757	784.81343	800.57083	797.00000
AD35	15	1	1599.63379	841.23134	976.85624	895.73134
AD35	16	0	1512.02518	849.29104	1069.69570	917.79851
AD35	16	1	1755.80273	945.00000	1245.98111	1057.83582
AD35	17	0	1496.91501	701.78358	1077.50577	762.89552
AD35	17	1	1776.95698	768.27612	1313.22455	869.68657
AD35	18	0	643.57083	720.91045	520.83631	690.31343
AD35	18	1	824.89297	763.22388	703.16579	758.82090
AD35	19	0	1416.32739	896.64179	807.68101	924.85075
AD35	19	1	1885.75026	941.97761	1109.88458	1038.69403
AD35	20	0	662.11542	282.87313	609.40923	278.93284
AD35	20	1	917.98111	295.97015	852.17943	308.14925
AD35	21	0	744.68940	177.31343	269.75656	143.05970
AD35	21	1	1160.72298	224.66418	646.50367	230.70896
AD35	22	0	102.74921	410.16418	97.71249	350.67910
AD35	22	1	352.57083	504.86567	302.20357	453.44030
AD35	23	0	1053.38615	248.36567	797.44701	256.90299
AD35	23	1	1390.84680	274.55970	1029.13641	306.26866
AD35	24	0	669.68940	312.97761	248.81427	273.02239
AD35	24	1	1046.43652	375.44030	441.21721	361.67910
AD35	25	0	647.24764	378.85821	474.71773	350.04478
AD35	25	1	896.06191	426.20896	637.90766	419.55970
AD35	26	0	200.46170	98.73134	24.17629	61.45522
AD35	26	1	557.06191	235.74627	294.14481	200.48507
AD36	0	0	815.94963	773.73134	769.88772	791.86567
AD36	0	1	1049.65373	763.65672	1009.63589	806.97761
AD36	1	0	215.57188	258.45522	108.79328	215.20896
AD36	1	1	504.67996	389.42537	408.98216	360.28358
AD36	2	0	573.14481	531.38806	502.17314	501.62687
AD36	2	1	790.73137	646.23881	715.73033	649.72388
AD36	3	0	70.51417	189.40299	24.17629	150.11194
AD36	3	1	359.62225	370.74627	310.26233	342.53731
AD36	4	0	437.89507	603.83582	393.04932	560.57463
AD36	4	1	734.05456	655.21642	659.99580	645.20149
AD36	5	0	435.63694	588.73881	416.20357	549.47761
AD36	5	1	701.57608	648.17910	659.98111	638.13433
AD36	6	0	261.35152	569.18657	190.38825	503.62687
AD36	6	1	595.79014	727.35821	500.65058	686.98507
AD36	7	0	1555.34103	712.82090	1425.39349	824.10448
AD36	7	1	1845.45645	778.30597	1750.76600	945.00000
AD36	8	0	175.27807	649.38060	17.12487	554.96269
AD36	8	1	526.84155	635.27612	361.63694	586.19403
AD36	9	0	1573.47324	670.64179	1323.65163	770.70896
AD36	9	1	1911.94124	803.62687	1633.91396	968.17164
AD36	10	0	1478.78279	432.85075	1221.83526	497.17910
AD36	10	1	1791.05981	395.57463	1411.21616	477.02985
AD36	11	0	403.19622	201.49254	278.02728	182.35075
AD36	11	1	735.62015	327.42537	577.20881	326.41791
AD36	12	0	146.32319	337.50000	17.12487	274.02985
AD36	12	1	527.09969	424.14179	385.81322	393.91791
AD36	13	0	221.87408	445.29851	194.41763	392.91045
AD36	13	1	501.91605	489.62687	441.21721	461.41791
AD36	14	0	176.10178	331.52239	142.83001	292.30597
AD36	14	1	552.84890	461.48507	478.27597	445.44030
AD36	15	0	290.11542	547.76119	213.55719	488.67164
AD36	15	1	575.19412	605.18657	486.54774	574.30597
AD36	16	0	140.02099	524.72388	96.70514	452.41791
AD36	16	1	455.32004	650.65672	368.68835	593.46269
AD36	17	0	325.24764	644.90299	289.85834	586.39552
AD36	17	1	582.12067	716.43284	496.36411	678.07463
AD36	18	0	547.66632	874.47761	380.77650	830.14925
AD36	18	1	735.03253	969.17910	515.76076	932.91045
AD36	19	0	961.59916	982.27612	610.68101	970.18657
AD36	19	1	1098.59811	936.94030	770.84890	949.02985
AD36	20	0	242.77020	522.26119	85.62434	451.13433
AD36	20	1	628.58342	448.71642	450.28332	429.97761
AD36	21	0	1222.91710	828.13433	920.71354	862.38806
AD36	21	1	1374.01889	910.74627	1095.99161	995.37313
AD36	22	0	507.65163	838.20896	366.67366	779.77612
AD36	22	1	715.16474	862.38806	552.02518	830.14925
AD36	23	0	854.83526	866.41791	539.85729	839.21642
AD36	23	1	1055.29696	831.15672	729.23820	825.11194
AD36	24	0	916.15950	728.65672	736.08499	732.68657
AD36	24	1	1062.22455	738.73134	907.33368	756.86567
AD36	25	0	388.83526	821.50746	262.91710	750.15672
AD36	25	1	524.82686	764.08209	406.96747	709.85821
AD36	26	0	759.76915	877.50000	494.24764	849.29104
AD36	26	1	951.16474	888.58209	658.44491	892.61194
AD36	27	0	880.41973	842.23881	676.93599	846.26866
AD36	27	1	975.11018	971.19403	711.18573	977.23881
AD36	28	0	1026.70304	967.16418	851.11542	980.26119
AD36	28	1	1189.89297	1005.44776	1020.34942	1062.87313
AD36	29	0	675.67471	968.17164	226.46905	883.73134
AD36	29	1	932.54774	875.48507	560.90766	853.50746
AD36	30	0	1181.61595	918.80597	645.60126	927.87313
AD36	30	1	1766.88353	934.92537	1030.40714	1024.58955
AD36	31	0	1230.94544	987.31343	922.41658	1036.67910
AD36	31	1	1415.28961	946.00746	1076.54040	1020.55970
AD36	32	0	1376.03358	785.82090	854.59286	828.13433
AD36	32	1	1525.12067	906.71642	1090.31165	995.37313
AD36	33	0	1392.15110	795.89552	836.73242	838.20896
AD36	33	1	1549.29696	926.86567	1073.45855	1014.51493
AD36	34	0	814.82057	591.88060	801.71039	604.88806
AD36	34	1	988.08395	616.05970	972.95908	656.26866
AD36	35	0	695.56348	716.86567	260.90241	652.76119
AD36	35	1	895.01784	757.16418	443.23190	721.26866
AD36	36	0	249.82162	613.71642	140.02099	542.54478
AD36	36	1	410.99685	726.55224	304.21826	664.44776
AD36	37	0	1604.70094	633.98507	1467.70199	744.53731
AD36	37	1	1879.70619	727.67910	1723.56768	892.63433
AD36	38	0	770.89402	610.00000	792.00420	624.87313
AD36	38	1	863.56978	667.42537	879.64323	691.36567
AD36	39	0	822.01994	819.06716	344.51207	761.64179
AD36	39	1	1143.36306	812.01493	644.70094	820.07463
AD36	40	0	265.93914	390.89552	199.45435	348.58209
AD36	40	1	517.77545	503.73134	431.14376	463.43284
AD36	41	0	368.68835	376.79104	273.99790	342.53731
AD36	41	1	648.73033	370.74627	503.67261	358.65672
AD36	42	0	1577.50262	859.36567	1375.05561	978.24627
AD36	42	1	1770.91291	802.94776	1611.78174	956.08209
AD36	43	0	301.19622	602.02985	301.19622	545.71642
AD36	43	1	505.68730	694.71642	436.18048	653.51493
AD36	44	0	1110.09444	872.46269	991.22770	912.76119
AD36	44	1	104.76390	721.34328	36.26443	616.56716
AD36	45	0	373.10808	702.65672	2.01469	607.67164
AD36	45	1	745.82581	821.53731	310.26233	767.85821
AD36	46	0	1589.59077	563.80597	1505.98111	675.73881
AD36	46	1	1797.10388	610.14925	1731.62644	758.35075
AD36	47	0	693.73347	393.20149	286.28646	359.82090
AD36	47	1	1215.53830	368.01493	777.87093	390.04478
AD36	48	0	1139.30745	555.88060	1032.62959	602.57463
AD36	48	1	1349.84260	639.50000	1225.03253	719.44030
AD36	49	0	1224.44491	554.64925	1171.64323	624.73881
AD36	49	1	1360.43652	666.47761	1322.74502	777.87313
AD36	50	0	1423.37880	486.21642	1362.93809	567.80597
AD36	50	1	1634.92130	377.41045	1582.53935	478.14179
AD36	51	0	1020.80588	500.97015	970.93075	532.84328
AD36	51	1	1234.36306	488.88060	1172.39979	548.96269
AD36	52	0	878.77020	562.42537	859.11542	582.20896
AD36	52	1	1068.15110	565.44776	1055.54774	611.42537
AD36	53	0	434.02728	576.94776	374.50472	538.36567
AD36	53	1	669.74607	601.12687	572.95173	576.64925
AD36	54	0	455.76915	581.12687	285.68311	526.44030
AD36	54	1	766.03148	604.29851	622.13641	587.89552
AD40	0	0	710.46800	352.64925	662.80063	352.26866
AD40	0	1	1003.60546	333.50746	965.00420	362.34328
AD40	1	0	637.70409	888.67910	633.86569	855.33582
AD40	1	1	951.99580	790.95522	928.01049	812.01493
AD40	2	0	138.00630	707.75373	45.33054	610.64925
AD40	2	1	301.19622	702.71642	202.47639	622.73881
AD40	3	0	279.03463	748.95522	174.27072	660.10448
AD40	3	1	957.98531	760.03731	742.41343	763.87313
AD40	4	0	514.48269	40.29851	327.10073	36.26866
AD40	4	1	720.98846	117.87313	541.66527	122.91045
AD40	5	0	1261.73242	462.12687	955.58552	498.63433
AD40	5	1	1465.21616	465.14925	1197.34837	530.87313
AD40	6	0	1299.93075	545.86567	1255.41553	616.78358
AD40	6	1	1416.78279	545.86567	1400.47324	632.90299
AD40	7	0	776.99895	378.34328	56.41133	321.11194
AD40	7	1	1182.95908	538.52985	324.36516	505.47761
AD40	8	0	996.93075	415.14179	802.55824	433.64925
AD40	8	1	1196.38510	360.73881	994.96118	401.41045
AD40	9	0	296.60860	463.85821	286.08604	419.84328
AD40	9	1	477.93075	442.70149	429.12907	416.82090
AD40	10	0	1036.55824	182.35075	196.04407	143.05970
AD40	10	1	1858.55194	218.61940	879.02413	242.79851
AD40	11	0	1506.98846	829.29851	1259.18153	936.94030
AD40	11	1	1717.52361	749.70896	1532.17209	882.53731
AD40	12	0	213.55719	527.05970	168.22665	457.00000
AD40	12	1	469.42288	692.28358	376.74711	639.35075
AD40	13	0	1225.62959	334.64925	1176.01154	388.65672
AD40	13	1	1403.92970	418.26866	1350.28227	492.42537
AD40	14	0	134.98426	568.76866	6.04407	479.76866
AD40	14	1	387.82791	583.88060	251.83631	524.09701
AD40	15	0	291.12277	657.02239	5.03673	558.44030
AD40	15	1	522.81217	624.78358	259.89507	565.49254
AD40	16	0	734.83526	788.84328	189.38090	711.26866
AD40	16	1	1023.94334	927.87313	489.56978	896.64179
AD40	17	0	575.04197	619.12687	356.24029	571.82090
AD40	17	1	858.10598	614.08955	634.26758	602.04478
AD40	18	0	795.65058	437.78358	461.00420	421.70896
AD40	18	1	1092.81742	465.99254	639.30430	472.08209
AD40	19	0	937.26967	906.71642	778.04932	929.88806
AD40	19	1	1306.96537	873.47015	1067.15740	941.97761
AD40	20	0	1186.94544	800.93284	1015.74082	850.29851
AD40	20	1	1337.03987	821.08209	1180.94544	900.67164
AD40	21	0	88.64638	411.84328	145.05771	356.67910
AD40	21	1	303.21091	435.01493	289.10808	391.94030
AD40	22	0	260.13956	724.83582	166.21196	661.02239
AD40	22	1	904.84050	808.45522	712.19307	804.08209
AD40	23	0	873.49738	588.67910	806.77754	603.44030
AD40	23	1	1052.80483	582.63433	995.15110	621.57463
AD40	24	0	968.14376	548.08209	937.51207	576.82836
AD40	24	1	1107.15740	546.06716	1090.62854	594.96269
AD40	25	0	1020.76180	219.62687	641.74711	227.22388
AD40	25	1	1276.62749	465.44776	856.31165	497.22388
AD40	26	0	125.91815	555.83582	158.15320	486.30597
AD40	26	1	352.57083	586.05970	348.54145	538.69403
AD40	27	0	1093.51941	129.96269	746.02728	147.08955
AD40	27	1	1424.93599	78.58209	1093.56139	123.91791
AD40	28	0	830.06401	231.71642	639.30535	244.81343
AD40	28	1	1100.03253	302.23881	860.92130	325.41045
AD40	29	0	1350.84995	770.02239	1160.51941	847.27612
AD40	29	1	1597.64953	781.10448	1391.20147	914.77612
AD40	30	0	636.27072	302.90299	381.78384	287.53731
AD40	30	1	972.72403	360.32836	650.74502	361.08209
AD40	31	0	434.02728	685.00000	336.40294	630.02985
AD40	31	1	693.92235	677.94776	532.83526	640.10448
AD40	32	0	1559.37041	336.90299	1574.48059	429.21642
AD40	32	1	1754.79538	347.98507	1797.10388	458.43284
AD40	33	0	289.10808	542.88806	255.86569	488.86567
AD40	33	1	483.52571	558.00000	401.93075	520.09701
AD40	34	0	814.10703	390.16418	944.63694	421.94776
AD40	34	1	934.98846	398.22388	1062.49633	440.08209
AD40	35	0	147.49213	487.20896	206.50577	435.14925
AD40	35	1	1100.76076	760.11194	983.45960	797.35821
AD40	36	0	253.29381	582.94776	269.33683	526.98507
AD40	36	1	1154.86779	597.05224	1158.72403	663.26119
AD40	37	0	490.27807	638.10448	401.93075	589.09701
AD40	37	1	1571.45855	40.22388	1396.01784	103.76866
AD40	38	0	1302.92340	531.99254	1287.38720	616.94776
AD40	38	1	1451.00315	521.91791	1458.63589	621.98507
AD40	39	0	805.59391	353.77612	165.20462	299.65672
AD40	39	1	1190.39979	534.11194	508.70934	520.29104
AD40	40	0	500.82162	418.35821	175.27807	371.85075
AD40	40	1	868.50262	413.32090	515.76076	402.07463
AD40	41	0	1345.54774	323.82090	1287.38720	389.24627
AD40	41	1	1594.36201	262.36567	1559.37041	350.96269
AD40	42	0	1227.18048	597.89552	1247.09339	669.17164
AD40	42	1	1371.23085	522.33582	1412.29801	611.74627
AD40	43	0	1117.14586	250.84328	766.17314	259.64179
AD40	43	1	1425.39349	381.81343	1069.38405	420.83582
AD40	44	0	1621.82581	685.15672	1500.94439	807.32836
AD40	44	1	1849.48583	642.84328	1762.85414	803.29851
AD40	45	0	1266.23295	864.48507	616.49528	866.41791
AD40	45	1	1592.61280	748.62687	1083.90346	816.04478
AD40	46	0	873.97587	469.91791	577.57188	459.51493
AD40	46	1	1208.41448	551.52239	844.51836	574.36567
AD40	47	0	885.15845	800.14179	608.44596	796.90299
AD40	47	1	1104.75971	870.66418	763.57712	884.55224
AD40	48	0	1262.45331	815.03731	910.34313	857.35075
AD40	48	1	1515.29696	873.47015	1177.28961	964.14179
AD40	49	0	858.35782	869.44030	628.28541	862.38806
AD40	49	1	1074.93704	936.94030	844.86464	960.11194
AD40	50	0	385.54145	726.89552	279.87303	665.48507
AD40	50	1	603.12802	767.19403	469.25393	719.88806
AD40	51	0	225.64533	821.08209	166.21196	723.67910
AD40	51	1	478.48898	855.33582	372.71773	782.11194
AD43	0	0	1384.09234	963.13433	1177.24659	1058.84328
AD43	0	1	1475.76076	959.10448	1262.87093	1073.95522
AD43	1	0	1206.78384	974.21642	1039.10703	1038.69403
AD43	1	1	1269.23924	945.00000	1111.63589	1023.58209
AD43	2	0	840.50472	1026.60448	579.57083	1004.44030
AD43	2	1	934.18783	1029.62687	656.12907	1021.56716
AD43	3	0	1043.68101	705.08955	1037.74082	774.64925
AD43	3	1	1266.30430	659.75373	1267.41553	744.42537
AD43	4	0	822.12172	905.70896	735.85729	910.74627
AD43	4	1	939.98111	885.55970	855.73137	910.74627
AD43	5	0	515.38720	913.76866	412.35047	858.35821
AD43	5	1	653.39349	935.93284	522.15110	897.64925
AD43	6	0	1082.55614	878.50746	893.65897	916.79104
AD43	6	1	1330.36306	924.85075	1062.89297	1001.41791
AD43	7	0	765.27177	326.85821	635.48269	337.35075
AD43	7	1	1008.04197	395.36567	877.24554	427.01493
AD43	8	0	771.29906	570.07463	492.77859	555.46269
AD43	8	1	1046.30430	727.23881	737.56348	748.89552
AD43	9	0	1038.29171	621.88060	938.71039	660.11940
AD43	9	1	1185.36411	587.62687	1117.01049	649.03731
AD43	10	0	503.41658	929.88806	306.23295	868.43284
AD43	10	1	837.85519	933.91791	597.35572	911.75373
AD43	11	0	138.00630	627.85075	157.14586	554.88806
AD43	11	1	376.74711	631.88060	366.67366	582.08955
AD43	12	0	474.67471	290.73881	235.71878	266.72388
AD43	12	1	849.40714	319.95522	575.19412	321.12687
AD43	13	0	1201.49738	405.05224	724.55719	426.35821
AD43	13	1	1592.34732	493.70896	1124.47324	556.32090
AD43	14	0	1480.79748	913.76866	1188.66737	1018.54478
AD43	14	1	1700.39874	801.94030	1401.21721	941.97761
AD43	15	0	865.37985	925.85821	635.36621	921.82836
AD43	15	1	1141.39244	939.96269	886.19517	973.20896
AD43	16	0	1568.43652	755.59701	1526.12802	887.57463
AD43	16	1	1790.05247	756.60448	1790.05247	928.88060
AD43	17	0	742.79119	909.73881	767.90241	914.77612
AD43	17	1	843.52571	949.02985	861.58552	967.16418
AD43	18	0	342.09339	864.40299	248.81427	782.03731
AD43	18	1	401.52676	773.73134	311.26967	707.48507
AD43	19	0	659.56978	1005.44776	471.38930	952.05224
AD43	19	1	939.61175	995.37313	769.56348	1012.50000
AD43	20	0	1127.43861	955.07463	716.51207	973.20896
AD43	20	1	1342.00315	968.17164	912.94439	1018.54478
AD43	21	0	411.93914	661.38060	234.60126	600.94776
AD43	21	1	586.20986	673.47015	425.99685	632.17910
AD43	22	0	1158.28332	1031.64179	520.18153	1032.64925
AD43	22	1	1422.20776	1045.74627	834.47324	1077.98507
AD43	23	0	372.71773	643.55970	231.68940	582.82836
AD43	23	1	553.03253	574.04478	438.19517	541.52239
AD43	24	0	1164.67996	1013.50746	606.18153	1016.52985
AD43	24	1	1396.36936	971.19403	827.79748	1013.50746
AD43	25	0	208.52046	690.13433	125.91815	605.74627
AD43	25	1	523.81952	729.42537	373.72508	678.28358
AD43	26	0	397.90136	550.38060	112.82267	482.51493
AD43	26	1	1596.64218	509.97761	1483.81952	617.50000
AD43	27	0	215.57188	798.47015	30.22036	689.57463
AD43	27	1	454.31270	756.15672	257.88038	690.58209
AD43	28	0	214.56453	595.98507	29.21301	514.69403
AD43	28	1	386.82057	627.21642	216.57922	565.06716
AD43	29	0	756.62959	476.03731	730.17524	486.89552
AD43	29	1	889.59916	447.82836	854.07870	475.81343
AD43	30	0	870.59286	510.85075	774.46800	529.17910
AD43	30	1	932.04092	394.99254	862.10703	432.46269
AD43	31	0	1114.18048	385.00746	1238.18678	448.92537
AD43	31	1	1182.67996	433.36567	1304.67156	504.33582
AD44	0	0	823.78384	961.11940	612.22455	940.97015
AD44	0	1	894.29801	955.07463	682.73872	945.00000
AD44	1	0	1014.65897	939.96269	801.59286	957.08955
AD44	1	1	1081.14376	932.91045	870.09234	959.10448
AD44	2	0	694.02623	482.97015	656.91605	480.03731
AD44	2	1	837.06925	511.17910	796.93704	527.38806
AD44	3	0	230.61700	610.01493	177.29276	534.88806
AD44	3	1	457.26967	653.33582	364.65897	607.42537
AD44	4	0	620.71039	636.96269	540.29906	611.58209
AD44	4	1	826.20881	561.40299	746.80483	568.26119
AD44	5	0	855.87198	680.86567	929.24029	711.54478
AD44	5	1	1006.97377	704.03731	1071.27597	756.88060
AD44	6	0	1264.97482	815.03731	1081.46170	879.51493
AD44	6	1	1599.41343	899.66418	1348.40818	1019.55224
AD44	7	0	791.72508	590.44030	875.35047	610.85821
AD44	7	1	920.66527	645.85075	988.17314	682.38806
AD44	8	0	991.60860	983.28358	802.22665	1000.41045
AD44	8	1	1467.07555	857.35075	1318.99475	973.20896
AD44	9	0	970.68206	720.38806	819.96118	742.76119
AD44	9	1	1285.98111	723.41045	1134.25289	793.13433
AD44	10	0	975.11018	993.35821	642.68625	981.26866
AD44	10	1	1835.38300	830.14925	1593.62015	999.40299
AD44	11	0	833.73977	764.09701	763.72613	788.00746
AD44	11	1	1900.86044	534.23134	1900.86044	695.39552
AD44	12	0	106.77859	665.69403	86.63169	572.70896
AD44	12	1	312.27702	676.77612	243.77754	603.94030
AD44	13	0	1159.73242	906.71642	886.99685	938.95522
AD44	13	1	1314.86359	782.79851	1067.31165	851.30597
AD44	14	0	226.65268	612.75373	121.88877	535.71642
AD44	14	1	424.09234	654.05970	299.18153	596.16418
AD44	15	0	273.99790	782.00746	232.69675	699.93284
AD44	15	1	441.21721	789.05970	383.79853	726.12687
AD44	16	0	595.48269	571.61194	600.59286	559.58209
AD44	16	1	733.48898	608.88806	712.40818	609.95522
AD44	17	0	852.04932	310.97761	596.82791	313.15672
AD44	17	1	1036.39349	176.98507	732.81952	196.29104
AD44	18	0	1036.96747	470.97015	1082.40818	520.72388
AD44	18	1	1151.80483	469.96269	1196.23820	533.82090
AD44	19	0	1018.82057	597.33582	959.22455	637.69403
AD44	19	1	1159.84890	621.51493	1101.26023	673.96269
AD44	20	0	776.45331	930.89552	483.52571	886.56716
AD44	20	1	917.48164	1050.78358	550.01049	1019.55224
AD44	21	0	381.51312	171.26866	405.96013	167.23881
AD44	21	1	537.65163	200.48507	544.97377	208.54478
AD44	22	0	1286.37985	927.87313	1069.80063	1001.41791
AD44	22	1	1415.32004	927.87313	1207.80693	1023.58209
AD44	23	0	784.59916	629.97015	705.95278	632.02985
AD44	23	1	922.60546	595.71642	821.79748	612.88806
AD44	24	0	1634.92130	701.02985	1540.23085	835.18657
AD44	24	1	1801.13326	726.21642	1709.46485	894.62687
AD44	25	0	456.79119	609.89552	262.91710	553.11940
AD44	25	1	626.02518	595.79104	447.26128	560.17164
AD44	26	0	1410.28332	872.46269	1245.12172	974.21642
AD44	26	1	1565.41448	847.27612	1410.32634	976.23134
AD44	27	0	1439.49633	892.61194	1257.16684	1004.44030
AD44	27	1	1552.31899	822.08955	1401.21721	947.01493
AD44	28	0	1576.49528	749.63433	1473.74607	874.47761
AD44	28	1	1746.73662	730.49254	1654.06086	880.52239
AD44	29	0	1714.50157	685.55970	1554.33368	816.04478
AD44	29	1	1906.90451	696.64179	1765.87618	862.38806
AD44	30	0	1249.54879	858.35821	1097.26128	931.90299
AD44	30	1	1460.08395	900.67164	1302.75971	1006.45522
AD44	31	0	826.52046	939.96269	552.77650	913.76866
AD44	31	1	1090.44491	974.21642	753.23820	993.35821
AD44	32	0	1254.08499	803.59701	1079.14481	871.45522
AD44	32	1	1480.73767	812.66418	1295.72403	913.76866
AD44	33	0	685.98216	1013.50746	259.84470	933.91791
AD44	33	1	987.17838	1032.64925	584.20986	1010.48507
AD44	34	0	302.20357	753.19403	221.47639	671.91791
AD44	34	1	539.93704	709.87313	453.16579	668.89552
AD44	35	0	1449.56978	921.82836	1341.59182	1035.67164
AD44	35	1	1678.23715	858.35821	1583.35467	1004.44030
AD45	0	0	1526.12802	619.26119	1225.38720	696.03731
AD45	0	1	1721.55299	558.81343	1392.60651	656.74627
AD45	1	0	822.80588	876.49254	392.86464	831.26866
AD45	1	1	993.04722	844.25373	556.05456	822.20149
AD45	2	0	1541.23820	751.05970	1433.45226	866.41791
AD45	2	1	1686.29591	658.37313	1651.03882	794.88806
AD45	3	0	503.29906	462.97015	412.00420	442.08209
AD45	3	1	740.02518	505.28358	584.26023	495.47761
AD45	4	0	1180.59286	647.09701	1116.73242	711.08955
AD45	4	1	1385.08395	573.55224	1337.34103	656.68657
AD45	5	0	1607.72298	648.73134	1385.23190	753.13433
AD45	5	1	1831.35362	571.15672	1570.58342	692.68657
AD45	6	0	390.84995	159.67910	227.66002	137.48507
AD45	6	1	616.49528	255.38806	474.45960	245.28358
AD45	7	0	1128.77650	895.63433	648.20252	897.64925
AD45	7	1	1297.00315	956.08209	843.62749	990.33582
AD45	8	0	1513.03253	722.33582	1399.20252	831.35821
AD45	8	1	1646.00210	672.97015	1565.41448	801.13433
AD45	9	0	1471.73137	755.22388	1297.46065	862.38806
AD45	9	1	1640.96537	677.64925	1551.31165	801.94030
AD45	10	0	1539.22350	724.49254	1485.83421	844.75373
AD45	10	1	1697.37671	621.73134	1674.20776	761.13433
AD45	11	0	1787.03043	515.35821	1765.87618	650.28358
AD45	11	1	1884.74292	468.00746	1916.97796	616.02985
AD45	12	0	858.72508	257.77612	787.01259	277.05224
AD45	12	1	1070.26758	256.76866	997.54774	294.17910
AD45	13	0	733.95278	352.47761	220.32214	306.70896
AD45	13	1	1023.06086	627.51493	547.70934	607.94030
AD45	14	0	731.37251	465.90299	611.07030	461.99254
AD45	14	1	928.81217	444.74627	827.64953	464.00746
AD45	15	0	1451.80483	452.86567	1426.40084	549.05224
AD45	15	1	1610.96537	469.99254	1598.65687	577.26119
AD45	16	0	204.49108	590.55970	32.23505	494.11194
AD45	16	1	1155.52571	686.70149	835.49633	703.17910
AD45	17	0	438.01154	590.69403	386.82057	553.79104
AD45	17	1	1107.20252	752.23134	1025.70934	803.32836
AD45	18	0	799.83211	679.02985	691.03882	677.01493
AD45	18	1	1023.46275	608.50746	882.43442	628.65672
AD45	19	0	1282.35047	333.86567	1070.16789	371.36567
AD45	19	1	1545.26758	431.58955	1271.63694	500.32090
AD45	20	0	694.33578	260.76866	517.26128	256.20149
AD45	20	1	991.50262	397.78358	770.10493	408.32836
AD45	21	0	499.91815	360.50746	410.48269	339.82090
AD45	21	1	729.59286	478.38060	617.99580	474.82090
AD45	22	0	865.21826	489.05970	592.01994	477.72388
AD45	22	1	1065.67996	658.31343	807.59182	678.20896
AD45	23	0	1302.49738	449.17910	1116.79119	496.83582
AD45	23	1	1523.10598	576.11940	1265.87828	649.97015
AD45	24	0	1104.43022	504.88060	972.42392	534.72388
AD45	24	1	1344.17838	620.73881	1208.14271	687.85821
AD45	25	0	263.92445	642.81343	148.07975	564.48507
AD45	25	1	536.91501	672.02985	388.83526	616.87313
AD45	26	0	750.01259	578.05970	335.89612	544.08209
AD45	26	1	1090.49528	623.39552	704.58447	626.69403
AD45	27	0	493.51941	507.59701	480.37985	481.75373
AD45	27	1	691.96642	558.97761	642.56243	551.26866
AD45	28	0	228.66737	621.79104	24.17629	524.60448
AD45	28	1	474.45960	696.34328	284.07135	635.42537
AD45	29	0	657.26967	803.62687	26.19098	705.22388
AD45	29	1	896.01049	576.94776	471.43757	552.08955
AD45	30	0	880.01994	528.23134	551.93075	525.91791
AD45	30	1	1101.63589	713.60448	763.47324	723.38060
AD45	31	0	526.80588	744.80597	289.10808	677.32090
AD45	31	1	719.20881	783.08955	422.07765	743.81343
AD45	32	0	1211.87933	676.77612	1190.78489	759.04478
AD45	32	1	1350.89297	662.67164	1336.84995	743.93284
AD45	33	0	516.76810	573.28358	466.70304	541.04478
AD45	33	1	649.73767	505.78358	599.67261	494.70149
AD45	34	0	1104.84995	842.23881	828.68835	863.39552
AD45	34	1	1246.88562	860.37313	989.86359	913.76866
AD45	35	0	686.91710	405.08209	378.47534	374.13433
AD45	35	1	1020.34837	635.79104	700.82581	636.07463
AD45	36	0	810.34418	759.05970	211.54250	700.85075
AD45	36	1	1039.01154	766.11194	514.75341	732.08209
AD48	0	0	611.45331	699.52985	140.02099	620.78358
AD48	0	1	821.98846	738.82090	388.83526	692.31343
AD48	1	0	1333.15845	913.60448	1125.36516	992.35075
AD48	1	1	1590.03148	777.59701	1398.35572	898.65672
AD48	2	0	335.88458	759.59328	138.54774	665.32463
AD48	2	1	534.83526	752.54104	376.78489	691.01493
AD48	3	0	592.59496	1017.53731	235.30850	934.00000
AD48	3	1	804.64113	1016.02612	511.82476	971.27612
AD48	4	0	962.09864	902.77239	904.69780	933.75000
AD48	4	1	1117.22980	846.35448	1084.00525	904.02985
AD48	5	0	1526.39559	905.63433	1333.68311	1030.13060
AD48	5	1	1723.83526	810.42910	1527.09339	958.60075
AD48	6	0	1622.83316	937.94776	1406.25393	1071.94030
AD48	6	1	1717.52361	914.77612	1491.87828	1057.83582
AD48	7	0	1321.63694	598.64925	1267.60756	676.23881
AD48	7	1	1588.58342	592.60448	1556.71563	709.48507
AD48	8	0	953.92340	733.08955	889.32004	759.62687
AD48	8	1	1069.76810	748.20149	999.12067	789.85075
AD48	9	0	803.56348	633.45522	670.29381	623.97015
AD48	9	1	1033.23820	541.77612	861.68940	564.52985
AD48	10	0	901.20357	608.52985	778.06401	621.27612
AD48	10	1	1163.11333	559.16418	1040.98111	601.12687
AD48	11	0	409.00525	1015.52239	205.31480	904.70149
AD48	11	1	745.45855	1014.51493	559.90031	974.21642
AD48	12	0	1465.68730	609.02239	1162.84260	677.79851
AD48	12	1	1626.86254	479.05970	1295.81217	557.91045
AD48	13	0	1634.92130	668.04478	1298.46800	763.65672
AD48	13	1	1840.41973	532.03731	1530.15740	641.75373
AD48	14	0	134.98426	649.70896	48.35257	548.94776
AD48	14	1	428.12172	696.05224	325.37251	630.55224
AD48	15	0	619.19727	297.39179	387.95488	287.65672
AD48	15	1	836.28017	347.76493	595.97167	345.58582
AD48	16	0	1368.59496	206.66045	1357.75236	272.82836
AD48	16	1	1495.52046	269.62687	1474.60441	344.35821
AD48	17	0	1374.43337	457.94403	1267.65687	528.82836
AD48	17	1	1524.52781	453.41045	1419.26233	532.85821
AD48	18	0	1528.45855	736.06716	1268.53200	834.00000
AD48	18	1	1676.03463	676.12313	1464.46065	792.19030
AD48	19	0	1594.62749	286.69403	1353.42917	359.21642
AD48	19	1	1802.14061	316.41418	1578.57083	406.06343
AD48	20	0	1566.50997	309.62687	1359.49948	377.60075
AD48	20	1	1756.89822	284.94403	1570.53830	372.05970
AD48	21	0	1509.40609	456.27239	1372.16789	535.31716
AD48	21	1	1656.47849	511.17910	1484.48688	614.40299
AD48	22	0	1571.53200	301.77612	1370.27492	368.79851
AD48	22	1	1765.44596	286.66418	1579.80273	373.83582
AD48	23	0	1314.71563	574.79851	1200.76705	643.46642
AD48	23	1	1437.61175	566.23507	1343.81007	649.00746
AD48	24	0	1595.20462	421.70522	1576.42497	525.40299
AD48	24	1	1687.88038	376.87313	1707.88353	488.63060
AD48	25	0	1213.90871	645.98507	1145.05561	708.62687
AD48	25	1	1332.77545	679.23134	1268.95908	765.04478
AD48	26	0	1275.90766	420.65672	1258.17419	484.51493
AD48	26	1	1368.58342	361.21642	1372.00420	435.14925
AD48	27	0	1325.70829	606.50373	1177.76390	673.45896
AD48	27	1	1479.83211	598.44403	1340.45016	689.07463
AD48	28	0	1211.16789	522.98881	1124.03253	579.52612
AD48	28	1	1346.65582	472.11194	1268.08290	543.76119
AD48	29	0	1274.88667	923.84328	1002.43861	979.25373
AD48	29	1	1436.06191	893.61940	1179.73137	981.26866
AD48	30	0	1075.19412	692.25746	959.09129	726.93657
AD48	30	1	1219.24449	666.06343	1094.57922	724.41791
AD48	31	0	585.71983	447.19030	513.11647	432.19776
AD48	31	1	742.86569	502.60075	650.61910	493.14925
AD48	32	0	1245.52046	859.15299	1094.38825	925.11194
AD48	32	1	1387.05247	816.33582	1248.00839	904.45896
AD48	33	0	145.05771	804.96269	67.49213	689.93284
AD48	33	1	438.19517	822.08955	339.47534	750.38060
AD48	34	0	254.85834	421.75373	233.94334	372.11940
AD48	34	1	424.09234	385.98881	369.93494	354.48881
AD48	35	0	1668.66737	897.98881	1345.66737	1019.55224
AD48	35	1	1890.28332	841.06716	1546.63274	991.34328
AD48	36	0	785.76705	947.51866	520.30010	911.75373
AD48	36	1	935.86149	925.35448	694.57083	918.80597
AD48	37	0	713.99475	543.98507	570.34103	528.51119
AD48	37	1	864.08919	597.88433	713.38405	598.52985
AD48	38	0	1575.48793	617.39552	959.21196	667.97015
AD48	38	1	1846.46380	529.74627	1300.70199	617.59701
AD48	39	0	1503.96642	535.99254	968.65163	576.73881
AD48	39	1	1833.36831	584.35075	1178.17943	662.37313
AD48	40	0	596.21196	504.23507	511.28227	486.28731
AD48	40	1	750.83945	523.88060	656.84365	519.53358
AD48	41	0	111.58762	485.48881	33.24239	407.70522
AD48	41	1	325.14481	457.78358	204.49108	401.15672
AD48	42	0	270.06191	539.61194	111.76390	466.91045
AD48	42	1	498.22560	580.41418	304.16684	528.86940
AD48	43	0	455.78909	505.65299	416.79643	477.11940
AD48	43	1	602.86149	480.46642	565.88353	468.05224
AD48	44	0	373.42183	349.66045	350.83316	324.00000
AD48	44	1	543.66317	384.92164	509.49003	370.84701
AD48	45	0	218.01049	450.25746	113.52151	386.96269
AD48	45	1	417.96852	448.24254	298.36936	405.09701
AD48	46	0	497.42917	534.94776	519.95803	509.08955
AD48	46	1	632.91710	507.74627	645.37251	501.02985
AD48	47	0	250.88143	579.91045	199.71563	512.12687
AD48	47	1	413.56768	617.69030	321.60441	559.47761
AD48	48	0	1362.98111	532.94776	1269.06506	612.81343
AD48	48	1	1496.45435	526.90299	1420.16684	619.86567
AD48	49	0	1279.13536	565.74254	1253.95488	642.02985
AD48	49	1	1396.49108	539.54851	1378.36201	625.91045
AD48	50	0	670.51731	424.88060	671.00210	427.44403
AD48	50	1	792.40609	483.81716	771.23295	496.45522
AD48	51	0	497.26758	123.33955	566.70094	134.24254
AD48	51	1	629.22980	147.01493	685.06401	160.43657
AD48	52	0	616.16789	883.54478	487.13851	867.42537
AD48	52	1	1028.17209	808.99254	874.96642	834.17910
AD48	53	0	1341.54774	880.52239	1248.10073	969.17910
AD48	53	1	1881.72088	727.02985	1829.33893	906.71642
AD48	54	0	859.74921	1007.54478	738.24869	1004.44030
AD48	54	1	1069.27702	977.82463	929.14061	1018.54478
AD48	55	0	1036.58762	642.75746	846.81952	662.31716
AD48	55	1	1320.65897	639.23134	1084.55299	695.05970
AD48	56	0	528.53620	1073.45149	291.27807	981.77239
AD48	56	1	729.50157	1029.12313	518.43442	985.80224
AD48	57	0	695.80483	644.33955	575.31899	632.07463
AD48	57	1	921.45016	645.34701	784.84680	656.25373
AD48	58	0	214.74921	968.67537	101.23820	854.23507
AD48	58	1	451.97901	1019.55224	320.83945	930.29851
AD48	59	0	766.41133	769.96642	456.48059	735.84701
AD48	59	1	1020.26233	698.43657	700.25813	698.57090
AD48	60	0	928.59077	761.82836	793.51731	774.72388
AD48	60	1	1134.59286	792.05224	940.58972	838.69776
AD48	61	0	755.49108	918.68284	610.16474	899.16045
AD48	61	1	963.00420	917.17164	834.80273	940.46642
AD48	62	0	1464.62434	648.63806	1297.99580	745.33955
AD48	62	1	1732.07450	667.27612	1562.42392	799.74254
AD48	63	0	666.87408	651.76866	615.88458	649.05224
AD48	63	1	838.12277	700.12687	750.86884	682.29851
AD48	64	0	421.35992	501.78358	405.58342	470.55597
AD48	64	1	613.25918	507.32463	556.18153	490.70522
AD48	65	0	1078.08080	696.63060	900.05876	726.43657
AD48	65	1	1274.00944	688.57090	1035.04302	745.07463
AD48	66	0	1180.96222	673.69403	895.09864	714.55224
AD48	66	1	1416.17733	560.85821	1174.13326	629.42164
AD48	67	0	774.16789	655.54478	811.92025	664.92537
AD48	67	1	941.38720	515.50746	987.19832	546.04478
AD48	68	0	615.94019	991.39925	424.10178	937.61567
AD48	68	1	777.61910	898.20896	598.87618	865.07836
AD48	69	0	585.88562	891.57463	353.64638	823.43657
AD48	69	1	849.81007	828.10448	615.05247	809.83582
AD48	70	0	1069.32214	585.97015	1099.60546	641.80597
AD48	70	1	1215.38720	593.52612	1243.65582	667.49627
AD48	71	0	556.19412	896.66418	482.45121	852.23507
AD48	71	1	771.26233	970.20896	636.07135	954.49254
AD48	72	0	661.73242	483.25373	597.93179	473.72388
AD48	72	1	841.03987	524.55970	755.07765	533.16418
AD48	73	0	474.61490	617.26119	253.40399	551.97015
AD48	73	1	707.31165	522.55970	494.15950	502.60448
AD48	74	0	1355.88667	819.73134	1048.29171	903.69403
AD48	74	1	1553.32634	705.88806	1363.59077	805.97015
AD48	75	0	1507.99580	888.58209	1206.98951	987.31343
AD48	75	1	1713.49423	810.00000	1425.58342	934.92537
AD48	76	0	1335.73977	813.35821	990.11542	868.43284
AD48	76	1	1559.37041	706.56716	1230.87093	792.87313
AD48	77	0	1234.62225	773.82836	893.36516	826.69403
AD48	77	1	1411.91501	583.41791	1084.76076	640.31343
AD48	78	0	1117.14586	340.01493	625.57188	337.17164
AD48	78	1	1556.34837	315.83582	901.58447	341.20149
AD48	79	0	1198.37251	823.52239	838.37251	848.28358
AD48	79	1	1387.75341	779.19403	1079.12802	838.20896
AD51	0	0	399.73033	958.60075	46.33788	840.22388
AD51	0	1	657.10703	1040.20522	247.80693	934.92537
AD51	1	0	1109.21616	921.52612	808.52466	942.48134
AD51	1	1	1288.52361	1001.11567	960.63379	1053.30224
AD51	2	0	1220.87093	837.41791	1025.93284	883.03731
AD51	2	1	1361.39559	796.11194	1157.39140	875.48134
AD51	3	0	750.30430	851.35821	269.55824	755.94776
AD51	3	1	1012.21406	803.00000	515.85414	781.63806
AD51	4	0	606.81952	931.90299	1.00735	801.02985
AD51	4	1	963.41973	958.09701	409.98951	906.81343
AD51	5	0	1114.00210	835.25746	603.79224	808.92910
AD51	5	1	1243.68206	1062.87313	566.13431	1055.31716
AD51	6	0	1354.60860	702.23881	1056.97272	764.02239
AD51	6	1	1654.22246	892.71269	1331.31060	1014.51493
AD51	7	0	985.04722	308.73881	544.18363	305.86194
AD51	7	1	1255.51941	210.00746	775.36936	225.76866
AD51	8	0	381.92550	454.55597	326.17943	414.13433
AD51	8	1	592.46065	446.49627	511.53095	425.21642
AD51	9	0	1090.38930	816.21642	683.28646	815.47761
AD51	9	1	1428.85729	861.55224	954.76600	917.73507
AD51	10	0	1267.24029	636.71642	765.58237	646.79104
AD51	10	1	1543.25289	737.46269	1001.30115	826.11940
AD51	11	0	1557.46170	618.35448	1471.49948	730.39179
AD51	11	1	1682.87618	620.87313	1645.26653	754.06716
AD51	12	0	1476.76810	562.16418	662.83316	572.23881
AD51	12	1	1863.58867	540.00000	1210.82896	614.55224
AD51	13	0	423.08499	386.86567	42.30850	340.52239
AD51	13	1	866.31689	423.13433	455.32004	402.98507
AD51	14	0	858.21196	856.56343	326.37985	769.70149
AD51	14	1	1277.31375	967.16418	660.81847	965.14925
AD51	15	0	1138.30010	842.23881	711.18573	826.11940
AD51	15	1	1543.25289	1051.79104	958.99265	1075.97015
AD51	16	0	754.70199	863.50746	235.71878	761.64179
AD51	16	1	1155.12172	1061.97761	415.02623	1035.67164
AD51	17	0	464.79643	635.88060	247.80693	578.28358
AD51	17	1	761.55299	755.59701	479.49633	727.38806
AD63	0	0	1472.04617	888.08955	1267.71144	994.36567
AD63	0	1	1615.59286	909.24627	1396.65163	1031.13806
AD63	1	0	390.26443	611.27239	132.46590	547.09328
AD63	1	1	565.54250	648.04478	305.72928	581.85075
AD63	2	0	612.37461	480.30597	509.29696	466.00746
AD63	2	1	939.25813	474.76493	788.33158	490.69030
AD63	3	0	1193.15740	880.75373	1019.74502	943.99254
AD63	3	1	1482.76915	961.85448	1315.90451	1076.97761
AD63	4	0	993.24239	969.17910	360.62959	928.88060
AD63	4	1	1337.75446	898.65672	763.56768	916.79104
AD63	5	0	1148.37356	908.73134	811.92025	932.91045
AD63	5	1	1406.25393	1003.43284	1019.43337	1075.97015
AD63	6	0	578.32844	695.58955	199.45435	614.55224
AD63	6	1	919.81847	822.52985	471.43757	761.64179
AD63	7	0	762.01994	615.92537	428.29171	578.85821
AD63	7	1	1074.29696	652.19403	736.53935	657.44030
AD63	8	0	688.13012	662.94776	428.32109	626.91791
AD63	8	1	970.18678	686.11940	715.41448	681.32090
AD63	9	0	745.75446	541.37313	554.50472	526.95522
AD63	9	1	983.48793	481.93284	760.00315	498.74627
AD63	10	0	1192.49003	836.19403	813.93494	844.25373
AD63	10	1	1458.42917	882.53731	1083.90346	949.02985
AD63	11	0	712.24764	837.20149	431.14376	793.88060
AD63	11	1	959.04722	889.58955	697.08290	888.58209
AD63	12	0	545.98111	705.22388	199.45435	636.71642
AD63	12	1	892.50787	924.85075	376.74711	864.40299
AD63	13	0	822.93914	954.06716	245.79224	864.40299
AD63	13	1	1188.60546	860.37313	636.64218	850.29851
AD63	14	0	1150.54879	634.11940	900.56663	656.86567
AD63	14	1	1380.22350	682.47761	1011.37461	753.58209
AD63	15	0	1442.51836	874.47761	1206.79958	955.07463
AD63	15	1	1674.20776	914.77612	1478.78279	1071.94030
AD63	16	0	1170.53515	991.34328	840.12592	1019.55224
AD63	16	1	1388.12172	999.40299	1025.47744	1059.85075
AD63	17	0	650.74502	1055.82090	70.51417	945.00000
AD63	17	1	1057.71249	922.83582	507.70199	888.58209
AD63	18	0	379.36516	570.19403	58.42602	489.62687
AD63	18	1	667.46590	597.39552	356.60021	550.07463
AD63	19	0	320.33578	556.00000	2.01469	475.52239
AD63	19	1	598.36306	568.08955	290.11542	525.89552
AD63	20	0	842.93809	628.94776	678.95068	624.62687
AD63	20	1	1028.28961	715.58955	850.19937	737.46269
AD63	21	0	780.15215	940.97015	443.23190	894.62687
AD63	21	1	1067.24554	926.86567	707.15635	922.83582
AD63	22	0	555.11647	427.78358	509.47639	412.33209
AD63	22	1	684.48688	606.68284	556.23715	583.06716
AD63	23	0	807.02413	473.96642	431.14376	445.29851
AD63	23	1	977.44701	686.00746	590.30430	662.91045
AD63	24	0	1100.09444	510.33582	551.15740	498.08209
AD63	24	1	1315.16264	402.53731	834.72508	429.57463
AD63	25	0	1321.60546	788.88060	1025.47744	854.32836
AD63	25	1	1460.61910	895.67164	1158.44701	949.02985
AD63	26	0	1326.30430	885.72015	914.66946	934.92537
AD63	26	1	1522.23295	835.34701	1102.03568	912.76119
AD63	27	0	1199.62749	659.64925	949.35887	692.58209
AD63	27	1	1331.58972	757.87687	1062.18153	821.03358
AD75	0	0	1222.62225	1036.67910	669.77754	1046.75373
AD75	0	1	1412.00315	960.11194	824.90871	993.35821
AD75	1	0	773.01154	276.66418	717.71039	289.65672
AD75	1	1	887.84890	359.27612	801.32004	376.29851
AD75	2	0	903.80588	438.95522	837.94544	455.90299
AD75	2	1	1049.87093	452.05224	983.00315	486.12687
AD75	3	0	449.59286	171.26866	289.10808	156.15672
AD75	3	1	616.81217	299.21642	435.17314	281.08209
AD75	4	0	681.62959	575.17164	527.84890	556.11940
AD75	4	1	846.83421	565.09701	695.06821	566.19403
AD75	5	0	991.89192	574.16418	898.88667	602.84328
AD75	5	1	1118.81742	580.20896	1037.90031	632.05970
AD75	6	0	463.03358	100.74627	475.12172	105.78358
AD75	6	1	605.06925	163.20896	593.98846	170.26119
AD75	7	0	466.05561	112.83582	292.79224	98.73134
AD75	7	1	562.76076	263.95522	388.49003	248.84328
AD75	8	0	668.59286	566.79851	518.73242	545.82090
AD75	8	1	828.76076	570.82836	677.89297	562.94776
AD75	9	0	1019.76915	576.11940	919.76180	604.10448
AD75	9	1	1138.63589	578.13433	1052.73137	630.29851
AD75	10	0	601.01154	99.73881	485.75446	112.83582
AD75	10	1	739.01784	218.61940	588.50367	222.64925
AD75	11	0	588.92340	281.08209	347.74816	247.83582
AD75	11	1	758.15740	402.98507	511.94544	390.89552
AD75	12	0	886.09024	231.71642	765.79643	246.82836
AD75	12	1	1053.30955	194.44030	953.16264	220.63433
AD75	13	0	452.93179	362.68657	265.14586	334.47761
AD75	13	1	532.51207	518.84328	343.71878	486.60448
AD75	14	0	1796.09654	439.16418	1679.24449	558.24627
AD75	14	1	1894.81637	373.67910	1836.39035	496.79104
AD75	15	0	564.65897	77.57463	495.01154	82.61194
AD75	15	1	711.73137	177.31343	626.97377	189.40299
AD75	16	0	698.63589	249.85075	554.44491	245.82090
AD75	16	1	829.59077	325.41045	706.55404	330.44776
AD75	17	0	1044.27702	361.03731	990.13012	396.82090
AD75	17	1	1186.31270	322.75373	1141.23190	373.64925
AD75	18	0	1049.12907	494.55970	964.94648	529.80597
AD75	18	1	1176.05456	485.49254	1100.93809	536.85821
AD75	19	0	794.86464	207.53731	625.57083	216.60448
AD75	19	1	962.08395	128.95522	809.91501	152.12687
AD75	20	0	785.79853	283.09701	768.61385	292.16418
AD75	20	1	905.67261	208.54478	891.50997	235.74627
AD75	21	0	822.06296	292.16418	745.44491	304.25373
AD75	21	1	989.28227	336.49254	899.56873	360.67164
AD75	22	0	594.44596	305.68657	613.70304	304.94776
AD75	22	1	737.48898	305.68657	737.60651	317.03731
AD75	23	0	469.90136	50.37313	160.16789	28.20896
AD75	23	1	695.54669	187.38806	336.45331	164.21642
AD75	24	0	1397.18783	406.82090	1277.86464	467.25373
AD75	24	1	1549.29696	388.68657	1444.07660	469.26866
AD75	25	0	1059.05561	331.88060	986.87198	365.85075
AD75	25	1	1201.09129	318.78358	1133.94439	367.86567
AD75	26	0	1277.81322	486.86567	1186.11438	547.29851
AD75	26	1	1418.84155	473.76866	1327.14271	553.34328
AD75	27	0	591.14376	307.00746	526.12172	304.01493
AD75	27	1	751.31165	307.00746	675.20881	313.08209
AD75	28	0	462.20357	343.27612	267.23400	312.07463
AD75	28	1	627.40818	448.05224	390.13012	413.82836
AD75	29	0	307.07240	134.73134	238.02099	105.54478
AD75	29	1	427.95383	287.86567	309.54250	259.68657
AD75	30	0	628.87198	527.61194	591.09969	514.75373
AD75	30	1	757.81217	594.10448	693.84890	594.34328
AD75	31	0	842.73242	192.42537	578.79119	196.45522
AD75	31	1	1012.97377	222.64925	774.21616	235.74627
AD75	32	0	880.49003	375.08209	789.71039	388.16418
AD75	32	1	1028.56978	392.20896	922.67996	413.35075
AD75	33	0	1672.19307	307.92537	1427.40818	386.86567
AD75	33	1	1806.16999	303.89552	1624.84785	398.95522
AD75	34	0	1373.01154	468.11194	1280.91605	538.33582
AD75	34	1	1462.66527	429.82836	1413.88562	510.12687
AD75	35	0	446.91605	213.58209	417.00420	201.49254
AD75	35	1	602.04722	285.11194	525.79748	272.01493
AD75	36	0	262.57188	160.18657	316.26967	145.07463
AD75	36	1	383.45331	243.80597	407.93809	226.67910
AD75	37	0	694.39349	598.58955	572.70304	578.91791
AD75	37	1	852.54669	599.59701	726.82686	600.07463
AD75	38	0	725.16579	486.03731	565.65163	477.16418
AD75	38	1	848.06191	501.14925	702.65058	510.41045
AD75	39	0	1747.74397	558.00000	1654.06086	680.10448
AD75	39	1	1914.96327	518.70896	1861.57398	670.02985
AD75	40	0	848.01889	360.10448	712.43861	366.02985
AD75	40	1	994.08395	408.46269	861.52571	405.32090
AD75	41	0	498.06506	442.74627	164.19727	394.07463
AD75	41	1	687.44596	375.24627	395.88667	345.71642
AD75	42	0	1342.79119	191.41791	1257.92340	241.79104
AD75	42	1	1484.82686	182.35075	1425.14271	244.81343
AD75	43	0	649.84995	336.76866	597.24659	333.98507
AD75	43	1	799.94439	362.96269	736.26023	373.27612
AD75	44	0	785.73977	30.22388	665.87933	43.32090
AD75	44	1	936.84155	116.86567	811.94439	137.01493
AD75	45	0	779.05561	228.32090	793.71039	247.68657
AD75	45	1	886.84155	285.74627	894.44491	308.13433
AD75	46	0	244.78489	246.57463	275.00525	218.61940
AD75	46	1	389.84260	282.84328	378.76180	262.94776
AD75	47	0	1172.54984	476.23134	1100.96747	529.70149
AD75	47	1	1324.65897	454.06716	1243.00315	523.65672
AD75	48	0	777.41553	471.96269	702.56978	468.27612
AD75	48	1	927.50997	466.92537	859.71563	488.42537
AD75	49	0	1059.47219	498.15672	974.55299	536.78358
AD75	49	1	1193.44911	462.89552	1125.65477	512.60448
AD75	50	0	1481.80483	565.52239	1300.48269	650.80597
AD75	50	1	1809.19203	616.90299	1565.41448	740.47015
AD75	51	0	437.95278	787.40299	142.03568	698.83582
AD75	51	1	567.90031	761.20896	304.21826	688.76119
AD75	52	0	213.55719	447.64925	60.44071	380.91791
AD75	52	1	322.35047	469.81343	150.09444	409.12687
AD75	53	0	275.00525	690.94030	221.61595	620.76866
AD75	53	1	394.87933	729.22388	329.40189	670.13433
AD75	54	0	469.29801	588.84328	397.90136	545.76119
AD75	54	1	592.19412	621.08209	505.68730	594.11940
AD75	55	0	230.68206	527.91045	136.99895	461.97761
AD75	55	1	395.88667	531.94030	269.96852	477.08955
AD75	56	0	159.16055	513.99254	82.60231	443.78358
AD75	56	1	316.30640	517.01493	206.50577	459.90299
AD75	57	0	418.69570	560.75373	359.62225	517.90299
AD75	57	1	545.62120	591.98507	474.45960	560.21642
AD75	58	0	215.57188	490.38060	4.02938	414.05224
AD75	58	1	322.35047	447.05970	128.94019	389.87313
AD75	59	0	76.55824	505.49254	31.22770	439.23881
AD75	59	1	238.74082	493.40299	165.20462	430.17164
AD75	60	0	239.74816	482.61194	83.60965	420.11194
AD75	60	1	376.74711	392.94776	199.45435	354.62687
AD75	61	0	353.57817	682.03731	193.41028	609.14179
AD75	61	1	460.35677	714.27612	304.21826	648.43284
AD75	62	0	1118.07765	775.84328	1034.07030	829.14179
AD75	62	1	1215.79014	765.76866	1138.83421	833.17164
AD75	63	0	1006.04092	700.86567	976.66632	739.88806
AD75	63	1	1130.95173	710.94030	1114.67261	764.06716
AD75	64	0	1684.28122	702.80597	1665.14166	854.32836
AD75	64	1	1840.41973	738.06716	1850.49318	931.90299
AD75	65	0	271.98321	470.52239	295.15215	423.91791
AD75	65	1	475.46695	513.84328	455.32004	482.35075
AD75	66	0	1511.01784	640.08955	1373.01154	748.02239
AD75	66	1	1738.67786	593.74627	1608.73033	726.86567
AD75	67	0	1671.18573	752.92537	1480.79748	886.04478
AD75	67	1	1872.65477	745.87313	1634.92130	899.14179
AD75	68	0	1203.93809	186.38060	1162.60860	237.76119
AD75	68	1	1350.00315	115.85821	1321.76915	176.30597
AD75	69	0	1071.29171	932.91045	658.17419	931.90299
AD75	69	1	1308.01784	861.38060	878.78279	899.66418
AD75	70	0	396.89402	537.58209	268.96118	492.26119
AD75	70	1	562.09864	665.52985	363.65163	616.17910
AD75	71	0	482.43757	564.69403	142.03568	497.58209
AD75	71	1	679.87723	633.20149	390.84995	593.29104
AD75	72	0	560.50472	689.27612	463.37880	642.76119
AD75	72	1	855.65687	643.94030	727.30325	640.74627
AD75	73	0	627.58552	89.66418	511.62225	99.73881
AD75	73	1	804.87828	272.01493	665.74607	279.06716
AD75	74	0	928.13012	923.84328	326.32949	873.47015
AD75	74	1	1346.17838	887.57463	727.25289	896.64179
AD75	75	0	873.04092	728.97015	748.84995	734.09701
AD75	75	1	1088.61280	708.82090	941.25289	744.17164
AD75	76	0	1183.76285	399.15672	1075.90241	443.75373
AD75	76	1	1524.24554	417.29104	1340.83421	496.14179
AD75	77	0	877.84995	863.39552	659.96747	849.29104
AD75	77	1	1003.76810	860.37313	788.90766	875.48507
AD75	78	0	1036.55509	924.85075	723.83526	945.00000
AD75	78	1	1145.34837	952.05224	824.56978	980.26119
AD75	79	0	1296.18783	924.85075	1059.72718	1003.43284
AD75	79	1	1398.93704	908.73134	1192.69675	1005.44776
AD75	80	0	1484.91501	556.15672	1377.04092	652.07463
AD75	80	1	1745.81742	517.87313	1640.96537	636.96269
AD75	81	0	689.12172	131.55970	357.60756	123.90299
AD75	81	1	789.85624	467.04478	491.58447	446.29104
AD75	82	0	852.62329	437.20896	896.69570	467.66418
AD75	82	1	1064.16579	491.61194	1094.13536	539.19403
AD75	83	0	450.88667	487.28358	488.42392	464.36567
AD75	83	1	652.35572	454.03731	670.75341	453.28358
AD75	84	0	546.65897	315.56716	226.65268	283.58209
AD75	84	1	790.43652	410.26866	491.58447	393.39552
AD75	85	0	1381.07030	408.91045	1160.31375	465.88806
AD75	85	1	1615.78174	456.26119	1375.88562	541.44776
AD75	86	0	953.38720	530.09701	673.58552	524.00746
AD75	86	1	1152.84155	604.64925	892.17943	641.88060
AD75	87	0	1220.36516	586.41045	899.95278	618.85821
AD75	87	1	1349.30535	345.62687	1090.34103	395.20149
AD75	88	0	627.51207	379.35075	565.46800	379.33582
AD75	88	1	808.83421	537.52239	720.59916	543.55224
AD75	89	0	1200.75551	248.84328	1094.76180	294.76866
AD75	89	1	1364.95278	152.12687	1279.10598	207.11940
AD75	90	0	733.52046	323.86567	952.32214	355.52985
AD75	90	1	1180.78174	355.09701	1405.62749	432.09701
AD75	91	0	704.93075	793.88060	592.65163	774.35075
AD75	91	1	847.97377	781.79104	716.55509	778.38060
AD75	92	0	661.29906	37.27612	810.71878	68.50746
AD75	92	1	941.34103	95.70896	1066.58447	140.03731
AD75	93	0	476.79119	582.39552	414.91605	549.79104
AD75	93	1	626.88562	699.26119	501.54774	658.59701
AD75	94	0	885.35047	809.10448	637.30640	805.97015
AD75	94	1	1121.06925	812.12687	872.01784	835.18657
AD75	95	0	1569.44386	866.41791	854.22875	912.76119
AD75	95	1	1901.86779	910.74627	1319.62225	1075.97015
AD75	96	0	952.55089	858.35821	640.67156	862.38806
AD75	96	1	1708.05981	960.11194	1394.16579	1075.97015
AD75	97	0	769.61175	908.73134	634.62749	886.56716
AD75	97	1	1430.43022	824.10448	1259.18153	920.82090
AD75	98	0	1078.96852	885.85075	813.04197	913.76866
AD75	98	1	1371.09864	920.10448	1053.79748	987.31343
AD75	99	0	922.14481	942.98507	593.90241	935.93284
AD75	99	1	1171.96642	878.50746	900.13536	920.82090
AD88	0	0	639.01889	857.35075	489.53410	815.38806
AD88	0	1	763.92970	846.26866	586.23924	823.44776
AD88	1	0	876.72508	960.11194	760.55614	965.14925
AD88	1	1	1035.88562	884.55224	944.90031	918.80597
AD88	2	0	1244.21721	975.22388	1025.01889	1047.76119
AD88	2	1	1346.96642	955.07463	1101.57712	1035.67164
AD88	3	0	1232.17314	951.04478	1051.66842	1021.56716
AD88	3	1	1354.06191	960.11194	1212.84365	1063.88060
AD88	4	0	1406.25393	450.55224	787.96118	471.41791
AD88	4	1	1728.60441	522.08209	1059.94439	580.22388
AD88	5	0	784.24764	870.44776	534.04827	840.22388
AD88	5	1	934.34208	860.37313	687.16474	855.33582
AD88	6	0	1150.69570	846.26866	888.87198	887.57463
AD88	6	1	1338.06191	880.52239	1093.36306	950.03731
AD88	7	0	1388.12172	840.22388	1094.76285	917.79851
AD88	7	1	1584.55404	902.68657	1254.93075	1009.47761
AD88	8	0	409.55614	727.82836	200.46170	653.92537
AD88	8	1	586.84890	693.57463	353.57817	641.83582
AD88	9	0	1678.23715	568.99254	1455.61385	679.82836
AD88	9	1	1912.94858	584.10448	1637.94334	720.12687
AD88	10	0	1247.46065	955.07463	931.12172	1010.48507
AD88	10	1	1448.92970	929.88806	1098.34103	1009.47761
AD88	11	0	1411.29066	971.19403	1241.21091	1077.98507
AD88	11	1	1517.06191	930.89552	1357.05561	1045.74627
AD88	12	0	1117.60021	474.95522	1017.71039	514.18657
AD88	12	1	1370.44386	495.10448	1234.28961	565.56716
AD88	13	0	453.30535	711.04478	302.86569	660.96269
AD88	13	1	679.95803	705.00000	503.32739	667.00746
AD88	14	0	403.67366	956.08209	249.82162	866.41791
AD88	14	1	662.56139	916.79104	511.73137	877.50000
AD88	15	0	533.62120	1032.64925	426.10703	968.17164
AD88	15	1	744.15635	916.79104	634.62749	899.66418
AD88	16	0	805.87618	1077.98507	467.40818	1063.88060
AD88	16	1	1462.66527	918.80597	1297.46065	1015.52239
AD88	17	0	550.63169	511.99254	153.11647	438.89552
AD88	17	1	913.27597	704.41791	545.98111	671.61940
AD88	18	0	1087.75446	537.07463	859.84365	562.26119
AD88	18	1	1317.42917	539.08955	1112.68730	591.47761
AD88	19	0	311.96118	636.68657	73.53620	550.81343
AD88	19	1	587.97377	732.39552	370.70304	665.66418
AD88	20	0	1593.62015	492.71642	1156.43232	569.83582
AD88	20	1	1878.69885	560.21642	1522.09864	679.64925
AD88	21	0	460.58657	509.46269	288.83631	464.68657
AD88	21	1	736.59916	547.74627	582.98111	540.24627
AD88	22	0	721.25918	810.00000	292.13012	739.47761
AD88	22	1	1065.77125	725.37313	735.36201	729.40299
AD88	23	0	1155.82057	615.21642	1146.35887	681.04478
AD88	23	1	1323.03987	607.15672	1325.66632	683.05970
AD88	24	0	312.06401	615.44030	256.87303	551.19403
AD88	24	1	553.82686	520.73881	500.65058	491.75373
AD88	25	0	584.43127	885.55970	316.30640	814.02985
AD88	25	1	872.53200	855.33582	584.26023	831.15672
AD88	26	0	650.02728	739.46269	366.56453	695.07463
AD88	26	1	989.50262	648.79104	692.94439	649.73881
AD88	27	0	943.92445	591.64179	740.10073	608.84328
AD88	27	1	1229.00315	618.84328	1027.19412	669.29104
AD88	28	0	908.44596	549.76119	678.57817	543.59701
AD88	28	1	1145.17209	666.62687	906.23820	693.70896
AD88	29	0	916.49003	899.66418	731.24029	899.66418
AD88	29	1	1164.29696	982.27612	932.70934	1030.63433
AD88	30	0	1441.51102	948.02239	1212.91710	1045.74627
AD88	30	1	1738.67786	928.88060	1504.03987	1078.99254
AD88	31	0	1320.79119	527.04478	1309.54879	611.76119
AD88	31	1	1515.20881	543.16418	1510.01049	649.03731
AD88	32	0	881.40923	988.32090	717.82162	993.35821
AD88	32	1	1121.15740	979.25373	948.50367	1023.58209
AD88	33	0	737.47534	831.61194	672.51941	814.18657
AD88	33	1	987.29696	724.82090	924.35572	746.68657
AD88	34	0	778.36621	667.35075	867.12907	681.93284
AD88	34	1	924.43127	672.38806	1009.16474	712.15672
AD88	35	0	1230.93075	893.61940	1037.56558	957.08955
AD88	35	1	1443.48059	842.23881	1263.21091	938.95522
AD88	36	0	713.20042	884.55224	292.13012	820.07463
AD88	36	1	1112.10913	850.29851	739.39140	856.34328
AD88	37	0	911.20357	372.35821	942.15950	409.32090
AD88	37	1	1215.42183	418.70149	1226.23085	487.90299
AD88	38	0	1608.73033	737.20896	1344.80588	847.27612
AD88	38	1	1874.66946	701.94776	1618.80378	846.26866
AD88	39	0	972.94544	839.21642	582.25603	817.05224
AD88	39	1	1349.69255	917.79851	904.60651	964.14179
AD88	40	0	1297.46065	205.52239	1219.00525	260.72388
AD88	40	1	1530.15740	255.89552	1481.92235	334.26866
AD19	0	0	1359.91605	921.82836	1054.89402	939.96269
AD19	0	1	1486.84155	901.67910	1211.03253	936.94030
AD19	1	0	1098.18048	839.21642	960.26233	843.24627
AD19	1	1	1291.59077	974.21642	1145.61385	1011.49254
AD19	2	0	1450.57712	908.73134	1232.26233	946.00746
AD19	2	1	1692.33998	997.38806	1452.87093	1076.97761
AD19	3	0	862.99790	453.99254	251.40294	394.96269
AD19	3	1	1271.98006	560.78358	677.50997	530.97015
AD19	4	0	1289.56243	421.85821	1263.86464	436.23134
AD19	4	1	1300.64323	526.63433	1284.01154	557.12687
AD19	5	0	1026.42288	281.17910	1008.77650	281.50746
AD19	5	1	1104.99580	362.78358	1089.36411	369.15672
AD19	6	0	1400.20986	398.82090	1045.93075	386.58209
AD19	6	1	1563.39979	452.21642	1120.47429	436.95522
AD19	7	0	1566.42183	863.39552	1399.70199	926.86567
AD19	7	1	1671.18573	796.90299	1523.60546	867.42537
AD19	8	0	1297.82791	41.30597	1206.82791	35.26119
AD19	8	1	1420.72403	141.04478	1346.84890	143.05970
AD19	9	0	1610.74502	770.20149	1346.82057	816.04478
AD19	9	1	1762.85414	811.50746	1518.06925	879.51493
AD19	10	0	1581.53200	381.50000	1104.79119	355.83582
AD19	10	1	1813.22141	481.23881	1257.90766	481.76866
AD19	11	0	1229.54145	905.70896	990.57083	913.76866
AD19	11	1	1402.80483	979.25373	1142.67996	1016.52985
AD19	12	0	1358.90871	410.10448	1079.87408	404.71642
AD19	12	1	1470.72403	524.95522	1186.65268	532.66418
AD19	13	0	1410.48898	156.67164	1146.21091	141.04478
AD19	13	1	1577.70829	242.30597	1291.26863	236.75373
AD19	14	0	1768.89822	801.94030	1560.37775	859.36567
AD19	14	1	1876.68416	876.49254	1632.90661	969.17910
AD19	15	0	1747.74397	882.53731	1356.90871	946.00746
AD19	15	1	1896.83106	844.25373	1461.67261	906.71642
AD19	16	0	1216.60756	500.79104	974.33473	492.82090
AD19	16	1	1357.63589	540.08209	1131.48059	543.19403
AD19	17	0	1204.96013	495.88806	948.78384	486.67164
AD19	17	1	1351.02518	514.02239	1131.11333	515.88806
AD19	18	0	1772.92760	543.49254	1482.81217	579.21642
AD19	18	1	1908.91920	663.38060	1574.48059	717.23881
AD19	19	0	1491.87828	207.53731	1368.98216	211.56716
AD19	19	1	1657.08290	206.52985	1522.09864	208.54478
AD19	20	0	653.60021	329.88060	489.56978	304.42537
AD19	20	1	810.74607	306.70896	660.81847	291.32836
AD19	21	0	1644.99475	764.41045	1400.20986	817.35821
AD19	21	1	1775.94963	703.96269	1557.35572	767.99254
AD19	22	0	1640.96537	775.22388	1385.09969	827.12687
AD19	22	1	1761.84680	725.85821	1529.15005	780.78358
AD19	23	0	1098.07870	202.35075	142.03568	123.91791
AD19	23	1	1385.17209	344.40299	433.15845	280.07463
AD19	24	0	1304.51207	88.65672	523.24764	39.29104
AD19	24	1	1638.95068	93.69403	849.62749	39.29104
AD19	25	0	1100.26967	202.11194	163.18993	130.58209
AD19	25	1	1396.42917	351.21642	448.26863	285.73134
AD19	26	0	1505.98111	737.94776	564.37251	684.73134
AD19	26	1	1905.89717	480.03731	865.56873	439.91791
AD19	27	0	1207.55614	755.66418	905.73242	748.61194
AD19	27	1	1325.41553	578.35075	1052.80483	577.34328
AD19	28	0	1352.86464	875.48507	1007.75551	891.60448
AD19	28	1	1864.59601	905.70896	1471.13431	959.10448
AD19	29	0	799.20357	514.64925	478.57188	474.64179
AD19	29	1	1131.62749	472.33582	730.40818	434.34328
AD19	30	0	1152.75446	369.51493	1087.40818	373.89552
AD19	30	1	1309.90031	484.36567	1243.54669	498.82090
AD19	31	0	1305.51941	575.82090	1047.57817	574.23881
AD19	31	1	1488.85624	579.85075	1313.51731	611.51493
AD19	32	0	1454.60651	450.88060	1438.23820	479.79851
AD19	32	1	1631.89927	518.38060	1617.54565	566.44030
AD19	33	0	459.68101	641.73881	363.04932	587.00746
AD19	33	1	720.58342	632.67164	586.67996	598.08955
AD19	34	0	1572.46590	587.91045	1080.24029	593.77612
AD19	34	1	1915.97062	764.21642	1282.71668	804.33582
AD22	0	0	366.22560	1003.43284	325.37251	919.81343
AD22	0	1	590.86359	946.00746	513.74607	890.59701
AD22	1	0	115.84470	707.85821	144.05037	626.93284
AD22	1	1	395.88667	683.67910	385.81322	630.96269
AD22	2	0	1247.71773	803.64179	808.64428	785.34328
AD22	2	1	1412.92235	601.14179	1021.19412	599.97015
AD22	3	0	1456.62120	776.48507	1074.39454	789.38806
AD22	3	1	1559.37041	641.48507	1285.93704	668.49254
AD22	4	0	166.21196	797.05970	35.25708	695.76866
AD22	4	1	461.36411	804.11194	342.49738	716.92537
AD22	5	0	339.60126	980.26119	283.35152	891.60448
AD22	5	1	621.65792	902.68657	564.40084	849.29104
AD22	6	0	1171.88038	1041.71642	688.39454	1012.50000
AD22	6	1	1344.13641	926.86567	940.23085	933.91791
AD22	7	0	1603.69360	753.58209	1003.31584	755.59701
AD22	7	1	1851.50052	709.25373	1267.24029	731.41791
AD22	8	0	812.77650	428.62687	758.37985	420.91045
AD22	8	1	933.65792	504.18657	876.23924	502.51493
AD22	9	0	614.38615	869.44030	346.52676	793.88060
AD22	9	1	811.82581	898.65672	498.63589	843.24627
AD22	10	0	1479.79014	439.93284	1349.84260	459.54478
AD22	10	1	1633.91396	376.46269	1490.87093	395.06716
AD22	11	0	1670.17838	818.05970	1273.28437	862.38806
AD22	11	1	1917.98531	753.58209	1484.82686	799.92537
AD22	12	0	708.05561	762.64925	581.64428	722.02239
AD22	12	1	871.24554	835.18657	721.66527	811.68657
AD22	13	0	469.37251	636.85821	284.18258	575.64179
AD22	13	1	678.90031	703.35075	412.11542	647.17164
AD22	14	0	249.82162	772.72388	90.66107	676.59701
AD22	14	1	455.32004	832.16418	263.92445	746.11194
AD22	15	0	1253.57817	1036.67910	973.24134	1045.74627
AD22	15	1	1474.18678	1010.48507	1188.81322	1053.80597
AD22	16	0	1298.49738	781.81343	1108.82162	803.14925
AD22	16	1	1462.69465	749.57463	1274.02623	786.02239
AD22	17	0	942.44596	892.61194	660.50577	857.35075
AD22	17	1	1153.98846	946.00746	796.49738	941.97761
AD22	18	0	1121.94544	440.15672	1156.48898	454.02239
AD22	18	1	1236.78279	431.08955	1270.31899	453.01493
AD22	19	0	1115.68101	469.94776	1009.79853	476.65672
AD22	19	1	1240.59182	501.17910	1161.90766	515.94776
AD22	20	0	1278.87198	842.23881	1033.88667	860.37313
AD22	20	1	1428.96642	828.13433	1137.64323	852.31343
AD22	21	0	1248.39454	864.40299	563.62225	818.05970
AD22	21	1	1498.21616	949.02985	828.55404	935.93284
AD22	22	0	481.32844	740.06716	364.37251	680.29851
AD22	22	1	663.65792	743.08955	528.56978	680.29851
AD22	23	0	773.62225	829.14179	354.58552	739.47761
AD22	23	1	1003.29696	988.32090	535.90766	920.82090
AD22	24	0	419.62959	673.58955	113.83001	584.57463
AD22	24	1	646.28227	748.14179	323.35782	678.26866
AD22	25	0	472.48269	970.18657	12.08814	846.26866
AD22	25	1	747.48793	972.20149	243.77754	870.44776
AD22	26	0	611.26233	802.94776	198.44701	713.57463
AD22	26	1	861.08395	894.62687	453.30535	826.41045
AD22	27	0	279.03463	635.69403	17.12487	545.68657
AD22	27	1	509.71668	672.97015	212.54984	598.07463
AD22	28	0	676.87408	746.92537	409.52676	687.55970
AD22	28	1	894.46065	795.28358	616.03253	756.06716
AD22	29	0	499.79853	511.38806	76.55824	431.90299
AD22	29	1	706.30430	624.22388	329.40189	561.86567
AD22	30	0	458.54145	741.49254	231.68940	662.61194
AD22	30	1	683.17943	721.34328	451.29066	664.62687
AD22	31	0	428.91605	913.76866	364.53410	840.32090
AD22	31	1	608.22350	888.58209	500.52571	830.24627
AD22	32	0	1378.04827	949.02985	699.43232	921.82836
AD22	32	1	1631.89927	811.00746	1015.73872	827.12687
AD22	33	0	1238.49633	646.11940	573.93179	593.41791
AD22	33	1	1456.08290	515.14925	901.31899	497.70896
AD22	34	0	1690.32529	785.96269	1437.48164	844.47015
AD22	34	1	1804.15530	693.27612	1605.70829	756.82090
AD22	35	0	1672.19307	840.36567	1258.17419	887.79104
AD22	35	1	1909.92655	800.06716	1381.07030	839.43284
AD22	36	0	801.73977	362.52239	702.87093	351.15672
AD22	36	1	953.84890	467.29851	838.86254	461.97761
AD22	37	0	1052.56873	330.28358	843.89927	320.93284
AD22	37	1	1197.62644	382.67164	1028.24344	383.39552
AD22	38	0	642.37251	900.67164	239.74816	810.05224
AD22	38	1	873.05456	893.61940	460.35677	834.23134
AD22	39	0	1051.51836	905.70896	787.01154	892.61194
AD22	39	1	1212.69360	876.49254	983.44386	886.56716
AD22	40	0	1269.37251	1000.41045	826.03463	995.37313
AD22	40	1	1507.10598	863.39552	1086.93704	876.49254
AD22	41	0	1544.26023	416.98507	1160.52046	414.62687
AD22	41	1	1804.15530	303.14179	1442.57712	305.82090
AD22	42	0	1314.06296	336.49254	1082.32844	336.10448
AD22	42	1	1505.45855	233.73134	1225.37146	231.32836
AD22	43	0	1192.38720	887.57463	796.36516	870.44776
AD22	43	1	1427.09864	837.20149	1051.22350	853.32090
AD22	44	0	1646.00210	580.41045	1318.82057	606.28358
AD22	44	1	1894.81637	600.55970	1520.28961	639.52985
AD22	45	0	1419.34942	572.50000	1340.77650	604.14925
AD22	45	1	1548.28961	536.23134	1497.92235	581.98507
AD22	46	0	1670.17838	798.60448	1600.67156	880.52239
AD22	46	1	1819.26548	780.47015	1792.06716	877.50000
AD22	47	0	1021.56348	572.04478	1038.83526	577.77612
AD22	47	1	1193.81952	590.17910	1215.12067	619.08209
AD22	48	0	511.96118	603.27612	476.14481	551.58209
AD22	48	1	812.15005	566.00000	728.98846	547.55224
AD22	49	0	542.41658	584.16418	480.98321	542.67910
AD22	49	1	775.11333	583.15672	651.22455	560.81343
AD22	50	0	1562.39244	819.06716	1513.03253	887.57463
AD22	50	1	1812.21406	812.01493	1802.14061	919.81343
AD22	51	0	1184.63799	860.37313	970.60756	870.44776
AD22	51	1	1454.60651	838.20896	1254.67891	873.47015
AD22	52	0	535.08604	488.30597	537.14481	462.52239
AD22	52	1	708.34942	588.04478	691.26863	564.27612
AD22	53	0	90.66107	818.48507	37.27177	714.67164
AD22	53	1	371.71039	721.76866	303.21091	652.20896
AD22	54	0	1680.25184	527.68657	1459.64323	571.09701
AD22	54	1	1903.88248	345.33582	1641.97272	366.58209
AD22	55	0	713.25498	743.08955	625.58657	710.47761
AD22	55	1	967.10598	768.27612	833.09969	758.83582
AD22	56	0	1008.43861	499.84328	940.46065	501.32836
AD22	56	1	1220.98846	537.11940	1136.89297	550.69403
AD22	57	0	1617.79643	491.37313	1489.86359	516.55970
AD22	57	1	1901.86779	555.85075	1731.62644	618.31343
AD22	58	0	295.90241	669.42537	250.63169	596.10448
AD22	58	1	552.77545	642.22388	464.18888	597.11194
AD22	59	0	1569.44386	652.02985	1457.62854	701.82836
AD22	59	1	1899.85310	708.44776	1835.38300	798.54478
AD22	60	0	705.06296	414.92537	812.70304	414.00746
AD22	60	1	836.01784	397.79851	935.59916	399.90299
AD22	61	0	141.02833	42.31343	79.58027	33.24627
AD22	61	1	381.78384	174.29104	315.29906	156.15672
AD22	62	0	965.99685	815.03731	857.87303	814.05224
AD22	62	1	1164.44386	838.20896	1035.16579	856.36567
AD22	63	0	1112.47534	818.05970	842.82162	799.92537
AD22	63	1	1230.33473	923.84328	995.93809	928.88060
AD22	64	0	915.99790	574.96269	750.71773	557.80597
AD22	64	1	1131.56978	384.55224	1011.62015	381.50000
AD22	65	0	452.68940	1006.45522	454.97587	936.94030
AD22	65	1	646.09969	903.69403	634.28332	863.39552
AD22	66	0	889.61490	1002.42537	565.49738	958.09701
AD22	66	1	1106.19412	956.08209	796.17943	936.94030
AD22	67	0	793.54879	928.88060	510.67576	871.45522
AD22	67	1	1057.47324	930.89552	796.76180	910.74627
AD22	68	0	366.67366	1069.92537	96.70514	942.98507
AD22	68	1	1460.65058	854.32836	1353.87198	912.76119
AD22	69	0	851.75656	1052.79851	508.12172	992.35075
AD22	69	1	1800.12592	1006.45522	1284.37880	1075.97015
AD22	70	0	1383.08499	89.66418	1091.75341	73.54478
AD22	70	1	1654.06086	69.51493	1361.72193	53.39552
AD22	71	0	1029.76915	783.80597	805.99056	787.83582
AD22	71	1	1249.37041	820.07463	1031.63589	833.17164
AD22	72	0	990.57083	560.33582	603.35047	526.84328
AD22	72	1	1180.95908	354.81343	729.26863	326.35821
AD22	73	0	1126.77650	888.58209	823.27702	878.50746
AD22	73	1	1293.99580	859.36567	1087.20147	879.51493
AD22	74	0	671.58552	373.98507	654.91501	354.47761
AD22	74	1	831.75341	395.14179	786.87723	390.74627
AD22	75	0	442.82791	146.08209	353.69045	130.97015
AD22	75	1	670.48793	307.27612	553.14481	289.14179
AD22	76	0	641.28961	434.40299	550.90976	409.99254
AD22	76	1	838.72928	421.30597	744.32004	403.94776
AD22	77	0	1459.64323	672.10448	1308.70304	712.38806
AD22	77	1	1656.07555	837.32836	1444.69465	896.75373
AD22	78	0	1209.24029	828.13433	873.51312	818.05970
AD22	78	1	1471.15005	1001.41791	1171.68730	1050.78358
AD22	79	0	322.35047	445.84328	381.60021	412.61194
AD22	79	1	483.52571	468.00746	521.62120	436.79104
AD22	80	0	515.35782	611.73134	295.91710	545.89552
AD22	80	1	798.42183	613.74627	461.12172	563.02239
AD22	81	0	423.53515	740.48507	122.89612	649.27612
AD22	81	1	773.08395	869.44030	430.13641	801.40299
AD22	82	0	232.69675	646.07463	166.21196	574.00000
AD22	82	1	432.15110	624.91791	362.64428	568.96269
AD22	83	0	643.58447	772.72388	568.40189	738.76119
AD22	83	1	798.71563	808.99254	733.60651	789.13433
AD22	84	0	1621.82581	833.17164	1376.03358	890.59701
AD22	84	1	1900.86044	852.31343	1657.08290	937.94776
AD38	0	0	729.43127	905.70896	543.96642	870.44776
AD38	0	1	817.07030	860.37313	661.82581	821.08209
AD38	1	0	1613.76705	996.38060	1222.91710	1045.74627
AD38	1	1	1791.05981	986.30597	1485.83421	1078.99254
AD38	2	0	1409.27597	1012.50000	1166.71039	1056.82836
AD38	2	1	1513.03253	896.64179	1291.62120	955.07463
AD38	3	0	1611.75236	726.38060	1411.29066	782.79851
AD38	3	1	1800.12592	633.69403	1578.50997	687.08955
AD38	4	0	873.11542	856.34328	740.43861	844.25373
AD38	4	1	1034.29066	891.60448	881.46695	880.52239
AD38	5	0	1329.62120	977.23881	1087.66527	1005.44776
AD38	5	1	1462.59077	1003.43284	1156.16474	1046.75373
AD38	6	0	1270.26233	848.28358	1130.96747	877.50000
AD38	6	1	1384.09234	824.10448	1279.04722	872.46269
AD38	7	0	1670.17838	740.27612	1486.84155	803.49254
AD38	7	1	1808.18468	738.26119	1606.71563	808.52985
AD38	8	0	822.61490	1036.67910	329.40189	950.03731
AD38	8	1	1034.15740	1070.93284	566.12802	1025.59701
AD38	9	0	485.02833	922.83582	145.05771	830.14925
AD38	9	1	678.43861	954.06716	324.36516	867.42537
AD38	10	0	948.48898	564.94776	328.39454	495.67164
AD38	10	1	1134.84785	739.23881	541.95173	681.04478
AD38	11	0	1093.20357	810.29104	541.87303	765.67164
AD38	11	1	1352.09129	826.41045	813.85624	812.01493
AD38	12	0	602.96747	850.29851	352.57083	776.75373
AD38	12	1	742.98846	1051.79104	419.05561	969.17910
AD38	13	0	832.76285	989.32836	477.07870	926.86567
AD38	13	1	1109.78279	877.50000	775.25289	859.36567
AD38	14	0	222.62329	660.89552	253.85100	593.68657
AD38	14	1	308.24764	746.52985	317.31375	680.32836
AD38	15	0	929.95383	439.99254	501.59286	404.97015
AD38	15	1	1169.70199	240.51493	634.56243	208.51493
AD38	16	0	809.85729	440.97015	615.74816	415.41045
AD38	16	1	1013.34103	467.16418	850.45960	456.71642
AD38	17	0	821.51941	438.55224	624.54669	418.44776
AD38	17	1	1022.98846	469.78358	860.26548	459.75373
AD38	18	0	1524.11333	487.58209	1468.70934	523.08955
AD38	18	1	1731.62644	569.18657	1664.13431	626.85821
AD38	19	0	908.66737	515.52239	434.99161	464.23134
AD38	19	1	1162.51836	317.05224	594.15215	286.91791
AD38	20	0	719.53410	373.76866	269.96852	327.46269
AD38	20	1	1024.75971	341.52985	604.40714	313.35821
AD38	21	0	578.98321	673.72388	159.16055	588.88806
AD38	21	1	928.53200	774.47015	549.00315	720.86567
AD38	22	0	502.54250	942.98507	386.82057	868.43284
AD38	22	1	1186.65268	1075.97015	861.71773	1074.96269
AD38	23	0	505.55089	789.85075	505.82896	738.47015
AD38	23	1	707.01994	786.82836	696.21721	752.57463
AD38	24	0	375.73977	195.44776	177.29276	166.23134
AD38	24	1	515.76076	127.94776	370.70304	118.88060
AD38	25	0	570.01889	618.32836	637.52886	599.02239
AD38	25	1	725.15005	552.84328	776.54250	546.63433
AD38	26	0	168.22665	479.11940	28.20567	410.16418
AD38	26	1	419.05561	580.87313	221.61595	515.94776
AD38	27	0	501.99056	907.72388	336.13746	835.18657
AD38	27	1	784.04722	938.95522	577.90031	888.58209
AD38	28	0	242.77020	565.46269	179.07975	508.50000
AD38	28	1	472.44491	459.67910	357.37985	416.82090
AD38	29	0	926.49108	145.07463	545.81322	136.00746
AD38	29	1	1245.81952	221.64179	732.17209	188.39552
AD38	30	0	831.68206	894.62687	404.85834	827.49254
AD38	30	1	1165.11333	859.36567	766.49528	840.58955
AD38	31	0	1518.06925	554.05970	1351.26128	581.09701
AD38	31	1	1709.46485	610.47761	1574.89192	665.72388
AD38	32	0	233.70409	834.17910	140.02099	708.05224
AD38	32	1	407.97482	736.45522	311.26967	662.71642
AD38	33	0	820.90871	759.35821	566.85100	700.22388
AD38	33	1	1089.86988	688.83582	833.79748	680.07463
AD38	34	0	1565.41448	700.77612	1500.94439	765.82836
AD38	34	1	1786.02308	729.99254	1749.75866	821.23881
AD38	35	0	990.60126	261.94030	686.60860	240.78358
AD38	35	1	1300.86359	348.58209	973.70199	342.53731
AD38	36	0	458.33578	357.94030	291.12277	322.84328
AD38	36	1	676.92970	412.34328	536.91501	386.31343
AD38	37	0	730.63064	75.55970	131.69045	45.33582
AD38	37	1	1051.97377	187.38806	576.93704	157.16418
AD38	38	0	379.15320	696.44776	231.07240	621.05224
AD38	38	1	596.73977	767.97761	455.71039	705.67910
AD38	39	0	721.35782	531.61194	490.45226	495.31343
AD38	39	1	1000.39244	614.22388	706.02413	590.01493
AD38	40	0	1073.63694	439.66418	965.82162	441.39552
AD38	40	1	1263.01784	503.13433	1152.18048	519.97761
AD38	41	0	1497.92235	499.70149	1451.58447	538.21642
AD38	41	1	1681.25918	533.95522	1646.00210	594.63433
AD42	0	0	685.96642	1023.58209	452.74711	952.05224
AD42	0	1	763.53200	989.32836	556.50367	950.03731
AD42	1	0	884.60756	964.14179	691.25393	937.94776
AD42	1	1	962.17314	964.14179	756.73137	943.99254
AD42	2	0	1192.15845	912.76119	1078.64428	941.97761
AD42	2	1	1248.56978	919.81343	1138.07765	955.07463
AD42	3	0	1371.46590	921.82836	1231.76076	969.17910
AD42	3	1	1433.92130	940.97015	1296.23085	1003.43284
AD42	4	0	1156.90136	982.27612	989.99790	994.36567
AD42	4	1	1216.33473	992.35075	1049.43127	1012.50000
AD42	5	0	1196.96013	918.80597	1079.20252	946.00746
AD42	5	1	1238.26128	920.82090	1129.56978	957.08955
AD42	6	0	1374.25289	927.87313	1226.27492	972.20149
AD42	6	1	1432.67891	942.98507	1295.78174	1003.43284
AD42	7	0	1249.34208	1008.47015	1064.09234	1040.70896
AD42	7	1	1309.78279	1020.55970	1128.56243	1060.85821
AD42	8	0	1078.09339	949.02985	659.13956	919.81343
AD42	8	1	1151.62959	955.07463	725.62434	929.88806
AD42	9	0	1036.40923	972.20149	801.29066	969.17910
AD42	9	1	1080.73242	1014.51493	827.48164	1003.43284
AD42	10	0	759.69675	928.88060	560.34313	882.53731
AD42	10	1	1104.20881	973.20896	874.63484	973.20896
AD42	11	0	491.57817	649.30597	573.32109	618.66418
AD42	11	1	714.20147	590.87313	770.76076	594.48507
AD42	12	0	157.14586	870.44776	49.35992	762.39552
AD42	12	1	359.62225	738.47015	268.96118	671.72388
AD42	13	0	164.19727	789.85075	206.50577	700.74627
AD42	13	1	386.82057	713.28358	389.84260	663.47015
AD50	0	0	99.72718	667.41045	87.63903	586.17910
AD50	0	1	318.32109	603.94030	294.14481	554.94776
AD50	1	0	713.29801	1002.42537	435.83526	932.91045
AD50	1	1	905.70094	917.79851	626.22350	878.50746
AD50	2	0	1265.22560	715.35075	1107.07240	727.64925
AD50	2	1	1631.89927	741.54478	1421.36411	795.14925
AD50	3	0	1007.53410	626.64179	994.79958	637.05224
AD50	3	1	1149.56978	642.76119	1145.90136	666.26866
AD50	4	0	540.07870	832.16418	240.75551	746.83582
AD50	4	1	739.53305	813.02239	449.27597	755.90299
AD50	5	0	398.60860	529.05970	236.72613	472.98507
AD50	5	1	674.62120	504.88060	533.89297	476.00746
AD50	6	0	1561.38510	706.86567	1419.34942	763.67910
AD50	6	1	1852.50787	754.21642	1696.36936	833.19403
AD50	7	0	1529.15005	361.94030	1514.03987	389.94030
AD50	7	1	1713.49423	382.08955	1722.56034	419.15672
AD50	8	0	580.37251	327.47761	599.58552	317.97015
AD50	8	1	739.53305	355.68657	750.68730	350.20896
AD50	9	0	690.51207	632.20896	588.19622	601.52239
AD50	9	1	887.95173	559.67164	766.49633	546.11194
AD50	10	0	1326.67366	313.00746	1240.04197	327.91045
AD50	10	1	1531.16474	276.73881	1438.48898	294.66418
AD50	11	0	465.02204	294.81343	361.35152	273.37313
AD50	11	1	742.04197	374.40299	625.27597	361.02239
AD50	12	0	863.45331	528.97015	840.82057	528.70896
AD50	12	1	1059.88562	536.02239	1048.33368	553.89552
AD50	13	0	848.95278	577.97015	840.13641	582.00000
AD50	13	1	1042.36306	599.12687	1039.59077	612.22388
AD50	14	0	1085.67891	500.39552	1059.73767	509.46269
AD50	14	1	1258.94229	501.40299	1251.13326	526.58955
AD50	15	0	958.36516	734.05224	853.26233	731.20896
AD50	15	1	1129.61385	754.20149	1011.41553	760.42537
AD50	16	0	856.34313	353.35075	500.90976	324.10448
AD50	16	1	1143.43652	307.00746	786.99580	293.88060
AD50	17	0	1374.01889	337.74627	1261.93809	351.11194
AD50	17	1	1627.86988	344.79851	1469.45121	363.20149
AD50	18	0	1184.21091	619.91045	1167.90871	643.80597
AD50	18	1	1458.20881	636.02985	1445.93599	679.06716
AD50	19	0	1042.84995	543.47761	650.30010	517.25373
AD50	19	1	1199.99580	458.85075	881.98951	446.73134
AD50	20	0	1099.08709	915.78358	821.96222	915.78358
AD50	20	1	1592.68625	1014.51493	1347.79643	1075.97015
AD57	0	0	952.55824	755.85821	941.66107	761.19030
AD57	0	1	1117.76285	737.72388	1120.46485	766.73134
AD57	1	0	977.37041	707.59328	1038.69045	724.40299
AD57	1	1	1121.92445	689.96269	1187.77754	717.35075
AD57	2	0	1087.05771	681.01493	1198.91815	715.82836
AD57	2	1	1199.88038	650.28731	1324.33263	693.16045
AD57	3	0	1067.64953	711.32463	1144.44806	736.74627
AD57	3	1	1212.70724	730.46642	1296.05352	772.00746
AD57	4	0	928.05666	884.55224	821.16055	877.50000
AD57	4	1	1112.40084	903.69403	976.29171	907.72388
AD57	5	0	1012.48478	793.74627	1011.08814	802.67910
AD57	5	1	1164.09024	854.69776	1171.25603	888.81716
AD57	6	0	1043.45855	787.62313	1048.96957	799.00373
AD57	6	1	1187.00525	873.25746	1186.47219	905.79478
AD57	7	0	1037.42917	690.76119	1138.74607	716.92164
AD57	7	1	1171.40609	689.75373	1280.27807	727.50000
AD57	8	0	828.73033	631.61567	931.01784	636.50373
AD57	8	1	959.68520	635.14179	1062.98006	653.12687
AD57	9	0	1058.37985	736.86567	1011.09234	745.52239
AD57	9	1	1240.70934	743.91791	1180.32634	768.69403
AD57	10	0	1423.37880	327.80597	1501.95173	356.76866
AD57	10	1	1762.85414	405.38060	1882.72823	461.54478
AD57	11	0	708.42497	901.67910	643.52781	871.45522
AD57	11	1	1152.66422	877.50000	1107.91396	902.68657
AD57	12	0	1631.89927	874.47761	1528.14271	966.15672
AD57	12	1	1771.92025	924.85075	1691.33263	1051.79104
AD57	13	0	1678.23715	775.07463	1680.25184	865.41045
AD57	13	1	1840.41973	756.94030	1910.93389	865.41045
AD57	14	0	1605.70829	781.25373	1591.60546	860.37313
AD57	14	1	1735.65582	736.92537	1777.96432	832.16418
AD57	15	0	1049.73977	692.28358	1096.34208	712.73134
AD57	15	1	1169.61385	692.28358	1215.20881	722.80597
AD57	16	0	992.62854	609.15672	1093.75341	631.47015
AD57	16	1	1075.23085	612.17910	1182.39979	636.50746
AD57	17	0	932.84260	660.70149	981.77650	670.77612
AD57	17	1	1054.73137	665.73881	1110.71668	684.88060
AD57	18	0	1566.42183	541.62687	1235.43022	558.36567
AD57	18	1	1889.77964	713.90299	1483.23715	771.94776
AD57	19	0	1269.25498	670.22388	1177.60126	698.17164
AD57	19	1	1488.85624	728.65672	1396.19517	776.75373
AD57	20	0	1147.74816	698.56716	959.31480	704.34328
AD57	20	1	1508.37775	750.95522	1312.89297	789.97761
AD57	21	0	1175.40923	490.82090	1051.32949	496.79104
AD57	21	1	1459.48059	507.94776	1361.59182	533.05970
AD57	22	0	691.87933	450.71642	303.23400	394.88060
AD57	22	1	861.11333	648.17910	478.51207	594.35821
AD57	23	0	1176.51941	977.23881	1031.98951	993.35821
AD57	23	1	1360.86359	957.08955	1258.64218	1006.45522
AD58	0	0	141.02833	690.08209	30.22036	597.47761
AD58	0	1	328.39454	661.87313	201.46905	583.37313
AD58	1	0	1678.23715	681.72388	1516.05456	719.54478
AD58	1	1	1834.37566	735.11940	1657.08290	800.14179
AD58	2	0	291.12277	574.85821	238.74082	517.74627
AD58	2	1	454.31270	611.12687	359.62225	555.02239
AD58	3	0	426.10703	559.74627	346.52676	508.67910
AD58	3	1	547.99580	539.59701	462.37146	503.64179
AD58	4	0	1564.40714	610.66418	1368.98216	638.65672
AD58	4	1	1810.19937	653.98507	1611.75236	710.18657
AD58	5	0	1421.36411	167.23881	1298.46800	181.61940
AD58	5	1	1606.71563	236.75373	1454.60651	248.11194
AD58	6	0	885.18783	532.73881	448.26863	481.88806
AD58	6	1	1069.53200	382.62687	571.16474	334.79851
AD58	7	0	969.34313	1016.52985	666.17419	977.23881
AD58	7	1	1150.66527	1011.49254	861.59916	1007.46269
AD58	8	0	1649.02413	600.61940	1523.10598	651.41045
AD58	8	1	1917.98531	525.05970	1841.42707	578.87313
AD58	9	0	482.51836	217.22388	241.76285	181.16418
AD58	9	1	637.64953	277.67164	398.90871	248.66418
AD58	10	0	430.13641	93.30597	391.85729	84.44776
AD58	10	1	592.31899	77.18657	532.88562	73.36567
AD58	11	0	742.41343	120.50746	583.25289	113.66418
AD58	11	1	850.19937	52.00000	714.20776	55.23134
AD58	12	0	1317.41553	177.23881	709.37251	129.96269
AD58	12	1	1484.63484	239.70149	959.19412	208.54478
AD58	13	0	867.01154	130.97015	878.78384	127.94776
AD58	13	1	958.67996	63.47015	976.49633	65.48507
AD58	14	0	1666.14900	545.83582	1402.22455	579.05224
AD58	14	1	1882.72823	564.97761	1590.59811	606.25373
AD58	15	0	1720.54565	424.56716	1528.14271	437.73881
AD58	15	1	1900.86044	410.46269	1746.73662	425.64925
AD58	16	0	1638.95068	386.28358	1533.17943	401.47015
AD58	16	1	1799.11857	381.24627	1692.33998	405.50000
AD58	17	0	1596.64218	373.18657	1448.56243	378.29851
AD58	17	1	1762.85414	323.82090	1682.26653	342.02985
AD58	18	0	1671.18573	69.51493	1699.39140	79.58955
AD58	18	1	1819.26548	124.92537	1866.61070	135.00000
AD58	19	0	1574.48059	246.82836	1404.23924	242.79851
AD58	19	1	1717.52361	160.18657	1586.56873	161.19403
AD58	20	0	1590.59811	327.42537	1391.14376	318.35821
AD58	20	1	1766.88353	253.88060	1601.67891	247.83582
AD58	21	0	1435.46695	350.28358	741.34208	341.30597
AD58	21	1	1626.86254	486.29104	982.09759	451.11940
AD58	22	0	475.47534	700.00746	314.29171	626.64179
AD58	22	1	707.16474	718.14179	515.76076	670.97015
AD58	23	0	1485.83421	505.22388	1192.93179	516.94030
AD58	23	1	1770.91291	486.08209	1481.03253	513.91791
AD58	24	0	1221.79119	236.75373	1077.08499	229.70149
AD58	24	1	1428.29696	154.14179	1257.39979	156.15672
AD58	25	0	700.73977	742.45522	478.45435	686.65672
AD58	25	1	945.52466	632.64179	742.37880	609.08209
AD58	26	0	973.98216	488.39552	801.59286	477.19403
AD58	26	1	1124.07660	398.73134	953.70199	403.64925
AD58	27	0	442.46800	845.26119	193.41028	773.73134
AD58	27	1	664.08395	890.59701	386.82057	814.02985
AD58	28	0	1207.74607	530.33582	975.56348	528.84328
AD58	28	1	1435.40609	591.79104	1195.16474	599.36567
AD58	29	0	1102.90871	951.04478	692.99056	930.89552
AD58	29	1	1343.66422	991.34328	871.29066	996.38060
AD58	30	0	1315.62225	882.53731	934.27702	890.59701
AD58	30	1	1553.35572	824.10448	1142.79748	855.33582
AD58	31	0	1069.96013	939.96269	705.87933	906.71642
AD58	31	1	1241.20881	1067.91045	828.77545	1057.83582
AD58	32	0	404.60860	927.87313	5.03673	818.51493
AD58	32	1	638.31270	840.22388	293.13746	761.08955
AD58	33	0	710.29171	826.11940	525.71039	775.17910
AD58	33	1	813.04092	766.67910	649.61385	736.89552
AD58	34	0	1180.60860	272.01493	626.56873	239.77612
AD58	34	1	1436.47429	253.88060	934.81637	225.67164
AD58	35	0	568.14271	334.47761	124.91081	276.04478
AD58	35	1	832.06716	213.58209	324.36516	171.26866
AD58	36	0	1633.91396	503.73134	1063.75656	505.74627
AD58	36	1	1909.92655	509.77612	1311.56348	519.85075
AD58	37	0	1104.05037	276.04478	562.09864	241.79104
AD58	37	1	1448.56243	237.76119	838.11123	207.53731
AD58	38	0	714.73977	498.85075	237.73347	443.28358
AD58	38	1	988.73767	523.02985	491.58447	473.50746
AD58	39	0	646.71563	465.44776	219.60126	392.91045
AD58	39	1	896.53725	407.01493	483.52571	372.76119
AD58	40	0	445.24659	278.05970	110.80797	235.74627
AD58	40	1	695.06821	316.34328	340.48269	284.10448
AD58	41	0	491.58447	108.80597	278.02728	90.67164
AD58	41	1	636.64218	88.65672	435.17314	82.61194
AD58	42	0	934.81637	187.38806	537.92235	159.17910
AD58	42	1	1110.09444	173.28358	735.36201	161.19403
AD58	43	0	475.46695	189.40299	298.17419	157.16418
AD58	43	1	632.61280	177.31343	473.45226	159.17910
AD58	44	0	1253.13746	116.86567	828.03778	116.86567
AD58	44	1	1464.67996	106.79104	1035.55089	88.65672
AD58	45	0	237.73347	261.94030	100.73452	221.64179
AD58	45	1	427.11438	231.71642	276.01259	207.53731
AD58	46	0	251.83631	96.71642	52.38195	82.61194
AD58	46	1	423.08499	44.32836	243.77754	52.38806
AD58	47	0	1176.19622	186.38060	686.36516	158.17164
AD58	47	1	1434.07660	82.61194	860.63589	57.42537
AD58	48	0	1503.58342	148.09701	1186.65268	132.98507
AD58	48	1	1754.41238	123.91791	1402.22455	98.73134
AD58	49	0	1087.93284	294.17910	775.65582	272.01493
AD58	49	1	1297.46065	272.01493	997.27177	255.89552
AD58	50	0	590.30430	157.16418	328.39454	137.01493
AD58	50	1	813.93494	88.65672	529.86359	74.55224
AD58	51	0	1087.93284	374.77612	674.92130	336.49254
AD58	51	1	1317.60756	441.26866	840.12592	413.05970
AD58	52	0	614.48059	405.00000	193.41028	360.67164
AD58	52	1	773.64113	463.43284	374.73242	400.97015
AD58	53	0	1559.37041	453.35821	973.09549	437.23881
AD58	53	1	1811.20672	558.13433	1239.03463	562.16418
AD58	54	0	1540.23085	384.07463	1235.00525	382.83582
AD58	54	1	1765.87618	362.91791	1446.54774	366.71642
AD58	55	0	1020.32109	387.87313	567.20567	365.06716
AD58	55	1	1335.62015	353.61940	818.03463	316.70896
AD58	56	0	631.58552	274.02985	156.13851	217.61194
AD58	56	1	989.19307	250.85821	432.15110	203.50746
AD58	57	0	870.34627	211.56716	497.62854	179.32836
AD58	57	1	1077.85939	217.61194	701.11228	195.44776
AD58	58	0	727.30325	189.40299	459.34942	171.26866
AD58	58	1	916.68416	114.85075	618.50997	100.74627
AD58	59	0	1351.85729	276.04478	846.16999	223.65672
AD58	59	1	1533.17943	415.07463	1035.55089	398.95522
AD58	60	0	1704.42812	380.82090	1341.78384	390.89552
AD58	60	1	1905.89717	445.29851	1593.62015	465.44776
AD58	61	0	1058.71773	276.04478	751.29801	254.88806
AD58	61	1	1227.95173	222.64925	901.39244	196.45522
AD58	62	0	1615.78174	332.46269	1204.78489	328.43284
AD58	62	1	1841.42707	390.89552	1450.57712	398.95522
AD58	63	0	531.68101	59.44030	606.65268	70.52239
AD58	63	1	832.87723	95.70896	872.59182	103.76866
AD58	64	0	972.09969	80.59701	877.29066	78.58209
AD58	64	1	1118.16474	85.63433	1024.36306	79.58955
AD58	65	0	1188.67891	77.57463	1176.47219	78.58209
AD58	65	1	1317.61910	90.67164	1302.39035	100.74627
AD58	66	0	594.34523	55.41045	482.41133	47.35075
AD58	66	1	759.54984	45.33582	646.60860	36.26866
AD58	67	0	766.60126	108.80597	736.26233	105.78358
AD58	67	1	905.61490	118.88060	872.25393	127.94776
AD58	68	0	1098.01784	191.41791	1018.31899	188.39552
AD58	68	1	1222.92865	191.41791	1161.36201	197.46269
AD58	69	0	872.37251	244.81343	805.76915	236.75373
AD58	69	1	1030.52571	243.80597	951.83421	233.73134
AD58	70	0	740.39244	158.17164	672.79958	141.04478
AD58	70	1	915.67051	138.02239	832.96747	145.07463
AD58	71	0	211.54250	46.34328	99.72718	36.26866
AD58	71	1	469.42288	72.53731	291.12277	59.44030
AD58	72	0	592.31899	259.92537	499.64323	243.80597
AD58	72	1	819.97901	235.74627	696.07555	240.78358
AD58	73	0	312.27702	141.04478	195.42497	132.98507
AD58	73	1	529.86359	177.31343	375.73977	165.22388
AD58	74	0	449.27597	213.58209	363.65163	187.38806
AD58	74	1	684.99475	193.43284	556.05456	170.26119
AD58	75	0	298.17419	215.59701	236.72613	190.41045
AD58	75	1	533.89297	227.68657	430.13641	203.50746
AD58	76	0	70.51417	165.22388	1.00735	143.05970
AD58	76	1	328.39454	211.56716	192.40294	176.30597
AD58	77	0	1016.57083	148.09701	392.17419	119.88806
AD58	77	1	1249.26758	145.07463	672.21616	109.81343
AD58	78	0	1360.92340	343.38060	886.25393	349.58955
AD58	78	1	1544.26023	530.76866	1021.23820	521.86567
AD65	0	0	1527.13536	739.90299	1298.12907	780.78358
AD65	0	1	1636.93599	749.97761	1403.90031	800.93284
AD65	1	0	1215.18048	817.05224	1004.14271	831.37313
AD65	1	1	1291.73872	823.09701	1093.79643	847.49254
AD65	2	0	1478.19307	747.62313	1501.95173	812.70522
AD65	2	1	1549.21091	739.56343	1585.56139	813.71269
AD65	3	0	1659.71878	659.29478	1436.44701	710.27239
AD65	3	1	1793.69570	698.08209	1557.32844	757.11940
AD65	4	0	1247.80378	558.99254	1080.09444	564.77985
AD65	4	1	1370.69990	439.10448	1221.12277	451.44030
AD65	5	0	1272.11647	497.27985	1107.93284	510.58582
AD65	5	1	1433.79538	548.66045	1261.04932	576.07090
AD65	6	0	782.12277	703.00000	638.46170	687.84328
AD65	6	1	1089.36306	709.04478	959.80483	722.09701
AD65	7	0	1323.65163	853.32090	1250.32109	900.67164
AD65	7	1	1537.20881	821.08209	1492.08395	892.61194
AD65	8	0	957.38720	715.16418	894.35782	717.23881
AD65	8	1	1180.01049	696.02239	1139.14271	723.28358
AD65	9	0	1440.50682	765.69403	863.32319	759.39925
AD65	9	1	1789.04827	538.51119	1233.52256	542.29104
AD65	10	0	1339.76915	952.05224	1197.73347	1006.45522
AD65	10	1	1542.24554	947.01493	1428.41553	1024.58955
AD65	11	0	1635.92865	878.50746	1463.67261	949.02985
AD65	11	1	1799.11857	850.29851	1666.14900	951.04478
AD65	12	0	1764.86884	830.23507	1714.50157	930.16418
AD65	12	1	1864.09234	808.07090	1859.05561	921.09701
AD65	13	0	1502.02833	765.93657	1410.50262	827.06343
AD65	13	1	1671.76600	892.87687	1552.03463	986.24254
AD65	14	0	1257.90661	840.39925	1149.64953	880.76866
AD65	14	1	1414.54879	895.30597	1293.19622	950.28358
AD65	15	0	1600.67156	954.81716	1407.74921	1033.65672
AD65	15	1	1751.77335	898.90299	1576.47954	984.79478
AD65	16	0	223.82686	596.22388	55.03673	518.91045
AD65	16	1	480.19622	733.74254	268.45750	663.51119
AD65	17	0	519.10283	960.39179	221.61595	834.17910
AD65	17	1	718.55719	820.35448	419.05561	761.64179
AD65	18	0	1240.09969	673.15672	1179.90976	703.78358
AD65	18	1	1453.65687	697.33582	1427.71668	764.23134
AD65	19	0	1223.09339	490.70149	1215.01994	515.34328
AD65	19	1	1445.71668	475.58955	1453.76076	513.32836
AD65	20	0	1239.03463	482.86567	1106.15215	498.30597
AD65	20	1	1440.50367	332.75373	1314.67261	348.19403
AD65	21	0	1489.86359	780.12687	1363.94544	834.17910
AD65	21	1	1706.44281	806.32090	1581.53200	891.60448
AD65	22	0	1713.49423	855.33582	1515.04722	937.94776
AD65	22	1	1916.97796	910.74627	1659.09759	1017.53731
AD65	23	0	1668.16369	751.14925	1658.09024	836.19403
AD65	23	1	1839.41238	743.08955	1887.76495	849.29104
AD65	24	0	1638.95068	745.97761	1607.72298	837.20149
AD65	24	1	1806.16999	735.90299	1820.27282	835.18657
AD65	25	0	1510.01049	832.16418	1439.49633	908.73134
AD65	25	1	1683.27387	877.50000	1626.86254	972.20149
AD65	26	0	1670.17838	880.52239	1536.20147	972.20149
AD65	26	1	1874.66946	918.80597	1783.00105	1038.69403
AD65	27	0	1200.10178	545.26866	1286.03987	581.72015
AD65	27	1	1318.96852	538.72015	1415.48374	584.23881
AD65	28	0	1415.71983	795.54851	1280.14271	840.87313
AD65	28	1	1707.34627	798.06716	1538.02308	872.60821
AD65	29	0	1639.95803	977.23881	993.24239	1003.43284
AD65	29	1	1803.14795	860.37313	1394.16579	920.82090
AD65	30	0	1682.77020	800.82463	1630.89192	888.60448
AD65	30	1	1877.18783	732.82090	1901.36411	838.73507
AD65	31	0	1453.59916	725.69403	685.49108	693.26119
AD65	31	1	1664.13431	372.07463	1052.16474	358.78358
AD65	32	0	845.33473	565.49254	718.65897	545.41791
AD65	32	1	963.19412	691.42537	769.02623	668.32836
AD65	33	0	1013.38930	854.32836	921.27912	853.32090
AD65	33	1	1599.66422	886.56716	1564.97272	978.24627
AD72	0	0	479.90136	1014.51493	306.23295	921.82836
AD72	0	1	624.95908	1008.47015	419.05561	930.89552
AD72	1	0	1502.95908	730.41045	1361.93075	774.73881
AD72	1	1	1735.65582	786.82836	1575.48793	858.35821
AD72	2	0	1295.76915	892.61194	1202.31270	923.84328
AD72	2	1	1455.93704	915.78358	1366.50997	973.20896
AD72	3	0	366.40189	840.66418	219.47639	753.02985
AD72	3	1	631.33368	774.17164	489.44491	718.77612
AD72	4	0	1295.44596	917.79851	1306.08290	970.18657
AD72	4	1	1382.07765	869.44030	1416.89087	927.87313
AD72	5	0	1211.40923	989.32836	1069.91605	1016.52985
AD72	5	1	1351.43022	952.05224	1272.39244	992.35075
AD72	6	0	592.73977	895.63433	410.43861	832.16418
AD72	6	1	760.96642	991.34328	572.62120	930.89552
AD72	7	0	1219.28437	1011.49254	806.68835	1000.41045
AD72	7	1	1487.23820	1044.73881	1078.67156	1069.92537
AD72	8	0	767.66737	761.64179	299.18153	677.36567
AD72	8	1	1045.69465	847.27612	553.03253	795.23881
AD72	9	0	560.09339	558.36567	154.12382	481.85821
AD72	9	1	832.07660	630.90299	304.21826	560.44030
AD72	10	0	637.42392	950.03731	357.71878	861.38060
AD72	10	1	799.60651	871.45522	561.20252	822.08955
AD72	11	0	795.66737	959.10448	385.22560	878.50746
AD72	11	1	979.00420	1009.47761	597.77545	957.08955
AD72	12	0	939.06401	1009.47761	376.74082	923.84328
AD72	12	1	1240.26023	1068.91791	668.87093	1030.63433
AD72	13	0	798.98321	1015.52239	629.37985	969.17910
AD72	13	1	1035.70934	1017.53731	834.87828	1002.42537
AD72	14	0	322.35047	630.76866	309.25498	571.82090
AD72	14	1	518.78279	641.85075	491.58447	588.94776
AD72	15	0	324.26967	526.15672	314.29171	475.05970
AD72	15	1	553.94439	502.98507	536.91501	468.00746
AD72	16	0	453.30535	546.26119	312.66737	493.07463
AD72	16	1	648.73033	744.73134	488.95278	695.57463
AD72	17	0	822.95488	483.20896	429.03463	435.01493
AD72	17	1	1178.54774	650.44776	802.75971	623.41045
AD72	18	0	468.33578	658.23881	275.00525	583.49254
AD72	18	1	627.49633	799.28358	463.37880	742.67164
AD72	19	0	779.44596	828.13433	518.99790	780.78358
AD72	19	1	1034.30430	857.35075	763.78279	822.08955
AD72	20	0	988.40923	689.51493	634.62329	650.19403
AD72	20	1	1319.82581	592.79851	926.75341	580.67910
AD72	21	0	743.27072	805.97015	389.70409	731.54478
AD72	21	1	1116.99580	901.67910	728.17209	868.55970
AD72	22	0	1178.60756	748.82090	1025.62329	762.64925
AD72	22	1	1353.88562	828.41045	1197.87933	862.38806
AD72	23	0	1215.86569	597.77612	665.88038	560.90299
AD72	23	1	1721.55299	639.08209	1098.03148	640.49254
AD72	24	0	92.67576	651.38060	17.12487	564.44030
AD72	24	1	329.40189	828.69403	141.02833	727.64925
AD72	25	0	859.61490	663.67910	642.63694	628.59701
AD72	25	1	1026.83421	753.34328	741.35677	711.20896
AD08	0	0	450.28332	861.38060	52.38195	734.55224
AD08	0	1	663.84050	919.81343	139.01364	805.07463
AD08	1	0	1480.79748	931.90299	1225.22560	966.15672
AD08	1	1	1616.78909	988.32090	1387.40818	1058.84328
AD08	2	0	1426.40084	776.11194	1170.53515	799.02985
AD08	2	1	1613.76705	778.12687	1427.40818	817.16418
AD08	3	0	852.54984	581.06716	769.33054	562.42537
AD08	3	1	977.46065	604.23881	878.12382	593.65672
AD08	4	0	865.11438	699.17910	558.66002	654.44776
AD08	4	1	1027.29696	797.91045	682.56348	764.26119
AD08	5	0	968.48164	1007.46269	589.81427	956.08209
AD08	5	1	1155.84785	994.36567	793.29801	972.20149
AD08	6	0	1424.38615	681.01493	1391.14376	729.10448
AD08	6	1	1635.92865	691.08955	1622.83316	757.31343
AD08	7	0	390.62329	180.33582	290.11542	159.17910
AD08	7	1	564.89402	161.19403	465.39349	148.09701
AD08	8	0	821.76705	111.82836	676.93599	102.76119
AD08	8	1	1021.22141	110.82090	842.14061	99.73881
AD08	9	0	1174.73977	222.97015	1070.80797	216.60448
AD08	9	1	1322.81952	281.40299	1226.94648	281.08209
AD08	10	0	1375.20147	421.44030	1406.25393	445.29851
AD08	10	1	1480.97272	380.13433	1541.23820	409.02985
AD08	11	0	1288.09969	542.57463	1223.60021	560.48507
AD08	11	1	1466.39979	558.69403	1409.95908	593.73134
AD08	12	0	1505.68625	539.55224	1483.49528	577.61194
AD08	12	1	1613.47219	577.83582	1604.37671	625.97015
AD08	13	0	1520.08395	680.70149	1430.43022	717.99254
AD08	13	1	1721.55299	715.96269	1633.91396	784.48507
AD08	14	0	1657.08290	708.91045	1616.78909	775.41791
AD08	14	1	1809.19203	692.79104	1789.04512	776.42537
AD08	15	0	643.76180	350.84328	646.50472	337.00746
AD08	15	1	804.93704	338.75373	808.68730	330.96269
AD08	16	0	839.18678	351.85075	836.89297	346.07463
AD08	16	1	980.21511	358.90299	977.92130	360.17910
AD08	17	0	964.09759	303.49254	946.69360	302.75373
AD08	17	1	1114.19203	342.78358	1095.78069	347.08209
AD08	18	0	47.34523	438.17164	22.16159	379.12687
AD08	18	1	238.74082	445.22388	201.46905	393.23134
AD08	19	0	129.94753	326.35821	95.69780	279.06716
AD08	19	1	343.50472	335.42537	277.01994	296.19403
AD08	20	0	324.36516	296.13433	208.52046	255.89552
AD08	20	1	559.07660	296.13433	396.89402	258.91791
AD08	21	0	450.28332	272.96269	425.09969	255.89552
AD08	21	1	606.42183	269.94030	580.23085	248.84328
AD08	22	0	854.06401	405.81343	924.40189	408.86567
AD08	22	1	990.05561	422.94030	1054.34942	428.00746
AD08	23	0	885.29171	338.31343	929.43861	345.39552
AD08	23	1	1032.36411	400.77612	1060.39349	411.88806
AD08	24	0	633.57083	153.13433	673.31375	151.11940
AD08	24	1	810.86359	158.17164	846.57712	159.17910
AD08	25	0	1585.56139	417.75373	1445.62749	431.48507
AD08	25	1	1758.82476	491.29851	1621.91291	520.14179
AD08	26	0	800.45331	426.41791	726.30745	412.85075
AD08	26	1	965.65792	416.34328	906.62225	416.88060
AD08	27	0	1099.63484	329.70149	645.27807	303.24627
AD08	27	1	1383.70619	334.73881	880.99685	309.29104
AD08	28	0	1170.14900	207.79851	769.18153	170.26119
AD08	28	1	1374.64008	326.67910	984.75341	319.36567
AD08	29	0	1250.73662	218.88060	1123.76705	210.55970
AD08	29	1	1380.68416	292.42537	1223.49423	287.12687
AD08	30	0	1502.95908	572.52985	1363.94544	604.19403
AD08	30	1	1662.11962	542.30597	1528.14271	564.90299
AD08	31	0	1093.42183	342.78358	1031.25393	338.02985
AD08	31	1	1239.48688	314.57463	1168.25289	314.85821
AD08	32	0	1026.93704	409.27612	926.49003	401.50000
AD08	32	1	1187.10493	399.20149	1111.84155	402.50746
AD08	33	0	935.26863	427.41045	892.24029	416.61194
AD08	33	1	1071.26023	433.45522	1030.24659	432.73134
AD08	34	0	1187.10493	424.38806	1156.16474	427.69403
AD08	34	1	1332.16264	411.29104	1308.27387	427.69403
AD08	35	0	1304.51207	208.54478	1167.52781	199.20896
AD08	35	1	1493.89297	214.58955	1371.01154	211.29851
AD08	36	0	1545.26758	355.63433	1343.81322	366.44776
AD08	36	1	1758.82476	389.88806	1537.22350	412.79104
AD08	37	0	1542.24554	158.17164	1361.94544	156.89552
AD08	37	1	1780.98636	182.35075	1607.73767	188.12687
AD08	38	0	702.21721	204.51493	363.40923	162.52239
AD08	38	1	837.20147	329.44030	554.80483	292.48507
AD08	39	0	679.80588	263.68657	637.29171	245.82090
AD08	39	1	837.95908	274.76866	757.16579	260.93284
AD08	40	0	811.76810	289.88060	719.13641	280.63433
AD08	40	1	968.91396	325.14179	835.98846	308.84328
AD08	41	0	623.39454	406.74627	618.40189	383.39552
AD08	41	1	791.62120	446.03731	767.48898	431.75373
AD08	42	0	818.81952	426.89552	792.67261	411.60448
AD08	42	1	974.95803	464.17164	943.77440	457.94776
AD08	43	0	790.61385	351.33582	734.24659	340.07463
AD08	43	1	948.76705	383.57463	861.17209	369.29104
AD08	44	0	805.72403	319.09701	775.54774	318.91791
AD08	44	1	934.66422	348.31343	883.33368	341.08209
AD08	45	0	651.60021	339.24627	653.65897	326.97761
AD08	45	1	792.62854	362.41791	773.53305	347.12687
AD08	46	0	720.09969	107.52985	577.10073	94.25373
AD08	46	1	890.34103	176.03731	729.20986	157.72388
AD08	47	0	1014.24449	172.00746	954.85519	161.75373
AD08	47	1	1146.20672	228.42537	1093.86884	216.15672
AD08	48	0	1124.18048	313.80597	987.56348	302.84328
AD08	48	1	1251.10598	380.29851	1066.13641	368.32836
AD08	49	0	1311.54669	303.73134	1068.15110	292.76866
AD08	49	1	1515.03043	357.12687	1237.38510	344.14925
AD08	50	0	1251.96747	122.91045	968.90241	113.84328
AD08	50	1	1443.36306	94.70149	1086.76180	78.58209
AD08	51	0	1555.17838	81.60448	1295.28227	71.52985
AD08	51	1	1799.96327	47.35075	1488.69255	34.25373
AD08	52	0	408.98216	244.38060	453.30535	226.63433
AD08	52	1	542.95908	291.73134	559.07660	277.00746
AD08	53	0	1595.63484	413.05970	1513.03253	433.00000
AD08	53	1	1752.78069	460.09701	1701.40609	493.44776
AD08	54	0	1600.67156	521.35821	1390.13641	532.70896
AD08	54	1	1800.12592	679.52985	1548.28961	716.06716
AD08	55	0	1407.26128	512.29104	1263.21091	524.64925
AD08	55	1	1536.20147	616.05970	1347.82791	632.44776
AD08	56	0	1589.59077	504.48507	1439.49633	517.79104
AD08	56	1	1740.69255	611.27612	1557.35572	641.70896
AD08	57	0	277.01994	407.76866	478.95488	391.20149
AD08	57	1	973.53305	478.61194	1116.60441	494.97015
AD08	58	0	267.95383	848.42537	74.54355	731.94776
AD08	58	1	421.07030	808.12687	197.43966	711.79851
AD08	59	0	360.62959	736.11194	204.49108	654.83582
AD08	59	1	537.92235	696.82090	374.73242	636.70149
AD08	60	0	477.38720	575.61194	486.60126	536.96269
AD08	60	1	659.71668	548.41045	659.86464	525.88060
AD08	61	0	1173.14481	833.17164	943.06401	810.00000
AD08	61	1	1454.19412	892.61194	1272.46590	935.93284
AD08	62	0	840.70199	921.82836	530.70304	855.33582
AD08	62	1	983.74502	1023.58209	600.20986	963.13433
AD08	63	0	1467.70199	814.18657	1166.96013	840.22388
AD08	63	1	1719.53830	879.67164	1340.22350	930.89552
AD08	64	0	949.87933	874.47761	794.33578	850.29851
AD08	64	1	1036.51102	801.94030	886.00420	795.89552
AD08	65	0	1300.04092	561.83582	1214.85834	581.49254
AD08	65	1	1473.30430	443.96269	1442.51836	467.64925
AD08	66	0	230.95488	411.85821	218.59391	376.14925
AD08	66	1	487.82791	300.02985	468.41553	288.50000
AD08	67	0	1220.29171	382.62687	1217.88038	402.43284
AD08	67	1	1407.65792	443.07463	1407.26128	468.92537
AD02	0	0	1102.47534	250.35075	1211.64428	250.79851
AD02	0	1	1228.39349	283.59701	1337.56243	279.00746
AD02	1	0	970.91605	608.70896	889.68730	607.52239
AD02	1	1	1096.83421	730.61194	1010.56873	722.37313
AD02	2	0	298.17419	658.10448	346.52676	650.67164
AD02	2	1	409.98951	666.16418	432.15110	658.73134
AD02	3	0	638.34208	654.97761	607.64428	651.76866
AD02	3	1	780.37775	686.20896	724.49633	685.01493
AD02	4	0	857.45331	590.45522	700.07135	575.23134
AD02	4	1	1056.90766	716.38806	894.48898	698.14179
AD02	5	0	70.51417	931.90299	33.24239	892.61194
AD02	5	1	246.79958	894.62687	217.58657	868.43284
AD02	6	0	854.10808	725.88806	468.74816	703.73881
AD02	6	1	1154.29696	781.29851	742.74607	755.11940
AD02	7	0	663.57083	284.10448	577.67366	297.64179
AD02	7	1	886.19412	372.76119	742.87828	364.13433
AD02	8	0	423.08499	1028.61940	82.60231	980.26119
AD02	8	1	643.69360	853.32090	279.03463	813.02239
AD02	9	0	72.52886	160.18657	369.11018	216.60448
AD02	9	1	792.78069	193.43284	1021.86988	203.50746
AD02	10	0	1355.88667	599.89552	1223.92445	590.99254
AD02	10	1	1750.76600	577.73134	1582.53935	569.83582
AD02	11	0	390.71144	663.48507	313.84365	646.34328
AD02	11	1	657.65792	524.45522	589.85624	522.42537
AD02	12	0	1401.21721	679.02985	1365.96013	679.35075
AD02	12	1	1697.37671	802.94776	1701.40609	822.41045
AD02	13	0	987.63799	637.03731	859.91710	633.74627
AD02	13	1	1255.59182	721.66418	1083.54774	713.33582
AD02	14	0	1144.29906	798.91791	996.88772	792.95522
AD02	14	1	1356.84890	849.29104	1247.71668	842.32090
AD02	15	0	251.74187	667.33582	175.19727	650.55224
AD02	15	1	567.04092	554.50000	478.40818	541.74627
AD02	16	0	715.12277	942.98507	570.99895	918.80597
AD02	16	1	1049.56139	891.60448	890.32739	881.52985
AD02	17	0	1329.69570	590.67910	1291.50472	587.82090
AD02	17	1	1518.06925	658.17910	1502.03987	659.35075
AD02	18	0	467.18363	623.48507	570.74816	625.15672
AD02	18	1	926.53305	617.44030	1047.22246	623.14179
AD02	19	0	1024.02623	604.84328	939.29801	601.65672
AD02	19	1	1198.29696	709.61940	1077.30430	706.43284
AD02	20	0	213.83001	775.29851	152.10913	746.27612
AD02	20	1	987.47114	750.11194	976.39454	754.98507
AD02	21	0	490.10283	855.33582	127.93284	822.08955
AD02	21	1	959.52571	837.20149	555.04722	805.97015
AD02	22	0	450.99056	604.54478	253.85100	597.44776
AD02	22	1	750.17209	766.74627	530.87093	745.54478
AD02	23	0	501.65792	1033.65672	386.82057	1009.47761
AD02	23	1	777.67051	947.01493	600.37775	916.79104
AD02	24	0	456.85939	524.82836	400.73977	527.94776
AD02	24	1	759.06296	562.10448	646.53200	561.19403
AD02	25	0	760.87933	633.00746	736.11542	633.18657
AD02	25	1	1010.70094	651.14179	950.67996	649.30597
AD02	26	0	578.21616	747.53731	564.11333	731.41791
AD02	26	1	791.77335	860.37313	733.34732	854.32836
AD02	27	0	925.73347	548.88806	1009.12382	562.23134
AD02	27	1	1106.04827	575.08209	1190.44596	579.35821
AD02	28	0	1263.69570	743.90299	1126.87933	741.13433
AD02	28	1	1497.39979	715.69403	1397.85519	717.96269
AD02	29	0	884.85729	616.49254	925.60021	616.05970
AD02	29	1	1044.01784	678.95522	1095.84155	679.52985
AD02	30	0	1136.82162	796.14179	1026.61595	794.02239
AD02	30	1	1358.43757	778.00746	1304.64323	784.95522
AD02	31	0	566.12802	578.28358	324.36516	562.16418
AD02	31	1	924.74292	739.47761	606.42183	721.34328
AD02	32	0	221.61595	1031.64179	149.08709	979.25373
AD02	32	1	586.27492	1033.65672	481.51102	1015.52239
AD02	33	0	562.09864	791.86567	516.80693	754.83582
AD02	33	1	821.99370	765.67164	778.71668	763.90299
AD02	34	0	266.06506	600.48507	93.68311	585.88060
AD02	34	1	553.15845	660.93284	383.79853	640.28358
AD02	35	0	418.01259	564.02985	29.21301	538.97761
AD02	35	1	731.29696	766.52985	307.24029	724.35075
AD02	36	0	166.21196	767.81343	34.24974	726.67164
AD02	36	1	510.72403	831.28358	353.57817	802.23134
AD02	37	0	421.56348	802.38060	250.77754	770.94030
AD02	37	1	744.92130	765.10448	568.09129	746.76119
AD02	38	0	528.10808	1068.91791	263.69675	1020.55970
AD02	38	1	729.57712	972.20149	564.89297	955.07463
AD02	39	0	880.38720	512.27612	724.52676	502.50000
AD02	39	1	1143.30430	407.50000	906.85624	393.69403
AD02	40	0	652.07135	898.65672	403.71878	865.41045
AD02	40	1	896.85624	804.96269	733.12067	787.83582
AD02	41	0	560.09549	561.67164	289.52781	554.50000
AD02	41	1	955.98216	691.63433	615.90766	669.35075
AD02	42	0	1552.31899	521.85075	1533.17943	510.85075
AD02	42	1	1790.05247	560.13433	1797.10388	556.18657
AD02	43	0	995.38720	751.78358	940.85519	745.85821
AD02	43	1	1212.97377	760.85075	1170.52991	780.11194
AD02	44	0	670.43127	672.20896	741.65163	672.73134
AD02	44	1	881.97377	639.97015	944.12802	660.64179
AD02	45	0	1660.10493	777.76119	1618.80378	784.81343
AD02	45	1	1917.98531	952.05224	1870.64008	978.24627
AD02	46	0	733.21196	784.39552	215.38825	751.43284
AD02	46	1	1087.79748	716.89552	663.65687	699.04478
AD02	47	0	1417.33473	421.96269	1159.21826	406.83582
AD02	47	1	1777.96432	523.71642	1531.93599	507.58209
AD02	48	0	1412.29801	584.32836	1459.64323	585.03731
AD02	48	1	1614.77440	613.54478	1671.18573	619.29104
AD02	49	0	972.10073	685.75373	662.27807	676.76119
AD02	49	1	1265.23820	688.77612	1036.00315	679.78358
AD02	50	0	1199.96852	611.12687	1103.54145	610.93284
AD02	50	1	1486.05456	588.96269	1335.23085	581.71642
AD02	51	0	988.85834	715.79851	702.46905	693.11940
AD02	51	1	1312.21616	641.24627	1068.13536	628.64179
AD02	52	0	989.04932	452.77612	996.57083	453.16418
AD02	52	1	1191.52571	446.73134	1180.91501	443.08955
AD07	0	0	591.58552	626.07463	335.44596	601.20149
AD07	0	1	848.45855	583.76119	588.28961	565.94030
AD07	1	0	846.38720	618.79851	501.30010	592.20896
AD07	1	1	1106.28227	669.17164	736.01154	650.64179
AD07	2	0	1589.59077	279.49254	1521.09129	256.90299
AD07	2	1	1797.10388	180.76119	1751.77335	141.04478
AD07	3	0	1692.33998	180.33582	1186.40189	133.99254
AD07	3	1	1876.68416	54.40299	1392.90766	3.02239
AD07	4	0	1135.27807	356.56716	1046.40923	350.46269
AD07	4	1	1465.68730	347.50000	1348.61280	334.34328
AD07	5	0	301.19622	340.82836	279.14586	351.09701
AD07	5	1	476.47429	310.60448	459.46065	324.90299
AD07	6	0	790.19622	267.98507	774.09339	278.05970
AD07	6	1	1010.80483	177.31343	961.45960	177.31343
AD07	7	0	176.28541	492.03731	99.72718	490.41045
AD07	7	1	379.76915	446.70149	307.24029	449.10448
AD07	8	0	689.10808	137.96269	451.01994	149.10448
AD07	8	1	901.65792	323.33582	645.43757	318.35821
AD07	9	0	1035.91710	81.60448	808.46800	71.52985
AD07	9	1	1251.48898	221.64179	1044.18678	206.52985
AD07	10	0	1267.79119	231.71642	819.53620	213.13433
AD07	10	1	1547.83316	358.65672	1132.82057	331.00746
AD07	11	0	1085.20462	460.89552	869.74816	433.97761
AD07	11	1	1484.11333	425.63433	1295.85519	409.79851
AD07	12	0	1084.82057	585.09701	657.58552	553.35821
AD07	12	1	1311.47324	700.95522	819.76810	666.19403
AD07	13	0	359.62225	501.93284	386.82057	502.03731
AD07	13	1	1752.78069	760.35075	1431.56978	750.23134
AD07	14	0	394.44596	225.67164	433.96852	247.83582
AD07	14	1	652.32634	196.45522	676.73872	216.60448
AD07	15	0	709.60756	249.85075	792.25498	265.50746
AD07	15	1	926.18678	250.85821	988.68730	257.44776
AD07	16	0	903.01784	245.82090	876.87198	253.41791
AD07	16	1	1060.16369	169.25373	1042.07660	166.77612
AD07	17	0	802.28332	184.36567	927.23924	199.01493
AD07	17	1	947.34103	112.83582	1062.22350	115.39552
AD07	18	0	875.81952	186.38060	965.51836	192.97015
AD07	18	1	1008.78909	161.19403	1108.56139	174.83582
AD07	19	0	415.50682	441.78358	24.17629	423.13433
AD07	19	1	1209.29486	401.48507	1063.75656	374.77612
AD07	20	0	556.83631	416.11940	575.46800	426.34328
AD07	20	1	795.57712	367.76119	794.06191	366.90299
AD07	21	0	1102.25498	413.18657	864.89507	408.38806
AD07	21	1	1477.99475	267.10448	1165.08395	246.18657
AD07	22	0	721.96957	343.54478	159.16055	334.47761
AD07	22	1	1194.41448	43.32090	594.33368	32.23881
AD07	23	0	676.63903	221.64179	450.05666	228.69403
AD07	23	1	1023.16579	88.65672	803.63484	102.76119
AD07	24	0	971.79119	317.53731	843.97692	306.96269
AD07	24	1	1297.16369	320.55970	1139.12907	296.88806
AD07	25	0	1409.27597	241.79104	1404.23924	218.61940
AD07	25	1	1691.33263	207.53731	1717.52361	160.18657
AD07	26	0	257.88038	539.80597	385.85100	543.02239
AD07	26	1	420.06296	491.44776	526.87933	496.67910
AD07	27	0	995.86359	484.86567	886.28332	479.52239
AD07	27	1	1144.95068	513.07463	1012.20147	499.67164
AD10	0	0	420.75446	697.05970	3.02204	658.86567
AD10	0	1	680.64953	677.91791	248.81427	646.77612
AD10	1	0	1263.56348	636.13433	1078.19517	635.03731
AD10	1	1	1353.21721	717.73881	1184.97377	714.62687
AD10	2	0	1224.93075	604.14925	1073.38720	596.28358
AD10	2	1	1359.91501	628.32836	1218.44491	618.44776
AD10	3	0	127.93284	665.64925	92.67576	653.78358
AD10	3	1	280.04197	738.18657	241.76285	717.25373
AD10	4	0	180.31480	533.26866	173.26338	532.15672
AD10	4	1	313.28437	612.85821	310.26233	599.65672
AD10	5	0	1056.76180	787.88806	838.51941	772.80597
AD10	5	1	1219.95173	805.01493	1029.91501	802.02239
AD10	6	0	720.11438	806.02239	511.41763	785.82090
AD10	6	1	901.43652	841.28358	709.86464	813.02239
AD10	7	0	721.84995	905.70896	562.70304	895.63433
AD10	7	1	855.82686	929.88806	696.67996	908.73134
AD10	8	0	1158.38720	612.52239	963.07870	602.88806
AD10	8	1	1416.26758	683.04478	1219.95173	674.41791
AD10	9	0	879.35257	609.50000	808.95488	593.82090
AD10	9	1	1091.90241	658.86567	993.29906	652.25373
AD10	10	0	295.15215	297.82090	116.85205	295.86567
AD10	10	1	513.74607	411.66418	351.56348	415.75373
AD10	11	0	1183.82057	895.80597	863.39454	852.36567
AD10	11	1	1379.24554	714.46269	1034.64323	706.28358
AD10	12	0	36.26443	718.05224	139.01364	698.26866
AD10	12	1	185.35152	727.11940	256.87303	715.39552
AD10	13	0	1224.20357	770.70896	887.39664	749.64925
AD10	13	1	1604.98006	911.75373	1248.02623	930.99254
AD10	14	0	229.67471	555.26866	74.54355	547.44776
AD10	14	1	530.87093	526.05224	376.74711	517.22388
AD10	15	0	82.60231	137.01493	32.23505	165.22388
AD10	15	1	497.62854	205.52239	406.96747	219.62687
AD10	16	0	880.31375	533.89552	667.68940	520.06716
AD10	16	1	1102.93704	590.31343	927.58447	579.50746
AD10	17	0	858.60756	752.57463	739.39140	721.34328
AD10	17	1	1032.87828	788.84328	948.91920	799.92537
AD10	18	0	112.82267	578.88806	8.05876	568.93284
AD10	18	1	408.98216	612.13433	261.90976	598.14925
AD10	19	0	976.48269	68.50746	654.01259	63.47015
AD10	19	1	1171.90766	212.57463	937.07660	186.38060
AD10	20	0	431.31375	448.74627	259.89507	451.55970
AD10	20	1	667.03253	517.25373	445.24659	508.98507
AD10	21	0	224.29276	916.79104	53.38930	878.50746
AD10	21	1	1099.57712	844.25373	1011.73872	842.23881
AD15	0	0	757.52361	1011.49254	431.14376	975.22388
AD15	0	1	1053.68311	789.85075	787.74397	763.65672
AD15	1	0	1368.98216	659.57463	1271.26967	655.50000
AD15	1	1	1794.08185	631.36567	1632.90661	622.25373
AD15	2	0	1453.59916	797.91045	1502.95908	814.26119
AD15	2	1	1673.20042	738.47015	1741.69990	751.79851
AD15	3	0	1615.78174	926.86567	1660.10493	956.08209
AD15	3	1	1799.11857	895.63433	1863.58867	932.91045
AD15	4	0	1537.20881	564.76866	1482.81217	559.12687
AD15	4	1	1830.34627	409.61940	1760.83945	388.86567
AD15	5	0	1375.02623	814.42537	1363.17314	822.79851
AD15	5	1	1669.17104	755.99254	1666.38405	766.38060
AD15	6	0	1476.76810	751.34328	1398.19517	756.06716
AD15	6	1	1799.11857	627.42537	1679.24449	626.10448
AD15	7	0	792.52676	773.87313	759.52046	771.71642
AD15	7	1	1065.51731	804.09701	1043.59182	806.97761
AD15	8	0	750.21826	868.57463	838.09339	864.40299
AD15	8	1	922.47429	857.49254	1000.27597	858.35821
AD15	9	0	1049.34418	728.17164	1052.23295	728.32090
AD15	9	1	1306.21721	686.86567	1306.08395	686.00746
AD15	10	0	868.62225	593.47761	778.76285	587.29104
AD15	10	1	1234.28856	685.15672	1125.28961	683.00000
AD15	11	0	1005.75551	1001.41791	971.03568	998.39552
AD15	11	1	1324.07660	960.11194	1310.51102	968.17164
AD15	12	0	242.77020	520.66418	176.28541	519.05970
AD15	12	1	596.34837	589.17164	501.65792	582.52985
AD15	13	0	1097.04197	502.50000	1024.35047	500.08209
AD15	13	1	1382.12067	514.58955	1244.95908	505.11940
AD15	14	0	956.97482	692.50746	917.57188	688.47761
AD15	14	1	1194.70829	707.61940	1108.96747	703.58955
AD15	15	0	954.30640	738.02239	948.90241	735.96269
AD15	15	1	1225.28227	716.86567	1200.73872	718.83582
AD15	16	0	1474.75341	729.23881	1485.83421	735.50000
AD15	16	1	1758.82476	676.85075	1766.88353	683.11194
AD15	17	0	1351.85729	536.14179	1377.04092	536.15672
AD15	17	1	1679.24449	505.91791	1717.52361	500.89552
AD15	18	0	1182.38720	686.16418	1189.26128	689.51493
AD15	18	1	1454.37041	699.26119	1475.34732	701.60448
AD15	19	0	1232.75446	666.01493	1302.98216	668.71642
AD15	19	1	1500.70829	703.29104	1599.14166	715.05970
AD15	20	0	1488.85624	779.77612	1414.31270	793.47761
AD15	20	1	1797.10388	759.62687	1804.15530	772.32090
AD15	21	0	1204.82791	491.01493	1238.02728	489.81343
AD15	21	1	1509.04617	518.21642	1536.20147	515.00000
AD15	22	0	1472.73872	572.97761	1464.67996	572.08955
AD15	22	1	1744.72193	564.91791	1740.69255	561.00746
AD15	23	0	1109.08709	634.43284	1174.56453	638.58209
AD15	23	1	1363.94544	666.67164	1450.57712	672.83582
AD15	24	0	1285.37251	750.29104	1263.21091	758.47015
AD15	24	1	1632.90661	766.41045	1638.95068	783.65672
AD15	25	0	1401.21721	448.98507	1384.09234	439.70896
AD15	25	1	1721.55299	459.05970	1704.42812	445.75373
AD15	26	0	1573.47324	610.17910	1526.12802	603.92537
AD15	26	1	1911.94124	648.46269	1902.87513	651.27612
AD15	27	0	1529.15005	695.93284	1454.60651	693.70896
AD15	27	1	1895.82371	731.19403	1839.41238	733.00000
AD15	28	0	1343.79853	255.86567	1292.67261	240.78358
AD15	28	1	1672.19307	290.11940	1647.25813	266.97761
AD15	29	0	1190.17419	427.14925	1179.23295	420.37313
AD15	29	1	1482.30430	429.16418	1446.17943	415.33582
AD15	30	0	1063.24869	480.54478	1035.18258	478.80597
AD15	30	1	1297.96013	513.79104	1255.79119	512.05224
AD15	31	0	1339.26128	559.12687	1276.94544	556.38060
AD15	31	1	1637.43547	601.44030	1583.17838	598.69403
AD15	32	0	451.32949	352.20896	515.77125	366.56716
AD15	32	1	753.53305	408.62687	795.81322	414.92537
AD15	33	0	881.46590	406.61194	929.79014	409.88806
AD15	33	1	1169.56663	426.76119	1198.75131	428.02239
AD15	34	0	746.48164	545.64179	739.40189	546.90299
AD15	34	1	1004.36201	592.99254	1000.30430	596.26866
AD15	35	0	728.34942	541.61194	787.75446	544.88806
AD15	35	1	1016.45016	576.87313	1060.74502	580.14925
AD15	36	0	592.35782	572.84328	613.48374	569.06716
AD15	36	1	831.09864	645.38060	860.28332	646.64179
AD15	37	0	10.07345	376.85821	91.66842	395.67910
AD15	37	1	338.46800	380.88806	348.54145	392.65672
AD15	38	0	217.58657	527.97761	297.16684	534.70896
AD15	38	1	545.98111	542.08209	583.25289	547.80597
AD15	39	0	565.12067	700.25373	567.13536	689.85821
AD15	39	1	862.28751	720.40299	857.25079	716.05224
AD15	40	0	1338.76180	661.73881	1253.25393	661.54478
AD15	40	1	1686.29591	691.96269	1601.79538	689.75373
AD15	41	0	1090.95278	621.91045	1104.60126	621.95522
AD15	41	1	1395.17104	616.87313	1399.75341	619.94030
AD15	42	0	1114.12172	718.62687	1164.03463	726.73134
AD15	42	1	1345.81112	710.56716	1403.78279	721.69403
AD15	43	0	973.09339	705.52985	1080.42497	712.62687
AD15	43	1	1155.42288	685.38060	1256.71039	693.48507
AD15	44	0	921.71878	623.92537	915.22036	624.97761
AD15	44	1	1171.54040	664.22388	1138.85100	665.27612
AD15	45	0	1203.61490	525.94776	1205.79224	523.49254
AD15	45	1	1471.56873	528.97015	1466.69465	526.51493
AD15	46	0	1069.31480	749.07463	1051.66842	746.14179
AD15	46	1	1346.33473	774.26119	1329.69570	779.38806
AD15	47	0	1544.78174	806.50000	1461.65792	826.73881
AD15	47	1	1810.72088	774.26119	1752.78069	784.42537
AD15	48	0	1459.15740	638.25373	1432.44491	634.31343
AD15	48	1	1808.70619	645.30597	1787.03043	655.47015
AD15	49	0	1558.88458	554.63433	1553.32634	551.70149
AD15	49	1	1846.98531	512.32090	1877.69150	501.32836
AD15	50	0	1649.02413	717.99254	1559.37041	712.89552
AD15	50	1	1911.94124	655.52985	1749.75866	644.38806
AD15	51	0	889.52676	728.32090	928.62225	728.58209
AD15	51	1	1121.21616	698.09701	1153.26023	704.40299
AD15	52	0	897.52781	647.63433	901.39454	646.22388
AD15	52	1	1179.58447	573.08209	1154.23820	573.68657
AD15	53	0	807.50472	469.88806	840.95383	472.94030
AD15	53	1	1092.58342	465.85821	1102.86359	463.87313
AD15	54	0	921.33473	546.45522	965.86464	548.50000
AD15	54	1	1160.07555	498.09701	1180.42917	501.14925
AD15	55	0	1459.64323	566.99254	1411.29066	564.14925
AD15	55	1	1831.35362	523.67164	1749.75866	511.76119
AD15	56	0	1312.57083	629.45522	1315.59286	628.62687
AD15	56	1	1660.10493	584.11940	1653.05352	583.29104
AD15	57	0	1494.90031	636.50746	1440.50367	637.69403
AD15	57	1	1812.21406	619.38060	1728.60441	615.52985
AD15	58	0	152.10913	413.99254	115.84470	424.86567
AD15	58	1	527.84890	494.58955	481.51102	492.36567
AD15	59	0	406.96747	525.68657	383.26967	520.66418
AD15	59	1	574.18678	508.55970	553.51102	510.58955
AD15	60	0	836.73242	513.16418	831.09759	519.38806
AD15	60	1	975.74607	459.76866	974.14061	457.93284
AD15	61	0	912.59286	518.02239	840.51941	512.83582
AD15	61	1	1069.73872	540.18657	1004.71668	537.01493
AD15	62	0	1177.96747	586.75373	1101.59182	581.79104
AD15	62	1	1326.04722	636.11940	1265.78909	632.16418
AD15	63	0	95.69780	929.88806	49.35992	887.57463
AD15	63	1	311.26967	945.00000	242.77020	901.67910
AD15	64	0	321.30640	541.82090	163.18993	532.23134
AD15	64	1	572.13536	531.74627	424.09234	528.20149
AD15	65	0	780.30640	466.91045	472.32214	457.13433
AD15	65	1	1039.19412	493.10448	724.15845	478.29104
AD15	66	0	933.42288	368.17910	739.78489	356.25373
AD15	66	1	1139.92865	430.64179	1005.72403	420.73134
AD15	67	0	402.02728	159.17910	16.11752	156.15672
AD15	67	1	799.92865	192.42537	436.18048	188.39552
AD15	68	0	382.24764	990.33582	468.24764	968.17164
AD15	68	1	633.07660	958.09701	679.79014	937.94776
AD15	69	0	1483.81952	493.96269	1276.79119	480.80597
AD15	69	1	1847.47114	524.18657	1642.45750	504.98507
AD15	70	0	579.33683	782.79851	420.06296	752.86567
AD15	70	1	871.46695	825.11194	727.30325	801.22388
AD15	71	0	181.32214	854.32836	143.04302	824.10448
AD15	71	1	447.26128	894.62687	408.98216	859.36567
AD15	72	0	1196.57817	906.71642	801.40294	866.41791
AD15	72	1	1480.64953	1057.83582	1021.00420	1040.70896
AD15	73	0	1379.05561	949.02985	995.59286	923.84328
AD15	73	1	1734.64848	1047.76119	1260.52466	1018.54478
AD15	74	0	741.57817	871.33582	489.60756	836.76866
AD15	74	1	942.03987	674.88060	729.35572	661.47015
AD15	75	0	830.04932	655.23134	575.15950	639.89552
AD15	75	1	1133.26023	601.83582	850.16474	587.50746
AD15	76	0	905.80588	517.97761	680.07135	505.40299
AD15	76	1	1165.70094	547.19403	951.04722	535.62687
AD15	77	0	613.99161	625.11194	30.22036	584.32836
AD15	77	1	1076.36306	884.02985	533.89297	840.22388
AD15	78	0	905.83631	423.26119	667.15215	412.05224
AD15	78	1	1265.45855	390.01493	1018.71563	374.77612
AD15	79	0	805.79958	348.08955	492.88143	339.51493
AD15	79	1	1072.74607	315.85075	766.87933	302.23881
AD15	80	0	459.19622	427.57463	320.62329	426.97015
AD15	80	1	767.44386	395.33582	635.92235	394.73134
AD15	81	0	942.46065	564.81343	352.57083	533.95522
AD15	81	1	1141.91501	966.79104	616.49528	934.92537
AD15	82	0	927.27702	436.88060	488.77650	416.23881
AD15	82	1	1130.24134	850.29851	644.26863	865.41045
AD15	83	0	154.12382	548.05970	32.23505	529.43284
AD15	83	1	476.47429	733.43284	355.59286	710.77612
AD15	84	0	342.34313	664.37313	2.01469	639.03731
AD15	84	1	645.55404	605.94030	365.66632	582.61940
AD15	85	0	314.29171	644.53731	0.00000	620.28358
AD15	85	1	621.53200	568.97761	347.53410	557.82090
AD15	86	0	876.87303	664.26866	517.69675	638.65672
AD15	86	1	1061.21721	758.97015	749.38615	731.34328
AD15	87	0	81.59496	441.61940	261.90976	456.09701
AD15	87	1	235.71878	398.29851	386.82057	417.81343
AD15	88	0	1395.17314	875.48507	914.59391	858.35821
AD15	88	1	1653.05352	954.06716	1262.12802	953.05970
AD15	89	0	1187.07765	914.77612	946.66632	894.62687
AD15	89	1	1315.01049	1061.86567	1092.73137	1056.82836
AD15	90	0	345.77859	1006.45522	2.01469	959.10448
AD15	90	1	681.22455	939.96269	318.32109	886.56716
AD15	91	0	672.72613	738.47015	173.26338	679.02985
AD15	91	1	1001.12067	920.82090	503.67261	904.70149
AD15	92	0	352.57083	783.80597	66.48478	753.58209
AD15	92	1	1543.25289	824.10448	1494.90031	836.19403
AD15	93	0	1079.91710	613.80597	1192.69675	618.81343
AD15	93	1	1265.26863	652.08955	1397.18783	663.14179
AD15	94	0	1188.53410	718.83582	1110.09444	718.40299
AD15	94	1	1438.35572	666.44776	1390.13641	672.05970
AD15	95	0	1130.68101	1001.41791	1031.13851	992.35075
AD15	95	1	1358.34103	963.13433	1309.16579	976.23134
AD15	96	0	432.66737	925.00746	129.94753	879.51493
AD15	96	1	760.05456	858.51493	494.60651	834.17910
AD15	97	0	1579.51731	561.34328	1451.58447	559.43284
AD15	97	1	1861.57398	477.72388	1695.36201	461.70896
AD15	98	0	658.65268	695.93284	150.10283	659.92537
AD15	98	1	1109.94334	765.44776	638.66527	734.47761
AD15	99	0	547.13012	572.81343	362.60860	561.47761
AD15	99	1	878.54669	637.29104	694.02518	624.94776
AD15	100	0	958.48269	627.39552	718.07345	620.87313
AD15	100	1	1277.81112	633.44030	1071.65163	628.93284
AD15	101	0	862.82162	689.20149	679.49948	679.06716
AD15	101	1	1203.30430	708.34328	976.66632	703.24627
AD15	102	0	56.41133	609.61194	144.05037	607.30597
AD15	102	1	267.95383	561.25373	336.45331	563.98507
AD15	103	0	742.61490	754.21642	642.54984	739.84328
AD15	103	1	937.03253	768.32090	857.11438	756.97015
AD17	0	0	1070.54145	1016.52985	1124.98321	1024.58955
AD17	0	1	1194.44491	978.24627	1241.83526	990.33582
AD17	1	0	997.99685	1012.50000	998.94648	1013.50746
AD17	1	1	1057.43022	976.23134	1061.40189	979.25373
AD17	2	0	1043.41658	1005.44776	1015.78594	1008.47015
AD17	2	1	1117.96013	998.39552	1091.33683	1003.43284
AD17	3	0	433.05037	962.23881	495.96222	939.45896
AD17	3	1	590.19622	977.85448	652.10073	963.63806
AD17	4	0	817.37985	782.48507	840.59286	784.81343
AD17	4	1	1045.03987	864.08955	1035.01049	864.40299
AD17	5	0	894.04827	931.90299	995.13851	930.89552
AD17	5	1	1094.50997	939.96269	1190.56348	954.06716
AD17	6	0	938.43127	969.17910	1005.24029	972.20149
AD17	6	1	1143.92970	956.08209	1235.92235	966.15672
AD17	7	0	1641.97272	991.34328	1499.93704	1014.51493
AD17	7	1	1793.07450	1027.61194	1668.16369	1055.82090
AD17	8	0	344.51207	946.00746	319.32844	888.58209
AD17	8	1	597.35572	1054.81343	510.72403	1032.64925
AD17	9	0	1255.65163	959.10448	1286.02623	978.24627
AD17	9	1	1446.03987	1056.82836	1474.39979	1077.98507
AD17	10	0	868.33158	1041.71642	811.92025	1027.61194
AD17	10	1	1120.16789	1055.82090	1043.60965	1055.82090
AD17	11	0	939.07870	1026.60448	891.43861	1024.58955
AD17	11	1	1173.79014	1050.78358	1109.02518	1059.85075
AD17	12	0	797.13012	932.91045	783.99056	933.91791
AD17	12	1	991.54774	909.73881	984.45226	907.72388
AD17	13	0	1235.68835	984.29104	1192.49003	980.26119
AD17	13	1	1496.59077	1008.47015	1438.28227	1032.64925
AD17	14	0	737.21091	1008.47015	737.37671	991.34328
AD17	14	1	978.97377	989.32836	942.87513	983.28358
AD17	15	0	90.66107	957.08955	145.05771	917.79851
AD17	15	1	325.37251	940.97015	366.67366	910.74627
AD17	16	0	887.67471	1022.57463	801.35782	1012.50000
AD17	16	1	1153.61385	1072.94776	1045.13536	1075.97015
AD17	17	0	942.12907	1018.54478	1004.52676	1025.59701
AD17	17	1	1146.62015	1018.54478	1194.91501	1035.67164
AD17	18	0	1096.80797	741.78731	1250.15740	754.43657
AD17	18	1	1335.04512	760.42537	1504.00839	779.62313
AD17	19	0	970.35572	823.29851	841.74816	801.66791
AD17	19	1	1128.50892	847.98134	976.73242	842.47015
AD17	20	0	980.82581	817.45149	859.49528	806.19030
AD17	20	1	1141.49738	851.20149	986.42078	847.49627
AD17	21	0	1018.64638	788.55597	848.89297	778.61567
AD17	21	1	1241.77335	784.52612	1093.67786	780.12687
AD17	22	0	459.01364	824.24627	562.50682	817.92164
AD17	22	1	636.30640	762.79104	720.66002	766.03731
AD17	23	0	155.13116	862.38806	201.46905	844.25373
AD17	23	1	380.77650	886.56716	394.87933	854.32836
AD17	24	0	391.24239	719.79851	606.79958	723.35821
AD17	24	1	831.45226	762.11194	1021.82581	770.70896
AD17	25	0	718.08604	484.39552	24.17629	451.78358
AD17	25	1	1173.40609	629.47015	543.96642	596.85821
AD17	26	0	1416.32739	388.23881	728.67471	349.42537
AD17	26	1	1781.99370	508.12687	1103.40714	476.36567
AD17	27	0	1463.67261	521.73134	902.78489	489.29851
AD17	27	1	1850.49318	461.28358	1262.40714	422.80597
AD17	28	0	1650.03148	558.13433	721.25918	499.70149
AD17	28	1	1897.83841	237.76119	1124.19727	175.29851
AD32	0	0	1569.44386	585.08209	1419.34942	555.94030
AD32	0	1	1831.35362	711.01493	1586.56873	699.00000
AD32	1	0	460.04197	543.91045	301.87408	540.35075
AD32	1	1	669.56978	651.70896	450.96118	626.99254
AD32	2	0	1188.97482	410.43284	990.03987	398.38806
AD32	2	1	1314.89297	298.60448	1124.01679	279.50746
AD32	3	0	1588.58342	713.07463	1267.24029	695.14925
AD32	3	1	1915.97062	696.95522	1523.10598	664.92537
AD32	4	0	909.08080	399.30597	869.97587	398.94030
AD32	4	1	1690.78069	461.76866	1760.83945	451.55970
AD32	5	0	997.37356	542.97761	763.88667	529.32836
AD32	5	1	1287.48898	443.23881	999.60546	431.60448
AD32	6	0	1494.90031	202.50000	1291.41658	173.04478
AD32	6	1	1712.48688	234.73881	1582.53935	199.23881
AD32	7	0	472.11542	725.51493	51.08814	686.92537
AD32	7	1	812.59811	678.16418	507.41553	666.77612
AD32	8	0	434.64428	541.59701	231.68940	525.41791
AD32	8	1	629.06191	434.80597	421.07030	432.73134
AD32	9	0	1257.16684	20.14925	938.84575	2.01493
AD32	9	1	1533.17943	217.61194	1170.53515	205.52239
AD32	10	0	970.27702	285.11194	820.28541	277.05224
AD32	10	1	1305.72298	255.89552	1188.97377	237.76119
AD32	11	0	471.65268	181.32836	187.36621	192.42537
AD32	11	1	744.64323	338.49254	405.96013	330.44776
AD32	12	0	504.84995	573.82090	262.91710	555.56716
AD32	12	1	753.66422	598.00000	517.77545	574.70896
AD32	13	0	1328.68835	57.42537	1151.45435	32.23881
AD32	13	1	1629.88458	139.02985	1524.17209	98.73134
AD32	14	0	345.61595	669.18657	0.00000	630.67164
AD32	14	1	720.34837	619.82090	455.32004	598.43284
AD32	15	0	1382.07765	628.72388	987.12277	597.67164
AD32	15	1	1729.61175	737.52985	1329.62015	717.55970
AD32	16	0	676.39559	537.43284	352.21091	521.96269
AD32	16	1	1075.30430	660.34328	659.45121	638.82836
AD32	17	0	796.36726	339.92537	485.54040	324.40299
AD32	17	1	1188.22455	283.50746	900.56663	253.88060
AD32	18	0	1600.67156	36.26866	1040.17419	5.03731
AD32	18	1	1909.92655	181.34328	1394.75971	131.97761
AD32	19	0	1453.59916	108.80597	966.04092	75.55970
AD32	19	1	1828.33158	349.58955	1186.64953	299.21642
AD32	20	0	1049.19622	80.59701	624.55089	71.52985
AD32	20	1	1330.24554	92.68657	918.69570	62.46269
AD32	21	0	478.32109	191.41791	6.04407	187.38806
AD32	21	1	836.93599	125.93284	362.64428	118.88060
AD32	22	0	1329.69570	142.05224	1004.45226	117.87313
AD32	22	1	1606.71563	198.47015	1209.95068	154.14179
AD32	23	0	290.11542	509.77612	42.30850	542.01493
AD32	23	1	1055.69780	977.23881	821.99370	951.04478
AD53	0	0	240.10913	444.31343	419.44596	458.79104
AD53	0	1	486.90871	399.98507	641.06191	415.47015
AD53	1	0	866.15215	76.56716	379.52781	65.48507
AD53	1	1	1147.20147	181.34328	708.92970	156.15672
AD53	2	0	234.42497	584.00000	125.91815	565.06716
AD53	2	1	531.59182	560.82836	436.18048	553.98507
AD53	3	0	1177.51207	653.05224	898.85834	633.02239
AD53	3	1	1463.59811	662.11940	1214.15740	651.15672
AD53	4	0	582.24029	630.23881	355.40923	609.97015
AD53	4	1	824.00315	653.41045	576.01784	641.20149
AD53	5	0	1535.19412	646.23881	1390.13641	637.79104
AD53	5	1	1856.53725	600.90299	1698.38405	591.44776
AD53	6	0	378.49108	464.74627	219.60126	460.88060
AD53	6	1	619.24659	521.16418	468.41553	514.27612
AD53	7	0	1544.26023	275.03731	1573.47324	250.85821
AD53	7	1	1769.90556	300.22388	1821.28017	268.99254
AD53	8	0	1370.06296	159.17910	1468.70934	140.03731
AD53	8	1	1512.09864	156.15672	1622.83316	127.94776
AD53	9	0	260.13851	194.44030	113.83001	213.58209
AD53	9	1	547.23190	172.27612	436.18048	187.38806
AD53	10	0	571.05771	264.79851	410.99685	270.51493
AD53	10	1	762.45331	247.67164	615.48793	254.39552
AD53	11	0	909.45331	43.32090	918.66632	45.33582
AD53	11	1	1058.54040	74.55224	1057.67996	62.46269
AD53	12	0	103.75656	97.72388	93.68311	132.98507
AD53	12	1	317.31375	94.70149	313.28437	121.90299
AD53	13	0	446.15950	169.25373	143.61700	173.28358
AD53	13	1	730.23085	217.61194	435.74711	217.61194
AD53	14	0	409.89507	33.24627	250.39559	53.39552
AD53	14	1	624.45960	117.87313	474.02623	131.97761
AD53	15	0	1475.76076	171.26866	1329.69570	139.02985
AD53	15	1	1694.35467	157.16418	1533.17943	112.83582
AD53	16	0	1230.14481	452.02239	802.88143	425.13433
AD53	16	1	1512.20147	450.00746	1036.58552	416.06716
AD53	17	0	675.06401	174.29104	429.76285	175.29851
AD53	17	1	954.09864	183.35821	699.73137	178.32090
AD53	18	0	320.98426	54.40299	73.53620	72.53731
AD53	18	1	589.94544	130.97015	348.54145	137.01493
AD53	19	0	1476.76810	549.25373	1269.25498	534.54478
AD53	19	1	1733.64113	698.35821	1520.08395	686.67164
AD53	20	0	307.24029	321.83582	264.93179	335.02239
AD53	20	1	532.88562	360.11940	451.29066	364.23881
AD53	21	0	224.63799	101.75373	314.29171	144.06716
AD53	21	1	399.91605	197.46269	457.33473	223.65672
AD53	22	0	875.51207	763.10448	703.00525	742.15672
AD53	22	1	1045.75341	735.90299	838.99685	716.97015
AD53	23	0	853.75446	824.10448	545.14481	795.89552
AD53	23	1	1048.17209	861.38060	741.57712	824.10448
AD53	24	0	1116.41763	54.40299	1079.10073	41.30597
AD53	24	1	1395.45226	20.14925	1346.04722	9.06716
AD53	25	0	268.96118	175.29851	352.57083	207.53731
AD53	25	1	493.59916	108.80597	553.03253	138.02239
AD53	26	0	970.23295	221.01493	848.94019	214.58955
AD53	26	1	1191.84890	228.06716	1078.61490	214.58955
AD53	27	0	956.42392	485.87313	787.23295	477.53731
AD53	27	1	1205.23820	548.33582	1036.04722	535.97015
AD73	0	0	1341.78384	811.00746	1280.33578	808.99254
AD73	0	1	1815.23610	936.94030	1780.98636	963.13433
AD73	1	0	1465.68730	700.32836	1424.38615	700.80597
AD73	1	1	1869.63274	874.61940	1781.99370	885.17164
AD73	2	0	866.46065	416.85075	611.54145	407.08209
AD73	2	1	1050.80483	415.84328	807.97377	404.05970
AD73	3	0	1405.24659	264.72388	1348.83526	244.75373
AD73	3	1	1566.42183	305.02239	1512.02518	287.06716
AD73	4	0	1022.77545	475.00000	1016.71668	475.28358
AD73	4	1	1177.90661	548.54478	1161.77440	550.84328
AD73	5	0	1085.23085	592.87313	1107.02623	591.86567
AD73	5	1	1189.99475	589.85075	1222.87093	594.88806
AD73	6	0	855.69045	830.14925	724.15950	815.14925
AD73	6	1	1016.86569	761.64179	900.44491	742.61194
AD73	7	0	1652.04617	891.60448	1724.57503	917.79851
AD73	7	1	1800.12592	889.58955	1906.90451	924.85075
AD73	8	0	1038.68835	491.40299	1036.39454	487.73881
AD73	8	1	1191.80483	557.89552	1176.41553	555.23881
AD73	9	0	1094.00420	594.01493	1113.87198	596.08955
AD73	9	1	1204.81217	593.00746	1241.80483	593.06716
AD73	10	0	1398.19517	261.77612	1341.78384	243.80597
AD73	10	1	1561.38510	306.10448	1512.02518	284.10448
AD73	11	0	113.83001	523.50746	6.04407	510.33582
AD73	11	1	340.48269	605.11194	204.49108	590.93284
AD73	12	0	1140.06296	355.57463	1022.24659	349.73134
AD73	12	1	1259.93704	420.05224	1101.82686	407.15672
AD73	13	0	1454.60651	713.91791	1467.70199	717.35075
AD73	13	1	1592.61280	736.08209	1636.93599	748.58209
AD73	14	0	820.00525	950.03731	441.21721	910.74627
AD73	14	1	1103.06925	866.41791	739.39140	834.17910
AD73	15	0	595.73242	951.04478	547.66632	935.93284
AD73	15	1	709.56243	941.97761	666.53305	914.77612
AD73	16	0	1559.37041	412.47761	1348.83526	388.65672
AD73	16	1	1757.81742	262.36567	1597.64953	223.43284
AD73	17	0	716.79958	827.38806	280.18363	765.93284
AD73	17	1	1169.09759	775.00000	693.19517	748.80597
AD73	18	0	40.29381	844.25373	71.52151	805.35821
AD73	18	1	299.18153	819.06716	317.31375	784.20149
AD73	19	0	463.79958	1013.50746	256.61595	973.20896
AD73	19	1	879.83316	1011.49254	628.32634	989.32836
AD73	20	0	811.62329	739.17910	281.04932	709.00000
AD73	20	1	1242.76705	460.11194	676.93599	426.91045
AD73	21	0	1335.97482	788.75373	1341.78384	797.02985
AD73	21	1	1528.37775	653.75373	1542.24554	654.97761
AD73	22	0	1518.06925	384.70149	1430.43022	365.97015
AD73	22	1	1848.47849	352.46269	1715.50892	314.58955
AD73	23	0	745.03358	546.54478	797.65268	551.83582
AD73	23	1	1012.98741	564.67910	1034.37880	567.95522
AD73	24	0	1255.44596	816.12687	1055.88772	845.26119
AD73	24	1	1389.42288	787.91791	1259.37146	792.87313
AD73	25	0	119.87408	877.50000	39.28646	847.27612
AD73	25	1	282.05666	851.30597	190.38825	823.09701
AD73	26	0	1216.87303	599.70149	1034.95383	592.00000
AD73	26	1	1378.04827	528.17164	1133.67366	512.41045
AD73	27	0	465.12277	809.41791	4.02938	762.54478
AD73	27	1	763.29696	764.08209	307.24029	723.25373
AD73	28	0	822.44596	615.97015	412.18888	586.69403
AD73	28	1	1093.42183	629.06716	650.92970	631.02239
AD73	29	0	1067.04197	647.05224	530.42497	612.02985
AD73	29	1	1389.39244	661.15672	825.57712	630.16418
AD73	30	0	27.19832	449.41045	94.69045	456.11194
AD73	30	1	224.63799	475.60448	265.93914	482.30597
AD73	31	0	1268.78384	826.51493	1050.55614	815.22388
AD73	31	1	1360.45226	684.46269	1217.77545	677.20149
AD73	32	0	1277.68101	864.40299	929.24134	849.29104
AD73	32	1	1504.33368	998.39552	1184.09969	1000.41045
AD73	33	0	820.60021	828.13433	705.14166	791.86567
AD73	33	1	1022.06925	843.24627	852.21406	838.20896
AD73	34	0	589.29696	374.41791	277.21931	365.64925
AD73	34	1	852.21406	357.29104	533.08499	342.47761
AD73	35	0	888.88667	429.47015	787.38720	431.69403
AD73	35	1	1068.19412	503.01493	961.65792	496.17164
AD73	36	0	1352.86464	245.35821	859.64533	210.55970
AD73	36	1	1731.62644	257.44776	1201.13536	210.55970
AD73	37	0	1259.01889	832.16418	1065.50472	834.17910
AD73	37	1	1420.19412	885.55970	1191.42288	882.53731
AD73	38	0	206.50577	712.62687	171.24869	693.07463
AD73	38	1	350.55614	605.83582	324.36516	595.35075
AD73	39	0	879.26233	869.44030	776.12277	859.36567
AD73	39	1	1043.45960	894.62687	931.25393	885.55970
AD73	40	0	855.48269	439.87313	661.37985	429.38060
AD73	40	1	1050.90766	457.00000	850.76076	449.52985
AD73	41	0	1181.90871	815.11940	1220.90241	830.14925
AD73	41	1	1322.93704	796.98507	1364.95278	818.05970
AD73	42	0	314.29171	598.94776	186.35887	583.20149
AD73	42	1	474.45960	562.67910	379.76915	551.97015
AD73	43	0	551.09969	332.22388	579.79853	342.82836
AD73	43	1	699.17943	360.43284	727.87828	366.00000
AD73	44	0	1429.42288	608.97761	808.86464	573.95522
AD73	44	1	1728.60441	636.17910	958.95908	599.14179
AD73	45	0	241.76285	938.95522	190.38825	890.59701
AD73	45	1	422.07765	914.77612	325.37251	881.52985
AD73	46	0	824.46065	446.82090	841.14586	450.86567
AD73	46	1	969.51836	466.97015	990.23295	470.00746
AD73	47	0	587.70304	842.23881	119.87408	799.92537
AD73	47	1	790.17943	967.16418	291.12277	926.86567
AD73	48	0	807.81322	656.13433	823.71039	653.94030
AD73	48	1	950.85624	661.17164	952.65058	664.01493
AD73	49	0	980.43966	599.98507	610.45121	588.35821
AD73	49	1	1458.92865	914.31343	991.22770	951.04478
AD73	50	0	600.57817	64.47761	430.97587	70.52239
AD73	50	1	962.69465	581.98507	760.42288	577.97015
AD73	51	0	968.91710	452.68657	539.01259	425.23134
AD73	51	1	1270.11333	696.49254	854.31165	662.99254
AD73	52	0	1215.86569	745.52239	920.63903	730.41045
AD73	52	1	1562.39244	780.78358	1294.36411	795.89552
AD73	53	0	1215.86569	750.95522	903.18993	726.46269
AD73	53	1	1561.38510	782.18657	1292.02518	793.96269
AD73	54	0	988.40923	700.11194	919.19517	716.86567
AD73	54	1	1243.26758	834.10448	1137.78909	823.65672
AD73	55	0	464.86569	721.78358	408.90241	695.93284
AD73	55	1	773.11333	749.99254	661.74607	738.24627
AD73	56	0	221.61595	303.08209	144.05037	317.41791
AD73	56	1	466.40084	456.21642	387.82791	453.42537
AD73	57	0	1100.02099	616.56716	977.16684	613.03731
AD73	57	1	1335.73977	596.41791	1258.21616	594.90299
AD73	58	0	883.29171	997.38806	514.29276	961.11940
AD73	58	1	1187.50997	1072.94776	751.01889	1030.63433
AD73	59	0	895.37985	948.02239	559.62329	913.76866
AD73	59	1	1147.21616	977.23881	780.23190	940.97015
AD73	60	0	290.11542	545.91045	46.33788	530.44030
AD73	60	1	576.20147	650.68657	286.08604	628.16418
AD73	61	0	1220.07135	901.67910	871.46800	886.56716
AD73	61	1	1440.67996	791.86567	1124.31165	795.89552
AD73	62	0	1440.50367	1078.99254	914.72613	1072.94776
AD73	62	1	1829.33893	909.73881	1427.46485	906.71642
AD73	63	0	1230.97587	812.03731	904.31375	793.34328
AD73	63	1	1442.51836	665.95522	1142.04722	649.27612
AD73	64	0	753.49423	926.86567	215.96222	881.52985
AD73	64	1	1239.03463	940.97015	578.60651	906.71642
AD73	65	0	885.15950	997.38806	390.23295	950.03731
AD73	65	1	1186.35572	995.37313	709.56139	972.20149
AD73	66	0	1250.66632	399.41045	872.96747	378.25373
AD73	66	1	1449.56978	879.51493	980.75341	852.76866
AD73	67	0	793.32739	95.70896	334.43861	93.69403
AD73	67	1	917.23085	162.20149	495.61385	143.05970
AD73	68	0	601.32004	136.00746	250.82896	148.09701
AD73	68	1	734.28961	194.44030	400.92340	183.35821
AD73	69	0	471.37251	141.04478	92.67576	120.89552
AD73	69	1	616.43022	176.30597	279.03463	179.32836
AD73	70	0	753.42917	217.61194	698.09024	207.53731
AD73	70	1	887.40609	246.82836	794.79538	232.72388
AD73	71	0	631.89402	287.12687	779.43127	293.80597
AD73	71	1	764.86359	298.20896	902.32739	309.92537
AD73	72	0	584.86464	190.41045	698.14376	201.49254
AD73	72	1	741.00315	233.73134	850.25289	231.71642
AD73	73	0	747.04722	194.44030	832.12067	194.44030
AD73	73	1	903.18573	233.73134	982.21511	226.67910
AD73	74	0	495.21091	226.67910	574.24029	243.80597
AD73	74	1	655.37880	245.82090	732.39349	253.88060
AD73	75	0	574.79119	268.99254	683.03358	277.05224
AD73	75	1	731.93704	299.21642	826.07660	299.21642
AD73	76	0	864.90661	247.83582	980.20042	242.79851
AD73	76	1	1001.90556	272.01493	1118.20672	270.00000
AD73	77	0	1011.04827	268.67910	1087.47534	274.72388
AD73	77	1	1129.91501	325.09701	1221.45226	318.04478
AD73	78	0	965.71773	126.62687	839.66842	126.62687
AD73	78	1	1105.73872	173.97761	999.83631	168.94030
AD73	79	0	541.77020	310.72388	468.51417	329.68657
AD73	79	1	686.82791	334.90299	596.44701	346.81343
AD73	80	0	565.94648	404.41791	677.03463	416.32836
AD73	80	1	712.01154	410.46269	818.06296	428.41791
AD73	81	0	709.99685	352.02985	802.95278	352.85821
AD73	81	1	842.96642	377.21642	940.95908	372.00000
AD73	82	0	1462.66527	151.11940	1367.97482	111.82836
AD73	82	1	1600.67156	201.49254	1509.00315	166.23134
AD73	83	0	732.90136	55.41045	676.85729	48.35821
AD73	83	1	899.11333	83.61940	817.88562	86.64179
AD73	84	0	965.59811	65.48507	614.65163	45.33582
AD73	84	1	1120.72928	123.91791	762.73137	103.76866
AD73	85	0	225.64533	31.23134	246.79958	68.50746
AD73	85	1	445.24659	61.45522	460.35677	90.67164
AD73	86	0	46.33788	212.57463	139.01364	250.85821
AD73	86	1	264.93179	240.78358	317.31375	259.92537
AD73	87	0	208.52046	189.40299	383.79853	223.65672
AD73	87	1	362.64428	195.44776	511.73137	230.70896
AD73	88	0	878.85624	83.61940	905.93599	79.58955
AD73	88	1	1038.01679	107.79851	1065.09654	98.73134
AD73	89	0	927.20881	129.96269	749.99685	100.74627
AD73	89	1	1088.38405	162.20149	878.93704	149.10448
AD73	90	0	1104.05037	120.89552	1007.07765	110.82090
AD73	90	1	1259.18153	159.17910	1150.12067	148.09701
AD73	91	0	1253.99685	63.47015	674.09969	28.20896
AD73	91	1	1389.98846	113.84328	851.39244	74.55224
AD73	92	0	357.60756	286.11940	444.87198	311.08209
AD73	92	1	528.85624	294.17910	601.01049	308.05970
AD73	93	0	41.30115	256.90299	243.77754	281.08209
AD73	93	1	200.46170	281.08209	373.72508	302.23881
AD73	94	0	46.33788	422.94030	121.88877	431.85821
AD73	94	1	260.90241	445.10448	320.33578	458.05224
AD73	95	0	1318.89402	197.46269	1036.73242	187.38806
AD73	95	1	1453.87828	247.83582	1178.76810	218.61940
AD73	96	0	534.41028	271.00746	587.66107	281.97015
AD73	96	1	697.60021	307.27612	747.82896	302.11940
AD73	97	0	685.51207	217.61194	808.26967	227.56716
AD73	97	1	840.64323	253.88060	952.32004	261.82090
AD73	98	0	566.64533	154.14179	717.60860	169.13433
AD73	98	1	716.73977	179.32836	851.58552	189.28358
AD73	99	0	1495.90766	270.76866	961.41658	223.65672
AD73	99	1	1621.82581	308.04478	1117.55509	258.91791
AD73	100	0	1117.64323	118.88060	1157.02728	112.83582
AD73	100	1	1282.84785	113.84328	1313.16579	110.82090
AD73	101	0	1002.80588	117.87313	758.74711	116.86567
AD73	101	1	1176.06925	166.23134	904.81217	140.03731
AD73	102	0	521.80483	82.61194	535.90766	94.70149
AD73	102	1	711.18573	120.89552	719.24449	116.86567
AD73	103	0	1134.00420	183.35821	244.78489	144.06716
AD73	103	1	1289.13536	235.74627	450.28332	193.43284
AD73	104	0	224.63799	129.96269	0.00000	133.99254
AD73	104	1	449.27597	189.40299	192.40294	201.49254
AD73	105	0	1338.39349	94.70149	1398.19517	96.71642
AD73	105	1	1460.28227	188.39552	1551.31165	165.22388
AD73	106	0	1298.09969	221.64179	1402.22455	195.44776
AD73	106	1	1430.06191	241.79104	1552.31899	218.61940
AD73	107	0	862.04617	168.24627	895.62749	175.29851
AD73	107	1	1036.31689	160.18657	1055.79538	166.23134
AD73	108	0	933.56768	225.67164	1011.47219	225.67164
AD73	108	1	1071.57398	228.69403	1152.50052	225.67164
AD73	109	0	1226.65163	118.88060	1208.12907	113.84328
AD73	109	1	1403.94439	109.81343	1381.39244	99.73881
AD73	110	0	1011.07975	353.61940	1043.93179	351.60448
AD73	110	1	1183.33578	372.76119	1203.09234	360.67164
AD73	111	0	1227.65897	324.40299	1270.58447	329.44030
AD73	111	1	1385.81217	335.48507	1433.77440	326.41791
AD73	112	0	1414.31270	272.99254	1462.66527	238.52985
AD73	112	1	1578.50997	342.50746	1644.99475	295.95522
AD73	113	0	1639.95803	264.96269	1667.15635	251.86567
AD73	113	1	1822.28751	264.96269	1881.72088	230.70896
AD73	114	0	846.92340	163.20896	926.29906	166.23134
AD73	114	1	986.94439	176.30597	1058.26128	172.27612
AD73	115	0	807.63694	353.61940	923.27702	353.61940
AD73	115	1	947.65792	367.72388	1066.32004	369.73881
AD73	116	0	1544.26023	341.38060	1597.64953	336.58955
AD73	116	1	1721.55299	335.33582	1796.09654	321.47761
AD79	0	0	505.68730	918.80597	77.56558	875.48507
AD79	0	1	1176.57922	711.26866	777.67051	693.13433
AD79	1	0	939.22560	1032.64925	964.01154	1031.64179
AD79	1	1	1150.76810	1021.56716	1179.58342	1043.73134
AD79	2	0	769.71144	977.23881	770.36516	967.16418
AD79	2	1	971.18048	1014.51493	976.87093	1017.53731
AD79	3	0	683.74711	903.69403	788.99685	899.66418
AD79	3	1	1067.32739	952.05224	1142.82791	964.14179
AD79	4	0	1041.59496	685.07463	682.98006	662.91045
AD79	4	1	1738.67786	989.32836	1317.60756	987.31343
AD79	5	0	291.12277	907.72388	455.32004	886.56716
AD79	5	1	532.88562	897.64925	664.84785	886.56716
