"Sample","Family","Genus","Species","Count","Stage","Caabcode"
11212,"Carcharhinidae","Carcharhinus","amblyrhynchos",1,"AD",37018030
11212,"Carcharhinidae","Carcharhinus","melanopterus",1,"AD",37018036
11212,"Carcharhinidae","Triaenodon","obesus",2,"AD",37018038
11212,"Serranidae","Epinephelus","fuscoguttatus",1,"AD",37311021
11212,"Serranidae","Plectropomus","leopardus",3,"AD",37311078
11212,"Serranidae","Cephalopholis","cyanostigma",2,"AD",37311136
11212,"Echeneidae","Echeneis","naucrates",4,"JUV",37336001
11212,"Carangidae","Caranx","ignobilis",15,"AD",37337027
11212,"Lutjanidae","Lutjanus","carponotatus",2,"AD",37346011
11212,"Caesionidae","Caesio","cuning",20,"AD",37346018
11212,"Caesionidae","Caesio","caerulaurea",3,"AD",37346024
11212,"Haemulidae","Plectorhinchus","multivittatus",1,"AD",37350018
11212,"Lethrinidae","Lethrinus","atkinsoni",1,"AD",37351013
11212,"Chaetodontidae","Coradion","chrysozonus",1,"AD",37365004
11212,"Pomacanthidae","Chaetodontoplus","duboulayi",1,"AD",37365009
11212,"Pomacanthidae","Pomacanthus","sexstriatus",1,"AD",37365010
11212,"Chaetodontidae","Chaetodon","aureofasciatus",1,"AD",37365013
11212,"Chaetodontidae","Chaetodon","auriga",1,"AD",37365019
11212,"Chaetodontidae","Chaetodon","rainfordi",1,"AD",37365053
11212,"Chaetodontidae","Chaetodon","lunulatus",1,"AD",37365059
11212,"Pomacentridae","Abudefduf","bengalensis",2,"AD",37372003
11212,"Pomacentridae","Acanthochromis","polyacanthus",1,"AD",37372015
11212,"Pomacentridae","Hemiglyphidodon","plagiometopon",1,"AD",37372081
11212,"Pomacentridae","Neoglyphidodon","nigroris",2,"AD",37372085
11212,"Pomacentridae","Pomacentrus","moluccensis",7,"AD",37372118
11212,"Labridae","Labroides","dimidiatus",1,"AD",37384028
11212,"Labridae","Oxycheilinus","digramma",1,"AD",37384065
11212,"Labridae","Cheilinus","fasciatus",1,"AD",37384066
11212,"Labridae","Choerodon","fasciatus",3,"AD",37384073
11212,"Labridae","Cirrhilabrus","punctatus",40,"AD",37384083
11212,"Labridae","Epibulus","insidiator",1,"AD",37384104
11212,"Labridae","Scarus","rubroviolaceus",1,"AD",37386028
11212,"Labridae","Chlorurus","sordidus",2,"AD",37386030
11212,"Acanthuridae","Acanthurus","grammoptilus",1,"AD",37437002
11212,"Acanthuridae","Naso","vlamingii",1,"AD",37437032
11212,"Siganidae","Siganus","argenteus",6,"AD",37438007
11212,"Siganidae","Siganus","doliatus",4,"AD",37438009
11212,"Siganidae","Siganus","lineatus",1,"AD",37438010
11212,"Siganidae","Siganus","puellus",2,"AD",37438011
11213,"Carcharhinidae","Galeocerdo","cuvier",1,"AD",37018022
11213,"Carcharhinidae","Carcharhinus","amblyrhynchos",1,"AD",37018030
11213,"Carcharhinidae","Carcharhinus","melanopterus",1,"AD",37018036
11213,"Serranidae","Plectropomus","leopardus",1,"AD",37311078
11213,"Serranidae","Plectropomus","leopardus",3,"JUV",37311078
11213,"Serranidae","Cephalopholis","cyanostigma",1,"AD",37311136
11213,"Pseudochromidae","Pseudochromis","fuscus",1,"AD",37313006
11213,"Echeneidae","Echeneis","naucrates",3,"JUV",37336001
11213,"Carangidae","Turrum","caeruleopinnatum",1,"AD",37337021
11213,"Lutjanidae","Lutjanus","carponotatus",2,"AD",37346011
11213,"Nemipteridae","Scolopsis","regina",1,"AD",37347006
11213,"Nemipteridae","Scolopsis","bilineata",1,"AD",37347031
11213,"Lethrinidae","Lethrinus","laticaudis",8,"JUV",37351006
11213,"Lethrinidae","Lethrinus","microdon",1,"AD",37351011
11213,"Lethrinidae","Lethrinus","atkinsoni",1,"AD",37351013
11213,"Lethrinidae","Lethrinus","obsoletus",3,"AD",37351019
11213,"Mullidae","Parupeneus","barberinus",1,"AD",37355022
11213,"Mullidae","Parupeneus","cyclostomus",1,"AD",37355025
11213,"Mullidae","Parupeneus","multifasciatus",1,"AD",37355026
11213,"Pomacanthidae","Chaetodontoplus","duboulayi",3,"AD",37365009
11213,"Pomacanthidae","Pomacanthus","sexstriatus",1,"AD",37365010
11213,"Chaetodontidae","Chaetodon","auriga",1,"AD",37365019
11213,"Chaetodontidae","Chaetodon","vagabundus",2,"AD",37365062
11213,"Pomacentridae","Acanthochromis","polyacanthus",2,"AD",37372015
11213,"Pomacentridae","Chromis","atripectoralis",1,"AD",37372036
11213,"Pomacentridae","Plectroglyphidodon","lacrymatus",2,"AD",37372101
11213,"Labridae","Choerodon","schoenleinii",3,"JUV",37384010
11213,"Labridae","Halichoeres","melanurus",1,"AD",37384032
11213,"Labridae","Cheilinus","fasciatus",2,"AD",37384066
11213,"Labridae","Choerodon","cyanodus",1,"AD",37384072
11213,"Labridae","Coris","batuensis",2,"AD",37384098
11213,"Labridae","Hemigymnus","melapterus",1,"AD",37384125
11213,"Labridae","Novaculichthys","taeniourus",2,"AD",37384140
11213,"Labridae","Pseudocheilinus","evanidus",1,"AD",37384142
11213,"Labridae","Thalassoma","lunare",1,"AD",37384167
11213,"Labridae","Scarus","ghobban",2,"JUV",37386001
11213,"Labridae","Scarus","globiceps",1,"AD",37386018
11213,"Acanthuridae","Acanthurus","blochii",5,"AD",37437007
11213,"Acanthuridae","Acanthurus","nigricauda",1,"AD",37437013
11213,"Siganidae","Siganus","punctatus",1,"AD",37438003
11213,"Siganidae","Siganus","argenteus",2,"AD",37438007
11213,"Siganidae","Siganus","doliatus",2,"AD",37438016
11213,"Balistidae","Abalistes","stellatus",1,"AD",37465011
11214,"Carcharhinidae","Carcharhinus","amblyrhynchos",2,"AD",37018030
11214,"Carcharhinidae","Triaenodon","obesus",1,"AD",37018038
11214,"Serranidae","Plectropomus","leopardus",2,"AD",37311078
11214,"Serranidae","Cephalopholis","cyanostigma",1,"AD",37311136
11214,"Echeneidae","Echeneis","naucrates",2,"JUV",37336001
11214,"Carangidae","Atropus","mentalis",1,"AD",37337048
11214,"Lutjanidae","Lutjanus","carponotatus",5,"AD",37346011
11214,"Caesionidae","Caesio","cuning",24,"AD",37346018
11214,"Caesionidae","Pterocaesio","marri",11,"AD",37346068
11214,"Lethrinidae","Lethrinus","laticaudis",6,"AD",37351006
11214,"Mullidae","Parupeneus","barberinoides",1,"AD",37355021
11214,"Mullidae","Parupeneus","barberinus",1,"AD",37355022
11214,"Mullidae","Parupeneus","ciliatus",1,"AD",37355024
11214,"Chaetodontidae","Chelmon","marginalis",1,"AD",37365007
11214,"Pomacanthidae","Chaetodontoplus","duboulayi",1,"AD",37365009
11214,"Pomacanthidae","Pomacanthus","sexstriatus",2,"AD",37365010
11214,"Chaetodontidae","Chaetodon","aureofasciatus",1,"AD",37365013
11214,"Chaetodontidae","Chaetodon","lineolatus",2,"AD",37365041
11214,"Chaetodontidae","Chaetodon","melannotus",1,"AD",37365043
11214,"Chaetodontidae","Chaetodon","lunulatus",2,"AD",37365059
11214,"Chaetodontidae","Chaetodon","ulietensis",2,"AD",37365060
11214,"Chaetodontidae","Chaetodon","vagabundus",1,"AD",37365062
11214,"Pomacentridae","Abudefduf","bengalensis",4,"AD",37372003
11214,"Labridae","Choerodon","schoenleinii",1,"AD",37384010
11214,"Labridae","Cheilinus","fasciatus",1,"AD",37384066
11214,"Labridae","Choerodon","cyanodus",1,"AD",37384072
11214,"Labridae","Coris","gaimard",2,"AD",37384094
11214,"Labridae","Hemigymnus","melapterus",1,"AD",37384125
11214,"Labridae","Pseudocheilinus","evanidus",1,"AD",37384142
11214,"Labridae","Scarus","ghobban",1,"AD",37386001
11214,"Labridae","Scarus","globiceps",8,"AD",37386018
11214,"Labridae","Chlorurus","microrhinos",2,"AD",37386020
11214,"Labridae","Scarus","rivulatus",8,"AD",37386027
11214,"Labridae","Scarus","schlegeli",4,"AD",37386029
11214,"Labridae","Chlorurus","sordidus",3,"AD",37386030
11214,"Acanthuridae","Acanthurus","grammoptilus",1,"AD",37437002
11214,"Acanthuridae","Acanthurus","blochii",3,"AD",37437007
11214,"Acanthuridae","Acanthurus","nigricauda",3,"AD",37437013
11214,"Acanthuridae","Naso","annulatus",4,"AD",37437024
11214,"Acanthuridae","Naso","unicornis",1,"AD",37437031
11214,"Siganidae","Siganus","corallinus",1,"AD",37438008
11214,"Siganidae","Siganus","doliatus",3,"AD",37438016
11214,"Scombridae","Grammatorcynus","bicarinatus",1,"AD",37441025
11215,"Carcharhinidae","Carcharhinus","melanopterus",1,"AD",37018036
11215,"Carcharhinidae","Triaenodon","obesus",2,"AD",37018038
11215,"Serranidae","Plectropomus","leopardus",3,"AD",37311078
11215,"Serranidae","Cephalopholis","cyanostigma",2,"AD",37311136
11215,"Echeneidae","Echeneis","naucrates",2,"JUV",37336001
11215,"Lutjanidae","Lutjanus","carponotatus",4,"AD",37346011
11215,"Caesionidae","Caesio","cuning",3,"AD",37346018
11215,"Nemipteridae","Scolopsis","regina",1,"AD",37347006
11215,"Lethrinidae","Lethrinus","laticaudis",3,"AD",37351006
11215,"Mullidae","Parupeneus","multifasciatus",1,"AD",37355026
11215,"Chaetodontidae","Chelmon","marginalis",2,"AD",37365007
11215,"Pomacanthidae","Chaetodontoplus","duboulayi",1,"AD",37365009
11215,"Chaetodontidae","Chaetodon","aureofasciatus",1,"AD",37365013
11215,"Chaetodontidae","Chaetodon","ephippium",2,"AD",37365037
11215,"Chaetodontidae","Chaetodon","lineolatus",1,"AD",37365041
11215,"Chaetodontidae","Chaetodon","lunulatus",2,"AD",37365059
11215,"Pomacanthidae","Pomacanthus","semicirculatus",1,"AD",37365080
11215,"Pomacentridae","Abudefduf","bengalensis",1,"AD",37372003
11215,"Pomacentridae","Abudefduf","sexfasciatus",9,"AD",37372011
11215,"Pomacentridae","Acanthochromis","polyacanthus",3,"AD",37372015
11215,"Pomacentridae","Amblyglyphidodon","curacao",1,"AD",37372017
11215,"Pomacentridae","Chromis","ternatensis",1,"AD",37372051
11215,"Pomacentridae","Stegastes","nigricans",1,"AD",37372135
11215,"Labridae","Choerodon","schoenleinii",1,"AD",37384010
11215,"Labridae","Choerodon","schoenleinii",1,"JUV",37384010
11215,"Labridae","Bodianus","axillaris",1,"AD",37384053
11215,"Labridae","Oxycheilinus","digramma",1,"AD",37384065
11215,"Labridae","Cheilinus","fasciatus",1,"AD",37384066
11215,"Labridae","Cheilinus","oxycephalus",1,"AD",37384067
11215,"Labridae","Choerodon","cyanodus",2,"AD",37384072
11215,"Labridae","Choerodon","fasciatus",2,"AD",37384073
11215,"Labridae","Epibulus","insidiator",1,"AD",37384104
11215,"Labridae","Hemigymnus","melapterus",2,"AD",37384125
11215,"Labridae","Labrichthys","unilineatus",1,"AD",37384129
11215,"Labridae","Pseudocheilinus","evanidus",1,"AD",37384142
11215,"Labridae","Thalassoma","lunare",1,"AD",37384167
11215,"Labridae","Thalassoma","nigrofasciatum",1,"AD",37384196
11215,"Labridae","Chlorurus","bleekeri",6,"AD",37386011
11215,"Labridae","Scarus","chameleon",1,"AD",37386012
11215,"Labridae","Scarus","flavipectoralis",1,"AD",37386014
11215,"Labridae","Scarus","frenatus",1,"AD",37386016
11215,"Labridae","Scarus","globiceps",8,"AD",37386018
11215,"Labridae","Chlorurus","microrhinos",1,"AD",37386020
11215,"Labridae","Scarus","niger",2,"AD",37386021
11215,"Labridae","Scarus","rivulatus",9,"AD",37386027
11215,"Labridae","Chlorurus","sordidus",4,"AD",37386030
11215,"Acanthuridae","Acanthurus","blochii",1,"AD",37437007
11215,"Acanthuridae","Ctenochaetus","striatus",2,"AD",37437022
11215,"Acanthuridae","Naso","vlamingii",1,"AD",37437032
11215,"Acanthuridae","Zebrasoma","scopas",2,"AD",37437036
11215,"Siganidae","Siganus","punctatus",1,"AD",37438003
11215,"Siganidae","Siganus","argenteus",6,"AD",37438007
11215,"Siganidae","Siganus","corallinus",4,"AD",37438008
11215,"Siganidae","Siganus","puellus",2,"AD",37438011
11215,"Monacanthidae","Aluterus","scriptus",1,"AD",37465045
11216,"Carcharhinidae","Carcharhinus","amblyrhynchos",3,"AD",37018030
11216,"Carcharhinidae","Carcharhinus","melanopterus",1,"AD",37018036
11216,"Carcharhinidae","Triaenodon","obesus",1,"AD",37018038
11216,"Serranidae","Epinephelus","fuscoguttatus",1,"JUV",37311021
11216,"Serranidae","Plectropomus","leopardus",1,"AD",37311078
11216,"Glaucosomatidae","Glaucosoma","magnificum",1,"AD",37320002
11216,"Echeneidae","Echeneis","naucrates",4,"AD",37336001
11216,"Carangidae","Caranx","ignobilis",5,"AD",37337027
11216,"Carangidae","Turrum","fulvoguttatus",1,"AD",37337037
11216,"Lutjanidae","Lutjanus","carponotatus",1,"AD",37346011
11216,"Lutjanidae","Symphorus","nematophorus",1,"AD",37346017
11216,"Caesionidae","Caesio","cuning",100,"AD",37346018
11216,"Caesionidae","Pterocaesio","marri",40,"AD",37346068
11216,"Lethrinidae","Lethrinus","laticaudis",1,"AD",37351006
11216,"Lethrinidae","Lethrinus","atkinsoni",1,"AD",37351013
11216,"Siganidae","Siganus","javus",1,"AD",37438005
11216,"Balistidae","Abalistes","stellatus",1,"AD",37465011
11217,"Carcharhinidae","Carcharhinus","amblyrhynchos",1,"AD",37018030
11217,"Carcharhinidae","Triaenodon","obesus",1,"AD",37018038
11217,"Serranidae","Epinephelus","coeruleopunctatus",1,"AD",37311070
11217,"Serranidae","Plectropomus","leopardus",2,"AD",37311078
11217,"Serranidae","Cephalopholis","cyanostigma",2,"AD",37311136
11217,"Echeneidae","Echeneis","naucrates",1,"JUV",37336001
11217,"Carangidae","Caranx","ignobilis",2,"AD",37337027
11217,"Carangidae","Turrum","fulvoguttatus",2,"AD",37337037
11217,"Lutjanidae","Lutjanus","vitta",2,"AD",37346003
11217,"Lutjanidae","Lutjanus","carponotatus",4,"AD",37346011
11217,"Caesionidae","Caesio","cuning",31,"AD",37346018
11217,"Lutjanidae","Lutjanus","monostigma",1,"AD",37346045
11217,"Haemulidae","Diagramma","pictum",2,"AD",37350003
11217,"Haemulidae","Plectorhinchus","multivittatus",1,"AD",37350018
11217,"Lethrinidae","Lethrinus","laticaudis",3,"AD",37351006
11217,"Lethrinidae","Lethrinus","rubrioperculatus",1,"AD",37351012
11217,"Lethrinidae","Lethrinus","atkinsoni",1,"AD",37351013
11217,"Mullidae","Parupeneus","ciliatus",1,"AD",37355024
11217,"Mullidae","Parupeneus","cyclostomus",3,"AD",37355025
11217,"Mullidae","Parupeneus","multifasciatus",1,"AD",37355026
11217,"Chaetodontidae","Coradion","chrysozonus",2,"AD",37365004
11217,"Pomacanthidae","Chaetodontoplus","duboulayi",2,"AD",37365009
11217,"Pomacanthidae","Pomacanthus","sexstriatus",1,"AD",37365010
11217,"Chaetodontidae","Chaetodon","aureofasciatus",1,"AD",37365013
11217,"Chaetodontidae","Chaetodon","auriga",1,"AD",37365019
11217,"Chaetodontidae","Chaetodon","ephippium",1,"AD",37365037
11217,"Pomacanthidae","Chaetodontoplus","meredithi",1,"AD",37365065
11217,"Pomacentridae","Abudefduf","bengalensis",1,"AD",37372003
11217,"Pomacentridae","Pomacentrus","amboinensis",1,"AD",37372106
11217,"Pomacentridae","Pomacentrus","brachialis",1,"AD",37372109
11217,"Pomacentridae","Pomacentrus","nagasakiensis",5,"AD",37372119
11217,"Pomacentridae","Pomacentrus","philippinus",2,"AD",37372123
11217,"Pomacentridae","Stegastes","nigricans",1,"AD",37372135
11217,"Labridae","Choerodon","schoenleinii",2,"AD",37384010
11217,"Labridae","Choerodon","schoenleinii",2,"JUV",37384010
11217,"Labridae","Labroides","dimidiatus",3,"AD",37384028
11217,"Labridae","Halichoeres","melanurus",1,"AD",37384032
11217,"Labridae","Cheilinus","fasciatus",2,"AD",37384066
11217,"Labridae","Choerodon","cyanodus",1,"AD",37384072
11217,"Labridae","Choerodon","fasciatus",2,"AD",37384073
11217,"Labridae","Cirrhilabrus","punctatus",12,"AD",37384083
11217,"Labridae","Coris","batuensis",1,"AD",37384098
11217,"Labridae","Epibulus","insidiator",1,"AD",37384104
11217,"Labridae","Halichoeres","marginatus",2,"AD",37384114
11217,"Labridae","Halichoeres","prosopeion",1,"AD",37384120
11217,"Labridae","Hemigymnus","melapterus",1,"AD",37384125
11217,"Labridae","Scarus","ghobban",3,"AD",37386001
11217,"Labridae","Scarus","flavipectoralis",2,"AD",37386014
11217,"Labridae","Scarus","rivulatus",3,"AD",37386027
11217,"Acanthuridae","Acanthurus","grammoptilus",1,"AD",37437002
11217,"Siganidae","Siganus","argenteus",3,"AD",37438007
11217,"Siganidae","Siganus","doliatus",2,"AD",37438016
11217,"Nemipteridae","Scolopsis","margaritifera",1,"AD",37992119
11218,"Carcharhinidae","Carcharhinus","amblyrhynchos",1,"AD",37018030
11218,"Serranidae","Cephalopholis","boenak",2,"AD",37311008
11218,"Serranidae","Plectropomus","leopardus",1,NA,37311078
11218,"Serranidae","Plectropomus","leopardus",1,"AD",37311078
11218,"Carangidae","Caranx","ignobilis",2,"AD",37337027
11218,"Lutjanidae","Lutjanus","carponotatus",1,"AD",37346011
11218,"Caesionidae","Caesio","cuning",7,"AD",37346018
11218,"Nemipteridae","Scolopsis","bilineata",2,"AD",37347031
11218,"Lethrinidae","Lethrinus","laticaudis",5,"AD",37351006
11218,"Lethrinidae","Lethrinus","atkinsoni",4,"AD",37351013
11218,"Mullidae","Parupeneus","barberinoides",1,"AD",37355021
11218,"Mullidae","Parupeneus","multifasciatus",1,"AD",37355026
11218,"Chaetodontidae","Coradion","chrysozonus",1,"AD",37365004
11218,"Pomacanthidae","Chaetodontoplus","duboulayi",1,"AD",37365009
11218,"Pomacanthidae","Pomacanthus","sexstriatus",1,"AD",37365010
11218,"Chaetodontidae","Chaetodon","lineolatus",2,"AD",37365041
11218,"Chaetodontidae","Chaetodon","rainfordi",3,"AD",37365053
11218,"Chaetodontidae","Chaetodon","vagabundus",1,"AD",37365062
11218,"Pomacentridae","Abudefduf","whitleyi",1,"AD",37372014
11218,"Pomacentridae","Acanthochromis","polyacanthus",1,"AD",37372015
11218,"Pomacentridae","Pomacentrus","coelestis",4,"AD",37372111
11218,"Pomacentridae","Pomacentrus","lepidogenys",1,"AD",37372114
11218,"Pomacentridae","Pomacentrus","wardi",3,"AD",37372127
11218,"Pomacentridae","Stegastes","apicalis",1,"AD",37372131
11218,"Labridae","Choerodon","schoenleinii",2,"AD",37384010
11218,"Labridae","Choerodon","schoenleinii",1,"JUV",37384010
11218,"Labridae","Labroides","dimidiatus",1,"AD",37384028
11218,"Labridae","Oxycheilinus","digramma",1,"AD",37384065
11218,"Labridae","Cheilinus","fasciatus",1,"AD",37384066
11218,"Labridae","Choerodon","cyanodus",1,"AD",37384072
11218,"Labridae","Choerodon","fasciatus",1,"AD",37384073
11218,"Labridae","Hemigymnus","melapterus",1,"AD",37384125
11218,"Labridae","Thalassoma","lunare",1,"AD",37384167
11218,"Labridae","Scarus","flavipectoralis",4,"AD",37386014
11218,"Labridae","Scarus","frenatus",2,"AD",37386016
11218,"Labridae","Scarus","rivulatus",14,"AD",37386027
11218,"Labridae","Chlorurus","sordidus",4,"AD",37386030
11218,"Acanthuridae","Acanthurus","grammoptilus",9,"AD",37437002
11218,"Acanthuridae","Acanthurus","triostegus",2,"AD",37437019
11218,"Acanthuridae","Ctenochaetus","striatus",1,"AD",37437022
11218,"Acanthuridae","Naso","annulatus",1,"JUV",37437024
11218,"Siganidae","Siganus","punctatus",4,"AD",37438003
11218,"Siganidae","Siganus","argenteus",9,"AD",37438007
11218,"Siganidae","Siganus","corallinus",2,"AD",37438008
11218,"Siganidae","Siganus","doliatus",2,"AD",37438016
11218,"Balistidae","Balistoides","viridescens",1,"AD",37465048
11218,"Nemipteridae","Scolopsis","margaritifera",2,"AD",37992119
11219,"Carcharhinidae","Carcharhinus","amblyrhynchos",1,"AD",37018030
11219,"Serranidae","Plectropomus","leopardus",1,"AD",37311078
11219,"Serranidae","Plectropomus","leopardus",1,"JUV",37311078
11219,"Serranidae","Cephalopholis","cyanostigma",1,"AD",37311136
11219,"Grammistidae","Diploprion","bifasciatum",1,"AD",37312002
11219,"Echeneidae","Echeneis","naucrates",1,"JUV",37336001
11219,"Carangidae","Gnathanodon","speciosus",4,"AD",37337012
11219,"Carangidae","Turrum","fulvoguttatus",16,"AD",37337037
11219,"Lutjanidae","Lutjanus","carponotatus",1,"AD",37346011
11219,"Caesionidae","Caesio","cuning",18,"AD",37346018
11219,"Lethrinidae","Lethrinus","laticaudis",2,"AD",37351006
11219,"Mullidae","Parupeneus","multifasciatus",1,"AD",37355026
11219,"Chaetodontidae","Chelmon","marginalis",2,"AD",37365007
11219,"Pomacanthidae","Chaetodontoplus","duboulayi",1,"AD",37365009
11219,"Pomacanthidae","Pomacanthus","sexstriatus",2,"AD",37365010
11219,"Chaetodontidae","Chaetodon","ephippium",2,"AD",37365037
11219,"Chaetodontidae","Chaetodon","lineolatus",2,"AD",37365041
11219,"Chaetodontidae","Chaetodon","rainfordi",1,"AD",37365053
11219,"Chaetodontidae","Chaetodon","vagabundus",2,"AD",37365062
11219,"Pomacentridae","Pomacentrus","wardi",3,"JUV",37372127
11219,"Labridae","Choerodon","schoenleinii",1,"AD",37384010
11219,"Labridae","Choerodon","schoenleinii",1,"JUV",37384010
11219,"Labridae","Cheilinus","fasciatus",2,"AD",37384066
11219,"Labridae","Choerodon","anchorago",1,"AD",37384071
11219,"Labridae","Choerodon","cyanodus",1,"AD",37384072
11219,"Labridae","Hemigymnus","melapterus",1,"AD",37384125
11219,"Labridae","Novaculichthys","taeniourus",1,"AD",37384140
11219,"Labridae","Pseudocheilinus","evanidus",3,"JUV",37384142
11219,"Labridae","Cetoscarus","ocellatus",1,"AD",37386007
11219,"Labridae","Chlorurus","microrhinos",3,"AD",37386020
11219,"Labridae","Scarus","rivulatus",9,"AD",37386027
11219,"Labridae","Chlorurus","sordidus",5,"AD",37386030
11219,"Acanthuridae","Acanthurus","grammoptilus",7,"AD",37437002
11219,"Acanthuridae","Naso","unicornis",1,"AD",37437031
11219,"Acanthuridae","Naso","tonganus",22,"AD",37437047
11219,"Siganidae","Siganus","punctatus",3,"AD",37438003
11219,"Siganidae","Siganus","argenteus",3,"AD",37438007
11219,"Siganidae","Siganus","doliatus",2,"AD",37438016
11220,"Carcharhinidae","Carcharhinus","amblyrhynchos",1,"AD",37018030
11220,"Serranidae","Epinephelus","quoyanus",1,"AD",37311040
11220,"Serranidae","Plectropomus","leopardus",2,"JUV",37311078
11220,"Nemipteridae","Scolopsis","regina",1,"AD",37347006
11220,"Mullidae","Parupeneus","indicus",1,"AD",37355005
11220,"Pomacentridae","Pomacentrus","bankanensis",3,"AD",37372108
11220,"Labridae","Choerodon","schoenleinii",2,"JUV",37384010
11220,"Labridae","Cheilinus","oxycephalus",1,"AD",37384067
11220,"Labridae","Choerodon","cyanodus",2,"AD",37384072
11220,"Labridae","Hemigymnus","melapterus",2,"AD",37384125
11220,"Labridae","Scarus","frenatus",5,"JUV",37386016
11220,"Siganidae","Siganus","punctatus",3,"AD",37438003
11220,"Siganidae","Siganus","argenteus",6,"AD",37438007
11221,"Carcharhinidae","Carcharhinus","melanopterus",1,"AD",37018036
11221,"Carcharhinidae","Triaenodon","obesus",1,"AD",37018038
11221,"Serranidae","Epinephelus","fuscoguttatus",1,"AD",37311021
11221,"Serranidae","Plectropomus","leopardus",3,"AD",37311078
11221,"Serranidae","Plectropomus","leopardus",1,"JUV",37311078
11221,"Serranidae","Cephalopholis","cyanostigma",2,"AD",37311136
11221,"Echeneidae","Echeneis","naucrates",1,"JUV",37336001
11221,"Carangidae","Caranx","melampygus",2,"AD",37337050
11221,"Lutjanidae","Lutjanus","carponotatus",2,"AD",37346011
11221,"Caesionidae","Caesio","cuning",6,"AD",37346018
11221,"Caesionidae","Caesio","cuning",4,"JUV",37346018
11221,"Lutjanidae","Lutjanus","fulviflamma",2,"AD",37346034
11221,"Nemipteridae","Scolopsis","bilineata",1,"AD",37347031
11221,"Haemulidae","Plectorhinchus","multivittatus",1,"AD",37350018
11221,"Lethrinidae","Lethrinus","laticaudis",3,"AD",37351006
11221,"Lethrinidae","Lethrinus","atkinsoni",1,"AD",37351013
11221,"Mullidae","Parupeneus","multifasciatus",1,"AD",37355026
11221,"Chaetodontidae","Chelmon","marginalis",1,"AD",37365007
11221,"Pomacanthidae","Chaetodontoplus","duboulayi",1,"AD",37365009
11221,"Pomacanthidae","Pomacanthus","sexstriatus",1,"AD",37365010
11221,"Chaetodontidae","Chaetodon","aureofasciatus",2,"AD",37365013
11221,"Chaetodontidae","Chaetodon","aureofasciatus",1,"JUV",37365013
11221,"Chaetodontidae","Chaetodon","auriga",1,"AD",37365019
11221,"Chaetodontidae","Chaetodon","ephippium",1,"AD",37365037
11221,"Chaetodontidae","Chaetodon","lineolatus",2,"AD",37365041
11221,"Pomacentridae","Abudefduf","whitleyi",1,"AD",37372014
11221,"Pomacentridae","Acanthochromis","polyacanthus",1,"AD",37372015
11221,"Pomacentridae","Amblyglyphidodon","curacao",6,"AD",37372017
11221,"Pomacentridae","Amblyglyphidodon","curacao",4,"JUV",37372017
11221,"Pomacentridae","Chrysiptera","rollandi",1,"AD",37372067
11221,"Pomacentridae","Dischistodus","prosopotaenia",1,"AD",37372079
11221,"Pomacentridae","Neoglyphidodon","nigroris",2,"AD",37372085
11221,"Pomacentridae","Pomacentrus","moluccensis",3,"JUV",37372118
11221,"Pomacentridae","Pomacentrus","wardi",2,"AD",37372127
11221,"Labridae","Choerodon","schoenleinii",1,"AD",37384010
11221,"Labridae","Choerodon","schoenleinii",1,"JUV",37384010
11221,"Labridae","Labroides","dimidiatus",4,"AD",37384028
11221,"Labridae","Cheilinus","fasciatus",1,"AD",37384066
11221,"Labridae","Choerodon","cyanodus",1,"AD",37384072
11221,"Labridae","Choerodon","fasciatus",2,"AD",37384073
11221,"Labridae","Halichoeres","biocellatus",2,"AD",37384107
11221,"Labridae","Hemigymnus","melapterus",2,"AD",37384125
11221,"Labridae","Labrichthys","unilineatus",1,"AD",37384129
11221,"Labridae","Novaculichthys","taeniourus",1,"AD",37384140
11221,"Labridae","Thalassoma","lunare",4,"JUV",37384167
11221,"Labridae","Scarus","flavipectoralis",1,"AD",37386014
11221,"Labridae","Chlorurus","microrhinos",1,"JUV",37386020
11221,"Labridae","Scarus","rivulatus",5,"AD",37386027
11221,"Labridae","Chlorurus","sordidus",1,"AD",37386030
11221,"Labridae","Chlorurus","sordidus",2,"JUV",37386030
11221,"Acanthuridae","Acanthurus","grammoptilus",1,"AD",37437002
11221,"Acanthuridae","Naso","annulatus",1,"AD",37437024
11221,"Acanthuridae","Zebrasoma","veliferum",1,"AD",37437037
11221,"Siganidae","Siganus","doliatus",1,"AD",37438016
11221,"Nemipteridae","Scolopsis","margaritifera",2,"AD",37992119
11222,"Carcharhinidae","Galeocerdo","cuvier",1,"AD",37018022
11222,"Carcharhinidae","Carcharhinus","amblyrhynchos",2,"AD",37018030
11222,"Dasyatidae","Taeniura","lymma",1,"AD",37035009
11222,"Serranidae","Plectropomus","leopardus",2,"AD",37311078
11222,"Serranidae","Cephalopholis","cyanostigma",3,"AD",37311136
11222,"Grammistidae","Diploprion","bifasciatum",1,"AD",37312002
11222,"Echeneidae","Echeneis","naucrates",2,"AD",37336001
11222,"Echeneidae","Echeneis","naucrates",3,"JUV",37336001
11222,"Carangidae","Turrum","fulvoguttatus",1,"AD",37337037
11222,"Lutjanidae","Lutjanus","carponotatus",1,"AD",37346011
11222,"Caesionidae","Caesio","cuning",3,"AD",37346018
11222,"Caesionidae","Pterocaesio","marri",11,"AD",37346068
11222,"Nemipteridae","Scolopsis","regina",1,"AD",37347006
11222,"Nemipteridae","Scolopsis","bilineata",2,"AD",37347031
11222,"Haemulidae","Diagramma","pictum",1,"AD",37350003
11222,"Lethrinidae","Lethrinus","laticaudis",9,"AD",37351006
11222,"Mullidae","Parupeneus","multifasciatus",1,"AD",37355026
11222,"Chaetodontidae","Chelmon","marginalis",1,"AD",37365007
11222,"Pomacanthidae","Chaetodontoplus","duboulayi",1,"AD",37365009
11222,"Pomacanthidae","Pomacanthus","sexstriatus",1,"AD",37365010
11222,"Chaetodontidae","Chaetodon","auriga",1,"AD",37365019
11222,"Chaetodontidae","Chaetodon","rainfordi",1,"AD",37365053
11222,"Pomacentridae","Acanthochromis","polyacanthus",2,"AD",37372015
11222,"Pomacentridae","Dischistodus","prosopotaenia",1,"AD",37372079
11222,"Pomacentridae","Pomacentrus","bankanensis",1,"AD",37372108
11222,"Labridae","Choerodon","schoenleinii",1,"AD",37384010
11222,"Labridae","Choerodon","schoenleinii",1,"JUV",37384010
11222,"Labridae","Labroides","dimidiatus",1,"AD",37384028
11222,"Labridae","Oxycheilinus","digramma",1,"AD",37384065
11222,"Labridae","Cheilinus","fasciatus",1,"AD",37384066
11222,"Labridae","Choerodon","cyanodus",1,"AD",37384072
11222,"Labridae","Coris","batuensis",2,"AD",37384098
11222,"Labridae","Hemigymnus","melapterus",1,"AD",37384125
11222,"Labridae","Scarus","rivulatus",2,"AD",37386027
11222,"Labridae","Scarus","schlegeli",3,"AD",37386029
11222,"Acanthuridae","Acanthurus","grammoptilus",4,"AD",37437002
11222,"Acanthuridae","Acanthurus","nigricauda",1,"AD",37437013
11222,"Siganidae","Siganus","punctatus",2,"AD",37438003
11222,"Siganidae","Siganus","doliatus",2,"AD",37438016
11223,"Carcharhinidae","Carcharhinus","amblyrhynchos",2,"AD",37018030
11223,"Carcharhinidae","Carcharhinus","melanopterus",1,"AD",37018036
11223,"Holocentridae","Sargocentron","rubrum",1,"AD",37261001
11223,"Serranidae","Cephalopholis","boenak",2,"AD",37311008
11223,"Serranidae","Plectropomus","leopardus",2,"AD",37311078
11223,"Serranidae","Plectropomus","leopardus",3,"JUV",37311078
11223,"Serranidae","Cephalopholis","cyanostigma",3,"AD",37311136
11223,"Rachycentridae","Rachycentron","canadum",1,"AD",37335001
11223,"Echeneidae","Echeneis","naucrates",1,"AD",37336001
11223,"Echeneidae","Echeneis","naucrates",1,"JUV",37336001
11223,"Lutjanidae","Lutjanus","carponotatus",4,"AD",37346011
11223,"Caesionidae","Caesio","cuning",7,"AD",37346018
11223,"Nemipteridae","Scolopsis","bilineata",1,"AD",37347031
11223,"Haemulidae","Diagramma","pictum",1,"AD",37350003
11223,"Lethrinidae","Lethrinus","laticaudis",5,"AD",37351006
11223,"Ephippidae","Platax","orbicularis",1,"AD",37362007
11223,"Pomacanthidae","Pomacanthus","sexstriatus",2,"AD",37365010
11223,"Chaetodontidae","Chaetodon","aureofasciatus",2,"AD",37365013
11223,"Chaetodontidae","Chaetodon","auriga",1,"AD",37365019
11223,"Chaetodontidae","Chaetodon","rainfordi",1,"AD",37365053
11223,"Chaetodontidae","Chaetodon","lunulatus",1,"AD",37365059
11223,"Pomacentridae","Abudefduf","bengalensis",1,"AD",37372003
11223,"Pomacentridae","Abudefduf","whitleyi",3,"AD",37372014
11223,"Pomacentridae","Acanthochromis","polyacanthus",2,"AD",37372015
11223,"Pomacentridae","Amblyglyphidodon","curacao",3,"AD",37372017
11223,"Pomacentridae","Neoglyphidodon","nigroris",1,"AD",37372085
11223,"Pomacentridae","Pomacentrus","brachialis",1,"AD",37372109
11223,"Pomacentridae","Pomacentrus","moluccensis",2,"AD",37372118
11223,"Pomacentridae","Pomacentrus","wardi",1,"AD",37372127
11223,"Pomacentridae","Stegastes","apicalis",1,"AD",37372131
11223,"Labridae","Choerodon","schoenleinii",2,"AD",37384010
11223,"Labridae","Choerodon","schoenleinii",1,"JUV",37384010
11223,"Labridae","Labroides","dimidiatus",3,"AD",37384028
11223,"Labridae","Halichoeres","melanurus",1,"AD",37384032
11223,"Labridae","Cheilinus","fasciatus",2,"AD",37384066
11223,"Labridae","Choerodon","cyanodus",1,"AD",37384072
11223,"Labridae","Choerodon","fasciatus",2,"AD",37384073
11223,"Labridae","Scarus","ghobban",1,"AD",37386001
11223,"Labridae","Cetoscarus","ocellatus",1,"AD",37386007
11223,"Labridae","Scarus","frenatus",1,"AD",37386016
11223,"Labridae","Chlorurus","microrhinos",2,"AD",37386020
11223,"Labridae","Scarus","niger",1,"AD",37386021
11223,"Labridae","Scarus","rivulatus",1,"AD",37386027
11223,"Acanthuridae","Acanthurus","grammoptilus",1,"AD",37437002
11223,"Acanthuridae","Acanthurus","dussumieri",1,"AD",37437008
11223,"Acanthuridae","Acanthurus","nigricauda",1,"AD",37437013
11223,"Acanthuridae","Acanthurus","xanthopterus",1,"AD",37437020
11223,"Acanthuridae","Naso","brevirostris",2,"AD",37437026
11223,"Siganidae","Siganus","punctatus",2,"AD",37438003
11223,"Siganidae","Siganus","argenteus",1,"AD",37438007
11223,"Siganidae","Siganus","corallinus",2,"AD",37438008
11223,"Siganidae","Siganus","doliatus",3,"AD",37438016
11223,"Balistidae","Balistoides","viridescens",1,"AD",37465048
11224,"Carcharhinidae","Triaenodon","obesus",1,"AD",37018038
11224,"Muraenidae","Gymnothorax","javanicus",1,"AD",37060039
11224,"Serranidae","Cephalopholis","boenak",1,"AD",37311008
11224,"Serranidae","Epinephelus","fuscoguttatus",1,"AD",37311021
11224,"Serranidae","Epinephelus","quoyanus",1,"AD",37311040
11224,"Serranidae","Epinephelus","ongus",2,"AD",37311069
11224,"Serranidae","Plectropomus","leopardus",1,"AD",37311078
11224,"Serranidae","Plectropomus","laevis",1,"JUV",37311079
11224,"Serranidae","Cephalopholis","cyanostigma",2,"AD",37311136
11224,"Carangidae","Turrum","fulvoguttatus",2,"AD",37337037
11224,"Lutjanidae","Lutjanus","carponotatus",6,"AD",37346011
11224,"Caesionidae","Caesio","cuning",22,"AD",37346018
11224,"Lutjanidae","Lutjanus","bohar",1,"AD",37346029
11224,"Caesionidae","Pterocaesio","digramma",1,"AD",37346050
11224,"Nemipteridae","Scolopsis","regina",1,"AD",37347006
11224,"Lethrinidae","Lethrinus","atkinsoni",2,"AD",37351013
11224,"Lethrinidae","Lethrinus","obsoletus",2,"AD",37351019
11224,"Lethrinidae","Monotaxis","grandoculis",1,"AD",37351026
11224,"Mullidae","Parupeneus","multifasciatus",1,"AD",37355026
11224,"Pomacanthidae","Pomacanthus","sexstriatus",1,"AD",37365010
11224,"Chaetodontidae","Chelmon","rostratus",2,"AD",37365017
11224,"Chaetodontidae","Coradion","altivelis",1,"AD",37365018
11224,"Chaetodontidae","Chaetodon","auriga",2,"AD",37365019
11224,"Chaetodontidae","Chaetodon","lineolatus",1,"AD",37365041
11224,"Chaetodontidae","Chaetodon","melannotus",1,"AD",37365043
11224,"Chaetodontidae","Chaetodon","rainfordi",1,"AD",37365053
11224,"Chaetodontidae","Chaetodon","lunulatus",1,"AD",37365059
11224,"Chaetodontidae","Chaetodon","vagabundus",2,"AD",37365062
11224,"Pomacanthidae","Pomacanthus","semicirculatus",2,"AD",37365080
11224,"Pomacentridae","Pomacentrus","adelus",2,"AD",37372104
11224,"Labridae","Labroides","dimidiatus",2,"AD",37384028
11224,"Labridae","Cheilinus","fasciatus",3,"AD",37384066
11224,"Labridae","Choerodon","fasciatus",2,"AD",37384073
11224,"Labridae","Epibulus","insidiator",1,"AD",37384104
11224,"Labridae","Hemigymnus","melapterus",1,"AD",37384125
11224,"Labridae","Stethojulis","bandanensis",1,"AD",37384154
11224,"Labridae","Thalassoma","lunare",5,"AD",37384167
11224,"Labridae","Chlorurus","bleekeri",1,"AD",37386011
11224,"Labridae","Scarus","flavipectoralis",1,"AD",37386014
11224,"Labridae","Scarus","forsteni",1,"AD",37386015
11224,"Labridae","Chlorurus","microrhinos",1,"JUV",37386020
11224,"Labridae","Scarus","niger",1,"AD",37386021
11224,"Acanthuridae","Acanthurus","grammoptilus",4,"AD",37437002
11224,"Acanthuridae","Acanthurus","nigricauda",3,"AD",37437013
11224,"Acanthuridae","Acanthurus","pyroferus",2,"AD",37437017
11224,"Acanthuridae","Ctenochaetus","striatus",1,"AD",37437022
11224,"Acanthuridae","Naso","unicornis",2,"AD",37437031
11224,"Acanthuridae","Zebrasoma","veliferum",1,"AD",37437037
11224,"Siganidae","Siganus","doliatus",4,"AD",37438009
11224,"Siganidae","Siganus","puellus",1,"AD",37438011
11224,"Scombridae","Scomberomorus","commerson",1,"AD",37441007
11224,"Monacanthidae","Aluterus","scriptus",1,"AD",37465045
11224,"Balistidae","Balistapus","undulatus",1,"AD",37465047
11224,"Balistidae","Balistoides","viridescens",1,"AD",37465048
11225,"Serranidae","Chromileptes","altivelis",1,"AD",37311044
11225,"Serranidae","Plectropomus","leopardus",3,"AD",37311078
11225,"Serranidae","Cephalopholis","argus",1,"AD",37311082
11225,"Serranidae","Cephalopholis","cyanostigma",2,"AD",37311136
11225,"Lutjanidae","Lutjanus","quinquelineatus",1,"AD",37346006
11225,"Lutjanidae","Lutjanus","carponotatus",1,"AD",37346011
11225,"Caesionidae","Caesio","cuning",18,"AD",37346018
11225,"Lutjanidae","Lutjanus","gibbus",1,"AD",37346028
11225,"Lutjanidae","Lutjanus","bohar",1,"AD",37346029
11225,"Lutjanidae","Lutjanus","fulviflamma",1,"AD",37346034
11225,"Caesionidae","Pterocaesio","marri",110,"AD",37346068
11225,"Nemipteridae","Scolopsis","regina",1,"AD",37347006
11225,"Nemipteridae","Scolopsis","bilineata",1,"AD",37347031
11225,"Lethrinidae","Lethrinus","nebulosus",1,"AD",37351008
11225,"Lethrinidae","Lethrinus","atkinsoni",1,"AD",37351013
11225,"Lethrinidae","Lethrinus","obsoletus",1,"AD",37351019
11225,"Mullidae","Parupeneus","barberinus",1,"AD",37355022
11225,"Ephippidae","Platax","orbicularis",1,"AD",37362007
11225,"Pomacanthidae","Pomacanthus","sexstriatus",1,"AD",37365010
11225,"Chaetodontidae","Chaetodon","rainfordi",1,"AD",37365053
11225,"Chaetodontidae","Chaetodon","lunulatus",2,"AD",37365059
11225,"Chaetodontidae","Chaetodon","vagabundus",2,"AD",37365062
11225,"Pomacentridae","Acanthochromis","polyacanthus",2,"AD",37372015
11225,"Pomacentridae","Amblyglyphidodon","curacao",2,"AD",37372017
11225,"Pomacentridae","Lepidozygus","tapeinosoma",1,"AD",37372082
11225,"Pomacentridae","Pomacentrus","brachialis",1,"AD",37372109
11225,"Pomacentridae","Pomacentrus","moluccensis",1,"AD",37372118
11225,"Pomacentridae","Pomacentrus","reidi",2,"AD",37372124
11225,"Labridae","Labroides","dimidiatus",2,"AD",37384028
11225,"Labridae","Anampses","meleagrides",1,"AD",37384049
11225,"Labridae","Oxycheilinus","digramma",1,"AD",37384065
11225,"Labridae","Cheilinus","fasciatus",1,"AD",37384066
11225,"Labridae","Choerodon","fasciatus",1,"AD",37384073
11225,"Labridae","Halichoeres","hortulanus",1,"AD",37384112
11225,"Labridae","Thalassoma","lunare",1,"AD",37384167
11225,"Labridae","Cetoscarus","ocellatus",1,"AD",37386007
11225,"Labridae","Chlorurus","microrhinos",1,"AD",37386020
11225,"Labridae","Scarus","schlegeli",1,"AD",37386029
11225,"Acanthuridae","Acanthurus","blochii",1,"AD",37437007
11225,"Acanthuridae","Acanthurus","nigricauda",1,"AD",37437013
11225,"Acanthuridae","Ctenochaetus","striatus",2,"AD",37437022
11225,"Siganidae","Siganus","doliatus",2,"AD",37438009
11225,"Balistidae","Balistapus","undulatus",1,"AD",37465047
11225,"Nemipteridae","Scolopsis","margaritifera",1,"AD",37992119
11226,"Serranidae","Cephalopholis","cyanostigma",1,"AD",37311136
11226,"Grammistidae","Diploprion","bifasciatum",1,"AD",37312002
11226,"Lutjanidae","Lutjanus","quinquelineatus",3,"AD",37346006
11226,"Lutjanidae","Lutjanus","carponotatus",1,"AD",37346011
11226,"Caesionidae","Caesio","cuning",6,"AD",37346018
11226,"Caesionidae","Pterocaesio","marri",12,"AD",37346068
11226,"Nemipteridae","Scolopsis","regina",1,"AD",37347006
11226,"Lethrinidae","Lethrinus","atkinsoni",1,"AD",37351013
11226,"Lethrinidae","Lethrinus","obsoletus",1,"AD",37351019
11226,"Mullidae","Parupeneus","indicus",2,"AD",37355005
11226,"Mullidae","Parupeneus","barberinus",1,"AD",37355022
11226,"Mullidae","Parupeneus","cyclostomus",1,"AD",37355025
11226,"Mullidae","Parupeneus","multifasciatus",1,"AD",37355026
11226,"Ephippidae","Platax","orbicularis",1,"AD",37362007
11226,"Pomacanthidae","Pomacanthus","sexstriatus",2,"AD",37365010
11226,"Chaetodontidae","Chelmon","rostratus",2,"AD",37365017
11226,"Chaetodontidae","Chaetodon","auriga",1,"AD",37365019
11226,"Chaetodontidae","Chaetodon","lineolatus",2,"AD",37365041
11226,"Chaetodontidae","Chaetodon","melannotus",2,"AD",37365043
11226,"Chaetodontidae","Chaetodon","lunulatus",2,"AD",37365059
11226,"Chaetodontidae","Chaetodon","vagabundus",1,"AD",37365062
11226,"Chaetodontidae","Heniochus","varius",2,"AD",37365078
11226,"Pomacentridae","Chrysiptera","rollandi",2,"AD",37372067
11226,"Pomacentridae","Neoglyphidodon","melas",1,"AD",37372084
11226,"Labridae","Cheilinus","fasciatus",1,"AD",37384066
11226,"Labridae","Choerodon","fasciatus",3,"AD",37384073
11226,"Labridae","Hemigymnus","melapterus",1,"AD",37384125
11226,"Labridae","Scarus","niger",1,"AD",37386021
11226,"Zanclidae","Zanclus","cornutus",1,"AD",37437001
11226,"Acanthuridae","Acanthurus","grammoptilus",3,"AD",37437002
11226,"Acanthuridae","Ctenochaetus","striatus",1,"AD",37437022
11226,"Acanthuridae","Zebrasoma","scopas",1,"AD",37437036
11226,"Siganidae","Siganus","doliatus",1,"AD",37438009
11226,"Siganidae","Siganus","lineatus",2,"AD",37438010
11226,"Balistidae","Balistapus","undulatus",1,"AD",37465047
11226,"Balistidae","Sufflamen","chrysopterum",1,"AD",37465079
11226,"Tetraodontidae","Arothron","stellatus",1,"AD",37467014
11227,"Serranidae","Plectropomus","leopardus",1,"AD",37311078
11227,"Serranidae","Cephalopholis","cyanostigma",2,"AD",37311136
11227,"Carangidae","Turrum","fulvoguttatus",4,"AD",37337037
11227,"Lutjanidae","Lutjanus","carponotatus",1,"AD",37346011
11227,"Lethrinidae","Lethrinus","atkinsoni",1,"AD",37351013
11227,"Pomacanthidae","Pomacanthus","sexstriatus",1,"AD",37365010
11227,"Chaetodontidae","Chelmon","rostratus",2,"AD",37365017
11227,"Chaetodontidae","Chaetodon","baronessa",2,"AD",37365034
11227,"Chaetodontidae","Chaetodon","citrinellus",2,"AD",37365036
11227,"Chaetodontidae","Chaetodon","vagabundus",2,"AD",37365062
11227,"Pomacanthidae","Pomacanthus","semicirculatus",1,"AD",37365080
11227,"Pomacentridae","Acanthochromis","polyacanthus",2,"AD",37372015
11227,"Pomacentridae","Chrysiptera","rollandi",1,"AD",37372067
11227,"Pomacentridae","Dascyllus","reticulatus",3,"AD",37372074
11227,"Pomacentridae","Pomacentrus","chrysurus",2,"AD",37372110
11227,"Pomacentridae","Pomacentrus","coelestis",3,"AD",37372111
11227,"Pomacentridae","Pomacentrus","moluccensis",4,"AD",37372118
11227,"Labridae","Labroides","dimidiatus",1,"AD",37384028
11227,"Labridae","Anampses","meleagrides",1,"AD",37384049
11227,"Labridae","Bodianus","axillaris",1,"AD",37384053
11227,"Labridae","Oxycheilinus","digramma",1,"AD",37384065
11227,"Labridae","Cheilinus","fasciatus",1,"AD",37384066
11227,"Labridae","Choerodon","anchorago",1,"AD",37384071
11227,"Labridae","Epibulus","insidiator",1,"AD",37384104
11227,"Labridae","Thalassoma","lunare",7,"AD",37384167
11227,"Labridae","Chlorurus","microrhinos",1,"AD",37386020
11227,"Acanthuridae","Acanthurus","nigricauda",1,"AD",37437013
11227,"Acanthuridae","Zebrasoma","scopas",2,"AD",37437036
11227,"Siganidae","Siganus","doliatus",2,"AD",37438016
11228,"Serranidae","Plectropomus","leopardus",4,"AD",37311078
11228,"Lutjanidae","Lutjanus","sebae",1,"AD",37346004
11228,"Lutjanidae","Lutjanus","carponotatus",1,"AD",37346011
11228,"Caesionidae","Caesio","cuning",22,"AD",37346018
11228,"Pomacanthidae","Pomacanthus","sexstriatus",2,"AD",37365010
11228,"Chaetodontidae","Chelmon","rostratus",3,"AD",37365017
11228,"Pomacanthidae","Centropyge","bicolor",1,"AD",37365022
11228,"Pomacanthidae","Centropyge","vrolikii",1,"AD",37365032
11228,"Chaetodontidae","Chaetodon","baronessa",1,"AD",37365034
11228,"Chaetodontidae","Chaetodon","melannotus",1,"AD",37365043
11228,"Chaetodontidae","Chaetodon","vagabundus",2,"AD",37365062
11228,"Pomacentridae","Neoglyphidodon","melas",1,"AD",37372084
11228,"Pomacentridae","Pomacentrus","brachialis",2,"AD",37372109
11228,"Pomacentridae","Pomacentrus","coelestis",2,"AD",37372111
11228,"Labridae","Cheilinus","undulatus",1,"JUV",37384038
11228,"Labridae","Oxycheilinus","digramma",2,"AD",37384065
11228,"Labridae","Choerodon","cyanodus",1,"AD",37384072
11228,"Labridae","Choerodon","fasciatus",2,"AD",37384073
11228,"Labridae","Halichoeres","hortulanus",1,"AD",37384112
11228,"Labridae","Thalassoma","hardwicke",1,"AD",37384165
11228,"Labridae","Thalassoma","lunare",3,"AD",37384167
11228,"Labridae","Bolbometopon","muricatum",1,"AD",37386004
11228,"Labridae","Scarus","niger",1,"AD",37386021
11228,"Acanthuridae","Acanthurus","xanthopterus",2,"AD",37437020
11228,"Acanthuridae","Ctenochaetus","striatus",2,"AD",37437022
11228,"Acanthuridae","Naso","unicornis",1,"AD",37437031
11228,"Acanthuridae","Zebrasoma","veliferum",1,"AD",37437037
11228,"Siganidae","Siganus","punctatus",2,"AD",37438003
11228,"Siganidae","Siganus","doliatus",1,"AD",37438009
11228,"Siganidae","Siganus","puellus",2,"AD",37438011
11228,"Balistidae","Sufflamen","chrysopterum",1,"AD",37465079
11229,"Carcharhinidae","Negaprion","acutidens",1,"AD",37018029
11229,"Carcharhinidae","Carcharhinus","amblyrhynchos",1,"JUV",37018030
11229,"Serranidae","Epinephelus","maculatus",1,"AD",37311011
11229,"Echeneidae","Echeneis","naucrates",3,"AD",37336001
11229,"Carangidae","Gnathanodon","speciosus",6,"AD",37337012
11229,"Nemipteridae","Scolopsis","regina",3,"AD",37347006
11229,"Lethrinidae","Lethrinus","atkinsoni",1,"AD",37351013
11229,"Lethrinidae","Lethrinus","harak",1,"AD",37351017
11229,"Lethrinidae","Lethrinus","obsoletus",3,"AD",37351019
11229,"Lethrinidae","Lethrinus","ravus",2,"AD",37351031
11229,"Mullidae","Parupeneus","indicus",1,"AD",37355005
11229,"Mullidae","Parupeneus","barberinus",2,"AD",37355022
11229,"Mullidae","Parupeneus","multifasciatus",1,"AD",37355026
11229,"Chaetodontidae","Chelmon","rostratus",1,"AD",37365017
11229,"Chaetodontidae","Chaetodon","vagabundus",2,"AD",37365062
11229,"Pomacanthidae","Chaetodontoplus","meredithi",1,"AD",37365065
11229,"Sphyraenidae","Sphyraena","jello",1,"AD",37382004
11229,"Labridae","Cheilinus","fasciatus",1,"AD",37384066
11229,"Labridae","Choerodon","cyanodus",1,"AD",37384072
11229,"Labridae","Scarus","ghobban",1,"AD",37386001
11229,"Labridae","Scarus","flavipectoralis",1,"AD",37386014
11229,"Acanthuridae","Acanthurus","grammoptilus",3,"AD",37437002
11229,"Acanthuridae","Acanthurus","olivaceus",2,"AD",37437016
11229,"Siganidae","Siganus","doliatus",2,"AD",37438009
11229,"Balistidae","Balistoides","viridescens",1,"AD",37465048
11229,"Balistidae","Sufflamen","chrysopterum",3,"AD",37465079
11229,"Tetraodontidae","Feroxodon","multistriatus",1,"AD",37467010
11230,"Serranidae","Cephalopholis","cyanostigma",2,"AD",37311136
11230,"Serranidae","Cephalopholis","microprion",1,"AD",37311139
11230,"Caesionidae","Caesio","cuning",3,"AD",37346018
11230,"Nemipteridae","Scolopsis","bilineata",1,"AD",37347031
11230,"Lethrinidae","Lethrinus","obsoletus",1,"AD",37351019
11230,"Mullidae","Parupeneus","barberinus",1,"AD",37355022
11230,"Pomacanthidae","Pomacanthus","sexstriatus",1,"AD",37365010
11230,"Chaetodontidae","Chaetodon","aureofasciatus",2,"AD",37365013
11230,"Chaetodontidae","Chelmon","rostratus",1,"AD",37365017
11230,"Pomacanthidae","Centropyge","bicolor",1,"AD",37365022
11230,"Pomacanthidae","Centropyge","vrolikii",1,"AD",37365032
11230,"Chaetodontidae","Chaetodon","plebeius",2,"AD",37365050
11230,"Pomacanthidae","Pomacanthus","xanthometopon",1,"AD",37365081
11230,"Pomacentridae","Acanthochromis","polyacanthus",1,"AD",37372015
11230,"Pomacentridae","Amblyglyphidodon","curacao",1,"AD",37372017
11230,"Pomacentridae","Chromis","atripectoralis",8,"AD",37372036
11230,"Pomacentridae","Chromis","ternatensis",1,"AD",37372051
11230,"Pomacentridae","Dischistodus","prosopotaenia",1,"AD",37372079
11230,"Pomacentridae","Neoglyphidodon","melas",1,"AD",37372084
11230,"Pomacentridae","Pomacentrus","chrysurus",1,"AD",37372110
11230,"Pomacentridae","Premnas","biaculeatus",1,"AD",37372129
11230,"Labridae","Labroides","dimidiatus",1,"AD",37384028
11230,"Labridae","Anampses","meleagrides",1,"AD",37384049
11230,"Labridae","Oxycheilinus","digramma",2,"AD",37384065
11230,"Labridae","Cheilinus","fasciatus",1,"AD",37384066
11230,"Labridae","Epibulus","insidiator",1,"AD",37384104
11230,"Labridae","Hemigymnus","melapterus",1,"AD",37384125
11230,"Labridae","Thalassoma","lunare",6,"AD",37384167
11230,"Labridae","Scarus","flavipectoralis",1,"AD",37386014
11230,"Labridae","Chlorurus","sordidus",4,"JUV",37386030
11230,"Acanthuridae","Ctenochaetus","striatus",2,"AD",37437022
11230,"Acanthuridae","Zebrasoma","scopas",1,"AD",37437036
11230,"Siganidae","Siganus","punctatus",1,"AD",37438003
11230,"Dasyatidae","Neotrygon","australiae",1,"AD",37035004
11230,"Nemipteridae","Scolopsis","margaritifera",2,"AD",37992119
11232,"Serranidae","Cephalopholis","microprion",1,"AD",37311139
11232,"Carangidae","Turrum","caeruleopinnatum",1,"AD",37337021
11232,"Lutjanidae","Lutjanus","carponotatus",1,"AD",37346011
11232,"Caesionidae","Caesio","cuning",1,"AD",37346018
11232,"Chaetodontidae","Chaetodon","aureofasciatus",2,"AD",37365013
11232,"Chaetodontidae","Chelmon","rostratus",2,"AD",37365017
11232,"Pomacentridae","Chrysiptera","rollandi",3,"AD",37372067
11232,"Pomacentridae","Pomacentrus","moluccensis",1,"AD",37372118
11232,"Labridae","Cheilinus","fasciatus",1,"AD",37384066
11232,"Labridae","Thalassoma","lunare",3,"AD",37384167
11233,"Serranidae","Cephalopholis","boenak",3,"AD",37311008
11233,"Serranidae","Plectropomus","maculatus",1,"AD",37311012
11233,"Pseudochromidae","Pictichromis","paccagnellae",1,"AD",37313010
11233,"Lutjanidae","Lutjanus","carponotatus",1,"AD",37346011
11233,"Nemipteridae","Scolopsis","regina",2,"AD",37347006
11233,"Lethrinidae","Lethrinus","atkinsoni",1,"AD",37351013
11233,"Lethrinidae","Lethrinus","ravus",2,"AD",37351031
11233,"Mullidae","Parupeneus","indicus",3,"AD",37355005
11233,"Mullidae","Parupeneus","barberinus",1,"AD",37355022
11233,"Chaetodontidae","Coradion","chrysozonus",1,"AD",37365004
11233,"Pomacanthidae","Chaetodontoplus","duboulayi",2,"AD",37365009
11233,"Pomacanthidae","Pomacanthus","sexstriatus",2,"AD",37365010
11233,"Pomacentridae","Pomacentrus","nagasakiensis",4,"AD",37372119
11233,"Labridae","Choerodon","vitta",7,"AD",37384006
11233,"Labridae","Choerodon","schoenleinii",1,"AD",37384010
11233,"Labridae","Labroides","dimidiatus",2,"AD",37384028
11233,"Labridae","Oxycheilinus","orientalis",1,"AD",37384030
11233,"Labridae","Scarus","ghobban",2,"AD",37386001
11233,"Siganidae","Siganus","argenteus",3,"AD",37438007
11233,"Balistidae","Balistapus","undulatus",1,"AD",37465047
11233,"Balistidae","Balistoides","viridescens",1,"AD",37465048
11233,"Nemipteridae","Scolopsis","margaritifera",1,"AD",37992119
11234,"Carcharhinidae","Carcharhinus","melanopterus",1,"AD",37018036
11234,"Serranidae","Plectropomus","leopardus",1,"AD",37311078
11234,"Nemipteridae","Scolopsis","regina",4,"AD",37347006
11234,"Nemipteridae","Pentapodus","aureofasciatus",1,"JUV",37347029
11234,"Lethrinidae","Lethrinus","atkinsoni",1,"AD",37351013
11234,"Lethrinidae","Lethrinus","harak",3,"AD",37351017
11234,"Lethrinidae","Lethrinus","ravus",1,"AD",37351031
11234,"Mullidae","Parupeneus","heptacanthus",1,"AD",37355004
11234,"Mullidae","Parupeneus","indicus",2,"AD",37355005
11234,"Mullidae","Parupeneus","cyclostomus",3,"AD",37355025
11234,"Chaetodontidae","Chaetodon","vagabundus",2,"AD",37365062
11234,"Labridae","Choerodon","vitta",3,"AD",37384006
11234,"Labridae","Choerodon","cyanodus",1,"AD",37384072
11234,"Labridae","Coris","dorsomacula",1,"JUV",37384093
11234,"Labridae","Suezichthys","devisi",3,"AD",37384162
11234,"Siganidae","Siganus","argenteus",2,"AD",37438007
11235,"Carangidae","Turrum","caeruleopinnatum",1,"AD",37337021
11235,"Carangidae","Turrum","fulvoguttatus",2,"AD",37337037
11235,"Lutjanidae","Lutjanus","sebae",1,"AD",37346004
11235,"Nemipteridae","Scolopsis","regina",1,"AD",37347006
11235,"Lethrinidae","Lethrinus","atkinsoni",1,"AD",37351013
11235,"Lethrinidae","Lethrinus","harak",1,"AD",37351017
11235,"Lethrinidae","Lethrinus","ravus",1,"AD",37351031
11235,"Mullidae","Parupeneus","heptacanthus",1,"AD",37355004
11235,"Mullidae","Parupeneus","indicus",1,"AD",37355005
11235,"Mullidae","Parupeneus","barberinus",2,"AD",37355022
11235,"Pomacanthidae","Pomacanthus","sexstriatus",2,"AD",37365010
11235,"Chaetodontidae","Chaetodon","vagabundus",2,"AD",37365062
11235,"Pomacanthidae","Chaetodontoplus","meredithi",1,"AD",37365065
11235,"Labridae","Choerodon","schoenleinii",1,"AD",37384010
11235,"Labridae","Choerodon","schoenleinii",1,"JUV",37384010
11235,"Labridae","Cheilinus","fasciatus",1,"AD",37384066
11235,"Labridae","Scarus","flavipectoralis",1,"AD",37386014
11235,"Acanthuridae","Acanthurus","grammoptilus",2,"AD",37437002
11235,"Siganidae","Siganus","lineatus",2,"AD",37438010
11235,"Balistidae","Abalistes","stellatus",1,"AD",37465011
11236,"Carcharhinidae","Carcharhinus","amblyrhynchos",3,"JUV",37018030
11236,"Carcharhinidae","Carcharhinus","melanopterus",1,"AD",37018036
11236,"Dasyatidae","Taeniura","lymma",1,"AD",37035009
11236,"Serranidae","Plectropomus","leopardus",1,"AD",37311078
11236,"Serranidae","Plectropomus","laevis",1,"JUV",37311079
11236,"Serranidae","Cephalopholis","cyanostigma",1,"AD",37311136
11236,"Echeneidae","Echeneis","naucrates",1,"JUV",37336001
11236,"Lutjanidae","Lutjanus","carponotatus",1,"AD",37346011
11236,"Caesionidae","Caesio","cuning",7,"AD",37346018
11236,"Nemipteridae","Scolopsis","regina",1,"AD",37347006
11236,"Lethrinidae","Lethrinus","microdon",1,"AD",37351011
11236,"Lethrinidae","Lethrinus","atkinsoni",2,"AD",37351013
11236,"Lethrinidae","Lethrinus","obsoletus",1,"AD",37351019
11236,"Mullidae","Parupeneus","barberinus",1,"AD",37355022
11236,"Mullidae","Parupeneus","multifasciatus",1,"AD",37355026
11236,"Pomacanthidae","Pomacanthus","sexstriatus",1,"AD",37365010
11236,"Pomacanthidae","Centropyge","bicolor",2,"AD",37365022
11236,"Chaetodontidae","Chaetodon","baronessa",2,"AD",37365034
11236,"Chaetodontidae","Chaetodon","kleinii",2,"AD",37365040
11236,"Chaetodontidae","Chaetodon","lineolatus",2,"AD",37365041
11236,"Chaetodontidae","Chaetodon","melannotus",3,"AD",37365043
11236,"Chaetodontidae","Chaetodon","rainfordi",1,"AD",37365053
11236,"Chaetodontidae","Chaetodon","lunulatus",1,"AD",37365059
11236,"Chaetodontidae","Chaetodon","vagabundus",1,"AD",37365062
11236,"Pomacanthidae","Chaetodontoplus","meredithi",2,"AD",37365065
11236,"Pomacanthidae","Pygoplites","diacanthus",1,"AD",37365082
11236,"Pomacentridae","Neoglyphidodon","melas",1,"AD",37372084
11236,"Sphyraenidae","Sphyraena","jello",1,"AD",37382004
11236,"Labridae","Oxycheilinus","digramma",1,"AD",37384065
11236,"Labridae","Cheilinus","fasciatus",3,"AD",37384066
11236,"Labridae","Hemigymnus","melapterus",1,"AD",37384125
11236,"Labridae","Scarus","flavipectoralis",3,"AD",37386014
11236,"Labridae","Scarus","forsteni",2,"AD",37386015
11236,"Labridae","Scarus","niger",2,"AD",37386021
11236,"Labridae","Chlorurus","sordidus",2,"AD",37386030
11236,"Acanthuridae","Acanthurus","nigricauda",1,"AD",37437013
11236,"Acanthuridae","Acanthurus","pyroferus",1,"AD",37437017
11236,"Acanthuridae","Ctenochaetus","striatus",2,"AD",37437022
11236,"Acanthuridae","Naso","unicornis",1,"AD",37437031
11236,"Acanthuridae","Zebrasoma","scopas",2,"AD",37437036
11236,"Siganidae","Siganus","doliatus",2,"AD",37438009
11236,"Balistidae","Balistapus","undulatus",2,"AD",37465047
11236,"Balistidae","Balistoides","viridescens",1,"AD",37465048
11236,"Balistidae","Sufflamen","chrysopterum",1,"AD",37465079
11236,"Nemipteridae","Scolopsis","margaritifera",1,"AD",37992119
11237,"Lutjanidae","Lutjanus","carponotatus",2,"AD",37346011
11237,"Caesionidae","Caesio","cuning",1,"AD",37346018
11237,"Caesionidae","Pterocaesio","marri",12,"AD",37346068
11237,"Lethrinidae","Lethrinus","atkinsoni",1,"AD",37351013
11237,"Lethrinidae","Lethrinus","obsoletus",1,"AD",37351019
11237,"Pomacentridae","Acanthochromis","polyacanthus",1,"JUV",37372015
11237,"Pomacentridae","Amblyglyphidodon","curacao",1,"AD",37372017
11237,"Sphyraenidae","Sphyraena","jello",1,"AD",37382004
11238,"Serranidae","Cephalopholis","boenak",1,"AD",37311008
11238,"Lutjanidae","Lutjanus","sebae",1,"AD",37346004
11238,"Caesionidae","Caesio","cuning",1,"AD",37346018
11238,"Lethrinidae","Lethrinus","obsoletus",1,"AD",37351019
11238,"Ephippidae","Platax","pinnatus",1,"AD",37362006
11238,"Pomacanthidae","Pomacanthus","sexstriatus",1,"AD",37365010
11238,"Pomacentridae","Dischistodus","perspicillatus",1,"AD",37372078
11239,"Carcharhinidae","Carcharhinus","melanopterus",1,"AD",37018036
11239,"Carcharhinidae","Triaenodon","obesus",1,"AD",37018038
11239,"Muraenidae","Gymnothorax","javanicus",1,"AD",37060039
11239,"Carangidae","Caranx","ignobilis",1,"AD",37337027
11239,"Carangidae","Turrum","fulvoguttatus",4,"AD",37337037
11239,"Lutjanidae","Lutjanus","sebae",1,"JUV",37346004
11239,"Lutjanidae","Lutjanus","carponotatus",1,"AD",37346011
11239,"Lutjanidae","Lutjanus","russellii",1,"AD",37346012
11239,"Caesionidae","Caesio","cuning",7,"AD",37346018
11239,"Lutjanidae","Lutjanus","bohar",1,"JUV",37346029
11239,"Pomacanthidae","Pomacanthus","sexstriatus",2,"AD",37365010
11239,"Labridae","Choerodon","vitta",1,"AD",37384006
11239,"Labridae","Choerodon","fasciatus",1,"AD",37384073
11239,"Labridae","Thalassoma","lunare",2,"AD",37384167
11239,"Blenniidae","Meiacanthus","atrodorsalis",1,"JUV",37408051
11239,"Siganidae","Siganus","puellus",2,"AD",37438011
11240,"Muraenidae","Gymnothorax","javanicus",1,"AD",37060039
11240,"Serranidae","Cephalopholis","boenak",2,"AD",37311008
11240,"Serranidae","Cephalopholis","cyanostigma",2,"AD",37311136
11240,"Serranidae","Cephalopholis","microprion",1,"AD",37311139
11240,"Lutjanidae","Lutjanus","gibbus",2,"AD",37346028
11240,"Lethrinidae","Lethrinus","obsoletus",1,"AD",37351019
11240,"Mullidae","Parupeneus","barberinoides",1,"AD",37355021
11240,"Pomacanthidae","Pomacanthus","sexstriatus",2,"AD",37365010
11240,"Chaetodontidae","Chaetodon","aureofasciatus",3,"AD",37365013
11240,"Chaetodontidae","Chelmon","rostratus",2,"AD",37365017
11240,"Pomacanthidae","Centropyge","bicolor",1,"AD",37365022
11240,"Chaetodontidae","Chaetodon","baronessa",1,"AD",37365034
11240,"Chaetodontidae","Chaetodon","melannotus",2,"AD",37365043
11240,"Chaetodontidae","Chaetodon","plebeius",2,"AD",37365050
11240,"Pomacentridae","Acanthochromis","polyacanthus",3,"AD",37372015
11240,"Pomacentridae","Amblyglyphidodon","curacao",7,"AD",37372017
11240,"Pomacentridae","Chrysiptera","rollandi",3,"AD",37372067
11240,"Pomacentridae","Hemiglyphidodon","plagiometopon",1,"AD",37372081
11240,"Pomacentridae","Pomacentrus","moluccensis",1,"AD",37372118
11240,"Labridae","Cheilinus","fasciatus",1,"AD",37384066
11240,"Labridae","Choerodon","fasciatus",2,"AD",37384073
11240,"Labridae","Gomphosus","varius",1,"AD",37384106
11240,"Labridae","Labrichthys","unilineatus",1,"AD",37384129
11240,"Labridae","Thalassoma","lunare",4,"AD",37384167
11240,"Labridae","Scarus","flavipectoralis",2,"AD",37386014
11240,"Acanthuridae","Ctenochaetus","striatus",2,"AD",37437022
11240,"Siganidae","Siganus","doliatus",2,"AD",37438009
11240,"Siganidae","Siganus","puellus",1,"AD",37438011
11240,"Balistidae","Balistapus","undulatus",1,"AD",37465047
11241,"Serranidae","Cephalopholis","boenak",2,"AD",37311008
11241,"Serranidae","Plectropomus","laevis",1,"JUV",37311079
11241,"Serranidae","Cephalopholis","cyanostigma",1,"AD",37311136
11241,"Carangidae","Turrum","fulvoguttatus",2,"JUV",37337037
11241,"Caesionidae","Caesio","cuning",10,"AD",37346018
11241,"Lutjanidae","Symphorichthys","spilurus",1,"AD",37346052
11241,"Caesionidae","Pterocaesio","marri",40,"AD",37346068
11241,"Nemipteridae","Scolopsis","regina",1,"AD",37347006
11241,"Haemulidae","Diagramma","pictum",1,"AD",37350003
11241,"Lethrinidae","Lethrinus","atkinsoni",2,"AD",37351013
11241,"Lethrinidae","Lethrinus","harak",1,"AD",37351017
11241,"Lethrinidae","Lethrinus","obsoletus",1,"AD",37351019
11241,"Lethrinidae","Monotaxis","grandoculis",1,"AD",37351026
11241,"Mullidae","Parupeneus","barberinoides",1,"AD",37355021
11241,"Mullidae","Parupeneus","barberinus",1,"AD",37355022
11241,"Mullidae","Parupeneus","multifasciatus",1,"AD",37355026
11241,"Chaetodontidae","Coradion","chrysozonus",2,"AD",37365004
11241,"Pomacanthidae","Pomacanthus","sexstriatus",2,"AD",37365010
11241,"Chaetodontidae","Chaetodon","aureofasciatus",1,"AD",37365013
11241,"Chaetodontidae","Chelmon","rostratus",1,"AD",37365017
11241,"Chaetodontidae","Chaetodon","lineolatus",2,"AD",37365041
11241,"Chaetodontidae","Chaetodon","rainfordi",1,"AD",37365053
11241,"Chaetodontidae","Chaetodon","lunulatus",2,"AD",37365059
11241,"Pomacanthidae","Pomacanthus","xanthometopon",1,"AD",37365081
11241,"Pomacanthidae","Pygoplites","diacanthus",1,"AD",37365082
11241,"Pomacentridae","Acanthochromis","polyacanthus",16,"AD",37372015
11241,"Pomacentridae","Amblyglyphidodon","curacao",4,"AD",37372017
11241,"Pomacentridae","Chromis","atripectoralis",1,"AD",37372036
11241,"Pomacentridae","Chrysiptera","rollandi",1,"AD",37372067
11241,"Pomacentridae","Pomacentrus","amboinensis",1,"AD",37372106
11241,"Pomacentridae","Pomacentrus","brachialis",3,"AD",37372109
11241,"Sphyraenidae","Sphyraena","obtusata",5,"AD",37382007
11241,"Labridae","Labroides","dimidiatus",1,"AD",37384028
11241,"Labridae","Oxycheilinus","digramma",1,"AD",37384065
11241,"Labridae","Cheilinus","fasciatus",1,"AD",37384066
11241,"Labridae","Choerodon","fasciatus",2,"AD",37384073
11241,"Labridae","Gomphosus","varius",1,"AD",37384106
11241,"Labridae","Hemigymnus","melapterus",2,"AD",37384125
11241,"Labridae","Thalassoma","lunare",1,"AD",37384167
11241,"Labridae","Scarus","niger",1,"AD",37386021
11241,"Zanclidae","Zanclus","cornutus",1,"AD",37437001
11241,"Acanthuridae","Acanthurus","grammoptilus",2,"AD",37437002
11241,"Acanthuridae","Acanthurus","nigricauda",1,"AD",37437013
11241,"Acanthuridae","Acanthurus","xanthopterus",1,"AD",37437020
11241,"Acanthuridae","Ctenochaetus","striatus",1,"AD",37437022
11241,"Acanthuridae","Naso","annulatus",1,"AD",37437024
11241,"Siganidae","Siganus","doliatus",1,"AD",37438009
11241,"Siganidae","Siganus","lineatus",2,"AD",37438010
11241,"Balistidae","Balistapus","undulatus",1,"AD",37465047
11241,"Balistidae","Balistoides","viridescens",1,"AD",37465048
11241,"Nemipteridae","Scolopsis","margaritifera",1,"AD",37992119
11242,"Carcharhinidae","Carcharhinus","melanopterus",1,"AD",37018036
11242,"Serranidae","Epinephelus","fuscoguttatus",1,"AD",37311021
11242,"Serranidae","Plectropomus","leopardus",3,"AD",37311078
11242,"Serranidae","Cephalopholis","cyanostigma",1,"AD",37311136
11242,"Lutjanidae","Lutjanus","carponotatus",2,"AD",37346011
11242,"Lutjanidae","Lutjanus","russellii",1,"AD",37346012
11242,"Caesionidae","Caesio","cuning",41,"AD",37346018
11242,"Caesionidae","Caesio","caerulaurea",15,"AD",37346024
11242,"Lutjanidae","Lutjanus","gibbus",1,"AD",37346028
11242,"Lutjanidae","Lutjanus","bohar",2,"AD",37346029
11242,"Lutjanidae","Lutjanus","fulviflamma",1,"AD",37346034
11242,"Caesionidae","Pterocaesio","marri",4,"AD",37346068
11242,"Lethrinidae","Lethrinus","obsoletus",2,"AD",37351019
11242,"Mullidae","Parupeneus","barberinus",1,"AD",37355022
11242,"Mullidae","Parupeneus","multifasciatus",2,"AD",37355026
11242,"Pomacanthidae","Pomacanthus","sexstriatus",1,"AD",37365010
11242,"Pomacanthidae","Centropyge","bicolor",1,"AD",37365022
11242,"Chaetodontidae","Chaetodon","melannotus",2,"AD",37365043
11242,"Chaetodontidae","Chaetodon","plebeius",1,"AD",37365050
11242,"Chaetodontidae","Chaetodon","lunulatus",2,"AD",37365059
11242,"Chaetodontidae","Chaetodon","vagabundus",2,"AD",37365062
11242,"Pomacentridae","Acanthochromis","polyacanthus",1,"AD",37372015
11242,"Pomacentridae","Amblyglyphidodon","curacao",1,"AD",37372017
11242,"Pomacentridae","Pomacentrus","brachialis",2,"AD",37372109
11242,"Pomacentridae","Pomacentrus","wardi",2,"AD",37372127
11242,"Labridae","Labroides","dimidiatus",2,"AD",37384028
11242,"Labridae","Cheilinus","undulatus",1,"JUV",37384038
11242,"Labridae","Cheilinus","fasciatus",1,"AD",37384066
11242,"Labridae","Choerodon","fasciatus",2,"AD",37384073
11242,"Labridae","Epibulus","insidiator",1,"AD",37384104
11242,"Labridae","Hemigymnus","melapterus",1,"AD",37384125
11242,"Labridae","Thalassoma","lunare",3,"AD",37384167
11242,"Labridae","Bolbometopon","muricatum",1,"AD",37386004
11242,"Labridae","Chlorurus","microrhinos",1,"JUV",37386020
11242,"Labridae","Scarus","niger",1,"AD",37386021
11242,"Acanthuridae","Acanthurus","grammoptilus",3,"AD",37437002
11242,"Acanthuridae","Ctenochaetus","striatus",2,"AD",37437022
11242,"Siganidae","Siganus","doliatus",1,"AD",37438009
11246,"Serranidae","Plectropomus","leopardus",1,"AD",37311078
11246,"Serranidae","Cephalopholis","cyanostigma",1,"AD",37311136
11246,"Carangidae","Turrum","fulvoguttatus",1,"AD",37337037
11246,"Lutjanidae","Lutjanus","carponotatus",1,"AD",37346011
11246,"Lutjanidae","Symphorus","nematophorus",1,"JUV",37346017
11246,"Caesionidae","Caesio","cuning",17,"AD",37346018
11246,"Caesionidae","Pterocaesio","marri",40,"AD",37346068
11246,"Nemipteridae","Scolopsis","regina",1,"AD",37347006
11246,"Lethrinidae","Lethrinus","obsoletus",1,"AD",37351019
11246,"Mullidae","Parupeneus","barberinus",1,"AD",37355022
11246,"Mullidae","Parupeneus","cyclostomus",2,"AD",37355025
11246,"Chaetodontidae","Chelmon","rostratus",1,"AD",37365017
11246,"Chaetodontidae","Chaetodon","melannotus",2,"AD",37365043
11246,"Chaetodontidae","Chaetodon","ulietensis",1,"AD",37365060
11246,"Pomacentridae","Acanthochromis","polyacanthus",3,"AD",37372015
11246,"Pomacentridae","Amblyglyphidodon","curacao",1,"AD",37372017
11246,"Pomacentridae","Chrysiptera","rollandi",1,"AD",37372067
11246,"Pomacentridae","Neoglyphidodon","melas",1,"AD",37372084
11246,"Pomacentridae","Pomacentrus","moluccensis",1,"AD",37372118
11246,"Labridae","Choerodon","schoenleinii",1,"AD",37384010
11246,"Labridae","Cheilinus","fasciatus",1,"AD",37384066
11246,"Labridae","Choerodon","anchorago",1,"AD",37384071
11246,"Labridae","Choerodon","fasciatus",2,"AD",37384073
11246,"Labridae","Hemigymnus","melapterus",2,"AD",37384125
11246,"Labridae","Scarus","flavipectoralis",1,"AD",37386014
11246,"Labridae","Chlorurus","sordidus",2,"AD",37386030
11246,"Acanthuridae","Acanthurus","grammoptilus",1,"AD",37437002
11246,"Acanthuridae","Ctenochaetus","striatus",2,"AD",37437022
11246,"Acanthuridae","Zebrasoma","scopas",1,"AD",37437036
11246,"Siganidae","Siganus","doliatus",2,"AD",37438009
11246,"Balistidae","Balistapus","undulatus",1,"AD",37465047
11247,"Serranidae","Plectropomus","leopardus",1,"AD",37311078
11247,"Serranidae","Cephalopholis","cyanostigma",1,"AD",37311136
11247,"Lutjanidae","Lutjanus","carponotatus",2,"AD",37346011
11247,"Caesionidae","Caesio","cuning",30,"AD",37346018
11247,"Caesionidae","Caesio","caerulaurea",6,"AD",37346024
11247,"Caesionidae","Pterocaesio","marri",1,"AD",37346068
11247,"Nemipteridae","Scolopsis","regina",1,"AD",37347006
11247,"Lethrinidae","Lethrinus","obsoletus",5,"AD",37351019
11247,"Lethrinidae","Lethrinus","ravus",1,"AD",37351031
11247,"Mullidae","Parupeneus","barberinoides",2,"AD",37355021
11247,"Mullidae","Parupeneus","barberinus",1,"AD",37355022
11247,"Mullidae","Parupeneus","multifasciatus",1,"AD",37355026
11247,"Chaetodontidae","Chaetodon","baronessa",1,"AD",37365034
11247,"Chaetodontidae","Chaetodon","rainfordi",2,"AD",37365053
11247,"Pomacentridae","Dascyllus","reticulatus",6,"AD",37372074
11247,"Pomacentridae","Pomacentrus","amboinensis",1,"AD",37372106
11247,"Pomacentridae","Pomacentrus","coelestis",8,"AD",37372111
11247,"Labridae","Oxycheilinus","digramma",1,"AD",37384065
11247,"Labridae","Coris","batuensis",1,"AD",37384098
11247,"Labridae","Halichoeres","hortulanus",1,"AD",37384112
11247,"Labridae","Halichoeres","margaritaceus",1,"AD",37384113
11247,"Labridae","Hemigymnus","melapterus",1,"AD",37384125
11247,"Labridae","Thalassoma","lunare",8,"AD",37384167
11247,"Acanthuridae","Acanthurus","grammoptilus",2,"AD",37437002
11247,"Acanthuridae","Acanthurus","nigricauda",2,"AD",37437013
11247,"Acanthuridae","Zebrasoma","scopas",1,"AD",37437036
11247,"Siganidae","Siganus","doliatus",1,"AD",37438009
11247,"Siganidae","Siganus","vulpinus",1,"AD",37438017
11247,"Scombridae","Grammatorcynus","bilineatus",3,"AD",37441028
11247,"Balistidae","Sufflamen","chrysopterum",1,"AD",37465079
11248,"Carcharhinidae","Carcharhinus","amblyrhynchos",1,"JUV",37018030
11248,"Serranidae","Plectropomus","leopardus",1,"AD",37311078
11248,"Nemipteridae","Scolopsis","regina",2,"AD",37347006
11248,"Nemipteridae","Pentapodus","aureofasciatus",22,"JUV",37347029
11248,"Lethrinidae","Gymnocranius","grandoculis",1,"JUV",37351005
11248,"Lethrinidae","Lethrinus","atkinsoni",1,"AD",37351013
11248,"Lethrinidae","Lethrinus","ravus",4,"AD",37351031
11248,"Mullidae","Parupeneus","barberinus",1,"AD",37355022
11248,"Ephippidae","Platax","batavianus",2,"AD",37362002
11248,"Labridae","Choerodon","schoenleinii",1,"AD",37384010
11249,"Serranidae","Plectropomus","leopardus",1,"AD",37311078
11249,"Carangidae","Turrum","fulvoguttatus",3,"AD",37337037
11249,"Carangidae","Caranx","melampygus",9,"AD",37337050
11249,"Nemipteridae","Scolopsis","regina",1,"AD",37347006
11249,"Nemipteridae","Pentapodus","aureofasciatus",1,"JUV",37347029
11249,"Nemipteridae","Scolopsis","bilineata",1,"AD",37347031
11249,"Lethrinidae","Lethrinus","atkinsoni",3,"AD",37351013
11249,"Lethrinidae","Lethrinus","ravus",1,"AD",37351031
11249,"Mullidae","Parupeneus","barberinus",1,"AD",37355022
11249,"Mullidae","Parupeneus","cyclostomus",2,"AD",37355025
11249,"Pomacanthidae","Centropyge","bicolor",2,"AD",37365022
11249,"Chaetodontidae","Chaetodon","plebeius",1,"AD",37365050
11249,"Chaetodontidae","Chaetodon","vagabundus",2,"AD",37365062
11249,"Pomacanthidae","Pygoplites","diacanthus",2,"AD",37365082
11249,"Pomacentridae","Dascyllus","reticulatus",3,"AD",37372074
11249,"Pomacentridae","Pomacentrus","coelestis",3,"AD",37372111
11249,"Labridae","Labroides","dimidiatus",2,"AD",37384028
11249,"Labridae","Cheilinus","undulatus",1,"AD",37384038
11249,"Labridae","Cheilinus","fasciatus",1,"AD",37384066
11249,"Labridae","Coris","batuensis",1,"AD",37384098
11249,"Labridae","Thalassoma","lunare",7,"AD",37384167
11249,"Labridae","Thalassoma","nigrofasciatum",1,"AD",37384196
11249,"Labridae","Scarus","flavipectoralis",6,"AD",37386014
11249,"Labridae","Scarus","niger",1,"AD",37386021
11249,"Acanthuridae","Acanthurus","grammoptilus",2,"AD",37437002
11249,"Acanthuridae","Acanthurus","nigricauda",5,"AD",37437013
11249,"Acanthuridae","Acanthurus","pyroferus",2,"AD",37437017
11249,"Acanthuridae","Ctenochaetus","striatus",3,"AD",37437022
11249,"Acanthuridae","Ctenochaetus","striatus",3,"JUV",37437022
11249,"Acanthuridae","Naso","lituratus",1,"AD",37437029
11249,"Siganidae","Siganus","punctatus",2,"AD",37438003
11249,"Siganidae","Siganus","doliatus",2,"AD",37438009
11249,"Siganidae","Siganus","puellus",2,"AD",37438011
11249,"Balistidae","Sufflamen","chrysopterum",2,"AD",37465079
11249,"Tetraodontidae","Canthigaster","papua",1,"AD",37467042
11249,"Tetraodontidae","Arothron","caeruleopunctatus",1,"AD",37467066
11250,"Ginglymostomatidae","Nebrius","ferrugineus",2,"AD",37013010
11250,"Echeneidae","Echeneis","naucrates",1,"JUV",37336001
11250,"Carangidae","Gnathanodon","speciosus",5,"AD",37337012
11250,"Carangidae","Gnathanodon","speciosus",12,"JUV",37337012
11250,"Carangidae","Turrum","gymnostethus",5,"AD",37337022
11250,"Carangidae","Turrum","fulvoguttatus",1,"AD",37337037
11250,"Nemipteridae","Nemipterus","furcosus",2,"JUV",37347005
11250,"Nemipteridae","Pentapodus","paradiseus",4,"JUV",37347028
11250,"Mullidae","Upeneus","tragula",2,"AD",37355014
11250,"Labridae","Suezichthys","devisi",1,"AD",37384195
11251,"Carangidae","Turrum","fulvoguttatus",1,"AD",37337037
11251,"Nemipteridae","Nemipterus","furcosus",8,"JUV",37347005
11251,"Nemipteridae","Pentapodus","paradiseus",3,"JUV",37347028
11251,"Nemipteridae","Nemipterus","balinensoides",1,"JUV",37347038
11251,"Mullidae","Upeneus","tragula",2,"JUV",37355014
11251,"Labridae","Leptojulis","cyanopleura",10,"AD",37384027
11252,"Fistulariidae","Fistularia","commersonii",1,"AD",37278001
11255,"Carcharhinidae","Carcharhinus","amblyrhynchos",1,"AD",37018030
11255,"Serranidae","Plectropomus","leopardus",2,"AD",37311078
11255,"Echeneidae","Echeneis","naucrates",1,"JUV",37336001
11255,"Lutjanidae","Lutjanus","carponotatus",1,"AD",37346011
11255,"Lutjanidae","Lutjanus","bohar",1,"AD",37346029
11255,"Lutjanidae","Macolor","niger",2,"AD",37346048
11255,"Lethrinidae","Lethrinus","atkinsoni",1,"AD",37351013
11255,"Chaetodontidae","Chaetodon","aureofasciatus",1,"AD",37365013
11255,"Chaetodontidae","Chaetodon","baronessa",1,"AD",37365034
11255,"Chaetodontidae","Chaetodon","ephippium",2,"AD",37365037
11255,"Chaetodontidae","Chaetodon","melannotus",2,"AD",37365043
11255,"Pomacentridae","Amblyglyphidodon","curacao",1,"AD",37372017
11255,"Pomacentridae","Neoglyphidodon","melas",1,"AD",37372084
11255,"Pomacentridae","Pomacentrus","wardi",1,"AD",37372127
11255,"Labridae","Oxycheilinus","digramma",1,"AD",37384065
11255,"Labridae","Cheilinus","fasciatus",1,"AD",37384066
11255,"Labridae","Thalassoma","lunare",1,"AD",37384167
11255,"Labridae","Scarus","niger",1,"AD",37386021
11255,"Acanthuridae","Ctenochaetus","striatus",1,"AD",37437022
11255,"Acanthuridae","Zebrasoma","scopas",1,"AD",37437036
11255,"Siganidae","Siganus","doliatus",2,"AD",37438009
11255,"Balistidae","Balistoides","viridescens",1,"AD",37465048
11256,"Ginglymostomatidae","Nebrius","ferrugineus",2,"AD",37013010
11256,"Carcharhinidae","Carcharhinus","amblyrhynchos",2,"JUV",37018030
11256,"Carcharhinidae","Carcharhinus","melanopterus",1,"AD",37018036
11256,"Echeneidae","Echeneis","naucrates",2,"AD",37336001
11256,"Carangidae","Gnathanodon","speciosus",5,"JUV",37337012
11256,"Carangidae","Caranx","ignobilis",3,"AD",37337027
11256,"Carangidae","Turrum","fulvoguttatus",1,"AD",37337037
11256,"Nemipteridae","Scolopsis","regina",5,"AD",37347006
11256,"Lethrinidae","Lethrinus","atkinsoni",2,"AD",37351013
11256,"Lethrinidae","Lethrinus","harak",3,"AD",37351017
11256,"Mullidae","Parupeneus","indicus",1,"AD",37355005
11256,"Mullidae","Parupeneus","barberinus",1,"AD",37355022
11256,"Mullidae","Parupeneus","multifasciatus",3,"AD",37355026
11256,"Pomacentridae","Pomacentrus","bankanensis",2,"AD",37372108
11256,"Pomacentridae","Pomacentrus","coelestis",2,"AD",37372111
11256,"Labridae","Cheilinus","undulatus",1,"AD",37384038
11256,"Labridae","Cheilinus","trilobatus",1,"AD",37384044
11256,"Labridae","Choerodon","anchorago",2,"AD",37384071
11256,"Labridae","Coris","batuensis",4,"AD",37384098
11256,"Labridae","Thalassoma","lunare",1,"AD",37384167
11256,"Acanthuridae","Acanthurus","nigricauda",3,"AD",37437013
11256,"Acanthuridae","Naso","annulatus",1,"AD",37437024
11256,"Balistidae","Balistoides","viridescens",1,"AD",37465048
11256,"Balistidae","Sufflamen","chrysopterum",2,"AD",37465079
11256,"Tetraodontidae","Canthigaster","valentini",1,"AD",37467043
11257,"Carcharhinidae","Carcharhinus","melanopterus",1,"AD",37018036
11257,"Carcharhinidae","Triaenodon","obesus",1,"AD",37018038
11257,"Serranidae","Plectropomus","leopardus",1,"AD",37311078
11257,"Nemipteridae","Scolopsis","regina",2,"AD",37347006
11257,"Lethrinidae","Lethrinus","atkinsoni",3,"AD",37351013
11257,"Lethrinidae","Lethrinus","obsoletus",1,"AD",37351019
11257,"Mullidae","Parupeneus","barberinus",1,"AD",37355022
11257,"Mullidae","Parupeneus","cyclostomus",1,"AD",37355025
11258,"Carcharhinidae","Carcharhinus","melanopterus",1,"AD",37018036
11258,"Carcharhinidae","Triaenodon","obesus",1,"AD",37018038
11258,"Serranidae","Plectropomus","leopardus",2,"AD",37311078
11258,"Carangidae","Caranx","ignobilis",1,"AD",37337027
11258,"Carangidae","Turrum","fulvoguttatus",1,"AD",37337037
11258,"Nemipteridae","Scolopsis","regina",1,"AD",37347006
11258,"Lethrinidae","Lethrinus","atkinsoni",4,"AD",37351013
11258,"Pinguipedidae","Parapercis","xanthozona",1,"AD",37390025
11259,"Carcharhinidae","Triaenodon","obesus",1,"AD",37018038
11259,"Fistulariidae","Fistularia","commersonii",1,"AD",37278001
11259,"Serranidae","Plectropomus","maculatus",1,"AD",37311012
11259,"Serranidae","Plectropomus","leopardus",3,"AD",37311078
11259,"Echeneidae","Echeneis","naucrates",1,"JUV",37336001
11259,"Carangidae","Turrum","fulvoguttatus",1,"AD",37337037
11259,"Nemipteridae","Scolopsis","regina",1,"AD",37347006
11259,"Nemipteridae","Pentapodus","aureofasciatus",15,"JUV",37347029
11259,"Lethrinidae","Lethrinus","semicinctus",1,"AD",37351016
11259,"Lethrinidae","Lethrinus","ravus",13,"AD",37351031
11259,"Mullidae","Parupeneus","indicus",1,"AD",37355005
11259,"Mullidae","Parupeneus","multifasciatus",2,"JUV",37355026
11259,"Chaetodontidae","Chaetodon","rainfordi",2,"AD",37365053
11259,"Chaetodontidae","Chaetodon","vagabundus",1,"AD",37365062
11259,"Labridae","Halichoeres","melanurus",1,"AD",37384032
11259,"Labridae","Cheilinus","undulatus",1,"AD",37384038
11259,"Labridae","Oxycheilinus","bimaculatus",8,"AD",37384063
11259,"Labridae","Cirrhilabrus","punctatus",10,"AD",37384083
11259,"Labridae","Oxycheilinus","unifasciatus",1,"JUV",37384179
11259,"Labridae","Scarus","ghobban",1,"AD",37386001
11259,"Acanthuridae","Acanthurus","grammoptilus",1,"AD",37437002
11259,"Balistidae","Sufflamen","fraenatum",1,"AD",37465014
11259,"Labridae","Pseudojuloides","splendens",6,"JUV",37992121
11260,"Carangidae","Atule","mate",5,"AD",37337024
11260,"Carangidae","Turrum","fulvoguttatus",2,"AD",37337037
11260,"Lutjanidae","Symphorus","nematophorus",1,"AD",37346017
11260,"Nemipteridae","Nemipterus","furcosus",1,"AD",37347005
11260,"Nemipteridae","Scolopsis","regina",1,"AD",37347006
11260,"Lethrinidae","Lethrinus","ravus",1,"AD",37351031
11260,"Mullidae","Parupeneus","indicus",1,"AD",37355005
11261,"Serranidae","Plectropomus","leopardus",2,"AD",37311078
11261,"Nemipteridae","Scolopsis","regina",2,"AD",37347006
11261,"Mullidae","Parupeneus","indicus",1,"AD",37355005
11262,"Lutjanidae","Lutjanus","vitta",2,"AD",37346003
11262,"Lutjanidae","Lutjanus","carponotatus",1,"AD",37346011
11262,"Nemipteridae","Scolopsis","regina",1,"AD",37347006
11262,"Chaetodontidae","Chelmon","rostratus",2,"AD",37365017
11262,"Chaetodontidae","Chaetodon","vagabundus",1,"AD",37365062
11262,"Siganidae","Siganus","doliatus",1,"AD",37438009
11263,"Ginglymostomatidae","Nebrius","ferrugineus",1,"AD",37013010
11263,"Carcharhinidae","Carcharhinus","melanopterus",1,"AD",37018036
11263,"Serranidae","Plectropomus","leopardus",1,"AD",37311078
11263,"Serranidae","Cephalopholis","cyanostigma",1,"AD",37311136
11263,"Serranidae","Cephalopholis","microprion",1,"AD",37311139
11263,"Echeneidae","Echeneis","naucrates",2,"AD",37336001
11263,"Carangidae","Gnathanodon","speciosus",16,"JUV",37337012
11263,"Carangidae","Turrum","fulvoguttatus",1,"AD",37337037
11263,"Lethrinidae","Lethrinus","atkinsoni",2,"AD",37351013
11263,"Chaetodontidae","Chaetodon","plebeius",1,"AD",37365050
11263,"Chaetodontidae","Chaetodon","lunulatus",2,"AD",37365059
11263,"Pomacentridae","Acanthochromis","polyacanthus",2,"AD",37372015
11263,"Pomacentridae","Amblyglyphidodon","curacao",2,"AD",37372017
11263,"Pomacentridae","Hemiglyphidodon","plagiometopon",1,"AD",37372081
11263,"Pomacentridae","Pomacentrus","adelus",4,"AD",37372104
11263,"Labridae","Choerodon","schoenleinii",1,"AD",37384010
11263,"Labridae","Labroides","dimidiatus",1,"AD",37384028
11263,"Labridae","Cheilinus","fasciatus",1,"AD",37384066
11263,"Labridae","Cheilinus","fasciatus",1,"JUV",37384066
11263,"Labridae","Coris","batuensis",1,"AD",37384098
11263,"Labridae","Pseudocheilinus","evanidus",1,"AD",37384142
11263,"Labridae","Thalassoma","hardwicke",2,"AD",37384165
11263,"Labridae","Thalassoma","lunare",2,"AD",37384167
11263,"Labridae","Scarus","forsteni",1,"AD",37386015
11263,"Labridae","Scarus","niger",1,"AD",37386021
11263,"Labridae","Scarus","schlegeli",1,"AD",37386029
11263,"Labridae","Chlorurus","sordidus",1,"AD",37386030
11263,"Acanthuridae","Ctenochaetus","striatus",2,"AD",37437022
11263,"Nemipteridae","Scolopsis","margaritifera",1,"AD",37992119
11264,"Carangidae","Turrum","fulvoguttatus",2,"JUV",37337037
11264,"Lethrinidae","Lethrinus","lentjan",3,"AD",37351007
11264,"Pomacentridae","Dischistodus","perspicillatus",1,"AD",37372078
11266,"Serranidae","Epinephelus","maculatus",1,"AD",37311011
11266,"Serranidae","Plectropomus","leopardus",1,"AD",37311078
11266,"Serranidae","Cephalopholis","cyanostigma",2,"AD",37311136
11266,"Carangidae","Caranx","bucculentus",1,"AD",37337016
11266,"Lutjanidae","Lutjanus","bohar",1,"AD",37346029
11266,"Lutjanidae","Macolor","niger",1,"AD",37346048
11266,"Lutjanidae","Macolor","niger",1,"JUV",37346048
11266,"Nemipteridae","Scolopsis","bilineata",1,"AD",37347031
11266,"Haemulidae","Diagramma","pictum",2,"AD",37350003
11266,"Ephippidae","Platax","pinnatus",1,"AD",37362006
11266,"Pomacanthidae","Pomacanthus","sexstriatus",1,"AD",37365010
11266,"Chaetodontidae","Chaetodon","auriga",1,"AD",37365019
11266,"Pomacanthidae","Centropyge","vrolikii",2,"AD",37365032
11266,"Chaetodontidae","Chaetodon","baronessa",2,"AD",37365034
11266,"Chaetodontidae","Chaetodon","kleinii",1,"JUV",37365040
11266,"Chaetodontidae","Chaetodon","vagabundus",2,"AD",37365062
11266,"Pomacanthidae","Pomacanthus","xanthometopon",1,"AD",37365081
11266,"Pomacentridae","Chromis","atripectoralis",3,"AD",37372036
11266,"Pomacentridae","Dascyllus","reticulatus",3,"AD",37372074
11266,"Pomacentridae","Pomacentrus","amboinensis",1,"AD",37372106
11266,"Pomacentridae","Pomacentrus","coelestis",8,"AD",37372111
11266,"Pomacentridae","Pomacentrus","lepidogenys",1,"AD",37372114
11266,"Pomacentridae","Pomacentrus","moluccensis",3,"AD",37372118
11266,"Pomacentridae","Pomacentrus","wardi",1,"AD",37372127
11266,"Pomacentridae","Stegastes","gascoynei",1,"AD",37372133
11266,"Labridae","Labroides","dimidiatus",1,"AD",37384028
11266,"Labridae","Cheilinus","undulatus",1,"AD",37384038
11266,"Labridae","Anampses","neoguinaicus",1,"AD",37384050
11266,"Labridae","Halichoeres","hortulanus",1,"AD",37384112
11266,"Labridae","Thalassoma","hardwicke",2,"AD",37384165
11266,"Labridae","Thalassoma","lunare",3,"AD",37384167
11266,"Labridae","Scarus","forsteni",1,"AD",37386015
11266,"Labridae","Scarus","niger",1,"AD",37386021
11266,"Blenniidae","Aspidontus","dussumieri",1,"AD",37408007
11266,"Acanthuridae","Acanthurus","nigricauda",2,"AD",37437013
11266,"Acanthuridae","Ctenochaetus","striatus",6,"AD",37437022
11266,"Acanthuridae","Zebrasoma","veliferum",2,"AD",37437037
11266,"Siganidae","Siganus","doliatus",2,"AD",37438009
11266,"Balistidae","Balistapus","undulatus",1,"AD",37465047
11266,"Balistidae","Balistoides","viridescens",1,"AD",37465048
11267,"Serranidae","Plectropomus","leopardus",1,"AD",37311078
11267,"Nemipteridae","Scolopsis","regina",1,"AD",37347006
11267,"Lethrinidae","Lethrinus","ravus",2,"AD",37351031
11267,"Ephippidae","Platax","pinnatus",1,"AD",37362006
11267,"Labridae","Halichoeres","hartzfeldii",1,"AD",37384123
11267,"Gobiidae","Amblyeleotris","steinitzi",1,"AD",37428043
11268,"Carcharhinidae","Carcharhinus","amblyrhynchos",1,"AD",37018030
11268,"Carcharhinidae","Triaenodon","obesus",1,"AD",37018038
11268,"Dasyatidae","Pateobatis","jenkinsii",1,"AD",37035025
11268,"Serranidae","Plectropomus","leopardus",1,"AD",37311078
11268,"Serranidae","Plectropomus","laevis",2,"AD",37311079
11268,"Carangidae","Gnathanodon","speciosus",26,"AD",37337012
11268,"Carangidae","Turrum","gymnostethus",16,"AD",37337022
11268,"Carangidae","Elagatis","bipinnulata",1,"AD",37337029
11268,"Carangidae","Turrum","fulvoguttatus",4,"AD",37337037
11268,"Carangidae","Caranx","papuensis",13,"AD",37337064
11268,"Lutjanidae","Lutjanus","sebae",1,"AD",37346004
11268,"Lutjanidae","Lutjanus","argentimaculatus",5,"AD",37346015
11268,"Lutjanidae","Symphorus","nematophorus",2,"AD",37346017
11268,"Caesionidae","Caesio","cuning",1,"AD",37346018
11268,"Lutjanidae","Aprion","virescens",1,"AD",37346027
11268,"Lutjanidae","Lutjanus","bohar",6,"AD",37346029
11268,"Nemipteridae","Scolopsis","regina",2,"AD",37347006
11268,"Lethrinidae","Lethrinus","olivaceus",9,"AD",37351004
11268,"Lethrinidae","Lethrinus","nebulosus",1,"AD",37351008
11268,"Lethrinidae","Lethrinus","ravus",1,"AD",37351031
11268,"Mullidae","Parupeneus","indicus",5,"AD",37355005
11268,"Mullidae","Parupeneus","barberinus",1,"AD",37355022
11268,"Labridae","Cheilinus","undulatus",1,"AD",37384038
11268,"Labridae","Oxycheilinus","bimaculatus",1,"AD",37384063
11268,"Labridae","Halichoeres","hartzfeldii",11,"AD",37384123
11268,"Balistidae","Sufflamen","chrysopterum",1,"AD",37465079
11269,"Carcharhinidae","Carcharhinus","amblyrhynchos",4,"JUV",37018030
11269,"Serranidae","Plectropomus","maculatus",1,"AD",37311012
11269,"Serranidae","Plectropomus","leopardus",2,"AD",37311078
11269,"Echeneidae","Echeneis","naucrates",1,"JUV",37336001
11269,"Carangidae","Turrum","fulvoguttatus",2,"JUV",37337037
11269,"Lutjanidae","Symphorus","nematophorus",1,"AD",37346017
11269,"Lutjanidae","Symphorus","nematophorus",1,"JUV",37346017
11269,"Lutjanidae","Aprion","virescens",1,"AD",37346027
11269,"Nemipteridae","Scolopsis","regina",2,"AD",37347006
11269,"Nemipteridae","Pentapodus","aureofasciatus",9,"JUV",37347029
11269,"Lethrinidae","Lethrinus","nebulosus",1,"AD",37351008
11269,"Lethrinidae","Lethrinus","ravus",8,"AD",37351031
11269,"Mullidae","Parupeneus","barberinus",2,"AD",37355022
11269,"Pomacentridae","Pomacentrus","chrysurus",2,"AD",37372110
11269,"Pomacentridae","Pomacentrus","moluccensis",1,"AD",37372118
11269,"Labridae","Halichoeres","hartzfeldii",8,"AD",37384123
11269,"Labridae","Thalassoma","lunare",1,"AD",37384167
11269,"Pinguipedidae","Parapercis","xanthozona",2,"AD",37390025
11270,"Carcharhinidae","Carcharhinus","amblyrhynchos",1,"AD",37018030
11270,"Carcharhinidae","Carcharhinus","melanopterus",1,"AD",37018036
11270,"Carcharhinidae","Triaenodon","obesus",1,"AD",37018038
11270,"Serranidae","Plectropomus","leopardus",3,"AD",37311078
11270,"Serranidae","Plectropomus","laevis",1,"JUV",37311079
11270,"Serranidae","Cephalopholis","cyanostigma",1,"AD",37311136
11270,"Serranidae","Cephalopholis","microprion",1,"AD",37311139
11270,"Echeneidae","Echeneis","naucrates",1,"JUV",37336001
11270,"Lutjanidae","Lutjanus","bohar",1,"AD",37346029
11270,"Nemipteridae","Scolopsis","bilineata",1,"AD",37347031
11270,"Lethrinidae","Lethrinus","atkinsoni",4,"AD",37351013
11270,"Mullidae","Parupeneus","barberinus",1,"AD",37355022
11270,"Kyphosidae","Kyphosus","cinerascens",1,"AD",37361022
11270,"Pomacanthidae","Pomacanthus","sexstriatus",2,"AD",37365010
11270,"Pomacanthidae","Centropyge","vrolikii",2,"AD",37365032
11270,"Chaetodontidae","Chaetodon","ephippium",1,"AD",37365037
11270,"Chaetodontidae","Chaetodon","plebeius",2,"AD",37365050
11270,"Chaetodontidae","Chaetodon","lunulatus",1,"AD",37365059
11270,"Chaetodontidae","Chaetodon","vagabundus",1,"AD",37365062
11270,"Pomacanthidae","Pomacanthus","xanthometopon",1,"AD",37365081
11270,"Pomacanthidae","Pygoplites","diacanthus",2,"AD",37365082
11270,"Pomacentridae","Acanthochromis","polyacanthus",1,"AD",37372015
11270,"Pomacentridae","Amblyglyphidodon","curacao",1,"AD",37372017
11270,"Pomacentridae","Chrysiptera","rollandi",1,"AD",37372067
11270,"Pomacentridae","Neopomacentrus","azysron",2,"AD",37372087
11270,"Pomacentridae","Pomacentrus","chrysurus",1,"AD",37372110
11270,"Pomacentridae","Pomacentrus","lepidogenys",1,"AD",37372114
11270,"Pomacentridae","Pomacentrus","moluccensis",7,"AD",37372118
11270,"Labridae","Labroides","dimidiatus",2,"AD",37384028
11270,"Labridae","Cheilinus","undulatus",1,"AD",37384038
11270,"Labridae","Anampses","neoguinaicus",1,"AD",37384050
11270,"Labridae","Oxycheilinus","digramma",1,"AD",37384065
11270,"Labridae","Cheilinus","fasciatus",1,"AD",37384066
11270,"Labridae","Gomphosus","varius",2,"AD",37384106
11270,"Labridae","Hemigymnus","melapterus",1,"AD",37384125
11270,"Labridae","Labrichthys","unilineatus",1,"AD",37384129
11270,"Labridae","Pseudocheilinus","evanidus",1,"AD",37384142
11270,"Labridae","Thalassoma","hardwicke",1,"AD",37384165
11270,"Labridae","Thalassoma","lunare",3,"AD",37384167
11270,"Labridae","Scarus","ghobban",1,"JUV",37386001
11270,"Labridae","Cetoscarus","ocellatus",1,"AD",37386007
11270,"Labridae","Scarus","frenatus",2,"AD",37386016
11270,"Labridae","Chlorurus","sordidus",2,"AD",37386030
11270,"Acanthuridae","Acanthurus","grammoptilus",4,"AD",37437002
11270,"Acanthuridae","Acanthurus","nigricauda",1,"AD",37437013
11270,"Acanthuridae","Ctenochaetus","striatus",4,"AD",37437022
11270,"Acanthuridae","Naso","lituratus",2,"AD",37437029
11270,"Acanthuridae","Naso","unicornis",2,"AD",37437031
11270,"Acanthuridae","Zebrasoma","scopas",2,"AD",37437036
11270,"Acanthuridae","Zebrasoma","veliferum",2,"AD",37437037
11270,"Siganidae","Siganus","punctatus",2,"AD",37438003
11270,"Siganidae","Siganus","corallinus",2,"AD",37438008
11270,"Siganidae","Siganus","doliatus",2,"AD",37438009
11270,"Siganidae","Siganus","puellus",2,"AD",37438011
11270,"Siganidae","Siganus","vulpinus",1,"AD",37438017
11270,"Balistidae","Balistapus","undulatus",1,"AD",37465047
11270,"Balistidae","Balistoides","viridescens",1,"AD",37465048
11271,"Carcharhinidae","Triaenodon","obesus",1,"AD",37018038
11271,"Serranidae","Plectropomus","leopardus",2,"AD",37311078
11271,"Serranidae","Cephalopholis","cyanostigma",1,"AD",37311136
11271,"Carangidae","Turrum","fulvoguttatus",1,"AD",37337037
11271,"Lutjanidae","Lutjanus","quinquelineatus",1,"AD",37346006
11271,"Caesionidae","Caesio","cuning",8,"JUV",37346018
11271,"Lutjanidae","Lutjanus","fulvus",1,"AD",37346043
11271,"Lethrinidae","Lethrinus","atkinsoni",1,"AD",37351013
11271,"Lethrinidae","Lethrinus","obsoletus",1,"AD",37351019
11271,"Mullidae","Parupeneus","indicus",1,"AD",37355005
11271,"Mullidae","Parupeneus","barberinus",1,"AD",37355022
11271,"Pomacanthidae","Pomacanthus","sexstriatus",1,"AD",37365010
11271,"Chaetodontidae","Chelmon","rostratus",2,"AD",37365017
11271,"Pomacanthidae","Centropyge","bicolor",1,"AD",37365022
11271,"Chaetodontidae","Chaetodon","rainfordi",1,"AD",37365053
11271,"Chaetodontidae","Chaetodon","vagabundus",2,"AD",37365062
11271,"Pomacanthidae","Pygoplites","diacanthus",1,"AD",37365082
11271,"Pomacentridae","Pomacentrus","amboinensis",1,"AD",37372106
11271,"Labridae","Labroides","dimidiatus",4,"AD",37384028
11271,"Labridae","Choerodon","fasciatus",3,"AD",37384073
11271,"Labridae","Pseudocheilinus","evanidus",1,"AD",37384142
11271,"Labridae","Thalassoma","lunare",2,"AD",37384167
11271,"Blenniidae","Aspidontus","dussumieri",1,"AD",37408007
11271,"Blenniidae","Meiacanthus","atrodorsalis",2,"JUV",37408051
11271,"Acanthuridae","Acanthurus","grammoptilus",4,"AD",37437002
11271,"Acanthuridae","Acanthurus","nigricauda",2,"AD",37437013
11271,"Acanthuridae","Ctenochaetus","striatus",1,"AD",37437022
11271,"Siganidae","Siganus","doliatus",2,"AD",37438009
11271,"Balistidae","Balistapus","undulatus",1,"AD",37465047
11272,"Serranidae","Plectropomus","leopardus",2,"AD",37311078
11272,"Serranidae","Variola","louti",1,"AD",37311166
11272,"Lutjanidae","Macolor","niger",1,"AD",37346048
11272,"Lethrinidae","Lethrinus","atkinsoni",1,"AD",37351013
11272,"Chaetodontidae","Chaetodon","lineolatus",1,"AD",37365041
11272,"Pinguipedidae","Parapercis","xanthozona",1,"AD",37390025
11272,"Acanthuridae","Acanthurus","nigricauda",2,"AD",37437013
11273,"Lethrinidae","Lethrinus","rubrioperculatus",2,"AD",37351012
11273,"Lethrinidae","Gymnocranius","microdon",1,"JUV",37351030
11273,"Mullidae","Parupeneus","barberinus",1,"AD",37355022
11273,"Labridae","Halichoeres","hartzfeldii",6,"AD",37384123
11274,"Carcharhinidae","Triaenodon","obesus",1,"AD",37018038
11274,"Serranidae","Plectropomus","leopardus",5,"AD",37311078
11274,"Serranidae","Plectropomus","laevis",1,"AD",37311079
11274,"Serranidae","Cephalopholis","microprion",1,"AD",37311139
11274,"Serranidae","Cephalopholis","urodeta",2,"AD",37311142
11274,"Malacanthidae","Malacanthus","latovittatus",3,"AD",37331010
11274,"Carangidae","Caranx","melampygus",5,"AD",37337050
11274,"Caesionidae","Caesio","cuning",2,"AD",37346018
11274,"Lutjanidae","Lutjanus","bohar",1,"JUV",37346029
11274,"Nemipteridae","Scolopsis","bilineata",1,"AD",37347031
11274,"Lethrinidae","Monotaxis","grandoculis",1,"AD",37351026
11274,"Mullidae","Parupeneus","barberinus",1,"AD",37355022
11274,"Mullidae","Parupeneus","cyclostomus",1,"AD",37355025
11274,"Mullidae","Parupeneus","multifasciatus",2,"AD",37355026
11274,"Mullidae","Parupeneus","pleurostigma",2,"AD",37355027
11274,"Chaetodontidae","Chaetodon","auriga",2,"AD",37365019
11274,"Pomacanthidae","Centropyge","bicolor",4,"AD",37365022
11274,"Chaetodontidae","Chaetodon","kleinii",1,"AD",37365040
11274,"Chaetodontidae","Chaetodon","mertensii",2,"AD",37365044
11274,"Chaetodontidae","Chaetodon","pelewensis",1,"AD",37365049
11274,"Chaetodontidae","Chaetodon","vagabundus",2,"AD",37365062
11274,"Pomacentridae","Chromis","margaritifer",1,"AD",37372047
11274,"Pomacentridae","Chromis","ternatensis",27,"AD",37372051
11274,"Pomacentridae","Chromis","xanthura",1,"AD",37372057
11274,"Pomacentridae","Chrysiptera","flavipinnis",4,"AD",37372061
11274,"Pomacentridae","Dascyllus","reticulatus",4,"AD",37372074
11274,"Pomacentridae","Pomacentrus","brachialis",2,"AD",37372109
11274,"Pomacentridae","Pomacentrus","coelestis",8,"AD",37372111
11274,"Pomacentridae","Pomacentrus","moluccensis",4,"AD",37372118
11274,"Labridae","Labroides","dimidiatus",2,"AD",37384028
11274,"Labridae","Cheilinus","undulatus",1,"AD",37384038
11274,"Labridae","Cheilinus","fasciatus",1,"AD",37384066
11274,"Labridae","Cheilio","inermis",1,"AD",37384070
11274,"Labridae","Cirrhilabrus","punctatus",11,"AD",37384083
11274,"Labridae","Coris","gaimard",1,"JUV",37384094
11274,"Labridae","Coris","batuensis",1,"AD",37384098
11274,"Labridae","Epibulus","insidiator",1,"AD",37384104
11274,"Labridae","Gomphosus","varius",2,"AD",37384106
11274,"Labridae","Halichoeres","chrysus",1,"AD",37384110
11274,"Labridae","Halichoeres","hortulanus",1,"AD",37384112
11274,"Labridae","Pseudocheilinus","evanidus",1,"AD",37384142
11274,"Labridae","Stethojulis","bandanensis",1,"AD",37384154
11274,"Labridae","Thalassoma","lunare",10,"AD",37384167
11274,"Labridae","Thalassoma","nigrofasciatum",1,"AD",37384196
11274,"Labridae","Scarus","chameleon",1,"JUV",37386012
11274,"Labridae","Scarus","flavipectoralis",2,"AD",37386014
11274,"Labridae","Scarus","psittacus",4,"AD",37386024
11274,"Labridae","Scarus","schlegeli",1,"AD",37386029
11274,"Labridae","Chlorurus","sordidus",9,"JUV",37386030
11274,"Blenniidae","Meiacanthus","atrodorsalis",1,"AD",37408051
11274,"Blenniidae","Plagiotremus","tapeinosoma",2,"AD",37408076
11274,"Acanthuridae","Acanthurus","nigricauda",2,"AD",37437013
11274,"Acanthuridae","Acanthurus","pyroferus",2,"AD",37437017
11274,"Acanthuridae","Ctenochaetus","striatus",2,"AD",37437022
11274,"Balistidae","Balistapus","undulatus",1,"AD",37465047
11274,"Balistidae","Sufflamen","chrysopterum",1,"AD",37465079
11276,"Muraenidae","Gymnothorax","javanicus",2,"AD",37060039
11276,"Holocentridae","Sargocentron","caudimaculatum",1,"AD",37261022
11276,"Serranidae","Plectropomus","leopardus",2,"AD",37311078
11276,"Serranidae","Plectropomus","laevis",1,"AD",37311079
11276,"Serranidae","Cephalopholis","leopardus",1,"JUV",37311138
11276,"Serranidae","Variola","louti",1,"AD",37311166
11276,"Lutjanidae","Lutjanus","bohar",1,"AD",37346029
11276,"Caesionidae","Pterocaesio","marri",2,"AD",37346068
11276,"Lethrinidae","Lethrinus","atkinsoni",2,"AD",37351013
11276,"Lethrinidae","Lethrinus","erythracanthus",1,"AD",37351025
11276,"Mullidae","Parupeneus","barberinus",1,"AD",37355022
11276,"Mullidae","Parupeneus","multifasciatus",1,"AD",37355026
11276,"Pomacanthidae","Centropyge","vrolikii",1,"AD",37365032
11276,"Chaetodontidae","Chaetodon","pelewensis",2,"AD",37365049
11276,"Chaetodontidae","Chaetodon","ulietensis",2,"AD",37365060
11276,"Pomacanthidae","Pygoplites","diacanthus",1,"AD",37365082
11276,"Pomacentridae","Acanthochromis","polyacanthus",13,"AD",37372015
11276,"Pomacentridae","Amblyglyphidodon","leucogaster",1,"AD",37372018
11276,"Pomacentridae","Chromis","amboinensis",4,"AD",37372034
11276,"Pomacentridae","Chromis","iomelas",3,"AD",37372043
11276,"Pomacentridae","Chromis","margaritifer",1,"AD",37372047
11276,"Pomacentridae","Dascyllus","reticulatus",2,"AD",37372074
11276,"Pomacentridae","Pomacentrus","brachialis",3,"AD",37372109
11276,"Pomacentridae","Pomacentrus","moluccensis",1,"AD",37372118
11276,"Pomacentridae","Pomacentrus","reidi",2,"AD",37372124
11276,"Labridae","Coris","gaimard",1,"JUV",37384094
11276,"Labridae","Halichoeres","hortulanus",1,"AD",37384112
11276,"Labridae","Pseudocheilinus","hexataenia",1,"AD",37384143
11276,"Labridae","Thalassoma","lunare",1,"AD",37384167
11276,"Labridae","Cetoscarus","ocellatus",1,"AD",37386007
11276,"Labridae","Scarus","psittacus",7,"AD",37386024
11276,"Zanclidae","Zanclus","cornutus",1,"AD",37437001
11276,"Acanthuridae","Acanthurus","pyroferus",1,"AD",37437017
11276,"Acanthuridae","Ctenochaetus","striatus",1,"AD",37437022
11276,"Acanthuridae","Naso","lituratus",1,"AD",37437029
11276,"Acanthuridae","Naso","unicornis",1,"AD",37437031
11276,"Acanthuridae","Naso","vlamingii",1,"AD",37437032
11276,"Acanthuridae","Zebrasoma","scopas",2,"AD",37437036
11276,"Siganidae","Siganus","punctatus",4,"AD",37438003
11276,"Siganidae","Siganus","corallinus",1,"AD",37438008
11276,"Balistidae","Balistapus","undulatus",1,"AD",37465047
11276,"Balistidae","Balistoides","viridescens",1,"AD",37465048
11276,"Balistidae","Sufflamen","bursa",1,"AD",37465078
11277,"Carcharhinidae","Carcharhinus","amblyrhynchos",1,"AD",37018030
11277,"Holocentridae","Myripristis","kuntee",1,"AD",37261011
11277,"Serranidae","Cephalopholis","argus",1,"AD",37311082
11277,"Serranidae","Cephalopholis","urodeta",2,"AD",37311142
11277,"Caesionidae","Caesio","cuning",2,"AD",37346018
11277,"Lutjanidae","Aprion","virescens",1,"AD",37346027
11277,"Lutjanidae","Lutjanus","bohar",1,"AD",37346029
11277,"Lutjanidae","Lutjanus","fulvus",1,"AD",37346043
11277,"Lutjanidae","Macolor","niger",1,"JUV",37346048
11277,"Caesionidae","Pterocaesio","marri",1,"AD",37346068
11277,"Kyphosidae","Kyphosus","cinerascens",1,"AD",37361022
11277,"Chaetodontidae","Chaetodon","baronessa",2,"AD",37365034
11277,"Chaetodontidae","Chaetodon","pelewensis",1,"AD",37365049
11277,"Chaetodontidae","Chaetodon","ulietensis",1,"AD",37365060
11277,"Chaetodontidae","Chaetodon","vagabundus",1,"AD",37365062
11277,"Chaetodontidae","Forcipiger","longirostris",1,"AD",37365069
11277,"Pomacentridae","Acanthochromis","polyacanthus",2,"AD",37372015
11277,"Pomacentridae","Chromis","margaritifer",2,"AD",37372047
11277,"Pomacentridae","Chromis","ternatensis",18,"AD",37372051
11277,"Pomacentridae","Dascyllus","reticulatus",1,"AD",37372074
11277,"Pomacentridae","Plectroglyphidodon","dickii",1,"AD",37372098
11277,"Pomacentridae","Plectroglyphidodon","lacrymatus",2,"AD",37372101
11277,"Pomacentridae","Pomacentrus","brachialis",1,"AD",37372109
11277,"Labridae","Labroides","dimidiatus",1,"AD",37384028
11277,"Labridae","Bodianus","axillaris",1,"AD",37384053
11277,"Labridae","Cheilinus","fasciatus",1,"AD",37384066
11277,"Labridae","Cheilinus","oxycephalus",1,"AD",37384067
11277,"Labridae","Epibulus","insidiator",2,"AD",37384104
11277,"Labridae","Gomphosus","varius",1,"AD",37384106
11277,"Labridae","Cetoscarus","ocellatus",1,"AD",37386007
11277,"Labridae","Hipposcarus","longiceps",1,"AD",37386008
11277,"Labridae","Scarus","psittacus",1,"AD",37386024
11277,"Labridae","Chlorurus","sordidus",1,"AD",37386030
11277,"Labridae","Scarus","spinus",1,"AD",37386031
11277,"Blenniidae","Meiacanthus","atrodorsalis",1,"AD",37408051
11277,"Acanthuridae","Acanthurus","blochii",1,"AD",37437007
11277,"Acanthuridae","Acanthurus","dussumieri",1,"AD",37437008
11277,"Acanthuridae","Ctenochaetus","striatus",1,"AD",37437022
11277,"Acanthuridae","Naso","annulatus",2,"AD",37437024
11277,"Acanthuridae","Zebrasoma","scopas",1,"AD",37437036
11277,"Acanthuridae","Zebrasoma","veliferum",2,"AD",37437037
11277,"Acanthuridae","Naso","tonganus",3,"AD",37437047
11277,"Siganidae","Siganus","punctatus",2,"AD",37438003
11277,"Siganidae","Siganus","corallinus",3,"AD",37438008
11277,"Tetraodontidae","Canthigaster","valentini",1,"AD",37467043
11278,"Fistulariidae","Fistularia","commersonii",1,"AD",37278001
11278,"Lutjanidae","Lutjanus","bohar",1,"AD",37346029
11278,"Lutjanidae","Macolor","niger",3,"AD",37346048
11278,"Mullidae","Parupeneus","barberinus",2,"AD",37355022
11278,"Mullidae","Parupeneus","multifasciatus",2,"AD",37355026
11278,"Acanthuridae","Acanthurus","dussumieri",2,"AD",37437008
11278,"Acanthuridae","Acanthurus","nigricauda",3,"AD",37437013
11278,"Acanthuridae","Naso","unicornis",1,"AD",37437031
11278,"Balistidae","Sufflamen","chrysopterum",1,"AD",37465079
11280,"Carcharhinidae","Triaenodon","obesus",4,"AD",37018038
11280,"Fistulariidae","Fistularia","commersonii",1,"AD",37278001
11280,"Carangidae","Turrum","fulvoguttatus",1,"AD",37337037
11280,"Caesionidae","Caesio","cuning",1,"AD",37346018
11280,"Lutjanidae","Aprion","virescens",1,"AD",37346027
11280,"Nemipteridae","Pentapodus","aureofasciatus",1,"JUV",37347029
11280,"Ephippidae","Platax","orbicularis",1,"AD",37362007
11280,"Pomacanthidae","Pomacanthus","sexstriatus",2,"AD",37365010
11280,"Chaetodontidae","Chaetodon","auriga",2,"AD",37365019
11280,"Chaetodontidae","Chaetodon","lineolatus",2,"AD",37365041
11280,"Chaetodontidae","Chaetodon","vagabundus",2,"AD",37365062
11280,"Pomacanthidae","Pomacanthus","xanthometopon",2,"AD",37365081
11280,"Sphyraenidae","Sphyraena","jello",2,"AD",37382004
11280,"Labridae","Thalassoma","nigrofasciatum",5,"JUV",37384196
11280,"Labridae","Bolbometopon","muricatum",2,"AD",37386004
11280,"Labridae","Cetoscarus","ocellatus",1,"AD",37386007
11280,"Labridae","Hipposcarus","longiceps",56,"AD",37386008
11280,"Labridae","Scarus","altipinnis",1,"AD",37386010
11280,"Labridae","Scarus","chameleon",2,"AD",37386012
11280,"Labridae","Scarus","flavipectoralis",1,"AD",37386014
11280,"Labridae","Scarus","schlegeli",8,"AD",37386029
11280,"Acanthuridae","Acanthurus","dussumieri",1,"AD",37437008
11280,"Acanthuridae","Acanthurus","olivaceus",6,"AD",37437016
11280,"Acanthuridae","Naso","lituratus",2,"AD",37437029
11280,"Acanthuridae","Naso","unicornis",4,"AD",37437031
11280,"Acanthuridae","Zebrasoma","veliferum",2,"AD",37437037
11280,"Acanthuridae","Naso","tonganus",1,"AD",37437047
11280,"Balistidae","Balistapus","undulatus",1,"AD",37465047
11280,"Balistidae","Sufflamen","chrysopterum",3,"AD",37465079
11281,"Carcharhinidae","Triaenodon","obesus",1,"AD",37018038
11281,"Muraenidae","Gymnothorax","javanicus",1,"AD",37060039
11281,"Serranidae","Cephalopholis","argus",1,"AD",37311082
11281,"Serranidae","Cephalopholis","urodeta",2,"AD",37311142
11281,"Serranidae","Variola","louti",1,"AD",37311166
11281,"Lutjanidae","Lutjanus","bohar",1,"JUV",37346029
11281,"Nemipteridae","Scolopsis","bilineata",6,"AD",37347031
11281,"Lethrinidae","Monotaxis","grandoculis",1,"AD",37351026
11281,"Mullidae","Parupeneus","cyclostomus",1,"AD",37355025
11281,"Mullidae","Parupeneus","cyclostomus",1,"JUV",37355025
11281,"Mullidae","Parupeneus","multifasciatus",1,"AD",37355026
11281,"Mullidae","Parupeneus","pleurostigma",1,"AD",37355027
11281,"Pomacanthidae","Centropyge","vrolikii",1,"AD",37365032
11281,"Chaetodontidae","Chaetodon","citrinellus",2,"AD",37365036
11281,"Chaetodontidae","Chaetodon","melannotus",3,"AD",37365043
11281,"Chaetodontidae","Chaetodon","plebeius",1,"AD",37365050
11281,"Chaetodontidae","Chaetodon","trifascialis",2,"AD",37365058
11281,"Chaetodontidae","Chaetodon","lunulatus",2,"AD",37365059
11281,"Chaetodontidae","Chaetodon","ulietensis",2,"AD",37365060
11281,"Chaetodontidae","Chaetodon","vagabundus",1,"AD",37365062
11281,"Chaetodontidae","Forcipiger","longirostris",1,"AD",37365069
11281,"Pomacentridae","Chromis","margaritifer",3,"AD",37372047
11281,"Pomacentridae","Chromis","ternatensis",1,"AD",37372051
11281,"Pomacentridae","Chrysiptera","rex",1,"AD",37372066
11281,"Pomacentridae","Dascyllus","reticulatus",2,"AD",37372074
11281,"Pomacentridae","Pomacentrus","bankanensis",3,"AD",37372108
11281,"Pomacentridae","Pomacentrus","coelestis",13,"AD",37372111
11281,"Cirrhitidae","Paracirrhites","arcatus",1,"AD",37374009
11281,"Labridae","Labroides","dimidiatus",2,"AD",37384028
11281,"Labridae","Cheilinus","undulatus",1,"AD",37384038
11281,"Labridae","Bodianus","axillaris",1,"AD",37384053
11281,"Labridae","Epibulus","insidiator",1,"AD",37384104
11281,"Labridae","Gomphosus","varius",1,"AD",37384106
11281,"Labridae","Halichoeres","hortulanus",1,"AD",37384112
11281,"Labridae","Hologymnosus","doliatus",1,"AD",37384127
11281,"Labridae","Pseudocheilinus","hexataenia",1,"AD",37384143
11281,"Labridae","Stethojulis","bandanensis",1,"AD",37384154
11281,"Labridae","Thalassoma","nigrofasciatum",4,"AD",37384196
11281,"Labridae","Pseudocoris","heteroptera",4,"AD",37384197
11281,"Labridae","Hipposcarus","longiceps",4,"AD",37386008
11281,"Labridae","Scarus","chameleon",1,"AD",37386012
11281,"Labridae","Scarus","flavipectoralis",1,"AD",37386014
11281,"Labridae","Scarus","frenatus",2,"AD",37386016
11281,"Labridae","Scarus","psittacus",9,"AD",37386024
11281,"Labridae","Scarus","rubroviolaceus",2,"AD",37386028
11281,"Labridae","Chlorurus","sordidus",1,"AD",37386030
11281,"Labridae","Scarus","spinus",1,"AD",37386031
11281,"Blenniidae","Aspidontus","dussumieri",1,"AD",37408007
11281,"Microdesmidae","Ptereleotris","evides",2,"AD",37435015
11281,"Zanclidae","Zanclus","cornutus",2,"AD",37437001
11281,"Acanthuridae","Acanthurus","mata",1,"AD",37437011
11281,"Acanthuridae","Acanthurus","nigricauda",4,"AD",37437013
11281,"Acanthuridae","Acanthurus","olivaceus",1,"AD",37437016
11281,"Acanthuridae","Ctenochaetus","striatus",4,"AD",37437022
11281,"Acanthuridae","Naso","annulatus",8,"AD",37437024
11281,"Acanthuridae","Naso","lituratus",1,"AD",37437029
11281,"Acanthuridae","Paracanthurus","hepatus",4,"AD",37437033
11281,"Acanthuridae","Zebrasoma","scopas",3,"AD",37437036
11281,"Acanthuridae","Zebrasoma","veliferum",1,"AD",37437037
11281,"Siganidae","Siganus","punctatus",2,"AD",37438003
11281,"Balistidae","Balistapus","undulatus",1,"AD",37465047
11281,"Tetraodontidae","Canthigaster","valentini",1,"AD",37467043
11282,"Carcharhinidae","Triaenodon","obesus",1,"AD",37018038
11282,"Serranidae","Cephalopholis","argus",1,"AD",37311082
11282,"Serranidae","Pseudanthias","squamipinnis",3,"AD",37311126
11282,"Serranidae","Cephalopholis","urodeta",2,"AD",37311142
11282,"Serranidae","Variola","louti",1,"AD",37311166
11282,"Lutjanidae","Lutjanus","quinquelineatus",13,"AD",37346006
11282,"Lutjanidae","Lutjanus","bohar",1,"AD",37346029
11282,"Lutjanidae","Lutjanus","bohar",2,"JUV",37346029
11282,"Nemipteridae","Scolopsis","bilineata",1,"AD",37347031
11282,"Lethrinidae","Monotaxis","grandoculis",2,"AD",37351026
11282,"Mullidae","Parupeneus","pleurostigma",2,"AD",37355027
11282,"Pomacanthidae","Pomacanthus","sexstriatus",1,"AD",37365010
11282,"Chaetodontidae","Chaetodon","aureofasciatus",1,"AD",37365013
11282,"Pomacanthidae","Centropyge","bicolor",2,"AD",37365022
11282,"Pomacanthidae","Centropyge","bispinosa",1,"AD",37365023
11282,"Chaetodontidae","Chaetodon","baronessa",1,"AD",37365034
11282,"Chaetodontidae","Chaetodon","ephippium",2,"AD",37365037
11282,"Chaetodontidae","Chaetodon","kleinii",1,"AD",37365040
11282,"Chaetodontidae","Chaetodon","pelewensis",1,"AD",37365049
11282,"Chaetodontidae","Chaetodon","vagabundus",2,"AD",37365062
11282,"Pomacanthidae","Pygoplites","diacanthus",1,"AD",37365082
11282,"Pomacentridae","Acanthochromis","polyacanthus",1,"AD",37372015
11282,"Pomacentridae","Chromis","lepidolepis",7,"AD",37372045
11282,"Pomacentridae","Chromis","margaritifer",1,"AD",37372047
11282,"Pomacentridae","Chromis","ternatensis",16,"AD",37372051
11282,"Pomacentridae","Chromis","weberi",5,"AD",37372054
11282,"Pomacentridae","Chromis","xanthochira",1,"AD",37372056
11282,"Pomacentridae","Dascyllus","reticulatus",12,"AD",37372074
11282,"Pomacentridae","Dascyllus","trimaculatus",1,"AD",37372075
11282,"Pomacentridae","Pomacentrus","brachialis",14,"AD",37372109
11282,"Pomacentridae","Pomacentrus","moluccensis",11,"AD",37372118
11282,"Cirrhitidae","Paracirrhites","arcatus",1,"AD",37374009
11282,"Labridae","Labroides","dimidiatus",1,"AD",37384028
11282,"Labridae","Oxycheilinus","orientalis",1,"AD",37384030
11282,"Labridae","Anampses","neoguinaicus",2,"AD",37384050
11282,"Labridae","Bodianus","loxozonus",1,"AD",37384059
11282,"Labridae","Oxycheilinus","digramma",1,"AD",37384065
11282,"Labridae","Cirrhilabrus","punctatus",4,"AD",37384083
11282,"Labridae","Coris","batuensis",1,"AD",37384098
11282,"Labridae","Epibulus","insidiator",1,"AD",37384104
11282,"Labridae","Gomphosus","varius",2,"AD",37384106
11282,"Labridae","Halichoeres","hortulanus",1,"AD",37384112
11282,"Labridae","Labrichthys","unilineatus",1,"AD",37384129
11282,"Labridae","Labrichthys","unilineatus",1,"JUV",37384129
11282,"Labridae","Labroides","bicolor",1,"AD",37384130
11282,"Labridae","Stethojulis","bandanensis",1,"AD",37384154
11282,"Labridae","Thalassoma","lunare",6,"AD",37384167
11282,"Labridae","Thalassoma","nigrofasciatum",1,"AD",37384196
11282,"Labridae","Pseudocoris","heteroptera",2,"AD",37384197
11282,"Labridae","Scarus","ghobban",1,"AD",37386001
11282,"Labridae","Scarus","chameleon",1,"AD",37386012
11282,"Labridae","Scarus","niger",2,"AD",37386021
11282,"Labridae","Scarus","psittacus",18,"AD",37386024
11282,"Labridae","Scarus","rubroviolaceus",1,"AD",37386028
11282,"Labridae","Chlorurus","sordidus",1,"AD",37386030
11282,"Blenniidae","Plagiotremus","rhinorhynchos",3,"AD",37408004
11282,"Blenniidae","Plagiotremus","tapeinosoma",2,"AD",37408076
11282,"Gobiidae","Valenciennea","strigata",2,"AD",37428286
11282,"Zanclidae","Zanclus","cornutus",2,"AD",37437001
11282,"Acanthuridae","Acanthurus","nigricauda",5,"AD",37437013
11282,"Acanthuridae","Acanthurus","olivaceus",2,"AD",37437016
11282,"Acanthuridae","Acanthurus","pyroferus",2,"AD",37437017
11282,"Acanthuridae","Ctenochaetus","striatus",1,"AD",37437022
11282,"Acanthuridae","Naso","lituratus",2,"AD",37437029
11282,"Acanthuridae","Zebrasoma","scopas",1,"AD",37437036
11282,"Acanthuridae","Naso","tonganus",1,"AD",37437047
11282,"Siganidae","Siganus","canaliculatus",1,"AD",37438004
11282,"Balistidae","Balistapus","undulatus",2,"AD",37465047
11282,"Labridae","Pseudojuloides","splendens",7,"AD",37992121
11283,"Serranidae","Plectropomus","leopardus",2,"AD",37311078
11283,"Carangidae","Alectis","ciliaris",2,"AD",37337018
11283,"Lutjanidae","Lutjanus","bohar",1,"AD",37346029
11283,"Lethrinidae","Gymnocranius","grandoculis",1,"AD",37351005
11283,"Acanthuridae","Naso","tonganus",2,"AD",37437047
11284,"Carcharhinidae","Triaenodon","obesus",1,"AD",37018038
11284,"Dasyatidae","Taeniurops","meyeni",1,"AD",37035017
11284,"Serranidae","Pseudanthias","squamipinnis",1,"AD",37311126
11284,"Serranidae","Cephalopholis","urodeta",1,"AD",37311142
11284,"Lutjanidae","Lutjanus","quinquelineatus",1,"AD",37346006
11284,"Nemipteridae","Pentapodus","aureofasciatus",6,"AD",37347029
11284,"Nemipteridae","Scolopsis","bilineata",1,"AD",37347031
11284,"Lethrinidae","Lethrinus","nebulosus",1,"AD",37351008
11284,"Mullidae","Parupeneus","cyclostomus",1,"AD",37355025
11284,"Mullidae","Parupeneus","multifasciatus",3,"AD",37355026
11284,"Mullidae","Parupeneus","pleurostigma",2,"AD",37355027
11284,"Pomacanthidae","Pomacanthus","sexstriatus",1,"AD",37365010
11284,"Pomacanthidae","Centropyge","bicolor",3,"AD",37365022
11284,"Chaetodontidae","Chaetodon","kleinii",1,"AD",37365040
11284,"Pomacentridae","Chromis","margaritifer",1,"AD",37372047
11284,"Pomacentridae","Chromis","weberi",1,"AD",37372054
11284,"Pomacentridae","Dascyllus","reticulatus",3,"AD",37372074
11284,"Pomacentridae","Pomacentrus","brachialis",2,"AD",37372109
11284,"Pomacentridae","Pomacentrus","coelestis",11,"AD",37372111
11284,"Pomacentridae","Pomacentrus","moluccensis",2,"AD",37372118
11284,"Pomacentridae","Pomacentrus","vaiuli",3,"AD",37372126
11284,"Labridae","Labroides","dimidiatus",1,"AD",37384028
11284,"Labridae","Cirrhilabrus","exquisitus",5,"AD",37384080
11284,"Labridae","Cirrhilabrus","punctatus",4,"AD",37384083
11284,"Labridae","Coris","gaimard",1,"AD",37384094
11284,"Labridae","Coris","batuensis",1,"AD",37384098
11284,"Labridae","Gomphosus","varius",1,"AD",37384106
11284,"Labridae","Halichoeres","biocellatus",1,"JUV",37384107
11284,"Labridae","Halichoeres","hortulanus",1,"AD",37384112
11284,"Labridae","Hologymnosus","doliatus",1,"AD",37384127
11284,"Labridae","Labrichthys","unilineatus",1,"AD",37384129
11284,"Labridae","Macropharyngodon","meleagris",1,"AD",37384136
11284,"Labridae","Pseudocoris","yamashiroi",6,"AD",37384145
11284,"Labridae","Stethojulis","bandanensis",1,"AD",37384154
11284,"Labridae","Thalassoma","lunare",5,"AD",37384167
11284,"Labridae","Pseudocheilinus","ocellatus",1,"AD",37384184
11284,"Labridae","Scarus","schlegeli",1,"AD",37386029
11284,"Pinguipedidae","Parapercis","queenslandica",1,"AD",37390011
11284,"Blenniidae","Ecsenius","bicolor",1,"AD",37408022
11284,"Gobiidae","Valenciennea","strigata",2,"AD",37428286
11284,"Acanthuridae","Ctenochaetus","striatus",2,"AD",37437022
11284,"Siganidae","Siganus","punctatus",1,"AD",37438003
11284,"Balistidae","Balistapus","undulatus",2,"AD",37465047
11284,"Balistidae","Sufflamen","chrysopterum",1,"AD",37465079
11284,"Tetraodontidae","Canthigaster","valentini",1,"AD",37467043
11285,"Serranidae","Plectropomus","leopardus",1,"AD",37311078
11285,"Serranidae","Plectropomus","laevis",1,"AD",37311079
11285,"Serranidae","Cephalopholis","argus",1,"AD",37311082
11285,"Serranidae","Cephalopholis","cyanostigma",1,"AD",37311136
11285,"Serranidae","Cephalopholis","leopardus",2,"AD",37311138
11285,"Serranidae","Cephalopholis","urodeta",1,"AD",37311142
11285,"Serranidae","Variola","louti",1,"AD",37311166
11285,"Lutjanidae","Lutjanus","quinquelineatus",18,"AD",37346006
11285,"Lutjanidae","Lutjanus","rivulatus",1,"AD",37346016
11285,"Caesionidae","Caesio","cuning",1,"AD",37346018
11285,"Nemipteridae","Scolopsis","bilineata",1,"AD",37347031
11285,"Kyphosidae","Kyphosus","vaigiensis",3,"AD",37361014
11285,"Pomacanthidae","Centropyge","bispinosa",1,"AD",37365023
11285,"Pomacanthidae","Centropyge","vrolikii",1,"AD",37365032
11285,"Chaetodontidae","Chaetodon","baronessa",1,"AD",37365034
11285,"Chaetodontidae","Chaetodon","kleinii",2,"AD",37365040
11285,"Chaetodontidae","Chaetodon","melannotus",4,"AD",37365043
11285,"Chaetodontidae","Chaetodon","mertensii",1,"AD",37365044
11285,"Chaetodontidae","Chaetodon","ornatissimus",1,"AD",37365047
11285,"Chaetodontidae","Chaetodon","pelewensis",2,"AD",37365049
11285,"Chaetodontidae","Chaetodon","speculum",3,"AD",37365056
11285,"Chaetodontidae","Chaetodon","lunulatus",2,"AD",37365059
11285,"Chaetodontidae","Chaetodon","vagabundus",2,"AD",37365062
11285,"Pomacanthidae","Pomacanthus","semicirculatus",2,"AD",37365080
11285,"Pomacanthidae","Pomacanthus","xanthometopon",1,"AD",37365081
11285,"Pomacanthidae","Pygoplites","diacanthus",1,"AD",37365082
11285,"Pomacentridae","Abudefduf","sexfasciatus",1,"AD",37372011
11285,"Pomacentridae","Acanthochromis","polyacanthus",2,"AD",37372015
11285,"Pomacentridae","Chromis","atripectoralis",1,"AD",37372036
11285,"Pomacentridae","Chromis","margaritifer",6,"AD",37372047
11285,"Pomacentridae","Chromis","retrofasciata",1,"AD",37372050
11285,"Pomacentridae","Chromis","ternatensis",26,"AD",37372051
11285,"Pomacentridae","Chromis","weberi",5,"AD",37372054
11285,"Pomacentridae","Dascyllus","trimaculatus",4,"AD",37372075
11285,"Pomacentridae","Lepidozygus","tapeinosoma",6,"AD",37372082
11285,"Pomacentridae","Pomacentrus","bankanensis",1,"AD",37372108
11285,"Pomacentridae","Pomacentrus","brachialis",1,"AD",37372109
11285,"Pomacentridae","Pomacentrus","lepidogenys",1,"AD",37372114
11285,"Pomacentridae","Pomacentrus","moluccensis",2,"AD",37372118
11285,"Cirrhitidae","Paracirrhites","forsteri",1,"AD",37374010
11285,"Labridae","Labroides","dimidiatus",2,"AD",37384028
11285,"Labridae","Oxycheilinus","orientalis",2,"AD",37384030
11285,"Labridae","Cheilinus","undulatus",1,"AD",37384038
11285,"Labridae","Cheilinus","undulatus",1,"JUV",37384038
11285,"Labridae","Anampses","neoguinaicus",1,"AD",37384050
11285,"Labridae","Bodianus","axillaris",1,"AD",37384053
11285,"Labridae","Cirrhilabrus","exquisitus",6,"AD",37384080
11285,"Labridae","Cirrhilabrus","punctatus",8,"AD",37384083
11285,"Labridae","Epibulus","insidiator",1,"AD",37384104
11285,"Labridae","Gomphosus","varius",1,"AD",37384106
11285,"Labridae","Halichoeres","margaritaceus",1,"AD",37384113
11285,"Labridae","Halichoeres","prosopeion",1,"AD",37384120
11285,"Labridae","Labrichthys","unilineatus",2,"AD",37384129
11285,"Labridae","Labroides","bicolor",1,"AD",37384130
11285,"Labridae","Pseudocheilinus","evanidus",1,"AD",37384142
11285,"Labridae","Thalassoma","lunare",5,"AD",37384167
11285,"Labridae","Thalassoma","nigrofasciatum",1,"AD",37384196
11285,"Labridae","Cetoscarus","ocellatus",1,"AD",37386007
11285,"Labridae","Scarus","altipinnis",1,"AD",37386010
11285,"Labridae","Scarus","chameleon",1,"AD",37386012
11285,"Labridae","Scarus","frenatus",1,"AD",37386016
11285,"Labridae","Scarus","globiceps",5,"AD",37386018
11285,"Labridae","Chlorurus","microrhinos",1,"AD",37386020
11285,"Labridae","Scarus","niger",2,"AD",37386021
11285,"Labridae","Scarus","oviceps",6,NA,37386022
11285,"Labridae","Scarus","psittacus",1,"AD",37386024
11285,"Labridae","Chlorurus","sordidus",7,"AD",37386030
11285,"Blenniidae","Plagiotremus","rhinorhynchos",1,"AD",37408004
11285,"Acanthuridae","Acanthurus","nigricauda",2,"AD",37437013
11285,"Acanthuridae","Acanthurus","pyroferus",1,"AD",37437017
11285,"Acanthuridae","Ctenochaetus","striatus",3,"AD",37437022
11285,"Acanthuridae","Naso","annulatus",8,"AD",37437024
11285,"Acanthuridae","Naso","brachycentron",1,"AD",37437025
11285,"Acanthuridae","Naso","lituratus",1,"AD",37437029
11285,"Acanthuridae","Zebrasoma","scopas",3,"AD",37437036
11285,"Acanthuridae","Naso","tonganus",1,"AD",37437047
11285,"Balistidae","Balistapus","undulatus",1,"AD",37465047
11285,"Balistidae","Balistoides","viridescens",1,"AD",37465048
11286,"Dasyatidae","Taeniurops","meyeni",1,"AD",37035017
11286,"Serranidae","Plectropomus","leopardus",2,"AD",37311078
11286,"Serranidae","Cephalopholis","urodeta",1,"AD",37311142
11286,"Lutjanidae","Lutjanus","quinquelineatus",3,"AD",37346006
11286,"Lutjanidae","Lutjanus","bohar",1,"AD",37346029
11286,"Lutjanidae","Macolor","niger",1,"AD",37346048
11286,"Nemipteridae","Scolopsis","bilineata",1,"AD",37347031
11286,"Mullidae","Parupeneus","multifasciatus",1,"AD",37355026
11286,"Mullidae","Parupeneus","pleurostigma",1,"AD",37355027
11286,"Kyphosidae","Kyphosus","vaigiensis",6,"AD",37361014
11286,"Kyphosidae","Kyphosus","cinerascens",4,"AD",37361022
11286,"Pomacanthidae","Centropyge","bicolor",1,"AD",37365022
11286,"Chaetodontidae","Chaetodon","plebeius",1,"AD",37365050
11286,"Chaetodontidae","Chaetodon","vagabundus",2,"AD",37365062
11286,"Pomacanthidae","Pomacanthus","semicirculatus",1,"AD",37365080
11286,"Pomacentridae","Chromis","margaritifer",1,"AD",37372047
11286,"Pomacentridae","Chromis","ternatensis",1,"AD",37372051
11286,"Pomacentridae","Chrysiptera","talboti",1,"JUV",37372069
11286,"Pomacentridae","Pomacentrus","bankanensis",1,"AD",37372108
11286,"Pomacentridae","Pomacentrus","brachialis",1,"AD",37372109
11286,"Pomacentridae","Pomacentrus","coelestis",2,"JUV",37372111
11286,"Pomacentridae","Pomacentrus","moluccensis",1,"AD",37372118
11286,"Cirrhitidae","Cirrhitichthys","falco",1,"AD",37374003
11286,"Labridae","Labroides","dimidiatus",2,"AD",37384028
11286,"Labridae","Cheilinus","undulatus",2,"JUV",37384038
11286,"Labridae","Anampses","neoguinaicus",1,"AD",37384050
11286,"Labridae","Cheilinus","fasciatus",1,"AD",37384066
11286,"Labridae","Coris","batuensis",1,"AD",37384098
11286,"Labridae","Epibulus","insidiator",1,"AD",37384104
11286,"Labridae","Halichoeres","hortulanus",2,"AD",37384112
11286,"Labridae","Novaculichthys","taeniourus",1,"JUV",37384140
11286,"Labridae","Thalassoma","amblycephalum",1,"AD",37384164
11286,"Labridae","Thalassoma","lunare",2,"AD",37384167
11286,"Labridae","Anampses","melanurus",3,"AD",37384180
11286,"Labridae","Scarus","ghobban",1,"AD",37386001
11286,"Labridae","Bolbometopon","muricatum",1,"AD",37386004
11286,"Blenniidae","Ecsenius","bicolor",1,"AD",37408022
11286,"Acanthuridae","Acanthurus","nigricauda",2,"AD",37437013
11286,"Acanthuridae","Acanthurus","pyroferus",1,"AD",37437017
11286,"Acanthuridae","Ctenochaetus","striatus",3,"AD",37437022
11286,"Acanthuridae","Naso","brevirostris",3,"AD",37437026
11286,"Acanthuridae","Naso","lituratus",1,"AD",37437029
11286,"Balistidae","Balistoides","conspicillum",1,"AD",37465031
11287,"Carcharhinidae","Carcharhinus","melanopterus",1,"AD",37018036
11287,"Carcharhinidae","Triaenodon","obesus",1,"AD",37018038
11287,"Serranidae","Epinephelus","maculatus",1,"AD",37311011
11287,"Serranidae","Epinephelus","fuscoguttatus",1,"AD",37311021
11287,"Serranidae","Plectropomus","leopardus",1,"AD",37311078
11287,"Serranidae","Plectropomus","laevis",1,"AD",37311079
11287,"Serranidae","Cephalopholis","urodeta",1,"AD",37311142
11287,"Serranidae","Variola","louti",1,"AD",37311166
11287,"Lutjanidae","Lutjanus","bohar",1,"JUV",37346029
11287,"Caesionidae","Pterocaesio","marri",11,"AD",37346068
11287,"Nemipteridae","Pentapodus","aureofasciatus",16,"AD",37347029
11287,"Nemipteridae","Scolopsis","bilineata",2,"AD",37347031
11287,"Lethrinidae","Monotaxis","grandoculis",2,"AD",37351026
11287,"Mullidae","Parupeneus","cyclostomus",2,"JUV",37355025
11287,"Mullidae","Parupeneus","multifasciatus",2,"AD",37355026
11287,"Pomacanthidae","Pomacanthus","sexstriatus",2,"AD",37365010
11287,"Chaetodontidae","Chaetodon","auriga",1,"AD",37365019
11287,"Pomacanthidae","Centropyge","bicolor",1,"AD",37365022
11287,"Pomacanthidae","Centropyge","vrolikii",1,"AD",37365032
11287,"Chaetodontidae","Chaetodon","citrinellus",2,"AD",37365036
11287,"Chaetodontidae","Chaetodon","mertensii",2,"AD",37365044
11287,"Chaetodontidae","Chaetodon","lunulatus",1,"AD",37365059
11287,"Chaetodontidae","Chaetodon","vagabundus",1,"AD",37365062
11287,"Pomacanthidae","Pomacanthus","xanthometopon",1,"AD",37365081
11287,"Pomacentridae","Chromis","margaritifer",5,"AD",37372047
11287,"Pomacentridae","Chromis","weberi",4,"AD",37372054
11287,"Pomacentridae","Chromis","xanthura",1,"AD",37372057
11287,"Pomacentridae","Dascyllus","reticulatus",1,"AD",37372074
11287,"Pomacentridae","Pomacentrus","brachialis",2,"AD",37372109
11287,"Pomacentridae","Pomacentrus","coelestis",8,"AD",37372111
11287,"Labridae","Labroides","dimidiatus",2,"AD",37384028
11287,"Labridae","Cheilinus","undulatus",2,"JUV",37384038
11287,"Labridae","Anampses","neoguinaicus",1,"AD",37384050
11287,"Labridae","Bodianus","axillaris",1,"AD",37384053
11287,"Labridae","Bodianus","diana",1,"AD",37384056
11287,"Labridae","Cheilio","inermis",1,"AD",37384070
11287,"Labridae","Coris","batuensis",1,"AD",37384098
11287,"Labridae","Gomphosus","varius",2,"AD",37384106
11287,"Labridae","Labrichthys","unilineatus",1,"AD",37384129
11287,"Labridae","Thalassoma","amblycephalum",2,"AD",37384164
11287,"Labridae","Thalassoma","lunare",7,"AD",37384167
11287,"Labridae","Cetoscarus","ocellatus",2,"AD",37386007
11287,"Labridae","Scarus","altipinnis",2,"AD",37386010
11287,"Labridae","Scarus","chameleon",1,"AD",37386012
11287,"Labridae","Scarus","frenatus",1,"AD",37386016
11287,"Labridae","Scarus","niger",1,"AD",37386021
11287,"Labridae","Chlorurus","sordidus",2,"AD",37386030
11287,"Acanthuridae","Acanthurus","nigricauda",3,"AD",37437013
11287,"Acanthuridae","Acanthurus","olivaceus",2,"AD",37437016
11287,"Acanthuridae","Acanthurus","pyroferus",1,"AD",37437017
11287,"Acanthuridae","Ctenochaetus","striatus",1,"AD",37437022
11287,"Acanthuridae","Naso","annulatus",16,"AD",37437024
11287,"Acanthuridae","Naso","unicornis",2,"AD",37437031
11287,"Acanthuridae","Zebrasoma","scopas",1,"AD",37437036
11287,"Siganidae","Siganus","corallinus",4,"AD",37438008
11287,"Balistidae","Balistapus","undulatus",1,"AD",37465047
11287,"Balistidae","Balistoides","viridescens",1,"AD",37465048
11287,"Balistidae","Sufflamen","chrysopterum",2,"AD",37465079
11288,"Carcharhinidae","Carcharhinus","amblyrhynchos",1,"AD",37018030
11288,"Dasyatidae","Neotrygon","australiae",1,"AD",37035004
11288,"Dasyatidae","Taeniurops","meyeni",2,"AD",37035017
11288,"Serranidae","Plectropomus","leopardus",1,"AD",37311078
11288,"Serranidae","Plectropomus","laevis",1,"AD",37311079
11288,"Serranidae","Plectropomus","laevis",1,"JUV",37311079
11288,"Serranidae","Cephalopholis","argus",1,"AD",37311082
11288,"Serranidae","Cephalopholis","urodeta",1,"AD",37311142
11288,"Serranidae","Epinephelus","spilotoceps",1,"AD",37311155
11288,"Serranidae","Variola","louti",1,"AD",37311166
11288,"Caesionidae","Caesio","cuning",3,"AD",37346018
11288,"Lutjanidae","Lutjanus","bohar",1,"AD",37346029
11288,"Lutjanidae","Lutjanus","fulvus",2,"AD",37346043
11288,"Lutjanidae","Macolor","niger",2,"JUV",37346048
11288,"Nemipteridae","Scolopsis","bilineata",2,"AD",37347031
11288,"Lethrinidae","Lethrinus","atkinsoni",1,"AD",37351013
11288,"Lethrinidae","Lethrinus","obsoletus",1,"AD",37351019
11288,"Mullidae","Parupeneus","barberinus",1,"AD",37355022
11288,"Mullidae","Parupeneus","crassilabris",1,"AD",37355023
11288,"Mullidae","Parupeneus","cyclostomus",3,"AD",37355025
11288,"Pomacanthidae","Centropyge","vrolikii",1,"AD",37365032
11288,"Chaetodontidae","Chaetodon","baronessa",2,"AD",37365034
11288,"Chaetodontidae","Chaetodon","citrinellus",2,"AD",37365036
11288,"Chaetodontidae","Chaetodon","melannotus",2,"AD",37365043
11288,"Chaetodontidae","Chaetodon","plebeius",2,"AD",37365050
11288,"Chaetodontidae","Chaetodon","trifascialis",2,"AD",37365058
11288,"Chaetodontidae","Chaetodon","lunulatus",2,"AD",37365059
11288,"Chaetodontidae","Chaetodon","ulietensis",2,"AD",37365060
11288,"Chaetodontidae","Chaetodon","vagabundus",2,"AD",37365062
11288,"Pomacentridae","Chromis","atripectoralis",30,"AD",37372036
11288,"Pomacentridae","Dascyllus","reticulatus",1,"AD",37372074
11288,"Pomacentridae","Pomacentrus","amboinensis",2,"AD",37372106
11288,"Pomacentridae","Pomacentrus","bankanensis",1,"AD",37372108
11288,"Pomacentridae","Pomacentrus","moluccensis",2,"AD",37372118
11288,"Labridae","Labroides","dimidiatus",1,"AD",37384028
11288,"Labridae","Cheilinus","undulatus",1,"JUV",37384038
11288,"Labridae","Anampses","neoguinaicus",3,"AD",37384050
11288,"Labridae","Cheilinus","fasciatus",2,"AD",37384066
11288,"Labridae","Epibulus","insidiator",1,"AD",37384104
11288,"Labridae","Gomphosus","varius",2,"AD",37384106
11288,"Labridae","Labrichthys","unilineatus",2,"AD",37384129
11288,"Labridae","Thalassoma","hardwicke",3,"AD",37384165
11288,"Labridae","Thalassoma","lunare",2,"AD",37384167
11288,"Labridae","Scarus","dimidiatus",1,"AD",37386013
11288,"Labridae","Scarus","frenatus",2,"AD",37386016
11288,"Labridae","Scarus","globiceps",4,"AD",37386018
11288,"Labridae","Scarus","psittacus",1,"AD",37386024
11288,"Labridae","Scarus","schlegeli",2,"AD",37386029
11288,"Labridae","Scarus","spinus",2,"AD",37386031
11288,"Blenniidae","Ecsenius","bicolor",1,"AD",37408022
11288,"Zanclidae","Zanclus","cornutus",2,"AD",37437001
11288,"Acanthuridae","Acanthurus","nigricauda",1,"AD",37437013
11288,"Acanthuridae","Ctenochaetus","striatus",2,"AD",37437022
11288,"Acanthuridae","Naso","lituratus",1,"AD",37437029
11288,"Acanthuridae","Zebrasoma","scopas",2,"AD",37437036
11288,"Siganidae","Siganus","corallinus",1,"AD",37438008
11288,"Balistidae","Balistapus","undulatus",2,"AD",37465047
11288,"Tetraodontidae","Arothron","nigropunctatus",2,"AD",37467027
11289,"Carcharhinidae","Triaenodon","obesus",1,"AD",37018038
11289,"Serranidae","Epinephelus","sexfasciatus",1,"AD",37311017
11289,"Serranidae","Plectropomus","leopardus",2,"AD",37311078
11289,"Serranidae","Cephalopholis","urodeta",2,"AD",37311142
11289,"Serranidae","Epinephelus","malabaricus",1,"AD",37311150
11289,"Lutjanidae","Lutjanus","quinquelineatus",3,"AD",37346006
11289,"Caesionidae","Caesio","cuning",4,"AD",37346018
11289,"Lutjanidae","Lutjanus","gibbus",3,"AD",37346028
11289,"Caesionidae","Pterocaesio","marri",40,"AD",37346068
11289,"Nemipteridae","Scolopsis","bilineata",2,"AD",37347031
11289,"Lethrinidae","Lethrinus","nebulosus",1,"AD",37351008
11289,"Lethrinidae","Lethrinus","atkinsoni",3,"AD",37351013
11289,"Lethrinidae","Monotaxis","grandoculis",1,"AD",37351026
11289,"Mullidae","Parupeneus","barberinus",1,"AD",37355022
11289,"Mullidae","Parupeneus","multifasciatus",1,"AD",37355026
11289,"Pomacanthidae","Centropyge","bicolor",1,"AD",37365022
11289,"Chaetodontidae","Chaetodon","lineolatus",1,"AD",37365041
11289,"Chaetodontidae","Chaetodon","mertensii",2,"AD",37365044
11289,"Chaetodontidae","Chaetodon","vagabundus",2,"AD",37365062
11289,"Pomacentridae","Acanthochromis","polyacanthus",3,"AD",37372015
11289,"Pomacentridae","Chromis","ternatensis",1,"AD",37372051
11289,"Pomacentridae","Chromis","weberi",6,"AD",37372054
11289,"Pomacentridae","Pomacentrus","brachialis",2,"AD",37372109
11289,"Pomacentridae","Pomacentrus","chrysurus",3,"AD",37372110
11289,"Labridae","Labroides","dimidiatus",2,"AD",37384028
11289,"Labridae","Cheilinus","undulatus",1,"AD",37384038
11289,"Labridae","Cheilinus","undulatus",2,"JUV",37384038
11289,"Labridae","Bodianus","diana",1,"AD",37384056
11289,"Labridae","Bodianus","mesothorax",1,"AD",37384060
11289,"Labridae","Halichoeres","prosopeion",2,"AD",37384120
11289,"Labridae","Thalassoma","lunare",3,"AD",37384167
11289,"Labridae","Scarus","chameleon",2,"AD",37386012
11289,"Labridae","Scarus","rubroviolaceus",2,"AD",37386028
11289,"Labridae","Chlorurus","sordidus",1,"AD",37386030
11289,"Acanthuridae","Acanthurus","dussumieri",2,"AD",37437008
11289,"Acanthuridae","Acanthurus","nigricauda",1,"AD",37437013
11289,"Acanthuridae","Acanthurus","pyroferus",2,"AD",37437017
11289,"Scombridae","Scomberomorus","commerson",1,"AD",37441007
11289,"Balistidae","Balistapus","undulatus",3,"AD",37465047
11289,"Balistidae","Sufflamen","bursa",1,"AD",37465078
11290,"Carcharhinidae","Carcharhinus","amblyrhynchos",1,"AD",37018030
11290,"Serranidae","Plectropomus","laevis",1,"AD",37311079
11290,"Caesionidae","Caesio","cuning",9,"AD",37346018
11290,"Nemipteridae","Scolopsis","bilineata",2,"AD",37347031
11290,"Lethrinidae","Lethrinus","rubrioperculatus",2,"AD",37351012
11290,"Lethrinidae","Lethrinus","atkinsoni",2,"AD",37351013
11290,"Mullidae","Parupeneus","barberinus",1,"AD",37355022
11290,"Mullidae","Parupeneus","cyclostomus",1,"AD",37355025
11290,"Mullidae","Parupeneus","multifasciatus",2,"AD",37355026
11290,"Mullidae","Parupeneus","pleurostigma",6,"AD",37355027
11290,"Pomacanthidae","Centropyge","bicolor",1,"AD",37365022
11290,"Chaetodontidae","Chaetodon","kleinii",1,"AD",37365040
11290,"Chaetodontidae","Chaetodon","mertensii",1,"AD",37365044
11290,"Chaetodontidae","Chaetodon","vagabundus",2,"AD",37365062
11290,"Pomacentridae","Pomacentrus","chrysurus",3,"AD",37372110
11290,"Labridae","Halichoeres","biocellatus",2,"AD",37384107
11290,"Labridae","Scarus","flavipectoralis",1,"AD",37386014
11290,"Pinguipedidae","Parapercis","queenslandica",1,"AD",37390011
11290,"Acanthuridae","Acanthurus","nigrofuscus",1,"AD",37437014
11290,"Balistidae","Balistapus","undulatus",4,"AD",37465047
11290,"Balistidae","Sufflamen","chrysopterum",3,"AD",37465079
11290,"Tetraodontidae","Canthigaster","valentini",2,"AD",37467043
11291,"Carcharhinidae","Carcharhinus","melanopterus",1,"AD",37018036
11291,"Serranidae","Plectropomus","leopardus",2,"AD",37311078
11291,"Lutjanidae","Lutjanus","quinquelineatus",2,"AD",37346006
11291,"Lutjanidae","Lutjanus","bohar",4,"AD",37346029
11291,"Lethrinidae","Lethrinus","nebulosus",3,"AD",37351008
11291,"Kyphosidae","Kyphosus","vaigiensis",8,"AD",37361014
11291,"Ephippidae","Platax","orbicularis",2,"AD",37362007
11291,"Chaetodontidae","Chaetodon","vagabundus",1,"AD",37365062
11291,"Pomacanthidae","Pomacanthus","semicirculatus",1,"AD",37365080
11291,"Sphyraenidae","Sphyraena","barracuda",1,"AD",37382008
11291,"Labridae","Cheilinus","undulatus",1,"AD",37384038
11291,"Labridae","Bolbometopon","muricatum",2,"AD",37386004
11291,"Labridae","Scarus","altipinnis",1,"AD",37386010
11291,"Labridae","Scarus","rubroviolaceus",1,"AD",37386028
11291,"Acanthuridae","Acanthurus","grammoptilus",3,"AD",37437002
11291,"Acanthuridae","Acanthurus","nigricauda",1,"AD",37437013
11291,"Acanthuridae","Naso","unicornis",1,"AD",37437031
11291,"Balistidae","Balistoides","viridescens",1,"AD",37465048
11291,"Diodontidae","Diodon","holocanthus",1,"AD",37469005
11293,"Serranidae","Plectropomus","leopardus",1,"AD",37311078
11293,"Serranidae","Plectropomus","laevis",1,"AD",37311079
11293,"Serranidae","Cephalopholis","argus",2,"AD",37311082
11293,"Serranidae","Anyperodon","leucogrammicus",2,"AD",37311085
11293,"Serranidae","Cephalopholis","cyanostigma",1,"AD",37311136
11293,"Caesionidae","Caesio","cuning",2,"AD",37346018
11293,"Lutjanidae","Lutjanus","gibbus",2,"AD",37346028
11293,"Lutjanidae","Lutjanus","bohar",1,"JUV",37346029
11293,"Haemulidae","Plectorhinchus","lessonii",1,"AD",37350020
11293,"Mullidae","Parupeneus","crassilabris",1,"AD",37355023
11293,"Pomacanthidae","Centropyge","bispinosa",1,"AD",37365023
11293,"Chaetodontidae","Chaetodon","baronessa",2,"AD",37365034
11293,"Chaetodontidae","Chaetodon","ornatissimus",2,"AD",37365047
11293,"Chaetodontidae","Chaetodon","pelewensis",2,"AD",37365049
11293,"Chaetodontidae","Chaetodon","lunulatus",2,"AD",37365059
11293,"Chaetodontidae","Chaetodon","vagabundus",2,"AD",37365062
11293,"Pomacanthidae","Pygoplites","diacanthus",1,"AD",37365082
11293,"Pomacentridae","Acanthochromis","polyacanthus",1,"AD",37372015
11293,"Pomacentridae","Chromis","atripes",4,"AD",37372037
11293,"Pomacentridae","Chromis","retrofasciata",1,"AD",37372050
11293,"Pomacentridae","Chrysiptera","talboti",2,"AD",37372069
11293,"Pomacentridae","Pomacentrus","brachialis",1,"AD",37372109
11293,"Pomacentridae","Pomacentrus","lepidogenys",3,"AD",37372114
11293,"Cirrhitidae","Paracirrhites","arcatus",1,"AD",37374009
11293,"Labridae","Labroides","dimidiatus",2,"AD",37384028
11293,"Labridae","Anampses","geographicus",1,"AD",37384048
11293,"Labridae","Bodianus","axillaris",2,"AD",37384053
11293,"Labridae","Epibulus","insidiator",1,"AD",37384104
11293,"Labridae","Halichoeres","hortulanus",1,"AD",37384112
11293,"Labridae","Labroides","bicolor",1,"AD",37384130
11293,"Acanthuridae","Ctenochaetus","striatus",1,"AD",37437022
11293,"Acanthuridae","Zebrasoma","scopas",1,"AD",37437036
11293,"Siganidae","Siganus","corallinus",1,"AD",37438008
11293,"Balistidae","Balistapus","undulatus",1,"AD",37465047
11294,"Carcharhinidae","Carcharhinus","melanopterus",1,"AD",37018036
11294,"Synodontidae","Synodus","variegatus",1,"AD",37118023
11294,"Serranidae","Chromileptes","altivelis",1,"AD",37311044
11294,"Serranidae","Plectropomus","leopardus",2,"AD",37311078
11294,"Serranidae","Cephalopholis","argus",1,"AD",37311082
11294,"Pseudochromidae","Pseudochromis","fuscus",1,"AD",37313006
11294,"Carangidae","Craterognathus","plagiotaenia",1,"AD",37337070
11294,"Caesionidae","Caesio","cuning",9,"AD",37346018
11294,"Lutjanidae","Lutjanus","gibbus",2,"AD",37346028
11294,"Lutjanidae","Lutjanus","bohar",1,"AD",37346029
11294,"Lutjanidae","Macolor","niger",5,"AD",37346048
11294,"Lutjanidae","Macolor","niger",1,"JUV",37346048
11294,"Caesionidae","Pterocaesio","marri",22,"AD",37346068
11294,"Lethrinidae","Lethrinus","atkinsoni",1,"AD",37351013
11294,"Pomacanthidae","Pomacanthus","sexstriatus",2,"AD",37365010
11294,"Chaetodontidae","Chaetodon","baronessa",1,"AD",37365034
11294,"Chaetodontidae","Chaetodon","citrinellus",2,"AD",37365036
11294,"Chaetodontidae","Chaetodon","plebeius",2,"AD",37365050
11294,"Chaetodontidae","Chaetodon","trifascialis",1,"JUV",37365058
11294,"Chaetodontidae","Chaetodon","vagabundus",1,"AD",37365062
11294,"Pomacentridae","Dascyllus","reticulatus",3,"AD",37372074
11294,"Pomacentridae","Pomacentrus","brachialis",1,"AD",37372109
11294,"Pomacentridae","Pomacentrus","moluccensis",16,"AD",37372118
11294,"Cirrhitidae","Paracirrhites","arcatus",2,"AD",37374009
11294,"Labridae","Bodianus","axillaris",1,"AD",37384053
11294,"Labridae","Cheilinus","fasciatus",1,"AD",37384066
11294,"Labridae","Coris","batuensis",1,"AD",37384098
11294,"Labridae","Gomphosus","varius",1,"AD",37384106
11294,"Labridae","Halichoeres","prosopeion",3,"AD",37384120
11294,"Labridae","Labrichthys","unilineatus",1,"AD",37384129
11294,"Labridae","Thalassoma","amblycephalum",1,"AD",37384164
11294,"Labridae","Thalassoma","lunare",7,"AD",37384167
11294,"Labridae","Bolbometopon","muricatum",1,"AD",37386004
11294,"Labridae","Scarus","altipinnis",2,"AD",37386010
11294,"Labridae","Scarus","frenatus",1,"AD",37386016
11294,"Labridae","Chlorurus","microrhinos",1,"AD",37386020
11294,"Acanthuridae","Acanthurus","nigricauda",2,"AD",37437013
11294,"Acanthuridae","Ctenochaetus","striatus",2,"AD",37437022
11294,"Acanthuridae","Naso","lituratus",1,"AD",37437029
11294,"Acanthuridae","Zebrasoma","veliferum",2,"AD",37437037
11294,"Balistidae","Balistapus","undulatus",4,"AD",37465047
11295,"Carcharhinidae","Carcharhinus","melanopterus",1,"AD",37018036
11295,"Carcharhinidae","Triaenodon","obesus",1,"AD",37018038
11295,"Serranidae","Epinephelus","polyphekadion",1,"AD",37311047
11295,"Serranidae","Plectropomus","leopardus",1,"AD",37311078
11295,"Serranidae","Plectropomus","laevis",2,"AD",37311079
11295,"Serranidae","Cephalopholis","cyanostigma",2,"AD",37311136
11295,"Serranidae","Cephalopholis","leopardus",1,"AD",37311138
11295,"Caesionidae","Caesio","caerulaurea",100,"AD",37346024
11295,"Lutjanidae","Macolor","niger",2,"JUV",37346048
11295,"Caesionidae","Pterocaesio","marri",27,"AD",37346068
11295,"Lethrinidae","Lethrinus","atkinsoni",3,"AD",37351013
11295,"Pomacanthidae","Pomacanthus","sexstriatus",2,"AD",37365010
11295,"Pomacanthidae","Centropyge","bispinosa",1,"AD",37365023
11295,"Chaetodontidae","Chaetodon","baronessa",2,"AD",37365034
11295,"Chaetodontidae","Chaetodon","ephippium",1,"AD",37365037
11295,"Chaetodontidae","Chaetodon","kleinii",1,"AD",37365040
11295,"Chaetodontidae","Chaetodon","lineolatus",2,"AD",37365041
11295,"Chaetodontidae","Chaetodon","plebeius",2,"AD",37365050
11295,"Chaetodontidae","Chaetodon","lunulatus",2,"AD",37365059
11295,"Chaetodontidae","Chaetodon","ulietensis",2,"AD",37365060
11295,"Pomacanthidae","Pygoplites","diacanthus",1,"AD",37365082
11295,"Pomacentridae","Acanthochromis","polyacanthus",2,"AD",37372015
11295,"Pomacentridae","Amblyglyphidodon","curacao",7,"AD",37372017
11295,"Pomacentridae","Amblyglyphidodon","leucogaster",4,"AD",37372018
11295,"Pomacentridae","Chromis","atripes",3,"AD",37372037
11295,"Pomacentridae","Chromis","ternatensis",22,"AD",37372051
11295,"Pomacentridae","Chrysiptera","talboti",1,"AD",37372069
11295,"Pomacentridae","Pomacentrus","brachialis",4,"AD",37372109
11295,"Pomacentridae","Pomacentrus","moluccensis",9,"AD",37372118
11295,"Cirrhitidae","Paracirrhites","forsteri",1,"AD",37374010
11295,"Labridae","Labroides","dimidiatus",2,"AD",37384028
11295,"Labridae","Oxycheilinus","orientalis",1,"AD",37384030
11295,"Labridae","Cheilinus","undulatus",1,"AD",37384038
11295,"Labridae","Anampses","neoguinaicus",1,"AD",37384050
11295,"Labridae","Oxycheilinus","digramma",1,"AD",37384065
11295,"Labridae","Cheilinus","fasciatus",1,"AD",37384066
11295,"Labridae","Epibulus","insidiator",1,"AD",37384104
11295,"Labridae","Labrichthys","unilineatus",1,"AD",37384129
11295,"Labridae","Thalassoma","lunare",6,"AD",37384167
11295,"Labridae","Scarus","flavipectoralis",1,"AD",37386014
11295,"Labridae","Scarus","globiceps",1,"AD",37386018
11295,"Labridae","Scarus","niger",1,"AD",37386021
11295,"Labridae","Scarus","schlegeli",1,"AD",37386029
11295,"Acanthuridae","Acanthurus","xanthopterus",1,"AD",37437020
11295,"Acanthuridae","Ctenochaetus","striatus",2,"AD",37437022
11295,"Balistidae","Balistapus","undulatus",1,"AD",37465047
11296,"Fistulariidae","Fistularia","commersonii",3,"AD",37278001
11296,"Serranidae","Plectropomus","leopardus",3,"AD",37311078
11296,"Serranidae","Cephalopholis","urodeta",2,"AD",37311142
11296,"Lutjanidae","Lutjanus","bohar",1,"AD",37346029
11296,"Nemipteridae","Scolopsis","bilineata",2,"AD",37347031
11296,"Mullidae","Parupeneus","barberinus",1,"AD",37355022
11296,"Mullidae","Parupeneus","cyclostomus",2,"AD",37355025
11296,"Mullidae","Parupeneus","multifasciatus",1,"AD",37355026
11296,"Kyphosidae","Kyphosus","vaigiensis",1,"AD",37361014
11296,"Pomacanthidae","Pomacanthus","sexstriatus",1,"AD",37365010
11296,"Pomacanthidae","Centropyge","bicolor",1,"AD",37365022
11296,"Chaetodontidae","Chaetodon","baronessa",1,"AD",37365034
11296,"Chaetodontidae","Chaetodon","kleinii",1,"AD",37365040
11296,"Chaetodontidae","Chaetodon","pelewensis",1,"AD",37365049
11296,"Pomacentridae","Acanthochromis","polyacanthus",3,"AD",37372015
11296,"Pomacentridae","Chromis","xanthura",4,"AD",37372057
11296,"Pomacentridae","Dascyllus","reticulatus",8,"AD",37372074
11296,"Pomacentridae","Pomacentrus","amboinensis",3,"AD",37372106
11296,"Pomacentridae","Pomacentrus","brachialis",2,"AD",37372109
11296,"Labridae","Labroides","dimidiatus",1,"AD",37384028
11296,"Labridae","Cheilinus","undulatus",1,"AD",37384038
11296,"Labridae","Anampses","neoguinaicus",2,"AD",37384050
11296,"Labridae","Oxycheilinus","digramma",1,"AD",37384065
11296,"Labridae","Cheilio","inermis",2,"AD",37384070
11296,"Labridae","Coris","gaimard",1,"AD",37384094
11296,"Labridae","Coris","gaimard",1,"JUV",37384094
11296,"Labridae","Coris","batuensis",1,"AD",37384098
11296,"Labridae","Epibulus","insidiator",2,"AD",37384104
11296,"Labridae","Gomphosus","varius",1,"AD",37384106
11296,"Labridae","Halichoeres","hortulanus",2,"AD",37384112
11296,"Labridae","Hemigymnus","melapterus",1,"AD",37384125
11296,"Labridae","Labrichthys","unilineatus",1,"AD",37384129
11296,"Labridae","Pseudocheilinus","hexataenia",1,"AD",37384143
11296,"Labridae","Stethojulis","bandanensis",1,"AD",37384154
11296,"Labridae","Thalassoma","lunare",8,"AD",37384167
11296,"Labridae","Thalassoma","nigrofasciatum",1,"AD",37384196
11296,"Labridae","Scarus","altipinnis",1,"AD",37386010
11296,"Labridae","Scarus","chameleon",2,"AD",37386012
11296,"Labridae","Scarus","niger",2,"AD",37386021
11296,"Labridae","Scarus","schlegeli",1,"AD",37386029
11296,"Labridae","Chlorurus","sordidus",2,"AD",37386030
11296,"Labridae","Scarus","spinus",1,"AD",37386031
11296,"Pinguipedidae","Parapercis","clathrata",1,"AD",37390013
11296,"Blenniidae","Ecsenius","bicolor",1,"AD",37408022
11296,"Zanclidae","Zanclus","cornutus",1,"AD",37437001
11296,"Acanthuridae","Acanthurus","pyroferus",1,"AD",37437017
11296,"Acanthuridae","Ctenochaetus","striatus",2,"AD",37437022
11296,"Acanthuridae","Naso","annulatus",12,"AD",37437024
11296,"Acanthuridae","Naso","caesius",2,"AD",37437046
11296,"Siganidae","Siganus","corallinus",1,"AD",37438008
11296,"Monacanthidae","Aluterus","scriptus",1,"AD",37465045
11296,"Balistidae","Balistapus","undulatus",1,"AD",37465047
11297,"Carcharhinidae","Triaenodon","obesus",1,"AD",37018038
11297,"Aulostomidae","Aulostomus","chinensis",1,"AD",37277001
11297,"Serranidae","Plectropomus","leopardus",2,"AD",37311078
11297,"Serranidae","Plectropomus","laevis",1,"AD",37311079
11297,"Serranidae","Cephalopholis","argus",1,"AD",37311082
11297,"Serranidae","Cephalopholis","urodeta",3,"AD",37311142
11297,"Carangidae","Craterognathus","plagiotaenia",1,"AD",37337070
11297,"Lutjanidae","Lutjanus","bohar",2,"AD",37346029
11297,"Kyphosidae","Kyphosus","vaigiensis",5,"AD",37361014
11297,"Pomacanthidae","Pomacanthus","sexstriatus",2,"AD",37365010
11297,"Pomacanthidae","Centropyge","bicolor",1,"AD",37365022
11297,"Pomacanthidae","Centropyge","bispinosa",2,"AD",37365023
11297,"Chaetodontidae","Chaetodon","baronessa",2,"AD",37365034
11297,"Chaetodontidae","Chaetodon","lineolatus",2,"AD",37365041
11297,"Chaetodontidae","Chaetodon","pelewensis",2,"AD",37365049
11297,"Chaetodontidae","Chaetodon","lunulatus",2,"AD",37365059
11297,"Pomacanthidae","Pomacanthus","xanthometopon",1,"AD",37365081
11297,"Pomacentridae","Acanthochromis","polyacanthus",2,"AD",37372015
11297,"Pomacentridae","Chromis","margaritifer",5,"AD",37372047
11297,"Pomacentridae","Chromis","ternatensis",60,"AD",37372051
11297,"Pomacentridae","Chromis","viridis",100,"AD",37372053
11297,"Pomacentridae","Dascyllus","reticulatus",3,"AD",37372074
11297,"Pomacentridae","Plectroglyphidodon","dickii",3,"AD",37372098
11297,"Pomacentridae","Pomacentrus","adelus",2,"AD",37372104
11297,"Pomacentridae","Pomacentrus","lepidogenys",3,"AD",37372114
11297,"Pomacentridae","Pomacentrus","moluccensis",13,"AD",37372118
11297,"Cirrhitidae","Paracirrhites","arcatus",1,"AD",37374009
11297,"Labridae","Labroides","dimidiatus",2,"AD",37384028
11297,"Labridae","Oxycheilinus","orientalis",1,"AD",37384030
11297,"Labridae","Anampses","neoguinaicus",1,"AD",37384050
11297,"Labridae","Gomphosus","varius",1,"AD",37384106
11297,"Labridae","Halichoeres","hortulanus",1,"AD",37384112
11297,"Labridae","Halichoeres","margaritaceus",2,"AD",37384113
11297,"Labridae","Labrichthys","unilineatus",2,"AD",37384129
11297,"Labridae","Pseudocheilinus","hexataenia",1,"AD",37384143
11297,"Labridae","Thalassoma","lunare",3,"AD",37384167
11297,"Labridae","Chlorurus","microrhinos",1,"AD",37386020
11297,"Blenniidae","Plagiotremus","rhinorhynchos",1,"AD",37408004
11297,"Acanthuridae","Acanthurus","grammoptilus",2,"AD",37437002
11297,"Acanthuridae","Ctenochaetus","striatus",1,"AD",37437022
11297,"Acanthuridae","Zebrasoma","scopas",1,"AD",37437036
11297,"Scombridae","Grammatorcynus","bilineatus",14,"AD",37441028
11297,"Monacanthidae","Aluterus","scriptus",1,"AD",37465045
11297,"Balistidae","Balistapus","undulatus",1,"AD",37465047
11297,"Balistidae","Balistoides","viridescens",1,"AD",37465048
11297,"Tetraodontidae","Arothron","caeruleopunctatus",1,"AD",37467066
11298,"Carcharhinidae","Carcharhinus","amblyrhynchos",1,"AD",37018030
11298,"Carcharhinidae","Triaenodon","obesus",2,"AD",37018038
11298,"Serranidae","Epinephelus","polyphekadion",1,"AD",37311047
11298,"Serranidae","Cephalopholis","argus",2,"AD",37311082
11298,"Serranidae","Variola","louti",1,"AD",37311166
11298,"Carangidae","Caranx","melampygus",2,"AD",37337050
11298,"Carangidae","Craterognathus","plagiotaenia",3,"AD",37337070
11298,"Lutjanidae","Lutjanus","gibbus",2,"AD",37346028
11298,"Pomacanthidae","Apolemichthys","trimaculatus",1,"AD",37365016
11298,"Chaetodontidae","Chaetodon","kleinii",2,"AD",37365040
11298,"Chaetodontidae","Chaetodon","pelewensis",2,"AD",37365049
11298,"Chaetodontidae","Chaetodon","plebeius",1,"AD",37365050
11298,"Chaetodontidae","Chaetodon","unimaculatus",1,"AD",37365061
11298,"Chaetodontidae","Chaetodon","vagabundus",1,"AD",37365062
11298,"Chaetodontidae","Heniochus","singularius",2,"AD",37365077
11298,"Pomacentridae","Acanthochromis","polyacanthus",9,"AD",37372015
11298,"Pomacentridae","Chromis","ternatensis",12,"AD",37372051
11298,"Pomacentridae","Pomacentrus","adelus",2,"AD",37372104
11298,"Pomacentridae","Pomacentrus","lepidogenys",3,"AD",37372114
11298,"Labridae","Labroides","dimidiatus",1,"AD",37384028
11298,"Labridae","Anampses","neoguinaicus",1,"AD",37384050
11298,"Labridae","Bodianus","axillaris",1,"AD",37384053
11298,"Labridae","Oxycheilinus","digramma",1,"AD",37384065
11298,"Labridae","Epibulus","insidiator",1,"AD",37384104
11298,"Labridae","Gomphosus","varius",1,"AD",37384106
11298,"Labridae","Halichoeres","hortulanus",1,"AD",37384112
11298,"Labridae","Halichoeres","prosopeion",2,"AD",37384120
11298,"Labridae","Scarus","rubroviolaceus",1,"AD",37386028
11298,"Acanthuridae","Acanthurus","grammoptilus",2,"AD",37437002
11298,"Acanthuridae","Acanthurus","pyroferus",1,"AD",37437017
11298,"Acanthuridae","Naso","brevirostris",1,"AD",37437026
11298,"Acanthuridae","Naso","caesius",4,"AD",37437046
11298,"Scombridae","Grammatorcynus","bilineatus",6,"AD",37441028
11298,"Balistidae","Balistapus","undulatus",1,"AD",37465047
11299,"Carcharhinidae","Carcharhinus","amblyrhynchos",2,"AD",37018030
11299,"Carcharhinidae","Triaenodon","obesus",1,"AD",37018038
11299,"Fistulariidae","Fistularia","commersonii",1,"AD",37278001
11299,"Serranidae","Plectropomus","laevis",1,"AD",37311079
11299,"Serranidae","Pseudanthias","squamipinnis",11,"AD",37311126
11299,"Serranidae","Cephalopholis","cyanostigma",2,"AD",37311136
11299,"Serranidae","Cephalopholis","urodeta",2,"AD",37311142
11299,"Serranidae","Variola","louti",1,"AD",37311166
11299,"Carangidae","Caranx","melampygus",1,"AD",37337050
11299,"Lutjanidae","Lutjanus","quinquelineatus",1,"AD",37346006
11299,"Lutjanidae","Lutjanus","bohar",2,"AD",37346029
11299,"Lutjanidae","Lutjanus","bohar",1,"JUV",37346029
11299,"Lutjanidae","Lutjanus","kasmira",200,"AD",37346044
11299,"Caesionidae","Pterocaesio","tile",14,"AD",37346063
11299,"Caesionidae","Pterocaesio","marri",20,"AD",37346068
11299,"Mullidae","Parupeneus","multifasciatus",2,"AD",37355026
11299,"Pomacanthidae","Centropyge","bispinosa",1,"AD",37365023
11299,"Chaetodontidae","Chaetodon","kleinii",1,"AD",37365040
11299,"Chaetodontidae","Chaetodon","melannotus",1,"AD",37365043
11299,"Chaetodontidae","Chaetodon","pelewensis",2,"AD",37365049
11299,"Chaetodontidae","Chaetodon","plebeius",2,"AD",37365050
11299,"Chaetodontidae","Chaetodon","lunulatus",2,"AD",37365059
11299,"Pomacentridae","Acanthochromis","polyacanthus",4,"AD",37372015
11299,"Pomacentridae","Amblyglyphidodon","curacao",1,"AD",37372017
11299,"Pomacentridae","Amblyglyphidodon","leucogaster",1,"AD",37372018
11299,"Pomacentridae","Chromis","alpha",1,"AD",37372033
11299,"Pomacentridae","Chromis","weberi",1,"AD",37372054
11299,"Pomacentridae","Dascyllus","reticulatus",3,"AD",37372074
11299,"Pomacentridae","Pomacentrus","brachialis",1,"AD",37372109
11299,"Pomacentridae","Pomacentrus","moluccensis",1,"AD",37372118
11299,"Pomacentridae","Pomacentrus","reidi",1,"AD",37372124
11299,"Cirrhitidae","Paracirrhites","forsteri",1,"AD",37374010
11299,"Labridae","Labroides","dimidiatus",2,"AD",37384028
11299,"Labridae","Anampses","neoguinaicus",1,"AD",37384050
11299,"Labridae","Cheilinus","fasciatus",1,"AD",37384066
11299,"Labridae","Cirrhilabrus","punctatus",2,"AD",37384083
11299,"Labridae","Epibulus","insidiator",1,"AD",37384104
11299,"Labridae","Halichoeres","prosopeion",1,"AD",37384120
11299,"Labridae","Labrichthys","unilineatus",1,"AD",37384129
11299,"Labridae","Thalassoma","lunare",3,"AD",37384167
11299,"Labridae","Scarus","altipinnis",1,"AD",37386010
11299,"Labridae","Scarus","globiceps",15,"AD",37386018
11299,"Labridae","Scarus","niger",1,"AD",37386021
11299,"Labridae","Scarus","psittacus",1,"AD",37386024
11299,"Labridae","Chlorurus","sordidus",2,"AD",37386030
11299,"Labridae","Scarus","spinus",1,"AD",37386031
11299,"Acanthuridae","Ctenochaetus","striatus",4,"AD",37437022
11299,"Acanthuridae","Naso","brachycentron",1,"AD",37437025
11299,"Scombridae","Scomberomorus","commerson",1,"AD",37441007
11299,"Balistidae","Balistapus","undulatus",2,"AD",37465047
11299,"Tetraodontidae","Arothron","caeruleopunctatus",1,"AD",37467066
11300,"Carcharhinidae","Triaenodon","obesus",1,"AD",37018038
11300,"Serranidae","Plectropomus","leopardus",2,"AD",37311078
11300,"Serranidae","Cephalopholis","argus",2,"AD",37311082
11300,"Serranidae","Cephalopholis","cyanostigma",2,"AD",37311136
11300,"Serranidae","Cephalopholis","urodeta",2,"AD",37311142
11300,"Nemipteridae","Scolopsis","bilineata",1,"AD",37347031
11300,"Lethrinidae","Lethrinus","atkinsoni",1,"AD",37351013
11300,"Mullidae","Parupeneus","barberinus",1,"AD",37355022
11300,"Mullidae","Parupeneus","cyclostomus",2,"AD",37355025
11300,"Mullidae","Parupeneus","multifasciatus",3,"AD",37355026
11300,"Pomacanthidae","Pomacanthus","sexstriatus",1,"AD",37365010
11300,"Pomacanthidae","Centropyge","bispinosa",1,"AD",37365023
11300,"Pomacanthidae","Centropyge","vrolikii",1,"AD",37365032
11300,"Chaetodontidae","Chaetodon","pelewensis",2,"AD",37365049
11300,"Chaetodontidae","Chaetodon","plebeius",1,"AD",37365050
11300,"Chaetodontidae","Chaetodon","lunulatus",1,"AD",37365059
11300,"Chaetodontidae","Chaetodon","vagabundus",1,"AD",37365062
11300,"Pomacentridae","Acanthochromis","polyacanthus",2,"AD",37372015
11300,"Pomacentridae","Chromis","atripectoralis",2,"AD",37372036
11300,"Pomacentridae","Chromis","lepidolepis",6,"AD",37372045
11300,"Pomacentridae","Chromis","margaritifer",9,"AD",37372047
11300,"Pomacentridae","Chromis","ternatensis",7,"AD",37372051
11300,"Pomacentridae","Dascyllus","trimaculatus",2,"AD",37372075
11300,"Pomacentridae","Pomacentrus","brachialis",6,"AD",37372109
11300,"Pomacentridae","Pomacentrus","moluccensis",2,"AD",37372118
11300,"Labridae","Labroides","dimidiatus",1,"AD",37384028
11300,"Labridae","Anampses","neoguinaicus",1,"AD",37384050
11300,"Labridae","Cheilinus","fasciatus",1,"AD",37384066
11300,"Labridae","Coris","batuensis",1,"AD",37384098
11300,"Labridae","Epibulus","insidiator",1,"AD",37384104
11300,"Labridae","Gomphosus","varius",2,"AD",37384106
11300,"Labridae","Halichoeres","hortulanus",2,"AD",37384112
11300,"Labridae","Labrichthys","unilineatus",1,"AD",37384129
11300,"Labridae","Pseudocheilinus","hexataenia",1,"AD",37384143
11300,"Labridae","Thalassoma","lunare",6,"AD",37384167
11300,"Labridae","Cetoscarus","ocellatus",1,"AD",37386007
11300,"Labridae","Hipposcarus","longiceps",4,"AD",37386008
11300,"Labridae","Scarus","altipinnis",1,"AD",37386010
11300,"Labridae","Scarus","chameleon",6,"AD",37386012
11300,"Labridae","Scarus","dimidiatus",1,"AD",37386013
11300,"Labridae","Scarus","frenatus",20,"AD",37386016
11300,"Labridae","Scarus","globiceps",5,"AD",37386018
11300,"Labridae","Chlorurus","sordidus",4,"AD",37386030
11300,"Pinguipedidae","Parapercis","queenslandica",2,"AD",37390011
11300,"Acanthuridae","Acanthurus","nigricauda",2,"AD",37437013
11300,"Acanthuridae","Acanthurus","olivaceus",1,"AD",37437016
11300,"Acanthuridae","Acanthurus","pyroferus",1,"AD",37437017
11300,"Acanthuridae","Ctenochaetus","striatus",1,"AD",37437022
11300,"Acanthuridae","Zebrasoma","veliferum",2,"AD",37437037
11300,"Siganidae","Siganus","punctatus",2,"AD",37438003
11300,"Balistidae","Balistapus","undulatus",2,"AD",37465047
11302,"Orectolobidae","Eucrossorhinus","dasypogon",1,"AD",37013011
11302,"Serranidae","Plectropomus","leopardus",1,"AD",37311078
11302,"Serranidae","Plectropomus","laevis",1,"AD",37311079
11302,"Serranidae","Cephalopholis","cyanostigma",1,"AD",37311136
11302,"Serranidae","Cephalopholis","microprion",1,"AD",37311137
11302,"Carangidae","Caranx","ignobilis",4,"AD",37337027
11302,"Lutjanidae","Lutjanus","quinquelineatus",5,"AD",37346006
11302,"Caesionidae","Caesio","cuning",3,"AD",37346018
11302,"Lutjanidae","Lutjanus","fulviflamma",4,"AD",37346034
11302,"Lutjanidae","Lutjanus","biguttatus",5,"AD",37346039
11302,"Caesionidae","Pterocaesio","marri",2,"AD",37346068
11302,"Mullidae","Mulloidichthys","vanicolensis",26,"AD",37355020
11302,"Mullidae","Parupeneus","cyclostomus",1,"AD",37355025
11302,"Mullidae","Parupeneus","multifasciatus",2,"JUV",37355026
11302,"Pomacanthidae","Centropyge","bispinosa",1,"AD",37365023
11302,"Chaetodontidae","Chaetodon","kleinii",2,"AD",37365040
11302,"Chaetodontidae","Chaetodon","melannotus",1,"AD",37365043
11302,"Chaetodontidae","Chaetodon","pelewensis",2,"AD",37365049
11302,"Chaetodontidae","Chaetodon","trifascialis",1,"AD",37365058
11302,"Chaetodontidae","Chaetodon","lunulatus",2,"AD",37365059
11302,"Chaetodontidae","Chaetodon","unimaculatus",2,"AD",37365061
11302,"Pomacanthidae","Pomacanthus","xanthometopon",1,"AD",37365081
11302,"Pomacanthidae","Pygoplites","diacanthus",1,"AD",37365082
11302,"Pomacentridae","Acanthochromis","polyacanthus",3,"AD",37372015
11302,"Pomacentridae","Amblyglyphidodon","leucogaster",19,"AD",37372018
11302,"Pomacentridae","Chromis","retrofasciata",3,"AD",37372050
11302,"Pomacentridae","Chromis","ternatensis",27,"AD",37372051
11302,"Pomacentridae","Chrysiptera","talboti",1,"AD",37372069
11302,"Pomacentridae","Pomacentrus","brachialis",3,"AD",37372109
11302,"Pomacentridae","Pomacentrus","nagasakiensis",2,"JUV",37372119
11302,"Labridae","Labroides","dimidiatus",2,"AD",37384028
11302,"Labridae","Cheilinus","undulatus",1,"AD",37384038
11302,"Labridae","Anampses","neoguinaicus",1,"AD",37384050
11302,"Labridae","Bodianus","axillaris",1,"AD",37384053
11302,"Labridae","Bodianus","mesothorax",1,"AD",37384060
11302,"Labridae","Oxycheilinus","digramma",1,"AD",37384065
11302,"Labridae","Cheilinus","fasciatus",1,"AD",37384066
11302,"Labridae","Cirrhilabrus","punctatus",1,"AD",37384083
11302,"Labridae","Epibulus","insidiator",1,"AD",37384104
11302,"Labridae","Gomphosus","varius",1,"AD",37384106
11302,"Labridae","Labrichthys","unilineatus",2,"AD",37384129
11302,"Labridae","Labroides","bicolor",1,"AD",37384130
11302,"Labridae","Thalassoma","lunare",1,"AD",37384167
11302,"Labridae","Cetoscarus","ocellatus",1,"AD",37386007
11302,"Labridae","Scarus","flavipectoralis",2,"AD",37386014
11302,"Labridae","Scarus","frenatus",3,"AD",37386016
11302,"Labridae","Scarus","psittacus",3,"AD",37386024
11302,"Labridae","Scarus","schlegeli",3,"AD",37386029
11302,"Labridae","Scarus","spinus",4,"AD",37386031
11302,"Zanclidae","Zanclus","cornutus",1,"AD",37437001
11302,"Acanthuridae","Acanthurus","pyroferus",1,"AD",37437017
11302,"Acanthuridae","Ctenochaetus","striatus",1,"AD",37437022
11302,"Acanthuridae","Naso","lituratus",2,"AD",37437029
11302,"Acanthuridae","Zebrasoma","scopas",2,"AD",37437036
11302,"Acanthuridae","Zebrasoma","veliferum",1,"AD",37437037
11302,"Siganidae","Siganus","punctatus",2,"AD",37438003
11302,"Siganidae","Siganus","corallinus",2,"AD",37438008
11302,"Scombridae","Grammatorcynus","bilineatus",1,"AD",37441028
11302,"Balistidae","Balistapus","undulatus",1,"AD",37465047
11302,"Balistidae","Balistoides","viridescens",1,"AD",37465048
11303,"Muraenidae","Gymnothorax","javanicus",1,"AD",37060039
11303,"Serranidae","Plectropomus","leopardus",1,"AD",37311078
11303,"Serranidae","Cephalopholis","argus",1,"AD",37311082
11303,"Serranidae","Cephalopholis","argus",1,"JUV",37311082
11303,"Serranidae","Cephalopholis","cyanostigma",2,"AD",37311136
11303,"Pseudochromidae","Pseudochromis","quinquedentatus",1,"AD",37313001
11303,"Lutjanidae","Lutjanus","bohar",1,"AD",37346029
11303,"Nemipteridae","Scolopsis","bilineata",1,"AD",37347031
11303,"Mullidae","Parupeneus","multifasciatus",2,"AD",37355026
11303,"Mullidae","Parupeneus","multifasciatus",1,"JUV",37355026
11303,"Pomacanthidae","Pomacanthus","sexstriatus",2,"AD",37365010
11303,"Pomacanthidae","Centropyge","bispinosa",1,"AD",37365023
11303,"Chaetodontidae","Chaetodon","kleinii",1,"AD",37365040
11303,"Chaetodontidae","Chaetodon","melannotus",2,"AD",37365043
11303,"Chaetodontidae","Chaetodon","pelewensis",2,"AD",37365049
11303,"Chaetodontidae","Chaetodon","plebeius",1,"AD",37365050
11303,"Pomacanthidae","Pygoplites","diacanthus",1,"AD",37365082
11303,"Pomacentridae","Acanthochromis","polyacanthus",10,"AD",37372015
11303,"Pomacentridae","Amblyglyphidodon","leucogaster",3,"AD",37372018
11303,"Pomacentridae","Chromis","amboinensis",3,"AD",37372034
11303,"Pomacentridae","Chromis","retrofasciata",1,"AD",37372050
11303,"Pomacentridae","Chromis","ternatensis",1,"AD",37372051
11303,"Pomacentridae","Chrysiptera","rollandi",2,"AD",37372067
11303,"Pomacentridae","Plectroglyphidodon","lacrymatus",1,"AD",37372101
11303,"Pomacentridae","Pomacentrus","amboinensis",4,"AD",37372106
11303,"Pomacentridae","Pomacentrus","brachialis",3,"AD",37372109
11303,"Pomacentridae","Pomacentrus","lepidogenys",2,"AD",37372114
11303,"Pomacentridae","Pomacentrus","moluccensis",4,"AD",37372118
11303,"Cirrhitidae","Paracirrhites","forsteri",1,"AD",37374010
11303,"Labridae","Labroides","dimidiatus",2,"AD",37384028
11303,"Labridae","Oxycheilinus","orientalis",1,"AD",37384030
11303,"Labridae","Cheilinus","undulatus",1,"JUV",37384038
11303,"Labridae","Anampses","neoguinaicus",1,"AD",37384050
11303,"Labridae","Oxycheilinus","digramma",1,"AD",37384065
11303,"Labridae","Cirrhilabrus","punctatus",1,"AD",37384083
11303,"Labridae","Coris","pictoides",1,"AD",37384096
11303,"Labridae","Epibulus","insidiator",1,"AD",37384104
11303,"Labridae","Gomphosus","varius",1,"AD",37384106
11303,"Labridae","Gomphosus","varius",1,"JUV",37384106
11303,"Labridae","Halichoeres","hortulanus",1,"AD",37384112
11303,"Labridae","Halichoeres","margaritaceus",2,"AD",37384113
11303,"Labridae","Halichoeres","prosopeion",1,"AD",37384120
11303,"Labridae","Labrichthys","unilineatus",2,"AD",37384129
11303,"Labridae","Labroides","bicolor",1,"AD",37384130
11303,"Labridae","Thalassoma","hardwicke",1,"AD",37384165
11303,"Labridae","Scarus","chameleon",1,"AD",37386012
11303,"Labridae","Chlorurus","sordidus",1,"AD",37386030
11303,"Acanthuridae","Ctenochaetus","striatus",3,"AD",37437022
11303,"Acanthuridae","Zebrasoma","scopas",1,"AD",37437036
11303,"Acanthuridae","Zebrasoma","scopas",1,"JUV",37437036
11303,"Balistidae","Balistapus","undulatus",2,"AD",37465047
11303,"Balistidae","Balistoides","viridescens",1,"AD",37465048
11304,"Carcharhinidae","Triaenodon","obesus",1,"AD",37018038
11304,"Holocentridae","Myripristis","kuntee",1,"AD",37261011
11304,"Serranidae","Plectropomus","laevis",1,"AD",37311079
11304,"Serranidae","Cephalopholis","cyanostigma",1,"AD",37311136
11304,"Caesionidae","Caesio","caerulaurea",25,"AD",37346024
11304,"Lethrinidae","Lethrinus","atkinsoni",1,"AD",37351013
11304,"Lethrinidae","Lethrinus","erythracanthus",1,"AD",37351025
11304,"Lethrinidae","Monotaxis","grandoculis",1,"AD",37351026
11304,"Pomacanthidae","Pomacanthus","sexstriatus",2,"AD",37365010
11304,"Chaetodontidae","Chaetodon","auriga",1,"AD",37365019
11304,"Pomacanthidae","Centropyge","vrolikii",1,"AD",37365032
11304,"Chaetodontidae","Chaetodon","baronessa",2,"AD",37365034
11304,"Chaetodontidae","Chaetodon","ephippium",2,"AD",37365037
11304,"Chaetodontidae","Chaetodon","pelewensis",1,"AD",37365049
11304,"Chaetodontidae","Chaetodon","ulietensis",2,"AD",37365060
11304,"Pomacanthidae","Pygoplites","diacanthus",1,"AD",37365082
11304,"Pomacentridae","Acanthochromis","polyacanthus",2,"AD",37372015
11304,"Pomacentridae","Amblyglyphidodon","curacao",2,"AD",37372017
11304,"Pomacentridae","Amblyglyphidodon","leucogaster",3,"AD",37372018
11304,"Pomacentridae","Amblyglyphidodon","leucogaster",1,"JUV",37372018
11304,"Pomacentridae","Dascyllus","reticulatus",3,"AD",37372074
11304,"Pomacentridae","Pomacentrus","brachialis",3,"AD",37372109
11304,"Pomacentridae","Pomacentrus","moluccensis",4,"AD",37372118
11304,"Labridae","Labroides","dimidiatus",2,"AD",37384028
11304,"Labridae","Cheilinus","undulatus",2,"AD",37384038
11304,"Labridae","Cheilinus","undulatus",2,"JUV",37384038
11304,"Labridae","Anampses","neoguinaicus",1,"JUV",37384050
11304,"Labridae","Oxycheilinus","digramma",1,"AD",37384065
11304,"Labridae","Cheilinus","fasciatus",1,"AD",37384066
11304,"Labridae","Halichoeres","prosopeion",1,"AD",37384120
11304,"Labridae","Labrichthys","unilineatus",1,"JUV",37384129
11304,"Labridae","Thalassoma","lunare",6,"AD",37384167
11304,"Labridae","Chlorurus","microrhinos",1,"AD",37386020
11304,"Labridae","Scarus","schlegeli",1,"AD",37386029
11304,"Acanthuridae","Acanthurus","pyroferus",1,"AD",37437017
11304,"Acanthuridae","Ctenochaetus","striatus",1,"AD",37437022
11304,"Acanthuridae","Zebrasoma","scopas",1,"AD",37437036
11304,"Siganidae","Siganus","corallinus",1,"AD",37438008
11304,"Siganidae","Siganus","vulpinus",1,"AD",37438017
11304,"Scombridae","Grammatorcynus","bilineatus",1,"AD",37441028
11304,"Tetraodontidae","Arothron","stellatus",1,"AD",37467014
11305,"Serranidae","Epinephelus","merra",2,"AD",37311063
11305,"Serranidae","Plectropomus","laevis",1,"AD",37311079
11305,"Nemipteridae","Scolopsis","bilineata",2,"AD",37347031
11305,"Lethrinidae","Lethrinus","atkinsoni",2,"AD",37351013
11305,"Lethrinidae","Lethrinus","obsoletus",1,"AD",37351019
11305,"Mullidae","Parupeneus","barberinus",1,"AD",37355022
11305,"Mullidae","Parupeneus","cyclostomus",1,"AD",37355025
11305,"Mullidae","Parupeneus","multifasciatus",1,"AD",37355026
11305,"Chaetodontidae","Chaetodon","ephippium",2,"AD",37365037
11305,"Chaetodontidae","Chaetodon","plebeius",4,"AD",37365050
11305,"Chaetodontidae","Chaetodon","trifascialis",2,"AD",37365058
11305,"Chaetodontidae","Chaetodon","lunulatus",2,"AD",37365059
11305,"Chaetodontidae","Chaetodon","vagabundus",1,"AD",37365062
11305,"Pomacentridae","Acanthochromis","polyacanthus",1,"AD",37372015
11305,"Pomacentridae","Chromis","atripectoralis",1,"AD",37372036
11305,"Pomacentridae","Dischistodus","melanotus",1,"AD",37372077
11305,"Pomacentridae","Pomacentrus","amboinensis",1,"AD",37372106
11305,"Labridae","Oxycheilinus","digramma",1,"AD",37384065
11305,"Labridae","Epibulus","insidiator",1,"AD",37384104
11305,"Labridae","Halichoeres","hortulanus",1,"AD",37384112
11305,"Labridae","Halichoeres","margaritaceus",4,"AD",37384113
11305,"Labridae","Halichoeres","trimaculatus",2,"AD",37384122
11305,"Labridae","Thalassoma","lunare",1,"AD",37384167
11305,"Labridae","Scarus","frenatus",2,"AD",37386016
11305,"Labridae","Scarus","niger",1,"AD",37386021
11305,"Labridae","Scarus","oviceps",1,"AD",37386022
11305,"Labridae","Scarus","schlegeli",1,"AD",37386029
11305,"Labridae","Chlorurus","sordidus",2,"AD",37386030
11305,"Acanthuridae","Acanthurus","grammoptilus",1,"AD",37437002
11305,"Acanthuridae","Acanthurus","nigricauda",7,"AD",37437013
11305,"Acanthuridae","Ctenochaetus","striatus",2,"AD",37437022
11305,"Acanthuridae","Naso","lituratus",1,"AD",37437029
11305,"Acanthuridae","Zebrasoma","scopas",2,"AD",37437036
11305,"Siganidae","Siganus","punctatus",2,"AD",37438003
11305,"Balistidae","Balistapus","undulatus",1,"AD",37465047
11305,"Tetraodontidae","Canthigaster","valentini",1,"AD",37467043
11306,"Carcharhinidae","Triaenodon","obesus",1,"AD",37018038
11306,"Serranidae","Plectropomus","leopardus",1,"JUV",37311078
11306,"Lethrinidae","Lethrinus","atkinsoni",1,"AD",37351013
11306,"Lethrinidae","Lethrinus","erythracanthus",1,"AD",37351025
11306,"Mullidae","Parupeneus","multifasciatus",1,"AD",37355026
11306,"Pomacanthidae","Pomacanthus","sexstriatus",2,"AD",37365010
11306,"Pomacanthidae","Centropyge","bispinosa",1,"AD",37365023
11306,"Chaetodontidae","Chaetodon","plebeius",2,"AD",37365050
11306,"Chaetodontidae","Chaetodon","lunulatus",2,"AD",37365059
11306,"Pomacanthidae","Pygoplites","diacanthus",1,"AD",37365082
11306,"Pomacentridae","Acanthochromis","polyacanthus",5,"AD",37372015
11306,"Pomacentridae","Amblyglyphidodon","leucogaster",11,"AD",37372018
11306,"Pomacentridae","Plectroglyphidodon","lacrymatus",3,"AD",37372101
11306,"Pomacentridae","Pomacentrus","amboinensis",1,"AD",37372106
11306,"Labridae","Cheilinus","undulatus",1,"AD",37384038
11306,"Labridae","Anampses","neoguinaicus",2,"AD",37384050
11306,"Labridae","Oxycheilinus","digramma",2,"AD",37384065
11306,"Labridae","Cheilinus","fasciatus",1,"AD",37384066
11306,"Labridae","Cheilinus","oxycephalus",1,"AD",37384067
11306,"Labridae","Choerodon","fasciatus",1,"AD",37384073
11306,"Labridae","Coris","batuensis",1,"AD",37384098
11306,"Labridae","Gomphosus","varius",1,"AD",37384106
11306,"Labridae","Halichoeres","prosopeion",1,"AD",37384120
11306,"Labridae","Labroides","bicolor",1,"AD",37384130
11306,"Labridae","Thalassoma","lunare",4,"AD",37384167
11306,"Labridae","Scarus","chameleon",1,"AD",37386012
11306,"Labridae","Scarus","flavipectoralis",2,"AD",37386014
11306,"Labridae","Scarus","frenatus",3,"AD",37386016
11306,"Labridae","Chlorurus","sordidus",1,"AD",37386030
11306,"Labridae","Scarus","spinus",1,"AD",37386031
11306,"Acanthuridae","Acanthurus","nigricauda",1,"AD",37437013
11306,"Acanthuridae","Acanthurus","pyroferus",1,"AD",37437017
11306,"Acanthuridae","Ctenochaetus","striatus",2,"AD",37437022
11306,"Acanthuridae","Zebrasoma","scopas",1,"AD",37437036
11306,"Siganidae","Siganus","punctatus",2,"AD",37438003
11306,"Siganidae","Siganus","doliatus",1,"AD",37438009
11306,"Siganidae","Siganus","doliatus",2,"AD",37438016
11306,"Balistidae","Balistapus","undulatus",3,"AD",37465047
11306,"Balistidae","Sufflamen","chrysopterum",1,"AD",37465079
11307,"Serranidae","Epinephelus","polyphekadion",1,"AD",37311047
11307,"Serranidae","Plectropomus","laevis",1,"AD",37311079
11307,"Lutjanidae","Lutjanus","bohar",1,"AD",37346029
11307,"Lutjanidae","Symphorichthys","spilurus",1,"AD",37346052
11307,"Caesionidae","Pterocaesio","marri",20,"AD",37346068
11307,"Lethrinidae","Monotaxis","grandoculis",1,"AD",37351026
11307,"Pomacentridae","Pomacentrus","amboinensis",2,"AD",37372106
11307,"Labridae","Cheilinus","undulatus",2,"JUV",37384038
11307,"Labridae","Halichoeres","scapularis",1,"JUV",37384121
11307,"Labridae","Thalassoma","lunare",1,"AD",37384167
11307,"Labridae","Hipposcarus","longiceps",2,"AD",37386008
11307,"Labridae","Scarus","altipinnis",1,"AD",37386010
11307,"Acanthuridae","Acanthurus","grammoptilus",1,"AD",37437002
11307,"Acanthuridae","Acanthurus","nigricauda",4,"AD",37437013
11307,"Scombridae","Grammatorcynus","bicarinatus",1,"AD",37441025
11308,"Serranidae","Epinephelus","merra",1,"AD",37311063
11308,"Serranidae","Plectropomus","areolatus",1,"AD",37311081
11308,"Serranidae","Plectropomus","areolatus",1,"JUV",37311081
11308,"Nemipteridae","Scolopsis","bilineata",1,"AD",37347031
11308,"Lethrinidae","Lethrinus","atkinsoni",1,"AD",37351013
11308,"Pomacanthidae","Centropyge","bispinosa",1,"AD",37365023
11308,"Chaetodontidae","Chaetodon","plebeius",1,"AD",37365050
11308,"Chaetodontidae","Chaetodon","ulietensis",2,"AD",37365060
11308,"Pomacentridae","Chromis","atripectoralis",1,"AD",37372036
11308,"Pomacentridae","Chromis","ternatensis",12,"AD",37372051
11308,"Pomacentridae","Plectroglyphidodon","lacrymatus",2,"AD",37372101
11308,"Pomacentridae","Pomacentrus","moluccensis",2,"AD",37372118
11308,"Labridae","Cheilinus","undulatus",1,"AD",37384038
11308,"Labridae","Anampses","neoguinaicus",1,"AD",37384050
11308,"Labridae","Oxycheilinus","digramma",2,"AD",37384065
11308,"Labridae","Coris","batuensis",1,"AD",37384098
11308,"Labridae","Halichoeres","prosopeion",1,"AD",37384120
11308,"Labridae","Labrichthys","unilineatus",1,"AD",37384129
11308,"Labridae","Thalassoma","lunare",1,"AD",37384167
11308,"Labridae","Scarus","altipinnis",1,"AD",37386010
11308,"Labridae","Scarus","chameleon",1,"AD",37386012
11308,"Labridae","Scarus","flavipectoralis",2,"AD",37386014
11308,"Acanthuridae","Ctenochaetus","striatus",1,"AD",37437022
11308,"Siganidae","Siganus","punctatus",1,"AD",37438003
11308,"Balistidae","Balistapus","undulatus",1,"AD",37465047
11308,"Tetraodontidae","Arothron","nigropunctatus",1,"AD",37467027
11308,"Tetraodontidae","Canthigaster","valentini",1,"AD",37467043
11309,"Serranidae","Plectropomus","laevis",1,"AD",37311079
11309,"Lethrinidae","Lethrinus","atkinsoni",2,"AD",37351013
11309,"Mullidae","Parupeneus","barberinus",1,"AD",37355022
11309,"Mullidae","Parupeneus","cyclostomus",3,"AD",37355025
11309,"Chaetodontidae","Chaetodon","baronessa",1,"AD",37365034
11309,"Chaetodontidae","Chaetodon","lunulatus",2,"AD",37365059
11309,"Chaetodontidae","Chaetodon","ulietensis",2,"AD",37365060
11309,"Pomacanthidae","Pygoplites","diacanthus",1,"AD",37365082
11309,"Pomacentridae","Amblyglyphidodon","curacao",1,"AD",37372017
11309,"Pomacentridae","Dascyllus","aruanus",6,"JUV",37372073
11309,"Pomacentridae","Plectroglyphidodon","lacrymatus",2,"AD",37372101
11309,"Pomacentridae","Pomacentrus","amboinensis",3,"AD",37372106
11309,"Pomacentridae","Chromis","sp",22,"JUV",37372907
11309,"Labridae","Oxycheilinus","digramma",1,"AD",37384065
11309,"Labridae","Cheilinus","fasciatus",2,"AD",37384066
11309,"Labridae","Epibulus","insidiator",1,"AD",37384104
11309,"Labridae","Thalassoma","lunare",3,"AD",37384167
11309,"Labridae","Scarus","chameleon",2,"AD",37386012
11309,"Labridae","Scarus","flavipectoralis",2,"AD",37386014
11309,"Labridae","Chlorurus","microrhinos",1,"AD",37386020
11309,"Labridae","Scarus","niger",2,"AD",37386021
11309,"Labridae","Scarus","schlegeli",1,"AD",37386029
11309,"Blenniidae","Meiacanthus","grammistes",1,"AD",37408005
11309,"Gobiidae","Valenciennea","strigata",1,"AD",37428286
11309,"Zanclidae","Zanclus","cornutus",1,"AD",37437001
11309,"Acanthuridae","Acanthurus","nigricauda",1,"AD",37437013
11309,"Acanthuridae","Ctenochaetus","striatus",3,"AD",37437022
11309,"Siganidae","Siganus","corallinus",2,"AD",37438008
11309,"Balistidae","Balistapus","undulatus",2,"AD",37465047
11310,"Carcharhinidae","Triaenodon","obesus",1,"AD",37018038
11310,"Holocentridae","Myripristis","kuntee",1,"AD",37261011
11310,"Serranidae","Plectropomus","areolatus",1,"AD",37311081
11310,"Serranidae","Cephalopholis","argus",2,"AD",37311082
11310,"Lutjanidae","Lutjanus","gibbus",1,"AD",37346028
11310,"Lutjanidae","Lutjanus","bohar",1,"JUV",37346029
11310,"Lutjanidae","Macolor","niger",1,"JUV",37346048
11310,"Lethrinidae","Lethrinus","atkinsoni",2,"AD",37351013
11310,"Lethrinidae","Monotaxis","grandoculis",1,"JUV",37351026
11310,"Mullidae","Parupeneus","cyclostomus",1,"AD",37355025
11310,"Pomacanthidae","Pomacanthus","sexstriatus",1,"AD",37365010
11310,"Chaetodontidae","Chaetodon","auriga",1,"AD",37365019
11310,"Pomacanthidae","Centropyge","vrolikii",1,"AD",37365032
11310,"Chaetodontidae","Chaetodon","ephippium",2,"AD",37365037
11310,"Chaetodontidae","Chaetodon","plebeius",2,"AD",37365050
11310,"Chaetodontidae","Chaetodon","lunulatus",2,"AD",37365059
11310,"Chaetodontidae","Chaetodon","vagabundus",2,"AD",37365062
11310,"Pomacanthidae","Pygoplites","diacanthus",1,"AD",37365082
11310,"Pomacentridae","Abudefduf","sexfasciatus",11,"AD",37372011
11310,"Pomacentridae","Amblyglyphidodon","curacao",4,"AD",37372017
11310,"Pomacentridae","Chrysiptera","rollandi",1,"AD",37372067
11310,"Pomacentridae","Dischistodus","melanotus",1,"AD",37372077
11310,"Pomacentridae","Plectroglyphidodon","lacrymatus",1,"AD",37372101
11310,"Pomacentridae","Pomacentrus","moluccensis",4,"AD",37372118
11310,"Pomacentridae","Pomacentrus","wardi",1,"AD",37372127
11310,"Labridae","Cheilinus","undulatus",1,"AD",37384038
11310,"Labridae","Anampses","neoguinaicus",1,"AD",37384050
11310,"Labridae","Anampses","neoguinaicus",1,"JUV",37384050
11310,"Labridae","Cheilinus","fasciatus",1,"AD",37384066
11310,"Labridae","Epibulus","insidiator",1,"AD",37384104
11310,"Labridae","Halichoeres","hortulanus",1,"AD",37384112
11310,"Labridae","Labrichthys","unilineatus",1,"JUV",37384129
11310,"Labridae","Thalassoma","hardwicke",3,"AD",37384165
11310,"Labridae","Cetoscarus","ocellatus",1,"AD",37386007
11310,"Labridae","Hipposcarus","longiceps",1,"AD",37386008
11310,"Labridae","Scarus","altipinnis",32,"AD",37386010
11310,"Labridae","Scarus","frenatus",1,"AD",37386016
11310,"Labridae","Chlorurus","microrhinos",1,"AD",37386020
11310,"Labridae","Chlorurus","sordidus",7,"JUV",37386030
11310,"Acanthuridae","Ctenochaetus","striatus",1,"AD",37437022
11310,"Acanthuridae","Zebrasoma","scopas",1,"JUV",37437036
11310,"Siganidae","Siganus","vulpinus",2,"AD",37438017
11310,"Balistidae","Balistapus","undulatus",2,"AD",37465047
11310,"Balistidae","Balistoides","viridescens",1,"AD",37465048
11310,"Tetraodontidae","Arothron","nigropunctatus",1,"AD",37467027
11312,"Serranidae","Epinephelus","fuscoguttatus",1,"AD",37311021
11312,"Lutjanidae","Aprion","virescens",1,"AD",37346027
11312,"Lutjanidae","Lutjanus","gibbus",1,"AD",37346028
11312,"Lutjanidae","Lutjanus","bohar",2,"AD",37346029
11312,"Nemipteridae","Scolopsis","bilineata",2,"AD",37347031
11312,"Lethrinidae","Lethrinus","obsoletus",2,"AD",37351019
11312,"Mullidae","Mulloidichthys","flavolineatus",27,"AD",37355019
11312,"Mullidae","Parupeneus","cyclostomus",2,"AD",37355025
11312,"Mullidae","Parupeneus","multifasciatus",1,"AD",37355026
11312,"Mullidae","Parupeneus","multifasciatus",1,"JUV",37355026
11312,"Chaetodontidae","Chaetodon","trifascialis",1,"AD",37365058
11312,"Labridae","Cheilinus","undulatus",1,"AD",37384038
11312,"Labridae","Coris","batuensis",2,"AD",37384098
11312,"Labridae","Halichoeres","biocellatus",6,"AD",37384107
11312,"Labridae","Halichoeres","hortulanus",1,"AD",37384112
11312,"Labridae","Thalassoma","lunare",3,"AD",37384167
11312,"Labridae","Hipposcarus","longiceps",13,"AD",37386008
11312,"Blenniidae","Meiacanthus","grammistes",1,"AD",37408005
11312,"Acanthuridae","Acanthurus","grammoptilus",17,"AD",37437002
11312,"Acanthuridae","Acanthurus","nigricauda",6,"AD",37437013
11312,"Siganidae","Siganus","doliatus",1,"AD",37438009
11312,"Balistidae","Balistapus","undulatus",1,"AD",37465047
11313,"Carcharhinidae","Carcharhinus","amblyrhynchos",1,"AD",37018030
11313,"Serranidae","Plectropomus","leopardus",1,"AD",37311078
11313,"Serranidae","Plectropomus","laevis",1,"AD",37311079
11313,"Serranidae","Cephalopholis","spiloparaea",1,"JUV",37311141
11313,"Serranidae","Variola","louti",3,"AD",37311166
11313,"Carangidae","Caranx","ignobilis",11,"AD",37337027
11313,"Lutjanidae","Lutjanus","bohar",2,"AD",37346029
11313,"Lethrinidae","Lethrinus","nebulosus",3,"AD",37351008
11313,"Lethrinidae","Lethrinus","erythracanthus",1,"AD",37351025
11313,"Mullidae","Parupeneus","barberinus",1,"AD",37355022
11313,"Mullidae","Parupeneus","multifasciatus",2,"AD",37355026
11313,"Mullidae","Parupeneus","pleurostigma",1,"AD",37355027
11313,"Pomacanthidae","Pomacanthus","sexstriatus",2,"AD",37365010
11313,"Pomacanthidae","Centropyge","bicolor",3,"AD",37365022
11313,"Chaetodontidae","Chaetodon","kleinii",1,"AD",37365040
11313,"Chaetodontidae","Chaetodon","mertensii",1,"AD",37365044
11313,"Chaetodontidae","Chaetodon","vagabundus",2,"AD",37365062
11313,"Pomacanthidae","Pygoplites","diacanthus",1,"AD",37365082
11313,"Pomacentridae","Chromis","ternatensis",6,"AD",37372051
11313,"Pomacentridae","Chromis","xanthura",1,"AD",37372057
11313,"Pomacentridae","Pomacentrus","amboinensis",8,"AD",37372106
11313,"Pomacentridae","Pomacentrus","brachialis",2,"AD",37372109
11313,"Pomacentridae","Pomacentrus","chrysurus",2,"AD",37372110
11313,"Pomacentridae","Pomacentrus","reidi",2,"AD",37372124
11313,"Labridae","Labroides","dimidiatus",1,"AD",37384028
11313,"Labridae","Oxycheilinus","orientalis",1,"AD",37384030
11313,"Labridae","Cirrhilabrus","punctatus",10,"AD",37384083
11313,"Labridae","Coris","dorsomacula",1,"AD",37384093
11313,"Labridae","Coris","pictoides",1,"AD",37384095
11313,"Labridae","Epibulus","insidiator",1,"AD",37384104
11313,"Labridae","Scarus","flavipectoralis",1,"AD",37386014
11313,"Labridae","Scarus","schlegeli",1,"AD",37386029
11313,"Acanthuridae","Acanthurus","pyroferus",2,"AD",37437017
11313,"Acanthuridae","Ctenochaetus","striatus",2,"AD",37437022
11313,"Acanthuridae","Naso","unicornis",1,"AD",37437031
11313,"Scombridae","Grammatorcynus","bicarinatus",1,"AD",37441025
11313,"Balistidae","Balistapus","undulatus",2,"AD",37465047
11313,"Balistidae","Balistoides","viridescens",2,"AD",37465048
11313,"Balistidae","Sufflamen","chrysopterum",2,"AD",37465079
11313,"Tetraodontidae","Canthigaster","valentini",1,"AD",37467043
11314,"Carcharhinidae","Carcharhinus","amblyrhynchos",1,"AD",37018030
11314,"Carcharhinidae","Triaenodon","obesus",1,"AD",37018038
11314,"Aulostomidae","Aulostomus","chinensis",1,"AD",37277001
11314,"Fistulariidae","Fistularia","commersonii",1,"AD",37278001
11314,"Serranidae","Epinephelus","fuscoguttatus",1,"AD",37311021
11314,"Serranidae","Cephalopholis","argus",1,"AD",37311082
11314,"Serranidae","Cephalopholis","urodeta",1,"AD",37311142
11314,"Serranidae","Variola","louti",1,"AD",37311166
11314,"Carangidae","Caranx","melampygus",2,"AD",37337050
11314,"Carangidae","Craterognathus","plagiotaenia",1,"AD",37337070
11314,"Lutjanidae","Lutjanus","rivulatus",1,"AD",37346016
11314,"Caesionidae","Caesio","cuning",20,"AD",37346018
11314,"Lutjanidae","Lutjanus","bohar",4,"AD",37346029
11314,"Lutjanidae","Lutjanus","monostigma",1,"AD",37346045
11314,"Lutjanidae","Macolor","niger",1,"JUV",37346048
11314,"Haemulidae","Plectorhinchus","chaetodonoides",1,"AD",37350014
11314,"Mullidae","Parupeneus","barberinus",1,"AD",37355022
11314,"Mullidae","Parupeneus","cyclostomus",1,"AD",37355025
11314,"Kyphosidae","Kyphosus","vaigiensis",1,"AD",37361014
11314,"Pomacanthidae","Pomacanthus","sexstriatus",2,"AD",37365010
11314,"Chaetodontidae","Chaetodon","baronessa",2,"AD",37365034
11314,"Chaetodontidae","Chaetodon","ephippium",4,"AD",37365037
11314,"Chaetodontidae","Chaetodon","melannotus",2,"AD",37365043
11314,"Chaetodontidae","Chaetodon","pelewensis",1,"AD",37365049
11314,"Chaetodontidae","Chaetodon","lunulatus",1,"AD",37365059
11314,"Chaetodontidae","Chaetodon","unimaculatus",2,"AD",37365061
11314,"Pomacentridae","Acanthochromis","polyacanthus",1,"AD",37372015
11314,"Pomacentridae","Amblyglyphidodon","leucogaster",1,"AD",37372018
11314,"Pomacentridae","Pomacentrus","moluccensis",1,"AD",37372118
11314,"Labridae","Labroides","dimidiatus",1,"AD",37384028
11314,"Labridae","Cheilinus","undulatus",1,"AD",37384038
11314,"Labridae","Oxycheilinus","digramma",1,"AD",37384065
11314,"Labridae","Cheilinus","fasciatus",1,"AD",37384066
11314,"Labridae","Halichoeres","hortulanus",1,"AD",37384112
11314,"Labridae","Thalassoma","lunare",1,"AD",37384167
11314,"Labridae","Scarus","ghobban",1,"AD",37386001
11314,"Labridae","Cetoscarus","ocellatus",1,"AD",37386007
11314,"Labridae","Scarus","altipinnis",3,"AD",37386010
11314,"Labridae","Scarus","flavipectoralis",1,"AD",37386014
11314,"Labridae","Scarus","frenatus",4,"AD",37386016
11314,"Labridae","Scarus","niger",3,"AD",37386021
11314,"Labridae","Scarus","schlegeli",2,"AD",37386029
11314,"Labridae","Chlorurus","sordidus",2,"AD",37386030
11314,"Acanthuridae","Acanthurus","mata",2,"AD",37437011
11314,"Acanthuridae","Acanthurus","pyroferus",1,"AD",37437017
11314,"Acanthuridae","Ctenochaetus","striatus",1,"AD",37437022
11314,"Acanthuridae","Naso","brachycentron",2,"AD",37437025
11314,"Acanthuridae","Naso","unicornis",1,"AD",37437031
11314,"Acanthuridae","Zebrasoma","scopas",1,"AD",37437036
11314,"Acanthuridae","Zebrasoma","veliferum",3,"AD",37437037
11314,"Acanthuridae","Naso","caesius",16,"AD",37437046
11314,"Siganidae","Siganus","punctatus",2,"AD",37438003
11314,"Siganidae","Siganus","corallinus",3,"AD",37438008
11314,"Siganidae","Siganus","puellus",2,"AD",37438011
11314,"Siganidae","Siganus","vulpinus",1,"AD",37438017
11314,"Balistidae","Balistapus","undulatus",1,"AD",37465047
11315,"Serranidae","Epinephelus","polyphekadion",1,"AD",37311047
11315,"Serranidae","Epinephelus","merra",1,"AD",37311063
11315,"Serranidae","Plectropomus","leopardus",1,"AD",37311078
11315,"Serranidae","Cephalopholis","argus",2,"AD",37311082
11315,"Serranidae","Cephalopholis","urodeta",3,"AD",37311142
11315,"Lutjanidae","Lutjanus","gibbus",1,"AD",37346028
11315,"Lutjanidae","Lutjanus","bohar",1,"AD",37346029
11315,"Nemipteridae","Scolopsis","bilineata",1,"AD",37347031
11315,"Lethrinidae","Lethrinus","xanthochilus",1,"AD",37351020
11315,"Mullidae","Parupeneus","crassilabris",2,"AD",37355023
11315,"Mullidae","Parupeneus","multifasciatus",1,"AD",37355026
11315,"Pomacanthidae","Pomacanthus","sexstriatus",2,"AD",37365010
11315,"Pomacanthidae","Centropyge","vrolikii",2,"AD",37365032
11315,"Chaetodontidae","Chaetodon","baronessa",2,"AD",37365034
11315,"Chaetodontidae","Chaetodon","pelewensis",2,"AD",37365049
11315,"Chaetodontidae","Chaetodon","lunulatus",2,"AD",37365059
11315,"Chaetodontidae","Chaetodon","vagabundus",2,"AD",37365062
11315,"Pomacentridae","Chromis","margaritifer",3,"AD",37372047
11315,"Pomacentridae","Plectroglyphidodon","dickii",1,"AD",37372098
11315,"Pomacentridae","Pomacentrus","bankanensis",7,"AD",37372108
11315,"Pomacentridae","Pomacentrus","coelestis",3,"JUV",37372111
11315,"Pomacentridae","Pomacentrus","lepidogenys",4,"AD",37372114
11315,"Pomacentridae","Pomacentrus","moluccensis",1,"AD",37372118
11315,"Pomacentridae","Pomacentrus","reidi",1,"AD",37372124
11315,"Cirrhitidae","Paracirrhites","arcatus",1,"AD",37374009
11315,"Labridae","Labroides","dimidiatus",2,"AD",37384028
11315,"Labridae","Cheilinus","undulatus",1,"AD",37384038
11315,"Labridae","Anampses","neoguinaicus",1,"JUV",37384050
11315,"Labridae","Oxycheilinus","digramma",1,"AD",37384065
11315,"Labridae","Cheilinus","fasciatus",1,"AD",37384066
11315,"Labridae","Cheilio","inermis",2,"AD",37384070
11315,"Labridae","Gomphosus","varius",2,"AD",37384106
11315,"Labridae","Gomphosus","varius",1,"JUV",37384106
11315,"Labridae","Halichoeres","hortulanus",4,"AD",37384112
11315,"Labridae","Halichoeres","scapularis",2,"AD",37384121
11315,"Labridae","Hemigymnus","melapterus",1,"AD",37384125
11315,"Labridae","Pseudocheilinus","hexataenia",1,"AD",37384143
11315,"Labridae","Stethojulis","bandanensis",1,"AD",37384154
11315,"Labridae","Thalassoma","hardwicke",6,"AD",37384165
11315,"Labridae","Anampses","melanurus",1,"AD",37384180
11315,"Labridae","Cetoscarus","ocellatus",2,"AD",37386007
11315,"Labridae","Scarus","frenatus",12,"AD",37386016
11315,"Labridae","Scarus","globiceps",2,"AD",37386018
11315,"Labridae","Scarus","niger",1,"AD",37386021
11315,"Labridae","Chlorurus","sordidus",2,"AD",37386030
11315,"Blenniidae","Plagiotremus","rhinorhynchos",1,"AD",37408004
11315,"Blenniidae","Ecsenius","bicolor",1,"AD",37408022
11315,"Zanclidae","Zanclus","cornutus",2,"AD",37437001
11315,"Acanthuridae","Acanthurus","lineatus",6,"AD",37437010
11315,"Acanthuridae","Acanthurus","olivaceus",2,"AD",37437016
11315,"Acanthuridae","Ctenochaetus","striatus",2,"AD",37437022
11315,"Acanthuridae","Naso","brevirostris",1,"AD",37437026
11315,"Acanthuridae","Zebrasoma","scopas",2,"AD",37437036
11315,"Acanthuridae","Zebrasoma","scopas",1,"JUV",37437036
11315,"Siganidae","Siganus","corallinus",2,"AD",37438008
11315,"Siganidae","Siganus","vulpinus",2,"AD",37438017
11315,"Balistidae","Balistapus","undulatus",1,"AD",37465047
11316,"Synodontidae","Synodus","variegatus",1,"AD",37118023
11316,"Serranidae","Plectropomus","laevis",1,"AD",37311079
11316,"Pseudochromidae","Pseudochromis","fuscus",1,"AD",37313006
11316,"Lutjanidae","Macolor","niger",2,"AD",37346048
11316,"Caesionidae","Pterocaesio","marri",1,"AD",37346068
11316,"Nemipteridae","Scolopsis","bilineata",1,"AD",37347031
11316,"Lethrinidae","Lethrinus","atkinsoni",2,"AD",37351013
11316,"Mullidae","Parupeneus","barberinoides",1,"AD",37355021
11316,"Mullidae","Parupeneus","multifasciatus",1,"AD",37355026
11316,"Pomacanthidae","Centropyge","bicolor",2,"AD",37365022
11316,"Chaetodontidae","Chaetodon","baronessa",1,"AD",37365034
11316,"Chaetodontidae","Chaetodon","plebeius",2,"AD",37365050
11316,"Chaetodontidae","Chaetodon","lunulatus",2,"AD",37365059
11316,"Chaetodontidae","Chaetodon","vagabundus",2,"AD",37365062
11316,"Pomacentridae","Chrysiptera","rollandi",2,"AD",37372067
11316,"Pomacentridae","Dascyllus","aruanus",1,"AD",37372073
11316,"Pomacentridae","Pomacentrus","amboinensis",6,"AD",37372106
11316,"Pomacentridae","Pomacentrus","wardi",1,"AD",37372127
11316,"Labridae","Oxycheilinus","orientalis",1,"AD",37384030
11316,"Labridae","Choerodon","fasciatus",1,"AD",37384073
11316,"Labridae","Cirrhilabrus","punctatus",1,"AD",37384083
11316,"Labridae","Coris","batuensis",1,"AD",37384098
11316,"Labridae","Halichoeres","prosopeion",2,"AD",37384120
11316,"Labridae","Labrichthys","unilineatus",1,"AD",37384129
11316,"Labridae","Labrichthys","unilineatus",3,"JUV",37384129
11316,"Labridae","Thalassoma","lunare",5,"AD",37384167
11316,"Labridae","Anampses","melanurus",1,"AD",37384180
11316,"Labridae","Cetoscarus","ocellatus",1,"JUV",37386007
11316,"Labridae","Scarus","flavipectoralis",2,"JUV",37386014
11316,"Labridae","Scarus","schlegeli",3,"JUV",37386029
11316,"Labridae","Chlorurus","sordidus",3,"JUV",37386030
11316,"Pinguipedidae","Parapercis","queenslandica",1,"AD",37390011
11316,"Blenniidae","Ecsenius","bicolor",1,"AD",37408022
11316,"Acanthuridae","Ctenochaetus","striatus",2,"AD",37437022
11316,"Acanthuridae","Zebrasoma","scopas",1,"JUV",37437036
11316,"Balistidae","Balistapus","undulatus",4,"AD",37465047
11316,"Balistidae","Sufflamen","chrysopterum",1,"AD",37465079
11317,"Serranidae","Epinephelus","merra",2,"AD",37311063
11317,"Pseudochromidae","Pseudochromis","fuscus",1,"AD",37313006
11317,"Lutjanidae","Lutjanus","bohar",1,"AD",37346029
11317,"Lutjanidae","Macolor","niger",1,"JUV",37346048
11317,"Caesionidae","Pterocaesio","marri",1,"AD",37346068
11317,"Chaetodontidae","Chaetodon","plebeius",3,"AD",37365050
11317,"Pomacentridae","Dischistodus","melanotus",1,"AD",37372077
11317,"Pomacentridae","Dischistodus","perspicillatus",1,"JUV",37372078
11317,"Pomacentridae","Dischistodus","pseudochrysopoecilus",2,"AD",37372080
11317,"Pomacentridae","Pomacentrus","amboinensis",1,"AD",37372106
11317,"Pomacentridae","Pomacentrus","wardi",1,"AD",37372127
11317,"Pomacentridae","Stegastes","nigricans",3,"AD",37372135
11317,"Labridae","Anampses","neoguinaicus",1,"AD",37384050
11317,"Labridae","Cheilinus","fasciatus",1,"AD",37384066
11317,"Labridae","Coris","batuensis",1,"AD",37384098
11317,"Labridae","Halichoeres","hortulanus",1,"AD",37384112
11317,"Labridae","Halichoeres","trimaculatus",1,"AD",37384122
11317,"Labridae","Thalassoma","hardwicke",3,"AD",37384165
11317,"Blenniidae","Meiacanthus","grammistes",2,"AD",37408005
11318,"Carcharhinidae","Carcharhinus","amblyrhynchos",1,"AD",37018030
11318,"Serranidae","Plectropomus","laevis",1,"AD",37311079
11318,"Pseudochromidae","Pseudochromis","fuscus",1,"AD",37313006
11318,"Nemipteridae","Scolopsis","bilineata",1,"AD",37347031
11318,"Lethrinidae","Lethrinus","atkinsoni",2,"AD",37351013
11318,"Chaetodontidae","Chaetodon","plebeius",2,"AD",37365050
11318,"Chaetodontidae","Chaetodon","lunulatus",2,"AD",37365059
11318,"Pomacentridae","Dischistodus","melanotus",1,"AD",37372077
11318,"Pomacentridae","Stegastes","nigricans",2,"AD",37372135
11318,"Labridae","Labroides","dimidiatus",2,"AD",37384028
11318,"Labridae","Anampses","neoguinaicus",1,"JUV",37384050
11318,"Labridae","Oxycheilinus","digramma",1,"AD",37384065
11318,"Labridae","Cheilinus","fasciatus",1,"AD",37384066
11318,"Labridae","Choerodon","fasciatus",1,"AD",37384073
11318,"Labridae","Coris","batuensis",1,"AD",37384098
11318,"Labridae","Gomphosus","varius",1,"AD",37384106
11318,"Labridae","Halichoeres","prosopeion",1,"AD",37384120
11318,"Labridae","Hemigymnus","melapterus",1,"AD",37384125
11318,"Labridae","Labrichthys","unilineatus",1,"AD",37384129
11318,"Labridae","Thalassoma","lunare",2,"AD",37384167
11318,"Labridae","Scarus","flavipectoralis",1,"AD",37386014
11318,"Blenniidae","Ecsenius","bicolor",1,"AD",37408022
11318,"Acanthuridae","Ctenochaetus","striatus",2,"AD",37437022
11318,"Siganidae","Siganus","corallinus",2,"AD",37438008
11318,"Siganidae","Siganus","vulpinus",2,"AD",37438017
11318,"Balistidae","Balistapus","undulatus",2,"AD",37465047
11318,"Tetraodontidae","Canthigaster","valentini",2,"AD",37467043
11319,"Carcharhinidae","Triaenodon","obesus",1,"AD",37018038
11319,"Holocentridae","Sargocentron","caudimaculatum",2,"AD",37261022
11319,"Serranidae","Plectropomus","leopardus",1,"AD",37311078
11319,"Serranidae","Cephalopholis","argus",2,"AD",37311082
11319,"Serranidae","Cephalopholis","urodeta",1,"AD",37311142
11319,"Serranidae","Variola","louti",2,"AD",37311166
11319,"Carangidae","Caranx","papuensis",1,"AD",37337064
11319,"Carangidae","Craterognathus","plagiotaenia",1,"AD",37337070
11319,"Lutjanidae","Lutjanus","gibbus",1,"AD",37346028
11319,"Lutjanidae","Lutjanus","bohar",2,"AD",37346029
11319,"Caesionidae","Pterocaesio","tile",12,"AD",37346063
11319,"Lethrinidae","Monotaxis","grandoculis",1,"AD",37351026
11319,"Chaetodontidae","Chaetodon","auriga",1,"AD",37365019
11319,"Chaetodontidae","Chaetodon","baronessa",1,"AD",37365034
11319,"Chaetodontidae","Chaetodon","ephippium",1,"AD",37365037
11319,"Chaetodontidae","Chaetodon","ornatissimus",1,"AD",37365047
11319,"Chaetodontidae","Chaetodon","plebeius",1,"AD",37365050
11319,"Chaetodontidae","Chaetodon","lunulatus",2,"AD",37365059
11319,"Chaetodontidae","Chaetodon","ulietensis",3,"AD",37365060
11319,"Chaetodontidae","Chaetodon","vagabundus",1,"AD",37365062
11319,"Pomacanthidae","Pygoplites","diacanthus",1,"AD",37365082
11319,"Pomacentridae","Chromis","margaritifer",7,"AD",37372047
11319,"Pomacentridae","Chromis","xanthura",2,"AD",37372057
11319,"Pomacentridae","Pomacentrus","brachialis",2,"AD",37372109
11319,"Pomacentridae","Pomacentrus","chrysurus",2,"AD",37372110
11319,"Pomacentridae","Pomacentrus","lepidogenys",5,"AD",37372114
11319,"Labridae","Labroides","dimidiatus",2,"AD",37384028
11319,"Labridae","Cheilinus","undulatus",1,"AD",37384038
11319,"Labridae","Cheilinus","undulatus",1,"JUV",37384038
11319,"Labridae","Anampses","neoguinaicus",2,"AD",37384050
11319,"Labridae","Bodianus","axillaris",1,"AD",37384053
11319,"Labridae","Bodianus","loxozonus",1,"AD",37384059
11319,"Labridae","Epibulus","insidiator",1,"AD",37384104
11319,"Labridae","Gomphosus","varius",1,"AD",37384106
11319,"Labridae","Gomphosus","varius",1,"JUV",37384106
11319,"Labridae","Halichoeres","hortulanus",1,"AD",37384112
11319,"Labridae","Labrichthys","unilineatus",1,"AD",37384129
11319,"Labridae","Labrichthys","unilineatus",2,"JUV",37384129
11319,"Labridae","Labroides","bicolor",1,"AD",37384130
11319,"Labridae","Thalassoma","hardwicke",1,"AD",37384165
11319,"Labridae","Thalassoma","lutescens",1,"AD",37384168
11319,"Labridae","Cetoscarus","ocellatus",1,"AD",37386007
11319,"Labridae","Hipposcarus","longiceps",1,"AD",37386008
11319,"Labridae","Scarus","frenatus",1,"AD",37386016
11319,"Labridae","Scarus","globiceps",2,"AD",37386018
11319,"Labridae","Scarus","niger",1,"AD",37386021
11319,"Labridae","Scarus","psittacus",1,"AD",37386024
11319,"Labridae","Scarus","schlegeli",1,"AD",37386029
11319,"Labridae","Scarus","schlegeli",1,"JUV",37386029
11319,"Acanthuridae","Acanthurus","blochii",8,"AD",37437007
11319,"Acanthuridae","Acanthurus","lineatus",5,"AD",37437010
11319,"Acanthuridae","Ctenochaetus","striatus",9,"AD",37437022
11319,"Acanthuridae","Naso","brachycentron",1,"AD",37437025
11319,"Scombridae","Grammatorcynus","bicarinatus",1,"AD",37441025
11319,"Balistidae","Melichthys","vidua",1,"AD",37465058
11319,"Tetraodontidae","Arothron","nigropunctatus",1,"AD",37467027
11320,"Carangidae","Turrum","caeruleopinnatum",1,"AD",37337021
11320,"Carangidae","Ferdauia","ferdau",1,"AD",37337068
11320,"Lethrinidae","Lethrinus","nebulosus",4,"AD",37351008
11320,"Mullidae","Parupeneus","cyclostomus",2,"AD",37355025
11321,"Carcharhinidae","Carcharhinus","amblyrhynchos",2,"AD",37018030
11321,"Carcharhinidae","Carcharhinus","melanopterus",1,"AD",37018036
11321,"Carcharhinidae","Triaenodon","obesus",1,"AD",37018038
11321,"Serranidae","Epinephelus","fuscoguttatus",1,"AD",37311021
11321,"Serranidae","Plectropomus","laevis",2,"AD",37311079
11321,"Echeneidae","Echeneis","naucrates",1,"AD",37336001
11321,"Carangidae","Craterognathus","plagiotaenia",1,"AD",37337070
11321,"Carangidae","Carangichthys","dinema",1,"AD",37337078
11321,"Lutjanidae","Lutjanus","bohar",1,"AD",37346029
11321,"Lutjanidae","Symphorichthys","spilurus",4,"AD",37346052
11321,"Lethrinidae","Gymnocranius","grandoculis",1,"AD",37351005
11321,"Lethrinidae","Lethrinus","nebulosus",4,"AD",37351008
11321,"Chaetodontidae","Chaetodon","lineolatus",1,"AD",37365041
11321,"Labridae","Cheilinus","undulatus",1,"AD",37384038
11321,"Labridae","Hipposcarus","longiceps",6,"AD",37386008
11321,"Acanthuridae","Acanthurus","grammoptilus",4,"AD",37437002
11321,"Siganidae","Siganus","punctatus",2,"AD",37438003
11322,"Carcharhinidae","Carcharhinus","amblyrhynchos",1,"AD",37018030
11322,"Carcharhinidae","Carcharhinus","melanopterus",1,"AD",37018036
11322,"Carcharhinidae","Triaenodon","obesus",1,"AD",37018038
11322,"Serranidae","Epinephelus","maculatus",1,"AD",37311011
11322,"Serranidae","Epinephelus","polyphekadion",1,"AD",37311047
11322,"Serranidae","Plectropomus","leopardus",2,"AD",37311078
11322,"Serranidae","Plectropomus","laevis",1,"AD",37311079
11322,"Serranidae","Cephalopholis","cyanostigma",1,"AD",37311136
11322,"Carangidae","Caranx","papuensis",1,"AD",37337064
11322,"Carangidae","Craterognathus","plagiotaenia",1,"AD",37337070
11322,"Lutjanidae","Aprion","virescens",1,"AD",37346027
11322,"Lutjanidae","Lutjanus","bohar",3,"AD",37346029
11322,"Lutjanidae","Symphorichthys","spilurus",1,"AD",37346052
11322,"Pomacanthidae","Pomacanthus","sexstriatus",1,"AD",37365010
11322,"Chaetodontidae","Heniochus","acuminatus",2,"AD",37365011
11322,"Labridae","Labroides","dimidiatus",3,"AD",37384028
11322,"Labridae","Halichoeres","chrysus",4,"AD",37384110
11322,"Labridae","Halichoeres","nebulosus",2,"AD",37384118
11322,"Labridae","Thalassoma","lunare",3,"JUV",37384167
11322,"Labridae","Hipposcarus","longiceps",1,"AD",37386008
11322,"Acanthuridae","Acanthurus","grammoptilus",11,"AD",37437002
11322,"Acanthuridae","Acanthurus","nigricauda",3,"AD",37437013
11322,"Balistidae","Pseudobalistes","fuscus",1,"AD",37465027
11323,"Carcharhinidae","Carcharhinus","amblyrhynchos",1,"AD",37018030
11323,"Carcharhinidae","Triaenodon","obesus",1,"AD",37018038
11323,"Serranidae","Plectropomus","laevis",1,"AD",37311079
11323,"Serranidae","Cephalopholis","urodeta",2,"AD",37311142
11323,"Echeneidae","Echeneis","naucrates",3,"JUV",37336001
11323,"Carangidae","Caranx","papuensis",1,"AD",37337064
11323,"Carangidae","Carangichthys","dinema",1,"AD",37337078
11323,"Lutjanidae","Symphorichthys","spilurus",1,"AD",37346052
11323,"Nemipteridae","Scolopsis","bilineata",1,"AD",37347031
11323,"Lethrinidae","Gymnocranius","grandoculis",1,"AD",37351005
11323,"Lethrinidae","Lethrinus","nebulosus",2,"AD",37351008
11323,"Mullidae","Parupeneus","barberinus",2,"AD",37355022
11323,"Mullidae","Parupeneus","multifasciatus",1,"AD",37355026
11323,"Chaetodontidae","Chaetodon","auriga",2,"AD",37365019
11323,"Chaetodontidae","Chaetodon","vagabundus",2,"AD",37365062
11323,"Pomacentridae","Chromis","lepidolepis",1,"AD",37372045
11323,"Pomacentridae","Chromis","ternatensis",2,"AD",37372051
11323,"Pomacentridae","Dascyllus","reticulatus",6,"AD",37372074
11323,"Pomacentridae","Dascyllus","trimaculatus",2,"AD",37372075
11323,"Pomacentridae","Neopomacentrus","bankieri",6,"AD",37372088
11323,"Pomacentridae","Pomacentrus","amboinensis",2,"AD",37372106
11323,"Pomacentridae","Pomacentrus","brachialis",2,"AD",37372109
11323,"Pomacentridae","Pomacentrus","chrysurus",1,"AD",37372110
11323,"Labridae","Labroides","dimidiatus",2,"AD",37384028
11323,"Labridae","Halichoeres","chrysus",3,"AD",37384110
11323,"Labridae","Halichoeres","trimaculatus",7,"AD",37384122
11323,"Labridae","Stethojulis","bandanensis",2,"AD",37384154
11323,"Labridae","Thalassoma","amblycephalum",2,"AD",37384164
11323,"Labridae","Thalassoma","lunare",3,"AD",37384167
11323,"Labridae","Thalassoma","lunare",10,"JUV",37384167
11323,"Labridae","Hipposcarus","longiceps",3,"AD",37386008
11323,"Labridae","Scarus","chameleon",1,"AD",37386012
11323,"Labridae","Scarus","psittacus",4,"AD",37386024
11323,"Blenniidae","Meiacanthus","grammistes",1,"AD",37408005
11323,"Acanthuridae","Acanthurus","grammoptilus",8,"AD",37437002
11323,"Acanthuridae","Acanthurus","nigricauda",1,"AD",37437013
11323,"Acanthuridae","Acanthurus","olivaceus",2,"AD",37437016
11323,"Acanthuridae","Ctenochaetus","striatus",2,"AD",37437022
11323,"Balistidae","Pseudobalistes","fuscus",1,"AD",37465027
11323,"Balistidae","Balistapus","undulatus",1,"AD",37465047
11324,"Carcharhinidae","Carcharhinus","amblyrhynchos",2,"AD",37018030
11324,"Carcharhinidae","Triaenodon","obesus",1,"AD",37018038
11324,"Serranidae","Plectropomus","laevis",1,"AD",37311079
11324,"Serranidae","Cephalopholis","urodeta",1,"AD",37311142
11324,"Echeneidae","Echeneis","naucrates",3,"AD",37336001
11324,"Lutjanidae","Lutjanus","rivulatus",1,"AD",37346016
11324,"Lutjanidae","Lutjanus","bohar",4,"AD",37346029
11324,"Caesionidae","Pterocaesio","marri",22,"AD",37346068
11324,"Lethrinidae","Lethrinus","nebulosus",2,"AD",37351008
11324,"Mullidae","Parupeneus","barberinus",1,"AD",37355022
11324,"Mullidae","Parupeneus","multifasciatus",1,"AD",37355026
11324,"Chaetodontidae","Chaetodon","auriga",2,"AD",37365019
11324,"Chaetodontidae","Chaetodon","citrinellus",2,"AD",37365036
11324,"Chaetodontidae","Chaetodon","lunulatus",1,"AD",37365059
11324,"Pomacentridae","Chromis","margaritifer",2,"AD",37372047
11324,"Pomacentridae","Pomacentrus","brachialis",2,"AD",37372109
11324,"Pomacentridae","Pomacentrus","moluccensis",1,"AD",37372118
11324,"Labridae","Labroides","dimidiatus",2,"AD",37384028
11324,"Labridae","Cheilinus","undulatus",1,"AD",37384038
11324,"Labridae","Gomphosus","varius",1,"JUV",37384106
11324,"Labridae","Halichoeres","hortulanus",1,"AD",37384112
11324,"Labridae","Halichoeres","scapularis",2,"AD",37384121
11324,"Labridae","Halichoeres","trimaculatus",1,"AD",37384122
11324,"Labridae","Halichoeres","trimaculatus",7,"JUV",37384122
11324,"Labridae","Labroides","bicolor",2,"AD",37384130
11324,"Labridae","Stethojulis","bandanensis",1,"AD",37384154
11324,"Labridae","Thalassoma","amblycephalum",9,"AD",37384164
11324,"Labridae","Thalassoma","hardwicke",1,"AD",37384165
11324,"Labridae","Thalassoma","lunare",8,"AD",37384167
11324,"Labridae","Thalassoma","nigrofasciatum",1,"AD",37384196
11324,"Labridae","Cetoscarus","ocellatus",1,"AD",37386007
11324,"Labridae","Hipposcarus","longiceps",5,"AD",37386008
11324,"Labridae","Scarus","chameleon",9,"AD",37386012
11324,"Labridae","Scarus","psittacus",5,"AD",37386024
11324,"Labridae","Scarus","schlegeli",6,"AD",37386029
11324,"Pinguipedidae","Parapercis","queenslandica",1,"AD",37390011
11324,"Blenniidae","Meiacanthus","grammistes",1,"AD",37408005
11324,"Blenniidae","Plagiotremus","tapeinosoma",1,"AD",37408076
11324,"Acanthuridae","Acanthurus","grammoptilus",4,"AD",37437002
11324,"Acanthuridae","Acanthurus","nigricauda",1,"AD",37437013
11324,"Acanthuridae","Acanthurus","xanthopterus",2,"AD",37437020
11324,"Acanthuridae","Ctenochaetus","striatus",1,"AD",37437022
11324,"Acanthuridae","Naso","unicornis",1,"AD",37437031
11324,"Acanthuridae","Naso","tonganus",1,"AD",37437047
11324,"Balistidae","Balistapus","undulatus",2,"AD",37465047
11324,"Dasyatidae","Neotrygon","australiae",1,"AD",37035004
11325,"Carcharhinidae","Carcharhinus","amblyrhynchos",2,"AD",37018030
11325,"Carcharhinidae","Triaenodon","obesus",1,"AD",37018038
11325,"Echeneidae","Echeneis","naucrates",3,"AD",37336001
11325,"Carangidae","Caranx","papuensis",1,"AD",37337064
11325,"Lutjanidae","Lutjanus","rivulatus",1,"AD",37346016
11325,"Lutjanidae","Aprion","virescens",1,"AD",37346027
11325,"Lutjanidae","Lutjanus","bohar",3,"AD",37346029
11325,"Lethrinidae","Gymnocranius","grandoculis",1,"AD",37351005
11325,"Lethrinidae","Lethrinus","nebulosus",1,"AD",37351008
11325,"Mullidae","Parupeneus","barberinus",2,"AD",37355022
11325,"Labridae","Halichoeres","hortulanus",1,"AD",37384112
11325,"Labridae","Hipposcarus","longiceps",3,"AD",37386008
11325,"Acanthuridae","Acanthurus","grammoptilus",5,"AD",37437002
11325,"Acanthuridae","Acanthurus","dussumieri",1,"AD",37437008
11325,"Balistidae","Pseudobalistes","fuscus",1,"AD",37465027
11326,"Carcharhinidae","Carcharhinus","amblyrhynchos",1,"AD",37018030
11326,"Carcharhinidae","Triaenodon","obesus",1,"AD",37018038
11326,"Serranidae","Epinephelus","fuscoguttatus",1,"AD",37311021
11326,"Serranidae","Epinephelus","polyphekadion",1,"AD",37311047
11326,"Serranidae","Plectropomus","laevis",1,"AD",37311079
11326,"Serranidae","Plectropomus","laevis",1,"JUV",37311079
11326,"Pseudochromidae","Pseudochromis","fuscus",1,"AD",37313006
11326,"Echeneidae","Echeneis","naucrates",2,"AD",37336001
11326,"Carangidae","Carangichthys","dinema",1,"AD",37337078
11326,"Lutjanidae","Lutjanus","bohar",1,"AD",37346029
11326,"Lutjanidae","Symphorichthys","spilurus",1,"AD",37346052
11326,"Lethrinidae","Gymnocranius","grandoculis",1,"AD",37351005
11326,"Lethrinidae","Lethrinus","nebulosus",1,"AD",37351008
11326,"Mullidae","Parupeneus","barberinus",1,"AD",37355022
11326,"Pomacanthidae","Centropyge","bicolor",1,"AD",37365022
11326,"Chaetodontidae","Chaetodon","plebeius",2,"AD",37365050
11326,"Chaetodontidae","Chaetodon","vagabundus",2,"AD",37365062
11326,"Pomacentridae","Acanthochromis","polyacanthus",1,"AD",37372015
11326,"Pomacentridae","Chromis","xanthura",1,"AD",37372057
11326,"Pomacentridae","Dascyllus","aruanus",1,"AD",37372073
11326,"Pomacentridae","Pomacentrus","amboinensis",7,"AD",37372106
11326,"Pomacentridae","Pomacentrus","nagasakiensis",4,"AD",37372119
11326,"Labridae","Oxycheilinus","orientalis",1,"AD",37384030
11326,"Labridae","Coris","batuensis",1,"AD",37384098
11326,"Labridae","Thalassoma","lunare",6,"AD",37384167
11326,"Labridae","Scarus","schlegeli",8,"JUV",37386029
11326,"Pinguipedidae","Parapercis","queenslandica",1,"AD",37390011
11326,"Blenniidae","Meiacanthus","grammistes",1,"AD",37408005
11326,"Acanthuridae","Acanthurus","nigricauda",2,"AD",37437013
11326,"Acanthuridae","Ctenochaetus","striatus",1,"AD",37437022
11327,"Carcharhinidae","Carcharhinus","amblyrhynchos",1,"JUV",37018030
11327,"Carcharhinidae","Triaenodon","obesus",1,"AD",37018038
11327,"Holocentridae","Sargocentron","caudimaculatum",1,"AD",37261022
11327,"Serranidae","Epinephelus","merra",3,"AD",37311063
11327,"Serranidae","Plectropomus","leopardus",2,"AD",37311078
11327,"Serranidae","Cephalopholis","argus",2,"AD",37311082
11327,"Echeneidae","Echeneis","naucrates",2,"JUV",37336001
11327,"Chaetodontidae","Chaetodon","lunulatus",2,"AD",37365059
11327,"Pomacentridae","Abudefduf","sexfasciatus",2,"AD",37372011
11327,"Pomacentridae","Abudefduf","vaigiensis",9,"AD",37372013
11327,"Pomacentridae","Chromis","margaritifer",1,"AD",37372047
11327,"Pomacentridae","Pomacentrus","bankanensis",4,"AD",37372108
11327,"Pomacentridae","Pomacentrus","bankanensis",2,"JUV",37372108
11327,"Pomacentridae","Pomacentrus","lepidogenys",2,"AD",37372114
11327,"Pomacentridae","Stegastes","nigricans",2,"AD",37372135
11327,"Cirrhitidae","Paracirrhites","arcatus",1,"AD",37374009
11327,"Cirrhitidae","Paracirrhites","forsteri",1,"AD",37374010
11327,"Labridae","Labroides","dimidiatus",1,"AD",37384028
11327,"Labridae","Cheilinus","oxycephalus",1,"AD",37384067
11327,"Labridae","Epibulus","insidiator",1,"AD",37384104
11327,"Labridae","Gomphosus","varius",3,"AD",37384106
11327,"Labridae","Halichoeres","hortulanus",1,"AD",37384112
11327,"Labridae","Labrichthys","unilineatus",1,"AD",37384129
11327,"Labridae","Labrichthys","unilineatus",1,"JUV",37384129
11327,"Labridae","Pseudocheilinus","octotaenia",2,"AD",37384144
11327,"Labridae","Thalassoma","amblycephalum",14,"AD",37384164
11327,"Labridae","Thalassoma","hardwicke",7,"AD",37384165
11327,"Labridae","Thalassoma","lunare",1,"AD",37384167
11327,"Labridae","Thalassoma","nigrofasciatum",3,"AD",37384196
11327,"Labridae","Scarus","altipinnis",1,"AD",37386010
11327,"Labridae","Chlorurus","microrhinos",1,"AD",37386020
11327,"Labridae","Scarus","spinus",1,"AD",37386031
11327,"Acanthuridae","Acanthurus","lineatus",4,"AD",37437010
11327,"Acanthuridae","Ctenochaetus","striatus",4,"AD",37437022
11327,"Acanthuridae","Naso","brevirostris",1,"AD",37437026
11327,"Siganidae","Siganus","punctatus",2,"AD",37438003
11327,"Balistidae","Balistapus","undulatus",2,"AD",37465047
11328,"Carcharhinidae","Carcharhinus","amblyrhynchos",1,"AD",37018030
11328,"Carcharhinidae","Carcharhinus","amblyrhynchos",1,"JUV",37018030
11328,"Synodontidae","Synodus","jaculum",4,"AD",37118015
11328,"Serranidae","Epinephelus","fuscoguttatus",2,"AD",37311021
11328,"Serranidae","Aethaloperca","rogaa",2,"AD",37311134
11328,"Serranidae","Cephalopholis","cyanostigma",2,"AD",37311136
11328,"Apogonidae","Rhabdamia","gracilis",400,"AD",37327022
11328,"Echeneidae","Echeneis","naucrates",2,"JUV",37336001
11328,"Lutjanidae","Lutjanus","bohar",1,"AD",37346029
11328,"Lutjanidae","Lutjanus","kasmira",24,"JUV",37346044
11328,"Caesionidae","Pterocaesio","marri",14,"AD",37346068
11328,"Nemipteridae","Scolopsis","bilineata",2,"AD",37347031
11328,"Lethrinidae","Gnathodentex","aureolineatus",1,"AD",37351021
11328,"Lethrinidae","Monotaxis","grandoculis",1,"JUV",37351026
11328,"Mullidae","Parupeneus","barberinus",1,"AD",37355022
11328,"Mullidae","Parupeneus","multifasciatus",1,"AD",37355026
11328,"Pomacanthidae","Centropyge","vrolikii",1,"AD",37365032
11328,"Chaetodontidae","Chaetodon","citrinellus",2,"AD",37365036
11328,"Pomacentridae","Chromis","atripes",1,"AD",37372037
11328,"Pomacentridae","Chromis","weberi",2,"AD",37372054
11328,"Pomacentridae","Dascyllus","reticulatus",1,"AD",37372074
11328,"Pomacentridae","Dascyllus","trimaculatus",4,"AD",37372075
11328,"Pomacentridae","Pomacentrus","amboinensis",1,"AD",37372106
11328,"Pomacentridae","Pomacentrus","brachialis",4,"AD",37372109
11328,"Pomacentridae","Pomacentrus","coelestis",1,"AD",37372111
11328,"Cirrhitidae","Cirrhitichthys","falco",2,"AD",37374003
11328,"Cirrhitidae","Paracirrhites","forsteri",1,"AD",37374010
11328,"Labridae","Labroides","dimidiatus",5,"AD",37384028
11328,"Labridae","Anampses","neoguinaicus",2,"AD",37384050
11328,"Labridae","Bodianus","diana",2,"AD",37384056
11328,"Labridae","Halichoeres","chrysus",2,"AD",37384110
11328,"Labridae","Halichoeres","hortulanus",1,"AD",37384112
11328,"Labridae","Halichoeres","trimaculatus",5,"AD",37384122
11328,"Labridae","Thalassoma","lunare",6,"AD",37384167
11328,"Labridae","Anampses","melanurus",1,"AD",37384180
11328,"Labridae","Scarus","schlegeli",2,"JUV",37386029
11328,"Acanthuridae","Acanthurus","grammoptilus",1,"AD",37437002
11328,"Acanthuridae","Ctenochaetus","striatus",1,"AD",37437022
11328,"Acanthuridae","Naso","lituratus",1,"AD",37437029
11328,"Balistidae","Balistapus","undulatus",2,"AD",37465047
11328,"Tetraodontidae","Arothron","stellatus",1,"AD",37467014
11328,"Tetraodontidae","Canthigaster","valentini",1,"AD",37467043
11329,"Carcharhinidae","Carcharhinus","amblyrhynchos",1,"AD",37018030
11329,"Carcharhinidae","Triaenodon","obesus",1,"AD",37018038
11329,"Serranidae","Plectropomus","leopardus",1,"AD",37311078
11329,"Serranidae","Plectropomus","laevis",1,"AD",37311079
11329,"Serranidae","Pseudanthias","squamipinnis",1,"AD",37311126
11329,"Serranidae","Pseudanthias","squamipinnis",4,"JUV",37311126
11329,"Serranidae","Cephalopholis","urodeta",2,"AD",37311142
11329,"Serranidae","Variola","louti",1,"AD",37311166
11329,"Malacanthidae","Malacanthus","latovittatus",1,"AD",37331010
11329,"Echeneidae","Echeneis","naucrates",2,"AD",37336001
11329,"Carangidae","Caranx","ignobilis",4,"AD",37337027
11329,"Carangidae","Caranx","melampygus",1,"AD",37337050
11329,"Lutjanidae","Lutjanus","bohar",3,"AD",37346029
11329,"Nemipteridae","Scolopsis","bilineata",1,"AD",37347031
11329,"Lethrinidae","Lethrinus","rubrioperculatus",1,"AD",37351012
11329,"Mullidae","Parupeneus","cyclostomus",1,"AD",37355025
11329,"Mullidae","Parupeneus","cyclostomus",1,"JUV",37355025
11329,"Mullidae","Parupeneus","multifasciatus",2,"AD",37355026
11329,"Mullidae","Parupeneus","pleurostigma",1,"AD",37355027
11329,"Chaetodontidae","Chaetodon","auriga",2,"AD",37365019
11329,"Pomacanthidae","Centropyge","bicolor",2,"AD",37365022
11329,"Chaetodontidae","Chaetodon","citrinellus",2,"AD",37365036
11329,"Chaetodontidae","Chaetodon","kleinii",2,"AD",37365040
11329,"Chaetodontidae","Chaetodon","trifascialis",1,"AD",37365058
11329,"Pomacentridae","Chromis","ternatensis",1,"AD",37372051
11329,"Pomacentridae","Dascyllus","reticulatus",3,"AD",37372074
11329,"Pomacentridae","Dascyllus","reticulatus",9,"JUV",37372074
11329,"Pomacentridae","Pomacentrus","amboinensis",2,"AD",37372106
11329,"Pomacentridae","Pomacentrus","coelestis",1,"AD",37372111
11329,"Labridae","Cheilinus","undulatus",1,"AD",37384038
11329,"Labridae","Cheilinus","undulatus",1,"JUV",37384038
11329,"Labridae","Coris","dorsomacula",1,"AD",37384093
11329,"Labridae","Halichoeres","chrysus",4,"AD",37384110
11329,"Labridae","Halichoeres","scapularis",1,"AD",37384121
11329,"Labridae","Halichoeres","trimaculatus",6,"AD",37384122
11329,"Labridae","Thalassoma","lunare",14,"AD",37384167
11329,"Labridae","Scarus","schlegeli",1,"JUV",37386029
11329,"Pinguipedidae","Parapercis","queenslandica",1,"AD",37390011
11329,"Blenniidae","Plagiotremus","rhinorhynchos",1,"AD",37408004
11329,"Blenniidae","Meiacanthus","grammistes",1,"AD",37408005
11329,"Acanthuridae","Acanthurus","olivaceus",1,"AD",37437016
11329,"Acanthuridae","Ctenochaetus","striatus",2,"AD",37437022
11329,"Balistidae","Melichthys","vidua",1,"AD",37465058
11329,"Balistidae","Sufflamen","chrysopterum",2,"AD",37465079
11330,"Carcharhinidae","Triaenodon","obesus",1,"AD",37018038
11330,"Serranidae","Plectropomus","leopardus",1,"AD",37311078
11330,"Serranidae","Plectropomus","laevis",1,"AD",37311079
11330,"Caesionidae","Caesio","cuning",1,"AD",37346018
11330,"Caesionidae","Pterocaesio","marri",36,"AD",37346068
11330,"Lethrinidae","Lethrinus","erythracanthus",1,"AD",37351025
11330,"Pomacentridae","Acanthochromis","polyacanthus",3,"AD",37372015
11330,"Pomacentridae","Amblyglyphidodon","leucogaster",1,"AD",37372018
11330,"Pomacentridae","Dascyllus","reticulatus",2,"AD",37372074
11330,"Pomacentridae","Pomacentrus","amboinensis",1,"AD",37372106
11330,"Labridae","Oxycheilinus","orientalis",1,"AD",37384030
11330,"Labridae","Thalassoma","lunare",2,"AD",37384167
11330,"Labridae","Scarus","frenatus",1,"AD",37386016
11330,"Labridae","Scarus","schlegeli",6,"JUV",37386029
11330,"Labridae","Chlorurus","sordidus",1,"JUV",37386030
11330,"Acanthuridae","Naso","brevirostris",3,"AD",37437026
11330,"Acanthuridae","Naso","unicornis",6,"AD",37437031
11330,"Scombridae","Grammatorcynus","bilineatus",1,"AD",37441028
11331,"Carcharhinidae","Triaenodon","obesus",1,"AD",37018038
11331,"Echeneidae","Echeneis","naucrates",1,"AD",37336001
11331,"Lutjanidae","Lutjanus","bohar",1,"AD",37346029
11331,"Nemipteridae","Scolopsis","bilineata",2,"AD",37347031
11331,"Lethrinidae","Lethrinus","nebulosus",1,"AD",37351008
11331,"Mullidae","Parupeneus","barberinus",1,"AD",37355022
11331,"Mullidae","Parupeneus","multifasciatus",1,"AD",37355026
11331,"Chaetodontidae","Chaetodon","citrinellus",1,"AD",37365036
11331,"Pomacentridae","Dischistodus","pseudochrysopoecilus",2,"AD",37372080
11331,"Pomacentridae","Pomacentrus","amboinensis",2,"AD",37372106
11331,"Labridae","Oxycheilinus","orientalis",1,"AD",37384030
11331,"Labridae","Anampses","neoguinaicus",2,"JUV",37384050
11331,"Labridae","Coris","batuensis",2,"AD",37384098
11331,"Labridae","Halichoeres","trimaculatus",1,"AD",37384122
11331,"Labridae","Stethojulis","bandanensis",1,"AD",37384154
11331,"Labridae","Thalassoma","hardwicke",1,"AD",37384165
11331,"Blenniidae","Meiacanthus","grammistes",1,"AD",37408005
11331,"Acanthuridae","Ctenochaetus","striatus",1,"AD",37437022
11331,"Balistidae","Sufflamen","chrysopterum",1,"AD",37465079
11332,"Muraenidae","Gymnothorax","javanicus",1,"AD",37060039
11332,"Serranidae","Epinephelus","polyphekadion",2,"AD",37311047
11332,"Serranidae","Epinephelus","merra",1,"AD",37311063
11332,"Serranidae","Plectropomus","laevis",1,"AD",37311079
11332,"Pseudochromidae","Pseudochromis","fuscus",1,"AD",37313006
11332,"Echeneidae","Echeneis","naucrates",1,"AD",37336001
11332,"Lutjanidae","Lutjanus","bohar",1,"AD",37346029
11332,"Caesionidae","Pterocaesio","marri",4,"AD",37346068
11332,"Nemipteridae","Scolopsis","bilineata",1,"AD",37347031
11332,"Lethrinidae","Lethrinus","atkinsoni",1,"AD",37351013
11332,"Lethrinidae","Monotaxis","grandoculis",1,"AD",37351026
11332,"Mullidae","Parupeneus","barberinus",1,"AD",37355022
11332,"Mullidae","Parupeneus","multifasciatus",1,"AD",37355026
11332,"Pomacanthidae","Pomacanthus","sexstriatus",1,"AD",37365010
11332,"Chaetodontidae","Chaetodon","citrinellus",1,"AD",37365036
11332,"Chaetodontidae","Chaetodon","plebeius",2,"AD",37365050
11332,"Pomacentridae","Amblyglyphidodon","leucogaster",1,"AD",37372018
11332,"Pomacentridae","Dischistodus","melanotus",2,"AD",37372077
11332,"Pomacentridae","Stegastes","nigricans",1,"AD",37372135
11332,"Labridae","Bodianus","mesothorax",1,"AD",37384060
11332,"Labridae","Oxycheilinus","digramma",2,"AD",37384065
11332,"Labridae","Cheilinus","oxycephalus",1,"AD",37384067
11332,"Labridae","Halichoeres","hortulanus",1,"AD",37384112
11332,"Labridae","Thalassoma","hardwicke",1,"AD",37384165
11332,"Labridae","Scarus","frenatus",2,"AD",37386016
11332,"Labridae","Scarus","schlegeli",6,"JUV",37386029
11332,"Labridae","Chlorurus","sordidus",1,"AD",37386030
11332,"Blenniidae","Meiacanthus","grammistes",2,"AD",37408005
11332,"Blenniidae","Ecsenius","bicolor",2,"AD",37408022
11332,"Acanthuridae","Ctenochaetus","striatus",1,"AD",37437022
11332,"Acanthuridae","Zebrasoma","veliferum",1,"AD",37437037
11332,"Siganidae","Siganus","vulpinus",2,"AD",37438017
11332,"Balistidae","Balistapus","undulatus",1,"AD",37465047
11332,"Tetraodontidae","Canthigaster","valentini",4,"AD",37467043
11333,"Carcharhinidae","Carcharhinus","amblyrhynchos",1,"AD",37018030
11333,"Serranidae","Plectropomus","leopardus",1,"JUV",37311078
11333,"Serranidae","Plectropomus","laevis",3,"AD",37311079
11333,"Lutjanidae","Lutjanus","gibbus",2,"AD",37346028
11333,"Lutjanidae","Lutjanus","bohar",2,"AD",37346029
11333,"Lutjanidae","Macolor","niger",1,"AD",37346048
11333,"Lethrinidae","Lethrinus","erythracanthus",1,"AD",37351025
11333,"Mullidae","Parupeneus","multifasciatus",1,"AD",37355026
11333,"Ephippidae","Platax","orbicularis",1,"AD",37362007
11333,"Pomacanthidae","Pomacanthus","sexstriatus",2,"AD",37365010
11333,"Chaetodontidae","Chaetodon","auriga",1,"AD",37365019
11333,"Chaetodontidae","Chaetodon","plebeius",1,"AD",37365050
11333,"Chaetodontidae","Chaetodon","lunulatus",2,"AD",37365059
11333,"Chaetodontidae","Chaetodon","ulietensis",2,"AD",37365060
11333,"Chaetodontidae","Chaetodon","vagabundus",5,"AD",37365062
11333,"Chaetodontidae","Forcipiger","longirostris",1,"AD",37365069
11333,"Pomacentridae","Stegastes","nigricans",6,"AD",37372135
11333,"Labridae","Labroides","dimidiatus",2,"AD",37384028
11333,"Labridae","Oxycheilinus","orientalis",2,"AD",37384030
11333,"Labridae","Cheilinus","undulatus",1,"AD",37384038
11333,"Labridae","Cheilinus","undulatus",2,"JUV",37384038
11333,"Labridae","Anampses","neoguinaicus",4,"JUV",37384050
11333,"Labridae","Bodianus","axillaris",1,"AD",37384053
11333,"Labridae","Cheilinus","fasciatus",2,"AD",37384066
11333,"Labridae","Halichoeres","prosopeion",1,"AD",37384120
11333,"Labridae","Labroides","bicolor",1,"AD",37384130
11333,"Labridae","Thalassoma","hardwicke",3,"AD",37384165
11333,"Labridae","Scarus","altipinnis",2,"AD",37386010
11333,"Labridae","Scarus","globiceps",1,"AD",37386018
11333,"Labridae","Scarus","niger",1,"AD",37386021
11333,"Labridae","Scarus","schlegeli",5,"AD",37386029
11333,"Labridae","Chlorurus","sordidus",2,"AD",37386030
11333,"Blenniidae","Ecsenius","bicolor",1,"AD",37408022
11333,"Microdesmidae","Ptereleotris","evides",1,"AD",37435015
11333,"Acanthuridae","Ctenochaetus","striatus",3,"AD",37437022
11333,"Acanthuridae","Zebrasoma","veliferum",1,"AD",37437037
11333,"Siganidae","Siganus","punctatus",2,"AD",37438003
11333,"Balistidae","Balistapus","undulatus",1,"AD",37465047
11333,"Balistidae","Balistoides","viridescens",1,"AD",37465048
11334,"Carcharhinidae","Triaenodon","obesus",1,"AD",37018038
11334,"Holocentridae","Myripristis","kuntee",1,"AD",37261011
11334,"Serranidae","Epinephelus","merra",1,"AD",37311063
11334,"Serranidae","Plectropomus","leopardus",3,"AD",37311078
11334,"Serranidae","Plectropomus","laevis",1,"AD",37311079
11334,"Serranidae","Cephalopholis","leopardus",1,"AD",37311138
11334,"Serranidae","Variola","louti",2,"AD",37311166
11334,"Pseudochromidae","Pseudochromis","fuscus",1,"AD",37313006
11334,"Carangidae","Caranx","ignobilis",2,"AD",37337027
11334,"Lutjanidae","Lutjanus","bohar",1,"AD",37346029
11334,"Caesionidae","Pterocaesio","marri",200,"AD",37346068
11334,"Lethrinidae","Lethrinus","erythracanthus",1,"AD",37351025
11334,"Pomacanthidae","Centropyge","vrolikii",1,"AD",37365032
11334,"Chaetodontidae","Chaetodon","kleinii",1,"AD",37365040
11334,"Chaetodontidae","Chaetodon","lineolatus",2,"AD",37365041
11334,"Chaetodontidae","Chaetodon","pelewensis",1,NA,37365049
11334,"Chaetodontidae","Chaetodon","plebeius",1,"AD",37365050
11334,"Chaetodontidae","Chaetodon","lunulatus",1,"AD",37365059
11334,"Pomacentridae","Acanthochromis","polyacanthus",8,"AD",37372015
11334,"Pomacentridae","Amblyglyphidodon","leucogaster",9,"AD",37372018
11334,"Pomacentridae","Chromis","atripes",1,"AD",37372037
11334,"Pomacentridae","Chromis","ternatensis",6,"AD",37372051
11334,"Pomacentridae","Chrysiptera","talboti",1,"AD",37372069
11334,"Pomacentridae","Neopomacentrus","bankieri",1,"AD",37372088
11334,"Pomacentridae","Plectroglyphidodon","lacrymatus",3,"AD",37372101
11334,"Pomacentridae","Pomacentrus","amboinensis",8,"AD",37372106
11334,"Pomacentridae","Pomacentrus","brachialis",3,"AD",37372109
11334,"Pomacentridae","Pomacentrus","moluccensis",2,"AD",37372118
11334,"Pomacentridae","Stegastes","nigricans",1,"AD",37372135
11334,"Labridae","Labroides","dimidiatus",2,"AD",37384028
11334,"Labridae","Cheilinus","undulatus",2,"AD",37384038
11334,"Labridae","Anampses","neoguinaicus",2,"JUV",37384050
11334,"Labridae","Bodianus","axillaris",2,"AD",37384053
11334,"Labridae","Oxycheilinus","digramma",1,"AD",37384065
11334,"Labridae","Cirrhilabrus","punctatus",4,"AD",37384083
11334,"Labridae","Halichoeres","prosopeion",1,"AD",37384120
11334,"Labridae","Labrichthys","unilineatus",1,"AD",37384129
11334,"Labridae","Labrichthys","unilineatus",3,"JUV",37384129
11334,"Labridae","Labroides","bicolor",1,"AD",37384130
11334,"Labridae","Pseudocheilinus","evanidus",3,"JUV",37384142
11334,"Labridae","Thalassoma","lunare",1,"AD",37384167
11334,"Labridae","Chlorurus","sordidus",1,"JUV",37386030
11334,"Blenniidae","Ecsenius","bicolor",1,"AD",37408022
11334,"Acanthuridae","Ctenochaetus","striatus",2,"AD",37437022
11334,"Acanthuridae","Zebrasoma","scopas",2,"JUV",37437036
11334,"Siganidae","Siganus","vulpinus",1,"JUV",37438017
11334,"Balistidae","Balistapus","undulatus",2,"AD",37465047
11335,"Carcharhinidae","Carcharhinus","amblyrhynchos",1,"AD",37018030
11335,"Carcharhinidae","Triaenodon","obesus",1,"AD",37018038
11335,"Muraenidae","Gymnothorax","javanicus",1,"AD",37060039
11335,"Serranidae","Plectropomus","leopardus",2,"AD",37311078
11335,"Serranidae","Plectropomus","laevis",1,"AD",37311079
11335,"Serranidae","Cephalopholis","argus",1,"AD",37311082
11335,"Echeneidae","Echeneis","naucrates",2,"JUV",37336001
11335,"Caesionidae","Caesio","cuning",9,"AD",37346018
11335,"Caesionidae","Caesio","caerulaurea",42,"AD",37346024
11335,"Lutjanidae","Lutjanus","gibbus",1,"AD",37346028
11335,"Lutjanidae","Lutjanus","bohar",1,"AD",37346029
11335,"Lutjanidae","Macolor","niger",1,"JUV",37346048
11335,"Caesionidae","Pterocaesio","trilineata",2,"AD",37346051
11335,"Caesionidae","Pterocaesio","marri",60,"AD",37346068
11335,"Ephippidae","Platax","orbicularis",1,"AD",37362007
11335,"Chaetodontidae","Chaetodon","ephippium",1,"AD",37365037
11335,"Pomacentridae","Amphiprion","clarkii",2,"AD",37372007
11335,"Pomacentridae","Acanthochromis","polyacanthus",2,"AD",37372015
11335,"Pomacentridae","Amphiprion","melanopus",1,"AD",37372024
11335,"Pomacentridae","Chromis","atripes",1,"AD",37372037
11335,"Pomacentridae","Chromis","iomelas",6,"AD",37372043
11335,"Pomacentridae","Chromis","xanthura",1,"AD",37372057
11335,"Pomacentridae","Plectroglyphidodon","lacrymatus",2,"AD",37372101
11335,"Pomacentridae","Pomacentrus","brachialis",5,"AD",37372109
11335,"Pomacentridae","Pomacentrus","lepidogenys",3,"AD",37372114
11335,"Cirrhitidae","Paracirrhites","arcatus",1,"AD",37374009
11335,"Labridae","Labroides","dimidiatus",2,"AD",37384028
11335,"Labridae","Oxycheilinus","orientalis",1,"AD",37384030
11335,"Labridae","Anampses","neoguinaicus",4,"JUV",37384050
11335,"Labridae","Cheilinus","fasciatus",1,"AD",37384066
11335,"Labridae","Cheilinus","oxycephalus",1,"AD",37384067
11335,"Labridae","Choerodon","fasciatus",1,"AD",37384073
11335,"Labridae","Cirrhilabrus","punctatus",2,"AD",37384083
11335,"Labridae","Hemigymnus","melapterus",1,"AD",37384125
11335,"Labridae","Labrichthys","unilineatus",1,"AD",37384129
11335,"Labridae","Cetoscarus","ocellatus",1,"AD",37386007
11335,"Labridae","Scarus","altipinnis",1,"AD",37386010
11335,"Labridae","Scarus","frenatus",1,"AD",37386016
11335,"Labridae","Scarus","niger",1,"AD",37386021
11335,"Labridae","Chlorurus","sordidus",1,"AD",37386030
11335,"Microdesmidae","Ptereleotris","evides",2,"AD",37435015
11335,"Acanthuridae","Naso","unicornis",2,"AD",37437031
11335,"Acanthuridae","Zebrasoma","scopas",2,"JUV",37437036
11335,"Acanthuridae","Zebrasoma","veliferum",2,"AD",37437037
11335,"Balistidae","Balistapus","undulatus",2,"AD",37465047
11336,"Carcharhinidae","Carcharhinus","amblyrhynchos",3,"JUV",37018030
11336,"Carcharhinidae","Carcharhinus","melanopterus",1,"AD",37018036
11336,"Serranidae","Epinephelus","polyphekadion",1,"AD",37311047
11336,"Serranidae","Plectropomus","leopardus",3,"AD",37311078
11336,"Serranidae","Cephalopholis","urodeta",1,"AD",37311142
11336,"Carangidae","Selar","boops",1,"JUV",37337008
11336,"Lutjanidae","Lutjanus","rivulatus",3,"AD",37346016
11336,"Lutjanidae","Lutjanus","bohar",28,"AD",37346029
11336,"Lutjanidae","Macolor","niger",4,"AD",37346048
11336,"Nemipteridae","Scolopsis","bilineata",2,"AD",37347031
11336,"Haemulidae","Plectorhinchus","gibbosus",1,"AD",37350012
11336,"Haemulidae","Plectorhinchus","chaetodonoides",1,"AD",37350014
11336,"Lethrinidae","Monotaxis","grandoculis",1,"AD",37351026
11336,"Mullidae","Parupeneus","multifasciatus",1,"AD",37355026
11336,"Kyphosidae","Kyphosus","vaigiensis",1,"AD",37361014
11336,"Pomacanthidae","Centropyge","bicolor",2,"AD",37365022
11336,"Chaetodontidae","Chaetodon","citrinellus",2,"AD",37365036
11336,"Chaetodontidae","Chaetodon","pelewensis",1,"AD",37365049
11336,"Pomacentridae","Acanthochromis","polyacanthus",1,"AD",37372015
11336,"Pomacentridae","Chromis","ternatensis",18,"AD",37372051
11336,"Pomacentridae","Pomacentrus","amboinensis",2,"AD",37372106
11336,"Pomacentridae","Pomacentrus","brachialis",4,"AD",37372109
11336,"Pomacentridae","Pomacentrus","coelestis",3,"AD",37372111
11336,"Labridae","Labroides","dimidiatus",2,"AD",37384028
11336,"Labridae","Cheilinus","undulatus",1,"AD",37384038
11336,"Labridae","Cheilinus","fasciatus",1,"AD",37384066
11336,"Labridae","Halichoeres","hortulanus",1,"AD",37384112
11336,"Labridae","Halichoeres","prosopeion",2,"AD",37384120
11336,"Labridae","Labroides","bicolor",1,"AD",37384130
11336,"Labridae","Stethojulis","strigiventer",1,"JUV",37384156
11336,"Labridae","Thalassoma","lunare",2,"AD",37384167
11336,"Labridae","Thalassoma","nigrofasciatum",1,"AD",37384196
11336,"Labridae","Scarus","altipinnis",1,"AD",37386010
11336,"Blenniidae","Plagiotremus","rhinorhynchos",1,"AD",37408004
11336,"Blenniidae","Aspidontus","dussumieri",1,"AD",37408007
11336,"Blenniidae","Ecsenius","bicolor",1,"AD",37408022
11336,"Acanthuridae","Acanthurus","grammoptilus",2,"AD",37437002
11336,"Acanthuridae","Acanthurus","nigricauda",2,"AD",37437013
11336,"Acanthuridae","Acanthurus","xanthopterus",2,"AD",37437020
11336,"Acanthuridae","Ctenochaetus","striatus",1,"AD",37437022
11336,"Siganidae","Siganus","punctatus",2,"AD",37438003
11336,"Tetraodontidae","Arothron","nigropunctatus",1,"AD",37467027
11337,"Carcharhinidae","Carcharhinus","amblyrhynchos",2,"JUV",37018030
11337,"Aetobatidae","Aetobatus","ocellatus",1,"AD",37039003
11337,"Mobulidae","Mobula","birostris",1,"AD",37041004
11337,"Serranidae","Plectropomus","leopardus",1,"AD",37311078
11337,"Serranidae","Plectropomus","laevis",1,"AD",37311079
11337,"Echeneidae","Echeneis","naucrates",2,"AD",37336001
11337,"Carangidae","Elagatis","bipinnulata",1,"AD",37337029
11337,"Carangidae","Caranx","melampygus",1,"AD",37337050
11337,"Carangidae","Caranx","papuensis",7,"AD",37337064
11337,"Carangidae","Craterognathus","plagiotaenia",1,"AD",37337070
11337,"Caesionidae","Caesio","cuning",60,"AD",37346018
11337,"Caesionidae","Caesio","caerulaurea",40,"AD",37346024
11337,"Lutjanidae","Lutjanus","bohar",2,"AD",37346029
11337,"Caesionidae","Pterocaesio","marri",40,"AD",37346068
11337,"Lethrinidae","Lethrinus","xanthochilus",1,"AD",37351020
11337,"Sphyraenidae","Sphyraena","barracuda",1,"AD",37382008
11337,"Labridae","Chlorurus","microrhinos",1,"AD",37386020
11337,"Acanthuridae","Naso","vlamingii",2,"AD",37437032
11337,"Scombridae","Grammatorcynus","bilineatus",2,"AD",37441028
11338,"Carcharhinidae","Carcharhinus","amblyrhynchos",1,"AD",37018030
11338,"Serranidae","Plectropomus","leopardus",2,"AD",37311078
11338,"Echeneidae","Echeneis","naucrates",4,"JUV",37336001
11338,"Carangidae","Caranx","papuensis",2,"AD",37337064
11338,"Caesionidae","Caesio","cuning",6,"AD",37346018
11338,"Lutjanidae","Lutjanus","bohar",1,"AD",37346029
11338,"Caesionidae","Pterocaesio","marri",22,"AD",37346068
11338,"Chaetodontidae","Chaetodon","auriga",1,"AD",37365019
11338,"Chaetodontidae","Chaetodon","plebeius",2,"AD",37365050
11338,"Chaetodontidae","Heniochus","singularius",1,"AD",37365077
11338,"Pomacentridae","Acanthochromis","polyacanthus",4,"AD",37372015
11338,"Pomacentridae","Dascyllus","reticulatus",1,"AD",37372074
11338,"Pomacentridae","Pomacentrus","brachialis",1,"AD",37372109
11338,"Sphyraenidae","Sphyraena","jello",1,"AD",37382004
11338,"Labridae","Labroides","dimidiatus",2,"AD",37384028
11338,"Labridae","Cheilinus","undulatus",1,"AD",37384038
11338,"Labridae","Cheilinus","fasciatus",1,"AD",37384066
11338,"Labridae","Choerodon","fasciatus",1,"AD",37384073
11338,"Labridae","Cirrhilabrus","punctatus",1,"AD",37384083
11338,"Labridae","Hipposcarus","longiceps",1,"AD",37386008
11338,"Labridae","Scarus","niger",1,"AD",37386021
11338,"Acanthuridae","Acanthurus","xanthopterus",1,"AD",37437020
11338,"Acanthuridae","Naso","vlamingii",2,"AD",37437032
11338,"Siganidae","Siganus","corallinus",1,"AD",37438008
11338,"Balistidae","Balistapus","undulatus",1,"AD",37465047
11338,"Balistidae","Balistoides","viridescens",2,"AD",37465048
11339,"Dasyatidae","Taeniurops","meyeni",1,"AD",37035017
11339,"Holocentridae","Myripristis","berndti",1,"JUV",37261006
11339,"Serranidae","Plectropomus","leopardus",6,"AD",37311078
11339,"Serranidae","Plectropomus","laevis",1,"AD",37311079
11339,"Carangidae","Caranx","ignobilis",1,"AD",37337027
11339,"Caesionidae","Caesio","cuning",2,"AD",37346018
11339,"Lutjanidae","Lutjanus","bohar",1,"AD",37346029
11339,"Lutjanidae","Macolor","niger",2,"AD",37346048
11339,"Lutjanidae","Macolor","niger",1,"JUV",37346048
11339,"Caesionidae","Pterocaesio","marri",50,"AD",37346068
11339,"Nemipteridae","Scolopsis","bilineata",1,"AD",37347031
11339,"Chaetodontidae","Chaetodon","pelewensis",1,"AD",37365049
11339,"Chaetodontidae","Forcipiger","longirostris",1,"AD",37365069
11339,"Pomacanthidae","Genicanthus","melanospilos",2,"AD",37365071
11339,"Chaetodontidae","Heniochus","singularius",2,"AD",37365077
11339,"Pomacentridae","Acanthochromis","polyacanthus",2,"AD",37372015
11339,"Pomacentridae","Amblyglyphidodon","leucogaster",1,"AD",37372018
11339,"Pomacentridae","Chromis","amboinensis",10,"AD",37372034
11339,"Pomacentridae","Chromis","retrofasciata",2,"AD",37372050
11339,"Pomacentridae","Pomacentrus","reidi",1,"AD",37372124
11339,"Labridae","Labroides","dimidiatus",1,"AD",37384028
11339,"Labridae","Oxycheilinus","orientalis",1,"AD",37384030
11339,"Labridae","Scarus","frenatus",4,"AD",37386016
11339,"Labridae","Scarus","globiceps",1,"AD",37386018
11339,"Labridae","Scarus","niger",1,"AD",37386021
11339,"Acanthuridae","Ctenochaetus","striatus",1,"AD",37437022
11339,"Acanthuridae","Naso","lituratus",1,"AD",37437029
11339,"Acanthuridae","Naso","vlamingii",3,"AD",37437032
11339,"Monacanthidae","Aluterus","scriptus",1,"AD",37465045
11339,"Balistidae","Balistapus","undulatus",2,"AD",37465047
11340,"Muraenidae","Gymnothorax","javanicus",1,"AD",37060039
11340,"Serranidae","Plectropomus","leopardus",2,"AD",37311078
11340,"Serranidae","Cephalopholis","spiloparaea",1,"AD",37311141
11340,"Serranidae","Variola","louti",2,"AD",37311166
11340,"Caesionidae","Caesio","cuning",54,"AD",37346018
11340,"Lutjanidae","Lutjanus","bohar",1,"AD",37346029
11340,"Lutjanidae","Macolor","niger",2,"AD",37346048
11340,"Caesionidae","Pterocaesio","marri",80,"AD",37346068
11340,"Lethrinidae","Lethrinus","erythracanthus",1,"AD",37351025
11340,"Lethrinidae","Monotaxis","grandoculis",1,"AD",37351026
11340,"Mullidae","Parupeneus","multifasciatus",1,"AD",37355026
11340,"Pomacanthidae","Centropyge","bicolor",2,"AD",37365022
11340,"Pomacanthidae","Centropyge","bispinosa",1,"AD",37365023
11340,"Chaetodontidae","Chaetodon","pelewensis",2,"AD",37365049
11340,"Chaetodontidae","Chaetodon","lunulatus",2,"AD",37365059
11340,"Chaetodontidae","Forcipiger","longirostris",2,"AD",37365069
11340,"Pomacanthidae","Genicanthus","melanospilos",2,"AD",37365071
11340,"Pomacentridae","Acanthochromis","polyacanthus",4,"AD",37372015
11340,"Pomacentridae","Chromis","iomelas",6,"AD",37372043
11340,"Pomacentridae","Chromis","ternatensis",8,"AD",37372051
11340,"Pomacentridae","Pomacentrus","brachialis",3,"AD",37372109
11340,"Pomacentridae","Pomacentrus","lepidogenys",2,"AD",37372114
11340,"Pomacentridae","Pomacentrus","reidi",2,"AD",37372124
11340,"Labridae","Labroides","dimidiatus",2,"AD",37384028
11340,"Labridae","Oxycheilinus","orientalis",1,"AD",37384030
11340,"Labridae","Cheilinus","undulatus",1,"JUV",37384038
11340,"Labridae","Anampses","neoguinaicus",2,"AD",37384050
11340,"Labridae","Bodianus","anthioides",1,"JUV",37384052
11340,"Labridae","Oxycheilinus","digramma",1,"AD",37384065
11340,"Labridae","Cheilinus","fasciatus",1,"AD",37384066
11340,"Labridae","Cirrhilabrus","punctatus",35,"AD",37384083
11340,"Labridae","Epibulus","insidiator",1,"AD",37384104
11340,"Labridae","Gomphosus","varius",1,"JUV",37384106
11340,"Labridae","Hemigymnus","fasciatus",1,"AD",37384124
11340,"Labridae","Labrichthys","unilineatus",1,"AD",37384129
11340,"Labridae","Pseudocheilinus","evanidus",3,"AD",37384142
11340,"Labridae","Scarus","forsteni",5,"AD",37386015
11340,"Labridae","Scarus","frenatus",1,"AD",37386016
11340,"Labridae","Scarus","psittacus",3,"AD",37386024
11340,"Labridae","Chlorurus","sordidus",1,"AD",37386030
11340,"Labridae","Chlorurus","sordidus",6,"JUV",37386030
11340,"Blenniidae","Ecsenius","bicolor",1,"AD",37408022
11340,"Zanclidae","Zanclus","cornutus",1,"AD",37437001
11340,"Acanthuridae","Acanthurus","mata",6,"AD",37437011
11340,"Acanthuridae","Acanthurus","xanthopterus",2,"AD",37437020
11340,"Acanthuridae","Ctenochaetus","striatus",1,"AD",37437022
11340,"Acanthuridae","Naso","lituratus",2,"AD",37437029
11340,"Acanthuridae","Naso","vlamingii",7,"AD",37437032
11340,"Siganidae","Siganus","puellus",1,"AD",37438011
11340,"Siganidae","Siganus","vulpinus",1,"AD",37438017
11340,"Scombridae","Grammatorcynus","bicarinatus",1,"AD",37441025
11340,"Balistidae","Balistoides","conspicillum",1,"AD",37465031
11340,"Monacanthidae","Aluterus","scriptus",1,"AD",37465045
11340,"Balistidae","Balistapus","undulatus",3,"AD",37465047
11340,"Balistidae","Melichthys","vidua",2,"AD",37465058
11341,"Aulostomidae","Aulostomus","chinensis",2,"AD",37277001
11341,"Serranidae","Plectropomus","leopardus",2,"AD",37311078
11341,"Serranidae","Plectropomus","areolatus",1,"AD",37311081
11341,"Serranidae","Cephalopholis","argus",1,"AD",37311082
11341,"Serranidae","Cephalopholis","cyanostigma",1,"AD",37311136
11341,"Carangidae","Caranx","ignobilis",1,"AD",37337027
11341,"Caesionidae","Caesio","cuning",24,"AD",37346018
11341,"Lutjanidae","Lutjanus","gibbus",2,"AD",37346028
11341,"Lutjanidae","Lutjanus","bohar",19,"AD",37346029
11341,"Lutjanidae","Lutjanus","monostigma",1,"AD",37346045
11341,"Lutjanidae","Macolor","niger",11,"AD",37346048
11341,"Caesionidae","Pterocaesio","tile",4,"AD",37346063
11341,"Caesionidae","Pterocaesio","marri",16,"AD",37346068
11341,"Haemulidae","Plectorhinchus","chaetodonoides",1,"AD",37350014
11341,"Haemulidae","Plectorhinchus","lineatus",8,"AD",37350022
11341,"Lethrinidae","Lethrinus","olivaceus",2,"AD",37351004
11341,"Lethrinidae","Monotaxis","grandoculis",14,"AD",37351026
11341,"Mullidae","Parupeneus","crassilabris",6,"AD",37355023
11341,"Mullidae","Parupeneus","multifasciatus",1,"AD",37355026
11341,"Kyphosidae","Kyphosus","cinerascens",5,"AD",37361022
11341,"Ephippidae","Platax","orbicularis",1,"AD",37362007
11341,"Chaetodontidae","Chaetodon","auriga",3,"AD",37365019
11341,"Chaetodontidae","Chaetodon","baronessa",1,"AD",37365034
11341,"Chaetodontidae","Chaetodon","ephippium",1,"AD",37365037
11341,"Chaetodontidae","Chaetodon","melannotus",1,"AD",37365043
11341,"Chaetodontidae","Chaetodon","ornatissimus",1,"AD",37365047
11341,"Chaetodontidae","Chaetodon","pelewensis",2,"AD",37365049
11341,"Chaetodontidae","Chaetodon","plebeius",2,"AD",37365050
11341,"Chaetodontidae","Chaetodon","speculum",1,"AD",37365056
11341,"Chaetodontidae","Chaetodon","lunulatus",2,"AD",37365059
11341,"Chaetodontidae","Chaetodon","vagabundus",5,"AD",37365062
11341,"Chaetodontidae","Heniochus","monoceros",2,"AD",37365076
11341,"Pomacanthidae","Pomacanthus","semicirculatus",2,"AD",37365080
11341,"Pomacanthidae","Pomacanthus","xanthometopon",1,"AD",37365081
11341,"Pomacentridae","Chromis","atripes",1,"AD",37372037
11341,"Pomacentridae","Chromis","margaritifer",1,"AD",37372047
11341,"Pomacentridae","Chromis","ternatensis",18,"AD",37372051
11341,"Pomacentridae","Chromis","viridis",4,"AD",37372053
11341,"Pomacentridae","Chrysiptera","rex",3,"AD",37372066
11341,"Pomacentridae","Plectroglyphidodon","lacrymatus",1,"AD",37372101
11341,"Pomacentridae","Pomacentrus","lepidogenys",3,"AD",37372114
11341,"Pomacentridae","Pomacentrus","reidi",1,"AD",37372124
11341,"Labridae","Labroides","dimidiatus",2,"AD",37384028
11341,"Labridae","Cheilinus","undulatus",1,"AD",37384038
11341,"Labridae","Anampses","neoguinaicus",1,"AD",37384050
11341,"Labridae","Bodianus","axillaris",1,"AD",37384053
11341,"Labridae","Bodianus","loxozonus",1,"AD",37384059
11341,"Labridae","Cheilinus","fasciatus",1,"AD",37384066
11341,"Labridae","Coris","gaimard",1,"AD",37384094
11341,"Labridae","Epibulus","insidiator",1,"AD",37384104
11341,"Labridae","Gomphosus","varius",1,"JUV",37384106
11341,"Labridae","Halichoeres","hortulanus",2,"AD",37384112
11341,"Labridae","Labrichthys","unilineatus",1,"AD",37384129
11341,"Labridae","Thalassoma","amblycephalum",6,"JUV",37384164
11341,"Labridae","Scarus","ghobban",1,"AD",37386001
11341,"Labridae","Cetoscarus","ocellatus",2,"AD",37386007
11341,"Labridae","Scarus","altipinnis",1,"AD",37386010
11341,"Labridae","Chlorurus","bleekeri",1,"AD",37386011
11341,"Labridae","Scarus","forsteni",4,"AD",37386015
11341,"Labridae","Scarus","frenatus",1,"AD",37386016
11341,"Labridae","Chlorurus","microrhinos",1,"AD",37386020
11341,"Labridae","Scarus","oviceps",1,"AD",37386022
11341,"Labridae","Scarus","rubroviolaceus",1,"AD",37386028
11341,"Labridae","Scarus","schlegeli",3,"AD",37386029
11341,"Zanclidae","Zanclus","cornutus",1,"AD",37437001
11341,"Acanthuridae","Acanthurus","mata",2,"AD",37437011
11341,"Acanthuridae","Acanthurus","pyroferus",1,"AD",37437017
11341,"Acanthuridae","Acanthurus","xanthopterus",2,"AD",37437020
11341,"Acanthuridae","Ctenochaetus","striatus",2,"AD",37437022
11341,"Acanthuridae","Naso","brachycentron",2,"AD",37437025
11341,"Acanthuridae","Naso","brevirostris",1,"AD",37437026
11341,"Acanthuridae","Naso","lituratus",2,"AD",37437029
11341,"Acanthuridae","Naso","unicornis",1,"AD",37437031
11341,"Acanthuridae","Zebrasoma","scopas",1,"AD",37437036
11341,"Acanthuridae","Naso","tonganus",9,"AD",37437047
11341,"Siganidae","Siganus","corallinus",2,"AD",37438008
11341,"Siganidae","Siganus","vulpinus",1,"AD",37438017
11341,"Balistidae","Balistapus","undulatus",1,"AD",37465047
11341,"Balistidae","Balistoides","viridescens",1,"AD",37465048
11342,"Carcharhinidae","Triaenodon","obesus",1,"AD",37018038
11342,"Mobulidae","Mobula","eregoodoo",5,"AD",37041001
11342,"Serranidae","Epinephelus","polyphekadion",1,"AD",37311047
11342,"Serranidae","Cephalopholis","argus",1,"AD",37311082
11342,"Serranidae","Cephalopholis","urodeta",2,"AD",37311142
11342,"Carangidae","Caranx","ignobilis",1,"AD",37337027
11342,"Lutjanidae","Lutjanus","bohar",2,"AD",37346029
11342,"Lutjanidae","Macolor","niger",1,"AD",37346048
11342,"Kyphosidae","Kyphosus","cinerascens",1,"AD",37361022
11342,"Ephippidae","Platax","orbicularis",2,"AD",37362007
11342,"Pomacanthidae","Pomacanthus","sexstriatus",1,"AD",37365010
11342,"Pomacanthidae","Centropyge","bispinosa",1,"AD",37365023
11342,"Pomacanthidae","Centropyge","vrolikii",2,"AD",37365032
11342,"Chaetodontidae","Chaetodon","ulietensis",2,"AD",37365060
11342,"Pomacanthidae","Pomacanthus","semicirculatus",1,"AD",37365080
11342,"Pomacanthidae","Pomacanthus","xanthometopon",1,"AD",37365081
11342,"Pomacentridae","Chromis","atripes",1,"AD",37372037
11342,"Pomacentridae","Chromis","lepidolepis",8,"AD",37372045
11342,"Pomacentridae","Chromis","margaritifer",3,"AD",37372047
11342,"Pomacentridae","Chromis","ternatensis",1,"AD",37372051
11342,"Pomacentridae","Chromis","weberi",26,"AD",37372054
11342,"Pomacentridae","Chromis","xanthura",1,"JUV",37372057
11342,"Pomacentridae","Dascyllus","trimaculatus",1,"AD",37372075
11342,"Pomacentridae","Pomacentrus","brachialis",1,"AD",37372109
11342,"Pomacentridae","Pomacentrus","lepidogenys",1,"AD",37372114
11342,"Labridae","Labroides","dimidiatus",1,"AD",37384028
11342,"Labridae","Bodianus","axillaris",1,"AD",37384053
11342,"Labridae","Gomphosus","varius",1,"AD",37384106
11342,"Labridae","Thalassoma","amblycephalum",14,"AD",37384164
11342,"Labridae","Thalassoma","lunare",2,"AD",37384167
11342,"Labridae","Thalassoma","lutescens",1,"AD",37384168
11342,"Labridae","Thalassoma","nigrofasciatum",1,"AD",37384196
11342,"Labridae","Scarus","ghobban",1,"AD",37386001
11342,"Labridae","Scarus","altipinnis",1,"AD",37386010
11342,"Labridae","Chlorurus","microrhinos",1,"AD",37386020
11342,"Labridae","Chlorurus","sordidus",6,"AD",37386030
11342,"Acanthuridae","Acanthurus","grammoptilus",3,"AD",37437002
11342,"Acanthuridae","Acanthurus","mata",5,"AD",37437011
11342,"Acanthuridae","Ctenochaetus","striatus",4,"AD",37437022
11342,"Acanthuridae","Naso","brevirostris",1,"AD",37437026
11342,"Acanthuridae","Zebrasoma","scopas",1,"AD",37437036
11342,"Scombridae","Grammatorcynus","bilineatus",1,"AD",37441028
11343,"Carcharhinidae","Triaenodon","obesus",1,"AD",37018038
11343,"Muraenidae","Gymnothorax","javanicus",1,"AD",37060039
11343,"Serranidae","Epinephelus","fuscoguttatus",1,"AD",37311021
11343,"Serranidae","Plectropomus","leopardus",2,"AD",37311078
11343,"Serranidae","Plectropomus","laevis",1,"AD",37311079
11343,"Serranidae","Cephalopholis","argus",2,"AD",37311082
11343,"Serranidae","Cephalopholis","urodeta",1,"AD",37311142
11343,"Serranidae","Variola","louti",1,"JUV",37311166
11343,"Echeneidae","Echeneis","naucrates",1,"JUV",37336001
11343,"Lutjanidae","Lutjanus","gibbus",1,"AD",37346028
11343,"Lutjanidae","Lutjanus","bohar",18,"AD",37346029
11343,"Nemipteridae","Scolopsis","bilineata",1,"AD",37347031
11343,"Lethrinidae","Lethrinus","olivaceus",1,"AD",37351004
11343,"Lethrinidae","Monotaxis","grandoculis",3,"AD",37351026
11343,"Mullidae","Parupeneus","crassilabris",1,"AD",37355023
11343,"Mullidae","Parupeneus","cyclostomus",1,"AD",37355025
11343,"Mullidae","Parupeneus","multifasciatus",1,"AD",37355026
11343,"Kyphosidae","Kyphosus","cinerascens",10,"AD",37361022
11343,"Pomacanthidae","Pomacanthus","sexstriatus",1,"AD",37365010
11343,"Chaetodontidae","Chaetodon","auriga",1,"AD",37365019
11343,"Chaetodontidae","Chaetodon","pelewensis",2,"AD",37365049
11343,"Chaetodontidae","Chaetodon","plebeius",2,"AD",37365050
11343,"Chaetodontidae","Chaetodon","lunulatus",1,"AD",37365059
11343,"Chaetodontidae","Chaetodon","vagabundus",1,"AD",37365062
11343,"Chaetodontidae","Heniochus","monoceros",2,"AD",37365076
11343,"Pomacanthidae","Pomacanthus","semicirculatus",1,"AD",37365080
11343,"Pomacanthidae","Pomacanthus","xanthometopon",1,"AD",37365081
11343,"Pomacanthidae","Pygoplites","diacanthus",1,"AD",37365082
11343,"Pomacentridae","Abudefduf","sexfasciatus",14,"AD",37372011
11343,"Pomacentridae","Acanthochromis","polyacanthus",4,"AD",37372015
11343,"Pomacentridae","Chromis","lepidolepis",3,"AD",37372045
11343,"Pomacentridae","Chromis","margaritifer",3,"AD",37372047
11343,"Pomacentridae","Neoglyphidodon","melas",1,"AD",37372084
11343,"Pomacentridae","Pomacentrus","brachialis",4,"AD",37372109
11343,"Pomacentridae","Pomacentrus","lepidogenys",3,"AD",37372114
11343,"Labridae","Labroides","dimidiatus",2,"AD",37384028
11343,"Labridae","Cheilinus","undulatus",1,"AD",37384038
11343,"Labridae","Anampses","neoguinaicus",1,"AD",37384050
11343,"Labridae","Bodianus","axillaris",1,"AD",37384053
11343,"Labridae","Oxycheilinus","digramma",2,"AD",37384065
11343,"Labridae","Cheilinus","fasciatus",1,"AD",37384066
11343,"Labridae","Epibulus","insidiator",1,"AD",37384104
11343,"Labridae","Gomphosus","varius",1,"AD",37384106
11343,"Labridae","Halichoeres","hortulanus",1,"AD",37384112
11343,"Labridae","Hemigymnus","fasciatus",1,"AD",37384124
11343,"Labridae","Labroides","bicolor",1,"AD",37384130
11343,"Labridae","Macropharyngodon","meleagris",1,"AD",37384136
11343,"Labridae","Pseudocheilinus","evanidus",1,"AD",37384142
11343,"Labridae","Thalassoma","amblycephalum",6,"AD",37384164
11343,"Labridae","Thalassoma","lunare",1,"AD",37384167
11343,"Labridae","Scarus","niger",2,"AD",37386021
11343,"Labridae","Chlorurus","sordidus",1,"AD",37386030
11343,"Blenniidae","Ecsenius","bicolor",1,"AD",37408022
11343,"Acanthuridae","Acanthurus","nigricauda",1,"AD",37437013
11343,"Acanthuridae","Acanthurus","xanthopterus",1,"AD",37437020
11343,"Acanthuridae","Ctenochaetus","striatus",2,"AD",37437022
11343,"Acanthuridae","Zebrasoma","veliferum",1,"AD",37437037
11343,"Siganidae","Siganus","punctatus",8,"AD",37438003
11343,"Siganidae","Siganus","vulpinus",1,"AD",37438017
11343,"Balistidae","Balistapus","undulatus",2,"AD",37465047
11344,"Carcharhinidae","Carcharhinus","albimarginatus",1,"AD",37018027
11344,"Carcharhinidae","Carcharhinus","amblyrhynchos",1,"AD",37018030
11344,"Serranidae","Plectropomus","leopardus",1,"AD",37311078
11344,"Serranidae","Cephalopholis","miniata",1,"AD",37311083
11344,"Serranidae","Mirolabrichthys","tuka",18,"AD",37311127
11344,"Serranidae","Variola","louti",1,"AD",37311166
11344,"Serranidae","Variola","louti",1,"JUV",37311166
11344,"Carangidae","Elagatis","bipinnulata",19,"AD",37337029
11344,"Caesionidae","Caesio","cuning",4,"AD",37346018
11344,"Lutjanidae","Lutjanus","bohar",1,"AD",37346029
11344,"Caesionidae","Pterocaesio","marri",12,"AD",37346068
11344,"Chaetodontidae","Heniochus","acuminatus",3,"AD",37365011
11344,"Chaetodontidae","Chaetodon","lineolatus",1,"AD",37365041
11344,"Pomacentridae","Amblyglyphidodon","leucogaster",2,"AD",37372018
11344,"Pomacentridae","Chromis","atripes",2,"AD",37372037
11344,"Pomacentridae","Chromis","iomelas",1,"AD",37372043
11344,"Pomacentridae","Chromis","lepidolepis",2,"AD",37372045
11344,"Pomacentridae","Chromis","retrofasciata",1,"AD",37372050
11344,"Pomacentridae","Pomacentrus","brachialis",3,"AD",37372109
11344,"Pomacentridae","Pomacentrus","lepidogenys",2,"AD",37372114
11344,"Labridae","Labroides","dimidiatus",2,"AD",37384028
11344,"Labridae","Cheilinus","undulatus",1,"AD",37384038
11344,"Labridae","Bodianus","diana",1,"JUV",37384056
11344,"Labridae","Choerodon","fasciatus",1,"AD",37384073
11344,"Labridae","Pseudocheilinus","hexataenia",3,"AD",37384143
11344,"Labridae","Thalassoma","lunare",2,"AD",37384167
11344,"Labridae","Pseudocheilinus","ocellatus",1,"AD",37384184
11344,"Acanthuridae","Acanthurus","mata",2,"AD",37437011
11344,"Acanthuridae","Acanthurus","xanthopterus",2,"AD",37437020
11344,"Acanthuridae","Naso","caesius",1,"AD",37437046
11345,"Ginglymostomatidae","Nebrius","ferrugineus",1,"AD",37013010
11345,"Carcharhinidae","Triaenodon","obesus",1,"AD",37018038
11345,"Muraenidae","Gymnothorax","javanicus",1,"AD",37060039
11345,"Serranidae","Epinephelus","polyphekadion",1,"AD",37311047
11345,"Serranidae","Plectropomus","leopardus",3,"AD",37311078
11345,"Serranidae","Plectropomus","laevis",1,"AD",37311079
11345,"Serranidae","Plectropomus","areolatus",2,"AD",37311081
11345,"Serranidae","Cephalopholis","argus",1,"AD",37311082
11345,"Serranidae","Cephalopholis","cyanostigma",2,"AD",37311136
11345,"Echeneidae","Echeneis","naucrates",1,"JUV",37336001
11345,"Carangidae","Gnathanodon","speciosus",1,"JUV",37337012
11345,"Lutjanidae","Lutjanus","gibbus",1,"AD",37346028
11345,"Lutjanidae","Lutjanus","bohar",2,"AD",37346029
11345,"Lutjanidae","Macolor","niger",1,"AD",37346048
11345,"Caesionidae","Caesio","lunaris",11,"AD",37346061
11345,"Nemipteridae","Scolopsis","bilineata",3,"AD",37347031
11345,"Lethrinidae","Lethrinus","olivaceus",1,"AD",37351004
11345,"Lethrinidae","Lethrinus","erythracanthus",1,"AD",37351025
11345,"Lethrinidae","Monotaxis","grandoculis",7,"AD",37351026
11345,"Mullidae","Parupeneus","barberinus",1,"AD",37355022
11345,"Kyphosidae","Kyphosus","cinerascens",3,"AD",37361022
11345,"Chaetodontidae","Chaetodon","pelewensis",1,"AD",37365049
11345,"Chaetodontidae","Chaetodon","plebeius",3,"AD",37365050
11345,"Chaetodontidae","Chaetodon","lunulatus",1,"AD",37365059
11345,"Chaetodontidae","Chaetodon","vagabundus",1,"AD",37365062
11345,"Chaetodontidae","Forcipiger","longirostris",2,"AD",37365069
11345,"Pomacanthidae","Pygoplites","diacanthus",1,"AD",37365082
11345,"Pomacentridae","Abudefduf","sexfasciatus",14,"AD",37372011
11345,"Pomacentridae","Acanthochromis","polyacanthus",3,"AD",37372015
11345,"Pomacentridae","Chromis","atripes",2,"AD",37372037
11345,"Pomacentridae","Chromis","xanthura",11,"AD",37372057
11345,"Pomacentridae","Dascyllus","reticulatus",2,"AD",37372074
11345,"Pomacentridae","Pomacentrus","amboinensis",1,"AD",37372106
11345,"Pomacentridae","Pomacentrus","brachialis",4,"AD",37372109
11345,"Cirrhitidae","Paracirrhites","arcatus",1,"AD",37374009
11345,"Labridae","Cheilinus","undulatus",1,"AD",37384038
11345,"Labridae","Bodianus","mesothorax",2,"AD",37384060
11345,"Labridae","Coris","batuensis",1,"AD",37384098
11345,"Labridae","Epibulus","insidiator",1,"AD",37384104
11345,"Labridae","Gomphosus","varius",1,"AD",37384106
11345,"Labridae","Hemigymnus","fasciatus",2,"AD",37384124
11345,"Labridae","Labrichthys","unilineatus",1,"AD",37384129
11345,"Labridae","Chlorurus","microrhinos",1,"AD",37386020
11345,"Labridae","Scarus","niger",2,"AD",37386021
11345,"Labridae","Chlorurus","sordidus",1,"AD",37386030
11345,"Blenniidae","Plagiotremus","rhinorhynchos",1,"AD",37408004
11345,"Zanclidae","Zanclus","cornutus",2,"AD",37437001
11345,"Acanthuridae","Acanthurus","pyroferus",2,"AD",37437017
11345,"Acanthuridae","Ctenochaetus","striatus",2,"AD",37437022
11345,"Acanthuridae","Naso","brevirostris",3,"AD",37437026
11345,"Acanthuridae","Zebrasoma","scopas",1,"AD",37437036
11345,"Acanthuridae","Zebrasoma","veliferum",1,"AD",37437037
11345,"Acanthuridae","Naso","tonganus",1,"AD",37437047
11345,"Siganidae","Siganus","corallinus",4,"AD",37438008
11345,"Balistidae","Balistapus","undulatus",1,"AD",37465047
11345,"Ostraciidae","Ostracion","rhinorhynchos",1,"AD",37466009
11346,"Carcharhinidae","Carcharhinus","amblyrhynchos",2,"AD",37018030
11346,"Carcharhinidae","Carcharhinus","melanopterus",1,"AD",37018036
11346,"Carcharhinidae","Triaenodon","obesus",1,"AD",37018038
11346,"Holocentridae","Sargocentron","spiniferum",2,"AD",37261029
11346,"Serranidae","Epinephelus","maculatus",1,"AD",37311011
11346,"Serranidae","Chromileptes","altivelis",1,"AD",37311044
11346,"Serranidae","Plectropomus","leopardus",1,"AD",37311078
11346,"Serranidae","Plectropomus","laevis",2,"AD",37311079
11346,"Serranidae","Plectropomus","laevis",1,"JUV",37311079
11346,"Serranidae","Plectropomus","areolatus",1,"AD",37311081
11346,"Serranidae","Cephalopholis","argus",1,"AD",37311082
11346,"Serranidae","Cephalopholis","urodeta",1,"AD",37311142
11346,"Serranidae","Variola","louti",1,"AD",37311166
11346,"Carangidae","Elagatis","bipinnulata",1,"AD",37337029
11346,"Carangidae","Caranx","melampygus",4,"AD",37337050
11346,"Carangidae","Craterognathus","plagiotaenia",2,"AD",37337070
11346,"Carangidae","Trachinotus","blochii",9,"AD",37337075
11346,"Lutjanidae","Aprion","virescens",1,"AD",37346027
11346,"Lutjanidae","Lutjanus","gibbus",16,"AD",37346028
11346,"Lutjanidae","Lutjanus","bohar",6,"AD",37346029
11346,"Lutjanidae","Macolor","niger",2,"AD",37346048
11346,"Lutjanidae","Macolor","niger",1,"JUV",37346048
11346,"Caesionidae","Caesio","lunaris",36,"AD",37346061
11346,"Lethrinidae","Lethrinus","olivaceus",2,"AD",37351004
11346,"Lethrinidae","Lethrinus","erythracanthus",1,"AD",37351025
11346,"Lethrinidae","Monotaxis","grandoculis",1,"AD",37351026
11346,"Kyphosidae","Kyphosus","vaigiensis",5,"AD",37361014
11346,"Ephippidae","Platax","orbicularis",1,"AD",37362007
11346,"Pomacanthidae","Pomacanthus","sexstriatus",1,"AD",37365010
11346,"Chaetodontidae","Heniochus","acuminatus",1,"AD",37365011
11346,"Pomacanthidae","Pomacanthus","imperator",1,"AD",37365014
11346,"Pomacanthidae","Centropyge","bicolor",1,"AD",37365022
11346,"Chaetodontidae","Chaetodon","ephippium",1,"AD",37365037
11346,"Chaetodontidae","Chaetodon","trifascialis",1,"AD",37365058
11346,"Chaetodontidae","Chaetodon","vagabundus",1,"AD",37365062
11346,"Pomacanthidae","Pomacanthus","semicirculatus",1,"AD",37365080
11346,"Pomacentridae","Chromis","ternatensis",1,"AD",37372051
11346,"Pomacentridae","Chromis","weberi",1,"AD",37372054
11346,"Sphyraenidae","Sphyraena","barracuda",1,"AD",37382008
11346,"Labridae","Labroides","dimidiatus",2,"AD",37384028
11346,"Labridae","Cheilinus","undulatus",1,"AD",37384038
11346,"Labridae","Halichoeres","hortulanus",1,"AD",37384112
11346,"Labridae","Labroides","bicolor",1,"AD",37384130
11346,"Labridae","Thalassoma","amblycephalum",5,"AD",37384164
11346,"Labridae","Thalassoma","lunare",1,"AD",37384167
11346,"Labridae","Thalassoma","nigrofasciatum",1,"AD",37384196
11346,"Labridae","Cetoscarus","ocellatus",1,"AD",37386007
11346,"Labridae","Hipposcarus","longiceps",4,"AD",37386008
11346,"Acanthuridae","Acanthurus","blochii",4,"AD",37437007
11346,"Acanthuridae","Acanthurus","mata",1,"AD",37437011
11346,"Acanthuridae","Acanthurus","olivaceus",1,"AD",37437016
11346,"Acanthuridae","Ctenochaetus","striatus",1,"AD",37437022
11346,"Acanthuridae","Naso","brachycentron",4,"AD",37437025
11346,"Acanthuridae","Naso","brevirostris",9,"AD",37437026
11346,"Acanthuridae","Naso","unicornis",1,"AD",37437031
11346,"Acanthuridae","Naso","tonganus",3,"AD",37437047
11346,"Siganidae","Siganus","punctatus",1,"AD",37438003
11346,"Scombridae","Scomberomorus","commerson",1,"AD",37441007
11346,"Balistidae","Balistoides","viridescens",1,"AD",37465048
11347,"Carcharhinidae","Carcharhinus","amblyrhynchos",2,"JUV",37018030
11347,"Carcharhinidae","Carcharhinus","melanopterus",1,"AD",37018036
11347,"Muraenidae","Gymnothorax","javanicus",1,"AD",37060039
11347,"Serranidae","Plectropomus","leopardus",1,"AD",37311078
11347,"Serranidae","Plectropomus","laevis",1,"AD",37311079
11347,"Echeneidae","Echeneis","naucrates",1,"AD",37336001
11347,"Carangidae","Turrum","fulvoguttatus",2,"AD",37337037
11347,"Carangidae","Caranx","melampygus",1,"AD",37337050
11347,"Lutjanidae","Lutjanus","rivulatus",1,"AD",37346016
11347,"Caesionidae","Caesio","caerulaurea",80,"AD",37346024
11347,"Lutjanidae","Lutjanus","bohar",6,"AD",37346029
11347,"Lutjanidae","Macolor","niger",4,"AD",37346048
11347,"Lethrinidae","Lethrinus","erythracanthus",1,"AD",37351025
11347,"Lethrinidae","Monotaxis","grandoculis",13,"AD",37351026
11347,"Kyphosidae","Kyphosus","cinerascens",4,"AD",37361022
11347,"Ephippidae","Platax","teira",1,"AD",37362004
11347,"Pomacanthidae","Pomacanthus","sexstriatus",1,"AD",37365010
11347,"Pomacanthidae","Pomacanthus","semicirculatus",1,"AD",37365080
11347,"Labridae","Labroides","dimidiatus",1,"AD",37384028
11347,"Labridae","Cheilinus","undulatus",1,"AD",37384038
11347,"Labridae","Cheilinus","undulatus",1,"JUV",37384038
11347,"Labridae","Thalassoma","amblycephalum",1,"AD",37384164
11347,"Labridae","Scarus","altipinnis",2,"AD",37386010
11347,"Acanthuridae","Acanthurus","mata",1,"AD",37437011
11347,"Acanthuridae","Acanthurus","xanthopterus",2,"AD",37437020
11347,"Acanthuridae","Naso","annulatus",3,"AD",37437024
11347,"Acanthuridae","Naso","brevirostris",2,"AD",37437026
11347,"Acanthuridae","Naso","tonganus",6,"AD",37437047
11347,"Balistidae","Balistoides","viridescens",1,"AD",37465048
11348,"Carcharhinidae","Triaenodon","obesus",1,"AD",37018038
11348,"Muraenidae","Gymnothorax","javanicus",1,"AD",37060039
11348,"Serranidae","Epinephelus","fuscoguttatus",1,"AD",37311021
11348,"Serranidae","Epinephelus","merra",2,"AD",37311063
11348,"Serranidae","Plectropomus","leopardus",2,"AD",37311078
11348,"Serranidae","Cephalopholis","urodeta",2,"AD",37311142
11348,"Pseudochromidae","Pseudochromis","fuscus",1,"AD",37313006
11348,"Carangidae","Caranx","melampygus",2,"AD",37337050
11348,"Lutjanidae","Lutjanus","bohar",1,"AD",37346029
11348,"Nemipteridae","Scolopsis","bilineata",2,"AD",37347031
11348,"Lethrinidae","Lethrinus","olivaceus",1,"AD",37351004
11348,"Lethrinidae","Gymnocranius","grandoculis",3,"AD",37351005
11348,"Lethrinidae","Lethrinus","erythracanthus",1,"AD",37351025
11348,"Pomacanthidae","Pomacanthus","sexstriatus",2,"AD",37365010
11348,"Pomacanthidae","Centropyge","bicolor",1,"AD",37365022
11348,"Chaetodontidae","Chaetodon","lunulatus",2,"AD",37365059
11348,"Chaetodontidae","Chaetodon","ulietensis",1,"AD",37365060
11348,"Pomacentridae","Chromis","ternatensis",1,"AD",37372051
11348,"Pomacentridae","Chromis","xanthura",1,"AD",37372057
11348,"Pomacentridae","Chrysiptera","flavipinnis",4,"AD",37372061
11348,"Pomacentridae","Plectroglyphidodon","lacrymatus",2,"AD",37372101
11348,"Pomacentridae","Pomacentrus","amboinensis",4,"AD",37372106
11348,"Pomacentridae","Pomacentrus","lepidogenys",2,"AD",37372114
11348,"Pomacentridae","Pomacentrus","moluccensis",4,"AD",37372118
11348,"Labridae","Labroides","dimidiatus",2,"AD",37384028
11348,"Labridae","Anampses","neoguinaicus",2,"JUV",37384050
11348,"Labridae","Bodianus","diana",1,"AD",37384056
11348,"Labridae","Cheilinus","oxycephalus",1,"AD",37384067
11348,"Labridae","Halichoeres","hortulanus",1,"AD",37384112
11348,"Labridae","Labroides","bicolor",1,"AD",37384130
11348,"Labridae","Pseudocheilinus","evanidus",2,"AD",37384142
11348,"Labridae","Stethojulis","bandanensis",2,"AD",37384154
11348,"Labridae","Thalassoma","hardwicke",1,"AD",37384165
11348,"Labridae","Thalassoma","lunare",3,"AD",37384167
11348,"Labridae","Cetoscarus","ocellatus",1,"AD",37386007
11348,"Labridae","Scarus","frenatus",2,"AD",37386016
11348,"Blenniidae","Ecsenius","bicolor",1,"AD",37408022
11348,"Acanthuridae","Acanthurus","olivaceus",1,"AD",37437016
11348,"Acanthuridae","Ctenochaetus","striatus",2,"AD",37437022
11348,"Acanthuridae","Naso","lituratus",1,"AD",37437029
11348,"Acanthuridae","Naso","tonganus",3,"AD",37437047
11348,"Siganidae","Siganus","punctatus",1,"AD",37438003
11348,"Balistidae","Balistapus","undulatus",2,"AD",37465047
11348,"Balistidae","Balistoides","viridescens",1,"AD",37465048
11349,"Carcharhinidae","Carcharhinus","amblyrhynchos",2,"AD",37018030
11349,"Fistulariidae","Fistularia","commersonii",1,"AD",37278001
11349,"Serranidae","Epinephelus","polyphekadion",1,"AD",37311047
11349,"Serranidae","Plectropomus","leopardus",1,"AD",37311078
11349,"Serranidae","Variola","louti",1,"AD",37311166
11349,"Echeneidae","Echeneis","naucrates",1,"JUV",37336001
11349,"Carangidae","Turrum","caeruleopinnatum",1,"AD",37337021
11349,"Carangidae","Ferdauia","ferdau",3,"AD",37337068
11349,"Carangidae","Craterognathus","plagiotaenia",6,"AD",37337070
11349,"Lutjanidae","Symphorichthys","spilurus",1,"AD",37346052
11349,"Lethrinidae","Lethrinus","olivaceus",1,"AD",37351004
11349,"Lethrinidae","Gymnocranius","grandoculis",1,"AD",37351005
11349,"Lethrinidae","Lethrinus","microdon",1,"AD",37351011
11349,"Lethrinidae","Lethrinus","erythracanthus",1,"AD",37351025
11349,"Mullidae","Parupeneus","cyclostomus",1,"AD",37355025
11349,"Pomacanthidae","Pomacanthus","sexstriatus",2,"AD",37365010
11349,"Chaetodontidae","Chaetodon","vagabundus",2,"AD",37365062
11349,"Pomacanthidae","Pomacanthus","semicirculatus",1,"AD",37365080
11349,"Labridae","Cheilinus","undulatus",1,"AD",37384038
11349,"Labridae","Thalassoma","lunare",1,"AD",37384167
11349,"Pinguipedidae","Parapercis","xanthozona",2,"AD",37390025
11349,"Zanclidae","Zanclus","cornutus",3,"AD",37437001
11349,"Acanthuridae","Acanthurus","dussumieri",2,"AD",37437008
11349,"Acanthuridae","Acanthurus","nigricauda",6,"AD",37437013
11349,"Acanthuridae","Acanthurus","olivaceus",2,"AD",37437016
11349,"Acanthuridae","Naso","unicornis",1,"AD",37437031
11349,"Scombridae","Grammatorcynus","bicarinatus",9,"AD",37441025
11349,"Balistidae","Sufflamen","fraenatum",1,"AD",37465014
11349,"Balistidae","Balistoides","conspicillum",1,"AD",37465031
11349,"Balistidae","Balistapus","undulatus",1,"AD",37465047
11349,"Balistidae","Sufflamen","chrysopterum",1,"AD",37465079
11350,"Synodontidae","Synodus","variegatus",1,"AD",37118023
11350,"Serranidae","Chromileptes","altivelis",1,"AD",37311044
11350,"Serranidae","Epinephelus","polyphekadion",1,"AD",37311047
11350,"Serranidae","Epinephelus","corallicola",1,"AD",37311066
11350,"Serranidae","Plectropomus","leopardus",1,"AD",37311078
11350,"Serranidae","Plectropomus","laevis",1,"AD",37311079
11350,"Serranidae","Cephalopholis","urodeta",1,"AD",37311142
11350,"Caesionidae","Caesio","cuning",1,"AD",37346018
11350,"Lutjanidae","Lutjanus","gibbus",2,"AD",37346028
11350,"Lutjanidae","Lutjanus","bohar",2,"AD",37346029
11350,"Lutjanidae","Lutjanus","monostigma",1,"AD",37346045
11350,"Lutjanidae","Macolor","niger",3,"AD",37346048
11350,"Nemipteridae","Scolopsis","bilineata",2,"AD",37347031
11350,"Lethrinidae","Lethrinus","erythracanthus",1,"AD",37351025
11350,"Mullidae","Parupeneus","barberinus",1,"AD",37355022
11350,"Mullidae","Parupeneus","multifasciatus",1,"AD",37355026
11350,"Chaetodontidae","Chaetodon","auriga",2,"AD",37365019
11350,"Pomacanthidae","Centropyge","vrolikii",1,"AD",37365032
11350,"Chaetodontidae","Chaetodon","ephippium",1,"AD",37365037
11350,"Chaetodontidae","Chaetodon","pelewensis",1,"AD",37365049
11350,"Chaetodontidae","Chaetodon","lunulatus",2,"AD",37365059
11350,"Chaetodontidae","Chaetodon","vagabundus",2,"AD",37365062
11350,"Pomacanthidae","Pomacanthus","xanthometopon",1,"AD",37365081
11350,"Pomacentridae","Acanthochromis","polyacanthus",1,"AD",37372015
11350,"Pomacentridae","Amblyglyphidodon","curacao",1,"AD",37372017
11350,"Pomacentridae","Chromis","margaritifer",3,"AD",37372047
11350,"Pomacentridae","Pomacentrus","brachialis",3,"AD",37372109
11350,"Pomacentridae","Pomacentrus","coelestis",2,"AD",37372111
11350,"Labridae","Cheilinus","undulatus",1,"AD",37384038
11350,"Labridae","Bodianus","axillaris",1,"AD",37384053
11350,"Labridae","Epibulus","insidiator",1,"AD",37384104
11350,"Labridae","Halichoeres","prosopeion",2,"AD",37384120
11350,"Labridae","Bolbometopon","muricatum",1,"AD",37386004
11350,"Labridae","Hipposcarus","longiceps",2,"AD",37386008
11350,"Acanthuridae","Acanthurus","grammoptilus",4,"AD",37437002
11350,"Acanthuridae","Acanthurus","nigricauda",2,"AD",37437013
11350,"Acanthuridae","Acanthurus","pyroferus",2,"AD",37437017
11350,"Acanthuridae","Ctenochaetus","striatus",4,"AD",37437022
11350,"Acanthuridae","Naso","brevirostris",1,"AD",37437026
11350,"Acanthuridae","Naso","lituratus",1,"AD",37437029
11350,"Acanthuridae","Zebrasoma","scopas",2,"AD",37437036
11350,"Acanthuridae","Zebrasoma","veliferum",1,"AD",37437037
11350,"Acanthuridae","Naso","tonganus",4,"AD",37437047
11350,"Siganidae","Siganus","punctatus",2,"AD",37438003
11350,"Balistidae","Balistapus","undulatus",1,"AD",37465047
11351,"Carcharhinidae","Triaenodon","obesus",1,"AD",37018038
11351,"Serranidae","Epinephelus","fuscoguttatus",1,"AD",37311021
11351,"Serranidae","Plectropomus","leopardus",8,"AD",37311078
11351,"Serranidae","Plectropomus","areolatus",2,"AD",37311081
11351,"Serranidae","Cephalopholis","urodeta",1,"AD",37311142
11351,"Lutjanidae","Lutjanus","rivulatus",1,"AD",37346016
11351,"Lutjanidae","Lutjanus","bohar",4,"AD",37346029
11351,"Lutjanidae","Lutjanus","bohar",2,"JUV",37346029
11351,"Nemipteridae","Scolopsis","bilineata",1,"AD",37347031
11351,"Haemulidae","Plectorhinchus","lineatus",1,"AD",37350022
11351,"Lethrinidae","Lethrinus","erythracanthus",1,"AD",37351025
11351,"Lethrinidae","Monotaxis","grandoculis",1,"AD",37351026
11351,"Mullidae","Parupeneus","multifasciatus",1,"AD",37355026
11351,"Ephippidae","Platax","teira",1,"AD",37362004
11351,"Pomacanthidae","Centropyge","vrolikii",2,"AD",37365032
11351,"Chaetodontidae","Chaetodon","ulietensis",2,"AD",37365060
11351,"Chaetodontidae","Chaetodon","vagabundus",4,"AD",37365062
11351,"Pomacentridae","Chromis","ternatensis",3,"AD",37372051
11351,"Pomacentridae","Chromis","weberi",2,"AD",37372054
11351,"Pomacentridae","Chromis","xanthura",2,"AD",37372057
11351,"Pomacentridae","Pomacentrus","australis",1,"AD",37372107
11351,"Pomacentridae","Pomacentrus","bankanensis",1,"AD",37372108
11351,"Pomacentridae","Pomacentrus","brachialis",3,"AD",37372109
11351,"Pomacentridae","Pomacentrus","coelestis",1,"AD",37372111
11351,"Pomacentridae","Pomacentrus","moluccensis",2,"AD",37372118
11351,"Cirrhitidae","Cirrhitichthys","falco",1,"AD",37374003
11351,"Cirrhitidae","Paracirrhites","forsteri",1,"AD",37374010
11351,"Labridae","Labroides","dimidiatus",1,"AD",37384028
11351,"Labridae","Cheilinus","undulatus",1,"AD",37384038
11351,"Labridae","Cheilinus","undulatus",2,"JUV",37384038
11351,"Labridae","Coris","batuensis",1,"AD",37384098
11351,"Labridae","Gomphosus","varius",1,"AD",37384106
11351,"Labridae","Gomphosus","varius",1,"JUV",37384106
11351,"Labridae","Halichoeres","hortulanus",1,"AD",37384112
11351,"Labridae","Stethojulis","bandanensis",1,"AD",37384154
11351,"Labridae","Thalassoma","amblycephalum",5,"AD",37384164
11351,"Labridae","Thalassoma","lunare",4,"AD",37384167
11351,"Labridae","Thalassoma","nigrofasciatum",2,"AD",37384196
11351,"Labridae","Cetoscarus","ocellatus",1,"AD",37386007
11351,"Labridae","Scarus","altipinnis",1,"AD",37386010
11351,"Labridae","Scarus","chameleon",2,"AD",37386012
11351,"Labridae","Scarus","frenatus",1,"AD",37386016
11351,"Labridae","Chlorurus","microrhinos",1,"AD",37386020
11351,"Labridae","Scarus","rubroviolaceus",1,"AD",37386028
11351,"Labridae","Chlorurus","sordidus",2,"AD",37386030
11351,"Pinguipedidae","Parapercis","queenslandica",1,"AD",37390011
11351,"Blenniidae","Plagiotremus","rhinorhynchos",2,"AD",37408004
11351,"Blenniidae","Plagiotremus","laudandus",1,"AD",37408075
11351,"Acanthuridae","Acanthurus","grammoptilus",1,"AD",37437002
11351,"Acanthuridae","Acanthurus","nigricans",1,"AD",37437012
11351,"Acanthuridae","Acanthurus","nigricauda",3,"AD",37437013
11351,"Acanthuridae","Acanthurus","pyroferus",3,"AD",37437017
11351,"Acanthuridae","Acanthurus","xanthopterus",3,"AD",37437020
11351,"Acanthuridae","Naso","brachycentron",1,"AD",37437025
11351,"Acanthuridae","Naso","unicornis",1,"AD",37437031
11351,"Acanthuridae","Zebrasoma","veliferum",2,"AD",37437037
11351,"Acanthuridae","Naso","tonganus",2,"AD",37437047
11351,"Siganidae","Siganus","punctatus",2,"AD",37438003
11351,"Balistidae","Balistapus","undulatus",1,"AD",37465047
11351,"Balistidae","Balistoides","viridescens",1,"AD",37465048
11352,"Serranidae","Epinephelus","polyphekadion",1,"AD",37311047
11352,"Serranidae","Cephalopholis","miniata",1,"AD",37311083
11352,"Serranidae","Aethaloperca","rogaa",2,"AD",37311134
11352,"Serranidae","Cephalopholis","cyanostigma",1,"AD",37311136
11352,"Lutjanidae","Lutjanus","kasmira",20,"AD",37346044
11352,"Caesionidae","Pterocaesio","trilineata",32,"JUV",37346051
11352,"Caesionidae","Pterocaesio","marri",8,"JUV",37346068
11352,"Nemipteridae","Scolopsis","bilineata",1,"AD",37347031
11352,"Lethrinidae","Gnathodentex","aureolineatus",2,"JUV",37351021
11352,"Lethrinidae","Monotaxis","grandoculis",2,"JUV",37351026
11352,"Mullidae","Mulloidichthys","flavolineatus",1,"AD",37355019
11352,"Chaetodontidae","Chaetodon","auriga",2,"AD",37365019
11352,"Pomacanthidae","Centropyge","bispinosa",2,"AD",37365023
11352,"Pomacentridae","Chromis","ternatensis",2,"AD",37372051
11352,"Pomacentridae","Neopomacentrus","bankieri",6,"AD",37372088
11352,"Pomacentridae","Pomacentrus","brachialis",2,"AD",37372109
11352,"Pomacentridae","Pomacentrus","coelestis",2,"AD",37372111
11352,"Cirrhitidae","Paracirrhites","forsteri",2,"AD",37374010
11352,"Labridae","Labroides","dimidiatus",1,"AD",37384028
11352,"Labridae","Coris","batuensis",1,"AD",37384098
11352,"Labridae","Halichoeres","hortulanus",1,"AD",37384112
11352,"Labridae","Halichoeres","trimaculatus",5,"AD",37384122
11352,"Labridae","Labroides","bicolor",1,"AD",37384130
11352,"Labridae","Pseudocheilinus","evanidus",1,"AD",37384142
11352,"Labridae","Thalassoma","amblycephalum",3,"AD",37384164
11352,"Labridae","Thalassoma","lunare",7,"AD",37384167
11352,"Labridae","Thalassoma","nigrofasciatum",2,"AD",37384196
11352,"Blenniidae","Aspidontus","dussumieri",2,"AD",37408007
11352,"Blenniidae","Plagiotremus","tapeinosoma",1,"AD",37408076
11352,"Acanthuridae","Acanthurus","blochii",1,"AD",37437007
11352,"Acanthuridae","Acanthurus","nigricauda",3,"AD",37437013
11352,"Acanthuridae","Ctenochaetus","striatus",1,"AD",37437022
11352,"Acanthuridae","Naso","unicornis",1,"AD",37437031
11352,"Acanthuridae","Naso","tonganus",2,"AD",37437047
11352,"Balistidae","Balistapus","undulatus",1,"AD",37465047
11353,"Serranidae","Epinephelus","polyphekadion",1,"AD",37311047
11353,"Serranidae","Plectropomus","leopardus",1,"AD",37311078
11353,"Pseudochromidae","Pseudochromis","fuscus",1,"AD",37313006
11353,"Carangidae","Caranx","melampygus",2,"AD",37337050
11353,"Lutjanidae","Lutjanus","bohar",3,"AD",37346029
11353,"Caesionidae","Pterocaesio","marri",20,"AD",37346068
11353,"Nemipteridae","Scolopsis","bilineata",2,"AD",37347031
11353,"Lethrinidae","Lethrinus","erythracanthus",1,"AD",37351025
11353,"Lethrinidae","Monotaxis","grandoculis",2,"AD",37351026
11353,"Pomacanthidae","Centropyge","bicolor",1,"AD",37365022
11353,"Chaetodontidae","Chaetodon","ornatissimus",1,"AD",37365047
11353,"Chaetodontidae","Chaetodon","lunulatus",2,"AD",37365059
11353,"Pomacentridae","Acanthochromis","polyacanthus",1,"AD",37372015
11353,"Pomacentridae","Chromis","ternatensis",4,"AD",37372051
11353,"Pomacentridae","Dascyllus","reticulatus",2,"AD",37372074
11353,"Pomacentridae","Pomacentrus","brachialis",3,"AD",37372109
11353,"Pomacentridae","Pomacentrus","moluccensis",8,"AD",37372118
11353,"Pomacentridae","Pomacentrus","reidi",1,"AD",37372124
11353,"Labridae","Leptojulis","cyanopleura",3,"AD",37384027
11353,"Labridae","Labroides","dimidiatus",1,"AD",37384028
11353,"Labridae","Cheilinus","fasciatus",1,"AD",37384066
11353,"Labridae","Cirrhilabrus","punctatus",1,"AD",37384083
11353,"Labridae","Halichoeres","biocellatus",3,"AD",37384107
11353,"Labridae","Halichoeres","prosopeion",1,"AD",37384120
11353,"Labridae","Pseudocheilinus","evanidus",1,"AD",37384142
11353,"Labridae","Thalassoma","lunare",1,"AD",37384167
11353,"Labridae","Scarus","chameleon",4,"JUV",37386012
11353,"Labridae","Scarus","schlegeli",1,"AD",37386029
11353,"Labridae","Scarus","schlegeli",3,"JUV",37386029
11353,"Labridae","Chlorurus","sordidus",3,"JUV",37386030
11353,"Acanthuridae","Naso","lituratus",1,"AD",37437029
11353,"Balistidae","Balistapus","undulatus",1,"AD",37465047
11354,"Serranidae","Plectropomus","leopardus",1,"AD",37311078
11354,"Serranidae","Plectropomus","laevis",1,"AD",37311079
11354,"Serranidae","Cephalopholis","spiloparaea",3,"JUV",37311141
11354,"Serranidae","Variola","louti",2,"AD",37311166
11354,"Carangidae","Caranx","melampygus",3,"AD",37337050
11354,"Caesionidae","Caesio","cuning",1,"AD",37346018
11354,"Lutjanidae","Lutjanus","bohar",2,"AD",37346029
11354,"Lutjanidae","Macolor","niger",1,"AD",37346048
11354,"Caesionidae","Pterocaesio","marri",25,"AD",37346068
11354,"Nemipteridae","Scolopsis","bilineata",1,"AD",37347031
11354,"Lethrinidae","Lethrinus","erythracanthus",1,"AD",37351025
11354,"Lethrinidae","Monotaxis","grandoculis",1,"AD",37351026
11354,"Mullidae","Parupeneus","multifasciatus",1,"AD",37355026
11354,"Pomacanthidae","Pomacanthus","sexstriatus",1,"AD",37365010
11354,"Pomacanthidae","Centropyge","bicolor",2,"AD",37365022
11354,"Pomacanthidae","Centropyge","bispinosa",2,"AD",37365023
11354,"Chaetodontidae","Chaetodon","kleinii",2,"AD",37365040
11354,"Chaetodontidae","Chaetodon","mertensii",2,"AD",37365044
11354,"Pomacanthidae","Genicanthus","melanospilos",2,"JUV",37365071
11354,"Pomacanthidae","Pygoplites","diacanthus",2,"AD",37365082
11354,"Pomacentridae","Acanthochromis","polyacanthus",2,"AD",37372015
11354,"Pomacentridae","Chromis","atripectoralis",1,"AD",37372036
11354,"Pomacentridae","Chromis","weberi",7,"AD",37372054
11354,"Pomacentridae","Chrysiptera","talboti",3,"JUV",37372069
11354,"Pomacentridae","Plectroglyphidodon","lacrymatus",1,"AD",37372101
11354,"Pomacentridae","Pomacentrus","lepidogenys",2,"AD",37372114
11354,"Pomacentridae","Pomacentrus","reidi",1,"AD",37372124
11354,"Cirrhitidae","Paracirrhites","forsteri",1,"AD",37374010
11354,"Labridae","Oxycheilinus","orientalis",1,"AD",37384030
11354,"Labridae","Halichoeres","melanurus",2,"AD",37384032
11354,"Labridae","Cheilinus","undulatus",2,"AD",37384038
11354,"Labridae","Cheilinus","undulatus",1,"JUV",37384038
11354,"Labridae","Anampses","neoguinaicus",4,"JUV",37384050
11354,"Labridae","Bodianus","axillaris",2,"AD",37384053
11354,"Labridae","Oxycheilinus","digramma",1,"AD",37384065
11354,"Labridae","Cheilinus","fasciatus",1,"AD",37384066
11354,"Labridae","Cirrhilabrus","punctatus",8,"AD",37384083
11354,"Labridae","Gomphosus","varius",1,"AD",37384106
11354,"Labridae","Gomphosus","varius",1,"JUV",37384106
11354,"Labridae","Halichoeres","hortulanus",1,"AD",37384112
11354,"Labridae","Halichoeres","prosopeion",1,"AD",37384120
11354,"Labridae","Labrichthys","unilineatus",1,"AD",37384129
11354,"Labridae","Pseudocheilinus","evanidus",2,"AD",37384142
11354,"Labridae","Thalassoma","lutescens",4,"AD",37384168
11354,"Labridae","Scarus","chameleon",2,"AD",37386012
11354,"Labridae","Scarus","frenatus",1,"AD",37386016
11354,"Labridae","Chlorurus","sordidus",6,"JUV",37386030
11354,"Acanthuridae","Acanthurus","pyroferus",1,"AD",37437017
11354,"Acanthuridae","Acanthurus","pyroferus",1,"JUV",37437017
11354,"Acanthuridae","Ctenochaetus","striatus",4,"AD",37437022
11354,"Acanthuridae","Naso","brachycentron",4,"AD",37437025
11354,"Acanthuridae","Naso","lituratus",1,"AD",37437029
11354,"Acanthuridae","Naso","vlamingii",2,"AD",37437032
11354,"Acanthuridae","Naso","caesius",1,"AD",37437046
11354,"Siganidae","Siganus","punctatus",2,"AD",37438003
11354,"Balistidae","Balistapus","undulatus",3,"AD",37465047
11354,"Balistidae","Balistoides","viridescens",1,"AD",37465048
11354,"Balistidae","Sufflamen","bursa",1,"AD",37465078
11355,"Serranidae","Epinephelus","fuscoguttatus",1,"AD",37311021
11355,"Serranidae","Plectropomus","leopardus",3,"AD",37311078
11355,"Carangidae","Craterognathus","plagiotaenia",1,"AD",37337070
11355,"Lutjanidae","Macolor","niger",1,"AD",37346048
11355,"Lethrinidae","Lethrinus","erythracanthus",1,"AD",37351025
11355,"Ephippidae","Platax","teira",1,"AD",37362004
11355,"Pomacanthidae","Centropyge","vrolikii",1,"AD",37365032
11355,"Chaetodontidae","Chaetodon","melannotus",2,"AD",37365043
11355,"Chaetodontidae","Chaetodon","lunulatus",2,"AD",37365059
11355,"Chaetodontidae","Chaetodon","vagabundus",4,"AD",37365062
11355,"Chaetodontidae","Heniochus","singularius",2,"AD",37365077
11355,"Pomacanthidae","Pygoplites","diacanthus",1,"AD",37365082
11355,"Pomacentridae","Acanthochromis","polyacanthus",2,"AD",37372015
11355,"Pomacentridae","Chromis","weberi",8,"AD",37372054
11355,"Pomacentridae","Chromis","xanthura",2,"AD",37372057
11355,"Pomacentridae","Pomacentrus","brachialis",1,"AD",37372109
11355,"Labridae","Halichoeres","melanurus",1,"AD",37384032
11355,"Labridae","Cheilinus","undulatus",1,"JUV",37384038
11355,"Labridae","Cirrhilabrus","punctatus",1,"AD",37384083
11355,"Labridae","Halichoeres","hortulanus",1,"AD",37384112
11355,"Labridae","Hemigymnus","fasciatus",1,"AD",37384124
11355,"Labridae","Thalassoma","lunare",1,"AD",37384167
11355,"Labridae","Chlorurus","microrhinos",1,"AD",37386020
11355,"Acanthuridae","Acanthurus","dussumieri",1,"AD",37437008
11355,"Acanthuridae","Acanthurus","nigricauda",1,"AD",37437013
11355,"Acanthuridae","Acanthurus","pyroferus",1,"AD",37437017
11355,"Acanthuridae","Ctenochaetus","striatus",1,"AD",37437022
11355,"Acanthuridae","Naso","brevirostris",1,"AD",37437026
11355,"Acanthuridae","Naso","lituratus",1,"AD",37437029
11355,"Acanthuridae","Zebrasoma","scopas",2,"AD",37437036
11355,"Monacanthidae","Aluterus","scriptus",1,"AD",37465045
11355,"Tetraodontidae","Arothron","nigropunctatus",1,"AD",37467027
