OpCode	ImagePtPair	Index	Lx	Ly	Rx	Ry
01	0	0	1415.22936	853.37520	402.49541	871.99021
01	0	1	1550.86239	880.68352	276.55046	906.78630
01	1	0	692.49541	752.63132	419.70642	743.10767
01	1	1	871.28440	747.34584	564.14679	746.63132
01	2	0	643.59633	806.13051	202.56881	793.15498
01	2	1	902.53211	763.84666	465.02752	763.20392
01	3	0	1698.49541	579.35073	1915.59633	599.73246
01	3	1	1601.17431	596.08809	1788.33028	612.06525
01	4	0	1583.11927	528.25775	1840.29358	536.30669
01	4	1	1480.51376	535.74551	1718.31193	545.55628
01	5	0	992.66972	388.75041	947.66972	388.82219
01	5	1	1120.37615	406.36868	1072.73394	408.20228
01	6	0	948.21101	269.30016	773.28440	282.23165
01	6	1	1071.51376	308.06036	897.46789	329.80098
01	7	0	1515.40367	234.94454	985.54128	233.78140
01	7	1	1662.48624	261.37194	1099.15596	267.25612
01	8	0	1418.86239	377.93964	1352.80734	375.79608
01	8	1	1572.11009	399.96248	1502.53211	400.46166
01	9	0	1466.42202	350.63132	1354.56881	349.36868
01	9	1	1612.62385	378.82055	1491.96330	381.08157
01	10	0	1452.33028	322.44209	1413.57798	316.77488
01	10	1	1584.44037	325.96574	1566.82569	322.06036
01	11	0	1714.78899	189.42414	1565.94495	174.94780
01	11	1	1884.77064	250.20718	1743.85321	233.08809
01	12	0	1135.79817	147.99347	1011.58716	147.11256
01	12	1	1272.31193	182.34910	1148.98165	177.94454
01	13	0	1267.02752	205.25285	1182.44954	196.44372
01	13	1	1393.85321	252.82219	1316.32110	240.48940
01	14	0	1209.77982	95.13866	1105.82569	85.44861
01	14	1	1346.29358	141.82708	1246.74312	125.08972
01	15	0	1025.70642	53.73573	878.59633	56.37847
01	15	1	1183.35780	100.42414	1028.32110	95.13866
01	16	0	930.58716	110.11419	831.03670	110.11419
01	16	1	1051.24771	179.70636	949.93578	177.06362
01	17	0	953.48624	162.96900	804.61468	167.37357
01	17	1	1086.47706	222.87113	933.20183	222.87113
01	18	0	1010.73394	221.10930	957.86239	218.46656
01	18	1	1131.39450	251.94127	1071.47706	248.41762
01	19	0	1205.37615	243.13214	1080.28440	238.72757
01	19	1	1338.36697	303.91517	1224.72477	298.62969
01	20	0	1105.85321	307.43883	1016.87156	305.67700
01	20	1	1239.72477	332.10440	1138.41284	330.34258
01	21	0	920.89908	256.34584	868.02752	256.34584
01	21	1	1043.32110	294.22512	987.80734	293.34421
01	22	0	913.85321	223.75204	1039.77064	216.70473
01	22	1	1007.21101	244.01305	1133.12844	235.20392
01	23	0	675.17431	187.63458	604.68807	199.96737
01	23	1	799.35780	234.32300	718.30275	239.60848
01	24	0	660.20183	240.48940	650.48624	246.65579
01	24	1	779.98165	285.41599	763.22018	289.82055
01	25	0	793.19266	267.79772	748.24771	269.55954
01	25	1	918.25688	310.08157	865.38532	312.72431
01	26	0	648.75229	295.98695	611.73394	303.91517
01	26	1	783.50459	334.74715	731.51376	340.03263
01	27	0	1395.08257	88.09135	1229.50459	77.52039
01	27	1	1547.44954	93.37684	1388.03670	73.11582
01	28	0	1401.24771	366.46003	1327.26606	366.46003
01	28	1	1543.92661	397.29201	1484.91743	398.17292
01	29	0	1441.76147	339.15171	1327.26606	336.50897
01	29	1	1590.60550	369.98369	1476.99083	370.86460
01	30	0	1443.52294	320.65253	1397.72477	318.00979
01	30	1	1580.03670	330.34258	1552.73394	323.29527
01	31	0	1504.29358	221.99021	1378.34862	208.77651
01	31	1	1646.97248	249.29853	1526.31193	238.72757
01	32	0	1313.17431	85.44861	1408.29358	60.78303
01	32	1	1394.20183	127.73246	1504.29358	103.06688
01	33	0	973.95413	387.72594	929.64220	384.95922
01	33	1	1102.54128	405.34421	1058.22936	406.10114
01	34	0	1023.27523	405.34421	948.13761	406.98206
01	34	1	1145.69725	435.29527	1064.39450	437.81403
01	35	0	780.19266	368.34584	760.54128	366.46003
01	35	1	914.94495	390.36868	888.24771	392.00653
01	36	0	564.55046	340.03263	621.16514	342.67537
01	36	1	673.76147	362.93638	725.97248	362.93638
01	37	0	605.06422	56.37847	703.95413	64.30669
01	37	1	702.82569	97.78140	792.02752	105.70962
01	38	0	494.09174	237.84666	522.52294	244.89396
01	38	1	622.67890	270.44046	635.25688	275.72594
01	39	0	239.55963	170.01631	199.04587	191.15824
01	39	1	398.97248	219.34747	345.24771	239.60848
01	40	0	324.11009	95.13866	178.78899	124.20881
01	40	1	480.88073	152.39804	336.44037	171.77814
01	41	0	511.70642	92.49592	382.23853	115.39967
01	41	1	661.43119	135.66069	524.91743	153.27896
01	42	0	734.53211	119.80424	547.81651	133.89886
01	42	1	886.89908	155.92170	702.82569	164.73083
01	43	0	648.22018	254.58401	531.96330	266.03589
01	43	1	789.13761	278.36868	679.04587	286.29690
01	44	0	881.04587	314.84339	754.38532	319.77162
01	44	1	1016.67890	342.15171	903.22936	341.79445
01	45	0	1043.98165	381.79282	960.47706	381.43556
01	45	1	1188.42202	404.69657	1098.75229	409.62480
01	46	0	1271.21101	306.03426	1172.73394	303.03426
01	46	1	1408.60550	319.24796	1325.10092	317.12887
01	47	0	1080.09174	121.92333	902.34862	122.44698
01	47	1	1238.62385	164.20718	1066.16514	161.20718
01	48	0	1014.03670	10.92822	793.13761	19.38010
01	48	1	1159.35780	48.80750	952.55046	45.80750
01	49	0	904.82569	227.63295	861.83486	226.39478
01	49	1	1021.96330	256.70310	986.89908	256.34584
01	50	0	1249.19266	255.82219	1237.90826	250.17945
01	50	1	1348.71560	269.91680	1359.44954	260.75041
01	51	0	1542.16514	221.10930	1448.80734	209.65742
01	51	1	1688.36697	251.94127	1617.90826	235.20392
01	52	0	1671.63303	309.20065	1637.28440	301.27243
01	52	1	1816.07339	311.84339	1806.38532	303.03426
01	53	0	1433.76147	520.77977	1812.11009	517.45840
01	53	1	1221.50459	506.68515	1574.31193	502.92333
01	54	0	1199.55963	235.68515	1595.23853	205.38499
01	54	1	1330.34862	230.39967	1455.20183	219.92007
01	55	0	860.94495	210.68352	1072.32110	204.17129
01	55	1	1000.10092	232.26591	1207.51376	220.02773
01	56	0	816.31193	181.41109	1089.97248	172.69494
01	56	1	945.77982	190.22023	1223.40367	181.50408
01	57	0	1398.58716	558.76672	1557.70642	567.06525
01	57	1	1477.85321	556.12398	1636.53211	563.98206
01	58	0	62.09174	673.53181	33.02752	647.87439
01	58	1	212.25688	657.67537	187.15596	639.94617
01	59	0	1704.22018	637.11419	1587.52294	661.14682
01	59	1	1872.88073	649.88744	1724.47706	684.49103
01	60	0	1576.55963	587.58891	1721.83486	604.57749
01	60	1	1705.58716	575.69657	1854.82569	594.00653
01	61	0	785.55046	317.07830	805.98165	316.36215
01	61	1	921.62385	338.66069	953.50459	338.82545
01	62	0	1163.85321	608.34095	1113.59633	616.94617
01	62	1	1317.10092	600.85318	1282.69725	609.01794
01	63	0	1333.48624	846.35073	757.14679	865.24470
01	63	1	1611.96330	684.60033	1028.85321	705.30669
01	64	0	766.17431	411.74225	925.99083	406.20881
01	64	1	934.35780	494.93475	1050.61468	490.33605
01	65	0	987.23853	500.22023	1129.79817	497.14845
01	65	1	1150.17431	530.17129	1259.70642	531.06362
01	66	0	1147.94495	579.42414	1102.33028	585.29201
01	66	1	1503.32110	616.86297	1416.75229	635.50408
01	67	0	663.72477	475.36215	954.65138	470.60196
01	67	1	797.59633	491.21860	1073.99083	483.37520
01	68	0	349.41284	455.35237	487.24771	450.99347
01	68	1	609.22936	488.38662	693.33945	484.02773
02	0	0	1412.81651	833.62643	405.25688	846.54323
02	0	1	1547.12844	864.45840	270.06422	883.10114
02	1	0	247.88073	623.94780	115.37615	608.87439
02	1	1	360.17431	625.70962	245.72477	609.31485
02	2	0	549.83486	482.61338	276.30275	478.39967
02	2	1	698.67890	590.08483	388.15596	583.66884
02	3	0	480.48624	682.18597	93.35780	666.37520
02	3	1	644.74312	777.76509	175.26606	764.15661
02	4	0	622.00917	636.22186	340.62385	625.36705
02	4	1	795.07339	727.39641	460.40367	718.74388
02	5	0	1426.84404	393.32790	519.59633	412.43556
02	5	1	1716.60550	389.36378	837.83486	409.92333
02	6	0	493.13761	859.55302	165.77982	831.64600
02	6	1	700.15596	836.55302	388.16514	823.27732
02	7	0	1578.27523	621.92496	826.12844	641.30506
02	7	1	1217.00000	586.01794	503.77982	600.78303
02	8	0	1118.79817	339.39804	900.07339	337.87439
02	8	1	1397.11009	273.76998	1161.21101	269.16313
02	9	0	1021.03670	307.24470	846.34862	306.16150
02	9	1	1258.39450	257.47308	1077.98165	252.42577
02	10	0	973.60550	198.20555	744.53211	197.49429
02	10	1	1236.94495	118.04241	999.94495	111.16476
02	11	0	1406.53211	411.41436	1194.27523	408.53181
02	11	1	1660.18349	328.60848	1439.11927	325.72594
02	12	0	1513.10092	258.13540	1445.28440	245.56281
02	12	1	1735.04587	250.20718	1713.90826	223.53997
02	13	0	1312.29358	599.92985	1180.95413	606.15008
02	13	1	1536.88073	541.78956	1386.16514	549.77162
02	14	0	1509.57798	622.29853	1353.16514	634.60848
02	14	1	1774.67890	596.75204	1572.46789	614.34747
02	15	0	1185.33945	632.06036	1148.83486	634.60848
02	15	1	987.17431	668.17781	934.81651	663.67863
02	16	0	712.46789	107.47145	575.96330	122.44698
02	16	1	960.83486	138.30343	784.69725	140.06525
02	17	0	906.22936	265.15498	757.39450	262.51223
02	17	1	1137.86239	327.69984	960.84404	327.69984
02	18	0	694.85321	254.58401	531.92661	266.03589
02	18	1	900.94495	273.08320	658.75229	279.24959
02	19	0	690.44954	447.50408	536.33028	449.26591
02	19	1	918.55963	437.81403	735.37615	436.93312
02	20	0	924.72477	473.93148	775.00917	468.64600
02	20	1	1141.38532	467.76509	955.55963	469.52692
02	21	0	961.16514	584.39478	890.42202	582.46656
02	21	1	1131.14679	513.04078	1013.72477	511.11256
02	22	0	1351.04587	549.20228	1210.12844	554.97553
02	22	1	1601.17431	554.48777	1417.98165	565.54649
02	23	0	1505.17431	300.96411	1266.70642	293.55954
02	23	1	1783.48624	241.06199	1505.38532	229.25285
02	24	0	641.33945	277.28222	650.99083	275.72594
02	24	1	831.57798	273.75856	831.54128	269.55954
02	25	0	652.99083	159.44535	623.68807	162.96900
02	25	1	844.99083	142.70799	808.64220	140.06525
02	26	0	862.60550	321.53344	840.34862	320.65253
02	26	1	1029.06422	355.00816	1037.63303	347.07993
02	27	0	855.55963	398.17292	796.31193	401.69657
02	27	1	1044.03670	457.19413	998.88073	453.67047
02	28	0	1036.11009	289.82055	972.45872	285.41599
02	28	1	1218.42202	268.67863	1179.43119	259.86949
02	29	0	769.24771	29.95106	823.61468	33.47471
02	29	1	918.09174	90.73409	983.90826	78.40131
02	30	0	505.24771	980.45677	218.13761	949.75530
02	30	1	1731.52294	794.58401	1348.96330	822.10114
02	31	0	385.76147	824.53507	418.34862	793.70310
02	31	1	501.13761	867.69984	512.58716	836.86786
02	32	0	457.10092	880.03263	435.96330	849.20065
02	32	1	344.36697	879.15171	337.32110	843.03426
02	33	0	436.84404	935.53018	98.64220	900.29364
02	33	1	1547.35780	744.74388	1209.04587	763.43393
02	34	0	398.90826	944.80261	65.17431	910.40783
02	34	1	1507.81651	739.96737	1183.13761	757.36378
02	35	0	1350.34862	761.18271	1369.88991	774.79282
02	35	1	1129.99083	767.73246	1130.91743	772.98206
02	36	0	523.22018	746.16150	368.44037	727.26917
02	36	1	649.16514	740.43556	524.77064	724.62643
02	37	0	389.71560	763.93475	350.57798	735.44535
02	37	1	215.77064	762.61338	178.39450	728.83850
02	38	0	991.74312	599.82545	642.24771	602.69494
02	38	1	1153.35780	601.58728	801.66055	603.57586
02	39	0	1754.86239	755.25612	1508.82569	784.46982
02	39	1	1443.46789	812.22023	1251.66055	831.95759
02	40	0	278.70642	1020.97879	142.23853	971.64763
02	40	1	705.27523	1021.85971	480.21101	999.39641
02	41	0	1430.31193	285.41599	455.22936	300.57912
02	41	1	1734.60550	423.63785	841.80734	444.95759
02	42	0	747.94495	478.04078	609.44037	477.15987
02	42	1	910.44037	441.04241	793.07339	439.28059
02	43	0	1022.00917	613.76672	528.02752	613.71941
02	43	1	1221.93578	570.60196	789.16514	580.24470
02	44	0	1309.97248	396.23165	761.45872	402.88744
02	44	1	1623.07339	372.00653	1070.15596	381.30506
02	45	0	1470.96330	411.58891	1245.47706	410.45840
02	45	1	1645.78899	369.30506	1462.13761	366.85318
02	46	0	1152.57798	900.01794	920.51376	905.25612
02	46	1	920.94495	980.62153	633.62385	965.04078
02	47	0	815.57798	825.00653	584.80734	813.96411
02	47	1	478.19266	837.18434	338.30275	808.69494
02	48	0	1048.34862	831.26754	775.82569	832.20881
02	48	1	1410.03670	911.57423	1061.66055	933.89723
02	49	0	474.21101	702.58564	379.22936	687.08809
02	49	1	817.78899	742.49266	665.02752	736.85971
03	0	0	1533.92661	801.01794	314.35780	824.71941
03	0	1	1627.72477	797.49429	416.05505	818.74388
03	1	0	1188.71560	687.74878	1090.88073	708.74878
03	1	1	1311.13761	698.31974	1189.52294	716.67700
03	2	0	914.11927	504.65416	1061.94495	521.82055
03	2	1	1080.57798	512.58238	1231.04587	523.58238
03	3	0	1726.23853	717.06362	1367.77982	740.70473
03	3	1	1469.06422	755.82382	1226.86239	780.34584
03	4	0	825.72477	721.03589	871.03670	728.96411
03	4	1	1033.57798	817.93638	1047.18349	837.31648
03	5	0	707.90826	913.50734	447.41284	917.91191
03	5	1	1055.40367	1043.88254	644.66972	1055.33442
03	6	0	1479.63303	219.34747	1203.77064	229.03752
03	6	1	1698.93578	109.23328	1441.56881	100.42414
03	7	0	1129.98165	222.87113	1021.45872	231.68026
03	7	1	1306.12844	220.22838	1200.24771	225.51387
03	8	0	940.94495	124.20881	810.87156	147.99347
03	8	1	1122.37615	110.99511	989.66055	124.20881
03	9	0	947.99083	143.58891	875.16514	162.08809
03	9	1	1125.89908	170.89723	1043.38532	184.99184
03	10	0	898.66972	301.27243	738.65138	325.05710
03	10	1	1083.62385	312.72431	908.63303	332.10440
03	11	0	955.91743	416.67210	901.58716	433.40946
03	11	1	1125.01835	420.19576	1069.80734	436.93312
03	12	0	255.41284	473.52855	99.52294	504.75041
03	12	1	490.56881	471.76672	310.01835	500.34584
03	13	0	236.03670	382.79445	90.71560	422.82545
03	13	1	441.24771	422.43556	304.73394	453.65742
03	14	0	215.77982	172.25612	103.04587	230.25285
03	14	1	419.22936	215.42088	293.28440	263.72757
03	15	0	470.31193	280.60848	314.42202	326.27243
03	15	1	650.86239	300.86949	477.35780	335.08157
03	16	0	480.88073	349.31974	389.62385	383.55954
03	16	1	649.98165	390.72268	542.87156	416.15334
03	17	0	1302.54128	259.86949	1197.36697	271.32137
03	17	1	1478.68807	264.27406	1352.37615	260.75041
03	18	0	1340.47706	236.08483	1278.82569	236.11093
03	18	1	1507.81651	236.08483	1462.89908	230.82545
03	19	0	1523.66972	205.25285	1536.88073	195.58891
03	19	1	1675.15596	226.39478	1689.24771	208.80261
03	20	0	1490.20183	176.18271	1567.70642	162.11419
03	20	1	1645.21101	197.32463	1738.56881	175.32790
03	21	0	1492.84404	280.39478	1456.73394	279.77488
03	21	1	1664.58716	292.72757	1614.38532	283.29853
03	22	0	1369.54128	438.07830	1363.37615	443.62480
03	22	1	1522.78899	436.31648	1541.28440	440.98206
03	23	0	651.35780	101.30506	524.55963	148.29364
03	23	1	821.33945	201.72920	692.77982	231.09951
03	24	0	480.79817	178.82545	302.97248	230.79935
03	24	1	659.58716	207.01468	500.25688	244.89396
03	25	0	465.82569	35.23654	259.81651	94.25775
03	25	1	642.85321	110.11419	440.36697	154.15987
03	26	0	211.37615	170.89723	29.94495	230.79935
03	26	1	389.28440	263.51223	249.24771	312.55954
03	27	0	1031.11009	751.74225	1046.77064	767.49266
03	27	1	930.26606	721.79119	952.09174	736.22023
03	28	0	548.32110	537.44046	51.08257	563.78467
03	28	1	760.57798	534.79772	334.67890	557.08320
03	29	0	1072.73394	759.34747	607.50459	773.84666
03	29	1	867.41284	742.27406	441.92661	756.22838
03	30	0	773.28440	465.12235	165.57798	495.07341
03	30	1	878.14679	552.91680	417.46789	580.91680
03	31	0	1101.71560	649.91517	144.44037	675.01142
03	31	1	1318.40367	324.20228	190.23853	357.29690
03	32	0	882.83486	681.53670	662.58716	698.89233
03	32	1	1072.19266	662.15661	863.39450	679.51223
03	33	0	506.03670	333.34584	293.28440	371.20228
03	33	1	754.40367	356.24959	528.44037	386.17781
03	34	0	581.60550	605.17945	266.86239	624.84502
03	34	1	824.68807	534.70636	505.54128	553.49103
03	35	0	906.58716	498.15334	709.35780	518.74878
03	35	1	1053.54128	433.62969	837.06422	447.39478
03	36	0	396.26606	859.77162	56.36697	860.65253
03	36	1	555.67890	806.03589	254.53211	816.60685
03	37	0	1470.82569	738.20555	1084.82569	759.74715
03	37	1	1698.05505	594.32137	1314.69725	612.63458
03	38	0	1259.64220	906.46003	739.88073	926.72104
03	38	1	1520.33945	975.17129	951.25688	998.95595
03	39	0	1085.06422	517.97716	130.34862	548.75041
03	39	1	1463.77982	502.12072	405.13761	523.20392
03	40	0	1178.41284	689.10440	589.79817	706.98532
03	40	1	1445.27523	563.13377	809.98165	583.65742
03	41	0	1287.62385	703.19902	758.01835	720.19902
03	41	1	1558.88991	614.22675	1008.14679	635.63132
03	42	0	1076.24771	619.51223	353.76147	639.15498
03	42	1	1391.55046	415.14029	651.44954	437.42577
03	43	0	1415.95413	712.27406	946.55963	733.34584
03	43	1	1610.59633	758.96248	1091.88073	784.43883
03	44	0	620.07339	691.08320	42.27523	708.25449
03	44	1	908.95413	541.32790	380.47706	562.98858
03	45	0	1567.70642	713.53997	952.95413	748.77651
03	45	1	1902.38532	791.06036	1127.33945	824.53507
03	46	0	1500.77064	371.74551	600.22936	394.44046
03	46	1	1890.93578	454.81892	1018.57798	472.84176
03	47	0	536.39450	606.39152	343.48624	622.32137
03	47	1	687.00000	662.76998	482.64220	675.17618
03	48	0	1118.46789	593.20228	964.72477	603.17945
03	48	1	1298.13761	580.86949	1130.30275	599.65579
03	49	0	1543.04587	244.89396	322.34862	270.03589
03	49	1	1754.42202	509.51223	748.20183	529.60685
03	50	0	1544.80734	355.88907	533.72477	380.55465
03	50	1	1699.81651	426.39315	891.37615	444.41599
03	51	0	1422.55963	768.62480	1398.60550	787.53670
03	51	1	1021.65138	643.06688	908.91743	657.16150
04	0	0	1220.67890	744.77977	587.41284	736.31648
04	0	1	1535.76147	920.49429	942.77982	938.25612
04	1	0	662.74312	387.95922	937.31193	369.68515
04	1	1	775.47706	384.43556	1048.72477	365.72104
04	2	0	1514.20183	472.29201	1241.46789	471.04078
04	2	1	1751.55963	506.20718	1448.44037	513.32463
04	3	0	233.82569	511.33931	119.33945	479.80424
04	3	1	419.22018	553.18271	254.09174	519.00489
04	4	0	1065.33945	331.72431	818.14679	317.04078
04	4	1	1238.40367	427.74388	1009.70642	417.46493
04	5	0	1400.89908	522.88254	1264.83486	521.71941
04	5	1	1534.94495	501.30179	1440.10092	502.33931
04	6	0	1583.49541	390.58891	1652.25688	380.23165
04	6	1	1634.57798	314.38989	1715.66972	297.86623
04	7	0	1629.79817	663.87439	1488.64220	678.80261
04	7	1	1762.78899	657.26754	1613.70642	678.80261
04	8	0	1636.72477	650.15498	1491.93578	661.55628
04	8	1	897.88073	579.86949	714.14679	564.89233
04	9	0	548.27523	610.38662	221.77064	578.02936
04	9	1	649.38532	461.56281	456.29358	441.04078
04	10	0	630.03670	535.27896	544.48624	507.13703
04	10	1	323.49541	548.18434	285.15596	514.51876
04	11	0	1581.51376	463.17129	1371.07339	461.79119
04	11	1	1335.78899	479.90865	1080.76147	475.00489
04	12	0	1329.80734	626.46166	621.68807	619.32137
04	12	1	768.25688	619.32137	50.20183	594.01142
04	13	0	199.92661	225.56444	428.73394	217.19576
04	13	1	120.66055	219.83850	350.34862	217.63622
04	14	0	1103.34862	236.73409	637.76147	228.70799
04	14	1	1322.21101	244.22186	866.31193	234.87439
04	15	0	1062.84404	64.74715	361.13761	55.49755
04	15	1	1257.48624	129.05383	646.05505	115.84013
04	16	0	1589.77982	319.77651	1460.50459	309.06525
04	16	1	1736.86239	323.30016	1619.47706	313.02936
04	17	0	623.47706	344.30343	463.69725	327.99347
04	17	1	783.85321	350.60359	638.96330	330.19576
04	18	0	1137.80734	309.94780	706.67890	299.70799
04	18	1	1346.98165	339.89886	936.99083	329.65905
04	19	0	1726.56881	228.30179	1470.22936	216.91028
04	19	1	1515.19266	201.87439	1269.42202	185.63785
04	20	0	1190.57798	104.82871	1221.51376	78.40131
04	20	1	1346.46789	179.70636	1375.64220	155.04078
04	21	0	1285.70642	351.83850	953.25688	339.26754
04	21	1	1466.69725	307.79282	1141.29358	294.34095
04	22	0	1887.85321	172.22023	1301.96330	167.40946
04	22	1	1617.46789	155.92333	1104.30275	154.83850
04	23	0	1578.87156	374.79119	1400.13761	366.60033
04	23	1	1425.18349	313.56770	1241.60550	301.41272
04	24	0	1219.44037	288.49429	756.53211	277.77977
04	24	1	1411.00000	297.30343	958.66055	290.11256
04	25	0	1271.65138	122.00653	442.61468	109.23328
04	25	1	1394.95413	141.82708	610.83486	135.22023
04	26	0	1027.71560	364.83850	704.50459	350.41925
04	26	1	1214.43119	337.53018	856.43119	327.95595
04	27	0	765.26606	346.44535	364.54128	325.35237
04	27	1	586.47706	288.30506	160.65138	271.17618
04	28	0	463.72477	230.17292	251.78899	217.93475
04	28	1	568.09174	252.19576	387.86239	237.31485
04	29	0	985.94495	177.49592	380.67890	170.80424
04	29	1	1185.43119	207.88744	627.28440	198.55302
04	30	0	560.17431	302.93475	461.94495	286.99347
04	30	1	679.07339	320.99347	595.37615	304.17129
04	31	0	294.11009	602.71941	126.82569	562.27896
04	31	1	416.97248	561.31648	265.54128	528.36378
04	32	0	627.38532	358.48124	500.62385	343.94454
04	32	1	741.00000	336.89886	628.77064	322.80261
04	33	0	499.92661	247.74551	172.35780	234.28059
04	33	1	610.89908	288.70799	337.49541	274.36215
04	34	0	618.50459	426.01794	848.05505	404.04078
04	34	1	698.21101	413.68515	918.07339	392.58891
04	35	0	836.53211	197.32463	963.33028	180.58728
04	35	1	1015.06422	208.53507	1150.04587	189.39641
04	36	0	1202.25688	281.80098	1450.22018	260.26754
04	36	1	1652.62385	138.30343	1871.55963	96.94943
04	37	0	1291.50459	233.59869	1529.29358	211.37357
04	37	1	1615.10092	141.54160	1883.88991	90.29364
04	38	0	429.88991	73.55628	318.41284	74.43719
04	38	1	524.12844	66.50897	432.46789	64.30669
04	39	0	869.96330	171.05383	947.26606	156.02936
04	39	1	948.34862	144.62643	1030.49541	127.39967
04	40	0	644.51376	34.79608	731.86239	24.22512
04	40	1	606.20183	97.34095	692.22936	85.00816
06	0	0	1576.69725	790.63295	1730.64220	818.68352
06	0	1	1691.00917	514.45351	1865.39450	495.07341
06	1	0	1431.83486	557.29201	1464.59633	558.27896
06	1	1	1551.61468	587.24307	1590.54128	587.34910
06	2	0	1431.14679	695.61338	1197.07339	703.43393
06	2	1	1550.92661	693.41109	1355.60550	702.11256
06	3	0	289.80734	552.05383	273.74312	574.13703
06	3	1	110.13761	542.36378	134.58716	569.73246
06	4	0	1212.76147	593.74551	1278.30275	600.36215
06	4	1	1340.02752	581.41272	1402.48624	585.82708
06	5	0	1469.04587	290.66069	1444.88991	271.48450
06	5	1	1309.19266	302.55302	1277.99083	291.74551
06	6	0	666.28440	610.60685	516.98165	626.72594
06	6	1	1661.06422	621.82219	1399.44954	627.70310
06	7	0	1894.45872	355.36868	1891.81651	321.53344
06	7	1	1824.00000	406.46166	1772.03670	377.91191
06	8	0	1598.53211	281.01142	924.66972	284.53507
06	8	1	1875.08257	137.42251	1148.37615	125.97064
06	9	0	1335.94495	208.77651	1256.09174	194.68189
06	9	1	1446.03670	255.46493	1391.72477	233.44209
06	10	0	1030.68807	408.62480	1199.35780	409.12398
06	10	1	1098.21101	434.46493	1276.86239	430.26591
06	11	0	364.08257	462.92170	420.48624	491.56444
06	11	1	472.41284	491.11093	499.75229	513.58728
06	12	0	623.81651	413.63622	543.24771	437.92333
06	12	1	462.20183	428.17129	418.18349	455.98206
06	13	0	718.44037	158.56444	766.83486	186.75367
06	13	1	795.06422	174.42088	849.62385	194.68189
06	14	0	603.06422	211.41925	787.09174	243.13214
06	14	1	670.00000	244.01305	849.62385	271.32137
06	15	0	1374.21101	357.82382	1123.33945	354.20228
06	15	1	1559.16514	392.17945	1281.87156	383.27243
06	16	0	1151.77064	391.23328	1331.71560	387.30343
06	16	1	1209.01835	423.82708	1392.48624	413.29038
06	17	0	1041.67890	427.35073	1240.55963	427.38499
06	17	1	1103.33028	444.52855	1299.12844	444.56281
06	18	0	1047.00000	61.22349	1104.37615	60.34258
06	18	1	1126.70642	93.37684	1196.85321	82.80587
06	19	0	1665.02752	417.01631	1532.31193	398.26917
06	19	1	1828.40367	463.70473	1681.59633	446.27896
06	20	0	1591.00917	227.27732	1615.26606	186.74551
06	20	1	1698.01835	281.45351	1747.37615	239.60033
06	21	0	1777.23853	267.88744	1692.40367	226.85318
06	21	1	1900.83486	314.86949	1827.74312	269.13703
06	22	0	1158.92661	632.06525	919.70642	641.26591
06	22	1	1272.54128	622.81566	1023.19266	630.69494
06	23	0	768.66055	494.60033	726.91743	508.94617
06	23	1	865.54128	501.20718	814.55046	515.11256
06	24	0	1543.92661	327.39315	1220.95413	316.63132
06	24	1	1764.11009	352.93964	1431.44954	333.36868
06	25	0	589.77064	483.96411	628.09174	505.20228
06	25	1	718.35780	470.75041	768.12844	485.82219
06	26	0	1398.60550	717.10604	1235.52294	727.12887
06	26	1	1529.83486	692.44046	1424.00000	700.70147
06	27	0	581.94495	504.23165	932.31193	526.01794
06	27	1	595.15596	476.04241	945.08257	492.98369
06	28	0	843.22936	324.60685	841.79817	339.08320
06	28	1	1069.57798	375.69984	1098.09174	380.48613
06	29	0	326.75229	487.63132	562.77982	520.98858
06	29	1	228.11009	492.91680	479.99083	519.22675
06	30	0	996.74312	530.94454	957.80734	541.93964
06	30	1	1184.33945	560.89560	1156.85321	563.96248
06	31	0	870.10092	253.29853	639.40367	272.82219
06	31	1	1184.52294	315.84339	974.08257	308.93964
06	32	0	129.02752	523.89886	203.44954	554.19576
06	32	1	321.90826	520.81566	332.03670	547.14845
06	33	0	358.11927	564.49592	426.31193	582.73246
06	33	1	242.94495	411.78303	342.35780	448.73246
07	0	0	1366.69725	697.90049	428.10092	686.34095
07	0	1	1482.07339	727.41109	312.28440	718.49429
07	1	0	1063.31193	708.34421	1085.06422	703.10767
07	1	1	989.05505	731.55954	1017.22936	721.27243
07	2	0	1559.77982	244.89396	1540.40367	220.22838
07	2	1	1754.42202	254.58401	1741.21101	236.08483
07	3	0	1051.49541	275.81729	1118.63303	258.15008
07	3	1	980.15596	296.95922	1045.53211	281.05383
07	4	0	1547.06422	629.33768	1429.16514	638.45024
07	4	1	1741.65138	660.86297	1625.12844	681.17455
07	5	0	1149.23853	420.53997	1112.78899	409.82708
07	5	1	1247.44037	410.84992	1205.26606	403.22023
07	6	0	1449.60550	572.74878	1240.31193	574.80098
07	6	1	1532.15596	423.44535	1278.18349	418.87928
07	7	0	316.34862	248.26754	126.58716	238.29201
07	7	1	401.55963	264.53018	278.07339	253.26754
07	8	0	453.45872	501.74388	97.32110	471.64763
07	8	1	560.90826	496.01794	261.13761	470.76672
07	9	0	743.61468	533.44698	659.32110	507.37357
07	9	1	830.80734	499.53181	705.55963	479.18434
07	10	0	1018.40367	578.81403	916.85321	563.70799
07	10	1	1050.55046	500.41272	949.44037	480.90212
07	11	0	734.33028	551.75530	502.26606	526.26754
07	11	1	591.65138	525.76835	404.06422	500.28059
07	12	0	875.00000	574.85318	822.58716	554.79119
07	12	1	772.83486	536.53344	736.27523	516.91191
07	13	0	702.71560	300.99347	461.16514	285.99511
07	13	1	521.72477	170.61827	310.55046	164.29038
07	14	0	1053.84404	447.86297	998.26606	433.61338
07	14	1	1226.02752	481.77814	1144.02752	472.37357
07	15	0	814.95413	290.84013	738.66055	273.68515
07	15	1	926.36697	321.67210	832.45872	304.51713
07	16	0	1242.71560	216.70473	762.00917	207.01468
07	16	1	1489.32110	286.29690	1006.85321	277.48777
07	17	0	1505.17431	274.84502	1421.04587	255.46493
07	17	1	1380.99083	239.60848	1322.40367	223.75204
07	18	0	744.97248	644.67863	659.82569	617.01142
07	18	1	862.11009	642.03589	804.26606	624.93964
07	19	0	1760.55963	477.93475	1570.49541	487.22023
07	19	1	1221.55046	340.51223	1055.26606	327.77488
07	20	0	837.17431	542.91517	866.78899	524.32137
07	20	1	514.45872	407.98858	664.55046	388.70147
07	21	0	1375.38532	544.70799	1355.88991	536.38662
07	21	1	1209.36697	518.72104	1240.95413	510.39967
07	22	0	995.00000	1046.52529	408.66055	1020.09788
07	22	1	641.82569	1050.04894	204.33028	1003.36052
07	23	0	687.22936	433.10604	442.09174	413.55954
07	23	1	1052.73394	347.65742	806.71560	332.51550
07	24	0	610.84404	694.95759	631.81651	662.12561
07	24	1	825.74312	716.98042	808.40367	697.80261
07	25	0	1096.31193	918.67210	932.22936	905.30343
07	25	1	906.07339	884.75693	802.32110	864.78140
07	26	0	356.90826	554.06525	77.06422	519.44698
07	26	1	521.98165	581.07993	316.62385	547.19576
07	27	0	842.80734	551.46003	653.86239	531.29201
07	27	1	747.68807	581.85155	504.76147	560.67210
07	28	0	768.69725	917.59706	682.98165	884.61011
07	28	1	663.88991	767.84176	589.62385	734.85481
07	29	0	613.20183	853.14845	864.65138	820.94617
07	29	1	942.53211	847.72104	1178.29358	839.97227
08	0	0	1390.14679	688.98206	309.51376	711.83850
08	0	1	1499.79817	722.45677	423.12844	680.56607
08	1	0	1516.13761	255.86297	818.97248	251.84992
08	1	1	1289.80734	215.07830	640.62385	208.24470
08	2	0	1615.26606	741.72920	1303.35780	764.01794
08	2	1	1742.97248	766.57749	1417.85321	791.76672
08	3	0	1741.21101	778.79935	1453.55963	807.92170
08	3	1	1863.63303	794.65579	1577.30275	831.26591
08	4	0	1242.26606	485.57749	962.16514	475.99511
08	4	1	1389.34862	475.88744	1093.83486	473.35237
08	5	0	399.74312	534.57749	48.44037	496.36378
08	5	1	554.75229	546.46982	188.91743	514.42251
08	6	0	872.06422	689.62480	605.76147	663.48287
08	6	1	749.64220	709.88581	505.35780	680.66069
08	7	0	785.92661	711.26754	388.95413	678.52855
08	7	1	906.14679	669.86460	517.98165	644.61338
08	8	0	1001.96330	784.17292	763.70642	764.17292
08	8	1	1132.75229	796.94617	861.46789	786.19576
08	9	0	1044.36697	627.48124	726.64220	611.42088
08	9	1	907.41284	618.67210	594.09174	597.32626
08	10	0	1054.93578	413.19739	837.62385	401.25612
08	10	1	949.68807	457.24307	729.73394	442.21860
08	11	0	980.68807	568.24470	1003.92661	553.42251
08	11	1	1044.54128	579.25612	1068.66055	568.83850
08	12	0	1216.73394	524.33931	1176.44954	518.08972
08	12	1	1318.01835	539.31485	1280.81651	537.02936
08	13	0	1736.41284	691.08809	1452.54128	712.33931
08	13	1	1625.00000	658.49429	1369.31193	674.01958
08	14	0	1058.58716	581.36378	961.30275	570.80424
08	14	1	1127.72477	600.74388	1047.22936	592.54160
08	15	0	1066.05505	647.33931	918.66972	637.56444
08	15	1	1138.71560	686.98042	1003.66055	681.16966
08	16	0	1342.11009	539.86134	1112.10092	535.76672
08	16	1	1446.91743	506.82708	1226.59633	508.45840
08	17	0	1198.60550	657.75530	973.94495	651.20718
08	17	1	1301.65138	644.54160	1102.09174	644.15987
08	18	0	719.36697	645.91028	392.98165	614.05383
08	18	1	849.27523	649.43393	512.76147	625.94617
08	19	0	559.38532	688.11256	313.07339	645.48124
08	19	1	644.37615	669.17292	405.55046	633.14845
08	20	0	865.25688	580.04241	577.22936	557.92333
08	20	1	1004.41284	624.52855	688.20183	610.33768
08	21	0	866.22936	458.70473	567.63303	438.95595
08	21	1	792.68807	383.38662	485.72477	366.72104
08	22	0	599.86239	535.26754	428.51376	503.45840
08	22	1	705.55046	543.19576	497.21101	517.99347
08	23	0	358.77064	727.91028	242.87156	676.23165
08	23	1	452.88073	733.38662	316.41284	689.44535
08	24	0	1130.63303	663.25612	928.91743	654.88581
08	24	1	1233.23853	648.72104	1050.45872	647.39804
08	25	0	789.96330	590.52855	692.84404	567.22023
08	25	1	904.89908	566.74388	827.15596	551.36378
08	26	0	854.62385	728.96737	712.68807	705.88744
08	26	1	968.67890	705.62316	823.66055	688.26917
08	27	0	1527.88991	672.50571	1558.08257	689.49429
08	27	1	1477.24771	653.12561	1494.66972	663.94780
08	28	0	249.04587	797.05220	198.16514	733.98206
08	28	1	329.29358	796.76835	267.30275	738.82708
08	29	0	1486.68807	620.18434	1505.72477	631.62480
08	29	1	1565.19266	599.73246	1600.90826	616.36215
08	30	0	442.47706	724.95595	400.56881	677.58891
08	30	1	564.89908	715.70636	507.13761	681.11256
08	31	0	600.11009	546.96900	655.96330	518.82708
08	31	1	706.82569	524.85155	757.70642	504.58891
08	32	0	603.33945	659.57749	592.86239	625.64927
08	32	1	727.08257	650.76835	698.99083	625.64927
08	33	0	1063.59633	616.79119	878.34862	605.75693
08	33	1	1226.09174	610.62480	1027.63303	606.63785
08	34	0	498.04587	728.23165	466.99083	686.53997
08	34	1	624.40367	689.88744	577.76147	657.77977
08	35	0	280.30275	725.25612	336.75229	669.70799
08	35	1	330.94495	728.77977	374.18349	676.75530
08	36	0	1055.03670	191.44535	972.25688	183.41109
08	36	1	1235.14679	141.23328	1101.72477	127.03263
08	37	0	1485.71560	630.30016	1206.44954	638.62480
08	37	1	1169.97248	612.24144	914.65138	604.48287
08	38	0	634.08257	867.73083	156.77064	811.09788
08	38	1	367.70642	695.30506	45.35780	644.36542
08	39	0	1686.25688	670.14845	1343.58716	690.79119
08	39	1	1427.93578	693.93312	1141.81651	701.21860
08	40	0	1513.78899	626.20881	1666.78899	640.18434
08	40	1	1573.23853	623.12561	1728.00000	643.70799
08	41	0	1376.79817	599.04078	1299.15596	600.89886
08	41	1	1247.33028	613.13540	1123.56881	611.66069
08	42	0	1515.75229	1036.83524	615.15596	1036.39478
08	42	1	1192.77064	1022.30016	272.88073	1007.32463
08	43	0	920.31193	587.71941	181.43119	565.86297
08	43	1	1247.94495	487.73573	487.32110	478.92985
08	44	0	963.23853	671.92007	813.11009	656.30179
08	44	1	1092.26606	602.32790	970.76147	593.31648
08	45	0	1248.38532	594.73083	1040.88073	590.13540
08	45	1	1391.06422	533.94780	1217.90826	534.19739
08	46	0	882.69725	370.10114	251.06422	348.98369
08	46	1	1196.33028	326.77977	491.94495	315.06852
08	47	0	1435.48624	624.87439	452.77982	617.68515
08	47	1	1808.14679	632.06362	693.22018	649.83850
08	48	0	1198.15596	651.05383	763.19266	642.74225
08	48	1	1391.03670	593.79445	889.57798	594.29201
08	49	0	1090.01835	635.19413	596.39450	619.69494
08	49	1	1309.32110	546.22186	783.55046	540.85318
08	50	0	863.40367	609.17129	592.20183	587.30343
08	50	1	1111.77064	608.29038	815.90826	598.31485
08	51	0	1078.38532	600.69657	1393.31193	593.17292
08	51	1	1132.99083	594.08972	1447.03670	590.08972
08	52	0	867.98165	580.08809	1057.68807	564.39804
08	52	1	1008.45872	546.61338	1199.92661	536.20881
08	53	0	1484.91743	99.98369	1349.94495	83.68679
08	53	1	1775.55963	113.19739	1609.54128	99.10277
09	0	0	1412.69725	784.01305	435.08257	791.06036
09	0	1	1532.47706	808.67863	317.06422	828.05873
09	1	0	318.92661	672.41109	383.33028	687.95759
09	1	1	154.22936	608.98532	225.67890	628.49592
09	2	0	469.97248	535.17292	463.99083	559.06525
09	2	1	607.36697	557.63622	581.56881	578.44535
09	3	0	606.26606	784.57749	489.72477	795.35073
09	3	1	436.28440	770.48287	297.72477	786.10114
09	4	0	1555.88073	777.73246	1367.37615	803.02121
09	4	1	1341.93578	764.95759	1148.80734	786.39804
09	5	0	493.50459	662.94617	672.51376	677.63785
09	5	1	603.15596	671.75530	784.36697	689.97064
09	6	0	1333.83486	604.04241	1262.71560	620.77814
09	6	1	1212.29358	614.17292	1118.27523	629.58728
09	7	0	1689.63303	460.39804	1809.02752	459.85155
09	7	1	1562.36697	446.74388	1647.41284	446.63785
09	8	0	225.89908	356.57749	50.64220	407.62480
09	8	1	402.48624	443.34747	191.55963	477.65742
09	9	0	695.94495	636.23002	761.35780	654.69821
09	9	1	595.10092	641.51550	682.09174	657.78140
09	10	0	296.01835	624.14845	178.75229	643.21860
09	10	1	475.68807	590.23328	341.68807	610.18434
09	11	0	451.04587	485.11093	484.54128	516.70799
09	11	1	333.90826	471.89723	366.96330	503.05383
09	12	0	327.17431	476.54160	501.25688	506.97879
09	12	1	214.00000	497.24307	393.80734	527.68026
09	13	0	914.70642	303.66069	371.47706	338.86297
09	13	1	1482.47706	48.00979	831.00917	72.23491
09	14	0	1263.73394	436.30343	981.11009	453.23165
09	14	1	1676.91743	194.86460	1360.67890	189.93475
09	15	0	459.05505	691.58728	577.68807	706.26591
09	15	1	320.33945	674.40946	472.88073	690.84992
09	16	0	838.87156	934.64927	892.11009	950.43393
09	16	1	915.93578	906.90049	973.57798	919.16150
09	17	0	557.88991	946.10114	457.98165	939.05383
09	17	1	782.91743	914.38825	664.90826	921.57749
09	18	0	1149.47706	571.49429	1167.17431	589.25612
09	18	1	1031.01835	580.74388	1069.85321	594.98206
09	19	0	287.55963	531.49429	548.88991	554.36378
09	19	1	202.12844	509.47145	465.22018	538.50734
09	20	0	403.78899	478.20718	691.86239	504.44535
09	20	1	320.55963	471.60033	618.32110	499.15987
09	21	0	506.41284	597.80261	671.01835	619.05383
09	21	1	430.66972	548.03100	605.84404	568.40131
09	22	0	640.52294	529.63785	891.72477	546.56444
09	22	1	726.83486	536.68515	971.43119	554.93312
09	23	0	773.43119	582.48124	463.48624	604.62480
09	23	1	539.59633	541.07830	230.09174	564.54323
10	0	0	1493.53211	721.88744	324.89908	713.27896
10	0	1	1572.79817	721.44698	409.88991	718.56444
10	1	0	617.88073	514.51713	307.37615	490.23165
10	1	1	373.47706	481.92333	68.25688	454.11419
10	2	0	387.29358	340.95922	296.26606	321.64927
10	2	1	557.35780	390.01468	436.74312	368.33768
10	3	0	325.84404	292.91028	194.64220	278.66069
10	3	1	445.62385	297.75530	314.42202	283.94617
10	4	0	670.89908	252.46982	444.66055	240.68352
10	4	1	511.04587	231.76835	279.08257	221.74388
10	5	0	1890.93578	264.51713	1523.53211	253.21860
10	5	1	1635.52294	194.04405	1280.44954	176.13866
10	6	0	415.49541	430.29201	358.40367	406.93475
10	6	1	533.95413	442.62480	458.80734	420.58891
10	7	0	659.93578	316.24307	592.18349	299.25612
10	7	1	766.06422	345.31321	693.02752	329.64763
10	8	0	795.81651	279.01631	667.01835	266.71778
10	8	1	894.45872	300.15824	785.03670	286.09788
10	9	0	286.59633	434.16150	255.01835	410.86297
10	9	1	371.58716	440.76835	351.01835	418.79119
10	10	0	1449.25688	337.82708	1239.10092	328.82545
10	10	1	1562.43119	318.00653	1386.18349	308.12398
10	11	0	1767.19266	444.77977	1587.99083	445.44535
10	11	1	1568.58716	430.68515	1391.58716	425.18434
10	12	0	780.45872	419.23328	652.33945	400.93475
10	12	1	909.04587	436.85155	787.53211	421.63622
10	13	0	670.10092	212.58891	683.18349	200.66232
10	13	1	518.61468	224.92170	536.54128	215.19739
10	14	0	1560.22018	104.82871	932.33945	91.17455
10	14	1	1866.27523	97.78140	1179.82569	87.65090
10	15	0	359.40367	431.22023	191.55963	405.86297
10	15	1	220.68807	457.20718	57.24771	425.68352
10	16	0	440.33028	222.29201	406.26606	213.02936
10	16	1	329.79817	179.12724	310.26606	173.82871
10	17	0	411.04587	305.96900	159.95413	290.02610
10	17	1	575.30275	254.87602	306.59633	244.65905
10	18	0	1020.09174	933.59869	443.83486	909.73246
10	18	1	922.72477	627.38499	383.15596	606.63622
10	19	0	179.22936	372.53834	216.57798	351.83850
10	19	1	201.68807	218.81892	245.27523	208.81729
10	20	0	1540.91743	626.53018	1273.89908	634.36542
10	20	1	1746.56881	615.51876	1446.96330	628.19902
10	21	0	1560.84404	382.07667	1632.88073	370.87276
10	21	1	1629.54128	390.88581	1718.31193	381.88418
10	22	0	1606.22936	132.32790	1830.16514	88.09135
10	22	1	1504.06422	127.48287	1723.15596	84.56770
10	23	0	970.05505	320.86297	930.86239	305.98206
10	23	1	245.36697	257.42251	285.31193	242.94780
10	24	0	413.73394	565.75693	392.23853	536.93148
10	24	1	602.21101	575.44698	582.03670	549.26427
10	25	0	482.49541	573.84013	159.37615	541.71941
10	25	1	823.77982	569.87602	552.18349	543.92170
10	26	0	1430.92661	438.63132	962.40367	429.53670
10	26	1	1359.58716	621.86134	709.63303	615.40946
10	27	0	601.44037	159.87765	525.17431	153.32953
10	27	1	770.54128	236.07667	699.55963	229.52855
10	28	0	1591.94495	603.62480	1475.82569	610.25612
10	28	1	1457.63303	564.86460	1319.49541	565.76998
10	29	0	1373.91743	533.06362	1072.50459	526.45840
10	29	1	1591.01835	540.99184	1297.53211	544.51713
10	30	0	1273.93578	916.15008	686.97248	914.38825
10	30	1	979.61468	834.22512	403.37615	821.89233
10	31	0	1680.44037	751.51223	779.25688	752.79772
10	31	1	1788.77064	959.40783	984.46789	955.40783
10	32	0	1075.06422	331.57749	1062.56881	317.62480
10	32	1	1229.19266	354.92170	1220.66055	341.40946
10	33	0	335.73394	271.27896	330.72477	259.02936
10	33	1	496.82569	214.44535	490.57798	213.66232
10	34	0	147.52294	296.10277	60.33028	290.44698
10	34	1	350.09174	374.50408	237.35780	360.47961
10	35	0	759.19266	706.49266	37.87156	675.42251
10	35	1	1111.88991	690.35073	414.38532	680.26754
10	36	0	1240.07339	799.86949	660.55046	791.06036
10	36	1	1530.71560	861.53344	903.63303	868.58075
10	37	0	1639.92661	783.13051	949.00000	798.44046
10	37	1	1438.23853	828.93801	658.35780	826.62969
10	38	0	891.07339	582.86949	640.39450	569.41599
10	38	1	1106.85321	626.03426	869.38532	618.74715
100	0	0	1471.11927	819.66069	366.00917	830.49429
100	0	1	1552.14679	817.89886	443.95413	828.29201
100	1	0	1105.88073	570.54160	1185.46789	574.80261
100	1	1	1202.32110	585.95759	1272.22018	590.65905
100	2	0	1185.46789	1044.76346	240.22936	1052.69168
100	2	1	792.66055	665.97064	297.74312	696.73083
100	3	0	1533.26606	231.39641	1485.72477	204.80098
100	3	1	1779.52294	324.32626	1798.89908	284.87439
100	4	0	666.23853	610.09951	721.25688	626.24470
100	4	1	452.22018	603.05220	537.18349	622.72104
100	5	0	37.87156	365.44372	303.15596	411.47798
100	5	1	124.18349	379.53834	383.30275	417.64437
100	6	0	1093.76147	528.85155	679.94495	546.32790
100	6	1	1327.15596	612.53834	819.10092	619.44372
100	7	0	1147.03670	689.91843	791.25688	700.58728
100	7	1	948.43119	579.80424	610.26606	591.79445
100	8	0	1032.64220	491.22023	694.84404	504.96900
100	8	1	854.73394	433.96085	592.67890	456.07830
100	9	0	1870.23853	933.09951	1226.65138	934.28711
100	9	1	1571.36697	754.63622	1027.60550	761.62806
100	10	0	1508.32110	764.85971	951.05505	774.50408
100	10	1	1266.55963	638.44861	700.57798	653.35237
100	11	0	764.75229	584.24470	162.05505	610.25449
100	11	1	1063.76147	578.07830	312.22018	596.15987
100	12	0	1207.83486	650.12235	645.41284	658.78956
100	12	1	969.59633	510.93801	449.00917	531.05710
100	13	0	1078.61468	698.14845	668.00917	708.46819
100	13	1	833.33028	666.43556	479.53211	684.24307
100	14	0	1482.93578	762.88744	1286.01835	770.52855
100	14	1	1673.61468	789.31485	1438.82569	798.71778
100	15	0	1721.28440	896.50245	1225.06422	911.43067
100	15	1	1445.61468	770.53181	998.44954	776.79282
100	16	0	1400.06422	538.99184	949.24771	547.65905
100	16	1	1161.02752	491.69168	786.31193	504.05383
100	17	0	1087.67890	734.00163	269.41284	743.12235
100	17	1	1245.33028	571.47308	561.98165	580.67210
100	18	0	666.58716	516.81240	27.30275	544.26427
100	18	1	805.74312	434.88744	286.23853	458.37520
100	19	0	884.01835	739.78956	511.93578	758.57586
100	19	1	1029.77982	686.49429	658.13761	701.75693
100	20	0	982.60550	787.99347	596.16514	798.68189
100	20	1	768.58716	769.05383	368.49541	778.86134
100	21	0	1059.79817	357.06852	540.00917	376.83850
100	21	1	1316.22018	380.81403	717.91743	393.13540
100	22	0	1584.82569	983.53997	950.11009	997.19413
100	22	1	1310.91743	977.81403	697.15596	985.74225
100	23	0	1121.38532	267.08157	241.88073	289.95595
100	23	1	1471.03670	380.27896	493.93578	391.48124
100	24	0	1382.33028	1028.90701	757.82569	1033.75204
100	24	1	1088.47706	969.44535	480.39450	975.61175
100	25	0	1049.04587	903.10114	579.20183	907.31158
100	25	1	1324.13761	979.57586	776.41284	984.50245
100	26	0	74.90826	524.69657	298.39450	549.56117
100	26	1	341.03670	520.05383	546.73394	543.83687
100	27	0	473.11927	578.90865	623.51376	595.50571
100	27	1	772.56881	534.86297	906.22936	550.57912
100	28	0	259.46789	505.55302	561.14679	527.62316
100	28	1	783.95413	501.01958	1034.11009	511.05383
100	29	0	481.61468	302.36378	107.88991	352.27896
100	29	1	1062.10092	394.83524	615.57798	409.62153
100	30	0	1865.39450	532.26591	1497.15596	522.53997
100	30	1	1292.11009	566.57586	974.19266	574.51387
100	31	0	981.55046	846.49266	655.61468	854.55302
100	31	1	638.00000	959.74225	22.89908	964.29853
100	32	0	584.36697	690.61175	388.28440	700.43230
100	32	1	1100.77982	728.62316	878.87156	731.95922
101	0	0	1564.88991	869.24470	296.01835	894.39641
101	0	1	1650.76147	867.48287	384.09174	897.47961
101	1	0	1675.59633	660.02936	1353.28440	682.23165
101	1	1	1827.96330	638.88744	1565.10092	662.41109
101	2	0	402.41284	618.45840	295.38532	609.46819
101	2	1	572.39450	633.43393	449.95413	625.32463
101	3	0	698.60550	537.67047	176.42202	541.71941
101	3	1	843.48624	614.75041	390.00000	618.79935
101	4	0	643.69725	847.32626	34.78899	839.73409
101	4	1	831.29358	883.00326	97.76147	882.01794
101	5	0	154.12844	612.53997	0.00000	606.42251
101	5	1	265.10092	674.20392	56.36697	642.53997
101	6	0	127.70642	297.60196	103.04587	315.32790
101	6	1	262.01835	332.83850	200.80734	346.60033
101	7	0	1656.38532	425.03915	1890.05505	417.99184
101	7	1	1536.60550	414.90865	1746.49541	405.21860
101	8	0	970.06422	355.58728	1154.97248	350.35073
101	8	1	856.44954	352.06362	1045.76147	346.82708
101	9	0	1708.62385	493.04078	1772.47706	497.54160
101	9	1	1535.11927	424.76998	1602.93578	417.81892
101	10	0	505.95413	510.34584	508.28440	507.32463
101	10	1	252.74312	354.42414	243.50459	366.51876
101	11	0	793.66972	399.88581	758.30275	405.57586
101	11	1	984.34862	376.54160	1001.38532	375.62480
101	12	0	1272.83486	199.27732	1182.88991	190.27732
101	12	1	982.47706	197.61175	863.80734	198.63948
101	13	0	799.63303	203.78956	799.07339	206.56770
101	13	1	608.51376	145.20881	599.49541	153.07667
101	14	0	34.78899	323.94454	278.45872	340.51713
101	14	1	276.55046	316.01631	466.05505	325.10114
101	15	0	220.32110	211.50571	472.16514	230.20881
101	15	1	416.64220	189.63622	625.85321	202.01958
101	16	0	931.16514	337.30179	1041.02752	330.06362
101	16	1	1176.88991	308.67210	1299.96330	296.58891
101	17	0	320.78899	243.76672	514.27523	255.94454
101	17	1	551.98165	233.63622	714.20183	235.68352
101	18	0	504.58716	406.06688	570.50459	409.82708
101	18	1	778.05505	402.54323	822.39450	403.66069
101	19	0	489.68807	315.36705	767.98165	313.46656
101	19	1	627.88991	315.57749	889.96330	309.50245
101	20	0	842.56881	370.86134	1095.99083	363.57259
101	20	1	988.53211	377.51713	1240.87156	367.09625
101	21	0	1026.87156	253.13377	1310.53211	241.37031
101	21	1	1186.28440	253.13377	1472.58716	232.56117
101	22	0	1267.31193	334.17781	1521.02752	327.69984
101	22	1	1425.84404	342.10604	1689.24771	324.17618
101	23	0	1044.12844	241.37031	1159.81651	228.15661
101	23	1	1226.44037	236.96574	1304.25688	220.22838
101	24	0	1132.20183	374.38825	1258.45872	374.38825
101	24	1	1300.42202	388.48287	1419.63303	386.72104
101	25	0	848.15596	384.75041	1035.22018	385.72594
101	25	1	1020.77982	376.82219	1202.55963	369.86949
101	26	0	1155.53211	201.52039	1448.80734	174.42088
101	26	1	1310.54128	190.94943	1611.74312	159.44535
101	27	0	300.33028	352.20228	628.78899	353.13051
101	27	1	420.11009	366.29690	731.83486	365.46330
101	28	0	103.92661	268.67863	424.99083	284.53507
101	28	1	246.60550	273.08320	537.72477	283.65416
101	29	0	742.41284	179.70636	864.67890	183.23002
101	29	1	949.38532	185.87276	1042.58716	178.82545
101	30	0	1335.19266	147.11256	1343.11927	125.97064
101	30	1	1628.47706	87.21044	1627.59633	45.80750
101	31	0	1421.50459	271.32137	1505.17431	256.34584
101	31	1	1650.49541	264.27406	1747.37615	239.60848
101	32	0	452.20183	142.70799	713.98165	155.92170
101	32	1	579.90826	121.56607	816.14679	125.97064
101	33	0	999.76147	276.44046	1125.75229	267.39315
101	33	1	1184.71560	272.03589	1308.06422	259.46493
101	34	0	940.75229	294.93964	1128.39450	287.65416
101	34	1	791.90826	288.77325	986.59633	284.13051
101	35	0	1026.18349	228.87113	1255.22018	216.30016
101	35	1	1157.41284	233.27569	1379.40367	212.77651
102	0	0	1535.91743	870.57749	276.03670	895.43556
102	0	1	1624.43119	870.57749	365.87156	899.84013
102	1	0	316.61468	747.33931	325.71560	720.26754
102	1	1	453.56881	743.37520	452.10092	723.79119
102	2	0	1660.77064	616.32790	1839.85321	640.69494
102	2	1	1545.39450	555.54486	1691.00917	566.25775
102	3	0	1334.07339	635.60033	1354.59633	649.82708
102	3	1	1448.56881	608.73246	1454.11927	618.99511
102	4	0	1662.26606	173.30343	1610.06422	152.35073
102	4	1	1592.24771	179.02936	1574.39450	157.19576
102	5	0	735.66055	374.25285	506.83486	384.33931
102	5	1	879.22018	395.39478	681.22018	400.19576
102	6	0	1033.29358	382.52855	1024.76147	383.36215
102	6	1	1116.52294	385.61175	1137.05505	383.80261
102	7	0	1682.20183	376.77814	1620.55046	382.23002
102	7	1	1804.18349	371.05220	1768.51376	369.89723
102	8	0	816.44037	447.81403	600.54128	450.77651
102	8	1	903.63303	468.51550	720.32110	472.35889
102	9	0	1309.73394	510.06199	1291.11927	514.55302
102	9	1	1428.19266	473.94454	1417.50459	475.35237
102	10	0	872.35780	764.20392	633.60550	761.46982
102	10	1	752.57798	728.08646	545.97248	722.70962
102	11	0	1427.11009	745.46819	1241.33945	762.58891
102	11	1	1504.61468	726.52855	1368.16514	748.93475
102	12	0	806.57798	409.98369	621.22936	415.93312
102	12	1	919.31193	432.44698	752.89908	434.43230
102	13	0	1212.94495	542.76672	1204.84404	547.84829
102	13	1	1330.08257	536.60033	1332.11009	541.24144
102	14	0	1213.00917	281.93475	863.78899	287.81403
102	14	1	1319.57798	377.07341	1027.16514	383.39315
102	15	0	450.97248	561.58401	395.34862	555.18271
102	15	1	562.82569	555.85808	510.28440	552.53997
102	16	0	616.11009	472.61175	560.92661	473.25775
102	16	1	708.58716	498.59869	661.77064	497.48287
102	17	0	638.12844	372.18760	519.68807	377.77977
102	17	1	768.47706	400.37684	661.92661	402.88581
102	18	0	672.03670	325.49918	668.97248	327.56770
102	18	1	787.41284	351.04568	783.46789	352.67374
102	19	0	1080.05505	428.37520	952.70642	431.11093
102	19	1	1142.58716	444.67210	1039.01835	443.88418
102	20	0	511.19266	107.47145	444.37615	128.17292
102	20	1	606.75229	127.29201	550.50459	143.58891
102	21	0	895.50459	561.63785	876.77064	558.01794
102	21	1	980.05505	586.30343	984.22018	583.56444
102	22	0	571.95413	498.75530	569.27523	496.56444
102	22	1	675.44037	483.33931	685.53211	481.14845
102	23	0	373.40367	475.69657	277.98165	475.64927
102	23	1	511.23853	496.39804	425.94495	495.46982
102	24	0	844.37615	515.39641	654.00917	518.95759
102	24	1	966.79817	514.95595	805.05505	516.31485
102	25	0	1052.06422	293.49266	722.07339	301.48124
102	25	1	1209.71560	311.11093	903.50459	313.81403
102	26	0	1266.46789	465.68189	989.66972	474.51713
102	26	1	1405.39450	531.74062	1164.05505	540.14519
102	27	0	613.26606	604.72104	571.13761	599.68515
102	27	1	743.61468	638.19576	713.81651	633.60033
102	28	0	751.98165	676.07504	642.47706	668.79282
102	28	1	925.93578	728.98206	797.92661	726.93312
102	29	0	1238.96330	131.25612	647.29358	144.02936
102	29	1	1420.34862	73.99674	868.35780	79.72268
102	30	0	1518.48624	253.42251	1694.09174	232.45840
102	30	1	1424.68807	278.08809	1592.80734	264.17129
102	31	0	317.12844	805.31485	194.20183	776.55302
102	31	1	435.58716	796.94617	327.19266	773.46982
102	32	0	627.06422	339.33931	217.58716	354.02936
102	32	1	847.24771	461.78630	347.12844	474.63295
102	33	0	1836.33028	453.24470	1335.22018	474.13540
102	33	1	1576.95413	400.38989	1029.70642	415.49429
102	34	0	1014.60550	461.59869	288.03670	478.89886
102	34	1	1318.29358	472.23165	432.91743	490.35073
102	35	0	379.42202	366.89886	178.78899	377.34095
102	35	1	581.99083	407.86134	392.36697	413.89886
102	36	0	708.39450	120.68515	553.00917	132.82871
102	36	1	780.17431	183.23002	659.13761	194.05220
102	37	0	1332.89908	667.55139	1136.31193	680.66069
102	37	1	1434.62385	692.21697	1286.03670	711.05220
102	38	0	1742.97248	666.90865	1713.90826	692.89723
102	38	1	1608.22018	634.31485	1599.85321	655.45840
102	39	0	1304.78899	349.59054	941.03670	353.20881
102	39	1	1424.12844	372.49429	1113.66055	374.79119
102	40	0	1308.31193	443.84829	1068.74312	450.54976
102	40	1	1447.02752	461.02610	1248.45872	466.94454
102	41	0	1721.83486	210.52855	1379.11927	206.81566
102	41	1	1842.05505	247.52692	1545.13761	241.61175
102	42	0	1164.29358	197.94617	833.79817	203.98206
102	42	1	1278.78899	231.86134	994.97248	232.61175
102	43	0	1347.06422	471.05383	1066.97248	479.32953
102	43	1	1551.83486	504.96900	1249.72477	513.68515
102	44	0	583.72477	839.62153	318.93578	822.36052
102	44	1	709.66972	707.48450	454.56881	700.79445
102	45	0	834.38532	210.44535	470.85321	224.81566
102	45	1	975.74312	251.40783	645.67890	260.93312
102	46	0	1500.03670	421.17129	1539.19266	422.79119
102	46	1	1587.66972	425.13540	1632.99083	424.99347
102	47	0	1000.88073	203.62480	727.51376	210.05220
102	47	1	1316.78899	249.24144	1102.17431	246.89886
102	48	0	395.77982	306.31485	235.59633	317.71941
102	48	1	579.85321	342.87276	496.19266	350.81077
102	49	0	1087.19266	538.39804	520.82569	543.52855
102	49	1	1695.01835	589.23980	1058.84404	615.76672
102	50	0	326.60550	385.25449	186.50459	391.38336
102	50	1	526.09174	353.54160	452.92661	360.99184
102	51	0	1081.31193	566.19413	634.23853	575.24144
102	51	1	1317.78899	518.62480	852.22018	529.87439
102	52	0	1687.92661	584.94617	1809.46789	599.56444
102	52	1	1570.78899	577.45840	1689.24771	592.07667
102	53	0	634.00917	406.14845	836.31193	404.20718
102	53	1	714.59633	405.26754	907.65138	399.36215
102	54	0	1063.45872	433.11256	1238.55046	432.96900
102	54	1	1140.96330	437.95759	1309.88991	439.13540
102	55	0	902.40367	375.95759	1153.14679	365.88744
102	55	1	993.55963	382.12398	1241.66055	373.37520
102	56	0	1018.36697	573.74388	902.11927	576.48124
102	56	1	1190.11009	559.64927	1106.00917	565.02936
102	57	0	1503.83486	345.56444	1763.66972	333.24307
102	57	1	1633.74312	359.21860	1873.32110	335.44535
102	58	0	894.72477	509.81566	1124.26606	505.37357
102	58	1	997.77064	484.70962	1242.72477	479.38662
102	59	0	1652.19266	665.66069	1781.28440	687.18434
102	59	1	1516.55963	722.47961	1634.20183	750.16966
102	60	0	1090.73394	395.20555	943.34862	397.63458
102	60	1	940.12844	357.76672	835.89908	360.63622
102	61	0	1633.32110	382.23165	1422.24771	384.04078
102	61	1	1849.98165	395.44535	1582.54128	402.53997
102	62	0	1566.38532	552.48287	1846.45872	580.08972
102	62	1	1803.74312	626.47961	1591.48624	557.62643
102	63	0	1795.37615	558.15987	1823.55963	576.17129
102	63	1	1543.92661	548.02936	1572.11009	556.35073
103	0	0	273.51376	798.42251	99.52294	809.00489
103	0	1	337.80734	749.53181	155.88991	764.95922
103	1	0	1523.87156	521.70799	1274.76147	525.42088
103	1	1	1763.66972	530.45677	1430.21101	532.90865
103	2	0	1549.68807	300.87113	1228.96330	298.18271
103	2	1	1732.44037	167.41272	1449.58716	144.02284
103	3	0	270.66972	348.14845	109.65138	399.46003
103	3	1	503.62385	414.65742	334.67890	450.11256
103	4	0	721.82569	82.36542	515.35780	128.61338
103	4	1	836.76147	99.10277	688.86239	130.37520
103	5	0	1227.49541	166.05220	973.00917	177.50408
103	5	1	1410.24771	144.46982	1200.23853	139.18434
103	6	0	1513.98165	367.74062	1393.27523	359.99184
103	6	1	1706.86239	321.93312	1573.82569	304.49429
103	7	0	1486.04587	267.40620	1393.01835	255.13703
103	7	1	1611.74312	278.17129	1539.22018	259.10114
103	8	0	365.85321	162.82708	218.85321	224.44698
103	8	1	529.22936	226.25285	387.07339	273.77814
103	9	0	1058.68807	233.25612	1118.80734	240.63458
103	9	1	939.78899	215.19739	995.06422	232.26591
103	10	0	1180.48624	136.54160	1192.90826	133.89886
103	10	1	1097.69725	63.42577	1103.95413	66.06852
103	11	0	816.33945	80.60359	814.49541	114.95922
103	11	1	708.44954	91.17455	698.23853	131.25612
103	12	0	1745.61468	116.28059	1773.35780	59.02121
103	12	1	1619.22936	131.69657	1617.90826	88.53181
103	13	0	944.61468	52.41436	922.15596	56.37847
103	13	1	1076.72477	39.64111	1046.77982	48.89070
103	14	0	978.52294	82.80587	853.01835	103.94780
103	14	1	1124.72477	85.00816	993.93578	93.81729
103	15	0	1145.95413	192.14845	1243.10092	191.06362
103	15	1	1236.66972	215.49266	1337.77982	204.71778
103	16	0	1532.88991	224.49103	1613.50459	193.25449
103	16	1	1612.59633	180.00489	1727.55963	134.23328
103	17	0	1325.91743	128.17292	1352.65138	110.99511
103	17	1	1432.48624	92.93638	1471.99083	60.78303
103	18	0	1396.74312	131.29201	1344.66972	112.31648
103	18	1	1519.16514	177.53997	1496.15596	151.51713
103	19	0	911.50459	27.30832	840.79817	54.17618
103	19	1	1022.03670	100.86460	965.86239	114.95922
103	20	0	1267.44037	446.96900	1180.06422	457.79119
103	20	1	1376.21101	451.37357	1284.87156	454.26754
103	21	0	1137.02752	309.88581	972.35780	321.54160
103	21	1	1293.79817	314.29038	1147.18349	318.89886
103	22	0	1540.22018	21.14192	1075.33945	18.05873
103	22	1	1663.96330	68.27080	1260.29358	51.97390
103	23	0	1764.11009	482.99184	1590.66055	479.43230
103	23	1	1636.40367	448.19576	1484.09174	444.19576
103	24	0	894.15596	210.19413	706.95413	239.11256
103	24	1	1043.88073	213.27732	857.55963	231.18434
103	25	0	497.02752	816.39804	224.58716	853.63622
103	25	1	958.23853	974.29038	452.78899	990.14682
103	26	0	956.47706	976.05220	452.33945	990.58728
103	26	1	1429.51376	947.74388	1041.95413	975.61175
103	27	0	1345.24771	295.10114	1163.61468	294.36378
103	27	1	1524.91743	327.69494	1321.26606	317.70799
103	28	0	48.00000	89.41272	303.68807	181.17129
103	28	1	322.78899	92.93638	543.68807	160.46982
103	29	0	983.90826	658.74388	883.61468	676.89723
103	29	1	1267.94495	710.27732	1150.01835	732.49429
103	30	0	1427.79817	226.20718	1547.88991	201.73083
103	30	1	1660.31193	245.14682	1868.47706	185.43393
103	31	0	433.22936	539.23002	349.65138	571.72920
103	31	1	200.27523	488.13703	156.33028	525.04078
103	32	0	927.22936	893.75530	604.93578	902.18271
103	32	1	1203.63303	839.67047	890.99083	868.74225
103	33	0	882.29358	312.29038	925.57798	332.36215
103	33	1	976.53211	313.17129	1037.43119	325.31485
103	34	0	642.45872	313.50571	717.22936	344.11256
103	34	1	744.62385	320.99347	814.99083	344.11256
103	35	0	754.82569	448.15987	654.70642	477.11256
103	35	1	904.99083	498.81240	820.28440	517.63458
103	36	0	979.45872	299.67047	963.51376	312.68026
103	36	1	1110.24771	263.11256	1103.99083	272.15824
103	37	0	1762.78899	380.22675	1880.36697	355.64927
103	37	1	1668.55046	345.87113	1798.45872	306.75856
103	38	0	114.05505	417.84992	26.42202	463.28059
103	38	1	339.96330	454.40783	215.33945	494.55302
103	39	0	1254.40367	159.44535	1433.01835	137.42251
103	39	1	1357.00917	151.51713	1561.60550	118.04241
103	40	0	1463.12844	211.31321	1657.77982	175.43393
103	40	1	1541.95413	200.30179	1749.37615	151.64927
103	41	0	975.68807	526.15661	947.59633	540.20555
103	41	1	1085.33945	412.95922	1064.73394	423.48450
103	42	0	1494.64220	384.27732	1419.29358	376.84829
103	42	1	1655.37615	347.27896	1612.17431	330.15987
103	43	0	935.63303	450.89886	828.44037	467.76835
103	43	1	1106.29358	493.17292	1004.58716	504.76672
103	44	0	1030.73394	129.05383	851.61468	144.46982
103	44	1	902.14679	127.73246	683.39450	156.36215
103	45	0	220.89908	434.54160	9.24771	475.55302
103	45	1	478.95413	463.61175	254.97248	490.08809
103	46	0	1440.89908	359.57423	453.36697	382.56444
103	46	1	1809.46789	261.48287	942.88073	264.79935
103	47	0	893.26606	727.90701	679.88073	747.14519
103	47	1	769.52294	557.89070	604.57798	580.21207
103	48	0	1080.66972	453.83524	899.00000	467.57586
103	48	1	1164.33945	280.73573	972.98165	286.40946
103	49	0	549.66972	405.07667	541.44037	433.61338
103	49	1	720.53211	380.41109	700.85321	404.98369
103	50	0	1185.95413	356.44535	1153.62385	359.07667
103	50	1	1567.55046	329.61990	1538.94495	309.74551
103	51	0	419.56881	171.77814	576.54128	227.31485
103	51	1	332.81651	162.96900	506.96330	222.02936
103	52	0	896.96330	122.88744	1098.08257	136.54160
103	52	1	826.06422	108.35237	1031.58716	127.73246
103	53	0	1163.38532	396.61175	1165.65138	398.66069
103	53	1	1040.08257	404.09951	1058.20183	414.51713
103	54	0	402.45872	737.25449	165.13761	761.21860
103	54	1	606.34862	728.44535	478.71560	747.04078
103	55	0	1409.38532	699.31485	1099.09174	718.39641
103	55	1	1853.50459	744.08809	1506.31193	767.91843
103	56	0	813.32110	622.91354	599.54128	641.92170
103	56	1	1162.22936	636.62153	957.20183	651.88581
103	57	0	1078.81651	241.46982	1356.68807	236.22838
103	57	1	1414.92661	233.68026	1727.33028	192.29201
103	58	0	932.52294	375.61011	1016.04587	374.05220
103	58	1	1434.84404	442.34095	1435.30275	438.36378
103	59	0	1051.59633	861.53344	563.22936	875.60033
103	59	1	1418.00917	560.67210	1284.50459	563.49103
104	0	0	318.82569	828.05873	1514.86239	801.63132
104	0	1	406.89908	822.77325	1625.83486	810.44046
104	1	0	1608.89908	654.30179	1856.58716	639.45514
104	1	1	1396.20183	587.35237	1658.42202	575.14845
104	2	0	429.84404	706.75204	656.18349	689.91028
104	2	1	573.84404	654.77814	808.99083	637.05546
104	3	0	109.21101	614.64763	102.16514	590.51713
104	3	1	206.53211	606.71941	221.50459	582.58891
104	4	0	1203.94495	692.07830	1441.04587	674.34747
104	4	1	1111.02752	661.68679	1304.53211	643.51550
104	5	0	1202.47706	600.44372	1013.62385	586.89886
104	5	1	1118.36697	602.64600	944.20183	568.94617
104	6	0	405.41284	769.19576	423.20183	759.71941
104	6	1	482.03670	743.20881	517.00000	732.41109
104	7	0	315.58716	671.51550	521.35780	653.78793
104	7	1	414.66972	653.89723	657.43119	638.37194
104	8	0	254.53211	693.38662	249.00000	680.95759
104	8	1	349.21101	729.06362	343.67890	720.15824
104	9	0	702.31193	472.29201	872.14679	450.39804
104	9	1	611.59633	528.67047	767.33945	506.33605
104	10	0	1222.74312	239.02610	1785.68807	236.77814
104	10	1	1314.11927	398.87439	1853.83486	392.17618
104	11	0	1563.25688	685.51550	1774.23853	663.78956
104	11	1	1392.39450	668.33768	1669.87156	655.86134
104	12	0	759.98165	412.84992	1180.40367	393.00816
104	12	1	900.01835	453.37194	1272.00000	438.81566
104	13	0	1144.19266	244.65905	1505.98165	241.92333
104	13	1	1071.97248	256.99184	1368.58716	248.97064
104	14	0	338.57798	604.70636	395.09174	586.22023
104	14	1	473.33028	597.65905	523.67890	561.55465
104	15	0	472.96330	683.26754	643.39450	665.64600
104	15	1	589.22018	635.25775	752.16514	615.43393
104	16	0	997.11927	631.37520	1166.16514	615.08972
104	16	1	1105.44954	687.75367	1267.00917	669.26591
104	17	0	900.61468	851.19902	1139.00000	834.58891
104	17	1	972.39450	893.92333	1213.42202	874.67047
104	18	0	1442.92661	630.26754	1411.93578	614.65905
104	18	1	1355.73394	598.55465	1339.71560	584.70799
104	19	0	1809.46789	555.17129	1903.70642	546.21860
104	19	1	1622.75229	608.46656	1753.98165	593.78793
104	20	0	1009.26606	508.92496	969.13761	492.87602
104	20	1	1096.45872	556.05383	1067.77982	540.44535
104	21	0	913.22018	607.94454	1136.06422	590.52855
104	21	1	811.49541	617.19413	1017.16514	599.77814
104	22	0	1299.38532	420.44535	1642.13761	411.82708
104	22	1	1339.56881	532.37357	1632.88991	520.61990
104	23	0	443.81651	203.04078	624.00000	156.36215
104	23	1	536.73394	270.87113	678.16514	224.19250
104	24	0	564.67890	267.97879	630.59633	229.42251
104	24	1	661.55963	290.00163	709.86239	257.61175
104	25	0	955.06422	721.30016	1061.91743	704.16150
104	25	1	1045.77982	706.76509	1153.95413	692.26917
104	26	0	1025.06422	647.25449	754.18349	631.88581
104	26	1	965.17431	630.51713	697.37615	616.02936
104	27	0	142.67890	703.63622	291.04587	689.68515
104	27	1	253.65138	767.94290	450.45872	761.03915
104	28	0	1424.53211	665.24307	1402.40367	649.33931
104	28	1	1504.67890	634.85155	1471.54128	619.82871
104	29	0	87.19266	633.19413	120.22018	613.32626
104	29	1	262.45872	656.53834	328.07339	636.23002
104	30	0	516.37615	743.06362	533.44954	733.24307
104	30	1	621.62385	737.77814	637.81651	721.35073
104	31	0	1799.77982	869.35073	1779.52294	830.53997
104	31	1	1911.63303	862.74388	1886.09174	820.84992
104	32	0	1253.96330	970.74225	1433.41284	941.98206
104	32	1	1305.48624	970.74225	1468.20183	938.89886
104	33	0	565.16514	269.56444	669.88991	236.26591
104	33	1	904.00000	322.13214	1033.19266	303.65579
104	34	0	1306.64220	617.64600	1377.58716	599.91843
104	34	1	1598.16514	612.36052	1614.06422	598.15661
104	35	0	365.34862	801.70473	648.79817	792.09951
104	35	1	566.36697	911.43393	812.24771	897.63132
104	36	0	1253.18349	805.56607	1627.57798	781.57586
104	36	1	1372.08257	864.58728	1812.11009	840.76509
104	37	0	775.32110	535.50734	863.16514	516.38662
104	37	1	911.39450	601.13540	993.95413	585.97879
105	0	0	1157.78899	712.67374	725.72477	734.68189
105	0	1	1124.76147	570.66069	727.48624	588.45024
105	1	0	357.85321	671.37357	647.80734	678.12398
105	1	1	237.19266	634.81566	569.42202	659.18434
105	2	0	525.45872	847.15987	287.02752	859.50571
105	2	1	1645.40367	852.00326	1310.44954	870.23165
105	3	0	825.10092	563.46656	826.82569	582.53997
105	3	1	1091.96330	570.51387	1089.28440	585.62316
105	4	0	432.55963	616.66069	210.93578	638.35073
105	4	1	748.93578	632.32463	556.33028	646.42251
105	5	0	1393.75229	628.93312	1302.25688	643.95595
105	5	1	1249.75229	618.80261	1144.60550	634.26591
105	6	0	491.29358	638.48613	298.02752	656.68352
105	6	1	1368.66055	928.48287	1086.55046	950.94617
105	7	0	1265.61468	969.00489	782.85321	986.18271
105	7	1	1067.88991	931.12561	490.00917	947.42251
105	8	0	1597.64220	820.70799	1216.82569	840.01468
105	8	1	1895.77982	859.51713	1437.88991	884.50082
105	9	0	1417.44954	495.18434	941.30275	511.12235
105	9	1	1170.84404	455.98369	655.57798	470.37520
105	10	0	1109.01835	580.25122	692.04587	601.79119
105	10	1	850.08257	511.53997	427.25688	534.00489
105	11	0	826.09174	543.15334	320.47706	568.14682
105	11	1	1084.58716	651.50571	604.57798	668.52855
105	12	0	1506.04587	747.95595	1294.60550	772.15008
105	12	1	1295.99083	737.38499	1074.86239	752.32953
105	13	0	1104.44037	755.06036	582.96330	773.94454
105	13	1	904.51376	622.92333	312.23853	649.78140
105	14	0	979.41284	927.93312	92.81651	962.39804
105	14	1	1275.22936	1017.45514	520.59633	1031.99021
105	15	0	672.01835	611.46166	99.08257	630.20881
105	15	1	958.59633	760.38662	412.11009	776.94617
105	16	0	561.92661	509.67047	38.18349	541.58891
105	16	1	830.99083	567.81077	317.81651	594.44372
105	17	0	857.82569	762.54160	357.66972	782.21533
105	17	1	654.37615	662.11746	130.88073	697.64763
105	18	0	1336.17431	780.01468	949.91743	799.56770
105	18	1	1623.96330	850.65905	1239.23853	872.24307
105	19	0	1122.10092	523.61011	683.78899	540.00489
105	19	1	903.67890	578.66721	440.26606	593.30016
105	20	0	1368.97248	692.13377	769.67890	714.30179
105	20	1	1069.96330	603.16150	457.33945	620.77977
105	21	0	1556.44037	721.24144	1314.74312	738.90865
105	21	1	1815.37615	704.94454	1593.49541	718.64763
105	22	0	560.89908	683.36052	284.62385	700.83850
105	22	1	674.51376	648.12398	464.29358	668.68515
105	23	0	1063.94495	688.69494	661.87156	712.09788
105	23	1	834.51376	593.11582	421.27523	614.35073
105	24	0	1607.77982	699.89886	1320.34862	713.12561
105	24	1	1790.53211	703.86297	1535.24771	717.53018
105	25	0	918.21101	402.48124	454.61468	427.97879
105	25	1	1179.34862	371.64927	688.00917	388.33768
105	26	0	923.98165	476.44372	578.72477	496.84013
105	26	1	732.52294	493.51876	356.66972	516.92333
105	27	0	1328.45872	776.09951	1262.72477	795.64600
105	27	1	957.51376	725.12724	908.63303	742.38662
105	28	0	779.72477	867.77977	556.21101	880.34910
105	28	1	1189.45872	927.44535	883.26606	946.23165
105	29	0	1367.69725	575.73246	1767.19266	580.68515
105	29	1	1272.13761	573.97064	1640.36697	584.20881
105	30	0	1355.20183	670.92333	1768.07339	689.24307
105	30	1	1297.07339	658.59054	1696.73394	678.23165
105	31	0	560.07339	580.33931	785.70642	596.79119
105	31	1	951.04587	563.20392	1130.07339	576.08972
105	32	0	349.50459	630.44535	575.41284	645.23165
105	32	1	794.11927	632.15824	929.02752	649.44535
107	0	0	1482.18349	800.18597	475.57798	817.31648
107	0	1	1625.30275	831.89886	350.07339	853.43393
107	1	0	203.84404	640.93801	277.52294	619.00489
107	1	1	73.93578	799.94290	152.80734	753.63458
107	2	0	1389.22018	904.98369	1497.67890	930.45677
107	2	1	1255.34862	967.52855	1348.39450	989.91843
107	3	0	1698.93578	824.74225	1148.91743	854.69494
107	3	1	1700.25688	495.53181	1171.18349	503.63458
107	4	0	1340.86239	775.86297	1482.56881	790.74388
107	4	1	1308.27523	885.09625	1433.24771	904.82219
107	5	0	953.30275	133.89886	629.56881	137.86297
107	5	1	1198.58716	175.74225	827.29358	174.86134
108	0	0	1340.47706	769.91843	660.55046	799.86949
108	0	1	1638.16514	535.59543	1032.22018	556.73736
108	1	0	871.38532	960.19576	636.84404	972.08809
108	1	1	592.20183	1068.10767	256.40367	1065.02447
108	2	0	771.88073	787.06525	530.16514	799.19250
108	2	1	519.74312	747.27732	260.69725	759.27732
108	3	0	1518.73394	649.74225	1437.04587	669.47145
108	3	1	1318.36697	636.52855	1263.10092	656.69821
108	4	0	1198.88073	646.22023	984.13761	663.05383
108	4	1	987.94495	641.81566	829.12844	659.97064
108	5	0	1006.88991	690.07504	894.99083	705.82545
108	5	1	700.53211	698.38499	556.28440	713.36215
108	6	0	861.58716	709.35073	735.94495	725.30506
108	6	1	1063.71560	694.81566	944.53211	712.33442
108	7	0	14.97248	736.86297	88.95413	740.09951
108	7	1	546.88073	738.86949	504.00000	747.65905
108	8	0	181.43119	715.95432	207.74312	723.00489
108	8	1	496.17431	684.24144	453.90826	710.67210
108	9	0	1595.83486	763.62316	1348.02752	788.13703
108	9	1	1391.94495	764.50408	1182.00917	792.10114
108	10	0	1623.57798	703.28059	1505.67890	728.67537
108	10	1	1442.14679	672.00816	1345.82569	689.91517
108	11	0	373.85321	582.20718	630.51376	600.51713
108	11	1	281.37615	577.36215	549.48624	593.46982
108	12	0	523.58716	629.56444	660.11009	645.76672
108	12	1	298.11927	608.86297	465.86239	622.67047
108	13	0	1790.53211	685.85155	1550.47706	706.89723
108	13	1	1455.41284	734.74225	1191.79817	759.18597
108	14	0	1617.85321	544.26754	1690.85321	558.02936
108	14	1	1429.81651	590.51550	1453.93578	607.36052
108	15	0	1414.14679	631.93475	1411.55046	649.33768
108	15	1	1176.78899	680.38499	1112.02752	697.37520
108	16	0	1250.55963	655.18271	747.32110	676.69657
108	16	1	714.86239	670.29201	255.88073	689.48287
108	17	0	796.17431	558.17129	522.33945	579.30179
108	17	1	375.97248	598.94454	91.15596	625.41109
108	18	0	604.78899	586.02936	424.31193	608.68515
108	18	1	237.01835	640.18434	56.80734	662.27732
108	19	0	1401.90826	733.71941	1375.58716	753.75367
108	19	1	554.44037	854.25612	300.23853	869.33931
108	20	0	1366.89908	1050.04894	908.91743	1074.71452
108	20	1	341.72477	690.63622	47.55963	701.20718
108	21	0	1248.43119	668.97064	762.71560	683.58891
108	21	1	461.50459	472.16966	167.33945	510.92985
108	22	0	1185.23853	587.49429	1611.22018	597.76835
108	22	1	1144.72477	583.97064	1569.82569	593.36378
109	0	0	456.20183	824.25612	1469.25688	814.32626
109	0	1	373.41284	826.89886	1552.92661	813.44535
109	1	0	69.57798	663.68352	77.06422	649.11093
109	1	1	225.90826	629.76835	254.97248	609.46982
109	2	0	530.42202	705.79119	683.00917	695.99347
109	2	1	640.51376	697.86297	828.33028	683.22023
109	3	0	1759.26606	566.20881	1632.00000	568.89886
109	3	1	1874.20183	565.32790	1735.48624	570.22023
109	4	0	1461.57798	693.48124	1683.52294	687.87602
109	4	1	1620.55046	723.87276	1879.04587	712.54160
109	5	0	1657.10092	501.74388	1384.11927	508.40946
109	5	1	1730.64220	495.57749	1442.24771	503.12398
109	6	0	1778.64220	488.08972	1443.12844	497.83850
109	6	1	1845.13761	488.08972	1495.09174	498.27896
109	7	0	366.92661	616.76835	239.44037	600.99347
109	7	1	455.88073	596.50734	340.72477	578.08972
109	8	0	288.45872	613.68679	21.13761	595.81403
109	8	1	364.20183	601.79445	118.45872	583.92170
109	9	0	167.77982	702.24307	260.31193	693.98206
109	9	1	260.25688	698.27896	384.49541	688.69657
109	10	0	947.57798	695.24307	1034.07339	687.75367
109	10	1	1060.31193	687.75530	1140.20183	675.42088
109	11	0	1014.49541	599.62153	864.44954	587.76835
109	11	1	1075.70642	594.77651	928.74312	585.56607
109	12	0	1768.07339	608.63622	1613.20183	608.81403
109	12	1	1883.88991	595.86297	1704.35780	596.92170
109	13	0	1540.81651	779.19576	1671.33028	768.80261
109	13	1	1088.56881	760.00653	1274.85321	748.54976
109	14	0	1297.20183	635.98206	1274.85321	629.98206
109	14	1	1026.27523	643.13703	1006.66972	632.62480
109	15	0	504.29358	651.05220	909.28440	627.51713
109	15	1	978.95413	618.23165	1371.42202	611.81566
109	16	0	1456.64220	744.11093	1488.89908	736.37357
109	16	1	1702.80734	779.78793	1681.77982	761.92007
109	17	0	736.61468	858.18108	1262.97248	852.72431
109	17	1	636.65138	603.68515	729.24771	590.21207
109	18	0	624.77982	720.60033	680.36697	709.36215
109	18	1	741.91743	680.95922	819.96330	672.36378
109	19	0	1441.81651	521.61338	1219.05505	522.96900
109	19	1	1514.47706	518.53018	1292.15596	518.56444
109	20	0	414.11927	582.78956	304.88073	561.11256
109	20	1	510.55963	561.20718	424.22018	538.20881
109	21	0	1274.80734	568.29201	1424.92661	565.40946
109	21	1	1126.40367	553.31648	1297.66055	545.58891
109	22	0	54.16514	532.17129	176.41284	498.75530
109	22	1	223.26606	466.10277	341.55046	428.28222
109	23	0	1055.55046	732.45677	1478.31193	728.40131
109	23	1	1326.37615	732.45677	1728.88073	723.55628
109	24	0	837.50459	675.88418	1169.92661	663.94454
109	24	1	1035.66972	611.57749	1388.34862	601.39967
109	25	0	861.32110	586.26591	1002.93578	573.14682
109	25	1	738.45872	499.05546	868.18349	485.05546
109	26	0	214.38532	365.27732	236.56881	315.70636
109	26	1	353.98165	341.49266	399.94495	298.08809
109	27	0	529.76147	426.71778	899.11927	400.86297
109	27	1	665.83486	321.88907	952.84404	298.67700
109	28	0	841.98165	714.98042	821.27523	708.42251
109	28	1	921.68807	722.90865	913.31193	714.14845
109	29	0	786.00000	133.89886	862.29358	113.63785
109	29	1	889.48624	243.13214	965.77982	234.76346
109	30	0	1890.05505	345.51713	1463.52294	375.70799
109	30	1	1737.24771	328.33931	1343.74312	355.44698
109	31	0	375.67890	651.12398	323.66972	638.73083
109	31	1	609.07339	648.04078	557.50459	634.76672
109	32	0	1215.59633	822.20392	1539.83486	809.87439
109	32	1	1617.65138	766.70636	1839.41284	756.32790
109	33	0	1314.05505	949.62480	1776.44037	927.48940
109	33	1	800.27523	1068.10767	1460.06422	1063.70310
109	34	0	1271.98165	677.78140	1451.00000	671.32953
109	34	1	1761.66055	736.27732	1903.70642	737.06362
109	35	0	1735.92661	735.71941	1904.14679	726.44535
109	35	1	1276.66055	654.19413	1382.37615	654.44535
11	0	0	1404.22018	845.35237	408.00000	859.35237
11	0	1	1536.33028	876.18434	278.53211	895.46982
11	1	0	1213.12844	1079.55954	709.43119	1079.55954
11	1	1	437.16514	910.50734	40.07339	884.12398
11	2	0	493.97248	1024.06199	16.73394	997.19413
11	2	1	729.07339	785.49266	396.08257	772.43556
11	3	0	23.77982	554.17781	185.83486	535.98858
11	3	1	155.00917	545.36868	308.25688	527.17945
11	4	0	357.51376	802.86786	145.32110	771.03426
11	4	1	574.17431	781.72594	365.50459	756.05873
11	5	0	570.71560	549.17781	282.71560	546.51060
11	5	1	937.98165	543.89233	625.32110	546.51060
11	6	0	1671.47706	679.49429	1006.15596	690.32790
11	6	1	1489.16514	793.57259	720.17431	791.77977
11	7	0	1420.95413	574.55302	961.14679	582.30179
11	7	1	1702.78899	522.13866	1171.20183	531.64927
11	8	0	1119.90826	660.36378	582.36697	667.51550
11	8	1	1376.20183	691.63622	866.84404	698.78793
11	9	0	663.94495	592.78140	398.36697	584.93475
11	9	1	867.83486	629.77977	595.65138	620.17129
11	10	0	1374.34862	455.16150	871.83486	468.66069
11	10	1	1136.99083	462.64927	595.88991	455.77977
11	11	0	897.84404	277.62480	13.21101	301.46819
11	11	1	1238.03670	186.60196	257.61468	214.69821
11	12	0	1546.12844	783.84992	990.94495	801.64763
11	12	1	1860.99083	716.01958	1287.75229	740.42414
11	13	0	852.14679	607.79119	499.61468	609.75530
11	13	1	673.99083	456.41436	306.50459	462.54160
11	14	0	1189.55963	835.29201	510.33028	844.81566
11	14	1	920.49541	834.85155	195.42202	833.61338
11	15	0	1474.11927	759.48124	719.55963	776.89886
11	15	1	1234.99083	758.57586	427.49541	770.47471
11	16	0	819.20183	717.52529	314.31193	705.72268
11	16	1	1060.78899	763.34095	601.43119	761.22023
11	17	0	1644.33028	562.66069	1443.00000	571.27896
11	17	1	1787.00917	509.36542	1631.91743	518.42414
11	18	0	873.67890	965.48124	269.09174	949.37357
11	18	1	737.35780	668.19576	109.21101	671.70962
11	19	0	1391.55963	377.03100	860.11927	389.72104
11	19	1	1689.24771	440.45677	1120.37615	452.70636
11	20	0	625.91743	563.70799	221.22018	555.38662
11	20	1	854.46789	543.88744	433.47706	538.64927
11	21	0	434.20183	679.72594	505.54128	657.16150
11	21	1	748.62385	672.67863	829.00000	658.03589
11	22	0	1101.88991	461.39152	972.08257	464.32137
11	22	1	700.27523	444.65416	565.18349	444.06036
11	23	0	651.74312	725.87276	521.39450	718.82545
11	23	1	1173.13761	768.15661	889.54128	780.48940
11	24	0	677.77064	562.51060	606.55046	550.84502
11	24	1	1014.21101	529.91680	950.03670	527.94127
11	25	0	920.88991	184.11093	706.33028	189.39641
11	25	1	1265.25688	203.49103	1084.16514	197.32463
11	26	0	644.86239	401.69657	821.00000	393.76835
11	26	1	778.73394	398.17292	952.22936	388.48287
11	27	0	769.92661	427.24307	946.94495	414.91028
11	27	1	893.22936	413.14845	1066.72477	403.45840
11	28	0	849.19266	386.72104	1037.66055	373.50734
11	28	1	975.13761	369.10277	1159.20183	356.76998
11	29	0	932.86239	407.86297	1128.37615	398.17292
11	29	1	1056.16514	406.98206	1249.03670	397.29201
11	30	0	527.72477	475.69331	719.71560	463.36052
11	30	1	646.62385	459.83687	836.85321	451.02773
11	31	0	370.07339	420.19576	577.91743	412.26754
11	31	1	503.06422	418.43393	698.57798	406.10114
11	32	0	488.09174	360.29364	698.57798	352.36542
11	32	1	606.11009	381.43556	810.43119	377.91191
11	33	0	940.78899	317.12887	1160.96330	302.15334
11	33	1	1048.23853	301.27243	1278.10092	281.89233
11	34	0	576.16514	436.05220	786.65138	424.60033
11	34	1	676.56881	426.36215	874.72477	414.91028
11	35	0	214.01835	422.27243	455.12844	412.44209
11	35	1	347.88991	427.55791	568.74312	419.48940
11	36	0	154.12844	351.79935	426.94495	348.13540
11	36	1	283.59633	347.39478	527.34862	348.13540
11	37	0	694.89908	324.87439	932.42202	313.51713
11	37	1	580.84404	328.83850	828.49541	324.96900
11	38	0	833.17431	233.92007	1038.79817	224.24307
11	38	1	949.43119	229.07504	1147.12844	213.23165
11	39	0	1058.50459	221.01631	1291.57798	202.80098
11	39	1	1169.91743	214.84992	1414.88073	190.90865
11	40	0	1297.15596	170.45677	1552.53211	130.37520
11	40	1	1393.15596	137.42251	1678.47706	96.01958
11	41	0	618.77064	320.17781	859.05505	314.89233
11	41	1	726.22018	318.41599	955.05505	305.20228
11	42	0	756.16514	323.70147	969.14679	312.24959
11	42	1	876.82569	333.39152	1079.23853	321.05873
11	43	0	815.16514	301.27243	985.46789	288.05873
11	43	1	928.77982	260.75041	1105.24771	241.37031
11	44	0	594.10092	185.87276	772.33028	185.87276
11	44	1	711.23853	175.30179	896.51376	166.49266
11	45	0	1676.03670	112.75693	1868.91743	59.02121
11	45	1	1504.29358	172.65905	1661.06422	134.77977
110	0	0	1352.66055	758.92496	498.00917	778.05383
110	0	1	1467.59633	801.64927	368.54128	823.42088
110	1	0	1462.44954	760.15987	1391.70642	779.92170
110	1	1	714.13761	596.44698	707.69725	608.43719
110	2	0	997.27523	422.40946	1098.28440	434.87276
110	2	1	1183.99083	405.67210	1290.72477	408.44535
110	3	0	1223.43119	204.72104	57.24771	229.57586
110	3	1	1485.67890	242.24633	413.06422	260.84829
110	4	0	1300.40367	622.04241	98.64220	646.79119
110	4	1	1615.83486	612.58891	524.02752	630.74388
110	5	0	1864.51376	428.22023	804.45872	440.95595
110	5	1	1629.79817	416.76835	462.01835	429.25612
110	6	0	366.86239	658.11093	278.54128	679.69494
110	6	1	553.57798	646.65905	470.10092	666.04078
110	7	0	1219.71560	601.13703	1113.58716	614.12398
110	7	1	1342.57798	571.62643	1263.31193	583.29201
110	8	0	1528.12844	528.17292	1741.65138	524.80261
110	8	1	1638.22018	530.37520	1885.21101	527.44535
110	9	0	1514.25688	712.09135	1184.12844	727.56607
110	9	1	1774.95413	708.12724	1392.86239	724.92333
110	10	0	330.73394	371.74388	717.89908	405.31485
110	10	1	385.77982	370.42251	771.18349	401.79119
110	11	0	1608.06422	461.07504	1300.77064	463.37520
110	11	1	1877.12844	515.69168	1542.09174	513.58728
110	12	0	1486.66055	677.11093	1416.72477	691.29038
110	12	1	1197.67890	685.37520	1117.69725	704.56444
110	13	0	1359.76147	517.78956	1166.49541	525.14845
110	13	1	1734.96330	574.51550	1518.04587	578.81403
110	14	0	1659.82569	531.53997	1641.55963	530.71941
110	14	1	1356.48624	469.20555	1312.60550	465.53181
110	15	0	776.57798	367.69494	932.22018	388.03915
110	15	1	932.02752	374.74225	1081.50459	384.95595
110	16	0	1495.70642	691.93148	1544.52294	713.47145
110	16	1	1696.07339	732.89396	1821.35780	758.39804
110	17	0	1662.38532	913.82545	1076.69725	934.33768
110	17	1	1917.79817	852.60196	1203.96330	868.70962
110	18	0	1598.97248	505.76672	1530.95413	502.17129
110	18	1	1871.55963	487.70799	1801.77982	476.62480
111	0	0	1385.39450	177.06362	1238.95413	175.30179
111	0	1	1549.21101	109.23328	1403.65138	97.78140
111	1	0	897.39450	598.36868	987.53211	619.51060
111	1	1	804.03670	586.03589	913.55046	610.70147
111	2	0	382.23853	582.46493	504.00917	602.77325
111	2	1	463.26606	581.58401	585.00000	598.77977
111	3	0	622.80734	650.62480	692.51376	666.62480
111	3	1	558.07339	648.42251	623.81651	667.50571
111	4	0	1603.21101	552.89886	1179.50459	568.77814
111	4	1	1815.02752	545.41109	1383.83486	559.08809
111	5	0	1593.11927	374.13703	1072.44037	383.50571
111	5	1	1701.44954	287.80750	1268.40367	291.00979
111	6	0	1697.92661	610.15824	1680.00000	633.83687
111	6	1	1571.98165	581.52855	1521.46789	595.95759
111	7	0	1718.75229	444.43230	1663.92661	446.49592
111	7	1	1576.95413	451.92007	1525.21101	461.47145
111	8	0	445.21101	721.33605	434.13761	729.84992
111	8	1	337.32110	725.74062	317.44037	733.81403
111	9	0	1140.66055	365.53018	697.07339	386.38662
111	9	1	1336.62385	351.87602	839.31193	367.44698
111	10	0	1617.46789	289.42088	1055.75229	296.82708
111	10	1	1847.33945	219.38825	1308.39450	216.17129
111	11	0	1127.38532	320.70636	549.74312	341.64763
111	11	1	1421.55046	235.69821	805.96330	249.74551
111	12	0	1519.41284	739.24470	1376.28440	763.43067
111	12	1	1624.66055	719.86460	1508.39450	744.05057
111	13	0	199.92661	738.85971	73.54128	748.70799
111	13	1	415.70642	752.95432	257.61468	759.27896
111	14	0	694.90826	559.15987	494.88073	580.19576
111	14	1	795.75229	587.34910	626.99083	606.62316
111	15	0	1014.81651	693.15987	566.70642	711.00489
111	15	1	1264.94495	665.41109	786.44954	685.45840
111	16	0	1165.44037	894.00653	527.58716	908.35073
111	16	1	1481.14679	924.78956	828.14679	948.44535
111	17	0	1175.67890	345.17292	978.98165	359.76672
111	17	1	1306.46789	389.65905	1062.21101	406.45514
111	18	0	1385.61468	583.17292	1319.70642	594.81403
111	18	1	1487.77982	581.85155	1437.28440	595.69494
111	19	0	1565.50459	413.20555	1002.66972	422.78956
111	19	1	1847.77982	350.22023	1238.26606	358.48287
111	20	0	161.61468	719.37520	291.08257	726.76509
111	20	1	302.53211	708.36378	413.06422	717.07504
111	21	0	1525.98165	619.99347	1620.02752	636.67047
111	21	1	1408.84404	610.74388	1486.59633	629.18271
111	22	0	1324.81651	677.82545	1455.82569	696.46982
111	22	1	1244.22936	679.58728	1355.42202	699.55302
111	23	0	537.69725	922.79119	33.90826	926.46982
111	23	1	705.03670	841.74715	291.96330	848.50897
111	24	0	1814.75229	819.01794	1665.60550	858.81566
111	24	1	1427.23853	696.43393	1414.70642	719.78140
111	25	0	1835.44954	488.02610	1883.44954	491.55302
111	25	1	1669.63303	494.84013	1734.60550	497.71941
111	26	0	1311.10092	530.70799	1577.23853	543.09951
111	26	1	1368.78899	530.26754	1639.33028	540.89723
111	27	0	589.64220	654.44698	705.48624	669.95595
111	27	1	681.67890	653.12561	790.47706	671.71778
111	28	0	461.47706	655.31485	610.06422	668.93312
111	28	1	541.62385	639.89886	695.49541	659.68352
111	29	0	1589.48624	598.74062	1764.99083	615.00163
111	29	1	1670.95413	571.43230	1875.96330	583.72920
111	30	0	1070.23853	528.50408	1313.55046	545.69657
111	30	1	1133.21101	525.86134	1373.44037	541.29201
111	31	0	1498.44954	604.27896	1217.90826	613.02773
111	31	1	1918.67890	588.70799	1570.36697	604.97064
111	32	0	1916.91743	897.05383	1174.34862	931.20881
111	32	1	1358.88991	690.32626	731.00000	717.77162
111	33	0	0.44037	352.72268	33.90826	400.67210
111	33	1	135.19266	387.95922	175.26606	427.09951
111	34	0	417.36697	370.52039	244.88073	412.02936
111	34	1	499.27523	551.98858	293.50459	573.96737
111	35	0	441.24771	774.60522	167.33945	785.86623
111	35	1	649.10092	719.98858	399.85321	733.89233
111	36	0	139.15596	511.36705	259.81651	537.70310
111	36	1	322.34862	506.08157	432.44037	524.48940
111	37	0	218.42202	811.32137	66.05505	815.72431
111	37	1	349.65138	783.13214	212.25688	796.34421
111	38	0	1065.11009	224.63295	906.85321	246.65579
111	38	1	883.67890	204.37194	739.51376	227.27569
111	39	0	1676.91743	472.69984	828.50459	494.46003
111	39	1	1537.76147	253.35237	897.20183	268.94617
111	40	0	1040.89908	791.44046	315.30275	806.91517
111	40	1	1007.30275	559.70799	395.44954	582.96900
111	41	0	1702.45872	866.81892	1111.84404	894.12724
111	41	1	1766.75229	617.52039	1244.56881	637.82055
111	42	0	1728.00000	718.72431	1245.64220	743.57912
111	42	1	1619.66972	496.73409	1246.52294	512.77977
111	43	0	750.20183	736.58075	339.08257	749.55628
111	43	1	1009.13761	591.23002	539.00917	611.25285
111	44	0	1013.07339	597.43230	527.45872	621.48613
111	44	1	1272.00917	423.89233	692.15596	447.06525
111	45	0	1408.66055	741.12724	948.41284	760.58075
111	45	1	1539.88991	566.70636	1122.79817	579.99347
111	46	0	1624.95413	727.03589	1653.13761	755.77162
111	46	1	1737.68807	606.35073	1789.65138	625.39641
111	47	0	1122.43119	713.39152	593.79817	731.89070
111	47	1	874.06422	613.84829	287.30275	632.34747
111	48	0	1774.67890	824.53507	1576.51376	862.41436
111	48	1	1557.13761	716.18271	1386.27523	739.08646
111	49	0	1007.01835	739.22512	641.47706	758.36705
111	49	1	1198.13761	641.44372	829.95413	658.82382
111	50	0	1621.43119	656.36868	1521.02752	678.20228
111	50	1	1788.77064	633.46493	1679.55963	653.53670
111	51	0	1173.43119	536.91680	1040.45872	554.67700
111	51	1	1309.06422	531.63132	1190.18349	549.39152
111	52	0	861.33028	222.87113	700.14679	251.06036
111	52	1	730.10092	96.01958	550.42202	133.89886
111	53	0	549.50459	693.63132	566.93578	706.03589
111	53	1	671.92661	687.46493	701.68807	704.27406
111	54	0	1490.20183	761.55628	950.09174	784.24796
111	54	1	1745.61468	652.32300	1159.70642	676.77651
111	55	0	624.95413	770.41599	642.89908	789.29690
111	55	1	345.24771	773.72594	271.22936	771.67863
111	56	0	13.21101	880.30179	100.84404	866.39804
111	56	1	227.07339	836.75367	284.91743	830.72104
111	57	0	1012.17431	450.29038	742.35780	470.94617
111	57	1	1316.55046	403.56444	992.50459	417.67374
111	58	0	874.49541	486.48450	978.94495	502.84502
111	58	1	1025.10092	430.10604	1143.64220	446.46656
111	59	0	1511.33945	506.86623	1745.61468	515.12561
111	59	1	1447.04587	407.32300	1678.67890	401.48777
111	60	0	371.66972	844.27080	204.33028	844.79608
111	60	1	732.77064	828.41436	623.54128	836.86786
111	61	0	1436.47706	508.60685	1341.07339	516.93964
111	61	1	1831.04587	497.15498	1710.98165	504.60685
111	62	0	1332.71560	564.84502	1410.80734	583.20228
111	62	1	1614.55046	616.81892	1719.06422	635.17618
111	63	0	158.53211	818.79608	59.88991	820.82055
111	63	1	682.56881	883.98369	555.74312	884.24633
111	64	0	343.48624	733.27406	357.57798	744.17781
111	64	1	665.83486	716.53670	695.77982	732.72594
111	65	0	408.66055	688.41762	458.86239	703.39315
111	65	1	45.79817	750.96248	135.63303	750.91680
112	0	0	1537.61468	798.37520	312.55963	829.25612
112	0	1	1415.63303	770.18597	432.77982	797.10277
112	1	0	197.28440	731.37357	256.43119	741.01631
112	1	1	24.22018	734.45677	118.59633	742.33768
112	2	0	823.30275	719.49103	749.43119	737.25775
112	2	1	671.37615	710.24144	621.28440	728.88907
112	3	0	824.29358	613.24796	508.18349	636.05873
112	3	1	611.15596	630.86623	306.49541	649.27243
112	4	0	1565.94495	724.69984	1378.34862	756.60685
112	4	1	1741.21101	685.05873	1558.01835	718.72757
112	5	0	1258.19266	584.08157	952.88073	614.62969
112	5	1	1056.50459	597.29527	756.47706	625.20065
112	6	0	805.49541	390.28059	470.31193	424.82219
112	6	1	556.62385	414.02936	206.97248	453.01142
112	7	0	367.26606	631.51223	17.61468	658.68189
112	7	1	558.38532	732.81729	132.99083	737.08320
112	8	0	46.67890	677.03426	274.78899	685.79772
112	8	1	244.84404	658.53507	435.08257	676.98858
112	9	0	1222.66055	548.05057	980.81651	577.65905
112	9	1	1390.44037	491.67210	1150.79817	517.75693
112	10	0	1545.77064	695.84829	1427.29358	726.95759
112	10	1	1673.91743	643.87439	1580.54128	675.86460
112	11	0	1211.38532	789.50734	529.21101	816.47961
112	11	1	889.55963	852.70962	254.35780	868.86297
112	12	0	924.00000	934.64927	402.49541	953.14845
112	12	1	662.42202	854.48613	192.00000	862.41436
112	13	0	1321.89908	715.70636	1280.62385	743.76672
112	13	1	1184.50459	717.90865	1137.06422	747.29038
112	14	0	823.19266	612.80261	293.76147	640.77977
112	14	1	1163.94495	600.75367	581.19266	626.05383
112	15	0	1034.77064	731.92170	550.66055	763.93475
112	15	1	773.63303	729.71941	262.69725	750.02773
112	16	0	1500.36697	746.89723	1266.15596	782.04241
112	16	1	1333.46789	737.64763	1120.39450	763.54323
112	17	0	1505.22936	644.49266	1704.66055	667.61338
112	17	1	1577.00917	634.80261	1797.57798	661.00653
112	18	0	1158.19266	610.77814	1020.60550	643.43393
112	18	1	1272.68807	622.67047	1156.67890	652.68352
112	19	0	1151.61468	978.69494	803.17431	1003.36052
112	19	1	1434.33028	993.67047	1035.68807	1027.14519
112	20	0	532.48624	858.89070	29.94495	868.58075
112	20	1	780.85321	810.44046	278.31193	826.29690
112	21	0	890.32110	673.01305	495.85321	693.86786
112	21	1	1140.44954	665.96574	724.84404	685.05873
112	22	0	957.52294	1074.71452	478.23853	1079.11909
112	22	1	732.05505	1031.54976	286.23853	1039.47798
112	23	0	1194.12844	1016.57423	518.40367	1035.95432
112	23	1	1113.10092	822.77325	588.86239	844.79608
112	24	0	1135.16514	850.96248	565.33028	872.10440
112	24	1	893.84404	780.48940	300.22936	796.34584
112	25	0	890.78899	1037.71615	392.24771	1050.92985
112	25	1	1184.07339	1053.57259	659.11009	1077.35726
112	26	0	547.84404	769.03426	576.77982	779.12724
112	26	1	784.76147	704.72757	808.41284	716.58238
112	27	0	1666.34862	848.31974	1592.88073	880.03263
112	27	1	1426.78899	880.91354	1340.11009	920.55465
112	28	0	1678.67890	970.76672	1178.35780	1006.88418
112	28	1	1148.47706	844.79608	867.45872	868.58075
112	29	0	1063.68807	833.34421	962.57798	860.65253
112	29	1	368.14679	705.27243	409.98165	729.89233
112	30	0	4.40367	936.41109	29.94495	917.91191
112	30	1	856.07339	752.30016	811.15596	761.99021
112	31	0	1157.00000	665.10930	1313.04587	686.44535
112	31	1	1683.83486	633.78140	1836.33028	660.52039
112	32	0	687.41284	1043.00163	444.77064	1042.12072
112	32	1	620.47706	935.53018	478.23853	937.29201
113	0	0	1496.53211	725.98042	318.83486	715.22023
113	0	1	1582.40367	720.25449	407.34862	719.62480
113	1	0	1657.98165	252.87276	1537.37615	235.49266
113	1	1	1719.19266	200.01794	1635.57798	179.11419
113	2	0	624.83486	37.87928	592.66972	29.51060
113	2	1	756.94495	35.23654	719.05505	25.54649
113	3	0	997.23853	190.27732	995.69725	173.33768
113	3	1	939.55046	208.77651	921.27523	191.39641
113	4	0	1591.56881	49.33116	1606.00917	12.77325
113	4	1	1642.65138	97.34095	1637.71560	68.71126
113	5	0	1580.01835	173.25449	1626.56881	147.11256
113	5	1	1667.21101	131.41109	1708.47706	95.13866
113	6	0	1597.22018	329.84992	1502.34862	320.01468
113	6	1	1738.57798	309.14845	1655.15596	297.99184
113	7	0	1735.48624	443.65579	1474.08257	445.36052
113	7	1	1888.29358	415.90701	1618.52294	418.93312
113	8	0	1713.46789	489.93148	1318.00917	494.77814
113	8	1	1860.11009	479.80098	1457.16514	485.08809
113	9	0	812.66055	87.65090	308.43119	81.04405
113	9	1	642.66055	182.78956	23.77982	168.25449
113	10	0	700.58716	524.05383	242.64220	496.58891
113	10	1	545.57798	539.91028	107.44954	508.04078
113	11	0	1020.37615	433.80261	838.42202	414.22023
113	11	1	929.66055	450.98042	731.41284	434.48124
113	12	0	1270.79817	400.14682	1109.21101	389.23002
113	12	1	1384.41284	361.38662	1240.88073	351.79119
113	13	0	894.96330	437.53018	570.86239	418.58728
113	13	1	1013.86239	486.86134	684.03670	468.35889
113	14	0	539.47706	510.06525	92.03670	478.23980
113	14	1	698.00917	514.46982	243.52294	488.37031
113	15	0	1360.05505	247.09135	1062.52294	233.99347
113	15	1	1587.83486	264.80261	1236.02752	253.81403
113	16	0	1519.09174	577.61175	1138.02752	581.60196
113	16	1	1659.56881	573.20718	1305.80734	578.07830
113	17	0	1336.63303	354.67210	408.96330	349.58564
113	17	1	1637.26606	284.15008	701.08257	279.87602
113	18	0	1256.14679	614.09951	406.88073	597.01631
113	18	1	1067.66972	633.03915	169.98165	612.39641
113	19	0	1231.25688	375.62316	1111.88073	365.25612
113	19	1	1281.01835	383.55139	1179.25688	371.86297
113	20	0	1667.22936	223.16966	1039.58716	218.01468
113	20	1	1853.50459	118.78140	1253.16514	110.98369
113	21	0	957.68807	24.22512	759.55963	11.45188
113	21	1	1104.77064	81.04405	933.06422	61.22349
113	22	0	1476.73394	319.42251	1376.97248	305.79119
113	22	1	1400.11009	353.33768	1271.72477	343.23002
113	23	0	1737.24771	121.12561	1411.65138	103.50734
113	23	1	1577.83486	142.70799	1297.59633	122.44698
113	24	0	1292.39450	491.36542	1266.34862	480.49592
113	24	1	1224.76147	382.13703	1209.38532	368.62153
113	25	0	607.62385	344.39804	447.96330	319.27896
113	25	1	185.75229	360.87602	22.01835	338.12398
113	26	0	1902.38532	419.18434	1912.95413	422.35073
113	26	1	1798.45872	448.25449	1784.80734	454.06362
113	27	0	1878.16514	413.70799	1769.83486	417.11256
113	27	1	1787.88991	396.53018	1631.55963	395.97064
113	28	0	1287.32110	436.79282	1139.90826	424.46982
113	28	1	1181.63303	432.82871	1031.57798	424.46982
113	29	0	1465.94495	405.61011	1489.09174	396.36215
113	29	1	1360.85321	386.76672	1389.56881	376.98206
113	30	0	1311.32110	515.48124	1285.73394	509.77977
113	30	1	1386.18349	506.23165	1366.76147	503.61338
113	31	0	1024.98165	121.12561	573.37615	108.35237
113	31	1	853.23853	78.84176	328.09174	73.11582
113	32	0	518.14679	380.67210	88.07339	360.49266
113	32	1	722.03670	357.76835	197.72477	341.11256
113	33	0	1529.07339	188.81403	1002.90826	176.86134
113	33	1	1841.61468	67.83034	1231.01835	57.49755
113	34	0	1416.75229	474.52855	1498.38532	470.80261
113	34	1	1499.98165	422.55465	1605.83486	416.18597
113	35	0	1050.60550	229.68352	1047.19266	213.91028
113	35	1	1390.33945	283.91028	1386.83486	269.45351
113	36	0	1306.91743	380.12072	1382.62385	365.63622
113	36	1	1166.44037	347.96737	1230.25688	333.48287
113	37	0	1664.65138	168.25449	1885.65138	127.73246
113	37	1	1448.43119	201.72920	1630.67890	172.21860
113	38	0	1807.26606	523.43393	951.53211	528.51713
113	38	1	1165.27523	554.78956	255.11009	541.32626
113	39	0	1246.51376	419.12398	1025.49541	408.06199
113	39	1	1471.29358	451.96900	1311.04587	448.54976
115	0	0	1252.00917	663.43393	669.77982	654.30343
115	0	1	1339.64220	537.90375	792.64220	530.09462
115	1	0	1551.18349	438.06525	1436.31193	435.12398
115	1	1	1422.59633	412.51876	1337.22936	403.85155
115	2	0	1676.04587	630.89886	1500.47706	643.92007
115	2	1	1489.77064	598.30506	1331.37615	605.60033
115	3	0	1599.58716	433.31321	1360.79817	428.32790
115	3	1	1417.27523	476.47798	1202.70642	472.37357
115	4	0	1603.77982	254.98206	1411.55046	239.22023
115	4	1	1463.74312	322.37194	1313.78899	308.81240
115	5	0	1370.42202	443.94617	1177.92661	442.33931
115	5	1	1306.12844	454.95759	1144.45872	450.70799
115	6	0	1606.49541	374.29201	1468.13761	364.50571
115	6	1	1500.36697	377.37520	1394.15596	362.74388
115	7	0	1315.29358	263.10114	1529.78899	239.41599
115	7	1	1228.98165	267.94617	1439.07339	248.66558
115	8	0	1604.37615	371.74388	1581.70642	359.26917
115	8	1	1475.78899	415.78956	1451.79817	405.51713
115	9	0	1345.66055	439.96900	1139.38532	433.11256
115	9	1	1229.40367	436.00489	1063.64220	425.62480
115	10	0	1439.54128	572.95759	1172.86239	570.80261
115	10	1	1306.55046	565.91028	1063.21101	561.11256
115	11	0	751.30275	134.15008	783.44037	122.93638
115	11	1	844.66055	188.32626	871.51376	175.79119
115	12	0	1630.79817	365.87276	1723.15596	353.05383
115	12	1	1541.40367	395.82382	1645.21101	385.64763
115	13	0	89.83486	415.98206	170.86239	388.25449
115	13	1	272.14679	386.47145	320.14679	364.91028
115	14	0	1406.90826	679.15987	1277.11927	683.69494
115	14	1	1255.42202	652.73246	1119.90826	652.86297
115	15	0	566.66972	607.95922	443.71560	580.05220
115	15	1	476.39450	557.74715	402.76147	529.39967
115	16	0	1401.11009	618.71778	1386.75229	623.86134
115	16	1	1271.64220	593.61175	1248.47706	589.06525
115	17	0	662.65138	472.72104	539.44954	453.62480
115	17	1	711.53211	453.78140	634.56881	437.32790
115	18	0	373.66055	496.84992	120.22018	468.89886
115	18	1	244.19266	425.93638	42.27523	399.30669
115	19	0	427.38532	483.63622	464.14679	456.12561
115	19	1	342.39450	448.84013	398.09174	425.29364
115	20	0	1329.13761	483.39804	1470.39450	477.32790
115	20	1	1401.79817	476.35073	1568.59633	468.95922
115	21	0	1665.02752	678.71615	1609.33028	695.31485
115	21	1	1803.30275	680.91843	1789.44037	706.32626
115	22	0	551.76147	279.92985	497.88991	266.32463
115	22	1	692.60550	310.52855	644.97248	295.83524
115	23	0	1179.43119	427.01794	1011.77982	416.44372
115	23	1	1245.48624	420.41109	1123.63303	411.15824
115	24	0	846.84404	451.23165	653.97248	429.01631
115	24	1	715.61468	449.46982	498.08257	434.74225
115	25	0	765.95413	497.49429	930.40367	482.45677
115	25	1	906.43119	503.22023	1066.03670	487.74225
115	26	0	1285.70642	427.30016	1140.54128	418.17945
115	26	1	1171.21101	412.76509	1078.88991	399.68026
115	27	0	1739.88991	73.99674	1641.28440	38.76020
115	27	1	1583.11927	70.03263	1461.17431	36.55791
115	28	0	1571.18349	391.18434	1520.09174	373.76672
115	28	1	1391.51376	360.35237	1342.18349	347.33931
115	29	0	1411.57798	490.67047	1165.70642	481.72104
115	29	1	1263.61468	417.55465	1054.73394	408.60522
115	30	0	1422.26606	275.13377	1297.36697	258.54486
115	30	1	1286.63303	292.31158	1200.92661	277.92496
115	31	0	1159.37615	520.88581	950.06422	510.26754
115	31	1	1013.61468	521.32626	855.38532	505.86297
115	32	0	1279.08257	1079.11909	755.44954	1076.47635
115	32	1	1112.62385	899.85318	770.42202	887.07993
115	33	0	177.46789	480.06525	75.74312	447.94617
115	33	1	260.25688	450.11419	192.00000	423.28059
115	34	0	1362.26606	175.04078	1422.00000	151.95759
115	34	1	1301.05505	178.12398	1368.71560	152.39804
115	35	0	1199.33028	160.50571	1340.97248	136.10114
115	35	1	1139.30275	154.14845	1278.44037	129.05383
115	36	0	679.50459	267.41272	731.69725	253.07667
115	36	1	564.56881	288.99511	634.81651	273.77814
115	37	0	1732.28440	690.76672	1495.72477	707.98042
115	37	1	1532.35780	682.83850	1316.93578	693.88581
115	38	0	1519.86239	318.55302	1271.28440	299.75204
115	38	1	1495.64220	292.12561	1195.10092	279.49103
115	39	0	1845.57798	145.98206	1135.71560	141.38662
115	39	1	1500.77064	257.41762	907.16514	248.85808
115	40	0	1478.53211	204.94454	1393.13761	182.01631
115	40	1	1634.86239	181.60033	1526.56881	159.11256
115	41	0	1788.77064	401.30343	1513.27523	401.15987
115	41	1	1573.51376	422.69657	1365.31193	423.18271
115	42	0	1321.47706	381.73083	1576.95413	364.81403
115	42	1	1437.29358	363.23165	1727.11927	347.63622
115	43	0	717.36697	314.97879	620.90826	296.48124
115	43	1	591.42202	239.22023	508.17431	223.36542
115	44	0	831.48624	333.96248	874.45872	318.11256
115	44	1	682.20183	319.42741	740.58716	301.37520
115	45	0	1632.00000	327.35073	1284.12844	320.94127
115	45	1	1905.46789	234.46982	1447.06422	233.29038
115	46	0	796.25688	198.85318	1010.30275	182.94617
115	46	1	943.33945	247.30343	1169.27523	228.31321
115	47	0	881.31193	485.44698	821.52294	467.02936
115	47	1	1071.11009	551.95595	987.10092	535.30016
116	0	0	413.94495	715.30179	1493.72477	717.06362
116	0	1	517.87156	676.54160	1384.51376	685.35073
116	1	0	1082.78899	615.02610	1222.55963	616.56444
116	1	1	1254.09174	592.12235	1386.37615	591.45840
116	2	0	1028.32110	669.02773	1368.36697	665.26754
116	2	1	1259.07339	660.65905	1592.51376	649.85155
116	3	0	977.93578	719.25122	1016.29358	730.63132
116	3	1	742.77982	714.84666	811.96330	738.55954
116	4	0	1358.32110	661.73246	1557.13761	649.88418
116	4	1	1517.73394	562.62969	1713.46789	556.94780
116	5	0	1536.85321	673.73246	1676.47706	656.93148
116	5	1	1680.41284	613.38989	1804.18349	596.58891
116	6	0	511.25688	591.19250	639.07339	618.26754
116	6	1	690.92661	544.50408	825.34862	564.97227
116	7	0	120.66055	549.44046	1224.78899	557.93801
116	7	1	331.15596	449.01631	1658.99083	446.06199
116	8	0	937.71560	613.50897	1383.63303	614.72431
116	8	1	1202.81651	486.65742	1624.95413	487.87276
116	9	0	696.73394	954.91028	1224.22018	963.71941
116	9	1	941.57798	950.50571	1467.30275	940.81566
116	10	0	289.76147	502.19739	1103.22936	501.77488
116	10	1	261.57798	687.10604	941.17431	705.26591
116	11	0	651.93578	514.29527	809.55046	544.88907
116	11	1	841.29358	461.44046	976.88991	467.36868
116	12	0	1565.06422	37.87928	1536.88073	70.47308
116	12	1	1731.52294	79.28222	1682.20183	109.23328
116	13	0	722.70642	619.46166	1006.25688	636.74715
116	13	1	881.23853	556.03589	1196.49541	564.51223
116	14	0	944.68807	57.25938	1195.38532	64.74715
116	14	1	1086.04587	143.58891	1356.55963	144.91028
116	15	0	727.37615	682.52692	1314.01835	686.73083
116	15	1	967.81651	659.62316	1627.96330	647.64763
116	16	0	839.22018	763.97716	1579.57798	762.80261
116	16	1	1086.70642	601.88907	1801.98165	595.47145
116	17	0	965.59633	840.39152	1504.29358	829.82055
116	17	1	667.02752	925.84013	1250.64220	933.76835
116	18	0	103.04587	201.04078	250.79817	190.85155
116	18	1	242.73394	361.61011	398.20183	366.54976
116	19	0	514.77982	623.69494	705.69725	648.94290
116	19	1	704.13761	551.01958	894.17431	562.17292
116	20	0	271.73394	249.48777	541.93578	249.44535
116	20	1	461.97248	402.76672	731.50459	408.99674
116	21	0	550.98165	1015.25285	1281.21101	1023.06199
116	21	1	867.50459	949.61175	1594.31193	939.37520
116	22	0	719.57798	637.11093	1345.83486	641.02936
116	22	1	990.84404	506.29527	1601.53211	506.23002
116	23	0	328.28440	704.20718	619.24771	742.43393
116	23	1	504.87156	676.45840	780.42202	703.67374
116	24	0	1826.64220	634.38662	1884.33028	608.76835
116	24	1	1601.17431	651.12398	1690.56881	630.79119
116	25	0	696.55963	451.18271	369.18349	478.60033
116	25	1	412.18349	452.50408	38.31193	482.84013
116	26	0	1053.51376	566.57912	1373.94495	570.83197
116	26	1	1471.50459	420.80424	1790.09174	419.01631
116	27	0	50.64220	788.38336	372.66055	839.09951
116	27	1	508.80734	803.57586	785.11927	832.63622
116	28	0	254.14679	508.73083	65.17431	545.69494
116	28	1	417.52294	487.58891	249.24771	517.94617
116	29	0	1716.55046	578.32626	1531.49541	569.52855
116	29	1	1305.67890	542.81566	1168.22018	548.42251
116	30	0	684.07339	975.39478	1173.23853	985.81077
116	30	1	1267.52294	556.44372	1402.00917	553.76672
116	31	0	1136.08257	479.87439	1058.55046	492.54976
116	31	1	1289.33028	504.98042	1210.03670	511.04894
116	32	0	367.65138	1079.11909	1525.53211	1079.11909
116	32	1	77.06422	976.05220	946.73394	1012.61011
12	0	0	1504.11927	722.17292	320.45872	712.49429
12	0	1	1591.75229	719.97064	408.53211	719.10114
12	1	0	410.64220	1024.50245	110.53211	955.95759
12	1	1	563.44954	968.12398	286.67890	915.43556
12	2	0	226.01835	669.31485	110.09174	618.15987
12	2	1	400.40367	656.98206	254.53211	614.19576
12	3	0	1462.31193	980.89723	1151.15596	1000.27732
12	3	1	1607.63303	1017.45514	1255.96330	1048.28711
12	4	0	1557.57798	568.09625	1381.72477	575.19576
12	4	1	1697.61468	548.27569	1538.93578	558.89886
12	5	0	1738.56881	734.94617	1642.03670	766.70962
12	5	1	1875.52294	748.15987	1755.65138	785.20881
12	6	0	1325.78899	852.50408	1265.20183	865.18271
12	6	1	1422.22936	843.69494	1352.39450	863.42088
12	7	0	1363.87156	987.06362	1257.05505	1008.20555
12	7	1	1448.42202	1003.36052	1347.33028	1033.75204
12	8	0	1171.70642	723.25612	1003.76147	718.94780
12	8	1	1063.81651	758.05220	876.05505	746.69657
12	9	0	1601.66972	936.58891	1250.97248	964.15987
12	9	1	1798.51376	943.19576	1441.21101	986.18271
12	10	0	781.58716	828.08972	1011.69725	805.48287
12	10	1	812.41284	828.97064	1053.09174	809.00653
12	11	0	1043.66972	847.98532	1211.67890	839.51060
12	11	1	1082.42202	851.50897	1259.23853	850.96248
12	12	0	1014.87156	819.86297	1271.56881	818.36868
12	12	1	1046.13761	819.86297	1300.74312	818.29201
12	13	0	941.77064	836.15987	1107.42202	827.54160
12	13	1	968.19266	827.79119	1140.44954	816.53018
12	14	0	465.02752	1032.43067	92.47706	967.24307
12	14	1	573.22018	949.62480	285.35780	890.60359
12	15	0	972.31193	902.05546	806.16514	886.19902
12	15	1	1164.31193	903.81729	967.33945	897.65090
12	16	0	219.74312	880.74225	461.51376	816.87439
12	16	1	312.66055	871.93312	551.78899	814.67210
12	17	0	576.60550	736.50571	525.72477	699.37520
12	17	1	853.89908	755.17292	817.63303	736.55465
12	18	0	1144.50459	681.99184	1021.55963	675.42251
12	18	1	1395.51376	663.05220	1310.00000	668.37520
12	19	0	970.92661	647.69657	814.11927	632.06525
12	19	1	648.54128	714.30179	456.41284	682.87439
12	20	0	797.58716	791.13703	733.01835	767.11093
12	20	1	551.56881	835.23165	522.08257	796.18108
12	21	0	528.48624	1000.71778	282.66055	943.30343
12	21	1	713.44037	975.17129	481.70642	935.81566
12	22	0	1084.79817	869.46166	1260.02752	870.34258
12	22	1	929.57798	863.29527	1116.46789	856.24796
12	23	0	1307.08257	791.42251	1085.76147	795.65090
12	23	1	1487.63303	841.19413	1254.86239	858.19576
12	24	0	744.82569	809.49266	710.58716	780.16150
12	24	1	852.27523	803.76672	832.56881	781.92333
12	25	0	1435.29358	838.84013	1463.24771	861.81566
12	25	1	1529.09174	859.54160	1543.68807	890.14845
12	26	0	1482.90826	875.01794	1328.36697	896.91191
12	26	1	1592.11927	862.68515	1440.22018	893.38825
120	0	0	1546.10092	795.63458	320.22018	813.19902
120	0	1	1628.88991	797.39641	406.53211	822.00816
120	1	0	680.91743	853.08809	531.77064	866.51713
120	1	1	883.04587	855.29038	704.83486	866.95759
120	2	0	1279.60550	344.93312	1413.87156	346.85318
120	2	1	1457.07339	361.23002	1606.55046	358.05383
120	3	0	798.09174	703.51387	560.75229	717.42088
120	3	1	1126.10092	788.13377	882.67890	807.56117
120	4	0	1374.41284	995.43230	1146.44037	1026.70473
120	4	1	1563.14679	985.74225	1335.79817	1019.65742
120	5	0	1643.85321	844.52692	1213.33945	874.73083
120	5	1	1909.39450	791.67210	1459.06422	820.11419
120	6	0	1342.57798	574.12398	539.49541	596.55465
120	6	1	1045.33028	641.07341	189.79817	663.52692
120	7	0	1334.58716	502.91028	759.89908	525.24144
120	7	1	1539.44954	294.66884	988.43119	306.06525
120	8	0	1041.45872	461.64600	688.33945	482.49429
120	8	1	1249.75229	450.63458	901.47706	469.28059
120	9	0	1500.71560	482.22349	946.79817	499.62480
120	9	1	1768.45872	450.51060	1182.39450	463.06688
120	10	0	1647.41284	840.22675	892.57798	865.85971
120	10	1	1917.79817	800.07667	1192.92661	832.33931
120	11	0	1240.34862	900.01958	695.53211	915.74388
120	11	1	1032.49541	1012.77651	568.70642	1023.65579
120	12	0	938.90826	834.04894	324.94495	846.13377
120	12	1	1167.45872	605.45188	557.88991	626.10930
120	13	0	1185.56881	485.92007	474.45872	506.20718
120	13	1	1533.99083	459.55302	826.44037	478.39641
120	14	0	1203.61468	654.30179	671.04587	675.63458
120	14	1	1382.84404	551.23491	920.73394	569.92496
120	15	0	1119.90826	542.25612	781.66972	561.44698
120	15	1	1305.30275	434.34421	924.78899	452.65416
120	16	0	1398.95413	767.50408	776.17431	790.16150
120	16	1	1610.33028	634.48613	1014.98165	654.73083
120	17	0	1494.24771	647.39641	948.85321	669.23002
120	17	1	1682.60550	447.89886	1049.56881	462.29364
120	18	0	1533.74312	990.07504	1320.63303	1028.02610
120	18	1	1705.92661	992.71778	1450.54128	1035.51387
120	19	0	1406.86239	326.04241	594.00917	350.59869
120	19	1	1679.87156	206.28059	947.62385	218.46166
120	20	0	1335.89908	670.50245	831.11009	691.57586
120	20	1	1464.07339	446.88907	959.77064	464.11419
120	21	0	1602.11009	739.65905	924.21101	765.58728
120	21	1	1904.14679	644.51713	1214.41284	667.36542
120	22	0	853.22018	961.07667	469.11009	971.64763
120	22	1	1031.12844	893.24633	671.67890	911.74551
120	23	0	1519.52294	753.99021	976.74312	778.44209
120	23	1	1808.58716	655.37357	1241.84404	677.57749
120	24	0	1672.03670	834.94617	1860.11009	881.35400
120	24	1	1121.61468	780.25612	1203.64220	801.84176
120	25	0	1148.75229	630.64763	1544.00000	646.15987
120	25	1	1060.67890	631.52855	1448.44037	650.12398
120	26	0	744.31193	637.26754	951.49541	651.26754
120	26	1	879.06422	664.57586	1048.37615	678.57586
120	27	0	1259.41284	895.81403	914.40367	918.37357
120	27	1	1674.67890	997.19413	1395.49541	1037.71615
120	28	0	1192.30275	602.56444	1466.62385	618.06525
120	28	1	1392.66972	606.52855	1685.04587	622.46982
120	29	0	1729.76147	735.83687	1750.45872	768.80261
120	29	1	1410.93578	768.87113	1389.91743	792.60196
120	30	0	1197.69725	897.65090	1123.72477	915.69657
120	30	1	1607.23853	932.00653	1529.74312	977.36052
120	31	0	984.13761	730.41436	1312.97248	748.24959
120	31	1	777.16514	721.60522	1123.61468	742.96411
120	32	0	901.57798	688.55139	1270.55963	705.82708
120	32	1	846.71560	689.03915	1213.75229	705.38662
120	33	0	1282.48624	945.22023	1117.21101	971.32463
120	33	1	1783.92661	878.87602	1597.82569	913.63622
120	34	0	1455.50459	885.01794	1508.45872	920.14845
120	34	1	1149.55963	870.76672	1123.43119	891.03100
121	0	0	704.58716	669.49429	1176.66055	678.30343
121	0	1	782.09174	517.97716	1254.16514	532.07178
121	1	0	260.15596	544.42414	544.63303	578.44535
121	1	1	490.46789	517.11582	751.60550	541.88744
121	2	0	1036.96330	565.26917	1221.30275	568.80098
121	2	1	1187.12844	559.10277	1399.65138	564.39641
121	3	0	1503.26606	506.40131	1605.57798	507.13377
121	3	1	1664.58716	495.51550	1794.05505	490.83687
121	4	0	265.69725	578.62316	521.99083	612.77977
121	4	1	435.23853	585.67047	725.88073	613.22023
121	5	0	1663.11927	562.62643	1854.82569	549.35073
121	5	1	1343.41284	542.36542	1492.84404	539.66069
121	6	0	1567.63303	534.62480	1607.50459	532.65579
121	6	1	1297.47706	564.48287	1360.23853	568.63622
121	7	0	1438.66055	858.22023	1776.88073	817.81240
121	7	1	1444.29358	602.81403	1917.79817	585.48287
121	8	0	749.08257	243.42251	488.66972	258.69657
121	8	1	843.76147	248.26754	590.83486	264.86297
121	9	0	169.98165	697.74225	389.62385	743.42088
121	9	1	1152.24771	557.18597	1467.78899	557.30832
121	10	0	643.44954	334.88418	714.27523	352.32300
121	10	1	397.72477	324.31321	470.75229	340.97390
121	11	0	1325.64220	571.23165	1520.34862	567.18271
121	11	1	1186.09174	444.86460	1377.22936	454.86623
121	12	0	1695.31193	648.51876	1835.88991	624.87439
121	12	1	1615.84404	811.50734	1876.40367	776.94617
121	13	0	1783.92661	411.98042	1694.33945	418.30179
121	13	1	1648.29358	400.08809	1592.17431	409.49266
122	0	0	1379.14679	374.35073	1343.27523	368.78140
122	0	1	1308.68807	384.48124	1282.50459	380.23328
122	1	0	600.66055	325.89886	409.00000	360.85155
122	1	1	429.35780	339.99347	225.80734	384.63622
122	2	0	1046.98165	507.80261	964.86239	518.33931
122	2	1	951.86239	510.88581	876.34862	525.38662
122	3	0	1181.13761	584.05383	1055.17431	592.73246
122	3	1	1286.82569	573.92333	1141.92661	579.07830
122	4	0	950.44954	592.57749	678.44954	611.81566
122	4	1	1023.11009	575.84013	786.33945	589.35237
122	5	0	818.56881	689.32626	576.52294	706.70799
122	5	1	937.02752	676.99347	707.75229	689.53018
122	6	0	1079.39450	317.65742	570.95413	335.19739
122	6	1	901.92661	318.97879	398.33028	345.32790
122	7	0	743.08257	541.42251	425.90826	564.59054
122	7	1	599.52294	550.67210	231.70642	578.68515
122	8	0	397.09174	301.46982	286.23853	343.99347
122	8	1	579.40367	314.24307	434.64220	349.27896
122	9	0	621.92661	695.34747	3.96330	715.75530
122	9	1	766.80734	654.82545	218.42202	681.84013
122	10	0	858.77982	613.12561	854.25688	630.61011
122	10	1	164.25688	432.52855	135.63303	472.36215
122	11	0	488.69725	329.67047	418.37615	365.76672
122	11	1	312.55046	320.42088	255.44037	368.40946
122	12	0	691.00917	687.08972	189.79817	703.07667
122	12	1	485.79817	632.91354	40.95413	659.03100
122	13	0	520.16514	431.84829	486.55046	463.75693
122	13	1	179.66972	417.96085	217.04587	452.30506
123	0	0	1425.98165	819.57912	438.87156	842.29201
123	0	1	1553.68807	849.53018	303.23853	877.96900
123	1	0	965.34862	589.74551	677.77064	594.67047
123	1	1	1240.53211	586.86134	988.09174	593.79119
123	2	0	143.55963	300.21044	35.22936	315.40946
123	2	1	550.21101	337.94290	375.63303	348.00326
123	3	0	655.70642	547.30016	199.48624	553.66069
123	3	1	841.63303	555.16966	533.33945	556.51713
123	4	0	759.79817	474.76672	832.66972	479.42251
123	4	1	544.01835	543.47798	625.69725	534.92007
123	5	0	977.59633	429.20555	1147.32110	423.24307
123	5	1	886.44037	429.20555	1053.08257	421.48124
123	6	0	883.01835	409.39967	1084.54128	401.26754
123	6	1	967.56881	414.68515	1173.05505	408.31485
123	7	0	895.76147	642.75693	666.32110	643.13377
123	7	1	1247.02752	764.99021	957.30275	777.67047
123	8	0	627.96330	701.13866	647.23853	690.11093
123	8	1	516.55046	721.84013	552.11927	704.20555
123	9	0	720.44037	824.46656	547.04587	813.29201
123	9	1	589.51376	850.22023	414.93578	827.38662
123	10	0	416.00917	810.57912	186.27523	788.88418
123	10	1	284.44037	845.06362	80.14679	808.26427
123	11	0	1564.82569	424.81566	1511.46789	421.63622
123	11	1	1699.57798	349.49755	1624.64220	339.71126
123	12	0	603.08257	799.14845	525.32110	781.83850
123	12	1	679.26606	800.91028	612.51376	786.68352
123	13	0	1037.44954	640.05057	760.91743	644.78793
123	13	1	915.46789	499.10440	687.81651	506.92496
123	14	0	676.11009	563.15824	396.22018	563.36215
123	14	1	522.42202	485.19739	281.28440	488.92496
123	15	0	1162.73394	498.26754	837.65138	506.23165
123	15	1	970.29358	556.84829	597.65138	566.57423
123	16	0	1675.97248	203.57749	1820.91743	169.22186
123	16	1	1574.24771	241.89723	1719.63303	213.26754
123	17	0	1553.36697	584.99347	1434.97248	595.95759
123	17	1	1350.35780	585.43393	1204.22018	596.39804
123	18	0	1276.14679	225.99021	831.30275	233.24470
123	18	1	1019.83486	261.43393	510.74312	277.43556
123	19	0	718.53211	717.02936	586.01835	711.98206
123	19	1	489.98165	663.73409	352.18349	652.07993
123	20	0	808.11927	494.50571	617.31193	497.91191
123	20	1	1003.94495	473.05383	807.55046	475.88907
123	21	0	880.33945	520.29201	893.55963	519.12235
123	21	1	993.51376	467.43719	994.40367	469.79119
123	22	0	1415.19266	85.44861	1114.72477	77.96085
123	22	1	1251.55046	68.71126	939.01835	67.38989
123	23	0	1245.40367	377.68352	1362.88991	368.84992
123	23	1	1351.09174	353.01794	1473.86239	342.86297
123	24	0	1593.02752	48.00979	1542.66055	10.13051
123	24	1	1489.98165	122.88744	1460.75229	99.98369
123	25	0	1482.11009	174.71941	1656.66055	143.14845
123	25	1	1578.11009	144.32790	1753.54128	106.15008
123	26	0	1448.95413	292.85155	1638.21101	267.36378
123	26	1	1512.36697	268.18597	1716.59633	241.81729
123	27	0	1401.18349	330.77977	1681.76147	307.69657
123	27	1	1457.11009	326.81566	1747.81651	303.29201
123	28	0	974.32110	332.06362	1051.03670	329.55139
123	28	1	1063.46789	296.13866	1131.62385	290.35073
123	29	0	613.21101	466.40946	99.08257	472.12561
123	29	1	707.88991	437.77977	296.36697	448.34095
123	30	0	383.03670	457.45840	498.99083	455.13703
123	30	1	475.51376	455.25612	596.31193	452.49429
123	31	0	1335.96330	177.17129	1472.39450	155.04078
123	31	1	1265.06422	211.08646	1400.61468	189.83687
123	32	0	1252.68807	282.87439	1380.91743	266.48124
123	32	1	1172.10092	263.49429	1293.72477	248.86297
123	33	0	1084.22936	332.89886	1190.25688	327.37684
123	33	1	1010.68807	372.53997	1108.78899	365.25612
124	0	0	1120.55963	733.58728	733.14679	745.38662
124	0	1	1106.90826	644.61501	716.85321	665.22349
124	1	0	1321.88991	294.33768	1765.43119	264.43230
124	1	1	1236.45872	301.38499	1666.34862	275.00326
124	2	0	532.22018	515.25449	606.85321	536.18434
124	2	1	582.86239	498.51713	669.38532	522.53018
124	3	0	1683.05505	410.50734	1726.00000	395.04241
124	3	1	1575.60550	398.61501	1615.46789	384.47145
124	4	0	1320.48624	382.76672	1387.37615	378.36215
124	4	1	1265.44037	401.70636	1344.66055	399.94454
124	5	0	1194.26606	740.29201	704.58716	757.58564
124	5	1	402.76147	337.10277	291.42202	380.31485
124	6	0	882.74312	661.76509	18.05505	689.86134
124	6	1	1075.18349	507.16476	399.41284	529.53507
124	7	0	1260.44037	760.09951	847.19266	777.63622
124	7	1	1418.09174	676.85318	1046.23853	692.18760
124	8	0	1239.44954	440.02773	904.42202	452.16966
124	8	1	1429.68807	478.34747	988.97248	487.40620
124	9	0	207.55963	219.06525	146.54128	283.35073
124	9	1	429.50459	239.32626	335.45872	288.63622
124	10	0	1357.33945	570.17129	920.23853	585.93638
124	10	1	1587.21101	645.48940	1062.91743	659.05220
124	11	0	1172.13761	362.70636	1321.44954	361.36215
124	11	1	1280.02752	355.21860	1442.99083	347.26754
124	12	0	1149.27523	444.48124	785.33028	459.99347
124	12	1	1059.44037	396.91191	608.30275	415.50734
124	13	0	720.15596	607.69331	294.16514	631.08483
124	13	1	765.95413	443.84339	405.13761	466.79445
124	14	0	655.67890	162.92170	913.98165	193.36052
124	14	1	709.40367	181.86134	965.94495	212.74062
124	15	0	734.99083	579.94617	287.76147	604.53018
124	15	1	987.76147	623.11093	509.05505	646.75530
124	16	0	1480.84404	706.64763	1041.38532	725.01631
124	16	1	1757.39450	647.62643	1310.88991	658.50734
124	17	0	1132.29358	734.06362	721.17431	751.15824
124	17	1	1097.59633	551.36052	599.19266	571.45188
124	18	0	1058.30275	565.36542	795.87156	578.28059
124	18	1	1196.57798	681.64600	840.78899	697.20392
124	19	0	1142.66055	768.87276	578.12844	784.56444
124	19	1	935.30275	585.82708	321.07339	610.29201
124	20	0	982.86239	468.90701	576.45872	486.45840
124	20	1	898.31193	374.64927	355.83486	402.77162
124	21	0	1000.79817	691.69494	597.47706	709.74225
124	21	1	854.15596	585.10440	394.46789	613.28222
124	22	0	902.67890	730.82708	78.38532	755.12398
124	22	1	1199.92661	699.55465	312.22018	723.41109
124	23	0	945.35780	579.31811	673.39450	601.04078
124	23	1	1118.92661	557.68189	835.00917	571.97064
124	24	0	1038.62385	752.37357	512.30275	769.30506
124	24	1	847.26606	610.64927	236.91743	636.51876
124	25	0	692.62385	690.37520	357.73394	707.53997
124	25	1	903.55963	675.84013	551.93578	693.00489
124	26	0	970.09174	510.94454	975.74312	524.45677
124	26	1	844.58716	495.52855	843.57798	512.39804
124	27	0	1150.20183	495.96900	1210.69725	508.64437
124	27	1	1038.34862	498.17129	1087.68807	510.53997
124	28	0	424.40367	651.01631	286.71560	664.22023
124	28	1	1139.74312	557.57586	1087.73394	569.56607
124	29	0	1154.28440	659.88418	1005.46789	677.42414
124	29	1	158.44954	466.02773	68.69725	509.21860
124	30	0	1817.39450	616.94617	1584.51376	625.27896
124	30	1	1618.78899	559.68679	1427.74312	566.25775
124	31	0	408.64220	447.23165	488.19266	476.76672
124	31	1	279.17431	438.86297	365.77064	475.00489
124	32	0	1572.99083	442.86297	1490.43119	437.48287
124	32	1	1751.77982	428.76835	1683.75229	417.22186
124	33	0	1546.56881	562.22675	1553.84404	569.17945
124	33	1	1409.75229	530.01794	1432.35780	538.24470
124	34	0	1058.38532	445.25612	1224.75229	451.23165
124	34	1	970.75229	435.12561	1130.51376	440.22023
124	35	0	845.31193	503.15987	829.05505	519.91028
124	35	1	1008.68807	477.17292	1044.39450	488.63785
124	36	0	1473.72477	488.56444	1320.54128	491.01631
124	36	1	1157.54128	522.50408	1072.63303	531.33931
124	37	0	1109.13761	644.05220	134.75229	650.48124
124	37	1	1780.40367	567.94780	561.34862	583.76672
124	38	0	1156.83486	537.91028	533.62385	556.30179
124	38	1	675.52294	567.90865	142.18349	595.95759
127	0	0	1536.11927	795.97064	318.61468	815.94617
127	0	1	1626.83486	795.53018	409.33028	816.38662
127	1	0	566.31193	425.01305	724.55046	447.72594
127	1	1	463.26606	404.75204	635.59633	428.34584
127	2	0	507.71560	475.84992	525.34862	500.48124
127	2	1	565.40367	467.48124	598.88991	489.91028
127	3	0	347.42202	456.46982	417.89908	482.86297
127	3	1	417.88073	452.94617	498.48624	480.22023
127	4	0	271.02752	376.97716	535.47706	408.12398
127	4	1	329.59633	379.61990	593.60550	409.00489
127	5	0	1393.14679	482.31321	1386.77064	495.37194
127	5	1	1370.68807	400.38825	1396.89908	409.04241
127	6	0	1489.74312	522.47961	1371.39450	534.44535
127	6	1	1525.41284	463.89886	1478.84404	471.46003
127	7	0	429.52294	517.84829	234.80734	541.98042
127	7	1	650.14679	499.78956	532.29358	521.36215
127	8	0	1747.37615	519.13051	1560.93578	530.53507
127	8	1	1858.34862	521.47961	1599.98165	532.88418
127	9	0	849.03670	505.88254	861.61468	522.71778
127	9	1	987.60550	493.54976	1000.18349	509.50408
127	10	0	1096.94495	494.13866	1195.95413	508.36215
127	10	1	985.38532	496.48777	1096.72477	511.00489
127	11	0	1524.36697	431.71778	1525.91743	439.89070
127	11	1	1605.39450	418.79772	1645.69725	418.74878
127	12	0	1600.55963	699.97879	1423.06422	712.95432
127	12	1	1615.70642	523.60685	1650.37615	535.28874
127	13	0	396.99083	549.09788	447.25688	568.38499
127	13	1	456.58716	537.35237	525.05505	557.22675
127	14	0	371.20183	586.33605	415.74312	602.18434
127	14	1	480.41284	554.32953	514.09174	576.93148
127	15	0	727.74312	503.43393	559.64220	525.07504
127	15	1	818.16514	468.78467	674.72477	489.25122
127	16	0	1698.99083	539.49592	1872.44037	547.28222
127	16	1	1573.04587	551.82871	1742.09174	561.67047
127	17	0	639.80734	299.51713	232.21101	338.48124
127	17	1	1076.97248	171.91028	640.41284	199.91028
127	18	0	1449.58716	586.01794	1825.32110	600.05383
127	18	1	1509.03670	561.79282	1899.74312	581.11419
127	19	0	1378.51376	559.49266	1479.33028	571.88581
127	19	1	1470.55046	562.57586	1623.33028	577.17129
127	20	0	1757.94495	350.03100	1598.23853	348.54160
127	20	1	1481.83486	327.56770	1408.21101	329.66069
127	21	0	45.35780	361.37520	108.77064	405.07667
127	21	1	283.15596	399.25449	353.61468	431.06362
127	22	0	1287.29358	449.70636	1484.52294	460.68352
127	22	1	1469.60550	526.78630	1690.61468	544.37031
127	23	0	1563.20183	535.79119	1448.79817	548.68352
127	23	1	1354.02752	583.36052	1311.40367	597.13377
127	24	0	1523.57798	579.65905	1152.10092	601.63458
127	24	1	1675.50459	561.15987	1377.56881	578.73083
127	25	0	714.70642	386.14845	586.03670	413.73083
127	25	1	824.79817	431.51550	730.47706	452.93148
127	26	0	606.07339	705.33931	238.81651	721.15987
127	26	1	527.24771	730.88581	126.96330	743.18271
127	27	0	1649.42202	272.80261	1398.73394	274.80261
127	27	1	1746.30275	300.11093	1567.39450	292.86134
127	28	0	1066.55046	374.84013	731.55963	397.41109
127	28	1	1258.55046	432.09951	865.87156	450.70636
127	29	0	49.90826	131.60685	146.64220	204.20228
127	29	1	1152.77064	67.83034	1137.13761	77.81403
127	30	0	401.38532	67.53670	555.55963	123.48777
127	30	1	622.82569	113.95595	837.81651	143.67047
127	31	0	238.90826	769.92333	213.65138	774.12072
127	31	1	456.96330	511.21533	454.96330	533.38173
127	32	0	288.88991	499.60522	420.14679	521.25612
127	32	1	467.38532	487.56607	596.89908	509.87765
128	0	0	1395.06422	682.98206	436.88073	677.99347
128	0	1	1468.60550	682.54160	511.30275	681.95759
128	1	0	1527.49541	49.33116	1718.31193	7.04731
128	1	1	1680.97248	163.26264	1871.85321	125.67700
128	2	0	1318.64220	445.08809	1165.48624	443.80424
128	2	1	1044.15596	319.99511	879.17431	314.37684
128	3	0	769.91743	376.77977	36.69725	358.00979
128	3	1	973.25688	368.05710	378.08257	358.17781
128	4	0	1432.57798	628.33605	1024.90826	630.28059
128	4	1	1592.28440	566.96574	1224.61468	573.25775
128	5	0	1252.34862	81.63132	1090.55046	57.25938
128	5	1	1281.95413	240.76346	1116.18349	222.21044
128	6	0	1542.37615	543.05873	1002.15596	534.81240
128	6	1	1736.72477	351.21860	1224.31193	341.81403
128	7	0	1033.97248	778.19576	536.55046	747.54323
128	7	1	986.88073	1064.73083	498.88991	1014.81240
128	8	0	1132.13761	57.25938	1048.33945	31.41925
128	8	1	1181.28440	183.34258	1119.67890	160.03263
128	9	0	837.81651	235.08157	595.36697	221.36705
128	9	1	987.83486	141.99837	764.76147	128.57749
128	10	0	1000.99083	634.34258	718.82569	619.31158
128	10	1	1193.87156	538.91028	916.34862	535.14682
128	11	0	1410.97248	335.85155	1151.28440	326.54976
128	11	1	1455.30275	145.56770	1201.35780	126.52039
128	12	0	1560.84404	628.81892	1065.39450	634.40620
128	12	1	1764.33028	472.79772	1307.53211	482.83034
128	13	0	1488.91743	813.92333	1196.30275	821.09951
128	13	1	1477.03670	1022.15334	1173.11009	1037.12887
128	14	0	1338.00000	454.08483	1272.95413	453.01305
128	14	1	1456.89908	520.74062	1367.65138	527.44861
128	15	0	1052.66055	538.32953	591.77982	525.10604
128	15	1	1264.38532	447.59217	782.32110	454.05220
128	16	0	917.57798	451.54323	709.08257	425.02610
128	16	1	876.33028	266.59054	662.96330	241.87602
128	17	0	1510.51376	463.70310	1220.60550	457.84992
128	17	1	1586.41284	375.73573	1355.65138	369.75856
128	18	0	1155.37615	579.24959	741.51376	563.90865
128	18	1	1351.26606	514.54976	947.69725	503.13866
128	19	0	1038.37615	384.69331	651.51376	372.71615
128	19	1	1207.34862	271.24959	846.44954	262.89560
128	20	0	1411.72477	1066.30179	1122.73394	1073.83361
128	20	1	1415.33028	849.25775	1147.00917	850.07667
128	21	0	1191.82569	427.12887	1029.71560	409.01142
128	21	1	1159.71560	259.29853	1020.24771	235.04405
128	22	0	388.52294	280.60033	103.24771	260.34584
128	22	1	607.83486	340.84013	283.79817	319.66069
128	23	0	1225.98165	600.78303	761.98165	594.12072
128	23	1	1835.44954	148.88418	1196.55046	186.09299
128	24	0	1690.42202	282.06036	1006.69725	274.39315
128	24	1	1057.22018	166.79772	24.80734	169.55302
128	25	0	1189.36697	51.97390	1241.83486	26.42741
128	25	1	1353.30275	530.70310	1279.40367	527.78793
129	0	0	1412.72477	765.48450	456.34862	822.56607
129	0	1	1541.31193	805.56607	564.23853	782.48450
129	1	0	1106.11009	651.68515	659.33945	666.40946
129	1	1	634.35780	752.00489	165.10092	764.42577
129	2	0	1806.38532	824.43230	789.86239	832.27406
129	2	1	1207.95413	444.30506	1.76147	456.31321
129	3	0	1123.22018	671.82871	603.55963	695.03426
129	3	1	748.44954	838.42251	41.68807	871.36052
129	4	0	1363.95413	526.52692	954.83486	510.61501
129	4	1	739.28440	568.23491	647.82569	584.47961
129	5	0	1098.75229	796.87439	686.77982	810.74225
129	5	1	741.57798	570.83197	66.93578	602.03589
129	6	0	23.19266	329.74225	165.01835	384.01958
129	6	1	773.91743	400.90212	693.82569	417.83687
129	7	0	205.74312	346.09135	442.98165	391.74062
129	7	1	316.71560	356.36868	543.97248	396.43883
13	0	0	1368.80734	806.50408	555.26606	815.12561
13	0	1	1130.33945	701.97064	787.71560	710.90865
13	1	0	928.62385	700.50408	849.57798	709.63622
13	1	1	1065.57798	678.92170	1001.06422	687.61338
13	2	0	536.71560	750.21860	385.11927	754.61175
13	2	1	743.24771	752.42088	559.50459	760.33768
13	3	0	1357.23853	442.62643	1599.79817	430.96900
13	3	1	1426.37615	450.55465	1670.25688	436.69494
13	4	0	782.93578	443.55465	493.16514	460.29201
13	4	1	985.50459	492.44535	697.93578	500.37357
13	5	0	426.29358	458.38825	355.62385	486.42251
13	5	1	594.07339	498.46982	514.15596	518.57586
13	6	0	1250.04587	682.05057	1078.10092	688.41109
13	6	1	885.42202	588.23328	744.00000	601.18434
13	7	0	476.27523	770.62316	69.57798	780.17292
13	7	1	941.22936	743.64927	645.70642	748.44535
13	8	0	158.94495	93.27080	337.73394	178.81403
13	8	1	302.94495	107.36542	459.27523	178.81403
13	9	0	451.77064	474.14845	507.85321	499.78956
13	9	1	632.32110	454.76835	703.81651	474.24307
13	10	0	1556.80734	252.53018	1438.59633	233.87439
13	10	1	1392.11009	188.22349	1257.04587	181.45840
13	11	0	1536.73394	712.10114	1009.22936	719.37357
13	11	1	1331.73394	574.36542	875.40367	584.17292
13	12	0	517.94495	584.40946	369.58716	603.03915
13	12	1	691.44954	521.86460	545.29358	540.93475
13	13	0	1164.79817	643.02773	756.77064	655.23165
13	13	1	912.46789	601.18434	543.69725	619.54486
13	14	0	635.87156	765.19576	428.45872	768.22023
13	14	1	849.44954	705.29364	612.53211	713.16313
13	15	0	1397.62385	670.30016	776.03670	676.81566
13	15	1	1150.13761	564.15008	570.38532	584.31974
13	16	0	1458.57798	527.32790	1008.87156	533.49429
13	16	1	1285.95413	481.96085	920.79817	498.25775
13	17	0	609.66972	604.22023	423.86239	620.57586
13	17	1	776.12844	595.85155	590.76147	615.29038
13	18	0	1396.04587	530.94617	951.91743	539.72920
13	18	1	1126.68807	476.62643	723.77982	488.51713
13	19	0	1248.73394	702.30506	784.86239	718.39315
13	19	1	1322.74312	420.14682	778.25688	433.08809
13	20	0	1254.47706	780.25449	431.95413	793.58891
13	20	1	993.33945	623.89233	225.98165	641.37520
13	21	0	1632.88073	447.12235	1166.16514	442.77651
13	21	1	1827.08257	297.80750	1393.83486	279.80750
13	22	0	1479.83486	743.12561	962.70642	744.43393
13	22	1	1407.69725	552.49755	819.94495	561.16150
13	23	0	1599.74312	812.02936	1133.05505	821.28059
13	23	1	1887.85321	795.59054	1350.59633	803.66232
13	24	0	1081.90826	578.29201	574.19266	594.76835
13	24	1	830.89908	585.77977	399.80734	609.30343
13	25	0	1091.14679	422.17292	483.89908	446.04241
13	25	1	1307.36697	448.60033	771.45872	463.22023
13	26	0	826.23853	719.38499	225.87156	730.25285
13	26	1	1054.34862	592.97390	501.10092	609.12724
13	27	0	1587.56881	665.68352	1079.48624	676.20881
13	27	1	1334.44037	613.67374	857.98165	619.55465
13	28	0	1580.91743	815.06362	1026.29358	823.82545
13	28	1	1817.83486	690.85481	1213.44954	689.48613
13	29	0	1504.01835	545.63622	864.88073	558.49918
13	29	1	1726.40367	438.60522	1092.49541	435.12561
13	30	0	1078.45872	647.92170	671.44037	660.07667
13	30	1	883.37615	507.85644	438.92661	528.38010
13	31	0	1557.40367	830.73083	1042.50459	837.53997
13	31	1	1653.52294	663.19739	1159.74312	662.51876
13	32	0	1034.78899	764.89886	532.50459	772.30343
13	32	1	536.93578	489.44535	472.26606	512.66232
13	33	0	1179.68807	569.61338	1302.65138	568.94617
13	33	1	1124.64220	579.30343	1218.10092	583.92170
130	0	0	1409.96330	763.57912	443.48624	785.54160
130	0	1	1530.18349	793.97064	322.38532	820.77814
130	1	0	1759.41284	725.08157	1523.42202	755.52692
130	1	1	1558.56881	694.90049	1360.77982	721.17129
130	2	0	748.78899	635.70799	648.25688	655.14519
130	2	1	592.96330	615.51387	475.23853	638.20228
130	3	0	105.06422	692.48613	10.27523	701.98042
130	3	1	310.27523	716.56444	179.66972	728.70147
130	4	0	376.80734	704.03426	498.85321	715.36052
130	4	1	272.00000	667.62316	402.55963	680.12398
130	5	0	367.41284	684.06688	529.38532	698.03589
130	5	1	441.39450	645.30669	615.69725	656.63295
130	6	0	960.48624	555.84992	792.39450	573.65253
130	6	1	1151.54128	533.67863	965.95413	555.95432
130	7	0	1143.72477	535.58891	104.22018	565.04405
130	7	1	1684.34862	482.91843	535.42202	511.93801
130	8	0	1090.33945	837.20881	593.74312	852.57586
130	8	1	816.95413	624.89886	309.50459	645.07504
130	9	0	533.22936	694.35889	7.92661	713.05220
130	9	1	418.01835	430.84502	23.19266	467.35400
130	10	0	1348.37615	660.86949	978.18349	680.99511
130	10	1	1132.64220	637.76346	773.55963	657.21044
130	11	0	390.04587	566.37357	376.69725	586.88254
130	11	1	202.57798	497.71126	223.21101	526.18434
130	12	0	1334.23853	665.80587	958.35780	685.54486
130	12	1	1531.55046	771.42414	1041.90826	802.81077
130	13	0	747.21101	622.45514	578.66055	636.80587
130	13	1	606.00000	586.33768	440.67890	605.68026
130	14	0	981.82569	676.05710	788.36697	692.00326
130	14	1	816.28440	598.24307	643.33945	612.42741
130	15	0	841.53211	685.33442	771.75229	700.41599
130	15	1	658.77982	643.88418	605.58716	658.71941
130	16	0	473.84404	600.62480	309.79817	620.29853
130	16	1	298.87156	589.76020	162.71560	614.13214
130	17	0	642.65138	559.13540	499.78899	585.06525
130	17	1	521.11009	488.95595	414.94495	520.17129
130	18	0	1219.31193	524.80261	1200.71560	538.76346
130	18	1	1092.77982	503.66069	1112.64220	524.66884
130	19	0	350.26606	603.62480	133.43119	627.66069
130	19	1	524.65138	598.33931	317.50459	618.41109
130	20	0	153.24771	448.10114	19.37615	479.08809
130	20	1	312.66055	411.98369	191.11927	442.53018
130	21	0	784.09174	440.93148	798.65138	465.78140
130	21	1	655.79817	423.01958	685.91743	446.40131
130	22	0	444.13761	464.76672	448.00000	494.21533
130	22	1	318.48624	453.02121	328.80734	480.70799
130	23	0	702.98165	407.85155	783.46789	426.77325
130	23	1	596.70642	380.83687	692.75229	405.33768
130	24	0	945.81651	470.76672	991.43119	487.83850
130	24	1	837.48624	470.32626	879.57798	494.00489
130	25	0	446.10092	386.10114	205.65138	423.71941
130	25	1	301.22018	372.00653	10.12844	415.35073
130	26	0	1360.01835	611.29690	1350.24771	628.71778
130	26	1	1613.81651	602.40131	1634.66055	616.72431
130	27	0	1573.82569	448.17618	1493.75229	462.16150
130	27	1	1901.50459	471.81240	1784.77064	477.28222
130	28	0	164.87156	810.53670	217.83486	807.59706
130	28	1	376.83486	771.18923	388.80734	778.76509
130	29	0	1294.74312	909.90049	1007.66972	939.94780
130	29	1	380.75229	833.24144	283.23853	847.05873
130	30	0	269.78899	524.21697	310.57798	546.11419
130	30	1	397.78899	512.47145	435.93578	534.07504
130	31	0	533.04587	499.36052	631.97248	523.74225
130	31	1	618.77064	497.59869	728.85321	519.92496
130	32	0	339.33945	526.68679	443.31193	548.80424
130	32	1	440.91743	508.48124	550.76147	530.30506
130	33	0	949.86239	251.62969	1088.68807	272.28711
130	33	1	1035.44037	281.67047	1177.61468	295.37684
130	34	0	96.24771	402.26591	326.32110	439.71778
130	34	1	181.38532	406.67047	412.04587	441.18597
130	35	0	130.25688	833.97879	197.55963	833.34421
130	35	1	865.82569	702.87439	922.62385	724.69494
130	36	0	753.48624	92.36215	834.99083	124.26591
130	36	1	855.65138	104.40131	943.61468	127.49592
131	0	0	1492.36697	717.08809	314.36697	712.97064
131	0	1	1583.52294	716.64763	403.76147	717.81566
131	1	0	1532.09174	872.13703	1392.37615	900.95759
131	1	1	1423.32110	843.50734	1272.59633	866.60196
131	2	0	1021.62385	838.50408	1159.54128	830.57749
131	2	1	1094.28440	837.62316	1220.75229	845.11256
131	3	0	1148.45872	950.69494	1148.77982	955.43393
131	3	1	1078.00000	974.03915	1085.80734	977.01631
131	4	0	343.16514	938.17292	568.22936	881.13703
131	4	1	418.02752	936.85155	633.84404	888.18434
131	5	0	1050.79817	766.42251	944.94495	755.95595
131	5	1	903.71560	768.18434	810.63303	750.23002
131	6	0	985.43119	813.78793	796.75229	800.62480
131	6	1	1115.77982	775.46819	951.32110	769.35237
131	7	0	767.29358	894.88581	463.71560	860.63622
131	7	1	927.58716	861.85155	655.71560	839.93475
131	8	0	1528.14679	851.46819	1320.02752	872.38662
131	8	1	1345.83486	837.37357	1165.01835	841.99511
131	9	0	905.00000	889.94780	665.80734	868.72104
131	9	1	725.33028	938.83850	412.09174	902.93638
131	10	0	1899.74312	1065.90538	1329.71560	1079.55954
131	10	1	1431.70642	1075.59543	941.96330	1074.71452
131	11	0	1133.46789	777.19576	1138.63303	775.26754
131	11	1	1335.15596	780.27896	1363.66055	793.32626
131	12	0	1429.56881	816.59054	1408.06422	838.95759
131	12	1	1463.03670	806.01958	1461.78899	830.58891
131	13	0	868.54128	881.03915	968.33945	864.36215
131	13	1	903.33028	854.17129	1009.29358	834.41109
131	14	0	1074.49541	649.36215	1259.14679	642.69657
131	14	1	1098.27523	646.27896	1291.29358	641.37520
131	15	0	673.76147	570.83687	736.99083	548.67047
131	15	1	711.63303	582.72920	781.90826	561.88418
131	16	0	362.38532	660.69657	490.92661	622.43393
131	16	1	398.93578	673.02936	527.91743	634.76672
131	17	0	272.48624	614.39804	452.72477	575.99347
131	17	1	316.96330	637.74225	485.75229	598.45677
131	18	0	1136.09174	824.11256	1241.28440	827.88418
131	18	1	1173.52294	814.42251	1288.84404	810.70636
131	19	0	966.62385	515.55302	1008.07339	503.49918
131	19	1	1539.04587	436.45677	1654.76147	437.04894
132	0	0	1162.84404	706.50571	660.21101	719.53834
132	0	1	1091.37615	546.57749	579.62385	563.17618
132	1	0	67.37615	690.02936	261.90826	697.44535
132	1	1	111.41284	673.29201	302.86239	683.79119
132	2	0	1428.78899	509.17292	1628.67890	502.22023
132	2	1	1506.73394	517.54160	1717.19266	509.26754
132	3	0	1517.79817	694.81403	1263.08257	700.87439
132	3	1	1783.92661	624.98206	1572.22018	635.68679
132	4	0	1171.16514	620.21533	1070.04587	633.25285
132	4	1	965.51376	615.37031	840.61468	629.28874
132	5	0	1246.20183	812.92170	831.41284	829.65905
132	5	1	1587.24771	666.19739	1507.46789	675.15008
132	6	0	1263.47706	1016.57423	749.33028	1034.19250
132	6	1	1695.68807	1020.97879	1018.49541	1027.14519
132	7	0	1416.36697	931.60033	728.80734	946.17945
132	7	1	1062.09174	745.97064	513.77064	773.75693
132	8	0	888.16514	203.68515	497.96330	232.99347
132	8	1	1022.03670	277.24144	690.40367	295.97879
132	9	0	858.12844	561.73246	365.23853	588.26427
132	9	1	1074.34862	470.11746	589.82569	490.04241
132	10	0	1584.44954	497.28059	889.43119	508.94617
132	10	1	1320.90826	363.14845	584.30275	377.56607
132	11	0	814.00000	503.74225	601.57798	523.13703
132	11	1	618.03670	498.89723	417.06422	522.25612
132	12	0	709.59633	398.86460	94.23853	430.03915
132	12	1	903.35780	447.75530	401.61468	469.23980
132	13	0	1207.56881	221.74225	888.01835	228.70799
132	13	1	1416.30275	257.41925	1102.03670	255.57586
132	14	0	1663.90826	496.74388	974.89908	499.08972
132	14	1	1838.73394	525.37357	1219.30275	525.51713
132	15	0	1019.27523	429.09788	851.61468	440.50571
132	15	1	1185.73394	437.02610	998.69725	449.75530
132	16	0	1073.35780	605.19576	655.84404	617.88581
132	16	1	1314.33028	614.88418	866.33945	624.49266
132	17	0	1241.72477	500.67210	598.01835	514.94454
132	17	1	1572.00000	454.42414	820.40367	461.20881
132	18	0	1118.99083	647.87602	570.12844	661.03915
132	18	1	891.84404	847.47145	357.56881	857.80424
132	19	0	535.66972	216.01794	63.41284	261.93475
132	19	1	783.59633	238.92170	288.88073	271.62480
132	20	0	1328.85321	55.49755	909.00000	56.37847
132	20	1	1580.74312	85.44861	1134.02752	74.43719
132	21	0	408.47706	382.94780	352.55963	418.49429
132	21	1	622.13761	425.09951	548.08257	448.44535
132	22	0	1058.97248	511.13703	879.90826	526.01794
132	22	1	1208.69725	497.04241	986.91743	505.75693
132	23	0	1486.99083	394.31485	892.44037	399.05383
132	23	1	1767.06422	379.77977	1110.42202	375.26917
132	24	0	1486.76147	635.15661	786.47706	660.07341
132	24	1	1434.79817	432.98695	886.88073	447.33279
132	25	0	747.63303	410.60848	314.27523	438.31321
132	25	1	610.67890	260.85318	41.39450	293.19739
132	26	0	1578.27523	483.58891	929.95413	487.75693
132	26	1	1872.88073	519.70636	1196.10092	518.18434
132	27	0	1587.52294	233.16313	1128.59633	221.75693
132	27	1	1803.74312	313.76672	1328.96330	291.34910
132	28	0	1532.83486	774.04241	1609.47706	795.58891
132	28	1	1707.22018	777.56607	1787.38532	803.07667
132	29	0	253.65138	308.48777	612.11009	367.27243
132	29	1	371.66972	315.53507	728.36697	354.93964
134	0	0	1485.78899	728.49592	311.77982	719.08809
134	0	1	1566.37615	726.73409	389.72477	721.29038
134	1	0	1127.97248	667.22023	818.23853	656.11256
134	1	1	1236.30275	620.53181	921.72477	612.50734
134	2	0	617.41284	85.88907	603.21101	76.19902
134	2	1	292.46789	85.00816	298.47706	85.88907
134	3	0	711.60550	611.12398	765.90826	587.18434
134	3	1	803.64220	599.23165	873.35780	580.13703
134	4	0	910.57798	674.99347	439.60550	653.39804
134	4	1	921.14679	536.24959	233.81651	519.93475
134	5	0	1560.33945	700.89560	1296.43119	711.07667
134	5	1	1863.63303	666.46982	1685.19266	696.29201
134	6	0	1528.66972	652.33931	1502.44954	663.63458
134	6	1	1096.00000	612.50408	1172.17431	603.92170
134	7	0	687.80734	814.46982	547.03670	787.99347
134	7	1	1103.54128	836.36378	926.44037	830.67047
134	8	0	1111.48624	938.36215	880.00000	926.20881
134	8	1	1328.80734	869.93475	1189.05505	888.91191
134	9	0	765.32110	783.09951	22.45872	730.38662
134	9	1	1013.19266	690.25449	166.89908	669.60359
134	10	0	1678.23853	622.02773	1303.16514	633.52692
134	10	1	1897.54128	489.00979	1529.95413	498.74715
134	11	0	240.00000	601.63458	79.26606	557.81403
134	11	1	426.27523	543.93475	269.94495	507.60196
134	12	0	751.67890	337.69494	418.97248	321.23980
134	12	1	611.64220	229.34258	288.62385	214.64927
134	13	0	962.13761	307.19250	743.69725	293.74388
134	13	1	810.21101	238.04078	593.97248	226.35400
134	14	0	1205.22936	319.05220	478.93578	302.63295
134	14	1	1463.69725	109.48450	631.30275	98.70147
134	15	0	1206.99083	346.20881	886.39450	337.77977
134	15	1	1427.17431	295.99674	1075.75229	279.19902
134	16	0	1146.18349	403.27569	665.86239	395.13540
134	16	1	978.84404	287.43556	571.62385	275.77162
134	17	0	1149.38532	428.08809	1038.73394	417.11256
134	17	1	1287.66055	435.13540	1180.97248	430.76672
134	18	0	1166.88991	514.15824	1007.73394	495.08646
134	18	1	1287.11009	471.43393	1136.32110	461.61175
134	19	0	1515.30275	676.12561	1087.84404	698.24307
134	19	1	1779.96330	708.27896	1289.53211	735.68189
134	20	0	309.23853	842.57749	62.09174	777.16966
134	20	1	460.28440	806.90049	249.68807	758.67047
134	21	0	1340.50459	533.17129	1165.40367	531.24307
134	21	1	1483.18349	519.51713	1327.89908	519.79119
134	22	0	1393.26606	674.02936	1179.44954	676.81566
134	22	1	1565.00917	683.71941	1309.13761	695.88581
134	23	0	877.55046	404.53997	319.70642	394.61011
134	23	1	737.95413	308.96085	54.60550	307.84013
134	24	0	549.11009	603.14845	147.52294	562.61011
134	24	1	609.88073	449.91191	272.14679	418.58075
134	25	0	1492.77064	693.93148	1139.79817	694.18434
134	25	1	1635.88991	628.30343	1312.42202	636.92496
134	26	0	1416.85321	1020.53834	334.11927	994.77488
134	26	1	1209.94495	712.63785	62.53211	690.36378
134	27	0	1659.74312	433.99347	1190.30275	426.56281
134	27	1	1885.21101	314.62969	1386.26606	311.60359
134	28	0	1505.84404	475.37684	372.76147	484.27896
134	28	1	1187.64220	697.60033	100.84404	705.77651
134	29	0	1870.23853	591.63785	803.63303	597.36215
134	29	1	1641.00000	395.77977	507.84404	385.50571
134	30	0	1330.28440	934.76672	890.91743	935.80261
134	30	1	1494.98165	852.84176	1064.42202	861.36542
134	31	0	1060.88991	542.86297	754.46789	524.74388
134	31	1	1210.17431	503.22186	925.77064	490.38825
134	32	0	803.63303	1015.69331	118.06422	974.52692
134	32	1	1037.02752	940.37520	414.43119	919.91028
134	33	0	1064.70642	451.23165	746.63303	440.23165
134	33	1	1238.65138	367.10440	883.58716	356.10440
134	34	0	604.15596	471.59054	869.82569	452.07504
134	34	1	670.65138	472.03100	936.32110	455.59869
134	35	0	945.71560	1054.45351	304.87156	1030.22838
134	35	1	1504.31193	1018.33605	735.79817	1063.70310
135	0	0	1482.90826	718.31485	328.51376	712.19413
135	0	1	1570.54128	717.87439	413.50459	714.83687
135	1	0	1095.56881	790.19576	901.33028	781.84013
135	1	1	1339.67890	752.22023	1122.39450	755.85318
135	2	0	1156.03670	775.42088	955.07339	765.30343
135	2	1	1446.91743	839.34910	1205.20183	852.51387
135	3	0	1841.17431	996.75367	1428.73394	1014.37194
135	3	1	841.39450	875.85808	328.86239	843.01794
135	4	0	1164.29358	923.53018	216.99083	909.75693
135	4	1	1420.58716	957.00489	534.93578	961.73083
135	5	0	1208.00917	644.01794	416.77064	679.85318
135	5	1	854.74312	672.35073	105.68807	644.66069
135	6	0	1508.77064	532.26754	1345.71560	535.64437
135	6	1	1680.07339	558.25449	1531.22018	579.69657
135	7	0	1275.19266	641.23328	594.38532	617.97064
135	7	1	1583.36697	575.43393	788.58716	602.99511
135	8	0	474.24771	594.74388	262.01835	548.52855
135	8	1	305.58716	559.06688	86.75229	533.55302
135	9	0	464.40367	657.27896	194.48624	612.84013
135	9	1	670.49541	665.20718	379.44037	631.77977
135	10	0	1402.84404	908.45840	841.77064	927.16150
135	10	1	1648.13761	976.93312	1029.80734	1008.20555
135	11	0	1323.33945	678.46982	1266.92661	673.87439
135	11	1	1469.54128	659.97064	1406.52294	657.13703
135	12	0	1126.82569	550.32626	960.69725	539.43393
135	12	1	1284.91743	541.07667	1124.95413	536.35073
135	13	0	851.60550	528.46819	827.99083	516.85155
135	13	1	982.83486	535.51550	951.73394	528.74388
135	14	0	660.10092	615.32790	541.77064	583.37520
135	14	1	815.55046	589.78140	687.53211	569.72104
135	15	0	1386.16514	644.26591	870.80734	627.95759
135	15	1	1642.89908	569.38825	1110.80734	583.47145
135	16	0	1529.22018	673.68352	907.08257	687.31485
135	16	1	1870.23853	683.36215	1100.40367	740.61011
135	17	0	1243.93578	448.93148	430.81651	419.71778
135	17	1	1603.80734	317.04241	734.97248	319.00489
135	18	0	1412.69725	986.62316	459.03670	825.99347
135	18	1	1278.82569	738.20555	289.26606	628.64763
135	19	0	1015.36697	653.30016	660.98165	613.77814
135	19	1	913.20183	603.08809	476.02752	560.04241
135	20	0	1199.00000	560.80424	944.57798	536.60196
135	20	1	1082.74312	513.23491	791.77064	485.50897
135	21	0	521.54128	728.20392	446.20183	668.81240
135	21	1	709.57798	682.39641	606.05505	644.14682
135	22	0	1089.01835	602.37357	933.40367	585.91028
135	22	1	1266.92661	577.26754	1066.83486	574.01794
135	23	0	1421.88991	876.64763	706.89908	839.20392
135	23	1	1695.41284	736.80424	946.89908	722.92333
136	0	0	1349.39450	765.77977	496.07339	781.69657
136	0	1	1461.68807	808.50408	374.97248	829.26591
136	1	0	499.36697	708.31648	542.99083	721.52855
136	1	1	550.88991	711.84013	590.11009	724.61175
136	2	0	140.91743	634.25775	100.40367	654.79935
136	2	1	720.38532	597.10767	624.44037	616.03915
136	3	0	1759.70642	717.04241	1750.01835	737.25449
136	3	1	1864.95413	752.27896	1900.18349	784.82382
136	4	0	1004.04587	688.05220	999.46789	704.91028
136	4	1	1151.56881	673.07667	1138.62385	689.05383
136	5	0	1541.94495	636.12398	1785.24771	650.43393
136	5	1	1620.77064	626.43393	1884.33028	639.42251
136	6	0	1302.55963	513.52855	1468.05505	517.29038
136	6	1	1408.24771	535.99184	1578.58716	538.43230
136	7	0	181.87156	791.62316	143.55963	782.17129
136	7	1	421.43119	773.12398	345.68807	790.98042
136	8	0	1645.21101	706.40783	1425.13761	728.14845
136	8	1	1905.90826	677.77814	1712.69725	692.03100
136	9	0	827.45872	763.58891	648.83486	777.28059
136	9	1	598.90826	741.12561	468.66972	755.65742
136	10	0	998.21101	713.07504	863.26606	730.54160
136	10	1	831.62385	746.59869	652.79817	760.83850
136	11	0	1345.66055	794.79119	1201.25688	821.14519
136	11	1	1542.48624	783.49429	1432.00917	803.08646
136	12	0	1578.41284	981.77814	985.76147	999.83687
136	12	1	1903.26606	988.36052	1334.02752	1009.52692
136	13	0	1364.68807	185.09951	1775.55963	129.49429
136	13	1	1457.60550	181.13540	1903.70642	119.80424
136	14	0	1450.04587	134.33931	1862.75229	74.87765
136	14	1	1363.73394	152.39804	1769.39450	97.78140
136	15	0	776.10092	732.99347	705.95413	747.81403
136	15	1	567.49541	689.62316	518.35780	713.45840
136	16	0	1265.08257	739.75367	1184.19266	759.95595
136	16	1	1424.93578	698.79119	1397.77064	717.23165
136	17	0	1601.55046	602.50734	1702.01835	610.88418
136	17	1	1724.41284	603.82871	1863.19266	610.88418
136	18	0	683.63303	605.38499	575.22936	622.96900
136	18	1	518.69725	374.96900	433.38532	418.43230
136	19	0	592.14679	644.07830	659.78899	661.13703
136	19	1	379.00917	690.76672	432.98165	703.62643
136	20	0	642.38532	757.89886	425.95413	767.92170
136	20	1	315.20183	873.12072	51.52294	882.70799
136	21	0	1407.74312	609.11256	1626.17431	619.64927
136	21	1	1542.49541	640.82545	1807.16514	654.88581
136	22	0	1662.38532	474.87276	1444.21101	472.04078
136	22	1	1897.98165	448.44535	1774.23853	426.94454
136	23	0	37.43119	283.34910	106.12844	344.63785
136	23	1	306.49541	358.22675	299.00917	404.98042
136	24	0	44.91743	521.10767	350.53211	547.86949
136	24	1	279.19266	510.53670	562.78899	532.89396
136	25	0	1219.80734	538.87439	1469.39450	544.62480
136	25	1	1055.55046	542.83850	1314.38532	552.99347
136	26	0	292.40367	729.93964	265.10092	748.43883
136	26	1	721.32110	771.34258	618.27523	781.91354
136	27	0	562.07339	481.27732	817.54128	503.06525
136	27	1	8.80734	419.12398	338.04587	464.83850
136	28	0	1046.73394	735.04078	601.50459	753.39641
136	28	1	850.00000	490.27732	446.57798	513.74388
136	29	0	1833.68807	897.81403	1420.22936	921.37194
136	29	1	1520.58716	766.99837	1144.48624	786.04078
136	30	0	908.92661	482.42088	574.05505	504.86297
136	30	1	755.23853	437.49429	356.13761	465.53018
136	31	0	1285.10092	663.77977	746.49541	679.33442
136	31	1	1536.55046	648.80424	969.76147	662.15661
136	32	0	1002.00000	383.94454	629.44037	403.32463
136	32	1	1218.66055	302.90049	834.65138	318.31648
136	33	0	1446.82569	604.41109	1237.32110	615.87439
136	33	1	1328.80734	592.95922	1180.95413	604.86297
136	34	0	1464.94495	777.63295	1014.62385	795.78793
136	34	1	1533.64220	650.34095	1188.56881	665.41272
136	35	0	901.18349	893.38499	208.73394	916.70799
136	35	1	1124.60550	715.57749	378.22018	737.87113
136	36	0	1249.77982	290.56607	255.66972	311.30343
136	36	1	1576.81651	310.90865	704.30275	326.77977
136	37	0	591.77982	422.45677	465.34862	452.20555
136	37	1	395.47706	344.93475	262.77982	386.57749
136	38	0	1066.11009	502.82545	544.99083	524.06525
136	38	1	1288.93578	471.55302	790.88991	483.28874
136	39	0	1595.44954	805.27569	1007.74312	825.77814
136	39	1	1725.35780	715.86297	1242.41284	726.88744
136	40	0	1302.11009	504.48124	946.83486	513.83850
136	40	1	1110.55046	437.09135	809.34862	453.19739
136	41	0	1092.74312	725.69331	675.53211	743.46656
136	41	1	1065.33945	524.50734	727.55046	541.68352
136	42	0	524.24771	475.11093	84.11009	504.08809
136	42	1	754.11927	436.35073	222.82569	469.73246
136	43	0	638.85321	481.96900	188.47706	510.17292
136	43	1	895.10092	499.96900	456.66055	520.30343
136	44	0	863.97248	746.26427	278.15596	760.44535
136	44	1	738.02752	629.10277	22.89908	656.20718
136	45	0	879.38532	899.30343	285.79817	915.35073
136	45	1	629.99083	776.39967	3.08257	800.86297
136	46	0	1623.11927	761.61338	1507.77982	781.11256
136	46	1	1475.15596	713.60359	1368.18349	737.06688
136	47	0	1680.88073	732.68515	795.29358	747.76672
136	47	1	1303.50459	637.91028	480.55046	663.44535
136	48	0	358.35780	759.01468	241.16514	784.28059
136	48	1	1046.44954	562.02773	1003.09174	573.35073
137	0	0	401.61468	720.58728	1480.65138	729.15498
137	0	1	504.91743	696.50245	1364.10092	702.43393
137	1	0	1007.88991	877.45677	1250.88073	873.93475
137	1	1	963.41284	903.88418	1220.49541	910.05220
137	2	0	994.75229	891.17129	1259.37615	888.48124
137	2	1	952.47706	869.14845	1211.37615	875.26754
137	3	0	364.27523	701.31321	517.50459	736.55139
137	3	1	612.20183	574.90212	720.95413	598.68842
137	4	0	1126.50459	648.36215	1095.34862	650.31485
137	4	1	1284.15596	691.08646	1246.83486	688.19413
137	5	0	318.16514	693.11419	518.59633	727.02936
137	5	1	460.84404	660.52039	686.37615	690.91191
137	6	0	1170.83486	618.11256	1438.19266	618.37194
137	6	1	1387.05505	585.95922	1620.94495	578.29038
137	7	0	319.70642	715.52692	581.25688	755.16966
137	7	1	99.96330	693.06362	357.85321	740.57586
137	8	0	705.13761	619.11256	805.71560	635.58728
137	8	1	578.75229	627.92170	687.25688	653.64600
137	9	0	374.32110	691.86949	615.90826	730.39804
137	9	1	560.15596	646.06199	810.11009	672.69821
137	10	0	1217.23853	696.27896	1319.66055	693.09951
137	10	1	1057.82569	657.51876	1191.95413	664.91028
137	11	0	547.55046	743.20881	798.53211	769.59054
137	11	1	742.33028	834.58401	992.29358	852.39641
137	12	0	743.71560	709.75530	871.22936	730.03915
137	12	1	884.63303	654.69821	987.92661	665.29201
137	13	0	921.47706	596.83850	1088.73394	602.81403
137	13	1	785.84404	597.71941	961.46789	612.06362
137	14	0	1167.78899	480.73246	1562.40367	484.16803
137	14	1	1018.50459	454.74551	1361.15596	463.02610
137	15	0	1104.65138	536.25612	1472.14679	541.95595
137	15	1	924.98165	545.94617	1278.82569	549.44372
137	16	0	1388.01835	335.71941	1891.81651	339.31648
137	16	1	1123.79817	327.79119	1591.48624	334.91191
137	17	0	1250.14679	464.93312	1394.17431	451.72104
137	17	1	1136.97248	491.80098	1284.08257	482.99347
137	18	0	1116.84404	591.98042	1562.11927	592.56444
137	18	1	1282.86239	555.86297	1712.72477	557.32790
137	19	0	231.42202	595.15824	182.83486	639.07504
137	19	1	365.73394	558.15987	329.03670	588.42251
137	20	0	1281.00917	346.74225	1565.32110	358.73083
137	20	1	1180.16514	319.43393	1416.47706	332.30343
137	21	0	742.21101	492.82382	954.66972	511.09135
137	21	1	870.79817	433.36215	1057.71560	445.46330
137	22	0	496.22936	662.65905	749.58716	696.14682
137	22	1	601.47706	579.85318	819.16514	575.46166
137	23	0	1272.11927	450.09951	1448.23853	459.45514
137	23	1	1147.93578	422.35073	1326.69725	427.30179
137	24	0	1184.34862	714.83524	1649.17431	698.67047
137	24	1	1098.03670	662.86134	1478.75229	657.70799
137	25	0	1424.51376	595.99347	1796.69725	585.59054
137	25	1	1288.00000	589.82708	1600.73394	581.62643
137	26	0	1265.18349	374.98042	1414.59633	388.82708
137	26	1	1403.01835	308.47145	1529.09174	323.19902
137	27	0	1100.04587	359.12398	1388.17431	375.17292
137	27	1	1249.33028	260.02121	1498.26606	271.22512
137	28	0	846.58716	501.50571	1089.84404	517.00489
137	28	1	989.70642	527.05220	1236.48624	530.21860
137	29	0	1569.51376	316.06362	1648.37615	326.43393
137	29	1	1419.78899	306.81403	1510.54128	317.18434
137	30	0	642.85321	430.52855	426.44954	458.87439
137	30	1	944.03670	429.19413	762.22936	443.58564
137	31	0	512.23853	982.65905	993.46789	1016.57423
137	31	1	60.33028	983.53997	563.59633	1041.23980
137	32	0	897.80734	1004.21697	1249.35780	999.83687
137	32	1	1102.11927	837.05546	1275.33945	832.90375
137	33	0	354.88073	940.74225	659.02752	988.82545
137	33	1	734.47706	890.08972	981.71560	907.97064
137	34	0	516.89908	672.20555	413.24771	710.07667
137	34	1	1082.77064	602.32626	986.32110	611.81403
137	35	0	1071.38532	583.17129	962.52294	587.18434
137	35	1	1166.06422	606.95595	1063.36697	617.13540
137	36	0	675.83486	916.76672	1028.58716	931.33768
137	36	1	510.05505	644.34910	588.76147	677.93475
137	37	0	979.30275	622.37357	868.22018	636.48124
137	37	1	1551.80734	535.42088	1365.46789	535.22023
137	38	0	722.81651	735.04241	811.56881	756.62480
137	38	1	919.96330	631.10114	853.86239	645.96900
137	39	0	269.06422	429.22023	144.00000	455.98369
137	39	1	156.33028	419.97064	18.05505	441.88907
137	40	0	278.14679	597.87276	66.93578	641.71941
137	40	1	768.17431	511.48124	556.81651	533.10114
137	41	0	974.60550	848.45840	1246.19266	844.56607
137	41	1	294.04587	668.73246	411.95413	710.56607
138	0	0	1497.10092	721.63785	428.20183	678.67374
138	0	1	1386.56881	686.84176	314.14679	712.58891
138	1	0	518.88073	700.43230	622.73394	659.63458
138	1	1	1102.30275	644.64763	1191.88073	637.65905
138	2	0	1005.86239	831.69331	545.60550	813.88744
138	2	1	800.51376	984.42088	158.74312	944.94454
138	3	0	550.47706	682.05383	598.24771	645.76672
138	3	1	309.59633	646.37684	422.10092	609.20881
138	4	0	303.28440	687.67374	219.44037	639.80261
138	4	1	559.57798	650.23491	521.03670	618.52039
138	5	0	79.70642	704.07667	309.41284	647.04241
138	5	1	215.33945	686.01794	412.89908	642.63785
138	6	0	258.49541	675.00653	440.64220	633.38825
138	6	1	402.93578	661.79282	556.89908	628.54323
138	7	0	712.47706	930.53018	362.88073	892.52855
138	7	1	1054.93578	948.09625	640.31193	928.20555
138	8	0	1058.50459	221.97879	1015.97248	207.78956
138	8	1	1294.98165	178.81403	1227.34862	160.66069
138	9	0	187.59633	879.47145	12.33028	807.12235
138	9	1	388.11927	846.79119	193.76147	791.70636
138	10	0	1200.33945	888.84176	341.73394	872.98532
138	10	1	1411.71560	886.19902	664.96330	884.43719
138	11	0	1422.82569	412.62316	657.07339	407.54160
138	11	1	1830.93578	295.35400	951.85321	299.94617
138	12	0	1498.37615	637.21860	866.02752	635.30179
138	12	1	1565.67890	353.16150	869.66972	357.21697
138	13	0	393.68807	839.51060	136.51376	781.69984
138	13	1	538.12844	782.25122	313.54128	742.93964
138	14	0	779.72477	880.68189	437.22018	845.45840
138	14	1	997.87156	886.23328	618.21101	868.36215
138	15	0	1598.98165	868.66069	1196.39450	890.82708
138	15	1	1390.68807	862.93475	1028.17431	872.76835
138	16	0	1333.73394	853.60522	993.15596	866.81892
138	16	1	1550.39450	865.93801	1170.18349	886.19902
138	17	0	957.92661	933.32790	443.59633	905.64600
138	17	1	1213.77982	953.58891	648.36697	951.01305
138	18	0	600.77982	440.99347	410.51376	418.62153
138	18	1	766.35780	405.75693	549.66972	386.02773
138	19	0	1634.20183	759.84992	845.34862	761.46656
138	19	1	1919.11927	575.30343	1085.78899	584.40294
138	20	0	759.59633	532.51550	32.58716	499.64927
138	20	1	1049.93578	376.29038	204.77064	352.70636
138	21	0	1507.61468	663.00326	851.12844	666.90701
138	21	1	1721.39450	428.42251	955.97248	431.79282
138	22	0	1445.62385	553.46982	600.70642	555.58728
138	22	1	1105.18349	513.09951	297.68807	506.04405
138	23	0	1646.09174	486.29364	1022.92661	484.58075
138	23	1	1859.22936	248.44698	1093.38532	253.78140
138	24	0	960.28440	833.61175	720.58716	822.60033
138	24	1	792.94495	860.47961	525.06422	834.93312
138	25	0	302.54128	700.60033	261.75229	650.46982
138	25	1	476.92661	707.20718	422.92661	662.36215
138	26	0	879.97248	915.78956	409.90826	888.37520
138	26	1	998.87156	872.18434	587.37615	852.25775
138	27	0	1491.91743	586.40783	1017.13761	594.71778
138	27	1	1280.98165	507.56607	866.97248	505.74551
138	28	0	1160.27523	953.76672	641.90826	942.57749
138	28	1	960.78899	1015.43067	380.77064	988.82545
138	29	0	970.73394	786.10277	540.66055	784.10604
138	29	1	1138.95413	753.50897	677.17431	783.22512
138	30	0	831.33945	819.42251	590.46789	790.38499
138	30	1	1007.92661	874.03915	735.34862	866.14356
138	31	0	1469.94495	1079.11909	592.94495	1078.23817
138	31	1	1917.35780	1052.69168	913.53211	1071.19086
139	0	0	1470.07339	813.60196	367.66055	828.34095
139	0	1	1554.18349	811.39967	455.73394	827.01958
139	1	0	1488.80734	945.22023	995.38532	961.60033
139	1	1	1748.25688	1048.28711	1126.61468	1066.42904
139	2	0	1618.67890	655.11256	1724.03670	666.14845
139	2	1	1497.57798	659.07667	1569.46789	667.46982
139	3	0	1396.12844	1074.71452	377.60550	1079.11909
139	3	1	809.68807	949.55302	0.00000	956.51713
139	4	0	295.53211	587.96900	453.32110	606.68352
139	4	1	230.35780	569.02936	420.73394	595.67210
139	5	0	885.80734	723.43230	662.34862	733.57586
139	5	1	545.39450	794.91028	368.38532	797.63295
139	6	0	1570.97248	598.24470	1713.47706	601.49429
139	6	1	1404.95413	608.81566	1523.67890	616.91028
139	7	0	504.05505	170.83850	294.88991	223.55139
139	7	1	683.85321	237.60033	470.59633	272.44209
139	8	0	640.33028	183.72104	72.66055	231.92170
139	8	1	804.62385	271.70799	112.73394	300.63295
139	9	0	498.39450	444.81403	591.22936	466.75530
139	9	1	595.27523	430.27896	674.01835	453.54160
139	10	0	459.88073	480.88744	707.58716	499.62480
139	10	1	544.43119	492.33931	788.17431	512.39804
139	11	0	100.40367	762.58891	70.01835	767.06688
139	11	1	466.34862	708.70799	514.55963	715.41925
139	12	0	1905.90826	920.34747	1489.93578	948.87439
139	12	1	1460.69725	773.23491	1196.44037	794.07667
139	13	0	976.22936	357.65090	962.15596	368.74878
139	13	1	828.26606	302.15334	823.88073	320.29853
139	14	0	949.91743	588.13540	1023.37615	598.50408
139	14	1	850.83486	579.32626	927.37615	590.57586
139	15	0	1216.01835	478.79119	1433.81651	476.38662
139	15	1	1135.87156	478.79119	1349.70642	480.35073
139	16	0	621.23853	640.20881	620.46789	654.39804
139	16	1	535.80734	599.24633	648.21101	614.75693
139	17	0	920.12844	842.02610	397.27523	868.26754
139	17	1	332.46789	643.29201	47.55963	664.77977
139	18	0	520.90826	669.56444	545.68807	678.57749
139	18	1	27.30275	487.11419	239.55046	517.66069
139	19	0	997.41284	968.56444	399.98165	979.50408
139	19	1	609.58716	675.82708	314.70642	688.11746
139	20	0	452.59633	680.77651	17.17431	698.00326
139	20	1	368.03670	400.71941	125.94495	433.77162
139	21	0	1484.03670	680.79772	1494.60550	693.17945
139	21	1	1344.00000	653.48940	1363.37615	667.63295
139	22	0	356.69725	742.96574	183.19266	752.62969
139	22	1	180.55046	722.70473	74.86239	734.13051
139	23	0	1056.33028	354.39315	654.47706	378.77488
139	23	1	904.84404	429.27080	421.08257	463.34258
139	24	0	543.02752	423.46982	296.04587	450.83850
139	24	1	823.47706	554.14845	441.07339	569.63622
139	25	0	347.00917	840.39152	13.21101	839.51060
139	25	1	491.44954	774.32300	229.87156	790.17945
139	26	0	1315.09174	989.26591	721.81651	1011.72920
139	26	1	660.00917	975.28874	22.01835	988.11093
139	27	0	1473.12844	504.29038	1808.14679	493.97064
139	27	1	878.88991	433.62480	1124.62385	445.49103
139	28	0	742.57798	823.53997	175.60550	838.50571
139	28	1	1823.11927	909.31485	1019.26606	909.43393
139	29	0	850.74312	825.33931	298.50459	846.43393
139	29	1	1359.37615	765.93312	856.12844	778.11093
139	30	0	1610.21101	558.61338	1413.86239	565.27896
139	30	1	1390.02752	575.35073	1220.65138	585.51550
139	31	0	1570.22018	567.56444	1219.29358	572.32626
139	31	1	1383.06422	482.99674	1047.07339	486.82708
139	32	0	1672.40367	373.46982	1319.08257	359.51876
139	32	1	1880.80734	402.58891	1530.89908	386.82708
139	33	0	899.67890	315.70799	412.36697	346.10114
139	33	1	1124.70642	297.64927	517.61468	325.84013
139	34	0	1146.77982	833.08646	357.73394	843.45677
139	34	1	1455.19266	1040.35889	531.88073	1043.88254
139	35	0	1838.97248	559.52855	1311.25688	553.91028
139	35	1	1683.08257	464.38989	1076.10092	461.85481
139	36	0	1457.73394	544.15987	357.28440	544.66069
139	36	1	1467.89908	205.87276	453.04587	189.73246
139	37	0	1620.99083	855.73246	1247.64220	872.98532
139	37	1	1907.22936	928.40783	1457.25688	946.10114
139	38	0	1141.48624	465.52855	489.32110	496.05220
139	38	1	1326.00000	522.34747	757.50459	542.74062
139	39	0	1598.69725	871.60033	957.58716	893.16966
139	39	1	1291.43119	898.31321	637.58716	923.81566
139	40	0	1079.78899	516.22023	689.43119	536.30343
139	40	1	1290.28440	555.42088	877.02752	571.09951
139	41	0	1366.89908	757.20718	1107.42202	772.98206
139	41	1	1582.67890	725.49429	1325.40367	754.92333
139	42	0	1406.18349	374.20718	1111.40367	369.50571
139	42	1	1203.17431	356.58891	944.50459	369.50571
139	43	0	1911.63303	781.87439	1006.56881	786.82708
139	43	1	1612.95413	637.99347	780.14679	629.37520
139	44	0	1237.87156	939.19413	769.03670	959.73083
139	44	1	1157.28440	853.30506	802.50459	862.83034
139	45	0	1252.44954	906.44698	592.79817	910.39967
139	45	1	1001.08257	806.99674	340.36697	818.96900
139	46	0	1526.02752	581.01631	1491.91743	583.04078
139	46	1	1426.94495	525.07830	1384.90826	524.90049
139	47	0	1143.11927	537.02936	732.71560	548.96574
139	47	1	944.51376	418.54649	585.19266	432.68515
139	48	0	1042.09174	681.51713	502.70642	691.03915
139	48	1	842.89908	492.68515	248.54128	512.88744
139	49	0	1039.72477	96.01958	397.11927	127.73246
139	49	1	753.04587	83.24633	178.25688	129.49429
140	0	0	1239.18349	848.00489	627.23853	855.25612
140	0	1	1041.89908	750.66395	442.28440	755.71289
140	1	0	1751.33945	589.94617	1803.74312	604.37357
140	1	1	1842.49541	601.39804	1907.66972	620.67047
140	2	0	832.91743	598.11256	787.76147	594.76835
140	2	1	916.58716	599.87439	846.33028	599.61338
140	3	0	1751.33945	815.49429	1345.12844	847.64763
140	3	1	1593.24771	823.86297	1207.29358	853.81403
140	4	0	1803.74312	819.01468	1393.35780	853.62316
140	4	1	1635.96330	827.38336	1237.46789	858.46819
140	5	0	1641.68807	548.12398	1721.83486	554.99347
140	5	1	1721.83486	541.51713	1814.31193	548.38662
140	6	0	1022.78899	723.82545	1042.13761	721.68352
140	6	1	1164.14679	702.68352	1163.67890	705.82708
140	7	0	1212.65138	631.39804	983.07339	635.20718
140	7	1	1414.77982	625.67210	1180.79817	636.08809
140	8	0	1387.68807	735.18434	1043.55963	753.36542
140	8	1	1631.65138	732.54160	1262.42202	755.12724
140	9	0	1597.84404	606.92170	1790.09174	615.46819
140	9	1	1533.11009	577.41109	1543.09174	582.83687
140	10	0	441.26606	691.93475	708.32110	680.29201
140	10	1	554.88073	687.97064	818.41284	668.84013
140	11	0	667.61468	649.65090	848.79817	643.29364
140	11	1	753.04587	649.21044	928.94495	640.65090
140	12	0	378.75229	777.58891	611.78899	751.30016
140	12	1	458.89908	705.35400	676.52294	684.35073
140	13	0	1004.62385	674.49266	1214.33028	670.48287
140	13	1	954.42202	670.96900	1164.12844	667.39967
140	14	0	938.56881	653.35073	1185.70642	648.01958
140	14	1	889.68807	647.62480	1136.38532	643.61501
140	15	0	974.64220	695.64763	1198.94495	693.01794
140	15	1	997.54128	696.52855	1221.84404	695.22023
140	16	0	863.11927	564.23165	1218.97248	553.70799
140	16	1	893.06422	557.62480	1251.11927	549.74388
140	17	0	1071.94495	662.06525	1296.19266	663.73246
140	17	1	1100.12844	669.11256	1325.25688	670.33931
140	18	0	456.75229	507.62643	320.35780	506.69494
140	18	1	806.84404	455.29038	648.00917	457.73246
140	19	0	458.42202	662.20555	237.24771	651.39315
140	19	1	815.55963	588.64927	602.75229	584.44372
140	20	0	822.43119	639.89886	209.65138	642.19413
140	20	1	1296.82569	588.17292	763.52294	600.35073
140	21	0	819.89908	721.68026	782.53211	713.86134
140	21	1	1664.27523	593.88744	1593.00917	608.39967
140	22	0	1068.88073	670.06199	1205.60550	670.79119
140	22	1	1649.64220	603.54160	1864.95413	613.02773
141	0	0	1380.47706	692.42251	438.06422	678.96900
141	0	1	1491.44954	727.65905	324.22018	713.06688
141	1	0	1632.14679	713.01794	1626.71560	733.56444
141	1	1	1712.29358	707.73246	1728.44037	734.44535
141	2	0	1451.71560	501.15987	1665.02752	498.40946
141	2	1	1502.79817	495.43393	1721.83486	491.80261
141	3	0	1170.89908	894.11419	851.34862	885.00653
141	3	1	1726.97248	817.12398	1439.99083	846.72104
141	4	0	1540.44954	594.79119	1798.45872	609.42088
141	4	1	1621.91743	596.55302	1918.23853	611.62316
141	5	0	763.14679	348.40620	900.65138	333.07341
141	5	1	909.34862	303.47961	1056.54128	284.18271
141	6	0	95.55963	751.55139	106.56881	692.55302
141	6	1	348.33028	758.15824	319.26606	712.37357
141	7	0	789.36697	759.10930	760.57798	732.35237
141	7	1	994.13761	723.43230	986.04587	709.88907
141	8	0	1176.07339	891.65742	643.33945	881.51550
141	8	1	879.43119	915.49266	341.85321	884.57259
141	9	0	1610.86239	427.45840	1171.11927	432.04078
141	9	1	1871.11927	322.15987	1404.07339	321.92659
141	10	0	1243.29358	516.52855	106.56881	505.80261
141	10	1	1662.04587	323.38662	343.48624	321.54160
141	11	0	1405.85321	226.13703	895.62385	212.64600
141	11	1	1726.23853	199.08646	1167.77064	181.81403
141	12	0	1572.03670	662.65905	1092.20183	671.42251
141	12	1	1798.01835	576.33605	1243.24771	589.49755
141	13	0	1255.83486	655.42088	701.66972	641.84992
141	13	1	1566.29358	655.86134	987.46789	657.26591
141	14	0	122.86239	715.42088	134.31193	663.11256
141	14	1	309.13761	677.54160	306.49541	636.24470
141	15	0	393.14679	489.89723	352.07339	461.40620
141	15	1	542.87156	426.91191	502.23853	408.55139
141	16	0	1412.39450	938.45677	542.47706	935.20555
141	16	1	1657.67890	898.81566	857.77982	904.08972
141	17	0	1589.08257	762.49429	1467.37615	774.01468
141	17	1	1751.13761	732.98369	1646.49541	760.90049
141	18	0	1543.16514	472.43230	781.22936	470.46982
141	18	1	1857.46789	441.35073	960.01835	445.36378
141	19	0	1596.22018	423.03752	1067.24771	419.53018
141	19	1	1857.90826	381.79282	1250.00000	386.05546
141	20	0	861.19266	854.22186	586.99083	825.63622
141	20	1	640.54128	847.46982	422.34862	810.37357
141	21	0	1199.01835	633.50571	916.58716	631.04241
141	21	1	1442.54128	580.21044	1149.54128	583.91354
141	22	0	1265.51376	999.39641	565.75229	996.31321
141	22	1	1568.92661	869.46166	849.49541	869.52855
141	23	0	710.28440	628.55139	534.56881	601.13540
141	23	1	898.32110	595.07667	727.88991	577.35073
141	24	0	1312.66972	571.88744	944.32110	566.69494
141	24	1	1603.66972	670.05057	1171.56881	683.02773
141	25	0	1099.11009	839.62480	499.59633	821.57586
141	25	1	1095.91743	1061.94127	290.73394	1032.43067
141	26	0	402.69725	821.37847	64.73394	769.68026
141	26	1	639.36697	741.94454	325.43119	705.81403
141	27	0	878.13761	647.97716	696.64220	630.65742
141	27	1	737.22018	632.12072	578.62385	607.75367
141	28	0	898.12844	652.14682	719.27523	633.55139
141	28	1	762.05505	626.60033	603.45872	600.07667
141	29	0	135.63303	830.71941	97.32110	769.17129
141	29	1	268.62385	830.71941	198.60550	772.25449
141	30	0	861.77064	975.82545	421.52294	942.42251
141	30	1	1052.44954	880.24633	656.23853	864.02121
141	31	0	1198.30275	1011.16803	610.18349	998.07504
141	31	1	1009.82569	990.46656	352.91743	966.29038
141	32	0	1200.33945	1013.49103	610.96330	1000.71778
141	32	1	1013.14679	994.99184	352.18349	966.44535
141	33	0	498.48624	565.95922	649.93578	536.96900
141	33	1	1248.77982	517.70799	1337.62385	510.25612
141	34	0	1377.57798	656.05057	1215.77982	656.92170
141	34	1	1307.12844	523.80261	1267.95413	537.67210
141	35	0	1097.01835	1009.96737	608.03670	995.87276
141	35	1	1471.71560	850.22186	1152.41284	851.48287
141	36	0	1018.97248	575.99347	249.29358	550.29201
141	36	1	1879.48624	594.68189	814.35780	604.37520
141	37	0	1436.90826	648.06688	1381.75229	652.96900
141	37	1	1646.08257	641.90049	1644.01835	659.81566
141	38	0	423.48624	854.07667	154.12844	799.65579
141	38	1	830.06422	807.18108	605.17431	777.97064
141	39	0	1376.56881	263.63622	1569.39450	240.74388
141	39	1	1588.38532	280.37357	1837.65138	253.75530
141	40	0	1437.57798	906.77977	1033.92661	916.90865
141	40	1	915.82569	907.08972	586.17431	891.01794
141	41	0	931.60550	672.10114	628.78899	647.24307
141	41	1	1367.66972	655.27896	1111.58716	655.86134
141	42	0	700.13761	1057.97716	219.30275	1011.72920
141	42	1	882.00917	864.17618	595.40367	839.00489
141	43	0	1039.44954	772.76672	937.10092	757.58564
141	43	1	371.77064	805.82871	226.34862	757.26591
141	44	0	1562.28440	901.33931	1184.50459	918.49429
141	44	1	1735.48624	709.26917	1708.62385	738.18434
141	45	0	884.88991	787.31321	737.57798	766.66069
141	45	1	1646.53211	786.19902	1393.40367	809.14845
142	0	0	1243.08257	688.01794	622.80734	678.06362
142	0	1	1162.03670	507.53018	544.66055	496.53834
142	1	0	895.52294	872.12561	666.58716	845.55302
142	1	1	652.17431	865.21860	433.36697	827.68189
142	2	0	1345.70642	623.66069	1467.80734	628.49429
142	2	1	1602.76147	638.77977	1764.55963	667.39641
142	3	0	1595.21101	613.08646	1773.56881	632.85971
142	3	1	1344.20183	592.38499	1484.68807	593.65905
142	4	0	1819.22936	500.31485	1500.39450	508.44372
142	4	1	1473.54128	484.89886	1219.33028	482.21860
142	5	0	1022.44954	379.88581	1079.34862	365.35073
142	5	1	1184.50459	371.95759	1250.21101	356.54160
142	6	0	1665.90826	603.57423	1691.44954	619.39804
142	6	1	1792.29358	508.43556	1857.90826	519.41436
142	7	0	1696.38532	416.34584	1808.14679	420.48940
142	7	1	1061.64220	329.94454	1027.21101	317.56444
142	8	0	1592.63303	362.09951	1774.67890	350.78793
142	8	1	1253.06422	321.23328	1391.43119	308.80261
142	9	0	1770.27523	1000.56281	867.53211	1019.21697
142	9	1	1399.92661	1003.80098	464.01835	998.51550
142	10	0	337.57798	542.25122	59.04587	506.62153
142	10	1	541.46789	479.70636	262.49541	452.88581
142	11	0	1179.14679	505.80261	315.15596	493.89886
142	11	1	1493.56881	485.10114	546.34862	485.53018
142	12	0	1190.15596	590.81077	628.28440	579.86297
142	12	1	1455.69725	508.44535	865.20183	508.94943
142	13	0	1093.37615	293.53018	1045.99083	279.54323
142	13	1	970.51376	338.01631	905.07339	324.46982
142	14	0	1076.29358	193.36052	999.52294	177.99511
142	14	1	1200.47706	191.15824	1109.17431	173.15008
142	15	0	1346.20183	648.90701	926.95413	647.49429
142	15	1	1472.14679	560.81566	1115.43119	557.20065
142	16	0	386.45872	693.19576	278.13761	650.62316
142	16	1	575.81651	691.87439	461.33028	658.11093
142	17	0	549.00000	703.37194	508.97248	664.75530
142	17	1	694.32110	685.75367	652.97248	657.70799
142	18	0	326.75229	637.83850	364.71560	596.99347
142	18	1	479.11927	631.67210	495.50459	598.75530
142	19	0	291.51376	852.01794	142.12844	791.95595
142	19	1	380.90826	830.87602	264.11009	778.30179
142	20	0	1010.13761	423.48124	1064.36697	409.19739
142	20	1	1105.25688	438.89723	1163.44954	430.33931
142	21	0	352.48624	711.39804	224.21101	669.47145
142	21	1	496.92661	715.36215	362.48624	679.60196
142	22	0	1123.37615	905.61175	702.77064	896.36215
142	22	1	1216.29358	865.08972	853.81651	862.88744
142	23	0	1275.21101	909.90701	538.67890	900.46982
142	23	1	1365.04587	810.80424	743.88991	809.73573
142	24	0	954.13761	767.92170	869.64220	753.50571
142	24	1	1046.61468	727.84013	985.45872	719.59054
142	25	0	1571.08257	754.12235	1336.23853	771.45677
142	25	1	1753.83486	740.02773	1474.95413	771.01631
142	26	0	983.44037	996.31321	419.22018	970.76672
142	26	1	1157.38532	1058.85808	638.52294	1049.16803
142	27	0	1280.94495	678.12561	893.65138	675.67210
142	27	1	1401.16514	625.27080	1054.38532	630.74551
142	28	0	1369.49541	651.65905	920.36697	650.26427
142	28	1	1560.61468	551.23491	1133.94495	557.76835
142	29	0	1508.76147	655.02936	968.30275	657.73083
142	29	1	1758.44954	558.56933	1184.96330	568.75856
142	30	0	1231.37615	454.86134	822.14679	447.81403
142	30	1	1041.57798	496.70473	678.58716	484.81240
142	31	0	926.67890	527.24470	1058.37615	513.33768
142	31	1	445.35780	512.42088	553.43119	486.92659
143	0	0	1492.36697	728.38825	310.32110	718.26917
143	0	1	1574.27523	723.54323	391.78899	720.03100
143	1	0	252.33028	562.22838	310.03670	522.59054
143	1	1	147.08257	560.46656	193.33945	518.62643
143	2	0	1398.54128	820.77977	1087.11009	828.08972
143	2	1	819.62385	875.81566	447.71560	843.00489
143	3	0	1125.82569	861.59869	525.71560	846.44861
143	3	1	656.26606	1072.51223	0.44037	1047.40620
143	4	0	352.74312	421.65905	443.20183	397.87439
143	4	1	532.41284	419.01631	633.00000	394.35073
143	5	0	344.17431	753.69494	220.36697	717.76509
143	5	1	628.68807	696.07830	516.21101	670.49266
143	6	0	1166.64220	194.88581	182.31193	184.84013
143	6	1	1409.92661	175.30179	518.68807	174.42088
143	7	0	1680.00000	311.70636	955.70642	315.75367
143	7	1	1474.24771	68.27080	767.64220	67.38989
143	8	0	1098.03670	361.81566	533.22936	347.68189
143	8	1	996.23853	167.28059	313.37615	156.60685
143	9	0	1842.93578	694.48124	1016.63303	704.66232
143	9	1	1645.65138	705.49266	686.83486	707.49103
143	10	0	1264.20183	990.58728	718.73394	981.33768
143	10	1	1070.44037	1033.31158	452.62385	1007.32463
143	11	0	1728.00000	321.54160	970.95413	324.52855
143	11	1	1573.87156	270.88907	714.22018	269.03100
143	12	0	1174.67890	201.77977	472.58716	196.04078
143	12	1	963.74312	159.93638	191.63303	148.91191
143	13	0	1041.40367	157.39804	336.37615	151.11256
143	13	1	832.66972	106.30506	16.73394	94.69821
143	14	0	1402.38532	388.47961	665.29358	372.74225
143	14	1	1215.42202	129.05383	431.66055	105.70962
143	15	0	1661.00000	532.91843	1041.02752	528.86297
143	15	1	1599.78899	342.20065	904.93578	339.06525
143	16	0	778.62385	177.24307	103.92661	160.75693
143	16	1	1129.51376	223.75530	474.64220	213.38662
143	17	0	1365.70642	426.99511	880.66972	419.57749
143	17	1	1585.44954	444.17292	1077.51376	444.68352
143	18	0	1549.74312	315.81403	959.49541	309.53997
143	18	1	1792.82569	232.56770	1091.60550	230.69821
143	19	0	987.72477	87.21044	377.41284	88.09135
143	19	1	683.87156	134.77977	103.48624	128.61338
143	20	0	553.11927	353.43230	340.09174	330.92985
143	20	1	762.73394	241.55628	520.20183	228.74388
143	21	0	1232.35780	1019.65742	593.57798	1009.96737
143	21	1	1377.63303	946.02936	812.88073	947.42251
143	22	0	1359.94495	359.11256	627.11927	349.87439
143	22	1	1087.11927	218.26754	242.11009	208.63948
143	23	0	1913.39450	559.04078	1529.06422	584.88418
143	23	1	1704.66055	667.00653	1326.82569	680.91191
143	24	0	755.11927	861.11419	407.80734	826.51713
143	24	1	938.31193	882.25612	592.32110	858.67047
143	25	0	1706.86239	704.69657	1319.11009	723.39804
143	25	1	1490.20183	637.30669	1087.78899	638.76835
143	26	0	934.65138	281.11256	450.09174	270.30343
143	26	1	1107.27523	250.72104	676.00000	240.35237
143	27	0	1097.39450	1078.23817	167.33945	1057.09625
143	27	1	1206.60550	794.58401	764.47706	801.63132
143	28	0	1009.32110	872.10440	355.81651	852.72431
143	28	1	1298.20183	1007.76509	283.59633	1025.38336
144	0	0	1499.88991	722.31485	321.11927	713.99347
144	0	1	1583.11927	718.79119	405.66972	718.39804
144	1	0	315.66055	660.39804	429.82569	618.96900
144	1	1	542.88991	710.16966	613.45872	675.78793
144	2	0	0.88073	749.98206	345.24771	681.82708
144	2	1	154.12844	728.79119	446.44037	674.61501
144	3	0	1240.07339	944.33931	760.95413	932.00653
144	3	1	1390.76147	704.25612	1270.01835	717.06362
144	4	0	350.43119	796.80261	280.10092	746.30016
144	4	1	217.44037	801.20718	157.23853	738.81240
144	5	0	771.09174	846.76672	669.85321	819.01794
144	5	1	664.96330	844.12398	554.47706	804.04241
144	6	0	1727.11927	639.37194	1918.23853	666.72920
144	6	1	1638.16514	638.49103	1811.22936	661.44372
144	7	0	1362.65138	683.46982	1372.22018	691.08809
144	7	1	1271.93578	674.66069	1290.75229	675.23165
144	8	0	768.85321	536.22838	431.52294	507.57912
144	8	1	918.57798	435.80424	597.25688	418.93148
144	9	0	1548.66055	491.85481	1308.63303	494.24307
144	9	1	1680.83486	405.46656	1377.33028	403.50897
144	10	0	1226.60550	611.51713	1069.59633	607.10114
144	10	1	1336.69725	493.91517	1168.67890	489.93964
144	11	0	1389.21101	369.44698	1251.69725	362.11419
144	11	1	1517.35780	391.91028	1419.47706	391.18434
144	12	0	1543.77982	476.47798	1536.18349	480.66069
144	12	1	1677.21101	432.43230	1663.88991	432.21044
144	13	0	1335.64220	644.26754	1311.63303	648.52855
144	13	1	1223.34862	614.31648	1195.81651	612.41109
144	14	0	156.77064	505.11256	261.42202	469.69657
144	14	1	428.03670	531.53997	514.63303	504.05220
144	15	0	1211.33028	515.69657	1334.28440	508.79119
144	15	1	1425.34862	514.81566	1554.46789	516.27896
144	16	0	1194.69725	744.35237	1194.80734	747.62153
144	16	1	888.41284	728.44535	874.22018	708.42088
144	17	0	1188.21101	997.63458	741.00917	990.14682
144	17	1	1577.34862	937.87439	1248.38532	960.02773
144	18	0	1339.20183	685.86134	793.41284	680.68189
144	18	1	1479.82569	491.21044	897.80734	491.67047
144	19	0	1779.08257	173.93475	943.76147	171.77977
144	19	1	1451.88991	81.87928	693.19266	76.64111
144	20	0	1794.49541	292.57586	942.06422	294.02936
144	20	1	1389.21101	293.68352	643.98165	296.72104
144	21	0	1331.95413	701.35889	786.34862	699.26427
144	21	1	1508.10092	522.97390	953.68807	521.76020
144	22	0	1601.88991	215.28059	1236.63303	204.18434
144	22	1	1372.33945	163.50571	976.94495	148.53344
144	23	0	673.72477	102.18597	154.56881	93.81729
144	23	1	988.29358	100.42414	457.78899	94.60359
144	24	0	1138.02752	607.54160	619.74312	594.96900
144	24	1	933.04587	451.68352	480.34862	437.90865
144	25	0	564.16514	646.74388	231.86239	615.14682
144	25	1	771.22936	630.55302	449.40367	607.65905
144	26	0	1507.33945	1000.71778	1202.18349	1026.26427
144	26	1	1664.55046	926.72104	1313.15596	954.46982
144	27	0	475.64220	317.57749	132.55046	303.23165
144	27	1	584.41284	353.69494	317.94495	338.90865
144	28	0	1606.70642	736.62153	969.60550	743.75530
144	28	1	1868.28440	634.87602	1186.70642	644.21207
144	29	0	1076.29358	554.01794	173.94495	540.56444
144	29	1	1370.02752	507.26427	450.93578	506.20881
144	30	0	1477.93578	820.93312	928.14679	827.74225
144	30	1	1718.37615	751.34095	1193.35780	769.75530
144	31	0	1139.90826	229.27896	300.77064	223.79119
144	31	1	871.06422	50.65253	38.75229	37.43883
144	32	0	1447.41284	534.98042	1582.57798	540.63785
144	32	1	1296.80734	546.87276	1440.33945	547.24470
145	0	0	1418.66972	768.46982	448.22936	783.01958
145	0	1	1544.61468	800.62316	330.21101	819.13703
145	1	0	581.22936	773.37031	281.66972	780.70799
145	1	1	500.64220	796.27406	150.44037	804.05220
145	2	0	539.42202	552.53997	821.22018	568.29201
145	2	1	691.34862	548.57586	955.53211	563.88744
145	3	0	1036.12844	525.38825	1416.01835	537.07667
145	3	1	1133.00917	522.30506	1524.34862	533.11256
145	4	0	337.44954	563.66069	718.88073	581.52855
145	4	1	217.66972	573.35073	603.50459	589.89723
145	5	0	228.88991	461.79119	651.66972	488.17129
145	5	1	53.18349	455.18434	493.13761	482.44535
145	6	0	1254.51376	409.43556	1632.91743	409.28059
145	6	1	1128.24771	414.95759	1498.78899	425.66884
145	7	0	1477.21101	556.75693	870.44954	577.74225
145	7	1	1373.39450	403.76835	633.11927	427.35073
145	8	0	1152.83486	664.38662	549.38532	681.50571
145	8	1	983.29358	604.48450	274.70642	628.30343
145	9	0	1671.19266	745.75530	921.07339	770.72268
145	9	1	1382.62385	940.99347	553.09174	970.76672
145	10	0	968.55046	667.15987	598.38532	683.64763
145	10	1	1187.41284	649.54160	802.71560	667.79119
145	11	0	697.03670	717.63458	106.56881	740.08809
145	11	1	883.75229	740.09788	336.00000	750.65905
145	12	0	1597.16514	517.01631	1239.63303	532.71615
145	12	1	1720.95413	325.30343	1297.95413	325.36215
145	13	0	1376.52294	876.33931	754.01835	894.45840
145	13	1	1141.44954	905.25612	480.29358	917.69657
145	14	0	1293.85321	290.16313	473.39450	319.38662
145	14	1	1325.22018	497.32463	645.95413	515.73083
145	15	0	468.14679	123.32790	38.31193	169.13540
145	15	1	683.04587	36.99837	186.71560	88.53181
145	16	0	1069.41284	303.17129	495.05505	332.44861
145	16	1	942.58716	297.88581	243.16514	330.68679
145	17	0	1270.22936	667.88581	777.70642	682.38499
145	17	1	1191.79817	433.81403	791.42202	456.89723
145	18	0	731.80734	271.32300	643.55963	298.08809
145	18	1	590.00917	178.82708	536.55046	219.24633
145	19	0	1061.91743	767.48124	605.81651	775.38662
145	19	1	831.60550	679.83034	303.31193	689.24307
145	20	0	958.20183	523.26591	372.10092	547.11256
145	20	1	1002.89908	323.25612	492.71560	353.85318
145	21	0	545.11009	574.50408	130.34862	596.13703
145	21	1	726.10092	566.13540	357.57798	588.20881
145	22	0	797.63303	781.39478	153.42202	793.63458
145	22	1	951.11927	556.70799	387.79817	574.70799
145	23	0	1008.12844	627.12398	490.12844	647.04078
145	23	1	1082.55046	550.04405	634.12844	569.96085
145	24	0	1259.05505	728.77977	826.70642	747.91028
145	24	1	1195.95413	584.10114	714.26606	603.62480
145	25	0	1567.78899	982.69331	994.14679	1009.96737
145	25	1	1748.77982	816.64111	1145.19266	841.87602
145	26	0	1255.88991	1004.68189	640.43119	1020.53834
145	26	1	1038.31193	1046.08483	356.31193	1056.65579
145	27	0	795.78899	836.56444	951.46789	848.98042
145	27	1	892.66972	814.54160	1048.34862	829.15987
145	28	0	806.73394	1030.66884	595.67890	1039.91843
145	28	1	582.07339	959.68352	390.39450	947.42251
145	29	0	802.09174	974.29038	619.20183	976.49266
145	29	1	577.28440	984.86134	393.32110	985.74225
145	30	0	1558.17431	743.90865	1590.44954	770.71941
145	30	1	1251.26606	727.30343	1234.37615	745.48287
145	31	0	1800.66055	693.58891	1733.23853	711.30343
145	31	1	1632.00000	700.19576	1583.51376	724.95759
145	32	0	100.40367	834.99347	179.22936	831.07667
145	32	1	285.93578	709.58564	479.53211	727.80261
145	33	0	1662.32110	547.21860	1749.57798	554.80261
145	33	1	1765.80734	524.31485	1855.26606	535.86297
145	34	0	583.72477	610.82708	607.20183	624.13540
145	34	1	491.24771	603.77977	511.64220	617.96900
145	35	0	192.00000	94.69821	559.65138	153.81566
145	35	1	49.32110	87.65090	446.47706	156.45840
145	36	0	1131.27523	649.78793	1093.58716	665.01631
145	36	1	869.87156	660.15987	829.12844	675.57749
147	0	0	1356.12844	762.15008	502.45872	779.33931
147	0	1	1466.66055	802.67210	383.11927	823.38499
147	1	0	1712.14679	1037.71615	1063.22936	1065.90538
147	1	1	1845.13761	867.46819	1572.01835	897.38173
147	2	0	1188.57798	617.82708	664.11927	637.46819
147	2	1	1460.69725	562.68352	927.89908	580.20881
147	3	0	1019.73394	481.96900	671.60550	522.79119
147	3	1	1153.33945	674.95759	722.79817	689.46656
147	4	0	1121.82569	691.20718	303.75229	714.77977
147	4	1	1350.81651	652.44698	624.88073	675.28874
147	5	0	1105.74312	700.30343	667.22936	718.61338
147	5	1	916.38532	738.62316	438.67890	758.69494
147	6	0	781.10092	485.54976	438.92661	509.18434
147	6	1	579.85321	349.44861	220.18349	388.49429
147	7	0	1233.40367	463.56444	1149.54128	474.32626
147	7	1	1123.75229	386.04405	1030.64220	394.60359
147	8	0	1114.77982	489.17292	977.21101	504.67210
147	8	1	951.84404	422.66395	805.46789	443.88907
147	9	0	975.33945	1013.93148	383.19266	1030.66884
147	9	1	1242.55046	1020.97879	659.74312	1037.71615
147	10	0	1442.61468	756.86297	1105.22018	769.30343
147	10	1	1269.64220	588.62643	964.23853	605.29364
147	11	0	1820.91743	851.58891	1341.52294	874.96900
147	11	1	1587.36697	691.97064	1085.51376	707.25612
147	12	0	959.52294	339.94454	278.31193	362.93638
147	12	1	634.09174	385.83850	3.52294	426.36215
147	13	0	533.97248	633.77977	416.25688	656.29038
147	13	1	389.97248	627.61338	255.96330	647.04078
147	14	0	900.02752	446.52855	918.95413	465.07830
147	14	1	771.88073	471.19413	778.03670	488.42251
147	15	0	1161.66055	429.10114	1172.60550	438.21044
147	15	1	1037.47706	363.91354	1062.07339	375.22512
147	16	0	1202.28440	671.91028	984.24771	686.06362
147	16	1	1096.59633	541.97553	917.31193	554.36705
147	17	0	828.22018	650.33931	644.68807	666.77977
147	17	1	656.03670	660.46982	524.02752	677.79119
147	18	0	1353.11009	482.12561	1326.15596	486.62480
147	18	1	1229.80734	459.22186	1203.73394	460.19739
147	19	0	1335.15596	245.59054	718.15596	267.46982
147	19	1	1040.10092	276.56607	404.38532	304.03100
147	20	0	1092.74312	859.34910	324.66055	877.31485
147	20	1	798.51376	712.24470	112.40367	738.13051
147	21	0	1265.55046	359.37357	933.52294	375.01794
147	21	1	1470.76147	285.32790	1110.99083	289.56933
147	22	0	881.83486	746.50408	659.08257	762.63622
147	22	1	742.67890	609.08157	467.81651	630.79119
147	23	0	1330.68807	948.38662	674.94495	966.80261
147	23	1	825.23853	1058.41762	292.83486	1070.30995
147	24	0	1135.07339	507.52855	741.57798	526.78630
147	24	1	952.32110	479.33931	502.01835	503.88254
147	25	0	1333.89908	582.39804	934.55046	599.68352
147	25	1	1571.25688	597.81403	1193.92661	610.13703
147	26	0	376.30275	488.28059	370.31193	520.77977
147	26	1	535.71560	475.50734	514.31193	502.28059
147	27	0	1087.95413	727.30343	708.53211	745.38825
147	27	1	904.32110	699.55465	530.18349	720.28222
147	28	0	609.63303	447.31321	183.63303	470.06525
147	28	1	812.43119	537.67047	551.68807	544.32626
147	29	0	1081.44954	467.37520	1460.30275	464.44535
147	29	1	1426.47706	468.37520	1857.06422	456.18434
147	30	0	1582.42202	548.02936	1771.15596	547.88581
147	30	1	1700.44037	547.58891	1913.83486	542.15987
147	31	0	1784.80734	619.38499	1850.42202	624.74388
147	31	1	1678.23853	602.64763	1750.45872	611.53018
147	32	0	911.76147	733.82708	906.98165	750.51713
147	32	1	1489.05505	770.67047	1456.53211	790.19576
147	33	0	849.23853	928.92333	561.01835	936.35073
147	33	1	544.98165	855.68352	359.50459	863.27732
147	34	0	414.11927	813.68189	160.28440	829.51387
147	34	1	846.20183	771.64927	617.85321	779.78956
147	35	0	719.96330	664.22023	865.68807	675.67210
147	35	1	392.78899	647.35237	556.97248	669.36378
149	0	0	1422.06422	852.56281	401.15596	871.74388
149	0	1	1557.69725	878.54976	275.21101	903.01631
149	1	0	456.56881	732.31485	226.16514	715.81566
149	1	1	627.43119	683.86460	420.36697	675.29364
149	2	0	469.18349	636.04241	433.32110	625.44861
149	2	1	614.94495	610.49592	587.33945	603.49429
149	3	0	837.53211	612.50571	646.02752	613.66069
149	3	1	989.45872	575.94780	819.97248	578.42414
149	4	0	956.78899	599.82708	806.00917	601.67210
149	4	1	1106.95413	570.31648	978.63303	573.04241
149	5	0	1395.85321	701.91354	743.33945	722.34910
149	5	1	1597.83486	668.71778	1020.81651	692.56607
149	6	0	1077.68807	630.49266	814.78899	638.62480
149	6	1	1278.49541	561.34095	1021.32110	571.67537
149	7	0	1099.16514	350.65905	1168.22018	349.37520
149	7	1	1215.42202	355.94454	1290.64220	354.22023
149	8	0	1248.86239	822.15824	842.58716	840.26754
149	8	1	1471.68807	772.38662	1029.30275	798.86460
149	9	0	502.70642	629.73246	395.56881	618.76835
149	9	1	696.02752	653.95759	535.16514	648.27896
149	10	0	1556.64220	787.32790	1147.72477	814.13703
149	10	1	1727.06422	734.91354	1372.31193	763.92496
149	11	0	1025.08257	669.01468	649.11009	680.95759
149	11	1	1230.29358	616.60033	876.33945	625.46003
149	12	0	702.33028	825.57423	171.92661	808.07667
149	12	1	937.48624	733.51876	475.33945	738.92496
149	13	0	786.34862	681.94617	329.57798	682.10604
149	13	1	594.34862	736.56281	91.77982	729.67537
149	14	0	975.99083	650.33768	671.46789	652.04241
149	14	1	1153.01835	516.43883	869.96330	524.20718
149	15	0	1403.14679	812.56444	984.37615	832.68352
149	15	1	1620.68807	723.59217	1171.09174	755.16313
149	16	0	886.32110	806.19739	378.55963	801.37520
149	16	1	1090.21101	841.43393	594.77982	845.86134
149	17	0	948.55046	683.25449	905.14679	686.19576
149	17	1	1081.54128	668.71941	1038.57798	672.98206
149	18	0	1260.26606	675.79282	1158.40367	693.00653
149	18	1	1126.83486	693.41109	1020.12844	698.29201
149	19	0	1289.42202	492.48124	1122.85321	502.65905
149	19	1	1466.00917	450.63785	1312.65138	457.29201
149	20	0	1057.66972	582.82871	1068.64220	586.74388
149	20	1	1162.91743	563.00816	1191.94495	566.92333
149	21	0	1269.34862	684.20555	528.18349	703.27896
149	21	1	1504.50459	509.34421	809.70642	519.50571
149	22	0	662.70642	694.56444	514.98165	686.69657
149	22	1	762.22936	702.49266	647.09174	692.86297
149	23	0	1204.06422	608.86297	1143.51376	617.87602
149	23	1	1322.52294	581.11419	1277.82569	589.24633
149	24	0	1354.83486	719.33931	1096.63303	741.91191
149	24	1	1558.72477	716.69657	1263.97248	743.67374
149	25	0	1391.33028	466.31648	1097.89908	479.38825
149	25	1	1601.82569	472.04241	1263.47706	486.43556
149	26	0	1336.48624	731.73083	975.76147	750.45840
149	26	1	1472.11927	805.72757	1046.66055	830.18108
149	27	0	676.54128	385.70799	659.75229	389.94617
149	27	1	875.14679	389.67210	845.58716	391.26754
149	28	0	736.46789	278.01794	704.99083	283.69657
149	28	1	909.97248	232.65090	891.26606	234.80587
149	29	0	1278.82569	389.36378	1150.22018	391.73083
149	29	1	1565.19266	359.17292	1399.90826	358.25612
149	30	0	766.05505	225.25775	703.73394	232.42251
149	30	1	976.11009	207.63948	893.53211	207.75693
149	31	0	829.02752	270.62480	680.39450	275.58728
149	31	1	1084.88073	263.13703	898.37615	266.77814
149	32	0	750.42202	381.58891	637.27523	383.29201
149	32	1	940.22018	343.70962	847.77064	345.41272
149	33	0	1448.32110	490.33768	1346.19266	500.53018
149	33	1	1703.29358	493.86134	1639.03670	505.81566
149	34	0	937.26606	358.96900	846.22936	361.42251
149	34	1	706.77064	366.17455	599.18349	371.11256
149	35	0	1314.70642	399.88581	1158.04587	404.53018
149	35	1	1563.07339	388.43393	1437.23853	392.63785
149	36	0	532.71560	273.23165	327.11927	286.01794
149	36	1	773.59633	291.29038	585.61468	305.39804
149	37	0	355.70642	36.99837	187.15596	70.03263
149	37	1	646.34862	73.55628	459.30275	96.46003
149	38	0	1485.41284	527.37357	1757.50459	527.44698
149	38	1	1571.72477	537.94454	1856.58716	544.18434
149	39	0	1260.00917	670.06199	1161.17431	675.86297
149	39	1	1531.45872	695.01958	1477.61468	716.58728
149	40	0	1528.36697	581.95759	1355.12844	596.99347
149	40	1	1110.08257	598.06525	874.36697	602.55465
149	41	0	1712.73394	121.36378	1838.97248	75.75856
149	41	1	1417.68807	173.33768	1492.95413	154.25612
149	42	0	982.50459	309.11093	1171.85321	306.61501
149	42	1	1163.49541	296.77814	1388.13761	280.24470
149	43	0	1500.52294	577.61338	1406.19266	596.06525
149	43	1	1102.83486	599.43393	1006.81651	606.26917
149	44	0	1113.92661	484.25612	1062.72477	487.29201
149	44	1	1488.77982	542.21044	1399.02752	552.35400
149	45	0	871.77982	701.82708	813.81651	698.76998
149	45	1	1208.41284	748.02936	1100.93578	756.02936
149	46	0	102.16514	562.02284	176.14679	554.97553
149	46	1	1467.30275	341.79445	1425.02752	340.03263
149	47	0	849.02752	343.55628	931.81651	341.79445
149	47	1	1338.71560	147.99347	1372.18349	119.80424
15	0	0	1340.14679	776.59217	485.67890	785.56607
15	0	1	1463.00917	810.94780	368.98165	825.20718
15	1	0	1061.34862	30.39152	971.79817	32.59380
15	1	1	1296.06422	55.93801	1189.33945	39.20065
15	2	0	1083.27523	721.44535	820.45872	733.33931
15	2	1	1333.40367	741.26591	1139.92661	747.95432
15	3	0	1209.42202	708.07504	1065.11927	717.26754
15	3	1	1374.55963	707.63458	1254.47706	717.26754
15	4	0	618.67890	537.07667	779.38532	555.82708
15	4	1	536.33028	535.31485	708.92661	551.42251
15	5	0	1424.22936	677.33931	1385.63303	686.58891
15	5	1	1588.04587	674.25612	1556.49541	679.98206
15	6	0	1618.78899	817.48777	1484.91743	836.86786
15	6	1	1257.68807	750.53834	1153.77982	762.89723
15	7	0	1455.61468	602.20718	1617.01835	603.09788
15	7	1	1344.64220	607.05220	1486.66972	611.46656
15	8	0	409.77064	557.34910	316.68807	580.23165
15	8	1	593.84404	561.31321	510.44954	581.55302
15	9	0	989.92661	461.72594	913.33028	470.82219
15	9	1	896.14679	454.89560	817.89908	468.37520
15	10	0	842.82569	422.12398	885.81651	439.72104
15	10	1	1090.93578	505.17292	1130.01835	509.17455
15	11	0	1278.88991	506.28711	1304.81651	504.00653
15	11	1	805.37615	395.88907	902.35780	409.38825
15	12	0	746.76147	478.54160	403.95413	497.73246
15	12	1	366.38532	465.12235	98.77982	497.73246
15	13	0	1471.81651	457.94780	1081.43119	455.35237
15	13	1	1118.95413	510.45677	693.19266	525.46982
15	14	0	1807.70642	482.61338	1482.27523	475.02936
15	14	1	1448.71560	442.56444	1089.57798	439.71941
15	15	0	663.25688	532.65905	11.44954	558.25449
15	15	1	990.99083	438.81566	454.89908	452.54486
15	16	0	671.89908	235.01794	759.54128	265.93475
15	16	1	569.29358	231.49429	659.57798	268.13703
15	17	0	1181.61468	303.62480	1182.11927	302.88744
15	17	1	1061.83486	287.32790	1079.07339	289.67374
15	18	0	1110.62385	422.79119	1099.06422	426.26754
15	18	1	1254.62385	444.37357	1232.49541	442.56444
15	19	0	1217.63303	480.93148	1211.35780	486.16966
15	19	1	1091.68807	463.75367	1093.33945	468.11093
15	20	0	794.58716	348.60033	850.39450	366.61338
15	20	1	901.59633	358.29038	967.53211	370.57749
15	21	0	855.79817	397.49103	956.96330	409.77814
15	21	1	757.59633	383.83687	852.59633	398.76672
15	22	0	837.30275	309.84013	922.61468	324.32953
15	22	1	952.23853	321.73246	1028.30275	329.17455
15	23	0	1190.46789	512.70962	1091.60550	516.32790
15	23	1	1341.07339	527.24470	1203.89908	528.22023
15	24	0	1595.33945	716.93312	1611.64220	724.66069
15	24	1	880.67890	591.25612	822.47706	603.87602
15	25	0	783.64220	133.01794	543.80734	162.08972
15	25	1	606.61468	27.74878	294.55963	77.08157
15	26	0	988.60550	333.62316	441.26606	356.92170
15	26	1	770.18349	251.69821	163.39450	278.96085
15	27	0	1895.77982	972.52855	1159.82569	987.88254
15	27	1	1543.96330	765.10277	861.69725	777.78467
15	28	0	1149.33028	418.74388	916.70642	429.26917
15	28	1	939.71560	382.62643	712.81651	397.11582
15	29	0	1669.33028	201.43556	1284.45872	185.51713
15	29	1	1456.19266	232.26754	1011.00000	226.30179
15	30	0	1519.26606	713.89396	765.44037	721.14519
15	30	1	1902.38532	551.36542	1082.94495	548.48613
15	31	0	1054.55046	318.19576	592.25688	333.92170
15	31	1	825.55963	294.41109	314.34862	314.34258
15	32	0	698.77982	606.43556	641.95413	618.89886
15	32	1	842.77982	601.59054	784.63303	613.17292
15	33	0	876.67890	704.44535	590.44954	712.19576
15	33	1	1026.40367	628.68679	759.55046	639.07993
15	34	0	1266.95413	446.30506	863.55046	453.43393
15	34	1	1459.83486	473.17292	1070.96330	474.13540
15	35	0	644.06422	232.37357	38.31193	262.91028
15	35	1	979.31193	202.66069	410.42202	225.03100
15	36	0	357.30275	537.90212	70.01835	563.64927
15	36	1	655.43119	592.07830	336.00000	609.01631
15	37	0	1671.19266	900.90865	1244.67890	919.64600
15	37	1	1905.46789	805.76998	1395.28440	817.01958
15	38	0	1158.05505	555.09951	864.38532	564.33768
15	38	1	1363.26606	474.05546	1057.70642	474.04405
15	39	0	1613.77064	681.56444	1785.68807	692.17292
15	39	1	1524.81651	622.54323	1697.17431	630.50897
15	40	0	641.96330	533.49755	257.17431	560.26101
15	40	1	862.14679	640.96900	445.96330	656.41109
15	41	0	1249.84404	775.95595	184.94495	785.44535
15	41	1	1492.99083	586.88744	584.65138	595.42414
15	42	0	545.67890	61.22349	160.29358	111.86460
15	42	1	746.48624	165.61175	383.11927	201.71778
15	43	0	1005.97248	554.30506	216.49541	569.18434
15	43	1	1302.77982	661.77651	494.19266	674.91191
15	44	0	1647.41284	898.41925	1098.23853	906.96900
15	44	1	1912.95413	847.32626	1355.85321	852.35237
15	45	0	1170.52294	302.68515	901.19266	308.22023
15	45	1	1329.05505	341.00489	1002.47706	339.93312
15	46	0	1619.35780	625.66069	905.48624	631.54160
15	46	1	1354.69725	578.53181	614.17431	592.86297
15	47	0	1056.31193	487.70636	580.52294	501.41109
15	47	1	1262.40367	426.48287	792.77982	433.14029
15	48	0	1045.99083	557.43393	438.78899	571.13540
15	48	1	1284.22936	534.53018	686.71560	542.06525
15	49	0	1415.44037	243.02610	1119.53211	236.61175
15	49	1	1592.90826	130.26917	1251.64220	111.08157
15	50	0	1004.77064	722.18434	584.54128	735.63458
15	50	1	1188.40367	597.53507	746.15596	608.78303
15	51	0	1068.84404	510.19576	752.76147	521.12398
15	51	1	1247.63303	507.99347	943.88073	516.27896
15	52	0	1278.88073	524.70799	893.94495	532.76835
15	52	1	1066.18349	442.34258	730.12844	453.92659
15	53	0	1495.32110	711.54160	1044.85321	721.88581
15	53	1	1656.08257	598.24470	1229.59633	608.93475
15	54	0	641.40367	602.99184	68.69725	626.29038
15	54	1	830.68807	424.12724	317.37615	444.71778
15	55	0	1700.66972	324.66069	565.58716	328.63622
15	55	1	1340.96330	238.00653	59.44954	252.38662
15	56	0	1203.10092	453.93148	812.88991	462.25449
15	56	1	1389.81651	383.45840	995.20183	384.73409
15	57	0	1767.63303	603.13214	1276.98165	603.44372
15	57	1	1900.18349	377.72104	1389.85321	360.05546
15	58	0	1204.26606	353.06525	537.75229	366.37520
15	58	1	904.06422	341.21044	314.46789	360.68515
15	59	0	1426.02752	702.84992	958.88991	710.86297
15	59	1	1281.60550	469.18434	802.69725	475.20718
15	60	0	1251.90826	699.07504	702.15596	709.14682
15	60	1	1081.05505	518.68679	560.93578	539.57749
15	61	0	1102.63303	566.19739	662.58716	577.58891
15	61	1	922.08257	613.32626	533.11927	626.03915
15	62	0	855.54128	395.53018	788.59633	411.06362
15	62	1	984.56881	395.97064	914.54128	409.30179
15	63	0	98.20183	460.88581	416.28440	489.44535
15	63	1	203.88991	453.39804	496.43119	487.24307
15	64	0	252.81651	415.44535	540.78899	447.55302
15	64	1	335.16514	418.08809	617.41284	442.26754
15	65	0	574.22936	366.26754	771.34862	388.23165
15	65	1	678.59633	367.14845	879.67890	387.35073
15	66	0	188.03670	448.82545	466.62385	482.20718
15	66	1	428.91743	432.96900	663.46789	455.77977
15	67	0	207.59633	486.76835	520.94495	514.02936
15	67	1	412.36697	488.08972	695.77064	511.38662
15	68	0	379.80734	575.45840	476.03670	594.32626
15	68	1	649.54128	531.58891	757.59633	549.56444
16	0	0	1540.28440	869.74388	269.47706	892.99347
16	0	1	1625.27523	866.66069	357.55046	896.51713
16	1	0	1483.63303	721.00653	1471.49541	741.56770
16	1	1	1738.16514	751.39804	1739.23853	787.81566
18	0	0	1543.77064	807.05383	328.09174	829.25775
18	0	1	1634.48624	805.73246	416.60550	823.09135
18	1	0	1294.37615	347.77977	757.47706	368.02936
18	1	1	1470.52294	295.36542	965.33028	308.12724
18	2	0	1235.36697	403.27732	819.12844	423.08646
18	2	1	1222.15596	246.47471	846.87156	261.43883
18	3	0	335.93578	520.79119	67.84404	550.69494
18	3	1	521.77064	519.91028	265.12844	544.96900
18	4	0	742.79817	311.74225	356.50459	346.93475
18	4	1	886.35780	327.59869	532.65138	356.18434
18	5	0	912.02752	701.21860	70.45872	720.86297
18	5	1	1205.31193	702.98042	336.00000	723.06525
18	6	0	743.26606	431.20718	448.83486	463.02447
18	6	1	915.44954	329.46166	643.47706	356.43393
18	7	0	820.74312	597.82545	641.89908	619.98042
18	7	1	941.84404	498.72268	752.87156	521.75856
18	8	0	1527.48624	664.23328	985.66972	683.01794
18	8	1	1761.32110	738.67047	1182.07339	760.97879
18	9	0	1487.45872	640.88581	979.76147	662.01794
18	9	1	1719.09174	661.14682	1188.93578	682.27896
18	10	0	830.47706	893.76835	169.08257	906.98369
18	10	1	1079.72477	924.60033	421.41284	936.05383
18	11	0	1243.79817	375.02773	1129.13761	385.98206
18	11	1	1384.27523	317.32790	1291.19266	320.79445
18	12	0	1697.17431	694.42251	1047.83486	714.53997
18	12	1	1903.26606	630.55628	1292.67890	651.99511
18	13	0	553.48624	225.32790	378.49541	266.46982
18	13	1	712.89908	236.77977	511.04587	275.27896
18	14	0	808.11927	373.11093	504.00000	401.94127
18	14	1	971.49541	269.16313	641.39450	299.31485
18	15	0	1326.71560	645.27732	884.10092	664.32626
18	15	1	1483.48624	506.97390	1061.12844	518.09462
18	16	0	964.72477	421.33931	406.00917	451.23328
18	16	1	1165.04587	493.57586	651.29358	518.18271
18	17	0	1203.77982	594.87602	447.31193	618.08972
18	17	1	949.68807	658.74225	256.52294	685.17455
18	18	0	1646.27523	505.69657	1757.94495	510.14845
18	18	1	1506.67890	504.81566	1602.05505	511.91028
18	19	0	1462.00917	31.27243	1187.14679	26.86786
18	19	1	1810.34862	149.36378	1540.99083	136.54160
18	20	0	637.77982	405.07667	439.61468	435.38499
18	20	1	793.66972	423.57586	618.40367	450.36052
18	21	0	605.82569	421.53018	552.39450	450.80261
18	21	1	741.01835	429.45840	688.02752	454.76672
18	22	0	1266.77064	503.66069	1003.43119	520.30506
18	22	1	1439.39450	549.02773	1183.54128	563.91028
18	23	0	243.52294	740.46982	113.17431	755.36542
18	23	1	404.52294	791.57423	257.61468	803.37520
18	24	0	508.42202	494.36052	626.14679	523.38662
18	24	1	395.24771	477.18271	512.09174	508.41109
18	25	0	1342.14679	671.76998	1411.14679	694.09135
18	25	1	1314.40367	748.40946	1399.25688	767.20718
21	0	0	1466.86239	813.06688	372.88991	829.84829
21	0	1	1548.33028	812.18597	453.47706	827.64600
21	1	0	896.22936	560.12561	650.01835	575.80261
21	1	1	691.45872	586.99347	455.81651	607.51550
21	2	0	898.29358	571.48124	577.96330	586.85155
21	2	1	741.08257	502.76998	448.49541	526.06852
21	3	0	157.21101	144.50734	262.49541	217.39967
21	3	1	314.86239	216.30179	392.40367	268.05220
21	4	0	1438.94495	511.23328	1293.07339	510.20881
21	4	1	1393.58716	529.29201	1261.36697	532.23165
21	5	0	1065.11927	601.31974	912.99083	614.86623
21	5	1	1271.50459	504.71289	1120.25688	510.33116
21	6	0	1266.70642	507.12398	1094.56881	512.07667
21	6	1	1358.74312	473.64927	1191.00917	475.95922
21	7	0	1531.96330	448.68352	1400.24771	441.59869
21	7	1	1597.57798	444.27896	1494.04587	430.58728
21	8	0	1554.55963	321.15008	1736.36697	287.38662
21	8	1	1459.00000	320.26917	1631.11927	294.43393
21	9	0	1684.84404	266.92496	1767.63303	224.79119
21	9	1	1805.50459	273.53181	1887.41284	223.46982
21	10	0	1597.84404	324.21860	1598.76147	300.43393
21	10	1	1317.94495	284.57586	1312.52294	273.12561
21	11	0	1438.33945	504.96900	1133.87156	508.40946
21	11	1	1274.52294	408.06852	1025.98165	411.94943
21	12	0	433.33945	368.80424	6.16514	408.17129
21	12	1	665.85321	398.31485	413.94495	420.94454
21	13	0	919.70642	670.43556	786.43119	680.43556
21	13	1	1173.79817	712.71941	922.50459	724.92170
21	14	0	830.05505	685.97227	685.33028	696.29038
21	14	1	504.32110	750.16150	378.96330	758.87439
21	15	0	1137.25688	284.29201	1128.00917	282.93638
21	15	1	989.29358	269.31648	980.48624	281.61501
21	16	0	269.45872	544.75530	154.56881	571.91028
21	16	1	475.55046	573.82545	334.67890	596.57586
21	17	0	1219.77982	304.94617	1436.21101	288.61338
21	17	1	1100.88073	282.92333	1337.12844	274.51876
21	18	0	1615.65138	272.05383	1467.49541	248.85155
21	18	1	1718.25688	301.12398	1532.66972	276.15987
21	19	0	1591.30275	296.68352	1772.47706	255.72104
21	19	1	1524.80734	289.63622	1701.57798	253.95922
21	20	0	1623.80734	232.11256	849.82569	237.07504
21	20	1	1321.29358	210.08646	610.70642	222.98042
21	21	0	688.22018	274.21044	181.43119	308.92333
21	21	1	761.32110	428.37031	151.04587	455.08646
22	0	0	1536.60550	794.06525	327.90826	817.51713
22	0	1	1414.62385	764.99511	452.53211	784.48287
22	1	0	578.91743	635.06525	420.11927	651.14845
22	1	1	687.68807	606.87602	550.46789	625.60196
22	2	0	439.56881	463.18597	249.54128	491.88581
22	2	1	259.61468	417.38499	99.52294	454.00653
22	3	0	939.27523	853.37520	332.91743	865.05710
22	3	1	1321.25688	694.42251	741.92661	708.89723
22	4	0	546.31193	386.05383	342.60550	422.06525
22	4	1	722.01835	417.32626	543.85321	443.20718
22	5	0	629.66972	634.89886	327.64220	654.92333
22	5	1	757.37615	651.19576	406.02752	669.45840
22	6	0	713.77982	601.86460	513.91743	621.88907
22	6	1	811.98165	609.79282	576.88991	628.05546
22	7	0	1434.71560	554.51060	1078.20183	569.24959
22	7	1	1614.38532	521.03589	1265.79817	540.17945
22	8	0	1551.85321	320.77325	1348.37615	324.17618
22	8	1	1714.78899	257.34747	1477.84404	254.58401
22	9	0	1052.84404	631.39804	879.26606	648.76672
22	9	1	1164.25688	615.98206	998.16514	632.91028
22	10	0	707.14679	445.49592	487.33028	472.95595
22	10	1	908.83486	435.80587	657.31193	458.42088
22	11	0	1230.60550	601.19576	1060.86239	620.23328
22	11	1	1359.63303	608.68352	1182.84404	627.72104
22	12	0	1221.10092	597.92333	1050.27523	615.54160
22	12	1	1346.16514	603.20881	1163.88991	621.26754
22	13	0	135.19266	656.19576	50.64220	671.28059
22	13	1	280.07339	680.86134	160.29358	694.18434
22	14	0	186.71560	255.23165	195.52294	306.72104
22	14	1	343.48624	290.46819	344.80734	334.46982
22	15	0	1080.46789	399.25449	946.41284	417.41109
22	15	1	977.42202	354.76835	835.88073	375.56770
22	16	0	1068.13761	312.92496	1015.11009	334.16476
22	16	1	973.01835	301.47308	914.26606	323.15334
22	17	0	667.94495	317.13866	586.18349	346.79119
22	17	1	811.50459	340.48287	732.38532	364.84992
22	18	0	1170.87156	538.84013	1087.50459	552.89886
22	18	1	1042.28440	544.56607	957.15596	562.14845
22	19	0	877.64220	706.40946	1116.57798	724.23165
22	19	1	804.54128	707.29038	1053.16514	720.70799
22	20	0	1839.85321	732.66069	1722.08257	763.05220
22	20	1	1654.45872	699.62643	1553.42202	725.61338
22	21	0	1507.84404	485.58891	1463.39450	495.97064
22	21	1	1606.48624	499.68352	1549.70642	507.86297
22	22	0	567.53211	386.97064	553.32110	414.66069
22	22	1	667.93578	401.94617	631.26606	427.43393
22	23	0	1546.00000	628.55465	1279.36697	647.44698
22	23	1	1282.44954	697.61338	933.55963	718.75367
22	24	0	1861.87156	382.62480	1392.09174	388.08809
22	24	1	1732.44954	128.46003	1301.81651	127.29201
22	25	0	1636.40367	634.92333	1300.91743	657.51713
22	25	1	1895.33945	624.35237	1551.92661	646.06525
22	26	0	1863.63303	761.43393	1388.25688	789.18434
22	26	1	1675.59633	723.99511	1169.40367	755.56770
22	27	0	1533.57798	1001.59869	1006.00917	1031.54976
22	27	1	1891.81651	912.91191	1285.64220	939.49429
22	28	0	1565.13761	596.79119	1337.61468	615.13703
22	28	1	1806.45872	572.56607	1600.95413	594.87602
22	29	0	1355.19266	583.03915	1176.47706	601.24470
22	29	1	1570.09174	636.33442	1342.93578	654.53997
22	30	0	1383.14679	490.54160	461.77982	519.15987
22	30	1	1856.14679	545.93475	848.86239	569.81240
22	31	0	1516.83486	371.31485	1308.58716	379.32790
22	31	1	1745.82569	380.56444	1489.13761	382.41109
22	32	0	299.09174	491.50571	287.00000	521.51713
22	32	1	429.44037	479.17292	428.35780	506.10114
22	33	0	1326.40367	514.94617	986.77064	535.01794
22	33	1	1595.47706	534.09135	1193.03670	548.81566
22	34	0	1233.03670	601.88907	786.33945	625.37684
22	34	1	1528.30275	657.62316	973.93578	679.11256
22	35	0	1594.75229	686.73246	1441.68807	710.51876
22	35	1	1780.14679	744.43230	1579.52294	771.74225
22	36	0	772.08257	409.38499	589.73394	434.63785
22	36	1	617.07339	393.52855	373.85321	427.49592
22	37	0	875.93578	686.20718	555.25688	705.58728
22	37	1	1095.43119	631.18434	750.77982	650.08972
22	38	0	1525.80734	661.08809	1275.54128	680.70799
22	38	1	1676.85321	633.77977	1375.06422	654.28059
22	39	0	55.48624	645.98206	336.42202	656.82545
22	39	1	181.43119	639.37520	438.58716	654.62316
22	40	0	1468.09174	525.63622	1568.66972	538.00489
22	40	1	1560.56881	517.70799	1652.77982	527.43393
22	41	0	1623.19266	637.70799	1664.91743	657.86134
22	41	1	1777.76147	631.98206	1843.70642	653.89723
22	42	0	1047.11009	677.55465	1059.92661	696.91028
22	42	1	1145.75229	679.75693	1170.89908	703.07667
22	43	0	1626.88991	515.60196	1750.89908	527.24470
22	43	1	1747.99083	568.45677	1894.01835	585.82545
22	44	0	960.50459	533.69331	832.46789	559.34910
22	44	1	1338.64220	527.10114	1123.82569	542.30343
22	45	0	1317.90826	697.01794	1278.33028	717.18434
22	45	1	546.11009	653.34747	569.85321	668.72104
22	46	0	177.46789	437.77977	33.46789	475.42088
22	46	1	533.48624	466.11093	395.00917	496.12235
22	47	0	775.17431	682.09951	624.77064	698.28059
22	47	1	1123.83486	563.46982	930.47706	584.84992
22	48	0	760.61468	988.82545	359.85321	990.58728
22	48	1	1153.66972	425.30179	701.13761	446.35073
22	49	0	1035.44954	776.98206	944.79817	792.12561
22	49	1	120.66055	958.80261	128.14679	939.04078
22	50	0	1642.34862	517.50734	1733.72477	521.32790
22	50	1	1455.63303	568.60033	1568.58716	586.07504
22	51	0	853.80734	536.16150	1226.15596	548.28874
22	51	1	953.77064	561.70799	1331.84404	573.39478
22	52	0	932.84404	548.92170	1266.95413	559.99347
22	52	1	1037.21101	556.40946	1377.04587	569.68352
22	53	0	1110.93578	345.96900	795.26606	367.69657
22	53	1	1543.11009	327.70962	1131.42202	336.07830
22	54	0	408.79817	624.63622	396.06422	647.20555
22	54	1	736.14679	559.73246	647.95413	581.13703
22	55	0	1140.89908	375.72268	530.27523	406.30343
22	55	1	1787.00917	354.28059	1003.33028	368.72268
22	56	0	733.89908	480.45677	940.59633	498.70799
22	56	1	887.58716	437.73246	1080.19266	456.42414
22	57	0	764.36697	466.74225	830.31193	488.82708
22	57	1	596.14679	507.70473	643.59633	535.51550
22	58	0	358.84404	647.33768	643.29358	662.60033
22	58	1	499.76147	618.26754	778.48624	632.64927
23	0	0	1493.81651	762.05383	410.20183	817.67210
23	0	1	1634.29358	796.84992	527.33945	782.43556
23	1	0	540.21101	726.69331	485.94495	737.43230
23	1	1	725.45872	680.29853	684.69725	692.79935
23	2	0	630.51376	696.80750	555.11009	710.59869
23	2	1	763.79817	690.93475	684.28440	706.19413
23	3	0	698.03670	709.17781	769.66055	722.28874
23	3	1	783.76147	685.68679	861.25688	700.26591
23	4	0	299.30275	725.56444	65.46789	735.61501
23	4	1	498.83486	713.72594	258.64220	725.04405
23	5	0	1324.56881	641.33768	813.60550	659.99674
23	5	1	1093.59633	610.90049	544.28440	631.15987
23	6	0	1317.49541	693.02936	420.17431	713.64763
23	6	1	1032.99083	780.82708	53.43119	796.64600
23	7	0	1485.00917	658.47308	486.16514	680.06525
23	7	1	1143.30275	694.23980	66.05505	714.37684
23	8	0	336.73394	453.86134	295.59633	483.75856
23	8	1	192.29358	455.03589	138.23853	489.04405
23	9	0	1134.05505	559.81403	417.15596	579.28059
23	9	1	836.58716	557.94780	133.40367	582.99674
23	10	0	1759.41284	1038.00979	1022.25688	1071.48450
23	10	1	1280.28440	1030.66884	583.86239	1047.11256
23	11	0	639.81651	708.92333	799.88991	726.55139
23	11	1	737.28440	699.23328	884.73394	715.39315
23	12	0	1607.33028	639.49592	1729.76147	660.68515
23	12	1	1724.46789	637.44046	1854.53211	657.19413
23	13	0	1505.28440	596.02773	1651.15596	609.64927
23	13	1	1608.91743	588.09951	1775.63303	601.42741
23	14	0	1011.08257	958.43393	783.49541	970.09135
23	14	1	1773.79817	745.25285	1739.15596	774.32137
24	0	0	1290.97248	845.81403	669.27523	854.32463
24	0	1	1431.44954	704.42741	806.22936	718.66395
24	1	0	535.40367	860.33931	170.81651	842.16966
24	1	1	733.56881	802.19902	464.54128	791.95759
24	2	0	974.48624	459.42251	1214.01835	449.44861
24	2	1	902.26606	448.26427	1142.38532	435.06036
24	3	0	265.58716	439.08320	526.55046	432.52202
24	3	1	333.40367	451.41599	593.48624	443.68026
24	4	0	788.33945	615.07504	690.01835	608.10767
24	4	1	909.58716	613.60685	830.93578	611.63132
24	5	0	1388.05505	612.01794	1537.92661	615.13703
24	5	1	1278.10092	572.41109	1495.49541	573.92333
24	6	0	1123.19266	846.57586	758.18349	841.10277
24	6	1	1332.54128	784.62480	1098.81651	800.93312
24	7	0	1161.22936	735.13703	1099.61468	740.73246
24	7	1	1389.33945	725.88744	1327.72477	732.80424
24	8	0	75.30275	361.08972	16.29358	372.92007
24	8	1	505.05505	356.23165	438.60550	358.82545
24	9	0	1190.71560	633.79282	903.78899	641.70799
24	9	1	771.34862	830.05546	398.41284	821.76835
24	10	0	1584.02752	724.24470	1417.96330	746.77977
24	10	1	1377.05505	675.79445	1193.81651	687.53181
24	11	0	1475.10092	810.62316	1153.24771	828.81566
24	11	1	1288.38532	797.84992	988.99083	808.11419
24	12	0	1528.13761	811.09951	1273.25688	835.23165
24	12	1	1342.30275	781.14845	1064.08257	791.18597
24	13	0	1392.55046	712.23002	1313.97248	723.64763
24	13	1	1216.84404	675.67210	1133.42202	681.80424
24	14	0	1620.02752	506.40131	1149.95413	518.87439
24	14	1	1397.75229	489.12724	899.81651	498.12561
24	15	0	1105.26606	804.20881	674.76147	807.72104
24	15	1	1344.82569	830.19576	902.87156	843.39804
24	16	0	1116.19266	613.96737	929.76147	615.54160
24	16	1	927.71560	591.50408	765.94495	590.43556
24	17	0	1571.59633	619.77977	598.88991	644.06362
24	17	1	1180.56881	574.81566	302.08257	592.08972
24	18	0	692.89908	800.72104	343.44037	784.51713
24	18	1	493.07339	839.73409	46.67890	819.01794
24	19	0	479.26606	616.01468	70.01835	604.31321
24	19	1	702.97248	512.06688	279.63303	510.93638
24	20	0	1681.80734	803.86297	996.49541	833.95922
24	20	1	1526.79817	755.41272	735.34862	772.35073
24	21	0	1243.59633	987.94454	474.64220	999.12072
24	21	1	1035.30275	915.26917	188.34862	914.12561
24	22	0	522.65138	869.79119	18.49541	850.88744
24	22	1	745.47706	874.63622	267.74312	861.45840
24	23	0	1068.56881	623.02936	860.78899	622.57749
24	23	1	903.43119	631.83850	736.16514	629.62480
24	24	0	827.79817	656.48287	408.40367	655.26917
24	24	1	969.32110	820.85155	524.71560	818.57749
24	25	0	1101.36697	637.43393	1036.66055	636.35237
24	25	1	1188.85321	656.52039	1125.61468	661.31158
24	26	0	1096.47706	645.98206	538.82569	654.08972
24	26	1	881.13761	549.52202	368.40367	562.03426
24	27	0	1133.69725	662.28059	840.55963	667.30179
24	27	1	1318.21101	650.38825	1015.38532	660.69494
24	28	0	1650.17431	416.34910	1005.73394	426.86297
24	28	1	1375.38532	324.73409	746.42202	336.50571
24	29	0	1087.48624	667.34747	904.14679	670.38336
24	29	1	905.61468	568.24470	738.12844	565.11419
24	30	0	867.73394	712.81403	570.75229	706.23165
24	30	1	1038.15596	673.17292	755.70642	673.63785
24	31	0	486.33945	818.60033	337.73394	792.00653
24	31	1	705.20183	795.25612	558.35780	782.75693
24	32	0	1084.14679	606.04241	1053.62385	605.82545
24	32	1	756.45872	593.99347	721.58716	589.52855
24	33	0	1496.51376	1061.94127	648.16514	1076.91680
24	33	1	1868.47706	864.98532	1219.27523	900.50245
24	34	0	1211.91743	1059.73899	359.23853	1069.42904
24	34	1	1841.17431	913.92170	893.52294	935.66069
24	35	0	1439.93578	747.23491	1296.40367	753.31485
24	35	1	681.81651	712.43556	378.71560	704.73083
25	0	0	1351.62385	765.78140	500.44954	783.05383
25	0	1	1461.71560	801.89886	374.94495	827.53997
25	1	0	815.14679	253.30343	717.42202	281.16150
25	1	1	1268.68807	241.08972	1158.90826	242.11419
25	2	0	1103.83486	160.32953	1139.17431	160.42251
25	2	1	1206.88073	188.51876	1251.90826	181.56444
25	3	0	939.67890	388.09951	848.12844	407.76672
25	3	1	768.37615	348.89886	697.08257	373.85155
25	4	0	256.20183	354.33768	159.41284	404.94454
25	4	1	431.46789	268.00816	312.22018	315.97227
25	5	0	884.91743	178.38662	762.06422	205.16150
25	5	1	1029.35780	151.07830	913.11009	164.63948
25	6	0	592.03670	359.66069	490.11927	394.85155
25	6	1	743.08257	382.56444	624.87156	412.46982
25	7	0	761.95413	409.96900	779.33028	433.06525
25	7	1	849.58716	397.63622	883.69725	411.48287
25	8	0	388.43119	125.53018	328.97248	192.19902
25	8	1	532.87156	155.48124	479.13761	208.49592
25	9	0	397.60550	501.38662	158.53211	537.76672
25	9	1	273.86239	481.56607	29.94495	522.79119
25	10	0	664.76147	89.85318	669.71560	134.77977
25	10	1	771.77064	141.82708	755.58716	171.33768
25	11	0	950.78899	234.56607	980.94495	248.95759
25	11	1	1048.55046	247.33931	1083.99083	253.80261
25	12	0	1036.35780	242.38662	844.86239	259.47145
25	12	1	1176.49541	376.89723	955.39450	389.84666
25	13	0	1745.13761	64.30669	1240.30275	45.36705
25	13	1	1529.35780	55.49755	1080.88991	49.33116
25	14	0	512.36697	425.34095	332.41284	459.12561
25	14	1	688.95413	496.69494	479.93578	520.78956
25	15	0	892.91743	58.58075	839.28440	85.44861
25	15	1	1005.21101	109.23328	964.78899	125.53018
25	16	0	1575.33028	97.78140	1733.72477	36.11746
25	16	1	1658.55963	98.22186	1830.16514	27.74878
25	17	0	190.63303	488.67210	126.82569	527.42251
25	17	1	247.88073	493.95759	187.15596	529.18434
25	18	0	669.65138	371.06525	534.08257	405.38662
25	18	1	837.87156	374.14845	701.86239	397.89886
25	19	0	672.95413	206.04078	429.78899	247.87276
25	19	1	907.66972	169.04241	613.86239	192.37520
25	20	0	605.85321	271.46982	192.90826	317.77977
25	20	1	840.56881	271.91028	428.50459	306.32790
25	21	0	1194.16514	171.03100	1208.06422	168.73246
25	21	1	1051.48624	195.25612	1069.34862	206.61175
25	22	0	1042.73394	367.06362	804.17431	386.14845
25	22	1	938.36697	259.15171	727.55046	284.40294
25	23	0	1225.38532	271.56281	1149.28440	267.88581
25	23	1	1327.99083	145.59217	1268.18349	129.58238
25	24	0	556.32110	170.89233	191.90826	226.38662
25	24	1	711.22018	165.60033	431.90826	206.56607
25	25	0	297.88073	428.42251	212.33028	481.18760
25	25	1	980.55963	1022.74062	419.00917	1035.95432
25	26	0	1044.02752	247.68515	960.42202	261.49429
25	26	1	1174.37615	298.77814	1083.72477	306.42088
25	27	0	1080.41284	43.16476	1103.93578	45.36705
25	27	1	1198.87156	92.93638	1226.79817	79.28222
25	28	0	509.11927	434.44535	277.99083	469.13703
25	28	1	336.05505	352.96085	141.47706	393.81892
25	29	0	441.29358	123.27080	73.10092	185.82708
25	29	1	615.23853	217.96900	288.88073	264.66884
25	30	0	1239.54128	165.07830	1266.01835	154.15987
25	30	1	1375.61468	135.56770	1431.59633	110.55465
25	31	0	419.48624	427.63622	362.79817	464.38662
25	31	1	566.12844	388.43556	498.87156	418.57912
25	32	0	739.89908	263.69331	656.86239	293.48124
25	32	1	825.77064	194.98206	771.79817	223.88907
25	33	0	825.62385	62.98532	819.92661	91.61501
25	33	1	971.82569	63.42577	955.55963	80.60359
25	34	0	1569.08257	460.76835	1472.17431	457.35073
25	34	1	1796.31193	471.33931	1695.00000	456.46982
25	35	0	947.96330	1059.29853	501.62385	1069.86949
25	35	1	400.73394	764.55139	104.36697	779.37357
25	36	0	1371.34862	608.00653	711.19266	624.52855
25	36	1	1840.29358	739.06525	1007.57798	751.05220
25	37	0	590.54128	373.91028	370.77982	409.88744
25	37	1	743.78899	407.82545	563.22018	434.11256
25	38	0	1000.35780	922.28874	516.79817	935.08972
25	38	1	782.37615	854.45840	148.40367	880.55302
25	39	0	804.61468	154.39804	508.51376	188.51550
25	39	1	1131.85321	209.74715	896.30275	218.20881
25	40	0	861.45872	139.62480	830.88991	165.17129
25	40	1	708.65138	75.31811	693.49541	116.28059
25	41	0	570.55963	474.93475	141.79817	503.30506
25	41	1	727.77064	478.89886	371.66972	505.94780
25	42	0	1339.68807	572.95922	1145.34862	581.46982
25	42	1	1626.80734	597.18434	1373.89908	600.84992
25	43	0	1102.18349	230.94617	1064.36697	235.44861
25	43	1	838.80734	243.87439	751.81651	266.95595
26	0	0	1493.54128	724.73246	317.46789	717.63622
26	0	1	1577.21101	722.97064	403.33945	721.15987
28	0	0	1522.53211	865.70962	248.36697	881.03752
28	0	1	1614.12844	861.30506	342.60550	878.39478
28	1	0	602.66055	746.20718	344.41284	726.14682
28	1	1	895.50459	710.08972	625.36697	701.04078
28	2	0	1304.34862	430.77977	1525.92661	417.37357
28	2	1	1352.34862	398.62643	1591.98165	380.81566
28	3	0	1389.23853	1012.16966	600.05505	1024.03752
28	3	1	1769.39450	907.01794	949.70642	929.77977
28	4	0	475.58716	150.63622	351.78899	163.75693
28	4	1	623.99083	189.83687	499.31193	193.70799
28	5	0	1456.49541	526.01631	1454.89908	525.43393
28	5	1	1325.70642	491.66069	1310.89908	487.55465
28	6	0	782.09174	886.19902	259.19266	873.84013
28	6	1	1546.08257	644.69331	1280.40367	655.62643
28	7	0	1429.87156	486.26754	1588.71560	481.91028
28	7	1	1196.20183	350.41109	1339.33028	337.20881
28	8	0	648.11009	396.53344	556.81651	392.59054
28	8	1	807.08257	447.18597	719.31193	439.71941
28	9	0	913.25688	730.24470	336.01835	720.12561
28	9	1	1288.87156	748.50571	833.54128	759.01468
28	10	0	760.46789	413.31485	811.80734	408.75530
28	10	1	549.53211	410.67210	619.19266	406.73246
28	11	0	935.64220	670.64927	850.25688	664.07667
28	11	1	1207.34862	678.57749	1108.31193	677.29038
28	12	0	1622.34862	804.34910	1391.32110	830.81566
28	12	1	1361.65138	796.86134	1209.44954	812.75693
28	13	0	1284.43119	631.88744	962.58716	637.12561
28	13	1	1645.21101	831.86297	1302.60550	863.07830
28	14	0	275.35780	350.20881	423.09174	356.37357
28	14	1	32.58716	255.32953	212.59633	271.36542
29	0	0	1457.22018	806.61338	362.72477	825.04078
29	0	1	1539.12844	805.29201	445.51376	824.15987
29	1	0	1680.00000	244.26591	1826.20183	199.42251
29	1	1	1720.07339	231.49266	1880.36697	178.72104
29	2	0	1406.71560	264.36378	1584.83486	239.46982
29	2	1	1340.22018	268.32790	1520.54128	250.04078
29	3	0	1896.66055	478.05383	1491.77064	473.26754
29	3	1	1772.91743	486.86297	1392.24771	483.39804
29	4	0	1117.71560	265.63622	834.03670	275.46819
29	4	1	1286.81651	248.01794	945.44954	257.84992
29	5	0	767.41284	442.46982	612.47706	462.18597
29	5	1	892.47706	479.02773	699.66972	494.33931
29	6	0	1772.03670	278.06362	1846.89908	234.53018
29	6	1	1719.63303	281.58728	1793.17431	240.69657
29	7	0	1521.02752	254.27896	1467.30275	234.53018
29	7	1	1581.79817	263.08809	1530.71560	240.25612
29	8	0	1329.76147	274.36378	1287.57798	267.66069
29	8	1	1279.55963	281.85155	1244.42202	275.58891
29	9	0	1576.79817	272.50571	1675.98165	242.68352
29	9	1	1650.77982	263.69657	1731.90826	230.79119
29	10	0	472.75229	375.62480	60.33028	412.13540
29	10	1	711.43119	332.90049	340.40367	362.80424
29	11	0	1180.41284	237.49429	965.95413	242.29201
29	11	1	978.72477	276.25449	793.66972	293.38662
29	12	0	1180.97248	210.18434	1448.05505	194.88744
29	12	1	1146.18349	254.67047	1419.87156	235.84992
29	13	0	1056.55046	233.74388	1065.66972	241.22023
29	13	1	898.01835	223.61338	893.48624	242.54160
29	14	0	1067.39450	55.49755	1021.00917	66.06852
29	14	1	1197.74312	177.94454	1118.33028	177.50408
29	15	0	1457.34862	269.69657	1409.02752	254.24144
29	15	1	1820.65138	241.06688	1817.83486	195.56281
29	16	0	754.16514	317.31648	716.19266	344.13703
29	16	1	520.03670	458.29201	530.05505	484.11256
29	17	0	959.00917	417.45840	878.55963	429.66069
29	17	1	225.25688	305.62316	280.00917	359.81403
29	18	0	91.15596	135.22023	167.77982	217.38662
29	18	1	186.27523	145.79119	281.83486	218.26754
29	19	0	867.62385	76.63948	868.00917	99.98369
29	19	1	1000.61468	70.91354	1003.64220	80.60359
30	0	0	1420.78899	756.34095	448.88073	776.29364
30	0	1	1541.88991	788.49429	320.73394	810.64927
30	1	0	287.38532	549.02936	314.21101	570.10114
30	1	1	89.66055	549.91028	141.14679	572.74388
30	2	0	172.18349	530.75530	444.01835	552.38662
30	2	1	99.08257	532.07667	385.00917	553.70799
30	3	0	1511.66972	630.82871	1796.40367	652.36052
30	3	1	1396.58716	604.10767	1671.63303	624.17129
30	4	0	650.94495	688.36215	420.01835	703.18434
30	4	1	434.72477	669.86297	194.20183	684.10114
30	5	0	624.12844	737.47798	361.65138	749.81566
30	5	1	455.46789	738.79935	130.45872	749.37520
30	6	0	1708.89908	647.58891	1890.49541	672.83850
30	6	1	1582.95413	618.95922	1760.58716	640.68515
30	7	0	78.25688	479.36215	385.94495	510.13214
30	7	1	184.82569	483.47308	471.96330	507.78303
30	8	0	1630.42202	581.61338	1700.22018	599.02773
30	8	1	1370.16514	609.36215	1424.47706	628.35073
30	9	0	165.57798	580.94780	368.58716	601.01305
30	9	1	70.16514	596.80424	286.38532	614.81403
30	10	0	142.46789	771.65905	278.03670	774.53997
30	10	1	369.69725	709.99511	496.01835	718.60196
30	11	0	1388.90826	763.73246	1471.24771	787.86297
30	11	1	1555.36697	747.87602	1652.67890	781.69657
30	12	0	1425.11009	774.89886	1484.72477	801.79119
30	12	1	1676.96330	735.82871	1820.91743	770.34095
30	13	0	1424.25688	777.74225	1185.49541	802.47145
30	13	1	1242.82569	702.57096	974.53211	723.62316
30	14	0	673.31193	675.26591	656.36697	689.44861
30	14	1	528.84404	654.85318	498.42202	669.48124
30	15	0	985.00000	657.35400	859.16514	676.19413
30	15	1	1117.40367	704.92333	1010.65138	725.23165
30	16	0	323.79817	717.49592	317.08257	724.63948
30	16	1	481.44954	723.07504	447.43119	732.27406
30	17	0	637.73394	805.51223	232.97248	812.90212
30	17	1	412.07339	712.20228	40.80734	725.12235
30	18	0	987.88991	687.39967	707.52294	706.88418
30	18	1	1134.38532	661.55954	795.88991	679.28222
30	19	0	782.93578	592.30669	777.80734	609.05057
30	19	1	932.36697	616.97227	916.96330	633.71615
30	20	0	978.07339	893.74062	743.78899	909.25775
30	20	1	819.03670	899.90701	583.86239	908.42414
30	21	0	256.34862	675.46330	263.38532	685.78956
30	21	1	104.86239	621.43393	130.77064	637.82382
30	22	0	254.01835	678.74062	254.69725	691.25775
30	22	1	96.95413	613.55302	136.38532	630.18108
30	23	0	347.00000	520.87439	755.42202	539.02773
30	23	1	277.86239	494.00653	684.96330	520.08809
30	24	0	136.51376	518.95759	530.86239	538.98206
30	24	1	277.87156	528.20718	659.44954	548.67210
30	25	0	334.27523	601.67210	599.52294	620.22023
30	25	1	125.10092	611.80261	427.77982	634.75530
30	26	0	949.97248	650.62316	778.91743	667.56444
30	26	1	1142.41284	638.29038	1002.18349	655.23165
30	27	0	1506.95413	611.76672	1447.89908	631.19739
30	27	1	1298.19266	583.86297	1197.77064	599.48450
30	28	0	701.44954	556.70799	674.50459	574.46982
30	28	1	910.62385	580.05220	881.47706	597.81403
30	29	0	879.73394	502.86297	1078.77064	519.25612
30	29	1	732.21101	489.64927	926.84404	507.36378
30	30	0	713.48624	503.01794	835.50459	521.61338
30	30	1	603.83486	481.43556	730.69725	503.55465
30	31	0	617.38532	568.00653	742.00000	584.06525
30	31	1	742.44954	591.79119	881.15596	607.84992
30	32	0	671.82569	445.69657	816.32110	466.55465
30	32	1	571.86239	428.51876	735.73394	452.90049
30	33	0	133.87156	685.35073	79.26606	692.39804
30	33	1	709.87156	702.96900	510.82569	711.77814
30	34	0	447.41284	665.97064	295.92661	681.82708
30	34	1	880.71560	659.38662	616.51376	674.77977
30	35	0	104.36697	611.06525	177.46789	626.49429
30	35	1	425.46789	636.53018	477.29358	649.00653
30	36	0	943.69725	723.98206	699.20183	740.58891
30	36	1	678.75229	672.10114	400.83486	687.17292
30	37	0	372.60550	506.21044	409.00000	531.68679
30	37	1	594.11009	490.35400	613.77064	514.06852
30	38	0	351.90826	645.39478	361.88073	658.97879
30	38	1	550.95413	640.99021	570.17431	656.33605
30	39	0	374.05505	526.88744	409.67890	550.73083
30	39	1	588.51376	567.84992	606.52294	585.52692
30	40	0	70.89908	637.20718	18.49541	655.41109
30	40	1	570.63303	665.70799	479.66972	676.23491
30	41	0	892.02752	605.06525	1084.11927	622.07830
30	41	1	1450.76147	595.22023	1628.69725	613.68515
30	42	0	411.74312	543.98206	598.61468	562.23165
30	42	1	180.55046	555.87439	396.92661	576.32626
30	43	0	512.94495	642.33768	702.97248	655.75693
30	43	1	291.00000	630.00489	496.35780	646.42088
31	0	0	1527.84404	797.19739	335.71560	824.80424
31	0	1	1616.35780	796.75693	422.02752	819.51876
31	1	0	1222.81651	624.30343	1008.65138	646.32790
31	1	1	1058.55963	620.33931	839.55046	642.80424
31	2	0	1106.22018	586.74388	830.44037	610.29038
31	2	1	1261.66972	591.58891	1012.75229	613.81403
31	3	0	1063.06422	472.22512	912.78899	490.04568
31	3	1	1226.00000	512.74715	1067.35780	534.97227
31	4	0	1041.47706	708.37357	702.76147	732.99511
31	4	1	1229.95413	710.13540	914.57798	731.23328
31	5	0	1111.40367	411.21044	870.16514	436.93312
31	5	1	944.06422	397.99674	715.36697	426.86297
31	6	0	691.99083	266.07667	588.60550	299.40783
31	6	1	898.08257	262.99347	776.20183	290.15824
31	7	0	782.41284	364.31648	464.85321	400.05383
31	7	1	506.74312	303.97390	193.35780	347.63622
31	8	0	671.98165	445.00653	416.14679	476.74388
31	8	1	472.93578	450.73246	208.73394	483.35073
31	9	0	683.27523	501.69657	499.79817	527.18434
31	9	1	857.66055	492.88744	695.32110	519.69657
31	10	0	1073.10092	437.07830	832.08257	457.39641
31	10	1	904.44037	454.25612	666.50459	479.41925
31	11	0	1031.12844	524.89886	873.70642	549.70799
31	11	1	1221.36697	484.37684	1057.77982	503.90049
31	12	0	1709.06422	387.76835	1695.41284	388.67047
31	12	1	1868.47706	382.04241	1879.92661	385.14682
31	13	0	1587.37615	229.03100	1315.64220	227.47145
31	13	1	1756.47706	229.03100	1543.75229	228.35237
31	14	0	1463.19266	299.50408	1292.74312	308.95595
31	14	1	1628.33028	288.49266	1479.45872	288.25449
31	15	0	1203.41284	397.24307	1158.78899	413.60033
31	15	1	1298.97248	391.51713	1282.97248	405.23165
31	16	0	836.00000	367.29201	688.35780	394.89886
31	16	1	995.85321	354.95922	845.12844	381.68515
31	17	0	528.45872	298.33768	528.55046	332.98206
31	17	1	684.34862	276.31485	674.31193	309.63785
31	18	0	474.73394	235.35237	380.14679	282.76998
31	18	1	625.77982	229.62643	534.71560	270.87765
31	19	0	659.58716	13.65416	653.00000	61.66395
31	19	1	800.94495	45.80750	814.17431	82.80587
31	20	0	1084.56881	15.85644	937.34862	32.59380
31	20	1	1219.76147	23.34421	1089.27523	36.55791
31	21	0	887.72477	92.49592	856.77064	121.85318
31	21	1	1008.82569	81.04405	992.40367	102.91354
31	22	0	839.32110	102.62643	773.28440	137.42251
31	22	1	694.00000	103.50734	627.88991	146.02936
31	23	0	674.62385	222.43067	573.28440	259.66721
31	23	1	797.92661	206.13377	718.60550	238.52529
31	24	0	440.97248	29.51060	459.25688	92.05546
31	24	1	560.75229	36.55791	585.20183	90.29364
31	25	0	654.68807	71.79445	488.05505	117.16150
31	25	1	787.23853	59.46166	644.82569	99.10277
31	26	0	537.21101	125.56770	504.62385	170.93475
31	26	1	674.60550	117.19902	644.22018	163.44698
31	27	0	273.51376	50.65253	199.76147	118.92333
31	27	1	415.31193	45.80750	339.79817	113.19739
31	28	0	484.36697	53.73573	489.65138	107.03100
31	28	1	597.98165	62.54486	598.86239	115.39967
31	29	0	1281.18349	412.36215	1265.59633	427.01794
31	29	1	1029.29358	422.05220	1035.48624	441.05383
31	30	0	1056.34862	434.84829	896.59633	458.96900
31	30	1	660.45872	464.83850	495.01835	494.54160
31	31	0	1102.33945	634.81566	902.33028	656.74551
31	31	1	753.56881	736.12072	578.98165	755.17129
31	32	0	1469.55046	716.63458	1313.45872	751.25612
31	32	1	488.39450	656.34095	411.22018	675.43393
31	33	0	351.33028	653.79119	265.84404	669.60033
31	33	1	544.65138	626.04241	446.39450	648.45840
31	34	0	1746.55046	719.53018	1514.87156	755.49266
31	34	1	1521.96330	715.12561	1329.03670	743.15987
31	35	0	1205.44954	483.68842	530.12844	509.43556
31	35	1	874.07339	506.29038	151.92661	537.23165
31	36	0	425.76147	693.14845	259.37615	713.60359
31	36	1	1883.00917	495.07341	1724.03670	508.59054
31	37	0	1044.67890	503.20555	942.87156	526.66069
31	37	1	819.65138	493.07504	690.98165	519.17292
32	0	0	1390.55963	687.86297	429.58716	683.32790
32	0	1	1497.12844	719.57586	319.05505	715.48124
32	1	0	527.46789	790.27243	146.20183	745.10604
32	1	1	673.66972	719.79935	332.03670	686.96574
32	2	0	1351.00000	514.44046	961.88991	518.79608
32	2	1	1190.70642	499.46493	776.05505	493.24959
32	3	0	1378.02752	581.08972	845.62385	587.87439
32	3	1	1548.44954	603.99347	1068.44954	615.62316
32	4	0	1048.02752	557.05873	1079.29358	546.15498
32	4	1	1169.56881	490.10930	1195.55046	480.96737
32	5	0	1291.23853	494.82219	1346.50459	492.96411
32	5	1	1393.40367	500.10767	1435.45872	501.77325
32	6	0	1595.00917	454.34584	1698.05505	462.08320
32	6	1	1720.95413	444.65579	1845.13761	450.46330
32	7	0	1339.59633	499.91680	1373.94495	498.20392
32	7	1	1439.11927	573.03263	1482.27523	580.12887
32	8	0	1440.88073	840.39152	891.88073	847.43883
32	8	1	1572.99083	678.30343	994.92661	686.23165
32	9	0	1055.66055	602.82055	1050.33028	596.60685
32	9	1	1185.12844	558.77488	1170.11009	552.56117
32	10	0	1253.58716	662.81077	793.19266	660.37357
32	10	1	1344.30275	476.49755	918.72477	470.23002
32	11	0	1256.21101	837.74878	720.23853	831.58238
32	11	1	1093.27523	983.98042	559.94495	967.24307
32	12	0	1613.94495	677.13540	946.77064	683.66069
32	12	1	1886.97248	614.30343	1193.81651	630.80587
32	13	0	1260.92661	603.79119	698.33028	597.51713
32	13	1	1378.06422	562.82871	908.83486	563.22186
32	14	0	1232.43119	893.08809	551.46789	881.77977
32	14	1	1551.53211	868.25612	862.80734	878.25612
32	15	0	1422.06422	570.12561	927.49541	568.77977
32	15	1	1634.76147	600.51713	1144.59633	612.82545
32	16	0	1092.00000	456.39152	914.05505	443.72594
32	16	1	1247.88991	407.94127	1072.58716	397.91843
32	17	0	1396.84404	639.54323	871.39450	637.24796
32	17	1	1587.08257	418.32137	1082.77064	416.13866
32	18	0	1573.87156	605.03589	1020.03670	612.36868
32	18	1	1822.23853	551.30016	1278.97248	567.44209
32	19	0	1422.38532	668.27243	870.23853	674.27406
32	19	1	1768.51376	647.13051	1194.34862	665.46493
32	20	0	1439.11927	621.08320	1077.11927	625.53507
32	20	1	1270.01835	573.51387	951.17431	569.15661
32	21	0	1314.09174	672.28874	822.58716	670.25612
32	21	1	1419.33945	516.36705	966.89908	518.67047
32	22	0	1451.44954	447.84502	691.80734	448.03589
32	22	1	1175.77982	505.10440	502.44954	503.53344
32	23	0	1115.77982	275.79772	486.47706	266.03589
32	23	1	1359.74312	232.63295	792.09174	227.27569
32	24	0	70.01835	621.05220	48.44037	564.37520
32	24	1	208.73394	577.00653	188.03670	536.62643
32	25	0	255.41284	634.26591	177.46789	583.31485
32	25	1	365.94495	577.88744	302.09174	540.59054
32	26	0	182.31193	605.84992	33.90826	549.20881
32	26	1	336.88073	528.32953	198.16514	489.74715
32	27	0	696.69725	891.17292	366.85321	848.64763
32	27	1	353.99083	853.38662	163.81651	798.08972
32	28	0	352.16514	628.45840	369.74312	586.81892
32	28	1	593.04587	691.00326	567.02752	655.53018
34	0	0	1386.11927	686.98369	433.49541	677.60196
34	0	1	1493.56881	718.69657	320.32110	712.39804
34	1	0	515.24771	750.58238	266.86239	706.38989
34	1	1	668.49541	690.68026	422.75229	657.93964
34	2	0	323.22936	820.55791	23.77982	763.51060
34	2	1	503.77982	795.89233	230.75229	752.05873
34	3	0	697.33945	398.01142	523.72477	379.41599
34	3	1	1039.06422	392.72594	838.14679	381.17781
34	4	0	1292.81651	402.89233	1307.88991	393.27080
34	4	1	1516.52294	395.84502	1519.26606	388.86623
34	5	0	715.63303	769.96574	258.93578	736.20228
34	5	1	1083.77982	909.15008	664.95413	894.76672
34	6	0	960.82569	413.62969	1106.94495	399.48777
34	6	1	1103.50459	429.48613	1253.14679	418.86786
34	7	0	260.36697	711.48777	264.22018	659.32137
34	7	1	582.71560	707.08320	562.78899	671.65416
34	8	0	1314.79817	954.02936	866.64220	953.14845
34	8	1	1735.78899	940.81566	1305.24771	977.81403
34	9	0	73.10092	689.41599	21.13761	632.63132
34	9	1	401.61468	696.46330	324.99083	652.01142
34	10	0	1265.17431	1056.21533	791.77982	1057.09625
34	10	1	1599.85321	1036.83524	1184.58716	1062.38173
34	11	0	1561.43119	681.83850	907.14679	688.64763
34	11	1	1719.96330	595.94943	1143.62385	606.28222
34	12	0	1912.95413	787.05873	1539.52294	830.70147
34	12	1	1384.51376	850.48450	1019.79817	857.12887
34	13	0	840.51376	486.61338	947.30275	468.81566
34	13	1	944.88073	520.08809	1033.17431	510.21860
34	14	0	1230.33945	528.32626	823.49541	523.26754
34	14	1	1448.76147	503.66069	1052.92661	505.20881
34	15	0	1701.57798	444.29038	1643.00917	448.20881
34	15	1	1908.55046	431.95759	1845.57798	441.16150
34	16	0	1847.77982	984.42088	925.77064	1017.45514
34	16	1	1469.94495	990.58728	564.08257	991.90865
34	17	0	741.03670	621.99347	519.88991	596.88418
34	17	1	868.74312	581.91191	676.66055	561.64763
34	18	0	1336.01835	931.93475	677.91743	928.25612
34	18	1	1079.28440	912.11419	473.58716	892.13866
34	19	0	1205.38532	535.85155	738.88073	527.39804
34	19	1	1455.07339	557.87439	984.16514	568.36052
34	20	0	1423.53211	912.39641	957.57798	926.79119
34	20	1	1662.65138	891.25449	1191.41284	913.13703
34	21	0	1347.14679	468.76672	1110.94495	465.57749
34	21	1	1525.29358	477.07667	1307.34862	479.23165
34	22	0	1281.90826	735.43393	815.61468	732.05383
34	22	1	1503.41284	678.61501	1072.34862	685.36542
34	23	0	1157.09174	849.66232	580.78899	835.95595
34	23	1	1439.58716	861.55302	834.00000	868.99021
34	24	0	1307.57798	987.50408	694.91743	983.09951
34	24	1	1544.49541	945.22023	969.26606	961.95759
34	25	0	765.49541	462.13703	875.45872	442.38662
34	25	1	871.18349	453.76835	974.15596	436.11256
34	26	0	1339.61468	604.08972	807.10092	600.80261
34	26	1	1531.17431	556.07993	1026.40367	560.28059
34	27	0	1384.23853	1040.79935	781.06422	1040.35889
34	27	1	1088.05505	902.91191	552.95413	887.07993
34	28	0	1017.91743	738.02773	496.38532	714.58891
34	28	1	866.87156	595.76020	298.74312	574.56607
34	29	0	1591.92661	739.45677	1027.38532	751.78956
34	29	1	1894.45872	690.79282	1302.17431	712.58891
34	30	0	1495.78899	343.64763	1699.81651	330.79119
34	30	1	1581.22018	338.36215	1800.22018	326.38662
34	31	0	762.46789	746.35073	306.33028	715.89886
34	31	1	496.04587	741.94617	11.44954	701.76509
34	32	0	799.00917	496.66069	833.52294	477.71941
34	32	1	918.34862	501.06525	943.61468	487.84992
34	33	0	1699.81651	377.58891	1630.92661	372.49429
34	33	1	1827.96330	350.28059	1733.28440	343.76672
34	34	0	1591.48624	373.84502	1809.90826	366.39315
34	34	1	1494.60550	388.82055	1693.65138	380.48777
34	35	0	960.00000	1002.47961	440.36697	974.29038
34	35	1	1884.77064	678.30343	1576.51376	708.25449
34	36	0	1897.98165	727.08157	1752.66055	766.84502
34	36	1	1453.21101	682.27406	1341.01835	697.24959
34	37	0	777.83486	514.84339	1070.97248	493.31158
34	37	1	719.35780	514.36215	1013.20183	495.57749
35	0	0	1504.19266	720.79119	319.47706	717.73246
35	0	1	1589.62385	720.79119	401.82569	723.01794
35	1	0	699.26606	399.10277	968.59633	381.10114
35	1	1	769.28440	416.72104	1035.53211	396.07667
35	2	0	1438.47706	349.23328	1688.80734	337.44698
35	2	1	1493.96330	402.08809	1739.88991	396.46819
36	0	0	1168.07339	710.63458	788.08257	728.67047
36	0	1	1199.33945	596.99674	807.89908	615.91354
36	1	0	443.90826	570.70799	305.17431	594.88744
36	1	1	264.23853	583.92170	96.00000	612.06525
36	2	0	1307.46789	954.74225	587.18349	962.83850
36	2	1	901.29358	900.95759	298.60550	900.95759
36	3	0	940.62385	907.34095	590.59633	922.69657
36	3	1	357.57798	995.43230	14.09174	1000.71778
36	4	0	696.82569	733.32137	596.65138	744.60685
36	4	1	1086.99083	715.70310	912.83486	729.63132
36	5	0	1231.70642	731.84013	1099.53211	756.32137
36	5	1	1632.00000	708.24959	1617.40367	721.08483
36	6	0	193.32110	476.39641	268.61468	511.71778
36	6	1	25.54128	463.18271	128.57798	505.11093
36	7	0	1088.35780	574.95759	781.61468	591.06525
36	7	1	1284.76147	530.47145	945.43119	545.25775
36	8	0	1052.71560	758.08809	530.21101	775.26591
36	8	1	998.92661	548.04241	354.96330	573.87602
36	9	0	1483.98165	928.15987	1010.24771	949.12398
36	9	1	1652.10092	765.34910	1142.80734	782.13377
36	10	0	1419.31193	513.62480	166.45872	533.74388
36	10	1	1784.36697	618.18271	705.88991	628.69657
36	11	0	967.51376	895.27896	584.85321	912.99347
36	11	1	1192.98165	880.30343	735.01835	897.13703
36	12	0	1191.64220	550.63785	486.90826	569.18434
36	12	1	872.24771	531.79282	173.06422	556.69494
36	13	0	1426.29358	670.29038	1042.73394	683.56444
36	13	1	1597.59633	635.93475	1285.37615	650.53018
36	14	0	1334.21101	575.10114	1127.88073	587.62480
36	14	1	1130.76147	609.01631	894.04587	621.53997
36	15	0	1204.87156	293.44535	779.50459	308.94454
36	15	1	1511.36697	308.86134	1010.69725	312.90865
36	16	0	691.29358	710.73246	381.57798	727.61175
36	16	1	841.01835	680.78140	574.45872	704.26754
36	17	0	1254.16514	901.06688	795.22936	916.37520
36	17	1	978.05505	939.82708	505.24771	956.23165
36	18	0	651.28440	728.33605	458.60550	745.76672
36	18	1	788.23853	601.48450	623.74312	626.84339
36	19	0	932.51376	742.81403	627.52294	759.08809
36	19	1	1150.05505	644.15171	866.20183	665.27080
36	20	0	1548.08257	951.62153	1032.16514	973.40946
36	20	1	1799.53211	815.52039	1166.33945	829.22023
36	21	0	992.63303	620.33931	286.72477	644.22023
36	21	1	1300.62385	668.48124	565.47706	683.86134
36	22	0	1773.35780	320.11256	784.60550	336.26754
36	22	1	1379.82569	169.38662	348.54128	192.92170
36	23	0	1164.88991	829.70799	739.22018	850.10277
36	23	1	911.06422	892.15987	502.78899	910.70962
36	24	0	1332.35780	708.46656	851.43119	727.74225
36	24	1	1589.09174	594.82871	1129.30275	610.58075
36	25	0	1018.59633	441.39804	1032.16514	452.09951
36	25	1	1149.82569	427.74388	1155.90826	436.24307
36	26	0	1137.55046	656.24144	887.65138	673.43393
36	26	1	1313.69725	611.75530	1044.86239	623.66232
36	27	0	796.78899	553.48450	805.63303	571.24307
36	27	1	1504.29358	708.80261	1391.27523	729.31811
37	0	0	1530.34862	840.62480	371.66972	826.32953
37	0	1	1625.90826	840.18434	457.10092	826.32953
37	1	0	317.89908	423.82708	349.77982	469.57749
37	1	1	524.43119	430.87439	503.02752	466.05383
37	2	0	1142.87156	436.84829	1039.39450	454.74225
37	2	1	984.77982	302.50897	897.59633	339.78303
37	3	0	268.62385	407.54160	273.92661	456.31648
37	3	1	464.14679	478.89560	437.74312	512.25449
37	4	0	391.37615	320.45677	306.51376	383.64111
37	4	1	600.11009	381.68026	445.66972	425.92496
37	5	0	653.88073	425.09951	608.78899	460.33931
37	5	1	498.43119	399.11256	480.64220	440.95922
37	6	0	1128.62385	457.79119	1017.64220	475.95432
37	6	1	1267.33945	456.91028	1105.71560	472.87113
37	7	0	956.45872	556.60196	873.04587	568.01794
37	7	1	1144.05505	587.87439	1018.36697	596.64763
37	8	0	1745.17431	603.55465	1153.47706	606.87113
37	8	1	1421.50459	372.30016	966.52294	384.12398
37	9	0	1362.84404	449.01794	1211.42202	462.18434
37	9	1	1184.49541	386.47308	1064.33945	406.24633
37	10	0	1269.97248	446.08972	973.90826	465.41762
37	10	1	1094.70642	362.40294	809.65138	394.50408
37	11	0	1075.37615	96.90049	227.28440	162.96900
37	11	1	1479.98165	239.12072	653.21101	277.30179
37	12	0	1088.77064	429.02121	441.88073	452.55302
37	12	1	1395.26606	529.88581	774.25688	543.97064
37	13	0	1625.83486	585.86623	1349.88073	590.47145
37	13	1	1882.56881	669.99347	1565.66055	662.70636
37	14	0	493.33028	341.66069	633.24771	391.43393
37	14	1	626.32110	340.77977	733.65138	387.91028
37	15	0	1708.18349	526.70636	1471.66972	528.31485
37	15	1	1520.58716	509.08809	1299.92661	518.62480
37	16	0	1047.49541	424.30343	991.41284	443.93475
37	16	1	1192.37615	424.30343	1101.50459	437.32790
37	17	0	319.51376	178.57586	406.58716	267.11256
37	17	1	485.97248	189.14682	530.33028	271.51713
37	18	0	601.08257	265.55139	530.77064	332.74062
37	18	1	394.99083	317.52529	359.90826	378.10767
37	19	0	555.64220	536.44535	509.05505	557.63622
37	19	1	434.54128	540.40946	376.94495	562.04078
37	20	0	661.45872	543.63458	871.57798	557.34747
37	20	1	972.96330	485.48287	1181.15596	488.19576
37	21	0	623.98165	706.94454	520.81651	701.75367
37	21	1	741.11927	543.53507	627.38532	563.45024
37	22	0	953.29358	544.31321	820.46789	556.42088
37	22	1	1109.18349	495.42251	969.31193	508.41109
37	23	0	699.41284	650.33931	581.18349	650.48287
37	23	1	1051.21101	640.97227	887.67890	640.79282
37	24	0	635.83486	516.97064	714.54128	531.94454
37	24	1	1250.98165	672.25449	1099.15596	671.25612
37	25	0	309.37615	379.24144	7.04587	435.17129
37	25	1	677.45872	490.71615	458.44037	517.88744
37	26	0	1003.40367	600.22186	754.35780	618.36215
37	26	1	1468.08257	682.53018	1133.97248	685.89560
37	27	0	1304.45872	477.81566	1327.18349	486.42088
37	27	1	1591.13761	496.31485	1607.15596	494.36378
37	28	0	554.80734	641.92170	317.06422	669.49429
37	28	1	1615.26606	590.21207	1347.52294	572.59380
37	29	0	1812.11009	662.60196	975.41284	646.95759
37	29	1	1178.89908	596.14029	592.66055	611.48287
38	0	0	1415.16514	771.89886	324.11009	824.53507
38	0	1	1537.58716	801.84992	446.25688	796.32790
38	1	0	239.05505	355.46003	224.93578	400.87276
38	1	1	517.80734	400.82708	483.87156	435.22838
38	2	0	1345.27523	616.30343	1228.73394	636.51713
38	2	1	1702.85321	598.44535	1587.16514	621.20718
38	3	0	1063.95413	461.46982	1386.84404	470.22023
38	3	1	1361.30275	492.05220	1734.29358	502.81403
38	4	0	943.57798	743.51713	863.33945	762.85318
38	4	1	1617.53211	608.92170	1678.48624	640.62480
39	0	0	1424.38532	853.97064	409.26606	873.70962
39	0	1	1560.01835	880.83850	275.83486	905.42251
39	1	0	1040.19266	787.89886	900.45872	783.77977
39	1	1	761.00000	737.24633	685.55963	734.44861
39	2	0	329.84404	830.04241	271.55963	795.29038
39	2	1	541.12844	860.62480	430.97248	838.45514
39	3	0	445.36697	818.49429	398.66055	783.06525
39	3	1	597.29358	820.69657	555.43119	800.24307
39	4	0	594.19266	738.38662	634.37615	720.17129
39	4	1	861.93578	746.75530	851.97248	743.85155
39	5	0	1309.99083	410.90701	1617.90826	399.69494
39	5	1	1383.09174	409.58564	1705.98165	399.25449
39	6	0	1110.87156	841.53997	840.11927	848.54160
39	6	1	896.85321	795.29201	657.36697	792.16313
39	7	0	1433.62385	782.22023	1067.55963	804.68352
39	7	1	1257.91743	771.64927	858.38532	790.58891
39	8	0	1106.20183	731.15824	1016.36697	738.20555
39	8	1	956.47706	732.92007	856.07339	738.20555
39	9	0	946.21101	734.88581	462.77064	741.21860
39	9	1	879.64220	583.29038	298.07339	588.82055
39	10	0	1046.64220	758.48124	531.67890	754.46982
39	10	1	771.95413	669.95759	303.70642	674.15987
39	11	0	1351.79817	753.39804	596.78899	780.70799
39	11	1	1661.06422	752.30016	891.30275	787.53670
39	12	0	1031.39450	326.42251	1046.92661	323.11256
39	12	1	1228.58716	332.20718	1212.06422	328.83850
39	13	0	1037.94495	1017.89560	724.74312	1010.40783
39	13	1	1383.17431	967.76672	977.51376	994.55139
39	14	0	1121.14679	803.67210	287.92661	805.73246
39	14	1	1254.06422	622.18434	540.77064	634.25775
39	15	0	1134.48624	800.77977	686.43119	805.70799
39	15	1	1146.33945	535.32626	673.27523	546.73246
40	0	0	1354.01835	769.85155	482.27523	779.92170
40	0	1	1466.31193	813.45677	363.37615	827.05057
40	1	0	779.18349	437.10277	1022.97248	447.02936
40	1	1	850.52294	432.69821	1092.99083	441.30343
40	2	0	1447.51376	607.69657	1313.16514	609.79119
40	2	1	1271.80734	597.12561	1117.20183	608.46982
40	3	0	596.68807	579.89886	481.23853	597.46982
40	3	1	725.71560	578.57749	587.80734	592.18434
40	4	0	579.54128	622.49592	420.98165	634.95759
40	4	1	380.49541	618.53181	219.29358	631.87439
40	5	0	584.33945	454.32626	857.33028	473.01794
40	5	1	512.11927	451.68352	785.55046	470.37520
40	6	0	903.14679	499.92333	987.27523	509.61501
40	6	1	1070.92661	547.05220	1153.29358	556.30343
40	7	0	1121.71560	384.29364	1088.55963	389.03915
40	7	1	1310.19266	370.19902	1246.21101	361.73083
40	8	0	1143.19266	815.72594	776.80734	849.20065
40	8	1	110.97248	394.64927	51.08257	447.50408
40	9	0	761.70642	506.69494	382.16514	526.12235
40	9	1	563.98165	435.78140	209.54128	467.54160
40	10	0	798.25688	480.70799	546.38532	480.63622
40	10	1	664.82569	378.08157	376.40367	402.23491
40	11	0	968.29358	574.17129	292.60550	598.14845
40	11	1	1310.14679	447.55465	633.74312	465.51876
40	12	0	637.60550	206.13377	527.05505	239.69494
40	12	1	792.17431	196.44372	643.75229	224.71941
40	13	0	898.91743	280.08809	724.66055	299.25612
40	13	1	1075.06422	251.89886	857.65138	261.81729
40	14	0	989.28440	580.77977	595.87156	597.27569
40	14	1	804.53211	440.20881	451.91743	463.85318
40	15	0	1076.05505	460.92170	436.82569	477.42414
40	15	1	1312.87156	525.28059	701.03670	548.42251
40	16	0	1356.05505	226.64600	579.85321	254.14356
40	16	1	1725.79817	123.76835	763.92661	135.22023
40	17	0	908.95413	515.74388	769.41284	525.68189
40	17	1	982.19266	411.39804	878.18349	415.56770
40	18	0	303.75229	735.04568	48.00000	744.60033
40	18	1	516.44954	785.25775	239.55963	787.76509
40	19	0	416.50459	730.33931	79.26606	743.28059
40	19	1	597.49541	756.32626	284.91743	763.10114
40	20	0	1109.95413	919.67374	467.34862	937.22023
40	20	1	1340.26606	963.27896	733.33028	970.25449
40	21	0	1438.19266	996.31321	600.66055	1009.52692
40	21	1	1183.66055	990.58728	289.06422	1013.93148
40	22	0	1366.89908	768.15661	766.31193	764.22023
40	22	1	1171.37615	607.83034	534.63303	618.62480
40	23	0	780.03670	489.85155	370.58716	514.60033
40	23	1	954.86239	518.04078	559.94495	531.33768
40	24	0	665.27523	375.13703	608.79817	394.45677
40	24	1	573.67890	269.86786	511.47706	289.62806
40	25	0	869.16514	392.75530	543.18349	408.55139
40	25	1	686.85321	296.29527	375.84404	320.90049
40	26	0	1141.32110	485.17618	837.61468	495.48613
40	26	1	990.71560	357.44372	711.66972	375.68189
40	27	0	1416.11927	757.03589	872.66055	762.96574
40	27	1	1661.84404	824.86623	1067.30275	830.79608
40	28	0	1476.01835	760.38825	874.99083	761.47308
40	28	1	1697.08257	827.33768	1104.86239	833.70799
40	29	0	571.94495	685.24959	454.45872	699.29690
40	29	1	449.52294	653.53670	326.75229	654.37031
40	30	0	814.24771	765.86786	429.79817	764.15334
40	30	1	635.45872	688.34747	214.01835	704.25122
40	31	0	1001.80734	703.32137	606.33945	708.53344
40	31	1	804.52294	656.63295	378.22936	673.29690
40	32	0	1165.28440	578.01305	595.43119	585.34747
40	32	1	1350.23853	715.43556	812.09174	723.65090
40	33	0	1257.76147	731.29201	773.33945	743.03100
40	33	1	1090.42202	592.10767	581.33945	603.84666
40	34	0	1232.16514	301.27243	962.54128	295.41599
40	34	1	1046.33028	199.96737	779.34862	211.72920
40	35	0	1609.10092	998.95595	856.07339	997.19413
40	35	1	1342.23853	909.10277	565.43119	917.91191
40	36	0	900.79817	218.46656	390.16514	239.60848
40	36	1	1089.27523	363.81729	605.06422	373.50734
40	37	0	1035.30275	394.07993	654.05505	406.81892
40	37	1	817.76147	328.89233	403.92661	353.96411
40	38	0	1236.55046	737.70310	817.28440	761.52692
40	38	1	1246.62385	478.72594	802.31193	486.68189
40	39	0	3.96330	483.28059	137.39450	519.34910
40	39	1	172.18349	499.13703	283.59633	525.95595
40	40	0	1497.68807	605.49429	1429.37615	609.02936
40	40	1	1817.83486	574.22186	1726.67890	573.93475
40	41	0	472.31193	111.43556	117.57798	167.01794
40	41	1	663.43119	124.20881	320.58716	167.89886
40	42	0	597.13761	234.48124	778.35780	265.74062
40	42	1	425.83486	238.44535	636.33028	284.18597
40	43	0	1373.94495	796.34584	757.43119	813.96411
40	43	1	697.54128	551.45188	572.47706	565.54649
40	44	0	584.61468	355.15987	783.51376	377.04078
40	44	1	721.12844	348.99347	903.73394	367.35073
41	0	0	1238.51376	831.95759	627.94495	843.54160
41	0	1	1183.90826	698.05873	575.33028	710.86623
41	1	0	567.26606	616.50734	500.79817	604.85155
41	1	1	435.59633	637.20881	325.97248	627.31485
41	2	0	457.66055	369.36215	144.70642	381.33768
41	2	1	542.65138	320.47145	294.87156	334.20881
41	3	0	647.54128	524.45840	968.47706	516.82871
41	3	1	724.60550	535.02936	1045.54128	530.92333
41	4	0	898.27523	637.58238	657.94495	630.03589
41	4	1	711.55963	641.98695	464.18349	637.96411
41	5	0	785.60550	485.49429	1060.00000	480.29201
41	5	1	735.40367	487.25612	1009.35780	480.29201
41	6	0	1281.65138	191.79119	1372.25688	176.31485
41	6	1	1174.64220	136.73409	1259.96330	121.25775
41	7	0	1074.62385	639.75530	966.36697	643.27896
41	7	1	931.94495	618.17292	850.99083	616.85155
41	8	0	1432.66972	716.15987	748.52294	736.37357
41	8	1	1557.07339	541.81566	697.56881	565.17292
41	9	0	946.49541	503.00489	821.50459	505.36215
41	9	1	1131.44954	487.14845	990.60550	490.82708
41	10	0	1251.05505	552.50408	575.44037	570.39641
41	10	1	1186.32110	529.15987	683.77064	541.76672
41	11	0	794.50459	669.01631	225.45872	671.47961
41	11	1	1036.26606	528.51060	435.51376	537.14029
41	12	0	1011.08257	620.16313	445.37615	627.81077
41	12	1	1156.69725	491.55302	696.38532	501.84013
41	13	0	1306.07339	809.13540	535.92661	823.47798
41	13	1	1062.79817	671.36215	247.82569	682.33931
41	14	0	1093.89908	760.73899	672.44037	765.67374
41	14	1	945.93578	666.04078	491.51376	669.76835
41	15	0	943.86239	781.94617	357.21101	784.03915
41	15	1	747.89908	802.20718	33.90826	802.67047
41	16	0	1048.92661	731.77814	374.10092	735.98369
41	16	1	831.87156	726.32790	36.33945	730.25775
41	17	0	1113.88073	822.10114	672.86239	828.63622
41	17	1	866.34862	711.98206	420.38532	710.56607
41	18	0	831.73394	905.56444	295.92661	895.73083
41	18	1	589.09174	917.01631	7.04587	899.43393
41	19	0	1244.60550	506.57749	470.00917	524.84992
41	19	1	942.21101	489.55302	88.95413	504.42414
41	20	0	1295.44037	790.19576	960.59633	806.11256
41	20	1	1441.20183	791.07667	1161.84404	812.27896
41	21	0	1125.77064	744.69331	617.87156	750.65905
41	21	1	896.33945	603.30669	417.06422	609.27243
41	22	0	905.95413	667.46982	329.92661	667.20881
41	22	1	660.11927	487.25775	40.51376	496.75693
41	23	0	349.32110	724.38662	138.71560	706.54976
41	23	1	172.29358	713.81566	8.36697	690.25285
41	24	0	1223.56881	746.64763	689.90826	759.89886
41	24	1	1472.81651	757.21860	926.21101	783.64600
41	25	0	1193.35780	608.46982	546.85321	622.33605
41	25	1	1009.80734	464.93475	466.26606	476.98532
41	26	0	925.08257	813.60033	657.08257	814.24307
41	26	1	1136.45872	732.55628	882.11009	738.04405
41	27	0	1175.47706	537.52039	744.93578	547.75693
41	27	1	1447.18349	537.07993	952.34862	552.60196
41	28	0	661.88991	638.82708	273.46789	636.46982
41	28	1	493.10092	708.40783	9.68807	699.45514
41	29	0	735.77982	655.75530	400.26606	652.93475
41	29	1	1105.72477	679.54160	707.43119	698.78140
41	30	0	868.22018	445.49592	1157.12844	436.94780
41	30	1	911.81651	438.44861	1197.20183	435.18597
41	31	0	772.96330	493.17129	1058.56881	489.26591
41	31	1	719.67890	490.96900	1001.32110	483.98042
41	32	0	832.11009	496.06525	1104.09174	489.94454
41	32	1	884.51376	486.37520	1151.21101	482.01631
41	33	0	879.59633	469.77977	1172.34862	465.27896
41	33	1	833.35780	460.53018	1131.83486	455.14845
41	34	0	985.01835	682.43230	890.35780	688.69657
41	34	1	612.55046	654.87765	563.11927	646.37357
41	35	0	1559.73394	468.76672	1732.73394	469.88418
41	35	1	1319.29358	439.25612	1501.98165	431.56444
41	36	0	1900.18349	712.73246	1700.97248	751.08809
41	36	1	1470.38532	740.48124	1234.88073	764.94454
41	37	0	905.83486	579.42251	495.62385	587.28059
41	37	1	1396.33945	623.94127	810.04587	640.13540
41	38	0	1129.10092	872.10440	816.33945	881.43393
41	38	1	1277.35780	792.74388	1123.71560	805.67537
41	39	0	188.80734	595.46982	350.93578	577.94617
41	39	1	770.87156	564.52855	812.54128	555.34095
42	0	0	1412.25688	819.72104	427.75229	839.13866
42	0	1	1539.08257	850.99347	294.76147	874.37520
42	1	0	1385.60550	643.24470	940.04587	658.55139
42	1	1	1721.82569	637.53997	1202.50459	659.43230
42	2	0	867.11927	604.53018	840.85321	601.62480
42	2	1	1005.83486	597.04241	957.55046	597.66069
42	3	0	1501.21101	588.60033	1258.08257	599.95759
42	3	1	1725.35780	568.77977	1457.12844	582.77977
42	4	0	98.64220	722.32626	29.06422	691.73246
42	4	1	282.27523	693.69657	202.56881	676.31648
42	5	0	571.07339	651.14682	543.73394	641.36215
42	5	1	842.99083	697.74388	789.01835	694.21697
42	6	0	911.67890	446.05710	1005.13761	444.51713
42	6	1	745.66055	490.98369	814.89908	489.00326
42	7	0	1397.35780	444.48124	1456.58716	440.55302
42	7	1	1269.21101	469.14682	1350.89908	462.13540
42	8	0	842.02752	470.81403	1124.74312	459.78630
42	8	1	738.54128	493.27732	1014.04587	486.67374
42	9	0	1633.20183	743.01794	795.94495	773.12398
42	9	1	1793.05505	735.08972	1116.97248	763.87439
42	10	0	731.86239	693.05220	410.16514	687.92170
42	10	1	930.46789	608.04405	641.35780	605.99674
42	11	0	714.29358	595.37357	732.09174	589.19576
42	11	1	829.83486	549.31485	867.72477	543.38825
42	12	0	1233.18349	524.06525	1366.74312	521.71941
42	12	1	1341.51376	495.43556	1485.20183	493.08972
42	13	0	1027.13761	647.20881	959.97248	647.19413
42	13	1	1200.64220	642.36378	1134.35780	648.95595
42	14	0	1633.32110	746.63622	1377.88991	773.86297
42	14	1	1896.66055	701.70962	1631.98165	732.90049
42	15	0	1135.82569	647.67210	914.58716	653.01468
42	15	1	1327.82569	632.25612	1127.28440	639.36052
42	16	0	330.81651	656.40620	276.68807	642.84013
42	16	1	475.69725	669.17945	359.91743	659.57749
43	0	0	1535.77982	853.53018	282.46789	876.62480
43	0	1	1623.41284	850.44698	368.77982	880.14845
43	1	0	147.08257	453.10114	153.24771	451.61338
43	1	1	249.68807	489.21860	214.45872	487.29038
43	2	0	128.14679	437.63622	87.19266	442.17129
43	2	1	267.74312	461.86134	183.19266	464.19413
43	3	0	718.23853	484.12561	450.03670	487.00653
43	3	1	906.71560	506.14845	590.07339	509.91028
43	4	0	106.12844	512.89886	0.88073	512.94617
43	4	1	284.47706	509.81566	144.88073	507.22023
43	5	0	522.00917	451.32626	406.53211	451.02936
43	5	1	327.36697	501.53834	241.39450	500.36052
43	6	0	594.16514	208.86297	775.95413	212.01794
43	6	1	701.17431	206.66069	871.51376	205.41109
43	7	0	1004.35780	600.51713	863.96330	598.11256
43	7	1	875.33028	580.69657	702.34862	587.54160
43	8	0	707.33028	485.78956	485.29358	488.92170
43	8	1	861.89908	468.61175	585.69725	474.38662
43	9	0	641.86239	747.08809	313.79817	732.11256
43	9	1	815.80734	748.40946	423.00917	743.12398
43	10	0	1243.48624	721.20555	956.08257	736.55139
43	10	1	1562.09174	683.01958	1312.23853	699.66884
43	11	0	1773.79817	776.83850	1467.66055	808.46819
43	11	1	1394.86239	725.26591	1069.34862	742.33442
43	12	0	1304.42202	464.55302	851.90826	474.59217
43	12	1	1849.54128	583.16476	1265.41284	605.84829
43	13	0	1202.85321	367.73083	1638.16514	354.22023
43	13	1	1307.66055	395.92007	1768.07339	374.48124
43	14	0	887.11927	509.95759	768.82569	508.60196
43	14	1	1057.98165	498.94617	924.71560	500.67374
43	15	0	1153.17431	452.84829	1110.88991	451.38662
43	15	1	1298.05505	452.84829	1245.20183	452.70799
43	16	0	507.83486	435.04078	741.44037	428.51876
43	16	1	590.62385	449.13540	803.97248	441.29201
43	17	0	493.69725	505.26917	673.99083	498.07830
43	17	1	571.64220	503.50734	735.20183	497.19739
43	18	0	327.97248	642.75530	323.69725	630.60033
43	18	1	451.71560	596.50734	425.86239	581.70962
43	19	0	657.02752	541.81566	753.46789	535.37520
43	19	1	765.79817	543.13703	854.31193	537.57749
43	20	0	1352.73394	554.84992	1276.26606	558.94617
43	20	1	1550.01835	576.43230	1445.36697	586.69494
43	21	0	1042.23853	322.08809	1165.53211	311.20718
43	21	1	1174.78899	310.19576	1271.66055	299.31485
43	22	0	1461.23853	385.85155	1576.95413	375.57586
43	22	1	1583.22018	394.22023	1750.89908	383.94454
43	23	0	852.06422	417.70962	788.45872	416.53018
43	23	1	1030.41284	461.31485	932.01835	461.89723
43	24	0	58.56881	448.39641	343.20183	445.00653
43	24	1	176.14679	446.19413	431.71560	442.80424
43	25	0	1537.65138	347.08972	1604.08257	335.67210
43	25	1	1647.74312	357.22023	1709.33028	344.48124
43	26	0	497.49541	895.14845	200.80734	868.58075
43	26	1	1603.11927	577.37684	1291.88991	589.66232
43	27	0	843.00000	707.38499	561.88073	704.86134
43	27	1	1788.77064	762.45677	1447.34862	804.53834
43	28	0	1744.87156	637.83687	1627.22936	656.82545
43	28	1	1552.87156	599.95759	1456.80734	611.01794
43	29	0	1049.63303	664.82871	393.77982	670.63622
43	29	1	1207.28440	678.92333	702.70642	682.54323
43	30	0	1593.68807	894.70636	1114.55963	927.23002
43	30	1	1913.83486	830.84013	1363.80734	872.61338
43	31	0	1916.47706	112.75693	875.44954	140.94617
43	31	1	1602.93578	128.61338	331.15596	163.84992
43	32	0	575.19266	826.76835	371.61468	810.61338
43	32	1	789.65138	859.80261	532.34862	846.73083
43	33	0	18.93578	752.72104	116.25688	715.36215
43	33	1	189.35780	757.56607	235.59633	728.13540
43	34	0	1165.09174	588.31485	1312.69725	587.39967
43	34	1	1261.53211	579.50571	1402.09174	579.47145
44	0	0	1407.48624	772.78140	438.19266	793.00489
44	0	1	1534.31193	801.85155	319.73394	823.83687
44	1	0	733.88991	1051.37031	412.43119	1046.08483
44	1	1	538.36697	1034.63295	231.88073	1027.14519
44	2	0	552.92661	954.98042	653.78899	959.92170
44	2	1	638.79817	936.48124	735.69725	939.22023
44	3	0	432.50459	928.80261	451.53211	930.07667
44	3	1	550.96330	922.19576	581.44037	924.79119
44	4	0	625.90826	675.43393	383.64220	691.64763
44	4	1	809.98165	701.42088	596.33945	717.63458
44	5	0	812.52294	847.12561	1002.64220	859.39967
44	5	1	916.41284	879.12561	1107.77982	902.17292
44	6	0	1499.88991	257.22675	1219.76147	267.79772
44	6	1	1919.11927	6.16639	1632.82569	0.00000
44	7	0	1884.77064	616.63948	327.63303	641.30506
44	7	1	1379.22936	410.50571	89.83486	417.55302
44	8	0	1033.98165	202.61011	595.37615	227.27569
44	8	1	1123.33028	149.42251	768.87156	170.39967
44	9	0	855.91743	103.94780	578.16514	137.86297
44	9	1	959.84404	7.48777	728.33028	46.24796
44	10	0	1835.44954	475.69331	621.79817	486.26427
44	10	1	1618.52294	350.69657	684.74312	370.13703
44	11	0	701.59633	359.76509	0.44037	396.23165
44	11	1	992.67890	302.06525	303.41284	333.68679
44	12	0	826.45872	315.26754	337.45872	349.02936
44	12	1	1144.11927	199.56607	667.98165	221.58891
44	13	0	1759.87156	157.55139	1317.88991	153.05710
44	13	1	1578.18349	26.72104	1244.61468	19.08646
44	14	0	943.49541	272.08809	59.59633	294.74062
44	14	1	1399.70642	101.59869	650.00917	97.55139
44	15	0	760.88073	661.55954	120.66055	660.91680
44	15	1	1108.85321	362.82219	617.78899	387.15334
44	16	0	886.02752	147.05383	263.75229	188.51550
44	16	1	1442.61468	169.92659	832.01835	184.55139
44	17	0	407.77064	104.53507	36.40367	161.33605
44	17	1	551.91743	22.02284	249.24771	81.17292
44	18	0	1089.08257	103.08320	680.61468	130.08157
44	18	1	1290.95413	189.94780	806.38532	211.09625
44	19	0	958.23853	61.66395	603.94495	97.19413
44	19	1	1085.69725	15.56281	800.05505	48.15661
44	20	0	1673.13761	198.20555	1284.14679	197.32463
44	20	1	1240.88991	33.03426	954.75229	49.33116
44	21	0	319.46789	330.00489	0.88073	365.39804
44	21	1	538.48624	6.16639	195.96330	39.64111
44	22	0	565.04587	281.26591	377.56881	324.51713
44	22	1	1642.07339	93.81729	1384.32110	97.04405
46	0	0	801.46789	1027.14519	454.25688	1013.49103
46	0	1	1817.83486	770.76998	1564.50459	802.08972
46	1	0	1087.58716	820.89886	838.77982	824.46982
46	1	1	1280.90826	799.75693	1043.99083	812.13703
46	2	0	1662.80734	1061.50082	1039.16514	1079.55954
46	2	1	1375.26606	1021.85971	938.32110	1049.16803
46	3	0	1310.10092	768.36378	1149.76147	773.12398
46	3	1	1592.97248	818.25449	1471.60550	848.73246
46	4	0	1180.90826	678.04078	1133.95413	682.98206
46	4	1	1469.78899	682.00489	1448.81651	697.51713
46	5	0	1237.41284	672.34747	1258.12844	678.92170
46	5	1	1838.09174	661.93312	1751.48624	691.29364
46	6	0	839.97248	743.75530	754.79817	738.03915
46	6	1	1546.29358	595.67374	1535.94495	607.60196
46	7	0	1019.44037	595.32790	1074.94495	594.82708
46	7	1	1169.60550	602.37520	1233.47706	603.63622
46	8	0	1628.91743	811.98042	1161.10092	841.05220
46	8	1	1869.79817	749.87602	1460.66972	782.51876
46	9	0	1281.94495	464.11256	798.19266	473.88581
46	9	1	1603.41284	442.08972	1050.96330	459.79119
46	10	0	1104.96330	502.42251	606.69725	511.02936
46	10	1	1343.64220	566.28874	815.87156	583.70473
46	11	0	774.92661	726.43393	368.12844	720.95759
46	11	1	988.50459	698.68515	571.57798	698.49429
46	12	0	865.63303	787.11256	681.79817	782.51713
46	12	1	1085.37615	764.64927	880.40367	769.30343
46	13	0	488.11009	950.49266	1.76147	923.23165
46	13	1	751.44954	895.43556	282.71560	883.15008
46	14	0	1352.64220	738.40946	1021.04587	752.72104
46	14	1	1513.81651	726.51713	1219.65138	746.99511
46	15	0	1629.35780	831.58238	1225.73394	861.42251
46	15	1	1798.45872	807.62480	1440.63303	842.48287
46	16	0	855.63303	819.36378	392.00917	813.31485
46	16	1	1032.22018	811.43556	641.25688	812.87439
46	17	0	1066.11927	462.69657	656.22936	469.13703
46	17	1	817.31193	456.97064	415.34862	465.17292
46	18	0	1539.50459	697.30343	919.30275	715.12398
46	18	1	1840.05505	544.76835	1225.15596	566.30343
46	19	0	1417.37615	621.79119	844.86239	635.89560
46	19	1	1615.98165	505.95106	1073.85321	523.57912
46	20	0	1157.86239	620.31485	1187.30275	620.82708
46	20	1	1256.50459	582.87602	1289.46789	586.03100
46	21	0	1529.52294	825.11256	1150.21101	849.75693
46	21	1	1750.58716	840.52855	1363.34862	877.94617
46	22	0	1361.61468	713.53997	555.39450	726.91028
46	22	1	1717.43119	717.81566	862.33028	750.25449
46	23	0	1550.43119	627.42251	1005.45872	646.34910
46	23	1	1857.36697	582.05546	1293.01835	606.26754
46	24	0	1140.99083	743.65579	722.95413	752.94454
46	24	1	1351.92661	639.70799	977.48624	651.63948
46	25	0	1095.00917	723.60033	764.34862	731.92333
46	25	1	1723.15596	841.98042	1317.71560	866.39804
46	26	0	299.25688	535.78956	430.06422	524.78956
46	26	1	542.77982	546.80098	659.93578	538.44372
46	27	0	965.02752	1058.41762	558.88073	1051.81077
46	27	1	830.27523	962.83850	604.23853	950.06525
47	0	0	1465.66972	691.04405	481.77982	693.11093
47	0	1	1570.03670	717.91191	402.51376	717.77651
47	1	0	1533.26606	676.81566	1310.08257	692.95759
47	1	1	1343.02752	673.73246	1091.66055	674.89886
47	2	0	1555.37615	914.38825	958.23853	930.24470
47	2	1	318.82569	697.68352	7.04587	650.11419
47	3	0	423.99083	718.66232	137.04587	676.51713
47	3	1	620.39450	723.06688	377.92661	687.96900
47	4	0	412.25688	753.11256	103.48624	704.41109
47	4	1	594.12844	738.57749	340.84404	700.88744
47	5	0	1247.11927	773.44209	785.74312	769.05220
47	5	1	846.33028	816.19576	467.61468	814.56444
47	6	0	1918.23853	634.25775	1129.10092	644.82871
47	6	1	1362.38532	683.06525	800.58716	680.95759
47	7	0	417.77064	836.60196	76.62385	787.50571
47	7	1	823.77064	810.03100	537.83486	783.69821
47	8	0	1192.03670	881.18434	465.26606	851.46982
47	8	1	909.20183	779.73083	145.32110	740.81566
47	9	0	1505.26606	876.24307	703.40367	881.82708
47	9	1	1293.00917	892.53997	383.62385	887.36215
47	10	0	285.18349	707.25612	96.00000	657.26917
47	10	1	491.71560	724.87439	313.54128	684.13703
47	11	0	720.92661	588.57749	666.71560	565.60033
47	11	1	485.06422	592.59054	437.62385	563.09951
48	0	0	1524.55046	814.62643	337.75229	842.18434
48	0	1	1608.66055	812.86460	253.20183	840.42251
48	1	0	922.03670	265.35073	865.22936	269.71941
48	1	1	629.78899	337.68352	601.32110	342.86297
48	2	0	1551.48624	273.97064	1371.23853	268.32953
48	2	1	1309.33028	350.74225	1218.14679	345.27896
48	3	0	775.48624	219.74388	703.42202	226.15987
48	3	1	592.73394	295.50245	464.40367	306.40783
48	4	0	281.81651	124.64927	480.69725	146.77977
48	4	1	414.80734	87.21044	590.34862	106.25775
48	5	0	1220.13761	111.43556	1333.37615	88.09135
48	5	1	1123.69725	101.74551	1226.36697	82.36542
48	6	0	997.11009	33.03426	1135.27523	20.70147
48	6	1	871.91743	41.40294	1008.00917	44.04568
48	7	0	1301.09174	253.99347	945.93578	255.20555
48	7	1	1416.02752	125.38010	1085.53211	123.06852
48	8	0	1432.95413	354.39478	1303.05505	346.13377
48	8	1	1484.91743	478.60359	1370.87156	478.27080
48	9	0	1448.66972	422.70636	1214.95413	424.45840
48	9	1	1754.72477	324.48450	1535.54128	324.47471
48	10	0	241.46789	146.67210	71.77982	171.92496
48	10	1	433.90826	189.83687	265.98165	210.68515
48	11	0	1918.23853	66.94943	623.55963	102.18597
48	11	1	1344.00000	253.70310	390.22936	273.51713
48	12	0	1425.11009	121.74715	1393.86239	96.46003
48	12	1	1660.70642	178.56607	1606.55963	156.80261
48	13	0	427.27523	111.43556	361.22936	132.13703
48	13	1	687.97248	145.35073	582.29358	158.12398
48	14	0	426.27523	281.89233	63.41284	299.51060
48	14	1	1092.11009	1.76183	785.61468	22.90375
48	15	0	1671.63303	810.44046	1231.80734	855.99184
48	15	1	838.09174	48.00979	585.79817	60.34258
49	0	0	1521.40367	863.36215	242.64220	888.87439
49	0	1	1385.33028	836.05383	368.58716	851.43556
49	1	0	1876.84404	939.93475	1721.83486	991.90865
49	1	1	1691.00917	932.88744	1517.50459	976.05220
49	2	0	1147.05505	710.22186	1062.31193	713.64927
49	2	1	1287.97248	748.54160	1210.27523	759.01631
49	3	0	1263.93578	632.15987	1158.75229	636.56933
49	3	1	1411.89908	657.26591	1293.94495	669.16313
49	4	0	509.75229	770.37520	264.42202	754.52039
49	4	1	696.99083	829.14519	419.43119	814.86297
49	5	0	662.92661	632.15987	444.81651	626.01631
49	5	1	488.98165	581.94780	270.43119	576.68515
49	6	0	625.05505	450.24470	377.03670	457.74715
49	6	1	790.19266	566.52529	498.57798	566.53997
49	7	0	1148.91743	536.49592	926.15596	540.88744
49	7	1	1293.79817	602.56444	1028.76147	610.47961
49	8	0	803.46789	653.01794	622.09174	649.89723
49	8	1	948.78899	670.63622	776.66055	669.27732
49	9	0	1052.90826	817.51713	832.41284	817.07667
49	9	1	923.00000	809.14845	657.14679	804.74388
49	10	0	806.55963	723.45840	678.56881	716.63785
49	10	1	952.32110	756.05220	827.85321	752.75530
49	11	0	530.26606	206.33931	270.71560	222.53018
49	11	1	622.74312	325.70310	316.95413	337.04894
49	12	0	1670.41284	536.82708	1603.45872	543.68352
49	12	1	1517.16514	539.46982	1478.83486	545.44535
49	13	0	645.34862	859.77162	437.72477	836.86786
49	13	1	507.95413	865.05710	266.86239	842.15334
49	14	0	267.74312	906.46003	7.04587	870.34258
49	14	1	404.25688	885.31811	194.64220	855.36705
49	15	0	295.04587	710.37031	259.81651	687.53507
49	15	1	126.82569	698.91843	129.46789	673.44046
49	16	0	442.12844	478.77325	340.84404	477.67700
49	16	1	249.24771	420.63295	186.71560	424.82219
49	17	0	492.33028	462.03589	311.77982	465.34421
49	17	1	664.07339	465.55954	460.62385	461.82055
49	18	0	759.98165	729.77325	837.14679	721.41599
49	18	1	851.57798	732.41599	938.43119	731.98695
49	19	0	327.63303	613.39315	298.56881	600.91680
49	19	1	193.76147	611.63132	158.53211	598.27406
49	20	0	376.95413	598.41762	469.43119	584.17945
49	20	1	482.64220	594.89396	570.71560	580.65579
49	21	0	71.33945	472.44698	277.43119	466.13703
49	21	1	173.50459	474.20881	373.43119	468.77977
49	22	0	264.22018	736.94290	215.77982	711.91680
49	22	1	422.75229	843.53344	354.05505	817.62643
49	23	0	1744.73394	781.08157	1532.47706	813.51060
49	23	1	1566.82569	720.29853	1382.75229	742.15661
49	24	0	683.64220	309.27406	724.74312	308.98695
49	24	1	543.60550	332.17781	602.32110	336.29527
49	25	0	84.55046	861.20718	9.24771	816.97064
49	25	1	243.96330	818.48287	182.75229	786.13866
49	26	0	558.70642	931.01794	577.22936	903.39804
49	26	1	622.11927	944.23165	651.65138	913.96900
49	27	0	560.93578	874.33931	705.63303	855.94617
49	27	1	613.77982	858.92333	773.88991	840.08972
49	28	0	306.63303	752.67047	480.15596	720.06525
49	28	1	366.52294	728.00489	556.77982	703.32790
49	29	0	603.64220	849.62316	454.07339	828.62316
49	29	1	778.02752	791.04241	616.56881	779.73246
49	30	0	1205.89908	243.13214	1107.00000	233.44209
49	30	1	1061.45872	174.42088	987.22018	170.89723
49	31	0	750.33028	987.19413	800.56881	970.64763
49	31	1	571.54128	957.68352	593.15596	930.12561
49	32	0	1412.47706	988.27732	1736.80734	1037.27569
49	32	1	1353.90826	941.14845	1668.99083	979.13540
49	33	0	314.83486	824.55465	336.41284	792.39967
49	33	1	448.26606	833.80424	470.28440	806.05383
49	34	0	1418.23853	952.55302	1479.13761	987.06362
49	34	1	1578.97248	1003.64600	1676.86239	1056.21533
49	35	0	329.83486	721.69657	492.17431	696.98206
49	35	1	429.79817	751.64763	586.41284	726.93312
49	36	0	697.98165	816.14845	788.07339	801.84992
49	36	1	819.08257	829.80261	905.21101	820.78956
49	37	0	626.11927	686.80424	355.81651	674.77977
49	37	1	665.75229	792.51387	542.92661	778.84992
49	38	0	379.38532	772.30343	544.55046	751.97064
49	38	1	555.09174	828.24144	703.08257	805.70636
49	39	0	30.38532	839.59054	88.07339	796.07830
49	39	1	745.03670	836.01958	807.85321	821.87765
49	40	0	698.43119	906.08809	720.53211	889.93312
49	40	1	81.90826	836.19902	26.42202	794.89886
49	41	0	1191.02752	544.16313	1100.08257	545.04241
49	41	1	810.44954	413.29201	734.46789	411.69657
49	42	0	967.53211	718.36215	816.37615	716.55302
49	42	1	809.00000	688.41109	714.21101	683.51876
49	43	0	1821.35780	480.94290	1436.00917	492.34910
49	43	1	1578.71560	464.20555	1213.14679	471.98206
49	44	0	1791.41284	821.21860	1777.69725	860.38662
49	44	1	1633.32110	772.76835	1616.08257	802.68679
49	45	0	711.02752	759.81566	491.61468	751.69494
49	45	1	926.80734	792.40946	691.73394	788.69494
49	46	0	1102.02752	372.32790	1028.24771	370.28059
49	46	1	1235.45872	411.08809	1161.67890	407.71941
49	47	0	1051.69725	529.59054	1103.52294	526.05220
49	47	1	1181.16514	537.07830	1212.29358	536.18271
49	48	0	731.00000	1012.61011	383.52294	995.87276
49	48	1	957.78899	1005.12235	629.68807	997.63458
49	49	0	255.78899	660.00489	40.95413	648.92333
49	49	1	416.52294	702.28874	140.47706	686.80261
49	50	0	1919.55963	991.90865	1307.86239	1031.10930
49	50	1	1661.06422	930.24470	1058.33945	963.25449
49	51	0	890.48624	554.39641	667.59633	551.95595
49	51	1	1063.11009	509.91028	769.76147	507.02936
49	52	0	1387.25688	822.35073	1253.13761	843.50571
49	52	1	1535.66055	824.55302	1370.71560	850.99347
49	53	0	458.14679	716.19739	299.10092	699.72104
49	53	1	548.42202	761.56444	425.04587	745.52855
49	54	0	542.86239	543.63622	685.78899	534.46982
49	54	1	628.73394	548.48124	744.35780	540.63622
49	55	0	1209.22936	975.61175	931.16514	987.06362
49	55	1	1408.28440	1013.49103	1081.77064	1037.71615
49	56	0	320.38532	629.76835	595.21101	610.30343
49	56	1	376.75229	672.49266	647.17431	653.02773
49	57	0	838.68807	768.37357	760.77982	763.15008
49	57	1	970.79817	747.67210	862.06422	746.85318
49	58	0	222.66055	440.85155	546.16514	436.93475
49	58	1	304.12844	446.57749	617.50459	439.57749
49	59	0	491.71560	623.69494	409.51376	455.04078
49	59	1	430.06422	595.06525	361.07339	431.69657
49	60	0	638.75229	692.51876	678.09174	679.73409
49	60	1	794.64220	742.29038	799.19266	734.79119
49	61	0	768.22018	757.70636	819.00917	749.32626
49	61	1	893.67890	797.80098	921.17431	792.49103
49	62	0	687.82569	637.34910	842.74312	626.24470
49	62	1	615.60550	545.29364	773.60550	538.15334
49	63	0	424.29358	492.82708	646.01835	483.18434
49	63	1	492.55046	498.55302	697.10092	489.79119
49	64	0	1413.40367	865.86297	1634.76147	884.07667
49	64	1	1296.26606	839.87602	1504.00000	853.33931
49	65	0	150.60550	276.84829	303.58716	293.29038
49	65	1	406.41284	348.30343	551.07339	350.54976
49	66	0	107.88991	773.81566	311.17431	733.33931
49	66	1	14.09174	748.70962	220.01835	710.43556
49	67	0	22.01835	841.44535	113.17431	797.58728
49	67	1	11.44954	732.21207	140.47706	695.84176
49	68	0	410.58716	1026.26427	355.09174	984.42088
49	68	1	136.95413	982.21860	131.38532	928.04241
49	69	0	1277.00917	740.81566	1569.98165	751.55302
49	69	1	1140.93578	692.36542	1439.19266	693.41272
49	70	0	984.29358	580.74225	1177.10092	574.23165
49	70	1	1064.44037	527.88744	1294.23853	521.81729
50	0	0	957.83486	786.77814	948.44037	785.05220
50	0	1	995.70642	727.75693	1018.89908	726.47145
50	1	0	560.39450	740.19902	268.42202	731.74878
50	1	1	861.60550	699.67700	625.11927	697.39315
50	2	0	1130.17431	706.01794	861.15596	712.86134
50	2	1	917.48624	771.61175	648.31193	767.10114
50	3	0	1787.00917	804.25449	1067.56881	836.70473
50	3	1	1497.24771	738.62643	914.80734	759.57912
50	4	0	1589.28440	1037.27569	1024.34862	1069.42904
50	4	1	1901.94495	923.19739	1255.98165	963.71941
50	5	0	1188.63303	740.84502	850.20183	749.51387
50	5	1	1379.75229	813.96085	1046.60550	831.43883
50	6	0	615.63303	758.31648	199.92661	746.13051
50	6	1	393.68807	648.20228	29.94495	639.53997
50	7	0	799.58716	849.84013	314.42202	844.79608
50	7	1	1064.68807	988.14356	421.87156	996.31321
50	8	0	1420.62385	666.70147	1265.09174	682.24959
50	8	1	1618.78899	670.22512	1419.22018	690.17781
50	9	0	1619.66972	611.72104	1672.95413	616.35237
50	9	1	1719.63303	650.48124	1809.90826	669.64763
50	10	0	899.72477	542.96248	983.12844	538.41436
50	10	1	973.08257	544.13540	1075.10092	539.91191
50	11	0	1155.69725	812.62969	969.33945	820.72104
50	11	1	1047.36697	809.10604	826.66055	816.31648
50	12	0	894.59633	568.33931	778.39450	568.35073
50	12	1	1046.08257	571.86297	900.81651	571.87439
50	13	0	1851.30275	912.11256	1645.21101	961.95759
50	13	1	842.60550	713.69657	722.28440	714.62643
50	14	0	574.38532	472.12398	803.61468	462.43393
50	14	1	726.31193	468.15987	977.11927	458.02936
50	15	0	475.58716	695.77488	112.73394	686.60848
50	15	1	885.12844	737.17781	554.86239	735.93964
50	16	0	314.22018	150.63622	571.80734	167.94617
50	16	1	469.66972	185.87276	695.99083	191.73083
50	17	0	471.46789	678.94617	328.03670	663.97064
50	17	1	787.13761	732.25122	577.76147	726.98206
50	18	0	723.06422	631.27896	523.34862	628.29038
50	18	1	1041.23853	736.17129	698.94495	741.01794
50	19	0	131.00917	593.26591	175.26606	575.14845
50	19	1	400.07339	626.30016	380.03670	614.34910
50	20	0	901.36697	330.03426	1184.82569	317.39315
50	20	1	1079.27523	359.98532	1381.22936	343.82055
50	21	0	606.71560	551.34421	855.75229	542.13051
50	21	1	523.04587	547.82055	776.48624	537.72594
51	0	0	1498.48624	721.39804	318.47706	716.78956
51	0	1	1588.32110	720.07667	403.02752	719.43230
51	1	0	1406.91743	656.14845	1180.21101	662.26754
51	1	1	1478.25688	647.77977	1281.93578	655.22023
51	2	0	1455.99083	676.46982	1192.50459	683.99347
51	2	1	1335.33028	689.24307	1102.66972	692.80261
51	3	0	1901.94495	512.91028	1769.39450	527.96900
51	3	1	1763.66972	526.12398	1656.66055	538.09951
51	4	0	1367.45872	472.38662	1118.96330	466.83850
51	4	1	1182.50459	482.51713	976.28440	472.12398
51	5	0	650.26606	651.44698	546.75229	616.56607
51	5	1	764.32110	651.88744	649.35780	626.69657
51	6	0	1241.33028	592.63622	1165.33028	589.08972
51	6	1	1327.64220	583.82708	1217.73394	583.36378
51	7	0	460.43119	563.80261	28.62385	522.11256
51	7	1	643.62385	537.81566	166.01835	508.89886
51	8	0	1511.80734	529.73083	1252.77982	531.83850
51	8	1	1584.90826	505.50571	1365.95413	506.29201
51	9	0	1450.79817	428.29201	1592.68807	422.64763
51	9	1	1375.93578	439.30343	1509.45872	431.01631
51	10	0	1092.50459	598.55302	898.98165	587.76672
51	10	1	1197.75229	593.26754	961.51376	583.36215
51	11	0	1204.24771	562.57749	1110.57798	554.54160
51	11	1	1314.33945	578.43393	1231.23853	574.80261
51	12	0	475.08257	835.27896	164.25688	783.01631
51	12	1	592.22018	768.76998	273.02752	727.51876
51	13	0	635.88991	521.71941	356.45872	493.07667
51	13	1	720.88073	509.82708	469.63303	483.82708
51	14	0	621.69725	747.32626	237.63303	708.23165
51	14	1	759.53211	720.45840	382.95413	684.88744
51	15	0	735.76147	469.24307	617.01835	448.43067
51	15	1	779.79817	496.99184	687.47706	473.97716
51	16	0	1750.01835	707.52855	1442.12844	732.75204
51	16	1	1589.28440	657.31648	1326.31193	671.52855
51	17	0	1657.98165	629.12724	1352.29358	640.69657
51	17	1	1824.00000	612.83034	1465.02752	631.88744
51	18	0	867.02752	667.64927	791.55046	645.81566
51	18	1	955.54128	669.41109	874.33945	655.50571
51	19	0	809.26606	439.97064	737.22936	420.74388
51	19	1	878.40367	471.24307	826.62385	455.53997
51	20	0	647.66055	710.43230	298.43119	672.44372
51	20	1	732.21101	625.86460	434.06422	597.12561
51	21	0	1204.09174	420.41109	1049.64220	410.75530
51	21	1	1326.95413	458.29038	1149.60550	452.59869
51	22	0	1070.22018	443.75530	836.39450	428.51713
51	22	1	1202.77064	463.13540	939.44037	452.74225
51	23	0	1623.63303	122.92333	1174.01835	110.55465
51	23	1	1777.32110	196.03915	1353.68807	189.83687
51	24	0	1112.09174	575.16150	936.68807	564.42251
51	24	1	1226.14679	580.88744	1023.00000	575.87439
51	25	0	717.21101	346.75693	691.11927	327.75530
51	25	1	787.22936	370.54160	747.48624	351.98042
51	26	0	763.23853	439.69821	651.61468	418.54323
51	26	1	849.11009	464.80424	740.56881	445.85155
51	27	0	118.45872	785.74388	114.14679	720.40783
51	27	1	195.08257	741.69821	213.22936	681.20718
51	28	0	73.10092	706.11093	153.24771	647.44535
51	28	1	183.19266	610.53181	266.86239	566.40131
51	29	0	1409.84404	493.42251	1637.66055	490.67210
51	29	1	1496.59633	490.77977	1725.29358	489.79119
51	30	0	1126.90826	527.84013	1317.92661	518.86460
51	30	1	1058.65138	551.62480	1249.22936	541.76835
51	31	0	751.94495	566.18434	784.07339	545.19413
51	31	1	817.55963	563.54160	848.80734	544.31321
51	32	0	1288.10092	643.77977	1283.15596	645.37520
51	32	1	1398.19266	653.46982	1388.84404	659.91028
51	33	0	1539.41284	643.56607	1448.26606	654.19902
51	33	1	1709.39450	647.53018	1642.46789	668.73409
51	34	0	176.58716	580.73246	24.22018	534.47145
51	34	1	351.85321	651.20555	184.07339	604.50408
51	35	0	1246.26606	515.47798	990.34862	508.35073
51	35	1	1342.26606	412.85155	1134.78899	403.96248
51	36	0	533.69725	705.54323	227.30275	663.93475
51	36	1	649.51376	778.65905	283.66972	739.25285
51	37	0	1145.60550	877.55139	582.22018	864.33605
51	37	1	928.50459	901.77651	479.17431	873.14519
51	38	0	406.53211	727.81403	132.11009	682.00489
51	38	1	251.96330	648.97227	33.46789	600.96085
51	39	0	1459.37615	567.07341	1052.54128	567.41925
51	39	1	1724.03670	532.27732	1285.49541	541.43230
51	40	0	503.97248	710.14356	261.76147	664.75367
51	40	1	626.83486	596.50571	420.29358	564.76998
51	41	0	311.67890	660.16150	271.44037	613.07830
51	41	1	492.66972	660.16150	431.29358	619.68515
51	42	0	691.33028	676.46982	484.04587	644.80424
51	42	1	891.25688	661.05383	650.94495	639.95922
51	43	0	1578.71560	553.28222	1485.91743	559.64763
51	43	1	1718.31193	507.47471	1658.98165	514.28059
51	44	0	1307.56881	359.56444	1251.42202	349.14682
51	44	1	1373.62385	314.19739	1321.44037	300.25612
51	45	0	801.44037	631.68352	764.02752	609.25449
51	45	1	869.25688	571.34095	860.90826	551.99511
51	46	0	425.09174	632.12235	300.66972	592.76672
51	46	1	496.43119	546.23328	402.83486	512.16313
51	47	0	942.90826	715.37357	566.74312	694.47961
51	47	1	1114.65138	657.23328	753.89908	646.02936
51	48	0	950.48624	489.85155	956.88073	472.32790
51	48	1	1046.92661	522.00489	1025.13761	510.20718
51	49	0	269.19266	565.65905	333.93578	523.37684
51	49	1	326.44037	507.07830	395.58716	470.08157
51	50	0	252.60550	470.65905	423.59633	439.04078
51	50	1	338.47706	451.27896	501.98165	420.54160
51	51	0	562.04587	781.74388	141.79817	734.89886
51	51	1	387.66055	796.71941	43.59633	740.62480
51	52	0	413.09174	725.20718	234.49541	674.93312
51	52	1	571.62385	690.41109	415.04587	650.70799
51	53	0	407.29358	612.50571	350.28440	574.32626
51	53	1	287.95413	559.65090	274.98165	520.59054
51	54	0	314.66055	760.94290	292.66972	706.01794
51	54	1	219.54128	721.74225	219.12844	666.81729
51	55	0	791.56881	666.04078	683.95413	641.18271
51	55	1	889.33028	603.49592	808.57798	586.56607
51	56	0	1748.69725	782.57749	913.78899	795.53018
51	56	1	1223.58716	885.05220	600.73394	859.51550
51	57	0	1476.80734	681.39967	1198.53211	688.15987
51	57	1	1899.74312	665.93475	1522.64220	689.48124
51	58	0	1500.67890	876.44698	745.10092	870.34258
51	58	1	893.50459	907.50245	252.26606	885.54160
51	59	0	1073.50459	625.56281	881.18349	613.37357
51	59	1	799.59633	607.50408	616.96330	585.62480
51	60	0	111.41284	781.43393	168.66055	711.75530
51	60	1	423.63303	665.15334	477.39450	633.77814
51	61	0	232.54128	794.81240	287.11927	731.15824
51	61	1	532.10092	667.39804	586.92661	634.38662
51	62	0	972.04587	691.88581	850.65138	675.72104
51	62	1	909.07339	694.08809	794.72477	676.60196
51	63	0	1473.03670	590.26591	1796.69725	600.84013
51	63	1	1518.39450	592.46819	1847.77982	604.80424
51	64	0	1494.17431	596.43230	1803.74312	608.27896
51	64	1	1530.72477	599.95595	1861.87156	616.20718
51	65	0	1536.39450	589.93312	1884.77064	607.41109
51	65	1	1486.63303	597.42088	1825.76147	610.93475
51	66	0	1458.11009	239.31485	1308.73394	223.74388
51	66	1	1625.44954	210.24470	1455.37615	195.99511
51	67	0	1739.88991	204.57586	1505.01835	187.39152
51	67	1	1634.64220	341.46493	1391.40367	334.06362
51	68	0	1363.77064	365.24633	1134.77982	356.13866
51	68	1	1249.27523	343.22349	1041.86239	331.03263
51	69	0	1080.89908	311.12561	1092.79817	295.36215
51	69	1	1168.53211	329.18434	1188.35780	314.30179
52	0	0	974.09174	525.02447	782.09174	517.97716
52	0	1	944.14679	186.75367	657.02752	176.18271
52	1	0	204.77064	642.55465	251.53211	589.82708
52	1	1	151.04587	651.36378	200.44954	593.35073
52	2	0	365.92661	575.36378	322.72477	537.53018
52	2	1	303.83486	578.88744	256.22936	536.20881
52	3	0	217.96330	623.37357	255.78899	574.52855
52	3	1	271.24771	611.92170	304.22936	567.04078
52	4	0	474.07339	642.69494	448.70642	603.92170
52	4	1	551.13761	620.67210	524.00917	588.06525
52	5	0	79.26606	654.29364	113.58716	598.88581
52	5	1	141.35780	630.50897	162.90826	581.26754
52	6	0	143.11927	721.68352	85.87156	660.01794
52	6	1	87.19266	751.19413	22.01835	686.88581
52	7	0	527.58716	824.01794	173.94495	774.38499
52	7	1	351.44037	844.71941	5.72477	786.27732
52	8	0	642.52294	687.33605	399.17431	653.25449
52	8	1	525.82569	634.48124	323.87156	593.79282
52	9	0	602.00917	547.71126	339.12844	519.50571
52	9	1	783.00000	523.04568	481.80734	497.04241
52	10	0	1242.58716	515.99347	1166.68807	508.63622
52	10	1	1183.57798	522.60033	1087.42202	513.92170
52	11	0	1287.03670	455.96900	1287.10092	448.25775
52	11	1	1188.83486	443.19576	1190.22018	433.72268
52	12	0	1882.56881	447.25449	519.33028	454.89886
52	12	1	1410.22018	502.62316	3.96330	490.13703
52	13	0	336.55046	405.75530	136.51376	381.73083
52	13	1	496.40367	413.68352	246.16514	383.93312
52	14	0	1390.32110	444.37520	1355.80734	441.89886
52	14	1	1313.69725	479.17129	1251.88073	475.37357
52	15	0	1771.38532	367.20881	1872.00000	361.62316
52	15	1	1681.55046	380.42251	1753.98165	373.51550
52	16	0	1646.17431	520.79282	1514.32110	529.08809
52	16	1	1514.06422	582.45677	1376.92661	588.99021
52	17	0	216.22018	548.32626	119.17431	507.62316
52	17	1	390.60550	505.60196	293.55963	472.82708
52	18	0	628.83486	688.56607	403.83486	653.99347
52	18	1	479.99083	720.71941	258.51376	679.53997
52	19	0	439.03670	610.16476	402.63303	569.29201
52	19	1	535.91743	634.83034	504.74312	600.12398
52	20	0	726.40367	651.75530	548.65138	624.76672
52	20	1	617.19266	658.80261	452.65138	628.29038
52	21	0	650.69725	546.12561	553.04587	519.44535
52	21	1	529.59633	594.57586	419.17431	561.72920
52	22	0	315.00917	343.89560	15.41284	321.13540
52	22	1	407.92661	260.64927	142.23853	244.93638
52	23	0	1339.44037	142.26754	526.90826	140.06525
52	23	1	1504.57798	118.04241	756.33945	112.31648
52	24	0	285.65138	606.42088	102.60550	561.06362
52	24	1	410.27523	564.13703	201.68807	524.94617
52	25	0	537.96330	795.47961	1.76147	741.12398
52	25	1	752.42202	760.24307	285.79817	719.54160
52	26	0	1524.51376	438.25612	1450.48624	438.61175
52	26	1	1638.56881	433.41109	1540.76147	432.88581
52	27	0	251.10092	609.56444	156.77064	564.13540
52	27	1	341.81651	580.93475	262.01835	539.02936
52	28	0	1063.74312	491.41109	1315.44954	479.22023
52	28	1	1110.86239	488.32790	1364.33028	478.33931
52	29	0	842.80734	423.29201	868.71560	407.18434
52	29	1	234.39450	462.77651	375.12844	435.43393
52	30	0	381.77982	573.74551	250.86239	533.10114
52	30	1	472.93578	614.70799	361.83486	578.90865
52	31	0	1661.50459	447.11093	1668.55046	450.98042
52	31	1	1787.88991	422.00489	1804.62385	430.71941
52	32	0	352.25688	410.94290	359.14679	385.98042
52	32	1	579.89908	453.84176	543.66055	439.27569
52	33	0	1448.27523	77.52039	999.80734	79.28222
52	33	1	1036.98165	147.99347	518.37615	142.94780
52	34	0	188.39450	411.96574	22.49541	384.07504
52	34	1	451.73394	346.33768	326.34862	328.13703
52	35	0	893.46789	31.27243	691.79817	18.49918
52	35	1	1214.05505	3.96411	964.29358	1.32137
52	36	0	12.33028	536.24307	32.58716	481.17618
52	36	1	139.59633	612.88254	159.41284	561.33931
52	37	0	562.11009	787.25775	353.62385	745.36378
52	37	1	471.39450	820.73246	251.45872	769.14845
52	38	0	280.81651	723.38499	37.43119	678.28059
52	38	1	479.42202	695.63622	245.72477	654.49592
52	39	0	1511.23853	440.62643	1779.96330	442.28059
52	39	1	1498.90826	500.52855	1762.34862	500.86134
53	0	0	1343.32110	774.69657	492.73394	785.95922
53	0	1	1460.01835	813.01631	366.78899	830.44535
53	1	0	689.88073	575.83524	550.59633	591.69168
53	1	1	835.20183	500.07667	717.49541	515.05220
53	2	0	1918.67890	520.54160	1688.80734	508.06525
53	2	1	1692.33028	492.79282	1481.83486	488.68515
53	3	0	1409.60550	381.73083	1552.88991	362.94617
53	3	1	1313.16514	368.95759	1461.73394	352.81566
53	4	0	1271.05505	470.70799	1278.88991	467.00653
53	4	1	1123.97248	463.66069	1139.29358	466.56607
53	5	0	473.77064	517.79119	395.88991	538.94454
53	5	1	614.24771	500.61338	493.65138	522.64763
53	6	0	376.86239	596.38825	236.03670	616.20881
53	6	1	1327.48624	710.58891	1176.62385	719.91517
53	7	0	1354.04587	663.74388	1019.17431	673.92170
53	7	1	1191.11009	624.10277	774.77064	636.48287
53	8	0	1094.50459	691.05220	873.71560	701.62480
53	8	1	1310.28440	745.22838	1055.14679	754.47961
53	9	0	1329.69725	646.30343	1151.21101	653.20881
53	9	1	1484.70642	635.29201	1268.34862	633.38825
53	10	0	755.13761	523.95759	475.77064	543.74225
53	10	1	538.03670	420.89070	271.44037	450.80587
53	11	0	622.90826	465.17129	0.88073	498.40783
53	11	1	853.66055	351.97390	279.63303	374.63948
53	12	0	1615.00917	641.87113	481.77982	663.03752
53	12	1	1780.11009	365.47961	852.79817	375.67374
53	13	0	430.46789	527.93475	173.94495	557.34095
53	13	1	639.64220	605.89560	300.33028	626.93312
53	14	0	925.65138	692.16966	648.97248	703.46819
53	14	1	1172.25688	678.07504	864.31193	683.64763
53	15	0	730.85321	718.80098	510.16514	730.73899
53	15	1	881.01835	636.87602	668.25688	647.49266
53	16	0	1763.22936	421.26591	1517.06422	405.82545
53	16	1	1545.24771	347.70962	1300.40367	338.43556
53	17	0	1380.37615	422.05383	569.08257	430.62480
53	17	1	1705.80734	482.83687	813.04587	487.44372
53	18	0	663.42202	533.54976	207.30275	559.87439
53	18	1	879.64220	446.33931	413.83486	469.14029
53	19	0	190.35780	651.98206	160.73394	666.18597
53	19	1	421.55046	688.09951	358.01835	695.69657
53	20	0	624.72477	623.89886	581.11009	639.02936
53	20	1	763.00000	644.15987	688.55963	653.56444
53	21	0	1327.30275	490.19250	578.71560	503.36052
53	21	1	1617.50459	358.05546	905.33028	359.51876
53	22	0	287.98165	547.85155	190.19266	574.84992
53	22	1	462.36697	523.18597	344.32110	549.74388
53	23	0	549.44954	322.12561	165.57798	357.20881
53	23	1	714.31193	470.50082	291.08257	496.83361
53	24	0	1323.21101	676.12398	1146.97248	686.63622
53	24	1	1169.96330	649.69657	1012.22018	660.20881
53	25	0	1129.63303	221.74388	1031.79817	221.36215
53	25	1	964.49541	243.76672	864.89908	253.07504
53	26	0	1494.83486	736.99347	1389.31193	745.51713
53	26	1	1734.83486	710.12561	1602.88991	721.73246
53	27	0	1268.37615	660.25612	1059.79817	664.18597
53	27	1	926.04587	684.39478	734.36697	698.10114
53	28	0	1002.73394	653.26591	847.68807	660.70799
53	28	1	743.51376	637.31648	640.71560	654.10114
53	29	0	1389.81651	370.58564	1539.22936	351.82545
53	29	1	1183.72477	375.43067	1307.53211	366.85155
53	30	0	1152.64220	401.46819	1493.00917	390.79119
53	30	1	1197.11927	403.23002	1555.54128	390.79119
53	31	0	1029.48624	392.83524	1328.96330	390.77814
53	31	1	952.42202	396.79935	1250.57798	394.30179
53	32	0	1040.49541	406.48940	1361.99083	403.55139
53	32	1	1075.72477	398.56117	1398.10092	392.53997
53	33	0	1692.96330	862.93148	1288.00917	879.52855
53	33	1	1203.61468	735.24470	1011.70642	750.36052
53	34	0	797.63303	649.99184	672.95413	661.39804
53	34	1	296.38532	505.86297	194.64220	537.56607
55	0	0	1500.66055	728.08972	330.61468	723.20881
55	0	1	1582.12844	726.32790	411.64220	724.53018
55	1	0	1315.68807	424.25449	1481.33028	413.01794
55	1	1	1412.20183	395.39804	1570.28440	383.06688
55	2	0	1018.91743	374.20392	1178.46789	359.51713
55	2	1	1111.39450	360.54976	1274.90826	341.01794
55	3	0	1137.11927	377.76672	1295.50459	361.71941
55	3	1	1038.91743	370.71941	1196.42202	354.23165
55	4	0	891.30275	247.64763	916.13761	230.12398
55	4	1	999.63303	238.39804	1039.00000	220.43393
55	5	0	82.34862	202.40946	266.56881	201.86134
55	5	1	209.61468	213.86134	367.85321	208.90865
55	6	0	358.77982	231.62643	322.77982	218.89886
55	6	1	179.11009	257.17292	178.33945	243.56444
55	7	0	757.50459	166.96900	619.54128	152.39804
55	7	1	923.52294	166.08809	784.23853	153.71941
55	8	0	840.00000	208.09951	922.83486	192.18271
55	8	1	929.39450	207.65905	992.85321	189.98042
55	9	0	1598.97248	594.73083	1246.98165	595.45677
55	9	1	1734.16514	546.28059	1422.24771	551.85155
55	10	0	1195.25688	239.34910	1447.69725	212.85155
55	10	1	1288.17431	227.89723	1550.74312	200.95922
55	11	0	1535.36697	200.93475	1487.04587	173.69494
55	11	1	1393.12844	144.99674	1353.17431	119.51876
55	12	0	862.68807	317.76346	599.61468	281.58728
55	12	1	682.13761	205.44698	449.00917	183.80587
55	13	0	1393.70642	93.37684	1625.21101	51.53344
55	13	1	1197.30275	73.55628	1418.67890	39.64111
55	14	0	1085.97248	98.22186	1095.86239	79.72268
55	14	1	778.59633	90.73409	824.12844	77.52039
55	15	0	1054.40367	302.19413	742.11009	274.45514
55	15	1	800.31193	203.09135	538.22018	179.31648
55	16	0	544.88991	185.54160	220.99083	177.64111
55	16	1	705.23853	328.82708	427.96330	313.74225
55	17	0	997.79817	310.87276	583.96330	272.84992
55	17	1	1152.80734	296.77814	886.49541	275.49266
55	18	0	1609.76147	241.86134	1687.92661	216.90865
55	18	1	1686.38532	253.75367	1854.82569	223.51550
55	19	0	1204.09174	467.37520	584.49541	504.37520
55	19	1	1657.28440	804.47798	997.62385	865.68352
55	20	0	673.17431	667.36052	210.90826	637.50408
55	20	1	814.09174	558.56770	518.52294	537.36215
55	21	0	167.77982	451.48287	20.69725	408.74062
55	21	1	318.72477	349.98206	259.81651	302.59054
55	22	0	767.34862	574.31485	384.63303	550.48124
55	22	1	878.01835	533.05220	619.55046	508.24470
55	23	0	584.97248	36.11746	565.80734	29.51060
55	23	1	714.44037	17.61827	738.87156	10.13051
55	24	0	1279.70642	166.68352	1259.15596	148.43393
55	24	1	1122.93578	126.60196	1123.52294	107.03100
55	25	0	1211.44954	207.20555	1481.54128	179.26591
55	25	1	1135.26606	213.81240	1397.43119	189.83687
55	26	0	864.79817	311.88418	744.93578	297.80261
55	26	1	1014.96330	318.49103	865.15596	305.29038
55	27	0	957.21101	239.89886	757.80734	227.84829
55	27	1	739.22936	186.16313	544.68807	176.12724
55	28	0	721.49541	307.63622	966.86239	290.20718
55	28	1	1096.21101	262.60033	1327.91743	241.18434
55	29	0	1102.67890	791.06036	556.62385	769.91843
55	29	1	1768.07339	448.05383	1516.07339	483.18434
55	30	0	994.38532	65.62806	1093.00917	50.65253
55	30	1	1084.66055	105.26917	1206.18349	79.28222
55	31	0	831.75229	33.47471	796.74312	25.10604
55	31	1	910.13761	101.30506	898.90826	87.21044
57	0	0	1441.70642	805.73409	521.77982	828.56444
57	0	1	1202.58716	736.13540	750.33028	753.68679
57	1	0	271.84404	705.24307	78.82569	715.70799
57	1	1	434.33945	749.72920	285.79817	759.31321
57	2	0	592.05505	959.14519	356.11927	954.99347
57	2	1	1149.90826	888.07667	893.88991	910.35237
57	3	0	1179.31193	876.67210	945.39450	900.07667
57	3	1	1055.12844	875.79119	777.17431	893.02936
57	4	0	336.35780	863.29527	24.22018	865.97064
57	4	1	499.11009	879.73246	226.34862	880.94617
57	5	0	768.59633	696.48124	831.72477	710.63622
57	5	1	661.14679	696.48124	734.40367	706.67210
57	6	0	469.39450	763.98206	342.88073	771.81403
57	6	1	632.77064	775.43393	505.10092	783.19576
57	7	0	1532.50459	1061.94127	459.93578	1078.23817
57	7	1	1185.44954	1009.52692	209.61468	1021.85971
57	8	0	664.84404	707.57259	590.33028	718.39804
57	8	1	941.87156	763.57749	855.43119	777.85971
57	9	0	794.68807	849.57586	591.23853	859.91028
57	9	1	446.36697	864.24307	237.19266	867.98206
57	10	0	1659.21101	1019.65742	1315.17431	1068.10767
57	10	1	515.52294	778.06362	210.93578	790.38662
57	11	0	668.59633	779.47961	768.64220	787.21860
57	11	1	240.44037	828.24796	226.73394	830.88744
57	12	0	407.08257	788.49266	326.30275	791.82708
57	12	1	544.05505	752.12398	487.91743	760.11419
57	13	0	1903.26606	840.51713	1759.49541	879.18434
57	13	1	1672.95413	821.13703	1519.93578	853.19739
59	0	0	1354.40367	764.81729	491.94495	779.68515
59	0	1	1466.69725	807.98206	372.16514	822.84992
59	1	0	370.45872	619.39804	94.23853	642.20881
59	1	1	514.89908	642.30179	257.17431	661.14845
59	2	0	492.88991	684.05546	68.25688	698.54160
59	2	1	660.22936	739.99347	166.01835	758.44372
59	3	0	1864.07339	665.30016	1689.68807	676.22023
59	3	1	1625.39450	645.92007	1488.44037	655.95922
59	4	0	1173.49541	322.31158	1179.89908	321.30179
59	4	1	905.31193	282.67047	899.09174	300.13703
59	5	0	1888.29358	573.77488	1608.13761	572.76672
59	5	1	1429.07339	577.45840	1200.36697	589.54160
59	6	0	676.61468	505.59869	467.93578	525.87439
59	6	1	853.64220	477.84992	666.10092	493.72104
59	7	0	1767.19266	562.71941	1228.67890	568.00489
59	7	1	1443.46789	531.80261	931.29358	542.32626
59	8	0	726.76147	394.56281	677.99083	418.52855
59	8	1	559.86239	376.94454	521.22018	409.71941
59	9	0	517.82569	502.22023	287.11927	527.48124
59	9	1	291.47706	488.12561	114.49541	519.11256
59	10	0	1288.35780	458.87439	1381.94495	455.73083
59	10	1	1413.86239	466.80261	1506.56881	460.13540
59	11	0	1496.59633	647.97064	1577.37615	654.53018
59	11	1	1667.01835	658.54160	1759.68807	668.18434
59	12	0	769.88073	344.03915	550.79817	371.22186
59	12	1	393.77982	330.11419	193.21101	371.61175
59	13	0	1713.85321	461.45840	1807.26606	442.31485
59	13	1	1477.37615	474.23165	1532.47706	465.21860
59	14	0	1755.30275	511.51387	1814.31193	498.94454
59	14	1	1458.75229	544.36215	1491.87156	549.00326
59	15	0	771.08257	487.55465	765.27523	503.30179
59	15	1	520.51376	497.24470	514.12844	521.64437
59	16	0	1787.73394	610.04078	1726.97248	610.49266
59	16	1	1481.23853	649.24144	1375.11927	661.14519
59	17	0	1059.46789	686.68189	820.14679	707.43230
59	17	1	673.74312	781.38662	399.68807	790.74388
59	18	0	1276.76147	820.98206	1031.10092	831.91028
59	18	1	171.30275	583.32790	89.83486	607.55139
59	19	0	1101.00917	58.58075	1047.35780	61.22349
59	19	1	1235.32110	30.83197	1186.95413	16.29690
59	20	0	1294.33028	100.86460	1207.65138	86.76998
59	20	1	1434.80734	87.21044	1360.01835	59.46166
59	21	0	976.42202	81.48450	858.60550	101.30506
59	21	1	1130.55046	87.65090	1015.81651	89.41272
59	22	0	1635.18349	174.11256	1408.01835	145.08972
59	22	1	1428.54128	187.63458	1204.56881	177.68352
59	23	0	1330.33945	252.18434	1260.93578	240.22838
59	23	1	1194.70642	275.08809	1126.18349	274.58401
59	24	0	1276.49541	160.32626	1137.46789	154.50571
59	24	1	1127.65138	204.81240	996.99083	209.56281
59	25	0	1320.70642	58.14029	1138.34862	48.45024
59	25	1	1156.88991	94.69821	988.18349	100.42414
59	26	0	1342.28440	108.79282	1225.98165	95.57912
59	26	1	1185.95413	104.82871	1079.77982	103.94780
59	27	0	1171.44954	362.93312	1241.89908	362.58728
59	27	1	1089.10092	342.67210	1164.39450	344.08809
59	28	0	820.11009	82.80587	662.29358	107.91191
59	28	1	976.00000	71.35400	807.61468	87.21044
59	29	0	926.88073	18.05873	514.12844	53.29527
59	29	1	1132.53211	20.70147	737.83486	40.08157
59	30	0	1048.50459	108.79282	1064.27523	112.75693
59	30	1	952.50459	151.51713	978.84404	163.40946
59	31	0	1336.48624	409.58891	1381.83486	405.96900
59	31	1	1247.97248	395.49429	1303.44954	387.02936
59	32	0	1170.99083	279.19576	1210.90826	277.53018
59	32	1	1060.89908	323.24144	1110.94495	329.06362
59	33	0	1053.92661	203.77977	1012.02752	212.25775
59	33	1	930.18349	238.13540	899.29358	253.22023
59	34	0	999.76147	282.18108	954.33945	294.18271
59	34	1	876.89908	291.87113	838.52294	315.76509
59	35	0	929.44954	239.41109	837.20183	257.62480
59	35	1	792.93578	276.84992	705.09174	301.23002
59	36	0	919.04587	59.02121	564.01835	92.49592
59	36	1	729.24771	44.92659	350.88073	87.65090
59	37	0	756.95413	102.18597	715.15596	135.80424
59	37	1	634.53211	143.58891	597.13761	183.81403
59	38	0	770.60550	184.11093	689.17431	213.76509
59	38	1	634.09174	200.84829	562.78899	239.31158
59	39	0	1037.09174	69.15171	824.59633	78.84176
59	39	1	923.03670	134.33931	731.67890	119.80424
59	40	0	925.98165	68.71126	815.56881	89.41272
59	40	1	774.05505	70.03263	676.85321	100.86460
59	41	0	535.81651	230.39641	461.82569	270.05383
59	41	1	357.46789	192.51713	273.78899	248.03100
59	42	0	489.64220	48.45024	391.66055	108.35237
59	42	1	336.83486	84.56770	263.95413	156.80261
59	43	0	141.79817	221.19576	22.01835	206.16966
59	43	1	281.83486	215.91028	164.69725	187.23002
59	44	0	98.64220	125.97064	144.83486	207.16966
59	44	1	262.45872	121.12561	285.75229	189.99184
59	45	0	306.49541	167.37357	421.06422	227.27732
59	45	1	412.65138	129.93475	506.05505	185.43393
59	46	0	962.65138	714.15987	772.00917	721.18434
59	46	1	75.74312	474.04405	82.34862	495.66069
59	47	0	1789.65138	766.84829	1586.90826	792.07504
59	47	1	898.95413	776.44698	507.99083	790.88744
59	48	0	1578.27523	1021.85971	917.72477	1041.23980
59	48	1	846.16514	597.56444	697.33028	613.51713
59	49	0	1824.88073	556.59543	1667.65138	551.65742
59	49	1	1635.52294	469.82545	1469.48624	460.48287
59	50	0	1512.76147	493.67210	1626.71560	484.99184
59	50	1	1662.48624	479.13703	1775.55963	466.05220
60	0	0	1373.82569	690.61338	428.42202	677.99347
60	0	1	1484.35780	727.17129	313.04587	711.90865
60	1	0	1556.52294	1004.65742	693.11009	1003.36052
60	1	1	1061.19266	1024.50245	55.92661	1005.28874
60	2	0	1475.07339	563.83687	1512.96330	560.97064
60	2	1	1155.07339	533.36215	1163.59633	517.34747
60	3	0	672.66055	486.08646	692.02752	464.69657
60	3	1	791.55963	495.77651	795.95413	476.14845
60	4	0	688.09174	498.12398	702.05505	476.27896
60	4	1	811.83486	492.83850	817.43119	476.71941
60	5	0	1682.84404	640.63622	1423.34862	651.75367
60	5	1	1474.11009	616.85155	1234.43119	621.80261
60	6	0	1391.13761	835.97064	1079.09174	840.53018
60	6	1	1031.84404	768.32300	774.20183	745.08972
60	7	0	800.27523	618.96900	636.26606	590.72104
60	7	1	1570.52294	664.57749	1501.17431	678.48124
60	8	0	804.99083	762.87113	549.39450	728.77814
60	8	1	1758.82569	727.94290	1272.65138	741.16150
60	9	0	1176.00000	524.15987	1105.24771	512.55302
60	9	1	1334.09174	527.68352	1277.43119	520.48124
60	10	0	1535.06422	534.54160	1303.88991	531.99347
60	10	1	1734.11009	578.58728	1435.55963	580.88418
60	11	0	1356.24771	850.06525	557.06422	830.38662
60	11	1	1458.86239	1046.52529	480.88073	1014.81240
60	12	0	1174.11009	1059.73899	467.22936	1045.20392
60	12	1	1337.04587	968.56444	696.41284	963.26591
60	13	0	245.64220	513.69657	303.18349	482.45677
60	13	1	385.23853	526.91028	437.49541	493.90865
60	14	0	603.85321	518.43230	653.65138	498.70799
60	14	1	717.90826	517.11093	753.61468	497.38662
60	15	0	1089.84404	842.56444	697.10092	831.25449
60	15	1	1357.58716	815.69657	926.53211	817.15987
60	16	0	738.75229	666.13703	381.74312	630.50571
60	16	1	910.93578	698.73083	606.33028	674.11093
60	17	0	598.92661	515.87765	543.62385	491.76672
60	17	1	733.23853	526.44861	646.66972	504.98042
60	18	0	591.00000	477.99837	560.79817	452.56607
60	18	1	722.66972	496.49755	656.35780	476.79119
60	19	0	1104.31193	459.84013	730.57798	448.38662
60	19	1	1319.65138	470.85155	856.52294	461.60033
60	20	0	1855.26606	1069.86949	671.86239	1071.63132
60	20	1	1456.29358	1063.70310	495.71560	1059.73899
60	21	0	1313.86239	614.58728	826.55046	609.31485
60	21	1	1509.82569	645.85971	925.63303	648.95595
60	22	0	1151.54128	982.78956	511.26606	969.00489
60	22	1	1107.06422	936.98206	337.90826	917.06525
60	23	0	1300.91743	756.83850	859.87156	756.54160
60	23	1	1106.71560	730.85155	718.51376	716.46003
60	24	0	1643.88991	487.58728	1268.94495	487.14845
60	24	1	1837.21101	498.59869	1383.88073	505.64763
60	25	0	857.79817	384.57749	561.77064	365.77977
60	25	1	601.50459	392.06525	272.00917	371.94617
60	26	0	1183.17431	1078.67863	262.88991	1068.54812
60	26	1	1311.32110	928.04241	570.26606	917.47145
60	27	0	1262.56881	1001.15824	695.40367	994.11093
60	27	1	1514.45872	897.65090	908.98165	903.81729
60	28	0	1323.92661	838.37684	672.20183	829.88581
60	28	1	1567.00917	896.51713	802.99083	904.76346
60	29	0	817.66972	492.79119	663.96330	474.95595
60	29	1	699.21101	478.69657	513.79817	457.33768
60	30	0	1243.67890	476.27896	694.86239	463.27732
60	30	1	1038.02752	462.62480	488.54128	448.94780
60	31	0	1500.77064	912.62643	579.48624	912.84992
60	31	1	1902.38532	794.70799	909.10092	810.07993
61	0	0	1519.64220	867.48124	258.00000	894.58401
61	0	1	1602.87156	866.60033	345.63303	895.02447
61	1	0	628.40367	524.05220	360.41284	524.09788
61	1	1	795.30275	497.18434	496.48624	498.55139
61	2	0	828.48624	680.65905	366.12844	678.48124
61	2	1	937.25688	656.87439	515.85321	661.74388
61	3	0	1285.80734	350.71941	1089.46789	358.71941
61	3	1	1118.90826	374.94454	921.68807	377.65905
61	4	0	517.46789	399.85155	285.91743	407.81403
61	4	1	680.40367	390.60196	430.79817	401.64763
61	5	0	951.10092	658.26591	707.81651	658.00653
61	5	1	1070.88073	662.67047	765.06422	667.69657
61	6	0	757.44037	855.59706	184.07339	842.52692
61	6	1	1008.88991	730.06688	411.74312	733.29364
61	7	0	1308.71560	292.45840	1169.12844	294.42251
61	7	1	1426.29358	311.39804	1296.83486	310.71941
61	8	0	1627.59633	592.13703	1334.03670	614.78793
61	8	1	1817.39450	598.30343	1454.69725	624.47798
61	9	0	597.66972	270.57423	419.03670	283.69331
61	9	1	486.69725	188.64927	327.88073	210.13703
61	10	0	718.75229	609.95759	355.83486	607.85318
61	10	1	897.54128	618.32626	529.77982	620.62643
61	11	0	1275.87156	365.04078	1316.92661	361.23328
61	11	1	1359.10092	367.68352	1396.19266	366.07830
61	12	0	878.54128	426.67210	873.01835	425.58891
61	12	1	990.83486	415.22023	981.34862	415.01794
61	13	0	793.88991	389.22023	762.78899	391.87439
61	13	1	885.92661	382.61338	826.20183	383.50571
61	14	0	295.31193	349.33931	211.16514	360.50571
61	14	1	430.50459	333.92333	330.50459	342.88744
61	15	0	518.57798	267.41436	279.42202	284.74715
61	15	1	621.18349	245.39152	404.04587	260.08157
61	16	0	847.74312	365.33605	388.30275	376.26754
61	16	1	959.15596	341.55139	483.42202	344.99511
61	17	0	913.23853	559.63622	633.69725	562.91028
61	17	1	1021.56881	533.64927	760.96330	538.68515
61	18	0	1205.62385	404.69657	848.80734	414.72104
61	18	1	1384.41284	463.27732	1006.45872	472.42088
61	19	0	1397.62385	472.96737	1194.42202	483.77651
61	19	1	1552.19266	492.34747	1368.80734	503.59706
61	20	0	1487.01835	417.46982	1230.09174	428.27896
61	20	1	1633.66055	374.74551	1398.31193	381.15008
61	21	0	1425.80734	339.50897	1374.97248	339.30669
61	21	1	1567.60550	327.61664	1528.66055	321.68842
61	22	0	1050.69725	212.63622	1067.88991	204.22023
61	22	1	1147.57798	209.55302	1169.61468	202.45840
61	23	0	1177.61468	622.46819	862.88073	634.07667
61	23	1	1292.11009	617.18271	992.34862	628.35073
61	24	0	1061.78899	397.39967	1042.58716	401.22023
61	24	1	1156.02752	397.39967	1148.71560	400.33931
61	25	0	903.29358	411.33931	961.76147	411.63622
61	25	1	971.99083	426.75530	1037.50459	425.73083
61	26	0	1905.90826	638.27896	1525.93578	671.26917
61	26	1	1710.82569	638.27896	1376.21101	667.30506
61	27	0	1094.87156	255.99347	977.98165	254.49266
61	27	1	1189.55046	239.25612	1080.58716	235.99347
61	28	0	1152.11927	212.82871	1177.46789	206.04241
61	28	1	1057.88073	211.06688	1081.02752	205.16150
61	29	0	1321.60550	615.76835	1114.09174	626.43393
61	29	1	1424.65138	641.75530	1226.82569	650.21860
61	30	0	618.85321	673.96900	314.12844	666.92170
61	30	1	780.90826	662.51713	490.71560	655.46982
61	31	0	327.96330	491.20881	208.73394	490.35073
61	31	1	451.26606	474.03100	311.33945	476.25612
61	32	0	999.03670	391.67210	1010.57798	394.26754
61	32	1	1127.18349	385.06525	1143.56881	388.10114
61	33	0	1609.10092	412.80098	1671.48624	413.33931
61	33	1	1465.10092	401.34910	1510.75229	402.76835
61	34	0	635.25688	397.43556	699.63303	399.10277
61	34	1	745.34862	422.10114	787.70642	421.56607
61	35	0	863.03670	1067.66721	326.36697	1054.89396
61	35	1	682.92661	855.80750	213.63303	842.15334
61	36	0	1825.10092	666.62643	1256.37615	697.41109
61	36	1	1549.43119	648.12724	998.91743	669.55139
61	37	0	1271.01835	495.46819	1045.66972	502.33931
61	37	1	1073.29358	432.48287	823.28440	433.62806
61	38	0	1202.75229	343.64763	1252.41284	337.63622
61	38	1	1315.92661	349.81403	1371.75229	342.92170
61	39	0	543.43119	540.49429	296.75229	538.49592
61	39	1	773.74312	570.88581	470.69725	573.29201
61	40	0	722.10092	239.20718	649.09174	247.87602
61	40	1	883.71560	281.93148	790.88991	284.43393
61	41	0	436.19266	557.79119	2.20183	554.89886
61	41	1	601.46789	702.26591	71.33945	699.15987
61	42	0	379.02752	434.63132	159.41284	449.12398
61	42	1	253.96330	372.08646	87.63303	381.73409
61	43	0	1037.05505	440.42088	469.37615	451.67210
61	43	1	834.48624	444.82545	176.48624	457.29201
61	44	0	304.76147	129.93475	158.14679	158.12398
61	44	1	536.62385	156.60196	371.72477	176.18271
61	45	0	331.53211	456.31648	261.70642	455.77977
61	45	1	506.79817	470.41109	398.66055	471.19576
61	46	0	851.71560	329.42251	400.70642	340.19902
61	46	1	949.27523	509.62806	532.81651	513.73899
61	47	0	311.45872	233.44698	50.64220	251.89233
61	47	1	469.99083	351.04894	198.60550	359.36378
61	48	0	1816.95413	545.11256	1812.55046	567.12561
61	48	1	1718.31193	570.00653	1689.68807	583.42251
61	49	0	1569.88073	725.79119	1326.58716	748.69657
61	49	1	1656.63303	738.12398	1381.19266	766.75530
61	50	0	196.03670	312.86134	406.67890	320.86134
61	50	1	395.52294	326.95595	581.06422	329.23002
61	51	0	461.88991	31.71289	536.32110	58.14029
61	51	1	687.79817	118.48287	769.71560	125.53018
61	52	0	1623.98165	478.82708	827.88991	473.93148
61	52	1	1338.19266	368.12398	211.37615	396.41109
62	0	0	1449.89908	826.96085	427.58716	846.38825
62	0	1	1579.80734	858.23328	299.88073	882.06525
62	1	0	479.97248	675.05383	277.41284	663.08972
62	1	1	609.88073	705.00489	428.01835	693.04078
62	2	0	610.32110	569.78467	390.14679	564.86786
62	2	1	441.66055	565.38010	251.43119	555.17781
62	3	0	410.39450	622.63948	243.50459	602.74715
62	3	1	278.72477	575.07015	146.62385	564.86786
62	4	0	485.48624	747.97227	273.74312	728.38662
62	4	1	355.13761	809.63622	109.92661	784.32463
62	5	0	434.97248	531.36378	147.08257	529.00489
62	5	1	622.12844	542.81566	327.19266	538.69494
62	6	0	242.53211	89.85318	46.67890	121.56607
62	6	1	325.76147	135.66069	180.11009	161.64763
62	7	0	639.36697	640.11256	578.95413	629.92333
62	7	1	557.89908	643.63622	488.23853	633.00653
62	8	0	766.25688	389.46982	393.12844	395.43556
62	8	1	519.58716	504.63622	133.87156	503.54160
62	9	0	682.54128	243.47308	555.43119	246.80424
62	9	1	807.60550	260.65090	689.74312	264.86297
62	10	0	1140.68807	185.13540	795.27523	190.27732
62	10	1	1317.71560	184.69494	952.04587	185.87276
62	11	0	265.10092	156.36215	24.66055	182.49266
62	11	1	491.58716	150.63622	228.11009	171.48124
62	12	0	888.60550	393.04241	720.99083	391.75367
62	12	1	740.20183	391.28059	580.95413	392.63458
62	13	0	865.22936	554.39804	732.43119	550.23165
62	13	1	977.52294	483.92496	857.05505	482.40131
62	14	0	1496.95413	326.18434	886.00917	333.13866
62	14	1	1207.14679	490.79282	618.50459	501.88907
62	15	0	515.88991	594.35073	210.05505	589.58728
62	15	1	718.02752	623.74551	381.35780	618.65742
62	16	0	1755.30275	254.83034	1438.15596	253.46982
62	16	1	1868.47706	336.75530	1484.39450	344.20392
62	17	0	1540.46789	417.26754	1323.55963	420.68515
62	17	1	1676.98165	488.62153	1417.35780	499.52692
62	18	0	1393.23853	548.14845	1316.73394	554.30343
62	18	1	1516.54128	564.44535	1430.78899	571.48124
62	19	0	600.27523	515.50245	247.04587	509.61501
62	19	1	431.61468	537.08483	33.90826	535.60196
62	20	0	353.32110	244.54160	179.66972	261.13866
62	20	1	476.62385	235.29201	244.84404	246.60359
62	21	0	659.78899	374.79445	428.83486	380.02936
62	21	1	494.65138	425.88744	316.98165	427.15824
62	22	0	616.11009	2.64274	117.57798	27.30832
62	22	1	452.29358	107.03100	2.64220	129.93475
62	23	0	140.91743	642.36215	177.90826	619.87439
62	23	1	269.06422	646.76672	302.53211	624.71941
62	24	0	1224.65138	576.48124	1199.72477	580.20881
62	24	1	1099.58716	580.88581	1067.17431	581.97064
62	25	0	949.52294	545.01631	1006.39450	542.65905
62	25	1	864.53211	548.53997	914.79817	544.86134
62	26	0	367.99083	505.32626	609.88991	493.50571
62	26	1	415.99083	498.27896	665.81651	487.33931
62	27	0	620.31193	149.69821	508.53211	162.32953
62	27	1	718.51376	230.74225	613.77982	236.32626
62	28	0	622.96330	443.64927	222.33028	445.00653
62	28	1	824.04587	592.82708	463.18349	589.47798
62	29	0	1721.83486	848.31974	1543.92661	893.24633
62	29	1	860.40367	593.22838	706.35780	576.48777
62	30	0	1568.24771	694.10767	1188.94495	716.27080
62	30	1	898.28440	673.10604	627.70642	672.46493
62	31	0	624.76147	765.72920	345.84404	753.80098
62	31	1	1128.51376	840.71778	795.47706	829.00653
62	32	0	1228.47706	631.49266	1155.90826	636.67210
62	32	1	1365.43119	618.27896	1310.91743	626.54160
62	33	0	1853.94495	703.12398	1728.88073	733.56281
62	33	1	1794.93578	695.19576	1609.98165	723.87276
62	34	0	601.03670	446.28059	685.32110	442.43556
62	34	1	708.04587	456.85155	790.56881	449.92333
62	35	0	1553.15596	21.58238	813.13761	32.59380
62	35	1	1753.08257	185.87276	1090.09174	193.36052
62	36	0	1569.87156	576.62480	1313.91743	590.91028
62	36	1	1757.02752	620.23002	1442.06422	640.68189
62	37	0	999.97248	578.38499	903.63303	571.00653
62	37	1	1100.81651	563.84992	1017.68807	559.99511
62	38	0	1100.06422	406.73083	896.27523	408.22023
62	38	1	1239.66055	411.13540	1052.16514	411.74388
62	39	0	1419.20183	532.12235	1209.31193	539.13703
62	39	1	1634.54128	502.61175	1424.21101	511.38825
62	40	0	879.48624	641.67210	652.30275	633.99184
62	40	1	693.21101	575.60359	453.25688	569.68515
62	41	0	706.22018	343.20881	632.09174	344.53344
62	41	1	843.17431	419.40783	785.33945	415.88744
62	42	0	520.13761	474.48124	98.64220	477.06525
62	42	1	672.50459	470.07667	302.09174	471.77977
62	43	0	756.77982	16.73736	395.06422	36.55791
62	43	1	526.46789	60.78303	152.86239	89.85318
62	44	0	1138.19266	827.72920	1015.02752	834.45677
62	44	1	978.44954	797.68352	855.40367	795.82871
62	45	0	1562.84404	752.76672	1534.51376	776.55465
62	45	1	1674.69725	792.84829	1628.31193	829.40946
62	46	0	1072.39450	159.74388	366.84404	179.94617
62	46	1	1723.15596	203.98206	853.80734	219.87602
62	47	0	1071.44037	709.94617	646.08257	712.32626
62	47	1	718.67890	636.01958	318.82569	634.25775
62	48	0	105.68807	554.74388	25.98165	537.02936
62	48	1	320.14679	513.78140	305.61468	503.11419
64	0	0	1409.56881	764.56770	564.66055	781.87439
64	0	1	1543.88073	804.64927	451.04587	820.63458
64	1	0	1414.45872	1034.19250	769.76147	1053.57259
64	1	1	341.72477	697.68352	140.91743	717.06362
64	2	0	1325.91743	441.69494	1498.43119	435.57749
64	2	1	1428.96330	442.13540	1614.24771	431.17292
64	3	0	1346.43119	420.77977	1592.36697	408.07341
64	3	1	1433.18349	423.42251	1693.21101	406.31158
64	4	0	1388.26606	325.64111	1654.45872	299.28059
64	4	1	1486.46789	330.92659	1775.11927	298.39967
64	5	0	1307.46789	474.43393	1562.05505	469.83850
64	5	1	1219.39450	480.15987	1451.52294	476.00489
64	6	0	1361.63303	416.29364	1575.70642	403.76998
64	6	1	1274.44037	415.85318	1476.18349	410.37684
64	7	0	1418.88073	445.36378	1676.55046	431.51876
64	7	1	1348.86239	428.62643	1592.00000	417.86460
64	8	0	1622.75229	368.65905	1904.14679	333.08809
64	8	1	1546.56881	377.90865	1791.85321	350.26591
64	9	0	1042.06422	358.43393	1159.06422	364.45677
64	9	1	946.94495	372.08809	1068.34862	381.63458
64	10	0	1515.21101	493.42251	1355.16514	493.04078
64	10	1	1360.20183	474.04241	1241.99083	476.74388
64	11	0	1855.26606	595.20718	1734.20183	594.67210
64	11	1	1667.22936	545.43556	1512.69725	542.25775
64	12	0	764.06422	149.31485	779.28440	174.81566
64	12	1	920.39450	199.52692	936.93578	212.69494
64	13	0	965.57798	351.04078	1061.62385	357.60033
64	13	1	844.03670	342.23165	948.00917	356.71941
64	14	0	1493.74312	429.54323	1869.79817	410.42251
64	14	1	1421.08257	419.41272	1775.11927	398.53018
64	15	0	1467.09174	778.30179	1498.12844	798.65905
64	15	1	1752.88991	776.09951	1810.34862	799.98042
64	16	0	1347.12844	708.62643	1154.02752	724.71941
64	16	1	1000.26606	693.34095	833.44037	715.91028
64	17	0	1359.87156	585.46982	1665.46789	591.94617
64	17	1	1451.90826	593.83850	1783.48624	599.87439
64	18	0	1491.54128	606.61175	1839.41284	608.68352
64	18	1	1542.18349	604.84992	1903.26606	608.24307
64	19	0	375.99083	610.57586	331.36697	631.18434
64	19	1	549.93578	618.50408	498.26606	633.82708
64	20	0	1316.31193	531.89886	1647.41284	530.04078
64	20	1	1349.77982	542.02936	1685.72477	543.25449
64	21	0	920.45872	731.95759	692.17431	745.08646
64	21	1	566.65138	769.26754	401.09174	775.91843
64	22	0	902.34862	717.13703	597.52294	736.80424
64	22	1	485.51376	746.14845	202.57798	762.15661
64	23	0	214.15596	287.70799	609.25688	339.05383
64	23	1	362.55963	300.04078	725.07339	341.69657
64	24	0	1194.08257	966.73083	424.51376	995.43230
64	24	1	285.88073	232.89886	335.11927	286.06525
64	25	0	558.77982	489.17292	285.75229	514.32953
64	25	1	391.88073	459.66232	11.44954	496.50571
64	26	0	371.19266	598.20881	65.17431	620.48124
64	26	1	566.71560	711.84666	133.43119	729.27406
64	27	0	259.81651	630.06362	547.22018	650.87439
64	27	1	145.76147	609.80261	450.25688	625.61175
64	28	0	412.06422	700.60196	21.13761	729.96737
64	28	1	1472.48624	961.95759	1069.45872	968.56444
64	29	0	380.56881	467.95922	706.75229	488.38499
64	29	1	510.47706	480.73246	816.84404	498.95595
65	0	0	1539.34862	807.29201	321.89908	829.30343
65	0	1	1626.98165	803.32790	410.41284	823.13703
65	1	0	803.17431	709.30343	611.26606	723.25612
65	1	1	619.98165	682.87602	412.22018	699.03100
65	2	0	565.42202	671.76346	272.64220	686.94454
65	2	1	805.86239	691.43393	484.45872	707.64600
65	3	0	594.05505	676.95595	457.52294	693.25285
65	3	1	540.77064	595.03100	446.51376	615.29201
65	4	0	1126.82569	514.31485	921.97248	532.76346
65	4	1	1274.78899	512.55302	1094.59633	527.91843
65	5	0	1911.19266	766.39478	831.41284	799.86949
65	5	1	1162.56881	352.36542	870.16514	359.41272
65	6	0	1162.56881	348.84176	870.16514	354.12724
65	6	1	176.14679	377.03100	1.76147	431.64763
65	7	0	1230.85321	636.24144	943.80734	656.45840
65	7	1	1036.65138	618.18271	740.35780	637.07830
65	8	0	585.42202	670.79119	281.70642	684.93801
65	8	1	783.58716	779.14356	497.04587	790.20718
65	9	0	420.01835	645.33931	26.42202	664.91028
65	9	1	696.75229	634.61338	206.97248	654.77977
65	10	0	1527.41284	660.66069	1687.48624	679.64763
65	10	1	1615.92661	672.99347	1755.74312	692.86134
65	11	0	1498.10092	638.62316	1692.33028	650.33931
65	11	1	1574.28440	647.43230	1757.06422	663.99347
65	12	0	915.23853	560.81240	1168.00000	571.82708
65	12	1	985.25688	614.98858	1236.25688	633.49103
65	13	0	1235.41284	559.54160	1501.95413	571.86297
65	13	1	1282.97248	551.17292	1556.55963	560.41109
65	14	0	1170.67890	528.70962	1575.93578	538.82871
65	14	1	1216.47706	536.19739	1627.89908	545.43556
65	15	0	1413.16514	576.56607	1731.52294	590.77977
65	15	1	1462.04587	577.44698	1795.81651	589.01794
65	16	0	1396.84404	356.51550	1314.11927	360.39804
65	16	1	1499.00917	366.64600	1444.46789	367.88581
65	17	0	1344.60550	482.51876	1530.92661	490.86297
65	17	1	1400.97248	488.68515	1598.30275	495.70799
65	18	0	1857.90826	743.25612	1617.91743	763.57423
65	18	1	1734.60550	780.69494	1483.16514	808.06036
65	19	0	1440.67890	739.26754	1166.11927	759.91028
65	19	1	1565.30275	733.10114	1325.53211	757.70799
65	20	0	888.37615	460.32463	873.46789	481.03915
65	20	1	785.77064	434.33768	776.58716	455.49266
65	21	0	1221.16514	471.98042	1388.31193	481.27896
65	21	1	1295.58716	485.63458	1468.01835	495.81403
65	22	0	520.33028	590.52855	174.38532	612.49429
65	22	1	704.84404	611.23002	362.42202	630.99347
65	23	0	696.39450	414.37520	380.24771	447.69657
65	23	1	841.27523	444.32626	481.53211	471.48124
66	0	0	1415.82569	761.18597	449.11009	779.62643
66	0	1	1538.68807	794.66069	323.16514	813.98206
66	1	0	1179.66055	597.32626	1094.73394	619.19576
66	1	1	1033.01835	567.37520	948.53211	581.75693
66	2	0	279.70642	617.63295	22.89908	637.20881
66	2	1	471.70642	542.75530	232.07339	565.41436
66	3	0	147.08257	570.26754	205.38532	594.38662
66	3	1	302.97248	546.04241	359.95413	567.95922
66	4	0	897.65138	430.58075	966.51376	450.40783
66	4	1	776.11009	438.94943	851.57798	458.33605
66	5	0	610.72477	493.92170	438.98165	519.50734
66	5	1	390.10092	500.96900	270.32110	526.99511
66	6	0	555.23853	722.26591	442.88991	738.27896
66	6	1	621.73394	685.70799	547.25688	701.28059
66	7	0	1629.75229	672.77977	1627.76147	693.54160
66	7	1	1496.32110	667.05383	1483.76147	690.01794
66	8	0	668.60550	754.18271	495.82569	763.87439
66	8	1	797.63303	687.67374	670.21101	700.44861
66	9	0	680.36697	634.51713	722.17431	650.91191
66	9	1	818.64220	629.23165	848.11927	644.74551
66	10	0	746.89908	916.18271	446.37615	920.74388
66	10	1	944.18349	903.40946	681.97248	916.77977
66	11	0	1378.43119	713.94617	1330.36697	736.32626
66	11	1	1233.99083	727.60033	1192.97248	746.45677
66	12	0	634.09174	743.95595	462.91743	754.68189
66	12	1	906.23853	701.67210	733.74312	716.36215
66	13	0	537.18349	808.17129	295.92661	818.57749
66	13	1	446.02752	815.65905	131.22936	826.06525
66	14	0	1362.44954	618.70962	472.41284	643.38662
66	14	1	1643.84404	649.10114	779.78899	672.89723
66	15	0	717.02752	687.27896	782.87156	698.57749
66	15	1	830.20183	675.38662	883.71560	691.97064
66	16	0	1001.78899	599.76672	1067.10092	616.74388
66	16	1	902.70642	611.21860	985.63303	624.67210
66	17	0	1131.27523	626.77814	864.21101	645.32953
66	17	1	1305.66055	691.52529	1039.47706	706.99347
66	18	0	1590.21101	784.57749	1520.18349	814.59054
66	18	1	1784.41284	872.66884	1690.16514	913.25285
66	19	0	337.01835	696.24307	362.34862	706.27732
66	19	1	67.81651	827.64927	29.94495	825.52529
66	20	0	1442.68807	957.11256	1163.42202	984.44209
66	20	1	1640.80734	826.22186	1529.44954	857.73083
66	21	0	1733.28440	1005.12235	1364.05505	1043.00163
66	21	1	1612.18349	938.61338	1384.75229	973.84992
66	22	0	883.52294	494.73246	1102.00000	508.33931
66	22	1	1005.06422	517.63622	1241.15596	532.12398
66	23	0	922.00917	360.33768	112.82569	400.09625
66	23	1	1864.51376	455.43393	990.55046	482.56607
66	24	0	1562.56881	1035.95432	1003.81651	1054.89396
66	24	1	1490.34862	956.67210	1146.05505	980.45677
66	25	0	1334.24771	565.12398	1616.12844	574.08809
66	25	1	1169.99083	547.50571	1453.19266	556.91028
66	26	0	1528.33945	602.71941	1746.49541	616.74388
66	26	1	1287.89908	590.38662	1473.02752	601.76835
66	27	0	1568.42202	649.74551	1623.72477	665.05383
66	27	1	1364.97248	728.58728	1337.92661	750.50245
67	0	0	1380.72477	702.44046	438.60550	696.37031
67	0	1	1500.50459	727.98695	327.63303	723.67863
67	1	0	785.59633	112.75693	511.58716	106.62643
67	1	1	679.46789	221.99021	355.25688	211.01468
67	2	0	601.04587	595.26917	313.43119	565.45840
67	2	1	521.33945	706.70473	187.04587	666.76346
67	3	0	637.67890	566.38662	352.14679	538.50571
67	3	1	493.23853	665.04894	205.06422	631.44209
67	4	0	1179.11009	115.84013	1242.07339	92.93638
67	4	1	1091.47706	175.74225	1150.03670	156.80261
67	5	0	1107.92661	36.55791	1076.63303	13.65416
67	5	1	963.92661	68.71126	943.64220	50.21207
67	6	0	1282.88073	90.73409	1387.39450	62.54486
67	6	1	1226.51376	114.51876	1326.62385	87.21044
67	7	0	850.56881	352.72431	721.50459	337.74388
67	7	1	757.21101	431.56607	611.41284	414.82382
67	8	0	1045.21101	271.87602	842.60550	260.66395
67	8	1	904.29358	304.46982	744.84404	290.17455
67	9	0	712.34862	442.86623	422.75229	420.85318
67	9	1	512.42202	548.57586	226.78899	522.15824
67	10	0	712.25688	347.61338	640.40367	332.22023
67	10	1	606.56881	436.14519	538.23853	418.10930
67	11	0	581.46789	345.41109	427.26606	328.25612
67	11	1	492.18349	455.30343	333.81651	431.31321
67	12	0	1332.21101	276.17292	886.69725	273.96574
67	12	1	1841.61468	115.84013	1415.77064	100.86460
67	13	0	684.05505	376.98206	585.77064	359.96900
67	13	1	772.56881	301.66395	677.36697	288.17455
67	14	0	1210.75229	184.09951	1177.13761	163.84992
67	14	1	1294.86239	81.91354	1244.95413	57.69984
67	15	0	1097.03670	39.64111	921.39450	24.66558
67	15	1	979.45872	131.25612	809.54128	118.48287
67	16	0	397.05505	118.48287	338.09174	117.16150
67	16	1	527.40367	158.12398	479.44954	152.39804
67	17	0	364.85321	334.70636	264.57798	317.32626
67	17	1	467.45872	286.25612	365.42202	275.04241
67	18	0	1203.80734	147.99511	1079.13761	132.13703
67	18	1	1099.44037	207.45677	1002.95413	189.39641
67	19	0	1046.29358	247.04241	1005.68807	228.73246
67	19	1	948.09174	264.22023	926.86239	249.87439
67	20	0	746.64220	181.80424	561.73394	171.88581
67	20	1	649.76147	283.54976	451.70642	272.01794
67	21	0	650.49541	152.39804	722.22018	142.70799
67	21	1	705.98165	84.12724	776.82569	74.87765
67	22	0	370.05505	398.57912	141.79817	377.71941
67	22	1	277.57798	496.80098	28.62385	467.57259
67	23	0	270.70642	553.56607	19.81651	515.78956
67	23	1	420.43119	596.73083	173.94495	558.95432
67	24	0	536.27523	556.39641	342.64220	529.18108
67	24	1	582.95413	505.30343	419.70642	479.84992
67	25	0	224.97248	621.14682	108.77064	579.89560
67	25	1	324.49541	570.49429	218.42202	533.64763
67	26	0	331.27523	506.77977	309.63303	477.55302
67	26	1	431.67890	508.10114	385.37615	479.31485
67	27	0	490.24771	400.62969	519.24771	379.33116
67	27	1	421.11009	444.67537	458.91743	420.29364
67	28	0	225.44037	443.63458	193.01835	416.19576
67	28	1	321.00000	415.44535	284.17431	391.97064
67	29	0	734.75229	176.80424	823.23853	163.75693
67	29	1	802.56881	174.16150	890.61468	159.35237
67	30	0	676.68807	80.16313	675.06422	74.43719
67	30	1	562.19266	134.77977	562.77064	133.01794
67	31	0	524.76147	46.68842	647.76147	41.40294
67	31	1	603.58716	43.60522	728.34862	37.43883
67	32	0	266.86239	53.73573	308.25688	59.02121
67	32	1	114.49541	65.62806	172.18349	74.87765
67	33	0	1120.29358	170.89723	1114.97248	152.39804
67	33	1	1207.48624	104.38825	1208.33028	81.48450
67	34	0	1056.44037	103.94780	1065.65138	85.88907
67	34	1	1133.50459	37.87928	1156.36697	16.29690
67	35	0	449.74312	225.99347	679.91743	213.56444
67	35	1	519.76147	190.75693	734.08257	180.08972
67	36	0	424.31193	378.26591	574.48624	354.32626
67	36	1	501.81651	343.91028	639.22018	326.57749
67	37	0	507.72477	278.67210	707.56881	264.07667
67	37	1	564.09174	263.25612	761.29358	248.22023
67	38	0	1244.45872	100.42414	1349.20183	71.79445
67	38	1	1357.19266	116.72104	1457.53211	86.32953
67	39	0	545.11009	378.26754	438.55963	358.04078
67	39	1	700.11927	353.16150	567.14679	336.01794
67	40	0	498.20183	689.88581	99.96330	653.90865
67	40	1	750.09174	629.54323	322.78899	602.81566
67	41	0	186.71560	384.67210	39.19266	358.57423
67	41	1	617.16514	299.26754	435.96330	285.45840
67	42	0	126.38532	200.30179	470.22018	196.35073
67	42	1	232.95413	217.92007	562.69725	211.76672
67	43	0	203.00917	209.21697	533.16514	201.43230
67	43	1	253.21101	133.01794	582.04587	131.39967
67	44	0	24.66055	567.30832	235.43119	528.30343
67	44	1	188.03670	547.49266	345.52294	513.76835
67	45	0	188.91743	548.81403	346.84404	514.20881
67	45	1	259.81651	575.24144	386.91743	538.87439
67	46	0	260.25688	575.24144	386.47706	538.87439
67	46	1	241.32110	507.41109	373.26606	477.21044
67	47	0	483.90826	320.12887	336.44037	295.98695
67	47	1	821.22936	205.61011	708.11009	187.63458
67	48	0	109.21101	576.11746	158.53211	546.16639
67	48	1	473.83486	674.77977	306.49541	641.30506
67	49	0	872.34862	179.11256	484.91743	170.80261
67	49	1	637.19266	168.54160	269.13761	158.46982
67	50	0	715.28440	261.53997	357.53211	251.69494
67	50	1	472.20183	212.20881	81.46789	200.22186
67	51	0	599.93578	128.17292	530.97248	123.76835
67	51	1	784.00917	85.88907	707.63303	76.19902
67	52	0	566.67890	562.65905	351.72477	536.92170
67	52	1	797.85321	555.91028	590.77982	534.28059
67	53	0	509.26606	691.33931	2.20183	652.10114
67	53	1	793.27523	802.05220	304.73394	770.67047
67	54	0	414.76147	507.61175	458.11927	474.71941
67	54	1	469.80734	465.76835	505.67890	443.44698
67	55	0	365.77982	95.73409	293.56881	96.90049
67	55	1	249.52294	156.51713	123.58716	166.49266
68	0	0	1533.76147	807.49429	322.89908	827.01794
68	0	1	1628.88073	805.73246	413.17431	824.37520
68	1	0	18.05505	698.30343	18.93578	714.10114
68	1	1	229.87156	783.31158	210.05505	790.74062
68	2	0	826.96330	531.90049	650.33945	550.63785
68	2	1	972.28440	588.71941	816.79817	603.49266
68	3	0	927.82569	700.38662	811.88991	716.74225
68	3	1	1004.44954	704.35073	919.77982	719.38499
68	4	0	449.88073	743.75530	103.48624	753.59869
68	4	1	560.41284	762.25449	273.90826	772.97879
68	5	0	1587.69725	760.39967	1392.65138	782.41109
68	5	1	1789.65138	830.90701	1588.76147	861.80098
68	6	0	1719.19266	630.15987	1648.29358	643.63948
68	6	1	1807.70642	647.77814	1787.00917	666.10277
68	7	0	1088.51376	456.70636	1058.03670	468.61338
68	7	1	1227.66972	474.32463	1165.04587	485.79119
68	8	0	1317.08257	406.24307	1448.19266	409.34910
68	8	1	1430.69725	397.43393	1555.20183	397.89723
68	9	0	683.34862	467.18434	703.37615	488.33768
68	9	1	804.44954	495.37357	832.84404	513.88418
68	10	0	1675.48624	502.33768	1813.43119	502.08809
68	10	1	1773.24771	508.06362	1919.11927	509.57586
68	11	0	1304.36697	612.11419	1338.77982	624.18434
68	11	1	1424.58716	615.63785	1446.22936	629.91028
68	12	0	1342.76147	689.24307	1279.30275	707.58891
68	12	1	1200.08257	655.32790	1153.79817	671.91191
68	13	0	840.44037	422.14845	832.63303	442.96900
68	13	1	980.47706	430.07667	950.21101	446.05220
68	14	0	1304.37615	606.08809	1179.80734	617.19576
68	14	1	1444.41284	631.63458	1288.57798	648.02773
68	15	0	1387.48624	709.69657	1341.29358	728.82708
68	15	1	1521.35780	722.91028	1481.33028	742.92170
68	16	0	1671.63303	721.09788	1687.92661	741.74388
68	16	1	1821.35780	715.37194	1855.70642	738.66069
68	17	0	824.95413	549.88581	739.80734	565.28059
68	17	1	979.08257	528.30343	875.88073	544.13866
68	18	0	1622.40367	756.48287	1567.44954	781.77977
68	18	1	1763.32110	782.02936	1695.15596	811.29038
68	19	0	1762.78899	160.80424	1726.23853	135.66069
68	19	1	1912.51376	181.06525	1902.38532	139.62480
68	20	0	927.96330	565.22186	927.44954	579.66069
68	20	1	1082.97248	586.36378	1066.16514	600.80261
68	21	0	392.22018	474.86297	351.19266	503.10114
68	21	1	568.80734	491.15987	507.08257	515.87439
68	22	0	1045.69725	671.32790	931.77064	685.37684
68	22	1	1201.14679	650.62643	1079.38532	665.31485
68	23	0	770.95413	281.64763	599.82569	315.46982
68	23	1	891.61468	283.40946	764.08257	307.98206
68	24	0	998.48624	297.39967	705.07339	322.51713
68	24	1	1114.74312	365.23002	865.80734	382.85971
68	25	0	1230.64220	544.98858	458.39450	566.18434
68	25	1	1486.67890	539.11909	671.97248	553.41109
68	26	0	283.94495	583.02936	93.35780	609.51713
68	26	1	432.78899	634.56281	259.37615	656.20555
68	27	0	1545.37615	642.63785	1401.80734	656.58891
68	27	1	1757.63303	658.49429	1611.86239	669.80261
68	28	0	1566.38532	513.77651	1563.57798	518.18434
68	28	1	1741.65138	553.37520	1748.97248	562.23002
68	29	0	1695.41284	684.23165	1685.72477	697.79935
68	29	1	1859.66972	703.17129	1867.15596	727.30995
68	30	0	646.15596	619.69821	889.90826	632.94617
68	30	1	744.35780	637.75693	983.87156	649.36052
68	31	0	1428.33028	660.70799	1836.85321	679.49266
68	31	1	1363.15596	662.02936	1754.50459	677.73083
68	32	0	1169.47706	621.94617	1491.37615	632.22186
68	32	1	1229.36697	652.77814	1569.76147	670.10114
68	33	0	1088.88991	635.60033	1428.40367	651.16150
68	33	1	1139.97248	625.46982	1477.72477	638.82871
68	34	0	1180.33028	650.91028	1511.68807	664.67210
68	34	1	1123.96330	638.57749	1452.23853	650.57749
68	35	0	1082.87156	667.65905	1030.39450	681.78956
68	35	1	1259.89908	652.68352	1198.61468	670.33768
68	36	0	1607.36697	653.06362	1414.26606	670.24307
68	36	1	1381.45872	671.12235	1179.55046	687.86134
68	37	0	1177.54128	740.07341	1035.46789	754.70799
68	37	1	985.54128	706.59869	855.79817	722.11419
68	38	0	386.23853	655.11093	181.87156	670.13540
68	38	1	665.87156	607.98206	444.77064	627.85155
68	39	0	220.17431	708.13540	114.49541	722.01468
68	39	1	378.43119	494.82708	272.41284	521.31485
68	40	0	888.47706	795.13540	944.12844	808.35073
68	40	1	1118.78899	774.43393	1239.96330	792.25285
68	41	0	1030.77982	624.71941	934.88073	641.27896
68	41	1	1359.44954	663.89723	1217.59633	682.96900
68	42	0	1168.24771	362.19413	1572.11009	361.81240
68	42	1	1255.00000	374.52692	1668.99083	369.30016
68	43	0	264.00917	633.13540	139.59633	654.33768
68	43	1	603.97248	657.36052	517.49541	676.30179
68	44	0	1126.34862	833.46982	1026.81651	853.87276
68	44	1	1473.88991	924.19576	1368.05505	956.67210
71	0	0	1216.80734	742.43393	661.95413	767.01794
71	0	1	920.36697	476.33931	423.75229	502.66069
71	1	0	1096.47706	630.29690	1376.66972	647.70147
71	1	1	1172.02752	623.82871	1470.80734	642.92333
71	2	0	579.57798	600.46982	45.35780	631.79119
71	2	1	851.28440	587.25612	263.77982	615.93475
71	3	0	1145.38532	561.93475	1371.59633	571.39967
71	3	1	1220.68807	559.73246	1454.82569	568.75693
71	4	0	243.11927	817.23165	10.12844	833.12398
71	4	1	674.17431	826.76672	388.99083	858.57749
71	5	0	1231.57798	783.25612	970.99083	801.75367
71	5	1	1573.55963	846.13703	1238.29358	875.75041
71	6	0	993.47706	674.01631	1177.12844	696.05383
71	6	1	1621.43119	720.22023	1879.92661	746.01794
71	7	0	900.44037	777.43230	966.26606	797.54160
71	7	1	773.17431	751.00489	856.17431	766.26917
71	8	0	1465.99083	665.57423	1454.67890	685.00489
71	8	1	1679.12844	626.52039	1644.90826	641.00326
71	9	0	1136.78899	704.03263	775.79817	722.62806
71	9	1	1247.73394	532.44046	885.91743	551.68515
71	10	0	1451.28440	906.21044	891.20183	924.08157
71	10	1	1183.03670	942.06036	658.76147	964.90865
71	11	0	988.44037	947.03589	427.31193	964.93964
71	11	1	1252.66055	971.99511	667.16514	994.00979
71	12	0	884.54128	831.27732	114.61468	858.14682
71	12	1	1234.63303	748.03100	405.25688	769.61501
71	13	0	609.19266	592.82382	473.95413	618.15824
71	13	1	802.51376	564.63458	678.28440	585.56444
71	14	0	1250.58716	649.42251	888.64220	674.59054
71	14	1	1462.56881	644.56607	1066.84404	664.31321
71	15	0	1594.63303	528.13866	1641.58716	529.84502
71	15	1	1734.66972	511.98858	1767.53211	510.17129
71	16	0	1600.28440	826.63785	1268.36697	854.82708
71	16	1	1866.00917	847.83850	1476.80734	874.20718
71	17	0	1302.12844	681.86949	997.56881	700.86949
71	17	1	1533.02752	692.49429	1166.96330	712.02773
71	18	0	1159.61468	667.33605	925.70642	684.55954
71	18	1	1339.56881	673.07504	1068.09174	692.78140
71	19	0	1366.40367	853.84502	1002.09174	917.72594
71	19	1	1708.62385	836.86786	1223.44954	854.59380
71	20	0	1176.33028	702.14682	832.27523	723.81403
71	20	1	1362.27523	721.52692	1033.66972	741.72594
71	21	0	1530.05505	839.17945	1008.49541	864.95595
71	21	1	1765.87156	778.62316	1294.80734	798.74062
71	22	0	1385.77982	673.60685	1299.93578	692.58238
71	22	1	1497.63303	671.55139	1452.88991	691.99511
71	23	0	1020.71560	631.98695	1244.89908	650.75856
71	23	1	1160.45872	673.09625	1389.63303	691.57423
71	24	0	1621.55046	681.75530	1690.12844	703.48124
71	24	1	1421.62385	684.83850	1469.94495	699.51713
71	25	0	1840.73394	905.57912	1372.40367	942.86134
71	25	1	1123.81651	981.33768	639.41284	1002.47961
72	0	0	860.87156	587.18434	284.31193	603.14845
72	0	1	1274.60550	759.46982	630.85321	781.59054
72	1	0	306.75229	499.19576	535.15596	523.17292
72	1	1	409.35780	493.91028	623.66972	515.24470
72	2	0	959.53211	581.11256	871.96330	598.26591
72	2	1	1123.78899	586.39804	1015.08257	601.34910
72	3	0	1340.07339	570.99347	1104.61468	587.53834
72	3	1	1554.09174	561.30343	1305.86239	578.28874
72	4	0	258.33945	625.81566	265.07339	641.27896
72	4	1	423.91743	613.04241	384.85321	628.06525
72	5	0	457.32110	77.07993	335.69725	129.05383
72	5	1	281.61468	81.92496	211.95413	143.58891
72	6	0	406.69725	504.81566	213.53211	533.16966
72	6	1	637.44954	529.04078	446.48624	549.46656
72	7	0	1857.90826	747.67047	1329.44037	774.16150
72	7	1	1535.11927	687.76835	1021.73394	710.21860
72	8	0	850.25688	425.39804	794.39450	444.42088
72	8	1	1015.39450	412.18434	977.58716	427.24307
72	9	0	1272.74312	118.48287	668.43119	143.69821
72	9	1	1538.44037	152.39804	958.33945	169.13540
72	10	0	1450.90826	300.53997	1779.96330	284.82382
72	10	1	1348.74312	294.37357	1659.74312	285.26427
72	11	0	835.55046	402.49103	1050.72477	418.38499
72	11	1	906.44954	366.81403	1133.95413	378.30343
72	12	0	65.17431	410.37357	451.09174	442.52855
72	12	1	115.37615	383.50571	491.16514	417.42251
72	13	0	1190.31193	623.07504	1216.82569	637.60033
72	13	1	1583.85321	613.17129	1692.77064	626.52692
72	14	0	970.28440	624.04078	1000.05505	641.67210
72	14	1	860.63303	625.36215	908.89908	641.67210
72	15	0	821.51376	512.69331	945.77982	526.11256
72	15	1	938.21101	507.84829	1062.91743	523.91028
72	16	0	999.41284	507.42251	1138.51376	523.32626
72	16	1	1109.50459	515.79119	1245.08257	526.40946
72	17	0	975.63303	488.92333	1142.43119	504.87439
72	17	1	1091.50459	499.39804	1254.72477	512.80261
72	18	0	1244.08257	460.24470	1416.91743	467.67210
72	18	1	1356.63303	453.23165	1541.54128	460.62480
72	19	0	1260.29358	430.57586	1406.00000	438.80261
72	19	1	1381.83486	434.98042	1534.58716	438.36215
72	20	0	1345.17431	717.13214	908.00917	737.47961
72	20	1	1862.75229	546.36215	1402.56881	561.45840
72	21	0	1667.92661	967.87113	969.01835	996.31321
72	21	1	1052.61468	980.01631	334.20183	994.11093
72	22	0	1093.38532	324.43230	887.30275	344.44372
72	22	1	752.05505	330.98042	519.59633	361.62480
72	23	0	1314.44954	743.85155	1160.52294	764.07667
72	23	1	1625.33945	818.05383	1504.88991	847.76346
72	24	0	1547.66055	334.94617	1303.54128	339.24470
72	24	1	1120.70642	317.43556	830.33028	336.50734
72	25	0	1492.98165	354.46819	1112.58716	370.18434
72	25	1	1095.74312	474.48940	722.13761	495.68515
72	26	0	838.28440	658.30179	420.74312	677.99347
72	26	1	1264.94495	720.15987	903.87156	737.68189
72	27	0	1429.09174	619.60033	1370.43119	635.09951
72	27	1	1781.28440	587.78793	1735.05505	604.26754
72	28	0	800.44954	531.69494	990.80734	544.66232
72	28	1	681.55046	552.83687	877.19266	569.76835
72	29	0	1389.92661	441.29038	1550.93578	445.40946
72	29	1	1523.79817	437.76672	1690.09174	441.44535
72	30	0	797.92661	480.29201	971.43119	496.25612
72	30	1	886.88073	479.85155	1048.49541	494.05383
72	31	0	1632.88073	596.50734	1625.72477	610.87439
72	31	1	1849.98165	564.42088	1834.12844	578.98206
72	32	0	834.93578	681.82708	583.42202	689.05546
72	32	1	1739.44954	828.12561	1315.91743	855.69657
72	33	0	905.73394	165.30343	1305.34862	171.48287
72	33	1	959.89908	167.50571	1359.07339	171.04241
72	34	0	1263.00000	642.25285	811.72477	662.36215
72	34	1	1554.96330	662.51387	1060.97248	690.99184
72	35	0	1299.88073	747.21860	695.14679	768.03100
72	35	1	1695.69725	720.69494	1036.06422	747.02936
72	36	0	1368.99083	491.23165	1033.68807	508.05220
72	36	1	1142.64220	459.36542	809.54128	484.70799
72	37	0	1190.07339	971.73083	655.95413	990.14682
72	37	1	1513.56881	967.68352	980.52294	996.99021
72	38	0	945.76147	747.02773	478.36697	761.87113
72	38	1	1150.61468	515.89723	655.64220	534.49429
72	39	0	665.73394	574.80261	409.04587	594.29364
72	39	1	861.26606	756.49429	565.50459	769.11256
73	0	0	1535.40367	808.74551	317.21101	826.53018
73	0	1	1626.11927	805.66232	407.48624	823.44698
73	1	0	232.07339	686.09788	188.01835	699.55139
73	1	1	424.95413	651.30179	369.44954	663.87439
73	2	0	112.73394	588.55302	276.41284	605.20718
73	2	1	39.19266	540.54323	196.26606	564.68515
73	3	0	189.72477	693.45677	137.49541	704.94617
73	3	1	406.38532	665.70799	337.86239	677.63785
73	4	0	119.77982	662.02773	146.64220	673.57586
73	4	1	314.42202	657.62316	317.50459	671.37357
73	5	0	1609.55046	738.80261	1710.38532	759.34747
73	5	1	1705.98165	725.64763	1830.16514	748.71126
73	6	0	1453.21101	902.05546	1305.80734	931.98042
73	6	1	1543.01835	782.51713	1561.22018	803.36705
73	7	0	1695.77982	334.11419	1485.84404	331.67210
73	7	1	1364.18349	383.88581	1109.36697	393.61990
73	8	0	1363.32110	635.11093	1510.89908	656.29038
73	8	1	1507.76147	621.89723	1661.94495	635.58891
73	9	0	866.44037	427.15987	729.99083	451.12398
73	9	1	1161.61468	461.41436	1073.79817	473.70799
73	10	0	1261.57798	500.17455	1281.21101	511.14682
73	10	1	1052.84404	522.63785	1115.19266	537.13377
73	11	0	1535.85321	456.42088	1722.12844	460.92007
73	11	1	1317.43119	388.15008	1467.15596	398.37520
73	12	0	298.32110	769.83850	16.29358	778.80098
73	12	1	675.58716	696.14682	422.75229	709.64927
73	13	0	995.30275	737.54160	943.78899	760.63785
73	13	1	1197.87156	828.71615	1195.11927	857.26917
73	14	0	946.29358	720.84992	1146.05505	737.45840
73	14	1	1067.39450	723.05220	1258.34862	751.11256
75	0	0	1388.34862	686.19739	439.88073	680.77977
75	0	1	1499.32110	717.91028	322.30275	715.13540
75	1	0	526.97248	1004.24144	265.19266	950.20718
75	1	1	690.78899	983.53997	403.46789	940.07667
75	2	0	251.00917	871.99184	18.93578	808.75204
75	2	1	411.30275	794.03100	209.61468	746.20718
75	3	0	992.55963	726.77977	879.70642	711.80261
75	3	1	849.00000	751.44535	720.73394	728.53997
75	4	0	413.86239	631.00489	379.46789	595.36215
75	4	1	663.73394	624.32300	622.57798	598.26591
75	5	0	9.24771	596.77814	123.74312	547.45677
75	5	1	244.40367	625.40783	326.31193	585.77651
75	6	0	1524.55046	399.59706	1586.64220	389.71778
75	6	1	1798.89908	350.70636	1883.88991	339.06525
75	7	0	1860.99083	970.01631	1139.20183	987.06362
75	7	1	1436.76147	889.46003	986.39450	898.97227
75	8	0	1218.92661	440.75530	1338.23853	428.95759
75	8	1	1355.00000	436.35073	1470.34862	428.51713
75	9	0	1496.56881	601.53018	973.11927	607.61011
75	9	1	1768.51376	629.68352	1144.42202	646.81077
75	10	0	1154.61468	485.64600	73.98165	470.15661
75	10	1	1608.94495	483.62480	604.06422	509.08809
75	11	0	564.65138	800.46982	81.90826	760.24307
75	11	1	805.97248	811.92170	280.95413	781.82545
75	12	0	920.31193	462.62153	532.79817	464.93312
75	12	1	1050.66055	431.34910	604.57798	427.49429
75	13	0	1074.19266	620.38662	708.97248	608.05383
75	13	1	914.33945	605.85155	501.89908	586.35237
75	14	0	1463.47706	484.36215	885.55046	481.92333
75	14	1	1215.11009	439.87602	656.11927	431.27080
75	15	0	751.96330	504.62316	324.48624	482.20718
75	15	1	951.00917	535.01468	482.57798	527.13377
75	16	0	592.58716	564.39804	114.88991	531.11256
75	16	1	862.53211	614.16966	364.13761	589.25285
75	17	0	1168.55963	930.67210	540.20183	916.61338
75	17	1	1436.46789	1047.40620	733.26606	1045.20392
75	18	0	1210.89908	847.45840	782.89908	841.77814
75	18	1	1434.60550	799.00816	978.86239	804.33931
75	19	0	1280.90826	849.32953	954.57798	851.04078
75	19	1	1416.54128	927.73083	1006.98165	931.64437
75	20	0	1576.66972	676.31485	1290.63303	689.93475
75	20	1	1375.86239	659.57749	1092.02752	663.50734
75	21	0	1090.33945	573.67210	685.56881	566.48124
75	21	1	1303.63303	637.83850	848.06422	634.75204
75	22	0	1122.55963	516.08972	828.46789	507.56607
75	22	1	1290.33945	562.77814	959.25688	558.21860
75	23	0	961.61468	876.72104	333.42202	854.12561
75	23	1	1154.49541	914.15987	561.97248	903.89723
75	24	0	1462.44037	1032.43067	474.40367	1029.34747
75	24	1	1239.17431	989.70636	124.62385	961.15987
75	25	0	1275.15596	956.69168	717.02752	950.63622
75	25	1	1574.78899	939.70473	1029.03670	957.83687
75	26	0	1550.77982	932.24307	1101.81651	954.58564
75	26	1	1345.12844	911.98206	969.26606	927.71778
75	27	0	1120.33945	653.66069	650.14679	653.11256
75	27	1	868.07339	685.70799	396.55046	660.31321
75	28	0	751.87156	402.57586	132.33028	386.91191
75	28	1	915.09174	511.12235	395.66972	497.02610
75	29	0	712.29358	728.20718	330.22936	700.59869
75	29	1	507.08257	725.56444	111.36697	690.90865
75	30	0	77.94495	927.67047	35.22936	845.67700
75	30	1	978.46789	739.70799	859.59633	724.11093
75	31	0	647.67890	545.93475	534.08257	523.90701
75	31	1	896.48624	483.83034	807.11009	470.61175
75	32	0	1424.64220	543.00653	1615.10092	545.88581
75	32	1	1585.37615	549.17292	1802.25688	555.13540
75	33	0	1021.53211	431.51713	1176.57798	418.39804
75	33	1	1233.34862	442.08809	1371.22018	431.61175
75	34	0	842.11927	1079.55954	379.61468	1047.40620
75	34	1	445.60550	1009.08646	137.39450	942.57749
75	35	0	1915.15596	699.86297	1395.88073	732.68189
75	35	1	1366.68807	693.55465	1074.55046	691.93475
75	36	0	1067.48624	813.00653	688.00000	801.11256
75	36	1	1723.59633	729.41109	1554.52294	761.42414
76	0	0	1463.25688	811.92333	364.92661	831.99511
76	0	1	1544.72477	811.48287	445.51376	827.59054
76	1	0	1097.14679	314.30343	831.88073	329.64927
76	1	1	916.59633	243.38989	659.25688	269.74715
76	2	0	1649.25688	327.30179	1409.37615	315.62153
76	2	1	1803.38532	381.03752	1602.64220	364.25122
76	3	0	1352.26606	620.65905	1206.50459	632.23165
76	3	1	1591.82569	659.85971	1410.39450	674.07504
76	4	0	1436.98165	323.60196	1490.98165	304.91028
76	4	1	1599.91743	317.43556	1672.85321	289.05383
76	5	0	814.94495	514.81566	650.22936	533.70636
76	5	1	1148.30275	521.42251	982.26606	531.06362
76	6	0	1466.05505	363.63622	1705.54128	337.33931
76	6	1	1591.55963	360.99347	1868.91743	328.97064
76	7	0	1809.02752	554.97553	1654.45872	554.44535
76	7	1	1817.83486	428.31321	1844.39450	405.32953
76	8	0	1912.95413	496.83524	1822.67890	483.67210
76	8	1	1812.55046	461.59869	1824.88073	437.86460
76	9	0	454.10092	366.60033	814.44037	394.86134
76	9	1	428.55963	332.68515	796.82569	368.43393
76	10	0	1241.30275	346.19739	243.11009	366.80424
76	10	1	1598.09174	539.77814	476.81651	557.00489
77	0	0	1251.65138	686.85155	592.94495	677.62480
77	0	1	1150.79817	287.66069	539.56881	280.48287
77	1	0	1148.34862	916.41925	629.13761	904.77814
77	1	1	1553.30275	901.59054	1048.19266	916.57259
77	2	0	1319.44954	460.48287	1672.07339	451.65742
77	2	1	1248.11009	429.65090	1593.24771	417.74225
77	3	0	1643.30275	658.53997	1671.19266	683.89560
77	3	1	1720.80734	642.68352	1751.33945	668.47961
77	4	0	862.85321	395.18434	1183.05505	377.91028
77	4	1	1024.02752	381.53018	1339.82569	368.66069
77	5	0	1359.30275	295.11093	629.16514	287.67210
77	5	1	1773.11927	286.15987	1151.10092	283.95759
77	6	0	1722.19266	718.92985	1040.13761	735.72920
77	6	1	1432.85321	618.03100	971.44037	618.56770
77	7	0	1469.32110	589.74225	1117.02752	594.43230
77	7	1	1822.67890	493.57749	1365.77064	504.03100
77	8	0	1581.57798	964.22838	757.88073	972.52855
77	8	1	1303.92661	771.12561	721.55963	766.22023
77	9	0	997.06422	884.46982	351.23853	860.96900
77	9	1	1238.26606	875.02936	750.28440	869.44372
77	10	0	470.19266	772.30343	178.71560	724.02773
77	10	1	974.41284	717.48124	857.54128	704.80261
77	11	0	713.40367	889.22023	387.56881	852.05383
77	11	1	1055.06422	851.63622	843.03670	840.67047
77	12	0	854.62385	246.46819	1077.21101	229.68352
77	12	1	1007.87156	249.99184	1230.01835	231.88581
77	13	0	516.91743	412.89723	603.48624	393.67374
77	13	1	603.66972	427.87276	658.53211	403.36378
77	14	0	1060.40367	974.29038	665.83486	951.38662
77	14	1	1871.11927	470.80098	1781.72477	459.01794
77	15	0	716.28440	589.58728	927.61468	569.07504
77	15	1	768.24771	559.19576	987.06422	541.32626
77	16	0	1413.73394	256.38336	1268.18349	239.84829
77	16	1	1481.11009	166.53018	1384.88073	143.82871
77	17	0	1292.23853	172.50571	767.11927	163.65253
77	17	1	1069.98165	409.58728	589.67890	401.70636
77	18	0	1213.86239	428.71941	744.14679	420.06525
77	18	1	1423.44954	344.69494	952.88073	337.69984
77	19	0	1691.88991	248.10930	893.31193	251.66069
77	19	1	1362.19266	193.36052	672.88991	183.41272
77	20	0	1464.19266	472.03426	872.30275	469.21207
77	20	1	1330.32110	648.21697	691.75229	646.27569
77	21	0	1222.94495	792.61175	582.46789	772.88907
77	21	1	1436.80734	919.64927	794.28440	920.44209
77	22	0	902.57798	431.64437	448.13761	406.70473
77	22	1	778.39450	219.34421	289.60550	206.29690
77	23	0	1408.20183	472.38499	731.96330	462.52692
77	23	1	1629.35780	265.33931	975.36697	260.16150
77	24	0	1578.27523	739.96737	743.35780	744.83850
77	24	1	1884.77064	739.96737	775.50459	772.14682
77	25	0	1538.75229	935.11093	900.65138	947.42251
77	25	1	1260.16514	889.47145	739.91743	884.87765
77	26	0	767.32110	466.00489	567.50459	454.84992
77	26	1	864.20183	421.07830	620.34862	412.56607
77	27	0	622.43119	145.39967	74.42202	142.26754
77	27	1	950.94495	192.08809	375.63303	188.95595
77	28	0	1032.03670	1001.28874	412.33028	971.20718
77	28	1	1213.70642	947.44535	710.01835	952.70799
77	29	0	1017.38532	295.31485	706.51376	294.51550
77	29	1	1190.44954	285.18434	847.43119	278.21860
77	30	0	1709.94495	369.98206	1753.98165	368.52855
77	30	1	1568.14679	398.17129	1593.24771	399.36052
77	31	0	1140.99083	669.17129	606.45872	661.68352
77	31	1	1227.24771	457.36378	678.16514	450.79282
77	32	0	1000.64220	508.44535	555.20183	479.52855
77	32	1	894.82569	324.17618	472.75229	308.75693
77	33	0	1275.24771	819.45840	752.07339	828.66069
77	33	1	1479.15596	825.82871	976.22018	898.25285
77	34	0	1573.97248	891.17945	1006.28440	905.07667
77	34	1	1739.44954	727.22186	1058.63303	747.82382
77	35	0	950.66055	590.75204	377.30275	555.97879
77	35	1	775.39450	432.62806	272.05505	415.91354
77	36	0	1234.75229	672.35889	602.09174	662.99347
77	36	1	1238.85321	335.08972	545.86239	323.50408
77	37	0	1278.85321	635.69494	619.71560	631.44698
77	37	1	1547.03670	579.31648	812.15596	571.54486
77	38	0	1632.44037	777.81403	1306.77982	811.19576
77	38	1	1843.37615	766.80261	1482.48624	794.89886
77	39	0	1105.20183	879.95595	735.80734	870.26754
77	39	1	1284.43119	854.84992	900.50459	854.41109
77	40	0	1266.49541	146.23165	331.40367	153.27896
77	40	1	1608.10092	129.93475	671.64220	127.97390
77	41	0	1378.11927	277.74062	699.56881	269.59869
77	41	1	1578.92661	170.26917	962.02752	160.80587
77	42	0	1271.95413	503.36215	16.29358	492.59869
77	42	1	1827.52294	416.10114	544.00000	435.65905
77	43	0	1405.42202	195.56281	803.57798	192.77977
77	43	1	1785.04587	156.39804	1150.58716	170.75693
77	44	0	1504.50459	319.52855	770.05505	321.00163
77	44	1	1901.94495	182.92333	1071.26606	179.61501
77	45	0	686.44037	954.26591	299.09174	915.54160
77	45	1	844.97248	900.53018	493.73394	886.03100
77	46	0	1214.91743	854.21860	887.73394	847.71941
77	46	1	1336.01835	745.42577	995.18349	743.77162
77	47	0	202.26606	681.15987	122.32110	625.61338
77	47	1	416.28440	674.99347	330.61468	634.86297
77	48	0	238.55046	654.73083	201.13761	600.84013
77	48	1	434.95413	665.30179	377.28440	630.35073
77	49	0	197.14679	536.38662	172.56881	502.52855
77	49	1	405.00000	540.63622	353.55963	505.17129
77	50	0	912.14679	517.30343	861.02752	502.46982
77	50	1	1052.18349	512.89886	1016.03670	501.58891
77	51	0	1019.31193	415.74388	959.32110	393.47308
77	51	1	862.54128	456.26591	808.71560	428.70962
78	0	0	1614.56881	877.08809	347.73394	899.74225
78	0	1	1480.25688	843.17292	463.55046	864.94617
78	1	0	682.50459	759.02773	547.93578	747.56444
78	1	1	861.29358	752.86134	718.79817	740.95759
78	2	0	723.96330	604.07504	489.65138	594.63622
78	2	1	875.00917	560.91028	635.41284	561.60196
78	3	0	1239.34862	653.76835	1122.73394	659.13540
78	3	1	1070.68807	683.27896	978.73394	681.59869
78	4	0	1380.22936	587.44372	1104.87156	592.32626
78	4	1	1565.18349	534.58891	1242.26606	546.07830
78	5	0	122.86239	718.84013	122.42202	691.52692
78	5	1	277.87156	723.68515	262.89908	694.61011
78	6	0	1274.56881	291.19576	1331.21101	276.70962
78	6	1	1424.12844	333.41925	1473.44954	318.11256
78	7	0	464.64220	561.19413	112.29358	558.62480
78	7	1	711.68807	567.80098	269.50459	567.43393
78	8	0	1019.77064	307.44535	1254.13761	291.35073
78	8	1	1105.20183	295.99347	1351.89908	277.25612
78	9	0	1004.03670	319.93312	815.33028	318.89723
78	9	1	864.44037	281.17292	636.10092	288.50571
78	10	0	1484.91743	214.06199	1572.99083	184.99184
78	10	1	1562.97248	211.01794	1632.21101	193.85155
78	11	0	1530.38532	135.25938	1772.47706	85.44861
78	11	1	1608.77064	149.35400	1858.34862	92.93638
78	12	0	871.45872	511.19739	992.87156	501.10114
78	12	1	963.05505	494.90049	1094.15596	488.32790
78	13	0	107.88991	618.31485	345.96330	594.09951
78	13	1	189.79817	605.10114	423.46789	581.76672
78	14	0	1192.90826	181.02773	1342.31193	158.56444
78	14	1	1250.15596	157.24307	1418.49541	129.49429
78	15	0	1388.84404	196.58891	1610.42202	160.76672
78	15	1	1459.74312	180.29201	1701.57798	135.22023
78	16	0	629.53211	452.00653	828.56881	444.10114
78	16	1	716.72477	442.31648	914.00000	434.41109
78	17	0	521.83486	163.40946	725.29358	166.93312
78	17	1	611.66972	139.62480	804.55963	138.30343
78	18	0	321.07339	905.07504	143.23853	866.14845
78	18	1	503.38532	865.43393	305.29358	839.72104
78	19	0	1568.19266	509.42251	1395.41284	515.34910
78	19	1	1695.89908	450.40131	1559.22936	447.95922
78	20	0	1632.00000	259.24307	1798.01835	223.00816
78	20	1	1724.47706	316.06199	1916.47706	282.46982
78	21	0	1483.16514	392.14845	1644.21101	375.46982
78	21	1	1413.14679	374.97064	1552.61468	360.49429
78	22	0	867.71560	640.38499	919.73394	633.53997
78	22	1	969.88073	589.29201	1018.37615	582.00653
78	23	0	397.91743	478.63622	729.00917	464.15987
78	23	1	466.61468	474.23165	784.05505	461.07667
78	24	0	1143.19266	346.14682	1444.90826	327.61011
78	24	1	1307.00917	319.27896	1627.66055	292.81403
78	25	0	1202.18349	378.83687	1516.54128	359.40946
78	25	1	1264.71560	357.25449	1584.35780	336.50571
78	26	0	892.63303	666.51713	775.14679	659.27896
78	26	1	1179.86239	585.48124	1095.29358	584.84176
78	27	0	1436.18349	485.97879	1301.20183	481.47961
78	27	1	1699.17431	405.95595	1546.48624	403.07830
78	28	0	1115.49541	744.10767	921.67890	745.27732
78	28	1	1303.09174	678.03915	1109.71560	686.69657
78	29	0	1601.61468	555.98369	1377.15596	566.20718
78	29	1	1778.64220	534.84176	1530.40367	547.26754
78	30	0	1286.60550	552.38662	1136.48624	552.33931
78	30	1	1436.77064	554.58891	1269.91743	557.18434
78	31	0	1208.94495	313.84992	1295.32110	297.36378
78	31	1	1270.15596	353.49103	1340.67890	340.96900
78	32	0	1402.16514	458.55791	1305.16514	458.19739
78	32	1	1492.88073	482.34258	1423.62385	483.74388
78	33	0	1590.74312	184.35073	1740.77064	135.66069
78	33	1	1707.00000	169.81566	1878.16514	115.39967
79	0	0	1096.49541	632.42414	1325.42202	649.01794
79	0	1	1155.06422	619.65090	1387.07339	634.92333
79	1	0	575.53211	641.07504	601.38532	657.27896
79	1	1	700.59633	628.30179	744.06422	644.50571
79	2	0	850.13761	522.04078	1158.00000	536.73246
79	2	1	916.63303	509.70799	1229.77982	524.39967
79	3	0	576.64220	739.36052	368.43119	751.93475
79	3	1	691.57798	692.23165	536.21101	706.12724
79	4	0	1685.72477	572.20718	1630.67890	585.56444
79	4	1	1891.37615	558.55302	1838.97248	567.50571
79	5	0	1024.77982	520.63622	1289.11009	533.80424
79	5	1	1094.35780	514.46982	1368.81651	525.43556
79	6	0	792.54128	804.59869	176.24771	825.62480
79	6	1	968.68807	761.87439	448.83486	778.93638
79	7	0	1354.97248	753.00489	1363.86239	779.39967
79	7	1	1759.26606	753.50082	1789.65138	786.38662
79	8	0	1274.27523	553.10604	1723.15596	562.21860
79	8	1	1060.73394	535.50571	1486.04587	546.56607
79	9	0	616.51376	1058.85808	190.31193	1055.33442
79	9	1	1870.23853	833.67210	1484.38532	875.69657
79	10	0	686.64220	758.39478	796.92661	769.16966
79	10	1	489.36697	727.85155	715.89908	736.57586
79	11	0	897.05505	727.20718	795.89908	741.94290
79	11	1	1056.02752	682.28059	981.29358	700.09951
79	12	0	1797.86239	695.49266	1607.23853	721.43393
79	12	1	1642.85321	676.55302	1489.66055	701.61338
79	13	0	1121.39450	658.17292	841.96330	679.24307
79	13	1	1260.55046	671.82708	1007.98165	684.96900
79	14	0	1392.97248	675.29201	970.12844	697.35237
79	14	1	1603.02752	699.95759	1184.58716	724.66069
79	15	0	1903.70642	874.88744	1430.17431	909.91843
79	15	1	1678.23853	825.55628	1287.05505	848.74551
79	16	0	1468.85321	727.39967	1362.12844	752.61338
79	16	1	1330.13761	738.41109	1216.36697	768.91028
79	17	0	847.00000	674.94780	599.09174	690.75530
79	17	1	1012.57798	615.04568	770.39450	646.26917
79	18	0	1915.59633	811.64763	1479.77064	850.90049
79	18	1	1665.46789	781.25612	1290.85321	809.05710
79	19	0	1103.87156	479.21860	860.85321	503.31485
79	19	1	1265.92661	439.57749	996.92661	458.82871
79	20	0	738.55046	698.78956	606.22018	718.11419
79	20	1	577.81651	709.36052	447.47706	723.09951
79	21	0	747.71560	737.92170	511.66055	752.27732
79	21	1	885.11009	720.30343	682.96330	738.62316
79	22	0	1442.81651	686.36378	1381.56881	710.92170
79	22	1	1311.14679	695.17292	1232.11009	716.55302
79	23	0	1886.09174	857.49103	1487.07339	893.07667
79	23	1	1647.85321	795.82708	1336.02752	825.24633
79	24	0	494.29358	779.04078	392.63303	783.99184
79	24	1	588.53211	711.65090	516.81651	720.12561
79	25	0	1004.53211	741.84829	885.43119	757.74388
79	25	1	1084.67890	681.06525	1001.24771	696.96085
79	26	0	1582.22936	740.53997	1377.74312	770.29038
79	26	1	1417.53211	739.65905	1247.83486	763.68352
79	27	0	1214.78899	665.06525	860.00000	686.25449
79	27	1	1326.20183	584.46166	1022.93578	599.92496
79	28	0	1479.27523	581.32790	1420.37615	595.62643
79	28	1	1823.08257	582.39967	1778.20183	594.24307
79	29	0	630.95413	642.31321	586.60550	658.83687
79	29	1	946.37615	635.24144	861.39450	650.90865
79	30	0	535.38532	601.13866	437.53211	621.63785
79	30	1	116.25688	743.70799	35.66972	752.43067
79	31	0	719.55046	566.88581	928.69725	583.46819
79	31	1	899.66055	571.29038	1088.99083	584.78956
79	32	0	837.03670	391.90865	143.55963	450.31485
79	32	1	1476.15596	684.83687	576.61468	708.07504
79	33	0	1719.19266	660.44698	1184.35780	689.38662
79	33	1	1341.33945	741.65905	990.05505	763.93148
79	34	0	1860.55046	1033.31158	1396.35780	1061.50082
79	34	1	1511.77982	1027.58564	1192.02752	1057.53670
80	0	0	1535.85321	809.19576	317.89908	829.06525
80	0	1	1410.78899	778.80424	434.59633	797.35237
80	1	0	512.82569	278.28222	183.19266	322.94617
80	1	1	611.90826	444.33442	266.35780	476.25285
80	2	0	1267.82569	444.87439	1049.53211	457.69657
80	2	1	1421.95413	452.36215	1205.86239	460.77977
80	3	0	998.42202	389.21697	300.77982	422.61011
80	3	1	1205.83486	238.14029	539.45872	265.36705
80	4	0	1315.01835	264.62480	1000.94495	276.66069
80	4	1	1450.65138	255.37520	1070.08257	264.32790
80	5	0	1368.55046	690.22023	901.41284	710.91028
80	5	1	1607.66972	720.17129	1037.48624	742.62316
80	6	0	1231.83486	113.63785	1257.19266	111.87602
80	6	1	1342.80734	92.05546	1373.88991	82.80587
80	7	0	1470.78899	347.04078	1430.86239	346.16150
80	7	1	1616.55046	340.87439	1562.97248	336.47145
80	8	0	1449.92661	768.67210	1027.69725	792.59869
80	8	1	1672.31193	802.58728	1214.41284	829.59706
80	9	0	1022.57798	629.17292	911.48624	645.33931
80	9	1	1127.38532	650.75530	983.70642	666.48124
80	10	0	1173.06422	218.26917	1036.60550	229.56444
80	10	1	1299.00917	272.00489	1192.93578	276.69331
80	11	0	1335.30275	363.96737	1254.80734	369.94617
80	11	1	1466.97248	362.64600	1364.01835	365.98206
80	12	0	357.41284	346.54160	215.22936	385.61175
80	12	1	541.92661	317.47145	355.26606	353.89886
80	13	0	1458.95413	639.25612	1148.44954	658.50571
80	13	1	1614.84404	677.13540	1235.64220	698.58728
80	14	0	699.66972	658.98206	789.15596	674.22023
80	14	1	802.27523	622.86460	878.55046	638.54323
80	15	0	1535.29358	183.23165	1226.07339	183.23002
80	15	1	1710.11927	184.55302	1337.04587	179.26591
80	16	0	1292.10092	994.11093	422.77064	1010.40783
80	16	1	1730.20183	1005.12235	781.69725	1031.10930
80	17	0	1609.91743	485.74715	1448.66972	491.81566
80	17	1	1758.82569	487.59869	1552.15596	490.05383
80	18	0	1111.25688	701.86134	980.24771	718.56607
80	18	1	1207.69725	702.30179	1039.25688	721.20881
80	19	0	1551.22936	157.92170	1531.82569	139.62480
80	19	1	1686.86239	132.37520	1652.92661	107.91191
80	20	0	1558.63303	224.77977	1744.29358	198.54323
80	20	1	1643.18349	253.40946	1849.54128	224.97064
80	21	0	1632.17431	212.44698	1793.17431	185.32953
80	21	1	1732.13761	226.10114	1908.99083	190.61501
80	22	0	413.28440	529.58891	244.30275	554.49103
80	22	1	510.00000	548.46982	375.53211	570.78793
80	23	0	576.98165	101.74551	153.68807	151.22023
80	23	1	566.16514	301.51876	114.05505	344.19576
80	24	0	228.99083	529.87439	127.70642	557.04078
80	24	1	391.04587	527.67210	273.02752	555.71941
80	25	0	1452.12844	521.89560	1288.42202	534.58564
80	25	1	1570.58716	460.67210	1432.86239	465.87439
80	26	0	1545.24771	457.38173	1208.69725	465.13540
80	26	1	1504.73394	352.55302	1221.90826	356.78303
80	27	0	960.24771	593.55302	755.04587	610.49266
80	27	1	1087.07339	616.01631	897.28440	633.83687
80	28	0	535.43119	553.41109	379.87156	574.70799
80	28	1	411.24771	539.75693	237.19266	565.45840
80	29	0	1366.80734	701.84992	1132.30275	722.04078
80	29	1	1231.61468	669.25612	977.73394	687.68515
80	30	0	398.99083	669.95759	144.88073	687.92170
80	30	1	325.00917	723.25285	14.97248	740.33605
80	31	0	1436.56881	575.64763	1345.47706	584.93475
80	31	1	1510.99083	549.22023	1451.16514	561.15008
80	32	0	1330.44037	506.93638	1133.14679	519.25285
80	32	1	1405.30275	539.53018	1167.49541	553.60848
80	33	0	1747.81651	676.37194	1477.43119	692.67210
80	33	1	1614.38532	696.63295	1308.77064	718.21860
80	34	0	1434.53211	129.49429	1385.29358	119.36378
80	34	1	1577.65138	173.98042	1504.63303	160.76672
80	35	0	203.88991	744.15008	290.22018	751.77814
80	35	1	372.99083	741.50734	429.37615	752.65905
80	36	0	876.82569	728.10114	909.93578	742.98206
80	36	1	758.80734	743.95759	815.25688	756.19576
80	37	0	159.85321	669.46819	192.22018	682.77814
80	37	1	339.52294	652.73083	324.77064	671.76672
80	38	0	1347.65138	383.69657	1692.77064	376.74388
80	38	1	1393.88991	379.29201	1738.56881	371.89886
80	39	0	1434.26606	459.80261	1826.65138	453.38499
80	39	1	1486.66972	454.07667	1887.42202	447.65905
80	40	0	1369.97248	454.07667	1727.56881	453.82545
80	40	1	1423.69725	449.23165	1791.86239	447.21860
80	41	0	1266.85321	884.36052	1000.44037	906.01958
80	41	1	1310.01835	988.22675	1015.89908	1013.18108
80	42	0	1013.28440	554.36215	951.59633	571.02610
80	42	1	801.94495	504.00489	765.32110	523.89723
80	43	0	1443.44954	740.76509	1370.26606	761.87276
80	43	1	1333.79817	671.17292	1267.22018	688.31648
80	44	0	1705.98165	748.10114	1676.35780	771.17292
80	44	1	1637.28440	706.69821	1584.76147	729.32953
80	45	0	828.95413	676.12724	666.52294	689.48124
80	45	1	979.11927	722.37520	784.98165	737.93148
80	46	0	940.99083	994.11093	259.77064	1002.47961
80	46	1	1212.62385	1065.90538	524.31193	1078.23817
80	47	0	692.47706	683.53670	783.38532	695.39315
80	47	1	971.66972	710.84502	1063.85321	726.68352
80	48	0	1370.08257	631.72920	987.86239	650.81566
80	48	1	1174.55963	579.31485	797.18349	597.96085
80	49	0	364.10092	393.76672	64.29358	433.62153
80	49	1	560.06422	248.85644	246.60550	294.43719
80	50	0	1664.41284	758.44372	1125.50459	784.38662
80	50	1	1612.44954	441.10930	1047.75229	454.64763
80	51	0	1294.66972	464.63785	869.00000	482.45840
80	51	1	1524.93578	497.68352	1047.34862	511.96900
80	52	0	1236.72477	481.13377	1333.84404	490.63622
80	52	1	1395.69725	448.09951	1488.85321	452.75693
80	53	0	1604.14679	645.62480	1818.71560	662.80424
80	53	1	1472.91743	658.39804	1668.55046	675.13703
80	54	0	1480.05505	444.08809	1484.21101	449.37357
80	54	1	603.99083	3.52365	36.99083	58.58075
80	55	0	1163.26606	644.14845	885.46789	660.51713
80	55	1	1545.67890	759.81077	1134.43119	782.46493
80	56	0	557.74312	615.19576	349.94495	635.54323
80	56	1	301.78899	732.58728	217.83486	742.57423
82	0	0	1517.19266	886.87439	246.16514	910.89723
82	0	1	1601.74312	877.18434	331.15596	906.49266
82	1	0	557.62385	699.17292	893.19266	684.24470
82	1	1	593.73394	696.97064	925.77982	682.48287
82	2	0	467.13761	661.58891	814.67890	647.14845
82	2	1	420.45872	643.08972	775.04587	626.00653
82	3	0	717.26606	729.52692	1011.07339	716.49266
82	3	1	754.69725	726.00326	1056.87156	716.49266
82	4	0	1109.22936	910.49429	981.13761	917.91191
82	4	1	792.22018	922.01631	667.82569	910.58891
82	5	0	228.60550	742.57586	114.93578	716.79119
82	5	1	355.87156	735.96900	269.94495	716.35073
82	6	0	1056.66972	632.17129	938.42202	636.63622
82	6	1	1211.67890	607.50571	1072.29358	615.93475
82	7	0	390.53211	772.97064	65.17431	750.91028
82	7	1	584.29358	784.86297	299.44954	770.73083
82	8	0	381.99083	884.18434	292.74312	852.36378
82	8	1	547.33945	873.00489	448.63303	851.04241
82	9	0	36.11009	858.89070	43.15596	810.93801
82	9	1	615.63303	833.34421	677.28440	813.58075
82	10	0	1474.97248	799.93312	1426.60550	832.92007
82	10	1	1265.79817	813.14682	1211.70642	832.92007
82	11	0	1551.74312	836.11093	1290.29358	870.46982
82	11	1	1845.46789	821.13540	1513.11927	866.50571
82	12	0	1585.11009	433.13540	1533.41284	438.83850
82	12	1	1752.66055	424.17292	1705.07339	426.70799
82	13	0	571.96330	696.67047	622.58716	683.02936
82	13	1	231.43119	768.16803	267.54128	739.45677
82	14	0	1477.87156	991.02773	1259.00000	1036.83524
82	14	1	998.29358	1058.85808	726.22018	1057.97716
82	15	0	104.80734	948.74388	0.88073	895.91028
82	15	1	599.77982	970.76672	493.10092	942.57749
82	16	0	950.87156	343.61175	1328.40367	333.18434
82	16	1	1025.73394	358.58728	1401.94495	347.27896
82	17	0	1308.48624	149.89886	1291.90826	131.80424
82	17	1	1417.08257	181.62316	1463.65138	158.23165
82	18	0	1910.75229	438.15987	1694.09174	452.21860
82	18	1	1585.76147	370.76998	1475.66972	376.90049
82	19	0	1529.83486	677.31974	1422.38532	703.34421
82	19	1	1645.21101	684.36705	1547.44954	710.39152
82	20	0	1548.33028	440.29527	1618.78899	445.48777
82	20	1	1672.51376	447.34258	1778.20183	449.01142
84	0	0	1353.69725	758.14029	500.65138	780.67210
84	0	1	1469.07339	798.22186	373.82569	823.39641
84	1	0	683.88073	396.70799	633.01835	428.12235
84	1	1	841.53211	417.40946	786.26606	440.89560
84	2	0	1678.23853	506.93148	1785.68807	504.91843
84	2	1	1528.95413	508.25285	1618.78899	509.32300
84	3	0	1645.16514	46.24796	1455.06422	16.73736
84	3	1	1454.92661	72.67537	1259.98165	64.30669
84	4	0	1059.64220	306.21860	919.83486	323.48124
84	4	1	898.02752	295.20718	753.37615	320.83850
84	5	0	1831.92661	270.53834	1587.79817	253.26264
84	5	1	1618.34862	300.92985	1367.26606	294.40783
84	6	0	1705.98165	142.70799	1494.46789	117.16150
84	6	1	1872.44037	181.90865	1625.69725	150.19576
84	7	0	1879.92661	241.21860	1807.80734	205.58891
84	7	1	1752.66055	251.78956	1627.25688	226.29038
84	8	0	1593.86239	793.23165	1402.26606	817.54976
84	8	1	1906.34862	826.23165	1660.56881	858.73083
84	9	0	1361.63303	394.30343	1730.64220	377.72104
84	9	1	1439.57798	420.73083	1826.20183	396.66069
84	10	0	149.40367	272.33768	255.01835	336.69494
84	10	1	325.99083	293.92007	430.72477	345.50408
84	11	0	687.43119	303.42251	810.32110	332.89560
84	11	1	817.77982	306.50571	943.31193	327.16966
84	12	0	419.22936	295.98695	158.53211	343.55628
84	12	1	1461.13761	767.96411	958.73394	777.51223
84	13	0	1541.65138	684.18434	1466.23853	701.02610
84	13	1	1282.22936	661.35073	1226.39450	688.88581
84	14	0	1524.29358	678.06525	1446.47706	688.09951
84	14	1	1288.31193	735.27896	1159.44037	757.15987
84	15	0	348.41284	310.53181	475.27523	358.77977
84	15	1	476.11927	323.30506	578.76147	362.74388
84	16	0	1833.68807	417.20718	1874.20183	401.78956
84	16	1	1664.58716	400.02936	1701.57798	385.05220
84	17	0	1484.36697	417.64600	1683.55963	407.27569
84	17	1	1618.23853	403.55139	1846.89908	380.46819
84	18	0	1215.42202	526.74388	1087.66972	542.76835
84	18	1	1383.20183	558.01631	1236.07339	574.48124
84	19	0	712.02752	453.88581	521.33028	478.74388
84	19	1	895.22018	393.54323	647.27523	420.16313
84	20	0	843.53211	582.74715	461.88991	607.74225
84	20	1	1053.47706	717.24307	667.31193	739.23980
84	21	0	1393.86239	462.77977	1416.13761	460.96900
84	21	1	1271.44037	418.73409	1294.59633	417.80424
84	22	0	960.06422	689.73409	516.14679	709.54323
84	22	1	820.90826	661.10440	286.71560	676.06852
84	23	0	920.83486	570.15824	681.65138	591.93312
84	23	1	1122.52294	504.08972	847.66972	522.34095
84	24	0	755.22018	720.64763	341.71560	735.19576
84	24	1	570.26606	596.87928	110.09174	627.67210
84	25	0	183.61468	513.47961	193.32110	548.62480
84	25	1	333.33945	491.01631	332.03670	527.04241
84	26	0	1246.62385	302.75367	709.10092	326.98206
84	26	1	977.06422	298.28222	502.84404	338.22023
84	27	0	1247.18349	182.78956	1451.67890	167.11256
84	27	1	1344.06422	177.06362	1562.65138	149.49429
84	28	0	191.66055	289.29364	121.98165	343.02936
84	28	1	374.41284	346.11256	304.73394	395.88418
84	29	0	609.55963	124.20881	932.93578	159.74388
84	29	1	750.03670	134.77977	1073.41284	160.62480
85	0	0	1296.58716	756.49429	665.83486	782.25122
85	0	1	1680.58716	741.07830	1106.20183	768.15661
85	1	0	505.00917	686.58564	821.41284	698.79119
85	1	1	558.73394	684.82382	865.88991	700.11256
85	2	0	1033.97248	415.95432	752.11927	439.05057
85	2	1	661.00000	417.20718	363.28440	447.17292
85	3	0	1143.53211	814.28222	898.28440	833.53018
85	3	1	836.15596	771.99837	543.03670	783.29038
85	4	0	1664.14679	845.90701	1591.96330	880.20718
85	4	1	1834.12844	832.25285	1701.61468	870.95759
85	5	0	728.32110	912.64927	82.78899	930.24470
85	5	1	1200.81651	1053.13214	496.05505	1070.30995
85	6	0	1647.80734	949.07667	1027.98165	974.73083
85	6	1	1226.39450	900.94780	569.17431	914.61175
85	7	0	999.04587	896.46819	474.87156	907.27896
85	7	1	1395.49541	984.94290	848.19266	1008.20555
85	8	0	1511.05505	1013.17945	970.66055	1040.35889
85	8	1	1120.66972	952.70799	552.77982	966.36215
85	9	0	727.97248	676.36215	630.08257	694.46819
85	9	1	415.88991	727.81240	289.67890	741.01794
85	10	0	1350.43119	1020.97879	984.86239	1046.08483
85	10	1	1847.33945	808.74062	1566.69725	850.20718
85	11	0	263.32110	521.11419	345.25688	548.49266
85	11	1	562.45872	558.36215	583.49541	579.76509
85	12	0	1479.57798	664.32463	250.16514	687.92007
85	12	1	1879.04587	427.30343	382.44037	453.32953
85	13	0	1044.74312	275.87765	458.11927	304.15987
85	13	1	1138.98165	431.35889	633.33945	448.00816
85	14	0	1047.46789	624.23002	587.84404	645.33931
85	14	1	862.95413	563.44698	348.22936	587.00489
85	15	0	1361.10092	738.81729	823.87156	762.06525
85	15	1	1461.34862	419.18434	826.04587	422.30343
85	16	0	1130.89908	381.39804	656.10092	405.33605
85	16	1	1374.42202	366.86297	850.30275	389.03915
85	17	0	1296.28440	642.33768	682.06422	668.49429
85	17	1	1174.27523	480.89886	464.53211	503.26754
85	18	0	1546.06422	410.85971	939.25688	436.55302
85	18	1	1689.68807	214.19576	899.46789	227.81566
85	19	0	1093.85321	602.31485	282.71560	639.01794
85	19	1	713.32110	661.32626	14.53211	691.43230
85	20	0	1101.09174	754.47961	618.20183	772.27896
85	20	1	918.33945	686.20881	393.61468	705.76998
85	21	0	1237.47706	596.87113	671.78899	615.38662
85	21	1	1478.35780	487.63785	891.97248	491.61827
85	22	0	944.08257	589.92170	270.97248	614.21860
85	22	1	1284.55963	562.57749	479.26606	567.53018
85	23	0	1332.51376	1020.09788	864.94495	1044.76346
85	23	1	1472.11009	901.61501	1045.93578	926.28059
85	24	0	945.90826	643.72104	498.82569	654.35073
85	24	1	1104.88073	728.28874	675.41284	746.40620
85	25	0	1361.73394	345.32626	681.58716	358.78956
85	25	1	1635.08257	103.94780	798.56881	119.36378
85	26	0	1571.74312	251.50408	1487.11927	240.57586
85	26	1	1721.46789	201.73246	1655.77982	191.24470
85	27	0	1546.36697	910.17292	718.63303	948.18434
85	27	1	1242.85321	1027.14519	481.81651	1054.89396
85	28	0	1115.64220	92.93638	479.92661	130.81566
85	28	1	1032.41284	60.34258	244.33028	106.15008
85	29	0	1355.73394	527.28059	1025.74312	545.19739
85	29	1	1581.64220	496.88907	1202.33028	516.56770
85	30	0	1413.15596	901.73083	1124.28440	933.46982
85	30	1	1307.02752	907.45677	965.31193	932.14845
85	31	0	1778.64220	223.12398	882.88073	235.88581
85	31	1	1606.98165	0.88091	615.52294	18.93964
85	32	0	623.54128	791.47798	292.92661	795.23002
85	32	1	815.98165	750.95595	496.37615	766.60033
85	33	0	843.79817	278.70636	253.65138	300.82708
85	33	1	945.12844	479.27896	448.48624	486.13703
85	34	0	957.25688	1028.46656	349.73394	1030.22838
85	34	1	1144.41284	986.62316	579.25688	1000.71778
87	0	0	1546.66972	802.04078	462.92661	823.92170
87	0	1	1422.04587	761.95922	568.61468	783.39967
87	1	0	1879.04587	589.43393	1720.65138	592.24144
87	1	1	1820.03670	605.73083	1570.92661	611.18108
87	2	0	975.62385	618.45840	999.63303	633.68352
87	2	1	1093.20183	610.53018	1125.57798	623.99347
87	3	0	705.79817	561.09951	919.32110	577.31485
87	3	1	785.06422	553.61175	997.70642	569.82708
87	4	0	1421.18349	587.48124	1826.64220	596.19576
87	4	1	1282.46789	592.32626	1648.29358	594.87439
87	5	0	1086.03670	711.88581	897.81651	725.22023
87	5	1	1401.16514	697.83850	1292.55963	720.02773
87	6	0	1290.02752	588.60033	444.51376	606.82708
87	6	1	1530.50459	476.15171	1004.16514	487.74551
87	7	0	440.10092	401.60196	162.23853	440.02936
87	7	1	849.55963	378.17129	621.76147	407.32790
87	8	0	1336.72477	519.12398	863.67890	535.46982
87	8	1	1607.56881	527.67374	1279.83486	537.52855
87	9	0	1338.39450	430.14356	1102.02752	434.78793
87	9	1	1623.63303	371.80261	1502.19266	356.68515
87	10	0	1470.96330	527.68352	1694.53211	525.12398
87	10	1	1385.97248	527.24307	1607.33945	528.20718
87	11	0	847.17431	678.62316	821.92661	693.68189
87	11	1	939.21101	657.48124	951.39450	671.65905
87	12	0	1490.31193	751.25449	1213.19266	766.80098
87	12	1	1561.65138	692.23328	1388.01835	706.01794
87	13	0	1769.22018	695.59869	1494.76147	708.38662
87	13	1	1493.11009	643.62480	1280.33028	659.67374
87	14	0	1557.19266	546.02936	1828.84404	542.84013
87	14	1	1415.83486	567.17129	1645.21101	571.29038
87	15	0	488.55963	482.20718	782.22018	507.62153
87	15	1	565.18349	481.76672	857.08257	504.09788
87	16	0	1132.60550	673.77977	1121.73394	692.94617
87	16	1	1369.52294	683.91028	1390.79817	706.15987
87	17	0	690.16514	740.27896	860.47706	759.81566
87	17	1	824.03670	718.69657	974.09174	734.26917
87	18	0	1438.22936	677.35073	1458.05505	694.81403
87	18	1	1610.41284	685.27896	1713.02752	700.98042
87	19	0	1067.88073	668.34910	899.10092	685.95595
87	19	1	1332.10092	638.83850	1132.93578	657.32626
87	20	0	1318.88991	687.18271	1339.00917	696.46982
87	20	1	1525.86239	677.49266	1615.55963	695.58891
87	21	0	504.89908	826.37357	309.44037	836.64763
87	21	1	1470.66972	706.42251	1300.44954	718.40946
88	0	0	1352.56881	767.38989	500.93578	781.43393
88	0	1	1464.86239	807.91191	374.99083	825.92007
88	1	0	1528.16514	648.81403	1401.18349	665.85155
88	1	1	1672.93578	689.81566	1480.00917	703.29038
88	2	0	1502.45872	590.38173	928.16514	606.38499
88	2	1	1008.45872	524.83687	494.04587	545.48124
88	3	0	214.18349	421.41762	208.83486	452.36215
88	3	1	531.68807	430.66721	506.08257	460.73083
88	4	0	592.96330	444.86297	107.00917	475.50571
88	4	1	967.39450	451.37194	551.40367	471.55465
88	5	0	1349.40367	403.89723	1123.41284	407.29038
88	5	1	1674.60550	389.62316	1482.90826	365.77977
88	6	0	1310.66972	641.56281	1136.75229	652.86134
88	6	1	927.02752	493.32463	975.17431	505.15987
88	7	0	1280.22018	585.27896	1015.51376	598.89723
88	7	1	332.16514	663.73246	213.70642	689.93312
88	8	0	785.48624	595.23165	702.05505	614.70799
88	8	1	1259.72477	628.93312	1309.36697	642.39804
88	9	0	792.59633	568.01958	775.58716	589.69821
88	9	1	1598.36697	695.22023	1568.50459	710.65905
88	10	0	1689.11927	444.46982	1350.32110	445.26591
88	10	1	1476.42202	442.70799	1149.95413	444.38499
88	11	0	1665.90826	360.48287	669.73394	369.70962
88	11	1	1281.05505	443.69657	430.17431	467.93148
88	12	0	1238.80734	583.95595	456.41284	601.00489
88	12	1	927.78899	514.32463	142.67890	540.88744
88	13	0	544.11927	489.01631	142.67890	531.59869
88	13	1	736.11927	478.00489	323.22936	502.08809
88	14	0	1631.54128	701.26591	715.17431	722.84666
88	14	1	1292.37615	625.91191	505.50459	648.07504
88	15	0	1308.79817	267.00489	1027.16514	272.63458
88	15	1	1154.66972	269.20718	944.81651	275.71778
88	16	0	1657.10092	579.36052	1636.40367	581.03100
88	16	1	1786.12844	587.72920	1806.82569	591.16150
88	17	0	1399.00000	530.95269	1394.73394	530.91191
88	17	1	1308.72477	493.07341	1325.15596	493.03263
88	18	0	1782.16514	500.02773	681.47706	515.06362
88	18	1	1449.68807	407.53181	533.51376	415.52039
88	19	0	1304.42202	755.56444	882.00917	766.45351
88	19	1	1277.33028	521.22186	860.87156	549.30832
88	20	0	1750.66055	591.49755	1157.95413	604.07341
88	20	1	1486.31193	496.84013	1010.12844	504.07830
88	21	0	1235.33945	431.16150	966.40367	440.50408
88	21	1	1448.47706	443.05383	1138.58716	447.55139
88	22	0	1531.93578	684.23980	1132.23853	695.49266
88	22	1	1305.14679	582.05383	907.65138	593.30669
88	23	0	729.45872	622.05383	442.33945	636.34095
88	23	1	526.15596	640.39804	251.66055	657.92333
88	24	0	1569.89908	316.01631	958.92661	327.45514
88	24	1	1775.11927	101.74551	1178.63303	100.67537
88	25	0	1530.24771	240.14682	919.22018	258.05220
88	25	1	1339.12844	209.31485	595.52294	220.12235
88	26	0	738.18349	188.95595	273.10092	230.39478
88	26	1	916.97248	162.96900	520.14679	196.47961
88	27	0	1232.58716	79.72268	1116.88991	83.24633
88	27	1	1097.83486	15.41599	981.69725	31.71289
88	28	0	1518.81651	310.81566	998.66055	317.77651
88	28	1	1292.46789	238.58075	793.88991	253.02936
88	29	0	764.27523	311.94127	413.90826	353.44372
88	29	1	627.76147	171.87602	302.05505	222.18760
88	30	0	1796.69725	743.26754	1511.61468	757.46982
88	30	1	1604.25688	663.98532	1410.33028	679.06852
88	31	0	1210.08257	420.94454	903.50459	433.18108
88	31	1	999.58716	364.25775	721.19266	386.05220
88	32	0	1124.26606	500.23165	761.00917	517.35237
88	32	1	957.80734	518.29038	623.17431	534.08972
88	33	0	732.34862	946.68352	133.87156	958.43393
88	33	1	656.06422	742.27896	402.05505	762.00489
88	34	0	466.68807	507.61175	287.38532	539.68189
88	34	1	630.06422	438.90049	455.60550	472.29201
88	35	0	1356.66055	544.99021	1245.21101	552.50408
88	35	1	1486.56881	504.90865	1390.09174	505.81566
88	36	0	437.81651	278.61175	608.55963	318.63622
88	36	1	1087.17431	226.96900	987.80734	231.23328
88	37	0	914.66972	533.15824	1131.56881	544.32626
88	37	1	1120.32110	524.78956	1337.22018	529.79119
88	38	0	740.94495	542.45677	907.99083	572.07830
88	38	1	887.14679	546.86134	1102.19266	558.86460
88	39	0	741.50459	529.96900	914.43119	546.26917
88	39	1	533.99083	540.94617	711.42202	563.00653
88	40	0	1000.01835	526.61338	1117.20183	535.72104
88	40	1	1269.50459	542.70799	1412.18349	547.68352
88	41	0	1058.59633	185.43230	1195.63303	187.96900
88	41	1	895.66055	198.20555	1039.30275	211.31321
88	42	0	1919.55963	929.58891	1374.70642	940.07667
88	42	1	1350.13761	935.55302	724.99083	946.48124
89	0	0	1417.34862	762.98532	451.41284	784.67210
89	0	1	1539.33028	793.81729	322.38532	816.82545
89	1	0	1918.23853	369.58238	1914.71560	354.12724
89	1	1	1796.69725	404.81892	1745.61468	403.45840
89	2	0	1220.01835	369.44046	1199.33028	380.58238
89	2	1	1323.94495	347.41762	1324.39450	355.91680
89	3	0	1653.13761	355.58401	1607.33945	354.10604
89	3	1	1505.17431	398.74878	1457.61468	406.07993
89	4	0	1292.74312	377.10440	1182.26606	387.67700
89	4	1	1448.63303	338.34421	1338.15596	342.75041
89	5	0	1623.19266	240.48940	1598.53211	230.79935
89	5	1	1770.27523	214.94290	1771.15596	192.92007
89	6	0	1831.04587	323.29527	1778.20183	307.43883
89	6	1	1675.15596	369.10277	1642.56881	366.46003
89	7	0	1332.19266	473.26264	1464.31193	481.91028
89	7	1	1123.01835	431.41925	1282.00000	439.18597
89	8	0	1414.43119	329.63295	1146.88991	336.44046
89	8	1	1666.32110	356.94127	1424.32110	364.62969
89	9	0	1279.13761	632.36052	1318.93578	653.15987
89	9	1	1409.04587	609.01631	1445.32110	626.29201
89	10	0	1277.99083	433.12398	1391.08257	441.68189
89	10	1	1384.11927	447.21860	1507.77982	452.69331
89	11	0	1491.55963	734.01958	1005.32110	756.27732
89	11	1	1046.32110	519.66069	588.70642	542.84992
89	12	0	232.51376	776.51060	51.96330	778.48777
89	12	1	659.66972	740.39315	420.11009	748.53670
89	13	0	1361.49541	708.44209	1210.44037	730.37031
89	13	1	1529.71560	749.84502	1389.22936	777.05873
89	14	0	1191.06422	660.07830	1195.24771	662.48940
89	14	1	1014.03670	634.53181	1035.83486	651.03752
89	15	0	917.25688	619.60685	967.26606	639.25122
89	15	1	1023.82569	612.55954	1068.55046	627.79935
89	16	0	1012.76147	763.98858	864.82569	780.03263
89	16	1	586.48624	697.92007	428.03670	702.72757
89	17	0	1144.95413	1027.14519	847.55046	1054.45351
89	17	1	1035.74312	766.39478	868.40367	792.82219
89	18	0	183.19266	657.29527	210.49541	668.60685
89	18	1	384.88073	605.32137	431.55963	618.39478
89	19	0	1385.03670	494.08320	1656.66055	502.46330
89	19	1	1455.49541	503.77325	1728.00000	510.39152
89	20	0	955.12844	777.25122	548.12844	780.48777
89	20	1	692.66972	691.80261	334.99083	702.96737
90	0	0	300.34862	875.39967	1557.13761	854.01958
90	0	1	432.45872	838.40131	1429.59633	820.99184
90	1	0	1255.66055	275.29201	1281.47706	284.87439
90	1	1	1127.95413	323.74225	1167.86239	329.36052
90	2	0	1422.54128	229.63785	1510.11927	244.94617
90	2	1	1280.74312	286.01631	1386.81651	294.27732
90	3	0	959.86239	610.53018	1144.88073	605.88418
90	3	1	806.17431	627.70799	1005.72477	628.78793
90	4	0	698.37615	569.87439	787.58716	575.44535
90	4	1	798.33945	601.58728	912.21101	605.39641
90	5	0	923.61468	237.61011	1343.04587	235.45677
90	5	1	1017.85321	103.71126	1515.22936	105.96248
90	6	0	1137.88073	511.12398	1335.12844	507.75530
90	6	1	1009.29358	499.67210	1182.32110	498.50571
90	7	0	619.95413	458.32790	785.40367	457.36215
90	7	1	758.22936	495.76672	937.33028	494.36052
90	8	0	350.05505	309.63785	608.79817	295.25612
90	8	1	523.11927	387.15824	780.98165	380.70473
90	9	0	947.48624	307.55302	1046.22936	311.12887
90	9	1	846.64220	378.46656	910.59633	384.24470
90	10	0	1406.14679	206.76835	1308.68807	226.79282
90	10	1	1313.22936	251.25449	1232.94495	266.43393
90	11	0	1772.47706	707.06525	1874.20183	679.38662
90	11	1	1604.25688	746.26591	1719.63303	719.90865
90	12	0	1663.90826	554.74388	1857.90826	551.20555
90	12	1	1472.81651	623.54976	1704.66055	602.29853
90	13	0	1611.60550	394.41109	1787.88991	395.49918
90	13	1	1416.08257	450.34910	1614.82569	447.47308
90	14	0	698.36697	176.18271	981.78899	171.08972
90	14	1	568.89908	104.82871	815.33028	91.80750
90	15	0	612.05505	222.43067	905.16514	211.61175
90	15	1	495.35780	189.39641	723.29358	173.29201
90	16	0	1378.00917	103.06688	1671.19266	118.04241
90	16	1	1130.96330	163.84992	1421.79817	171.77814
90	17	0	782.66972	667.66069	939.83486	668.76835
90	17	1	664.65138	706.86134	798.47706	712.81403
90	18	0	1408.60550	300.88744	1633.58716	307.05383
90	18	1	1221.00917	362.55139	1442.02752	362.55139
90	19	0	1099.56881	217.71941	1326.07339	225.91028
90	19	1	1229.91743	174.11419	1510.14679	184.06688
90	20	0	1291.24771	654.24470	1480.83486	638.04078
90	20	1	1186.00000	685.95759	1334.63303	675.92007
90	21	0	1044.65138	498.17129	1276.24771	495.02773
90	21	1	932.35780	492.88581	1099.22018	493.26591
90	22	0	911.33028	410.40946	799.47706	416.04241
90	22	1	816.65138	462.38336	684.98165	469.77814
90	23	0	1483.48624	242.10114	1634.60550	255.60033
90	23	1	1361.06422	274.25449	1480.47706	285.55139
90	24	0	1308.32110	310.95759	1579.84404	314.84013
90	24	1	1183.25688	347.07504	1390.48624	349.63622
90	25	0	331.10092	420.80424	448.97248	418.62316
90	25	1	227.61468	446.35073	287.94495	449.43556
90	26	0	874.99083	388.82871	1383.55046	383.31485
90	26	1	652.16514	460.18271	1159.40367	449.38336
90	27	0	463.26606	552.49266	475.88073	562.58891
90	27	1	346.12844	602.26427	329.67890	615.44372
90	28	0	1195.26606	556.88744	1439.14679	550.32790
90	28	1	1077.68807	603.57586	1266.08257	598.77814
90	29	0	467.70642	359.59706	512.53211	351.43230
90	29	1	308.21101	410.46982	350.91743	406.48940
90	30	0	23.77982	240.69494	897.08257	221.44535
90	30	1	484.14679	233.60033	1268.66972	214.79445
90	31	0	969.78899	38.31974	1516.52294	43.60522
90	31	1	817.42202	118.04241	1292.81651	114.07830
90	32	0	883.94495	590.87439	1186.31193	583.22023
90	32	1	745.66972	589.99347	993.87156	587.62480
90	33	0	962.99083	525.16803	1482.62385	516.27732
90	33	1	881.96330	532.21533	1276.07339	527.86460
90	34	0	822.24771	265.10114	1473.43119	255.75530
90	34	1	685.29358	344.38336	1204.04587	335.73083
90	35	0	481.21101	375.86134	802.30275	371.75530
90	35	1	312.55046	383.34910	661.82569	371.75530
90	36	0	423.23853	575.45351	631.66972	576.17129
90	36	1	515.27523	583.82219	775.66972	586.74225
90	37	0	866.30275	557.57586	875.00000	561.75530
90	37	1	957.45872	539.95759	976.72477	541.49429
90	38	0	919.03670	874.49266	1142.94495	866.99347
90	38	1	976.72477	896.07504	1257.00000	886.37357
90	39	0	1650.92661	468.59869	1380.42202	476.44698
90	39	1	1572.54128	484.45514	1319.65138	490.54160
90	40	0	527.12844	613.62153	753.73394	616.26754
90	40	1	304.30275	600.56117	464.00917	610.63785
90	41	0	861.83486	530.31158	668.94495	543.63458
90	41	1	655.30275	534.71615	429.82569	545.83687
90	42	0	899.12844	696.07667	756.21101	705.77977
90	42	1	829.55046	715.45677	691.91743	727.36215
90	43	0	1387.50459	446.98206	1244.84404	457.30343
90	43	1	1269.04587	466.36215	1146.20183	474.04078
90	44	0	514.33028	748.55139	473.00000	767.11256
90	44	1	580.82569	707.58891	513.51376	724.38825
90	45	0	1175.11927	660.01305	1080.53211	659.82545
90	45	1	1074.71560	652.52529	978.36697	655.42088
90	46	0	1026.12844	656.78140	973.08257	659.38499
90	46	1	924.40367	633.87765	859.90826	639.12398
90	47	0	949.28440	612.99347	839.63303	620.26754
90	47	1	860.77064	604.18434	749.35780	614.10114
90	48	0	1294.20183	741.25612	1162.30275	730.44698
90	48	1	1246.64220	741.69657	1115.62385	737.05383
90	49	0	922.61468	714.00653	928.00000	717.70799
90	49	1	812.52294	692.42414	795.44954	700.08972
90	50	0	1467.88991	576.72104	1350.54128	573.58891
90	50	1	1568.29358	530.03263	1418.35780	530.86460
90	51	0	1355.59633	572.31648	1277.44037	567.86297
90	51	1	1474.93578	542.36542	1379.60550	540.55465
90	52	0	1647.31193	701.23002	1400.11009	689.86134
90	52	1	1603.71560	642.64927	1343.30275	636.56607
90	53	0	454.36697	418.04241	606.17431	411.63948
90	53	1	806.37615	460.23002	928.45872	461.45840
90	54	0	661.00000	578.08646	323.25688	595.61175
90	54	1	761.84404	559.14682	430.70642	574.02936
90	55	0	836.51376	766.40946	814.75229	771.89723
90	55	1	666.97248	755.39804	600.73394	772.77814
90	56	0	552.62385	728.41436	481.03670	749.10604
90	56	1	633.74312	730.25449	607.31193	745.37520
90	57	0	1372.44954	791.81566	1633.10092	766.07504
90	57	1	1120.20183	800.09951	1296.30275	788.38662
90	58	0	961.43119	764.46982	1109.96330	768.38662
90	58	1	763.62385	754.82545	834.67890	760.24144
90	59	0	519.44037	961.44372	1024.21101	966.25449
90	59	1	1186.34862	883.00326	1247.68807	869.35237
90	60	0	685.33945	548.18271	337.52294	562.52692
90	60	1	964.09174	502.37520	637.85321	514.07667
90	61	0	866.13761	629.46656	752.61468	638.68352
90	61	1	1479.39450	615.13703	1353.48624	610.83850
90	62	0	715.06422	731.87439	819.86239	741.91191
90	62	1	986.60550	862.20718	1184.22018	856.35889
90	63	0	1912.95413	338.12235	1493.20183	366.26591
90	63	1	1765.87156	377.76346	1376.50459	399.30016
90	64	0	1608.46789	508.38662	1177.92661	519.07667
90	64	1	1696.10092	477.99511	1247.94495	489.12561
90	65	0	846.58716	533.98858	1094.32110	531.06688
90	65	1	737.37615	493.02610	930.06422	492.74715
90	66	0	480.33945	593.85971	896.33945	590.08809
90	66	1	353.95413	537.04078	686.53211	533.93475
90	67	0	1118.39450	749.15008	1375.43119	735.08809
90	67	1	1435.17431	966.36215	1829.28440	924.14845
90	68	0	974.00917	428.65742	1051.95413	432.58891
90	68	1	1169.97248	358.18434	1304.72477	362.11582
90	69	0	1163.37615	557.10277	1310.52294	552.94127
90	69	1	1350.09174	504.68842	1475.66055	500.96737
90	70	0	1692.31193	659.95922	1845.03670	636.66558
90	70	1	1430.29358	682.86297	1563.20183	665.73573
90	71	0	139.15596	736.40783	467.33945	755.05220
90	71	1	440.48624	757.07341	787.33945	764.89560
90	72	0	323.35780	645.93148	761.36697	643.37357
90	72	1	407.33028	993.23002	1074.38532	991.25285
90	73	0	932.47706	722.89723	1123.45872	718.00163
90	73	1	1300.60550	657.87439	1486.36697	644.05220
90	74	0	753.29358	462.47961	1086.19266	457.80261
90	74	1	498.32110	357.21044	755.47706	348.17292
90	75	0	1205.66972	637.83687	1231.72477	636.09135
90	75	1	949.81651	661.18108	960.45872	663.84013
90	76	0	850.37615	599.16803	929.02752	600.70473
90	76	1	992.17431	542.78956	1056.73394	550.49266
91	0	0	1497.58716	731.61338	327.19266	719.92170
91	0	1	1579.05505	728.97064	408.22018	723.44535
91	1	0	1096.51376	948.74388	681.87156	934.86297
91	1	1	946.78899	974.29038	485.46789	948.95759
91	2	0	1336.66972	954.94454	1027.70642	960.52855
91	2	1	1386.43119	882.26917	1133.83486	894.46003
91	3	0	797.30275	722.94617	567.65138	696.51713
91	3	1	611.02752	711.05383	413.08257	678.01794
91	4	0	1583.47706	187.53997	515.67890	184.58891
91	4	1	1159.95413	279.44535	169.99083	268.71615
91	5	0	712.30275	882.31648	534.60550	847.17129
91	5	1	829.44037	889.36378	613.43119	862.14682
91	6	0	988.40367	986.62316	450.14679	959.31485
91	6	1	796.84404	983.53997	211.96330	946.98206
91	7	0	1637.24771	611.66884	1255.32110	618.99021
91	7	1	1382.71560	565.86134	1015.32110	563.49266
91	8	0	1624.44954	535.12398	1048.11009	537.07667
91	8	1	1399.86239	458.92496	881.65138	454.71126
91	9	0	1016.74312	379.00489	334.58716	360.54160
91	9	1	1277.38532	272.89886	596.36697	263.73083
91	10	0	769.85321	369.53997	289.32110	351.52855
91	10	1	526.13761	359.81403	51.08257	333.91028
91	11	0	555.77982	316.69657	197.61468	295.36378
91	11	1	764.07339	307.88744	397.10092	291.84013
91	12	0	1012.11927	487.11256	824.63303	472.38662
91	12	1	832.88991	454.95922	660.37615	438.47145
91	13	0	1033.42202	426.61338	681.59633	410.61338
91	13	1	1208.24771	431.01794	887.68807	418.54160
91	14	0	1663.26606	504.95759	1584.28440	509.46982
91	14	1	1776.44037	508.04078	1728.28440	516.07667
91	15	0	1131.22018	642.55465	1006.69725	632.40946
91	15	1	1271.69725	664.13703	1140.12844	662.80098
91	16	0	1036.54128	1026.26427	518.19266	1002.40620
91	16	1	856.87156	923.19739	357.01835	890.97064
91	17	0	1189.66972	178.82545	520.36697	169.13540
91	17	1	956.41284	76.19902	248.28440	67.38989
91	18	0	645.71560	455.78140	197.44037	430.29201
91	18	1	886.59633	495.86297	466.50459	476.53997
91	19	0	1056.88991	849.36215	809.95413	838.20718
91	19	1	941.95413	826.45840	731.12844	806.49429
91	20	0	1588.84404	748.05546	1360.44037	768.43393
91	20	1	1772.47706	779.32790	1494.75229	806.31321
91	21	0	1459.25688	685.31648	570.66972	680.57749
91	21	1	1591.36697	721.87439	840.61468	727.46819
91	22	0	1199.11927	673.58891	1241.48624	671.70636
91	22	1	917.72477	714.11093	973.74312	699.01468
91	23	0	840.57798	1014.81240	453.94495	976.93312
91	23	1	624.79817	961.95759	224.51376	915.26917
91	24	0	1015.60550	459.54160	684.68807	445.84992
91	24	1	848.26606	410.65090	503.77982	392.59054
91	25	0	464.74312	407.37684	74.42202	385.70962
91	25	1	672.59633	437.32790	270.82569	414.77977
91	26	0	620.71560	839.30506	213.13761	797.87113
91	26	1	445.44954	851.63785	12.33028	798.31158
91	27	0	594.83486	655.18108	773.66055	626.60033
91	27	1	787.71560	618.62316	954.65138	600.61338
91	28	0	484.88991	668.35073	772.83486	635.33931
91	28	1	532.88991	663.06525	820.39450	634.45840
91	29	0	847.33028	631.83850	1089.87156	614.14845
91	29	1	783.91743	629.19576	1021.17431	612.38662
91	30	0	1606.91743	1060.17945	1139.80734	1075.59543
91	30	1	477.05505	841.87276	199.04587	797.30179
91	31	0	720.41284	619.69657	965.66972	598.94454
91	31	1	845.03670	637.75530	1085.88991	622.28874
91	32	0	727.82569	790.62480	552.83486	753.91517
91	32	1	1036.96330	739.53181	810.88991	726.60685
91	33	0	881.50459	915.26917	536.34862	889.72268
91	33	1	536.25688	1004.24144	129.44954	952.26754
92	0	0	404.22018	715.22023	1565.52294	717.81566
92	0	1	511.22936	686.15008	1444.57798	687.12561
92	1	0	124.80734	189.94617	285.27523	197.76509
92	1	1	295.66972	187.30343	455.69725	194.24144
92	2	0	871.80734	300.13866	921.22018	314.63785
92	2	1	959.88073	310.70962	1020.30275	324.76835
92	3	0	910.11927	241.99837	923.86239	257.81892
92	3	1	832.17431	260.93801	852.52294	274.99674
92	4	0	552.47706	58.58075	719.51376	66.06852
92	4	1	420.80734	65.18760	568.02752	66.06852
92	5	0	555.25688	191.10114	862.88991	197.57586
92	5	1	361.93578	115.34258	642.70642	121.37684
92	6	0	882.19266	149.75530	825.21101	166.49266
92	6	1	775.18349	143.14845	712.91743	155.92170
92	7	0	909.72477	195.32790	1269.39450	208.81403
92	7	1	1056.36697	221.31485	1421.76147	233.92007
92	8	0	1231.19266	101.74551	1903.70642	106.78140
92	8	1	1044.03670	236.52529	1678.67890	243.32300
92	9	0	164.25688	149.31485	467.31193	156.80261
92	9	1	347.44954	151.95759	639.93578	158.56444
92	10	0	275.66972	252.93312	704.67890	265.89723
92	10	1	24.22018	196.11419	505.63303	209.07830
92	11	0	556.25688	163.35073	826.10092	173.14845
92	11	1	393.32110	106.97227	710.72477	115.88907
92	12	0	759.11927	213.75530	982.34862	225.81403
92	12	1	880.22018	268.37194	1128.55046	280.43067
92	13	0	685.88991	185.87439	872.96330	196.97064
92	13	1	831.65138	171.33931	999.78899	183.75693
92	14	0	480.48624	264.95759	845.88073	280.23165
92	14	1	280.11927	250.86297	705.84404	262.61338
92	15	0	1264.23853	95.52039	1181.30275	119.84176
92	15	1	1357.59633	155.86297	1261.44954	180.62480
92	16	0	1345.19266	437.46819	1536.95413	441.35073
92	16	1	1472.89908	441.43230	1662.01835	440.91028
92	17	0	1225.27523	430.73246	1242.85321	439.77977
92	17	1	1325.23853	432.93475	1349.86239	439.33931
92	18	0	971.77064	158.56444	1070.60550	175.92170
92	18	1	859.91743	91.61501	978.56881	105.88907
92	19	0	845.38532	162.52855	831.04587	177.68352
92	19	1	950.63303	174.86134	948.62385	191.33768
92	20	0	495.61468	277.18434	798.75229	290.50571
92	20	1	290.84404	257.36378	632.29358	269.36378
92	21	0	296.43119	471.47961	967.58716	486.81403
92	21	1	665.40367	403.26427	1294.60550	411.64927
92	22	0	551.63303	282.44372	1450.85321	287.21697
92	22	1	108.81651	296.07504	1200.55963	304.91191
92	23	0	684.70642	369.25612	1067.85321	382.36052
92	23	1	877.58716	374.98206	1200.84404	383.68189
92	24	0	690.68807	144.46982	1339.67890	153.26754
92	24	1	895.01835	40.96248	1466.06422	53.28385
92	25	0	734.19266	105.70962	1376.72477	117.16150
92	25	1	947.33028	11.01142	1513.23853	23.78467
92	26	0	270.91743	242.68352	604.31193	254.87439
92	26	1	481.25688	348.75367	846.22018	364.85155
92	27	0	531.59633	303.04078	1265.06422	310.23002
92	27	1	774.67890	251.94780	1476.00000	259.13703
92	28	0	647.80734	314.23165	285.79817	337.10114
92	28	1	536.39450	328.76672	157.65138	345.91028
92	29	0	1609.43119	130.81566	1305.05505	164.76672
92	29	1	1701.02752	103.06688	1397.53211	144.94617
92	30	0	547.46789	547.30343	1053.72477	562.08809
92	30	1	304.38532	564.04078	851.15596	585.43230
92	31	0	408.04587	102.62643	386.35780	107.03100
92	31	1	259.64220	6.60685	258.65138	1.32137
92	32	0	267.19266	157.24307	266.15596	169.12398
92	32	1	325.32110	58.58075	354.66972	59.45024
92	33	0	1029.46789	305.00163	1011.43119	320.56444
92	33	1	1174.78899	256.99184	1118.44037	274.31648
92	34	0	581.25688	124.20881	564.66055	134.33931
92	34	1	548.66972	4.40457	509.17431	3.96411
92	35	0	703.69725	569.43883	1201.31193	577.13051
92	35	1	315.29358	691.00489	894.81651	715.43393
92	36	0	1136.83486	535.12072	1362.46789	537.26591
92	36	1	1493.01835	465.08646	1715.53211	461.99347
92	37	0	1059.50459	605.83687	1735.92661	596.10114
92	37	1	954.25688	578.52855	1383.95413	580.88418
92	38	0	1224.95413	367.15987	1468.11927	374.72920
92	38	1	1420.03670	316.50734	1619.60550	325.83850
92	39	0	581.16514	331.92170	287.31193	350.99184
92	39	1	632.68807	326.63622	354.68807	344.82545
92	40	0	582.91743	340.87439	334.92661	360.87439
92	40	1	629.21101	333.81403	382.04587	355.14845
92	41	0	926.87156	699.18108	1296.15596	697.70799
92	41	1	1188.44954	644.56444	1701.30275	632.69331
92	42	0	646.46789	113.63785	639.66972	120.24470
92	42	1	474.28440	108.35237	502.84404	111.43556
92	43	0	623.94495	577.89886	1091.42202	590.56444
92	43	1	185.39450	528.40946	865.76147	548.49266
92	44	0	193.11927	210.09788	66.05505	213.62153
92	44	1	376.75229	147.99347	317.50459	151.07667
92	45	0	111.51376	58.58075	144.38532	53.73573
92	45	1	343.14679	75.31811	363.68807	73.99674
92	46	0	441.45872	50.21207	586.90826	51.97390
92	46	1	633.89908	17.17781	824.70642	24.66558
92	47	0	766.76147	73.99674	803.54128	85.88907
92	47	1	1017.33028	77.52039	1047.06422	96.01958
92	48	0	697.89908	372.33768	811.44954	388.44698
92	48	1	456.57798	351.63622	541.50459	369.06688
92	49	0	571.64220	259.19413	921.18349	271.75367
92	49	1	774.21101	212.50571	1246.17431	223.74388
92	50	0	845.04587	499.68352	1257.58716	505.86134
92	50	1	1171.16514	415.79119	1438.13761	421.29364
92	51	0	265.21101	203.67047	445.40367	211.96900
92	51	1	542.18349	293.00326	645.75229	307.82545
92	52	0	1087.91743	580.23980	1370.22018	583.46982
92	52	1	807.40367	485.10114	1037.39450	498.76835
92	53	0	856.98165	73.55628	841.45872	87.21044
92	53	1	1109.75229	70.91354	1067.80734	91.61501
92	54	0	529.51376	166.13866	263.77982	173.08972
92	54	1	426.02752	176.26917	140.91743	178.37520
92	55	0	349.58716	74.43719	273.90826	72.67537
92	55	1	186.21101	45.80750	125.94495	34.79608
92	56	0	532.38532	165.94617	270.43119	171.33768
92	56	1	428.89908	177.83850	144.92661	180.14682
92	57	0	135.45872	213.33768	227.83486	229.14519
92	57	1	432.70642	54.77325	538.73394	54.72431
92	58	0	1470.62385	209.20718	1906.34862	215.57912
92	58	1	1043.17431	236.46819	1422.72477	247.30506
92	59	0	1191.52294	194.68352	976.27523	214.80261
92	59	1	1352.69725	173.10114	1118.51376	196.30343
92	60	0	870.54128	143.58891	911.89908	158.12398
92	60	1	1072.66972	63.86623	1115.34862	85.44861
92	61	0	1369.81651	74.43719	1190.47706	104.57912
92	61	1	1454.80734	98.66232	1269.74312	129.24470
92	62	0	1430.75229	651.12398	1673.39450	636.71778
92	62	1	1029.73394	625.75530	1359.20183	626.53834
93	0	0	278.31193	895.00816	1548.33028	868.58075
93	0	1	369.90826	900.29364	1638.16514	868.58075
93	1	0	1292.22936	552.98206	1171.55046	553.91028
93	1	1	1437.11009	581.17129	1307.62385	575.05220
93	2	0	997.81651	82.80587	976.42202	84.12724
93	2	1	1221.96330	136.10114	1153.88991	150.19576
93	3	0	1457.92661	122.88744	1284.79817	142.70799
93	3	1	1691.32110	141.38662	1474.59633	177.50408
93	4	0	1831.04587	423.05873	1834.56881	423.10604
93	4	1	1633.76147	406.32137	1679.55963	406.36868
93	5	0	1585.32110	389.58401	1499.88991	394.91680
93	5	1	1478.75229	382.53670	1422.38532	386.98858
93	6	0	1344.88073	404.55954	1174.89908	406.36868
93	6	1	1422.38532	395.75041	1264.73394	401.96411
93	7	0	1567.70642	471.51387	1536.00000	461.67537
93	7	1	1655.77982	408.08809	1630.23853	411.46330
93	8	0	780.40367	397.74388	645.66055	397.45840
93	8	1	863.63303	398.62480	716.11927	400.10114
93	9	0	1497.41284	547.58891	1242.23853	550.29201
93	9	1	1636.56881	650.21533	1432.47706	639.26427
93	10	0	831.99083	671.91028	950.56881	673.34095
93	10	1	634.26606	663.54160	690.00000	671.43393
94	0	0	1538.63303	784.96900	402.11927	809.59054
94	0	1	1419.29358	754.13703	515.29358	774.79445
94	1	0	736.21101	658.41109	946.97248	671.66232
94	1	1	556.54128	659.73246	769.50459	672.54323
94	2	0	702.95413	900.29364	596.82569	905.57912
94	2	1	1057.05505	847.84339	982.58716	873.86623
94	3	0	1788.33028	795.73083	1494.53211	827.15498
94	3	1	1574.75229	750.80424	1320.58716	775.18108
94	4	0	1788.97248	778.83850	1651.46789	812.07667
94	4	1	1638.80734	733.47145	1543.57798	757.90049
94	5	0	1531.13761	612.74388	1793.61468	627.33931
94	5	1	1613.04587	618.02936	1884.77064	635.26754
94	6	0	579.81651	434.99347	748.89908	455.54160
94	6	1	797.79817	461.42088	963.79817	476.68352
94	7	0	208.89908	748.98858	414.12844	751.63458
94	7	1	810.79817	740.12398	965.45872	752.85971
94	8	0	123.30275	712.51060	396.67890	715.43883
94	8	1	626.20183	656.13214	818.55046	667.86949
94	9	0	289.18349	333.32626	378.04587	373.01794
94	9	1	41.39450	351.77977	132.55046	397.84992
94	10	0	101.72477	533.39967	300.28440	554.06525
94	10	1	333.35780	537.80424	494.92661	557.14845
94	11	0	263.76147	351.53018	574.42202	386.46982
94	11	1	389.70642	382.80261	688.91743	412.01631
94	12	0	458.97248	634.27896	513.99083	646.94454
94	12	1	217.98165	640.11093	338.28440	655.31321
94	13	0	1069.06422	945.60033	924.63303	963.27896
94	13	1	1346.66055	921.31321	1151.42202	947.42251
94	14	0	890.21101	512.91028	801.90826	529.79282
94	14	1	761.18349	489.12561	679.48624	509.53181
94	15	0	1310.10092	425.09951	1298.93578	433.15824
94	15	1	1151.56881	396.46982	1139.08257	409.37357
94	16	0	323.23853	307.92170	78.38532	348.94290
94	16	1	575.56881	265.63785	310.01835	305.77814
94	17	0	678.05505	193.80098	715.48624	224.63295
94	17	1	527.44954	155.92170	574.56881	192.92007
94	18	0	824.66055	242.82708	779.85321	270.14845
94	18	1	709.28440	236.22023	659.19266	267.06525
94	19	0	1493.47706	521.89886	1699.81651	531.35073
94	19	1	1610.61468	527.18434	1831.48624	538.83850
94	20	0	352.84404	424.99347	472.55963	451.92170
94	20	1	481.87156	342.62806	578.24771	372.19902
94	21	0	708.49541	418.97390	487.99083	457.45024
94	21	1	639.79817	549.78956	358.96330	567.12398
94	22	0	713.77982	474.13703	694.51376	510.25612
94	22	1	650.80734	599.22675	602.47706	622.57259
94	23	0	1273.44037	301.23491	1206.72477	306.55465
94	23	1	1162.46789	366.86297	1128.77982	380.11093
94	24	0	941.18349	374.92333	826.67890	395.05057
94	24	1	1082.10092	358.62643	944.69725	375.23002
94	25	0	1219.77064	628.01468	1075.73394	642.80261
94	25	1	1095.58716	548.73246	962.11927	567.04405
94	26	0	955.36697	732.78956	890.31193	745.97064
94	26	1	840.43119	718.25449	769.21101	733.63785
94	27	0	578.19266	648.61011	304.03670	665.14682
94	27	1	370.33945	594.43393	90.89908	616.25612
94	28	0	645.26606	758.48287	279.63303	780.01468
94	28	1	435.65138	765.53018	60.33028	773.84829
94	29	0	393.00917	538.58728	343.04587	562.51713
94	29	1	259.13761	558.84829	225.46789	581.45677
94	30	0	223.36697	251.70799	125.50459	300.57912
94	30	1	396.43119	331.43067	319.26606	364.88581
94	31	0	285.67890	198.33768	192.88073	259.81403
94	31	1	445.97248	285.54812	317.06422	325.44209
96	0	0	1353.18349	761.86297	574.23853	782.25122
96	0	1	1466.79817	802.38499	465.02752	821.01142
96	1	0	752.00000	348.64600	782.91743	373.37520
96	1	1	611.52294	358.77651	645.96330	392.75530
96	2	0	1120.61468	420.75530	1105.03670	430.51387
96	2	1	1000.83486	405.33931	957.51376	419.06199
96	3	0	491.27523	320.64763	295.44037	364.42251
96	3	1	320.85321	275.72104	79.22018	330.94780
96	4	0	477.00917	356.96900	555.03670	395.63622
96	4	1	578.73394	377.23002	658.96330	407.08809
96	5	0	314.53211	306.74225	412.38532	355.05710
96	5	1	433.43119	334.93148	515.43119	376.63948
96	6	0	529.79817	279.53997	626.57798	320.90701
96	6	1	591.44954	328.87113	712.88991	360.10767
96	7	0	40.95413	145.59054	201.33028	232.72104
96	7	1	141.79817	194.04078	292.04587	267.51713
96	8	0	1586.00917	433.90865	1871.55963	410.99347
96	8	1	1449.05505	420.69494	1715.66972	402.62480
96	9	0	806.22018	449.89723	700.92661	469.20555
96	9	1	695.68807	415.10114	631.78899	437.49266
96	10	0	879.76147	476.76509	855.49541	492.99021
96	10	1	783.32110	494.82382	759.05505	512.81077
96	11	0	951.66972	356.05220	800.83486	375.72104
96	11	1	759.66972	369.26591	626.00917	395.98206
96	12	0	1666.78899	158.56444	1776.44037	99.98369
96	12	1	1544.36697	201.72920	1628.91743	162.96900
96	13	0	575.69725	120.68515	514.56881	171.05220
96	13	1	720.13761	126.85155	638.31193	164.44535
96	14	0	477.49541	214.06199	522.86239	263.24307
96	14	1	642.63303	214.50245	676.11009	253.11256
96	15	0	1065.43119	38.31974	954.72477	50.65253
96	15	1	910.42202	51.09299	802.35780	78.84176
96	16	0	438.56881	359.23328	266.67890	401.37357
96	16	1	590.93578	316.06852	429.17431	354.24470
96	17	0	218.42202	182.43393	312.87156	250.67210
96	17	1	336.00000	192.56444	420.76147	251.99347
96	18	0	295.48624	47.56933	409.49541	127.29201
96	18	1	161.17431	25.10604	300.72477	118.92333
96	19	0	963.01835	467.14682	934.05505	482.49266
96	19	1	1071.34862	452.61175	1026.97248	463.99347
96	20	0	958.58716	358.72920	1030.10092	369.11419
96	20	1	845.41284	393.52529	912.96330	410.51713
96	21	0	129.90826	315.86297	253.85321	373.40946
96	21	1	255.85321	336.56444	376.71560	384.86134
96	22	0	453.94495	532.07667	404.61468	557.68515
96	22	1	361.46789	536.48124	313.89908	565.17292
96	23	0	438.23853	142.70799	619.16514	199.08646
96	23	1	351.92661	93.81729	536.81651	163.84992
96	24	0	264.73394	125.97064	435.17431	198.00326
96	24	1	112.80734	118.92333	304.82569	201.96737
96	25	0	1021.11927	400.81077	1160.50459	408.12235
96	25	1	1095.10092	380.54976	1231.84404	380.81403
96	26	0	1393.77982	173.09951	1668.88991	126.41109
96	26	1	1307.02752	212.74062	1576.41284	179.26591
96	27	0	388.81651	600.07667	302.97248	623.06362
96	27	1	502.43119	590.82708	391.04587	614.25449
96	28	0	323.17431	191.74388	451.36697	252.56281
96	28	1	467.17431	229.18271	583.03670	273.26427
96	29	0	607.58716	239.16803	726.30275	275.28874
96	29	1	735.29358	252.38173	853.12844	277.49103
96	30	0	758.92661	414.29364	978.22936	430.23165
96	30	1	830.70642	396.67537	1053.97248	410.85155
96	31	0	1142.47706	423.49266	1182.76147	428.23165
96	31	1	1036.78899	407.63622	1087.64220	415.01794
96	32	0	1375.21101	336.25449	1559.22018	315.94780
96	32	1	1449.19266	344.18271	1645.97248	321.67374
96	33	0	760.42202	437.57586	1005.68807	451.71941
96	33	1	822.51376	445.50408	1064.25688	457.00489
96	34	0	1008.27523	422.60033	1151.05505	430.57749
96	34	1	1079.17431	422.60033	1229.00000	427.93475
96	35	0	1279.06422	383.14845	1540.53211	370.42251
96	35	1	1351.28440	379.62480	1620.67890	359.85155
96	36	0	788.32110	655.86297	552.65138	678.04078
96	36	1	660.61468	636.04241	461.05505	663.06525
96	37	0	864.87156	609.76835	735.98165	626.96900
96	37	1	999.62385	634.87439	838.14679	652.51550
96	38	0	713.96330	630.64763	536.54128	654.67210
96	38	1	588.89908	591.44698	421.60550	618.11419
96	39	0	1380.28440	732.80098	1215.64220	759.75367
96	39	1	1596.06422	725.75367	1426.57798	738.17129
96	40	0	559.63303	676.25612	92.03670	705.18271
96	40	1	1402.56881	567.07667	1199.50459	585.68515
96	41	0	312.88991	257.33931	439.07339	313.80098
96	41	1	575.78899	328.69331	712.10092	364.01305
96	42	0	1338.44037	472.48124	1217.57798	473.05383
96	42	1	1070.44954	487.00489	959.96330	502.56444
97	0	0	1420.39450	898.64927	324.33028	919.56607
97	0	1	1492.61468	892.92333	396.55046	917.80424
97	1	0	1415.75229	538.83524	1185.62385	545.53997
97	1	1	1540.81651	447.22023	1371.89908	449.07993
97	2	0	1562.32110	947.44372	1170.33028	981.33768
97	2	1	1905.46789	968.68189	1498.93578	1023.54976
97	3	0	1886.09174	59.46166	1904.58716	12.77325
97	3	1	1550.97248	33.91517	1536.44037	7.48777
97	4	0	935.07339	313.74225	1341.83486	300.54160
97	4	1	1045.16514	318.58728	1444.44037	308.46982
97	5	0	1009.93578	273.22023	1428.14679	256.93638
97	5	1	1133.23853	267.49429	1554.97248	248.56770
97	6	0	1286.84404	902.26754	1084.71560	931.14845
97	6	1	1110.25688	854.25775	999.28440	870.80587
97	7	0	1274.43119	828.27896	1092.38532	852.79119
97	7	1	1819.59633	877.57749	1572.99083	921.43556
97	8	0	1605.13761	831.07667	1568.85321	870.41925
97	8	1	1806.38532	770.73409	1820.74312	821.08809
97	9	0	534.55046	904.63622	383.07339	882.74388
97	9	1	1142.33945	678.02773	1076.15596	675.68352
97	10	0	859.41284	783.44372	751.39450	772.76672
97	10	1	1573.38532	626.94943	1241.50459	648.89723
97	11	0	974.84404	249.50571	140.91743	281.89233
97	11	1	1327.39450	156.07667	504.00917	182.44535
97	12	0	1521.76147	702.00653	1429.51376	725.70799
97	12	1	1422.67890	663.24633	1348.92661	683.42414
97	13	0	385.38532	934.68352	87.19266	901.83850
97	13	1	384.94495	822.36705	161.17431	802.29527
97	14	0	387.52294	941.90865	87.63303	909.22023
97	14	1	378.71560	834.43719	150.60550	809.67700
97	15	0	1276.88073	859.70636	841.45872	884.15987
97	15	1	1490.19266	726.96900	1034.33945	751.14192
97	16	0	1198.10092	876.13703	613.86239	881.38662
97	16	1	1051.42202	698.49266	573.63303	707.97064
97	17	0	1530.38532	657.29364	1325.02752	674.49429
97	17	1	1492.07339	710.14845	1206.12844	728.23002
97	18	0	1498.97248	750.67210	1024.49541	774.29038
97	18	1	1591.88991	720.72104	1205.04587	746.54160
97	19	0	1253.22936	775.12398	822.58716	790.79119
97	19	1	1282.19266	533.95922	887.80734	548.62316
97	20	0	1311.18349	719.86134	681.61468	734.61175
97	20	1	1447.25688	654.67374	915.00917	671.62643
97	21	0	579.77982	548.13703	654.51376	546.43393
97	21	1	489.50459	459.60522	556.31193	461.42577
97	22	0	1659.47706	525.43393	1717.61468	537.92170
97	22	1	1526.04587	503.41109	1562.60550	511.49429
97	23	0	954.89908	577.85155	1096.71560	578.18597
97	23	1	1052.22018	590.18434	1194.03670	591.84013
97	24	0	1056.97248	892.25449	568.52294	893.86297
97	24	1	887.88991	734.94780	440.00917	737.69821
97	25	0	1764.99083	884.66069	1324.06422	931.64763
97	25	1	1462.01835	808.90212	1091.90826	833.08972
97	26	0	233.38532	879.29201	73.98165	845.39804
97	26	1	388.83486	870.92333	251.88991	840.11256
97	27	0	401.44037	655.37357	534.90826	641.42251
97	27	1	476.52294	752.07830	600.52294	732.59706
97	28	0	465.72477	686.68515	236.15596	679.49429
97	28	1	225.72477	617.09299	50.32110	605.93801
97	29	0	1150.53211	667.75367	648.55963	678.71778
97	29	1	1126.31193	533.41436	726.94495	539.97390
97	30	0	927.81651	608.67374	715.94495	611.12561
97	30	1	1054.20183	639.06525	780.23853	645.92170
97	31	0	897.61468	783.64763	344.77982	789.50245
97	31	1	659.20183	627.07667	149.69725	629.61664
97	32	0	1632.77982	930.97064	1211.82569	965.04078
97	32	1	1856.48624	975.89723	1368.59633	1023.62153
97	33	0	901.84404	771.26917	748.49541	769.55139
97	33	1	755.64220	750.56770	629.59633	744.44535
97	34	0	1430.59633	1021.41925	772.26606	1054.01305
97	34	1	1632.72477	920.11419	895.56881	950.06525
97	35	0	1152.11927	748.59869	718.56881	763.42088
97	35	1	1131.86239	567.57096	749.53211	579.25612
97	36	0	592.33028	840.02936	386.91743	821.63622
97	36	1	750.86239	799.06688	579.35780	789.48287
97	37	0	215.33945	655.36215	497.42202	633.77977
97	37	1	299.00917	637.74388	572.72477	620.12561
97	38	0	376.95413	621.00653	623.80734	606.47145
97	38	1	455.77982	604.70962	686.77982	593.25775
97	39	0	31.70642	699.57586	269.91743	668.08972
97	39	1	144.00000	677.11256	364.59633	652.23328
97	40	0	367.43119	502.26754	763.02752	495.87439
97	40	1	500.86239	514.15987	874.00000	502.92170
98	0	0	1247.55963	700.48124	595.75229	690.30343
98	0	1	1118.64220	310.95432	523.25688	301.52855
98	1	0	1224.65138	652.09951	936.55046	648.45677
98	1	1	1485.78899	610.25612	1323.42202	615.67047
98	2	0	388.22936	595.11256	125.94495	561.70636
98	2	1	690.09174	544.97064	442.56881	521.18434
98	3	0	1060.76147	487.45514	863.04587	474.28874
98	3	1	1326.30275	402.88744	1155.44954	393.24470
98	4	0	1057.07339	332.89396	1071.78899	314.83850
98	4	1	840.85321	332.45351	839.27523	318.36215
98	5	0	1788.77064	437.32626	1711.70642	440.41109
98	5	1	1608.66055	420.58891	1541.28440	420.59054
98	6	0	279.96330	393.02936	528.78899	373.56607
98	6	1	364.07339	389.94617	602.33028	367.84013
98	7	0	540.24771	486.32626	521.37615	465.17129
98	7	1	666.63303	478.83850	657.00917	455.48124
98	8	0	512.58716	472.16966	424.51376	466.88418
98	8	1	1789.65138	722.34910	1176.66055	665.97064
98	9	0	1686.16514	559.74388	1381.42202	569.17129
98	9	1	1764.11009	492.35400	1522.77982	497.81729
98	10	0	1583.55963	383.93312	1512.88073	378.02773
98	10	1	1745.61468	335.48287	1711.04587	324.29201
98	11	0	496.82569	345.08809	353.89908	322.40946
98	11	1	355.02752	305.00653	223.55046	292.01794
98	12	0	264.32110	173.98206	144.88073	168.58891
98	12	1	400.83486	194.68352	317.50459	186.20718
98	13	0	735.40367	352.62153	270.38532	324.81403
98	13	1	755.22018	230.17455	351.41284	200.16476
98	14	0	1172.68807	323.92985	486.06422	316.77814
98	14	1	1416.21101	261.38499	773.75229	261.98042
98	15	0	784.19266	733.52855	287.77064	691.39641
98	15	1	982.79817	621.65253	469.46789	608.14845
98	16	0	1471.24771	364.30343	479.51376	363.48124
98	16	1	1240.05505	415.83687	48.88073	402.05383
98	17	0	442.33945	141.38662	182.68807	136.10114
98	17	1	555.51376	97.78140	330.65138	90.73409
98	18	0	1296.42202	640.57259	790.67890	637.61011
98	18	1	1450.55046	452.05710	1000.93578	445.49429
98	19	0	904.11009	644.40946	13.21101	618.56281
98	19	1	1229.54128	517.55791	404.69725	499.19902
98	20	0	1622.31193	521.21860	1572.72477	526.31485
98	20	1	1717.87156	467.48287	1683.25688	480.06688
98	21	0	1303.88991	499.10114	1024.97248	500.11093
98	21	1	1426.75229	440.96085	1194.07339	436.24470
98	22	0	1455.30275	551.80261	1270.02752	552.49266
98	22	1	1507.26606	491.90049	1363.38532	490.82871
98	23	0	1357.82569	254.09951	1480.42202	234.27896
98	23	1	1451.62385	240.44535	1583.46789	216.66069
98	24	0	385.71560	763.00326	2.20183	713.55139
98	24	1	600.17431	718.07667	214.89908	681.39804
98	25	0	1150.21101	192.02773	1008.11927	194.68189
98	25	1	1286.72477	121.99511	1130.98165	117.16150
98	26	0	1380.42202	112.75693	1556.27523	81.48450
98	26	1	1305.55963	116.28059	1458.07339	89.41272
98	27	0	684.36697	84.12724	748.11927	74.87765
98	27	1	796.22018	88.53181	841.03670	77.96085
98	28	0	1267.68807	633.63785	638.47706	626.35237
98	28	1	1574.75229	592.53997	933.53211	604.43393
98	29	0	1216.54128	201.98369	1095.99083	184.44535
98	29	1	1362.30275	212.55465	1251.44037	213.07504
98	30	0	1171.00917	215.13540	1077.10092	211.71778
98	30	1	1299.59633	176.81566	1222.42202	168.99347
98	31	0	966.09174	620.37357	412.31193	596.97879
98	31	1	999.69725	461.91191	522.40367	438.85481
98	32	0	423.58716	545.24307	33.46789	504.13540
98	32	1	573.75229	466.84176	224.14679	441.59054
98	33	0	1515.66972	437.58728	1100.43119	432.67047
98	33	1	1656.58716	367.99511	1290.66972	363.95922
98	34	0	1104.85321	1035.95432	100.40367	1009.52692
98	34	1	1507.05505	961.14519	544.24771	947.14682
98	35	0	865.25688	268.49429	812.37615	249.49429
98	35	1	991.20183	347.77651	917.18349	324.81240
98	36	0	1537.44037	573.53834	932.65138	567.40783
98	36	1	1694.53211	380.75530	1133.17431	356.54486
98	37	0	1187.41284	484.23165	736.17431	470.02773
98	37	1	1358.27523	386.45024	955.03670	386.78140
98	38	0	1513.10092	346.72920	521.72477	334.64600
98	38	1	1871.55963	273.72104	842.41284	279.09951
98	39	0	1643.48624	164.83850	1167.37615	158.66069
98	39	1	1485.39450	204.47961	1107.04587	200.06362
98	40	0	1063.18349	714.53997	536.02752	694.12235
98	40	1	1081.14679	502.73409	581.40367	484.61664
98	41	0	538.44954	364.12398	324.91743	341.74062
98	41	1	713.27523	337.25612	494.01835	317.95595
98	42	0	1060.40367	84.56770	504.71560	78.40131
98	42	1	1163.38532	128.17292	705.08257	125.08972
98	43	0	1021.30275	934.87276	263.56881	906.64763
98	43	1	1294.77064	825.63948	502.68807	807.98532
98	44	0	667.00917	859.88418	97.32110	809.72920
98	44	1	876.62385	712.77162	242.20183	678.47308
98	45	0	706.77064	872.86134	54.60550	825.58891
98	45	1	964.00000	790.30179	290.20183	760.40131
98	46	0	1319.50459	33.91517	1001.90826	17.61827
98	46	1	1165.37615	55.49755	908.55046	47.12887
98	47	0	1265.55046	1021.41925	271.88991	1005.12235
98	47	1	1595.38532	906.90049	655.76147	897.32790
98	48	0	1159.89908	534.54160	417.88073	511.37194
98	48	1	1407.95413	303.24796	677.32110	285.31648
98	49	0	1132.16514	704.93475	201.87156	687.95432
98	49	1	1256.34862	645.91354	478.86239	631.57586
98	50	0	1281.61468	659.46982	747.33028	664.91028
98	50	1	1478.45872	575.34258	924.79817	576.37847
98	51	0	1400.59633	874.19576	616.95413	871.25612
98	51	1	1665.90826	723.25775	841.72477	744.52855
98	52	0	1078.53211	390.88418	636.66972	375.32626
98	52	1	1193.90826	325.25612	800.92661	333.48287
98	53	0	1629.78899	308.08972	1480.62385	295.25449
98	53	1	1815.18349	268.88907	1672.18349	252.97064
98	54	0	362.86239	726.37194	9.24771	674.88581
98	54	1	489.68807	606.12724	162.93578	562.12887
98	55	0	1529.96330	546.91028	188.86239	547.94617
98	55	1	1875.08257	576.87439	600.14679	588.61175
98	56	0	1076.79817	436.59869	233.74312	395.08646
98	56	1	1231.45872	169.04078	397.18349	145.65253
98	57	0	1046.31193	349.33931	575.85321	342.32300
98	57	1	1279.70642	280.62806	824.22018	270.96900
98	58	0	574.70642	693.20555	311.88991	652.52855
98	58	1	704.17431	597.62643	462.93578	571.48450
98	59	0	654.64220	293.01631	848.53211	280.43067
98	59	1	558.64220	282.88581	745.04587	268.09788
98	60	0	943.24771	53.73573	1117.73394	33.47471
98	60	1	817.74312	49.33116	1007.20183	31.71289
98	61	0	1284.11009	525.02447	1118.53211	525.02447
98	61	1	1683.96330	362.93638	1736.80734	375.26917
98	62	0	1400.35780	337.60196	1476.25688	328.57749
98	62	1	1739.88991	437.23165	1739.44954	437.86297
