OpCode	ImagePtPair	Index	Lx	Ly	Rx	Ry
S10_44	0	0	1276.47863	699.71535	502.72842	696.81073
S10_44	0	1	1335.62364	700.92250	559.45935	695.60358
S10_44	1	0	253.81056	817.43219	68.80134	812.01788
S10_44	1	1	411.12825	697.92399	281.64292	709.00745
S10_44	2	0	1401.09975	605.60358	1443.34535	600.66319
S10_44	2	1	1342.75943	556.11028	1388.22381	548.35320
S10_44	3	0	1453.74015	457.55589	1627.86505	430.76304
S10_44	3	1	1580.07712	452.72727	1798.46018	413.86289
S10_44	4	0	1411.19698	470.84650	1679.79883	445.32489
S10_44	4	1	1333.14166	479.29657	1596.51299	461.42027
S10_44	5	0	324.11484	164.32489	415.13831	238.10581
S10_44	5	1	396.13495	190.88227	506.06873	253.79881
S10_44	6	0	799.62699	133.59165	777.39648	162.82265
S10_44	6	1	690.18860	186.30402	715.03269	222.77794
S10_44	7	0	1845.16345	333.78689	1640.17770	268.98212
S10_44	7	1	1465.75021	337.00596	1376.41241	302.72727
S10_44	8	0	1059.56412	480.39642	1116.80637	482.32489
S10_44	8	1	850.40821	440.00596	921.66806	454.56036
S10_44	9	0	495.36127	526.44411	362.55658	555.16542
S10_44	9	1	718.66387	479.36513	490.90528	506.07452
S10_44	10	0	404.93965	583.00596	415.84577	608.97019
S10_44	10	1	240.78206	575.36066	242.83655	600.92250
S10_44	11	0	1134.94719	337.85842	802.48617	343.83458
S10_44	11	1	1363.07795	322.16542	983.13998	307.21759
S10_44	12	0	264.15004	453.34426	310.27913	492.97019
S10_44	12	1	398.93630	447.30849	407.64711	485.32489
S10_44	13	0	874.34954	141.76304	557.43168	175.24888
S10_44	13	1	1107.30847	142.56781	750.15591	159.95827
S10_44	14	0	1102.19698	197.54396	795.21291	205.79881
S10_44	14	1	1326.30427	217.26080	1004.03101	207.00596
S10_44	15	0	1510.07209	313.01788	1214.14669	283.38450
S10_44	15	1	1741.42163	328.71088	1438.91618	285.05812
S10_44	16	0	1421.24392	655.10134	895.34954	655.97765
S10_44	16	1	1608.33529	686.88972	1029.33110	686.96125
S10_44	17	0	1003.11484	368.60358	1227.40402	366.50373
S10_44	17	1	1075.93965	368.60358	1296.20536	360.46796
S10_44	18	0	1606.84577	550.65127	1667.55658	530.22504
S10_44	18	1	1444.69992	571.57526	1491.32858	560.40387
S10_44	19	0	1308.85331	433.66319	1621.05281	410.30849
S10_44	19	1	1389.32272	427.62742	1711.17854	396.22504
S10_44	20	0	445.81056	480.52012	757.41995	508.99404
S10_44	21	0	1116.54484	771.22504	952.41576	778.42027
S10_44	21	1	1819.01090	722.40835	1688.24811	724.79881
S10_44	22	0	305.06790	756.08644	154.50126	755.55142
S10_44	22	1	536.72087	597.69151	477.81056	609.87034
S10_44	23	0	1520.17016	307.49627	1681.41995	252.01788
S10_44	23	1	1370.09472	297.43666	1502.37552	259.26080
S10_44	24	0	1236.05281	334.81073	1155.07628	321.06557
S10_44	24	1	1045.34032	382.69449	999.77033	386.25186
S10_44	25	0	627.66974	339.01788	572.58005	375.04173
S10_44	25	1	551.62615	413.86140	549.64627	444.65425
S10_44	26	0	359.47443	825.15350	34.19950	823.73472
S10_44	26	1	534.49539	749.50522	255.89271	755.73174
S10_44	27	0	1313.43168	592.79881	1142.35373	590.87034
S10_44	27	1	1183.53311	455.01788	911.56832	456.62742
S10_44	28	0	1449.63873	606.99404	1302.62699	601.82265
S10_44	28	1	1325.71584	547.03875	1197.21207	541.86736
S10_44	29	0	813.84577	431.33681	459.53730	452.04173
S10_44	29	1	651.29757	331.54545	343.66136	368.34575
S10_44	30	0	1545.34954	581.27273	1033.60268	573.79881
S10_44	30	1	1674.90528	565.98212	1227.93630	554.48435
S10_44	31	0	1123.41911	657.56036	1088.30176	661.73920
S10_44	31	1	1248.95138	674.86289	1258.89690	675.42027
S10_44	32	0	1403.93210	424.17735	1525.92791	398.07004
S10_44	32	1	1290.87259	424.57973	1391.54401	406.52012
S10_44	33	0	1677.09975	377.67511	1487.65046	334.32489
S10_44	33	1	1510.12573	369.22504	1382.23554	336.73920
S10_46	0	0	1319.85750	722.81073	540.49790	720.77496
S10_46	0	1	1378.19782	727.23696	600.44761	726.40835
S10_46	1	0	1530.65884	629.87183	1741.27242	661.24888
S10_46	1	1	1495.65465	623.79136	1705.46354	653.54694
S10_46	2	0	1034.85834	573.97914	1156.05951	599.07452
S10_46	2	1	929.84577	586.95082	1021.46186	612.33085
S10_46	3	0	1569.82900	657.52012	1269.42666	667.68256
S10_46	3	1	1769.73931	632.28912	1563.92875	641.16990
S10_46	4	0	1539.54401	674.42623	1786.76278	715.70790
S10_46	4	1	1368.91702	656.43964	1519.90528	686.21013
S10_46	5	0	1575.08718	643.75112	1796.38810	677.23547
S10_46	5	1	1189.44258	626.66766	1382.08885	658.69598
S10_46	6	0	1575.30008	643.67213	1796.47946	676.68107
S10_46	6	1	1352.07879	642.02086	1524.73093	667.83458
S10_46	7	0	1258.32942	687.92399	1473.65130	728.35768
S10_46	7	1	1310.23219	639.88823	1525.35289	673.22802
S10_46	8	0	920.13160	665.09985	787.33026	685.69449
S10_46	8	1	1116.09304	612.77496	961.61609	624.45156
S10_46	9	0	1151.77452	717.62593	882.66303	728.96572
S10_46	9	1	1370.49120	635.03130	1103.90947	652.89866
S10_46	10	0	1819.21207	683.92399	1169.58508	688.34128
S10_46	10	1	1429.95054	705.99106	918.88181	710.49627
S10_46	11	0	1277.85415	338.00298	679.16178	333.17437
S10_46	11	1	944.58676	214.15499	404.50880	237.45306
S10_46	12	0	1099.59681	578.56036	838.53646	593.63785
S10_46	12	1	886.02598	602.83159	693.31936	607.76304
S10_46	13	0	1026.84661	654.95380	827.78206	672.22057
S10_46	13	1	1166.70411	494.53353	914.26655	507.58867
S10_46	14	0	1092.56748	706.98063	874.98910	719.77645
S10_46	14	1	1320.88181	661.34426	1079.89355	680.72280
S10_46	15	0	531.61023	703.97914	250.74518	703.91058
S10_46	15	1	355.10059	557.38599	112.43839	576.14009
S10_46	16	0	777.07125	744.99255	735.49120	758.07601
S10_46	16	1	216.24308	808.01937	262.24895	799.91207
S10_46	17	0	851.89941	1055.67809	77.25063	1026.88525
S10_46	17	1	1182.53814	870.74963	587.42666	869.15052
S10_46	18	0	1366.58089	609.20864	1477.44426	635.00596
S10_46	18	1	1229.39313	589.35917	1356.53227	615.02086
S10_46	19	0	1097.42498	470.72280	1200.28583	496.49180
S10_46	19	1	1296.99329	426.84501	1414.48533	442.66915
S10_46	20	0	1065.41492	365.36513	1297.16681	387.89866
S10_46	21	0	881.82062	649.02086	831.06119	669.00596
S10_46	21	1	1090.38977	665.03279	1031.59849	687.49478
S10_46	22	0	427.18609	566.60209	568.65717	593.65574
S10_46	22	1	512.88600	605.92250	632.63034	633.58420
S10_46	23	0	487.95054	673.64382	529.37972	691.08793
S10_46	23	1	647.74518	682.02086	678.38391	699.77794
S10_46	24	0	1006.88768	330.73621	991.34283	348.65574
S10_46	24	1	862.32104	351.76304	871.84577	378.04471
S10_46	25	0	807.75692	292.16692	477.67477	325.15499
S10_46	25	1	583.73931	236.04620	211.34283	284.25037
S10_46	26	0	298.26069	427.59911	465.85834	469.99404
S10_46	26	1	161.92875	435.42474	354.06119	480.26230
S10_46	27	0	909.10059	624.96423	712.54987	641.64382
S10_46	27	1	1041.89941	594.25037	821.91115	609.92548
S10_46	28	0	638.69237	736.41282	312.22297	735.26379
S10_46	28	1	799.98910	736.24888	511.78709	740.73621
S10_46	29	0	1137.41324	805.47988	796.20620	815.72280
S10_46	29	1	988.88768	767.20864	699.05951	779.10134
S10_46	30	0	1088.36211	614.28912	858.16681	627.95231
S10_46	30	1	1237.30763	648.11475	1036.11819	664.39940
S10_46	31	0	633.64543	699.49329	172.49707	697.22355
S10_46	31	1	861.88181	704.69449	432.21039	704.64382
S10_46	32	0	1193.86421	655.66766	853.94468	666.47690
S10_46	32	1	1059.45599	565.56036	666.88768	576.26379
S10_46	33	0	1480.50880	890.34575	716.06538	903.62891
S10_46	33	1	1184.23889	925.88525	547.96396	926.60060
S10_46	34	0	900.67896	622.68256	547.65130	632.23696
S10_46	34	1	691.20034	620.42474	396.81140	628.38599
S10_46	35	0	1062.09891	653.16542	813.41492	663.76453
S10_46	35	1	1148.01676	635.91356	948.12992	650.23696
S10_46	36	0	275.61106	690.68256	224.68231	702.27422
S10_46	36	1	88.71752	629.03428	71.21542	645.96721
S10_46	37	0	574.63956	433.56036	612.17267	467.84352
S10_46	37	1	364.86421	462.92548	415.49707	498.84501
S10_46	38	0	1573.82146	653.74963	1659.89187	681.43815
S10_46	38	1	1442.65633	601.66021	1485.24308	624.77794
S10_46	39	0	1517.86085	694.89866	1720.49120	731.14307
S10_46	39	1	1402.99078	696.92548	1597.72925	731.95380
S10_46	40	0	1106.40570	633.53204	1231.87008	656.85693
S10_46	40	1	976.44761	589.95529	1087.64543	614.94039
S10_46a	0	0	1326.46065	735.17910	526.23295	681.11940
S10_46a	0	1	1381.10913	737.46269	586.42183	683.14925
S10_46a	1	0	1242.07450	578.85075	1567.09654	564.10448
S10_46a	2	0	879.39874	384.14925	739.39664	377.67164
S10_46a	2	1	1051.15110	374.76119	906.11228	352.80597
S10_46a	3	0	1117.52151	544.70149	1023.36726	523.14925
S10_46a	3	1	1256.53515	543.68657	1137.95278	511.73134
S10_46a	4	0	1345.31584	430.85075	1205.95908	387.46269
S10_46a	4	1	1510.01679	366.40299	1337.16579	301.70149
S10_46a	5	0	1389.83421	649.23881	1230.92235	615.08955
S10_46a	5	1	1542.19517	597.98507	1394.86779	554.19403
S10_46a	6	0	1598.41343	254.62687	1428.68730	168.68657
S10_46a	6	1	1813.73347	257.92537	1647.45855	144.32836
S10_46a	7	0	374.35992	765.26866	109.53095	746.68657
S10_46a	7	1	612.25603	718.95522	345.41238	703.16418
S10_46a	8	0	1005.95908	649.74627	961.66317	632.10448
S10_46a	8	1	1138.92865	660.14925	1091.61070	641.23881
S10_46a	9	0	1485.87093	794.00000	1342.22036	767.59701
S10_46a	9	1	1603.98216	775.47761	1508.43232	743.74627
S10_46a	10	0	908.15320	715.35821	853.53725	698.44776
S10_46a	10	1	787.77545	684.91045	724.09339	673.32836
S10_46a	11	0	1587.81007	745.49254	1396.51417	718.64179
S10_46a	11	1	1715.23924	712.25373	1508.07765	673.22388
S10_46a	12	0	483.02518	624.70149	599.34523	630.08955
S10_46a	12	1	577.71563	619.37313	705.87198	626.53731
S10_46a	13	0	1427.40189	709.98507	1312.80063	678.71642
S10_46a	13	1	1779.45855	542.76119	1671.93599	475.67164
S10_46a	14	0	370.85100	627.07463	505.40923	637.35821
S10_46a	14	1	484.42917	640.52239	612.94334	646.74627
S10_46a	15	0	707.56034	780.13433	645.52886	762.55224
S10_46a	15	1	807.53935	767.44776	736.69360	757.47761
S10_46a	16	0	1275.12487	878.34328	1148.46485	860.04478
S10_46a	16	1	1451.91396	913.61194	1313.16579	896.07463
S10_46a	17	0	783.33158	920.23881	575.07975	892.31343
S10_46a	17	1	719.11333	989.00000	521.18678	962.08955
S10_46a	18	0	821.41763	618.20896	833.26863	612.43284
S10_46a	18	1	612.74607	588.23881	640.11018	589.34328
S10_46a	19	0	837.19622	657.44776	823.10808	647.44776
S10_46a	19	1	927.85729	639.68657	924.84995	628.41791
S10_46a	20	0	1537.91501	699.77612	1667.62854	671.10448
S10_46a	20	1	1674.15845	687.08955	1852.72823	652.83582
S10_46a	21	0	1601.36411	677.32836	1623.11962	639.04478
S10_46a	21	1	1430.61910	678.08955	1456.40399	647.67164
S10_46a	22	0	951.17314	1034.58209	447.87933	989.13433
S10_46a	22	1	650.38195	1008.13433	260.66632	963.95522
S10_46a	23	0	177.11542	473.50746	370.71459	507.89552
S10_46a	23	1	304.54460	484.92537	459.86464	511.70149
S10_46a	24	0	805.76076	530.19403	899.93179	525.50746
S10_46a	24	1	971.72088	519.02985	1062.36621	507.49254
S10_46a	25	0	1239.05456	838.05970	977.55824	811.22388
S10_46a	25	1	1561.51522	730.00000	1175.86359	684.13433
S10_46a	26	0	279.38930	663.28358	439.01049	674.86567
S10_46a	26	1	346.37775	634.35821	507.50997	644.67164
S10_46a	27	0	779.80588	261.74627	743.27282	267.86567
S10_46a	27	1	709.97167	156.94030	598.13956	176.76119
S10_46a	28	0	417.30430	228.85075	381.22141	271.17910
S10_46a	28	1	87.41343	46.17910	57.62644	144.58209
S10_46a	29	0	1374.58762	646.44776	1038.78804	604.10448
S10_46a	29	1	1554.41763	552.34328	1220.88458	494.26866
S10_46a	30	0	1763.73767	731.86567	1564.80378	684.98507
S10_46a	30	1	1647.38930	641.79104	1475.90556	589.07463
S10_46a	31	0	752.64008	637.70149	700.20986	629.34328
S10_46a	31	1	569.80693	624.25373	498.00525	622.23881
S10_46a	32	0	801.12067	933.70149	394.03463	894.49254
S10_46a	32	1	1244.51731	965.94030	750.14061	922.26866
S10_46a	33	0	1741.21826	602.00000	1719.37251	542.17910
S10_46a	33	1	1893.07555	576.62687	1845.79433	503.35821
S10_46a	34	0	1411.64953	518.89552	1440.84995	474.04478
S10_46a	34	1	1329.29906	510.26866	1378.64638	472.52239
S10_46a	35	0	1253.26233	674.77612	1016.19622	644.17910
S10_46a	35	1	1371.12172	579.37313	1141.61070	538.37313
S10_46a	36	0	1369.06296	943.89552	946.26863	911.22388
S10_46a	36	1	1177.15740	933.07463	698.20357	895.58209
S10_46a	37	0	945.04827	921.26866	365.33683	875.49254
S10_46a	37	1	788.60231	842.86567	81.76076	797.40299
S10_46a	38	0	1130.05456	788.58209	880.95698	759.55224
S10_46a	38	1	1264.53515	714.23881	986.47639	682.16418
S10_46a	39	0	782.60441	728.64179	736.38930	716.40299
S10_46a	39	1	907.26338	766.19403	849.71563	750.40299
S10_46a	40	0	741.28751	726.49254	732.63484	717.70149
S10_46a	40	1	713.58552	745.52239	675.21616	730.38806
S10_46a	41	0	1542.65582	836.56716	1304.69990	805.59701
S10_46a	41	1	1722.62959	856.20896	1482.65897	822.70149
S10_55	0	0	1347.44342	721.20119	512.67393	722.55589
S10_55	0	1	1408.19782	726.43219	574.23303	726.17735
S10_55	1	0	1587.97988	624.27720	1134.70997	609.90164
S10_55	1	1	1459.18273	738.43964	1095.58676	736.29061
S10_55	2	0	1541.52473	491.26379	1427.19866	462.54545
S10_55	2	1	1389.83990	531.59762	1283.51467	513.93890
S10_55	3	0	1468.60855	458.18182	1605.24308	421.87332
S10_55	3	1	1585.42666	418.30253	1736.05784	367.12817
S10_55	4	0	318.37804	598.80477	565.36211	626.14307
S10_55	4	1	365.45264	559.68703	604.59095	587.22802
S10_55	5	0	314.30008	550.90015	587.96982	581.62891
S10_55	5	1	258.17267	544.41431	534.86002	576.35917
S10_55	6	0	1372.48030	863.31744	1066.67896	867.71982
S10_55	6	1	1268.67477	813.86289	974.13915	817.25186
S10_55	7	0	333.53060	610.29061	83.73680	641.69598
S10_55	7	1	608.30344	687.00596	424.13579	701.68256
S10_55	8	0	586.83655	648.76155	376.12992	667.34575
S10_55	8	1	337.30176	678.12817	114.26655	702.33085
S10_55	9	0	787.65717	980.32787	504.98910	975.18480
S10_55	9	1	944.85834	959.81520	712.76865	960.49180
S10_55	10	0	721.05197	861.39940	465.66890	863.21013
S10_55	10	1	397.91702	765.49180	144.27242	778.86885
S10_55	11	0	1563.94803	1044.53055	1139.34451	1056.28614
S10_55	11	1	962.26655	951.54694	479.08298	950.30551
S10_55	12	0	1510.29757	552.93890	1684.58676	524.50671
S10_55	12	1	1571.45432	538.95380	1774.31014	506.67064
S10_55	13	0	1571.46605	459.45306	1666.49288	416.30551
S10_55	13	1	1689.49120	461.47988	1819.61442	410.14158
S10_55	14	0	275.82313	554.50820	497.88349	586.19523
S10_55	14	1	683.72590	585.34426	822.05365	593.21013
S10_55	15	0	336.42330	518.29210	567.66303	550.46647
S10_55	15	1	426.48365	523.79136	613.73177	551.88525
S10_55	16	0	275.97904	554.25037	498.05700	585.73323
S10_55	16	1	465.73345	565.29061	666.84158	589.17884
S10_55	17	0	173.39899	540.68107	135.45767	583.27869
S10_55	17	1	399.22381	538.37407	326.84074	572.26230
S10_55	18	0	173.39732	540.38450	135.48701	583.57526
S10_55	18	1	536.24728	510.87034	455.30176	540.47839
S10_55	19	0	706.52137	210.84948	49.28751	263.56036
S10_55	19	1	946.71584	168.85842	324.88433	202.72280
S10_55	20	0	869.50293	942.46945	549.06119	940.30253
S10_55	20	1	1034.61609	995.15499	662.79799	993.80328
S10_55	21	0	1184.49874	845.57228	618.80386	848.10134
S10_55	21	1	944.21375	661.96721	300.39732	670.15499
S10_55	22	0	1306.05784	781.22355	960.93462	782.39791
S10_55	22	1	1599.94049	760.05812	1213.31350	755.31744
S10_55	23	0	456.21207	775.19821	363.13579	784.48137
S10_55	23	1	176.01257	799.80477	78.05532	810.83010
S10_55	24	0	675.75440	534.29061	677.99497	553.31744
S10_55	24	1	803.70075	541.99255	811.03604	557.42623
S10_55	25	0	1624.07544	580.75112	1534.74518	553.54694
S10_55	25	1	1481.04107	576.69747	1357.31350	556.95231
S10_55	26	0	1343.45599	552.04769	1320.49874	536.07601
S10_55	26	1	1487.01844	529.70939	1483.15339	505.26379
S10_55	27	0	1380.58676	551.19374	1268.85415	535.84501
S10_55	27	1	1222.13998	630.77496	1112.43252	626.57377
S10_55	28	0	503.18106	186.14754	417.66890	242.61401
S10_55	28	1	407.70411	108.69449	292.35624	183.37258
S10_55	29	0	1700.72758	516.38301	1544.88349	478.89866
S10_55	29	1	1581.31936	583.78987	1473.11819	563.42623
S10_55	30	0	1542.33697	662.85693	1610.03018	646.27720
S10_55	30	1	1724.67896	626.72578	1842.74937	598.11475
S10_55	31	0	940.05951	626.58867	1196.75859	626.68554
S10_55	32	0	553.36630	585.30551	462.88181	607.52012
S10_55	32	1	353.03018	493.43964	255.22548	533.81818
S10_55	33	0	566.50461	944.79881	177.03269	939.97019
S10_55	33	1	1652.84158	828.91207	1054.14920	827.30253
S10_55	34	0	1328.04778	876.45306	932.95977	879.79136
S10_55	34	1	1158.68650	888.95231	739.87008	891.46349
S10_55	35	0	1300.67477	679.05961	1260.50210	673.50373
S10_55	35	1	1403.67561	662.64232	1371.75105	654.45156
S11_167	0	0	1352.54820	660.42772	508.54568	622.62295
S11_167	0	1	1407.42582	669.59463	557.90025	632.28018
S11_167	1	0	253.92372	542.44411	361.48701	569.23696
S11_167	1	1	60.79715	525.14158	206.58340	552.33681
S11_167	2	0	426.43168	960.89419	6.83990	914.60358
S11_167	2	1	675.69740	1007.97317	273.59598	972.54694
S11_167	3	0	1234.40067	38.62891	738.70914	27.36215
S11_167	3	1	1534.40821	42.25037	1085.21291	7.64531
S11_167	4	0	308.26739	517.63934	183.47024	531.55589
S11_167	4	1	535.19111	456.47690	410.79631	470.79583
S11_167	5	0	707.51802	295.43666	541.05700	320.09389
S11_167	5	1	553.01676	284.97466	351.55155	312.44858
S11_167	6	0	312.30679	182.86289	278.11148	237.45604
S11_167	6	1	484.51132	195.33681	396.80386	241.47988
S11_167	7	0	452.72590	145.84352	416.20117	201.02981
S11_167	7	1	636.13076	175.95827	566.27661	216.32042
S11_167	8	0	284.62280	341.01788	315.01760	385.14158
S11_167	8	1	474.53060	368.38003	462.27661	402.44411
S11_167	9	0	80.06706	210.65127	222.90025	281.33681
S11_167	9	1	214.45096	218.69896	307.79547	281.73920
S11_167	10	0	471.31014	386.61550	556.62699	426.78689
S11_167	10	1	567.47108	390.23696	623.01425	426.38450
S11_167	11	0	1235.40402	24.14307	1201.60771	24.54545
S11_167	11	1	1402.37804	47.88376	1377.03101	35.40984
S11_167	12	0	442.18944	103.01043	497.46689	166.00596
S11_167	12	1	562.08885	98.98659	582.76446	155.14158
S11_167	13	0	1275.14250	413.59165	1269.07628	430.85842
S11_167	13	1	1305.31852	356.05067	1331.84241	369.29359
S11_167	14	0	1183.56832	623.16542	544.79883	602.40835
S11_167	14	1	794.48617	715.76304	160.13412	683.63934
S11_167	15	0	365.52892	449.98212	535.53311	490.99404
S11_167	15	1	153.69656	397.21311	352.46521	446.32936
S11_167	16	0	1200.06454	186.32489	879.94719	185.78689
S11_167	16	1	942.22464	490.18927	685.36127	499.16542
S11_167	17	0	848.17770	421.48435	471.23638	420.65127
S11_167	17	1	733.71668	153.98212	243.79883	170.14158
S11_167	18	0	1535.95893	54.72429	1111.59179	20.92399
S11_167	18	1	1811.36630	217.02981	1389.36127	172.42027
S11_167	19	0	1400.29086	227.57973	1443.18525	230.04173
S11_167	19	1	1575.71417	167.62444	1621.02263	147.55291
S11_167	20	0	247.58759	490.99404	8.04694	497.42027
S11_167	20	1	460.83152	475.70343	307.39313	491.38450
S11_167	21	0	669.02934	511.54396	403.27913	517.85842
S11_167	21	1	370.56832	432.00596	100.98910	443.36066
S11_167	22	0	938.63453	398.46796	498.70495	394.38450
S11_167	22	1	1074.22548	329.25782	705.10897	329.60060
S11_167	23	0	1010.43168	423.61550	665.63873	425.79881
S11_167	23	1	815.29338	414.76304	486.19195	422.57973
S11_167	24	0	1448.55658	220.78689	591.45516	181.54396
S11_167	24	1	1796.07712	357.44858	782.10729	297.09389
S11_167	25	0	291.83403	420.30104	301.02934	448.18927
S11_167	25	1	108.63370	243.17735	119.09472	296.79881
S11_167	26	0	551.62280	132.78689	389.55658	176.85842
S11_167	26	1	716.98743	100.19374	485.31517	135.81520
S11_167	27	0	771.08801	299.69151	635.93127	321.67511
S11_167	27	1	874.89355	295.26528	775.54568	319.26080
S11_167	28	0	1260.70495	209.15350	1405.66220	220.24888
S11_167	28	1	1350.02598	209.15350	1495.78793	214.61550
S11_167	29	0	619.34199	395.14158	518.35708	418.83458
S11_167	29	1	868.62699	220.12519	690.40402	242.17735
S11_167	30	0	1452.76362	57.13860	1479.16597	41.44560
S11_167	30	1	1381.95054	105.42474	1376.56748	100.99851
S11_167	31	0	832.12322	225.56781	748.01760	254.02981
S11_167	31	1	751.65381	213.09389	640.59095	245.98212
S11_167	32	0	568.98240	488.44411	624.89271	518.43219
S11_167	32	1	513.45851	457.86289	563.73596	489.46051
S11_167	33	0	1189.82984	183.47988	1145.63453	192.52012
S11_167	33	1	1296.04946	189.91803	1246.22129	191.71535
S11_167	34	0	764.55658	354.60358	609.38894	377.06557
S11_167	34	1	619.71165	343.33681	471.78625	367.00596
S11_167	35	0	107.02431	491.76900	410.54820	531.28167
S11_167	36	0	13.27745	478.34873	335.99413	524.78689
S11_167	36	1	137.20034	510.94188	434.56915	550.94188
S11_48	0	0	1341.47276	696.08346	511.60017	705.50373
S11_48	0	1	1393.77787	695.01043	564.70997	705.77198
S11_48	1	0	781.01676	170.40835	932.33026	181.20119
S11_48	1	1	703.36379	159.14158	866.74769	175.56781
S11_48	2	0	775.60352	503.65127	655.65801	503.53204
S11_48	2	1	524.02934	410.16542	394.37301	409.30104
S11_48	3	0	750.09975	512.98212	624.02934	510.65127
S11_48	3	1	645.48952	500.50820	528.67309	498.17735
S11_48	4	0	440.34199	331.95827	341.27578	343.22504
S11_48	4	1	231.92624	323.91058	88.60184	336.38450
S11_48	5	0	1705.14669	890.92250	1255.77536	959.28465
S11_48	5	1	1605.36463	924.32042	1151.16513	985.84203
S11_48	6	0	1097.11148	581.39642	1065.99413	596.18927
S11_48	6	1	1031.93127	529.48882	1021.33361	543.47690
S11_48	7	0	930.94216	529.89121	992.76697	538.24590
S11_48	7	1	854.09388	506.95529	919.53982	514.90760
S11_48	8	0	319.11065	241.21311	334.26739	255.93443
S11_48	8	1	141.62615	220.54396	160.45348	241.85097
S11_48	9	0	341.38055	358.59165	135.99329	363.63934
S11_48	9	1	707.76781	424.22504	550.40402	423.42027
S11_48	10	0	422.71668	559.79881	260.80637	548.99404
S11_48	10	1	566.75692	496.22206	423.35457	492.25782
S11_48	11	0	1555.23638	846.14158	1090.17770	893.95827
S11_48	11	1	1599.09220	948.34724	1097.01760	1007.83308
S11_48	12	0	1490.36547	540.36066	1660.18944	575.57973
S11_48	12	1	1359.60268	533.92250	1499.65298	561.49627
S11_48	13	0	1738.13915	613.78689	1702.03353	665.31148
S11_48	13	1	1834.30008	612.98212	1858.14417	670.54247
S11_48	14	0	640.61945	496.17735	583.98156	498.22504
S11_48	14	1	797.53479	525.14903	716.75608	527.19672
S11_48	15	0	174.61861	187.63934	313.20117	213.94635
S11_48	15	1	371.76865	186.83458	471.32355	205.89866
S11_48	16	0	1259.77536	228.87034	1185.05281	232.98212
S11_48	16	1	1467.78877	203.92250	1329.49539	201.59613
S11_48	17	0	1323.80302	357.82563	923.66974	368.36066
S11_48	17	1	1728.48282	26.95976	1225.40821	10.46200
S11_48	18	0	1776.76446	197.57079	1551.66220	191.43219
S11_48	18	1	1557.23638	428.43219	1396.99413	447.77496
S11_48	19	0	592.74434	343.00596	824.02934	351.56781
S11_48	19	1	530.78290	357.49180	767.29841	366.05365
S11_48	20	0	1577.70914	575.44858	1657.63873	615.34873
S11_48	20	1	1728.99162	593.15350	1837.08550	644.72280
S11_48	21	0	695.10310	342.38897	777.02515	348.94635
S11_48	21	1	846.38558	370.55589	892.09640	375.10134
S11_48	22	0	1625.61526	426.82265	1162.95138	444.73920
S11_48	22	1	1338.18944	497.95827	950.14250	511.81073
S11_48	23	0	734.84912	323.23696	491.44342	327.22504
S11_48	23	1	981.08550	351.80626	678.53479	363.43964
S11_48	24	0	737.88013	475.66319	599.62699	480.17735
S11_48	24	1	886.34619	483.71088	759.35876	485.81073
S11_48	25	0	1389.45516	523.21311	1459.12238	549.08197
S11_48	25	1	1527.46018	509.93443	1628.51048	539.82712
S11_48	26	0	559.66974	235.50820	57.13328	239.18927
S11_48	26	1	873.65046	305.18927	382.22967	312.82563
S11_48	27	0	559.80637	396.08942	579.78709	397.72727
S11_48	27	1	710.28416	400.91803	729.86253	402.95827
S11_48	28	0	662.50210	254.87034	578.73596	268.66766
S11_48	28	1	860.85918	261.30849	784.73764	270.67958
S11_48	29	0	872.41995	305.18927	767.43671	313.33234
S11_48	29	1	1036.97988	301.16542	941.74434	307.33681
S11_48	30	0	1080.03101	262.93890	880.18525	268.70790
S11_48	30	1	1311.20117	274.40835	1107.20117	280.75112
S11_48	31	0	751.76362	355.81073	703.69740	361.17735
S11_48	31	1	893.79212	336.09389	803.88181	341.86289
S11_48	32	0	855.97150	291.83159	764.85415	302.83159
S11_48	32	1	1026.37301	331.78689	910.50377	337.43666
S11_48	33	0	950.73177	417.49478	905.09975	425.26080
S11_48	33	1	1058.56077	444.05216	1047.12825	454.23249
S11_48	34	0	1464.18944	392.46796	1334.16597	407.39642
S11_48	34	1	1614.26488	351.02235	1421.07293	363.13413
S11_48	35	0	1534.60017	410.57526	1421.47527	427.91803
S11_48	35	1	1744.97904	350.24888	1623.68567	363.18927
S11_48	36	0	511.00587	150.49180	500.15423	169.91058
S11_48	36	1	643.78039	131.98212	640.57334	148.58420
S11_48	37	0	1350.27913	447.20119	1009.68231	462.17735
S11_48	37	1	1545.01509	414.60805	1239.78709	431.21311
S11_48	38	0	1501.11148	319.66766	1427.28080	326.19076
S11_48	38	1	1338.56329	300.35320	1278.41241	307.68107
S11_48	39	0	1099.47863	298.17735	1123.13495	304.60358
S11_48	39	1	985.21207	291.33681	1014.90360	298.56781
S11_48	40	0	1328.59179	247.76304	1128.79883	252.43219
S11_48	40	1	1324.16597	138.71684	1033.44258	138.55738
S11_48	41	0	1107.75608	150.79881	1006.05281	155.81073
S11_48	41	1	962.10645	147.98212	837.06706	155.00596
S11_48	42	0	649.34954	610.67511	369.37636	603.63934
S11_48	42	1	814.31182	591.76304	472.77955	585.53204
S11_48	43	0	769.65130	539.05067	615.87678	537.20119
S11_48	43	1	879.49204	542.67213	744.62783	544.44411
S11_48	44	0	921.23638	545.75559	564.77871	548.06557
S11_48	44	1	973.13915	602.49180	677.03353	603.59463
S11_48	45	0	1064.06957	505.91952	814.23386	514.26528
S11_48	45	1	1151.23638	636.40835	895.56832	651.99404
S11_48	46	0	1171.41995	616.77496	925.56832	631.88227
S11_48	46	1	1219.24811	492.16542	1014.08466	503.52161
S11_48	47	0	1739.34619	400.81073	1726.06873	419.99404
S11_48	47	1	1623.87259	416.90611	1628.70075	437.29657
S11_48	48	0	1242.63873	422.81073	1058.71249	435.94635
S11_48	48	1	1370.18273	457.41580	1141.19363	474.57526
S11_48	49	0	1374.66555	653.06557	1132.40821	682.56781
S11_48	49	1	1523.13160	641.79881	1288.92121	679.75112
S11_48	50	0	1331.02012	658.08495	1054.11903	679.77496
S11_48	50	1	1419.93881	640.38003	1189.70997	672.12966
S11_48	51	0	1485.92372	611.81073	1165.56915	643.15797
S11_48	51	1	1645.65549	593.30104	1323.81056	628.22504
S11_48	52	0	687.08801	326.11028	950.92372	336.20119
S11_50	0	0	1308.65373	696.17910	533.32844	717.50746
S11_50	0	1	1365.82057	700.74627	589.99161	722.58209
S11_50	1	0	1100.86884	599.64179	1491.86884	618.61194
S11_50	2	0	329.54984	501.64179	606.82581	532.89552
S11_50	2	1	121.53305	480.83582	454.71668	519.44776
S11_50	3	0	1708.96118	427.94030	1553.75341	427.28358
S11_50	3	1	1849.48583	388.86567	1719.46170	378.56716
S11_50	4	0	1166.95488	869.49254	1209.79853	910.71642
S11_50	4	1	1134.97167	890.29851	1170.76390	929.49254
S11_50	5	0	1088.13012	843.61194	1143.06191	877.98507
S11_50	5	1	1114.57293	852.49254	1166.98636	890.16418
S11_50	6	0	1180.55404	875.58209	1224.15320	916.80597
S11_50	6	1	1209.51522	872.53731	1256.38825	913.25373
S11_50	7	0	1428.86988	310.70149	990.07765	318.37313
S11_50	7	1	1218.66527	317.61194	804.13221	333.85075
S11_50	8	0	1151.88353	468.79104	1302.53935	486.31343
S11_50	8	1	1212.32424	429.46269	1362.72823	441.91045
S11_50	9	0	961.10073	487.61194	969.72193	509.68657
S11_50	9	1	1075.68625	487.86567	1101.18048	509.17910
S11_50	10	0	595.88877	506.01493	742.51731	532.16418
S11_50	10	1	523.61175	460.85075	675.27702	491.05970
S11_50	11	0	535.01994	336.92537	639.07135	379.28358
S11_50	11	1	649.10178	315.10448	751.89402	352.89552
S11_50	12	0	944.21091	629.37313	1085.63903	652.32836
S11_50	12	1	1003.14061	595.88060	1133.99161	621.62687
S11_50	13	0	1671.34627	637.22388	1598.56139	666.62687
S11_50	13	1	1454.62854	744.41791	1385.11752	783.97015
S11_50	14	0	759.70094	522.82090	878.82057	549.23881
S11_50	14	1	698.50472	536.01493	832.98636	558.88060
S11_50	15	0	709.08185	537.79104	817.37251	563.44776
S11_50	15	1	654.43337	545.91045	780.10073	570.04478
S11_50	16	0	684.27282	589.80597	745.18048	611.61194
S11_50	16	1	585.17209	581.56716	650.99370	603.74627
S11_50	17	0	709.13851	639.88060	803.57608	659.62687
S11_50	17	1	632.07660	655.86567	742.12802	674.85075
S11_50	18	0	662.15530	742.37313	851.81112	763.00000
S11_50	18	1	588.61910	733.74627	791.87408	748.53731
S11_50	19	0	342.16474	633.61194	546.03043	652.01493
S11_50	19	1	412.93075	653.14925	607.98216	670.02985
S11_50	20	0	1539.04197	377.16418	1448.57293	376.08955
S11_50	20	1	1678.55929	328.95522	1574.49108	315.70149
S11_50	21	0	886.54355	846.61194	937.78069	867.46269
S11_50	21	1	931.37041	787.74627	988.65163	816.97015
S11_50	22	0	1195.08395	644.58209	1428.05456	674.82090
S11_50	22	1	1285.24134	605.76119	1518.71563	631.94030
S11_50	23	0	1365.92340	143.01493	1552.53200	115.88060
S11_50	23	1	1292.63903	186.40299	1486.29906	173.47761
S11_50	24	0	928.02308	245.26866	1100.43861	264.50746
S11_50	24	1	965.04302	271.91045	1159.36831	289.37313
S11_50	25	0	991.97377	484.23881	901.01574	507.00000
S11_50	25	1	1212.18258	443.17910	1067.07975	459.85075
S11_50	26	0	897.24029	641.05970	898.63169	666.29851
S11_50	26	1	1070.72298	559.26866	1024.76915	579.94030
S11_50	27	0	931.76915	661.74627	1113.25813	685.35821
S11_50	27	1	816.93179	705.13433	996.40609	727.98507
S11_50	28	0	1073.69990	665.86567	1085.59496	689.20896
S11_50	28	1	1226.83526	606.43284	1249.30745	631.04478
S11_50	29	0	287.16789	510.23881	321.50787	541.94030
S11_50	29	1	15.03673	399.16418	51.64323	452.94030
S11_50	30	0	892.25813	754.71642	1007.77650	779.00000
S11_50	30	1	769.11018	765.62687	904.52361	785.59701
S11_50	31	0	337.96013	683.29851	326.33158	692.73134
S11_50	31	1	259.63903	633.56716	283.26758	649.34328
S11_50	32	0	583.83001	779.50746	780.68101	792.23881
S11_50	32	1	578.54145	686.38806	772.62225	702.92537
S11_50	33	0	924.32949	242.50746	1104.83841	262.32836
S11_50	33	1	782.04197	266.35821	976.65373	295.56716
S11_50	34	0	672.58342	363.61194	670.80588	392.10448
S11_50	34	1	596.02518	332.40299	563.77545	370.28358
S11_50	35	0	390.57398	309.89552	495.12697	357.74627
S11_50	35	1	250.30115	278.17910	389.35572	334.40299
S11_50	36	0	1337.30220	992.64179	1227.07240	1046.50746
S11_50	36	1	1096.72928	891.22388	1090.30115	924.26866
S11_50	37	0	1677.50682	497.55224	1694.07870	505.68657
S11_50	37	1	1811.73557	409.00000	1869.38090	394.49254
S11_50	38	0	1026.82791	674.56716	1022.12172	697.02985
S11_50	38	1	846.14481	707.25373	809.45540	728.95522
S11_50	39	0	932.12172	687.08955	1101.90871	711.70149
S11_50	39	1	812.49948	672.62687	991.35257	695.20896
S11_50	40	0	613.42917	535.23881	708.15320	560.14925
S11_50	40	1	367.22770	390.53731	512.08919	430.98507
S11_50	41	0	972.98216	521.65672	975.30745	543.22388
S11_50	41	1	864.69255	467.61194	885.40189	493.49254
S11_50	42	0	1216.76390	566.04478	1241.20672	584.82090
S11_50	42	1	1267.13116	500.58209	1271.17524	519.86567
S11_50	43	0	1263.08604	628.89552	1066.00525	652.55224
S11_50	43	1	1445.66737	647.16418	1242.29066	674.88060
S11_50	44	0	448.50892	723.26866	379.60231	733.64179
S11_50	44	1	593.06296	749.91045	494.18783	756.98507
S11_50	45	0	1008.56558	937.85075	899.87093	960.80597
S11_50	45	1	1150.60126	904.61194	1028.81112	930.61194
S11_50	46	0	823.00315	793.37313	306.26023	802.58209
S11_50	46	1	982.23610	718.08955	574.35887	738.47761
S11_50	47	0	607.96013	455.68657	663.54355	484.86567
S11_50	47	1	734.79853	562.94030	830.67576	584.25373
S11_58	0	0	1298.05771	737.31343	507.89612	743.95522
S11_58	0	1	1356.73557	737.31343	564.55929	745.98507
S11_58	1	0	1335.34837	733.41791	550.61700	741.13433
S11_58	1	1	1393.27072	734.17910	607.28017	742.65672
S11_58	2	0	707.70514	454.86567	975.24554	474.11940
S11_58	3	0	956.18888	654.98507	909.06191	668.08955
S11_58	3	1	1085.88458	658.28358	1020.87723	671.64179
S11_58	4	0	1353.20881	646.46269	1117.81742	648.68657
S11_58	4	1	1522.88458	541.71642	1263.31689	532.26866
S11_58	5	0	438.10388	771.17910	194.01574	779.31343
S11_58	5	1	830.11123	772.16418	539.86674	777.85075
S11_58	6	0	1154.89927	899.77612	664.90661	907.82090
S11_58	6	1	1005.05666	852.58209	525.89297	858.85075
S11_58	7	0	1486.25603	982.86567	1059.06296	1005.91045
S11_58	7	1	1391.56558	1030.05970	905.44281	1048.53731
S11_58	8	0	75.04722	678.26866	208.17943	692.73134
S11_58	8	1	170.74502	661.52239	263.58342	679.02985
S11_58	9	0	1377.88877	752.85075	1077.42183	760.89552
S11_58	9	1	1743.98951	521.65672	1438.06191	498.16418
S11_58	10	0	1741.75236	1036.35821	995.27282	1061.73134
S11_58	10	1	1407.47954	1035.08955	728.74397	1051.07463
S11_58	11	0	745.73137	646.41791	463.87093	660.65672
S11_58	11	1	936.37146	618.00000	666.23190	630.46269
S11_58	12	0	968.55299	643.64179	827.65582	653.65672
S11_58	12	1	1106.05561	636.79104	976.99475	649.08955
S11_58	13	0	750.23400	814.79104	342.80378	819.19403
S11_58	13	1	647.73662	722.94030	133.05876	737.41791
S11_58	14	0	1573.89822	476.11940	1275.49948	457.83582
S11_58	14	1	1807.71039	395.73134	1535.25079	357.91045
S11_58	15	0	949.26233	540.28358	405.12802	556.40299
S11_58	15	1	1252.90346	495.86567	757.12172	499.55224
S11_58	16	0	936.83211	157.40299	383.55824	191.37313
S11_58	16	1	1259.11857	225.20896	714.40714	227.20896
S11_58	17	0	706.99161	624.02985	652.50997	639.23881
S11_58	17	1	385.35572	566.32836	389.35047	591.40299
S11_58	18	0	1158.56873	643.86567	1080.32424	649.73134
S11_58	18	1	959.51417	620.98507	889.58027	632.17910
S11_58	19	0	1261.11438	443.80597	1283.29276	435.52239
S11_58	19	1	1068.99790	432.64179	1083.11752	435.77612
S11_58	20	0	971.23295	551.67164	489.74921	567.58209
S11_58	20	1	1317.98426	520.08955	774.80063	523.31343
S11_58	21	0	1484.21301	640.91045	1168.27702	641.10448
S11_58	21	1	1754.64743	595.70149	1364.16789	585.49254
S11_58	22	0	203.23085	641.47761	253.62854	662.37313
S11_58	22	1	350.77440	611.64179	399.18993	636.74627
S11_58	23	0	843.65582	827.95522	536.17209	832.34328
S11_58	23	1	1157.06506	866.94030	684.63903	874.05970
S11_58	24	0	1579.56768	637.98507	1586.48688	635.20896
S11_58	24	1	1792.84995	632.05970	1813.11647	620.65672
S11_58	25	0	882.11542	454.70149	404.31375	477.95522
S11_58	25	1	1191.98426	441.52239	629.31375	448.79104
S11_58	26	0	1278.43232	587.95522	390.19937	599.19403
S11_58	26	1	867.66527	491.38806	123.48269	519.37313
S11_58	27	0	404.81952	292.65672	100.48269	353.07463
S11_58	27	1	639.74921	323.67164	265.40189	368.10448
S11_58	28	0	1294.43337	613.56716	1120.78069	615.73134
S11_58	28	1	1480.76495	511.77612	1302.57922	500.74627
S11_58	29	0	1810.46380	580.91045	1008.81847	567.86567
S11_58	29	1	1634.11542	481.98507	566.21301	476.41791
S11_58	30	0	619.07030	640.43284	404.68835	656.67164
S11_58	30	1	410.22560	638.98507	182.22770	660.08955
S11_58	31	0	1254.09339	692.07463	848.87303	696.80597
S11_58	31	1	1383.03358	639.80597	1055.12697	640.47761
S11_58	32	0	1196.41868	689.82090	954.41658	696.61194
S11_58	32	1	1383.62749	615.26866	1145.90661	616.47761
S11_58	33	0	667.26233	587.95522	121.03987	609.88060
S11_58	33	1	1026.24554	591.34328	428.76180	601.58209
S11_58	34	0	1466.67576	666.50746	1173.87408	667.07463
S11_58	34	1	1597.37880	584.29851	1195.31165	572.26866
S11_58	35	0	205.22770	661.37313	271.84890	679.22388
S11_58	35	1	323.08709	666.19403	371.82791	682.77612
S13_63	0	0	1294.06191	697.16418	517.80273	702.79104
S13_63	0	1	1352.23610	698.17910	571.69570	703.55224
S13_63	1	0	602.98216	722.42537	713.09234	733.52239
S13_63	1	1	709.76076	768.43284	824.57188	779.19403
S13_63	2	0	890.25603	966.32836	930.63589	972.81343
S13_63	2	1	469.67576	825.05224	563.44491	828.17910
S13_63	3	0	807.86884	914.50000	655.74607	914.47015
S13_63	3	1	637.21511	816.75373	462.59496	818.73881
S13_63	4	0	870.36621	839.77612	733.44281	845.20149
S13_63	4	1	775.67576	854.21642	702.88667	858.29851
S13_63	5	0	862.93704	742.57463	745.41028	750.65672
S13_63	5	1	688.66632	750.29851	594.30850	751.66418
S13_63	6	0	1054.53830	919.70896	943.40609	931.96269
S13_63	6	1	1176.44176	1005.12687	1038.43232	1023.97761
S13_63	7	0	242.52571	468.73881	458.05981	507.77612
S13_63	7	1	135.41133	434.14925	374.78594	485.61194
S13_63	8	0	801.84155	965.27612	613.24554	969.68657
S13_63	8	1	586.99475	973.97015	404.72508	957.93284
S13_63	9	0	543.54984	902.91045	458.38090	901.78358
S13_63	9	1	400.84260	846.49254	362.68311	843.68657
S13_63	10	0	362.50577	834.77612	554.62854	831.03731
S13_63	10	1	289.64113	811.60448	498.88877	813.23881
S13_63	11	0	914.63799	981.63433	874.65582	987.35075
S13_63	11	1	1003.28437	963.50000	951.88562	976.60448
S13_63	12	0	834.45435	684.38806	699.26863	696.76866
S13_63	12	1	773.34208	691.44030	717.06506	699.45522
S13_63	13	0	260.48374	690.75373	205.16789	706.40299
S13_63	13	1	114.75446	644.74627	8.39454	670.17910
S13_63	14	0	1546.80063	787.80597	1234.96222	796.55224
S13_63	14	1	1775.96852	731.77612	1381.36306	733.08209
S13_63	15	0	977.77754	814.17164	757.08185	820.29104
S13_63	15	1	809.88667	782.60448	629.14900	786.70896
S13_63	16	0	889.46380	732.70896	732.23085	745.54478
S13_63	16	1	747.42812	678.30597	634.18258	694.16418
S13_63	17	0	1736.27282	622.41045	1087.38825	610.98507
S13_63	17	1	1514.66632	546.67164	1043.40084	539.11940
S13_63	18	0	1245.49843	604.50000	854.24134	607.75373
S13_63	18	1	1114.87933	549.08955	819.65582	555.02985
S13_63	19	0	1261.84155	677.94030	1135.56453	682.76866
S13_63	19	1	1111.74711	624.54478	985.17104	630.48507
S13_63	20	0	1273.30010	876.85075	1067.06925	890.09701
S13_63	20	1	1151.74711	769.72388	929.73452	778.94030
S13_63	21	0	1099.62329	841.38806	848.28017	850.80597
S13_63	21	1	961.95278	753.06716	706.91605	757.44776
S13_63	22	0	952.94858	763.65672	1213.92550	772.70896
S13_63	23	0	1394.56034	749.02985	1593.95488	762.81343
S13_63	23	1	1456.34418	742.98507	1686.29486	754.08209
S13_63	24	0	364.91081	591.30597	549.72718	617.06716
S13_63	24	1	477.06191	612.46269	662.88562	632.17910
S13_63	25	0	312.98111	537.41045	417.76076	568.97761
S13_63	25	1	181.01889	547.48507	329.45016	581.06716
S13_63	26	0	179.97272	588.63433	324.47534	619.22388
S13_63	26	1	400.91710	649.75373	497.06716	666.23881
S13_63	27	0	1476.19727	1049.44030	1161.18993	1078.65672
S13_63	27	1	1138.59496	841.08209	888.72928	848.13433
S13_63	28	0	949.26548	903.66418	828.39769	908.42537
S13_63	28	1	798.16369	870.75373	680.65373	872.82836
S13_63	29	0	744.44071	608.82090	567.98951	625.44776
S13_63	29	1	869.01574	572.88806	718.75551	585.14925
S13_63	30	0	595.21406	993.58955	604.62120	984.81343
S13_63	30	1	491.45750	930.45522	529.40609	922.35075
S13_63	31	0	554.95908	894.25373	463.96747	890.85075
S13_63	31	1	509.62854	821.71642	464.97482	825.70149
S13_63	32	0	631.23820	865.41791	328.15110	863.38806
S13_63	32	1	547.79958	734.67164	179.23505	745.73881
S13_63	33	0	1021.04932	975.73881	967.49108	986.33582
S13_63	33	1	895.13116	964.65672	868.09969	969.88060
S13_63	34	0	1070.65373	837.51493	775.27597	849.35821
S13_63	34	1	1278.83841	852.96269	938.13012	863.46269
S13_63	35	0	1251.79538	904.35821	1136.38825	919.29851
S13_63	35	1	1189.33998	860.02985	1053.45016	870.94030
S13_63	36	0	1278.02518	816.26119	1129.71144	827.85075
S13_63	36	1	1121.21511	801.14925	968.53620	810.38806
S13_63	37	0	869.59496	783.48507	658.75656	786.53731
S13_63	37	1	1024.39035	753.59701	747.06716	755.64179
S13_63	38	0	652.50892	871.20149	765.91081	875.55224
S13_63	38	1	863.25603	867.44030	955.83945	875.48507
S13_63	39	0	751.12592	324.85075	925.92235	343.88806
S13_63	39	1	670.87408	268.43284	851.71459	297.88060
S13_63	40	0	1013.82896	468.91791	1125.16264	469.82090
S13_63	40	1	902.68520	405.44776	1011.33263	416.42537
S13_63	41	0	867.09234	513.91791	1023.42078	521.53731
S13_63	41	1	773.74502	456.49254	930.74502	472.17164
S13_63	42	0	1004.89822	539.98507	1144.10178	545.25373
S13_63	42	1	919.60965	491.29104	1043.36726	500.58955
S13_63	43	0	883.37880	605.93284	1054.48164	614.89552
S13_63	43	1	796.74711	583.76866	952.73977	597.76866
S13_63	44	0	1181.84365	535.74627	1282.43232	530.60448
S13_63	44	1	1067.67786	507.87313	1148.79119	510.79104
S13_63	45	0	554.32214	861.17164	675.54040	861.79851
S13_63	45	1	378.17838	787.09701	525.58762	792.76119
S13_63	46	0	159.99685	759.32090	301.18573	763.21642
S13_63	46	1	338.63274	816.74627	444.90031	818.29104
S13_63	47	0	479.16789	708.82836	752.04512	722.21642
S13_63	47	1	406.30325	653.75373	693.61910	671.84328
S13_63	48	0	135.32529	666.65672	367.97692	686.66418
S13_63	48	1	258.89297	653.22388	477.44176	673.56716
S13_65	0	0	1324.23638	719.18927	551.65046	715.52012
S13_65	0	1	1381.77200	724.82265	610.39313	723.56781
S13_65	1	0	1758.79966	315.79285	1812.17100	289.50820
S13_65	1	1	1690.23554	607.95529	1643.20788	602.88376
S13_65	2	0	1184.46773	765.31297	981.98910	786.67958
S13_65	2	1	1254.38977	629.88376	1083.22381	641.57526
S13_65	3	0	1093.55742	518.93890	1020.14166	534.26379
S13_65	3	1	988.62196	575.73472	940.07460	591.82563
S13_65	4	0	1415.89941	435.71088	1161.02850	433.64382
S13_65	4	1	1335.94049	678.11475	1094.67477	686.87034
S13_65	5	0	1363.42666	920.92399	836.52054	937.07601
S13_65	5	1	1548.75105	726.80328	890.50880	728.04769
S13_65	6	0	1330.30176	835.81669	1226.68650	869.65127
S13_65	6	1	1360.61023	694.98212	1267.79212	719.98063
S13_65	7	0	1312.80386	488.45753	1282.81559	504.27869
S13_65	7	1	1282.50880	594.78689	1220.82481	614.67064
S13_65	8	0	1669.40570	445.52310	1326.19195	423.61848
S13_65	8	1	1582.88768	583.66766	1211.04610	583.42623
S13_65	9	0	932.91115	568.92697	1196.43252	593.49031
S13_65	9	1	979.79966	510.08942	1246.92707	534.30700
S13_65	10	0	812.91115	649.78987	1087.20034	677.34426
S13_65	10	1	835.84493	594.86289	1109.32942	623.63338
S13_65	11	0	1354.18273	241.04918	1376.46773	228.95678
S13_65	11	1	1262.89355	340.31744	1288.56748	344.33234
S13_65	12	0	1634.86253	84.92697	1732.37217	27.97019
S13_65	12	1	1526.03018	182.05961	1648.60268	135.61401
S13_65	13	0	1471.10897	688.81669	1404.10813	708.24590
S13_65	13	1	1535.84325	519.55142	1541.99916	527.59165
S13_65	14	0	1467.45767	332.87034	1442.62615	339.95231
S13_65	14	1	1610.85247	120.74963	1600.00084	76.41133
S13_65	15	0	985.65130	556.29210	1171.29003	577.69747
S13_65	15	1	922.08047	626.21759	1093.83822	650.46051
S13_65	16	0	1529.75692	273.83308	1541.70830	252.34873
S13_65	16	1	1432.99246	309.30253	1459.42833	300.18182
S13_65	17	0	1402.38055	428.15350	1288.76697	428.94188
S13_65	17	1	1515.84241	365.78390	1440.04946	364.96274
S13_65	18	0	848.84493	802.08793	924.31350	825.31744
S13_65	18	1	805.59262	865.32489	881.66471	875.78539
S13_65	19	0	701.70997	864.16841	770.43252	879.14009
S13_65	19	1	781.08718	760.52012	848.48533	773.89866
S13_65	20	0	834.86421	836.08495	847.40319	855.96572
S13_65	20	1	918.30763	710.70790	932.33110	733.63189
S13_65	21	0	951.75189	705.82563	1043.02179	734.22802
S13_65	21	1	994.80302	602.41282	1080.03772	630.01043
S13_65	22	0	566.03521	897.16990	687.23722	903.69598
S13_65	22	1	633.58676	782.57377	748.64376	797.68405
S13_65	23	0	784.65549	788.56930	864.04778	806.73621
S13_65	23	1	845.61106	688.24143	928.76278	715.14307
S13_65	24	0	1016.70997	690.80477	1108.52054	716.39791
S13_65	24	1	1085.80386	616.37258	1204.40151	634.46647
S13_65	25	0	831.47360	879.42176	923.04023	900.65574
S13_65	25	1	876.98743	761.62891	979.29003	777.98361
S13_65	26	0	1314.40151	268.46796	1417.90528	260.65425
S13_65	26	1	1399.80386	154.75261	1500.15339	136.32787
S13_65	27	0	1055.50880	543.46498	1073.10059	566.28912
S13_65	27	1	1179.58508	434.94039	1191.50880	448.76155
S13_65	28	0	908.08885	661.88376	981.03604	684.56036
S13_65	28	1	988.79799	580.92548	1050.68064	608.20715
S13_65	29	0	759.59681	784.47690	789.95390	801.24888
S13_65	29	1	866.10645	681.37109	876.29003	702.14307
S13_65	30	0	1052.36211	650.50522	1071.62951	669.55887
S13_65	30	1	1150.18273	550.02086	1165.72758	569.95380
S13_65	31	0	514.09472	1017.11326	572.21375	1015.97914
S13_65	31	1	602.93462	899.77645	649.78793	907.31595
S13_65	32	0	921.17100	136.34575	1026.99665	156.64531
S13_65	32	1	800.69824	295.09985	939.50880	317.57377
S13_65	33	0	1320.41660	690.07004	1137.59681	712.70045
S13_65	33	1	1281.49707	824.72429	1130.29422	851.57377
S13_65	34	0	937.71584	470.80477	923.36630	492.58718
S13_65	34	1	866.85247	578.85842	860.46186	603.43964
S13_65	35	0	1069.04191	758.63040	1027.88349	780.47988
S13_65	35	1	925.92288	996.41133	847.21794	1004.82861
S13_65	36	0	1301.04862	131.98212	1568.84158	110.29359
S13_66	0	0	1276.15635	694.76119	504.68625	686.98507
S13_66	0	1	1334.07870	694.76119	562.10493	694.54104
S13_66	1	0	807.89087	707.23881	1087.93284	745.52239
S13_66	2	0	1434.69675	632.07836	1748.75131	728.77612
S13_66	2	1	1381.81112	625.02612	1694.35467	716.18284
S13_66	3	0	1532.88038	737.74254	1852.00420	865.58582
S13_66	3	1	1484.52781	706.51119	1800.12592	822.26493
S13_66	4	0	746.24869	769.62313	832.34418	782.17164
S13_66	4	1	876.19622	748.46642	932.07135	776.12687
S13_66	5	0	303.17104	619.61567	506.02413	608.08955
S13_66	5	1	236.68625	580.32463	431.98426	567.79104
S13_66	6	0	428.92445	938.98881	619.16055	914.73134
S13_66	6	1	532.68101	861.41418	712.33998	853.27612
S13_66	7	0	399.48688	874.95149	621.95803	854.22015
S13_66	7	1	382.86569	778.73881	607.35152	761.53358
S13_66	8	0	286.98426	601.19030	525.57293	592.54851
S13_66	8	1	355.48374	584.56716	599.61280	584.48881
S13_66	9	0	429.06086	806.64179	664.12382	797.49627
S13_66	9	1	524.25498	817.22015	739.67471	816.13433
S13_66	10	0	400.45331	629.39179	607.71878	626.07836
S13_66	10	1	448.30220	642.99254	636.93179	640.18284
S13_66	11	0	391.24029	913.23507	582.38825	884.23134
S13_66	11	1	356.99056	817.52612	567.78174	793.05597
S13_66	12	0	225.83316	648.38806	470.87408	629.96269
S13_66	12	1	199.64218	597.00746	437.63169	579.08582
S13_66	13	0	350.90661	655.33955	577.31165	648.50000
S13_66	13	1	324.21196	630.65672	541.04722	625.83209
S13_66	14	0	501.28227	947.01493	497.89192	910.44403
S13_66	14	1	642.81427	1001.92164	598.12277	977.44030
S13_66	15	0	1213.01679	913.49627	1429.05352	1010.48507
S13_66	15	1	1297.13012	947.75000	1526.26233	1062.87313
S13_66	16	0	677.59706	100.74627	625.03463	129.79851
S13_66	16	1	587.43966	178.32090	568.11962	205.86194
S13_66	17	0	1200.94334	579.06716	1271.30010	630.54851
S13_66	17	1	1276.49423	556.90299	1372.53830	616.44403
S13_66	18	0	1324.34313	557.91045	1313.10493	611.91045
S13_66	18	1	1343.98636	488.39552	1286.91396	537.86194
S13_66	19	0	1778.54145	712.17164	1654.25498	817.35821
S13_66	19	1	1585.63484	673.88806	1470.41448	754.89552
S13_66	20	0	826.00525	720.17164	879.03463	738.15672
S13_66	20	1	725.27072	685.91791	788.87723	695.84328
S13_66	21	0	1348.71878	961.69030	1390.53830	1057.83582
S13_66	21	1	1293.31480	903.25746	1313.98006	988.32090
S13_66	22	0	504.02413	300.17910	508.95068	315.48134
S13_66	22	1	569.50157	304.20896	599.61175	320.01493
S13_66	23	0	298.50577	503.25000	450.75236	495.82836
S13_66	23	1	438.02308	589.89179	554.00525	584.48507
S13_66	24	0	999.58342	893.11567	890.59077	918.80597
S13_66	24	1	1173.85414	989.83209	1084.00105	1043.73134
S13_66	25	0	997.56873	832.16418	1024.06401	869.44030
S13_66	25	1	1097.79958	891.60448	1150.98951	943.48881
S13_66	26	0	1308.05352	954.23881	1149.00630	1024.08582
S13_66	26	1	1404.75866	911.42164	1294.56768	997.89179
S13_66	27	0	973.28122	885.20149	901.33263	908.65299
S13_66	27	1	869.02099	827.77612	824.77440	843.67164
S13_66	28	0	1077.82896	564.65299	1114.23715	605.20149
S13_66	28	1	1050.63064	504.70896	1111.71878	541.22761
S13_66	29	0	1105.67576	866.11940	935.59811	899.51119
S13_66	29	1	1253.75551	841.43657	1105.83945	894.47388
S13_66	30	0	255.08395	422.51119	326.74187	419.42910
S13_66	30	1	496.84680	431.07463	545.33578	435.04478
S13_66	31	0	1450.69360	496.17164	1724.57503	569.77239
S13_66	31	1	1407.37775	447.81343	1685.28856	514.36194
S13_66	32	0	269.96852	589.20149	262.41343	558.57836
S13_66	32	1	188.87723	558.97761	154.62749	521.80597
S13_66	33	0	590.04512	559.23881	594.68206	559.78731
S13_66	33	1	395.12382	508.36194	417.38930	499.33955
S13_66	34	0	1013.93284	532.54104	1071.81112	566.84328
S13_66	34	1	1157.98321	557.22388	1217.87618	603.61567
S13_66	35	0	968.61595	527.08955	1020.09759	559.46642
S13_66	35	1	997.82896	515.00000	1085.07135	552.41418
S13_66	36	0	158.52886	561.97015	59.43337	520.57090
S13_66	36	1	423.96432	579.09701	253.34732	550.29104
S13_66	37	0	494.33368	566.01493	458.32214	555.40672
S13_66	37	1	668.10073	592.71269	616.97901	592.17910
S13_66	38	0	1083.98951	484.52612	799.32109	496.61567
S13_66	38	1	853.30745	464.88060	607.42183	466.89552
S13_66	39	0	225.11647	99.73881	79.07660	121.30970
S13_66	39	1	331.39140	160.18657	254.35467	180.75000
S13_66	40	0	217.19412	222.43657	3.02204	221.82836
S13_66	40	1	446.36516	256.69030	252.84365	259.60821
S13_66	41	0	321.95803	312.60448	257.88038	315.01866
S13_66	41	1	452.91291	283.89179	406.96747	293.35821
S13_66	42	0	951.78804	858.81716	689.32844	861.76493
S13_66	42	1	791.11647	800.38433	529.16055	784.19030
S13_66	43	0	921.56768	762.10075	697.38720	764.04104
S13_66	43	1	746.28961	726.33582	553.33683	715.17910
S13_66	44	0	960.81742	761.04478	785.65582	772.25373
S13_66	44	1	805.68625	672.89179	644.12382	673.01866
S13_66	45	0	988.81742	686.98134	781.42078	699.70149
S13_66	45	1	855.34418	539.38806	662.05037	540.52239
S13_66	46	0	1521.13746	635.12687	1374.28437	702.26866
S13_66	46	1	1375.07240	606.41418	1231.24134	658.94776
S13_66	47	0	1276.85100	664.86194	957.64533	696.70149
S13_66	47	1	1113.15740	544.97388	811.07660	560.69403
S13_66	48	0	1251.22246	852.47388	952.70829	889.95522
S13_66	48	1	1443.62539	845.92537	1161.73242	910.60821
S13_66	49	0	1132.85939	868.59328	883.70514	898.01493
S13_66	49	1	1329.29171	898.81716	1065.02728	956.44776
S13_66	50	0	1169.79328	797.04478	942.29696	829.48881
S13_66	50	1	1339.53095	766.82090	1129.15950	822.43657
S13_66	51	0	954.33683	521.51866	995.41448	548.48881
S13_66	51	1	1110.47534	490.79104	1167.16684	525.31716
S13_66	52	0	1576.88458	437.94403	1495.12382	485.40299
S13_66	52	1	1687.69255	351.30224	1713.21406	394.73134
S13_67	0	0	1286.67812	732.26080	496.72087	741.81073
S13_67	0	1	1348.23722	737.08942	557.47527	743.82265
S13_67	1	0	596.51383	568.69151	749.71668	587.81520
S13_67	1	1	681.81140	549.37705	845.07293	568.50075
S13_67	2	0	1639.16178	515.58718	1681.38894	488.91803
S13_67	2	1	1794.06538	473.33681	1813.76111	435.40089
S13_67	3	0	607.71668	979.00149	445.39229	979.00149
S13_67	3	1	318.81056	998.31595	239.50964	987.45156
S13_67	4	0	1254.39648	735.52757	1008.63873	739.36066
S13_67	4	1	1206.28332	581.16542	924.11903	588.28465
S13_67	5	0	1052.98910	558.22951	847.67309	572.59165
S13_67	5	1	1120.98575	705.90462	941.09556	718.61550
S13_67	6	0	977.75021	616.97765	705.03688	633.14605
S13_67	6	1	1079.54401	707.11177	853.50293	719.65872
S13_67	7	0	1193.26739	496.59613	1062.78290	497.79881
S13_67	7	1	1212.58005	612.88525	1046.68902	615.29508
S13_67	8	0	921.05616	621.40089	641.76278	634.01043
S13_67	8	1	1092.05365	649.97019	848.56915	656.54396
S13_67	9	0	913.43923	381.65127	685.47863	402.10581
S13_67	9	1	960.51383	315.25782	782.84661	333.70045
S13_67	10	0	948.29086	581.05365	713.25566	593.60358
S13_67	10	1	1165.79883	392.60358	942.45516	399.88227
S13_67	11	0	1831.48365	610.28912	1893.84744	595.78689
S13_67	11	1	1580.41911	609.08197	1628.29841	602.22504
S13_67	12	0	1396.72087	536.25335	1445.41995	529.67958
S13_67	12	1	1247.04778	551.94635	1312.24308	552.61550
S13_67	13	0	1780.78793	719.37258	1285.20872	723.66766
S13_67	13	1	1548.63370	791.39940	1001.95474	801.22951
S13_67	14	0	1337.40151	677.61550	1527.30930	679.22504
S13_67	15	0	1217.98240	392.38450	460.31014	403.53204
S13_67	15	1	1668.00587	317.98212	772.55658	293.98212
S13_67	16	0	1514.09556	616.99404	860.85666	625.44411
S13_67	16	1	1895.05448	555.87034	1248.93546	535.61997
S13_67	17	0	1611.88097	665.64382	1527.01760	670.29359
S13_67	17	1	1454.96563	690.99404	1395.85247	698.46051
S13_67	18	0	1777.97150	660.07750	1155.41995	662.69598
S13_67	18	1	1409.29505	585.00596	864.43168	588.37258
S13_67	19	0	748.19614	616.73025	592.08718	634.67511
S13_67	19	1	854.81811	580.51565	727.27578	597.25335
S13_67	20	0	1573.45096	214.64382	393.23638	201.02981
S13_67	20	1	1077.22464	433.47243	160.53646	459.52012
S13_67	21	0	754.82230	863.57973	53.91450	867.92996
S13_67	21	1	1020.49036	881.87928	429.70662	886.84203
S13_67	22	0	1054.14920	840.17884	638.92707	854.66468
S13_67	22	1	1695.08801	613.33681	1449.38055	612.89866
S13_67	23	0	832.05365	960.89419	751.58424	952.84650
S13_67	23	1	251.06454	981.81818	259.11148	957.67511
S14_67	0	0	1290.39732	652.25186	501.20704	662.60060
S14_67	0	1	1344.58005	652.25186	553.78039	661.25931
S14_67	1	0	877.43168	148.44411	928.33026	165.65127
S14_67	1	1	682.29338	13.64531	721.52389	60.22653
S14_67	2	0	769.20034	144.42027	703.41827	179.73472
S14_67	2	1	974.08801	262.39642	937.18189	272.68554
S14_67	3	0	1600.44342	592.47988	1861.65968	580.76304
S14_67	3	1	1534.45851	540.57228	1773.14334	522.41729
S14_67	4	0	1260.90025	445.69598	1561.89438	431.15648
S14_67	5	0	1623.47108	571.82712	1303.61442	561.74367
S14_67	5	1	1729.69070	674.43517	1441.21710	673.60656
S14_67	6	0	1226.08801	191.66319	1461.92791	161.41282
S14_67	6	1	1129.52473	126.87928	1351.28248	104.67660
S14_67	7	0	1437.55239	307.60358	1611.64627	269.66319
S14_67	7	1	1499.51383	305.18927	1670.79128	260.81073
S14_67	8	0	1141.84577	238.79881	1118.29841	233.38450
S14_67	8	1	1017.52054	126.13115	987.93797	131.58122
S14_67	9	0	810.14250	334.18927	578.87678	361.94635
S14_67	9	1	700.21291	0.80477	431.75189	57.13860
S14_67	10	0	1489.16597	397.97019	1585.75189	368.80328
S14_67	10	1	1574.17770	532.85842	1665.81894	516.07601
S14_67	11	0	822.59179	468.77496	582.15423	489.67958
S14_67	11	1	988.76111	552.87332	735.04610	565.32787
S14_67	12	0	1242.20117	720.45604	919.41576	728.04173
S14_67	12	1	1168.97402	592.90015	899.29841	600.48584
S14_67	13	0	1210.41576	678.20566	1054.60436	686.59613
S14_67	13	1	1088.95474	581.19374	952.71668	588.36066
S14_67	14	0	1457.39648	521.42027	1397.53311	509.65574
S14_67	14	1	1511.71333	648.57377	1445.81475	648.47839
S14_67	15	0	1152.84577	746.88227	867.43168	757.54396
S14_67	15	1	1311.77284	839.83308	1031.58927	853.31148
S14_67	16	0	1216.06454	848.95827	744.58005	860.18927
S14_67	16	1	1276.80302	716.67958	907.20117	726.11773
S14_67	17	0	1217.69321	576.33681	986.85331	581.86289
S14_67	17	1	1364.95222	698.66170	1124.85834	706.19970
S14_67	18	0	924.91953	611.71535	576.49036	626.58718
S14_67	18	1	1067.75272	616.54396	778.87091	626.58718
S14_67	19	0	773.94719	192.83905	819.38474	221.04620
S14_67	19	1	665.71584	92.24292	744.14585	134.93592
S14_67	20	0	1299.58005	593.77496	1245.29505	595.23696
S14_67	20	1	1184.50880	481.91207	1108.89941	482.56930
S14_67	21	0	890.67393	224.83010	964.44761	237.99851
S14_67	21	1	801.75524	128.66021	889.20872	152.29061
S14_67	22	0	1107.21291	64.38152	1035.26739	59.95529
S14_67	22	1	1168.77200	175.03726	1114.52976	164.57526
S14_67	23	0	1180.84241	160.55142	1179.70997	146.46796
S14_67	23	1	1243.60855	246.66170	1236.03856	230.16393
S14_67	24	0	1916.78122	548.37258	1718.42414	521.96572
S14_67	24	1	1697.90444	400.81073	1516.84828	365.84054
S14_67	25	0	1072.85750	462.43219	840.20117	472.08942
S14_67	25	1	925.52137	292.67511	701.77536	313.76304
S14_67	26	0	1062.20201	533.62444	775.50964	544.21311
S14_67	26	1	1266.92791	492.77496	930.81559	494.31744
S14_67	27	0	1232.72842	531.80626	959.78458	534.55589
S14_67	27	1	1346.99497	448.11028	1100.58005	442.31297
S14_67	28	0	1005.22464	397.18182	754.18944	410.14605
S14_67	28	1	1001.20117	569.43219	756.20117	579.95231
S14_67	29	0	1540.32188	260.24888	1650.14250	208.45604
S14_67	29	1	1652.57670	214.77943	1805.44845	140.05067
S14_67	30	0	1370.84577	226.77496	1201.75189	203.00596
S14_67	30	1	1225.59849	155.55291	1075.81727	143.45306
S14_67	31	0	930.29505	502.37705	608.41995	518.97019
S14_67	31	1	753.43168	381.87034	347.14250	416.45604
S14_67	32	0	1157.58424	334.83458	1064.16597	333.84650
S14_67	32	1	1213.10813	247.91952	1134.97904	236.46945
S14_67	33	0	1060.63873	528.00596	818.81056	537.77496
S14_67	33	1	1016.49790	364.11773	739.22464	377.34873
S14_67	34	0	980.16597	577.61103	695.60017	589.41580
S14_67	34	1	937.51718	418.26677	652.95138	436.91207
S14_67	35	0	887.98240	35.40984	424.20117	80.07452
S14_67	35	1	1007.07712	258.33085	555.67393	279.42027
S14_67	36	0	869.01341	399.47988	648.88097	420.21311
S14_67	36	1	1021.90528	341.53651	807.00335	353.01490
S14_67	37	0	1547.05281	376.43219	1353.11148	348.50373
S14_67	37	1	1761.07293	181.26528	1613.33026	109.18182
S14_68	0	0	1351.54145	626.49254	513.93704	639.29851
S14_68	0	1	1410.47114	624.97015	574.12592	641.07463
S14_68	1	0	630.10808	166.97015	517.86569	187.37313
S14_68	1	1	733.61280	104.80597	651.33893	127.23881
S14_68	2	0	830.36831	254.86567	509.56663	267.49254
S14_68	2	1	478.61910	154.76119	172.41133	177.85075
S14_68	3	0	1068.24659	196.46269	952.09024	203.28358
S14_68	3	1	861.84470	214.89552	733.09654	226.53731
S14_68	4	0	244.64953	148.86567	321.96013	182.50746
S14_68	4	1	134.59706	135.67164	220.21826	172.10448
S14_68	5	0	905.47324	336.28358	868.73242	345.82090
S14_68	5	1	869.20881	350.74627	843.29696	360.02985
S14_68	6	0	295.59391	114.40299	457.64743	148.34328
S14_68	6	1	112.00525	117.95522	298.23505	159.50746
S14_68	7	0	1083.67366	433.29851	891.85519	442.85075
S14_68	7	1	847.14690	327.76119	688.31899	337.31343
S14_68	8	0	419.88562	246.17910	563.50892	264.10448
S14_68	8	1	540.01154	228.41791	685.90136	244.82090
S14_68	9	0	555.58342	317.64179	415.78384	330.05970
S14_68	9	1	276.38720	218.74627	111.15215	240.29851
S14_68	10	0	1560.62015	109.29851	1856.53725	77.23881
S14_68	10	1	1504.20881	97.62687	1796.09654	66.58209
S14_68	11	0	440.23924	238.49254	307.33893	253.23881
S14_68	11	1	249.59916	196.62687	177.13956	222.79104
S14_68	12	0	683.20672	235.10448	807.30220	248.41791
S14_68	12	1	261.46275	256.95522	375.31375	266.85075
S14_68	13	0	223.47954	252.83582	310.82686	273.29851
S14_68	13	1	364.00420	247.00000	448.58132	267.46269
S14_68	14	0	753.92550	128.95522	929.16055	143.25373
S14_68	14	1	657.72403	137.07463	850.83945	153.14925
S14_68	15	0	870.40504	271.83582	777.84995	285.95522
S14_68	15	1	771.18153	242.91045	712.87618	257.28358
S14_68	16	0	1083.99685	456.35821	831.77650	464.46269
S14_68	16	1	987.13536	331.68657	780.49738	339.28358
S14_68	17	0	1135.85939	433.64179	905.90346	443.55224
S14_68	17	1	1074.28437	308.19403	876.05981	315.05970
S14_68	18	0	1145.07240	429.58209	969.76495	439.49254
S14_68	18	1	1104.52676	328.08955	973.62015	338.50746
S14_68	19	0	1551.23400	124.32836	1463.88458	111.61194
S14_68	19	1	1407.18363	66.98507	1326.13012	58.07463
S14_68	20	0	734.22455	149.17910	418.37356	168.53731
S14_68	20	1	526.70934	106.95522	256.19098	134.53731
S14_68	21	0	914.79014	154.07463	808.64638	164.95522
S14_68	21	1	1037.43442	191.37313	901.82581	202.25373
S14_68	22	0	1358.39874	132.43284	1077.69780	127.49254
S14_68	22	1	1569.18573	110.35821	1239.79643	103.05970
S14_68	23	0	798.39559	237.67164	343.50577	252.05970
S14_68	23	1	556.77545	215.73134	40.53095	229.35821
S14_68	24	0	706.17733	552.08955	592.48583	551.43284
S14_68	24	1	265.01574	698.92537	160.95173	668.50746
S14_68	25	0	456.94963	5.58209	4.02938	38.73134
S14_68	25	1	740.57608	208.08955	362.19937	223.22388
S14_68	26	0	887.44176	566.73134	702.22141	568.05970
S14_68	26	1	117.35572	405.64179	150.47744	408.59701
S14_68	27	0	887.71039	566.00000	702.29906	567.94030
S14_68	27	1	437.57083	517.04478	349.41448	512.80597
S14_68	28	0	870.21406	167.92537	875.04302	179.80597
S14_68	28	1	720.68520	1.26866	718.96642	24.86567
S14_68	29	0	729.18258	291.14925	874.18258	300.68657
S14_68	29	1	636.25498	320.07463	795.86149	332.65672
S14_68	30	0	995.89717	118.25373	950.89192	125.44776
S14_68	30	1	782.01784	197.13433	755.14481	209.14925
S14_68	31	0	458.17524	386.86567	541.25603	393.68657
S14_68	31	1	262.45750	409.40299	369.96642	412.92537
S14_68	32	0	597.81322	331.91045	745.74502	344.50746
S14_68	32	1	525.03253	323.79104	661.12802	333.85075
S14_68	33	0	1547.45435	174.52239	1553.67471	164.97015
S14_68	33	1	1384.76810	172.49254	1387.46275	170.80597
S14_68	34	0	1466.99056	198.85075	1572.35257	191.53731
S14_68	34	1	1628.92130	188.95522	1760.22246	172.76119
S14_68	35	0	1152.34627	183.32836	1172.34837	184.13433
S14_68	35	1	1190.58552	380.46269	1056.26233	392.16418
S14_68	36	0	887.60756	593.64179	834.14586	599.23881
S14_68	36	1	676.25289	540.10448	675.77859	541.64179
S14_68	37	0	265.59916	164.94030	247.15215	193.76119
S14_68	37	1	372.12592	235.22388	377.09969	255.92537
S14_68	38	0	167.91291	82.26866	466.89087	129.16418
S14_68	39	0	656.26863	579.37313	549.64008	575.38806
S14_68	39	1	436.52886	608.91045	365.04407	594.67164
S14_68	40	0	1172.06506	502.59701	803.55404	512.43284
S14_68	40	1	899.97587	599.44776	556.14481	600.40299
S14_68	41	0	675.76600	110.58209	69.75866	129.46269
S14_68	41	1	1159.14061	35.01493	463.22770	40.95522
S14_68	42	0	1881.21721	258.73134	1606.84050	263.22388
S14_68	42	1	1629.61910	213.43284	1416.94229	207.26866
S14_68	43	0	1036.52991	589.64179	755.99685	597.32836
S14_68	43	1	773.91710	559.44776	443.00525	557.49254
S14_68	44	0	956.09444	394.67164	861.49318	403.01493
S14_68	44	1	792.44071	411.50746	730.53830	419.00000
S14_69	0	0	1340.40235	696.38003	502.24560	659.20864
S14_69	0	1	1396.19447	701.74516	558.57418	667.79285
S14_69	1	0	218.87678	117.49627	414.79883	197.45604
S14_69	1	1	394.30008	188.71833	571.71417	253.38748
S14_69	2	0	1214.57167	257.38003	1515.37888	280.37854
S14_69	3	0	1400.60352	330.61550	1276.30260	330.98212
S14_69	3	1	1519.29589	250.13860	1373.26823	237.22653
S14_69	4	0	1512.91199	456.08197	1393.59179	461.79136
S14_69	4	1	1409.50880	568.34724	1266.45013	583.71386
S14_69	5	0	696.81056	27.36215	68.39899	43.45753
S14_69	5	1	843.26488	162.16095	290.89690	171.01341
S14_69	6	0	1317.34954	653.18927	1243.39648	679.73920
S14_69	6	1	1249.75524	618.58420	1162.12238	640.30551
S14_69	7	0	1736.12741	544.33681	1407.95138	538.43666
S14_69	7	1	1784.40905	610.32787	1393.86924	610.86587
S14_69	8	0	1202.62699	492.87034	1150.82230	512.76304
S14_69	8	1	1269.31433	330.11773	1251.06454	343.71535
S14_69	9	0	1432.07963	325.47988	1513.78709	334.34426
S14_69	9	1	1479.98240	243.57973	1576.15088	240.58867
S14_69	10	0	544.47024	611.60358	194.33361	601.22504
S14_69	10	1	960.37301	873.34873	566.53730	862.02981
S14_69	11	0	900.21291	625.51565	589.77117	627.18927
S14_69	11	1	1123.51551	528.94337	972.02934	544.38450
S14_69	12	0	993.39648	133.37258	958.34954	158.98212
S14_69	12	1	1053.00587	287.98212	1029.85750	309.62742
S14_69	13	0	579.20117	146.49627	734.66220	203.98957
S14_69	13	1	445.21961	45.90015	600.27829	119.89121
S14_69	14	0	1057.60352	615.66319	924.07209	632.92996
S14_69	14	1	911.14920	500.58122	794.11400	518.65276
S14_69	15	0	1517.38474	294.23696	1568.67393	292.94635
S14_69	15	1	1407.14166	339.70641	1468.48952	347.67064
S14_69	16	0	1277.45516	511.45604	1253.41995	532.60358
S14_69	16	1	1153.53227	463.16990	1104.55155	482.70790
S14_69	17	0	791.43168	275.79881	871.25985	313.20119
S14_69	17	1	728.26320	247.63189	795.21626	288.65574
S14_69	18	0	773.23638	365.60358	846.02934	400.78689
S14_69	18	1	670.63789	287.94337	737.79799	329.96721
S14_69	19	0	1458.61526	297.99404	1466.43168	299.94635
S14_69	19	1	1354.00503	366.39940	1336.07125	377.60656
S14_69	20	0	1015.54484	403.94635	1142.43923	435.82265
S14_69	20	1	917.77452	417.22504	1041.85247	452.32042
S14_69	21	0	1098.07209	524.40835	1189.82984	556.36066
S14_69	21	1	1246.53814	527.22504	1356.80386	559.98212
S14_69	22	0	599.93965	336.92996	743.86924	380.81073
S14_69	22	1	540.79464	267.31744	697.19698	319.24590
S14_69	23	0	1675.77536	570.75112	1365.23638	568.72727
S14_69	23	1	1587.31852	728.08942	1216.31433	738.23696
S14_69	24	0	1197.91618	311.98212	1127.88852	326.18927
S14_69	24	1	1246.14669	545.33681	1183.56832	565.97019
S14_69	25	0	823.77536	830.78689	366.53311	807.65127
S14_69	25	1	1118.13495	829.22504	839.45516	836.81073
S14_69	26	0	724.22464	859.49329	255.89271	828.91207
S14_69	26	1	1219.99413	795.02981	981.72674	811.20715
S14_69	27	0	1230.01760	510.57526	1143.94719	528.67511
S14_69	27	1	1173.68902	461.48435	1117.39229	480.79136
S14_69	28	0	841.63873	423.52012	757.01760	445.81073
S14_69	28	1	704.03604	420.30104	588.83655	442.99404
S14_69	29	0	903.93546	667.98212	390.98240	650.89419
S14_69	29	1	817.02850	710.23249	159.63286	673.02534
S14_69	30	0	1227.09975	628.89419	1005.53311	642.22504
S14_69	30	1	1124.90360	564.11028	939.95054	576.23398
S14_69	31	0	1200.34199	781.08942	829.25985	783.39195
S14_69	31	1	1104.58340	690.95529	826.44342	698.08644
S14_69	32	0	836.86924	303.50373	29.77368	283.79881
S14_69	32	1	927.22464	56.33383	229.33780	59.15052
S14_69	33	0	998.87259	459.27273	728.01760	467.48435
S14_69	33	1	1026.23219	576.36662	800.44007	586.99255
S14_69	34	0	1183.05281	793.29657	992.73596	813.24441
S14_69	34	1	1300.13579	756.27720	1078.83822	775.82265
S14_69	35	0	1218.86505	556.98212	1076.55658	574.24143
S14_69	35	1	1316.63537	659.59016	1126.84996	677.25186
S14_69	36	0	1243.44342	606.18182	1034.07628	618.65574
S14_69	36	1	1162.16932	747.82116	974.93127	764.72131
S14_69	37	0	716.44342	47.48137	642.32607	93.35320
S14_69	37	1	843.18273	115.48435	752.16681	146.87034
S14_69	38	0	589.98240	286.61550	673.00587	330.56781
S14_69	38	1	667.63537	297.88227	737.38139	339.42027
S14_69	39	0	572.24811	152.53204	520.82984	198.85842
S14_69	39	1	600.41241	175.46796	580.77955	220.98957
S14_69	40	0	912.07628	71.22206	1150.43923	112.26528
S14_69	40	1	846.49371	81.28167	1096.52473	123.53204
S14_69	41	0	769.56832	225.11326	929.52137	269.40835
S14_69	41	1	718.06790	197.34873	880.83738	245.66766
S14_69	42	0	792.16597	172.16542	959.29505	217.09836
S14_69	42	1	734.22800	141.18182	902.96647	191.74814
S14_70	0	0	1329.16262	696.35320	564.47276	722.79434
S14_70	0	1	1389.78290	701.45007	618.92372	729.50075
S14_70	1	0	955.22045	796.33681	1175.86169	827.79881
S14_70	1	1	915.38810	816.05365	1129.59179	847.91803
S14_70	2	0	672.78290	713.40387	1026.52724	736.23398
S14_70	3	0	402.32607	920.20119	295.41995	909.92250
S14_70	3	1	556.82733	908.12966	481.30427	908.71535
S14_70	4	0	573.29086	752.79881	327.18944	762.23696
S14_70	4	1	799.40989	834.88525	564.60352	848.42027
S14_70	5	0	417.08382	844.75112	158.52473	840.77496
S14_70	5	1	620.67142	907.12072	375.38977	906.36364
S14_70	6	0	1892.64040	774.67511	848.34954	819.02981
S14_70	6	1	1433.51383	978.59911	665.56832	1013.60656
S14_70	7	0	1540.95893	867.10581	1849.18692	946.40835
S14_70	7	1	1507.56412	892.05365	1800.50293	972.56334
S14_70	8	0	1644.06454	576.69896	1655.06454	602.98212
S14_70	8	1	1866.16010	541.28912	1845.37469	560.32936
S14_70	9	0	1557.27158	926.46796	1869.70662	1020.44709
S14_70	9	1	1492.49371	920.83458	1795.27242	1005.55887
S14_70	10	0	384.40821	820.59165	263.81056	818.85842
S14_70	10	1	168.75021	809.32489	24.14082	803.22504
S14_70	11	0	707.27158	949.62742	641.81056	957.67511
S14_70	11	1	400.01341	896.42027	377.84577	890.17735
S14_70	12	0	1565.27913	972.56334	1652.32607	1059.07601
S14_70	12	1	1418.42246	963.30849	1497.02012	1033.72578
S14_70	13	0	1360.47863	895.61550	1118.93210	942.78689
S14_70	13	1	825.02934	903.83458	648.54484	918.93443
S14_70	14	0	1700.72087	97.37705	1464.01760	65.18629
S14_70	14	1	1103.69740	293.10581	1042.27158	311.23696
S14_70	15	0	1305.60352	501.56781	1380.15423	519.40835
S14_70	15	1	1619.70495	327.23696	1767.91282	311.81073
S14_70	16	0	976.63453	703.82265	1038.10729	728.79434
S14_70	16	1	1118.66303	628.17437	1164.04191	657.57228
S14_70	17	0	1622.75608	678.44411	1857.23386	721.61550
S14_70	17	1	1549.12657	668.78689	1778.77619	708.73920
S14_70	18	0	1367.05281	634.17735	1587.90444	667.24888
S14_70	18	1	1262.04023	619.69151	1460.36044	649.14158
S14_70	19	0	1675.83403	654.63934	1454.00587	690.20119
S14_70	19	1	1475.86756	747.99255	1252.02766	788.78539
S14_70	20	0	1410.44342	841.99404	1059.25985	884.87481
S14_70	20	1	1244.27410	927.70194	846.41827	962.53502
S14_70	21	0	960.55658	752.81073	411.22464	767.60358
S14_70	21	1	709.96312	739.17735	264.77033	748.69151
S14_70	22	0	1024.56832	657.67511	987.75189	682.99404
S14_70	22	1	1123.14334	643.99404	1100.81140	672.12966
S14_70	23	0	1130.53311	695.26080	576.89271	717.46796
S14_70	23	1	955.51215	679.56781	290.81056	698.59165
S14_70	24	0	382.86924	837.79881	591.38055	840.95827
S14_70	24	1	497.53814	777.84352	678.28751	791.46498
S14_70	25	0	990.73596	820.01788	1231.94300	854.23696
S14_70	25	1	1055.91618	789.83905	1302.35373	824.05812
S14_70	26	0	72.02012	1005.96125	307.07963	967.33234
S14_70	26	1	243.82230	1002.33979	443.07293	979.00149
S14_70	27	0	416.37217	838.97765	670.29841	844.57973
S14_70	27	1	508.91199	823.28465	758.41241	833.71535
S16_102	0	0	1310.45935	722.59165	540.49790	724.37258
S16_102	0	1	1372.82313	724.60358	600.84996	727.18927
S16_102	1	0	1091.58173	526.71982	1191.21710	549.96423
S16_102	1	1	1164.00419	529.93890	1264.44426	552.91505
S16_102	2	0	761.18609	518.35469	300.35038	531.62295
S16_102	2	1	454.91282	504.45306	111.07376	526.96870
S16_102	3	0	529.66806	547.81669	405.84744	572.57228
S16_102	3	1	158.04526	432.13413	82.88349	473.92101
S16_102	4	0	725.16262	523.67213	391.74853	545.79434
S16_102	4	1	970.49874	188.40387	412.32942	214.06259
S16_102	5	0	559.28248	652.71982	484.47024	670.16095
S16_102	5	1	311.55323	635.79285	279.51970	651.35469
S16_102	6	0	426.32691	784.28316	235.01425	784.47541
S16_102	6	1	308.93630	730.57377	48.28164	728.52459
S16_102	7	0	370.02263	662.99404	466.35541	679.13711
S16_102	7	1	322.54568	693.30700	403.05281	707.84054
S16_102	8	0	382.36127	681.77198	478.69405	696.84203
S16_102	8	1	176.35960	679.62593	297.71165	691.64680
S16_102	9	0	381.02012	684.18629	475.81727	697.81669
S16_102	9	1	302.42833	682.04024	391.05616	694.59762
S16_102	10	0	799.86588	181.87779	1039.04023	221.86885
S16_102	11	0	220.05532	652.94337	344.30763	671.72280
S16_102	11	1	435.71333	658.30849	490.76194	679.77049
S16_102	12	0	446.17435	658.84501	517.85331	678.96572
S16_102	12	1	319.03269	686.74367	406.26907	698.54844
S16_102	13	0	428.47108	660.72280	487.00671	681.91654
S16_102	13	1	309.64459	665.01490	408.14669	680.84352
S16_102	14	0	480.07963	620.69598	436.06119	643.89121
S16_102	14	1	325.31014	563.28912	293.63034	587.55738
S16_102	15	0	1115.44929	691.20864	618.57670	697.23100
S16_102	15	1	884.28500	616.21013	448.77200	627.15946
S16_102	16	0	1203.13160	806.71833	828.66471	822.23249
S16_102	16	1	1010.30595	776.69598	654.25650	787.91505
S16_102	17	0	1153.39732	702.78987	1023.76446	723.50224
S16_102	17	1	1000.77368	638.94486	884.01593	656.70641
S16_102	18	0	1123.98575	621.86587	862.11567	635.60060
S16_102	18	1	1019.10729	588.06557	814.37385	601.31297
S16_102	19	0	808.47527	511.88972	688.58927	531.89419
S16_102	19	1	929.98407	575.19821	785.95725	593.32489
S16_102	20	0	1127.96479	743.52608	895.18357	752.28167
S16_102	20	1	1207.79799	631.27869	1006.98072	648.23845
S16_102	21	0	1267.30344	628.30402	1003.75440	638.42027
S16_102	21	1	1149.28164	543.80328	849.25314	556.60209
S16_102	22	0	705.21459	651.84203	545.62364	664.84352
S16_102	22	1	800.43671	622.33383	677.86169	646.60209
S16_102	23	0	1269.37888	635.52310	965.65717	653.74814
S16_102	23	1	1415.56496	553.16841	1111.57418	561.86885
S16_102	24	0	1278.86337	633.96423	1228.97988	657.64531
S16_102	24	1	1397.15339	625.11177	1409.23135	646.91505
S16_102	25	0	64.91199	755.23398	61.15675	751.88972
S16_102	25	1	244.62699	727.60358	205.73345	731.23398
S16_102	26	0	1521.96228	575.28316	1628.16429	601.52161
S16_102	26	1	1624.96312	548.72578	1776.49623	561.81967
S16_102	27	0	442.57167	332.25484	537.59514	386.06110
S16_102	27	1	287.00084	211.54993	415.94132	285.77198
S16_102	28	0	1502.23806	572.84054	1599.52892	591.50075
S16_102	28	1	1577.61106	560.76900	1707.89438	581.84352
S16_102	29	0	1324.04275	301.28167	1497.51718	298.72280
S16_102	29	1	1434.28583	303.69598	1626.79547	296.35469
S16_102	30	0	1567.87343	814.08495	895.87846	828.77198
S16_102	30	1	1906.05197	807.52459	1166.57418	817.79285
S16_102	31	0	623.98826	369.96572	687.93881	412.27869
S16_102	31	1	507.01425	303.60060	576.62280	354.33532
S16_102	32	0	888.89355	487.37556	973.79296	511.84203
S16_102	32	1	806.52724	475.20715	871.59681	501.11177
S16_102	33	0	1138.86337	534.18331	1187.60520	558.47839
S16_102	33	1	1025.93797	496.62742	1079.11567	515.79583
S16_102	34	0	772.57921	365.16393	886.47779	395.86736
S16_102	34	1	871.82481	357.11624	962.38726	384.60060
S16_102	35	0	608.72255	495.45156	418.82565	519.86885
S16_102	35	1	742.03353	494.91505	610.34283	518.25931
S16_102	36	0	1296.89941	453.03726	1169.65214	467.28167
S16_102	36	1	1495.20453	371.33234	1367.57418	370.45306
S16_102	37	0	1389.45180	363.98808	1345.84744	367.77049
S16_102	37	1	1500.45180	272.23398	1478.32942	262.23249
S16_102	38	0	1868.23135	238.67213	1681.69656	192.54993
S16_102	38	1	1599.77703	283.88972	1403.11567	265.03577
S16_102	39	0	1642.40738	348.55142	1572.18357	329.01490
S16_102	39	1	1472.74602	407.30551	1380.25650	416.88972
S16_102	40	0	1654.57167	320.53055	1498.84241	295.91505
S16_102	40	1	1496.57670	235.50224	1285.96731	214.37854
S16_102	41	0	1465.99329	530.33085	1365.77452	541.37705
S16_102	41	1	1576.23638	489.28763	1542.53898	496.84650
S16_102	42	0	1663.99329	273.52459	1661.21459	248.69598
S16_102	42	1	1852.94216	190.76900	1816.99916	137.54993
S16_102	43	0	1443.48030	478.84501	1397.56664	485.86587
S16_102	43	1	1308.08466	407.57377	1247.35541	418.03875
S16_102	44	0	1496.48282	309.42623	1380.69908	300.05663
S16_102	44	1	1684.74350	238.40238	1491.74686	213.14158
S16_102	45	0	1617.94132	99.25931	1361.32691	60.35768
S16_102	45	1	1397.84493	130.18182	1162.32942	118.94337
S16_102	46	0	1385.93378	243.91505	1260.59765	236.40387
S16_102	46	1	1210.23303	247.40238	1113.96479	249.50075
S16_102	47	0	1559.75105	360.60060	1339.40235	353.25633
S16_102	47	1	1638.84241	159.79732	1307.69656	127.72131
S16_102	48	0	275.77955	391.64531	217.02934	437.23845
S16_102	48	1	514.18860	391.13562	405.57670	427.45306
S16_102	49	0	576.25901	500.13413	457.75356	525.28167
S16_102	49	1	439.38391	411.79434	261.28500	447.72131
S16_102	50	0	421.35541	748.69747	326.57670	750.33085
S16_102	50	1	588.47276	745.13413	421.79883	747.91654
S16_102	51	0	908.75356	606.55291	960.40235	627.45156
S16_102	51	1	1030.26236	602.26080	1085.66639	623.69598
S16_102	52	0	1070.76530	634.71982	1089.54820	658.25782
S16_102	52	1	1208.42079	608.96572	1218.03101	634.65127
S16_102	53	0	817.87343	710.61997	750.70578	724.35320
S16_102	53	1	1017.29589	685.35320	915.13160	701.81967
S16_103	0	0	1315.43022	702.26866	556.17838	705.85075
S16_103	0	1	1370.49843	700.58955	612.58972	705.17910
S16_103	1	0	477.78279	586.49254	400.12592	616.97761
S16_103	1	1	371.67576	618.39552	267.15635	645.52239
S16_103	2	0	162.51836	479.25373	114.50157	530.99254
S16_103	2	1	80.25184	449.02985	104.76390	505.13433
S16_103	3	0	614.73452	692.02239	357.11438	705.17910
S16_103	3	1	745.35362	712.84328	411.17524	725.66418
S16_103	4	0	904.94229	199.17164	668.57712	228.74627
S16_103	4	1	818.98216	283.79851	646.07975	316.05970
S16_103	5	0	514.31060	940.34328	483.62434	932.28358
S16_103	5	1	661.71878	886.27612	657.89507	888.29104
S16_103	6	0	1486.67051	729.55970	1552.72718	736.35075
S16_103	6	1	1592.10598	667.43284	1696.10598	665.49254
S16_103	7	0	882.52991	661.19403	838.76285	669.88060
S16_103	7	1	716.98951	777.38806	695.71983	785.06716
S16_103	8	0	739.15635	694.00746	704.25918	705.93284
S16_103	8	1	961.44386	581.17164	923.86044	590.07463
S16_103	9	0	1026.17838	219.32090	974.74397	220.95522
S16_103	9	1	1156.46170	204.20896	1069.09864	197.44776
S16_103	10	0	1049.34732	279.43284	1034.17733	280.05970
S16_103	10	1	1152.43232	278.08955	1123.49528	264.27612
S16_103	11	0	394.38300	225.47761	308.64533	300.69403
S16_103	11	1	217.76180	280.55224	147.80588	364.83582
S16_103	12	0	504.38090	476.41045	459.50577	510.30597
S16_103	12	1	369.06086	399.17164	355.74921	446.50000
S16_103	13	0	1126.49843	538.17164	1003.17733	539.13433
S16_103	13	1	1043.89612	465.63433	879.60965	476.00000
S16_103	14	0	1526.41868	430.31343	1360.28332	401.00000
S16_103	14	1	1710.09129	346.69403	1520.78699	297.90299
S16_103	15	0	1204.11438	470.32836	1117.91605	466.82836
S16_103	15	1	1317.60860	470.66418	1245.84890	460.44776
S16_103	16	0	1634.04722	719.11940	1458.11333	714.46269
S16_103	16	1	1404.37251	685.20149	1232.46800	690.61940
S16_103	17	0	1067.05561	601.15672	1040.73452	607.40299
S16_103	17	1	1187.93704	579.32836	1145.83421	580.20149
S16_103	18	0	225.09549	712.23134	122.53620	729.60448
S16_103	18	1	433.95173	646.74627	320.64743	665.12687
S16_103	19	0	153.92340	434.31343	209.27387	487.65672
S16_103	19	1	297.30220	463.19403	342.91501	507.13433
S16_103	20	0	743.33893	784.02239	751.22875	791.28358
S16_103	20	1	595.59496	764.54478	628.33263	773.48507
S16_103	21	0	848.26653	522.90299	812.19307	537.12687
S16_103	21	1	1013.47114	471.52239	955.90766	477.68657
S16_103	22	0	129.03148	620.64925	131.99475	649.21642
S16_103	22	1	316.39769	564.56716	298.20672	596.82836
S16_103	23	0	1501.15110	268.71642	1541.99895	216.30597
S16_103	23	1	1635.46380	148.49254	1678.22875	60.95522
S16_103	24	0	1034.11333	935.88806	1016.92970	944.76119
S16_103	24	1	868.57293	934.54478	816.80378	939.05224
S16_103	25	0	1293.60651	967.80597	1159.68520	988.93284
S16_103	25	1	1202.56558	834.88806	1136.47219	848.62687
S16_103	26	0	654.16999	768.76119	686.37356	780.13433
S16_103	26	1	513.47744	663.31343	608.47219	679.72388
S16_103	27	0	82.88458	853.50000	191.91605	843.66418
S16_103	27	1	194.36411	794.73134	318.50577	795.97761
S16_103	28	0	912.74082	948.88060	593.45435	948.94030
S16_103	28	1	744.84995	915.29851	505.81532	913.00746
S16_103	29	0	1134.71039	580.89552	906.74187	585.97761
S16_103	29	1	1319.05456	543.61940	1072.28227	540.30597
S16_103	30	0	1562.99161	632.76119	1641.99161	626.91045
S16_103	30	1	1622.42497	596.82836	1730.97377	582.91791
S16_103	31	0	832.13326	771.38060	751.15530	781.08955
S16_103	31	1	705.87933	769.36567	596.02413	775.38060
S16_103	32	0	1504.56768	714.91791	1276.02833	718.11194
S16_103	32	1	1640.22350	628.27612	1325.38825	618.37313
S16_103	33	0	892.98426	779.45522	851.60965	785.33582
S16_103	33	1	993.38300	758.97015	957.71668	768.54478
S16_103	34	0	1495.71878	395.03731	1368.10598	364.59701
S16_103	34	1	1351.66842	386.64179	1203.90871	368.62687
S16_103	35	0	1354.74921	634.25373	1355.46485	632.89552
S16_103	35	1	1595.40818	541.83582	1566.57503	521.00000
S16_103	36	0	550.55929	725.64179	435.20881	737.39552
S16_103	36	1	317.86254	738.40299	255.56558	755.19403
S16_103	37	0	362.91605	975.51493	500.98216	964.60448
S16_103	37	1	484.80483	942.94030	612.12592	938.74627
S16_103	38	0	1737.55509	546.71642	1517.48374	523.63433
S16_103	38	1	1737.21931	432.53731	1410.36936	401.39552
S16_103	39	0	1254.18993	426.50000	1567.67996	400.85075
S16_103	40	0	1156.66002	521.67910	836.39559	527.63433
S16_103	40	1	1008.58027	397.42537	665.14690	414.79851
S16_103	41	0	1238.53830	736.97761	957.76600	744.01493
S16_103	41	1	1341.21931	589.16418	1060.11123	588.14179
S16_103	42	0	1125.34942	226.00000	986.65582	222.36567
S16_103	42	1	1148.51836	65.82090	1006.80273	55.74627
S16_103	43	0	1023.35467	355.72388	923.55824	359.61940
S16_103	43	1	1170.42707	338.26119	1062.90766	334.43284
S16_103	44	0	982.22980	456.90299	808.60441	467.82090
S16_103	44	1	1113.52046	396.11940	886.84155	400.32090
S16_103	45	0	596.54355	532.18657	523.17314	557.86567
S16_103	45	1	713.73137	474.42537	656.14271	497.41791
S16_103	46	0	618.96852	453.21642	736.93179	479.78358
S16_103	46	1	405.07555	502.58209	578.77859	535.52985
S16_103	47	0	1319.61910	674.25373	1140.25393	677.62687
S16_103	47	1	1536.49318	543.53731	1367.87303	529.44776
S16_103	48	0	808.20986	658.08209	875.69780	671.01493
S16_103	48	1	843.80273	581.85075	930.43022	592.43284
S16_103	49	0	1536.21616	414.64925	1597.92445	381.54478
S16_103	49	1	1314.26443	439.50000	1386.38195	419.82836
S16_103	50	0	1399.07030	358.76119	1414.52886	328.52985
S16_103	50	1	1536.42497	219.91791	1541.47429	160.80597
S16_94	0	0	556.51207	845.95522	816.47324	848.29851
S16_94	1	0	1286.92235	728.55970	482.48374	736.52985
S16_94	1	1	1345.18048	730.57463	543.76390	738.54478
S16_94	2	0	802.03043	669.02985	857.26758	678.64179
S16_94	2	1	852.39769	730.17910	890.50997	737.25373
S16_94	3	0	1213.62015	853.02985	1257.73767	871.76119
S16_94	3	1	1131.52151	848.71642	1168.83945	865.92537
S16_94	4	0	1470.45121	706.07463	1628.81112	714.89552
S16_94	4	1	1417.06191	695.67164	1553.26023	702.97015
S16_94	5	0	1359.10598	900.08955	1338.04512	924.55224
S16_94	5	1	1441.70829	972.91045	1401.25603	1006.00000
S16_94	6	0	644.39454	776.04478	600.08395	787.47761
S16_94	6	1	717.42707	877.28358	675.38300	885.41791
S16_94	7	0	676.89612	938.07463	721.20147	939.11940
S16_94	7	1	726.50787	1024.34328	763.76180	1024.11940
S16_94	8	0	880.86674	893.35821	995.73242	903.85075
S16_94	8	1	843.34313	907.31343	946.12067	916.02985
S16_94	9	0	1096.32424	947.71642	1233.17524	968.07463
S16_94	9	1	1048.47534	983.23881	1172.23085	1003.85075
S16_94	10	0	521.88143	334.74627	648.43652	372.05970
S16_94	10	1	330.66527	147.07463	490.46275	217.62687
S16_94	11	0	843.50472	896.37313	850.06716	904.64179
S16_94	11	1	1027.89402	987.00000	1037.73033	1002.11940
S16_94	12	0	344.18678	890.98507	425.66107	883.82090
S16_94	12	1	473.38090	942.40299	542.26338	936.00000
S16_94	13	0	174.60546	703.73134	373.39769	715.68657
S16_94	13	1	59.51626	686.98507	261.07870	701.22388
S16_94	14	0	379.59077	857.50746	472.37041	854.73134
S16_94	14	1	259.91815	780.56716	307.11542	780.32836
S16_94	15	0	507.95173	882.04478	676.93494	879.98507
S16_94	15	1	623.29276	921.88060	782.95803	923.62687
S16_94	16	0	337.09129	630.77612	581.51941	649.31343
S16_94	16	1	386.45121	665.79104	622.06506	679.25373
S16_94	17	0	597.78384	303.68657	550.02833	342.94030
S16_94	17	1	461.79224	227.31343	450.80483	283.56716
S16_94	18	0	619.70829	845.83582	695.56139	850.35821
S16_94	18	1	503.86359	802.95522	597.84890	809.25373
S16_94	19	0	489.92235	837.62687	557.81952	838.98507
S16_94	19	1	599.59286	914.86567	660.31689	915.86567
S16_94	20	0	500.28017	599.44776	430.20881	619.29851
S16_94	20	1	379.76600	470.46269	311.70934	510.35821
S16_94	21	0	568.51417	826.98507	701.88353	830.71642
S16_94	21	1	660.43442	877.47761	794.30745	882.73134
S16_94	22	0	406.77650	395.35821	399.72298	439.62687
S16_94	22	1	271.28856	370.49254	311.58027	421.86567
S16_94	23	0	1084.47324	1048.53731	844.76180	1061.47761
S16_94	23	1	933.98846	773.68657	766.55404	783.58209
S16_94	24	0	615.68101	262.67164	621.11647	301.11940
S16_94	24	1	502.60651	206.34328	560.42392	256.71642
S16_94	25	0	868.07975	946.59701	995.94334	956.22388
S16_94	25	1	787.99580	852.97015	906.54145	861.83582
S16_94	26	0	1235.84050	1006.53731	1267.49843	1034.67164
S16_94	26	1	1096.57503	942.08955	1102.04197	958.29851
S16_94	27	0	613.56348	976.65672	847.85939	976.49254
S16_94	27	1	623.38510	897.49254	856.16999	902.14925
S16_94	28	0	428.23610	949.73134	249.80797	939.13433
S16_94	28	1	273.06191	773.85075	186.55404	779.49254
S16_94	29	0	205.55404	739.61194	388.65687	745.97015
S16_94	29	1	99.53095	652.58209	312.60231	673.14925
S16_94	30	0	586.43861	742.76119	581.63903	752.49254
S16_94	30	1	808.38090	855.53731	760.76915	862.98507
S16_94	31	0	955.33368	967.37313	886.12592	976.11940
S16_94	31	1	770.38405	787.37313	723.33788	794.85075
S16_94	32	0	1003.49948	900.76119	842.97167	911.37313
S16_94	32	1	1248.45645	982.64179	1129.22980	1005.43284
S16_94	33	0	174.04722	294.89552	222.89087	364.41791
S16_94	33	1	330.93599	356.59701	377.26128	406.83582
S16_94	34	0	591.11647	661.08955	783.75971	674.41791
S16_94	34	1	471.99790	596.38806	677.98846	617.32836
S16_94	35	0	776.25289	465.29851	694.63903	485.94030
S16_94	35	1	950.98741	607.17910	868.36621	620.71642
S16_94	36	0	962.94019	689.64179	824.94753	700.59701
S16_94	36	1	904.02518	535.35821	778.12067	548.85075
S16_94	37	0	1320.17524	408.02985	1233.79643	398.19403
S16_94	37	1	1200.55299	409.55224	1147.16474	404.79104
S16_94	38	0	1635.00420	857.49254	1281.24869	877.13433
S16_94	38	1	1463.92970	696.59701	1097.83421	702.53731
S16_95	0	0	1272.81056	695.65127	505.33780	687.72727
S16_95	0	1	1333.56496	698.87034	565.28751	697.78689
S16_95	1	0	384.65046	738.81073	339.80637	701.32489
S16_95	1	1	212.04359	667.58867	245.65717	627.28614
S16_95	2	0	913.96228	666.04620	939.31433	692.16542
S16_95	2	1	1000.06454	678.92250	998.45935	711.88227
S16_95	3	0	618.66052	650.71833	673.37636	649.54844
S16_95	3	1	808.56832	585.53204	857.24895	604.48137
S16_95	4	0	962.43504	342.40835	1000.71668	370.62742
S16_95	4	1	1126.19028	318.26528	1166.88600	352.11773
S16_95	5	0	1075.89690	382.64680	1048.19363	410.86587
S16_95	5	1	1178.49539	323.09389	1137.11232	352.92250
S16_95	6	0	1151.13579	365.34426	1154.41324	399.59911
S16_95	6	1	1313.13915	342.17735	1318.15507	378.79881
S16_95	7	0	1238.70495	391.26826	1234.06454	428.69449
S16_95	7	1	1385.96396	364.30849	1385.34702	404.14903
S16_95	8	0	1204.50545	428.69001	1176.12657	466.11624
S16_95	8	1	1067.30511	467.72131	1062.26236	499.11177
S16_95	9	0	777.97402	431.66319	818.07209	451.54396
S16_95	9	1	935.29170	398.66766	973.37804	426.59613
S16_95	10	0	659.34451	532.40089	648.31098	538.70343
S16_95	10	1	799.36127	501.01490	769.41744	515.76751
S16_95	11	0	780.85331	583.50373	744.18776	594.24441
S16_95	11	1	942.99916	535.21759	898.28667	557.22504
S16_95	12	0	896.32691	571.83458	893.05616	594.24441
S16_95	12	1	1033.92959	561.77496	1039.51048	594.24441
S16_95	13	0	258.84158	522.26528	96.16094	488.07004
S16_95	13	1	436.67896	527.89866	321.07293	509.79881
S16_95	14	0	492.40402	539.69151	468.00922	532.02981
S16_95	14	1	649.31936	499.45306	620.49874	503.86289
S16_95	15	0	222.49790	463.14158	28.16429	431.92697
S16_95	15	1	498.01760	488.04173	316.24476	472.97019
S16_95	16	0	442.59933	363.85842	233.36127	356.75112
S16_95	16	1	635.72590	328.04620	475.68567	334.86289
S16_95	17	0	561.74015	255.95827	324.58005	262.39642
S16_95	17	1	729.51886	231.81520	541.04275	247.10581
S16_95	18	0	688.39229	279.57973	621.72087	297.26528
S16_95	18	1	854.96396	288.02981	798.75356	310.54396
S16_95	19	0	866.79883	416.95827	870.12657	439.16542
S16_95	19	1	1046.64795	427.82265	1024.22548	453.24888
S16_95	20	0	1616.85750	621.73920	1544.22464	701.23696
S16_95	20	1	1401.60184	632.60358	1316.49623	694.39642
S16_95	21	0	265.94719	642.16542	134.38391	595.94635
S16_95	21	1	509.73261	650.37258	315.03772	620.08942
S16_95	22	0	474.32607	606.51267	439.25985	591.52012
S16_95	22	1	596.63956	540.52161	590.13998	541.22206
S16_95	23	0	1717.61945	382.01788	1703.53730	435.30104
S16_95	23	1	1550.24308	385.63934	1493.51215	431.27720
S16_95	24	0	1530.88097	374.98212	1430.99413	415.20119
S16_95	24	1	1322.86756	386.65127	1263.21542	423.24888
S16_95	25	0	1431.98240	273.50820	1269.06454	300.20119
S16_95	25	1	1209.08215	219.18629	1054.61358	240.64829
S16_95	26	0	1274.18944	460.95827	1251.58005	502.20119
S16_95	26	1	1111.23889	506.42772	1085.81308	541.23249
S16_95	27	0	1001.58424	454.73920	1020.43168	485.01788
S16_95	27	1	863.57921	459.56781	859.49288	481.39642
S16_95	28	0	173.00922	614.93443	123.92288	571.88227
S16_95	28	1	341.19028	580.73174	254.28332	551.76304
S16_95	29	0	31.38307	796.85097	226.71249	732.52012
S16_95	29	1	193.93127	786.38897	347.41660	740.16542
S16_95	30	0	1286.04107	522.25335	877.20117	542.16542
S16_95	30	1	963.77536	627.76304	593.17770	625.70343
S16_95	31	0	885.31769	729.16393	807.54484	743.24143
S16_95	31	1	1069.99497	727.55440	986.99162	762.15350
S16_95	32	0	998.28667	465.11773	1027.90780	495.67958
S16_95	32	1	1143.53395	473.56781	1166.71752	512.17735
S16_95	33	0	1366.44761	606.44858	1309.87343	664.60358
S16_95	33	1	1213.55574	613.69151	1171.46605	660.17735
S16_95	34	0	1357.59598	568.22206	1351.71752	626.37705
S16_95	34	1	1509.28080	555.74814	1472.42163	621.14605
S16_95	35	0	1152.07209	389.46051	1208.21626	427.54396
S16_95	35	1	1243.00251	379.40089	1262.13076	416.67958
S16_95	36	0	663.20117	677.50820	625.17351	673.48435
S16_95	36	1	471.28164	749.53502	428.30260	720.00596
S16_95	37	0	737.20117	185.79881	520.34954	203.21311
S16_95	37	1	1024.67477	97.12221	718.70662	113.88376
S16_95	38	0	1621.86085	353.34873	1830.27661	409.66319
S16_95	38	1	1697.90444	336.44858	1907.92959	388.33681
S16_95	39	0	1241.03018	435.52459	1462.00168	487.06259
S16_95	40	0	1789.23722	945.60358	1123.66220	1026.08048
S16_95	40	1	1481.44174	858.28614	947.43420	904.56036
S16_95	41	0	1019.65801	653.73920	1010.92791	687.76751
S16_95	41	1	893.32104	652.53204	885.79799	674.08644
S16_95	42	0	824.81475	587.94188	756.52892	598.80328
S16_95	42	1	935.86253	610.87779	877.23303	631.39642
S16_95	43	0	634.88097	707.83905	191.44677	663.21311
S16_95	43	1	877.44342	694.43666	330.65884	665.62742
S16_95	44	0	1552.51383	948.82265	991.43168	1008.77794
S16_95	44	1	1294.69321	883.94635	688.35708	897.38897
S16_95	45	0	1099.84577	680.95827	1038.50964	718.39642
S16_95	45	1	926.43420	702.28465	873.14501	722.42027
S16_95	46	0	1407.22464	688.91803	1356.24811	758.15350
S16_95	46	1	1152.09556	649.21311	1114.47443	692.65574
S16_95	47	0	1650.42749	643.36960	1617.86924	731.23696
S16_95	47	1	1817.80386	719.42027	1777.60101	837.06408
S16_95	48	0	1872.12070	661.16542	1884.99581	778.37258
S16_95	48	1	1694.28332	668.81073	1679.79883	768.31297
S16_95	49	0	1276.38139	482.27720	1362.06454	534.26080
S16_95	49	1	1170.56412	485.09389	1261.07544	531.44411
S16_95	50	0	799.91199	836.51565	631.56412	828.40089
S16_95	50	1	1035.68734	762.47690	895.17770	788.63189
S16_95	51	0	1669.87343	475.93443	1768.31517	548.09389
S16_95	51	1	1518.99329	472.31297	1590.88013	535.21759
S16_95	52	0	890.51802	341.94188	531.02934	344.94188
S16_95	52	1	690.95390	273.13413	290.52137	270.88227
S16_95	53	0	680.89522	384.59463	350.06873	378.31893
S16_95	53	1	435.58005	375.93443	83.31266	355.78539
S16_95	54	0	1505.84577	127.89121	1331.97066	142.54396
S16_95	54	1	1233.66136	137.34873	1046.62699	155.54396
S16_95	55	0	958.84577	47.48137	758.27158	70.01490
S16_95	55	1	693.06454	125.69151	544.62531	148.47988
S16_95	56	0	803.27829	130.89121	739.66974	157.71535
S16_95	56	1	1001.63537	150.20566	880.49120	170.59165
S16_95	57	0	1170.59598	223.36066	1079.98240	246.59613
S16_95	57	1	982.69992	227.78689	892.48868	250.61997
S16_95	58	0	1195.13915	401.55142	1042.82230	428.47988
S16_95	58	1	1051.09891	373.38450	843.25817	391.86289
S16_95	59	0	1180.25231	381.83458	1068.57251	410.77496
S16_95	59	1	998.39145	329.12221	864.58256	350.01490
S16_95	60	0	886.70243	315.37258	772.63873	333.50820
S16_95	60	1	689.15004	320.20119	552.95725	330.69151
S16_95	61	0	720.28332	475.01341	550.88097	475.76304
S16_95	61	1	477.84158	415.73920	309.87510	407.35768
S16_95	62	0	380.96647	213.98212	549.47108	243.47243
S16_95	62	1	249.80134	238.12519	427.96228	264.39642
S16_95	63	0	1319.96312	303.79136	1176.31098	331.76304
S16_95	63	1	1168.68064	308.21759	1033.88013	333.77496
S16_95	64	0	1335.25231	255.50522	1429.44677	290.40835
S16_95	64	1	1486.93713	248.26230	1576.30344	281.55589
S16_95	65	0	1652.93546	24.94784	1522.20117	28.56930
S16_95	65	1	1373.62699	51.90760	1229.91199	63.97914
S16_95	66	0	1492.78290	309.41282	1388.58005	342.59165
S16_95	66	1	1279.46689	276.59165	1159.24225	297.92697
S17_59	0	0	1308.68311	722.07463	524.82686	719.86567
S17_59	0	1	1366.35362	723.59701	585.01574	721.38806
S17_59	1	0	967.03778	853.82090	773.31689	868.59701
S17_59	1	1	906.11333	1039.89552	709.87408	1047.05970
S17_59	2	0	533.34418	683.59701	738.22665	703.14925
S17_59	2	1	387.02728	586.16418	620.87093	613.32836
S17_59	3	0	525.83421	679.02985	735.36201	699.17910
S17_59	4	0	1059.22875	813.04478	1083.93809	837.74627
S17_59	4	1	915.63379	871.25373	924.22560	891.64179
S17_59	5	0	1336.72298	503.52239	1265.22875	521.58209
S17_59	5	1	1261.05771	687.20896	1228.09444	710.59701
S17_59	6	0	1154.21616	512.95522	1214.52676	528.74627
S17_59	6	1	1184.54145	327.80597	1250.00105	334.94030
S17_59	7	0	110.01784	982.11940	282.42602	948.59701
S17_59	7	1	214.02623	1000.13433	364.52466	976.50746
S17_59	8	0	404.41868	937.55224	424.47954	929.05970
S17_59	8	1	494.07240	879.19403	550.14586	878.56716
S17_59	9	0	1091.19412	1027.25373	802.94229	1042.95522
S17_59	9	1	1545.27072	901.61194	1216.72508	934.05970
S17_59	10	0	860.80797	320.19403	862.80797	345.47761
S17_59	10	1	1013.95278	230.37313	965.58552	246.52239
S17_59	11	0	1885.49843	523.16418	1681.45855	518.14925
S17_59	11	1	1713.03043	507.71642	1535.18153	499.91045
S17_59	12	0	1123.10598	976.02985	760.83211	989.95522
S17_59	12	1	1330.26338	861.29851	1002.49108	881.56716
S17_59	13	0	731.57293	489.38806	726.29696	516.31343
S17_59	13	1	1007.44911	219.52239	939.71773	240.61194
S17_59	14	0	564.23505	893.77612	469.52361	880.49254
S17_59	14	1	676.05037	867.89552	619.11438	877.95522
S17_59	15	0	570.04302	979.11940	644.70304	977.55224
S17_59	15	1	334.28437	951.11940	431.60965	936.10448
S17_59	16	0	560.46380	868.94030	619.43232	872.47761
S17_59	16	1	436.05666	903.44776	496.78804	897.59701
S17_59	17	0	460.11647	988.46269	410.84260	973.47761
S17_59	17	1	387.08395	920.20896	326.47744	904.46269
S17_59	18	0	932.28437	945.62687	642.57293	949.82090
S17_59	18	1	1113.82581	874.55224	811.27072	888.64179
S17_59	19	0	1237.66002	776.80597	1114.79433	805.00000
S17_59	19	1	1111.23820	788.73134	980.81742	806.52239
S17_59	20	0	1650.05771	1053.86567	906.71983	1072.64179
S17_59	20	1	1452.38405	929.77612	916.81112	944.23881
S17_59	21	0	1388.29486	830.43284	966.87933	846.82090
S17_59	21	1	1175.40399	847.49254	823.24344	859.31343
S17_59	22	0	392.07975	768.43284	380.58342	772.47761
S17_59	22	1	222.47954	701.17910	215.26443	706.74627
S17_59	23	0	291.32739	821.29851	222.91605	810.11940
S17_59	23	1	89.06191	715.05970	24.93179	709.71642
S17_59	24	0	619.15110	866.02985	607.76705	869.19403
S17_59	24	1	483.41133	859.68657	471.52361	857.26866
S17_59	25	0	776.24659	891.29851	746.73033	906.13433
S17_59	25	1	668.96432	900.68657	618.54565	902.83582
S17_59	26	0	821.50577	837.67164	819.43966	850.98507
S17_59	26	1	686.52151	812.55224	675.13746	826.11940
S17_59	27	0	812.99475	763.35821	790.52991	778.70149
S17_59	27	1	700.42392	778.58209	656.80483	790.88060
S17_59	28	0	726.10703	668.74627	690.46170	686.98507
S17_59	28	1	569.21301	622.56716	511.40609	639.79104
S17_59	29	0	749.72298	622.70149	736.49108	641.19403
S17_59	29	1	664.09864	563.83582	625.17943	583.85075
S17_59	30	0	824.98006	739.14925	776.99475	753.32836
S17_59	30	1	738.85205	680.28358	661.15005	693.19403
S17_59	31	0	505.83316	697.83582	450.22665	709.55224
S17_59	31	1	392.50682	639.98507	312.97587	656.01493
S17_59	32	0	994.42917	734.13433	989.76705	754.80597
S17_59	32	1	896.71668	769.14925	865.35992	792.10448
S17_59	33	0	471.48059	869.35821	454.99685	866.71642
S17_59	33	1	341.35047	822.71642	295.40189	813.98507
S17_59	34	0	38.02728	1021.80597	191.40609	976.13433
S17_59	34	1	144.05037	1033.22388	278.28961	995.16418
S17_59	35	0	1213.75656	535.50746	1186.68835	548.17910
S17_59	35	1	1294.39769	402.40299	1267.07765	404.67164
S17_59	36	0	849.04023	682.18331	946.51132	704.03726
S17_59	36	1	737.76697	841.18182	845.20704	858.06110
S17_59	37	0	1085.01676	594.81520	1114.93378	615.72131
S17_59	37	1	937.52473	666.98659	960.70075	689.22355
S17_59	38	0	1261.44176	430.88060	1166.98741	437.41791
S17_59	38	1	1109.58447	465.64179	1042.58027	480.04478
S17_59	39	0	914.30220	950.91045	736.90346	960.08955
S17_59	39	1	679.47009	968.38806	532.03987	963.10448
S17_60	0	0	1327.45516	701.15350	550.85331	706.10581
S17_60	0	1	1385.79547	701.95827	612.81475	705.70343
S17_60	1	0	956.79883	23.74069	1035.65801	28.16692
S17_60	1	1	1021.57670	53.11475	1125.38139	46.27422
S17_60	2	0	1083.91199	178.01043	1146.20872	169.96274
S17_60	2	1	1127.76781	260.90164	1216.61945	248.83010
S17_60	3	0	708.21291	39.03130	818.71668	76.85544
S17_60	3	1	683.66974	105.82712	821.13076	142.84650
S17_60	4	0	840.18273	47.07899	910.85415	69.61252
S17_60	4	1	854.66723	133.59165	952.29589	150.49180
S17_60	5	0	1302.13495	185.98659	1475.95893	142.53204
S17_60	5	1	1257.07209	255.19672	1440.95474	223.00894
S17_60	6	0	1709.17016	189.80328	1895.05448	87.31744
S17_60	6	1	1665.71668	261.42772	1879.76530	176.24441
S17_60	7	0	1572.64627	234.68405	1809.35457	156.72727
S17_60	7	1	1482.92288	314.35618	1703.93965	262.55440
S17_60	8	0	929.63873	187.17735	818.16178	205.01788
S17_60	8	1	736.10981	90.60507	629.05868	135.40537
S17_60	9	0	476.41995	731.56781	503.81811	741.30104
S17_60	9	1	222.49790	661.22951	291.85331	680.50820
S17_60	10	0	1864.07376	517.97019	1829.47192	478.50820
S17_60	10	1	1460.51970	433.46945	1498.79883	407.10581
S17_60	11	0	209.23973	496.79881	325.45935	538.17437
S17_60	11	1	285.68567	501.62742	399.49120	540.58867
S17_60	12	0	1228.83403	157.80328	767.20117	158.81073
S17_60	12	1	827.75189	14.08346	222.38055	76.45306
S17_60	13	0	828.04610	719.50820	863.63873	730.50820
S17_60	13	1	655.03688	681.68405	714.36798	693.89121
S17_60	14	0	433.58005	325.60358	476.61442	376.43964
S17_60	14	1	635.96060	281.34128	651.23303	320.10581
S17_60	15	0	1136.49036	515.60805	1246.61526	513.55589
S17_60	15	1	1009.75105	491.46498	1122.29003	495.44858
S17_60	16	0	359.82984	639.62742	277.93546	661.71088
S17_60	16	1	109.43839	588.88674	51.50042	622.98212
S17_60	17	0	527.63453	621.83458	678.14585	640.77496
S17_60	17	1	661.21375	629.07750	804.08047	644.79881
S17_60	18	0	1367.70495	578.76304	1528.17435	570.31744
S17_60	18	1	1490.42079	586.00596	1656.12070	574.74367
S17_60	19	0	1629.84158	408.59165	1708.76781	363.43219
S17_60	19	1	1780.31936	357.89121	1823.43671	292.21013
S17_60	20	0	1771.13160	774.78689	1843.15172	789.61550
S17_60	20	1	1561.91115	755.47243	1552.65717	765.47243
S17_60	21	0	527.97485	649.12966	694.19279	664.93890
S17_60	21	1	414.51299	634.64382	591.99665	654.07452
S17_60	22	0	375.29086	284.40089	337.26404	346.50820
S17_60	22	1	590.14417	245.36960	525.91953	293.88674
S17_60	23	0	738.74015	744.53204	840.79883	754.88674
S17_60	23	1	876.74518	744.93443	991.27661	754.88674
S17_60	24	0	1527.66220	469.99404	1136.75189	453.36066
S17_60	24	1	1291.01006	404.21311	902.84158	400.45604
S17_60	25	0	1436.65968	360.35320	1112.46438	340.90313
S17_60	25	1	1194.04443	362.36513	850.93881	363.83905
S17_60	26	0	1418.15172	468.59463	960.77955	460.00894
S17_60	26	1	1183.18106	435.19672	706.89858	441.49925
S17_60	27	0	1168.06454	21.32638	648.04862	34.20268
S17_60	27	1	884.84577	41.84799	375.07209	90.93890
S17_60	28	0	1790.84661	188.97019	1487.95893	115.88674
S17_60	28	1	1598.92707	178.10581	1243.99413	128.76304
S17_60	29	0	1586.20117	319.95082	1297.43168	283.21311
S17_60	29	1	1359.67980	350.12966	1072.51970	333.51118
S17_60	30	0	1235.41995	284.54396	903.38474	280.16542
S17_60	30	1	1051.14501	286.15350	713.47695	300.28465
S17_60	31	0	1257.95138	349.32787	963.73680	343.33979
S17_60	31	1	1062.41073	388.76155	745.66471	399.67362
S17_60	32	0	858.41157	491.53949	399.55658	515.22951
S17_60	32	1	573.85750	505.83458	99.78206	541.71535
S17_60	33	0	1282.12154	435.60060	975.41995	430.73920
S17_60	33	1	1028.21291	406.14158	676.34954	421.05365
S17_60	34	0	1080.61526	274.99404	894.77536	278.92250
S17_60	34	1	884.67225	257.28912	717.74267	280.53204
S17_60	35	0	1025.69740	206.38450	592.65046	228.72727
S17_60	35	1	748.63453	197.87034	336.94719	248.40835
S17_60	36	0	809.23638	496.11773	752.90025	513.09389
S17_60	36	1	634.21542	487.26528	627.36798	512.69151
S17_60	37	0	766.86505	166.93443	481.33780	211.38450
S17_60	37	1	557.13076	164.30849	258.13076	231.77496
S17_60	38	0	722.89774	239.15201	291.92791	289.71833
S17_60	38	1	417.09975	301.05365	11.26572	366.94635
S17_60	39	0	1531.91618	628.66766	781.76781	627.98659
S17_60	39	1	1806.94049	521.82265	1016.17770	502.61550
S17_60	40	0	696.71668	753.72727	604.25566	762.70790
S17_60	40	1	981.42414	860.16095	832.38642	866.52310
S17_60	41	0	1140.05281	921.87481	639.08801	925.38450
S17_60	41	1	811.76781	966.52757	107.82900	958.88227
S17_60	42	0	795.55658	463.18927	683.70495	485.23696
S17_60	42	1	934.36630	335.23100	756.93210	352.04769
S17_60	43	0	321.55658	415.30104	128.75105	468.14158
S17_60	43	1	505.83152	501.41133	393.09304	534.53502
S17_60	44	0	1608.81056	673.47243	1250.15423	672.98212
S17_60	44	1	1391.14082	748.31595	1087.20369	755.87332
S17_60	45	0	1126.97904	547.64382	1093.79464	550.11773
S17_60	45	1	1024.78290	578.62742	949.35205	586.33234
S17_60	46	0	1199.56329	607.36960	783.83403	613.79881
S17_60	46	1	1340.38474	693.07750	957.24560	697.09240
S17_60	47	0	843.75189	403.53204	697.15004	424.27422
S17_60	47	1	922.20956	490.84948	806.99078	504.34873
S17_60	48	0	896.60352	584.83458	772.38894	596.81073
S17_60	48	1	789.98156	515.62444	644.84493	534.44113
S17_60	49	0	1523.79883	654.57973	1477.99329	652.83010
S17_60	49	1	1713.30427	631.24143	1671.11987	620.63934
S17_60	50	0	1692.78458	739.08048	1325.44342	743.77496
S17_60	50	1	1492.81811	702.46349	1104.55490	701.12221
S17_60	51	0	1629.10310	908.58420	1373.82649	934.73920
S17_60	51	1	1442.93965	903.69151	1169.43420	921.86289
S17_60	52	0	980.09220	514.54396	917.37301	524.14158
S17_60	52	1	817.54401	532.65127	779.77033	547.07750
S17_60	53	0	1014.45516	383.12519	688.09556	397.94635
S17_60	53	1	1170.96815	352.14158	832.13579	355.29359
S17_60	54	0	1161.82565	586.40537	1152.50964	588.85991
S17_60	54	1	1268.44761	640.32489	1248.67058	642.77943
S17_60	55	0	740.91282	540.89866	755.98575	558.81520
S17_60	55	1	836.26907	568.66319	865.02179	581.34873
S17_60	56	0	1151.88852	915.59165	739.68986	922.66319
S17_60	56	1	974.85583	904.72727	515.58256	904.95827
S17_60	57	0	1610.77536	725.50820	1228.81811	729.56781
S17_60	57	1	1806.31601	746.02981	1462.17938	749.28465
S17_60	58	0	826.54820	90.53651	1003.93546	106.63189
S17_60	58	1	833.38810	30.58122	1001.92372	44.26230
S17_60	59	0	609.34451	110.21759	798.49371	152.90611
S17_60	59	1	567.50042	55.89568	761.88013	106.63189
S17_60	60	0	803.64292	295.08197	1002.64878	310.64083
S17_60	61	0	1398.03018	158.94188	1484.53311	105.42474
S17_60	61	1	1258.81811	147.27273	1301.46521	114.67958
S17_61	0	0	1292.96222	695.18657	511.52361	685.50746
S17_61	0	1	1350.71668	699.88806	570.28541	695.58209
S17_61	1	0	377.94963	790.72388	676.18258	778.26866
S17_61	2	0	718.10178	805.97015	918.25813	825.19403
S17_61	2	1	637.51417	801.40299	856.30640	813.01493
S17_61	3	0	1340.86884	832.31343	1603.31689	939.46269
S17_61	3	1	1379.90346	837.64179	1653.68416	952.91045
S17_61	4	0	804.57608	994.35821	871.96013	1006.62687
S17_61	4	1	705.35257	937.01493	788.85414	939.89552
S17_61	5	0	598.75026	1003.38806	451.73767	961.59701
S17_61	5	1	381.97377	937.34328	256.11542	869.92537
S17_61	6	0	551.11962	996.53731	468.65477	954.37313
S17_61	6	1	366.27177	957.46269	296.39874	891.19403
S17_61	7	0	824.24764	919.59701	956.84680	946.37313
S17_61	7	1	904.83526	956.89552	1022.32424	993.31343
S17_61	8	0	1018.37461	936.88060	756.76810	950.23881
S17_61	8	1	1167.96537	851.11940	972.93075	884.08955
S17_61	9	0	253.52046	88.59701	259.90661	124.05970
S17_61	9	1	59.60651	117.26866	112.33054	150.19403
S17_61	10	0	615.75446	933.00000	708.69570	924.82090
S17_61	10	1	560.09864	885.04478	693.08185	874.58209
S17_61	11	0	693.42602	1005.40299	755.70199	1002.61194
S17_61	11	1	862.40818	1027.98507	925.69150	1052.59701
S17_61	12	0	1356.88667	961.44776	1520.98426	1079.74627
S17_61	12	1	1301.23085	876.95522	1478.92760	975.97015
S17_61	13	0	1305.68625	901.34328	1488.00420	1000.14925
S17_61	13	1	1214.26967	883.07463	1374.17419	971.47761
S17_61	14	0	1467.35677	963.73134	1410.69885	1070.86567
S17_61	14	1	1274.69990	916.17910	1199.90976	986.26866
S17_61	15	0	1009.94229	1000.49254	901.10073	1027.98507
S17_61	15	1	1229.18993	1007.68657	1092.89822	1070.61194
S17_61	16	0	430.59706	671.43284	625.84680	665.73134
S17_61	16	1	521.00630	667.62687	709.45645	668.77612
S17_61	17	0	503.81952	824.00000	447.14481	791.13433
S17_61	17	1	666.25393	880.32836	600.51312	862.43284
S17_61	18	0	1212.67156	896.17910	1000.82791	939.95522
S17_61	18	1	1066.97587	763.67164	909.52886	788.67164
S17_61	19	0	402.20881	963.02985	122.80483	885.41791
S17_61	19	1	652.12172	1027.91045	328.31689	975.11940
S17_61	20	0	1251.30850	848.61194	1261.82686	918.23881
S17_61	20	1	1380.24869	879.31343	1379.43442	967.20896
S17_61	21	0	960.81742	684.83582	831.76600	703.20896
S17_61	21	1	1082.12382	819.53731	944.80588	848.82090
S17_61	22	0	697.57503	937.74627	318.10073	890.49254
S17_61	22	1	987.48583	985.00000	542.28227	972.00000
S17_61	23	0	941.61910	1032.07463	726.50892	1037.37313
S17_61	23	1	1137.55404	941.70149	951.90871	982.01493
S17_61	24	0	621.54565	796.02985	527.87093	776.25373
S17_61	24	1	711.45121	857.68657	626.59077	847.29851
S17_61	25	0	1184.25393	730.38806	998.80378	766.00000
S17_61	25	1	1058.08395	638.53731	870.61910	659.94030
S17_61	26	0	612.21301	870.67164	479.54040	840.28358
S17_61	26	1	745.43442	914.82090	625.10178	902.44776
S17_61	27	0	1365.62854	883.02985	1447.67996	979.67164
S17_61	27	1	1518.74502	865.01493	1637.06086	988.04478
S17_61	28	0	740.64953	944.61194	786.08709	947.34328
S17_61	28	1	660.31375	949.43284	723.88353	941.76119
S17_61	29	0	976.50892	879.52239	813.51626	894.52239
S17_61	29	1	1116.27807	896.01493	973.43232	933.59701
S17_61	30	0	1148.71563	899.68657	1073.03568	946.41791
S17_61	30	1	1053.77335	884.97015	1005.29171	922.05970
S17_61	31	0	1306.46065	835.98507	1508.46275	933.35821
S17_61	31	1	1361.86464	824.05970	1609.95278	933.61194
S17_61	32	0	1215.62225	785.65672	1459.24764	870.23881
S17_61	32	1	1381.22875	717.43284	1665.46380	817.83582
S17_61	33	0	579.50892	710.16418	852.88562	724.05970
S17_61	33	1	706.18258	715.23881	967.97482	740.80597
S17_62	0	0	1297.71752	731.77049	501.85499	740.52608
S17_62	0	1	1358.87427	734.98957	565.15759	741.86736
S17_62	1	0	558.45767	397.55589	737.09975	434.57526
S17_62	2	0	1871.18189	789.23249	1418.73847	799.84054
S17_62	2	1	1602.20453	767.08495	1098.77200	777.67213
S17_62	3	0	1062.03772	355.79434	624.18357	371.71833
S17_62	3	1	1312.56915	436.35469	880.35541	434.08644
S17_62	4	0	794.69405	606.79583	333.74853	631.35618
S17_62	4	1	523.05113	650.25335	11.26572	664.73920
S17_62	5	0	1422.62112	217.62295	1088.06119	196.10879
S17_62	5	1	1582.10813	191.52608	1297.78541	155.74516
S17_62	6	0	1527.27745	649.40537	1056.99078	647.81967
S17_62	6	1	1811.09807	688.08644	1403.62867	687.08793
S17_62	7	0	1700.74602	541.89270	1354.81894	529.57377
S17_62	7	1	1518.88684	500.49925	1108.79296	491.69598
S17_62	8	0	1149.70746	499.16542	1029.66806	499.20715
S17_62	8	1	944.08466	461.74516	818.32942	476.25633
S17_62	9	0	1775.42330	320.55440	1496.83990	277.42772
S17_62	9	1	1505.15759	242.20864	1255.20201	210.30402
S17_62	10	0	958.99329	396.76900	453.53982	414.14009
S17_62	10	1	684.62364	414.38003	221.10813	447.03726
S17_62	11	0	805.91534	428.71982	420.26153	458.66915
S17_62	11	1	1040.59849	461.32489	647.69153	477.47690
S17_62	12	0	932.42833	854.45156	528.10562	863.18629
S17_62	12	1	1106.99916	841.18927	743.65465	850.64829
S17_62	13	0	1532.13747	754.87332	1229.57251	756.48286
S17_62	13	1	1762.27997	762.92101	1419.48030	774.18778
S17_62	14	0	1084.12909	833.76602	795.84493	842.45306
S17_62	14	1	875.21459	817.06408	634.70159	827.30849
S17_62	15	0	1168.23303	797.91505	919.77200	806.48137
S17_62	15	1	1315.69405	700.13711	1072.96479	705.62444
S17_62	16	0	1643.18525	1026.88525	1087.94635	1047.80924
S17_62	16	1	1810.56161	1001.13264	1311.65130	1022.05663
S17_62	17	0	1236.62364	870.74367	882.49874	880.45306
S17_62	17	1	1431.76949	878.47690	999.71584	889.30551
S17_62	18	0	1237.87594	883.16393	1030.45432	894.11177
S17_62	18	1	1544.90025	895.11624	1368.52221	936.42772
S17_62	19	0	1231.69153	832.32936	1097.99832	840.40537
S17_62	19	1	1506.43085	884.45306	1355.42330	897.52459
S17_62	20	0	1185.74350	929.01341	835.59514	939.72280
S17_62	20	1	790.76949	850.01341	515.94384	859.30551
S18_100	0	0	1288.50210	697.61550	500.45096	702.81073
S18_100	0	1	1342.81894	697.61550	550.34199	702.81073
S18_100	1	0	501.79464	562.16990	494.39648	588.12966
S18_100	2	0	906.95138	719.29657	780.61526	729.20119
S18_100	2	1	787.85666	648.87928	648.24308	661.60060
S18_100	3	0	1127.44342	734.40835	947.99413	743.07750
S18_100	3	1	1145.76362	561.40835	991.97066	563.92697
S18_100	4	0	1087.72842	710.04173	939.66555	716.83308
S18_100	4	1	1098.86924	566.27720	965.01341	570.36513
S18_100	5	0	462.24392	316.31297	448.88852	365.92250
S18_100	5	1	292.45348	257.16244	254.75189	327.85842
S18_14	0	0	1274.31165	731.02985	486.46275	740.53731
S18_14	0	1	1332.73767	733.82090	544.88877	743.32836
S18_14	1	0	1309.50787	843.97015	1415.73033	864.88060
S18_14	1	1	1190.89297	839.40299	1284.27177	855.74627
S18_14	2	0	1340.79643	887.46269	1398.63484	912.37313
S18_14	2	1	1262.22350	910.80597	1320.06191	931.14925
S18_14	3	0	499.64323	636.71642	684.99475	654.85075
S18_14	4	0	1040.47114	911.97015	646.30220	920.80597
S18_14	4	1	801.61490	925.76119	346.50157	926.73134
S18_14	5	0	930.09129	725.00000	902.64638	734.61194
S18_14	5	1	1044.92865	719.41791	1006.40294	729.79104
S18_14	6	0	1213.63169	838.31343	1318.26967	856.14925
S18_14	6	1	1297.24134	844.40299	1402.63484	865.53731
S18_14	7	0	1237.86674	621.44776	1188.33054	629.92537
S18_14	7	1	1342.12697	555.73134	1301.71039	556.95522
S18_14	8	0	1485.88877	789.49254	1391.03043	804.19403
S18_14	8	1	1814.67891	755.10448	1777.99475	766.00000
S18_14	9	0	1491.74921	718.49254	1482.62434	726.59701
S18_14	9	1	1680.18048	720.50746	1680.62539	726.32836
S18_14	10	0	1461.25289	705.28358	1275.33368	711.23881
S18_14	10	1	1746.67156	576.73134	1542.36831	564.41791
S18_14	11	0	1277.17209	967.47761	983.95698	986.04478
S18_14	11	1	1631.01154	935.68657	1424.28961	963.80597
S18_14	12	0	422.37041	647.32836	335.05771	665.32836
S18_14	12	1	173.39140	591.82090	120.58027	619.97015
S18_14	13	0	659.38300	669.07463	707.94544	678.97015
S18_14	13	1	342.29171	676.37313	417.29696	692.86567
S18_14	14	0	1826.33893	641.50746	1390.76180	635.10448
S18_14	14	1	1512.61175	528.77612	1087.86359	523.13433
S18_14	15	0	1127.07240	536.31343	964.59601	541.77612
S18_14	15	1	997.37671	465.26866	810.72403	476.31343
S18_14	16	0	1452.52886	758.13433	1236.90556	770.19403
S18_14	16	1	1580.71354	704.08955	1293.82057	709.04478
S18_14	17	0	1308.14586	536.67164	1062.75446	535.53731
S18_14	17	1	1169.88772	504.44776	891.41343	509.52239
S18_14	18	0	1429.92130	643.05970	1167.74292	644.50746
S18_14	18	1	1242.17419	702.73134	985.03253	711.79104
S18_14	19	0	984.81742	424.16418	901.62225	434.88060
S18_14	19	1	1053.06506	357.68657	930.58342	367.13433
S18_14	20	0	1612.36831	374.46269	1254.19727	346.00000
S18_14	20	1	1420.29591	312.38806	1035.79224	296.49254
S18_14	21	0	463.48269	824.25373	218.78594	827.95522
S18_14	21	1	561.35572	670.86567	422.68206	687.50746
S18_14	22	0	781.63169	542.50746	261.40189	566.50746
S18_14	22	1	1063.34418	603.50746	631.88458	615.16418
S18_14	23	0	744.86359	490.67164	688.87093	513.49254
S18_14	23	1	945.90661	439.79104	862.71563	452.97015
S18_14	24	0	401.36831	624.32836	357.41238	645.37313
S18_14	24	1	182.62434	558.68657	88.04932	593.17910
S18_14	25	0	929.87408	735.25373	739.02099	743.98507
S18_14	25	1	732.94963	582.22388	489.71459	603.38806
S18_14	26	0	1752.34418	252.22388	1026.63484	216.85075
S18_14	26	1	1468.43337	289.20896	923.13012	274.19403
S18_15	0	0	1298.17016	696.55589	519.65046	690.21759
S18_15	0	1	1358.52221	699.77496	576.38139	700.27720
S18_15	1	0	1287.51048	828.91207	1311.65130	906.16990
S18_15	1	1	1126.57167	816.03577	1153.93127	872.36960
S18_15	2	0	1343.32942	423.76751	1117.50964	454.39642
S18_15	2	1	1703.53730	468.92250	1478.17770	523.11773
S18_15	3	0	1424.18525	704.38897	1505.04023	791.34128
S18_15	3	1	1570.63956	675.01490	1688.51048	774.44113
S18_15	4	0	1693.28751	926.28912	1219.37720	1015.21610
S18_15	4	1	1342.61526	827.55589	1008.30260	874.42474
S18_15	5	0	577.81811	321.46796	126.73931	307.49627
S18_15	5	1	765.31182	343.59911	379.41324	340.08942
S18_15	6	0	524.06454	348.98212	470.02515	356.92250
S18_15	6	1	390.22464	215.18182	369.93546	235.05812
S18_15	7	0	510.52640	179.77198	466.09640	204.47690
S18_15	7	1	710.18944	134.97019	634.30260	162.55589
S18_15	8	0	821.51718	310.86289	788.26739	332.42027
S18_15	8	1	978.43252	279.07452	944.78039	304.25335
S18_15	9	0	982.85834	384.49925	907.36211	407.26379
S18_15	9	1	1169.22464	353.07004	1061.14250	380.70343
S18_15	10	0	1093.81056	822.92250	882.24392	850.52012
S18_15	10	1	1236.24141	788.71982	1009.38558	829.59613
S18_15	11	0	915.00587	680.93443	714.38391	686.88674
S18_15	11	1	1012.77536	558.44858	788.76362	573.59613
S18_15	12	0	873.45516	767.15350	669.54484	766.52012
S18_15	12	1	766.01341	650.64382	560.10729	633.83905
S18_15	13	0	1608.08382	629.09389	1584.33361	712.66766
S18_15	13	1	1734.82313	662.49180	1712.27997	763.77049
S18_15	14	0	1475.80889	410.43219	1472.77536	459.40835
S18_15	15	0	304.17435	1059.07601	30.57837	957.67511
S18_15	15	1	555.47863	935.54396	340.78793	887.66021
S18_15	16	0	991.18525	711.85097	463.33780	695.50820
S18_15	16	1	778.91618	652.46051	123.11819	607.82712
S18_15	17	0	1336.78709	505.77496	1400.24392	560.10581
S18_15	17	1	1607.65046	443.44858	1675.77536	506.70343
S18_15	18	0	742.81056	271.75112	529.92791	284.10581
S18_15	18	1	464.62280	281.43666	316.68399	287.72727
S18_15	19	0	801.11148	509.70343	431.38474	499.87481
S18_15	19	1	662.30176	522.17735	124.72758	487.83905
S18_15	20	0	1740.55323	491.92250	1593.65046	555.75112
S18_15	20	1	1500.75440	499.97019	1361.49623	550.11773
S18_15	21	0	473.33361	944.39642	380.48952	894.48435
S18_15	21	1	732.44510	876.79583	612.24141	865.91505
S18_15	22	0	1321.36882	989.06110	812.93546	1022.05663
S18_15	22	1	1029.17770	1016.82563	532.18944	1004.35171
S18_15	23	0	538.17770	244.23696	624.97066	269.76304
S18_15	23	1	293.43168	182.48435	403.23973	212.11773
S18_15	24	0	445.80050	933.53204	185.07963	864.32191
S18_15	24	1	606.73931	948.01788	410.39396	906.16990
S18_15	25	0	1513.18189	864.33681	1476.44342	970.14903
S18_15	25	1	1349.82900	855.48435	1261.18776	931.52012
S19_86	0	0	1339.93881	734.81818	543.65214	744.15946
S19_86	0	1	1387.14753	732.40387	591.66555	740.67213
S19_86	1	0	981.26404	580.85842	983.24392	590.40835
S19_86	1	1	1070.18273	562.34873	1056.06873	569.48435
S19_86	2	0	209.25817	527.33234	240.39983	563.47988
S19_86	2	1	329.15759	553.08495	342.99832	583.19672
S19_86	3	0	1075.92372	582.43219	1102.62280	589.69151
S19_86	3	1	1162.42833	615.42772	1220.91282	620.27273
S19_86	4	0	673.66220	514.77496	845.39648	533.18927
S19_86	4	1	729.99078	516.38450	902.12741	532.78689
S19_86	5	0	1037.82230	499.52012	833.66974	509.79881
S19_86	5	1	1052.12322	658.92996	863.62699	668.87481
S19_86	6	0	1456.50964	193.56781	1253.02934	159.78689
S19_86	6	1	1572.38558	283.70194	1353.21375	249.11624
S19_86	7	0	1131.78709	558.92996	909.46270	566.33681
S19_86	7	1	1188.92037	412.46200	941.52137	414.37705
S19_86	8	0	1297.07209	824.61550	990.81056	838.59165
S19_86	8	1	1510.31601	771.90313	1214.91785	784.67213
S19_86	9	0	1277.81056	656.65127	1001.45516	663.47243
S19_86	9	1	945.24392	677.35618	619.24811	690.99404
S19_86	10	0	650.77536	743.21311	524.66723	753.68256
S19_86	10	1	464.08634	671.18629	393.50210	686.88674
S19_86	11	0	1218.02515	552.78689	1442.50964	551.45604
S19_86	11	1	1301.31098	522.60805	1531.02598	514.83905
S19_86	12	0	678.51383	587.61550	914.13495	602.98212
S19_86	12	1	639.08382	581.17735	881.14250	596.94635
S19_86	13	0	1701.52557	949.22504	1196.45516	976.58718
S19_86	13	1	1396.91953	987.45156	892.67393	1007.16841
S19_86	14	0	916.02096	178.72727	846.66974	196.77496
S19_86	14	1	1020.22883	183.55589	983.06538	190.73920
S19_86	15	0	782.39648	327.68703	903.62951	347.35618
S19_86	15	1	835.90863	324.06557	947.88768	340.11326
S19_86	16	0	1471.66220	584.49180	1446.80637	579.12519
S19_86	16	1	1652.31601	581.27273	1687.00754	568.66319
S19_86	17	0	1504.65465	644.04471	1362.67393	648.37258
S19_86	17	1	1319.57502	699.97615	1177.59430	708.73025
S19_86	18	0	1329.09556	643.23696	777.74015	650.33681
S19_86	18	1	1892.23806	684.38450	1385.06454	680.63934
S19_86	19	0	1500.47443	281.77496	1251.23638	252.34426
S19_86	19	1	1725.38642	315.97765	1415.79631	271.65872
S19_86	20	0	1626.72087	477.12966	1450.81475	454.55142
S19_86	20	1	1434.80134	507.30849	1308.78625	498.00894
S19_86	21	0	797.91534	449.48435	782.72087	469.23696
S19_86	21	1	936.72506	445.05812	921.53060	457.56781
S19_86	22	0	812.09556	475.76304	912.66220	490.68703
S19_86	22	1	740.47779	472.94635	827.36463	491.49180
S19_86	23	0	1709.97485	386.26080	1657.77536	343.97019
S19_86	23	1	1862.86672	366.94635	1873.73009	306.70343
S19_86	24	0	894.29925	551.24441	1003.01006	562.04173
S19_86	24	1	825.90025	517.44411	920.52892	531.05812
S19_86	25	0	684.67645	480.42474	770.05113	501.28167
S19_86	25	1	612.65633	471.16990	686.44007	497.28912
S19_86	26	0	763.13412	459.50075	820.42163	479.18182
S19_86	26	1	683.87175	423.28614	724.26069	448.19821
S19_86	27	0	907.56077	480.57973	1032.90025	491.26080
S19_86	27	1	836.34535	465.28912	950.01676	479.18927
S19_86	28	0	816.77033	354.82712	889.72087	373.57675
S19_86	28	1	810.33277	417.19672	902.59598	434.33681
S19_86	29	0	1078.08718	483.89270	1374.30595	484.57675
S19_88	0	0	1274.37671	697.96269	513.87303	722.98507
S19_88	0	1	1331.79538	697.96269	569.78069	724.49627
S19_88	1	0	1503.67393	462.72280	1355.02934	478.12966
S19_88	1	1	1704.04275	483.24441	1596.88097	495.31297
S19_88	2	0	568.21794	574.09091	823.47779	601.24888
S19_88	2	1	537.63956	613.41133	790.88768	638.33979
S19_88	3	0	103.40319	702.26080	309.54820	710.38450
S19_88	3	1	193.93127	707.89419	380.76362	719.23696
S19_88	4	0	166.97402	685.76304	363.06035	697.50820
S19_88	4	1	274.40067	691.39642	443.12741	704.34873
S19_88	5	0	324.46689	563.18182	393.06873	589.52757
S19_88	5	1	116.85583	537.83159	227.70411	567.79881
S19_88	6	0	337.38894	395.27273	624.54484	438.33681
S19_88	6	1	309.22464	386.82265	599.19698	429.08197
S19_88	7	0	590.18525	437.52757	580.48198	472.61103
S19_88	7	1	468.38474	200.16542	482.50964	259.16542
S19_88	8	0	256.81391	567.39195	355.43168	593.20119
S19_88	8	1	382.74853	486.51267	495.04610	520.77198
S19_88	9	0	915.09556	361.63934	1137.01760	384.07750
S19_88	9	1	948.89271	325.02235	1180.47108	341.82712
S19_88	10	0	1297.73596	672.95827	1519.11903	708.38450
S19_88	10	1	1329.61442	675.68256	1555.33026	711.60358
S19_88	11	0	909.11651	556.03428	1114.18273	579.34426
S19_88	11	1	944.52305	541.03577	1152.60687	565.35917
S19_88	12	0	1726.87343	598.81073	1312.61526	627.15350
S19_88	12	1	1355.39648	554.63040	1073.21878	577.66021
S19_88	13	0	393.66220	310.10581	431.02934	362.75112
S19_88	13	1	109.43839	247.54396	196.86337	318.08644
S19_88	14	0	555.94300	317.38450	164.55993	367.15350
S19_88	14	1	785.89271	458.05365	347.22548	483.44262
S19_88	15	0	393.24392	722.81073	417.61106	731.96572
S19_88	15	1	428.13495	661.77496	475.54904	675.63189
S19_88	16	0	1763.01844	505.86289	995.86924	525.76304
S19_88	16	1	1479.76614	552.53949	846.59849	576.06110
S19_88	17	0	1512.81056	366.75112	661.82230	384.36066
S19_88	17	1	1322.85750	654.04173	622.17770	678.76304
S19_88	18	0	715.84577	914.55589	507.11484	920.02981
S19_88	18	1	933.91785	933.06557	720.76111	949.40387
S19_88	19	0	370.34199	655.72280	507.63118	669.99404
S19_88	19	1	272.57167	632.78689	438.42749	648.26528
S19_88	20	0	839.36044	789.48435	581.38474	802.89866
S19_88	20	1	1005.93210	901.74963	736.69070	919.99255
S19_88	21	0	835.73931	694.92399	649.78374	713.97168
S19_88	21	1	958.45516	810.81073	764.85499	832.27273
S19_88	22	0	782.84577	762.91803	981.65046	787.07750
S19_88	22	1	723.70075	706.58420	934.17351	726.71982
S19_88	23	0	1508.02515	656.06557	1663.13076	693.90611
S19_88	23	1	1687.87427	664.91803	1890.85918	708.39195
S19_88	24	0	1306.28332	1015.21610	1030.49036	1063.90462
S19_88	24	1	1066.08215	863.51714	834.54736	887.66021
S19_88	25	0	1298.06454	402.04173	1179.95893	415.97019
S19_88	25	1	1540.77536	380.56781	1426.38474	384.38450
S19_88	26	0	725.88852	551.84203	852.14250	577.98212
S19_88	26	1	606.39145	532.52757	743.50880	555.44858
S19_88	27	0	532.56915	200.68256	580.90863	255.19672
S19_88	27	1	607.20453	226.42325	677.87427	273.84352
S19_88	28	0	603.97904	939.18182	511.10226	940.04918
S19_88	28	1	1013.20956	965.87332	782.19028	990.81818
S19_88	29	0	1243.27158	426.35618	1182.13076	438.56781
S19_88	29	1	1068.65298	295.98361	970.02934	312.43219
S19_88	30	0	528.38474	752.22504	651.84158	766.11773
S19_88	30	1	591.15088	769.92996	719.83822	785.43219
S19_88	31	0	1257.93965	556.91803	1449.37301	580.88674
S19_88	31	1	1363.75692	528.75112	1588.18273	544.26975
S19_88	32	0	276.27913	415.50820	179.44677	459.48435
S19_88	32	1	381.97066	561.33681	235.77536	583.82116
S19_88	33	0	1695.89271	672.81073	1906.32020	717.68703
S19_88	33	1	1586.45432	658.32489	1742.56496	697.16542
S19_88	34	0	1247.55658	529.71088	1330.60771	549.14903
S19_88	34	1	1147.77452	501.54396	1219.96228	520.57973
S19_88	35	0	1072.21375	458.88227	1131.44593	480.34128
S19_88	35	1	968.00587	443.59165	1036.55658	465.22504
S19_88	36	0	888.50964	318.69896	1006.98240	343.17735
S19_88	36	1	798.78625	305.01788	925.70830	330.30104
S19_88	37	0	803.64711	594.40835	918.57251	617.93443
S19_88	37	1	690.18525	584.75112	815.97402	608.27720
S19_88	38	0	758.98659	529.62444	886.38474	557.57675
S19_88	38	1	657.99749	508.29806	801.48952	535.44560
S19_88	39	0	784.53311	458.72727	900.95138	483.73920
S19_88	39	1	658.19614	452.28912	781.85666	481.72727
S19_88	40	0	452.03353	201.43219	622.16178	257.74814
S19_88	40	1	559.05784	214.30849	709.06873	260.56483
S19_88	41	0	317.64962	279.89717	530.02431	335.40835
S19_88	41	1	217.06287	279.89717	459.61358	340.23696
S19_88	42	0	644.16345	385.66617	792.41576	420.33681
S19_88	42	1	563.29170	382.04471	732.86840	415.91058
S19_88	43	0	402.99078	357.30700	771.06119	397.40387
S19_89	0	0	1341.55071	695.35768	498.36547	658.54694
S19_89	0	1	1400.29338	701.25931	556.30344	666.32638
S19_89	1	0	686.82984	493.66766	708.61526	521.82265
S19_89	1	1	752.81475	511.77496	781.84241	539.92996
S19_89	2	0	786.20956	562.87779	911.50964	596.57973
S19_89	2	1	850.98743	568.10879	973.87343	603.01788
S19_89	3	0	993.83403	679.19374	1054.33780	711.94635
S19_89	3	1	1032.05700	686.83905	1103.02179	721.60358
S19_89	4	0	876.34870	637.34575	937.25482	666.87928
S19_89	4	1	901.69656	625.27422	975.07544	656.41729
S19_89	5	0	915.75608	80.07452	698.07628	101.40089
S19_89	5	1	809.53646	173.42772	592.25901	198.77794
S19_89	6	0	655.05281	487.05365	432.51299	498.36960
S19_89	6	1	725.46354	590.46647	539.93965	599.36811
S19_89	7	0	975.39648	633.09389	1050.62280	666.04173
S19_89	7	1	1009.59598	670.11326	1097.29505	705.47541
S19_89	8	0	949.64627	522.43815	995.90360	550.15499
S19_89	8	1	995.11148	593.66021	1047.00168	624.59613
S19_89	9	0	873.60268	519.62146	920.26236	549.35022
S19_89	9	1	931.13831	579.97914	965.72758	608.09836
S19_89	10	0	322.49790	739.84799	581.66220	762.89717
S19_89	11	0	911.40821	558.72727	869.55658	581.50373
S19_89	11	1	861.51718	595.74665	800.75524	615.70641
S19_89	12	0	939.54904	847.98212	881.57251	870.02981
S19_89	12	1	891.66974	865.28465	830.07209	884.11326
S19_89	13	0	931.58005	890.34873	880.15088	912.26080
S19_89	13	1	963.53311	888.38450	909.92456	911.85842
S19_89	14	0	874.21207	859.01043	838.70914	878.46051
S19_89	14	1	912.43504	863.03428	883.77200	884.49627
S19_89	15	0	1167.40821	480.97019	1144.83403	503.43219
S19_89	15	1	1226.15088	449.58420	1188.28751	467.61997
S19_89	16	0	208.41576	556.65127	317.61526	580.22504
S19_89	16	1	127.54401	584.81818	240.76697	601.55142
S19_89	17	0	1016.04862	668.55142	1018.27913	695.79434
S19_89	17	1	1073.58424	579.62444	1058.91618	604.45306
S19_89	18	0	538.94719	547.55589	466.94719	565.02981
S19_89	18	1	366.74267	515.76751	275.43001	530.82712
S19_89	19	0	1122.59179	974.17288	910.58005	994.29210
S19_89	19	1	1119.77536	1053.04024	910.58005	1076.78092
S19_89	20	0	1285.68567	575.17735	1131.12322	590.73920
S19_89	20	1	1263.55658	662.49478	1104.16597	682.48286
S19_89	21	0	798.29505	623.40835	911.30679	656.77496
S19_89	21	1	709.37636	633.06557	830.03269	663.21311
S19_89	22	0	996.35373	442.65127	1038.05616	471.30849
S19_89	22	1	1131.54233	360.96721	1164.39313	383.18629
S19_89	23	0	704.74769	891.35618	677.59011	900.38748
S19_89	23	1	872.12406	780.29806	860.65801	803.01043
S19_89	24	0	842.73261	470.26080	1081.38894	514.03428
S19_89	24	1	891.41660	440.88674	1125.64711	481.44113
S19_89	25	0	566.55993	745.70194	520.11484	751.99404
S19_89	25	1	641.79883	736.44709	627.54149	750.38450
S19_89	26	0	722.35373	841.23696	384.95893	824.27273
S19_89	26	1	395.23638	784.00596	67.59430	757.11326
S19_89	27	0	350.87259	170.69896	356.53311	229.67511
S19_89	27	1	535.54987	148.56781	492.52640	198.69151
S19_89	28	0	1298.42414	96.16990	1504.96312	98.98659
S19_89	28	1	1243.30260	136.81073	1446.62280	148.88227
S19_89	29	0	1176.50545	658.63189	924.70159	668.47988
S19_89	29	1	1314.01760	500.37258	1043.22464	505.87928
S19_89	30	0	970.43504	613.78987	757.02096	623.44113
S19_89	30	1	873.06706	496.29359	641.81056	506.36066
S19_89	31	0	1361.99413	182.39642	1116.69740	173.40835
S19_89	31	1	1298.77536	350.67958	1072.84577	351.78689
S19_89	32	0	1416.34954	292.36066	855.44342	269.22504
S19_89	32	1	1344.81056	481.47988	916.93965	473.97019
S19_89	33	0	1096.72087	221.84650	861.03688	230.78689
S19_89	33	1	990.36127	358.95827	772.88097	371.99404
S19_89	34	0	710.08801	242.63934	291.30679	257.42027
S19_89	34	1	589.13076	28.16692	120.30176	61.96721
S19_89	35	0	1157.22464	570.05216	907.83403	578.39642
S19_89	35	1	1149.58005	421.57228	844.65046	424.36066
S19_89	36	0	1109.70914	813.66319	895.98240	828.20566
S19_89	36	1	1016.76697	925.92846	767.63370	933.63040
S19_89	37	0	1016.76697	774.22951	805.05197	784.34575
S19_89	37	1	858.24225	763.36513	653.64627	766.34873
S19_89	38	0	1017.97402	750.89121	825.04610	761.92250
S19_89	38	1	855.82816	720.30999	676.98240	727.31744
S19_89	39	0	1082.99413	647.00149	920.99413	662.73472
S19_89	39	1	1066.46689	470.12966	896.20117	483.04173
S19_89	40	0	837.85750	815.75112	791.59598	833.76304
S19_89	40	1	749.74350	852.77049	688.19279	864.34426
S19_89	41	0	761.67812	447.42027	422.72087	452.82265
S19_89	41	1	348.30260	323.43219	84.09053	348.00596
S19_89	42	0	804.38810	408.69896	967.71249	447.09389
S19_89	42	1	898.13495	446.92548	1060.25231	482.90611
S19_89	43	0	497.74350	70.81967	390.87678	125.94635
S19_89	43	1	697.70997	143.24888	578.77284	181.47541
S19_89	44	0	497.36882	71.22206	391.34954	125.94635
S19_89	44	1	819.04107	210.40835	691.90025	238.02981
S19_89	45	0	1821.42498	261.98212	1593.56832	227.39642
S19_89	45	1	1615.42330	342.05663	1379.51970	329.19970
S19_89	46	0	1324.65046	772.91058	1053.42749	789.39642
S19_89	46	1	1225.07209	958.07750	949.65046	976.98957
S19_93	0	0	1345.28961	692.80597	512.87618	705.00000
S19_93	0	1	1404.97482	692.55224	570.04302	706.77612
S19_93	1	0	927.11542	664.08955	1005.67576	673.89552
S19_93	1	1	1039.18258	647.08955	1112.45435	661.97015
S19_93	2	0	1404.33578	593.74627	1360.56034	621.74627
S19_93	2	1	1454.95488	583.59701	1441.14795	615.91045
S19_93	3	0	1475.46065	594.55224	1472.21091	627.71642
S19_93	3	1	1554.53725	559.02985	1574.45645	591.94030
S19_93	4	0	1524.10808	604.56716	1548.28646	642.95522
S19_93	4	1	1663.37356	589.59701	1696.36621	632.04478
S19_93	5	0	1150.61805	619.43284	1230.13641	640.70149
S19_93	5	1	989.94648	624.50746	1060.39874	638.16418
S19_93	6	0	1422.64743	529.79104	1506.41553	555.20896
S19_93	6	1	1323.67576	536.64179	1386.28961	559.77612
S19_93	7	0	499.58342	662.17910	611.83001	648.97015
S19_93	7	1	446.69780	635.53731	582.61700	619.28358
S19_93	8	0	1535.66317	744.01493	1412.88562	792.22388
S19_93	8	1	1690.88667	718.50746	1589.26338	777.62687
S19_93	9	0	590.26338	902.26866	641.44176	878.46269
S19_93	9	1	494.81742	883.23881	555.06191	853.08955
S19_93	10	0	745.86884	45.92537	432.41658	72.16418
S19_93	10	1	972.22141	181.80597	603.11333	200.43284
S19_93	11	0	986.25498	95.25373	749.30640	108.73134
S19_93	11	1	1214.11123	149.19403	1001.59077	153.28358
S19_93	12	0	1308.05666	331.14925	1091.81007	336.64179
S19_93	12	1	1510.25603	246.04478	1212.94334	244.28358
S19_93	13	0	1093.43337	440.47761	994.12067	449.80597
S19_93	13	1	1236.47639	388.20896	1101.65477	389.41791
S19_93	14	0	1027.56768	615.16418	930.27177	623.35821
S19_93	14	1	1204.35677	550.46269	1094.97272	565.50746
S19_93	15	0	1227.48478	604.70149	1107.07660	621.47761
S19_93	15	1	1341.06296	544.82090	1172.55404	562.10448
S19_93	16	0	1406.81427	583.04478	1270.85624	613.98507
S19_93	16	1	1581.58867	588.62687	1358.74711	621.59701
S19_93	17	0	1588.22560	386.29851	1284.79853	397.53731
S19_93	17	1	1822.30745	345.56716	1403.28751	354.26866
S19_93	18	0	1203.75131	657.34328	1099.26758	677.86567
S19_93	18	1	1326.64743	625.88060	1178.09234	648.17910
S19_93	19	0	984.76076	475.67164	911.42602	483.95522
S19_93	19	1	1127.55194	433.55224	1021.47849	441.07463
S19_93	20	0	765.89612	398.00000	1025.71773	408.01493
S19_93	21	0	1214.31899	415.40299	1059.12802	423.56716
S19_93	21	1	1304.59811	301.02985	1162.75446	305.64179
S19_93	22	0	1407.05037	479.64179	1125.49948	495.55224
S19_93	22	1	1449.13851	304.20896	1175.14271	308.19403
S19_93	23	0	1741.17838	534.32836	1690.18573	570.52239
S19_93	23	1	1552.04932	483.83582	1506.59706	507.85075
S1_18	0	0	731.79712	591.30769	1001.49220	598.96154
S1_18	1	0	1317.84874	741.19231	522.67827	690.50000
S1_18	1	1	1380.65786	747.53846	583.72989	692.88462
S1_18	2	0	32.84514	693.42308	255.81513	704.69231
S1_18	2	1	107.17887	648.42308	311.13325	666.61538
S1_18	3	0	1152.69148	382.61538	1319.01441	358.30769
S1_18	3	1	1078.93397	339.34615	1239.49460	319.65385
S1_18	4	0	1198.78992	306.46154	1378.94238	274.07692
S1_18	4	1	1134.82833	275.88462	1306.91357	246.38462
S1_18	5	0	1203.51020	812.11538	1318.72989	803.57692
S1_18	5	1	1257.67587	800.00000	1378.08163	791.46154
S1_18	6	0	1066.20048	665.19231	1183.98079	653.53846
S1_18	6	1	937.70108	653.07692	1056.05762	645.46154
S1_18	7	0	1423.25690	793.30769	1543.03721	779.76923
S1_18	7	1	1537.35054	774.26923	1665.77431	762.46154
S1_18	8	0	1410.05282	790.38462	1394.54622	774.69231
S1_18	8	1	1576.00720	830.19231	1587.58343	816.80769
S1_18	9	0	259.30372	689.65385	255.27011	695.61538
S1_18	9	1	39.75990	727.15385	79.51981	729.07692
S1_18	10	0	1885.42617	858.07692	1864.10564	836.73077
S1_18	10	1	1675.67827	810.76923	1663.57743	791.73077
S1_18	11	0	958.74070	864.07692	642.38415	836.23077
S1_18	11	1	714.99520	948.30769	406.12965	916.42308
S1_18	12	0	233.37335	871.92308	405.33493	859.34615
S1_18	12	1	26.50660	891.53846	239.38055	873.19231
S1_18	13	0	195.29532	779.69231	2.88115	758.19231
S1_18	13	1	497.81633	707.00000	223.00120	695.88462
S1_18	14	0	1420.10684	1063.84615	1140.73709	1043.65385
S1_18	14	1	1585.48499	1022.30769	1362.00960	1007.88462
S1_18	15	0	1634.92677	726.73077	1906.74670	704.11538
S1_18	15	1	1478.19208	681.73077	1718.89556	658.53846
S1_18	16	0	667.20048	601.07692	507.96519	596.26923
S1_18	16	1	520.26170	613.76923	364.48379	612.42308
S1_18	17	0	1276.94718	363.88462	1465.20048	323.38462
S1_18	17	1	1223.93397	399.07692	1407.57743	365.50000
S1_18	18	0	846.11765	175.69231	979.72749	178.15385
S1_18	18	1	783.88475	167.61538	923.25690	177.00000
S1_18	19	0	442.50780	646.46154	387.16927	647.69231
S1_18	19	1	367.02161	504.53846	298.42977	521.34615
S1_18	20	0	1203.58223	789.07692	1187.46098	775.73077
S1_18	20	1	1350.52101	857.73077	1355.14406	846.11538
S1_18	21	0	1463.07923	426.80769	1346.28812	370.69231
S1_18	21	1	1248.72149	280.26923	1139.03481	233.65385
S1_18	22	0	1308.68547	581.53846	1366.07563	550.03846
S1_18	22	1	1476.36855	504.23077	1559.68908	457.15385
S1_18	23	0	579.09724	311.53846	380.94958	327.92308
S1_18	23	1	513.98319	174.23077	345.22329	211.96154
S1_18	24	0	977.93637	420.23077	849.74790	404.38462
S1_18	24	1	1120.26531	421.38462	998.41537	389.96154
S1_18	25	0	1251.80192	706.69231	989.93878	673.26923
S1_18	25	1	1443.68667	658.23077	1159.92677	615.00000
S1_18	26	0	870.39736	595.26923	714.04562	579.34615
S1_18	26	1	721.15366	535.26923	576.90276	530.88462
S1_18	27	0	1135.68788	812.88462	1172.20768	801.00000
S1_18	27	1	1314.31933	848.07692	1366.39736	835.03846
S1_18	28	0	1602.51261	841.73077	1009.00360	790.19231
S1_18	28	1	1896.96639	710.76923	1209.53181	634.42308
S1_18	29	0	1218.56423	598.69231	634.53301	557.23077
S1_18	29	1	1418.51621	479.84615	874.82113	420.50000
S1_18	30	0	1605.07443	802.76923	1898.10324	795.19231
S1_18	30	1	1391.29292	754.88462	1630.15606	739.23077
S1_18	31	0	1534.19808	655.80769	1679.33493	621.07692
S1_18	31	1	1374.00600	677.15385	1498.97479	653.38462
S1_18	32	0	974.11525	737.15385	896.86194	718.61538
S1_18	32	1	812.19448	731.38462	745.88956	717.46154
S1_18	33	0	222.55102	621.34615	46.36975	625.57692
S1_18	33	1	853.40456	583.73077	611.03241	568.15385
S1_18	34	0	1507.86675	1021.15385	1189.61585	999.80769
S1_18	34	1	1871.02041	761.80769	1507.03241	706.07692
S1_19	0	0	1353.00839	688.19403	508.63903	700.68657
S1_19	0	1	1410.67891	690.98507	570.33893	706.26866
S1_19	1	0	1164.90871	482.34328	1531.45435	500.16418
S1_19	2	0	751.76810	195.27612	616.31689	206.16418
S1_19	2	1	637.93809	253.70896	489.05561	265.26866
S1_19	3	0	822.30745	170.40299	981.77545	179.88806
S1_19	3	1	770.59706	169.73134	928.05037	179.88806
S1_19	4	0	165.32739	245.50000	126.83001	265.26866
S1_19	4	1	213.34418	194.79104	205.40294	220.94030
S1_19	5	0	414.69465	785.13433	304.04722	748.11194
S1_19	5	1	259.22770	765.32090	139.17838	724.26866
S1_19	6	0	348.11123	360.68657	219.60126	362.85821
S1_19	6	1	186.60021	346.91791	33.24239	347.74627
S1_19	7	0	898.72403	937.23134	790.36621	935.21642
S1_19	7	1	789.25918	902.30597	688.96013	888.87313
S1_19	8	0	1367.38825	807.25373	1314.26338	852.71642
S1_19	8	1	1276.72718	833.78358	1206.14166	869.84328
S1_19	9	0	908.69465	717.18657	877.71668	722.69403
S1_19	9	1	825.42078	736.66418	802.50157	738.47761
S1_19	10	0	1056.26338	407.75373	1107.51102	417.50746
S1_19	10	1	1019.99895	370.81343	1086.02099	379.89552
S1_19	11	0	263.35887	526.06716	311.10178	509.36567
S1_19	11	1	199.89612	590.20896	228.83526	563.09701
S1_19	12	0	574.52781	48.34328	687.20462	73.16418
S1_19	12	1	501.32739	80.91791	616.01889	102.04478
S1_19	13	0	1225.42078	690.65299	1433.90976	721.36567
S1_19	13	1	1127.20462	658.91791	1326.62749	682.07463
S1_19	14	0	1270.96852	582.72761	1463.55299	610.20896
S1_19	14	1	1202.46905	538.39925	1395.55719	559.83582
S1_19	15	0	1156.91710	293.60075	1359.42812	299.67537
S1_19	15	1	1096.47639	256.82836	1303.01679	261.39179
S1_19	16	0	746.16055	439.64179	955.45645	445.22388
S1_19	16	1	602.36201	422.13433	813.67261	423.40299
S1_19	17	0	965.48374	683.46269	1055.13851	696.00000
S1_19	17	1	862.57817	808.20896	929.47009	812.49254
S1_19	18	0	1059.22560	805.04478	1000.08814	821.61194
S1_19	18	1	1227.45226	763.94030	1215.66002	795.22388
S1_19	19	0	1296.07240	637.09701	1504.71459	669.52239
S1_19	19	1	1334.68730	619.29851	1550.04512	653.40299
S1_19	20	0	1432.72403	642.37313	1659.29801	682.91791
S1_19	20	1	1476.71144	639.68657	1711.34418	686.27612
S1_19	21	0	1695.25393	480.85075	1811.97062	508.86567
S1_19	21	1	1529.54565	463.34328	1623.09339	487.29851
S1_19	22	0	680.45121	784.92537	763.06506	777.01493
S1_19	22	1	606.91501	757.26866	708.66842	744.79104
S1_19	23	0	507.03568	634.38806	712.24344	625.10448
S1_19	23	1	450.37251	688.17910	649.53620	671.02985
S1_19	24	0	476.00630	616.05970	679.64743	605.02985
S1_19	24	1	375.52361	637.37313	588.73452	619.49254
S1_19	25	0	353.30430	573.23881	557.87198	560.55224
S1_19	25	1	278.00525	620.43284	496.67576	602.16418
S1_19	26	0	403.29276	507.67164	609.44911	502.62687
S1_19	26	1	309.60965	527.97015	535.91291	519.37313
S1_19	27	0	332.84050	384.62687	558.16055	391.83582
S1_19	27	1	181.99056	421.16418	447.35257	422.28358
S1_19	28	0	289.02099	403.40299	518.37041	404.26866
S1_19	28	1	187.78279	448.05970	435.01259	443.85075
S1_19	29	0	320.98216	424.76119	546.50997	423.19403
S1_19	29	1	206.39664	473.98507	452.57503	466.07463
S1_19	30	0	394.18573	453.14925	601.15320	453.23881
S1_19	30	1	269.77859	471.16418	503.69255	464.91045
S1_19	31	0	312.37566	522.62687	528.40923	513.83582
S1_19	31	1	204.33788	529.73134	444.04407	518.91045
S1_19	32	0	370.56873	432.59701	592.46800	431.23881
S1_19	32	1	281.16684	467.10448	524.09129	464.68657
S1_19	33	0	357.28017	424.92537	547.22875	425.77612
S1_19	33	1	301.12067	374.68657	512.97901	379.85075
S1_19	34	0	271.32949	223.71642	305.16999	242.09701
S1_19	34	1	213.57503	215.32090	230.29066	238.06716
S1_19	35	0	993.82267	788.40299	1145.74187	805.00000
S1_19	35	1	1060.81112	834.07463	1205.93075	859.04478
S1_19	36	0	1309.67576	844.80597	1354.30640	888.88060
S1_19	36	1	1375.90871	821.20896	1472.66946	872.89552
S1_19	37	0	1439.29696	542.47761	1449.39979	568.58209
S1_19	37	1	1456.42183	477.52239	1420.43861	498.04478
S1_19	38	0	1244.26967	807.02985	1057.93704	835.28358
S1_19	38	1	1489.05352	867.26866	1286.09969	920.13433
S1_19	39	0	1129.56768	677.22388	926.13746	689.83582
S1_19	39	1	1363.18258	708.88060	1140.36097	740.01493
S1_19	40	0	985.76600	1000.55224	1026.06191	1018.80597
S1_19	40	1	1055.27282	927.98507	1104.63484	953.08955
S1_19	41	0	580.45645	1038.32836	494.76705	1002.89552
S1_19	41	1	359.89297	944.83582	271.43337	896.20896
S1_19	42	0	1024.03253	665.29851	959.29171	677.56716
S1_19	42	1	1146.14061	794.04478	1089.20672	816.20896
S1_19	43	0	822.04512	696.47761	1013.31480	698.78358
S1_19	43	1	760.93284	687.74627	944.47954	686.35821
S1_19	44	0	1794.15530	660.14925	1830.44911	725.10448
S1_19	44	1	1655.81322	631.94030	1708.22455	684.80597
S1_19	45	0	1651.49108	510.00746	1824.30220	541.44030
S1_19	45	1	1555.12172	533.17910	1735.99161	564.61194
S1_19	46	0	1640.29801	614.10448	1748.41553	660.51493
S1_19	46	1	1732.63799	598.99254	1894.81637	651.44776
S1_19	47	0	709.03463	908.26866	626.56348	890.13433
S1_19	47	1	520.15740	864.44403	424.08709	830.69403
S1_19	48	0	333.43127	1008.97388	385.96432	951.35075
S1_19	48	1	124.91081	966.15672	224.28541	893.92537
S1_19	49	0	352.05666	1013.00373	371.95383	956.20896
S1_19	49	1	202.46590	960.61567	231.42917	892.73881
S1_19	50	0	471.31689	804.05970	408.22875	775.23881
S1_19	50	1	180.15215	788.20896	106.23505	741.88060
S1_19	51	0	501.02099	440.52239	705.57608	441.16418
S1_19	51	1	431.51417	393.58209	662.00839	396.25373
S1_19	52	0	644.75131	490.35821	674.01154	488.19403
S1_19	52	1	691.08919	494.72388	737.13851	494.23881
S1_19	53	0	1004.78594	536.80597	879.01154	537.80597
S1_19	53	1	1088.39559	631.17164	976.05247	639.89552
S1_19	54	0	851.67051	575.46269	743.75131	567.91791
S1_19	54	1	894.98636	697.02985	796.13326	693.51493
S1_19	55	0	1087.56453	779.33582	798.71878	789.73134
S1_19	55	1	916.65163	786.72388	629.14900	785.02985
S1_19	56	0	711.27072	825.22388	602.86674	806.91791
S1_19	56	1	729.73872	864.17910	647.52571	845.53731
S1_19	57	0	1096.06506	897.69403	947.73662	914.38060
S1_19	57	1	1056.10703	908.77612	945.05037	925.79851
S1_19	58	0	681.86149	687.98507	509.76600	671.63433
S1_19	58	1	660.37146	787.38806	510.43757	769.02239
S1_19	59	0	1093.67996	857.52239	894.62120	871.91791
S1_19	59	1	996.97482	839.38806	845.26128	847.73881
S1_19	60	0	1151.36411	845.76866	945.89612	866.08209
S1_19	60	1	1204.08185	746.36567	1033.87093	770.70896
S1_19	61	0	1499.42392	484.80597	1621.94963	506.80597
S1_19	61	1	1539.21406	479.47761	1653.42917	504.77612
S1_19	62	0	1403.87408	524.08955	1553.51522	550.59701
S1_19	62	1	1347.46275	528.65672	1473.93494	550.34328
S1_19	63	0	1359.04722	486.02985	1567.61805	506.44776
S1_19	63	1	1390.27492	474.61194	1593.55719	494.26866
S1_19	64	0	1656.66107	435.28358	1805.66632	458.56716
S1_19	64	1	1732.21196	422.59701	1873.41028	444.86567
S1_19	65	0	912.46275	897.55224	1091.97167	912.11940
S1_19	65	1	959.13641	914.67910	1139.31689	932.94030
S1_19	66	0	812.79328	808.88806	930.64848	807.23881
S1_19	66	1	919.57188	845.82836	999.81952	854.58955
S1_19	67	0	1098.65163	903.47761	904.55404	919.41791
S1_19	67	1	774.86884	922.86567	607.51626	909.28358
S1_19	68	0	554.29171	402.29851	587.35782	404.85075
S1_19	68	1	648.47849	391.89552	658.62749	393.17910
S1_19	69	0	1119.74502	496.11940	886.75026	503.97015
S1_19	69	1	976.70199	528.34328	711.72403	531.11940
S1_19	70	0	1348.92970	208.83582	1309.95908	204.20896
S1_19	70	1	1459.98951	276.07463	1416.98951	276.26866
S1_19	71	0	904.90766	526.86567	762.98111	527.82090
S1_19	71	1	1039.13641	522.55224	874.54460	530.10448
S1_20	0	0	1342.62665	688.26923	497.62905	653.42308
S1_20	0	1	1402.55462	695.19231	561.01441	660.92308
S1_20	1	0	489.23169	464.46154	202.25690	471.34615
S1_20	1	1	277.75510	506.57692	15.55822	505.38462
S1_20	2	0	413.93878	519.57692	28.81152	508.07692
S1_20	2	1	709.54502	587.07692	247.77911	572.11538
S1_20	3	0	781.70708	159.80769	724.58824	195.38462
S1_20	3	1	626.12485	85.38462	564.39616	133.65385
S1_20	4	0	862.86675	259.61538	853.87275	289.00000
S1_20	4	1	759.14526	196.15385	747.27011	234.76923
S1_20	5	0	1571.15126	206.23077	1859.49580	196.61538
S1_20	6	0	306.55462	391.03846	457.75870	439.34615
S1_20	6	1	174.59784	352.96154	346.54622	404.73077
S1_20	7	0	1777.67107	212.15385	1802.44898	184.34615
S1_20	7	1	1599.61585	186.19231	1605.95438	169.92308
S1_20	8	0	818.73229	456.57692	794.78391	482.53846
S1_20	8	1	939.16447	382.73077	897.92917	406.96154
S1_20	9	0	81.82473	534.84615	190.15606	556.92308
S1_20	9	1	259.87995	491.00000	341.70468	522.30769
S1_20	10	0	310.24370	537.57692	77.79112	542.23077
S1_20	10	1	522.87275	458.53846	317.50300	473.57692
S1_20	11	0	685.37815	291.73077	544.19208	311.80769
S1_20	11	1	883.02521	141.15385	739.77911	170.03846
S1_20	12	0	927.18487	376.00000	1019.52341	408.96154
S1_20	12	1	866.68067	363.30769	950.37575	398.00000
S1_20	13	0	753.73950	355.80769	880.65186	396.26923
S1_20	13	1	697.84514	337.34615	825.33373	378.96154
S1_20	14	0	1052.85594	554.96154	881.25330	571.26923
S1_20	14	1	1340.39496	462.65385	1158.85954	474.07692
S1_20	15	0	874.33013	257.26923	1020.43337	298.38462
S1_20	15	1	655.93878	224.96154	798.58463	273.57692
S1_20	16	0	654.51020	420.53846	637.23649	452.34615
S1_20	16	1	732.30132	441.30769	705.80792	469.07692
S1_20	17	0	667.78391	266.88462	536.47899	298.88462
S1_20	17	1	890.20888	282.46154	715.68667	303.50000
S1_20	18	0	1527.76110	433.19231	1482.04802	447.57692
S1_20	18	1	1415.97239	406.07692	1359.88715	415.84615
S1_20	19	0	831.11285	454.38462	722.45378	478.73077
S1_20	19	1	617.90756	420.34615	527.68788	445.84615
S1_20	20	0	1001.38175	201.69231	417.26771	200.30769
S1_20	20	1	664.28691	304.38462	142.40576	305.88462
S1_20	21	0	424.08163	409.57692	412.86194	443.19231
S1_20	21	1	254.66987	413.03846	255.55102	447.23077
S1_20	22	0	1622.21609	132.53846	1214.77671	100.42308
S1_20	22	1	1432.06002	174.07692	1078.21008	158.69231
S1_20	23	0	1405.42017	120.53846	1102.53902	103.03846
S1_20	23	1	1255.02401	198.42308	989.59784	195.34615
S1_20	24	0	1235.92917	72.11538	785.37095	63.46154
S1_20	24	1	1054.99280	126.34615	658.60024	133.84615
S1_20	25	0	1025.73349	183.84615	781.84394	198.46154
S1_20	25	1	870.15126	215.00000	646.42977	238.26923
S1_20	26	0	803.06363	233.30769	439.22689	254.30769
S1_20	26	1	650.36255	90.23077	276.72989	123.34615
S1_20	27	0	953.57023	483.46154	504.52101	482.03846
S1_20	27	1	797.41176	440.19231	365.07323	440.50000
S1_20	28	0	889.60864	542.30769	508.19808	542.65385
S1_20	28	1	749.00840	512.88462	402.17167	514.96154
S1_20	29	0	1029.05642	586.73077	538.73830	578.42308
S1_20	29	1	848.69628	564.23077	394.68067	557.07692
S1_20	30	0	1119.88836	627.57692	758.24130	628.50000
S1_20	30	1	1016.74310	539.88462	657.40096	540.80769
S1_20	31	0	934.76831	686.57692	402.18727	663.88462
S1_20	31	1	1226.30132	919.96154	549.97839	889.15385
S1_20	32	0	1091.45018	376.38462	334.99760	353.46154
S1_20	32	1	1396.85234	397.73077	737.20648	375.96154
S1_20	33	0	947.47179	334.65385	787.37095	354.69231
S1_20	33	1	884.66267	209.46154	709.57983	238.73077
S1_21	0	0	1306.83403	733.01788	525.17435	742.75112
S1_21	0	1	1371.37301	735.61550	585.52640	745.56781
S1_21	1	0	1059.97821	192.29061	1289.01593	184.71684
S1_21	1	1	1115.36798	239.36960	1356.20788	225.22355
S1_21	2	0	1436.47108	594.32936	1853.61274	587.15350
S1_21	3	0	1264.59179	898.84650	1300.84577	921.22504
S1_21	3	1	1409.43671	877.11773	1468.22213	902.31297
S1_21	4	0	797.76362	940.84650	466.00251	941.18480
S1_21	4	1	419.77536	616.79434	76.84828	642.43219
S1_21	5	0	1172.10310	877.04173	1216.01760	894.94635
S1_21	5	1	1308.90109	867.38450	1361.66723	887.70343
S1_21	6	0	957.04862	683.67958	892.43923	695.97019
S1_21	6	1	1023.83822	725.52757	984.17435	736.20864
S1_21	7	0	117.88768	734.62742	410.18944	742.47988
S1_21	7	1	179.04443	724.97019	473.35792	733.62742
S1_21	8	0	1282.47863	152.99404	970.88181	141.72727
S1_21	8	1	1238.18944	343.68703	960.81056	342.01788
S1_21	9	0	1290.49455	354.55142	1332.65046	339.10581
S1_21	9	1	1318.38474	398.01788	1391.39313	384.57526
S1_21	10	0	1431.29086	915.43219	1125.74015	937.05365
S1_21	10	1	1306.56329	916.63934	928.59011	932.62742
S1_21	11	0	1583.43168	795.98957	1472.49790	813.34873
S1_21	11	1	1743.56580	758.97019	1597.22548	772.70790
S1_21	12	0	1494.79799	414.50373	1479.33780	389.94635
S1_21	12	1	1618.31852	305.85991	1603.98240	258.22504
S1_21	13	0	1312.18944	444.61550	964.58759	442.43219
S1_21	13	1	1119.06287	381.84352	804.05113	390.12221
S1_21	14	0	1901.89438	801.88227	1490.25985	813.49180
S1_21	14	1	1666.92372	801.47988	1291.50042	815.50373
S1_21	15	0	637.16597	919.39642	500.41995	917.91058
S1_21	15	1	719.64711	925.43219	624.74518	925.95827
S1_21	16	0	1030.90444	606.10581	1110.70914	613.79434
S1_21	16	1	1119.42079	577.93890	1214.51467	584.42027
S1_21	17	0	1073.11148	768.00596	1317.20872	780.43219
S1_21	17	1	1126.62364	766.39642	1368.70914	779.62742
S1_21	18	0	1335.55658	873.31297	971.48617	889.29657
S1_21	18	1	1765.09640	542.27720	1327.47863	525.00596
S1_21	19	0	1813.37804	566.20119	1370.06454	549.34873
S1_21	19	1	1693.88097	652.71386	1197.45767	650.74963
S1_21	20	0	1906.72255	371.40835	463.88097	357.84650
S1_21	20	1	1520.87175	451.48286	94.14920	461.53204
S1_21	21	0	317.29086	612.45604	473.69321	634.24888
S1_21	21	1	466.56161	589.11773	609.68650	610.91058
S1_21	22	0	156.91534	419.14158	319.49036	469.76304
S1_21	22	1	76.84828	429.20119	240.22800	482.23696
S1_21	23	0	1372.68148	499.47988	1551.22045	487.18927
S1_21	23	1	1479.70578	510.34426	1654.62364	494.43219
S1_21	24	0	848.97485	970.14903	609.65046	972.56334
S1_21	24	1	390.54484	786.57973	208.01341	791.76304
S1_21	25	0	1102.21291	1036.14009	936.14250	1052.23547
S1_21	25	1	434.95893	987.45156	165.76697	974.57526
S1_21	26	0	887.79883	995.09687	671.39648	999.12072
S1_21	26	1	461.11148	1007.16841	340.98240	991.87779
S1_21	27	0	1476.56832	958.47988	1210.65046	985.84203
S1_21	27	1	1829.06957	864.12519	1607.50210	889.14158
S1_21	28	0	1251.07209	257.63934	927.57167	252.74665
S1_21	28	1	1569.06119	209.42027	1166.96815	175.48882
S1_21	29	0	1177.22464	279.96572	1245.40402	269.22504
S1_21	29	1	1316.43671	284.79434	1374.95977	260.77496
S1_21	30	0	624.63873	475.75112	530.05281	503.57973
S1_21	30	1	496.69237	402.51714	361.46940	443.62444
S1_21	31	0	1142.69740	523.34873	921.08801	530.59165
S1_21	31	1	966.87175	615.09240	824.92707	625.95678
S1_21	32	0	1199.44342	655.81520	947.13076	664.72727
S1_21	32	1	1077.00587	837.22504	855.90025	848.44411
S1_21	33	0	1114.02179	878.67064	825.32188	890.29210
S1_21	33	1	870.19950	884.30402	560.06035	889.39642
S1_21	34	0	803.58005	871.84650	555.30679	876.18927
S1_21	34	1	568.74015	704.60358	333.63453	718.53204
S1_21	35	0	1150.83822	900.79881	799.36127	913.18927
S1_21	35	1	1463.75608	879.81073	1133.84577	899.00596
S1_21	36	0	1146.07209	989.86587	917.78541	1005.23547
S1_21	36	1	1399.14837	904.96274	1148.73261	925.96572
S1_21	37	0	977.36127	964.11326	508.54065	967.33234
S1_21	37	1	1355.16681	904.69151	773.68734	919.04620
S1_21	38	0	1772.33864	401.53204	1572.18189	361.12966
S1_21	38	1	1621.86085	430.10134	1391.93043	404.98957
S1_21	39	0	1853.61274	565.02981	1609.01760	545.09389
S1_21	39	1	1696.69740	570.26080	1469.00084	557.97019
S1_21	40	0	1377.66220	270.60209	1203.13076	249.66319
S1_21	40	1	1417.89690	155.92250	1258.65465	123.71684
S1_21	41	0	1356.43923	413.42772	1338.40402	398.05365
S1_21	41	1	1434.89690	354.27720	1414.04526	328.44113
S1_21	42	0	1386.61526	501.54993	1290.92707	493.41878
S1_21	42	1	1449.78374	407.39195	1354.90025	388.39642
S1_21	43	0	983.51383	491.76304	736.90109	506.65127
S1_21	43	1	856.77452	478.08197	576.76697	497.39642
S1_21	44	0	1303.97485	548.79434	1299.28751	547.32042
S1_21	44	1	1231.15004	504.93443	1228.47443	503.46051
S1_21	45	0	1527.04526	557.52310	1481.08047	546.62742
S1_21	45	1	1436.51718	515.27273	1375.66555	506.38897
S1_21	46	0	824.34954	731.83010	866.62699	742.55142
S1_21	46	1	776.87259	706.47988	803.86085	719.21311
S1_21	47	0	851.70914	701.24888	869.44342	713.17735
S1_21	47	1	807.85331	679.11773	803.86085	691.44858
S1_21	48	0	906.42833	695.61550	974.45599	705.93443
S1_21	48	1	867.40067	679.92250	920.13915	692.25335
S1_21	49	0	890.33445	670.26528	996.18273	685.01043
S1_21	49	1	842.45516	652.96274	935.42833	664.48882
S1_21	50	0	1104.61190	597.27273	974.99413	605.28912
S1_21	50	1	997.18525	581.98212	849.46186	592.01043
S1_21	51	0	1075.02515	310.02981	1199.48617	306.72280
S1_21	51	1	1132.96312	266.16990	1256.21710	256.82712
S1_21	52	0	389.68064	595.93890	354.82984	620.57973
S1_21	52	1	470.95474	616.05812	453.40486	636.27273
S1_21	53	0	795.17770	797.32042	1044.43168	807.68703
S1_21	53	1	649.52808	786.85842	913.66890	797.22504
S1_21	54	0	797.75189	821.76304	897.06454	831.40835
S1_21	54	1	690.32523	822.16542	792.45432	828.99404
S1_21	55	0	789.30260	742.89568	887.81056	752.54098
S1_21	55	1	716.07544	719.15499	804.92707	730.40984
S1_21	56	0	1161.24811	652.04173	1246.93965	659.55142
S1_21	56	1	1086.41157	599.73174	1174.11484	606.03428
S1_21	57	0	1054.22381	646.81073	1137.09891	654.72280
S1_21	57	1	1124.63453	702.33979	1214.34954	712.66617
S1_21	58	0	1137.50964	684.63487	1197.85331	695.36364
S1_21	58	1	1042.95809	677.39195	1116.17687	686.51118
S1_21	59	0	1458.54065	713.54247	1555.98156	721.94486
S1_21	59	1	1570.39313	728.02832	1677.49036	738.44262
S1_21	60	0	1540.97066	759.99404	1658.07209	775.95827
S1_21	60	1	1658.85834	793.39195	1786.82313	814.58718
S1_21	61	0	1153.32607	494.66319	981.76362	498.34873
S1_21	61	1	1316.67896	454.42474	1157.99162	448.45306
S1_21	62	0	1249.46270	656.99404	1361.27913	662.37258
S1_21	62	1	1346.02598	699.64680	1466.29170	708.64680
S1_21	63	0	1430.59095	663.79881	1546.97402	667.70343
S1_21	63	1	1521.11903	653.73920	1637.09975	654.42474
S1_21	64	0	1467.20453	755.54247	1602.49790	769.50671
S1_21	64	1	1561.35373	775.66170	1689.80721	793.24739
S1_21	65	0	395.32607	915.77496	349.15423	908.00596
S1_21	65	1	227.54736	838.11475	174.53562	835.17437
S1_21	66	0	103.00084	798.16542	249.14250	797.36066
S1_21	66	1	10.05868	767.58420	201.26320	768.79136
S1_21	67	0	510.64292	713.26080	557.30595	724.75857
S1_21	67	1	332.40319	682.67958	426.54317	697.79881
S1_21	68	0	1086.02934	628.93443	764.52137	639.81073
S1_21	68	1	1468.33026	627.42027	1095.63873	627.99404
S1_21	69	0	1141.39648	663.97019	1265.02515	672.21759
S1_21	69	1	1050.46605	663.16542	1155.18441	672.61997
S1_21	70	0	976.24811	649.98212	865.53311	660.39642
S1_21	70	1	781.10981	572.72429	624.07963	591.11326
S1_21	71	0	1454.91199	345.37258	1380.46270	319.56781
S1_21	71	1	1675.39816	445.96870	1633.13663	414.12817
S1_21	72	0	599.11148	483.89419	788.41576	507.08942
S1_21	72	1	710.56161	485.10134	893.02598	504.27273
S20_85	0	0	1329.10729	700.72727	566.61526	705.83458
S20_85	0	1	1386.22464	702.79881	625.76027	706.63934
S20_85	1	0	486.61190	820.59165	644.50293	826.81073
S20_85	1	1	324.06370	829.84650	498.45096	830.02981
S20_85	2	0	553.24811	874.55589	677.57334	875.21759
S20_85	2	1	416.45013	916.40387	531.52137	908.61550
S20_85	3	0	1576.82565	640.65127	1373.59933	637.72727
S20_85	3	1	1823.86672	614.09389	1598.91366	600.70790
S20_85	4	0	781.44342	333.24888	1023.06035	351.98212
S20_85	4	1	747.24392	347.73472	993.68902	365.66319
S20_85	5	0	315.63453	604.63934	301.84577	629.97019
S20_85	5	1	175.61777	669.82563	184.36044	688.31595
S20_85	6	0	807.22464	871.59165	665.85750	873.72727
S20_85	6	1	771.81811	917.06110	642.11903	916.78241
S20_85	7	0	957.46354	543.22504	1129.56412	549.76304
S20_85	7	1	773.99329	525.52012	960.57837	538.89866
S20_85	8	0	1457.99413	214.08197	1862.06203	140.43219
S20_85	9	0	1135.46689	459.75112	1392.70495	452.82265
S20_85	9	1	1212.31517	425.54844	1486.45180	410.97466
S20_85	10	0	1585.76781	307.16542	1634.49790	262.43219
S20_85	10	1	1520.98994	415.00447	1555.16597	387.99404
S20_85	11	0	1285.65801	139.62742	1552.58005	90.93890
S20_85	11	1	1232.54820	176.24441	1500.27494	139.22504
S20_85	12	0	1338.37720	269.78689	1529.53730	228.72727
S20_85	12	1	1248.63873	402.37258	1400.54149	383.48435
S20_85	13	0	1452.75189	354.79881	1726.87343	312.52757
S20_85	13	1	1552.53395	308.52459	1851.60101	246.53651
S20_85	14	0	1434.13495	881.40089	1196.63873	898.26080
S20_85	14	1	1601.49036	733.77496	1420.67393	736.99404
S20_85	15	0	1615.49790	279.67511	1778.37385	207.54396
S20_85	15	1	1477.18944	366.36066	1645.19698	322.22355
S20_85	16	0	1356.00587	295.99404	1000.22464	280.97019
S20_85	16	1	1117.38474	398.17735	815.54736	403.69747
S20_85	17	0	1233.75189	681.11773	1071.98240	686.77049
S20_85	17	1	1334.67393	539.95827	1184.23722	537.08346
S20_85	18	0	969.34954	443.45604	982.18944	451.70343
S20_85	18	1	869.56748	463.17288	916.60687	473.83458
S20_85	19	0	968.54484	502.20417	1009.58424	510.42474
S20_85	19	1	867.55574	527.95678	938.77117	538.59165
S20_85	20	0	874.79464	533.02235	1100.51467	541.00596
S20_85	20	1	806.39564	558.77496	1033.72506	571.18480
S20_85	21	0	709.31014	437.91058	900.61526	458.01490
S20_85	21	1	759.29086	393.22504	943.26404	411.74069
S20_85	22	0	536.56580	610.30999	693.40067	630.08197
S20_85	22	1	444.02598	640.89121	630.23219	655.43219
S20_85	23	0	510.30763	775.72578	700.65046	783.18927
S20_85	23	1	441.10394	781.76155	656.39229	790.02981
S20_85	24	0	756.57167	490.13413	837.68818	507.79881
S20_85	24	1	684.95390	527.55589	803.48868	545.22057
S20_85	25	0	1406.07628	527.27273	482.59179	530.52012
S20_85	25	1	1101.31433	570.31297	88.91869	584.20119
S20_85	26	0	191.11484	365.84650	383.22800	425.10134
S20_85	26	1	111.85247	361.01788	318.04778	424.69896
S20_85	27	0	1678.51551	92.14605	1446.65046	11.66915
S20_85	27	1	1467.68567	228.95678	1295.77033	188.31595
S20_85	28	0	1503.49455	70.81967	1352.50126	9.65723
S20_85	28	1	1350.60268	176.64680	1244.26991	141.63934
S20_85	29	0	1657.65046	225.79881	1555.68650	158.53949
S20_85	29	1	1518.03604	295.41133	1457.11148	250.68554
S20_85	30	0	1406.79631	295.70641	1450.41241	259.11773
S20_85	30	1	1295.74853	338.76155	1353.04443	315.04918
S20_85	31	0	1376.02934	177.01043	1406.80637	130.82414
S20_85	31	1	1306.42330	219.66319	1369.38810	185.14605
S20_85	32	0	934.80721	217.95827	810.11148	238.77496
S20_85	32	1	1074.90444	454.89419	946.91199	461.55589
S20_85	33	0	645.94300	260.20119	899.36127	289.00596
S20_85	33	1	715.54904	257.78689	966.15088	279.75112
S20_85	34	0	1559.63873	467.22504	1460.31433	440.88674
S20_85	34	1	1379.38726	449.92250	1274.02766	433.64382
S20_85	35	0	1296.92372	491.83458	1182.33026	484.23696
S20_85	35	1	1102.99246	424.63636	982.76614	427.90313
S20_85	36	0	438.92372	889.00596	350.91199	882.57973
S20_85	36	1	604.77536	735.16542	482.92791	740.69151
S20_85	37	0	1520.41324	385.92250	1757.44091	342.21610
S20_85	37	1	1438.88433	379.86140	1671.48617	342.59314
S20_85	38	0	389.01425	631.93443	669.90025	652.16542
S20_85	38	1	305.72842	664.12519	606.32942	681.13711
S20_85	39	0	1235.11148	423.02981	1330.05281	409.16542
S20_85	39	1	1087.85247	455.22057	1197.68064	451.41580
S20_85	40	0	1309.94803	478.55887	1474.89774	464.29210
S20_85	40	1	1262.87343	478.55887	1431.04191	469.12072
S20_85	41	0	1378.61106	402.27720	1483.74937	375.36513
S20_85	41	1	1514.60436	394.22951	1631.18944	355.72727
S20_91	0	0	1360.32109	687.43284	520.30640	690.52239
S20_91	0	1	1416.48059	691.49254	582.50997	691.02985
S20_91	1	0	1460.89822	227.83582	1191.84680	188.71642
S20_91	1	1	1664.58867	179.07463	1387.73033	112.29851
S20_91	2	0	1574.00315	239.44776	1453.58027	183.76119
S20_91	2	1	1661.39035	310.74627	1566.40294	254.04478
S20_91	3	0	1170.53515	46.34328	1267.24029	12.08955
S20_91	4	0	449.57293	270.04478	122.13536	331.88060
S20_91	4	1	714.05561	364.52239	340.78384	400.98507
S20_91	5	0	1538.49213	134.88060	1310.91501	79.01493
S20_91	5	1	1828.66212	158.80597	1679.30220	60.92537
S20_91	6	0	963.19203	288.77612	774.42917	301.46269
S20_91	6	1	934.48269	207.58209	773.92550	223.05970
S20_91	7	0	722.46275	416.31343	483.19832	445.20896
S20_91	7	1	850.64743	465.79104	612.39035	483.01493
S20_91	8	0	649.81217	297.83582	388.42078	339.37313
S20_91	8	1	810.73557	258.76119	564.95803	287.86567
S20_91	9	0	1458.48059	319.38806	1073.28751	292.20896
S20_91	9	1	1174.14271	173.89552	727.75341	178.94030
S20_91	10	0	817.72718	354.37313	534.66422	379.91045
S20_91	10	1	746.60231	243.92537	355.75341	284.43284
S20_91	11	0	633.45855	252.49254	407.37985	296.61194
S20_91	11	1	445.56558	80.49254	238.22770	157.80597
S20_91	12	0	779.24344	123.55224	448.68625	166.49254
S20_91	12	1	463.37251	196.68657	98.81742	263.73134
S20_91	13	0	1087.44596	250.28358	807.31375	251.41791
S20_91	13	1	1351.48793	296.47761	1038.91605	274.49254
S20_91	14	0	1675.71354	343.13433	1639.12172	282.59701
S20_91	14	1	1511.38720	217.64179	1461.69990	162.17910
S20_91	15	0	1470.95698	108.14925	1598.12067	31.20896
S20_91	15	1	1536.18258	96.73134	1657.55404	11.16418
S20_91	16	0	1517.27492	131.59701	1727.53410	44.65672
S20_91	16	1	1471.94439	92.77612	1677.67051	5.58209
S20_91	17	0	1537.85519	119.83582	1779.14795	25.11940
S20_91	18	0	633.16474	372.65672	384.49213	409.73134
S20_91	18	1	849.01889	497.49254	584.73242	514.52239
S20_91	19	0	1607.49528	177.13433	1775.12907	85.50746
S20_91	19	1	1502.22770	132.98507	1652.98846	52.01493
S20_91	20	0	1649.68416	306.89552	1887.51312	221.05970
S20_91	20	1	1555.24554	245.74627	1768.39454	171.58209
S20_91	21	0	1378.57608	215.43284	1572.08499	160.70149
S20_91	21	1	1312.34313	188.28358	1488.22350	139.89552
S20_91	22	0	1325.71773	120.85075	1497.72508	67.65672
S20_91	22	1	1241.60441	92.17910	1408.82686	47.10448
S20_91	23	0	1503.92865	201.49254	1326.09024	152.29851
S20_91	23	1	1323.86569	167.23881	1184.05456	133.77612
S20_91	24	0	1312.88877	405.13433	522.44386	406.85075
S20_91	24	1	888.61175	364.53731	190.35782	395.62687
S20_91	25	0	863.43442	324.67164	556.72298	349.55224
S20_91	25	1	726.29381	208.65672	436.20357	251.29851
S20_91	26	0	1561.23085	103.31343	1089.92025	57.08955
S20_91	26	1	1841.93075	166.50746	1387.49318	92.88060
S20_98	0	0	1322.28332	736.59165	529.55239	683.62742
S20_98	0	1	1383.03772	740.21311	587.89271	684.83458
S20_98	1	0	1040.09975	407.20119	1231.08801	391.56781
S20_98	1	1	994.23219	410.42027	1184.41576	397.20119
S20_98	2	0	1477.66555	656.33681	1323.30595	616.88227
S20_98	2	1	1667.97569	633.80328	1523.67477	584.69151
S20_98	3	0	144.04023	531.17735	188.29841	557.89419
S20_98	3	1	41.03940	453.51714	111.04778	495.12221
S20_98	4	0	470.95138	499.03428	611.07628	517.99404
S20_98	4	1	496.29925	520.76304	627.17016	536.50373
S20_98	5	0	613.74015	200.53204	422.53311	224.59165
S20_98	5	1	758.18273	219.04173	616.46438	228.61550
S20_98	6	0	319.39648	136.40835	158.52473	196.15350
S20_98	6	1	537.06622	171.01341	405.16345	207.42027
S20_98	7	0	594.90780	224.70343	624.09556	251.97019
S20_98	7	1	759.06538	248.84650	779.80386	257.60358
S20_98	8	0	661.69740	294.71833	672.37720	311.92548
S20_98	8	1	839.13244	313.22802	839.75356	312.73025
S20_98	9	0	1615.98240	190.61550	1425.09975	95.36513
S20_98	9	1	1481.19614	206.30849	1271.00084	129.56781
S20_98	10	0	1188.56077	347.31297	1083.84577	312.39642
S20_98	10	1	1090.38810	360.99404	1013.83738	335.33234
S20_98	11	0	869.33780	364.23696	455.22883	353.18927
S20_98	11	1	694.71920	367.45604	248.02012	368.47988
S20_98	12	0	423.13495	299.04173	193.52892	330.30104
S20_98	12	1	252.53982	335.65872	5.23051	374.56334
S20_98	13	0	418.94719	496.59165	61.96144	503.94635
S20_98	13	1	626.15591	435.02683	259.11148	437.95529
S20_98	14	0	531.47863	377.93443	273.13831	393.76304
S20_98	14	1	680.34702	361.83905	442.12406	368.81520
S20_98	15	0	973.51383	581.04173	731.17770	559.82265
S20_98	15	1	806.13747	593.51565	593.57502	580.34426
S20_98	16	0	1467.85750	442.20119	1011.33361	380.44411
S20_98	16	1	1836.31182	464.11326	1277.28500	371.99404
S20_98	17	0	1584.90444	544.53204	1456.01760	487.42027
S20_98	17	1	1178.20117	592.42027	1040.71668	564.06557
S20_98	18	0	1461.06454	582.82265	1187.90025	534.84650
S20_98	18	1	1751.81894	415.82265	1361.66220	328.01788
S20_98	19	0	768.73177	447.97466	876.51718	451.50373
S20_98	19	1	880.58424	429.06259	994.40486	424.14158
S20_98	20	0	258.67393	354.78689	296.63034	397.18480
S20_98	20	1	444.15591	384.16095	468.03018	410.06110
S20_98	21	0	322.38474	118.30104	596.40821	184.54396
S20_98	21	1	332.44342	178.65872	613.70914	239.67064
S20_98	22	0	1433.63873	459.05365	1000.27913	401.23696
S20_98	22	1	1809.75692	426.24888	1296.49790	333.55589
S20_98	23	0	1530.12573	412.16542	1425.65130	346.02981
S20_98	23	1	1467.10729	278.50820	1260.52557	208.84650
S20_98	24	0	1242.92791	559.09389	1248.12322	530.59165
S20_98	24	1	1096.87594	530.52459	1136.27075	511.67958
S20_98	25	0	461.36127	225.33681	687.66639	266.79434
S20_98	25	1	349.91115	178.66021	586.27494	236.21311
S20_98	26	0	1119.48198	621.60358	1270.66220	605.07750
S20_98	26	1	1208.80302	638.90611	1349.52221	619.56334
S20_98	27	0	736.37720	299.47988	1037.76781	310.68703
S20_99	0	0	1319.24554	726.83582	547.34313	722.97015
S20_99	0	1	1377.16789	729.37313	604.76180	727.28358
S20_99	1	0	1629.06296	159.71642	1803.07030	110.89552
S20_99	1	1	1537.14271	212.23881	1708.12802	180.92537
S20_99	2	0	1561.04827	195.22388	1884.23924	146.76119
S20_99	2	1	1512.69570	216.79104	1811.45855	182.02985
S20_99	3	0	1503.62015	261.52239	1624.99895	237.20896
S20_99	3	1	1417.24029	318.35821	1554.48478	309.26866
S20_99	4	0	1211.21616	209.92537	1266.74921	210.88060
S20_99	4	1	1165.38195	244.94030	1248.36516	249.19403
S20_99	5	0	1068.80797	114.94030	1175.39769	124.08955
S20_99	5	1	1027.25498	165.94030	1152.73242	180.41791
S20_99	6	0	1042.76390	201.28358	1127.23190	216.58209
S20_99	6	1	976.27912	247.20896	1080.39035	266.56716
S20_99	7	0	165.61700	168.82090	330.20147	252.68657
S20_99	7	1	225.05037	205.10448	398.19727	283.13433
S20_99	8	0	242.64428	303.11940	402.94753	364.14925
S20_99	8	1	304.59601	354.62687	475.47639	408.04478
S20_99	9	0	575.57188	358.14925	608.17314	398.64179
S20_99	9	1	425.22560	369.05970	487.29171	413.35821
S20_99	10	0	751.62749	223.20896	857.91815	260.92537
S20_99	10	1	710.57817	263.04478	839.28227	301.77612
S20_99	11	0	465.43652	332.85075	573.26967	379.32836
S20_99	11	1	507.74502	379.79104	632.95488	419.92537
S20_99	12	0	458.35572	58.98507	652.65897	130.82090
S20_99	12	1	435.18678	108.20896	645.35572	178.52239
S20_99	13	0	1142.31689	176.26866	1310.16264	180.71642
S20_99	13	1	1092.95698	217.11940	1269.86884	227.40299
S20_99	14	0	1395.44386	216.98507	1649.58342	196.47761
S20_99	14	1	1364.59286	257.64179	1616.59286	246.97015
S20_99	15	0	1412.90661	259.38806	1567.94963	241.61194
S20_99	15	1	1361.28017	316.22388	1513.80483	309.35821
S20_99	16	0	366.25813	328.49254	556.58552	380.04478
S20_99	16	1	313.62434	359.44776	516.79538	409.22388
S20_99	17	0	454.61805	384.34328	495.97901	427.85075
S20_99	17	1	395.18468	418.34328	472.05456	459.31343
S20_99	18	0	764.41238	640.01493	786.95488	660.98507
S20_99	18	1	659.64848	643.56716	697.04932	664.53731
S20_99	19	0	1241.13116	391.08955	1399.84785	398.76119
S20_99	19	1	1161.29906	413.92537	1326.05981	425.65672
S20_99	20	0	642.33158	670.94030	825.70304	695.76119
S20_99	20	1	570.81007	684.38806	755.69255	703.88060
S20_99	21	0	479.90136	542.83582	643.78384	570.59701
S20_99	21	1	441.37041	577.34328	622.37775	604.85075
S20_99	22	0	560.10178	538.19403	807.42392	571.04478
S20_99	22	1	532.39979	530.58209	786.52151	560.38806
S20_99	23	0	219.79328	575.19403	495.65897	604.19403
S20_99	23	1	145.75341	572.40299	440.00315	601.65672
S20_99	24	0	1639.16684	362.31343	1906.65268	341.05970
S20_99	24	1	1595.85100	379.82090	1861.32214	364.91045
S20_99	25	0	852.95698	351.31343	1053.69045	375.44776
S20_99	25	1	885.19203	376.94030	1088.94753	401.32836
S20_99	26	0	844.92550	213.11940	893.21931	244.50746
S20_99	26	1	763.83421	251.94030	810.36516	287.38806
S20_99	27	0	258.09969	163.95522	315.22455	242.53731
S20_99	27	1	124.62644	212.92537	202.90556	290.74627
S20_99	28	0	452.90136	355.44776	516.20462	398.82090
S20_99	28	1	350.40399	352.14925	418.99580	401.61194
S20_99	29	0	564.06821	404.74627	526.39559	438.65672
S20_99	29	1	452.25289	428.85075	395.94439	462.50746
S20_99	30	0	1026.84260	281.41791	1098.51522	299.26866
S20_99	30	1	954.06191	329.11940	1024.97901	348.23881
S20_99	31	0	1111.57398	375.05970	1226.96013	386.89552
S20_99	31	1	1031.49003	389.52239	1137.30640	409.22388
S20_99	32	0	1148.16579	439.17910	1158.71773	449.73134
S20_99	32	1	1065.05981	489.67164	1068.30850	505.80597
S20_99	33	0	1179.05352	579.32836	1214.28541	598.25373
S20_99	33	1	1075.04512	594.80597	1113.80273	616.52239
S20_99	34	0	1057.92340	625.41791	1125.89402	647.13433
S20_99	34	1	971.54355	659.67164	1038.00315	684.68657
S20_99	35	0	830.12382	711.29851	887.63274	731.28358
S20_99	35	1	740.21826	737.43284	788.66107	753.10448
S20_99	36	0	748.05771	534.41791	814.58657	560.40299
S20_99	36	1	653.87093	547.10448	725.68835	575.37313
S20_99	37	0	277.01889	556.35821	407.02623	583.47761
S20_99	37	1	160.16684	600.50746	318.63169	624.07463
S20_99	38	0	1366.32424	322.74627	1380.81322	315.97015
S20_99	38	1	1267.10073	368.92537	1280.83421	374.32836
S20_99	39	0	1512.59811	333.65672	1807.57608	319.26866
S20_99	39	1	1464.24554	349.89552	1739.58027	341.59701
S20_99	40	0	1413.62015	374.92537	1590.29696	373.10448
S20_99	40	1	1340.33578	402.32836	1502.40609	409.38806
S20_99	41	0	1454.66946	387.86567	1605.91081	385.28358
S20_99	41	1	1389.19203	434.80597	1535.64848	439.83582
S20_99	42	0	1282.52991	432.65672	1377.55404	441.04478
S20_99	42	1	1202.19412	470.97015	1297.97377	485.44776
S20_99	43	0	1264.10703	502.14925	1281.93284	515.79104
S20_99	43	1	1177.22350	533.61194	1189.50892	550.80597
S20_99	44	0	1320.04827	665.23881	1406.62539	692.83582
S20_99	44	1	1228.63169	664.98507	1321.75656	695.11940
S20_99	45	0	1518.95278	528.74627	1701.93075	540.70149
S20_99	45	1	1446.17209	564.52239	1623.10598	584.59701
S20_99	46	0	1548.16579	576.44776	1771.18573	598.55224
S20_99	46	1	1471.85939	593.95522	1680.52466	615.80597
S20_99	47	0	660.27282	585.56716	924.07975	612.11940
S20_99	47	1	623.50472	631.74627	882.77859	657.53731
S20_99	48	0	403.46800	698.28358	689.52886	718.25373
S20_99	48	1	439.73242	697.26866	722.51941	718.76119
S20_99	49	0	1323.75971	874.83582	1422.95278	923.22388
S20_99	49	1	1260.80063	865.19403	1366.79328	909.77612
S20_99	50	0	1607.83106	77.73134	1367.87513	33.91045
S20_99	50	1	1320.73872	117.08955	1023.62644	107.01493
S20_99	51	0	1701.21931	681.31343	1805.42497	712.38806
S20_99	51	1	1512.68520	743.11940	1590.69990	779.26866
S20_99	52	0	813.65897	511.82090	1141.75446	547.46269
S20_99	53	0	1573.12802	639.82090	1722.32109	673.26866
S20_99	53	1	1634.82791	573.08955	1820.78909	591.31343
S20_99	54	0	1449.92865	743.32836	1647.71563	785.55224
S20_99	54	1	1350.70514	769.20896	1534.13746	812.19403
S20_99	55	0	1514.99685	746.22388	1639.68625	785.43284
S20_99	55	1	1452.79328	779.97015	1582.01574	822.47761
S20_99	56	0	348.62539	752.02985	482.96013	758.86567
S20_99	56	1	192.99056	704.83582	377.44071	713.44776
S20_99	57	0	1338.10388	637.10448	1564.23820	667.52239
S20_99	57	1	1367.82057	615.28358	1605.28751	642.65672
S20_99	58	0	96.80273	95.02985	332.47009	199.92537
S20_99	58	1	196.52991	107.20896	423.13116	200.17910
S20_99	59	0	171.57503	552.31343	326.32319	582.28358
S20_99	59	1	317.79853	463.88060	449.88143	502.47761
S20_99	60	0	1332.75656	617.04478	1435.55089	641.52239
S20_99	60	1	1634.13116	448.29851	1798.87723	443.08955
S20_99	61	0	1255.22036	932.22388	1058.36726	959.59701
S20_99	61	1	1513.51731	968.64179	1189.57398	1006.79104
S20_99	62	0	1028.42917	673.26866	1056.78174	694.79104
S20_99	62	1	955.64848	731.11940	956.04722	749.59701
S20_99	63	0	1531.57503	538.02985	1630.00839	551.86567
S20_99	63	1	1679.15110	438.05970	1768.21721	430.95522
S20_99	64	0	686.83211	846.88060	847.50682	864.95522
S20_99	64	1	762.88667	832.92537	920.03568	853.02985
S20_99	65	0	961.78069	721.46269	1088.12802	751.14925
S20_99	65	1	1057.98216	673.25373	1167.96013	699.38806
S20_99	66	0	743.52361	604.58209	784.45540	626.10448
S20_99	66	1	798.67576	628.17910	855.22141	649.70149
S20_99	67	0	1530.37146	783.70149	1545.42707	824.70149
S20_99	67	1	1365.41868	746.40299	1431.34523	778.26866
S20_99	68	0	1109.58027	316.08955	1016.47534	330.02985
S20_99	68	1	1211.83526	203.05970	1107.39769	206.34328
S20_99	69	0	989.49948	335.31343	886.37985	356.64179
S20_99	69	1	1091.27282	222.20896	957.17733	236.94030
S20_99	70	0	1135.40714	269.62687	1068.80378	281.82090
S20_99	70	1	1137.77650	148.58209	1045.48583	158.74627
S20_99	71	0	1219.76390	940.20896	1233.82267	979.61194
S20_99	71	1	1441.54460	843.05970	1587.77125	893.22388
S22_175	0	0	1310.13412	699.74367	543.71668	704.99404
S22_175	0	1	1368.47443	704.97466	601.65465	709.82265
S22_175	1	0	909.30427	403.99404	1145.88433	408.82265
S22_175	2	0	901.07628	735.61550	532.00587	742.98212
S22_175	2	1	769.10645	771.02534	378.71165	777.18480
S22_175	3	0	443.65381	490.10134	337.84158	526.61550
S22_175	3	1	535.38894	474.81073	453.71752	508.10581
S22_175	4	0	646.03437	562.93294	518.09304	583.35171
S22_175	4	1	556.31098	558.50671	462.97150	583.75410
S22_175	5	0	1251.22464	323.10581	1384.50210	298.16542
S22_175	5	1	1199.32188	312.24143	1333.00168	292.12966
S22_175	6	0	1121.10729	428.92250	1158.90444	425.22504
S22_175	6	1	1092.94300	461.91803	1115.85331	458.22057
S22_175	7	0	632.17351	733.72280	461.14250	742.78689
S22_175	7	1	517.90696	775.16841	346.07125	780.20864
S22_175	8	0	1102.04862	853.12966	736.94719	859.55589
S22_175	8	1	962.03185	869.62742	633.94635	873.23696
S22_175	9	0	867.13831	630.44858	624.69740	643.20119
S22_175	9	1	851.44677	644.53204	551.06790	656.47988
S22_175	10	0	383.36966	597.07750	332.90025	622.99404
S22_175	10	1	291.63453	591.84650	284.61861	620.57973
S22_175	11	0	387.79547	626.85395	279.38810	649.95380
S22_175	11	1	279.96647	609.95380	200.93043	637.88227
S22_175	12	0	1145.27913	416.88674	1168.11065	412.25335
S22_175	12	1	1264.34954	433.91952	1261.45516	422.71535
S22_175	13	0	65.58256	593.40835	301.83403	624.94635
S22_175	13	1	218.07209	531.84352	393.97150	567.80775
S22_175	14	0	825.57586	656.34128	381.38474	669.72727
S22_175	14	1	765.39648	759.23696	13.67980	767.18927
S22_175	15	0	284.36127	537.94635	343.76362	573.15350
S22_175	15	1	112.15675	540.36066	232.71584	579.99404
S22_175	16	0	753.77117	829.10581	529.06035	830.85097
S22_175	16	1	1129.40821	704.14158	846.53814	711.41580
S22_175	17	0	778.94384	209.23994	529.99413	246.16542
S22_175	17	1	985.58005	156.34873	904.75943	165.14158
S22_175	18	0	957.49790	215.46051	1101.39229	217.84650
S22_175	18	1	1049.23303	173.61252	1185.08047	163.12221
S22_175	19	0	536.09975	793.56781	280.39648	797.61550
S22_175	19	1	367.11400	832.19672	135.14920	830.20864
S22_175	20	0	82.48114	500.52757	399.43168	544.28912
S22_175	20	1	2.81643	539.55887	349.13831	579.69896
S22_175	21	0	651.99413	317.55589	13.27745	357.11773
S22_175	21	1	973.88097	199.76304	159.32942	243.04024
S22_175	22	0	973.00587	321.00596	1043.61106	325.21311
S22_175	22	1	1019.27578	314.56781	1120.45935	313.54396
S22_175	23	0	1244.51718	375.55589	1147.78709	365.44411
S22_175	23	1	1324.98659	271.33830	1191.24057	249.55738
S22_175	24	0	1374.17016	454.47243	1228.45516	440.21759
S22_175	24	1	1349.22464	563.51863	1168.10310	558.11624
S22_175	25	0	1769.92456	198.33681	1475.82230	124.12966
S22_175	25	1	1492.70746	136.36960	1063.54065	100.97914
S22_175	26	0	1131.24811	459.56781	1211.99413	455.71088
S22_175	26	1	1215.33864	352.13115	1285.22129	336.60507
S22_175	27	0	59.14501	593.22951	274.85331	625.32489
S22_175	27	1	210.02515	625.82265	385.49874	649.87034
S22_175	28	0	884.90025	337.66766	1079.63873	345.27720
S22_175	28	1	829.77871	342.09389	1015.66555	354.53204
S22_175	29	0	277.21710	480.13711	327.99413	522.57973
S22_175	29	1	65.58256	526.79881	150.55909	570.86587
S22_175	30	0	455.95557	411.70343	452.71333	453.12966
S22_175	30	1	204.48868	464.01341	241.07879	512.28018
S22_176	0	0	1276.31584	724.33209	503.53515	719.13806
S22_176	0	1	1328.69780	724.33209	562.12907	720.98507
S22_176	1	0	1617.42183	721.13806	1903.56139	768.45896
S22_176	1	1	1558.15635	748.84328	1829.18573	798.01119
S22_176	2	0	737.53515	511.18284	851.35992	541.00746
S22_176	2	1	900.66946	504.63433	1030.10808	530.26119
S22_176	3	0	466.04722	617.73881	812.47009	649.43284
S22_176	4	0	1633.67051	247.23881	1830.34627	210.55224
S22_176	4	1	1694.11123	161.94030	1891.79433	102.75373
S22_176	5	0	1565.60021	790.01866	1610.26548	839.33955
S22_176	5	1	1727.53095	709.95522	1806.27492	750.48134
S22_176	6	0	265.38720	680.44030	367.62225	692.16418
S22_176	6	1	453.45121	663.31343	502.12907	679.57090
S22_176	7	0	1527.68835	633.70896	1471.70934	653.14179
S22_176	7	1	1770.32739	633.34328	1721.73557	651.26493
S22_176	8	0	578.85414	779.42537	822.24869	797.36567
S22_176	8	1	508.67576	785.47015	752.74187	803.74627
S22_176	9	0	437.71668	420.76866	432.50577	457.97761
S22_176	9	1	317.17104	408.00746	283.41868	452.26866
S22_176	10	0	929.81952	674.91418	887.19832	695.73881
S22_176	10	1	1008.05666	664.50373	968.96118	685.32836
S22_176	11	0	667.38195	857.37313	546.44701	857.66418
S22_176	11	1	748.30535	857.70896	654.23295	863.03731
S22_176	12	0	702.12487	790.90672	613.76705	797.74254
S22_176	12	1	821.49528	793.92910	723.06401	804.96269
S22_176	13	0	687.37356	921.32463	547.49843	918.76119
S22_176	13	1	785.25393	899.16045	656.45960	904.99254
S22_176	14	0	776.45540	927.99627	752.46065	937.89925
S22_176	14	1	844.45121	917.75373	835.73452	933.86940
S22_176	15	0	947.28122	750.18284	930.76705	773.22761
S22_176	15	1	1044.67051	751.89925	1020.08499	774.06716
S22_176	16	0	1420.13221	931.15672	1247.47534	967.58955
S22_176	16	1	1527.90346	907.13806	1353.24659	935.85448
S22_176	17	0	553.38930	898.63806	386.81952	888.02612
S22_176	17	1	598.04827	850.44776	468.91815	846.72015
S22_176	18	0	829.51312	879.55970	775.39664	893.40299
S22_176	18	1	916.14481	873.68284	845.07135	892.39552
S22_176	19	0	1145.91605	949.42910	1059.20147	978.76866
S22_176	19	1	1047.05876	953.13806	968.23505	977.60821
S22_176	20	0	1383.17104	742.35821	1326.84890	772.44776
S22_176	20	1	1484.53830	723.29851	1438.12172	754.22761
S22_176	21	0	1655.05352	804.73881	1653.71039	850.99627
S22_176	21	1	1742.34732	826.75746	1765.51626	881.07463
S22_176	22	0	1612.83526	746.22015	1634.99370	783.34328
S22_176	22	1	1722.03463	747.89179	1747.07975	789.35075
S22_176	23	0	1211.03043	557.43284	1009.37356	568.83582
S22_176	23	1	1100.13641	409.99254	853.82057	423.41045
S22_176	24	0	1363.48533	595.88227	1652.69740	623.60507
S22_176	24	1	1293.47695	589.57824	1571.28919	617.56930
S22_176	25	0	1239.37671	469.93284	1487.26128	489.94776
S22_176	25	1	1180.95068	484.54104	1409.86359	504.05224
S22_176	26	0	1183.54040	786.02239	1379.79748	824.08955
S22_176	26	1	1120.41343	781.99254	1310.62644	811.66418
S22_176	27	0	1270.56768	708.43284	1383.55299	743.04478
S22_176	27	1	1431.40714	721.19403	1542.71354	763.19403
S22_176	28	0	649.21721	969.85448	337.23820	954.00746
S22_176	28	1	481.71773	951.99254	127.72508	925.70896
S22_176	29	0	733.80797	868.88433	460.90346	865.64925
S22_176	29	1	614.01679	864.01493	329.52781	858.93284
S22_177	0	0	1298.96432	690.43284	476.91815	701.46269
S22_177	0	1	1346.30955	687.64179	530.55929	701.71642
S22_177	1	0	998.08709	1003.16418	673.38510	1004.68657
S22_177	1	1	937.14271	1025.23881	609.16684	1021.17910
S22_177	2	0	1510.68311	651.10448	1645.44806	697.94030
S22_177	2	1	1579.68625	641.20896	1738.87933	692.86567
S22_177	3	0	1200.74921	654.23881	1199.13536	679.92537
S22_177	3	1	1238.02099	645.10448	1258.06506	673.32836
S22_177	4	0	1736.41133	726.91045	1405.58237	784.89552
S22_177	4	1	1896.83106	721.58209	1538.04827	787.94030
S22_177	5	0	789.06506	608.13433	908.98216	612.25373
S22_177	5	1	734.41658	626.14925	857.10388	625.70149
S22_177	6	0	1383.78594	890.23881	1157.72718	936.49254
S22_177	6	1	1703.75656	703.13433	1643.96957	764.59701
S22_177	7	0	1383.34103	890.05970	1157.28227	936.01493
S22_177	7	1	1648.62959	762.83582	1486.71249	819.89552
S22_177	8	0	1459.04302	929.80597	1188.71983	982.04478
S22_177	8	1	1417.26548	817.19403	1241.38090	860.80597
S22_177	9	0	434.25603	770.00000	384.84995	744.14925
S22_177	9	1	195.86359	806.10448	191.28437	760.46269
S22_177	10	0	1712.37985	539.68657	1665.80273	575.07463
S22_177	10	1	1791.96013	450.11940	1776.61070	475.10448
S22_177	11	0	1087.46275	528.23881	1276.19412	545.52239
S22_177	11	1	1554.30010	539.26866	1841.93075	576.31343
S22_177	12	0	872.20147	621.32836	1016.06191	632.41791
S22_177	12	1	957.57398	597.98507	1099.41973	611.10448
S22_177	13	0	1788.47849	665.46269	1638.77964	725.32836
S22_177	13	1	1656.76810	721.28358	1517.89822	778.10448
S22_177	14	0	441.64638	351.23881	587.92025	360.11940
S22_177	14	1	706.75026	351.53731	827.58867	360.92537
S22_177	15	0	1039.84785	746.34328	1072.58867	763.70149
S22_177	15	1	922.99580	776.79104	943.90031	786.28358
S22_177	16	0	1569.73137	574.73134	1662.54355	614.77612
S22_177	16	1	1728.13641	561.28358	1842.37356	606.91045
S22_177	17	0	1088.17733	775.35821	837.74711	789.05970
S22_177	17	1	719.63903	844.40299	456.86884	827.91045
S22_177	18	0	1832.45645	580.74627	1768.93809	630.43284
S22_177	18	1	1555.55824	577.86567	1465.09339	611.82090
S22_177	19	0	613.68311	829.94030	451.21616	809.49254
S22_177	19	1	776.53620	842.41791	691.38300	835.92537
S22_177	20	0	1845.70829	718.97015	1566.05771	785.05970
S22_177	20	1	1416.14061	698.55224	1258.57817	731.23881
S22_177	21	0	113.32634	410.46269	407.19203	414.83582
S22_177	21	1	49.35992	388.89552	347.00315	394.02985
S22_177	22	0	719.37985	923.91045	563.28227	906.22388
S22_177	22	1	838.24659	951.82090	702.81112	951.64179
S22_177	23	0	654.53935	487.05970	529.87933	485.08955
S22_177	23	1	433.06401	440.43284	295.81217	441.50746
S22_177	24	0	1405.62539	570.85075	1295.64218	598.53731
S22_177	24	1	1189.04932	587.01493	1045.74607	606.61194
S22_177	25	0	1372.52886	477.29851	1463.81217	498.11940
S22_177	25	1	1472.00420	463.08955	1594.51522	485.17910
S22_177	26	0	1427.18993	425.70149	1662.84050	444.46269
S22_177	26	1	1333.25498	432.55224	1562.60965	450.80597
S22_177	27	0	1155.04092	419.11940	1127.48793	431.29851
S22_177	27	1	1019.96432	512.52239	969.49423	518.85075
S22_177	28	0	1760.17838	329.56716	1795.82371	331.44776
S22_177	28	1	1536.37461	346.00000	1540.41133	355.77612
S22_177	29	0	312.53830	785.20896	320.21406	751.65672
S22_177	29	1	567.53200	711.32836	520.81112	696.80597
S22_177	30	0	1105.17733	375.14925	1248.65687	384.29851
S22_177	30	1	1008.47219	420.05970	1148.67786	431.74627
S22_177	31	0	377.55929	597.17910	409.84050	583.32836
S22_177	31	1	212.35467	522.58209	289.96642	510.76119
S22_177	32	0	1159.71249	204.74627	1121.58027	208.74627
S22_177	32	1	1321.64008	194.91045	1279.22665	190.53731
S22_178	0	0	1325.37301	697.76304	555.18525	719.50820
S22_178	0	1	1388.54149	697.76304	615.93965	720.71535
S22_178	1	0	936.81056	244.40835	886.82230	272.16542
S22_178	1	1	962.56077	230.72727	939.12741	254.86289
S22_178	2	0	1320.67393	367.10581	1214.25566	376.47988
S22_178	2	1	1388.26823	333.70790	1292.31098	342.27720
S22_178	3	0	123.92288	484.97019	483.70495	513.82265
S22_178	3	1	220.48617	447.95082	555.72506	490.08197
S22_178	4	0	1105.83403	518.46051	996.19698	543.59165
S22_178	4	1	1248.26488	455.68852	1156.73345	475.18629
S22_178	5	0	1463.30679	63.57675	1460.64208	36.21461
S22_178	5	1	1615.79631	95.36513	1617.15507	53.51714
S22_178	6	0	873.23638	177.30104	890.75608	204.02981
S22_178	6	1	690.16848	199.02981	699.64124	243.46349
S22_178	7	0	370.83403	383.66319	529.32188	427.70343
S22_178	7	1	436.81894	406.59911	605.76781	445.00596
S22_178	8	0	1098.02179	87.71982	1150.97821	93.75559
S22_178	8	1	1012.72422	149.28465	1072.92288	164.57526
S22_178	9	0	865.17770	618.30104	504.59179	641.42027
S22_178	9	1	563.61526	606.93443	276.86337	629.75112
S22_178	10	0	1147.88013	113.07004	1112.14585	120.31297
S22_178	10	1	1309.62364	84.50075	1259.80721	75.24590
S22_178	11	0	470.40821	294.77496	358.90444	347.23696
S22_178	11	1	112.65717	318.66766	17.30092	382.39642
S22_178	12	0	974.39648	192.53204	845.21291	219.03428
S22_178	12	1	859.72842	341.72727	756.81811	381.67958
S22_178	13	0	183.06790	248.43219	290.48617	319.28912
S22_178	13	1	365.33110	135.76453	463.09304	207.42623
S22_178	14	0	395.22464	47.88376	269.08801	132.52012
S22_178	14	1	146.45432	126.34873	21.64459	217.02086
S22_178	15	0	970.58759	91.74367	1195.61945	106.93890
S22_178	15	1	883.27829	140.83458	1107.50545	160.85842
S22_178	16	0	536.85750	449.65127	556.22464	481.15350
S22_178	16	1	387.18441	501.96125	428.68064	531.85395
S22_178	17	0	588.34954	447.16542	194.33361	484.54396
S22_178	17	1	370.67980	439.92250	84.49288	480.92250
S22_178	18	0	1098.18944	327.97019	923.20117	351.12966
S22_178	18	1	1347.04443	263.42772	1167.58005	270.24888
S22_178	19	0	872.28835	556.90015	453.40821	581.92250
S22_178	19	1	1234.38474	365.42027	602.02179	390.63934
S22_178	20	0	1420.41995	533.45604	1054.11903	557.31297
S22_178	20	1	1621.59346	485.57228	1256.33026	501.56781
S22_178	21	0	1121.74350	572.99553	924.55239	599.30104
S22_178	21	1	1657.66974	107.83905	1550.17770	65.58867
S22_178	22	0	89.72339	492.43219	243.33780	530.54396
S22_178	22	1	484.83403	368.76304	608.43168	407.33681
S22_178	23	0	675.57670	407.15350	411.94719	441.97019
S22_178	23	1	501.76278	324.26230	292.88852	371.22951
S22_178	24	0	1037.81056	174.97019	989.15759	193.13711
S22_178	24	1	853.10729	336.22951	875.26739	360.33234
S22_178	25	0	1546.95893	291.50820	1516.55658	282.14158
S22_178	25	1	1680.94049	205.80030	1710.08550	169.07154
S22_178	26	0	141.62615	342.83159	543.97318	394.33681
S22_178	27	0	899.74015	61.16244	822.74015	92.54844
S22_178	27	1	733.16848	114.27720	718.93462	161.35618
S22_178	28	0	1695.08801	167.97019	1402.67393	137.43666
S22_178	28	1	1507.19195	295.52608	1194.66052	291.14754
S22_178	29	0	1192.60352	500.31297	648.77536	525.21311
S22_178	29	1	993.03940	634.70939	390.72842	656.76304
S22_178	30	0	1704.74434	483.66319	1334.77536	497.12221
S22_178	30	1	1469.37133	555.69001	1128.77368	577.59911
S22_178	31	0	1606.79883	402.39642	1044.88097	411.54396
S22_178	31	1	1362.36127	505.14158	921.36044	528.23547
S22_178	32	0	1372.37301	368.14158	1236.03688	375.25335
S22_178	32	1	1301.15759	472.76155	1130.21961	491.54247
S22_178	33	0	1797.28416	578.38450	1395.33780	604.54396
S22_178	33	1	1671.75189	652.02086	1177.66806	681.80179
S22_178	34	0	1537.11903	462.39642	1020.87678	478.52012
S22_178	34	1	1768.87091	414.51267	1306.10729	419.34873
S22_178	35	0	1279.91199	215.20119	1160.01006	222.67958
S22_178	35	1	1154.78206	254.23249	1003.49707	266.53949
S23_173	0	0	1336.18283	701.36228	506.77948	665.60050
S23_173	0	1	1395.97348	707.43672	569.41731	673.19355
S23_173	1	0	929.78925	650.93797	1112.53733	693.16625
S23_173	1	1	888.03070	637.98511	1069.77390	680.21340
S23_173	2	0	970.47732	627.72208	1132.45848	668.59801
S23_173	2	1	1020.16329	624.93052	1174.55199	664.91315
S23_173	3	0	1612.37474	214.64268	1677.96720	201.38710
S23_173	3	1	1751.52198	265.79653	1844.35799	246.84615
S23_173	4	0	1358.97697	479.08189	1596.10398	514.59801
S23_173	4	1	1513.61479	497.80645	1788.51710	535.38462
S23_173	5	0	1129.61759	226.94541	975.98604	237.98015
S23_173	5	1	1268.23168	240.74194	1122.30426	244.40695
S23_173	6	0	1114.85415	358.71960	1187.19330	383.82134
S23_173	6	1	1027.98744	349.67494	1095.86043	379.24318
S23_173	7	0	1487.24703	510.50372	1421.39777	526.90819
S23_173	7	1	1355.38381	511.62035	1301.36985	530.48139
S23_173	8	0	908.92184	525.06203	713.51849	536.57568
S23_173	8	1	771.20028	462.71712	569.65597	475.57072
S23_173	9	0	607.42708	524.77419	434.45010	535.97767
S23_173	9	1	462.10398	473.64516	273.49546	485.96526
S23_173	10	0	809.63922	905.98263	501.23587	894.27792
S23_173	10	1	644.99163	867.68983	324.08304	847.05211
S23_173	11	0	1374.96581	621.15385	1233.66923	638.64764
S23_173	11	1	1238.12282	564.31017	1103.97209	578.90074
S23_173	12	0	1593.91417	663.46402	1556.49197	699.83623
S23_173	12	1	1692.95115	706.56576	1676.21703	748.20099
S23_173	13	0	1153.45987	858.16377	748.86183	858.83871
S23_173	13	1	1000.59805	787.20844	682.97837	787.43672
S23_173	14	0	1296.53873	995.30769	1043.14027	1027.04715
S23_173	14	1	1148.18702	970.30025	878.59874	987.18859
S23_173	15	0	1711.52408	524.86849	1662.24215	538.39702
S23_173	15	1	1591.71947	534.80645	1558.40405	552.24318
S23_173	16	0	1214.20516	660.01985	961.79693	671.78164
S23_173	16	1	1399.97418	673.09677	1114.07676	685.73945
S23_173	17	0	1253.68876	627.66749	1193.70342	652.56576
S23_173	17	1	1138.01535	601.53846	1067.31124	623.42184
S23_173	18	0	1090.51361	936.12903	768.31542	942.00496
S23_173	18	1	982.04606	953.20347	586.15632	944.22829
S23_173	19	0	1032.93510	157.09926	934.95953	176.92556
S23_173	19	1	958.68528	185.12655	896.32729	211.42928
S23_173	20	0	1000.57153	495.51365	970.39218	517.06700
S23_173	20	1	902.98604	432.53598	883.86043	459.33747
S23_173	21	0	1141.96162	795.53846	919.69574	811.51117
S23_173	21	1	1312.20307	784.11911	1053.56664	803.48139
S23_173	22	0	1025.38870	638.48387	1119.31612	673.33995
S23_173	22	1	1145.52826	650.76675	1242.69365	689.97767
S23_173	23	0	1571.98255	570.81886	1520.32100	592.01737
S23_173	23	1	1629.03768	516.99752	1639.90230	535.73945
S23_173	24	0	1048.50803	1069.39206	578.31682	1058.22581
S23_173	24	1	1010.33217	890.57320	895.33217	912.70968
S23_173	25	0	215.24424	215.69975	476.88974	287.99504
S23_173	25	1	362.45499	218.81638	598.53175	285.52854
S23_173	26	0	1567.91835	687.34988	1787.47732	745.77171
S23_173	26	1	1646.85764	706.55583	1867.53315	769.89082
S23_173	27	0	674.54501	529.01737	744.30286	560.00000
S23_173	27	1	826.57641	567.54342	890.19330	597.96774
S23_173	28	0	159.54920	366.80397	291.46197	414.56576
S23_173	28	1	274.99930	413.25558	370.62456	457.10918
S23_173	29	0	1023.30635	578.70223	935.30635	599.21092
S23_173	29	1	1136.96999	613.54094	1043.16399	635.61290
S23_173	30	0	1189.79274	572.68983	1391.82135	615.87345
S23_173	30	1	1247.29449	580.39454	1464.61968	624.69479
S23_173	31	0	788.86532	604.85856	633.06001	617.00993
S23_173	31	1	949.11026	617.26303	758.24564	629.07940
S23_173	32	0	1014.05024	361.65509	938.29728	382.43176
S23_173	32	1	1115.56664	358.54342	1054.55199	376.97519
S23_173	33	0	1499.68667	507.79901	1448.42428	524.93052
S23_173	33	1	1600.42638	428.42432	1563.56734	434.16625
S23_173	34	0	870.57851	523.11911	803.74878	543.68238
S23_173	34	1	954.87718	485.48883	899.88276	509.62531
S23_173	35	0	1479.60851	211.79404	1311.01675	197.06948
S23_173	35	1	1570.64410	114.50124	1423.56106	84.28536
S23_173	36	0	1112.63364	750.58561	923.36148	767.14392
S23_173	36	1	1199.53733	629.78660	979.67760	644.29032
S23_173	37	0	1128.82205	669.63772	989.35590	690.27792
S23_173	37	1	1231.76692	660.03474	1052.32868	679.11166
S23_173	38	0	1356.69574	339.60298	1319.87020	349.67246
S23_173	38	1	1447.69365	318.16377	1386.86253	319.52357
S23_173	39	0	1054.32100	582.64020	928.84578	599.27295
S23_173	39	1	1164.74669	594.58809	1029.22261	610.99752
S23_173	40	0	720.01256	405.72953	826.13468	441.60794
S23_173	40	1	636.38381	383.95533	756.23936	424.63524
S23_173	41	0	397.04187	235.77419	444.21703	287.57072
S23_173	41	1	156.82066	124.15385	232.02094	199.95782
S23_174	0	0	1355.58005	719.99404	533.08382	720.59165
S23_174	0	1	1413.51802	717.57973	592.22883	721.79881
S23_174	1	0	1181.29086	756.48286	1511.21542	761.31148
S23_174	2	0	1155.29086	903.00596	1224.44091	918.00596
S23_174	2	1	1197.53730	900.59165	1278.35541	914.38450
S23_174	3	0	1188.21291	48.68852	739.47443	50.70045
S23_174	3	1	1078.77452	200.38748	525.02347	217.28763
S23_174	4	0	1177.20453	869.84650	1182.74769	876.17735
S23_174	4	1	1336.13160	819.95082	1369.03437	824.67213
S23_174	5	0	1231.18189	738.77794	1021.96144	738.77794
S23_174	5	1	1488.68399	711.41580	1313.26069	701.75857
S23_174	6	0	1617.15423	807.82265	1635.55323	807.29359
S23_174	6	1	1820.74183	788.10581	1874.93713	791.15350
S23_174	7	0	337.68148	950.36811	303.56412	943.99404
S23_174	7	1	482.12406	896.04620	466.51467	896.11028
S23_174	8	0	848.16597	739.71535	846.56832	745.36513
S23_174	8	1	734.30176	788.40387	774.14585	794.05365
S23_174	9	0	1241.61526	828.00596	1162.41576	835.56781
S23_174	9	1	1370.36630	828.00596	1353.93294	831.94635
S23_174	10	0	253.14250	885.95827	369.50545	888.12221
S23_174	10	1	353.72925	894.81073	463.65465	892.95082
S23_174	11	0	1465.85331	763.40835	1516.21291	760.12966
S23_174	11	1	1562.41660	726.79136	1662.26488	717.87928
S23_174	12	0	188.29841	64.38152	4.82816	175.43964
S23_174	12	1	473.16010	172.22057	292.90863	249.47839
S23_174	13	0	267.15842	634.15797	374.98743	659.91058
S23_174	13	1	120.70411	600.35768	254.28332	632.54844
S23_174	14	0	83.68818	524.70939	51.50042	574.60507
S23_174	14	1	225.31433	457.10879	107.82900	507.00447
S23_174	15	0	1040.94803	32.99553	699.98240	53.11475
S23_174	15	1	1156.01928	192.74218	890.29254	194.35171
S23_174	16	0	819.25482	82.89121	563.98910	125.94635
S23_174	16	1	916.22045	249.88077	719.99078	267.64382
S23_174	17	0	472.52137	167.85097	252.38474	237.75112
S23_174	17	1	711.11316	279.71386	484.13663	322.65425
S23_174	18	0	474.85331	410.09389	319.92372	453.76304
S23_174	18	1	679.64795	445.50373	496.95641	478.71088
S23_174	19	0	799.01760	551.63934	718.08466	572.40835
S23_174	19	1	629.62951	545.60358	539.04023	569.99404
S23_174	20	0	127.94635	592.69151	205.59933	628.70343
S23_174	20	1	270.37720	601.54396	296.12741	634.33681
S23_174	21	0	746.53311	518.84650	814.38055	538.14158
S23_174	21	1	865.62783	501.14158	927.03772	513.59613
S23_174	22	0	533.28667	962.50373	407.96899	956.06557
S23_174	22	1	1049.95474	1012.80179	805.08550	1014.00894
S23_174	23	0	1728.88516	693.36066	1311.01760	685.59165
S23_174	23	1	1529.32104	705.02981	1061.97066	702.36066
S23_174	24	0	1740.15088	654.73174	1690.66220	638.37258
S23_174	24	1	1851.19866	640.64829	1843.95641	617.04620
S23_174	25	0	1711.18189	531.95827	1762.68231	497.81520
S23_174	25	1	1610.19279	571.79434	1637.95474	548.51565
S23_174	26	0	1524.38474	213.87034	1449.54484	159.73920
S23_174	26	1	1405.69237	202.60358	1339.30176	162.15350
S23_174	27	0	988.02934	328.94635	359.25985	358.49627
S23_174	27	1	742.62699	434.77496	202.74686	472.37109
S23_174	28	0	315.69656	521.32489	199.96647	565.79136
S23_174	28	1	484.68231	520.52012	370.56161	551.30551
S23_174	29	0	871.31433	920.01788	455.21794	919.44858
S23_174	29	1	651.54065	946.00596	299.50964	941.98212
S23_174	30	0	1676.82230	532.38450	1563.64627	506.63189
S23_174	30	1	1820.46018	452.71237	1688.27158	405.61550
S23_174	31	0	1456.73847	596.36364	1302.47863	586.31297
S23_174	31	1	1622.90780	618.09240	1474.28080	600.39642
S23_174	32	0	1486.46689	704.70343	1360.01006	700.73920
S23_174	32	1	1613.20620	718.38450	1522.55826	713.21311
S23_174	33	0	1855.62448	809.37258	1685.04107	804.47690
S23_174	33	1	1671.34954	806.15350	1494.32858	803.26975
S23_174	34	0	1181.83319	589.30104	929.30260	592.33681
S23_174	34	1	1285.63873	601.77496	1087.02263	599.57973
S23_174	35	0	977.75189	539.02981	805.94719	547.07004
S23_174	35	1	1066.67058	475.45306	921.42079	476.65276
S23_174	36	0	1383.37301	467.75112	1032.23638	454.93443
S23_174	36	1	1513.33110	564.72578	1214.09723	547.88525
S23_174	37	0	1178.10310	792.11773	934.13076	797.97466
S23_174	37	1	1326.16681	804.59165	1095.87427	814.47243
S23_174	38	0	557.70159	649.25335	416.93546	669.33681
S23_174	38	1	771.90444	535.32489	669.94719	548.53204
S23_174	39	0	853.61106	632.32489	613.15423	648.18927
S23_174	39	1	987.19028	739.35917	738.20117	747.36066
S23_174	40	0	959.42833	584.84352	813.19363	591.84799
S23_174	40	1	1038.28835	672.96572	838.94384	681.57973
S23_174	41	0	1145.63873	574.49627	905.73345	576.55738
S23_174	41	1	1041.43085	638.87779	764.10729	646.57228
S23_174	42	0	1216.45180	673.88525	980.59933	673.53204
S23_174	42	1	1230.93630	590.99404	1042.96312	587.82414
S23_174	43	0	1300.54233	556.79136	1016.40821	552.81669
S23_174	43	1	1440.18609	664.00596	1166.69740	666.79881
S23_174	44	0	1041.44342	597.56781	960.20117	601.99404
S23_174	44	1	983.50545	622.51565	872.48952	629.75857
S23_174	45	0	1149.67477	528.35768	974.68567	529.96721
S23_174	45	1	1108.63537	496.16692	880.93881	502.20268
S23_185	0	0	1320.43923	731.85544	525.51718	677.97466
S23_185	0	1	1379.21291	738.23696	586.75189	682.63934
S23_185	1	0	1208.65046	598.74814	1470.98072	582.65276
S23_185	2	0	61.96144	896.10581	252.27913	875.38450
S23_185	2	1	135.18860	907.37258	324.70159	887.05365
S23_185	3	0	1561.97066	952.44411	1726.10813	958.88227
S23_185	3	1	1517.71249	963.71088	1664.54904	972.16095
S23_185	4	0	970.90863	926.53204	618.17016	894.34426
S23_185	4	1	794.27829	982.86587	489.82146	947.45902
S23_185	5	0	961.65465	897.56036	739.67896	871.40835
S23_185	5	1	770.13747	898.76751	550.17351	871.00596
S23_185	6	0	495.26739	856.85097	471.55658	838.77496
S23_185	6	1	609.53395	869.32489	554.03772	849.63934
S23_185	7	0	1353.23638	920.76304	1256.49707	904.68703
S23_185	7	1	1511.76111	906.27720	1415.42414	889.39642
S23_185	8	0	1335.02934	914.32489	1259.94719	900.05365
S23_185	8	1	1194.61023	919.15350	1134.81727	904.47988
S23_185	9	0	813.79883	1011.99702	465.22464	972.96572
S23_185	9	1	1038.04107	1001.53502	627.37049	964.51565
S23_185	10	0	1287.40067	838.91058	1092.25231	814.47988
S23_185	10	1	1151.80972	813.15797	997.29841	791.94635
S23_185	11	0	363.75608	787.92996	606.94719	787.16542
S23_185	11	1	305.01341	779.07750	555.84912	780.32489
S23_185	12	0	605.66220	843.15350	505.92372	822.99404
S23_185	12	1	727.57334	759.85991	681.34702	748.95529
S23_185	13	0	959.36547	162.87034	1230.00587	149.89866
S23_185	13	1	830.21207	168.90611	1096.02431	172.02981
S23_185	14	0	1035.67477	861.62742	845.88097	838.10581
S23_185	14	1	659.37301	856.15350	498.63453	832.69151
S23_185	15	0	469.55658	653.87034	508.15423	656.54396
S23_185	15	1	310.22716	708.19225	320.66052	706.84203
S23_185	16	0	402.55658	745.55589	26.55490	725.37258
S23_185	16	1	530.50293	716.98659	341.19028	703.24143
S23_185	17	0	451.54904	910.08197	467.34954	888.91058
S23_185	17	1	297.85247	866.22206	374.40738	849.47690
S23_185	18	0	1062.95893	1067.52608	614.00503	1027.69001
S23_185	18	1	1454.93546	1028.09240	982.88852	997.10879
S23_185	19	0	1372.05951	899.67958	1278.73093	878.61997
S23_185	19	1	1508.45516	918.18927	1481.11148	906.78689
S23_185	20	0	635.40402	764.78689	817.12657	761.78689
S23_185	20	1	737.19782	763.57973	914.49455	762.18927
S23_185	21	0	72.42246	701.40835	392.25147	712.59165
S23_185	21	1	150.07544	688.93443	456.22464	700.92250
S23_185	22	0	1082.90780	722.97765	1153.76362	709.81073
S23_185	22	1	1216.08466	690.78689	1261.59262	670.77943
S23_185	23	0	1618.01760	833.15350	1732.90863	818.56781
S23_185	23	1	1781.37049	812.63189	1912.75775	791.60805
S23_185	24	0	1784.00671	450.78689	1846.77284	365.97019
S23_185	24	1	1667.72842	452.79881	1691.06454	380.05365
S23_185	25	0	1381.76362	930.32042	1164.68986	907.37705
S23_185	25	1	1248.58676	988.26379	998.11819	964.91803
S23_185	26	0	1600.08801	673.19374	1179.07628	620.08197
S23_185	26	1	1487.02850	707.79881	975.48868	658.71088
S23_185	27	0	1081.74434	616.60358	845.76362	590.00596
S23_185	27	1	915.57502	580.79136	704.94216	562.64382
S23_185	28	0	753.62699	579.89866	554.44342	569.91058
S23_185	28	1	609.58676	513.90760	443.39564	514.38152
S23_185	29	0	828.10729	805.19374	743.54484	788.05812
S23_185	29	1	726.31350	838.59165	616.40319	817.83458
S23_185	30	0	1071.47108	904.64382	818.13076	878.55589
S23_185	30	1	933.46605	911.88674	638.68399	881.77496
S23_185	31	0	1139.96899	871.34873	895.28667	844.75559
S23_185	31	1	1309.75943	807.77198	1035.70578	775.94784
S23_185	32	0	1133.93378	819.44113	909.77117	793.65276
S23_185	32	1	1308.55239	806.56483	1083.98743	780.37407
S23_185	33	0	1071.87343	811.22504	811.72087	784.71535
S23_185	33	1	942.31769	731.15052	675.72758	706.65276
S23_185	34	0	893.22464	835.34426	679.38055	811.02235
S23_185	34	1	791.43085	745.21013	634.31769	727.32638
S23_185	35	0	1154.77871	421.21759	1434.90863	397.16542
S23_185	35	1	1071.49288	420.41282	1351.62280	399.98212
S23_185	36	0	389.52976	792.43666	607.41157	790.63189
S23_185	36	1	314.69321	810.54396	541.42666	803.91058
S23_185	37	0	577.37301	949.22504	500.61526	922.47243
S23_185	37	1	320.50964	908.62742	308.69573	883.44113
S23_185	38	0	988.15423	731.52012	1267.52137	727.54396
S23_185	38	1	940.67728	729.50820	1221.65381	727.14158
S23_186	0	0	1304.77911	732.11538	524.56182	741.73077
S23_186	0	1	1362.97839	734.42308	585.06603	743.46154
S23_186	1	0	205.71429	621.11538	352.64226	644.92308
S23_186	1	1	134.83794	638.42308	300.78151	658.76923
S23_186	2	0	784.52581	380.00000	1087.05042	393.07692
S23_186	3	0	600.58824	418.11538	498.23169	451.19231
S23_186	3	1	427.14286	318.30769	338.61585	370.42308
S23_186	4	0	116.97479	586.50000	125.04202	617.07692
S23_186	4	1	228.76351	459.00000	238.55942	504.57692
S23_186	5	0	1340.81993	162.80769	1220.73469	140.76923
S23_186	5	1	1579.37935	136.26923	1449.49820	81.34615
S23_186	6	0	106.60264	393.57692	383.83313	446.80769
S23_186	6	1	214.93397	401.65385	474.87755	449.69231
S23_186	7	0	894.58223	402.53846	552.83553	426.73077
S23_186	7	1	1223.77911	212.19231	893.99640	214.07692
S23_186	8	0	1254.70348	632.57692	1188.90516	639.15385
S23_186	8	1	1440.24970	588.15385	1359.46939	587.23077
S23_186	9	0	1183.28331	522.69231	1124.74310	528.00000
S23_186	9	1	1038.07323	464.42308	976.07563	473.76923
S23_186	10	0	823.14046	540.30769	963.00360	552.42308
S23_186	10	1	971.80792	521.84615	1105.90876	530.50000
S23_186	11	0	731.69628	555.80769	703.59544	575.23077
S23_186	11	1	906.87035	495.23077	881.07443	510.03846
S23_186	12	0	868.61945	496.11538	787.82353	511.61538
S23_186	12	1	579.35174	451.11538	509.50420	484.50000
S23_186	13	0	300.21609	238.23077	155.58223	312.96154
S23_186	13	1	84.70588	159.76923	5.18607	257.57692
S23_186	14	0	649.61345	46.15385	500.10444	103.84615
S23_186	14	1	761.97839	126.34615	643.58583	166.15385
S23_186	15	0	306.71429	553.23077	512.22089	582.42308
S23_186	15	1	366.06603	504.76923	564.65786	536.26923
S23_186	16	0	982.34214	438.15385	946.21008	447.15385
S23_186	16	1	1199.00480	414.50000	1167.48259	416.57692
S23_186	17	0	1366.50540	377.92308	1632.93157	353.38462
S23_186	17	1	1278.91837	375.61538	1524.60024	359.15385
S23_186	18	0	1223.12845	470.42308	1341.11525	465.00000
S23_186	18	1	1081.37575	468.11538	1203.39616	471.92308
S23_186	19	0	1596.46939	472.23077	1654.16447	449.11538
S23_186	19	1	1418.41417	459.53846	1442.11164	444.50000
S23_186	20	0	1219.79472	99.69231	1464.26771	65.19231
S23_186	20	1	1103.97239	135.46154	1351.90276	117.69231
S23_186	21	0	649.28571	916.46154	413.57503	914.34615
S23_186	21	1	529.35774	912.00000	325.98800	908.00000
S23_186	22	0	487.02401	602.19231	463.83794	624.92308
S23_186	22	1	791.84994	561.23077	745.03842	576.46154
S23_186	23	0	775.81753	519.46154	970.59544	535.76923
S23_186	23	1	908.35054	506.19231	1100.24730	517.30769
S23_186	24	0	1669.04562	495.03846	1683.77431	474.53846
S23_186	24	1	1531.90276	467.92308	1567.95198	447.42308
S23_186	25	0	1116.84634	268.00000	1255.16447	261.69231
S23_186	25	1	986.61825	246.07692	1109.37815	250.15385
S23_186	26	0	397.36855	175.19231	592.43818	236.38462
S23_186	26	1	241.78631	206.34615	463.36255	276.76923
S23_186	27	0	607.20768	356.34615	764.30852	385.88462
S23_186	27	1	689.03241	339.03846	841.52341	366.84615
S23_D5	0	0	1299.23649	732.53846	517.30612	741.76923
S23_D5	0	1	1358.58824	734.84615	576.65786	744.65385
S23_D5	1	0	668.47179	429.76923	984.42497	449.38462
S23_D5	2	0	973.70948	455.57692	1172.18487	461.92308
S23_D5	2	1	886.69868	482.69231	1089.20768	493.07692
S23_D5	3	0	590.97839	603.26923	628.20048	628.61538
S23_D5	3	1	421.56663	580.76923	466.27971	606.69231
S23_D5	4	0	1321.97839	471.46154	1219.21609	465.11538
S23_D5	4	1	1159.48139	444.34615	1077.46339	445.50000
S23_D5	5	0	1379.70588	503.03846	1096.90756	499.34615
S23_D5	5	1	1652.26291	470.15385	1401.73349	449.15385
S23_D5	6	0	1808.78752	704.73077	1626.44298	709.50000
S23_D5	6	1	1918.27131	726.65385	1754.36615	732.00000
S23_D5	7	0	1118.34214	706.69231	940.05282	715.38462
S23_D5	7	1	1220.91116	664.57692	1029.94478	675.57692
S23_D5	8	0	414.80192	270.57692	191.34694	333.15385
S23_D5	8	1	663.73349	239.42308	485.22449	285.84615
S23_D5	9	0	1116.02161	339.03846	633.56423	350.57692
S23_D5	9	1	1373.02041	394.42308	847.34574	393.84615
S23_D5	10	0	983.11525	354.42308	818.33733	370.34615
S23_D5	10	1	809.09364	327.30769	660.45018	357.07692
S23_D5	11	0	539.14046	256.50000	582.40696	301.34615
S23_D5	11	1	619.81273	289.96154	675.18007	328.46154
S23_D5	12	0	1216.05282	444.11538	1138.46819	444.53846
S23_D5	12	1	1323.23169	455.65385	1268.69628	449.15385
S23_D5	13	0	1603.64946	383.42308	1672.22089	345.26923
S23_D5	13	1	1725.81032	349.38462	1802.44898	296.80769
S23_D5	14	0	266.66507	522.80769	8.64346	560.15385
S23_D5	14	1	422.82353	466.84615	209.17167	507.07692
S23_D5	15	0	1631.30852	469.96154	1631.88475	446.46154
S23_D5	15	1	1749.43577	484.38462	1790.34814	451.07692
S23_D5	16	0	1512.85354	584.96154	1389.03962	581.84615
S23_D5	16	1	1666.13085	529.57692	1516.38655	514.92308
S23_D5	17	0	1713.13325	251.57692	1658.96759	190.26923
S23_D5	17	1	1890.61224	221.57692	1853.73349	135.46154
S23_D5	18	0	1676.83073	718.19231	1534.07563	728.65385
S23_D5	18	1	1868.13926	703.19231	1733.45138	702.69231
S23_D5	19	0	521.09364	627.50000	2.30492	656.07692
S23_D5	19	1	802.87035	570.96154	267.94718	593.19231
S23_D5	20	0	429.53902	631.69231	330.26771	649.73077
S23_D5	20	1	239.38295	635.15385	144.14526	658.96154
S23_D5	21	0	1555.06603	455.76923	721.75630	450.96154
S23_D5	21	1	1191.51020	436.00000	373.94958	453.88462
S23_D5	22	0	1247.45138	536.92308	976.03001	544.65385
S23_D5	22	1	1069.97239	480.96154	836.58223	490.42308
S23_D5	23	0	844.48619	434.19231	368.88715	463.65385
S23_D5	23	1	1163.14166	415.73077	771.85954	424.50000
S23_D5	24	0	526.25690	619.46154	417.81753	641.96154
S23_D5	24	1	680.11044	666.76923	573.97599	680.61538
S23_D5	25	0	1602.49700	671.73077	1207.39376	671.46154
S23_D5	25	1	1827.22689	473.38462	1392.75870	444.00000
S23_D5	26	0	1078.03001	698.03846	561.28571	710.50000
S23_D5	26	1	891.33133	526.69231	405.12725	547.80769
S23_D5	27	0	704.01441	519.26923	591.67587	542.50000
S23_D5	27	1	584.15846	418.30769	494.29292	454.23077
S23_D5	28	0	830.94478	894.34615	441.84634	898.38462
S23_D5	28	1	617.73950	788.19231	248.23289	796.84615
S23_D5	29	0	1356.52821	555.38462	1079.39136	557.23077
S23_D5	29	1	1473.64466	394.30769	1156.23649	380.42308
S23_D5	30	0	900.40696	504.84615	775.09964	521.26923
S23_D5	30	1	775.36495	418.88462	655.24370	443.38462
S23_D5	31	0	657.41777	450.61538	593.11285	479.96154
S23_D5	31	1	426.95198	250.42308	374.72149	309.76923
S23_D5	32	0	659.29052	338.19231	764.00360	368.03846
S23_D5	32	1	805.65306	369.92308	903.45138	390.53846
S23_D5	33	0	1584.65066	443.92308	1513.09244	419.46154
S23_D5	33	1	1327.65186	439.88462	1249.17887	431.57692
S23_D5	34	0	1609.65786	403.80769	1917.11885	358.38462
S23_D5	34	1	1524.95198	388.80769	1811.66867	349.15385
S23_D5	35	0	34.57383	475.03846	268.20768	523.26923
S23_D5	35	1	186.69868	450.23077	388.06363	496.15385
S23_D5	36	0	1801.87275	436.65385	1628.73830	399.57692
S23_D5	36	1	1511.45258	464.92308	1342.35174	446.30769
S23_D5	37	0	509.91597	397.69231	738.04802	431.30769
S23_D5	37	1	396.97479	386.73077	638.93637	427.84615
S23_D5	38	0	1361.94718	275.07692	1167.89556	257.69231
S23_D5	38	1	1078.76351	152.15385	865.74790	161.42308
S23_D6	0	0	1309.48739	732.11538	512.29052	674.61538
S23_D6	0	1	1367.11044	737.30769	572.79472	680.38462
S23_D6	1	0	899.67347	926.15385	869.23169	902.84615
S23_D6	1	1	731.41417	892.69231	724.02161	875.15385
S23_D6	2	0	840.52821	1054.03846	867.42737	1036.73077
S23_D6	2	1	950.58824	999.23077	969.42017	983.65385
S23_D6	3	0	753.51741	953.65385	834.00600	938.65385
S23_D6	3	1	858.96759	934.03846	931.96519	922.50000
S23_D6	4	0	730.04562	1067.30769	773.81032	1048.26923
S23_D6	4	1	616.52821	1042.50000	674.69868	1018.84615
S23_D6	5	0	604.72989	807.53846	680.70948	795.11538
S23_D6	5	1	493.51741	796.57692	583.32653	788.19231
S23_D6	6	0	159.03962	515.73077	545.05282	548.46154
S23_D6	7	0	663.84874	1040.19231	753.62905	1018.84615
S23_D6	7	1	707.64226	1007.88462	802.60864	990.57692
S23_D6	8	0	1134.67347	907.50000	1121.57503	891.26923
S23_D6	8	1	961.80432	919.03846	934.30012	902.80769
S23_D6	9	0	942.82593	862.46154	888.99640	845.96154
S23_D6	9	1	763.61825	822.65385	745.51501	807.88462
S23_D6	10	0	1409.55222	951.30769	1322.42257	938.69231
S23_D6	10	1	1314.47419	919.00000	1207.75270	902.34615
S23_D6	11	0	163.64946	698.57692	462.67587	706.65385
S23_D6	11	1	70.30012	723.96154	390.64706	728.57692
S23_D6	12	0	535.59784	1065.00000	536.44538	1029.23077
S23_D6	12	1	685.41777	1025.19231	674.74070	998.65385
S23_D6	13	0	710.29052	862.84615	805.90516	851.00000
S23_D6	13	1	1407.71429	754.46154	1558.13325	732.57692
S23_D6	14	0	1564.38655	664.50000	1816.85474	635.57692
S23_D6	14	1	1469.88475	657.57692	1702.18487	628.65385
S23_D6	15	0	908.96279	747.34615	870.28571	732.34615
S23_D6	15	1	756.83794	739.84615	725.65186	727.15385
S23_D6	16	0	1577.63986	795.96154	1697.31933	778.03846
S23_D6	16	1	1457.20768	732.50000	1541.73709	708.80769
S23_D6	17	0	682.04562	885.84615	736.36855	868.26923
S23_D6	17	1	498.22809	955.65385	542.75510	931.15385
S23_D6	18	0	940.37575	637.88462	1112.03721	628.53846
S23_D6	18	1	1022.77671	640.76923	1192.70948	629.69231
S23_D6	19	0	1381.36855	912.34615	1353.74310	899.42308
S23_D6	19	1	1239.03962	946.38462	1211.41417	930.57692
S23_D6	20	0	1180.12725	926.84615	878.09364	892.26923
S23_D6	20	1	1407.16206	932.61538	1120.68667	906.69231
S23_D6	21	0	1064.28571	844.03846	804.47179	813.46154
S23_D6	21	1	889.68788	867.69231	606.82473	836.53846
S23_D6	22	0	1000.84154	865.96154	787.99640	838.46154
S23_D6	22	1	831.42977	814.61538	618.58463	789.42308
S23_D6	23	0	1137.27971	881.38462	926.66507	856.92308
S23_D6	23	1	1311.30132	807.53846	1110.48259	779.03846
S23_D6	24	0	847.28331	1065.00000	837.87995	1048.84615
S23_D6	24	1	691.70108	1075.38462	692.09364	1058.07692
S25_151	0	0	1286.93704	644.61194	509.01784	640.13433
S25_151	0	1	1344.10388	649.43284	569.71039	644.44776
S25_151	1	0	1465.18888	570.55224	1118.88353	575.85075
S25_151	1	1	1724.83106	632.76119	1349.06086	638.05970
S25_151	2	0	262.55929	114.50746	506.11647	198.94030
S25_151	2	1	138.90766	34.32836	399.84155	143.11940
S25_151	3	0	523.59601	295.79104	510.02623	341.44776
S25_151	3	1	315.41868	221.31343	335.59496	288.79104
S25_151	4	0	1569.60231	176.44776	1326.33788	145.44776
S25_151	4	1	1708.36411	173.40299	1533.98741	126.94030
S25_151	5	0	1746.87723	522.83582	1304.32004	515.32836
S25_151	5	1	1454.94439	512.28358	983.67786	512.38806
S25_151	6	0	1521.23085	441.14925	1085.66842	437.02985
S25_151	6	1	1794.07030	286.70149	1319.22141	248.58209
S25_151	7	0	1748.52151	164.83582	1716.58762	112.95522
S25_151	7	1	1784.28227	176.76119	1803.21931	124.62687
S25_151	8	0	929.93075	143.79104	1217.08709	166.11940
S25_151	9	0	1583.69045	120.68657	1795.34103	67.97015
S25_151	9	1	1640.10178	184.11940	1864.09234	131.65672
S25_151	10	0	1589.30010	86.64179	1577.98216	40.34328
S25_151	10	1	1476.72928	109.73134	1506.96432	83.47761
S25_151	11	0	1407.41868	69.20896	1499.10073	42.62687
S25_151	11	1	1492.03568	110.05970	1579.43652	76.37313
S25_151	12	0	1355.54145	76.73134	1136.42392	61.05970
S25_151	12	1	1558.92340	193.50746	1380.35152	164.13433
S25_151	13	0	1407.63903	134.97015	1183.41658	118.44776
S25_151	13	1	1787.99685	214.02985	1673.87933	163.40299
S25_151	14	0	925.62225	520.58209	715.88667	535.95522
S25_151	14	1	772.64848	340.29851	522.36726	368.86567
S25_151	15	0	743.95488	320.71642	644.19937	354.71642
S25_151	15	1	642.55824	105.01493	524.92235	161.59701
S25_151	16	0	873.22141	343.23881	608.55194	365.80597
S25_151	16	1	616.44071	413.94030	468.62225	444.79104
S25_151	17	0	652.10913	222.50746	746.64953	266.70149
S25_151	17	1	517.88038	217.94030	626.52361	271.77612
S25_151	18	0	859.99161	282.46269	723.06506	308.37313
S25_151	18	1	709.37461	58.40299	607.95698	112.47761
S25_151	19	0	989.23400	609.38806	591.14586	616.97015
S25_151	19	1	702.94439	620.08955	255.60965	625.91045
S25_151	20	0	224.02728	141.40299	408.24239	223.16418
S25_151	20	1	369.08499	189.10448	539.70094	254.62687
S25_151	21	0	682.04617	256.25373	573.50577	293.64179
S25_151	21	1	488.13221	301.92537	435.49948	348.70149
S25_151	22	0	1402.32109	704.23881	1009.08395	716.68657
S25_151	22	1	1792.37775	826.80597	1422.05771	857.26866
S25_151	23	0	1004.51731	263.94030	807.86674	281.85075
S25_151	23	1	951.22350	145.07463	790.33368	171.10448
S25_151	24	0	913.35362	360.70149	690.16999	381.44776
S25_151	24	1	844.44596	191.97015	614.96642	224.89552
S25_151	25	0	898.25813	408.58209	633.48793	426.82090
S25_151	25	1	836.09129	240.80597	506.34732	272.23881
S25_151	26	0	267.77335	185.95522	358.52676	258.49254
S25_151	26	1	406.78699	180.62687	464.80168	243.77612
S25_151	27	0	845.98111	272.97015	672.77545	303.53731
S25_151	27	1	989.02413	198.37313	814.55929	220.56716
S25_151	28	0	602.66107	139.98507	712.66842	193.35821
S25_151	28	1	685.76705	165.10448	776.13116	209.34328
S25_151	29	0	1223.94229	193.00000	838.48269	194.77612
S25_151	29	1	1510.01679	219.20896	1086.02623	197.89552
S25_151	30	0	1073.67366	466.38806	739.82057	477.17910
S25_151	30	1	931.62434	526.05970	490.95383	532.47761
S25_151	31	0	1320.92025	518.97015	834.57293	520.91045
S25_151	31	1	1534.16579	590.14925	1084.83841	591.32836
S25_151	32	0	1500.29906	354.89552	1013.78069	342.07463
S25_151	32	1	1777.37566	464.83582	1373.96327	447.70149
S25_151	33	0	1111.03253	820.34328	498.17943	817.32836
S25_151	33	1	1414.52991	895.17910	725.87408	900.28358
S25_152	0	0	1277.59514	637.81520	493.76781	641.21759
S25_152	0	1	1337.54484	637.41282	551.70578	642.02235
S25_152	1	0	1366.37049	500.56632	1754.23303	478.03279
S25_152	2	0	1305.33361	206.76751	1394.30260	176.76304
S25_152	2	1	1376.14669	249.01788	1485.63537	216.19672
S25_152	3	0	1233.31350	268.33234	1284.46186	251.60656
S25_152	3	1	1324.64627	285.63487	1369.75943	256.43517
S25_152	4	0	1510.03269	351.55142	1272.68902	321.99404
S25_152	4	1	1720.46018	302.05812	1445.69824	248.76006
S25_152	5	0	1542.22045	261.01490	1615.31433	204.24143
S25_152	5	1	1650.45180	276.30551	1754.52640	204.64382
S25_152	6	0	1319.97821	453.14903	1256.29925	444.73920
S25_152	6	1	1465.33026	447.05812	1397.12070	425.02235
S25_152	7	0	1534.53730	161.55589	1535.50964	104.61997
S25_152	7	1	1619.83487	212.65872	1664.66303	142.84650
S25_152	8	0	1295.54317	194.14903	1193.90780	171.13711
S25_152	8	1	1402.96982	149.48435	1308.97904	106.35320
S25_152	9	0	1667.72842	94.96274	1573.85750	22.53353
S25_152	9	1	1582.43085	150.49180	1464.82146	91.74367
S25_152	10	0	1734.51802	218.77496	1632.58005	147.43666
S25_152	10	1	1901.08969	285.97317	1798.74937	213.02534
S25_152	11	0	1727.27578	643.99404	1904.71081	641.92250
S25_152	11	1	1631.51718	676.18480	1778.77619	682.56334
S25_152	12	0	1573.88516	609.44858	1649.22045	598.71535
S25_152	12	1	1662.80386	613.47243	1742.16262	600.72727
S25_152	13	0	971.77452	484.91058	1026.55658	492.37258
S25_152	13	1	1104.54904	457.95082	1148.87008	455.35320
S25_152	14	0	191.11484	628.48435	423.10729	652.01043
S25_152	14	1	292.90863	603.53651	518.86588	628.67213
S25_152	15	0	309.40486	656.65127	266.59430	676.95827
S25_152	15	1	499.85750	605.24143	460.12322	627.46498
S25_152	16	0	416.60352	712.42027	692.50126	721.20566
S25_152	16	1	481.38139	683.04620	746.01341	697.06259
S25_152	17	0	1556.50880	638.24888	1405.04526	631.08197
S25_152	17	1	1741.58843	552.13860	1577.24979	534.10730
S25_152	18	0	1637.17435	317.67958	1529.81391	266.28465
S25_152	18	1	1832.28835	150.59165	1744.57670	43.85991
S25_152	19	0	1575.99329	671.29657	1401.48617	670.47243
S25_152	19	1	1860.45264	540.92399	1657.37301	518.52012
S25_152	20	0	1352.34451	636.41580	1160.97485	637.11773
S25_152	20	1	1744.17435	525.34873	1502.49036	497.47243
S25_152	21	0	341.25482	498.49627	520.11903	533.43666
S25_152	21	1	494.54904	488.03428	623.11987	518.14605
S25_152	22	0	928.63034	647.38450	950.77452	657.82712
S25_152	22	1	1125.37804	672.33234	1145.91282	678.34873
S25_152	23	0	1423.04107	164.17288	907.25147	147.88674
S25_152	23	1	1189.67980	218.09240	774.47695	231.58271
S25_152	24	0	635.77117	217.14605	758.45516	255.64829
S25_152	24	1	708.99832	230.82712	820.01425	261.28167
S25_152	25	0	426.52137	581.16542	477.63453	606.01788
S25_152	25	1	545.21375	554.60805	572.58843	578.65574
S25_152	26	0	813.45516	510.32489	731.66220	531.16542
S25_152	26	1	895.13160	403.69300	820.98324	421.31446
S25_152	27	0	1253.86505	553.60358	753.96899	558.53055
S25_152	27	1	1365.71752	451.80030	959.56832	445.05812
S25_152	28	0	1148.07209	580.96572	981.01760	587.30551
S25_152	28	1	1247.04946	508.13413	1121.83906	512.86438
S25_152	29	0	1583.46270	310.23696	1375.38055	267.60358
S25_152	29	1	1776.58927	206.42176	1550.40151	134.01192
S25_152	30	0	1678.01425	384.27571	1411.99413	350.89717
S25_152	30	1	1825.67561	352.08495	1624.03101	299.79434
S25_152	31	0	1254.96647	356.51118	1158.36882	344.47094
S25_152	31	1	1280.71668	321.10134	1229.18189	302.22057
S25_152	32	0	1219.07879	636.52310	1054.21291	642.71088
S25_152	32	1	1333.74769	543.57228	1202.67896	543.32191
S25_152	33	0	558.72842	473.61550	299.77117	511.99404
S25_152	33	1	652.47527	488.50373	494.90947	516.82265
S25_152	34	0	1352.69321	584.55589	1187.68148	588.22504
S25_152	34	1	1611.21291	567.76304	1419.43336	562.87481
S25_152	35	0	812.27913	235.78689	790.89606	259.25335
S25_152	35	1	955.11232	210.83905	906.36966	222.23398
S25_152	36	0	742.72087	668.25186	444.30679	682.55589
S25_152	36	1	723.40821	521.38152	518.13495	543.30104
S25_152	37	0	395.31433	704.59165	561.85331	717.32489
S25_152	37	1	535.73345	663.54844	689.39732	675.87928
S25_152	38	0	353.65801	485.32489	413.15423	525.48435
S25_152	38	1	614.05281	512.21311	628.81224	537.55589
S25_152	39	0	1749.40486	502.37258	1901.08969	462.36066
S25_152	39	1	1537.36798	526.11326	1652.84158	503.00149
S25_152	40	0	346.08382	654.72727	200.36882	676.12966
S25_152	40	1	532.77284	649.49627	412.80805	668.48435
S25_152	41	0	1172.67393	459.97466	1312.20872	453.60358
S25_152	41	1	1266.82313	445.08644	1422.85415	431.07004
S25_152	42	0	909.84577	473.97019	979.15842	483.92250
S25_152	42	1	736.83655	495.29657	812.58676	513.69896
S25_152	43	0	1641.40402	582.41282	1462.85331	573.57973
S25_152	43	1	1886.60520	491.16542	1781.59262	449.56781
S25_153	0	0	1323.77125	688.34328	504.93284	704.63433
S25_153	0	1	1373.46695	687.00000	558.32214	704.63433
S25_153	1	0	1002.65792	418.06716	1304.02833	430.57463
S25_153	2	0	1515.41763	370.71642	1816.57922	381.17537
S25_153	2	1	1571.15740	361.48134	1880.88143	370.59701
S25_153	3	0	1169.72508	665.17537	1040.10388	686.45149
S25_153	3	1	1388.03568	721.07463	1211.23715	759.30970
S25_153	4	0	1592.79014	627.50746	1297.39769	666.88060
S25_153	4	1	1794.72823	443.25746	1454.17314	468.69403
S25_153	5	0	1460.36726	500.20522	1586.86359	527.24254
S25_153	5	1	1532.72823	499.70149	1654.01994	529.42537
S25_153	6	0	1032.40399	227.30597	1282.11857	233.09328
S25_153	6	1	1090.49423	248.96642	1344.40609	255.42537
S25_153	7	0	1602.09654	650.29104	1733.49843	703.32463
S25_153	7	1	1664.71983	687.56716	1808.54565	752.01866
S25_153	8	0	1017.04197	293.39179	945.43547	303.21642
S25_153	8	1	890.34942	159.37313	751.08290	173.05970
S25_153	9	0	1494.99685	799.04478	1196.65897	847.42910
S25_153	9	1	1644.36097	566.23134	1422.78489	602.57836
S25_153	10	0	1552.29276	601.86194	1548.01574	642.89925
S25_153	10	1	1710.91815	614.02612	1753.40714	665.96642
S25_153	11	0	1177.55299	324.71269	1387.37146	333.17164
S25_153	11	1	1079.84050	290.79478	1303.42602	298.24627
S25_153	12	0	1718.54145	173.25000	1607.06611	162.02612
S25_153	12	1	1794.93179	218.41791	1734.49528	210.72015
S25_153	13	0	1238.74607	762.13060	976.63694	787.95896
S25_153	13	1	1418.14586	831.72015	1200.94753	878.67164
S25_153	14	0	741.50577	269.36194	405.11752	284.20149
S25_153	14	1	928.27597	348.09701	609.68416	359.41045
S25_153	15	0	966.30745	377.78731	726.05352	388.25746
S25_153	15	1	1159.26653	386.12313	912.29696	397.76866
S25_153	16	0	1396.98636	701.83582	1119.52781	736.40299
S25_153	16	1	1564.77754	612.34701	1274.22350	648.25746
S25_153	17	0	865.40609	603.72015	535.51626	604.72761
S25_153	17	1	738.19832	445.33209	437.01784	450.20149
S25_153	18	0	871.75446	488.27985	624.54984	494.52612
S25_153	18	1	1065.97796	453.32463	801.81637	465.11194
S25_153	19	0	953.59391	557.14925	730.97482	566.01119
S25_153	19	1	903.63694	388.32836	678.85729	398.30597
S25_153	20	0	1368.87933	559.11567	1123.50052	582.86940
S25_153	20	1	1504.18153	416.11194	1279.93809	432.52985
S25_153	21	0	1231.28751	331.76493	1105.76285	340.95896
S25_153	21	1	1247.09864	219.94403	1136.28856	225.24627
S25_153	22	0	926.02938	513.91791	601.29276	521.47761
S25_153	22	1	1074.59496	648.65299	736.93075	659.57090
S25_153	23	0	1423.58657	234.70522	1441.20672	234.87313
S25_153	23	1	1456.66107	172.41045	1503.83001	168.21269
S25_153	24	0	1320.71039	912.07836	779.57817	940.66791
S25_153	24	1	1571.22246	1016.80224	1047.74921	1078.48881
S25_153	25	0	978.12067	233.94030	870.82896	243.83582
S25_153	25	1	972.91605	167.78358	827.17733	178.18284
S25_153	26	0	1378.30850	536.27985	1157.98741	559.50000
S25_153	26	1	1554.88877	437.80597	1351.86044	457.66791
S25_153	27	0	1112.03778	478.98507	703.80378	489.94776
S25_153	27	1	1251.91920	489.39552	883.97692	504.55597
S25_153	28	0	1134.80588	655.10821	827.43337	672.08582
S25_153	28	1	1289.39349	554.89552	944.58132	573.38433
S25_153	29	0	938.21301	635.07836	661.41868	640.89552
S25_153	29	1	1108.48059	550.29478	816.40818	562.66045
S25_153	30	0	1672.70304	657.79851	1360.82686	705.11940
S25_153	30	1	1831.17314	588.36194	1553.37880	636.01866
S25_153	31	0	1855.71459	525.45896	1834.38615	569.02612
S25_153	31	1	1708.14795	499.98507	1688.33054	533.64552
S25_153	32	0	944.71983	538.18657	773.38405	546.21642
S25_153	32	1	930.28961	419.69030	724.03253	429.23134
S25_153	33	0	1383.92025	482.73881	1347.32214	505.05970
S25_153	33	1	1510.00630	456.20896	1469.04302	480.88060
S25_153	34	0	1625.18678	689.12687	1294.24239	737.16418
S25_153	34	1	1747.82371	587.28731	1475.13746	629.44776
S25_153	35	0	665.09654	204.93284	825.75341	221.50000
S25_153	35	1	747.53095	231.96642	900.12907	246.01493
S25_153	36	0	903.10283	490.51493	655.12697	498.52985
S25_153	36	1	1003.42812	534.12687	836.70619	544.50746
S25_153	37	0	1384.75551	331.37313	1652.18468	339.05597
S25_153	37	1	1438.48059	340.10448	1706.58132	348.96269
S25_153	38	0	1625.68101	189.38433	1802.45645	175.44776
S25_153	38	1	1687.46485	240.09328	1866.08709	233.04104
S25_153	39	0	1032.80063	192.96269	1179.87198	199.17910
S25_153	39	1	1020.54460	124.45522	1159.91501	131.78731
S25_153	40	0	641.23820	250.19030	510.84470	265.99254
S25_153	40	1	475.29486	135.23881	268.51102	164.97761
S25_153	41	0	968.98741	299.64552	995.82686	309.38806
S25_153	41	1	1121.86674	299.16045	1155.92550	308.39925
S25_153	42	0	474.13536	154.33209	719.85834	179.34701
S25_153	42	1	374.63589	95.21642	630.09654	128.12313
S25_153	43	0	1348.37775	563.09328	1185.46485	587.31716
S25_153	43	1	1061.49738	499.09328	920.57817	511.39552
S25_153	44	0	1123.89612	276.41791	1262.70619	284.08955
S25_153	44	1	1045.49108	239.14179	1165.49738	246.81343
S25_153	45	0	1302.33054	481.03358	1484.20672	503.09328
S25_153	45	1	1367.97587	517.47015	1546.83001	543.89552
S25_153	46	0	1476.03043	517.59701	1673.60021	548.72761
S25_153	46	1	1557.45750	531.86940	1777.86044	568.37313
S25_153	47	0	138.87828	18.41045	152.28646	75.19403
S25_153	47	1	260.93914	121.94776	190.82791	158.94776
S25_153	48	0	1728.84155	761.62313	1540.94963	828.70149
S25_153	48	1	1846.32004	717.24627	1744.14586	789.52985
S25_153	49	0	1486.20776	524.09701	1721.99580	557.27985
S25_153	49	1	1533.04932	513.51866	1794.35677	547.03731
S25_153	50	0	1070.63064	737.25746	793.25184	750.17164
S25_153	50	1	1527.81427	327.89925	1298.63694	336.85821
S25_153	51	0	853.32214	397.44403	820.03778	407.96269
S25_153	51	1	935.08499	413.05970	932.52466	423.41045
S25_153	52	0	830.09654	348.41045	900.52676	358.85821
S25_153	52	1	904.30430	356.97388	981.45016	366.91791
S25_154	0	0	1290.16474	692.98507	520.78069	717.35821
S25_154	0	1	1345.06506	691.97015	577.44386	720.40299
S25_154	1	0	689.02413	475.52239	995.67366	503.02985
S25_154	2	0	348.33158	857.80597	635.76915	858.80597
S25_154	2	1	307.28227	845.11940	598.74921	845.86567
S25_154	3	0	418.43652	829.38806	687.16055	835.86567
S25_154	3	1	381.16474	853.49254	660.21406	856.67164
S25_154	4	0	497.82057	779.28358	696.88877	792.02985
S25_154	4	1	466.59286	762.79104	664.40189	772.74627
S25_154	5	0	1661.25708	814.97015	1788.79328	884.64179
S25_154	5	1	1754.68835	787.82090	1896.32739	854.44776
S25_154	6	0	424.41868	902.50746	578.98846	901.05970
S25_154	6	1	524.14586	911.38806	645.97692	915.52239
S25_154	7	0	1416.70514	924.41791	1620.37041	996.40299
S25_154	7	1	1467.07240	926.44776	1694.91396	1005.02985
S25_154	8	0	22.66527	679.44776	115.34103	689.13433
S25_154	8	1	279.47849	800.88060	334.88248	798.38806
S25_154	9	0	1514.41973	978.29851	1466.83526	1050.31343
S25_154	9	1	1442.89822	987.43284	1415.46065	1058.43284
S25_154	10	0	494.32634	954.14925	577.25079	949.49254
S25_154	10	1	474.43127	1010.73134	547.78594	1000.74627
S25_154	11	0	439.50157	839.01493	550.13012	843.07463
S25_154	11	1	591.86254	848.14925	699.21721	859.31343
S25_154	12	0	705.81217	551.77612	717.82476	578.91045
S25_154	12	1	924.01889	533.52239	915.88458	557.61194
S25_154	13	0	721.67891	1006.64179	712.00210	1011.43284
S25_154	13	1	588.20567	1000.55224	534.45750	996.20896
S25_154	14	0	860.14481	843.59701	1051.22560	867.53731
S25_154	14	1	957.85729	830.65672	1143.64953	859.92537
S25_154	15	0	991.60231	903.50746	1073.99580	935.29851
S25_154	15	1	1103.66946	916.44776	1180.27072	955.08955
S25_154	16	0	920.24554	168.23881	1136.97167	187.80597
S25_154	16	1	985.21931	181.43284	1204.71563	195.41791
S25_154	17	0	1448.85414	750.92537	1746.48478	799.08955
S25_154	17	1	1531.96013	724.28358	1863.84050	775.23881
S25_154	18	0	1299.32109	865.77612	1412.55824	915.89552
S25_154	18	1	1433.80168	843.95522	1547.03882	901.17910
S25_154	19	0	1472.24554	703.13433	1672.12802	745.86567
S25_154	19	1	1564.41763	651.62687	1784.19517	686.23881
S25_154	20	0	284.68835	417.61194	295.83001	461.86567
S25_154	20	1	254.71983	341.23881	305.65163	396.14925
S25_154	21	0	1425.99370	734.50746	1584.87618	775.71642
S25_154	21	1	1649.49843	677.13433	1859.30745	717.67164
S25_154	22	0	223.75971	748.83582	472.63484	752.49254
S25_154	22	1	133.60231	662.56716	396.07660	675.10448
S25_154	23	0	533.47849	580.29851	767.50997	605.49254
S25_154	23	1	451.37985	527.26866	703.03987	555.25373
S25_154	24	0	528.44176	861.38806	704.03568	871.53731
S25_154	24	1	456.16474	865.70149	649.13536	866.71642
S25_154	25	0	1254.58027	929.76119	1153.77125	971.64179
S25_154	25	1	1495.16055	846.46269	1370.17524	900.26866
S25_154	26	0	1136.04092	852.11940	1138.58867	885.04478
S25_154	26	1	1028.50682	793.76119	1058.50472	818.31343
S25_154	27	0	1236.23820	951.02985	1139.77125	991.53731
S25_154	27	1	1485.26128	847.91045	1368.39559	897.80597
S25_154	28	0	1523.38300	856.00000	1624.01154	920.40299
S25_154	28	1	1436.49948	856.00000	1498.34523	913.80597
S25_154	29	0	1410.18888	893.20896	1435.13956	952.76119
S25_154	29	1	1553.48374	871.89552	1618.98006	939.56716
S25_154	30	0	1526.89402	953.04478	1489.79643	1023.41791
S25_154	30	1	971.84680	954.01493	971.01364	983.82090
S25_154	31	0	905.64953	697.01493	850.85729	722.29851
S25_154	31	1	821.78804	654.13433	797.46800	677.89552
S25_154	32	0	1579.94439	631.92537	1319.67051	663.17910
S25_154	32	1	1719.04092	704.55224	1516.18573	744.94030
S25_154	33	0	1102.66317	799.19403	936.79014	824.53731
S25_154	33	1	1224.30010	770.26866	1092.42497	799.16418
S25_154	34	0	1202.02728	833.11940	950.37671	864.13433
S25_154	34	1	1397.70409	835.14925	1159.65268	878.08955
S25_154	35	0	1263.71459	892.71642	1105.24029	934.00000
S25_154	35	1	1425.14166	915.04478	1249.54250	965.20896
S25_154	36	0	1037.87093	909.52239	900.60441	936.85075
S25_154	36	1	1178.89927	902.41791	1068.07555	941.16418
S25_154	37	0	890.28646	755.74627	760.96118	771.02985
S25_154	37	1	1026.27807	834.91045	859.68101	860.34328
S25_154	38	0	1256.97482	666.16418	1231.52991	693.59701
S25_154	38	1	1152.21091	555.53731	1129.78804	574.59701
S25_154	39	0	1134.70934	927.20896	944.12277	955.59701
S25_154	39	1	1318.29801	914.52239	1116.88248	960.41791
S25_154	40	0	1468.43337	675.82090	1224.62434	703.55224
S25_154	40	1	1650.88458	569.59701	1406.16264	588.56716
S25_154	41	0	1041.49318	811.62687	871.62749	839.22388
S25_154	41	1	837.53830	715.22388	714.81952	737.35821
S25_154	42	0	1009.58132	883.94030	786.50052	908.10448
S25_154	42	1	830.87828	769.22388	600.01994	783.64179
S25_154	43	0	984.64008	890.55224	792.35152	912.50746
S25_154	43	1	836.30850	927.59701	672.98111	942.19403
S25_154	44	0	1073.45016	870.94030	866.01049	898.89552
S25_154	44	1	1194.33158	824.25373	936.52466	856.77612
S25_154	45	0	1231.58867	853.64179	1107.34418	890.43284
S25_154	45	1	1116.49948	887.13433	958.00525	916.31343
S25_154	46	0	717.07030	736.71642	504.32214	750.35821
S25_154	46	1	437.06611	643.83582	282.74397	661.28358
S25_154	47	0	1156.88353	931.62687	933.24764	966.01493
S25_154	47	1	1406.34942	912.88060	1123.02833	960.46269
S26_147	0	0	1332.71459	729.29104	546.06296	739.16418
S26_147	0	1	1391.81217	733.32090	605.49633	739.50000
S26_147	1	0	1276.29066	336.88806	1613.15530	306.61940
S26_147	2	0	407.17733	677.53731	463.18258	693.70149
S26_147	2	1	95.91605	688.12687	207.66107	703.28358
S26_147	3	0	253.49108	281.31343	445.98636	340.90299
S26_147	3	1	133.95278	280.97761	360.69780	349.63433
S26_147	4	0	667.57817	401.07463	791.98426	425.59701
S26_147	4	1	625.77335	391.94030	764.03043	420.26866
S26_147	5	0	763.27597	381.02985	890.45226	402.50746
S26_147	5	1	707.36831	381.53731	843.35887	404.53731
S26_147	6	0	422.14061	609.54478	456.64323	627.43284
S26_147	6	1	332.48688	615.25373	412.99161	636.83582
S26_147	7	0	65.14166	793.67164	118.43547	793.83582
S26_147	7	1	284.52781	811.08209	334.79958	811.58209
S26_147	8	0	1669.44806	353.17910	1547.05456	312.11940
S26_147	8	1	1783.32424	227.40299	1715.07555	153.86567
S26_147	9	0	1248.21301	448.13433	1075.46590	446.85075
S26_147	9	1	1441.11962	349.43284	1222.27597	328.67164
S26_147	10	0	887.81637	726.38806	567.83106	737.50746
S26_147	10	1	628.18888	750.91045	326.83945	760.50746
S26_147	11	0	1241.14271	535.70149	1155.32844	535.82090
S26_147	11	1	1408.32214	523.25373	1346.43232	515.50746
S26_147	12	0	1032.81742	438.59701	1210.35782	440.31343
S26_147	12	1	1121.21196	387.85075	1295.47849	381.95522
S26_147	13	0	166.62749	707.13433	238.13116	717.47761
S26_147	13	1	86.54355	662.47761	154.26967	679.41791
S26_147	14	0	1633.58552	632.74627	1663.87618	628.65672
S26_147	14	1	1668.08709	624.37313	1716.76180	617.23881
S26_147	15	0	1448.01049	740.28358	1391.63903	749.70149
S26_147	15	1	1557.30745	750.94030	1491.11438	760.61194
S26_147	16	0	1543.70304	625.32836	1585.38825	623.73134
S26_147	16	1	1471.17419	646.13433	1514.37041	644.79104
S26_147	17	0	194.52886	327.35821	518.71983	384.80597
S26_147	17	1	333.54250	292.76866	622.81217	343.50000
S26_147	18	0	245.23190	307.20896	548.26863	360.29104
S26_147	18	1	333.20672	292.43284	623.14795	343.83582
S26_147	19	0	1545.83945	770.81343	1392.95488	781.28358
S26_147	19	1	1860.90241	634.78358	1759.28017	623.08955
S26_147	20	0	471.79853	902.35821	444.75446	895.01493
S26_147	20	1	652.78489	853.66418	611.97377	854.38060
S26_147	21	0	1674.20776	579.96269	1460.95803	566.00000
S26_147	21	1	1801.46905	490.63433	1644.96642	457.52985
S26_147	22	0	1537.75131	549.44030	1377.16055	542.91791
S26_147	22	1	1716.58657	305.22388	1566.40504	253.70149
S26_147	23	0	386.40504	713.64179	326.75341	725.00746
S26_147	23	1	236.98216	651.17910	150.80378	669.93284
S26_147	24	0	1324.18783	292.85821	1267.34208	272.01493
S26_147	24	1	1467.90241	204.53731	1413.07135	163.20896
S26_147	25	0	1588.56034	216.52239	1508.88143	163.44030
S26_147	25	1	1674.85624	166.48507	1650.58132	91.23881
S26_147	26	0	1024.34732	287.51493	970.43337	291.98507
S26_147	26	1	1182.16474	223.03731	1108.10388	212.39552
S26_147	27	0	479.44701	626.99254	628.95698	644.20896
S26_147	27	1	370.31794	620.61194	551.72718	639.84328
S26_147	28	0	359.71459	569.41791	237.01049	598.83582
S26_147	28	1	287.18573	516.02239	74.82791	554.50746
S26_147	29	0	345.10493	938.88060	367.79119	924.35821
S26_147	29	1	477.73872	870.70896	509.82686	866.59701
S26_147	30	0	753.08395	634.74627	587.60965	650.40299
S26_147	30	1	1662.64218	468.17910	1592.08919	439.52239
S26_147	31	0	1481.08604	930.37313	1289.64638	959.25373
S26_147	31	1	1709.39454	817.56716	1636.69570	836.79104
S26_147	32	0	330.82267	719.16418	457.33158	727.75746
S26_147	32	1	396.80378	660.29851	531.03568	672.01119
S26_147	33	0	1393.74292	582.65672	1180.61595	583.13433
S26_147	33	1	1221.73872	566.16418	1025.98846	570.44776
S26_147	34	0	1053.40504	822.10448	803.00420	832.61194
S26_147	34	1	882.13221	831.04478	653.89297	844.08955
S26_147	35	0	1017.94544	809.59701	851.38090	820.20896
S26_147	35	1	871.88038	776.61194	708.58972	784.94030
S26_147	36	0	1125.16579	856.26866	888.50577	867.92537
S26_147	36	1	983.38195	849.67164	717.00525	859.29851
S26_147	37	0	1170.15635	886.97015	916.62329	900.14925
S26_147	37	1	1006.21091	990.74627	725.15215	997.91045
S26_147	38	0	1354.95173	768.86567	945.42812	780.19403
S26_147	38	1	1506.80902	760.23881	1165.30010	770.83582
S26_147	39	0	1384.95698	380.46269	1456.06716	360.10448
S26_147	39	1	1414.67366	331.74627	1501.14586	303.26866
S26_147	40	0	1008.44176	743.19403	790.52991	753.52239
S26_147	40	1	882.52361	671.38806	651.26443	682.98507
S26_147	41	0	1156.83841	937.89552	669.55929	948.86567
S26_147	41	1	905.16684	876.74627	424.68730	880.10448
S26_147	42	0	477.15320	747.76119	433.22665	756.43284
S26_147	42	1	283.62959	573.00746	316.26128	601.49254
S26_147	43	0	175.41868	296.88806	191.83736	363.52239
S26_147	43	1	350.36097	255.24627	322.45645	313.82090
S26_147	44	0	465.25603	216.20149	464.11018	272.89552
S26_147	44	1	629.28961	241.19403	612.86149	282.97015
S26_147	45	0	531.32004	335.38806	454.64428	377.58209
S26_147	45	1	712.30640	292.73881	612.79748	327.20896
S26_147	46	0	545.53620	433.47761	432.72508	467.91045
S26_147	46	1	738.61070	402.58209	604.30955	430.29851
S26_147	47	0	383.70724	500.38060	368.52886	533.48507
S26_147	47	1	549.58342	467.80597	503.84890	498.89552
S26_147	48	0	457.28122	573.61940	417.59706	598.85821
S26_147	48	1	605.69675	503.76866	558.96118	530.01493
S26_147	49	0	760.12382	478.38806	684.32529	496.75373
S26_147	49	1	916.26233	427.34328	836.77020	441.67910
S26_147	50	0	640.52361	603.67164	592.03882	620.52985
S26_147	50	1	749.31689	571.09701	694.11647	590.64179
S26_147	51	0	729.70514	612.98507	945.71459	624.29104
S26_147	51	1	794.17524	567.98507	1006.49108	578.95522
S26_147	52	0	791.90871	156.07463	608.93075	195.10448
S26_147	52	1	983.64008	163.12687	787.23085	181.33582
S26_147	53	0	380.27387	144.70149	332.59286	218.73134
S26_147	53	1	549.50787	115.82090	458.51102	176.41791
S26_147	54	0	324.82267	213.83582	351.06086	282.20149
S26_147	54	1	441.67471	179.24627	425.94019	240.55970
S26_147	55	0	399.81322	281.97761	292.45540	341.15672
S26_147	55	1	604.64008	250.74627	455.64533	296.49254
S26_147	56	0	275.57293	531.79851	262.54355	566.11194
S26_147	56	1	460.58867	461.27612	405.25079	496.93284
S26_147	57	0	240.65163	576.79851	302.16579	604.73134
S26_147	57	1	374.62854	521.05224	390.81217	550.32836
S26_147	58	0	924.61490	137.89552	788.06296	159.23134
S26_147	58	1	1094.52046	155.02239	956.96118	160.57463
S26_147	59	0	1020.03568	246.32836	986.98006	252.18657
S26_147	59	1	1116.06925	279.91045	1111.89087	275.35821
S26_147	60	0	1064.94229	273.11940	1008.14900	277.61940
S26_147	60	1	1139.15005	330.88060	1113.58447	326.98507
S26_147	61	0	894.90136	356.37313	894.29381	372.85075
S26_147	61	1	1015.11123	371.14925	1039.35152	375.20149
S26_147	62	0	1392.15110	187.49254	1356.90871	156.12687
S26_147	62	1	1519.74816	209.65672	1499.61595	161.50000
S26_147	63	0	1294.44806	214.90299	1237.12172	191.81343
S26_147	63	1	1353.88143	219.94030	1342.89297	189.46269
S26_147	64	0	876.59706	471.32090	832.77650	484.46269
S26_147	64	1	962.22141	449.49254	945.59916	460.28358
S26_147	65	0	694.57293	191.35075	529.30325	236.67164
S26_147	65	1	838.62329	211.16418	704.91710	239.69403
S26_147	66	0	973.72508	522.20522	1194.47009	528.92164
S26_147	66	1	1018.88772	502.72761	1245.50892	503.73507
S26_147	67	0	1226.76180	434.97015	1444.79119	423.41791
S26_147	67	1	1167.83211	456.79104	1383.59496	451.07463
S26_147	68	0	1059.54984	934.31343	871.77230	944.83582
S26_147	68	1	811.77335	874.40299	649.17943	879.34328
S26_147	69	0	358.19517	600.37687	455.85834	623.36940
S26_147	69	1	273.17733	512.25000	401.06086	546.82836
S26_147	70	0	366.86884	675.43284	591.35152	689.59701
S26_147	70	1	267.47744	721.10448	509.75656	730.90299
S26_147	71	0	1309.28751	377.44776	1481.76285	357.20896
S26_147	71	1	1197.80797	390.54478	1365.91815	378.36567
S26_147	72	0	865.90031	597.39552	912.34627	611.39552
S26_147	72	1	748.71249	704.18657	776.69045	716.17164
S26_147	73	0	640.85624	799.51493	736.59391	806.78358
S26_147	73	1	501.50682	866.00746	594.22246	868.23881
S26_147	74	0	858.96852	950.70896	683.29276	952.54478
S26_147	74	1	746.14586	1019.55224	641.65582	1016.35075
S26_147	75	0	1120.81322	872.20896	908.76180	885.65672
S26_147	75	1	860.33368	1016.05970	641.98636	1018.34328
S26_147	76	0	1191.47219	675.80597	1076.42602	674.40299
S26_147	76	1	1291.70304	611.35821	1194.03358	613.25373
S26_147	77	0	1432.02308	511.04478	1449.16474	495.85075
S26_147	77	1	1494.98216	456.49254	1534.78909	435.46269
S26_147	78	0	1112.91501	452.76119	1191.94439	451.82090
S26_147	78	1	1203.57608	430.68657	1282.10178	423.91045
S26_147	79	0	1218.54145	446.64179	1358.40189	439.62687
S26_147	79	1	1300.13641	432.17910	1444.27807	417.80597
S26_147	80	0	959.39874	966.04478	561.43337	970.08955
S26_147	80	1	1157.59391	947.01493	714.29801	957.91045
S26_147	81	0	1271.24764	835.61194	992.56034	848.94030
S26_147	81	1	1455.68625	801.25373	1165.06821	820.77612
S26_147	82	0	1331.91501	908.49254	1089.51417	927.23881
S26_147	82	1	1431.89402	866.88060	1221.72823	887.14925
S26_147	83	0	1339.78069	997.71642	1066.97901	1020.62687
S26_147	83	1	1485.34208	1002.79104	1146.30745	1032.55224
S26_147	84	0	907.92445	907.50746	798.22036	915.49254
S26_147	84	1	1031.82791	847.11940	920.10913	858.65672
S26_147	85	0	1570.09339	349.47761	1694.35047	305.56716
S26_147	85	1	1677.62749	323.59701	1830.34208	266.74627
S26_148	0	0	1317.04107	696.34128	525.74769	649.94635
S26_148	0	1	1377.39313	705.19374	587.70914	655.17735
S26_148	1	0	1374.41744	318.68852	1651.23219	288.10730
S26_148	2	0	1601.49790	645.52012	1435.93127	596.93443
S26_148	2	1	1798.64795	693.80626	1633.08131	643.20864
S26_148	3	0	1554.70075	327.56036	1551.57586	253.26528
S26_148	3	1	1718.85834	408.03726	1707.28416	324.08495
S26_148	4	0	1151.13076	179.31297	1170.45516	144.05365
S26_148	4	1	1290.74518	206.67511	1330.18692	160.14903
S26_148	5	0	1585.06035	270.46051	1537.38055	184.66766
S26_148	5	1	1759.27661	302.24888	1759.07376	197.94635
S26_148	6	0	1501.34535	331.83458	1532.55239	263.13264
S26_148	6	1	1667.11232	359.19672	1735.33529	272.38748
S26_148	7	0	1404.59179	89.83159	1277.63453	15.29061
S26_148	7	1	1604.55826	139.32489	1476.39396	39.43368
S26_148	8	0	1404.91953	245.17735	1337.37217	180.39642
S26_148	8	1	1573.10059	261.67511	1520.44007	177.57973
S26_148	9	0	1522.00251	307.54694	1492.67812	234.31595
S26_148	9	1	1737.64040	292.53204	1696.52557	190.16542
S26_148	10	0	713.17770	129.34873	185.88433	143.75112
S26_148	10	1	1027.92372	155.37258	480.40821	136.32489
S26_148	11	0	1502.88852	220.57228	913.18944	143.78689
S26_148	11	1	1790.84661	239.99404	1257.93546	130.57228
S26_148	12	0	878.74769	184.14158	847.09975	182.85842
S26_148	12	1	1005.48701	172.47243	988.32355	156.30104
S26_148	13	0	1364.14585	76.85544	902.98240	12.87630
S26_148	13	1	1697.50210	111.86289	1174.58759	2.81669
S26_148	14	0	443.41995	149.18927	73.22716	190.08197
S26_148	14	1	674.10729	232.59165	387.46018	250.03726
S26_148	15	0	630.71333	72.02683	178.23973	100.59613
S26_148	15	1	791.65214	133.59165	467.16597	143.37705
S26_148	16	0	1451.11065	320.27720	1394.02179	257.31297
S26_148	16	1	1620.49874	346.83458	1545.30427	265.76304
S26_148	17	0	1755.03772	519.10581	1509.50880	444.77496
S26_148	17	1	1887.00754	511.46051	1741.26069	429.08197
S26_148	18	0	976.54484	179.53204	656.25985	166.37705
S26_148	18	1	705.96647	146.53651	407.27913	166.61997
S26_148	19	0	303.88516	131.36066	60.35205	188.54844
S26_148	19	1	542.14250	220.33681	328.31517	250.11326
S26_148	20	0	949.57167	170.71535	887.58340	166.64829
S26_148	20	1	1116.54568	212.96572	1038.46354	183.95082
S26_148	21	0	1119.66974	120.44858	705.29086	92.54844
S26_148	21	1	849.99413	84.90313	456.93127	89.64829
S26_148	22	0	617.39648	136.36066	473.16010	167.39195
S26_148	22	1	406.96899	65.13860	250.40402	124.11773
S26_148	23	0	721.56496	178.71088	640.68650	195.64680
S26_148	23	1	590.80218	48.33830	470.89606	85.39344
S26_148	24	0	1310.22883	212.50820	1324.88097	158.08942
S26_148	24	1	1267.98240	199.63189	1234.35289	149.63934
S26_148	25	0	1568.98240	267.95827	1463.39145	185.58867
S26_148	25	1	1761.30427	337.57079	1629.15842	240.31297
S26_148	26	0	1525.43588	131.17735	1081.92372	47.07899
S26_148	26	1	1262.17770	82.89121	809.41995	34.20268
S26_148	27	0	1197.74099	149.28465	1232.82733	106.22951
S26_148	27	1	1081.46270	113.47243	1104.24392	86.11028
S26_148	28	0	1499.85415	211.27422	1527.92456	129.93145
S26_148	28	1	1355.00922	186.72876	1364.16932	126.30999
S26_148	29	0	777.48952	188.18182	708.58005	199.32489
S26_148	29	1	911.13076	237.21759	871.59179	231.50820
S26_148	30	0	1560.28667	160.49627	1594.24811	66.79583
S26_148	30	1	1427.51215	114.62444	1446.58676	35.00745
S26_148	31	0	1160.06035	47.88376	1057.64962	9.65723
S26_148	31	1	1282.77619	129.97019	1214.16262	76.45306
S26_148	32	0	1082.40738	99.38897	1011.37972	72.42921
S26_148	32	1	1218.40067	174.63487	1154.61526	130.77496
S26_148	33	0	948.54904	153.39642	893.89606	150.05365
S26_148	33	1	821.80972	91.42921	746.23470	100.56036
S26_148	34	0	522.85331	56.33383	408.10729	104.29806
S26_148	34	1	732.47611	125.54396	635.83571	144.53651
S26_148	35	0	414.05700	151.01043	303.76362	201.30551
S26_148	35	1	176.26991	102.72429	100.98072	181.18629
S26_148	36	0	1679.39648	392.31297	1742.16262	311.56781
S26_148	36	1	1526.50461	337.18629	1543.40319	266.50075
S26_148	37	0	1690.25985	315.05514	1696.69740	220.92250
S26_148	37	1	1499.17351	250.82712	1501.96144	177.86736
S26_148	38	0	1613.03772	235.93890	1620.65381	142.05514
S26_148	38	1	1448.88013	213.00298	1451.27494	137.30104
S26_148	39	0	1410.93965	169.30104	1351.51383	100.59613
S26_148	39	1	1265.29003	84.80030	1178.10226	32.99553
S26_148	40	0	1370.70495	208.33234	1315.30260	148.07750
S26_148	40	1	1218.61777	133.48882	1155.97318	88.12221
S26_148	41	0	1388.81056	202.69896	1379.67812	138.01788
S26_148	41	1	1263.27829	127.05067	1221.15339	75.64829
S26_148	42	0	1031.67142	164.95827	991.21710	146.61550
S26_148	42	1	931.08466	112.64829	859.24728	106.37705
S26_148	43	0	838.14250	164.15350	760.67225	168.34426
S26_148	43	1	701.34451	88.50522	576.07209	111.86289
S26_148	44	0	566.16597	151.56781	442.55658	186.22951
S26_148	44	1	367.40654	116.15797	233.73847	174.96274
S26_148	45	0	1450.21291	325.52012	1447.67393	264.37705
S26_148	45	1	1323.07125	257.11475	1318.11819	206.03130
S26_148	46	0	369.34954	107.03428	188.20034	163.77943
S26_148	46	1	543.96815	191.53502	405.87008	224.94188
S26_148	47	0	518.62028	115.88674	372.47527	159.35320
S26_148	47	1	677.66220	178.14158	573.09975	200.34873
S26_148	48	0	700.59598	112.95529	558.61526	136.36960
S26_148	48	1	805.60855	145.95082	700.24141	154.87928
S26_148	49	0	894.34535	17.30253	770.13915	18.50969
S26_148	49	1	970.79128	85.30551	892.05029	75.64829
S26_148	50	0	1478.26488	230.67064	1477.35373	155.59165
S26_148	50	1	1301.23219	179.56781	1268.13328	131.04620
S26_148	51	0	1625.48198	263.61997	1555.87594	171.21311
S26_148	51	1	1799.29589	270.46051	1700.31852	158.33681
S26_148	52	0	577.06790	159.97019	418.07544	192.53204
S26_148	52	1	696.96731	169.62742	576.60017	189.31297
S26_148	53	0	712.65884	154.33681	614.42079	174.82712
S26_148	53	1	819.28080	174.05365	759.32607	180.71237
S26_148	54	0	1242.69321	307.97019	1212.34535	265.40089
S26_148	54	1	1421.33529	362.29210	1383.74518	306.44411
S26_148	55	0	1415.87259	288.11773	1378.66974	226.40089
S26_148	55	1	1584.05365	306.62742	1521.90528	225.99851
S26_148	56	0	1533.58759	395.03726	1428.21961	328.32489
S26_148	56	1	1665.15507	392.62295	1547.71668	311.82712
S26_148	57	0	1689.29589	428.03279	1614.50629	350.05365
S26_148	57	1	1806.53814	436.33681	1696.58508	351.26080
S26_148	58	0	1586.94719	251.20119	1522.19698	163.01490
S26_148	58	1	1726.15926	243.15350	1650.54568	135.65276
S26_148	59	0	392.81056	24.94784	265.55658	89.32936
S26_148	59	1	548.92121	66.39344	458.68315	111.46051
S26_148	60	0	805.08801	213.76304	759.20117	220.52012
S26_148	60	1	964.41744	218.18927	940.25733	208.44858
S26_148	61	0	820.88516	131.98212	833.29841	139.01490
S26_148	61	1	924.69070	121.92250	898.07628	119.70045
S26_148	62	0	962.21291	187.81073	1013.62280	176.61997
S26_148	62	1	1086.94049	178.55589	1122.65884	151.26975
S26_148	63	0	1363.47863	198.32787	1267.80637	136.48882
S26_148	63	1	1463.26069	190.68256	1403.39732	115.16244
S26_148	64	0	884.45096	61.96721	871.50545	62.77198
S26_148	64	1	986.24476	55.93145	951.57251	43.05514
S26_148	65	0	1738.13915	260.66766	1851.60101	148.25782
S26_148	65	1	1586.05197	273.94635	1681.00587	188.09389
S26_148	66	0	1379.57251	76.45306	1070.01760	9.25484
S26_148	66	1	1157.07460	146.46796	872.06287	111.46051
S26_148	67	0	1346.17687	340.94337	1249.73512	291.76006
S26_148	67	1	1467.28332	373.93890	1410.27158	311.87928
S26_148	68	0	1060.24392	239.16990	1071.24728	217.32489
S26_148	68	1	1153.58843	241.98659	1165.39648	209.67958
S26_148	69	0	918.21542	189.27422	919.46270	184.93443
S26_148	69	1	1036.24811	177.92250	1054.24895	157.57228
S26_148	70	0	567.00168	13.27869	369.03604	58.74814
S26_148	70	1	738.40151	101.40089	560.95557	121.52012
S26_148	71	0	1559.01341	464.76304	1301.67980	401.24590
S26_148	71	1	1810.88265	469.18927	1645.68650	384.74814
S26_148	72	0	560.17770	122.28912	463.43085	161.79881
S26_148	72	1	737.61274	128.72727	592.58424	146.10581
S26_148	73	0	1068.60352	155.39642	975.16597	130.77496
S26_148	73	1	906.86002	113.54844	798.93797	113.07004
S26_148	74	0	1359.77536	157.36066	1235.64962	93.35320
S26_148	74	1	1552.90193	177.47988	1418.71752	88.12221
S26_148	75	0	1790.84661	198.15350	1547.54820	79.88376
S26_148	75	1	1598.12238	212.23696	1437.08801	120.31297
S26_148	76	0	1440.95474	367.56781	1348.05197	307.76751
S26_148	76	1	1636.49539	295.94337	1524.11903	208.30104
S26_148	77	0	1372.15926	267.50075	1307.90444	208.93443
S26_148	77	1	1239.38474	263.87928	1202.48952	221.81073
S26_148	78	0	1360.61526	151.92250	1263.49036	88.52459
S26_148	78	1	1216.57502	175.26080	1152.44258	134.79881
S26_148	79	0	604.37217	211.13860	683.30260	239.75559
S26_148	79	1	720.07963	237.83159	775.03772	252.22951
S26_148	80	0	1048.75189	167.16990	1023.95893	144.25335
S26_148	80	1	900.28583	193.32489	900.03604	190.52757
S26_148	81	0	977.13412	212.63934	976.07963	198.97765
S26_148	81	1	1119.96731	205.79881	1104.83068	176.84650
S26_148	82	0	1040.19698	88.52459	1017.67309	66.79583
S26_148	82	1	1164.52221	57.54098	1108.20117	20.11923
S26_148	83	0	632.29422	153.69151	674.31014	183.02981
S26_148	83	1	755.01006	127.53651	778.92037	143.99851
S26_148	84	0	723.62699	185.88227	780.52976	201.94188
S26_148	84	1	842.31936	196.34426	877.09304	199.92996
S26_148	85	0	371.63705	114.60507	236.32942	172.27273
S26_148	85	1	588.90444	117.82414	464.05784	154.97019
S26_148	86	0	1426.52137	217.42027	1295.92791	148.35768
S26_148	86	1	1278.86002	222.24888	1174.82146	172.09836
S26_148	87	0	826.45851	343.52310	854.83822	343.22206
S26_148	87	1	960.84241	308.11326	985.19866	296.54545
S26_148	88	0	541.91953	200.54844	608.89187	235.66319
S26_148	88	1	655.38139	198.13413	697.40821	221.98212
S26_148	89	0	459.43839	162.72429	521.58256	210.71535
S26_148	89	1	356.03521	169.96721	450.62280	227.41282
S26_148	90	0	742.02934	162.26528	716.25566	178.75857
S26_148	90	1	602.01257	63.27869	573.42246	102.30551
S26_148	91	0	248.12909	10.46200	197.51718	95.36513
S26_148	91	1	423.15004	76.45306	384.60855	135.20119
S26_148	92	0	625.65465	130.22951	728.34535	161.71237
S26_148	92	1	508.57167	118.56036	622.52808	164.93145
S26_148	93	0	1246.99413	174.36066	1298.81811	125.94635
S26_148	93	1	1172.55993	109.17437	1200.64543	68.40537
S26_148	94	0	997.98994	143.07004	1115.84577	129.24143
S26_148	94	1	906.25482	117.71982	1019.28248	114.75559
S26_148	95	0	895.79380	163.99404	812.38474	160.61997
S26_148	95	1	753.83403	49.89568	663.51635	69.68107
S26_148	96	0	766.70914	169.00149	723.46605	182.34873
S26_148	96	1	646.00503	79.67213	583.85163	111.93145
S26_148	97	0	632.69656	137.12966	447.99246	166.58718
S26_148	97	1	835.47946	50.61699	588.00922	60.35768
S26_148	98	0	1050.58005	253.47243	1097.04526	233.02981
S26_148	98	1	946.37217	256.28912	975.93881	246.71088
S26_148	99	0	668.00922	165.51267	653.47863	189.29359
S26_148	99	1	515.11735	128.49329	495.35624	171.99106
S26_148	100	0	292.27158	160.77496	322.96731	225.66319
S26_148	100	1	170.36044	86.73621	170.47779	170.93890
S26_148	101	0	446.77284	161.17735	440.45264	208.36066
S26_148	101	1	295.49036	104.44113	301.24057	174.96274
S26_148	102	0	926.32607	263.42027	899.83403	255.22504
S26_148	102	1	862.35289	136.66915	812.52473	138.93592
S26_148	103	0	806.01760	384.73920	299.37301	375.52012
S26_148	103	1	1291.54904	512.61550	715.06790	464.53204
S26_148	104	0	5.63286	117.17437	232.11903	218.79136
S26_148	104	1	182.66555	169.88674	384.60855	247.36066
S26_148	105	0	520.67393	124.64382	455.97904	168.19672
S26_148	105	1	669.54233	166.89419	619.33194	189.92548
S26_148	106	0	346.86002	46.17884	321.19279	117.09389
S26_148	106	1	492.10729	103.31744	462.81894	151.69896
S26_148	107	0	766.13076	90.13413	694.75189	108.24143
S26_148	107	1	869.93630	119.50820	826.72171	120.71535
S26_148	108	0	591.91450	178.65872	563.18441	209.64232
S26_148	108	1	745.61106	219.70194	709.63873	232.17586
S26_148	109	0	983.80050	170.61103	930.40402	157.37258
S26_148	109	1	1105.72925	211.73920	1065.59262	184.73472
S26_148	110	0	740.90025	211.25037	753.77368	224.97317
S26_148	110	1	830.22129	275.22951	846.31350	276.88077
S26_148	111	0	1617.03269	348.91356	1546.66220	269.11773
S26_148	111	1	1470.57837	312.69896	1378.48114	243.36513
S26_148	112	0	1775.55742	231.57228	1775.15507	113.99106
S26_148	112	1	1635.94300	275.02981	1616.63034	181.99404
S26_148	113	0	1080.33361	127.55589	1042.41995	100.79136
S26_148	113	1	1165.22883	109.85097	1152.66303	70.61252
S26_148	114	0	974.91869	112.26528	945.05197	101.19374
S26_148	114	1	914.16429	84.50075	856.13328	81.87928
S26_148	115	0	1313.02431	212.04918	1190.85750	158.28167
S26_148	115	1	1459.07628	231.76602	1356.22213	161.09836
S26_148	116	0	1202.79128	358.67958	1193.51467	323.61103
S26_148	116	1	1294.52640	374.37258	1295.71081	330.85395
S26_148	117	0	1863.67142	322.50373	1770.32691	208.94635
S26_148	117	1	1738.94384	356.70641	1571.16513	263.26826
S26_148	118	0	563.46270	168.25782	493.22045	206.69151
S26_148	118	1	683.00587	93.35320	623.98324	119.37407
S26_148	119	0	368.46270	152.38897	595.88181	209.88376
S26_148	119	1	419.56077	183.37258	640.13998	234.83159
S26_148	120	0	1708.76781	507.43219	1583.71668	437.52459
S26_148	120	1	1900.28500	383.90015	1707.15842	278.72727
S26_148	121	0	1537.19614	367.47243	1364.14250	298.40835
S26_148	121	1	1690.25985	250.98212	1506.01760	152.60358
S26_148	122	0	1548.63370	226.43666	1329.78961	143.34873
S26_148	122	1	1400.74015	359.40835	1178.23219	301.92250
S26_148	123	0	1366.15675	410.73920	1245.82230	361.98212
S26_148	123	1	1577.38894	394.24143	1389.86253	322.54844
S26_148	124	0	1359.65381	347.91803	1361.33780	296.38450
S26_148	124	1	1504.90109	323.37258	1494.51467	254.13413
S26_148	125	0	1176.83906	464.76304	1009.50545	433.56781
S26_148	125	1	1740.55323	685.14158	1500.25985	632.31744
S26_148	126	0	1755.03772	777.20119	1422.40821	731.69151
S26_148	126	1	1539.17770	622.01788	1160.14250	569.50820
S26_148	127	0	263.86924	223.54396	404.72422	283.24143
S26_148	127	1	360.43252	164.39344	490.42414	222.48137
S26_148	128	0	1415.52137	608.65127	111.85247	532.36066
S26_148	128	1	1886.20285	260.88674	649.20536	144.98212
S26_148	129	0	720.24895	430.30849	410.74434	430.68703
S26_148	129	1	544.42330	390.47243	186.23470	402.11773
S26_148	130	0	774.52137	443.59165	554.34535	439.82265
S26_148	130	1	947.12825	454.85842	685.10813	436.20119
S26_148	131	0	1400.22464	373.09389	1115.55658	318.29359
S26_148	131	1	1560.35876	433.04918	1295.40570	365.77496
S26_148	132	0	1116.37301	396.53204	748.32607	366.44858
S26_148	132	1	1299.03856	389.69151	953.92540	341.90313
S26_148	133	0	1274.95893	244.01788	1012.76781	195.87481
S26_148	133	1	1443.13998	171.99106	1116.17100	99.30253
S26_148	134	0	1330.48282	306.38748	1041.33445	254.62295
S26_148	134	1	1482.56999	304.77794	1107.72171	234.50373
S26_148	135	0	1409.13076	406.01788	1166.03688	351.15797
S26_148	135	1	1524.20201	366.18182	1213.91618	296.83607
S26_148	136	0	1700.53395	617.29657	1639.76446	565.32042
S26_148	136	1	1591.90025	586.31297	1502.96647	534.73920
S26_148	137	0	1245.36882	427.75112	952.14250	387.91058
S26_148	137	1	1407.11232	480.46349	1122.73764	428.55142
S26_148	138	0	1428.98240	417.31297	1181.43504	361.14158
S26_148	138	1	1540.43252	428.17735	1335.93630	363.15350
S26_148	139	0	769.97066	178.27720	488.56496	187.97914
S26_148	139	1	971.94887	125.56483	677.74434	115.48435
S26_148	140	0	1473.12657	500.26528	1285.69992	447.69896
S26_148	140	1	1665.85080	530.04173	1521.07293	465.40387
S26_148	141	0	1461.91199	268.02981	1301.70075	198.10134
S26_148	141	1	1566.92456	229.80328	1467.06538	143.77943
S26_148	142	0	904.90025	241.64382	750.33780	235.08197
S26_148	142	1	1008.30344	310.85395	890.35457	293.02534
S26_148	143	0	1406.72422	531.54844	1191.25566	485.23696
S26_148	143	1	1655.37469	577.82265	1408.70914	516.82265
S26_148	144	0	1499.63453	446.02981	1248.41995	385.98212
S26_148	144	1	1766.70578	395.98212	1461.34954	305.27720
S26_148	145	0	1175.92372	102.60805	605.12992	64.38152
S26_148	145	1	1409.28500	136.00596	943.10142	67.60060
S26_148	146	0	991.04107	385.88674	870.63873	369.81073
S26_148	146	1	958.45096	273.62146	796.20453	261.56930
S26_148	147	0	1145.54233	422.50373	974.04191	393.14903
S26_148	147	1	1083.58089	309.83607	870.63873	280.48137
S26_148	148	0	1362.08131	192.05365	1096.67393	131.17735
S26_148	148	1	1178.20872	233.49925	919.64124	196.36364
S26_148	149	0	1102.97821	62.56483	899.97402	34.20268
S26_148	149	1	1188.27578	181.26826	1002.97485	142.44411
S26_148	150	0	1358.46857	253.29508	1147.81978	196.36364
S26_148	150	1	1231.11903	294.07750	1056.08466	253.09985
S26_148	151	0	1331.64627	341.65127	1183.36882	291.82712
S26_148	151	1	1480.91702	300.20566	1285.16262	231.06706
S26_148	152	0	1500.95054	298.73920	1278.98156	226.85842
S26_148	152	1	1670.33864	298.33681	1460.84241	207.14158
S26_148	153	0	1300.23219	416.76304	1073.49790	371.68703
S26_148	153	1	1450.30763	326.22653	1184.54568	261.83607
S26_148	154	0	1389.55323	422.79881	1225.58508	371.68703
S26_148	154	1	1527.96060	360.42921	1336.05281	290.42474
S26_148	155	0	1179.79044	132.91505	1133.69321	92.54844
S26_148	155	1	1220.42749	139.75559	1202.89690	93.75559
S26_148	156	0	1150.41911	258.45902	938.95725	225.33532
S26_148	156	1	1298.48282	201.32042	1076.96228	147.67511
S26_148	157	0	344.07209	76.45306	434.50880	145.41282
S26_148	157	1	443.45180	122.72727	533.48617	175.18927
S26_148	158	0	674.67728	81.28167	265.68148	105.42474
S26_148	158	1	863.78039	253.09985	577.88097	250.51565
S26_148	159	0	1261.37636	476.56334	1108.54065	439.50820
S26_148	159	1	1415.70495	346.69151	1289.58005	287.77943
S26_149	0	0	1352.00420	714.16418	527.90346	716.51493
S26_149	0	1	1408.41553	715.84328	587.67261	716.17910
S26_149	1	0	641.97692	921.26866	938.69255	926.47015
S26_149	2	0	757.56034	918.64179	912.18048	924.11940
S26_149	2	1	831.76810	931.73881	975.30745	935.87313
S26_149	3	0	1588.35257	722.24627	1583.33054	713.95522
S26_149	3	1	1780.75551	665.82836	1828.11542	645.11194
S26_149	4	0	510.83211	902.77612	591.67261	902.14925
S26_149	4	1	427.89402	903.78358	493.62434	903.82836
S26_149	5	0	914.56558	362.75373	512.42812	385.14925
S26_149	5	1	1319.16474	175.00000	886.13536	156.08955
S26_149	6	0	1556.02833	923.76866	1611.43547	937.49254
S26_149	6	1	1625.87093	949.29104	1730.30220	977.79104
S26_149	7	0	1509.29801	702.95522	1398.95488	694.54478
S26_149	7	1	1800.22350	607.95522	1746.62749	576.03731
S26_149	8	0	1441.66002	844.52985	1217.55719	846.39552
S26_149	8	1	1281.82791	810.94776	1123.53830	816.17164
S26_149	9	0	1490.88562	874.00000	1298.93704	881.31343
S26_149	9	1	1352.87933	869.97015	1211.63379	881.98507
S26_149	10	0	1520.00944	798.23134	1357.08290	798.18657
S26_149	10	1	1761.43652	837.52239	1598.50997	839.49254
S26_149	11	0	1722.57503	823.51493	1787.36621	827.82090
S26_149	11	1	1824.98846	790.60448	1873.99790	789.20149
S26_149	12	0	173.71039	1001.41791	242.51417	984.34328
S26_149	12	1	368.46380	996.04478	383.20672	984.67910
S26_149	13	0	1223.04827	481.74627	1436.94544	467.94776
S26_149	13	1	1325.46170	482.08209	1562.86359	459.21642
S26_149	14	0	642.46275	382.99254	32.57083	428.15672
S26_149	14	1	911.91501	481.23881	383.28227	503.23134
S26_149	15	0	1338.66946	849.24627	1131.87093	854.54478
S26_149	15	1	1135.18573	816.67164	1014.01154	822.64179
S26_149	16	0	1482.32739	779.89552	1143.23190	778.47015
S26_149	16	1	1759.90976	664.22388	1470.17419	644.32836
S26_149	17	0	1555.21643	954.83146	1431.12006	967.37079
S26_149	17	1	1727.48499	794.01124	1652.93049	790.37079
S26_149	18	0	811.50262	324.08209	583.56663	351.92537
S26_149	18	1	564.36726	435.57463	388.81322	470.80597
S26_149	19	0	239.25813	654.32090	505.03778	676.73134
S26_149	19	1	125.09234	651.63433	412.36201	678.41045
S26_149	20	0	692.09969	663.35075	856.58762	676.70149
S26_149	20	1	802.57188	641.85821	962.02308	648.82836
S26_149	21	0	1022.85310	623.41045	955.79119	628.32090
S26_149	21	1	966.10598	709.04478	955.45540	715.63433
S26_149	22	0	1189.25184	763.79104	1263.06296	769.45522
S26_149	22	1	1333.30220	709.72388	1433.97587	704.30597
S26_149	23	0	1589.60651	1002.53731	1783.10388	1038.35821
S26_149	23	1	1531.18048	976.00746	1682.70514	1000.74627
S26_149	24	0	1412.79748	577.14925	1391.22875	562.76866
S26_149	24	1	1294.26653	653.38060	1304.26128	649.07463
S26_149	25	0	266.84995	819.63433	188.83316	827.29851
S26_149	25	1	470.66946	756.83582	392.98846	769.20149
S26_149	26	0	640.59496	715.61940	482.16159	726.94776
S26_149	26	1	799.41973	689.08955	662.47639	700.75373
S26_149	27	0	612.09969	853.34328	456.01679	859.63433
S26_149	27	1	746.41238	805.99254	623.23610	809.26119
S26_149	28	0	792.70514	804.47015	771.45540	809.79851
S26_149	28	1	900.15530	743.01493	894.35152	748.67910
S26_149	29	0	1009.01364	784.63433	971.42078	789.89552
S26_149	29	1	1121.83631	723.17910	1092.30220	725.08209
S26_149	30	0	1243.79328	839.13433	1244.84470	843.76119
S26_149	30	1	1376.09129	792.45522	1386.88038	794.05970
S26_149	31	0	1658.73452	732.18657	1736.99895	724.76866
S26_149	31	1	1749.05981	698.94030	1864.26023	685.14179
S26_149	32	0	1558.75446	820.50746	1606.77125	824.17164
S26_149	32	1	1688.70199	785.58209	1778.35572	784.88060
S26_149	33	0	825.33054	843.53731	758.93809	847.21642
S26_149	33	1	967.03043	795.51493	911.71878	798.85821
S26_149	34	0	1154.54879	811.25373	1126.09234	816.90299
S26_149	34	1	1283.82476	770.61940	1273.83631	772.91045
S26_149	35	0	337.04302	837.31343	575.30535	842.00000
S26_149	35	1	385.73137	850.07463	616.60651	854.76119
S26_149	36	0	771.22875	630.55970	935.04722	642.08955
S26_149	36	1	636.91605	610.07463	812.15110	626.30597
S26_149	37	0	750.77125	846.01493	935.96957	854.30597
S26_149	37	1	813.89822	869.52239	991.03778	875.79851
S26_149	38	0	950.55299	693.74627	887.74187	698.73881
S26_149	38	1	1015.69465	667.88806	996.87093	671.53731
S26_149	39	0	1100.82057	578.58955	1077.52361	578.14925
S26_149	39	1	1263.00315	535.26866	1228.62539	524.41791
S26_149	40	0	602.33998	601.33582	496.38405	624.17910
S26_149	40	1	829.25813	600.32836	749.82896	612.76119
S26_149	41	0	1644.17838	427.44776	1621.47744	379.44776
S26_149	41	1	1793.93704	447.59701	1817.90976	390.19403
S26_149	42	0	1545.81043	544.95506	1393.81043	523.66292
S26_149	42	1	1622.65087	534.84270	1519.18167	506.97753
S26_149	43	0	1560.68878	662.32584	1467.15324	648.69663
S26_149	43	1	1637.52923	631.48315	1580.39179	613.80899
S26_149	44	0	1701.22591	613.28090	1547.02686	592.57303
S26_149	44	1	1747.91311	622.41573	1658.92733	595.64045
S26_149	45	0	824.35387	784.05618	677.50079	790.83146
S26_149	45	1	931.52607	790.62921	806.41074	796.39326
S26_149	46	0	1086.17378	845.31461	865.38073	850.55056
S26_149	46	1	944.62559	821.55056	774.89100	825.26966
S26_149	47	0	839.17314	504.64925	848.19517	517.65672
S26_149	47	1	926.81217	521.77612	940.87093	529.41045
S26_149	48	0	989.11438	540.47761	1015.93284	544.41791
S26_149	48	1	1037.13116	526.03731	1081.41028	524.26866
S26_149	49	0	905.18573	484.54478	1075.38300	491.17164
S26_149	49	1	946.48688	483.53731	1121.38510	484.79104
S26_149	50	0	995.73452	652.66418	930.47954	656.50000
S26_149	50	1	1058.18993	608.00000	1011.40294	609.14925
S26_149	51	0	768.84680	357.75373	761.37356	380.17910
S26_149	51	1	727.54565	307.71642	739.21196	336.52239
S26_150	0	0	1340.59179	681.92250	495.68148	642.52012
S26_150	0	1	1403.35792	686.75112	558.44761	648.95827
S26_150	1	0	1386.11903	124.19374	1549.54484	120.71535
S26_150	1	1	1452.50629	133.44858	1626.79547	123.93443
S26_150	2	0	1242.07879	172.47988	1392.62951	185.09687
S26_150	2	1	1305.24728	180.12519	1459.82146	189.52310
S26_150	3	0	934.88768	75.24590	1075.26320	108.43666
S26_150	3	1	990.67812	88.12221	1125.95893	116.88674
S26_150	4	0	1329.35457	201.21311	1534.27661	210.90611
S26_150	4	1	1371.19866	217.71088	1584.97234	224.98957
S26_150	5	0	1143.95054	199.09389	1341.73261	221.72727
S26_150	5	1	1180.56412	213.57973	1385.58843	235.40835
S26_150	6	0	1622.26320	473.20417	1908.73428	497.34724
S26_150	7	0	509.80637	353.57973	511.37636	391.23398
S26_150	7	1	626.88935	400.25633	591.04107	430.66766
S26_150	8	0	1686.23638	399.70343	1596.11903	394.32489
S26_150	8	1	1735.32272	474.94933	1694.69405	479.63040
S26_150	9	0	1794.46773	718.08197	1775.95977	760.44411
S26_150	9	1	1688.24811	657.72429	1671.34954	691.23398
S26_150	10	0	1472.72842	577.27720	1601.34116	611.61997
S26_150	10	1	1513.76781	609.46796	1650.82984	649.44411
S26_150	11	0	1248.92875	346.20119	1380.12322	367.38897
S26_150	11	1	1224.38558	363.90611	1343.91199	386.70343
S26_150	12	0	1297.15004	475.71088	1398.31433	505.03726
S26_150	12	1	1279.04443	438.28912	1372.96647	463.18927
S26_150	13	0	1829.47192	778.82265	1856.83152	838.18927
S26_150	13	1	1719.22883	704.78390	1747.39313	748.97019
S26_150	14	0	1224.62280	85.70790	1355.07209	92.95082
S26_150	14	1	1283.09556	83.29359	1414.21710	85.30551
S26_150	15	0	1471.43168	389.43219	1385.90025	393.71535
S26_150	15	1	1763.88935	284.36066	1687.04107	259.56781
S26_150	16	0	1092.15423	521.11773	875.68148	529.57228
S26_150	16	1	926.99413	269.57973	711.85331	288.30551
S26_150	17	0	769.38055	97.37705	858.00587	139.14158
S26_150	17	1	878.81894	148.47988	942.09640	183.40387
S26_150	18	0	1567.46689	323.99404	1691.06454	324.01788
S26_150	18	1	1464.06370	273.69598	1582.83319	276.53651
S26_150	19	0	317.67393	252.88674	355.85750	305.95827
S26_150	19	1	165.58676	202.18629	237.16513	267.32936
S26_150	20	0	1473.95474	192.68703	1712.79128	186.72727
S26_150	20	1	1519.41995	179.40835	1772.33864	167.41282
S26_150	21	0	1799.69824	739.87481	1807.34283	787.20119
S26_150	21	1	1655.65801	705.67213	1590.88013	740.92697
S26_150	22	0	604.54484	209.34873	552.68902	250.38003
S26_150	22	1	757.43671	176.75559	673.79547	212.15350
S26_150	23	0	637.40402	243.73920	420.20872	272.86289
S26_150	23	1	919.09220	130.89866	548.60352	147.14158
S26_150	24	0	450.35289	325.42474	442.12657	364.92250
S26_150	24	1	607.26823	366.87034	583.75272	396.30849
S26_150	25	0	1602.27158	775.12966	1156.54484	784.47243
S26_150	25	1	1887.00754	879.97019	1481.30260	910.88674
S26_150	26	0	1059.35373	377.76304	1110.95893	401.88674
S26_150	26	1	945.48952	512.96423	948.81308	537.89270
S26_150	27	0	561.38474	519.71535	591.60604	545.30402
S26_150	27	1	770.36127	429.65127	776.28332	458.79136
S26_150	28	0	528.47443	408.36066	406.16597	430.36066
S26_150	28	1	717.97988	350.81967	616.19111	372.41729
S26_150	29	0	911.31852	277.56781	705.39648	292.98212
S26_150	29	1	1108.06622	187.83607	923.06622	195.20268
S26_150	30	0	924.36882	356.58867	778.66974	372.26528
S26_150	30	1	1047.08466	499.43517	918.28416	513.90462
S26_150	31	0	1170.20285	518.34724	1100.40821	538.18927
S26_150	31	1	1069.21375	341.29806	1009.98240	359.00596
S26_150	32	0	1478.59179	389.60358	1201.49036	382.14158
S26_150	32	1	1681.00587	105.82712	1384.17770	63.97914
S26_150	33	0	1804.92875	227.34724	1644.65046	188.87481
S26_150	33	1	1589.58005	329.65574	1440.66052	318.84501
S26_150	34	0	1668.03772	458.82116	1628.43923	463.31744
S26_150	34	1	1856.02682	372.40835	1771.93630	353.39642
S26_150	35	0	1645.47443	167.87481	1633.06035	140.38450
S26_150	35	1	1834.17519	150.57228	1798.82733	102.15797
S26_150	36	0	1743.36966	513.16542	1612.74015	517.23696
S26_150	36	1	1918.79296	463.26975	1861.65968	458.38450
S26_150	37	0	1700.72087	546.16095	1676.17770	562.66319
S26_150	37	1	1884.19111	612.15201	1898.27326	639.92101
S26_150	38	0	1277.95054	287.75112	1308.99413	297.72727
S26_150	38	1	1354.39648	220.15052	1418.03018	223.28614
S26_150	39	0	1289.12992	544.60358	1009.16932	547.72727
S26_150	39	1	1482.25650	549.83458	1288.80050	559.39642
S26_150	40	0	1421.09975	629.90909	1227.64376	646.71386
S26_150	40	1	1606.98407	650.83308	1425.01760	669.73920
S26_150	41	0	1264.63370	277.05067	1379.13495	292.04322
S26_150	41	1	1387.75189	310.44858	1517.13998	321.81967
S26_150	42	0	259.95893	350.59165	226.92372	388.46051
S26_150	42	1	445.03856	272.52906	416.42917	315.22653
S26_150	43	0	1108.14250	44.26230	1247.90780	62.77198
S26_150	43	1	1144.75608	107.43666	1297.39648	122.72727
S26_150	44	0	1067.16932	359.69151	1060.29086	382.12966
S26_150	44	1	1210.80721	440.97317	1206.34283	460.99702
S26_150	45	0	1556.63453	614.89121	1142.60268	612.17437
S26_150	45	1	1828.66723	734.75112	1415.39396	744.15648
S26_150	46	0	1097.97402	541.38003	907.36127	552.30104
S26_150	46	1	1104.66220	340.34873	916.52137	351.03428
S26_150	47	0	1367.34954	480.36066	1153.74434	483.47243
S26_150	47	1	1434.75189	314.70343	1253.23638	309.86289
S26_150	48	0	1625.94719	359.62742	1463.58005	350.09389
S26_150	48	1	1776.82733	270.70045	1638.60101	242.65723
S26_150	49	0	1373.81056	584.61550	1198.59179	598.32489
S26_150	49	1	1537.96815	528.68405	1344.64376	534.74814
S28_200	0	0	1315.35289	727.18927	533.53311	721.83458
S28_200	0	1	1373.54904	729.02981	593.48282	722.23696
S28_200	1	0	1676.98240	668.62742	1852.40570	700.15350
S28_200	1	1	1606.97402	645.69151	1777.56915	673.59613
S28_200	2	0	1367.81056	306.40835	1242.99413	299.20119
S28_200	2	1	1349.70495	411.43070	1228.91199	415.08793
S28_200	3	0	1266.70914	454.35618	1347.18525	464.18927
S28_200	3	1	1338.72925	420.95827	1441.73680	428.77943
S28_200	4	0	1648.01341	98.98659	1587.69321	47.07899
S28_200	4	1	1561.50880	205.21610	1486.30176	176.64680
S28_200	5	0	1263.70914	230.92250	1034.23638	231.99404
S28_200	5	1	1195.37301	384.46796	1002.32607	393.37705
S28_200	6	0	1267.79547	433.15648	930.30595	438.44411
S28_200	6	1	1287.28332	241.32489	912.54484	239.02981
S28_200	7	0	1349.44342	628.81073	1292.38474	646.22504
S28_200	7	1	1184.07879	617.94635	1168.86421	639.38450
S28_200	8	0	1493.00168	190.47988	1761.87762	154.38450
S28_200	8	1	1523.98240	142.19374	1798.08885	96.84352
S28_200	9	0	432.29505	923.81073	497.52557	915.82265
S28_200	9	1	326.88013	923.40835	409.00922	909.78689
S28_200	10	0	1643.69740	116.69151	1788.03018	58.74814
S28_200	10	1	1607.48617	153.71088	1761.07293	107.43666
S28_200	11	0	1698.70914	726.36066	1738.94384	760.85842
S28_200	11	1	1779.58089	739.23696	1808.95222	785.80626
S28_200	12	0	1290.54149	787.12966	1006.29086	805.59165
S28_200	12	1	1078.15423	1000.32787	792.70495	1022.45902
S28_200	13	0	951.39648	1058.67362	584.78709	1054.64978
S28_200	13	1	1090.20620	847.42176	775.49958	855.87183
S28_200	14	0	1895.85918	855.09389	1532.97066	888.28912
S28_200	14	1	1648.81811	836.18182	1351.51215	867.76751
S28_200	15	0	1900.68734	909.86587	1755.84241	972.16095
S28_200	15	1	1712.38894	803.63636	1542.19614	841.38599
S28_200	16	0	553.18944	650.82265	295.04107	656.65127
S28_200	16	1	369.31685	634.72727	54.43755	638.94635
S28_200	17	0	1318.22464	612.67511	1342.01257	631.36811
S28_200	17	1	1427.66303	539.44113	1449.84158	551.69598
S28_200	18	0	724.63118	844.81073	934.02515	876.32042
S28_200	18	1	654.62280	874.98957	874.07544	892.41580
S28_200	19	0	1188.68567	1032.92101	770.91953	1044.59016
S28_200	19	1	1334.73764	822.47392	931.85834	836.55738
S28_200	20	0	1336.25985	706.82265	1471.28667	737.15648
S28_200	20	1	1396.20956	633.99106	1542.50210	658.69151
S28_200	21	0	1199.02934	876.82712	910.76362	892.89866
S28_200	21	1	866.52137	1026.48286	569.28332	1020.04471
S28_200	22	0	1742.96731	190.53204	1846.77284	133.33681
S28_200	22	1	1538.17267	255.31595	1598.52473	227.89717
S28_200	23	0	1502.11065	624.34426	1521.83319	645.30849
S28_200	23	1	1635.68986	577.26528	1662.25231	587.76751
S28_200	24	0	1417.21542	536.22206	1445.38726	546.32191
S28_200	24	1	1300.49036	575.73472	1341.93965	593.30104
S28_200	25	0	1215.59514	504.11028	1318.60352	518.05514
S28_200	25	1	1131.10226	595.45156	1212.78625	618.24888
S28_200	26	0	698.49455	853.75857	596.57586	859.21311
S28_200	26	1	791.03437	834.04173	726.13160	844.72727
S28_200	27	0	1570.25147	568.17735	1732.10394	584.67958
S28_200	27	1	1625.77536	546.44858	1828.26488	558.52459
S28_200	28	0	420.56832	616.97019	479.29505	635.05365
S28_200	28	1	286.58676	661.63487	335.25482	674.08495
S28_200	29	0	323.41995	490.60358	370.76781	521.92250
S28_200	29	1	180.58676	516.35618	225.11819	547.67511
S28_200	30	0	446.73764	647.32042	508.34199	663.72280
S28_200	30	1	283.38474	688.76602	355.04778	700.74218
S28_200	31	0	540.42414	737.50820	739.86169	754.36066
S28_200	31	1	470.81811	782.57526	673.07209	794.19672
S28_200	32	0	983.97066	502.60358	1062.30679	521.97019
S28_200	32	1	865.68064	519.50373	943.61442	543.69896
S28_200	33	0	339.33026	703.38450	419.88516	712.54396
S28_200	33	1	163.10226	763.74218	272.22381	762.43964
S28_200	34	0	655.50210	681.04173	858.23638	706.66319
S28_200	34	1	573.82565	695.92996	780.58340	717.52757
S28_200	35	0	634.69740	736.81073	858.97066	757.82265
S28_200	35	1	550.20453	746.46796	776.48952	767.07750
S28_200	36	0	1302.67393	702.63934	1388.22045	730.81073
S28_200	36	1	1387.16681	617.73621	1485.18609	640.67660
S28_200	37	0	1447.00587	324.83010	1535.90025	313.88674
S28_200	37	1	1557.77536	107.61997	1625.55658	62.36960
S28_200	38	0	1259.62699	632.56781	1649.62280	666.34873
S28_200	39	0	798.97066	805.30849	841.23638	821.28912
S28_200	39	1	689.12992	754.60805	706.04778	766.96721
S28_203	0	0	1271.76390	696.17910	495.74921	699.74627
S28_203	0	1	1331.19727	702.26866	554.42707	704.31343
S28_203	1	0	831.68311	506.29851	929.01889	518.75373
S28_203	1	1	941.14795	510.32836	1054.26548	518.08209
S28_203	2	0	819.75971	633.38806	734.01364	644.14925
S28_203	2	1	745.97167	607.00000	690.69780	617.76119
S28_203	3	0	366.87723	617.34328	239.86044	640.08955
S28_203	3	1	194.62120	588.67164	78.18153	617.76119
S28_203	4	0	490.14795	751.59701	195.96852	760.07463
S28_203	4	1	576.52781	749.56716	337.50052	756.01493
S28_203	5	0	598.99895	657.37313	458.58132	672.19403
S28_203	5	1	474.33998	616.77612	343.74397	637.68657
S28_203	6	0	192.97482	305.32836	264.42917	372.58209
S28_203	6	1	54.96852	309.89552	164.70199	384.25373
S28_203	7	0	572.57083	741.14925	428.33158	750.07463
S28_203	7	1	457.03463	731.82090	317.27177	741.95522
S28_203	8	0	365.76076	714.44776	232.29381	727.11940
S28_203	8	1	440.05247	636.80597	248.41133	651.00000
S28_203	9	0	470.59811	655.11940	392.53515	672.35821
S28_203	9	1	378.67786	637.61194	334.36097	656.11940
S28_203	10	0	400.74397	266.47761	798.30745	307.38060
S28_203	11	0	589.91605	501.52239	634.28541	525.26866
S28_203	11	1	493.21091	473.35821	535.06191	502.94030
S28_203	12	0	415.79328	566.71642	363.49423	592.73134
S28_203	12	1	654.44701	548.39552	611.21406	568.70149
S28_203	13	0	901.53620	406.26866	942.19412	418.83582
S28_203	13	1	968.77650	385.20896	987.77650	391.43284
S28_203	14	0	912.37775	571.61194	928.28437	583.02985
S28_203	14	1	954.43442	557.91045	992.75446	565.52239
S28_203	15	0	1079.55719	544.94030	1037.54145	549.50746
S28_203	15	1	1014.83526	506.37313	1000.77335	513.47761
S28_203	16	0	1373.32949	452.73881	1328.42497	440.28358
S28_203	16	1	1271.25184	455.08955	1247.50157	444.98507
S28_203	17	0	655.42812	378.05970	881.56768	404.98507
S28_203	17	1	743.73872	360.26119	975.25079	377.11194
S28_203	18	0	680.95908	660.75373	617.86359	672.95522
S28_203	18	1	539.25918	545.90299	511.42078	569.52239
S28_203	19	0	833.59706	580.36567	925.62644	592.00000
S28_203	19	1	915.86359	590.77612	1000.84155	598.04478
S28_203	20	0	345.84365	699.35075	483.60860	709.45522
S28_203	20	1	119.19098	670.47015	288.85519	685.94776
S28_203	21	0	1423.57922	649.05224	1655.28751	649.38806
S28_203	21	1	1302.36201	641.66418	1517.61700	642.67164
S28_203	22	0	911.97692	374.95522	1154.34627	377.97015
S28_203	22	1	870.17209	375.46269	1107.25289	384.05970
S28_203	23	0	1612.90556	129.84328	1718.53515	40.29851
S28_203	23	1	1536.34732	179.88060	1621.83001	114.17910
S28_203	24	0	942.15740	92.26866	974.04197	101.25373
S28_203	24	1	1028.53725	100.38806	1058.65897	97.19403
S28_203	25	0	1202.44491	772.69403	1306.67051	783.41045
S28_203	25	1	1727.12592	775.95522	1870.64008	793.38806
S28_204	0	0	1326.11228	735.99254	528.59496	681.41418
S28_204	0	1	1378.49423	736.49627	586.01364	682.42164
S28_204	1	0	668.87723	685.07463	1031.52151	691.11940
S28_204	2	0	472.55299	637.92537	682.68520	649.86567
S28_204	2	1	495.05037	630.87313	708.20462	641.47015
S28_204	3	0	408.62644	511.79104	560.72193	529.50000
S28_204	3	1	487.19937	539.66418	622.50577	556.36567
S28_204	4	0	308.11857	550.55224	400.60651	571.82836
S28_204	4	1	197.31060	532.08209	319.01154	559.06716
S28_204	5	0	185.57293	681.36567	274.60231	685.46269
S28_204	5	1	305.78279	659.87313	372.65058	668.67164
S28_204	6	0	786.73452	638.44030	888.64848	633.50746
S28_204	6	1	851.54040	615.26866	940.35887	611.00746
S28_204	7	0	584.84260	623.39552	727.01679	630.07463
S28_204	7	1	644.27597	615.33582	773.35467	620.16791
S28_204	8	0	865.57398	694.29478	932.80797	687.12687
S28_204	8	1	822.25813	661.88806	876.56453	657.40672
S28_204	9	0	1436.06086	688.88806	1508.51312	663.92164
S28_204	9	1	1487.43547	662.52612	1546.28856	629.33209
S28_204	10	0	1183.84470	776.81343	1293.11333	765.47015
S28_204	10	1	1135.49213	756.16045	1229.48269	745.82463
S28_204	11	0	1590.36621	732.19030	1793.57922	711.19776
S28_204	11	1	1638.38300	716.91045	1832.02623	690.04104
S28_204	12	0	473.61490	688.80597	659.88667	693.51866
S28_204	12	1	533.71983	688.80597	704.54565	692.17537
S28_204	13	0	974.15530	740.39552	1113.82686	731.48507
S28_204	13	1	916.73662	725.28358	1051.03568	718.38806
S28_204	14	0	472.27807	783.36567	642.09654	781.71642
S28_204	14	1	402.77125	790.75373	575.61175	788.76866
S28_204	15	0	1269.28122	895.17164	1363.64113	892.17910
S28_204	15	1	1400.57188	883.41791	1492.58132	877.06716
S28_204	16	0	490.06296	811.47015	624.69780	804.29104
S28_204	16	1	605.90766	833.63433	750.61595	828.13433
S28_204	17	0	1362.10388	942.22388	1500.69885	947.29104
S28_204	17	1	1247.26653	931.14179	1364.03568	930.50000
S28_204	18	0	958.16999	862.80597	1077.98636	856.54478
S28_204	18	1	877.58237	822.84328	995.38405	820.61194
S28_204	19	0	872.88143	793.62687	1051.12382	788.70896
S28_204	19	1	932.98636	786.23881	1101.49108	783.00000
S28_204	20	0	574.84890	760.87313	729.08185	759.61194
S28_204	20	1	442.55089	776.99254	612.90136	775.05970
S28_204	21	0	781.31480	357.61194	775.65058	360.14925
S28_204	21	1	675.20776	257.87313	644.35992	273.84328
S28_204	22	0	1379.15530	549.00746	1545.29486	514.51493
S28_204	22	1	1317.70724	579.90299	1496.60651	553.80597
S28_204	23	0	1021.44491	347.32090	990.36621	329.56716
S28_204	23	1	950.25918	294.93284	949.73662	283.89552
S28_204	24	0	185.99685	475.71642	206.94753	507.70149
S28_204	24	1	267.59182	470.34328	228.10178	494.94030
S28_204	25	0	1407.67891	748.92164	1586.28017	734.37313
S28_204	25	1	1539.47324	749.25746	1732.20357	729.82463
S28_204	26	0	548.03463	617.78358	578.19412	621.06716
S28_204	26	1	277.73033	591.58955	330.72298	605.28358
S28_204	27	0	528.84260	921.70522	764.05981	914.36567
S28_204	27	1	567.12172	926.57463	808.88667	920.07463
S28_204	28	0	467.89822	888.42537	599.99370	876.77612
S28_204	28	1	396.04092	868.61194	517.39140	856.29104
S28_204	29	0	1728.55929	756.67910	1611.43442	721.32090
S28_204	29	1	1558.65373	753.65672	1451.93809	724.00746
S28_204	30	0	953.01994	911.66418	809.46170	889.97761
S28_204	30	1	832.13851	966.73881	651.30850	941.69403
S28_204	31	0	163.75131	408.50000	256.25393	451.23134
S28_204	31	1	227.21406	468.61194	287.81742	497.57463
S28_204	32	0	1412.82371	401.36567	957.99790	343.85821
S28_204	32	1	1174.75446	346.96269	766.93809	313.97015
S28_204	33	0	805.88562	683.22388	743.93704	671.65672
S28_204	33	1	591.45540	555.89552	508.68835	557.42537
S28_204	34	0	563.19937	747.92537	321.99056	729.94030
S28_204	34	1	366.11962	675.55970	60.77650	666.30597
S28_204	35	0	1549.25603	665.55224	1894.48059	642.96269
S28_204	35	1	1466.31794	640.70149	1802.14061	618.11194
S28_204	36	0	909.67261	872.99254	778.29486	851.73881
S28_204	36	1	792.14900	856.87313	652.04092	835.95522
S28_204	37	0	1053.01154	878.35821	934.39349	859.79104
S28_204	37	1	1173.55719	877.68657	1076.09339	861.13433
S28_204	38	0	384.51417	850.28731	623.90766	844.25746
S28_204	38	1	421.45016	858.34701	667.89507	853.32463
S28_204	39	0	141.22246	862.16418	379.41343	850.16418
S28_204	39	1	251.02308	838.65672	479.14061	832.36567
S28_204	40	0	1176.68206	377.03731	1381.49108	348.52239
S28_204	40	1	1122.28541	407.26119	1320.04302	387.14179
S28_204	41	0	974.80273	420.88060	1183.39559	408.97015
S28_204	41	1	929.13641	443.38060	1129.33473	434.49254
S28_204	42	0	286.54774	449.14925	315.04512	478.12687
S28_204	42	1	242.56034	393.06716	236.80797	429.76866
S28_204	43	0	434.75551	714.40299	403.21931	710.43284
S28_204	43	1	309.50892	712.05224	266.55614	705.05970
S28_204	44	0	458.19937	657.02985	570.46905	661.35821
S28_204	44	1	330.60231	653.33582	464.02623	660.68657
S28_204	45	0	290.39559	634.27612	416.05771	647.62687
S28_204	45	1	164.81322	644.68657	305.58552	659.04478
S28_204	46	0	710.18783	789.79104	751.24344	779.56716
S28_204	46	1	595.35047	790.79851	636.07030	779.90299
S28_204	47	0	824.01784	741.76866	850.97062	731.54478
S28_204	47	1	714.21721	752.17910	733.11123	742.29104
S28_204	48	0	1077.36097	712.19403	1104.79538	703.05970
S28_204	48	1	953.45750	698.76119	968.80378	687.27612
S28_204	49	0	1288.95593	792.88806	1335.52991	776.70149
S28_204	49	1	1178.81952	792.21642	1199.87408	777.70896
S28_204	50	0	1660.22141	799.05970	1789.17733	782.08209
S28_204	50	1	1545.71983	807.11940	1662.92340	792.49254
S28_204	51	0	1510.65268	757.27612	1652.72088	737.49254
S28_204	51	1	1401.52361	760.29851	1536.54040	743.53731
S28_204	52	0	1382.97901	686.88806	1411.73872	660.07463
S28_204	52	1	1249.33788	724.83582	1284.47744	706.08209
S28_204	53	0	991.30010	788.02239	1006.20042	776.32836
S28_204	53	1	857.99475	772.23881	864.87933	760.92537
S28_204	54	0	687.52991	717.68657	827.06716	715.87313
S28_204	54	1	569.67051	703.58209	729.35467	704.45522
S28_204	55	0	619.70199	752.94776	758.90346	750.46269
S28_204	55	1	514.93809	733.13433	673.61490	734.00746
S28_204	56	0	1890.78699	715.44030	1449.26338	650.50000
S28_204	56	1	1546.14900	684.51493	1217.11228	634.35075
S28_205	0	0	1352.85750	716.16542	532.43923	716.71088
S28_205	0	1	1411.19782	721.79881	586.75608	720.73472
S28_205	1	0	212.03688	595.77496	213.64627	629.97019
S28_205	1	1	121.50880	618.71088	148.46605	652.90611
S28_205	2	0	475.65801	538.52012	468.95474	566.30849
S28_205	2	1	548.88516	542.14158	510.79883	567.11326
S28_205	3	0	1008.56077	164.87481	1078.94384	161.56781
S28_205	3	1	959.47443	190.62742	1036.29505	192.14903
S28_205	4	0	977.17770	263.05663	984.08047	264.66319
S28_205	4	1	902.74350	303.69747	912.06035	312.14456
S28_205	5	0	1202.07628	489.05812	1163.46689	479.51565
S28_205	5	1	1114.76697	526.88227	1082.59514	524.18033
S28_205	6	0	1054.41492	452.44113	1130.87678	448.53204
S28_205	6	1	986.41827	480.20566	1064.48952	479.91803
S28_205	7	0	576.13915	466.45604	556.14250	494.65127
S28_205	7	1	455.83738	447.54396	443.88768	484.59165
S28_205	8	0	615.41324	620.12221	604.09975	636.93443
S28_205	8	1	511.60771	676.45604	508.74350	692.06110
S28_205	9	0	385.67309	610.46498	436.32104	634.92250
S28_205	9	1	493.90444	610.46498	527.25147	632.10581
S28_205	10	0	886.07963	386.39642	1042.90444	391.29657
S28_205	10	1	842.22381	385.59165	1005.08382	393.30849
S28_205	11	0	625.54484	546.56781	592.00168	567.76304
S28_205	11	1	738.60436	561.45604	696.61190	576.21311
S28_205	12	0	1616.59933	446.83458	1675.77536	399.98212
S28_205	12	1	1703.10394	435.16542	1761.07293	379.05812
S28_205	13	0	1065.91618	605.49180	996.41576	606.76304
S28_205	13	1	1159.26069	621.98957	1099.01425	618.83458
S28_205	14	0	421.26739	530.55142	407.97402	562.55142
S28_205	14	1	631.98659	644.36066	595.06538	659.12370
S28_205	15	0	876.38055	734.71088	935.17770	740.58718
S28_205	15	1	995.87762	719.82265	1041.79966	723.28465
S28_205	16	0	467.64292	124.73920	481.53730	187.34873
S28_205	16	1	643.06622	98.18182	617.12825	143.89121
S28_205	17	0	113.46186	596.14158	18.10562	632.95827
S28_205	17	1	325.49874	646.84203	253.88097	671.18480
S28_205	18	0	1535.32188	336.55589	1609.07209	281.49627
S28_205	18	1	1675.33864	354.26080	1772.02263	288.33681
S28_205	19	0	1722.04526	742.73920	1852.80805	734.40835
S28_205	19	1	1555.47360	743.14158	1663.30260	736.42027
S28_205	20	0	1455.70495	624.67958	1842.74937	608.17437
S28_205	21	0	1364.95557	258.30551	1443.17603	215.32787
S28_205	21	1	1471.37636	264.79136	1545.97569	212.89568
S28_205	22	0	1169.57670	125.94635	1123.98659	105.02235
S28_205	22	1	974.84074	158.94188	957.41492	162.16095
S29_206	0	0	1300.76915	722.25373	528.21406	720.45149
S29_206	0	1	1358.35572	724.10075	587.14376	721.96269
S29_206	1	0	1506.98846	632.68657	1853.51522	666.94030
S29_206	2	0	562.45016	188.58582	669.88038	242.22015
S29_206	2	1	496.80483	172.80224	612.79748	229.29104
S29_206	3	0	956.00315	353.69403	1094.40399	376.00000
S29_206	3	1	996.80063	342.27612	1122.27387	366.26119
S29_206	4	0	1225.88562	641.37313	1214.54355	660.96269
S29_206	4	1	1395.79328	615.18284	1392.50997	634.94030
S29_206	5	0	1004.45645	770.46642	864.20147	783.77985
S29_206	5	1	814.42497	829.24254	661.41028	833.99254
S29_206	6	0	1462.64008	273.25373	1773.20252	253.70149
S29_206	6	1	1394.14061	270.39925	1690.76810	253.53358
S29_206	7	0	1169.54250	653.86194	1303.15530	680.03731
S29_206	7	1	1220.24554	653.52612	1362.58867	679.19776
S29_206	8	0	667.40294	465.73881	725.41763	493.35448
S29_206	8	1	828.36306	536.16045	872.77859	558.23507
S29_206	9	0	1278.57398	685.99254	1162.45750	706.98507
S29_206	9	1	1079.77545	660.98507	949.38825	677.27612
S29_206	10	0	1123.99056	566.56343	1014.12277	579.81343
S29_206	10	1	1013.51312	517.97761	844.71563	533.41045
S29_206	11	0	876.44281	647.41791	720.23820	662.92910
S29_206	11	1	699.62959	638.06716	532.34418	651.22761
S29_206	12	0	442.28856	715.74627	358.80797	720.19030
S29_206	12	1	220.43861	686.38806	176.07660	692.67910
S29_206	13	0	1204.16579	863.08209	926.23085	880.96269
S29_206	13	1	966.92970	849.95896	676.06716	860.78731
S29_206	14	0	813.47219	355.81716	903.37880	383.40299
S29_206	14	1	736.24239	342.88806	809.02413	375.00746
S29_206	15	0	1246.63903	957.54851	950.96957	978.87687
S29_206	15	1	1105.74816	1012.05224	743.52886	1022.58582
S29_206	16	0	987.00525	973.36567	699.46485	979.15299
S29_206	16	1	773.57922	1037.30970	442.55509	1023.61940
S29_206	17	0	1016.26758	707.36567	762.88038	717.30597
S29_206	17	1	772.85624	739.53358	499.65792	748.29851
S29_206	18	0	736.52781	901.76866	480.51312	897.75746
S29_206	18	1	921.93075	812.86194	692.44281	820.60448
S29_206	19	0	1035.90241	483.55970	1102.27597	505.48507
S29_206	19	1	944.40189	437.72015	976.69360	459.81343
S29_206	20	0	515.77020	477.82463	398.49318	504.08209
S29_206	20	1	265.71144	290.80224	125.12592	346.64925
S29_206	21	0	1473.43232	676.77239	1685.31584	709.64179
S29_206	21	1	1527.99685	693.89925	1783.86779	732.47761
S29_206	22	0	543.62539	448.06343	603.27597	479.91791
S29_206	22	1	370.95068	445.27985	452.67261	482.09328
S29_206	23	0	1113.60126	518.32836	1121.09759	533.83582
S29_206	23	1	1195.81322	563.17164	1260.39244	580.19030
S29_206	24	0	1447.84260	441.01493	1320.57398	438.00746
S29_206	24	1	1515.00315	372.35075	1449.13641	360.35821
S29_206	25	0	1059.03253	345.40299	994.07660	360.68657
S29_206	25	1	1160.52256	395.38806	1085.74502	406.10448
S29_206	26	0	408.44596	330.23881	290.11333	376.59701
S29_206	26	1	539.65268	297.00000	426.86044	340.56716
S29_206	27	0	1450.69045	363.08955	1106.01049	357.46269
S29_206	27	1	1560.99475	351.41791	1279.30955	334.88060
S29_206	28	0	1083.38930	330.98507	651.86884	340.14925
S29_206	28	1	1267.73347	370.56716	791.63799	375.16418
S29_206	29	0	320.95908	203.97015	293.75866	270.01493
S29_206	29	1	452.16579	267.14925	422.69885	317.20896
S29_206	30	0	1406.77859	86.70149	928.07660	69.59701
S29_206	30	1	1571.00630	179.62687	1093.87933	154.76119
S29_206	31	0	1591.48269	207.56716	1170.26233	177.04478
S29_206	31	1	1798.81847	283.61194	1381.37566	245.47761
S29_206	32	0	1692.65582	324.29851	1613.22560	297.79104
S29_206	32	1	1835.19517	343.32836	1778.17838	312.00000
S29_206	33	0	1334.47114	533.47761	1043.26128	537.31343
S29_206	33	1	1203.01259	563.67164	864.70934	575.37313
S29_206	34	0	1177.96432	204.97015	549.26967	211.37313
S29_206	34	1	1441.15635	224.56716	763.85729	214.22388
S29_206	35	0	1214.05352	592.50000	1164.91501	610.97388
S29_206	35	1	1353.79748	547.34328	1362.07765	560.10821
S29_206	36	0	500.77754	468.64925	492.40609	498.00746
S29_206	36	1	223.21406	489.67164	178.41028	520.37313
S29_206	37	0	875.42078	527.60821	690.04827	544.95149
S29_206	37	1	711.60860	518.27985	522.54250	538.47761
S29_206	38	0	53.65163	121.03731	134.40399	219.51866
S29_206	38	1	242.73557	149.08955	272.61700	227.75746
S29_207	0	0	1321.52137	697.16542	543.01760	702.03428
S29_207	0	1	1381.87343	696.76304	599.74853	702.43666
S29_207	1	0	1229.29505	862.37258	1241.74769	877.95827
S29_207	1	1	1351.20620	811.67213	1365.26823	825.24590
S29_207	2	0	307.90780	742.15350	199.16178	751.76304
S29_207	2	1	485.34283	720.42474	348.83487	730.83905
S29_207	3	0	1593.86169	688.48435	1259.23638	688.93443
S29_207	3	1	1477.98575	752.86587	1001.07209	760.12966
S29_207	4	0	1283.03688	850.31744	1132.18944	865.14158
S29_207	4	1	1166.75859	800.42176	1047.69656	811.22206
S29_207	5	0	1069.20453	526.16542	987.45096	532.26528
S29_207	5	1	1245.03018	576.46349	1123.04191	578.53949
S29_207	6	0	1650.40821	526.10581	1347.55658	507.13711
S29_207	6	1	1831.06203	536.16542	1565.62867	507.53949
S29_207	7	0	1258.54149	99.79136	67.59430	127.15350
S29_207	7	1	1680.20117	140.02981	669.50545	120.71535
S29_207	8	0	1527.80637	760.52012	1687.04107	772.42027
S29_207	8	1	1657.76446	707.00298	1860.45264	710.85544
S29_207	9	0	1313.60352	462.98212	1218.37217	452.97019
S29_207	9	1	1565.73261	412.86289	1442.07712	380.54098
S29_207	10	0	949.33780	1046.60209	572.88852	1043.38301
S29_207	10	1	620.00587	892.37705	313.62699	888.95827
S29_207	11	0	400.91199	750.79881	431.29505	758.83458
S29_207	11	1	185.07963	795.97019	224.48868	797.46349
S29_207	12	0	1589.68483	783.22504	1396.62280	794.03428
S29_207	12	1	1762.69405	699.52906	1621.48617	699.34873
S29_207	13	0	208.29841	636.53204	247.07544	660.24143
S29_207	13	1	448.49958	648.60358	461.92875	668.28912
S29_207	14	0	1390.18944	976.18480	1126.06035	992.28018
S29_207	14	1	1217.18022	883.63636	1049.21207	898.12221
S29_207	15	0	736.95138	921.86289	626.17100	921.46051
S29_207	15	1	766.72506	983.42772	563.00251	978.19672
S29_207	16	0	1594.46689	698.81520	1445.70578	700.64382
S29_207	16	1	1439.96563	712.89866	1336.26739	717.94635
S29_207	17	0	1643.98994	767.66766	1587.23973	778.53204
S29_207	17	1	1876.54652	719.38152	1818.99162	718.97914
S29_207	18	0	1119.98240	941.18927	735.46605	945.42772
S29_207	18	1	1421.08801	896.50820	1065.54484	909.10581
S29_207	19	0	937.11903	577.60358	842.45851	587.21759
S29_207	19	1	1103.69070	516.44113	978.85415	520.42176
S29_207	20	0	1118.69321	607.81073	1040.59179	612.94635
S29_207	20	1	1274.80386	542.22206	1160.49120	538.50522
S29_207	21	0	1900.68734	565.79881	1627.63453	542.14605
S29_207	21	1	1691.46689	513.77496	1319.59179	492.14158
S29_207	22	0	1797.68650	595.20119	1756.24476	576.10581
S29_207	22	1	1606.16932	545.70790	1543.00084	526.61252
S29_207	23	0	1595.30595	639.46349	1569.15423	632.87034
S29_207	23	1	1432.09137	589.13413	1408.61777	582.57228
S29_207	24	0	1267.42330	617.62742	1222.77536	618.02235
S29_207	24	1	1395.77200	584.22951	1328.59262	578.58867
S29_207	25	0	944.27913	610.62742	905.72842	620.24143
S29_207	25	1	1060.95977	541.01490	984.99078	547.00745
S29_207	26	0	1280.59179	884.17735	1253.84912	902.93443
S29_207	26	1	1434.69070	944.93741	1411.56915	974.96125
S29_207	27	0	950.14585	626.84650	961.47443	635.81520
S29_207	27	1	1108.26823	634.89419	1117.58508	641.04620
S29_207	28	0	857.20369	689.61848	848.41492	700.19672
S29_207	28	1	1010.90025	678.75410	995.27158	686.91803
S29_207	29	0	1268.75021	668.81073	1264.71165	673.21311
S29_207	29	1	1420.83738	649.89866	1426.85750	648.26528
S29_207	30	0	1497.68567	661.56781	1540.24728	660.69151
S29_207	30	1	1668.28080	649.89866	1719.69405	642.98659
S29_207	31	0	336.36211	455.49925	640.53646	489.29955
S29_207	32	0	1008.70159	944.79881	819.82984	952.04173
S29_207	32	1	1400.52221	1018.83756	1290.78709	1050.22355
S29_208	0	0	1437.48374	267.64925	1738.18468	315.03731
S29_208	0	1	1340.44281	266.64179	1626.70514	310.67164
S29_208	1	0	1643.12592	232.61940	1919.66422	272.23134
S29_208	1	1	1541.71983	225.56716	1813.89297	259.80597
S29_208	2	0	1262.24659	113.55970	1573.88143	146.34328
S29_208	2	1	1335.44701	116.24627	1649.76810	145.33582
S29_208	3	0	1261.91081	117.25373	1573.88143	148.35821
S29_208	4	0	1286.99161	694.92537	514.15110	685.61194
S29_208	4	1	1344.74607	699.62687	571.56978	694.34328
S29_208	5	0	1451.73137	248.98507	1529.56243	276.76866
S29_208	5	1	1394.31270	238.57463	1496.99161	269.04478
S29_208	6	0	802.24869	140.08955	1039.98636	175.36567
S29_208	6	1	760.61175	105.16418	1008.75866	142.79104
S29_208	7	0	1310.44911	201.11940	1499.42497	229.67164
S29_208	7	1	1274.85624	211.19403	1467.86149	245.79104
S29_208	8	0	528.29486	760.49254	381.68940	726.26119
S29_208	8	1	314.40189	731.27612	169.13956	679.24627
S29_208	9	0	1689.46380	479.05970	1766.92970	545.80597
S29_208	9	1	1592.42288	442.79104	1587.28646	496.10448
S29_208	10	0	1419.08499	566.80597	1266.40818	619.37313
S29_208	10	1	1811.05456	636.76866	1616.74082	725.60448
S29_208	11	0	1130.79224	577.93284	1039.66737	605.53731
S29_208	11	1	955.51417	533.94030	858.00944	552.81343
S29_208	12	0	288.22141	126.70149	501.82686	168.84328
S29_208	12	1	143.49948	68.94030	375.23715	121.49254
S29_208	13	0	961.01889	283.91045	714.68835	297.35821
S29_208	13	1	1151.07135	243.94776	943.01994	257.05970
S29_208	14	0	505.98951	437.10448	170.09759	413.61194
S29_208	14	1	641.98111	398.48507	401.11542	395.14179
S29_208	15	0	1460.73977	374.23134	1275.75446	409.38060
S29_208	15	1	1628.96642	487.40299	1458.75551	540.35075
S29_208	16	0	575.77020	711.99254	391.76285	683.59701
S29_208	16	1	365.57083	673.03731	176.19098	623.82090
S29_208	17	0	409.79538	532.73881	221.61595	505.74627
S29_208	17	1	313.42602	527.70149	38.61490	489.96269
S29_208	18	0	1054.68730	538.75373	739.39140	546.04478
S29_208	18	1	853.31584	423.45522	584.31794	425.94776
S29_208	19	0	1508.47744	596.94776	1336.89402	655.37313
S29_208	19	1	1715.99056	640.94030	1495.04722	719.51493
S29_208	20	0	1266.79853	532.73881	1058.32529	565.91045
S29_208	20	1	1439.39035	501.50746	1155.36621	538.03731
S29_208	21	0	461.08185	437.08955	449.27597	445.29851
S29_208	21	1	350.60965	398.13433	348.26863	394.88060
S29_208	22	0	738.07450	588.92537	585.01574	584.33582
S29_208	22	1	584.95803	538.55224	391.91396	524.17910
S29_208	23	0	1341.55089	399.05224	639.58762	399.35821
S29_208	23	1	1652.55194	479.65672	985.84575	503.47015
S29_208	24	0	579.05561	357.82836	608.13641	371.40299
S29_208	24	1	688.18468	347.75373	722.30220	365.69403
S29_208	25	0	948.14376	346.55970	928.50682	370.17910
S29_208	25	1	1015.30010	279.73134	1063.49108	307.71642
S29_208	26	0	1216.75551	472.27612	715.12382	478.38806
S29_208	26	1	1092.85205	409.81343	726.20462	419.28358
S29_208	27	0	1348.74921	473.58955	1579.62434	535.50000
S29_208	27	1	1481.71878	404.07463	1730.39035	468.67164
S29_208	28	0	940.38825	574.19403	711.83945	583.96269
S29_208	28	1	755.61700	347.67164	624.44491	359.79104
S29_208	29	0	345.41133	530.93284	379.95278	519.51493
S29_208	29	1	515.65268	461.41791	549.52256	466.45522
S29_208	30	0	1125.78804	747.07463	789.85939	761.86567
S29_208	30	1	1432.42707	673.08209	1166.34103	724.14179
S29_208	31	0	785.62434	347.98507	691.88143	360.31343
S29_208	31	1	936.05456	361.75373	818.80693	381.47015
S29_208	32	0	895.83001	404.31343	894.63379	426.10448
S29_208	32	1	971.04512	456.70149	958.76810	483.19403
S29_208	33	0	951.07450	662.53731	797.65058	675.10448
S29_208	33	1	861.75656	547.01493	724.11438	560.58955
S29_208	34	0	1377.22980	732.01493	879.22246	761.50000
S29_208	34	1	1882.50997	633.82836	1249.51836	692.52985
S29_208	35	0	649.83211	368.27612	519.24134	374.44776
S29_208	35	1	573.15110	104.97761	426.71983	127.54478
S29_208	36	0	1659.14166	538.58209	1635.78384	608.20896
S29_208	36	1	1870.01259	480.48507	1869.82371	555.48507
S29_209	0	0	1079.20117	498.06259	1324.52640	498.95678
S29_209	1	0	1298.20117	730.15350	504.08382	740.24143
S29_209	1	1	1358.95557	732.16542	566.44761	741.04620
S29_209	2	0	1156.53311	861.53204	526.30260	869.46051
S29_209	2	1	699.76697	1034.53055	17.30092	1028.09240
S29_209	3	0	1405.19782	603.58718	1435.72506	601.85097
S29_209	3	1	1288.91953	612.43964	1270.36044	614.32489
S29_209	4	0	992.24811	303.36066	725.59179	320.27720
S29_209	4	1	752.58005	50.70045	457.97066	100.99851
S29_209	5	0	1103.24811	577.27720	980.66220	584.37258
S29_209	5	1	925.00838	496.39791	821.73512	511.54098
S29_209	6	0	1097.21291	646.48733	967.78709	657.60656
S29_209	6	1	948.34451	617.91803	853.92288	629.03726
S29_209	7	0	1478.33361	662.42027	1321.30763	664.73920
S29_209	7	1	1380.93546	412.27273	1158.43504	402.42027
S29_209	8	0	629.02934	242.38897	501.88852	287.31297
S29_209	8	1	464.46940	367.93294	380.78206	411.64978
S29_209	9	0	183.47024	547.27273	34.60184	584.49180
S29_209	9	1	392.28835	542.04173	187.89606	573.62742
S29_209	10	0	536.55239	221.79881	146.05197	283.36513
S29_209	10	1	777.96060	288.19225	326.30344	328.43219
S29_209	11	0	1131.94719	657.87481	930.69740	666.07750
S29_209	11	1	1091.04107	516.32489	842.98575	525.24292
S29_209	12	0	1590.06035	365.26975	1412.33361	333.20119
S29_209	12	1	1754.21794	419.18927	1554.76446	381.48733
S29_209	13	0	819.73680	382.22504	681.26739	405.37258
S29_209	13	1	631.03604	374.57973	533.20369	409.39642
S29_209	14	0	712.45096	670.99404	713.67728	684.60358
S29_209	14	1	842.40905	650.87481	850.87762	663.27720
S29_209	15	0	904.37049	591.32191	850.47527	602.91952
S29_209	15	1	711.50964	552.83458	682.69656	571.53353
S29_209	16	0	456.72674	585.11326	600.25985	605.72727
S29_209	16	1	596.34116	585.51565	707.28416	602.91058
S29_209	17	0	704.17016	558.55589	642.50629	577.56036
S29_209	17	1	591.51299	533.20566	524.61861	557.03875
S29_209	18	0	1554.72842	532.04620	1250.15423	521.54396
S29_209	18	1	1190.35708	548.17735	928.77536	554.11773
S29_209	19	0	1532.38474	635.60358	1503.69740	634.52012
S29_209	19	1	1790.84661	713.98212	1789.23722	717.57973
S29_209	20	0	1337.18525	527.57228	454.67393	537.04620
S29_209	20	1	1158.14082	640.23994	49.08634	656.99404
S29_209	21	0	886.31014	499.43219	372.35373	522.12966
S29_209	21	1	738.98994	372.36066	91.73512	413.67958
S29_209	22	0	30.57837	775.05812	150.88013	775.59165
S29_209	22	1	204.39229	721.13860	311.41660	731.32936
S29_209	23	0	1086.07628	556.54396	789.45096	568.52012
S29_209	23	1	952.45096	418.20119	727.18944	434.99404
S29_209	24	0	1374.44342	187.77943	843.21291	178.49627
S29_209	24	1	1032.78290	182.40835	522.94719	208.36066
S29_209	25	0	1319.91618	478.52012	1198.71668	473.15350
S29_209	25	1	1121.96144	474.89866	989.89858	479.59165
S29_209	26	0	692.62699	473.73920	664.43168	496.75112
S29_209	26	1	618.59514	442.35320	563.04023	472.20566
S29_209	27	0	5.23051	644.07004	89.32104	666.50522
S29_209	27	1	228.53311	649.30104	269.17016	668.51714
S2_23	0	0	1352.37720	717.12966	518.86505	728.87034
S2_23	0	1	1417.55742	724.37258	576.40067	732.08942
S2_23	1	0	323.59179	376.63934	597.92372	425.07750
S2_23	1	1	353.76781	356.92250	622.06454	404.95827
S2_23	2	0	1079.50210	742.73920	1390.49790	739.42474
S2_23	3	0	332.40821	678.62742	501.68567	704.42027
S2_23	3	1	186.35624	656.49627	371.72758	683.49627
S2_23	4	0	832.21291	638.85842	843.35708	652.93443
S2_23	4	1	1024.93713	659.38003	1044.12825	669.43219
S2_23	5	0	1792.45599	574.60358	1646.37301	546.47243
S2_23	5	1	1917.58592	575.40835	1778.34283	540.03428
S2_23	6	0	1675.20117	121.25335	1692.27158	34.60507
S2_23	6	1	1641.80637	195.69449	1665.31433	131.98212
S2_23	7	0	350.14250	513.00149	281.24811	555.24888
S2_23	7	1	158.62531	450.22951	90.13328	508.16990
S2_23	8	0	134.38391	590.60358	310.23638	629.06557
S2_23	8	1	206.00168	607.10134	384.26823	639.92996
S2_23	9	0	1207.80302	399.72280	1083.93546	396.79881
S2_23	9	1	1109.22800	417.42772	1024.38810	418.12519
S2_23	10	0	320.69740	336.65127	362.33780	398.42027
S2_23	10	1	234.99749	324.98212	312.44677	390.77496
S2_23	11	0	931.48617	650.37258	922.95474	662.00596
S2_23	11	1	1267.31852	680.80328	1393.55658	684.98212
S2_23	12	0	1512.51718	501.75112	1688.24811	473.12519
S2_23	12	1	1612.29925	473.18182	1796.07712	432.48435
S2_23	13	0	1554.33780	972.96572	1576.08466	1000.32787
S2_23	13	1	1678.66303	1020.04471	1715.69908	1057.86885
S2_23	14	0	1041.47863	689.85842	1144.08801	696.17735
S2_23	14	1	1138.84661	674.56781	1264.38977	672.83905
S2_23	15	0	1382.38810	677.67064	1590.01341	667.78241
S2_23	15	1	1439.11903	645.47988	1639.90444	631.56781
S2_23	16	0	1527.93965	1043.38301	1381.69321	1071.14754
S2_23	16	1	1428.96228	994.29210	1324.96228	1013.20417
S2_23	17	0	1539.49036	875.21311	1580.04862	890.17735
S2_23	17	1	1416.37217	827.73174	1428.36379	841.89121
S2_23	18	0	308.76027	624.92996	473.63453	654.76304
S2_23	18	1	215.81811	611.24888	389.54401	643.49627
S2_23	19	0	362.83403	512.00596	501.86085	550.43219
S2_23	19	1	285.18106	490.27720	440.70411	532.32489
S2_23	20	0	1019.45516	189.59165	846.37301	201.04173
S2_23	20	1	860.91618	41.04322	679.39899	73.48584
S2_23	21	0	865.37301	545.73920	721.30260	561.31297
S2_23	21	1	982.85834	532.86289	857.29589	542.80328
S2_23	22	0	1619.04107	735.54396	1545.69321	734.40835
S2_23	22	1	1834.29673	670.76006	1869.30427	652.44411
S2_23	23	0	633.68986	498.53204	863.01006	522.14158
S2_23	23	1	589.83403	540.38003	824.38474	564.39195
S2_23	24	0	413.77955	583.79881	640.10981	611.47094
S2_23	24	1	359.06035	599.49180	597.86337	629.17586
S2_23	25	0	1274.30679	22.13115	853.25566	12.07154
S2_23	25	1	961.22464	165.06557	507.09975	191.83458
S2_23	26	0	260.91199	539.72727	431.92372	579.83458
S2_23	26	1	354.65884	555.42027	524.06119	592.71088
S2_23	27	0	1579.20872	355.81073	1640.34954	305.17735
S2_23	27	1	1730.08885	354.60358	1812.95641	294.31297
S2_23	28	0	1562.15842	287.94635	1263.04107	253.36066
S2_23	28	1	1418.11819	307.66319	1159.63789	285.14903
S2_23	29	0	1307.49036	226.37258	1162.27158	206.52012
S2_23	29	1	1205.29422	272.24441	1078.18106	263.65872
S2_23	30	0	1532.58005	50.29806	770.27158	21.72876
S2_23	30	1	1365.30260	288.55589	599.00587	290.36066
S2_23	31	0	1455.72087	526.37258	1096.51802	518.49180
S2_23	31	1	1246.09807	486.13413	890.91869	488.71535
S2_23	32	0	481.93965	526.87034	379.06454	563.65127
S2_23	32	1	346.75105	470.13413	267.61442	519.38897
S2_23	33	0	1346.01090	51.10283	897.77536	38.62891
S2_23	33	1	1221.68567	182.28018	848.68902	179.86587
S2_23	34	0	945.73261	18.91207	850.84577	37.82414
S2_23	34	1	880.95474	105.82712	800.15004	130.77496
S2_23	35	0	1018.15507	115.08197	929.70578	123.53204
S2_23	35	1	1074.48365	36.21461	961.08885	38.62891
S2_23	36	0	904.49455	239.91058	769.38139	263.18927
S2_23	36	1	796.66555	312.33979	666.38055	342.45902
S2_23	37	0	264.89606	395.89866	299.82230	450.09389
S2_23	37	1	344.56077	432.91803	357.35792	482.28465
S2_23	38	0	1238.52892	702.13711	885.57167	707.54396
S2_23	38	1	1442.11651	697.30849	1027.19782	699.89866
S2_23	39	0	1059.80302	687.36811	761.84577	700.02981
S2_23	39	1	863.05532	632.64382	560.67225	648.92697
S2_23	40	0	622.80721	49.66468	375.74015	117.49627
S2_23	40	1	672.43168	177.95827	471.90109	228.55440
S2_23	41	0	864.20117	721.22504	269.28332	731.22504
S2_23	41	1	701.73261	569.74367	200.07963	596.42623
S2_23	42	0	869.59598	812.01788	579.04862	820.52757
S2_23	42	1	677.67645	742.00298	360.86924	757.23696
S2_23	43	0	500.83655	428.54844	566.82230	467.22504
S2_23	43	1	439.27745	396.35768	518.54065	440.26528
S2_23	44	0	709.01760	389.26826	685.35373	419.55142
S2_23	44	1	665.96647	306.37705	626.20872	345.51267
S2_23	45	0	1467.92791	363.57228	1297.25566	335.73920
S2_23	45	1	1362.11065	311.26230	1218.79799	285.84352
S2_23	46	0	1520.94719	186.52757	1749.00251	107.43666
S2_23	46	1	1235.31433	414.61550	1455.27158	396.39642
S2_23	47	0	1206.27913	803.60358	719.50964	812.76304
S2_23	47	1	1477.93965	935.78689	1055.37301	942.39642
S2_23	48	0	1648.22464	604.22504	812.03688	593.69896
S2_23	48	1	1212.79883	356.57973	422.25985	381.49627
S2_23	49	0	1072.36127	609.75112	814.15507	620.54396
S2_23	49	1	1279.74015	780.78689	1077.14669	790.10581
S2_23	50	0	1340.65046	869.55589	1151.84158	886.91058
S2_23	50	1	1393.76027	968.54247	1251.62364	989.51863
S2_23	51	0	1734.92037	807.60358	1884.19111	817.89866
S2_23	51	1	1640.77117	732.35768	1743.77200	731.38599
S2_23	52	0	484.59179	607.39642	457.62699	633.01788
S2_23	52	1	336.12573	518.06706	329.68064	556.16244
S2_23	53	0	1328.62280	830.78689	1255.09556	845.53204
S2_23	53	1	1511.38474	1024.06855	1399.17770	1050.22355
S2_23	54	0	509.51718	250.79136	645.49036	301.62742
S2_23	54	1	583.95138	282.57973	707.85415	324.56334
S2_23	55	0	809.20117	489.95827	668.87678	512.39642
S2_23	55	1	696.54401	453.74367	532.07879	487.04620
S2_23	56	0	772.13495	652.86289	686.51383	670.40835
S2_23	56	1	668.73177	630.73174	562.99329	653.91058
S2_23	57	0	513.02934	482.05365	340.47443	523.95827
S2_23	57	1	366.57502	479.23696	236.66890	525.16542
S2_23	58	0	1581.40821	885.92250	960.53311	899.20119
S2_23	58	1	1763.48701	760.92250	1284.81475	760.12221
S2_23	59	0	1399.11903	454.40835	1042.60352	446.17735
S2_23	59	1	1634.63873	316.54396	1161.54484	287.59165
S2_23	60	0	1085.69405	793.85395	666.28667	803.15946
S2_23	60	1	1252.89271	746.08197	888.41995	751.77496
S2_23	61	0	957.09556	499.38450	818.13076	511.77496
S2_23	61	1	1012.02934	335.07004	889.82230	345.98212
S2_23	62	0	1602.55658	791.82265	1267.95474	796.38450
S2_23	62	1	1760.67058	654.75112	1478.69740	641.84650
S2_23	63	0	1576.25566	684.67511	1421.15004	676.52012
S2_23	63	1	1728.34283	634.77943	1632.78458	620.18629
S2_23	64	0	562.09975	214.56781	444.60352	269.97019
S2_23	64	1	624.69321	352.52757	489.66639	394.30700
S2_23	65	0	587.57251	600.44411	328.89271	627.77496
S2_23	65	1	263.37301	547.83458	69.60604	591.94635
S2_23	66	0	773.45096	152.36066	392.80637	199.10581
S2_23	66	1	971.63873	293.61550	561.38977	317.80924
S2_23	67	0	1049.18525	349.69896	873.18944	359.44411
S2_23	67	1	1255.18692	274.45306	1054.24560	264.88376
S2_23	68	0	1037.11484	299.80328	707.02012	317.19374
S2_23	68	1	1284.47863	172.73920	941.69740	161.03875
S2_23	69	0	1121.74350	841.78838	664.81056	850.16542
S2_23	69	1	1437.83403	725.59165	984.77536	724.95827
S2_23	70	0	1129.51718	816.43219	811.32188	818.76304
S2_23	70	1	1295.68650	789.07004	1027.78458	798.64382
S2_23	71	0	1821.42498	370.39642	1452.34954	324.92250
S2_23	71	1	1518.05532	353.09389	1286.18022	323.31297
S2_23	72	0	1741.76027	661.42027	1744.17435	645.94635
S2_23	72	1	1519.66471	582.55291	1527.71165	570.70045
S2_23	73	0	752.48198	378.56483	133.17687	424.46498
S2_23	73	1	883.64711	566.07601	413.61274	588.63785
S2_23	74	0	689.85750	439.56781	708.16597	461.28465
S2_23	74	1	507.99665	363.91952	543.20369	406.15797
S2_24	0	0	1273.24554	697.76119	504.41658	722.80597
S2_24	0	1	1321.84995	699.79104	554.53200	724.32836
S2_24	1	0	624.43861	344.19403	1013.62959	376.85075
S2_24	2	0	252.37985	257.34328	411.63484	321.46269
S2_24	2	1	89.62644	200.53731	263.48793	283.68657
S2_24	3	0	1084.36516	530.40299	1185.15950	552.40299
S2_24	3	1	1249.16055	607.67164	1400.57398	633.22388
S2_24	4	0	1741.07240	474.04478	1884.49108	475.79104
S2_24	4	1	1640.33788	478.61194	1770.66107	480.10448
S2_24	5	0	1361.49003	364.83582	1463.28017	363.43284
S2_24	5	1	1297.52361	366.35821	1412.66107	369.52239
S2_24	6	0	1317.73242	239.28358	1563.71563	225.53731
S2_24	6	1	1274.92025	205.79104	1510.83001	192.55224
S2_24	7	0	1276.07240	206.91045	1554.22141	197.07463
S2_24	7	1	1240.56348	216.04478	1519.71983	203.41791
S2_24	8	0	444.58027	356.80597	622.57293	398.85075
S2_24	8	1	506.78384	380.40299	698.62749	419.40299
S2_24	9	0	1340.17733	869.22388	1603.83736	926.94030
S2_24	9	1	1323.55614	779.65672	1594.01574	827.73134
S2_24	10	0	846.27282	613.43284	1059.39244	638.61194
S2_24	10	1	790.61700	582.98507	1015.32109	606.13433
S2_24	11	0	429.47114	179.73134	603.91605	238.46269
S2_24	11	1	321.18153	65.80597	502.67786	150.67164
S2_24	12	0	708.37566	540.00000	734.77440	563.41791
S2_24	12	1	639.37251	533.91045	640.83945	557.32836
S2_24	13	0	1099.98426	475.31343	1108.81322	496.19403
S2_24	13	1	1023.86149	296.10448	1004.98846	315.71642
S2_24	14	0	1403.68101	369.74627	733.30745	383.41791
S2_24	14	1	1334.35782	159.53731	743.06086	172.70149
S2_24	15	0	1583.40504	348.88060	1342.15845	347.89552
S2_24	15	1	1435.57712	264.64179	1163.35467	265.68657
S2_24	16	0	1453.54669	249.35821	1298.45645	244.23881
S2_24	16	1	1398.56348	121.37313	1199.90556	111.43284
S2_24	17	0	1640.05456	275.07463	1750.18678	244.70149
S2_24	17	1	1729.70829	232.70149	1832.78909	188.11940
S2_24	18	0	815.95488	154.67164	1064.04302	182.00000
S2_24	18	1	782.46065	101.13433	1024.25289	133.28358
S2_24	19	0	452.59077	398.47761	452.62539	439.00000
S2_24	19	1	299.47954	259.28358	263.50157	324.41791
S2_24	20	0	1277.36097	310.98507	1144.73767	321.19403
S2_24	20	1	1215.66107	218.37313	1047.52886	231.88060
S2_24	21	0	868.70514	525.58209	630.64638	551.71642
S2_24	21	1	939.84995	622.56716	743.09234	645.91045
S2_24	22	0	353.73872	381.62687	163.60651	426.59701
S2_24	22	1	544.12697	418.67164	348.95803	456.02985
S2_24	23	0	667.51626	695.98507	194.98111	706.44776
S2_24	23	1	850.96013	786.22388	407.79119	798.61194
S2_24	24	0	754.03673	988.28358	347.35257	986.37313
S2_24	24	1	949.46170	1058.05970	489.89192	1068.32836
S2_24	25	0	690.46590	629.19403	644.19727	649.41791
S2_24	25	1	649.41658	596.97015	571.16474	618.20896
S2_24	26	0	1409.25289	730.86567	1388.14271	771.31343
S2_24	26	1	1444.50997	730.10448	1467.72298	766.23881
S2_24	27	0	948.95278	452.43284	647.46905	480.95522
S2_24	27	1	807.92445	363.11940	468.66527	398.23881
S2_24	28	0	691.33893	239.00000	906.70304	275.32836
S2_24	28	1	641.97901	197.13433	862.63169	239.55224
S2_24	29	0	853.99685	581.38806	665.94753	605.28358
S2_24	29	1	730.70514	337.52239	567.83945	376.89552
S2_24	30	0	991.69255	258.56716	1055.70514	275.50746
S2_24	30	1	1083.86464	311.59701	1167.26863	321.43284
S2_24	31	0	916.74397	419.05970	973.69255	442.62687
S2_24	31	1	1163.27597	535.02985	1205.86988	558.34328
S2_24	32	0	595.84260	602.71642	747.52466	625.95522
S2_24	32	1	498.63379	536.74627	648.55299	566.32836
S2_24	33	0	560.78384	659.32836	419.91605	678.31343
S2_24	33	1	348.82476	645.59701	161.61910	662.80597
S2_24	34	0	821.01574	719.40299	1006.53200	746.02985
S2_24	34	1	807.16474	717.62687	967.74921	738.41791
S2_24	35	0	1007.76810	888.98507	847.46065	914.23881
S2_24	35	1	1253.00420	1014.17910	1154.11123	1068.32836
S2_24	36	0	1190.91291	828.53731	1145.00105	867.37313
S2_24	36	1	1315.72298	968.17910	1280.66632	1025.52239
S2_24	37	0	1357.83526	320.35821	1362.68101	322.98507
S2_24	37	1	1281.11123	173.10448	1278.29906	172.04478
S2_24	38	0	165.98426	179.29851	404.84995	257.07463
S2_24	38	1	90.68520	116.11940	331.31375	206.32836
S2_24	39	0	1577.09234	786.68657	1455.83841	836.88060
S2_24	39	1	1469.30640	693.56716	1294.66317	731.32836
S2_24	40	0	1302.57398	667.04478	1345.83526	695.85075
S2_24	40	1	1218.71249	643.70149	1281.61700	667.17910
S2_24	41	0	401.01364	576.70149	496.23610	600.98507
S2_24	41	1	279.06401	426.35821	407.27702	468.40299
S2_24	42	0	762.75866	944.40299	608.30640	951.28358
S2_24	42	1	1099.38300	944.64179	898.08919	973.34328
S2_24	43	0	640.13851	918.23881	597.88667	924.31343
S2_24	43	1	521.01994	886.01493	462.65058	886.00000
S2_24	44	0	1541.30640	785.13433	1667.80483	840.31343
S2_24	44	1	1713.21196	801.13433	1862.83316	865.19403
S2_24	45	0	1293.69045	188.46269	1307.71983	181.76119
S2_24	45	1	1393.91605	40.70149	1423.81112	10.14925
S2_24	46	0	1169.30955	207.79104	1354.85729	203.32836
S2_24	46	1	1093.50682	140.04478	1274.26967	140.40299
S2_24	47	0	1206.83316	179.62687	1376.01154	172.11940
S2_24	47	1	1216.35887	84.29851	1358.59077	73.23881
S2_24	48	0	501.12172	929.70149	481.49843	927.67164
S2_24	48	1	314.51102	906.10448	276.25184	893.16418
S2_24	49	0	752.22350	936.04478	659.72718	945.40299
S2_24	49	1	925.01364	819.61194	802.29696	840.89552
S2_24	50	0	427.91291	457.40299	532.20672	495.47761
S2_24	50	1	440.75656	559.65672	530.19203	589.61194
S2_24	51	0	599.81322	460.97015	805.70304	490.44776
S2_24	51	1	533.07660	435.59701	751.81007	469.89552
S2_24	52	0	1619.10913	758.95522	1766.90661	814.71642
S2_24	52	1	1452.22560	597.83582	1561.49213	623.14925
S2_24	53	0	293.06506	229.28358	456.04302	293.76119
S2_24	53	1	231.11333	152.91045	403.91291	231.08955
S2_25	0	0	1325.04107	705.52012	548.99413	710.85842
S2_25	0	1	1380.56496	710.75112	598.48282	714.07750
S2_25	1	0	238.59179	550.57526	533.30427	580.03726
S2_25	1	1	333.54568	521.20119	607.79883	553.47988
S2_25	2	0	392.54484	654.67511	467.60687	673.39642
S2_25	2	1	233.21542	680.42772	362.19195	695.52757
S2_25	3	0	480.65801	551.84650	742.84158	575.17735
S2_25	3	1	566.76027	530.11773	818.48282	552.24143
S2_25	4	0	653.26488	572.36811	907.80386	588.85842
S2_25	4	1	728.90612	553.45604	977.40989	567.93443
S2_25	5	0	937.05281	559.45604	1183.24141	566.73920
S2_25	5	1	883.54065	558.24888	1122.88935	565.93443
S2_25	6	0	770.45516	285.36066	376.08047	324.54396
S2_25	6	1	572.50042	353.76602	228.01676	401.80179
S2_25	7	0	1093.02515	308.90611	1324.97821	295.55142
S2_25	7	1	1155.38894	314.94188	1402.63118	295.14903
S2_25	8	0	460.72842	203.67511	462.13076	264.85842
S2_25	8	1	554.07293	190.39642	565.53395	243.12966
S2_25	9	0	1012.61861	159.04173	1205.92372	150.69151
S2_25	9	1	1156.65884	143.75112	1350.76865	115.68405
S2_25	10	0	919.42414	516.60358	1095.31852	524.15350
S2_25	10	1	875.97066	511.37258	1060.31433	521.33681
S2_25	11	0	643.84912	812.74665	747.59514	809.09389
S2_25	11	1	723.91618	790.61550	830.88097	795.41282
S2_25	12	0	847.16178	697.52012	991.81978	706.08346
S2_25	12	1	958.20956	691.08197	1100.91618	699.22504
S2_25	13	0	552.77117	1041.37109	317.59933	1021.25186
S2_25	13	1	693.99497	977.39195	453.59262	966.52757
S2_25	14	0	1607.00587	451.59165	1676.98240	417.28912
S2_25	14	1	1500.38391	409.34128	1577.60268	376.64829
S2_25	15	0	1101.01006	569.85842	1042.65046	574.60358
S2_25	15	1	1200.99413	405.26080	1154.19363	399.30849
S2_25	16	0	1131.66220	215.82265	1102.60352	207.18927
S2_25	16	1	1123.37301	62.77198	1085.99413	49.09091
S2_25	17	0	334.81056	620.61550	406.79883	640.99404
S2_25	17	1	99.83990	591.24143	250.28583	622.88674
S2_25	18	0	42.64878	650.41282	68.80134	671.92250
S2_25	18	1	199.16178	619.42921	153.69656	643.35320
S2_25	19	0	1487.24895	615.17735	1744.57334	607.87481
S2_25	19	1	1369.36127	607.53204	1620.24811	603.04620
S2_25	20	0	1272.70495	995.49925	958.53311	1010.38748
S2_25	20	1	1446.51886	873.57675	1189.07795	890.07452
S2_25	21	0	1348.70075	354.24888	776.57586	349.01788
S2_25	21	1	1569.18692	461.28316	1041.72255	444.78539
S2_25	22	0	1551.60352	726.61550	1327.22045	732.10581
S2_25	22	1	1701.27661	672.69598	1427.80721	669.73621
S2_25	23	0	1414.80553	814.73770	1184.38726	827.47094
S2_25	23	1	1277.85331	849.91058	1083.38474	861.38450
S2_25	24	0	903.42414	1039.35917	512.56832	1032.92101
S2_25	24	1	1022.51886	1046.60209	677.53060	1048.61401
S2_25	25	0	849.10729	1014.41133	547.17016	1007.16841
S2_25	25	1	657.99246	1065.11177	324.67225	1047.80924
S2_25	26	0	923.33026	858.04173	578.95557	860.29806
S2_25	26	1	1115.65214	867.69896	757.37720	874.16542
S2_25	27	0	1018.24811	401.23696	872.21207	410.58718
S2_25	27	1	1114.40905	343.69598	994.92791	343.79136
S2_25	28	0	26.15256	349.56781	187.09137	420.50820
S2_25	28	1	138.00503	428.03279	265.54904	480.46349
S2_25	29	0	547.47863	66.39344	681.07209	122.32489
S2_25	29	1	621.91282	84.09836	737.80302	130.37258
S2_25	30	0	215.55574	412.60358	251.69321	466.93443
S2_25	30	1	355.57251	452.84203	364.35038	493.49180
S2_25	31	0	1560.29841	748.66319	974.62699	751.72727
S2_25	31	1	1701.52557	607.04173	1201.40821	595.42027
S2_25	32	0	956.97485	624.77496	857.37301	635.00596
S2_25	32	1	837.47779	617.53204	758.79799	630.17735
S2_25	33	0	1076.36211	889.71535	846.25231	897.77496
S2_25	33	1	929.10310	994.33532	609.26991	993.14009
S2_25	34	0	924.72422	521.55589	711.07628	535.36066
S2_25	34	1	1043.41660	496.60805	877.64795	504.37705
S2_25	35	0	830.61526	355.53502	676.12322	379.50820
S2_25	35	1	812.50964	218.72429	657.92372	250.44858
S2_25	36	0	1505.53730	186.97466	1104.88097	153.65574
S2_25	36	1	1392.07544	314.12817	956.01257	300.52608
S2_25	37	0	1421.66220	365.21311	1459.50210	334.43219
S2_25	37	1	1358.49371	422.35171	1370.18106	402.43517
S2_25	38	0	1288.48533	274.67660	944.40821	264.92250
S2_25	38	1	1158.53311	335.04173	881.23973	336.54694
S2_25	39	0	755.92037	146.16542	676.80302	183.06557
S2_25	39	1	604.23554	151.39642	557.70830	203.58718
S2_25	40	0	972.15423	333.88227	651.41576	352.28912
S2_25	40	1	1158.03856	410.33532	828.44845	414.25633
S2_25	41	0	1325.70075	526.76751	835.17016	526.95827
S2_25	41	1	1510.78039	548.89866	1078.72087	540.36066
S2_25	42	0	707.39564	436.87481	632.09556	463.21311
S2_25	42	1	789.07209	432.44858	739.11987	451.54396
S2_25	43	0	1284.98994	282.22504	1379.74015	255.12966
S2_25	43	1	1326.43168	255.66766	1438.88516	220.12221
S2_25	44	0	1174.62615	622.23398	779.89187	627.24888
S2_25	44	1	1356.88935	668.91058	979.05365	671.51118
S2_25	45	0	1151.08801	591.75112	897.77955	596.66766
S2_25	45	1	1281.85080	522.54098	1056.30427	519.00745
S2_25	46	0	1787.22548	109.04620	1523.01760	23.74069
S2_25	46	1	1496.43168	319.57973	1259.91618	288.12966
S2_25	47	0	888.78709	632.61550	1000.13076	643.32489
S2_25	47	1	727.84828	655.14903	813.44174	667.87034
S2_25	48	0	995.19698	400.40835	1013.57586	405.94635
S2_25	48	1	955.36463	490.94486	933.10645	500.10432
S2_25	49	0	1267.75189	586.16542	751.21291	588.81073
S2_25	49	1	752.98240	659.50373	362.04107	672.14903
S2_25	50	0	1051.65801	535.45604	1000.06454	540.86289
S2_25	50	1	1163.10813	469.06259	1144.50712	466.42176
S2_25	51	0	620.19698	765.23696	312.41576	769.32489
S2_25	51	1	710.36127	596.38897	472.70495	613.91058
S2_25	52	0	1214.87678	754.51565	963.23638	762.31297
S2_25	52	1	1363.34283	686.51267	1165.61693	691.09091
S2_25	53	0	1363.29086	175.96572	1458.86505	128.36066
S2_25	53	1	1407.95138	139.34873	1521.22883	79.67213
S2_25	54	0	742.66220	291.66319	894.90444	314.12966
S2_25	54	1	732.20117	267.92250	892.89271	291.59613
S2_25	55	0	1231.72422	529.18480	1286.13076	524.76304
S2_25	55	1	1298.51383	491.36066	1367.40486	480.09836
S2_25	56	0	1279.32607	386.49180	1359.37301	368.42027
S2_25	56	1	1337.66639	356.71535	1435.01425	329.38897
S2_25	57	0	1166.66890	367.17735	1166.24644	359.16542
S2_25	57	1	1227.02096	305.21013	1243.09472	287.54098
S2_25	58	0	811.46270	358.65127	835.27913	378.33681
S2_25	58	1	899.17435	329.67958	922.58843	342.92697
S2_25	59	0	805.76781	512.30849	859.15004	526.52757
S2_25	59	1	853.24476	474.48435	919.09975	487.09389
S2_25	60	0	797.37636	217.26080	904.94300	238.44411
S2_25	60	1	873.41995	230.53949	977.76781	243.27273
S2_25	61	0	1069.05616	302.77794	1034.54484	302.76304
S2_25	61	1	1093.59933	232.36066	1018.04862	231.54098
S2_25	62	0	1243.67477	305.59463	1115.41660	292.30104
S2_25	62	1	1158.87343	388.69449	1041.38474	386.45902
S2_25	63	0	205.59933	713.55142	150.47779	726.57973
S2_25	63	1	15.69153	635.48882	40.63705	661.39344
S2_25	64	0	1599.72842	597.00149	1774.75272	586.26080
S2_25	64	1	1497.12992	574.46796	1641.17351	560.50820
S2_25	65	0	1131.94719	572.34426	1199.63034	573.45604
S2_25	65	1	1245.00671	523.65574	1326.77200	517.12221
S2_25	66	0	207.40402	588.45604	318.29086	617.70343
S2_25	66	1	323.27997	606.96572	443.42079	630.98212
S2_25	67	0	578.29086	636.22504	715.17770	653.20119
S2_25	67	1	681.69405	654.73472	827.83487	668.49180
S2_25	68	0	584.15004	447.99851	644.42330	477.45604
S2_25	68	1	780.49539	457.65574	830.30763	475.44411
S2_25	69	0	534.78709	316.34873	791.26404	352.10581
S2_25	69	1	480.87259	285.36513	748.61526	327.56036
S2_25	70	0	491.05281	517.21311	751.07628	541.75857
S2_25	70	1	473.34954	455.64829	741.01760	484.61997
S2_25	71	0	1427.14250	564.20119	1493.91199	552.69151
S2_25	71	1	1596.93294	548.91058	1691.06203	528.54844
S2_25	72	0	1219.40821	159.21311	443.59514	176.66766
S2_25	72	1	1559.20536	149.32489	803.08466	127.15350
S2_25	73	0	1626.39732	229.80179	1484.58005	172.07004
S2_25	73	1	1751.81894	253.44411	1663.22213	180.92250
S2_25	74	0	1127.59179	152.77496	649.49790	167.20119
S2_25	74	1	1380.36127	33.39791	847.36127	19.31446
S2_25	75	0	1476.95138	546.21311	1879.36295	525.57675
S2_25	76	0	1623.06790	553.42325	1593.24811	534.52012
S2_25	76	1	1767.91282	468.52012	1731.65549	426.68107
S2_26	0	0	1309.64292	720.98212	535.58005	718.64680
S2_26	0	1	1373.21375	725.81073	594.32272	721.46349
S2_26	1	0	1287.83822	210.84948	1262.62699	208.59165
S2_26	1	1	1213.40402	65.99106	1149.78290	64.38152
S2_26	2	0	643.52557	137.73920	667.17770	191.99404
S2_26	2	1	496.66890	111.18182	509.05532	175.89866
S2_26	3	0	1510.11651	71.22206	1595.30595	28.97168
S2_26	3	1	1713.19363	88.92697	1824.64376	17.70492
S2_26	4	0	1389.02515	116.69151	1286.89271	103.01043
S2_26	4	1	1244.18022	157.73472	1148.48533	154.91803
S2_26	5	0	1285.24811	78.46498	1428.26739	65.99106
S2_26	5	1	1159.71584	55.52906	1279.39899	55.12668
S2_26	6	0	837.39648	158.79881	507.44342	197.53204
S2_26	6	1	637.02766	174.89419	278.91031	224.08942
S2_26	7	0	1762.27997	254.84650	1640.10729	217.04173
S2_26	7	1	1528.54484	69.21013	1438.55658	26.95976
S2_26	8	0	659.07628	255.20119	478.98994	295.11326
S2_26	8	1	470.37552	275.72280	276.18944	322.92250
S2_26	9	0	1661.83403	344.16095	1546.12322	323.14158
S2_26	9	1	1487.21542	245.17437	1349.37552	229.78838
S2_26	10	0	1355.01341	74.44113	1605.36127	42.65276
S2_26	10	1	1463.24476	144.85842	1748.99916	111.46051
S2_26	11	0	417.76278	16.49776	526.79883	98.18182
S2_26	11	1	541.28332	62.77198	618.13160	127.95827
S2_26	12	0	1015.07628	405.89866	485.56412	421.78689
S2_26	12	1	634.86085	61.56483	64.37552	119.91058
S2_26	13	0	1579.67812	236.59165	1870.10897	201.83458
S2_26	13	1	1540.65046	226.93443	1811.36630	197.40835
S2_26	14	0	1340.26739	481.53949	1030.19698	482.60358
S2_26	14	1	1237.66890	436.07004	867.64878	440.35320
S2_26	15	0	1630.86924	630.81073	1345.38474	638.23696
S2_26	15	1	1464.69992	566.42921	1147.43001	575.46498
S2_26	16	0	1059.21291	304.77496	668.48617	318.71535
S2_26	16	1	1216.12825	368.75410	831.83906	371.42772
S2_26	17	0	1766.30344	707.23696	1422.41995	723.79881
S2_26	17	1	1563.11819	636.81967	1233.71920	647.74814
S2_26	18	0	1623.17016	304.43219	1216.43168	278.97019
S2_26	18	1	1435.67645	240.85544	1060.32104	225.85544
S2_26	19	0	1086.24811	346.50373	785.49036	357.16542
S2_26	19	1	950.65717	284.93890	700.99749	307.26975
S2_26	20	0	266.85750	153.75112	402.21291	233.24888
S2_26	20	1	79.76614	180.71088	242.07879	267.45156
S2_26	21	0	229.85331	178.26528	487.59179	259.34873
S2_26	21	1	193.23973	228.96572	455.40402	302.40387
S2_26	22	0	600.30176	935.14158	1.60939	908.62742
S2_26	22	1	969.75189	434.20119	684.91199	448.05365
S2_26	23	0	375.61106	290.27273	305.72758	341.89419
S2_26	23	1	573.16345	154.66915	456.20536	210.31446
S2_26	24	0	1468.08718	490.38897	1238.52137	489.91058
S2_26	24	1	1723.97988	485.96274	1475.90612	478.24143
S2_26	25	0	1426.24308	476.30551	1174.14585	476.22951
S2_26	25	1	1615.74853	432.44560	1283.98659	417.48137
S2_26	26	0	1204.30260	385.79881	954.38474	393.00596
S2_26	26	1	1154.38474	132.38450	848.75189	146.99404
S2_26	27	0	1351.76362	398.04173	1067.46270	395.22951
S2_26	27	1	1610.51383	229.93443	1256.01760	201.32489
S2_26	28	0	1512.20872	206.02981	1475.46270	183.73920
S2_26	28	1	1659.46773	185.10581	1594.55742	144.30551
S2_26	29	0	1841.54233	385.59165	1522.78709	361.40835
S2_26	29	1	1652.43923	284.99553	1377.94216	254.37407
S2_26	30	0	648.10729	367.12966	522.17770	397.55589
S2_26	30	1	539.87594	463.29955	391.81727	490.50671
S2_26	31	0	1575.41995	389.32489	1532.19698	381.87034
S2_26	31	1	1689.28416	424.33234	1711.64376	414.86587
S2_26	32	0	976.81056	206.78689	637.34954	228.86289
S2_26	32	1	873.00503	131.13860	445.02766	164.07899
S2_26	33	0	1085.04191	168.15797	835.70662	181.38152
S2_26	33	1	915.14250	65.99106	651.48198	97.77943
S2_26	34	0	1421.04443	401.88525	1144.86924	398.46796
S2_26	34	1	1415.00922	228.85991	1048.18944	218.67511
S2_26	35	0	1382.08801	461.30104	1148.49036	466.94635
S2_26	35	1	1481.44342	339.89866	1212.81056	333.66319
S2_26	36	0	1223.56832	416.57973	905.81475	422.59911
S2_26	36	1	1183.09975	199.41282	780.33780	210.36066
S2_26	37	0	1534.03688	476.83458	1252.10394	476.42325
S2_26	37	1	1725.55407	451.48435	1373.85750	435.18927
S2_26	38	0	1333.54904	441.12966	1059.58005	445.24888
S2_26	38	1	1299.56832	299.30849	943.22464	295.81073
S2_26	39	0	949.82230	234.98212	766.58005	255.55142
S2_26	39	1	865.84158	96.16990	678.46605	135.23845
S2_26	40	0	1296.00587	430.62742	1067.38474	436.20119
S2_26	40	1	1289.67393	227.11773	1057.39648	226.42027
S2_26	41	0	1360.92372	449.33979	1125.81056	452.20119
S2_26	41	1	1403.97485	282.75261	1116.49790	262.58420
S2_26	42	0	1693.07628	367.82712	1894.65214	342.45604
S2_26	42	1	1614.21626	317.12668	1814.58508	296.18182
S2_26	43	0	1495.68148	144.20119	1757.45180	101.80328
S2_26	43	1	1384.63370	121.26528	1606.57167	96.57228
S2_26	44	0	517.30260	32.59314	684.25985	100.59613
S2_26	44	1	379.69992	15.69300	563.15339	100.59613
S2_26	45	0	1433.18525	123.53204	1874.93713	80.07452
S2_26	46	0	1584.67393	593.61997	1440.86924	607.83905
S2_26	46	1	1646.23303	705.48286	1505.24476	725.73770
S2_26	47	0	848.18525	587.79434	512.69321	597.15350
S2_26	47	1	1094.81894	444.73920	759.21710	453.23696
S2_26	48	0	870.27913	301.12966	770.56077	335.44411
S2_26	48	1	711.75440	192.48584	591.11400	244.90760
S2_26	49	0	1537.39648	441.06259	1248.88433	434.69151
S2_26	49	1	1769.55071	496.18927	1526.90612	483.78241
S2_26	50	0	1292.33864	572.99553	565.98659	566.58718
S2_26	50	1	1009.22464	313.24888	245.93127	324.37258
S30_250	0	0	1352.59304	722.53846	512.25450	724.57692
S30_250	0	1	1409.06363	721.96154	571.03001	721.11538
S30_250	1	0	1610.56423	605.15385	1154.83553	589.00000
S30_250	1	1	1892.91717	552.07692	1348.44898	519.19231
S30_250	2	0	1854.88595	401.00000	1649.16447	335.00000
S30_250	2	1	1710.82833	466.19231	1508.56423	422.11538
S30_250	3	0	1234.28571	679.84615	1152.08163	677.07692
S30_250	3	1	1101.75270	667.73077	1021.85354	667.84615
S30_250	4	0	1109.18487	636.53846	1125.84394	637.84615
S30_250	4	1	1007.76831	631.92308	1036.52821	633.23077
S30_250	5	0	1346.86435	648.11538	1552.56182	638.61538
S30_250	5	1	1387.77671	623.30769	1595.77911	610.34615
S30_250	6	0	1281.52341	656.57692	1564.59304	646.73077
S30_250	7	0	1255.09964	630.46154	1345.14886	616.53846
S30_250	7	1	1133.51501	663.34615	1208.00600	648.26923
S30_250	8	0	1531.14886	598.80769	1718.89556	572.11538
S30_250	8	1	1447.01921	626.50000	1609.98800	600.38462
S30_250	9	0	1598.96999	788.34615	1701.03241	785.50000
S30_250	9	1	1747.06122	807.96154	1884.84994	810.30769
S30_250	10	0	667.48980	615.42308	826.89556	629.03846
S30_250	10	1	574.14046	605.03846	743.91837	622.11538
S30_250	11	0	1227.25690	841.57692	1090.09364	841.65385
S30_250	11	1	1565.28812	816.00000	1435.25570	815.11538
S30_250	12	0	1335.33013	872.61538	1139.84994	880.57692
S30_250	12	1	1058.73950	887.03846	809.09364	890.38462
S30_250	13	0	1123.06002	634.61538	1125.58463	634.23077
S30_250	13	1	1292.47179	646.15385	1293.26771	637.69231
S30_250	14	0	9.21969	318.34615	63.38535	399.19231
S30_250	14	1	220.12005	310.26923	176.90276	379.00000
S30_250	15	0	1284.64706	968.07692	1048.66747	974.42308
S30_250	15	1	1526.08764	983.65385	1292.41297	994.03846
S30_250	16	0	387.93637	797.73077	257.41657	805.69231
S30_250	16	1	569.44898	764.26923	436.62425	773.38462
S30_250	17	0	181.75030	734.53846	1.15246	752.80769
S30_250	17	1	341.94238	711.46154	193.03721	730.88462
S30_250	18	0	1666.08163	647.76923	1828.95558	626.50000
S30_250	18	1	1572.73229	642.00000	1725.81032	620.15385
S30_250	19	0	1578.60624	748.11538	1709.63986	742.11538
S30_250	19	1	1467.96999	730.23077	1595.54622	724.23077
S30_250	20	0	551.70948	518.53846	738.70948	539.07692
S30_250	20	1	472.76591	529.50000	676.47659	555.23077
S30_250	21	0	312.01441	475.19231	508.23649	514.15385
S30_250	21	1	223.85114	480.96154	424.68307	523.96154
S30_250	22	0	953.93517	931.73077	811.31693	935.11538
S30_250	22	1	729.78151	855.00000	608.48379	858.38462
S30_250	23	0	1163.78992	553.38462	1193.42017	546.76923
S30_250	23	1	1045.66267	576.46154	1067.80192	575.61538
S30_250	24	0	626.13806	634.03846	701.46339	649.38462
S30_250	24	1	786.90636	606.34615	852.43577	617.07692
S30_250	25	0	1701.79232	649.80769	1895.22209	627.92308
S30_250	25	1	1535.83794	648.07692	1688.35534	630.80769
S30_250	26	0	1653.75870	750.53846	1910.78031	745.73077
S30_250	26	1	1490.10924	682.46154	1698.15126	669.57692
S30_251	0	0	1334.20288	704.38462	496.20528	667.30769
S30_251	0	1	1397.58824	708.42308	557.86194	673.07692
S30_251	1	0	673.47419	787.03846	726.29052	804.80769
S30_251	1	1	733.97839	819.34615	780.45618	835.38462
S30_251	2	0	532.64226	98.65385	433.30372	150.38462
S30_251	2	1	453.12245	97.50000	326.70108	149.23077
S30_251	3	0	1017.84634	341.65385	1150.69388	369.26923
S30_251	3	1	953.30852	364.15385	1086.15606	393.50000
S30_251	4	0	1198.23649	417.07692	1278.18727	435.88462
S30_251	4	1	1138.88475	445.34615	1211.34454	467.61538
S30_251	5	0	894.26771	510.11538	1002.77671	539.34615
S30_251	5	1	833.18727	505.50000	935.35774	535.88462
S30_251	6	0	838.05042	633.34615	963.74310	664.30769
S30_251	6	1	774.08884	643.73077	899.78151	675.26923
S30_251	7	0	885.79472	686.53846	1041.82833	722.53846
S30_251	7	1	825.86675	686.53846	981.90036	718.50000
S30_251	8	0	819.57743	700.92308	953.15126	732.92308
S30_251	8	1	771.17407	685.34615	909.35774	718.50000
S30_251	9	0	1675.60864	76.15385	1905.59424	27.11538
S30_251	9	1	1601.85114	100.38462	1813.97359	66.92308
S30_251	10	0	1484.82113	715.00000	1694.18247	770.07692
S30_251	10	1	1435.26531	710.96154	1624.45858	764.30769
S30_251	11	0	537.52341	1007.88462	488.11765	995.19231
S30_251	11	1	463.18968	978.46154	413.20768	960.00000
S30_251	12	0	1713.13325	696.30769	1510.22809	717.38462
S30_251	12	1	1905.59424	617.26923	1714.21369	629.69231
S30_251	13	0	1132.24370	823.88462	1092.46098	851.50000
S30_251	13	1	1248.06603	829.07692	1180.62425	861.30769
S30_251	14	0	1200.81513	775.42308	1208.85954	812.26923
S30_251	14	1	1321.24730	797.92308	1300.48019	836.50000
S30_251	15	0	367.61345	356.26923	672.12245	412.19231
S30_251	15	1	489.19808	362.61538	775.26771	413.34615
S30_251	16	0	48.40336	320.76923	433.32533	392.30769
S30_251	17	0	1374.75750	668.03846	1517.72149	707.80769
S30_251	17	1	1683.61705	722.84615	1903.28932	782.80769
S30_251	18	0	1407.77671	827.23077	1623.35294	899.03846
S30_251	18	1	1308.66507	826.65385	1501.76831	890.38462
S30_251	19	0	1365.48980	868.73077	1533.81032	935.46154
S30_251	19	1	1257.73469	870.46154	1398.97239	932.00000
S30_251	20	0	733.75630	999.23077	496.62665	985.96154
S30_251	20	1	513.63625	1045.96154	281.11645	1017.11538
S30_251	21	0	1421.68547	405.38462	1167.90516	401.19231
S30_251	21	1	1621.06122	427.30769	1400.12605	419.65385
S30_251	22	0	1507.47179	684.80769	1523.09484	722.61538
S30_251	22	1	1321.34934	631.15385	1320.26170	662.03846
S30_251	23	0	367.26771	592.73077	267.50780	599.73077
S30_251	23	1	156.94358	558.69231	6.91477	558.15385
S30_251	24	0	294.22329	621.61538	319.25930	632.03846
S30_251	24	1	463.63505	645.26923	485.21369	658.00000
S30_251	25	0	1136.50060	610.88462	1198.59304	644.15385
S30_251	25	1	1006.84874	530.69231	1057.99280	560.50000
S30_251	26	0	1283.88475	763.76923	1074.31092	782.57692
S30_251	26	1	1563.35654	716.46154	1386.62785	743.34615
S30_251	27	0	697.02401	966.92308	648.27731	973.26923
S30_251	27	1	886.02761	987.11538	818.26531	1004.42308
S30_253a	0	0	1276.64226	730.15385	497.70108	740.76923
S30_253a	0	1	1336.77911	732.80769	558.20528	743.07692
S30_253a	1	0	361.84874	266.53846	480.42737	322.73077
S30_253a	1	1	443.09724	294.23077	550.15126	339.46154
S30_253a	2	0	901.37335	951.23077	1162.35534	965.76923
S30_253a	3	0	737.70708	928.84615	548.09484	929.42308
S30_253a	3	1	355.29052	979.03846	161.92077	961.73077
S30_253a	4	0	508.61345	484.96154	411.56423	518.65385
S30_253a	4	1	632.50300	438.23077	549.85954	470.76923
S30_253a	5	0	918.09364	650.07692	331.87395	664.46154
S30_253a	5	1	1126.11285	613.15385	599.24490	624.65385
S30_253a	6	0	1501.92917	216.53846	1428.06603	171.46154
S30_253a	6	1	1389.56423	237.88462	1339.32653	207.23077
S30_253a	7	0	1156.73709	653.11538	892.90276	659.88462
S30_253a	7	1	1300.79472	636.38462	1020.82593	642.00000
S30_253a	8	0	1192.62065	326.42308	221.66747	357.50000
S30_253a	8	1	1433.93397	227.76923	566.67827	235.11538
S30_253a	9	0	1759.28091	544.84615	1892.34094	520.00000
S30_253a	9	1	1585.25930	586.38462	1676.25450	575.38462
S30_253a	10	0	1676.23409	678.80769	1772.48499	674.46154
S30_253a	10	1	1542.54862	769.96154	1618.05522	778.88462
S30_253a	11	0	1555.80192	615.34615	1604.80192	604.07692
S30_253a	11	1	1454.38535	688.61538	1500.50420	690.03846
S30_253a	12	0	649.28571	724.84615	690.85954	733.84615
S30_253a	12	1	496.00840	699.46154	559.47899	715.38462
S30_253a	13	0	674.98079	865.84615	716.33493	869.34615
S30_253a	13	1	544.17647	869.88462	594.17407	872.23077
S30_253a	14	0	679.01441	921.80769	724.97839	924.73077
S30_253a	14	1	543.60024	929.88462	597.05522	924.73077
S30_253a	15	0	797.71789	963.34615	833.30972	970.30769
S30_253a	15	1	670.37095	969.69231	712.30132	968.57692
S30_253a	16	0	964.41777	721.76923	1025.11765	731.00000
S30_253a	16	1	854.93397	771.96154	920.81993	784.65385
S30_253a	17	0	1172.60384	646.15385	1221.30132	650.76923
S30_253a	17	1	1060.23890	680.19231	1107.20768	688.84615
S30_253a	18	0	1040.07083	711.92308	1111.24130	720.00000
S30_253a	18	1	954.21248	772.50000	1025.95918	781.15385
S30_253a	19	0	1273.44418	640.96154	1310.04082	640.38462
S30_253a	19	1	1143.79232	700.96154	1178.08403	707.30769
S30_253a	20	0	1429.86435	644.65385	1466.23169	640.57692
S30_253a	20	1	1314.61825	708.69231	1350.98559	715.00000
S30_253a	21	0	1377.42737	639.46154	1425.89556	639.42308
S30_253a	21	1	1268.51981	687.34615	1317.56423	691.34615
S30_253a	22	0	1662.70708	590.42308	1712.55702	572.00000
S30_253a	22	1	1544.00360	679.84615	1593.27731	677.00000
S30_253a	23	0	1470.12845	917.30769	1554.25450	943.61538
S30_253a	23	1	1369.28812	998.07692	1440.73709	1027.84615
S30_253a	24	0	1584.22209	902.88462	1653.36615	936.11538
S30_253a	24	1	1441.31693	956.53846	1502.96999	986.88462
S30_253a	25	0	1277.72029	821.96154	1330.47419	833.26923
S30_253a	25	1	1179.18487	872.73077	1236.54862	890.38462
S30_253a	26	0	610.60624	556.34615	624.79232	578.03846
S30_253a	26	1	443.49940	522.88462	458.26170	550.92308
S30_253a	27	0	1457.73469	936.88462	1237.12485	964.84615
S30_253a	27	1	1625.91597	791.34615	1414.78992	806.30769
S30_253a	28	0	1516.06242	414.57692	915.93878	403.03846
S30_253a	28	1	1823.19328	235.15385	1168.20288	197.03846
S30_253a	29	0	462.92077	501.65385	383.59784	534.26923
S30_253a	29	1	620.80792	443.38462	541.48499	473.11538
S30_253a	30	0	1484.76591	599.76923	1170.71429	598.38462
S30_253a	30	1	1614.41777	422.07692	1366.63265	400.50000
S30_253a	31	0	805.72509	732.03846	452.97839	743.69231
S30_253a	31	1	597.70588	832.42308	249.56903	825.03846
S30_253a	32	0	1189.92317	872.65385	855.75270	891.11538
S30_253a	32	1	1437.70228	729.57692	1108.03001	740.07692
S30_253a	33	0	1163.50540	491.42308	937.55702	500.96154
S30_253a	33	1	916.87875	395.65385	744.51981	415.57692
S30_253a	34	0	680.98079	930.96154	584.33493	931.00000
S30_253a	34	1	584.75030	831.73077	495.01921	838.69231
S30_253a	35	0	762.99640	836.15385	664.01200	844.34615
S30_253a	35	1	652.93637	702.88462	571.81513	718.00000
S30_253a	36	0	90.46819	627.73077	44.94598	652.88462
S30_253a	36	1	227.03481	617.34615	195.91837	641.92308
S30_253a	37	0	807.58824	706.03846	642.38655	717.46154
S30_253a	37	1	683.12245	606.23077	546.15606	625.73077
S30_253a	38	0	872.58824	775.34615	774.20288	786.15385
S30_253a	38	1	804.01681	629.38462	709.94958	643.73077
S30_253a	39	0	1212.46098	562.84615	1200.83553	565.57692
S30_253a	39	1	1292.55702	538.03846	1299.37095	535.57692
S30_253a	40	0	1432.01441	256.42308	1425.54142	220.00000
S30_253a	40	1	1311.58223	323.92308	1308.56663	303.07692
S30_253a	41	0	1163.30852	802.92308	974.70108	816.15385
S30_253a	41	1	1303.90876	675.42308	1132.01200	684.03846
S30_D6	0	0	1273.09964	696.69231	494.44298	704.30769
S30_D6	0	1	1331.87515	698.42308	554.94718	704.30769
S30_D6	1	0	351.20768	379.30769	375.27491	431.92308
S30_D6	1	1	490.07923	370.65385	497.43577	415.19231
S30_D6	2	0	1892.91717	507.88462	1818.00720	467.30769
S30_D6	2	1	1717.16687	451.92308	1622.66507	415.38462
S30_D6	3	0	1713.33253	678.00000	1716.01441	675.69231
S30_D6	3	1	1572.73229	646.26923	1569.07563	641.65385
S30_D6	4	0	726.20528	548.19231	683.96759	565.26923
S30_D6	4	1	817.82593	618.00000	783.07923	631.03846
S30_D6	5	0	1117.01441	869.92308	1094.06603	889.15385
S30_D6	5	1	1055.93397	773.57692	1043.35774	784.73077
S30_D6	6	0	1161.21609	843.88462	1252.79472	862.38462
S30_D6	6	1	1080.54382	793.69231	1165.20768	805.84615
S30_D6	7	0	161.34454	280.84615	265.90276	358.07692
S30_D6	7	1	248.35534	282.57692	353.48980	353.46154
S30_D6	8	0	349.47659	290.00000	404.66267	350.03846
S30_D6	8	1	473.36615	310.76923	518.75630	361.57692
S30_D6	9	0	376.78391	433.03846	445.56182	473.88462
S30_D6	9	1	493.75870	435.92308	540.63986	472.15385
S30_D6	10	0	426.91597	486.69231	457.08643	522.34615
S30_D6	10	1	561.75390	512.65385	575.78992	540.80769
S30_D6	11	0	1243.59064	976.73077	1262.09964	1004.42308
S30_D6	11	1	1160.03721	893.65385	1179.69868	914.42308
S30_D6	12	0	1380.15126	867.00000	1397.74550	888.57692
S30_D6	12	1	1286.22569	800.07692	1291.71909	813.57692
S30_D6	13	0	730.57263	657.46154	780.77671	676.50000
S30_D6	13	1	591.12485	580.15385	670.14046	603.23077
S30_D6	14	0	622.52101	584.73077	765.92917	604.15385
S30_D6	14	1	559.71188	557.61538	707.15366	579.92308
S30_D6	15	0	365.33013	480.76923	296.18247	522.50000
S30_D6	15	1	63.38535	334.80769	41.48860	411.73077
S30_D6	16	0	568.77671	506.65385	877.62665	528.00000
S30_D6	16	1	512.30612	515.88462	829.22329	540.11538
S30_D6	17	0	677.33493	700.76923	493.35054	714.15385
S30_D6	17	1	538.46339	595.19231	337.19208	618.96154
S30_D6	18	0	1085.96279	765.38462	963.03241	776.42308
S30_D6	18	1	956.88715	653.46154	852.97239	663.92308
S30_D6	19	0	183.81753	607.11538	208.59544	639.65385
S30_D6	19	1	14.98199	636.53846	14.98199	665.03846
S30_D6	20	0	97.38295	107.88462	40.91236	218.50000
S30_D6	20	1	346.89076	95.19231	298.48739	182.73077
S30_D6	21	0	284.55102	659.96154	262.42977	681.34615
S30_D6	21	1	521.95798	704.96154	476.78752	715.96154
S30_D6	22	0	845.11525	660.23077	886.05042	672.96154
S30_D6	22	1	745.42737	566.19231	775.99040	584.69231
S30_D6	23	0	687.52341	790.50000	526.76110	798.19231
S30_D6	23	1	504.28812	519.53846	361.00120	549.84615
S30_D6	24	0	602.23409	145.38462	624.94958	195.88462
S30_D6	24	1	501.96999	20.76923	510.85594	95.50000
S30_D6	25	0	668.21609	412.84615	669.12005	442.73077
S30_D6	25	1	540.29292	249.57692	509.47419	300.88462
S30_D6	26	0	647.96279	569.38462	758.69388	587.92308
S30_D6	26	1	541.93637	481.69231	671.10684	510.03846
S30_D6	27	0	957.17167	113.84615	635.13806	138.00000
S30_D6	27	1	1049.94478	280.00000	837.97119	286.84615
S30_D6	28	0	1301.37815	916.46154	1521.27731	942.69231
S30_D6	28	1	1419.50540	967.23077	1653.81032	1010.19231
S30_D6	29	0	1445.18247	515.15385	1734.85954	495.88462
S30_D6	29	1	1343.18968	432.07692	1598.29292	407.61538
S30_D6	30	0	321.49220	140.80769	662.69628	208.65385
S30_D6	31	0	1463.86194	627.65385	1813.97359	620.61538
S30_D6	31	1	1374.54622	571.69231	1690.08403	561.76923
S30_D6	32	0	1203.75870	359.46154	1418.06363	341.19231
S30_D6	32	1	1100.61345	274.65385	1302.24130	261.00000
S30_D6	33	0	850.65786	412.53846	1093.31933	424.34615
S30_D6	33	1	769.98559	339.84615	1010.91837	353.38462
S31_254	0	0	1355.21849	714.80769	519.95198	722.57692
S31_254	0	1	1415.72269	717.69231	580.45618	723.73077
S31_254	1	0	1699.52341	480.11538	1888.88355	435.50000
S31_254	1	1	1560.65186	470.30769	1732.72509	436.07692
S31_254	2	0	1698.65786	464.73077	1536.44058	432.53846
S31_254	2	1	1437.04922	436.46154	1294.74790	414.73077
S31_254	3	0	1594.37095	636.92308	1588.53661	627.11538
S31_254	3	1	1463.56663	662.88462	1441.59784	661.15385
S31_254	4	0	1074.38896	614.11538	1074.74550	622.50000
S31_254	4	1	1025.98559	618.15385	1015.39376	628.26923
S31_254	5	0	558.05882	635.23077	436.41537	659.34615
S31_254	5	1	265.33373	540.61538	137.35174	579.15385
S31_254	6	0	709.91597	560.76923	887.42257	574.73077
S31_254	7	0	1590.71669	666.26923	1473.59544	660.30769
S31_254	7	1	1821.20888	619.53846	1667.78511	602.03846
S31_254	8	0	495.96279	679.26923	352.15126	698.07692
S31_254	8	1	362.27731	642.34615	182.16327	674.42308
S31_254	9	0	422.55222	547.88462	359.48739	586.92308
S31_254	9	1	197.24610	535.76923	135.33373	581.73077
S31_254	10	0	736.72509	540.30769	490.91116	565.23077
S31_254	10	1	559.24610	568.00000	303.06002	594.65385
S31_254	11	0	799.46939	499.00000	527.70468	524.92308
S31_254	11	1	620.26170	489.19231	345.61585	527.23077
S31_254	12	0	555.65546	591.00000	304.84394	617.80769
S31_254	12	1	345.33133	516.57692	78.96158	564.15385
S31_254	13	0	72.02881	176.65385	148.58463	278.19231
S31_254	13	1	356.11044	256.84615	415.95558	322.03846
S31_254	14	0	508.75030	493.50000	226.10684	535.03846
S31_254	14	1	678.16206	528.11538	417.99160	559.26923
S31_254	15	0	923.00720	709.88462	330.14646	724.07692
S31_254	15	1	638.34934	660.84615	25.89676	687.15385
S31_254	16	0	858.62665	527.53846	468.92917	548.76923
S31_254	16	1	713.41657	614.65385	258.60504	643.38462
S31_254	17	0	1663.23649	321.26923	479.09484	317.84615
S31_254	17	1	1296.03481	477.92308	53.58944	493.65385
S31_254	18	0	794.72509	630.61538	466.72509	649.88462
S31_254	18	1	584.97719	658.88462	248.33373	684.50000
S31_254	19	0	1184.89796	433.19231	1054.88235	431.73077
S31_254	19	1	1436.18247	380.76923	1285.37095	355.42308
S31_254	20	0	529.42977	529.53846	509.77911	560.30769
S31_254	20	1	691.35054	575.11538	647.49820	599.53846
S31_254	21	0	1151.27611	327.73077	386.65546	350.30769
S31_254	21	1	807.26651	311.00000	79.52461	358.38462
S31_255	0	0	1315.05042	735.34615	509.54382	681.53846
S31_255	0	1	1370.36855	734.76923	569.47179	683.26923
S31_255	1	0	1251.06242	538.38462	708.31573	498.80769
S31_255	1	1	1686.23649	411.69231	1129.69388	332.92308
S31_255	2	0	1184.30852	981.92308	1177.22569	974.42308
S31_255	2	1	1336.43337	998.65385	1371.99160	1000.38462
S31_255	3	0	350.23169	825.88462	642.79952	828.34615
S31_255	4	0	1431.30132	1062.11538	1435.16447	1069.03846
S31_255	4	1	1346.01921	1052.88462	1341.23890	1054.61538
S31_255	5	0	798.52821	654.80769	670.17647	644.07692
S31_255	5	1	946.04322	661.15385	823.45378	647.53846
S31_255	6	0	1007.37575	552.92308	554.99040	524.53846
S31_255	6	1	1245.93517	537.34615	772.80552	501.46154
S31_255	7	0	176.32653	611.65385	65.11405	620.00000
S31_255	7	1	338.24730	624.92308	263.91357	627.50000
S31_255	8	0	315.71429	638.53846	289.03721	641.23077
S31_255	8	1	422.89316	647.76923	419.26531	652.19231
S31_255	9	0	176.32653	695.50000	152.70108	693.96154
S31_255	9	1	284.65786	686.26923	281.20048	688.76923
S31_255	10	0	179.20768	628.88462	86.43457	635.03846
S31_255	10	1	281.77671	647.34615	235.10204	651.76923
S31_255	11	0	1318.69148	572.53846	1183.89556	536.53846
S31_255	11	1	1170.02401	588.69231	1066.34454	562.50000
S31_255	12	0	910.31453	607.03846	566.46939	584.84615
S31_255	12	1	709.78631	525.11538	409.73469	515.61538
S31_255	13	0	1118.32893	885.61538	602.72149	845.61538
S31_255	13	1	1318.85714	950.23077	894.29412	917.73077
S31_255	14	0	472.97599	572.03846	227.61104	572.57692
S31_255	14	1	229.91597	350.46154	27.65906	387.42308
S31_255	15	0	658.86915	1076.53846	533.94118	1053.46154
S31_255	15	1	919.32533	1065.57692	786.90636	1042.50000
S31_255	16	0	1480.43818	1036.73077	1637.54142	1055.76923
S31_255	16	1	1398.03721	1010.19231	1570.12245	1025.76923
S31_255	17	0	140.02401	715.42308	282.71188	718.07692
S31_255	17	1	62.80912	632.92308	199.73469	648.84615
S31_255	18	0	311.51981	925.38462	374.74550	900.88462
S31_255	18	1	657.25810	996.34615	653.65066	973.26923
S31_255	19	0	1415.77911	917.00000	1257.77671	902.73077
S31_255	19	1	1343.75030	862.19231	1139.07323	835.23077
S31_255	20	0	1176.28091	979.03846	1239.43577	975.03846
S31_255	20	1	1053.54382	927.69231	1101.14046	919.65385
S31_255	21	0	708.15966	169.61538	269.09964	181.03846
S31_255	21	1	539.90036	2.88462	17.28691	39.11538
S31_255	22	0	1259.81032	539.23077	1056.73830	504.69231
S31_255	22	1	1098.46579	478.65385	895.96999	451.03846
S31_255	23	0	1079.19808	530.88462	515.16206	495.34615
S31_255	23	1	885.58463	355.50000	280.06002	337.26923
S31_255	24	0	1178.23169	606.03846	908.08163	573.69231
S31_255	24	1	999.60024	552.96154	740.39856	528.69231
S31_255	25	0	1293.01921	1011.34615	1064.31813	992.30769
S31_255	25	1	1507.95318	1029.23077	1312.67347	1022.88462
S31_255	26	0	585.61945	635.65385	379.60384	625.26923
S31_255	26	1	261.77791	676.03846	120.87635	672.00000
S31_256	0	0	1291.21849	725.07692	506.05042	716.92308
S31_256	0	1	1348.26531	723.34615	565.97839	719.23077
S31_256	1	0	1414.25690	433.00000	1679.71188	443.88462
S31_256	1	1	1513.94478	449.73077	1795.53421	458.30769
S31_256	2	0	739.77671	314.69231	693.20048	346.03846
S31_256	2	1	617.61585	274.88462	576.80192	317.19231
S31_256	3	0	937.74070	1065.00000	480.59064	1055.76923
S31_256	3	1	776.97239	1054.61538	311.75510	1032.11538
S31_256	4	0	409.71429	787.34615	332.98800	781.76923
S31_256	4	1	499.03001	723.88462	458.60624	729.84615
S31_256	5	0	295.04802	474.11538	611.08403	514.34615
S31_256	6	0	840.03001	486.65385	701.52341	508.38462
S31_256	6	1	650.45018	546.07692	560.92317	567.23077
S31_256	7	0	1143.52101	480.03846	1087.06603	495.38462
S31_256	7	1	1010.41176	457.53846	967.21008	474.61538
S31_256	8	0	1030.85474	161.34615	1092.63505	182.34615
S31_256	8	1	769.82233	82.30769	832.17887	124.07692
S31_256	9	0	1360.51261	551.50000	1381.51261	569.46154
S31_256	9	1	1498.23169	536.50000	1548.04322	547.53846
S31_256	10	0	617.52101	465.34615	756.28812	497.69231
S31_256	10	1	460.21008	472.26923	618.56903	505.19231
S31_256	11	0	1061.90516	504.46154	798.22809	517.50000
S31_256	11	1	1287.78752	410.42308	1031.60144	414.23077
S31_256	12	0	387.68067	552.69231	418.22329	575.61538
S31_256	12	1	602.03842	490.38462	609.53181	518.50000
S31_256	13	0	951.97239	661.92308	832.32653	679.38462
S31_256	13	1	1170.36375	545.38462	1055.90396	559.38462
S31_256	14	0	1277.45378	614.03846	1014.04562	629.03846
S31_256	14	1	1056.75750	619.80769	823.88956	631.92308
S31_256	15	0	754.53902	491.30769	778.37095	516.30769
S31_256	15	1	641.02161	475.73077	657.36255	503.61538
S31_256	16	0	273.15846	806.15385	210.00600	797.76923
S31_256	16	1	393.59064	680.96154	335.62425	684.69231
S31_256	17	0	570.91837	391.96154	543.59304	425.65385
S31_256	17	1	667.72509	340.03846	658.83914	374.30769
S31_256	18	0	653.62425	332.61538	522.99640	366.07692
S31_256	18	1	503.22809	299.73077	328.80672	341.84615
S31_256	19	0	373.04322	686.26923	358.99640	693.15385
S31_256	19	1	139.66987	716.26923	181.51741	712.76923
S31_256	20	0	1884.27371	197.53846	881.51861	157.15385
S31_256	20	1	1239.76351	203.92308	404.83313	206.92308
S31_256	21	0	322.90036	386.50000	206.69868	425.61538
S31_256	21	1	594.20288	188.11538	445.91597	236.50000
S31_256	22	0	266.75990	297.96154	13.25330	345.92308
S31_256	22	1	569.85714	263.92308	318.07923	307.84615
S31_256	23	0	236.92077	338.96154	133.94598	386.53846
S31_256	23	1	439.75390	330.88462	348.30372	373.26923
S31_256	24	0	432.17167	51.34615	205.36014	122.88462
S31_256	24	1	679.37455	70.38462	456.02041	124.61538
S31_256	25	0	409.56663	204.46154	257.51501	262.23077
S31_256	25	1	638.90636	229.26923	486.85474	274.34615
S31_256	26	0	161.92077	398.61538	124.82473	440.42308
S31_256	26	1	311.74070	406.69231	293.66026	446.76923
S31_256	27	0	568.47899	442.73077	599.85114	475.80769
S31_256	27	1	720.60384	395.42308	727.77431	427.92308
S31_256	28	0	589.22329	474.46154	640.18727	506.38462
S31_256	28	1	735.00960	428.30769	780.78752	457.34615
S31_256	29	0	875.77671	280.19231	919.48499	308.84615
S31_256	29	1	727.68547	284.23077	766.20768	316.92308
S31_256	30	0	339.97599	504.76923	404.11285	531.57692
S31_256	30	1	127.92317	550.34615	217.41417	577.73077
S31_256	31	0	145.21008	334.53846	147.51501	388.19231
S31_256	31	1	391.83673	335.11538	358.99160	381.26923
S31_256	32	0	1010.72509	397.19231	992.81032	419.03846
S31_256	32	1	897.20768	408.73077	891.39376	431.73077
S31_256	33	0	1120.60864	591.57692	1107.31933	615.61538
S31_256	33	1	1007.66747	597.92308	1002.44538	619.07692
S31_256	34	0	1132.34214	852.73077	924.95198	868.23077
S31_256	34	1	1300.02521	893.11538	1066.12845	923.61538
S31_256	35	0	739.35054	518.38462	510.40456	536.92308
S31_256	35	1	570.51501	515.50000	400.92077	536.34615
S31_256	36	0	521.65786	634.26923	486.30132	647.88462
S31_256	36	1	391.42977	655.61538	346.85354	665.19231
S31_256	37	0	894.35294	602.61538	756.43818	617.23077
S31_256	37	1	741.07563	586.46154	618.71909	600.50000
S31_256	38	0	1372.67587	547.46154	1327.35054	563.53846
S31_256	38	1	1254.54862	555.53846	1212.10444	571.61538
S31_256	39	0	44.36975	556.96154	133.10924	581.96154
S31_256	39	1	205.13806	520.61538	236.83073	549.07692
S31_256	40	0	1116.70948	578.88462	1117.99640	601.53846
S31_256	40	1	1011.25930	548.30769	1010.24130	571.53846
S31_256	41	0	843.75390	434.61538	857.70708	458.57692
S31_256	41	1	578.68788	483.07692	583.42137	511.65385
S31_256	42	0	1021.18247	411.73077	1134.23169	432.92308
S31_256	42	1	900.75030	405.38462	1015.52821	432.92308
S31_256	43	0	848.83073	340.76923	883.01200	365.88462
S31_256	43	1	731.27971	294.61538	755.08884	327.80769
S31_257	0	0	1271.83313	699.07692	504.10444	703.07692
S31_257	0	1	1331.18487	701.96154	561.15126	709.42308
S31_257	1	0	543.61345	799.26923	554.32893	804.15385
S31_257	1	1	684.78992	784.26923	704.14886	788.57692
S31_257	2	0	53.01321	695.00000	144.56663	706.34615
S31_257	2	1	360.72029	662.69231	404.44658	675.76923
S31_257	3	0	1560.13806	562.61538	1592.70108	553.00000
S31_257	3	1	1722.05882	489.34615	1789.77191	458.96154
S31_257	4	0	519.81032	641.34615	756.89316	655.96154
S31_257	4	1	407.44538	624.61538	655.47659	645.00000
S31_257	5	0	1663.82353	610.19231	1516.26531	609.00000
S31_257	5	1	1465.02401	531.15385	1332.44778	524.76923
S31_257	6	0	1446.14886	506.15385	1454.79232	490.07692
S31_257	6	1	1326.29292	537.88462	1345.30852	524.69231
S31_257	7	0	1535.25450	323.03846	1826.65066	268.53846
S31_257	7	1	1467.25930	355.92308	1734.45378	309.50000
S31_257	8	0	943.90276	842.19231	977.46098	851.07692
S31_257	8	1	1086.80792	823.15385	1120.36615	836.65385
S31_257	9	0	678.64706	694.30769	670.29772	705.69231
S31_257	9	1	881.48019	685.65385	870.82593	694.73077
S31_257	10	0	947.19328	338.76923	858.53902	350.38462
S31_257	10	1	819.84634	328.38462	737.53061	352.11538
S31_257	11	0	1096.88475	567.80769	1143.10444	574.23077
S31_257	11	1	1190.23409	454.73077	1222.04802	449.03846
S31_257	12	0	951.12485	598.84615	953.25930	610.96154
S31_257	12	1	1084.23409	573.46154	1109.41777	580.96154
S31_257	13	0	735.80192	589.07692	754.81753	604.38462
S31_257	13	1	859.11525	564.26923	894.26531	576.11538
S31_257	14	0	169.41176	10.38462	99.11164	118.61538
S31_257	14	1	369.93998	143.07692	301.94478	215.53846
S31_257	15	0	572.69628	42.11538	606.86675	97.50000
S31_257	15	1	673.53661	106.73077	724.41777	147.69231
S31_257	16	0	573.27251	125.76923	511.21248	177.69231
S31_257	16	1	697.73830	221.53846	663.33733	259.03846
S31_257	17	0	963.44538	366.11538	1011.18968	374.61538
S31_257	17	1	1076.96279	385.73077	1132.19808	386.73077
S31_257	18	0	838.40336	487.26923	872.89436	499.80769
S31_257	18	1	973.81753	453.80769	1008.88475	459.42308
S31_257	19	0	148.09124	278.00000	157.88715	349.46154
S31_257	19	1	319.80792	355.30769	332.48499	406.00000
S31_257	20	0	395.79952	112.42308	357.24130	184.57692
S31_257	20	1	521.41777	198.38462	511.67107	250.34615
S31_257	21	0	550.66507	500.03846	546.63145	523.88462
S31_257	21	1	646.31933	491.38462	666.48739	514.07692
S31_257	22	0	445.59544	306.92308	392.02161	352.38462
S31_257	22	1	576.97599	373.84615	541.26531	406.61538
S31_257	23	0	783.10444	393.73077	752.12245	415.38462
S31_257	23	1	881.06363	424.88462	878.31693	437.88462
S31_257	24	0	1523.96279	440.80769	1716.01441	411.30769
S31_257	24	1	1436.37575	470.80769	1631.88475	445.34615
S31_257	25	0	969.29292	656.50000	1171.63145	665.65385
S31_257	25	1	1072.43818	634.57692	1283.42017	640.26923
S31_257	26	0	1126.32173	364.42308	1355.50780	350.88462
S31_257	27	0	1348.58944	892.50000	1009.56663	906.92308
S31_257	27	1	1764.99400	837.30769	1482.82833	854.96154
S31_257	28	0	240.28812	665.42308	444.81273	679.00000
S31_257	28	1	184.39376	626.76923	395.25690	647.26923
S31_257	29	0	1703.28091	280.07692	1477.48739	225.69231
S31_257	29	1	1432.45258	339.50000	1267.73950	313.96154
S31_257	30	0	1886.57863	206.84615	1637.89316	127.69231
S31_257	30	1	1637.07083	289.34615	1454.65186	237.30769
S31_257	31	0	1912.50900	263.76923	1797.83914	179.19231
S31_257	31	1	1677.98319	324.34615	1603.64946	272.07692
S31_257	32	0	1875.63025	191.73077	1798.99160	93.46154
S31_257	32	1	1654.93397	250.00000	1590.97239	189.23077
S31_257	33	0	1231.73589	347.92308	931.26531	344.23077
S31_257	33	1	966.09364	321.38462	667.35174	337.88462
S31_257	34	0	1083.20288	516.73077	952.32653	524.73077
S31_257	34	1	1284.30732	444.03846	1187.42857	434.73077
S31_257	35	0	1471.29052	603.15385	1563.79472	598.03846
S31_257	35	1	1349.12965	606.61538	1429.53301	604.96154
S31_257	36	0	1217.46699	465.23077	1092.33733	463.26923
S31_257	36	1	1011.17647	492.92308	950.00840	500.76923
S31_257	37	0	910.75630	595.50000	955.23409	604.26923
S31_257	37	1	780.52821	583.96154	838.25930	597.34615
S31_257	38	0	993.65786	756.80769	803.81032	768.42308
S31_257	38	1	825.39856	819.69231	649.95678	822.07692
S31_257	39	0	1012.57503	760.76923	794.31933	766.57692
S31_257	39	1	850.65426	772.30769	644.49940	779.84615
S31_257	40	0	1095.29052	903.73077	957.12245	917.23077
S31_257	40	1	1215.14646	888.73077	1090.80792	904.53846
S31_257	41	0	1028.58824	840.96154	791.72509	847.42308
S31_257	41	1	878.76831	875.57692	607.90756	880.30769
S31_257	42	0	1197.88475	907.26923	1100.68307	923.92308
S31_257	42	1	1317.16447	874.38462	1226.30132	893.34615
S32_258	0	0	1333.77335	732.23881	539.79014	740.05970
S32_258	0	1	1391.94753	734.26866	597.46065	739.29851
S32_258	1	0	636.82267	664.31343	969.39244	678.11940
S32_258	2	0	1655.17943	601.43284	1633.35992	591.80597
S32_258	2	1	1744.07765	555.76119	1755.75236	535.98507
S32_258	3	0	1641.46590	413.80597	1608.44596	379.28358
S32_258	3	1	1601.67576	457.95522	1614.74187	432.56716
S32_258	4	0	1328.54460	597.07463	1259.94334	600.68657
S32_258	4	1	1189.53095	642.74627	1141.32844	647.88060
S32_258	5	0	1469.72298	554.28358	1487.18783	546.65672
S32_258	5	1	1383.09129	576.86567	1431.02833	572.53731
S32_258	6	0	1362.57293	712.64179	1355.90766	723.85075
S32_258	6	1	1450.71563	701.47761	1484.09234	708.37313
S32_258	7	0	1665.37566	760.61194	1790.13851	779.73134
S32_258	7	1	1596.37251	740.82090	1718.11333	755.62687
S32_258	8	0	1524.83526	416.88060	1613.24344	386.61194
S32_258	8	1	1479.75656	473.20896	1550.28437	453.34328
S32_258	9	0	833.78909	844.07463	1023.95803	855.58209
S32_258	9	1	574.97377	907.40299	788.56348	908.76119
S32_258	10	0	940.10913	878.49254	887.60546	890.44776
S32_258	10	1	811.16894	835.35821	806.01049	846.55224
S32_258	11	0	1708.75026	763.62687	1857.55194	780.83582
S32_258	11	1	1579.30640	787.22388	1703.67996	805.19403
S32_258	12	0	1475.46065	859.82090	1415.77335	882.34328
S32_258	12	1	1639.07975	819.29851	1542.37251	839.02985
S32_258	13	0	1585.86464	730.49254	1855.02623	741.34328
S32_258	13	1	1524.92025	729.47761	1799.62225	741.59701
S32_258	14	0	1165.92025	889.25373	1010.75656	904.65672
S32_258	14	1	1398.75971	846.16418	1233.77440	864.10448
S32_258	15	0	1347.46800	876.83582	1036.05981	894.38806
S32_258	15	1	1630.16579	799.01493	1323.03882	813.77612
S32_258	16	0	1297.08080	434.94030	1450.73452	422.02985
S32_258	16	1	1387.74187	382.67164	1553.48374	358.34328
S32_258	17	0	916.73033	182.97015	941.21931	197.85075
S32_258	17	1	788.04197	174.85075	798.67996	200.89552
S32_258	18	0	563.72823	611.68657	614.10703	629.80597
S32_258	18	1	404.31584	617.26866	456.20567	636.65672
S32_258	19	0	573.55299	588.89552	811.50472	606.05970
S32_258	19	1	649.35572	555.65672	885.29276	571.55224
S32_258	20	0	1200.48269	545.07463	718.62434	553.41791
S32_258	20	1	1671.06296	332.22388	1048.22875	308.05970
S32_258	21	0	851.04827	985.58209	775.68416	991.70149
S32_258	21	1	670.30430	1054.11940	602.99895	1046.25373
S32_258	22	0	1598.36831	995.95522	809.81742	1016.56716
S32_258	22	1	1470.93914	1027.16418	916.09234	1050.82090
S32_258	23	0	1379.49423	973.08955	1105.87618	997.01493
S32_258	23	1	1568.11962	914.73134	1287.87723	939.20896
S32_258	24	0	1011.84995	957.73134	768.50052	965.92537
S32_258	24	1	861.24239	1041.94030	634.76600	1042.73134
S32_258	25	0	1135.10283	1009.20896	817.52151	1022.91045
S32_258	25	1	1321.96537	1043.97015	944.44701	1067.56716
S32_258	26	0	995.94544	870.17910	783.96747	880.10448
S32_258	26	1	919.38720	913.05970	650.74607	918.41791
S32_258	27	0	822.30220	929.19403	715.27282	933.16418
S32_258	27	1	707.46485	969.53731	617.30850	968.43284
S32_258	28	0	1076.97482	809.73134	887.42707	822.31343
S32_258	28	1	922.34732	768.37313	758.23505	777.91045
S32_258	29	0	910.07450	936.77612	762.76915	941.56716
S32_258	29	1	873.86884	798.65672	703.14271	807.00000
S32_258	30	0	1267.76180	1009.71642	1128.42707	1031.53731
S32_258	30	1	1174.33054	1043.20896	981.35467	1062.74627
S32_258	31	0	1179.26967	592.13433	1328.92970	594.14925
S32_258	31	1	1301.15845	532.25373	1454.59601	527.67164
S32_258	32	0	876.29276	624.65672	809.65687	638.76119
S32_258	32	1	751.13012	707.88060	739.64638	717.67164
S32_258	33	0	1072.12907	983.10448	551.71354	988.64179
S32_258	33	1	818.84680	964.05970	211.79958	960.97015
S32_258	34	0	1448.97167	918.28358	1313.94229	944.20896
S32_258	34	1	1702.17314	800.62687	1538.43442	817.67164
S32_258	35	0	1339.90766	979.77612	1247.95908	1007.01493
S32_258	35	1	1515.95278	922.10448	1433.57398	952.64179
S32_259	0	0	1300.82230	697.38450	467.29086	707.89866
S32_259	0	1	1354.33445	700.20119	515.17016	709.91058
S32_259	1	0	1525.07544	679.29657	1397.88097	723.51565
S32_259	1	1	1703.31517	680.90611	1520.59681	735.98957
S32_259	2	0	1367.22548	897.99404	1095.83487	941.96721
S32_259	2	1	1540.12406	966.61550	1225.12573	1032.36960
S32_259	3	0	1231.75189	322.83458	1209.18189	331.83458
S32_259	3	1	1397.51886	283.80328	1388.22632	288.37705
S32_259	4	0	1336.87678	668.79881	1279.93965	702.61550
S32_259	4	1	738.28332	782.95827	618.00503	775.79732
S32_259	5	0	1336.93546	668.83458	1280.90025	701.74367
S32_259	5	1	337.17770	717.85842	50.29338	683.82265
S32_259	6	0	947.37301	539.07004	924.39648	548.99404
S32_259	6	1	1073.37301	780.01788	858.44342	793.94635
S32_259	7	0	1859.64795	610.66319	1718.02179	663.55589
S32_259	7	1	1657.26739	603.82265	1542.59849	647.46051
S32_259	8	0	1264.24057	582.69151	1326.59598	608.24143
S32_259	8	1	1174.91953	596.77496	1233.25147	618.30104
S32_259	9	0	300.23554	596.88674	489.02934	582.18927
S32_259	9	1	102.59849	621.50820	337.34451	594.66319
S32_259	10	0	1597.37385	525.33085	1503.15675	557.52012
S32_259	10	1	1743.02096	508.72280	1633.91953	543.73770
S32_259	11	0	833.77033	600.29210	707.21961	604.21013
S32_259	11	1	1004.27242	630.69449	880.88768	641.54694
S32_259	12	0	1040.88600	592.18480	971.72758	606.04620
S32_259	12	1	1209.54401	600.33085	1124.79799	622.12966
S32_259	13	0	1375.75859	618.19672	906.04946	641.25037
S32_259	13	1	1663.81559	742.66766	1098.56915	789.58718
S32_259	14	0	1612.27410	591.57675	1347.27829	627.74963
S32_259	14	1	1789.30176	666.93890	1514.57921	722.80179
S32_259	15	0	453.92288	1010.88525	174.98910	959.46647
S32_259	15	1	703.99916	1007.38301	382.32523	973.62742
S32_259	16	0	1076.78206	997.10283	704.65717	1012.93890
S32_259	16	1	1282.87594	1026.69449	877.99162	1055.27273
S32_259	17	0	1626.26069	714.23696	1531.18441	770.15499
S32_259	17	1	1794.96396	724.66915	1706.50880	795.50671
S32_259	18	0	1011.83906	787.73621	812.40151	797.88525
S32_259	18	1	832.85247	805.49329	643.14920	802.00745
S32_259	19	0	1288.23135	871.83010	861.00671	900.72429
S32_259	19	1	1419.86253	804.73770	1065.95222	844.11475
S32_259	20	0	1342.29589	918.65574	1043.31517	959.87183
S32_259	20	1	1517.05951	881.12966	1237.56915	937.69896
S32_259	21	0	152.48952	727.77496	315.07544	692.87481
S32_259	21	1	279.63118	728.17735	436.58424	700.11773
S32_259	22	0	1730.89690	358.30104	1886.20285	370.16542
S32_259	22	1	1655.65801	382.04173	1798.08885	397.52757
S32_259	23	0	1424.50964	260.15350	1462.57586	262.06557
S32_259	23	1	1503.77200	248.48435	1532.98659	249.18927
S32_259	24	0	1356.51299	348.27571	1347.50461	358.23547
S32_259	24	1	1439.39648	342.23994	1448.09137	352.19970
S32_259	25	0	771.06035	546.75112	660.47108	545.91058
S32_259	25	1	657.59849	575.32042	559.48198	572.46796
S32_259	26	0	80.46940	372.23696	295.46689	381.10581
S32_259	26	1	148.86840	367.00596	357.02598	376.67958
S32_259	27	0	394.30008	385.51565	473.70662	391.97019
S32_259	27	1	474.36714	359.36066	532.63873	367.75112
S32_259	28	0	419.64795	429.37556	582.93210	432.53502
S32_259	28	1	488.59598	427.06557	640.06538	430.12072
S32_259	29	0	245.98491	76.85544	85.69992	118.30104
S32_259	29	1	431.86924	77.66021	247.44342	108.64382
S32_259	30	0	848.97066	286.54396	746.60352	298.23696
S32_259	30	1	751.60268	225.38152	632.73931	241.09836
S32_259	31	0	595.06454	296.62742	709.31014	307.46051
S32_259	31	1	525.45851	310.71088	646.54401	323.15350
S32_259	32	0	437.90696	920.81371	290.89522	879.21013
S32_259	32	1	935.25482	759.87183	763.74937	765.85842
S32_259	33	0	1307.64711	402.24888	1221.29505	415.43219
S32_259	33	1	1463.35541	298.43368	1391.08550	305.17884
S32_259	34	0	1503.72758	508.16841	1781.59262	539.52012
S32_259	34	1	1463.89522	503.50671	1727.98743	533.33085
S32_259	35	0	1691.19447	556.53204	1864.47611	600.69598
S32_259	35	1	1633.45767	528.56185	1807.34283	566.64531
S32_259	36	0	1221.21291	922.34873	723.87678	942.78689
S32_259	36	1	1600.41241	983.83010	1020.17016	1044.18778
S32_259	37	0	988.04526	621.95827	1054.29505	637.42027
S32_259	37	1	894.29841	632.42027	945.25901	641.04173
S32_259	38	0	1357.12657	454.78689	1248.93546	472.34873
S32_259	38	1	1570.77284	430.64382	1491.14837	449.41282
S32_259	39	0	1401.01760	507.55589	1535.79883	533.30849
S32_259	39	1	1304.85666	525.26080	1416.70411	550.61103
S32_259	40	0	1525.68567	556.61997	1647.06454	593.18927
S32_259	40	1	1435.96228	557.42474	1536.82146	588.36066
S32_259	41	0	1808.54987	710.05365	1800.10059	787.20119
S32_259	41	1	1664.50964	670.21759	1665.71668	727.24590
S32_259	42	0	782.36463	430.81967	944.87846	438.79136
S32_259	42	1	700.28583	441.15648	867.02431	443.45306
S32_259	43	0	1336.66974	541.28912	1643.10729	570.11773
S32_260	0	0	1345.52557	695.97765	504.58005	661.16542
S32_260	0	1	1403.46354	704.02534	561.31098	669.61550
S32_260	1	0	1059.95893	753.28912	1030.39648	782.39642
S32_260	1	1	1140.02598	702.18629	1126.55742	732.50075
S32_260	2	0	1411.83403	740.94635	1238.99413	766.22504
S32_260	2	1	1284.29003	851.19970	1070.81308	877.28316
S32_260	3	0	860.22464	843.97019	645.81559	847.42176
S32_260	3	1	716.29505	983.83010	473.61106	968.94188
S32_260	4	0	1521.03688	578.79881	1456.56077	599.76304
S32_260	4	1	1658.23722	505.56483	1550.70997	513.65276
S32_260	5	0	1508.45851	619.91803	1548.07628	652.53204
S32_260	5	1	1619.50629	576.05812	1676.42498	604.64829
S32_260	6	0	702.31852	126.34873	654.17351	169.26080
S32_260	6	1	762.67058	111.05812	727.40067	151.95827
S32_260	7	0	590.63453	293.47988	609.22464	333.97765
S32_260	7	1	667.08047	284.22504	693.71752	322.71088
S32_260	8	0	1040.42749	1014.00894	789.40821	1023.66617
S32_260	8	1	1158.71752	898.52459	876.31517	911.80328
S32_260	9	0	910.15423	886.99404	621.72422	883.88972
S32_260	9	1	1053.38977	783.58122	769.78793	789.32936
S32_260	10	0	1413.25566	740.05812	1040.36127	748.37258
S32_260	10	1	1263.58256	792.36811	957.47779	805.51118
S32_260	11	0	1381.27661	895.83010	1143.25566	925.88227
S32_260	11	1	1238.84577	840.70343	979.09807	858.68405
S32_260	12	0	1523.85331	982.62295	1212.05700	1018.83308
S32_260	12	1	1630.87762	905.36513	1302.18273	939.16095
S32_260	13	0	1578.57251	904.96274	1095.77871	921.45604
S32_260	13	1	1365.32858	907.37705	961.79715	920.24888
S32_260	14	0	1480.68148	896.56781	823.88852	889.14158
S32_260	14	1	1725.71081	775.45007	1018.29505	762.45604
S32_260	15	0	267.46270	985.84203	410.04862	973.36811
S32_260	15	1	343.90863	921.86289	483.67812	921.86289
S32_260	16	0	1615.05281	478.30104	1603.40821	490.57973
S32_260	16	1	1518.08718	530.20864	1518.11065	550.53502
S32_260	17	0	962.17351	953.51118	603.08047	946.00596
S32_260	17	1	1020.11148	776.05961	673.00587	774.16542
S32_260	18	0	1337.71249	876.87779	819.56832	875.78689
S32_260	18	1	1502.27242	717.93592	965.24811	711.82265
S32_260	19	0	1273.97066	537.75857	1416.56832	572.34873
S32_260	19	1	1343.57670	488.66766	1484.56496	518.83159
S32_260	20	0	1467.79044	493.67511	1515.40402	514.65872
S32_260	20	1	1583.66639	461.08197	1648.17854	477.63934
S32_260	21	0	1459.83403	411.64680	1612.57251	430.61997
S32_260	21	1	1299.29757	459.12817	1456.05951	489.36811
S32_260	22	0	405.68148	810.76304	572.19363	825.85842
S32_260	22	1	223.01593	883.19225	416.48533	880.98510
S32_260	23	0	1543.45851	516.39195	1656.86505	542.32489
S32_260	23	1	1664.16262	434.70790	1785.61609	446.15499
S32_260	24	0	1418.74769	962.50373	1358.75189	1019.64232
S32_260	24	1	1452.14250	910.19374	1414.67812	966.52757
S32_260	25	0	1169.77536	508.12519	663.18189	498.34128
S32_260	25	1	965.85331	842.40835	429.06035	819.49180
S32_260	26	0	1678.35373	444.82265	1856.42917	459.79881
S32_260	26	1	1527.07125	476.20864	1681.81056	500.03726
S32_260	27	0	1378.36044	530.01341	1482.27158	559.38897
S32_260	27	1	1494.23638	490.57973	1624.30008	516.73621
S32_260	28	0	1419.76027	297.08197	1606.70495	306.08197
S32_260	28	1	1342.10729	346.17288	1514.96982	365.63487
S32_260	29	0	162.14585	645.44411	81.67645	642.97019
S32_260	29	1	389.06957	656.30849	282.44761	659.06557
S32_260	30	0	248.65046	585.89121	218.87678	597.90313
S32_260	30	1	422.46438	581.06259	373.37804	593.87928
S32_260	31	0	264.58005	491.30104	168.98575	507.17735
S32_260	31	1	467.76530	513.02981	352.05365	528.90611
S32_260	32	0	439.60101	567.35171	352.45599	580.00894
S32_260	32	1	487.88265	398.75261	397.92121	425.89568
S32_260	33	0	94.55155	204.59165	181.05616	270.73920
S32_260	33	1	279.63118	235.17288	337.16681	292.06557
S32_260	34	0	538.44342	74.44113	396.16597	125.73920
S32_260	34	1	739.61693	82.08644	584.06203	121.31297
S32_260	35	0	591.76697	405.26528	450.80302	428.65127
S32_260	35	1	752.30344	371.46498	593.63621	392.83905
S32_260	36	0	745.68902	232.22504	702.96228	267.80775
S32_260	36	1	900.19028	234.63934	857.86588	263.78390
S32_260	37	0	843.45935	193.19374	716.23973	221.93592
S32_260	37	1	1012.84744	196.41282	886.83487	217.10730
S32_260	38	0	872.21291	342.73472	752.09556	364.99404
S32_260	38	1	1030.73764	334.28465	922.69070	352.52012
S32_260	39	0	584.91199	791.81073	488.16178	793.21311
S32_260	39	1	699.58089	755.99851	630.59262	767.46051
S32_260	40	0	662.29422	610.12519	661.86505	631.56781
S32_260	40	1	747.99413	589.20119	769.29170	616.27720
S32_260	41	0	936.18525	228.61550	957.63453	257.91803
S32_260	41	1	1033.55323	242.69896	1067.07293	268.38003
S32_260	42	0	1245.04443	341.27273	1096.47443	348.16542
S32_260	42	1	1407.59262	330.00596	1264.25314	329.25335
S32_260	43	0	1633.21291	148.62742	1454.36127	119.50820
S32_260	43	1	1561.44342	342.15350	1419.95893	337.17735
S32_260	44	0	1418.62531	320.30849	1486.18944	328.44858
S32_260	44	1	1724.86169	160.55142	1771.53395	123.93443
S32_260	45	0	1350.46689	407.52012	1654.45096	437.00149
S32_260	46	0	1345.95893	354.39642	1461.10310	371.87034
S32_260	46	1	1448.53730	375.12966	1566.11567	389.97765
S32_260	47	0	1313.31014	541.37109	1457.94719	576.97019
S32_260	47	1	1413.49455	485.43964	1574.22548	514.60060
S32_261	0	0	1278.05042	629.38462	504.08884	653.84615
S32_261	0	1	1334.79232	628.88462	562.86435	656.15385
S32_261	1	0	1277.90276	317.15385	1185.15606	328.30769
S32_261	1	1	1382.77671	291.76923	1305.01200	291.38462
S32_261	2	0	919.80312	136.73077	525.18727	184.30769
S32_261	2	1	654.16086	126.92308	251.81273	190.19231
S32_261	3	0	1533.34934	501.76923	1089.67827	514.96154
S32_261	3	1	1913.08523	537.38462	1496.53902	555.69231
S32_261	4	0	1050.94718	171.69231	1072.28331	187.76923
S32_261	4	1	994.47659	137.07692	1023.30372	156.03846
S32_261	5	0	1630.15606	395.00000	1693.54142	384.53846
S32_261	5	1	1775.94238	405.96154	1877.93517	393.19231
S32_261	6	0	1366.40936	341.34615	1374.42497	337.84615
S32_261	6	1	1482.80792	403.07692	1481.60384	407.65385
S32_261	7	0	1001.24370	186.88462	784.54862	217.76923
S32_261	7	1	1158.55462	159.19231	990.26291	170.46154
S32_261	8	0	729.06122	110.38462	607.62425	157.15385
S32_261	8	1	570.59784	123.65385	455.49940	181.96154
S32_261	9	0	1887.73109	331.03846	1546.60864	324.19231
S32_261	9	1	1659.54382	297.00000	1375.46819	286.69231
S32_261	10	0	1145.47179	302.03846	897.31693	319.96154
S32_261	10	1	916.70828	208.57692	657.02881	246.69231
S32_261	11	0	1635.58824	553.57692	1192.81032	571.73077
S32_261	11	1	1350.35414	465.30769	860.23409	484.46154
S32_261	12	0	1182.92917	242.76923	1048.07923	254.96154
S32_261	12	1	1002.51020	31.73077	878.64466	54.80769
S32_261	13	0	963.94958	57.69231	1017.80672	76.73077
S32_261	14	0	1834.14166	109.03846	1907.89916	34.03846
S32_261	14	1	1589.81993	123.46154	1585.21008	84.23077
S32_261	15	0	427.58824	229.84615	487.77431	287.76923
S32_261	15	1	269.12485	139.84615	341.98800	220.26923
S32_261	16	0	1671.64466	352.76923	1656.66267	338.26923
S32_261	16	1	1841.05642	385.07692	1785.73830	366.53846
S32_261	17	0	1112.37455	290.38462	648.80792	316.34615
S32_261	17	1	724.84274	177.03846	338.94958	228.88462
S32_261	18	0	1059.51501	254.88462	8.06723	293.61538
S32_261	18	1	1588.16927	251.30769	598.27011	266.23077
S32_261	19	0	1007.96279	428.53846	774.15126	449.42308
S32_261	19	1	691.32413	169.15385	428.71429	219.03846
S32_261	20	0	1343.30132	102.69231	1237.53421	96.34615
S32_261	20	1	1104.74190	43.26923	990.33133	55.38462
S32_261	21	0	275.02401	376.42308	45.52221	424.73077
S32_261	21	1	504.93998	376.42308	249.50780	416.65385
S32_261	22	0	413.58463	104.61538	190.08884	180.26923
S32_261	22	1	581.26771	155.38462	368.72029	213.15385
S32_261	23	0	421.65186	213.07692	212.66747	276.73077
S32_261	23	1	608.35054	262.69231	403.97599	314.23077
S32_261	24	0	1616.90276	504.26923	590.63385	519.26923
S32_261	24	1	1893.49340	615.61538	953.62665	638.65385
S32_261	25	0	1050.75030	188.96154	627.56182	219.76923
S32_261	25	1	1306.02041	239.15385	855.17287	252.07692
S32_261	26	0	1588.26771	444.15385	1222.16206	455.50000
S32_261	26	1	1431.53301	353.00000	985.90756	367.80769
S32_261	27	0	1553.21609	522.65385	1285.54742	542.03846
S32_261	27	1	1392.44778	463.23077	1116.13565	480.88462
S33_300	0	0	1347.74187	668.14925	546.17733	675.56716
S33_300	0	1	1407.51102	672.85075	604.60336	681.27612
S33_300	1	0	909.89927	571.21642	890.42917	583.23134
S33_300	1	1	997.03463	520.33955	966.98741	528.82836
S33_300	2	0	499.64323	290.14925	680.96537	334.47761
S33_300	3	0	981.70094	68.00373	928.54669	79.58955
S33_300	3	1	1234.04092	60.95149	1170.81322	40.80224
S33_300	4	0	1676.82896	201.23507	1532.18573	140.89552
S33_300	4	1	1723.56768	351.98507	1793.07450	297.69030
S33_300	5	0	1039.45855	812.51493	501.87408	820.73881
S33_300	5	1	1215.74397	932.90672	611.67471	944.15299
S33_300	6	0	666.08604	262.75000	619.35047	297.23881
S33_300	6	1	485.77125	141.35075	429.96957	209.58955
S33_300	7	0	173.07975	139.66418	321.64953	227.79851
S33_300	7	1	329.72193	209.68284	465.19622	274.64552
S33_300	8	0	397.80378	473.26493	395.25603	513.79104
S33_300	8	1	484.93914	534.21642	499.51626	563.66045
S33_300	9	0	1226.54669	650.77612	1279.53200	659.05597
S33_300	9	1	1384.69990	730.36567	1449.26967	740.66045
S33_300	10	0	1095.66107	533.40672	789.29381	542.41418
S33_300	10	1	1428.58867	565.64552	1135.82057	565.08209
S33_300	11	0	417.49528	242.37687	505.02833	297.45149
S33_300	11	1	523.77020	251.44403	615.33263	295.94030
S33_300	12	0	975.07870	227.77239	876.21091	241.69776
S33_300	12	1	786.20147	130.04851	734.67891	164.12313
S33_300	13	0	1625.08604	667.92910	1302.32109	665.27612
S33_300	13	1	1510.75236	568.69403	1103.87408	565.03358
S33_300	14	0	1488.59077	564.66418	1319.97482	557.26866
S33_300	14	1	1414.12382	476.10075	1298.82057	460.04851
S33_300	15	0	1349.19307	536.23881	1115.56034	531.16791
S33_300	15	1	1236.87408	443.04851	1040.55614	441.69776
S33_300	16	0	832.71459	288.39552	443.46065	322.41045
S33_300	16	1	673.55404	144.83209	260.12382	204.53731
S33_300	17	0	860.84680	476.77985	472.18468	497.22388
S33_300	17	1	642.25289	395.67910	269.70829	438.28731
S33_300	18	0	800.90976	541.76119	448.51207	557.67164
S33_300	18	1	632.17943	495.41791	298.41763	513.34328
S33_300	19	0	1070.41763	116.36194	716.94019	131.47388
S33_300	19	1	1175.68520	97.72388	880.63379	95.70896
S33_300	20	0	391.12382	292.93284	221.81112	356.02985
S33_300	20	1	559.85414	311.06716	328.58972	360.05970
S33_300	21	0	617.64113	530.55597	529.60126	554.51866
S33_300	21	1	442.86674	482.70149	420.80797	527.31716
S33_300	22	0	1377.91396	927.87313	1171.00839	944.49627
S33_300	22	1	1449.93914	1027.10821	1112.07870	1056.82836
S33_300	23	0	1378.44596	726.92164	1168.32844	735.87687
S33_300	23	1	1215.75971	640.27985	1042.91396	646.71642
S33_300	24	0	1176.17419	1043.73134	553.20462	1052.79851
S33_300	24	1	1042.99056	791.44776	555.00525	802.02612
S33_300	25	0	899.33263	633.55597	648.11962	646.47388
S33_300	25	1	907.35467	340.28358	642.03882	364.28358
S33_300	26	0	1161.18258	544.20149	963.50577	549.72761
S33_300	26	1	1406.97482	447.98881	1171.52256	438.90672
S33_300	27	0	900.49003	292.16418	710.66002	314.13433
S33_300	27	1	713.12382	234.73881	570.63903	273.83582
S33_300	28	0	1159.89507	234.17537	865.98321	232.11567
S33_300	28	1	1089.38090	39.23134	786.40294	53.79478
S33_300	29	0	930.01679	200.86567	890.57083	220.08955
S33_300	29	1	835.83001	204.39179	818.04197	227.64552
S33_300	30	0	1161.87303	346.99627	969.81427	348.08582
S33_300	30	1	1101.43232	226.60448	940.09759	233.73881
S33_300	31	0	1494.39769	575.49254	1282.69570	571.04104
S33_300	31	1	1347.32529	469.20522	1151.74082	466.26493
S33_300	32	0	1156.94019	619.47015	1004.16789	626.10075
S33_300	32	1	1181.11647	508.14552	1048.99475	506.21269
S33_300	33	0	1574.24449	298.24627	1479.43127	260.64552
S33_300	33	1	1476.02833	246.36194	1327.32214	212.28731
S33_300	34	0	1750.26233	284.74254	1625.91291	226.95896
S33_300	34	1	1866.61070	179.96642	1683.33158	103.04104
S33_300	35	0	1570.15320	480.75000	1427.85519	463.90672
S33_300	35	1	1722.26233	389.07090	1571.90556	349.05597
S33_300	36	0	1831.05561	498.38060	1711.92655	469.44776
S33_300	36	1	1651.74816	473.19403	1550.24764	447.78731
S33_300	37	0	1595.01679	615.41045	1417.46170	611.66418
S33_300	37	1	1764.75446	504.58955	1583.67366	480.19030
S33_300	38	0	1229.43336	28.43517	379.00084	57.40686
S33_300	38	1	1694.68567	180.26826	811.05616	150.59911
S33_301	0	0	1307.36547	688.67958	462.47443	702.33681
S33_301	0	1	1361.66220	685.06557	520.01006	703.14158
S33_301	1	0	1434.30679	389.19374	1557.00587	404.43666
S33_301	2	0	1547.50126	592.88227	1397.59933	630.06557
S33_301	2	1	1690.73680	592.88227	1546.46773	636.50373
S33_301	3	0	682.84996	339.32489	776.56077	349.92250
S33_301	3	1	498.17267	350.59165	613.20788	358.37258
S33_301	4	0	1614.60101	140.43219	1707.56077	123.93443
S33_301	4	1	1671.72087	93.35320	1804.52640	65.99106
S33_301	5	0	1446.00419	131.17735	1534.95390	121.52012
S33_301	5	1	1520.84074	111.46051	1631.91953	93.35320
S33_301	6	0	1519.33445	411.26230	1342.44761	427.91803
S33_301	6	1	1338.09556	375.97765	1192.77452	389.28912
S33_301	7	0	1151.39396	328.67958	864.52137	337.59165
S33_301	7	1	928.89606	350.40835	707.20369	360.92996
S33_301	8	0	1618.22464	329.59165	1530.07628	340.04173
S33_301	8	1	1442.39899	295.79136	1319.24644	303.42474
S33_301	9	0	1581.50210	442.24888	1570.09220	470.44411
S33_301	9	1	1446.31350	422.93443	1391.85247	440.26528
S33_301	10	0	1279.97485	269.30849	1217.17770	275.39642
S33_301	10	1	1133.92288	256.83458	1086.01257	265.33681
S33_301	11	0	1359.63956	318.39940	1341.10059	327.30402
S33_301	11	1	1217.61106	314.37556	1203.49790	322.47541
S33_301	12	0	1211.57586	295.06110	1172.51718	302.75857
S33_301	12	1	1093.68818	317.19225	1075.14920	326.49925
S33_301	13	0	1132.37301	371.09389	1074.32607	382.17735
S33_301	13	1	997.18441	400.06557	965.29003	410.34426
S33_301	14	0	1021.56077	306.69151	1020.81391	316.58867
S33_301	14	1	864.64543	301.46051	883.21123	311.35768
S33_301	15	0	262.32607	551.77496	189.91534	537.28912
S33_301	15	1	424.47192	537.69151	373.78793	531.25335
S33_301	16	0	127.94635	111.46051	119.49707	156.11773
S33_301	16	1	344.81140	151.29657	343.20201	183.47988
S33_301	17	0	214.77117	254.52757	285.67728	275.84650
S33_301	17	1	402.66723	276.65872	422.47527	297.17288
S33_301	18	0	549.55323	945.20119	350.44426	912.33681
S33_301	18	1	330.93546	963.30849	105.81727	910.72727
S33_301	19	0	858.31433	464.53949	468.10729	469.87034
S33_301	19	1	731.34954	152.76304	369.13495	174.79881
S33_301	20	0	1406.71165	383.42176	1219.91618	396.79881
S33_301	20	1	1313.48952	349.75112	1061.79380	361.38897
S33_301	21	0	863.56832	171.67511	677.97821	186.34426
S33_301	21	1	1047.44091	178.11326	831.67477	187.95380
S33_301	22	0	1078.01006	348.10134	890.95893	358.46796
S33_301	22	1	1254.64040	316.71535	1034.19447	327.08197
S33_301	23	0	1100.71584	440.21759	940.13076	451.17735
S33_301	23	1	1246.36547	465.16542	1038.30344	481.75857
S33_301	24	0	258.61106	406.10134	22.53143	407.21311
S33_301	24	1	377.70578	382.76304	198.35708	386.56781
S33_301	25	0	1742.56496	557.84650	991.39648	589.08942
S33_301	25	1	1404.41995	538.98212	721.98240	557.17735
S33_301	26	0	1580.92791	312.20119	1170.60352	320.16542
S33_301	26	1	1314.54484	331.42027	896.21291	341.42027
S33_301	27	0	1182.81056	548.98212	484.61526	557.84650
S33_301	27	1	961.31433	285.27273	218.87678	297.50820
S33_301	28	0	1066.71668	614.63934	344.99413	618.20119
S33_301	28	1	982.90444	363.93443	78.86002	368.94635
S33_301	29	0	1328.12992	616.18480	985.70495	640.38450
S33_301	29	1	1470.15842	592.04173	1174.40570	623.08197
S33_301	30	0	1533.87259	614.51565	1306.15256	650.66617
S33_301	30	1	1686.76027	513.58420	1537.09975	547.25335
S33_301	31	0	1568.63873	166.05365	687.20872	169.00149
S33_301	31	1	1825.04610	141.14158	1024.63873	139.59165
S33_301	32	0	1394.76362	661.66319	607.49036	680.16095
S33_301	32	1	1545.87678	455.54396	851.79883	474.09389
S33_301	33	0	1343.53311	676.39642	829.43923	699.75112
S33_301	33	1	1541.48785	614.42921	1070.04275	645.83159
S33_301	34	0	1221.90025	205.93443	1008.22464	210.77496
S33_301	34	1	1357.08885	238.12519	1168.35876	241.35618
S33_301	35	0	1320.42414	123.61997	1144.33780	120.71535
S33_301	35	1	1195.69656	213.75410	1035.30176	221.71386
S33_301	36	0	1256.45096	223.81371	1037.31350	228.15201
S33_301	36	1	1414.17100	260.83308	1214.85750	264.95827
S33_301	37	0	878.37301	334.37258	582.93127	343.87481
S33_301	37	1	973.72925	405.19225	732.60436	415.09687
S33_301	38	0	1393.90025	626.58718	794.37720	647.82712
S33_301	38	1	1224.91450	596.81073	513.29086	605.00149
S33_301	39	0	1081.86924	195.75112	997.83822	200.81073
S33_301	39	1	964.38391	217.47988	870.69656	227.77049
S33_301	40	0	1098.81056	188.92250	1008.84577	195.59165
S33_301	40	1	969.65717	196.16542	871.24308	206.85842
S33_301	41	0	894.00587	335.39642	589.97066	346.83458
S33_301	41	1	980.10813	413.86140	726.76865	423.28763
S33_301	42	0	1097.71668	501.57973	690.10310	512.21311
S33_301	42	1	1297.28080	470.99851	871.15926	486.05812
S33_301	43	0	1135.04862	970.14903	410.54484	973.77049
S33_301	43	1	1386.22464	950.83458	690.07209	982.62295
S33_301	44	0	1467.27913	960.10134	850.40821	1003.94933
S33_301	44	1	1651.15172	885.25782	1116.05281	945.20119
S33_301	45	0	347.18944	438.72280	441.82900	441.50075
S33_301	45	1	99.78206	345.37258	268.53227	357.86289
S33_301	46	0	1214.31852	154.20119	697.89271	162.76304
S33_301	46	1	1372.13076	403.27273	941.01760	417.40835
S33_301	47	0	1031.21710	702.30849	658.24811	705.22504
S33_301	47	1	725.09975	721.25335	295.01006	706.69896
S33_301	48	0	230.94719	443.98212	300.00587	445.31297
S33_301	48	1	4.42582	410.98659	113.31685	414.32936
S33_301	49	0	795.35205	665.29955	717.11484	665.58718
S33_301	49	1	955.08382	558.26528	888.51467	568.21013
S33_301	50	0	936.46689	305.89866	359.02934	318.99404
S33_301	50	1	662.01760	124.33681	39.43001	146.78689
S33_301	51	0	811.01425	760.58718	343.53730	750.20119
S33_301	51	1	528.81391	684.19374	8.04694	661.78689
S33_302	0	0	1307.70724	720.34328	517.76915	715.58209
S33_302	0	1	1359.08185	725.04478	574.85205	721.29104
S33_302	1	0	279.47639	144.58209	230.72928	226.89552
S33_302	1	1	206.61175	246.67164	148.79853	319.91791
S33_302	2	0	877.84680	168.71642	932.16789	197.31343
S33_302	2	1	884.89822	266.10448	958.35887	290.67164
S33_302	3	0	1108.15110	225.15672	1122.25603	236.55970
S33_302	3	1	1211.23610	293.66418	1231.38510	295.66418
S33_302	4	0	1254.37671	118.96269	1145.43861	114.67164
S33_302	4	1	1412.86569	130.04478	1318.36621	108.62687
S33_302	5	0	1354.02099	56.61194	1275.63903	41.23881
S33_302	5	1	1452.06925	164.74627	1398.53515	145.00746
S33_302	6	0	1562.77335	156.55224	1572.13116	117.73134
S33_302	6	1	1576.87618	287.85821	1622.49843	262.13433
S33_302	7	0	1292.18783	161.58955	1329.58972	152.10448
S33_302	7	1	1371.09654	246.55224	1414.54250	234.71642
S33_302	8	0	939.62854	405.06716	1008.62854	431.49254
S33_302	8	1	896.31270	491.03731	974.71459	514.77612
S33_302	9	0	500.08919	201.37313	568.67261	256.17164
S33_302	9	1	433.94019	285.66418	514.61175	341.47015
S33_302	10	0	527.02308	451.58955	647.18258	482.17910
S33_302	10	1	450.12907	521.77612	579.69045	550.68657
S33_302	11	0	173.50367	472.76119	286.20986	509.79851
S33_302	11	1	137.57503	575.85821	280.50157	597.78358
S33_302	12	0	333.10388	887.54478	417.93494	877.89552
S33_302	12	1	241.77125	911.38806	359.17314	894.68657
S33_302	13	0	1386.50157	995.70896	912.16579	1016.86567
S33_302	13	1	1743.42707	987.31343	1298.30430	1032.64925
S33_302	14	0	1433.41133	1012.50000	1125.27387	1049.10448
S33_302	14	1	1681.88982	985.29851	1341.85310	1037.68657
S33_302	15	0	361.03253	550.07463	178.97167	567.79851
S33_302	15	1	177.35992	445.63433	69.17104	484.51493
S33_302	16	0	443.17733	706.17164	492.39559	717.14925
S33_302	16	1	357.21721	679.64179	419.53095	689.94776
S33_302	17	0	764.16369	629.43284	756.68835	650.86567
S33_302	17	1	901.49843	608.27612	910.14061	624.00000
S33_302	18	0	528.29696	692.77612	532.67681	703.58209
S33_302	18	1	292.57817	784.45522	324.49213	781.15672
S33_302	19	0	952.95698	765.29104	760.77335	776.34328
S33_302	19	1	879.10178	972.98507	728.97692	977.45522
S33_302	20	0	464.79958	739.15672	500.54040	747.32090
S33_302	20	1	320.07765	764.67910	370.92865	770.82836
S33_302	21	0	1497.52781	426.32836	1295.32424	420.29851
S33_302	21	1	1327.28646	442.78358	1116.01679	449.17910
S33_302	22	0	672.96013	385.41791	729.01889	416.06716
S33_302	22	1	754.89087	393.81343	807.25603	420.76866
S33_302	23	0	826.35362	743.80597	446.05981	744.06716
S33_302	23	1	316.82791	751.13433	61.78384	743.67164
S33_302	24	0	1472.30325	706.92537	1296.98006	728.89552
S33_302	24	1	1647.58132	730.76866	1467.89297	758.11194
S33_302	25	0	593.56453	748.70149	338.66002	746.14925
S33_302	25	1	431.38195	637.88060	162.71039	644.73134
S33_302	26	0	164.09969	594.20896	187.28332	615.50746
S33_302	26	1	274.23610	550.88806	304.47114	577.22388
S33_302	27	0	647.51626	787.20149	693.77545	799.47015
S33_302	27	1	601.51417	800.63433	626.95488	807.19403
S33_302	28	0	1471.86464	533.98507	942.02833	530.35075
S33_302	28	1	1613.22875	417.79104	921.07765	396.93284
S33_302	29	0	1112.07660	597.38806	1085.82686	617.20149
S33_302	29	1	1003.61910	591.67910	1004.23190	609.14179
S33_302	30	0	992.51626	635.56716	935.98741	652.24627
S33_302	30	1	1080.82686	680.56716	1040.75131	699.59701
S33_302	31	0	826.25813	674.13433	775.74397	691.50746
S33_302	31	1	703.02623	653.64925	653.85519	673.03731
S33_302	32	0	915.20567	987.35075	601.97482	987.98507
S33_302	32	1	1058.24869	997.08955	715.46905	1019.21642
S33_302	33	0	827.05456	931.57463	613.29276	932.94030
S33_302	33	1	765.94229	837.88060	510.20776	836.55970
S33_302	34	0	628.50577	929.26866	460.68730	920.27612
S33_302	34	1	504.93809	948.07463	380.09969	934.71642
S33_302	35	0	561.05352	373.31343	155.85729	402.00746
S33_302	35	1	730.62329	402.19403	443.16264	427.80597
S33_302	36	0	845.64113	782.81343	769.81007	794.41791
S33_302	36	1	595.11228	550.61194	556.88877	571.95522
S33_302	37	0	1152.94229	752.63433	921.59916	766.52985
S33_302	37	1	798.33473	982.94776	653.08709	987.35075
S33_302	38	0	738.75656	987.19403	770.20776	996.12687
S33_302	38	1	841.16999	949.91791	900.15530	962.54478
S33_302	39	0	331.79119	853.43284	302.11962	841.61940
S33_302	39	1	556.76495	718.76866	509.29696	723.41045
S33_302	40	0	1553.00420	492.76119	1353.49423	497.05224
S33_302	40	1	1692.53305	343.79104	1488.99370	321.55224
S33_302	41	0	755.25603	382.16418	681.89087	412.08955
S33_302	41	1	673.66107	338.84328	639.24659	374.81343
S33_302	42	0	856.03778	325.03731	944.31480	353.37313
S33_302	42	1	805.67051	302.87313	884.54565	339.60448
S33_302	43	0	539.45016	469.99254	491.42812	501.39552
S33_302	43	1	628.43232	463.27612	601.22875	492.66418
S33_302	44	0	910.73977	505.76119	624.68101	523.38060
S33_302	44	1	1093.06925	504.75373	799.95908	515.65672
S33_302	45	0	1548.77650	621.61194	1232.69570	632.95522
S33_302	45	1	1699.87828	538.66418	1440.54460	540.60448
S33_302	46	0	1324.73347	304.65672	1052.02833	299.67910
S33_302	46	1	1166.58027	306.00000	921.07345	311.43284
S33_302	47	0	808.57503	623.57463	797.17314	643.00746
S33_302	47	1	886.47639	595.02985	891.86359	615.13433
S33_302	48	0	692.51102	666.79104	386.21721	674.04478
S33_302	48	1	699.56243	680.22388	475.87093	685.12687
S33_302	49	0	638.12382	515.85075	391.74711	533.80597
S33_302	49	1	712.66737	533.31343	525.38825	550.93284
S33_302	50	0	1493.24869	293.75373	1711.83211	274.06716
S33_302	51	0	1708.10913	398.41045	551.65582	371.15672
S33_302	51	1	1607.46275	133.14925	736.50787	103.30597
S33_304	0	0	1275.11567	629.95827	494.61106	635.54396
S33_304	0	1	1335.87008	630.36066	551.34199	634.73920
S33_304	1	0	695.82230	337.53204	606.77871	371.08197
S33_304	1	1	808.07712	332.70343	714.60771	356.99851
S33_304	2	0	901.38474	142.00596	466.24811	181.59165
S33_304	2	1	1110.09556	156.92996	713.72087	169.79881
S33_304	3	0	559.20872	305.83458	399.65046	355.85097
S33_304	3	1	421.60604	228.97914	269.29003	298.30999
S33_304	4	0	336.64627	315.96572	512.52137	368.77496
S33_304	4	1	511.26488	323.20864	667.82733	363.94635
S33_304	5	0	1590.53730	623.30104	1113.02096	617.41133
S33_304	5	1	1776.01928	629.33681	1269.13160	618.61848
S33_304	6	0	1527.30679	580.18927	1320.58005	569.83458
S33_304	6	1	1628.69824	584.21311	1381.33445	571.84650
S33_304	7	0	966.43923	357.73920	1135.00587	360.18927
S33_304	8	0	1186.10729	572.57973	853.50964	580.69896
S33_304	8	1	930.74015	443.54396	647.91031	460.78838
S33_304	9	0	734.81391	521.68703	433.20872	547.24888
S33_304	9	1	536.78290	538.93443	208.41576	570.28465
S33_304	10	0	1683.41995	562.55142	1568.88433	542.02981
S33_304	10	1	1591.28248	525.12966	1445.36379	505.81520
S33_304	11	0	1673.36127	610.21311	1353.21291	598.83458
S33_304	11	1	1865.28080	624.29657	1565.24979	606.88227
S33_304	12	0	773.53311	711.29657	66.78961	723.33234
S33_304	12	1	870.49874	577.70492	285.66639	595.77645
S33_304	13	0	647.38055	593.95827	74.43420	618.43517
S33_304	13	1	738.31098	474.45007	253.07628	504.96274
S33_304	14	0	1423.94719	680.81073	774.30679	682.18927
S33_304	14	1	1086.49036	533.62742	476.61526	547.47243
S33_304	15	0	947.57251	500.15350	607.09975	516.69896
S33_304	15	1	617.31433	512.16542	279.82230	542.78689
S33_304	16	0	876.98240	631.57973	306.33780	646.77496
S33_304	16	1	732.94216	741.83308	78.45767	751.73920
S33_304	17	0	1708.16262	429.85842	1824.24141	379.23696
S33_304	17	1	1578.20453	354.21013	1658.07209	301.57675
S33_304	18	0	1245.77536	505.87481	1040.63789	502.21311
S33_304	18	1	1431.08382	370.95827	1299.98659	346.95827
S33_304	19	0	432.68986	215.33234	7.64459	289.87034
S33_304	19	1	753.74015	202.71535	279.22883	254.05812
S33_304	20	0	1247.92624	303.90760	1096.62951	293.44560
S33_304	20	1	1433.81056	386.79881	1329.99078	359.43666
S33_304	21	0	1582.65801	391.92996	1641.97821	348.29210
S33_304	21	1	1702.95977	278.45753	1815.79212	200.21461
S33_304	22	0	554.85750	175.15350	504.66220	231.91058
S33_304	22	1	397.13747	120.83159	312.34032	199.71982
S33_304	23	0	1582.40067	381.27720	1331.75608	345.62742
S33_304	23	1	1408.58676	343.85544	1147.48114	322.69151
S33_304	24	0	1536.60352	536.66319	1330.01760	521.14158
S33_304	24	1	1392.96563	436.06706	1189.19614	419.33830
S33_304	25	0	1322.23638	452.61550	1074.04107	444.34873
S33_304	25	1	1220.43923	325.55589	969.84577	306.34873
S33_304	26	0	808.00587	285.84650	547.50964	319.04173
S33_304	26	1	693.33697	204.96721	483.93881	248.22206
S33_304	27	0	1005.46689	8.85246	609.95809	38.62891
S33_304	27	1	811.13328	28.97168	482.00587	79.26975
S33_304	28	0	337.77536	246.50820	258.43923	316.70343
S33_304	28	1	506.76111	313.70641	404.08885	364.98957
S33_304	29	0	1121.59179	343.02981	881.93546	345.53204
S33_304	29	1	1154.81056	508.81073	931.20536	512.78987
S33_304	30	0	1368.39313	527.76304	810.33026	527.01788
S33_304	30	1	1195.78625	442.05514	580.18776	450.56483
S33_304	31	0	959.55323	420.28912	704.55658	434.60358
S33_304	31	1	786.94635	345.84799	530.34032	375.85544
S33_304	32	0	1093.56832	341.79881	721.89271	352.92250
S33_304	32	1	1018.43168	149.36066	589.79883	172.79881
S33_304	33	0	1155.38474	392.73920	848.58424	394.06557
S33_304	33	1	1005.71165	343.64829	735.12238	358.25335
S33_304	34	0	751.74015	334.93443	553.94384	368.35618
S33_304	34	1	616.14920	296.70790	472.26739	340.18927
S33_304	35	0	1027.75189	340.57973	667.67393	357.11326
S33_304	35	1	851.52389	297.52459	545.76278	326.53204
S33_304	36	0	908.14669	349.55589	684.83403	368.94635
S33_304	36	1	735.94216	340.70343	525.10226	374.98212
S33_304	37	0	505.98994	553.45156	288.23973	582.43964
S33_304	37	1	588.06873	436.35768	391.64292	476.61252
S33_304	38	0	716.49036	293.79881	519.22464	331.78689
S33_304	38	1	542.27410	301.44411	355.06706	353.11326
S33_304	39	0	593.68567	476.77496	258.30679	511.59165
S33_304	39	1	368.37133	451.82712	16.89858	499.11773
S33_304	40	0	1554.60520	532.46498	1447.25231	514.27273
S33_304	40	1	1422.23303	506.71237	1331.37636	493.34873
S33_304	41	0	343.39648	383.86289	222.09556	438.34873
S33_304	41	1	165.55909	395.93443	98.97737	446.39642
S33_304	42	0	788.27913	402.61550	575.51383	431.49180
S33_304	42	1	607.62531	363.98659	425.43839	404.93443
S33_304	43	0	1549.48282	410.11326	887.04107	397.37258
S33_304	43	1	1350.72339	279.33830	617.63873	280.62742
S33_304	44	0	759.28332	227.19374	663.42749	259.30849
S33_304	44	1	707.00587	96.97466	636.87259	141.40984
S33_304	45	0	1463.42749	218.37258	1478.04862	166.30104
S33_304	45	1	1314.76362	403.22504	1324.77117	385.47541
S33_304	46	0	1197.33780	411.06557	1031.66974	407.66319
S33_304	46	1	1396.90193	380.88674	1230.83152	360.98659
S33_304	47	0	1154.10729	549.45604	976.62699	553.00596
S33_304	47	1	1263.82230	341.20119	1101.85750	328.39642
S34_305	0	0	1370.57670	698.14158	601.30260	701.38450
S34_305	0	1	1311.43168	696.12966	541.35289	700.98212
S34_305	1	0	635.88516	207.63040	554.98659	259.30849
S34_305	1	1	542.54065	131.98212	466.47024	193.71982
S34_305	2	0	1658.95138	524.99404	1376.69321	503.37258
S34_305	2	1	1524.56748	464.63636	1273.29003	443.01490
S34_305	3	0	1449.30260	219.30849	1089.99413	191.36513
S34_305	3	1	1259.79715	109.05514	902.01760	99.38897
S34_305	4	0	1213.38474	225.84650	785.33697	226.94486
S34_305	4	1	1095.09472	113.98361	584.79883	134.39642
S34_305	5	0	1863.26907	843.42027	1529.58005	860.89419
S34_305	5	1	1639.56412	717.47392	1297.09137	719.47243
S34_305	6	0	1691.86924	686.54396	1464.35373	683.97466
S34_305	6	1	1522.48114	622.16244	1270.02012	615.56930
S34_305	7	0	1802.91702	519.81073	1503.97066	489.01788
S34_305	7	1	1650.85331	387.17735	1314.82565	352.26080
S34_305	8	0	1728.90863	333.25782	1545.37049	277.41729
S34_305	8	1	1615.85750	239.99404	1372.58005	186.76304
S34_305	9	0	1473.48282	322.38003	1104.17770	299.16542
S34_305	9	1	1336.68483	238.68405	912.66052	226.73621
S34_305	10	0	986.33780	410.37258	527.84158	430.93443
S34_305	10	1	631.89271	236.51565	39.83236	297.88227
S34_305	11	0	802.31433	109.04620	709.94216	142.04173
S34_305	11	1	927.84661	64.38152	850.36127	82.08644
S34_305	12	0	1480.42330	866.19374	1204.25901	884.44858
S34_305	12	1	1586.24057	916.08942	1314.50210	939.97765
S34_305	13	0	1875.74183	609.50373	1537.45516	591.44411
S34_305	13	1	1629.21291	430.12966	1172.67393	404.21311
S34_305	14	0	1654.75608	614.21759	1862.46438	600.26826
S34_305	15	0	1458.72087	861.04173	1138.08801	875.31297
S34_305	15	1	1158.89606	834.00596	794.18944	839.82265
S34_305	16	0	968.24811	469.62742	575.01760	485.23696
S34_305	16	1	857.60268	412.48882	533.97821	437.35320
S34_305	17	0	1449.52892	293.16542	1652.43923	240.67511
S34_305	17	1	1594.37385	287.12966	1800.90528	216.53204
S34_305	18	0	1405.97402	733.32489	1395.81391	739.73920
S34_305	18	1	1591.45599	760.68703	1539.45180	767.90611
S34_305	19	0	1822.22967	375.79881	1788.03018	310.64083
S34_305	19	1	1461.29086	589.56781	1295.38474	581.39642
S34_305	20	0	1554.46689	210.87034	1357.25985	158.67511
S34_305	20	1	1426.11819	114.70045	1220.46186	70.95529
S34_305	21	0	714.21291	251.43219	347.93127	298.11773
S34_305	21	1	416.01760	5.63338	109.84074	104.21759
S34_305	22	0	1825.85080	551.44709	1838.72590	519.67511
S34_305	22	1	1763.88935	448.03428	1752.22129	399.76453
S34_305	23	0	1827.86253	430.73174	1772.74099	377.34873
S34_305	23	1	1724.86169	316.70343	1647.61106	253.97019
S34_305	24	0	1521.27410	314.28912	1637.15004	261.21311
S34_305	24	1	1454.88684	282.50075	1561.91115	228.21759
S34_305	25	0	1582.43085	271.23398	1606.16932	211.71982
S34_305	25	1	1498.47443	205.53204	1517.25063	148.54545
S34_305	26	0	1595.44007	238.92996	1645.25985	170.14158
S34_305	26	1	1523.41995	191.85097	1572.03269	124.67213
S34_305	27	0	1296.66974	124.73920	1220.22464	92.95082
S34_305	27	1	1126.07460	64.38152	1050.43420	53.11475
S34_305	28	0	1648.66220	240.81520	1640.92372	167.41282
S34_305	28	1	1816.99916	435.05365	1878.96060	376.06557
S34_305	29	0	1263.44342	392.94635	930.67393	388.16542
S34_305	29	1	1418.62699	543.96572	1047.76362	538.11773
S34_305	30	0	1333.40821	356.17735	1149.88097	340.18927
S34_305	30	1	1118.95725	289.78390	922.15256	288.28167
S34_305	31	0	1316.50964	250.35022	768.62699	246.34873
S34_305	31	1	1103.68567	93.35320	663.74015	108.64382
S34_305	32	0	1029.11484	613.02981	848.39648	620.04173
S34_305	32	1	1215.40151	544.62444	1060.83571	543.18629
S34_305	33	0	1243.56580	580.03428	1018.01760	582.72727
S34_305	33	1	1377.18944	632.37258	1260.30260	631.50820
S34_305	34	0	797.27158	255.01788	600.61526	289.02981
S34_305	34	1	918.40821	411.37258	673.58005	428.95827
S34_305	35	0	1646.21710	591.54396	1696.69740	565.39493
S34_305	35	1	1791.24895	510.60358	1882.58173	470.43219
S34_306	0	0	1303.45096	722.38450	527.49790	720.66766
S34_306	0	1	1361.38894	722.38450	585.83822	722.67958
S34_306	1	0	1145.15842	669.24143	1187.14250	691.40835
S34_306	1	1	1234.07712	661.99851	1277.67058	685.37258
S34_306	2	0	1214.72087	619.28912	1422.06035	644.67511
S34_306	3	0	992.12657	803.34426	897.01760	820.00596
S34_306	3	1	904.63873	648.38450	784.44342	662.85842
S34_306	4	0	96.16094	669.02981	53.91450	674.01788
S34_306	4	1	230.14250	640.46051	140.01676	649.87481
S34_306	5	0	1249.22464	455.96572	1016.14669	461.06557
S34_306	5	1	1076.61777	457.17288	806.52389	466.29657
S34_306	6	0	1209.61526	389.97019	915.32607	395.55589
S34_306	6	1	959.32607	418.42027	680.90025	434.28465
S34_306	7	0	946.17016	863.31297	904.56832	881.22504
S34_306	7	1	1080.15172	864.52012	1042.57334	887.66319
S34_306	8	0	1149.51802	62.77198	948.86505	68.40537
S34_306	8	1	1074.27913	147.67511	936.79464	165.78241
S34_306	9	0	715.07209	504.69151	533.08801	523.83458
S34_306	9	1	533.61358	461.63636	350.82481	490.03428
S34_306	10	0	854.11148	490.36066	342.43168	501.14158
S34_306	10	1	623.96899	457.36513	185.11400	473.77943
S34_306	11	0	650.19279	859.49329	606.73931	865.93145
S34_306	11	1	1667.32607	553.68107	1454.88684	552.07154
S34_306	12	0	649.62280	74.44113	480.67393	131.57973
S34_306	12	1	942.09975	59.95529	755.45516	89.32936
S34_306	13	0	384.90025	358.93443	265.72842	402.01788
S34_306	13	1	662.08382	358.22504	547.13495	390.01788
S34_306	14	0	994.31433	565.97019	1024.94719	586.73920
S34_306	14	1	820.50042	520.90313	884.12573	542.87928
S34_306	15	0	318.07628	582.51565	495.74434	608.37258
S34_306	15	1	170.41492	535.83905	387.11065	567.73174
S34_306	16	0	1859.24560	578.39642	1876.54652	583.39642
S34_306	16	1	1624.27494	562.30104	1651.23219	570.92250
S34_306	17	0	396.39983	544.04173	581.33697	573.52012
S34_306	17	1	519.51802	549.27273	704.05281	575.93443
S34_306	18	0	1326.09220	693.20864	649.36127	690.54396
S34_306	18	1	1810.15926	425.12072	1138.74769	397.60358
S34_306	19	0	788.09137	695.11326	244.62699	691.17735
S34_306	19	1	1068.73261	831.41580	668.87678	834.81073
S34_306	20	0	1556.07209	653.66319	1501.65046	673.21311
S34_306	20	1	1402.77787	604.97466	1331.45767	619.29359
S34_306	21	0	1053.80637	70.41729	1077.44342	82.08644
S34_306	21	1	956.84074	24.14307	993.35289	45.87183
S34_307	0	0	1323.20776	686.88060	490.46905	704.98507
S34_307	0	1	1382.64113	685.36940	548.89507	704.98507
S34_307	1	0	490.81847	565.77612	674.54145	562.97761
S34_307	2	0	514.18573	714.70522	434.11123	695.23134
S34_307	2	1	312.71668	676.42164	264.87723	653.92537
S34_307	3	0	1308.62644	858.22388	1172.67786	900.35821
S34_307	3	1	1214.43966	795.76119	1124.82896	827.31716
S34_307	4	0	1535.60860	531.60821	1593.81112	563.80224
S34_307	4	1	1641.88353	490.30224	1724.76600	521.48881
S34_307	5	0	1523.95068	625.57090	1640.13431	672.63806
S34_307	5	1	1598.99790	596.35448	1716.18888	639.39179
S34_307	6	0	742.62644	654.23881	804.59706	656.75746
S34_307	6	1	634.84050	626.53358	715.44701	623.51119
S34_307	7	0	1343.51207	477.84701	1148.71039	498.30597
S34_307	7	1	1138.51731	446.11194	943.21196	462.54104
S34_307	8	0	1252.48793	593.31716	1065.62329	615.43657
S34_307	8	1	1419.70724	594.82836	1162.32844	623.49627
S34_307	9	0	1436.13746	664.13433	1299.64428	706.66791
S34_307	9	1	1250.28227	633.40672	1116.81112	661.33209
S34_307	10	0	1342.41658	728.29104	1105.51626	760.61940
S34_307	10	1	1250.24449	609.41045	967.50997	629.14552
S34_307	11	0	778.53830	701.68284	656.73977	699.17910
S34_307	11	1	602.75656	680.52612	488.51312	668.45149
S34_307	12	0	1268.76810	842.81343	1000.54355	876.08582
S34_307	12	1	1552.33578	918.37313	1254.39454	983.88433
S34_307	13	0	1010.66107	850.72761	586.78909	853.60075
S34_307	13	1	1430.56034	866.15672	934.15950	905.29851
S34_307	14	0	477.60860	669.58955	337.46065	653.67537
S34_307	14	1	371.33368	546.67910	264.42812	537.31343
S34_307	15	0	594.96432	685.70896	251.33263	670.29851
S34_307	15	1	430.76705	532.07090	65.98111	522.70522
S34_307	16	0	728.23610	657.10075	554.05666	652.29851
S34_307	16	1	675.35047	554.84328	545.49423	554.57463
S34_307	17	0	798.41763	515.23134	412.27912	518.04478
S34_307	17	1	985.78384	476.44403	510.99895	482.27985
S34_307	18	0	1312.46485	586.24627	830.48793	603.98881
S34_307	18	1	1467.09234	611.43284	1046.05981	639.25000
S34_307	19	0	1241.44701	433.61567	888.91396	447.32836
S34_307	19	1	1379.95698	516.73134	1063.68835	536.99254
S34_307	20	0	1129.05771	602.57836	905.39244	619.46642
S34_307	20	1	1278.14481	507.37313	1055.48688	524.76493
S34_307	21	0	1282.17419	666.55224	1123.98636	695.02612
S34_307	21	1	1195.03882	552.70896	1030.80693	570.60448
S34_307	22	0	724.75131	761.48881	329.84050	746.32090
S34_307	22	1	538.84785	618.04851	164.08395	604.39179
S34_307	23	0	1615.86988	40.29851	1281.40399	24.68284
S34_307	23	1	1882.31270	156.66045	1638.50787	144.57090
S34_307	24	0	793.17838	462.97015	838.13431	471.53358
S34_307	24	1	618.40399	447.85821	677.96642	453.90299
S34_307	25	0	597.59391	470.30224	403.60860	472.77612
S34_307	25	1	413.75341	550.89925	293.80797	541.28358
S34_307	26	0	1002.70304	782.66045	806.40189	791.47388
S34_307	26	1	730.71983	796.26119	601.40714	788.45149
S34_307	27	0	1853.51522	784.52612	1690.75446	865.11194
S34_307	27	1	1498.42602	743.22015	1328.11018	791.06343
S34_307	28	0	1480.63799	679.06716	1484.08919	722.88060
S34_307	28	1	1341.62434	654.38433	1356.15635	688.62687
S34_307	29	0	1065.04722	465.38433	947.60126	475.16045
S34_307	29	1	1172.83316	261.87687	1112.30220	266.61567
S34_308	0	0	1309.91081	733.85821	524.39349	743.67164
S34_308	0	1	1364.30745	737.55224	582.14795	749.04478
S34_308	1	0	905.30535	325.34328	985.06296	335.54478
S34_308	1	1	946.60651	336.42537	1047.51836	345.95522
S34_308	2	0	1488.68101	405.02985	1268.68311	386.17910
S34_308	2	1	1695.52256	288.83582	1497.66946	240.18657
S34_308	3	0	1512.35992	439.79104	1345.88877	421.91791
S34_308	3	1	1605.70724	376.65672	1451.99580	341.99254
S34_308	4	0	514.51522	334.19403	518.80693	375.60448
S34_308	4	1	322.44806	313.70896	324.72508	367.54478
S34_308	5	0	1269.16579	327.52239	1136.71983	315.58209
S34_308	5	1	1342.36621	282.85821	1241.81952	264.53731
S34_308	6	0	1198.98426	333.98507	1062.37880	326.83582
S34_308	6	1	1218.79538	298.38806	1115.09654	288.21642
S34_308	7	0	633.58237	523.51493	675.95488	545.19403
S34_308	7	1	849.15740	386.64179	857.28017	404.29104
S34_308	8	0	560.19203	572.69403	517.79538	594.02985
S34_308	8	1	458.78594	615.00746	447.61700	635.33582
S34_308	9	0	471.26863	757.52985	235.89612	767.10448
S34_308	9	1	659.79958	703.26866	538.80168	716.93284
S34_308	10	0	1165.81427	343.35821	1171.00315	340.35075
S34_308	10	1	1009.33998	328.24627	1036.35467	332.96269
S34_308	11	0	734.75551	452.39552	692.02728	475.79851
S34_308	11	1	501.05142	517.54478	494.25184	549.67910
S34_308	12	0	1242.83001	209.12687	908.84260	207.56716
S34_308	12	1	1572.70619	255.42537	1181.30010	222.63433
S34_308	13	0	841.15635	126.50746	652.63694	159.08209
S34_308	13	1	973.11857	199.71642	846.71878	209.45522
S34_308	14	0	1036.03043	72.20149	1202.77020	64.47761
S34_308	15	0	736.41028	340.85821	696.28541	368.24627
S34_308	15	1	176.58552	268.48507	191.52886	342.21642
S34_308	16	0	374.35887	507.36567	407.30745	539.94030
S34_308	16	1	240.71773	531.54478	322.01889	561.43284
S34_308	17	0	1112.86884	790.34328	736.64323	796.95522
S34_308	17	1	1223.87828	980.50000	694.38405	990.90299
S34_308	18	0	777.75341	644.41045	522.74607	659.17164
S34_308	18	1	656.20042	624.93284	474.39349	645.06716
S34_308	19	0	769.11228	748.26119	418.34523	756.18657
S34_308	19	1	1003.15215	721.05970	617.12802	726.29851
S34_308	20	0	1363.18363	557.31343	939.68835	557.29851
S34_308	20	1	1548.87093	525.74627	1142.50052	515.65672
S34_308	21	0	760.05981	739.35075	471.81007	746.08209
S34_308	21	1	599.89192	733.30597	383.49948	744.73881
S34_308	22	0	701.76180	728.38060	284.35467	739.32836
S34_308	22	1	916.66212	666.92537	415.64533	681.23134
S34_308	23	0	729.55719	352.05224	377.41238	387.81343
S34_308	23	1	524.39454	233.50746	140.01469	296.13433
S34_308	24	0	883.21931	609.50000	643.90556	626.82090
S34_308	24	1	843.05771	403.22388	591.90556	424.06716
S34_308	25	0	928.81532	565.75373	644.39140	582.82090
S34_308	25	1	988.58447	439.82090	750.49843	452.18657
S34_308	26	0	647.32214	335.29104	418.89822	375.63433
S34_308	26	1	510.47009	162.37313	319.23924	225.50746
S34_308	27	0	767.69780	758.15672	276.63379	765.83582
S34_308	27	1	1054.55719	687.23134	566.17943	695.58209
S4_34	0	0	1284.36547	701.01788	505.32607	706.21311
S4_34	0	1	1347.53395	707.45604	562.86169	711.44411
S4_34	1	0	1386.93546	830.99404	1467.99413	849.63934
S4_34	1	1	1142.41995	818.98212	1192.07628	833.59165
S4_34	2	0	636.62699	859.02981	630.01760	860.39642
S4_34	2	1	360.41995	874.38450	328.56832	868.67511
S4_34	3	0	1203.07628	801.60358	1343.55658	814.99404
S4_34	3	1	1121.39983	771.02235	1278.37636	784.01043
S4_34	4	0	728.01760	967.33234	553.04862	962.30849
S4_34	4	1	583.97737	873.57675	500.74350	871.36960
S4_34	5	0	680.94300	1020.44709	620.64292	1012.60656
S4_34	5	1	847.91702	896.51267	839.44342	902.95082
S4_34	6	0	844.20872	792.21311	911.07209	800.47988
S4_34	6	1	923.47108	780.54396	1015.27997	790.82265
S4_34	7	0	1661.53730	922.52012	1661.29086	959.28465
S4_34	7	1	1444.26991	941.02981	1446.03521	973.77049
S4_34	8	0	523.62699	724.24888	434.70914	734.04173
S4_34	8	1	788.23638	735.10581	710.74015	743.83458
S4_34	9	0	1800.90528	978.59911	1597.44342	1021.65425
S4_34	9	1	1492.31433	873.60358	1351.62699	900.84650
S4_34	10	0	1450.21291	924.72280	1457.30260	954.45604
S4_34	10	1	1244.61358	856.31744	1218.86505	872.47243
S4_34	11	0	1386.23973	926.73472	1541.54065	960.08942
S4_34	11	1	1223.28919	1011.63785	1342.12322	1044.59016
S4_34	12	0	1188.18106	862.79136	1391.82230	882.21311
S4_34	12	1	1135.07125	822.95529	1329.45851	836.34128
S4_34	13	0	1121.79380	872.85097	1333.88433	893.47988
S4_34	13	1	1081.96144	833.01490	1288.82146	853.64382
S4_34	14	0	890.50210	790.34873	1045.19028	801.26528
S4_34	14	1	824.91953	752.12221	984.83822	762.63636
S4_34	15	0	895.33026	818.91803	1041.16681	829.02981
S4_34	15	1	841.41576	780.69151	986.04526	789.19374
S4_34	16	0	795.95054	784.71535	970.75608	793.61997
S4_34	16	1	739.21961	757.35320	921.66974	767.46498
S4_34	17	0	756.52054	806.04173	938.97066	815.75112
S4_34	17	1	692.94971	783.10581	880.22800	792.41282
S4_34	18	0	729.57921	753.82712	882.54904	761.26080
S4_34	18	1	658.36379	736.52459	821.39229	746.37258
S4_34	19	0	1461.10729	866.08942	1872.12070	910.08197
S4_34	20	0	949.00168	990.67064	981.82146	1000.73025
S4_34	20	1	1056.02598	1013.20417	1088.84577	1029.29955
S4_34	21	0	894.28248	888.86736	911.00838	897.31744
S4_34	21	1	1019.01006	894.50075	1036.54065	906.57228
S4_34	22	0	1047.57670	946.00596	1053.03688	960.08942
S4_34	22	1	1151.78458	926.69151	1166.09640	945.60358
S4_34	23	0	679.66555	1026.48286	703.88433	1021.25186
S4_34	23	1	800.36966	1005.15648	818.55323	1007.16841
S4_34	24	0	984.77536	1038.55440	986.32607	1050.22355
S4_34	24	1	1144.50712	996.30402	1131.17100	1015.21610
S4_34	25	0	839.98240	951.88227	894.69740	958.47988
S4_34	25	1	788.07963	939.00596	854.06035	945.60358
S4_34	26	0	612.62699	823.14158	687.33780	827.43219
S4_34	26	1	533.36463	813.88674	625.77871	818.17735
S4_34	27	0	1448.99413	859.15350	1752.62364	893.24143
S4_34	27	1	1501.70159	872.83458	1821.42498	910.14158
S4_34	28	0	1371.49371	975.55887	1602.86924	1010.38748
S4_34	28	1	1231.07460	913.59165	1394.05113	941.17735
S4_34	29	0	554.58424	774.37258	647.87678	778.57973
S4_34	29	1	412.55574	872.95678	508.66471	867.90909
S4_34	30	0	1505.66136	658.96721	1877.58173	662.21311
S4_34	30	1	1432.97066	664.33234	1780.34786	666.37109
S4_34	31	0	1815.79212	168.59911	1721.64292	76.45306
S4_34	31	1	1700.31852	93.35320	1537.36798	10.86438
S4_34	32	0	1210.23219	441.83458	1141.47024	439.26080
S4_34	32	1	1358.24811	587.52757	1339.48617	584.50820
S4_34	33	0	1209.37972	441.86438	1141.04526	439.14158
S4_34	33	1	1455.17770	686.81073	1492.02934	693.00596
S4_34	34	0	1292.64627	888.54396	1359.88852	909.44858
S4_34	34	1	1445.94049	960.97317	1530.88600	1001.19225
S4_34	35	0	1545.65884	607.57973	1518.63873	602.73920
S4_34	35	1	1412.48198	608.78689	1397.12992	610.78689
S4_34	36	0	1568.99497	576.59613	1564.50629	569.74367
S4_34	36	1	1698.55071	589.87481	1665.09304	578.59613
S4_34	37	0	1293.23554	946.40835	1451.00503	980.61103
S4_34	37	1	1385.77536	993.88972	1558.02934	1034.53055
S4_34	38	0	1255.81727	912.60805	1440.14166	940.37258
S4_34	38	1	1376.11903	923.47243	1574.92791	959.28465
S4_34	39	0	925.13915	798.22057	1010.37301	809.59165
S4_34	39	1	860.76362	753.55589	970.54065	764.52459
S4_34	40	0	652.31433	770.99404	584.34199	775.85842
S4_34	40	1	451.51383	914.97019	448.70495	903.76304
S4_34	41	0	786.72087	628.53949	718.87259	640.60358
S4_34	41	1	667.62615	554.90313	612.65298	575.81967
S4_34	42	0	444.65801	501.09389	461.12322	532.60358
S4_34	42	1	244.69153	547.77049	288.91869	579.28018
S4_34	43	0	607.50210	289.36066	687.89271	326.95827
S4_34	43	1	527.03269	304.65127	605.00922	347.47988
S4_34	44	0	587.38474	262.80328	697.54904	303.61997
S4_34	44	1	510.93881	283.72727	609.03269	328.97019
S4_34	45	0	533.87259	231.01490	591.32942	280.28167
S4_34	45	1	434.49288	226.58867	493.15675	286.31744
S4_34	46	0	564.45096	211.70045	628.74769	259.76006
S4_34	46	1	461.85247	212.90760	531.37972	269.01490
S4_34	47	0	646.52976	223.36960	759.10813	258.55291
S4_34	47	1	563.24392	230.61252	671.79883	274.24590
S4_34	48	0	676.70578	296.60358	775.60436	327.36066
S4_34	48	1	594.62699	303.84650	695.93965	339.43219
S4_34	49	0	754.76111	269.24143	834.34702	295.16990
S4_34	49	1	677.51048	279.30104	754.68231	308.85097
S4_34	50	0	780.51132	243.48882	838.77284	269.01490
S4_34	50	1	706.07712	258.77943	757.90109	289.13413
S4_34	51	0	749.93294	217.73621	837.96815	244.87183
S4_34	51	1	674.69405	218.94337	760.71752	253.32191
S4_34	52	0	552.53311	115.88674	583.11903	171.81818
S4_34	52	1	449.93462	114.27720	481.32523	183.88972
S4_34	53	0	628.57670	101.40089	663.58843	150.49180
S4_34	53	1	520.34535	95.36513	568.63453	156.52757
S4_34	54	0	684.50293	117.89866	753.31182	156.12519
S4_34	54	1	594.37720	115.88674	659.96731	164.57526
S4_34	55	0	672.03018	149.28465	718.70997	189.52310
S4_34	55	1	580.69740	147.67511	622.95138	198.77794
S4_34	56	0	475.23638	318.73920	530.38894	365.27720
S4_34	56	1	360.96982	340.06557	424.16932	391.43219
S4_34	57	0	350.91115	348.91803	422.96228	401.89419
S4_34	57	1	221.29086	362.98212	315.13328	420.80626
S4_34	58	0	447.81224	266.40984	511.47863	321.01490
S4_34	58	1	332.74099	278.48137	406.46605	340.73174
S4_34	59	0	219.27913	398.99404	318.12741	452.46051
S4_34	59	1	78.05532	404.62742	207.07963	461.71535
S4_34	60	0	12.07041	340.97019	150.07544	413.59165
S4_34	60	1	162.54820	325.67958	262.73261	392.66766
S4_34	61	0	173.00922	300.73174	292.90863	371.34128
S4_34	61	1	292.50629	264.11475	385.44845	329.89568
S4_34	62	0	374.01844	192.49180	447.29505	260.95827
S4_34	62	1	258.54484	202.55142	347.51299	279.46796
S4_34	63	0	284.29505	167.94635	380.10310	246.07004
S4_34	63	1	161.17687	192.08942	284.34451	279.06557
S4_34	64	0	322.11567	121.26975	376.88433	202.61252
S4_34	64	1	188.93881	129.31744	265.03185	223.93890
S4_34	65	0	302.80302	83.44560	415.91199	170.01937
S4_34	65	1	195.77871	99.94337	325.78625	193.35768
S4_34	66	0	503.81811	527.89866	574.95893	552.22504
S4_34	66	1	578.25231	594.29210	659.45180	612.58271
S4_35	0	0	1296.87618	693.26866	520.57503	717.08955
S4_35	0	1	1345.73242	694.79104	572.70514	717.34328
S4_35	1	0	767.59706	695.14925	1117.13326	719.25373
S4_35	2	0	1025.42183	940.50746	813.07975	964.38806
S4_35	2	1	225.67051	976.07463	44.32319	951.35821
S4_35	3	0	1157.72403	965.19403	914.52676	998.55224
S4_35	3	1	1416.22665	991.41791	1131.47639	1047.61194
S4_35	4	0	493.41763	993.79104	331.00210	977.14925
S4_35	4	1	292.87618	1016.94030	119.71459	989.49254
S4_35	5	0	624.55404	860.85075	563.52256	867.00000
S4_35	5	1	478.77335	921.13433	388.27702	915.61194
S4_35	6	0	1267.97377	648.23881	750.38720	672.70149
S4_35	6	1	1498.96537	546.58209	899.53200	572.05970
S4_35	7	0	1403.71249	650.55224	853.90556	677.53731
S4_35	7	1	1698.84575	668.71642	1036.71983	699.50746
S4_35	8	0	1283.83736	328.52239	1494.03253	329.46269
S4_35	8	1	1349.81847	332.58209	1574.11647	330.22388
S4_35	9	0	994.67051	374.29851	968.61175	395.68657
S4_35	9	1	1126.12907	419.20896	1088.98951	435.26866
S4_35	10	0	1078.71039	977.65672	800.37041	1002.16418
S4_35	10	1	639.11018	1012.13433	324.95908	1004.40299
S4_35	11	0	1194.94229	931.32836	980.78594	970.17910
S4_35	11	1	1220.20881	1044.98507	865.93494	1077.97015
S4_35	12	0	992.67261	947.58209	722.72928	969.67164
S4_35	12	1	1404.28541	993.89552	1123.93809	1046.00000
S4_35	13	0	940.50682	938.08955	706.86149	954.97015
S4_35	13	1	1606.91605	884.50746	1343.80588	946.04478
S4_35	14	0	829.59496	737.68657	932.35782	763.47761
S4_35	14	1	909.17524	742.25373	1019.99685	769.56716
S4_35	15	0	1114.05247	852.73134	988.66632	881.26866
S4_35	15	1	1395.86254	973.89552	1121.38930	1026.53731
S4_35	16	0	1123.28017	863.19403	1028.79643	896.41791
S4_35	16	1	855.11857	855.40299	743.21826	873.58209
S4_35	17	0	1114.49948	793.67164	1187.90031	823.29851
S4_35	17	1	1282.68101	785.28358	1392.34627	826.58209
S4_35	18	0	529.83631	537.37313	160.83211	562.49254
S4_35	18	1	748.43022	485.10448	269.62539	509.46269
S4_36	0	0	1271.97821	720.39642	486.39648	717.62742
S4_36	0	1	1333.93965	726.83458	546.34619	722.85842
S4_36	1	0	123.52054	709.77496	395.73177	723.68703
S4_36	1	1	213.24392	700.11773	475.79883	712.82265
S4_36	2	0	543.71668	519.23696	682.91199	552.16542
S4_36	2	1	735.23386	532.11326	866.38223	561.42027
S4_36	3	0	929.99329	738.67958	1245.10729	773.33234
S4_36	4	0	816.42414	612.68703	886.89606	635.38450
S4_36	4	1	930.69070	603.02981	991.90863	628.94635
S4_36	5	0	900.93546	861.75857	871.65381	880.55589
S4_36	5	1	1497.75189	969.74665	1277.19363	1013.60656
S4_36	6	0	1504.60771	714.03726	1476.73261	743.60358
S4_36	6	1	1236.24225	650.86289	1227.67980	672.38152
S4_36	7	0	1088.13915	91.34128	1157.95893	103.41282
S4_36	7	1	1018.93546	45.46945	1092.77871	65.58867
S4_36	8	0	841.79547	138.82265	969.70159	174.74814
S4_36	8	1	768.56832	101.40089	909.00168	144.45604
S4_36	9	0	845.01425	213.26379	934.34954	246.25931
S4_36	9	1	768.16597	170.61103	862.73177	206.42325
S4_36	10	0	912.79128	283.71982	1027.89271	307.23249
S4_36	10	1	840.36882	242.27422	961.10310	276.24888
S4_36	11	0	862.09556	304.64382	988.46270	338.21610
S4_36	11	1	801.34116	274.86736	932.13412	310.85395
S4_36	12	0	849.22045	312.69151	951.84912	343.84948
S4_36	12	1	771.56748	274.06259	877.01257	311.25633
S4_36	13	0	1177.73680	312.22951	1292.43588	323.61550
S4_36	13	1	1091.23219	278.02683	1207.94300	293.43666
S4_36	14	0	1225.21375	348.04173	1316.97904	358.62295
S4_36	14	1	1161.64292	316.25335	1253.00587	324.82265
S4_36	15	0	783.55574	426.13413	806.65046	451.57973
S4_36	15	1	676.53143	425.73174	711.29422	458.82265
S4_36	16	0	713.84996	530.22504	738.25147	556.60209
S4_36	16	1	614.06790	536.66319	638.87175	562.23547
S4_36	17	0	844.61274	542.69896	875.04946	567.86885
S4_36	17	1	747.64711	539.88227	774.06035	563.44262
S4_36	18	0	624.52892	464.23398	667.05365	498.24888
S4_36	18	1	522.33277	428.01937	579.34199	465.25335
S4_36	19	0	568.20034	469.86736	604.68986	503.47988
S4_36	19	1	456.34786	444.51714	508.93127	480.94635
S4_36	20	0	430.54820	460.01788	494.84912	498.24888
S4_36	20	1	320.30511	424.60805	405.93043	469.27720
S4_36	21	0	260.85750	374.89866	361.76781	428.50820
S4_36	21	1	129.69237	342.70790	269.22800	406.37705
S4_36	22	0	303.50629	451.35171	404.01425	494.09687
S4_36	22	1	202.91953	419.16095	333.20117	467.53949
S4_36	23	0	351.63118	565.07303	380.75189	593.37258
S4_36	23	1	210.80972	563.86587	251.59849	591.76304
S4_36	24	0	302.54484	526.84650	370.29086	560.77943
S4_36	24	1	185.46186	525.63934	293.44258	559.16990
S4_36	25	0	924.65465	567.19672	929.18106	590.38003
S4_36	25	1	824.06790	576.04918	813.30511	599.23249
S4_36	26	0	913.58005	921.99404	623.45851	922.28912
S4_36	26	1	1146.13663	1046.33085	838.71417	1061.91654
S4_36	27	0	1333.50210	1005.15648	1104.29086	1042.17586
S4_36	27	1	1479.95641	1011.59463	1321.96060	1065.91654
S4_36	28	0	525.74769	832.34873	581.88097	835.32489
S4_36	28	1	640.41660	848.44411	715.46018	860.27273
S4_36	29	0	850.70243	1035.33532	606.01844	1036.94486
S4_36	29	1	677.69321	961.29657	501.40821	959.28465
S4_36	30	0	653.15004	1015.61848	397.20034	997.91356
S4_36	30	1	888.92540	985.84203	689.70662	989.06110
S4_36	31	0	1101.56496	899.44858	971.98240	921.88674
S4_36	31	1	650.89271	1014.81371	397.98994	995.90164
S4_36	32	0	1069.40821	716.95827	865.00587	732.24888
S4_36	32	1	1155.10813	634.06706	991.34283	651.77198
S4_36	33	0	801.61526	776.04173	636.47276	787.37556
S4_36	33	1	923.12406	699.58867	783.32942	712.53204
S4_36	34	0	737.08801	595.53949	380.81056	608.42027
S4_36	34	1	896.81978	611.63487	589.22632	623.71088
S4_36	35	0	1898.67561	700.62742	1585.82230	715.19374
S4_36	35	1	1681.40821	852.37258	1399.39648	889.62742
S4_36	36	0	1390.86924	767.90611	1226.54065	796.63934
S4_36	36	1	1537.32355	687.02683	1331.15088	706.10283
S4_37	0	0	1351.79128	714.01788	516.02934	725.22504
S4_37	0	1	1413.35038	717.63934	574.36966	724.82265
S4_37	1	0	1473.89941	699.53204	1627.56412	701.20119
S4_37	1	1	1519.76697	717.63934	1691.13495	721.32042
S4_37	2	0	1113.76362	951.23696	1209.60017	971.35618
S4_37	2	1	1055.42330	951.23696	1155.28332	970.95380
S4_37	3	0	548.87259	835.43219	696.24811	847.00596
S4_37	3	1	505.41911	853.13711	662.45096	858.27273
S4_37	4	0	1174.12657	926.54396	900.54484	929.44411
S4_37	4	1	1227.63873	1001.78987	872.78290	1009.11624
S4_37	5	0	1319.23638	1051.02832	959.79883	1067.12370
S4_37	5	1	1170.56832	804.29657	923.09975	809.49627
S4_37	6	0	689.27158	330.27273	551.03688	369.67511
S4_37	6	1	502.98491	210.36215	330.65801	273.24888
S4_37	7	0	1454.54149	586.69151	1356.68567	579.37258
S4_37	7	1	1378.90025	639.80626	1242.41911	638.12072
S4_37	8	0	1623.74853	346.43219	1160.91618	320.97019
S4_37	8	1	1322.40402	343.66319	737.72422	349.39195
S4_37	9	0	622.54484	504.31297	412.43168	539.38450
S4_37	9	1	290.98240	470.83458	70.00838	520.57973
S4_37	10	0	1279.52137	595.15350	1166.86924	595.73920
S4_37	10	1	1170.48533	613.26080	1084.79044	617.06557
S4_37	11	0	1348.88097	826.27273	842.09975	832.98063
S4_37	11	1	1182.99413	627.01788	751.68148	637.50820
S4_37	12	0	1890.62867	639.83458	1438.34116	624.91803
S4_37	12	1	1668.93546	606.43666	1283.03521	590.71535
S4_37	13	0	1915.17184	361.99404	1846.37049	294.33681
S4_37	13	1	1798.89355	336.64382	1744.57670	273.81520
S4_37	14	0	1417.87091	299.37407	622.76362	300.40835
S4_37	14	1	1534.21291	62.36960	790.55658	44.66468
S4_37	15	0	716.34954	387.20119	374.94719	430.69151
S4_37	15	1	564.92791	522.83905	187.05113	561.86885
S4_37	16	0	1063.99413	276.76304	444.22464	303.81073
S4_37	16	1	1252.87678	393.79881	746.85750	395.12966
S4_37	17	0	1002.23219	361.07004	1230.51635	359.82712
S5_116	0	0	1339.80797	685.31343	499.20147	702.38806
S5_116	0	1	1397.22665	684.80597	560.90136	705.43284
S5_116	1	0	1332.96432	786.97015	1319.00839	829.43284
S5_116	1	1	1380.05771	806.50746	1357.28751	851.00000
S5_116	2	0	1234.97901	773.65672	1356.63694	813.11940
S5_116	2	1	1263.68835	776.70149	1386.10178	817.43284
S5_116	3	0	673.81532	465.04478	848.24344	470.05970
S5_116	4	0	343.85519	730.74627	447.04092	700.61194
S5_116	4	1	212.90031	735.31343	326.66317	701.37313
S5_116	5	0	1398.48269	808.80597	1386.92760	861.40299
S5_116	5	1	1475.29276	847.37313	1449.13116	910.11940
S5_116	6	0	123.39979	700.94030	323.93075	668.20896
S5_116	6	1	23.67261	724.53731	259.46065	679.11940
S5_116	7	0	1025.12592	892.80597	794.26338	900.92537
S5_116	7	1	894.53830	828.32836	691.74187	826.13433
S5_116	8	0	269.76180	676.74627	332.52256	648.25373
S5_116	8	1	178.84890	677.50746	271.57817	644.70149
S5_116	9	0	1019.98216	818.00000	755.74502	828.73134
S5_116	9	1	936.37251	751.01493	633.85624	752.10448
S5_116	10	0	917.48374	819.91045	674.49318	821.07463
S5_116	10	1	762.85624	778.80597	523.89507	768.04478
S5_116	11	0	955.83316	771.28358	727.65477	775.65672
S5_116	11	1	827.26967	678.01493	591.86149	675.01493
S5_116	12	0	148.83526	745.52239	330.52256	702.47761
S5_116	12	1	1.00735	725.73134	204.85624	678.88060
S5_116	13	0	1150.28751	888.16418	813.79119	903.89552
S5_116	13	1	870.23295	911.79104	444.65373	899.13433
S5_116	14	0	633.51941	856.79104	403.45855	831.55224
S5_116	14	1	426.91501	826.50746	120.79958	787.31343
S5_116	15	0	1078.92865	685.65672	982.07555	700.92537
S5_116	15	1	907.93179	703.67164	826.18888	707.26866
S5_116	16	0	1324.53200	824.14925	1343.19727	869.20896
S5_116	16	1	1010.51207	811.50746	903.00735	825.61194
S5_116	17	0	477.86674	835.97015	519.05037	807.02985
S5_116	17	1	418.93704	855.00000	457.09864	818.44776
S5_116	18	0	1368.15845	849.89552	1189.62539	892.83582
S5_116	18	1	1162.56978	750.76119	1038.93704	772.38806
S5_116	19	0	946.02099	840.91045	426.86254	832.28358
S5_116	19	1	737.30325	792.44776	80.34732	769.95522
S5_116	20	0	1403.95173	671.31343	1534.53620	715.00000
S5_116	20	1	1500.15320	635.28358	1644.33683	683.02985
S5_116	21	0	464.51731	719.08955	315.27072	694.70149
S5_116	21	1	328.20357	690.35821	124.30850	661.65672
S5_116	22	0	405.75236	679.94030	371.18993	656.40299
S5_116	22	1	302.75131	652.02985	234.69465	622.65672
S5_116	23	0	1343.09654	469.53731	39.53830	471.07463
S5_116	23	1	1880.96537	375.16418	567.94019	387.11940
S5_116	24	0	1203.67891	674.07463	1228.06506	701.13433
S5_116	24	1	1082.54565	652.50746	1112.47219	670.43284
S5_116	25	0	323.34418	715.82090	293.75446	684.56716
S5_116	25	1	177.78279	646.80597	203.84890	618.08955
S5_116	26	0	1151.89297	829.35821	1018.50682	852.17910
S5_116	26	1	1347.24134	830.49254	1198.99685	870.82090
S5_116	27	0	1153.98951	836.41791	829.43232	851.01493
S5_116	27	1	999.11018	804.19403	599.79958	803.23881
S5_116	28	0	1485.61805	879.26866	1243.98741	932.29851
S5_116	28	1	1377.83211	878.25373	1056.11752	919.35821
S5_116	29	0	583.69780	903.11940	388.59601	872.38806
S5_116	29	1	342.73662	833.52239	189.63274	790.86567
S5_116	30	0	1126.92865	766.38806	1051.06821	786.91045
S5_116	30	1	964.74607	752.68657	889.64113	761.53731
S5_116	31	0	232.55929	628.53731	389.84050	606.98507
S5_116	31	1	80.45016	566.37313	271.47744	546.34328
S5_116	32	0	1053.74397	245.59701	534.12802	254.02985
S5_116	32	1	1434.81847	202.70149	760.32634	203.85075
S5_116	33	0	635.88667	517.86567	372.92340	511.88060
S5_116	33	1	369.81952	309.59701	80.41343	314.26866
S5_116	34	0	1270.25079	785.98507	1176.04827	816.73134
S5_116	34	1	1146.59916	773.55224	1084.88353	797.19403
S5_116	35	0	1641.80168	864.40299	1511.66002	935.97015
S5_116	35	1	1490.44806	886.73134	1304.39874	947.64179
S5_116	36	0	1253.55614	483.52239	1114.26023	497.28358
S5_116	36	1	1330.86988	541.88060	1134.40714	570.86567
S5_116	37	0	937.37041	924.32836	633.26548	919.76119
S5_116	37	1	661.84155	831.29851	391.75341	809.29851
S5_116	38	0	1365.98216	963.88060	808.66422	994.43284
S5_116	38	1	930.41868	954.71642	338.85100	940.35821
S5_116	39	0	1232.52256	756.37313	1021.69150	782.73134
S5_116	39	1	1073.86569	748.25373	895.77335	764.71642
S5_116	40	0	1452.62749	810.50746	983.70409	846.64179
S5_116	40	1	1299.00735	809.23881	752.01469	831.92537
S5_116	41	0	939.55929	685.34328	641.96013	686.58209
S5_116	41	1	764.78489	670.62687	501.18363	666.79104
S5_116	42	0	1412.45435	897.68657	1199.94334	947.29851
S5_116	42	1	1254.30115	851.00000	1031.96852	881.07463
S5_116	43	0	884.12592	904.94030	678.06191	901.43284
S5_116	43	1	912.27492	828.70149	760.85939	831.28358
S5_116	44	0	981.74711	712.00000	615.94753	710.37313
S5_116	44	1	826.17629	674.10448	531.58237	670.02985
S5_116	45	0	1157.04617	904.00000	650.35677	914.25373
S5_116	45	1	1000.90766	934.44776	390.53095	926.05970
S5_39	0	0	1314.55658	734.97019	523.84912	746.55589
S5_39	0	1	1374.50629	734.16542	584.20117	744.94635
S5_39	1	0	195.54065	534.43219	478.95474	565.05365
S5_39	1	1	306.58843	583.52310	566.26404	606.90164
S5_39	2	0	197.77871	761.72280	433.70914	765.75112
S5_39	2	1	141.45013	762.12519	379.39229	765.34873
S5_39	3	0	311.31852	796.73920	404.61526	799.72727
S5_39	3	1	168.08298	750.06259	296.78625	756.26975
S5_39	4	0	892.30260	594.84650	1043.72087	605.43219
S5_39	4	1	953.05700	573.92250	1115.74099	582.09389
S5_39	5	0	983.38474	655.22504	1081.61526	665.28465
S5_39	5	1	1087.59262	687.01341	1198.29589	696.26826
S5_39	6	0	238.59179	775.32489	462.82649	778.82265
S5_39	6	1	122.71584	798.26080	373.90780	794.51565
S5_39	7	0	871.00587	1045.79732	476.00168	1044.18778
S5_39	7	1	699.20369	995.90164	316.26991	991.07303
S5_39	8	0	1289.33780	591.04173	1010.05281	594.97019
S5_39	8	1	1113.10981	585.40835	819.34032	594.97019
S5_39	9	0	1206.34954	688.22057	925.90025	696.55589
S5_39	9	1	1328.66303	687.01341	1059.88181	694.14158
S5_39	10	0	454.09975	681.78689	250.18944	698.61550
S5_39	10	1	133.98156	686.99404	39.76194	704.65127
S5_39	11	0	798.61442	760.31297	936.59179	771.39642
S5_39	11	1	884.31433	733.35320	1015.04946	744.43666
S5_39	12	0	1400.52137	631.67511	1618.63873	632.38450
S5_39	12	1	1366.72422	586.60805	1589.26739	582.89121
S5_39	13	0	815.82230	448.40835	309.16597	478.04173
S5_39	13	1	563.24811	244.60358	33.39480	305.81073
S5_39	14	0	700.49036	662.14158	761.70495	675.05365
S5_39	14	1	810.33110	596.15052	865.91282	609.86736
S5_39	15	0	420.22464	601.00596	721.07209	620.99404
S5_39	16	0	1105.06454	680.32489	751.70075	689.79881
S5_39	16	1	1276.06203	604.67660	950.05784	608.11475
S5_39	17	0	1201.92372	723.44411	969.77284	733.65872
S5_39	17	1	1302.51048	615.20268	1018.85918	619.78390
S5_39	18	0	887.61526	215.76304	617.00587	244.44858
S5_39	18	1	869.10729	328.02832	659.65465	351.88525
S5_39	19	0	832.19698	520.95380	624.06035	540.06557
S5_39	19	1	950.48701	446.91505	679.58424	463.61252
S5_39	20	0	951.29170	524.97765	655.84577	540.46796
S5_39	20	1	1013.65549	597.00447	778.96396	607.66617
S5_39	21	0	1107.55574	701.13264	887.21291	711.06557
S5_39	21	1	1206.93546	570.35768	943.94384	575.86438
S5_39	22	0	860.77871	597.44113	633.31852	612.89419
S5_39	22	1	909.46270	692.80626	732.69824	701.82116
S5_39	23	0	610.51718	542.26975	305.84912	569.31297
S5_39	23	1	652.36127	639.24441	417.70159	657.43517
S5_39	24	0	806.02515	357.14605	487.01760	388.76304
S5_39	24	1	863.56077	492.74963	575.13160	513.09985
S5_39	25	0	652.28751	589.55142	501.79128	609.94635
S5_39	25	1	622.60352	704.40835	448.68148	716.17586
S5_39	26	0	1088.41241	591.79881	882.33780	601.85842
S5_39	26	1	964.89187	586.97019	753.58676	599.04173
S5_39	27	0	1177.33110	612.72280	941.48282	619.56334
S5_39	27	1	1340.67812	648.46796	1082.70662	652.96125
S5_39	28	0	989.01760	679.43219	672.77536	692.98212
S5_39	28	1	1118.97569	626.31744	758.07293	636.64829
S5_39	29	0	1128.97066	416.92996	865.40821	423.38450
S5_39	29	1	1274.21794	502.63785	977.26069	502.65425
S5_39	30	0	1124.62028	649.84650	1012.82230	657.98212
S5_39	30	1	984.20117	628.52012	864.35624	639.47243
S5_39	31	0	1092.38894	446.83458	1002.14250	451.40835
S5_39	31	1	1226.77284	468.56334	1125.26069	467.90611
S5_39	32	0	915.31014	684.27273	618.91199	695.55589
S5_39	32	1	990.14669	699.56334	740.42079	710.84650
S5_39	33	0	1318.98240	605.40387	1116.00587	608.46796
S5_39	33	1	1183.79380	576.02981	1027.08718	581.50820
S5_40	0	0	1347.58424	697.36066	500.72422	661.97019
S5_40	0	1	1405.52221	705.00596	557.85750	670.42027
S5_40	1	0	82.88349	220.61550	196.74769	289.92996
S5_40	1	1	150.88013	226.65127	281.24057	293.55142
S5_40	2	0	176.22800	436.95827	449.45516	486.75112
S5_40	2	1	67.19195	437.36066	364.15759	489.56781
S5_40	3	0	200.36882	355.87034	201.17351	397.21311
S5_40	3	1	309.40486	348.22504	329.92456	390.37258
S5_40	4	0	88.91869	647.53204	434.43588	675.37258
S5_40	5	0	315.95474	636.67511	287.93546	645.11773
S5_40	5	1	48.28164	606.95827	38.22297	613.39642
S5_40	6	0	1812.97569	511.06557	1906.72255	525.14903
S5_40	6	1	1676.17770	519.11326	1724.86169	537.22057
S5_40	7	0	1675.77536	695.01788	1501.18944	720.84650
S5_40	7	1	1827.05784	699.84650	1651.66723	725.67511
S5_40	8	0	1267.01760	823.40835	1100.54904	851.27720
S5_40	8	1	882.21291	908.44411	694.86924	914.29657
S5_40	9	0	868.93546	920.51565	686.41995	925.56334
S5_40	9	1	510.83403	804.93443	384.99413	799.70343
S5_40	10	0	686.65465	814.07750	482.05281	809.21311
S5_40	10	1	461.34032	904.21162	224.91199	878.63934
S5_40	11	0	575.02515	548.01788	613.10729	574.60358
S5_40	11	1	662.73680	523.07004	707.25650	552.47243
S5_40	12	0	1246.98240	144.98212	960.41576	142.44411
S5_40	12	1	1386.19447	169.52757	1164.00335	158.53949
S5_40	13	0	1137.09975	804.50373	840.17770	812.68703
S5_40	13	1	911.78541	750.58420	668.37552	755.14605
S5_40	14	0	964.18525	861.50820	801.24392	875.46051
S5_40	14	1	1248.20872	921.97019	1072.88852	954.85842
S5_40	15	0	521.18944	419.57973	510.61526	451.04173
S5_40	15	1	361.45767	366.46498	379.45013	406.37705
S5_40	16	0	1504.00587	711.88227	1427.66974	746.76304
S5_40	16	1	1617.87008	722.34426	1583.37804	763.26080
S5_40	17	0	936.46689	841.12966	735.88349	849.85097
S5_40	17	1	787.59849	837.91058	572.65801	836.34873
S5_40	18	0	292.11484	632.63934	304.30260	644.68703
S5_40	18	1	399.54149	649.53949	410.52221	662.39195
S5_40	19	0	559.92037	645.73920	706.95893	674.73920
S5_40	19	1	476.63453	645.73920	631.31769	672.72727
S5_40	20	0	303.25566	603.75857	492.29086	633.01788
S5_40	20	1	209.10645	591.28465	410.61442	618.93443
S5_40	21	0	376.30595	460.13413	426.04526	492.21311
S5_40	21	1	509.48282	519.68703	539.90947	546.93741
S5_40	22	0	303.64292	472.01788	340.75189	501.85842
S5_40	22	1	359.97150	502.59911	405.93210	529.62295
S5_40	23	0	710.76781	519.11326	806.72422	553.06557
S5_40	23	1	571.15339	505.02981	667.10981	539.38450
S5_40	24	0	1841.13998	500.82265	1891.83571	510.72280
S5_40	24	1	1727.67812	483.92250	1785.21375	497.04173
S5_40	25	0	557.56832	650.26080	471.15423	660.39642
S5_40	25	1	327.31852	529.01788	227.72842	542.55589
S5_40	26	0	1652.82230	688.85842	1531.89187	718.31297
S5_40	26	1	1857.21459	698.91803	1729.84661	730.38450
S5_40	27	0	636.14669	485.12966	849.41995	530.85097
S5_40	27	1	539.58340	473.46051	758.48952	517.97466
S5_40	28	0	944.76362	729.32042	800.19614	743.87928
S5_40	28	1	864.69656	642.40537	707.81056	654.23696
S5_40	29	0	948.00503	573.93443	829.30679	591.84650
S5_40	29	1	845.80889	531.68405	719.06370	547.58420
S5_40	30	0	980.99749	496.27422	783.03688	509.35768
S5_40	30	1	984.61861	619.00149	771.77117	632.48733
S5_40	31	0	1023.24392	649.98510	898.51048	667.49478
S5_40	31	1	923.05951	583.59165	823.27158	601.90611
S5_40	32	0	1199.06957	593.24888	951.21794	602.71088
S5_40	32	1	1072.73261	522.83159	852.24057	531.89121
S5_40	33	0	1445.27578	382.77496	1241.30679	381.43219
S5_40	33	1	1302.44258	416.97765	1086.40319	422.07303
S5_40	34	0	1081.06035	216.12966	885.44761	229.83905
S5_40	34	1	1175.20956	312.29955	998.50712	320.37556
S5_40	35	0	965.98910	185.14605	835.15423	207.70790
S5_40	35	1	978.86421	309.08048	872.17016	330.03279
S5_40	36	0	627.70914	190.85842	507.66220	230.22504
S5_40	36	1	598.74015	57.26677	447.31014	107.09538
S5_40	37	0	1047.04610	805.61997	850.40821	819.78689
S5_40	37	1	918.69740	806.82712	687.86002	811.33681
S5_40	38	0	1117.95054	815.24441	943.75272	834.27273
S5_40	38	1	1235.83822	743.21759	1075.32020	765.06259
S5_40	39	0	386.39648	536.57973	390.82230	557.78689
S5_40	39	1	227.46940	497.14605	251.61023	521.97466
S5_40	40	0	1013.60352	483.88674	1088.38474	514.81073
S5_40	40	1	1104.93630	538.20864	1180.11987	569.53502
S5_40	41	0	587.91199	426.33681	609.97402	459.34873
S5_40	41	1	696.14334	418.28912	722.22883	450.49627
S5_40	42	0	620.09975	442.02981	656.24392	473.83458
S5_40	42	1	501.40738	465.77049	558.87594	499.18480
S5_40	43	0	505.02850	519.28763	511.39899	545.05663
S5_40	43	1	419.32858	475.42772	401.97066	502.16542
S5_40	44	0	1545.77117	279.36811	1799.69824	282.21311
S5_40	44	1	1457.25482	256.02981	1681.40821	262.09389
S5_48	0	0	1314.49003	735.44776	516.73662	679.86567
S5_48	0	1	1372.41238	739.50746	574.24344	682.14925
S5_48	1	0	838.21616	562.41791	849.89087	556.29851
S5_48	1	1	889.08709	579.41791	910.07975	568.98507
S5_48	2	0	806.73977	641.79104	1046.04512	641.73134
S5_48	3	0	542.35152	718.58209	288.62015	701.68657
S5_48	3	1	434.06191	668.08955	211.05456	657.79104
S5_48	4	0	1544.61175	122.05970	1436.90031	28.16418
S5_48	4	1	1705.28332	217.71642	1632.73242	110.56716
S5_48	5	0	1531.86884	434.59701	1610.95908	370.92537
S5_48	5	1	1590.04302	450.07463	1701.11647	383.61194
S5_48	6	0	1719.31375	410.52239	1649.57712	332.28358
S5_48	6	1	1834.65477	466.85075	1835.93599	381.76119
S5_48	7	0	1599.58552	587.11940	1727.90556	538.86567
S5_48	7	1	1641.89402	607.67164	1810.25603	561.95522
S5_48	8	0	1027.16789	700.79104	981.02623	680.83582
S5_48	8	1	951.86884	671.61194	907.74187	654.95522
S5_48	9	0	933.56034	420.23881	973.24764	409.31343
S5_48	9	1	1041.09444	414.14925	1085.56663	393.83582
S5_48	10	0	959.29171	140.40299	952.50682	128.67164
S5_48	10	1	1026.28017	169.07463	1049.21196	149.98507
S5_48	11	0	332.03673	91.13433	123.58762	154.22388
S5_48	11	1	461.22875	131.98507	329.77230	179.01493
S5_48	12	0	834.25079	619.74627	946.47849	615.13433
S5_48	12	1	786.90556	609.08955	894.85205	607.52239
S5_48	13	0	547.23924	602.65672	738.72298	611.19403
S5_48	13	1	397.64848	593.26866	608.77545	611.44776
S5_48	14	0	1339.22560	183.58209	1382.31584	120.17910
S5_48	14	1	1472.19517	204.89552	1531.65477	124.49254
S5_48	15	0	1508.18153	648.23881	1575.64848	613.10448
S5_48	15	1	1632.08499	658.89552	1703.58132	617.16418
S5_48	16	0	727.94544	779.91045	768.38090	767.86567
S5_48	16	1	602.78279	731.44776	639.18888	729.29851
S5_48	17	0	724.44911	769.08955	906.79119	766.44776
S5_48	17	1	670.05247	780.00000	858.43861	777.10448
S5_48	18	0	526.29486	841.80597	562.07240	832.62687
S5_48	18	1	442.18153	863.37313	457.81217	848.61194
S5_48	19	0	1407.92025	758.53731	1063.50682	721.44776
S5_48	19	1	1772.61070	549.82090	1338.54355	471.88060
S5_48	20	0	1563.83945	803.73134	1702.78069	788.97015
S5_48	20	1	1646.94544	807.02985	1808.55194	790.74627
S5_48	21	0	1592.13536	830.95522	1697.35782	814.47761
S5_48	21	1	1691.86254	831.97015	1829.57188	812.95522
S5_48	22	0	776.13536	772.20896	863.66842	760.01493
S5_48	22	1	873.59601	694.82090	952.81847	687.44776
S5_48	23	0	396.68835	694.64179	273.89192	688.67164
S5_48	23	1	156.50892	625.10448	30.47219	633.08955
S5_48	24	0	1019.57083	812.35821	828.03987	788.92537
S5_48	24	1	1146.15530	834.26866	1004.73977	810.83582
S5_48	25	0	1098.91501	893.32836	844.20357	866.62687
S5_48	25	1	1272.85519	871.76119	1022.67681	844.29851
S5_48	26	0	1075.88562	835.89552	844.59496	807.41791
S5_48	26	1	1227.99475	762.56716	948.09969	732.82090
S5_48	27	0	1118.45121	432.02985	856.21406	397.98507
S5_48	27	1	1095.74921	280.28358	847.36306	247.76119
S5_48	28	0	1230.80483	713.23881	1258.90976	691.58209
S5_48	28	1	1363.77440	715.77612	1387.09444	688.79104
S5_48	29	0	85.31060	662.43284	33.99790	664.94030
S5_48	29	1	294.83841	622.85075	175.02623	626.11940
S5_48	30	0	940.43127	805.86567	990.75866	791.85075
S5_48	30	1	999.36097	791.91045	1073.61280	781.44776
S5_48	31	0	1204.27912	861.19403	1185.81427	847.61194
S5_48	31	1	1387.36411	857.13433	1378.21721	842.53731
S5_48	32	0	1136.84155	832.98507	1071.82162	813.02985
S5_48	32	1	1282.15110	869.77612	1226.44911	851.85075
S5_48	33	0	978.71563	832.82090	1028.78384	820.07463
S5_48	33	1	919.28227	783.34328	996.29696	771.61194
S5_48	34	0	331.02623	561.65672	401.48583	576.52239
S5_48	34	1	200.32319	503.55224	310.32109	532.37313
S5_48	35	0	615.79643	642.49254	802.32634	646.07463
S5_48	35	1	549.05981	620.41791	748.18153	625.77612
S5_48	36	0	1002.88667	729.95522	1133.10178	720.32836
S5_48	36	1	897.11542	707.37313	1028.58972	697.74627
S5_48	37	0	670.78909	767.01493	783.06506	761.14925
S5_48	37	1	551.92235	720.07463	674.01994	717.50746
S5_48	38	0	837.84575	1007.82090	530.11857	969.77612
S5_48	38	1	611.63379	903.59701	397.08604	873.41791
S5_48	39	0	1051.88143	818.41791	919.84260	793.10448
S5_48	39	1	840.01784	800.86567	646.72403	784.80597
S5_48	40	0	722.75446	851.25373	565.77440	826.88060
S5_48	40	1	435.24974	709.98507	298.16474	700.32836
S5_48	41	0	1018.59077	489.79104	751.49528	466.83582
S5_48	41	1	902.19203	241.04478	537.38405	233.05970
S5_48	42	0	55.15215	492.11940	388.86149	534.01493
S5_48	42	1	154.37566	483.23881	454.59077	521.58209
S8_124	0	0	1279.76390	695.11940	505.11333	716.41791
S8_124	0	1	1336.67891	696.13433	566.30955	720.22388
S8_124	1	0	1408.57398	675.25373	1661.32949	712.95522
S8_124	1	1	1321.18678	681.34328	1548.50682	716.50746
S8_124	2	0	1667.68625	707.82090	1746.27072	755.92537
S8_124	2	1	1529.25289	679.01493	1567.79538	718.23881
S8_124	3	0	311.40294	813.62687	147.07240	809.05970
S8_124	3	1	162.81952	847.62687	15.36201	828.34328
S8_124	4	0	989.10178	599.26866	1035.62749	624.26866
S8_124	4	1	894.41133	584.29851	956.29906	607.01493
S8_124	5	0	1599.21091	932.17910	1177.17943	990.94030
S8_124	5	1	1746.53515	1010.32836	1259.78174	1078.22388
S8_124	6	0	1373.45121	830.19403	1394.45645	879.13433
S8_124	6	1	1317.79538	824.61194	1351.39244	869.23881
S8_124	7	0	845.38930	613.16418	927.56034	639.29851
S8_124	7	1	1016.38615	622.80597	1102.83841	648.68657
S8_124	8	0	793.68835	463.89552	884.31689	490.31343
S8_124	8	1	730.47744	488.00000	836.21616	517.71642
S8_124	9	0	1456.24134	839.85075	1140.57398	885.85075
S8_124	9	1	1238.80483	832.11940	955.47219	866.25373
S8_124	10	0	1184.89612	606.98507	1494.50997	633.55224
S8_124	11	0	1125.52151	878.61194	1036.72718	914.04478
S8_124	11	1	1337.93494	855.20896	1212.37251	901.55224
S8_124	12	0	1129.12172	842.62687	765.61070	869.56716
S8_124	12	1	798.07135	831.35821	556.70094	845.61194
S8_124	13	0	742.71354	504.91045	622.59601	531.44776
S8_124	13	1	573.73137	477.25373	452.10283	508.10448
S8_124	14	0	474.50577	461.53731	285.30010	497.29851
S8_124	14	1	248.39664	417.26866	21.15425	462.04478
S8_124	15	0	572.80902	573.82090	479.62539	599.80597
S8_124	15	1	363.40399	607.76119	301.82896	628.22388
S8_124	16	0	1030.54669	413.50746	1155.58132	435.92537
S8_124	16	1	952.22560	421.37313	1082.29696	445.56716
S8_124	17	0	447.78279	374.83582	423.90031	421.25373
S8_124	17	1	566.64953	436.74627	565.18048	472.25373
S8_124	18	0	938.19727	525.13433	852.11647	551.77612
S8_124	18	1	856.35047	496.97015	808.04512	524.88060
S8_124	19	0	838.54460	523.19403	504.29696	550.79104
S8_124	19	1	735.29171	478.79104	510.84470	510.44776
S8_124	20	0	1148.96747	671.79104	1249.13116	701.35821
S8_124	20	1	1072.66107	648.44776	1160.23295	671.16418
S8_124	21	0	1093.39140	602.43284	1053.99580	629.11940
S8_124	21	1	1225.35362	695.04478	1190.49108	727.05970
S8_124	22	0	1459.23820	768.70149	1280.38405	815.32836
S8_124	22	1	1580.87513	749.41791	1463.46905	798.32836
S8_124	23	0	1459.47009	847.55224	1113.90976	891.80597
S8_124	23	1	1572.79643	841.46269	1319.40818	895.35821
S8_124	24	0	1463.62434	747.47761	1444.21616	789.29851
S8_124	24	1	1759.78909	712.08955	1796.11647	762.02985
S8_124	25	0	1211.44176	643.56716	1395.01364	673.61194
S8_124	25	1	1137.65373	627.32836	1335.32844	658.13433
S8_124	26	0	720.83001	830.62687	535.61490	836.40299
S8_124	26	1	484.81532	765.10448	226.09969	769.38806
S8_124	27	0	1466.38930	563.46269	1454.33578	589.10448
S8_124	27	1	1605.65477	502.05970	1587.55719	514.50746
S8_124	28	0	1150.16789	563.52239	1156.67681	585.28358
S8_124	28	1	1041.62644	539.41791	1031.76600	561.17910
S8_124	29	0	1011.43966	479.85075	880.26128	502.08955
S8_124	29	1	842.96118	415.40299	740.49213	445.00000
S8_124	30	0	1241.24974	470.92537	1275.06925	488.23881
S8_124	30	1	1365.90871	485.13433	1382.85519	498.13433
S8_124	31	0	1000.46275	514.97015	1014.26967	539.14925
S8_124	31	1	1130.66212	520.55224	1134.14376	539.91045
S8_124	32	0	1235.81427	578.86567	1012.40399	603.16418
S8_124	32	1	1452.39349	540.80597	1206.56663	558.92537
S8_124	33	0	548.81112	437.77612	351.18993	473.14925
S8_124	33	1	267.41133	411.97015	89.93704	455.46269
S8_124	34	0	677.45645	322.08955	673.44176	358.61194
S8_124	34	1	231.35992	192.94030	239.68520	263.97015
S8_126	0	0	1349.28961	700.70149	503.74921	661.55224
S8_126	0	1	1403.18258	707.04478	560.66422	669.92537
S8_126	1	0	1160.64848	621.94030	1320.62434	660.58209
S8_126	1	1	1216.80797	646.04478	1388.62015	688.74627
S8_126	2	0	1479.31165	585.74627	1790.55614	635.01493
S8_126	2	1	1511.54669	596.40299	1832.36097	646.43284
S8_126	3	0	1179.38510	479.59701	1096.85414	497.22388
S8_126	3	1	1277.09759	493.04478	1168.37566	505.85075
S8_126	4	0	1264.40399	613.26866	950.99580	618.37313
S8_126	4	1	1508.56139	615.35821	1138.39244	614.76119
S8_126	5	0	1186.98216	662.71642	1058.42707	679.85075
S8_126	5	1	1048.22036	634.80597	937.54565	651.68657
S8_126	6	0	924.01784	575.64179	864.73452	596.26866
S8_126	6	1	1029.53725	636.28358	948.59601	653.10448
S8_126	7	0	1475.82686	757.14925	1256.68730	780.95522
S8_126	7	1	1661.93389	747.25373	1420.38090	771.31343
S8_126	8	0	1186.20147	950.47761	905.53620	970.82090
S8_126	8	1	1437.68625	922.11940	1154.75446	953.37313
S8_126	9	0	1444.58762	944.65672	1287.36516	990.37313
S8_126	9	1	1672.10178	980.86567	1595.95488	1059.95522
S8_126	10	0	1452.09339	680.62687	1516.22770	720.76119
S8_126	10	1	1600.92865	692.80597	1707.11962	740.55224
S8_126	11	0	1507.23085	652.85075	1699.60965	701.31343
S8_126	11	1	1583.03358	662.23881	1764.33158	712.73134
S8_126	12	0	506.51522	524.83582	577.77440	554.14925
S8_126	12	1	381.35257	506.82090	464.19622	535.37313
S8_126	13	0	515.32949	497.17910	598.92865	528.01493
S8_126	13	1	415.35047	457.85075	495.92760	490.71642
S8_126	14	0	734.53410	540.22388	800.18993	571.44776
S8_126	14	1	632.28856	528.80597	697.69255	559.77612
S8_126	15	0	704.62015	524.35821	678.85939	547.97015
S8_126	15	1	602.62644	496.19403	604.31584	520.82090
S8_126	16	0	732.57398	517.00000	727.96747	540.61194
S8_126	16	1	629.06925	466.50746	650.15005	496.71642
S8_126	17	0	984.68625	650.97015	945.95803	675.52239
S8_126	17	1	861.79014	593.37313	809.46275	611.58209
S8_126	18	0	895.78804	580.94030	1006.06506	612.40299
S8_126	18	1	807.60441	569.41791	907.84890	602.25373
S8_126	19	0	1219.61805	650.80597	1321.61070	687.76119
S8_126	19	1	1152.62959	652.32836	1230.44596	688.01493
S8_126	20	0	1200.73033	625.17910	1324.88458	665.43284
S8_126	20	1	1141.80063	618.83582	1248.83001	659.34328
S8_126	21	0	1549.18993	670.43284	1815.32214	730.79104
S8_126	21	1	1486.73452	670.17910	1731.46065	724.44776
S8_126	22	0	768.56348	593.76119	850.33893	620.31343
S8_126	22	1	683.19098	577.26866	762.95173	606.10448
S8_126	23	0	1167.95173	782.29851	1094.02518	811.01493
S8_126	23	1	1325.85310	788.38806	1224.22455	821.16418
S8_126	24	0	1578.46065	798.25373	1461.94963	839.50746
S8_126	24	1	1815.99161	797.31343	1649.12382	838.34328
S8_126	25	0	903.07450	357.64179	1168.91081	399.10448
S8_126	26	0	691.67576	432.44776	887.62434	474.16418
S8_126	26	1	764.45645	424.07463	959.90136	464.52239
S8_126	27	0	1019.60021	110.38806	1209.01574	141.32836
S8_126	27	1	1062.41238	133.22388	1259.88667	161.11940
S8_126	28	0	1393.83211	119.43284	1594.84680	114.55224
S8_126	28	1	1472.15320	140.23881	1687.77440	129.77612
S8_126	29	0	1639.46275	343.67164	1548.46065	336.92537
S8_126	29	1	1730.12382	313.98507	1605.62749	292.26866
S8_126	30	0	1123.51731	646.29851	1194.52256	681.46269
S8_126	30	1	1043.93704	614.58209	1125.26758	649.74627
S8_126	31	0	1154.09864	866.49254	924.35782	883.79104
S8_126	31	1	1404.73033	825.05970	1153.07975	850.47761
S8_126	32	0	683.69255	594.23881	731.51417	621.17910
S8_126	32	1	778.88667	594.23881	826.20462	621.43284
S8_126	33	0	362.15215	576.35821	416.26967	597.74627
S8_126	33	1	459.36097	606.29851	502.64953	625.14925
S8_126	34	0	911.78804	678.52239	910.19622	703.53731
S8_126	34	1	1030.90661	690.19403	1012.44176	717.23881
S8_126	35	0	1320.41658	812.23881	1338.86884	857.94030
S8_126	35	1	1406.54460	843.19403	1411.14586	893.46269
S8_126	36	0	772.44176	622.41791	721.55404	635.98507
S8_126	36	1	667.67786	648.29851	636.93704	665.41791
S8_126	37	0	1062.33473	755.23881	827.80168	764.47761
S8_126	37	1	891.58972	745.08955	665.36726	748.49254
S8_126	38	0	1072.23295	834.35821	753.40923	837.77612
S8_126	38	1	1260.56663	876.14925	869.25393	883.19403
S8_126	39	0	1584.56558	802.04478	1502.81952	844.28358
S8_126	39	1	1686.05561	799.76119	1647.87723	850.62687
S8_126	40	0	1492.02308	721.40299	1714.00839	779.05970
S8_126	40	1	1565.81112	717.59701	1811.21721	778.29851
S8_157	0	0	1315.25985	734.40835	536.13076	739.73920
S8_157	0	1	1376.01425	736.01788	594.06873	741.34873
S8_157	1	0	1493.56329	796.37109	1598.16094	814.65425
S8_157	1	1	1604.00754	737.18778	1750.89355	750.56036
S8_157	2	0	243.32691	478.77645	260.33110	520.46498
S8_157	2	1	155.24728	356.85842	195.36044	419.67064
S8_157	3	0	1397.60855	771.22206	1387.66890	782.29061
S8_157	3	1	1476.46857	720.95678	1466.52892	729.99851
S8_157	4	0	1607.21207	784.93890	1900.68734	807.41133
S8_157	4	1	1498.77955	793.45156	1750.00838	814.70790
S8_157	5	0	326.91953	623.27869	529.44258	643.00596
S8_157	5	1	245.84661	586.18778	457.62364	610.98212
S8_157	6	0	276.40905	594.18331	550.31769	616.87332
S8_157	6	1	417.53982	661.80477	660.86421	677.50671
S8_157	7	0	1510.26655	793.07303	1705.98743	814.67064
S8_157	7	1	1621.31433	784.76304	1849.99162	806.37258
S8_157	8	0	1568.40570	750.71237	1721.24057	764.41729
S8_157	8	1	1708.68064	719.93890	1904.91199	729.18331
S8_157	9	0	529.42666	195.89866	752.14920	240.80328
S8_157	9	1	480.94384	172.18480	702.86169	223.37258
S8_157	10	0	1339.69656	905.26528	1235.49288	928.18182
S8_157	10	1	1532.44845	893.47690	1466.71584	920.58718
S8_157	11	0	315.09891	345.50969	576.10059	394.97914
S8_157	11	1	268.62783	315.51267	529.42833	367.41431
S8_157	12	0	438.69992	648.77645	661.29003	664.20864
S8_157	12	1	286.88768	609.58867	536.43839	634.38599
S8_157	13	0	593.51048	535.07452	839.65130	555.70939
S8_157	13	1	661.90947	546.83010	897.38810	564.22206
S8_157	14	0	1231.07125	858.79136	1227.70411	875.60209
S8_157	14	1	781.57502	995.57526	538.09220	993.28763
S8_157	15	0	1109.96312	967.78838	991.19447	983.68107
S8_157	15	1	781.72758	995.60060	537.56748	993.56185
S8_157	16	0	763.17100	872.19672	629.46773	876.49329
S8_157	16	1	1092.73764	982.10283	844.66555	994.42474
S8_157	17	0	1322.49120	653.84501	1639.72758	658.08793
S8_157	17	1	1373.58927	642.90015	1695.45264	645.11624
S8_157	18	0	982.60352	676.56185	1042.86169	686.45306
S8_157	18	1	1209.32607	690.74963	1269.90193	699.95231
S8_157	19	0	1508.26655	749.91356	1550.91282	761.67958
S8_157	19	1	1712.90528	758.00894	1796.07712	772.23696
S8_157	20	0	590.29505	422.85842	862.99413	448.87034
S8_157	21	0	396.94803	875.33085	42.44761	873.35768
S8_157	21	1	786.27242	756.07452	470.95977	764.96721
S8_157	22	0	71.61777	521.77645	157.06706	562.76304
S8_157	22	1	203.38642	569.81222	266.30427	599.85395
S8_157	23	0	223.59514	511.36066	364.86756	547.12966
S8_157	23	1	332.32523	499.07601	455.79799	532.94188
S8_157	24	0	929.46354	683.35768	959.42079	695.23547
S8_157	24	1	1062.43923	692.47839	1091.32942	702.35917
S8_157	25	0	563.45348	666.30402	660.75692	681.29061
S8_157	25	1	653.57921	675.01937	749.67561	689.60060
S8_157	26	0	1145.77452	637.93890	884.20034	646.57675
S8_157	26	1	1349.22967	549.84650	1063.24728	549.49329
S8_157	27	0	499.19028	452.03428	285.72758	490.47988
S8_157	27	1	684.91534	454.01937	421.27661	485.21013
S8_157	28	0	619.53395	919.36960	390.81559	916.52012
S8_157	28	1	826.80386	926.16692	573.23722	928.99255
S8_157	29	0	1278.80553	576.00596	803.66723	581.23547
S8_157	29	1	1429.22548	719.47988	1031.54987	727.91207
S8_157	30	0	650.34451	676.92697	532.90360	691.79136
S8_157	30	1	712.10478	693.34426	639.09472	707.41282
S8_157	31	0	1310.00084	881.65425	1331.82313	902.91207
S8_157	31	1	1422.45683	883.27571	1423.55826	908.58718
S8_157	32	0	1808.34870	620.53204	1852.00335	609.23696
S8_157	32	1	1613.47946	606.10134	1649.04191	598.34426
S8_157	33	0	1528.38391	614.12966	1532.76278	609.45306
S8_157	33	1	1384.40319	589.43815	1395.17267	587.92697
S8_157	34	0	1310.24895	640.14158	1299.00503	643.74963
S8_157	34	1	1158.13579	611.81669	1161.27829	617.62742
S8_157	35	0	1030.48785	547.89866	1025.49874	555.48137
S8_157	35	1	932.11400	536.75112	955.28919	548.59016
S8_157	36	0	868.61274	477.56036	898.14501	492.14158
S8_157	36	1	733.02179	451.61699	786.04610	473.06110
S8_157	37	0	845.99749	578.33085	863.21207	592.19523
S8_157	37	1	699.54317	551.98212	738.48449	570.10283
S8_157	38	0	746.31517	510.20864	776.45013	528.92548
S8_157	38	1	631.94803	490.19672	683.93965	514.12966
S8_157	39	0	550.56580	456.31744	585.62867	486.45455
S8_157	39	1	409.54317	419.63189	481.21961	458.68703
S8_157	40	0	584.96396	559.64382	651.24308	581.54993
S8_157	40	1	483.37133	552.95529	583.64878	576.28018
S8_157	41	0	636.66555	556.80626	716.42330	576.68554
S8_157	41	1	550.16094	529.64680	651.44426	552.97168
S8_157	42	0	1574.00671	821.22355	1526.74099	841.25037
S8_157	42	1	1713.30763	792.77645	1684.70997	810.08793
S8_157	43	0	1226.18860	922.08495	751.67477	935.02086
S8_157	43	1	1471.60268	896.77794	984.44426	915.22206
S8_157	44	0	774.72758	705.57377	672.61442	716.70939
S8_157	44	1	635.10059	654.46796	536.82230	669.68703
S8_157	45	0	1074.36630	603.00745	1044.58089	612.21013
S8_157	45	1	1183.09640	613.48137	1145.16764	618.69598
S8_157	46	0	972.58843	846.15350	661.14334	854.65425
S8_157	46	1	1166.25482	834.47988	851.36044	846.19672
S8_157	47	0	1131.04191	859.96721	922.11400	872.87183
S8_157	47	1	1281.55742	842.23547	1090.57334	857.65425
S8_157	48	0	1103.55574	711.47839	994.04023	721.47839
S8_157	48	1	990.09388	660.60507	867.90444	671.61848
S8_157	49	0	1085.36044	796.39940	889.28751	807.83010
S8_157	49	1	1209.18273	680.99255	998.56161	689.22355
S8_157	50	0	1348.52221	946.83159	810.83319	963.03428
S8_157	50	1	1149.78039	933.54694	709.62615	944.34426
S8_157	51	0	1106.88181	832.70939	907.88935	844.47690
S8_157	51	1	1246.82146	813.26379	1079.27410	828.81669
S8_259	0	0	1334.63118	691.72727	503.04443	707.34873
S8_259	0	1	1388.09556	689.66319	553.33780	708.55589
S8_259	1	0	883.79799	818.33383	508.73931	812.67064
S8_259	1	1	716.41911	767.01937	275.15507	751.18182
S8_259	2	0	344.42498	543.92399	365.60855	533.87034
S8_259	2	1	208.83403	487.37556	269.64878	481.37556
S8_259	3	0	1213.29003	297.16841	1126.79380	305.45156
S8_259	3	1	1114.31266	267.77943	972.00084	276.77794
S8_259	4	0	1043.52640	289.57377	942.42833	297.45156
S8_259	4	1	955.01006	277.41282	810.89355	287.96572
S8_259	5	0	883.82733	346.32936	745.57754	356.40089
S8_259	5	1	771.37133	290.79434	574.78039	303.72429
S8_259	6	0	883.95222	247.96572	617.08718	261.24590
S8_259	6	1	776.72674	209.65872	424.10645	225.85991
S8_259	7	0	1650.91282	461.24888	1700.88013	487.91356
S8_259	7	1	1503.43839	480.45306	1546.95222	506.04620
S8_259	8	0	1413.14166	454.27571	1464.76278	475.06110
S8_259	8	1	1292.83990	488.73174	1344.25985	509.31446
S8_259	9	0	1165.62783	471.39940	1240.49539	487.61550
S8_259	9	1	1090.18776	494.91058	1173.10226	509.91058
S8_259	10	0	1479.28416	439.16841	1389.25314	458.31595
S8_259	10	1	1326.30176	468.50671	1254.06454	487.09687
S8_259	11	0	1750.31769	437.58569	1788.62028	464.61550
S8_259	11	1	1639.87343	462.71833	1694.67225	488.93741
S8_259	12	0	1753.59095	272.33085	1626.69824	274.31744
S8_259	12	1	1556.56161	314.06110	1447.61609	320.46796
S8_259	13	0	1448.72171	382.99404	1708.21961	396.92548
S8_259	13	1	1412.51048	412.78838	1670.19782	429.55738
S8_259	14	0	1543.96815	401.76304	1842.14585	416.64232
S8_259	14	1	1591.44510	378.04918	1895.85918	391.30700
S8_259	15	0	758.07712	562.92697	850.69237	567.81818
S8_259	15	1	671.70411	652.52012	766.88181	652.05961
S8_259	16	0	908.86421	590.66915	767.82733	597.08793
S8_259	16	1	744.88181	604.31744	636.86337	603.57377
S8_259	17	0	958.70997	699.81520	902.50293	710.18182
S8_259	17	1	805.71584	702.08793	735.76278	702.73621
S8_259	18	0	490.30176	634.15499	406.11819	622.30402
S8_259	18	1	221.14166	565.66766	187.21375	548.34426
S8_259	19	0	1652.16513	391.77645	681.23722	405.97914
S8_259	19	1	1289.00084	316.38450	371.92288	326.50671
S8_259	20	0	730.27242	613.36960	772.29003	613.38599
S8_259	20	1	829.24979	533.91803	851.23554	540.61550
S8_259	21	0	505.12825	471.66915	641.69824	472.29061
S8_259	21	1	360.08215	467.61550	524.21291	467.22355
S8_259	22	0	739.43252	482.41133	765.29003	487.07452
S8_259	22	1	855.50964	465.99404	883.37888	472.68405
S8_259	23	0	482.13579	605.22504	508.36882	596.09091
S8_259	23	1	388.79128	647.18033	413.21375	629.53353
S8_259	24	0	1238.72758	689.22206	1027.67058	713.22206
S8_259	24	1	1016.63370	797.05961	755.68650	807.65425
S8_259	25	0	1341.49120	919.23845	848.84074	952.23696
S8_259	25	1	1090.26069	879.33085	683.27242	890.49329
S8_259	26	0	1477.33110	364.33085	1641.31936	376.14009
S8_259	26	1	1568.06035	334.94188	1738.48617	342.69747
S8_259	27	0	1596.31350	649.08793	1170.27829	686.88525
S8_259	27	1	1396.45599	669.23547	1011.59262	698.50671
S8_259	28	0	1325.98743	784.53353	965.32355	814.30402
S8_259	28	1	1143.06538	784.42474	839.38894	802.54844
S8_259	29	0	1058.72171	916.50969	654.02850	923.37258
S8_259	29	1	1631.85834	944.06259	1197.49707	1012.91207
S8_259	30	0	1483.35038	158.58718	1296.46186	152.68256
S8_259	30	1	1663.77033	87.64083	1455.46773	68.50671
S8_259	31	0	1789.19447	439.15648	1746.37385	465.60060
S8_259	31	1	1636.16094	443.27720	1585.13412	467.08793
S8_259	32	0	1384.23470	701.32936	927.65130	728.41729
S8_259	32	1	1569.71668	721.39493	1156.07712	764.70939
S8_259	33	0	1161.69237	847.22206	833.13747	866.92548
S8_259	33	1	1335.93462	768.95380	973.95222	799.20864
S8_259	34	0	1398.82900	683.94039	1005.66303	708.88674
S8_259	34	1	1212.32523	776.72280	855.51048	798.20864
S8_259	35	0	1061.44593	625.30253	862.05951	638.38450
S8_259	35	1	1179.73596	639.69300	1014.21794	659.54694
S8_259	36	0	1460.94635	390.04769	1778.76865	403.45306
S9_159	0	0	1355.83403	718.00596	530.03688	718.34873
S9_159	0	1	1421.41660	723.23696	588.37720	722.77496
S9_159	1	0	185.65549	280.83159	441.96563	351.62891
S9_159	1	1	116.04946	261.37407	386.44174	340.48137
S9_159	2	0	1327.08885	475.53353	828.56496	472.54694
S9_159	2	1	1619.31350	474.61401	1137.30176	452.64083
S9_159	3	0	298.01676	438.97765	554.68231	482.26080
S9_159	3	1	171.88097	418.30402	448.15088	471.57377
S9_159	4	0	1830.27661	755.08793	1508.60436	748.07452
S9_159	4	1	1553.09640	788.11475	1285.17854	793.34426
S9_159	5	0	1141.49707	579.95082	1013.87427	582.68256
S9_159	5	1	1018.70411	606.16990	918.51802	608.01788
S9_159	6	0	406.92288	504.56185	239.75272	543.78987
S9_159	6	1	602.57921	593.42474	471.73931	614.10134
S9_159	7	0	1471.70997	861.66915	1208.16513	865.16990
S9_159	7	1	1189.62783	827.66915	993.73345	831.74963
S9_159	8	0	361.26069	163.68256	492.17519	231.12966
S9_159	8	1	237.42079	157.73770	387.36379	240.04769
S9_159	9	0	365.17267	504.19374	467.18860	540.81818
S9_159	9	1	209.35624	519.76304	325.76278	563.37109
S9_159	10	0	1867.49371	709.11475	1915.17184	691.56036
S9_159	10	1	1692.47276	676.28018	1683.82230	662.77943
S9_159	11	0	1689.18525	754.08495	1811.16513	752.01937
S9_159	11	1	1621.99329	739.89717	1711.98659	733.16990
S9_159	12	0	579.22548	624.43815	582.54568	642.39940
S9_159	12	1	723.72339	592.74814	735.04023	611.64083
S9_159	13	0	1614.21626	835.35022	1202.20788	835.30402
S9_159	13	1	1813.78039	865.93145	1365.34283	865.07452
S9_159	14	0	825.42330	528.44113	917.65717	542.42623
S9_159	14	1	751.99497	523.77943	862.53562	538.57526
S9_159	15	0	696.93713	479.13711	843.65884	498.83010
S9_159	15	1	636.58508	467.17884	789.54317	493.35768
S9_159	16	0	590.98324	403.18182	757.15507	433.77645
S9_159	16	1	534.85583	394.26379	711.89103	426.47988
S9_159	17	0	991.33780	525.16542	1275.54484	525.04173
S9_159	18	0	1224.59849	648.80477	1100.83487	652.34575
S9_159	18	1	1366.04191	672.43964	1250.00671	668.83010
S9_159	19	0	1649.83319	712.76304	1533.98156	700.15499
S9_159	19	1	1491.50880	729.85842	1397.02012	727.33085
S9_159	20	0	1555.63034	284.38301	1561.21961	232.92548
S9_159	20	1	1650.97737	235.37109	1649.33361	166.85097
S9_159	21	0	1365.11065	827.80477	1201.65130	829.45306
S9_159	21	1	942.09472	819.62891	770.11819	825.15797
S9_159	22	0	1286.35457	1029.12668	659.57921	1035.40984
S9_159	22	1	625.68064	880.26379	186.48533	935.27869
S9_159	23	0	1413.80553	733.12668	1094.94635	730.84501
S9_159	23	1	1215.06538	711.23547	917.76278	717.78987
S9_159	24	0	1661.26655	820.99255	1542.46773	826.73621
S9_159	24	1	1773.52137	819.97914	1640.03688	824.50671
S9_159	25	0	1036.94049	813.26379	724.38726	821.14307
S9_159	25	1	1225.43252	811.57377	883.81140	818.24888
S9_159	26	0	1180.88181	830.77794	933.63956	833.15797
S9_159	26	1	1302.18944	823.07601	996.60687	830.72578
S9_159	27	0	949.17854	847.68256	705.64962	850.83010
S9_159	27	1	1063.05784	795.99404	846.87427	800.16841
S9_159	28	0	1231.34283	860.76304	833.65549	864.29061
S9_159	28	1	1410.01844	859.46647	997.31769	869.43815
S9_161	0	0	1328.54879	732.08955	525.37251	679.50746
S9_161	0	1	1381.68625	734.62687	584.55404	682.04478
S9_161	1	0	82.55824	842.14925	510.46065	838.20896
S9_161	2	0	1610.05456	675.34328	1004.38720	614.80597
S9_161	2	1	1913.20042	583.91045	1351.08709	499.02985
S9_161	3	0	1289.36306	847.89552	1050.65058	823.67164
S9_161	3	1	1722.89717	809.00000	1350.22665	766.28358
S9_161	4	0	1850.24134	937.44776	1607.70094	912.82090
S9_161	4	1	1430.36726	914.92537	1210.49213	897.14925
S9_161	5	0	6.29591	340.38806	157.23295	402.08955
S9_161	5	1	235.78174	411.22388	321.68206	449.28358
S9_161	6	0	55.58972	421.55224	132.39979	464.22388
S9_161	6	1	204.67681	481.68657	207.44701	510.91045
S9_161	7	0	713.07135	341.02985	439.21826	345.20896
S9_161	7	1	1037.32739	296.44776	718.64743	273.73134
S9_161	8	0	745.45016	1017.32836	608.17209	989.05970
S9_161	8	1	1002.95278	995.50746	821.85519	972.05970
S9_161	9	0	754.71249	716.10448	721.30640	706.71642
S9_161	9	1	845.87723	632.11940	864.85310	623.49254
S9_161	10	0	236.29276	955.50746	146.31689	920.64179
S9_161	10	1	82.67261	982.14925	37.27177	941.19403
S9_161	11	0	1462.25498	714.89552	1168.45331	674.82090
S9_161	11	1	1731.31689	696.07463	1361.20881	646.86567
S9_161	12	0	248.94648	932.98507	293.93704	905.97015
S9_161	12	1	402.06296	951.76119	436.72823	927.79104
S9_161	13	0	1224.32949	1017.92537	825.87513	987.91045
S9_161	13	1	955.97587	979.10448	542.41133	939.95522
S9_161	14	0	416.64218	705.37313	489.10913	706.95522
S9_161	14	1	333.53620	682.53731	402.22560	684.62687
S9_161	15	0	494.32424	756.00000	722.01364	758.38806
S9_161	15	1	408.44806	733.41791	634.87828	742.91045
S9_161	16	0	123.58762	550.79104	146.49213	573.04478
S9_161	16	1	345.16789	564.95522	372.60546	579.34328
S9_161	17	0	1538.94648	854.17910	1579.32109	839.88060
S9_161	17	1	1730.59391	847.83582	1828.87513	833.68657
S9_161	18	0	1244.53620	325.79104	898.49948	287.02985
S9_161	18	1	1365.34103	173.38806	1038.19203	115.85075
S9_161	19	0	1315.01049	193.94030	1129.29171	142.49254
S9_161	19	1	1383.76180	98.28358	1225.49318	34.65672
S9_161	20	0	1483.72193	276.76119	1245.47009	209.40299
S9_161	20	1	1533.58552	196.07463	1338.90136	120.85075
S9_161	21	0	1444.52676	629.17910	1426.70724	596.76119
S9_161	21	1	1498.41973	580.46269	1515.35362	546.01493
S9_161	22	0	1337.32844	624.20896	1283.95383	595.77612
S9_161	22	1	1372.08185	555.44776	1348.67576	523.20896
S9_161	23	0	1034.97482	812.38806	815.71563	790.83582
S9_161	23	1	906.03463	785.49254	668.89507	770.79104
S9_161	24	0	694.80273	825.76119	552.61910	805.59701
S9_161	24	1	756.25079	781.10448	653.35362	766.52239
S9_161	25	0	950.65373	566.70149	716.31060	547.38806
S9_161	25	1	1098.22980	534.22388	885.29276	508.82090
S9_161	26	0	1020.96642	680.13433	892.79014	658.40299
S9_161	26	1	1142.09969	598.17910	1013.92340	575.94030
S9_161	27	0	1394.01259	722.16418	1233.81217	691.40299
S9_161	27	1	1544.35887	725.46269	1409.59391	690.38806
S9_161	28	0	1398.97587	963.73134	1056.32109	935.11940
S9_161	28	1	1633.53200	1051.32836	1224.39244	1026.26866
S9_161	29	0	1215.84155	899.04478	959.04197	873.35821
S9_161	29	1	1381.29801	898.79104	1127.77230	874.37313
S9_161	30	0	1265.39664	221.08955	1135.59706	171.82090
S9_161	30	1	1367.64218	269.55224	1258.74502	211.65672
S9_161	31	0	1146.39559	534.49254	1374.45435	518.88060
S9_161	31	1	1072.10388	531.19403	1295.88143	518.88060
S9_161	32	0	1548.74502	476.89552	1719.50262	427.14925
S9_161	32	1	1490.57083	454.31343	1680.21616	402.28358
S9_161	33	0	835.95173	991.49254	669.32634	963.89552
S9_161	33	1	1174.84785	1000.64179	938.87198	978.22388
S9_161	34	0	1302.93284	1051.83582	1023.79328	1031.79104
S9_161	34	1	1587.63064	952.40299	1269.96013	929.31343
S9_161	35	0	1652.08395	881.08955	1680.20147	868.10448
S9_161	35	1	1867.86988	839.13433	1899.85310	818.79104
S9_161	36	0	1396.64848	407.29851	1302.80273	356.76119
S9_161	36	1	1610.98951	297.67164	1504.04827	213.13433
S9_161	37	0	315.84260	487.50746	565.72508	516.76119
S9_161	37	1	181.94439	372.98507	426.81952	423.13433
S9_161	38	0	942.80797	1015.17910	690.23820	985.86567
S9_161	38	1	1663.73767	971.65672	1531.92550	960.26866
S9_161	39	0	1177.73872	925.47761	994.93494	906.10448
S9_161	39	1	1412.77440	896.00000	1169.27807	871.80597
S9_161	40	0	827.51941	872.40299	902.98636	862.20896
S9_161	40	1	971.80378	860.83582	1039.21196	850.89552
S9_161	41	0	199.53830	890.35821	333.15215	871.88060
S9_161	41	1	381.11228	909.38806	483.75026	890.40299
S9_161	42	0	236.82791	843.17910	501.42183	836.35821
S9_161	42	1	191.24554	834.04478	461.12802	829.00000
S9_165	0	0	1310.02934	722.52757	523.30260	723.17735
S9_165	0	1	1370.38139	726.95380	578.42414	728.40835
S9_165	1	0	831.66303	620.83159	1144.28416	655.85842
S9_165	2	0	1673.11819	536.79136	1817.60268	546.91505
S9_165	2	1	1563.07628	577.32787	1688.44929	596.57228
S9_165	3	0	1588.02179	519.36066	1716.47779	531.18480
S9_165	3	1	1495.51635	565.89866	1615.48868	584.28763
S9_165	4	0	1515.23135	521.30849	1664.77619	535.03577
S9_165	4	1	1446.02766	573.60060	1587.72674	593.40835
S9_165	5	0	1450.76278	531.56185	1000.01676	521.80626
S9_165	5	1	1383.97318	559.73472	941.87762	543.08793
S9_165	6	0	1438.53227	506.45306	1540.29589	518.50671
S9_165	6	1	1354.68064	548.99255	1456.60771	567.96125
S9_165	7	0	1333.75859	498.92996	1415.21794	514.69449
S9_165	7	1	1248.05868	532.98063	1328.31098	553.20417
S9_165	8	0	1192.00503	464.88525	1284.22548	483.41282
S9_165	8	1	1106.10394	500.55738	1196.91618	523.13860
S9_165	9	0	919.51299	396.33085	992.37217	423.69598
S9_165	9	1	830.39313	424.09836	908.48282	454.90909
S9_165	10	0	850.91282	392.68256	916.32858	423.08793
S9_165	10	1	751.62615	433.80477	824.97904	464.38450
S9_165	11	0	826.46270	454.47839	900.82146	484.45007
S9_165	11	1	729.69824	470.28763	811.09807	502.69151
S9_165	12	0	1710.42749	589.80775	1876.14417	610.75112
S9_165	12	1	1614.06538	634.39791	1765.90109	666.08346
S9_165	13	0	1629.95809	612.91356	1755.84241	639.32936
S9_165	13	1	1522.33026	649.39642	1641.25482	681.62891
S9_165	14	0	1566.32355	584.79285	1715.57754	606.12966
S9_165	14	1	1480.42246	623.70790	1619.41660	651.12519
S9_165	15	0	1519.04778	575.67213	1624.64711	594.77943
S9_165	15	1	1419.26572	615.19523	1516.33277	642.16841
S9_165	16	0	1303.90780	550.06259	1398.39564	569.64382
S9_165	16	1	1229.27242	583.50522	1326.17435	609.57228
S9_165	17	0	1247.09891	611.07452	1296.08634	636.18182
S9_165	17	1	1146.71333	639.85544	1206.65884	665.60060
S9_165	18	0	1135.82146	622.21461	1208.30763	649.88525
S9_165	18	1	1050.72506	642.07750	1126.43001	670.96423
S9_165	19	0	1040.11065	523.06408	1093.92707	546.84650
S9_165	19	1	934.49455	558.73621	999.77787	582.72131
S9_165	20	0	946.25147	469.03875	1009.15759	495.99553
S9_165	20	1	853.10813	502.68405	928.68818	531.87034
S9_165	21	0	938.00335	456.26975	1018.81391	482.01043
S9_165	21	1	854.91869	483.63189	944.98324	510.79136
S9_165	22	0	375.62028	151.92846	497.31350	227.96721
S9_165	22	1	275.63705	172.80477	426.90277	254.31595
S9_165	23	0	386.98240	251.96572	494.56161	315.49478
S9_165	23	1	263.05951	255.81669	391.56077	324.61550
S9_165	24	0	707.50545	405.47839	846.26655	442.92846
S9_165	24	1	634.27829	428.38152	780.28164	465.62891
S9_165	25	0	705.07544	419.50969	764.84074	452.91207
S9_165	25	1	620.38139	459.43815	699.05700	490.61103
S9_165	26	0	708.93294	484.34724	776.76111	516.40089
S9_165	26	1	605.52976	506.84501	688.24476	538.29061
S9_165	27	0	738.30427	520.62742	814.17938	551.26230
S9_165	27	1	632.88935	535.42325	725.26069	565.24739
S9_165	28	0	837.32355	493.59314	903.13831	523.68852
S9_165	28	1	747.60017	505.75410	824.27829	536.05216
S9_165	29	0	188.41911	274.00745	232.43085	327.35917
S9_165	29	1	72.34199	296.70790	130.83822	353.09985
S9_165	30	0	933.23722	644.12817	996.72003	671.50671
S9_165	30	1	829.69824	616.84501	892.71333	642.92846
S9_165	31	0	1391.10897	626.56185	1459.95054	653.80626
S9_165	31	1	1294.94803	646.01937	1371.83655	675.29061
S9_165	32	0	642.71417	386.63040	723.53646	424.67064
S9_165	32	1	536.09220	421.08644	633.20956	461.96423
S9_165	33	0	617.36630	427.97765	687.52640	465.20715
S9_165	33	1	512.95725	469.12221	606.25231	505.74367
S9_165	34	0	1069.21961	346.62891	1198.26069	364.50820
S9_165	34	1	1042.27829	416.54694	1168.47360	441.10134
S9_165	35	0	1002.25314	275.75261	1084.98743	299.63338
S9_165	35	1	925.60604	335.34128	1005.32272	356.99255
S9_165	36	0	963.62783	244.33681	1003.94300	270.18480
S9_165	36	1	874.70914	279.19821	908.18441	309.50522
S9_165	37	0	1158.87427	184.18331	1182.55574	193.92697
S9_165	37	1	1062.31098	225.93592	1088.60771	243.58420
S9_165	38	0	828.53646	157.29359	899.56161	193.73770
S9_165	38	1	747.26236	200.26230	819.49455	241.36811
S9_165	39	0	901.16010	155.06408	957.70075	183.19821
S9_165	39	1	827.73177	195.60060	880.24895	230.42325
S9_165	40	0	1308.56161	356.02086	1369.98156	361.99255
S9_165	40	1	1237.68650	435.11475	1305.90109	451.54396
S9_165	41	0	1173.56161	271.77794	1222.41324	280.65723
S9_165	41	1	1099.52976	326.09687	1142.14501	342.27273
S9_165	42	0	862.68818	898.60060	883.61023	919.08793
S9_165	42	1	732.19195	946.15350	783.42582	959.82712
S9_165	43	0	887.53060	939.93741	789.61442	957.00745
S9_165	43	1	672.27242	903.72280	604.27242	911.99106
S9_165	44	0	376.50712	909.70790	600.24895	912.45156
S9_165	44	1	299.25650	865.52310	535.26991	867.86140
S9_165	45	0	844.30176	1005.52012	648.79380	1005.43964
S9_165	45	1	1037.53982	944.20864	787.84074	954.72429
S9_165	46	0	905.69824	804.10134	1180.27494	843.96423
S9_165	46	1	832.47108	814.43815	1109.86421	850.24739
S9_165	47	0	1243.53982	852.31744	1495.18860	909.00596
S9_165	47	1	1320.99162	825.96870	1578.27326	882.85991
S9_165	48	0	625.83319	647.39940	614.37804	669.23547
S9_165	48	1	540.05951	538.61550	549.28248	573.45306
S9_165	49	0	1092.03018	695.54694	1028.06538	719.11326
S9_165	49	1	1186.58173	641.43070	1124.62867	666.41580
S9_165	50	0	1374.21961	898.16841	1234.25063	941.16841
S9_165	50	1	1506.67477	876.41282	1423.79212	925.65425
S9_165	51	0	1502.73931	987.72280	1367.38558	1046.55738
S9_165	51	1	1674.97737	942.95231	1546.99916	1003.11475
S9_165	52	0	1593.79212	941.77645	1456.04023	994.54694
S9_165	52	1	1325.78374	945.12817	1199.40738	982.16692
S9_165	53	0	1488.00671	701.61550	1354.23303	727.85991
S9_165	53	1	1796.88181	778.47988	1709.65130	827.22355
S9_165	54	0	879.01844	569.74963	582.14920	587.14158
S9_165	54	1	1019.74518	572.52012	765.25650	587.88525
S9_165	55	0	1383.66303	407.20864	1013.70997	407.50671
S9_165	55	1	1313.88768	596.45156	1017.53227	609.95231
S9_165	56	0	1094.16429	615.40984	829.97737	630.64382
S9_165	56	1	1244.08298	652.31744	1000.36630	669.21013
S9_165	57	0	1276.93210	709.81669	1341.03018	741.64232
S9_165	57	1	1346.13579	697.45306	1432.16178	732.11624
S9_165	58	0	1315.31517	899.52012	1045.60436	923.80477
S9_165	58	1	1534.73931	930.50671	1255.11232	973.76155
S9_165	59	0	830.76278	801.50671	577.61358	804.84650
S9_165	59	1	967.17100	800.29061	743.17938	814.98063
S9_165	60	0	1246.08885	594.72280	801.66890	603.30402
S9_165	60	1	1020.99497	597.06110	640.56329	604.96572
S9_165	61	0	1142.53395	679.23547	884.07125	696.53055
S9_165	61	1	1309.86421	618.53353	1003.36714	633.29359
S9_165	62	0	1399.56748	657.07452	1259.12406	677.88525
S9_165	62	1	1253.02431	644.78987	1123.56161	664.31744
S9_165	63	0	1585.31350	382.07452	1126.71584	366.04769
S9_165	63	1	1425.54987	487.29210	1053.17100	485.38599
S9_165	64	0	1241.57502	802.04620	883.99497	820.37258
S9_165	64	1	1461.78039	708.03428	1059.55742	724.60060
S9_165	65	0	1288.86588	852.54844	1001.33277	878.84501
S9_165	65	1	1477.24141	879.46647	1158.90528	910.14307
S9_165	66	0	882.66890	897.95231	626.30930	904.57377
S9_165	66	1	957.70662	856.80775	758.48030	872.75261
S9_165	67	0	1219.52557	887.81818	981.70159	915.43964
S9_165	67	1	1406.61693	909.09985	1171.19614	947.11326
S9_166	0	0	1282.70075	702.49180	505.37301	706.02981
S9_166	0	1	1338.82230	705.83458	560.17770	709.18927
S9_166	1	0	959.67393	651.43666	1299.36127	656.89866
S9_166	2	0	1208.70997	753.23547	1052.84493	761.61401
S9_166	2	1	944.07544	660.92697	840.37385	669.99255
S9_166	3	0	326.00671	722.03428	498.59681	729.53353
S9_166	3	1	215.51635	683.69449	384.53143	700.14456
S9_166	4	0	396.16597	652.68703	649.17770	668.84650
S9_166	4	1	347.88433	658.72280	607.73596	671.66319
S9_166	5	0	300.72171	537.12817	63.36966	574.98063
S9_166	5	1	484.46018	530.48137	316.73931	559.78987
S9_166	6	0	552.88768	403.88525	369.62196	442.99255
S9_166	6	1	713.51467	424.37258	594.40738	451.11475
S9_166	7	0	530.78793	617.39791	524.11819	636.12817
S9_166	7	1	691.55574	669.65425	682.57502	682.65425
S9_166	8	0	133.57921	415.26080	30.17603	470.77645
S9_166	8	1	378.77452	357.80328	276.54820	411.04769
S9_166	9	0	589.09472	533.80328	520.68231	556.19374
S9_166	9	1	679.01928	537.85693	659.49204	559.03130
S9_166	10	0	298.77619	253.80328	166.43252	324.88525
S9_166	10	1	521.70243	263.70939	425.68650	316.15350
S9_166	11	0	82.07879	421.10134	23.13495	478.15499
S9_166	11	1	417.73345	454.79136	311.94635	495.87183
S9_166	12	0	1335.63034	700.60060	1403.65549	705.08793
S9_166	12	1	1206.67812	661.48286	1254.09640	666.03279
S9_166	13	0	347.14920	605.31595	421.92121	625.96572
S9_166	13	1	189.98743	584.00596	249.10059	610.45455
S9_166	14	0	226.41324	576.10134	420.25314	605.29061
S9_166	14	1	97.46102	550.96870	297.73847	584.61699
S9_166	15	0	663.88349	536.64083	648.53814	556.65574
S9_166	15	1	796.05448	523.66915	796.66136	539.58867
S9_166	16	0	1244.62028	492.03279	1275.96982	484.30402
S9_166	16	1	1098.27829	490.16990	1131.93462	490.31744
S9_166	17	0	656.24308	759.30402	664.25482	767.84501
S9_166	17	1	394.31936	717.33234	420.76278	728.74963
S9_166	18	0	852.85247	775.04620	791.73345	782.57377
S9_166	18	1	670.33697	790.03279	629.91702	793.26379
S9_166	19	0	1016.76865	563.50671	833.55574	571.96423
S9_166	19	1	803.37804	507.91207	675.94300	527.92846
S9_166	20	0	881.29422	802.04769	798.30176	806.00447
S9_166	20	1	696.70830	760.49329	615.95809	762.26528
S9_166	21	0	863.94635	814.47988	853.03604	822.12817
S9_166	21	1	709.08885	788.91207	697.10813	792.87034
S9_166	22	0	1435.79799	758.03130	1575.69237	769.04620
S9_166	22	1	1513.24979	749.51863	1643.89019	760.12817
S9_166	23	0	1675.67477	828.56036	1767.37972	853.77645
S9_166	23	1	1758.75943	826.53353	1843.42330	853.16841
S9_166	24	0	519.18441	781.97765	564.35457	784.97914
S9_166	24	1	389.72171	725.14158	464.04191	735.42772
S9_166	25	0	1092.10645	836.96572	877.91702	845.49329
S9_166	25	1	937.68064	826.12817	691.92875	831.89866
S9_166	26	0	1212.23722	797.25037	838.77033	803.77645
S9_166	26	1	1395.10059	738.81818	1059.55574	744.19523
S9_166	27	0	977.03437	657.46498	874.54401	665.05961
S9_166	27	1	831.47360	655.37109	729.28416	666.16841
S9_166	28	0	810.07544	242.65574	1002.10059	256.22355
S9_166	28	1	699.02766	187.72876	906.14082	215.07899
S9_166	29	0	465.54401	642.73621	653.29003	659.70939
S9_166	29	1	332.01425	614.53502	532.03604	636.83159
S9_166	30	0	471.07125	627.72578	725.35289	645.53502
S9_166	30	1	391.20536	607.86289	645.08466	628.71237
S9_166	31	0	1126.84241	541.49329	1235.67645	541.40089
S9_166	31	1	1213.34702	568.24739	1341.69489	564.70939
S9_166	32	0	1697.90444	1062.29508	352.45599	1063.90462
S9_166	32	1	1012.30511	976.98957	80.46940	970.55142
S9_166	33	0	885.34870	879.69598	818.04191	882.69598
S9_166	33	1	962.80050	820.91803	929.89438	829.39046
S9_166	34	0	938.78206	721.16841	835.00084	726.93741
S9_166	34	1	1158.95809	680.58718	1069.61609	686.62742
S9_166	35	0	1272.89941	785.39940	1373.72758	798.33085
S9_166	35	1	1392.94635	823.29061	1520.92288	842.04769
S9_166	36	0	443.55574	473.22355	636.74686	502.02086
S9_166	36	1	211.51299	443.03577	449.29589	486.22355
S9_166	37	0	107.01257	520.73621	369.89941	559.73770
S9_166	37	1	332.86840	519.05812	548.36630	550.41133
S9_166	38	0	1411.36630	564.27720	1587.69824	551.89866
S9_166	38	1	1176.45599	525.22206	1334.43839	521.88525
S9_166	39	0	1259.53646	342.30402	1455.76278	317.89866
S9_166	39	1	1108.21207	336.27720	1297.96396	325.30402
S9_166	40	0	302.11232	692.66915	450.59681	708.61401
S9_166	40	1	137.73931	648.14158	299.11232	669.96423
S9_166	41	0	652.56161	376.68256	621.54401	405.03279
S9_166	41	1	585.27829	280.60209	531.10059	321.80477
S9_166	42	0	839.47946	242.88525	773.82900	265.45156
S9_166	42	1	959.58005	282.81371	890.71081	292.81371
S9_166	43	0	1199.63789	560.37109	1098.80386	561.07452
S9_166	43	1	1069.07628	546.18331	976.28919	551.14307
S9_166	44	0	900.24308	586.17139	669.45180	595.18480
S9_166	44	1	956.68064	722.14158	755.12406	729.34575
